$date
	Mon Aug 18 16:39:55 BRT 2025
$end
$version
        1.0
$end
$timescale
        1ps
$end
$scope module test $end
$var wire 1 t PRI_TRG $end
$var wire 1 s SEC_TRG $end
$var wire 1 r TRG $end
$var wire 1 y SYNC $end
$var wire 1 c COIL $end
$var wire 1 i INJ $end
$upscope $end
$enddefinitions $end
$dumpvars
#4300909972
0t
0s
0r
0y
0c
0i
#4300917539
1t
0s
0r
0y
0c
0i
#4300931072
0t
0s
0r
0y
0c
0i
#4300937315
1t
0s
0r
0y
0c
0i
#4300945555
0t
0s
0r
0y
0c
0i
#4300950352
1t
0s
0r
0y
0c
0i
#4300957155
0t
0s
0r
0y
0c
0i
#4300961163
1t
0s
0r
0y
0c
0i
#4300967292
0t
0s
0r
0y
0c
0i
#4300970831
1t
0s
0r
0y
0c
0i
#4300976419
0t
0s
0r
0y
0c
0i
#4300979684
1t
0s
0r
0y
0c
0i
#4300984916
0t
0s
0r
0y
0c
0i
#4300988002
1t
0s
0r
0y
0c
0i
#4300992961
0t
0s
0r
0y
0c
0i
#4300995875
1t
0s
0r
0y
0c
0i
#4301000603
0t
0s
0r
0y
0c
0i
#4301003367
1t
0s
0r
0y
0c
0i
#4301007814
0t
0s
0r
0y
0c
0i
#4301010452
1t
0s
0r
0y
0c
0i
#4301014721
0t
0s
0r
0y
0c
0i
#4301017204
1t
0s
0r
0y
0c
0i
#4301021191
0t
0s
0r
0y
0c
0i
#4301023561
1t
0s
0r
0y
0c
0i
#4301027389
0t
0s
0r
0y
0c
0i
#4301029634
1t
0s
0r
0y
0c
0i
#4301033293
0t
0s
0r
0y
0c
0i
#4301035442
1t
0s
0r
0y
0c
0i
#4301038952
0t
0s
0r
0y
0c
0i
#4301041028
1t
0s
0r
0y
0c
0i
#4301044428
0t
0s
0r
0y
0c
0i
#4301046442
1t
0s
0r
0y
0c
0i
#4301049789
0t
0s
0r
0y
0c
0i
#4301051757
1t
0s
0r
0y
0c
0i
#4301055015
0t
0s
0r
0y
0c
0i
#4301056957
1t
0s
0r
0y
0c
0i
#4301060172
0t
0s
0r
0y
0c
0i
#4301062080
1t
0s
0r
0y
0c
0i
#4301065282
0t
0s
0r
0y
0c
0i
#4301067155
1t
0s
0r
0y
0c
0i
#4301070288
0t
0s
0r
0y
0c
0i
#4301072165
1t
0s
0r
0y
0c
0i
#4301075307
0t
0s
0r
0y
0c
0i
#4301077169
1t
0s
0r
0y
0c
0i
#4301080300
0t
0s
0r
0y
0c
0i
#4301082146
1t
0s
0r
0y
0c
0i
#4301085256
0t
0s
0r
0y
0c
0i
#4301087106
1t
0s
0r
0y
0c
0i
#4301090216
0t
0s
0r
0y
0c
0i
#4301092065
1t
0s
0r
0y
0c
0i
#4301095177
0t
0s
0r
0y
0c
0i
#4301097014
1t
0s
0r
0y
0c
0i
#4301100129
0t
0s
0r
0y
0c
0i
#4301101988
1t
0s
0r
0y
0c
0i
#4301105123
0t
0s
0r
0y
0c
0i
#4301106995
1t
0s
0r
0y
0c
0i
#4301110168
0t
0s
0r
0y
0c
0i
#4301112041
1t
0s
0r
0y
0c
0i
#4301115229
0t
0s
0r
0y
0c
0i
#4301117132
1t
0s
0r
0y
0c
0i
#4301120366
0t
0s
0r
0y
0c
0i
#4301122304
1t
0s
0r
0y
0c
0i
#4301125633
0t
0s
0r
0y
0c
0i
#4301127620
1t
0s
0r
0y
0c
0i
#4301131010
0t
0s
0r
0y
0c
0i
#4301133073
1t
0s
0r
0y
0c
0i
#4301136629
0t
0s
0r
0y
0c
0i
#4301138754
1t
0s
0r
0y
0c
0i
#4301142484
0t
0s
0r
0y
0c
0i
#4301144731
1t
0s
0r
0y
0c
0i
#4301148652
0t
0s
0r
0y
0c
0i
#4301151057
1t
0s
0r
0y
0c
0i
#4301155336
0t
0s
0r
0y
0c
0i
#4301157897
1t
0s
0r
0y
0c
0i
#4301162484
0t
0s
0r
0y
0c
0i
#4301165268
1t
0s
0r
0y
0c
0i
#4301170084
0t
0s
0r
0y
0c
0i
#4301172993
1t
0s
0r
0y
0c
0i
#4301177834
0t
0s
0r
0y
0c
0i
#4301180679
1t
0s
0r
0y
0c
0i
#4301185267
0t
0s
0r
0y
0c
0i
#4301187883
1t
0s
0r
0y
0c
0i
#4301191945
0t
0s
0r
0y
0c
0i
#4301194280
1t
0s
0r
0y
0c
0i
#4301197846
0t
0s
0r
0y
0c
0i
#4301199904
1t
0s
0r
0y
0c
0i
#4301203116
0t
0s
0r
0y
0c
0i
#4301204968
1t
0s
0r
0y
0c
0i
#4301207886
0t
0s
0r
0y
0c
0i
#4301209596
1t
0s
0r
0y
0c
0i
#4301212317
0t
0s
0r
0y
0c
0i
#4301213906
1t
0s
0r
0y
0c
0i
#4301216483
0t
0s
0r
0y
0c
0i
#4301217986
1t
0s
0r
0y
0c
0i
#4301220444
0t
0s
0r
0y
0c
0i
#4301221908
1t
0s
0r
0y
0c
0i
#4301224317
0t
0s
0r
0y
0c
0i
#4301225748
1t
0s
0r
0y
0c
0i
#4301228129
0t
0s
0r
0y
0c
0i
#4301229535
1t
0s
0r
0y
0c
0i
#4301231871
0t
0s
0r
0y
0c
0i
#4301233273
1t
0s
0r
0y
0c
0i
#4301235604
0t
0s
0r
0y
0c
0i
#4301236996
1t
0s
0r
0y
0c
0i
#4301239331
0t
0s
0r
0y
0c
0i
#4301240720
1t
0s
0r
0y
0c
0i
#4301246731
0t
0s
0r
0y
0c
0i
#4301250613
1t
0s
0r
0y
0c
0i
#4301254468
0t
0s
0r
1y
0c
0i
#4301255841
1t
0s
0r
1y
0c
0i
#4301258284
0t
0s
0r
1y
0c
0i
#4301259756
1t
0s
0r
1y
0c
0i
#4301262197
0t
0s
0r
1y
0c
0i
#4301263619
1t
0s
0r
1y
0c
0i
#4301265973
0t
0s
0r
1y
0c
0i
#4301267394
1t
0s
0r
1y
0c
0i
#4301269802
0t
0s
0r
1y
0c
0i
#4301271257
1t
0s
0r
1y
0c
0i
#4301273767
0t
0s
0r
1y
0c
0i
#4301275242
1t
0s
0r
1y
0c
0i
#4301277713
0t
0s
0r
1y
0c
0i
#4301279198
1t
0s
0r
1y
0c
0i
#4301281701
0t
0s
0r
1y
0c
0i
#4301283221
1t
0s
0r
1y
0c
0i
#4301285855
0t
0s
0r
1y
0c
0i
#4301287431
1t
0s
0r
1y
0c
0i
#4301290103
0t
0s
0r
1y
0c
0i
#4301291713
1t
0s
0r
1y
0c
0i
#4301294470
0t
0s
0r
1y
0c
0i
#4301296143
1t
0s
0r
1y
0c
0i
#4301299040
0t
0s
0r
1y
0c
0i
#4301300762
1t
0s
0r
1y
0c
0i
#4301303715
0t
0s
0r
1y
0c
0i
#4301305470
1t
0s
0r
1y
0c
0i
#4301308456
0t
0s
0r
1y
0c
0i
#4301310233
1t
0s
0r
1y
0c
0i
#4301310566
1t
0s
1r
1y
0c
0i
#4301310569
1t
0s
0r
1y
0c
0i
#4301313192
0t
0s
0r
1y
0c
0i
#4301314916
1t
0s
0r
1y
0c
0i
#4301317727
0t
0s
0r
1y
0c
0i
#4301319371
1t
0s
0r
1y
0c
0i
#4301322013
0t
0s
0r
1y
0c
0i
#4301323550
1t
0s
0r
1y
0c
0i
#4301326026
0t
0s
0r
1y
0c
0i
#4301327465
1t
0s
0r
1y
0c
0i
#4301329799
0t
0s
0r
1y
0c
0i
#4301331179
1t
0s
0r
1y
0c
0i
#4301333434
0t
0s
0r
1y
0c
0i
#4301334763
1t
0s
0r
1y
0c
0i
#4301336965
0t
0s
0r
1y
0c
0i
#4301338256
1t
0s
0r
1y
0c
0i
#4301340398
0t
0s
0r
1y
0c
0i
#4301341669
1t
0s
0r
1y
0c
0i
#4301343778
0t
0s
0r
1y
0c
0i
#4301345028
1t
0s
0r
1y
0c
0i
#4301347128
0t
0s
0r
1y
0c
0i
#4301348361
1t
0s
0r
1y
0c
0i
#4301350434
0t
0s
0r
1y
0c
0i
#4301351670
1t
0s
0r
1y
0c
0i
#4301353751
0t
0s
0r
1y
0c
0i
#4301354984
1t
0s
0r
1y
0c
0i
#4301357081
0t
0s
0r
1y
0c
1i
#4301358316
1t
0s
0r
1y
0c
1i
#4301360414
0t
0s
0r
1y
0c
1i
#4301361665
1t
0s
0r
1y
0c
1i
#4301363786
0t
0s
0r
1y
0c
1i
#4301365049
1t
0s
0r
1y
0c
1i
#4301367207
0t
0s
0r
1y
0c
1i
#4301368481
1t
0s
0r
1y
0c
1i
#4301370655
0t
0s
0r
1y
0c
1i
#4301371957
1t
0s
0r
1y
0c
1i
#4301374177
0t
0s
0r
1y
0c
1i
#4301375501
1t
0s
0r
1y
0c
1i
#4301377775
0t
0s
0r
1y
0c
1i
#4301379119
1t
0s
0r
1y
0c
1i
#4301381364
0t
0s
0r
1y
0c
0i
#4301382674
1t
0s
0r
1y
0c
0i
#4301384850
0t
0s
0r
1y
0c
0i
#4301386156
1t
0s
0r
1y
0c
0i
#4301388400
0t
0s
0r
1y
0c
0i
#4301389739
1t
0s
0r
1y
0c
0i
#4301392061
0t
0s
0r
1y
0c
0i
#4301393462
1t
0s
0r
1y
0c
1i
#4301395822
0t
0s
0r
1y
0c
1i
#4301397202
1t
0s
0r
1y
0c
1i
#4301399552
0t
0s
0r
1y
0c
1i
#4301400969
1t
0s
0r
1y
0c
1i
#4301403412
0t
0s
0r
1y
0c
1i
#4301404900
1t
0s
0r
1y
0c
1i
#4301407469
0t
0s
0r
1y
0c
1i
#4301408980
1t
0s
0r
1y
0c
1i
#4301411579
0t
0s
0r
1y
1c
1i
#4301413120
1t
0s
0r
1y
1c
1i
#4301415778
0t
0s
0r
1y
1c
1i
#4301417380
1t
0s
0r
1y
1c
1i
#4301420091
0t
0s
0r
1y
1c
0i
#4301421690
1t
0s
0r
1y
1c
0i
#4301424357
0t
0s
0r
1y
1c
0i
#4301425907
1t
0s
0r
1y
1c
0i
#4301428368
0t
0s
0r
1y
1c
0i
#4301429773
1t
0s
0r
1y
1c
0i
#4301431880
0t
0s
0r
1y
1c
0i
#4301433074
1t
0s
0r
1y
1c
0i
#4301434879
0t
0s
0r
1y
1c
0i
#4301435911
1t
0s
0r
1y
1c
0i
#4301437508
0t
0s
0r
1y
1c
0i
#4301438439
1t
0s
0r
1y
1c
0i
#4301439912
0t
0s
0r
1y
1c
0i
#4301440775
1t
0s
0r
1y
1c
0i
#4301442167
0t
0s
0r
1y
1c
0i
#4301442981
1t
0s
0r
1y
1c
0i
#4301444298
0t
0s
0r
1y
1c
0i
#4301445078
1t
0s
0r
1y
1c
0i
#4301446348
0t
0s
0r
1y
1c
0i
#4301447097
1t
0s
0r
1y
1c
0i
#4301448333
0t
0s
0r
1y
1c
0i
#4301449055
1t
0s
0r
1y
1c
0i
#4301450251
0t
0s
0r
1y
1c
0i
#4301450957
1t
0s
0r
1y
1c
0i
#4301452130
0t
0s
0r
1y
1c
0i
#4301452821
1t
0s
0r
1y
1c
0i
#4301453978
0t
0s
0r
1y
1c
1i
#4301454659
1t
0s
0r
1y
1c
1i
#4301457564
0t
0s
0r
1y
1c
1i
#4301459500
1t
0s
0r
1y
1c
1i
#4301461204
0t
0s
0r
1y
1c
1i
#4301461829
1t
0s
0r
1y
1c
1i
#4301462943
0t
0s
0r
1y
1c
1i
#4301463607
1t
0s
0r
1y
1c
1i
#4301464723
0t
0s
0r
1y
1c
1i
#4301465385
1t
0s
0r
1y
1c
1i
#4301466504
0t
0s
0r
1y
1c
1i
#4301467169
1t
0s
0r
1y
1c
1i
#4301468291
0t
0s
0r
1y
1c
1i
#4301468958
1t
0s
0r
1y
1c
1i
#4301470091
0t
0s
0r
1y
1c
1i
#4301470760
1t
0s
0r
1y
1c
1i
#4301471894
0t
0s
0r
1y
1c
1i
#4301472572
1t
0s
0r
1y
1c
1i
#4301473722
0t
0s
0r
1y
1c
1i
#4301474406
1t
0s
0r
1y
1c
1i
#4301475574
0t
0s
0r
1y
1c
1i
#4301476267
1t
0s
0r
1y
1c
1i
#4301477447
0t
0s
0r
1y
1c
1i
#4301478155
1t
0s
0r
1y
1c
1i
#4301479360
0t
0s
0r
1y
1c
0i
#4301480079
1t
0s
0r
1y
1c
0i
#4301481315
0t
0s
0r
1y
0c
0i
#4301482045
1t
0s
0r
1y
0c
0i
#4301483295
0t
0s
0r
1y
0c
0i
#4301484041
1t
0s
0r
1y
0c
0i
#4301485308
0t
0s
0r
1y
0c
0i
#4301486060
1t
0s
0r
1y
0c
0i
#4301487334
0t
0s
0r
1y
0c
0i
#4301488082
1t
0s
0r
1y
0c
0i
#4301489335
0t
0s
0r
1y
0c
0i
#4301490078
1t
0s
0r
1y
0c
0i
#4301491315
0t
0s
0r
1y
0c
0i
#4301492043
1t
0s
0r
1y
0c
0i
#4301493263
0t
0s
0r
1y
0c
0i
#4301493975
1t
0s
0r
1y
0c
0i
#4301495165
0t
0s
0r
1y
0c
0i
#4301495870
1t
0s
0r
1y
0c
0i
#4301497044
0t
0s
0r
1y
0c
0i
#4301497736
1t
0s
0r
1y
0c
0i
#4301498900
0t
0s
0r
1y
0c
0i
#4301499582
1t
0s
0r
1y
0c
0i
#4301500729
0t
0s
0r
1y
0c
0i
#4301501409
1t
0s
0r
1y
0c
0i
#4301502551
0t
0s
0r
1y
0c
0i
#4301503224
1t
0s
0r
1y
0c
0i
#4301504366
0t
0s
0r
1y
0c
0i
#4301505035
1t
0s
0r
1y
0c
0i
#4301506167
0t
0s
0r
1y
0c
0i
#4301506839
1t
0s
0r
1y
0c
0i
#4301507974
0t
0s
0r
1y
0c
0i
#4301508643
1t
0s
0r
1y
0c
0i
#4301509784
0t
0s
0r
1y
0c
1i
#4301510451
1t
0s
0r
1y
0c
1i
#4301511587
0t
0s
0r
1y
0c
1i
#4301512261
1t
0s
0r
1y
0c
1i
#4301513402
0t
0s
0r
1y
0c
1i
#4301514077
1t
0s
0r
1y
0c
1i
#4301515227
0t
0s
0r
1y
0c
1i
#4301515902
1t
0s
0r
1y
0c
1i
#4301517050
0t
0s
0r
1y
0c
1i
#4301517732
1t
0s
0r
1y
0c
1i
#4301518890
0t
0s
0r
1y
0c
1i
#4301519574
1t
0s
0r
1y
0c
1i
#4301520745
0t
0s
0r
1y
0c
1i
#4301521433
1t
0s
0r
1y
0c
1i
#4301522606
0t
0s
0r
1y
0c
1i
#4301523304
1t
0s
0r
1y
0c
1i
#4301524492
0t
0s
0r
1y
0c
1i
#4301525195
1t
0s
0r
1y
0c
1i
#4301526403
0t
0s
0r
1y
0c
1i
#4301527114
1t
0s
0r
1y
0c
1i
#4301528331
0t
0s
0r
1y
0c
1i
#4301529057
1t
0s
0r
1y
0c
1i
#4301530299
0t
0s
0r
1y
0c
1i
#4301531037
1t
0s
0r
1y
0c
1i
#4301532310
0t
0s
0r
1y
0c
1i
#4301533066
1t
0s
0r
1y
0c
1i
#4301534363
0t
0s
0r
1y
0c
1i
#4301535140
1t
0s
0r
1y
0c
1i
#4301536478
0t
0s
0r
1y
0c
1i
#4301537276
1t
0s
0r
1y
0c
1i
#4301538659
0t
0s
0r
1y
1c
1i
#4301539480
1t
0s
0r
1y
1c
1i
#4301540891
0t
0s
0r
1y
1c
1i
#4301541737
1t
0s
0r
1y
1c
1i
#4301543178
0t
0s
0r
1y
1c
0i
#4301544036
1t
0s
0r
1y
1c
0i
#4301545488
0t
0s
0r
1y
1c
0i
#4301546345
1t
0s
0r
1y
1c
0i
#4301547772
0t
0s
0r
1y
1c
0i
#4301548622
1t
0s
0r
1y
1c
0i
#4301550024
0t
0s
0r
1y
1c
0i
#4301550854
1t
0s
0r
1y
1c
0i
#4301552227
0t
0s
0r
1y
1c
0i
#4301553035
1t
0s
0r
1y
1c
0i
#4301554368
0t
0s
0r
1y
1c
0i
#4301555161
1t
0s
0r
1y
1c
0i
#4301556472
0t
0s
0r
1y
1c
0i
#4301557245
1t
0s
0r
1y
1c
0i
#4301558541
0t
0s
0r
1y
1c
0i
#4301559298
1t
0s
0r
1y
1c
0i
#4301560569
0t
0s
0r
1y
1c
0i
#4301561321
1t
0s
0r
1y
1c
0i
#4301562584
0t
0s
0r
1y
1c
0i
#4301563329
1t
0s
0r
1y
1c
0i
#4301564587
0t
0s
0r
1y
1c
0i
#4301565328
1t
0s
0r
1y
1c
0i
#4301566572
0t
0s
0r
1y
1c
0i
#4301567315
1t
0s
0r
1y
1c
0i
#4301568558
0t
0s
0r
1y
1c
0i
#4301569298
1t
0s
0r
1y
1c
0i
#4301570547
0t
0s
0r
1y
1c
1i
#4301571284
1t
0s
0r
1y
1c
1i
#4301574481
0t
0s
0r
1y
1c
1i
#4301576628
1t
0s
0r
1y
1c
1i
#4301578557
0t
0s
0r
1y
1c
1i
#4301579263
1t
0s
0r
1y
1c
1i
#4301580529
0t
0s
0r
1y
1c
1i
#4301581285
1t
0s
0r
1y
1c
1i
#4301582561
0t
0s
0r
1y
1c
1i
#4301583321
1t
0s
0r
1y
1c
1i
#4301584608
0t
0s
0r
1y
1c
1i
#4301585377
1t
0s
0r
1y
1c
1i
#4301586679
0t
0s
0r
1y
1c
1i
#4301587454
1t
0s
0r
1y
1c
1i
#4301588779
0t
0s
0r
1y
1c
1i
#4301589563
1t
0s
0r
1y
1c
1i
#4301590900
0t
0s
0r
1y
1c
1i
#4301591702
1t
0s
0r
1y
1c
1i
#4301593070
0t
0s
0r
1y
1c
1i
#4301593887
1t
0s
0r
1y
1c
1i
#4301595293
0t
0s
0r
1y
1c
1i
#4301596133
1t
0s
0r
1y
1c
1i
#4301597570
0t
0s
0r
1y
1c
1i
#4301598439
1t
0s
0r
1y
1c
1i
#4301599928
0t
0s
0r
1y
1c
1i
#4301600826
1t
0s
0r
1y
1c
1i
#4301602373
0t
0s
0r
1y
0c
0i
#4301603300
1t
0s
0r
1y
0c
0i
#4301604887
0t
0s
0r
1y
0c
0i
#4301605848
1t
0s
0r
1y
0c
0i
#4301607474
0t
0s
0r
1y
0c
0i
#4301608450
1t
0s
0r
1y
0c
0i
#4301610093
0t
0s
0r
1y
0c
0i
#4301611062
1t
0s
0r
1y
0c
0i
#4301612676
0t
0s
0r
1y
0c
0i
#4301613631
1t
0s
0r
1y
0c
0i
#4301615208
0t
0s
0r
1y
0c
0i
#4301615579
0t
0s
1r
1y
0c
0i
#4301615582
0t
0s
0r
1y
0c
0i
#4301616135
1t
0s
0r
1y
0c
0i
#4301617671
0t
0s
0r
1y
0c
0i
#4301618569
1t
0s
0r
1y
0c
0i
#4301620050
0t
0s
0r
1y
0c
0i
#4301620931
1t
0s
0r
1y
0c
0i
#4301622380
0t
0s
0r
1y
0c
0i
#4301623238
1t
0s
0r
1y
0c
0i
#4301624665
0t
0s
0r
1y
0c
0i
#4301625505
1t
0s
0r
1y
0c
0i
#4301626904
0t
0s
0r
1y
0c
0i
#4301627738
1t
0s
0r
1y
0c
0i
#4301629125
0t
0s
0r
1y
0c
0i
#4301629949
1t
0s
0r
1y
0c
0i
#4301631334
0t
0s
0r
1y
0c
0i
#4301632150
1t
0s
0r
1y
0c
0i
#4301633522
0t
0s
0r
1y
0c
0i
#4301634340
1t
0s
0r
1y
0c
0i
#4301635714
0t
0s
0r
1y
0c
0i
#4301636528
1t
0s
0r
1y
0c
0i
#4301637910
0t
0s
0r
1y
0c
0i
#4301638722
1t
0s
0r
1y
0c
0i
#4301640100
0t
0s
0r
1y
0c
0i
#4301640919
1t
0s
0r
1y
0c
0i
#4301642305
0t
0s
0r
1y
0c
0i
#4301643127
1t
0s
0r
1y
0c
0i
#4301644528
0t
0s
0r
1y
0c
0i
#4301645352
1t
0s
0r
1y
0c
0i
#4301646753
0t
0s
0r
1y
0c
0i
#4301647588
1t
0s
0r
1y
0c
0i
#4301649004
0t
0s
0r
1y
0c
0i
#4301649845
1t
0s
0r
1y
0c
0i
#4301651280
0t
0s
0r
1y
0c
0i
#4301652127
1t
0s
0r
1y
0c
0i
#4301653569
0t
0s
0r
1y
0c
0i
#4301654435
1t
0s
0r
1y
0c
0i
#4301655899
0t
0s
0r
1y
0c
0i
#4301656776
1t
0s
0r
1y
0c
0i
#4301658272
0t
0s
0r
1y
0c
0i
#4301659164
1t
0s
0r
1y
0c
0i
#4301660681
0t
0s
0r
1y
0c
0i
#4301661599
1t
0s
0r
1y
0c
0i
#4301663159
0t
0s
0r
1y
0c
1i
#4301664100
1t
0s
0r
1y
0c
1i
#4301665716
0t
0s
0r
1y
0c
1i
#4301666688
1t
0s
0r
1y
0c
1i
#4301668356
0t
0s
0r
1y
0c
1i
#4301669367
1t
0s
0r
1y
0c
1i
#4301671118
0t
0s
0r
1y
0c
1i
#4301672167
1t
0s
0r
1y
0c
1i
#4301674003
0t
0s
0r
1y
1c
1i
#4301675079
1t
0s
0r
1y
1c
0i
#4301676888
0t
0s
0r
1y
1c
0i
#4301677946
1t
0s
0r
1y
1c
0i
#4301679677
0t
0s
0r
1y
1c
0i
#4301680707
1t
0s
0r
1y
1c
0i
#4301682428
0t
0s
0r
1y
1c
0i
#4301683439
1t
0s
0r
1y
1c
0i
#4301685127
0t
0s
0r
1y
1c
0i
#4301686124
1t
0s
0r
1y
1c
0i
#4301687773
0t
0s
0r
1y
1c
0i
#4301688744
1t
0s
0r
1y
1c
0i
#4301690348
0t
0s
0r
1y
1c
0i
#4301691286
1t
0s
0r
1y
1c
0i
#4301692829
0t
0s
0r
1y
1c
0i
#4301693749
1t
0s
0r
1y
1c
0i
#4301695259
0t
0s
0r
1y
1c
0i
#4301696155
1t
0s
0r
1y
1c
0i
#4301697640
0t
0s
0r
1y
1c
0i
#4301698517
1t
0s
0r
1y
1c
0i
#4301699970
0t
0s
0r
1y
1c
0i
#4301700840
1t
0s
0r
1y
1c
0i
#4301702282
0t
0s
0r
1y
1c
0i
#4301703144
1t
0s
0r
1y
1c
0i
#4301704581
0t
0s
0r
1y
1c
0i
#4301705438
1t
0s
0r
1y
1c
0i
#4301706861
0t
0s
0r
1y
1c
0i
#4301707720
1t
0s
0r
1y
1c
0i
#4301709147
0t
0s
0r
1y
1c
0i
#4301710006
1t
0s
0r
1y
1c
1i
#4301711443
0t
0s
0r
1y
1c
1i
#4301712302
1t
0s
0r
1y
1c
1i
#4301716003
0t
0s
0r
1y
1c
1i
#4301718484
1t
0s
0r
1y
1c
1i
#4301720750
0t
0s
0r
1y
1c
1i
#4301721581
1t
0s
0r
1y
1c
0i
#4301723056
0t
0s
0r
1y
1c
0i
#4301723948
1t
0s
0r
1y
1c
0i
#4301725440
0t
0s
0r
1y
1c
0i
#4301726339
1t
0s
0r
1y
1c
0i
#4301727849
0t
0s
0r
1y
1c
0i
#4301728762
1t
0s
0r
1y
1c
0i
#4301730295
0t
0s
0r
1y
1c
0i
#4301731219
1t
0s
0r
1y
1c
0i
#4301732788
0t
0s
0r
1y
1c
0i
#4301733726
1t
0s
0r
1y
1c
0i
#4301735318
0t
0s
0r
1y
1c
0i
#4301736281
1t
0s
0r
1y
1c
0i
#4301737922
0t
0s
0r
1y
1c
0i
#4301738908
1t
0s
0r
1y
1c
0i
#4301740611
0t
0s
0r
1y
1c
0i
#4301741629
1t
0s
0r
1y
1c
0i
#4301743386
0t
0s
0r
1y
1c
0i
#4301744449
1t
0s
0r
1y
1c
0i
#4301746286
0t
0s
0r
1y
1c
1i
#4301747393
1t
0s
0r
1y
1c
1i
#4301749315
0t
0s
0r
1y
0c
1i
#4301750447
1t
0s
0r
1y
0c
1i
#4301752333
0t
0s
0r
1y
0c
1i
#4301753425
1t
0s
0r
1y
0c
1i
#4301755225
0t
0s
0r
1y
0c
1i
#4301756302
1t
0s
0r
1y
0c
1i
#4301758098
0t
0s
0r
1y
0c
0i
#4301759154
1t
0s
0r
1y
0c
0i
#4301760895
0t
0s
0r
1y
0c
0i
#4301761909
1t
0s
0r
1y
0c
0i
#4301763503
0t
0s
0r
1y
0c
0i
#4301764417
1t
0s
0r
1y
0c
0i
#4301765841
0t
0s
0r
1y
0c
0i
#4301766656
1t
0s
0r
1y
0c
0i
#4301767937
0t
0s
0r
1y
0c
0i
#4301768688
1t
0s
0r
1y
0c
0i
#4301769883
0t
0s
0r
1y
0c
0i
#4301770581
1t
0s
0r
1y
0c
0i
#4301771723
0t
0s
0r
1y
0c
0i
#4301772384
1t
0s
0r
1y
0c
0i
#4301773480
0t
0s
0r
1y
0c
0i
#4301774125
1t
0s
0r
1y
0c
0i
#4301775196
0t
0s
0r
1y
0c
0i
#4301775826
1t
0s
0r
1y
0c
0i
#4301776882
0t
0s
0r
1y
0c
0i
#4301777498
1t
0s
0r
1y
0c
0i
#4301778530
0t
0s
0r
1y
0c
0i
#4301779140
1t
0s
0r
1y
0c
0i
#4301780161
0t
0s
0r
1y
0c
0i
#4301780762
1t
0s
0r
1y
0c
0i
#4301781774
0t
0s
0r
1y
0c
0i
#4301782365
1t
0s
0r
1y
0c
0i
#4301783360
0t
0s
0r
1y
0c
0i
#4301783948
1t
0s
0r
1y
0c
1i
#4301784937
0t
0s
0r
1y
0c
1i
#4301785521
1t
0s
0r
1y
0c
1i
#4301786507
0t
0s
0r
1y
0c
1i
#4301787084
1t
0s
0r
1y
0c
1i
#4301788060
0t
0s
0r
1y
0c
1i
#4301788640
1t
0s
0r
1y
0c
1i
#4301789617
0t
0s
0r
1y
0c
1i
#4301790194
1t
0s
0r
1y
0c
1i
#4301791174
0t
0s
0r
1y
0c
1i
#4301791749
1t
0s
0r
1y
0c
1i
#4301792724
0t
0s
0r
1y
0c
1i
#4301793304
1t
0s
0r
1y
0c
1i
#4301794284
0t
0s
0r
1y
0c
1i
#4301794864
1t
0s
0r
1y
0c
1i
#4301795852
0t
0s
0r
1y
0c
0i
#4301796434
1t
0s
0r
1y
0c
0i
#4301797422
0t
0s
0r
1y
0c
0i
#4301798011
1t
0s
0r
1y
0c
0i
#4301799010
0t
0s
0r
1y
0c
0i
#4301799603
1t
0s
0r
1y
0c
0i
#4301800616
0t
0s
0r
1y
0c
0i
#4301801216
1t
0s
0r
1y
0c
0i
#4301802235
0t
0s
0r
1y
0c
0i
#4301802845
1t
0s
0r
1y
0c
0i
#4301803883
0t
0s
0r
1y
0c
1i
#4301804501
1t
0s
0r
1y
0c
1i
#4301805560
0t
0s
0r
1y
0c
1i
#4301806185
1t
0s
0r
1y
1c
1i
#4301807253
0t
0s
0r
1y
1c
1i
#4301807891
1t
0s
0r
1y
1c
1i
#4301808972
0t
0s
0r
1y
1c
1i
#4301809613
1t
0s
0r
1y
1c
1i
#4301810701
0t
0s
0r
1y
1c
1i
#4301811339
1t
0s
0r
1y
1c
1i
#4301812413
0t
0s
0r
1y
1c
1i
#4301813050
1t
0s
0r
1y
1c
1i
#4301814114
0t
0s
0r
1y
1c
1i
#4301814741
1t
0s
0r
1y
1c
1i
#4301815794
0t
0s
0r
1y
1c
0i
#4301816411
1t
0s
0r
1y
1c
0i
#4301817440
0t
0s
0r
1y
1c
0i
#4301818053
1t
0s
0r
1y
1c
0i
#4301819072
0t
0s
0r
1y
1c
0i
#4301819674
1t
0s
0r
1y
1c
0i
#4301820687
0t
0s
0r
1y
1c
0i
#4301821281
1t
0s
0r
1y
1c
0i
#4301822278
0t
0s
0r
1y
1c
0i
#4301822871
1t
0s
0r
1y
1c
0i
#4301823864
0t
0s
0r
1y
1c
0i
#4301824453
1t
0s
0r
1y
1c
0i
#4301825444
0t
0s
0r
1y
1c
0i
#4301826030
1t
0s
0r
1y
1c
0i
#4301827011
0t
0s
0r
1y
1c
0i
#4301827597
1t
0s
0r
1y
1c
0i
#4301828578
0t
0s
0r
1y
1c
0i
#4301829162
1t
0s
0r
1y
1c
0i
#4301830147
0t
0s
0r
1y
1c
0i
#4301830728
1t
0s
0r
1y
1c
0i
#4301833243
0t
0s
0r
1y
1c
0i
#4301834948
1t
0s
0r
1y
1c
0i
#4301836431
0t
0s
0r
1y
1c
0i
#4301836991
1t
0s
0r
1y
1c
0i
#4301837980
0t
0s
0r
1y
1c
0i
#4301838570
1t
0s
0r
1y
1c
0i
#4301839562
0t
0s
0r
1y
1c
0i
#4301840152
1t
0s
0r
1y
1c
0i
#4301841149
0t
0s
0r
1y
1c
0i
#4301841743
1t
0s
0r
1y
1c
0i
#4301842745
0t
0s
0r
1y
1c
0i
#4301843341
1t
0s
0r
1y
1c
0i
#4301844355
0t
0s
0r
1y
1c
0i
#4301844954
1t
0s
0r
1y
1c
0i
#4301845969
0t
0s
0r
1y
1c
0i
#4301846576
1t
0s
0r
1y
1c
0i
#4301847606
0t
0s
0r
1y
1c
0i
#4301848219
1t
0s
0r
1y
1c
0i
#4301849265
0t
0s
0r
1y
1c
0i
#4301849886
1t
0s
0r
1y
1c
0i
#4301850942
0t
0s
0r
1y
1c
0i
#4301851576
1t
0s
0r
1y
1c
0i
#4301852653
0t
0s
0r
1y
1c
1i
#4301853295
1t
0s
0r
1y
1c
1i
#4301854397
0t
0s
0r
1y
0c
1i
#4301855048
1t
0s
0r
1y
0c
1i
#4301856162
0t
0s
0r
1y
0c
1i
#4301856826
1t
0s
0r
1y
0c
1i
#4301857955
0t
0s
0r
1y
0c
1i
#4301858625
1t
0s
0r
1y
0c
1i
#4301859762
0t
0s
0r
1y
0c
1i
#4301860431
1t
0s
0r
1y
0c
1i
#4301861555
0t
0s
0r
1y
0c
1i
#4301862222
1t
0s
0r
1y
0c
1i
#4301863338
0t
0s
0r
1y
0c
1i
#4301863995
1t
0s
0r
1y
0c
1i
#4301865100
0t
0s
0r
1y
0c
1i
#4301865747
1t
0s
0r
1y
0c
0i
#4301865812
1t
0s
1r
1y
0c
0i
#4301865815
1t
0s
0r
1y
0c
0i
#4301866830
0t
0s
0r
1y
0c
0i
#4301867474
1t
0s
0r
1y
0c
0i
#4301868546
0t
0s
0r
1y
0c
0i
#4301869180
1t
0s
0r
1y
0c
0i
#4301870248
0t
0s
0r
1y
0c
0i
#4301870874
1t
0s
0r
1y
0c
0i
#4301871929
0t
0s
0r
1y
0c
0i
#4301872554
1t
0s
0r
1y
0c
0i
#4301873606
0t
0s
0r
1y
0c
0i
#4301874227
1t
0s
0r
1y
0c
0i
#4301875280
0t
0s
0r
1y
0c
0i
#4301875897
1t
0s
0r
1y
0c
0i
#4301876942
0t
0s
0r
1y
0c
0i
#4301877562
1t
0s
0r
1y
0c
0i
#4301878610
0t
0s
0r
1y
0c
0i
#4301879229
1t
0s
0r
1y
0c
0i
#4301880282
0t
0s
0r
1y
0c
0i
#4301880899
1t
0s
0r
1y
0c
0i
#4301881948
0t
0s
0r
1y
0c
0i
#4301882570
1t
0s
0r
1y
0c
0i
#4301883623
0t
0s
0r
1y
0c
0i
#4301884246
1t
0s
0r
1y
0c
0i
#4301885306
0t
0s
0r
1y
0c
0i
#4301885929
1t
0s
0r
1y
0c
0i
#4301886986
0t
0s
0r
1y
0c
0i
#4301887614
1t
0s
0r
1y
0c
0i
#4301888679
0t
0s
0r
1y
0c
0i
#4301889309
1t
0s
0r
1y
0c
0i
#4301890383
0t
0s
0r
1y
0c
0i
#4301891014
1t
0s
0r
1y
0c
0i
#4301892088
0t
0s
0r
1y
0c
0i
#4301892727
1t
0s
0r
1y
0c
0i
#4301893812
0t
0s
0r
1y
0c
0i
#4301894454
1t
0s
0r
1y
0c
0i
#4301895553
0t
0s
0r
1y
0c
0i
#4301896200
1t
0s
0r
1y
0c
0i
#4301897302
0t
0s
0r
1y
0c
0i
#4301897960
1t
0s
0r
1y
0c
0i
#4301899079
0t
0s
0r
1y
0c
0i
#4301899743
1t
0s
0r
1y
0c
0i
#4301900883
0t
0s
0r
1y
0c
0i
#4301901558
1t
0s
0r
1y
0c
0i
#4301902709
0t
0s
0r
1y
0c
0i
#4301903399
1t
0s
0r
1y
0c
0i
#4301904577
0t
0s
0r
1y
0c
1i
#4301905278
1t
0s
0r
1y
0c
1i
#4301906485
0t
0s
0r
1y
1c
1i
#4301907198
1t
0s
0r
1y
1c
1i
#4301908419
0t
0s
0r
1y
1c
1i
#4301909147
1t
0s
0r
1y
1c
1i
#4301910386
0t
0s
0r
1y
1c
1i
#4301911119
1t
0s
0r
1y
1c
1i
#4301912365
0t
0s
0r
1y
1c
1i
#4301913096
1t
0s
0r
1y
1c
1i
#4301914321
0t
0s
0r
1y
1c
1i
#4301915046
1t
0s
0r
1y
1c
1i
#4301916248
0t
0s
0r
1y
1c
1i
#4301916951
1t
0s
0r
1y
1c
0i
#4301918112
0t
0s
0r
1y
1c
0i
#4301918784
1t
0s
0r
1y
1c
0i
#4301919875
0t
0s
0r
1y
1c
0i
#4301920516
1t
0s
0r
1y
1c
0i
#4301921550
0t
0s
0r
1y
1c
0i
#4301922155
1t
0s
0r
1y
1c
0i
#4301923142
0t
0s
0r
1y
1c
0i
#4301923717
1t
0s
0r
1y
1c
0i
#4301924658
0t
0s
0r
1y
1c
0i
#4301925214
1t
0s
0r
1y
1c
0i
#4301926129
0t
0s
0r
1y
1c
0i
#4301926669
1t
0s
0r
1y
1c
0i
#4301927567
0t
0s
0r
1y
1c
0i
#4301928096
1t
0s
0r
1y
1c
0i
#4301928974
0t
0s
0r
1y
1c
0i
#4301929499
1t
0s
0r
1y
1c
0i
#4301930367
0t
0s
0r
1y
1c
0i
#4301930885
1t
0s
0r
1y
1c
0i
#4301931748
0t
0s
0r
1y
1c
0i
#4301932261
1t
0s
0r
1y
1c
0i
#4301934446
0t
0s
0r
1y
1c
0i
#4301935928
1t
0s
0r
1y
1c
0i
#4301937177
0t
0s
0r
1y
1c
0i
#4301937666
1t
0s
0r
1y
1c
0i
#4301938503
0t
0s
0r
1y
1c
0i
#4301939002
1t
0s
0r
1y
1c
0i
#4301939835
0t
0s
0r
1y
1c
0i
#4301940335
1t
0s
0r
1y
1c
0i
#4301941165
0t
0s
0r
1y
1c
0i
#4301941666
1t
0s
0r
1y
1c
0i
#4301942498
0t
0s
0r
1y
1c
0i
#4301942998
1t
0s
0r
1y
1c
0i
#4301943834
0t
0s
0r
1y
1c
0i
#4301944334
1t
0s
0r
1y
1c
0i
#4301945169
0t
0s
0r
1y
1c
0i
#4301945672
1t
0s
0r
1y
1c
0i
#4301946514
0t
0s
0r
1y
1c
0i
#4301947019
1t
0s
0r
1y
1c
0i
#4301947869
0t
0s
0r
1y
1c
0i
#4301948377
1t
0s
0r
1y
1c
0i
#4301949230
0t
0s
0r
1y
1c
0i
#4301949744
1t
0s
0r
1y
1c
0i
#4301950609
0t
0s
0r
1y
1c
1i
#4301951127
1t
0s
0r
1y
1c
1i
#4301952006
0t
0s
0r
1y
0c
1i
#4301952527
1t
0s
0r
1y
0c
1i
#4301953410
0t
0s
0r
1y
0c
1i
#4301953938
1t
0s
0r
1y
0c
1i
#4301954829
0t
0s
0r
1y
0c
1i
#4301955360
1t
0s
0r
1y
0c
1i
#4301956257
0t
0s
0r
1y
0c
1i
#4301956786
1t
0s
0r
1y
0c
1i
#4301957676
0t
0s
0r
1y
0c
1i
#4301958206
1t
0s
0r
1y
0c
1i
#4301959093
0t
0s
0r
1y
0c
1i
#4301959617
1t
0s
0r
1y
0c
1i
#4301960501
0t
0s
0r
1y
0c
1i
#4301961020
1t
0s
0r
1y
0c
1i
#4301961891
0t
0s
0r
1y
0c
1i
#4301962410
1t
0s
0r
1y
0c
1i
#4301963277
0t
0s
0r
1y
0c
0i
#4301963791
1t
0s
0r
1y
0c
0i
#4301964657
0t
0s
0r
1y
0c
0i
#4301965167
1t
0s
0r
1y
0c
0i
#4301966025
0t
0s
0r
1y
0c
0i
#4301966535
1t
0s
0r
1y
0c
0i
#4301967394
0t
0s
0r
1y
0c
0i
#4301967901
1t
0s
0r
1y
0c
0i
#4301968762
0t
0s
0r
1y
0c
0i
#4301969267
1t
0s
0r
1y
0c
0i
#4301970121
0t
0s
0r
1y
0c
0i
#4301970629
1t
0s
0r
1y
0c
0i
#4301971486
0t
0s
0r
1y
0c
0i
#4301971992
1t
0s
0r
1y
0c
0i
#4301972852
0t
0s
0r
1y
0c
0i
#4301973358
1t
0s
0r
1y
0c
0i
#4301974214
0t
0s
0r
1y
0c
0i
#4301974723
1t
0s
0r
1y
0c
0i
#4301975580
0t
0s
0r
1y
0c
0i
#4301976090
1t
0s
0r
1y
0c
0i
#4301976951
0t
0s
0r
1y
0c
0i
#4301977460
1t
0s
0r
1y
0c
0i
#4301978317
0t
0s
0r
1y
0c
0i
#4301978830
1t
0s
0r
1y
0c
0i
#4301979691
0t
0s
0r
1y
0c
0i
#4301980203
1t
0s
0r
1y
0c
0i
#4301981070
0t
0s
0r
1y
0c
0i
#4301981582
1t
0s
0r
1y
0c
0i
#4301982446
0t
0s
0r
1y
0c
0i
#4301982963
1t
0s
0r
1y
0c
0i
#4301983831
0t
0s
0r
1y
0c
0i
#4301984349
1t
0s
0r
1y
0c
0i
#4301985224
0t
0s
0r
1y
0c
0i
#4301985742
1t
0s
0r
1y
0c
0i
#4301986617
0t
0s
0r
1y
0c
0i
#4301987140
1t
0s
0r
1y
0c
0i
#4301988023
0t
0s
0r
1y
0c
0i
#4301988549
1t
0s
0r
1y
0c
0i
#4301989443
0t
0s
0r
1y
0c
0i
#4301989972
1t
0s
0r
1y
0c
0i
#4301990869
0t
0s
0r
1y
0c
0i
#4301991405
1t
0s
0r
1y
0c
0i
#4301992314
0t
0s
0r
1y
0c
1i
#4301992855
1t
0s
0r
1y
0c
1i
#4301993779
0t
0s
0r
1y
1c
1i
#4301994323
1t
0s
0r
1y
1c
1i
#4301995251
0t
0s
0r
1y
1c
1i
#4301995804
1t
0s
0r
1y
1c
1i
#4301996740
0t
0s
0r
1y
1c
1i
#4301997294
1t
0s
0r
1y
1c
1i
#4301998235
0t
0s
0r
1y
1c
1i
#4301998788
1t
0s
0r
1y
1c
1i
#4301999718
0t
0s
0r
1y
1c
1i
#4302000270
1t
0s
0r
1y
1c
1i
#4302001195
0t
0s
0r
1y
1c
1i
#4302001741
1t
0s
0r
1y
1c
1i
#4302002659
0t
0s
0r
1y
1c
1i
#4302003198
1t
0s
0r
1y
1c
1i
#4302004101
0t
0s
0r
1y
1c
1i
#4302004639
1t
0s
0r
1y
1c
0i
#4302005536
0t
0s
0r
1y
1c
0i
#4302006068
1t
0s
0r
1y
1c
0i
#4302006962
0t
0s
0r
1y
1c
0i
#4302007489
1t
0s
0r
1y
1c
0i
#4302008372
0t
0s
0r
1y
1c
0i
#4302008900
1t
0s
0r
1y
1c
0i
#4302009781
0t
0s
0r
1y
1c
0i
#4302010307
1t
0s
0r
1y
1c
0i
#4302011190
0t
0s
0r
1y
1c
0i
#4302011715
1t
0s
0r
1y
1c
0i
#4302012591
0t
0s
0r
1y
1c
0i
#4302013119
1t
0s
0r
1y
1c
0i
#4302013997
0t
0s
0r
1y
1c
0i
#4302014524
1t
0s
0r
1y
1c
0i
#4302015407
0t
0s
0r
1y
1c
0i
#4302015932
1t
0s
0r
1y
1c
0i
#4302018200
0t
0s
0r
1y
1c
0i
#4302019750
1t
0s
0r
1y
1c
0i
#4302021075
0t
0s
0r
1y
1c
0i
#4302021589
1t
0s
0r
1y
1c
0i
#4302022484
0t
0s
0r
1y
1c
0i
#4302023017
1t
0s
0r
1y
1c
0i
#4302023916
0t
0s
0r
1y
1c
0i
#4302024450
1t
0s
0r
1y
1c
0i
#4302025352
0t
0s
0r
1y
1c
0i
#4302025890
1t
0s
0r
1y
1c
0i
#4302026798
0t
0s
0r
1y
1c
0i
#4302027338
1t
0s
0r
1y
1c
0i
#4302028255
0t
0s
0r
1y
1c
0i
#4302028797
1t
0s
0r
1y
1c
0i
#4302029716
0t
0s
0r
1y
1c
0i
#4302030265
1t
0s
0r
1y
1c
0i
#4302031195
0t
0s
0r
1y
1c
0i
#4302031748
1t
0s
0r
1y
1c
0i
#4302032691
0t
0s
0r
1y
1c
1i
#4302033251
1t
0s
0r
1y
1c
1i
#4302034199
0t
0s
0r
1y
1c
1i
#4302034768
1t
0s
0r
1y
1c
1i
#4302035733
0t
0s
0r
1y
1c
1i
#4302036308
1t
0s
0r
1y
1c
1i
#4302037291
0t
0s
0r
1y
0c
1i
#4302037872
1t
0s
0r
1y
0c
1i
#4302038862
0t
0s
0r
1y
0c
1i
#4302039453
1t
0s
0r
1y
0c
1i
#4302040453
0t
0s
0r
1y
0c
1i
#4302041047
1t
0s
0r
1y
0c
1i
#4302041833
1t
0s
1r
1y
0c
1i
#4302041835
1t
0s
0r
1y
0c
1i
#4302042054
0t
0s
0r
1y
0c
1i
#4302042646
1t
0s
0r
1y
0c
1i
#4302043642
0t
0s
0r
1y
0c
1i
#4302044233
1t
0s
0r
1y
0c
1i
#4302045223
0t
0s
0r
1y
0c
1i
#4302045806
1t
0s
0r
1y
0c
1i
#4302046789
0t
0s
0r
1y
0c
0i
#4302047364
1t
0s
0r
1y
0c
0i
#4302048329
0t
0s
0r
1y
0c
0i
#4302048903
1t
0s
0r
1y
0c
0i
#4302049860
0t
0s
0r
1y
0c
0i
#4302050426
1t
0s
0r
1y
0c
0i
#4302051380
0t
0s
0r
1y
0c
0i
#4302051940
1t
0s
0r
1y
0c
0i
#4302052882
0t
0s
0r
1y
0c
0i
#4302053441
1t
0s
0r
1y
0c
0i
#4302054382
0t
0s
0r
1y
0c
0i
#4302054937
1t
0s
0r
1y
0c
0i
#4302055879
0t
0s
0r
1y
0c
0i
#4302056430
1t
0s
0r
1y
0c
0i
#4302057364
0t
0s
0r
1y
0c
0i
#4302057918
1t
0s
0r
1y
0c
0i
#4302058854
0t
0s
0r
1y
0c
0i
#4302059406
1t
0s
0r
1y
0c
0i
#4302060345
0t
0s
0r
1y
0c
0i
#4302060895
1t
0s
0r
1y
0c
0i
#4302061830
0t
0s
0r
1y
0c
0i
#4302062383
1t
0s
0r
1y
0c
0i
#4302063320
0t
0s
0r
1y
0c
0i
#4302063875
1t
0s
0r
1y
0c
0i
#4302064817
0t
0s
0r
1y
0c
0i
#4302065370
1t
0s
0r
1y
0c
0i
#4302066307
0t
0s
0r
1y
0c
0i
#4302066865
1t
0s
0r
1y
0c
0i
#4302067808
0t
0s
0r
1y
0c
0i
#4302068365
1t
0s
0r
1y
0c
0i
#4302069316
0t
0s
0r
1y
0c
0i
#4302069873
1t
0s
0r
1y
0c
0i
#4302070820
0t
0s
0r
1y
0c
0i
#4302071384
1t
0s
0r
1y
0c
0i
#4302072338
0t
0s
0r
1y
0c
0i
#4302072903
1t
0s
0r
1y
0c
0i
#4302073866
0t
0s
0r
1y
0c
0i
#4302074433
1t
0s
0r
1y
0c
0i
#4302075398
0t
0s
0r
1y
0c
0i
#4302075972
1t
0s
0r
1y
0c
0i
#4302076948
0t
0s
0r
1y
0c
0i
#4302077527
1t
0s
0r
1y
0c
0i
#4302078516
0t
0s
0r
1y
0c
1i
#4302079102
1t
0s
0r
1y
0c
1i
#4302080097
0t
0s
0r
1y
0c
1i
#4302080692
1t
0s
0r
1y
0c
1i
#4302081706
0t
0s
0r
1y
0c
1i
#4302082308
1t
0s
0r
1y
0c
1i
#4302083341
0t
0s
0r
1y
1c
1i
#4302083951
1t
0s
0r
1y
1c
1i
#4302084991
0t
0s
0r
1y
1c
1i
#4302085612
1t
0s
0r
1y
1c
1i
#4302086665
0t
0s
0r
1y
1c
1i
#4302087289
1t
0s
0r
1y
1c
1i
#4302088349
0t
0s
0r
1y
1c
1i
#4302088971
1t
0s
0r
1y
1c
1i
#4302090017
0t
0s
0r
1y
1c
1i
#4302090637
1t
0s
0r
1y
1c
1i
#4302091670
0t
0s
0r
1y
1c
1i
#4302092277
1t
0s
0r
1y
1c
0i
#4302093287
0t
0s
0r
1y
1c
0i
#4302093875
1t
0s
0r
1y
1c
0i
#4302094839
0t
0s
0r
1y
1c
0i
#4302095408
1t
0s
0r
1y
1c
0i
#4302096334
0t
0s
0r
1y
1c
0i
#4302096878
1t
0s
0r
1y
1c
0i
#4302097771
0t
0s
0r
1y
1c
0i
#4302098293
1t
0s
0r
1y
1c
0i
#4302099149
0t
0s
0r
1y
1c
0i
#4302099658
1t
0s
0r
1y
1c
0i
#4302100491
0t
0s
0r
1y
1c
0i
#4302100989
1t
0s
0r
1y
1c
0i
#4302101806
0t
0s
0r
1y
1c
0i
#4302102297
1t
0s
0r
1y
1c
0i
#4302103096
0t
0s
0r
1y
1c
0i
#4302103583
1t
0s
0r
1y
1c
0i
#4302104374
0t
0s
0r
1y
1c
0i
#4302104856
1t
0s
0r
1y
1c
0i
#4302105644
0t
0s
0r
1y
1c
0i
#4302106121
1t
0s
0r
1y
1c
0i
#4302108126
0t
0s
0r
1y
1c
0i
#4302109503
1t
0s
0r
1y
1c
0i
#4302110650
0t
0s
0r
1y
1c
0i
#4302111107
1t
0s
0r
1y
1c
0i
#4302111877
0t
0s
0r
1y
1c
0i
#4302112344
1t
0s
0r
1y
1c
0i
#4302113110
0t
0s
0r
1y
1c
0i
#4302113578
1t
0s
0r
1y
1c
0i
#4302114343
0t
0s
0r
1y
1c
0i
#4302114811
1t
0s
0r
1y
1c
0i
#4302115575
0t
0s
0r
1y
1c
0i
#4302116043
1t
0s
0r
1y
1c
0i
#4302116811
0t
0s
0r
1y
1c
0i
#4302117277
1t
0s
0r
1y
1c
0i
#4302118042
0t
0s
0r
1y
1c
0i
#4302118512
1t
0s
0r
1y
1c
0i
#4302119283
0t
0s
0r
1y
1c
0i
#4302119753
1t
0s
0r
1y
1c
0i
#4302120531
0t
0s
0r
1y
1c
1i
#4302121004
1t
0s
0r
1y
1c
1i
#4302121782
0t
0s
0r
1y
1c
1i
#4302122260
1t
0s
0r
1y
1c
1i
#4302123046
0t
0s
0r
1y
1c
1i
#4302123526
1t
0s
0r
1y
1c
1i
#4302124324
0t
0s
0r
1y
0c
1i
#4302124806
1t
0s
0r
1y
0c
1i
#4302125607
0t
0s
0r
1y
0c
1i
#4302126094
1t
0s
0r
1y
0c
1i
#4302126901
0t
0s
0r
1y
0c
1i
#4302127390
1t
0s
0r
1y
0c
1i
#4302128202
0t
0s
0r
1y
0c
1i
#4302128689
1t
0s
0r
1y
0c
1i
#4302129495
0t
0s
0r
1y
0c
1i
#4302129982
1t
0s
0r
1y
0c
1i
#4302130784
0t
0s
0r
1y
0c
1i
#4302131267
1t
0s
0r
1y
0c
1i
#4302132067
0t
0s
0r
1y
0c
1i
#4302132546
1t
0s
0r
1y
0c
1i
#4302133335
0t
0s
0r
1y
0c
1i
#4302133814
1t
0s
0r
1y
0c
1i
#4302134599
0t
0s
0r
1y
0c
0i
#4302135075
1t
0s
0r
1y
0c
0i
#4302135860
0t
0s
0r
1y
0c
0i
#4302136332
1t
0s
0r
1y
0c
0i
#4302137111
0t
0s
0r
1y
0c
0i
#4302137583
1t
0s
0r
1y
0c
0i
#4302138361
0t
0s
0r
1y
0c
0i
#4302138831
1t
0s
0r
1y
0c
0i
#4302139612
0t
0s
0r
1y
0c
0i
#4302140080
1t
0s
0r
1y
0c
0i
#4302140855
0t
0s
0r
1y
0c
0i
#4302141326
1t
0s
0r
1y
0c
0i
#4302142102
0t
0s
0r
1y
0c
0i
#4302142572
1t
0s
0r
1y
0c
0i
#4302143353
0t
0s
0r
1y
0c
0i
#4302143821
1t
0s
0r
1y
0c
0i
#4302144597
0t
0s
0r
1y
0c
0i
#4302145069
1t
0s
0r
1y
0c
0i
#4302145845
0t
0s
0r
1y
0c
0i
#4302146318
1t
0s
0r
1y
0c
0i
#4302147099
0t
0s
0r
1y
0c
0i
#4302147570
1t
0s
0r
1y
0c
0i
#4302148347
0t
0s
0r
1y
0c
0i
#4302148821
1t
0s
0r
1y
0c
0i
#4302149601
0t
0s
0r
1y
0c
0i
#4302150075
1t
0s
0r
1y
0c
0i
#4302150860
0t
0s
0r
1y
0c
0i
#4302151334
1t
0s
0r
1y
0c
0i
#4302152114
0t
0s
0r
1y
0c
0i
#4302152592
1t
0s
0r
1y
0c
0i
#4302153376
0t
0s
0r
1y
0c
0i
#4302153855
1t
0s
0r
1y
0c
0i
#4302154645
0t
0s
0r
1y
0c
0i
#4302155123
1t
0s
0r
1y
0c
0i
#4302155912
0t
0s
0r
1y
0c
0i
#4302156394
1t
0s
0r
1y
0c
0i
#4302157189
0t
0s
0r
1y
0c
0i
#4302157673
1t
0s
0r
1y
0c
0i
#4302158476
0t
0s
0r
1y
0c
0i
#4302158963
1t
0s
0r
1y
0c
1i
#4302159767
0t
0s
0r
1y
0c
1i
#4302160259
1t
0s
0r
1y
0c
1i
#4302161072
0t
0s
0r
1y
0c
1i
#4302161567
1t
0s
0r
1y
0c
1i
#4302162393
0t
0s
0r
1y
1c
1i
#4302162889
1t
0s
0r
1y
1c
1i
#4302163717
0t
0s
0r
1y
1c
1i
#4302164219
1t
0s
0r
1y
1c
1i
#4302165054
0t
0s
0r
1y
1c
1i
#4302165557
1t
0s
0r
1y
1c
1i
#4302166397
0t
0s
0r
1y
1c
1i
#4302166897
1t
0s
0r
1y
1c
1i
#4302167729
0t
0s
0r
1y
1c
1i
#4302168229
1t
0s
0r
1y
1c
1i
#4302169057
0t
0s
0r
1y
1c
1i
#4302169553
1t
0s
0r
1y
1c
1i
#4302170378
0t
0s
0r
1y
1c
1i
#4302170870
1t
0s
0r
1y
1c
1i
#4302171680
0t
0s
0r
1y
1c
0i
#4302172174
1t
0s
0r
1y
1c
0i
#4302172980
0t
0s
0r
1y
1c
0i
#4302173470
1t
0s
0r
1y
1c
0i
#4302174275
0t
0s
0r
1y
1c
0i
#4302174761
1t
0s
0r
1y
1c
0i
#4302175557
0t
0s
0r
1y
1c
0i
#4302176045
1t
0s
0r
1y
1c
0i
#4302176841
0t
0s
0r
1y
1c
0i
#4302177327
1t
0s
0r
1y
1c
0i
#4302178125
0t
0s
0r
1y
1c
0i
#4302178610
1t
0s
0r
1y
1c
0i
#4302179403
0t
0s
0r
1y
1c
0i
#4302179891
1t
0s
0r
1y
1c
0i
#4302180685
0t
0s
0r
1y
1c
0i
#4302181172
1t
0s
0r
1y
1c
0i
#4302181972
0t
0s
0r
1y
1c
0i
#4302182458
1t
0s
0r
1y
1c
0i
#4302184518
0t
0s
0r
1y
1c
0i
#4302185944
1t
0s
0r
1y
1c
0i
#4302187142
0t
0s
0r
1y
1c
0i
#4302187618
1t
0s
0r
1y
1c
0i
#4302188430
0t
0s
0r
1y
1c
0i
#4302188918
1t
0s
0r
1y
1c
0i
#4302189731
0t
0s
0r
1y
1c
0i
#4302190223
1t
0s
0r
1y
1c
0i
#4302191038
0t
0s
0r
1y
1c
0i
#4302191533
1t
0s
0r
1y
1c
0i
#4302192352
0t
0s
0r
1y
1c
0i
#4302192848
1t
0s
0r
1y
1c
0i
#4302193675
0t
0s
0r
1y
1c
0i
#4302194171
1t
0s
0r
1y
1c
1i
#4302194998
0t
0s
0r
1y
1c
1i
#4302195499
1t
0s
0r
1y
1c
1i
#4302196334
0t
0s
0r
1y
1c
1i
#4302196838
1t
0s
0r
1y
1c
1i
#4302197683
0t
0s
0r
1y
1c
1i
#4302198191
1t
0s
0r
1y
1c
1i
#4302199040
0t
0s
0r
1y
1c
1i
#4302199553
1t
0s
0r
1y
1c
1i
#4302200414
0t
0s
0r
1y
0c
1i
#4302200930
1t
0s
0r
1y
0c
1i
#4302201806
0t
0s
0r
1y
0c
1i
#4302202324
1t
0s
0r
1y
0c
1i
#4302203203
0t
0s
0r
1y
0c
1i
#4302203728
1t
0s
0r
1y
0c
1i
#4302204615
0t
0s
0r
1y
0c
1i
#4302205142
1t
0s
0r
1y
0c
1i
#4302205802
1t
0s
1r
1y
0c
1i
#4302205804
1t
0s
0r
1y
0c
1i
#4302206034
0t
0s
0r
1y
0c
1i
#4302206559
1t
0s
0r
1y
0c
1i
#4302207441
0t
0s
0r
1y
0c
0i
#4302207964
1t
0s
0r
1y
0c
0i
#4302208831
0t
0s
0r
1y
0c
0i
#4302209338
1t
0s
0r
1y
0c
0i
#4302210173
0t
0s
0r
1y
0c
0i
#4302210661
1t
0s
0r
1y
0c
0i
#4302211451
0t
0s
0r
1y
0c
0i
#4302211925
1t
0s
0r
1y
0c
0i
#4302212684
0t
0s
0r
1y
0c
0i
#4302213143
1t
0s
0r
1y
0c
0i
#4302213881
0t
0s
0r
1y
0c
0i
#4302214327
1t
0s
0r
1y
0c
0i
#4302215042
0t
0s
0r
1y
0c
0i
#4302215480
1t
0s
0r
1y
0c
0i
#4302216181
0t
0s
0r
1y
0c
0i
#4302216612
1t
0s
0r
1y
0c
0i
#4302217305
0t
0s
0r
1y
0c
0i
#4302217732
1t
0s
0r
1y
0c
0i
#4302218413
0t
0s
0r
1y
0c
0i
#4302218839
1t
0s
0r
1y
0c
0i
#4302219517
0t
0s
0r
1y
0c
0i
#4302219937
1t
0s
0r
1y
0c
0i
#4302220613
0t
0s
0r
1y
0c
0i
#4302221030
1t
0s
0r
1y
0c
0i
#4302221697
0t
0s
0r
1y
0c
0i
#4302222116
1t
0s
0r
1y
0c
0i
#4302222780
0t
0s
0r
1y
0c
0i
#4302223200
1t
0s
0r
1y
0c
0i
#4302223864
0t
0s
0r
1y
0c
0i
#4302224279
1t
0s
0r
1y
0c
0i
#4302224938
0t
0s
0r
1y
0c
0i
#4302225353
1t
0s
0r
1y
0c
0i
#4302226011
0t
0s
0r
1y
0c
0i
#4302226425
1t
0s
0r
1y
0c
0i
#4302227084
0t
0s
0r
1y
0c
0i
#4302227495
1t
0s
0r
1y
0c
0i
#4302228147
0t
0s
0r
1y
0c
0i
#4302228562
1t
0s
0r
1y
0c
0i
#4302229214
0t
0s
0r
1y
0c
0i
#4302229627
1t
0s
0r
1y
0c
0i
#4302230281
0t
0s
0r
1y
0c
0i
#4302230693
1t
0s
0r
1y
0c
0i
#4302231343
0t
0s
0r
1y
0c
1i
#4302231757
1t
0s
0r
1y
0c
1i
#4302232411
0t
0s
0r
1y
0c
1i
#4302232825
1t
0s
0r
1y
0c
1i
#4302233482
0t
0s
0r
1y
0c
1i
#4302233898
1t
0s
0r
1y
0c
1i
#4302234554
0t
0s
0r
1y
0c
1i
#4302234973
1t
0s
0r
1y
0c
1i
#4302235634
0t
0s
0r
1y
0c
1i
#4302236053
1t
0s
0r
1y
1c
1i
#4302236722
0t
0s
0r
1y
1c
1i
#4302237142
1t
0s
0r
1y
1c
1i
#4302237811
0t
0s
0r
1y
1c
1i
#4302238235
1t
0s
0r
1y
1c
1i
#4302238907
0t
0s
0r
1y
1c
1i
#4302239332
1t
0s
0r
1y
1c
1i
#4302240008
0t
0s
0r
1y
1c
1i
#4302240431
1t
0s
0r
1y
1c
1i
#4302241102
0t
0s
0r
1y
1c
1i
#4302241525
1t
0s
0r
1y
1c
1i
#4302242195
0t
0s
0r
1y
1c
1i
#4302242615
1t
0s
0r
1y
1c
1i
#4302243281
0t
0s
0r
1y
1c
1i
#4302243697
1t
0s
0r
1y
1c
1i
#4302244349
0t
0s
0r
1y
1c
0i
#4302244763
1t
0s
0r
1y
1c
0i
#4302245405
0t
0s
0r
1y
1c
0i
#4302245812
1t
0s
0r
1y
1c
0i
#4302246444
0t
0s
0r
1y
1c
0i
#4302246843
1t
0s
0r
1y
1c
0i
#4302247458
0t
0s
0r
1y
1c
0i
#4302247852
1t
0s
0r
1y
1c
0i
#4302248458
0t
0s
0r
1y
1c
0i
#4302248847
1t
0s
0r
1y
1c
0i
#4302249446
0t
0s
0r
1y
1c
0i
#4302249830
1t
0s
0r
1y
1c
0i
#4302250419
0t
0s
0r
1y
1c
0i
#4302250802
1t
0s
0r
1y
1c
0i
#4302251388
0t
0s
0r
1y
1c
0i
#4302251767
1t
0s
0r
1y
1c
0i
#4302252352
0t
0s
0r
1y
1c
0i
#4302252729
1t
0s
0r
1y
1c
0i
#4302254244
0t
0s
0r
1y
1c
0i
#4302255319
1t
0s
0r
1y
1c
0i
#4302256183
0t
0s
0r
1y
1c
0i
#4302256546
1t
0s
0r
1y
1c
0i
#4302257126
0t
0s
0r
1y
1c
0i
#4302257498
1t
0s
0r
1y
1c
0i
#4302258075
0t
0s
0r
1y
1c
0i
#4302258447
1t
0s
0r
1y
1c
0i
#4302259024
0t
0s
0r
1y
1c
0i
#4302259397
1t
0s
0r
1y
1c
0i
#4302259973
0t
0s
0r
1y
1c
0i
#4302260345
1t
0s
0r
1y
1c
0i
#4302260922
0t
0s
0r
1y
1c
0i
#4302261293
1t
0s
0r
1y
1c
0i
#4302261867
0t
0s
0r
1y
1c
1i
#4302262240
1t
0s
0r
1y
1c
1i
#4302262816
0t
0s
0r
1y
1c
1i
#4302263188
1t
0s
0r
1y
1c
1i
#4302263766
0t
0s
0r
1y
1c
1i
#4302264139
1t
0s
0r
1y
1c
1i
#4302264715
0t
0s
0r
1y
1c
1i
#4302265090
1t
0s
0r
1y
1c
1i
#4302265670
0t
0s
0r
1y
1c
1i
#4302266046
1t
0s
0r
1y
0c
1i
#4302266631
0t
0s
0r
1y
0c
1i
#4302267007
1t
0s
0r
1y
0c
1i
#4302267592
0t
0s
0r
1y
0c
1i
#4302267970
1t
0s
0r
1y
0c
1i
#4302268558
0t
0s
0r
1y
0c
1i
#4302268937
1t
0s
0r
1y
0c
1i
#4302269528
0t
0s
0r
1y
0c
1i
#4302269905
1t
0s
0r
1y
0c
1i
#4302270492
0t
0s
0r
1y
0c
1i
#4302270870
1t
0s
0r
1y
0c
1i
#4302271456
0t
0s
0r
1y
0c
1i
#4302271832
1t
0s
0r
1y
0c
1i
#4302272419
0t
0s
0r
1y
0c
1i
#4302272793
1t
0s
0r
1y
0c
1i
#4302273374
0t
0s
0r
1y
0c
1i
#4302273750
1t
0s
0r
1y
0c
1i
#4302274329
0t
0s
0r
1y
0c
0i
#4302274704
1t
0s
0r
1y
0c
0i
#4302275285
0t
0s
0r
1y
0c
0i
#4302275658
1t
0s
0r
1y
0c
0i
#4302276236
0t
0s
0r
1y
0c
0i
#4302276609
1t
0s
0r
1y
0c
0i
#4302277188
0t
0s
0r
1y
0c
0i
#4302277561
1t
0s
0r
1y
0c
0i
#4302278143
0t
0s
0r
1y
0c
0i
#4302278513
1t
0s
0r
1y
0c
0i
#4302279092
0t
0s
0r
1y
0c
0i
#4302279464
1t
0s
0r
1y
0c
0i
#4302280045
0t
0s
0r
1y
0c
0i
#4302280417
1t
0s
0r
1y
0c
0i
#4302281001
0t
0s
0r
1y
0c
0i
#4302281372
1t
0s
0r
1y
0c
0i
#4302281953
0t
0s
0r
1y
0c
0i
#4302282327
1t
0s
0r
1y
0c
0i
#4302282909
0t
0s
0r
1y
0c
0i
#4302283284
1t
0s
0r
1y
0c
0i
#4302283869
0t
0s
0r
1y
0c
0i
#4302284243
1t
0s
0r
1y
0c
0i
#4302284824
0t
0s
0r
1y
0c
0i
#4302285201
1t
0s
0r
1y
0c
0i
#4302285784
0t
0s
0r
1y
0c
0i
#4302286160
1t
0s
0r
1y
0c
0i
#4302286747
0t
0s
0r
1y
0c
0i
#4302287122
1t
0s
0r
1y
0c
0i
#4302287705
0t
0s
0r
1y
0c
0i
#4302288084
1t
0s
0r
1y
0c
0i
#4302288669
0t
0s
0r
1y
0c
0i
#4302289047
1t
0s
0r
1y
0c
0i
#4302289636
0t
0s
0r
1y
0c
0i
#4302290014
1t
0s
0r
1y
0c
0i
#4302290601
0t
0s
0r
1y
0c
1i
#4302290981
1t
0s
0r
1y
0c
1i
#4302291570
0t
0s
0r
1y
0c
1i
#4302291951
1t
0s
0r
1y
0c
1i
#4302292544
0t
0s
0r
1y
0c
1i
#4302292927
1t
0s
0r
1y
0c
1i
#4302293518
0t
0s
0r
1y
0c
1i
#4302293903
1t
0s
0r
1y
0c
1i
#4302294499
0t
0s
0r
1y
0c
1i
#4302294884
1t
0s
0r
1y
1c
1i
#4302295486
0t
0s
0r
1y
1c
1i
#4302295871
1t
0s
0r
1y
1c
1i
#4302296472
0t
0s
0r
1y
1c
1i
#4302296860
1t
0s
0r
1y
1c
1i
#4302297465
0t
0s
0r
1y
1c
1i
#4302297853
1t
0s
0r
1y
1c
1i
#4302298460
0t
0s
0r
1y
1c
1i
#4302298847
1t
0s
0r
1y
1c
1i
#4302299449
0t
0s
0r
1y
1c
1i
#4302299836
1t
0s
0r
1y
1c
1i
#4302300438
0t
0s
0r
1y
1c
1i
#4302300823
1t
0s
0r
1y
1c
1i
#4302301425
0t
0s
0r
1y
1c
1i
#4302301808
1t
0s
0r
1y
1c
1i
#4302302403
0t
0s
0r
1y
1c
1i
#4302302789
1t
0s
0r
1y
1c
0i
#4302303382
0t
0s
0r
1y
1c
0i
#4302303766
1t
0s
0r
1y
1c
0i
#4302304360
0t
0s
0r
1y
1c
0i
#4302304743
1t
0s
0r
1y
1c
0i
#4302305332
0t
0s
0r
1y
1c
0i
#4302305716
1t
0s
0r
1y
1c
0i
#4302306306
0t
0s
0r
1y
1c
0i
#4302306689
1t
0s
0r
1y
1c
0i
#4302307282
0t
0s
0r
1y
1c
0i
#4302307665
1t
0s
0r
1y
1c
0i
#4302308254
0t
0s
0r
1y
1c
0i
#4302308639
1t
0s
0r
1y
1c
0i
#4302309231
0t
0s
0r
1y
1c
0i
#4302309615
1t
0s
0r
1y
1c
0i
#4302310210
0t
0s
0r
1y
1c
0i
#4302310594
1t
0s
0r
1y
1c
0i
#4302312144
0t
0s
0r
1y
1c
0i
#4302313248
1t
0s
0r
1y
1c
0i
#4302314138
0t
0s
0r
1y
1c
0i
#4302314512
1t
0s
0r
1y
1c
0i
#4302315113
0t
0s
0r
1y
1c
0i
#4302315497
1t
0s
0r
1y
1c
0i
#4302316096
0t
0s
0r
1y
1c
0i
#4302316481
1t
0s
0r
1y
1c
0i
#4302317081
0t
0s
0r
1y
1c
0i
#4302317468
1t
0s
0r
1y
1c
0i
#4302318069
0t
0s
0r
1y
1c
0i
#4302318455
1t
0s
0r
1y
1c
0i
#4302319060
0t
0s
0r
1y
1c
1i
#4302319446
1t
0s
0r
1y
1c
1i
#4302320048
0t
0s
0r
1y
1c
1i
#4302320436
1t
0s
0r
1y
1c
1i
#4302321041
0t
0s
0r
1y
1c
1i
#4302321430
1t
0s
0r
1y
1c
1i
#4302322039
0t
0s
0r
1y
1c
1i
#4302322430
1t
0s
0r
1y
1c
1i
#4302323037
0t
0s
0r
1y
1c
1i
#4302323430
1t
0s
0r
1y
1c
1i
#4302324043
0t
0s
0r
1y
0c
1i
#4302324436
1t
0s
0r
1y
0c
1i
#4302325055
0t
0s
0r
1y
0c
1i
#4302325448
1t
0s
0r
1y
0c
1i
#4302326066
0t
0s
0r
1y
0c
1i
#4302326462
1t
0s
0r
1y
0c
1i
#4302327083
0t
0s
0r
1y
0c
1i
#4302327480
1t
0s
0r
1y
0c
1i
#4302328104
0t
0s
0r
1y
0c
1i
#4302328464
0t
0s
1r
1y
0c
1i
#4302328466
0t
0s
0r
1y
0c
1i
#4302328499
1t
0s
0r
1y
0c
1i
#4302329118
0t
0s
0r
1y
0c
1i
#4302329514
1t
0s
0r
1y
0c
1i
#4302330131
0t
0s
0r
1y
0c
1i
#4302330524
1t
0s
0r
1y
0c
1i
#4302331139
0t
0s
0r
1y
0c
1i
#4302331527
1t
0s
0r
1y
0c
0i
#4302332128
0t
0s
0r
1y
0c
0i
#4302332513
1t
0s
0r
1y
0c
0i
#4302333103
0t
0s
0r
1y
0c
0i
#4302333481
1t
0s
0r
1y
0c
0i
#4302334063
0t
0s
0r
1y
0c
0i
#4302334433
1t
0s
0r
1y
0c
0i
#4302335002
0t
0s
0r
1y
0c
0i
#4302335369
1t
0s
0r
1y
0c
0i
#4302335933
0t
0s
0r
1y
0c
0i
#4302336295
1t
0s
0r
1y
0c
0i
#4302336856
0t
0s
0r
1y
0c
0i
#4302337215
1t
0s
0r
1y
0c
0i
#4302337768
0t
0s
0r
1y
0c
0i
#4302338127
1t
0s
0r
1y
0c
0i
#4302338678
0t
0s
0r
1y
0c
0i
#4302339035
1t
0s
0r
1y
0c
0i
#4302339587
0t
0s
0r
1y
0c
0i
#4302339942
1t
0s
0r
1y
0c
0i
#4302340488
0t
0s
0r
1y
0c
0i
#4302340845
1t
0s
0r
1y
0c
0i
#4302341390
0t
0s
0r
1y
0c
0i
#4302341747
1t
0s
0r
1y
0c
0i
#4302342294
0t
0s
0r
1y
0c
0i
#4302342649
1t
0s
0r
1y
0c
0i
#4302343191
0t
0s
0r
1y
0c
0i
#4302343547
1t
0s
0r
1y
0c
0i
#4302344090
0t
0s
0r
1y
0c
0i
#4302344445
1t
0s
0r
1y
0c
0i
#4302344991
0t
0s
0r
1y
0c
0i
#4302345345
1t
0s
0r
1y
0c
0i
#4302345886
0t
0s
0r
1y
0c
0i
#4302346242
1t
0s
0r
1y
0c
0i
#4302346783
0t
0s
0r
1y
0c
0i
#4302347139
1t
0s
0r
1y
0c
0i
#4302347683
0t
0s
0r
1y
0c
0i
#4302348037
1t
0s
0r
1y
0c
1i
#4302348577
0t
0s
0r
1y
0c
1i
#4302348933
1t
0s
0r
1y
0c
1i
#4302349475
0t
0s
0r
1y
0c
1i
#4302349830
1t
0s
0r
1y
0c
1i
#4302350375
0t
0s
0r
1y
0c
1i
#4302350732
1t
0s
0r
1y
0c
1i
#4302351273
0t
0s
0r
1y
0c
1i
#4302351632
1t
0s
0r
1y
0c
1i
#4302352177
0t
0s
0r
1y
0c
1i
#4302352536
1t
0s
0r
1y
0c
1i
#4302353086
0t
0s
0r
1y
1c
1i
#4302353444
1t
0s
0r
1y
1c
1i
#4302353993
0t
0s
0r
1y
1c
1i
#4302354354
1t
0s
0r
1y
1c
1i
#4302354906
0t
0s
0r
1y
1c
1i
#4302355268
1t
0s
0r
1y
1c
1i
#4302355823
0t
0s
0r
1y
1c
1i
#4302356183
1t
0s
0r
1y
1c
1i
#4302356734
0t
0s
0r
1y
1c
1i
#4302357095
1t
0s
0r
1y
1c
1i
#4302357646
0t
0s
0r
1y
1c
1i
#4302358005
1t
0s
0r
1y
1c
1i
#4302358556
0t
0s
0r
1y
1c
1i
#4302358914
1t
0s
0r
1y
1c
1i
#4302359458
0t
0s
0r
1y
1c
1i
#4302359817
1t
0s
0r
1y
1c
1i
#4302360358
0t
0s
0r
1y
1c
0i
#4302360715
1t
0s
0r
1y
1c
0i
#4302361254
0t
0s
0r
1y
1c
0i
#4302361606
1t
0s
0r
1y
1c
0i
#4302362138
0t
0s
0r
1y
1c
0i
#4302362488
1t
0s
0r
1y
1c
0i
#4302363015
0t
0s
0r
1y
1c
0i
#4302363362
1t
0s
0r
1y
1c
0i
#4302363885
0t
0s
0r
1y
1c
0i
#4302364230
1t
0s
0r
1y
1c
0i
#4302364745
0t
0s
0r
1y
1c
0i
#4302365089
1t
0s
0r
1y
1c
0i
#4302365602
0t
0s
0r
1y
1c
0i
#4302365942
1t
0s
0r
1y
1c
0i
#4302366455
0t
0s
0r
1y
1c
0i
#4302366793
1t
0s
0r
1y
1c
0i
#4302368126
0t
0s
0r
1y
1c
0i
#4302369082
1t
0s
0r
1y
1c
0i
#4302369839
0t
0s
0r
1y
1c
0i
#4302370164
1t
0s
0r
1y
1c
0i
#4302370671
0t
0s
0r
1y
1c
0i
#4302371004
1t
0s
0r
1y
1c
0i
#4302371509
0t
0s
0r
1y
1c
0i
#4302371843
1t
0s
0r
1y
1c
0i
#4302372347
0t
0s
0r
1y
1c
0i
#4302372681
1t
0s
0r
1y
1c
0i
#4302373185
0t
0s
0r
1y
1c
0i
#4302373519
1t
0s
0r
1y
1c
0i
#4302374025
0t
0s
0r
1y
1c
0i
#4302374358
1t
0s
0r
1y
1c
1i
#4302374860
0t
0s
0r
1y
1c
1i
#4302375195
1t
0s
0r
1y
1c
1i
#4302375699
0t
0s
0r
1y
1c
1i
#4302376033
1t
0s
0r
1y
1c
1i
#4302376539
0t
0s
0r
1y
1c
1i
#4302376873
1t
0s
0r
1y
1c
1i
#4302377376
0t
0s
0r
1y
1c
1i
#4302377712
1t
0s
0r
1y
1c
1i
#4302378218
0t
0s
0r
1y
1c
1i
#4302378553
1t
0s
0r
1y
1c
1i
#4302379063
0t
0s
0r
1y
1c
1i
#4302379397
1t
0s
0r
1y
1c
1i
#4302379905
0t
0s
0r
1y
0c
1i
#4302380242
1t
0s
0r
1y
0c
1i
#4302380751
0t
0s
0r
1y
0c
1i
#4302381089
1t
0s
0r
1y
0c
1i
#4302381600
0t
0s
0r
1y
0c
1i
#4302381937
1t
0s
0r
1y
0c
1i
#4302382445
0t
0s
0r
1y
0c
1i
#4302382782
1t
0s
0r
1y
0c
1i
#4302383291
0t
0s
0r
1y
0c
1i
#4302383626
1t
0s
0r
1y
0c
1i
#4302384136
0t
0s
0r
1y
0c
1i
#4302384470
1t
0s
0r
1y
0c
1i
#4302384975
0t
0s
0r
1y
0c
1i
#4302385311
1t
0s
0r
1y
0c
1i
#4302385816
0t
0s
0r
1y
0c
1i
#4302386151
1t
0s
0r
1y
0c
0i
#4302386657
0t
0s
0r
1y
0c
0i
#4302386990
1t
0s
0r
1y
0c
0i
#4302387494
0t
0s
0r
1y
0c
0i
#4302387828
1t
0s
0r
1y
0c
0i
#4302388334
0t
0s
0r
1y
0c
0i
#4302388667
1t
0s
0r
1y
0c
0i
#4302389175
0t
0s
0r
1y
0c
0i
#4302389507
1t
0s
0r
1y
0c
0i
#4302390012
0t
0s
0r
1y
0c
0i
#4302390346
1t
0s
0r
1y
0c
0i
#4302390853
0t
0s
0r
1y
0c
0i
#4302391186
1t
0s
0r
1y
0c
0i
#4302391696
0t
0s
0r
1y
0c
0i
#4302392028
1t
0s
0r
1y
0c
0i
#4302392536
0t
0s
0r
1y
0c
0i
#4302392870
1t
0s
0r
1y
0c
0i
#4302393378
0t
0s
0r
1y
0c
0i
#4302393714
1t
0s
0r
1y
0c
0i
#4302394224
0t
0s
0r
1y
0c
0i
#4302394559
1t
0s
0r
1y
0c
0i
#4302395066
0t
0s
0r
1y
0c
0i
#4302395402
1t
0s
0r
1y
0c
0i
#4302395911
0t
0s
0r
1y
0c
0i
#4302396247
1t
0s
0r
1y
0c
0i
#4302396758
0t
0s
0r
1y
0c
0i
#4302397094
1t
0s
0r
1y
0c
0i
#4302397602
0t
0s
0r
1y
0c
0i
#4302397940
1t
0s
0r
1y
0c
0i
#4302398449
0t
0s
0r
1y
0c
0i
#4302398787
1t
0s
0r
1y
0c
0i
#4302399298
0t
0s
0r
1y
0c
0i
#4302399635
1t
0s
0r
1y
0c
0i
#4302400145
0t
0s
0r
1y
0c
1i
#4302400483
1t
0s
0r
1y
0c
1i
#4302400994
0t
0s
0r
1y
0c
1i
#4302401333
1t
0s
0r
1y
0c
1i
#4302401847
0t
0s
0r
1y
0c
1i
#4302402187
1t
0s
0r
1y
0c
1i
#4302402698
0t
0s
0r
1y
0c
1i
#4302403039
1t
0s
0r
1y
0c
1i
#4302403554
0t
0s
0r
1y
0c
1i
#4302403895
1t
0s
0r
1y
0c
1i
#4302404414
0t
0s
0r
1y
0c
1i
#4302404755
1t
0s
0r
1y
0c
1i
#4302405272
0t
0s
0r
1y
1c
1i
#4302405615
1t
0s
0r
1y
1c
1i
#4302406135
0t
0s
0r
1y
1c
1i
#4302406478
1t
0s
0r
1y
1c
1i
#4302407000
0t
0s
0r
1y
1c
1i
#4302407342
1t
0s
0r
1y
1c
1i
#4302407860
0t
0s
0r
1y
1c
1i
#4302408203
1t
0s
0r
1y
1c
1i
#4302408721
0t
0s
0r
1y
1c
1i
#4302409063
1t
0s
0r
1y
1c
1i
#4302409582
0t
0s
0r
1y
1c
1i
#4302409923
1t
0s
0r
1y
1c
1i
#4302410437
0t
0s
0r
1y
1c
1i
#4302410780
1t
0s
0r
1y
1c
1i
#4302411293
0t
0s
0r
1y
1c
0i
#4302411635
1t
0s
0r
1y
1c
0i
#4302412151
0t
0s
0r
1y
1c
0i
#4302412492
1t
0s
0r
1y
1c
0i
#4302413004
0t
0s
0r
1y
1c
0i
#4302413346
1t
0s
0r
1y
1c
0i
#4302413860
0t
0s
0r
1y
1c
0i
#4302414202
1t
0s
0r
1y
1c
0i
#4302414718
0t
0s
0r
1y
1c
0i
#4302415060
1t
0s
0r
1y
1c
0i
#4302415573
0t
0s
0r
1y
1c
0i
#4302415917
1t
0s
0r
1y
1c
0i
#4302416432
0t
0s
0r
1y
1c
0i
#4302416775
1t
0s
0r
1y
1c
0i
#4302417293
0t
0s
0r
1y
1c
0i
#4302417636
1t
0s
0r
1y
1c
0i
#4302418994
0t
0s
0r
1y
1c
0i
#4302419974
1t
0s
0r
1y
1c
0i
#4302420750
0t
0s
0r
1y
1c
0i
#4302421084
1t
0s
0r
1y
1c
0i
#4302421607
0t
0s
0r
1y
1c
0i
#4302421950
1t
0s
0r
1y
1c
0i
#4302422472
0t
0s
0r
1y
1c
0i
#4302422816
1t
0s
0r
1y
1c
0i
#4302423337
0t
0s
0r
1y
1c
0i
#4302423682
1t
0s
0r
1y
1c
0i
#4302424205
0t
0s
0r
1y
1c
1i
#4302424550
1t
0s
0r
1y
1c
1i
#4302425075
0t
0s
0r
1y
1c
1i
#4302425419
1t
0s
0r
1y
1c
1i
#4302425941
0t
0s
0r
1y
1c
1i
#4302426287
1t
0s
0r
1y
1c
1i
#4302426812
0t
0s
0r
1y
1c
1i
#4302427157
1t
0s
0r
1y
1c
1i
#4302427685
0t
0s
0r
1y
1c
1i
#4302428031
1t
0s
0r
1y
1c
1i
#4302428557
0t
0s
0r
1y
1c
1i
#4302428905
1t
0s
0r
1y
0c
1i
#4302429434
0t
0s
0r
1y
0c
1i
#4302429782
1t
0s
0r
1y
0c
1i
#4302430315
0t
0s
0r
1y
0c
1i
#4302430663
1t
0s
0r
1y
0c
1i
#4302431194
0t
0s
0r
1y
0c
1i
#4302431544
1t
0s
0r
1y
0c
1i
#4302432077
0t
0s
0r
1y
0c
1i
#4302432428
1t
0s
0r
1y
0c
1i
#4302432731
1t
0s
1r
1y
0c
1i
#4302432733
1t
0s
0r
1y
0c
1i
#4302432963
0t
0s
0r
1y
0c
1i
#4302433313
1t
0s
0r
1y
0c
1i
#4302433845
0t
0s
0r
1y
0c
1i
#4302434195
1t
0s
0r
1y
0c
1i
#4302434726
0t
0s
0r
1y
0c
1i
#4302435074
1t
0s
0r
1y
0c
0i
#4302435606
0t
0s
0r
1y
0c
0i
#4302435951
1t
0s
0r
1y
0c
0i
#4302436475
0t
0s
0r
1y
0c
0i
#4302436821
1t
0s
0r
1y
0c
0i
#4302437340
0t
0s
0r
1y
0c
0i
#4302437681
1t
0s
0r
1y
0c
0i
#4302438197
0t
0s
0r
1y
0c
0i
#4302438533
1t
0s
0r
1y
0c
0i
#4302439041
0t
0s
0r
1y
0c
0i
#4302439376
1t
0s
0r
1y
0c
0i
#4302439880
0t
0s
0r
1y
0c
0i
#4302440212
1t
0s
0r
1y
0c
0i
#4302440715
0t
0s
0r
1y
0c
0i
#4302441044
1t
0s
0r
1y
0c
0i
#4302441541
0t
0s
0r
1y
0c
0i
#4302441870
1t
0s
0r
1y
0c
0i
#4302442367
0t
0s
0r
1y
0c
0i
#4302442695
1t
0s
0r
1y
0c
0i
#4302443193
0t
0s
0r
1y
0c
0i
#4302443519
1t
0s
0r
1y
0c
0i
#4302444013
0t
0s
0r
1y
0c
0i
#4302444341
1t
0s
0r
1y
0c
0i
#4302444834
0t
0s
0r
1y
0c
0i
#4302445162
1t
0s
0r
1y
0c
0i
#4302445657
0t
0s
0r
1y
0c
0i
#4302445984
1t
0s
0r
1y
0c
0i
#4302446475
0t
0s
0r
1y
0c
0i
#4302446803
1t
0s
0r
1y
0c
0i
#4302447295
0t
0s
0r
1y
0c
0i
#4302447622
1t
0s
0r
1y
0c
0i
#4302448115
0t
0s
0r
1y
0c
0i
#4302448441
1t
0s
0r
1y
0c
0i
#4302448931
0t
0s
0r
1y
0c
0i
#4302449259
1t
0s
0r
1y
0c
0i
#4302449750
0t
0s
0r
1y
0c
1i
#4302450077
1t
0s
0r
1y
0c
1i
#4302450570
0t
0s
0r
1y
0c
1i
#4302450896
1t
0s
0r
1y
0c
1i
#4302451386
0t
0s
0r
1y
0c
1i
#4302451713
1t
0s
0r
1y
0c
1i
#4302452204
0t
0s
0r
1y
0c
1i
#4302452531
1t
0s
0r
1y
0c
1i
#4302453023
0t
0s
0r
1y
0c
1i
#4302453351
1t
0s
0r
1y
0c
1i
#4302453840
0t
0s
0r
1y
0c
1i
#4302454169
1t
0s
0r
1y
0c
1i
#4302454661
0t
0s
0r
1y
0c
1i
#4302454990
1t
0s
0r
1y
0c
1i
#4302455485
0t
0s
0r
1y
0c
1i
#4302455813
1t
0s
0r
1y
1c
1i
#4302456307
0t
0s
0r
1y
1c
1i
#4302456637
1t
0s
0r
1y
1c
1i
#4302457132
0t
0s
0r
1y
1c
1i
#4302457463
1t
0s
0r
1y
1c
1i
#4302457961
0t
0s
0r
1y
1c
1i
#4302458290
1t
0s
0r
1y
1c
1i
#4302458785
0t
0s
0r
1y
1c
1i
#4302459116
1t
0s
0r
1y
1c
1i
#4302459611
0t
0s
0r
1y
1c
0i
#4302459940
1t
0s
0r
1y
1c
0i
#4302460437
0t
0s
0r
1y
1c
0i
#4302460765
1t
0s
0r
1y
1c
0i
#4302461257
0t
0s
0r
1y
1c
0i
#4302461587
1t
0s
0r
1y
1c
0i
#4302462078
0t
0s
0r
1y
1c
0i
#4302462407
1t
0s
0r
1y
1c
0i
#4302462899
0t
0s
0r
1y
1c
0i
#4302463226
1t
0s
0r
1y
1c
0i
#4302463713
0t
0s
0r
1y
1c
0i
#4302464041
1t
0s
0r
1y
1c
0i
#4302464527
0t
0s
0r
1y
1c
0i
#4302464852
1t
0s
0r
1y
1c
0i
#4302465337
0t
0s
0r
1y
1c
0i
#4302465661
1t
0s
0r
1y
1c
0i
#4302466140
0t
0s
0r
1y
1c
0i
#4302466464
1t
0s
0r
1y
1c
0i
#4302466941
0t
0s
0r
1y
1c
0i
#4302467263
1t
0s
0r
1y
1c
0i
#4302467740
0t
0s
0r
1y
1c
0i
#4302468059
1t
0s
0r
1y
1c
0i
#4302469304
0t
0s
0r
1y
1c
0i
#4302470203
1t
0s
0r
1y
1c
0i
#4302470908
0t
0s
0r
1y
1c
0i
#4302471215
1t
0s
0r
1y
1c
0i
#4302471688
0t
0s
0r
1y
1c
0i
#4302472002
1t
0s
0r
1y
1c
0i
#4302472472
0t
0s
0r
1y
1c
0i
#4302472787
1t
0s
0r
1y
1c
0i
#4302473257
0t
0s
0r
1y
1c
0i
#4302473572
1t
0s
0r
1y
1c
0i
#4302474041
0t
0s
0r
1y
1c
1i
#4302474356
1t
0s
0r
1y
1c
1i
#4302474827
0t
0s
0r
1y
1c
1i
#4302475141
1t
0s
0r
1y
1c
1i
#4302475609
0t
0s
0r
1y
1c
1i
#4302475924
1t
0s
0r
1y
1c
1i
#4302476394
0t
0s
0r
1y
1c
1i
#4302476708
1t
0s
0r
1y
1c
1i
#4302477180
0t
0s
0r
1y
1c
1i
#4302477495
1t
0s
0r
1y
1c
1i
#4302477963
0t
0s
0r
1y
1c
1i
#4302478280
1t
0s
0r
1y
1c
1i
#4302478751
0t
0s
0r
1y
1c
1i
#4302479067
1t
0s
0r
1y
1c
1i
#4302479541
0t
0s
0r
1y
1c
1i
#4302479856
1t
0s
0r
1y
0c
1i
#4302480328
0t
0s
0r
1y
0c
1i
#4302480645
1t
0s
0r
1y
0c
1i
#4302481118
0t
0s
0r
1y
0c
1i
#4302481436
1t
0s
0r
1y
0c
1i
#4302481911
0t
0s
0r
1y
0c
1i
#4302482227
1t
0s
0r
1y
0c
1i
#4302482699
0t
0s
0r
1y
0c
1i
#4302483016
1t
0s
0r
1y
0c
1i
#4302483489
0t
0s
0r
1y
0c
0i
#4302483805
1t
0s
0r
1y
0c
0i
#4302484279
0t
0s
0r
1y
0c
0i
#4302484593
1t
0s
0r
1y
0c
0i
#4302485063
0t
0s
0r
1y
0c
0i
#4302485379
1t
0s
0r
1y
0c
0i
#4302485848
0t
0s
0r
1y
0c
0i
#4302486162
1t
0s
0r
1y
0c
0i
#4302486631
0t
0s
0r
1y
0c
0i
#4302486942
1t
0s
0r
1y
0c
0i
#4302487405
0t
0s
0r
1y
0c
0i
#4302487715
1t
0s
0r
1y
0c
0i
#4302488175
0t
0s
0r
1y
0c
0i
#4302488482
1t
0s
0r
1y
0c
0i
#4302488940
0t
0s
0r
1y
0c
0i
#4302489244
1t
0s
0r
1y
0c
0i
#4302489697
0t
0s
0r
1y
0c
0i
#4302490001
1t
0s
0r
1y
0c
0i
#4302490452
0t
0s
0r
1y
0c
0i
#4302490754
1t
0s
0r
1y
0c
0i
#4302491206
0t
0s
0r
1y
0c
0i
#4302491507
1t
0s
0r
1y
0c
0i
#4302491955
0t
0s
0r
1y
0c
0i
#4302492256
1t
0s
0r
1y
0c
0i
#4302492703
0t
0s
0r
1y
0c
0i
#4302493005
1t
0s
0r
1y
0c
0i
#4302493453
0t
0s
0r
1y
0c
0i
#4302493753
1t
0s
0r
1y
0c
0i
#4302494198
0t
0s
0r
1y
0c
0i
#4302494499
1t
0s
0r
1y
0c
0i
#4302494944
0t
0s
0r
1y
0c
0i
#4302495244
1t
0s
0r
1y
0c
0i
#4302495691
0t
0s
0r
1y
0c
0i
#4302495990
1t
0s
0r
1y
0c
0i
#4302496433
0t
0s
0r
1y
0c
0i
#4302496734
1t
0s
0r
1y
0c
0i
#4302497177
0t
0s
0r
1y
0c
0i
#4302497478
1t
0s
0r
1y
0c
1i
#4302497923
0t
0s
0r
1y
0c
1i
#4302498223
1t
0s
0r
1y
0c
1i
#4302498666
0t
0s
0r
1y
0c
1i
#4302498967
1t
0s
0r
1y
0c
1i
#4302499410
0t
0s
0r
1y
0c
1i
#4302499711
1t
0s
0r
1y
0c
1i
#4302500155
0t
0s
0r
1y
0c
1i
#4302500457
1t
0s
0r
1y
0c
1i
#4302500899
0t
0s
0r
1y
0c
1i
#4302501201
1t
0s
0r
1y
0c
1i
#4302501645
0t
0s
0r
1y
0c
1i
#4302501947
1t
0s
0r
1y
0c
1i
#4302502394
0t
0s
0r
1y
0c
1i
#4302502695
1t
0s
0r
1y
1c
1i
#4302503140
0t
0s
0r
1y
1c
1i
#4302503443
1t
0s
0r
1y
1c
1i
#4302503889
0t
0s
0r
1y
1c
1i
#4302504191
1t
0s
0r
1y
1c
1i
#4302504640
0t
0s
0r
1y
1c
1i
#4302504942
1t
0s
0r
1y
1c
1i
#4302505387
0t
0s
0r
1y
1c
1i
#4302505690
1t
0s
0r
1y
1c
1i
#4302506136
0t
0s
0r
1y
1c
1i
#4302506438
1t
0s
0r
1y
1c
0i
#4302506885
0t
0s
0r
1y
1c
0i
#4302507186
1t
0s
0r
1y
1c
0i
#4302507629
0t
0s
0r
1y
1c
0i
#4302507932
1t
0s
0r
1y
1c
0i
#4302508374
0t
0s
0r
1y
1c
0i
#4302508676
1t
0s
0r
1y
1c
0i
#4302509119
0t
0s
0r
1y
1c
0i
#4302509418
1t
0s
0r
1y
1c
0i
#4302509856
0t
0s
0r
1y
1c
0i
#4302510155
1t
0s
0r
1y
1c
0i
#4302510591
0t
0s
0r
1y
1c
0i
#4302510888
1t
0s
0r
1y
1c
0i
#4302511322
0t
0s
0r
1y
1c
0i
#4302511618
1t
0s
0r
1y
1c
0i
#4302512047
0t
0s
0r
1y
1c
0i
#4302512342
1t
0s
0r
1y
1c
0i
#4302512770
0t
0s
0r
1y
1c
0i
#4302513064
1t
0s
0r
1y
1c
0i
#4302513492
0t
0s
0r
1y
1c
0i
#4302513784
1t
0s
0r
1y
1c
0i
#4302514907
0t
0s
0r
1y
1c
0i
#4302515726
1t
0s
0r
1y
1c
0i
#4302516363
0t
0s
0r
1y
1c
0i
#4302516644
1t
0s
0r
1y
1c
0i
#4302517070
0t
0s
0r
1y
1c
0i
#4302517358
1t
0s
0r
1y
1c
0i
#4302517782
0t
0s
0r
1y
1c
0i
#4302518071
1t
0s
0r
1y
1c
0i
#4302518494
0t
0s
0r
1y
1c
1i
#4302518783
1t
0s
0r
1y
1c
1i
#4302519207
0t
0s
0r
1y
1c
1i
#4302519495
1t
0s
0r
1y
1c
1i
#4302519920
0t
0s
0r
1y
1c
1i
#4302520208
1t
0s
0r
1y
1c
1i
#4302520630
0t
0s
0r
1y
1c
1i
#4302520919
1t
0s
0r
1y
1c
1i
#4302521342
0t
0s
0r
1y
1c
1i
#4302521630
1t
0s
0r
1y
1c
1i
#4302522055
0t
0s
0r
1y
1c
1i
#4302522344
1t
0s
0r
1y
1c
1i
#4302522766
0t
0s
0r
1y
1c
1i
#4302523056
1t
0s
0r
1y
1c
1i
#4302523479
0t
0s
0r
1y
1c
1i
#4302523769
1t
0s
0r
1y
1c
1i
#4302524195
0t
0s
0r
1y
0c
1i
#4302524484
1t
0s
0r
1y
0c
1i
#4302524908
0t
0s
0r
1y
0c
1i
#4302525198
1t
0s
0r
1y
0c
1i
#4302525623
0t
0s
0r
1y
0c
1i
#4302525913
1t
0s
0r
1y
0c
1i
#4302526341
0t
0s
0r
1y
0c
1i
#4302526630
1t
0s
0r
1y
0c
1i
#4302527055
0t
0s
0r
1y
0c
0i
#4302527172
0t
0s
1r
1y
0c
0i
#4302527175
0t
0s
0r
1y
0c
0i
#4302527345
1t
0s
0r
1y
0c
0i
#4302527770
0t
0s
0r
1y
0c
0i
#4302528059
1t
0s
0r
1y
0c
0i
#4302528486
0t
0s
0r
1y
0c
0i
#4302528774
1t
0s
0r
1y
0c
0i
#4302529197
0t
0s
0r
1y
0c
0i
#4302529488
1t
0s
0r
1y
0c
0i
#4302529911
0t
0s
0r
1y
0c
0i
#4302530201
1t
0s
0r
1y
0c
0i
#4302530627
0t
0s
0r
1y
0c
0i
#4302530915
1t
0s
0r
1y
0c
0i
#4302531339
0t
0s
0r
1y
0c
0i
#4302531628
1t
0s
0r
1y
0c
0i
#4302532053
0t
0s
0r
1y
0c
0i
#4302532341
1t
0s
0r
1y
0c
0i
#4302532768
0t
0s
0r
1y
0c
0i
#4302533055
1t
0s
0r
1y
0c
0i
#4302533479
0t
0s
0r
1y
0c
0i
#4302533767
1t
0s
0r
1y
0c
0i
#4302534192
0t
0s
0r
1y
0c
0i
#4302534480
1t
0s
0r
1y
0c
0i
#4302534906
0t
0s
0r
1y
0c
0i
#4302535192
1t
0s
0r
1y
0c
0i
#4302535616
0t
0s
0r
1y
0c
0i
#4302535903
1t
0s
0r
1y
0c
0i
#4302536326
0t
0s
0r
1y
0c
0i
#4302536614
1t
0s
0r
1y
0c
0i
#4302537037
0t
0s
0r
1y
0c
0i
#4302537324
1t
0s
0r
1y
0c
0i
#4302537744
0t
0s
0r
1y
0c
0i
#4302538031
1t
0s
0r
1y
0c
0i
#4302538451
0t
0s
0r
1y
0c
0i
#4302538738
1t
0s
0r
1y
0c
0i
#4302539159
0t
0s
0r
1y
0c
0i
#4302539444
1t
0s
0r
1y
0c
0i
#4302539862
0t
0s
0r
1y
0c
0i
#4302540149
1t
0s
0r
1y
0c
1i
#4302540567
0t
0s
0r
1y
0c
1i
#4302540853
1t
0s
0r
1y
0c
1i
#4302541273
0t
0s
0r
1y
0c
1i
#4302541558
1t
0s
0r
1y
0c
1i
#4302541974
0t
0s
0r
1y
0c
1i
#4302542260
1t
0s
0r
1y
0c
1i
#4302542678
0t
0s
0r
1y
0c
1i
#4302542963
1t
0s
0r
1y
0c
1i
#4302543382
0t
0s
0r
1y
0c
1i
#4302543668
1t
0s
0r
1y
0c
1i
#4302544084
0t
0s
0r
1y
0c
1i
#4302544372
1t
0s
0r
1y
0c
1i
#4302544789
0t
0s
0r
1y
0c
1i
#4302545077
1t
0s
0r
1y
0c
1i
#4302545497
0t
0s
0r
1y
1c
1i
#4302545783
1t
0s
0r
1y
1c
1i
#4302546202
0t
0s
0r
1y
1c
1i
#4302546490
1t
0s
0r
1y
1c
0i
#4302546911
0t
0s
0r
1y
1c
0i
#4302547198
1t
0s
0r
1y
1c
0i
#4302547621
0t
0s
0r
1y
1c
0i
#4302547908
1t
0s
0r
1y
1c
0i
#4302548328
0t
0s
0r
1y
1c
0i
#4302548616
1t
0s
0r
1y
1c
0i
#4302549037
0t
0s
0r
1y
1c
0i
#4302549325
1t
0s
0r
1y
1c
0i
#4302549747
0t
0s
0r
1y
1c
0i
#4302550034
1t
0s
0r
1y
1c
0i
#4302550452
0t
0s
0r
1y
1c
0i
#4302550742
1t
0s
0r
1y
1c
0i
#4302551161
0t
0s
0r
1y
1c
0i
#4302551449
1t
0s
0r
1y
1c
0i
#4302551870
0t
0s
0r
1y
1c
0i
#4302552157
1t
0s
0r
1y
1c
0i
#4302552574
0t
0s
0r
1y
1c
0i
#4302552862
1t
0s
0r
1y
1c
0i
#4302553280
0t
0s
0r
1y
1c
0i
#4302553567
1t
0s
0r
1y
1c
0i
#4302553986
0t
0s
0r
1y
1c
0i
#4302554273
1t
0s
0r
1y
1c
0i
#4302554688
0t
0s
0r
1y
1c
0i
#4302554976
1t
0s
0r
1y
1c
0i
#4302555391
0t
0s
0r
1y
1c
0i
#4302555677
1t
0s
0r
1y
1c
0i
#4302556093
0t
0s
0r
1y
1c
0i
#4302556377
1t
0s
0r
1y
1c
0i
#4302557468
0t
0s
0r
1y
1c
0i
#4302558266
1t
0s
0r
1y
1c
0i
#4302558885
0t
0s
0r
1y
1c
0i
#4302559160
1t
0s
0r
1y
1c
0i
#4302559573
0t
0s
0r
1y
1c
0i
#4302559853
1t
0s
0r
1y
1c
0i
#4302560265
0t
0s
0r
1y
1c
0i
#4302560546
1t
0s
0r
1y
1c
0i
#4302560957
0t
0s
0r
1y
1c
0i
#4302561238
1t
0s
0r
1y
1c
1i
#4302561648
0t
0s
0r
1y
1c
1i
#4302561929
1t
0s
0r
1y
1c
1i
#4302562341
0t
0s
0r
1y
1c
1i
#4302562621
1t
0s
0r
1y
1c
1i
#4302563030
0t
0s
0r
1y
1c
1i
#4302563311
1t
0s
0r
1y
1c
1i
#4302563721
0t
0s
0r
1y
1c
1i
#4302564002
1t
0s
0r
1y
1c
1i
#4302564413
0t
0s
0r
1y
1c
1i
#4302564694
1t
0s
0r
1y
1c
1i
#4302565103
0t
0s
0r
1y
1c
1i
#4302565385
1t
0s
0r
1y
1c
1i
#4302565795
0t
0s
0r
1y
1c
1i
#4302566077
1t
0s
0r
1y
1c
1i
#4302566489
0t
0s
0r
1y
0c
1i
#4302566770
1t
0s
0r
1y
0c
1i
#4302567182
0t
0s
0r
1y
0c
0i
#4302567464
1t
0s
0r
1y
0c
0i
#4302567876
0t
0s
0r
1y
0c
0i
#4302568159
1t
0s
0r
1y
0c
0i
#4302568573
0t
0s
0r
1y
0c
0i
#4302568855
1t
0s
0r
1y
0c
0i
#4302569267
0t
0s
0r
1y
0c
0i
#4302569550
1t
0s
0r
1y
0c
0i
#4302569962
0t
0s
0r
1y
0c
0i
#4302570244
1t
0s
0r
1y
0c
0i
#4302570658
0t
0s
0r
1y
0c
0i
#4302570939
1t
0s
0r
1y
0c
0i
#4302571349
0t
0s
0r
1y
0c
0i
#4302571633
1t
0s
0r
1y
0c
0i
#4302572044
0t
0s
0r
1y
0c
0i
#4302572326
1t
0s
0r
1y
0c
0i
#4302572739
0t
0s
0r
1y
0c
0i
#4302573020
1t
0s
0r
1y
0c
0i
#4302573431
0t
0s
0r
1y
0c
0i
#4302573712
1t
0s
0r
1y
0c
0i
#4302574124
0t
0s
0r
1y
0c
0i
#4302574405
1t
0s
0r
1y
0c
0i
#4302574819
0t
0s
0r
1y
0c
0i
#4302575099
1t
0s
0r
1y
0c
0i
#4302575510
0t
0s
0r
1y
0c
0i
#4302575791
1t
0s
0r
1y
0c
0i
#4302576203
0t
0s
0r
1y
0c
0i
#4302576483
1t
0s
0r
1y
0c
0i
#4302576897
0t
0s
0r
1y
0c
0i
#4302577176
1t
0s
0r
1y
0c
0i
#4302577586
0t
0s
0r
1y
0c
0i
#4302577867
1t
0s
0r
1y
0c
0i
#4302578276
0t
0s
0r
1y
0c
0i
#4302578557
1t
0s
0r
1y
0c
0i
#4302578968
0t
0s
0r
1y
0c
0i
#4302579247
1t
0s
0r
1y
0c
0i
#4302579655
0t
0s
0r
1y
0c
0i
#4302579935
1t
0s
0r
1y
0c
0i
#4302580343
0t
0s
0r
1y
0c
0i
#4302580622
1t
0s
0r
1y
0c
0i
#4302581032
0t
0s
0r
1y
0c
0i
#4302581310
1t
0s
0r
1y
0c
0i
#4302581716
0t
0s
0r
1y
0c
0i
#4302581996
1t
0s
0r
1y
0c
0i
#4302582402
0t
0s
0r
1y
0c
1i
#4302582682
1t
0s
0r
1y
0c
1i
#4302583090
0t
0s
0r
1y
0c
1i
#4302583368
1t
0s
0r
1y
0c
1i
#4302583773
0t
0s
0r
1y
0c
1i
#4302584053
1t
0s
0r
1y
0c
1i
#4302584459
0t
0s
0r
1y
0c
1i
#4302584738
1t
0s
0r
1y
0c
1i
#4302585145
0t
0s
0r
1y
0c
1i
#4302585425
1t
0s
0r
1y
0c
1i
#4302585829
0t
0s
0r
1y
0c
1i
#4302586110
1t
0s
0r
1y
0c
1i
#4302586516
0t
0s
0r
1y
0c
1i
#4302586797
1t
0s
0r
1y
0c
1i
#4302587205
0t
0s
0r
1y
1c
1i
#4302587485
1t
0s
0r
1y
1c
1i
#4302587892
0t
0s
0r
1y
1c
0i
#4302588173
1t
0s
0r
1y
1c
0i
#4302588582
0t
0s
0r
1y
1c
0i
#4302588863
1t
0s
0r
1y
1c
0i
#4302589273
0t
0s
0r
1y
1c
0i
#4302589554
1t
0s
0r
1y
1c
0i
#4302589962
0t
0s
0r
1y
1c
0i
#4302590243
1t
0s
0r
1y
1c
0i
#4302590652
0t
0s
0r
1y
1c
0i
#4302590933
1t
0s
0r
1y
1c
0i
#4302591343
0t
0s
0r
1y
1c
0i
#4302591623
1t
0s
0r
1y
1c
0i
#4302592030
0t
0s
0r
1y
1c
0i
#4302592313
1t
0s
0r
1y
1c
0i
#4302592720
0t
0s
0r
1y
1c
0i
#4302593002
1t
0s
0r
1y
1c
0i
#4302593411
0t
0s
0r
1y
1c
0i
#4302593691
1t
0s
0r
1y
1c
0i
#4302594098
0t
0s
0r
1y
1c
0i
#4302594379
1t
0s
0r
1y
1c
0i
#4302594787
0t
0s
0r
1y
1c
0i
#4302595068
1t
0s
0r
1y
1c
0i
#4302595476
0t
0s
0r
1y
1c
0i
#4302595757
1t
0s
0r
1y
1c
0i
#4302596162
0t
0s
0r
1y
1c
0i
#4302596443
1t
0s
0r
1y
1c
0i
#4302596849
0t
0s
0r
1y
1c
0i
#4302597129
1t
0s
0r
1y
1c
0i
#4302597536
0t
0s
0r
1y
1c
0i
#4302597815
1t
0s
0r
1y
1c
0i
#4302598884
0t
0s
0r
1y
1c
0i
#4302599667
1t
0s
0r
1y
1c
0i
#4302600273
0t
0s
0r
1y
1c
0i
#4302600543
1t
0s
0r
1y
1c
0i
#4302600948
0t
0s
0r
1y
1c
0i
#4302601223
1t
0s
0r
1y
1c
0i
#4302601627
0t
0s
0r
1y
1c
0i
#4302601903
1t
0s
0r
1y
1c
0i
#4302602306
0t
0s
0r
1y
1c
1i
#4302602583
1t
0s
0r
1y
1c
1i
#4302602985
0t
0s
0r
1y
1c
1i
#4302603261
1t
0s
0r
1y
1c
1i
#4302603665
0t
0s
0r
1y
1c
1i
#4302603940
1t
0s
0r
1y
1c
1i
#4302604341
0t
0s
0r
1y
1c
1i
#4302604618
1t
0s
0r
1y
1c
1i
#4302605020
0t
0s
0r
1y
1c
1i
#4302605295
1t
0s
0r
1y
1c
1i
#4302605698
0t
0s
0r
1y
1c
1i
#4302605975
1t
0s
0r
1y
1c
1i
#4302606375
0t
0s
0r
1y
1c
1i
#4302606653
1t
0s
0r
1y
1c
1i
#4302607055
0t
0s
0r
1y
1c
1i
#4302607331
1t
0s
0r
1y
0c
1i
#4302607736
0t
0s
0r
1y
0c
1i
#4302608012
1t
0s
0r
1y
0c
0i
#4302608415
0t
0s
0r
1y
0c
0i
#4302608692
1t
0s
0r
1y
0c
0i
#4302609096
0t
0s
0r
1y
0c
0i
#4302609373
1t
0s
0r
1y
0c
0i
#4302609700
1t
0s
1r
1y
0c
0i
#4302609703
1t
0s
0r
1y
0c
0i
#4302609779
0t
0s
0r
1y
0c
0i
#4302610056
1t
0s
0r
1y
0c
0i
#4302610459
0t
0s
0r
1y
0c
0i
#4302610737
1t
0s
0r
1y
0c
0i
#4302611140
0t
0s
0r
1y
0c
0i
#4302611417
1t
0s
0r
1y
0c
0i
#4302611823
0t
0s
0r
1y
0c
0i
#4302612099
1t
0s
0r
1y
0c
0i
#4302612502
0t
0s
0r
1y
0c
0i
#4302612780
1t
0s
0r
1y
0c
0i
#4302613183
0t
0s
0r
1y
0c
0i
#4302613461
1t
0s
0r
1y
0c
0i
#4302613866
0t
0s
0r
1y
0c
0i
#4302614142
1t
0s
0r
1y
0c
0i
#4302614546
0t
0s
0r
1y
0c
0i
#4302614823
1t
0s
0r
1y
0c
0i
#4302615228
0t
0s
0r
1y
0c
0i
#4302615504
1t
0s
0r
1y
0c
0i
#4302615911
0t
0s
0r
1y
0c
0i
#4302616187
1t
0s
0r
1y
0c
0i
#4302616591
0t
0s
0r
1y
0c
0i
#4302616868
1t
0s
0r
1y
0c
0i
#4302617274
0t
0s
0r
1y
0c
0i
#4302617550
1t
0s
0r
1y
0c
0i
#4302617958
0t
0s
0r
1y
0c
0i
#4302618233
1t
0s
0r
1y
0c
0i
#4302618638
0t
0s
0r
1y
0c
0i
#4302618915
1t
0s
0r
1y
0c
0i
#4302619319
0t
0s
0r
1y
0c
0i
#4302619597
1t
0s
0r
1y
0c
0i
#4302620003
0t
0s
0r
1y
0c
0i
#4302620280
1t
0s
0r
1y
0c
0i
#4302620683
0t
0s
0r
1y
0c
0i
#4302620960
1t
0s
0r
1y
0c
0i
#4302621364
0t
0s
0r
1y
0c
0i
#4302621641
1t
0s
0r
1y
0c
0i
#4302622046
0t
0s
0r
1y
0c
0i
#4302622322
1t
0s
0r
1y
0c
0i
#4302622723
0t
0s
0r
1y
0c
0i
#4302623001
1t
0s
0r
1y
0c
1i
#4302623403
0t
0s
0r
1y
0c
1i
#4302623680
1t
0s
0r
1y
0c
1i
#4302624083
0t
0s
0r
1y
0c
1i
#4302624359
1t
0s
0r
1y
0c
1i
#4302624760
0t
0s
0r
1y
0c
1i
#4302625037
1t
0s
0r
1y
0c
1i
#4302625439
0t
0s
0r
1y
0c
1i
#4302625715
1t
0s
0r
1y
0c
1i
#4302626117
0t
0s
0r
1y
0c
1i
#4302626395
1t
0s
0r
1y
0c
1i
#4302626795
0t
0s
0r
1y
0c
1i
#4302627073
1t
0s
0r
1y
0c
1i
#4302627474
0t
0s
0r
1y
0c
1i
#4302627752
1t
0s
0r
1y
1c
1i
#4302628156
0t
0s
0r
1y
1c
1i
#4302628432
1t
0s
0r
1y
1c
1i
#4302628834
0t
0s
0r
1y
1c
1i
#4302629113
1t
0s
0r
1y
1c
1i
#4302629516
0t
0s
0r
1y
1c
0i
#4302629794
1t
0s
0r
1y
1c
0i
#4302630200
0t
0s
0r
1y
1c
0i
#4302630477
1t
0s
0r
1y
1c
0i
#4302630880
0t
0s
0r
1y
1c
0i
#4302631158
1t
0s
0r
1y
1c
0i
#4302631562
0t
0s
0r
1y
1c
0i
#4302631840
1t
0s
0r
1y
1c
0i
#4302632246
0t
0s
0r
1y
1c
0i
#4302632523
1t
0s
0r
1y
1c
0i
#4302632925
0t
0s
0r
1y
1c
0i
#4302633205
1t
0s
0r
1y
1c
0i
#4302633608
0t
0s
0r
1y
1c
0i
#4302633887
1t
0s
0r
1y
1c
0i
#4302634291
0t
0s
0r
1y
1c
0i
#4302634569
1t
0s
0r
1y
1c
0i
#4302634972
0t
0s
0r
1y
1c
0i
#4302635251
1t
0s
0r
1y
1c
0i
#4302635654
0t
0s
0r
1y
1c
0i
#4302635933
1t
0s
0r
1y
1c
0i
#4302636338
0t
0s
0r
1y
1c
0i
#4302636617
1t
0s
0r
1y
1c
0i
#4302637019
0t
0s
0r
1y
1c
0i
#4302637299
1t
0s
0r
1y
1c
0i
#4302637702
0t
0s
0r
1y
1c
0i
#4302637981
1t
0s
0r
1y
1c
0i
#4302638386
0t
0s
0r
1y
1c
0i
#4302638664
1t
0s
0r
1y
1c
0i
#4302639728
0t
0s
0r
1y
1c
0i
#4302640510
1t
0s
0r
1y
1c
0i
#4302641115
0t
0s
0r
1y
1c
0i
#4302641384
1t
0s
0r
1y
1c
0i
#4302641788
0t
0s
0r
1y
1c
0i
#4302642064
1t
0s
0r
1y
1c
0i
#4302642466
0t
0s
0r
1y
1c
0i
#4302642742
1t
0s
0r
1y
1c
0i
#4302643144
0t
0s
0r
1y
1c
0i
#4302643420
1t
0s
0r
1y
1c
0i
#4302643821
0t
0s
0r
1y
1c
1i
#4302644097
1t
0s
0r
1y
1c
1i
#4302644500
0t
0s
0r
1y
1c
1i
#4302644775
1t
0s
0r
1y
1c
1i
#4302645175
0t
0s
0r
1y
1c
1i
#4302645450
1t
0s
0r
1y
1c
1i
#4302645852
0t
0s
0r
1y
1c
1i
#4302646127
1t
0s
0r
1y
1c
1i
#4302646528
0t
0s
0r
1y
1c
1i
#4302646804
1t
0s
0r
1y
0c
1i
#4302647204
0t
0s
0r
1y
0c
1i
#4302647480
1t
0s
0r
1y
0c
1i
#4302647881
0t
0s
0r
1y
0c
1i
#4302648157
1t
0s
0r
1y
0c
1i
#4302648560
0t
0s
0r
1y
0c
1i
#4302648836
1t
0s
0r
1y
0c
1i
#4302649237
0t
0s
0r
1y
0c
1i
#4302649514
1t
0s
0r
1y
0c
1i
#4302649917
0t
0s
0r
1y
0c
0i
#4302650194
1t
0s
0r
1y
0c
0i
#4302650598
0t
0s
0r
1y
0c
0i
#4302650875
1t
0s
0r
1y
0c
0i
#4302651277
0t
0s
0r
1y
0c
0i
#4302651554
1t
0s
0r
1y
0c
0i
#4302651957
0t
0s
0r
1y
0c
0i
#4302652233
1t
0s
0r
1y
0c
0i
#4302652638
0t
0s
0r
1y
0c
0i
#4302652914
1t
0s
0r
1y
0c
0i
#4302653315
0t
0s
0r
1y
0c
0i
#4302653593
1t
0s
0r
1y
0c
0i
#4302653995
0t
0s
0r
1y
0c
0i
#4302654272
1t
0s
0r
1y
0c
0i
#4302654676
0t
0s
0r
1y
0c
0i
#4302654951
1t
0s
0r
1y
0c
0i
#4302655353
0t
0s
0r
1y
0c
0i
#4302655629
1t
0s
0r
1y
0c
0i
#4302656032
0t
0s
0r
1y
0c
0i
#4302656307
1t
0s
0r
1y
0c
0i
#4302656712
0t
0s
0r
1y
0c
0i
#4302656986
1t
0s
0r
1y
0c
0i
#4302657387
0t
0s
0r
1y
0c
0i
#4302657663
1t
0s
0r
1y
0c
0i
#4302658065
0t
0s
0r
1y
0c
0i
#4302658339
1t
0s
0r
1y
0c
0i
#4302658743
0t
0s
0r
1y
0c
0i
#4302659016
1t
0s
0r
1y
0c
0i
#4302659418
0t
0s
0r
1y
0c
0i
#4302659692
1t
0s
0r
1y
0c
0i
#4302660092
0t
0s
0r
1y
0c
0i
#4302660368
1t
0s
0r
1y
0c
0i
#4302660769
0t
0s
0r
1y
0c
0i
#4302661043
1t
0s
0r
1y
0c
0i
#4302661442
0t
0s
0r
1y
0c
0i
#4302661717
1t
0s
0r
1y
0c
0i
#4302662116
0t
0s
0r
1y
0c
0i
#4302662390
1t
0s
0r
1y
0c
0i
#4302662791
0t
0s
0r
1y
0c
0i
#4302663064
1t
0s
0r
1y
0c
0i
#4302663462
0t
0s
0r
1y
0c
0i
#4302663737
1t
0s
0r
1y
0c
0i
#4302664135
0t
0s
0r
1y
0c
0i
#4302664410
1t
0s
0r
1y
0c
1i
#4302664809
0t
0s
0r
1y
0c
1i
#4302665083
1t
0s
0r
1y
0c
1i
#4302665480
0t
0s
0r
1y
0c
1i
#4302665754
1t
0s
0r
1y
0c
1i
#4302666152
0t
0s
0r
1y
0c
1i
#4302666427
1t
0s
0r
1y
0c
1i
#4302666825
0t
0s
0r
1y
0c
1i
#4302667101
1t
0s
0r
1y
1c
1i
#4302667497
0t
0s
0r
1y
1c
1i
#4302667773
1t
0s
0r
1y
1c
1i
#4302668170
0t
0s
0r
1y
1c
1i
#4302668446
1t
0s
0r
1y
1c
1i
#4302668846
0t
0s
0r
1y
1c
1i
#4302669121
1t
0s
0r
1y
1c
1i
#4302669519
0t
0s
0r
1y
1c
1i
#4302669796
1t
0s
0r
1y
1c
1i
#4302670195
0t
0s
0r
1y
1c
0i
#4302670471
1t
0s
0r
1y
1c
0i
#4302670873
0t
0s
0r
1y
1c
0i
#4302671149
1t
0s
0r
1y
1c
0i
#4302671549
0t
0s
0r
1y
1c
0i
#4302671825
1t
0s
0r
1y
1c
0i
#4302672225
0t
0s
0r
1y
1c
0i
#4302672501
1t
0s
0r
1y
1c
0i
#4302672903
0t
0s
0r
1y
1c
0i
#4302673179
1t
0s
0r
1y
1c
0i
#4302673577
0t
0s
0r
1y
1c
0i
#4302673855
1t
0s
0r
1y
1c
0i
#4302674254
0t
0s
0r
1y
1c
0i
#4302674530
1t
0s
0r
1y
1c
0i
#4302674931
0t
0s
0r
1y
1c
0i
#4302675206
1t
0s
0r
1y
1c
0i
#4302675604
0t
0s
0r
1y
1c
0i
#4302675880
1t
0s
0r
1y
1c
0i
#4302676278
0t
0s
0r
1y
1c
0i
#4302676554
1t
0s
0r
1y
1c
0i
#4302676953
0t
0s
0r
1y
1c
0i
#4302677228
1t
0s
0r
1y
1c
0i
#4302677624
0t
0s
0r
1y
1c
0i
#4302677900
1t
0s
0r
1y
1c
0i
#4302678296
0t
0s
0r
1y
1c
0i
#4302678572
1t
0s
0r
1y
1c
0i
#4302678969
0t
0s
0r
1y
1c
0i
#4302679243
1t
0s
0r
1y
1c
0i
#4302680289
0t
0s
0r
1y
1c
0i
#4302681059
1t
0s
0r
1y
1c
0i
#4302681653
0t
0s
0r
1y
1c
0i
#4302681919
1t
0s
0r
1y
1c
0i
#4302682316
0t
0s
0r
1y
1c
0i
#4302682588
1t
0s
0r
1y
1c
0i
#4302682983
0t
0s
0r
1y
1c
0i
#4302683256
1t
0s
0r
1y
1c
0i
#4302683651
0t
0s
0r
1y
1c
0i
#4302683924
1t
0s
0r
1y
1c
1i
#4302684319
0t
0s
0r
1y
1c
1i
#4302684591
1t
0s
0r
1y
1c
1i
#4302684988
0t
0s
0r
1y
1c
1i
#4302685259
1t
0s
0r
1y
1c
1i
#4302685653
0t
0s
0r
1y
1c
1i
#4302685925
1t
0s
0r
1y
1c
1i
#4302686320
0t
0s
0r
1y
1c
1i
#4302686592
1t
0s
0r
1y
1c
1i
#4302686988
0t
0s
0r
1y
0c
1i
#4302687261
1t
0s
0r
1y
0c
1i
#4302687654
0t
0s
0r
1y
0c
1i
#4302687927
1t
0s
0r
1y
0c
1i
#4302688322
0t
0s
0r
1y
0c
1i
#4302688595
1t
0s
0r
1y
0c
1i
#4302688992
0t
0s
0r
1y
0c
1i
#4302689264
1t
0s
0r
1y
0c
1i
#4302689660
0t
0s
0r
1y
0c
0i
#4302689933
1t
0s
0r
1y
0c
0i
#4302690329
0t
0s
0r
1y
0c
0i
#4302690603
1t
0s
0r
1y
0c
0i
#4302690790
1t
0s
1r
1y
0c
0i
#4302690792
1t
0s
0r
1y
0c
0i
#4302691001
0t
0s
0r
1y
0c
0i
#4302691274
1t
0s
0r
1y
0c
0i
#4302691670
0t
0s
0r
1y
0c
0i
#4302691943
1t
0s
0r
1y
0c
0i
#4302692340
0t
0s
0r
1y
0c
0i
#4302692613
1t
0s
0r
1y
0c
0i
#4302693012
0t
0s
0r
1y
0c
0i
#4302693284
1t
0s
0r
1y
0c
0i
#4302693679
0t
0s
0r
1y
0c
0i
#4302693954
1t
0s
0r
1y
0c
0i
#4302694349
0t
0s
0r
1y
0c
0i
#4302694623
1t
0s
0r
1y
0c
0i
#4302695021
0t
0s
0r
1y
0c
0i
#4302695293
1t
0s
0r
1y
0c
0i
#4302695690
0t
0s
0r
1y
0c
0i
#4302695963
1t
0s
0r
1y
0c
0i
#4302696360
0t
0s
0r
1y
0c
0i
#4302696632
1t
0s
0r
1y
0c
0i
#4302697032
0t
0s
0r
1y
0c
0i
#4302697303
1t
0s
0r
1y
0c
0i
#4302697700
0t
0s
0r
1y
0c
0i
#4302697973
1t
0s
0r
1y
0c
0i
#4302698370
0t
0s
0r
1y
0c
0i
#4302698642
1t
0s
0r
1y
0c
0i
#4302699042
0t
0s
0r
1y
0c
0i
#4302699313
1t
0s
0r
1y
0c
0i
#4302699711
0t
0s
0r
1y
0c
0i
#4302699983
1t
0s
0r
1y
0c
0i
#4302700380
0t
0s
0r
1y
0c
0i
#4302700654
1t
0s
0r
1y
0c
0i
#4302701051
0t
0s
0r
1y
0c
0i
#4302701324
1t
0s
0r
1y
0c
0i
#4302701719
0t
0s
0r
1y
0c
0i
#4302701992
1t
0s
0r
1y
0c
0i
#4302702388
0t
0s
0r
1y
0c
0i
#4302702661
1t
0s
0r
1y
0c
0i
#4302703058
0t
0s
0r
1y
0c
0i
#4302703330
1t
0s
0r
1y
0c
0i
#4302703724
0t
0s
0r
1y
0c
0i
#4302703998
1t
0s
0r
1y
0c
0i
#4302704392
0t
0s
0r
1y
0c
1i
#4302704665
1t
0s
0r
1y
0c
1i
#4302705061
0t
0s
0r
1y
0c
1i
#4302705333
1t
0s
0r
1y
0c
1i
#4302705727
0t
0s
0r
1y
0c
1i
#4302706000
1t
0s
0r
1y
0c
1i
#4302706394
0t
0s
0r
1y
0c
1i
#4302706667
1t
0s
0r
1y
0c
1i
#4302707062
0t
0s
0r
1y
1c
1i
#4302707336
1t
0s
0r
1y
1c
1i
#4302707728
0t
0s
0r
1y
1c
1i
#4302708003
1t
0s
0r
1y
1c
1i
#4302708397
0t
0s
0r
1y
1c
1i
#4302708671
1t
0s
0r
1y
1c
1i
#4302709068
0t
0s
0r
1y
1c
1i
#4302709341
1t
0s
0r
1y
1c
1i
#4302709736
0t
0s
0r
1y
1c
1i
#4302710010
1t
0s
0r
1y
1c
0i
#4302710407
0t
0s
0r
1y
1c
0i
#4302710681
1t
0s
0r
1y
1c
0i
#4302711080
0t
0s
0r
1y
1c
0i
#4302711353
1t
0s
0r
1y
1c
0i
#4302711749
0t
0s
0r
1y
1c
0i
#4302712024
1t
0s
0r
1y
1c
0i
#4302712421
0t
0s
0r
1y
1c
0i
#4302712695
1t
0s
0r
1y
1c
0i
#4302713095
0t
0s
0r
1y
1c
0i
#4302713368
1t
0s
0r
1y
1c
0i
#4302713764
0t
0s
0r
1y
1c
0i
#4302714040
1t
0s
0r
1y
1c
0i
#4302714436
0t
0s
0r
1y
1c
0i
#4302714711
1t
0s
0r
1y
1c
0i
#4302715109
0t
0s
0r
1y
1c
0i
#4302715383
1t
0s
0r
1y
1c
0i
#4302715779
0t
0s
0r
1y
1c
0i
#4302716054
1t
0s
0r
1y
1c
0i
#4302716450
0t
0s
0r
1y
1c
0i
#4302716725
1t
0s
0r
1y
1c
0i
#4302717123
0t
0s
0r
1y
1c
0i
#4302717397
1t
0s
0r
1y
1c
0i
#4302717792
0t
0s
0r
1y
1c
0i
#4302718068
1t
0s
0r
1y
1c
0i
#4302718463
0t
0s
0r
1y
1c
0i
#4302718738
1t
0s
0r
1y
1c
0i
#4302719134
0t
0s
0r
1y
1c
0i
#4302719408
1t
0s
0r
1y
1c
0i
#4302720452
0t
0s
0r
1y
1c
0i
#4302721221
1t
0s
0r
1y
1c
0i
#4302721815
0t
0s
0r
1y
1c
0i
#4302722080
1t
0s
0r
1y
1c
0i
#4302722476
0t
0s
0r
1y
1c
0i
#4302722747
1t
0s
0r
1y
1c
0i
#4302723142
0t
0s
0r
1y
1c
0i
#4302723414
1t
0s
0r
1y
1c
0i
#4302723808
0t
0s
0r
1y
1c
0i
#4302724080
1t
0s
0r
1y
1c
0i
#4302724474
0t
0s
0r
1y
1c
0i
#4302724746
1t
0s
0r
1y
1c
1i
#4302725141
0t
0s
0r
1y
1c
1i
#4302725412
1t
0s
0r
1y
1c
1i
#4302725805
0t
0s
0r
1y
1c
1i
#4302726077
1t
0s
0r
1y
1c
1i
#4302726470
0t
0s
0r
1y
1c
1i
#4302726742
1t
0s
0r
1y
1c
1i
#4302727136
0t
0s
0r
1y
0c
1i
#4302727408
1t
0s
0r
1y
0c
1i
#4302727800
0t
0s
0r
1y
0c
1i
#4302728073
1t
0s
0r
1y
0c
1i
#4302728467
0t
0s
0r
1y
0c
1i
#4302728739
1t
0s
0r
1y
0c
1i
#4302729135
0t
0s
0r
1y
0c
1i
#4302729407
1t
0s
0r
1y
0c
1i
#4302729801
0t
0s
0r
1y
0c
1i
#4302730074
1t
0s
0r
1y
0c
0i
#4302730469
0t
0s
0r
1y
0c
0i
#4302730743
1t
0s
0r
1y
0c
0i
#4302731140
0t
0s
0r
1y
0c
0i
#4302731413
1t
0s
0r
1y
0c
0i
#4302731808
0t
0s
0r
1y
0c
0i
#4302732081
1t
0s
0r
1y
0c
0i
#4302732477
0t
0s
0r
1y
0c
0i
#4302732750
1t
0s
0r
1y
0c
0i
#4302733148
0t
0s
0r
1y
0c
0i
#4302733421
1t
0s
0r
1y
0c
0i
#4302733816
0t
0s
0r
1y
0c
0i
#4302734090
1t
0s
0r
1y
0c
0i
#4302734486
0t
0s
0r
1y
0c
0i
#4302734760
1t
0s
0r
1y
0c
0i
#4302735159
0t
0s
0r
1y
0c
0i
#4302735432
1t
0s
0r
1y
0c
0i
#4302735829
0t
0s
0r
1y
0c
0i
#4302736103
1t
0s
0r
1y
0c
0i
#4302736502
0t
0s
0r
1y
0c
0i
#4302736776
1t
0s
0r
1y
0c
0i
#4302737177
0t
0s
0r
1y
0c
0i
#4302737450
1t
0s
0r
1y
0c
0i
#4302737850
0t
0s
0r
1y
0c
0i
#4302738124
1t
0s
0r
1y
0c
0i
#4302738525
0t
0s
0r
1y
0c
0i
#4302738800
1t
0s
0r
1y
0c
0i
#4302739204
0t
0s
0r
1y
0c
0i
#4302739478
1t
0s
0r
1y
0c
0i
#4302739880
0t
0s
0r
1y
0c
0i
#4302740155
1t
0s
0r
1y
0c
0i
#4302740557
0t
0s
0r
1y
0c
0i
#4302740833
1t
0s
0r
1y
0c
0i
#4302741237
0t
0s
0r
1y
0c
0i
#4302741513
1t
0s
0r
1y
0c
0i
#4302741914
0t
0s
0r
1y
0c
0i
#4302742191
1t
0s
0r
1y
0c
0i
#4302742594
0t
0s
0r
1y
0c
0i
#4302742870
1t
0s
0r
1y
0c
0i
#4302743275
0t
0s
0r
1y
0c
0i
#4302743551
1t
0s
0r
1y
0c
0i
#4302743953
0t
0s
0r
1y
0c
0i
#4302744231
1t
0s
0r
1y
0c
0i
#4302744633
0t
0s
0r
1y
0c
0i
#4302744910
1t
0s
0r
1y
0c
1i
#4302745315
0t
0s
0r
1y
0c
1i
#4302745591
1t
0s
0r
1y
0c
1i
#4302745993
0t
0s
0r
1y
0c
1i
#4302746271
1t
0s
0r
1y
0c
1i
#4302746674
0t
0s
0r
1y
0c
1i
#4302746951
1t
0s
0r
1y
0c
1i
#4302747355
0t
0s
0r
1y
1c
1i
#4302747634
1t
0s
0r
1y
1c
1i
#4302748035
0t
0s
0r
1y
1c
1i
#4302748314
1t
0s
0r
1y
1c
1i
#4302748717
0t
0s
0r
1y
1c
1i
#4302748996
1t
0s
0r
1y
1c
1i
#4302749402
0t
0s
0r
1y
1c
1i
#4302749680
1t
0s
0r
1y
1c
1i
#4302750084
0t
0s
0r
1y
1c
0i
#4302750363
1t
0s
0r
1y
1c
0i
#4302750768
0t
0s
0r
1y
1c
0i
#4302751048
1t
0s
0r
1y
1c
0i
#4302751455
0t
0s
0r
1y
1c
0i
#4302751734
1t
0s
0r
1y
1c
0i
#4302752139
0t
0s
0r
1y
1c
0i
#4302752419
1t
0s
0r
1y
1c
0i
#4302752825
0t
0s
0r
1y
1c
0i
#4302753104
1t
0s
0r
1y
1c
0i
#4302753512
0t
0s
0r
1y
1c
0i
#4302753791
1t
0s
0r
1y
1c
0i
#4302754196
0t
0s
0r
1y
1c
0i
#4302754477
1t
0s
0r
1y
1c
0i
#4302754883
0t
0s
0r
1y
1c
0i
#4302755164
1t
0s
0r
1y
1c
0i
#4302755572
0t
0s
0r
1y
1c
0i
#4302755852
1t
0s
0r
1y
1c
0i
#4302756257
0t
0s
0r
1y
1c
0i
#4302756539
1t
0s
0r
1y
1c
0i
#4302756945
0t
0s
0r
1y
1c
0i
#4302757226
1t
0s
0r
1y
1c
0i
#4302757635
0t
0s
0r
1y
1c
0i
#4302757916
1t
0s
0r
1y
1c
0i
#4302758322
0t
0s
0r
1y
1c
0i
#4302758605
1t
0s
0r
1y
1c
0i
#4302759012
0t
0s
0r
1y
1c
0i
#4302759294
1t
0s
0r
1y
1c
0i
#4302759703
0t
0s
0r
1y
1c
0i
#4302759985
1t
0s
0r
1y
1c
0i
#4302761063
0t
0s
0r
1y
1c
0i
#4302761855
1t
0s
0r
1y
1c
0i
#4302762469
0t
0s
0r
1y
1c
0i
#4302762742
1t
0s
0r
1y
1c
0i
#4302763152
0t
0s
0r
1y
1c
0i
#4302763432
1t
0s
0r
1y
1c
0i
#4302763841
0t
0s
0r
1y
1c
0i
#4302764121
1t
0s
0r
1y
1c
0i
#4302764529
0t
0s
0r
1y
1c
0i
#4302764809
1t
0s
0r
1y
1c
0i
#4302765217
0t
0s
0r
1y
1c
0i
#4302765497
1t
0s
0r
1y
1c
1i
#4302765906
0t
0s
0r
1y
1c
1i
#4302766185
1t
0s
0r
1y
1c
1i
#4302766592
0t
0s
0r
1y
1c
1i
#4302766872
1t
0s
0r
1y
1c
1i
#4302767279
0t
0s
0r
1y
1c
1i
#4302767558
1t
0s
0r
1y
0c
1i
#4302767967
0t
0s
0r
1y
0c
1i
#4302768247
1t
0s
0r
1y
0c
1i
#4302768653
0t
0s
0r
1y
0c
1i
#4302768933
1t
0s
0r
1y
0c
1i
#4302769340
0t
0s
0r
1y
0c
1i
#4302769621
1t
0s
0r
1y
0c
1i
#4302770030
0t
0s
0r
1y
0c
1i
#4302770310
1t
0s
0r
1y
0c
1i
#4302770717
0t
0s
0r
1y
0c
0i
#4302770998
1t
0s
0r
1y
0c
0i
#4302771407
0t
0s
0r
1y
0c
0i
#4302771515
0t
0s
1r
1y
0c
0i
#4302771518
0t
0s
0r
1y
0c
0i
#4302771688
1t
0s
0r
1y
0c
0i
#4302772098
0t
0s
0r
1y
0c
0i
#4302772378
1t
0s
0r
1y
0c
0i
#4302772787
0t
0s
0r
1y
0c
0i
#4302773068
1t
0s
0r
1y
0c
0i
#4302773477
0t
0s
0r
1y
0c
0i
#4302773758
1t
0s
0r
1y
0c
0i
#4302774169
0t
0s
0r
1y
0c
0i
#4302774449
1t
0s
0r
1y
0c
0i
#4302774858
0t
0s
0r
1y
0c
0i
#4302775140
1t
0s
0r
1y
0c
0i
#4302775549
0t
0s
0r
1y
0c
0i
#4302775831
1t
0s
0r
1y
0c
0i
#4302776243
0t
0s
0r
1y
0c
0i
#4302776524
1t
0s
0r
1y
0c
0i
#4302776935
0t
0s
0r
1y
0c
0i
#4302777217
1t
0s
0r
1y
0c
0i
#4302777630
0t
0s
0r
1y
0c
0i
#4302777911
1t
0s
0r
1y
0c
0i
#4302778327
0t
0s
0r
1y
0c
0i
#4302778608
1t
0s
0r
1y
0c
0i
#4302779022
0t
0s
0r
1y
0c
0i
#4302779304
1t
0s
0r
1y
0c
0i
#4302779720
0t
0s
0r
1y
0c
0i
#4302780003
1t
0s
0r
1y
0c
0i
#4302780421
0t
0s
0r
1y
0c
0i
#4302780703
1t
0s
0r
1y
0c
0i
#4302781119
0t
0s
0r
1y
0c
0i
#4302781403
1t
0s
0r
1y
0c
0i
#4302781820
0t
0s
0r
1y
0c
0i
#4302782105
1t
0s
0r
1y
0c
0i
#4302782523
0t
0s
0r
1y
0c
0i
#4302782808
1t
0s
0r
1y
0c
0i
#4302783224
0t
0s
0r
1y
0c
0i
#4302783510
1t
0s
0r
1y
0c
0i
#4302783928
0t
0s
0r
1y
0c
0i
#4302784213
1t
0s
0r
1y
0c
0i
#4302784632
0t
0s
0r
1y
0c
0i
#4302784917
1t
0s
0r
1y
0c
0i
#4302785334
0t
0s
0r
1y
0c
0i
#4302785620
1t
0s
0r
1y
0c
0i
#4302786038
0t
0s
0r
1y
0c
0i
#4302786324
1t
0s
0r
1y
0c
0i
#4302786744
0t
0s
0r
1y
0c
1i
#4302787029
1t
0s
0r
1y
0c
1i
#4302787446
0t
0s
0r
1y
0c
1i
#4302787732
1t
0s
0r
1y
0c
1i
#4302788150
0t
0s
0r
1y
0c
1i
#4302788436
1t
0s
0r
1y
1c
1i
#4302788855
0t
0s
0r
1y
1c
1i
#4302789143
1t
0s
0r
1y
1c
1i
#4302789559
0t
0s
0r
1y
1c
1i
#4302789847
1t
0s
0r
1y
1c
1i
#4302790265
0t
0s
0r
1y
1c
1i
#4302790552
1t
0s
0r
1y
1c
1i
#4302790973
0t
0s
0r
1y
1c
1i
#4302791260
1t
0s
0r
1y
1c
1i
#4302791678
0t
0s
0r
1y
1c
0i
#4302791966
1t
0s
0r
1y
1c
0i
#4302792387
0t
0s
0r
1y
1c
0i
#4302792675
1t
0s
0r
1y
1c
0i
#4302793097
0t
0s
0r
1y
1c
0i
#4302793385
1t
0s
0r
1y
1c
0i
#4302793805
0t
0s
0r
1y
1c
0i
#4302794093
1t
0s
0r
1y
1c
0i
#4302794514
0t
0s
0r
1y
1c
0i
#4302794802
1t
0s
0r
1y
1c
0i
#4302795225
0t
0s
0r
1y
1c
0i
#4302795513
1t
0s
0r
1y
1c
0i
#4302795932
0t
0s
0r
1y
1c
0i
#4302796222
1t
0s
0r
1y
1c
0i
#4302796642
0t
0s
0r
1y
1c
0i
#4302796932
1t
0s
0r
1y
1c
0i
#4302797354
0t
0s
0r
1y
1c
0i
#4302797642
1t
0s
0r
1y
1c
0i
#4302798061
0t
0s
0r
1y
1c
0i
#4302798351
1t
0s
0r
1y
1c
0i
#4302798771
0t
0s
0r
1y
1c
0i
#4302799060
1t
0s
0r
1y
1c
0i
#4302799481
0t
0s
0r
1y
1c
0i
#4302799770
1t
0s
0r
1y
1c
0i
#4302800188
0t
0s
0r
1y
1c
0i
#4302800478
1t
0s
0r
1y
1c
0i
#4302800898
0t
0s
0r
1y
1c
0i
#4302801186
1t
0s
0r
1y
1c
0i
#4302801608
0t
0s
0r
1y
1c
0i
#4302801896
1t
0s
0r
1y
1c
0i
#4302803003
0t
0s
0r
1y
1c
0i
#4302803815
1t
0s
0r
1y
1c
0i
#4302804445
0t
0s
0r
1y
1c
0i
#4302804725
1t
0s
0r
1y
1c
0i
#4302805146
0t
0s
0r
1y
1c
0i
#4302805432
1t
0s
0r
1y
1c
0i
#4302805852
0t
0s
0r
1y
1c
0i
#4302806139
1t
0s
0r
1y
1c
0i
#4302806558
0t
0s
0r
1y
1c
0i
#4302806845
1t
0s
0r
1y
1c
0i
#4302807264
0t
0s
0r
1y
1c
0i
#4302807551
1t
0s
0r
1y
1c
0i
#4302807972
0t
0s
0r
1y
1c
1i
#4302808257
1t
0s
0r
1y
1c
1i
#4302808675
0t
0s
0r
1y
1c
1i
#4302808962
1t
0s
0r
1y
1c
1i
#4302809381
0t
0s
0r
1y
1c
1i
#4302809666
1t
0s
0r
1y
0c
1i
#4302810086
0t
0s
0r
1y
0c
1i
#4302810373
1t
0s
0r
1y
0c
1i
#4302810790
0t
0s
0r
1y
0c
1i
#4302811078
1t
0s
0r
1y
0c
1i
#4302811496
0t
0s
0r
1y
0c
1i
#4302811783
1t
0s
0r
1y
0c
1i
#4302812204
0t
0s
0r
1y
0c
1i
#4302812490
1t
0s
0r
1y
0c
1i
#4302812910
0t
0s
0r
1y
0c
0i
#4302813197
1t
0s
0r
1y
0c
0i
#4302813617
0t
0s
0r
1y
0c
0i
#4302813905
1t
0s
0r
1y
0c
0i
#4302814328
0t
0s
0r
1y
0c
0i
#4302814614
1t
0s
0r
1y
0c
0i
#4302815034
0t
0s
0r
1y
0c
0i
#4302815322
1t
0s
0r
1y
0c
0i
#4302815743
0t
0s
0r
1y
0c
0i
#4302816030
1t
0s
0r
1y
0c
0i
#4302816453
0t
0s
0r
1y
0c
0i
#4302816740
1t
0s
0r
1y
0c
0i
#4302817160
0t
0s
0r
1y
0c
0i
#4302817449
1t
0s
0r
1y
0c
0i
#4302817870
0t
0s
0r
1y
0c
0i
#4302818158
1t
0s
0r
1y
0c
0i
#4302818581
0t
0s
0r
1y
0c
0i
#4302818869
1t
0s
0r
1y
0c
0i
#4302819291
0t
0s
0r
1y
0c
0i
#4302819579
1t
0s
0r
1y
0c
0i
#4302820003
0t
0s
0r
1y
0c
0i
#4302820291
1t
0s
0r
1y
0c
0i
#4302820718
0t
0s
0r
1y
0c
0i
#4302821005
1t
0s
0r
1y
0c
0i
#4302821430
0t
0s
0r
1y
0c
0i
#4302821719
1t
0s
0r
1y
0c
0i
#4302822145
0t
0s
0r
1y
0c
0i
#4302822434
1t
0s
0r
1y
0c
0i
#4302822863
0t
0s
0r
1y
0c
0i
#4302823152
1t
0s
0r
1y
0c
0i
#4302823579
0t
0s
0r
1y
0c
0i
#4302823869
1t
0s
0r
1y
0c
0i
#4302824297
0t
0s
0r
1y
0c
0i
#4302824588
1t
0s
0r
1y
0c
0i
#4302825017
0t
0s
0r
1y
0c
0i
#4302825308
1t
0s
0r
1y
0c
0i
#4302825735
0t
0s
0r
1y
0c
0i
#4302826026
1t
0s
0r
1y
0c
0i
#4302826455
0t
0s
0r
1y
0c
0i
#4302826746
1t
0s
0r
1y
0c
0i
#4302827177
0t
0s
0r
1y
0c
0i
#4302827467
1t
0s
0r
1y
0c
0i
#4302827895
0t
0s
0r
1y
0c
0i
#4302828187
1t
0s
0r
1y
0c
0i
#4302828615
0t
0s
0r
1y
0c
0i
#4302828908
1t
0s
0r
1y
0c
0i
#4302829338
0t
0s
0r
1y
0c
1i
#4302829630
1t
0s
0r
1y
0c
1i
#4302830057
0t
0s
0r
1y
0c
1i
#4302830350
1t
0s
0r
1y
0c
1i
#4302830778
0t
0s
0r
1y
0c
1i
#4302831071
1t
0s
0r
1y
1c
1i
#4302831500
0t
0s
0r
1y
1c
1i
#4302831794
1t
0s
0r
1y
1c
1i
#4302832221
0t
0s
0r
1y
1c
1i
#4302832515
1t
0s
0r
1y
1c
1i
#4302832944
0t
0s
0r
1y
1c
1i
#4302833238
1t
0s
0r
1y
1c
1i
#4302833669
0t
0s
0r
1y
1c
1i
#4302833962
1t
0s
0r
1y
1c
0i
#4302834392
0t
0s
0r
1y
1c
0i
#4302834687
1t
0s
0r
1y
1c
0i
#4302835119
0t
0s
0r
1y
1c
0i
#4302835413
1t
0s
0r
1y
1c
0i
#4302835847
0t
0s
0r
1y
1c
0i
#4302836141
1t
0s
0r
1y
1c
0i
#4302836572
0t
0s
0r
1y
1c
0i
#4302836867
1t
0s
0r
1y
1c
0i
#4302837299
0t
0s
0r
1y
1c
0i
#4302837594
1t
0s
0r
1y
1c
0i
#4302838028
0t
0s
0r
1y
1c
0i
#4302838322
1t
0s
0r
1y
1c
0i
#4302838753
0t
0s
0r
1y
1c
0i
#4302839049
1t
0s
0r
1y
1c
0i
#4302839481
0t
0s
0r
1y
1c
0i
#4302839777
1t
0s
0r
1y
1c
0i
#4302840211
0t
0s
0r
1y
1c
0i
#4302840505
1t
0s
0r
1y
1c
0i
#4302840937
0t
0s
0r
1y
1c
0i
#4302841233
1t
0s
0r
1y
1c
0i
#4302841665
0t
0s
0r
1y
1c
0i
#4302841961
1t
0s
0r
1y
1c
0i
#4302842394
0t
0s
0r
1y
1c
0i
#4302842691
1t
0s
0r
1y
1c
0i
#4302843122
0t
0s
0r
1y
1c
0i
#4302843419
1t
0s
0r
1y
1c
0i
#4302843851
0t
0s
0r
1y
1c
0i
#4302844147
1t
0s
0r
1y
1c
0i
#4302844581
0t
0s
0r
1y
1c
0i
#4302844877
1t
0s
0r
1y
1c
0i
#4302846017
0t
0s
0r
1y
1c
0i
#4302846851
1t
0s
0r
1y
1c
0i
#4302847500
0t
0s
0r
1y
1c
0i
#4302847787
1t
0s
0r
1y
1c
0i
#4302848221
0t
0s
0r
1y
1c
0i
#4302848514
1t
0s
0r
1y
1c
0i
#4302848947
0t
0s
0r
1y
1c
0i
#4302849241
1t
0s
0r
1y
1c
0i
#4302849673
0t
0s
0r
1y
1c
0i
#4302849968
1t
0s
0r
1y
1c
0i
#4302850400
0t
0s
0r
1y
1c
0i
#4302850693
1t
0s
0r
1y
1c
0i
#4302851127
0t
0s
0r
1y
1c
0i
#4302851420
1t
0s
0r
1y
1c
1i
#4302851850
0t
0s
0r
1y
1c
1i
#4302852144
1t
0s
0r
1y
1c
1i
#4302852576
0t
0s
0r
1y
1c
1i
#4302852869
1t
0s
0r
1y
0c
1i
#4302853302
0t
0s
0r
1y
0c
1i
#4302853596
1t
0s
0r
1y
0c
1i
#4302854026
0t
0s
0r
1y
0c
1i
#4302854321
1t
0s
0r
1y
0c
1i
#4302854752
0t
0s
0r
1y
0c
1i
#4302855047
1t
0s
0r
1y
0c
1i
#4302855481
0t
0s
0r
1y
0c
1i
#4302855775
1t
0s
0r
1y
0c
1i
#4302856207
0t
0s
0r
1y
0c
0i
#4302856502
1t
0s
0r
1y
0c
0i
#4302856935
0t
0s
0r
1y
0c
0i
#4302857012
0t
0s
1r
1y
0c
0i
#4302857015
0t
0s
0r
1y
0c
0i
#4302857231
1t
0s
0r
1y
0c
0i
#4302857666
0t
0s
0r
1y
0c
0i
#4302857961
1t
0s
0r
1y
0c
0i
#4302858394
0t
0s
0r
1y
0c
0i
#4302858690
1t
0s
0r
1y
0c
0i
#4302859124
0t
0s
0r
1y
0c
0i
#4302859418
1t
0s
0r
1y
0c
0i
#4302859855
0t
0s
0r
1y
0c
0i
#4302860149
1t
0s
0r
1y
0c
0i
#4302860582
0t
0s
0r
1y
0c
0i
#4302860879
1t
0s
0r
1y
0c
0i
#4302861314
0t
0s
0r
1y
0c
0i
#4302861610
1t
0s
0r
1y
0c
0i
#4302862047
0t
0s
0r
1y
0c
0i
#4302862342
1t
0s
0r
1y
0c
0i
#4302862778
0t
0s
0r
1y
0c
0i
#4302863075
1t
0s
0r
1y
0c
0i
#4302863512
0t
0s
0r
1y
0c
0i
#4302863808
1t
0s
0r
1y
0c
0i
#4302864249
0t
0s
0r
1y
0c
0i
#4302864545
1t
0s
0r
1y
0c
0i
#4302864983
0t
0s
0r
1y
0c
0i
#4302865281
1t
0s
0r
1y
0c
0i
#4302865721
0t
0s
0r
1y
0c
0i
#4302866018
1t
0s
0r
1y
0c
0i
#4302866462
0t
0s
0r
1y
0c
0i
#4302866759
1t
0s
0r
1y
0c
0i
#4302867200
0t
0s
0r
1y
0c
0i
#4302867499
1t
0s
0r
1y
0c
0i
#4302867941
0t
0s
0r
1y
0c
0i
#4302868241
1t
0s
0r
1y
0c
0i
#4302868686
0t
0s
0r
1y
0c
0i
#4302868985
1t
0s
0r
1y
0c
0i
#4302869427
0t
0s
0r
1y
0c
0i
#4302869727
1t
0s
0r
1y
0c
0i
#4302870171
0t
0s
0r
1y
0c
0i
#4302870471
1t
0s
0r
1y
0c
0i
#4302870917
0t
0s
0r
1y
0c
0i
#4302871216
1t
0s
0r
1y
0c
0i
#4302871659
0t
0s
0r
1y
0c
0i
#4302871961
1t
0s
0r
1y
0c
0i
#4302872405
0t
0s
0r
1y
0c
0i
#4302872706
1t
0s
0r
1y
0c
0i
#4302873152
0t
0s
0r
1y
0c
0i
#4302873453
1t
0s
0r
1y
0c
1i
#4302873896
0t
0s
0r
1y
0c
1i
#4302874198
1t
0s
0r
1y
0c
1i
#4302874642
0t
0s
0r
1y
0c
1i
#4302874944
1t
0s
0r
1y
1c
1i
#4302875390
0t
0s
0r
1y
1c
1i
#4302875693
1t
0s
0r
1y
1c
1i
#4302876136
0t
0s
0r
1y
1c
1i
#4302876440
1t
0s
0r
1y
1c
1i
#4302876885
0t
0s
0r
1y
1c
1i
#4302877188
1t
0s
0r
1y
1c
1i
#4302877636
0t
0s
0r
1y
1c
1i
#4302877939
1t
0s
0r
1y
1c
0i
#4302878385
0t
0s
0r
1y
1c
0i
#4302878689
1t
0s
0r
1y
1c
0i
#4302879137
0t
0s
0r
1y
1c
0i
#4302879441
1t
0s
0r
1y
1c
0i
#4302879892
0t
0s
0r
1y
1c
0i
#4302880195
1t
0s
0r
1y
1c
0i
#4302880643
0t
0s
0r
1y
1c
0i
#4302880947
1t
0s
0r
1y
1c
0i
#4302881396
0t
0s
0r
1y
1c
0i
#4302881700
1t
0s
0r
1y
1c
0i
#4302882151
0t
0s
0r
1y
1c
0i
#4302882454
1t
0s
0r
1y
1c
0i
#4302882902
0t
0s
0r
1y
1c
0i
#4302883207
1t
0s
0r
1y
1c
0i
#4302883655
0t
0s
0r
1y
1c
0i
#4302883961
1t
0s
0r
1y
1c
0i
#4302884411
0t
0s
0r
1y
1c
0i
#4302884715
1t
0s
0r
1y
1c
0i
#4302885163
0t
0s
0r
1y
1c
0i
#4302885469
1t
0s
0r
1y
1c
0i
#4302885918
0t
0s
0r
1y
1c
0i
#4302886224
1t
0s
0r
1y
1c
0i
#4302886675
0t
0s
0r
1y
1c
0i
#4302886981
1t
0s
0r
1y
1c
0i
#4302887430
0t
0s
0r
1y
1c
0i
#4302887737
1t
0s
0r
1y
1c
0i
#4302888187
0t
0s
0r
1y
1c
0i
#4302888493
1t
0s
0r
1y
1c
0i
#4302888945
0t
0s
0r
1y
1c
0i
#4302889251
1t
0s
0r
1y
1c
0i
#4302890438
0t
0s
0r
1y
1c
0i
#4302891303
1t
0s
0r
1y
1c
0i
#4302891981
0t
0s
0r
1y
1c
0i
#4302892278
1t
0s
0r
1y
1c
0i
#4302892731
0t
0s
0r
1y
1c
0i
#4302893035
1t
0s
0r
1y
1c
0i
#4302893486
0t
0s
0r
1y
1c
0i
#4302893791
1t
0s
0r
1y
1c
0i
#4302894242
0t
0s
0r
1y
1c
0i
#4302894548
1t
0s
0r
1y
1c
0i
#4302894998
0t
0s
0r
1y
1c
0i
#4302895303
1t
0s
0r
1y
1c
0i
#4302895756
0t
0s
0r
1y
1c
0i
#4302896060
1t
0s
0r
1y
1c
1i
#4302896509
0t
0s
0r
1y
1c
1i
#4302896814
1t
0s
0r
1y
1c
1i
#4302897265
0t
0s
0r
1y
1c
1i
#4302897569
1t
0s
0r
1y
0c
1i
#4302898021
0t
0s
0r
1y
0c
1i
#4302898326
1t
0s
0r
1y
0c
1i
#4302898775
0t
0s
0r
1y
0c
1i
#4302899082
1t
0s
0r
1y
0c
1i
#4302899532
0t
0s
0r
1y
0c
1i
#4302899838
1t
0s
0r
1y
0c
1i
#4302900292
0t
0s
0r
1y
0c
1i
#4302900597
1t
0s
0r
1y
0c
0i
#4302901049
0t
0s
0r
1y
0c
0i
#4302901355
1t
0s
0r
1y
0c
0i
#4302901808
0t
0s
0r
1y
0c
0i
#4302902114
1t
0s
0r
1y
0c
0i
#4302902569
0t
0s
0r
1y
0c
0i
#4302902875
1t
0s
0r
1y
0c
0i
#4302903328
0t
0s
0r
1y
0c
0i
#4302903635
1t
0s
0r
1y
0c
0i
#4302904089
0t
0s
0r
1y
0c
0i
#4302904394
1t
0s
0r
1y
0c
0i
#4302904851
0t
0s
0r
1y
0c
0i
#4302905156
1t
0s
0r
1y
0c
0i
#4302905609
0t
0s
0r
1y
0c
0i
#4302905916
1t
0s
0r
1y
0c
0i
#4302906370
0t
0s
0r
1y
0c
0i
#4302906677
1t
0s
0r
1y
0c
0i
#4302907134
0t
0s
0r
1y
0c
0i
#4302907440
1t
0s
0r
1y
0c
0i
#4302907895
0t
0s
0r
1y
0c
0i
#4302908202
1t
0s
0r
1y
0c
0i
#4302908659
0t
0s
0r
1y
0c
0i
#4302908966
1t
0s
0r
1y
0c
0i
#4302909426
0t
0s
0r
1y
0c
0i
#4302909732
1t
0s
0r
1y
0c
0i
#4302910190
0t
0s
0r
1y
0c
0i
#4302910497
1t
0s
0r
1y
0c
0i
#4302910957
0t
0s
0r
1y
0c
0i
#4302911265
1t
0s
0r
1y
0c
0i
#4302911728
0t
0s
0r
1y
0c
0i
#4302912035
1t
0s
0r
1y
0c
0i
#4302912496
0t
0s
0r
1y
0c
0i
#4302912805
1t
0s
0r
1y
0c
0i
#4302913266
0t
0s
0r
1y
0c
0i
#4302913577
1t
0s
0r
1y
0c
0i
#4302914040
0t
0s
0r
1y
0c
0i
#4302914350
1t
0s
0r
1y
0c
0i
#4302914811
0t
0s
0r
1y
0c
0i
#4302915123
1t
0s
0r
1y
0c
0i
#4302915585
0t
0s
0r
1y
0c
0i
#4302915896
1t
0s
0r
1y
0c
0i
#4302916361
0t
0s
0r
1y
0c
0i
#4302916672
1t
0s
0r
1y
0c
0i
#4302917134
0t
0s
0r
1y
0c
0i
#4302917446
1t
0s
0r
1y
0c
0i
#4302917909
0t
0s
0r
1y
0c
0i
#4302918221
1t
0s
0r
1y
0c
0i
#4302918686
0t
0s
0r
1y
0c
0i
#4302918998
1t
0s
0r
1y
0c
0i
#4302919460
0t
0s
0r
1y
0c
1i
#4302919773
1t
0s
0r
1y
0c
1i
#4302920236
0t
0s
0r
1y
0c
1i
#4302920549
1t
0s
0r
1y
1c
1i
#4302921014
0t
0s
0r
1y
1c
1i
#4302921328
1t
0s
0r
1y
1c
1i
#4302921789
0t
0s
0r
1y
1c
1i
#4302922104
1t
0s
0r
1y
1c
1i
#4302922568
0t
0s
0r
1y
1c
1i
#4302922883
1t
0s
0r
1y
1c
1i
#4302923350
0t
0s
0r
1y
1c
1i
#4302923663
1t
0s
0r
1y
1c
0i
#4302924129
0t
0s
0r
1y
1c
0i
#4302924443
1t
0s
0r
1y
1c
0i
#4302924910
0t
0s
0r
1y
1c
0i
#4302925225
1t
0s
0r
1y
1c
0i
#4302925695
0t
0s
0r
1y
1c
0i
#4302926009
1t
0s
0r
1y
1c
0i
#4302926475
0t
0s
0r
1y
1c
0i
#4302926790
1t
0s
0r
1y
1c
0i
#4302927258
0t
0s
0r
1y
1c
0i
#4302927573
1t
0s
0r
1y
1c
0i
#4302928042
0t
0s
0r
1y
1c
0i
#4302928356
1t
0s
0r
1y
1c
0i
#4302928822
0t
0s
0r
1y
1c
0i
#4302929139
1t
0s
0r
1y
1c
0i
#4302929606
0t
0s
0r
1y
1c
0i
#4302929922
1t
0s
0r
1y
1c
0i
#4302930391
0t
0s
0r
1y
1c
0i
#4302930706
1t
0s
0r
1y
1c
0i
#4302931173
0t
0s
0r
1y
1c
0i
#4302931490
1t
0s
0r
1y
1c
0i
#4302931957
0t
0s
0r
1y
1c
0i
#4302932274
1t
0s
0r
1y
1c
0i
#4302932743
0t
0s
0r
1y
1c
0i
#4302933060
1t
0s
0r
1y
1c
0i
#4302933526
0t
0s
0r
1y
1c
0i
#4302933845
1t
0s
0r
1y
1c
0i
#4302934313
0t
0s
0r
1y
1c
0i
#4302934630
1t
0s
0r
1y
1c
0i
#4302935101
0t
0s
0r
1y
1c
0i
#4302935417
1t
0s
0r
1y
1c
0i
#4302936652
0t
0s
0r
1y
1c
0i
#4302937549
1t
0s
0r
1y
1c
0i
#4302938254
0t
0s
0r
1y
1c
0i
#4302938561
1t
0s
0r
1y
1c
0i
#4302939033
0t
0s
0r
1y
1c
0i
#4302939348
1t
0s
0r
1y
1c
0i
#4302939819
0t
0s
0r
1y
1c
0i
#4302940134
1t
0s
0r
1y
1c
0i
#4302940604
0t
0s
0r
1y
1c
0i
#4302940920
1t
0s
0r
1y
1c
0i
#4302941390
0t
0s
0r
1y
1c
0i
#4302941706
1t
0s
0r
1y
1c
0i
#4302942178
0t
0s
0r
1y
1c
0i
#4302942492
1t
0s
0r
1y
1c
0i
#4302942960
0t
0s
0r
1y
1c
1i
#4302943276
1t
0s
0r
1y
1c
1i
#4302943746
0t
0s
0r
1y
1c
1i
#4302944061
1t
0s
0r
1y
1c
1i
#4302944532
0t
0s
0r
1y
0c
1i
#4302944848
1t
0s
0r
1y
0c
1i
#4302945316
0t
0s
0r
1y
0c
1i
#4302945633
1t
0s
0r
1y
0c
1i
#4302946102
0t
0s
0r
1y
0c
1i
#4302946419
1t
0s
0r
1y
0c
1i
#4302946892
0t
0s
0r
1y
0c
1i
#4302947207
1t
0s
0r
1y
0c
1i
#4302947678
0t
0s
0r
1y
0c
0i
#4302947995
1t
0s
0r
1y
0c
0i
#4302948389
1t
0s
1r
1y
0c
0i
#4302948392
1t
0s
0r
1y
0c
0i
#4302948467
0t
0s
0r
1y
0c
0i
#4302948784
1t
0s
0r
1y
0c
0i
#4302949258
0t
0s
0r
1y
0c
0i
#4302949575
1t
0s
0r
1y
0c
0i
#4302950046
0t
0s
0r
1y
0c
0i
#4302950364
1t
0s
0r
1y
0c
0i
#4302950836
0t
0s
0r
1y
0c
0i
#4302951153
1t
0s
0r
1y
0c
0i
#4302951628
0t
0s
0r
1y
0c
0i
#4302951944
1t
0s
0r
1y
0c
0i
#4302952416
0t
0s
0r
1y
0c
0i
#4302952734
1t
0s
0r
1y
0c
0i
#4302953207
0t
0s
0r
1y
0c
0i
#4302953525
1t
0s
0r
1y
0c
0i
#4302954001
0t
0s
0r
1y
0c
0i
#4302954318
1t
0s
0r
1y
0c
0i
#4302954792
0t
0s
0r
1y
0c
0i
#4302955110
1t
0s
0r
1y
0c
0i
#4302955586
0t
0s
0r
1y
0c
0i
#4302955904
1t
0s
0r
1y
0c
0i
#4302956384
0t
0s
0r
1y
0c
0i
#4302956701
1t
0s
0r
1y
0c
0i
#4302957178
0t
0s
0r
1y
0c
0i
#4302957497
1t
0s
0r
1y
0c
0i
#4302957977
0t
0s
0r
1y
0c
0i
#4302958296
1t
0s
0r
1y
0c
0i
#4302958779
0t
0s
0r
1y
0c
0i
#4302959098
1t
0s
0r
1y
0c
0i
#4302959579
0t
0s
0r
1y
0c
0i
#4302959899
1t
0s
0r
1y
0c
0i
#4302960381
0t
0s
0r
1y
0c
0i
#4302960703
1t
0s
0r
1y
0c
0i
#4302961187
0t
0s
0r
1y
0c
0i
#4302961509
1t
0s
0r
1y
0c
0i
#4302961990
0t
0s
0r
1y
0c
0i
#4302962313
1t
0s
0r
1y
0c
0i
#4302962796
0t
0s
0r
1y
0c
0i
#4302963119
1t
0s
0r
1y
0c
0i
#4302963605
0t
0s
0r
1y
0c
0i
#4302963927
1t
0s
0r
1y
0c
0i
#4302964410
0t
0s
0r
1y
0c
0i
#4302964734
1t
0s
0r
1y
0c
0i
#4302965217
0t
0s
0r
1y
0c
0i
#4302965541
1t
0s
0r
1y
0c
0i
#4302966027
0t
0s
0r
1y
0c
0i
#4302966350
1t
0s
0r
1y
0c
0i
#4302966833
0t
0s
0r
1y
0c
0i
#4302967157
1t
0s
0r
1y
0c
1i
#4302967642
0t
0s
0r
1y
0c
1i
#4302967966
1t
0s
0r
1y
0c
1i
#4302968452
0t
0s
0r
1y
0c
1i
#4302968777
1t
0s
0r
1y
0c
1i
#4302969260
0t
0s
0r
1y
0c
1i
#4302969586
1t
0s
0r
1y
0c
1i
#4302970071
0t
0s
0r
1y
1c
1i
#4302970397
1t
0s
0r
1y
1c
1i
#4302970885
0t
0s
0r
1y
1c
1i
#4302971210
1t
0s
0r
1y
1c
1i
#4302971697
0t
0s
0r
1y
1c
0i
#4302972023
1t
0s
0r
1y
1c
0i
#4302972512
0t
0s
0r
1y
1c
0i
#4302972838
1t
0s
0r
1y
1c
0i
#4302973330
0t
0s
0r
1y
1c
0i
#4302973655
1t
0s
0r
1y
1c
0i
#4302974143
0t
0s
0r
1y
1c
0i
#4302974470
1t
0s
0r
1y
1c
0i
#4302974960
0t
0s
0r
1y
1c
0i
#4302975287
1t
0s
0r
1y
1c
0i
#4302975779
0t
0s
0r
1y
1c
0i
#4302976105
1t
0s
0r
1y
1c
0i
#4302976593
0t
0s
0r
1y
1c
0i
#4302976923
1t
0s
0r
1y
1c
0i
#4302977412
0t
0s
0r
1y
1c
0i
#4302977741
1t
0s
0r
1y
1c
0i
#4302978233
0t
0s
0r
1y
1c
0i
#4302978561
1t
0s
0r
1y
1c
0i
#4302979051
0t
0s
0r
1y
1c
0i
#4302979380
1t
0s
0r
1y
1c
0i
#4302979872
0t
0s
0r
1y
1c
0i
#4302980201
1t
0s
0r
1y
1c
0i
#4302980695
0t
0s
0r
1y
1c
0i
#4302981025
1t
0s
0r
1y
1c
0i
#4302981515
0t
0s
0r
1y
1c
0i
#4302981847
1t
0s
0r
1y
1c
0i
#4302982339
0t
0s
0r
1y
1c
0i
#4302982669
1t
0s
0r
1y
1c
0i
#4302983164
0t
0s
0r
1y
1c
0i
#4302983494
1t
0s
0r
1y
1c
0i
#4302984789
0t
0s
0r
1y
1c
0i
#4302985726
1t
0s
0r
1y
1c
0i
#4302986465
0t
0s
0r
1y
1c
0i
#4302986785
1t
0s
0r
1y
1c
0i
#4302987280
0t
0s
0r
1y
1c
0i
#4302987608
1t
0s
0r
1y
1c
0i
#4302988101
0t
0s
0r
1y
1c
0i
#4302988430
1t
0s
0r
1y
1c
0i
#4302988923
0t
0s
0r
1y
1c
0i
#4302989252
1t
0s
0r
1y
1c
0i
#4302989744
0t
0s
0r
1y
1c
0i
#4302990072
1t
0s
0r
1y
1c
0i
#4302990567
0t
0s
0r
1y
1c
0i
#4302990894
1t
0s
0r
1y
1c
0i
#4302991386
0t
0s
0r
1y
1c
0i
#4302991713
1t
0s
0r
1y
1c
1i
#4302992206
0t
0s
0r
1y
1c
1i
#4302992534
1t
0s
0r
1y
1c
1i
#4302993028
0t
0s
0r
1y
1c
1i
#4302993357
1t
0s
0r
1y
1c
1i
#4302993848
0t
0s
0r
1y
1c
1i
#4302994178
1t
0s
0r
1y
1c
1i
#4302994671
0t
0s
0r
1y
0c
1i
#4302995001
1t
0s
0r
1y
0c
1i
#4302995497
0t
0s
0r
1y
0c
1i
#4302995826
1t
0s
0r
1y
0c
1i
#4302996320
0t
0s
0r
1y
0c
0i
#4302996651
1t
0s
0r
1y
0c
0i
#4302997147
0t
0s
0r
1y
0c
0i
#4302997478
1t
0s
0r
1y
0c
0i
#4302997976
0t
0s
0r
1y
0c
0i
#4302998307
1t
0s
0r
1y
0c
0i
#4302998802
0t
0s
0r
1y
0c
0i
#4302999134
1t
0s
0r
1y
0c
0i
#4302999631
0t
0s
0r
1y
0c
0i
#4302999961
1t
0s
0r
1y
0c
0i
#4303000461
0t
0s
0r
1y
0c
0i
#4303000791
1t
0s
0r
1y
0c
0i
#4303001287
0t
0s
0r
1y
0c
0i
#4303001620
1t
0s
0r
1y
0c
0i
#4303002117
0t
0s
0r
1y
0c
0i
#4303002449
1t
0s
0r
1y
0c
0i
#4303002949
0t
0s
0r
1y
0c
0i
#4303003280
1t
0s
0r
1y
0c
0i
#4303003779
0t
0s
0r
1y
0c
0i
#4303004110
1t
0s
0r
1y
0c
0i
#4303004612
0t
0s
0r
1y
0c
0i
#4303004943
1t
0s
0r
1y
0c
0i
#4303005448
0t
0s
0r
1y
0c
0i
#4303005778
1t
0s
0r
1y
0c
0i
#4303006280
0t
0s
0r
1y
0c
0i
#4303006612
1t
0s
0r
1y
0c
0i
#4303007116
0t
0s
0r
1y
0c
0i
#4303007449
1t
0s
0r
1y
0c
0i
#4303007956
0t
0s
0r
1y
0c
0i
#4303008288
1t
0s
0r
1y
0c
0i
#4303008793
0t
0s
0r
1y
0c
0i
#4303009127
1t
0s
0r
1y
0c
0i
#4303009633
0t
0s
0r
1y
0c
0i
#4303009968
1t
0s
0r
1y
0c
0i
#4303010476
0t
0s
0r
1y
0c
0i
#4303010810
1t
0s
0r
1y
0c
0i
#4303011316
0t
0s
0r
1y
0c
0i
#4303011652
1t
0s
0r
1y
0c
0i
#4303012159
0t
0s
0r
1y
0c
0i
#4303012494
1t
0s
0r
1y
0c
0i
#4303013004
0t
0s
0r
1y
0c
0i
#4303013339
1t
0s
0r
1y
0c
0i
#4303013844
0t
0s
0r
1y
0c
0i
#4303014182
1t
0s
0r
1y
0c
0i
#4303014689
0t
0s
0r
1y
0c
0i
#4303015026
1t
0s
0r
1y
0c
0i
#4303015535
0t
0s
0r
1y
0c
0i
#4303015871
1t
0s
0r
1y
0c
0i
#4303016378
0t
0s
0r
1y
0c
0i
#4303016715
1t
0s
0r
1y
0c
1i
#4303017223
0t
0s
0r
1y
0c
1i
#4303017561
1t
0s
0r
1y
0c
1i
#4303018071
0t
0s
0r
1y
0c
1i
#4303018409
1t
0s
0r
1y
0c
1i
#4303018916
0t
0s
0r
1y
0c
1i
#4303019256
1t
0s
0r
1y
0c
1i
#4303019765
0t
0s
0r
1y
1c
1i
#4303020104
1t
0s
0r
1y
1c
1i
#4303020617
0t
0s
0r
1y
1c
1i
#4303020956
1t
0s
0r
1y
1c
1i
#4303021467
0t
0s
0r
1y
1c
0i
#4303021807
1t
0s
0r
1y
1c
0i
#4303022321
0t
0s
0r
1y
1c
0i
#4303022661
1t
0s
0r
1y
1c
0i
#4303023177
0t
0s
0r
1y
1c
0i
#4303023517
1t
0s
0r
1y
1c
0i
#4303024029
0t
0s
0r
1y
1c
0i
#4303024371
1t
0s
0r
1y
1c
0i
#4303024885
0t
0s
0r
1y
1c
0i
#4303025225
1t
0s
0r
1y
1c
0i
#4303025742
0t
0s
0r
1y
1c
0i
#4303026082
1t
0s
0r
1y
1c
0i
#4303026594
0t
0s
0r
1y
1c
0i
#4303026937
1t
0s
0r
1y
1c
0i
#4303027451
0t
0s
0r
1y
1c
0i
#4303027794
1t
0s
0r
1y
1c
0i
#4303028311
0t
0s
0r
1y
1c
0i
#4303028652
1t
0s
0r
1y
1c
0i
#4303029167
0t
0s
0r
1y
1c
0i
#4303029511
1t
0s
0r
1y
1c
0i
#4303030027
0t
0s
0r
1y
1c
0i
#4303030371
1t
0s
0r
1y
1c
0i
#4303030890
0t
0s
0r
1y
1c
0i
#4303031235
1t
0s
0r
1y
1c
0i
#4303031753
0t
0s
0r
1y
1c
0i
#4303032099
1t
0s
0r
1y
1c
0i
#4303032618
0t
0s
0r
1y
1c
0i
#4303032965
1t
0s
0r
1y
1c
0i
#4303033488
0t
0s
0r
1y
1c
0i
#4303033834
1t
0s
0r
1y
1c
0i
#4303035204
0t
0s
0r
1y
1c
0i
#4303036194
1t
0s
0r
1y
1c
0i
#4303036979
0t
0s
0r
1y
1c
0i
#4303037317
1t
0s
0r
1y
1c
0i
#4303037846
0t
0s
0r
1y
1c
0i
#4303038192
1t
0s
0r
1y
1c
0i
#4303038720
0t
0s
0r
1y
1c
0i
#4303039067
1t
0s
0r
1y
1c
0i
#4303039594
0t
0s
0r
1y
1c
0i
#4303039943
1t
0s
0r
1y
1c
0i
#4303040471
0t
0s
0r
1y
1c
0i
#4303040819
1t
0s
0r
1y
1c
0i
#4303041350
0t
0s
0r
1y
1c
0i
#4303041697
1t
0s
0r
1y
1c
0i
#4303042225
0t
0s
0r
1y
1c
0i
#4303042573
1t
0s
0r
1y
1c
0i
#4303043103
0t
0s
0r
1y
1c
1i
#4303043451
1t
0s
0r
1y
1c
1i
#4303043983
0t
0s
0r
1y
1c
1i
#4303044332
1t
0s
0r
1y
1c
1i
#4303044860
0t
0s
0r
1y
1c
1i
#4303045212
1t
0s
0r
1y
1c
1i
#4303045743
0t
0s
0r
1y
0c
1i
#4303046093
1t
0s
0r
1y
0c
1i
#4303046628
0t
0s
0r
1y
0c
1i
#4303046977
1t
0s
0r
1y
0c
1i
#4303047510
0t
0s
0r
1y
0c
0i
#4303047861
1t
0s
0r
1y
0c
0i
#4303047985
1t
0s
1r
1y
0c
0i
#4303047988
1t
0s
0r
1y
0c
0i
#4303048396
0t
0s
0r
1y
0c
0i
#4303048747
1t
0s
0r
1y
0c
0i
#4303049285
0t
0s
0r
1y
0c
0i
#4303049635
1t
0s
0r
1y
0c
0i
#4303050170
0t
0s
0r
1y
0c
0i
#4303050521
1t
0s
0r
1y
0c
0i
#4303051056
0t
0s
0r
1y
0c
0i
#4303051407
1t
0s
0r
1y
0c
0i
#4303051945
0t
0s
0r
1y
0c
0i
#4303052295
1t
0s
0r
1y
0c
0i
#4303052829
0t
0s
0r
1y
0c
0i
#4303053182
1t
0s
0r
1y
0c
0i
#4303053717
0t
0s
0r
1y
0c
0i
#4303054070
1t
0s
0r
1y
0c
0i
#4303054608
0t
0s
0r
1y
0c
0i
#4303054960
1t
0s
0r
1y
0c
0i
#4303055497
0t
0s
0r
1y
0c
0i
#4303055850
1t
0s
0r
1y
0c
0i
#4303056389
0t
0s
0r
1y
0c
0i
#4303056742
1t
0s
0r
1y
0c
0i
#4303057286
0t
0s
0r
1y
0c
0i
#4303057638
1t
0s
0r
1y
0c
0i
#4303058180
0t
0s
0r
1y
0c
0i
#4303058534
1t
0s
0r
1y
0c
0i
#4303059079
0t
0s
0r
1y
0c
0i
#4303059433
1t
0s
0r
1y
0c
0i
#4303059982
0t
0s
0r
1y
0c
0i
#4303060336
1t
0s
0r
1y
0c
0i
#4303060883
0t
0s
0r
1y
0c
0i
#4303061241
1t
0s
0r
1y
0c
0i
#4303061789
0t
0s
0r
1y
0c
0i
#4303062148
1t
0s
0r
1y
0c
0i
#4303062698
0t
0s
0r
1y
0c
0i
#4303063057
1t
0s
0r
1y
0c
0i
#4303063606
0t
0s
0r
1y
0c
0i
#4303063965
1t
0s
0r
1y
0c
0i
#4303064517
0t
0s
0r
1y
0c
0i
#4303064876
1t
0s
0r
1y
0c
0i
#4303065430
0t
0s
0r
1y
0c
0i
#4303065789
1t
0s
0r
1y
0c
0i
#4303066340
0t
0s
0r
1y
0c
0i
#4303066702
1t
0s
0r
1y
0c
0i
#4303067254
0t
0s
0r
1y
0c
0i
#4303067615
1t
0s
0r
1y
0c
0i
#4303068170
0t
0s
0r
1y
0c
0i
#4303068531
1t
0s
0r
1y
0c
0i
#4303069083
0t
0s
0r
1y
0c
0i
#4303069445
1t
0s
0r
1y
0c
0i
#4303070000
0t
0s
0r
1y
0c
1i
#4303070362
1t
0s
0r
1y
0c
1i
#4303070918
0t
0s
0r
1y
0c
1i
#4303071282
1t
0s
0r
1y
0c
1i
#4303071835
0t
0s
0r
1y
0c
1i
#4303072200
1t
0s
0r
1y
0c
1i
#4303072756
0t
0s
0r
1y
1c
1i
#4303073121
1t
0s
0r
1y
1c
1i
#4303073681
0t
0s
0r
1y
1c
1i
#4303074045
1t
0s
0r
1y
1c
1i
#4303074604
0t
0s
0r
1y
1c
0i
#4303074969
1t
0s
0r
1y
1c
0i
#4303075530
0t
0s
0r
1y
1c
0i
#4303075896
1t
0s
0r
1y
1c
0i
#4303076460
0t
0s
0r
1y
1c
0i
#4303076826
1t
0s
0r
1y
1c
0i
#4303077386
0t
0s
0r
1y
1c
0i
#4303077753
1t
0s
0r
1y
1c
0i
#4303078315
0t
0s
0r
1y
1c
0i
#4303078681
1t
0s
0r
1y
1c
0i
#4303079245
0t
0s
0r
1y
1c
0i
#4303079611
1t
0s
0r
1y
1c
0i
#4303080172
0t
0s
0r
1y
1c
0i
#4303080540
1t
0s
0r
1y
1c
0i
#4303081102
0t
0s
0r
1y
1c
0i
#4303081471
1t
0s
0r
1y
1c
0i
#4303082036
0t
0s
0r
1y
1c
0i
#4303082404
1t
0s
0r
1y
1c
0i
#4303082967
0t
0s
0r
1y
1c
0i
#4303083337
1t
0s
0r
1y
1c
0i
#4303083903
0t
0s
0r
1y
1c
0i
#4303084273
1t
0s
0r
1y
1c
0i
#4303084842
0t
0s
0r
1y
1c
0i
#4303085214
1t
0s
0r
1y
1c
0i
#4303085781
0t
0s
0r
1y
1c
0i
#4303086154
1t
0s
0r
1y
1c
0i
#4303086724
0t
0s
0r
1y
1c
0i
#4303087098
1t
0s
0r
1y
1c
0i
#4303087673
0t
0s
0r
1y
1c
0i
#4303088046
1t
0s
0r
1y
1c
0i
#4303089547
0t
0s
0r
1y
1c
0i
#4303090621
1t
0s
0r
1y
1c
0i
#4303091485
0t
0s
0r
1y
1c
0i
#4303091850
1t
0s
0r
1y
1c
0i
#4303092433
0t
0s
0r
1y
1c
0i
#4303092807
1t
0s
0r
1y
1c
0i
#4303093388
0t
0s
0r
1y
1c
0i
#4303093764
1t
0s
0r
1y
1c
0i
#4303094345
0t
0s
0r
1y
1c
0i
#4303094723
1t
0s
0r
1y
1c
0i
#4303095305
0t
0s
0r
1y
1c
0i
#4303095682
1t
0s
0r
1y
1c
0i
#4303096268
0t
0s
0r
1y
1c
0i
#4303096643
1t
0s
0r
1y
1c
0i
#4303097226
0t
0s
0r
1y
1c
0i
#4303097604
1t
0s
0r
1y
1c
0i
#4303098189
0t
0s
0r
1y
1c
1i
#4303098567
1t
0s
0r
1y
1c
1i
#4303099154
0t
0s
0r
1y
1c
1i
#4303099534
1t
0s
0r
1y
1c
1i
#4303100119
0t
0s
0r
1y
1c
1i
#4303100500
1t
0s
0r
1y
1c
1i
#4303101088
0t
0s
0r
1y
0c
1i
#4303101469
1t
0s
0r
1y
0c
1i
#4303102062
0t
0s
0r
1y
0c
1i
#4303102441
1t
0s
0r
1y
0c
1i
#4303103033
0t
0s
0r
1y
0c
0i
#4303103415
1t
0s
0r
1y
0c
0i
#4303104007
0t
0s
0r
1y
0c
0i
#4303104391
1t
0s
0r
1y
0c
0i
#4303104987
0t
0s
0r
1y
0c
0i
#4303105369
1t
0s
0r
1y
0c
0i
#4303105962
0t
0s
0r
1y
0c
0i
#4303106345
1t
0s
0r
1y
0c
0i
#4303106940
0t
0s
0r
1y
0c
0i
#4303107322
1t
0s
0r
1y
0c
0i
#4303107920
0t
0s
0r
1y
0c
0i
#4303108301
1t
0s
0r
1y
0c
0i
#4303108894
0t
0s
0r
1y
0c
0i
#4303109279
1t
0s
0r
1y
0c
0i
#4303109874
0t
0s
0r
1y
0c
0i
#4303110258
1t
0s
0r
1y
0c
0i
#4303110857
0t
0s
0r
1y
0c
0i
#4303111239
1t
0s
0r
1y
0c
0i
#4303111837
0t
0s
0r
1y
0c
0i
#4303112221
1t
0s
0r
1y
0c
0i
#4303112822
0t
0s
0r
1y
0c
0i
#4303113206
1t
0s
0r
1y
0c
0i
#4303113811
0t
0s
0r
1y
0c
0i
#4303114195
1t
0s
0r
1y
0c
0i
#4303114798
0t
0s
0r
1y
0c
0i
#4303115184
1t
0s
0r
1y
0c
0i
#4303115791
0t
0s
0r
1y
0c
0i
#4303116178
1t
0s
0r
1y
0c
0i
#4303116789
0t
0s
0r
1y
0c
0i
#4303117175
1t
0s
0r
1y
0c
0i
#4303117785
0t
0s
0r
1y
0c
0i
#4303118174
1t
0s
0r
1y
0c
0i
#4303118785
0t
0s
0r
1y
0c
0i
#4303119177
1t
0s
0r
1y
0c
0i
#4303119791
0t
0s
0r
1y
0c
0i
#4303120182
1t
0s
0r
1y
0c
0i
#4303120793
0t
0s
0r
1y
0c
0i
#4303121186
1t
0s
0r
1y
0c
0i
#4303121800
0t
0s
0r
1y
0c
0i
#4303122193
1t
0s
0r
1y
0c
0i
#4303122811
0t
0s
0r
1y
0c
0i
#4303123203
1t
0s
0r
1y
0c
0i
#4303123817
0t
0s
0r
1y
0c
0i
#4303124213
1t
0s
0r
1y
0c
0i
#4303124829
0t
0s
0r
1y
0c
0i
#4303125224
1t
0s
0r
1y
0c
0i
#4303125844
0t
0s
0r
1y
0c
0i
#4303126239
1t
0s
0r
1y
0c
0i
#4303126855
0t
0s
0r
1y
0c
0i
#4303127252
1t
0s
0r
1y
0c
0i
#4303127872
0t
0s
0r
1y
0c
1i
#4303128269
1t
0s
0r
1y
0c
1i
#4303128892
0t
0s
0r
1y
0c
1i
#4303129290
1t
0s
0r
1y
0c
1i
#4303129910
0t
0s
0r
1y
0c
1i
#4303130311
1t
0s
0r
1y
0c
1i
#4303130935
0t
0s
0r
1y
1c
1i
#4303131335
1t
0s
0r
1y
1c
1i
#4303131965
0t
0s
0r
1y
1c
1i
#4303132364
1t
0s
0r
1y
1c
0i
#4303132992
0t
0s
0r
1y
1c
0i
#4303133394
1t
0s
0r
1y
1c
0i
#4303134025
0t
0s
0r
1y
1c
0i
#4303134428
1t
0s
0r
1y
1c
0i
#4303135062
0t
0s
0r
1y
1c
0i
#4303135464
1t
0s
0r
1y
1c
0i
#4303136094
0t
0s
0r
1y
1c
0i
#4303136498
1t
0s
0r
1y
1c
0i
#4303137130
0t
0s
0r
1y
1c
0i
#4303137533
1t
0s
0r
1y
1c
0i
#4303138168
0t
0s
0r
1y
1c
0i
#4303138570
1t
0s
0r
1y
1c
0i
#4303139200
0t
0s
0r
1y
1c
0i
#4303139606
1t
0s
0r
1y
1c
0i
#4303140236
0t
0s
0r
1y
1c
0i
#4303140642
1t
0s
0r
1y
1c
0i
#4303141276
0t
0s
0r
1y
1c
0i
#4303141680
1t
0s
0r
1y
1c
0i
#4303142311
0t
0s
0r
1y
1c
0i
#4303142717
1t
0s
0r
1y
1c
0i
#4303143350
0t
0s
0r
1y
1c
0i
#4303143755
1t
0s
0r
1y
1c
0i
#4303144391
0t
0s
0r
1y
1c
0i
#4303144797
1t
0s
0r
1y
1c
0i
#4303145428
0t
0s
0r
1y
1c
0i
#4303145836
1t
0s
0r
1y
1c
0i
#4303146469
0t
0s
0r
1y
1c
0i
#4303146876
1t
0s
0r
1y
1c
0i
#4303147513
0t
0s
0r
1y
1c
0i
#4303147918
1t
0s
0r
1y
1c
0i
#4303149570
0t
0s
0r
1y
1c
0i
#4303150737
1t
0s
0r
1y
1c
0i
#4303151683
0t
0s
0r
1y
1c
0i
#4303152076
1t
0s
0r
1y
1c
0i
#4303152714
0t
0s
0r
1y
1c
0i
#4303153117
1t
0s
0r
1y
1c
0i
#4303153753
0t
0s
0r
1y
1c
0i
#4303154157
1t
0s
0r
1y
1c
0i
#4303154792
0t
0s
0r
1y
1c
0i
#4303155198
1t
0s
0r
1y
1c
0i
#4303155833
0t
0s
0r
1y
1c
0i
#4303156238
1t
0s
0r
1y
1c
0i
#4303156877
0t
0s
0r
1y
1c
0i
#4303157280
1t
0s
0r
1y
1c
0i
#4303157916
0t
0s
0r
1y
1c
0i
#4303158321
1t
0s
0r
1y
1c
0i
#4303158958
0t
0s
0r
1y
1c
0i
#4303159364
1t
0s
0r
1y
1c
0i
#4303160004
0t
0s
0r
1y
1c
1i
#4303160411
1t
0s
0r
1y
1c
1i
#4303161047
0t
0s
0r
1y
1c
1i
#4303161457
1t
0s
0r
1y
1c
1i
#4303162097
0t
0s
0r
1y
1c
1i
#4303162506
1t
0s
0r
1y
0c
1i
#4303163152
0t
0s
0r
1y
0c
1i
#4303163559
1t
0s
0r
1y
0c
1i
#4303164204
0t
0s
0r
1y
0c
1i
#4303164425
0t
0s
1r
1y
0c
0i
#4303164428
0t
0s
0r
1y
0c
0i
#4303164614
1t
0s
0r
1y
0c
0i
#4303165261
0t
0s
0r
1y
0c
0i
#4303165672
1t
0s
0r
1y
0c
0i
#4303166322
0t
0s
0r
1y
0c
0i
#4303166732
1t
0s
0r
1y
0c
0i
#4303167379
0t
0s
0r
1y
0c
0i
#4303167790
1t
0s
0r
1y
0c
0i
#4303168438
0t
0s
0r
1y
0c
0i
#4303168848
1t
0s
0r
1y
0c
0i
#4303169499
0t
0s
0r
1y
0c
0i
#4303169908
1t
0s
0r
1y
0c
0i
#4303170555
0t
0s
0r
1y
0c
0i
#4303170967
1t
0s
0r
1y
0c
0i
#4303171616
0t
0s
0r
1y
0c
0i
#4303172027
1t
0s
0r
1y
0c
0i
#4303172680
0t
0s
0r
1y
0c
0i
#4303173090
1t
0s
0r
1y
0c
0i
#4303173742
0t
0s
0r
1y
0c
0i
#4303174154
1t
0s
0r
1y
0c
0i
#4303174809
0t
0s
0r
1y
0c
0i
#4303175222
1t
0s
0r
1y
0c
0i
#4303175883
0t
0s
0r
1y
0c
0i
#4303176294
1t
0s
0r
1y
0c
0i
#4303176954
0t
0s
0r
1y
0c
0i
#4303177368
1t
0s
0r
1y
0c
0i
#4303178031
0t
0s
0r
1y
0c
0i
#4303178447
1t
0s
0r
1y
0c
0i
#4303179115
0t
0s
0r
1y
0c
0i
#4303179531
1t
0s
0r
1y
0c
0i
#4303180197
0t
0s
0r
1y
0c
0i
#4303180616
1t
0s
0r
1y
0c
0i
#4303181284
0t
0s
0r
1y
0c
0i
#4303181705
1t
0s
0r
1y
0c
0i
#4303182377
0t
0s
0r
1y
0c
0i
#4303182797
1t
0s
0r
1y
0c
0i
#4303183466
0t
0s
0r
1y
0c
0i
#4303183889
1t
0s
0r
1y
0c
0i
#4303184560
0t
0s
0r
1y
0c
0i
#4303184983
1t
0s
0r
1y
0c
0i
#4303185659
0t
0s
0r
1y
0c
0i
#4303186081
1t
0s
0r
1y
0c
0i
#4303186752
0t
0s
0r
1y
0c
0i
#4303187178
1t
0s
0r
1y
0c
0i
#4303187852
0t
0s
0r
1y
0c
0i
#4303188277
1t
0s
0r
1y
0c
0i
#4303188956
0t
0s
0r
1y
0c
0i
#4303189380
1t
0s
0r
1y
0c
0i
#4303190056
0t
0s
0r
1y
0c
0i
#4303190482
1t
0s
0r
1y
0c
0i
#4303191161
0t
0s
0r
1y
0c
0i
#4303191589
1t
0s
0r
1y
0c
0i
#4303192271
0t
0s
0r
1y
0c
1i
#4303192701
1t
0s
0r
1y
0c
1i
#4303193381
0t
0s
0r
1y
0c
1i
#4303193813
1t
0s
0r
1y
0c
1i
#4303194499
0t
0s
0r
1y
1c
1i
#4303194930
1t
0s
0r
1y
1c
1i
#4303195623
0t
0s
0r
1y
1c
1i
#4303196054
1t
0s
0r
1y
1c
1i
#4303196745
0t
0s
0r
1y
1c
0i
#4303197180
1t
0s
0r
1y
1c
0i
#4303197875
0t
0s
0r
1y
1c
0i
#4303198309
1t
0s
0r
1y
1c
0i
#4303199009
0t
0s
0r
1y
1c
0i
#4303199443
1t
0s
0r
1y
1c
0i
#4303200137
0t
0s
0r
1y
1c
0i
#4303200573
1t
0s
0r
1y
1c
0i
#4303201269
0t
0s
0r
1y
1c
0i
#4303201705
1t
0s
0r
1y
1c
0i
#4303202404
0t
0s
0r
1y
1c
0i
#4303202838
1t
0s
0r
1y
1c
0i
#4303203531
0t
0s
0r
1y
1c
0i
#4303203969
1t
0s
0r
1y
1c
0i
#4303204664
0t
0s
0r
1y
1c
0i
#4303205101
1t
0s
0r
1y
1c
0i
#4303205801
0t
0s
0r
1y
1c
0i
#4303206237
1t
0s
0r
1y
1c
0i
#4303206934
0t
0s
0r
1y
1c
0i
#4303207373
1t
0s
0r
1y
1c
0i
#4303208074
0t
0s
0r
1y
1c
0i
#4303208514
1t
0s
0r
1y
1c
0i
#4303209218
0t
0s
0r
1y
1c
0i
#4303209660
1t
0s
0r
1y
1c
0i
#4303210362
0t
0s
0r
1y
1c
0i
#4303210807
1t
0s
0r
1y
1c
0i
#4303211513
0t
0s
0r
1y
1c
0i
#4303211958
1t
0s
0r
1y
1c
0i
#4303212670
0t
0s
0r
1y
1c
0i
#4303213114
1t
0s
0r
1y
1c
0i
#4303214962
0t
0s
0r
1y
1c
0i
#4303216258
1t
0s
0r
1y
1c
0i
#4303217328
0t
0s
0r
1y
1c
0i
#4303217763
1t
0s
0r
1y
1c
0i
#4303218486
0t
0s
0r
1y
1c
0i
#4303218933
1t
0s
0r
1y
1c
0i
#4303219655
0t
0s
0r
1y
1c
0i
#4303220104
1t
0s
0r
1y
1c
0i
#4303220827
0t
0s
0r
1y
1c
0i
#4303221277
1t
0s
0r
1y
1c
0i
#4303222001
0t
0s
0r
1y
1c
0i
#4303222451
1t
0s
0r
1y
1c
0i
#4303223180
0t
0s
0r
1y
1c
0i
#4303223629
1t
0s
0r
1y
1c
0i
#4303224355
0t
0s
0r
1y
1c
0i
#4303224806
1t
0s
0r
1y
1c
0i
#4303225536
0t
0s
0r
1y
1c
0i
#4303225988
1t
0s
0r
1y
1c
0i
#4303226721
0t
0s
0r
1y
1c
1i
#4303227176
1t
0s
0r
1y
1c
1i
#4303227907
0t
0s
0r
1y
1c
1i
#4303228363
1t
0s
0r
1y
1c
1i
#4303229100
0t
0s
0r
1y
0c
1i
#4303229557
1t
0s
0r
1y
0c
1i
#4303230301
0t
0s
0r
1y
0c
1i
#4303230757
1t
0s
0r
1y
0c
1i
#4303231500
0t
0s
0r
1y
0c
0i
#4303231960
1t
0s
0r
1y
0c
0i
#4303232707
0t
0s
0r
1y
0c
0i
#4303233168
1t
0s
0r
1y
0c
0i
#4303233920
0t
0s
0r
1y
0c
0i
#4303234380
1t
0s
0r
1y
0c
0i
#4303235127
0t
0s
0r
1y
0c
0i
#4303235589
1t
0s
0r
1y
0c
0i
#4303236338
0t
0s
0r
1y
0c
0i
#4303236798
1t
0s
0r
1y
0c
0i
#4303237551
0t
0s
0r
1y
0c
0i
#4303238010
1t
0s
0r
1y
0c
0i
#4303238757
0t
0s
0r
1y
0c
0i
#4303239220
1t
0s
0r
1y
0c
0i
#4303239970
0t
0s
0r
1y
0c
0i
#4303240431
1t
0s
0r
1y
0c
0i
#4303241187
0t
0s
0r
1y
0c
0i
#4303241647
1t
0s
0r
1y
0c
0i
#4303242401
0t
0s
0r
1y
0c
0i
#4303242864
1t
0s
0r
1y
0c
0i
#4303243623
0t
0s
0r
1y
0c
0i
#4303244086
1t
0s
0r
1y
0c
0i
#4303244852
0t
0s
0r
1y
0c
0i
#4303245315
1t
0s
0r
1y
0c
0i
#4303246080
0t
0s
0r
1y
0c
0i
#4303246546
1t
0s
0r
1y
0c
0i
#4303247316
0t
0s
0r
1y
0c
0i
#4303247784
1t
0s
0r
1y
0c
0i
#4303248561
0t
0s
0r
1y
0c
0i
#4303249028
1t
0s
0r
1y
0c
0i
#4303249803
0t
0s
0r
1y
0c
0i
#4303250276
1t
0s
0r
1y
0c
0i
#4303251054
0t
0s
0r
1y
0c
0i
#4303251530
1t
0s
0r
1y
0c
0i
#4303252313
0t
0s
0r
1y
0c
0i
#4303252788
1t
0s
0r
1y
0c
0i
#4303253569
0t
0s
0r
1y
0c
0i
#4303254047
1t
0s
0r
1y
0c
0i
#4303254833
0t
0s
0r
1y
0c
0i
#4303255312
1t
0s
0r
1y
0c
0i
#4303256104
0t
0s
0r
1y
0c
0i
#4303256582
1t
0s
0r
1y
0c
0i
#4303257372
0t
0s
0r
1y
0c
0i
#4303257855
1t
0s
0r
1y
0c
0i
#4303258648
0t
0s
0r
1y
0c
0i
#4303259132
1t
0s
0r
1y
0c
0i
#4303259931
0t
0s
0r
1y
0c
0i
#4303260415
1t
0s
0r
1y
0c
0i
#4303261213
0t
0s
0r
1y
0c
0i
#4303261701
1t
0s
0r
1y
0c
0i
#4303262505
0t
0s
0r
1y
0c
0i
#4303262994
1t
0s
0r
1y
0c
0i
#4303263805
0t
0s
0r
1y
0c
1i
#4303264296
1t
0s
0r
1y
0c
1i
#4303265105
0t
0s
0r
1y
1c
1i
#4303265601
1t
0s
0r
1y
1c
1i
#4303266418
0t
0s
0r
1y
1c
1i
#4303266914
1t
0s
0r
1y
1c
1i
#4303267741
0t
0s
0r
1y
1c
1i
#4303268237
1t
0s
0r
1y
1c
0i
#4303269063
0t
0s
0r
1y
1c
0i
#4303269563
1t
0s
0r
1y
1c
0i
#4303270395
0t
0s
0r
1y
1c
0i
#4303270896
1t
0s
0r
1y
1c
0i
#4303271732
0t
0s
0r
1y
1c
0i
#4303272232
1t
0s
0r
1y
1c
0i
#4303273063
0t
0s
0r
1y
1c
0i
#4303273566
1t
0s
0r
1y
1c
0i
#4303274398
0t
0s
0r
1y
1c
0i
#4303274900
1t
0s
0r
1y
1c
0i
#4303275734
0t
0s
0r
1y
1c
0i
#4303276235
1t
0s
0r
1y
1c
0i
#4303277062
0t
0s
0r
1y
1c
0i
#4303277566
1t
0s
0r
1y
1c
0i
#4303278394
0t
0s
0r
1y
1c
0i
#4303278897
1t
0s
0r
1y
1c
0i
#4303279729
0t
0s
0r
1y
1c
0i
#4303280230
1t
0s
0r
1y
1c
0i
#4303281057
0t
0s
0r
1y
1c
0i
#4303281561
1t
0s
0r
1y
1c
0i
#4303282390
0t
0s
0r
1y
1c
0i
#4303282893
1t
0s
0r
1y
1c
0i
#4303283727
0t
0s
0r
1y
1c
0i
#4303284229
1t
0s
0r
1y
1c
0i
#4303285057
0t
0s
0r
1y
1c
0i
#4303285562
1t
0s
0r
1y
1c
0i
#4303286391
0t
0s
0r
1y
1c
0i
#4303286896
1t
0s
0r
1y
1c
0i
#4303287729
0t
0s
0r
1y
1c
0i
#4303288231
1t
0s
0r
1y
1c
0i
#4303290366
0t
0s
0r
1y
1c
0i
#4303291832
1t
0s
0r
1y
1c
0i
#4303293069
0t
0s
0r
1y
1c
0i
#4303293556
1t
0s
0r
1y
1c
0i
#4303294390
0t
0s
0r
1y
1c
0i
#4303294890
1t
0s
0r
1y
1c
0i
#4303295722
0t
0s
0r
1y
1c
0i
#4303296223
1t
0s
0r
1y
1c
0i
#4303297056
0t
0s
0r
1y
1c
0i
#4303297559
1t
0s
0r
1y
1c
0i
#4303298393
0t
0s
0r
1y
1c
0i
#4303298897
1t
0s
0r
1y
1c
0i
#4303299737
0t
0s
0r
1y
1c
0i
#4303300240
1t
0s
0r
1y
1c
0i
#4303301078
0t
0s
0r
1y
1c
0i
#4303301584
1t
0s
0r
1y
1c
0i
#4303302428
0t
0s
0r
1y
1c
0i
#4303302935
1t
0s
0r
1y
1c
0i
#4303303785
0t
0s
0r
1y
1c
0i
#4303304295
1t
0s
0r
1y
1c
0i
#4303305145
0t
0s
0r
1y
1c
1i
#4303305659
1t
0s
0r
1y
0c
1i
#4303306516
0t
0s
0r
1y
0c
1i
#4303307030
1t
0s
0r
1y
0c
1i
#4303307897
0t
0s
0r
1y
0c
1i
#4303308412
1t
0s
0r
1y
0c
1i
#4303308694
1t
0s
1r
1y
0c
1i
#4303308697
1t
0s
0r
1y
0c
1i
#4303309279
0t
0s
0r
1y
0c
1i
#4303309798
1t
0s
0r
1y
0c
1i
#4303310670
0t
0s
0r
1y
0c
0i
#4303311191
1t
0s
0r
1y
0c
0i
#4303312068
0t
0s
0r
1y
0c
0i
#4303312588
1t
0s
0r
1y
0c
0i
#4303313460
0t
0s
0r
1y
0c
0i
#4303313982
1t
0s
0r
1y
0c
0i
#4303314857
0t
0s
0r
1y
0c
0i
#4303315376
1t
0s
0r
1y
0c
0i
#4303316254
0t
0s
0r
1y
0c
0i
#4303316772
1t
0s
0r
1y
0c
0i
#4303317643
0t
0s
0r
1y
0c
0i
#4303318166
1t
0s
0r
1y
0c
0i
#4303319040
0t
0s
0r
1y
0c
0i
#4303319561
1t
0s
0r
1y
0c
0i
#4303320440
0t
0s
0r
1y
0c
0i
#4303320960
1t
0s
0r
1y
0c
0i
#4303321837
0t
0s
0r
1y
0c
0i
#4303322360
1t
0s
0r
1y
0c
0i
#4303323241
0t
0s
0r
1y
0c
0i
#4303323763
1t
0s
0r
1y
0c
0i
#4303324651
0t
0s
0r
1y
0c
0i
#4303325172
1t
0s
0r
1y
0c
0i
#4303326056
0t
0s
0r
1y
0c
0i
#4303326580
1t
0s
0r
1y
0c
0i
#4303327467
0t
0s
0r
1y
0c
0i
#4303327991
1t
0s
0r
1y
0c
0i
#4303328883
0t
0s
0r
1y
0c
0i
#4303329405
1t
0s
0r
1y
0c
0i
#4303330291
0t
0s
0r
1y
0c
0i
#4303330817
1t
0s
0r
1y
0c
0i
#4303331704
0t
0s
0r
1y
0c
0i
#4303332230
1t
0s
0r
1y
0c
0i
#4303333120
0t
0s
0r
1y
0c
0i
#4303333643
1t
0s
0r
1y
0c
0i
#4303334528
0t
0s
0r
1y
0c
0i
#4303335054
1t
0s
0r
1y
0c
0i
#4303335942
0t
0s
0r
1y
0c
0i
#4303336467
1t
0s
0r
1y
0c
0i
#4303337359
0t
0s
0r
1y
0c
0i
#4303337884
1t
0s
0r
1y
0c
0i
#4303338772
0t
0s
0r
1y
0c
0i
#4303339301
1t
0s
0r
1y
0c
0i
#4303340193
0t
0s
0r
1y
0c
0i
#4303340723
1t
0s
0r
1y
0c
0i
#4303341621
0t
0s
0r
1y
0c
0i
#4303342151
1t
0s
0r
1y
0c
0i
#4303343048
0t
0s
0r
1y
0c
0i
#4303343582
1t
0s
0r
1y
0c
0i
#4303344485
0t
0s
0r
1y
0c
0i
#4303345020
1t
0s
0r
1y
0c
0i
#4303345930
0t
0s
0r
1y
0c
0i
#4303346469
1t
0s
0r
1y
1c
0i
#4303347377
0t
0s
0r
1y
1c
1i
#4303347921
1t
0s
0r
1y
1c
1i
#4303348838
0t
0s
0r
1y
1c
1i
#4303349383
1t
0s
0r
1y
1c
1i
#4303350311
0t
0s
0r
1y
1c
1i
#4303350857
1t
0s
0r
1y
1c
1i
#4303351784
0t
0s
0r
1y
1c
1i
#4303352337
1t
0s
0r
1y
1c
0i
#4303353271
0t
0s
0r
1y
1c
0i
#4303353825
1t
0s
0r
1y
1c
0i
#4303354766
0t
0s
0r
1y
1c
0i
#4303355319
1t
0s
0r
1y
1c
0i
#4303356252
0t
0s
0r
1y
1c
0i
#4303356809
1t
0s
0r
1y
1c
0i
#4303357741
0t
0s
0r
1y
1c
0i
#4303358294
1t
0s
0r
1y
1c
0i
#4303359224
0t
0s
0r
1y
1c
0i
#4303359771
1t
0s
0r
1y
1c
0i
#4303360682
0t
0s
0r
1y
1c
0i
#4303361226
1t
0s
0r
1y
1c
0i
#4303362126
0t
0s
0r
1y
1c
0i
#4303362660
1t
0s
0r
1y
1c
0i
#4303363553
0t
0s
0r
1y
1c
0i
#4303364079
1t
0s
0r
1y
1c
0i
#4303364958
0t
0s
0r
1y
1c
0i
#4303365483
1t
0s
0r
1y
1c
0i
#4303366357
0t
0s
0r
1y
1c
0i
#4303366880
1t
0s
0r
1y
1c
0i
#4303367754
0t
0s
0r
1y
1c
0i
#4303368275
1t
0s
0r
1y
1c
0i
#4303369143
0t
0s
0r
1y
1c
0i
#4303369665
1t
0s
0r
1y
1c
0i
#4303370534
0t
0s
0r
1y
1c
0i
#4303371055
1t
0s
0r
1y
1c
0i
#4303371926
0t
0s
0r
1y
1c
0i
#4303372446
1t
0s
0r
1y
1c
0i
#4303374676
0t
0s
0r
1y
1c
0i
#4303376197
1t
0s
0r
1y
1c
0i
#4303377494
0t
0s
0r
1y
1c
0i
#4303377999
1t
0s
0r
1y
1c
0i
#4303378870
0t
0s
0r
1y
1c
0i
#4303379390
1t
0s
0r
1y
1c
0i
#4303380261
0t
0s
0r
1y
1c
0i
#4303380782
1t
0s
0r
1y
1c
0i
#4303381654
0t
0s
0r
1y
1c
0i
#4303382177
1t
0s
0r
1y
1c
0i
#4303383052
0t
0s
0r
1y
1c
0i
#4303383574
1t
0s
0r
1y
1c
0i
#4303384456
0t
0s
0r
1y
1c
0i
#4303384979
1t
0s
0r
1y
1c
0i
#4303385860
0t
0s
0r
1y
1c
0i
#4303386387
1t
0s
0r
1y
1c
0i
#4303387275
0t
0s
0r
1y
1c
0i
#4303387804
1t
0s
0r
1y
1c
0i
#4303388700
0t
0s
0r
1y
0c
0i
#4303389232
1t
0s
0r
1y
0c
1i
#4303390129
0t
0s
0r
1y
0c
1i
#4303390667
1t
0s
0r
1y
0c
1i
#4303391572
0t
0s
0r
1y
0c
1i
#4303392112
1t
0s
0r
1y
0c
1i
#4303393028
0t
0s
0r
1y
0c
1i
#4303393570
1t
0s
0r
1y
0c
1i
#4303394486
0t
0s
0r
1y
0c
1i
#4303395034
1t
0s
0r
1y
0c
0i
#4303395956
0t
0s
0r
1y
0c
0i
#4303396505
1t
0s
0r
1y
0c
0i
#4303397433
0t
0s
0r
1y
0c
0i
#4303397982
1t
0s
0r
1y
0c
0i
#4303398903
0t
0s
0r
1y
0c
0i
#4303399452
1t
0s
0r
1y
0c
0i
#4303400371
0t
0s
0r
1y
0c
0i
#4303400915
1t
0s
0r
1y
0c
0i
#4303401827
0t
0s
0r
1y
0c
0i
#4303402363
1t
0s
0r
1y
0c
0i
#4303403255
0t
0s
0r
1y
0c
0i
#4303403788
1t
0s
0r
1y
0c
0i
#4303404670
0t
0s
0r
1y
0c
0i
#4303405192
1t
0s
0r
1y
0c
0i
#4303406069
0t
0s
0r
1y
0c
0i
#4303406584
1t
0s
0r
1y
0c
0i
#4303407450
0t
0s
0r
1y
0c
0i
#4303407964
1t
0s
0r
1y
0c
0i
#4303408827
0t
0s
0r
1y
0c
0i
#4303409338
1t
0s
0r
1y
0c
0i
#4303410203
0t
0s
0r
1y
0c
0i
#4303410710
1t
0s
0r
1y
0c
0i
#4303411569
0t
0s
0r
1y
0c
0i
#4303412078
1t
0s
0r
1y
0c
0i
#4303412938
0t
0s
0r
1y
0c
0i
#4303413446
1t
0s
0r
1y
0c
0i
#4303414309
0t
0s
0r
1y
0c
0i
#4303414816
1t
0s
0r
1y
0c
0i
#4303415674
0t
0s
0r
1y
0c
0i
#4303416184
1t
0s
0r
1y
0c
0i
#4303417042
0t
0s
0r
1y
0c
0i
#4303417553
1t
0s
0r
1y
0c
0i
#4303418413
0t
0s
0r
1y
0c
0i
#4303418922
1t
0s
0r
1y
0c
0i
#4303419776
0t
0s
0r
1y
0c
0i
#4303420288
1t
0s
0r
1y
0c
0i
#4303421144
0t
0s
0r
1y
0c
0i
#4303421655
1t
0s
0r
1y
0c
0i
#4303422515
0t
0s
0r
1y
0c
0i
#4303423025
1t
0s
0r
1y
0c
0i
#4303423881
0t
0s
0r
1y
0c
0i
#4303424395
1t
0s
0r
1y
0c
0i
#4303425255
0t
0s
0r
1y
0c
0i
#4303425770
1t
0s
0r
1y
0c
0i
#4303426636
0t
0s
0r
1y
0c
0i
#4303427151
1t
0s
0r
1y
0c
0i
#4303428016
0t
0s
0r
1y
0c
0i
#4303428536
1t
0s
0r
1y
0c
0i
#4303429408
0t
0s
0r
1y
1c
0i
#4303429930
1t
0s
0r
1y
1c
0i
#4303430811
0t
0s
0r
1y
1c
1i
#4303431337
1t
0s
0r
1y
1c
1i
#4303432219
0t
0s
0r
1y
1c
1i
#4303432749
1t
0s
0r
1y
1c
1i
#4303433641
0t
0s
0r
1y
1c
1i
#4303434173
1t
0s
0r
1y
1c
1i
#4303435077
0t
0s
0r
1y
1c
1i
#4303435609
1t
0s
0r
1y
1c
1i
#4303436513
0t
0s
0r
1y
1c
1i
#4303437052
1t
0s
0r
1y
1c
0i
#4303437963
0t
0s
0r
1y
1c
0i
#4303438503
1t
0s
0r
1y
1c
0i
#4303439420
0t
0s
0r
1y
1c
0i
#4303439959
1t
0s
0r
1y
1c
0i
#4303440868
0t
0s
0r
1y
1c
0i
#4303441409
1t
0s
0r
1y
1c
0i
#4303442315
0t
0s
0r
1y
1c
0i
#4303442851
1t
0s
0r
1y
1c
0i
#4303443751
0t
0s
0r
1y
1c
0i
#4303444281
1t
0s
0r
1y
1c
0i
#4303445164
0t
0s
0r
1y
1c
0i
#4303445690
1t
0s
0r
1y
1c
0i
#4303446562
0t
0s
0r
1y
1c
0i
#4303447081
1t
0s
0r
1y
1c
0i
#4303447946
0t
0s
0r
1y
1c
0i
#4303448460
1t
0s
0r
1y
1c
0i
#4303449312
0t
0s
0r
1y
1c
0i
#4303449825
1t
0s
0r
1y
1c
0i
#4303450673
0t
0s
0r
1y
1c
0i
#4303451184
1t
0s
0r
1y
1c
0i
#4303452034
0t
0s
0r
1y
1c
0i
#4303452544
1t
0s
0r
1y
1c
0i
#4303453386
0t
0s
0r
1y
1c
0i
#4303453898
1t
0s
0r
1y
1c
0i
#4303454742
0t
0s
0r
1y
1c
0i
#4303455253
1t
0s
0r
1y
1c
0i
#4303456101
0t
0s
0r
1y
1c
0i
#4303456610
1t
0s
0r
1y
1c
0i
#4303458781
0t
0s
0r
1y
1c
0i
#4303460269
1t
0s
0r
1y
1c
0i
#4303461526
0t
0s
0r
1y
1c
0i
#4303462020
1t
0s
0r
1y
1c
0i
#4303462866
0t
0s
0r
1y
1c
0i
#4303463373
1t
0s
0r
1y
1c
0i
#4303464219
0t
0s
0r
1y
1c
0i
#4303464726
1t
0s
0r
1y
1c
0i
#4303465572
0t
0s
0r
1y
1c
0i
#4303466082
1t
0s
0r
1y
1c
0i
#4303466929
0t
0s
0r
1y
1c
0i
#4303467439
1t
0s
0r
1y
1c
0i
#4303468293
0t
0s
0r
1y
1c
0i
#4303468803
1t
0s
0r
1y
1c
0i
#4303469655
0t
0s
0r
1y
1c
0i
#4303470169
1t
0s
0r
1y
1c
0i
#4303471029
0t
0s
0r
1y
1c
0i
#4303471545
1t
0s
0r
1y
0c
0i
#4303472413
0t
0s
0r
1y
0c
0i
#4303472932
1t
0s
0r
1y
0c
0i
#4303473803
0t
0s
0r
1y
0c
0i
#4303474326
1t
0s
0r
1y
0c
1i
#4303475205
0t
0s
0r
1y
0c
1i
#4303475730
1t
0s
0r
1y
0c
1i
#4303476621
0t
0s
0r
1y
0c
1i
#4303477147
1t
0s
0r
1y
0c
1i
#4303478039
0t
0s
0r
1y
0c
1i
#4303478571
1t
0s
0r
1y
0c
1i
#4303479467
0t
0s
0r
1y
0c
1i
#4303480001
1t
0s
0r
1y
0c
1i
#4303480397
1t
0s
1r
1y
0c
0i
#4303480400
1t
0s
0r
1y
0c
0i
#4303480903
0t
0s
0r
1y
0c
0i
#4303481436
1t
0s
0r
1y
0c
0i
#4303482331
0t
0s
0r
1y
0c
0i
#4303482865
1t
0s
0r
1y
0c
0i
#4303483759
0t
0s
0r
1y
0c
0i
#4303484289
1t
0s
0r
1y
0c
0i
#4303485182
0t
0s
0r
1y
0c
0i
#4303485707
1t
0s
0r
1y
0c
0i
#4303486586
0t
0s
0r
1y
0c
0i
#4303487112
1t
0s
0r
1y
0c
0i
#4303487986
0t
0s
0r
1y
0c
0i
#4303488505
1t
0s
0r
1y
0c
0i
#4303489376
0t
0s
0r
1y
0c
0i
#4303489889
1t
0s
0r
1y
0c
0i
#4303490749
0t
0s
0r
1y
0c
0i
#4303491261
1t
0s
0r
1y
0c
0i
#4303492119
0t
0s
0r
1y
0c
0i
#4303492626
1t
0s
0r
1y
0c
0i
#4303493483
0t
0s
0r
1y
0c
0i
#4303493987
1t
0s
0r
1y
0c
0i
#4303494836
0t
0s
0r
1y
0c
0i
#4303495341
1t
0s
0r
1y
0c
0i
#4303496190
0t
0s
0r
1y
0c
0i
#4303496694
1t
0s
0r
1y
0c
0i
#4303497544
0t
0s
0r
1y
0c
0i
#4303498047
1t
0s
0r
1y
0c
0i
#4303498892
0t
0s
0r
1y
0c
0i
#4303499397
1t
0s
0r
1y
0c
0i
#4303500240
0t
0s
0r
1y
0c
0i
#4303500747
1t
0s
0r
1y
0c
0i
#4303501593
0t
0s
0r
1y
0c
0i
#4303502097
1t
0s
0r
1y
0c
0i
#4303502937
0t
0s
0r
1y
0c
0i
#4303503444
1t
0s
0r
1y
0c
0i
#4303504286
0t
0s
0r
1y
0c
0i
#4303504791
1t
0s
0r
1y
0c
0i
#4303505637
0t
0s
0r
1y
0c
0i
#4303506141
1t
0s
0r
1y
0c
0i
#4303506981
0t
0s
0r
1y
0c
0i
#4303507490
1t
0s
0r
1y
0c
0i
#4303508333
0t
0s
0r
1y
0c
0i
#4303508841
1t
0s
0r
1y
0c
0i
#4303509691
0t
0s
0r
1y
0c
0i
#4303510198
1t
0s
0r
1y
0c
0i
#4303511046
0t
0s
0r
1y
0c
0i
#4303511557
1t
0s
0r
1y
0c
0i
#4303512411
0t
0s
0r
1y
0c
0i
#4303512925
1t
0s
0r
1y
1c
0i
#4303513787
0t
0s
0r
1y
1c
0i
#4303514303
1t
0s
0r
1y
1c
0i
#4303515165
0t
0s
0r
1y
1c
0i
#4303515686
1t
0s
0r
1y
1c
1i
#4303516559
0t
0s
0r
1y
1c
1i
#4303517080
1t
0s
0r
1y
1c
1i
#4303517965
0t
0s
0r
1y
1c
1i
#4303518488
1t
0s
0r
1y
1c
1i
#4303519374
0t
0s
0r
1y
1c
1i
#4303519903
1t
0s
0r
1y
1c
1i
#4303520795
0t
0s
0r
1y
1c
1i
#4303521326
1t
0s
0r
1y
1c
1i
#4303522224
0t
0s
0r
1y
1c
0i
#4303522754
1t
0s
0r
1y
1c
0i
#4303523645
0t
0s
0r
1y
1c
0i
#4303524175
1t
0s
0r
1y
1c
0i
#4303525061
0t
0s
0r
1y
1c
0i
#4303525585
1t
0s
0r
1y
1c
0i
#4303526460
0t
0s
0r
1y
1c
0i
#4303526975
1t
0s
0r
1y
1c
0i
#4303527828
0t
0s
0r
1y
1c
0i
#4303528339
1t
0s
0r
1y
1c
0i
#4303529179
0t
0s
0r
1y
1c
0i
#4303529684
1t
0s
0r
1y
1c
0i
#4303530517
0t
0s
0r
1y
1c
0i
#4303531015
1t
0s
0r
1y
1c
0i
#4303531836
0t
0s
0r
1y
1c
0i
#4303532335
1t
0s
0r
1y
1c
0i
#4303533153
0t
0s
0r
1y
1c
0i
#4303533649
1t
0s
0r
1y
1c
0i
#4303534468
0t
0s
0r
1y
1c
0i
#4303534963
1t
0s
0r
1y
1c
0i
#4303535777
0t
0s
0r
1y
1c
0i
#4303536273
1t
0s
0r
1y
1c
0i
#4303537088
0t
0s
0r
1y
1c
0i
#4303537583
1t
0s
0r
1y
1c
0i
#4303538401
0t
0s
0r
1y
1c
0i
#4303538895
1t
0s
0r
1y
1c
0i
#4303540991
0t
0s
0r
1y
1c
0i
#4303542431
1t
0s
0r
1y
1c
0i
#4303543645
0t
0s
0r
1y
1c
0i
#4303544124
1t
0s
0r
1y
1c
0i
#4303544940
0t
0s
0r
1y
1c
0i
#4303545431
1t
0s
0r
1y
1c
0i
#4303546245
0t
0s
0r
1y
1c
0i
#4303546738
1t
0s
0r
1y
1c
0i
#4303547553
0t
0s
0r
1y
1c
0i
#4303548046
1t
0s
0r
1y
1c
0i
#4303548862
0t
0s
0r
1y
1c
0i
#4303549356
1t
0s
0r
1y
1c
0i
#4303550177
0t
0s
0r
1y
1c
0i
#4303550671
1t
0s
0r
1y
1c
0i
#4303551490
0t
0s
0r
1y
1c
0i
#4303551987
1t
0s
0r
1y
1c
0i
#4303552812
0t
0s
0r
1y
1c
0i
#4303553311
1t
0s
0r
1y
0c
0i
#4303554143
0t
0s
0r
1y
0c
0i
#4303554644
1t
0s
0r
1y
0c
0i
#4303555477
0t
0s
0r
1y
0c
1i
#4303555983
1t
0s
0r
1y
0c
1i
#4303556823
0t
0s
0r
1y
0c
1i
#4303557331
1t
0s
0r
1y
0c
1i
#4303558182
0t
0s
0r
1y
0c
1i
#4303558690
1t
0s
0r
1y
0c
1i
#4303559542
0t
0s
0r
1y
0c
1i
#4303560055
1t
0s
0r
1y
0c
1i
#4303560913
0t
0s
0r
1y
0c
1i
#4303561426
1t
0s
0r
1y
0c
1i
#4303562290
0t
0s
0r
1y
0c
0i
#4303562802
1t
0s
0r
1y
0c
0i
#4303563659
0t
0s
0r
1y
0c
0i
#4303564171
1t
0s
0r
1y
0c
0i
#4303565025
0t
0s
0r
1y
0c
0i
#4303565532
1t
0s
0r
1y
0c
0i
#4303566381
0t
0s
0r
1y
0c
0i
#4303566882
1t
0s
0r
1y
0c
0i
#4303567715
0t
0s
0r
1y
0c
0i
#4303568214
1t
0s
0r
1y
0c
0i
#4303569035
0t
0s
0r
1y
0c
0i
#4303569528
1t
0s
0r
1y
0c
0i
#4303570345
0t
0s
0r
1y
0c
0i
#4303570830
1t
0s
0r
1y
0c
0i
#4303571636
0t
0s
0r
1y
0c
0i
#4303572121
1t
0s
0r
1y
0c
0i
#4303572925
0t
0s
0r
1y
0c
0i
#4303573407
1t
0s
0r
1y
0c
0i
#4303574212
0t
0s
0r
1y
0c
0i
#4303574691
1t
0s
0r
1y
0c
0i
#4303575490
0t
0s
0r
1y
0c
0i
#4303575971
1t
0s
0r
1y
0c
0i
#4303576771
0t
0s
0r
1y
0c
0i
#4303577252
1t
0s
0r
1y
0c
0i
#4303578056
0t
0s
0r
1y
0c
0i
#4303578535
1t
0s
0r
1y
0c
0i
#4303579335
0t
0s
0r
1y
0c
0i
#4303579817
1t
0s
0r
1y
0c
0i
#4303580616
0t
0s
0r
1y
0c
0i
#4303581100
1t
0s
0r
1y
0c
0i
#4303581901
0t
0s
0r
1y
0c
0i
#4303582383
1t
0s
0r
1y
0c
0i
#4303583179
0t
0s
0r
1y
0c
0i
#4303583663
1t
0s
0r
1y
0c
0i
#4303584461
0t
0s
0r
1y
0c
0i
#4303584944
1t
0s
0r
1y
0c
0i
#4303585746
0t
0s
0r
1y
0c
0i
#4303586228
1t
0s
0r
1y
0c
0i
#4303587024
0t
0s
0r
1y
0c
0i
#4303587510
1t
0s
0r
1y
0c
0i
#4303588308
0t
0s
0r
1y
0c
0i
#4303588794
1t
0s
0r
1y
0c
0i
#4303589598
0t
0s
0r
1y
0c
0i
#4303590083
1t
0s
0r
1y
0c
0i
#4303590885
0t
0s
0r
1y
0c
0i
#4303591374
1t
0s
0r
1y
0c
0i
#4303592181
0t
0s
0r
1y
0c
0i
#4303592672
1t
0s
0r
1y
1c
0i
#4303593486
0t
0s
0r
1y
1c
0i
#4303593980
1t
0s
0r
1y
1c
0i
#4303594794
0t
0s
0r
1y
1c
1i
#4303595292
1t
0s
0r
1y
1c
1i
#4303596117
0t
0s
0r
1y
1c
1i
#4303596616
1t
0s
0r
1y
1c
1i
#4303597451
0t
0s
0r
1y
1c
1i
#4303597952
1t
0s
0r
1y
1c
1i
#4303598789
0t
0s
0r
1y
1c
1i
#4303599294
1t
0s
0r
1y
1c
1i
#4303600137
0t
0s
0r
1y
1c
1i
#4303600644
1t
0s
0r
1y
1c
1i
#4303601493
0t
0s
0r
1y
1c
0i
#4303601998
1t
0s
0r
1y
1c
0i
#4303602840
0t
0s
0r
1y
1c
0i
#4303603345
1t
0s
0r
1y
1c
0i
#4303604181
0t
0s
0r
1y
1c
0i
#4303604679
1t
0s
0r
1y
1c
0i
#4303605502
0t
0s
0r
1y
1c
0i
#4303605994
1t
0s
0r
1y
1c
0i
#4303606794
0t
0s
0r
1y
1c
0i
#4303607283
1t
0s
0r
1y
1c
0i
#4303608073
0t
0s
0r
1y
1c
0i
#4303608554
1t
0s
0r
1y
1c
0i
#4303609337
0t
0s
0r
1y
1c
0i
#4303609813
1t
0s
0r
1y
1c
0i
#4303610585
0t
0s
0r
1y
1c
0i
#4303611060
1t
0s
0r
1y
1c
0i
#4303611830
0t
0s
0r
1y
1c
0i
#4303612303
1t
0s
0r
1y
1c
0i
#4303613074
0t
0s
0r
1y
1c
0i
#4303613547
1t
0s
0r
1y
1c
0i
#4303614312
0t
0s
0r
1y
1c
0i
#4303614787
1t
0s
0r
1y
1c
0i
#4303615553
0t
0s
0r
1y
1c
0i
#4303616026
1t
0s
0r
1y
1c
0i
#4303616796
0t
0s
0r
1y
1c
0i
#4303617268
1t
0s
0r
1y
1c
0i
#4303619249
0t
0s
0r
1y
1c
0i
#4303620621
1t
0s
0r
1y
1c
0i
#4303621762
0t
0s
0r
1y
1c
0i
#4303622219
1t
0s
0r
1y
1c
0i
#4303622988
0t
0s
0r
1y
1c
0i
#4303623456
1t
0s
0r
1y
1c
0i
#4303624222
0t
0s
0r
1y
1c
0i
#4303624692
1t
0s
0r
1y
1c
0i
#4303625457
0t
0s
0r
1y
1c
0i
#4303625928
1t
0s
0r
1y
1c
0i
#4303626693
0t
0s
0r
1y
1c
0i
#4303627164
1t
0s
0r
1y
1c
0i
#4303627934
0t
0s
0r
1y
1c
0i
#4303628403
1t
0s
0r
1y
1c
0i
#4303629171
0t
0s
0r
1y
1c
0i
#4303629643
1t
0s
0r
1y
1c
0i
#4303630415
0t
0s
0r
1y
1c
0i
#4303630888
1t
0s
0r
1y
1c
0i
#4303631666
0t
0s
0r
1y
0c
0i
#4303632141
1t
0s
0r
1y
0c
0i
#4303632918
0t
0s
0r
1y
0c
0i
#4303633397
1t
0s
0r
1y
0c
0i
#4303634183
0t
0s
0r
1y
0c
1i
#4303634662
1t
0s
0r
1y
0c
1i
#4303635457
0t
0s
0r
1y
0c
1i
#4303635937
1t
0s
0r
1y
0c
1i
#4303636733
0t
0s
0r
1y
0c
1i
#4303637218
1t
0s
0r
1y
0c
1i
#4303638018
0t
0s
0r
1y
0c
1i
#4303638505
1t
0s
0r
1y
0c
1i
#4303639310
0t
0s
0r
1y
0c
1i
#4303639783
0t
0s
1r
1y
0c
1i
#4303639786
0t
0s
0r
1y
0c
1i
#4303639795
1t
0s
0r
1y
0c
1i
#4303640595
0t
0s
0r
1y
0c
0i
#4303641081
1t
0s
0r
1y
0c
0i
#4303641879
0t
0s
0r
1y
0c
0i
#4303642361
1t
0s
0r
1y
0c
0i
#4303643156
0t
0s
0r
1y
0c
0i
#4303643633
1t
0s
0r
1y
0c
0i
#4303644412
0t
0s
0r
1y
0c
0i
#4303644887
1t
0s
0r
1y
0c
0i
#4303645656
0t
0s
0r
1y
0c
0i
#4303646124
1t
0s
0r
1y
0c
0i
#4303646886
0t
0s
0r
1y
0c
0i
#4303647347
1t
0s
0r
1y
0c
0i
#4303648098
0t
0s
0r
1y
0c
0i
#4303648557
1t
0s
0r
1y
0c
0i
#4303649304
0t
0s
0r
1y
0c
0i
#4303649761
1t
0s
0r
1y
0c
0i
#4303650508
0t
0s
0r
1y
0c
0i
#4303650961
1t
0s
0r
1y
0c
0i
#4303651702
0t
0s
0r
1y
0c
0i
#4303652157
1t
0s
0r
1y
0c
0i
#4303652899
0t
0s
0r
1y
0c
0i
#4303653353
1t
0s
0r
1y
0c
0i
#4303654099
0t
0s
0r
1y
0c
0i
#4303654551
1t
0s
0r
1y
0c
0i
#4303655291
0t
0s
0r
1y
0c
0i
#4303655747
1t
0s
0r
1y
0c
0i
#4303656488
0t
0s
0r
1y
0c
0i
#4303656944
1t
0s
0r
1y
0c
0i
#4303657687
0t
0s
0r
1y
0c
0i
#4303658142
1t
0s
0r
1y
0c
0i
#4303658880
0t
0s
0r
1y
0c
0i
#4303659337
1t
0s
0r
1y
0c
0i
#4303660076
0t
0s
0r
1y
0c
0i
#4303660532
1t
0s
0r
1y
0c
0i
#4303661274
0t
0s
0r
1y
0c
0i
#4303661728
1t
0s
0r
1y
0c
0i
#4303662465
0t
0s
0r
1y
0c
0i
#4303662922
1t
0s
0r
1y
0c
0i
#4303663659
0t
0s
0r
1y
0c
0i
#4303664116
1t
0s
0r
1y
0c
0i
#4303664858
0t
0s
0r
1y
0c
0i
#4303665313
1t
0s
0r
1y
0c
0i
#4303666052
0t
0s
0r
1y
0c
0i
#4303666509
1t
0s
0r
1y
0c
0i
#4303667250
0t
0s
0r
1y
0c
0i
#4303667709
1t
0s
0r
1y
0c
0i
#4303668456
0t
0s
0r
1y
1c
0i
#4303668917
1t
0s
0r
1y
1c
0i
#4303669661
0t
0s
0r
1y
1c
0i
#4303670126
1t
0s
0r
1y
1c
0i
#4303670878
0t
0s
0r
1y
1c
1i
#4303671343
1t
0s
0r
1y
1c
1i
#4303672105
0t
0s
0r
1y
1c
1i
#4303672571
1t
0s
0r
1y
1c
1i
#4303673333
0t
0s
0r
1y
1c
1i
#4303673803
1t
0s
0r
1y
1c
1i
#4303674571
0t
0s
0r
1y
1c
1i
#4303675042
1t
0s
0r
1y
1c
1i
#4303675816
0t
0s
0r
1y
1c
1i
#4303676287
1t
0s
0r
1y
1c
1i
#4303677054
0t
0s
0r
1y
1c
0i
#4303677525
1t
0s
0r
1y
1c
0i
#4303678287
0t
0s
0r
1y
1c
0i
#4303678752
1t
0s
0r
1y
1c
0i
#4303679505
0t
0s
0r
1y
1c
0i
#4303679963
1t
0s
0r
1y
1c
0i
#4303680698
0t
0s
0r
1y
1c
0i
#4303681154
1t
0s
0r
1y
1c
0i
#4303681878
0t
0s
0r
1y
1c
0i
#4303682328
1t
0s
0r
1y
1c
0i
#4303683048
0t
0s
0r
1y
1c
0i
#4303683492
1t
0s
0r
1y
1c
0i
#4303684202
0t
0s
0r
1y
1c
0i
#4303684645
1t
0s
0r
1y
1c
0i
#4303685352
0t
0s
0r
1y
1c
0i
#4303685794
1t
0s
0r
1y
1c
0i
#4303686502
0t
0s
0r
1y
1c
0i
#4303686943
1t
0s
0r
1y
1c
0i
#4303687646
0t
0s
0r
1y
1c
0i
#4303688088
1t
0s
0r
1y
1c
0i
#4303688791
0t
0s
0r
1y
1c
0i
#4303689233
1t
0s
0r
1y
1c
0i
#4303689939
0t
0s
0r
1y
1c
0i
#4303690379
1t
0s
0r
1y
1c
0i
#4303692204
0t
0s
0r
1y
1c
0i
#4303693479
1t
0s
0r
1y
1c
0i
#4303694529
0t
0s
0r
1y
1c
0i
#4303694956
1t
0s
0r
1y
1c
0i
#4303695663
0t
0s
0r
1y
1c
0i
#4303696100
1t
0s
0r
1y
1c
0i
#4303696804
0t
0s
0r
1y
1c
0i
#4303697243
1t
0s
0r
1y
1c
0i
#4303697946
0t
0s
0r
1y
1c
0i
#4303698385
1t
0s
0r
1y
1c
0i
#4303699088
0t
0s
0r
1y
1c
0i
#4303699527
1t
0s
0r
1y
1c
0i
#4303700234
0t
0s
0r
1y
1c
0i
#4303700671
1t
0s
0r
1y
1c
0i
#4303701373
0t
0s
0r
1y
1c
0i
#4303701813
1t
0s
0r
1y
1c
0i
#4303702519
0t
0s
0r
1y
1c
0i
#4303702959
1t
0s
0r
1y
1c
0i
#4303703669
0t
0s
0r
1y
0c
0i
#4303704112
1t
0s
0r
1y
0c
0i
#4303704820
0t
0s
0r
1y
0c
0i
#4303705265
1t
0s
0r
1y
0c
0i
#4303705979
0t
0s
0r
1y
0c
1i
#4303706425
1t
0s
0r
1y
0c
1i
#4303707147
0t
0s
0r
1y
0c
1i
#4303707592
1t
0s
0r
1y
0c
1i
#4303708314
0t
0s
0r
1y
0c
1i
#4303708763
1t
0s
0r
1y
0c
1i
#4303709489
0t
0s
0r
1y
0c
1i
#4303709940
1t
0s
0r
1y
0c
1i
#4303710672
0t
0s
0r
1y
0c
1i
#4303711121
1t
0s
0r
1y
0c
1i
#4303711848
0t
0s
0r
1y
0c
1i
#4303712297
1t
0s
0r
1y
0c
0i
#4303713021
0t
0s
0r
1y
0c
0i
#4303713467
1t
0s
0r
1y
0c
0i
#4303714186
0t
0s
0r
1y
0c
0i
#4303714626
1t
0s
0r
1y
0c
0i
#4303715330
0t
0s
0r
1y
0c
0i
#4303715768
1t
0s
0r
1y
0c
0i
#4303716465
0t
0s
0r
1y
0c
0i
#4303716897
1t
0s
0r
1y
0c
0i
#4303717590
0t
0s
0r
1y
0c
0i
#4303718017
1t
0s
0r
1y
0c
0i
#4303718702
0t
0s
0r
1y
0c
0i
#4303719128
1t
0s
0r
1y
0c
0i
#4303719811
0t
0s
0r
1y
0c
0i
#4303720235
1t
0s
0r
1y
0c
0i
#4303720918
0t
0s
0r
1y
0c
0i
#4303721340
1t
0s
0r
1y
0c
0i
#4303722019
0t
0s
0r
1y
0c
0i
#4303722442
1t
0s
0r
1y
0c
0i
#4303723121
0t
0s
0r
1y
0c
0i
#4303723544
1t
0s
0r
1y
0c
0i
#4303724227
0t
0s
0r
1y
0c
0i
#4303724648
1t
0s
0r
1y
0c
0i
#4303725327
0t
0s
0r
1y
0c
0i
#4303725751
1t
0s
0r
1y
0c
0i
#4303726430
0t
0s
0r
1y
0c
0i
#4303726856
1t
0s
0r
1y
0c
0i
#4303727538
0t
0s
0r
1y
0c
0i
#4303727961
1t
0s
0r
1y
0c
0i
#4303728638
0t
0s
0r
1y
0c
0i
#4303729064
1t
0s
0r
1y
0c
0i
#4303729743
0t
0s
0r
1y
0c
0i
#4303730168
1t
0s
0r
1y
0c
0i
#4303730849
0t
0s
0r
1y
0c
0i
#4303731273
1t
0s
0r
1y
0c
0i
#4303731949
0t
0s
0r
1y
0c
0i
#4303732375
1t
0s
0r
1y
0c
0i
#4303733052
0t
0s
0r
1y
0c
0i
#4303733479
1t
0s
0r
1y
0c
0i
#4303734159
0t
0s
0r
1y
0c
0i
#4303734584
1t
0s
0r
1y
0c
0i
#4303735261
0t
0s
0r
1y
0c
0i
#4303735688
1t
0s
0r
1y
0c
0i
#4303736368
0t
0s
0r
1y
0c
0i
#4303736796
1t
0s
0r
1y
0c
0i
#4303737479
0t
0s
0r
1y
1c
0i
#4303737908
1t
0s
0r
1y
1c
0i
#4303738589
0t
0s
0r
1y
1c
0i
#4303739021
1t
0s
0r
1y
1c
0i
#4303739707
0t
0s
0r
1y
1c
1i
#4303740140
1t
0s
0r
1y
1c
1i
#4303740833
0t
0s
0r
1y
1c
1i
#4303741266
1t
0s
0r
1y
1c
1i
#4303741959
0t
0s
0r
1y
1c
1i
#4303742394
1t
0s
0r
1y
1c
1i
#4303743092
0t
0s
0r
1y
1c
1i
#4303743528
1t
0s
0r
1y
1c
1i
#4303744231
0t
0s
0r
1y
1c
1i
#4303744666
1t
0s
0r
1y
1c
1i
#4303745363
0t
0s
0r
1y
1c
1i
#4303745799
1t
0s
0r
1y
1c
1i
#4303746493
0t
0s
0r
1y
1c
0i
#4303746924
1t
0s
0r
1y
1c
0i
#4303747611
0t
0s
0r
1y
1c
0i
#4303748036
1t
0s
0r
1y
1c
0i
#4303748707
0t
0s
0r
1y
1c
0i
#4303749131
1t
0s
0r
1y
1c
0i
#4303749794
0t
0s
0r
1y
1c
0i
#4303750213
1t
0s
0r
1y
1c
0i
#4303750873
0t
0s
0r
1y
1c
0i
#4303751287
1t
0s
0r
1y
1c
0i
#4303751937
0t
0s
0r
1y
1c
0i
#4303752351
1t
0s
0r
1y
1c
0i
#4303753000
0t
0s
0r
1y
1c
0i
#4303753411
1t
0s
0r
1y
1c
0i
#4303754060
0t
0s
0r
1y
1c
0i
#4303754471
1t
0s
0r
1y
1c
0i
#4303755115
0t
0s
0r
1y
1c
0i
#4303755528
1t
0s
0r
1y
1c
0i
#4303756172
0t
0s
0r
1y
1c
0i
#4303756584
1t
0s
0r
1y
1c
0i
#4303757230
0t
0s
0r
1y
1c
0i
#4303757641
1t
0s
0r
1y
1c
0i
#4303759318
0t
0s
0r
1y
1c
0i
#4303760502
1t
0s
0r
1y
1c
0i
#4303761464
0t
0s
0r
1y
1c
0i
#4303761862
1t
0s
0r
1y
1c
0i
#4303762510
0t
0s
0r
1y
1c
0i
#4303762918
1t
0s
0r
1y
1c
0i
#4303763563
0t
0s
0r
1y
1c
0i
#4303763973
1t
0s
0r
1y
1c
0i
#4303764617
0t
0s
0r
1y
1c
0i
#4303765028
1t
0s
0r
1y
1c
0i
#4303765672
0t
0s
0r
1y
1c
0i
#4303766081
1t
0s
0r
1y
1c
0i
#4303766728
0t
0s
0r
1y
1c
0i
#4303767136
1t
0s
0r
1y
1c
0i
#4303767779
0t
0s
0r
1y
1c
0i
#4303768189
1t
0s
0r
1y
1c
0i
#4303768835
0t
0s
0r
1y
1c
0i
#4303769245
1t
0s
0r
1y
1c
0i
#4303769895
0t
0s
0r
1y
0c
0i
#4303770305
1t
0s
0r
1y
0c
0i
#4303770952
0t
0s
0r
1y
0c
1i
#4303771365
1t
0s
0r
1y
0c
1i
#4303772016
0t
0s
0r
1y
0c
1i
#4303772429
1t
0s
0r
1y
0c
1i
#4303773086
0t
0s
0r
1y
0c
1i
#4303773499
1t
0s
0r
1y
0c
1i
#4303774155
0t
0s
0r
1y
0c
1i
#4303774571
1t
0s
0r
1y
0c
1i
#4303775230
0t
0s
0r
1y
0c
1i
#4303775647
1t
0s
0r
1y
0c
1i
#4303776310
0t
0s
0r
1y
0c
1i
#4303776726
1t
0s
0r
1y
0c
1i
#4303777219
1t
0s
1r
1y
0c
1i
#4303777222
1t
0s
0r
1y
0c
1i
#4303777384
0t
0s
0r
1y
0c
1i
#4303777801
1t
0s
0r
1y
0c
0i
#4303778459
0t
0s
0r
1y
0c
0i
#4303778873
1t
0s
0r
1y
0c
0i
#4303779529
0t
0s
0r
1y
0c
0i
#4303779939
1t
0s
0r
1y
0c
0i
#4303780583
0t
0s
0r
1y
0c
0i
#4303780993
1t
0s
0r
1y
0c
0i
#4303781631
0t
0s
0r
1y
0c
0i
#4303782035
1t
0s
0r
1y
0c
0i
#4303782670
0t
0s
0r
1y
0c
0i
#4303783069
1t
0s
0r
1y
0c
0i
#4303783696
0t
0s
0r
1y
0c
0i
#4303784095
1t
0s
0r
1y
0c
0i
#4303784719
0t
0s
0r
1y
0c
0i
#4303785116
1t
0s
0r
1y
0c
0i
#4303785741
0t
0s
0r
1y
0c
0i
#4303786134
1t
0s
0r
1y
0c
0i
#4303786754
0t
0s
0r
1y
0c
0i
#4303787149
1t
0s
0r
1y
0c
0i
#4303787770
0t
0s
0r
1y
0c
0i
#4303788164
1t
0s
0r
1y
0c
0i
#4303788788
0t
0s
0r
1y
0c
0i
#4303789181
1t
0s
0r
1y
0c
0i
#4303789801
0t
0s
0r
1y
0c
0i
#4303790195
1t
0s
0r
1y
0c
0i
#4303790815
0t
0s
0r
1y
0c
0i
#4303791211
1t
0s
0r
1y
0c
0i
#4303791833
0t
0s
0r
1y
0c
0i
#4303792228
1t
0s
0r
1y
0c
0i
#4303792846
0t
0s
0r
1y
0c
0i
#4303793242
1t
0s
0r
1y
0c
0i
#4303793862
0t
0s
0r
1y
0c
0i
#4303794258
1t
0s
0r
1y
0c
0i
#4303794880
0t
0s
0r
1y
0c
0i
#4303795274
1t
0s
0r
1y
0c
0i
#4303795892
0t
0s
0r
1y
0c
0i
#4303796288
1t
0s
0r
1y
0c
0i
#4303796906
0t
0s
0r
1y
0c
0i
#4303797303
1t
0s
0r
1y
0c
0i
#4303797923
0t
0s
0r
1y
0c
0i
#4303798318
1t
0s
0r
1y
0c
0i
#4303798936
0t
0s
0r
1y
0c
0i
#4303799332
1t
0s
0r
1y
0c
0i
#4303799952
0t
0s
0r
1y
0c
0i
#4303800348
1t
0s
0r
1y
0c
0i
#4303800970
0t
0s
0r
1y
0c
0i
#4303801368
1t
0s
0r
1y
1c
0i
#4303801987
0t
0s
0r
1y
1c
1i
#4303802387
1t
0s
0r
1y
1c
1i
#4303803010
0t
0s
0r
1y
1c
1i
#4303803410
1t
0s
0r
1y
1c
1i
#4303804039
0t
0s
0r
1y
1c
1i
#4303804438
1t
0s
0r
1y
1c
1i
#4303805066
0t
0s
0r
1y
1c
1i
#4303805468
1t
0s
0r
1y
1c
1i
#4303806099
0t
0s
0r
1y
1c
1i
#4303806501
1t
0s
0r
1y
1c
1i
#4303807136
0t
0s
0r
1y
1c
1i
#4303807538
1t
0s
0r
1y
1c
1i
#4303808169
0t
0s
0r
1y
1c
1i
#4303808571
1t
0s
0r
1y
1c
0i
#4303809202
0t
0s
0r
1y
1c
0i
#4303809602
1t
0s
0r
1y
1c
0i
#4303810230
0t
0s
0r
1y
1c
0i
#4303810627
1t
0s
0r
1y
1c
0i
#4303811243
0t
0s
0r
1y
1c
0i
#4303811639
1t
0s
0r
1y
1c
0i
#4303812249
0t
0s
0r
1y
1c
0i
#4303812641
1t
0s
0r
1y
1c
0i
#4303813247
0t
0s
0r
1y
1c
0i
#4303813634
1t
0s
0r
1y
1c
0i
#4303814232
0t
0s
0r
1y
1c
0i
#4303814619
1t
0s
0r
1y
1c
0i
#4303815215
0t
0s
0r
1y
1c
0i
#4303815599
1t
0s
0r
1y
1c
0i
#4303816195
0t
0s
0r
1y
1c
0i
#4303816579
1t
0s
0r
1y
1c
0i
#4303817169
0t
0s
0r
1y
1c
0i
#4303817554
1t
0s
0r
1y
1c
0i
#4303818145
0t
0s
0r
1y
1c
0i
#4303818528
1t
0s
0r
1y
1c
0i
#4303819122
0t
0s
0r
1y
1c
0i
#4303819504
1t
0s
0r
1y
1c
0i
#4303821047
0t
0s
0r
1y
1c
0i
#4303822143
1t
0s
0r
1y
1c
0i
#4303823027
0t
0s
0r
1y
1c
0i
#4303823398
1t
0s
0r
1y
1c
0i
#4303823993
0t
0s
0r
1y
1c
0i
#4303824373
1t
0s
0r
1y
1c
0i
#4303824965
0t
0s
0r
1y
1c
0i
#4303825347
1t
0s
0r
1y
1c
0i
#4303825938
0t
0s
0r
1y
1c
0i
#4303826321
1t
0s
0r
1y
1c
0i
#4303826911
0t
0s
0r
1y
1c
0i
#4303827293
1t
0s
0r
1y
1c
0i
#4303827886
0t
0s
0r
1y
1c
0i
#4303828266
1t
0s
0r
1y
1c
0i
#4303828856
0t
0s
0r
1y
1c
0i
#4303829237
1t
0s
0r
1y
1c
0i
#4303829828
0t
0s
0r
1y
1c
0i
#4303830209
1t
0s
0r
1y
1c
0i
#4303830803
0t
0s
0r
1y
1c
0i
#4303831185
1t
0s
0r
1y
1c
0i
#4303831776
0t
0s
0r
1y
1c
0i
#4303832160
1t
0s
0r
1y
0c
1i
#4303832754
0t
0s
0r
1y
0c
1i
#4303833137
1t
0s
0r
1y
0c
1i
#4303833736
0t
0s
0r
1y
0c
1i
#4303834119
1t
0s
0r
1y
0c
1i
#4303834716
0t
0s
0r
1y
0c
1i
#4303835102
1t
0s
0r
1y
0c
1i
#4303835702
0t
0s
0r
1y
0c
1i
#4303836088
1t
0s
0r
1y
0c
1i
#4303836691
0t
0s
0r
1y
0c
1i
#4303837076
1t
0s
0r
1y
0c
1i
#4303837676
0t
0s
0r
1y
0c
1i
#4303838063
1t
0s
0r
1y
0c
1i
#4303838663
0t
0s
0r
1y
0c
0i
#4303839047
1t
0s
0r
1y
0c
0i
#4303839648
0t
0s
0r
1y
0c
0i
#4303840030
1t
0s
0r
1y
0c
0i
#4303840622
0t
0s
0r
1y
0c
0i
#4303841004
1t
0s
0r
1y
0c
0i
#4303841593
0t
0s
0r
1y
0c
0i
#4303841971
1t
0s
0r
1y
0c
0i
#4303842557
0t
0s
0r
1y
0c
0i
#4303842931
1t
0s
0r
1y
0c
0i
#4303843510
0t
0s
0r
1y
0c
0i
#4303843883
1t
0s
0r
1y
0c
0i
#4303844461
0t
0s
0r
1y
0c
0i
#4303844832
1t
0s
0r
1y
0c
0i
#4303845411
0t
0s
0r
1y
0c
0i
#4303845779
1t
0s
0r
1y
0c
0i
#4303846352
0t
0s
0r
1y
0c
0i
#4303846722
1t
0s
0r
1y
0c
0i
#4303847296
0t
0s
0r
1y
0c
0i
#4303847665
1t
0s
0r
1y
0c
0i
#4303848242
0t
0s
0r
1y
0c
0i
#4303848610
1t
0s
0r
1y
0c
0i
#4303849183
0t
0s
0r
1y
0c
0i
#4303849553
1t
0s
0r
1y
0c
0i
#4303850125
0t
0s
0r
1y
0c
0i
#4303850497
1t
0s
0r
1y
0c
0i
#4303851072
0t
0s
0r
1y
0c
0i
#4303851442
1t
0s
0r
1y
0c
0i
#4303852013
0t
0s
0r
1y
0c
0i
#4303852385
1t
0s
0r
1y
0c
0i
#4303852958
0t
0s
0r
1y
0c
0i
#4303853328
1t
0s
0r
1y
0c
0i
#4303853904
0t
0s
0r
1y
0c
0i
#4303854273
1t
0s
0r
1y
0c
0i
#4303854844
0t
0s
0r
1y
0c
0i
#4303855216
1t
0s
0r
1y
0c
0i
#4303855788
0t
0s
0r
1y
0c
0i
#4303856160
1t
0s
0r
1y
0c
0i
#4303856734
0t
0s
0r
1y
0c
0i
#4303857104
1t
0s
0r
1y
0c
0i
#4303857674
0t
0s
0r
1y
0c
0i
#4303858047
1t
0s
0r
1y
0c
0i
#4303858619
0t
0s
0r
1y
0c
0i
#4303858991
1t
0s
0r
1y
0c
0i
#4303859565
0t
0s
0r
1y
0c
0i
#4303859938
1t
0s
0r
1y
0c
0i
#4303860509
0t
0s
0r
1y
0c
1i
#4303860884
1t
0s
0r
1y
0c
1i
#4303861458
0t
0s
0r
1y
1c
1i
#4303861832
1t
0s
0r
1y
1c
1i
#4303862411
0t
0s
0r
1y
1c
1i
#4303862784
1t
0s
0r
1y
1c
1i
#4303863361
0t
0s
0r
1y
1c
1i
#4303863737
1t
0s
0r
1y
1c
1i
#4303864317
0t
0s
0r
1y
1c
1i
#4303864692
1t
0s
0r
1y
1c
1i
#4303865275
0t
0s
0r
1y
1c
1i
#4303865650
1t
0s
0r
1y
1c
1i
#4303866229
0t
0s
0r
1y
1c
1i
#4303866605
1t
0s
0r
1y
1c
1i
#4303867185
0t
0s
0r
1y
1c
0i
#4303867560
1t
0s
0r
1y
1c
0i
#4303868141
0t
0s
0r
1y
1c
0i
#4303868514
1t
0s
0r
1y
1c
0i
#4303869087
0t
0s
0r
1y
1c
0i
#4303869462
1t
0s
0r
1y
1c
0i
#4303870032
0t
0s
0r
1y
1c
0i
#4303870404
1t
0s
0r
1y
1c
0i
#4303870973
0t
0s
0r
1y
1c
0i
#4303871341
1t
0s
0r
1y
1c
0i
#4303871902
0t
0s
0r
1y
1c
0i
#4303872270
1t
0s
0r
1y
1c
0i
#4303872829
0t
0s
0r
1y
1c
0i
#4303873195
1t
0s
0r
1y
1c
0i
#4303873754
0t
0s
0r
1y
1c
0i
#4303874118
1t
0s
0r
1y
1c
0i
#4303874672
0t
0s
0r
1y
1c
0i
#4303875037
1t
0s
0r
1y
1c
0i
#4303875591
0t
0s
0r
1y
1c
0i
#4303875955
1t
0s
0r
1y
1c
0i
#4303876510
0t
0s
0r
1y
1c
0i
#4303876873
1t
0s
0r
1y
1c
0i
#4303878321
0t
0s
0r
1y
1c
0i
#4303879357
1t
0s
0r
1y
1c
0i
#4303880184
0t
0s
0r
1y
1c
0i
#4303880536
1t
0s
0r
1y
1c
0i
#4303881091
0t
0s
0r
1y
1c
0i
#4303881452
1t
0s
0r
1y
1c
0i
#4303882006
0t
0s
0r
1y
1c
0i
#4303882367
1t
0s
0r
1y
1c
0i
#4303882920
0t
0s
0r
1y
1c
0i
#4303883282
1t
0s
0r
1y
1c
0i
#4303883835
0t
0s
0r
1y
1c
0i
#4303884196
1t
0s
0r
1y
1c
0i
#4303884751
0t
0s
0r
1y
1c
0i
#4303885110
1t
0s
0r
1y
1c
0i
#4303885661
0t
0s
0r
1y
1c
0i
#4303886022
1t
0s
0r
1y
1c
0i
#4303886575
0t
0s
0r
1y
1c
0i
#4303886935
1t
0s
0r
1y
1c
0i
#4303887490
0t
0s
0r
1y
1c
1i
#4303887851
1t
0s
0r
1y
1c
1i
#4303888402
0t
0s
0r
1y
1c
1i
#4303888765
1t
0s
0r
1y
1c
1i
#4303889318
0t
0s
0r
1y
0c
1i
#4303889680
1t
0s
0r
1y
0c
1i
#4303890238
0t
0s
0r
1y
0c
1i
#4303890599
1t
0s
0r
1y
0c
1i
#4303891155
0t
0s
0r
1y
0c
1i
#4303891519
1t
0s
0r
1y
0c
1i
#4303892076
0t
0s
0r
1y
0c
1i
#4303892440
1t
0s
0r
1y
0c
1i
#4303893000
0t
0s
0r
1y
0c
1i
#4303893364
1t
0s
0r
1y
0c
1i
#4303893563
1t
0s
1r
1y
0c
1i
#4303893565
1t
0s
0r
1y
0c
1i
#4303893921
0t
0s
0r
1y
0c
0i
#4303894285
1t
0s
0r
1y
0c
0i
#4303894843
0t
0s
0r
1y
0c
0i
#4303895206
1t
0s
0r
1y
0c
0i
#4303895767
0t
0s
0r
1y
0c
0i
#4303896128
1t
0s
0r
1y
0c
0i
#4303896684
0t
0s
0r
1y
0c
0i
#4303897048
1t
0s
0r
1y
0c
0i
#4303897604
0t
0s
0r
1y
0c
0i
#4303897966
1t
0s
0r
1y
0c
0i
#4303898523
0t
0s
0r
1y
0c
0i
#4303898883
1t
0s
0r
1y
0c
0i
#4303899436
0t
0s
0r
1y
0c
0i
#4303899796
1t
0s
0r
1y
0c
0i
#4303900349
0t
0s
0r
1y
0c
0i
#4303900707
1t
0s
0r
1y
0c
0i
#4303901261
0t
0s
0r
1y
0c
0i
#4303901617
1t
0s
0r
1y
0c
0i
#4303902165
0t
0s
0r
1y
0c
0i
#4303902522
1t
0s
0r
1y
0c
0i
#4303903069
0t
0s
0r
1y
0c
0i
#4303903425
1t
0s
0r
1y
0c
0i
#4303903975
0t
0s
0r
1y
0c
0i
#4303904329
1t
0s
0r
1y
0c
0i
#4303904875
0t
0s
0r
1y
0c
0i
#4303905230
1t
0s
0r
1y
0c
0i
#4303905775
0t
0s
0r
1y
0c
0i
#4303906132
1t
0s
0r
1y
0c
0i
#4303906678
0t
0s
0r
1y
0c
0i
#4303907033
1t
0s
0r
1y
0c
0i
#4303907575
0t
0s
0r
1y
0c
0i
#4303907932
1t
0s
0r
1y
0c
0i
#4303908475
0t
0s
0r
1y
0c
0i
#4303908831
1t
0s
0r
1y
0c
0i
#4303909376
0t
0s
0r
1y
0c
0i
#4303909731
1t
0s
0r
1y
0c
0i
#4303910273
0t
0s
0r
1y
0c
0i
#4303910630
1t
0s
0r
1y
0c
0i
#4303911172
0t
0s
0r
1y
0c
0i
#4303911528
1t
0s
0r
1y
0c
0i
#4303912073
0t
0s
0r
1y
0c
0i
#4303912428
1t
0s
0r
1y
0c
0i
#4303912969
0t
0s
0r
1y
0c
0i
#4303913325
1t
0s
0r
1y
0c
0i
#4303913868
0t
0s
0r
1y
0c
0i
#4303914224
1t
0s
0r
1y
0c
0i
#4303914768
0t
0s
0r
1y
0c
1i
#4303915126
1t
0s
0r
1y
0c
1i
#4303915667
0t
0s
0r
1y
0c
1i
#4303916025
1t
0s
0r
1y
0c
1i
#4303916569
0t
0s
0r
1y
0c
1i
#4303916927
1t
0s
0r
1y
0c
1i
#4303917475
0t
0s
0r
1y
1c
1i
#4303917832
1t
0s
0r
1y
1c
1i
#4303918378
0t
0s
0r
1y
1c
1i
#4303918737
1t
0s
0r
1y
1c
1i
#4303919285
0t
0s
0r
1y
1c
1i
#4303919645
1t
0s
0r
1y
1c
1i
#4303920196
0t
0s
0r
1y
1c
1i
#4303920554
1t
0s
0r
1y
1c
1i
#4303921102
0t
0s
0r
1y
1c
0i
#4303921461
1t
0s
0r
1y
1c
0i
#4303922010
0t
0s
0r
1y
1c
0i
#4303922368
1t
0s
0r
1y
1c
0i
#4303922918
0t
0s
0r
1y
1c
0i
#4303923276
1t
0s
0r
1y
1c
0i
#4303923821
0t
0s
0r
1y
1c
0i
#4303924182
1t
0s
0r
1y
1c
0i
#4303924727
0t
0s
0r
1y
1c
0i
#4303925086
1t
0s
0r
1y
1c
0i
#4303925633
0t
0s
0r
1y
1c
0i
#4303925990
1t
0s
0r
1y
1c
0i
#4303926532
0t
0s
0r
1y
1c
0i
#4303926890
1t
0s
0r
1y
1c
0i
#4303927431
0t
0s
0r
1y
1c
0i
#4303927788
1t
0s
0r
1y
1c
0i
#4303928329
0t
0s
0r
1y
1c
0i
#4303928684
1t
0s
0r
1y
1c
0i
#4303929220
0t
0s
0r
1y
1c
0i
#4303929576
1t
0s
0r
1y
1c
0i
#4303930111
0t
0s
0r
1y
1c
0i
#4303930465
1t
0s
0r
1y
1c
0i
#4303931002
0t
0s
0r
1y
1c
0i
#4303931355
1t
0s
0r
1y
1c
0i
#4303932754
0t
0s
0r
1y
1c
0i
#4303933757
1t
0s
0r
1y
1c
0i
#4303934555
0t
0s
0r
1y
1c
0i
#4303934896
1t
0s
0r
1y
1c
0i
#4303935432
0t
0s
0r
1y
1c
0i
#4303935781
1t
0s
0r
1y
1c
0i
#4303936315
0t
0s
0r
1y
1c
0i
#4303936666
1t
0s
0r
1y
1c
0i
#4303937198
0t
0s
0r
1y
1c
0i
#4303937550
1t
0s
0r
1y
1c
0i
#4303938083
0t
0s
0r
1y
1c
0i
#4303938433
1t
0s
0r
1y
1c
0i
#4303938968
0t
0s
0r
1y
1c
0i
#4303939317
1t
0s
0r
1y
1c
0i
#4303939848
0t
0s
0r
1y
1c
0i
#4303940199
1t
0s
0r
1y
1c
0i
#4303940732
0t
0s
0r
1y
1c
0i
#4303941082
1t
0s
0r
1y
1c
0i
#4303941616
0t
0s
0r
1y
1c
0i
#4303941966
1t
0s
0r
1y
1c
1i
#4303942498
0t
0s
0r
1y
1c
1i
#4303942850
1t
0s
0r
1y
1c
1i
#4303943384
0t
0s
0r
1y
1c
1i
#4303943735
1t
0s
0r
1y
1c
1i
#4303944272
0t
0s
0r
1y
1c
1i
#4303944623
1t
0s
0r
1y
0c
1i
#4303945159
0t
0s
0r
1y
0c
1i
#4303945511
1t
0s
0r
1y
0c
1i
#4303946048
0t
0s
0r
1y
0c
1i
#4303946401
1t
0s
0r
1y
0c
1i
#4303946941
0t
0s
0r
1y
0c
1i
#4303947293
1t
0s
0r
1y
0c
1i
#4303947830
0t
0s
0r
1y
0c
0i
#4303948183
1t
0s
0r
1y
0c
0i
#4303948720
0t
0s
0r
1y
0c
0i
#4303949072
1t
0s
0r
1y
0c
0i
#4303949613
0t
0s
0r
1y
0c
0i
#4303949963
1t
0s
0r
1y
0c
0i
#4303950499
0t
0s
0r
1y
0c
0i
#4303950853
1t
0s
0r
1y
0c
0i
#4303951388
0t
0s
0r
1y
0c
0i
#4303951741
1t
0s
0r
1y
0c
0i
#4303952280
0t
0s
0r
1y
0c
0i
#4303952630
1t
0s
0r
1y
0c
0i
#4303953165
0t
0s
0r
1y
0c
0i
#4303953516
1t
0s
0r
1y
0c
0i
#4303954052
0t
0s
0r
1y
0c
0i
#4303954401
1t
0s
0r
1y
0c
0i
#4303954939
0t
0s
0r
1y
0c
0i
#4303955286
1t
0s
0r
1y
0c
0i
#4303955819
0t
0s
0r
1y
0c
0i
#4303956167
1t
0s
0r
1y
0c
0i
#4303956700
0t
0s
0r
1y
0c
0i
#4303957047
1t
0s
0r
1y
0c
0i
#4303957580
0t
0s
0r
1y
0c
0i
#4303957926
1t
0s
0r
1y
0c
0i
#4303958456
0t
0s
0r
1y
0c
0i
#4303958803
1t
0s
0r
1y
0c
0i
#4303959331
0t
0s
0r
1y
0c
0i
#4303959679
1t
0s
0r
1y
0c
0i
#4303960209
0t
0s
0r
1y
0c
0i
#4303960556
1t
0s
0r
1y
0c
0i
#4303961082
0t
0s
0r
1y
0c
0i
#4303961429
1t
0s
0r
1y
0c
0i
#4303961957
0t
0s
0r
1y
0c
0i
#4303962304
1t
0s
0r
1y
0c
0i
#4303962833
0t
0s
0r
1y
0c
0i
#4303963179
1t
0s
0r
1y
0c
0i
#4303963704
0t
0s
0r
1y
0c
0i
#4303964052
1t
0s
0r
1y
0c
0i
#4303964579
0t
0s
0r
1y
0c
0i
#4303964925
1t
0s
0r
1y
0c
0i
#4303965454
0t
0s
0r
1y
0c
0i
#4303965800
1t
0s
0r
1y
0c
0i
#4303966325
0t
0s
0r
1y
0c
0i
#4303966673
1t
0s
0r
1y
0c
0i
#4303967199
0t
0s
0r
1y
0c
0i
#4303967547
1t
0s
0r
1y
0c
0i
#4303968075
0t
0s
0r
1y
0c
0i
#4303968424
1t
0s
0r
1y
0c
1i
#4303968949
0t
0s
0r
1y
0c
1i
#4303969299
1t
0s
0r
1y
0c
1i
#4303969826
0t
0s
0r
1y
0c
1i
#4303970176
1t
0s
0r
1y
0c
1i
#4303970707
0t
0s
0r
1y
0c
1i
#4303971056
1t
0s
0r
1y
1c
1i
#4303971585
0t
0s
0r
1y
1c
1i
#4303971936
1t
0s
0r
1y
1c
1i
#4303972468
0t
0s
0r
1y
1c
1i
#4303972818
1t
0s
0r
1y
1c
1i
#4303973353
0t
0s
0r
1y
1c
1i
#4303973702
1t
0s
0r
1y
1c
1i
#4303974233
0t
0s
0r
1y
1c
0i
#4303974584
1t
0s
0r
1y
1c
0i
#4303975116
0t
0s
0r
1y
1c
0i
#4303975466
1t
0s
0r
1y
1c
0i
#4303975999
0t
0s
0r
1y
1c
0i
#4303976349
1t
0s
0r
1y
1c
0i
#4303976878
0t
0s
0r
1y
1c
0i
#4303977229
1t
0s
0r
1y
1c
0i
#4303977759
0t
0s
0r
1y
1c
0i
#4303978110
1t
0s
0r
1y
1c
0i
#4303978642
0t
0s
0r
1y
1c
0i
#4303978992
1t
0s
0r
1y
1c
0i
#4303979520
0t
0s
0r
1y
1c
0i
#4303979871
1t
0s
0r
1y
1c
0i
#4303980400
0t
0s
0r
1y
1c
0i
#4303980750
1t
0s
0r
1y
1c
0i
#4303981280
0t
0s
0r
1y
1c
0i
#4303981629
1t
0s
0r
1y
1c
0i
#4303982155
0t
0s
0r
1y
1c
0i
#4303982505
1t
0s
0r
1y
1c
0i
#4303983030
0t
0s
0r
1y
1c
0i
#4303983379
1t
0s
0r
1y
1c
0i
#4303983905
0t
0s
0r
1y
1c
0i
#4303984252
1t
0s
0r
1y
1c
0i
#4303985625
0t
0s
0r
1y
1c
0i
#4303986611
1t
0s
0r
1y
1c
0i
#4303987394
0t
0s
0r
1y
1c
0i
#4303987729
1t
0s
0r
1y
1c
0i
#4303988254
0t
0s
0r
1y
1c
0i
#4303988598
1t
0s
0r
1y
1c
0i
#4303989121
0t
0s
0r
1y
1c
0i
#4303989466
1t
0s
0r
1y
1c
0i
#4303989988
0t
0s
0r
1y
1c
0i
#4303990334
1t
0s
0r
1y
1c
0i
#4303990856
0t
0s
0r
1y
1c
0i
#4303991201
1t
0s
0r
1y
1c
0i
#4303991725
0t
0s
0r
1y
1c
0i
#4303992068
1t
0s
0r
1y
1c
0i
#4303992589
0t
0s
0r
1y
1c
0i
#4303992934
1t
0s
0r
1y
1c
0i
#4303993457
0t
0s
0r
1y
1c
1i
#4303993801
1t
0s
0r
1y
1c
1i
#4303994325
0t
0s
0r
1y
1c
1i
#4303994670
1t
0s
0r
1y
1c
1i
#4303995191
0t
0s
0r
1y
1c
1i
#4303995538
1t
0s
0r
1y
1c
1i
#4303996061
0t
0s
0r
1y
1c
1i
#4303996407
1t
0s
0r
1y
1c
1i
#4303996934
0t
0s
0r
1y
0c
1i
#4303997279
1t
0s
0r
1y
0c
1i
#4303997804
0t
0s
0r
1y
0c
1i
#4303998150
1t
0s
0r
1y
0c
1i
#4303998677
0t
0s
0r
1y
0c
1i
#4303999024
1t
0s
0r
1y
0c
1i
#4303999431
1t
0s
1r
1y
0c
0i
#4303999434
1t
0s
0r
1y
0c
0i
#4303999553
0t
0s
0r
1y
0c
0i
#4303999899
1t
0s
0r
1y
0c
0i
#4304000425
0t
0s
0r
1y
0c
0i
#4304000772
1t
0s
0r
1y
0c
0i
#4304001298
0t
0s
0r
1y
0c
0i
#4304001644
1t
0s
0r
1y
0c
0i
#4304002173
0t
0s
0r
1y
0c
0i
#4304002518
1t
0s
0r
1y
0c
0i
#4304003042
0t
0s
0r
1y
0c
0i
#4304003389
1t
0s
0r
1y
0c
0i
#4304003914
0t
0s
0r
1y
0c
0i
#4304004260
1t
0s
0r
1y
0c
0i
#4304004788
0t
0s
0r
1y
0c
0i
#4304005132
1t
0s
0r
1y
0c
0i
#4304005657
0t
0s
0r
1y
0c
0i
#4304006002
1t
0s
0r
1y
0c
0i
#4304006527
0t
0s
0r
1y
0c
0i
#4304006871
1t
0s
0r
1y
0c
0i
#4304007398
0t
0s
0r
1y
0c
0i
#4304007741
1t
0s
0r
1y
0c
0i
#4304008263
0t
0s
0r
1y
0c
0i
#4304008607
1t
0s
0r
1y
0c
0i
#4304009130
0t
0s
0r
1y
0c
0i
#4304009473
1t
0s
0r
1y
0c
0i
#4304009998
0t
0s
0r
1y
0c
0i
#4304010338
1t
0s
0r
1y
0c
0i
#4304010859
0t
0s
0r
1y
0c
0i
#4304011202
1t
0s
0r
1y
0c
0i
#4304011722
0t
0s
0r
1y
0c
0i
#4304012065
1t
0s
0r
1y
0c
0i
#4304012586
0t
0s
0r
1y
0c
0i
#4304012928
1t
0s
0r
1y
0c
0i
#4304013446
0t
0s
0r
1y
0c
0i
#4304013790
1t
0s
0r
1y
0c
0i
#4304014309
0t
0s
0r
1y
0c
0i
#4304014651
1t
0s
0r
1y
0c
0i
#4304015172
0t
0s
0r
1y
0c
0i
#4304015513
1t
0s
0r
1y
0c
0i
#4304016030
0t
0s
0r
1y
0c
0i
#4304016374
1t
0s
0r
1y
0c
0i
#4304016892
0t
0s
0r
1y
0c
0i
#4304017235
1t
0s
0r
1y
0c
0i
#4304017755
0t
0s
0r
1y
0c
0i
#4304018097
1t
0s
0r
1y
0c
0i
#4304018614
0t
0s
0r
1y
0c
0i
#4304018957
1t
0s
0r
1y
0c
0i
#4304019475
0t
0s
0r
1y
0c
0i
#4304019818
1t
0s
0r
1y
0c
1i
#4304020338
0t
0s
0r
1y
0c
1i
#4304020682
1t
0s
0r
1y
0c
1i
#4304021198
0t
0s
0r
1y
0c
1i
#4304021544
1t
0s
0r
1y
0c
1i
#4304022063
0t
0s
0r
1y
0c
1i
#4304022407
1t
0s
0r
1y
0c
1i
#4304022930
0t
0s
0r
1y
1c
1i
#4304023274
1t
0s
0r
1y
1c
1i
#4304023795
0t
0s
0r
1y
1c
1i
#4304024141
1t
0s
0r
1y
1c
1i
#4304024663
0t
0s
0r
1y
1c
1i
#4304025009
1t
0s
0r
1y
1c
1i
#4304025535
0t
0s
0r
1y
1c
0i
#4304025879
1t
0s
0r
1y
1c
0i
#4304026401
0t
0s
0r
1y
1c
0i
#4304026747
1t
0s
0r
1y
1c
0i
#4304027269
0t
0s
0r
1y
1c
0i
#4304027614
1t
0s
0r
1y
1c
0i
#4304028139
0t
0s
0r
1y
1c
0i
#4304028483
1t
0s
0r
1y
1c
0i
#4304029003
0t
0s
0r
1y
1c
0i
#4304029350
1t
0s
0r
1y
1c
0i
#4304029871
0t
0s
0r
1y
1c
0i
#4304030217
1t
0s
0r
1y
1c
0i
#4304030741
0t
0s
0r
1y
1c
0i
#4304031085
1t
0s
0r
1y
1c
0i
#4304031605
0t
0s
0r
1y
1c
0i
#4304031951
1t
0s
0r
1y
1c
0i
#4304032472
0t
0s
0r
1y
1c
0i
#4304032818
1t
0s
0r
1y
1c
0i
#4304033340
0t
0s
0r
1y
1c
0i
#4304033686
1t
0s
0r
1y
1c
0i
#4304034204
0t
0s
0r
1y
1c
0i
#4304034551
1t
0s
0r
1y
1c
0i
#4304035070
0t
0s
0r
1y
1c
0i
#4304035415
1t
0s
0r
1y
1c
0i
#4304035936
0t
0s
0r
1y
1c
0i
#4304036280
1t
0s
0r
1y
1c
0i
#4304037638
0t
0s
0r
1y
1c
0i
#4304038614
1t
0s
0r
1y
1c
0i
#4304039388
0t
0s
0r
1y
1c
0i
#4304039720
1t
0s
0r
1y
1c
0i
#4304040239
0t
0s
0r
1y
1c
0i
#4304040580
1t
0s
0r
1y
1c
0i
#4304041097
0t
0s
0r
1y
1c
0i
#4304041438
1t
0s
0r
1y
1c
0i
#4304041955
0t
0s
0r
1y
1c
0i
#4304042296
1t
0s
0r
1y
1c
0i
#4304042813
0t
0s
0r
1y
1c
0i
#4304043154
1t
0s
0r
1y
1c
0i
#4304043672
0t
0s
0r
1y
1c
0i
#4304044012
1t
0s
0r
1y
1c
0i
#4304044527
0t
0s
0r
1y
1c
0i
#4304044868
1t
0s
0r
1y
1c
0i
#4304045385
0t
0s
0r
1y
1c
0i
#4304045725
1t
0s
0r
1y
1c
1i
#4304046243
0t
0s
0r
1y
1c
1i
#4304046585
1t
0s
0r
1y
1c
1i
#4304047099
0t
0s
0r
1y
1c
1i
#4304047442
1t
0s
0r
1y
1c
1i
#4304047959
0t
0s
0r
1y
1c
1i
#4304048301
1t
0s
0r
1y
1c
1i
#4304048822
0t
0s
0r
1y
0c
1i
#4304049163
1t
0s
0r
1y
0c
1i
#4304049681
0t
0s
0r
1y
0c
1i
#4304050025
1t
0s
0r
1y
0c
1i
#4304050545
0t
0s
0r
1y
0c
1i
#4304050888
1t
0s
0r
1y
0c
1i
#4304051411
0t
0s
0r
1y
0c
0i
#4304051753
1t
0s
0r
1y
0c
0i
#4304052272
0t
0s
0r
1y
0c
0i
#4304052615
1t
0s
0r
1y
0c
0i
#4304053136
0t
0s
0r
1y
0c
0i
#4304053478
1t
0s
0r
1y
0c
0i
#4304054000
0t
0s
0r
1y
0c
0i
#4304054341
1t
0s
0r
1y
0c
0i
#4304054859
0t
0s
0r
1y
0c
0i
#4304055203
1t
0s
0r
1y
0c
0i
#4304055722
0t
0s
0r
1y
0c
0i
#4304056065
1t
0s
0r
1y
0c
0i
#4304056586
0t
0s
0r
1y
0c
0i
#4304056927
1t
0s
0r
1y
0c
0i
#4304057446
0t
0s
0r
1y
0c
0i
#4304057787
1t
0s
0r
1y
0c
0i
#4304058307
0t
0s
0r
1y
0c
0i
#4304058647
1t
0s
0r
1y
0c
0i
#4304059169
0t
0s
0r
1y
0c
0i
#4304059508
1t
0s
0r
1y
0c
0i
#4304060026
0t
0s
0r
1y
0c
0i
#4304060365
1t
0s
0r
1y
0c
0i
#4304060883
0t
0s
0r
1y
0c
0i
#4304061222
1t
0s
0r
1y
0c
0i
#4304061742
0t
0s
0r
1y
0c
0i
#4304062079
1t
0s
0r
1y
0c
0i
#4304062594
0t
0s
0r
1y
0c
0i
#4304062934
1t
0s
0r
1y
0c
0i
#4304063449
0t
0s
0r
1y
0c
0i
#4304063789
1t
0s
0r
1y
0c
0i
#4304064305
0t
0s
0r
1y
0c
0i
#4304064644
1t
0s
0r
1y
0c
0i
#4304065156
0t
0s
0r
1y
0c
0i
#4304065496
1t
0s
0r
1y
0c
0i
#4304066010
0t
0s
0r
1y
0c
0i
#4304066350
1t
0s
0r
1y
0c
0i
#4304066866
0t
0s
0r
1y
0c
0i
#4304067204
1t
0s
0r
1y
0c
0i
#4304067716
0t
0s
0r
1y
0c
0i
#4304068057
1t
0s
0r
1y
0c
0i
#4304068569
0t
0s
0r
1y
0c
0i
#4304068909
1t
0s
0r
1y
0c
0i
#4304069424
0t
0s
0r
1y
0c
0i
#4304069763
1t
0s
0r
1y
0c
0i
#4304070275
0t
0s
0r
1y
0c
0i
#4304070616
1t
0s
0r
1y
0c
0i
#4304071128
0t
0s
0r
1y
0c
0i
#4304071469
1t
0s
0r
1y
0c
1i
#4304071983
0t
0s
0r
1y
0c
1i
#4304072324
1t
0s
0r
1y
0c
1i
#4304072835
0t
0s
0r
1y
0c
1i
#4304073177
1t
0s
0r
1y
0c
1i
#4304073691
0t
0s
0r
1y
0c
1i
#4304074032
1t
0s
0r
1y
0c
1i
#4304074550
0t
0s
0r
1y
1c
1i
#4304074890
1t
0s
0r
1y
1c
1i
#4304075405
0t
0s
0r
1y
1c
1i
#4304075747
1t
0s
0r
1y
1c
1i
#4304076264
0t
0s
0r
1y
1c
1i
#4304076606
1t
0s
0r
1y
1c
1i
#4304077126
0t
0s
0r
1y
1c
0i
#4304077467
1t
0s
0r
1y
1c
0i
#4304077983
0t
0s
0r
1y
1c
0i
#4304078326
1t
0s
0r
1y
1c
0i
#4304078843
0t
0s
0r
1y
1c
0i
#4304079185
1t
0s
0r
1y
1c
0i
#4304079704
0t
0s
0r
1y
1c
0i
#4304080045
1t
0s
0r
1y
1c
0i
#4304080559
0t
0s
0r
1y
1c
0i
#4304080903
1t
0s
0r
1y
1c
0i
#4304081418
0t
0s
0r
1y
1c
0i
#4304081761
1t
0s
0r
1y
1c
0i
#4304082279
0t
0s
0r
1y
1c
0i
#4304082621
1t
0s
0r
1y
1c
0i
#4304083135
0t
0s
0r
1y
1c
0i
#4304083478
1t
0s
0r
1y
1c
0i
#4304083993
0t
0s
0r
1y
1c
0i
#4304084335
1t
0s
0r
1y
1c
0i
#4304084851
0t
0s
0r
1y
1c
0i
#4304085193
1t
0s
0r
1y
1c
0i
#4304085705
0t
0s
0r
1y
1c
0i
#4304086048
1t
0s
0r
1y
1c
0i
#4304086561
0t
0s
0r
1y
1c
0i
#4304086902
1t
0s
0r
1y
1c
0i
#4304087417
0t
0s
0r
1y
1c
0i
#4304087757
1t
0s
0r
1y
1c
0i
#4304089099
0t
0s
0r
1y
1c
0i
#4304090065
1t
0s
0r
1y
1c
0i
#4304090830
0t
0s
0r
1y
1c
0i
#4304091159
1t
0s
0r
1y
1c
0i
#4304091673
0t
0s
0r
1y
1c
0i
#4304092010
1t
0s
0r
1y
1c
0i
#4304092521
0t
0s
0r
1y
1c
0i
#4304092859
1t
0s
0r
1y
1c
0i
#4304093370
0t
0s
0r
1y
1c
0i
#4304093708
1t
0s
0r
1y
1c
0i
#4304094219
0t
0s
0r
1y
1c
0i
#4304094557
1t
0s
0r
1y
1c
0i
#4304095069
0t
0s
0r
1y
1c
0i
#4304095406
1t
0s
0r
1y
1c
0i
#4304095915
0t
0s
0r
1y
1c
0i
#4304096252
1t
0s
0r
1y
1c
0i
#4304096763
0t
0s
0r
1y
1c
1i
#4304097100
1t
0s
0r
1y
1c
1i
#4304097612
0t
0s
0r
1y
1c
1i
#4304097950
1t
0s
0r
1y
1c
1i
#4304098458
0t
0s
0r
1y
1c
1i
#4304098798
1t
0s
0r
1y
1c
1i
#4304099309
0t
0s
0r
1y
1c
1i
#4304099647
1t
0s
0r
1y
0c
1i
#4304100162
0t
0s
0r
1y
0c
1i
#4304100499
1t
0s
0r
1y
0c
1i
#4304101012
0t
0s
0r
1y
0c
1i
#4304101351
1t
0s
0r
1y
0c
1i
#4304101865
0t
0s
0r
1y
0c
1i
#4304102205
1t
0s
0r
1y
0c
0i
#4304102432
1t
0s
1r
1y
0c
0i
#4304102434
1t
0s
0r
1y
0c
0i
#4304102720
0t
0s
0r
1y
0c
0i
#4304103060
1t
0s
0r
1y
0c
0i
#4304103572
0t
0s
0r
1y
0c
0i
#4304103912
1t
0s
0r
1y
0c
0i
#4304104426
0t
0s
0r
1y
0c
0i
#4304104765
1t
0s
0r
1y
0c
0i
#4304105281
0t
0s
0r
1y
0c
0i
#4304105619
1t
0s
0r
1y
0c
0i
#4304106131
0t
0s
0r
1y
0c
0i
#4304106472
1t
0s
0r
1y
0c
0i
#4304106984
0t
0s
0r
1y
0c
0i
#4304107324
1t
0s
0r
1y
0c
0i
#4304107839
0t
0s
0r
1y
0c
0i
#4304108176
1t
0s
0r
1y
0c
0i
#4304108688
0t
0s
0r
1y
0c
0i
#4304109026
1t
0s
0r
1y
0c
0i
#4304109538
0t
0s
0r
1y
0c
0i
#4304109875
1t
0s
0r
1y
0c
0i
#4304110388
0t
0s
0r
1y
0c
0i
#4304110723
1t
0s
0r
1y
0c
0i
#4304111232
0t
0s
0r
1y
0c
0i
#4304111568
1t
0s
0r
1y
0c
0i
#4304112077
0t
0s
0r
1y
0c
0i
#4304112412
1t
0s
0r
1y
0c
0i
#4304112923
0t
0s
0r
1y
0c
0i
#4304113257
1t
0s
0r
1y
0c
0i
#4304113764
0t
0s
0r
1y
0c
0i
#4304114099
1t
0s
0r
1y
0c
0i
#4304114606
0t
0s
0r
1y
0c
0i
#4304114942
1t
0s
0r
1y
0c
0i
#4304115450
0t
0s
0r
1y
0c
0i
#4304115785
1t
0s
0r
1y
0c
0i
#4304116290
0t
0s
0r
1y
0c
0i
#4304116626
1t
0s
0r
1y
0c
0i
#4304117132
0t
0s
0r
1y
0c
0i
#4304117467
1t
0s
0r
1y
0c
0i
#4304117976
0t
0s
0r
1y
0c
0i
#4304118310
1t
0s
0r
1y
0c
0i
#4304118815
0t
0s
0r
1y
0c
0i
#4304119151
1t
0s
0r
1y
0c
0i
#4304119656
0t
0s
0r
1y
0c
0i
#4304119992
1t
0s
0r
1y
0c
0i
#4304120499
0t
0s
0r
1y
0c
0i
#4304120834
1t
0s
0r
1y
0c
0i
#4304121338
0t
0s
0r
1y
0c
0i
#4304121674
1t
0s
0r
1y
0c
0i
#4304122179
0t
0s
0r
1y
0c
1i
#4304122516
1t
0s
0r
1y
0c
1i
#4304123022
0t
0s
0r
1y
0c
1i
#4304123359
1t
0s
0r
1y
0c
1i
#4304123862
0t
0s
0r
1y
0c
1i
#4304124200
1t
0s
0r
1y
0c
1i
#4304124706
0t
0s
0r
1y
0c
1i
#4304125043
1t
0s
0r
1y
0c
1i
#4304125552
0t
0s
0r
1y
1c
1i
#4304125888
1t
0s
0r
1y
1c
1i
#4304126395
0t
0s
0r
1y
1c
1i
#4304126733
1t
0s
0r
1y
1c
1i
#4304127242
0t
0s
0r
1y
1c
1i
#4304127580
1t
0s
0r
1y
1c
0i
#4304128092
0t
0s
0r
1y
1c
0i
#4304128428
1t
0s
0r
1y
1c
0i
#4304128937
0t
0s
0r
1y
1c
0i
#4304129274
1t
0s
0r
1y
1c
0i
#4304129784
0t
0s
0r
1y
1c
0i
#4304130121
1t
0s
0r
1y
1c
0i
#4304130632
0t
0s
0r
1y
1c
0i
#4304130969
1t
0s
0r
1y
1c
0i
#4304131475
0t
0s
0r
1y
1c
0i
#4304131815
1t
0s
0r
1y
1c
0i
#4304132322
0t
0s
0r
1y
1c
0i
#4304132660
1t
0s
0r
1y
1c
0i
#4304133170
0t
0s
0r
1y
1c
0i
#4304133506
1t
0s
0r
1y
1c
0i
#4304134012
0t
0s
0r
1y
1c
0i
#4304134350
1t
0s
0r
1y
1c
0i
#4304134856
0t
0s
0r
1y
1c
0i
#4304135193
1t
0s
0r
1y
1c
0i
#4304135700
0t
0s
0r
1y
1c
0i
#4304136037
1t
0s
0r
1y
1c
0i
#4304136540
0t
0s
0r
1y
1c
0i
#4304136877
1t
0s
0r
1y
1c
0i
#4304137380
0t
0s
0r
1y
1c
0i
#4304137716
1t
0s
0r
1y
1c
0i
#4304138220
0t
0s
0r
1y
1c
0i
#4304138555
1t
0s
0r
1y
1c
0i
#4304139873
0t
0s
0r
1y
1c
0i
#4304140823
1t
0s
0r
1y
1c
0i
#4304141575
0t
0s
0r
1y
1c
0i
#4304141899
1t
0s
0r
1y
1c
0i
#4304142404
0t
0s
0r
1y
1c
0i
#4304142736
1t
0s
0r
1y
1c
0i
#4304143239
0t
0s
0r
1y
1c
0i
#4304143572
1t
0s
0r
1y
1c
0i
#4304144073
0t
0s
0r
1y
1c
0i
#4304144407
1t
0s
0r
1y
1c
0i
#4304144909
0t
0s
0r
1y
1c
0i
#4304145242
1t
0s
0r
1y
1c
0i
#4304145746
0t
0s
0r
1y
1c
0i
#4304146077
1t
0s
0r
1y
1c
0i
#4304146578
0t
0s
0r
1y
1c
0i
#4304146910
1t
0s
0r
1y
1c
0i
#4304147412
0t
0s
0r
1y
1c
1i
#4304147745
1t
0s
0r
1y
1c
1i
#4304148248
0t
0s
0r
1y
1c
1i
#4304148581
1t
0s
0r
1y
1c
1i
#4304149080
0t
0s
0r
1y
1c
1i
#4304149415
1t
0s
0r
1y
1c
1i
#4304149917
0t
0s
0r
1y
1c
1i
#4304150251
1t
0s
0r
1y
1c
1i
#4304150756
0t
0s
0r
1y
0c
1i
#4304151088
1t
0s
0r
1y
0c
1i
#4304151591
0t
0s
0r
1y
0c
1i
#4304151926
1t
0s
0r
1y
0c
1i
#4304152430
0t
0s
0r
1y
0c
1i
#4304152765
1t
0s
0r
1y
0c
0i
#4304153272
0t
0s
0r
1y
0c
0i
#4304153605
1t
0s
0r
1y
0c
0i
#4304154109
0t
0s
0r
1y
0c
0i
#4304154444
1t
0s
0r
1y
0c
0i
#4304154949
0t
0s
0r
1y
0c
0i
#4304155283
1t
0s
0r
1y
0c
0i
#4304155790
0t
0s
0r
1y
0c
0i
#4304156123
1t
0s
0r
1y
0c
0i
#4304156626
0t
0s
0r
1y
0c
0i
#4304156962
1t
0s
0r
1y
0c
0i
#4304157465
0t
0s
0r
1y
0c
0i
#4304157800
1t
0s
0r
1y
0c
0i
#4304158306
0t
0s
0r
1y
0c
0i
#4304158639
1t
0s
0r
1y
0c
0i
#4304159143
0t
0s
0r
1y
0c
0i
#4304159477
1t
0s
0r
1y
0c
0i
#4304159982
0t
0s
0r
1y
0c
0i
#4304160314
1t
0s
0r
1y
0c
0i
#4304160821
0t
0s
0r
1y
0c
0i
#4304161153
1t
0s
0r
1y
0c
0i
#4304161656
0t
0s
0r
1y
0c
0i
#4304161988
1t
0s
0r
1y
0c
0i
#4304162491
0t
0s
0r
1y
0c
0i
#4304162823
1t
0s
0r
1y
0c
0i
#4304163328
0t
0s
0r
1y
0c
0i
#4304163658
1t
0s
0r
1y
0c
0i
#4304164159
0t
0s
0r
1y
0c
0i
#4304164491
1t
0s
0r
1y
0c
0i
#4304164992
0t
0s
0r
1y
0c
0i
#4304165325
1t
0s
0r
1y
0c
0i
#4304165827
0t
0s
0r
1y
0c
0i
#4304166158
1t
0s
0r
1y
0c
0i
#4304166657
0t
0s
0r
1y
0c
0i
#4304166989
1t
0s
0r
1y
0c
0i
#4304167489
0t
0s
0r
1y
0c
0i
#4304167821
1t
0s
0r
1y
0c
0i
#4304168323
0t
0s
0r
1y
0c
0i
#4304168654
1t
0s
0r
1y
0c
0i
#4304169152
0t
0s
0r
1y
0c
0i
#4304169485
1t
0s
0r
1y
0c
0i
#4304169984
0t
0s
0r
1y
0c
0i
#4304170316
1t
0s
0r
1y
0c
0i
#4304170818
0t
0s
0r
1y
0c
0i
#4304171149
1t
0s
0r
1y
0c
0i
#4304171647
0t
0s
0r
1y
0c
0i
#4304171979
1t
0s
0r
1y
0c
0i
#4304172479
0t
0s
0r
1y
0c
1i
#4304172811
1t
0s
0r
1y
0c
1i
#4304173312
0t
0s
0r
1y
0c
1i
#4304173645
1t
0s
0r
1y
0c
1i
#4304174142
0t
0s
0r
1y
0c
1i
#4304174477
1t
0s
0r
1y
0c
1i
#4304174976
0t
0s
0r
1y
0c
1i
#4304175310
1t
0s
0r
1y
0c
1i
#4304175814
0t
0s
0r
1y
1c
1i
#4304176146
1t
0s
0r
1y
1c
1i
#4304176647
0t
0s
0r
1y
1c
1i
#4304176982
1t
0s
0r
1y
1c
1i
#4304177485
0t
0s
0r
1y
1c
1i
#4304177820
1t
0s
0r
1y
1c
0i
#4304178325
0t
0s
0r
1y
1c
0i
#4304178659
1t
0s
0r
1y
1c
0i
#4304179161
0t
0s
0r
1y
1c
0i
#4304179496
1t
0s
0r
1y
1c
0i
#4304180000
0t
0s
0r
1y
1c
0i
#4304180334
1t
0s
0r
1y
1c
0i
#4304180839
0t
0s
0r
1y
1c
0i
#4304181173
1t
0s
0r
1y
1c
0i
#4304181674
0t
0s
0r
1y
1c
0i
#4304182010
1t
0s
0r
1y
1c
0i
#4304182512
0t
0s
0r
1y
1c
0i
#4304182847
1t
0s
0r
1y
1c
0i
#4304183350
0t
0s
0r
1y
1c
0i
#4304183684
1t
0s
0r
1y
1c
0i
#4304184183
0t
0s
0r
1y
1c
0i
#4304184518
1t
0s
0r
1y
1c
0i
#4304185017
0t
0s
0r
1y
1c
0i
#4304185351
1t
0s
0r
1y
1c
0i
#4304185851
0t
0s
0r
1y
1c
0i
#4304186184
1t
0s
0r
1y
1c
0i
#4304186679
0t
0s
0r
1y
1c
0i
#4304187013
1t
0s
0r
1y
1c
0i
#4304187508
0t
0s
0r
1y
1c
0i
#4304187841
1t
0s
0r
1y
1c
0i
#4304188338
0t
0s
0r
1y
1c
0i
#4304188669
1t
0s
0r
1y
1c
0i
#4304189969
0t
0s
0r
1y
1c
0i
#4304190909
1t
0s
0r
1y
1c
0i
#4304191650
0t
0s
0r
1y
1c
0i
#4304191972
1t
0s
0r
1y
1c
0i
#4304192469
0t
0s
0r
1y
1c
0i
#4304192798
1t
0s
0r
1y
1c
0i
#4304193294
0t
0s
0r
1y
1c
0i
#4304193624
1t
0s
0r
1y
1c
0i
#4304194119
0t
0s
0r
1y
1c
0i
#4304194449
1t
0s
0r
1y
1c
0i
#4304194945
0t
0s
0r
1y
1c
0i
#4304195275
1t
0s
0r
1y
1c
0i
#4304195772
0t
0s
0r
1y
1c
0i
#4304196101
1t
0s
0r
1y
1c
0i
#4304196595
0t
0s
0r
1y
1c
0i
#4304196924
1t
0s
0r
1y
1c
0i
#4304197420
0t
0s
0r
1y
1c
1i
#4304197749
1t
0s
0r
1y
1c
1i
#4304198247
0t
0s
0r
1y
1c
1i
#4304198576
1t
0s
0r
1y
1c
1i
#4304199070
0t
0s
0r
1y
1c
1i
#4304199401
1t
0s
0r
1y
1c
1i
#4304199897
0t
0s
0r
1y
1c
1i
#4304200228
1t
0s
0r
1y
0c
1i
#4304200727
0t
0s
0r
1y
0c
1i
#4304201056
1t
0s
0r
1y
0c
1i
#4304201553
0t
0s
0r
1y
0c
1i
#4304201884
1t
0s
0r
1y
0c
1i
#4304202382
0t
0s
0r
1y
0c
0i
#4304202713
1t
0s
0r
1y
0c
0i
#4304202964
1t
0s
1r
1y
0c
0i
#4304202966
1t
0s
0r
1y
0c
0i
#4304203213
0t
0s
0r
1y
0c
0i
#4304203544
1t
0s
0r
1y
0c
0i
#4304204041
0t
0s
0r
1y
0c
0i
#4304204372
1t
0s
0r
1y
0c
0i
#4304204871
0t
0s
0r
1y
0c
0i
#4304205201
1t
0s
0r
1y
0c
0i
#4304205702
0t
0s
0r
1y
0c
0i
#4304206031
1t
0s
0r
1y
0c
0i
#4304206527
0t
0s
0r
1y
0c
0i
#4304206859
1t
0s
0r
1y
0c
0i
#4304207357
0t
0s
0r
1y
0c
0i
#4304207688
1t
0s
0r
1y
0c
0i
#4304208188
0t
0s
0r
1y
0c
0i
#4304208518
1t
0s
0r
1y
0c
0i
#4304209016
0t
0s
0r
1y
0c
0i
#4304209347
1t
0s
0r
1y
0c
0i
#4304209846
0t
0s
0r
1y
0c
0i
#4304210177
1t
0s
0r
1y
0c
0i
#4304210679
0t
0s
0r
1y
0c
0i
#4304211008
1t
0s
0r
1y
0c
0i
#4304211506
0t
0s
0r
1y
0c
0i
#4304211837
1t
0s
0r
1y
0c
0i
#4304212337
0t
0s
0r
1y
0c
0i
#4304212666
1t
0s
0r
1y
0c
0i
#4304213168
0t
0s
0r
1y
0c
0i
#4304213497
1t
0s
0r
1y
0c
0i
#4304213995
0t
0s
0r
1y
0c
0i
#4304214326
1t
0s
0r
1y
0c
0i
#4304214823
0t
0s
0r
1y
0c
0i
#4304215155
1t
0s
0r
1y
0c
0i
#4304215654
0t
0s
0r
1y
0c
0i
#4304215984
1t
0s
0r
1y
0c
0i
#4304216480
0t
0s
0r
1y
0c
0i
#4304216810
1t
0s
0r
1y
0c
0i
#4304217308
0t
0s
0r
1y
0c
0i
#4304217638
1t
0s
0r
1y
0c
0i
#4304218137
0t
0s
0r
1y
0c
0i
#4304218466
1t
0s
0r
1y
0c
0i
#4304218961
0t
0s
0r
1y
0c
0i
#4304219292
1t
0s
0r
1y
0c
0i
#4304219788
0t
0s
0r
1y
0c
0i
#4304220118
1t
0s
0r
1y
0c
0i
#4304220616
0t
0s
0r
1y
0c
0i
#4304220946
1t
0s
0r
1y
0c
0i
#4304221441
0t
0s
0r
1y
0c
0i
#4304221772
1t
0s
0r
1y
0c
0i
#4304222268
0t
0s
0r
1y
0c
1i
#4304222599
1t
0s
0r
1y
0c
1i
#4304223096
0t
0s
0r
1y
0c
1i
#4304223428
1t
0s
0r
1y
0c
1i
#4304223922
0t
0s
0r
1y
0c
1i
#4304224255
1t
0s
0r
1y
0c
1i
#4304224751
0t
0s
0r
1y
0c
1i
#4304225083
1t
0s
0r
1y
1c
1i
#4304225583
0t
0s
0r
1y
1c
1i
#4304225914
1t
0s
0r
1y
1c
1i
#4304226412
0t
0s
0r
1y
1c
1i
#4304226745
1t
0s
0r
1y
1c
1i
#4304227245
0t
0s
0r
1y
1c
0i
#4304227577
1t
0s
0r
1y
1c
0i
#4304228079
0t
0s
0r
1y
1c
0i
#4304228411
1t
0s
0r
1y
1c
0i
#4304228910
0t
0s
0r
1y
1c
0i
#4304229242
1t
0s
0r
1y
1c
0i
#4304229742
0t
0s
0r
1y
1c
0i
#4304230074
1t
0s
0r
1y
1c
0i
#4304230576
0t
0s
0r
1y
1c
0i
#4304230908
1t
0s
0r
1y
1c
0i
#4304231405
0t
0s
0r
1y
1c
0i
#4304231739
1t
0s
0r
1y
1c
0i
#4304232237
0t
0s
0r
1y
1c
0i
#4304232571
1t
0s
0r
1y
1c
0i
#4304233072
0t
0s
0r
1y
1c
0i
#4304233404
1t
0s
0r
1y
1c
0i
#4304233901
0t
0s
0r
1y
1c
0i
#4304234235
1t
0s
0r
1y
1c
0i
#4304234733
0t
0s
0r
1y
1c
0i
#4304235066
1t
0s
0r
1y
1c
0i
#4304235566
0t
0s
0r
1y
1c
0i
#4304235900
1t
0s
0r
1y
1c
0i
#4304236396
0t
0s
0r
1y
1c
0i
#4304236731
1t
0s
0r
1y
1c
0i
#4304237228
0t
0s
0r
1y
1c
0i
#4304237562
1t
0s
0r
1y
1c
0i
#4304238061
0t
0s
0r
1y
1c
0i
#4304238393
1t
0s
0r
1y
1c
0i
#4304239699
0t
0s
0r
1y
1c
0i
#4304240641
1t
0s
0r
1y
1c
0i
#4304241385
0t
0s
0r
1y
1c
0i
#4304241707
1t
0s
0r
1y
1c
0i
#4304242206
0t
0s
0r
1y
1c
0i
#4304242535
1t
0s
0r
1y
1c
0i
#4304243033
0t
0s
0r
1y
1c
0i
#4304243363
1t
0s
0r
1y
1c
0i
#4304243860
0t
0s
0r
1y
1c
0i
#4304244191
1t
0s
0r
1y
1c
0i
#4304244687
0t
0s
0r
1y
1c
0i
#4304245018
1t
0s
0r
1y
1c
0i
#4304245516
0t
0s
0r
1y
1c
0i
#4304245845
1t
0s
0r
1y
1c
0i
#4304246340
0t
0s
0r
1y
1c
0i
#4304246671
1t
0s
0r
1y
1c
0i
#4304247167
0t
0s
0r
1y
1c
1i
#4304247497
1t
0s
0r
1y
1c
1i
#4304247995
0t
0s
0r
1y
1c
1i
#4304248326
1t
0s
0r
1y
1c
1i
#4304248820
0t
0s
0r
1y
1c
1i
#4304249152
1t
0s
0r
1y
1c
1i
#4304249648
0t
0s
0r
1y
1c
1i
#4304249979
1t
0s
0r
1y
0c
1i
#4304250479
0t
0s
0r
1y
0c
1i
#4304250809
1t
0s
0r
1y
0c
1i
#4304251307
0t
0s
0r
1y
0c
1i
#4304251638
1t
0s
0r
1y
0c
1i
#4304252137
0t
0s
0r
1y
0c
0i
#4304252469
1t
0s
0r
1y
0c
0i
#4304252970
0t
0s
0r
1y
0c
0i
#4304253301
1t
0s
0r
1y
0c
0i
#4304253799
0t
0s
0r
1y
0c
0i
#4304254131
1t
0s
0r
1y
0c
0i
#4304254630
0t
0s
0r
1y
0c
0i
#4304254961
1t
0s
0r
1y
0c
0i
#4304255462
0t
0s
0r
1y
0c
0i
#4304255792
1t
0s
0r
1y
0c
0i
#4304256290
0t
0s
0r
1y
0c
0i
#4304256623
1t
0s
0r
1y
0c
0i
#4304257121
0t
0s
0r
1y
0c
0i
#4304257453
1t
0s
0r
1y
0c
0i
#4304257955
0t
0s
0r
1y
0c
0i
#4304258286
1t
0s
0r
1y
0c
0i
#4304258785
0t
0s
0r
1y
0c
0i
#4304259117
1t
0s
0r
1y
0c
0i
#4304259617
0t
0s
0r
1y
0c
0i
#4304259948
1t
0s
0r
1y
0c
0i
#4304260452
0t
0s
0r
1y
0c
0i
#4304260782
1t
0s
0r
1y
0c
0i
#4304261282
0t
0s
0r
1y
0c
0i
#4304261613
1t
0s
0r
1y
0c
0i
#4304262114
0t
0s
0r
1y
0c
0i
#4304262445
1t
0s
0r
1y
0c
0i
#4304262948
0t
0s
0r
1y
0c
0i
#4304263277
1t
0s
0r
1y
0c
0i
#4304263778
0t
0s
0r
1y
0c
0i
#4304264109
1t
0s
0r
1y
0c
0i
#4304264608
0t
0s
0r
1y
0c
0i
#4304264940
1t
0s
0r
1y
0c
0i
#4304265442
0t
0s
0r
1y
0c
0i
#4304265772
1t
0s
0r
1y
0c
0i
#4304266270
0t
0s
0r
1y
0c
0i
#4304266602
1t
0s
0r
1y
0c
0i
#4304267101
0t
0s
0r
1y
0c
0i
#4304267432
1t
0s
0r
1y
0c
0i
#4304267933
0t
0s
0r
1y
0c
0i
#4304268263
1t
0s
0r
1y
0c
0i
#4304268760
0t
0s
0r
1y
0c
0i
#4304269093
1t
0s
0r
1y
0c
0i
#4304269591
0t
0s
0r
1y
0c
0i
#4304269922
1t
0s
0r
1y
0c
0i
#4304270422
0t
0s
0r
1y
0c
0i
#4304270752
1t
0s
0r
1y
0c
0i
#4304271249
0t
0s
0r
1y
0c
0i
#4304271581
1t
0s
0r
1y
0c
0i
#4304272079
0t
0s
0r
1y
0c
0i
#4304272410
1t
0s
0r
1y
0c
1i
#4304272909
0t
0s
0r
1y
0c
1i
#4304273241
1t
0s
0r
1y
0c
1i
#4304273737
0t
0s
0r
1y
0c
1i
#4304274070
1t
0s
0r
1y
0c
1i
#4304274568
0t
0s
0r
1y
0c
1i
#4304274901
1t
0s
0r
1y
1c
1i
#4304275402
0t
0s
0r
1y
1c
1i
#4304275734
1t
0s
0r
1y
1c
1i
#4304276233
0t
0s
0r
1y
1c
1i
#4304276567
1t
0s
0r
1y
1c
1i
#4304277068
0t
0s
0r
1y
1c
0i
#4304277401
1t
0s
0r
1y
1c
0i
#4304277905
0t
0s
0r
1y
1c
0i
#4304278237
1t
0s
0r
1y
1c
0i
#4304278738
0t
0s
0r
1y
1c
0i
#4304279071
1t
0s
0r
1y
1c
0i
#4304279573
0t
0s
0r
1y
1c
0i
#4304279906
1t
0s
0r
1y
1c
0i
#4304280410
0t
0s
0r
1y
1c
0i
#4304280742
1t
0s
0r
1y
1c
0i
#4304281242
0t
0s
0r
1y
1c
0i
#4304281577
1t
0s
0r
1y
1c
0i
#4304282077
0t
0s
0r
1y
1c
0i
#4304282411
1t
0s
0r
1y
1c
0i
#4304282913
0t
0s
0r
1y
1c
0i
#4304283247
1t
0s
0r
1y
1c
0i
#4304283745
0t
0s
0r
1y
1c
0i
#4304284079
1t
0s
0r
1y
1c
0i
#4304284578
0t
0s
0r
1y
1c
0i
#4304284911
1t
0s
0r
1y
1c
0i
#4304285410
0t
0s
0r
1y
1c
0i
#4304285744
1t
0s
0r
1y
1c
0i
#4304286238
0t
0s
0r
1y
1c
0i
#4304286572
1t
0s
0r
1y
1c
0i
#4304287068
0t
0s
0r
1y
1c
0i
#4304287400
1t
0s
0r
1y
1c
0i
#4304287897
0t
0s
0r
1y
1c
0i
#4304288228
1t
0s
0r
1y
1c
0i
#4304289529
0t
0s
0r
1y
1c
0i
#4304290470
1t
0s
0r
1y
1c
0i
#4304291212
0t
0s
0r
1y
1c
0i
#4304291533
1t
0s
0r
1y
1c
0i
#4304292031
0t
0s
0r
1y
1c
0i
#4304292360
1t
0s
0r
1y
1c
0i
#4304292856
0t
0s
0r
1y
1c
0i
#4304293186
1t
0s
0r
1y
1c
0i
#4304293682
0t
0s
0r
1y
1c
0i
#4304294012
1t
0s
0r
1y
1c
0i
#4304294508
0t
0s
0r
1y
1c
0i
#4304294838
1t
0s
0r
1y
1c
0i
#4304295336
0t
0s
0r
1y
1c
0i
#4304295664
1t
0s
0r
1y
1c
0i
#4304296159
0t
0s
0r
1y
1c
0i
#4304296489
1t
0s
0r
1y
1c
0i
#4304296984
0t
0s
0r
1y
1c
0i
#4304297314
1t
0s
0r
1y
1c
1i
#4304297811
0t
0s
0r
1y
1c
1i
#4304298141
1t
0s
0r
1y
1c
1i
#4304298635
0t
0s
0r
1y
1c
1i
#4304298967
1t
0s
0r
1y
1c
1i
#4304299462
0t
0s
0r
1y
1c
1i
#4304299793
1t
0s
0r
1y
0c
1i
#4304300292
0t
0s
0r
1y
0c
1i
#4304300622
1t
0s
0r
1y
0c
1i
#4304301118
0t
0s
0r
1y
0c
0i
#4304301450
1t
0s
0r
1y
0c
0i
#4304301947
0t
0s
0r
1y
0c
0i
#4304302279
1t
0s
0r
1y
0c
0i
#4304302368
1t
0s
1r
1y
0c
0i
#4304302371
1t
0s
0r
1y
0c
0i
#4304302779
0t
0s
0r
1y
0c
0i
#4304303110
1t
0s
0r
1y
0c
0i
#4304303607
0t
0s
0r
1y
0c
0i
#4304303939
1t
0s
0r
1y
0c
0i
#4304304437
0t
0s
0r
1y
0c
0i
#4304304768
1t
0s
0r
1y
0c
0i
#4304305269
0t
0s
0r
1y
0c
0i
#4304305598
1t
0s
0r
1y
0c
0i
#4304306095
0t
0s
0r
1y
0c
0i
#4304306428
1t
0s
0r
1y
0c
0i
#4304306926
0t
0s
0r
1y
0c
0i
#4304307258
1t
0s
0r
1y
0c
0i
#4304307759
0t
0s
0r
1y
0c
0i
#4304308089
1t
0s
0r
1y
0c
0i
#4304308588
0t
0s
0r
1y
0c
0i
#4304308920
1t
0s
0r
1y
0c
0i
#4304309421
0t
0s
0r
1y
0c
0i
#4304309752
1t
0s
0r
1y
0c
0i
#4304310257
0t
0s
0r
1y
0c
0i
#4304310587
1t
0s
0r
1y
0c
0i
#4304311088
0t
0s
0r
1y
0c
0i
#4304311420
1t
0s
0r
1y
0c
0i
#4304311923
0t
0s
0r
1y
0c
0i
#4304312255
1t
0s
0r
1y
0c
0i
#4304312761
0t
0s
0r
1y
0c
0i
#4304313092
1t
0s
0r
1y
0c
0i
#4304313594
0t
0s
0r
1y
0c
0i
#4304313927
1t
0s
0r
1y
0c
0i
#4304314430
0t
0s
0r
1y
0c
0i
#4304314763
1t
0s
0r
1y
0c
0i
#4304315267
0t
0s
0r
1y
0c
0i
#4304315600
1t
0s
0r
1y
0c
0i
#4304316101
0t
0s
0r
1y
0c
0i
#4304316434
1t
0s
0r
1y
0c
0i
#4304316936
0t
0s
0r
1y
0c
0i
#4304317268
1t
0s
0r
1y
0c
0i
#4304317772
0t
0s
0r
1y
0c
0i
#4304318103
1t
0s
0r
1y
0c
0i
#4304318603
0t
0s
0r
1y
0c
0i
#4304318936
1t
0s
0r
1y
0c
0i
#4304319436
0t
0s
0r
1y
0c
0i
#4304319769
1t
0s
0r
1y
0c
0i
#4304320271
0t
0s
0r
1y
0c
0i
#4304320603
1t
0s
0r
1y
0c
0i
#4304321102
0t
0s
0r
1y
0c
0i
#4304321434
1t
0s
0r
1y
0c
0i
#4304321934
0t
0s
0r
1y
0c
0i
#4304322267
1t
0s
0r
1y
0c
1i
#4304322768
0t
0s
0r
1y
0c
1i
#4304323102
1t
0s
0r
1y
0c
1i
#4304323599
0t
0s
0r
1y
0c
1i
#4304323934
1t
0s
0r
1y
0c
1i
#4304324435
0t
0s
0r
1y
0c
1i
#4304324768
1t
0s
0r
1y
1c
1i
#4304325272
0t
0s
0r
1y
1c
1i
#4304325605
1t
0s
0r
1y
1c
1i
#4304326107
0t
0s
0r
1y
1c
0i
#4304326442
1t
0s
0r
1y
1c
0i
#4304326945
0t
0s
0r
1y
1c
0i
#4304327280
1t
0s
0r
1y
1c
0i
#4304327786
0t
0s
0r
1y
1c
0i
#4304328120
1t
0s
0r
1y
1c
0i
#4304328623
0t
0s
0r
1y
1c
0i
#4304328958
1t
0s
0r
1y
1c
0i
#4304329463
0t
0s
0r
1y
1c
0i
#4304329798
1t
0s
0r
1y
1c
0i
#4304330304
0t
0s
0r
1y
1c
0i
#4304330638
1t
0s
0r
1y
1c
0i
#4304331140
0t
0s
0r
1y
1c
0i
#4304331477
1t
0s
0r
1y
1c
0i
#4304331980
0t
0s
0r
1y
1c
0i
#4304332316
1t
0s
0r
1y
1c
0i
#4304332822
0t
0s
0r
1y
1c
0i
#4304333157
1t
0s
0r
1y
1c
0i
#4304333659
0t
0s
0r
1y
1c
0i
#4304333996
1t
0s
0r
1y
1c
0i
#4304334499
0t
0s
0r
1y
1c
0i
#4304334835
1t
0s
0r
1y
1c
0i
#4304335340
0t
0s
0r
1y
1c
0i
#4304335676
1t
0s
0r
1y
1c
0i
#4304336177
0t
0s
0r
1y
1c
0i
#4304336514
1t
0s
0r
1y
1c
0i
#4304337016
0t
0s
0r
1y
1c
0i
#4304337352
1t
0s
0r
1y
1c
0i
#4304337856
0t
0s
0r
1y
1c
0i
#4304338190
1t
0s
0r
1y
1c
0i
#4304339506
0t
0s
0r
1y
1c
0i
#4304340455
1t
0s
0r
1y
1c
0i
#4304341206
0t
0s
0r
1y
1c
0i
#4304341530
1t
0s
0r
1y
1c
0i
#4304342034
0t
0s
0r
1y
1c
0i
#4304342365
1t
0s
0r
1y
1c
0i
#4304342867
0t
0s
0r
1y
1c
0i
#4304343200
1t
0s
0r
1y
1c
0i
#4304343701
0t
0s
0r
1y
1c
0i
#4304344035
1t
0s
0r
1y
1c
0i
#4304344536
0t
0s
0r
1y
1c
0i
#4304344869
1t
0s
0r
1y
1c
0i
#4304345373
0t
0s
0r
1y
1c
0i
#4304345704
1t
0s
0r
1y
1c
0i
#4304346204
0t
0s
0r
1y
1c
0i
#4304346537
1t
0s
0r
1y
1c
0i
#4304347039
0t
0s
0r
1y
1c
0i
#4304347371
1t
0s
0r
1y
1c
1i
#4304347874
0t
0s
0r
1y
1c
1i
#4304348208
1t
0s
0r
1y
1c
1i
#4304348707
0t
0s
0r
1y
1c
1i
#4304349042
1t
0s
0r
1y
1c
1i
#4304349544
0t
0s
0r
1y
1c
1i
#4304349878
1t
0s
0r
1y
0c
1i
#4304350383
0t
0s
0r
1y
0c
1i
#4304350716
1t
0s
0r
1y
0c
1i
#4304351219
0t
0s
0r
1y
0c
0i
#4304351553
1t
0s
0r
1y
0c
0i
#4304352058
0t
0s
0r
1y
0c
0i
#4304352393
1t
0s
0r
1y
0c
0i
#4304352899
0t
0s
0r
1y
0c
0i
#4304353233
1t
0s
0r
1y
0c
0i
#4304353737
0t
0s
0r
1y
0c
0i
#4304354072
1t
0s
0r
1y
0c
0i
#4304354577
0t
0s
0r
1y
0c
0i
#4304354911
1t
0s
0r
1y
0c
0i
#4304355418
0t
0s
0r
1y
0c
0i
#4304355751
1t
0s
0r
1y
0c
0i
#4304356254
0t
0s
0r
1y
0c
0i
#4304356590
1t
0s
0r
1y
0c
0i
#4304357095
0t
0s
0r
1y
0c
0i
#4304357430
1t
0s
0r
1y
0c
0i
#4304357937
0t
0s
0r
1y
0c
0i
#4304358271
1t
0s
0r
1y
0c
0i
#4304358776
0t
0s
0r
1y
0c
0i
#4304359111
1t
0s
0r
1y
0c
0i
#4304359618
0t
0s
0r
1y
0c
0i
#4304359952
1t
0s
0r
1y
0c
0i
#4304360461
0t
0s
0r
1y
0c
0i
#4304360794
1t
0s
0r
1y
0c
0i
#4304361301
0t
0s
0r
1y
0c
0i
#4304361635
1t
0s
0r
1y
0c
0i
#4304362143
0t
0s
0r
1y
0c
0i
#4304362477
1t
0s
0r
1y
0c
0i
#4304362987
0t
0s
0r
1y
0c
0i
#4304363320
1t
0s
0r
1y
0c
0i
#4304363827
0t
0s
0r
1y
0c
0i
#4304364162
1t
0s
0r
1y
0c
0i
#4304364668
0t
0s
0r
1y
0c
0i
#4304365004
1t
0s
0r
1y
0c
0i
#4304365512
0t
0s
0r
1y
0c
0i
#4304365846
1t
0s
0r
1y
0c
0i
#4304366351
0t
0s
0r
1y
0c
0i
#4304366686
1t
0s
0r
1y
0c
0i
#4304367192
0t
0s
0r
1y
0c
0i
#4304367527
1t
0s
0r
1y
0c
0i
#4304368035
0t
0s
0r
1y
0c
0i
#4304368369
1t
0s
0r
1y
0c
0i
#4304368873
0t
0s
0r
1y
0c
0i
#4304369209
1t
0s
0r
1y
0c
0i
#4304369713
0t
0s
0r
1y
0c
0i
#4304370049
1t
0s
0r
1y
0c
0i
#4304370555
0t
0s
0r
1y
0c
0i
#4304370890
1t
0s
0r
1y
0c
0i
#4304371394
0t
0s
0r
1y
0c
0i
#4304371729
1t
0s
0r
1y
0c
0i
#4304372234
0t
0s
0r
1y
0c
0i
#4304372570
1t
0s
0r
1y
0c
0i
#4304373076
0t
0s
0r
1y
0c
1i
#4304373413
1t
0s
0r
1y
0c
1i
#4304373916
0t
0s
0r
1y
0c
1i
#4304374253
1t
0s
0r
1y
0c
1i
#4304374759
0t
0s
0r
1y
0c
1i
#4304375096
1t
0s
0r
1y
1c
1i
#4304375605
0t
0s
0r
1y
1c
1i
#4304375941
1t
0s
0r
1y
1c
1i
#4304376448
0t
0s
0r
1y
1c
0i
#4304376786
1t
0s
0r
1y
1c
0i
#4304377295
0t
0s
0r
1y
1c
0i
#4304377633
1t
0s
0r
1y
1c
0i
#4304378145
0t
0s
0r
1y
1c
0i
#4304378482
1t
0s
0r
1y
1c
0i
#4304378990
0t
0s
0r
1y
1c
0i
#4304379328
1t
0s
0r
1y
1c
0i
#4304379838
0t
0s
0r
1y
1c
0i
#4304380175
1t
0s
0r
1y
1c
0i
#4304380686
0t
0s
0r
1y
1c
0i
#4304381024
1t
0s
0r
1y
1c
0i
#4304381530
0t
0s
0r
1y
1c
0i
#4304381871
1t
0s
0r
1y
1c
0i
#4304382379
0t
0s
0r
1y
1c
0i
#4304382718
1t
0s
0r
1y
1c
0i
#4304383228
0t
0s
0r
1y
1c
0i
#4304383566
1t
0s
0r
1y
1c
0i
#4304384073
0t
0s
0r
1y
1c
0i
#4304384412
1t
0s
0r
1y
1c
0i
#4304384921
0t
0s
0r
1y
1c
0i
#4304385259
1t
0s
0r
1y
1c
0i
#4304385769
0t
0s
0r
1y
1c
0i
#4304386108
1t
0s
0r
1y
1c
0i
#4304386614
0t
0s
0r
1y
1c
0i
#4304386953
1t
0s
0r
1y
1c
0i
#4304387460
0t
0s
0r
1y
1c
0i
#4304387798
1t
0s
0r
1y
1c
0i
#4304388307
0t
0s
0r
1y
1c
0i
#4304388644
1t
0s
0r
1y
1c
0i
#4304389972
0t
0s
0r
1y
1c
0i
#4304390931
1t
0s
0r
1y
1c
0i
#4304391689
0t
0s
0r
1y
1c
0i
#4304392015
1t
0s
0r
1y
1c
0i
#4304392524
0t
0s
0r
1y
1c
0i
#4304392859
1t
0s
0r
1y
1c
0i
#4304393366
0t
0s
0r
1y
1c
0i
#4304393702
1t
0s
0r
1y
1c
0i
#4304394208
0t
0s
0r
1y
1c
0i
#4304394545
1t
0s
0r
1y
1c
0i
#4304395052
0t
0s
0r
1y
1c
0i
#4304395388
1t
0s
0r
1y
1c
0i
#4304395897
0t
0s
0r
1y
1c
0i
#4304396231
1t
0s
0r
1y
1c
0i
#4304396736
0t
0s
0r
1y
1c
0i
#4304397072
1t
0s
0r
1y
1c
0i
#4304397579
0t
0s
0r
1y
1c
0i
#4304397915
1t
0s
0r
1y
1c
0i
#4304398423
0t
0s
0r
1y
1c
1i
#4304398759
1t
0s
0r
1y
1c
1i
#4304399264
0t
0s
0r
1y
1c
1i
#4304399602
1t
0s
0r
1y
1c
1i
#4304400109
0t
0s
0r
1y
1c
1i
#4304400446
1t
0s
0r
1y
0c
1i
#4304400956
0t
0s
0r
1y
0c
1i
#4304401291
1t
0s
0r
1y
0c
1i
#4304401799
0t
0s
0r
1y
0c
1i
#4304402137
1t
0s
0r
1y
0c
1i
#4304402646
0t
0s
0r
1y
0c
0i
#4304402940
0t
0s
1r
1y
0c
0i
#4304402943
0t
0s
0r
1y
0c
0i
#4304402984
1t
0s
0r
1y
0c
0i
#4304403495
0t
0s
0r
1y
0c
0i
#4304403831
1t
0s
0r
1y
0c
0i
#4304404340
0t
0s
0r
1y
0c
0i
#4304404677
1t
0s
0r
1y
0c
0i
#4304405187
0t
0s
0r
1y
0c
0i
#4304405523
1t
0s
0r
1y
0c
0i
#4304406035
0t
0s
0r
1y
0c
0i
#4304406370
1t
0s
0r
1y
0c
0i
#4304406878
0t
0s
0r
1y
0c
0i
#4304407217
1t
0s
0r
1y
0c
0i
#4304407725
0t
0s
0r
1y
0c
0i
#4304408063
1t
0s
0r
1y
0c
0i
#4304408575
0t
0s
0r
1y
0c
0i
#4304408911
1t
0s
0r
1y
0c
0i
#4304409421
0t
0s
0r
1y
0c
0i
#4304409758
1t
0s
0r
1y
0c
0i
#4304410270
0t
0s
0r
1y
0c
0i
#4304410607
1t
0s
0r
1y
0c
0i
#4304411121
0t
0s
0r
1y
0c
0i
#4304411457
1t
0s
0r
1y
0c
0i
#4304411969
0t
0s
0r
1y
0c
0i
#4304412307
1t
0s
0r
1y
0c
0i
#4304412820
0t
0s
0r
1y
0c
0i
#4304413158
1t
0s
0r
1y
0c
0i
#4304413674
0t
0s
0r
1y
0c
0i
#4304414011
1t
0s
0r
1y
0c
0i
#4304414524
0t
0s
0r
1y
0c
0i
#4304414863
1t
0s
0r
1y
0c
0i
#4304415376
0t
0s
0r
1y
0c
0i
#4304415716
1t
0s
0r
1y
0c
0i
#4304416231
0t
0s
0r
1y
0c
0i
#4304416569
1t
0s
0r
1y
0c
0i
#4304417081
0t
0s
0r
1y
0c
0i
#4304417420
1t
0s
0r
1y
0c
0i
#4304417933
0t
0s
0r
1y
0c
0i
#4304418272
1t
0s
0r
1y
0c
0i
#4304418787
0t
0s
0r
1y
0c
0i
#4304419125
1t
0s
0r
1y
0c
0i
#4304419636
0t
0s
0r
1y
0c
0i
#4304419976
1t
0s
0r
1y
0c
0i
#4304420487
0t
0s
0r
1y
0c
0i
#4304420827
1t
0s
0r
1y
0c
0i
#4304421340
0t
0s
0r
1y
0c
0i
#4304421678
1t
0s
0r
1y
0c
0i
#4304422188
0t
0s
0r
1y
0c
0i
#4304422528
1t
0s
0r
1y
0c
0i
#4304423040
0t
0s
0r
1y
0c
0i
#4304423379
1t
0s
0r
1y
0c
0i
#4304423891
0t
0s
0r
1y
0c
1i
#4304424231
1t
0s
0r
1y
0c
1i
#4304424740
0t
0s
0r
1y
0c
1i
#4304425082
1t
0s
0r
1y
0c
1i
#4304425593
0t
0s
0r
1y
0c
1i
#4304425933
1t
0s
0r
1y
1c
1i
#4304426448
0t
0s
0r
1y
1c
1i
#4304426788
1t
0s
0r
1y
1c
1i
#4304427301
0t
0s
0r
1y
1c
1i
#4304427642
1t
0s
0r
1y
1c
1i
#4304428156
0t
0s
0r
1y
1c
0i
#4304428497
1t
0s
0r
1y
1c
0i
#4304429015
0t
0s
0r
1y
1c
0i
#4304429355
1t
0s
0r
1y
1c
0i
#4304429869
0t
0s
0r
1y
1c
0i
#4304430210
1t
0s
0r
1y
1c
0i
#4304430726
0t
0s
0r
1y
1c
0i
#4304431066
1t
0s
0r
1y
1c
0i
#4304431584
0t
0s
0r
1y
1c
0i
#4304431924
1t
0s
0r
1y
1c
0i
#4304432437
0t
0s
0r
1y
1c
0i
#4304432781
1t
0s
0r
1y
1c
0i
#4304433295
0t
0s
0r
1y
1c
0i
#4304433638
1t
0s
0r
1y
1c
0i
#4304434155
0t
0s
0r
1y
1c
0i
#4304434497
1t
0s
0r
1y
1c
0i
#4304435011
0t
0s
0r
1y
1c
0i
#4304435355
1t
0s
0r
1y
1c
0i
#4304435871
0t
0s
0r
1y
1c
0i
#4304436214
1t
0s
0r
1y
1c
0i
#4304436733
0t
0s
0r
1y
1c
0i
#4304437077
1t
0s
0r
1y
1c
0i
#4304437592
0t
0s
0r
1y
1c
0i
#4304437937
1t
0s
0r
1y
1c
0i
#4304438455
0t
0s
0r
1y
1c
0i
#4304438799
1t
0s
0r
1y
1c
0i
#4304439319
0t
0s
0r
1y
1c
0i
#4304439662
1t
0s
0r
1y
1c
0i
#4304441020
0t
0s
0r
1y
1c
0i
#4304441997
1t
0s
0r
1y
1c
0i
#4304442772
0t
0s
0r
1y
1c
0i
#4304443104
1t
0s
0r
1y
1c
0i
#4304443624
0t
0s
0r
1y
1c
0i
#4304443965
1t
0s
0r
1y
1c
0i
#4304444484
0t
0s
0r
1y
1c
0i
#4304444825
1t
0s
0r
1y
1c
0i
#4304445342
0t
0s
0r
1y
1c
0i
#4304445684
1t
0s
0r
1y
1c
0i
#4304446201
0t
0s
0r
1y
1c
0i
#4304446543
1t
0s
0r
1y
1c
0i
#4304447062
0t
0s
0r
1y
1c
0i
#4304447402
1t
0s
0r
1y
1c
0i
#4304447918
0t
0s
0r
1y
1c
0i
#4304448259
1t
0s
0r
1y
1c
0i
#4304448776
0t
0s
0r
1y
1c
0i
#4304449117
1t
0s
0r
1y
1c
0i
#4304449635
0t
0s
0r
1y
1c
1i
#4304449977
1t
0s
0r
1y
1c
1i
#4304450492
0t
0s
0r
1y
1c
1i
#4304450836
1t
0s
0r
1y
1c
1i
#4304451353
0t
0s
0r
1y
1c
1i
#4304451695
1t
0s
0r
1y
0c
1i
#4304452216
0t
0s
0r
1y
0c
1i
#4304452557
1t
0s
0r
1y
0c
1i
#4304453075
0t
0s
0r
1y
0c
1i
#4304453419
1t
0s
0r
1y
0c
1i
#4304453939
0t
0s
0r
1y
0c
0i
#4304454282
1t
0s
0r
1y
0c
0i
#4304454805
0t
0s
0r
1y
0c
0i
#4304455147
1t
0s
0r
1y
0c
0i
#4304455667
0t
0s
0r
1y
0c
0i
#4304456011
1t
0s
0r
1y
0c
0i
#4304456531
0t
0s
0r
1y
0c
0i
#4304456874
1t
0s
0r
1y
0c
0i
#4304457398
0t
0s
0r
1y
0c
0i
#4304457739
1t
0s
0r
1y
0c
0i
#4304458259
0t
0s
0r
1y
0c
0i
#4304458604
1t
0s
0r
1y
0c
0i
#4304459124
0t
0s
0r
1y
0c
0i
#4304459468
1t
0s
0r
1y
0c
0i
#4304459992
0t
0s
0r
1y
0c
0i
#4304460334
1t
0s
0r
1y
0c
0i
#4304460855
0t
0s
0r
1y
0c
0i
#4304461198
1t
0s
0r
1y
0c
0i
#4304461721
0t
0s
0r
1y
0c
0i
#4304462064
1t
0s
0r
1y
0c
0i
#4304462589
0t
0s
0r
1y
0c
0i
#4304462930
1t
0s
0r
1y
0c
0i
#4304463452
0t
0s
0r
1y
0c
0i
#4304463795
1t
0s
0r
1y
0c
0i
#4304464318
0t
0s
0r
1y
0c
0i
#4304464660
1t
0s
0r
1y
0c
0i
#4304465185
0t
0s
0r
1y
0c
0i
#4304465526
1t
0s
0r
1y
0c
0i
#4304466048
0t
0s
0r
1y
0c
0i
#4304466391
1t
0s
0r
1y
0c
0i
#4304466912
0t
0s
0r
1y
0c
0i
#4304467256
1t
0s
0r
1y
0c
0i
#4304467779
0t
0s
0r
1y
0c
0i
#4304468121
1t
0s
0r
1y
0c
0i
#4304468641
0t
0s
0r
1y
0c
0i
#4304468985
1t
0s
0r
1y
0c
0i
#4304469506
0t
0s
0r
1y
0c
0i
#4304469849
1t
0s
0r
1y
0c
0i
#4304470372
0t
0s
0r
1y
0c
0i
#4304470713
1t
0s
0r
1y
0c
0i
#4304471233
0t
0s
0r
1y
0c
0i
#4304471577
1t
0s
0r
1y
0c
0i
#4304472096
0t
0s
0r
1y
0c
0i
#4304472440
1t
0s
0r
1y
0c
0i
#4304472962
0t
0s
0r
1y
0c
0i
#4304473304
1t
0s
0r
1y
0c
0i
#4304473823
0t
0s
0r
1y
0c
0i
#4304474167
1t
0s
0r
1y
0c
0i
#4304474687
0t
0s
0r
1y
0c
0i
#4304475030
1t
0s
0r
1y
0c
0i
#4304475551
0t
0s
0r
1y
0c
1i
#4304475896
1t
0s
0r
1y
0c
1i
#4304476414
0t
0s
0r
1y
0c
1i
#4304476760
1t
0s
0r
1y
0c
1i
#4304477281
0t
0s
0r
1y
0c
1i
#4304477626
1t
0s
0r
1y
1c
1i
#4304478150
0t
0s
0r
1y
1c
1i
#4304478494
1t
0s
0r
1y
1c
1i
#4304479016
0t
0s
0r
1y
1c
1i
#4304479362
1t
0s
0r
1y
1c
1i
#4304479886
0t
0s
0r
1y
1c
0i
#4304480232
1t
0s
0r
1y
1c
0i
#4304480759
0t
0s
0r
1y
1c
0i
#4304481104
1t
0s
0r
1y
1c
0i
#4304481627
0t
0s
0r
1y
1c
0i
#4304481973
1t
0s
0r
1y
1c
0i
#4304482498
0t
0s
0r
1y
1c
0i
#4304482844
1t
0s
0r
1y
1c
0i
#4304483371
0t
0s
0r
1y
1c
0i
#4304483716
1t
0s
0r
1y
1c
0i
#4304484238
0t
0s
0r
1y
1c
0i
#4304484586
1t
0s
0r
1y
1c
0i
#4304485109
0t
0s
0r
1y
1c
0i
#4304485457
1t
0s
0r
1y
1c
0i
#4304485983
0t
0s
0r
1y
1c
0i
#4304486329
1t
0s
0r
1y
1c
0i
#4304486851
0t
0s
0r
1y
1c
0i
#4304487199
1t
0s
0r
1y
1c
0i
#4304487723
0t
0s
0r
1y
1c
0i
#4304488070
1t
0s
0r
1y
1c
0i
#4304488595
0t
0s
0r
1y
1c
0i
#4304488942
1t
0s
0r
1y
1c
0i
#4304489463
0t
0s
0r
1y
1c
0i
#4304489812
1t
0s
0r
1y
1c
0i
#4304490334
0t
0s
0r
1y
1c
0i
#4304490681
1t
0s
0r
1y
1c
0i
#4304491205
0t
0s
0r
1y
1c
0i
#4304491551
1t
0s
0r
1y
1c
0i
#4304492920
0t
0s
0r
1y
1c
0i
#4304493904
1t
0s
0r
1y
1c
0i
#4304494686
0t
0s
0r
1y
1c
0i
#4304495021
1t
0s
0r
1y
1c
0i
#4304495545
0t
0s
0r
1y
1c
0i
#4304495889
1t
0s
0r
1y
1c
0i
#4304496412
0t
0s
0r
1y
1c
0i
#4304496756
1t
0s
0r
1y
1c
0i
#4304497279
0t
0s
0r
1y
1c
0i
#4304497624
1t
0s
0r
1y
1c
0i
#4304498146
0t
0s
0r
1y
1c
0i
#4304498491
1t
0s
0r
1y
1c
0i
#4304499015
0t
0s
0r
1y
1c
0i
#4304499359
1t
0s
0r
1y
1c
0i
#4304499880
0t
0s
0r
1y
1c
0i
#4304500225
1t
0s
0r
1y
1c
0i
#4304500747
0t
0s
0r
1y
1c
0i
#4304501092
1t
0s
0r
1y
1c
0i
#4304501616
0t
0s
0r
1y
1c
1i
#4304501961
1t
0s
0r
1y
1c
1i
#4304502481
0t
0s
0r
1y
1c
1i
#4304502828
1t
0s
0r
1y
1c
1i
#4304503351
0t
0s
0r
1y
1c
1i
#4304503697
1t
0s
0r
1y
0c
1i
#4304504223
0t
0s
0r
1y
0c
1i
#4304504568
1t
0s
0r
1y
0c
1i
#4304505093
0t
0s
0r
1y
0c
1i
#4304505439
1t
0s
0r
1y
0c
1i
#4304505964
0t
0s
0r
1y
0c
0i
#4304506211
0t
0s
1r
1y
0c
0i
#4304506213
0t
0s
0r
1y
0c
0i
#4304506311
1t
0s
0r
1y
0c
0i
#4304506839
0t
0s
0r
1y
0c
0i
#4304507185
1t
0s
0r
1y
0c
0i
#4304507710
0t
0s
0r
1y
0c
0i
#4304508056
1t
0s
0r
1y
0c
0i
#4304508583
0t
0s
0r
1y
0c
0i
#4304508928
1t
0s
0r
1y
0c
0i
#4304509457
0t
0s
0r
1y
0c
0i
#4304509802
1t
0s
0r
1y
0c
0i
#4304510327
0t
0s
0r
1y
0c
0i
#4304510675
1t
0s
0r
1y
0c
0i
#4304511200
0t
0s
0r
1y
0c
0i
#4304511548
1t
0s
0r
1y
0c
0i
#4304512077
0t
0s
0r
1y
0c
0i
#4304512423
1t
0s
0r
1y
0c
0i
#4304512950
0t
0s
0r
1y
0c
0i
#4304513297
1t
0s
0r
1y
0c
0i
#4304513827
0t
0s
0r
1y
0c
0i
#4304514173
1t
0s
0r
1y
0c
0i
#4304514706
0t
0s
0r
1y
0c
0i
#4304515052
1t
0s
0r
1y
0c
0i
#4304515581
0t
0s
0r
1y
0c
0i
#4304515929
1t
0s
0r
1y
0c
0i
#4304516461
0t
0s
0r
1y
0c
0i
#4304516807
1t
0s
0r
1y
0c
0i
#4304517342
0t
0s
0r
1y
0c
0i
#4304517688
1t
0s
0r
1y
0c
0i
#4304518219
0t
0s
0r
1y
0c
0i
#4304518567
1t
0s
0r
1y
0c
0i
#4304519098
0t
0s
0r
1y
0c
0i
#4304519447
1t
0s
0r
1y
0c
0i
#4304519980
0t
0s
0r
1y
0c
0i
#4304520327
1t
0s
0r
1y
0c
0i
#4304520856
0t
0s
0r
1y
0c
0i
#4304521205
1t
0s
0r
1y
0c
0i
#4304521735
0t
0s
0r
1y
0c
0i
#4304522083
1t
0s
0r
1y
0c
0i
#4304522615
0t
0s
0r
1y
0c
0i
#4304522962
1t
0s
0r
1y
0c
0i
#4304523489
0t
0s
0r
1y
0c
0i
#4304523839
1t
0s
0r
1y
0c
0i
#4304524367
0t
0s
0r
1y
0c
0i
#4304524716
1t
0s
0r
1y
0c
0i
#4304525246
0t
0s
0r
1y
0c
0i
#4304525594
1t
0s
0r
1y
0c
0i
#4304526121
0t
0s
0r
1y
0c
0i
#4304526470
1t
0s
0r
1y
0c
0i
#4304526998
0t
0s
0r
1y
0c
0i
#4304527347
1t
0s
0r
1y
0c
0i
#4304527877
0t
0s
0r
1y
0c
1i
#4304528226
1t
0s
0r
1y
0c
1i
#4304528753
0t
0s
0r
1y
0c
1i
#4304529104
1t
0s
0r
1y
0c
1i
#4304529634
0t
0s
0r
1y
0c
1i
#4304529983
1t
0s
0r
1y
1c
1i
#4304530517
0t
0s
0r
1y
1c
1i
#4304530866
1t
0s
0r
1y
1c
1i
#4304531397
0t
0s
0r
1y
1c
1i
#4304531748
1t
0s
0r
1y
1c
1i
#4304532281
0t
0s
0r
1y
1c
0i
#4304532632
1t
0s
0r
1y
1c
0i
#4304533168
0t
0s
0r
1y
1c
0i
#4304533518
1t
0s
0r
1y
1c
0i
#4304534051
0t
0s
0r
1y
1c
0i
#4304534402
1t
0s
0r
1y
1c
0i
#4304534936
0t
0s
0r
1y
1c
0i
#4304535287
1t
0s
0r
1y
1c
0i
#4304535824
0t
0s
0r
1y
1c
0i
#4304536174
1t
0s
0r
1y
1c
0i
#4304536706
0t
0s
0r
1y
1c
0i
#4304537059
1t
0s
0r
1y
1c
0i
#4304537592
0t
0s
0r
1y
1c
0i
#4304537945
1t
0s
0r
1y
1c
0i
#4304538480
0t
0s
0r
1y
1c
0i
#4304538832
1t
0s
0r
1y
1c
0i
#4304539364
0t
0s
0r
1y
1c
0i
#4304539717
1t
0s
0r
1y
1c
0i
#4304540252
0t
0s
0r
1y
1c
0i
#4304540604
1t
0s
0r
1y
1c
0i
#4304541140
0t
0s
0r
1y
1c
0i
#4304541494
1t
0s
0r
1y
1c
0i
#4304542026
0t
0s
0r
1y
1c
0i
#4304542381
1t
0s
0r
1y
1c
0i
#4304542915
0t
0s
0r
1y
1c
0i
#4304543269
1t
0s
0r
1y
1c
0i
#4304543806
0t
0s
0r
1y
1c
0i
#4304544158
1t
0s
0r
1y
1c
0i
#4304545560
0t
0s
0r
1y
1c
0i
#4304546566
1t
0s
0r
1y
1c
0i
#4304547367
0t
0s
0r
1y
1c
0i
#4304547708
1t
0s
0r
1y
1c
0i
#4304548246
0t
0s
0r
1y
1c
0i
#4304548597
1t
0s
0r
1y
1c
0i
#4304549133
0t
0s
0r
1y
1c
0i
#4304549484
1t
0s
0r
1y
1c
0i
#4304550019
0t
0s
0r
1y
1c
0i
#4304550372
1t
0s
0r
1y
1c
0i
#4304550907
0t
0s
0r
1y
1c
0i
#4304551258
1t
0s
0r
1y
1c
0i
#4304551796
0t
0s
0r
1y
1c
0i
#4304552146
1t
0s
0r
1y
1c
0i
#4304552680
0t
0s
0r
1y
1c
0i
#4304553031
1t
0s
0r
1y
1c
0i
#4304553567
0t
0s
0r
1y
1c
0i
#4304553918
1t
0s
0r
1y
1c
0i
#4304554455
0t
0s
0r
1y
1c
0i
#4304554808
1t
0s
0r
1y
1c
1i
#4304555342
0t
0s
0r
1y
1c
1i
#4304555695
1t
0s
0r
1y
1c
1i
#4304556231
0t
0s
0r
1y
1c
1i
#4304556584
1t
0s
0r
1y
0c
1i
#4304557124
0t
0s
0r
1y
0c
1i
#4304557476
1t
0s
0r
1y
0c
1i
#4304558013
0t
0s
0r
1y
0c
1i
#4304558367
1t
0s
0r
1y
0c
1i
#4304558906
0t
0s
0r
1y
0c
0i
#4304559260
1t
0s
0r
1y
0c
0i
#4304559802
0t
0s
0r
1y
0c
0i
#4304560155
1t
0s
0r
1y
0c
0i
#4304560694
0t
0s
0r
1y
0c
0i
#4304561048
1t
0s
0r
1y
0c
0i
#4304561588
0t
0s
0r
1y
0c
0i
#4304561941
1t
0s
0r
1y
0c
0i
#4304562484
0t
0s
0r
1y
0c
0i
#4304562836
1t
0s
0r
1y
0c
0i
#4304563375
0t
0s
0r
1y
0c
0i
#4304563730
1t
0s
0r
1y
0c
0i
#4304564269
0t
0s
0r
1y
0c
0i
#4304564623
1t
0s
0r
1y
0c
0i
#4304565166
0t
0s
0r
1y
0c
0i
#4304565519
1t
0s
0r
1y
0c
0i
#4304566060
0t
0s
0r
1y
0c
0i
#4304566414
1t
0s
0r
1y
0c
0i
#4304566957
0t
0s
0r
1y
0c
0i
#4304567310
1t
0s
0r
1y
0c
0i
#4304567856
0t
0s
0r
1y
0c
0i
#4304568209
1t
0s
0r
1y
0c
0i
#4304568752
0t
0s
0r
1y
0c
0i
#4304569106
1t
0s
0r
1y
0c
0i
#4304569651
0t
0s
0r
1y
0c
0i
#4304570005
1t
0s
0r
1y
0c
0i
#4304570553
0t
0s
0r
1y
0c
0i
#4304570907
1t
0s
0r
1y
0c
0i
#4304571452
0t
0s
0r
1y
0c
0i
#4304571807
1t
0s
0r
1y
0c
0i
#4304572352
0t
0s
0r
1y
0c
0i
#4304572709
1t
0s
0r
1y
0c
0i
#4304573256
0t
0s
0r
1y
0c
0i
#4304573611
1t
0s
0r
1y
0c
0i
#4304574155
0t
0s
0r
1y
0c
0i
#4304574511
1t
0s
0r
1y
0c
0i
#4304575056
0t
0s
0r
1y
0c
0i
#4304575412
1t
0s
0r
1y
0c
0i
#4304575960
0t
0s
0r
1y
0c
0i
#4304576314
1t
0s
0r
1y
0c
0i
#4304576857
0t
0s
0r
1y
0c
0i
#4304577215
1t
0s
0r
1y
0c
0i
#4304577758
0t
0s
0r
1y
0c
0i
#4304578115
1t
0s
0r
1y
0c
0i
#4304578661
0t
0s
0r
1y
0c
0i
#4304579017
1t
0s
0r
1y
0c
0i
#4304579560
0t
0s
0r
1y
0c
0i
#4304579917
1t
0s
0r
1y
0c
0i
#4304580461
0t
0s
0r
1y
0c
0i
#4304580818
1t
0s
0r
1y
0c
0i
#4304581364
0t
0s
0r
1y
0c
0i
#4304581721
1t
0s
0r
1y
0c
1i
#4304582264
0t
0s
0r
1y
0c
1i
#4304582623
1t
0s
0r
1y
0c
1i
#4304583168
0t
0s
0r
1y
0c
1i
#4304583527
1t
0s
0r
1y
1c
1i
#4304584076
0t
0s
0r
1y
1c
1i
#4304584433
1t
0s
0r
1y
1c
1i
#4304584980
0t
0s
0r
1y
1c
1i
#4304585340
1t
0s
0r
1y
1c
1i
#4304585889
0t
0s
0r
1y
1c
0i
#4304586249
1t
0s
0r
1y
1c
0i
#4304586800
0t
0s
0r
1y
1c
0i
#4304587159
1t
0s
0r
1y
1c
0i
#4304587708
0t
0s
0r
1y
1c
0i
#4304588068
1t
0s
0r
1y
1c
0i
#4304588617
0t
0s
0r
1y
1c
0i
#4304588977
1t
0s
0r
1y
1c
0i
#4304589529
0t
0s
0r
1y
1c
0i
#4304589888
1t
0s
0r
1y
1c
0i
#4304590435
0t
0s
0r
1y
1c
0i
#4304590797
1t
0s
0r
1y
1c
0i
#4304591346
0t
0s
0r
1y
1c
0i
#4304591707
1t
0s
0r
1y
1c
0i
#4304592259
0t
0s
0r
1y
1c
0i
#4304592619
1t
0s
0r
1y
1c
0i
#4304593168
0t
0s
0r
1y
1c
0i
#4304593530
1t
0s
0r
1y
1c
0i
#4304594081
0t
0s
0r
1y
1c
0i
#4304594443
1t
0s
0r
1y
1c
0i
#4304594995
0t
0s
0r
1y
1c
0i
#4304595358
1t
0s
0r
1y
1c
0i
#4304595908
0t
0s
0r
1y
1c
0i
#4304596272
1t
0s
0r
1y
1c
0i
#4304596823
0t
0s
0r
1y
1c
0i
#4304597187
1t
0s
0r
1y
1c
0i
#4304597741
0t
0s
0r
1y
1c
0i
#4304598104
1t
0s
0r
1y
1c
0i
#4304599550
0t
0s
0r
1y
1c
0i
#4304600587
1t
0s
0r
1y
1c
0i
#4304601413
0t
0s
0r
1y
1c
0i
#4304601765
1t
0s
0r
1y
1c
0i
#4304602321
0t
0s
0r
1y
1c
0i
#4304602682
1t
0s
0r
1y
1c
0i
#4304603235
0t
0s
0r
1y
1c
0i
#4304603597
1t
0s
0r
1y
1c
0i
#4304604150
0t
0s
0r
1y
1c
0i
#4304604512
1t
0s
0r
1y
1c
0i
#4304605065
0t
0s
0r
1y
1c
0i
#4304605426
1t
0s
0r
1y
1c
0i
#4304605982
0t
0s
0r
1y
1c
0i
#4304606341
1t
0s
0r
1y
1c
0i
#4304606893
0t
0s
0r
1y
1c
0i
#4304607255
1t
0s
0r
1y
1c
0i
#4304607808
0t
0s
0r
1y
1c
0i
#4304608169
1t
0s
0r
1y
1c
0i
#4304608724
0t
0s
0r
1y
1c
0i
#4304609086
1t
0s
0r
1y
1c
1i
#4304609638
0t
0s
0r
1y
1c
1i
#4304610001
1t
0s
0r
1y
1c
1i
#4304610555
0t
0s
0r
1y
1c
1i
#4304610917
1t
0s
0r
1y
0c
1i
#4304611475
0t
0s
0r
1y
0c
1i
#4304611837
1t
0s
0r
1y
0c
1i
#4304612392
0t
0s
0r
1y
0c
1i
#4304612755
1t
0s
0r
1y
0c
1i
#4304613312
0t
0s
0r
1y
0c
1i
#4304613342
0t
0s
1r
1y
0c
0i
#4304613344
0t
0s
0r
1y
0c
0i
#4304613676
1t
0s
0r
1y
0c
0i
#4304614236
0t
0s
0r
1y
0c
0i
#4304614599
1t
0s
0r
1y
0c
0i
#4304615155
0t
0s
0r
1y
0c
0i
#4304615519
1t
0s
0r
1y
0c
0i
#4304616077
0t
0s
0r
1y
0c
0i
#4304616440
1t
0s
0r
1y
0c
0i
#4304617000
0t
0s
0r
1y
0c
0i
#4304617361
1t
0s
0r
1y
0c
0i
#4304617918
0t
0s
0r
1y
0c
0i
#4304618283
1t
0s
0r
1y
0c
0i
#4304618840
0t
0s
0r
1y
0c
0i
#4304619204
1t
0s
0r
1y
0c
0i
#4304619765
0t
0s
0r
1y
0c
0i
#4304620128
1t
0s
0r
1y
0c
0i
#4304620687
0t
0s
0r
1y
0c
0i
#4304621051
1t
0s
0r
1y
0c
0i
#4304621613
0t
0s
0r
1y
0c
0i
#4304621976
1t
0s
0r
1y
0c
0i
#4304622541
0t
0s
0r
1y
0c
0i
#4304622904
1t
0s
0r
1y
0c
0i
#4304623467
0t
0s
0r
1y
0c
0i
#4304623832
1t
0s
0r
1y
0c
0i
#4304624396
0t
0s
0r
1y
0c
0i
#4304624761
1t
0s
0r
1y
0c
0i
#4304625329
0t
0s
0r
1y
0c
0i
#4304625693
1t
0s
0r
1y
0c
0i
#4304626258
0t
0s
0r
1y
0c
0i
#4304626624
1t
0s
0r
1y
0c
0i
#4304627190
0t
0s
0r
1y
0c
0i
#4304627557
1t
0s
0r
1y
0c
0i
#4304628125
0t
0s
0r
1y
0c
0i
#4304628491
1t
0s
0r
1y
0c
0i
#4304629055
0t
0s
0r
1y
0c
0i
#4304629423
1t
0s
0r
1y
0c
0i
#4304629988
0t
0s
0r
1y
0c
0i
#4304630355
1t
0s
0r
1y
0c
0i
#4304630922
0t
0s
0r
1y
0c
0i
#4304631288
1t
0s
0r
1y
0c
0i
#4304631851
0t
0s
0r
1y
0c
0i
#4304632219
1t
0s
0r
1y
0c
0i
#4304632782
0t
0s
0r
1y
0c
0i
#4304633150
1t
0s
0r
1y
0c
0i
#4304633716
0t
0s
0r
1y
0c
0i
#4304634082
1t
0s
0r
1y
0c
0i
#4304634644
0t
0s
0r
1y
0c
0i
#4304635012
1t
0s
0r
1y
0c
0i
#4304635576
0t
0s
0r
1y
0c
0i
#4304635944
1t
0s
0r
1y
0c
0i
#4304636510
0t
0s
0r
1y
0c
0i
#4304636878
1t
0s
0r
1y
0c
1i
#4304637440
0t
0s
0r
1y
0c
1i
#4304637810
1t
0s
0r
1y
0c
1i
#4304638375
0t
0s
0r
1y
0c
1i
#4304638744
1t
0s
0r
1y
1c
1i
#4304639313
0t
0s
0r
1y
1c
1i
#4304639682
1t
0s
0r
1y
1c
1i
#4304640249
0t
0s
0r
1y
1c
1i
#4304640619
1t
0s
0r
1y
1c
1i
#4304641188
0t
0s
0r
1y
1c
0i
#4304641559
1t
0s
0r
1y
1c
0i
#4304642131
0t
0s
0r
1y
1c
0i
#4304642501
1t
0s
0r
1y
1c
0i
#4304643069
0t
0s
0r
1y
1c
0i
#4304643440
1t
0s
0r
1y
1c
0i
#4304644011
0t
0s
0r
1y
1c
0i
#4304644381
1t
0s
0r
1y
1c
0i
#4304644954
0t
0s
0r
1y
1c
0i
#4304645324
1t
0s
0r
1y
1c
0i
#4304645892
0t
0s
0r
1y
1c
0i
#4304646265
1t
0s
0r
1y
1c
0i
#4304646834
0t
0s
0r
1y
1c
0i
#4304647207
1t
0s
0r
1y
1c
0i
#4304647780
0t
0s
0r
1y
1c
0i
#4304648151
1t
0s
0r
1y
1c
0i
#4304648721
0t
0s
0r
1y
1c
0i
#4304649094
1t
0s
0r
1y
1c
0i
#4304649666
0t
0s
0r
1y
1c
0i
#4304650039
1t
0s
0r
1y
1c
0i
#4304650613
0t
0s
0r
1y
1c
0i
#4304650987
1t
0s
0r
1y
1c
0i
#4304651558
0t
0s
0r
1y
1c
0i
#4304651934
1t
0s
0r
1y
1c
0i
#4304652507
0t
0s
0r
1y
1c
0i
#4304652882
1t
0s
0r
1y
1c
0i
#4304653459
0t
0s
0r
1y
1c
0i
#4304653833
1t
0s
0r
1y
1c
0i
#4304655336
0t
0s
0r
1y
1c
0i
#4304656409
1t
0s
0r
1y
1c
0i
#4304657270
0t
0s
0r
1y
1c
0i
#4304657633
1t
0s
0r
1y
1c
0i
#4304658212
0t
0s
0r
1y
1c
0i
#4304658585
1t
0s
0r
1y
1c
0i
#4304659161
0t
0s
0r
1y
1c
0i
#4304659534
1t
0s
0r
1y
1c
0i
#4304660111
0t
0s
0r
1y
1c
0i
#4304660485
1t
0s
0r
1y
1c
0i
#4304661061
0t
0s
0r
1y
1c
0i
#4304661434
1t
0s
0r
1y
1c
0i
#4304662012
0t
0s
0r
1y
1c
0i
#4304662384
1t
0s
0r
1y
1c
0i
#4304662959
0t
0s
0r
1y
1c
0i
#4304663333
1t
0s
0r
1y
1c
0i
#4304663909
0t
0s
0r
1y
1c
0i
#4304664282
1t
0s
0r
1y
1c
0i
#4304664860
0t
0s
0r
1y
1c
0i
#4304665235
1t
0s
0r
1y
1c
1i
#4304665810
0t
0s
0r
1y
1c
1i
#4304666186
1t
0s
0r
1y
1c
1i
#4304666764
0t
0s
0r
1y
1c
1i
#4304667139
1t
0s
0r
1y
0c
1i
#4304667722
0t
0s
0r
1y
0c
1i
#4304668096
1t
0s
0r
1y
0c
1i
#4304668676
0t
0s
0r
1y
0c
1i
#4304669052
1t
0s
0r
1y
0c
1i
#4304669635
0t
0s
0r
1y
0c
0i
#4304670012
1t
0s
0r
1y
0c
0i
#4304670596
0t
0s
0r
1y
0c
0i
#4304670973
1t
0s
0r
1y
0c
0i
#4304671554
0t
0s
0r
1y
0c
0i
#4304671932
1t
0s
0r
1y
0c
0i
#4304672515
0t
0s
0r
1y
0c
0i
#4304672891
1t
0s
0r
1y
0c
0i
#4304673477
0t
0s
0r
1y
0c
0i
#4304673852
1t
0s
0r
1y
0c
0i
#4304674433
0t
0s
0r
1y
0c
0i
#4304674811
1t
0s
0r
1y
0c
0i
#4304675394
0t
0s
0r
1y
0c
0i
#4304675770
1t
0s
0r
1y
0c
0i
#4304676355
0t
0s
0r
1y
0c
0i
#4304676729
1t
0s
0r
1y
0c
0i
#4304677311
0t
0s
0r
1y
0c
0i
#4304677686
1t
0s
0r
1y
0c
0i
#4304678268
0t
0s
0r
1y
0c
0i
#4304678642
1t
0s
0r
1y
0c
0i
#4304679227
0t
0s
0r
1y
0c
0i
#4304679599
1t
0s
0r
1y
0c
0i
#4304680179
0t
0s
0r
1y
0c
0i
#4304680552
1t
0s
0r
1y
0c
0i
#4304681133
0t
0s
0r
1y
0c
0i
#4304681506
1t
0s
0r
1y
0c
0i
#4304682089
0t
0s
0r
1y
0c
0i
#4304682461
1t
0s
0r
1y
0c
0i
#4304683041
0t
0s
0r
1y
0c
0i
#4304683414
1t
0s
0r
1y
0c
0i
#4304683994
0t
0s
0r
1y
0c
0i
#4304684368
1t
0s
0r
1y
0c
0i
#4304684950
0t
0s
0r
1y
0c
0i
#4304685323
1t
0s
0r
1y
0c
0i
#4304685901
0t
0s
0r
1y
0c
0i
#4304686276
1t
0s
0r
1y
0c
0i
#4304686856
0t
0s
0r
1y
0c
0i
#4304687230
1t
0s
0r
1y
0c
0i
#4304687812
0t
0s
0r
1y
0c
0i
#4304688185
1t
0s
0r
1y
0c
0i
#4304688763
0t
0s
0r
1y
0c
0i
#4304689139
1t
0s
0r
1y
0c
0i
#4304689718
0t
0s
0r
1y
0c
0i
#4304690093
1t
0s
0r
1y
0c
0i
#4304690675
0t
0s
0r
1y
0c
0i
#4304691049
1t
0s
0r
1y
0c
0i
#4304691627
0t
0s
0r
1y
0c
0i
#4304692003
1t
0s
0r
1y
0c
0i
#4304692583
0t
0s
0r
1y
0c
0i
#4304692959
1t
0s
0r
1y
0c
0i
#4304693541
0t
0s
0r
1y
0c
0i
#4304693917
1t
0s
0r
1y
0c
1i
#4304694495
0t
0s
0r
1y
0c
1i
#4304694873
1t
0s
0r
1y
0c
1i
#4304695454
0t
0s
0r
1y
0c
1i
#4304695832
1t
0s
0r
1y
1c
1i
#4304696417
0t
0s
0r
1y
1c
1i
#4304696794
1t
0s
0r
1y
1c
1i
#4304697377
0t
0s
0r
1y
1c
1i
#4304697756
1t
0s
0r
1y
1c
1i
#4304698341
0t
0s
0r
1y
1c
0i
#4304698720
1t
0s
0r
1y
1c
0i
#4304699309
0t
0s
0r
1y
1c
0i
#4304699687
1t
0s
0r
1y
1c
0i
#4304700272
0t
0s
0r
1y
1c
0i
#4304700651
1t
0s
0r
1y
1c
0i
#4304701237
0t
0s
0r
1y
1c
0i
#4304701616
1t
0s
0r
1y
1c
0i
#4304702205
0t
0s
0r
1y
1c
0i
#4304702583
1t
0s
0r
1y
1c
0i
#4304703167
0t
0s
0r
1y
1c
0i
#4304703549
1t
0s
0r
1y
1c
0i
#4304704134
0t
0s
0r
1y
1c
0i
#4304704515
1t
0s
0r
1y
1c
0i
#4304705104
0t
0s
0r
1y
1c
0i
#4304705484
1t
0s
0r
1y
1c
0i
#4304706070
0t
0s
0r
1y
1c
0i
#4304706451
1t
0s
0r
1y
1c
0i
#4304707039
0t
0s
0r
1y
1c
0i
#4304707420
1t
0s
0r
1y
1c
0i
#4304708010
0t
0s
0r
1y
1c
0i
#4304708392
1t
0s
0r
1y
1c
0i
#4304708978
0t
0s
0r
1y
1c
0i
#4304709362
1t
0s
0r
1y
1c
0i
#4304709949
0t
0s
0r
1y
1c
0i
#4304710332
1t
0s
0r
1y
1c
0i
#4304710922
0t
0s
0r
1y
1c
0i
#4304711304
1t
0s
0r
1y
1c
0i
#4304712839
0t
0s
0r
1y
1c
0i
#4304713930
1t
0s
0r
1y
1c
0i
#4304714808
0t
0s
0r
1y
1c
0i
#4304715177
1t
0s
0r
1y
1c
0i
#4304715767
0t
0s
0r
1y
1c
0i
#4304716146
1t
0s
0r
1y
1c
0i
#4304716734
0t
0s
0r
1y
1c
0i
#4304717113
1t
0s
0r
1y
1c
0i
#4304717701
0t
0s
0r
1y
1c
0i
#4304718082
1t
0s
0r
1y
1c
0i
#4304718670
0t
0s
0r
1y
1c
0i
#4304719049
1t
0s
0r
1y
1c
0i
#4304719640
0t
0s
0r
1y
1c
0i
#4304720018
1t
0s
0r
1y
1c
0i
#4304720605
0t
0s
0r
1y
1c
0i
#4304720986
1t
0s
0r
1y
1c
0i
#4304721575
0t
0s
0r
1y
1c
0i
#4304721954
1t
0s
0r
1y
1c
0i
#4304722545
0t
0s
0r
1y
1c
0i
#4304722927
1t
0s
0r
1y
1c
0i
#4304723515
0t
0s
0r
1y
1c
1i
#4304723897
1t
0s
0r
1y
1c
1i
#4304724488
0t
0s
0r
1y
1c
1i
#4304724870
1t
0s
0r
1y
0c
1i
#4304725465
0t
0s
0r
1y
0c
1i
#4304725846
1t
0s
0r
1y
0c
1i
#4304726439
0t
0s
0r
1y
0c
1i
#4304726822
1t
0s
0r
1y
0c
1i
#4304727417
0t
0s
0r
1y
0c
1i
#4304727477
0t
0s
1r
1y
0c
0i
#4304727479
0t
0s
0r
1y
0c
0i
#4304727800
1t
0s
0r
1y
0c
0i
#4304728399
0t
0s
0r
1y
0c
0i
#4304728781
1t
0s
0r
1y
0c
0i
#4304729375
0t
0s
0r
1y
0c
0i
#4304729758
1t
0s
0r
1y
0c
0i
#4304730354
0t
0s
0r
1y
0c
0i
#4304730736
1t
0s
0r
1y
0c
0i
#4304731334
0t
0s
0r
1y
0c
0i
#4304731715
1t
0s
0r
1y
0c
0i
#4304732309
0t
0s
0r
1y
0c
0i
#4304732694
1t
0s
0r
1y
0c
0i
#4304733288
0t
0s
0r
1y
0c
0i
#4304733672
1t
0s
0r
1y
0c
0i
#4304734271
0t
0s
0r
1y
0c
0i
#4304734654
1t
0s
0r
1y
0c
0i
#4304735251
0t
0s
0r
1y
0c
0i
#4304735635
1t
0s
0r
1y
0c
0i
#4304736235
0t
0s
0r
1y
0c
0i
#4304736620
1t
0s
0r
1y
0c
0i
#4304737224
0t
0s
0r
1y
0c
0i
#4304737608
1t
0s
0r
1y
0c
0i
#4304738210
0t
0s
0r
1y
0c
0i
#4304738596
1t
0s
0r
1y
0c
0i
#4304739202
0t
0s
0r
1y
0c
0i
#4304739588
1t
0s
0r
1y
0c
0i
#4304740197
0t
0s
0r
1y
0c
0i
#4304740583
1t
0s
0r
1y
0c
0i
#4304741191
0t
0s
0r
1y
0c
0i
#4304741579
1t
0s
0r
1y
0c
0i
#4304742188
0t
0s
0r
1y
0c
0i
#4304742578
1t
0s
0r
1y
0c
0i
#4304743190
0t
0s
0r
1y
0c
0i
#4304743579
1t
0s
0r
1y
0c
0i
#4304744188
0t
0s
0r
1y
0c
0i
#4304744579
1t
0s
0r
1y
0c
0i
#4304745190
0t
0s
0r
1y
0c
0i
#4304745581
1t
0s
0r
1y
0c
0i
#4304746195
0t
0s
0r
1y
0c
0i
#4304746584
1t
0s
0r
1y
0c
0i
#4304747194
0t
0s
0r
1y
0c
0i
#4304747587
1t
0s
0r
1y
0c
0i
#4304748198
0t
0s
0r
1y
0c
0i
#4304748590
1t
0s
0r
1y
0c
0i
#4304749204
0t
0s
0r
1y
0c
0i
#4304749595
1t
0s
0r
1y
0c
0i
#4304750206
0t
0s
0r
1y
0c
0i
#4304750598
1t
0s
0r
1y
0c
0i
#4304751211
0t
0s
0r
1y
0c
0i
#4304751604
1t
0s
0r
1y
0c
0i
#4304752219
0t
0s
0r
1y
0c
0i
#4304752613
1t
0s
0r
1y
0c
0i
#4304753224
0t
0s
0r
1y
0c
1i
#4304753620
1t
0s
0r
1y
0c
1i
#4304754235
0t
0s
0r
1y
0c
1i
#4304754631
1t
0s
0r
1y
1c
1i
#4304755251
0t
0s
0r
1y
1c
1i
#4304755646
1t
0s
0r
1y
1c
1i
#4304756264
0t
0s
0r
1y
1c
1i
#4304756661
1t
0s
0r
1y
1c
1i
#4304757282
0t
0s
0r
1y
1c
0i
#4304757680
1t
0s
0r
1y
1c
0i
#4304758304
0t
0s
0r
1y
1c
0i
#4304758700
1t
0s
0r
1y
1c
0i
#4304759321
0t
0s
0r
1y
1c
0i
#4304759719
1t
0s
0r
1y
1c
0i
#4304760341
0t
0s
0r
1y
1c
0i
#4304760739
1t
0s
0r
1y
1c
0i
#4304761363
0t
0s
0r
1y
1c
0i
#4304761760
1t
0s
0r
1y
1c
0i
#4304762379
0t
0s
0r
1y
1c
0i
#4304762779
1t
0s
0r
1y
1c
0i
#4304763400
0t
0s
0r
1y
1c
0i
#4304763799
1t
0s
0r
1y
1c
0i
#4304764423
0t
0s
0r
1y
1c
0i
#4304764821
1t
0s
0r
1y
1c
0i
#4304765442
0t
0s
0r
1y
1c
0i
#4304765842
1t
0s
0r
1y
1c
0i
#4304766464
0t
0s
0r
1y
1c
0i
#4304766864
1t
0s
0r
1y
1c
0i
#4304767490
0t
0s
0r
1y
1c
0i
#4304767890
1t
0s
0r
1y
1c
0i
#4304768511
0t
0s
0r
1y
1c
0i
#4304768914
1t
0s
0r
1y
1c
0i
#4304769537
0t
0s
0r
1y
1c
0i
#4304769939
1t
0s
0r
1y
1c
0i
#4304770567
0t
0s
0r
1y
1c
0i
#4304770967
1t
0s
0r
1y
1c
0i
#4304772598
0t
0s
0r
1y
1c
0i
#4304773751
1t
0s
0r
1y
1c
0i
#4304774687
0t
0s
0r
1y
1c
0i
#4304775076
1t
0s
0r
1y
1c
0i
#4304775706
0t
0s
0r
1y
1c
0i
#4304776105
1t
0s
0r
1y
1c
0i
#4304776732
0t
0s
0r
1y
1c
0i
#4304777133
1t
0s
0r
1y
1c
0i
#4304777760
0t
0s
0r
1y
1c
0i
#4304778161
1t
0s
0r
1y
1c
0i
#4304778788
0t
0s
0r
1y
1c
0i
#4304779188
1t
0s
0r
1y
1c
0i
#4304779818
0t
0s
0r
1y
1c
0i
#4304780217
1t
0s
0r
1y
1c
0i
#4304780843
0t
0s
0r
1y
1c
0i
#4304781243
1t
0s
0r
1y
1c
0i
#4304781872
0t
0s
0r
1y
1c
0i
#4304782272
1t
0s
0r
1y
1c
0i
#4304782903
0t
0s
0r
1y
1c
0i
#4304783304
1t
0s
0r
1y
1c
0i
#4304783931
0t
0s
0r
1y
1c
1i
#4304784334
1t
0s
0r
1y
1c
1i
#4304784965
0t
0s
0r
1y
1c
1i
#4304785367
1t
0s
0r
1y
0c
1i
#4304786003
0t
0s
0r
1y
0c
1i
#4304786404
1t
0s
0r
1y
0c
1i
#4304787038
0t
0s
0r
1y
0c
1i
#4304787442
1t
0s
0r
1y
0c
1i
#4304788078
0t
0s
0r
1y
0c
0i
#4304788482
1t
0s
0r
1y
0c
0i
#4304789122
0t
0s
0r
1y
0c
0i
#4304789525
1t
0s
0r
1y
0c
0i
#4304790160
0t
0s
0r
1y
0c
0i
#4304790565
1t
0s
0r
1y
0c
0i
#4304791202
0t
0s
0r
1y
0c
0i
#4304791606
1t
0s
0r
1y
0c
0i
#4304792246
0t
0s
0r
1y
0c
0i
#4304792648
1t
0s
0r
1y
0c
0i
#4304793283
0t
0s
0r
1y
0c
0i
#4304793689
1t
0s
0r
1y
0c
0i
#4304794325
0t
0s
0r
1y
0c
0i
#4304794730
1t
0s
0r
1y
0c
0i
#4304795371
0t
0s
0r
1y
0c
0i
#4304795774
1t
0s
0r
1y
0c
0i
#4304796413
0t
0s
0r
1y
0c
0i
#4304796819
1t
0s
0r
1y
0c
0i
#4304797460
0t
0s
0r
1y
0c
0i
#4304797865
1t
0s
0r
1y
0c
0i
#4304798512
0t
0s
0r
1y
0c
0i
#4304798916
1t
0s
0r
1y
0c
0i
#4304799560
0t
0s
0r
1y
0c
0i
#4304799967
1t
0s
0r
1y
0c
0i
#4304800614
0t
0s
0r
1y
0c
0i
#4304801021
1t
0s
0r
1y
0c
0i
#4304801672
0t
0s
0r
1y
0c
0i
#4304802078
1t
0s
0r
1y
0c
0i
#4304802726
0t
0s
0r
1y
0c
0i
#4304803135
1t
0s
0r
1y
0c
0i
#4304803784
0t
0s
0r
1y
0c
0i
#4304804194
1t
0s
0r
1y
0c
0i
#4304804846
0t
0s
0r
1y
0c
0i
#4304805255
1t
0s
0r
1y
0c
0i
#4304805904
0t
0s
0r
1y
0c
0i
#4304806314
1t
0s
0r
1y
0c
0i
#4304806964
0t
0s
0r
1y
0c
0i
#4304807374
1t
0s
0r
1y
0c
0i
#4304808027
0t
0s
0r
1y
0c
0i
#4304808436
1t
0s
0r
1y
0c
0i
#4304809083
0t
0s
0r
1y
0c
0i
#4304809496
1t
0s
0r
1y
0c
0i
#4304810145
0t
0s
0r
1y
0c
0i
#4304810556
1t
0s
0r
1y
0c
0i
#4304811208
0t
0s
0r
1y
0c
0i
#4304811619
1t
0s
0r
1y
0c
0i
#4304812267
0t
0s
0r
1y
0c
0i
#4304812679
1t
0s
0r
1y
0c
0i
#4304813330
0t
0s
0r
1y
0c
0i
#4304813742
1t
0s
0r
1y
0c
0i
#4304814395
0t
0s
0r
1y
0c
0i
#4304814810
1t
0s
0r
1y
0c
0i
#4304815459
0t
0s
0r
1y
0c
1i
#4304815875
1t
0s
0r
1y
0c
1i
#4304816529
0t
0s
0r
1y
0c
1i
#4304816945
1t
0s
0r
1y
1c
1i
#4304817604
0t
0s
0r
1y
1c
1i
#4304818019
1t
0s
0r
1y
1c
1i
#4304818676
0t
0s
0r
1y
1c
1i
#4304819093
1t
0s
0r
1y
1c
1i
#4304819753
0t
0s
0r
1y
1c
0i
#4304820171
1t
0s
0r
1y
1c
0i
#4304820835
0t
0s
0r
1y
1c
0i
#4304821251
1t
0s
0r
1y
1c
0i
#4304821911
0t
0s
0r
1y
1c
0i
#4304822329
1t
0s
0r
1y
1c
0i
#4304822990
0t
0s
0r
1y
1c
0i
#4304823407
1t
0s
0r
1y
1c
0i
#4304824070
0t
0s
0r
1y
1c
0i
#4304824486
1t
0s
0r
1y
1c
0i
#4304825144
0t
0s
0r
1y
1c
0i
#4304825564
1t
0s
0r
1y
1c
0i
#4304826223
0t
0s
0r
1y
1c
0i
#4304826642
1t
0s
0r
1y
1c
0i
#4304827305
0t
0s
0r
1y
1c
0i
#4304827722
1t
0s
0r
1y
1c
0i
#4304828381
0t
0s
0r
1y
1c
0i
#4304828801
1t
0s
0r
1y
1c
0i
#4304829462
0t
0s
0r
1y
1c
0i
#4304829882
1t
0s
0r
1y
1c
0i
#4304830545
0t
0s
0r
1y
1c
0i
#4304830966
1t
0s
0r
1y
1c
0i
#4304831627
0t
0s
0r
1y
1c
0i
#4304832049
1t
0s
0r
1y
1c
0i
#4304832712
0t
0s
0r
1y
1c
0i
#4304833134
1t
0s
0r
1y
1c
0i
#4304833800
0t
0s
0r
1y
1c
0i
#4304834221
1t
0s
0r
1y
1c
0i
#4304835948
0t
0s
0r
1y
1c
0i
#4304837161
1t
0s
0r
1y
1c
0i
#4304838153
0t
0s
0r
1y
1c
0i
#4304838561
1t
0s
0r
1y
1c
0i
#4304839229
0t
0s
0r
1y
1c
0i
#4304839647
1t
0s
0r
1y
1c
0i
#4304840312
0t
0s
0r
1y
1c
0i
#4304840731
1t
0s
0r
1y
1c
0i
#4304841396
0t
0s
0r
1y
1c
0i
#4304841817
1t
0s
0r
1y
1c
0i
#4304842480
0t
0s
0r
1y
1c
0i
#4304842900
1t
0s
0r
1y
1c
0i
#4304843567
0t
0s
0r
1y
1c
0i
#4304843986
1t
0s
0r
1y
1c
0i
#4304844649
0t
0s
0r
1y
1c
0i
#4304845069
1t
0s
0r
1y
1c
0i
#4304845735
0t
0s
0r
1y
1c
0i
#4304846155
1t
0s
0r
1y
1c
0i
#4304846825
0t
0s
0r
1y
1c
0i
#4304847245
1t
0s
0r
1y
1c
0i
#4304847911
0t
0s
0r
1y
1c
1i
#4304848334
1t
0s
0r
1y
1c
1i
#4304849004
0t
0s
0r
1y
1c
1i
#4304849427
1t
0s
0r
1y
1c
1i
#4304850102
0t
0s
0r
1y
0c
1i
#4304850524
1t
0s
0r
1y
0c
1i
#4304851198
0t
0s
0r
1y
0c
1i
#4304851622
1t
0s
0r
1y
0c
1i
#4304851891
1t
0s
1r
1y
0c
1i
#4304851894
1t
0s
0r
1y
0c
1i
#4304852298
0t
0s
0r
1y
0c
0i
#4304852724
1t
0s
0r
1y
0c
0i
#4304853403
0t
0s
0r
1y
0c
0i
#4304853828
1t
0s
0r
1y
0c
0i
#4304854503
0t
0s
0r
1y
0c
0i
#4304854929
1t
0s
0r
1y
0c
0i
#4304855606
0t
0s
0r
1y
0c
0i
#4304856031
1t
0s
0r
1y
0c
0i
#4304856711
0t
0s
0r
1y
0c
0i
#4304857134
1t
0s
0r
1y
0c
0i
#4304857809
0t
0s
0r
1y
0c
0i
#4304858235
1t
0s
0r
1y
0c
0i
#4304858910
0t
0s
0r
1y
0c
0i
#4304859336
1t
0s
0r
1y
0c
0i
#4304860015
0t
0s
0r
1y
0c
0i
#4304860437
1t
0s
0r
1y
0c
0i
#4304861114
0t
0s
0r
1y
0c
0i
#4304861538
1t
0s
0r
1y
0c
0i
#4304862216
0t
0s
0r
1y
0c
0i
#4304862638
1t
0s
0r
1y
0c
0i
#4304863319
0t
0s
0r
1y
0c
0i
#4304863740
1t
0s
0r
1y
0c
0i
#4304864416
0t
0s
0r
1y
0c
0i
#4304864839
1t
0s
0r
1y
0c
0i
#4304865517
0t
0s
0r
1y
0c
0i
#4304865939
1t
0s
0r
1y
0c
0i
#4304866618
0t
0s
0r
1y
0c
0i
#4304867039
1t
0s
0r
1y
0c
0i
#4304867714
0t
0s
0r
1y
0c
0i
#4304868137
1t
0s
0r
1y
0c
0i
#4304868811
0t
0s
0r
1y
0c
0i
#4304869236
1t
0s
0r
1y
0c
0i
#4304869912
0t
0s
0r
1y
0c
0i
#4304870334
1t
0s
0r
1y
0c
0i
#4304871007
0t
0s
0r
1y
0c
0i
#4304871430
1t
0s
0r
1y
0c
0i
#4304872104
0t
0s
0r
1y
0c
0i
#4304872527
1t
0s
0r
1y
0c
0i
#4304873204
0t
0s
0r
1y
0c
0i
#4304873625
1t
0s
0r
1y
0c
0i
#4304874297
0t
0s
0r
1y
0c
0i
#4304874722
1t
0s
0r
1y
0c
0i
#4304875395
0t
0s
0r
1y
0c
0i
#4304875819
1t
0s
0r
1y
0c
0i
#4304876496
0t
0s
0r
1y
0c
0i
#4304876918
1t
0s
0r
1y
0c
0i
#4304877591
0t
0s
0r
1y
0c
0i
#4304878016
1t
0s
0r
1y
0c
0i
#4304878691
0t
0s
0r
1y
0c
0i
#4304879115
1t
0s
0r
1y
0c
0i
#4304879793
0t
0s
0r
1y
0c
0i
#4304880219
1t
0s
0r
1y
0c
0i
#4304880894
0t
0s
0r
1y
0c
1i
#4304881322
1t
0s
0r
1y
0c
1i
#4304882001
0t
0s
0r
1y
1c
1i
#4304882428
1t
0s
0r
1y
1c
1i
#4304883113
0t
0s
0r
1y
1c
1i
#4304883539
1t
0s
0r
1y
1c
1i
#4304884222
0t
0s
0r
1y
1c
1i
#4304884652
1t
0s
0r
1y
1c
1i
#4304885338
0t
0s
0r
1y
1c
0i
#4304885768
1t
0s
0r
1y
1c
0i
#4304886458
0t
0s
0r
1y
1c
0i
#4304886887
1t
0s
0r
1y
1c
0i
#4304887573
0t
0s
0r
1y
1c
0i
#4304888004
1t
0s
0r
1y
1c
0i
#4304888691
0t
0s
0r
1y
1c
0i
#4304889122
1t
0s
0r
1y
1c
0i
#4304889812
0t
0s
0r
1y
1c
0i
#4304890242
1t
0s
0r
1y
1c
0i
#4304890926
0t
0s
0r
1y
1c
0i
#4304891359
1t
0s
0r
1y
1c
0i
#4304892045
0t
0s
0r
1y
1c
0i
#4304892478
1t
0s
0r
1y
1c
0i
#4304893167
0t
0s
0r
1y
1c
0i
#4304893599
1t
0s
0r
1y
1c
0i
#4304894285
0t
0s
0r
1y
1c
0i
#4304894719
1t
0s
0r
1y
1c
0i
#4304895407
0t
0s
0r
1y
1c
0i
#4304895842
1t
0s
0r
1y
1c
0i
#4304896533
0t
0s
0r
1y
1c
0i
#4304896969
1t
0s
0r
1y
1c
0i
#4304897658
0t
0s
0r
1y
1c
0i
#4304898095
1t
0s
0r
1y
1c
0i
#4304898786
0t
0s
0r
1y
1c
0i
#4304899223
1t
0s
0r
1y
1c
0i
#4304899919
0t
0s
0r
1y
1c
0i
#4304900354
1t
0s
0r
1y
1c
0i
#4304902155
0t
0s
0r
1y
1c
0i
#4304903416
1t
0s
0r
1y
1c
0i
#4304904451
0t
0s
0r
1y
1c
0i
#4304904874
1t
0s
0r
1y
1c
0i
#4304905572
0t
0s
0r
1y
1c
0i
#4304906005
1t
0s
0r
1y
1c
0i
#4304906700
0t
0s
0r
1y
1c
0i
#4304907134
1t
0s
0r
1y
1c
0i
#4304907829
0t
0s
0r
1y
1c
0i
#4304908265
1t
0s
0r
1y
1c
0i
#4304908959
0t
0s
0r
1y
1c
0i
#4304909394
1t
0s
0r
1y
1c
0i
#4304910092
0t
0s
0r
1y
1c
0i
#4304910525
1t
0s
0r
1y
1c
0i
#4304911219
0t
0s
0r
1y
1c
0i
#4304911655
1t
0s
0r
1y
1c
0i
#4304912353
0t
0s
0r
1y
1c
0i
#4304912788
1t
0s
0r
1y
1c
0i
#4304913488
0t
0s
0r
1y
1c
0i
#4304913926
1t
0s
0r
1y
1c
0i
#4304914624
0t
0s
0r
1y
1c
1i
#4304915063
1t
0s
0r
1y
1c
1i
#4304915766
0t
0s
0r
1y
0c
1i
#4304916205
1t
0s
0r
1y
0c
1i
#4304916914
0t
0s
0r
1y
0c
1i
#4304917352
1t
0s
0r
1y
0c
1i
#4304918059
0t
0s
0r
1y
0c
1i
#4304918500
1t
0s
0r
1y
0c
1i
#4304919210
0t
0s
0r
1y
0c
0i
#4304919653
1t
0s
0r
1y
0c
0i
#4304920366
0t
0s
0r
1y
0c
0i
#4304920807
1t
0s
0r
1y
0c
0i
#4304921516
0t
0s
0r
1y
0c
0i
#4304921959
1t
0s
0r
1y
0c
0i
#4304922669
0t
0s
0r
1y
0c
0i
#4304923110
1t
0s
0r
1y
0c
0i
#4304923823
0t
0s
0r
1y
0c
0i
#4304924262
1t
0s
0r
1y
0c
0i
#4304924968
0t
0s
0r
1y
0c
0i
#4304925410
1t
0s
0r
1y
0c
0i
#4304926117
0t
0s
0r
1y
0c
0i
#4304926556
1t
0s
0r
1y
0c
0i
#4304927265
0t
0s
0r
1y
0c
0i
#4304927702
1t
0s
0r
1y
0c
0i
#4304928406
0t
0s
0r
1y
0c
0i
#4304928842
1t
0s
0r
1y
0c
0i
#4304929546
0t
0s
0r
1y
0c
0i
#4304929981
1t
0s
0r
1y
0c
0i
#4304930685
0t
0s
0r
1y
0c
0i
#4304931118
1t
0s
0r
1y
0c
0i
#4304931817
0t
0s
0r
1y
0c
0i
#4304932251
1t
0s
0r
1y
0c
0i
#4304932951
0t
0s
0r
1y
0c
0i
#4304933384
1t
0s
0r
1y
0c
0i
#4304934088
0t
0s
0r
1y
0c
0i
#4304934519
1t
0s
0r
1y
0c
0i
#4304935217
0t
0s
0r
1y
0c
0i
#4304935652
1t
0s
0r
1y
0c
0i
#4304936350
0t
0s
0r
1y
0c
0i
#4304936786
1t
0s
0r
1y
0c
0i
#4304937488
0t
0s
0r
1y
0c
0i
#4304937921
1t
0s
0r
1y
0c
0i
#4304938618
0t
0s
0r
1y
0c
0i
#4304939054
1t
0s
0r
1y
0c
0i
#4304939753
0t
0s
0r
1y
0c
0i
#4304940188
1t
0s
0r
1y
0c
0i
#4304940890
0t
0s
0r
1y
0c
0i
#4304941324
1t
0s
0r
1y
0c
0i
#4304942022
0t
0s
0r
1y
0c
0i
#4304942459
1t
0s
0r
1y
0c
0i
#4304943157
0t
0s
0r
1y
0c
0i
#4304943594
1t
0s
0r
1y
0c
0i
#4304944295
0t
0s
0r
1y
0c
0i
#4304944731
1t
0s
0r
1y
0c
0i
#4304945429
0t
0s
0r
1y
0c
0i
#4304945867
1t
0s
0r
1y
0c
0i
#4304946568
0t
0s
0r
1y
0c
0i
#4304947006
1t
0s
0r
1y
0c
0i
#4304947710
0t
0s
0r
1y
0c
0i
#4304948149
1t
0s
0r
1y
0c
0i
#4304948850
0t
0s
0r
1y
1c
1i
#4304949292
1t
0s
0r
1y
1c
1i
#4304949998
0t
0s
0r
1y
1c
1i
#4304950439
1t
0s
0r
1y
1c
1i
#4304951151
0t
0s
0r
1y
1c
1i
#4304951593
1t
0s
0r
1y
1c
1i
#4304952304
0t
0s
0r
1y
1c
1i
#4304952748
1t
0s
0r
1y
1c
1i
#4304953464
0t
0s
0r
1y
1c
0i
#4304953908
1t
0s
0r
1y
1c
0i
#4304954628
0t
0s
0r
1y
1c
0i
#4304955072
1t
0s
0r
1y
1c
0i
#4304955788
0t
0s
0r
1y
1c
0i
#4304956233
1t
0s
0r
1y
1c
0i
#4304956949
0t
0s
0r
1y
1c
0i
#4304957394
1t
0s
0r
1y
1c
0i
#4304958111
0t
0s
0r
1y
1c
0i
#4304958554
1t
0s
0r
1y
1c
0i
#4304959262
0t
0s
0r
1y
1c
0i
#4304959706
1t
0s
0r
1y
1c
0i
#4304960411
0t
0s
0r
1y
1c
0i
#4304960851
1t
0s
0r
1y
1c
0i
#4304961554
0t
0s
0r
1y
1c
0i
#4304961990
1t
0s
0r
1y
1c
0i
#4304962684
0t
0s
0r
1y
1c
0i
#4304963121
1t
0s
0r
1y
1c
0i
#4304963812
0t
0s
0r
1y
1c
0i
#4304964247
1t
0s
0r
1y
1c
0i
#4304964939
0t
0s
0r
1y
1c
0i
#4304965373
1t
0s
0r
1y
1c
0i
#4304966059
0t
0s
0r
1y
1c
0i
#4304966495
1t
0s
0r
1y
1c
0i
#4304967182
0t
0s
0r
1y
1c
0i
#4304967616
1t
0s
0r
1y
1c
0i
#4304968307
0t
0s
0r
1y
1c
0i
#4304968740
1t
0s
0r
1y
1c
0i
#4304970529
0t
0s
0r
1y
1c
0i
#4304971782
1t
0s
0r
1y
1c
0i
#4304972812
0t
0s
0r
1y
1c
0i
#4304973233
1t
0s
0r
1y
1c
0i
#4304973927
0t
0s
0r
1y
1c
0i
#4304974359
1t
0s
0r
1y
1c
0i
#4304975050
0t
0s
0r
1y
1c
0i
#4304975484
1t
0s
0r
1y
1c
0i
#4304976175
0t
0s
0r
1y
1c
0i
#4304976609
1t
0s
0r
1y
1c
0i
#4304977300
0t
0s
0r
1y
1c
0i
#4304977733
1t
0s
0r
1y
1c
0i
#4304978428
0t
0s
0r
1y
1c
0i
#4304978859
1t
0s
0r
1y
1c
0i
#4304979549
0t
0s
0r
1y
1c
0i
#4304979983
1t
0s
0r
1y
1c
0i
#4304980676
0t
0s
0r
1y
1c
0i
#4304981110
1t
0s
0r
1y
1c
0i
#4304981806
0t
0s
0r
1y
1c
0i
#4304982241
1t
0s
0r
1y
1c
0i
#4304982934
0t
0s
0r
1y
1c
0i
#4304983372
1t
0s
0r
1y
0c
1i
#4304984070
0t
0s
0r
1y
0c
1i
#4304984507
1t
0s
0r
1y
0c
1i
#4304985211
0t
0s
0r
1y
0c
1i
#4304985648
1t
0s
0r
1y
0c
1i
#4304986351
0t
0s
0r
1y
0c
1i
#4304986791
1t
0s
0r
1y
0c
1i
#4304987498
0t
0s
0r
1y
0c
1i
#4304987868
0t
0s
1r
1y
0c
1i
#4304987870
0t
0s
0r
1y
0c
1i
#4304987939
1t
0s
0r
1y
0c
0i
#4304988649
0t
0s
0r
1y
0c
0i
#4304989090
1t
0s
0r
1y
0c
0i
#4304989797
0t
0s
0r
1y
0c
0i
#4304990238
1t
0s
0r
1y
0c
0i
#4304990947
0t
0s
0r
1y
0c
0i
#4304991387
1t
0s
0r
1y
0c
0i
#4304992098
0t
0s
0r
1y
0c
0i
#4304992536
1t
0s
0r
1y
0c
0i
#4304993241
0t
0s
0r
1y
0c
0i
#4304993683
1t
0s
0r
1y
0c
0i
#4304994387
0t
0s
0r
1y
0c
0i
#4304994826
1t
0s
0r
1y
0c
0i
#4304995534
0t
0s
0r
1y
0c
0i
#4304995969
1t
0s
0r
1y
0c
0i
#4304996671
0t
0s
0r
1y
0c
0i
#4304997107
1t
0s
0r
1y
0c
0i
#4304997807
0t
0s
0r
1y
0c
0i
#4304998241
1t
0s
0r
1y
0c
0i
#4304998943
0t
0s
0r
1y
0c
0i
#4304999374
1t
0s
0r
1y
0c
0i
#4305000070
0t
0s
0r
1y
0c
0i
#4305000503
1t
0s
0r
1y
0c
0i
#4305001199
0t
0s
0r
1y
0c
0i
#4305001630
1t
0s
0r
1y
0c
0i
#4305002329
0t
0s
0r
1y
0c
0i
#4305002758
1t
0s
0r
1y
0c
0i
#4305003453
0t
0s
0r
1y
0c
0i
#4305003885
1t
0s
0r
1y
0c
0i
#4305004580
0t
0s
0r
1y
0c
0i
#4305005014
1t
0s
0r
1y
0c
0i
#4305005712
0t
0s
0r
1y
0c
0i
#4305006144
1t
0s
0r
1y
0c
0i
#4305006837
0t
0s
0r
1y
0c
0i
#4305007272
1t
0s
0r
1y
0c
0i
#4305007967
0t
0s
0r
1y
0c
0i
#4305008401
1t
0s
0r
1y
0c
0i
#4305009100
0t
0s
0r
1y
0c
0i
#4305009533
1t
0s
0r
1y
0c
0i
#4305010227
0t
0s
0r
1y
0c
0i
#4305010663
1t
0s
0r
1y
0c
0i
#4305011358
0t
0s
0r
1y
0c
0i
#4305011794
1t
0s
0r
1y
0c
0i
#4305012492
0t
0s
0r
1y
0c
0i
#4305012927
1t
0s
0r
1y
0c
0i
#4305013622
0t
0s
0r
1y
0c
0i
#4305014058
1t
0s
0r
1y
0c
0i
#4305014756
0t
0s
0r
1y
0c
0i
#4305015191
1t
0s
0r
1y
0c
0i
#4305015892
0t
0s
0r
1y
0c
0i
#4305016330
1t
0s
0r
1y
0c
0i
#4305017027
0t
0s
0r
1y
1c
0i
#4305017466
1t
0s
0r
1y
1c
1i
#4305018168
0t
0s
0r
1y
1c
1i
#4305018607
1t
0s
0r
1y
1c
1i
#4305019315
0t
0s
0r
1y
1c
1i
#4305019754
1t
0s
0r
1y
1c
1i
#4305020460
0t
0s
0r
1y
1c
1i
#4305020903
1t
0s
0r
1y
1c
1i
#4305021613
0t
0s
0r
1y
1c
1i
#4305022056
1t
0s
0r
1y
1c
0i
#4305022770
0t
0s
0r
1y
1c
0i
#4305023212
1t
0s
0r
1y
1c
0i
#4305023922
0t
0s
0r
1y
1c
0i
#4305024366
1t
0s
0r
1y
1c
0i
#4305025078
0t
0s
0r
1y
1c
0i
#4305025520
1t
0s
0r
1y
1c
0i
#4305026233
0t
0s
0r
1y
1c
0i
#4305026673
1t
0s
0r
1y
1c
0i
#4305027376
0t
0s
0r
1y
1c
0i
#4305027819
1t
0s
0r
1y
1c
0i
#4305028519
0t
0s
0r
1y
1c
0i
#4305028958
1t
0s
0r
1y
1c
0i
#4305029656
0t
0s
0r
1y
1c
0i
#4305030091
1t
0s
0r
1y
1c
0i
#4305030781
0t
0s
0r
1y
1c
0i
#4305031216
1t
0s
0r
1y
1c
0i
#4305031903
0t
0s
0r
1y
1c
0i
#4305032336
1t
0s
0r
1y
1c
0i
#4305033023
0t
0s
0r
1y
1c
0i
#4305033455
1t
0s
0r
1y
1c
0i
#4305034136
0t
0s
0r
1y
1c
0i
#4305034569
1t
0s
0r
1y
1c
0i
#4305035252
0t
0s
0r
1y
1c
0i
#4305035683
1t
0s
0r
1y
1c
0i
#4305036370
0t
0s
0r
1y
1c
0i
#4305036800
1t
0s
0r
1y
1c
0i
#4305038575
0t
0s
0r
1y
1c
0i
#4305039819
1t
0s
0r
1y
1c
0i
#4305040841
0t
0s
0r
1y
1c
0i
#4305041259
1t
0s
0r
1y
1c
0i
#4305041948
0t
0s
0r
1y
1c
0i
#4305042376
1t
0s
0r
1y
1c
0i
#4305043062
0t
0s
0r
1y
1c
0i
#4305043492
1t
0s
0r
1y
1c
0i
#4305044178
0t
0s
0r
1y
1c
0i
#4305044609
1t
0s
0r
1y
1c
0i
#4305045294
0t
0s
0r
1y
1c
0i
#4305045724
1t
0s
0r
1y
1c
0i
#4305046413
0t
0s
0r
1y
1c
0i
#4305046842
1t
0s
0r
1y
1c
0i
#4305047527
0t
0s
0r
1y
1c
0i
#4305047957
1t
0s
0r
1y
1c
0i
#4305048645
0t
0s
0r
1y
1c
0i
#4305049075
1t
0s
0r
1y
1c
0i
#4305049766
0t
0s
0r
1y
1c
0i
#4305050198
1t
0s
0r
1y
1c
0i
#4305050886
0t
0s
0r
1y
0c
0i
#4305051320
1t
0s
0r
1y
0c
1i
#4305052013
0t
0s
0r
1y
0c
1i
#4305052446
1t
0s
0r
1y
0c
1i
#4305053145
0t
0s
0r
1y
0c
1i
#4305053579
1t
0s
0r
1y
0c
1i
#4305054276
0t
0s
0r
1y
0c
1i
#4305054713
1t
0s
0r
1y
0c
1i
#4305055414
0t
0s
0r
1y
0c
1i
#4305055852
1t
0s
0r
1y
0c
0i
#4305056557
0t
0s
0r
1y
0c
0i
#4305056994
1t
0s
0r
1y
0c
0i
#4305057695
0t
0s
0r
1y
0c
0i
#4305058133
1t
0s
0r
1y
0c
0i
#4305058835
0t
0s
0r
1y
0c
0i
#4305059271
1t
0s
0r
1y
0c
0i
#4305059974
0t
0s
0r
1y
0c
0i
#4305060407
1t
0s
0r
1y
0c
0i
#4305061101
0t
0s
0r
1y
0c
0i
#4305061536
1t
0s
0r
1y
0c
0i
#4305062227
0t
0s
0r
1y
0c
0i
#4305062657
1t
0s
0r
1y
0c
0i
#4305063346
0t
0s
0r
1y
0c
0i
#4305063773
1t
0s
0r
1y
0c
0i
#4305064455
0t
0s
0r
1y
0c
0i
#4305064881
1t
0s
0r
1y
0c
0i
#4305065562
0t
0s
0r
1y
0c
0i
#4305065985
1t
0s
0r
1y
0c
0i
#4305066668
0t
0s
0r
1y
0c
0i
#4305067089
1t
0s
0r
1y
0c
0i
#4305067766
0t
0s
0r
1y
0c
0i
#4305068189
1t
0s
0r
1y
0c
0i
#4305068868
0t
0s
0r
1y
0c
0i
#4305069291
1t
0s
0r
1y
0c
0i
#4305069973
0t
0s
0r
1y
0c
0i
#4305070394
1t
0s
0r
1y
0c
0i
#4305071073
0t
0s
0r
1y
0c
0i
#4305071497
1t
0s
0r
1y
0c
0i
#4305072176
0t
0s
0r
1y
0c
0i
#4305072602
1t
0s
0r
1y
0c
0i
#4305073284
0t
0s
0r
1y
0c
0i
#4305073709
1t
0s
0r
1y
0c
0i
#4305074387
0t
0s
0r
1y
0c
0i
#4305074813
1t
0s
0r
1y
0c
0i
#4305075494
0t
0s
0r
1y
0c
0i
#4305075919
1t
0s
0r
1y
0c
0i
#4305076603
0t
0s
0r
1y
0c
0i
#4305077027
1t
0s
0r
1y
0c
0i
#4305077706
0t
0s
0r
1y
0c
0i
#4305078134
1t
0s
0r
1y
0c
0i
#4305078813
0t
0s
0r
1y
0c
0i
#4305079240
1t
0s
0r
1y
0c
0i
#4305079923
0t
0s
0r
1y
0c
0i
#4305080349
1t
0s
0r
1y
0c
0i
#4305081028
0t
0s
0r
1y
0c
0i
#4305081456
1t
0s
0r
1y
0c
0i
#4305082137
0t
0s
0r
1y
0c
0i
#4305082565
1t
0s
0r
1y
0c
0i
#4305083249
0t
0s
0r
1y
0c
0i
#4305083679
1t
0s
0r
1y
1c
0i
#4305084360
0t
0s
0r
1y
1c
0i
#4305084792
1t
0s
0r
1y
1c
1i
#4305085478
0t
0s
0r
1y
1c
1i
#4305085909
1t
0s
0r
1y
1c
1i
#4305086601
0t
0s
0r
1y
1c
1i
#4305087032
1t
0s
0r
1y
1c
1i
#4305087723
0t
0s
0r
1y
1c
1i
#4305088157
1t
0s
0r
1y
1c
1i
#4305088852
0t
0s
0r
1y
1c
1i
#4305089287
1t
0s
0r
1y
1c
0i
#4305089986
0t
0s
0r
1y
1c
0i
#4305090420
1t
0s
0r
1y
1c
0i
#4305091115
0t
0s
0r
1y
1c
0i
#4305091550
1t
0s
0r
1y
1c
0i
#4305092245
0t
0s
0r
1y
1c
0i
#4305092679
1t
0s
0r
1y
1c
0i
#4305093374
0t
0s
0r
1y
1c
0i
#4305093805
1t
0s
0r
1y
1c
0i
#4305094488
0t
0s
0r
1y
1c
0i
#4305094920
1t
0s
0r
1y
1c
0i
#4305095599
0t
0s
0r
1y
1c
0i
#4305096026
1t
0s
0r
1y
1c
0i
#4305096703
0t
0s
0r
1y
1c
0i
#4305097126
1t
0s
0r
1y
1c
0i
#4305097793
0t
0s
0r
1y
1c
0i
#4305098217
1t
0s
0r
1y
1c
0i
#4305098883
0t
0s
0r
1y
1c
0i
#4305099305
1t
0s
0r
1y
1c
0i
#4305099972
0t
0s
0r
1y
1c
0i
#4305100393
1t
0s
0r
1y
1c
0i
#4305101055
0t
0s
0r
1y
1c
0i
#4305101477
1t
0s
0r
1y
1c
0i
#4305102140
0t
0s
0r
1y
1c
0i
#4305102562
1t
0s
0r
1y
1c
0i
#4305103228
0t
0s
0r
1y
1c
0i
#4305103649
1t
0s
0r
1y
1c
0i
#4305105375
0t
0s
0r
1y
1c
0i
#4305106591
1t
0s
0r
1y
1c
0i
#4305107583
0t
0s
0r
1y
1c
0i
#4305107992
1t
0s
0r
1y
1c
0i
#4305108661
0t
0s
0r
1y
1c
0i
#4305109080
1t
0s
0r
1y
1c
0i
#4305109746
0t
0s
0r
1y
1c
0i
#4305110166
1t
0s
0r
1y
1c
0i
#4305110831
0t
0s
0r
1y
1c
0i
#4305111253
1t
0s
0r
1y
1c
0i
#4305111918
0t
0s
0r
1y
1c
0i
#4305112337
1t
0s
0r
1y
1c
0i
#4305113006
0t
0s
0r
1y
1c
0i
#4305113425
1t
0s
0r
1y
1c
0i
#4305114090
0t
0s
0r
1y
1c
0i
#4305114510
1t
0s
0r
1y
1c
0i
#4305115177
0t
0s
0r
1y
1c
0i
#4305115597
1t
0s
0r
1y
1c
0i
#4305116267
0t
0s
0r
1y
1c
0i
#4305116689
1t
0s
0r
1y
1c
0i
#4305117355
0t
0s
0r
1y
0c
0i
#4305117780
1t
0s
0r
1y
0c
0i
#4305118451
0t
0s
0r
1y
0c
1i
#4305118875
1t
0s
0r
1y
0c
1i
#4305119552
0t
0s
0r
1y
0c
1i
#4305119976
1t
0s
0r
1y
0c
1i
#4305120652
0t
0s
0r
1y
0c
1i
#4305121078
1t
0s
0r
1y
0c
1i
#4305121758
0t
0s
0r
1y
0c
1i
#4305122185
1t
0s
0r
1y
0c
1i
#4305122703
1t
0s
1r
1y
0c
1i
#4305122705
1t
0s
0r
1y
0c
1i
#4305122869
0t
0s
0r
1y
0c
1i
#4305123295
1t
0s
0r
1y
0c
0i
#4305123975
0t
0s
0r
1y
0c
0i
#4305124403
1t
0s
0r
1y
0c
0i
#4305125084
0t
0s
0r
1y
0c
0i
#4305125511
1t
0s
0r
1y
0c
0i
#4305126195
0t
0s
0r
1y
0c
0i
#4305126619
1t
0s
0r
1y
0c
0i
#4305127297
0t
0s
0r
1y
0c
0i
#4305127724
1t
0s
0r
1y
0c
0i
#4305128401
0t
0s
0r
1y
0c
0i
#4305128826
1t
0s
0r
1y
0c
0i
#4305129505
0t
0s
0r
1y
0c
0i
#4305129927
1t
0s
0r
1y
0c
0i
#4305130600
0t
0s
0r
1y
0c
0i
#4305131022
1t
0s
0r
1y
0c
0i
#4305131694
0t
0s
0r
1y
0c
0i
#4305132114
1t
0s
0r
1y
0c
0i
#4305132787
0t
0s
0r
1y
0c
0i
#4305133204
1t
0s
0r
1y
0c
0i
#4305133870
0t
0s
0r
1y
0c
0i
#4305134288
1t
0s
0r
1y
0c
0i
#4305134955
0t
0s
0r
1y
0c
0i
#4305135372
1t
0s
0r
1y
0c
0i
#4305136041
0t
0s
0r
1y
0c
0i
#4305136456
1t
0s
0r
1y
0c
0i
#4305137120
0t
0s
0r
1y
0c
0i
#4305137538
1t
0s
0r
1y
0c
0i
#4305138202
0t
0s
0r
1y
0c
0i
#4305138621
1t
0s
0r
1y
0c
0i
#4305139288
0t
0s
0r
1y
0c
0i
#4305139706
1t
0s
0r
1y
0c
0i
#4305140368
0t
0s
0r
1y
0c
0i
#4305140788
1t
0s
0r
1y
0c
0i
#4305141453
0t
0s
0r
1y
0c
0i
#4305141871
1t
0s
0r
1y
0c
0i
#4305142539
0t
0s
0r
1y
0c
0i
#4305142957
1t
0s
0r
1y
0c
0i
#4305143620
0t
0s
0r
1y
0c
0i
#4305144040
1t
0s
0r
1y
0c
0i
#4305144705
0t
0s
0r
1y
0c
0i
#4305145124
1t
0s
0r
1y
0c
0i
#4305145792
0t
0s
0r
1y
0c
0i
#4305146210
1t
0s
0r
1y
0c
0i
#4305146873
0t
0s
0r
1y
0c
0i
#4305147294
1t
0s
0r
1y
0c
0i
#4305147959
0t
0s
0r
1y
0c
0i
#4305148380
1t
0s
0r
1y
0c
0i
#4305149048
0t
0s
0r
1y
0c
0i
#4305149470
1t
0s
0r
1y
0c
0i
#4305150135
0t
0s
0r
1y
1c
0i
#4305150558
1t
0s
0r
1y
1c
0i
#4305151227
0t
0s
0r
1y
1c
1i
#4305151651
1t
0s
0r
1y
1c
1i
#4305152326
0t
0s
0r
1y
1c
1i
#4305152749
1t
0s
0r
1y
1c
1i
#4305153421
0t
0s
0r
1y
1c
1i
#4305153847
1t
0s
0r
1y
1c
1i
#4305154524
0t
0s
0r
1y
1c
1i
#4305154950
1t
0s
0r
1y
1c
1i
#4305155630
0t
0s
0r
1y
1c
1i
#4305156055
1t
0s
0r
1y
1c
0i
#4305156731
0t
0s
0r
1y
1c
0i
#4305157158
1t
0s
0r
1y
1c
0i
#4305157835
0t
0s
0r
1y
1c
0i
#4305158260
1t
0s
0r
1y
1c
0i
#4305158939
0t
0s
0r
1y
1c
0i
#4305159362
1t
0s
0r
1y
1c
0i
#4305160031
0t
0s
0r
1y
1c
0i
#4305160456
1t
0s
0r
1y
1c
0i
#4305161123
0t
0s
0r
1y
1c
0i
#4305161545
1t
0s
0r
1y
1c
0i
#4305162210
0t
0s
0r
1y
1c
0i
#4305162628
1t
0s
0r
1y
1c
0i
#4305163284
0t
0s
0r
1y
1c
0i
#4305163702
1t
0s
0r
1y
1c
0i
#4305164356
0t
0s
0r
1y
1c
0i
#4305164772
1t
0s
0r
1y
1c
0i
#4305165427
0t
0s
0r
1y
1c
0i
#4305165841
1t
0s
0r
1y
1c
0i
#4305166491
0t
0s
0r
1y
1c
0i
#4305166906
1t
0s
0r
1y
1c
0i
#4305167556
0t
0s
0r
1y
1c
0i
#4305167970
1t
0s
0r
1y
1c
0i
#4305168623
0t
0s
0r
1y
1c
0i
#4305169036
1t
0s
0r
1y
1c
0i
#4305170728
0t
0s
0r
1y
1c
0i
#4305171918
1t
0s
0r
1y
1c
0i
#4305172890
0t
0s
0r
1y
1c
0i
#4305173290
1t
0s
0r
1y
1c
0i
#4305173944
0t
0s
0r
1y
1c
0i
#4305174355
1t
0s
0r
1y
1c
0i
#4305175007
0t
0s
0r
1y
1c
0i
#4305175419
1t
0s
0r
1y
1c
0i
#4305176070
0t
0s
0r
1y
1c
0i
#4305176483
1t
0s
0r
1y
1c
0i
#4305177134
0t
0s
0r
1y
1c
0i
#4305177546
1t
0s
0r
1y
1c
0i
#4305178199
0t
0s
0r
1y
1c
0i
#4305178610
1t
0s
0r
1y
1c
0i
#4305179261
0t
0s
0r
1y
1c
0i
#4305179673
1t
0s
0r
1y
1c
0i
#4305180325
0t
0s
0r
1y
1c
0i
#4305180738
1t
0s
0r
1y
1c
0i
#4305181393
0t
0s
0r
1y
1c
0i
#4305181807
1t
0s
0r
1y
1c
0i
#4305182459
0t
0s
0r
1y
0c
0i
#4305182875
1t
0s
0r
1y
0c
0i
#4305183532
0t
0s
0r
1y
0c
1i
#4305183947
1t
0s
0r
1y
0c
1i
#4305184610
0t
0s
0r
1y
0c
1i
#4305185025
1t
0s
0r
1y
0c
1i
#4305185686
0t
0s
0r
1y
0c
1i
#4305186104
1t
0s
0r
1y
0c
1i
#4305186768
0t
0s
0r
1y
0c
1i
#4305187188
1t
0s
0r
1y
0c
1i
#4305187855
0t
0s
0r
1y
0c
1i
#4305188274
1t
0s
0r
1y
0c
0i
#4305188938
0t
0s
0r
1y
0c
0i
#4305189358
1t
0s
0r
1y
0c
0i
#4305190024
0t
0s
0r
1y
0c
0i
#4305190442
1t
0s
0r
1y
0c
0i
#4305191110
0t
0s
0r
1y
0c
0i
#4305191526
1t
0s
0r
1y
0c
0i
#4305192187
0t
0s
0r
1y
0c
0i
#4305192606
1t
0s
0r
1y
0c
0i
#4305193265
0t
0s
0r
1y
0c
0i
#4305193681
1t
0s
0r
1y
0c
0i
#4305194342
0t
0s
0r
1y
0c
0i
#4305194754
1t
0s
0r
1y
0c
0i
#4305195408
0t
0s
0r
1y
0c
0i
#4305195820
1t
0s
0r
1y
0c
0i
#4305196473
0t
0s
0r
1y
0c
0i
#4305196882
1t
0s
0r
1y
0c
0i
#4305197535
0t
0s
0r
1y
0c
0i
#4305197942
1t
0s
0r
1y
0c
0i
#4305198590
0t
0s
0r
1y
0c
0i
#4305198998
1t
0s
0r
1y
0c
0i
#4305199646
0t
0s
0r
1y
0c
0i
#4305200053
1t
0s
0r
1y
0c
0i
#4305200703
0t
0s
0r
1y
0c
0i
#4305201109
1t
0s
0r
1y
0c
0i
#4305201756
0t
0s
0r
1y
0c
0i
#4305202164
1t
0s
0r
1y
0c
0i
#4305202811
0t
0s
0r
1y
0c
0i
#4305203221
1t
0s
0r
1y
0c
0i
#4305203870
0t
0s
0r
1y
0c
0i
#4305204278
1t
0s
0r
1y
0c
0i
#4305204924
0t
0s
0r
1y
0c
0i
#4305205334
1t
0s
0r
1y
0c
0i
#4305205981
0t
0s
0r
1y
0c
0i
#4305206391
1t
0s
0r
1y
0c
0i
#4305207041
0t
0s
0r
1y
0c
0i
#4305207450
1t
0s
0r
1y
0c
0i
#4305208096
0t
0s
0r
1y
0c
0i
#4305208507
1t
0s
0r
1y
0c
0i
#4305209154
0t
0s
0r
1y
0c
0i
#4305209565
1t
0s
0r
1y
0c
0i
#4305210215
0t
0s
0r
1y
0c
0i
#4305210624
1t
0s
0r
1y
0c
0i
#4305211271
0t
0s
0r
1y
0c
0i
#4305211682
1t
0s
0r
1y
0c
0i
#4305212331
0t
0s
0r
1y
0c
0i
#4305212742
1t
0s
0r
1y
0c
0i
#4305213393
0t
0s
0r
1y
0c
0i
#4305213806
1t
0s
0r
1y
0c
0i
#4305214453
0t
0s
0r
1y
1c
0i
#4305214868
1t
0s
0r
1y
1c
1i
#4305215519
0t
0s
0r
1y
1c
1i
#4305215934
1t
0s
0r
1y
1c
1i
#4305216590
0t
0s
0r
1y
1c
1i
#4305217004
1t
0s
0r
1y
1c
1i
#4305217659
0t
0s
0r
1y
1c
1i
#4305218076
1t
0s
0r
1y
1c
1i
#4305218734
0t
0s
0r
1y
1c
1i
#4305219151
1t
0s
0r
1y
1c
1i
#4305219814
0t
0s
0r
1y
1c
1i
#4305220229
1t
0s
0r
1y
1c
0i
#4305220887
0t
0s
0r
1y
1c
0i
#4305221305
1t
0s
0r
1y
1c
0i
#4305221964
0t
0s
0r
1y
1c
0i
#4305222380
1t
0s
0r
1y
1c
0i
#4305223040
0t
0s
0r
1y
1c
0i
#4305223454
1t
0s
0r
1y
1c
0i
#4305224106
0t
0s
0r
1y
1c
0i
#4305224522
1t
0s
0r
1y
1c
0i
#4305225170
0t
0s
0r
1y
1c
0i
#4305225583
1t
0s
0r
1y
1c
0i
#4305226230
0t
0s
0r
1y
1c
0i
#4305226638
1t
0s
0r
1y
1c
0i
#4305227277
0t
0s
0r
1y
1c
0i
#4305227685
1t
0s
0r
1y
1c
0i
#4305228322
0t
0s
0r
1y
1c
0i
#4305228728
1t
0s
0r
1y
1c
0i
#4305229365
0t
0s
0r
1y
1c
0i
#4305229770
1t
0s
0r
1y
1c
0i
#4305230402
0t
0s
0r
1y
1c
0i
#4305230808
1t
0s
0r
1y
1c
0i
#4305231440
0t
0s
0r
1y
1c
0i
#4305231845
1t
0s
0r
1y
1c
0i
#4305232480
0t
0s
0r
1y
1c
0i
#4305232884
1t
0s
0r
1y
1c
0i
#4305234531
0t
0s
0r
1y
1c
0i
#4305235693
1t
0s
0r
1y
1c
0i
#4305236638
0t
0s
0r
1y
1c
0i
#4305237030
1t
0s
0r
1y
1c
0i
#4305237666
0t
0s
0r
1y
1c
0i
#4305238069
1t
0s
0r
1y
1c
0i
#4305238702
0t
0s
0r
1y
1c
0i
#4305239106
1t
0s
0r
1y
1c
0i
#4305239739
0t
0s
0r
1y
1c
0i
#4305240144
1t
0s
0r
1y
1c
0i
#4305240776
0t
0s
0r
1y
1c
0i
#4305241180
1t
0s
0r
1y
1c
0i
#4305241815
0t
0s
0r
1y
1c
0i
#4305242218
1t
0s
0r
1y
1c
0i
#4305242849
0t
0s
0r
1y
1c
0i
#4305243253
1t
0s
0r
1y
1c
0i
#4305243887
0t
0s
0r
1y
1c
0i
#4305244290
1t
0s
0r
1y
1c
0i
#4305244926
0t
0s
0r
1y
1c
0i
#4305245331
1t
0s
0r
1y
0c
0i
#4305245964
0t
0s
0r
1y
0c
0i
#4305246370
1t
0s
0r
1y
0c
1i
#4305247007
0t
0s
0r
1y
0c
1i
#4305247413
1t
0s
0r
1y
0c
1i
#4305248055
0t
0s
0r
1y
0c
1i
#4305248460
1t
0s
0r
1y
0c
1i
#4305249101
0t
0s
0r
1y
0c
1i
#4305249509
1t
0s
0r
1y
0c
1i
#4305250153
0t
0s
0r
1y
0c
1i
#4305250561
1t
0s
0r
1y
0c
1i
#4305251124
1t
0s
1r
1y
0c
1i
#4305251127
1t
0s
0r
1y
0c
1i
#4305251208
0t
0s
0r
1y
0c
1i
#4305251616
1t
0s
0r
1y
0c
0i
#4305252259
0t
0s
0r
1y
0c
0i
#4305252668
1t
0s
0r
1y
0c
0i
#4305253312
0t
0s
0r
1y
0c
0i
#4305253719
1t
0s
0r
1y
0c
0i
#4305254363
0t
0s
0r
1y
0c
0i
#4305254768
1t
0s
0r
1y
0c
0i
#4305255404
0t
0s
0r
1y
0c
0i
#4305255810
1t
0s
0r
1y
0c
0i
#4305256442
0t
0s
0r
1y
0c
0i
#4305256844
1t
0s
0r
1y
0c
0i
#4305257474
0t
0s
0r
1y
0c
0i
#4305257872
1t
0s
0r
1y
0c
0i
#4305258496
0t
0s
0r
1y
0c
0i
#4305258893
1t
0s
0r
1y
0c
0i
#4305259515
0t
0s
0r
1y
0c
0i
#4305259910
1t
0s
0r
1y
0c
0i
#4305260534
0t
0s
0r
1y
0c
0i
#4305260927
1t
0s
0r
1y
0c
0i
#4305261546
0t
0s
0r
1y
0c
0i
#4305261940
1t
0s
0r
1y
0c
0i
#4305262560
0t
0s
0r
1y
0c
0i
#4305262953
1t
0s
0r
1y
0c
0i
#4305263576
0t
0s
0r
1y
0c
0i
#4305263969
1t
0s
0r
1y
0c
0i
#4305264588
0t
0s
0r
1y
0c
0i
#4305264984
1t
0s
0r
1y
0c
0i
#4305265603
0t
0s
0r
1y
0c
0i
#4305266000
1t
0s
0r
1y
0c
0i
#4305266622
0t
0s
0r
1y
0c
0i
#4305267017
1t
0s
0r
1y
0c
0i
#4305267635
0t
0s
0r
1y
0c
0i
#4305268032
1t
0s
0r
1y
0c
0i
#4305268652
0t
0s
0r
1y
0c
0i
#4305269048
1t
0s
0r
1y
0c
0i
#4305269672
0t
0s
0r
1y
0c
0i
#4305270066
1t
0s
0r
1y
0c
0i
#4305270684
0t
0s
0r
1y
0c
0i
#4305271082
1t
0s
0r
1y
0c
0i
#4305271701
0t
0s
0r
1y
0c
0i
#4305272097
1t
0s
0r
1y
0c
0i
#4305272719
0t
0s
0r
1y
0c
0i
#4305273115
1t
0s
0r
1y
0c
0i
#4305273733
0t
0s
0r
1y
0c
0i
#4305274130
1t
0s
0r
1y
0c
0i
#4305274750
0t
0s
0r
1y
0c
0i
#4305275147
1t
0s
0r
1y
0c
0i
#4305275769
0t
0s
0r
1y
0c
0i
#4305276167
1t
0s
0r
1y
0c
0i
#4305276786
0t
0s
0r
1y
0c
0i
#4305277185
1t
0s
0r
1y
0c
1i
#4305277808
0t
0s
0r
1y
1c
1i
#4305278207
1t
0s
0r
1y
1c
1i
#4305278834
0t
0s
0r
1y
1c
1i
#4305279233
1t
0s
0r
1y
1c
1i
#4305279858
0t
0s
0r
1y
1c
1i
#4305280259
1t
0s
0r
1y
1c
1i
#4305280888
0t
0s
0r
1y
1c
1i
#4305281289
1t
0s
0r
1y
1c
1i
#4305281921
0t
0s
0r
1y
1c
1i
#4305282322
1t
0s
0r
1y
1c
0i
#4305282950
0t
0s
0r
1y
1c
0i
#4305283352
1t
0s
0r
1y
1c
0i
#4305283981
0t
0s
0r
1y
1c
0i
#4305284382
1t
0s
0r
1y
1c
0i
#4305285013
0t
0s
0r
1y
1c
0i
#4305285412
1t
0s
0r
1y
1c
0i
#4305286036
0t
0s
0r
1y
1c
0i
#4305286437
1t
0s
0r
1y
1c
0i
#4305287059
0t
0s
0r
1y
1c
0i
#4305287457
1t
0s
0r
1y
1c
0i
#4305288078
0t
0s
0r
1y
1c
0i
#4305288472
1t
0s
0r
1y
1c
0i
#4305289085
0t
0s
0r
1y
1c
0i
#4305289480
1t
0s
0r
1y
1c
0i
#4305290090
0t
0s
0r
1y
1c
0i
#4305290483
1t
0s
0r
1y
1c
0i
#4305291093
0t
0s
0r
1y
1c
0i
#4305291485
1t
0s
0r
1y
1c
0i
#4305292090
0t
0s
0r
1y
1c
0i
#4305292483
1t
0s
0r
1y
1c
0i
#4305293088
0t
0s
0r
1y
1c
0i
#4305293480
1t
0s
0r
1y
1c
0i
#4305294088
0t
0s
0r
1y
1c
0i
#4305294478
1t
0s
0r
1y
1c
0i
#4305296057
0t
0s
0r
1y
1c
0i
#4305297178
1t
0s
0r
1y
1c
0i
#4305298083
0t
0s
0r
1y
1c
0i
#4305298462
1t
0s
0r
1y
1c
0i
#4305299071
0t
0s
0r
1y
1c
0i
#4305299459
1t
0s
0r
1y
1c
0i
#4305300067
0t
0s
0r
1y
1c
0i
#4305300456
1t
0s
0r
1y
1c
0i
#4305301062
0t
0s
0r
1y
1c
0i
#4305301453
1t
0s
0r
1y
1c
0i
#4305302059
0t
0s
0r
1y
1c
0i
#4305302448
1t
0s
0r
1y
1c
0i
#4305303057
0t
0s
0r
1y
1c
0i
#4305303445
1t
0s
0r
1y
1c
0i
#4305304050
0t
0s
0r
1y
1c
0i
#4305304439
1t
0s
0r
1y
1c
0i
#4305305046
0t
0s
0r
1y
1c
0i
#4305305435
1t
0s
0r
1y
1c
0i
#4305306044
0t
0s
0r
1y
1c
0i
#4305306434
1t
0s
0r
1y
1c
0i
#4305307039
0t
0s
0r
1y
0c
0i
#4305307431
1t
0s
0r
1y
0c
1i
#4305308040
0t
0s
0r
1y
0c
1i
#4305308431
1t
0s
0r
1y
0c
1i
#4305309044
0t
0s
0r
1y
0c
1i
#4305309435
1t
0s
0r
1y
0c
1i
#4305310046
0t
0s
0r
1y
0c
1i
#4305310439
1t
0s
0r
1y
0c
1i
#4305311053
0t
0s
0r
1y
0c
1i
#4305311446
1t
0s
0r
1y
0c
1i
#4305312064
0t
0s
0r
1y
0c
1i
#4305312456
1t
0s
0r
1y
0c
1i
#4305313070
0t
0s
0r
1y
0c
0i
#4305313463
1t
0s
0r
1y
0c
0i
#4305314078
0t
0s
0r
1y
0c
0i
#4305314470
1t
0s
0r
1y
0c
0i
#4305315087
0t
0s
0r
1y
0c
0i
#4305315478
1t
0s
0r
1y
0c
0i
#4305316088
0t
0s
0r
1y
0c
0i
#4305316481
1t
0s
0r
1y
0c
0i
#4305317090
0t
0s
0r
1y
0c
0i
#4305317480
1t
0s
0r
1y
0c
0i
#4305318089
0t
0s
0r
1y
0c
0i
#4305318476
1t
0s
0r
1y
0c
0i
#4305319080
0t
0s
0r
1y
0c
0i
#4305319466
1t
0s
0r
1y
0c
0i
#4305320068
0t
0s
0r
1y
0c
0i
#4305320452
1t
0s
0r
1y
0c
0i
#4305321055
0t
0s
0r
1y
0c
0i
#4305321437
1t
0s
0r
1y
0c
0i
#4305322035
0t
0s
0r
1y
0c
0i
#4305322418
1t
0s
0r
1y
0c
0i
#4305323017
0t
0s
0r
1y
0c
0i
#4305323400
1t
0s
0r
1y
0c
0i
#4305324002
0t
0s
0r
1y
0c
0i
#4305324382
1t
0s
0r
1y
0c
0i
#4305324981
0t
0s
0r
1y
0c
0i
#4305325364
1t
0s
0r
1y
0c
0i
#4305325962
0t
0s
0r
1y
0c
0i
#4305326346
1t
0s
0r
1y
0c
0i
#4305326946
0t
0s
0r
1y
0c
0i
#4305327330
1t
0s
0r
1y
0c
0i
#4305327927
0t
0s
0r
1y
0c
0i
#4305328311
1t
0s
0r
1y
0c
0i
#4305328910
0t
0s
0r
1y
0c
0i
#4305329294
1t
0s
0r
1y
0c
0i
#4305329895
0t
0s
0r
1y
0c
0i
#4305330278
1t
0s
0r
1y
0c
0i
#4305330875
0t
0s
0r
1y
0c
0i
#4305331260
1t
0s
0r
1y
0c
0i
#4305331858
0t
0s
0r
1y
0c
0i
#4305332243
1t
0s
0r
1y
0c
0i
#4305332843
0t
0s
0r
1y
0c
0i
#4305333227
1t
0s
0r
1y
0c
0i
#4305333824
0t
0s
0r
1y
0c
0i
#4305334209
1t
0s
0r
1y
0c
0i
#4305334808
0t
0s
0r
1y
0c
0i
#4305335193
1t
0s
0r
1y
0c
0i
#4305335793
0t
0s
0r
1y
0c
0i
#4305336180
1t
0s
0r
1y
0c
0i
#4305336776
0t
0s
0r
1y
0c
0i
#4305337165
1t
0s
0r
1y
0c
1i
#4305337765
0t
0s
0r
1y
1c
1i
#4305338153
1t
0s
0r
1y
1c
1i
#4305338758
0t
0s
0r
1y
1c
1i
#4305339145
1t
0s
0r
1y
1c
1i
#4305339748
0t
0s
0r
1y
1c
1i
#4305340137
1t
0s
0r
1y
1c
1i
#4305340743
0t
0s
0r
1y
1c
1i
#4305341132
1t
0s
0r
1y
1c
1i
#4305341742
0t
0s
0r
1y
1c
1i
#4305342130
1t
0s
0r
1y
1c
1i
#4305342735
0t
0s
0r
1y
1c
0i
#4305343125
1t
0s
0r
1y
1c
0i
#4305343732
0t
0s
0r
1y
1c
0i
#4305344121
1t
0s
0r
1y
1c
0i
#4305344730
0t
0s
0r
1y
1c
0i
#4305345118
1t
0s
0r
1y
1c
0i
#4305345721
0t
0s
0r
1y
1c
0i
#4305346112
1t
0s
0r
1y
1c
0i
#4305346715
0t
0s
0r
1y
1c
0i
#4305347105
1t
0s
0r
1y
1c
0i
#4305347710
0t
0s
0r
1y
1c
0i
#4305348098
1t
0s
0r
1y
1c
0i
#4305348697
0t
0s
0r
1y
1c
0i
#4305349086
1t
0s
0r
1y
1c
0i
#4305349685
0t
0s
0r
1y
1c
0i
#4305350071
1t
0s
0r
1y
1c
0i
#4305350670
0t
0s
0r
1y
1c
0i
#4305351057
1t
0s
0r
1y
1c
0i
#4305351650
0t
0s
0r
1y
1c
0i
#4305352037
1t
0s
0r
1y
1c
0i
#4305352630
0t
0s
0r
1y
1c
0i
#4305353015
1t
0s
0r
1y
1c
0i
#4305353610
0t
0s
0r
1y
1c
0i
#4305353994
1t
0s
0r
1y
1c
0i
#4305355539
0t
0s
0r
1y
1c
0i
#4305356637
1t
0s
0r
1y
1c
0i
#4305357521
0t
0s
0r
1y
1c
0i
#4305357892
1t
0s
0r
1y
1c
0i
#4305358487
0t
0s
0r
1y
1c
0i
#4305358868
1t
0s
0r
1y
1c
0i
#4305359460
0t
0s
0r
1y
1c
0i
#4305359841
1t
0s
0r
1y
1c
0i
#4305360432
0t
0s
0r
1y
1c
0i
#4305360816
1t
0s
0r
1y
1c
0i
#4305361407
0t
0s
0r
1y
1c
0i
#4305361788
1t
0s
0r
1y
1c
0i
#4305362382
0t
0s
0r
1y
1c
0i
#4305362762
1t
0s
0r
1y
1c
0i
#4305363353
0t
0s
0r
1y
1c
0i
#4305363735
1t
0s
0r
1y
1c
0i
#4305364327
0t
0s
0r
1y
1c
0i
#4305364708
1t
0s
0r
1y
1c
0i
#4305365302
0t
0s
0r
1y
1c
0i
#4305365684
1t
0s
0r
1y
1c
0i
#4305366275
0t
0s
0r
1y
1c
1i
#4305366659
1t
0s
0r
1y
1c
1i
#4305367253
0t
0s
0r
1y
0c
1i
#4305367637
1t
0s
0r
1y
0c
1i
#4305368235
0t
0s
0r
1y
0c
1i
#4305368617
1t
0s
0r
1y
0c
1i
#4305369214
0t
0s
0r
1y
0c
1i
#4305369598
1t
0s
0r
1y
0c
1i
#4305370197
0t
0s
0r
1y
0c
1i
#4305370583
1t
0s
0r
1y
0c
1i
#4305371093
1t
0s
1r
1y
0c
0i
#4305371095
1t
0s
0r
1y
0c
0i
#4305371184
0t
0s
0r
1y
0c
0i
#4305371569
1t
0s
0r
1y
0c
0i
#4305372167
0t
0s
0r
1y
0c
0i
#4305372552
1t
0s
0r
1y
0c
0i
#4305373152
0t
0s
0r
1y
0c
0i
#4305373536
1t
0s
0r
1y
0c
0i
#4305374138
0t
0s
0r
1y
0c
0i
#4305374521
1t
0s
0r
1y
0c
0i
#4305375118
0t
0s
0r
1y
0c
0i
#4305375503
1t
0s
0r
1y
0c
0i
#4305376100
0t
0s
0r
1y
0c
0i
#4305376484
1t
0s
0r
1y
0c
0i
#4305377083
0t
0s
0r
1y
0c
0i
#4305377465
1t
0s
0r
1y
0c
0i
#4305378060
0t
0s
0r
1y
0c
0i
#4305378441
1t
0s
0r
1y
0c
0i
#4305379036
0t
0s
0r
1y
0c
0i
#4305379416
1t
0s
0r
1y
0c
0i
#4305380012
0t
0s
0r
1y
0c
0i
#4305380390
1t
0s
0r
1y
0c
0i
#4305380980
0t
0s
0r
1y
0c
0i
#4305381360
1t
0s
0r
1y
0c
0i
#4305381951
0t
0s
0r
1y
0c
0i
#4305382328
1t
0s
0r
1y
0c
0i
#4305382920
0t
0s
0r
1y
0c
0i
#4305383297
1t
0s
0r
1y
0c
0i
#4305383885
0t
0s
0r
1y
0c
0i
#4305384263
1t
0s
0r
1y
0c
0i
#4305384851
0t
0s
0r
1y
0c
0i
#4305385230
1t
0s
0r
1y
0c
0i
#4305385820
0t
0s
0r
1y
0c
0i
#4305386198
1t
0s
0r
1y
0c
0i
#4305386783
0t
0s
0r
1y
0c
0i
#4305387162
1t
0s
0r
1y
0c
0i
#4305387750
0t
0s
0r
1y
0c
0i
#4305388128
1t
0s
0r
1y
0c
0i
#4305388717
0t
0s
0r
1y
0c
0i
#4305389094
1t
0s
0r
1y
0c
0i
#4305389680
0t
0s
0r
1y
0c
0i
#4305390059
1t
0s
0r
1y
0c
0i
#4305390645
0t
0s
0r
1y
0c
0i
#4305391024
1t
0s
0r
1y
0c
0i
#4305391613
0t
0s
0r
1y
0c
0i
#4305391990
1t
0s
0r
1y
0c
0i
#4305392575
0t
0s
0r
1y
0c
0i
#4305392955
1t
0s
0r
1y
0c
0i
#4305393542
0t
0s
0r
1y
0c
0i
#4305393921
1t
0s
0r
1y
0c
0i
#4305394509
0t
0s
0r
1y
0c
0i
#4305394890
1t
0s
0r
1y
0c
0i
#4305395475
0t
0s
0r
1y
0c
1i
#4305395857
1t
0s
0r
1y
0c
1i
#4305396445
0t
0s
0r
1y
0c
1i
#4305396827
1t
0s
0r
1y
1c
1i
#4305397419
0t
0s
0r
1y
1c
1i
#4305397800
1t
0s
0r
1y
1c
1i
#4305398391
0t
0s
0r
1y
1c
1i
#4305398774
1t
0s
0r
1y
1c
1i
#4305399367
0t
0s
0r
1y
1c
1i
#4305399750
1t
0s
0r
1y
1c
1i
#4305400347
0t
0s
0r
1y
1c
0i
#4305400729
1t
0s
0r
1y
1c
0i
#4305401321
0t
0s
0r
1y
1c
0i
#4305401705
1t
0s
0r
1y
1c
0i
#4305402299
0t
0s
0r
1y
1c
0i
#4305402681
1t
0s
0r
1y
1c
0i
#4305403277
0t
0s
0r
1y
1c
0i
#4305403659
1t
0s
0r
1y
1c
0i
#4305404250
0t
0s
0r
1y
1c
0i
#4305404634
1t
0s
0r
1y
1c
0i
#4305405225
0t
0s
0r
1y
1c
0i
#4305405608
1t
0s
0r
1y
1c
0i
#4305406201
0t
0s
0r
1y
1c
0i
#4305406583
1t
0s
0r
1y
1c
0i
#4305407171
0t
0s
0r
1y
1c
0i
#4305407553
1t
0s
0r
1y
1c
0i
#4305408141
0t
0s
0r
1y
1c
0i
#4305408522
1t
0s
0r
1y
1c
0i
#4305409110
0t
0s
0r
1y
1c
0i
#4305409490
1t
0s
0r
1y
1c
0i
#4305410074
0t
0s
0r
1y
1c
0i
#4305410454
1t
0s
0r
1y
1c
0i
#4305411037
0t
0s
0r
1y
1c
0i
#4305411417
1t
0s
0r
1y
1c
0i
#4305412002
0t
0s
0r
1y
1c
0i
#4305412379
1t
0s
0r
1y
1c
0i
#4305413898
0t
0s
0r
1y
1c
0i
#4305414979
1t
0s
0r
1y
1c
0i
#4305415849
0t
0s
0r
1y
1c
0i
#4305416214
1t
0s
0r
1y
1c
0i
#4305416799
0t
0s
0r
1y
1c
0i
#4305417174
1t
0s
0r
1y
1c
0i
#4305417756
0t
0s
0r
1y
1c
0i
#4305418132
1t
0s
0r
1y
1c
0i
#4305418714
0t
0s
0r
1y
1c
0i
#4305419091
1t
0s
0r
1y
1c
0i
#4305419673
0t
0s
0r
1y
1c
0i
#4305420049
1t
0s
0r
1y
1c
0i
#4305420632
0t
0s
0r
1y
1c
0i
#4305421007
1t
0s
0r
1y
1c
0i
#4305421588
0t
0s
0r
1y
1c
0i
#4305421964
1t
0s
0r
1y
1c
0i
#4305422547
0t
0s
0r
1y
1c
0i
#4305422922
1t
0s
0r
1y
1c
0i
#4305423507
0t
0s
0r
1y
1c
0i
#4305423883
1t
0s
0r
1y
1c
0i
#4305424464
0t
0s
0r
1y
1c
1i
#4305424843
1t
0s
0r
1y
1c
1i
#4305425426
0t
0s
0r
1y
1c
1i
#4305425804
1t
0s
0r
1y
1c
1i
#4305426392
0t
0s
0r
1y
0c
1i
#4305426770
1t
0s
0r
1y
0c
1i
#4305427355
0t
0s
0r
1y
0c
1i
#4305427735
1t
0s
0r
1y
0c
1i
#4305428323
0t
0s
0r
1y
0c
1i
#4305428703
1t
0s
0r
1y
0c
1i
#4305429294
0t
0s
0r
1y
0c
0i
#4305429673
1t
0s
0r
1y
0c
0i
#4305430261
0t
0s
0r
1y
0c
0i
#4305430641
1t
0s
0r
1y
0c
0i
#4305431229
0t
0s
0r
1y
0c
0i
#4305431608
1t
0s
0r
1y
0c
0i
#4305432200
0t
0s
0r
1y
0c
0i
#4305432577
1t
0s
0r
1y
0c
0i
#4305433163
0t
0s
0r
1y
0c
0i
#4305433544
1t
0s
0r
1y
0c
0i
#4305434131
0t
0s
0r
1y
0c
0i
#4305434509
1t
0s
0r
1y
0c
0i
#4305435098
0t
0s
0r
1y
0c
0i
#4305435474
1t
0s
0r
1y
0c
0i
#4305436060
0t
0s
0r
1y
0c
0i
#4305436436
1t
0s
0r
1y
0c
0i
#4305437021
0t
0s
0r
1y
0c
0i
#4305437396
1t
0s
0r
1y
0c
0i
#4305437982
0t
0s
0r
1y
0c
0i
#4305438354
1t
0s
0r
1y
0c
0i
#4305438935
0t
0s
0r
1y
0c
0i
#4305439308
1t
0s
0r
1y
0c
0i
#4305439889
0t
0s
0r
1y
0c
0i
#4305440262
1t
0s
0r
1y
0c
0i
#4305440844
0t
0s
0r
1y
0c
0i
#4305441215
1t
0s
0r
1y
0c
0i
#4305441794
0t
0s
0r
1y
0c
0i
#4305442167
1t
0s
0r
1y
0c
0i
#4305442744
0t
0s
0r
1y
0c
0i
#4305443119
1t
0s
0r
1y
0c
0i
#4305443699
0t
0s
0r
1y
0c
0i
#4305444071
1t
0s
0r
1y
0c
0i
#4305444648
0t
0s
0r
1y
0c
0i
#4305445021
1t
0s
0r
1y
0c
0i
#4305445599
0t
0s
0r
1y
0c
0i
#4305445973
1t
0s
0r
1y
0c
0i
#4305446553
0t
0s
0r
1y
0c
0i
#4305446925
1t
0s
0r
1y
0c
0i
#4305447502
0t
0s
0r
1y
0c
0i
#4305447876
1t
0s
0r
1y
0c
0i
#4305448453
0t
0s
0r
1y
0c
0i
#4305448827
1t
0s
0r
1y
0c
0i
#4305449407
0t
0s
0r
1y
0c
0i
#4305449780
1t
0s
0r
1y
0c
0i
#4305450356
0t
0s
0r
1y
0c
0i
#4305450731
1t
0s
0r
1y
0c
0i
#4305451309
0t
0s
0r
1y
0c
0i
#4305451684
1t
0s
0r
1y
0c
0i
#4305452263
0t
0s
0r
1y
0c
0i
#4305452639
1t
0s
0r
1y
0c
0i
#4305453215
0t
0s
0r
1y
0c
1i
#4305453592
1t
0s
0r
1y
0c
1i
#4305454172
0t
0s
0r
1y
0c
1i
#4305454548
1t
0s
0r
1y
0c
1i
#4305455132
0t
0s
0r
1y
1c
1i
#4305455507
1t
0s
0r
1y
1c
1i
#4305456089
0t
0s
0r
1y
1c
1i
#4305456467
1t
0s
0r
1y
1c
1i
#4305457051
0t
0s
0r
1y
1c
1i
#4305457428
1t
0s
0r
1y
1c
1i
#4305458016
0t
0s
0r
1y
1c
0i
#4305458392
1t
0s
0r
1y
1c
0i
#4305458975
0t
0s
0r
1y
1c
0i
#4305459353
1t
0s
0r
1y
1c
0i
#4305459937
0t
0s
0r
1y
1c
0i
#4305460315
1t
0s
0r
1y
1c
0i
#4305460901
0t
0s
0r
1y
1c
0i
#4305461278
1t
0s
0r
1y
1c
0i
#4305461859
0t
0s
0r
1y
1c
0i
#4305462238
1t
0s
0r
1y
1c
0i
#4305462820
0t
0s
0r
1y
1c
0i
#4305463199
1t
0s
0r
1y
1c
0i
#4305463784
0t
0s
0r
1y
1c
0i
#4305464161
1t
0s
0r
1y
1c
0i
#4305464741
0t
0s
0r
1y
1c
0i
#4305465121
1t
0s
0r
1y
1c
0i
#4305465702
0t
0s
0r
1y
1c
0i
#4305466080
1t
0s
0r
1y
1c
0i
#4305466663
0t
0s
0r
1y
1c
0i
#4305467041
1t
0s
0r
1y
1c
0i
#4305467619
0t
0s
0r
1y
1c
0i
#4305467998
1t
0s
0r
1y
1c
0i
#4305468577
0t
0s
0r
1y
1c
0i
#4305468954
1t
0s
0r
1y
1c
0i
#4305469534
0t
0s
0r
1y
1c
0i
#4305469910
1t
0s
0r
1y
1c
0i
#4305471418
0t
0s
0r
1y
1c
0i
#4305472492
1t
0s
0r
1y
1c
0i
#4305473353
0t
0s
0r
1y
1c
0i
#4305473717
1t
0s
0r
1y
1c
0i
#4305474296
0t
0s
0r
1y
1c
0i
#4305474668
1t
0s
0r
1y
1c
0i
#4305475245
0t
0s
0r
1y
1c
0i
#4305475618
1t
0s
0r
1y
1c
0i
#4305476195
0t
0s
0r
1y
1c
0i
#4305476569
1t
0s
0r
1y
1c
0i
#4305477145
0t
0s
0r
1y
1c
0i
#4305477518
1t
0s
0r
1y
1c
0i
#4305478097
0t
0s
0r
1y
1c
0i
#4305478468
1t
0s
0r
1y
1c
0i
#4305479044
0t
0s
0r
1y
1c
0i
#4305479417
1t
0s
0r
1y
1c
0i
#4305479994
0t
0s
0r
1y
1c
0i
#4305480366
1t
0s
0r
1y
1c
0i
#4305480945
0t
0s
0r
1y
1c
0i
#4305481319
1t
0s
0r
1y
1c
0i
#4305481894
0t
0s
0r
1y
1c
1i
#4305482270
1t
0s
0r
1y
1c
1i
#4305482847
0t
0s
0r
1y
1c
1i
#4305483223
1t
0s
0r
1y
1c
1i
#4305483805
0t
0s
0r
1y
0c
1i
#4305484179
1t
0s
0r
1y
0c
1i
#4305484759
0t
0s
0r
1y
0c
1i
#4305485135
1t
0s
0r
1y
0c
1i
#4305485717
0t
0s
0r
1y
0c
1i
#4305486094
1t
0s
0r
1y
0c
1i
#4305486339
1t
0s
1r
1y
0c
0i
#4305486342
1t
0s
0r
1y
0c
0i
#4305486679
0t
0s
0r
1y
0c
0i
#4305487055
1t
0s
0r
1y
0c
0i
#4305487636
0t
0s
0r
1y
0c
0i
#4305488013
1t
0s
0r
1y
0c
0i
#4305488595
0t
0s
0r
1y
0c
0i
#4305488970
1t
0s
0r
1y
0c
0i
#4305489555
0t
0s
0r
1y
0c
0i
#4305489929
1t
0s
0r
1y
0c
0i
#4305490509
0t
0s
0r
1y
0c
0i
#4305490886
1t
0s
0r
1y
0c
0i
#4305491465
0t
0s
0r
1y
0c
0i
#4305491841
1t
0s
0r
1y
0c
0i
#4305492423
0t
0s
0r
1y
0c
0i
#4305492796
1t
0s
0r
1y
0c
0i
#4305493374
0t
0s
0r
1y
0c
0i
#4305493747
1t
0s
0r
1y
0c
0i
#4305494326
0t
0s
0r
1y
0c
0i
#4305494698
1t
0s
0r
1y
0c
0i
#4305495277
0t
0s
0r
1y
0c
0i
#4305495647
1t
0s
0r
1y
0c
0i
#4305496221
0t
0s
0r
1y
0c
0i
#4305496591
1t
0s
0r
1y
0c
0i
#4305497166
0t
0s
0r
1y
0c
0i
#4305497535
1t
0s
0r
1y
0c
0i
#4305498112
0t
0s
0r
1y
0c
0i
#4305498480
1t
0s
0r
1y
0c
0i
#4305499052
0t
0s
0r
1y
0c
0i
#4305499422
1t
0s
0r
1y
0c
0i
#4305499994
0t
0s
0r
1y
0c
0i
#4305500365
1t
0s
0r
1y
0c
0i
#4305500939
0t
0s
0r
1y
0c
0i
#4305501309
1t
0s
0r
1y
0c
0i
#4305501879
0t
0s
0r
1y
0c
0i
#4305502250
1t
0s
0r
1y
0c
0i
#4305502822
0t
0s
0r
1y
0c
0i
#4305503192
1t
0s
0r
1y
0c
0i
#4305503766
0t
0s
0r
1y
0c
0i
#4305504136
1t
0s
0r
1y
0c
0i
#4305504706
0t
0s
0r
1y
0c
0i
#4305505078
1t
0s
0r
1y
0c
0i
#4305505648
0t
0s
0r
1y
0c
0i
#4305506020
1t
0s
0r
1y
0c
0i
#4305506593
0t
0s
0r
1y
0c
0i
#4305506963
1t
0s
0r
1y
0c
0i
#4305507533
0t
0s
0r
1y
0c
0i
#4305507904
1t
0s
0r
1y
0c
0i
#4305508476
0t
0s
0r
1y
0c
0i
#4305508847
1t
0s
0r
1y
0c
0i
#4305509420
0t
0s
0r
1y
0c
0i
#4305509793
1t
0s
0r
1y
0c
0i
#4305510362
0t
0s
0r
1y
0c
1i
#4305510736
1t
0s
0r
1y
0c
1i
#4305511309
0t
0s
0r
1y
0c
1i
#4305511681
1t
0s
0r
1y
0c
1i
#4305512258
0t
0s
0r
1y
1c
1i
#4305512630
1t
0s
0r
1y
1c
1i
#4305513204
0t
0s
0r
1y
1c
1i
#4305513579
1t
0s
0r
1y
1c
1i
#4305514155
0t
0s
0r
1y
1c
1i
#4305514529
1t
0s
0r
1y
1c
1i
#4305515109
0t
0s
0r
1y
1c
0i
#4305515482
1t
0s
0r
1y
1c
0i
#4305516058
0t
0s
0r
1y
1c
0i
#4305516433
1t
0s
0r
1y
1c
0i
#4305517010
0t
0s
0r
1y
1c
0i
#4305517384
1t
0s
0r
1y
1c
0i
#4305517963
0t
0s
0r
1y
1c
0i
#4305518336
1t
0s
0r
1y
1c
0i
#4305518911
0t
0s
0r
1y
1c
0i
#4305519287
1t
0s
0r
1y
1c
0i
#4305519862
0t
0s
0r
1y
1c
0i
#4305520238
1t
0s
0r
1y
1c
0i
#4305520816
0t
0s
0r
1y
1c
0i
#4305521191
1t
0s
0r
1y
1c
0i
#4305521766
0t
0s
0r
1y
1c
0i
#4305522141
1t
0s
0r
1y
1c
0i
#4305522717
0t
0s
0r
1y
1c
0i
#4305523093
1t
0s
0r
1y
1c
0i
#4305523670
0t
0s
0r
1y
1c
0i
#4305524046
1t
0s
0r
1y
1c
0i
#4305524619
0t
0s
0r
1y
1c
0i
#4305524996
1t
0s
0r
1y
1c
0i
#4305525570
0t
0s
0r
1y
1c
0i
#4305525945
1t
0s
0r
1y
1c
0i
#4305526521
0t
0s
0r
1y
1c
0i
#4305526894
1t
0s
0r
1y
1c
0i
#4305528391
0t
0s
0r
1y
1c
0i
#4305529457
1t
0s
0r
1y
1c
0i
#4305530311
0t
0s
0r
1y
1c
0i
#4305530672
1t
0s
0r
1y
1c
0i
#4305531246
0t
0s
0r
1y
1c
0i
#4305531616
1t
0s
0r
1y
1c
0i
#4305532188
0t
0s
0r
1y
1c
0i
#4305532558
1t
0s
0r
1y
1c
0i
#4305533129
0t
0s
0r
1y
1c
0i
#4305533501
1t
0s
0r
1y
1c
0i
#4305534071
0t
0s
0r
1y
1c
0i
#4305534442
1t
0s
0r
1y
1c
0i
#4305535015
0t
0s
0r
1y
1c
0i
#4305535384
1t
0s
0r
1y
1c
0i
#4305535954
0t
0s
0r
1y
1c
0i
#4305536324
1t
0s
0r
1y
1c
0i
#4305536896
0t
0s
0r
1y
1c
0i
#4305537266
1t
0s
0r
1y
1c
0i
#4305537839
0t
0s
0r
1y
1c
0i
#4305538210
1t
0s
0r
1y
1c
0i
#4305538781
0t
0s
0r
1y
1c
1i
#4305539153
1t
0s
0r
1y
1c
1i
#4305539726
0t
0s
0r
1y
1c
1i
#4305540098
1t
0s
0r
1y
1c
1i
#4305540675
0t
0s
0r
1y
0c
1i
#4305541047
1t
0s
0r
1y
0c
1i
#4305541622
0t
0s
0r
1y
0c
1i
#4305541995
1t
0s
0r
1y
0c
1i
#4305542572
0t
0s
0r
1y
0c
1i
#4305542946
1t
0s
0r
1y
0c
1i
#4305543527
0t
0s
0r
1y
0c
0i
#4305543899
1t
0s
0r
1y
0c
0i
#4305544476
0t
0s
0r
1y
0c
0i
#4305544850
1t
0s
0r
1y
0c
0i
#4305545428
0t
0s
0r
1y
0c
0i
#4305545800
1t
0s
0r
1y
0c
0i
#4305546381
0t
0s
0r
1y
0c
0i
#4305546752
1t
0s
0r
1y
0c
0i
#4305547328
0t
0s
0r
1y
0c
0i
#4305547703
1t
0s
0r
1y
0c
0i
#4305548279
0t
0s
0r
1y
0c
0i
#4305548652
1t
0s
0r
1y
0c
0i
#4305549231
0t
0s
0r
1y
0c
0i
#4305549602
1t
0s
0r
1y
0c
0i
#4305550178
0t
0s
0r
1y
0c
0i
#4305550550
1t
0s
0r
1y
0c
0i
#4305551126
0t
0s
0r
1y
0c
0i
#4305551497
1t
0s
0r
1y
0c
0i
#4305552075
0t
0s
0r
1y
0c
0i
#4305552443
1t
0s
0r
1y
0c
0i
#4305553016
0t
0s
0r
1y
0c
0i
#4305553386
1t
0s
0r
1y
0c
0i
#4305553960
0t
0s
0r
1y
0c
0i
#4305554328
1t
0s
0r
1y
0c
0i
#4305554904
0t
0s
0r
1y
0c
0i
#4305555271
1t
0s
0r
1y
0c
0i
#4305555842
0t
0s
0r
1y
0c
0i
#4305556211
1t
0s
0r
1y
0c
0i
#4305556782
0t
0s
0r
1y
0c
0i
#4305557152
1t
0s
0r
1y
0c
0i
#4305557724
0t
0s
0r
1y
0c
0i
#4305558093
1t
0s
0r
1y
0c
0i
#4305558661
0t
0s
0r
1y
0c
0i
#4305559031
1t
0s
0r
1y
0c
0i
#4305559601
0t
0s
0r
1y
0c
0i
#4305559970
1t
0s
0r
1y
0c
0i
#4305560542
0t
0s
0r
1y
0c
0i
#4305560910
1t
0s
0r
1y
0c
0i
#4305561478
0t
0s
0r
1y
0c
0i
#4305561849
1t
0s
0r
1y
0c
0i
#4305562418
0t
0s
0r
1y
0c
0i
#4305562788
1t
0s
0r
1y
0c
0i
#4305563359
0t
0s
0r
1y
0c
0i
#4305563728
1t
0s
0r
1y
0c
0i
#4305564295
0t
0s
0r
1y
0c
0i
#4305564666
1t
0s
0r
1y
0c
0i
#4305565235
0t
0s
0r
1y
0c
0i
#4305565605
1t
0s
0r
1y
0c
0i
#4305566176
0t
0s
0r
1y
0c
0i
#4305566547
1t
0s
0r
1y
0c
0i
#4305567115
0t
0s
0r
1y
0c
1i
#4305567488
1t
0s
0r
1y
0c
1i
#4305568058
0t
0s
0r
1y
0c
1i
#4305568430
1t
0s
0r
1y
0c
1i
#4305569005
0t
0s
0r
1y
1c
1i
#4305569376
1t
0s
0r
1y
1c
1i
#4305569949
0t
0s
0r
1y
1c
1i
#4305570322
1t
0s
0r
1y
1c
1i
#4305570897
0t
0s
0r
1y
1c
1i
#4305571270
1t
0s
0r
1y
1c
1i
#4305571849
0t
0s
0r
1y
1c
0i
#4305572221
1t
0s
0r
1y
1c
0i
#4305572795
0t
0s
0r
1y
1c
0i
#4305573169
1t
0s
0r
1y
1c
0i
#4305573745
0t
0s
0r
1y
1c
0i
#4305574118
1t
0s
0r
1y
1c
0i
#4305574696
0t
0s
0r
1y
1c
0i
#4305575068
1t
0s
0r
1y
1c
0i
#4305575641
0t
0s
0r
1y
1c
0i
#4305576016
1t
0s
0r
1y
1c
0i
#4305576590
0t
0s
0r
1y
1c
0i
#4305576965
1t
0s
0r
1y
1c
0i
#4305577542
0t
0s
0r
1y
1c
0i
#4305577915
1t
0s
0r
1y
1c
0i
#4305578489
0t
0s
0r
1y
1c
0i
#4305578864
1t
0s
0r
1y
1c
0i
#4305579438
0t
0s
0r
1y
1c
0i
#4305579813
1t
0s
0r
1y
1c
0i
#4305580390
0t
0s
0r
1y
1c
0i
#4305580764
1t
0s
0r
1y
1c
0i
#4305581337
0t
0s
0r
1y
1c
0i
#4305581713
1t
0s
0r
1y
1c
0i
#4305582286
0t
0s
0r
1y
1c
0i
#4305582661
1t
0s
0r
1y
1c
0i
#4305583236
0t
0s
0r
1y
1c
0i
#4305583609
1t
0s
0r
1y
1c
0i
#4305585104
0t
0s
0r
1y
1c
0i
#4305586168
1t
0s
0r
1y
1c
0i
#4305587021
0t
0s
0r
1y
1c
0i
#4305587381
1t
0s
0r
1y
1c
0i
#4305587955
0t
0s
0r
1y
1c
0i
#4305588324
1t
0s
0r
1y
1c
0i
#4305588895
0t
0s
0r
1y
1c
0i
#4305589265
1t
0s
0r
1y
1c
0i
#4305589834
0t
0s
0r
1y
1c
0i
#4305590206
1t
0s
0r
1y
1c
0i
#4305590776
0t
0s
0r
1y
1c
0i
#4305591146
1t
0s
0r
1y
1c
0i
#4305591718
0t
0s
0r
1y
1c
0i
#4305592087
1t
0s
0r
1y
1c
0i
#4305592655
0t
0s
0r
1y
1c
0i
#4305593026
1t
0s
0r
1y
1c
0i
#4305593596
0t
0s
0r
1y
1c
0i
#4305593966
1t
0s
0r
1y
1c
0i
#4305594539
0t
0s
0r
1y
1c
0i
#4305594910
1t
0s
0r
1y
1c
1i
#4305595479
0t
0s
0r
1y
1c
1i
#4305595852
1t
0s
0r
1y
1c
1i
#4305596424
0t
0s
0r
1y
1c
1i
#4305596796
1t
0s
0r
1y
1c
1i
#4305597372
0t
0s
0r
1y
0c
1i
#4305597743
1t
0s
0r
1y
0c
1i
#4305598318
0t
0s
0r
1y
0c
1i
#4305598691
1t
0s
0r
1y
0c
1i
#4305599267
0t
0s
0r
1y
0c
1i
#4305599641
1t
0s
0r
1y
0c
0i
#4305599756
1t
0s
1r
1y
0c
0i
#4305599758
1t
0s
0r
1y
0c
0i
#4305600220
0t
0s
0r
1y
0c
0i
#4305600593
1t
0s
0r
1y
0c
0i
#4305601168
0t
0s
0r
1y
0c
0i
#4305601542
1t
0s
0r
1y
0c
0i
#4305602119
0t
0s
0r
1y
0c
0i
#4305602491
1t
0s
0r
1y
0c
0i
#4305603070
0t
0s
0r
1y
0c
0i
#4305603442
1t
0s
0r
1y
0c
0i
#4305604016
0t
0s
0r
1y
0c
0i
#4305604390
1t
0s
0r
1y
0c
0i
#4305604964
0t
0s
0r
1y
0c
0i
#4305605336
1t
0s
0r
1y
0c
0i
#4305605912
0t
0s
0r
1y
0c
0i
#4305606282
1t
0s
0r
1y
0c
0i
#4305606853
0t
0s
0r
1y
0c
0i
#4305607223
1t
0s
0r
1y
0c
0i
#4305607794
0t
0s
0r
1y
0c
0i
#4305608161
1t
0s
0r
1y
0c
0i
#4305608733
0t
0s
0r
1y
0c
0i
#4305609098
1t
0s
0r
1y
0c
0i
#4305609664
0t
0s
0r
1y
0c
0i
#4305610031
1t
0s
0r
1y
0c
0i
#4305610597
0t
0s
0r
1y
0c
0i
#4305610963
1t
0s
0r
1y
0c
0i
#4305611531
0t
0s
0r
1y
0c
0i
#4305611895
1t
0s
0r
1y
0c
0i
#4305612460
0t
0s
0r
1y
0c
0i
#4305612826
1t
0s
0r
1y
0c
0i
#4305613390
0t
0s
0r
1y
0c
0i
#4305613758
1t
0s
0r
1y
0c
0i
#4305614324
0t
0s
0r
1y
0c
0i
#4305614690
1t
0s
0r
1y
0c
0i
#4305615253
0t
0s
0r
1y
0c
0i
#4305615620
1t
0s
0r
1y
0c
0i
#4305616185
0t
0s
0r
1y
0c
0i
#4305616552
1t
0s
0r
1y
0c
0i
#4305617119
0t
0s
0r
1y
0c
0i
#4305617485
1t
0s
0r
1y
0c
0i
#4305618048
0t
0s
0r
1y
0c
0i
#4305618416
1t
0s
0r
1y
0c
0i
#4305618980
0t
0s
0r
1y
0c
0i
#4305619347
1t
0s
0r
1y
0c
0i
#4305619914
0t
0s
0r
1y
0c
0i
#4305620280
1t
0s
0r
1y
0c
0i
#4305620842
0t
0s
0r
1y
0c
0i
#4305621210
1t
0s
0r
1y
0c
0i
#4305621774
0t
0s
0r
1y
0c
0i
#4305622142
1t
0s
0r
1y
0c
0i
#4305622708
0t
0s
0r
1y
0c
0i
#4305623076
1t
0s
0r
1y
0c
1i
#4305623639
0t
0s
0r
1y
0c
1i
#4305624008
1t
0s
0r
1y
0c
1i
#4305624573
0t
0s
0r
1y
0c
1i
#4305624942
1t
0s
0r
1y
0c
1i
#4305625512
0t
0s
0r
1y
1c
1i
#4305625880
1t
0s
0r
1y
1c
1i
#4305626446
0t
0s
0r
1y
1c
1i
#4305626817
1t
0s
0r
1y
1c
1i
#4305627386
0t
0s
0r
1y
1c
1i
#4305627756
1t
0s
0r
1y
1c
0i
#4305628328
0t
0s
0r
1y
1c
0i
#4305628697
1t
0s
0r
1y
1c
0i
#4305629266
0t
0s
0r
1y
1c
0i
#4305629636
1t
0s
0r
1y
1c
0i
#4305630206
0t
0s
0r
1y
1c
0i
#4305630576
1t
0s
0r
1y
1c
0i
#4305631148
0t
0s
0r
1y
1c
0i
#4305631517
1t
0s
0r
1y
1c
0i
#4305632084
0t
0s
0r
1y
1c
0i
#4305632457
1t
0s
0r
1y
1c
0i
#4305633025
0t
0s
0r
1y
1c
0i
#4305633397
1t
0s
0r
1y
1c
0i
#4305633968
0t
0s
0r
1y
1c
0i
#4305634339
1t
0s
0r
1y
1c
0i
#4305634907
0t
0s
0r
1y
1c
0i
#4305635279
1t
0s
0r
1y
1c
0i
#4305635849
0t
0s
0r
1y
1c
0i
#4305636221
1t
0s
0r
1y
1c
0i
#4305636793
0t
0s
0r
1y
1c
0i
#4305637165
1t
0s
0r
1y
1c
0i
#4305637734
0t
0s
0r
1y
1c
0i
#4305638107
1t
0s
0r
1y
1c
0i
#4305638677
0t
0s
0r
1y
1c
0i
#4305639050
1t
0s
0r
1y
1c
0i
#4305639621
0t
0s
0r
1y
1c
0i
#4305639993
1t
0s
0r
1y
1c
0i
#4305641480
0t
0s
0r
1y
1c
0i
#4305642541
1t
0s
0r
1y
1c
0i
#4305643390
0t
0s
0r
1y
1c
0i
#4305643749
1t
0s
0r
1y
1c
0i
#4305644320
0t
0s
0r
1y
1c
0i
#4305644687
1t
0s
0r
1y
1c
0i
#4305645256
0t
0s
0r
1y
1c
0i
#4305645624
1t
0s
0r
1y
1c
0i
#4305646191
0t
0s
0r
1y
1c
0i
#4305646561
1t
0s
0r
1y
1c
0i
#4305647128
0t
0s
0r
1y
1c
0i
#4305647496
1t
0s
0r
1y
1c
0i
#4305648066
0t
0s
0r
1y
1c
0i
#4305648433
1t
0s
0r
1y
1c
0i
#4305648998
0t
0s
0r
1y
1c
0i
#4305649368
1t
0s
0r
1y
1c
0i
#4305649935
0t
0s
0r
1y
1c
0i
#4305650303
1t
0s
0r
1y
1c
0i
#4305650873
0t
0s
0r
1y
1c
0i
#4305651242
1t
0s
0r
1y
1c
1i
#4305651809
0t
0s
0r
1y
1c
1i
#4305652180
1t
0s
0r
1y
1c
1i
#4305652749
0t
0s
0r
1y
1c
1i
#4305653120
1t
0s
0r
1y
1c
1i
#4305653693
0t
0s
0r
1y
0c
1i
#4305654063
1t
0s
0r
1y
0c
1i
#4305654635
0t
0s
0r
1y
0c
1i
#4305655006
1t
0s
0r
1y
0c
1i
#4305655580
0t
0s
0r
1y
0c
1i
#4305655952
1t
0s
0r
1y
0c
0i
#4305656529
0t
0s
0r
1y
0c
0i
#4305656900
1t
0s
0r
1y
0c
0i
#4305657473
0t
0s
0r
1y
0c
0i
#4305657844
1t
0s
0r
1y
0c
0i
#4305658419
0t
0s
0r
1y
0c
0i
#4305658789
1t
0s
0r
1y
0c
0i
#4305659366
0t
0s
0r
1y
0c
0i
#4305659735
1t
0s
0r
1y
0c
0i
#4305660307
0t
0s
0r
1y
0c
0i
#4305660679
1t
0s
0r
1y
0c
0i
#4305661250
0t
0s
0r
1y
0c
0i
#4305661621
1t
0s
0r
1y
0c
0i
#4305662194
0t
0s
0r
1y
0c
0i
#4305662563
1t
0s
0r
1y
0c
0i
#4305663132
0t
0s
0r
1y
0c
0i
#4305663501
1t
0s
0r
1y
0c
0i
#4305664070
0t
0s
0r
1y
0c
0i
#4305664436
1t
0s
0r
1y
0c
0i
#4305665006
0t
0s
0r
1y
0c
0i
#4305665370
1t
0s
0r
1y
0c
0i
#4305665934
0t
0s
0r
1y
0c
0i
#4305666300
1t
0s
0r
1y
0c
0i
#4305666865
0t
0s
0r
1y
0c
0i
#4305667229
1t
0s
0r
1y
0c
0i
#4305667796
0t
0s
0r
1y
0c
0i
#4305668159
1t
0s
0r
1y
0c
0i
#4305668722
0t
0s
0r
1y
0c
0i
#4305669087
1t
0s
0r
1y
0c
0i
#4305669651
0t
0s
0r
1y
0c
0i
#4305670017
1t
0s
0r
1y
0c
0i
#4305670581
0t
0s
0r
1y
0c
0i
#4305670946
1t
0s
0r
1y
0c
0i
#4305671508
0t
0s
0r
1y
0c
0i
#4305671874
1t
0s
0r
1y
0c
0i
#4305672437
0t
0s
0r
1y
0c
0i
#4305672803
1t
0s
0r
1y
0c
0i
#4305673369
0t
0s
0r
1y
0c
0i
#4305673733
1t
0s
0r
1y
0c
0i
#4305674295
0t
0s
0r
1y
0c
0i
#4305674662
1t
0s
0r
1y
0c
0i
#4305675224
0t
0s
0r
1y
0c
0i
#4305675591
1t
0s
0r
1y
0c
0i
#4305676156
0t
0s
0r
1y
0c
0i
#4305676521
1t
0s
0r
1y
0c
0i
#4305677083
0t
0s
0r
1y
0c
0i
#4305677449
1t
0s
0r
1y
0c
0i
#4305678012
0t
0s
0r
1y
0c
0i
#4305678379
1t
0s
0r
1y
0c
0i
#4305678943
0t
0s
0r
1y
0c
0i
#4305679311
1t
0s
0r
1y
0c
1i
#4305679871
0t
0s
0r
1y
0c
1i
#4305680240
1t
0s
0r
1y
0c
1i
#4305680804
0t
0s
0r
1y
0c
1i
#4305681172
1t
0s
0r
1y
0c
1i
#4305681740
0t
0s
0r
1y
1c
1i
#4305682107
1t
0s
0r
1y
1c
1i
#4305682673
0t
0s
0r
1y
1c
1i
#4305683042
1t
0s
0r
1y
1c
1i
#4305683609
0t
0s
0r
1y
1c
1i
#4305683979
1t
0s
0r
1y
1c
0i
#4305684549
0t
0s
0r
1y
1c
0i
#4305684918
1t
0s
0r
1y
1c
0i
#4305685484
0t
0s
0r
1y
1c
0i
#4305685854
1t
0s
0r
1y
1c
0i
#4305686422
0t
0s
0r
1y
1c
0i
#4305686791
1t
0s
0r
1y
1c
0i
#4305687361
0t
0s
0r
1y
1c
0i
#4305687729
1t
0s
0r
1y
1c
0i
#4305688295
0t
0s
0r
1y
1c
0i
#4305688666
1t
0s
0r
1y
1c
0i
#4305689232
0t
0s
0r
1y
1c
0i
#4305689603
1t
0s
0r
1y
1c
0i
#4305690172
0t
0s
0r
1y
1c
0i
#4305690541
1t
0s
0r
1y
1c
0i
#4305691107
0t
0s
0r
1y
1c
0i
#4305691478
1t
0s
0r
1y
1c
0i
#4305692044
0t
0s
0r
1y
1c
0i
#4305692415
1t
0s
0r
1y
1c
0i
#4305692983
0t
0s
0r
1y
1c
0i
#4305693353
1t
0s
0r
1y
1c
0i
#4305693917
0t
0s
0r
1y
1c
0i
#4305694288
1t
0s
0r
1y
1c
0i
#4305694852
0t
0s
0r
1y
1c
0i
#4305695223
1t
0s
0r
1y
1c
0i
#4305695789
0t
0s
0r
1y
1c
0i
#4305696157
1t
0s
0r
1y
1c
0i
#4305697630
0t
0s
0r
1y
1c
0i
#4305698681
1t
0s
0r
1y
1c
0i
#4305699522
0t
0s
0r
1y
1c
0i
#4305699879
1t
0s
0r
1y
1c
0i
#4305700444
0t
0s
0r
1y
1c
0i
#4305700809
1t
0s
0r
1y
1c
0i
#4305701372
0t
0s
0r
1y
1c
0i
#4305701737
1t
0s
0r
1y
1c
0i
#4305702300
0t
0s
0r
1y
1c
0i
#4305702666
1t
0s
0r
1y
1c
0i
#4305703228
0t
0s
0r
1y
1c
0i
#4305703594
1t
0s
0r
1y
1c
0i
#4305704158
0t
0s
0r
1y
1c
0i
#4305704523
1t
0s
0r
1y
1c
0i
#4305705083
0t
0s
0r
1y
1c
0i
#4305705450
1t
0s
0r
1y
1c
0i
#4305706012
0t
0s
0r
1y
1c
0i
#4305706378
1t
0s
0r
1y
1c
0i
#4305706941
0t
0s
0r
1y
1c
0i
#4305707308
1t
0s
0r
1y
1c
1i
#4305707869
0t
0s
0r
1y
1c
1i
#4305708237
1t
0s
0r
1y
1c
1i
#4305708801
0t
0s
0r
1y
1c
1i
#4305709168
1t
0s
0r
1y
1c
1i
#4305709735
0t
0s
0r
1y
0c
1i
#4305710102
1t
0s
0r
1y
0c
1i
#4305710667
0t
0s
0r
1y
0c
1i
#4305711035
1t
0s
0r
1y
0c
1i
#4305711602
0t
0s
0r
1y
0c
1i
#4305711971
1t
0s
0r
1y
0c
0i
#4305712130
1t
0s
1r
1y
0c
0i
#4305712132
1t
0s
0r
1y
0c
0i
#4305712541
0t
0s
0r
1y
0c
0i
#4305712909
1t
0s
0r
1y
0c
0i
#4305713475
0t
0s
0r
1y
0c
0i
#4305713844
1t
0s
0r
1y
0c
0i
#4305714411
0t
0s
0r
1y
0c
0i
#4305714779
1t
0s
0r
1y
0c
0i
#4305715349
0t
0s
0r
1y
0c
0i
#4305715715
1t
0s
0r
1y
0c
0i
#4305716281
0t
0s
0r
1y
0c
0i
#4305716650
1t
0s
0r
1y
0c
0i
#4305717216
0t
0s
0r
1y
0c
0i
#4305717585
1t
0s
0r
1y
0c
0i
#4305718154
0t
0s
0r
1y
0c
0i
#4305718521
1t
0s
0r
1y
0c
0i
#4305719088
0t
0s
0r
1y
0c
0i
#4305719456
1t
0s
0r
1y
0c
0i
#4305720025
0t
0s
0r
1y
0c
0i
#4305720392
1t
0s
0r
1y
0c
0i
#4305720963
0t
0s
0r
1y
0c
0i
#4305721329
1t
0s
0r
1y
0c
0i
#4305721896
0t
0s
0r
1y
0c
0i
#4305722264
1t
0s
0r
1y
0c
0i
#4305722832
0t
0s
0r
1y
0c
0i
#4305723199
1t
0s
0r
1y
0c
0i
#4305723770
0t
0s
0r
1y
0c
0i
#4305724135
1t
0s
0r
1y
0c
0i
#4305724702
0t
0s
0r
1y
0c
0i
#4305725069
1t
0s
0r
1y
0c
0i
#4305725635
0t
0s
0r
1y
0c
0i
#4305726003
1t
0s
0r
1y
0c
0i
#4305726570
0t
0s
0r
1y
0c
0i
#4305726936
1t
0s
0r
1y
0c
0i
#4305727500
0t
0s
0r
1y
0c
0i
#4305727868
1t
0s
0r
1y
0c
0i
#4305728433
0t
0s
0r
1y
0c
0i
#4305728799
1t
0s
0r
1y
0c
0i
#4305729366
0t
0s
0r
1y
0c
0i
#4305729731
1t
0s
0r
1y
0c
0i
#4305730294
0t
0s
0r
1y
0c
0i
#4305730662
1t
0s
0r
1y
0c
0i
#4305731225
0t
0s
0r
1y
0c
0i
#4305731593
1t
0s
0r
1y
0c
0i
#4305732159
0t
0s
0r
1y
0c
0i
#4305732525
1t
0s
0r
1y
0c
0i
#4305733087
0t
0s
0r
1y
0c
0i
#4305733455
1t
0s
0r
1y
0c
0i
#4305734019
0t
0s
0r
1y
0c
0i
#4305734386
1t
0s
0r
1y
0c
0i
#4305734952
0t
0s
0r
1y
0c
0i
#4305735320
1t
0s
0r
1y
0c
1i
#4305735883
0t
0s
0r
1y
0c
1i
#4305736252
1t
0s
0r
1y
0c
1i
#4305736818
0t
0s
0r
1y
0c
1i
#4305737187
1t
0s
0r
1y
0c
1i
#4305737756
0t
0s
0r
1y
1c
1i
#4305738124
1t
0s
0r
1y
1c
1i
#4305738692
0t
0s
0r
1y
1c
1i
#4305739062
1t
0s
0r
1y
1c
1i
#4305739631
0t
0s
0r
1y
1c
1i
#4305740002
1t
0s
0r
1y
1c
0i
#4305740574
0t
0s
0r
1y
1c
0i
#4305740944
1t
0s
0r
1y
1c
0i
#4305741513
0t
0s
0r
1y
1c
0i
#4305741884
1t
0s
0r
1y
1c
0i
#4305742454
0t
0s
0r
1y
1c
0i
#4305742824
1t
0s
0r
1y
1c
0i
#4305743396
0t
0s
0r
1y
1c
0i
#4305743765
1t
0s
0r
1y
1c
0i
#4305744332
0t
0s
0r
1y
1c
0i
#4305744704
1t
0s
0r
1y
1c
0i
#4305745272
0t
0s
0r
1y
1c
0i
#4305745643
1t
0s
0r
1y
1c
0i
#4305746214
0t
0s
0r
1y
1c
0i
#4305746584
1t
0s
0r
1y
1c
0i
#4305747150
0t
0s
0r
1y
1c
0i
#4305747521
1t
0s
0r
1y
1c
0i
#4305748088
0t
0s
0r
1y
1c
0i
#4305748459
1t
0s
0r
1y
1c
0i
#4305749027
0t
0s
0r
1y
1c
0i
#4305749398
1t
0s
0r
1y
1c
0i
#4305749961
0t
0s
0r
1y
1c
0i
#4305750333
1t
0s
0r
1y
1c
0i
#4305750897
0t
0s
0r
1y
1c
0i
#4305751267
1t
0s
0r
1y
1c
0i
#4305751834
0t
0s
0r
1y
1c
0i
#4305752202
1t
0s
0r
1y
1c
0i
#4305753676
0t
0s
0r
1y
1c
0i
#4305754727
1t
0s
0r
1y
1c
0i
#4305755570
0t
0s
0r
1y
1c
0i
#4305755926
1t
0s
0r
1y
1c
0i
#4305756492
0t
0s
0r
1y
1c
0i
#4305756857
1t
0s
0r
1y
1c
0i
#4305757421
0t
0s
0r
1y
1c
0i
#4305757787
1t
0s
0r
1y
1c
0i
#4305758350
0t
0s
0r
1y
1c
0i
#4305758717
1t
0s
0r
1y
1c
0i
#4305759280
0t
0s
0r
1y
1c
0i
#4305759646
1t
0s
0r
1y
1c
0i
#4305760211
0t
0s
0r
1y
1c
0i
#4305760576
1t
0s
0r
1y
1c
0i
#4305761137
0t
0s
0r
1y
1c
0i
#4305761503
1t
0s
0r
1y
1c
0i
#4305762066
0t
0s
0r
1y
1c
0i
#4305762432
1t
0s
0r
1y
1c
0i
#4305762996
0t
0s
0r
1y
1c
0i
#4305763363
1t
0s
0r
1y
1c
1i
#4305763925
0t
0s
0r
1y
1c
1i
#4305764293
1t
0s
0r
1y
1c
1i
#4305764857
0t
0s
0r
1y
1c
1i
#4305765224
1t
0s
0r
1y
1c
1i
#4305765792
0t
0s
0r
1y
0c
1i
#4305766159
1t
0s
0r
1y
0c
1i
#4305766725
0t
0s
0r
1y
0c
1i
#4305767093
1t
0s
0r
1y
0c
1i
#4305767661
0t
0s
0r
1y
0c
1i
#4305768030
1t
0s
0r
1y
0c
0i
#4305768601
0t
0s
0r
1y
0c
0i
#4305768969
1t
0s
0r
1y
0c
0i
#4305769537
0t
0s
0r
1y
0c
0i
#4305769906
1t
0s
0r
1y
0c
0i
#4305770475
0t
0s
0r
1y
0c
0i
#4305770843
1t
0s
0r
1y
0c
0i
#4305771415
0t
0s
0r
1y
0c
0i
#4305771782
1t
0s
0r
1y
0c
0i
#4305772349
0t
0s
0r
1y
0c
0i
#4305772719
1t
0s
0r
1y
0c
0i
#4305773287
0t
0s
0r
1y
0c
0i
#4305773656
1t
0s
0r
1y
0c
0i
#4305774227
0t
0s
0r
1y
0c
0i
#4305774594
1t
0s
0r
1y
0c
0i
#4305775162
0t
0s
0r
1y
0c
0i
#4305775531
1t
0s
0r
1y
0c
0i
#4305776099
0t
0s
0r
1y
0c
0i
#4305776466
1t
0s
0r
1y
0c
0i
#4305777037
0t
0s
0r
1y
0c
0i
#4305777402
1t
0s
0r
1y
0c
0i
#4305777968
0t
0s
0r
1y
0c
0i
#4305778334
1t
0s
0r
1y
0c
0i
#4305778901
0t
0s
0r
1y
0c
0i
#4305779266
1t
0s
0r
1y
0c
0i
#4305779834
0t
0s
0r
1y
0c
0i
#4305780197
1t
0s
0r
1y
0c
0i
#4305780762
0t
0s
0r
1y
0c
0i
#4305781127
1t
0s
0r
1y
0c
0i
#4305781690
0t
0s
0r
1y
0c
0i
#4305782057
1t
0s
0r
1y
0c
0i
#4305782621
0t
0s
0r
1y
0c
0i
#4305782986
1t
0s
0r
1y
0c
0i
#4305783548
0t
0s
0r
1y
0c
0i
#4305783914
1t
0s
0r
1y
0c
0i
#4305784476
0t
0s
0r
1y
0c
0i
#4305784841
1t
0s
0r
1y
0c
0i
#4305785407
0t
0s
0r
1y
0c
0i
#4305785770
1t
0s
0r
1y
0c
0i
#4305786331
0t
0s
0r
1y
0c
0i
#4305786698
1t
0s
0r
1y
0c
0i
#4305787259
0t
0s
0r
1y
0c
0i
#4305787625
1t
0s
0r
1y
0c
0i
#4305788189
0t
0s
0r
1y
0c
0i
#4305788553
1t
0s
0r
1y
0c
0i
#4305789114
0t
0s
0r
1y
0c
0i
#4305789480
1t
0s
0r
1y
0c
0i
#4305790042
0t
0s
0r
1y
0c
0i
#4305790408
1t
0s
0r
1y
0c
0i
#4305790971
0t
0s
0r
1y
0c
0i
#4305791338
1t
0s
0r
1y
0c
1i
#4305791898
0t
0s
0r
1y
0c
1i
#4305792267
1t
0s
0r
1y
0c
1i
#4305792830
0t
0s
0r
1y
0c
1i
#4305793198
1t
0s
0r
1y
0c
1i
#4305793765
0t
0s
0r
1y
1c
1i
#4305794132
1t
0s
0r
1y
1c
1i
#4305794697
0t
0s
0r
1y
1c
1i
#4305795067
1t
0s
0r
1y
1c
1i
#4305795634
0t
0s
0r
1y
1c
1i
#4305796003
1t
0s
0r
1y
1c
0i
#4305796574
0t
0s
0r
1y
1c
0i
#4305796942
1t
0s
0r
1y
1c
0i
#4305797508
0t
0s
0r
1y
1c
0i
#4305797878
1t
0s
0r
1y
1c
0i
#4305798446
0t
0s
0r
1y
1c
0i
#4305798814
1t
0s
0r
1y
1c
0i
#4305799384
0t
0s
0r
1y
1c
0i
#4305799752
1t
0s
0r
1y
1c
0i
#4305800318
0t
0s
0r
1y
1c
0i
#4305800689
1t
0s
0r
1y
1c
0i
#4305801254
0t
0s
0r
1y
1c
0i
#4305801625
1t
0s
0r
1y
1c
0i
#4305802193
0t
0s
0r
1y
1c
0i
#4305802562
1t
0s
0r
1y
1c
0i
#4305803126
0t
0s
0r
1y
1c
0i
#4305803496
1t
0s
0r
1y
1c
0i
#4305804061
0t
0s
0r
1y
1c
0i
#4305804430
1t
0s
0r
1y
1c
0i
#4305804996
0t
0s
0r
1y
1c
0i
#4305805365
1t
0s
0r
1y
1c
0i
#4305805927
0t
0s
0r
1y
1c
0i
#4305806297
1t
0s
0r
1y
1c
0i
#4305806858
0t
0s
0r
1y
1c
0i
#4305807227
1t
0s
0r
1y
1c
0i
#4305807790
0t
0s
0r
1y
1c
0i
#4305808157
1t
0s
0r
1y
1c
0i
#4305809623
0t
0s
0r
1y
1c
0i
#4305810670
1t
0s
0r
1y
1c
0i
#4305811508
0t
0s
0r
1y
1c
0i
#4305811863
1t
0s
0r
1y
1c
0i
#4305812426
0t
0s
0r
1y
1c
0i
#4305812790
1t
0s
0r
1y
1c
0i
#4305813351
0t
0s
0r
1y
1c
0i
#4305813716
1t
0s
0r
1y
1c
0i
#4305814276
0t
0s
0r
1y
1c
0i
#4305814642
1t
0s
0r
1y
1c
0i
#4305815202
0t
0s
0r
1y
1c
0i
#4305815567
1t
0s
0r
1y
1c
0i
#4305816130
0t
0s
0r
1y
1c
0i
#4305816494
1t
0s
0r
1y
1c
0i
#4305817053
0t
0s
0r
1y
1c
0i
#4305817418
1t
0s
0r
1y
1c
0i
#4305817979
0t
0s
0r
1y
1c
0i
#4305818344
1t
0s
0r
1y
1c
0i
#4305818906
0t
0s
0r
1y
1c
0i
#4305819272
1t
0s
0r
1y
1c
1i
#4305819831
0t
0s
0r
1y
1c
1i
#4305820199
1t
0s
0r
1y
1c
1i
#4305820760
0t
0s
0r
1y
1c
1i
#4305821127
1t
0s
0r
1y
1c
1i
#4305821693
0t
0s
0r
1y
0c
1i
#4305822058
1t
0s
0r
1y
0c
1i
#4305822622
0t
0s
0r
1y
0c
1i
#4305822989
1t
0s
0r
1y
0c
1i
#4305823554
0t
0s
0r
1y
0c
1i
#4305823922
1t
0s
0r
1y
0c
0i
#4305824054
1t
0s
1r
1y
0c
0i
#4305824056
1t
0s
0r
1y
0c
0i
#4305824490
0t
0s
0r
1y
0c
0i
#4305824857
1t
0s
0r
1y
0c
0i
#4305825421
0t
0s
0r
1y
0c
0i
#4305825789
1t
0s
0r
1y
0c
0i
#4305826355
0t
0s
0r
1y
0c
0i
#4305826722
1t
0s
0r
1y
0c
0i
#4305827290
0t
0s
0r
1y
0c
0i
#4305827655
1t
0s
0r
1y
0c
0i
#4305828219
0t
0s
0r
1y
0c
0i
#4305828588
1t
0s
0r
1y
0c
0i
#4305829153
0t
0s
0r
1y
0c
0i
#4305829520
1t
0s
0r
1y
0c
0i
#4305830088
0t
0s
0r
1y
0c
0i
#4305830453
1t
0s
0r
1y
0c
0i
#4305831019
0t
0s
0r
1y
0c
0i
#4305831385
1t
0s
0r
1y
0c
0i
#4305831952
0t
0s
0r
1y
0c
0i
#4305832317
1t
0s
0r
1y
0c
0i
#4305832886
0t
0s
0r
1y
0c
0i
#4305833250
1t
0s
0r
1y
0c
0i
#4305833814
0t
0s
0r
1y
0c
0i
#4305834179
1t
0s
0r
1y
0c
0i
#4305834744
0t
0s
0r
1y
0c
0i
#4305835109
1t
0s
0r
1y
0c
0i
#4305835676
0t
0s
0r
1y
0c
0i
#4305836038
1t
0s
0r
1y
0c
0i
#4305836601
0t
0s
0r
1y
0c
0i
#4305836966
1t
0s
0r
1y
0c
0i
#4305837528
0t
0s
0r
1y
0c
0i
#4305837894
1t
0s
0r
1y
0c
0i
#4305838457
0t
0s
0r
1y
0c
0i
#4305838822
1t
0s
0r
1y
0c
0i
#4305839382
0t
0s
0r
1y
0c
0i
#4305839747
1t
0s
0r
1y
0c
0i
#4305840308
0t
0s
0r
1y
0c
0i
#4305840673
1t
0s
0r
1y
0c
0i
#4305841237
0t
0s
0r
1y
0c
0i
#4305841600
1t
0s
0r
1y
0c
0i
#4305842160
0t
0s
0r
1y
0c
0i
#4305842526
1t
0s
0r
1y
0c
0i
#4305843086
0t
0s
0r
1y
0c
0i
#4305843451
1t
0s
0r
1y
0c
0i
#4305844014
0t
0s
0r
1y
0c
0i
#4305844379
1t
0s
0r
1y
0c
0i
#4305844938
0t
0s
0r
1y
0c
0i
#4305845304
1t
0s
0r
1y
0c
0i
#4305845864
0t
0s
0r
1y
0c
0i
#4305846230
1t
0s
0r
1y
0c
0i
#4305846792
0t
0s
0r
1y
0c
0i
#4305847159
1t
0s
0r
1y
0c
1i
#4305847719
0t
0s
0r
1y
0c
1i
#4305848086
1t
0s
0r
1y
0c
1i
#4305848648
0t
0s
0r
1y
0c
1i
#4305849016
1t
0s
0r
1y
0c
1i
#4305849581
0t
0s
0r
1y
1c
1i
#4305849948
1t
0s
0r
1y
1c
1i
#4305850511
0t
0s
0r
1y
1c
1i
#4305850880
1t
0s
0r
1y
1c
1i
#4305851446
0t
0s
0r
1y
1c
1i
#4305851814
1t
0s
0r
1y
1c
0i
#4305852383
0t
0s
0r
1y
1c
0i
#4305852751
1t
0s
0r
1y
1c
0i
#4305853316
0t
0s
0r
1y
1c
0i
#4305853685
1t
0s
0r
1y
1c
0i
#4305854251
0t
0s
0r
1y
1c
0i
#4305854619
1t
0s
0r
1y
1c
0i
#4305855187
0t
0s
0r
1y
1c
0i
#4305855555
1t
0s
0r
1y
1c
0i
#4305856119
0t
0s
0r
1y
1c
0i
#4305856489
1t
0s
0r
1y
1c
0i
#4305857053
0t
0s
0r
1y
1c
0i
#4305857423
1t
0s
0r
1y
1c
0i
#4305857990
0t
0s
0r
1y
1c
0i
#4305858358
1t
0s
0r
1y
1c
0i
#4305858922
0t
0s
0r
1y
1c
0i
#4305859292
1t
0s
0r
1y
1c
0i
#4305859857
0t
0s
0r
1y
1c
0i
#4305860227
1t
0s
0r
1y
1c
0i
#4305860793
0t
0s
0r
1y
1c
0i
#4305861163
1t
0s
0r
1y
1c
0i
#4305861726
0t
0s
0r
1y
1c
0i
#4305862097
1t
0s
0r
1y
1c
0i
#4305862661
0t
0s
0r
1y
1c
0i
#4305863031
1t
0s
0r
1y
1c
0i
#4305863598
0t
0s
0r
1y
1c
0i
#4305863966
1t
0s
0r
1y
1c
0i
#4305865441
0t
0s
0r
1y
1c
0i
#4305866493
1t
0s
0r
1y
1c
0i
#4305867336
0t
0s
0r
1y
1c
0i
#4305867692
1t
0s
0r
1y
1c
0i
#4305868259
0t
0s
0r
1y
1c
0i
#4305868624
1t
0s
0r
1y
1c
0i
#4305869189
0t
0s
0r
1y
1c
0i
#4305869555
1t
0s
0r
1y
1c
0i
#4305870118
0t
0s
0r
1y
1c
0i
#4305870486
1t
0s
0r
1y
1c
0i
#4305871048
0t
0s
0r
1y
1c
0i
#4305871415
1t
0s
0r
1y
1c
0i
#4305871980
0t
0s
0r
1y
1c
0i
#4305872345
1t
0s
0r
1y
1c
0i
#4305872907
0t
0s
0r
1y
1c
0i
#4305873274
1t
0s
0r
1y
1c
0i
#4305873838
0t
0s
0r
1y
1c
0i
#4305874203
1t
0s
0r
1y
1c
0i
#4305874768
0t
0s
0r
1y
1c
0i
#4305875136
1t
0s
0r
1y
1c
1i
#4305875697
0t
0s
0r
1y
1c
1i
#4305876066
1t
0s
0r
1y
1c
1i
#4305876630
0t
0s
0r
1y
1c
1i
#4305876998
1t
0s
0r
1y
1c
1i
#4305877567
0t
0s
0r
1y
0c
1i
#4305877933
1t
0s
0r
1y
0c
1i
#4305878500
0t
0s
0r
1y
0c
1i
#4305878868
1t
0s
0r
1y
0c
1i
#4305879436
0t
0s
0r
1y
0c
1i
#4305879806
1t
0s
0r
1y
0c
0i
#4305880376
0t
0s
0r
1y
0c
0i
#4305880745
1t
0s
0r
1y
0c
0i
#4305881312
0t
0s
0r
1y
0c
0i
#4305881681
1t
0s
0r
1y
0c
0i
#4305882250
0t
0s
0r
1y
0c
0i
#4305882618
1t
0s
0r
1y
0c
0i
#4305883189
0t
0s
0r
1y
0c
0i
#4305883556
1t
0s
0r
1y
0c
0i
#4305884123
0t
0s
0r
1y
0c
0i
#4305884493
1t
0s
0r
1y
0c
0i
#4305885061
0t
0s
0r
1y
0c
0i
#4305885429
1t
0s
0r
1y
0c
0i
#4305886000
0t
0s
0r
1y
0c
0i
#4305886367
1t
0s
0r
1y
0c
0i
#4305886936
0t
0s
0r
1y
0c
0i
#4305887304
1t
0s
0r
1y
0c
0i
#4305887873
0t
0s
0r
1y
0c
0i
#4305888240
1t
0s
0r
1y
0c
0i
#4305888812
0t
0s
0r
1y
0c
0i
#4305889177
1t
0s
0r
1y
0c
0i
#4305889745
0t
0s
0r
1y
0c
0i
#4305890112
1t
0s
0r
1y
0c
0i
#4305890680
0t
0s
0r
1y
0c
0i
#4305891046
1t
0s
0r
1y
0c
0i
#4305891617
0t
0s
0r
1y
0c
0i
#4305891981
1t
0s
0r
1y
0c
0i
#4305892548
0t
0s
0r
1y
0c
0i
#4305892914
1t
0s
0r
1y
0c
0i
#4305893480
0t
0s
0r
1y
0c
0i
#4305893847
1t
0s
0r
1y
0c
0i
#4305894415
0t
0s
0r
1y
0c
0i
#4305894781
1t
0s
0r
1y
0c
0i
#4305895345
0t
0s
0r
1y
0c
0i
#4305895712
1t
0s
0r
1y
0c
0i
#4305896277
0t
0s
0r
1y
0c
0i
#4305896643
1t
0s
0r
1y
0c
0i
#4305897211
0t
0s
0r
1y
0c
0i
#4305897576
1t
0s
0r
1y
0c
0i
#4305898139
0t
0s
0r
1y
0c
0i
#4305898507
1t
0s
0r
1y
0c
0i
#4305899071
0t
0s
0r
1y
0c
0i
#4305899438
1t
0s
0r
1y
0c
0i
#4305900005
0t
0s
0r
1y
0c
0i
#4305900371
1t
0s
0r
1y
0c
0i
#4305900934
0t
0s
0r
1y
0c
0i
#4305901302
1t
0s
0r
1y
0c
0i
#4305901866
0t
0s
0r
1y
0c
0i
#4305902234
1t
0s
0r
1y
0c
0i
#4305902800
0t
0s
0r
1y
0c
0i
#4305903169
1t
0s
0r
1y
0c
1i
#4305903731
0t
0s
0r
1y
0c
1i
#4305904102
1t
0s
0r
1y
0c
1i
#4305904667
0t
0s
0r
1y
0c
1i
#4305905037
1t
0s
0r
1y
0c
1i
#4305905606
0t
0s
0r
1y
1c
1i
#4305905975
1t
0s
0r
1y
1c
1i
#4305906543
0t
0s
0r
1y
1c
1i
#4305906913
1t
0s
0r
1y
1c
1i
#4305907483
0t
0s
0r
1y
1c
1i
#4305907854
1t
0s
0r
1y
1c
0i
#4305908427
0t
0s
0r
1y
1c
0i
#4305908796
1t
0s
0r
1y
1c
0i
#4305909365
0t
0s
0r
1y
1c
0i
#4305909736
1t
0s
0r
1y
1c
0i
#4305910307
0t
0s
0r
1y
1c
0i
#4305910677
1t
0s
0r
1y
1c
0i
#4305911250
0t
0s
0r
1y
1c
0i
#4305911619
1t
0s
0r
1y
1c
0i
#4305912187
0t
0s
0r
1y
1c
0i
#4305912559
1t
0s
0r
1y
1c
0i
#4305913128
0t
0s
0r
1y
1c
0i
#4305913500
1t
0s
0r
1y
1c
0i
#4305914071
0t
0s
0r
1y
1c
0i
#4305914442
1t
0s
0r
1y
1c
0i
#4305915009
0t
0s
0r
1y
1c
0i
#4305915381
1t
0s
0r
1y
1c
0i
#4305915949
0t
0s
0r
1y
1c
0i
#4305916320
1t
0s
0r
1y
1c
0i
#4305916890
0t
0s
0r
1y
1c
0i
#4305917261
1t
0s
0r
1y
1c
0i
#4305917826
0t
0s
0r
1y
1c
0i
#4305918198
1t
0s
0r
1y
1c
0i
#4305918763
0t
0s
0r
1y
1c
0i
#4305919134
1t
0s
0r
1y
1c
0i
#4305919702
0t
0s
0r
1y
1c
0i
#4305920070
1t
0s
0r
1y
1c
0i
#4305921548
0t
0s
0r
1y
1c
0i
#4305922602
1t
0s
0r
1y
1c
0i
#4305923446
0t
0s
0r
1y
1c
0i
#4305923804
1t
0s
0r
1y
1c
0i
#4305924371
0t
0s
0r
1y
1c
0i
#4305924738
1t
0s
0r
1y
1c
0i
#4305925303
0t
0s
0r
1y
1c
0i
#4305925670
1t
0s
0r
1y
1c
0i
#4305926235
0t
0s
0r
1y
1c
0i
#4305926603
1t
0s
0r
1y
1c
0i
#4305927168
0t
0s
0r
1y
1c
0i
#4305927535
1t
0s
0r
1y
1c
0i
#4305928102
0t
0s
0r
1y
1c
0i
#4305928468
1t
0s
0r
1y
1c
0i
#4305929032
0t
0s
0r
1y
1c
0i
#4305929399
1t
0s
0r
1y
1c
0i
#4305929964
0t
0s
0r
1y
1c
0i
#4305930331
1t
0s
0r
1y
1c
0i
#4305930897
0t
0s
0r
1y
1c
0i
#4305931265
1t
0s
0r
1y
1c
0i
#4305931829
0t
0s
0r
1y
1c
1i
#4305932197
1t
0s
0r
1y
1c
1i
#4305932763
0t
0s
0r
1y
1c
1i
#4305933131
1t
0s
0r
1y
1c
1i
#4305933700
0t
0s
0r
1y
0c
1i
#4305934068
1t
0s
0r
1y
0c
1i
#4305934636
0t
0s
0r
1y
0c
1i
#4305935004
1t
0s
0r
1y
0c
1i
#4305935573
0t
0s
0r
1y
0c
1i
#4305935943
1t
0s
0r
1y
0c
0i
#4305935995
1t
0s
1r
1y
0c
0i
#4305935998
1t
0s
0r
1y
0c
0i
#4305936515
0t
0s
0r
1y
0c
0i
#4305936884
1t
0s
0r
1y
0c
0i
#4305937452
0t
0s
0r
1y
0c
0i
#4305937822
1t
0s
0r
1y
0c
0i
#4305938391
0t
0s
0r
1y
0c
0i
#4305938760
1t
0s
0r
1y
0c
0i
#4305939332
0t
0s
0r
1y
0c
0i
#4305939700
1t
0s
0r
1y
0c
0i
#4305940268
0t
0s
0r
1y
0c
0i
#4305940639
1t
0s
0r
1y
0c
0i
#4305941208
0t
0s
0r
1y
0c
0i
#4305941578
1t
0s
0r
1y
0c
0i
#4305942150
0t
0s
0r
1y
0c
0i
#4305942518
1t
0s
0r
1y
0c
0i
#4305943088
0t
0s
0r
1y
0c
0i
#4305943457
1t
0s
0r
1y
0c
0i
#4305944028
0t
0s
0r
1y
0c
0i
#4305944396
1t
0s
0r
1y
0c
0i
#4305944970
0t
0s
0r
1y
0c
0i
#4305945337
1t
0s
0r
1y
0c
0i
#4305945906
0t
0s
0r
1y
0c
0i
#4305946275
1t
0s
0r
1y
0c
0i
#4305946845
0t
0s
0r
1y
0c
0i
#4305947212
1t
0s
0r
1y
0c
0i
#4305947785
0t
0s
0r
1y
0c
0i
#4305948151
1t
0s
0r
1y
0c
0i
#4305948719
0t
0s
0r
1y
0c
0i
#4305949087
1t
0s
0r
1y
0c
0i
#4305949655
0t
0s
0r
1y
0c
0i
#4305950023
1t
0s
0r
1y
0c
0i
#4305950593
0t
0s
0r
1y
0c
0i
#4305950960
1t
0s
0r
1y
0c
0i
#4305951526
0t
0s
0r
1y
0c
0i
#4305951894
1t
0s
0r
1y
0c
0i
#4305952461
0t
0s
0r
1y
0c
0i
#4305952829
1t
0s
0r
1y
0c
0i
#4305953398
0t
0s
0r
1y
0c
0i
#4305953764
1t
0s
0r
1y
0c
0i
#4305954329
0t
0s
0r
1y
0c
0i
#4305954698
1t
0s
0r
1y
0c
0i
#4305955263
0t
0s
0r
1y
0c
0i
#4305955632
1t
0s
0r
1y
0c
0i
#4305956200
0t
0s
0r
1y
0c
0i
#4305956567
1t
0s
0r
1y
0c
0i
#4305957132
0t
0s
0r
1y
0c
0i
#4305957500
1t
0s
0r
1y
0c
0i
#4305958066
0t
0s
0r
1y
0c
0i
#4305958435
1t
0s
0r
1y
0c
0i
#4305959003
0t
0s
0r
1y
0c
0i
#4305959372
1t
0s
0r
1y
0c
0i
#4305959936
0t
0s
0r
1y
0c
1i
#4305960307
1t
0s
0r
1y
0c
1i
#4305960874
0t
0s
0r
1y
0c
1i
#4305961245
1t
0s
0r
1y
0c
1i
#4305961816
0t
0s
0r
1y
1c
1i
#4305962186
1t
0s
0r
1y
1c
1i
#4305962755
0t
0s
0r
1y
1c
1i
#4305963126
1t
0s
0r
1y
1c
1i
#4305963698
0t
0s
0r
1y
1c
1i
#4305964069
1t
0s
0r
1y
1c
0i
#4305964644
0t
0s
0r
1y
1c
0i
#4305965014
1t
0s
0r
1y
1c
0i
#4305965585
0t
0s
0r
1y
1c
0i
#4305965957
1t
0s
0r
1y
1c
0i
#4305966529
0t
0s
0r
1y
1c
0i
#4305966900
1t
0s
0r
1y
1c
0i
#4305967475
0t
0s
0r
1y
1c
0i
#4305967845
1t
0s
0r
1y
1c
0i
#4305968415
0t
0s
0r
1y
1c
0i
#4305968788
1t
0s
0r
1y
1c
0i
#4305969359
0t
0s
0r
1y
1c
0i
#4305969732
1t
0s
0r
1y
1c
0i
#4305970306
0t
0s
0r
1y
1c
0i
#4305970678
1t
0s
0r
1y
1c
0i
#4305971248
0t
0s
0r
1y
1c
0i
#4305971622
1t
0s
0r
1y
1c
0i
#4305972194
0t
0s
0r
1y
1c
0i
#4305972568
1t
0s
0r
1y
1c
0i
#4305973142
0t
0s
0r
1y
1c
0i
#4305973516
1t
0s
0r
1y
1c
0i
#4305974086
0t
0s
0r
1y
1c
0i
#4305974462
1t
0s
0r
1y
1c
0i
#4305975033
0t
0s
0r
1y
1c
0i
#4305975407
1t
0s
0r
1y
1c
0i
#4305975982
0t
0s
0r
1y
1c
0i
#4305976355
1t
0s
0r
1y
1c
0i
#4305977849
0t
0s
0r
1y
1c
0i
#4305978914
1t
0s
0r
1y
1c
0i
#4305979767
0t
0s
0r
1y
1c
0i
#4305980127
1t
0s
0r
1y
1c
0i
#4305980701
0t
0s
0r
1y
1c
0i
#4305981071
1t
0s
0r
1y
1c
0i
#4305981642
0t
0s
0r
1y
1c
0i
#4305982012
1t
0s
0r
1y
1c
0i
#4305982583
0t
0s
0r
1y
1c
0i
#4305982954
1t
0s
0r
1y
1c
0i
#4305983524
0t
0s
0r
1y
1c
0i
#4305983894
1t
0s
0r
1y
1c
0i
#4305984467
0t
0s
0r
1y
1c
0i
#4305984836
1t
0s
0r
1y
1c
0i
#4305985405
0t
0s
0r
1y
1c
0i
#4305985776
1t
0s
0r
1y
1c
0i
#4305986347
0t
0s
0r
1y
1c
0i
#4305986716
1t
0s
0r
1y
1c
0i
#4305987289
0t
0s
0r
1y
1c
0i
#4305987660
1t
0s
0r
1y
1c
0i
#4305988230
0t
0s
0r
1y
1c
1i
#4305988602
1t
0s
0r
1y
1c
1i
#4305989175
0t
0s
0r
1y
1c
1i
#4305989547
1t
0s
0r
1y
1c
1i
#4305990123
0t
0s
0r
1y
0c
1i
#4305990494
1t
0s
0r
1y
0c
1i
#4305991068
0t
0s
0r
1y
0c
1i
#4305991441
1t
0s
0r
1y
0c
1i
#4305992018
0t
0s
0r
1y
0c
1i
#4305992392
1t
0s
0r
1y
0c
0i
#4305992971
0t
0s
0r
1y
0c
0i
#4305993344
1t
0s
0r
1y
0c
0i
#4305993919
0t
0s
0r
1y
0c
0i
#4305994293
1t
0s
0r
1y
0c
0i
#4305994870
0t
0s
0r
1y
0c
0i
#4305995243
1t
0s
0r
1y
0c
0i
#4305995823
0t
0s
0r
1y
0c
0i
#4305996194
1t
0s
0r
1y
0c
0i
#4305996770
0t
0s
0r
1y
0c
0i
#4305997145
1t
0s
0r
1y
0c
0i
#4305997721
0t
0s
0r
1y
0c
0i
#4305998095
1t
0s
0r
1y
0c
0i
#4305998675
0t
0s
0r
1y
0c
0i
#4305999047
1t
0s
0r
1y
0c
0i
#4305999625
0t
0s
0r
1y
0c
0i
#4305999998
1t
0s
0r
1y
0c
0i
#4306000578
0t
0s
0r
1y
0c
0i
#4306000950
1t
0s
0r
1y
0c
0i
#4306001533
0t
0s
0r
1y
0c
0i
#4306001905
1t
0s
0r
1y
0c
0i
#4306002484
0t
0s
0r
1y
0c
0i
#4306002857
1t
0s
0r
1y
0c
0i
#4306003438
0t
0s
0r
1y
0c
0i
#4306003811
1t
0s
0r
1y
0c
0i
#4306004394
0t
0s
0r
1y
0c
0i
#4306004766
1t
0s
0r
1y
0c
0i
#4306005345
0t
0s
0r
1y
0c
0i
#4306005718
1t
0s
0r
1y
0c
0i
#4306006297
0t
0s
0r
1y
0c
0i
#4306006672
1t
0s
0r
1y
0c
0i
#4306007252
0t
0s
0r
1y
0c
0i
#4306007625
1t
0s
0r
1y
0c
0i
#4306008201
0t
0s
0r
1y
0c
0i
#4306008575
1t
0s
0r
1y
0c
0i
#4306009153
0t
0s
0r
1y
0c
0i
#4306009526
1t
0s
0r
1y
0c
0i
#4306010106
0t
0s
0r
1y
0c
0i
#4306010478
1t
0s
0r
1y
0c
0i
#4306011053
0t
0s
0r
1y
0c
0i
#4306011427
1t
0s
0r
1y
0c
0i
#4306012004
0t
0s
0r
1y
0c
0i
#4306012377
1t
0s
0r
1y
0c
0i
#4306012956
0t
0s
0r
1y
0c
0i
#4306013329
1t
0s
0r
1y
0c
0i
#4306013905
0t
0s
0r
1y
0c
0i
#4306014279
1t
0s
0r
1y
0c
0i
#4306014856
0t
0s
0r
1y
0c
0i
#4306015230
1t
0s
0r
1y
0c
0i
#4306015809
0t
0s
0r
1y
0c
0i
#4306016184
1t
0s
0r
1y
0c
0i
#4306016760
0t
0s
0r
1y
0c
1i
#4306017137
1t
0s
0r
1y
0c
1i
#4306017716
0t
0s
0r
1y
0c
1i
#4306018092
1t
0s
0r
1y
0c
1i
#4306018675
0t
0s
0r
1y
1c
1i
#4306019050
1t
0s
0r
1y
1c
1i
#4306019631
0t
0s
0r
1y
1c
1i
#4306020009
1t
0s
0r
1y
1c
1i
#4306020592
0t
0s
0r
1y
1c
1i
#4306020969
1t
0s
0r
1y
1c
0i
#4306021556
0t
0s
0r
1y
1c
0i
#4306021932
1t
0s
0r
1y
1c
0i
#4306022515
0t
0s
0r
1y
1c
0i
#4306022892
1t
0s
0r
1y
1c
0i
#4306023476
0t
0s
0r
1y
1c
0i
#4306023852
1t
0s
0r
1y
1c
0i
#4306024438
0t
0s
0r
1y
1c
0i
#4306024814
1t
0s
0r
1y
1c
0i
#4306025395
0t
0s
0r
1y
1c
0i
#4306025774
1t
0s
0r
1y
1c
0i
#4306026355
0t
0s
0r
1y
1c
0i
#4306026734
1t
0s
0r
1y
1c
0i
#4306027317
0t
0s
0r
1y
1c
0i
#4306027694
1t
0s
0r
1y
1c
0i
#4306028274
0t
0s
0r
1y
1c
0i
#4306028652
1t
0s
0r
1y
1c
0i
#4306029233
0t
0s
0r
1y
1c
0i
#4306029611
1t
0s
0r
1y
1c
0i
#4306030193
0t
0s
0r
1y
1c
0i
#4306030570
1t
0s
0r
1y
1c
0i
#4306031147
0t
0s
0r
1y
1c
0i
#4306031526
1t
0s
0r
1y
1c
0i
#4306032104
0t
0s
0r
1y
1c
0i
#4306032481
1t
0s
0r
1y
1c
0i
#4306033061
0t
0s
0r
1y
1c
0i
#4306033436
1t
0s
0r
1y
1c
0i
#4306034945
0t
0s
0r
1y
1c
0i
#4306036020
1t
0s
0r
1y
1c
0i
#4306036882
0t
0s
0r
1y
1c
0i
#4306037247
1t
0s
0r
1y
1c
0i
#4306037827
0t
0s
0r
1y
1c
0i
#4306038201
1t
0s
0r
1y
1c
0i
#4306038779
0t
0s
0r
1y
1c
0i
#4306039153
1t
0s
0r
1y
1c
0i
#4306039732
0t
0s
0r
1y
1c
0i
#4306040107
1t
0s
0r
1y
1c
0i
#4306040685
0t
0s
0r
1y
1c
0i
#4306041059
1t
0s
0r
1y
1c
0i
#4306041640
0t
0s
0r
1y
1c
0i
#4306042013
1t
0s
0r
1y
1c
0i
#4306042590
0t
0s
0r
1y
1c
0i
#4306042965
1t
0s
0r
1y
1c
0i
#4306043544
0t
0s
0r
1y
1c
0i
#4306043918
1t
0s
0r
1y
1c
0i
#4306044499
0t
0s
0r
1y
1c
0i
#4306044874
1t
0s
0r
1y
1c
0i
#4306045451
0t
0s
0r
1y
1c
1i
#4306045828
1t
0s
0r
1y
1c
1i
#4306046407
0t
0s
0r
1y
1c
1i
#4306046783
1t
0s
0r
1y
1c
1i
#4306047367
0t
0s
0r
1y
0c
1i
#4306047742
1t
0s
0r
1y
0c
1i
#4306048323
0t
0s
0r
1y
0c
1i
#4306048700
1t
0s
0r
1y
0c
1i
#4306049284
0t
0s
0r
1y
0c
1i
#4306049574
0t
0s
1r
1y
0c
0i
#4306049577
0t
0s
0r
1y
0c
0i
#4306049661
1t
0s
0r
1y
0c
0i
#4306050247
0t
0s
0r
1y
0c
0i
#4306050624
1t
0s
0r
1y
0c
0i
#4306051206
0t
0s
0r
1y
0c
0i
#4306051584
1t
0s
0r
1y
0c
0i
#4306052167
0t
0s
0r
1y
0c
0i
#4306052544
1t
0s
0r
1y
0c
0i
#4306053130
0t
0s
0r
1y
0c
0i
#4306053505
1t
0s
0r
1y
0c
0i
#4306054087
0t
0s
0r
1y
0c
0i
#4306054466
1t
0s
0r
1y
0c
0i
#4306055049
0t
0s
0r
1y
0c
0i
#4306055425
1t
0s
0r
1y
0c
0i
#4306056011
0t
0s
0r
1y
0c
0i
#4306056386
1t
0s
0r
1y
0c
0i
#4306056970
0t
0s
0r
1y
0c
0i
#4306057346
1t
0s
0r
1y
0c
0i
#4306057931
0t
0s
0r
1y
0c
0i
#4306058306
1t
0s
0r
1y
0c
0i
#4306058894
0t
0s
0r
1y
0c
0i
#4306059268
1t
0s
0r
1y
0c
0i
#4306059851
0t
0s
0r
1y
0c
0i
#4306060226
1t
0s
0r
1y
0c
0i
#4306060811
0t
0s
0r
1y
0c
0i
#4306061185
1t
0s
0r
1y
0c
0i
#4306061772
0t
0s
0r
1y
0c
0i
#4306062145
1t
0s
0r
1y
0c
0i
#4306062727
0t
0s
0r
1y
0c
0i
#4306063103
1t
0s
0r
1y
0c
0i
#4306063685
0t
0s
0r
1y
0c
0i
#4306064061
1t
0s
0r
1y
0c
0i
#4306064646
0t
0s
0r
1y
0c
0i
#4306065020
1t
0s
0r
1y
0c
0i
#4306065600
0t
0s
0r
1y
0c
0i
#4306065976
1t
0s
0r
1y
0c
0i
#4306066557
0t
0s
0r
1y
0c
0i
#4306066932
1t
0s
0r
1y
0c
0i
#4306067516
0t
0s
0r
1y
0c
0i
#4306067890
1t
0s
0r
1y
0c
0i
#4306068470
0t
0s
0r
1y
0c
0i
#4306068847
1t
0s
0r
1y
0c
0i
#4306069427
0t
0s
0r
1y
0c
0i
#4306069803
1t
0s
0r
1y
0c
0i
#4306070386
0t
0s
0r
1y
0c
0i
#4306070760
1t
0s
0r
1y
0c
0i
#4306071340
0t
0s
0r
1y
0c
0i
#4306071716
1t
0s
0r
1y
0c
0i
#4306072297
0t
0s
0r
1y
0c
0i
#4306072673
1t
0s
0r
1y
0c
0i
#4306073256
0t
0s
0r
1y
0c
0i
#4306073634
1t
0s
0r
1y
0c
0i
#4306074213
0t
0s
0r
1y
0c
1i
#4306074592
1t
0s
0r
1y
0c
1i
#4306075174
0t
0s
0r
1y
0c
1i
#4306075552
1t
0s
0r
1y
0c
1i
#4306076139
0t
0s
0r
1y
1c
1i
#4306076516
1t
0s
0r
1y
1c
1i
#4306077100
0t
0s
0r
1y
1c
1i
#4306077480
1t
0s
0r
1y
1c
1i
#4306078067
0t
0s
0r
1y
1c
1i
#4306078446
1t
0s
0r
1y
1c
0i
#4306079036
0t
0s
0r
1y
1c
0i
#4306079414
1t
0s
0r
1y
1c
0i
#4306080000
0t
0s
0r
1y
1c
0i
#4306080380
1t
0s
0r
1y
1c
0i
#4306080967
0t
0s
0r
1y
1c
0i
#4306081347
1t
0s
0r
1y
1c
0i
#4306081936
0t
0s
0r
1y
1c
0i
#4306082315
1t
0s
0r
1y
1c
0i
#4306082899
0t
0s
0r
1y
1c
0i
#4306083281
1t
0s
0r
1y
1c
0i
#4306083867
0t
0s
0r
1y
1c
0i
#4306084248
1t
0s
0r
1y
1c
0i
#4306084838
0t
0s
0r
1y
1c
0i
#4306085218
1t
0s
0r
1y
1c
0i
#4306085805
0t
0s
0r
1y
1c
0i
#4306086187
1t
0s
0r
1y
1c
0i
#4306086775
0t
0s
0r
1y
1c
0i
#4306087158
1t
0s
0r
1y
1c
0i
#4306087749
0t
0s
0r
1y
1c
0i
#4306088132
1t
0s
0r
1y
1c
0i
#4306088720
0t
0s
0r
1y
1c
0i
#4306089105
1t
0s
0r
1y
1c
0i
#4306089695
0t
0s
0r
1y
1c
0i
#4306090079
1t
0s
0r
1y
1c
0i
#4306090672
0t
0s
0r
1y
1c
0i
#4306091054
1t
0s
0r
1y
1c
0i
#4306092597
0t
0s
0r
1y
1c
0i
#4306093693
1t
0s
0r
1y
1c
0i
#4306094574
0t
0s
0r
1y
1c
0i
#4306094944
1t
0s
0r
1y
1c
0i
#4306095537
0t
0s
0r
1y
1c
0i
#4306095917
1t
0s
0r
1y
1c
0i
#4306096507
0t
0s
0r
1y
1c
0i
#4306096887
1t
0s
0r
1y
1c
0i
#4306097477
0t
0s
0r
1y
1c
0i
#4306097858
1t
0s
0r
1y
1c
0i
#4306098448
0t
0s
0r
1y
1c
0i
#4306098827
1t
0s
0r
1y
1c
0i
#4306099419
0t
0s
0r
1y
1c
0i
#4306099798
1t
0s
0r
1y
1c
0i
#4306100387
0t
0s
0r
1y
1c
0i
#4306100767
1t
0s
0r
1y
1c
0i
#4306101358
0t
0s
0r
1y
1c
0i
#4306101737
1t
0s
0r
1y
1c
0i
#4306102330
0t
0s
0r
1y
1c
0i
#4306102711
1t
0s
0r
1y
1c
0i
#4306103300
0t
0s
0r
1y
1c
1i
#4306103683
1t
0s
0r
1y
1c
1i
#4306104274
0t
0s
0r
1y
1c
1i
#4306104657
1t
0s
0r
1y
0c
1i
#4306105253
0t
0s
0r
1y
0c
1i
#4306105634
1t
0s
0r
1y
0c
1i
#4306106229
0t
0s
0r
1y
0c
1i
#4306106612
1t
0s
0r
1y
0c
1i
#4306107208
0t
0s
0r
1y
0c
1i
#4306107592
1t
0s
0r
1y
0c
0i
#4306108191
0t
0s
0r
1y
0c
0i
#4306108574
1t
0s
0r
1y
0c
0i
#4306109169
0t
0s
0r
1y
0c
0i
#4306109553
1t
0s
0r
1y
0c
0i
#4306110150
0t
0s
0r
1y
0c
0i
#4306110532
1t
0s
0r
1y
0c
0i
#4306111131
0t
0s
0r
1y
0c
0i
#4306111513
1t
0s
0r
1y
0c
0i
#4306112107
0t
0s
0r
1y
0c
0i
#4306112492
1t
0s
0r
1y
0c
0i
#4306113087
0t
0s
0r
1y
0c
0i
#4306113469
1t
0s
0r
1y
0c
0i
#4306114067
0t
0s
0r
1y
0c
0i
#4306114448
1t
0s
0r
1y
0c
0i
#4306115042
0t
0s
0r
1y
0c
0i
#4306115423
1t
0s
0r
1y
0c
0i
#4306116018
0t
0s
0r
1y
0c
0i
#4306116398
1t
0s
0r
1y
0c
0i
#4306116995
0t
0s
0r
1y
0c
0i
#4306117373
1t
0s
0r
1y
0c
0i
#4306117965
0t
0s
0r
1y
0c
0i
#4306118344
1t
0s
0r
1y
0c
0i
#4306118938
0t
0s
0r
1y
0c
0i
#4306119316
1t
0s
0r
1y
0c
0i
#4306119912
0t
0s
0r
1y
0c
0i
#4306120289
1t
0s
0r
1y
0c
0i
#4306120881
0t
0s
0r
1y
0c
0i
#4306121260
1t
0s
0r
1y
0c
0i
#4306121852
0t
0s
0r
1y
0c
0i
#4306122233
1t
0s
0r
1y
0c
0i
#4306122826
0t
0s
0r
1y
0c
0i
#4306123205
1t
0s
0r
1y
0c
0i
#4306123795
0t
0s
0r
1y
0c
0i
#4306124176
1t
0s
0r
1y
0c
0i
#4306124767
0t
0s
0r
1y
0c
0i
#4306125148
1t
0s
0r
1y
0c
0i
#4306125741
0t
0s
0r
1y
0c
0i
#4306126121
1t
0s
0r
1y
0c
0i
#4306126710
0t
0s
0r
1y
0c
0i
#4306127092
1t
0s
0r
1y
0c
0i
#4306127682
0t
0s
0r
1y
0c
0i
#4306128063
1t
0s
0r
1y
0c
0i
#4306128656
0t
0s
0r
1y
0c
0i
#4306129036
1t
0s
0r
1y
0c
0i
#4306129625
0t
0s
0r
1y
0c
0i
#4306130006
1t
0s
0r
1y
0c
0i
#4306130597
0t
0s
0r
1y
0c
0i
#4306130978
1t
0s
0r
1y
0c
0i
#4306131571
0t
0s
0r
1y
0c
0i
#4306131953
1t
0s
0r
1y
0c
0i
#4306132542
0t
0s
0r
1y
0c
1i
#4306132926
1t
0s
0r
1y
0c
1i
#4306133519
0t
0s
0r
1y
0c
1i
#4306133902
1t
0s
0r
1y
0c
1i
#4306134499
0t
0s
0r
1y
1c
1i
#4306134881
1t
0s
0r
1y
1c
1i
#4306135476
0t
0s
0r
1y
1c
1i
#4306135860
1t
0s
0r
1y
1c
1i
#4306136457
0t
0s
0r
1y
1c
1i
#4306136842
1t
0s
0r
1y
1c
0i
#4306137442
0t
0s
0r
1y
1c
0i
#4306137826
1t
0s
0r
1y
1c
0i
#4306138422
0t
0s
0r
1y
1c
0i
#4306138807
1t
0s
0r
1y
1c
0i
#4306139405
0t
0s
0r
1y
1c
0i
#4306139790
1t
0s
0r
1y
1c
0i
#4306140390
0t
0s
0r
1y
1c
0i
#4306140774
1t
0s
0r
1y
1c
0i
#4306141369
0t
0s
0r
1y
1c
0i
#4306141757
1t
0s
0r
1y
1c
0i
#4306142353
0t
0s
0r
1y
1c
0i
#4306142740
1t
0s
0r
1y
1c
0i
#4306143339
0t
0s
0r
1y
1c
0i
#4306143724
1t
0s
0r
1y
1c
0i
#4306144320
0t
0s
0r
1y
1c
0i
#4306144708
1t
0s
0r
1y
1c
0i
#4306145305
0t
0s
0r
1y
1c
0i
#4306145692
1t
0s
0r
1y
1c
0i
#4306146291
0t
0s
0r
1y
1c
0i
#4306146678
1t
0s
0r
1y
1c
0i
#4306147273
0t
0s
0r
1y
1c
0i
#4306147662
1t
0s
0r
1y
1c
0i
#4306148258
0t
0s
0r
1y
1c
0i
#4306148646
1t
0s
0r
1y
1c
0i
#4306149245
0t
0s
0r
1y
1c
0i
#4306149630
1t
0s
0r
1y
1c
0i
#4306151187
0t
0s
0r
1y
1c
0i
#4306152291
1t
0s
0r
1y
1c
0i
#4306153181
0t
0s
0r
1y
1c
0i
#4306153554
1t
0s
0r
1y
1c
0i
#4306154152
0t
0s
0r
1y
1c
0i
#4306154535
1t
0s
0r
1y
1c
0i
#4306155131
0t
0s
0r
1y
1c
0i
#4306155514
1t
0s
0r
1y
1c
0i
#4306156109
0t
0s
0r
1y
1c
0i
#4306156494
1t
0s
0r
1y
1c
0i
#4306157089
0t
0s
0r
1y
1c
0i
#4306157473
1t
0s
0r
1y
1c
0i
#4306158070
0t
0s
0r
1y
1c
0i
#4306158453
1t
0s
0r
1y
1c
0i
#4306159047
0t
0s
0r
1y
1c
0i
#4306159431
1t
0s
0r
1y
1c
0i
#4306160027
0t
0s
0r
1y
1c
0i
#4306160410
1t
0s
0r
1y
1c
0i
#4306161009
0t
0s
0r
1y
1c
0i
#4306161393
1t
0s
0r
1y
1c
0i
#4306161988
0t
0s
0r
1y
1c
1i
#4306162374
1t
0s
0r
1y
1c
1i
#4306162972
0t
0s
0r
1y
1c
1i
#4306163357
1t
0s
0r
1y
1c
1i
#4306163960
0t
0s
0r
1y
0c
1i
#4306164344
1t
0s
0r
1y
0c
1i
#4306164944
0t
0s
0r
1y
0c
1i
#4306165330
1t
0s
0r
1y
0c
1i
#4306165932
0t
0s
0r
1y
0c
1i
#4306166196
0t
0s
1r
1y
0c
0i
#4306166198
0t
0s
0r
1y
0c
0i
#4306166319
1t
0s
0r
1y
0c
0i
#4306166923
0t
0s
0r
1y
0c
0i
#4306167310
1t
0s
0r
1y
0c
0i
#4306167911
0t
0s
0r
1y
0c
0i
#4306168298
1t
0s
0r
1y
0c
0i
#4306168900
0t
0s
0r
1y
0c
0i
#4306169286
1t
0s
0r
1y
0c
0i
#4306169891
0t
0s
0r
1y
0c
0i
#4306170276
1t
0s
0r
1y
0c
0i
#4306170877
0t
0s
0r
1y
0c
0i
#4306171265
1t
0s
0r
1y
0c
0i
#4306171867
0t
0s
0r
1y
0c
0i
#4306172254
1t
0s
0r
1y
0c
0i
#4306172860
0t
0s
0r
1y
0c
0i
#4306173245
1t
0s
0r
1y
0c
0i
#4306173850
0t
0s
0r
1y
0c
0i
#4306174237
1t
0s
0r
1y
0c
0i
#4306174843
0t
0s
0r
1y
0c
0i
#4306175230
1t
0s
0r
1y
0c
0i
#4306175841
0t
0s
0r
1y
0c
0i
#4306176227
1t
0s
0r
1y
0c
0i
#4306176835
0t
0s
0r
1y
0c
0i
#4306177223
1t
0s
0r
1y
0c
0i
#4306177834
0t
0s
0r
1y
0c
0i
#4306178223
1t
0s
0r
1y
0c
0i
#4306178837
0t
0s
0r
1y
0c
0i
#4306179225
1t
0s
0r
1y
0c
0i
#4306179837
0t
0s
0r
1y
0c
0i
#4306180227
1t
0s
0r
1y
0c
0i
#4306180838
0t
0s
0r
1y
0c
0i
#4306181231
1t
0s
0r
1y
0c
0i
#4306181845
0t
0s
0r
1y
0c
0i
#4306182235
1t
0s
0r
1y
0c
0i
#4306182845
0t
0s
0r
1y
0c
0i
#4306183237
1t
0s
0r
1y
0c
0i
#4306183848
0t
0s
0r
1y
0c
0i
#4306184239
1t
0s
0r
1y
0c
0i
#4306184853
0t
0s
0r
1y
0c
0i
#4306185242
1t
0s
0r
1y
0c
0i
#4306185851
0t
0s
0r
1y
0c
0i
#4306186243
1t
0s
0r
1y
0c
0i
#4306186852
0t
0s
0r
1y
0c
0i
#4306187243
1t
0s
0r
1y
0c
0i
#4306187855
0t
0s
0r
1y
0c
0i
#4306188245
1t
0s
0r
1y
0c
0i
#4306188853
0t
0s
0r
1y
0c
0i
#4306189245
1t
0s
0r
1y
0c
0i
#4306189855
0t
0s
0r
1y
0c
0i
#4306190247
1t
0s
0r
1y
0c
0i
#4306190859
0t
0s
0r
1y
0c
0i
#4306191252
1t
0s
0r
1y
0c
0i
#4306191861
0t
0s
0r
1y
0c
1i
#4306192255
1t
0s
0r
1y
0c
1i
#4306192868
0t
0s
0r
1y
0c
1i
#4306193262
1t
0s
0r
1y
0c
1i
#4306193879
0t
0s
0r
1y
1c
1i
#4306194273
1t
0s
0r
1y
1c
1i
#4306194889
0t
0s
0r
1y
1c
1i
#4306195284
1t
0s
0r
1y
1c
1i
#4306195903
0t
0s
0r
1y
1c
1i
#4306196299
1t
0s
0r
1y
1c
0i
#4306196920
0t
0s
0r
1y
1c
0i
#4306197315
1t
0s
0r
1y
1c
0i
#4306197933
0t
0s
0r
1y
1c
0i
#4306198330
1t
0s
0r
1y
1c
0i
#4306198948
0t
0s
0r
1y
1c
0i
#4306199344
1t
0s
0r
1y
1c
0i
#4306199966
0t
0s
0r
1y
1c
0i
#4306200360
1t
0s
0r
1y
1c
0i
#4306200976
0t
0s
0r
1y
1c
0i
#4306201374
1t
0s
0r
1y
1c
0i
#4306201991
0t
0s
0r
1y
1c
0i
#4306202388
1t
0s
0r
1y
1c
0i
#4306203007
0t
0s
0r
1y
1c
0i
#4306203402
1t
0s
0r
1y
1c
0i
#4306204017
0t
0s
0r
1y
1c
0i
#4306204414
1t
0s
0r
1y
1c
0i
#4306205031
0t
0s
0r
1y
1c
0i
#4306205427
1t
0s
0r
1y
1c
0i
#4306206044
0t
0s
0r
1y
1c
0i
#4306206440
1t
0s
0r
1y
1c
0i
#4306207053
0t
0s
0r
1y
1c
0i
#4306207450
1t
0s
0r
1y
1c
0i
#4306208063
0t
0s
0r
1y
1c
0i
#4306208459
1t
0s
0r
1y
1c
0i
#4306209074
0t
0s
0r
1y
1c
0i
#4306209468
1t
0s
0r
1y
1c
0i
#4306211065
0t
0s
0r
1y
1c
0i
#4306212195
1t
0s
0r
1y
1c
0i
#4306213109
0t
0s
0r
1y
1c
0i
#4306213491
1t
0s
0r
1y
1c
0i
#4306214107
0t
0s
0r
1y
1c
0i
#4306214498
1t
0s
0r
1y
1c
0i
#4306215112
0t
0s
0r
1y
1c
0i
#4306215504
1t
0s
0r
1y
1c
0i
#4306216117
0t
0s
0r
1y
1c
0i
#4306216511
1t
0s
0r
1y
1c
0i
#4306217124
0t
0s
0r
1y
1c
0i
#4306217517
1t
0s
0r
1y
1c
0i
#4306218132
0t
0s
0r
1y
1c
0i
#4306218524
1t
0s
0r
1y
1c
0i
#4306219136
0t
0s
0r
1y
1c
0i
#4306219529
1t
0s
0r
1y
1c
0i
#4306220143
0t
0s
0r
1y
1c
0i
#4306220536
1t
0s
0r
1y
1c
0i
#4306221152
0t
0s
0r
1y
1c
0i
#4306221546
1t
0s
0r
1y
1c
0i
#4306222159
0t
0s
0r
1y
1c
1i
#4306222554
1t
0s
0r
1y
1c
1i
#4306223170
0t
0s
0r
1y
0c
1i
#4306223565
1t
0s
0r
1y
0c
1i
#4306224185
0t
0s
0r
1y
0c
1i
#4306224579
1t
0s
0r
1y
0c
1i
#4306225197
0t
0s
0r
1y
0c
1i
#4306225594
1t
0s
0r
1y
0c
1i
#4306226215
0t
0s
0r
1y
0c
1i
#4306226611
1t
0s
0r
1y
0c
0i
#4306227235
0t
0s
0r
1y
0c
0i
#4306227631
1t
0s
0r
1y
0c
0i
#4306228251
0t
0s
0r
1y
0c
0i
#4306228648
1t
0s
0r
1y
0c
0i
#4306229270
0t
0s
0r
1y
0c
0i
#4306229665
1t
0s
0r
1y
0c
0i
#4306230289
0t
0s
0r
1y
0c
0i
#4306230683
1t
0s
0r
1y
0c
0i
#4306231302
0t
0s
0r
1y
0c
0i
#4306231699
1t
0s
0r
1y
0c
0i
#4306232318
0t
0s
0r
1y
0c
0i
#4306232713
1t
0s
0r
1y
0c
0i
#4306233334
0t
0s
0r
1y
0c
0i
#4306233727
1t
0s
0r
1y
0c
0i
#4306234345
0t
0s
0r
1y
0c
0i
#4306234738
1t
0s
0r
1y
0c
0i
#4306235355
0t
0s
0r
1y
0c
0i
#4306235747
1t
0s
0r
1y
0c
0i
#4306236367
0t
0s
0r
1y
0c
0i
#4306236757
1t
0s
0r
1y
0c
0i
#4306237371
0t
0s
0r
1y
0c
0i
#4306237762
1t
0s
0r
1y
0c
0i
#4306238378
0t
0s
0r
1y
0c
0i
#4306238768
1t
0s
0r
1y
0c
0i
#4306239386
0t
0s
0r
1y
0c
0i
#4306239774
1t
0s
0r
1y
0c
0i
#4306240388
0t
0s
0r
1y
0c
0i
#4306240779
1t
0s
0r
1y
0c
0i
#4306241393
0t
0s
0r
1y
0c
0i
#4306241785
1t
0s
0r
1y
0c
0i
#4306242401
0t
0s
0r
1y
0c
0i
#4306242791
1t
0s
0r
1y
0c
0i
#4306243403
0t
0s
0r
1y
0c
0i
#4306243796
1t
0s
0r
1y
0c
0i
#4306244409
0t
0s
0r
1y
0c
0i
#4306244801
1t
0s
0r
1y
0c
0i
#4306245417
0t
0s
0r
1y
0c
0i
#4306245808
1t
0s
0r
1y
0c
0i
#4306246420
0t
0s
0r
1y
0c
0i
#4306246813
1t
0s
0r
1y
0c
0i
#4306247426
0t
0s
0r
1y
0c
0i
#4306247819
1t
0s
0r
1y
0c
0i
#4306248435
0t
0s
0r
1y
0c
0i
#4306248827
1t
0s
0r
1y
0c
0i
#4306249439
0t
0s
0r
1y
0c
0i
#4306249833
1t
0s
0r
1y
0c
0i
#4306250446
0t
0s
0r
1y
0c
0i
#4306250840
1t
0s
0r
1y
0c
0i
#4306251456
0t
0s
0r
1y
0c
0i
#4306251851
1t
0s
0r
1y
0c
0i
#4306252463
0t
0s
0r
1y
0c
1i
#4306252859
1t
0s
0r
1y
0c
1i
#4306253476
0t
0s
0r
1y
0c
1i
#4306253871
1t
0s
0r
1y
0c
1i
#4306254492
0t
0s
0r
1y
1c
1i
#4306254887
1t
0s
0r
1y
1c
1i
#4306255506
0t
0s
0r
1y
1c
1i
#4306255903
1t
0s
0r
1y
1c
1i
#4306256524
0t
0s
0r
1y
1c
1i
#4306256922
1t
0s
0r
1y
1c
0i
#4306257546
0t
0s
0r
1y
1c
0i
#4306257943
1t
0s
0r
1y
1c
0i
#4306258564
0t
0s
0r
1y
1c
0i
#4306258962
1t
0s
0r
1y
1c
0i
#4306259584
0t
0s
0r
1y
1c
0i
#4306259981
1t
0s
0r
1y
1c
0i
#4306260605
0t
0s
0r
1y
1c
0i
#4306261002
1t
0s
0r
1y
1c
0i
#4306261621
0t
0s
0r
1y
1c
0i
#4306262022
1t
0s
0r
1y
1c
0i
#4306262642
0t
0s
0r
1y
1c
0i
#4306263041
1t
0s
0r
1y
1c
0i
#4306263665
0t
0s
0r
1y
1c
0i
#4306264063
1t
0s
0r
1y
1c
0i
#4306264684
0t
0s
0r
1y
1c
0i
#4306265083
1t
0s
0r
1y
1c
0i
#4306265705
0t
0s
0r
1y
1c
0i
#4306266105
1t
0s
0r
1y
1c
0i
#4306266729
0t
0s
0r
1y
1c
0i
#4306267130
1t
0s
0r
1y
1c
0i
#4306267750
0t
0s
0r
1y
1c
0i
#4306268152
1t
0s
0r
1y
1c
0i
#4306268774
0t
0s
0r
1y
1c
0i
#4306269175
1t
0s
0r
1y
1c
0i
#4306269800
0t
0s
0r
1y
1c
0i
#4306270200
1t
0s
0r
1y
1c
0i
#4306271821
0t
0s
0r
1y
1c
0i
#4306272967
1t
0s
0r
1y
1c
0i
#4306273895
0t
0s
0r
1y
1c
0i
#4306274282
1t
0s
0r
1y
1c
0i
#4306274906
0t
0s
0r
1y
1c
0i
#4306275303
1t
0s
0r
1y
1c
0i
#4306275925
0t
0s
0r
1y
1c
0i
#4306276322
1t
0s
0r
1y
1c
0i
#4306276944
0t
0s
0r
1y
1c
0i
#4306277342
1t
0s
0r
1y
1c
0i
#4306277964
0t
0s
0r
1y
1c
0i
#4306278361
1t
0s
0r
1y
1c
0i
#4306278986
0t
0s
0r
1y
1c
0i
#4306279382
1t
0s
0r
1y
1c
0i
#4306280004
0t
0s
0r
1y
1c
0i
#4306280401
1t
0s
0r
1y
1c
0i
#4306281024
0t
0s
0r
1y
1c
0i
#4306281422
1t
0s
0r
1y
1c
0i
#4306282047
0t
0s
0r
1y
1c
0i
#4306282446
1t
0s
0r
1y
1c
0i
#4306283068
0t
0s
0r
1y
1c
1i
#4306283469
1t
0s
0r
1y
1c
1i
#4306284094
0t
0s
0r
1y
1c
1i
#4306284494
1t
0s
0r
1y
1c
1i
#4306285124
0t
0s
0r
1y
0c
1i
#4306285523
1t
0s
0r
1y
0c
1i
#4306286151
0t
0s
0r
1y
0c
1i
#4306286552
1t
0s
0r
1y
0c
1i
#4306287182
0t
0s
0r
1y
0c
1i
#4306287389
0t
0s
1r
1y
0c
1i
#4306287391
0t
0s
0r
1y
0c
1i
#4306287584
1t
0s
0r
1y
0c
0i
#4306288217
0t
0s
0r
1y
0c
0i
#4306288617
1t
0s
0r
1y
0c
0i
#4306289246
0t
0s
0r
1y
0c
0i
#4306289648
1t
0s
0r
1y
0c
0i
#4306290277
0t
0s
0r
1y
0c
0i
#4306290678
1t
0s
0r
1y
0c
0i
#4306291311
0t
0s
0r
1y
0c
0i
#4306291710
1t
0s
0r
1y
0c
0i
#4306292338
0t
0s
0r
1y
0c
0i
#4306292740
1t
0s
0r
1y
0c
0i
#4306293369
0t
0s
0r
1y
0c
0i
#4306293770
1t
0s
0r
1y
0c
0i
#4306294403
0t
0s
0r
1y
0c
0i
#4306294802
1t
0s
0r
1y
0c
0i
#4306295432
0t
0s
0r
1y
0c
0i
#4306295833
1t
0s
0r
1y
0c
0i
#4306296464
0t
0s
0r
1y
0c
0i
#4306296864
1t
0s
0r
1y
0c
0i
#4306297500
0t
0s
0r
1y
0c
0i
#4306297899
1t
0s
0r
1y
0c
0i
#4306298531
0t
0s
0r
1y
0c
0i
#4306298931
1t
0s
0r
1y
0c
0i
#4306299564
0t
0s
0r
1y
0c
0i
#4306299964
1t
0s
0r
1y
0c
0i
#4306300600
0t
0s
0r
1y
0c
0i
#4306300998
1t
0s
0r
1y
0c
0i
#4306301629
0t
0s
0r
1y
0c
0i
#4306302030
1t
0s
0r
1y
0c
0i
#4306302661
0t
0s
0r
1y
0c
0i
#4306303063
1t
0s
0r
1y
0c
0i
#4306303695
0t
0s
0r
1y
0c
0i
#4306304095
1t
0s
0r
1y
0c
0i
#4306304723
0t
0s
0r
1y
0c
0i
#4306305124
1t
0s
0r
1y
0c
0i
#4306305754
0t
0s
0r
1y
0c
0i
#4306306154
1t
0s
0r
1y
0c
0i
#4306306786
0t
0s
0r
1y
0c
0i
#4306307185
1t
0s
0r
1y
0c
0i
#4306307812
0t
0s
0r
1y
0c
0i
#4306308214
1t
0s
0r
1y
0c
0i
#4306308842
0t
0s
0r
1y
0c
0i
#4306309243
1t
0s
0r
1y
0c
0i
#4306309874
0t
0s
0r
1y
0c
0i
#4306310273
1t
0s
0r
1y
0c
0i
#4306310900
0t
0s
0r
1y
0c
0i
#4306311302
1t
0s
0r
1y
0c
0i
#4306311931
0t
0s
0r
1y
0c
0i
#4306312333
1t
0s
0r
1y
0c
0i
#4306312964
0t
0s
0r
1y
0c
0i
#4306313367
1t
0s
0r
1y
0c
0i
#4306313995
0t
0s
0r
1y
0c
1i
#4306314399
1t
0s
0r
1y
0c
1i
#4306315031
0t
0s
0r
1y
0c
1i
#4306315435
1t
0s
0r
1y
1c
1i
#4306316071
0t
0s
0r
1y
1c
1i
#4306316474
1t
0s
0r
1y
1c
1i
#4306317108
0t
0s
0r
1y
1c
1i
#4306317514
1t
0s
0r
1y
1c
1i
#4306318151
0t
0s
0r
1y
1c
1i
#4306318557
1t
0s
0r
1y
1c
0i
#4306319198
0t
0s
0r
1y
1c
0i
#4306319602
1t
0s
0r
1y
1c
0i
#4306320240
0t
0s
0r
1y
1c
0i
#4306320645
1t
0s
0r
1y
1c
0i
#4306321283
0t
0s
0r
1y
1c
0i
#4306321689
1t
0s
0r
1y
1c
0i
#4306322329
0t
0s
0r
1y
1c
0i
#4306322734
1t
0s
0r
1y
1c
0i
#4306323369
0t
0s
0r
1y
1c
0i
#4306323777
1t
0s
0r
1y
1c
0i
#4306324412
0t
0s
0r
1y
1c
0i
#4306324819
1t
0s
0r
1y
1c
0i
#4306325458
0t
0s
0r
1y
1c
0i
#4306325864
1t
0s
0r
1y
1c
0i
#4306326498
0t
0s
0r
1y
1c
0i
#4306326905
1t
0s
0r
1y
1c
0i
#4306327541
0t
0s
0r
1y
1c
0i
#4306327947
1t
0s
0r
1y
1c
0i
#4306328584
0t
0s
0r
1y
1c
0i
#4306328990
1t
0s
0r
1y
1c
0i
#4306329623
0t
0s
0r
1y
1c
0i
#4306330030
1t
0s
0r
1y
1c
0i
#4306330663
0t
0s
0r
1y
1c
0i
#4306331068
1t
0s
0r
1y
1c
0i
#4306331703
0t
0s
0r
1y
1c
0i
#4306332106
1t
0s
0r
1y
1c
0i
#4306333751
0t
0s
0r
1y
1c
0i
#4306334913
1t
0s
0r
1y
1c
0i
#4306335855
0t
0s
0r
1y
1c
0i
#4306336246
1t
0s
0r
1y
1c
0i
#4306336881
0t
0s
0r
1y
1c
0i
#4306337282
1t
0s
0r
1y
1c
0i
#4306337915
0t
0s
0r
1y
1c
0i
#4306338317
1t
0s
0r
1y
1c
0i
#4306338949
0t
0s
0r
1y
1c
0i
#4306339353
1t
0s
0r
1y
1c
0i
#4306339985
0t
0s
0r
1y
1c
0i
#4306340387
1t
0s
0r
1y
1c
0i
#4306341021
0t
0s
0r
1y
1c
0i
#4306341423
1t
0s
0r
1y
1c
0i
#4306342054
0t
0s
0r
1y
1c
0i
#4306342456
1t
0s
0r
1y
1c
0i
#4306343090
0t
0s
0r
1y
1c
0i
#4306343492
1t
0s
0r
1y
1c
0i
#4306344127
0t
0s
0r
1y
1c
0i
#4306344531
1t
0s
0r
1y
1c
0i
#4306345162
0t
0s
0r
1y
1c
1i
#4306345568
1t
0s
0r
1y
1c
1i
#4306346202
0t
0s
0r
1y
0c
1i
#4306346607
1t
0s
0r
1y
0c
1i
#4306347247
0t
0s
0r
1y
0c
1i
#4306347651
1t
0s
0r
1y
0c
1i
#4306348289
0t
0s
0r
1y
0c
1i
#4306348695
1t
0s
0r
1y
0c
1i
#4306349335
0t
0s
0r
1y
0c
1i
#4306349742
1t
0s
0r
1y
0c
0i
#4306350386
0t
0s
0r
1y
0c
0i
#4306350791
1t
0s
0r
1y
0c
0i
#4306351431
0t
0s
0r
1y
0c
0i
#4306351838
1t
0s
0r
1y
0c
0i
#4306352479
0t
0s
0r
1y
0c
0i
#4306352885
1t
0s
0r
1y
0c
0i
#4306353529
0t
0s
0r
1y
0c
0i
#4306353933
1t
0s
0r
1y
0c
0i
#4306354572
0t
0s
0r
1y
0c
0i
#4306354980
1t
0s
0r
1y
0c
0i
#4306355619
0t
0s
0r
1y
0c
0i
#4306356025
1t
0s
0r
1y
0c
0i
#4306356667
0t
0s
0r
1y
0c
0i
#4306357070
1t
0s
0r
1y
0c
0i
#4306357708
0t
0s
0r
1y
0c
0i
#4306358113
1t
0s
0r
1y
0c
0i
#4306358751
0t
0s
0r
1y
0c
0i
#4306359153
1t
0s
0r
1y
0c
0i
#4306359794
0t
0s
0r
1y
0c
0i
#4306360194
1t
0s
0r
1y
0c
0i
#4306360828
0t
0s
0r
1y
0c
0i
#4306361230
1t
0s
0r
1y
0c
0i
#4306361866
0t
0s
0r
1y
0c
0i
#4306362267
1t
0s
0r
1y
0c
0i
#4306362904
0t
0s
0r
1y
0c
0i
#4306363304
1t
0s
0r
1y
0c
0i
#4306363938
0t
0s
0r
1y
0c
0i
#4306364339
1t
0s
0r
1y
0c
0i
#4306364973
0t
0s
0r
1y
0c
0i
#4306365376
1t
0s
0r
1y
0c
0i
#4306366013
0t
0s
0r
1y
0c
0i
#4306366414
1t
0s
0r
1y
0c
0i
#4306367046
0t
0s
0r
1y
0c
0i
#4306367449
1t
0s
0r
1y
0c
0i
#4306368082
0t
0s
0r
1y
0c
0i
#4306368485
1t
0s
0r
1y
0c
0i
#4306369122
0t
0s
0r
1y
0c
0i
#4306369523
1t
0s
0r
1y
0c
0i
#4306370156
0t
0s
0r
1y
0c
0i
#4306370560
1t
0s
0r
1y
0c
0i
#4306371193
0t
0s
0r
1y
0c
0i
#4306371596
1t
0s
0r
1y
0c
0i
#4306372233
0t
0s
0r
1y
0c
0i
#4306372635
1t
0s
0r
1y
0c
0i
#4306373267
0t
0s
0r
1y
0c
0i
#4306373672
1t
0s
0r
1y
0c
0i
#4306374306
0t
0s
0r
1y
0c
0i
#4306374710
1t
0s
0r
1y
0c
0i
#4306375346
0t
0s
0r
1y
0c
0i
#4306375752
1t
0s
0r
1y
0c
0i
#4306376385
0t
0s
0r
1y
0c
1i
#4306376792
1t
0s
0r
1y
0c
1i
#4306377429
0t
0s
0r
1y
1c
1i
#4306377836
1t
0s
0r
1y
1c
1i
#4306378477
0t
0s
0r
1y
1c
1i
#4306378883
1t
0s
0r
1y
1c
1i
#4306379523
0t
0s
0r
1y
1c
1i
#4306379932
1t
0s
0r
1y
1c
1i
#4306380574
0t
0s
0r
1y
1c
1i
#4306380983
1t
0s
0r
1y
1c
0i
#4306381630
0t
0s
0r
1y
1c
0i
#4306382037
1t
0s
0r
1y
1c
0i
#4306382680
0t
0s
0r
1y
1c
0i
#4306383089
1t
0s
0r
1y
1c
0i
#4306383733
0t
0s
0r
1y
1c
0i
#4306384142
1t
0s
0r
1y
1c
0i
#4306384788
0t
0s
0r
1y
1c
0i
#4306385195
1t
0s
0r
1y
1c
0i
#4306385836
0t
0s
0r
1y
1c
0i
#4306386246
1t
0s
0r
1y
1c
0i
#4306386887
0t
0s
0r
1y
1c
0i
#4306387296
1t
0s
0r
1y
1c
0i
#4306387938
0t
0s
0r
1y
1c
0i
#4306388345
1t
0s
0r
1y
1c
0i
#4306388981
0t
0s
0r
1y
1c
0i
#4306389389
1t
0s
0r
1y
1c
0i
#4306390024
0t
0s
0r
1y
1c
0i
#4306390431
1t
0s
0r
1y
1c
0i
#4306391067
0t
0s
0r
1y
1c
0i
#4306391472
1t
0s
0r
1y
1c
0i
#4306392102
0t
0s
0r
1y
1c
0i
#4306392508
1t
0s
0r
1y
1c
0i
#4306393139
0t
0s
0r
1y
1c
0i
#4306393544
1t
0s
0r
1y
1c
0i
#4306394177
0t
0s
0r
1y
1c
0i
#4306394580
1t
0s
0r
1y
1c
0i
#4306396223
0t
0s
0r
1y
1c
0i
#4306397382
1t
0s
0r
1y
1c
0i
#4306398324
0t
0s
0r
1y
1c
0i
#4306398715
1t
0s
0r
1y
1c
0i
#4306399349
0t
0s
0r
1y
1c
0i
#4306399750
1t
0s
0r
1y
1c
0i
#4306400382
0t
0s
0r
1y
1c
0i
#4306400784
1t
0s
0r
1y
1c
0i
#4306401416
0t
0s
0r
1y
1c
0i
#4306401819
1t
0s
0r
1y
1c
0i
#4306402450
0t
0s
0r
1y
1c
0i
#4306402852
1t
0s
0r
1y
1c
0i
#4306403486
0t
0s
0r
1y
1c
0i
#4306403888
1t
0s
0r
1y
1c
0i
#4306404518
0t
0s
0r
1y
1c
0i
#4306404920
1t
0s
0r
1y
1c
0i
#4306405553
0t
0s
0r
1y
1c
0i
#4306405955
1t
0s
0r
1y
1c
0i
#4306406589
0t
0s
0r
1y
1c
0i
#4306406993
1t
0s
0r
1y
1c
0i
#4306407624
0t
0s
0r
1y
1c
0i
#4306408029
1t
0s
0r
1y
0c
1i
#4306408664
0t
0s
0r
1y
0c
1i
#4306409068
1t
0s
0r
1y
0c
1i
#4306409708
0t
0s
0r
1y
0c
1i
#4306410111
1t
0s
0r
1y
0c
1i
#4306410749
0t
0s
0r
1y
0c
1i
#4306411155
1t
0s
0r
1y
0c
1i
#4306411795
0t
0s
0r
1y
0c
1i
#4306412202
1t
0s
0r
1y
0c
1i
#4306412266
1t
0s
1r
1y
0c
0i
#4306412269
1t
0s
0r
1y
0c
0i
#4306412844
0t
0s
0r
1y
0c
0i
#4306413251
1t
0s
0r
1y
0c
0i
#4306413890
0t
0s
0r
1y
0c
0i
#4306414297
1t
0s
0r
1y
0c
0i
#4306414938
0t
0s
0r
1y
0c
0i
#4306415344
1t
0s
0r
1y
0c
0i
#4306415987
0t
0s
0r
1y
0c
0i
#4306416392
1t
0s
0r
1y
0c
0i
#4306417029
0t
0s
0r
1y
0c
0i
#4306417437
1t
0s
0r
1y
0c
0i
#4306418075
0t
0s
0r
1y
0c
0i
#4306418480
1t
0s
0r
1y
0c
0i
#4306419120
0t
0s
0r
1y
0c
0i
#4306419523
1t
0s
0r
1y
0c
0i
#4306420158
0t
0s
0r
1y
0c
0i
#4306420561
1t
0s
0r
1y
0c
0i
#4306421196
0t
0s
0r
1y
0c
0i
#4306421596
1t
0s
0r
1y
0c
0i
#4306422233
0t
0s
0r
1y
0c
0i
#4306422631
1t
0s
0r
1y
0c
0i
#4306423261
0t
0s
0r
1y
0c
0i
#4306423661
1t
0s
0r
1y
0c
0i
#4306424292
0t
0s
0r
1y
0c
0i
#4306424691
1t
0s
0r
1y
0c
0i
#4306425324
0t
0s
0r
1y
0c
0i
#4306425722
1t
0s
0r
1y
0c
0i
#4306426351
0t
0s
0r
1y
0c
0i
#4306426751
1t
0s
0r
1y
0c
0i
#4306427380
0t
0s
0r
1y
0c
0i
#4306427781
1t
0s
0r
1y
0c
0i
#4306428412
0t
0s
0r
1y
0c
0i
#4306428812
1t
0s
0r
1y
0c
0i
#4306429439
0t
0s
0r
1y
0c
0i
#4306429841
1t
0s
0r
1y
0c
0i
#4306430470
0t
0s
0r
1y
0c
0i
#4306430870
1t
0s
0r
1y
0c
0i
#4306431503
0t
0s
0r
1y
0c
0i
#4306431902
1t
0s
0r
1y
0c
0i
#4306432530
0t
0s
0r
1y
0c
0i
#4306432932
1t
0s
0r
1y
0c
0i
#4306433561
0t
0s
0r
1y
0c
0i
#4306433962
1t
0s
0r
1y
0c
0i
#4306434593
0t
0s
0r
1y
0c
0i
#4306434994
1t
0s
0r
1y
0c
0i
#4306435621
0t
0s
0r
1y
0c
0i
#4306436023
1t
0s
0r
1y
0c
0i
#4306436653
0t
0s
0r
1y
0c
0i
#4306437055
1t
0s
0r
1y
0c
0i
#4306437686
0t
0s
0r
1y
0c
0i
#4306438089
1t
0s
0r
1y
0c
0i
#4306438717
0t
0s
0r
1y
0c
0i
#4306439122
1t
0s
0r
1y
0c
1i
#4306439754
0t
0s
0r
1y
1c
1i
#4306440158
1t
0s
0r
1y
1c
1i
#4306440795
0t
0s
0r
1y
1c
1i
#4306441198
1t
0s
0r
1y
1c
1i
#4306441833
0t
0s
0r
1y
1c
1i
#4306442238
1t
0s
0r
1y
1c
1i
#4306442876
0t
0s
0r
1y
1c
1i
#4306443282
1t
0s
0r
1y
1c
0i
#4306443924
0t
0s
0r
1y
1c
0i
#4306444328
1t
0s
0r
1y
1c
0i
#4306444966
0t
0s
0r
1y
1c
0i
#4306445373
1t
0s
0r
1y
1c
0i
#4306446011
0t
0s
0r
1y
1c
0i
#4306446417
1t
0s
0r
1y
1c
0i
#4306447058
0t
0s
0r
1y
1c
0i
#4306447464
1t
0s
0r
1y
1c
0i
#4306448099
0t
0s
0r
1y
1c
0i
#4306448508
1t
0s
0r
1y
1c
0i
#4306449144
0t
0s
0r
1y
1c
0i
#4306449551
1t
0s
0r
1y
1c
0i
#4306450191
0t
0s
0r
1y
1c
0i
#4306450596
1t
0s
0r
1y
1c
0i
#4306451230
0t
0s
0r
1y
1c
0i
#4306451636
1t
0s
0r
1y
1c
0i
#4306452271
0t
0s
0r
1y
1c
0i
#4306452676
1t
0s
0r
1y
1c
0i
#4306453312
0t
0s
0r
1y
1c
0i
#4306453716
1t
0s
0r
1y
1c
0i
#4306454346
0t
0s
0r
1y
1c
0i
#4306454752
1t
0s
0r
1y
1c
0i
#4306455382
0t
0s
0r
1y
1c
0i
#4306455786
1t
0s
0r
1y
1c
0i
#4306456418
0t
0s
0r
1y
1c
0i
#4306456821
1t
0s
0r
1y
1c
0i
#4306458458
0t
0s
0r
1y
1c
0i
#4306459615
1t
0s
0r
1y
1c
0i
#4306460554
0t
0s
0r
1y
1c
0i
#4306460944
1t
0s
0r
1y
1c
0i
#4306461576
0t
0s
0r
1y
1c
0i
#4306461976
1t
0s
0r
1y
1c
0i
#4306462606
0t
0s
0r
1y
1c
0i
#4306463007
1t
0s
0r
1y
1c
0i
#4306463637
0t
0s
0r
1y
1c
0i
#4306464040
1t
0s
0r
1y
1c
0i
#4306464669
0t
0s
0r
1y
1c
0i
#4306465070
1t
0s
0r
1y
1c
0i
#4306465703
0t
0s
0r
1y
1c
0i
#4306466104
1t
0s
0r
1y
1c
0i
#4306466733
0t
0s
0r
1y
1c
0i
#4306467135
1t
0s
0r
1y
1c
0i
#4306467766
0t
0s
0r
1y
1c
0i
#4306468168
1t
0s
0r
1y
1c
0i
#4306468801
0t
0s
0r
1y
1c
0i
#4306469204
1t
0s
0r
1y
1c
0i
#4306469835
0t
0s
0r
1y
1c
0i
#4306470239
1t
0s
0r
1y
1c
1i
#4306470873
0t
0s
0r
1y
0c
1i
#4306471277
1t
0s
0r
1y
0c
1i
#4306471915
0t
0s
0r
1y
0c
1i
#4306472318
1t
0s
0r
1y
0c
1i
#4306472954
0t
0s
0r
1y
0c
1i
#4306473360
1t
0s
0r
1y
0c
1i
#4306473998
0t
0s
0r
1y
0c
1i
#4306474404
1t
0s
0r
1y
0c
0i
#4306475046
0t
0s
0r
1y
0c
0i
#4306475451
1t
0s
0r
1y
0c
0i
#4306476089
0t
0s
0r
1y
0c
0i
#4306476495
1t
0s
0r
1y
0c
0i
#4306477134
0t
0s
0r
1y
0c
0i
#4306477539
1t
0s
0r
1y
0c
0i
#4306478181
0t
0s
0r
1y
0c
0i
#4306478584
1t
0s
0r
1y
0c
0i
#4306479222
0t
0s
0r
1y
0c
0i
#4306479628
1t
0s
0r
1y
0c
0i
#4306480266
0t
0s
0r
1y
0c
0i
#4306480671
1t
0s
0r
1y
0c
0i
#4306481313
0t
0s
0r
1y
0c
0i
#4306481716
1t
0s
0r
1y
0c
0i
#4306482355
0t
0s
0r
1y
0c
0i
#4306482760
1t
0s
0r
1y
0c
0i
#4306483400
0t
0s
0r
1y
0c
0i
#4306483803
1t
0s
0r
1y
0c
0i
#4306484447
0t
0s
0r
1y
0c
0i
#4306484849
1t
0s
0r
1y
0c
0i
#4306485489
0t
0s
0r
1y
0c
0i
#4306485892
1t
0s
0r
1y
0c
0i
#4306486533
0t
0s
0r
1y
0c
0i
#4306486936
1t
0s
0r
1y
0c
0i
#4306487580
0t
0s
0r
1y
0c
0i
#4306487981
1t
0s
0r
1y
0c
0i
#4306488619
0t
0s
0r
1y
0c
0i
#4306489023
1t
0s
0r
1y
0c
0i
#4306489661
0t
0s
0r
1y
0c
0i
#4306490066
1t
0s
0r
1y
0c
0i
#4306490706
0t
0s
0r
1y
0c
0i
#4306491109
1t
0s
0r
1y
0c
0i
#4306491745
0t
0s
0r
1y
0c
0i
#4306492150
1t
0s
0r
1y
0c
0i
#4306492787
0t
0s
0r
1y
0c
0i
#4306493191
1t
0s
0r
1y
0c
0i
#4306493831
0t
0s
0r
1y
0c
0i
#4306494234
1t
0s
0r
1y
0c
0i
#4306494869
0t
0s
0r
1y
0c
0i
#4306495274
1t
0s
0r
1y
0c
0i
#4306495911
0t
0s
0r
1y
0c
0i
#4306496316
1t
0s
0r
1y
0c
0i
#4306496955
0t
0s
0r
1y
0c
0i
#4306497359
1t
0s
0r
1y
0c
0i
#4306497995
0t
0s
0r
1y
0c
0i
#4306498401
1t
0s
0r
1y
0c
0i
#4306499038
0t
0s
0r
1y
0c
0i
#4306499445
1t
0s
0r
1y
0c
0i
#4306500085
0t
0s
0r
1y
0c
0i
#4306500492
1t
0s
0r
1y
0c
0i
#4306501129
0t
0s
0r
1y
0c
0i
#4306501538
1t
0s
0r
1y
0c
1i
#4306502179
0t
0s
0r
1y
1c
1i
#4306502587
1t
0s
0r
1y
1c
1i
#4306503233
0t
0s
0r
1y
1c
1i
#4306503641
1t
0s
0r
1y
1c
1i
#4306504285
0t
0s
0r
1y
1c
1i
#4306504695
1t
0s
0r
1y
1c
1i
#4306505342
0t
0s
0r
1y
1c
1i
#4306505752
1t
0s
0r
1y
1c
0i
#4306506402
0t
0s
0r
1y
1c
0i
#4306506811
1t
0s
0r
1y
1c
0i
#4306507458
0t
0s
0r
1y
1c
0i
#4306507868
1t
0s
0r
1y
1c
0i
#4306508515
0t
0s
0r
1y
1c
0i
#4306508925
1t
0s
0r
1y
1c
0i
#4306509573
0t
0s
0r
1y
1c
0i
#4306509982
1t
0s
0r
1y
1c
0i
#4306510625
0t
0s
0r
1y
1c
0i
#4306511036
1t
0s
0r
1y
1c
0i
#4306511679
0t
0s
0r
1y
1c
0i
#4306512089
1t
0s
0r
1y
1c
0i
#4306512733
0t
0s
0r
1y
1c
0i
#4306513141
1t
0s
0r
1y
1c
0i
#4306513779
0t
0s
0r
1y
1c
0i
#4306514188
1t
0s
0r
1y
1c
0i
#4306514825
0t
0s
0r
1y
1c
0i
#4306515232
1t
0s
0r
1y
1c
0i
#4306515871
0t
0s
0r
1y
1c
0i
#4306516277
1t
0s
0r
1y
1c
0i
#4306516909
0t
0s
0r
1y
1c
0i
#4306517317
1t
0s
0r
1y
1c
0i
#4306517950
0t
0s
0r
1y
1c
0i
#4306518356
1t
0s
0r
1y
1c
0i
#4306518992
0t
0s
0r
1y
1c
0i
#4306519396
1t
0s
0r
1y
1c
0i
#4306521044
0t
0s
0r
1y
1c
0i
#4306522209
1t
0s
0r
1y
1c
0i
#4306523155
0t
0s
0r
1y
1c
0i
#4306523547
1t
0s
0r
1y
1c
0i
#4306524184
0t
0s
0r
1y
1c
0i
#4306524587
1t
0s
0r
1y
1c
0i
#4306525222
0t
0s
0r
1y
1c
0i
#4306525626
1t
0s
0r
1y
1c
0i
#4306526260
0t
0s
0r
1y
1c
0i
#4306526665
1t
0s
0r
1y
1c
0i
#4306527299
0t
0s
0r
1y
1c
0i
#4306527702
1t
0s
0r
1y
1c
0i
#4306528339
0t
0s
0r
1y
1c
0i
#4306528742
1t
0s
0r
1y
1c
0i
#4306529375
0t
0s
0r
1y
1c
0i
#4306529779
1t
0s
0r
1y
1c
0i
#4306530413
0t
0s
0r
1y
1c
0i
#4306530817
1t
0s
0r
1y
1c
0i
#4306531455
0t
0s
0r
1y
1c
0i
#4306531859
1t
0s
0r
1y
1c
0i
#4306532493
0t
0s
0r
1y
0c
0i
#4306532900
1t
0s
0r
1y
0c
1i
#4306533537
0t
0s
0r
1y
0c
1i
#4306533943
1t
0s
0r
1y
0c
1i
#4306534585
0t
0s
0r
1y
0c
1i
#4306534990
1t
0s
0r
1y
0c
1i
#4306535630
0t
0s
0r
1y
0c
1i
#4306536038
1t
0s
0r
1y
0c
1i
#4306536680
0t
0s
0r
1y
0c
1i
#4306537089
1t
0s
0r
1y
0c
1i
#4306537133
1t
0s
1r
1y
0c
1i
#4306537135
1t
0s
0r
1y
0c
1i
#4306537734
0t
0s
0r
1y
0c
0i
#4306538142
1t
0s
0r
1y
0c
0i
#4306538784
0t
0s
0r
1y
0c
0i
#4306539192
1t
0s
0r
1y
0c
0i
#4306539836
0t
0s
0r
1y
0c
0i
#4306540243
1t
0s
0r
1y
0c
0i
#4306540890
0t
0s
0r
1y
0c
0i
#4306541295
1t
0s
0r
1y
0c
0i
#4306541936
0t
0s
0r
1y
0c
0i
#4306542345
1t
0s
0r
1y
0c
0i
#4306542986
0t
0s
0r
1y
0c
0i
#4306543393
1t
0s
0r
1y
0c
0i
#4306544036
0t
0s
0r
1y
0c
0i
#4306544441
1t
0s
0r
1y
0c
0i
#4306545080
0t
0s
0r
1y
0c
0i
#4306545485
1t
0s
0r
1y
0c
0i
#4306546125
0t
0s
0r
1y
0c
0i
#4306546529
1t
0s
0r
1y
0c
0i
#4306547170
0t
0s
0r
1y
0c
0i
#4306547571
1t
0s
0r
1y
0c
0i
#4306548208
0t
0s
0r
1y
0c
0i
#4306548611
1t
0s
0r
1y
0c
0i
#4306549248
0t
0s
0r
1y
0c
0i
#4306549649
1t
0s
0r
1y
0c
0i
#4306550288
0t
0s
0r
1y
0c
0i
#4306550689
1t
0s
0r
1y
0c
0i
#4306551323
0t
0s
0r
1y
0c
0i
#4306551726
1t
0s
0r
1y
0c
0i
#4306552360
0t
0s
0r
1y
0c
0i
#4306552764
1t
0s
0r
1y
0c
0i
#4306553400
0t
0s
0r
1y
0c
0i
#4306553802
1t
0s
0r
1y
0c
0i
#4306554435
0t
0s
0r
1y
0c
0i
#4306554838
1t
0s
0r
1y
0c
0i
#4306555473
0t
0s
0r
1y
0c
0i
#4306555875
1t
0s
0r
1y
0c
0i
#4306556513
0t
0s
0r
1y
0c
0i
#4306556914
1t
0s
0r
1y
0c
0i
#4306557547
0t
0s
0r
1y
0c
0i
#4306557951
1t
0s
0r
1y
0c
0i
#4306558585
0t
0s
0r
1y
0c
0i
#4306558988
1t
0s
0r
1y
0c
0i
#4306559625
0t
0s
0r
1y
0c
0i
#4306560027
1t
0s
0r
1y
0c
0i
#4306560660
0t
0s
0r
1y
0c
0i
#4306561064
1t
0s
0r
1y
0c
0i
#4306561698
0t
0s
0r
1y
0c
0i
#4306562103
1t
0s
0r
1y
0c
0i
#4306562739
0t
0s
0r
1y
0c
0i
#4306563145
1t
0s
0r
1y
0c
0i
#4306563778
0t
0s
0r
1y
0c
0i
#4306564185
1t
0s
0r
1y
0c
1i
#4306564821
0t
0s
0r
1y
1c
1i
#4306565228
1t
0s
0r
1y
1c
1i
#4306565870
0t
0s
0r
1y
1c
1i
#4306566276
1t
0s
0r
1y
1c
1i
#4306566915
0t
0s
0r
1y
1c
1i
#4306567324
1t
0s
0r
1y
1c
1i
#4306567966
0t
0s
0r
1y
1c
1i
#4306568375
1t
0s
0r
1y
1c
1i
#4306569021
0t
0s
0r
1y
1c
0i
#4306569428
1t
0s
0r
1y
1c
0i
#4306570071
0t
0s
0r
1y
1c
0i
#4306570480
1t
0s
0r
1y
1c
0i
#4306571123
0t
0s
0r
1y
1c
0i
#4306571532
1t
0s
0r
1y
1c
0i
#4306572177
0t
0s
0r
1y
1c
0i
#4306572585
1t
0s
0r
1y
1c
0i
#4306573225
0t
0s
0r
1y
1c
0i
#4306573635
1t
0s
0r
1y
1c
0i
#4306574275
0t
0s
0r
1y
1c
0i
#4306574684
1t
0s
0r
1y
1c
0i
#4306575326
0t
0s
0r
1y
1c
0i
#4306575732
1t
0s
0r
1y
1c
0i
#4306576368
0t
0s
0r
1y
1c
0i
#4306576776
1t
0s
0r
1y
1c
0i
#4306577412
0t
0s
0r
1y
1c
0i
#4306577818
1t
0s
0r
1y
1c
0i
#4306578454
0t
0s
0r
1y
1c
0i
#4306578859
1t
0s
0r
1y
1c
0i
#4306579489
0t
0s
0r
1y
1c
0i
#4306579896
1t
0s
0r
1y
1c
0i
#4306580527
0t
0s
0r
1y
1c
0i
#4306580931
1t
0s
0r
1y
1c
0i
#4306581564
0t
0s
0r
1y
1c
0i
#4306581967
1t
0s
0r
1y
1c
0i
#4306583608
0t
0s
0r
1y
1c
0i
#4306584767
1t
0s
0r
1y
1c
0i
#4306585709
0t
0s
0r
1y
1c
0i
#4306586100
1t
0s
0r
1y
1c
0i
#4306586733
0t
0s
0r
1y
1c
0i
#4306587134
1t
0s
0r
1y
1c
0i
#4306587766
0t
0s
0r
1y
1c
0i
#4306588168
1t
0s
0r
1y
1c
0i
#4306588799
0t
0s
0r
1y
1c
0i
#4306589202
1t
0s
0r
1y
1c
0i
#4306589833
0t
0s
0r
1y
1c
0i
#4306590235
1t
0s
0r
1y
1c
0i
#4306590868
0t
0s
0r
1y
1c
0i
#4306591269
1t
0s
0r
1y
1c
0i
#4306591900
0t
0s
0r
1y
1c
0i
#4306592301
1t
0s
0r
1y
1c
0i
#4306592933
0t
0s
0r
1y
1c
0i
#4306593335
1t
0s
0r
1y
1c
0i
#4306593970
0t
0s
0r
1y
1c
0i
#4306594372
1t
0s
0r
1y
1c
0i
#4306595003
0t
0s
0r
1y
1c
0i
#4306595408
1t
0s
0r
1y
1c
1i
#4306596042
0t
0s
0r
1y
0c
1i
#4306596446
1t
0s
0r
1y
0c
1i
#4306597085
0t
0s
0r
1y
0c
1i
#4306597488
1t
0s
0r
1y
0c
1i
#4306598126
0t
0s
0r
1y
0c
1i
#4306598531
1t
0s
0r
1y
0c
1i
#4306599171
0t
0s
0r
1y
0c
1i
#4306599577
1t
0s
0r
1y
0c
1i
#4306600220
0t
0s
0r
1y
0c
0i
#4306600626
1t
0s
0r
1y
0c
0i
#4306601265
0t
0s
0r
1y
0c
0i
#4306601672
1t
0s
0r
1y
0c
0i
#4306602312
0t
0s
0r
1y
0c
0i
#4306602718
1t
0s
0r
1y
0c
0i
#4306603362
0t
0s
0r
1y
0c
0i
#4306603766
1t
0s
0r
1y
0c
0i
#4306604405
0t
0s
0r
1y
0c
0i
#4306604812
1t
0s
0r
1y
0c
0i
#4306605450
0t
0s
0r
1y
0c
0i
#4306605855
1t
0s
0r
1y
0c
0i
#4306606496
0t
0s
0r
1y
0c
0i
#4306606898
1t
0s
0r
1y
0c
0i
#4306607535
0t
0s
0r
1y
0c
0i
#4306607937
1t
0s
0r
1y
0c
0i
#4306608573
0t
0s
0r
1y
0c
0i
#4306608974
1t
0s
0r
1y
0c
0i
#4306609610
0t
0s
0r
1y
0c
0i
#4306610009
1t
0s
0r
1y
0c
0i
#4306610640
0t
0s
0r
1y
0c
0i
#4306611040
1t
0s
0r
1y
0c
0i
#4306611671
0t
0s
0r
1y
0c
0i
#4306612070
1t
0s
0r
1y
0c
0i
#4306612704
0t
0s
0r
1y
0c
0i
#4306613102
1t
0s
0r
1y
0c
0i
#4306613732
0t
0s
0r
1y
0c
0i
#4306614132
1t
0s
0r
1y
0c
0i
#4306614762
0t
0s
0r
1y
0c
0i
#4306615163
1t
0s
0r
1y
0c
0i
#4306615795
0t
0s
0r
1y
0c
0i
#4306616195
1t
0s
0r
1y
0c
0i
#4306616823
0t
0s
0r
1y
0c
0i
#4306617225
1t
0s
0r
1y
0c
0i
#4306617855
0t
0s
0r
1y
0c
0i
#4306618256
1t
0s
0r
1y
0c
0i
#4306618889
0t
0s
0r
1y
0c
0i
#4306619289
1t
0s
0r
1y
0c
0i
#4306619918
0t
0s
0r
1y
0c
0i
#4306620320
1t
0s
0r
1y
0c
0i
#4306620950
0t
0s
0r
1y
0c
0i
#4306621352
1t
0s
0r
1y
0c
0i
#4306621984
0t
0s
0r
1y
0c
0i
#4306622385
1t
0s
0r
1y
0c
0i
#4306623014
0t
0s
0r
1y
0c
0i
#4306623416
1t
0s
0r
1y
0c
0i
#4306624047
0t
0s
0r
1y
0c
0i
#4306624449
1t
0s
0r
1y
0c
0i
#4306625082
0t
0s
0r
1y
0c
0i
#4306625486
1t
0s
0r
1y
0c
0i
#4306626116
0t
0s
0r
1y
0c
0i
#4306626521
1t
0s
0r
1y
0c
1i
#4306627154
0t
0s
0r
1y
1c
1i
#4306627559
1t
0s
0r
1y
1c
1i
#4306628197
0t
0s
0r
1y
1c
1i
#4306628601
1t
0s
0r
1y
1c
1i
#4306629238
0t
0s
0r
1y
1c
1i
#4306629644
1t
0s
0r
1y
1c
1i
#4306630284
0t
0s
0r
1y
1c
1i
#4306630690
1t
0s
0r
1y
1c
1i
#4306631333
0t
0s
0r
1y
1c
0i
#4306631738
1t
0s
0r
1y
1c
0i
#4306632377
0t
0s
0r
1y
1c
0i
#4306632784
1t
0s
0r
1y
1c
0i
#4306633424
0t
0s
0r
1y
1c
0i
#4306633831
1t
0s
0r
1y
1c
0i
#4306634473
0t
0s
0r
1y
1c
0i
#4306634879
1t
0s
0r
1y
1c
0i
#4306635515
0t
0s
0r
1y
1c
0i
#4306635924
1t
0s
0r
1y
1c
0i
#4306636560
0t
0s
0r
1y
1c
0i
#4306636967
1t
0s
0r
1y
1c
0i
#4306637606
0t
0s
0r
1y
1c
0i
#4306638011
1t
0s
0r
1y
1c
0i
#4306638644
0t
0s
0r
1y
1c
0i
#4306639050
1t
0s
0r
1y
1c
0i
#4306639683
0t
0s
0r
1y
1c
0i
#4306640088
1t
0s
0r
1y
1c
0i
#4306640720
0t
0s
0r
1y
1c
0i
#4306641124
1t
0s
0r
1y
1c
0i
#4306641752
0t
0s
0r
1y
1c
0i
#4306642156
1t
0s
0r
1y
1c
0i
#4306642784
0t
0s
0r
1y
1c
0i
#4306643187
1t
0s
0r
1y
1c
0i
#4306643816
0t
0s
0r
1y
1c
0i
#4306644218
1t
0s
0r
1y
1c
0i
#4306645850
0t
0s
0r
1y
1c
0i
#4306647005
1t
0s
0r
1y
1c
0i
#4306647940
0t
0s
0r
1y
1c
0i
#4306648329
1t
0s
0r
1y
1c
0i
#4306648960
0t
0s
0r
1y
1c
0i
#4306649358
1t
0s
0r
1y
1c
0i
#4306649987
0t
0s
0r
1y
1c
0i
#4306650386
1t
0s
0r
1y
1c
0i
#4306651013
0t
0s
0r
1y
1c
0i
#4306651415
1t
0s
0r
1y
1c
0i
#4306652042
0t
0s
0r
1y
1c
0i
#4306652442
1t
0s
0r
1y
1c
0i
#4306653072
0t
0s
0r
1y
1c
0i
#4306653471
1t
0s
0r
1y
1c
0i
#4306654097
0t
0s
0r
1y
1c
0i
#4306654498
1t
0s
0r
1y
1c
0i
#4306655127
0t
0s
0r
1y
1c
0i
#4306655527
1t
0s
0r
1y
1c
0i
#4306656158
0t
0s
0r
1y
1c
0i
#4306656559
1t
0s
0r
1y
1c
0i
#4306657187
0t
0s
0r
1y
0c
0i
#4306657590
1t
0s
0r
1y
0c
1i
#4306658220
0t
0s
0r
1y
0c
1i
#4306658623
1t
0s
0r
1y
0c
1i
#4306659259
0t
0s
0r
1y
0c
1i
#4306659661
1t
0s
0r
1y
0c
1i
#4306660294
0t
0s
0r
1y
0c
1i
#4306660699
1t
0s
0r
1y
0c
1i
#4306661334
0t
0s
0r
1y
0c
1i
#4306661739
1t
0s
0r
1y
0c
1i
#4306661920
1t
0s
1r
1y
0c
1i
#4306661923
1t
0s
0r
1y
0c
1i
#4306662378
0t
0s
0r
1y
0c
0i
#4306662782
1t
0s
0r
1y
0c
0i
#4306663418
0t
0s
0r
1y
0c
0i
#4306663823
1t
0s
0r
1y
0c
0i
#4306664459
0t
0s
0r
1y
0c
0i
#4306664863
1t
0s
0r
1y
0c
0i
#4306665501
0t
0s
0r
1y
0c
0i
#4306665903
1t
0s
0r
1y
0c
0i
#4306666534
0t
0s
0r
1y
0c
0i
#4306666938
1t
0s
0r
1y
0c
0i
#4306667567
0t
0s
0r
1y
0c
0i
#4306667968
1t
0s
0r
1y
0c
0i
#4306668598
0t
0s
0r
1y
0c
0i
#4306668995
1t
0s
0r
1y
0c
0i
#4306669619
0t
0s
0r
1y
0c
0i
#4306670016
1t
0s
0r
1y
0c
0i
#4306670639
0t
0s
0r
1y
0c
0i
#4306671033
1t
0s
0r
1y
0c
0i
#4306671657
0t
0s
0r
1y
0c
0i
#4306672050
1t
0s
0r
1y
0c
0i
#4306672668
0t
0s
0r
1y
0c
0i
#4306673063
1t
0s
0r
1y
0c
0i
#4306673683
0t
0s
0r
1y
0c
0i
#4306674076
1t
0s
0r
1y
0c
0i
#4306674699
0t
0s
0r
1y
0c
0i
#4306675091
1t
0s
0r
1y
0c
0i
#4306675711
0t
0s
0r
1y
0c
0i
#4306676105
1t
0s
0r
1y
0c
0i
#4306676725
0t
0s
0r
1y
0c
0i
#4306677121
1t
0s
0r
1y
0c
0i
#4306677743
0t
0s
0r
1y
0c
0i
#4306678138
1t
0s
0r
1y
0c
0i
#4306678756
0t
0s
0r
1y
0c
0i
#4306679152
1t
0s
0r
1y
0c
0i
#4306679772
0t
0s
0r
1y
0c
0i
#4306680168
1t
0s
0r
1y
0c
0i
#4306680791
0t
0s
0r
1y
0c
0i
#4306681185
1t
0s
0r
1y
0c
0i
#4306681804
0t
0s
0r
1y
0c
0i
#4306682200
1t
0s
0r
1y
0c
0i
#4306682819
0t
0s
0r
1y
0c
0i
#4306683216
1t
0s
0r
1y
0c
0i
#4306683838
0t
0s
0r
1y
0c
0i
#4306684233
1t
0s
0r
1y
0c
0i
#4306684850
0t
0s
0r
1y
0c
0i
#4306685247
1t
0s
0r
1y
0c
0i
#4306685867
0t
0s
0r
1y
0c
0i
#4306686264
1t
0s
0r
1y
0c
0i
#4306686885
0t
0s
0r
1y
0c
0i
#4306687283
1t
0s
0r
1y
0c
0i
#4306687901
0t
0s
0r
1y
0c
0i
#4306688301
1t
0s
0r
1y
0c
1i
#4306688922
0t
0s
0r
1y
1c
1i
#4306689322
1t
0s
0r
1y
1c
1i
#4306689948
0t
0s
0r
1y
1c
1i
#4306690346
1t
0s
0r
1y
1c
1i
#4306690971
0t
0s
0r
1y
1c
1i
#4306691372
1t
0s
0r
1y
1c
1i
#4306691999
0t
0s
0r
1y
1c
1i
#4306692400
1t
0s
0r
1y
1c
1i
#4306693031
0t
0s
0r
1y
1c
0i
#4306693431
1t
0s
0r
1y
1c
0i
#4306694059
0t
0s
0r
1y
1c
0i
#4306694460
1t
0s
0r
1y
1c
0i
#4306695089
0t
0s
0r
1y
1c
0i
#4306695490
1t
0s
0r
1y
1c
0i
#4306696121
0t
0s
0r
1y
1c
0i
#4306696521
1t
0s
0r
1y
1c
0i
#4306697146
0t
0s
0r
1y
1c
0i
#4306697549
1t
0s
0r
1y
1c
0i
#4306698176
0t
0s
0r
1y
1c
0i
#4306698577
1t
0s
0r
1y
1c
0i
#4306699206
0t
0s
0r
1y
1c
0i
#4306699606
1t
0s
0r
1y
1c
0i
#4306700231
0t
0s
0r
1y
1c
0i
#4306700632
1t
0s
0r
1y
1c
0i
#4306701257
0t
0s
0r
1y
1c
0i
#4306701657
1t
0s
0r
1y
1c
0i
#4306702283
0t
0s
0r
1y
1c
0i
#4306702683
1t
0s
0r
1y
1c
0i
#4306703304
0t
0s
0r
1y
1c
0i
#4306703705
1t
0s
0r
1y
1c
0i
#4306704326
0t
0s
0r
1y
1c
0i
#4306704725
1t
0s
0r
1y
1c
0i
#4306705348
0t
0s
0r
1y
1c
0i
#4306705746
1t
0s
0r
1y
1c
0i
#4306707360
0t
0s
0r
1y
1c
0i
#4306708501
1t
0s
0r
1y
1c
0i
#4306709426
0t
0s
0r
1y
1c
0i
#4306709811
1t
0s
0r
1y
1c
0i
#4306710434
0t
0s
0r
1y
1c
0i
#4306710829
1t
0s
0r
1y
1c
0i
#4306711449
0t
0s
0r
1y
1c
0i
#4306711845
1t
0s
0r
1y
1c
0i
#4306712465
0t
0s
0r
1y
1c
0i
#4306712863
1t
0s
0r
1y
1c
0i
#4306713483
0t
0s
0r
1y
1c
0i
#4306713879
1t
0s
0r
1y
1c
0i
#4306714502
0t
0s
0r
1y
1c
0i
#4306714897
1t
0s
0r
1y
1c
0i
#4306715517
0t
0s
0r
1y
1c
0i
#4306715913
1t
0s
0r
1y
1c
0i
#4306716535
0t
0s
0r
1y
1c
0i
#4306716931
1t
0s
0r
1y
1c
0i
#4306717555
0t
0s
0r
1y
1c
0i
#4306717953
1t
0s
0r
1y
1c
0i
#4306718573
0t
0s
0r
1y
1c
0i
#4306718973
1t
0s
0r
1y
1c
1i
#4306719596
0t
0s
0r
1y
0c
1i
#4306719995
1t
0s
0r
1y
0c
1i
#4306720623
0t
0s
0r
1y
0c
1i
#4306721021
1t
0s
0r
1y
0c
1i
#4306721647
0t
0s
0r
1y
0c
1i
#4306722048
1t
0s
0r
1y
0c
1i
#4306722676
0t
0s
0r
1y
0c
1i
#4306723076
1t
0s
0r
1y
0c
1i
#4306723707
0t
0s
0r
1y
0c
0i
#4306724107
1t
0s
0r
1y
0c
0i
#4306724735
0t
0s
0r
1y
0c
0i
#4306725135
1t
0s
0r
1y
0c
0i
#4306725764
0t
0s
0r
1y
0c
0i
#4306726163
1t
0s
0r
1y
0c
0i
#4306726795
0t
0s
0r
1y
0c
0i
#4306727192
1t
0s
0r
1y
0c
0i
#4306727818
0t
0s
0r
1y
0c
0i
#4306728219
1t
0s
0r
1y
0c
0i
#4306728844
0t
0s
0r
1y
0c
0i
#4306729243
1t
0s
0r
1y
0c
0i
#4306729870
0t
0s
0r
1y
0c
0i
#4306730266
1t
0s
0r
1y
0c
0i
#4306730888
0t
0s
0r
1y
0c
0i
#4306731285
1t
0s
0r
1y
0c
0i
#4306731906
0t
0s
0r
1y
0c
0i
#4306732301
1t
0s
0r
1y
0c
0i
#4306732924
0t
0s
0r
1y
0c
0i
#4306733316
1t
0s
0r
1y
0c
0i
#4306733935
0t
0s
0r
1y
0c
0i
#4306734328
1t
0s
0r
1y
0c
0i
#4306734947
0t
0s
0r
1y
0c
0i
#4306735340
1t
0s
0r
1y
0c
0i
#4306735963
0t
0s
0r
1y
0c
0i
#4306736354
1t
0s
0r
1y
0c
0i
#4306736972
0t
0s
0r
1y
0c
0i
#4306737366
1t
0s
0r
1y
0c
0i
#4306737984
0t
0s
0r
1y
0c
0i
#4306738379
1t
0s
0r
1y
0c
0i
#4306739000
0t
0s
0r
1y
0c
0i
#4306739394
1t
0s
0r
1y
0c
0i
#4306740011
0t
0s
0r
1y
0c
0i
#4306740406
1t
0s
0r
1y
0c
0i
#4306741025
0t
0s
0r
1y
0c
0i
#4306741420
1t
0s
0r
1y
0c
0i
#4306742041
0t
0s
0r
1y
0c
0i
#4306742435
1t
0s
0r
1y
0c
0i
#4306743052
0t
0s
0r
1y
0c
0i
#4306743448
1t
0s
0r
1y
0c
0i
#4306744065
0t
0s
0r
1y
0c
0i
#4306744461
1t
0s
0r
1y
0c
0i
#4306745082
0t
0s
0r
1y
0c
0i
#4306745476
1t
0s
0r
1y
0c
0i
#4306746093
0t
0s
0r
1y
0c
0i
#4306746489
1t
0s
0r
1y
0c
0i
#4306747107
0t
0s
0r
1y
0c
0i
#4306747503
1t
0s
0r
1y
0c
0i
#4306748124
0t
0s
0r
1y
0c
0i
#4306748521
1t
0s
0r
1y
0c
0i
#4306749138
0t
0s
0r
1y
0c
0i
#4306749537
1t
0s
0r
1y
0c
1i
#4306750157
0t
0s
0r
1y
1c
1i
#4306750555
1t
0s
0r
1y
1c
1i
#4306751181
0t
0s
0r
1y
1c
1i
#4306751578
1t
0s
0r
1y
1c
1i
#4306752201
0t
0s
0r
1y
1c
1i
#4306752601
1t
0s
0r
1y
1c
1i
#4306753228
0t
0s
0r
1y
1c
1i
#4306753627
1t
0s
0r
1y
1c
1i
#4306754257
0t
0s
0r
1y
1c
0i
#4306754656
1t
0s
0r
1y
1c
0i
#4306755282
0t
0s
0r
1y
1c
0i
#4306755683
1t
0s
0r
1y
1c
0i
#4306756310
0t
0s
0r
1y
1c
0i
#4306756710
1t
0s
0r
1y
1c
0i
#4306757339
0t
0s
0r
1y
1c
0i
#4306757738
1t
0s
0r
1y
1c
0i
#4306758362
0t
0s
0r
1y
1c
0i
#4306758764
1t
0s
0r
1y
1c
0i
#4306759387
0t
0s
0r
1y
1c
0i
#4306759787
1t
0s
0r
1y
1c
0i
#4306760411
0t
0s
0r
1y
1c
0i
#4306760809
1t
0s
0r
1y
1c
0i
#4306761428
0t
0s
0r
1y
1c
0i
#4306761825
1t
0s
0r
1y
1c
0i
#4306762443
0t
0s
0r
1y
1c
0i
#4306762839
1t
0s
0r
1y
1c
0i
#4306763456
0t
0s
0r
1y
1c
0i
#4306763852
1t
0s
0r
1y
1c
0i
#4306764463
0t
0s
0r
1y
1c
0i
#4306764860
1t
0s
0r
1y
1c
0i
#4306765472
0t
0s
0r
1y
1c
0i
#4306765868
1t
0s
0r
1y
1c
0i
#4306766482
0t
0s
0r
1y
1c
0i
#4306766876
1t
0s
0r
1y
1c
0i
#4306768473
0t
0s
0r
1y
1c
0i
#4306769603
1t
0s
0r
1y
1c
0i
#4306770518
0t
0s
0r
1y
1c
0i
#4306770900
1t
0s
0r
1y
1c
0i
#4306771516
0t
0s
0r
1y
1c
0i
#4306771908
1t
0s
0r
1y
1c
0i
#4306772522
0t
0s
0r
1y
1c
0i
#4306772915
1t
0s
0r
1y
1c
0i
#4306773529
0t
0s
0r
1y
1c
0i
#4306773923
1t
0s
0r
1y
1c
0i
#4306774536
0t
0s
0r
1y
1c
0i
#4306774929
1t
0s
0r
1y
1c
0i
#4306775545
0t
0s
0r
1y
1c
0i
#4306775937
1t
0s
0r
1y
1c
0i
#4306776548
0t
0s
0r
1y
1c
0i
#4306776942
1t
0s
0r
1y
1c
0i
#4306777556
0t
0s
0r
1y
1c
0i
#4306777948
1t
0s
0r
1y
1c
0i
#4306778564
0t
0s
0r
1y
1c
0i
#4306778958
1t
0s
0r
1y
1c
0i
#4306779570
0t
0s
0r
1y
1c
0i
#4306779966
1t
0s
0r
1y
0c
1i
#4306780581
0t
0s
0r
1y
0c
1i
#4306780976
1t
0s
0r
1y
0c
1i
#4306781596
0t
0s
0r
1y
0c
1i
#4306781989
1t
0s
0r
1y
0c
1i
#4306782607
0t
0s
0r
1y
0c
1i
#4306783003
1t
0s
0r
1y
0c
1i
#4306783623
0t
0s
0r
1y
0c
1i
#4306784019
1t
0s
0r
1y
0c
1i
#4306784253
1t
0s
1r
1y
0c
1i
#4306784256
1t
0s
0r
1y
0c
1i
#4306784642
0t
0s
0r
1y
0c
0i
#4306785038
1t
0s
0r
1y
0c
0i
#4306785657
0t
0s
0r
1y
0c
0i
#4306786054
1t
0s
0r
1y
0c
0i
#4306786675
0t
0s
0r
1y
0c
0i
#4306787070
1t
0s
0r
1y
0c
0i
#4306787693
0t
0s
0r
1y
0c
0i
#4306788087
1t
0s
0r
1y
0c
0i
#4306788704
0t
0s
0r
1y
0c
0i
#4306789101
1t
0s
0r
1y
0c
0i
#4306789719
0t
0s
0r
1y
0c
0i
#4306790113
1t
0s
0r
1y
0c
0i
#4306790732
0t
0s
0r
1y
0c
0i
#4306791124
1t
0s
0r
1y
0c
0i
#4306791738
0t
0s
0r
1y
0c
0i
#4306792131
1t
0s
0r
1y
0c
0i
#4306792745
0t
0s
0r
1y
0c
0i
#4306793135
1t
0s
0r
1y
0c
0i
#4306793750
0t
0s
0r
1y
0c
0i
#4306794138
1t
0s
0r
1y
0c
0i
#4306794748
0t
0s
0r
1y
0c
0i
#4306795137
1t
0s
0r
1y
0c
0i
#4306795748
0t
0s
0r
1y
0c
0i
#4306796136
1t
0s
0r
1y
0c
0i
#4306796749
0t
0s
0r
1y
0c
0i
#4306797136
1t
0s
0r
1y
0c
0i
#4306797745
0t
0s
0r
1y
0c
0i
#4306798134
1t
0s
0r
1y
0c
0i
#4306798743
0t
0s
0r
1y
0c
0i
#4306799134
1t
0s
0r
1y
0c
0i
#4306799745
0t
0s
0r
1y
0c
0i
#4306800134
1t
0s
0r
1y
0c
0i
#4306800742
0t
0s
0r
1y
0c
0i
#4306801132
1t
0s
0r
1y
0c
0i
#4306801741
0t
0s
0r
1y
0c
0i
#4306802131
1t
0s
0r
1y
0c
0i
#4306802743
0t
0s
0r
1y
0c
0i
#4306803131
1t
0s
0r
1y
0c
0i
#4306803738
0t
0s
0r
1y
0c
0i
#4306804130
1t
0s
0r
1y
0c
0i
#4306804737
0t
0s
0r
1y
0c
0i
#4306805128
1t
0s
0r
1y
0c
0i
#4306805739
0t
0s
0r
1y
0c
0i
#4306806129
1t
0s
0r
1y
0c
0i
#4306806735
0t
0s
0r
1y
0c
0i
#4306807127
1t
0s
0r
1y
0c
0i
#4306807735
0t
0s
0r
1y
0c
0i
#4306808126
1t
0s
0r
1y
0c
0i
#4306808736
0t
0s
0r
1y
0c
0i
#4306809129
1t
0s
0r
1y
0c
0i
#4306809735
0t
0s
0r
1y
0c
0i
#4306810129
1t
0s
0r
1y
0c
1i
#4306810739
0t
0s
0r
1y
0c
1i
#4306811132
1t
0s
0r
1y
1c
1i
#4306811747
0t
0s
0r
1y
1c
1i
#4306812139
1t
0s
0r
1y
1c
1i
#4306812751
0t
0s
0r
1y
1c
1i
#4306813146
1t
0s
0r
1y
1c
1i
#4306813761
0t
0s
0r
1y
1c
1i
#4306814155
1t
0s
0r
1y
1c
1i
#4306814774
0t
0s
0r
1y
1c
0i
#4306815167
1t
0s
0r
1y
1c
0i
#4306815782
0t
0s
0r
1y
1c
0i
#4306816177
1t
0s
0r
1y
1c
0i
#4306816793
0t
0s
0r
1y
1c
0i
#4306817187
1t
0s
0r
1y
1c
0i
#4306817806
0t
0s
0r
1y
1c
0i
#4306818199
1t
0s
0r
1y
1c
0i
#4306818813
0t
0s
0r
1y
1c
0i
#4306819210
1t
0s
0r
1y
1c
0i
#4306819826
0t
0s
0r
1y
1c
0i
#4306820222
1t
0s
0r
1y
1c
0i
#4306820842
0t
0s
0r
1y
1c
0i
#4306821238
1t
0s
0r
1y
1c
0i
#4306821855
0t
0s
0r
1y
1c
0i
#4306822253
1t
0s
0r
1y
1c
0i
#4306822873
0t
0s
0r
1y
1c
0i
#4306823272
1t
0s
0r
1y
1c
0i
#4306823896
0t
0s
0r
1y
1c
0i
#4306824296
1t
0s
0r
1y
1c
0i
#4306824917
0t
0s
0r
1y
1c
0i
#4306825320
1t
0s
0r
1y
1c
0i
#4306825945
0t
0s
0r
1y
1c
0i
#4306826347
1t
0s
0r
1y
1c
0i
#4306826977
0t
0s
0r
1y
1c
0i
#4306827379
1t
0s
0r
1y
1c
0i
#4306829021
0t
0s
0r
1y
1c
0i
#4306830183
1t
0s
0r
1y
1c
0i
#4306831128
0t
0s
0r
1y
1c
0i
#4306831522
1t
0s
0r
1y
1c
0i
#4306832160
0t
0s
0r
1y
1c
0i
#4306832563
1t
0s
0r
1y
1c
0i
#4306833200
0t
0s
0r
1y
1c
0i
#4306833605
1t
0s
0r
1y
1c
0i
#4306834242
0t
0s
0r
1y
1c
0i
#4306834649
1t
0s
0r
1y
1c
0i
#4306835287
0t
0s
0r
1y
1c
0i
#4306835693
1t
0s
0r
1y
1c
0i
#4306836335
0t
0s
0r
1y
1c
0i
#4306836740
1t
0s
0r
1y
1c
0i
#4306837378
0t
0s
0r
1y
1c
0i
#4306837785
1t
0s
0r
1y
1c
0i
#4306838426
0t
0s
0r
1y
1c
0i
#4306838834
1t
0s
0r
1y
1c
0i
#4306839478
0t
0s
0r
1y
1c
0i
#4306839886
1t
0s
0r
1y
1c
0i
#4306840528
0t
0s
0r
1y
1c
0i
#4306840939
1t
0s
0r
1y
1c
1i
#4306841584
0t
0s
0r
1y
1c
1i
#4306841995
1t
0s
0r
1y
0c
1i
#4306842646
0t
0s
0r
1y
0c
1i
#4306843055
1t
0s
0r
1y
0c
1i
#4306843704
0t
0s
0r
1y
0c
1i
#4306844117
1t
0s
0r
1y
0c
1i
#4306844768
0t
0s
0r
1y
0c
1i
#4306845181
1t
0s
0r
1y
0c
1i
#4306845836
0t
0s
0r
1y
0c
0i
#4306846248
1t
0s
0r
1y
0c
0i
#4306846899
0t
0s
0r
1y
0c
0i
#4306847312
1t
0s
0r
1y
0c
0i
#4306847964
0t
0s
0r
1y
0c
0i
#4306848376
1t
0s
0r
1y
0c
0i
#4306849031
0t
0s
0r
1y
0c
0i
#4306849441
1t
0s
0r
1y
0c
0i
#4306850091
0t
0s
0r
1y
0c
0i
#4306850504
1t
0s
0r
1y
0c
0i
#4306851156
0t
0s
0r
1y
0c
0i
#4306851568
1t
0s
0r
1y
0c
0i
#4306852224
0t
0s
0r
1y
0c
0i
#4306852635
1t
0s
0r
1y
0c
0i
#4306853289
0t
0s
0r
1y
0c
0i
#4306853702
1t
0s
0r
1y
0c
0i
#4306854359
0t
0s
0r
1y
0c
0i
#4306854772
1t
0s
0r
1y
0c
0i
#4306855434
0t
0s
0r
1y
0c
0i
#4306855847
1t
0s
0r
1y
0c
0i
#4306856507
0t
0s
0r
1y
0c
0i
#4306856922
1t
0s
0r
1y
0c
0i
#4306857587
0t
0s
0r
1y
0c
0i
#4306858002
1t
0s
0r
1y
0c
0i
#4306858671
0t
0s
0r
1y
0c
0i
#4306859086
1t
0s
0r
1y
0c
0i
#4306859754
0t
0s
0r
1y
0c
0i
#4306860172
1t
0s
0r
1y
0c
0i
#4306860841
0t
0s
0r
1y
0c
0i
#4306861262
1t
0s
0r
1y
0c
0i
#4306861936
0t
0s
0r
1y
0c
0i
#4306862356
1t
0s
0r
1y
0c
0i
#4306863025
0t
0s
0r
1y
0c
0i
#4306863448
1t
0s
0r
1y
0c
0i
#4306864122
0t
0s
0r
1y
0c
0i
#4306864544
1t
0s
0r
1y
0c
0i
#4306865221
0t
0s
0r
1y
0c
0i
#4306865644
1t
0s
0r
1y
0c
0i
#4306866317
0t
0s
0r
1y
0c
0i
#4306866743
1t
0s
0r
1y
0c
0i
#4306867418
0t
0s
0r
1y
0c
0i
#4306867844
1t
0s
0r
1y
0c
0i
#4306868524
0t
0s
0r
1y
0c
0i
#4306868948
1t
0s
0r
1y
0c
0i
#4306869625
0t
0s
0r
1y
0c
0i
#4306870053
1t
0s
0r
1y
0c
0i
#4306870732
0t
0s
0r
1y
0c
0i
#4306871160
1t
0s
0r
1y
0c
0i
#4306871844
0t
0s
0r
1y
0c
0i
#4306872273
1t
0s
0r
1y
0c
0i
#4306872954
0t
0s
0r
1y
0c
0i
#4306873386
1t
0s
0r
1y
0c
0i
#4306874072
0t
0s
0r
1y
0c
0i
#4306874504
1t
0s
0r
1y
0c
0i
#4306875196
0t
0s
0r
1y
0c
0i
#4306875627
1t
0s
0r
1y
0c
0i
#4306876317
0t
0s
0r
1y
0c
0i
#4306876752
1t
0s
0r
1y
0c
0i
#4306877445
0t
0s
0r
1y
1c
0i
#4306877880
1t
0s
0r
1y
1c
0i
#4306878578
0t
0s
0r
1y
1c
0i
#4306879010
1t
0s
0r
1y
1c
0i
#4306879704
0t
0s
0r
1y
1c
0i
#4306880138
1t
0s
0r
1y
1c
0i
#4306880832
0t
0s
0r
1y
1c
0i
#4306881266
1t
0s
0r
1y
1c
0i
#4306881963
0t
0s
0r
1y
1c
0i
#4306882395
1t
0s
0r
1y
1c
0i
#4306883086
0t
0s
0r
1y
1c
0i
#4306883523
1t
0s
0r
1y
1c
0i
#4306884215
0t
0s
0r
1y
1c
0i
#4306884652
1t
0s
0r
1y
1c
0i
#4306885348
0t
0s
0r
1y
1c
0i
#4306885784
1t
0s
0r
1y
1c
0i
#4306886477
0t
0s
0r
1y
1c
0i
#4306886916
1t
0s
0r
1y
1c
0i
#4306887613
0t
0s
0r
1y
1c
0i
#4306888052
1t
0s
0r
1y
1c
0i
#4306888754
0t
0s
0r
1y
1c
0i
#4306889194
1t
0s
0r
1y
1c
0i
#4306889894
0t
0s
0r
1y
1c
0i
#4306890338
1t
0s
0r
1y
1c
0i
#4306891042
0t
0s
0r
1y
1c
0i
#4306891486
1t
0s
0r
1y
1c
0i
#4306892196
0t
0s
0r
1y
1c
0i
#4306892639
1t
0s
0r
1y
1c
0i
#4306894482
0t
0s
0r
1y
1c
0i
#4306895774
1t
0s
0r
1y
1c
0i
#4306896841
0t
0s
0r
1y
1c
0i
#4306897275
1t
0s
0r
1y
1c
0i
#4306897997
0t
0s
0r
1y
1c
0i
#4306898443
1t
0s
0r
1y
1c
0i
#4306899164
0t
0s
0r
1y
1c
0i
#4306899612
1t
0s
0r
1y
1c
0i
#4306900334
0t
0s
0r
1y
1c
0i
#4306900783
1t
0s
0r
1y
1c
0i
#4306901507
0t
0s
0r
1y
1c
0i
#4306901957
1t
0s
0r
1y
1c
0i
#4306902686
0t
0s
0r
1y
1c
0i
#4306903134
1t
0s
0r
1y
1c
0i
#4306903860
0t
0s
0r
1y
1c
0i
#4306904311
1t
0s
0r
1y
1c
0i
#4306905042
0t
0s
0r
1y
1c
0i
#4306905493
1t
0s
0r
1y
1c
0i
#4306906227
0t
0s
0r
1y
1c
0i
#4306906682
1t
0s
0r
1y
1c
0i
#4306907414
0t
0s
0r
1y
1c
0i
#4306907870
1t
0s
0r
1y
1c
0i
#4306908608
0t
0s
0r
1y
1c
0i
#4306909065
1t
0s
0r
1y
1c
0i
#4306909810
0t
0s
0r
1y
1c
0i
#4306910265
1t
0s
0r
1y
1c
0i
#4306910853
1t
0s
1r
1y
1c
0i
#4306910856
1t
0s
0r
1y
1c
0i
#4306911008
0t
0s
0r
1y
1c
0i
#4306911468
1t
0s
0r
1y
1c
0i
#4306912214
0t
0s
0r
1y
1c
0i
#4306912674
1t
0s
0r
1y
0c
0i
#4306913425
0t
0s
0r
1y
0c
0i
#4306913884
1t
0s
0r
1y
0c
0i
#4306914629
0t
0s
0r
1y
0c
0i
#4306915089
1t
0s
0r
1y
0c
0i
#4306915835
0t
0s
0r
1y
0c
0i
#4306916293
1t
0s
0r
1y
0c
0i
#4306917042
0t
0s
0r
1y
0c
0i
#4306917499
1t
0s
0r
1y
0c
0i
#4306918242
0t
0s
0r
1y
0c
0i
#4306918702
1t
0s
0r
1y
0c
0i
#4306919447
0t
0s
0r
1y
0c
0i
#4306919906
1t
0s
0r
1y
0c
0i
#4306920656
0t
0s
0r
1y
0c
0i
#4306921114
1t
0s
0r
1y
0c
0i
#4306921862
0t
0s
0r
1y
0c
0i
#4306922322
1t
0s
0r
1y
0c
0i
#4306923075
0t
0s
0r
1y
0c
0i
#4306923535
1t
0s
0r
1y
0c
0i
#4306924295
0t
0s
0r
1y
0c
0i
#4306924755
1t
0s
0r
1y
0c
0i
#4306925513
0t
0s
0r
1y
0c
0i
#4306925976
1t
0s
0r
1y
0c
0i
#4306926739
0t
0s
0r
1y
0c
0i
#4306927204
1t
0s
0r
1y
0c
0i
#4306927973
0t
0s
0r
1y
0c
0i
#4306928438
1t
0s
0r
1y
0c
0i
#4306929205
0t
0s
0r
1y
0c
0i
#4306929674
1t
0s
0r
1y
0c
0i
#4306930444
0t
0s
0r
1y
0c
0i
#4306930914
1t
0s
0r
1y
0c
0i
#4306931689
0t
0s
0r
1y
0c
0i
#4306932159
1t
0s
0r
1y
0c
0i
#4306932931
0t
0s
0r
1y
0c
0i
#4306933404
1t
0s
0r
1y
0c
0i
#4306934180
0t
0s
0r
1y
0c
0i
#4306934653
1t
0s
0r
1y
0c
0i
#4306935434
0t
0s
0r
1y
0c
0i
#4306935906
1t
0s
0r
1y
0c
0i
#4306936683
0t
0s
0r
1y
0c
0i
#4306937160
1t
0s
0r
1y
0c
0i
#4306937941
0t
0s
0r
1y
0c
0i
#4306938418
1t
0s
0r
1y
0c
0i
#4306939205
0t
0s
0r
1y
0c
0i
#4306939682
1t
0s
0r
1y
0c
0i
#4306940466
0t
0s
0r
1y
0c
0i
#4306940946
1t
0s
0r
1y
0c
0i
#4306941736
0t
0s
0r
1y
0c
0i
#4306942217
1t
0s
0r
1y
0c
0i
#4306943012
0t
0s
0r
1y
0c
0i
#4306943496
1t
0s
0r
1y
0c
0i
#4306944289
0t
0s
0r
1y
0c
0i
#4306944777
1t
0s
0r
1y
0c
0i
#4306945577
0t
0s
0r
1y
0c
0i
#4306946065
1t
0s
0r
1y
0c
0i
#4306946873
0t
0s
0r
1y
0c
0i
#4306947361
1t
0s
0r
1y
0c
0i
#4306948168
0t
0s
0r
1y
0c
0i
#4306948660
1t
0s
0r
1y
0c
0i
#4306949471
0t
0s
0r
1y
0c
0i
#4306949963
1t
0s
0r
1y
1c
0i
#4306950779
0t
0s
0r
1y
1c
0i
#4306951269
1t
0s
0r
1y
1c
0i
#4306952079
0t
0s
0r
1y
1c
0i
#4306952570
1t
0s
0r
1y
1c
0i
#4306953381
0t
0s
0r
1y
1c
0i
#4306953871
1t
0s
0r
1y
1c
0i
#4306954684
0t
0s
0r
1y
1c
0i
#4306955173
1t
0s
0r
1y
1c
0i
#4306955979
0t
0s
0r
1y
1c
0i
#4306956473
1t
0s
0r
1y
1c
0i
#4306957280
0t
0s
0r
1y
1c
0i
#4306957773
1t
0s
0r
1y
1c
0i
#4306958587
0t
0s
0r
1y
1c
0i
#4306959079
1t
0s
0r
1y
1c
0i
#4306959890
0t
0s
0r
1y
1c
0i
#4306960386
1t
0s
0r
1y
1c
0i
#4306961203
0t
0s
0r
1y
1c
0i
#4306961699
1t
0s
0r
1y
1c
0i
#4306962522
0t
0s
0r
1y
1c
0i
#4306963021
1t
0s
0r
1y
1c
0i
#4306963842
0t
0s
0r
1y
1c
0i
#4306964345
1t
0s
0r
1y
1c
0i
#4306965172
0t
0s
0r
1y
1c
0i
#4306965676
1t
0s
0r
1y
1c
0i
#4306966510
0t
0s
0r
1y
1c
0i
#4306967013
1t
0s
0r
1y
1c
0i
#4306969165
0t
0s
0r
1y
1c
0i
#4306970647
1t
0s
0r
1y
1c
0i
#4306971905
0t
0s
0r
1y
1c
0i
#4306972398
1t
0s
0r
1y
1c
0i
#4306973248
0t
0s
0r
1y
1c
0i
#4306973756
1t
0s
0r
1y
1c
0i
#4306974606
0t
0s
0r
1y
1c
0i
#4306975117
1t
0s
0r
1y
1c
0i
#4306975970
0t
0s
0r
1y
1c
0i
#4306976484
1t
0s
0r
1y
1c
0i
#4306977340
0t
0s
0r
1y
1c
0i
#4306977854
1t
0s
0r
1y
1c
0i
#4306978718
0t
0s
0r
1y
1c
0i
#4306979231
1t
0s
0r
1y
1c
0i
#4306980094
0t
0s
0r
1y
1c
0i
#4306980612
1t
0s
0r
1y
1c
0i
#4306981481
0t
0s
0r
1y
1c
0i
#4306982000
1t
0s
0r
1y
1c
0i
#4306982877
0t
0s
0r
1y
1c
0i
#4306983398
1t
0s
0r
1y
1c
0i
#4306984275
0t
0s
0r
1y
1c
0i
#4306984801
1t
0s
0r
1y
1c
0i
#4306985684
0t
0s
0r
1y
1c
0i
#4306986211
1t
0s
0r
1y
1c
0i
#4306987103
0t
0s
0r
1y
1c
0i
#4306987631
1t
0s
0r
1y
1c
0i
#4306988522
0t
0s
0r
1y
1c
0i
#4306989054
1t
0s
0r
1y
0c
0i
#4306989950
0t
0s
0r
1y
0c
0i
#4306990483
1t
0s
0r
1y
0c
0i
#4306991383
0t
0s
0r
1y
0c
0i
#4306991914
1t
0s
0r
1y
0c
0i
#4306992807
0t
0s
0r
1y
0c
0i
#4306993341
1t
0s
0r
1y
0c
0i
#4306994235
0t
0s
0r
1y
0c
0i
#4306994766
1t
0s
0r
1y
0c
0i
#4306995663
0t
0s
0r
1y
0c
0i
#4306996192
1t
0s
0r
1y
0c
0i
#4306997083
0t
0s
0r
1y
0c
0i
#4306997617
1t
0s
0r
1y
0c
0i
#4306998512
0t
0s
0r
1y
0c
0i
#4306999044
1t
0s
0r
1y
0c
0i
#4306999945
0t
0s
0r
1y
0c
0i
#4307000477
1t
0s
0r
1y
0c
0i
#4307001377
0t
0s
0r
1y
0c
0i
#4307001913
1t
0s
0r
1y
0c
0i
#4307002820
0t
0s
0r
1y
0c
0i
#4307003357
1t
0s
0r
1y
0c
0i
#4307004272
0t
0s
0r
1y
0c
0i
#4307004809
1t
0s
0r
1y
0c
0i
#4307005722
0t
0s
0r
1y
0c
0i
#4307006264
1t
0s
0r
1y
0c
0i
#4307007183
0t
0s
0r
1y
0c
0i
#4307007726
1t
0s
0r
1y
0c
0i
#4307008652
0t
0s
0r
1y
0c
0i
#4307009195
1t
0s
0r
1y
0c
0i
#4307010119
0t
0s
0r
1y
0c
0i
#4307010668
1t
0s
0r
1y
0c
0i
#4307011595
0t
0s
0r
1y
0c
0i
#4307012147
1t
0s
0r
1y
0c
0i
#4307013082
0t
0s
0r
1y
0c
0i
#4307013632
1t
0s
0r
1y
0c
0i
#4307014564
0t
0s
0r
1y
0c
0i
#4307015120
1t
0s
0r
1y
0c
0i
#4307016060
0t
0s
0r
1y
0c
0i
#4307016616
1t
0s
0r
1y
0c
0i
#4307017564
0t
0s
0r
1y
0c
0i
#4307018121
1t
0s
0r
1y
0c
0i
#4307019068
0t
0s
0r
1y
0c
0i
#4307019632
1t
0s
0r
1y
0c
0i
#4307020586
0t
0s
0r
1y
0c
0i
#4307021151
1t
0s
0r
1y
0c
0i
#4307022114
0t
0s
0r
1y
0c
0i
#4307022681
1t
0s
0r
1y
0c
0i
#4307023643
0t
0s
0r
1y
0c
0i
#4307024216
1t
0s
0r
1y
0c
0i
#4307025186
0t
0s
0r
1y
0c
0i
#4307025761
1t
0s
0r
1y
0c
0i
#4307026739
0t
0s
0r
1y
0c
0i
#4307027318
1t
0s
0r
1y
0c
0i
#4307028295
0t
0s
0r
1y
0c
0i
#4307028879
1t
0s
0r
1y
0c
0i
#4307029866
0t
0s
0r
1y
0c
0i
#4307030452
1t
0s
0r
1y
0c
0i
#4307031449
0t
0s
0r
1y
0c
0i
#4307032037
1t
0s
0r
1y
0c
0i
#4307033033
0t
0s
0r
1y
1c
0i
#4307033627
1t
0s
0r
1y
1c
0i
#4307034631
0t
0s
0r
1y
1c
0i
#4307035226
1t
0s
0r
1y
1c
0i
#4307036235
0t
0s
0r
1y
1c
0i
#4307036830
1t
0s
0r
1y
1c
0i
#4307037832
0t
0s
0r
1y
1c
0i
#4307038429
1t
0s
0r
1y
1c
0i
#4307039433
0t
0s
0r
1y
1c
0i
#4307040028
1t
0s
0r
1y
1c
0i
#4307041036
0t
0s
0r
1y
1c
0i
#4307041629
1t
0s
0r
1y
1c
0i
#4307042628
0t
0s
0r
1y
1c
0i
#4307043227
1t
0s
0r
1y
1c
0i
#4307044231
0t
0s
0r
1y
1c
0i
#4307044828
1t
0s
0r
1y
1c
0i
#4307045838
0t
0s
0r
1y
1c
0i
#4307046434
1t
0s
0r
1y
1c
0i
#4307047441
0t
0s
0r
1y
1c
0i
#4307048042
1t
0s
0r
1y
1c
0i
#4307049055
0t
0s
0r
1y
1c
0i
#4307049656
1t
0s
0r
1y
1c
0i
#4307050676
0t
0s
0r
1y
1c
0i
#4307051280
1t
0s
0r
1y
1c
0i
#4307052297
0t
0s
0r
1y
1c
0i
#4307052906
1t
0s
0r
1y
1c
0i
#4307053929
0t
0s
0r
1y
1c
0i
#4307054539
1t
0s
0r
1y
1c
0i
#4307055572
0t
0s
0r
1y
1c
0i
#4307056183
1t
0s
0r
1y
1c
0i
#4307058840
0t
0s
0r
1y
1c
0i
#4307060649
1t
0s
0r
1y
1c
0i
#4307062240
0t
0s
0r
1y
1c
0i
#4307062833
1t
0s
0r
1y
1c
0i
#4307063891
0t
0s
0r
1y
1c
0i
#4307064523
1t
0s
0r
1y
1c
0i
#4307065588
0t
0s
0r
1y
1c
0i
#4307066222
1t
0s
0r
1y
1c
0i
#4307067293
0t
0s
0r
1y
1c
0i
#4307067932
1t
0s
0r
1y
1c
0i
#4307069008
0t
0s
0r
1y
1c
0i
#4307069649
1t
0s
0r
1y
1c
0i
#4307070736
0t
0s
0r
1y
1c
0i
#4307071379
1t
0s
0r
1y
1c
0i
#4307072465
0t
0s
0r
1y
1c
0i
#4307073114
1t
0s
0r
1y
1c
0i
#4307074212
0t
0s
0r
1y
1c
0i
#4307074864
1t
0s
0r
1y
1c
0i
#4307075973
0t
0s
0r
1y
1c
0i
#4307076631
1t
0s
0r
1y
1c
0i
#4307077743
0t
0s
0r
1y
1c
0i
#4307078409
1t
0s
0r
1y
1c
0i
#4307079535
0t
0s
0r
1y
1c
0i
#4307080205
1t
0s
0r
1y
1c
0i
#4307080352
1t
0s
1r
1y
1c
0i
#4307080355
1t
0s
0r
1y
1c
0i
#4307081347
0t
0s
0r
1y
0c
0i
#4307082021
1t
0s
0r
1y
0c
0i
#4307083165
0t
0s
0r
1y
0c
0i
#4307083848
1t
0s
0r
1y
0c
0i
#4307085001
0t
0s
0r
1y
0c
0i
#4307085687
1t
0s
0r
1y
0c
0i
#4307086847
0t
0s
0r
1y
0c
0i
#4307087531
1t
0s
0r
1y
0c
0i
#4307088682
0t
0s
0r
1y
0c
0i
#4307089367
1t
0s
0r
1y
0c
0i
#4307090517
0t
0s
0r
1y
0c
0i
#4307091198
1t
0s
0r
1y
0c
0i
#4307092351
0t
0s
0r
1y
0c
0i
#4307093028
1t
0s
0r
1y
0c
0i
#4307094171
0t
0s
0r
1y
0c
0i
#4307094852
1t
0s
0r
1y
0c
0i
#4307095998
0t
0s
0r
1y
0c
0i
#4307096677
1t
0s
0r
1y
0c
0i
#4307097829
0t
0s
0r
1y
0c
0i
#4307098508
1t
0s
0r
1y
0c
0i
#4307099658
0t
0s
0r
1y
0c
0i
#4307100342
1t
0s
0r
1y
0c
0i
#4307101499
0t
0s
0r
1y
0c
0i
#4307102183
1t
0s
0r
1y
0c
0i
#4307103350
0t
0s
0r
1y
0c
0i
#4307104035
1t
0s
0r
1y
0c
0i
#4307105199
0t
0s
0r
1y
0c
0i
#4307105891
1t
0s
0r
1y
0c
0i
#4307107064
0t
0s
0r
1y
0c
0i
#4307107757
1t
0s
0r
1y
0c
0i
#4307108941
0t
0s
0r
1y
0c
0i
#4307109637
1t
0s
0r
1y
0c
0i
#4307110821
0t
0s
0r
1y
0c
0i
#4307111525
1t
0s
0r
1y
0c
0i
#4307112718
0t
0s
0r
1y
0c
0i
#4307113427
1t
0s
0r
1y
0c
0i
#4307114634
0t
0s
0r
1y
0c
0i
#4307115345
1t
0s
0r
1y
0c
0i
#4307116554
0t
0s
0r
1y
0c
0i
#4307117273
1t
0s
0r
1y
0c
0i
#4307118495
0t
0s
0r
1y
0c
0i
#4307119218
1t
0s
0r
1y
0c
0i
#4307120455
0t
0s
0r
1y
0c
0i
#4307121182
1t
0s
0r
1y
0c
0i
#4307122419
0t
0s
0r
1y
0c
0i
#4307123157
1t
0s
0r
1y
0c
0i
#4307124406
0t
0s
0r
1y
0c
0i
#4307125147
1t
0s
0r
1y
0c
0i
#4307126412
0t
0s
0r
1y
0c
0i
#4307127156
1t
0s
0r
1y
0c
0i
#4307128424
0t
0s
0r
1y
0c
0i
#4307129178
1t
0s
0r
1y
0c
0i
#4307130460
0t
0s
0r
1y
0c
0i
#4307131221
1t
0s
0r
1y
0c
0i
#4307132520
0t
0s
0r
1y
0c
0i
#4307133291
1t
0s
0r
1y
0c
0i
#4307134597
0t
0s
0r
1y
0c
0i
#4307135379
1t
0s
0r
1y
0c
0i
#4307136707
0t
0s
0r
1y
1c
0i
#4307137497
1t
0s
0r
1y
1c
0i
#4307138849
0t
0s
0r
1y
1c
0i
#4307139646
1t
0s
0r
1y
1c
0i
#4307141004
0t
0s
0r
1y
1c
0i
#4307141815
1t
0s
0r
1y
1c
0i
#4307143186
0t
0s
0r
1y
1c
0i
#4307144001
1t
0s
0r
1y
1c
0i
#4307145380
0t
0s
0r
1y
1c
0i
#4307146193
1t
0s
0r
1y
1c
0i
#4307147557
0t
0s
0r
1y
1c
0i
#4307148370
1t
0s
0r
1y
1c
0i
#4307149731
0t
0s
0r
1y
1c
0i
#4307150536
1t
0s
0r
1y
1c
0i
#4307151895
0t
0s
0r
1y
1c
0i
#4307152694
1t
0s
0r
1y
1c
0i
#4307154036
0t
0s
0r
1y
1c
0i
#4307154839
1t
0s
0r
1y
1c
0i
#4307156183
0t
0s
0r
1y
1c
0i
#4307156981
1t
0s
0r
1y
1c
0i
#4307158331
0t
0s
0r
1y
1c
0i
#4307159126
1t
0s
0r
1y
1c
0i
#4307160469
0t
0s
0r
1y
1c
0i
#4307161269
1t
0s
0r
1y
1c
0i
#4307162618
0t
0s
0r
1y
1c
0i
#4307163419
1t
0s
0r
1y
1c
0i
#4307164777
0t
0s
0r
1y
1c
0i
#4307165581
1t
0s
0r
1y
1c
0i
#4307166937
0t
0s
0r
1y
1c
0i
#4307167749
1t
0s
0r
1y
1c
0i
#4307169116
0t
0s
0r
1y
1c
0i
#4307169931
1t
0s
0r
1y
1c
0i
#4307171313
0t
0s
0r
1y
1c
0i
#4307172132
1t
0s
0r
1y
1c
0i
#4307175705
0t
0s
0r
1y
1c
0i
#4307178111
1t
0s
0r
1y
1c
0i
#4307180306
0t
0s
0r
1y
1c
0i
#4307181108
1t
0s
0r
1y
1c
0i
#4307182543
0t
0s
0r
1y
1c
0i
#4307183404
1t
0s
0r
1y
1c
0i
#4307184852
0t
0s
0r
1y
1c
0i
#4307185720
1t
0s
0r
1y
1c
0i
#4307187181
0t
0s
0r
1y
1c
0i
#4307188060
1t
0s
0r
1y
1c
0i
#4307189534
0t
0s
0r
1y
1c
0i
#4307190420
1t
0s
0r
1y
1c
0i
