$date
	Mon Aug 18 17:39:30 BRT 2025
$end
$version
        1.0
$end
$timescale
        1ps
$end
$scope module test $end
$var wire 1 t PRI_TRG $end
$var wire 1 s SEC_TRG $end
$var wire 1 r TRG $end
$var wire 1 y SYNC $end
$var wire 1 c COIL $end
$var wire 1 i INJ $end
$upscope $end
$enddefinitions $end
$dumpvars
#111942098824
0t
0s
0r
1y
1c
0i
#111942099247
1t
0s
0r
1y
1c
1i
#111942099926
0t
0s
0r
1y
0c
1i
#111942100351
1t
0s
0r
1y
0c
1i
#111942101031
0t
0s
0r
1y
0c
1i
#111942101457
1t
0s
0r
1y
0c
1i
#111942102140
0t
0s
0r
1y
0c
0i
#111942102564
1t
0s
0r
1y
0c
0i
#111942103244
0t
0s
0r
1y
0c
0i
#111942103669
1t
0s
0r
1y
0c
0i
#111942104349
0t
0s
0r
1y
0c
0i
#111942104773
1t
0s
0r
1y
0c
0i
#111942105455
0t
0s
0r
1y
0c
0i
#111942105877
1t
0s
0r
1y
0c
0i
#111942106554
0t
0s
0r
1y
0c
0i
#111942106978
1t
0s
0r
1y
0c
0i
#111942107654
0t
0s
0r
1y
0c
0i
#111942108076
1t
0s
0r
1y
0c
0i
#111942108754
0t
0s
0r
1y
0c
0i
#111942109174
1t
0s
0r
1y
0c
0i
#111942109847
0t
0s
0r
1y
0c
0i
#111942110267
1t
0s
0r
1y
0c
0i
#111942110941
0t
0s
0r
1y
0c
0i
#111942111359
1t
0s
0r
1y
0c
0i
#111942112035
0t
0s
0r
1y
0c
0i
#111942112451
1t
0s
0r
1y
0c
0i
#111942113122
0t
0s
0r
1y
0c
0i
#111942113541
1t
0s
0r
1y
0c
0i
#111942114212
0t
0s
0r
1y
0c
0i
#111942114631
1t
0s
0r
1y
0c
0i
#111942115306
0t
0s
0r
1y
0c
0i
#111942115723
1t
0s
0r
1y
0c
0i
#111942116394
0t
0s
0r
1y
0c
0i
#111942116814
1t
0s
0r
1y
0c
0i
#111942117486
0t
0s
0r
1y
0c
0i
#111942117907
1t
0s
0r
1y
0c
0i
#111942118581
0t
0s
0r
1y
0c
0i
#111942119001
1t
0s
0r
1y
0c
0i
#111942119671
0t
0s
0r
1y
0c
0i
#111942120092
1t
0s
0r
1y
0c
0i
#111942120764
0t
0s
0r
1y
0c
0i
#111942121184
1t
0s
0r
1y
0c
0i
#111942121859
0t
0s
0r
1y
0c
0i
#111942122278
1t
0s
0r
1y
0c
0i
#111942122948
0t
0s
0r
1y
0c
0i
#111942123370
1t
0s
0r
1y
0c
0i
#111942124041
0t
0s
0r
1y
0c
0i
#111942124461
1t
0s
0r
1y
0c
0i
#111942125135
0t
0s
0r
1y
0c
0i
#111942125555
1t
0s
0r
1y
0c
0i
#111942126224
0t
0s
0r
1y
0c
0i
#111942126645
1t
0s
0r
1y
0c
0i
#111942127316
0t
0s
0r
1y
0c
0i
#111942127737
1t
0s
0r
1y
0c
0i
#111942128410
0t
0s
0r
1y
0c
0i
#111942128832
1t
0s
0r
1y
0c
0i
#111942129501
0t
0s
0r
1y
0c
0i
#111942129925
1t
0s
0r
1y
1c
0i
#111942130597
0t
0s
0r
1y
1c
0i
#111942131019
1t
0s
0r
1y
1c
0i
#111942131697
0t
0s
0r
1y
1c
0i
#111942132118
1t
0s
0r
1y
1c
1i
#111942132791
0t
0s
0r
1y
1c
1i
#111942133216
1t
0s
0r
1y
1c
1i
#111942133892
0t
0s
0r
1y
1c
1i
#111942134316
1t
0s
0r
1y
1c
1i
#111942134995
0t
0s
0r
1y
1c
0i
#111942135418
1t
0s
0r
1y
1c
0i
#111942136093
0t
0s
0r
1y
1c
0i
#111942136517
1t
0s
0r
1y
1c
0i
#111942137193
0t
0s
0r
1y
1c
0i
#111942137617
1t
0s
0r
1y
1c
0i
#111942138295
0t
0s
0r
1y
1c
0i
#111942138717
1t
0s
0r
1y
1c
0i
#111942139389
0t
0s
0r
1y
1c
0i
#111942139815
1t
0s
0r
1y
1c
0i
#111942140487
0t
0s
0r
1y
1c
0i
#111942140911
1t
0s
0r
1y
1c
0i
#111942141586
0t
0s
0r
1y
1c
0i
#111942142008
1t
0s
0r
1y
1c
0i
#111942142678
0t
0s
0r
1y
1c
0i
#111942143102
1t
0s
0r
1y
1c
0i
#111942143773
0t
0s
0r
1y
1c
0i
#111942144196
1t
0s
0r
1y
1c
0i
#111942144869
0t
0s
0r
1y
1c
0i
#111942145292
1t
0s
0r
1y
1c
0i
#111942145960
0t
0s
0r
1y
1c
0i
#111942146385
1t
0s
0r
1y
1c
0i
#111942147055
0t
0s
0r
1y
1c
0i
#111942147478
1t
0s
0r
1y
1c
0i
#111942148151
0t
0s
0r
1y
1c
0i
#111942148574
1t
0s
0r
1y
1c
0i
#111942150315
0t
0s
0r
1y
1c
0i
#111942151534
1t
0s
0r
1y
1c
0i
#111942152537
0t
0s
0r
1y
1c
0i
#111942152946
1t
0s
0r
1y
1c
0i
#111942153622
0t
0s
0r
1y
1c
0i
#111942154042
1t
0s
0r
1y
1c
0i
#111942154714
0t
0s
0r
1y
1c
0i
#111942155135
1t
0s
0r
1y
1c
0i
#111942155807
0t
0s
0r
1y
1c
0i
#111942156230
1t
0s
0r
1y
1c
0i
#111942156901
0t
0s
0r
1y
1c
0i
#111942157322
1t
0s
0r
1y
1c
0i
#111942157997
0t
0s
0r
1y
1c
0i
#111942158416
1t
0s
0r
1y
1c
0i
#111942159086
0t
0s
0r
1y
1c
0i
#111942159508
1t
0s
0r
1y
1c
0i
#111942160180
0t
0s
0r
1y
1c
0i
#111942160600
1t
0s
0r
1y
1c
0i
#111942161273
0t
0s
0r
1y
1c
0i
#111942161695
1t
0s
0r
1y
1c
0i
#111942162365
0t
0s
0r
1y
1c
0i
#111942162788
1t
0s
0r
1y
0c
0i
#111942163461
0t
0s
0r
1y
0c
0i
#111942163883
1t
0s
0r
1y
0c
0i
#111942164561
0t
0s
0r
1y
0c
0i
#111942164982
1t
0s
0r
1y
0c
1i
#111942165656
0t
0s
0r
1y
0c
1i
#111942166079
1t
0s
0r
1y
0c
1i
#111942166756
0t
0s
0r
1y
0c
1i
#111942167180
1t
0s
0r
1y
0c
1i
#111942167307
1t
0s
1r
1y
0c
1i
#111942167309
1t
0s
0r
1y
0c
1i
#111942167859
0t
0s
0r
1y
0c
0i
#111942168281
1t
0s
0r
1y
0c
0i
#111942168956
0t
0s
0r
1y
0c
0i
#111942169380
1t
0s
0r
1y
0c
0i
#111942170056
0t
0s
0r
1y
0c
0i
#111942170479
1t
0s
0r
1y
0c
0i
#111942171158
0t
0s
0r
1y
0c
0i
#111942171579
1t
0s
0r
1y
0c
0i
#111942172253
0t
0s
0r
1y
0c
0i
#111942172677
1t
0s
0r
1y
0c
0i
#111942173352
0t
0s
0r
1y
0c
0i
#111942173774
1t
0s
0r
1y
0c
0i
#111942174453
0t
0s
0r
1y
0c
0i
#111942174874
1t
0s
0r
1y
0c
0i
#111942175549
0t
0s
0r
1y
0c
0i
#111942175971
1t
0s
0r
1y
0c
0i
#111942176649
0t
0s
0r
1y
0c
0i
#111942177069
1t
0s
0r
1y
0c
0i
#111942177751
0t
0s
0r
1y
0c
0i
#111942178170
1t
0s
0r
1y
0c
0i
#111942178847
0t
0s
0r
1y
0c
0i
#111942179268
1t
0s
0r
1y
0c
0i
#111942179947
0t
0s
0r
1y
0c
0i
#111942180368
1t
0s
0r
1y
0c
0i
#111942181050
0t
0s
0r
1y
0c
0i
#111942181470
1t
0s
0r
1y
0c
0i
#111942182148
0t
0s
0r
1y
0c
0i
#111942182570
1t
0s
0r
1y
0c
0i
#111942183248
0t
0s
0r
1y
0c
0i
#111942183672
1t
0s
0r
1y
0c
0i
#111942184353
0t
0s
0r
1y
0c
0i
#111942184775
1t
0s
0r
1y
0c
0i
#111942185451
0t
0s
0r
1y
0c
0i
#111942185875
1t
0s
0r
1y
0c
0i
#111942186553
0t
0s
0r
1y
0c
0i
#111942186976
1t
0s
0r
1y
0c
0i
#111942187657
0t
0s
0r
1y
0c
0i
#111942188079
1t
0s
0r
1y
0c
0i
#111942188754
0t
0s
0r
1y
0c
0i
#111942189179
1t
0s
0r
1y
0c
0i
#111942189856
0t
0s
0r
1y
0c
0i
#111942190279
1t
0s
0r
1y
0c
0i
#111942190959
0t
0s
0r
1y
0c
0i
#111942191381
1t
0s
0r
1y
0c
0i
#111942192056
0t
0s
0r
1y
0c
0i
#111942192481
1t
0s
0r
1y
0c
0i
#111942193158
0t
0s
0r
1y
0c
0i
#111942193582
1t
0s
0r
1y
0c
0i
#111942194261
0t
0s
0r
1y
0c
0i
#111942194687
1t
0s
0r
1y
0c
0i
#111942195361
0t
0s
0r
1y
0c
0i
#111942195788
1t
0s
0r
1y
1c
0i
#111942196467
0t
0s
0r
1y
1c
0i
#111942196893
1t
0s
0r
1y
1c
0i
#111942197576
0t
0s
0r
1y
1c
0i
#111942198001
1t
0s
0r
1y
1c
1i
#111942198681
0t
0s
0r
1y
1c
1i
#111942199108
1t
0s
0r
1y
1c
1i
#111942199791
0t
0s
0r
1y
1c
1i
#111942200218
1t
0s
0r
1y
1c
1i
#111942200904
0t
0s
0r
1y
1c
0i
#111942201330
1t
0s
0r
1y
1c
0i
#111942202012
0t
0s
0r
1y
1c
0i
#111942202438
1t
0s
0r
1y
1c
0i
#111942203121
0t
0s
0r
1y
1c
0i
#111942203548
1t
0s
0r
1y
1c
0i
#111942204233
0t
0s
0r
1y
1c
0i
#111942204658
1t
0s
0r
1y
1c
0i
#111942205337
0t
0s
0r
1y
1c
0i
#111942205766
1t
0s
0r
1y
1c
0i
#111942206445
0t
0s
0r
1y
1c
0i
#111942206873
1t
0s
0r
1y
1c
0i
#111942207555
0t
0s
0r
1y
1c
0i
#111942207981
1t
0s
0r
1y
1c
0i
#111942208659
0t
0s
0r
1y
1c
0i
#111942209086
1t
0s
0r
1y
1c
0i
#111942209765
0t
0s
0r
1y
1c
0i
#111942210192
1t
0s
0r
1y
1c
0i
#111942210872
0t
0s
0r
1y
1c
0i
#111942211299
1t
0s
0r
1y
1c
0i
#111942211975
0t
0s
0r
1y
1c
0i
#111942212404
1t
0s
0r
1y
1c
0i
#111942213082
0t
0s
0r
1y
1c
0i
#111942213510
1t
0s
0r
1y
1c
0i
#111942214190
0t
0s
0r
1y
1c
0i
#111942214617
1t
0s
0r
1y
1c
0i
#111942216378
0t
0s
0r
1y
1c
0i
#111942217611
1t
0s
0r
1y
1c
0i
#111942218625
0t
0s
0r
1y
1c
0i
#111942219039
1t
0s
0r
1y
1c
0i
#111942219721
0t
0s
0r
1y
1c
0i
#111942220146
1t
0s
0r
1y
1c
0i
#111942220827
0t
0s
0r
1y
1c
0i
#111942221251
1t
0s
0r
1y
1c
0i
#111942221931
0t
0s
0r
1y
1c
0i
#111942222358
1t
0s
0r
1y
1c
0i
#111942223037
0t
0s
0r
1y
1c
0i
#111942223462
1t
0s
0r
1y
1c
0i
#111942224144
0t
0s
0r
1y
1c
0i
#111942224568
1t
0s
0r
1y
1c
0i
#111942225246
0t
0s
0r
1y
1c
0i
#111942225671
1t
0s
0r
1y
1c
0i
#111942226351
0t
0s
0r
1y
1c
0i
#111942226776
1t
0s
0r
1y
1c
0i
#111942227457
0t
0s
0r
1y
1c
0i
#111942227883
1t
0s
0r
1y
1c
0i
#111942228561
0t
0s
0r
1y
1c
0i
#111942228989
1t
0s
0r
1y
0c
0i
#111942229669
0t
0s
0r
1y
0c
0i
#111942230096
1t
0s
0r
1y
0c
0i
#111942230782
0t
0s
0r
1y
0c
0i
#111942231207
1t
0s
0r
1y
0c
1i
#111942231891
0t
0s
0r
1y
0c
1i
#111942232318
1t
0s
0r
1y
0c
1i
#111942233003
0t
0s
0r
1y
0c
1i
#111942233431
1t
0s
0r
1y
0c
1i
#111942234120
0t
0s
0r
1y
0c
0i
#111942234546
1t
0s
0r
1y
0c
0i
#111942235231
0t
0s
0r
1y
0c
0i
#111942235658
1t
0s
0r
1y
0c
0i
#111942236344
0t
0s
0r
1y
0c
0i
#111942236770
1t
0s
0r
1y
0c
0i
#111942237458
0t
0s
0r
1y
0c
0i
#111942237883
1t
0s
0r
1y
0c
0i
#111942238565
0t
0s
0r
1y
0c
0i
#111942238993
1t
0s
0r
1y
0c
0i
#111942239675
0t
0s
0r
1y
0c
0i
#111942240101
1t
0s
0r
1y
0c
0i
#111942240786
0t
0s
0r
1y
0c
0i
#111942241210
1t
0s
0r
1y
0c
0i
#111942241891
0t
0s
0r
1y
0c
0i
#111942242315
1t
0s
0r
1y
0c
0i
#111942242996
0t
0s
0r
1y
0c
0i
#111942243420
1t
0s
0r
1y
0c
0i
#111942244104
0t
0s
0r
1y
0c
0i
#111942244526
1t
0s
0r
1y
0c
0i
#111942245206
0t
0s
0r
1y
0c
0i
#111942245629
1t
0s
0r
1y
0c
0i
#111942246310
0t
0s
0r
1y
0c
0i
#111942246732
1t
0s
0r
1y
0c
0i
#111942247416
0t
0s
0r
1y
0c
0i
#111942247838
1t
0s
0r
1y
0c
0i
#111942248518
0t
0s
0r
1y
0c
0i
#111942248941
1t
0s
0r
1y
0c
0i
#111942249621
0t
0s
0r
1y
0c
0i
#111942250046
1t
0s
0r
1y
0c
0i
#111942250729
0t
0s
0r
1y
0c
0i
#111942251152
1t
0s
0r
1y
0c
0i
#111942251830
0t
0s
0r
1y
0c
0i
#111942252255
1t
0s
0r
1y
0c
0i
#111942252934
0t
0s
0r
1y
0c
0i
#111942253359
1t
0s
0r
1y
0c
0i
#111942254041
0t
0s
0r
1y
0c
0i
#111942254464
1t
0s
0r
1y
0c
0i
#111942255141
0t
0s
0r
1y
0c
0i
#111942255567
1t
0s
0r
1y
0c
0i
#111942256245
0t
0s
0r
1y
0c
0i
#111942256670
1t
0s
0r
1y
0c
0i
#111942257351
0t
0s
0r
1y
0c
0i
#111942257774
1t
0s
0r
1y
0c
0i
#111942258451
0t
0s
0r
1y
0c
0i
#111942258877
1t
0s
0r
1y
0c
0i
#111942259555
0t
0s
0r
1y
0c
0i
#111942259980
1t
0s
0r
1y
0c
0i
#111942260661
0t
0s
0r
1y
0c
0i
#111942261087
1t
0s
0r
1y
0c
0i
#111942261763
0t
0s
0r
1y
0c
0i
#111942262191
1t
0s
0r
1y
1c
0i
#111942262871
0t
0s
0r
1y
1c
0i
#111942263297
1t
0s
0r
1y
1c
0i
#111942263982
0t
0s
0r
1y
1c
0i
#111942264407
1t
0s
0r
1y
1c
1i
#111942265089
0t
0s
0r
1y
1c
1i
#111942265517
1t
0s
0r
1y
1c
1i
#111942266201
0t
0s
0r
1y
1c
1i
#111942266629
1t
0s
0r
1y
1c
1i
#111942267317
0t
0s
0r
1y
1c
0i
#111942267744
1t
0s
0r
1y
1c
0i
#111942268427
0t
0s
0r
1y
1c
0i
#111942268855
1t
0s
0r
1y
1c
0i
#111942269539
0t
0s
0r
1y
1c
0i
#111942269966
1t
0s
0r
1y
1c
0i
#111942270653
0t
0s
0r
1y
1c
0i
#111942271079
1t
0s
0r
1y
1c
0i
#111942271759
0t
0s
0r
1y
1c
0i
#111942272188
1t
0s
0r
1y
1c
0i
#111942272869
0t
0s
0r
1y
1c
0i
#111942273297
1t
0s
0r
1y
1c
0i
#111942273980
0t
0s
0r
1y
1c
0i
#111942274405
1t
0s
0r
1y
1c
0i
#111942275083
0t
0s
0r
1y
1c
0i
#111942275510
1t
0s
0r
1y
1c
0i
#111942276189
0t
0s
0r
1y
1c
0i
#111942276615
1t
0s
0r
1y
1c
0i
#111942277295
0t
0s
0r
1y
1c
0i
#111942277722
1t
0s
0r
1y
1c
0i
#111942278397
0t
0s
0r
1y
1c
0i
#111942278825
1t
0s
0r
1y
1c
0i
#111942279502
0t
0s
0r
1y
1c
0i
#111942279929
1t
0s
0r
1y
1c
0i
#111942280610
0t
0s
0r
1y
1c
0i
#111942281035
1t
0s
0r
1y
1c
0i
#111942282793
0t
0s
0r
1y
1c
0i
#111942284023
1t
0s
0r
1y
1c
0i
#111942285037
0t
0s
0r
1y
1c
0i
#111942285449
1t
0s
0r
1y
1c
0i
#111942286131
0t
0s
0r
1y
1c
0i
#111942286555
1t
0s
0r
1y
1c
0i
#111942287234
0t
0s
0r
1y
1c
0i
#111942287659
1t
0s
0r
1y
1c
0i
#111942288337
0t
0s
0r
1y
1c
0i
#111942288763
1t
0s
0r
1y
1c
0i
#111942289441
0t
0s
0r
1y
1c
0i
#111942289866
1t
0s
0r
1y
1c
0i
#111942290547
0t
0s
0r
1y
1c
0i
#111942290971
1t
0s
0r
1y
1c
0i
#111942291647
0t
0s
0r
1y
1c
0i
#111942292073
1t
0s
0r
1y
1c
0i
#111942292752
0t
0s
0r
1y
1c
0i
#111942293176
1t
0s
0r
1y
1c
0i
#111942293857
0t
0s
0r
1y
1c
0i
#111942294282
1t
0s
0r
1y
0c
0i
#111942294959
0t
0s
0r
1y
0c
0i
#111942295386
1t
0s
0r
1y
0c
0i
#111942296066
0t
0s
0r
1y
0c
0i
#111942296493
1t
0s
0r
1y
0c
0i
#111942297178
0t
0s
0r
1y
0c
0i
#111942297602
1t
0s
0r
1y
0c
1i
#111942298285
0t
0s
0r
1y
0c
1i
#111942298712
1t
0s
0r
1y
0c
1i
#111942299396
0t
0s
0r
1y
0c
1i
#111942299824
1t
0s
0r
1y
0c
1i
#111942299868
1t
0s
1r
1y
0c
1i
#111942299871
1t
0s
0r
1y
0c
1i
#111942300511
0t
0s
0r
1y
0c
0i
#111942300937
1t
0s
0r
1y
0c
0i
#111942301620
0t
0s
0r
1y
0c
0i
#111942302048
1t
0s
0r
1y
0c
0i
#111942302732
0t
0s
0r
1y
0c
0i
#111942303158
1t
0s
0r
1y
0c
0i
#111942303844
0t
0s
0r
1y
0c
0i
#111942304268
1t
0s
0r
1y
0c
0i
#111942304948
0t
0s
0r
1y
0c
0i
#111942305374
1t
0s
0r
1y
0c
0i
#111942306054
0t
0s
0r
1y
0c
0i
#111942306478
1t
0s
0r
1y
0c
0i
#111942307158
0t
0s
0r
1y
0c
0i
#111942307579
1t
0s
0r
1y
0c
0i
#111942308256
0t
0s
0r
1y
0c
0i
#111942308677
1t
0s
0r
1y
0c
0i
#111942309353
0t
0s
0r
1y
0c
0i
#111942309773
1t
0s
0r
1y
0c
0i
#111942310452
0t
0s
0r
1y
0c
0i
#111942310870
1t
0s
0r
1y
0c
0i
#111942311544
0t
0s
0r
1y
0c
0i
#111942311965
1t
0s
0r
1y
0c
0i
#111942312640
0t
0s
0r
1y
0c
0i
#111942313060
1t
0s
0r
1y
0c
0i
#111942313739
0t
0s
0r
1y
0c
0i
#111942314158
1t
0s
0r
1y
0c
0i
#111942314834
0t
0s
0r
1y
0c
0i
#111942315254
1t
0s
0r
1y
0c
0i
#111942315931
0t
0s
0r
1y
0c
0i
#111942316353
1t
0s
0r
1y
0c
0i
#111942317031
0t
0s
0r
1y
0c
0i
#111942317452
1t
0s
0r
1y
0c
0i
#111942318127
0t
0s
0r
1y
0c
0i
#111942318549
1t
0s
0r
1y
0c
0i
#111942319226
0t
0s
0r
1y
0c
0i
#111942319648
1t
0s
0r
1y
0c
0i
#111942320327
0t
0s
0r
1y
0c
0i
#111942320748
1t
0s
0r
1y
0c
0i
#111942321422
0t
0s
0r
1y
0c
0i
#111942321846
1t
0s
0r
1y
0c
0i
#111942322522
0t
0s
0r
1y
0c
0i
#111942322945
1t
0s
0r
1y
0c
0i
#111942323623
0t
0s
0r
1y
0c
0i
#111942324045
1t
0s
0r
1y
0c
0i
#111942324719
0t
0s
0r
1y
0c
0i
#111942325143
1t
0s
0r
1y
0c
0i
#111942325819
0t
0s
0r
1y
0c
0i
#111942326242
1t
0s
0r
1y
0c
0i
#111942326920
0t
0s
0r
1y
0c
0i
#111942327345
1t
0s
0r
1y
0c
0i
#111942328019
0t
0s
0r
1y
0c
0i
#111942328445
1t
0s
0r
1y
1c
0i
#111942329123
0t
0s
0r
1y
1c
0i
#111942329548
1t
0s
0r
1y
1c
0i
#111942330230
0t
0s
0r
1y
1c
0i
#111942330654
1t
0s
0r
1y
1c
1i
#111942331334
0t
0s
0r
1y
1c
1i
#111942331760
1t
0s
0r
1y
1c
1i
#111942332442
0t
0s
0r
1y
1c
1i
#111942332868
1t
0s
0r
1y
1c
1i
#111942333554
0t
0s
0r
1y
1c
0i
#111942333979
1t
0s
0r
1y
1c
0i
#111942334660
0t
0s
0r
1y
1c
0i
#111942335086
1t
0s
0r
1y
1c
0i
#111942335767
0t
0s
0r
1y
1c
0i
#111942336194
1t
0s
0r
1y
1c
0i
#111942336877
0t
0s
0r
1y
1c
0i
#111942337302
1t
0s
0r
1y
1c
0i
#111942337980
0t
0s
0r
1y
1c
0i
#111942338408
1t
0s
0r
1y
1c
0i
#111942339086
0t
0s
0r
1y
1c
0i
#111942339513
1t
0s
0r
1y
1c
0i
#111942340195
0t
0s
0r
1y
1c
0i
#111942340620
1t
0s
0r
1y
1c
0i
#111942341296
0t
0s
0r
1y
1c
0i
#111942341723
1t
0s
0r
1y
1c
0i
#111942342400
0t
0s
0r
1y
1c
0i
#111942342826
1t
0s
0r
1y
1c
0i
#111942343506
0t
0s
0r
1y
1c
0i
#111942343931
1t
0s
0r
1y
1c
0i
#111942344606
0t
0s
0r
1y
1c
0i
#111942345034
1t
0s
0r
1y
1c
0i
#111942345709
0t
0s
0r
1y
1c
0i
#111942346136
1t
0s
0r
1y
1c
0i
#111942346815
0t
0s
0r
1y
1c
0i
#111942347241
1t
0s
0r
1y
1c
0i
#111942348997
0t
0s
0r
1y
1c
0i
#111942350226
1t
0s
0r
1y
1c
0i
#111942351237
0t
0s
0r
1y
1c
0i
#111942351650
1t
0s
0r
1y
1c
0i
#111942352331
0t
0s
0r
1y
1c
0i
#111942352755
1t
0s
0r
1y
1c
0i
#111942353433
0t
0s
0r
1y
1c
0i
#111942353857
1t
0s
0r
1y
1c
0i
#111942354535
0t
0s
0r
1y
1c
0i
#111942354961
1t
0s
0r
1y
1c
0i
#111942355639
0t
0s
0r
1y
1c
0i
#111942356063
1t
0s
0r
1y
1c
0i
#111942356743
0t
0s
0r
1y
1c
0i
#111942357166
1t
0s
0r
1y
1c
0i
#111942357842
0t
0s
0r
1y
1c
0i
#111942358267
1t
0s
0r
1y
1c
0i
#111942358945
0t
0s
0r
1y
1c
0i
#111942359369
1t
0s
0r
1y
1c
0i
#111942360049
0t
0s
0r
1y
1c
0i
#111942360475
1t
0s
0r
1y
1c
0i
#111942361151
0t
0s
0r
1y
1c
0i
#111942361578
1t
0s
0r
1y
0c
0i
#111942362257
0t
0s
0r
1y
0c
0i
#111942362683
1t
0s
0r
1y
0c
0i
#111942363367
0t
0s
0r
1y
0c
0i
#111942363792
1t
0s
0r
1y
0c
1i
#111942364473
0t
0s
0r
1y
0c
1i
#111942364900
1t
0s
0r
1y
0c
1i
#111942365583
0t
0s
0r
1y
0c
1i
#111942366010
1t
0s
0r
1y
0c
1i
#111942366696
0t
0s
0r
1y
0c
0i
#111942367122
1t
0s
0r
1y
0c
0i
#111942367804
0t
0s
0r
1y
0c
0i
#111942368231
1t
0s
0r
1y
0c
0i
#111942368914
0t
0s
0r
1y
0c
0i
#111942369339
1t
0s
0r
1y
0c
0i
#111942370024
0t
0s
0r
1y
0c
0i
#111942370448
1t
0s
0r
1y
0c
0i
#111942371128
0t
0s
0r
1y
0c
0i
#111942371555
1t
0s
0r
1y
0c
0i
#111942372234
0t
0s
0r
1y
0c
0i
#111942372659
1t
0s
0r
1y
0c
0i
#111942373340
0t
0s
0r
1y
0c
0i
#111942373762
1t
0s
0r
1y
0c
0i
#111942374440
0t
0s
0r
1y
0c
0i
#111942374863
1t
0s
0r
1y
0c
0i
#111942375540
0t
0s
0r
1y
0c
0i
#111942375961
1t
0s
0r
1y
0c
0i
#111942376642
0t
0s
0r
1y
0c
0i
#111942377061
1t
0s
0r
1y
0c
0i
#111942377735
0t
0s
0r
1y
0c
0i
#111942378157
1t
0s
0r
1y
0c
0i
#111942378834
0t
0s
0r
1y
0c
0i
#111942379254
1t
0s
0r
1y
0c
0i
#111942379933
0t
0s
0r
1y
0c
0i
#111942380353
1t
0s
0r
1y
0c
0i
#111942381028
0t
0s
0r
1y
0c
0i
#111942381450
1t
0s
0r
1y
0c
0i
#111942382126
0t
0s
0r
1y
0c
0i
#111942382549
1t
0s
0r
1y
0c
0i
#111942383227
0t
0s
0r
1y
0c
0i
#111942383649
1t
0s
0r
1y
0c
0i
#111942384323
0t
0s
0r
1y
0c
0i
#111942384746
1t
0s
0r
1y
0c
0i
#111942385423
0t
0s
0r
1y
0c
0i
#111942385845
1t
0s
0r
1y
0c
0i
#111942386524
0t
0s
0r
1y
0c
0i
#111942386945
1t
0s
0r
1y
0c
0i
#111942387619
0t
0s
0r
1y
0c
0i
#111942388043
1t
0s
0r
1y
0c
0i
#111942388718
0t
0s
0r
1y
0c
0i
#111942389141
1t
0s
0r
1y
0c
0i
#111942389819
0t
0s
0r
1y
0c
0i
#111942390241
1t
0s
0r
1y
0c
0i
#111942390914
0t
0s
0r
1y
0c
0i
#111942391338
1t
0s
0r
1y
0c
0i
#111942392013
0t
0s
0r
1y
0c
0i
#111942392436
1t
0s
0r
1y
0c
0i
#111942393113
0t
0s
0r
1y
0c
0i
#111942393537
1t
0s
0r
1y
0c
0i
#111942394210
0t
0s
0r
1y
0c
0i
#111942394635
1t
0s
0r
1y
1c
0i
#111942395312
0t
0s
0r
1y
1c
0i
#111942395736
1t
0s
0r
1y
1c
0i
#111942396417
0t
0s
0r
1y
1c
0i
#111942396840
1t
0s
0r
1y
1c
1i
#111942397518
0t
0s
0r
1y
1c
1i
#111942397944
1t
0s
0r
1y
1c
1i
#111942398625
0t
0s
0r
1y
1c
1i
#111942399050
1t
0s
0r
1y
1c
1i
#111942399734
0t
0s
0r
1y
1c
0i
#111942400159
1t
0s
0r
1y
1c
0i
#111942400838
0t
0s
0r
1y
1c
0i
#111942401265
1t
0s
0r
1y
1c
0i
#111942401945
0t
0s
0r
1y
1c
0i
#111942402370
1t
0s
0r
1y
1c
0i
#111942403053
0t
0s
0r
1y
1c
0i
#111942403477
1t
0s
0r
1y
1c
0i
#111942404154
0t
0s
0r
1y
1c
0i
#111942404582
1t
0s
0r
1y
1c
0i
#111942405259
0t
0s
0r
1y
1c
0i
#111942405685
1t
0s
0r
1y
1c
0i
#111942406365
0t
0s
0r
1y
1c
0i
#111942406790
1t
0s
0r
1y
1c
0i
#111942407465
0t
0s
0r
1y
1c
0i
#111942407891
1t
0s
0r
1y
1c
0i
#111942408567
0t
0s
0r
1y
1c
0i
#111942408992
1t
0s
0r
1y
1c
0i
#111942409671
0t
0s
0r
1y
1c
0i
#111942410096
1t
0s
0r
1y
1c
0i
#111942410769
0t
0s
0r
1y
1c
0i
#111942411196
1t
0s
0r
1y
1c
0i
#111942411871
0t
0s
0r
1y
1c
0i
#111942412297
1t
0s
0r
1y
1c
0i
#111942412974
0t
0s
0r
1y
1c
0i
#111942413399
1t
0s
0r
1y
1c
0i
#111942415151
0t
0s
0r
1y
1c
0i
#111942416378
1t
0s
0r
1y
1c
0i
#111942417388
0t
0s
0r
1y
1c
0i
#111942417799
1t
0s
0r
1y
1c
0i
#111942418479
0t
0s
0r
1y
1c
0i
#111942418902
1t
0s
0r
1y
1c
0i
#111942419578
0t
0s
0r
1y
1c
0i
#111942420002
1t
0s
0r
1y
1c
0i
#111942420678
0t
0s
0r
1y
1c
0i
#111942421103
1t
0s
0r
1y
1c
0i
#111942421779
0t
0s
0r
1y
1c
0i
#111942422202
1t
0s
0r
1y
1c
0i
#111942422881
0t
0s
0r
1y
1c
0i
#111942423303
1t
0s
0r
1y
1c
0i
#111942423978
0t
0s
0r
1y
1c
0i
#111942424401
1t
0s
0r
1y
1c
0i
#111942425078
0t
0s
0r
1y
1c
0i
#111942425500
1t
0s
0r
1y
1c
0i
#111942426179
0t
0s
0r
1y
1c
0i
#111942426603
1t
0s
0r
1y
1c
0i
#111942427277
0t
0s
0r
1y
1c
0i
#111942427703
1t
0s
0r
1y
0c
0i
#111942428380
0t
0s
0r
1y
0c
0i
#111942428805
1t
0s
0r
1y
0c
0i
#111942429487
0t
0s
0r
1y
0c
0i
#111942429910
1t
0s
0r
1y
0c
1i
#111942430590
0t
0s
0r
1y
0c
1i
#111942431015
1t
0s
0r
1y
0c
1i
#111942431697
0t
0s
0r
1y
0c
1i
#111942432123
1t
0s
0r
1y
0c
1i
#111942432197
1t
0s
1r
1y
0c
1i
#111942432199
1t
0s
0r
1y
0c
1i
#111942432807
0t
0s
0r
1y
0c
0i
#111942433231
1t
0s
0r
1y
0c
0i
#111942433912
0t
0s
0r
1y
0c
0i
#111942434338
1t
0s
0r
1y
0c
0i
#111942435019
0t
0s
0r
1y
0c
0i
#111942435444
1t
0s
0r
1y
0c
0i
#111942436128
0t
0s
0r
1y
0c
0i
#111942436551
1t
0s
0r
1y
0c
0i
#111942437231
0t
0s
0r
1y
0c
0i
#111942437657
1t
0s
0r
1y
0c
0i
#111942438338
0t
0s
0r
1y
0c
0i
#111942438762
1t
0s
0r
1y
0c
0i
#111942439446
0t
0s
0r
1y
0c
0i
#111942439869
1t
0s
0r
1y
0c
0i
#111942440551
0t
0s
0r
1y
0c
0i
#111942440975
1t
0s
0r
1y
0c
0i
#111942441659
0t
0s
0r
1y
0c
0i
#111942442082
1t
0s
0r
1y
0c
0i
#111942442770
0t
0s
0r
1y
0c
0i
#111942443192
1t
0s
0r
1y
0c
0i
#111942443876
0t
0s
0r
1y
0c
0i
#111942444301
1t
0s
0r
1y
0c
0i
#111942444986
0t
0s
0r
1y
0c
0i
#111942445411
1t
0s
0r
1y
0c
0i
#111942446100
0t
0s
0r
1y
0c
0i
#111942446524
1t
0s
0r
1y
0c
0i
#111942447209
0t
0s
0r
1y
0c
0i
#111942447636
1t
0s
0r
1y
0c
0i
#111942448321
0t
0s
0r
1y
0c
0i
#111942448749
1t
0s
0r
1y
0c
0i
#111942449436
0t
0s
0r
1y
0c
0i
#111942449862
1t
0s
0r
1y
0c
0i
#111942450546
0t
0s
0r
1y
0c
0i
#111942450974
1t
0s
0r
1y
0c
0i
#111942451659
0t
0s
0r
1y
0c
0i
#111942452085
1t
0s
0r
1y
0c
0i
#111942452774
0t
0s
0r
1y
0c
0i
#111942453199
1t
0s
0r
1y
0c
0i
#111942453882
0t
0s
0r
1y
0c
0i
#111942454310
1t
0s
0r
1y
0c
0i
#111942454994
0t
0s
0r
1y
0c
0i
#111942455422
1t
0s
0r
1y
0c
0i
#111942456109
0t
0s
0r
1y
0c
0i
#111942456535
1t
0s
0r
1y
0c
0i
#111942457217
0t
0s
0r
1y
0c
0i
#111942457645
1t
0s
0r
1y
0c
0i
#111942458329
0t
0s
0r
1y
0c
0i
#111942458757
1t
0s
0r
1y
0c
0i
#111942459444
0t
0s
0r
1y
0c
0i
#111942459873
1t
0s
0r
1y
0c
0i
#111942460555
0t
0s
0r
1y
0c
0i
#111942460986
1t
0s
0r
1y
1c
0i
#111942461672
0t
0s
0r
1y
1c
0i
#111942462101
1t
0s
0r
1y
1c
0i
#111942462792
0t
0s
0r
1y
1c
0i
#111942463221
1t
0s
0r
1y
1c
1i
#111942463909
0t
0s
0r
1y
1c
1i
#111942464340
1t
0s
0r
1y
1c
1i
#111942465031
0t
0s
0r
1y
1c
1i
#111942465462
1t
0s
0r
1y
1c
1i
#111942466157
0t
0s
0r
1y
1c
0i
#111942466586
1t
0s
0r
1y
1c
0i
#111942467275
0t
0s
0r
1y
1c
0i
#111942467707
1t
0s
0r
1y
1c
0i
#111942468397
0t
0s
0r
1y
1c
0i
#111942468827
1t
0s
0r
1y
1c
0i
#111942469519
0t
0s
0r
1y
1c
0i
#111942469949
1t
0s
0r
1y
1c
0i
#111942470634
0t
0s
0r
1y
1c
0i
#111942471067
1t
0s
0r
1y
1c
0i
#111942471752
0t
0s
0r
1y
1c
0i
#111942472183
1t
0s
0r
1y
1c
0i
#111942472870
0t
0s
0r
1y
1c
0i
#111942473298
1t
0s
0r
1y
1c
0i
#111942473980
0t
0s
0r
1y
1c
0i
#111942474409
1t
0s
0r
1y
1c
0i
#111942475091
0t
0s
0r
1y
1c
0i
#111942475519
1t
0s
0r
1y
1c
0i
#111942476202
0t
0s
0r
1y
1c
0i
#111942476630
1t
0s
0r
1y
1c
0i
#111942477309
0t
0s
0r
1y
1c
0i
#111942477738
1t
0s
0r
1y
1c
0i
#111942478418
0t
0s
0r
1y
1c
0i
#111942478847
1t
0s
0r
1y
1c
0i
#111942479530
0t
0s
0r
1y
1c
0i
#111942479957
1t
0s
0r
1y
1c
0i
#111942481724
0t
0s
0r
1y
1c
0i
#111942482960
1t
0s
0r
1y
1c
0i
#111942483979
0t
0s
0r
1y
1c
0i
#111942484394
1t
0s
0r
1y
1c
0i
#111942485079
0t
0s
0r
1y
1c
0i
#111942485505
1t
0s
0r
1y
1c
0i
#111942486188
0t
0s
0r
1y
1c
0i
#111942486615
1t
0s
0r
1y
1c
0i
#111942487297
0t
0s
0r
1y
1c
0i
#111942487726
1t
0s
0r
1y
1c
0i
#111942488408
0t
0s
0r
1y
1c
0i
#111942488835
1t
0s
0r
1y
1c
0i
#111942489520
0t
0s
0r
1y
1c
0i
#111942489945
1t
0s
0r
1y
1c
0i
#111942490626
0t
0s
0r
1y
1c
0i
#111942491053
1t
0s
0r
1y
1c
0i
#111942491736
0t
0s
0r
1y
1c
0i
#111942492162
1t
0s
0r
1y
1c
0i
#111942492847
0t
0s
0r
1y
1c
0i
#111942493275
1t
0s
0r
1y
1c
0i
#111942493956
0t
0s
0r
1y
1c
0i
#111942494385
1t
0s
0r
1y
0c
0i
#111942495069
0t
0s
0r
1y
0c
0i
#111942495497
1t
0s
0r
1y
0c
0i
#111942496186
0t
0s
0r
1y
0c
0i
#111942496613
1t
0s
0r
1y
0c
1i
#111942497300
0t
0s
0r
1y
0c
1i
#111942497728
1t
0s
0r
1y
0c
1i
#111942498417
0t
0s
0r
1y
0c
1i
#111942498846
1t
0s
0r
1y
0c
1i
#111942499538
0t
0s
0r
1y
0c
0i
#111942499966
1t
0s
0r
1y
0c
0i
#111942500653
0t
0s
0r
1y
0c
0i
#111942501082
1t
0s
0r
1y
0c
0i
#111942501771
0t
0s
0r
1y
0c
0i
#111942502198
1t
0s
0r
1y
0c
0i
#111942502889
0t
0s
0r
1y
0c
0i
#111942503315
1t
0s
0r
1y
0c
0i
#111942504000
0t
0s
0r
1y
0c
0i
#111942504428
1t
0s
0r
1y
0c
0i
#111942505112
0t
0s
0r
1y
0c
0i
#111942505538
1t
0s
0r
1y
0c
0i
#111942506224
0t
0s
0r
1y
0c
0i
#111942506648
1t
0s
0r
1y
0c
0i
#111942507329
0t
0s
0r
1y
0c
0i
#111942507753
1t
0s
0r
1y
0c
0i
#111942508434
0t
0s
0r
1y
0c
0i
#111942508857
1t
0s
0r
1y
0c
0i
#111942509540
0t
0s
0r
1y
0c
0i
#111942509961
1t
0s
0r
1y
0c
0i
#111942510640
0t
0s
0r
1y
0c
0i
#111942511063
1t
0s
0r
1y
0c
0i
#111942511743
0t
0s
0r
1y
0c
0i
#111942512165
1t
0s
0r
1y
0c
0i
#111942512848
0t
0s
0r
1y
0c
0i
#111942513269
1t
0s
0r
1y
0c
0i
#111942513949
0t
0s
0r
1y
0c
0i
#111942514372
1t
0s
0r
1y
0c
0i
#111942515052
0t
0s
0r
1y
0c
0i
#111942515477
1t
0s
0r
1y
0c
0i
#111942516158
0t
0s
0r
1y
0c
0i
#111942516582
1t
0s
0r
1y
0c
0i
#111942517259
0t
0s
0r
1y
0c
0i
#111942517684
1t
0s
0r
1y
0c
0i
#111942518364
0t
0s
0r
1y
0c
0i
#111942518788
1t
0s
0r
1y
0c
0i
#111942519471
0t
0s
0r
1y
0c
0i
#111942519894
1t
0s
0r
1y
0c
0i
#111942520571
0t
0s
0r
1y
0c
0i
#111942520997
1t
0s
0r
1y
0c
0i
#111942521675
0t
0s
0r
1y
0c
0i
#111942522100
1t
0s
0r
1y
0c
0i
#111942522781
0t
0s
0r
1y
0c
0i
#111942523205
1t
0s
0r
1y
0c
0i
#111942523881
0t
0s
0r
1y
0c
0i
#111942524307
1t
0s
0r
1y
0c
0i
#111942524985
0t
0s
0r
1y
0c
0i
#111942525411
1t
0s
0r
1y
0c
0i
#111942526092
0t
0s
0r
1y
0c
0i
#111942526518
1t
0s
0r
1y
0c
0i
#111942527195
0t
0s
0r
1y
0c
0i
#111942527622
1t
0s
0r
1y
1c
0i
#111942528303
0t
0s
0r
1y
1c
0i
#111942528729
1t
0s
0r
1y
1c
0i
#111942529414
0t
0s
0r
1y
1c
0i
#111942529840
1t
0s
0r
1y
1c
1i
#111942530522
0t
0s
0r
1y
1c
1i
#111942530950
1t
0s
0r
1y
1c
1i
#111942531634
0t
0s
0r
1y
1c
1i
#111942532062
1t
0s
0r
1y
1c
1i
#111942532750
0t
0s
0r
1y
1c
0i
#111942533177
1t
0s
0r
1y
1c
0i
#111942533860
0t
0s
0r
1y
1c
0i
#111942534288
1t
0s
0r
1y
1c
0i
#111942534972
0t
0s
0r
1y
1c
0i
#111942535399
1t
0s
0r
1y
1c
0i
#111942536085
0t
0s
0r
1y
1c
0i
#111942536511
1t
0s
0r
1y
1c
0i
#111942537191
0t
0s
0r
1y
1c
0i
#111942537619
1t
0s
0r
1y
1c
0i
#111942538298
0t
0s
0r
1y
1c
0i
#111942538725
1t
0s
0r
1y
1c
0i
#111942539406
0t
0s
0r
1y
1c
0i
#111942539831
1t
0s
0r
1y
1c
0i
#111942540507
0t
0s
0r
1y
1c
0i
#111942540933
1t
0s
0r
1y
1c
0i
#111942541609
0t
0s
0r
1y
1c
0i
#111942542035
1t
0s
0r
1y
1c
0i
#111942542712
0t
0s
0r
1y
1c
0i
#111942543138
1t
0s
0r
1y
1c
0i
#111942543811
0t
0s
0r
1y
1c
0i
#111942544238
1t
0s
0r
1y
1c
0i
#111942544913
0t
0s
0r
1y
1c
0i
#111942545339
1t
0s
0r
1y
1c
0i
#111942546018
0t
0s
0r
1y
1c
0i
#111942546442
1t
0s
0r
1y
1c
0i
#111942548197
0t
0s
0r
1y
1c
0i
#111942549425
1t
0s
0r
1y
1c
0i
#111942550436
0t
0s
0r
1y
1c
0i
#111942550848
1t
0s
0r
1y
1c
0i
#111942551528
0t
0s
0r
1y
1c
0i
#111942551952
1t
0s
0r
1y
1c
0i
#111942552630
0t
0s
0r
1y
1c
0i
#111942553054
1t
0s
0r
1y
1c
0i
#111942553731
0t
0s
0r
1y
1c
0i
#111942554156
1t
0s
0r
1y
1c
0i
#111942554834
0t
0s
0r
1y
1c
0i
#111942555257
1t
0s
0r
1y
1c
0i
#111942555937
0t
0s
0r
1y
1c
0i
#111942556360
1t
0s
0r
1y
1c
0i
#111942557036
0t
0s
0r
1y
1c
0i
#111942557460
1t
0s
0r
1y
1c
0i
#111942558138
0t
0s
0r
1y
1c
0i
#111942558561
1t
0s
0r
1y
1c
0i
#111942559241
0t
0s
0r
1y
1c
0i
#111942559666
1t
0s
0r
1y
0c
0i
#111942560342
0t
0s
0r
1y
0c
0i
#111942560768
1t
0s
0r
1y
0c
0i
#111942561447
0t
0s
0r
1y
0c
0i
#111942561872
1t
0s
0r
1y
0c
0i
#111942562556
0t
0s
0r
1y
0c
0i
#111942562980
1t
0s
0r
1y
0c
1i
#111942563661
0t
0s
0r
1y
0c
1i
#111942564087
1t
0s
0r
1y
0c
1i
#111942564770
0t
0s
0r
1y
0c
1i
#111942565197
1t
0s
0r
1y
0c
1i
#111942565326
1t
0s
1r
1y
0c
1i
#111942565328
1t
0s
0r
1y
0c
1i
#111942565883
0t
0s
0r
1y
0c
0i
#111942566308
1t
0s
0r
1y
0c
0i
#111942566989
0t
0s
0r
1y
0c
0i
#111942567416
1t
0s
0r
1y
0c
0i
#111942568099
0t
0s
0r
1y
0c
0i
#111942568524
1t
0s
0r
1y
0c
0i
#111942569209
0t
0s
0r
1y
0c
0i
#111942569632
1t
0s
0r
1y
0c
0i
#111942570311
0t
0s
0r
1y
0c
0i
#111942570737
1t
0s
0r
1y
0c
0i
#111942571414
0t
0s
0r
1y
0c
0i
#111942571837
1t
0s
0r
1y
0c
0i
#111942572516
0t
0s
0r
1y
0c
0i
#111942572936
1t
0s
0r
1y
0c
0i
#111942573611
0t
0s
0r
1y
0c
0i
#111942574031
1t
0s
0r
1y
0c
0i
#111942574705
0t
0s
0r
1y
0c
0i
#111942575124
1t
0s
0r
1y
0c
0i
#111942575801
0t
0s
0r
1y
0c
0i
#111942576218
1t
0s
0r
1y
0c
0i
#111942576890
0t
0s
0r
1y
0c
0i
#111942577309
1t
0s
0r
1y
0c
0i
#111942577984
0t
0s
0r
1y
0c
0i
#111942578402
1t
0s
0r
1y
0c
0i
#111942579079
0t
0s
0r
1y
0c
0i
#111942579497
1t
0s
0r
1y
0c
0i
#111942580171
0t
0s
0r
1y
0c
0i
#111942580591
1t
0s
0r
1y
0c
0i
#111942581265
0t
0s
0r
1y
0c
0i
#111942581687
1t
0s
0r
1y
0c
0i
#111942582364
0t
0s
0r
1y
0c
0i
#111942582784
1t
0s
0r
1y
0c
0i
#111942583457
0t
0s
0r
1y
0c
0i
#111942583880
1t
0s
0r
1y
0c
0i
#111942584555
0t
0s
0r
1y
0c
0i
#111942584976
1t
0s
0r
1y
0c
0i
#111942585654
0t
0s
0r
1y
0c
0i
#111942586074
1t
0s
0r
1y
0c
0i
#111942586747
0t
0s
0r
1y
0c
0i
#111942587170
1t
0s
0r
1y
0c
0i
#111942587844
0t
0s
0r
1y
0c
0i
#111942588267
1t
0s
0r
1y
0c
0i
#111942588943
0t
0s
0r
1y
0c
0i
#111942589365
1t
0s
0r
1y
0c
0i
#111942590037
0t
0s
0r
1y
0c
0i
#111942590461
1t
0s
0r
1y
0c
0i
#111942591135
0t
0s
0r
1y
0c
0i
#111942591558
1t
0s
0r
1y
0c
0i
#111942592234
0t
0s
0r
1y
0c
0i
#111942592658
1t
0s
0r
1y
0c
0i
#111942593331
0t
0s
0r
1y
0c
0i
#111942593756
1t
0s
0r
1y
1c
0i
#111942594432
0t
0s
0r
1y
1c
0i
#111942594857
1t
0s
0r
1y
1c
0i
#111942595538
0t
0s
0r
1y
1c
0i
#111942595961
1t
0s
0r
1y
1c
1i
#111942596639
0t
0s
0r
1y
1c
1i
#111942597065
1t
0s
0r
1y
1c
1i
#111942597745
0t
0s
0r
1y
1c
1i
#111942598170
1t
0s
0r
1y
1c
1i
#111942598854
0t
0s
0r
1y
1c
0i
#111942599278
1t
0s
0r
1y
1c
0i
#111942599957
0t
0s
0r
1y
1c
0i
#111942600383
1t
0s
0r
1y
1c
0i
#111942601062
0t
0s
0r
1y
1c
0i
#111942601488
1t
0s
0r
1y
1c
0i
#111942602169
0t
0s
0r
1y
1c
0i
#111942602593
1t
0s
0r
1y
1c
0i
#111942603268
0t
0s
0r
1y
1c
0i
#111942603696
1t
0s
0r
1y
1c
0i
#111942604372
0t
0s
0r
1y
1c
0i
#111942604797
1t
0s
0r
1y
1c
0i
#111942605475
0t
0s
0r
1y
1c
0i
#111942605899
1t
0s
0r
1y
1c
0i
#111942606571
0t
0s
0r
1y
1c
0i
#111942606996
1t
0s
0r
1y
1c
0i
#111942607670
0t
0s
0r
1y
1c
0i
#111942608093
1t
0s
0r
1y
1c
0i
#111942608768
0t
0s
0r
1y
1c
0i
#111942609192
1t
0s
0r
1y
1c
0i
#111942609862
0t
0s
0r
1y
1c
0i
#111942610288
1t
0s
0r
1y
1c
0i
#111942610959
0t
0s
0r
1y
1c
0i
#111942611384
1t
0s
0r
1y
1c
0i
#111942612058
0t
0s
0r
1y
1c
0i
#111942612482
1t
0s
0r
1y
1c
0i
#111942614227
0t
0s
0r
1y
1c
0i
#111942615450
1t
0s
0r
1y
1c
0i
#111942616456
0t
0s
0r
1y
1c
0i
#111942616867
1t
0s
0r
1y
1c
0i
#111942617544
0t
0s
0r
1y
1c
0i
#111942617965
1t
0s
0r
1y
1c
0i
#111942618640
0t
0s
0r
1y
1c
0i
#111942619062
1t
0s
0r
1y
1c
0i
#111942619736
0t
0s
0r
1y
1c
0i
#111942620160
1t
0s
0r
1y
1c
0i
#111942620834
0t
0s
0r
1y
1c
0i
#111942621256
1t
0s
0r
1y
1c
0i
#111942621933
0t
0s
0r
1y
1c
0i
#111942622353
1t
0s
0r
1y
1c
0i
#111942623026
0t
0s
0r
1y
1c
0i
#111942623449
1t
0s
0r
1y
1c
0i
#111942624122
0t
0s
0r
1y
1c
0i
#111942624545
1t
0s
0r
1y
1c
0i
#111942625221
0t
0s
0r
1y
1c
0i
#111942625644
1t
0s
0r
1y
1c
0i
#111942626316
0t
0s
0r
1y
1c
0i
#111942626741
1t
0s
0r
1y
0c
0i
#111942627416
0t
0s
0r
1y
0c
0i
#111942627840
1t
0s
0r
1y
0c
0i
#111942628519
0t
0s
0r
1y
0c
0i
#111942628942
1t
0s
0r
1y
0c
1i
#111942629619
0t
0s
0r
1y
0c
1i
#111942630043
1t
0s
0r
1y
0c
1i
#111942630722
0t
0s
0r
1y
0c
1i
#111942631147
1t
0s
0r
1y
0c
1i
#111942631829
0t
0s
0r
1y
0c
0i
#111942632252
1t
0s
0r
1y
0c
0i
#111942632930
0t
0s
0r
1y
0c
0i
#111942633355
1t
0s
0r
1y
0c
0i
#111942634034
0t
0s
0r
1y
0c
0i
#111942634457
1t
0s
0r
1y
0c
0i
#111942635139
0t
0s
0r
1y
0c
0i
#111942635561
1t
0s
0r
1y
0c
0i
#111942636238
0t
0s
0r
1y
0c
0i
#111942636663
1t
0s
0r
1y
0c
0i
#111942637340
0t
0s
0r
1y
0c
0i
#111942637765
1t
0s
0r
1y
0c
0i
#111942638446
0t
0s
0r
1y
0c
0i
#111942638869
1t
0s
0r
1y
0c
0i
#111942639547
0t
0s
0r
1y
0c
0i
#111942639971
1t
0s
0r
1y
0c
0i
#111942640652
0t
0s
0r
1y
0c
0i
#111942641075
1t
0s
0r
1y
0c
0i
#111942641760
0t
0s
0r
1y
0c
0i
#111942642181
1t
0s
0r
1y
0c
0i
#111942642862
0t
0s
0r
1y
0c
0i
#111942643286
1t
0s
0r
1y
0c
0i
#111942643969
0t
0s
0r
1y
0c
0i
#111942644392
1t
0s
0r
1y
0c
0i
#111942645078
0t
0s
0r
1y
0c
0i
#111942645500
1t
0s
0r
1y
0c
0i
#111942646182
0t
0s
0r
1y
0c
0i
#111942646607
1t
0s
0r
1y
0c
0i
#111942647289
0t
0s
0r
1y
0c
0i
#111942647715
1t
0s
0r
1y
0c
0i
#111942648400
0t
0s
0r
1y
0c
0i
#111942648824
1t
0s
0r
1y
0c
0i
#111942649503
0t
0s
0r
1y
0c
0i
#111942649930
1t
0s
0r
1y
0c
0i
#111942650611
0t
0s
0r
1y
0c
0i
#111942651036
1t
0s
0r
1y
0c
0i
#111942651720
0t
0s
0r
1y
0c
0i
#111942652144
1t
0s
0r
1y
0c
0i
#111942652823
0t
0s
0r
1y
0c
0i
#111942653250
1t
0s
0r
1y
0c
0i
#111942653930
0t
0s
0r
1y
0c
0i
#111942654356
1t
0s
0r
1y
0c
0i
#111942655039
0t
0s
0r
1y
0c
0i
#111942655464
1t
0s
0r
1y
0c
0i
#111942656142
0t
0s
0r
1y
0c
0i
#111942656569
1t
0s
0r
1y
0c
0i
#111942657249
0t
0s
0r
1y
0c
0i
#111942657675
1t
0s
0r
1y
0c
0i
#111942658358
0t
0s
0r
1y
0c
0i
#111942658785
1t
0s
0r
1y
0c
0i
#111942659463
0t
0s
0r
1y
0c
0i
#111942659892
1t
0s
0r
1y
1c
0i
#111942660574
0t
0s
0r
1y
1c
0i
#111942661001
1t
0s
0r
1y
1c
0i
#111942661688
0t
0s
0r
1y
1c
0i
#111942662114
1t
0s
0r
1y
1c
1i
#111942662798
0t
0s
0r
1y
1c
1i
#111942663227
1t
0s
0r
1y
1c
1i
#111942663913
0t
0s
0r
1y
1c
1i
#111942664341
1t
0s
0r
1y
1c
1i
#111942665031
0t
0s
0r
1y
1c
0i
#111942665458
1t
0s
0r
1y
1c
0i
#111942666142
0t
0s
0r
1y
1c
0i
#111942666571
1t
0s
0r
1y
1c
0i
#111942667257
0t
0s
0r
1y
1c
0i
#111942667685
1t
0s
0r
1y
1c
0i
#111942668373
0t
0s
0r
1y
1c
0i
#111942668799
1t
0s
0r
1y
1c
0i
#111942669481
0t
0s
0r
1y
1c
0i
#111942669911
1t
0s
0r
1y
1c
0i
#111942670592
0t
0s
0r
1y
1c
0i
#111942671021
1t
0s
0r
1y
1c
0i
#111942671705
0t
0s
0r
1y
1c
0i
#111942672132
1t
0s
0r
1y
1c
0i
#111942672810
0t
0s
0r
1y
1c
0i
#111942673239
1t
0s
0r
1y
1c
0i
#111942673918
0t
0s
0r
1y
1c
0i
#111942674346
1t
0s
0r
1y
1c
0i
#111942675028
0t
0s
0r
1y
1c
0i
#111942675455
1t
0s
0r
1y
1c
0i
#111942676132
0t
0s
0r
1y
1c
0i
#111942676561
1t
0s
0r
1y
1c
0i
#111942677239
0t
0s
0r
1y
1c
0i
#111942677668
1t
0s
0r
1y
1c
0i
#111942678350
0t
0s
0r
1y
1c
0i
#111942678776
1t
0s
0r
1y
1c
0i
#111942680540
0t
0s
0r
1y
1c
0i
#111942681774
1t
0s
0r
1y
1c
0i
#111942682790
0t
0s
0r
1y
1c
0i
#111942683204
1t
0s
0r
1y
1c
0i
#111942683887
0t
0s
0r
1y
1c
0i
#111942684313
1t
0s
0r
1y
1c
0i
#111942684994
0t
0s
0r
1y
1c
0i
#111942685420
1t
0s
0r
1y
1c
0i
#111942686100
0t
0s
0r
1y
1c
0i
#111942686528
1t
0s
0r
1y
1c
0i
#111942687208
0t
0s
0r
1y
1c
0i
#111942687634
1t
0s
0r
1y
1c
0i
#111942688317
0t
0s
0r
1y
1c
0i
#111942688741
1t
0s
0r
1y
1c
0i
#111942689420
0t
0s
0r
1y
1c
0i
#111942689846
1t
0s
0r
1y
1c
0i
#111942690527
0t
0s
0r
1y
1c
0i
#111942690952
1t
0s
0r
1y
1c
0i
#111942691635
0t
0s
0r
1y
1c
0i
#111942692061
1t
0s
0r
1y
1c
0i
#111942692740
0t
0s
0r
1y
1c
0i
#111942693168
1t
0s
0r
1y
0c
0i
#111942693850
0t
0s
0r
1y
0c
0i
#111942694277
1t
0s
0r
1y
0c
0i
#111942694964
0t
0s
0r
1y
0c
0i
#111942695390
1t
0s
0r
1y
0c
1i
#111942696074
0t
0s
0r
1y
0c
1i
#111942696502
1t
0s
0r
1y
0c
1i
#111942697188
0t
0s
0r
1y
0c
1i
#111942697591
0t
0s
1r
1y
0c
1i
#111942697594
0t
0s
0r
1y
0c
1i
#111942697617
1t
0s
0r
1y
0c
1i
#111942698306
0t
0s
0r
1y
0c
0i
#111942698733
1t
0s
0r
1y
0c
0i
#111942699418
0t
0s
0r
1y
0c
0i
#111942699847
1t
0s
0r
1y
0c
0i
#111942700534
0t
0s
0r
1y
0c
0i
#111942700961
1t
0s
0r
1y
0c
0i
#111942701650
0t
0s
0r
1y
0c
0i
#111942702076
1t
0s
0r
1y
0c
0i
#111942702760
0t
0s
0r
1y
0c
0i
#111942703189
1t
0s
0r
1y
0c
0i
#111942703874
0t
0s
0r
1y
0c
0i
#111942704301
1t
0s
0r
1y
0c
0i
#111942704989
0t
0s
0r
1y
0c
0i
#111942705414
1t
0s
0r
1y
0c
0i
#111942706099
0t
0s
0r
1y
0c
0i
#111942706524
1t
0s
0r
1y
0c
0i
#111942707210
0t
0s
0r
1y
0c
0i
#111942707635
1t
0s
0r
1y
0c
0i
#111942708324
0t
0s
0r
1y
0c
0i
#111942708746
1t
0s
0r
1y
0c
0i
#111942709430
0t
0s
0r
1y
0c
0i
#111942709856
1t
0s
0r
1y
0c
0i
#111942710542
0t
0s
0r
1y
0c
0i
#111942710967
1t
0s
0r
1y
0c
0i
#111942711656
0t
0s
0r
1y
0c
0i
#111942712080
1t
0s
0r
1y
0c
0i
#111942712765
0t
0s
0r
1y
0c
0i
#111942713191
1t
0s
0r
1y
0c
0i
#111942713877
0t
0s
0r
1y
0c
0i
#111942714304
1t
0s
0r
1y
0c
0i
#111942714992
0t
0s
0r
1y
0c
0i
#111942715418
1t
0s
0r
1y
0c
0i
#111942716102
0t
0s
0r
1y
0c
0i
#111942716529
1t
0s
0r
1y
0c
0i
#111942717215
0t
0s
0r
1y
0c
0i
#111942717641
1t
0s
0r
1y
0c
0i
#111942718330
0t
0s
0r
1y
0c
0i
#111942718755
1t
0s
0r
1y
0c
0i
#111942719438
0t
0s
0r
1y
0c
0i
#111942719867
1t
0s
0r
1y
0c
0i
#111942720551
0t
0s
0r
1y
0c
0i
#111942720979
1t
0s
0r
1y
0c
0i
#111942721665
0t
0s
0r
1y
0c
0i
#111942722092
1t
0s
0r
1y
0c
0i
#111942722775
0t
0s
0r
1y
0c
0i
#111942723203
1t
0s
0r
1y
0c
0i
#111942723888
0t
0s
0r
1y
0c
0i
#111942724316
1t
0s
0r
1y
0c
0i
#111942725003
0t
0s
0r
1y
0c
0i
#111942725432
1t
0s
0r
1y
0c
0i
#111942726115
0t
0s
0r
1y
0c
0i
#111942726545
1t
0s
0r
1y
1c
0i
#111942727232
0t
0s
0r
1y
1c
0i
#111942727662
1t
0s
0r
1y
1c
0i
#111942728353
0t
0s
0r
1y
1c
0i
#111942728782
1t
0s
0r
1y
1c
1i
#111942729470
0t
0s
0r
1y
1c
1i
#111942729902
1t
0s
0r
1y
1c
1i
#111942730593
0t
0s
0r
1y
1c
1i
#111942731024
1t
0s
0r
1y
1c
1i
#111942731718
0t
0s
0r
1y
1c
0i
#111942732148
1t
0s
0r
1y
1c
0i
#111942732837
0t
0s
0r
1y
1c
0i
#111942733269
1t
0s
0r
1y
1c
0i
#111942733960
0t
0s
0r
1y
1c
0i
#111942734390
1t
0s
0r
1y
1c
0i
#111942735082
0t
0s
0r
1y
1c
0i
#111942735511
1t
0s
0r
1y
1c
0i
#111942736196
0t
0s
0r
1y
1c
0i
#111942736628
1t
0s
0r
1y
1c
0i
#111942737313
0t
0s
0r
1y
1c
0i
#111942737743
1t
0s
0r
1y
1c
0i
#111942738429
0t
0s
0r
1y
1c
0i
#111942738856
1t
0s
0r
1y
1c
0i
#111942739536
0t
0s
0r
1y
1c
0i
#111942739964
1t
0s
0r
1y
1c
0i
#111942740644
0t
0s
0r
1y
1c
0i
#111942741071
1t
0s
0r
1y
1c
0i
#111942741752
0t
0s
0r
1y
1c
0i
#111942742180
1t
0s
0r
1y
1c
0i
#111942742856
0t
0s
0r
1y
1c
0i
#111942743285
1t
0s
0r
1y
1c
0i
#111942743962
0t
0s
0r
1y
1c
0i
#111942744390
1t
0s
0r
1y
1c
0i
#111942745072
0t
0s
0r
1y
1c
0i
#111942745498
1t
0s
0r
1y
1c
0i
#111942747261
0t
0s
0r
1y
1c
0i
#111942748495
1t
0s
0r
1y
1c
0i
#111942749512
0t
0s
0r
1y
1c
0i
#111942749926
1t
0s
0r
1y
1c
0i
#111942750610
0t
0s
0r
1y
1c
0i
#111942751036
1t
0s
0r
1y
1c
0i
#111942751718
0t
0s
0r
1y
1c
0i
#111942752143
1t
0s
0r
1y
1c
0i
#111942752825
0t
0s
0r
1y
1c
0i
#111942753252
1t
0s
0r
1y
1c
0i
#111942753933
0t
0s
0r
1y
1c
0i
#111942754359
1t
0s
0r
1y
1c
0i
#111942755042
0t
0s
0r
1y
1c
0i
#111942755467
1t
0s
0r
1y
1c
0i
#111942756147
0t
0s
0r
1y
1c
0i
#111942756573
1t
0s
0r
1y
1c
0i
#111942757255
0t
0s
0r
1y
1c
0i
#111942757680
1t
0s
0r
1y
1c
0i
#111942758364
0t
0s
0r
1y
1c
0i
#111942758790
1t
0s
0r
1y
1c
0i
#111942759470
0t
0s
0r
1y
1c
0i
#111942759898
1t
0s
0r
1y
0c
0i
#111942760580
0t
0s
0r
1y
0c
0i
#111942761008
1t
0s
0r
1y
0c
0i
#111942761696
0t
0s
0r
1y
0c
0i
#111942762122
1t
0s
0r
1y
0c
1i
#111942762806
0t
0s
0r
1y
0c
1i
#111942763235
1t
0s
0r
1y
0c
1i
#111942763922
0t
0s
0r
1y
0c
1i
#111942764351
1t
0s
0r
1y
0c
1i
#111942765041
0t
0s
0r
1y
0c
0i
#111942765469
1t
0s
0r
1y
0c
0i
#111942766155
0t
0s
0r
1y
0c
0i
#111942766584
1t
0s
0r
1y
0c
0i
#111942767271
0t
0s
0r
1y
0c
0i
#111942767698
1t
0s
0r
1y
0c
0i
#111942768389
0t
0s
0r
1y
0c
0i
#111942768814
1t
0s
0r
1y
0c
0i
#111942769499
0t
0s
0r
1y
0c
0i
#111942769928
1t
0s
0r
1y
0c
0i
#111942770612
0t
0s
0r
1y
0c
0i
#111942771039
1t
0s
0r
1y
0c
0i
#111942771727
0t
0s
0r
1y
0c
0i
#111942772151
1t
0s
0r
1y
0c
0i
#111942772834
0t
0s
0r
1y
0c
0i
#111942773260
1t
0s
0r
1y
0c
0i
#111942773944
0t
0s
0r
1y
0c
0i
#111942774368
1t
0s
0r
1y
0c
0i
#111942775054
0t
0s
0r
1y
0c
0i
#111942775476
1t
0s
0r
1y
0c
0i
#111942776157
0t
0s
0r
1y
0c
0i
#111942776581
1t
0s
0r
1y
0c
0i
#111942777264
0t
0s
0r
1y
0c
0i
#111942777687
1t
0s
0r
1y
0c
0i
#111942778372
0t
0s
0r
1y
0c
0i
#111942778794
1t
0s
0r
1y
0c
0i
#111942779475
0t
0s
0r
1y
0c
0i
#111942779900
1t
0s
0r
1y
0c
0i
#111942780581
0t
0s
0r
1y
0c
0i
#111942781006
1t
0s
0r
1y
0c
0i
#111942781690
0t
0s
0r
1y
0c
0i
#111942782114
1t
0s
0r
1y
0c
0i
#111942782793
0t
0s
0r
1y
0c
0i
#111942783219
1t
0s
0r
1y
0c
0i
#111942783900
0t
0s
0r
1y
0c
0i
#111942784325
1t
0s
0r
1y
0c
0i
#111942785009
0t
0s
0r
1y
0c
0i
#111942785432
1t
0s
0r
1y
0c
0i
#111942786111
0t
0s
0r
1y
0c
0i
#111942786538
1t
0s
0r
1y
0c
0i
#111942787218
0t
0s
0r
1y
0c
0i
#111942787644
1t
0s
0r
1y
0c
0i
#111942788327
0t
0s
0r
1y
0c
0i
#111942788751
1t
0s
0r
1y
0c
0i
#111942789430
0t
0s
0r
1y
0c
0i
#111942789856
1t
0s
0r
1y
0c
0i
#111942790535
0t
0s
0r
1y
0c
0i
#111942790962
1t
0s
0r
1y
0c
0i
#111942791644
0t
0s
0r
1y
0c
0i
#111942792071
1t
0s
0r
1y
0c
0i
#111942792749
0t
0s
0r
1y
0c
0i
#111942793177
1t
0s
0r
1y
1c
0i
#111942793859
0t
0s
0r
1y
1c
0i
#111942794286
1t
0s
0r
1y
1c
0i
#111942794972
0t
0s
0r
1y
1c
0i
#111942795399
1t
0s
0r
1y
1c
1i
#111942796082
0t
0s
0r
1y
1c
1i
#111942796511
1t
0s
0r
1y
1c
1i
#111942797197
0t
0s
0r
1y
1c
1i
#111942797625
1t
0s
0r
1y
1c
1i
#111942798315
0t
0s
0r
1y
1c
0i
#111942798741
1t
0s
0r
1y
1c
0i
#111942799425
0t
0s
0r
1y
1c
0i
#111942799855
1t
0s
0r
1y
1c
0i
#111942800540
0t
0s
0r
1y
1c
0i
#111942800968
1t
0s
0r
1y
1c
0i
#111942801656
0t
0s
0r
1y
1c
0i
#111942802082
1t
0s
0r
1y
1c
0i
#111942802764
0t
0s
0r
1y
1c
0i
#111942803194
1t
0s
0r
1y
1c
0i
#111942803876
0t
0s
0r
1y
1c
0i
#111942804305
1t
0s
0r
1y
1c
0i
#111942804989
0t
0s
0r
1y
1c
0i
#111942805417
1t
0s
0r
1y
1c
0i
#111942806096
0t
0s
0r
1y
1c
0i
#111942806524
1t
0s
0r
1y
1c
0i
#111942807205
0t
0s
0r
1y
1c
0i
#111942807632
1t
0s
0r
1y
1c
0i
#111942808315
0t
0s
0r
1y
1c
0i
#111942808742
1t
0s
0r
1y
1c
0i
#111942809418
0t
0s
0r
1y
1c
0i
#111942809848
1t
0s
0r
1y
1c
0i
#111942810526
0t
0s
0r
1y
1c
0i
#111942810954
1t
0s
0r
1y
1c
0i
#111942811635
0t
0s
0r
1y
1c
0i
#111942812062
1t
0s
0r
1y
1c
0i
#111942813825
0t
0s
0r
1y
1c
0i
#111942815057
1t
0s
0r
1y
1c
0i
#111942816073
0t
0s
0r
1y
1c
0i
#111942816487
1t
0s
0r
1y
1c
0i
#111942817170
0t
0s
0r
1y
1c
0i
#111942817595
1t
0s
0r
1y
1c
0i
#111942818276
0t
0s
0r
1y
1c
0i
#111942818702
1t
0s
0r
1y
1c
0i
#111942819382
0t
0s
0r
1y
1c
0i
#111942819809
1t
0s
0r
1y
1c
0i
#111942820489
0t
0s
0r
1y
1c
0i
#111942820915
1t
0s
0r
1y
1c
0i
#111942821598
0t
0s
0r
1y
1c
0i
#111942822022
1t
0s
0r
1y
1c
0i
#111942822701
0t
0s
0r
1y
1c
0i
#111942823127
1t
0s
0r
1y
1c
0i
#111942823807
0t
0s
0r
1y
1c
0i
#111942824232
1t
0s
0r
1y
1c
0i
#111942824914
0t
0s
0r
1y
1c
0i
#111942825341
1t
0s
0r
1y
0c
0i
#111942826020
0t
0s
0r
1y
0c
0i
#111942826447
1t
0s
0r
1y
0c
0i
#111942827129
0t
0s
0r
1y
0c
0i
#111942827556
1t
0s
0r
1y
0c
0i
#111942828243
0t
0s
0r
1y
0c
0i
#111942828668
1t
0s
0r
1y
0c
1i
#111942829351
0t
0s
0r
1y
0c
1i
#111942829779
1t
0s
0r
1y
0c
1i
#111942830465
0t
0s
0r
1y
0c
1i
#111942830894
1t
0s
0r
1y
0c
1i
#111942830986
1t
0s
1r
1y
0c
1i
#111942830989
1t
0s
0r
1y
0c
1i
#111942831583
0t
0s
0r
1y
0c
0i
#111942832010
1t
0s
0r
1y
0c
0i
#111942832695
0t
0s
0r
1y
0c
0i
#111942833123
1t
0s
0r
1y
0c
0i
#111942833810
0t
0s
0r
1y
0c
0i
#111942834236
1t
0s
0r
1y
0c
0i
#111942834924
0t
0s
0r
1y
0c
0i
#111942835349
1t
0s
0r
1y
0c
0i
#111942836031
0t
0s
0r
1y
0c
0i
#111942836458
1t
0s
0r
1y
0c
0i
#111942837139
0t
0s
0r
1y
0c
0i
#111942837564
1t
0s
0r
1y
0c
0i
#111942838247
0t
0s
0r
1y
0c
0i
#111942838669
1t
0s
0r
1y
0c
0i
#111942839348
0t
0s
0r
1y
0c
0i
#111942839771
1t
0s
0r
1y
0c
0i
#111942840450
0t
0s
0r
1y
0c
0i
#111942840871
1t
0s
0r
1y
0c
0i
#111942841553
0t
0s
0r
1y
0c
0i
#111942841972
1t
0s
0r
1y
0c
0i
#111942842649
0t
0s
0r
1y
0c
0i
#111942843071
1t
0s
0r
1y
0c
0i
#111942843749
0t
0s
0r
1y
0c
0i
#111942844171
1t
0s
0r
1y
0c
0i
#111942844853
0t
0s
0r
1y
0c
0i
#111942845273
1t
0s
0r
1y
0c
0i
#111942845952
0t
0s
0r
1y
0c
0i
#111942846374
1t
0s
0r
1y
0c
0i
#111942847053
0t
0s
0r
1y
0c
0i
#111942847478
1t
0s
0r
1y
0c
0i
#111942848160
0t
0s
0r
1y
0c
0i
#111942848582
1t
0s
0r
1y
0c
0i
#111942849260
0t
0s
0r
1y
0c
0i
#111942849684
1t
0s
0r
1y
0c
0i
#111942850364
0t
0s
0r
1y
0c
0i
#111942850787
1t
0s
0r
1y
0c
0i
#111942851470
0t
0s
0r
1y
0c
0i
#111942851892
1t
0s
0r
1y
0c
0i
#111942852570
0t
0s
0r
1y
0c
0i
#111942852996
1t
0s
0r
1y
0c
0i
#111942853674
0t
0s
0r
1y
0c
0i
#111942854099
1t
0s
0r
1y
0c
0i
#111942854780
0t
0s
0r
1y
0c
0i
#111942855204
1t
0s
0r
1y
0c
0i
#111942855881
0t
0s
0r
1y
0c
0i
#111942856307
1t
0s
0r
1y
0c
0i
#111942856985
0t
0s
0r
1y
0c
0i
#111942857411
1t
0s
0r
1y
0c
0i
#111942858092
0t
0s
0r
1y
0c
0i
#111942858519
1t
0s
0r
1y
0c
0i
#111942859196
0t
0s
0r
1y
0c
0i
#111942859624
1t
0s
0r
1y
1c
0i
#111942860305
0t
0s
0r
1y
1c
0i
#111942860732
1t
0s
0r
1y
1c
0i
#111942861417
0t
0s
0r
1y
1c
0i
#111942861843
1t
0s
0r
1y
1c
1i
#111942862526
0t
0s
0r
1y
1c
1i
#111942862954
1t
0s
0r
1y
1c
1i
#111942863639
0t
0s
0r
1y
1c
1i
#111942864067
1t
0s
0r
1y
1c
1i
#111942864755
0t
0s
0r
1y
1c
0i
#111942865182
1t
0s
0r
1y
1c
0i
#111942865866
0t
0s
0r
1y
1c
0i
#111942866294
1t
0s
0r
1y
1c
0i
#111942866979
0t
0s
0r
1y
1c
0i
#111942867406
1t
0s
0r
1y
1c
0i
#111942868092
0t
0s
0r
1y
1c
0i
#111942868518
1t
0s
0r
1y
1c
0i
#111942869197
0t
0s
0r
1y
1c
0i
#111942869627
1t
0s
0r
1y
1c
0i
#111942870306
0t
0s
0r
1y
1c
0i
#111942870733
1t
0s
0r
1y
1c
0i
#111942871414
0t
0s
0r
1y
1c
0i
#111942871839
1t
0s
0r
1y
1c
0i
#111942872514
0t
0s
0r
1y
1c
0i
#111942872940
1t
0s
0r
1y
1c
0i
#111942873615
0t
0s
0r
1y
1c
0i
#111942874040
1t
0s
0r
1y
1c
0i
#111942874717
0t
0s
0r
1y
1c
0i
#111942875142
1t
0s
0r
1y
1c
0i
#111942875814
0t
0s
0r
1y
1c
0i
#111942876241
1t
0s
0r
1y
1c
0i
#111942876914
0t
0s
0r
1y
1c
0i
#111942877340
1t
0s
0r
1y
1c
0i
#111942878017
0t
0s
0r
1y
1c
0i
#111942878441
1t
0s
0r
1y
1c
0i
#111942880193
0t
0s
0r
1y
1c
0i
#111942881419
1t
0s
0r
1y
1c
0i
#111942882429
0t
0s
0r
1y
1c
0i
#111942882841
1t
0s
0r
1y
1c
0i
#111942883520
0t
0s
0r
1y
1c
0i
#111942883943
1t
0s
0r
1y
1c
0i
#111942884620
0t
0s
0r
1y
1c
0i
#111942885043
1t
0s
0r
1y
1c
0i
#111942885720
0t
0s
0r
1y
1c
0i
#111942886145
1t
0s
0r
1y
1c
0i
#111942886821
0t
0s
0r
1y
1c
0i
#111942887245
1t
0s
0r
1y
1c
0i
#111942887923
0t
0s
0r
1y
1c
0i
#111942888346
1t
0s
0r
1y
1c
0i
#111942889020
0t
0s
0r
1y
1c
0i
#111942889444
1t
0s
0r
1y
1c
0i
#111942890120
0t
0s
0r
1y
1c
0i
#111942890544
1t
0s
0r
1y
1c
0i
#111942891222
0t
0s
0r
1y
1c
0i
#111942891646
1t
0s
0r
1y
1c
0i
#111942892321
0t
0s
0r
1y
1c
0i
#111942892746
1t
0s
0r
1y
0c
0i
#111942893424
0t
0s
0r
1y
0c
0i
#111942893849
1t
0s
0r
1y
0c
0i
#111942894531
0t
0s
0r
1y
0c
0i
#111942894954
1t
0s
0r
1y
0c
1i
#111942895633
0t
0s
0r
1y
0c
1i
#111942896059
1t
0s
0r
1y
0c
1i
#111942896740
0t
0s
0r
1y
0c
1i
#111942897167
1t
0s
0r
1y
0c
1i
#111942897851
0t
0s
0r
1y
0c
0i
#111942898276
1t
0s
0r
1y
0c
0i
#111942898956
0t
0s
0r
1y
0c
0i
#111942899382
1t
0s
0r
1y
0c
0i
#111942900063
0t
0s
0r
1y
0c
0i
#111942900487
1t
0s
0r
1y
0c
0i
#111942901171
0t
0s
0r
1y
0c
0i
#111942901593
1t
0s
0r
1y
0c
0i
#111942902271
0t
0s
0r
1y
0c
0i
#111942902696
1t
0s
0r
1y
0c
0i
#111942903372
0t
0s
0r
1y
0c
0i
#111942903795
1t
0s
0r
1y
0c
0i
#111942904473
0t
0s
0r
1y
0c
0i
#111942904892
1t
0s
0r
1y
0c
0i
#111942905565
0t
0s
0r
1y
0c
0i
#111942905985
1t
0s
0r
1y
0c
0i
#111942906657
0t
0s
0r
1y
0c
0i
#111942907076
1t
0s
0r
1y
0c
0i
#111942907751
0t
0s
0r
1y
0c
0i
#111942908168
1t
0s
0r
1y
0c
0i
#111942908838
0t
0s
0r
1y
0c
0i
#111942909257
1t
0s
0r
1y
0c
0i
#111942909928
0t
0s
0r
1y
0c
0i
#111942910347
1t
0s
0r
1y
0c
0i
#111942911022
0t
0s
0r
1y
0c
0i
#111942911439
1t
0s
0r
1y
0c
0i
#111942912110
0t
0s
0r
1y
0c
0i
#111942912530
1t
0s
0r
1y
0c
0i
#111942913201
0t
0s
0r
1y
0c
0i
#111942913623
1t
0s
0r
1y
0c
0i
#111942914297
0t
0s
0r
1y
0c
0i
#111942914717
1t
0s
0r
1y
0c
0i
#111942915387
0t
0s
0r
1y
0c
0i
#111942915808
1t
0s
0r
1y
0c
0i
#111942916480
0t
0s
0r
1y
0c
0i
#111942916900
1t
0s
0r
1y
0c
0i
#111942917575
0t
0s
0r
1y
0c
0i
#111942917994
1t
0s
0r
1y
0c
0i
#111942918664
0t
0s
0r
1y
0c
0i
#111942919086
1t
0s
0r
1y
0c
0i
#111942919756
0t
0s
0r
1y
0c
0i
#111942920177
1t
0s
0r
1y
0c
0i
#111942920851
0t
0s
0r
1y
0c
0i
#111942921271
1t
0s
0r
1y
0c
0i
#111942921940
0t
0s
0r
1y
0c
0i
#111942922361
1t
0s
0r
1y
0c
0i
#111942923032
0t
0s
0r
1y
0c
0i
#111942923454
1t
0s
0r
1y
0c
0i
#111942924127
0t
0s
0r
1y
0c
0i
#111942924549
1t
0s
0r
1y
0c
0i
#111942925218
0t
0s
0r
1y
0c
0i
#111942925641
1t
0s
0r
1y
1c
0i
#111942926314
0t
0s
0r
1y
1c
0i
#111942926736
1t
0s
0r
1y
1c
0i
#111942927412
0t
0s
0r
1y
1c
0i
#111942927834
1t
0s
0r
1y
1c
1i
#111942928508
0t
0s
0r
1y
1c
1i
#111942928931
1t
0s
0r
1y
1c
1i
#111942929607
0t
0s
0r
1y
1c
1i
#111942930031
1t
0s
0r
1y
1c
1i
#111942930711
0t
0s
0r
1y
1c
0i
#111942931133
1t
0s
0r
1y
1c
0i
#111942931808
0t
0s
0r
1y
1c
0i
#111942932232
1t
0s
0r
1y
1c
0i
#111942932908
0t
0s
0r
1y
1c
0i
#111942933331
1t
0s
0r
1y
1c
0i
#111942934010
0t
0s
0r
1y
1c
0i
#111942934432
1t
0s
0r
1y
1c
0i
#111942935105
0t
0s
0r
1y
1c
0i
#111942935531
1t
0s
0r
1y
1c
0i
#111942936204
0t
0s
0r
1y
1c
0i
#111942936629
1t
0s
0r
1y
1c
0i
#111942937306
0t
0s
0r
1y
1c
0i
#111942937730
1t
0s
0r
1y
1c
0i
#111942938403
0t
0s
0r
1y
1c
0i
#111942938827
1t
0s
0r
1y
1c
0i
#111942939501
0t
0s
0r
1y
1c
0i
#111942939926
1t
0s
0r
1y
1c
0i
#111942940602
0t
0s
0r
1y
1c
0i
#111942941027
1t
0s
0r
1y
1c
0i
#111942941699
0t
0s
0r
1y
1c
0i
#111942942126
1t
0s
0r
1y
1c
0i
#111942942799
0t
0s
0r
1y
1c
0i
#111942943225
1t
0s
0r
1y
1c
0i
#111942943902
0t
0s
0r
1y
1c
0i
#111942944326
1t
0s
0r
1y
1c
0i
#111942946076
0t
0s
0r
1y
1c
0i
#111942947301
1t
0s
0r
1y
1c
0i
#111942948309
0t
0s
0r
1y
1c
0i
#111942948720
1t
0s
0r
1y
1c
0i
#111942949397
0t
0s
0r
1y
1c
0i
#111942949820
1t
0s
0r
1y
1c
0i
#111942950495
0t
0s
0r
1y
1c
0i
#111942950918
1t
0s
0r
1y
1c
0i
#111942951592
0t
0s
0r
1y
1c
0i
#111942952017
1t
0s
0r
1y
1c
0i
#111942952691
0t
0s
0r
1y
1c
0i
#111942953114
1t
0s
0r
1y
1c
0i
#111942953791
0t
0s
0r
1y
1c
0i
#111942954212
1t
0s
0r
1y
1c
0i
#111942954885
0t
0s
0r
1y
1c
0i
#111942955309
1t
0s
0r
1y
1c
0i
#111942955984
0t
0s
0r
1y
1c
0i
#111942956406
1t
0s
0r
1y
1c
0i
#111942957083
0t
0s
0r
1y
1c
0i
#111942957506
1t
0s
0r
1y
1c
0i
#111942958180
0t
0s
0r
1y
1c
0i
#111942958604
1t
0s
0r
1y
0c
0i
#111942959280
0t
0s
0r
1y
0c
0i
#111942959705
1t
0s
0r
1y
0c
0i
#111942960386
0t
0s
0r
1y
0c
0i
#111942960809
1t
0s
0r
1y
0c
1i
#111942961487
0t
0s
0r
1y
0c
1i
#111942961912
1t
0s
0r
1y
0c
1i
#111942962593
0t
0s
0r
1y
0c
1i
#111942963019
1t
0s
0r
1y
0c
1i
#111942963105
1t
0s
1r
1y
0c
1i
#111942963108
1t
0s
0r
1y
0c
1i
#111942963702
0t
0s
0r
1y
0c
0i
#111942964127
1t
0s
0r
1y
0c
0i
#111942964806
0t
0s
0r
1y
0c
0i
#111942965232
1t
0s
0r
1y
0c
0i
#111942965912
0t
0s
0r
1y
0c
0i
#111942966337
1t
0s
0r
1y
0c
0i
#111942967020
0t
0s
0r
1y
0c
0i
#111942967443
1t
0s
0r
1y
0c
0i
#111942968122
0t
0s
0r
1y
0c
0i
#111942968547
1t
0s
0r
1y
0c
0i
#111942969227
0t
0s
0r
1y
0c
0i
#111942969651
1t
0s
0r
1y
0c
0i
#111942970333
0t
0s
0r
1y
0c
0i
#111942970756
1t
0s
0r
1y
0c
0i
#111942971436
0t
0s
0r
1y
0c
0i
#111942971859
1t
0s
0r
1y
0c
0i
#111942972540
0t
0s
0r
1y
0c
0i
#111942972962
1t
0s
0r
1y
0c
0i
#111942973647
0t
0s
0r
1y
0c
0i
#111942974068
1t
0s
0r
1y
0c
0i
#111942974749
0t
0s
0r
1y
0c
0i
#111942975172
1t
0s
0r
1y
0c
0i
#111942975854
0t
0s
0r
1y
0c
0i
#111942976277
1t
0s
0r
1y
0c
0i
#111942976963
0t
0s
0r
1y
0c
0i
#111942977385
1t
0s
0r
1y
0c
0i
#111942978067
0t
0s
0r
1y
0c
0i
#111942978491
1t
0s
0r
1y
0c
0i
#111942979173
0t
0s
0r
1y
0c
0i
#111942979599
1t
0s
0r
1y
0c
0i
#111942980283
0t
0s
0r
1y
0c
0i
#111942980707
1t
0s
0r
1y
0c
0i
#111942981387
0t
0s
0r
1y
0c
0i
#111942981812
1t
0s
0r
1y
0c
0i
#111942982494
0t
0s
0r
1y
0c
0i
#111942982919
1t
0s
0r
1y
0c
0i
#111942983604
0t
0s
0r
1y
0c
0i
#111942984027
1t
0s
0r
1y
0c
0i
#111942984707
0t
0s
0r
1y
0c
0i
#111942985133
1t
0s
0r
1y
0c
0i
#111942985813
0t
0s
0r
1y
0c
0i
#111942986240
1t
0s
0r
1y
0c
0i
#111942986923
0t
0s
0r
1y
0c
0i
#111942987348
1t
0s
0r
1y
0c
0i
#111942988027
0t
0s
0r
1y
0c
0i
#111942988453
1t
0s
0r
1y
0c
0i
#111942989135
0t
0s
0r
1y
0c
0i
#111942989561
1t
0s
0r
1y
0c
0i
#111942990245
0t
0s
0r
1y
0c
0i
#111942990672
1t
0s
0r
1y
0c
0i
#111942991351
0t
0s
0r
1y
0c
0i
#111942991780
1t
0s
0r
1y
1c
0i
#111942992463
0t
0s
0r
1y
1c
0i
#111942992891
1t
0s
0r
1y
1c
0i
#111942993579
0t
0s
0r
1y
1c
0i
#111942994006
1t
0s
0r
1y
1c
1i
#111942994691
0t
0s
0r
1y
1c
1i
#111942995120
1t
0s
0r
1y
1c
1i
#111942995808
0t
0s
0r
1y
1c
1i
#111942996237
1t
0s
0r
1y
1c
1i
#111942996928
0t
0s
0r
1y
1c
0i
#111942997356
1t
0s
0r
1y
1c
0i
#111942998042
0t
0s
0r
1y
1c
0i
#111942998471
1t
0s
0r
1y
1c
0i
#111942999158
0t
0s
0r
1y
1c
0i
#111942999587
1t
0s
0r
1y
1c
0i
#111943000275
0t
0s
0r
1y
1c
0i
#111943000702
1t
0s
0r
1y
1c
0i
#111943001384
0t
0s
0r
1y
1c
0i
#111943001814
1t
0s
0r
1y
1c
0i
#111943002495
0t
0s
0r
1y
1c
0i
#111943002923
1t
0s
0r
1y
1c
0i
#111943003606
0t
0s
0r
1y
1c
0i
#111943004032
1t
0s
0r
1y
1c
0i
#111943004709
0t
0s
0r
1y
1c
0i
#111943005135
1t
0s
0r
1y
1c
0i
#111943005813
0t
0s
0r
1y
1c
0i
#111943006238
1t
0s
0r
1y
1c
0i
#111943006917
0t
0s
0r
1y
1c
0i
#111943007343
1t
0s
0r
1y
1c
0i
#111943008016
0t
0s
0r
1y
1c
0i
#111943008444
1t
0s
0r
1y
1c
0i
#111943009118
0t
0s
0r
1y
1c
0i
#111943009545
1t
0s
0r
1y
1c
0i
#111943010224
0t
0s
0r
1y
1c
0i
#111943010649
1t
0s
0r
1y
1c
0i
#111943012404
0t
0s
0r
1y
1c
0i
#111943013634
1t
0s
0r
1y
1c
0i
#111943014646
0t
0s
0r
1y
1c
0i
#111943015059
1t
0s
0r
1y
1c
0i
#111943015740
0t
0s
0r
1y
1c
0i
#111943016164
1t
0s
0r
1y
1c
0i
#111943016843
0t
0s
0r
1y
1c
0i
#111943017268
1t
0s
0r
1y
1c
0i
#111943017946
0t
0s
0r
1y
1c
0i
#111943018372
1t
0s
0r
1y
1c
0i
#111943019050
0t
0s
0r
1y
1c
0i
#111943019475
1t
0s
0r
1y
1c
0i
#111943020156
0t
0s
0r
1y
1c
0i
#111943020579
1t
0s
0r
1y
1c
0i
#111943021256
0t
0s
0r
1y
1c
0i
#111943021681
1t
0s
0r
1y
1c
0i
#111943022360
0t
0s
0r
1y
1c
0i
#111943022784
1t
0s
0r
1y
1c
0i
#111943023464
0t
0s
0r
1y
1c
0i
#111943023890
1t
0s
0r
1y
1c
0i
#111943024567
0t
0s
0r
1y
1c
0i
#111943024993
1t
0s
0r
1y
0c
0i
#111943025673
0t
0s
0r
1y
0c
0i
#111943026099
1t
0s
0r
1y
0c
0i
#111943026784
0t
0s
0r
1y
0c
0i
#111943027209
1t
0s
0r
1y
0c
1i
#111943027891
0t
0s
0r
1y
0c
1i
#111943028317
1t
0s
0r
1y
0c
1i
#111943029001
0t
0s
0r
1y
0c
1i
#111943029429
1t
0s
0r
1y
0c
1i
#111943030115
0t
0s
0r
1y
0c
0i
#111943030541
1t
0s
0r
1y
0c
0i
#111943031224
0t
0s
0r
1y
0c
0i
#111943031651
1t
0s
0r
1y
0c
0i
#111943032335
0t
0s
0r
1y
0c
0i
#111943032761
1t
0s
0r
1y
0c
0i
#111943033447
0t
0s
0r
1y
0c
0i
#111943033871
1t
0s
0r
1y
0c
0i
#111943034552
0t
0s
0r
1y
0c
0i
#111943034979
1t
0s
0r
1y
0c
0i
#111943035660
0t
0s
0r
1y
0c
0i
#111943036086
1t
0s
0r
1y
0c
0i
#111943036770
0t
0s
0r
1y
0c
0i
#111943037194
1t
0s
0r
1y
0c
0i
#111943037874
0t
0s
0r
1y
0c
0i
#111943038298
1t
0s
0r
1y
0c
0i
#111943038979
0t
0s
0r
1y
0c
0i
#111943039403
1t
0s
0r
1y
0c
0i
#111943040086
0t
0s
0r
1y
0c
0i
#111943040508
1t
0s
0r
1y
0c
0i
#111943041187
0t
0s
0r
1y
0c
0i
#111943041610
1t
0s
0r
1y
0c
0i
#111943042290
0t
0s
0r
1y
0c
0i
#111943042713
1t
0s
0r
1y
0c
0i
#111943043396
0t
0s
0r
1y
0c
0i
#111943043817
1t
0s
0r
1y
0c
0i
#111943044497
0t
0s
0r
1y
0c
0i
#111943044920
1t
0s
0r
1y
0c
0i
#111943045599
0t
0s
0r
1y
0c
0i
#111943046025
1t
0s
0r
1y
0c
0i
#111943046706
0t
0s
0r
1y
0c
0i
#111943047129
1t
0s
0r
1y
0c
0i
#111943047806
0t
0s
0r
1y
0c
0i
#111943048232
1t
0s
0r
1y
0c
0i
#111943048911
0t
0s
0r
1y
0c
0i
#111943049335
1t
0s
0r
1y
0c
0i
#111943050017
0t
0s
0r
1y
0c
0i
#111943050440
1t
0s
0r
1y
0c
0i
#111943051117
0t
0s
0r
1y
0c
0i
#111943051543
1t
0s
0r
1y
0c
0i
#111943052221
0t
0s
0r
1y
0c
0i
#111943052646
1t
0s
0r
1y
0c
0i
#111943053327
0t
0s
0r
1y
0c
0i
#111943053750
1t
0s
0r
1y
0c
0i
#111943054427
0t
0s
0r
1y
0c
0i
#111943054852
1t
0s
0r
1y
0c
0i
#111943055530
0t
0s
0r
1y
0c
0i
#111943055955
1t
0s
0r
1y
0c
0i
#111943056636
0t
0s
0r
1y
0c
0i
#111943057062
1t
0s
0r
1y
0c
0i
#111943057739
0t
0s
0r
1y
0c
0i
#111943058166
1t
0s
0r
1y
1c
0i
#111943058846
0t
0s
0r
1y
1c
0i
#111943059272
1t
0s
0r
1y
1c
0i
#111943059957
0t
0s
0r
1y
1c
0i
#111943060382
1t
0s
0r
1y
1c
1i
#111943061064
0t
0s
0r
1y
1c
1i
#111943061492
1t
0s
0r
1y
1c
1i
#111943062177
0t
0s
0r
1y
1c
1i
#111943062604
1t
0s
0r
1y
1c
1i
#111943063292
0t
0s
0r
1y
1c
0i
#111943063718
1t
0s
0r
1y
1c
0i
#111943064401
0t
0s
0r
1y
1c
0i
#111943064829
1t
0s
0r
1y
1c
0i
#111943065513
0t
0s
0r
1y
1c
0i
#111943065940
1t
0s
0r
1y
1c
0i
#111943066626
0t
0s
0r
1y
1c
0i
#111943067052
1t
0s
0r
1y
1c
0i
#111943067732
0t
0s
0r
1y
1c
0i
#111943068161
1t
0s
0r
1y
1c
0i
#111943068841
0t
0s
0r
1y
1c
0i
#111943069268
1t
0s
0r
1y
1c
0i
#111943069950
0t
0s
0r
1y
1c
0i
#111943070376
1t
0s
0r
1y
1c
0i
#111943071053
0t
0s
0r
1y
1c
0i
#111943071480
1t
0s
0r
1y
1c
0i
#111943072158
0t
0s
0r
1y
1c
0i
#111943072583
1t
0s
0r
1y
1c
0i
#111943073262
0t
0s
0r
1y
1c
0i
#111943073688
1t
0s
0r
1y
1c
0i
#111943074362
0t
0s
0r
1y
1c
0i
#111943074789
1t
0s
0r
1y
1c
0i
#111943075465
0t
0s
0r
1y
1c
0i
#111943075891
1t
0s
0r
1y
1c
0i
#111943076570
0t
0s
0r
1y
1c
0i
#111943076995
1t
0s
0r
1y
1c
0i
#111943078751
0t
0s
0r
1y
1c
0i
#111943079979
1t
0s
0r
1y
1c
0i
#111943080992
0t
0s
0r
1y
1c
0i
#111943081404
1t
0s
0r
1y
1c
0i
#111943082086
0t
0s
0r
1y
1c
0i
#111943082509
1t
0s
0r
1y
1c
0i
#111943083187
0t
0s
0r
1y
1c
0i
#111943083612
1t
0s
0r
1y
1c
0i
#111943084290
0t
0s
0r
1y
1c
0i
#111943084716
1t
0s
0r
1y
1c
0i
#111943085393
0t
0s
0r
1y
1c
0i
#111943085817
1t
0s
0r
1y
1c
0i
#111943086498
0t
0s
0r
1y
1c
0i
#111943086921
1t
0s
0r
1y
1c
0i
#111943087597
0t
0s
0r
1y
1c
0i
#111943088022
1t
0s
0r
1y
1c
0i
#111943088699
0t
0s
0r
1y
1c
0i
#111943089123
1t
0s
0r
1y
1c
0i
#111943089803
0t
0s
0r
1y
1c
0i
#111943090228
1t
0s
0r
1y
1c
0i
#111943090904
0t
0s
0r
1y
1c
0i
#111943091331
1t
0s
0r
1y
0c
0i
#111943092010
0t
0s
0r
1y
0c
0i
#111943092436
1t
0s
0r
1y
0c
0i
#111943093120
0t
0s
0r
1y
0c
0i
#111943093544
1t
0s
0r
1y
0c
1i
#111943094225
0t
0s
0r
1y
0c
1i
#111943094651
1t
0s
0r
1y
0c
1i
#111943095334
0t
0s
0r
1y
0c
1i
#111943095761
1t
0s
0r
1y
0c
1i
#111943095836
1t
0s
1r
1y
0c
1i
#111943095839
1t
0s
0r
1y
0c
1i
#111943096447
0t
0s
0r
1y
0c
0i
#111943096873
1t
0s
0r
1y
0c
0i
#111943097554
0t
0s
0r
1y
0c
0i
#111943097981
1t
0s
0r
1y
0c
0i
#111943098664
0t
0s
0r
1y
0c
0i
#111943099090
1t
0s
0r
1y
0c
0i
#111943099776
0t
0s
0r
1y
0c
0i
#111943100200
1t
0s
0r
1y
0c
0i
#111943100881
0t
0s
0r
1y
0c
0i
#111943101308
1t
0s
0r
1y
0c
0i
#111943101990
0t
0s
0r
1y
0c
0i
#111943102415
1t
0s
0r
1y
0c
0i
#111943103100
0t
0s
0r
1y
0c
0i
#111943103524
1t
0s
0r
1y
0c
0i
#111943104206
0t
0s
0r
1y
0c
0i
#111943104631
1t
0s
0r
1y
0c
0i
#111943105314
0t
0s
0r
1y
0c
0i
#111943105738
1t
0s
0r
1y
0c
0i
#111943106424
0t
0s
0r
1y
0c
0i
#111943106846
1t
0s
0r
1y
0c
0i
#111943107527
0t
0s
0r
1y
0c
0i
#111943107952
1t
0s
0r
1y
0c
0i
#111943108635
0t
0s
0r
1y
0c
0i
#111943109058
1t
0s
0r
1y
0c
0i
#111943109745
0t
0s
0r
1y
0c
0i
#111943110167
1t
0s
0r
1y
0c
0i
#111943110849
0t
0s
0r
1y
0c
0i
#111943111273
1t
0s
0r
1y
0c
0i
#111943111955
0t
0s
0r
1y
0c
0i
#111943112381
1t
0s
0r
1y
0c
0i
#111943113066
0t
0s
0r
1y
0c
0i
#111943113489
1t
0s
0r
1y
0c
0i
#111943114169
0t
0s
0r
1y
0c
0i
#111943114595
1t
0s
0r
1y
0c
0i
#111943115277
0t
0s
0r
1y
0c
0i
#111943115702
1t
0s
0r
1y
0c
0i
#111943116387
0t
0s
0r
1y
0c
0i
#111943116810
1t
0s
0r
1y
0c
0i
#111943117489
0t
0s
0r
1y
0c
0i
#111943117916
1t
0s
0r
1y
0c
0i
#111943118597
0t
0s
0r
1y
0c
0i
#111943119023
1t
0s
0r
1y
0c
0i
#111943119706
0t
0s
0r
1y
0c
0i
#111943120131
1t
0s
0r
1y
0c
0i
#111943120811
0t
0s
0r
1y
0c
0i
#111943121237
1t
0s
0r
1y
0c
0i
#111943121918
0t
0s
0r
1y
0c
0i
#111943122344
1t
0s
0r
1y
0c
0i
#111943123027
0t
0s
0r
1y
0c
0i
#111943123455
1t
0s
0r
1y
0c
0i
#111943124134
0t
0s
0r
1y
0c
0i
#111943124563
1t
0s
0r
1y
1c
0i
#111943125246
0t
0s
0r
1y
1c
0i
#111943125674
1t
0s
0r
1y
1c
0i
#111943126362
0t
0s
0r
1y
1c
0i
#111943126788
1t
0s
0r
1y
1c
1i
#111943127473
0t
0s
0r
1y
1c
1i
#111943127902
1t
0s
0r
1y
1c
1i
#111943128589
0t
0s
0r
1y
1c
1i
#111943129018
1t
0s
0r
1y
1c
1i
#111943129709
0t
0s
0r
1y
1c
0i
#111943130136
1t
0s
0r
1y
1c
0i
#111943130822
0t
0s
0r
1y
1c
0i
#111943131251
1t
0s
0r
1y
1c
0i
#111943131938
0t
0s
0r
1y
1c
0i
#111943132366
1t
0s
0r
1y
1c
0i
#111943133054
0t
0s
0r
1y
1c
0i
#111943133482
1t
0s
0r
1y
1c
0i
#111943134164
0t
0s
0r
1y
1c
0i
#111943134596
1t
0s
0r
1y
1c
0i
#111943135278
0t
0s
0r
1y
1c
0i
#111943135708
1t
0s
0r
1y
1c
0i
#111943136394
0t
0s
0r
1y
1c
0i
#111943136822
1t
0s
0r
1y
1c
0i
#111943137503
0t
0s
0r
1y
1c
0i
#111943137931
1t
0s
0r
1y
1c
0i
#111943138613
0t
0s
0r
1y
1c
0i
#111943139042
1t
0s
0r
1y
1c
0i
#111943139725
0t
0s
0r
1y
1c
0i
#111943140154
1t
0s
0r
1y
1c
0i
#111943140833
0t
0s
0r
1y
1c
0i
#111943141263
1t
0s
0r
1y
1c
0i
#111943141943
0t
0s
0r
1y
1c
0i
#111943142372
1t
0s
0r
1y
1c
0i
#111943143055
0t
0s
0r
1y
1c
0i
#111943143483
1t
0s
0r
1y
1c
0i
#111943145252
0t
0s
0r
1y
1c
0i
#111943146488
1t
0s
0r
1y
1c
0i
#111943147507
0t
0s
0r
1y
1c
0i
#111943147922
1t
0s
0r
1y
1c
0i
#111943148607
0t
0s
0r
1y
1c
0i
#111943149033
1t
0s
0r
1y
1c
0i
#111943149717
0t
0s
0r
1y
1c
0i
#111943150143
1t
0s
0r
1y
1c
0i
#111943150825
0t
0s
0r
1y
1c
0i
#111943151254
1t
0s
0r
1y
1c
0i
#111943151936
0t
0s
0r
1y
1c
0i
#111943152362
1t
0s
0r
1y
1c
0i
#111943153047
0t
0s
0r
1y
1c
0i
#111943153472
1t
0s
0r
1y
1c
0i
#111943154153
0t
0s
0r
1y
1c
0i
#111943154580
1t
0s
0r
1y
1c
0i
#111943155261
0t
0s
0r
1y
1c
0i
#111943155688
1t
0s
0r
1y
1c
0i
#111943156373
0t
0s
0r
1y
1c
0i
#111943156799
1t
0s
0r
1y
1c
0i
#111943157480
0t
0s
0r
1y
1c
0i
#111943157908
1t
0s
0r
1y
0c
0i
#111943158592
0t
0s
0r
1y
0c
0i
#111943159020
1t
0s
0r
1y
0c
0i
#111943159708
0t
0s
0r
1y
0c
0i
#111943160135
1t
0s
0r
1y
0c
1i
#111943160821
0t
0s
0r
1y
0c
1i
#111943161249
1t
0s
0r
1y
0c
1i
#111943161937
0t
0s
0r
1y
0c
1i
#111943162366
1t
0s
0r
1y
0c
1i
#111943163057
0t
0s
0r
1y
0c
0i
#111943163485
1t
0s
0r
1y
0c
0i
#111943164172
0t
0s
0r
1y
0c
0i
#111943164600
1t
0s
0r
1y
0c
0i
#111943165288
0t
0s
0r
1y
0c
0i
#111943165716
1t
0s
0r
1y
0c
0i
#111943166407
0t
0s
0r
1y
0c
0i
#111943166832
1t
0s
0r
1y
0c
0i
#111943167517
0t
0s
0r
1y
0c
0i
#111943167946
1t
0s
0r
1y
0c
0i
#111943168631
0t
0s
0r
1y
0c
0i
#111943169058
1t
0s
0r
1y
0c
0i
#111943169746
0t
0s
0r
1y
0c
0i
#111943170170
1t
0s
0r
1y
0c
0i
#111943170853
0t
0s
0r
1y
0c
0i
#111943171279
1t
0s
0r
1y
0c
0i
#111943171962
0t
0s
0r
1y
0c
0i
#111943172387
1t
0s
0r
1y
0c
0i
#111943173073
0t
0s
0r
1y
0c
0i
#111943173495
1t
0s
0r
1y
0c
0i
#111943174176
0t
0s
0r
1y
0c
0i
#111943174601
1t
0s
0r
1y
0c
0i
#111943175283
0t
0s
0r
1y
0c
0i
#111943175707
1t
0s
0r
1y
0c
0i
#111943176393
0t
0s
0r
1y
0c
0i
#111943176815
1t
0s
0r
1y
0c
0i
#111943177497
0t
0s
0r
1y
0c
0i
#111943177922
1t
0s
0r
1y
0c
0i
#111943178604
0t
0s
0r
1y
0c
0i
#111943179030
1t
0s
0r
1y
0c
0i
#111943179714
0t
0s
0r
1y
0c
0i
#111943180139
1t
0s
0r
1y
0c
0i
#111943180819
0t
0s
0r
1y
0c
0i
#111943181245
1t
0s
0r
1y
0c
0i
#111943181928
0t
0s
0r
1y
0c
0i
#111943182352
1t
0s
0r
1y
0c
0i
#111943183037
0t
0s
0r
1y
0c
0i
#111943183461
1t
0s
0r
1y
0c
0i
#111943184141
0t
0s
0r
1y
0c
0i
#111943184568
1t
0s
0r
1y
0c
0i
#111943185248
0t
0s
0r
1y
0c
0i
#111943185674
1t
0s
0r
1y
0c
0i
#111943186358
0t
0s
0r
1y
0c
0i
#111943186782
1t
0s
0r
1y
0c
0i
#111943187461
0t
0s
0r
1y
0c
0i
#111943187888
1t
0s
0r
1y
0c
0i
#111943188568
0t
0s
0r
1y
0c
0i
#111943188994
1t
0s
0r
1y
0c
0i
#111943189677
0t
0s
0r
1y
0c
0i
#111943190105
1t
0s
0r
1y
0c
0i
#111943190783
0t
0s
0r
1y
0c
0i
#111943191212
1t
0s
0r
1y
1c
0i
#111943191894
0t
0s
0r
1y
1c
0i
#111943192322
1t
0s
0r
1y
1c
0i
#111943193009
0t
0s
0r
1y
1c
0i
#111943193435
1t
0s
0r
1y
1c
1i
#111943194119
0t
0s
0r
1y
1c
1i
#111943194548
1t
0s
0r
1y
1c
1i
#111943195235
0t
0s
0r
1y
1c
1i
#111943195664
1t
0s
0r
1y
1c
1i
#111943196354
0t
0s
0r
1y
1c
0i
#111943196781
1t
0s
0r
1y
1c
0i
#111943197467
0t
0s
0r
1y
1c
0i
#111943197896
1t
0s
0r
1y
1c
0i
#111943198582
0t
0s
0r
1y
1c
0i
#111943199010
1t
0s
0r
1y
1c
0i
#111943199699
0t
0s
0r
1y
1c
0i
#111943200126
1t
0s
0r
1y
1c
0i
#111943200809
0t
0s
0r
1y
1c
0i
#111943201239
1t
0s
0r
1y
1c
0i
#111943201923
0t
0s
0r
1y
1c
0i
#111943202352
1t
0s
0r
1y
1c
0i
#111943203037
0t
0s
0r
1y
1c
0i
#111943203465
1t
0s
0r
1y
1c
0i
#111943204146
0t
0s
0r
1y
1c
0i
#111943204575
1t
0s
0r
1y
1c
0i
#111943205256
0t
0s
0r
1y
1c
0i
#111943205685
1t
0s
0r
1y
1c
0i
#111943206368
0t
0s
0r
1y
1c
0i
#111943206796
1t
0s
0r
1y
1c
0i
#111943207475
0t
0s
0r
1y
1c
0i
#111943207905
1t
0s
0r
1y
1c
0i
#111943208586
0t
0s
0r
1y
1c
0i
#111943209014
1t
0s
0r
1y
1c
0i
#111943209698
0t
0s
0r
1y
1c
0i
#111943210125
1t
0s
0r
1y
1c
0i
#111943211892
0t
0s
0r
1y
1c
0i
#111943213127
1t
0s
0r
1y
1c
0i
#111943214145
0t
0s
0r
1y
1c
0i
#111943214559
1t
0s
0r
1y
1c
0i
#111943215245
0t
0s
0r
1y
1c
0i
#111943215670
1t
0s
0r
1y
1c
0i
#111943216353
0t
0s
0r
1y
1c
0i
#111943216779
1t
0s
0r
1y
1c
0i
#111943217461
0t
0s
0r
1y
1c
0i
#111943217889
1t
0s
0r
1y
1c
0i
#111943218571
0t
0s
0r
1y
1c
0i
#111943218997
1t
0s
0r
1y
1c
0i
#111943219682
0t
0s
0r
1y
1c
0i
#111943220107
1t
0s
0r
1y
1c
0i
#111943220787
0t
0s
0r
1y
1c
0i
#111943221214
1t
0s
0r
1y
1c
0i
#111943221897
0t
0s
0r
1y
1c
0i
#111943222322
1t
0s
0r
1y
1c
0i
#111943223007
0t
0s
0r
1y
1c
0i
#111943223434
1t
0s
0r
1y
1c
0i
#111943224115
0t
0s
0r
1y
1c
0i
#111943224544
1t
0s
0r
1y
0c
0i
#111943225228
0t
0s
0r
1y
0c
0i
#111943225656
1t
0s
0r
1y
0c
0i
#111943226345
0t
0s
0r
1y
0c
0i
#111943226772
1t
0s
0r
1y
0c
1i
#111943227458
0t
0s
0r
1y
0c
1i
#111943227887
1t
0s
0r
1y
0c
1i
#111943228575
0t
0s
0r
1y
0c
1i
#111943229004
1t
0s
0r
1y
0c
1i
#111943229057
1t
0s
1r
1y
0c
1i
#111943229060
1t
0s
0r
1y
0c
1i
#111943229696
0t
0s
0r
1y
0c
0i
#111943230124
1t
0s
0r
1y
0c
0i
#111943230811
0t
0s
0r
1y
0c
0i
#111943231240
1t
0s
0r
1y
0c
0i
#111943231929
0t
0s
0r
1y
0c
0i
#111943232356
1t
0s
0r
1y
0c
0i
#111943233048
0t
0s
0r
1y
0c
0i
#111943233474
1t
0s
0r
1y
0c
0i
#111943234160
0t
0s
0r
1y
0c
0i
#111943234590
1t
0s
0r
1y
0c
0i
#111943235277
0t
0s
0r
1y
0c
0i
#111943235705
1t
0s
0r
1y
0c
0i
#111943236396
0t
0s
0r
1y
0c
0i
#111943236822
1t
0s
0r
1y
0c
0i
#111943237510
0t
0s
0r
1y
0c
0i
#111943237937
1t
0s
0r
1y
0c
0i
#111943238627
0t
0s
0r
1y
0c
0i
#111943239054
1t
0s
0r
1y
0c
0i
#111943239746
0t
0s
0r
1y
0c
0i
#111943240172
1t
0s
0r
1y
0c
0i
#111943240860
0t
0s
0r
1y
0c
0i
#111943241288
1t
0s
0r
1y
0c
0i
#111943241978
0t
0s
0r
1y
0c
0i
#111943242405
1t
0s
0r
1y
0c
0i
#111943243099
0t
0s
0r
1y
0c
0i
#111943243524
1t
0s
0r
1y
0c
0i
#111943244214
0t
0s
0r
1y
0c
0i
#111943244642
1t
0s
0r
1y
0c
0i
#111943245332
0t
0s
0r
1y
0c
0i
#111943245761
1t
0s
0r
1y
0c
0i
#111943246454
0t
0s
0r
1y
0c
0i
#111943246881
1t
0s
0r
1y
0c
0i
#111943247569
0t
0s
0r
1y
0c
0i
#111943247999
1t
0s
0r
1y
0c
0i
#111943248688
0t
0s
0r
1y
0c
0i
#111943249117
1t
0s
0r
1y
0c
0i
#111943249810
0t
0s
0r
1y
0c
0i
#111943250237
1t
0s
0r
1y
0c
0i
#111943250925
0t
0s
0r
1y
0c
0i
#111943251355
1t
0s
0r
1y
0c
0i
#111943252044
0t
0s
0r
1y
0c
0i
#111943252473
1t
0s
0r
1y
0c
0i
#111943253165
0t
0s
0r
1y
0c
0i
#111943253594
1t
0s
0r
1y
0c
0i
#111943254281
0t
0s
0r
1y
0c
0i
#111943254711
1t
0s
0r
1y
0c
0i
#111943255400
0t
0s
0r
1y
0c
0i
#111943255831
1t
0s
0r
1y
0c
0i
#111943256522
0t
0s
0r
1y
0c
0i
#111943256953
1t
0s
0r
1y
0c
0i
#111943257641
0t
0s
0r
1y
0c
0i
#111943258073
1t
0s
0r
1y
1c
0i
#111943258764
0t
0s
0r
1y
1c
0i
#111943259196
1t
0s
0r
1y
1c
0i
#111943259892
0t
0s
0r
1y
1c
0i
#111943260323
1t
0s
0r
1y
1c
1i
#111943261016
0t
0s
0r
1y
1c
1i
#111943261449
1t
0s
0r
1y
1c
1i
#111943262144
0t
0s
0r
1y
1c
1i
#111943262578
1t
0s
0r
1y
1c
1i
#111943263276
0t
0s
0r
1y
1c
0i
#111943263708
1t
0s
0r
1y
1c
0i
#111943264402
0t
0s
0r
1y
1c
0i
#111943264835
1t
0s
0r
1y
1c
0i
#111943265530
0t
0s
0r
1y
1c
0i
#111943265963
1t
0s
0r
1y
1c
0i
#111943266659
0t
0s
0r
1y
1c
0i
#111943267090
1t
0s
0r
1y
1c
0i
#111943267780
0t
0s
0r
1y
1c
0i
#111943268214
1t
0s
0r
1y
1c
0i
#111943268904
0t
0s
0r
1y
1c
0i
#111943269336
1t
0s
0r
1y
1c
0i
#111943270027
0t
0s
0r
1y
1c
0i
#111943270457
1t
0s
0r
1y
1c
0i
#111943271142
0t
0s
0r
1y
1c
0i
#111943271573
1t
0s
0r
1y
1c
0i
#111943272258
0t
0s
0r
1y
1c
0i
#111943272688
1t
0s
0r
1y
1c
0i
#111943273374
0t
0s
0r
1y
1c
0i
#111943273804
1t
0s
0r
1y
1c
0i
#111943274486
0t
0s
0r
1y
1c
0i
#111943274918
1t
0s
0r
1y
1c
0i
#111943275600
0t
0s
0r
1y
1c
0i
#111943276031
1t
0s
0r
1y
1c
0i
#111943276718
0t
0s
0r
1y
1c
0i
#111943277147
1t
0s
0r
1y
1c
0i
#111943278923
0t
0s
0r
1y
1c
0i
#111943280165
1t
0s
0r
1y
1c
0i
#111943281191
0t
0s
0r
1y
1c
0i
#111943281608
1t
0s
0r
1y
1c
0i
#111943282297
0t
0s
0r
1y
1c
0i
#111943282726
1t
0s
0r
1y
1c
0i
#111943283413
0t
0s
0r
1y
1c
0i
#111943283842
1t
0s
0r
1y
1c
0i
#111943284529
0t
0s
0r
1y
1c
0i
#111943284959
1t
0s
0r
1y
1c
0i
#111943285646
0t
0s
0r
1y
1c
0i
#111943286075
1t
0s
0r
1y
1c
0i
#111943286764
0t
0s
0r
1y
1c
0i
#111943287191
1t
0s
0r
1y
1c
0i
#111943287876
0t
0s
0r
1y
1c
0i
#111943288306
1t
0s
0r
1y
1c
0i
#111943288993
0t
0s
0r
1y
1c
0i
#111943289421
1t
0s
0r
1y
1c
0i
#111943290111
0t
0s
0r
1y
1c
0i
#111943290540
1t
0s
0r
1y
0c
0i
#111943291226
0t
0s
0r
1y
0c
0i
#111943291657
1t
0s
0r
1y
0c
0i
#111943292346
0t
0s
0r
1y
0c
0i
#111943292775
1t
0s
0r
1y
0c
0i
#111943293469
0t
0s
0r
1y
0c
0i
#111943293898
1t
0s
0r
1y
0c
1i
#111943294588
0t
0s
0r
1y
0c
1i
#111943295019
1t
0s
0r
1y
0c
1i
#111943295712
0t
0s
0r
1y
0c
1i
#111943296144
1t
0s
0r
1y
0c
1i
#111943296839
0t
0s
0r
1y
0c
0i
#111943297269
1t
0s
0r
1y
0c
0i
#111943297961
0t
0s
0r
1y
0c
0i
#111943298392
1t
0s
0r
1y
0c
0i
#111943299084
0t
0s
0r
1y
0c
0i
#111943299514
1t
0s
0r
1y
0c
0i
#111943300207
0t
0s
0r
1y
0c
0i
#111943300635
1t
0s
0r
1y
0c
0i
#111943301322
0t
0s
0r
1y
0c
0i
#111943301752
1t
0s
0r
1y
0c
0i
#111943302436
0t
0s
0r
1y
0c
0i
#111943302864
1t
0s
0r
1y
0c
0i
#111943303551
0t
0s
0r
1y
0c
0i
#111943303974
1t
0s
0r
1y
0c
0i
#111943304656
0t
0s
0r
1y
0c
0i
#111943305080
1t
0s
0r
1y
0c
0i
#111943305761
0t
0s
0r
1y
0c
0i
#111943306185
1t
0s
0r
1y
0c
0i
#111943306868
0t
0s
0r
1y
0c
0i
#111943307289
1t
0s
0r
1y
0c
0i
#111943307969
0t
0s
0r
1y
0c
0i
#111943308392
1t
0s
0r
1y
0c
0i
#111943309072
0t
0s
0r
1y
0c
0i
#111943309495
1t
0s
0r
1y
0c
0i
#111943310179
0t
0s
0r
1y
0c
0i
#111943310601
1t
0s
0r
1y
0c
0i
#111943311282
0t
0s
0r
1y
0c
0i
#111943311706
1t
0s
0r
1y
0c
0i
#111943312387
0t
0s
0r
1y
0c
0i
#111943312813
1t
0s
0r
1y
0c
0i
#111943313497
0t
0s
0r
1y
0c
0i
#111943313920
1t
0s
0r
1y
0c
0i
#111943314600
0t
0s
0r
1y
0c
0i
#111943315026
1t
0s
0r
1y
0c
0i
#111943315707
0t
0s
0r
1y
0c
0i
#111943316132
1t
0s
0r
1y
0c
0i
#111943316816
0t
0s
0r
1y
0c
0i
#111943317240
1t
0s
0r
1y
0c
0i
#111943317919
0t
0s
0r
1y
0c
0i
#111943318345
1t
0s
0r
1y
0c
0i
#111943319025
0t
0s
0r
1y
0c
0i
#111943319451
1t
0s
0r
1y
0c
0i
#111943320134
0t
0s
0r
1y
0c
0i
#111943320559
1t
0s
0r
1y
0c
0i
#111943321237
0t
0s
0r
1y
0c
0i
#111943321664
1t
0s
0r
1y
0c
0i
#111943322344
0t
0s
0r
1y
0c
0i
#111943322770
1t
0s
0r
1y
0c
0i
#111943323453
0t
0s
0r
1y
0c
0i
#111943323880
1t
0s
0r
1y
0c
0i
#111943324558
0t
0s
0r
1y
0c
0i
#111943324986
1t
0s
0r
1y
1c
0i
#111943325668
0t
0s
0r
1y
1c
0i
#111943326095
1t
0s
0r
1y
1c
0i
#111943326782
0t
0s
0r
1y
1c
0i
#111943327208
1t
0s
0r
1y
1c
1i
#111943327892
0t
0s
0r
1y
1c
1i
#111943328321
1t
0s
0r
1y
1c
1i
#111943329007
0t
0s
0r
1y
1c
1i
#111943329436
1t
0s
0r
1y
1c
1i
#111943330125
0t
0s
0r
1y
1c
0i
#111943330553
1t
0s
0r
1y
1c
0i
#111943331237
0t
0s
0r
1y
1c
0i
#111943331666
1t
0s
0r
1y
1c
0i
#111943332352
0t
0s
0r
1y
1c
0i
#111943332781
1t
0s
0r
1y
1c
0i
#111943333469
0t
0s
0r
1y
1c
0i
#111943333897
1t
0s
0r
1y
1c
0i
#111943334579
0t
0s
0r
1y
1c
0i
#111943335010
1t
0s
0r
1y
1c
0i
#111943335693
0t
0s
0r
1y
1c
0i
#111943336123
1t
0s
0r
1y
1c
0i
#111943336810
0t
0s
0r
1y
1c
0i
#111943337238
1t
0s
0r
1y
1c
0i
#111943337921
0t
0s
0r
1y
1c
0i
#111943338350
1t
0s
0r
1y
1c
0i
#111943339034
0t
0s
0r
1y
1c
0i
#111943339463
1t
0s
0r
1y
1c
0i
#111943340150
0t
0s
0r
1y
1c
0i
#111943340579
1t
0s
0r
1y
1c
0i
#111943341261
0t
0s
0r
1y
1c
0i
#111943341693
1t
0s
0r
1y
1c
0i
#111943342376
0t
0s
0r
1y
1c
0i
#111943342806
1t
0s
0r
1y
1c
0i
#111943343493
0t
0s
0r
1y
1c
0i
#111943343922
1t
0s
0r
1y
1c
0i
#111943345696
0t
0s
0r
1y
1c
0i
#111943346936
1t
0s
0r
1y
1c
0i
#111943347959
0t
0s
0r
1y
1c
0i
#111943348374
1t
0s
0r
1y
1c
0i
#111943349062
0t
0s
0r
1y
1c
0i
#111943349489
1t
0s
0r
1y
1c
0i
#111943350174
0t
0s
0r
1y
1c
0i
#111943350602
1t
0s
0r
1y
1c
0i
#111943351287
0t
0s
0r
1y
1c
0i
#111943351716
1t
0s
0r
1y
1c
0i
#111943352401
0t
0s
0r
1y
1c
0i
#111943352828
1t
0s
0r
1y
1c
0i
#111943353516
0t
0s
0r
1y
1c
0i
#111943353942
1t
0s
0r
1y
1c
0i
#111943354625
0t
0s
0r
1y
1c
0i
#111943355054
1t
0s
0r
1y
1c
0i
#111943355738
0t
0s
0r
1y
1c
0i
#111943356166
1t
0s
0r
1y
1c
0i
#111943356853
0t
0s
0r
1y
1c
0i
#111943357282
1t
0s
0r
1y
1c
0i
#111943357965
0t
0s
0r
1y
1c
0i
#111943358395
1t
0s
0r
1y
0c
0i
#111943359082
0t
0s
0r
1y
0c
0i
#111943359511
1t
0s
0r
1y
0c
0i
#111943360202
0t
0s
0r
1y
0c
0i
#111943360629
1t
0s
0r
1y
0c
1i
#111943361318
0t
0s
0r
1y
0c
1i
#111943361748
1t
0s
0r
1y
0c
1i
#111943362438
0t
0s
0r
1y
0c
1i
#111943362869
1t
0s
0r
1y
0c
1i
#111943362928
1t
0s
1r
1y
0c
1i
#111943362930
1t
0s
0r
1y
0c
1i
#111943363562
0t
0s
0r
1y
0c
0i
#111943363991
1t
0s
0r
1y
0c
0i
#111943364680
0t
0s
0r
1y
0c
0i
#111943365110
1t
0s
0r
1y
0c
0i
#111943365800
0t
0s
0r
1y
0c
0i
#111943366229
1t
0s
0r
1y
0c
0i
#111943366922
0t
0s
0r
1y
0c
0i
#111943367349
1t
0s
0r
1y
0c
0i
#111943368035
0t
0s
0r
1y
0c
0i
#111943368465
1t
0s
0r
1y
0c
0i
#111943369151
0t
0s
0r
1y
0c
0i
#111943369579
1t
0s
0r
1y
0c
0i
#111943370268
0t
0s
0r
1y
0c
0i
#111943370693
1t
0s
0r
1y
0c
0i
#111943371377
0t
0s
0r
1y
0c
0i
#111943371803
1t
0s
0r
1y
0c
0i
#111943372488
0t
0s
0r
1y
0c
0i
#111943372912
1t
0s
0r
1y
0c
0i
#111943373600
0t
0s
0r
1y
0c
0i
#111943374022
1t
0s
0r
1y
0c
0i
#111943374705
0t
0s
0r
1y
0c
0i
#111943375130
1t
0s
0r
1y
0c
0i
#111943375815
0t
0s
0r
1y
0c
0i
#111943376240
1t
0s
0r
1y
0c
0i
#111943376928
0t
0s
0r
1y
0c
0i
#111943377351
1t
0s
0r
1y
0c
0i
#111943378035
0t
0s
0r
1y
0c
0i
#111943378461
1t
0s
0r
1y
0c
0i
#111943379145
0t
0s
0r
1y
0c
0i
#111943379573
1t
0s
0r
1y
0c
0i
#111943380261
0t
0s
0r
1y
0c
0i
#111943380685
1t
0s
0r
1y
0c
0i
#111943381369
0t
0s
0r
1y
0c
0i
#111943381796
1t
0s
0r
1y
0c
0i
#111943382481
0t
0s
0r
1y
0c
0i
#111943382907
1t
0s
0r
1y
0c
0i
#111943383595
0t
0s
0r
1y
0c
0i
#111943384020
1t
0s
0r
1y
0c
0i
#111943384703
0t
0s
0r
1y
0c
0i
#111943385131
1t
0s
0r
1y
0c
0i
#111943385814
0t
0s
0r
1y
0c
0i
#111943386242
1t
0s
0r
1y
0c
0i
#111943386928
0t
0s
0r
1y
0c
0i
#111943387355
1t
0s
0r
1y
0c
0i
#111943388037
0t
0s
0r
1y
0c
0i
#111943388465
1t
0s
0r
1y
0c
0i
#111943389148
0t
0s
0r
1y
0c
0i
#111943389576
1t
0s
0r
1y
0c
0i
#111943390263
0t
0s
0r
1y
0c
0i
#111943390691
1t
0s
0r
1y
0c
0i
#111943391373
0t
0s
0r
1y
1c
0i
#111943391803
1t
0s
0r
1y
1c
0i
#111943392489
0t
0s
0r
1y
1c
0i
#111943392918
1t
0s
0r
1y
1c
0i
#111943393609
0t
0s
0r
1y
1c
0i
#111943394037
1t
0s
0r
1y
1c
1i
#111943394724
0t
0s
0r
1y
1c
1i
#111943395156
1t
0s
0r
1y
1c
1i
#111943395846
0t
0s
0r
1y
1c
1i
#111943396277
1t
0s
0r
1y
1c
1i
#111943396971
0t
0s
0r
1y
1c
0i
#111943397401
1t
0s
0r
1y
1c
0i
#111943398090
0t
0s
0r
1y
1c
0i
#111943398521
1t
0s
0r
1y
1c
0i
#111943399212
0t
0s
0r
1y
1c
0i
#111943399642
1t
0s
0r
1y
1c
0i
#111943400335
0t
0s
0r
1y
1c
0i
#111943400764
1t
0s
0r
1y
1c
0i
#111943401449
0t
0s
0r
1y
1c
0i
#111943401882
1t
0s
0r
1y
1c
0i
#111943402567
0t
0s
0r
1y
1c
0i
#111943402998
1t
0s
0r
1y
1c
0i
#111943403686
0t
0s
0r
1y
1c
0i
#111943404114
1t
0s
0r
1y
1c
0i
#111943404796
0t
0s
0r
1y
1c
0i
#111943405225
1t
0s
0r
1y
1c
0i
#111943405907
0t
0s
0r
1y
1c
0i
#111943406335
1t
0s
0r
1y
1c
0i
#111943407019
0t
0s
0r
1y
1c
0i
#111943407447
1t
0s
0r
1y
1c
0i
#111943408126
0t
0s
0r
1y
1c
0i
#111943408556
1t
0s
0r
1y
1c
0i
#111943409235
0t
0s
0r
1y
1c
0i
#111943409664
1t
0s
0r
1y
1c
0i
#111943410347
0t
0s
0r
1y
1c
0i
#111943410774
1t
0s
0r
1y
1c
0i
#111943412542
0t
0s
0r
1y
1c
0i
#111943413776
1t
0s
0r
1y
1c
0i
#111943414795
0t
0s
0r
1y
1c
0i
#111943415210
1t
0s
0r
1y
1c
0i
#111943415895
0t
0s
0r
1y
1c
0i
#111943416321
1t
0s
0r
1y
1c
0i
#111943417003
0t
0s
0r
1y
1c
0i
#111943417430
1t
0s
0r
1y
1c
0i
#111943418113
0t
0s
0r
1y
1c
0i
#111943418541
1t
0s
0r
1y
1c
0i
#111943419223
0t
0s
0r
1y
1c
0i
#111943419650
1t
0s
0r
1y
1c
0i
#111943420335
0t
0s
0r
1y
1c
0i
#111943420760
1t
0s
0r
1y
1c
0i
#111943421441
0t
0s
0r
1y
1c
0i
#111943421868
1t
0s
0r
1y
1c
0i
#111943422550
0t
0s
0r
1y
1c
0i
#111943422977
1t
0s
0r
1y
1c
0i
#111943423661
0t
0s
0r
1y
1c
0i
#111943424089
1t
0s
0r
1y
1c
0i
#111943424770
0t
0s
0r
1y
0c
0i
#111943425199
1t
0s
0r
1y
0c
0i
#111943425883
0t
0s
0r
1y
0c
0i
#111943426311
1t
0s
0r
1y
0c
0i
#111943426999
0t
0s
0r
1y
0c
0i
#111943427426
1t
0s
0r
1y
0c
1i
#111943428112
0t
0s
0r
1y
0c
1i
#111943428541
1t
0s
0r
1y
0c
1i
#111943429228
0t
0s
0r
1y
0c
1i
#111943429658
1t
0s
0r
1y
0c
1i
#111943430348
0t
0s
0r
1y
0c
0i
#111943430777
1t
0s
0r
1y
0c
0i
#111943431463
0t
0s
0r
1y
0c
0i
#111943431892
1t
0s
0r
1y
0c
0i
#111943432580
0t
0s
0r
1y
0c
0i
#111943433008
1t
0s
0r
1y
0c
0i
#111943433698
0t
0s
0r
1y
0c
0i
#111943434125
1t
0s
0r
1y
0c
0i
#111943434811
0t
0s
0r
1y
0c
0i
#111943435240
1t
0s
0r
1y
0c
0i
#111943435926
0t
0s
0r
1y
0c
0i
#111943436354
1t
0s
0r
1y
0c
0i
#111943437044
0t
0s
0r
1y
0c
0i
#111943437470
1t
0s
0r
1y
0c
0i
#111943438157
0t
0s
0r
1y
0c
0i
#111943438584
1t
0s
0r
1y
0c
0i
#111943439272
0t
0s
0r
1y
0c
0i
#111943439698
1t
0s
0r
1y
0c
0i
#111943440389
0t
0s
0r
1y
0c
0i
#111943440814
1t
0s
0r
1y
0c
0i
#111943441500
0t
0s
0r
1y
0c
0i
#111943441927
1t
0s
0r
1y
0c
0i
#111943442615
0t
0s
0r
1y
0c
0i
#111943443041
1t
0s
0r
1y
0c
0i
#111943443732
0t
0s
0r
1y
0c
0i
#111943444157
1t
0s
0r
1y
0c
0i
#111943444844
0t
0s
0r
1y
0c
0i
#111943445271
1t
0s
0r
1y
0c
0i
#111943445958
0t
0s
0r
1y
0c
0i
#111943446386
1t
0s
0r
1y
0c
0i
#111943447075
0t
0s
0r
1y
0c
0i
#111943447502
1t
0s
0r
1y
0c
0i
#111943448186
0t
0s
0r
1y
0c
0i
#111943448615
1t
0s
0r
1y
0c
0i
#111943449301
0t
0s
0r
1y
0c
0i
#111943449728
1t
0s
0r
1y
0c
0i
#111943450417
0t
0s
0r
1y
0c
0i
#111943450843
1t
0s
0r
1y
0c
0i
#111943451527
0t
0s
0r
1y
0c
0i
#111943451956
1t
0s
0r
1y
0c
0i
#111943452640
0t
0s
0r
1y
0c
0i
#111943453069
1t
0s
0r
1y
0c
0i
#111943453756
0t
0s
0r
1y
0c
0i
#111943454183
1t
0s
0r
1y
0c
0i
#111943454866
0t
0s
0r
1y
0c
0i
#111943455295
1t
0s
0r
1y
0c
0i
#111943455980
0t
0s
0r
1y
0c
0i
#111943456409
1t
0s
0r
1y
0c
0i
#111943457096
0t
0s
0r
1y
0c
0i
#111943457526
1t
0s
0r
1y
0c
0i
#111943458209
0t
0s
0r
1y
0c
0i
#111943458640
1t
0s
0r
1y
1c
0i
#111943459328
0t
0s
0r
1y
1c
0i
#111943459757
1t
0s
0r
1y
1c
0i
#111943460450
0t
0s
0r
1y
1c
0i
#111943460879
1t
0s
0r
1y
1c
1i
#111943461568
0t
0s
0r
1y
1c
1i
#111943462000
1t
0s
0r
1y
1c
1i
#111943462691
0t
0s
0r
1y
1c
1i
#111943463123
1t
0s
0r
1y
1c
1i
#111943463818
0t
0s
0r
1y
1c
0i
#111943464248
1t
0s
0r
1y
1c
0i
#111943464938
0t
0s
0r
1y
1c
0i
#111943465370
1t
0s
0r
1y
1c
0i
#111943466062
0t
0s
0r
1y
1c
0i
#111943466493
1t
0s
0r
1y
1c
0i
#111943467186
0t
0s
0r
1y
1c
0i
#111943467616
1t
0s
0r
1y
1c
0i
#111943468304
0t
0s
0r
1y
1c
0i
#111943468736
1t
0s
0r
1y
1c
0i
#111943469423
0t
0s
0r
1y
1c
0i
#111943469855
1t
0s
0r
1y
1c
0i
#111943470545
0t
0s
0r
1y
1c
0i
#111943470975
1t
0s
0r
1y
1c
0i
#111943471660
0t
0s
0r
1y
1c
0i
#111943472092
1t
0s
0r
1y
1c
0i
#111943472778
0t
0s
0r
1y
1c
0i
#111943473208
1t
0s
0r
1y
1c
0i
#111943473897
0t
0s
0r
1y
1c
0i
#111943474328
1t
0s
0r
1y
1c
0i
#111943475011
0t
0s
0r
1y
1c
0i
#111943475444
1t
0s
0r
1y
1c
0i
#111943476129
0t
0s
0r
1y
1c
0i
#111943476560
1t
0s
0r
1y
1c
0i
#111943477249
0t
0s
0r
1y
1c
0i
#111943477678
1t
0s
0r
1y
1c
0i
#111943479458
0t
0s
0r
1y
1c
0i
#111943480700
1t
0s
0r
1y
1c
0i
#111943481728
0t
0s
0r
1y
1c
0i
#111943482144
1t
0s
0r
1y
1c
0i
#111943482834
0t
0s
0r
1y
1c
0i
#111943483263
1t
0s
0r
1y
1c
0i
#111943483951
0t
0s
0r
1y
1c
0i
#111943484380
1t
0s
0r
1y
1c
0i
#111943485067
0t
0s
0r
1y
1c
0i
#111943485498
1t
0s
0r
1y
1c
0i
#111943486185
0t
0s
0r
1y
1c
0i
#111943486614
1t
0s
0r
1y
1c
0i
#111943487305
0t
0s
0r
1y
1c
0i
#111943487732
1t
0s
0r
1y
1c
0i
#111943488418
0t
0s
0r
1y
1c
0i
#111943488848
1t
0s
0r
1y
1c
0i
#111943489536
0t
0s
0r
1y
1c
0i
#111943489965
1t
0s
0r
1y
1c
0i
#111943490655
0t
0s
0r
1y
1c
0i
#111943491085
1t
0s
0r
1y
0c
0i
#111943491772
0t
0s
0r
1y
0c
0i
#111943492203
1t
0s
0r
1y
0c
0i
#111943492893
0t
0s
0r
1y
0c
0i
#111943493323
1t
0s
0r
1y
0c
0i
#111943494018
0t
0s
0r
1y
0c
0i
#111943494447
1t
0s
0r
1y
0c
1i
#111943495139
0t
0s
0r
1y
0c
1i
#111943495570
1t
0s
0r
1y
0c
1i
#111943496264
0t
0s
0r
1y
0c
1i
#111943496687
0t
0s
1r
1y
0c
1i
#111943496689
0t
0s
0r
1y
0c
1i
#111943496696
1t
0s
0r
1y
0c
1i
#111943497393
0t
0s
0r
1y
0c
0i
#111943497824
1t
0s
0r
1y
0c
0i
#111943498517
0t
0s
0r
1y
0c
0i
#111943498948
1t
0s
0r
1y
0c
0i
#111943499642
0t
0s
0r
1y
0c
0i
#111943500072
1t
0s
0r
1y
0c
0i
#111943500769
0t
0s
0r
1y
0c
0i
#111943501197
1t
0s
0r
1y
0c
0i
#111943501887
0t
0s
0r
1y
0c
0i
#111943502317
1t
0s
0r
1y
0c
0i
#111943503006
0t
0s
0r
1y
0c
0i
#111943503435
1t
0s
0r
1y
0c
0i
#111943504127
0t
0s
0r
1y
0c
0i
#111943504552
1t
0s
0r
1y
0c
0i
#111943505239
0t
0s
0r
1y
0c
0i
#111943505665
1t
0s
0r
1y
0c
0i
#111943506353
0t
0s
0r
1y
0c
0i
#111943506777
1t
0s
0r
1y
0c
0i
#111943507466
0t
0s
0r
1y
0c
0i
#111943507890
1t
0s
0r
1y
0c
0i
#111943508575
0t
0s
0r
1y
0c
0i
#111943509000
1t
0s
0r
1y
0c
0i
#111943509687
0t
0s
0r
1y
0c
0i
#111943510112
1t
0s
0r
1y
0c
0i
#111943510802
0t
0s
0r
1y
0c
0i
#111943511226
1t
0s
0r
1y
0c
0i
#111943511913
0t
0s
0r
1y
0c
0i
#111943512339
1t
0s
0r
1y
0c
0i
#111943513025
0t
0s
0r
1y
0c
0i
#111943513453
1t
0s
0r
1y
0c
0i
#111943514142
0t
0s
0r
1y
0c
0i
#111943514569
1t
0s
0r
1y
0c
0i
#111943515254
0t
0s
0r
1y
0c
0i
#111943515682
1t
0s
0r
1y
0c
0i
#111943516370
0t
0s
0r
1y
0c
0i
#111943516797
1t
0s
0r
1y
0c
0i
#111943517487
0t
0s
0r
1y
0c
0i
#111943517913
1t
0s
0r
1y
0c
0i
#111943518598
0t
0s
0r
1y
0c
0i
#111943519027
1t
0s
0r
1y
0c
0i
#111943519713
0t
0s
0r
1y
0c
0i
#111943520142
1t
0s
0r
1y
0c
0i
#111943520831
0t
0s
0r
1y
0c
0i
#111943521258
1t
0s
0r
1y
0c
0i
#111943521943
0t
0s
0r
1y
0c
0i
#111943522372
1t
0s
0r
1y
0c
0i
#111943523059
0t
0s
0r
1y
0c
0i
#111943523487
1t
0s
0r
1y
0c
0i
#111943524176
0t
0s
0r
1y
0c
0i
#111943524606
1t
0s
0r
1y
0c
0i
#111943525291
0t
0s
0r
1y
0c
0i
#111943525722
1t
0s
0r
1y
1c
0i
#111943526411
0t
0s
0r
1y
1c
0i
#111943526842
1t
0s
0r
1y
1c
0i
#111943527535
0t
0s
0r
1y
1c
0i
#111943527965
1t
0s
0r
1y
1c
1i
#111943528655
0t
0s
0r
1y
1c
1i
#111943529088
1t
0s
0r
1y
1c
1i
#111943529781
0t
0s
0r
1y
1c
1i
#111943530213
1t
0s
0r
1y
1c
1i
#111943530910
0t
0s
0r
1y
1c
0i
#111943531340
1t
0s
0r
1y
1c
0i
#111943532032
0t
0s
0r
1y
1c
0i
#111943532464
1t
0s
0r
1y
1c
0i
#111943533157
0t
0s
0r
1y
1c
0i
#111943533589
1t
0s
0r
1y
1c
0i
#111943534284
0t
0s
0r
1y
1c
0i
#111943534714
1t
0s
0r
1y
1c
0i
#111943535403
0t
0s
0r
1y
1c
0i
#111943535836
1t
0s
0r
1y
1c
0i
#111943536524
0t
0s
0r
1y
1c
0i
#111943536956
1t
0s
0r
1y
1c
0i
#111943537647
0t
0s
0r
1y
1c
0i
#111943538076
1t
0s
0r
1y
1c
0i
#111943538761
0t
0s
0r
1y
1c
0i
#111943539192
1t
0s
0r
1y
1c
0i
#111943539877
0t
0s
0r
1y
1c
0i
#111943540308
1t
0s
0r
1y
1c
0i
#111943540995
0t
0s
0r
1y
1c
0i
#111943541425
1t
0s
0r
1y
1c
0i
#111943542107
0t
0s
0r
1y
1c
0i
#111943542540
1t
0s
0r
1y
1c
0i
#111943543223
0t
0s
0r
1y
1c
0i
#111943543654
1t
0s
0r
1y
1c
0i
#111943544341
0t
0s
0r
1y
1c
0i
#111943544771
1t
0s
0r
1y
1c
0i
#111943546548
0t
0s
0r
1y
1c
0i
#111943547790
1t
0s
0r
1y
1c
0i
#111943548815
0t
0s
0r
1y
1c
0i
#111943549232
1t
0s
0r
1y
1c
0i
#111943549922
0t
0s
0r
1y
1c
0i
#111943550350
1t
0s
0r
1y
1c
0i
#111943551037
0t
0s
0r
1y
1c
0i
#111943551466
1t
0s
0r
1y
1c
0i
#111943552152
0t
0s
0r
1y
1c
0i
#111943552583
1t
0s
0r
1y
1c
0i
#111943553269
0t
0s
0r
1y
1c
0i
#111943553698
1t
0s
0r
1y
1c
0i
#111943554388
0t
0s
0r
1y
1c
0i
#111943554815
1t
0s
0r
1y
1c
0i
#111943555500
0t
0s
0r
1y
1c
0i
#111943555929
1t
0s
0r
1y
1c
0i
#111943556616
0t
0s
0r
1y
1c
0i
#111943557044
1t
0s
0r
1y
1c
0i
#111943557734
0t
0s
0r
1y
1c
0i
#111943558163
1t
0s
0r
1y
1c
0i
#111943558848
0t
0s
0r
1y
1c
0i
#111943559279
1t
0s
0r
1y
0c
0i
#111943559967
0t
0s
0r
1y
0c
0i
#111943560397
1t
0s
0r
1y
0c
0i
#111943561090
0t
0s
0r
1y
0c
0i
#111943561519
1t
0s
0r
1y
0c
1i
#111943562209
0t
0s
0r
1y
0c
1i
#111943562640
1t
0s
0r
1y
0c
1i
#111943563332
0t
0s
0r
1y
0c
1i
#111943563764
1t
0s
0r
1y
0c
1i
#111943564459
0t
0s
0r
1y
0c
0i
#111943564889
1t
0s
0r
1y
0c
0i
#111943565580
0t
0s
0r
1y
0c
0i
#111943566012
1t
0s
0r
1y
0c
0i
#111943566704
0t
0s
0r
1y
0c
0i
#111943567133
1t
0s
0r
1y
0c
0i
#111943567828
0t
0s
0r
1y
0c
0i
#111943568255
1t
0s
0r
1y
0c
0i
#111943568943
0t
0s
0r
1y
0c
0i
#111943569373
1t
0s
0r
1y
0c
0i
#111943570059
0t
0s
0r
1y
0c
0i
#111943570487
1t
0s
0r
1y
0c
0i
#111943571176
0t
0s
0r
1y
0c
0i
#111943571601
1t
0s
0r
1y
0c
0i
#111943572284
0t
0s
0r
1y
0c
0i
#111943572710
1t
0s
0r
1y
0c
0i
#111943573392
0t
0s
0r
1y
0c
0i
#111943573817
1t
0s
0r
1y
0c
0i
#111943574502
0t
0s
0r
1y
0c
0i
#111943574924
1t
0s
0r
1y
0c
0i
#111943575605
0t
0s
0r
1y
0c
0i
#111943576030
1t
0s
0r
1y
0c
0i
#111943576712
0t
0s
0r
1y
0c
0i
#111943577136
1t
0s
0r
1y
0c
0i
#111943577821
0t
0s
0r
1y
0c
0i
#111943578244
1t
0s
0r
1y
0c
0i
#111943578926
0t
0s
0r
1y
0c
0i
#111943579351
1t
0s
0r
1y
0c
0i
#111943580034
0t
0s
0r
1y
0c
0i
#111943580460
1t
0s
0r
1y
0c
0i
#111943581146
0t
0s
0r
1y
0c
0i
#111943581570
1t
0s
0r
1y
0c
0i
#111943582251
0t
0s
0r
1y
0c
0i
#111943582678
1t
0s
0r
1y
0c
0i
#111943583361
0t
0s
0r
1y
0c
0i
#111943583787
1t
0s
0r
1y
0c
0i
#111943584473
0t
0s
0r
1y
0c
0i
#111943584897
1t
0s
0r
1y
0c
0i
#111943585577
0t
0s
0r
1y
0c
0i
#111943586005
1t
0s
0r
1y
0c
0i
#111943586686
0t
0s
0r
1y
0c
0i
#111943587113
1t
0s
0r
1y
0c
0i
#111943587797
0t
0s
0r
1y
0c
0i
#111943588222
1t
0s
0r
1y
0c
0i
#111943588902
0t
0s
0r
1y
0c
0i
#111943589329
1t
0s
0r
1y
0c
0i
#111943590011
0t
0s
0r
1y
0c
0i
#111943590437
1t
0s
0r
1y
0c
0i
#111943591122
0t
0s
0r
1y
0c
0i
#111943591549
1t
0s
0r
1y
0c
0i
#111943592229
0t
0s
0r
1y
0c
0i
#111943592658
1t
0s
0r
1y
1c
0i
#111943593341
0t
0s
0r
1y
1c
0i
#111943593770
1t
0s
0r
1y
1c
0i
#111943594458
0t
0s
0r
1y
1c
0i
#111943594885
1t
0s
0r
1y
1c
1i
#111943595571
0t
0s
0r
1y
1c
1i
#111943596000
1t
0s
0r
1y
1c
1i
#111943596688
0t
0s
0r
1y
1c
1i
#111943597118
1t
0s
0r
1y
1c
1i
#111943597809
0t
0s
0r
1y
1c
0i
#111943598238
1t
0s
0r
1y
1c
0i
#111943598925
0t
0s
0r
1y
1c
0i
#111943599354
1t
0s
0r
1y
1c
0i
#111943600042
0t
0s
0r
1y
1c
0i
#111943600471
1t
0s
0r
1y
1c
0i
#111943601161
0t
0s
0r
1y
1c
0i
#111943601589
1t
0s
0r
1y
1c
0i
#111943602273
0t
0s
0r
1y
1c
0i
#111943602703
1t
0s
0r
1y
1c
0i
#111943603387
0t
0s
0r
1y
1c
0i
#111943603816
1t
0s
0r
1y
1c
0i
#111943604502
0t
0s
0r
1y
1c
0i
#111943604930
1t
0s
0r
1y
1c
0i
#111943605611
0t
0s
0r
1y
1c
0i
#111943606039
1t
0s
0r
1y
1c
0i
#111943606720
0t
0s
0r
1y
1c
0i
#111943607148
1t
0s
0r
1y
1c
0i
#111943607831
0t
0s
0r
1y
1c
0i
#111943608259
1t
0s
0r
1y
1c
0i
#111943608937
0t
0s
0r
1y
1c
0i
#111943609367
1t
0s
0r
1y
1c
0i
#111943610046
0t
0s
0r
1y
1c
0i
#111943610475
1t
0s
0r
1y
1c
0i
#111943611158
0t
0s
0r
1y
1c
0i
#111943611585
1t
0s
0r
1y
1c
0i
#111943613352
0t
0s
0r
1y
1c
0i
#111943614585
1t
0s
0r
1y
1c
0i
#111943615604
0t
0s
0r
1y
1c
0i
#111943616019
1t
0s
0r
1y
1c
0i
#111943616704
0t
0s
0r
1y
1c
0i
#111943617129
1t
0s
0r
1y
1c
0i
#111943617812
0t
0s
0r
1y
1c
0i
#111943618238
1t
0s
0r
1y
1c
0i
#111943618920
0t
0s
0r
1y
1c
0i
#111943619348
1t
0s
0r
1y
1c
0i
#111943620030
0t
0s
0r
1y
1c
0i
#111943620456
1t
0s
0r
1y
1c
0i
#111943621141
0t
0s
0r
1y
1c
0i
#111943621566
1t
0s
0r
1y
1c
0i
#111943622246
0t
0s
0r
1y
1c
0i
#111943622673
1t
0s
0r
1y
1c
0i
#111943623355
0t
0s
0r
1y
1c
0i
#111943623781
1t
0s
0r
1y
1c
0i
#111943624466
0t
0s
0r
1y
1c
0i
#111943624892
1t
0s
0r
1y
1c
0i
#111943625573
0t
0s
0r
1y
1c
0i
#111943626001
1t
0s
0r
1y
0c
0i
#111943626685
0t
0s
0r
1y
0c
0i
#111943627113
1t
0s
0r
1y
0c
0i
#111943627801
0t
0s
0r
1y
0c
0i
#111943628227
1t
0s
0r
1y
0c
1i
#111943628912
0t
0s
0r
1y
0c
1i
#111943629341
1t
0s
0r
1y
0c
1i
#111943630028
0t
0s
0r
1y
0c
1i
#111943630458
1t
0s
0r
1y
0c
1i
#111943630584
1t
0s
1r
1y
0c
1i
#111943630587
1t
0s
0r
1y
0c
1i
#111943631148
0t
0s
0r
1y
0c
0i
#111943631576
1t
0s
0r
1y
0c
0i
#111943632262
0t
0s
0r
1y
0c
0i
#111943632691
1t
0s
0r
1y
0c
0i
#111943633379
0t
0s
0r
1y
0c
0i
#111943633806
1t
0s
0r
1y
0c
0i
#111943634497
0t
0s
0r
1y
0c
0i
#111943634922
1t
0s
0r
1y
0c
0i
#111943635608
0t
0s
0r
1y
0c
0i
#111943636037
1t
0s
0r
1y
0c
0i
#111943636723
0t
0s
0r
1y
0c
0i
#111943637151
1t
0s
0r
1y
0c
0i
#111943637841
0t
0s
0r
1y
0c
0i
#111943638267
1t
0s
0r
1y
0c
0i
#111943638954
0t
0s
0r
1y
0c
0i
#111943639381
1t
0s
0r
1y
0c
0i
#111943640070
0t
0s
0r
1y
0c
0i
#111943640497
1t
0s
0r
1y
0c
0i
#111943641190
0t
0s
0r
1y
0c
0i
#111943641615
1t
0s
0r
1y
0c
0i
#111943642303
0t
0s
0r
1y
0c
0i
#111943642731
1t
0s
0r
1y
0c
0i
#111943643422
0t
0s
0r
1y
0c
0i
#111943643849
1t
0s
0r
1y
0c
0i
#111943644544
0t
0s
0r
1y
0c
0i
#111943644970
1t
0s
0r
1y
0c
0i
#111943645661
0t
0s
0r
1y
0c
0i
#111943646089
1t
0s
0r
1y
0c
0i
#111943646780
0t
0s
0r
1y
0c
0i
#111943647210
1t
0s
0r
1y
0c
0i
#111943647904
0t
0s
0r
1y
0c
0i
#111943648332
1t
0s
0r
1y
0c
0i
#111943649020
0t
0s
0r
1y
0c
0i
#111943649451
1t
0s
0r
1y
0c
0i
#111943650141
0t
0s
0r
1y
0c
0i
#111943650570
1t
0s
0r
1y
0c
0i
#111943651263
0t
0s
0r
1y
0c
0i
#111943651691
1t
0s
0r
1y
0c
0i
#111943652379
0t
0s
0r
1y
0c
0i
#111943652810
1t
0s
0r
1y
0c
0i
#111943653499
0t
0s
0r
1y
0c
0i
#111943653929
1t
0s
0r
1y
0c
0i
#111943654620
0t
0s
0r
1y
0c
0i
#111943655049
1t
0s
0r
1y
0c
0i
#111943655736
0t
0s
0r
1y
0c
0i
#111943656167
1t
0s
0r
1y
0c
0i
#111943656856
0t
0s
0r
1y
0c
0i
#111943657286
1t
0s
0r
1y
0c
0i
#111943657979
0t
0s
0r
1y
0c
0i
#111943658409
1t
0s
0r
1y
0c
0i
#111943659097
0t
0s
0r
1y
1c
0i
#111943659530
1t
0s
0r
1y
1c
0i
#111943660222
0t
0s
0r
1y
1c
0i
#111943660654
1t
0s
0r
1y
1c
0i
#111943661350
0t
0s
0r
1y
1c
0i
#111943661781
1t
0s
0r
1y
1c
1i
#111943662474
0t
0s
0r
1y
1c
1i
#111943662908
1t
0s
0r
1y
1c
1i
#111943663604
0t
0s
0r
1y
1c
1i
#111943664038
1t
0s
0r
1y
1c
1i
#111943664737
0t
0s
0r
1y
1c
0i
#111943665170
1t
0s
0r
1y
1c
0i
#111943665864
0t
0s
0r
1y
1c
0i
#111943666298
1t
0s
0r
1y
1c
0i
#111943666994
0t
0s
0r
1y
1c
0i
#111943667427
1t
0s
0r
1y
1c
0i
#111943668125
0t
0s
0r
1y
1c
0i
#111943668557
1t
0s
0r
1y
1c
0i
#111943669248
0t
0s
0r
1y
1c
0i
#111943669683
1t
0s
0r
1y
1c
0i
#111943670375
0t
0s
0r
1y
1c
0i
#111943670808
1t
0s
0r
1y
1c
0i
#111943671503
0t
0s
0r
1y
1c
0i
#111943671934
1t
0s
0r
1y
1c
0i
#111943672623
0t
0s
0r
1y
1c
0i
#111943673057
1t
0s
0r
1y
1c
0i
#111943673746
0t
0s
0r
1y
1c
0i
#111943674179
1t
0s
0r
1y
1c
0i
#111943674870
0t
0s
0r
1y
1c
0i
#111943675302
1t
0s
0r
1y
1c
0i
#111943675989
0t
0s
0r
1y
1c
0i
#111943676423
1t
0s
0r
1y
1c
0i
#111943677111
0t
0s
0r
1y
1c
0i
#111943677543
1t
0s
0r
1y
1c
0i
#111943678235
0t
0s
0r
1y
1c
0i
#111943678666
1t
0s
0r
1y
1c
0i
#111943680452
0t
0s
0r
1y
1c
0i
#111943681699
1t
0s
0r
1y
1c
0i
#111943682729
0t
0s
0r
1y
1c
0i
#111943683147
1t
0s
0r
1y
1c
0i
#111943683840
0t
0s
0r
1y
1c
0i
#111943684270
1t
0s
0r
1y
1c
0i
#111943684960
0t
0s
0r
1y
1c
0i
#111943685391
1t
0s
0r
1y
1c
0i
#111943686081
0t
0s
0r
1y
1c
0i
#111943686513
1t
0s
0r
1y
1c
0i
#111943687202
0t
0s
0r
1y
1c
0i
#111943687633
1t
0s
0r
1y
1c
0i
#111943688325
0t
0s
0r
1y
1c
0i
#111943688754
1t
0s
0r
1y
1c
0i
#111943689443
0t
0s
0r
1y
1c
0i
#111943689873
1t
0s
0r
1y
1c
0i
#111943690564
0t
0s
0r
1y
1c
0i
#111943690993
1t
0s
0r
1y
1c
0i
#111943691686
0t
0s
0r
1y
1c
0i
#111943692117
1t
0s
0r
1y
1c
0i
#111943692806
0t
0s
0r
1y
0c
0i
#111943693239
1t
0s
0r
1y
0c
0i
#111943693931
0t
0s
0r
1y
0c
0i
#111943694363
1t
0s
0r
1y
0c
0i
#111943695060
0t
0s
0r
1y
0c
0i
#111943695490
1t
0s
0r
1y
0c
1i
#111943696185
0t
0s
0r
1y
0c
1i
#111943696618
1t
0s
0r
1y
0c
1i
#111943697314
0t
0s
0r
1y
0c
1i
#111943697748
1t
0s
0r
1y
0c
1i
#111943698448
0t
0s
0r
1y
0c
0i
#111943698880
1t
0s
0r
1y
0c
0i
#111943699575
0t
0s
0r
1y
0c
0i
#111943700008
1t
0s
0r
1y
0c
0i
#111943700705
0t
0s
0r
1y
0c
0i
#111943701136
1t
0s
0r
1y
0c
0i
#111943701836
0t
0s
0r
1y
0c
0i
#111943702265
1t
0s
0r
1y
0c
0i
#111943702959
0t
0s
0r
1y
0c
0i
#111943703392
1t
0s
0r
1y
0c
0i
#111943704085
0t
0s
0r
1y
0c
0i
#111943704516
1t
0s
0r
1y
0c
0i
#111943705211
0t
0s
0r
1y
0c
0i
#111943705640
1t
0s
0r
1y
0c
0i
#111943706332
0t
0s
0r
1y
0c
0i
#111943706762
1t
0s
0r
1y
0c
0i
#111943707454
0t
0s
0r
1y
0c
0i
#111943707883
1t
0s
0r
1y
0c
0i
#111943708577
0t
0s
0r
1y
0c
0i
#111943709004
1t
0s
0r
1y
0c
0i
#111943709694
0t
0s
0r
1y
0c
0i
#111943710123
1t
0s
0r
1y
0c
0i
#111943710815
0t
0s
0r
1y
0c
0i
#111943711243
1t
0s
0r
1y
0c
0i
#111943711937
0t
0s
0r
1y
0c
0i
#111943712364
1t
0s
0r
1y
0c
0i
#111943713055
0t
0s
0r
1y
0c
0i
#111943713484
1t
0s
0r
1y
0c
0i
#111943714174
0t
0s
0r
1y
0c
0i
#111943714605
1t
0s
0r
1y
0c
0i
#111943715298
0t
0s
0r
1y
0c
0i
#111943715727
1t
0s
0r
1y
0c
0i
#111943716415
0t
0s
0r
1y
0c
0i
#111943716846
1t
0s
0r
1y
0c
0i
#111943717536
0t
0s
0r
1y
0c
0i
#111943717966
1t
0s
0r
1y
0c
0i
#111943718659
0t
0s
0r
1y
0c
0i
#111943719087
1t
0s
0r
1y
0c
0i
#111943719775
0t
0s
0r
1y
0c
0i
#111943720207
1t
0s
0r
1y
0c
0i
#111943720896
0t
0s
0r
1y
0c
0i
#111943721326
1t
0s
0r
1y
0c
0i
#111943722019
0t
0s
0r
1y
0c
0i
#111943722448
1t
0s
0r
1y
0c
0i
#111943723136
0t
0s
0r
1y
0c
0i
#111943723567
1t
0s
0r
1y
0c
0i
#111943724256
0t
0s
0r
1y
0c
0i
#111943724687
1t
0s
0r
1y
0c
0i
#111943725379
0t
0s
0r
1y
0c
0i
#111943725811
1t
0s
0r
1y
0c
0i
#111943726499
0t
0s
0r
1y
0c
0i
#111943726932
1t
0s
0r
1y
1c
0i
#111943727623
0t
0s
0r
1y
1c
0i
#111943728055
1t
0s
0r
1y
1c
0i
#111943728752
0t
0s
0r
1y
1c
0i
#111943729183
1t
0s
0r
1y
1c
1i
#111943729876
0t
0s
0r
1y
1c
1i
#111943730310
1t
0s
0r
1y
1c
1i
#111943731007
0t
0s
0r
1y
1c
1i
#111943731440
1t
0s
0r
1y
1c
1i
#111943732140
0t
0s
0r
1y
1c
0i
#111943732572
1t
0s
0r
1y
1c
0i
#111943733267
0t
0s
0r
1y
1c
0i
#111943733701
1t
0s
0r
1y
1c
0i
#111943734397
0t
0s
0r
1y
1c
0i
#111943734829
1t
0s
0r
1y
1c
0i
#111943735527
0t
0s
0r
1y
1c
0i
#111943735958
1t
0s
0r
1y
1c
0i
#111943736649
0t
0s
0r
1y
1c
0i
#111943737084
1t
0s
0r
1y
1c
0i
#111943737774
0t
0s
0r
1y
1c
0i
#111943738206
1t
0s
0r
1y
1c
0i
#111943738898
0t
0s
0r
1y
1c
0i
#111943739328
1t
0s
0r
1y
1c
0i
#111943740014
0t
0s
0r
1y
1c
0i
#111943740445
1t
0s
0r
1y
1c
0i
#111943741131
0t
0s
0r
1y
1c
0i
#111943741561
1t
0s
0r
1y
1c
0i
#111943742248
0t
0s
0r
1y
1c
0i
#111943742678
1t
0s
0r
1y
1c
0i
#111943743360
0t
0s
0r
1y
1c
0i
#111943743792
1t
0s
0r
1y
1c
0i
#111943744476
0t
0s
0r
1y
1c
0i
#111943744906
1t
0s
0r
1y
1c
0i
#111943745593
0t
0s
0r
1y
1c
0i
#111943746022
1t
0s
0r
1y
1c
0i
#111943747798
0t
0s
0r
1y
1c
0i
#111943749039
1t
0s
0r
1y
1c
0i
#111943750065
0t
0s
0r
1y
1c
0i
#111943750481
1t
0s
0r
1y
1c
0i
#111943751171
0t
0s
0r
1y
1c
0i
#111943751599
1t
0s
0r
1y
1c
0i
#111943752286
0t
0s
0r
1y
1c
0i
#111943752715
1t
0s
0r
1y
1c
0i
#111943753402
0t
0s
0r
1y
1c
0i
#111943753832
1t
0s
0r
1y
1c
0i
#111943754519
0t
0s
0r
1y
1c
0i
#111943754948
1t
0s
0r
1y
1c
0i
#111943755638
0t
0s
0r
1y
1c
0i
#111943756065
1t
0s
0r
1y
1c
0i
#111943756750
0t
0s
0r
1y
1c
0i
#111943757179
1t
0s
0r
1y
1c
0i
#111943757866
0t
0s
0r
1y
1c
0i
#111943758295
1t
0s
0r
1y
1c
0i
#111943758984
0t
0s
0r
1y
1c
0i
#111943759414
1t
0s
0r
1y
1c
0i
#111943760099
0t
0s
0r
1y
1c
0i
#111943760530
1t
0s
0r
1y
0c
0i
#111943761219
0t
0s
0r
1y
0c
0i
#111943761649
1t
0s
0r
1y
0c
0i
#111943762342
0t
0s
0r
1y
0c
0i
#111943762772
1t
0s
0r
1y
0c
1i
#111943763462
0t
0s
0r
1y
0c
1i
#111943763894
1t
0s
0r
1y
0c
1i
#111943764586
0t
0s
0r
1y
0c
1i
#111943765019
1t
0s
0r
1y
0c
1i
#111943765108
1t
0s
1r
1y
0c
1i
#111943765110
1t
0s
0r
1y
0c
1i
#111943765715
0t
0s
0r
1y
0c
0i
#111943766145
1t
0s
0r
1y
0c
0i
#111943766837
0t
0s
0r
1y
0c
0i
#111943767269
1t
0s
0r
1y
0c
0i
#111943767962
0t
0s
0r
1y
0c
0i
#111943768392
1t
0s
0r
1y
0c
0i
#111943769087
0t
0s
0r
1y
0c
0i
#111943769516
1t
0s
0r
1y
0c
0i
#111943770206
0t
0s
0r
1y
0c
0i
#111943770637
1t
0s
0r
1y
0c
0i
#111943771326
0t
0s
0r
1y
0c
0i
#111943771756
1t
0s
0r
1y
0c
0i
#111943772448
0t
0s
0r
1y
0c
0i
#111943772874
1t
0s
0r
1y
0c
0i
#111943773562
0t
0s
0r
1y
0c
0i
#111943773989
1t
0s
0r
1y
0c
0i
#111943774677
0t
0s
0r
1y
0c
0i
#111943775104
1t
0s
0r
1y
0c
0i
#111943775795
0t
0s
0r
1y
0c
0i
#111943776219
1t
0s
0r
1y
0c
0i
#111943776906
0t
0s
0r
1y
0c
0i
#111943777332
1t
0s
0r
1y
0c
0i
#111943778020
0t
0s
0r
1y
0c
0i
#111943778446
1t
0s
0r
1y
0c
0i
#111943779138
0t
0s
0r
1y
0c
0i
#111943779562
1t
0s
0r
1y
0c
0i
#111943780249
0t
0s
0r
1y
0c
0i
#111943780676
1t
0s
0r
1y
0c
0i
#111943781364
0t
0s
0r
1y
0c
0i
#111943781793
1t
0s
0r
1y
0c
0i
#111943782484
0t
0s
0r
1y
0c
0i
#111943782910
1t
0s
0r
1y
0c
0i
#111943783596
0t
0s
0r
1y
0c
0i
#111943784025
1t
0s
0r
1y
0c
0i
#111943784713
0t
0s
0r
1y
0c
0i
#111943785141
1t
0s
0r
1y
0c
0i
#111943785833
0t
0s
0r
1y
0c
0i
#111943786259
1t
0s
0r
1y
0c
0i
#111943786945
0t
0s
0r
1y
0c
0i
#111943787375
1t
0s
0r
1y
0c
0i
#111943788062
0t
0s
0r
1y
0c
0i
#111943788491
1t
0s
0r
1y
0c
0i
#111943789181
0t
0s
0r
1y
0c
0i
#111943789609
1t
0s
0r
1y
0c
0i
#111943790295
0t
0s
0r
1y
0c
0i
#111943790724
1t
0s
0r
1y
0c
0i
#111943791412
0t
0s
0r
1y
0c
0i
#111943791841
1t
0s
0r
1y
0c
0i
#111943792531
0t
0s
0r
1y
0c
0i
#111943792961
1t
0s
0r
1y
0c
0i
#111943793647
0t
0s
0r
1y
1c
0i
#111943794079
1t
0s
0r
1y
1c
0i
#111943794769
0t
0s
0r
1y
1c
0i
#111943795200
1t
0s
0r
1y
1c
0i
#111943795894
0t
0s
0r
1y
1c
0i
#111943796324
1t
0s
0r
1y
1c
1i
#111943797015
0t
0s
0r
1y
1c
1i
#111943797448
1t
0s
0r
1y
1c
1i
#111943798141
0t
0s
0r
1y
1c
1i
#111943798574
1t
0s
0r
1y
1c
1i
#111943799271
0t
0s
0r
1y
1c
0i
#111943799702
1t
0s
0r
1y
1c
0i
#111943800394
0t
0s
0r
1y
1c
0i
#111943800827
1t
0s
0r
1y
1c
0i
#111943801520
0t
0s
0r
1y
1c
0i
#111943801952
1t
0s
0r
1y
1c
0i
#111943802647
0t
0s
0r
1y
1c
0i
#111943803078
1t
0s
0r
1y
1c
0i
#111943803767
0t
0s
0r
1y
1c
0i
#111943804200
1t
0s
0r
1y
1c
0i
#111943804888
0t
0s
0r
1y
1c
0i
#111943805321
1t
0s
0r
1y
1c
0i
#111943806011
0t
0s
0r
1y
1c
0i
#111943806441
1t
0s
0r
1y
1c
0i
#111943807125
0t
0s
0r
1y
1c
0i
#111943807556
1t
0s
0r
1y
1c
0i
#111943808241
0t
0s
0r
1y
1c
0i
#111943808671
1t
0s
0r
1y
1c
0i
#111943809358
0t
0s
0r
1y
1c
0i
#111943809788
1t
0s
0r
1y
1c
0i
#111943810469
0t
0s
0r
1y
1c
0i
#111943810901
1t
0s
0r
1y
1c
0i
#111943811583
0t
0s
0r
1y
1c
0i
#111943812014
1t
0s
0r
1y
1c
0i
#111943812700
0t
0s
0r
1y
1c
0i
#111943813130
1t
0s
0r
1y
1c
0i
#111943814905
0t
0s
0r
1y
1c
0i
#111943816146
1t
0s
0r
1y
1c
0i
#111943817171
0t
0s
0r
1y
1c
0i
#111943817587
1t
0s
0r
1y
1c
0i
#111943818276
0t
0s
0r
1y
1c
0i
#111943818704
1t
0s
0r
1y
1c
0i
#111943819391
0t
0s
0r
1y
1c
0i
#111943819819
1t
0s
0r
1y
1c
0i
#111943820506
0t
0s
0r
1y
1c
0i
#111943820935
1t
0s
0r
1y
1c
0i
#111943821621
0t
0s
0r
1y
1c
0i
#111943822050
1t
0s
0r
1y
1c
0i
#111943822739
0t
0s
0r
1y
1c
0i
#111943823166
1t
0s
0r
1y
1c
0i
#111943823850
0t
0s
0r
1y
1c
0i
#111943824279
1t
0s
0r
1y
1c
0i
#111943824965
0t
0s
0r
1y
1c
0i
#111943825393
1t
0s
0r
1y
1c
0i
#111943826082
0t
0s
0r
1y
1c
0i
#111943826511
1t
0s
0r
1y
0c
0i
#111943827196
0t
0s
0r
1y
0c
0i
#111943827627
1t
0s
0r
1y
0c
0i
#111943828314
0t
0s
0r
1y
0c
0i
#111943828744
1t
0s
0r
1y
0c
0i
#111943829437
0t
0s
0r
1y
0c
0i
#111943829865
1t
0s
0r
1y
0c
1i
#111943830555
0t
0s
0r
1y
0c
1i
#111943830986
1t
0s
0r
1y
0c
1i
#111943831678
0t
0s
0r
1y
0c
1i
#111943832109
1t
0s
0r
1y
0c
1i
#111943832804
0t
0s
0r
1y
0c
0i
#111943833233
1t
0s
0r
1y
0c
0i
#111943833924
0t
0s
0r
1y
0c
0i
#111943834355
1t
0s
0r
1y
0c
0i
#111943835046
0t
0s
0r
1y
0c
0i
#111943835474
1t
0s
0r
1y
0c
0i
#111943836167
0t
0s
0r
1y
0c
0i
#111943836593
1t
0s
0r
1y
0c
0i
#111943837278
0t
0s
0r
1y
0c
0i
#111943837707
1t
0s
0r
1y
0c
0i
#111943838390
0t
0s
0r
1y
0c
0i
#111943838816
1t
0s
0r
1y
0c
0i
#111943839499
0t
0s
0r
1y
0c
0i
#111943839923
1t
0s
0r
1y
0c
0i
#111943840602
0t
0s
0r
1y
0c
0i
#111943841025
1t
0s
0r
1y
0c
0i
#111943841704
0t
0s
0r
1y
0c
0i
#111943842127
1t
0s
0r
1y
0c
0i
#111943842808
0t
0s
0r
1y
0c
0i
#111943843229
1t
0s
0r
1y
0c
0i
#111943843907
0t
0s
0r
1y
0c
0i
#111943844329
1t
0s
0r
1y
0c
0i
#111943845008
0t
0s
0r
1y
0c
0i
#111943845431
1t
0s
0r
1y
0c
0i
#111943846114
0t
0s
0r
1y
0c
0i
#111943846535
1t
0s
0r
1y
0c
0i
#111943847214
0t
0s
0r
1y
0c
0i
#111943847638
1t
0s
0r
1y
0c
0i
#111943848318
0t
0s
0r
1y
0c
0i
#111943848743
1t
0s
0r
1y
0c
0i
#111943849425
0t
0s
0r
1y
0c
0i
#111943849849
1t
0s
0r
1y
0c
0i
#111943850528
0t
0s
0r
1y
0c
0i
#111943850953
1t
0s
0r
1y
0c
0i
#111943851633
0t
0s
0r
1y
0c
0i
#111943852057
1t
0s
0r
1y
0c
0i
#111943852740
0t
0s
0r
1y
0c
0i
#111943853163
1t
0s
0r
1y
0c
0i
#111943853841
0t
0s
0r
1y
0c
0i
#111943854267
1t
0s
0r
1y
0c
0i
#111943854946
0t
0s
0r
1y
0c
0i
#111943855371
1t
0s
0r
1y
0c
0i
#111943856054
0t
0s
0r
1y
0c
0i
#111943856477
1t
0s
0r
1y
0c
0i
#111943857156
0t
0s
0r
1y
0c
0i
#111943857581
1t
0s
0r
1y
0c
0i
#111943858261
0t
0s
0r
1y
0c
0i
#111943858686
1t
0s
0r
1y
0c
0i
#111943859367
0t
0s
0r
1y
0c
0i
#111943859794
1t
0s
0r
1y
0c
0i
#111943860471
0t
0s
0r
1y
1c
0i
#111943860899
1t
0s
0r
1y
1c
0i
#111943861580
0t
0s
0r
1y
1c
0i
#111943862007
1t
0s
0r
1y
1c
0i
#111943862693
0t
0s
0r
1y
1c
0i
#111943863118
1t
0s
0r
1y
1c
1i
#111943863801
0t
0s
0r
1y
1c
1i
#111943864229
1t
0s
0r
1y
1c
1i
#111943864914
0t
0s
0r
1y
1c
1i
#111943865343
1t
0s
0r
1y
1c
1i
#111943866031
0t
0s
0r
1y
1c
0i
#111943866458
1t
0s
0r
1y
1c
0i
#111943867141
0t
0s
0r
1y
1c
0i
#111943867570
1t
0s
0r
1y
1c
0i
#111943868256
0t
0s
0r
1y
1c
0i
#111943868683
1t
0s
0r
1y
1c
0i
#111943869370
0t
0s
0r
1y
1c
0i
#111943869796
1t
0s
0r
1y
1c
0i
#111943870477
0t
0s
0r
1y
1c
0i
#111943870907
1t
0s
0r
1y
1c
0i
#111943871588
0t
0s
0r
1y
1c
0i
#111943872017
1t
0s
0r
1y
1c
0i
#111943872701
0t
0s
0r
1y
1c
0i
#111943873128
1t
0s
0r
1y
1c
0i
#111943873807
0t
0s
0r
1y
1c
0i
#111943874235
1t
0s
0r
1y
1c
0i
#111943874915
0t
0s
0r
1y
1c
0i
#111943875343
1t
0s
0r
1y
1c
0i
#111943876026
0t
0s
0r
1y
1c
0i
#111943876453
1t
0s
0r
1y
1c
0i
#111943877131
0t
0s
0r
1y
1c
0i
#111943877560
1t
0s
0r
1y
1c
0i
#111943878240
0t
0s
0r
1y
1c
0i
#111943878668
1t
0s
0r
1y
1c
0i
#111943879352
0t
0s
0r
1y
1c
0i
#111943879778
1t
0s
0r
1y
1c
0i
#111943881545
0t
0s
0r
1y
1c
0i
#111943882779
1t
0s
0r
1y
1c
0i
#111943883797
0t
0s
0r
1y
1c
0i
#111943884211
1t
0s
0r
1y
1c
0i
#111943884895
0t
0s
0r
1y
1c
0i
#111943885321
1t
0s
0r
1y
1c
0i
#111943886004
0t
0s
0r
1y
1c
0i
#111943886430
1t
0s
0r
1y
1c
0i
#111943887111
0t
0s
0r
1y
1c
0i
#111943887539
1t
0s
0r
1y
1c
0i
#111943888220
0t
0s
0r
1y
1c
0i
#111943888646
1t
0s
0r
1y
1c
0i
#111943889330
0t
0s
0r
1y
1c
0i
#111943889755
1t
0s
0r
1y
1c
0i
#111943890436
0t
0s
0r
1y
1c
0i
#111943890862
1t
0s
0r
1y
1c
0i
#111943891544
0t
0s
0r
1y
1c
0i
#111943891969
1t
0s
0r
1y
1c
0i
#111943892654
0t
0s
0r
1y
1c
0i
#111943893080
1t
0s
0r
1y
1c
0i
#111943893761
0t
0s
0r
1y
1c
0i
#111943894189
1t
0s
0r
1y
0c
0i
#111943894872
0t
0s
0r
1y
0c
0i
#111943895300
1t
0s
0r
1y
0c
0i
#111943895988
0t
0s
0r
1y
0c
0i
#111943896414
1t
0s
0r
1y
0c
1i
#111943897100
0t
0s
0r
1y
0c
1i
#111943897528
1t
0s
0r
1y
0c
1i
#111943898216
0t
0s
0r
1y
0c
1i
#111943898645
1t
0s
0r
1y
0c
1i
#111943898762
1t
0s
1r
1y
0c
1i
#111943898765
1t
0s
0r
1y
0c
1i
#111943899336
0t
0s
0r
1y
0c
0i
#111943899763
1t
0s
0r
1y
0c
0i
#111943900450
0t
0s
0r
1y
0c
0i
#111943900879
1t
0s
0r
1y
0c
0i
#111943901566
0t
0s
0r
1y
0c
0i
#111943901994
1t
0s
0r
1y
0c
0i
#111943902684
0t
0s
0r
1y
0c
0i
#111943903110
1t
0s
0r
1y
0c
0i
#111943903795
0t
0s
0r
1y
0c
0i
#111943904224
1t
0s
0r
1y
0c
0i
#111943904910
0t
0s
0r
1y
0c
0i
#111943905338
1t
0s
0r
1y
0c
0i
#111943906028
0t
0s
0r
1y
0c
0i
#111943906453
1t
0s
0r
1y
0c
0i
#111943907139
0t
0s
0r
1y
0c
0i
#111943907567
1t
0s
0r
1y
0c
0i
#111943908254
0t
0s
0r
1y
0c
0i
#111943908681
1t
0s
0r
1y
0c
0i
#111943909372
0t
0s
0r
1y
0c
0i
#111943909797
1t
0s
0r
1y
0c
0i
#111943910484
0t
0s
0r
1y
0c
0i
#111943910911
1t
0s
0r
1y
0c
0i
#111943911600
0t
0s
0r
1y
0c
0i
#111943912026
1t
0s
0r
1y
0c
0i
#111943912719
0t
0s
0r
1y
0c
0i
#111943913144
1t
0s
0r
1y
0c
0i
#111943913832
0t
0s
0r
1y
0c
0i
#111943914260
1t
0s
0r
1y
0c
0i
#111943914948
0t
0s
0r
1y
0c
0i
#111943915377
1t
0s
0r
1y
0c
0i
#111943916068
0t
0s
0r
1y
0c
0i
#111943916495
1t
0s
0r
1y
0c
0i
#111943917182
0t
0s
0r
1y
0c
0i
#111943917611
1t
0s
0r
1y
0c
0i
#111943918299
0t
0s
0r
1y
0c
0i
#111943918727
1t
0s
0r
1y
0c
0i
#111943919418
0t
0s
0r
1y
0c
0i
#111943919845
1t
0s
0r
1y
0c
0i
#111943920531
0t
0s
0r
1y
0c
0i
#111943920961
1t
0s
0r
1y
0c
0i
#111943921648
0t
0s
0r
1y
0c
0i
#111943922077
1t
0s
0r
1y
0c
0i
#111943922767
0t
0s
0r
1y
0c
0i
#111943923195
1t
0s
0r
1y
0c
0i
#111943923881
0t
0s
0r
1y
0c
0i
#111943924310
1t
0s
0r
1y
0c
0i
#111943924998
0t
0s
0r
1y
0c
0i
#111943925427
1t
0s
0r
1y
0c
0i
#111943926117
0t
0s
0r
1y
0c
0i
#111943926548
1t
0s
0r
1y
0c
0i
#111943927234
0t
0s
0r
1y
1c
0i
#111943927666
1t
0s
0r
1y
1c
0i
#111943928356
0t
0s
0r
1y
1c
0i
#111943928787
1t
0s
0r
1y
1c
0i
#111943929481
0t
0s
0r
1y
1c
0i
#111943929912
1t
0s
0r
1y
1c
1i
#111943930603
0t
0s
0r
1y
1c
1i
#111943931037
1t
0s
0r
1y
1c
1i
#111943931731
0t
0s
0r
1y
1c
1i
#111943932164
1t
0s
0r
1y
1c
1i
#111943932862
0t
0s
0r
1y
1c
0i
#111943933293
1t
0s
0r
1y
1c
0i
#111943933986
0t
0s
0r
1y
1c
0i
#111943934419
1t
0s
0r
1y
1c
0i
#111943935113
0t
0s
0r
1y
1c
0i
#111943935545
1t
0s
0r
1y
1c
0i
#111943936240
0t
0s
0r
1y
1c
0i
#111943936670
1t
0s
0r
1y
1c
0i
#111943937358
0t
0s
0r
1y
1c
0i
#111943937791
1t
0s
0r
1y
1c
0i
#111943938477
0t
0s
0r
1y
1c
0i
#111943938908
1t
0s
0r
1y
1c
0i
#111943939595
0t
0s
0r
1y
1c
0i
#111943940023
1t
0s
0r
1y
1c
0i
#111943940705
0t
0s
0r
1y
1c
0i
#111943941133
1t
0s
0r
1y
1c
0i
#111943941814
0t
0s
0r
1y
1c
0i
#111943942243
1t
0s
0r
1y
1c
0i
#111943942925
0t
0s
0r
1y
1c
0i
#111943943353
1t
0s
0r
1y
1c
0i
#111943944032
0t
0s
0r
1y
1c
0i
#111943944461
1t
0s
0r
1y
1c
0i
#111943945141
0t
0s
0r
1y
1c
0i
#111943945569
1t
0s
0r
1y
1c
0i
#111943946253
0t
0s
0r
1y
1c
0i
#111943946680
1t
0s
0r
1y
1c
0i
#111943948448
0t
0s
0r
1y
1c
0i
#111943949685
1t
0s
0r
1y
1c
0i
#111943950705
0t
0s
0r
1y
1c
0i
#111943951120
1t
0s
0r
1y
1c
0i
#111943951806
0t
0s
0r
1y
1c
0i
#111943952233
1t
0s
0r
1y
1c
0i
#111943952917
0t
0s
0r
1y
1c
0i
#111943953344
1t
0s
0r
1y
1c
0i
#111943954027
0t
0s
0r
1y
1c
0i
#111943954456
1t
0s
0r
1y
1c
0i
#111943955139
0t
0s
0r
1y
1c
0i
#111943955567
1t
0s
0r
1y
1c
0i
#111943956253
0t
0s
0r
1y
1c
0i
#111943956679
1t
0s
0r
1y
1c
0i
#111943957361
0t
0s
0r
1y
1c
0i
#111943957789
1t
0s
0r
1y
1c
0i
#111943958473
0t
0s
0r
1y
1c
0i
#111943958899
1t
0s
0r
1y
1c
0i
#111943959586
0t
0s
0r
1y
1c
0i
#111943960014
1t
0s
0r
1y
1c
0i
#111943960697
0t
0s
0r
1y
1c
0i
#111943961126
1t
0s
0r
1y
0c
0i
#111943961812
0t
0s
0r
1y
0c
0i
#111943962241
1t
0s
0r
1y
0c
0i
#111943962931
0t
0s
0r
1y
0c
0i
#111943963359
1t
0s
0r
1y
0c
1i
#111943964047
0t
0s
0r
1y
0c
1i
#111943964477
1t
0s
0r
1y
0c
1i
#111943965167
0t
0s
0r
1y
0c
1i
#111943965597
1t
0s
0r
1y
0c
1i
#111943966290
0t
0s
0r
1y
0c
0i
#111943966719
1t
0s
0r
1y
0c
0i
#111943967408
0t
0s
0r
1y
0c
0i
#111943967838
1t
0s
0r
1y
0c
0i
#111943968527
0t
0s
0r
1y
0c
0i
#111943968956
1t
0s
0r
1y
0c
0i
#111943969648
0t
0s
0r
1y
0c
0i
#111943970075
1t
0s
0r
1y
0c
0i
#111943970762
0t
0s
0r
1y
0c
0i
#111943971191
1t
0s
0r
1y
0c
0i
#111943971877
0t
0s
0r
1y
0c
0i
#111943972305
1t
0s
0r
1y
0c
0i
#111943972993
0t
0s
0r
1y
0c
0i
#111943973418
1t
0s
0r
1y
0c
0i
#111943974102
0t
0s
0r
1y
0c
0i
#111943974527
1t
0s
0r
1y
0c
0i
#111943975211
0t
0s
0r
1y
0c
0i
#111943975635
1t
0s
0r
1y
0c
0i
#111943976321
0t
0s
0r
1y
0c
0i
#111943976744
1t
0s
0r
1y
0c
0i
#111943977425
0t
0s
0r
1y
0c
0i
#111943977849
1t
0s
0r
1y
0c
0i
#111943978532
0t
0s
0r
1y
0c
0i
#111943978956
1t
0s
0r
1y
0c
0i
#111943979641
0t
0s
0r
1y
0c
0i
#111943980064
1t
0s
0r
1y
0c
0i
#111943980746
0t
0s
0r
1y
0c
0i
#111943981170
1t
0s
0r
1y
0c
0i
#111943981852
0t
0s
0r
1y
0c
0i
#111943982279
1t
0s
0r
1y
0c
0i
#111943982963
0t
0s
0r
1y
0c
0i
#111943983388
1t
0s
0r
1y
0c
0i
#111943984068
0t
0s
0r
1y
0c
0i
#111943984494
1t
0s
0r
1y
0c
0i
#111943985177
0t
0s
0r
1y
0c
0i
#111943985602
1t
0s
0r
1y
0c
0i
#111943986287
0t
0s
0r
1y
0c
0i
#111943986712
1t
0s
0r
1y
0c
0i
#111943987391
0t
0s
0r
1y
0c
0i
#111943987819
1t
0s
0r
1y
0c
0i
#111943988500
0t
0s
0r
1y
0c
0i
#111943988926
1t
0s
0r
1y
0c
0i
#111943989610
0t
0s
0r
1y
0c
0i
#111943990035
1t
0s
0r
1y
0c
0i
#111943990715
0t
0s
0r
1y
0c
0i
#111943991141
1t
0s
0r
1y
0c
0i
#111943991823
0t
0s
0r
1y
0c
0i
#111943992249
1t
0s
0r
1y
0c
0i
#111943992933
0t
0s
0r
1y
0c
0i
#111943993360
1t
0s
0r
1y
0c
0i
#111943994040
0t
0s
0r
1y
0c
0i
#111943994468
1t
0s
0r
1y
1c
0i
#111943995152
0t
0s
0r
1y
1c
0i
#111943995579
1t
0s
0r
1y
1c
0i
#111943996267
0t
0s
0r
1y
1c
0i
#111943996694
1t
0s
0r
1y
1c
1i
#111943997379
0t
0s
0r
1y
1c
1i
#111943997808
1t
0s
0r
1y
1c
1i
#111943998495
0t
0s
0r
1y
1c
1i
#111943998925
1t
0s
0r
1y
1c
1i
#111943999615
0t
0s
0r
1y
1c
0i
#111944000043
1t
0s
0r
1y
1c
0i
#111944000729
0t
0s
0r
1y
1c
0i
#111944001159
1t
0s
0r
1y
1c
0i
#111944001846
0t
0s
0r
1y
1c
0i
#111944002274
1t
0s
0r
1y
1c
0i
#111944002964
0t
0s
0r
1y
1c
0i
#111944003390
1t
0s
0r
1y
1c
0i
#111944004073
0t
0s
0r
1y
1c
0i
#111944004503
1t
0s
0r
1y
1c
0i
#111944005185
0t
0s
0r
1y
1c
0i
#111944005614
1t
0s
0r
1y
1c
0i
#111944006298
0t
0s
0r
1y
1c
0i
#111944006725
1t
0s
0r
1y
1c
0i
#111944007403
0t
0s
0r
1y
1c
0i
#111944007831
1t
0s
0r
1y
1c
0i
#111944008511
0t
0s
0r
1y
1c
0i
#111944008937
1t
0s
0r
1y
1c
0i
#111944009618
0t
0s
0r
1y
1c
0i
#111944010045
1t
0s
0r
1y
1c
0i
#111944010722
0t
0s
0r
1y
1c
0i
#111944011150
1t
0s
0r
1y
1c
0i
#111944011828
0t
0s
0r
1y
1c
0i
#111944012256
1t
0s
0r
1y
1c
0i
#111944012937
0t
0s
0r
1y
1c
0i
#111944013363
1t
0s
0r
1y
1c
0i
#111944015126
0t
0s
0r
1y
1c
0i
#111944016358
1t
0s
0r
1y
1c
0i
#111944017375
0t
0s
0r
1y
1c
0i
#111944017789
1t
0s
0r
1y
1c
0i
#111944018473
0t
0s
0r
1y
1c
0i
#111944018898
1t
0s
0r
1y
1c
0i
#111944019579
0t
0s
0r
1y
1c
0i
#111944020005
1t
0s
0r
1y
1c
0i
#111944020685
0t
0s
0r
1y
1c
0i
#111944021113
1t
0s
0r
1y
1c
0i
#111944021793
0t
0s
0r
1y
1c
0i
#111944022219
1t
0s
0r
1y
1c
0i
#111944022902
0t
0s
0r
1y
1c
0i
#111944023327
1t
0s
0r
1y
1c
0i
#111944024006
0t
0s
0r
1y
1c
0i
#111944024432
1t
0s
0r
1y
1c
0i
#111944025113
0t
0s
0r
1y
1c
0i
#111944025538
1t
0s
0r
1y
1c
0i
#111944026222
0t
0s
0r
1y
1c
0i
#111944026648
1t
0s
0r
1y
1c
0i
#111944027327
0t
0s
0r
1y
1c
0i
#111944027755
1t
0s
0r
1y
0c
0i
#111944028438
0t
0s
0r
1y
0c
0i
#111944028865
1t
0s
0r
1y
0c
0i
#111944029552
0t
0s
0r
1y
0c
0i
#111944029978
1t
0s
0r
1y
0c
1i
#111944030662
0t
0s
0r
1y
0c
1i
#111944031091
1t
0s
0r
1y
0c
1i
#111944031777
0t
0s
0r
1y
0c
1i
#111944032206
1t
0s
0r
1y
0c
1i
#111944032323
1t
0s
1r
1y
0c
1i
#111944032325
1t
0s
0r
1y
0c
1i
#111944032895
0t
0s
0r
1y
0c
0i
#111944033323
1t
0s
0r
1y
0c
0i
#111944034009
0t
0s
0r
1y
0c
0i
#111944034436
1t
0s
0r
1y
0c
0i
#111944035123
0t
0s
0r
1y
0c
0i
#111944035550
1t
0s
0r
1y
0c
0i
#111944036239
0t
0s
0r
1y
0c
0i
#111944036664
1t
0s
0r
1y
0c
0i
#111944037349
0t
0s
0r
1y
0c
0i
#111944037777
1t
0s
0r
1y
0c
0i
#111944038462
0t
0s
0r
1y
0c
0i
#111944038889
1t
0s
0r
1y
0c
0i
#111944039577
0t
0s
0r
1y
0c
0i
#111944040002
1t
0s
0r
1y
0c
0i
#111944040687
0t
0s
0r
1y
0c
0i
#111944041114
1t
0s
0r
1y
0c
0i
#111944041800
0t
0s
0r
1y
0c
0i
#111944042226
1t
0s
0r
1y
0c
0i
#111944042915
0t
0s
0r
1y
0c
0i
#111944043339
1t
0s
0r
1y
0c
0i
#111944044025
0t
0s
0r
1y
0c
0i
#111944044451
1t
0s
0r
1y
0c
0i
#111944045139
0t
0s
0r
1y
0c
0i
#111944045563
1t
0s
0r
1y
0c
0i
#111944046254
0t
0s
0r
1y
0c
0i
#111944046678
1t
0s
0r
1y
0c
0i
#111944047364
0t
0s
0r
1y
0c
0i
#111944047791
1t
0s
0r
1y
0c
0i
#111944048477
0t
0s
0r
1y
0c
0i
#111944048905
1t
0s
0r
1y
0c
0i
#111944049594
0t
0s
0r
1y
0c
0i
#111944050019
1t
0s
0r
1y
0c
0i
#111944050704
0t
0s
0r
1y
0c
0i
#111944051132
1t
0s
0r
1y
0c
0i
#111944051817
0t
0s
0r
1y
0c
0i
#111944052245
1t
0s
0r
1y
0c
0i
#111944052934
0t
0s
0r
1y
0c
0i
#111944053359
1t
0s
0r
1y
0c
0i
#111944054043
0t
0s
0r
1y
0c
0i
#111944054472
1t
0s
0r
1y
0c
0i
#111944055157
0t
0s
0r
1y
0c
0i
#111944055585
1t
0s
0r
1y
0c
0i
#111944056273
0t
0s
0r
1y
0c
0i
#111944056699
1t
0s
0r
1y
0c
0i
#111944057383
0t
0s
0r
1y
0c
0i
#111944057811
1t
0s
0r
1y
0c
0i
#111944058497
0t
0s
0r
1y
0c
0i
#111944058924
1t
0s
0r
1y
0c
0i
#111944059612
0t
0s
0r
1y
0c
0i
#111944060041
1t
0s
0r
1y
0c
0i
#111944060725
0t
0s
0r
1y
1c
0i
#111944061155
1t
0s
0r
1y
1c
0i
#111944061842
0t
0s
0r
1y
1c
0i
#111944062272
1t
0s
0r
1y
1c
0i
#111944062963
0t
0s
0r
1y
1c
0i
#111944063392
1t
0s
0r
1y
1c
1i
#111944064081
0t
0s
0r
1y
1c
1i
#111944064513
1t
0s
0r
1y
1c
1i
#111944065204
0t
0s
0r
1y
1c
1i
#111944065635
1t
0s
0r
1y
1c
1i
#111944066330
0t
0s
0r
1y
1c
0i
#111944066759
1t
0s
0r
1y
1c
0i
#111944067449
0t
0s
0r
1y
1c
0i
#111944067880
1t
0s
0r
1y
1c
0i
#111944068572
0t
0s
0r
1y
1c
0i
#111944069002
1t
0s
0r
1y
1c
0i
#111944069695
0t
0s
0r
1y
1c
0i
#111944070124
1t
0s
0r
1y
1c
0i
#111944070811
0t
0s
0r
1y
1c
0i
#111944071243
1t
0s
0r
1y
1c
0i
#111944071929
0t
0s
0r
1y
1c
0i
#111944072360
1t
0s
0r
1y
1c
0i
#111944073048
0t
0s
0r
1y
1c
0i
#111944073476
1t
0s
0r
1y
1c
0i
#111944074159
0t
0s
0r
1y
1c
0i
#111944074589
1t
0s
0r
1y
1c
0i
#111944075272
0t
0s
0r
1y
1c
0i
#111944075701
1t
0s
0r
1y
1c
0i
#111944076387
0t
0s
0r
1y
1c
0i
#111944076816
1t
0s
0r
1y
1c
0i
#111944077496
0t
0s
0r
1y
1c
0i
#111944077927
1t
0s
0r
1y
1c
0i
#111944078609
0t
0s
0r
1y
1c
0i
#111944079039
1t
0s
0r
1y
1c
0i
#111944079725
0t
0s
0r
1y
1c
0i
#111944080154
1t
0s
0r
1y
1c
0i
#111944081928
0t
0s
0r
1y
1c
0i
#111944083168
1t
0s
0r
1y
1c
0i
#111944084190
0t
0s
0r
1y
1c
0i
#111944084606
1t
0s
0r
1y
1c
0i
#111944085294
0t
0s
0r
1y
1c
0i
#111944085722
1t
0s
0r
1y
1c
0i
#111944086407
0t
0s
0r
1y
1c
0i
#111944086835
1t
0s
0r
1y
1c
0i
#111944087520
0t
0s
0r
1y
1c
0i
#111944087950
1t
0s
0r
1y
1c
0i
#111944088634
0t
0s
0r
1y
1c
0i
#111944089062
1t
0s
0r
1y
1c
0i
#111944089749
0t
0s
0r
1y
1c
0i
#111944090176
1t
0s
0r
1y
1c
0i
#111944090859
0t
0s
0r
1y
1c
0i
#111944091288
1t
0s
0r
1y
1c
0i
#111944091973
0t
0s
0r
1y
1c
0i
#111944092400
1t
0s
0r
1y
1c
0i
#111944093088
0t
0s
0r
1y
1c
0i
#111944093517
1t
0s
0r
1y
1c
0i
#111944094201
0t
0s
0r
1y
1c
0i
#111944094630
1t
0s
0r
1y
0c
0i
#111944095317
0t
0s
0r
1y
0c
0i
#111944095747
1t
0s
0r
1y
0c
0i
#111944096438
0t
0s
0r
1y
0c
0i
#111944096866
1t
0s
0r
1y
0c
1i
#111944097555
0t
0s
0r
1y
0c
1i
#111944097985
1t
0s
0r
1y
0c
1i
#111944098676
0t
0s
0r
1y
0c
1i
#111944099107
1t
0s
0r
1y
0c
1i
#111944099801
0t
0s
0r
1y
0c
0i
#111944100230
1t
0s
0r
1y
0c
0i
#111944100920
0t
0s
0r
1y
0c
0i
#111944101351
1t
0s
0r
1y
0c
0i
#111944102041
0t
0s
0r
1y
0c
0i
#111944102470
1t
0s
0r
1y
0c
0i
#111944103163
0t
0s
0r
1y
0c
0i
#111944103591
1t
0s
0r
1y
0c
0i
#111944104278
0t
0s
0r
1y
0c
0i
#111944104708
1t
0s
0r
1y
0c
0i
#111944105394
0t
0s
0r
1y
0c
0i
#111944105822
1t
0s
0r
1y
0c
0i
#111944106510
0t
0s
0r
1y
0c
0i
#111944106935
1t
0s
0r
1y
0c
0i
#111944107618
0t
0s
0r
1y
0c
0i
#111944108045
1t
0s
0r
1y
0c
0i
#111944108728
0t
0s
0r
1y
0c
0i
#111944109152
1t
0s
0r
1y
0c
0i
#111944109838
0t
0s
0r
1y
0c
0i
#111944110260
1t
0s
0r
1y
0c
0i
#111944110941
0t
0s
0r
1y
0c
0i
#111944111365
1t
0s
0r
1y
0c
0i
#111944112048
0t
0s
0r
1y
0c
0i
#111944112471
1t
0s
0r
1y
0c
0i
#111944113157
0t
0s
0r
1y
0c
0i
#111944113579
1t
0s
0r
1y
0c
0i
#111944114261
0t
0s
0r
1y
0c
0i
#111944114685
1t
0s
0r
1y
0c
0i
#111944115367
0t
0s
0r
1y
0c
0i
#111944115794
1t
0s
0r
1y
0c
0i
#111944116478
0t
0s
0r
1y
0c
0i
#111944116903
1t
0s
0r
1y
0c
0i
#111944117583
0t
0s
0r
1y
0c
0i
#111944118009
1t
0s
0r
1y
0c
0i
#111944118692
0t
0s
0r
1y
0c
0i
#111944119117
1t
0s
0r
1y
0c
0i
#111944119803
0t
0s
0r
1y
0c
0i
#111944120227
1t
0s
0r
1y
0c
0i
#111944120906
0t
0s
0r
1y
0c
0i
#111944121334
1t
0s
0r
1y
0c
0i
#111944122015
0t
0s
0r
1y
0c
0i
#111944122441
1t
0s
0r
1y
0c
0i
#111944123125
0t
0s
0r
1y
0c
0i
#111944123550
1t
0s
0r
1y
0c
0i
#111944124229
0t
0s
0r
1y
0c
0i
#111944124656
1t
0s
0r
1y
0c
0i
#111944125337
0t
0s
0r
1y
0c
0i
#111944125764
1t
0s
0r
1y
0c
0i
#111944126448
0t
0s
0r
1y
0c
0i
#111944126875
1t
0s
0r
1y
0c
0i
#111944127554
0t
0s
0r
1y
0c
0i
#111944127983
1t
0s
0r
1y
1c
0i
#111944128665
0t
0s
0r
1y
1c
0i
#111944129094
1t
0s
0r
1y
1c
0i
#111944129781
0t
0s
0r
1y
1c
0i
#111944130208
1t
0s
0r
1y
1c
1i
#111944130893
0t
0s
0r
1y
1c
1i
#111944131322
1t
0s
0r
1y
1c
1i
#111944132010
0t
0s
0r
1y
1c
1i
#111944132439
1t
0s
0r
1y
1c
1i
#111944133130
0t
0s
0r
1y
1c
0i
#111944133557
1t
0s
0r
1y
1c
0i
#111944134243
0t
0s
0r
1y
1c
0i
#111944134672
1t
0s
0r
1y
1c
0i
#111944135359
0t
0s
0r
1y
1c
0i
#111944135788
1t
0s
0r
1y
1c
0i
#111944136477
0t
0s
0r
1y
1c
0i
#111944136905
1t
0s
0r
1y
1c
0i
#111944137588
0t
0s
0r
1y
1c
0i
#111944138019
1t
0s
0r
1y
1c
0i
#111944138703
0t
0s
0r
1y
1c
0i
#111944139132
1t
0s
0r
1y
1c
0i
#111944139818
0t
0s
0r
1y
1c
0i
#111944140247
1t
0s
0r
1y
1c
0i
#111944140928
0t
0s
0r
1y
1c
0i
#111944141358
1t
0s
0r
1y
1c
0i
#111944142042
0t
0s
0r
1y
1c
0i
#111944142470
1t
0s
0r
1y
1c
0i
#111944143156
0t
0s
0r
1y
1c
0i
#111944143585
1t
0s
0r
1y
1c
0i
#111944144266
0t
0s
0r
1y
1c
0i
#111944144696
1t
0s
0r
1y
1c
0i
#111944145379
0t
0s
0r
1y
1c
0i
#111944145808
1t
0s
0r
1y
1c
0i
#111944146494
0t
0s
0r
1y
1c
0i
#111944146922
1t
0s
0r
1y
1c
0i
#111944148693
0t
0s
0r
1y
1c
0i
#111944149931
1t
0s
0r
1y
1c
0i
#111944150951
0t
0s
0r
1y
1c
0i
#111944151366
1t
0s
0r
1y
1c
0i
#111944152052
0t
0s
0r
1y
1c
0i
#111944152479
1t
0s
0r
1y
1c
0i
#111944153163
0t
0s
0r
1y
1c
0i
#111944153590
1t
0s
0r
1y
1c
0i
#111944154273
0t
0s
0r
1y
1c
0i
#111944154702
1t
0s
0r
1y
1c
0i
#111944155385
0t
0s
0r
1y
1c
0i
#111944155812
1t
0s
0r
1y
1c
0i
#111944156498
0t
0s
0r
1y
1c
0i
#111944156923
1t
0s
0r
1y
1c
0i
#111944157605
0t
0s
0r
1y
1c
0i
#111944158033
1t
0s
0r
1y
1c
0i
#111944158716
0t
0s
0r
1y
1c
0i
#111944159143
1t
0s
0r
1y
1c
0i
#111944159829
0t
0s
0r
1y
1c
0i
#111944160257
1t
0s
0r
1y
1c
0i
#111944160939
0t
0s
0r
1y
1c
0i
#111944161369
1t
0s
0r
1y
0c
0i
#111944162055
0t
0s
0r
1y
0c
0i
#111944162483
1t
0s
0r
1y
0c
0i
#111944163174
0t
0s
0r
1y
0c
0i
#111944163601
1t
0s
0r
1y
0c
1i
#111944164289
0t
0s
0r
1y
0c
1i
#111944164718
1t
0s
0r
1y
0c
1i
#111944165408
0t
0s
0r
1y
0c
1i
#111944165838
1t
0s
0r
1y
0c
1i
#111944165895
1t
0s
1r
1y
0c
1i
#111944165898
1t
0s
0r
1y
0c
1i
#111944166531
0t
0s
0r
1y
0c
0i
#111944166960
1t
0s
0r
1y
0c
0i
#111944167649
0t
0s
0r
1y
0c
0i
#111944168079
1t
0s
0r
1y
0c
0i
#111944168769
0t
0s
0r
1y
0c
0i
#111944169197
1t
0s
0r
1y
0c
0i
#111944169889
0t
0s
0r
1y
0c
0i
#111944170317
1t
0s
0r
1y
0c
0i
#111944171004
0t
0s
0r
1y
0c
0i
#111944171434
1t
0s
0r
1y
0c
0i
#111944172121
0t
0s
0r
1y
0c
0i
#111944172550
1t
0s
0r
1y
0c
0i
#111944173240
0t
0s
0r
1y
0c
0i
#111944173667
1t
0s
0r
1y
0c
0i
#111944174354
0t
0s
0r
1y
0c
0i
#111944174781
1t
0s
0r
1y
0c
0i
#111944175469
0t
0s
0r
1y
0c
0i
#111944175895
1t
0s
0r
1y
0c
0i
#111944176586
0t
0s
0r
1y
0c
0i
#111944177010
1t
0s
0r
1y
0c
0i
#111944177696
0t
0s
0r
1y
0c
0i
#111944178123
1t
0s
0r
1y
0c
0i
#111944178810
0t
0s
0r
1y
0c
0i
#111944179236
1t
0s
0r
1y
0c
0i
#111944179927
0t
0s
0r
1y
0c
0i
#111944180352
1t
0s
0r
1y
0c
0i
#111944181039
0t
0s
0r
1y
0c
0i
#111944181465
1t
0s
0r
1y
0c
0i
#111944182152
0t
0s
0r
1y
0c
0i
#111944182581
1t
0s
0r
1y
0c
0i
#111944183270
0t
0s
0r
1y
0c
0i
#111944183697
1t
0s
0r
1y
0c
0i
#111944184383
0t
0s
0r
1y
0c
0i
#111944184811
1t
0s
0r
1y
0c
0i
#111944185498
0t
0s
0r
1y
0c
0i
#111944185926
1t
0s
0r
1y
0c
0i
#111944186616
0t
0s
0r
1y
0c
0i
#111944187042
1t
0s
0r
1y
0c
0i
#111944187727
0t
0s
0r
1y
0c
0i
#111944188156
1t
0s
0r
1y
0c
0i
#111944188842
0t
0s
0r
1y
0c
0i
#111944189271
1t
0s
0r
1y
0c
0i
#111944189960
0t
0s
0r
1y
0c
0i
#111944190387
1t
0s
0r
1y
0c
0i
#111944191072
0t
0s
0r
1y
0c
0i
#111944191501
1t
0s
0r
1y
0c
0i
#111944192187
0t
0s
0r
1y
0c
0i
#111944192616
1t
0s
0r
1y
0c
0i
#111944193305
0t
0s
0r
1y
0c
0i
#111944193734
1t
0s
0r
1y
0c
0i
#111944194420
0t
0s
0r
1y
0c
0i
#111944194851
1t
0s
0r
1y
1c
0i
#111944195539
0t
0s
0r
1y
1c
0i
#111944195970
1t
0s
0r
1y
1c
0i
#111944196663
0t
0s
0r
1y
1c
0i
#111944197093
1t
0s
0r
1y
1c
1i
#111944197783
0t
0s
0r
1y
1c
1i
#111944198216
1t
0s
0r
1y
1c
1i
#111944198909
0t
0s
0r
1y
1c
1i
#111944199340
1t
0s
0r
1y
1c
1i
#111944200037
0t
0s
0r
1y
1c
0i
#111944200467
1t
0s
0r
1y
1c
0i
#111944201159
0t
0s
0r
1y
1c
0i
#111944201591
1t
0s
0r
1y
1c
0i
#111944202284
0t
0s
0r
1y
1c
0i
#111944202715
1t
0s
0r
1y
1c
0i
#111944203410
0t
0s
0r
1y
1c
0i
#111944203840
1t
0s
0r
1y
1c
0i
#111944204529
0t
0s
0r
1y
1c
0i
#111944204962
1t
0s
0r
1y
1c
0i
#111944205650
0t
0s
0r
1y
1c
0i
#111944206082
1t
0s
0r
1y
1c
0i
#111944206773
0t
0s
0r
1y
1c
0i
#111944207203
1t
0s
0r
1y
1c
0i
#111944207888
0t
0s
0r
1y
1c
0i
#111944208319
1t
0s
0r
1y
1c
0i
#111944209005
0t
0s
0r
1y
1c
0i
#111944209435
1t
0s
0r
1y
1c
0i
#111944210122
0t
0s
0r
1y
1c
0i
#111944210553
1t
0s
0r
1y
1c
0i
#111944211235
0t
0s
0r
1y
1c
0i
#111944211667
1t
0s
0r
1y
1c
0i
#111944212351
0t
0s
0r
1y
1c
0i
#111944212781
1t
0s
0r
1y
1c
0i
#111944213468
0t
0s
0r
1y
1c
0i
#111944213898
1t
0s
0r
1y
1c
0i
#111944215675
0t
0s
0r
1y
1c
0i
#111944216916
1t
0s
0r
1y
1c
0i
#111944217940
0t
0s
0r
1y
1c
0i
#111944218356
1t
0s
0r
1y
1c
0i
#111944219046
0t
0s
0r
1y
1c
0i
#111944219474
1t
0s
0r
1y
1c
0i
#111944220160
0t
0s
0r
1y
1c
0i
#111944220589
1t
0s
0r
1y
1c
0i
#111944221276
0t
0s
0r
1y
1c
0i
#111944221705
1t
0s
0r
1y
1c
0i
#111944222392
0t
0s
0r
1y
1c
0i
#111944222820
1t
0s
0r
1y
1c
0i
#111944223509
0t
0s
0r
1y
1c
0i
#111944223936
1t
0s
0r
1y
1c
0i
#111944224621
0t
0s
0r
1y
1c
0i
#111944225050
1t
0s
0r
1y
1c
0i
#111944225736
0t
0s
0r
1y
1c
0i
#111944226165
1t
0s
0r
1y
1c
0i
#111944226854
0t
0s
0r
1y
1c
0i
#111944227283
1t
0s
0r
1y
1c
0i
#111944227968
0t
0s
0r
1y
1c
0i
#111944228399
1t
0s
0r
1y
0c
0i
#111944229088
0t
0s
0r
1y
0c
0i
#111944229518
1t
0s
0r
1y
0c
0i
#111944230211
0t
0s
0r
1y
0c
0i
#111944230640
1t
0s
0r
1y
0c
1i
#111944231330
0t
0s
0r
1y
0c
1i
#111944231762
1t
0s
0r
1y
0c
1i
#111944232454
0t
0s
0r
1y
0c
1i
#111944232885
1t
0s
0r
1y
0c
1i
#111944233581
0t
0s
0r
1y
0c
0i
#111944234011
1t
0s
0r
1y
0c
0i
#111944234702
0t
0s
0r
1y
0c
0i
#111944235133
1t
0s
0r
1y
0c
0i
#111944235826
0t
0s
0r
1y
0c
0i
#111944236255
1t
0s
0r
1y
0c
0i
#111944236950
0t
0s
0r
1y
0c
0i
#111944237378
1t
0s
0r
1y
0c
0i
#111944238067
0t
0s
0r
1y
0c
0i
#111944238499
1t
0s
0r
1y
0c
0i
#111944239188
0t
0s
0r
1y
0c
0i
#111944239618
1t
0s
0r
1y
0c
0i
#111944240310
0t
0s
0r
1y
0c
0i
#111944240738
1t
0s
0r
1y
0c
0i
#111944241426
0t
0s
0r
1y
0c
0i
#111944241855
1t
0s
0r
1y
0c
0i
#111944242545
0t
0s
0r
1y
0c
0i
#111944242972
1t
0s
0r
1y
0c
0i
#111944243666
0t
0s
0r
1y
0c
0i
#111944244091
1t
0s
0r
1y
0c
0i
#111944244779
0t
0s
0r
1y
0c
0i
#111944245207
1t
0s
0r
1y
0c
0i
#111944245898
0t
0s
0r
1y
0c
0i
#111944246325
1t
0s
0r
1y
0c
0i
#111944247018
0t
0s
0r
1y
0c
0i
#111944247444
1t
0s
0r
1y
0c
0i
#111944248133
0t
0s
0r
1y
0c
0i
#111944248562
1t
0s
0r
1y
0c
0i
#111944249251
0t
0s
0r
1y
0c
0i
#111944249682
1t
0s
0r
1y
0c
0i
#111944250373
0t
0s
0r
1y
0c
0i
#111944250802
1t
0s
0r
1y
0c
0i
#111944251489
0t
0s
0r
1y
0c
0i
#111944251919
1t
0s
0r
1y
0c
0i
#111944252608
0t
0s
0r
1y
0c
0i
#111944253037
1t
0s
0r
1y
0c
0i
#111944253729
0t
0s
0r
1y
0c
0i
#111944254157
1t
0s
0r
1y
0c
0i
#111944254844
0t
0s
0r
1y
0c
0i
#111944255274
1t
0s
0r
1y
0c
0i
#111944255963
0t
0s
0r
1y
0c
0i
#111944256392
1t
0s
0r
1y
0c
0i
#111944257083
0t
0s
0r
1y
0c
0i
#111944257511
1t
0s
0r
1y
0c
0i
#111944258198
0t
0s
0r
1y
0c
0i
#111944258628
1t
0s
0r
1y
0c
0i
#111944259316
0t
0s
0r
1y
0c
0i
#111944259746
1t
0s
0r
1y
0c
0i
#111944260436
0t
0s
0r
1y
0c
0i
#111944260867
1t
0s
0r
1y
0c
0i
#111944261554
0t
0s
0r
1y
0c
0i
#111944261986
1t
0s
0r
1y
1c
0i
#111944262675
0t
0s
0r
1y
1c
0i
#111944263107
1t
0s
0r
1y
1c
0i
#111944263801
0t
0s
0r
1y
1c
0i
#111944264232
1t
0s
0r
1y
1c
1i
#111944264923
0t
0s
0r
1y
1c
1i
#111944265356
1t
0s
0r
1y
1c
1i
#111944266051
0t
0s
0r
1y
1c
1i
#111944266483
1t
0s
0r
1y
1c
1i
#111944267180
0t
0s
0r
1y
1c
0i
#111944267612
1t
0s
0r
1y
1c
0i
#111944268304
0t
0s
0r
1y
1c
0i
#111944268737
1t
0s
0r
1y
1c
0i
#111944269431
0t
0s
0r
1y
1c
0i
#111944269863
1t
0s
0r
1y
1c
0i
#111944270559
0t
0s
0r
1y
1c
0i
#111944270990
1t
0s
0r
1y
1c
0i
#111944271679
0t
0s
0r
1y
1c
0i
#111944272113
1t
0s
0r
1y
1c
0i
#111944272803
0t
0s
0r
1y
1c
0i
#111944273236
1t
0s
0r
1y
1c
0i
#111944273927
0t
0s
0r
1y
1c
0i
#111944274359
1t
0s
0r
1y
1c
0i
#111944275046
0t
0s
0r
1y
1c
0i
#111944275478
1t
0s
0r
1y
1c
0i
#111944276167
0t
0s
0r
1y
1c
0i
#111944276598
1t
0s
0r
1y
1c
0i
#111944277289
0t
0s
0r
1y
1c
0i
#111944277720
1t
0s
0r
1y
1c
0i
#111944278406
0t
0s
0r
1y
1c
0i
#111944278840
1t
0s
0r
1y
1c
0i
#111944279527
0t
0s
0r
1y
1c
0i
#111944279959
1t
0s
0r
1y
1c
0i
#111944280650
0t
0s
0r
1y
1c
0i
#111944281081
1t
0s
0r
1y
1c
0i
#111944282866
0t
0s
0r
1y
1c
0i
#111944284114
1t
0s
0r
1y
1c
0i
#111944285141
0t
0s
0r
1y
1c
0i
#111944285559
1t
0s
0r
1y
1c
0i
#111944286251
0t
0s
0r
1y
1c
0i
#111944286680
1t
0s
0r
1y
1c
0i
#111944287370
0t
0s
0r
1y
1c
0i
#111944287800
1t
0s
0r
1y
1c
0i
#111944288490
0t
0s
0r
1y
1c
0i
#111944288921
1t
0s
0r
1y
1c
0i
#111944289610
0t
0s
0r
1y
1c
0i
#111944290039
1t
0s
0r
1y
1c
0i
#111944290731
0t
0s
0r
1y
1c
0i
#111944291160
1t
0s
0r
1y
1c
0i
#111944291847
0t
0s
0r
1y
1c
0i
#111944292278
1t
0s
0r
1y
1c
0i
#111944292967
0t
0s
0r
1y
1c
0i
#111944293397
1t
0s
0r
1y
1c
0i
#111944294088
0t
0s
0r
1y
1c
0i
#111944294519
1t
0s
0r
1y
1c
0i
#111944295206
0t
0s
0r
1y
1c
0i
#111944295639
1t
0s
0r
1y
0c
0i
#111944296330
0t
0s
0r
1y
0c
0i
#111944296762
1t
0s
0r
1y
0c
0i
#111944297457
0t
0s
0r
1y
0c
0i
#111944297887
1t
0s
0r
1y
0c
1i
#111944298580
0t
0s
0r
1y
0c
1i
#111944299013
1t
0s
0r
1y
0c
1i
#111944299708
0t
0s
0r
1y
0c
1i
#111944300141
1t
0s
0r
1y
0c
1i
#111944300185
1t
0s
1r
1y
0c
1i
#111944300187
1t
0s
0r
1y
0c
1i
#111944300839
0t
0s
0r
1y
0c
0i
#111944301270
1t
0s
0r
1y
0c
0i
#111944301965
0t
0s
0r
1y
0c
0i
#111944302397
1t
0s
0r
1y
0c
0i
#111944303093
0t
0s
0r
1y
0c
0i
#111944303523
1t
0s
0r
1y
0c
0i
#111944304221
0t
0s
0r
1y
0c
0i
#111944304651
1t
0s
0r
1y
0c
0i
#111944305344
0t
0s
0r
1y
0c
0i
#111944305777
1t
0s
0r
1y
0c
0i
#111944306470
0t
0s
0r
1y
0c
0i
#111944306901
1t
0s
0r
1y
0c
0i
#111944307597
0t
0s
0r
1y
0c
0i
#111944308026
1t
0s
0r
1y
0c
0i
#111944308719
0t
0s
0r
1y
0c
0i
#111944309149
1t
0s
0r
1y
0c
0i
#111944309843
0t
0s
0r
1y
0c
0i
#111944310272
1t
0s
0r
1y
0c
0i
#111944310968
0t
0s
0r
1y
0c
0i
#111944311395
1t
0s
0r
1y
0c
0i
#111944312088
0t
0s
0r
1y
0c
0i
#111944312517
1t
0s
0r
1y
0c
0i
#111944313211
0t
0s
0r
1y
0c
0i
#111944313639
1t
0s
0r
1y
0c
0i
#111944314336
0t
0s
0r
1y
0c
0i
#111944314764
1t
0s
0r
1y
0c
0i
#111944315457
0t
0s
0r
1y
0c
0i
#111944315887
1t
0s
0r
1y
0c
0i
#111944316580
0t
0s
0r
1y
0c
0i
#111944317012
1t
0s
0r
1y
0c
0i
#111944317707
0t
0s
0r
1y
0c
0i
#111944318137
1t
0s
0r
1y
0c
0i
#111944318829
0t
0s
0r
1y
0c
0i
#111944319260
1t
0s
0r
1y
0c
0i
#111944319954
0t
0s
0r
1y
0c
0i
#111944320384
1t
0s
0r
1y
0c
0i
#111944321081
0t
0s
0r
1y
0c
0i
#111944321510
1t
0s
0r
1y
0c
0i
#111944322201
0t
0s
0r
1y
0c
0i
#111944322634
1t
0s
0r
1y
0c
0i
#111944323325
0t
0s
0r
1y
0c
0i
#111944323757
1t
0s
0r
1y
0c
0i
#111944324452
0t
0s
0r
1y
0c
0i
#111944324882
1t
0s
0r
1y
0c
0i
#111944325574
0t
0s
0r
1y
0c
0i
#111944326005
1t
0s
0r
1y
0c
0i
#111944326698
0t
0s
0r
1y
0c
0i
#111944327130
1t
0s
0r
1y
0c
0i
#111944327825
0t
0s
0r
1y
0c
0i
#111944328258
1t
0s
0r
1y
0c
0i
#111944328949
0t
0s
0r
1y
1c
0i
#111944329383
1t
0s
0r
1y
1c
0i
#111944330077
0t
0s
0r
1y
1c
0i
#111944330511
1t
0s
0r
1y
1c
0i
#111944331211
0t
0s
0r
1y
1c
0i
#111944331643
1t
0s
0r
1y
1c
1i
#111944332340
0t
0s
0r
1y
1c
1i
#111944332775
1t
0s
0r
1y
1c
1i
#111944333475
0t
0s
0r
1y
1c
1i
#111944333909
1t
0s
0r
1y
1c
1i
#111944334612
0t
0s
0r
1y
1c
0i
#111944335046
1t
0s
0r
1y
1c
0i
#111944335743
0t
0s
0r
1y
1c
0i
#111944336179
1t
0s
0r
1y
1c
0i
#111944336878
0t
0s
0r
1y
1c
0i
#111944337312
1t
0s
0r
1y
1c
0i
#111944338012
0t
0s
0r
1y
1c
0i
#111944338446
1t
0s
0r
1y
1c
0i
#111944339139
0t
0s
0r
1y
1c
0i
#111944339576
1t
0s
0r
1y
1c
0i
#111944340270
0t
0s
0r
1y
1c
0i
#111944340704
1t
0s
0r
1y
1c
0i
#111944341400
0t
0s
0r
1y
1c
0i
#111944341833
1t
0s
0r
1y
1c
0i
#111944342522
0t
0s
0r
1y
1c
0i
#111944342956
1t
0s
0r
1y
1c
0i
#111944343647
0t
0s
0r
1y
1c
0i
#111944344079
1t
0s
0r
1y
1c
0i
#111944344771
0t
0s
0r
1y
1c
0i
#111944345204
1t
0s
0r
1y
1c
0i
#111944345891
0t
0s
0r
1y
1c
0i
#111944346325
1t
0s
0r
1y
1c
0i
#111944347014
0t
0s
0r
1y
1c
0i
#111944347447
1t
0s
0r
1y
1c
0i
#111944348139
0t
0s
0r
1y
1c
0i
#111944348571
1t
0s
0r
1y
1c
0i
#111944350359
0t
0s
0r
1y
1c
0i
#111944351609
1t
0s
0r
1y
1c
0i
#111944352640
0t
0s
0r
1y
1c
0i
#111944353059
1t
0s
0r
1y
1c
0i
#111944353753
0t
0s
0r
1y
1c
0i
#111944354184
1t
0s
0r
1y
1c
0i
#111944354875
0t
0s
0r
1y
1c
0i
#111944355306
1t
0s
0r
1y
1c
0i
#111944355998
0t
0s
0r
1y
1c
0i
#111944356430
1t
0s
0r
1y
1c
0i
#111944357121
0t
0s
0r
1y
1c
0i
#111944357552
1t
0s
0r
1y
1c
0i
#111944358245
0t
0s
0r
1y
1c
0i
#111944358675
1t
0s
0r
1y
1c
0i
#111944359364
0t
0s
0r
1y
1c
0i
#111944359795
1t
0s
0r
1y
1c
0i
#111944360486
0t
0s
0r
1y
1c
0i
#111944360917
1t
0s
0r
1y
1c
0i
#111944361610
0t
0s
0r
1y
1c
0i
#111944362042
1t
0s
0r
1y
0c
0i
#111944362732
0t
0s
0r
1y
0c
0i
#111944363165
1t
0s
0r
1y
0c
0i
#111944363857
0t
0s
0r
1y
0c
0i
#111944364290
1t
0s
0r
1y
0c
0i
#111944364987
0t
0s
0r
1y
0c
0i
#111944365418
1t
0s
0r
1y
0c
1i
#111944366113
0t
0s
0r
1y
0c
1i
#111944366547
1t
0s
0r
1y
0c
1i
#111944367244
0t
0s
0r
1y
0c
1i
#111944367678
1t
0s
0r
1y
0c
1i
#111944368378
0t
0s
0r
1y
0c
0i
#111944368810
1t
0s
0r
1y
0c
0i
#111944369506
0t
0s
0r
1y
0c
0i
#111944369940
1t
0s
0r
1y
0c
0i
#111944370637
0t
0s
0r
1y
0c
0i
#111944371069
1t
0s
0r
1y
0c
0i
#111944371767
0t
0s
0r
1y
0c
0i
#111944372197
1t
0s
0r
1y
0c
0i
#111944372888
0t
0s
0r
1y
0c
0i
#111944373320
1t
0s
0r
1y
0c
0i
#111944374010
0t
0s
0r
1y
0c
0i
#111944374439
1t
0s
0r
1y
0c
0i
#111944375130
0t
0s
0r
1y
0c
0i
#111944375556
1t
0s
0r
1y
0c
0i
#111944376240
0t
0s
0r
1y
0c
0i
#111944376667
1t
0s
0r
1y
0c
0i
#111944377352
0t
0s
0r
1y
0c
0i
#111944377777
1t
0s
0r
1y
0c
0i
#111944378464
0t
0s
0r
1y
0c
0i
#111944378887
1t
0s
0r
1y
0c
0i
#111944379569
0t
0s
0r
1y
0c
0i
#111944379995
1t
0s
0r
1y
0c
0i
#111944380679
0t
0s
0r
1y
0c
0i
#111944381104
1t
0s
0r
1y
0c
0i
#111944381791
0t
0s
0r
1y
0c
0i
#111944382215
1t
0s
0r
1y
0c
0i
#111944382899
0t
0s
0r
1y
0c
0i
#111944383326
1t
0s
0r
1y
0c
0i
#111944384010
0t
0s
0r
1y
0c
0i
#111944384438
1t
0s
0r
1y
0c
0i
#111944385125
0t
0s
0r
1y
0c
0i
#111944385551
1t
0s
0r
1y
0c
0i
#111944386234
0t
0s
0r
1y
0c
0i
#111944386662
1t
0s
0r
1y
0c
0i
#111944387347
0t
0s
0r
1y
0c
0i
#111944387774
1t
0s
0r
1y
0c
0i
#111944388462
0t
0s
0r
1y
0c
0i
#111944388888
1t
0s
0r
1y
0c
0i
#111944389570
0t
0s
0r
1y
0c
0i
#111944389999
1t
0s
0r
1y
0c
0i
#111944390683
0t
0s
0r
1y
0c
0i
#111944391111
1t
0s
0r
1y
0c
0i
#111944391798
0t
0s
0r
1y
0c
0i
#111944392225
1t
0s
0r
1y
0c
0i
#111944392907
0t
0s
0r
1y
0c
0i
#111944393336
1t
0s
0r
1y
0c
0i
#111944394020
0t
0s
0r
1y
0c
0i
#111944394448
1t
0s
0r
1y
0c
0i
#111944395135
0t
0s
0r
1y
0c
0i
#111944395564
1t
0s
0r
1y
0c
0i
#111944396247
0t
0s
0r
1y
1c
0i
#111944396677
1t
0s
0r
1y
1c
0i
#111944397363
0t
0s
0r
1y
1c
0i
#111944397792
1t
0s
0r
1y
1c
0i
#111944398483
0t
0s
0r
1y
1c
0i
#111944398911
1t
0s
0r
1y
1c
1i
#111944399600
0t
0s
0r
1y
1c
1i
#111944400030
1t
0s
0r
1y
1c
1i
#111944400721
0t
0s
0r
1y
1c
1i
#111944401151
1t
0s
0r
1y
1c
1i
#111944401845
0t
0s
0r
1y
1c
0i
#111944402274
1t
0s
0r
1y
1c
0i
#111944402963
0t
0s
0r
1y
1c
0i
#111944403395
1t
0s
0r
1y
1c
0i
#111944404085
0t
0s
0r
1y
1c
0i
#111944404515
1t
0s
0r
1y
1c
0i
#111944405207
0t
0s
0r
1y
1c
0i
#111944405636
1t
0s
0r
1y
1c
0i
#111944406322
0t
0s
0r
1y
1c
0i
#111944406753
1t
0s
0r
1y
1c
0i
#111944407439
0t
0s
0r
1y
1c
0i
#111944407870
1t
0s
0r
1y
1c
0i
#111944408558
0t
0s
0r
1y
1c
0i
#111944408986
1t
0s
0r
1y
1c
0i
#111944409669
0t
0s
0r
1y
1c
0i
#111944410099
1t
0s
0r
1y
1c
0i
#111944410783
0t
0s
0r
1y
1c
0i
#111944411212
1t
0s
0r
1y
1c
0i
#111944411898
0t
0s
0r
1y
1c
0i
#111944412327
1t
0s
0r
1y
1c
0i
#111944413007
0t
0s
0r
1y
1c
0i
#111944413438
1t
0s
0r
1y
1c
0i
#111944414120
0t
0s
0r
1y
1c
0i
#111944414549
1t
0s
0r
1y
1c
0i
#111944415235
0t
0s
0r
1y
1c
0i
#111944415663
1t
0s
0r
1y
1c
0i
#111944417434
0t
0s
0r
1y
1c
0i
#111944418672
1t
0s
0r
1y
1c
0i
#111944419694
0t
0s
0r
1y
1c
0i
#111944420109
1t
0s
0r
1y
1c
0i
#111944420796
0t
0s
0r
1y
1c
0i
#111944421222
1t
0s
0r
1y
1c
0i
#111944421907
0t
0s
0r
1y
1c
0i
#111944422334
1t
0s
0r
1y
1c
0i
#111944423018
0t
0s
0r
1y
1c
0i
#111944423447
1t
0s
0r
1y
1c
0i
#111944424130
0t
0s
0r
1y
1c
0i
#111944424558
1t
0s
0r
1y
1c
0i
#111944425244
0t
0s
0r
1y
1c
0i
#111944425670
1t
0s
0r
1y
1c
0i
#111944426353
0t
0s
0r
1y
1c
0i
#111944426780
1t
0s
0r
1y
1c
0i
#111944427465
0t
0s
0r
1y
1c
0i
#111944427892
1t
0s
0r
1y
1c
0i
#111944428578
0t
0s
0r
1y
1c
0i
#111944429007
1t
0s
0r
1y
1c
0i
#111944429689
0t
0s
0r
1y
0c
0i
#111944430119
1t
0s
0r
1y
0c
0i
#111944430805
0t
0s
0r
1y
0c
0i
#111944431234
1t
0s
0r
1y
0c
0i
#111944431925
0t
0s
0r
1y
0c
0i
#111944432353
1t
0s
0r
1y
0c
1i
#111944433041
0t
0s
0r
1y
0c
1i
#111944433471
1t
0s
0r
1y
0c
1i
#111944434161
0t
0s
0r
1y
0c
1i
#111944434592
1t
0s
0r
1y
0c
1i
#111944434754
1t
0s
1r
1y
0c
1i
#111944434756
1t
0s
0r
1y
0c
1i
#111944435286
0t
0s
0r
1y
0c
0i
#111944435715
1t
0s
0r
1y
0c
0i
#111944436404
0t
0s
0r
1y
0c
0i
#111944436835
1t
0s
0r
1y
0c
0i
#111944437525
0t
0s
0r
1y
0c
0i
#111944437954
1t
0s
0r
1y
0c
0i
#111944438648
0t
0s
0r
1y
0c
0i
#111944439075
1t
0s
0r
1y
0c
0i
#111944439764
0t
0s
0r
1y
0c
0i
#111944440194
1t
0s
0r
1y
0c
0i
#111944440883
0t
0s
0r
1y
0c
0i
#111944441312
1t
0s
0r
1y
0c
0i
#111944442005
0t
0s
0r
1y
0c
0i
#111944442431
1t
0s
0r
1y
0c
0i
#111944443120
0t
0s
0r
1y
0c
0i
#111944443548
1t
0s
0r
1y
0c
0i
#111944444238
0t
0s
0r
1y
0c
0i
#111944444664
1t
0s
0r
1y
0c
0i
#111944445357
0t
0s
0r
1y
0c
0i
#111944445783
1t
0s
0r
1y
0c
0i
#111944446471
0t
0s
0r
1y
0c
0i
#111944446898
1t
0s
0r
1y
0c
0i
#111944447588
0t
0s
0r
1y
0c
0i
#111944448015
1t
0s
0r
1y
0c
0i
#111944448708
0t
0s
0r
1y
0c
0i
#111944449133
1t
0s
0r
1y
0c
0i
#111944449822
0t
0s
0r
1y
0c
0i
#111944450250
1t
0s
0r
1y
0c
0i
#111944450939
0t
0s
0r
1y
0c
0i
#111944451368
1t
0s
0r
1y
0c
0i
#111944452060
0t
0s
0r
1y
0c
0i
#111944452487
1t
0s
0r
1y
0c
0i
#111944453175
0t
0s
0r
1y
0c
0i
#111944453604
1t
0s
0r
1y
0c
0i
#111944454293
0t
0s
0r
1y
0c
0i
#111944454721
1t
0s
0r
1y
0c
0i
#111944455413
0t
0s
0r
1y
0c
0i
#111944455840
1t
0s
0r
1y
0c
0i
#111944456528
0t
0s
0r
1y
0c
0i
#111944456958
1t
0s
0r
1y
0c
0i
#111944457645
0t
0s
0r
1y
0c
0i
#111944458075
1t
0s
0r
1y
0c
0i
#111944458766
0t
0s
0r
1y
0c
0i
#111944459194
1t
0s
0r
1y
0c
0i
#111944459881
0t
0s
0r
1y
0c
0i
#111944460311
1t
0s
0r
1y
0c
0i
#111944460999
0t
0s
0r
1y
0c
0i
#111944461429
1t
0s
0r
1y
0c
0i
#111944462120
0t
0s
0r
1y
0c
0i
#111944462551
1t
0s
0r
1y
0c
0i
#111944463237
0t
0s
0r
1y
1c
0i
#111944463670
1t
0s
0r
1y
1c
0i
#111944464360
0t
0s
0r
1y
1c
0i
#111944464792
1t
0s
0r
1y
1c
0i
#111944465487
0t
0s
0r
1y
1c
0i
#111944465917
1t
0s
0r
1y
1c
1i
#111944466609
0t
0s
0r
1y
1c
1i
#111944467042
1t
0s
0r
1y
1c
1i
#111944467736
0t
0s
0r
1y
1c
1i
#111944468169
1t
0s
0r
1y
1c
1i
#111944468868
0t
0s
0r
1y
1c
0i
#111944469299
1t
0s
0r
1y
1c
0i
#111944469991
0t
0s
0r
1y
1c
0i
#111944470425
1t
0s
0r
1y
1c
0i
#111944471119
0t
0s
0r
1y
1c
0i
#111944471551
1t
0s
0r
1y
1c
0i
#111944472247
0t
0s
0r
1y
1c
0i
#111944472678
1t
0s
0r
1y
1c
0i
#111944473367
0t
0s
0r
1y
1c
0i
#111944473801
1t
0s
0r
1y
1c
0i
#111944474491
0t
0s
0r
1y
1c
0i
#111944474923
1t
0s
0r
1y
1c
0i
#111944475615
0t
0s
0r
1y
1c
0i
#111944476044
1t
0s
0r
1y
1c
0i
#111944476730
0t
0s
0r
1y
1c
0i
#111944477162
1t
0s
0r
1y
1c
0i
#111944477848
0t
0s
0r
1y
1c
0i
#111944478279
1t
0s
0r
1y
1c
0i
#111944478966
0t
0s
0r
1y
1c
0i
#111944479397
1t
0s
0r
1y
1c
0i
#111944480080
0t
0s
0r
1y
1c
0i
#111944480513
1t
0s
0r
1y
1c
0i
#111944481198
0t
0s
0r
1y
1c
0i
#111944481629
1t
0s
0r
1y
1c
0i
#111944482317
0t
0s
0r
1y
1c
0i
#111944482747
1t
0s
0r
1y
1c
0i
#111944484527
0t
0s
0r
1y
1c
0i
#111944485770
1t
0s
0r
1y
1c
0i
#111944486798
0t
0s
0r
1y
1c
0i
#111944487215
1t
0s
0r
1y
1c
0i
#111944487906
0t
0s
0r
1y
1c
0i
#111944488334
1t
0s
0r
1y
1c
0i
#111944489023
0t
0s
0r
1y
1c
0i
#111944489452
1t
0s
0r
1y
1c
0i
#111944490139
0t
0s
0r
1y
1c
0i
#111944490570
1t
0s
0r
1y
1c
0i
#111944491258
0t
0s
0r
1y
1c
0i
#111944491687
1t
0s
0r
1y
1c
0i
#111944492377
0t
0s
0r
1y
1c
0i
#111944492805
1t
0s
0r
1y
1c
0i
#111944493491
0t
0s
0r
1y
1c
0i
#111944493921
1t
0s
0r
1y
1c
0i
#111944494609
0t
0s
0r
1y
1c
0i
#111944495038
1t
0s
0r
1y
1c
0i
#111944495728
0t
0s
0r
1y
1c
0i
#111944496158
1t
0s
0r
1y
1c
0i
#111944496844
0t
0s
0r
1y
0c
0i
#111944497276
1t
0s
0r
1y
0c
0i
#111944497965
0t
0s
0r
1y
0c
0i
#111944498396
1t
0s
0r
1y
0c
0i
#111944499091
0t
0s
0r
1y
0c
0i
#111944499520
1t
0s
0r
1y
0c
1i
#111944500212
0t
0s
0r
1y
0c
1i
#111944500643
1t
0s
0r
1y
0c
1i
#111944501336
0t
0s
0r
1y
0c
1i
#111944501769
1t
0s
0r
1y
0c
1i
#111944502466
0t
0s
0r
1y
0c
0i
#111944502897
1t
0s
0r
1y
0c
0i
#111944503589
0t
0s
0r
1y
0c
0i
#111944504021
1t
0s
0r
1y
0c
0i
#111944504714
0t
0s
0r
1y
0c
0i
#111944505145
1t
0s
0r
1y
0c
0i
#111944505841
0t
0s
0r
1y
0c
0i
#111944506269
1t
0s
0r
1y
0c
0i
#111944506959
0t
0s
0r
1y
0c
0i
#111944507390
1t
0s
0r
1y
0c
0i
#111944508079
0t
0s
0r
1y
0c
0i
#111944508509
1t
0s
0r
1y
0c
0i
#111944509200
0t
0s
0r
1y
0c
0i
#111944509626
1t
0s
0r
1y
0c
0i
#111944510313
0t
0s
0r
1y
0c
0i
#111944510740
1t
0s
0r
1y
0c
0i
#111944511426
0t
0s
0r
1y
0c
0i
#111944511852
1t
0s
0r
1y
0c
0i
#111944512541
0t
0s
0r
1y
0c
0i
#111944512964
1t
0s
0r
1y
0c
0i
#111944513648
0t
0s
0r
1y
0c
0i
#111944514074
1t
0s
0r
1y
0c
0i
#111944514759
0t
0s
0r
1y
0c
0i
#111944515185
1t
0s
0r
1y
0c
0i
#111944515873
0t
0s
0r
1y
0c
0i
#111944516297
1t
0s
0r
1y
0c
0i
#111944516981
0t
0s
0r
1y
0c
0i
#111944517408
1t
0s
0r
1y
0c
0i
#111944518093
0t
0s
0r
1y
0c
0i
#111944518521
1t
0s
0r
1y
0c
0i
#111944519208
0t
0s
0r
1y
0c
0i
#111944519634
1t
0s
0r
1y
0c
0i
#111944520318
0t
0s
0r
1y
0c
0i
#111944520745
1t
0s
0r
1y
0c
0i
#111944521430
0t
0s
0r
1y
0c
0i
#111944521857
1t
0s
0r
1y
0c
0i
#111944522545
0t
0s
0r
1y
0c
0i
#111944522971
1t
0s
0r
1y
0c
0i
#111944523654
0t
0s
0r
1y
0c
0i
#111944524082
1t
0s
0r
1y
0c
0i
#111944524766
0t
0s
0r
1y
0c
0i
#111944525194
1t
0s
0r
1y
0c
0i
#111944525881
0t
0s
0r
1y
0c
0i
#111944526307
1t
0s
0r
1y
0c
0i
#111944526990
0t
0s
0r
1y
0c
0i
#111944527418
1t
0s
0r
1y
0c
0i
#111944528102
0t
0s
0r
1y
0c
0i
#111944528530
1t
0s
0r
1y
0c
0i
#111944529217
0t
0s
0r
1y
0c
0i
#111944529645
1t
0s
0r
1y
0c
0i
#111944530328
0t
0s
0r
1y
0c
0i
#111944530758
1t
0s
0r
1y
1c
0i
#111944531443
0t
0s
0r
1y
1c
0i
#111944531873
1t
0s
0r
1y
1c
0i
#111944532564
0t
0s
0r
1y
1c
0i
#111944532991
1t
0s
0r
1y
1c
1i
#111944533679
0t
0s
0r
1y
1c
1i
#111944534110
1t
0s
0r
1y
1c
1i
#111944534800
0t
0s
0r
1y
1c
1i
#111944535230
1t
0s
0r
1y
1c
1i
#111944535924
0t
0s
0r
1y
1c
0i
#111944536353
1t
0s
0r
1y
1c
0i
#111944537041
0t
0s
0r
1y
1c
0i
#111944537472
1t
0s
0r
1y
1c
0i
#111944538162
0t
0s
0r
1y
1c
0i
#111944538592
1t
0s
0r
1y
1c
0i
#111944539284
0t
0s
0r
1y
1c
0i
#111944539712
1t
0s
0r
1y
1c
0i
#111944540398
0t
0s
0r
1y
1c
0i
#111944540830
1t
0s
0r
1y
1c
0i
#111944541515
0t
0s
0r
1y
1c
0i
#111944541945
1t
0s
0r
1y
1c
0i
#111944542633
0t
0s
0r
1y
1c
0i
#111944543061
1t
0s
0r
1y
1c
0i
#111944543743
0t
0s
0r
1y
1c
0i
#111944544173
1t
0s
0r
1y
1c
0i
#111944544855
0t
0s
0r
1y
1c
0i
#111944545284
1t
0s
0r
1y
1c
0i
#111944545968
0t
0s
0r
1y
1c
0i
#111944546396
1t
0s
0r
1y
1c
0i
#111944547075
0t
0s
0r
1y
1c
0i
#111944547505
1t
0s
0r
1y
1c
0i
#111944548186
0t
0s
0r
1y
1c
0i
#111944548615
1t
0s
0r
1y
1c
0i
#111944549298
0t
0s
0r
1y
1c
0i
#111944549726
1t
0s
0r
1y
1c
0i
#111944551494
0t
0s
0r
1y
1c
0i
#111944552728
1t
0s
0r
1y
1c
0i
#111944553748
0t
0s
0r
1y
1c
0i
#111944554163
1t
0s
0r
1y
1c
0i
#111944554848
0t
0s
0r
1y
1c
0i
#111944555274
1t
0s
0r
1y
1c
0i
#111944555957
0t
0s
0r
1y
1c
0i
#111944556384
1t
0s
0r
1y
1c
0i
#111944557066
0t
0s
0r
1y
1c
0i
#111944557494
1t
0s
0r
1y
1c
0i
#111944558177
0t
0s
0r
1y
1c
0i
#111944558603
1t
0s
0r
1y
1c
0i
#111944559288
0t
0s
0r
1y
1c
0i
#111944559713
1t
0s
0r
1y
1c
0i
#111944560394
0t
0s
0r
1y
1c
0i
#111944560821
1t
0s
0r
1y
1c
0i
#111944561503
0t
0s
0r
1y
1c
0i
#111944561929
1t
0s
0r
1y
1c
0i
#111944562614
0t
0s
0r
1y
1c
0i
#111944563041
1t
0s
0r
1y
1c
0i
#111944563722
0t
0s
0r
1y
1c
0i
#111944564151
1t
0s
0r
1y
0c
0i
#111944564835
0t
0s
0r
1y
0c
0i
#111944565263
1t
0s
0r
1y
0c
0i
#111944565952
0t
0s
0r
1y
0c
0i
#111944566378
1t
0s
0r
1y
0c
1i
#111944567065
0t
0s
0r
1y
0c
1i
#111944567493
1t
0s
0r
1y
0c
1i
#111944568182
0t
0s
0r
1y
0c
1i
#111944568611
1t
0s
0r
1y
0c
1i
#111944568747
1t
0s
1r
1y
0c
1i
#111944568750
1t
0s
0r
1y
0c
1i
#111944569302
0t
0s
0r
1y
0c
0i
#111944569730
1t
0s
0r
1y
0c
0i
#111944570417
0t
0s
0r
1y
0c
0i
#111944570847
1t
0s
0r
1y
0c
0i
#111944571535
0t
0s
0r
1y
0c
0i
#111944571963
1t
0s
0r
1y
0c
0i
#111944572654
0t
0s
0r
1y
0c
0i
#111944573081
1t
0s
0r
1y
0c
0i
#111944573767
0t
0s
0r
1y
0c
0i
#111944574196
1t
0s
0r
1y
0c
0i
#111944574883
0t
0s
0r
1y
0c
0i
#111944575311
1t
0s
0r
1y
0c
0i
#111944576000
0t
0s
0r
1y
0c
0i
#111944576426
1t
0s
0r
1y
0c
0i
#111944577113
0t
0s
0r
1y
0c
0i
#111944577539
1t
0s
0r
1y
0c
0i
#111944578226
0t
0s
0r
1y
0c
0i
#111944578652
1t
0s
0r
1y
0c
0i
#111944579342
0t
0s
0r
1y
0c
0i
#111944579765
1t
0s
0r
1y
0c
0i
#111944580450
0t
0s
0r
1y
0c
0i
#111944580875
1t
0s
0r
1y
0c
0i
#111944581561
0t
0s
0r
1y
0c
0i
#111944581987
1t
0s
0r
1y
0c
0i
#111944582676
0t
0s
0r
1y
0c
0i
#111944583099
1t
0s
0r
1y
0c
0i
#111944583784
0t
0s
0r
1y
0c
0i
#111944584211
1t
0s
0r
1y
0c
0i
#111944584896
0t
0s
0r
1y
0c
0i
#111944585323
1t
0s
0r
1y
0c
0i
#111944586011
0t
0s
0r
1y
0c
0i
#111944586436
1t
0s
0r
1y
0c
0i
#111944587120
0t
0s
0r
1y
0c
0i
#111944587547
1t
0s
0r
1y
0c
0i
#111944588232
0t
0s
0r
1y
0c
0i
#111944588659
1t
0s
0r
1y
0c
0i
#111944589346
0t
0s
0r
1y
0c
0i
#111944589772
1t
0s
0r
1y
0c
0i
#111944590455
0t
0s
0r
1y
0c
0i
#111944590883
1t
0s
0r
1y
0c
0i
#111944591567
0t
0s
0r
1y
0c
0i
#111944591994
1t
0s
0r
1y
0c
0i
#111944592681
0t
0s
0r
1y
0c
0i
#111944593107
1t
0s
0r
1y
0c
0i
#111944593790
0t
0s
0r
1y
0c
0i
#111944594218
1t
0s
0r
1y
0c
0i
#111944594902
0t
0s
0r
1y
0c
0i
#111944595330
1t
0s
0r
1y
0c
0i
#111944596017
0t
0s
0r
1y
0c
0i
#111944596446
1t
0s
0r
1y
0c
0i
#111944597129
0t
0s
0r
1y
1c
0i
#111944597559
1t
0s
0r
1y
1c
0i
#111944598246
0t
0s
0r
1y
1c
0i
#111944598675
1t
0s
0r
1y
1c
0i
#111944599367
0t
0s
0r
1y
1c
0i
#111944599795
1t
0s
0r
1y
1c
1i
#111944600483
0t
0s
0r
1y
1c
1i
#111944600914
1t
0s
0r
1y
1c
1i
#111944601605
0t
0s
0r
1y
1c
1i
#111944602036
1t
0s
0r
1y
1c
1i
#111944602730
0t
0s
0r
1y
1c
0i
#111944603159
1t
0s
0r
1y
1c
0i
#111944603849
0t
0s
0r
1y
1c
0i
#111944604280
1t
0s
0r
1y
1c
0i
#111944604970
0t
0s
0r
1y
1c
0i
#111944605401
1t
0s
0r
1y
1c
0i
#111944606093
0t
0s
0r
1y
1c
0i
#111944606522
1t
0s
0r
1y
1c
0i
#111944607207
0t
0s
0r
1y
1c
0i
#111944607639
1t
0s
0r
1y
1c
0i
#111944608324
0t
0s
0r
1y
1c
0i
#111944608755
1t
0s
0r
1y
1c
0i
#111944609442
0t
0s
0r
1y
1c
0i
#111944609870
1t
0s
0r
1y
1c
0i
#111944610551
0t
0s
0r
1y
1c
0i
#111944610980
1t
0s
0r
1y
1c
0i
#111944611662
0t
0s
0r
1y
1c
0i
#111944612090
1t
0s
0r
1y
1c
0i
#111944612773
0t
0s
0r
1y
1c
0i
#111944613201
1t
0s
0r
1y
1c
0i
#111944613879
0t
0s
0r
1y
1c
0i
#111944614309
1t
0s
0r
1y
1c
0i
#111944614988
0t
0s
0r
1y
1c
0i
#111944615417
1t
0s
0r
1y
1c
0i
#111944616099
0t
0s
0r
1y
1c
0i
#111944616527
1t
0s
0r
1y
1c
0i
#111944618294
0t
0s
0r
1y
1c
0i
#111944619529
1t
0s
0r
1y
1c
0i
#111944620547
0t
0s
0r
1y
1c
0i
#111944620962
1t
0s
0r
1y
1c
0i
#111944621647
0t
0s
0r
1y
1c
0i
#111944622073
1t
0s
0r
1y
1c
0i
#111944622755
0t
0s
0r
1y
1c
0i
#111944623182
1t
0s
0r
1y
1c
0i
#111944623864
0t
0s
0r
1y
1c
0i
#111944624292
1t
0s
0r
1y
1c
0i
#111944624973
0t
0s
0r
1y
1c
0i
#111944625400
1t
0s
0r
1y
1c
0i
#111944626084
0t
0s
0r
1y
1c
0i
#111944626509
1t
0s
0r
1y
1c
0i
#111944627189
0t
0s
0r
1y
1c
0i
#111944627616
1t
0s
0r
1y
1c
0i
#111944628298
0t
0s
0r
1y
1c
0i
#111944628723
1t
0s
0r
1y
1c
0i
#111944629408
0t
0s
0r
1y
1c
0i
#111944629835
1t
0s
0r
1y
1c
0i
#111944630515
0t
0s
0r
1y
1c
0i
#111944630944
1t
0s
0r
1y
0c
0i
#111944631627
0t
0s
0r
1y
0c
0i
#111944632055
1t
0s
0r
1y
0c
0i
#111944632744
0t
0s
0r
1y
0c
0i
#111944633170
1t
0s
0r
1y
0c
1i
#111944633856
0t
0s
0r
1y
0c
1i
#111944634285
1t
0s
0r
1y
0c
1i
#111944634972
0t
0s
0r
1y
0c
1i
#111944635402
1t
0s
0r
1y
0c
1i
#111944636093
0t
0s
0r
1y
0c
0i
#111944636521
1t
0s
0r
1y
0c
0i
#111944637208
0t
0s
0r
1y
0c
0i
#111944637638
1t
0s
0r
1y
0c
0i
#111944638326
0t
0s
0r
1y
0c
0i
#111944638753
1t
0s
0r
1y
0c
0i
#111944639443
0t
0s
0r
1y
0c
0i
#111944639870
1t
0s
0r
1y
0c
0i
#111944640554
0t
0s
0r
1y
0c
0i
#111944640982
1t
0s
0r
1y
0c
0i
#111944641666
0t
0s
0r
1y
0c
0i
#111944642092
1t
0s
0r
1y
0c
0i
#111944642778
0t
0s
0r
1y
0c
0i
#111944643201
1t
0s
0r
1y
0c
0i
#111944643882
0t
0s
0r
1y
0c
0i
#111944644306
1t
0s
0r
1y
0c
0i
#111944644986
0t
0s
0r
1y
0c
0i
#111944645409
1t
0s
0r
1y
0c
0i
#111944646092
0t
0s
0r
1y
0c
0i
#111944646513
1t
0s
0r
1y
0c
0i
#111944647191
0t
0s
0r
1y
0c
0i
#111944647614
1t
0s
0r
1y
0c
0i
#111944648294
0t
0s
0r
1y
0c
0i
#111944648716
1t
0s
0r
1y
0c
0i
#111944649400
0t
0s
0r
1y
0c
0i
#111944649821
1t
0s
0r
1y
0c
0i
#111944650500
0t
0s
0r
1y
0c
0i
#111944650923
1t
0s
0r
1y
0c
0i
#111944651602
0t
0s
0r
1y
0c
0i
#111944652028
1t
0s
0r
1y
0c
0i
#111944652710
0t
0s
0r
1y
0c
0i
#111944653133
1t
0s
0r
1y
0c
0i
#111944653811
0t
0s
0r
1y
0c
0i
#111944654236
1t
0s
0r
1y
0c
0i
#111944654915
0t
0s
0r
1y
0c
0i
#111944655340
1t
0s
0r
1y
0c
0i
#111944656022
0t
0s
0r
1y
0c
0i
#111944656445
1t
0s
0r
1y
0c
0i
#111944657122
0t
0s
0r
1y
0c
0i
#111944657548
1t
0s
0r
1y
0c
0i
#111944658226
0t
0s
0r
1y
0c
0i
#111944658652
1t
0s
0r
1y
0c
0i
#111944659333
0t
0s
0r
1y
0c
0i
#111944659757
1t
0s
0r
1y
0c
0i
#111944660434
0t
0s
0r
1y
0c
0i
#111944660860
1t
0s
0r
1y
0c
0i
#111944661538
0t
0s
0r
1y
0c
0i
#111944661963
1t
0s
0r
1y
0c
0i
#111944662644
0t
0s
0r
1y
0c
0i
#111944663070
1t
0s
0r
1y
0c
0i
#111944663747
0t
0s
0r
1y
0c
0i
#111944664175
1t
0s
0r
1y
1c
0i
#111944664855
0t
0s
0r
1y
1c
0i
#111944665282
1t
0s
0r
1y
1c
0i
#111944665967
0t
0s
0r
1y
1c
0i
#111944666392
1t
0s
0r
1y
1c
1i
#111944667074
0t
0s
0r
1y
1c
1i
#111944667503
1t
0s
0r
1y
1c
1i
#111944668187
0t
0s
0r
1y
1c
1i
#111944668615
1t
0s
0r
1y
1c
1i
#111944669303
0t
0s
0r
1y
1c
0i
#111944669731
1t
0s
0r
1y
1c
0i
#111944670414
0t
0s
0r
1y
1c
0i
#111944670843
1t
0s
0r
1y
1c
0i
#111944671528
0t
0s
0r
1y
1c
0i
#111944671955
1t
0s
0r
1y
1c
0i
#111944672642
0t
0s
0r
1y
1c
0i
#111944673068
1t
0s
0r
1y
1c
0i
#111944673748
0t
0s
0r
1y
1c
0i
#111944674177
1t
0s
0r
1y
1c
0i
#111944674857
0t
0s
0r
1y
1c
0i
#111944675285
1t
0s
0r
1y
1c
0i
#111944675968
0t
0s
0r
1y
1c
0i
#111944676393
1t
0s
0r
1y
1c
0i
#111944677070
0t
0s
0r
1y
1c
0i
#111944677497
1t
0s
0r
1y
1c
0i
#111944678175
0t
0s
0r
1y
1c
0i
#111944678601
1t
0s
0r
1y
1c
0i
#111944679280
0t
0s
0r
1y
1c
0i
#111944679707
1t
0s
0r
1y
1c
0i
#111944680381
0t
0s
0r
1y
1c
0i
#111944680809
1t
0s
0r
1y
1c
0i
#111944681485
0t
0s
0r
1y
1c
0i
#111944681912
1t
0s
0r
1y
1c
0i
#111944682591
0t
0s
0r
1y
1c
0i
#111944683017
1t
0s
0r
1y
1c
0i
#111944684774
0t
0s
0r
1y
1c
0i
#111944686003
1t
0s
0r
1y
1c
0i
#111944687017
0t
0s
0r
1y
1c
0i
#111944687430
1t
0s
0r
1y
1c
0i
#111944688111
0t
0s
0r
1y
1c
0i
#111944688536
1t
0s
0r
1y
1c
0i
#111944689215
0t
0s
0r
1y
1c
0i
#111944689640
1t
0s
0r
1y
1c
0i
#111944690318
0t
0s
0r
1y
1c
0i
#111944690745
1t
0s
0r
1y
1c
0i
#111944691423
0t
0s
0r
1y
1c
0i
#111944691848
1t
0s
0r
1y
1c
0i
#111944692528
0t
0s
0r
1y
1c
0i
#111944692952
1t
0s
0r
1y
1c
0i
#111944693629
0t
0s
0r
1y
1c
0i
#111944694054
1t
0s
0r
1y
1c
0i
#111944694733
0t
0s
0r
1y
1c
0i
#111944695157
1t
0s
0r
1y
1c
0i
#111944695838
0t
0s
0r
1y
1c
0i
#111944696264
1t
0s
0r
1y
1c
0i
#111944696941
0t
0s
0r
1y
1c
0i
#111944697368
1t
0s
0r
1y
0c
0i
#111944698048
0t
0s
0r
1y
0c
0i
#111944698474
1t
0s
0r
1y
0c
0i
#111944699159
0t
0s
0r
1y
0c
0i
#111944699584
1t
0s
0r
1y
0c
1i
#111944700267
0t
0s
0r
1y
0c
1i
#111944700694
1t
0s
0r
1y
0c
1i
#111944701378
0t
0s
0r
1y
0c
1i
#111944701806
1t
0s
0r
1y
0c
1i
#111944701931
1t
0s
1r
1y
0c
1i
#111944701934
1t
0s
0r
1y
0c
1i
#111944702494
0t
0s
0r
1y
0c
0i
#111944702921
1t
0s
0r
1y
0c
0i
#111944703605
0t
0s
0r
1y
0c
0i
#111944704032
1t
0s
0r
1y
0c
0i
#111944704717
0t
0s
0r
1y
0c
0i
#111944705143
1t
0s
0r
1y
0c
0i
#111944705831
0t
0s
0r
1y
0c
0i
#111944706255
1t
0s
0r
1y
0c
0i
#111944706938
0t
0s
0r
1y
0c
0i
#111944707365
1t
0s
0r
1y
0c
0i
#111944708047
0t
0s
0r
1y
0c
0i
#111944708473
1t
0s
0r
1y
0c
0i
#111944709158
0t
0s
0r
1y
0c
0i
#111944709582
1t
0s
0r
1y
0c
0i
#111944710264
0t
0s
0r
1y
0c
0i
#111944710687
1t
0s
0r
1y
0c
0i
#111944711370
0t
0s
0r
1y
0c
0i
#111944711793
1t
0s
0r
1y
0c
0i
#111944712478
0t
0s
0r
1y
0c
0i
#111944712900
1t
0s
0r
1y
0c
0i
#111944713580
0t
0s
0r
1y
0c
0i
#111944714003
1t
0s
0r
1y
0c
0i
#111944714685
0t
0s
0r
1y
0c
0i
#111944715108
1t
0s
0r
1y
0c
0i
#111944715793
0t
0s
0r
1y
0c
0i
#111944716214
1t
0s
0r
1y
0c
0i
#111944716895
0t
0s
0r
1y
0c
0i
#111944717319
1t
0s
0r
1y
0c
0i
#111944718001
0t
0s
0r
1y
0c
0i
#111944718425
1t
0s
0r
1y
0c
0i
#111944719109
0t
0s
0r
1y
0c
0i
#111944719532
1t
0s
0r
1y
0c
0i
#111944720212
0t
0s
0r
1y
0c
0i
#111944720637
1t
0s
0r
1y
0c
0i
#111944721319
0t
0s
0r
1y
0c
0i
#111944721743
1t
0s
0r
1y
0c
0i
#111944722427
0t
0s
0r
1y
0c
0i
#111944722851
1t
0s
0r
1y
0c
0i
#111944723530
0t
0s
0r
1y
0c
0i
#111944723957
1t
0s
0r
1y
0c
0i
#111944724637
0t
0s
0r
1y
0c
0i
#111944725063
1t
0s
0r
1y
0c
0i
#111944725746
0t
0s
0r
1y
0c
0i
#111944726170
1t
0s
0r
1y
0c
0i
#111944726849
0t
0s
0r
1y
0c
0i
#111944727275
1t
0s
0r
1y
0c
0i
#111944727956
0t
0s
0r
1y
0c
0i
#111944728382
1t
0s
0r
1y
0c
0i
#111944729065
0t
0s
0r
1y
0c
0i
#111944729492
1t
0s
0r
1y
0c
0i
#111944730170
0t
0s
0r
1y
0c
0i
#111944730599
1t
0s
0r
1y
1c
0i
#111944731281
0t
0s
0r
1y
1c
0i
#111944731708
1t
0s
0r
1y
1c
0i
#111944732395
0t
0s
0r
1y
1c
0i
#111944732822
1t
0s
0r
1y
1c
1i
#111944733506
0t
0s
0r
1y
1c
1i
#111944733934
1t
0s
0r
1y
1c
1i
#111944734620
0t
0s
0r
1y
1c
1i
#111944735049
1t
0s
0r
1y
1c
1i
#111944735739
0t
0s
0r
1y
1c
0i
#111944736166
1t
0s
0r
1y
1c
0i
#111944736851
0t
0s
0r
1y
1c
0i
#111944737280
1t
0s
0r
1y
1c
0i
#111944737966
0t
0s
0r
1y
1c
0i
#111944738394
1t
0s
0r
1y
1c
0i
#111944739082
0t
0s
0r
1y
1c
0i
#111944739509
1t
0s
0r
1y
1c
0i
#111944740191
0t
0s
0r
1y
1c
0i
#111944740622
1t
0s
0r
1y
1c
0i
#111944741305
0t
0s
0r
1y
1c
0i
#111944741734
1t
0s
0r
1y
1c
0i
#111944742421
0t
0s
0r
1y
1c
0i
#111944742848
1t
0s
0r
1y
1c
0i
#111944743531
0t
0s
0r
1y
1c
0i
#111944743960
1t
0s
0r
1y
1c
0i
#111944744643
0t
0s
0r
1y
1c
0i
#111944745073
1t
0s
0r
1y
1c
0i
#111944745759
0t
0s
0r
1y
1c
0i
#111944746189
1t
0s
0r
1y
1c
0i
#111944746871
0t
0s
0r
1y
1c
0i
#111944747303
1t
0s
0r
1y
1c
0i
#111944747987
0t
0s
0r
1y
1c
0i
#111944748417
1t
0s
0r
1y
1c
0i
#111944749104
0t
0s
0r
1y
1c
0i
#111944749534
1t
0s
0r
1y
1c
0i
#111944751313
0t
0s
0r
1y
1c
0i
#111944752554
1t
0s
0r
1y
1c
0i
#111944753580
0t
0s
0r
1y
1c
0i
#111944753996
1t
0s
0r
1y
1c
0i
#111944754686
0t
0s
0r
1y
1c
0i
#111944755113
1t
0s
0r
1y
1c
0i
#111944755800
0t
0s
0r
1y
1c
0i
#111944756229
1t
0s
0r
1y
1c
0i
#111944756915
0t
0s
0r
1y
1c
0i
#111944757345
1t
0s
0r
1y
1c
0i
#111944758031
0t
0s
0r
1y
1c
0i
#111944758459
1t
0s
0r
1y
1c
0i
#111944759147
0t
0s
0r
1y
1c
0i
#111944759575
1t
0s
0r
1y
1c
0i
#111944760259
0t
0s
0r
1y
1c
0i
#111944760688
1t
0s
0r
1y
1c
0i
#111944761374
0t
0s
0r
1y
1c
0i
#111944761802
1t
0s
0r
1y
1c
0i
#111944762492
0t
0s
0r
1y
1c
0i
#111944762920
1t
0s
0r
1y
1c
0i
#111944763605
0t
0s
0r
1y
1c
0i
#111944764036
1t
0s
0r
1y
0c
0i
#111944764724
0t
0s
0r
1y
0c
0i
#111944765154
1t
0s
0r
1y
0c
0i
#111944765847
0t
0s
0r
1y
0c
0i
#111944766275
1t
0s
0r
1y
0c
1i
#111944766965
0t
0s
0r
1y
0c
1i
#111944767396
1t
0s
0r
1y
0c
1i
#111944768088
0t
0s
0r
1y
0c
1i
#111944768519
1t
0s
0r
1y
0c
1i
#111944769214
0t
0s
0r
1y
0c
0i
#111944769644
1t
0s
0r
1y
0c
0i
#111944770334
0t
0s
0r
1y
0c
0i
#111944770766
1t
0s
0r
1y
0c
0i
#111944771457
0t
0s
0r
1y
0c
0i
#111944771887
1t
0s
0r
1y
0c
0i
#111944772581
0t
0s
0r
1y
0c
0i
#111944773009
1t
0s
0r
1y
0c
0i
#111944773697
0t
0s
0r
1y
0c
0i
#111944774128
1t
0s
0r
1y
0c
0i
#111944774816
0t
0s
0r
1y
0c
0i
#111944775245
1t
0s
0r
1y
0c
0i
#111944775936
0t
0s
0r
1y
0c
0i
#111944776362
1t
0s
0r
1y
0c
0i
#111944777049
0t
0s
0r
1y
0c
0i
#111944777477
1t
0s
0r
1y
0c
0i
#111944778164
0t
0s
0r
1y
0c
0i
#111944778590
1t
0s
0r
1y
0c
0i
#111944779281
0t
0s
0r
1y
0c
0i
#111944779705
1t
0s
0r
1y
0c
0i
#111944780390
0t
0s
0r
1y
0c
0i
#111944780817
1t
0s
0r
1y
0c
0i
#111944781503
0t
0s
0r
1y
0c
0i
#111944781930
1t
0s
0r
1y
0c
0i
#111944782619
0t
0s
0r
1y
0c
0i
#111944783044
1t
0s
0r
1y
0c
0i
#111944783730
0t
0s
0r
1y
0c
0i
#111944784157
1t
0s
0r
1y
0c
0i
#111944784843
0t
0s
0r
1y
0c
0i
#111944785272
1t
0s
0r
1y
0c
0i
#111944785961
0t
0s
0r
1y
0c
0i
#111944786387
1t
0s
0r
1y
0c
0i
#111944787071
0t
0s
0r
1y
0c
0i
#111944787500
1t
0s
0r
1y
0c
0i
#111944788186
0t
0s
0r
1y
0c
0i
#111944788613
1t
0s
0r
1y
0c
0i
#111944789302
0t
0s
0r
1y
0c
0i
#111944789728
1t
0s
0r
1y
0c
0i
#111944790412
0t
0s
0r
1y
0c
0i
#111944790841
1t
0s
0r
1y
0c
0i
#111944791526
0t
0s
0r
1y
0c
0i
#111944791954
1t
0s
0r
1y
0c
0i
#111944792642
0t
0s
0r
1y
0c
0i
#111944793069
1t
0s
0r
1y
0c
0i
#111944793752
0t
0s
0r
1y
0c
0i
#111944794181
1t
0s
0r
1y
0c
0i
#111944794866
0t
0s
0r
1y
0c
0i
#111944795294
1t
0s
0r
1y
0c
0i
#111944795981
0t
0s
0r
1y
0c
0i
#111944796410
1t
0s
0r
1y
0c
0i
#111944797094
0t
0s
0r
1y
0c
0i
#111944797524
1t
0s
0r
1y
1c
0i
#111944798210
0t
0s
0r
1y
1c
0i
#111944798640
1t
0s
0r
1y
1c
0i
#111944799332
0t
0s
0r
1y
1c
0i
#111944799760
1t
0s
0r
1y
1c
1i
#111944800449
0t
0s
0r
1y
1c
1i
#111944800881
1t
0s
0r
1y
1c
1i
#111944801571
0t
0s
0r
1y
1c
1i
#111944802003
1t
0s
0r
1y
1c
1i
#111944802698
0t
0s
0r
1y
1c
0i
#111944803128
1t
0s
0r
1y
1c
0i
#111944803818
0t
0s
0r
1y
1c
0i
#111944804250
1t
0s
0r
1y
1c
0i
#111944804941
0t
0s
0r
1y
1c
0i
#111944805372
1t
0s
0r
1y
1c
0i
#111944806065
0t
0s
0r
1y
1c
0i
#111944806495
1t
0s
0r
1y
1c
0i
#111944807181
0t
0s
0r
1y
1c
0i
#111944807614
1t
0s
0r
1y
1c
0i
#111944808301
0t
0s
0r
1y
1c
0i
#111944808732
1t
0s
0r
1y
1c
0i
#111944809421
0t
0s
0r
1y
1c
0i
#111944809849
1t
0s
0r
1y
1c
0i
#111944810533
0t
0s
0r
1y
1c
0i
#111944810963
1t
0s
0r
1y
1c
0i
#111944811647
0t
0s
0r
1y
1c
0i
#111944812076
1t
0s
0r
1y
1c
0i
#111944812761
0t
0s
0r
1y
1c
0i
#111944813190
1t
0s
0r
1y
1c
0i
#111944813871
0t
0s
0r
1y
1c
0i
#111944814301
1t
0s
0r
1y
1c
0i
#111944814982
0t
0s
0r
1y
1c
0i
#111944815412
1t
0s
0r
1y
1c
0i
#111944816097
0t
0s
0r
1y
1c
0i
#111944816525
1t
0s
0r
1y
1c
0i
#111944818297
0t
0s
0r
1y
1c
0i
#111944819534
1t
0s
0r
1y
1c
0i
#111944820555
0t
0s
0r
1y
1c
0i
#111944820971
1t
0s
0r
1y
1c
0i
#111944821658
0t
0s
0r
1y
1c
0i
#111944822084
1t
0s
0r
1y
1c
0i
#111944822769
0t
0s
0r
1y
1c
0i
#111944823196
1t
0s
0r
1y
1c
0i
#111944823879
0t
0s
0r
1y
1c
0i
#111944824308
1t
0s
0r
1y
1c
0i
#111944824991
0t
0s
0r
1y
1c
0i
#111944825419
1t
0s
0r
1y
1c
0i
#111944826105
0t
0s
0r
1y
1c
0i
#111944826530
1t
0s
0r
1y
1c
0i
#111944827212
0t
0s
0r
1y
1c
0i
#111944827640
1t
0s
0r
1y
1c
0i
#111944828324
0t
0s
0r
1y
1c
0i
#111944828751
1t
0s
0r
1y
1c
0i
#111944829437
0t
0s
0r
1y
1c
0i
#111944829865
1t
0s
0r
1y
1c
0i
#111944830547
0t
0s
0r
1y
1c
0i
#111944830976
1t
0s
0r
1y
0c
0i
#111944831661
0t
0s
0r
1y
0c
0i
#111944832090
1t
0s
0r
1y
0c
0i
#111944832780
0t
0s
0r
1y
0c
0i
#111944833208
1t
0s
0r
1y
0c
1i
#111944833895
0t
0s
0r
1y
0c
1i
#111944834325
1t
0s
0r
1y
0c
1i
#111944835014
0t
0s
0r
1y
0c
1i
#111944835444
1t
0s
0r
1y
0c
1i
#111944835498
1t
0s
1r
1y
0c
1i
#111944835501
1t
0s
0r
1y
0c
1i
#111944836137
0t
0s
0r
1y
0c
0i
#111944836566
1t
0s
0r
1y
0c
0i
#111944837254
0t
0s
0r
1y
0c
0i
#111944837684
1t
0s
0r
1y
0c
0i
#111944838374
0t
0s
0r
1y
0c
0i
#111944838802
1t
0s
0r
1y
0c
0i
#111944839495
0t
0s
0r
1y
0c
0i
#111944839921
1t
0s
0r
1y
0c
0i
#111944840609
0t
0s
0r
1y
0c
0i
#111944841038
1t
0s
0r
1y
0c
0i
#111944841724
0t
0s
0r
1y
0c
0i
#111944842152
1t
0s
0r
1y
0c
0i
#111944842842
0t
0s
0r
1y
0c
0i
#111944843267
1t
0s
0r
1y
0c
0i
#111944843952
0t
0s
0r
1y
0c
0i
#111944844378
1t
0s
0r
1y
0c
0i
#111944845064
0t
0s
0r
1y
0c
0i
#111944845489
1t
0s
0r
1y
0c
0i
#111944846177
0t
0s
0r
1y
0c
0i
#111944846601
1t
0s
0r
1y
0c
0i
#111944847284
0t
0s
0r
1y
0c
0i
#111944847709
1t
0s
0r
1y
0c
0i
#111944848395
0t
0s
0r
1y
0c
0i
#111944848819
1t
0s
0r
1y
0c
0i
#111944849507
0t
0s
0r
1y
0c
0i
#111944849930
1t
0s
0r
1y
0c
0i
#111944850615
0t
0s
0r
1y
0c
0i
#111944851041
1t
0s
0r
1y
0c
0i
#111944851725
0t
0s
0r
1y
0c
0i
#111944852152
1t
0s
0r
1y
0c
0i
#111944852839
0t
0s
0r
1y
0c
0i
#111944853264
1t
0s
0r
1y
0c
0i
#111944853947
0t
0s
0r
1y
0c
0i
#111944854374
1t
0s
0r
1y
0c
0i
#111944855059
0t
0s
0r
1y
0c
0i
#111944855485
1t
0s
0r
1y
0c
0i
#111944856172
0t
0s
0r
1y
0c
0i
#111944856598
1t
0s
0r
1y
0c
0i
#111944857280
0t
0s
0r
1y
0c
0i
#111944857708
1t
0s
0r
1y
0c
0i
#111944858392
0t
0s
0r
1y
0c
0i
#111944858819
1t
0s
0r
1y
0c
0i
#111944859506
0t
0s
0r
1y
0c
0i
#111944859932
1t
0s
0r
1y
0c
0i
#111944860615
0t
0s
0r
1y
0c
0i
#111944861043
1t
0s
0r
1y
0c
0i
#111944861726
0t
0s
0r
1y
0c
0i
#111944862154
1t
0s
0r
1y
0c
0i
#111944862841
0t
0s
0r
1y
0c
0i
#111944863270
1t
0s
0r
1y
0c
0i
#111944863953
0t
0s
0r
1y
0c
0i
#111944864383
1t
0s
0r
1y
1c
0i
#111944865069
0t
0s
0r
1y
1c
0i
#111944865499
1t
0s
0r
1y
1c
0i
#111944866190
0t
0s
0r
1y
1c
0i
#111944866619
1t
0s
0r
1y
1c
1i
#111944867307
0t
0s
0r
1y
1c
1i
#111944867738
1t
0s
0r
1y
1c
1i
#111944868429
0t
0s
0r
1y
1c
1i
#111944868860
1t
0s
0r
1y
1c
1i
#111944869554
0t
0s
0r
1y
1c
0i
#111944869984
1t
0s
0r
1y
1c
0i
#111944870673
0t
0s
0r
1y
1c
0i
#111944871104
1t
0s
0r
1y
1c
0i
#111944871795
0t
0s
0r
1y
1c
0i
#111944872225
1t
0s
0r
1y
1c
0i
#111944872917
0t
0s
0r
1y
1c
0i
#111944873346
1t
0s
0r
1y
1c
0i
#111944874032
0t
0s
0r
1y
1c
0i
#111944874463
1t
0s
0r
1y
1c
0i
#111944875148
0t
0s
0r
1y
1c
0i
#111944875578
1t
0s
0r
1y
1c
0i
#111944876264
0t
0s
0r
1y
1c
0i
#111944876691
1t
0s
0r
1y
1c
0i
#111944877372
0t
0s
0r
1y
1c
0i
#111944877800
1t
0s
0r
1y
1c
0i
#111944878480
0t
0s
0r
1y
1c
0i
#111944878908
1t
0s
0r
1y
1c
0i
#111944879589
0t
0s
0r
1y
1c
0i
#111944880017
1t
0s
0r
1y
1c
0i
#111944880693
0t
0s
0r
1y
1c
0i
#111944881123
1t
0s
0r
1y
1c
0i
#111944881801
0t
0s
0r
1y
1c
0i
#111944882229
1t
0s
0r
1y
1c
0i
#111944882911
0t
0s
0r
1y
1c
0i
#111944883338
1t
0s
0r
1y
1c
0i
#111944885102
0t
0s
0r
1y
1c
0i
#111944886335
1t
0s
0r
1y
1c
0i
#111944887353
0t
0s
0r
1y
1c
0i
#111944887766
1t
0s
0r
1y
1c
0i
#111944888451
0t
0s
0r
1y
1c
0i
#111944888876
1t
0s
0r
1y
1c
0i
#111944889558
0t
0s
0r
1y
1c
0i
#111944889984
1t
0s
0r
1y
1c
0i
#111944890665
0t
0s
0r
1y
1c
0i
#111944891092
1t
0s
0r
1y
1c
0i
#111944891773
0t
0s
0r
1y
1c
0i
#111944892199
1t
0s
0r
1y
1c
0i
#111944892882
0t
0s
0r
1y
1c
0i
#111944893307
1t
0s
0r
1y
1c
0i
#111944893987
0t
0s
0r
1y
1c
0i
#111944894413
1t
0s
0r
1y
1c
0i
#111944895094
0t
0s
0r
1y
1c
0i
#111944895520
1t
0s
0r
1y
1c
0i
#111944896204
0t
0s
0r
1y
1c
0i
#111944896630
1t
0s
0r
1y
1c
0i
#111944897310
0t
0s
0r
1y
0c
0i
#111944897738
1t
0s
0r
1y
0c
0i
#111944898421
0t
0s
0r
1y
0c
0i
#111944898848
1t
0s
0r
1y
0c
0i
#111944899536
0t
0s
0r
1y
0c
0i
#111944899962
1t
0s
0r
1y
0c
1i
#111944900647
0t
0s
0r
1y
0c
1i
#111944901075
1t
0s
0r
1y
0c
1i
#111944901762
0t
0s
0r
1y
0c
1i
#111944902191
1t
0s
0r
1y
0c
1i
#111944902881
0t
0s
0r
1y
0c
0i
#111944903309
1t
0s
0r
1y
0c
0i
#111944903994
0t
0s
0r
1y
0c
0i
#111944904423
1t
0s
0r
1y
0c
0i
#111944905110
0t
0s
0r
1y
0c
0i
#111944905538
1t
0s
0r
1y
0c
0i
#111944906227
0t
0s
0r
1y
0c
0i
#111944906653
1t
0s
0r
1y
0c
0i
#111944907337
0t
0s
0r
1y
0c
0i
#111944907765
1t
0s
0r
1y
0c
0i
#111944908449
0t
0s
0r
1y
0c
0i
#111944908875
1t
0s
0r
1y
0c
0i
#111944909560
0t
0s
0r
1y
0c
0i
#111944909984
1t
0s
0r
1y
0c
0i
#111944910664
0t
0s
0r
1y
0c
0i
#111944911088
1t
0s
0r
1y
0c
0i
#111944911769
0t
0s
0r
1y
0c
0i
#111944912192
1t
0s
0r
1y
0c
0i
#111944912874
0t
0s
0r
1y
0c
0i
#111944913295
1t
0s
0r
1y
0c
0i
#111944913972
0t
0s
0r
1y
0c
0i
#111944914395
1t
0s
0r
1y
0c
0i
#111944915073
0t
0s
0r
1y
0c
0i
#111944915495
1t
0s
0r
1y
0c
0i
#111944916177
0t
0s
0r
1y
0c
0i
#111944916597
1t
0s
0r
1y
0c
0i
#111944917275
0t
0s
0r
1y
0c
0i
#111944917698
1t
0s
0r
1y
0c
0i
#111944918377
0t
0s
0r
1y
0c
0i
#111944918800
1t
0s
0r
1y
0c
0i
#111944919481
0t
0s
0r
1y
0c
0i
#111944919904
1t
0s
0r
1y
0c
0i
#111944920581
0t
0s
0r
1y
0c
0i
#111944921005
1t
0s
0r
1y
0c
0i
#111944921683
0t
0s
0r
1y
0c
0i
#111944922107
1t
0s
0r
1y
0c
0i
#111944922789
0t
0s
0r
1y
0c
0i
#111944923211
1t
0s
0r
1y
0c
0i
#111944923888
0t
0s
0r
1y
0c
0i
#111944924313
1t
0s
0r
1y
0c
0i
#111944924990
0t
0s
0r
1y
0c
0i
#111944925415
1t
0s
0r
1y
0c
0i
#111944926095
0t
0s
0r
1y
0c
0i
#111944926518
1t
0s
0r
1y
0c
0i
#111944927194
0t
0s
0r
1y
0c
0i
#111944927619
1t
0s
0r
1y
0c
0i
#111944928297
0t
0s
0r
1y
0c
0i
#111944928721
1t
0s
0r
1y
0c
0i
#111944929401
0t
0s
0r
1y
0c
0i
#111944929827
1t
0s
0r
1y
0c
0i
#111944930503
0t
0s
0r
1y
0c
0i
#111944930930
1t
0s
0r
1y
1c
0i
#111944931609
0t
0s
0r
1y
1c
0i
#111944932035
1t
0s
0r
1y
1c
0i
#111944932719
0t
0s
0r
1y
1c
0i
#111944933144
1t
0s
0r
1y
1c
1i
#111944933824
0t
0s
0r
1y
1c
1i
#111944934252
1t
0s
0r
1y
1c
1i
#111944934935
0t
0s
0r
1y
1c
1i
#111944935363
1t
0s
0r
1y
1c
1i
#111944936050
0t
0s
0r
1y
1c
0i
#111944936476
1t
0s
0r
1y
1c
0i
#111944937158
0t
0s
0r
1y
1c
0i
#111944937585
1t
0s
0r
1y
1c
0i
#111944938268
0t
0s
0r
1y
1c
0i
#111944938695
1t
0s
0r
1y
1c
0i
#111944939379
0t
0s
0r
1y
1c
0i
#111944939805
1t
0s
0r
1y
1c
0i
#111944940483
0t
0s
0r
1y
1c
0i
#111944940911
1t
0s
0r
1y
1c
0i
#111944941590
0t
0s
0r
1y
1c
0i
#111944942016
1t
0s
0r
1y
1c
0i
#111944942696
0t
0s
0r
1y
1c
0i
#111944943120
1t
0s
0r
1y
1c
0i
#111944943794
0t
0s
0r
1y
1c
0i
#111944944220
1t
0s
0r
1y
1c
0i
#111944944895
0t
0s
0r
1y
1c
0i
#111944945320
1t
0s
0r
1y
1c
0i
#111944945997
0t
0s
0r
1y
1c
0i
#111944946422
1t
0s
0r
1y
1c
0i
#111944947093
0t
0s
0r
1y
1c
0i
#111944947520
1t
0s
0r
1y
1c
0i
#111944948194
0t
0s
0r
1y
1c
0i
#111944948619
1t
0s
0r
1y
1c
0i
#111944949295
0t
0s
0r
1y
1c
0i
#111944949719
1t
0s
0r
1y
1c
0i
#111944951471
0t
0s
0r
1y
1c
0i
#111944952696
1t
0s
0r
1y
1c
0i
#111944953705
0t
0s
0r
1y
1c
0i
#111944954116
1t
0s
0r
1y
1c
0i
#111944954796
0t
0s
0r
1y
1c
0i
#111944955218
1t
0s
0r
1y
1c
0i
#111944955895
0t
0s
0r
1y
1c
0i
#111944956318
1t
0s
0r
1y
1c
0i
#111944956994
0t
0s
0r
1y
1c
0i
#111944957419
1t
0s
0r
1y
1c
0i
#111944958094
0t
0s
0r
1y
1c
0i
#111944958518
1t
0s
0r
1y
1c
0i
#111944959196
0t
0s
0r
1y
1c
0i
#111944959618
1t
0s
0r
1y
1c
0i
#111944960292
0t
0s
0r
1y
1c
0i
#111944960716
1t
0s
0r
1y
1c
0i
#111944961392
0t
0s
0r
1y
1c
0i
#111944961815
1t
0s
0r
1y
1c
0i
#111944962493
0t
0s
0r
1y
1c
0i
#111944962917
1t
0s
0r
1y
1c
0i
#111944963592
0t
0s
0r
1y
1c
0i
#111944964017
1t
0s
0r
1y
0c
0i
#111944964694
0t
0s
0r
1y
0c
0i
#111944965119
1t
0s
0r
1y
0c
0i
#111944965801
0t
0s
0r
1y
0c
0i
#111944966224
1t
0s
0r
1y
0c
1i
#111944966903
0t
0s
0r
1y
0c
1i
#111944967329
1t
0s
0r
1y
0c
1i
#111944968011
0t
0s
0r
1y
0c
1i
#111944968437
1t
0s
0r
1y
0c
1i
#111944968610
1t
0s
1r
1y
0c
1i
#111944968613
1t
0s
0r
1y
0c
1i
#111944969121
0t
0s
0r
1y
0c
0i
#111944969546
1t
0s
0r
1y
0c
0i
#111944970227
0t
0s
0r
1y
0c
0i
#111944970653
1t
0s
0r
1y
0c
0i
#111944971335
0t
0s
0r
1y
0c
0i
#111944971759
1t
0s
0r
1y
0c
0i
#111944972444
0t
0s
0r
1y
0c
0i
#111944972866
1t
0s
0r
1y
0c
0i
#111944973547
0t
0s
0r
1y
0c
0i
#111944973972
1t
0s
0r
1y
0c
0i
#111944974653
0t
0s
0r
1y
0c
0i
#111944975077
1t
0s
0r
1y
0c
0i
#111944975762
0t
0s
0r
1y
0c
0i
#111944976184
1t
0s
0r
1y
0c
0i
#111944976865
0t
0s
0r
1y
0c
0i
#111944977289
1t
0s
0r
1y
0c
0i
#111944977972
0t
0s
0r
1y
0c
0i
#111944978396
1t
0s
0r
1y
0c
0i
#111944979082
0t
0s
0r
1y
0c
0i
#111944979504
1t
0s
0r
1y
0c
0i
#111944980186
0t
0s
0r
1y
0c
0i
#111944980611
1t
0s
0r
1y
0c
0i
#111944981295
0t
0s
0r
1y
0c
0i
#111944981719
1t
0s
0r
1y
0c
0i
#111944982407
0t
0s
0r
1y
0c
0i
#111944982829
1t
0s
0r
1y
0c
0i
#111944983513
0t
0s
0r
1y
0c
0i
#111944983939
1t
0s
0r
1y
0c
0i
#111944984623
0t
0s
0r
1y
0c
0i
#111944985049
1t
0s
0r
1y
0c
0i
#111944985736
0t
0s
0r
1y
0c
0i
#111944986161
1t
0s
0r
1y
0c
0i
#111944986843
0t
0s
0r
1y
0c
0i
#111944987270
1t
0s
0r
1y
0c
0i
#111944987954
0t
0s
0r
1y
0c
0i
#111944988379
1t
0s
0r
1y
0c
0i
#111944989066
0t
0s
0r
1y
0c
0i
#111944989491
1t
0s
0r
1y
0c
0i
#111944990172
0t
0s
0r
1y
0c
0i
#111944990600
1t
0s
0r
1y
0c
0i
#111944991282
0t
0s
0r
1y
0c
0i
#111944991709
1t
0s
0r
1y
0c
0i
#111944992395
0t
0s
0r
1y
0c
0i
#111944992820
1t
0s
0r
1y
0c
0i
#111944993501
0t
0s
0r
1y
0c
0i
#111944993928
1t
0s
0r
1y
0c
0i
#111944994611
0t
0s
0r
1y
0c
0i
#111944995038
1t
0s
0r
1y
0c
0i
#111944995723
0t
0s
0r
1y
0c
0i
#111944996151
1t
0s
0r
1y
0c
0i
#111944996833
0t
0s
0r
1y
0c
0i
#111944997262
1t
0s
0r
1y
1c
0i
#111944997946
0t
0s
0r
1y
1c
0i
#111944998375
1t
0s
0r
1y
1c
0i
#111944999065
0t
0s
0r
1y
1c
0i
#111944999492
1t
0s
0r
1y
1c
1i
#111945000178
0t
0s
0r
1y
1c
1i
#111945000608
1t
0s
0r
1y
1c
1i
#111945001297
0t
0s
0r
1y
1c
1i
#111945001727
1t
0s
0r
1y
1c
1i
#111945002419
0t
0s
0r
1y
1c
0i
#111945002848
1t
0s
0r
1y
1c
0i
#111945003534
0t
0s
0r
1y
1c
0i
#111945003965
1t
0s
0r
1y
1c
0i
#111945004653
0t
0s
0r
1y
1c
0i
#111945005082
1t
0s
0r
1y
1c
0i
#111945005772
0t
0s
0r
1y
1c
0i
#111945006200
1t
0s
0r
1y
1c
0i
#111945006883
0t
0s
0r
1y
1c
0i
#111945007314
1t
0s
0r
1y
1c
0i
#111945007997
0t
0s
0r
1y
1c
0i
#111945008426
1t
0s
0r
1y
1c
0i
#111945009111
0t
0s
0r
1y
1c
0i
#111945009537
1t
0s
0r
1y
1c
0i
#111945010216
0t
0s
0r
1y
1c
0i
#111945010645
1t
0s
0r
1y
1c
0i
#111945011324
0t
0s
0r
1y
1c
0i
#111945011751
1t
0s
0r
1y
1c
0i
#111945012432
0t
0s
0r
1y
1c
0i
#111945012859
1t
0s
0r
1y
1c
0i
#111945013536
0t
0s
0r
1y
1c
0i
#111945013965
1t
0s
0r
1y
1c
0i
#111945014643
0t
0s
0r
1y
1c
0i
#111945015071
1t
0s
0r
1y
1c
0i
#111945015752
0t
0s
0r
1y
1c
0i
#111945016179
1t
0s
0r
1y
1c
0i
#111945017942
0t
0s
0r
1y
1c
0i
#111945019175
1t
0s
0r
1y
1c
0i
#111945020192
0t
0s
0r
1y
1c
0i
#111945020606
1t
0s
0r
1y
1c
0i
#111945021289
0t
0s
0r
1y
1c
0i
#111945021715
1t
0s
0r
1y
1c
0i
#111945022396
0t
0s
0r
1y
1c
0i
#111945022822
1t
0s
0r
1y
1c
0i
#111945023503
0t
0s
0r
1y
1c
0i
#111945023930
1t
0s
0r
1y
1c
0i
#111945024611
0t
0s
0r
1y
1c
0i
#111945025036
1t
0s
0r
1y
1c
0i
#111945025720
0t
0s
0r
1y
1c
0i
#111945026144
1t
0s
0r
1y
1c
0i
#111945026823
0t
0s
0r
1y
1c
0i
#111945027249
1t
0s
0r
1y
1c
0i
#111945027930
0t
0s
0r
1y
1c
0i
#111945028355
1t
0s
0r
1y
1c
0i
#111945029038
0t
0s
0r
1y
1c
0i
#111945029464
1t
0s
0r
1y
1c
0i
#111945030144
0t
0s
0r
1y
1c
0i
#111945030571
1t
0s
0r
1y
0c
0i
#111945031253
0t
0s
0r
1y
0c
0i
#111945031680
1t
0s
0r
1y
0c
0i
#111945032367
0t
0s
0r
1y
0c
0i
#111945032793
1t
0s
0r
1y
0c
1i
#111945033477
0t
0s
0r
1y
0c
1i
#111945033905
1t
0s
0r
1y
0c
1i
#111945034591
0t
0s
0r
1y
0c
1i
#111945035020
1t
0s
0r
1y
0c
1i
#111945035709
0t
0s
0r
1y
0c
0i
#111945036136
1t
0s
0r
1y
0c
0i
#111945036822
0t
0s
0r
1y
0c
0i
#111945037250
1t
0s
0r
1y
0c
0i
#111945037936
0t
0s
0r
1y
0c
0i
#111945038363
1t
0s
0r
1y
0c
0i
#111945039053
0t
0s
0r
1y
0c
0i
#111945039478
1t
0s
0r
1y
0c
0i
#111945040163
0t
0s
0r
1y
0c
0i
#111945040591
1t
0s
0r
1y
0c
0i
#111945041274
0t
0s
0r
1y
0c
0i
#111945041701
1t
0s
0r
1y
0c
0i
#111945042389
0t
0s
0r
1y
0c
0i
#111945042813
1t
0s
0r
1y
0c
0i
#111945043496
0t
0s
0r
1y
0c
0i
#111945043922
1t
0s
0r
1y
0c
0i
#111945044606
0t
0s
0r
1y
0c
0i
#111945045030
1t
0s
0r
1y
0c
0i
#111945045717
0t
0s
0r
1y
0c
0i
#111945046139
1t
0s
0r
1y
0c
0i
#111945046821
0t
0s
0r
1y
0c
0i
#111945047246
1t
0s
0r
1y
0c
0i
#111945047928
0t
0s
0r
1y
0c
0i
#111945048353
1t
0s
0r
1y
0c
0i
#111945049039
0t
0s
0r
1y
0c
0i
#111945049461
1t
0s
0r
1y
0c
0i
#111945050144
0t
0s
0r
1y
0c
0i
#111945050568
1t
0s
0r
1y
0c
0i
#111945051250
0t
0s
0r
1y
0c
0i
#111945051677
1t
0s
0r
1y
0c
0i
#111945052361
0t
0s
0r
1y
0c
0i
#111945052785
1t
0s
0r
1y
0c
0i
#111945053465
0t
0s
0r
1y
0c
0i
#111945053892
1t
0s
0r
1y
0c
0i
#111945054574
0t
0s
0r
1y
0c
0i
#111945054999
1t
0s
0r
1y
0c
0i
#111945055684
0t
0s
0r
1y
0c
0i
#111945056107
1t
0s
0r
1y
0c
0i
#111945056787
0t
0s
0r
1y
0c
0i
#111945057214
1t
0s
0r
1y
0c
0i
#111945057894
0t
0s
0r
1y
0c
0i
#111945058320
1t
0s
0r
1y
0c
0i
#111945059003
0t
0s
0r
1y
0c
0i
#111945059428
1t
0s
0r
1y
0c
0i
#111945060107
0t
0s
0r
1y
0c
0i
#111945060533
1t
0s
0r
1y
0c
0i
#111945061214
0t
0s
0r
1y
0c
0i
#111945061639
1t
0s
0r
1y
0c
0i
#111945062323
0t
0s
0r
1y
0c
0i
#111945062749
1t
0s
0r
1y
0c
0i
#111945063428
0t
0s
0r
1y
0c
0i
#111945063856
1t
0s
0r
1y
1c
0i
#111945064539
0t
0s
0r
1y
1c
0i
#111945064966
1t
0s
0r
1y
1c
0i
#111945065653
0t
0s
0r
1y
1c
0i
#111945066080
1t
0s
0r
1y
1c
1i
#111945066764
0t
0s
0r
1y
1c
1i
#111945067193
1t
0s
0r
1y
1c
1i
#111945067880
0t
0s
0r
1y
1c
1i
#111945068309
1t
0s
0r
1y
1c
1i
#111945069000
0t
0s
0r
1y
1c
0i
#111945069427
1t
0s
0r
1y
1c
0i
#111945070112
0t
0s
0r
1y
1c
0i
#111945070542
1t
0s
0r
1y
1c
0i
#111945071229
0t
0s
0r
1y
1c
0i
#111945071657
1t
0s
0r
1y
1c
0i
#111945072346
0t
0s
0r
1y
1c
0i
#111945072773
1t
0s
0r
1y
1c
0i
#111945073456
0t
0s
0r
1y
1c
0i
#111945073886
1t
0s
0r
1y
1c
0i
#111945074569
0t
0s
0r
1y
1c
0i
#111945074998
1t
0s
0r
1y
1c
0i
#111945075684
0t
0s
0r
1y
1c
0i
#111945076110
1t
0s
0r
1y
1c
0i
#111945076791
0t
0s
0r
1y
1c
0i
#111945077219
1t
0s
0r
1y
1c
0i
#111945077899
0t
0s
0r
1y
1c
0i
#111945078327
1t
0s
0r
1y
1c
0i
#111945079008
0t
0s
0r
1y
1c
0i
#111945079436
1t
0s
0r
1y
1c
0i
#111945080112
0t
0s
0r
1y
1c
0i
#111945080541
1t
0s
0r
1y
1c
0i
#111945081219
0t
0s
0r
1y
1c
0i
#111945081647
1t
0s
0r
1y
1c
0i
#111945082329
0t
0s
0r
1y
1c
0i
#111945082755
1t
0s
0r
1y
1c
0i
#111945084517
0t
0s
0r
1y
1c
0i
#111945085748
1t
0s
0r
1y
1c
0i
#111945086764
0t
0s
0r
1y
1c
0i
#111945087177
1t
0s
0r
1y
1c
0i
#111945087860
0t
0s
0r
1y
1c
0i
#111945088284
1t
0s
0r
1y
1c
0i
#111945088965
0t
0s
0r
1y
1c
0i
#111945089390
1t
0s
0r
1y
1c
0i
#111945090070
0t
0s
0r
1y
1c
0i
#111945090497
1t
0s
0r
1y
1c
0i
#111945091176
0t
0s
0r
1y
1c
0i
#111945091601
1t
0s
0r
1y
1c
0i
#111945092284
0t
0s
0r
1y
1c
0i
#111945092707
1t
0s
0r
1y
1c
0i
#111945093385
0t
0s
0r
1y
1c
0i
#111945093811
1t
0s
0r
1y
1c
0i
#111945094491
0t
0s
0r
1y
1c
0i
#111945094916
1t
0s
0r
1y
1c
0i
#111945095598
0t
0s
0r
1y
1c
0i
#111945096024
1t
0s
0r
1y
1c
0i
#111945096702
0t
0s
0r
1y
1c
0i
#111945097129
1t
0s
0r
1y
0c
0i
#111945097810
0t
0s
0r
1y
0c
0i
#111945098237
1t
0s
0r
1y
0c
0i
#111945098923
0t
0s
0r
1y
0c
0i
#111945099348
1t
0s
0r
1y
0c
1i
#111945100031
0t
0s
0r
1y
0c
1i
#111945100459
1t
0s
0r
1y
0c
1i
#111945101145
0t
0s
0r
1y
0c
1i
#111945101573
1t
0s
0r
1y
0c
1i
#111945101650
1t
0s
1r
1y
0c
1i
#111945101652
1t
0s
0r
1y
0c
1i
#111945102262
0t
0s
0r
1y
0c
0i
#111945102689
1t
0s
0r
1y
0c
0i
#111945103374
0t
0s
0r
1y
0c
0i
#111945103802
1t
0s
0r
1y
0c
0i
#111945104488
0t
0s
0r
1y
0c
0i
#111945104915
1t
0s
0r
1y
0c
0i
#111945105604
0t
0s
0r
1y
0c
0i
#111945106029
1t
0s
0r
1y
0c
0i
#111945106712
0t
0s
0r
1y
0c
0i
#111945107141
1t
0s
0r
1y
0c
0i
#111945107825
0t
0s
0r
1y
0c
0i
#111945108251
1t
0s
0r
1y
0c
0i
#111945108938
0t
0s
0r
1y
0c
0i
#111945109362
1t
0s
0r
1y
0c
0i
#111945110045
0t
0s
0r
1y
0c
0i
#111945110470
1t
0s
0r
1y
0c
0i
#111945111154
0t
0s
0r
1y
0c
0i
#111945111578
1t
0s
0r
1y
0c
0i
#111945112264
0t
0s
0r
1y
0c
0i
#111945112686
1t
0s
0r
1y
0c
0i
#111945113367
0t
0s
0r
1y
0c
0i
#111945113791
1t
0s
0r
1y
0c
0i
#111945114474
0t
0s
0r
1y
0c
0i
#111945114897
1t
0s
0r
1y
0c
0i
#111945115583
0t
0s
0r
1y
0c
0i
#111945116005
1t
0s
0r
1y
0c
0i
#111945116686
0t
0s
0r
1y
0c
0i
#111945117111
1t
0s
0r
1y
0c
0i
#111945117792
0t
0s
0r
1y
0c
0i
#111945118218
1t
0s
0r
1y
0c
0i
#111945118902
0t
0s
0r
1y
0c
0i
#111945119325
1t
0s
0r
1y
0c
0i
#111945120005
0t
0s
0r
1y
0c
0i
#111945120431
1t
0s
0r
1y
0c
0i
#111945121112
0t
0s
0r
1y
0c
0i
#111945121537
1t
0s
0r
1y
0c
0i
#111945122222
0t
0s
0r
1y
0c
0i
#111945122645
1t
0s
0r
1y
0c
0i
#111945123325
0t
0s
0r
1y
0c
0i
#111945123752
1t
0s
0r
1y
0c
0i
#111945124432
0t
0s
0r
1y
0c
0i
#111945124858
1t
0s
0r
1y
0c
0i
#111945125542
0t
0s
0r
1y
0c
0i
#111945125966
1t
0s
0r
1y
0c
0i
#111945126646
0t
0s
0r
1y
0c
0i
#111945127072
1t
0s
0r
1y
0c
0i
#111945127753
0t
0s
0r
1y
0c
0i
#111945128179
1t
0s
0r
1y
0c
0i
#111945128863
0t
0s
0r
1y
0c
0i
#111945129290
1t
0s
0r
1y
0c
0i
#111945129969
0t
0s
0r
1y
0c
0i
#111945130398
1t
0s
0r
1y
1c
0i
#111945131081
0t
0s
0r
1y
1c
0i
#111945131509
1t
0s
0r
1y
1c
0i
#111945132196
0t
0s
0r
1y
1c
0i
#111945132623
1t
0s
0r
1y
1c
1i
#111945133308
0t
0s
0r
1y
1c
1i
#111945133737
1t
0s
0r
1y
1c
1i
#111945134424
0t
0s
0r
1y
1c
1i
#111945134853
1t
0s
0r
1y
1c
1i
#111945135543
0t
0s
0r
1y
1c
0i
#111945135971
1t
0s
0r
1y
1c
0i
#111945136657
0t
0s
0r
1y
1c
0i
#111945137086
1t
0s
0r
1y
1c
0i
#111945137773
0t
0s
0r
1y
1c
0i
#111945138201
1t
0s
0r
1y
1c
0i
#111945138890
0t
0s
0r
1y
1c
0i
#111945139317
1t
0s
0r
1y
1c
0i
#111945140000
0t
0s
0r
1y
1c
0i
#111945140430
1t
0s
0r
1y
1c
0i
#111945141113
0t
0s
0r
1y
1c
0i
#111945141543
1t
0s
0r
1y
1c
0i
#111945142229
0t
0s
0r
1y
1c
0i
#111945142656
1t
0s
0r
1y
1c
0i
#111945143337
0t
0s
0r
1y
1c
0i
#111945143766
1t
0s
0r
1y
1c
0i
#111945144447
0t
0s
0r
1y
1c
0i
#111945144875
1t
0s
0r
1y
1c
0i
#111945145557
0t
0s
0r
1y
1c
0i
#111945145986
1t
0s
0r
1y
1c
0i
#111945146664
0t
0s
0r
1y
1c
0i
#111945147094
1t
0s
0r
1y
1c
0i
#111945147773
0t
0s
0r
1y
1c
0i
#111945148202
1t
0s
0r
1y
1c
0i
#111945148884
0t
0s
0r
1y
1c
0i
#111945149312
1t
0s
0r
1y
1c
0i
#111945151077
0t
0s
0r
1y
1c
0i
#111945152310
1t
0s
0r
1y
1c
0i
#111945153328
0t
0s
0r
1y
1c
0i
#111945153742
1t
0s
0r
1y
1c
0i
#111945154427
0t
0s
0r
1y
1c
0i
#111945154852
1t
0s
0r
1y
1c
0i
#111945155534
0t
0s
0r
1y
1c
0i
#111945155960
1t
0s
0r
1y
1c
0i
#111945156641
0t
0s
0r
1y
1c
0i
#111945157069
1t
0s
0r
1y
1c
0i
#111945157750
0t
0s
0r
1y
1c
0i
#111945158176
1t
0s
0r
1y
1c
0i
#111945158859
0t
0s
0r
1y
1c
0i
#111945159284
1t
0s
0r
1y
1c
0i
#111945159964
0t
0s
0r
1y
1c
0i
#111945160390
1t
0s
0r
1y
1c
0i
#111945161072
0t
0s
0r
1y
1c
0i
#111945161497
1t
0s
0r
1y
1c
0i
#111945162181
0t
0s
0r
1y
1c
0i
#111945162608
1t
0s
0r
1y
1c
0i
#111945163287
0t
0s
0r
1y
1c
0i
#111945163716
1t
0s
0r
1y
0c
0i
#111945164399
0t
0s
0r
1y
0c
0i
#111945164826
1t
0s
0r
1y
0c
0i
#111945165513
0t
0s
0r
1y
0c
0i
#111945165939
1t
0s
0r
1y
0c
1i
#111945166624
0t
0s
0r
1y
0c
1i
#111945167053
1t
0s
0r
1y
0c
1i
#111945167739
0t
0s
0r
1y
0c
1i
#111945168168
1t
0s
0r
1y
0c
1i
#111945168858
0t
0s
0r
1y
0c
0i
#111945169286
1t
0s
0r
1y
0c
0i
#111945169971
0t
0s
0r
1y
0c
0i
#111945170400
1t
0s
0r
1y
0c
0i
#111945171087
0t
0s
0r
1y
0c
0i
#111945171514
1t
0s
0r
1y
0c
0i
#111945172204
0t
0s
0r
1y
0c
0i
#111945172629
1t
0s
0r
1y
0c
0i
#111945173312
0t
0s
0r
1y
0c
0i
#111945173740
1t
0s
0r
1y
0c
0i
#111945174423
0t
0s
0r
1y
0c
0i
#111945174849
1t
0s
0r
1y
0c
0i
#111945175534
0t
0s
0r
1y
0c
0i
#111945175957
1t
0s
0r
1y
0c
0i
#111945176638
0t
0s
0r
1y
0c
0i
#111945177061
1t
0s
0r
1y
0c
0i
#111945177741
0t
0s
0r
1y
0c
0i
#111945178164
1t
0s
0r
1y
0c
0i
#111945178847
0t
0s
0r
1y
0c
0i
#111945179267
1t
0s
0r
1y
0c
0i
#111945179944
0t
0s
0r
1y
0c
0i
#111945180367
1t
0s
0r
1y
0c
0i
#111945181046
0t
0s
0r
1y
0c
0i
#111945181468
1t
0s
0r
1y
0c
0i
#111945182150
0t
0s
0r
1y
0c
0i
#111945182571
1t
0s
0r
1y
0c
0i
#111945183249
0t
0s
0r
1y
0c
0i
#111945183673
1t
0s
0r
1y
0c
0i
#111945184351
0t
0s
0r
1y
0c
0i
#111945184776
1t
0s
0r
1y
0c
0i
#111945185457
0t
0s
0r
1y
0c
0i
#111945185880
1t
0s
0r
1y
0c
0i
#111945186557
0t
0s
0r
1y
0c
0i
#111945186981
1t
0s
0r
1y
0c
0i
#111945187660
0t
0s
0r
1y
0c
0i
#111945188084
1t
0s
0r
1y
0c
0i
#111945188766
0t
0s
0r
1y
0c
0i
#111945189188
1t
0s
0r
1y
0c
0i
#111945189864
0t
0s
0r
1y
0c
0i
#111945190290
1t
0s
0r
1y
0c
0i
#111945190968
0t
0s
0r
1y
0c
0i
#111945191392
1t
0s
0r
1y
0c
0i
#111945192073
0t
0s
0r
1y
0c
0i
#111945192496
1t
0s
0r
1y
0c
0i
#111945193172
0t
0s
0r
1y
0c
0i
#111945193597
1t
0s
0r
1y
0c
0i
#111945194275
0t
0s
0r
1y
0c
0i
#111945194699
1t
0s
0r
1y
0c
0i
#111945195380
0t
0s
0r
1y
0c
0i
#111945195805
1t
0s
0r
1y
0c
0i
#111945196482
0t
0s
0r
1y
0c
0i
#111945196908
1t
0s
0r
1y
1c
0i
#111945197588
0t
0s
0r
1y
1c
0i
#111945198014
1t
0s
0r
1y
1c
0i
#111945198698
0t
0s
0r
1y
1c
0i
#111945199123
1t
0s
0r
1y
1c
1i
#111945199804
0t
0s
0r
1y
1c
1i
#111945200232
1t
0s
0r
1y
1c
1i
#111945200915
0t
0s
0r
1y
1c
1i
#111945201343
1t
0s
0r
1y
1c
1i
#111945202030
0t
0s
0r
1y
1c
0i
#111945202456
1t
0s
0r
1y
1c
0i
#111945203138
0t
0s
0r
1y
1c
0i
#111945203566
1t
0s
0r
1y
1c
0i
#111945204249
0t
0s
0r
1y
1c
0i
#111945204676
1t
0s
0r
1y
1c
0i
#111945205361
0t
0s
0r
1y
1c
0i
#111945205787
1t
0s
0r
1y
1c
0i
#111945206466
0t
0s
0r
1y
1c
0i
#111945206895
1t
0s
0r
1y
1c
0i
#111945207575
0t
0s
0r
1y
1c
0i
#111945208002
1t
0s
0r
1y
1c
0i
#111945208684
0t
0s
0r
1y
1c
0i
#111945209110
1t
0s
0r
1y
1c
0i
#111945209787
0t
0s
0r
1y
1c
0i
#111945210214
1t
0s
0r
1y
1c
0i
#111945210892
0t
0s
0r
1y
1c
0i
#111945211318
1t
0s
0r
1y
1c
0i
#111945211998
0t
0s
0r
1y
1c
0i
#111945212424
1t
0s
0r
1y
1c
0i
#111945213100
0t
0s
0r
1y
1c
0i
#111945213527
1t
0s
0r
1y
1c
0i
#111945214204
0t
0s
0r
1y
1c
0i
#111945214631
1t
0s
0r
1y
1c
0i
#111945215310
0t
0s
0r
1y
1c
0i
#111945215735
1t
0s
0r
1y
1c
0i
#111945217493
0t
0s
0r
1y
1c
0i
#111945218722
1t
0s
0r
1y
1c
0i
#111945219736
0t
0s
0r
1y
1c
0i
#111945220148
1t
0s
0r
1y
1c
0i
#111945220829
0t
0s
0r
1y
1c
0i
#111945221254
1t
0s
0r
1y
1c
0i
#111945221933
0t
0s
0r
1y
1c
0i
#111945222357
1t
0s
0r
1y
1c
0i
#111945223035
0t
0s
0r
1y
1c
0i
#111945223462
1t
0s
0r
1y
1c
0i
#111945224140
0t
0s
0r
1y
1c
0i
#111945224564
1t
0s
0r
1y
1c
0i
#111945225246
0t
0s
0r
1y
1c
0i
#111945225669
1t
0s
0r
1y
1c
0i
#111945226346
0t
0s
0r
1y
1c
0i
#111945226770
1t
0s
0r
1y
1c
0i
#111945227449
0t
0s
0r
1y
1c
0i
#111945227872
1t
0s
0r
1y
1c
0i
#111945228553
0t
0s
0r
1y
1c
0i
#111945228978
1t
0s
0r
1y
1c
0i
#111945229655
0t
0s
0r
1y
1c
0i
#111945230081
1t
0s
0r
1y
0c
0i
#111945230761
0t
0s
0r
1y
0c
0i
#111945231187
1t
0s
0r
1y
0c
0i
#111945231872
0t
0s
0r
1y
0c
0i
#111945232296
1t
0s
0r
1y
0c
1i
#111945232977
0t
0s
0r
1y
0c
1i
#111945233404
1t
0s
0r
1y
0c
1i
#111945234088
0t
0s
0r
1y
0c
1i
#111945234515
1t
0s
0r
1y
0c
1i
#111945234612
1t
0s
1r
1y
0c
1i
#111945234614
1t
0s
0r
1y
0c
1i
#111945235202
0t
0s
0r
1y
0c
0i
#111945235628
1t
0s
0r
1y
0c
0i
#111945236310
0t
0s
0r
1y
0c
0i
#111945236738
1t
0s
0r
1y
0c
0i
#111945237422
0t
0s
0r
1y
0c
0i
#111945237847
1t
0s
0r
1y
0c
0i
#111945238534
0t
0s
0r
1y
0c
0i
#111945238958
1t
0s
0r
1y
0c
0i
#111945239640
0t
0s
0r
1y
0c
0i
#111945240067
1t
0s
0r
1y
0c
0i
#111945240749
0t
0s
0r
1y
0c
0i
#111945241174
1t
0s
0r
1y
0c
0i
#111945241859
0t
0s
0r
1y
0c
0i
#111945242282
1t
0s
0r
1y
0c
0i
#111945242964
0t
0s
0r
1y
0c
0i
#111945243388
1t
0s
0r
1y
0c
0i
#111945244071
0t
0s
0r
1y
0c
0i
#111945244494
1t
0s
0r
1y
0c
0i
#111945245179
0t
0s
0r
1y
0c
0i
#111945245600
1t
0s
0r
1y
0c
0i
#111945246281
0t
0s
0r
1y
0c
0i
#111945246705
1t
0s
0r
1y
0c
0i
#111945247387
0t
0s
0r
1y
0c
0i
#111945247810
1t
0s
0r
1y
0c
0i
#111945248496
0t
0s
0r
1y
0c
0i
#111945248917
1t
0s
0r
1y
0c
0i
#111945249599
0t
0s
0r
1y
0c
0i
#111945250023
1t
0s
0r
1y
0c
0i
#111945250705
0t
0s
0r
1y
0c
0i
#111945251130
1t
0s
0r
1y
0c
0i
#111945251814
0t
0s
0r
1y
0c
0i
#111945252238
1t
0s
0r
1y
0c
0i
#111945252917
0t
0s
0r
1y
0c
0i
#111945253343
1t
0s
0r
1y
0c
0i
#111945254025
0t
0s
0r
1y
0c
0i
#111945254449
1t
0s
0r
1y
0c
0i
#111945255134
0t
0s
0r
1y
0c
0i
#111945255557
1t
0s
0r
1y
0c
0i
#111945256236
0t
0s
0r
1y
0c
0i
#111945256663
1t
0s
0r
1y
0c
0i
#111945257343
0t
0s
0r
1y
0c
0i
#111945257769
1t
0s
0r
1y
0c
0i
#111945258452
0t
0s
0r
1y
0c
0i
#111945258876
1t
0s
0r
1y
0c
0i
#111945259555
0t
0s
0r
1y
0c
0i
#111945259981
1t
0s
0r
1y
0c
0i
#111945260662
0t
0s
0r
1y
0c
0i
#111945261088
1t
0s
0r
1y
0c
0i
#111945261771
0t
0s
0r
1y
0c
0i
#111945262197
1t
0s
0r
1y
0c
0i
#111945262876
0t
0s
0r
1y
0c
0i
#111945263304
1t
0s
0r
1y
0c
0i
#111945263987
0t
0s
0r
1y
0c
0i
#111945264414
1t
0s
0r
1y
0c
0i
#111945265100
0t
0s
0r
1y
0c
0i
#111945265527
1t
0s
0r
1y
0c
0i
#111945266211
0t
0s
0r
1y
1c
0i
#111945266640
1t
0s
0r
1y
1c
0i
#111945267326
0t
0s
0r
1y
1c
0i
#111945267755
1t
0s
0r
1y
1c
0i
#111945268444
0t
0s
0r
1y
1c
0i
#111945268872
1t
0s
0r
1y
1c
0i
#111945269556
0t
0s
0r
1y
1c
0i
#111945269985
1t
0s
0r
1y
1c
0i
#111945270671
0t
0s
0r
1y
1c
0i
#111945271099
1t
0s
0r
1y
1c
0i
#111945271788
0t
0s
0r
1y
1c
0i
#111945272215
1t
0s
0r
1y
1c
0i
#111945272899
0t
0s
0r
1y
1c
0i
#111945273329
1t
0s
0r
1y
1c
0i
#111945274014
0t
0s
0r
1y
1c
0i
#111945274444
1t
0s
0r
1y
1c
0i
#111945275133
0t
0s
0r
1y
1c
0i
#111945275563
1t
0s
0r
1y
1c
0i
#111945276249
0t
0s
0r
1y
1c
0i
#111945276681
1t
0s
0r
1y
1c
0i
#111945277370
0t
0s
0r
1y
1c
0i
#111945277803
1t
0s
0r
1y
1c
0i
#111945278496
0t
0s
0r
1y
1c
0i
#111945278930
1t
0s
0r
1y
1c
0i
#111945279621
0t
0s
0r
1y
1c
0i
#111945280058
1t
0s
0r
1y
1c
0i
#111945280752
0t
0s
0r
1y
1c
0i
#111945281189
1t
0s
0r
1y
1c
0i
#111945281889
0t
0s
0r
1y
1c
0i
#111945282325
1t
0s
0r
1y
1c
0i
#111945284140
0t
0s
0r
1y
1c
0i
#111945285408
1t
0s
0r
1y
1c
0i
#111945286460
0t
0s
0r
1y
1c
0i
#111945286885
1t
0s
0r
1y
1c
0i
#111945287594
0t
0s
0r
1y
1c
0i
#111945288032
1t
0s
0r
1y
1c
0i
#111945288739
0t
0s
0r
1y
1c
0i
#111945289178
1t
0s
0r
1y
1c
0i
#111945289885
0t
0s
0r
1y
1c
0i
#111945290327
1t
0s
0r
1y
1c
0i
#111945291034
0t
0s
0r
1y
1c
0i
#111945291474
1t
0s
0r
1y
1c
0i
#111945292186
0t
0s
0r
1y
1c
0i
#111945292625
1t
0s
0r
1y
1c
0i
#111945293333
0t
0s
0r
1y
1c
0i
#111945293773
1t
0s
0r
1y
1c
0i
#111945294483
0t
0s
0r
1y
1c
0i
#111945294923
1t
0s
0r
1y
1c
0i
#111945295636
0t
0s
0r
1y
1c
0i
#111945296077
1t
0s
0r
1y
1c
0i
#111945296785
0t
0s
0r
1y
1c
0i
#111945297228
1t
0s
0r
1y
1c
0i
#111945297940
0t
0s
0r
1y
1c
0i
#111945298383
1t
0s
0r
1y
1c
0i
#111945299100
0t
0s
0r
1y
1c
0i
#111945299540
1t
0s
0r
1y
1c
0i
#111945300255
0t
0s
0r
1y
0c
0i
#111945300698
1t
0s
0r
1y
0c
0i
#111945301414
0t
0s
0r
1y
0c
0i
#111945301858
1t
0s
0r
1y
0c
0i
#111945302577
0t
0s
0r
1y
0c
0i
#111945303019
1t
0s
0r
1y
0c
0i
#111945303734
0t
0s
0r
1y
0c
0i
#111945304177
1t
0s
0r
1y
0c
0i
#111945304894
0t
0s
0r
1y
0c
0i
#111945305335
1t
0s
0r
1y
0c
0i
#111945306055
0t
0s
0r
1y
0c
0i
#111945306495
1t
0s
0r
1y
0c
0i
#111945307210
0t
0s
0r
1y
0c
0i
#111945307654
1t
0s
0r
1y
0c
0i
#111945308370
0t
0s
0r
1y
0c
0i
#111945308813
1t
0s
0r
1y
0c
0i
#111945309533
0t
0s
0r
1y
0c
0i
#111945309975
1t
0s
0r
1y
0c
0i
#111945310694
0t
0s
0r
1y
0c
0i
#111945311137
1t
0s
0r
1y
0c
0i
#111945311860
0t
0s
0r
1y
0c
0i
#111945312303
1t
0s
0r
1y
0c
0i
#111945313031
0t
0s
0r
1y
0c
0i
#111945313474
1t
0s
0r
1y
0c
0i
#111945314199
0t
0s
0r
1y
0c
0i
#111945314645
1t
0s
0r
1y
0c
0i
#111945315374
0t
0s
0r
1y
0c
0i
#111945315821
1t
0s
0r
1y
0c
0i
#111945316556
0t
0s
0r
1y
0c
0i
#111945317002
1t
0s
0r
1y
0c
0i
#111945317734
0t
0s
0r
1y
0c
0i
#111945318184
1t
0s
0r
1y
0c
0i
#111945318918
0t
0s
0r
1y
0c
0i
#111945319370
1t
0s
0r
1y
0c
0i
#111945320108
0t
0s
0r
1y
0c
0i
#111945320559
1t
0s
0r
1y
0c
0i
#111945321294
0t
0s
0r
1y
0c
0i
#111945321747
1t
0s
0r
1y
0c
0i
#111945322486
0t
0s
0r
1y
0c
0i
#111945322938
1t
0s
0r
1y
0c
0i
#111945323681
0t
0s
0r
1y
0c
0i
#111945324133
1t
0s
0r
1y
0c
0i
#111945324871
0t
0s
0r
1y
0c
0i
#111945325327
1t
0s
0r
1y
0c
0i
#111945326067
0t
0s
0r
1y
0c
0i
#111945326522
1t
0s
0r
1y
0c
0i
#111945327266
0t
0s
0r
1y
0c
0i
#111945327721
1t
0s
0r
1y
0c
0i
#111945328461
0t
0s
0r
1y
0c
0i
#111945328917
1t
0s
0r
1y
0c
0i
#111945329660
0t
0s
0r
1y
0c
0i
#111945330116
1t
0s
0r
1y
0c
0i
#111945330862
0t
0s
0r
1y
0c
0i
#111945331319
1t
0s
0r
1y
0c
0i
#111945332061
0t
0s
0r
1y
0c
0i
#111945332520
1t
0s
0r
1y
0c
0i
#111945333266
0t
0s
0r
1y
0c
0i
#111945333725
1t
0s
0r
1y
0c
0i
#111945334476
0t
0s
0r
1y
0c
0i
#111945334934
1t
0s
0r
1y
0c
0i
#111945335683
0t
0s
0r
1y
1c
0i
#111945336143
1t
0s
0r
1y
1c
0i
#111945336894
0t
0s
0r
1y
1c
0i
#111945337355
1t
0s
0r
1y
1c
0i
#111945338110
0t
0s
0r
1y
1c
0i
#111945338569
1t
0s
0r
1y
1c
0i
#111945339318
0t
0s
0r
1y
1c
0i
#111945339779
1t
0s
0r
1y
1c
0i
#111945340530
0t
0s
0r
1y
1c
0i
#111945340990
1t
0s
0r
1y
1c
0i
#111945341743
0t
0s
0r
1y
1c
0i
#111945342202
1t
0s
0r
1y
1c
0i
#111945342950
0t
0s
0r
1y
1c
0i
#111945343413
1t
0s
0r
1y
1c
0i
#111945344162
0t
0s
0r
1y
1c
0i
#111945344624
1t
0s
0r
1y
1c
0i
#111945345378
0t
0s
0r
1y
1c
0i
#111945345840
1t
0s
0r
1y
1c
0i
#111945346590
0t
0s
0r
1y
1c
0i
#111945347054
1t
0s
0r
1y
1c
0i
#111945347809
0t
0s
0r
1y
1c
0i
#111945348273
1t
0s
0r
1y
1c
0i
#111945349032
0t
0s
0r
1y
1c
0i
#111945349498
1t
0s
0r
1y
1c
0i
#111945350255
0t
0s
0r
1y
1c
0i
#111945350724
1t
0s
0r
1y
1c
0i
#111945351485
0t
0s
0r
1y
1c
0i
#111945351954
1t
0s
0r
1y
1c
0i
#111945352720
0t
0s
0r
1y
1c
0i
#111945353189
1t
0s
0r
1y
1c
0i
#111945355169
0t
0s
0r
1y
1c
0i
#111945356541
1t
0s
0r
1y
1c
0i
#111945357693
0t
0s
0r
1y
1c
0i
#111945358151
1t
0s
0r
1y
1c
0i
#111945358929
0t
0s
0r
1y
1c
0i
#111945359400
1t
0s
0r
1y
1c
0i
#111945360176
0t
0s
0r
1y
1c
0i
#111945360649
1t
0s
0r
1y
1c
0i
#111945361427
0t
0s
0r
1y
1c
0i
#111945361901
1t
0s
0r
1y
1c
0i
#111945362679
0t
0s
0r
1y
1c
0i
#111945363153
1t
0s
0r
1y
1c
0i
#111945363935
0t
0s
0r
1y
1c
0i
#111945364408
1t
0s
0r
1y
1c
0i
#111945365187
0t
0s
0r
1y
1c
0i
#111945365662
1t
0s
0r
1y
1c
0i
#111945366443
0t
0s
0r
1y
1c
0i
#111945366918
1t
0s
0r
1y
1c
0i
#111945367703
0t
0s
0r
1y
1c
0i
#111945368179
1t
0s
0r
1y
1c
0i
#111945368960
0t
0s
0r
1y
1c
0i
#111945369439
1t
0s
0r
1y
1c
0i
#111945370225
0t
0s
0r
1y
1c
0i
#111945370702
1t
0s
0r
1y
1c
0i
#111945371494
0t
0s
0r
1y
1c
0i
#111945371970
1t
0s
0r
1y
1c
0i
#111945372760
0t
0s
0r
1y
0c
0i
#111945373012
0t
0s
1r
1y
0c
0i
#111945373015
0t
0s
0r
1y
0c
0i
#111945373239
1t
0s
0r
1y
0c
0i
#111945374031
0t
0s
0r
1y
0c
0i
#111945374511
1t
0s
0r
1y
0c
0i
#111945375307
0t
0s
0r
1y
0c
0i
#111945375785
1t
0s
0r
1y
0c
0i
#111945376576
0t
0s
0r
1y
0c
0i
#111945377055
1t
0s
0r
1y
0c
0i
#111945377846
0t
0s
0r
1y
0c
0i
#111945378324
1t
0s
0r
1y
0c
0i
#111945379118
0t
0s
0r
1y
0c
0i
#111945379594
1t
0s
0r
1y
0c
0i
#111945380384
0t
0s
0r
1y
0c
0i
#111945380863
1t
0s
0r
1y
0c
0i
#111945381654
0t
0s
0r
1y
0c
0i
#111945382132
1t
0s
0r
1y
0c
0i
#111945382928
0t
0s
0r
1y
0c
0i
#111945383405
1t
0s
0r
1y
0c
0i
#111945384199
0t
0s
0r
1y
0c
0i
#111945384678
1t
0s
0r
1y
0c
0i
#111945385476
0t
0s
0r
1y
0c
0i
#111945385955
1t
0s
0r
1y
0c
0i
#111945386759
0t
0s
0r
1y
0c
0i
#111945387238
1t
0s
0r
1y
0c
0i
#111945388039
0t
0s
0r
1y
0c
0i
#111945388522
1t
0s
0r
1y
0c
0i
#111945389328
0t
0s
0r
1y
0c
0i
#111945389811
1t
0s
0r
1y
0c
0i
#111945390623
0t
0s
0r
1y
0c
0i
#111945391107
1t
0s
0r
1y
0c
0i
#111945391917
0t
0s
0r
1y
0c
0i
#111945392404
1t
0s
0r
1y
0c
0i
#111945393217
0t
0s
0r
1y
0c
0i
#111945393706
1t
0s
0r
1y
0c
0i
#111945394524
0t
0s
0r
1y
0c
0i
#111945395012
1t
0s
0r
1y
0c
0i
#111945395827
0t
0s
0r
1y
0c
0i
#111945396318
1t
0s
0r
1y
0c
0i
#111945397137
0t
0s
0r
1y
0c
0i
#111945397628
1t
0s
0r
1y
0c
0i
#111945398452
0t
0s
0r
1y
0c
0i
#111945398943
1t
0s
0r
1y
0c
0i
#111945399762
0t
0s
0r
1y
0c
0i
#111945400257
1t
0s
0r
1y
0c
0i
#111945401079
0t
0s
0r
1y
0c
0i
#111945401573
1t
0s
0r
1y
0c
0i
#111945402400
0t
0s
0r
1y
0c
0i
#111945402894
1t
0s
0r
1y
0c
0i
#111945403716
0t
0s
0r
1y
0c
0i
#111945404212
1t
0s
0r
1y
0c
0i
#111945405039
0t
0s
0r
1y
0c
0i
#111945405535
1t
0s
0r
1y
0c
0i
#111945406366
0t
0s
0r
1y
0c
0i
#111945406863
1t
0s
0r
1y
0c
0i
#111945407691
0t
0s
0r
1y
0c
0i
#111945408191
1t
0s
0r
1y
0c
0i
#111945409023
0t
0s
0r
1y
0c
0i
#111945409523
1t
0s
0r
1y
0c
0i
#111945410361
0t
0s
0r
1y
0c
0i
#111945410861
1t
0s
0r
1y
0c
0i
#111945411697
0t
0s
0r
1y
1c
0i
#111945412200
1t
0s
0r
1y
1c
0i
#111945413039
0t
0s
0r
1y
1c
0i
#111945413542
1t
0s
0r
1y
1c
0i
#111945414386
0t
0s
0r
1y
1c
0i
#111945414887
1t
0s
0r
1y
1c
0i
#111945415724
0t
0s
0r
1y
1c
0i
#111945416227
1t
0s
0r
1y
1c
0i
#111945417066
0t
0s
0r
1y
1c
0i
#111945417567
1t
0s
0r
1y
1c
0i
#111945418408
0t
0s
0r
1y
1c
0i
#111945418908
1t
0s
0r
1y
1c
0i
#111945419741
0t
0s
0r
1y
1c
0i
#111945420246
1t
0s
0r
1y
1c
0i
#111945421080
0t
0s
0r
1y
1c
0i
#111945421584
1t
0s
0r
1y
1c
0i
#111945422423
0t
0s
0r
1y
1c
0i
#111945422925
1t
0s
0r
1y
1c
0i
#111945423761
0t
0s
0r
1y
1c
0i
#111945424267
1t
0s
0r
1y
1c
0i
#111945425106
0t
0s
0r
1y
1c
0i
#111945425613
1t
0s
0r
1y
1c
0i
#111945426458
0t
0s
0r
1y
1c
0i
#111945426966
1t
0s
0r
1y
1c
0i
#111945427809
0t
0s
0r
1y
1c
0i
#111945428320
1t
0s
0r
1y
1c
0i
#111945429169
0t
0s
0r
1y
1c
0i
#111945429680
1t
0s
0r
1y
1c
0i
#111945430536
0t
0s
0r
1y
1c
0i
#111945431047
1t
0s
0r
1y
1c
0i
#111945433248
0t
0s
0r
1y
1c
0i
#111945434754
1t
0s
0r
1y
1c
0i
#111945436043
0t
0s
0r
1y
1c
0i
#111945436543
1t
0s
0r
1y
1c
0i
#111945437411
0t
0s
0r
1y
1c
0i
#111945437928
1t
0s
0r
1y
1c
0i
#111945438797
0t
0s
0r
1y
1c
0i
#111945439315
1t
0s
0r
1y
1c
0i
#111945440185
0t
0s
0r
1y
1c
0i
#111945440704
1t
0s
0r
1y
1c
0i
#111945441576
0t
0s
0r
1y
1c
0i
#111945442095
1t
0s
0r
1y
1c
0i
#111945442972
0t
0s
0r
1y
1c
0i
#111945443490
1t
0s
0r
1y
1c
0i
#111945444362
0t
0s
0r
1y
1c
0i
#111945444883
1t
0s
0r
1y
1c
0i
#111945445759
0t
0s
0r
1y
1c
0i
#111945446281
1t
0s
0r
1y
1c
0i
#111945447162
0t
0s
0r
1y
1c
0i
#111945447685
1t
0s
0r
1y
1c
0i
#111945448563
0t
0s
0r
1y
1c
0i
#111945449089
1t
0s
0r
1y
1c
0i
#111945449972
0t
0s
0r
1y
1c
0i
#111945450498
1t
0s
0r
1y
1c
0i
#111945451388
0t
0s
0r
1y
1c
0i
#111945451913
1t
0s
0r
1y
0c
0i
#111945452801
0t
0s
0r
1y
0c
0i
#111945453330
1t
0s
0r
1y
0c
0i
#111945454221
0t
0s
0r
1y
0c
0i
#111945454751
1t
0s
0r
1y
0c
0i
#111945455645
0t
0s
0r
1y
0c
0i
#111945456174
1t
0s
0r
1y
0c
0i
#111945457061
0t
0s
0r
1y
0c
0i
#111945457591
1t
0s
0r
1y
0c
0i
#111945458480
0t
0s
0r
1y
0c
0i
#111945459007
1t
0s
0r
1y
0c
0i
#111945459898
0t
0s
0r
1y
0c
0i
#111945460423
1t
0s
0r
1y
0c
0i
#111945461306
0t
0s
0r
1y
0c
0i
#111945461836
1t
0s
0r
1y
0c
0i
#111945462722
0t
0s
0r
1y
0c
0i
#111945463249
1t
0s
0r
1y
0c
0i
#111945464140
0t
0s
0r
1y
0c
0i
#111945464665
1t
0s
0r
1y
0c
0i
#111945465553
0t
0s
0r
1y
0c
0i
#111945466083
1t
0s
0r
1y
0c
0i
#111945466976
0t
0s
0r
1y
0c
0i
#111945467506
1t
0s
0r
1y
0c
0i
#111945468406
0t
0s
0r
1y
0c
0i
#111945468935
1t
0s
0r
1y
0c
0i
#111945469833
0t
0s
0r
1y
0c
0i
#111945470367
1t
0s
0r
1y
0c
0i
#111945471270
0t
0s
0r
1y
0c
0i
#111945471805
1t
0s
0r
1y
0c
0i
#111945472715
0t
0s
0r
1y
0c
0i
#111945473250
1t
0s
0r
1y
0c
0i
#111945474159
0t
0s
0r
1y
0c
0i
#111945474699
1t
0s
0r
1y
0c
0i
#111945475611
0t
0s
0r
1y
0c
0i
#111945476154
1t
0s
0r
1y
0c
0i
#111945477072
0t
0s
0r
1y
0c
0i
#111945477613
1t
0s
0r
1y
0c
0i
#111945478528
0t
0s
0r
1y
0c
0i
#111945479074
1t
0s
0r
1y
0c
0i
#111945479994
0t
0s
0r
1y
0c
0i
#111945480539
1t
0s
0r
1y
0c
0i
#111945481466
0t
0s
0r
1y
0c
0i
#111945482010
1t
0s
0r
1y
0c
0i
#111945482933
0t
0s
0r
1y
0c
0i
#111945483482
1t
0s
0r
1y
0c
0i
#111945484408
0t
0s
0r
1y
0c
0i
#111945484958
1t
0s
0r
1y
0c
0i
#111945485889
0t
0s
0r
1y
0c
0i
#111945486438
1t
0s
0r
1y
0c
0i
#111945487364
0t
0s
0r
1y
0c
0i
#111945487917
1t
0s
0r
1y
0c
0i
#111945488849
0t
0s
0r
1y
0c
0i
#111945489402
1t
0s
0r
1y
0c
0i
#111945490339
0t
0s
0r
1y
0c
0i
#111945490895
1t
0s
0r
1y
0c
0i
#111945491828
0t
0s
0r
1y
0c
0i
#111945492387
1t
0s
0r
1y
0c
0i
#111945493327
0t
0s
0r
1y
0c
0i
#111945493886
1t
0s
0r
1y
0c
0i
#111945494834
0t
0s
0r
1y
1c
0i
#111945495393
1t
0s
0r
1y
1c
0i
#111945496337
0t
0s
0r
1y
1c
0i
#111945496901
1t
0s
0r
1y
1c
0i
#111945497850
0t
0s
0r
1y
1c
0i
#111945498414
1t
0s
0r
1y
1c
0i
#111945499367
0t
0s
0r
1y
1c
0i
#111945499929
1t
0s
0r
1y
1c
0i
#111945500875
0t
0s
0r
1y
1c
0i
#111945501439
1t
0s
0r
1y
1c
0i
#111945502385
0t
0s
0r
1y
1c
0i
#111945502946
1t
0s
0r
1y
1c
0i
#111945503895
0t
0s
0r
1y
1c
0i
#111945504454
1t
0s
0r
1y
1c
0i
#111945505394
0t
0s
0r
1y
1c
0i
#111945505957
1t
0s
0r
1y
1c
0i
#111945506900
0t
0s
0r
1y
1c
0i
#111945507461
1t
0s
0r
1y
1c
0i
#111945508409
0t
0s
0r
1y
1c
0i
#111945508969
1t
0s
0r
1y
1c
0i
#111945509912
0t
0s
0r
1y
1c
0i
#111945510477
1t
0s
0r
1y
1c
0i
#111945511425
0t
0s
0r
1y
1c
0i
#111945511990
1t
0s
0r
1y
1c
0i
#111945512946
0t
0s
0r
1y
1c
0i
#111945513513
1t
0s
0r
1y
1c
0i
#111945514466
0t
0s
0r
1y
1c
0i
#111945515037
1t
0s
0r
1y
1c
0i
#111945515996
0t
0s
0r
1y
1c
0i
#111945516569
1t
0s
0r
1y
1c
0i
#111945517536
0t
0s
0r
1y
1c
0i
#111945518109
1t
0s
0r
1y
1c
0i
#111945520594
0t
0s
0r
1y
1c
0i
#111945522283
1t
0s
0r
1y
1c
0i
#111945523757
0t
0s
0r
1y
1c
0i
#111945524313
1t
0s
0r
1y
1c
0i
#111945525293
0t
0s
0r
1y
1c
0i
#111945525878
1t
0s
0r
1y
1c
0i
#111945526862
0t
0s
0r
1y
1c
0i
#111945527447
1t
0s
0r
1y
1c
0i
#111945528432
0t
0s
0r
1y
1c
0i
#111945529020
1t
0s
0r
1y
1c
0i
#111945530007
0t
0s
0r
1y
1c
0i
#111945530595
1t
0s
0r
1y
1c
0i
#111945531589
0t
0s
0r
1y
1c
0i
#111945532177
1t
0s
0r
1y
1c
0i
#111945533167
0t
0s
0r
1y
1c
0i
#111945533759
1t
0s
0r
1y
1c
0i
#111945534755
0t
0s
0r
1y
1c
0i
#111945535347
1t
0s
0r
1y
1c
0i
#111945536349
0t
0s
0r
1y
1c
0i
#111945536944
1t
0s
0r
1y
1c
0i
#111945537943
0t
0s
0r
1y
1c
0i
#111945538542
1t
0s
0r
1y
1c
0i
#111945539548
0t
0s
0r
1y
0c
0i
#111945540148
1t
0s
0r
1y
0c
0i
#111945541163
0t
0s
0r
1y
0c
0i
#111945541763
1t
0s
0r
1y
0c
0i
#111945542089
1t
0s
1r
1y
0c
0i
#111945542092
1t
0s
0r
1y
0c
0i
#111945542776
0t
0s
0r
1y
0c
0i
#111945543381
1t
0s
0r
1y
0c
0i
#111945544398
0t
0s
0r
1y
0c
0i
#111945545004
1t
0s
0r
1y
0c
0i
#111945546025
0t
0s
0r
1y
0c
0i
#111945546629
1t
0s
0r
1y
0c
0i
#111945547643
0t
0s
0r
1y
0c
0i
#111945548248
1t
0s
0r
1y
0c
0i
#111945549262
0t
0s
0r
1y
0c
0i
#111945549863
1t
0s
0r
1y
0c
0i
#111945550880
0t
0s
0r
1y
0c
0i
#111945551478
1t
0s
0r
1y
0c
0i
#111945552486
0t
0s
0r
1y
0c
0i
#111945553089
1t
0s
0r
1y
0c
0i
#111945554099
0t
0s
0r
1y
0c
0i
#111945554700
1t
0s
0r
1y
0c
0i
#111945555715
0t
0s
0r
1y
0c
0i
#111945556314
1t
0s
0r
1y
0c
0i
#111945557326
0t
0s
0r
1y
0c
0i
#111945557929
1t
0s
0r
1y
0c
0i
#111945558947
0t
0s
0r
1y
0c
0i
#111945559550
1t
0s
0r
1y
0c
0i
#111945560576
0t
0s
0r
1y
0c
0i
#111945561179
1t
0s
0r
1y
0c
0i
#111945562203
0t
0s
0r
1y
0c
0i
#111945562812
1t
0s
0r
1y
0c
0i
#111945563842
0t
0s
0r
1y
0c
0i
#111945564452
1t
0s
0r
1y
0c
0i
#111945565492
0t
0s
0r
1y
0c
0i
#111945566102
1t
0s
0r
1y
0c
0i
#111945567140
0t
0s
0r
1y
0c
0i
#111945567757
1t
0s
0r
1y
0c
0i
#111945568801
0t
0s
0r
1y
0c
0i
#111945569421
1t
0s
0r
1y
0c
0i
#111945570473
0t
0s
0r
1y
0c
0i
#111945571091
1t
0s
0r
1y
0c
0i
#111945572141
0t
0s
0r
1y
0c
0i
#111945572765
1t
0s
0r
1y
0c
0i
#111945573821
0t
0s
0r
1y
0c
0i
#111945574446
1t
0s
0r
1y
0c
0i
#111945575510
0t
0s
0r
1y
0c
0i
#111945576135
1t
0s
0r
1y
0c
0i
#111945577195
0t
0s
0r
1y
0c
0i
#111945577826
1t
0s
0r
1y
0c
0i
#111945578892
0t
0s
0r
1y
0c
0i
#111945579524
1t
0s
0r
1y
0c
0i
#111945580596
0t
0s
0r
1y
0c
0i
#111945581228
1t
0s
0r
1y
0c
0i
#111945582298
0t
0s
0r
1y
0c
0i
#111945582935
1t
0s
0r
1y
0c
0i
#111945584012
0t
0s
0r
1y
0c
0i
#111945584650
1t
0s
0r
1y
0c
0i
#111945585735
0t
0s
0r
1y
0c
0i
#111945586376
1t
0s
0r
1y
0c
0i
#111945587458
0t
0s
0r
1y
0c
0i
#111945588105
1t
0s
0r
1y
0c
0i
#111945589197
0t
0s
0r
1y
1c
0i
#111945589845
1t
0s
0r
1y
1c
0i
#111945590947
0t
0s
0r
1y
1c
0i
#111945591597
1t
0s
0r
1y
1c
0i
#111945592697
0t
0s
0r
1y
1c
0i
#111945593353
1t
0s
0r
1y
1c
0i
#111945594459
0t
0s
0r
1y
1c
0i
#111945595116
1t
0s
0r
1y
1c
0i
#111945596227
0t
0s
0r
1y
1c
0i
#111945596881
1t
0s
0r
1y
1c
0i
#111945597982
0t
0s
0r
1y
1c
0i
#111945598638
1t
0s
0r
1y
1c
0i
#111945599740
0t
0s
0r
1y
1c
0i
#111945600392
1t
0s
0r
1y
1c
0i
#111945601494
0t
0s
0r
1y
1c
0i
#111945602143
1t
0s
0r
1y
1c
0i
#111945603235
0t
0s
0r
1y
1c
0i
#111945603888
1t
0s
0r
1y
1c
0i
#111945604980
0t
0s
0r
1y
1c
0i
#111945605630
1t
0s
0r
1y
1c
0i
#111945606728
0t
0s
0r
1y
1c
0i
#111945607375
1t
0s
0r
1y
1c
0i
#111945608467
0t
0s
0r
1y
1c
0i
#111945609120
1t
0s
0r
1y
1c
0i
#111945610217
0t
0s
0r
1y
1c
0i
#111945610871
1t
0s
0r
1y
1c
0i
#111945611976
0t
0s
0r
1y
1c
0i
#111945612631
1t
0s
0r
1y
1c
0i
#111945613733
0t
0s
0r
1y
1c
0i
#111945614394
1t
0s
0r
1y
1c
0i
#111945615504
0t
0s
0r
1y
1c
0i
#111945616167
1t
0s
0r
1y
1c
0i
#111945617287
0t
0s
0r
1y
1c
0i
#111945617951
1t
0s
0r
1y
1c
0i
#111945620833
0t
0s
0r
1y
1c
0i
#111945622783
1t
0s
0r
1y
1c
0i
#111945624520
0t
0s
0r
1y
1c
0i
#111945625158
1t
0s
0r
1y
1c
0i
#111945626300
0t
0s
0r
1y
1c
0i
#111945626982
1t
0s
0r
1y
1c
0i
#111945628130
0t
0s
0r
1y
1c
0i
#111945628812
1t
0s
0r
1y
1c
0i
#111945629964
0t
0s
0r
1y
1c
0i
#111945630651
1t
0s
0r
1y
1c
0i
#111945631807
0t
0s
0r
1y
1c
0i
#111945632495
1t
0s
0r
1y
1c
0i
#111945633660
0t
0s
0r
1y
1c
0i
#111945634349
1t
0s
0r
1y
1c
0i
#111945635511
0t
0s
0r
1y
1c
0i
#111945636206
1t
0s
0r
1y
1c
0i
#111945637377
0t
0s
0r
1y
1c
0i
#111945638074
1t
0s
0r
1y
1c
0i
#111945639255
0t
0s
0r
1y
1c
0i
#111945639956
1t
0s
0r
1y
1c
0i
#111945641137
0t
0s
0r
1y
1c
0i
#111945641844
1t
0s
0r
1y
1c
0i
#111945643035
0t
0s
0r
1y
0c
0i
#111945643745
1t
0s
0r
1y
0c
0i
#111945644949
0t
0s
0r
1y
0c
0i
#111945645660
1t
0s
0r
1y
0c
0i
#111945646864
0t
0s
0r
1y
0c
0i
#111945647582
1t
0s
0r
1y
0c
0i
#111945648792
0t
0s
0r
1y
0c
0i
#111945649512
1t
0s
0r
1y
0c
0i
#111945650727
0t
0s
0r
1y
0c
0i
#111945651444
1t
0s
0r
1y
0c
0i
#111945652648
0t
0s
0r
1y
0c
0i
#111945653366
1t
0s
0r
1y
0c
0i
#111945654569
0t
0s
0r
1y
0c
0i
#111945655281
1t
0s
0r
1y
0c
0i
#111945656484
0t
0s
0r
1y
0c
0i
#111945657192
1t
0s
0r
1y
0c
0i
#111945658383
0t
0s
0r
1y
0c
0i
#111945659095
1t
0s
0r
1y
0c
0i
#111945660287
0t
0s
0r
1y
0c
0i
#111945660994
1t
0s
0r
1y
0c
0i
#111945662192
0t
0s
0r
1y
0c
0i
#111945662897
1t
0s
0r
1y
0c
0i
#111945664090
0t
0s
0r
1y
0c
0i
#111945664800
1t
0s
0r
1y
0c
0i
#111945665999
0t
0s
0r
1y
0c
0i
#111945666708
1t
0s
0r
1y
0c
0i
#111945667918
0t
0s
0r
1y
0c
0i
#111945668628
1t
0s
0r
1y
0c
0i
#111945669835
0t
0s
0r
1y
0c
0i
#111945670553
1t
0s
0r
1y
0c
0i
#111945671770
0t
0s
0r
1y
0c
0i
#111945672490
1t
0s
0r
1y
0c
0i
#111945673719
0t
0s
0r
1y
0c
0i
#111945674440
1t
0s
0r
1y
0c
0i
#111945675670
0t
0s
0r
1y
0c
0i
#111945676400
1t
0s
0r
1y
0c
0i
#111945677637
0t
0s
0r
1y
0c
0i
#111945678372
1t
0s
0r
1y
0c
0i
#111945679621
0t
0s
0r
1y
0c
0i
#111945680357
1t
0s
0r
1y
0c
0i
#111945681605
0t
0s
0r
1y
0c
0i
#111945682348
1t
0s
0r
1y
0c
0i
#111945683606
0t
0s
0r
1y
0c
0i
#111945684351
1t
0s
0r
1y
0c
0i
#111945685621
0t
0s
0r
1y
0c
0i
#111945686368
1t
0s
0r
1y
0c
0i
#111945687636
0t
0s
0r
1y
0c
0i
#111945688392
1t
0s
0r
1y
0c
0i
#111945689669
0t
0s
0r
1y
0c
0i
#111945690427
1t
0s
0r
1y
0c
0i
#111945691716
0t
0s
0r
1y
0c
0i
#111945692476
1t
0s
0r
1y
0c
0i
#111945693764
0t
0s
0r
1y
0c
0i
#111945694532
1t
0s
0r
1y
0c
0i
#111945695832
0t
0s
0r
1y
0c
0i
#111945696603
1t
0s
0r
1y
0c
0i
#111945697916
0t
0s
0r
1y
0c
0i
#111945698693
1t
0s
0r
1y
0c
0i
#111945700007
0t
0s
0r
1y
0c
0i
#111945700794
1t
0s
0r
1y
0c
0i
#111945702124
0t
0s
0r
1y
1c
0i
#111945702914
1t
0s
0r
1y
1c
0i
#111945704261
0t
0s
0r
1y
1c
0i
#111945705055
1t
0s
0r
1y
1c
0i
#111945706403
0t
0s
0r
1y
1c
0i
#111945707208
1t
0s
0r
1y
1c
0i
#111945708565
0t
0s
0r
1y
1c
0i
#111945709371
1t
0s
0r
1y
1c
0i
#111945710735
0t
0s
0r
1y
1c
0i
#111945711537
1t
0s
0r
1y
1c
0i
#111945712887
0t
0s
0r
1y
1c
0i
#111945713691
1t
0s
0r
1y
1c
0i
#111945715038
0t
0s
0r
1y
1c
0i
#111945715835
1t
0s
0r
1y
1c
0i
#111945717179
0t
0s
0r
1y
1c
0i
#111945717970
1t
0s
0r
1y
1c
0i
#111945719299
0t
0s
0r
1y
1c
0i
#111945720094
1t
0s
0r
1y
1c
0i
#111945721422
0t
0s
0r
1y
1c
0i
#111945722212
1t
0s
0r
1y
1c
0i
#111945723545
0t
0s
0r
1y
1c
0i
#111945724333
1t
0s
0r
1y
1c
0i
#111945725659
0t
0s
0r
1y
1c
0i
#111945726451
1t
0s
0r
1y
1c
0i
#111945727785
0t
0s
0r
1y
1c
0i
#111945728579
1t
0s
0r
1y
1c
0i
#111945729924
0t
0s
0r
1y
1c
0i
#111945730721
1t
0s
0r
1y
1c
0i
#111945732064
0t
0s
0r
1y
1c
0i
#111945732869
1t
0s
0r
1y
1c
0i
#111945734224
0t
0s
0r
1y
1c
0i
#111945735032
1t
0s
0r
1y
1c
0i
#111945736402
0t
0s
0r
1y
1c
0i
#111945737214
1t
0s
0r
1y
1c
0i
#111945740751
0t
0s
0r
1y
1c
0i
#111945743120
1t
0s
0r
1y
1c
0i
#111945745292
0t
0s
0r
1y
1c
0i
#111945746083
1t
0s
0r
1y
1c
0i
#111945747494
0t
0s
0r
1y
1c
0i
#111945748341
1t
0s
0r
1y
1c
0i
#111945749764
0t
0s
0r
1y
1c
0i
#111945750614
1t
0s
0r
1y
1c
0i
#111945752048
0t
0s
0r
1y
1c
0i
#111945752903
1t
0s
0r
1y
1c
0i
#111945754347
0t
0s
0r
1y
1c
0i
#111945755207
1t
0s
0r
1y
1c
0i
#111945756668
0t
0s
0r
1y
1c
0i
#111945757530
1t
0s
0r
1y
1c
0i
#111945758992
0t
0s
0r
1y
1c
0i
#111945759866
1t
0s
0r
1y
1c
0i
#111945761344
0t
0s
0r
1y
1c
0i
#111945762225
1t
0s
0r
1y
1c
0i
#111945763721
0t
0s
0r
1y
1c
0i
#111945764611
1t
0s
0r
1y
1c
0i
#111945766113
0t
0s
0r
1y
1c
0i
#111945767016
1t
0s
0r
1y
1c
0i
#111945768540
0t
0s
0r
1y
0c
0i
#111945769450
1t
0s
0r
1y
0c
0i
#111945769507
1t
0s
1r
1y
0c
0i
#111945769509
1t
0s
0r
1y
0c
0i
#111945770999
0t
0s
0r
1y
0c
0i
#111945771916
1t
0s
0r
1y
0c
0i
#111945773469
0t
0s
0r
1y
0c
0i
#111945774401
1t
0s
0r
1y
0c
0i
#111945775966
0t
0s
0r
1y
0c
0i
#111945776901
1t
0s
0r
1y
0c
0i
#111945778474
0t
0s
0r
1y
0c
0i
#111945779405
1t
0s
0r
1y
0c
0i
#111945780961
0t
0s
0r
1y
0c
0i
#111945781891
1t
0s
0r
1y
0c
0i
#111945783440
0t
0s
0r
1y
0c
0i
#111945784361
1t
0s
0r
1y
0c
0i
#111945785906
0t
0s
0r
1y
0c
0i
#111945786818
1t
0s
0r
1y
0c
0i
#111945788345
0t
0s
0r
1y
0c
0i
#111945789259
1t
0s
0r
1y
0c
0i
#111945790785
0t
0s
0r
1y
0c
0i
#111945791693
1t
0s
0r
1y
0c
0i
#111945793226
0t
0s
0r
1y
0c
0i
#111945794131
1t
0s
0r
1y
0c
0i
#111945795659
0t
0s
0r
1y
0c
0i
#111945796570
1t
0s
0r
1y
0c
0i
#111945798109
0t
0s
0r
1y
0c
0i
#111945799022
1t
0s
0r
1y
0c
0i
#111945800578
0t
0s
0r
1y
0c
0i
#111945801495
1t
0s
0r
1y
0c
0i
#111945803051
0t
0s
0r
1y
0c
0i
#111945803980
1t
0s
0r
1y
0c
0i
#111945805555
0t
0s
0r
1y
0c
0i
#111945806491
1t
0s
0r
1y
0c
0i
#111945808087
0t
0s
0r
1y
0c
0i
#111945809029
1t
0s
0r
1y
0c
0i
#111945810630
0t
0s
0r
1y
0c
0i
#111945811589
1t
0s
0r
1y
0c
0i
#111945813207
0t
0s
0r
1y
0c
0i
#111945814176
1t
0s
0r
1y
0c
0i
#111945815817
0t
0s
0r
1y
0c
0i
#111945816792
1t
0s
0r
1y
0c
0i
#111945818437
0t
0s
0r
1y
0c
0i
#111945819427
1t
0s
0r
1y
0c
0i
#111945821092
0t
0s
0r
1y
0c
0i
#111945822091
1t
0s
0r
1y
0c
0i
#111945823777
0t
0s
0r
1y
0c
0i
#111945824784
1t
0s
0r
1y
0c
0i
#111945826476
0t
0s
0r
1y
0c
0i
#111945827500
1t
0s
0r
1y
0c
0i
#111945829212
0t
0s
0r
1y
0c
0i
#111945830243
1t
0s
0r
1y
0c
0i
