$date
	Sat Aug 23 11:05:52 BRT 2025
$end
$version
        1.0
$end
$timescale
        1ps
$end
$scope module test $end
$var wire 1 t PRI_TRG $end
$var wire 1 s SEC_TRG $end
$var wire 1 r TRG $end
$var wire 1 y SYNC $end
$var wire 1 c COIL $end
$var wire 1 i INJ $end
$upscope $end
$enddefinitions $end
$dumpvars
#20963585
1t
0s
0r
1y
0c
0i
#20964511
0t
0s
0r
1y
0c
0i
#20966815
1t
0s
0r
1y
0c
0i
#20968290
0t
0s
0r
1y
0c
0i
#20969237
1t
0s
0r
1y
0c
0i
#20970166
0t
0s
0r
1y
0c
0i
#20971123
1t
0s
0r
1y
0c
0i
#20972049
0t
0s
0r
1y
0c
0i
#20973005
1t
0s
0r
1y
0c
0i
#20973930
0t
0s
0r
1y
0c
0i
#20974886
1t
0s
0r
1y
0c
0i
#20975813
0t
0s
0r
1y
0c
0i
#20976773
1t
0s
0r
1y
0c
0i
#20977703
0t
0s
0r
1y
0c
0i
#20978664
1t
0s
0r
1y
1c
0i
#20979595
0t
0s
0r
1y
1c
1i
#20980561
1t
0s
0r
1y
1c
1i
#20981500
0t
0s
0r
1y
1c
1i
#20982472
1t
0s
0r
1y
1c
0i
#20983413
0t
0s
0r
1y
1c
0i
#20984383
1t
0s
0r
1y
1c
0i
#20985324
0t
0s
0r
1y
1c
0i
#20986296
1t
0s
0r
1y
1c
0i
#20987239
0t
0s
0r
1y
1c
0i
#20988210
1t
0s
0r
1y
1c
0i
#20989152
0t
0s
0r
1y
1c
0i
#20990120
1t
0s
0r
1y
1c
0i
#20991058
0t
0s
0r
1y
1c
0i
#20992024
1t
0s
0r
1y
1c
0i
#20992961
0t
0s
0r
1y
1c
0i
#20993927
1t
0s
0r
1y
1c
0i
#20994864
0t
0s
0r
1y
1c
0i
#20995824
1t
0s
0r
1y
1c
0i
#20996756
0t
0s
0r
1y
1c
0i
#20997716
1t
0s
0r
1y
1c
0i
#20998649
0t
0s
0r
1y
1c
0i
#20999611
1t
0s
0r
1y
1c
0i
#21000542
0t
0s
0r
1y
1c
0i
#21001501
1t
0s
0r
1y
1c
0i
#21002431
0t
0s
0r
1y
1c
0i
#21003393
1t
0s
0r
1y
1c
0i
#21004323
0t
0s
0r
1y
1c
0i
#21005284
1t
0s
0r
1y
1c
0i
#21006211
0t
0s
0r
1y
1c
0i
#21007174
1t
0s
0r
1y
1c
0i
#21008103
0t
0s
0r
1y
1c
0i
#21009068
1t
0s
0r
1y
1c
0i
#21009997
0t
0s
0r
1y
1c
0i
#21010964
1t
0s
0r
1y
1c
0i
#21011894
0t
0s
0r
1y
1c
0i
#21012863
1t
0s
0r
1y
1c
0i
#21013798
0t
0s
0r
1y
1c
1i
#21014773
1t
0s
0r
1y
1c
1i
#21015712
0t
0s
0r
1y
1c
1i
#21016689
1t
0s
0r
1y
1c
0i
#21017630
0t
0s
0r
1y
1c
0i
#21018608
1t
0s
0r
1y
1c
0i
#21019550
0t
0s
0r
1y
1c
0i
#21020530
1t
0s
0r
1y
1c
0i
#21021472
0t
0s
0r
1y
1c
0i
#21022448
1t
0s
0r
1y
1c
0i
#21023387
0t
0s
0r
1y
1c
0i
#21024362
1t
0s
0r
1y
1c
0i
#21025301
0t
0s
0r
1y
1c
0i
#21026276
1t
0s
0r
1y
1c
0i
#21027214
0t
0s
0r
1y
1c
0i
#21028183
1t
0s
0r
1y
1c
0i
#21029118
0t
0s
0r
1y
1c
0i
#21030085
1t
0s
0r
1y
1c
0i
#21031019
0t
0s
0r
1y
1c
0i
#21031986
1t
0s
0r
1y
1c
0i
#21032917
0t
0s
0r
1y
1c
0i
#21035239
1t
0s
0r
1y
1c
0i
#21036717
0t
0s
0r
1y
1c
0i
#21037670
1t
0s
0r
1y
1c
0i
#21038602
0t
0s
0r
1y
1c
0i
#21039563
1t
0s
0r
1y
1c
0i
#21040496
0t
0s
0r
1y
1c
0i
#21041460
1t
0s
0r
1y
1c
0i
#21042393
0t
0s
0r
1y
1c
0i
#21043356
1t
0s
0r
1y
1c
0i
#21044287
0t
0s
0r
1y
1c
0i
#21045252
1t
0s
0r
1y
1c
0i
#21046188
0t
0s
0r
1y
1c
0i
#21047158
1t
0s
0r
1y
0c
0i
#21048097
0t
0s
0r
1y
0c
1i
#21049068
1t
0s
0r
1y
0c
1i
#21049503
1t
0s
1r
1y
0c
1i
#21049506
1t
0s
0r
1y
0c
1i
#21050010
0t
0s
0r
1y
0c
1i
#21050983
1t
0s
0r
1y
0c
0i
#21051928
0t
0s
0r
1y
0c
0i
#21052904
1t
0s
0r
1y
0c
0i
#21053851
0t
0s
0r
1y
0c
0i
#21054826
1t
0s
0r
1y
0c
0i
#21055770
0t
0s
0r
1y
0c
0i
#21056744
1t
0s
0r
1y
0c
0i
#21057688
0t
0s
0r
1y
0c
0i
#21058662
1t
0s
0r
1y
0c
0i
#21059605
0t
0s
0r
1y
0c
0i
#21060575
1t
0s
0r
1y
0c
0i
#21061513
0t
0s
0r
1y
0c
0i
#21062481
1t
0s
0r
1y
0c
0i
#21063421
0t
0s
0r
1y
0c
0i
#21064388
1t
0s
0r
1y
0c
0i
#21065325
0t
0s
0r
1y
0c
0i
#21066289
1t
0s
0r
1y
0c
0i
#21067223
0t
0s
0r
1y
0c
0i
#21068188
1t
0s
0r
1y
0c
0i
#21069122
0t
0s
0r
1y
0c
0i
#21070088
1t
0s
0r
1y
0c
0i
#21071022
0t
0s
0r
1y
0c
0i
#21071986
1t
0s
0r
1y
0c
0i
#21072920
0t
0s
0r
1y
0c
0i
#21073888
1t
0s
0r
1y
0c
0i
#21074823
0t
0s
0r
1y
0c
0i
#21075792
1t
0s
0r
1y
0c
0i
#21076723
0t
0s
0r
1y
0c
0i
#21077694
1t
0s
0r
1y
0c
0i
#21078630
0t
0s
0r
1y
0c
0i
#21079605
1t
0s
0r
1y
0c
0i
#21080543
0t
0s
0r
1y
0c
0i
#21081520
1t
0s
0r
1y
1c
0i
#21082459
0t
0s
0r
1y
1c
1i
#21083439
1t
0s
0r
1y
1c
1i
#21084386
0t
0s
0r
1y
1c
1i
#21085371
1t
0s
0r
1y
1c
0i
#21086317
0t
0s
0r
1y
1c
0i
#21087301
1t
0s
0r
1y
1c
0i
#21088248
0t
0s
0r
1y
1c
0i
#21089233
1t
0s
0r
1y
1c
0i
#21090180
0t
0s
0r
1y
1c
0i
#21091161
1t
0s
0r
1y
1c
0i
#21092105
0t
0s
0r
1y
1c
0i
#21093083
1t
0s
0r
1y
1c
0i
#21094023
0t
0s
0r
1y
1c
0i
#21094999
1t
0s
0r
1y
1c
0i
#21095938
0t
0s
0r
1y
1c
0i
#21096906
1t
0s
0r
1y
1c
0i
#21097840
0t
0s
0r
1y
1c
0i
#21098804
1t
0s
0r
1y
1c
0i
#21099736
0t
0s
0r
1y
1c
0i
#21100699
1t
0s
0r
1y
1c
0i
#21101628
0t
0s
0r
1y
1c
0i
#21103944
1t
0s
0r
1y
1c
0i
#21105419
0t
0s
0r
1y
1c
0i
#21106374
1t
0s
0r
1y
1c
0i
#21107308
0t
0s
0r
1y
1c
0i
#21108268
1t
0s
0r
1y
1c
0i
#21109199
0t
0s
0r
1y
1c
0i
#21110162
1t
0s
0r
1y
1c
0i
#21111095
0t
0s
0r
1y
1c
0i
#21112058
1t
0s
0r
1y
1c
0i
#21112989
0t
0s
0r
1y
1c
0i
#21113955
1t
0s
0r
1y
1c
0i
#21114890
0t
0s
0r
1y
1c
0i
#21115860
1t
0s
0r
1y
1c
0i
#21116800
0t
0s
0r
1y
1c
1i
#21117771
1t
0s
0r
1y
1c
1i
#21118712
0t
0s
0r
1y
1c
1i
#21119686
1t
0s
0r
1y
1c
0i
#21120632
0t
0s
0r
1y
1c
0i
#21121608
1t
0s
0r
1y
1c
0i
#21122553
0t
0s
0r
1y
1c
0i
#21123526
1t
0s
0r
1y
1c
0i
#21124465
0t
0s
0r
1y
1c
0i
#21125430
1t
0s
0r
1y
1c
0i
#21126364
0t
0s
0r
1y
1c
0i
#21127321
1t
0s
0r
1y
1c
0i
#21128246
0t
0s
0r
1y
1c
0i
#21129194
1t
0s
0r
1y
1c
0i
#21130112
0t
0s
0r
1y
1c
0i
#21131055
1t
0s
0r
1y
1c
0i
#21131973
0t
0s
0r
1y
1c
0i
#21132915
1t
0s
0r
1y
1c
0i
#21133831
0t
0s
0r
1y
1c
0i
#21134772
1t
0s
0r
1y
1c
0i
#21135685
0t
0s
0r
1y
1c
0i
#21136628
1t
0s
0r
1y
1c
0i
#21137545
0t
0s
0r
1y
1c
0i
#21138489
1t
0s
0r
1y
1c
0i
#21139406
0t
0s
0r
1y
1c
0i
#21140351
1t
0s
0r
1y
1c
0i
#21141267
0t
0s
0r
1y
1c
0i
#21142216
1t
0s
0r
1y
1c
0i
#21143133
0t
0s
0r
1y
1c
0i
#21144082
1t
0s
0r
1y
1c
0i
#21144997
0t
0s
0r
1y
1c
0i
#21145946
1t
0s
0r
1y
1c
0i
#21146864
0t
0s
0r
1y
1c
0i
#21147818
1t
0s
0r
1y
1c
0i
#21148737
0t
0s
0r
1y
1c
0i
#21149692
1t
0s
0r
1y
1c
0i
#21150613
0t
0s
0r
1y
1c
1i
#21151572
1t
0s
0r
1y
1c
1i
#21152496
0t
0s
0r
1y
1c
1i
#21153461
1t
0s
0r
1y
1c
0i
#21154389
0t
0s
0r
1y
1c
0i
#21155351
1t
0s
0r
1y
1c
0i
#21156279
0t
0s
0r
1y
1c
0i
#21157244
1t
0s
0r
1y
1c
0i
#21158172
0t
0s
0r
1y
1c
0i
#21159134
1t
0s
0r
1y
1c
0i
#21160062
0t
0s
0r
1y
1c
0i
#21161022
1t
0s
0r
1y
1c
0i
#21161947
0t
0s
0r
1y
1c
0i
#21162906
1t
0s
0r
1y
1c
0i
#21163832
0t
0s
0r
1y
1c
0i
#21164788
1t
0s
0r
1y
1c
0i
#21165711
0t
0s
0r
1y
1c
0i
#21166662
1t
0s
0r
1y
1c
0i
#21167585
0t
0s
0r
1y
1c
0i
#21168537
1t
0s
0r
1y
1c
0i
#21169455
0t
0s
0r
1y
1c
0i
#21171741
1t
0s
0r
1y
1c
0i
#21173200
0t
0s
0r
1y
1c
0i
#21174141
1t
0s
0r
1y
1c
0i
#21175063
0t
0s
0r
1y
1c
0i
#21176009
1t
0s
0r
1y
1c
0i
#21176927
0t
0s
0r
1y
1c
0i
#21177876
1t
0s
0r
1y
1c
0i
#21178798
0t
0s
0r
1y
1c
0i
#21179749
1t
0s
0r
1y
1c
0i
#21180671
0t
0s
0r
1y
1c
0i
#21181623
1t
0s
0r
1y
1c
0i
#21182545
0t
0s
0r
1y
1c
0i
#21183501
1t
0s
0r
1y
0c
0i
#21184431
0t
0s
0r
1y
0c
1i
#21185389
1t
0s
0r
1y
0c
1i
#21185969
1t
0s
1r
1y
0c
1i
#21185972
1t
0s
0r
1y
0c
1i
#21186319
0t
0s
0r
1y
0c
1i
#21187278
1t
0s
0r
1y
0c
0i
#21188212
0t
0s
0r
1y
0c
0i
#21189175
1t
0s
0r
1y
0c
0i
#21190108
0t
0s
0r
1y
0c
0i
#21191069
1t
0s
0r
1y
0c
0i
#21191999
0t
0s
0r
1y
0c
0i
#21192958
1t
0s
0r
1y
0c
0i
#21193889
0t
0s
0r
1y
0c
0i
#21194848
1t
0s
0r
1y
0c
0i
#21195777
0t
0s
0r
1y
0c
0i
#21196731
1t
0s
0r
1y
0c
0i
#21197655
0t
0s
0r
1y
0c
0i
#21198607
1t
0s
0r
1y
0c
0i
#21199532
0t
0s
0r
1y
0c
0i
#21200481
1t
0s
0r
1y
0c
0i
#21201404
0t
0s
0r
1y
0c
0i
#21202352
1t
0s
0r
1y
0c
0i
#21203272
0t
0s
0r
1y
0c
0i
#21204219
1t
0s
0r
1y
0c
0i
#21205140
0t
0s
0r
1y
0c
0i
#21206090
1t
0s
0r
1y
0c
0i
#21207011
0t
0s
0r
1y
0c
0i
#21207961
1t
0s
0r
1y
0c
0i
#21208880
0t
0s
0r
1y
0c
0i
#21209831
1t
0s
0r
1y
0c
0i
#21210753
0t
0s
0r
1y
0c
0i
#21211708
1t
0s
0r
1y
0c
0i
#21212630
0t
0s
0r
1y
0c
0i
#21213585
1t
0s
0r
1y
0c
0i
#21214505
0t
0s
0r
1y
0c
0i
#21215463
1t
0s
0r
1y
0c
0i
#21216387
0t
0s
0r
1y
0c
0i
#21217350
1t
0s
0r
1y
1c
0i
#21218277
0t
0s
0r
1y
1c
1i
#21219239
1t
0s
0r
1y
1c
1i
#21220170
0t
0s
0r
1y
1c
1i
#21221138
1t
0s
0r
1y
1c
0i
#21222072
0t
0s
0r
1y
1c
0i
#21223040
1t
0s
0r
1y
1c
0i
#21223971
0t
0s
0r
1y
1c
0i
#21224938
1t
0s
0r
1y
1c
0i
#21225870
0t
0s
0r
1y
1c
0i
#21226837
1t
0s
0r
1y
1c
0i
#21227766
0t
0s
0r
1y
1c
0i
#21228730
1t
0s
0r
1y
1c
0i
#21229658
0t
0s
0r
1y
1c
0i
#21230618
1t
0s
0r
1y
1c
0i
#21231543
0t
0s
0r
1y
1c
0i
#21232502
1t
0s
0r
1y
1c
0i
#21233427
0t
0s
0r
1y
1c
0i
#21234380
1t
0s
0r
1y
1c
0i
#21235302
0t
0s
0r
1y
1c
0i
#21236253
1t
0s
0r
1y
1c
0i
#21237172
0t
0s
0r
1y
1c
0i
#21239456
1t
0s
0r
1y
1c
0i
#21240921
0t
0s
0r
1y
1c
0i
#21241861
1t
0s
0r
1y
1c
0i
#21242784
0t
0s
0r
1y
1c
0i
#21243734
1t
0s
0r
1y
1c
0i
#21244655
0t
0s
0r
1y
1c
0i
#21245604
1t
0s
0r
1y
1c
0i
#21246522
0t
0s
0r
1y
1c
0i
#21247474
1t
0s
0r
1y
1c
0i
#21248396
0t
0s
0r
1y
1c
0i
#21249351
1t
0s
0r
1y
1c
0i
#21250276
0t
0s
0r
1y
1c
0i
#21251231
1t
0s
0r
1y
1c
0i
#21252158
0t
0s
0r
1y
1c
1i
#21253118
1t
0s
0r
1y
1c
1i
#21254051
0t
0s
0r
1y
1c
1i
#21255015
1t
0s
0r
1y
1c
0i
#21255951
0t
0s
0r
1y
1c
0i
#21256915
1t
0s
0r
1y
1c
0i
#21257850
0t
0s
0r
1y
1c
0i
#21258814
1t
0s
0r
1y
1c
0i
#21259750
0t
0s
0r
1y
1c
0i
#21260714
1t
0s
0r
1y
1c
0i
#21261647
0t
0s
0r
1y
1c
0i
#21262605
1t
0s
0r
1y
1c
0i
#21263534
0t
0s
0r
1y
1c
0i
#21264488
1t
0s
0r
1y
1c
0i
#21265415
0t
0s
0r
1y
1c
0i
#21266367
1t
0s
0r
1y
1c
0i
#21267291
0t
0s
0r
1y
1c
0i
#21268237
1t
0s
0r
1y
1c
0i
#21269156
0t
0s
0r
1y
1c
0i
#21270101
1t
0s
0r
1y
1c
0i
#21271020
0t
0s
0r
1y
1c
0i
#21271966
1t
0s
0r
1y
1c
0i
#21272886
0t
0s
0r
1y
1c
0i
#21273831
1t
0s
0r
1y
1c
0i
#21274747
0t
0s
0r
1y
1c
0i
#21275694
1t
0s
0r
1y
1c
0i
#21276612
0t
0s
0r
1y
1c
0i
#21277563
1t
0s
0r
1y
1c
0i
#21278480
0t
0s
0r
1y
1c
0i
#21279429
1t
0s
0r
1y
1c
0i
#21280347
0t
0s
0r
1y
1c
0i
#21281299
1t
0s
0r
1y
1c
0i
#21282218
0t
0s
0r
1y
1c
0i
#21283173
1t
0s
0r
1y
1c
0i
#21284093
0t
0s
0r
1y
1c
0i
#21285050
1t
0s
0r
1y
1c
0i
#21285973
0t
0s
0r
1y
1c
1i
#21286937
1t
0s
0r
1y
1c
1i
#21287864
0t
0s
0r
1y
1c
1i
#21288828
1t
0s
0r
1y
1c
0i
#21289756
0t
0s
0r
1y
1c
0i
#21290721
1t
0s
0r
1y
1c
0i
#21291652
0t
0s
0r
1y
1c
0i
#21292618
1t
0s
0r
1y
1c
0i
#21293547
0t
0s
0r
1y
1c
0i
#21294510
1t
0s
0r
1y
1c
0i
#21295436
0t
0s
0r
1y
1c
0i
#21296397
1t
0s
0r
1y
1c
0i
#21297324
0t
0s
0r
1y
1c
0i
#21298284
1t
0s
0r
1y
1c
0i
#21299210
0t
0s
0r
1y
1c
0i
#21300165
1t
0s
0r
1y
1c
0i
#21301086
0t
0s
0r
1y
1c
0i
#21302039
1t
0s
0r
1y
1c
0i
#21302961
0t
0s
0r
1y
1c
0i
#21303914
1t
0s
0r
1y
1c
0i
#21304833
0t
0s
0r
1y
1c
0i
#21307122
1t
0s
0r
1y
1c
0i
#21308580
0t
0s
0r
1y
1c
0i
#21309522
1t
0s
0r
1y
1c
0i
#21310446
0t
0s
0r
1y
1c
0i
#21311394
1t
0s
0r
1y
1c
0i
#21312315
0t
0s
0r
1y
1c
0i
#21313267
1t
0s
0r
1y
1c
0i
#21314189
0t
0s
0r
1y
1c
0i
#21315142
1t
0s
0r
1y
1c
0i
#21316064
0t
0s
0r
1y
0c
0i
#21317017
1t
0s
0r
1y
0c
0i
#21317943
0t
0s
0r
1y
0c
0i
#21318901
1t
0s
0r
1y
0c
0i
#21319830
0t
0s
0r
1y
0c
1i
#21320788
1t
0s
0r
1y
0c
1i
#21321234
1t
0s
1r
1y
0c
1i
#21321237
1t
0s
0r
1y
0c
1i
#21321719
0t
0s
0r
1y
0c
1i
#21322679
1t
0s
0r
1y
0c
0i
#21323613
0t
0s
0r
1y
0c
0i
#21324574
1t
0s
0r
1y
0c
0i
#21325507
0t
0s
0r
1y
0c
0i
#21326464
1t
0s
0r
1y
0c
0i
#21327391
0t
0s
0r
1y
0c
0i
#21328340
1t
0s
0r
1y
0c
0i
#21329262
0t
0s
0r
1y
0c
0i
#21330205
1t
0s
0r
1y
0c
0i
#21331119
0t
0s
0r
1y
0c
0i
#21332055
1t
0s
0r
1y
0c
0i
#21332960
0t
0s
0r
1y
0c
0i
#21333891
1t
0s
0r
1y
0c
0i
#21334796
0t
0s
0r
1y
0c
0i
#21335725
1t
0s
0r
1y
0c
0i
#21336629
0t
0s
0r
1y
0c
0i
#21337557
1t
0s
0r
1y
0c
0i
#21338460
0t
0s
0r
1y
0c
0i
#21339390
1t
0s
0r
1y
0c
0i
#21340295
0t
0s
0r
1y
0c
0i
#21341229
1t
0s
0r
1y
0c
0i
#21342134
0t
0s
0r
1y
0c
0i
#21343069
1t
0s
0r
1y
0c
0i
#21343973
0t
0s
0r
1y
0c
0i
#21344908
1t
0s
0r
1y
0c
0i
#21345816
0t
0s
0r
1y
0c
0i
#21346756
1t
0s
0r
1y
0c
0i
#21347663
0t
0s
0r
1y
0c
0i
#21348601
1t
0s
0r
1y
0c
0i
#21349508
0t
0s
0r
1y
0c
0i
#21350451
1t
0s
0r
1y
0c
0i
#21351362
0t
0s
0r
1y
0c
0i
#21352306
1t
0s
0r
1y
1c
0i
#21353216
0t
0s
0r
1y
1c
1i
#21354163
1t
0s
0r
1y
1c
1i
#21355079
0t
0s
0r
1y
1c
1i
#21356031
1t
0s
0r
1y
1c
0i
#21356948
0t
0s
0r
1y
1c
0i
#21357899
1t
0s
0r
1y
1c
0i
#21358814
0t
0s
0r
1y
1c
0i
#21359765
1t
0s
0r
1y
1c
0i
#21360682
0t
0s
0r
1y
1c
0i
#21361633
1t
0s
0r
1y
1c
0i
#21362549
0t
0s
0r
1y
1c
0i
#21363497
1t
0s
0r
1y
1c
0i
#21364411
0t
0s
0r
1y
1c
0i
#21365358
1t
0s
0r
1y
1c
0i
#21366272
0t
0s
0r
1y
1c
0i
#21367216
1t
0s
0r
1y
1c
0i
#21368131
0t
0s
0r
1y
1c
0i
#21369072
1t
0s
0r
1y
1c
0i
#21369984
0t
0s
0r
1y
1c
0i
#21370923
1t
0s
0r
1y
1c
0i
#21371831
0t
0s
0r
1y
1c
0i
#21374088
1t
0s
0r
1y
1c
0i
#21375542
0t
0s
0r
1y
1c
0i
#21376473
1t
0s
0r
1y
1c
0i
#21377387
0t
0s
0r
1y
1c
0i
#21378328
1t
0s
0r
1y
1c
0i
#21379241
0t
0s
0r
1y
1c
0i
#21380181
1t
0s
0r
1y
1c
0i
#21381092
0t
0s
0r
1y
1c
0i
#21382035
1t
0s
0r
1y
1c
0i
#21382951
0t
0s
0r
1y
1c
0i
#21383894
1t
0s
0r
1y
1c
0i
#21384809
0t
0s
0r
1y
1c
0i
#21385755
1t
0s
0r
1y
1c
0i
#21386676
0t
0s
0r
1y
1c
1i
#21387626
1t
0s
0r
1y
1c
1i
#21388549
0t
0s
0r
1y
1c
1i
#21389501
1t
0s
0r
1y
1c
0i
#21390425
0t
0s
0r
1y
1c
0i
#21391377
1t
0s
0r
1y
1c
0i
#21392303
0t
0s
0r
1y
1c
0i
#21393255
1t
0s
0r
1y
1c
0i
#21394179
0t
0s
0r
1y
1c
0i
#21395126
1t
0s
0r
1y
1c
0i
#21396048
0t
0s
0r
1y
1c
0i
#21396995
1t
0s
0r
1y
1c
0i
#21397915
0t
0s
0r
1y
1c
0i
#21398859
1t
0s
0r
1y
1c
0i
#21399774
0t
0s
0r
1y
1c
0i
#21400714
1t
0s
0r
1y
1c
0i
#21401626
0t
0s
0r
1y
1c
0i
#21402563
1t
0s
0r
1y
1c
0i
#21403474
0t
0s
0r
1y
1c
0i
#21404410
1t
0s
0r
1y
1c
0i
#21405318
0t
0s
0r
1y
1c
0i
#21406254
1t
0s
0r
1y
1c
0i
#21407160
0t
0s
0r
1y
1c
0i
#21408095
1t
0s
0r
1y
1c
0i
#21409003
0t
0s
0r
1y
1c
0i
#21409941
1t
0s
0r
1y
1c
0i
#21410849
0t
0s
0r
1y
1c
0i
#21411785
1t
0s
0r
1y
1c
0i
#21412692
0t
0s
0r
1y
1c
0i
#21413632
1t
0s
0r
1y
1c
0i
#21414539
0t
0s
0r
1y
1c
0i
#21415483
1t
0s
0r
1y
1c
0i
#21416392
0t
0s
0r
1y
1c
0i
#21417334
1t
0s
0r
1y
1c
0i
#21418244
0t
0s
0r
1y
1c
0i
#21419193
1t
0s
0r
1y
1c
0i
#21420108
0t
0s
0r
1y
1c
1i
#21421058
1t
0s
0r
1y
1c
1i
#21421975
0t
0s
0r
1y
1c
1i
#21422928
1t
0s
0r
1y
1c
0i
#21423850
0t
0s
0r
1y
1c
0i
#21424807
1t
0s
0r
1y
1c
0i
#21425728
0t
0s
0r
1y
1c
0i
#21426683
1t
0s
0r
1y
1c
0i
#21427600
0t
0s
0r
1y
1c
0i
#21428555
1t
0s
0r
1y
1c
0i
#21429476
0t
0s
0r
1y
1c
0i
#21430431
1t
0s
0r
1y
1c
0i
#21431350
0t
0s
0r
1y
1c
0i
#21432301
1t
0s
0r
1y
1c
0i
#21433217
0t
0s
0r
1y
1c
0i
#21434166
1t
0s
0r
1y
1c
0i
#21435084
0t
0s
0r
1y
1c
0i
#21436032
1t
0s
0r
1y
1c
0i
#21436949
0t
0s
0r
1y
1c
0i
#21437892
1t
0s
0r
1y
1c
0i
#21438802
0t
0s
0r
1y
1c
0i
#21441056
1t
0s
0r
1y
1c
0i
#21442526
0t
0s
0r
1y
1c
0i
#21443459
1t
0s
0r
1y
1c
0i
#21444374
0t
0s
0r
1y
1c
0i
#21445317
1t
0s
0r
1y
1c
0i
#21446233
0t
0s
0r
1y
1c
0i
#21447176
1t
0s
0r
1y
1c
0i
#21448089
0t
0s
0r
1y
1c
0i
#21449034
1t
0s
0r
1y
1c
0i
#21449951
0t
0s
0r
1y
1c
0i
#21450900
1t
0s
0r
1y
1c
0i
#21451818
0t
0s
0r
1y
1c
0i
#21452767
1t
0s
0r
1y
0c
0i
#21453688
0t
0s
0r
1y
0c
1i
#21454640
1t
0s
0r
1y
0c
1i
#21455017
1t
0s
1r
1y
0c
1i
#21455019
1t
0s
0r
1y
0c
1i
#21455567
0t
0s
0r
1y
0c
1i
#21456519
1t
0s
0r
1y
0c
0i
#21457446
0t
0s
0r
1y
0c
0i
#21458398
1t
0s
0r
1y
0c
0i
#21459326
0t
0s
0r
1y
0c
0i
#21460280
1t
0s
0r
1y
0c
0i
#21461207
0t
0s
0r
1y
0c
0i
#21462159
1t
0s
0r
1y
0c
0i
#21463083
0t
0s
0r
1y
0c
0i
#21464036
1t
0s
0r
1y
0c
0i
#21464962
0t
0s
0r
1y
0c
0i
#21465917
1t
0s
0r
1y
0c
0i
#21466843
0t
0s
0r
1y
0c
0i
#21467796
1t
0s
0r
1y
0c
0i
#21468721
0t
0s
0r
1y
0c
0i
#21469674
1t
0s
0r
1y
0c
0i
#21470602
0t
0s
0r
1y
0c
0i
#21471558
1t
0s
0r
1y
0c
0i
#21472484
0t
0s
0r
1y
0c
0i
#21473439
1t
0s
0r
1y
0c
0i
#21474364
0t
0s
0r
1y
0c
0i
#21475319
1t
0s
0r
1y
0c
0i
#21476244
0t
0s
0r
1y
0c
0i
#21477202
1t
0s
0r
1y
0c
0i
#21478128
0t
0s
0r
1y
0c
0i
#21479084
1t
0s
0r
1y
0c
0i
#21480006
0t
0s
0r
1y
0c
0i
#21480965
1t
0s
0r
1y
0c
0i
#21481890
0t
0s
0r
1y
0c
0i
#21482848
1t
0s
0r
1y
0c
0i
#21483773
0t
0s
0r
1y
0c
0i
#21484734
1t
0s
0r
1y
0c
0i
#21485660
0t
0s
0r
1y
0c
0i
#21486626
1t
0s
0r
1y
1c
0i
#21487557
0t
0s
0r
1y
1c
1i
#21488525
1t
0s
0r
1y
1c
1i
#21489458
0t
0s
0r
1y
1c
1i
#21490429
1t
0s
0r
1y
1c
0i
#21491367
0t
0s
0r
1y
1c
0i
#21492342
1t
0s
0r
1y
1c
0i
#21493279
0t
0s
0r
1y
1c
0i
#21494251
1t
0s
0r
1y
1c
0i
#21495186
0t
0s
0r
1y
1c
0i
#21496159
1t
0s
0r
1y
1c
0i
#21497094
0t
0s
0r
1y
1c
0i
#21498066
1t
0s
0r
1y
1c
0i
#21499000
0t
0s
0r
1y
1c
0i
#21499965
1t
0s
0r
1y
1c
0i
#21500893
0t
0s
0r
1y
1c
0i
#21501854
1t
0s
0r
1y
1c
0i
#21502782
0t
0s
0r
1y
1c
0i
#21503739
1t
0s
0r
1y
1c
0i
#21504663
0t
0s
0r
1y
1c
0i
#21505617
1t
0s
0r
1y
1c
0i
#21506535
0t
0s
0r
1y
1c
0i
#21508816
1t
0s
0r
1y
1c
0i
#21510295
0t
0s
0r
1y
1c
0i
#21511237
1t
0s
0r
1y
1c
0i
#21512161
0t
0s
0r
1y
1c
0i
#21513113
1t
0s
0r
1y
1c
0i
#21514038
0t
0s
0r
1y
1c
0i
#21514990
1t
0s
0r
1y
1c
0i
#21515913
0t
0s
0r
1y
1c
0i
#21516867
1t
0s
0r
1y
1c
0i
#21517792
0t
0s
0r
1y
1c
0i
#21518748
1t
0s
0r
1y
1c
0i
#21519676
0t
0s
0r
1y
1c
0i
#21520635
1t
0s
0r
1y
1c
0i
#21521564
0t
0s
0r
1y
1c
1i
#21522527
1t
0s
0r
1y
1c
1i
#21523462
0t
0s
0r
1y
1c
1i
#21524428
1t
0s
0r
1y
1c
0i
#21525367
0t
0s
0r
1y
1c
0i
#21526333
1t
0s
0r
1y
1c
0i
#21527269
0t
0s
0r
1y
1c
0i
#21528236
1t
0s
0r
1y
1c
0i
#21529174
0t
0s
0r
1y
1c
0i
#21530141
1t
0s
0r
1y
1c
0i
#21531077
0t
0s
0r
1y
1c
0i
#21532040
1t
0s
0r
1y
1c
0i
#21532975
0t
0s
0r
1y
1c
0i
#21533939
1t
0s
0r
1y
1c
0i
#21534872
0t
0s
0r
1y
1c
0i
#21535836
1t
0s
0r
1y
1c
0i
#21536770
0t
0s
0r
1y
1c
0i
#21537727
1t
0s
0r
1y
1c
0i
#21538658
0t
0s
0r
1y
1c
0i
#21539617
1t
0s
0r
1y
1c
0i
#21540548
0t
0s
0r
1y
1c
0i
#21541506
1t
0s
0r
1y
1c
0i
#21542433
0t
0s
0r
1y
1c
0i
#21543391
1t
0s
0r
1y
1c
0i
#21544319
0t
0s
0r
1y
1c
0i
#21545279
1t
0s
0r
1y
1c
0i
#21546205
0t
0s
0r
1y
1c
0i
#21547163
1t
0s
0r
1y
1c
0i
#21548088
0t
0s
0r
1y
1c
0i
#21549047
1t
0s
0r
1y
1c
0i
#21549974
0t
0s
0r
1y
1c
0i
#21550936
1t
0s
0r
1y
1c
0i
#21551863
0t
0s
0r
1y
1c
0i
#21552826
1t
0s
0r
1y
1c
0i
#21553753
0t
0s
0r
1y
1c
0i
#21554720
1t
0s
0r
1y
1c
0i
#21555651
0t
0s
0r
1y
1c
1i
#21556623
1t
0s
0r
1y
1c
1i
#21557559
0t
0s
0r
1y
1c
1i
#21558533
1t
0s
0r
1y
1c
0i
#21559469
0t
0s
0r
1y
1c
0i
#21560444
1t
0s
0r
1y
1c
0i
#21561383
0t
0s
0r
1y
1c
0i
#21562360
1t
0s
0r
1y
1c
0i
#21563298
0t
0s
0r
1y
1c
0i
#21564271
1t
0s
0r
1y
1c
0i
#21565207
0t
0s
0r
1y
1c
0i
#21566178
1t
0s
0r
1y
1c
0i
#21567113
0t
0s
0r
1y
1c
0i
#21568087
1t
0s
0r
1y
1c
0i
#21569021
0t
0s
0r
1y
1c
0i
#21569987
1t
0s
0r
1y
1c
0i
#21570919
0t
0s
0r
1y
1c
0i
#21571882
1t
0s
0r
1y
1c
0i
#21572814
0t
0s
0r
1y
1c
0i
#21573779
1t
0s
0r
1y
1c
0i
#21574707
0t
0s
0r
1y
1c
0i
#21577025
1t
0s
0r
1y
1c
0i
#21578495
0t
0s
0r
1y
1c
0i
#21579447
1t
0s
0r
1y
1c
0i
#21580379
0t
0s
0r
1y
1c
0i
#21581337
1t
0s
0r
1y
1c
0i
#21582267
0t
0s
0r
1y
1c
0i
#21583230
1t
0s
0r
1y
1c
0i
#21584161
0t
0s
0r
1y
1c
0i
#21585123
1t
0s
0r
1y
1c
0i
#21586053
0t
0s
0r
1y
1c
0i
#21587017
1t
0s
0r
1y
1c
0i
#21587951
0t
0s
0r
1y
1c
0i
#21588921
1t
0s
0r
1y
0c
0i
#21589859
0t
0s
0r
1y
0c
1i
#21590829
1t
0s
0r
1y
0c
1i
#21591195
1t
0s
1r
1y
0c
1i
#21591198
1t
0s
0r
1y
0c
1i
#21591770
0t
0s
0r
1y
0c
1i
#21592741
1t
0s
0r
1y
0c
0i
#21593686
0t
0s
0r
1y
0c
0i
#21594660
1t
0s
0r
1y
0c
0i
#21595606
0t
0s
0r
1y
0c
0i
#21596579
1t
0s
0r
1y
0c
0i
#21597521
0t
0s
0r
1y
0c
0i
#21598492
1t
0s
0r
1y
0c
0i
#21599435
0t
0s
0r
1y
0c
0i
#21600405
1t
0s
0r
1y
0c
0i
#21601345
0t
0s
0r
1y
0c
0i
#21602311
1t
0s
0r
1y
0c
0i
#21603245
0t
0s
0r
1y
0c
0i
#21604208
1t
0s
0r
1y
0c
0i
#21605143
0t
0s
0r
1y
0c
0i
#21606103
1t
0s
0r
1y
0c
0i
#21607034
0t
0s
0r
1y
0c
0i
#21607991
1t
0s
0r
1y
0c
0i
#21608918
0t
0s
0r
1y
0c
0i
#21609876
1t
0s
0r
1y
0c
0i
#21610804
0t
0s
0r
1y
0c
0i
#21611762
1t
0s
0r
1y
0c
0i
#21612691
0t
0s
0r
1y
0c
0i
#21613649
1t
0s
0r
1y
0c
0i
#21614575
0t
0s
0r
1y
0c
0i
#21615534
1t
0s
0r
1y
0c
0i
#21616462
0t
0s
0r
1y
0c
0i
#21617426
1t
0s
0r
1y
0c
0i
#21618353
0t
0s
0r
1y
0c
0i
#21619315
1t
0s
0r
1y
0c
0i
#21620242
0t
0s
0r
1y
0c
0i
#21621208
1t
0s
0r
1y
0c
0i
#21622140
0t
0s
0r
1y
0c
0i
#21623109
1t
0s
0r
1y
1c
0i
#21624041
0t
0s
0r
1y
1c
1i
#21625012
1t
0s
0r
1y
1c
1i
#21625950
0t
0s
0r
1y
1c
1i
#21626926
1t
0s
0r
1y
1c
0i
#21627867
0t
0s
0r
1y
1c
0i
#21628843
1t
0s
0r
1y
1c
0i
#21629783
0t
0s
0r
1y
1c
0i
#21630758
1t
0s
0r
1y
1c
0i
#21631697
0t
0s
0r
1y
1c
0i
#21632672
1t
0s
0r
1y
1c
0i
#21633611
0t
0s
0r
1y
1c
0i
#21634586
1t
0s
0r
1y
1c
0i
#21635523
0t
0s
0r
1y
1c
0i
#21636494
1t
0s
0r
1y
1c
0i
#21637428
0t
0s
0r
1y
1c
0i
#21638396
1t
0s
0r
1y
1c
0i
#21639331
0t
0s
0r
1y
1c
0i
#21640298
1t
0s
0r
1y
1c
0i
#21641231
0t
0s
0r
1y
1c
0i
#21642193
1t
0s
0r
1y
1c
0i
#21643123
0t
0s
0r
1y
1c
0i
#21645439
1t
0s
0r
1y
1c
0i
#21646920
0t
0s
0r
1y
1c
0i
#21647872
1t
0s
0r
1y
1c
0i
#21648807
0t
0s
0r
1y
1c
0i
#21649769
1t
0s
0r
1y
1c
0i
#21650702
0t
0s
0r
1y
1c
0i
#21651664
1t
0s
0r
1y
1c
0i
#21652594
0t
0s
0r
1y
1c
0i
#21653557
1t
0s
0r
1y
1c
0i
#21654491
0t
0s
0r
1y
1c
0i
#21655457
1t
0s
0r
1y
1c
0i
#21656392
0t
0s
0r
1y
1c
0i
#21657358
1t
0s
0r
1y
1c
1i
#21658297
0t
0s
0r
1y
1c
1i
#21659269
1t
0s
0r
1y
1c
1i
#21660214
0t
0s
0r
1y
1c
1i
#21661189
1t
0s
0r
1y
1c
0i
#21662134
0t
0s
0r
1y
1c
0i
#21663108
1t
0s
0r
1y
1c
0i
#21664056
0t
0s
0r
1y
1c
0i
#21665034
1t
0s
0r
1y
1c
0i
#21665980
0t
0s
0r
1y
1c
0i
#21666954
1t
0s
0r
1y
1c
0i
#21667898
0t
0s
0r
1y
1c
0i
#21668870
1t
0s
0r
1y
1c
0i
#21669812
0t
0s
0r
1y
1c
0i
#21670784
1t
0s
0r
1y
1c
0i
#21671722
0t
0s
0r
1y
1c
0i
#21672687
1t
0s
0r
1y
1c
0i
#21673622
0t
0s
0r
1y
1c
0i
#21674582
1t
0s
0r
1y
1c
0i
#21675514
0t
0s
0r
1y
1c
0i
#21676475
1t
0s
0r
1y
1c
0i
#21677404
0t
0s
0r
1y
1c
0i
#21678362
1t
0s
0r
1y
1c
0i
#21679288
0t
0s
0r
1y
1c
0i
#21680245
1t
0s
0r
1y
1c
0i
#21681173
0t
0s
0r
1y
1c
0i
#21682134
1t
0s
0r
1y
1c
0i
#21683061
0t
0s
0r
1y
1c
0i
#21684019
1t
0s
0r
1y
1c
0i
#21684945
0t
0s
0r
1y
1c
0i
#21685908
1t
0s
0r
1y
1c
0i
#21686835
0t
0s
0r
1y
1c
0i
#21687801
1t
0s
0r
1y
1c
0i
#21688730
0t
0s
0r
1y
1c
0i
#21689697
1t
0s
0r
1y
1c
0i
#21690626
0t
0s
0r
1y
1c
0i
#21691596
1t
0s
0r
1y
1c
1i
#21692532
0t
0s
0r
1y
1c
1i
#21693508
1t
0s
0r
1y
1c
1i
#21694448
0t
0s
0r
1y
1c
1i
#21695426
1t
0s
0r
1y
1c
0i
#21696367
0t
0s
0r
1y
1c
0i
#21697346
1t
0s
0r
1y
1c
0i
#21698289
0t
0s
0r
1y
1c
0i
#21699270
1t
0s
0r
1y
1c
0i
#21700212
0t
0s
0r
1y
1c
0i
#21701188
1t
0s
0r
1y
1c
0i
#21702128
0t
0s
0r
1y
1c
0i
#21703106
1t
0s
0r
1y
1c
0i
#21704045
0t
0s
0r
1y
1c
0i
#21705020
1t
0s
0r
1y
1c
0i
#21705958
0t
0s
0r
1y
1c
0i
#21706926
1t
0s
0r
1y
1c
0i
#21707862
0t
0s
0r
1y
1c
0i
#21708829
1t
0s
0r
1y
1c
0i
#21709765
0t
0s
0r
1y
1c
0i
#21710729
1t
0s
0r
1y
1c
0i
#21711659
0t
0s
0r
1y
1c
0i
#21713970
1t
0s
0r
1y
1c
0i
#21715456
0t
0s
0r
1y
1c
0i
#21716409
1t
0s
0r
1y
1c
0i
#21717342
0t
0s
0r
1y
1c
0i
#21718302
1t
0s
0r
1y
1c
0i
#21719235
0t
0s
0r
1y
1c
0i
#21720200
1t
0s
0r
1y
1c
0i
#21721133
0t
0s
0r
1y
1c
0i
#21722097
1t
0s
0r
1y
1c
0i
#21723031
0t
0s
0r
1y
0c
0i
#21723997
1t
0s
0r
1y
0c
0i
#21724933
0t
0s
0r
1y
0c
0i
#21725905
1t
0s
0r
1y
0c
0i
#21726846
0t
0s
0r
1y
0c
1i
#21727819
1t
0s
0r
1y
0c
1i
#21728244
1t
0s
1r
1y
0c
1i
#21728246
1t
0s
0r
1y
0c
1i
#21728762
0t
0s
0r
1y
0c
1i
#21729737
1t
0s
0r
1y
0c
0i
#21730685
0t
0s
0r
1y
0c
0i
#21731662
1t
0s
0r
1y
0c
0i
#21732610
0t
0s
0r
1y
0c
0i
#21733581
1t
0s
0r
1y
0c
0i
#21734523
0t
0s
0r
1y
0c
0i
#21735489
1t
0s
0r
1y
0c
0i
#21736427
0t
0s
0r
1y
0c
0i
#21737387
1t
0s
0r
1y
0c
0i
#21738315
0t
0s
0r
1y
0c
0i
#21739266
1t
0s
0r
1y
0c
0i
#21740188
0t
0s
0r
1y
0c
0i
#21741136
1t
0s
0r
1y
0c
0i
#21742057
0t
0s
0r
1y
0c
0i
#21743002
1t
0s
0r
1y
0c
0i
#21743922
0t
0s
0r
1y
0c
0i
#21744865
1t
0s
0r
1y
0c
0i
#21745783
0t
0s
0r
1y
0c
0i
#21746733
1t
0s
0r
1y
0c
0i
#21747652
0t
0s
0r
1y
0c
0i
#21748599
1t
0s
0r
1y
0c
0i
#21749518
0t
0s
0r
1y
0c
0i
#21750468
1t
0s
0r
1y
0c
0i
#21751387
0t
0s
0r
1y
0c
0i
#21752340
1t
0s
0r
1y
0c
0i
#21753260
0t
0s
0r
1y
0c
0i
#21754212
1t
0s
0r
1y
0c
0i
#21755131
0t
0s
0r
1y
0c
0i
#21756084
1t
0s
0r
1y
0c
0i
#21757005
0t
0s
0r
1y
0c
0i
#21757962
1t
0s
0r
1y
0c
0i
#21758882
0t
0s
0r
1y
0c
0i
#21759839
1t
0s
0r
1y
1c
0i
#21760764
0t
0s
0r
1y
1c
1i
#21761726
1t
0s
0r
1y
1c
1i
#21762655
0t
0s
0r
1y
1c
1i
#21763620
1t
0s
0r
1y
1c
0i
#21764550
0t
0s
0r
1y
1c
0i
#21765516
1t
0s
0r
1y
1c
0i
#21766446
0t
0s
0r
1y
1c
0i
#21767413
1t
0s
0r
1y
1c
0i
#21768345
0t
0s
0r
1y
1c
0i
#21769310
1t
0s
0r
1y
1c
0i
#21770239
0t
0s
0r
1y
1c
0i
#21771203
1t
0s
0r
1y
1c
0i
#21772132
0t
0s
0r
1y
1c
0i
#21773094
1t
0s
0r
1y
1c
0i
#21774023
0t
0s
0r
1y
1c
0i
#21774982
1t
0s
0r
1y
1c
0i
#21775906
0t
0s
0r
1y
1c
0i
#21776860
1t
0s
0r
1y
1c
0i
#21777784
0t
0s
0r
1y
1c
0i
#21778739
1t
0s
0r
1y
1c
0i
#21779658
0t
0s
0r
1y
1c
0i
#21781951
1t
0s
0r
1y
1c
0i
#21783411
0t
0s
0r
1y
1c
0i
#21784353
1t
0s
0r
1y
1c
0i
#21785278
0t
0s
0r
1y
1c
0i
#21786225
1t
0s
0r
1y
1c
0i
#21787145
0t
0s
0r
1y
1c
0i
#21788096
1t
0s
0r
1y
1c
0i
#21789017
0t
0s
0r
1y
1c
0i
#21789971
1t
0s
0r
1y
1c
0i
#21790894
0t
0s
0r
1y
1c
0i
#21791847
1t
0s
0r
1y
1c
0i
#21792772
0t
0s
0r
1y
1c
0i
#21793729
1t
0s
0r
1y
1c
0i
#21794660
0t
0s
0r
1y
1c
1i
#21795621
1t
0s
0r
1y
1c
1i
#21796553
0t
0s
0r
1y
1c
1i
#21797516
1t
0s
0r
1y
1c
0i
#21798453
0t
0s
0r
1y
1c
0i
#21799421
1t
0s
0r
1y
1c
0i
#21800358
0t
0s
0r
1y
1c
0i
#21801322
1t
0s
0r
1y
1c
0i
#21802256
0t
0s
0r
1y
1c
0i
#21803220
1t
0s
0r
1y
1c
0i
#21804156
0t
0s
0r
1y
1c
0i
#21805121
1t
0s
0r
1y
1c
0i
#21806056
0t
0s
0r
1y
1c
0i
#21807017
1t
0s
0r
1y
1c
0i
#21807949
0t
0s
0r
1y
1c
0i
#21808910
1t
0s
0r
1y
1c
0i
#21809845
0t
0s
0r
1y
1c
0i
#21810805
1t
0s
0r
1y
1c
0i
#21811737
0t
0s
0r
1y
1c
0i
#21812696
1t
0s
0r
1y
1c
0i
#21813624
0t
0s
0r
1y
1c
0i
#21814582
1t
0s
0r
1y
1c
0i
#21815512
0t
0s
0r
1y
1c
0i
#21816473
1t
0s
0r
1y
1c
0i
#21817401
0t
0s
0r
1y
1c
0i
#21818359
1t
0s
0r
1y
1c
0i
#21819288
0t
0s
0r
1y
1c
0i
#21820249
1t
0s
0r
1y
1c
0i
#21821178
0t
0s
0r
1y
1c
0i
#21822139
1t
0s
0r
1y
1c
0i
#21823066
0t
0s
0r
1y
1c
0i
#21824030
1t
0s
0r
1y
1c
0i
#21824959
0t
0s
0r
1y
1c
0i
#21825928
1t
0s
0r
1y
1c
0i
#21826859
0t
0s
0r
1y
1c
0i
#21827828
1t
0s
0r
1y
1c
0i
#21828760
0t
0s
0r
1y
1c
1i
#21829733
1t
0s
0r
1y
1c
1i
#21830673
0t
0s
0r
1y
1c
1i
#21831648
1t
0s
0r
1y
1c
0i
#21832587
0t
0s
0r
1y
1c
0i
#21833563
1t
0s
0r
1y
1c
0i
#21834503
0t
0s
0r
1y
1c
0i
#21835480
1t
0s
0r
1y
1c
0i
#21836419
0t
0s
0r
1y
1c
0i
#21837392
1t
0s
0r
1y
1c
0i
#21838328
0t
0s
0r
1y
1c
0i
#21839301
1t
0s
0r
1y
1c
0i
#21840236
0t
0s
0r
1y
1c
0i
#21841210
1t
0s
0r
1y
1c
0i
#21842145
0t
0s
0r
1y
1c
0i
#21843114
1t
0s
0r
1y
1c
0i
#21844049
0t
0s
0r
1y
1c
0i
#21845014
1t
0s
0r
1y
1c
0i
#21845949
0t
0s
0r
1y
1c
0i
#21846916
1t
0s
0r
1y
1c
0i
#21847848
0t
0s
0r
1y
1c
0i
#21850176
1t
0s
0r
1y
1c
0i
#21851653
0t
0s
0r
1y
1c
0i
#21852610
1t
0s
0r
1y
1c
0i
#21853546
0t
0s
0r
1y
1c
0i
#21854509
1t
0s
0r
1y
1c
0i
#21855441
0t
0s
0r
1y
1c
0i
#21856407
1t
0s
0r
1y
1c
0i
#21857343
0t
0s
0r
1y
1c
0i
#21858312
1t
0s
0r
1y
1c
0i
#21859249
0t
0s
0r
1y
1c
0i
#21860217
1t
0s
0r
1y
1c
0i
#21861154
0t
0s
0r
1y
1c
0i
#21862127
1t
0s
0r
1y
0c
0i
#21863071
0t
0s
0r
1y
0c
1i
#21864047
1t
0s
0r
1y
0c
1i
#21864373
1t
0s
1r
1y
0c
1i
#21864376
1t
0s
0r
1y
0c
1i
#21864994
0t
0s
0r
1y
0c
1i
#21865970
1t
0s
0r
1y
0c
0i
#21866919
0t
0s
0r
1y
0c
0i
#21867899
1t
0s
0r
1y
0c
0i
#21868850
0t
0s
0r
1y
0c
0i
#21869827
1t
0s
0r
1y
0c
0i
#21870773
0t
0s
0r
1y
0c
0i
#21871750
1t
0s
0r
1y
0c
0i
#21872698
0t
0s
0r
1y
0c
0i
#21873676
1t
0s
0r
1y
0c
0i
#21874621
0t
0s
0r
1y
0c
0i
#21875596
1t
0s
0r
1y
0c
0i
#21876538
0t
0s
0r
1y
0c
0i
#21877512
1t
0s
0r
1y
0c
0i
#21878457
0t
0s
0r
1y
0c
0i
#21879432
1t
0s
0r
1y
0c
0i
#21880374
0t
0s
0r
1y
0c
0i
#21881346
1t
0s
0r
1y
0c
0i
#21882286
0t
0s
0r
1y
0c
0i
#21883260
1t
0s
0r
1y
0c
0i
#21884203
0t
0s
0r
1y
0c
0i
#21885177
1t
0s
0r
1y
0c
0i
#21886120
0t
0s
0r
1y
0c
0i
#21887093
1t
0s
0r
1y
0c
0i
#21888033
0t
0s
0r
1y
0c
0i
#21889008
1t
0s
0r
1y
0c
0i
#21889952
0t
0s
0r
1y
0c
0i
#21890929
1t
0s
0r
1y
0c
0i
#21891869
0t
0s
0r
1y
0c
0i
#21892846
1t
0s
0r
1y
0c
0i
#21893789
0t
0s
0r
1y
0c
0i
#21894771
1t
0s
0r
1y
0c
0i
#21895715
0t
0s
0r
1y
0c
0i
#21896699
1t
0s
0r
1y
1c
0i
#21897645
0t
0s
0r
1y
1c
1i
#21898630
1t
0s
0r
1y
1c
1i
#21899581
0t
0s
0r
1y
1c
1i
#21900574
1t
0s
0r
1y
1c
0i
#21901526
0t
0s
0r
1y
1c
0i
#21902516
1t
0s
0r
1y
1c
0i
#21903467
0t
0s
0r
1y
1c
0i
#21904455
1t
0s
0r
1y
1c
0i
#21905405
0t
0s
0r
1y
1c
0i
#21906394
1t
0s
0r
1y
1c
0i
#21907342
0t
0s
0r
1y
1c
0i
#21908326
1t
0s
0r
1y
1c
0i
#21909270
0t
0s
0r
1y
1c
0i
#21910249
1t
0s
0r
1y
1c
0i
#21911190
0t
0s
0r
1y
1c
0i
#21912166
1t
0s
0r
1y
1c
0i
#21913104
0t
0s
0r
1y
1c
0i
#21914073
1t
0s
0r
1y
1c
0i
#21915007
0t
0s
0r
1y
1c
0i
#21915974
1t
0s
0r
1y
1c
0i
#21916907
0t
0s
0r
1y
1c
0i
#21919242
1t
0s
0r
1y
1c
0i
#21920721
0t
0s
0r
1y
1c
0i
#21921679
1t
0s
0r
1y
1c
0i
#21922620
0t
0s
0r
1y
1c
0i
#21923588
1t
0s
0r
1y
1c
0i
#21924527
0t
0s
0r
1y
1c
0i
#21925496
1t
0s
0r
1y
1c
0i
#21926431
0t
0s
0r
1y
1c
0i
#21927403
1t
0s
0r
1y
1c
0i
#21928344
0t
0s
0r
1y
1c
0i
#21929316
1t
0s
0r
1y
1c
0i
#21930256
0t
0s
0r
1y
1c
0i
#21931231
1t
0s
0r
1y
1c
0i
#21932178
0t
0s
0r
1y
1c
1i
#21933158
1t
0s
0r
1y
1c
1i
#21934108
0t
0s
0r
1y
1c
1i
#21935090
1t
0s
0r
1y
1c
0i
#21936041
0t
0s
0r
1y
1c
0i
#21937023
1t
0s
0r
1y
1c
0i
#21937976
0t
0s
0r
1y
1c
0i
#21938958
1t
0s
0r
1y
1c
0i
#21939906
0t
0s
0r
1y
1c
0i
#21940879
1t
0s
0r
1y
1c
0i
#21941819
0t
0s
0r
1y
1c
0i
#21942783
1t
0s
0r
1y
1c
0i
#21943715
0t
0s
0r
1y
1c
0i
#21944674
1t
0s
0r
1y
1c
0i
#21945600
0t
0s
0r
1y
1c
0i
#21946550
1t
0s
0r
1y
1c
0i
#21947474
0t
0s
0r
1y
1c
0i
#21948420
1t
0s
0r
1y
1c
0i
#21949342
0t
0s
0r
1y
1c
0i
#21950292
1t
0s
0r
1y
1c
0i
#21951212
0t
0s
0r
1y
1c
0i
#21952163
1t
0s
0r
1y
1c
0i
#21953082
0t
0s
0r
1y
1c
0i
#21954032
1t
0s
0r
1y
1c
0i
#21954956
0t
0s
0r
1y
1c
0i
#21955912
1t
0s
0r
1y
1c
0i
#21956833
0t
0s
0r
1y
1c
0i
#21957787
1t
0s
0r
1y
1c
0i
#21958709
0t
0s
0r
1y
1c
0i
#21959666
1t
0s
0r
1y
1c
0i
#21960590
0t
0s
0r
1y
1c
0i
#21961550
1t
0s
0r
1y
1c
0i
#21962474
0t
0s
0r
1y
1c
0i
#21963435
1t
0s
0r
1y
1c
0i
#21964359
0t
0s
0r
1y
1c
0i
#21965323
1t
0s
0r
1y
1c
0i
#21966253
0t
0s
0r
1y
1c
1i
#21967221
1t
0s
0r
1y
1c
1i
#21968154
0t
0s
0r
1y
1c
1i
#21969125
1t
0s
0r
1y
1c
0i
#21970059
0t
0s
0r
1y
1c
0i
#21971031
1t
0s
0r
1y
1c
0i
#21971967
0t
0s
0r
1y
1c
0i
#21972941
1t
0s
0r
1y
1c
0i
#21973877
0t
0s
0r
1y
1c
0i
#21974847
1t
0s
0r
1y
1c
0i
#21975781
0t
0s
0r
1y
1c
0i
#21976751
1t
0s
0r
1y
1c
0i
#21977685
0t
0s
0r
1y
1c
0i
#21978655
1t
0s
0r
1y
1c
0i
#21979589
0t
0s
0r
1y
1c
0i
#21980554
1t
0s
0r
1y
1c
0i
#21981483
0t
0s
0r
1y
1c
0i
#21982444
1t
0s
0r
1y
1c
0i
#21983376
0t
0s
0r
1y
1c
0i
#21984337
1t
0s
0r
1y
1c
0i
#21985263
0t
0s
0r
1y
1c
0i
#21987570
1t
0s
0r
1y
1c
0i
#21989040
0t
0s
0r
1y
1c
0i
#21989991
1t
0s
0r
1y
1c
0i
#21990921
0t
0s
0r
1y
1c
0i
#21991875
1t
0s
0r
1y
1c
0i
#21992804
0t
0s
0r
1y
1c
0i
#21993765
1t
0s
0r
1y
1c
0i
#21994694
0t
0s
0r
1y
1c
0i
#21995654
1t
0s
0r
1y
1c
0i
#21996583
0t
0s
0r
1y
1c
0i
#21997545
1t
0s
0r
1y
1c
0i
#21998478
0t
0s
0r
1y
1c
0i
#21999445
1t
0s
0r
1y
0c
0i
#22000383
0t
0s
0r
1y
0c
1i
#22001351
1t
0s
0r
1y
0c
1i
#22001891
1t
0s
1r
1y
0c
1i
#22001894
1t
0s
0r
1y
0c
1i
#22002290
0t
0s
0r
1y
0c
1i
#22003259
1t
0s
0r
1y
0c
0i
#22004204
0t
0s
0r
1y
0c
0i
#22005174
1t
0s
0r
1y
0c
0i
#22006116
0t
0s
0r
1y
0c
0i
#22007085
1t
0s
0r
1y
0c
0i
#22008025
0t
0s
0r
1y
0c
0i
#22008994
1t
0s
0r
1y
0c
0i
#22009934
0t
0s
0r
1y
0c
0i
#22010900
1t
0s
0r
1y
0c
0i
#22011836
0t
0s
0r
1y
0c
0i
#22012798
1t
0s
0r
1y
0c
0i
#22013732
0t
0s
0r
1y
0c
0i
#22014695
1t
0s
0r
1y
0c
0i
#22015627
0t
0s
0r
1y
0c
0i
#22016588
1t
0s
0r
1y
0c
0i
#22017519
0t
0s
0r
1y
0c
0i
#22018477
1t
0s
0r
1y
0c
0i
#22019405
0t
0s
0r
1y
0c
0i
#22020365
1t
0s
0r
1y
0c
0i
#22021296
0t
0s
0r
1y
0c
0i
#22022254
1t
0s
0r
1y
0c
0i
#22023183
0t
0s
0r
1y
0c
0i
#22024143
1t
0s
0r
1y
0c
0i
#22025072
0t
0s
0r
1y
0c
0i
#22026035
1t
0s
0r
1y
0c
0i
#22026964
0t
0s
0r
1y
0c
0i
#22027927
1t
0s
0r
1y
0c
0i
#22028854
0t
0s
0r
1y
0c
0i
#22029819
1t
0s
0r
1y
0c
0i
#22030749
0t
0s
0r
1y
0c
0i
#22031719
1t
0s
0r
1y
0c
0i
#22032650
0t
0s
0r
1y
0c
0i
#22033620
1t
0s
0r
1y
1c
0i
#22034554
0t
0s
0r
1y
1c
1i
#22035527
1t
0s
0r
1y
1c
1i
#22036466
0t
0s
0r
1y
1c
1i
#22037445
1t
0s
0r
1y
1c
0i
#22038387
0t
0s
0r
1y
1c
0i
#22039365
1t
0s
0r
1y
1c
0i
#22040304
0t
0s
0r
1y
1c
0i
#22041282
1t
0s
0r
1y
1c
0i
#22042224
0t
0s
0r
1y
1c
0i
#22043201
1t
0s
0r
1y
1c
0i
#22044140
0t
0s
0r
1y
1c
0i
#22045113
1t
0s
0r
1y
1c
0i
#22046045
0t
0s
0r
1y
1c
0i
#22047013
1t
0s
0r
1y
1c
0i
#22047946
0t
0s
0r
1y
1c
0i
#22048909
1t
0s
0r
1y
1c
0i
#22049837
0t
0s
0r
1y
1c
0i
#22050794
1t
0s
0r
1y
1c
0i
#22051718
0t
0s
0r
1y
1c
0i
#22052675
1t
0s
0r
1y
1c
0i
#22053598
0t
0s
0r
1y
1c
0i
#22055907
1t
0s
0r
1y
1c
0i
#22057370
0t
0s
0r
1y
1c
0i
#22058317
1t
0s
0r
1y
1c
0i
#22059248
0t
0s
0r
1y
1c
0i
#22060203
1t
0s
0r
1y
1c
0i
#22061130
0t
0s
0r
1y
1c
0i
#22062087
1t
0s
0r
1y
1c
0i
#22063015
0t
0s
0r
1y
1c
0i
#22063975
1t
0s
0r
1y
1c
0i
#22064903
0t
0s
0r
1y
1c
0i
#22065862
1t
0s
0r
1y
1c
0i
#22066791
0t
0s
0r
1y
1c
0i
#22067752
1t
0s
0r
1y
1c
0i
#22068686
0t
0s
0r
1y
1c
1i
#22069653
1t
0s
0r
1y
1c
1i
#22070591
0t
0s
0r
1y
1c
1i
#22071559
1t
0s
0r
1y
1c
0i
#22072498
0t
0s
0r
1y
1c
0i
#22073467
1t
0s
0r
1y
1c
0i
#22074407
0t
0s
0r
1y
1c
0i
#22075378
1t
0s
0r
1y
1c
0i
#22076318
0t
0s
0r
1y
1c
0i
#22077285
1t
0s
0r
1y
1c
0i
#22078223
0t
0s
0r
1y
1c
0i
#22079190
1t
0s
0r
1y
1c
0i
#22080129
0t
0s
0r
1y
1c
0i
#22081096
1t
0s
0r
1y
1c
0i
#22082033
0t
0s
0r
1y
1c
0i
#22082999
1t
0s
0r
1y
1c
0i
#22083934
0t
0s
0r
1y
1c
0i
#22084896
1t
0s
0r
1y
1c
0i
#22085831
0t
0s
0r
1y
1c
0i
#22086795
1t
0s
0r
1y
1c
0i
#22087729
0t
0s
0r
1y
1c
0i
#22088691
1t
0s
0r
1y
1c
0i
#22089622
0t
0s
0r
1y
1c
0i
#22090584
1t
0s
0r
1y
1c
0i
#22091517
0t
0s
0r
1y
1c
0i
#22092480
1t
0s
0r
1y
1c
0i
#22093410
0t
0s
0r
1y
1c
0i
#22094373
1t
0s
0r
1y
1c
0i
#22095303
0t
0s
0r
1y
1c
0i
#22096272
1t
0s
0r
1y
1c
0i
#22097201
0t
0s
0r
1y
1c
0i
#22098166
1t
0s
0r
1y
1c
0i
#22099096
0t
0s
0r
1y
1c
0i
#22100064
1t
0s
0r
1y
1c
0i
#22100998
0t
0s
0r
1y
1c
0i
#22101971
1t
0s
0r
1y
1c
0i
#22102908
0t
0s
0r
1y
1c
1i
#22103883
1t
0s
0r
1y
1c
1i
#22104820
0t
0s
0r
1y
1c
1i
#22105799
1t
0s
0r
1y
1c
0i
#22106743
0t
0s
0r
1y
1c
0i
#22107724
1t
0s
0r
1y
1c
0i
#22108666
0t
0s
0r
1y
1c
0i
#22109643
1t
0s
0r
1y
1c
0i
#22110586
0t
0s
0r
1y
1c
0i
#22111563
1t
0s
0r
1y
1c
0i
#22112503
0t
0s
0r
1y
1c
0i
#22113481
1t
0s
0r
1y
1c
0i
#22114420
0t
0s
0r
1y
1c
0i
#22115392
1t
0s
0r
1y
1c
0i
#22116325
0t
0s
0r
1y
1c
0i
#22117293
1t
0s
0r
1y
1c
0i
#22118228
0t
0s
0r
1y
1c
0i
#22119194
1t
0s
0r
1y
1c
0i
#22120127
0t
0s
0r
1y
1c
0i
#22121089
1t
0s
0r
1y
1c
0i
#22122016
0t
0s
0r
1y
1c
0i
#22124322
1t
0s
0r
1y
1c
0i
#22125811
0t
0s
0r
1y
1c
0i
#22126763
1t
0s
0r
1y
1c
0i
#22127696
0t
0s
0r
1y
1c
0i
#22128657
1t
0s
0r
1y
1c
0i
#22129591
0t
0s
0r
1y
1c
0i
#22130555
1t
0s
0r
1y
1c
0i
#22131488
0t
0s
0r
1y
1c
0i
#22132452
1t
0s
0r
1y
1c
0i
#22133387
0t
0s
0r
1y
0c
0i
#22134357
1t
0s
0r
1y
0c
0i
#22135294
0t
0s
0r
1y
0c
0i
#22136264
1t
0s
0r
1y
0c
0i
#22137205
0t
0s
0r
1y
0c
1i
#22138178
1t
0s
0r
1y
0c
1i
#22138576
1t
0s
1r
1y
0c
1i
#22138579
1t
0s
0r
1y
0c
1i
#22139124
0t
0s
0r
1y
0c
1i
#22140101
1t
0s
0r
1y
0c
0i
#22141050
0t
0s
0r
1y
0c
0i
#22142025
1t
0s
0r
1y
0c
0i
#22142971
0t
0s
0r
1y
0c
0i
#22143943
1t
0s
0r
1y
0c
0i
#22144886
0t
0s
0r
1y
0c
0i
#22145852
1t
0s
0r
1y
0c
0i
#22146787
0t
0s
0r
1y
0c
0i
#22147741
1t
0s
0r
1y
0c
0i
#22148667
0t
0s
0r
1y
0c
0i
#22149617
1t
0s
0r
1y
0c
0i
#22150536
0t
0s
0r
1y
0c
0i
#22151483
1t
0s
0r
1y
0c
0i
#22152401
0t
0s
0r
1y
0c
0i
#22153342
1t
0s
0r
1y
0c
0i
#22154258
0t
0s
0r
1y
0c
0i
#22155202
1t
0s
0r
1y
0c
0i
#22156120
0t
0s
0r
1y
0c
0i
#22157065
1t
0s
0r
1y
0c
0i
#22157980
0t
0s
0r
1y
0c
0i
#22158926
1t
0s
0r
1y
0c
0i
#22159844
0t
0s
0r
1y
0c
0i
#22160794
1t
0s
0r
1y
0c
0i
#22161712
0t
0s
0r
1y
0c
0i
#22162661
1t
0s
0r
1y
0c
0i
#22163578
0t
0s
0r
1y
0c
0i
#22164529
1t
0s
0r
1y
0c
0i
#22165448
0t
0s
0r
1y
0c
0i
#22166400
1t
0s
0r
1y
0c
0i
#22167317
0t
0s
0r
1y
0c
0i
#22168271
1t
0s
0r
1y
0c
0i
#22169191
0t
0s
0r
1y
0c
0i
#22170151
1t
0s
0r
1y
1c
0i
#22171073
0t
0s
0r
1y
1c
1i
#22172032
1t
0s
0r
1y
1c
1i
#22172958
0t
0s
0r
1y
1c
1i
#22173922
1t
0s
0r
1y
1c
0i
#22174852
0t
0s
0r
1y
1c
0i
#22175819
1t
0s
0r
1y
1c
0i
#22176749
0t
0s
0r
1y
1c
0i
#22177714
1t
0s
0r
1y
1c
0i
#22178642
0t
0s
0r
1y
1c
0i
#22179606
1t
0s
0r
1y
1c
0i
#22180536
0t
0s
0r
1y
1c
0i
#22181500
1t
0s
0r
1y
1c
0i
#22182427
0t
0s
0r
1y
1c
0i
#22183386
1t
0s
0r
1y
1c
0i
#22184308
0t
0s
0r
1y
1c
0i
#22185262
1t
0s
0r
1y
1c
0i
#22186185
0t
0s
0r
1y
1c
0i
#22187136
1t
0s
0r
1y
1c
0i
#22188056
0t
0s
0r
1y
1c
0i
#22189004
1t
0s
0r
1y
1c
0i
#22189918
0t
0s
0r
1y
1c
0i
#22192189
1t
0s
0r
1y
1c
0i
#22193656
0t
0s
0r
1y
1c
0i
#22194591
1t
0s
0r
1y
1c
0i
#22195510
0t
0s
0r
1y
1c
0i
#22196456
1t
0s
0r
1y
1c
0i
#22197373
0t
0s
0r
1y
1c
0i
#22198318
1t
0s
0r
1y
1c
0i
#22199233
0t
0s
0r
1y
1c
0i
#22200180
1t
0s
0r
1y
1c
0i
#22201099
0t
0s
0r
1y
1c
0i
#22202047
1t
0s
0r
1y
1c
0i
#22202968
0t
0s
0r
1y
1c
0i
#22203919
1t
0s
0r
1y
1c
0i
#22204843
0t
0s
0r
1y
1c
1i
#22205798
1t
0s
0r
1y
1c
1i
#22206726
0t
0s
0r
1y
1c
1i
#22207686
1t
0s
0r
1y
1c
0i
#22208618
0t
0s
0r
1y
1c
0i
#22209577
1t
0s
0r
1y
1c
0i
#22210509
0t
0s
0r
1y
1c
0i
#22211469
1t
0s
0r
1y
1c
0i
#22212401
0t
0s
0r
1y
1c
0i
#22213361
1t
0s
0r
1y
1c
0i
#22214292
0t
0s
0r
1y
1c
0i
#22215248
1t
0s
0r
1y
1c
0i
#22216174
0t
0s
0r
1y
1c
0i
#22217127
1t
0s
0r
1y
1c
0i
#22218051
0t
0s
0r
1y
1c
0i
#22219000
1t
0s
0r
1y
1c
0i
#22219920
0t
0s
0r
1y
1c
0i
#22220863
1t
0s
0r
1y
1c
0i
#22221780
0t
0s
0r
1y
1c
0i
#22222722
1t
0s
0r
1y
1c
0i
#22223638
0t
0s
0r
1y
1c
0i
#22224580
1t
0s
0r
1y
1c
0i
#22225494
0t
0s
0r
1y
1c
0i
#22226433
1t
0s
0r
1y
1c
0i
#22227348
0t
0s
0r
1y
1c
0i
#22228293
1t
0s
0r
1y
1c
0i
#22229206
0t
0s
0r
1y
1c
0i
#22230150
1t
0s
0r
1y
1c
0i
#22231063
0t
0s
0r
1y
1c
0i
#22232009
1t
0s
0r
1y
1c
0i
#22232924
0t
0s
0r
1y
1c
0i
#22233874
1t
0s
0r
1y
1c
0i
#22234790
0t
0s
0r
1y
1c
0i
#22235741
1t
0s
0r
1y
1c
0i
#22236656
0t
0s
0r
1y
1c
0i
#22237610
1t
0s
0r
1y
1c
0i
#22238530
0t
0s
0r
1y
1c
1i
#22239489
1t
0s
0r
1y
1c
1i
#22240413
0t
0s
0r
1y
1c
1i
#22241373
1t
0s
0r
1y
1c
0i
#22242299
0t
0s
0r
1y
1c
0i
#22243261
1t
0s
0r
1y
1c
0i
#22244189
0t
0s
0r
1y
1c
0i
#22245151
1t
0s
0r
1y
1c
0i
#22246077
0t
0s
0r
1y
1c
0i
#22247036
1t
0s
0r
1y
1c
0i
#22247963
0t
0s
0r
1y
1c
0i
#22248926
1t
0s
0r
1y
1c
0i
#22249852
0t
0s
0r
1y
1c
0i
#22250813
1t
0s
0r
1y
1c
0i
#22251739
0t
0s
0r
1y
1c
0i
#22252697
1t
0s
0r
1y
1c
0i
#22253625
0t
0s
0r
1y
1c
0i
#22254585
1t
0s
0r
1y
1c
0i
#22255511
0t
0s
0r
1y
1c
0i
#22256468
1t
0s
0r
1y
1c
0i
#22257389
0t
0s
0r
1y
1c
0i
#22259678
1t
0s
0r
1y
1c
0i
#22261160
0t
0s
0r
1y
1c
0i
#22262105
1t
0s
0r
1y
1c
0i
#22263030
0t
0s
0r
1y
1c
0i
#22263981
1t
0s
0r
1y
1c
0i
#22264905
0t
0s
0r
1y
1c
0i
#22265861
1t
0s
0r
1y
1c
0i
#22266784
0t
0s
0r
1y
1c
0i
#22267738
1t
0s
0r
1y
1c
0i
#22268662
0t
0s
0r
1y
1c
0i
#22269619
1t
0s
0r
1y
1c
0i
#22270545
0t
0s
0r
1y
1c
0i
#22271507
1t
0s
0r
1y
0c
0i
#22272439
0t
0s
0r
1y
0c
1i
#22273399
1t
0s
0r
1y
0c
1i
#22273785
1t
0s
1r
1y
0c
1i
#22273787
1t
0s
0r
1y
0c
1i
#22274333
0t
0s
0r
1y
0c
1i
#22275298
1t
0s
0r
1y
0c
0i
#22276237
0t
0s
0r
1y
0c
0i
#22277202
1t
0s
0r
1y
0c
0i
#22278140
0t
0s
0r
1y
0c
0i
#22279105
1t
0s
0r
1y
0c
0i
#22280041
0t
0s
0r
1y
0c
0i
#22281006
1t
0s
0r
1y
0c
0i
#22281943
0t
0s
0r
1y
0c
0i
#22282905
1t
0s
0r
1y
0c
0i
#22283838
0t
0s
0r
1y
0c
0i
#22284798
1t
0s
0r
1y
0c
0i
#22285729
0t
0s
0r
1y
0c
0i
#22286688
1t
0s
0r
1y
0c
0i
#22287618
0t
0s
0r
1y
0c
0i
#22288573
1t
0s
0r
1y
0c
0i
#22289501
0t
0s
0r
1y
0c
0i
#22290454
1t
0s
0r
1y
0c
0i
#22291380
0t
0s
0r
1y
0c
0i
#22292336
1t
0s
0r
1y
0c
0i
#22293262
0t
0s
0r
1y
0c
0i
#22294216
1t
0s
0r
1y
0c
0i
#22295140
0t
0s
0r
1y
0c
0i
#22296096
1t
0s
0r
1y
0c
0i
#22297022
0t
0s
0r
1y
0c
0i
#22297981
1t
0s
0r
1y
0c
0i
#22298906
0t
0s
0r
1y
0c
0i
#22299866
1t
0s
0r
1y
0c
0i
#22300789
0t
0s
0r
1y
0c
0i
#22301749
1t
0s
0r
1y
0c
0i
#22302677
0t
0s
0r
1y
0c
0i
#22303642
1t
0s
0r
1y
0c
0i
#22304570
0t
0s
0r
1y
0c
0i
#22305537
1t
0s
0r
1y
1c
0i
#22306467
0t
0s
0r
1y
1c
1i
#22307437
1t
0s
0r
1y
1c
1i
#22308373
0t
0s
0r
1y
1c
1i
#22309348
1t
0s
0r
1y
1c
0i
#22310286
0t
0s
0r
1y
1c
0i
#22311259
1t
0s
0r
1y
1c
0i
#22312195
0t
0s
0r
1y
1c
0i
#22313170
1t
0s
0r
1y
1c
0i
#22314106
0t
0s
0r
1y
1c
0i
#22315080
1t
0s
0r
1y
1c
0i
#22316014
0t
0s
0r
1y
1c
0i
#22316984
1t
0s
0r
1y
1c
0i
#22317915
0t
0s
0r
1y
1c
0i
#22318880
1t
0s
0r
1y
1c
0i
#22319810
0t
0s
0r
1y
1c
0i
#22320773
1t
0s
0r
1y
1c
0i
#22321702
0t
0s
0r
1y
1c
0i
#22322658
1t
0s
0r
1y
1c
0i
#22323583
0t
0s
0r
1y
1c
0i
#22324539
1t
0s
0r
1y
1c
0i
#22325461
0t
0s
0r
1y
1c
0i
#22327763
1t
0s
0r
1y
1c
0i
#22329228
0t
0s
0r
1y
1c
0i
#22330174
1t
0s
0r
1y
1c
0i
#22331102
0t
0s
0r
1y
1c
0i
#22332055
1t
0s
0r
1y
1c
0i
#22332979
0t
0s
0r
1y
1c
0i
#22333933
1t
0s
0r
1y
1c
0i
#22334857
0t
0s
0r
1y
1c
0i
#22335814
1t
0s
0r
1y
1c
0i
#22336739
0t
0s
0r
1y
1c
0i
#22337696
1t
0s
0r
1y
1c
0i
#22338621
0t
0s
0r
1y
1c
0i
#22339580
1t
0s
0r
1y
1c
0i
#22340513
0t
0s
0r
1y
1c
1i
#22341478
1t
0s
0r
1y
1c
1i
#22342413
0t
0s
0r
1y
1c
1i
#22343379
1t
0s
0r
1y
1c
0i
#22344317
0t
0s
0r
1y
1c
0i
#22345284
1t
0s
0r
1y
1c
0i
#22346224
0t
0s
0r
1y
1c
0i
#22347191
1t
0s
0r
1y
1c
0i
#22348128
0t
0s
0r
1y
1c
0i
#22349086
1t
0s
0r
1y
1c
0i
#22350013
0t
0s
0r
1y
1c
0i
#22350964
1t
0s
0r
1y
1c
0i
#22351885
0t
0s
0r
1y
1c
0i
#22352829
1t
0s
0r
1y
1c
0i
#22353746
0t
0s
0r
1y
1c
0i
#22354684
1t
0s
0r
1y
1c
0i
#22355597
0t
0s
0r
1y
1c
0i
#22356532
1t
0s
0r
1y
1c
0i
#22357444
0t
0s
0r
1y
1c
0i
#22358383
1t
0s
0r
1y
1c
0i
#22359293
0t
0s
0r
1y
1c
0i
#22360231
1t
0s
0r
1y
1c
0i
#22361142
0t
0s
0r
1y
1c
0i
#22362080
1t
0s
0r
1y
1c
0i
#22362993
0t
0s
0r
1y
1c
0i
#22363936
1t
0s
0r
1y
1c
0i
#22364848
0t
0s
0r
1y
1c
0i
#22365788
1t
0s
0r
1y
1c
0i
#22366701
0t
0s
0r
1y
1c
0i
#22367647
1t
0s
0r
1y
1c
0i
#22368559
0t
0s
0r
1y
1c
0i
#22369504
1t
0s
0r
1y
1c
0i
#22370415
0t
0s
0r
1y
1c
0i
#22371362
1t
0s
0r
1y
1c
0i
#22372276
0t
0s
0r
1y
1c
0i
#22373227
1t
0s
0r
1y
1c
0i
#22374144
0t
0s
0r
1y
1c
1i
#22375097
1t
0s
0r
1y
1c
1i
#22376015
0t
0s
0r
1y
1c
1i
#22376971
1t
0s
0r
1y
1c
0i
#22377894
0t
0s
0r
1y
1c
0i
#22378852
1t
0s
0r
1y
1c
0i
#22379774
0t
0s
0r
1y
1c
0i
#22380731
1t
0s
0r
1y
1c
0i
#22381651
0t
0s
0r
1y
1c
0i
#22382606
1t
0s
0r
1y
1c
0i
#22383527
0t
0s
0r
1y
1c
0i
#22384483
1t
0s
0r
1y
1c
0i
#22385404
0t
0s
0r
1y
1c
0i
#22386357
1t
0s
0r
1y
1c
0i
#22387275
0t
0s
0r
1y
1c
0i
#22388226
1t
0s
0r
1y
1c
0i
#22389144
0t
0s
0r
1y
1c
0i
#22390093
1t
0s
0r
1y
1c
0i
#22391010
0t
0s
0r
1y
1c
0i
#22391956
1t
0s
0r
1y
1c
0i
#22392868
0t
0s
0r
1y
1c
0i
#22395133
1t
0s
0r
1y
1c
0i
#22396595
0t
0s
0r
1y
1c
0i
#22397528
1t
0s
0r
1y
1c
0i
#22398444
0t
0s
0r
1y
1c
0i
#22399385
1t
0s
0r
1y
1c
0i
#22400300
0t
0s
0r
1y
1c
0i
#22401245
1t
0s
0r
1y
1c
0i
#22402161
0t
0s
0r
1y
1c
0i
#22403105
1t
0s
0r
1y
1c
0i
#22404019
0t
0s
0r
1y
1c
0i
#22404967
1t
0s
0r
1y
1c
0i
#22405886
0t
0s
0r
1y
1c
0i
#22406837
1t
0s
0r
1y
0c
0i
#22407760
0t
0s
0r
1y
0c
1i
#22408710
1t
0s
0r
1y
0c
1i
#22409252
1t
0s
1r
1y
0c
1i
#22409255
1t
0s
0r
1y
0c
1i
#22409637
0t
0s
0r
1y
0c
1i
#22410593
1t
0s
0r
1y
0c
0i
#22411523
0t
0s
0r
1y
0c
0i
#22412478
1t
0s
0r
1y
0c
0i
#22413407
0t
0s
0r
1y
0c
0i
#22414362
1t
0s
0r
1y
0c
0i
#22415291
0t
0s
0r
1y
0c
0i
#22416249
1t
0s
0r
1y
0c
0i
#22417176
0t
0s
0r
1y
0c
0i
#22418129
1t
0s
0r
1y
0c
0i
#22419053
0t
0s
0r
1y
0c
0i
#22420005
1t
0s
0r
1y
0c
0i
#22420929
0t
0s
0r
1y
0c
0i
#22421881
1t
0s
0r
1y
0c
0i
#22422803
0t
0s
0r
1y
0c
0i
#22423748
1t
0s
0r
1y
0c
0i
#22424666
0t
0s
0r
1y
0c
0i
#22425612
1t
0s
0r
1y
0c
0i
#22426530
0t
0s
0r
1y
0c
0i
#22427478
1t
0s
0r
1y
0c
0i
#22428395
0t
0s
0r
1y
0c
0i
#22429341
1t
0s
0r
1y
0c
0i
#22430256
0t
0s
0r
1y
0c
0i
#22431204
1t
0s
0r
1y
0c
0i
#22432123
0t
0s
0r
1y
0c
0i
#22433073
1t
0s
0r
1y
0c
0i
#22433992
0t
0s
0r
1y
0c
0i
#22434943
1t
0s
0r
1y
0c
0i
#22435860
0t
0s
0r
1y
0c
0i
#22436813
1t
0s
0r
1y
0c
0i
#22437733
0t
0s
0r
1y
0c
0i
#22438690
1t
0s
0r
1y
0c
0i
#22439612
0t
0s
0r
1y
0c
0i
#22440570
1t
0s
0r
1y
1c
0i
#22441495
0t
0s
0r
1y
1c
1i
#22442459
1t
0s
0r
1y
1c
1i
#22443388
0t
0s
0r
1y
1c
1i
#22444353
1t
0s
0r
1y
1c
0i
#22445283
0t
0s
0r
1y
1c
0i
#22446249
1t
0s
0r
1y
1c
0i
#22447179
0t
0s
0r
1y
1c
0i
#22448145
1t
0s
0r
1y
1c
0i
#22449074
0t
0s
0r
1y
1c
0i
#22450037
1t
0s
0r
1y
1c
0i
#22450964
0t
0s
0r
1y
1c
0i
#22451925
1t
0s
0r
1y
1c
0i
#22452851
0t
0s
0r
1y
1c
0i
#22453813
1t
0s
0r
1y
1c
0i
#22454737
0t
0s
0r
1y
1c
0i
#22455692
1t
0s
0r
1y
1c
0i
#22456613
0t
0s
0r
1y
1c
0i
#22457565
1t
0s
0r
1y
1c
0i
#22458486
0t
0s
0r
1y
1c
0i
#22459437
1t
0s
0r
1y
1c
0i
#22460355
0t
0s
0r
1y
1c
0i
#22462642
1t
0s
0r
1y
1c
0i
#22464098
0t
0s
0r
1y
1c
0i
#22465039
1t
0s
0r
1y
1c
0i
#22465962
0t
0s
0r
1y
1c
0i
#22466909
1t
0s
0r
1y
1c
0i
#22467828
0t
0s
0r
1y
1c
0i
#22468777
1t
0s
0r
1y
1c
0i
#22469699
0t
0s
0r
1y
1c
0i
#22470650
1t
0s
0r
1y
1c
0i
#22471571
0t
0s
0r
1y
1c
0i
#22472521
1t
0s
0r
1y
1c
0i
#22473445
0t
0s
0r
1y
1c
0i
#22474403
1t
0s
0r
1y
1c
0i
#22475330
0t
0s
0r
1y
1c
1i
#22476287
1t
0s
0r
1y
1c
1i
#22477217
0t
0s
0r
1y
1c
1i
#22478178
1t
0s
0r
1y
1c
0i
#22479113
0t
0s
0r
1y
1c
0i
#22480078
1t
0s
0r
1y
1c
0i
#22481012
0t
0s
0r
1y
1c
0i
#22481974
1t
0s
0r
1y
1c
0i
#22482906
0t
0s
0r
1y
1c
0i
#22483868
1t
0s
0r
1y
1c
0i
#22484802
0t
0s
0r
1y
1c
0i
#22485765
1t
0s
0r
1y
1c
0i
#22486698
0t
0s
0r
1y
1c
0i
#22487658
1t
0s
0r
1y
1c
0i
#22488588
0t
0s
0r
1y
1c
0i
#22489549
1t
0s
0r
1y
1c
0i
#22490483
0t
0s
0r
1y
1c
0i
#22491443
1t
0s
0r
1y
1c
0i
#22492374
0t
0s
0r
1y
1c
0i
#22493333
1t
0s
0r
1y
1c
0i
#22494261
0t
0s
0r
1y
1c
0i
#22495221
1t
0s
0r
1y
1c
0i
#22496151
0t
0s
0r
1y
1c
0i
#22497112
1t
0s
0r
1y
1c
0i
#22498042
0t
0s
0r
1y
1c
0i
#22499000
1t
0s
0r
1y
1c
0i
#22499928
0t
0s
0r
1y
1c
0i
#22500890
1t
0s
0r
1y
1c
0i
#22501820
0t
0s
0r
1y
1c
0i
#22502782
1t
0s
0r
1y
1c
0i
#22503708
0t
0s
0r
1y
1c
0i
#22504672
1t
0s
0r
1y
1c
0i
#22505601
0t
0s
0r
1y
1c
0i
#22506569
1t
0s
0r
1y
1c
0i
#22507500
0t
0s
0r
1y
1c
0i
#22508469
1t
0s
0r
1y
1c
0i
#22509400
0t
0s
0r
1y
1c
1i
#22510372
1t
0s
0r
1y
1c
1i
#22511309
0t
0s
0r
1y
1c
1i
#22512287
1t
0s
0r
1y
1c
0i
#22513227
0t
0s
0r
1y
1c
0i
#22514201
1t
0s
0r
1y
1c
0i
#22515141
0t
0s
0r
1y
1c
0i
#22516118
1t
0s
0r
1y
1c
0i
#22517058
0t
0s
0r
1y
1c
0i
#22518033
1t
0s
0r
1y
1c
0i
#22518972
0t
0s
0r
1y
1c
0i
#22519945
1t
0s
0r
1y
1c
0i
#22520883
0t
0s
0r
1y
1c
0i
#22521858
1t
0s
0r
1y
1c
0i
#22522798
0t
0s
0r
1y
1c
0i
#22523769
1t
0s
0r
1y
1c
0i
#22524706
0t
0s
0r
1y
1c
0i
#22525675
1t
0s
0r
1y
1c
0i
#22526612
0t
0s
0r
1y
1c
0i
#22527582
1t
0s
0r
1y
1c
0i
#22528516
0t
0s
0r
1y
1c
0i
#22530846
1t
0s
0r
1y
1c
0i
#22532329
0t
0s
0r
1y
1c
0i
#22533288
1t
0s
0r
1y
1c
0i
#22534227
0t
0s
0r
1y
1c
0i
#22535191
1t
0s
0r
1y
1c
0i
#22536125
0t
0s
0r
1y
1c
0i
#22537093
1t
0s
0r
1y
1c
0i
#22538029
0t
0s
0r
1y
1c
0i
#22538996
1t
0s
0r
1y
1c
0i
#22539932
0t
0s
0r
1y
1c
0i
#22540901
1t
0s
0r
1y
1c
0i
#22541840
0t
0s
0r
1y
1c
0i
#22542813
1t
0s
0r
1y
0c
0i
#22543756
0t
0s
0r
1y
0c
1i
#22544730
1t
0s
0r
1y
0c
1i
#22544992
1t
0s
1r
1y
0c
1i
#22544995
1t
0s
0r
1y
0c
1i
#22545674
0t
0s
0r
1y
0c
1i
#22546650
1t
0s
0r
1y
0c
0i
#22547598
0t
0s
0r
1y
0c
0i
#22548575
1t
0s
0r
1y
0c
0i
#22549523
0t
0s
0r
1y
0c
0i
#22550499
1t
0s
0r
1y
0c
0i
#22551444
0t
0s
0r
1y
0c
0i
#22552418
1t
0s
0r
1y
0c
0i
#22553363
0t
0s
0r
1y
0c
0i
#22554338
1t
0s
0r
1y
0c
0i
#22555281
0t
0s
0r
1y
0c
0i
#22556253
1t
0s
0r
1y
0c
0i
#22557193
0t
0s
0r
1y
0c
0i
#22558163
1t
0s
0r
1y
0c
0i
#22559104
0t
0s
0r
1y
0c
0i
#22560073
1t
0s
0r
1y
0c
0i
#22561013
0t
0s
0r
1y
0c
0i
#22561980
1t
0s
0r
1y
0c
0i
#22562917
0t
0s
0r
1y
0c
0i
#22563885
1t
0s
0r
1y
0c
0i
#22564823
0t
0s
0r
1y
0c
0i
#22565792
1t
0s
0r
1y
0c
0i
#22566730
0t
0s
0r
1y
0c
0i
#22567699
1t
0s
0r
1y
0c
0i
#22568635
0t
0s
0r
1y
0c
0i
#22569605
1t
0s
0r
1y
0c
0i
#22570543
0t
0s
0r
1y
0c
0i
#22571518
1t
0s
0r
1y
0c
0i
#22572455
0t
0s
0r
1y
0c
0i
#22573427
1t
0s
0r
1y
0c
0i
#22574367
0t
0s
0r
1y
0c
0i
#22575347
1t
0s
0r
1y
0c
0i
#22576286
0t
0s
0r
1y
0c
0i
#22577266
1t
0s
0r
1y
1c
0i
#22578209
0t
0s
0r
1y
1c
1i
#22579192
1t
0s
0r
1y
1c
1i
#22580140
0t
0s
0r
1y
1c
1i
#22581130
1t
0s
0r
1y
1c
0i
#22582081
0t
0s
0r
1y
1c
0i
#22583068
1t
0s
0r
1y
1c
0i
#22584015
0t
0s
0r
1y
1c
0i
#22585004
1t
0s
0r
1y
1c
0i
#22585953
0t
0s
0r
1y
1c
0i
#22586941
1t
0s
0r
1y
1c
0i
#22587889
0t
0s
0r
1y
1c
0i
#22588873
1t
0s
0r
1y
1c
0i
#22589818
0t
0s
0r
1y
1c
0i
#22590798
1t
0s
0r
1y
1c
0i
#22591742
0t
0s
0r
1y
1c
0i
#22592721
1t
0s
0r
1y
1c
0i
#22593662
0t
0s
0r
1y
1c
0i
#22594635
1t
0s
0r
1y
1c
0i
#22595572
0t
0s
0r
1y
1c
0i
#22596543
1t
0s
0r
1y
1c
0i
#22597479
0t
0s
0r
1y
1c
0i
#22599821
1t
0s
0r
1y
1c
0i
#22601305
0t
0s
0r
1y
1c
0i
#22602268
1t
0s
0r
1y
1c
0i
#22603209
0t
0s
0r
1y
1c
0i
#22604177
1t
0s
0r
1y
1c
0i
#22605115
0t
0s
0r
1y
1c
0i
#22606085
1t
0s
0r
1y
1c
0i
#22607024
0t
0s
0r
1y
1c
0i
#22607997
1t
0s
0r
1y
1c
0i
#22608937
0t
0s
0r
1y
1c
0i
#22609909
1t
0s
0r
1y
1c
0i
#22610850
0t
0s
0r
1y
1c
0i
#22611826
1t
0s
0r
1y
1c
0i
#22612773
0t
0s
0r
1y
1c
1i
#22613752
1t
0s
0r
1y
1c
1i
#22614700
0t
0s
0r
1y
1c
1i
#22615680
1t
0s
0r
1y
1c
0i
#22616633
0t
0s
0r
1y
1c
0i
#22617615
1t
0s
0r
1y
1c
0i
#22618567
0t
0s
0r
1y
1c
0i
#22619547
1t
0s
0r
1y
1c
0i
#22620494
0t
0s
0r
1y
1c
0i
#22621463
1t
0s
0r
1y
1c
0i
#22622401
0t
0s
0r
1y
1c
0i
#22623363
1t
0s
0r
1y
1c
0i
#22624293
0t
0s
0r
1y
1c
0i
#22625248
1t
0s
0r
1y
1c
0i
#22626172
0t
0s
0r
1y
1c
0i
#22627121
1t
0s
0r
1y
1c
0i
#22628043
0t
0s
0r
1y
1c
0i
#22628988
1t
0s
0r
1y
1c
0i
#22629909
0t
0s
0r
1y
1c
0i
#22630858
1t
0s
0r
1y
1c
0i
#22631779
0t
0s
0r
1y
1c
0i
#22632729
1t
0s
0r
1y
1c
0i
#22633649
0t
0s
0r
1y
1c
0i
#22634600
1t
0s
0r
1y
1c
0i
#22635522
0t
0s
0r
1y
1c
0i
#22636478
1t
0s
0r
1y
1c
0i
#22637400
0t
0s
0r
1y
1c
0i
#22638353
1t
0s
0r
1y
1c
0i
#22639277
0t
0s
0r
1y
1c
0i
#22640237
1t
0s
0r
1y
1c
0i
#22641160
0t
0s
0r
1y
1c
0i
#22642117
1t
0s
0r
1y
1c
0i
#22643040
0t
0s
0r
1y
1c
0i
#22644000
1t
0s
0r
1y
1c
0i
#22644927
0t
0s
0r
1y
1c
0i
#22645891
1t
0s
0r
1y
1c
0i
#22646820
0t
0s
0r
1y
1c
1i
#22647788
1t
0s
0r
1y
1c
1i
#22648719
0t
0s
0r
1y
1c
1i
#22649689
1t
0s
0r
1y
1c
0i
#22650625
0t
0s
0r
1y
1c
0i
#22651599
1t
0s
0r
1y
1c
0i
#22652535
0t
0s
0r
1y
1c
0i
#22653506
1t
0s
0r
1y
1c
0i
#22654440
0t
0s
0r
1y
1c
0i
#22655410
1t
0s
0r
1y
1c
0i
#22656344
0t
0s
0r
1y
1c
0i
#22657316
1t
0s
0r
1y
1c
0i
#22658250
0t
0s
0r
1y
1c
0i
#22659217
1t
0s
0r
1y
1c
0i
#22660148
0t
0s
0r
1y
1c
0i
#22661112
1t
0s
0r
1y
1c
0i
#22662045
0t
0s
0r
1y
1c
0i
#22663008
1t
0s
0r
1y
1c
0i
#22663940
0t
0s
0r
1y
1c
0i
#22664900
1t
0s
0r
1y
1c
0i
#22665826
0t
0s
0r
1y
1c
0i
#22668129
1t
0s
0r
1y
1c
0i
#22669615
0t
0s
0r
1y
1c
0i
#22670565
1t
0s
0r
1y
1c
0i
#22671495
0t
0s
0r
1y
1c
0i
#22672453
1t
0s
0r
1y
1c
0i
#22673383
0t
0s
0r
1y
1c
0i
#22674345
1t
0s
0r
1y
1c
0i
#22675274
0t
0s
0r
1y
1c
0i
#22676233
1t
0s
0r
1y
1c
0i
#22677164
0t
0s
0r
1y
0c
0i
#22678128
1t
0s
0r
1y
0c
0i
#22679062
0t
0s
0r
1y
0c
0i
#22680028
1t
0s
0r
1y
0c
0i
#22680964
0t
0s
0r
1y
0c
1i
#22681932
1t
0s
0r
1y
0c
1i
#22682438
1t
0s
1r
1y
0c
1i
#22682441
1t
0s
0r
1y
0c
1i
#22682873
0t
0s
0r
1y
0c
1i
#22683845
1t
0s
0r
1y
0c
0i
#22684789
0t
0s
0r
1y
0c
0i
#22685758
1t
0s
0r
1y
0c
0i
#22686700
0t
0s
0r
1y
0c
0i
#22687666
1t
0s
0r
1y
0c
0i
#22688605
0t
0s
0r
1y
0c
0i
#22689567
1t
0s
0r
1y
0c
0i
#22690498
0t
0s
0r
1y
0c
0i
#22691452
1t
0s
0r
1y
0c
0i
#22692375
0t
0s
0r
1y
0c
0i
#22693321
1t
0s
0r
1y
0c
0i
#22694238
0t
0s
0r
1y
0c
0i
#22695182
1t
0s
0r
1y
0c
0i
#22696098
0t
0s
0r
1y
0c
0i
#22697040
1t
0s
0r
1y
0c
0i
#22697955
0t
0s
0r
1y
0c
0i
#22698896
1t
0s
0r
1y
0c
0i
#22699810
0t
0s
0r
1y
0c
0i
#22700753
1t
0s
0r
1y
0c
0i
#22701671
0t
0s
0r
1y
0c
0i
#22702616
1t
0s
0r
1y
0c
0i
#22703532
0t
0s
0r
1y
0c
0i
#22704480
1t
0s
0r
1y
0c
0i
#22705399
0t
0s
0r
1y
0c
0i
#22706350
1t
0s
0r
1y
0c
0i
#22707269
0t
0s
0r
1y
0c
0i
#22708220
1t
0s
0r
1y
0c
0i
#22709138
0t
0s
0r
1y
0c
0i
#22710091
1t
0s
0r
1y
0c
0i
#22711012
0t
0s
0r
1y
0c
0i
#22711968
1t
0s
0r
1y
0c
0i
#22712888
0t
0s
0r
1y
0c
0i
#22713845
1t
0s
0r
1y
1c
0i
#22714770
0t
0s
0r
1y
1c
1i
#22715732
1t
0s
0r
1y
1c
1i
#22716660
0t
0s
0r
1y
1c
1i
#22717623
1t
0s
0r
1y
1c
0i
#22718552
0t
0s
0r
1y
1c
0i
#22719516
1t
0s
0r
1y
1c
0i
#22720445
0t
0s
0r
1y
1c
0i
#22721412
1t
0s
0r
1y
1c
0i
#22722340
0t
0s
0r
1y
1c
0i
#22723303
1t
0s
0r
1y
1c
0i
#22724228
0t
0s
0r
1y
1c
0i
#22725188
1t
0s
0r
1y
1c
0i
#22726115
0t
0s
0r
1y
1c
0i
#22727072
1t
0s
0r
1y
1c
0i
#22727993
0t
0s
0r
1y
1c
0i
#22728944
1t
0s
0r
1y
1c
0i
#22729863
0t
0s
0r
1y
1c
0i
#22730810
1t
0s
0r
1y
1c
0i
#22731726
0t
0s
0r
1y
1c
0i
#22732674
1t
0s
0r
1y
1c
0i
#22733587
0t
0s
0r
1y
1c
0i
#22735863
1t
0s
0r
1y
1c
0i
#22737313
0t
0s
0r
1y
1c
0i
#22738249
1t
0s
0r
1y
1c
0i
#22739167
0t
0s
0r
1y
1c
0i
#22740109
1t
0s
0r
1y
1c
0i
#22741023
0t
0s
0r
1y
1c
0i
#22741967
1t
0s
0r
1y
1c
0i
#22742883
0t
0s
0r
1y
1c
0i
#22743830
1t
0s
0r
1y
1c
0i
#22744747
0t
0s
0r
1y
1c
0i
#22745693
1t
0s
0r
1y
1c
0i
#22746610
0t
0s
0r
1y
1c
0i
#22747561
1t
0s
0r
1y
1c
0i
#22748483
0t
0s
0r
1y
1c
1i
#22749438
1t
0s
0r
1y
1c
1i
#22750365
0t
0s
0r
1y
1c
1i
#22751321
1t
0s
0r
1y
1c
0i
#22752249
0t
0s
0r
1y
1c
0i
#22753207
1t
0s
0r
1y
1c
0i
#22754139
0t
0s
0r
1y
1c
0i
#22755096
1t
0s
0r
1y
1c
0i
#22756026
0t
0s
0r
1y
1c
0i
#22756981
1t
0s
0r
1y
1c
0i
#22757909
0t
0s
0r
1y
1c
0i
#22758864
1t
0s
0r
1y
1c
0i
#22759794
0t
0s
0r
1y
1c
0i
#22760749
1t
0s
0r
1y
1c
0i
#22761676
0t
0s
0r
1y
1c
0i
#22762628
1t
0s
0r
1y
1c
0i
#22763556
0t
0s
0r
1y
1c
0i
#22764508
1t
0s
0r
1y
1c
0i
#22765433
0t
0s
0r
1y
1c
0i
#22766384
1t
0s
0r
1y
1c
0i
#22767307
0t
0s
0r
1y
1c
0i
#22768258
1t
0s
0r
1y
1c
0i
#22769181
0t
0s
0r
1y
1c
0i
#22770134
1t
0s
0r
1y
1c
0i
#22771056
0t
0s
0r
1y
1c
0i
#22772007
1t
0s
0r
1y
1c
0i
#22772927
0t
0s
0r
1y
1c
0i
#22773879
1t
0s
0r
1y
1c
0i
#22774800
0t
0s
0r
1y
1c
0i
#22775755
1t
0s
0r
1y
1c
0i
#22776676
0t
0s
0r
1y
1c
0i
#22777630
1t
0s
0r
1y
1c
0i
#22778549
0t
0s
0r
1y
1c
0i
#22779506
1t
0s
0r
1y
1c
0i
#22780430
0t
0s
0r
1y
1c
0i
#22781392
1t
0s
0r
1y
1c
0i
#22782318
0t
0s
0r
1y
1c
1i
#22783281
1t
0s
0r
1y
1c
1i
#22784210
0t
0s
0r
1y
1c
1i
#22785178
1t
0s
0r
1y
1c
0i
#22786111
0t
0s
0r
1y
1c
0i
#22787082
1t
0s
0r
1y
1c
0i
#22788016
0t
0s
0r
1y
1c
0i
#22788983
1t
0s
0r
1y
1c
0i
#22789916
0t
0s
0r
1y
1c
0i
#22790884
1t
0s
0r
1y
1c
0i
#22791818
0t
0s
0r
1y
1c
0i
#22792785
1t
0s
0r
1y
1c
0i
#22793715
0t
0s
0r
1y
1c
0i
#22794679
1t
0s
0r
1y
1c
0i
#22795608
0t
0s
0r
1y
1c
0i
#22796570
1t
0s
0r
1y
1c
0i
#22797500
0t
0s
0r
1y
1c
0i
#22798458
1t
0s
0r
1y
1c
0i
#22799383
0t
0s
0r
1y
1c
0i
#22800339
1t
0s
0r
1y
1c
0i
#22801262
0t
0s
0r
1y
1c
0i
#22803571
1t
0s
0r
1y
1c
0i
#22805030
0t
0s
0r
1y
1c
0i
#22805974
1t
0s
0r
1y
1c
0i
#22806902
0t
0s
0r
1y
1c
0i
#22807856
1t
0s
0r
1y
1c
0i
#22808782
0t
0s
0r
1y
1c
0i
#22809736
1t
0s
0r
1y
1c
0i
#22810659
0t
0s
0r
1y
1c
0i
#22811616
1t
0s
0r
1y
1c
0i
#22812543
0t
0s
0r
1y
1c
0i
#22813501
1t
0s
0r
1y
1c
0i
#22814428
0t
0s
0r
1y
1c
0i
#22815388
1t
0s
0r
1y
0c
0i
#22816320
0t
0s
0r
1y
0c
1i
#22817284
1t
0s
0r
1y
0c
1i
#22817689
1t
0s
1r
1y
0c
1i
#22817692
1t
0s
0r
1y
0c
1i
#22818219
0t
0s
0r
1y
0c
1i
#22819184
1t
0s
0r
1y
0c
0i
#22820119
0t
0s
0r
1y
0c
0i
#22821084
1t
0s
0r
1y
0c
0i
#22822022
0t
0s
0r
1y
0c
0i
#22822990
1t
0s
0r
1y
0c
0i
#22823926
0t
0s
0r
1y
0c
0i
#22824890
1t
0s
0r
1y
0c
0i
#22825825
0t
0s
0r
1y
0c
0i
#22826788
1t
0s
0r
1y
0c
0i
#22827723
0t
0s
0r
1y
0c
0i
#22828687
1t
0s
0r
1y
0c
0i
#22829621
0t
0s
0r
1y
0c
0i
#22830582
1t
0s
0r
1y
0c
0i
#22831515
0t
0s
0r
1y
0c
0i
#22832475
1t
0s
0r
1y
0c
0i
#22833407
0t
0s
0r
1y
0c
0i
#22834368
1t
0s
0r
1y
0c
0i
#22835299
0t
0s
0r
1y
0c
0i
#22836260
1t
0s
0r
1y
0c
0i
#22837188
0t
0s
0r
1y
0c
0i
#22838147
1t
0s
0r
1y
0c
0i
#22839078
0t
0s
0r
1y
0c
0i
#22840042
1t
0s
0r
1y
0c
0i
#22840971
0t
0s
0r
1y
0c
0i
#22841933
1t
0s
0r
1y
0c
0i
#22842861
0t
0s
0r
1y
0c
0i
#22843826
1t
0s
0r
1y
0c
0i
#22844756
0t
0s
0r
1y
0c
0i
#22845724
1t
0s
0r
1y
0c
0i
#22846657
0t
0s
0r
1y
0c
0i
#22847626
1t
0s
0r
1y
0c
0i
#22848558
0t
0s
0r
1y
0c
0i
#22849531
1t
0s
0r
1y
1c
0i
#22850471
0t
0s
0r
1y
1c
1i
#22851448
1t
0s
0r
1y
1c
1i
#22852388
0t
0s
0r
1y
1c
1i
#22853368
1t
0s
0r
1y
1c
0i
#22854314
0t
0s
0r
1y
1c
0i
#22855296
1t
0s
0r
1y
1c
0i
#22856240
0t
0s
0r
1y
1c
0i
#22857221
1t
0s
0r
1y
1c
0i
#22858163
0t
0s
0r
1y
1c
0i
#22859140
1t
0s
0r
1y
1c
0i
#22860081
0t
0s
0r
1y
1c
0i
#22861058
1t
0s
0r
1y
1c
0i
#22861995
0t
0s
0r
1y
1c
0i
#22862964
1t
0s
0r
1y
1c
0i
#22863895
0t
0s
0r
1y
1c
0i
#22864858
1t
0s
0r
1y
1c
0i
#22865786
0t
0s
0r
1y
1c
0i
#22866745
1t
0s
0r
1y
1c
0i
#22867672
0t
0s
0r
1y
1c
0i
#22868626
1t
0s
0r
1y
1c
0i
#22869546
0t
0s
0r
1y
1c
0i
#22871833
1t
0s
0r
1y
1c
0i
#22873315
0t
0s
0r
1y
1c
0i
#22874259
1t
0s
0r
1y
1c
0i
#22875187
0t
0s
0r
1y
1c
0i
#22876142
1t
0s
0r
1y
1c
0i
#22877069
0t
0s
0r
1y
1c
0i
#22878025
1t
0s
0r
1y
1c
0i
#22878948
0t
0s
0r
1y
1c
0i
#22879906
1t
0s
0r
1y
1c
0i
#22880835
0t
0s
0r
1y
1c
0i
#22881796
1t
0s
0r
1y
1c
0i
#22882727
0t
0s
0r
1y
1c
0i
#22883689
1t
0s
0r
1y
1c
0i
#22884622
0t
0s
0r
1y
1c
1i
#22885589
1t
0s
0r
1y
1c
1i
#22886527
0t
0s
0r
1y
1c
1i
#22887497
1t
0s
0r
1y
1c
0i
#22888438
0t
0s
0r
1y
1c
0i
#22889406
1t
0s
0r
1y
1c
0i
#22890348
0t
0s
0r
1y
1c
0i
#22891319
1t
0s
0r
1y
1c
0i
#22892261
0t
0s
0r
1y
1c
0i
#22893229
1t
0s
0r
1y
1c
0i
#22894167
0t
0s
0r
1y
1c
0i
#22895133
1t
0s
0r
1y
1c
0i
#22896070
0t
0s
0r
1y
1c
0i
#22897035
1t
0s
0r
1y
1c
0i
#22897970
0t
0s
0r
1y
1c
0i
#22898931
1t
0s
0r
1y
1c
0i
#22899863
0t
0s
0r
1y
1c
0i
#22900820
1t
0s
0r
1y
1c
0i
#22901750
0t
0s
0r
1y
1c
0i
#22902709
1t
0s
0r
1y
1c
0i
#22903638
0t
0s
0r
1y
1c
0i
#22904595
1t
0s
0r
1y
1c
0i
#22905522
0t
0s
0r
1y
1c
0i
#22906479
1t
0s
0r
1y
1c
0i
#22907406
0t
0s
0r
1y
1c
0i
#22908367
1t
0s
0r
1y
1c
0i
#22909294
0t
0s
0r
1y
1c
0i
#22910252
1t
0s
0r
1y
1c
0i
#22911178
0t
0s
0r
1y
1c
0i
#22912138
1t
0s
0r
1y
1c
0i
#22913066
0t
0s
0r
1y
1c
0i
#22914029
1t
0s
0r
1y
1c
0i
#22914957
0t
0s
0r
1y
1c
0i
#22915922
1t
0s
0r
1y
1c
0i
#22916850
0t
0s
0r
1y
1c
0i
#22917819
1t
0s
0r
1y
1c
0i
#22918754
0t
0s
0r
1y
1c
1i
#22919726
1t
0s
0r
1y
1c
1i
#22920662
0t
0s
0r
1y
1c
1i
#22921637
1t
0s
0r
1y
1c
0i
#22922577
0t
0s
0r
1y
1c
0i
#22923556
1t
0s
0r
1y
1c
0i
#22924497
0t
0s
0r
1y
1c
0i
#22925473
1t
0s
0r
1y
1c
0i
#22926412
0t
0s
0r
1y
1c
0i
#22927387
1t
0s
0r
1y
1c
0i
#22928327
0t
0s
0r
1y
1c
0i
#22929305
1t
0s
0r
1y
1c
0i
#22930244
0t
0s
0r
1y
1c
0i
#22931219
1t
0s
0r
1y
1c
0i
#22932157
0t
0s
0r
1y
1c
0i
#22933131
1t
0s
0r
1y
1c
0i
#22934072
0t
0s
0r
1y
1c
0i
#22935045
1t
0s
0r
1y
1c
0i
#22935985
0t
0s
0r
1y
1c
0i
#22936956
1t
0s
0r
1y
1c
0i
#22937890
0t
0s
0r
1y
1c
0i
#22940218
1t
0s
0r
1y
1c
0i
#22941714
0t
0s
0r
1y
1c
0i
#22942672
1t
0s
0r
1y
1c
0i
#22943612
0t
0s
0r
1y
1c
0i
#22944579
1t
0s
0r
1y
1c
0i
#22945517
0t
0s
0r
1y
1c
0i
#22946486
1t
0s
0r
1y
1c
0i
#22947423
0t
0s
0r
1y
1c
0i
#22948392
1t
0s
0r
1y
1c
0i
#22949331
0t
0s
0r
1y
1c
0i
#22950306
1t
0s
0r
1y
1c
0i
#22951246
0t
0s
0r
1y
1c
0i
#22952221
1t
0s
0r
1y
0c
0i
#22953165
0t
0s
0r
1y
0c
1i
#22954144
1t
0s
0r
1y
0c
1i
#22954461
1t
0s
1r
1y
0c
1i
#22954464
1t
0s
0r
1y
0c
1i
#22955094
0t
0s
0r
1y
0c
1i
#22956075
1t
0s
0r
1y
0c
0i
#22957027
0t
0s
0r
1y
0c
0i
#22958008
1t
0s
0r
1y
0c
0i
#22958959
0t
0s
0r
1y
0c
0i
#22959940
1t
0s
0r
1y
0c
0i
#22960891
0t
0s
0r
1y
0c
0i
#22961872
1t
0s
0r
1y
0c
0i
#22962821
0t
0s
0r
1y
0c
0i
#22963798
1t
0s
0r
1y
0c
0i
#22964743
0t
0s
0r
1y
0c
0i
#22965717
1t
0s
0r
1y
0c
0i
#22966659
0t
0s
0r
1y
0c
0i
#22967632
1t
0s
0r
1y
0c
0i
#22968574
0t
0s
0r
1y
0c
0i
#22969541
1t
0s
0r
1y
0c
0i
#22970477
0t
0s
0r
1y
0c
0i
#22971443
1t
0s
0r
1y
0c
0i
#22972380
0t
0s
0r
1y
0c
0i
#22973348
1t
0s
0r
1y
0c
0i
#22974285
0t
0s
0r
1y
0c
0i
#22975251
1t
0s
0r
1y
0c
0i
#22976184
0t
0s
0r
1y
0c
0i
#22977152
1t
0s
0r
1y
0c
0i
#22978088
0t
0s
0r
1y
0c
0i
#22979059
1t
0s
0r
1y
0c
0i
#22979995
0t
0s
0r
1y
0c
0i
#22980964
1t
0s
0r
1y
0c
0i
#22981901
0t
0s
0r
1y
0c
0i
#22982875
1t
0s
0r
1y
0c
0i
#22983813
0t
0s
0r
1y
0c
0i
#22984789
1t
0s
0r
1y
0c
0i
#22985727
0t
0s
0r
1y
0c
0i
#22986706
1t
0s
0r
1y
1c
0i
#22987650
0t
0s
0r
1y
1c
1i
#22988636
1t
0s
0r
1y
1c
1i
#22989583
0t
0s
0r
1y
1c
1i
#22990569
1t
0s
0r
1y
1c
0i
#22991517
0t
0s
0r
1y
1c
0i
#22992506
1t
0s
0r
1y
1c
0i
#22993456
0t
0s
0r
1y
1c
0i
#22994446
1t
0s
0r
1y
1c
0i
#22995395
0t
0s
0r
1y
1c
0i
#22996380
1t
0s
0r
1y
1c
0i
#22997324
0t
0s
0r
1y
1c
0i
#22998307
1t
0s
0r
1y
1c
0i
#22999251
0t
0s
0r
1y
1c
0i
#23000231
1t
0s
0r
1y
1c
0i
#23001171
0t
0s
0r
1y
1c
0i
#23002143
1t
0s
0r
1y
1c
0i
#23003079
0t
0s
0r
1y
1c
0i
#23004047
1t
0s
0r
1y
1c
0i
#23004983
0t
0s
0r
1y
1c
0i
#23005953
1t
0s
0r
1y
1c
0i
#23006884
0t
0s
0r
1y
1c
0i
#23009212
1t
0s
0r
1y
1c
0i
#23010693
0t
0s
0r
1y
1c
0i
#23011650
1t
0s
0r
1y
1c
0i
#23012589
0t
0s
0r
1y
1c
0i
#23013553
1t
0s
0r
1y
1c
0i
#23014487
0t
0s
0r
1y
1c
0i
#23015453
1t
0s
0r
1y
1c
0i
#23016390
0t
0s
0r
1y
1c
0i
#23017358
1t
0s
0r
1y
1c
0i
#23018294
0t
0s
0r
1y
1c
0i
#23019262
1t
0s
0r
1y
1c
0i
#23020201
0t
0s
0r
1y
1c
0i
#23021174
1t
0s
0r
1y
1c
0i
#23022118
0t
0s
0r
1y
1c
1i
#23023094
1t
0s
0r
1y
1c
1i
#23024040
0t
0s
0r
1y
1c
1i
#23025018
1t
0s
0r
1y
1c
0i
#23025969
0t
0s
0r
1y
1c
0i
#23026950
1t
0s
0r
1y
1c
0i
#23027901
0t
0s
0r
1y
1c
0i
#23028878
1t
0s
0r
1y
1c
0i
#23029823
0t
0s
0r
1y
1c
0i
#23030793
1t
0s
0r
1y
1c
0i
#23031730
0t
0s
0r
1y
1c
0i
#23032691
1t
0s
0r
1y
1c
0i
#23033621
0t
0s
0r
1y
1c
0i
#23034574
1t
0s
0r
1y
1c
0i
#23035495
0t
0s
0r
1y
1c
0i
#23036441
1t
0s
0r
1y
1c
0i
#23037361
0t
0s
0r
1y
1c
0i
#23038305
1t
0s
0r
1y
1c
0i
#23039223
0t
0s
0r
1y
1c
0i
#23040168
1t
0s
0r
1y
1c
0i
#23041086
0t
0s
0r
1y
1c
0i
#23042030
1t
0s
0r
1y
1c
0i
#23042948
0t
0s
0r
1y
1c
0i
#23043895
1t
0s
0r
1y
1c
0i
#23044814
0t
0s
0r
1y
1c
0i
#23045763
1t
0s
0r
1y
1c
0i
#23046679
0t
0s
0r
1y
1c
0i
#23047629
1t
0s
0r
1y
1c
0i
#23048549
0t
0s
0r
1y
1c
0i
#23049503
1t
0s
0r
1y
1c
0i
#23050422
0t
0s
0r
1y
1c
0i
#23051375
1t
0s
0r
1y
1c
0i
#23052293
0t
0s
0r
1y
1c
0i
#23053250
1t
0s
0r
1y
1c
0i
#23054173
0t
0s
0r
1y
1c
0i
#23055135
1t
0s
0r
1y
1c
0i
#23056061
0t
0s
0r
1y
1c
1i
#23057024
1t
0s
0r
1y
1c
1i
#23057953
0t
0s
0r
1y
1c
1i
#23058921
1t
0s
0r
1y
1c
0i
#23059854
0t
0s
0r
1y
1c
0i
#23060825
1t
0s
0r
1y
1c
0i
#23061759
0t
0s
0r
1y
1c
0i
#23062728
1t
0s
0r
1y
1c
0i
#23063660
0t
0s
0r
1y
1c
0i
#23064627
1t
0s
0r
1y
1c
0i
#23065560
0t
0s
0r
1y
1c
0i
#23066528
1t
0s
0r
1y
1c
0i
#23067458
0t
0s
0r
1y
1c
0i
#23068422
1t
0s
0r
1y
1c
0i
#23069348
0t
0s
0r
1y
1c
0i
#23070307
1t
0s
0r
1y
1c
0i
#23071234
0t
0s
0r
1y
1c
0i
#23072193
1t
0s
0r
1y
1c
0i
#23073118
0t
0s
0r
1y
1c
0i
#23074071
1t
0s
0r
1y
1c
0i
#23074991
0t
0s
0r
1y
1c
0i
#23077279
1t
0s
0r
1y
1c
0i
#23078754
0t
0s
0r
1y
1c
0i
#23079696
1t
0s
0r
1y
1c
0i
#23080622
0t
0s
0r
1y
1c
0i
#23081576
1t
0s
0r
1y
1c
0i
#23082500
0t
0s
0r
1y
1c
0i
#23083453
1t
0s
0r
1y
1c
0i
#23084375
0t
0s
0r
1y
1c
0i
#23085330
1t
0s
0r
1y
1c
0i
#23086255
0t
0s
0r
1y
1c
0i
#23087213
1t
0s
0r
1y
1c
0i
#23088140
0t
0s
0r
1y
1c
0i
#23089099
1t
0s
0r
1y
0c
0i
#23090028
0t
0s
0r
1y
0c
1i
#23090989
1t
0s
0r
1y
0c
1i
#23091566
1t
0s
1r
1y
0c
1i
#23091568
1t
0s
0r
1y
0c
1i
#23091924
0t
0s
0r
1y
0c
1i
#23092888
1t
0s
0r
1y
0c
0i
#23093823
0t
0s
0r
1y
0c
0i
#23094785
1t
0s
0r
1y
0c
0i
#23095721
0t
0s
0r
1y
0c
0i
#23096684
1t
0s
0r
1y
0c
0i
#23097620
0t
0s
0r
1y
0c
0i
#23098582
1t
0s
0r
1y
0c
0i
#23099515
0t
0s
0r
1y
0c
0i
#23100475
1t
0s
0r
1y
0c
0i
#23101407
0t
0s
0r
1y
0c
0i
#23102368
1t
0s
0r
1y
0c
0i
#23103299
0t
0s
0r
1y
0c
0i
#23104258
1t
0s
0r
1y
0c
0i
#23105189
0t
0s
0r
1y
0c
0i
#23106145
1t
0s
0r
1y
0c
0i
#23107071
0t
0s
0r
1y
0c
0i
#23108027
1t
0s
0r
1y
0c
0i
#23108954
0t
0s
0r
1y
0c
0i
#23109912
1t
0s
0r
1y
0c
0i
#23110838
0t
0s
0r
1y
0c
0i
#23111791
1t
0s
0r
1y
0c
0i
#23112717
0t
0s
0r
1y
0c
0i
#23113674
1t
0s
0r
1y
0c
0i
#23114599
0t
0s
0r
1y
0c
0i
#23115556
1t
0s
0r
1y
0c
0i
#23116481
0t
0s
0r
1y
0c
0i
#23117438
1t
0s
0r
1y
0c
0i
#23118364
0t
0s
0r
1y
0c
0i
#23119326
1t
0s
0r
1y
0c
0i
#23120252
0t
0s
0r
1y
0c
0i
#23121215
1t
0s
0r
1y
0c
0i
#23122140
0t
0s
0r
1y
0c
0i
#23123108
1t
0s
0r
1y
1c
0i
#23124040
0t
0s
0r
1y
1c
1i
#23125011
1t
0s
0r
1y
1c
1i
#23125947
0t
0s
0r
1y
1c
1i
#23126920
1t
0s
0r
1y
1c
0i
#23127857
0t
0s
0r
1y
1c
0i
#23128831
1t
0s
0r
1y
1c
0i
#23129769
0t
0s
0r
1y
1c
0i
#23130745
1t
0s
0r
1y
1c
0i
#23131682
0t
0s
0r
1y
1c
0i
#23132654
1t
0s
0r
1y
1c
0i
#23133589
0t
0s
0r
1y
1c
0i
#23134559
1t
0s
0r
1y
1c
0i
#23135494
0t
0s
0r
1y
1c
0i
#23136464
1t
0s
0r
1y
1c
0i
#23137396
0t
0s
0r
1y
1c
0i
#23138359
1t
0s
0r
1y
1c
0i
#23139287
0t
0s
0r
1y
1c
0i
#23140247
1t
0s
0r
1y
1c
0i
#23141176
0t
0s
0r
1y
1c
0i
#23142135
1t
0s
0r
1y
1c
0i
#23143061
0t
0s
0r
1y
1c
0i
#23145369
1t
0s
0r
1y
1c
0i
#23146839
0t
0s
0r
1y
1c
0i
#23147790
1t
0s
0r
1y
1c
0i
#23148722
0t
0s
0r
1y
1c
0i
#23149677
1t
0s
0r
1y
1c
0i
#23150608
0t
0s
0r
1y
1c
0i
#23151570
1t
0s
0r
1y
1c
0i
#23152499
0t
0s
0r
1y
1c
0i
#23153460
1t
0s
0r
1y
1c
0i
#23154391
0t
0s
0r
1y
1c
0i
#23155353
1t
0s
0r
1y
1c
0i
#23156286
0t
0s
0r
1y
1c
0i
#23157254
1t
0s
0r
1y
1c
0i
#23158191
0t
0s
0r
1y
1c
1i
#23159158
1t
0s
0r
1y
1c
1i
#23160098
0t
0s
0r
1y
1c
1i
#23161070
1t
0s
0r
1y
1c
0i
#23162014
0t
0s
0r
1y
1c
0i
#23162985
1t
0s
0r
1y
1c
0i
#23163927
0t
0s
0r
1y
1c
0i
#23164897
1t
0s
0r
1y
1c
0i
#23165838
0t
0s
0r
1y
1c
0i
#23166808
1t
0s
0r
1y
1c
0i
#23167748
0t
0s
0r
1y
1c
0i
#23168714
1t
0s
0r
1y
1c
0i
#23169651
0t
0s
0r
1y
1c
0i
#23170614
1t
0s
0r
1y
1c
0i
#23171548
0t
0s
0r
1y
1c
0i
#23172509
1t
0s
0r
1y
1c
0i
#23173441
0t
0s
0r
1y
1c
0i
#23174399
1t
0s
0r
1y
1c
0i
#23175328
0t
0s
0r
1y
1c
0i
#23176284
1t
0s
0r
1y
1c
0i
#23177209
0t
0s
0r
1y
1c
0i
#23178166
1t
0s
0r
1y
1c
0i
#23179094
0t
0s
0r
1y
1c
0i
#23180051
1t
0s
0r
1y
1c
0i
#23180977
0t
0s
0r
1y
1c
0i
#23181933
1t
0s
0r
1y
1c
0i
#23182860
0t
0s
0r
1y
1c
0i
#23183819
1t
0s
0r
1y
1c
0i
#23184746
0t
0s
0r
1y
1c
0i
#23185705
1t
0s
0r
1y
1c
0i
#23186630
0t
0s
0r
1y
1c
0i
#23187590
1t
0s
0r
1y
1c
0i
#23188517
0t
0s
0r
1y
1c
0i
#23189483
1t
0s
0r
1y
1c
0i
#23190411
0t
0s
0r
1y
1c
0i
#23191378
1t
0s
0r
1y
1c
0i
#23192308
0t
0s
0r
1y
1c
1i
#23193278
1t
0s
0r
1y
1c
1i
#23194213
0t
0s
0r
1y
1c
1i
#23195189
1t
0s
0r
1y
1c
0i
#23196128
0t
0s
0r
1y
1c
0i
#23197102
1t
0s
0r
1y
1c
0i
#23198040
0t
0s
0r
1y
1c
0i
#23199014
1t
0s
0r
1y
1c
0i
#23199953
0t
0s
0r
1y
1c
0i
#23200927
1t
0s
0r
1y
1c
0i
#23201864
0t
0s
0r
1y
1c
0i
#23202836
1t
0s
0r
1y
1c
0i
#23203769
0t
0s
0r
1y
1c
0i
#23204738
1t
0s
0r
1y
1c
0i
#23205670
0t
0s
0r
1y
1c
0i
#23206636
1t
0s
0r
1y
1c
0i
#23207566
0t
0s
0r
1y
1c
0i
#23208525
1t
0s
0r
1y
1c
0i
#23209453
0t
0s
0r
1y
1c
0i
#23210413
1t
0s
0r
1y
1c
0i
#23211338
0t
0s
0r
1y
1c
0i
#23213645
1t
0s
0r
1y
1c
0i
#23215113
0t
0s
0r
1y
1c
0i
#23216064
1t
0s
0r
1y
1c
0i
#23216993
0t
0s
0r
1y
1c
0i
#23217949
1t
0s
0r
1y
1c
0i
#23218875
0t
0s
0r
1y
1c
0i
#23219833
1t
0s
0r
1y
1c
0i
#23220762
0t
0s
0r
1y
1c
0i
#23221722
1t
0s
0r
1y
1c
0i
#23222652
0t
0s
0r
1y
0c
0i
#23223612
1t
0s
0r
1y
0c
0i
#23224544
0t
0s
0r
1y
0c
0i
#23225509
1t
0s
0r
1y
0c
0i
#23226445
0t
0s
0r
1y
0c
1i
#23227412
1t
0s
0r
1y
0c
1i
#23227856
1t
0s
1r
1y
0c
1i
#23227859
1t
0s
0r
1y
0c
1i
#23228349
0t
0s
0r
1y
0c
1i
#23229317
1t
0s
0r
1y
0c
0i
#23230259
0t
0s
0r
1y
0c
0i
#23231228
1t
0s
0r
1y
0c
0i
#23232169
0t
0s
0r
1y
0c
0i
#23233134
1t
0s
0r
1y
0c
0i
#23234069
0t
0s
0r
1y
0c
0i
#23235028
1t
0s
0r
1y
0c
0i
#23235958
0t
0s
0r
1y
0c
0i
#23236911
1t
0s
0r
1y
0c
0i
#23237834
0t
0s
0r
1y
0c
0i
#23238779
1t
0s
0r
1y
0c
0i
#23239694
0t
0s
0r
1y
0c
0i
#23240636
1t
0s
0r
1y
0c
0i
#23241552
0t
0s
0r
1y
0c
0i
#23242492
1t
0s
0r
1y
0c
0i
#23243405
0t
0s
0r
1y
0c
0i
#23244344
1t
0s
0r
1y
0c
0i
#23245256
0t
0s
0r
1y
0c
0i
#23246197
1t
0s
0r
1y
0c
0i
#23247112
0t
0s
0r
1y
0c
0i
#23248057
1t
0s
0r
1y
0c
0i
#23248973
0t
0s
0r
1y
0c
0i
#23249916
1t
0s
0r
1y
0c
0i
#23250832
0t
0s
0r
1y
0c
0i
#23251781
1t
0s
0r
1y
0c
0i
#23252696
0t
0s
0r
1y
0c
0i
#23253644
1t
0s
0r
1y
0c
0i
#23254559
0t
0s
0r
1y
0c
0i
#23255507
1t
0s
0r
1y
0c
0i
#23256422
0t
0s
0r
1y
0c
0i
#23257376
1t
0s
0r
1y
0c
0i
#23258292
0t
0s
0r
1y
0c
0i
#23259244
1t
0s
0r
1y
1c
0i
#23260162
0t
0s
0r
1y
1c
1i
#23261118
1t
0s
0r
1y
1c
1i
#23262042
0t
0s
0r
1y
1c
1i
#23263001
1t
0s
0r
1y
1c
0i
#23263925
0t
0s
0r
1y
1c
0i
#23264884
1t
0s
0r
1y
1c
0i
#23265807
0t
0s
0r
1y
1c
0i
#23266766
1t
0s
0r
1y
1c
0i
#23267691
0t
0s
0r
1y
1c
0i
#23268651
1t
0s
0r
1y
1c
0i
#23269575
0t
0s
0r
1y
1c
0i
#23270531
1t
0s
0r
1y
1c
0i
#23271453
0t
0s
0r
1y
1c
0i
#23272408
1t
0s
0r
1y
1c
0i
#23273329
0t
0s
0r
1y
1c
0i
#23274282
1t
0s
0r
1y
1c
0i
#23275202
0t
0s
0r
1y
1c
0i
#23276149
1t
0s
0r
1y
1c
0i
#23277064
0t
0s
0r
1y
1c
0i
#23278010
1t
0s
0r
1y
1c
0i
#23278925
0t
0s
0r
1y
1c
0i
#23281204
1t
0s
0r
1y
1c
0i
#23282655
0t
0s
0r
1y
1c
0i
#23283591
1t
0s
0r
1y
1c
0i
#23284510
0t
0s
0r
1y
1c
0i
#23285452
1t
0s
0r
1y
1c
0i
#23286368
0t
0s
0r
1y
1c
0i
#23287311
1t
0s
0r
1y
1c
0i
#23288227
0t
0s
0r
1y
1c
0i
#23289174
1t
0s
0r
1y
1c
0i
#23290090
0t
0s
0r
1y
1c
0i
#23291036
1t
0s
0r
1y
1c
0i
#23291954
0t
0s
0r
1y
1c
0i
#23292904
1t
0s
0r
1y
1c
0i
#23293827
0t
0s
0r
1y
1c
1i
#23294780
1t
0s
0r
1y
1c
1i
#23295706
0t
0s
0r
1y
1c
1i
#23296660
1t
0s
0r
1y
1c
0i
#23297589
0t
0s
0r
1y
1c
0i
#23298546
1t
0s
0r
1y
1c
0i
#23299476
0t
0s
0r
1y
1c
0i
#23300432
1t
0s
0r
1y
1c
0i
#23301359
0t
0s
0r
1y
1c
0i
#23302314
1t
0s
0r
1y
1c
0i
#23303241
0t
0s
0r
1y
1c
0i
#23304196
1t
0s
0r
1y
1c
0i
#23305121
0t
0s
0r
1y
1c
0i
#23306071
1t
0s
0r
1y
1c
0i
#23306991
0t
0s
0r
1y
1c
0i
#23307940
1t
0s
0r
1y
1c
0i
#23308861
0t
0s
0r
1y
1c
0i
#23309806
1t
0s
0r
1y
1c
0i
#23310724
0t
0s
0r
1y
1c
0i
#23311667
1t
0s
0r
1y
1c
0i
#23312582
0t
0s
0r
1y
1c
0i
#23313526
1t
0s
0r
1y
1c
0i
#23314441
0t
0s
0r
1y
1c
0i
#23315385
1t
0s
0r
1y
1c
0i
#23316301
0t
0s
0r
1y
1c
0i
#23317245
1t
0s
0r
1y
1c
0i
#23318157
0t
0s
0r
1y
1c
0i
#23319102
1t
0s
0r
1y
1c
0i
#23320017
0t
0s
0r
1y
1c
0i
#23320965
1t
0s
0r
1y
1c
0i
#23321879
0t
0s
0r
1y
1c
0i
#23322826
1t
0s
0r
1y
1c
0i
#23323739
0t
0s
0r
1y
1c
0i
#23324690
1t
0s
0r
1y
1c
0i
#23325608
0t
0s
0r
1y
1c
0i
#23326560
1t
0s
0r
1y
1c
0i
#23327479
0t
0s
0r
1y
1c
1i
#23328434
1t
0s
0r
1y
1c
1i
#23329357
0t
0s
0r
1y
1c
1i
#23330318
1t
0s
0r
1y
1c
0i
#23331244
0t
0s
0r
1y
1c
0i
#23332204
1t
0s
0r
1y
1c
0i
#23333130
0t
0s
0r
1y
1c
0i
#23334089
1t
0s
0r
1y
1c
0i
#23335014
0t
0s
0r
1y
1c
0i
#23335973
1t
0s
0r
1y
1c
0i
#23336899
0t
0s
0r
1y
1c
0i
#23337858
1t
0s
0r
1y
1c
0i
#23338781
0t
0s
0r
1y
1c
0i
#23339737
1t
0s
0r
1y
1c
0i
#23340659
0t
0s
0r
1y
1c
0i
#23341613
1t
0s
0r
1y
1c
0i
#23342536
0t
0s
0r
1y
1c
0i
#23343489
1t
0s
0r
1y
1c
0i
#23344411
0t
0s
0r
1y
1c
0i
#23345360
1t
0s
0r
1y
1c
0i
#23346278
0t
0s
0r
1y
1c
0i
#23348559
1t
0s
0r
1y
1c
0i
#23350028
0t
0s
0r
1y
1c
0i
#23350968
1t
0s
0r
1y
1c
0i
#23351891
0t
0s
0r
1y
1c
0i
#23352841
1t
0s
0r
1y
1c
0i
#23353763
0t
0s
0r
1y
1c
0i
#23354712
1t
0s
0r
1y
1c
0i
#23355631
0t
0s
0r
1y
1c
0i
#23356582
1t
0s
0r
1y
1c
0i
#23357504
0t
0s
0r
1y
1c
0i
#23358458
1t
0s
0r
1y
1c
0i
#23359381
0t
0s
0r
1y
1c
0i
#23360335
1t
0s
0r
1y
0c
0i
#23361262
0t
0s
0r
1y
0c
1i
#23362219
1t
0s
0r
1y
0c
1i
#23362623
1t
0s
1r
1y
0c
1i
#23362626
1t
0s
0r
1y
0c
1i
#23363151
0t
0s
0r
1y
0c
1i
#23364109
1t
0s
0r
1y
0c
0i
#23365040
0t
0s
0r
1y
0c
0i
#23365998
1t
0s
0r
1y
0c
0i
#23366931
0t
0s
0r
1y
0c
0i
#23367891
1t
0s
0r
1y
0c
0i
#23368822
0t
0s
0r
1y
0c
0i
#23369780
1t
0s
0r
1y
0c
0i
#23370709
0t
0s
0r
1y
0c
0i
#23371665
1t
0s
0r
1y
0c
0i
#23372593
0t
0s
0r
1y
0c
0i
#23373550
1t
0s
0r
1y
0c
0i
#23374477
0t
0s
0r
1y
0c
0i
#23375431
1t
0s
0r
1y
0c
0i
#23376358
0t
0s
0r
1y
0c
0i
#23377308
1t
0s
0r
1y
0c
0i
#23378231
0t
0s
0r
1y
0c
0i
#23379182
1t
0s
0r
1y
0c
0i
#23380106
0t
0s
0r
1y
0c
0i
#23381058
1t
0s
0r
1y
0c
0i
#23381980
0t
0s
0r
1y
0c
0i
#23382928
1t
0s
0r
1y
0c
0i
#23383850
0t
0s
0r
1y
0c
0i
#23384803
1t
0s
0r
1y
0c
0i
#23385725
0t
0s
0r
1y
0c
0i
#23386677
1t
0s
0r
1y
0c
0i
#23387597
0t
0s
0r
1y
0c
0i
#23388551
1t
0s
0r
1y
0c
0i
#23389472
0t
0s
0r
1y
0c
0i
#23390430
1t
0s
0r
1y
0c
0i
#23391352
0t
0s
0r
1y
0c
0i
#23392309
1t
0s
0r
1y
0c
0i
#23393231
0t
0s
0r
1y
0c
0i
#23394193
1t
0s
0r
1y
1c
0i
#23395120
0t
0s
0r
1y
1c
1i
#23396087
1t
0s
0r
1y
1c
1i
#23397018
0t
0s
0r
1y
1c
1i
#23397985
1t
0s
0r
1y
1c
0i
#23398917
0t
0s
0r
1y
1c
0i
#23399886
1t
0s
0r
1y
1c
0i
#23400820
0t
0s
0r
1y
1c
0i
#23401791
1t
0s
0r
1y
1c
0i
#23402723
0t
0s
0r
1y
1c
0i
#23403690
1t
0s
0r
1y
1c
0i
#23404620
0t
0s
0r
1y
1c
0i
#23405586
1t
0s
0r
1y
1c
0i
#23406516
0t
0s
0r
1y
1c
0i
#23407482
1t
0s
0r
1y
1c
0i
#23408410
0t
0s
0r
1y
1c
0i
#23409369
1t
0s
0r
1y
1c
0i
#23410294
0t
0s
0r
1y
1c
0i
#23411251
1t
0s
0r
1y
1c
0i
#23412178
0t
0s
0r
1y
1c
0i
#23413135
1t
0s
0r
1y
1c
0i
#23414057
0t
0s
0r
1y
1c
0i
#23416358
1t
0s
0r
1y
1c
0i
#23417824
0t
0s
0r
1y
1c
0i
#23418771
1t
0s
0r
1y
1c
0i
#23419700
0t
0s
0r
1y
1c
0i
#23420653
1t
0s
0r
1y
1c
0i
#23421578
0t
0s
0r
1y
1c
0i
#23422534
1t
0s
0r
1y
1c
0i
#23423461
0t
0s
0r
1y
1c
0i
#23424418
1t
0s
0r
1y
1c
0i
#23425344
0t
0s
0r
1y
1c
0i
#23426303
1t
0s
0r
1y
1c
0i
#23427232
0t
0s
0r
1y
1c
0i
#23428195
1t
0s
0r
1y
1c
0i
#23429129
0t
0s
0r
1y
1c
1i
#23430093
1t
0s
0r
1y
1c
1i
#23431029
0t
0s
0r
1y
1c
1i
#23431996
1t
0s
0r
1y
1c
0i
#23432936
0t
0s
0r
1y
1c
0i
#23433905
1t
0s
0r
1y
1c
0i
#23434844
0t
0s
0r
1y
1c
0i
#23435810
1t
0s
0r
1y
1c
0i
#23436743
0t
0s
0r
1y
1c
0i
#23437699
1t
0s
0r
1y
1c
0i
#23438625
0t
0s
0r
1y
1c
0i
#23439573
1t
0s
0r
1y
1c
0i
#23440490
0t
0s
0r
1y
1c
0i
#23441429
1t
0s
0r
1y
1c
0i
#23442339
0t
0s
0r
1y
1c
0i
#23443273
1t
0s
0r
1y
1c
0i
#23444183
0t
0s
0r
1y
1c
0i
#23445117
1t
0s
0r
1y
1c
0i
#23446025
0t
0s
0r
1y
1c
0i
#23446958
1t
0s
0r
1y
1c
0i
#23447863
0t
0s
0r
1y
1c
0i
#23448799
1t
0s
0r
1y
1c
0i
#23449708
0t
0s
0r
1y
1c
0i
#23450645
1t
0s
0r
1y
1c
0i
#23451556
0t
0s
0r
1y
1c
0i
#23452494
1t
0s
0r
1y
1c
0i
#23453402
0t
0s
0r
1y
1c
0i
#23454342
1t
0s
0r
1y
1c
0i
#23455252
0t
0s
0r
1y
1c
0i
#23456196
1t
0s
0r
1y
1c
0i
#23457106
0t
0s
0r
1y
1c
0i
#23458047
1t
0s
0r
1y
1c
0i
#23458959
0t
0s
0r
1y
1c
0i
#23459906
1t
0s
0r
1y
1c
0i
#23460819
0t
0s
0r
1y
1c
0i
#23461767
1t
0s
0r
1y
1c
0i
#23462682
0t
0s
0r
1y
1c
1i
#23463633
1t
0s
0r
1y
1c
1i
#23464553
0t
0s
0r
1y
1c
1i
#23465510
1t
0s
0r
1y
1c
0i
#23466432
0t
0s
0r
1y
1c
0i
#23467388
1t
0s
0r
1y
1c
0i
#23468310
0t
0s
0r
1y
1c
0i
#23469266
1t
0s
0r
1y
1c
0i
#23470189
0t
0s
0r
1y
1c
0i
#23471145
1t
0s
0r
1y
1c
0i
#23472067
0t
0s
0r
1y
1c
0i
#23473021
1t
0s
0r
1y
1c
0i
#23473940
0t
0s
0r
1y
1c
0i
#23474893
1t
0s
0r
1y
1c
0i
#23475812
0t
0s
0r
1y
1c
0i
#23476762
1t
0s
0r
1y
1c
0i
#23477679
0t
0s
0r
1y
1c
0i
#23478624
1t
0s
0r
1y
1c
0i
#23479539
0t
0s
0r
1y
1c
0i
#23480482
1t
0s
0r
1y
1c
0i
#23481393
0t
0s
0r
1y
1c
0i
#23483660
1t
0s
0r
1y
1c
0i
#23485108
0t
0s
0r
1y
1c
0i
#23486039
1t
0s
0r
1y
1c
0i
#23486954
0t
0s
0r
1y
1c
0i
#23487894
1t
0s
0r
1y
1c
0i
#23488808
0t
0s
0r
1y
1c
0i
#23489749
1t
0s
0r
1y
1c
0i
#23490660
0t
0s
0r
1y
1c
0i
#23491603
1t
0s
0r
1y
1c
0i
#23492519
0t
0s
0r
1y
1c
0i
#23493466
1t
0s
0r
1y
1c
0i
#23494384
0t
0s
0r
1y
1c
0i
#23495333
1t
0s
0r
1y
0c
0i
#23496254
0t
0s
0r
1y
0c
1i
#23497206
1t
0s
0r
1y
0c
1i
#23497743
1t
0s
1r
1y
0c
1i
#23497745
1t
0s
0r
1y
0c
1i
#23498134
0t
0s
0r
1y
0c
1i
#23499089
1t
0s
0r
1y
0c
0i
#23500018
0t
0s
0r
1y
0c
0i
#23500973
1t
0s
0r
1y
0c
0i
#23501903
0t
0s
0r
1y
0c
0i
#23502862
1t
0s
0r
1y
0c
0i
#23503792
0t
0s
0r
1y
0c
0i
#23504747
1t
0s
0r
1y
0c
0i
#23505673
0t
0s
0r
1y
0c
0i
#23506627
1t
0s
0r
1y
0c
0i
#23507554
0t
0s
0r
1y
0c
0i
#23508507
1t
0s
0r
1y
0c
0i
#23509432
0t
0s
0r
1y
0c
0i
#23510382
1t
0s
0r
1y
0c
0i
#23511303
0t
0s
0r
1y
0c
0i
#23512250
1t
0s
0r
1y
0c
0i
#23513171
0t
0s
0r
1y
0c
0i
#23514119
1t
0s
0r
1y
0c
0i
#23515037
0t
0s
0r
1y
0c
0i
#23515983
1t
0s
0r
1y
0c
0i
#23516899
0t
0s
0r
1y
0c
0i
#23517844
1t
0s
0r
1y
0c
0i
#23518762
0t
0s
0r
1y
0c
0i
#23519709
1t
0s
0r
1y
0c
0i
#23520626
0t
0s
0r
1y
0c
0i
#23521572
1t
0s
0r
1y
0c
0i
#23522488
0t
0s
0r
1y
0c
0i
#23523439
1t
0s
0r
1y
0c
0i
#23524356
0t
0s
0r
1y
0c
0i
#23525307
1t
0s
0r
1y
0c
0i
#23526223
0t
0s
0r
1y
0c
0i
#23527177
1t
0s
0r
1y
0c
0i
#23528097
0t
0s
0r
1y
0c
0i
#23529056
1t
0s
0r
1y
1c
0i
#23529979
0t
0s
0r
1y
1c
1i
#23530939
1t
0s
0r
1y
1c
1i
#23531863
0t
0s
0r
1y
1c
1i
#23532827
1t
0s
0r
1y
1c
0i
#23533759
0t
0s
0r
1y
1c
0i
#23534724
1t
0s
0r
1y
1c
0i
#23535653
0t
0s
0r
1y
1c
0i
#23536616
1t
0s
0r
1y
1c
0i
#23537544
0t
0s
0r
1y
1c
0i
#23538505
1t
0s
0r
1y
1c
0i
#23539432
0t
0s
0r
1y
1c
0i
#23540392
1t
0s
0r
1y
1c
0i
#23541317
0t
0s
0r
1y
1c
0i
#23542273
1t
0s
0r
1y
1c
0i
#23543192
0t
0s
0r
1y
1c
0i
#23544143
1t
0s
0r
1y
1c
0i
#23545063
0t
0s
0r
1y
1c
0i
#23546013
1t
0s
0r
1y
1c
0i
#23546929
0t
0s
0r
1y
1c
0i
#23547875
1t
0s
0r
1y
1c
0i
#23548786
0t
0s
0r
1y
1c
0i
#23551053
1t
0s
0r
1y
1c
0i
#23552521
0t
0s
0r
1y
1c
0i
#23553457
1t
0s
0r
1y
1c
0i
#23554376
0t
0s
0r
1y
1c
0i
#23555320
1t
0s
0r
1y
1c
0i
#23556238
0t
0s
0r
1y
1c
0i
#23557188
1t
0s
0r
1y
1c
0i
#23558106
0t
0s
0r
1y
1c
0i
#23559054
1t
0s
0r
1y
1c
0i
#23559974
0t
0s
0r
1y
1c
0i
#23560927
1t
0s
0r
1y
1c
0i
#23561849
0t
0s
0r
1y
1c
0i
#23562802
1t
0s
0r
1y
1c
0i
#23563727
0t
0s
0r
1y
1c
1i
#23564684
1t
0s
0r
1y
1c
1i
#23565614
0t
0s
0r
1y
1c
1i
#23566575
1t
0s
0r
1y
1c
0i
#23567507
0t
0s
0r
1y
1c
0i
#23568466
1t
0s
0r
1y
1c
0i
#23569399
0t
0s
0r
1y
1c
0i
#23570360
1t
0s
0r
1y
1c
0i
#23571292
0t
0s
0r
1y
1c
0i
#23572251
1t
0s
0r
1y
1c
0i
#23573181
0t
0s
0r
1y
1c
0i
#23574136
1t
0s
0r
1y
1c
0i
#23575066
0t
0s
0r
1y
1c
0i
#23576023
1t
0s
0r
1y
1c
0i
#23576950
0t
0s
0r
1y
1c
0i
#23577902
1t
0s
0r
1y
1c
0i
#23578828
0t
0s
0r
1y
1c
0i
#23579776
1t
0s
0r
1y
1c
0i
#23580700
0t
0s
0r
1y
1c
0i
#23581651
1t
0s
0r
1y
1c
0i
#23582571
0t
0s
0r
1y
1c
0i
#23583521
1t
0s
0r
1y
1c
0i
#23584439
0t
0s
0r
1y
1c
0i
#23585387
1t
0s
0r
1y
1c
0i
#23586307
0t
0s
0r
1y
1c
0i
#23587257
1t
0s
0r
1y
1c
0i
#23588177
0t
0s
0r
1y
1c
0i
#23589126
1t
0s
0r
1y
1c
0i
#23590043
0t
0s
0r
1y
1c
0i
#23590995
1t
0s
0r
1y
1c
0i
#23591914
0t
0s
0r
1y
1c
0i
#23592869
1t
0s
0r
1y
1c
0i
#23593789
0t
0s
0r
1y
1c
0i
#23594743
1t
0s
0r
1y
1c
0i
#23595666
0t
0s
0r
1y
1c
0i
#23596626
1t
0s
0r
1y
1c
0i
#23597551
0t
0s
0r
1y
1c
1i
#23598514
1t
0s
0r
1y
1c
1i
#23599442
0t
0s
0r
1y
1c
1i
#23600408
1t
0s
0r
1y
1c
0i
#23601340
0t
0s
0r
1y
1c
0i
#23602311
1t
0s
0r
1y
1c
0i
#23603242
0t
0s
0r
1y
1c
0i
#23604209
1t
0s
0r
1y
1c
0i
#23605137
0t
0s
0r
1y
1c
0i
#23606104
1t
0s
0r
1y
1c
0i
#23607034
0t
0s
0r
1y
1c
0i
#23608000
1t
0s
0r
1y
1c
0i
#23608930
0t
0s
0r
1y
1c
0i
#23609891
1t
0s
0r
1y
1c
0i
#23610817
0t
0s
0r
1y
1c
0i
#23611775
1t
0s
0r
1y
1c
0i
#23612701
0t
0s
0r
1y
1c
0i
#23613658
1t
0s
0r
1y
1c
0i
#23614582
0t
0s
0r
1y
1c
0i
#23615535
1t
0s
0r
1y
1c
0i
#23616454
0t
0s
0r
1y
1c
0i
#23618740
1t
0s
0r
1y
1c
0i
#23620215
0t
0s
0r
1y
1c
0i
#23621158
1t
0s
0r
1y
1c
0i
#23622081
0t
0s
0r
1y
1c
0i
#23623032
1t
0s
0r
1y
1c
0i
#23623957
0t
0s
0r
1y
1c
0i
#23624913
1t
0s
0r
1y
1c
0i
#23625836
0t
0s
0r
1y
1c
0i
#23626790
1t
0s
0r
1y
1c
0i
#23627717
0t
0s
0r
1y
1c
0i
#23628675
1t
0s
0r
1y
1c
0i
#23629604
0t
0s
0r
1y
1c
0i
#23630564
1t
0s
0r
1y
0c
0i
#23631495
0t
0s
0r
1y
0c
1i
#23632457
1t
0s
0r
1y
0c
1i
#23632820
1t
0s
1r
1y
0c
1i
#23632822
1t
0s
0r
1y
0c
1i
#23633393
0t
0s
0r
1y
0c
1i
#23634359
1t
0s
0r
1y
0c
0i
#23635297
0t
0s
0r
1y
0c
0i
#23636261
1t
0s
0r
1y
0c
0i
#23637198
0t
0s
0r
1y
0c
0i
#23638163
1t
0s
0r
1y
0c
0i
#23639100
0t
0s
0r
1y
0c
0i
#23640064
1t
0s
0r
1y
0c
0i
#23640998
0t
0s
0r
1y
0c
0i
#23641959
1t
0s
0r
1y
0c
0i
#23642891
0t
0s
0r
1y
0c
0i
#23643851
1t
0s
0r
1y
0c
0i
#23644782
0t
0s
0r
1y
0c
0i
#23645739
1t
0s
0r
1y
0c
0i
#23646666
0t
0s
0r
1y
0c
0i
#23647617
1t
0s
0r
1y
0c
0i
#23648542
0t
0s
0r
1y
0c
0i
#23649493
1t
0s
0r
1y
0c
0i
#23650417
0t
0s
0r
1y
0c
0i
#23651368
1t
0s
0r
1y
0c
0i
#23652289
0t
0s
0r
1y
0c
0i
#23653239
1t
0s
0r
1y
0c
0i
#23654161
0t
0s
0r
1y
0c
0i
#23655115
1t
0s
0r
1y
0c
0i
#23656036
0t
0s
0r
1y
0c
0i
#23656989
1t
0s
0r
1y
0c
0i
#23657909
0t
0s
0r
1y
0c
0i
#23658864
1t
0s
0r
1y
0c
0i
#23659787
0t
0s
0r
1y
0c
0i
#23660745
1t
0s
0r
1y
0c
0i
#23661669
0t
0s
0r
1y
0c
0i
#23662629
1t
0s
0r
1y
0c
0i
#23663551
0t
0s
0r
1y
0c
0i
#23664514
1t
0s
0r
1y
1c
0i
#23665443
0t
0s
0r
1y
1c
1i
#23666411
1t
0s
0r
1y
1c
1i
#23667343
0t
0s
0r
1y
1c
1i
#23668312
1t
0s
0r
1y
1c
0i
#23669245
0t
0s
0r
1y
1c
0i
#23670215
1t
0s
0r
1y
1c
0i
#23671151
0t
0s
0r
1y
1c
0i
#23672121
1t
0s
0r
1y
1c
0i
#23673053
0t
0s
0r
1y
1c
0i
#23674018
1t
0s
0r
1y
1c
0i
#23674949
0t
0s
0r
1y
1c
0i
#23675913
1t
0s
0r
1y
1c
0i
#23676840
0t
0s
0r
1y
1c
0i
#23677800
1t
0s
0r
1y
1c
0i
#23678724
0t
0s
0r
1y
1c
0i
#23679676
1t
0s
0r
1y
1c
0i
#23680594
0t
0s
0r
1y
1c
0i
#23681543
1t
0s
0r
1y
1c
0i
#23682462
0t
0s
0r
1y
1c
0i
#23683410
1t
0s
0r
1y
1c
0i
#23684325
0t
0s
0r
1y
1c
0i
#23686605
1t
0s
0r
1y
1c
0i
#23688061
0t
0s
0r
1y
1c
0i
#23689000
1t
0s
0r
1y
1c
0i
#23689920
0t
0s
0r
1y
1c
0i
#23690865
1t
0s
0r
1y
1c
0i
#23691785
0t
0s
0r
1y
1c
0i
#23692736
1t
0s
0r
1y
1c
0i
#23693654
0t
0s
0r
1y
1c
0i
#23694603
1t
0s
0r
1y
1c
0i
#23695523
0t
0s
0r
1y
1c
0i
#23696474
1t
0s
0r
1y
1c
0i
#23697396
0t
0s
0r
1y
1c
0i
#23698352
1t
0s
0r
1y
1c
0i
#23699279
0t
0s
0r
1y
1c
1i
#23700236
1t
0s
0r
1y
1c
1i
#23701164
0t
0s
0r
1y
1c
1i
#23702124
1t
0s
0r
1y
1c
0i
#23703058
0t
0s
0r
1y
1c
0i
#23704020
1t
0s
0r
1y
1c
0i
#23704954
0t
0s
0r
1y
1c
0i
#23705915
1t
0s
0r
1y
1c
0i
#23706846
0t
0s
0r
1y
1c
0i
#23707804
1t
0s
0r
1y
1c
0i
#23708735
0t
0s
0r
1y
1c
0i
#23709694
1t
0s
0r
1y
1c
0i
#23710622
0t
0s
0r
1y
1c
0i
#23711576
1t
0s
0r
1y
1c
0i
#23712500
0t
0s
0r
1y
1c
0i
#23713451
1t
0s
0r
1y
1c
0i
#23714375
0t
0s
0r
1y
1c
0i
#23715325
1t
0s
0r
1y
1c
0i
#23716246
0t
0s
0r
1y
1c
0i
#23717192
1t
0s
0r
1y
1c
0i
#23718108
0t
0s
0r
1y
1c
0i
#23719056
1t
0s
0r
1y
1c
0i
#23719974
0t
0s
0r
1y
1c
0i
#23720921
1t
0s
0r
1y
1c
0i
#23721839
0t
0s
0r
1y
1c
0i
#23722786
1t
0s
0r
1y
1c
0i
#23723702
0t
0s
0r
1y
1c
0i
#23724651
1t
0s
0r
1y
1c
0i
#23725569
0t
0s
0r
1y
1c
0i
#23726519
1t
0s
0r
1y
1c
0i
#23727435
0t
0s
0r
1y
1c
0i
#23728385
1t
0s
0r
1y
1c
0i
#23729303
0t
0s
0r
1y
1c
0i
#23730258
1t
0s
0r
1y
1c
0i
#23731177
0t
0s
0r
1y
1c
0i
#23732133
1t
0s
0r
1y
1c
0i
#23733053
0t
0s
0r
1y
1c
1i
#23734013
1t
0s
0r
1y
1c
1i
#23734939
0t
0s
0r
1y
1c
1i
#23735903
1t
0s
0r
1y
1c
0i
#23736832
0t
0s
0r
1y
1c
0i
#23737796
1t
0s
0r
1y
1c
0i
#23738723
0t
0s
0r
1y
1c
0i
#23739687
1t
0s
0r
1y
1c
0i
#23740616
0t
0s
0r
1y
1c
0i
#23741578
1t
0s
0r
1y
1c
0i
#23742506
0t
0s
0r
1y
1c
0i
#23743467
1t
0s
0r
1y
1c
0i
#23744391
0t
0s
0r
1y
1c
0i
#23745350
1t
0s
0r
1y
1c
0i
#23746274
0t
0s
0r
1y
1c
0i
#23747231
1t
0s
0r
1y
1c
0i
#23748153
0t
0s
0r
1y
1c
0i
#23749104
1t
0s
0r
1y
1c
0i
#23750023
0t
0s
0r
1y
1c
0i
#23750974
1t
0s
0r
1y
1c
0i
#23751891
0t
0s
0r
1y
1c
0i
#23754178
1t
0s
0r
1y
1c
0i
#23755632
0t
0s
0r
1y
1c
0i
#23756571
1t
0s
0r
1y
1c
0i
#23757493
0t
0s
0r
1y
1c
0i
#23758441
1t
0s
0r
1y
1c
0i
#23759360
0t
0s
0r
1y
1c
0i
#23760309
1t
0s
0r
1y
1c
0i
#23761227
0t
0s
0r
1y
1c
0i
#23762177
1t
0s
0r
1y
1c
0i
#23763100
0t
0s
0r
1y
1c
0i
#23764054
1t
0s
0r
1y
1c
0i
#23764978
0t
0s
0r
1y
1c
0i
#23765934
1t
0s
0r
1y
0c
0i
#23766861
0t
0s
0r
1y
0c
1i
#23767820
1t
0s
0r
1y
0c
1i
#23768295
1t
0s
1r
1y
0c
1i
#23768298
1t
0s
0r
1y
0c
1i
#23768752
0t
0s
0r
1y
0c
1i
#23769715
1t
0s
0r
1y
0c
0i
#23770650
0t
0s
0r
1y
0c
0i
#23771610
1t
0s
0r
1y
0c
0i
#23772545
0t
0s
0r
1y
0c
0i
#23773509
1t
0s
0r
1y
0c
0i
#23774445
0t
0s
0r
1y
0c
0i
#23775406
1t
0s
0r
1y
0c
0i
#23776338
0t
0s
0r
1y
0c
0i
#23777298
1t
0s
0r
1y
0c
0i
#23778232
0t
0s
0r
1y
0c
0i
#23779192
1t
0s
0r
1y
0c
0i
#23780124
0t
0s
0r
1y
0c
0i
#23781082
1t
0s
0r
1y
0c
0i
#23782011
0t
0s
0r
1y
0c
0i
#23782967
1t
0s
0r
1y
0c
0i
#23783896
0t
0s
0r
1y
0c
0i
#23784854
1t
0s
0r
1y
0c
0i
#23785781
0t
0s
0r
1y
0c
0i
#23786736
1t
0s
0r
1y
0c
0i
#23787662
0t
0s
0r
1y
0c
0i
#23788616
1t
0s
0r
1y
0c
0i
#23789542
0t
0s
0r
1y
0c
0i
#23790500
1t
0s
0r
1y
0c
0i
#23791425
0t
0s
0r
1y
0c
0i
#23792380
1t
0s
0r
1y
0c
0i
#23793304
0t
0s
0r
1y
0c
0i
#23794262
1t
0s
0r
1y
0c
0i
#23795187
0t
0s
0r
1y
0c
0i
#23796145
1t
0s
0r
1y
0c
0i
#23797068
0t
0s
0r
1y
0c
0i
#23798029
1t
0s
0r
1y
0c
0i
#23798954
0t
0s
0r
1y
0c
0i
#23799919
1t
0s
0r
1y
1c
0i
#23800848
0t
0s
0r
1y
1c
1i
#23801814
1t
0s
0r
1y
1c
1i
#23802745
0t
0s
0r
1y
1c
1i
#23803714
1t
0s
0r
1y
1c
0i
#23804649
0t
0s
0r
1y
1c
0i
#23805621
1t
0s
0r
1y
1c
0i
#23806556
0t
0s
0r
1y
1c
0i
#23807527
1t
0s
0r
1y
1c
0i
#23808462
0t
0s
0r
1y
1c
0i
#23809429
1t
0s
0r
1y
1c
0i
#23810362
0t
0s
0r
1y
1c
0i
#23811331
1t
0s
0r
1y
1c
0i
#23812263
0t
0s
0r
1y
1c
0i
#23813228
1t
0s
0r
1y
1c
0i
#23814157
0t
0s
0r
1y
1c
0i
#23815117
1t
0s
0r
1y
1c
0i
#23816042
0t
0s
0r
1y
1c
0i
#23816998
1t
0s
0r
1y
1c
0i
#23817924
0t
0s
0r
1y
1c
0i
#23818879
1t
0s
0r
1y
1c
0i
#23819799
0t
0s
0r
1y
1c
0i
#23822084
1t
0s
0r
1y
1c
0i
#23823560
0t
0s
0r
1y
1c
0i
#23824504
1t
0s
0r
1y
1c
0i
#23825429
0t
0s
0r
1y
1c
0i
#23826381
1t
0s
0r
1y
1c
0i
#23827305
0t
0s
0r
1y
1c
0i
#23828260
1t
0s
0r
1y
1c
0i
#23829185
0t
0s
0r
1y
1c
0i
#23830138
1t
0s
0r
1y
1c
0i
#23831061
0t
0s
0r
1y
1c
0i
#23832017
1t
0s
0r
1y
1c
0i
#23832945
0t
0s
0r
1y
1c
0i
#23833903
1t
0s
0r
1y
1c
0i
#23834832
0t
0s
0r
1y
1c
1i
#23835793
1t
0s
0r
1y
1c
1i
#23836726
0t
0s
0r
1y
1c
1i
#23837691
1t
0s
0r
1y
1c
0i
#23838628
0t
0s
0r
1y
1c
0i
#23839592
1t
0s
0r
1y
1c
0i
#23840528
0t
0s
0r
1y
1c
0i
#23841490
1t
0s
0r
1y
1c
0i
#23842422
0t
0s
0r
1y
1c
0i
#23843378
1t
0s
0r
1y
1c
0i
#23844303
0t
0s
0r
1y
1c
0i
#23845250
1t
0s
0r
1y
1c
0i
#23846167
0t
0s
0r
1y
1c
0i
#23847106
1t
0s
0r
1y
1c
0i
#23848016
0t
0s
0r
1y
1c
0i
#23848950
1t
0s
0r
1y
1c
0i
#23849861
0t
0s
0r
1y
1c
0i
#23850794
1t
0s
0r
1y
1c
0i
#23851703
0t
0s
0r
1y
1c
0i
#23852636
1t
0s
0r
1y
1c
0i
#23853543
0t
0s
0r
1y
1c
0i
#23854480
1t
0s
0r
1y
1c
0i
#23855390
0t
0s
0r
1y
1c
0i
#23856327
1t
0s
0r
1y
1c
0i
#23857235
0t
0s
0r
1y
1c
0i
#23858175
1t
0s
0r
1y
1c
0i
#23859087
0t
0s
0r
1y
1c
0i
#23860029
1t
0s
0r
1y
1c
0i
#23860941
0t
0s
0r
1y
1c
0i
#23861881
1t
0s
0r
1y
1c
0i
#23862792
0t
0s
0r
1y
1c
0i
#23863738
1t
0s
0r
1y
1c
0i
#23864647
0t
0s
0r
1y
1c
0i
#23865592
1t
0s
0r
1y
1c
0i
#23866503
0t
0s
0r
1y
1c
0i
#23867448
1t
0s
0r
1y
1c
0i
#23868361
0t
0s
0r
1y
1c
1i
#23869312
1t
0s
0r
1y
1c
1i
#23870229
0t
0s
0r
1y
1c
1i
#23871180
1t
0s
0r
1y
1c
0i
#23872097
0t
0s
0r
1y
1c
0i
#23873049
1t
0s
0r
1y
1c
0i
#23873967
0t
0s
0r
1y
1c
0i
#23874922
1t
0s
0r
1y
1c
0i
#23875840
0t
0s
0r
1y
1c
0i
#23876793
1t
0s
0r
1y
1c
0i
#23877711
0t
0s
0r
1y
1c
0i
#23878662
1t
0s
0r
1y
1c
0i
#23879583
0t
0s
0r
1y
1c
0i
#23880536
1t
0s
0r
1y
1c
0i
#23881458
0t
0s
0r
1y
1c
0i
#23882410
1t
0s
0r
1y
1c
0i
#23883331
0t
0s
0r
1y
1c
0i
#23884281
1t
0s
0r
1y
1c
0i
#23885204
0t
0s
0r
1y
1c
0i
#23886157
1t
0s
0r
1y
1c
0i
#23887076
0t
0s
0r
1y
1c
0i
#23889366
1t
0s
0r
1y
1c
0i
#23890825
0t
0s
0r
1y
1c
0i
#23891765
1t
0s
0r
1y
1c
0i
#23892688
0t
0s
0r
1y
1c
0i
#23893634
1t
0s
0r
1y
1c
0i
#23894552
0t
0s
0r
1y
1c
0i
#23895500
1t
0s
0r
1y
1c
0i
#23896420
0t
0s
0r
1y
1c
0i
#23897371
1t
0s
0r
1y
1c
0i
#23898291
0t
0s
0r
1y
1c
0i
#23899242
1t
0s
0r
1y
1c
0i
#23900163
0t
0s
0r
1y
1c
0i
#23901117
1t
0s
0r
1y
0c
0i
#23902044
0t
0s
0r
1y
0c
1i
#23903002
1t
0s
0r
1y
0c
1i
#23903455
1t
0s
1r
1y
0c
1i
#23903458
1t
0s
0r
1y
0c
1i
#23903933
0t
0s
0r
1y
0c
1i
#23904890
1t
0s
0r
1y
0c
0i
#23905824
0t
0s
0r
1y
0c
0i
#23906785
1t
0s
0r
1y
0c
0i
#23907720
0t
0s
0r
1y
0c
0i
#23908681
1t
0s
0r
1y
0c
0i
#23909611
0t
0s
0r
1y
0c
0i
#23910573
1t
0s
0r
1y
0c
0i
#23911505
0t
0s
0r
1y
0c
0i
#23912466
1t
0s
0r
1y
0c
0i
#23913397
0t
0s
0r
1y
0c
0i
#23914354
1t
0s
0r
1y
0c
0i
#23915281
0t
0s
0r
1y
0c
0i
#23916236
1t
0s
0r
1y
0c
0i
#23917164
0t
0s
0r
1y
0c
0i
#23918118
1t
0s
0r
1y
0c
0i
#23919044
0t
0s
0r
1y
0c
0i
#23919995
1t
0s
0r
1y
0c
0i
#23920917
0t
0s
0r
1y
0c
0i
#23921869
1t
0s
0r
1y
0c
0i
#23922792
0t
0s
0r
1y
0c
0i
#23923745
1t
0s
0r
1y
0c
0i
#23924668
0t
0s
0r
1y
0c
0i
#23925620
1t
0s
0r
1y
0c
0i
#23926541
0t
0s
0r
1y
0c
0i
#23927497
1t
0s
0r
1y
0c
0i
#23928421
0t
0s
0r
1y
0c
0i
#23929376
1t
0s
0r
1y
0c
0i
#23930296
0t
0s
0r
1y
0c
0i
#23931254
1t
0s
0r
1y
0c
0i
#23932178
0t
0s
0r
1y
0c
0i
#23933139
1t
0s
0r
1y
0c
0i
#23934065
0t
0s
0r
1y
0c
0i
#23935027
1t
0s
0r
1y
1c
0i
#23935954
0t
0s
0r
1y
1c
1i
#23936920
1t
0s
0r
1y
1c
1i
#23937853
0t
0s
0r
1y
1c
1i
#23938823
1t
0s
0r
1y
1c
0i
#23939756
0t
0s
0r
1y
1c
0i
#23940724
1t
0s
0r
1y
1c
0i
#23941658
0t
0s
0r
1y
1c
0i
#23942627
1t
0s
0r
1y
1c
0i
#23943561
0t
0s
0r
1y
1c
0i
#23944529
1t
0s
0r
1y
1c
0i
#23945459
0t
0s
0r
1y
1c
0i
#23946424
1t
0s
0r
1y
1c
0i
#23947354
0t
0s
0r
1y
1c
0i
#23948319
1t
0s
0r
1y
1c
0i
#23949249
0t
0s
0r
1y
1c
0i
#23950208
1t
0s
0r
1y
1c
0i
#23951135
0t
0s
0r
1y
1c
0i
#23952090
1t
0s
0r
1y
1c
0i
#23953015
0t
0s
0r
1y
1c
0i
#23953971
1t
0s
0r
1y
1c
0i
#23954894
0t
0s
0r
1y
1c
0i
#23957192
1t
0s
0r
1y
1c
0i
#23958656
0t
0s
0r
1y
1c
0i
#23959602
1t
0s
0r
1y
1c
0i
#23960529
0t
0s
0r
1y
1c
0i
#23961480
1t
0s
0r
1y
1c
0i
#23962403
0t
0s
0r
1y
1c
0i
#23963357
1t
0s
0r
1y
1c
0i
#23964281
0t
0s
0r
1y
1c
0i
#23965236
1t
0s
0r
1y
1c
0i
#23966161
0t
0s
0r
1y
1c
0i
#23967115
1t
0s
0r
1y
1c
0i
#23968042
0t
0s
0r
1y
1c
0i
#23969001
1t
0s
0r
1y
1c
0i
#23969932
0t
0s
0r
1y
1c
1i
#23970893
1t
0s
0r
1y
1c
1i
#23971826
0t
0s
0r
1y
1c
1i
#23972789
1t
0s
0r
1y
1c
0i
#23973727
0t
0s
0r
1y
1c
0i
#23974692
1t
0s
0r
1y
1c
0i
#23975630
0t
0s
0r
1y
1c
0i
#23976596
1t
0s
0r
1y
1c
0i
#23977532
0t
0s
0r
1y
1c
0i
#23978496
1t
0s
0r
1y
1c
0i
#23979433
0t
0s
0r
1y
1c
0i
#23980398
1t
0s
0r
1y
1c
0i
#23981335
0t
0s
0r
1y
1c
0i
#23982298
1t
0s
0r
1y
1c
0i
#23983232
0t
0s
0r
1y
1c
0i
#23984194
1t
0s
0r
1y
1c
0i
#23985128
0t
0s
0r
1y
1c
0i
#23986089
1t
0s
0r
1y
1c
0i
#23987019
0t
0s
0r
1y
1c
0i
#23987976
1t
0s
0r
1y
1c
0i
#23988902
0t
0s
0r
1y
1c
0i
#23989860
1t
0s
0r
1y
1c
0i
#23990788
0t
0s
0r
1y
1c
0i
#23991745
1t
0s
0r
1y
1c
0i
#23992673
0t
0s
0r
1y
1c
0i
#23993630
1t
0s
0r
1y
1c
0i
#23994554
0t
0s
0r
1y
1c
0i
#23995513
1t
0s
0r
1y
1c
0i
#23996440
0t
0s
0r
1y
1c
0i
#23997401
1t
0s
0r
1y
1c
0i
#23998325
0t
0s
0r
1y
1c
0i
#23999285
1t
0s
0r
1y
1c
0i
#24000212
0t
0s
0r
1y
1c
0i
#24001178
1t
0s
0r
1y
1c
0i
#24002106
0t
0s
0r
1y
1c
0i
#24003072
1t
0s
0r
1y
1c
0i
#24004003
0t
0s
0r
1y
1c
1i
#24004973
1t
0s
0r
1y
1c
1i
#24005908
0t
0s
0r
1y
1c
1i
#24006883
1t
0s
0r
1y
1c
0i
#24007821
0t
0s
0r
1y
1c
0i
#24008795
1t
0s
0r
1y
1c
0i
#24009731
0t
0s
0r
1y
1c
0i
#24010706
1t
0s
0r
1y
1c
0i
#24011644
0t
0s
0r
1y
1c
0i
#24012616
1t
0s
0r
1y
1c
0i
#24013552
0t
0s
0r
1y
1c
0i
#24014523
1t
0s
0r
1y
1c
0i
#24015455
0t
0s
0r
1y
1c
0i
#24016424
1t
0s
0r
1y
1c
0i
#24017356
0t
0s
0r
1y
1c
0i
#24018322
1t
0s
0r
1y
1c
0i
#24019253
0t
0s
0r
1y
1c
0i
#24020213
1t
0s
0r
1y
1c
0i
#24021141
0t
0s
0r
1y
1c
0i
#24022100
1t
0s
0r
1y
1c
0i
#24023024
0t
0s
0r
1y
1c
0i
#24025335
1t
0s
0r
1y
1c
0i
#24026800
0t
0s
0r
1y
1c
0i
#24027748
1t
0s
0r
1y
1c
0i
#24028678
0t
0s
0r
1y
1c
0i
#24029633
1t
0s
0r
1y
1c
0i
#24030559
0t
0s
0r
1y
1c
0i
#24031516
1t
0s
0r
1y
1c
0i
#24032444
0t
0s
0r
1y
1c
0i
#24033404
1t
0s
0r
1y
1c
0i
#24034333
0t
0s
0r
1y
1c
0i
#24035294
1t
0s
0r
1y
1c
0i
#24036221
0t
0s
0r
1y
1c
0i
#24037186
1t
0s
0r
1y
0c
0i
#24038122
0t
0s
0r
1y
0c
1i
#24039089
1t
0s
0r
1y
0c
1i
#24039508
1t
0s
1r
1y
0c
1i
#24039511
1t
0s
0r
1y
0c
1i
#24040028
0t
0s
0r
1y
0c
1i
#24040996
1t
0s
0r
1y
0c
0i
#24041935
0t
0s
0r
1y
0c
0i
#24042905
1t
0s
0r
1y
0c
0i
#24043846
0t
0s
0r
1y
0c
0i
#24044818
1t
0s
0r
1y
0c
0i
#24045759
0t
0s
0r
1y
0c
0i
#24046727
1t
0s
0r
1y
0c
0i
#24047665
0t
0s
0r
1y
0c
0i
#24048633
1t
0s
0r
1y
0c
0i
#24049573
0t
0s
0r
1y
0c
0i
#24050541
1t
0s
0r
1y
0c
0i
#24051478
0t
0s
0r
1y
0c
0i
#24052443
1t
0s
0r
1y
0c
0i
#24053377
0t
0s
0r
1y
0c
0i
#24054341
1t
0s
0r
1y
0c
0i
#24055276
0t
0s
0r
1y
0c
0i
#24056240
1t
0s
0r
1y
0c
0i
#24057173
0t
0s
0r
1y
0c
0i
#24058135
1t
0s
0r
1y
0c
0i
#24059066
0t
0s
0r
1y
0c
0i
#24060028
1t
0s
0r
1y
0c
0i
#24060961
0t
0s
0r
1y
0c
0i
#24061926
1t
0s
0r
1y
0c
0i
#24062858
0t
0s
0r
1y
0c
0i
#24063820
1t
0s
0r
1y
0c
0i
#24064752
0t
0s
0r
1y
0c
0i
#24065719
1t
0s
0r
1y
0c
0i
#24066651
0t
0s
0r
1y
0c
0i
#24067617
1t
0s
0r
1y
0c
0i
#24068547
0t
0s
0r
1y
0c
0i
#24069517
1t
0s
0r
1y
0c
0i
#24070451
0t
0s
0r
1y
0c
0i
#24071424
1t
0s
0r
1y
1c
0i
#24072361
0t
0s
0r
1y
1c
1i
#24073336
1t
0s
0r
1y
1c
1i
#24074276
0t
0s
0r
1y
1c
1i
#24075253
1t
0s
0r
1y
1c
0i
#24076196
0t
0s
0r
1y
1c
0i
#24077176
1t
0s
0r
1y
1c
0i
#24078118
0t
0s
0r
1y
1c
0i
#24079097
1t
0s
0r
1y
1c
0i
#24080037
0t
0s
0r
1y
1c
0i
#24081014
1t
0s
0r
1y
1c
0i
#24081953
0t
0s
0r
1y
1c
0i
#24082928
1t
0s
0r
1y
1c
0i
#24083866
0t
0s
0r
1y
1c
0i
#24084837
1t
0s
0r
1y
1c
0i
#24085769
0t
0s
0r
1y
1c
0i
#24086735
1t
0s
0r
1y
1c
0i
#24087667
0t
0s
0r
1y
1c
0i
#24088629
1t
0s
0r
1y
1c
0i
#24089558
0t
0s
0r
1y
1c
0i
#24090517
1t
0s
0r
1y
1c
0i
#24091440
0t
0s
0r
1y
1c
0i
#24093740
1t
0s
0r
1y
1c
0i
#24095220
0t
0s
0r
1y
1c
0i
#24096169
1t
0s
0r
1y
1c
0i
#24097097
0t
0s
0r
1y
1c
0i
#24098054
1t
0s
0r
1y
1c
0i
#24098983
0t
0s
0r
1y
1c
0i
#24099944
1t
0s
0r
1y
1c
0i
#24100873
0t
0s
0r
1y
1c
0i
#24101833
1t
0s
0r
1y
1c
0i
#24102761
0t
0s
0r
1y
1c
0i
#24103722
1t
0s
0r
1y
1c
0i
#24104655
0t
0s
0r
1y
1c
0i
#24105622
1t
0s
0r
1y
1c
0i
#24106558
0t
0s
0r
1y
1c
1i
#24107526
1t
0s
0r
1y
1c
1i
#24108465
0t
0s
0r
1y
1c
1i
#24109436
1t
0s
0r
1y
1c
0i
#24110379
0t
0s
0r
1y
1c
0i
#24111354
1t
0s
0r
1y
1c
0i
#24112297
0t
0s
0r
1y
1c
0i
#24113266
1t
0s
0r
1y
1c
0i
#24114204
0t
0s
0r
1y
1c
0i
#24115166
1t
0s
0r
1y
1c
0i
#24116095
0t
0s
0r
1y
1c
0i
#24117049
1t
0s
0r
1y
1c
0i
#24117972
0t
0s
0r
1y
1c
0i
#24118916
1t
0s
0r
1y
1c
0i
#24119830
0t
0s
0r
1y
1c
0i
#24120771
1t
0s
0r
1y
1c
0i
#24121686
0t
0s
0r
1y
1c
0i
#24122625
1t
0s
0r
1y
1c
0i
#24123540
0t
0s
0r
1y
1c
0i
#24124478
1t
0s
0r
1y
1c
0i
#24125390
0t
0s
0r
1y
1c
0i
#24126332
1t
0s
0r
1y
1c
0i
#24127246
0t
0s
0r
1y
1c
0i
#24128192
1t
0s
0r
1y
1c
0i
#24129107
0t
0s
0r
1y
1c
0i
#24130051
1t
0s
0r
1y
1c
0i
#24130968
0t
0s
0r
1y
1c
0i
#24131917
1t
0s
0r
1y
1c
0i
#24132834
0t
0s
0r
1y
1c
0i
#24133783
1t
0s
0r
1y
1c
0i
#24134698
0t
0s
0r
1y
1c
0i
#24135648
1t
0s
0r
1y
1c
0i
#24136565
0t
0s
0r
1y
1c
0i
#24137519
1t
0s
0r
1y
1c
0i
#24138438
0t
0s
0r
1y
1c
0i
#24139392
1t
0s
0r
1y
1c
0i
#24140312
0t
0s
0r
1y
1c
1i
#24141273
1t
0s
0r
1y
1c
1i
#24142198
0t
0s
0r
1y
1c
1i
#24143158
1t
0s
0r
1y
1c
0i
#24144084
0t
0s
0r
1y
1c
0i
#24145046
1t
0s
0r
1y
1c
0i
#24145972
0t
0s
0r
1y
1c
0i
#24146935
1t
0s
0r
1y
1c
0i
#24147861
0t
0s
0r
1y
1c
0i
#24148821
1t
0s
0r
1y
1c
0i
#24149746
0t
0s
0r
1y
1c
0i
#24150705
1t
0s
0r
1y
1c
0i
#24151629
0t
0s
0r
1y
1c
0i
#24152588
1t
0s
0r
1y
1c
0i
#24153512
0t
0s
0r
1y
1c
0i
#24154468
1t
0s
0r
1y
1c
0i
#24155391
0t
0s
0r
1y
1c
0i
#24156343
1t
0s
0r
1y
1c
0i
#24157266
0t
0s
0r
1y
1c
0i
#24158220
1t
0s
0r
1y
1c
0i
#24159140
0t
0s
0r
1y
1c
0i
#24161432
1t
0s
0r
1y
1c
0i
#24162891
0t
0s
0r
1y
1c
0i
#24163833
1t
0s
0r
1y
1c
0i
#24164757
0t
0s
0r
1y
1c
0i
#24165705
1t
0s
0r
1y
1c
0i
#24166624
0t
0s
0r
1y
1c
0i
#24167575
1t
0s
0r
1y
1c
0i
#24168497
0t
0s
0r
1y
1c
0i
#24169451
1t
0s
0r
1y
1c
0i
#24170373
0t
0s
0r
1y
1c
0i
#24171327
1t
0s
0r
1y
1c
0i
#24172250
0t
0s
0r
1y
1c
0i
#24173208
1t
0s
0r
1y
0c
0i
#24174139
0t
0s
0r
1y
0c
1i
#24175101
1t
0s
0r
1y
0c
1i
#24175619
1t
0s
1r
1y
0c
1i
#24175621
1t
0s
0r
1y
0c
1i
#24176036
0t
0s
0r
1y
0c
1i
#24176997
1t
0s
0r
1y
0c
0i
#24177931
0t
0s
0r
1y
0c
0i
#24178894
1t
0s
0r
1y
0c
0i
#24179833
0t
0s
0r
1y
0c
0i
#24180796
1t
0s
0r
1y
0c
0i
#24181731
0t
0s
0r
1y
0c
0i
#24182692
1t
0s
0r
1y
0c
0i
#24183626
0t
0s
0r
1y
0c
0i
#24184588
1t
0s
0r
1y
0c
0i
#24185522
0t
0s
0r
1y
0c
0i
#24186481
1t
0s
0r
1y
0c
0i
#24187411
0t
0s
0r
1y
0c
0i
#24188368
1t
0s
0r
1y
0c
0i
#24189299
0t
0s
0r
1y
0c
0i
#24190254
1t
0s
0r
1y
0c
0i
#24191183
0t
0s
0r
1y
0c
0i
#24192140
1t
0s
0r
1y
0c
0i
#24193068
0t
0s
0r
1y
0c
0i
#24194024
1t
0s
0r
1y
0c
0i
#24194949
0t
0s
0r
1y
0c
0i
#24195905
1t
0s
0r
1y
0c
0i
#24196833
0t
0s
0r
1y
0c
0i
#24197793
1t
0s
0r
1y
0c
0i
#24198721
0t
0s
0r
1y
0c
0i
#24199680
1t
0s
0r
1y
0c
0i
#24200607
0t
0s
0r
1y
0c
0i
#24201570
1t
0s
0r
1y
0c
0i
#24202501
0t
0s
0r
1y
0c
0i
#24203466
1t
0s
0r
1y
0c
0i
#24204395
0t
0s
0r
1y
0c
0i
#24205363
1t
0s
0r
1y
0c
0i
#24206297
0t
0s
0r
1y
0c
0i
#24207271
1t
0s
0r
1y
1c
0i
#24208208
0t
0s
0r
1y
1c
1i
#24209183
1t
0s
0r
1y
1c
1i
#24210123
0t
0s
0r
1y
1c
1i
#24211103
1t
0s
0r
1y
1c
0i
#24212047
0t
0s
0r
1y
1c
0i
#24213027
1t
0s
0r
1y
1c
0i
#24213970
0t
0s
0r
1y
1c
0i
#24214947
1t
0s
0r
1y
1c
0i
#24215888
0t
0s
0r
1y
1c
0i
#24216865
1t
0s
0r
1y
1c
0i
#24217802
0t
0s
0r
1y
1c
0i
#24218773
1t
0s
0r
1y
1c
0i
#24219704
0t
0s
0r
1y
1c
0i
#24220669
1t
0s
0r
1y
1c
0i
#24221598
0t
0s
0r
1y
1c
0i
#24222557
1t
0s
0r
1y
1c
0i
#24223482
0t
0s
0r
1y
1c
0i
#24224437
1t
0s
0r
1y
1c
0i
#24225357
0t
0s
0r
1y
1c
0i
#24226309
1t
0s
0r
1y
1c
0i
#24227228
0t
0s
0r
1y
1c
0i
#24229518
1t
0s
0r
1y
1c
0i
#24230983
0t
0s
0r
1y
1c
0i
#24231926
1t
0s
0r
1y
1c
0i
#24232852
0t
0s
0r
1y
1c
0i
#24233803
1t
0s
0r
1y
1c
0i
#24234728
0t
0s
0r
1y
1c
0i
#24235681
1t
0s
0r
1y
1c
0i
#24236602
0t
0s
0r
1y
1c
0i
#24237557
1t
0s
0r
1y
1c
0i
#24238482
0t
0s
0r
1y
1c
0i
#24239440
1t
0s
0r
1y
1c
0i
#24240367
0t
0s
0r
1y
1c
0i
#24241326
1t
0s
0r
1y
1c
0i
#24242256
0t
0s
0r
1y
1c
1i
#24243218
1t
0s
0r
1y
1c
1i
#24244153
0t
0s
0r
1y
1c
1i
#24245121
1t
0s
0r
1y
1c
0i
#24246059
0t
0s
0r
1y
1c
0i
#24247024
1t
0s
0r
1y
1c
0i
#24247963
0t
0s
0r
1y
1c
0i
#24248930
1t
0s
0r
1y
1c
0i
#24249868
0t
0s
0r
1y
1c
0i
#24250835
1t
0s
0r
1y
1c
0i
#24251773
0t
0s
0r
1y
1c
0i
#24252736
1t
0s
0r
1y
1c
0i
#24253671
0t
0s
0r
1y
1c
0i
#24254635
1t
0s
0r
1y
1c
0i
#24255571
0t
0s
0r
1y
1c
0i
#24256533
1t
0s
0r
1y
1c
0i
#24257467
0t
0s
0r
1y
1c
0i
#24258424
1t
0s
0r
1y
1c
0i
#24259355
0t
0s
0r
1y
1c
0i
#24260314
1t
0s
0r
1y
1c
0i
#24261244
0t
0s
0r
1y
1c
0i
#24262202
1t
0s
0r
1y
1c
0i
#24263129
0t
0s
0r
1y
1c
0i
#24264086
1t
0s
0r
1y
1c
0i
#24265014
0t
0s
0r
1y
1c
0i
#24265975
1t
0s
0r
1y
1c
0i
#24266902
0t
0s
0r
1y
1c
0i
#24267861
1t
0s
0r
1y
1c
0i
#24268787
0t
0s
0r
1y
1c
0i
#24269748
1t
0s
0r
1y
1c
0i
#24270676
0t
0s
0r
1y
1c
0i
#24271640
1t
0s
0r
1y
1c
0i
#24272569
0t
0s
0r
1y
1c
0i
#24273533
1t
0s
0r
1y
1c
0i
#24274463
0t
0s
0r
1y
1c
0i
#24275434
1t
0s
0r
1y
1c
0i
#24276368
0t
0s
0r
1y
1c
1i
#24277340
1t
0s
0r
1y
1c
1i
#24278276
0t
0s
0r
1y
1c
1i
#24279252
1t
0s
0r
1y
1c
0i
#24280193
0t
0s
0r
1y
1c
0i
#24281171
1t
0s
0r
1y
1c
0i
#24282111
0t
0s
0r
1y
1c
0i
#24283088
1t
0s
0r
1y
1c
0i
#24284025
0t
0s
0r
1y
1c
0i
#24284999
1t
0s
0r
1y
1c
0i
#24285937
0t
0s
0r
1y
1c
0i
#24286913
1t
0s
0r
1y
1c
0i
#24287850
0t
0s
0r
1y
1c
0i
#24288821
1t
0s
0r
1y
1c
0i
#24289757
0t
0s
0r
1y
1c
0i
#24290726
1t
0s
0r
1y
1c
0i
#24291662
0t
0s
0r
1y
1c
0i
#24292630
1t
0s
0r
1y
1c
0i
#24293566
0t
0s
0r
1y
1c
0i
#24294530
1t
0s
0r
1y
1c
0i
#24295460
0t
0s
0r
1y
1c
0i
#24297774
1t
0s
0r
1y
1c
0i
#24299266
0t
0s
0r
1y
1c
0i
#24300219
1t
0s
0r
1y
1c
0i
#24301155
0t
0s
0r
1y
1c
0i
#24302119
1t
0s
0r
1y
1c
0i
#24303053
0t
0s
0r
1y
1c
0i
#24304018
1t
0s
0r
1y
1c
0i
#24304950
0t
0s
0r
1y
1c
0i
#24305916
1t
0s
0r
1y
1c
0i
#24306852
0t
0s
0r
1y
0c
0i
#24307822
1t
0s
0r
1y
0c
0i
#24308759
0t
0s
0r
1y
0c
0i
#24309730
1t
0s
0r
1y
0c
0i
#24310671
0t
0s
0r
1y
0c
1i
#24311644
1t
0s
0r
1y
0c
1i
#24311986
1t
0s
1r
1y
0c
1i
#24311989
1t
0s
0r
1y
0c
1i
#24312590
0t
0s
0r
1y
0c
1i
#24313568
1t
0s
0r
1y
0c
0i
#24314516
0t
0s
0r
1y
0c
0i
#24315491
1t
0s
0r
1y
0c
0i
#24316438
0t
0s
0r
1y
0c
0i
#24317412
1t
0s
0r
1y
0c
0i
#24318357
0t
0s
0r
1y
0c
0i
#24319325
1t
0s
0r
1y
0c
0i
#24320262
0t
0s
0r
1y
0c
0i
#24321223
1t
0s
0r
1y
0c
0i
#24322153
0t
0s
0r
1y
0c
0i
#24323107
1t
0s
0r
1y
0c
0i
#24324032
0t
0s
0r
1y
0c
0i
#24324985
1t
0s
0r
1y
0c
0i
#24325907
0t
0s
0r
1y
0c
0i
#24326853
1t
0s
0r
1y
0c
0i
#24327773
0t
0s
0r
1y
0c
0i
#24328720
1t
0s
0r
1y
0c
0i
#24329641
0t
0s
0r
1y
0c
0i
#24330592
1t
0s
0r
1y
0c
0i
#24331514
0t
0s
0r
1y
0c
0i
#24332462
1t
0s
0r
1y
0c
0i
#24333385
0t
0s
0r
1y
0c
0i
#24334341
1t
0s
0r
1y
0c
0i
#24335264
0t
0s
0r
1y
0c
0i
#24336218
1t
0s
0r
1y
0c
0i
#24337140
0t
0s
0r
1y
0c
0i
#24338097
1t
0s
0r
1y
0c
0i
#24339021
0t
0s
0r
1y
0c
0i
#24339980
1t
0s
0r
1y
0c
0i
#24340904
0t
0s
0r
1y
0c
0i
#24341864
1t
0s
0r
1y
0c
0i
#24342789
0t
0s
0r
1y
0c
0i
#24343753
1t
0s
0r
1y
1c
0i
#24344682
0t
0s
0r
1y
1c
1i
#24345647
1t
0s
0r
1y
1c
1i
#24346579
0t
0s
0r
1y
1c
1i
#24347547
1t
0s
0r
1y
1c
0i
#24348481
0t
0s
0r
1y
1c
0i
#24349452
1t
0s
0r
1y
1c
0i
#24350385
0t
0s
0r
1y
1c
0i
#24351354
1t
0s
0r
1y
1c
0i
#24352286
0t
0s
0r
1y
1c
0i
#24353251
1t
0s
0r
1y
1c
0i
#24354181
0t
0s
0r
1y
1c
0i
#24355145
1t
0s
0r
1y
1c
0i
#24356072
0t
0s
0r
1y
1c
0i
#24357029
1t
0s
0r
1y
1c
0i
#24357948
0t
0s
0r
1y
1c
0i
#24358900
1t
0s
0r
1y
1c
0i
#24359819
0t
0s
0r
1y
1c
0i
#24360766
1t
0s
0r
1y
1c
0i
#24361683
0t
0s
0r
1y
1c
0i
#24362628
1t
0s
0r
1y
1c
0i
#24363540
0t
0s
0r
1y
1c
0i
#24365804
1t
0s
0r
1y
1c
0i
#24367269
0t
0s
0r
1y
1c
0i
#24368203
1t
0s
0r
1y
1c
0i
#24369120
0t
0s
0r
1y
1c
0i
#24370063
1t
0s
0r
1y
1c
0i
#24370979
0t
0s
0r
1y
1c
0i
#24371925
1t
0s
0r
1y
1c
0i
#24372841
0t
0s
0r
1y
1c
0i
#24373785
1t
0s
0r
1y
1c
0i
#24374702
0t
0s
0r
1y
1c
0i
#24375651
1t
0s
0r
1y
1c
0i
#24376569
0t
0s
0r
1y
1c
0i
#24377519
1t
0s
0r
1y
1c
0i
#24378440
0t
0s
0r
1y
1c
1i
#24379394
1t
0s
0r
1y
1c
1i
#24380320
0t
0s
0r
1y
1c
1i
#24381279
1t
0s
0r
1y
1c
0i
#24382208
0t
0s
0r
1y
1c
0i
#24383165
1t
0s
0r
1y
1c
0i
#24384093
0t
0s
0r
1y
1c
0i
#24385051
1t
0s
0r
1y
1c
0i
#24385981
0t
0s
0r
1y
1c
0i
#24386940
1t
0s
0r
1y
1c
0i
#24387868
0t
0s
0r
1y
1c
0i
#24388822
1t
0s
0r
1y
1c
0i
#24389747
0t
0s
0r
1y
1c
0i
#24390701
1t
0s
0r
1y
1c
0i
#24391626
0t
0s
0r
1y
1c
0i
#24392579
1t
0s
0r
1y
1c
0i
#24393503
0t
0s
0r
1y
1c
0i
#24394450
1t
0s
0r
1y
1c
0i
#24395368
0t
0s
0r
1y
1c
0i
#24396316
1t
0s
0r
1y
1c
0i
#24397235
0t
0s
0r
1y
1c
0i
#24398185
1t
0s
0r
1y
1c
0i
#24399102
0t
0s
0r
1y
1c
0i
#24400049
1t
0s
0r
1y
1c
0i
#24400965
0t
0s
0r
1y
1c
0i
#24401913
1t
0s
0r
1y
1c
0i
#24402831
0t
0s
0r
1y
1c
0i
#24403781
1t
0s
0r
1y
1c
0i
#24404700
0t
0s
0r
1y
1c
0i
#24405650
1t
0s
0r
1y
1c
0i
#24406566
0t
0s
0r
1y
1c
0i
#24407518
1t
0s
0r
1y
1c
0i
#24408437
0t
0s
0r
1y
1c
0i
#24409393
1t
0s
0r
1y
1c
0i
#24410314
0t
0s
0r
1y
1c
0i
#24411270
1t
0s
0r
1y
1c
0i
#24412194
0t
0s
0r
1y
1c
1i
#24413157
1t
0s
0r
1y
1c
1i
#24414085
0t
0s
0r
1y
1c
1i
#24415049
1t
0s
0r
1y
1c
0i
#24415977
0t
0s
0r
1y
1c
0i
#24416943
1t
0s
0r
1y
1c
0i
#24417873
0t
0s
0r
1y
1c
0i
#24418839
1t
0s
0r
1y
1c
0i
#24419769
0t
0s
0r
1y
1c
0i
#24420732
1t
0s
0r
1y
1c
0i
#24421660
0t
0s
0r
1y
1c
0i
#24422621
1t
0s
0r
1y
1c
0i
#24423549
0t
0s
0r
1y
1c
0i
#24424511
1t
0s
0r
1y
1c
0i
#24425437
0t
0s
0r
1y
1c
0i
#24426394
1t
0s
0r
1y
1c
0i
#24427317
0t
0s
0r
1y
1c
0i
#24428272
1t
0s
0r
1y
1c
0i
#24429195
0t
0s
0r
1y
1c
0i
#24430151
1t
0s
0r
1y
1c
0i
#24431070
0t
0s
0r
1y
1c
0i
#24433361
1t
0s
0r
1y
1c
0i
#24434821
0t
0s
0r
1y
1c
0i
#24435764
1t
0s
0r
1y
1c
0i
#24436687
0t
0s
0r
1y
1c
0i
#24437636
1t
0s
0r
1y
1c
0i
#24438556
0t
0s
0r
1y
1c
0i
#24439507
1t
0s
0r
1y
1c
0i
#24440429
0t
0s
0r
1y
1c
0i
#24441384
1t
0s
0r
1y
1c
0i
#24442307
0t
0s
0r
1y
1c
0i
#24443261
1t
0s
0r
1y
1c
0i
#24444184
0t
0s
0r
1y
1c
0i
#24445141
1t
0s
0r
1y
0c
0i
#24446071
0t
0s
0r
1y
0c
1i
#24447032
1t
0s
0r
1y
0c
1i
#24447494
1t
0s
1r
1y
0c
1i
#24447497
1t
0s
0r
1y
0c
1i
#24447966
0t
0s
0r
1y
0c
1i
#24448927
1t
0s
0r
1y
0c
0i
#24449860
0t
0s
0r
1y
0c
0i
#24450822
1t
0s
0r
1y
0c
0i
#24451758
0t
0s
0r
1y
0c
0i
#24452722
1t
0s
0r
1y
0c
0i
#24453657
0t
0s
0r
1y
0c
0i
#24454617
1t
0s
0r
1y
0c
0i
#24455548
0t
0s
0r
1y
0c
0i
#24456506
1t
0s
0r
1y
0c
0i
#24457436
0t
0s
0r
1y
0c
0i
#24458394
1t
0s
0r
1y
0c
0i
#24459321
0t
0s
0r
1y
0c
0i
#24460273
1t
0s
0r
1y
0c
0i
#24461198
0t
0s
0r
1y
0c
0i
#24462146
1t
0s
0r
1y
0c
0i
#24463069
0t
0s
0r
1y
0c
0i
#24464019
1t
0s
0r
1y
0c
0i
#24464942
0t
0s
0r
1y
0c
0i
#24465891
1t
0s
0r
1y
0c
0i
#24466809
0t
0s
0r
1y
0c
0i
#24467758
1t
0s
0r
1y
0c
0i
#24468680
0t
0s
0r
1y
0c
0i
#24469632
1t
0s
0r
1y
0c
0i
#24470553
0t
0s
0r
1y
0c
0i
#24471503
1t
0s
0r
1y
0c
0i
#24472424
0t
0s
0r
1y
0c
0i
#24473380
1t
0s
0r
1y
0c
0i
#24474301
0t
0s
0r
1y
0c
0i
#24475256
1t
0s
0r
1y
0c
0i
#24476177
0t
0s
0r
1y
0c
0i
#24477134
1t
0s
0r
1y
0c
0i
#24478058
0t
0s
0r
1y
0c
0i
#24479020
1t
0s
0r
1y
1c
0i
#24479947
0t
0s
0r
1y
1c
1i
#24480910
1t
0s
0r
1y
1c
1i
#24481839
0t
0s
0r
1y
1c
1i
#24482806
1t
0s
0r
1y
1c
0i
#24483739
0t
0s
0r
1y
1c
0i
#24484709
1t
0s
0r
1y
1c
0i
#24485641
0t
0s
0r
1y
1c
0i
#24486609
1t
0s
0r
1y
1c
0i
#24487538
0t
0s
0r
1y
1c
0i
#24488504
1t
0s
0r
1y
1c
0i
#24489436
0t
0s
0r
1y
1c
0i
#24490402
1t
0s
0r
1y
1c
0i
#24491332
0t
0s
0r
1y
1c
0i
#24492294
1t
0s
0r
1y
1c
0i
#24493220
0t
0s
0r
1y
1c
0i
#24494179
1t
0s
0r
1y
1c
0i
#24495105
0t
0s
0r
1y
1c
0i
#24496064
1t
0s
0r
1y
1c
0i
#24496989
0t
0s
0r
1y
1c
0i
#24497942
1t
0s
0r
1y
1c
0i
#24498862
0t
0s
0r
1y
1c
0i
#24501150
1t
0s
0r
1y
1c
0i
#24502623
0t
0s
0r
1y
1c
0i
#24503565
1t
0s
0r
1y
1c
0i
#24504490
0t
0s
0r
1y
1c
0i
#24505442
1t
0s
0r
1y
1c
0i
#24506364
0t
0s
0r
1y
1c
0i
#24507314
1t
0s
0r
1y
1c
0i
#24508234
0t
0s
0r
1y
1c
0i
#24509186
1t
0s
0r
1y
1c
0i
#24510109
0t
0s
0r
1y
1c
0i
#24511063
1t
0s
0r
1y
1c
0i
#24511988
0t
0s
0r
1y
1c
0i
#24512945
1t
0s
0r
1y
1c
0i
#24513873
0t
0s
0r
1y
1c
1i
#24514832
1t
0s
0r
1y
1c
1i
#24515765
0t
0s
0r
1y
1c
1i
#24516730
1t
0s
0r
1y
1c
0i
#24517666
0t
0s
0r
1y
1c
0i
#24518630
1t
0s
0r
1y
1c
0i
#24519566
0t
0s
0r
1y
1c
0i
#24520531
1t
0s
0r
1y
1c
0i
#24521467
0t
0s
0r
1y
1c
0i
#24522431
1t
0s
0r
1y
1c
0i
#24523367
0t
0s
0r
1y
1c
0i
#24524329
1t
0s
0r
1y
1c
0i
#24525261
0t
0s
0r
1y
1c
0i
#24526221
1t
0s
0r
1y
1c
0i
#24527153
0t
0s
0r
1y
1c
0i
#24528112
1t
0s
0r
1y
1c
0i
#24529043
0t
0s
0r
1y
1c
0i
#24529996
1t
0s
0r
1y
1c
0i
#24530922
0t
0s
0r
1y
1c
0i
#24531875
1t
0s
0r
1y
1c
0i
#24532800
0t
0s
0r
1y
1c
0i
#24533756
1t
0s
0r
1y
1c
0i
#24534680
0t
0s
0r
1y
1c
0i
#24535631
1t
0s
0r
1y
1c
0i
#24536554
0t
0s
0r
1y
1c
0i
#24537508
1t
0s
0r
1y
1c
0i
#24538431
0t
0s
0r
1y
1c
0i
#24539385
1t
0s
0r
1y
1c
0i
#24540308
0t
0s
0r
1y
1c
0i
#24541262
1t
0s
0r
1y
1c
0i
#24542184
0t
0s
0r
1y
1c
0i
#24543143
1t
0s
0r
1y
1c
0i
#24544066
0t
0s
0r
1y
1c
0i
#24545025
1t
0s
0r
1y
1c
0i
#24545948
0t
0s
0r
1y
1c
0i
#24546911
1t
0s
0r
1y
1c
0i
#24547840
0t
0s
0r
1y
1c
1i
#24548808
1t
0s
0r
1y
1c
1i
#24549740
0t
0s
0r
1y
1c
1i
#24550711
1t
0s
0r
1y
1c
0i
#24551645
0t
0s
0r
1y
1c
0i
#24552616
1t
0s
0r
1y
1c
0i
#24553553
0t
0s
0r
1y
1c
0i
#24554528
1t
0s
0r
1y
1c
0i
#24555464
0t
0s
0r
1y
1c
0i
#24556434
1t
0s
0r
1y
1c
0i
#24557369
0t
0s
0r
1y
1c
0i
#24558340
1t
0s
0r
1y
1c
0i
#24559275
0t
0s
0r
1y
1c
0i
#24560246
1t
0s
0r
1y
1c
0i
#24561181
0t
0s
0r
1y
1c
0i
#24562146
1t
0s
0r
1y
1c
0i
#24563077
0t
0s
0r
1y
1c
0i
#24564040
1t
0s
0r
1y
1c
0i
#24564972
0t
0s
0r
1y
1c
0i
#24565936
1t
0s
0r
1y
1c
0i
#24566864
0t
0s
0r
1y
1c
0i
#24569167
1t
0s
0r
1y
1c
0i
#24570651
0t
0s
0r
1y
1c
0i
#24571600
1t
0s
0r
1y
1c
0i
#24572530
0t
0s
0r
1y
1c
0i
#24573486
1t
0s
0r
1y
1c
0i
#24574415
0t
0s
0r
1y
1c
0i
#24575375
1t
0s
0r
1y
1c
0i
#24576303
0t
0s
0r
1y
1c
0i
#24577261
1t
0s
0r
1y
1c
0i
#24578189
0t
0s
0r
1y
1c
0i
#24579149
1t
0s
0r
1y
1c
0i
#24580079
0t
0s
0r
1y
1c
0i
#24581043
1t
0s
0r
1y
0c
0i
#24581977
0t
0s
0r
1y
0c
1i
#24582942
1t
0s
0r
1y
0c
1i
#24583321
1t
0s
1r
1y
0c
1i
#24583323
1t
0s
0r
1y
0c
1i
#24583876
0t
0s
0r
1y
0c
1i
#24584843
1t
0s
0r
1y
0c
0i
#24585782
0t
0s
0r
1y
0c
0i
#24586751
1t
0s
0r
1y
0c
0i
#24587691
0t
0s
0r
1y
0c
0i
#24588659
1t
0s
0r
1y
0c
0i
#24589597
0t
0s
0r
1y
0c
0i
#24590565
1t
0s
0r
1y
0c
0i
#24591505
0t
0s
0r
1y
0c
0i
#24592475
1t
0s
0r
1y
0c
0i
#24593415
0t
0s
0r
1y
0c
0i
#24594383
1t
0s
0r
1y
0c
0i
#24595321
0t
0s
0r
1y
0c
0i
#24596289
1t
0s
0r
1y
0c
0i
#24597229
0t
0s
0r
1y
0c
0i
#24598197
1t
0s
0r
1y
0c
0i
#24599137
0t
0s
0r
1y
0c
0i
#24600103
1t
0s
0r
1y
0c
0i
#24601038
0t
0s
0r
1y
0c
0i
#24602006
1t
0s
0r
1y
0c
0i
#24602943
0t
0s
0r
1y
0c
0i
#24603910
1t
0s
0r
1y
0c
0i
#24604846
0t
0s
0r
1y
0c
0i
#24605812
1t
0s
0r
1y
0c
0i
#24606747
0t
0s
0r
1y
0c
0i
#24607715
1t
0s
0r
1y
0c
0i
#24608651
0t
0s
0r
1y
0c
0i
#24609621
1t
0s
0r
1y
0c
0i
#24610553
0t
0s
0r
1y
0c
0i
#24611524
1t
0s
0r
1y
0c
0i
#24612461
0t
0s
0r
1y
0c
0i
#24613436
1t
0s
0r
1y
0c
0i
#24614375
0t
0s
0r
1y
0c
0i
#24615352
1t
0s
0r
1y
1c
0i
#24616292
0t
0s
0r
1y
1c
1i
#24617273
1t
0s
0r
1y
1c
1i
#24618219
0t
0s
0r
1y
1c
1i
#24619205
1t
0s
0r
1y
1c
0i
#24620153
0t
0s
0r
1y
1c
0i
#24621137
1t
0s
0r
1y
1c
0i
#24622085
0t
0s
0r
1y
1c
0i
#24623071
1t
0s
0r
1y
1c
0i
#24624018
0t
0s
0r
1y
1c
0i
#24625000
1t
0s
0r
1y
1c
0i
#24625943
0t
0s
0r
1y
1c
0i
#24626922
1t
0s
0r
1y
1c
0i
#24627863
0t
0s
0r
1y
1c
0i
#24628838
1t
0s
0r
1y
1c
0i
#24629777
0t
0s
0r
1y
1c
0i
#24630746
1t
0s
0r
1y
1c
0i
#24631680
0t
0s
0r
1y
1c
0i
#24632644
1t
0s
0r
1y
1c
0i
#24633577
0t
0s
0r
1y
1c
0i
#24634542
1t
0s
0r
1y
1c
0i
#24635471
0t
0s
0r
1y
1c
0i
#24637791
1t
0s
0r
1y
1c
0i
#24639266
0t
0s
0r
1y
1c
0i
#24640222
1t
0s
0r
1y
1c
0i
#24641158
0t
0s
0r
1y
1c
0i
#24642118
1t
0s
0r
1y
1c
0i
#24643049
0t
0s
0r
1y
1c
0i
#24644014
1t
0s
0r
1y
1c
0i
#24644949
0t
0s
0r
1y
1c
0i
#24645913
1t
0s
0r
1y
1c
0i
#24646846
0t
0s
0r
1y
1c
0i
#24647813
1t
0s
0r
1y
1c
0i
#24648749
0t
0s
0r
1y
1c
0i
#24649721
1t
0s
0r
1y
1c
0i
#24650661
0t
0s
0r
1y
1c
1i
#24651634
1t
0s
0r
1y
1c
1i
#24652576
0t
0s
0r
1y
1c
1i
#24653552
1t
0s
0r
1y
1c
0i
#24654499
0t
0s
0r
1y
1c
0i
#24655478
1t
0s
0r
1y
1c
0i
#24656425
0t
0s
0r
1y
1c
0i
#24657399
1t
0s
0r
1y
1c
0i
#24658341
0t
0s
0r
1y
1c
0i
#24659308
1t
0s
0r
1y
1c
0i
#24660243
0t
0s
0r
1y
1c
0i
#24661202
1t
0s
0r
1y
1c
0i
#24662130
0t
0s
0r
1y
1c
0i
#24663081
1t
0s
0r
1y
1c
0i
#24664001
0t
0s
0r
1y
1c
0i
#24664947
1t
0s
0r
1y
1c
0i
#24665867
0t
0s
0r
1y
1c
0i
#24666811
1t
0s
0r
1y
1c
0i
#24667729
0t
0s
0r
1y
1c
0i
#24668672
1t
0s
0r
1y
1c
0i
#24669588
0t
0s
0r
1y
1c
0i
#24670533
1t
0s
0r
1y
1c
0i
#24671451
0t
0s
0r
1y
1c
0i
#24672400
1t
0s
0r
1y
1c
0i
#24673318
0t
0s
0r
1y
1c
0i
#24674265
1t
0s
0r
1y
1c
0i
#24675183
0t
0s
0r
1y
1c
0i
#24676135
1t
0s
0r
1y
1c
0i
#24677053
0t
0s
0r
1y
1c
0i
#24678004
1t
0s
0r
1y
1c
0i
#24678922
0t
0s
0r
1y
1c
0i
#24679874
1t
0s
0r
1y
1c
0i
#24680793
0t
0s
0r
1y
1c
0i
#24681750
1t
0s
0r
1y
1c
0i
#24682671
0t
0s
0r
1y
1c
0i
#24683628
1t
0s
0r
1y
1c
0i
#24684551
0t
0s
0r
1y
1c
1i
#24685512
1t
0s
0r
1y
1c
1i
#24686440
0t
0s
0r
1y
1c
1i
#24687406
1t
0s
0r
1y
1c
0i
#24688336
0t
0s
0r
1y
1c
0i
#24689301
1t
0s
0r
1y
1c
0i
#24690231
0t
0s
0r
1y
1c
0i
#24691197
1t
0s
0r
1y
1c
0i
#24692129
0t
0s
0r
1y
1c
0i
#24693094
1t
0s
0r
1y
1c
0i
#24694023
0t
0s
0r
1y
1c
0i
#24694986
1t
0s
0r
1y
1c
0i
#24695914
0t
0s
0r
1y
1c
0i
#24696877
1t
0s
0r
1y
1c
0i
#24697806
0t
0s
0r
1y
1c
0i
#24698767
1t
0s
0r
1y
1c
0i
#24699694
0t
0s
0r
1y
1c
0i
#24700650
1t
0s
0r
1y
1c
0i
#24701577
0t
0s
0r
1y
1c
0i
#24702534
1t
0s
0r
1y
1c
0i
#24703457
0t
0s
0r
1y
1c
0i
#24705761
1t
0s
0r
1y
1c
0i
#24707224
0t
0s
0r
1y
1c
0i
#24708170
1t
0s
0r
1y
1c
0i
#24709097
0t
0s
0r
1y
1c
0i
#24710049
1t
0s
0r
1y
1c
0i
#24710972
0t
0s
0r
1y
1c
0i
#24711925
1t
0s
0r
1y
1c
0i
#24712851
0t
0s
0r
1y
1c
0i
#24713808
1t
0s
0r
1y
1c
0i
#24714735
0t
0s
0r
1y
1c
0i
#24715692
1t
0s
0r
1y
1c
0i
#24716619
0t
0s
0r
1y
1c
0i
#24717580
1t
0s
0r
1y
0c
0i
#24718514
0t
0s
0r
1y
0c
1i
#24719477
1t
0s
0r
1y
0c
1i
#24719999
1t
0s
1r
1y
0c
1i
#24720002
1t
0s
0r
1y
0c
1i
#24720413
0t
0s
0r
1y
0c
1i
#24721377
1t
0s
0r
1y
0c
0i
#24722316
0t
0s
0r
1y
0c
0i
#24723284
1t
0s
0r
1y
0c
0i
#24724223
0t
0s
0r
1y
0c
0i
#24725189
1t
0s
0r
1y
0c
0i
#24726124
0t
0s
0r
1y
0c
0i
#24727089
1t
0s
0r
1y
0c
0i
#24728025
0t
0s
0r
1y
0c
0i
#24728990
1t
0s
0r
1y
0c
0i
#24729924
0t
0s
0r
1y
0c
0i
#24730884
1t
0s
0r
1y
0c
0i
#24731813
0t
0s
0r
1y
0c
0i
#24732772
1t
0s
0r
1y
0c
0i
#24733703
0t
0s
0r
1y
0c
0i
#24734660
1t
0s
0r
1y
0c
0i
#24735587
0t
0s
0r
1y
0c
0i
#24736541
1t
0s
0r
1y
0c
0i
#24737467
0t
0s
0r
1y
0c
0i
#24738421
1t
0s
0r
1y
0c
0i
#24739346
0t
0s
0r
1y
0c
0i
#24740303
1t
0s
0r
1y
0c
0i
#24741228
0t
0s
0r
1y
0c
0i
#24742184
1t
0s
0r
1y
0c
0i
#24743106
0t
0s
0r
1y
0c
0i
#24744064
1t
0s
0r
1y
0c
0i
#24744990
0t
0s
0r
1y
0c
0i
#24745950
1t
0s
0r
1y
0c
0i
#24746876
0t
0s
0r
1y
0c
0i
#24747836
1t
0s
0r
1y
0c
0i
#24748761
0t
0s
0r
1y
0c
0i
#24749724
1t
0s
0r
1y
0c
0i
#24750652
0t
0s
0r
1y
0c
0i
#24751622
1t
0s
0r
1y
1c
0i
#24752553
0t
0s
0r
1y
1c
1i
#24753521
1t
0s
0r
1y
1c
1i
#24754457
0t
0s
0r
1y
1c
1i
#24755431
1t
0s
0r
1y
1c
0i
#24756370
0t
0s
0r
1y
1c
0i
#24757345
1t
0s
0r
1y
1c
0i
#24758282
0t
0s
0r
1y
1c
0i
#24759254
1t
0s
0r
1y
1c
0i
#24760190
0t
0s
0r
1y
1c
0i
#24761163
1t
0s
0r
1y
1c
0i
#24762099
0t
0s
0r
1y
1c
0i
#24763068
1t
0s
0r
1y
1c
0i
#24763999
0t
0s
0r
1y
1c
0i
#24764962
1t
0s
0r
1y
1c
0i
#24765890
0t
0s
0r
1y
1c
0i
#24766849
1t
0s
0r
1y
1c
0i
#24767775
0t
0s
0r
1y
1c
0i
#24768731
1t
0s
0r
1y
1c
0i
#24769654
0t
0s
0r
1y
1c
0i
#24770604
1t
0s
0r
1y
1c
0i
#24771524
0t
0s
0r
1y
1c
0i
#24773808
1t
0s
0r
1y
1c
0i
#24775279
0t
0s
0r
1y
1c
0i
#24776221
1t
0s
0r
1y
1c
0i
#24777145
0t
0s
0r
1y
1c
0i
#24778098
1t
0s
0r
1y
1c
0i
#24779020
0t
0s
0r
1y
1c
0i
#24779971
1t
0s
0r
1y
1c
0i
#24780892
0t
0s
0r
1y
1c
0i
#24781845
1t
0s
0r
1y
1c
0i
#24782769
0t
0s
0r
1y
1c
0i
#24783725
1t
0s
0r
1y
1c
0i
#24784652
0t
0s
0r
1y
1c
0i
#24785609
1t
0s
0r
1y
1c
0i
#24786538
0t
0s
0r
1y
1c
1i
#24787499
1t
0s
0r
1y
1c
1i
#24788432
0t
0s
0r
1y
1c
1i
#24789398
1t
0s
0r
1y
1c
0i
#24790334
0t
0s
0r
1y
1c
0i
#24791298
1t
0s
0r
1y
1c
0i
#24792234
0t
0s
0r
1y
1c
0i
#24793199
1t
0s
0r
1y
1c
0i
#24794134
0t
0s
0r
1y
1c
0i
#24795098
1t
0s
0r
1y
1c
0i
#24796032
0t
0s
0r
1y
1c
0i
#24796992
1t
0s
0r
1y
1c
0i
#24797921
0t
0s
0r
1y
1c
0i
#24798879
1t
0s
0r
1y
1c
0i
#24799808
0t
0s
0r
1y
1c
0i
#24800763
1t
0s
0r
1y
1c
0i
#24801690
0t
0s
0r
1y
1c
0i
#24802641
1t
0s
0r
1y
1c
0i
#24803563
0t
0s
0r
1y
1c
0i
#24804513
1t
0s
0r
1y
1c
0i
#24805435
0t
0s
0r
1y
1c
0i
#24806388
1t
0s
0r
1y
1c
0i
#24807310
0t
0s
0r
1y
1c
0i
#24808260
1t
0s
0r
1y
1c
0i
#24809180
0t
0s
0r
1y
1c
0i
#24810132
1t
0s
0r
1y
1c
0i
#24811053
0t
0s
0r
1y
1c
0i
#24812008
1t
0s
0r
1y
1c
0i
#24812930
0t
0s
0r
1y
1c
0i
#24813884
1t
0s
0r
1y
1c
0i
#24814804
0t
0s
0r
1y
1c
0i
#24815761
1t
0s
0r
1y
1c
0i
#24816685
0t
0s
0r
1y
1c
0i
#24817644
1t
0s
0r
1y
1c
0i
#24818567
0t
0s
0r
1y
1c
0i
#24819529
1t
0s
0r
1y
1c
0i
#24820457
0t
0s
0r
1y
1c
1i
#24821425
1t
0s
0r
1y
1c
1i
#24822357
0t
0s
0r
1y
1c
1i
#24823326
1t
0s
0r
1y
1c
0i
#24824259
0t
0s
0r
1y
1c
0i
#24825230
1t
0s
0r
1y
1c
0i
#24826165
0t
0s
0r
1y
1c
0i
#24827137
1t
0s
0r
1y
1c
0i
#24828071
0t
0s
0r
1y
1c
0i
#24829038
1t
0s
0r
1y
1c
0i
#24829971
0t
0s
0r
1y
1c
0i
#24830938
1t
0s
0r
1y
1c
0i
#24831869
0t
0s
0r
1y
1c
0i
#24832836
1t
0s
0r
1y
1c
0i
#24833767
0t
0s
0r
1y
1c
0i
#24834730
1t
0s
0r
1y
1c
0i
#24835657
0t
0s
0r
1y
1c
0i
#24836617
1t
0s
0r
1y
1c
0i
#24837546
0t
0s
0r
1y
1c
0i
#24838505
1t
0s
0r
1y
1c
0i
#24839430
0t
0s
0r
1y
1c
0i
#24841735
1t
0s
0r
1y
1c
0i
#24843204
0t
0s
0r
1y
1c
0i
#24844153
1t
0s
0r
1y
1c
0i
#24845082
0t
0s
0r
1y
1c
0i
#24846036
1t
0s
0r
1y
1c
0i
#24846963
0t
0s
0r
1y
1c
0i
#24847921
1t
0s
0r
1y
1c
0i
#24848849
0t
0s
0r
1y
1c
0i
#24849807
1t
0s
0r
1y
1c
0i
#24850734
0t
0s
0r
1y
1c
0i
#24851694
1t
0s
0r
1y
1c
0i
#24852624
0t
0s
0r
1y
1c
0i
#24853588
1t
0s
0r
1y
0c
0i
#24854524
0t
0s
0r
1y
0c
1i
#24855488
1t
0s
0r
1y
0c
1i
#24855909
1t
0s
1r
1y
0c
1i
#24855912
1t
0s
0r
1y
0c
1i
#24856424
0t
0s
0r
1y
0c
1i
#24857391
1t
0s
0r
1y
0c
0i
#24858331
0t
0s
0r
1y
0c
0i
#24859298
1t
0s
0r
1y
0c
0i
#24860238
0t
0s
0r
1y
0c
0i
#24861205
1t
0s
0r
1y
0c
0i
#24862142
0t
0s
0r
1y
0c
0i
#24863107
1t
0s
0r
1y
0c
0i
#24864043
0t
0s
0r
1y
0c
0i
#24865008
1t
0s
0r
1y
0c
0i
#24865942
0t
0s
0r
1y
0c
0i
#24866904
1t
0s
0r
1y
0c
0i
#24867835
0t
0s
0r
1y
0c
0i
#24868795
1t
0s
0r
1y
0c
0i
#24869727
0t
0s
0r
1y
0c
0i
#24870687
1t
0s
0r
1y
0c
0i
#24871617
0t
0s
0r
1y
0c
0i
#24872574
1t
0s
0r
1y
0c
0i
#24873501
0t
0s
0r
1y
0c
0i
#24874460
1t
0s
0r
1y
0c
0i
#24875388
0t
0s
0r
1y
0c
0i
#24876347
1t
0s
0r
1y
0c
0i
#24877275
0t
0s
0r
1y
0c
0i
#24878234
1t
0s
0r
1y
0c
0i
#24879159
0t
0s
0r
1y
0c
0i
#24880119
1t
0s
0r
1y
0c
0i
#24881047
0t
0s
0r
1y
0c
0i
#24882011
1t
0s
0r
1y
0c
0i
#24882939
0t
0s
0r
1y
0c
0i
#24883901
1t
0s
0r
1y
0c
0i
#24884829
0t
0s
0r
1y
0c
0i
#24885796
1t
0s
0r
1y
0c
0i
#24886728
0t
0s
0r
1y
0c
0i
#24887697
1t
0s
0r
1y
1c
0i
#24888630
0t
0s
0r
1y
1c
1i
#24889602
1t
0s
0r
1y
1c
1i
#24890540
0t
0s
0r
1y
1c
1i
#24891518
1t
0s
0r
1y
1c
0i
#24892459
0t
0s
0r
1y
1c
0i
#24893435
1t
0s
0r
1y
1c
0i
#24894372
0t
0s
0r
1y
1c
0i
#24895348
1t
0s
0r
1y
1c
0i
#24896287
0t
0s
0r
1y
1c
0i
#24897262
1t
0s
0r
1y
1c
0i
#24898199
0t
0s
0r
1y
1c
0i
#24899170
1t
0s
0r
1y
1c
0i
#24900102
0t
0s
0r
1y
1c
0i
#24901071
1t
0s
0r
1y
1c
0i
#24902003
0t
0s
0r
1y
1c
0i
#24902968
1t
0s
0r
1y
1c
0i
#24903898
0t
0s
0r
1y
1c
0i
#24904857
1t
0s
0r
1y
1c
0i
#24905785
0t
0s
0r
1y
1c
0i
#24906741
1t
0s
0r
1y
1c
0i
#24907665
0t
0s
0r
1y
1c
0i
#24909962
1t
0s
0r
1y
1c
0i
#24911443
0t
0s
0r
1y
1c
0i
#24912392
1t
0s
0r
1y
1c
0i
#24913324
0t
0s
0r
1y
1c
0i
#24914283
1t
0s
0r
1y
1c
0i
#24915213
0t
0s
0r
1y
1c
0i
#24916173
1t
0s
0r
1y
1c
0i
#24917101
0t
0s
0r
1y
1c
0i
#24918063
1t
0s
0r
1y
1c
0i
#24918996
0t
0s
0r
1y
1c
0i
#24919961
1t
0s
0r
1y
1c
0i
#24920893
0t
0s
0r
1y
1c
0i
#24921860
1t
0s
0r
1y
1c
0i
#24922798
0t
0s
0r
1y
1c
1i
#24923770
1t
0s
0r
1y
1c
1i
#24924712
0t
0s
0r
1y
1c
1i
#24925684
1t
0s
0r
1y
1c
0i
#24926627
0t
0s
0r
1y
1c
0i
#24927600
1t
0s
0r
1y
1c
0i
#24928545
0t
0s
0r
1y
1c
0i
#24929518
1t
0s
0r
1y
1c
0i
#24930460
0t
0s
0r
1y
1c
0i
#24931429
1t
0s
0r
1y
1c
0i
#24932369
0t
0s
0r
1y
1c
0i
#24933338
1t
0s
0r
1y
1c
0i
#24934277
0t
0s
0r
1y
1c
0i
#24935243
1t
0s
0r
1y
1c
0i
#24936179
0t
0s
0r
1y
1c
0i
#24937142
1t
0s
0r
1y
1c
0i
#24938075
0t
0s
0r
1y
1c
0i
#24939034
1t
0s
0r
1y
1c
0i
#24939965
0t
0s
0r
1y
1c
0i
#24940925
1t
0s
0r
1y
1c
0i
#24941855
0t
0s
0r
1y
1c
0i
#24942814
1t
0s
0r
1y
1c
0i
#24943741
0t
0s
0r
1y
1c
0i
#24944700
1t
0s
0r
1y
1c
0i
#24945627
0t
0s
0r
1y
1c
0i
#24946588
1t
0s
0r
1y
1c
0i
#24947516
0t
0s
0r
1y
1c
0i
#24948476
1t
0s
0r
1y
1c
0i
#24949402
0t
0s
0r
1y
1c
0i
#24950365
1t
0s
0r
1y
1c
0i
#24951294
0t
0s
0r
1y
1c
0i
#24952258
1t
0s
0r
1y
1c
0i
#24953186
0t
0s
0r
1y
1c
0i
#24954152
1t
0s
0r
1y
1c
0i
#24955083
0t
0s
0r
1y
1c
0i
#24956053
1t
0s
0r
1y
1c
0i
#24956989
0t
0s
0r
1y
1c
1i
#24957962
1t
0s
0r
1y
1c
1i
#24958898
0t
0s
0r
1y
1c
1i
#24959876
1t
0s
0r
1y
1c
0i
#24960818
0t
0s
0r
1y
1c
0i
#24961799
1t
0s
0r
1y
1c
0i
#24962740
0t
0s
0r
1y
1c
0i
#24963718
1t
0s
0r
1y
1c
0i
#24964656
0t
0s
0r
1y
1c
0i
#24965633
1t
0s
0r
1y
1c
0i
#24966572
0t
0s
0r
1y
1c
0i
#24967548
1t
0s
0r
1y
1c
0i
#24968485
0t
0s
0r
1y
1c
0i
#24969454
1t
0s
0r
1y
1c
0i
#24970385
0t
0s
0r
1y
1c
0i
#24971350
1t
0s
0r
1y
1c
0i
#24972282
0t
0s
0r
1y
1c
0i
#24973244
1t
0s
0r
1y
1c
0i
#24974174
0t
0s
0r
1y
1c
0i
#24975134
1t
0s
0r
1y
1c
0i
#24976058
0t
0s
0r
1y
1c
0i
#24978357
1t
0s
0r
1y
1c
0i
#24979844
0t
0s
0r
1y
1c
0i
#24980794
1t
0s
0r
1y
1c
0i
#24981725
0t
0s
0r
1y
1c
0i
#24982685
1t
0s
0r
1y
1c
0i
#24983617
0t
0s
0r
1y
1c
0i
#24984578
1t
0s
0r
1y
1c
0i
#24985506
0t
0s
0r
1y
1c
0i
#24986470
1t
0s
0r
1y
1c
0i
#24987402
0t
0s
0r
1y
0c
0i
#24988368
1t
0s
0r
1y
0c
0i
#24989303
0t
0s
0r
1y
0c
0i
#24990270
1t
0s
0r
1y
0c
0i
#24991207
0t
0s
0r
1y
0c
1i
#24992177
1t
0s
0r
1y
0c
1i
#24992597
1t
0s
1r
1y
0c
1i
#24992600
1t
0s
0r
1y
0c
1i
#24993120
0t
0s
0r
1y
0c
1i
#24994091
1t
0s
0r
1y
0c
0i
#24995034
0t
0s
0r
1y
0c
0i
#24996004
1t
0s
0r
1y
0c
0i
#24996948
0t
0s
0r
1y
0c
0i
#24997917
1t
0s
0r
1y
0c
0i
#24998857
0t
0s
0r
1y
0c
0i
#24999820
1t
0s
0r
1y
0c
0i
#25000752
0t
0s
0r
1y
0c
0i
#25001708
1t
0s
0r
1y
0c
0i
#25002635
0t
0s
0r
1y
0c
0i
#25003586
1t
0s
0r
1y
0c
0i
#25004505
0t
0s
0r
1y
0c
0i
#25005450
1t
0s
0r
1y
0c
0i
#25006367
0t
0s
0r
1y
0c
0i
#25007308
1t
0s
0r
1y
0c
0i
#25008223
0t
0s
0r
1y
0c
0i
#25009165
1t
0s
0r
1y
0c
0i
#25010081
0t
0s
0r
1y
0c
0i
#25011024
1t
0s
0r
1y
0c
0i
#25011936
0t
0s
0r
1y
0c
0i
#25012880
1t
0s
0r
1y
0c
0i
#25013796
0t
0s
0r
1y
0c
0i
#25014743
1t
0s
0r
1y
0c
0i
#25015658
0t
0s
0r
1y
0c
0i
#25016604
1t
0s
0r
1y
0c
0i
#25017519
0t
0s
0r
1y
0c
0i
#25018468
1t
0s
0r
1y
0c
0i
#25019384
0t
0s
0r
1y
0c
0i
#25020333
1t
0s
0r
1y
0c
0i
#25021248
0t
0s
0r
1y
0c
0i
#25022199
1t
0s
0r
1y
0c
0i
#25023118
0t
0s
0r
1y
0c
0i
#25024074
1t
0s
0r
1y
1c
0i
#25024994
0t
0s
0r
1y
1c
1i
#25025952
1t
0s
0r
1y
1c
1i
#25026875
0t
0s
0r
1y
1c
1i
#25027836
1t
0s
0r
1y
1c
0i
#25028763
0t
0s
0r
1y
1c
0i
#25029726
1t
0s
0r
1y
1c
0i
#25030654
0t
0s
0r
1y
1c
0i
#25031616
1t
0s
0r
1y
1c
0i
#25032541
0t
0s
0r
1y
1c
0i
#25033502
1t
0s
0r
1y
1c
0i
#25034427
0t
0s
0r
1y
1c
0i
#25035387
1t
0s
0r
1y
1c
0i
#25036308
0t
0s
0r
1y
1c
0i
#25037262
1t
0s
0r
1y
1c
0i
#25038178
0t
0s
0r
1y
1c
0i
#25039127
1t
0s
0r
1y
1c
0i
#25040044
0t
0s
0r
1y
1c
0i
#25040990
1t
0s
0r
1y
1c
0i
#25041904
0t
0s
0r
1y
1c
0i
#25042846
1t
0s
0r
1y
1c
0i
#25043756
0t
0s
0r
1y
1c
0i
#25046013
1t
0s
0r
1y
1c
0i
#25047474
0t
0s
0r
1y
1c
0i
#25048405
1t
0s
0r
1y
1c
0i
#25049319
0t
0s
0r
1y
1c
0i
#25050259
1t
0s
0r
1y
1c
0i
#25051174
0t
0s
0r
1y
1c
0i
#25052115
1t
0s
0r
1y
1c
0i
#25053026
0t
0s
0r
1y
1c
0i
#25053969
1t
0s
0r
1y
1c
0i
#25054884
0t
0s
0r
1y
1c
0i
#25055829
1t
0s
0r
1y
1c
0i
#25056746
0t
0s
0r
1y
1c
0i
#25057693
1t
0s
0r
1y
1c
0i
#25058612
0t
0s
0r
1y
1c
1i
#25059562
1t
0s
0r
1y
1c
1i
#25060487
0t
0s
0r
1y
1c
1i
#25061443
1t
0s
0r
1y
1c
0i
#25062370
0t
0s
0r
1y
1c
0i
#25063324
1t
0s
0r
1y
1c
0i
#25064251
0t
0s
0r
1y
1c
0i
#25065205
1t
0s
0r
1y
1c
0i
#25066132
0t
0s
0r
1y
1c
0i
#25067086
1t
0s
0r
1y
1c
0i
#25068012
0t
0s
0r
1y
1c
0i
#25068963
1t
0s
0r
1y
1c
0i
#25069884
0t
0s
0r
1y
1c
0i
#25070834
1t
0s
0r
1y
1c
0i
#25071756
0t
0s
0r
1y
1c
0i
#25072702
1t
0s
0r
1y
1c
0i
#25073622
0t
0s
0r
1y
1c
0i
#25074564
1t
0s
0r
1y
1c
0i
#25075480
0t
0s
0r
1y
1c
0i
#25076422
1t
0s
0r
1y
1c
0i
#25077337
0t
0s
0r
1y
1c
0i
#25078281
1t
0s
0r
1y
1c
0i
#25079195
0t
0s
0r
1y
1c
0i
#25080134
1t
0s
0r
1y
1c
0i
#25081049
0t
0s
0r
1y
1c
0i
#25081993
1t
0s
0r
1y
1c
0i
#25082906
0t
0s
0r
1y
1c
0i
#25083849
1t
0s
0r
1y
1c
0i
#25084761
0t
0s
0r
1y
1c
0i
#25085707
1t
0s
0r
1y
1c
0i
#25086619
0t
0s
0r
1y
1c
0i
#25087567
1t
0s
0r
1y
1c
0i
#25088481
0t
0s
0r
1y
1c
0i
#25089430
1t
0s
0r
1y
1c
0i
#25090343
0t
0s
0r
1y
1c
0i
#25091296
1t
0s
0r
1y
1c
0i
#25092214
0t
0s
0r
1y
1c
1i
#25093170
1t
0s
0r
1y
1c
1i
#25094093
0t
0s
0r
1y
1c
1i
#25095050
1t
0s
0r
1y
1c
0i
#25095974
0t
0s
0r
1y
1c
0i
#25096933
1t
0s
0r
1y
1c
0i
#25097858
0t
0s
0r
1y
1c
0i
#25098818
1t
0s
0r
1y
1c
0i
#25099743
0t
0s
0r
1y
1c
0i
#25100700
1t
0s
0r
1y
1c
0i
#25101622
0t
0s
0r
1y
1c
0i
#25102579
1t
0s
0r
1y
1c
0i
#25103502
0t
0s
0r
1y
1c
0i
#25104459
1t
0s
0r
1y
1c
0i
#25105382
0t
0s
0r
1y
1c
0i
#25106335
1t
0s
0r
1y
1c
0i
#25107254
0t
0s
0r
1y
1c
0i
#25108205
1t
0s
0r
1y
1c
0i
#25109127
0t
0s
0r
1y
1c
0i
#25110078
1t
0s
0r
1y
1c
0i
#25110995
0t
0s
0r
1y
1c
0i
#25113280
1t
0s
0r
1y
1c
0i
#25114739
0t
0s
0r
1y
1c
0i
#25115677
1t
0s
0r
1y
1c
0i
#25116598
0t
0s
0r
1y
1c
0i
#25117542
1t
0s
0r
1y
1c
0i
#25118462
0t
0s
0r
1y
1c
0i
#25119412
1t
0s
0r
1y
1c
0i
#25120329
0t
0s
0r
1y
1c
0i
#25121277
1t
0s
0r
1y
1c
0i
#25122195
0t
0s
0r
1y
1c
0i
#25123146
1t
0s
0r
1y
1c
0i
#25124067
0t
0s
0r
1y
1c
0i
#25125021
1t
0s
0r
1y
0c
0i
#25125947
0t
0s
0r
1y
0c
1i
#25126902
1t
0s
0r
1y
0c
1i
#25127343
1t
0s
1r
1y
0c
1i
#25127346
1t
0s
0r
1y
0c
1i
#25127830
0t
0s
0r
1y
0c
1i
#25128787
1t
0s
0r
1y
0c
0i
#25129718
0t
0s
0r
1y
0c
0i
#25130677
1t
0s
0r
1y
0c
0i
#25131609
0t
0s
0r
1y
0c
0i
#25132567
1t
0s
0r
1y
0c
0i
#25133497
0t
0s
0r
1y
0c
0i
#25134454
1t
0s
0r
1y
0c
0i
#25135384
0t
0s
0r
1y
0c
0i
#25136343
1t
0s
0r
1y
0c
0i
#25137273
0t
0s
0r
1y
0c
0i
#25138229
1t
0s
0r
1y
0c
0i
#25139156
0t
0s
0r
1y
0c
0i
#25140112
1t
0s
0r
1y
0c
0i
#25141041
0t
0s
0r
1y
0c
0i
#25141997
1t
0s
0r
1y
0c
0i
#25142926
0t
0s
0r
1y
0c
0i
#25143880
1t
0s
0r
1y
0c
0i
#25144805
0t
0s
0r
1y
0c
0i
#25145761
1t
0s
0r
1y
0c
0i
#25146687
0t
0s
0r
1y
0c
0i
#25147642
1t
0s
0r
1y
0c
0i
#25148568
0t
0s
0r
1y
0c
0i
#25149523
1t
0s
0r
1y
0c
0i
#25150445
0t
0s
0r
1y
0c
0i
#25151400
1t
0s
0r
1y
0c
0i
#25152324
0t
0s
0r
1y
0c
0i
#25153284
1t
0s
0r
1y
0c
0i
#25154207
0t
0s
0r
1y
0c
0i
#25155164
1t
0s
0r
1y
0c
0i
#25156087
0t
0s
0r
1y
0c
0i
#25157049
1t
0s
0r
1y
0c
0i
#25157976
0t
0s
0r
1y
0c
0i
#25158942
1t
0s
0r
1y
1c
0i
#25159872
0t
0s
0r
1y
1c
1i
#25160838
1t
0s
0r
1y
1c
1i
#25161772
0t
0s
0r
1y
1c
1i
#25162745
1t
0s
0r
1y
1c
0i
#25163684
0t
0s
0r
1y
1c
0i
#25164656
1t
0s
0r
1y
1c
0i
#25165592
0t
0s
0r
1y
1c
0i
#25166564
1t
0s
0r
1y
1c
0i
#25167500
0t
0s
0r
1y
1c
0i
#25168470
1t
0s
0r
1y
1c
0i
#25169406
0t
0s
0r
1y
1c
0i
#25170373
1t
0s
0r
1y
1c
0i
#25171302
0t
0s
0r
1y
1c
0i
#25172263
1t
0s
0r
1y
1c
0i
#25173189
0t
0s
0r
1y
1c
0i
#25174145
1t
0s
0r
1y
1c
0i
#25175067
0t
0s
0r
1y
1c
0i
#25176019
1t
0s
0r
1y
1c
0i
#25176938
0t
0s
0r
1y
1c
0i
#25177885
1t
0s
0r
1y
1c
0i
#25178801
0t
0s
0r
1y
1c
0i
#25181075
1t
0s
0r
1y
1c
0i
#25182543
0t
0s
0r
1y
1c
0i
#25183482
1t
0s
0r
1y
1c
0i
#25184404
0t
0s
0r
1y
1c
0i
#25185352
1t
0s
0r
1y
1c
0i
#25186273
0t
0s
0r
1y
1c
0i
#25187222
1t
0s
0r
1y
1c
0i
#25188140
0t
0s
0r
1y
1c
0i
#25189090
1t
0s
0r
1y
1c
0i
#25190012
0t
0s
0r
1y
1c
0i
#25190966
1t
0s
0r
1y
1c
0i
#25191888
0t
0s
0r
1y
1c
0i
#25192842
1t
0s
0r
1y
1c
0i
#25193769
0t
0s
0r
1y
1c
1i
#25194729
1t
0s
0r
1y
1c
1i
#25195660
0t
0s
0r
1y
1c
1i
#25196622
1t
0s
0r
1y
1c
0i
#25197555
0t
0s
0r
1y
1c
0i
#25198516
1t
0s
0r
1y
1c
0i
#25199451
0t
0s
0r
1y
1c
0i
#25200415
1t
0s
0r
1y
1c
0i
#25201349
0t
0s
0r
1y
1c
0i
#25202309
1t
0s
0r
1y
1c
0i
#25203240
0t
0s
0r
1y
1c
0i
#25204200
1t
0s
0r
1y
1c
0i
#25205132
0t
0s
0r
1y
1c
0i
#25206092
1t
0s
0r
1y
1c
0i
#25207021
0t
0s
0r
1y
1c
0i
#25207977
1t
0s
0r
1y
1c
0i
#25208903
0t
0s
0r
1y
1c
0i
#25209856
1t
0s
0r
1y
1c
0i
#25210782
0t
0s
0r
1y
1c
0i
#25211735
1t
0s
0r
1y
1c
0i
#25212658
0t
0s
0r
1y
1c
0i
#25213609
1t
0s
0r
1y
1c
0i
#25214529
0t
0s
0r
1y
1c
0i
#25215479
1t
0s
0r
1y
1c
0i
#25216399
0t
0s
0r
1y
1c
0i
#25217351
1t
0s
0r
1y
1c
0i
#25218271
0t
0s
0r
1y
1c
0i
#25219221
1t
0s
0r
1y
1c
0i
#25220139
0t
0s
0r
1y
1c
0i
#25221091
1t
0s
0r
1y
1c
0i
#25222010
0t
0s
0r
1y
1c
0i
#25222964
1t
0s
0r
1y
1c
0i
#25223885
0t
0s
0r
1y
1c
0i
#25224841
1t
0s
0r
1y
1c
0i
#25225761
0t
0s
0r
1y
1c
0i
#25226719
1t
0s
0r
1y
1c
0i
#25227645
0t
0s
0r
1y
1c
1i
#25228610
1t
0s
0r
1y
1c
1i
#25229539
0t
0s
0r
1y
1c
1i
#25230506
1t
0s
0r
1y
1c
0i
#25231437
0t
0s
0r
1y
1c
0i
#25232406
1t
0s
0r
1y
1c
0i
#25233339
0t
0s
0r
1y
1c
0i
#25234309
1t
0s
0r
1y
1c
0i
#25235242
0t
0s
0r
1y
1c
0i
#25236208
1t
0s
0r
1y
1c
0i
#25237138
0t
0s
0r
1y
1c
0i
#25238105
1t
0s
0r
1y
1c
0i
#25239038
0t
0s
0r
1y
1c
0i
#25240002
1t
0s
0r
1y
1c
0i
#25240931
0t
0s
0r
1y
1c
0i
#25241891
1t
0s
0r
1y
1c
0i
#25242819
0t
0s
0r
1y
1c
0i
#25243778
1t
0s
0r
1y
1c
0i
#25244705
0t
0s
0r
1y
1c
0i
#25245661
1t
0s
0r
1y
1c
0i
#25246582
0t
0s
0r
1y
1c
0i
#25248870
1t
0s
0r
1y
1c
0i
#25250346
0t
0s
0r
1y
1c
0i
#25251289
1t
0s
0r
1y
1c
0i
#25252214
0t
0s
0r
1y
1c
0i
#25253165
1t
0s
0r
1y
1c
0i
#25254089
0t
0s
0r
1y
1c
0i
#25255046
1t
0s
0r
1y
1c
0i
#25255969
0t
0s
0r
1y
1c
0i
#25256925
1t
0s
0r
1y
1c
0i
#25257849
0t
0s
0r
1y
1c
0i
#25258807
1t
0s
0r
1y
1c
0i
#25259735
0t
0s
0r
1y
1c
0i
#25260698
1t
0s
0r
1y
0c
0i
#25261632
0t
0s
0r
1y
0c
1i
#25262596
1t
0s
0r
1y
0c
1i
#25263000
1t
0s
1r
1y
0c
1i
#25263003
1t
0s
0r
1y
0c
1i
#25263532
0t
0s
0r
1y
0c
1i
#25264498
1t
0s
0r
1y
0c
0i
#25265438
0t
0s
0r
1y
0c
0i
#25266408
1t
0s
0r
1y
0c
0i
#25267348
0t
0s
0r
1y
0c
0i
#25268315
1t
0s
0r
1y
0c
0i
#25269254
0t
0s
0r
1y
0c
0i
#25270221
1t
0s
0r
1y
0c
0i
#25271159
0t
0s
0r
1y
0c
0i
#25272123
1t
0s
0r
1y
0c
0i
#25273056
0t
0s
0r
1y
0c
0i
#25274015
1t
0s
0r
1y
0c
0i
#25274945
0t
0s
0r
1y
0c
0i
#25275903
1t
0s
0r
1y
0c
0i
#25276830
0t
0s
0r
1y
0c
0i
#25277781
1t
0s
0r
1y
0c
0i
#25278702
0t
0s
0r
1y
0c
0i
#25279652
1t
0s
0r
1y
0c
0i
#25280574
0t
0s
0r
1y
0c
0i
#25281525
1t
0s
0r
1y
0c
0i
#25282445
0t
0s
0r
1y
0c
0i
#25283393
1t
0s
0r
1y
0c
0i
#25284312
0t
0s
0r
1y
0c
0i
#25285262
1t
0s
0r
1y
0c
0i
#25286181
0t
0s
0r
1y
0c
0i
#25287133
1t
0s
0r
1y
0c
0i
#25288053
0t
0s
0r
1y
0c
0i
#25289005
1t
0s
0r
1y
0c
0i
#25289923
0t
0s
0r
1y
0c
0i
#25290877
1t
0s
0r
1y
0c
0i
#25291796
0t
0s
0r
1y
0c
0i
#25292755
1t
0s
0r
1y
0c
0i
#25293677
0t
0s
0r
1y
0c
0i
#25294635
1t
0s
0r
1y
1c
0i
#25295560
0t
0s
0r
1y
1c
1i
#25296524
1t
0s
0r
1y
1c
1i
#25297455
0t
0s
0r
1y
1c
1i
#25298421
1t
0s
0r
1y
1c
0i
#25299352
0t
0s
0r
1y
1c
0i
#25300319
1t
0s
0r
1y
1c
0i
#25301251
0t
0s
0r
1y
1c
0i
#25302219
1t
0s
0r
1y
1c
0i
#25303152
0t
0s
0r
1y
1c
0i
#25304117
1t
0s
0r
1y
1c
0i
#25305047
0t
0s
0r
1y
1c
0i
#25306010
1t
0s
0r
1y
1c
0i
#25306939
0t
0s
0r
1y
1c
0i
#25307901
1t
0s
0r
1y
1c
0i
#25308827
0t
0s
0r
1y
1c
0i
#25309785
1t
0s
0r
1y
1c
0i
#25310710
0t
0s
0r
1y
1c
0i
#25311661
1t
0s
0r
1y
1c
0i
#25312583
0t
0s
0r
1y
1c
0i
#25313535
1t
0s
0r
1y
1c
0i
#25314454
0t
0s
0r
1y
1c
0i
#25316746
1t
0s
0r
1y
1c
0i
#25318203
0t
0s
0r
1y
1c
0i
#25319146
1t
0s
0r
1y
1c
0i
#25320068
0t
0s
0r
1y
1c
0i
#25321016
1t
0s
0r
1y
1c
0i
#25321936
0t
0s
0r
1y
1c
0i
#25322886
1t
0s
0r
1y
1c
0i
#25323808
0t
0s
0r
1y
1c
0i
#25324762
1t
0s
0r
1y
1c
0i
#25325684
0t
0s
0r
1y
1c
0i
#25326636
1t
0s
0r
1y
1c
0i
#25327561
0t
0s
0r
1y
1c
0i
#25328518
1t
0s
0r
1y
1c
0i
#25329447
0t
0s
0r
1y
1c
1i
#25330407
1t
0s
0r
1y
1c
1i
#25331337
0t
0s
0r
1y
1c
1i
#25332300
1t
0s
0r
1y
1c
0i
#25333235
0t
0s
0r
1y
1c
0i
#25334199
1t
0s
0r
1y
1c
0i
#25335135
0t
0s
0r
1y
1c
0i
#25336096
1t
0s
0r
1y
1c
0i
#25337025
0t
0s
0r
1y
1c
0i
#25337980
1t
0s
0r
1y
1c
0i
#25338905
0t
0s
0r
1y
1c
0i
#25339853
1t
0s
0r
1y
1c
0i
#25340771
0t
0s
0r
1y
1c
0i
#25341710
1t
0s
0r
1y
1c
0i
#25342620
0t
0s
0r
1y
1c
0i
#25343553
1t
0s
0r
1y
1c
0i
#25344463
0t
0s
0r
1y
1c
0i
#25345395
1t
0s
0r
1y
1c
0i
#25346302
0t
0s
0r
1y
1c
0i
#25347233
1t
0s
0r
1y
1c
0i
#25348138
0t
0s
0r
1y
1c
0i
#25349071
1t
0s
0r
1y
1c
0i
#25349978
0t
0s
0r
1y
1c
0i
#25350914
1t
0s
0r
1y
1c
0i
#25351822
0t
0s
0r
1y
1c
0i
#25352756
1t
0s
0r
1y
1c
0i
#25353663
0t
0s
0r
1y
1c
0i
#25354603
1t
0s
0r
1y
1c
0i
#25355511
0t
0s
0r
1y
1c
0i
#25356450
1t
0s
0r
1y
1c
0i
#25357356
0t
0s
0r
1y
1c
0i
#25358296
1t
0s
0r
1y
1c
0i
#25359204
0t
0s
0r
1y
1c
0i
#25360148
1t
0s
0r
1y
1c
0i
#25361058
0t
0s
0r
1y
1c
0i
#25362002
1t
0s
0r
1y
1c
0i
#25362914
0t
0s
0r
1y
1c
1i
#25363862
1t
0s
0r
1y
1c
1i
#25364778
0t
0s
0r
1y
1c
1i
#25365730
1t
0s
0r
1y
1c
0i
#25366646
0t
0s
0r
1y
1c
0i
#25367597
1t
0s
0r
1y
1c
0i
#25368515
0t
0s
0r
1y
1c
0i
#25369467
1t
0s
0r
1y
1c
0i
#25370384
0t
0s
0r
1y
1c
0i
#25371335
1t
0s
0r
1y
1c
0i
#25372251
0t
0s
0r
1y
1c
0i
#25373200
1t
0s
0r
1y
1c
0i
#25374116
0t
0s
0r
1y
1c
0i
#25375065
1t
0s
0r
1y
1c
0i
#25375979
0t
0s
0r
1y
1c
0i
#25376924
1t
0s
0r
1y
1c
0i
#25377835
0t
0s
0r
1y
1c
0i
#25378778
1t
0s
0r
1y
1c
0i
#25379689
0t
0s
0r
1y
1c
0i
#25380630
1t
0s
0r
1y
1c
0i
#25381537
0t
0s
0r
1y
1c
0i
#25383790
1t
0s
0r
1y
1c
0i
#25385235
0t
0s
0r
1y
1c
0i
#25386162
1t
0s
0r
1y
1c
0i
#25387073
0t
0s
0r
1y
1c
0i
#25388006
1t
0s
0r
1y
1c
0i
#25388913
0t
0s
0r
1y
1c
0i
#25389849
1t
0s
0r
1y
1c
0i
#25390757
0t
0s
0r
1y
1c
0i
#25391696
1t
0s
0r
1y
1c
0i
#25392606
0t
0s
0r
1y
1c
0i
#25393545
1t
0s
0r
1y
1c
0i
#25394454
0t
0s
0r
1y
1c
0i
#25395397
1t
0s
0r
1y
0c
0i
#25396315
0t
0s
0r
1y
0c
1i
#25397259
1t
0s
0r
1y
0c
1i
#25397854
1t
0s
1r
1y
0c
1i
#25397856
1t
0s
0r
1y
0c
1i
#25398177
0t
0s
0r
1y
0c
1i
#25399123
1t
0s
0r
1y
0c
0i
#25400045
0t
0s
0r
1y
0c
0i
#25400993
1t
0s
0r
1y
0c
0i
#25401914
0t
0s
0r
1y
0c
0i
#25402861
1t
0s
0r
1y
0c
0i
#25403780
0t
0s
0r
1y
0c
0i
#25404727
1t
0s
0r
1y
0c
0i
#25405647
0t
0s
0r
1y
0c
0i
#25406595
1t
0s
0r
1y
0c
0i
#25407513
0t
0s
0r
1y
0c
0i
#25408458
1t
0s
0r
1y
0c
0i
#25409374
0t
0s
0r
1y
0c
0i
#25410318
1t
0s
0r
1y
0c
0i
#25411237
0t
0s
0r
1y
0c
0i
#25412180
1t
0s
0r
1y
0c
0i
#25413097
0t
0s
0r
1y
0c
0i
#25414039
1t
0s
0r
1y
0c
0i
#25414953
0t
0s
0r
1y
0c
0i
#25415897
1t
0s
0r
1y
0c
0i
#25416812
0t
0s
0r
1y
0c
0i
#25417755
1t
0s
0r
1y
0c
0i
#25418671
0t
0s
0r
1y
0c
0i
#25419614
1t
0s
0r
1y
0c
0i
#25420526
0t
0s
0r
1y
0c
0i
#25421469
1t
0s
0r
1y
0c
0i
#25422384
0t
0s
0r
1y
0c
0i
#25423332
1t
0s
0r
1y
0c
0i
#25424245
0t
0s
0r
1y
0c
0i
#25425190
1t
0s
0r
1y
0c
0i
#25426106
0t
0s
0r
1y
0c
0i
#25427058
1t
0s
0r
1y
0c
0i
#25427974
0t
0s
0r
1y
0c
0i
#25428926
1t
0s
0r
1y
1c
0i
#25429844
0t
0s
0r
1y
1c
1i
#25430800
1t
0s
0r
1y
1c
1i
#25431724
0t
0s
0r
1y
1c
1i
#25432684
1t
0s
0r
1y
1c
0i
#25433611
0t
0s
0r
1y
1c
0i
#25434570
1t
0s
0r
1y
1c
0i
#25435493
0t
0s
0r
1y
1c
0i
#25436452
1t
0s
0r
1y
1c
0i
#25437377
0t
0s
0r
1y
1c
0i
#25438335
1t
0s
0r
1y
1c
0i
#25439259
0t
0s
0r
1y
1c
0i
#25440214
1t
0s
0r
1y
1c
0i
#25441134
0t
0s
0r
1y
1c
0i
#25442086
1t
0s
0r
1y
1c
0i
#25443005
0t
0s
0r
1y
1c
0i
#25443955
1t
0s
0r
1y
1c
0i
#25444871
0t
0s
0r
1y
1c
0i
#25445815
1t
0s
0r
1y
1c
0i
#25446727
0t
0s
0r
1y
1c
0i
#25447670
1t
0s
0r
1y
1c
0i
#25448580
0t
0s
0r
1y
1c
0i
#25450855
1t
0s
0r
1y
1c
0i
#25452296
0t
0s
0r
1y
1c
0i
#25453227
1t
0s
0r
1y
1c
0i
#25454142
0t
0s
0r
1y
1c
0i
#25455084
1t
0s
0r
1y
1c
0i
#25455997
0t
0s
0r
1y
1c
0i
#25456939
1t
0s
0r
1y
1c
0i
#25457851
0t
0s
0r
1y
1c
0i
#25458794
1t
0s
0r
1y
1c
0i
#25459710
0t
0s
0r
1y
1c
0i
#25460655
1t
0s
0r
1y
1c
0i
#25461570
0t
0s
0r
1y
1c
0i
#25462517
1t
0s
0r
1y
1c
0i
#25463438
0t
0s
0r
1y
1c
1i
#25464390
1t
0s
0r
1y
1c
1i
#25465314
0t
0s
0r
1y
1c
1i
#25466267
1t
0s
0r
1y
1c
0i
#25467193
0t
0s
0r
1y
1c
0i
#25468146
1t
0s
0r
1y
1c
0i
#25469073
0t
0s
0r
1y
1c
0i
#25470028
1t
0s
0r
1y
1c
0i
#25470954
0t
0s
0r
1y
1c
0i
#25471906
1t
0s
0r
1y
1c
0i
#25472830
0t
0s
0r
1y
1c
0i
#25473780
1t
0s
0r
1y
1c
0i
#25474703
0t
0s
0r
1y
1c
0i
#25475653
1t
0s
0r
1y
1c
0i
#25476573
0t
0s
0r
1y
1c
0i
#25477519
1t
0s
0r
1y
1c
0i
#25478436
0t
0s
0r
1y
1c
0i
#25479377
1t
0s
0r
1y
1c
0i
#25480293
0t
0s
0r
1y
1c
0i
#25481235
1t
0s
0r
1y
1c
0i
#25482148
0t
0s
0r
1y
1c
0i
#25483088
1t
0s
0r
1y
1c
0i
#25484000
0t
0s
0r
1y
1c
0i
#25484939
1t
0s
0r
1y
1c
0i
#25485851
0t
0s
0r
1y
1c
0i
#25486794
1t
0s
0r
1y
1c
0i
#25487705
0t
0s
0r
1y
1c
0i
#25488646
1t
0s
0r
1y
1c
0i
#25489556
0t
0s
0r
1y
1c
0i
#25490499
1t
0s
0r
1y
1c
0i
#25491411
0t
0s
0r
1y
1c
0i
#25492357
1t
0s
0r
1y
1c
0i
#25493268
0t
0s
0r
1y
1c
0i
#25494215
1t
0s
0r
1y
1c
0i
#25495127
0t
0s
0r
1y
1c
0i
#25496077
1t
0s
0r
1y
1c
0i
#25496995
0t
0s
0r
1y
1c
1i
#25497948
1t
0s
0r
1y
1c
1i
#25498866
0t
0s
0r
1y
1c
1i
#25499821
1t
0s
0r
1y
1c
0i
#25500744
0t
0s
0r
1y
1c
0i
#25501701
1t
0s
0r
1y
1c
0i
#25502624
0t
0s
0r
1y
1c
0i
#25503580
1t
0s
0r
1y
1c
0i
#25504502
0t
0s
0r
1y
1c
0i
#25505456
1t
0s
0r
1y
1c
0i
#25506377
0t
0s
0r
1y
1c
0i
#25507332
1t
0s
0r
1y
1c
0i
#25508254
0t
0s
0r
1y
1c
0i
#25509209
1t
0s
0r
1y
1c
0i
#25510131
0t
0s
0r
1y
1c
0i
#25511083
1t
0s
0r
1y
1c
0i
#25512003
0t
0s
0r
1y
1c
0i
#25512954
1t
0s
0r
1y
1c
0i
#25513876
0t
0s
0r
1y
1c
0i
#25514829
1t
0s
0r
1y
1c
0i
#25515747
0t
0s
0r
1y
1c
0i
#25518036
1t
0s
0r
1y
1c
0i
#25519492
0t
0s
0r
1y
1c
0i
#25520433
1t
0s
0r
1y
1c
0i
#25521356
0t
0s
0r
1y
1c
0i
#25522301
1t
0s
0r
1y
1c
0i
#25523222
0t
0s
0r
1y
1c
0i
#25524173
1t
0s
0r
1y
1c
0i
#25525094
0t
0s
0r
1y
1c
0i
#25526044
1t
0s
0r
1y
1c
0i
#25526964
0t
0s
0r
1y
1c
0i
#25527918
1t
0s
0r
1y
1c
0i
#25528843
0t
0s
0r
1y
1c
0i
#25529800
1t
0s
0r
1y
0c
1i
#25530730
0t
0s
0r
1y
0c
1i
#25531688
1t
0s
0r
1y
0c
1i
#25532029
1t
0s
1r
1y
0c
1i
#25532032
1t
0s
0r
1y
0c
1i
#25532618
0t
0s
0r
1y
0c
1i
#25533578
1t
0s
0r
1y
0c
0i
#25534514
0t
0s
0r
1y
0c
0i
#25535475
1t
0s
0r
1y
0c
0i
#25536409
0t
0s
0r
1y
0c
0i
#25537368
1t
0s
0r
1y
0c
0i
#25538301
0t
0s
0r
1y
0c
0i
#25539262
1t
0s
0r
1y
0c
0i
#25540193
0t
0s
0r
1y
0c
0i
#25541152
1t
0s
0r
1y
0c
0i
#25542081
0t
0s
0r
1y
0c
0i
#25543037
1t
0s
0r
1y
0c
0i
#25543965
0t
0s
0r
1y
0c
0i
#25544922
1t
0s
0r
1y
0c
0i
#25545851
0t
0s
0r
1y
0c
0i
#25546803
1t
0s
0r
1y
0c
0i
#25547728
0t
0s
0r
1y
0c
0i
#25548680
1t
0s
0r
1y
0c
0i
#25549605
0t
0s
0r
1y
0c
0i
#25550559
1t
0s
0r
1y
0c
0i
#25551483
0t
0s
0r
1y
0c
0i
#25552435
1t
0s
0r
1y
0c
0i
#25553356
0t
0s
0r
1y
0c
0i
#25554310
1t
0s
0r
1y
0c
0i
#25555232
0t
0s
0r
1y
0c
0i
#25556188
1t
0s
0r
1y
0c
0i
#25557110
0t
0s
0r
1y
0c
0i
#25558065
1t
0s
0r
1y
0c
0i
#25558987
0t
0s
0r
1y
0c
0i
#25559943
1t
0s
0r
1y
0c
0i
#25560866
0t
0s
0r
1y
0c
0i
#25561827
1t
0s
0r
1y
0c
0i
#25562752
0t
0s
0r
1y
0c
0i
#25563714
1t
0s
0r
1y
1c
1i
#25564639
0t
0s
0r
1y
1c
1i
#25565604
1t
0s
0r
1y
1c
1i
#25566536
0t
0s
0r
1y
1c
1i
#25567505
1t
0s
0r
1y
1c
0i
#25568439
0t
0s
0r
1y
1c
0i
#25569408
1t
0s
0r
1y
1c
0i
#25570340
0t
0s
0r
1y
1c
0i
#25571309
1t
0s
0r
1y
1c
0i
#25572242
0t
0s
0r
1y
1c
0i
#25573211
1t
0s
0r
1y
1c
0i
#25574144
0t
0s
0r
1y
1c
0i
#25575111
1t
0s
0r
1y
1c
0i
#25576042
0t
0s
0r
1y
1c
0i
#25577008
1t
0s
0r
1y
1c
0i
#25577940
0t
0s
0r
1y
1c
0i
#25578906
1t
0s
0r
1y
1c
0i
#25579838
0t
0s
0r
1y
1c
0i
#25580799
1t
0s
0r
1y
1c
0i
#25581728
0t
0s
0r
1y
1c
0i
#25582689
1t
0s
0r
1y
1c
0i
#25583617
0t
0s
0r
1y
1c
0i
#25585936
1t
0s
0r
1y
1c
0i
#25587404
0t
0s
0r
1y
1c
0i
#25588353
1t
0s
0r
1y
1c
0i
#25589287
0t
0s
0r
1y
1c
0i
#25590245
1t
0s
0r
1y
1c
0i
#25591173
0t
0s
0r
1y
1c
0i
#25592132
1t
0s
0r
1y
1c
0i
#25593062
0t
0s
0r
1y
1c
0i
#25594023
1t
0s
0r
1y
1c
0i
#25594954
0t
0s
0r
1y
1c
0i
#25595916
1t
0s
0r
1y
1c
0i
#25596847
0t
0s
0r
1y
1c
0i
#25597812
1t
0s
0r
1y
1c
0i
#25598747
0t
0s
0r
1y
1c
1i
#25599717
1t
0s
0r
1y
1c
1i
#25600656
0t
0s
0r
1y
1c
1i
#25601626
1t
0s
0r
1y
1c
0i
#25602567
0t
0s
0r
1y
1c
0i
#25603537
1t
0s
0r
1y
1c
0i
#25604480
0t
0s
0r
1y
1c
0i
#25605452
1t
0s
0r
1y
1c
0i
#25606392
0t
0s
0r
1y
1c
0i
#25607361
1t
0s
0r
1y
1c
0i
#25608299
0t
0s
0r
1y
1c
0i
#25609265
1t
0s
0r
1y
1c
0i
#25610203
0t
0s
0r
1y
1c
0i
#25611168
1t
0s
0r
1y
1c
0i
#25612102
0t
0s
0r
1y
1c
0i
#25613063
1t
0s
0r
1y
1c
0i
#25613994
0t
0s
0r
1y
1c
0i
#25614951
1t
0s
0r
1y
1c
0i
#25615880
0t
0s
0r
1y
1c
0i
#25616838
1t
0s
0r
1y
1c
0i
#25617766
0t
0s
0r
1y
1c
0i
#25618722
1t
0s
0r
1y
1c
0i
#25619647
0t
0s
0r
1y
1c
0i
#25620604
1t
0s
0r
1y
1c
0i
#25621532
0t
0s
0r
1y
1c
0i
#25622491
1t
0s
0r
1y
1c
0i
#25623418
0t
0s
0r
1y
1c
0i
#25624376
1t
0s
0r
1y
1c
0i
#25625304
0t
0s
0r
1y
1c
0i
#25626267
1t
0s
0r
1y
1c
0i
#25627194
0t
0s
0r
1y
1c
0i
#25628157
1t
0s
0r
1y
1c
0i
#25629082
0t
0s
0r
1y
1c
0i
#25630048
1t
0s
0r
1y
1c
0i
#25630978
0t
0s
0r
1y
1c
0i
#25631946
1t
0s
0r
1y
1c
1i
#25632878
0t
0s
0r
1y
1c
1i
#25633846
1t
0s
0r
1y
1c
1i
#25634782
0t
0s
0r
1y
1c
1i
#25635757
1t
0s
0r
1y
1c
0i
#25636694
0t
0s
0r
1y
1c
0i
#25637668
1t
0s
0r
1y
1c
0i
#25638604
0t
0s
0r
1y
1c
0i
#25639576
1t
0s
0r
1y
1c
0i
#25640512
0t
0s
0r
1y
1c
0i
#25641483
1t
0s
0r
1y
1c
0i
#25642419
0t
0s
0r
1y
1c
0i
#25643388
1t
0s
0r
1y
1c
0i
#25644320
0t
0s
0r
1y
1c
0i
#25645287
1t
0s
0r
1y
1c
0i
#25646218
0t
0s
0r
1y
1c
0i
#25647181
1t
0s
0r
1y
1c
0i
#25648112
0t
0s
0r
1y
1c
0i
#25649072
1t
0s
0r
1y
1c
0i
#25649998
0t
0s
0r
1y
1c
0i
#25650954
1t
0s
0r
1y
1c
0i
#25651877
0t
0s
0r
1y
1c
0i
#25654172
1t
0s
0r
1y
1c
0i
#25655646
0t
0s
0r
1y
1c
0i
#25656590
1t
0s
0r
1y
1c
0i
#25657517
0t
0s
0r
1y
1c
0i
#25658472
1t
0s
0r
1y
1c
0i
#25659397
0t
0s
0r
1y
1c
0i
#25660351
1t
0s
0r
1y
1c
0i
#25661274
0t
0s
0r
1y
1c
0i
#25662231
1t
0s
0r
1y
1c
0i
#25663158
0t
0s
0r
1y
1c
0i
#25664118
1t
0s
0r
1y
1c
0i
#25665048
0t
0s
0r
1y
1c
0i
#25666008
1t
0s
0r
1y
0c
1i
#25666941
0t
0s
0r
1y
0c
1i
#25667904
1t
0s
0r
1y
0c
1i
#25668362
1t
0s
1r
1y
0c
1i
#25668364
1t
0s
0r
1y
0c
1i
#25668842
0t
0s
0r
1y
0c
1i
#25669811
1t
0s
0r
1y
0c
0i
#25670751
0t
0s
0r
1y
0c
0i
#25671718
1t
0s
0r
1y
0c
0i
#25672658
0t
0s
0r
1y
0c
0i
#25673626
1t
0s
0r
1y
0c
0i
#25674566
0t
0s
0r
1y
0c
0i
#25675535
1t
0s
0r
1y
0c
0i
#25676474
0t
0s
0r
1y
0c
0i
#25677440
1t
0s
0r
1y
0c
0i
#25678377
0t
0s
0r
1y
0c
0i
#25679344
1t
0s
0r
1y
0c
0i
#25680282
0t
0s
0r
1y
0c
0i
#25681246
1t
0s
0r
1y
0c
0i
#25682182
0t
0s
0r
1y
0c
0i
#25683143
1t
0s
0r
1y
0c
0i
#25684079
0t
0s
0r
1y
0c
0i
#25685042
1t
0s
0r
1y
0c
0i
#25685976
0t
0s
0r
1y
0c
0i
#25686939
1t
0s
0r
1y
0c
0i
#25687868
0t
0s
0r
1y
0c
0i
#25688831
1t
0s
0r
1y
0c
0i
#25689764
0t
0s
0r
1y
0c
0i
#25690729
1t
0s
0r
1y
0c
0i
#25691661
0t
0s
0r
1y
0c
0i
#25692625
1t
0s
0r
1y
0c
0i
#25693555
0t
0s
0r
1y
0c
0i
#25694521
1t
0s
0r
1y
0c
0i
#25695454
0t
0s
0r
1y
0c
0i
#25696420
1t
0s
0r
1y
0c
0i
#25697351
0t
0s
0r
1y
0c
0i
#25698321
1t
0s
0r
1y
0c
0i
#25699254
0t
0s
0r
1y
0c
0i
#25700228
1t
0s
0r
1y
1c
1i
#25701166
0t
0s
0r
1y
1c
1i
#25702140
1t
0s
0r
1y
1c
1i
#25703080
0t
0s
0r
1y
1c
1i
#25704058
1t
0s
0r
1y
1c
0i
#25705001
0t
0s
0r
1y
1c
0i
#25705983
1t
0s
0r
1y
1c
0i
#25706925
0t
0s
0r
1y
1c
0i
#25707905
1t
0s
0r
1y
1c
0i
#25708844
0t
0s
0r
1y
1c
0i
#25709819
1t
0s
0r
1y
1c
0i
#25710759
0t
0s
0r
1y
1c
0i
#25711732
1t
0s
0r
1y
1c
0i
#25712666
0t
0s
0r
1y
1c
0i
#25713633
1t
0s
0r
1y
1c
0i
#25714560
0t
0s
0r
1y
1c
0i
#25715520
1t
0s
0r
1y
1c
0i
#25716447
0t
0s
0r
1y
1c
0i
#25717403
1t
0s
0r
1y
1c
0i
#25718328
0t
0s
0r
1y
1c
0i
#25719281
1t
0s
0r
1y
1c
0i
#25720199
0t
0s
0r
1y
1c
0i
#25722482
1t
0s
0r
1y
1c
0i
#25723960
0t
0s
0r
1y
1c
0i
#25724903
1t
0s
0r
1y
1c
0i
#25725829
0t
0s
0r
1y
1c
0i
#25726782
1t
0s
0r
1y
1c
0i
#25727706
0t
0s
0r
1y
1c
0i
#25728659
1t
0s
0r
1y
1c
0i
#25729581
0t
0s
0r
1y
1c
0i
#25730535
1t
0s
0r
1y
1c
0i
#25731460
0t
0s
0r
1y
1c
0i
#25732418
1t
0s
0r
1y
1c
0i
#25733344
0t
0s
0r
1y
1c
0i
#25734302
1t
0s
0r
1y
1c
1i
#25735233
0t
0s
0r
1y
1c
1i
#25736195
1t
0s
0r
1y
1c
1i
#25737130
0t
0s
0r
1y
1c
1i
#25738096
1t
0s
0r
1y
1c
0i
#25739034
0t
0s
0r
1y
1c
0i
#25739999
1t
0s
0r
1y
1c
0i
#25740937
0t
0s
0r
1y
1c
0i
#25741901
1t
0s
0r
1y
1c
0i
#25742837
0t
0s
0r
1y
1c
0i
#25743795
1t
0s
0r
1y
1c
0i
#25744721
0t
0s
0r
1y
1c
0i
#25745669
1t
0s
0r
1y
1c
0i
#25746586
0t
0s
0r
1y
1c
0i
#25747527
1t
0s
0r
1y
1c
0i
#25748440
0t
0s
0r
1y
1c
0i
#25749375
1t
0s
0r
1y
1c
0i
#25750286
0t
0s
0r
1y
1c
0i
#25751217
1t
0s
0r
1y
1c
0i
#25752124
0t
0s
0r
1y
1c
0i
#25753057
1t
0s
0r
1y
1c
0i
#25753964
0t
0s
0r
1y
1c
0i
#25754898
1t
0s
0r
1y
1c
0i
#25755805
0t
0s
0r
1y
1c
0i
#25756739
1t
0s
0r
1y
1c
0i
#25757646
0t
0s
0r
1y
1c
0i
#25758587
1t
0s
0r
1y
1c
0i
#25759494
0t
0s
0r
1y
1c
0i
#25760431
1t
0s
0r
1y
1c
0i
#25761338
0t
0s
0r
1y
1c
0i
#25762278
1t
0s
0r
1y
1c
0i
#25763186
0t
0s
0r
1y
1c
0i
#25764129
1t
0s
0r
1y
1c
0i
#25765038
0t
0s
0r
1y
1c
0i
#25765981
1t
0s
0r
1y
1c
0i
#25766892
0t
0s
0r
1y
1c
0i
#25767839
1t
0s
0r
1y
1c
1i
#25768753
0t
0s
0r
1y
1c
1i
#25769703
1t
0s
0r
1y
1c
1i
#25770618
0t
0s
0r
1y
1c
1i
#25771572
1t
0s
0r
1y
1c
0i
#25772492
0t
0s
0r
1y
1c
0i
#25773448
1t
0s
0r
1y
1c
0i
#25774367
0t
0s
0r
1y
1c
0i
#25775321
1t
0s
0r
1y
1c
0i
#25776239
0t
0s
0r
1y
1c
0i
#25777191
1t
0s
0r
1y
1c
0i
#25778111
0t
0s
0r
1y
1c
0i
#25779066
1t
0s
0r
1y
1c
0i
#25779984
0t
0s
0r
1y
1c
0i
#25780934
1t
0s
0r
1y
1c
0i
#25781850
0t
0s
0r
1y
1c
0i
#25782800
1t
0s
0r
1y
1c
0i
#25783718
0t
0s
0r
1y
1c
0i
#25784666
1t
0s
0r
1y
1c
0i
#25785583
0t
0s
0r
1y
1c
0i
#25786528
1t
0s
0r
1y
1c
0i
#25787440
0t
0s
0r
1y
1c
0i
#25789701
1t
0s
0r
1y
1c
0i
#25791168
0t
0s
0r
1y
1c
0i
#25792101
1t
0s
0r
1y
1c
0i
#25793017
0t
0s
0r
1y
1c
0i
#25793958
1t
0s
0r
1y
1c
0i
#25794872
0t
0s
0r
1y
1c
0i
#25795818
1t
0s
0r
1y
1c
0i
#25796733
0t
0s
0r
1y
1c
0i
#25797676
1t
0s
0r
1y
1c
0i
#25798591
0t
0s
0r
1y
1c
0i
#25799538
1t
0s
0r
1y
1c
0i
#25800457
0t
0s
0r
1y
1c
0i
#25801406
1t
0s
0r
1y
0c
0i
#25802328
0t
0s
0r
1y
0c
1i
#25803279
1t
0s
0r
1y
0c
1i
#25803828
1t
0s
1r
1y
0c
1i
#25803831
1t
0s
0r
1y
0c
1i
#25804205
0t
0s
0r
1y
0c
1i
#25805160
1t
0s
0r
1y
0c
0i
#25806089
0t
0s
0r
1y
0c
0i
#25807044
1t
0s
0r
1y
0c
0i
#25807971
0t
0s
0r
1y
0c
0i
#25808926
1t
0s
0r
1y
0c
0i
#25809854
0t
0s
0r
1y
0c
0i
#25810810
1t
0s
0r
1y
0c
0i
#25811737
0t
0s
0r
1y
0c
0i
#25812689
1t
0s
0r
1y
0c
0i
#25813613
0t
0s
0r
1y
0c
0i
#25814564
1t
0s
0r
1y
0c
0i
#25815487
0t
0s
0r
1y
0c
0i
#25816438
1t
0s
0r
1y
0c
0i
#25817360
0t
0s
0r
1y
0c
0i
#25818305
1t
0s
0r
1y
0c
0i
#25819222
0t
0s
0r
1y
0c
0i
#25820168
1t
0s
0r
1y
0c
0i
#25821085
0t
0s
0r
1y
0c
0i
#25822033
1t
0s
0r
1y
0c
0i
#25822949
0t
0s
0r
1y
0c
0i
#25823893
1t
0s
0r
1y
0c
0i
#25824808
0t
0s
0r
1y
0c
0i
#25825754
1t
0s
0r
1y
0c
0i
#25826669
0t
0s
0r
1y
0c
0i
#25827618
1t
0s
0r
1y
0c
0i
#25828534
0t
0s
0r
1y
0c
0i
#25829482
1t
0s
0r
1y
0c
0i
#25830397
0t
0s
0r
1y
0c
0i
#25831346
1t
0s
0r
1y
0c
0i
#25832264
0t
0s
0r
1y
0c
0i
#25833219
1t
0s
0r
1y
0c
0i
#25834139
0t
0s
0r
1y
0c
0i
#25835093
1t
0s
0r
1y
1c
0i
#25836015
0t
0s
0r
1y
1c
1i
#25836975
1t
0s
0r
1y
1c
1i
#25837903
0t
0s
0r
1y
1c
1i
#25838866
1t
0s
0r
1y
1c
0i
#25839794
0t
0s
0r
1y
1c
0i
#25840757
1t
0s
0r
1y
1c
0i
#25841685
0t
0s
0r
1y
1c
0i
#25842649
1t
0s
0r
1y
1c
0i
#25843577
0t
0s
0r
1y
1c
0i
#25844538
1t
0s
0r
1y
1c
0i
#25845463
0t
0s
0r
1y
1c
0i
#25846421
1t
0s
0r
1y
1c
0i
#25847344
0t
0s
0r
1y
1c
0i
#25848300
1t
0s
0r
1y
1c
0i
#25849221
0t
0s
0r
1y
1c
0i
#25850172
1t
0s
0r
1y
1c
0i
#25851092
0t
0s
0r
1y
1c
0i
#25852037
1t
0s
0r
1y
1c
0i
#25852952
0t
0s
0r
1y
1c
0i
#25853899
1t
0s
0r
1y
1c
0i
#25854812
0t
0s
0r
1y
1c
0i
#25857092
1t
0s
0r
1y
1c
0i
#25858539
0t
0s
0r
1y
1c
0i
#25859475
1t
0s
0r
1y
1c
0i
#25860394
0t
0s
0r
1y
1c
0i
#25861336
1t
0s
0r
1y
1c
0i
#25862250
0t
0s
0r
1y
1c
0i
#25863194
1t
0s
0r
1y
1c
0i
#25864110
0t
0s
0r
1y
1c
0i
#25865057
1t
0s
0r
1y
1c
0i
#25865974
0t
0s
0r
1y
1c
0i
#25866920
1t
0s
0r
1y
1c
0i
#25867838
0t
0s
0r
1y
1c
0i
#25868787
1t
0s
0r
1y
1c
0i
#25869709
0t
0s
0r
1y
1c
1i
#25870664
1t
0s
0r
1y
1c
1i
#25871590
0t
0s
0r
1y
1c
1i
#25872546
1t
0s
0r
1y
1c
0i
#25873473
0t
0s
0r
1y
1c
0i
#25874430
1t
0s
0r
1y
1c
0i
#25875360
0t
0s
0r
1y
1c
0i
#25876318
1t
0s
0r
1y
1c
0i
#25877248
0t
0s
0r
1y
1c
0i
#25878203
1t
0s
0r
1y
1c
0i
#25879131
0t
0s
0r
1y
1c
0i
#25880086
1t
0s
0r
1y
1c
0i
#25881015
0t
0s
0r
1y
1c
0i
#25881972
1t
0s
0r
1y
1c
0i
#25882900
0t
0s
0r
1y
1c
0i
#25883854
1t
0s
0r
1y
1c
0i
#25884781
0t
0s
0r
1y
1c
0i
#25885733
1t
0s
0r
1y
1c
0i
#25886658
0t
0s
0r
1y
1c
0i
#25887611
1t
0s
0r
1y
1c
0i
#25888535
0t
0s
0r
1y
1c
0i
#25889485
1t
0s
0r
1y
1c
0i
#25890406
0t
0s
0r
1y
1c
0i
#25891357
1t
0s
0r
1y
1c
0i
#25892279
0t
0s
0r
1y
1c
0i
#25893229
1t
0s
0r
1y
1c
0i
#25894148
0t
0s
0r
1y
1c
0i
#25895098
1t
0s
0r
1y
1c
0i
#25896018
0t
0s
0r
1y
1c
0i
#25896972
1t
0s
0r
1y
1c
0i
#25897890
0t
0s
0r
1y
1c
0i
#25898844
1t
0s
0r
1y
1c
0i
#25899761
0t
0s
0r
1y
1c
0i
#25900718
1t
0s
0r
1y
1c
0i
#25901641
0t
0s
0r
1y
1c
0i
#25902602
1t
0s
0r
1y
1c
0i
#25903527
0t
0s
0r
1y
1c
1i
#25904491
1t
0s
0r
1y
1c
1i
#25905419
0t
0s
0r
1y
1c
1i
#25906386
1t
0s
0r
1y
1c
0i
#25907318
0t
0s
0r
1y
1c
0i
#25908288
1t
0s
0r
1y
1c
0i
#25909221
0t
0s
0r
1y
1c
0i
#25910187
1t
0s
0r
1y
1c
0i
#25911117
0t
0s
0r
1y
1c
0i
#25912083
1t
0s
0r
1y
1c
0i
#25913014
0t
0s
0r
1y
1c
0i
#25913978
1t
0s
0r
1y
1c
0i
#25914904
0t
0s
0r
1y
1c
0i
#25915863
1t
0s
0r
1y
1c
0i
#25916787
0t
0s
0r
1y
1c
0i
#25917741
1t
0s
0r
1y
1c
0i
#25918662
0t
0s
0r
1y
1c
0i
#25919615
1t
0s
0r
1y
1c
0i
#25920534
0t
0s
0r
1y
1c
0i
#25921482
1t
0s
0r
1y
1c
0i
#25922396
0t
0s
0r
1y
1c
0i
#25924667
1t
0s
0r
1y
1c
0i
#25926134
0t
0s
0r
1y
1c
0i
#25927071
1t
0s
0r
1y
1c
0i
#25927989
0t
0s
0r
1y
1c
0i
#25928935
1t
0s
0r
1y
1c
0i
#25929854
0t
0s
0r
1y
1c
0i
#25930803
1t
0s
0r
1y
1c
0i
#25931721
0t
0s
0r
1y
1c
0i
#25932669
1t
0s
0r
1y
1c
0i
#25933590
0t
0s
0r
1y
1c
0i
#25934543
1t
0s
0r
1y
1c
0i
#25935466
0t
0s
0r
1y
1c
0i
#25936420
1t
0s
0r
1y
0c
0i
#25937345
0t
0s
0r
1y
0c
1i
#25938301
1t
0s
0r
1y
0c
1i
#25938735
1t
0s
1r
1y
0c
1i
#25938737
1t
0s
0r
1y
0c
1i
#25939232
0t
0s
0r
1y
0c
1i
#25940192
1t
0s
0r
1y
0c
0i
#25941125
0t
0s
0r
1y
0c
0i
#25942083
1t
0s
0r
1y
0c
0i
#25943015
0t
0s
0r
1y
0c
0i
#25943974
1t
0s
0r
1y
0c
0i
#25944905
0t
0s
0r
1y
0c
0i
#25945864
1t
0s
0r
1y
0c
0i
#25946793
0t
0s
0r
1y
0c
0i
#25947748
1t
0s
0r
1y
0c
0i
#25948673
0t
0s
0r
1y
0c
0i
#25949625
1t
0s
0r
1y
0c
0i
#25950549
0t
0s
0r
1y
0c
0i
#25951499
1t
0s
0r
1y
0c
0i
#25952422
0t
0s
0r
1y
0c
0i
#25953367
1t
0s
0r
1y
0c
0i
#25954285
0t
0s
0r
1y
0c
0i
#25955230
1t
0s
0r
1y
0c
0i
#25956147
0t
0s
0r
1y
0c
0i
#25957095
1t
0s
0r
1y
0c
0i
#25958012
0t
0s
0r
1y
0c
0i
#25958956
1t
0s
0r
1y
0c
0i
#25959872
0t
0s
0r
1y
0c
0i
#25960819
1t
0s
0r
1y
0c
0i
#25961736
0t
0s
0r
1y
0c
0i
#25962686
1t
0s
0r
1y
0c
0i
#25963604
0t
0s
0r
1y
0c
0i
#25964552
1t
0s
0r
1y
0c
0i
#25965469
0t
0s
0r
1y
0c
0i
#25966422
1t
0s
0r
1y
0c
0i
#25967341
0t
0s
0r
1y
0c
0i
#25968295
1t
0s
0r
1y
0c
0i
#25969214
0t
0s
0r
1y
0c
0i
#25970172
1t
0s
0r
1y
1c
0i
#25971096
0t
0s
0r
1y
1c
1i
#25972058
1t
0s
0r
1y
1c
1i
#25972986
0t
0s
0r
1y
1c
1i
#25973950
1t
0s
0r
1y
1c
0i
#25974879
0t
0s
0r
1y
1c
0i
#25975843
1t
0s
0r
1y
1c
0i
#25976773
0t
0s
0r
1y
1c
0i
#25977740
1t
0s
0r
1y
1c
0i
#25978668
0t
0s
0r
1y
1c
0i
#25979630
1t
0s
0r
1y
1c
0i
#25980557
0t
0s
0r
1y
1c
0i
#25981520
1t
0s
0r
1y
1c
0i
#25982446
0t
0s
0r
1y
1c
0i
#25983406
1t
0s
0r
1y
1c
0i
#25984330
0t
0s
0r
1y
1c
0i
#25985284
1t
0s
0r
1y
1c
0i
#25986206
0t
0s
0r
1y
1c
0i
#25987160
1t
0s
0r
1y
1c
0i
#25988082
0t
0s
0r
1y
1c
0i
#25989032
1t
0s
0r
1y
1c
0i
#25989948
0t
0s
0r
1y
1c
0i
#25992222
1t
0s
0r
1y
1c
0i
#25993692
0t
0s
0r
1y
1c
0i
#25994630
1t
0s
0r
1y
1c
0i
#25995549
0t
0s
0r
1y
1c
0i
#25996495
1t
0s
0r
1y
1c
0i
#25997414
0t
0s
0r
1y
1c
0i
#25998364
1t
0s
0r
1y
1c
0i
#25999281
0t
0s
0r
1y
1c
0i
#26000229
1t
0s
0r
1y
1c
0i
#26001147
0t
0s
0r
1y
1c
0i
#26002098
1t
0s
0r
1y
1c
0i
#26003020
0t
0s
0r
1y
1c
0i
#26003975
1t
0s
0r
1y
1c
0i
#26004902
0t
0s
0r
1y
1c
1i
#26005859
1t
0s
0r
1y
1c
1i
#26006787
0t
0s
0r
1y
1c
1i
#26007749
1t
0s
0r
1y
1c
0i
#26008683
0t
0s
0r
1y
1c
0i
#26009645
1t
0s
0r
1y
1c
0i
#26010581
0t
0s
0r
1y
1c
0i
#26011540
1t
0s
0r
1y
1c
0i
#26012469
0t
0s
0r
1y
1c
0i
#26013420
1t
0s
0r
1y
1c
0i
#26014341
0t
0s
0r
1y
1c
0i
#26015285
1t
0s
0r
1y
1c
0i
#26016198
0t
0s
0r
1y
1c
0i
#26017133
1t
0s
0r
1y
1c
0i
#26018038
0t
0s
0r
1y
1c
0i
#26018968
1t
0s
0r
1y
1c
0i
#26019874
0t
0s
0r
1y
1c
0i
#26020803
1t
0s
0r
1y
1c
0i
#26021707
0t
0s
0r
1y
1c
0i
#26022634
1t
0s
0r
1y
1c
0i
#26023536
0t
0s
0r
1y
1c
0i
#26024466
1t
0s
0r
1y
1c
0i
#26025371
0t
0s
0r
1y
1c
0i
#26026304
1t
0s
0r
1y
1c
0i
#26027209
0t
0s
0r
1y
1c
0i
#26028142
1t
0s
0r
1y
1c
0i
#26029048
0t
0s
0r
1y
1c
0i
#26029986
1t
0s
0r
1y
1c
0i
#26030892
0t
0s
0r
1y
1c
0i
#26031829
1t
0s
0r
1y
1c
0i
#26032733
0t
0s
0r
1y
1c
0i
#26033672
1t
0s
0r
1y
1c
0i
#26034579
0t
0s
0r
1y
1c
0i
#26035521
1t
0s
0r
1y
1c
0i
#26036428
0t
0s
0r
1y
1c
0i
#26037369
1t
0s
0r
1y
1c
0i
#26038279
0t
0s
0r
1y
1c
1i
#26039226
1t
0s
0r
1y
1c
1i
#26040138
0t
0s
0r
1y
1c
1i
#26041087
1t
0s
0r
1y
1c
0i
#26042001
0t
0s
0r
1y
1c
0i
#26042949
1t
0s
0r
1y
1c
0i
#26043865
0t
0s
0r
1y
1c
0i
#26044815
1t
0s
0r
1y
1c
0i
#26045730
0t
0s
0r
1y
1c
0i
#26046677
1t
0s
0r
1y
1c
0i
#26047589
0t
0s
0r
1y
1c
0i
#26048536
1t
0s
0r
1y
1c
0i
#26049450
0t
0s
0r
1y
1c
0i
#26050396
1t
0s
0r
1y
1c
0i
#26051309
0t
0s
0r
1y
1c
0i
#26052251
1t
0s
0r
1y
1c
0i
#26053161
0t
0s
0r
1y
1c
0i
#26054101
1t
0s
0r
1y
1c
0i
#26055012
0t
0s
0r
1y
1c
0i
#26055953
1t
0s
0r
1y
1c
0i
#26056860
0t
0s
0r
1y
1c
0i
#26059116
1t
0s
0r
1y
1c
0i
#26060559
0t
0s
0r
1y
1c
0i
#26061488
1t
0s
0r
1y
1c
0i
#26062399
0t
0s
0r
1y
1c
0i
#26063332
1t
0s
0r
1y
1c
0i
#26064241
0t
0s
0r
1y
1c
0i
#26065178
1t
0s
0r
1y
1c
0i
#26066088
0t
0s
0r
1y
1c
0i
#26067024
1t
0s
0r
1y
1c
0i
#26067932
0t
0s
0r
1y
1c
0i
#26068871
1t
0s
0r
1y
1c
0i
#26069783
0t
0s
0r
1y
1c
0i
#26070726
1t
0s
0r
1y
0c
0i
#26071641
0t
0s
0r
1y
0c
1i
#26072584
1t
0s
0r
1y
0c
1i
#26073130
1t
0s
1r
1y
0c
1i
#26073133
1t
0s
0r
1y
0c
1i
#26073501
0t
0s
0r
1y
0c
1i
#26074445
1t
0s
0r
1y
0c
0i
#26075367
0t
0s
0r
1y
0c
0i
#26076313
1t
0s
0r
1y
0c
0i
#26077234
0t
0s
0r
1y
0c
0i
#26078180
1t
0s
0r
1y
0c
0i
#26079099
0t
0s
0r
1y
0c
0i
#26080044
1t
0s
0r
1y
0c
0i
#26080962
0t
0s
0r
1y
0c
0i
#26081907
1t
0s
0r
1y
0c
0i
#26082826
0t
0s
0r
1y
0c
0i
#26083767
1t
0s
0r
1y
0c
0i
#26084681
0t
0s
0r
1y
0c
0i
#26085621
1t
0s
0r
1y
0c
0i
#26086535
0t
0s
0r
1y
0c
0i
#26087474
1t
0s
0r
1y
0c
0i
#26088387
0t
0s
0r
1y
0c
0i
#26089323
1t
0s
0r
1y
0c
0i
#26090233
0t
0s
0r
1y
0c
0i
#26091170
1t
0s
0r
1y
0c
0i
#26092081
0t
0s
0r
1y
0c
0i
#26093020
1t
0s
0r
1y
0c
0i
#26093930
0t
0s
0r
1y
0c
0i
#26094867
1t
0s
0r
1y
0c
0i
#26095777
0t
0s
0r
1y
0c
0i
#26096718
1t
0s
0r
1y
0c
0i
#26097628
0t
0s
0r
1y
0c
0i
#26098569
1t
0s
0r
1y
0c
0i
#26099477
0t
0s
0r
1y
0c
0i
#26100419
1t
0s
0r
1y
0c
0i
#26101329
0t
0s
0r
1y
0c
0i
#26102275
1t
0s
0r
1y
0c
0i
#26103187
0t
0s
0r
1y
0c
0i
#26104133
1t
0s
0r
1y
1c
0i
#26105047
0t
0s
0r
1y
1c
1i
#26105997
1t
0s
0r
1y
1c
1i
#26106915
0t
0s
0r
1y
1c
1i
#26107869
1t
0s
0r
1y
1c
0i
#26108787
0t
0s
0r
1y
1c
0i
#26109740
1t
0s
0r
1y
1c
0i
#26110658
0t
0s
0r
1y
1c
0i
#26111612
1t
0s
0r
1y
1c
0i
#26112530
0t
0s
0r
1y
1c
0i
#26113480
1t
0s
0r
1y
1c
0i
#26114395
0t
0s
0r
1y
1c
0i
#26115343
1t
0s
0r
1y
1c
0i
#26116257
0t
0s
0r
1y
1c
0i
#26117204
1t
0s
0r
1y
1c
0i
#26118116
0t
0s
0r
1y
1c
0i
#26119058
1t
0s
0r
1y
1c
0i
#26119969
0t
0s
0r
1y
1c
0i
#26120906
1t
0s
0r
1y
1c
0i
#26121815
0t
0s
0r
1y
1c
0i
#26122753
1t
0s
0r
1y
1c
0i
#26123659
0t
0s
0r
1y
1c
0i
#26125914
1t
0s
0r
1y
1c
0i
#26127354
0t
0s
0r
1y
1c
0i
#26128281
1t
0s
0r
1y
1c
0i
#26129192
0t
0s
0r
1y
1c
0i
#26130125
1t
0s
0r
1y
1c
0i
#26131031
0t
0s
0r
1y
1c
0i
#26131967
1t
0s
0r
1y
1c
0i
#26132875
0t
0s
0r
1y
1c
0i
#26133812
1t
0s
0r
1y
1c
0i
#26134720
0t
0s
0r
1y
1c
0i
#26135655
1t
0s
0r
1y
1c
0i
#26136565
0t
0s
0r
1y
1c
0i
#26137506
1t
0s
0r
1y
1c
0i
#26138419
0t
0s
0r
1y
1c
1i
#26139361
1t
0s
0r
1y
1c
1i
#26140275
0t
0s
0r
1y
1c
1i
#26141220
1t
0s
0r
1y
1c
0i
#26142138
0t
0s
0r
1y
1c
0i
#26143085
1t
0s
0r
1y
1c
0i
#26144005
0t
0s
0r
1y
1c
0i
#26144949
1t
0s
0r
1y
1c
0i
#26145866
0t
0s
0r
1y
1c
0i
#26146809
1t
0s
0r
1y
1c
0i
#26147726
0t
0s
0r
1y
1c
0i
#26148669
1t
0s
0r
1y
1c
0i
#26149585
0t
0s
0r
1y
1c
0i
#26150526
1t
0s
0r
1y
1c
0i
#26151438
0t
0s
0r
1y
1c
0i
#26152375
1t
0s
0r
1y
1c
0i
#26153287
0t
0s
0r
1y
1c
0i
#26154222
1t
0s
0r
1y
1c
0i
#26155131
0t
0s
0r
1y
1c
0i
#26156066
1t
0s
0r
1y
1c
0i
#26156974
0t
0s
0r
1y
1c
0i
#26157906
1t
0s
0r
1y
1c
0i
#26158813
0t
0s
0r
1y
1c
0i
#26159748
1t
0s
0r
1y
1c
0i
#26160656
0t
0s
0r
1y
1c
0i
#26161590
1t
0s
0r
1y
1c
0i
#26162495
0t
0s
0r
1y
1c
0i
#26163430
1t
0s
0r
1y
1c
0i
#26164338
0t
0s
0r
1y
1c
0i
#26165277
1t
0s
0r
1y
1c
0i
#26166183
0t
0s
0r
1y
1c
0i
#26167122
1t
0s
0r
1y
1c
0i
#26168027
0t
0s
0r
1y
1c
0i
#26168968
1t
0s
0r
1y
1c
0i
#26169877
0t
0s
0r
1y
1c
0i
#26170824
1t
0s
0r
1y
1c
0i
#26171735
0t
0s
0r
1y
1c
1i
#26172681
1t
0s
0r
1y
1c
1i
#26173596
0t
0s
0r
1y
1c
1i
#26174547
1t
0s
0r
1y
1c
0i
#26175465
0t
0s
0r
1y
1c
0i
#26176416
1t
0s
0r
1y
1c
0i
#26177334
0t
0s
0r
1y
1c
0i
#26178283
1t
0s
0r
1y
1c
0i
#26179200
0t
0s
0r
1y
1c
0i
#26180150
1t
0s
0r
1y
1c
0i
#26181067
0t
0s
0r
1y
1c
0i
#26182015
1t
0s
0r
1y
1c
0i
#26182929
0t
0s
0r
1y
1c
0i
#26183875
1t
0s
0r
1y
1c
0i
#26184789
0t
0s
0r
1y
1c
0i
#26185733
1t
0s
0r
1y
1c
0i
#26186646
0t
0s
0r
1y
1c
0i
#26187588
1t
0s
0r
1y
1c
0i
#26188500
0t
0s
0r
1y
1c
0i
#26189437
1t
0s
0r
1y
1c
0i
#26190344
0t
0s
0r
1y
1c
0i
#26192592
1t
0s
0r
1y
1c
0i
#26194046
0t
0s
0r
1y
1c
0i
#26194973
1t
0s
0r
1y
1c
0i
#26195884
0t
0s
0r
1y
1c
0i
#26196821
1t
0s
0r
1y
1c
0i
#26197731
0t
0s
0r
1y
1c
0i
#26198668
1t
0s
0r
1y
1c
0i
#26199575
0t
0s
0r
1y
1c
0i
#26200514
1t
0s
0r
1y
1c
0i
#26201425
0t
0s
0r
1y
1c
0i
#26202368
1t
0s
0r
1y
1c
0i
#26203280
0t
0s
0r
1y
1c
0i
#26204222
1t
0s
0r
1y
0c
1i
#26205138
0t
0s
0r
1y
0c
1i
#26206082
1t
0s
0r
1y
0c
1i
#26206502
1t
0s
1r
1y
0c
1i
#26206505
1t
0s
0r
1y
0c
1i
#26207002
0t
0s
0r
1y
0c
1i
#26207951
1t
0s
0r
1y
0c
0i
#26208872
0t
0s
0r
1y
0c
0i
#26209819
1t
0s
0r
1y
0c
0i
#26210739
0t
0s
0r
1y
0c
0i
#26211686
1t
0s
0r
1y
0c
0i
#26212607
0t
0s
0r
1y
0c
0i
#26213555
1t
0s
0r
1y
0c
0i
#26214475
0t
0s
0r
1y
0c
0i
#26215421
1t
0s
0r
1y
0c
0i
#26216339
0t
0s
0r
1y
0c
0i
#26217286
1t
0s
0r
1y
0c
0i
#26218206
0t
0s
0r
1y
0c
0i
#26219154
1t
0s
0r
1y
0c
0i
#26220075
0t
0s
0r
1y
0c
0i
#26221020
1t
0s
0r
1y
0c
0i
#26221939
0t
0s
0r
1y
0c
0i
#26222886
1t
0s
0r
1y
0c
0i
#26223806
0t
0s
0r
1y
0c
0i
#26224757
1t
0s
0r
1y
0c
0i
#26225675
0t
0s
0r
1y
0c
0i
#26226622
1t
0s
0r
1y
0c
0i
#26227539
0t
0s
0r
1y
0c
0i
#26228489
1t
0s
0r
1y
0c
0i
#26229409
0t
0s
0r
1y
0c
0i
#26230360
1t
0s
0r
1y
0c
0i
#26231280
0t
0s
0r
1y
0c
0i
#26232231
1t
0s
0r
1y
0c
0i
#26233148
0t
0s
0r
1y
0c
0i
#26234101
1t
0s
0r
1y
0c
0i
#26235022
0t
0s
0r
1y
0c
0i
#26235977
1t
0s
0r
1y
0c
0i
#26236896
0t
0s
0r
1y
0c
0i
#26237855
1t
0s
0r
1y
1c
1i
#26238780
0t
0s
0r
1y
1c
1i
#26239741
1t
0s
0r
1y
1c
1i
#26240669
0t
0s
0r
1y
1c
1i
#26241634
1t
0s
0r
1y
1c
0i
#26242562
0t
0s
0r
1y
1c
0i
#26243525
1t
0s
0r
1y
1c
0i
#26244455
0t
0s
0r
1y
1c
0i
#26245421
1t
0s
0r
1y
1c
0i
#26246349
0t
0s
0r
1y
1c
0i
#26247310
1t
0s
0r
1y
1c
0i
#26248236
0t
0s
0r
1y
1c
0i
#26249196
1t
0s
0r
1y
1c
0i
#26250121
0t
0s
0r
1y
1c
0i
#26251080
1t
0s
0r
1y
1c
0i
#26252003
0t
0s
0r
1y
1c
0i
#26252956
1t
0s
0r
1y
1c
0i
#26253876
0t
0s
0r
1y
1c
0i
#26254826
1t
0s
0r
1y
1c
0i
#26255745
0t
0s
0r
1y
1c
0i
#26256694
1t
0s
0r
1y
1c
0i
#26257609
0t
0s
0r
1y
1c
0i
#26259886
1t
0s
0r
1y
1c
0i
#26261342
0t
0s
0r
1y
1c
0i
#26262280
1t
0s
0r
1y
1c
0i
#26263199
0t
0s
0r
1y
1c
0i
#26264141
1t
0s
0r
1y
1c
0i
#26265058
0t
0s
0r
1y
1c
0i
#26266005
1t
0s
0r
1y
1c
0i
#26266922
0t
0s
0r
1y
1c
0i
#26267868
1t
0s
0r
1y
1c
0i
#26268786
0t
0s
0r
1y
1c
0i
#26269733
1t
0s
0r
1y
1c
0i
#26270653
0t
0s
0r
1y
1c
0i
#26271605
1t
0s
0r
1y
1c
1i
#26272530
0t
0s
0r
1y
1c
1i
#26273484
1t
0s
0r
1y
1c
1i
#26274410
0t
0s
0r
1y
1c
1i
#26275368
1t
0s
0r
1y
1c
0i
#26276299
0t
0s
0r
1y
1c
0i
#26277259
1t
0s
0r
1y
1c
0i
#26278190
0t
0s
0r
1y
1c
0i
#26279149
1t
0s
0r
1y
1c
0i
#26280079
0t
0s
0r
1y
1c
0i
#26281035
1t
0s
0r
1y
1c
0i
#26281966
0t
0s
0r
1y
1c
0i
#26282923
1t
0s
0r
1y
1c
0i
#26283851
0t
0s
0r
1y
1c
0i
#26284805
1t
0s
0r
1y
1c
0i
#26285729
0t
0s
0r
1y
1c
0i
#26286682
1t
0s
0r
1y
1c
0i
#26287607
0t
0s
0r
1y
1c
0i
#26288559
1t
0s
0r
1y
1c
0i
#26289481
0t
0s
0r
1y
1c
0i
#26290429
1t
0s
0r
1y
1c
0i
#26291348
0t
0s
0r
1y
1c
0i
#26292297
1t
0s
0r
1y
1c
0i
#26293218
0t
0s
0r
1y
1c
0i
#26294167
1t
0s
0r
1y
1c
0i
#26295087
0t
0s
0r
1y
1c
0i
#26296036
1t
0s
0r
1y
1c
0i
#26296952
0t
0s
0r
1y
1c
0i
#26297901
1t
0s
0r
1y
1c
0i
#26298819
0t
0s
0r
1y
1c
0i
#26299773
1t
0s
0r
1y
1c
0i
#26300691
0t
0s
0r
1y
1c
0i
#26301641
1t
0s
0r
1y
1c
0i
#26302559
0t
0s
0r
1y
1c
0i
#26303515
1t
0s
0r
1y
1c
0i
#26304436
0t
0s
0r
1y
1c
0i
#26305395
1t
0s
0r
1y
1c
1i
#26306318
0t
0s
0r
1y
1c
1i
#26307279
1t
0s
0r
1y
1c
1i
#26308206
0t
0s
0r
1y
1c
1i
#26309173
1t
0s
0r
1y
1c
0i
#26310105
0t
0s
0r
1y
1c
0i
#26311071
1t
0s
0r
1y
1c
0i
#26312000
0t
0s
0r
1y
1c
0i
#26312966
1t
0s
0r
1y
1c
0i
#26313897
0t
0s
0r
1y
1c
0i
#26314864
1t
0s
0r
1y
1c
0i
#26315795
0t
0s
0r
1y
1c
0i
#26316759
1t
0s
0r
1y
1c
0i
#26317686
0t
0s
0r
1y
1c
0i
#26318649
1t
0s
0r
1y
1c
0i
#26319578
0t
0s
0r
1y
1c
0i
#26320541
1t
0s
0r
1y
1c
0i
#26321468
0t
0s
0r
1y
1c
0i
#26322426
1t
0s
0r
1y
1c
0i
#26323351
0t
0s
0r
1y
1c
0i
#26324308
1t
0s
0r
1y
1c
0i
#26325232
0t
0s
0r
1y
1c
0i
#26327533
1t
0s
0r
1y
1c
0i
#26329001
0t
0s
0r
1y
1c
0i
#26329946
1t
0s
0r
1y
1c
0i
#26330874
0t
0s
0r
1y
1c
0i
#26331827
1t
0s
0r
1y
1c
0i
#26332751
0t
0s
0r
1y
1c
0i
#26333705
1t
0s
0r
1y
1c
0i
#26334630
0t
0s
0r
1y
1c
0i
#26335587
1t
0s
0r
1y
1c
0i
#26336512
0t
0s
0r
1y
0c
0i
#26337469
1t
0s
0r
1y
0c
0i
#26338394
0t
0s
0r
1y
0c
0i
#26339353
1t
0s
0r
1y
0c
1i
#26340284
0t
0s
0r
1y
0c
1i
#26341247
1t
0s
0r
1y
0c
1i
#26341599
1t
0s
1r
1y
0c
1i
#26341602
1t
0s
0r
1y
0c
1i
#26342181
0t
0s
0r
1y
0c
1i
#26343144
1t
0s
0r
1y
0c
0i
#26344079
0t
0s
0r
1y
0c
0i
#26345041
1t
0s
0r
1y
0c
0i
#26345977
0t
0s
0r
1y
0c
0i
#26346938
1t
0s
0r
1y
0c
0i
#26347870
0t
0s
0r
1y
0c
0i
#26348823
1t
0s
0r
1y
0c
0i
#26349746
0t
0s
0r
1y
0c
0i
#26350692
1t
0s
0r
1y
0c
0i
#26351609
0t
0s
0r
1y
0c
0i
#26352549
1t
0s
0r
1y
0c
0i
#26353459
0t
0s
0r
1y
0c
0i
#26354393
1t
0s
0r
1y
0c
0i
#26355300
0t
0s
0r
1y
0c
0i
#26356231
1t
0s
0r
1y
0c
0i
#26357138
0t
0s
0r
1y
0c
0i
#26358071
1t
0s
0r
1y
0c
0i
#26358978
0t
0s
0r
1y
0c
0i
#26359911
1t
0s
0r
1y
0c
0i
#26360816
0t
0s
0r
1y
0c
0i
#26361751
1t
0s
0r
1y
0c
0i
#26362659
0t
0s
0r
1y
0c
0i
#26363598
1t
0s
0r
1y
0c
0i
#26364507
0t
0s
0r
1y
0c
0i
#26365445
1t
0s
0r
1y
0c
0i
#26366352
0t
0s
0r
1y
0c
0i
#26367294
1t
0s
0r
1y
0c
0i
#26368204
0t
0s
0r
1y
0c
0i
#26369145
1t
0s
0r
1y
0c
0i
#26370054
0t
0s
0r
1y
0c
0i
#26370999
1t
0s
0r
1y
0c
0i
#26371911
0t
0s
0r
1y
0c
0i
#26372859
1t
0s
0r
1y
1c
1i
#26373774
0t
0s
0r
1y
1c
1i
#26374725
1t
0s
0r
1y
1c
1i
#26375642
0t
0s
0r
1y
1c
1i
#26376595
1t
0s
0r
1y
1c
0i
#26377516
0t
0s
0r
1y
1c
0i
#26378472
1t
0s
0r
1y
1c
0i
#26379392
0t
0s
0r
1y
1c
0i
#26380346
1t
0s
0r
1y
1c
0i
#26381266
0t
0s
0r
1y
1c
0i
#26382218
1t
0s
0r
1y
1c
0i
#26383136
0t
0s
0r
1y
1c
0i
#26384088
1t
0s
0r
1y
1c
0i
#26385004
0t
0s
0r
1y
1c
0i
#26385951
1t
0s
0r
1y
1c
0i
#26386861
0t
0s
0r
1y
1c
0i
#26387803
1t
0s
0r
1y
1c
0i
#26388713
0t
0s
0r
1y
1c
0i
#26389651
1t
0s
0r
1y
1c
0i
#26390559
0t
0s
0r
1y
1c
0i
#26391493
1t
0s
0r
1y
1c
0i
#26392396
0t
0s
0r
1y
1c
0i
#26394640
1t
0s
0r
1y
1c
0i
#26396083
0t
0s
0r
1y
1c
0i
#26397006
1t
0s
0r
1y
1c
0i
#26397914
0t
0s
0r
1y
1c
0i
#26398848
1t
0s
0r
1y
1c
0i
#26399754
0t
0s
0r
1y
1c
0i
#26400687
1t
0s
0r
1y
1c
0i
#26401591
0t
0s
0r
1y
1c
0i
#26402524
1t
0s
0r
1y
1c
0i
#26403432
0t
0s
0r
1y
1c
0i
#26404369
1t
0s
0r
1y
1c
0i
#26405278
0t
0s
0r
1y
1c
0i
#26406215
1t
0s
0r
1y
1c
0i
#26407128
0t
0s
0r
1y
1c
1i
#26408071
1t
0s
0r
1y
1c
1i
#26408989
0t
0s
0r
1y
1c
1i
#26409932
1t
0s
0r
1y
1c
0i
#26410850
0t
0s
0r
1y
1c
0i
#26411796
1t
0s
0r
1y
1c
0i
#26412716
0t
0s
0r
1y
1c
0i
#26413664
1t
0s
0r
1y
1c
0i
#26414582
0t
0s
0r
1y
1c
0i
#26415526
1t
0s
0r
1y
1c
0i
#26416441
0t
0s
0r
1y
1c
0i
#26417383
1t
0s
0r
1y
1c
0i
#26418300
0t
0s
0r
1y
1c
0i
#26419241
1t
0s
0r
1y
1c
0i
#26420155
0t
0s
0r
1y
1c
0i
#26421092
1t
0s
0r
1y
1c
0i
#26422003
0t
0s
0r
1y
1c
0i
#26422936
1t
0s
0r
1y
1c
0i
#26423845
0t
0s
0r
1y
1c
0i
#26424779
1t
0s
0r
1y
1c
0i
#26425686
0t
0s
0r
1y
1c
0i
#26426618
1t
0s
0r
1y
1c
0i
#26427522
0t
0s
0r
1y
1c
0i
#26428453
1t
0s
0r
1y
1c
0i
#26429359
0t
0s
0r
1y
1c
0i
#26430294
1t
0s
0r
1y
1c
0i
#26431198
0t
0s
0r
1y
1c
0i
#26432132
1t
0s
0r
1y
1c
0i
#26433035
0t
0s
0r
1y
1c
0i
#26433971
1t
0s
0r
1y
1c
0i
#26434876
0t
0s
0r
1y
1c
0i
#26435814
1t
0s
0r
1y
1c
0i
#26436719
0t
0s
0r
1y
1c
0i
#26437658
1t
0s
0r
1y
1c
0i
#26438566
0t
0s
0r
1y
1c
0i
#26439511
1t
0s
0r
1y
1c
1i
#26440422
0t
0s
0r
1y
1c
1i
#26441368
1t
0s
0r
1y
1c
1i
#26442281
0t
0s
0r
1y
1c
1i
#26443231
1t
0s
0r
1y
1c
0i
#26444149
0t
0s
0r
1y
1c
0i
#26445101
1t
0s
0r
1y
1c
0i
#26446019
0t
0s
0r
1y
1c
0i
#26446969
1t
0s
0r
1y
1c
0i
#26447884
0t
0s
0r
1y
1c
0i
#26448832
1t
0s
0r
1y
1c
0i
#26449748
0t
0s
0r
1y
1c
0i
#26450696
1t
0s
0r
1y
1c
0i
#26451609
0t
0s
0r
1y
1c
0i
#26452553
1t
0s
0r
1y
1c
0i
#26453462
0t
0s
0r
1y
1c
0i
#26454402
1t
0s
0r
1y
1c
0i
#26455310
0t
0s
0r
1y
1c
0i
#26456248
1t
0s
0r
1y
1c
0i
#26457154
0t
0s
0r
1y
1c
0i
#26458087
1t
0s
0r
1y
1c
0i
#26458988
0t
0s
0r
1y
1c
0i
#26461221
1t
0s
0r
1y
1c
0i
#26462670
0t
0s
0r
1y
1c
0i
#26463591
1t
0s
0r
1y
1c
0i
#26464497
0t
0s
0r
1y
1c
0i
#26465429
1t
0s
0r
1y
1c
0i
#26466334
0t
0s
0r
1y
1c
0i
#26467266
1t
0s
0r
1y
1c
0i
#26468169
0t
0s
0r
1y
1c
0i
#26469103
1t
0s
0r
1y
1c
0i
#26470010
0t
0s
0r
1y
1c
0i
#26470947
1t
0s
0r
1y
1c
0i
#26471856
0t
0s
0r
1y
1c
0i
#26472794
1t
0s
0r
1y
0c
0i
#26473705
0t
0s
0r
1y
0c
1i
#26474645
1t
0s
0r
1y
0c
1i
#26475156
1t
0s
1r
1y
0c
1i
#26475158
1t
0s
0r
1y
0c
1i
#26475561
0t
0s
0r
1y
0c
1i
#26476506
1t
0s
0r
1y
0c
0i
#26477423
0t
0s
0r
1y
0c
0i
#26478365
1t
0s
0r
1y
0c
0i
#26479283
0t
0s
0r
1y
0c
0i
#26480228
1t
0s
0r
1y
0c
0i
#26481146
0t
0s
0r
1y
0c
0i
#26482088
1t
0s
0r
1y
0c
0i
#26483004
0t
0s
0r
1y
0c
0i
#26483945
1t
0s
0r
1y
0c
0i
#26484860
0t
0s
0r
1y
0c
0i
#26485802
1t
0s
0r
1y
0c
0i
#26486717
0t
0s
0r
1y
0c
0i
#26487655
1t
0s
0r
1y
0c
0i
#26488569
0t
0s
0r
1y
0c
0i
#26489504
1t
0s
0r
1y
0c
0i
#26490416
0t
0s
0r
1y
0c
0i
#26491352
1t
0s
0r
1y
0c
0i
#26492262
0t
0s
0r
1y
0c
0i
#26493199
1t
0s
0r
1y
0c
0i
#26494107
0t
0s
0r
1y
0c
0i
#26495041
1t
0s
0r
1y
0c
0i
#26495949
0t
0s
0r
1y
0c
0i
#26496887
1t
0s
0r
1y
0c
0i
#26497795
0t
0s
0r
1y
0c
0i
#26498732
1t
0s
0r
1y
0c
0i
#26499639
0t
0s
0r
1y
0c
0i
#26500577
1t
0s
0r
1y
0c
0i
#26501485
0t
0s
0r
1y
0c
0i
#26502428
1t
0s
0r
1y
0c
0i
#26503337
0t
0s
0r
1y
0c
0i
#26504280
1t
0s
0r
1y
0c
0i
#26505189
0t
0s
0r
1y
0c
0i
#26506136
1t
0s
0r
1y
1c
0i
#26507050
0t
0s
0r
1y
1c
1i
#26508001
1t
0s
0r
1y
1c
1i
#26508920
0t
0s
0r
1y
1c
1i
#26509873
1t
0s
0r
1y
1c
0i
#26510792
0t
0s
0r
1y
1c
0i
#26511745
1t
0s
0r
1y
1c
0i
#26512666
0t
0s
0r
1y
1c
0i
#26513622
1t
0s
0r
1y
1c
0i
#26514542
0t
0s
0r
1y
1c
0i
#26515493
1t
0s
0r
1y
1c
0i
#26516410
0t
0s
0r
1y
1c
0i
#26517360
1t
0s
0r
1y
1c
0i
#26518275
0t
0s
0r
1y
1c
0i
#26519223
1t
0s
0r
1y
1c
0i
#26520136
0t
0s
0r
1y
1c
0i
#26521075
1t
0s
0r
1y
1c
0i
#26521984
0t
0s
0r
1y
1c
0i
#26522921
1t
0s
0r
1y
1c
0i
#26523829
0t
0s
0r
1y
1c
0i
#26524765
1t
0s
0r
1y
1c
0i
#26525668
0t
0s
0r
1y
1c
0i
#26527913
1t
0s
0r
1y
1c
0i
#26529353
0t
0s
0r
1y
1c
0i
#26530276
1t
0s
0r
1y
1c
0i
#26531183
0t
0s
0r
1y
1c
0i
#26532113
1t
0s
0r
1y
1c
0i
#26533019
0t
0s
0r
1y
1c
0i
#26533954
1t
0s
0r
1y
1c
0i
#26534858
0t
0s
0r
1y
1c
0i
#26535791
1t
0s
0r
1y
1c
0i
#26536696
0t
0s
0r
1y
1c
0i
#26537632
1t
0s
0r
1y
1c
0i
#26538540
0t
0s
0r
1y
1c
0i
#26539480
1t
0s
0r
1y
1c
0i
#26540392
0t
0s
0r
1y
1c
1i
#26541333
1t
0s
0r
1y
1c
1i
#26542246
0t
0s
0r
1y
1c
1i
#26543192
1t
0s
0r
1y
1c
0i
#26544111
0t
0s
0r
1y
1c
0i
#26545058
1t
0s
0r
1y
1c
0i
#26545977
0t
0s
0r
1y
1c
0i
#26546922
1t
0s
0r
1y
1c
0i
#26547840
0t
0s
0r
1y
1c
0i
#26548784
1t
0s
0r
1y
1c
0i
#26549703
0t
0s
0r
1y
1c
0i
#26550649
1t
0s
0r
1y
1c
0i
#26551567
0t
0s
0r
1y
1c
0i
#26552510
1t
0s
0r
1y
1c
0i
#26553425
0t
0s
0r
1y
1c
0i
#26554368
1t
0s
0r
1y
1c
0i
#26555285
0t
0s
0r
1y
1c
0i
#26556226
1t
0s
0r
1y
1c
0i
#26557141
0t
0s
0r
1y
1c
0i
#26558079
1t
0s
0r
1y
1c
0i
#26558990
0t
0s
0r
1y
1c
0i
#26559929
1t
0s
0r
1y
1c
0i
#26560840
0t
0s
0r
1y
1c
0i
#26561779
1t
0s
0r
1y
1c
0i
#26562690
0t
0s
0r
1y
1c
0i
#26563628
1t
0s
0r
1y
1c
0i
#26564535
0t
0s
0r
1y
1c
0i
#26565473
1t
0s
0r
1y
1c
0i
#26566382
0t
0s
0r
1y
1c
0i
#26567323
1t
0s
0r
1y
1c
0i
#26568231
0t
0s
0r
1y
1c
0i
#26569171
1t
0s
0r
1y
1c
0i
#26570078
0t
0s
0r
1y
1c
0i
#26571021
1t
0s
0r
1y
1c
0i
#26571931
0t
0s
0r
1y
1c
0i
#26572879
1t
0s
0r
1y
1c
0i
#26573794
0t
0s
0r
1y
1c
1i
#26574743
1t
0s
0r
1y
1c
1i
#26575659
0t
0s
0r
1y
1c
1i
#26576614
1t
0s
0r
1y
1c
0i
#26577537
0t
0s
0r
1y
1c
0i
#26578492
1t
0s
0r
1y
1c
0i
#26579413
0t
0s
0r
1y
1c
0i
#26580368
1t
0s
0r
1y
1c
0i
#26581289
0t
0s
0r
1y
1c
0i
#26582244
1t
0s
0r
1y
1c
0i
#26583165
0t
0s
0r
1y
1c
0i
#26584119
1t
0s
0r
1y
1c
0i
#26585037
0t
0s
0r
1y
1c
0i
#26585990
1t
0s
0r
1y
1c
0i
#26586910
0t
0s
0r
1y
1c
0i
#26587863
1t
0s
0r
1y
1c
0i
#26588781
0t
0s
0r
1y
1c
0i
#26589729
1t
0s
0r
1y
1c
0i
#26590646
0t
0s
0r
1y
1c
0i
#26591594
1t
0s
0r
1y
1c
0i
#26592509
0t
0s
0r
1y
1c
0i
#26594793
1t
0s
0r
1y
1c
0i
#26596241
0t
0s
0r
1y
1c
0i
#26597176
1t
0s
0r
1y
1c
0i
#26598095
0t
0s
0r
1y
1c
0i
#26599040
1t
0s
0r
1y
1c
0i
#26599957
0t
0s
0r
1y
1c
0i
#26600902
1t
0s
0r
1y
1c
0i
#26601817
0t
0s
0r
1y
1c
0i
#26602764
1t
0s
0r
1y
1c
0i
#26603683
0t
0s
0r
1y
1c
0i
#26604633
1t
0s
0r
1y
1c
0i
#26605552
0t
0s
0r
1y
1c
0i
#26606501
1t
0s
0r
1y
0c
1i
#26607426
0t
0s
0r
1y
0c
1i
#26608381
1t
0s
0r
1y
0c
1i
#26608716
1t
0s
1r
1y
0c
1i
#26608719
1t
0s
0r
1y
0c
1i
#26609308
0t
0s
0r
1y
0c
1i
#26610263
1t
0s
0r
1y
0c
0i
#26611191
0t
0s
0r
1y
0c
0i
#26612147
1t
0s
0r
1y
0c
0i
#26613076
0t
0s
0r
1y
0c
0i
#26614034
1t
0s
0r
1y
0c
0i
#26614962
0t
0s
0r
1y
0c
0i
#26615915
1t
0s
0r
1y
0c
0i
#26616840
0t
0s
0r
1y
0c
0i
#26617792
1t
0s
0r
1y
0c
0i
#26618717
0t
0s
0r
1y
0c
0i
#26619667
1t
0s
0r
1y
0c
0i
#26620589
0t
0s
0r
1y
0c
0i
#26621536
1t
0s
0r
1y
0c
0i
#26622456
0t
0s
0r
1y
0c
0i
#26623399
1t
0s
0r
1y
0c
0i
#26624318
0t
0s
0r
1y
0c
0i
#26625263
1t
0s
0r
1y
0c
0i
#26626181
0t
0s
0r
1y
0c
0i
#26627126
1t
0s
0r
1y
0c
0i
#26628041
0t
0s
0r
1y
0c
0i
#26628985
1t
0s
0r
1y
0c
0i
#26629902
0t
0s
0r
1y
0c
0i
#26630850
1t
0s
0r
1y
0c
0i
#26631766
0t
0s
0r
1y
0c
0i
#26632712
1t
0s
0r
1y
0c
0i
#26633627
0t
0s
0r
1y
0c
0i
#26634576
1t
0s
0r
1y
0c
0i
#26635492
0t
0s
0r
1y
0c
0i
#26636443
1t
0s
0r
1y
0c
0i
#26637360
0t
0s
0r
1y
0c
0i
#26638312
1t
0s
0r
1y
0c
0i
#26639229
0t
0s
0r
1y
0c
0i
#26640184
1t
0s
0r
1y
1c
1i
#26641107
0t
0s
0r
1y
1c
1i
#26642065
1t
0s
0r
1y
1c
1i
#26642988
0t
0s
0r
1y
1c
1i
#26643948
1t
0s
0r
1y
1c
0i
#26644875
0t
0s
0r
1y
1c
0i
#26645838
1t
0s
0r
1y
1c
0i
#26646764
0t
0s
0r
1y
1c
0i
#26647725
1t
0s
0r
1y
1c
0i
#26648649
0t
0s
0r
1y
1c
0i
#26649608
1t
0s
0r
1y
1c
0i
#26650533
0t
0s
0r
1y
1c
0i
#26651493
1t
0s
0r
1y
1c
0i
#26652417
0t
0s
0r
1y
1c
0i
#26653375
1t
0s
0r
1y
1c
0i
#26654297
0t
0s
0r
1y
1c
0i
#26655250
1t
0s
0r
1y
1c
0i
#26656172
0t
0s
0r
1y
1c
0i
#26657123
1t
0s
0r
1y
1c
0i
#26658046
0t
0s
0r
1y
1c
0i
#26658996
1t
0s
0r
1y
1c
0i
#26659913
0t
0s
0r
1y
1c
0i
#26662188
1t
0s
0r
1y
1c
0i
#26663658
0t
0s
0r
1y
1c
0i
#26664597
1t
0s
0r
1y
1c
0i
#26665516
0t
0s
0r
1y
1c
0i
#26666464
1t
0s
0r
1y
1c
0i
#26667384
0t
0s
0r
1y
1c
0i
#26668335
1t
0s
0r
1y
1c
0i
#26669255
0t
0s
0r
1y
1c
0i
#26670204
1t
0s
0r
1y
1c
0i
#26671124
0t
0s
0r
1y
1c
0i
#26672076
1t
0s
0r
1y
1c
0i
#26673000
0t
0s
0r
1y
1c
0i
#26673955
1t
0s
0r
1y
1c
0i
#26674881
0t
0s
0r
1y
1c
1i
#26675839
1t
0s
0r
1y
1c
1i
#26676770
0t
0s
0r
1y
1c
1i
#26677732
1t
0s
0r
1y
1c
0i
#26678666
0t
0s
0r
1y
1c
0i
#26679626
1t
0s
0r
1y
1c
0i
#26680558
0t
0s
0r
1y
1c
0i
#26681516
1t
0s
0r
1y
1c
0i
#26682446
0t
0s
0r
1y
1c
0i
#26683399
1t
0s
0r
1y
1c
0i
#26684322
0t
0s
0r
1y
1c
0i
#26685264
1t
0s
0r
1y
1c
0i
#26686176
0t
0s
0r
1y
1c
0i
#26687113
1t
0s
0r
1y
1c
0i
#26688022
0t
0s
0r
1y
1c
0i
#26688954
1t
0s
0r
1y
1c
0i
#26689861
0t
0s
0r
1y
1c
0i
#26690788
1t
0s
0r
1y
1c
0i
#26691691
0t
0s
0r
1y
1c
0i
#26692620
1t
0s
0r
1y
1c
0i
#26693524
0t
0s
0r
1y
1c
0i
#26694456
1t
0s
0r
1y
1c
0i
#26695361
0t
0s
0r
1y
1c
0i
#26696292
1t
0s
0r
1y
1c
0i
#26697195
0t
0s
0r
1y
1c
0i
#26698130
1t
0s
0r
1y
1c
0i
#26699036
0t
0s
0r
1y
1c
0i
#26699973
1t
0s
0r
1y
1c
0i
#26700879
0t
0s
0r
1y
1c
0i
#26701816
1t
0s
0r
1y
1c
0i
#26702720
0t
0s
0r
1y
1c
0i
#26703659
1t
0s
0r
1y
1c
0i
#26704566
0t
0s
0r
1y
1c
0i
#26705507
1t
0s
0r
1y
1c
0i
#26706415
0t
0s
0r
1y
1c
0i
#26707357
1t
0s
0r
1y
1c
0i
#26708267
0t
0s
0r
1y
1c
1i
#26709215
1t
0s
0r
1y
1c
1i
#26710129
0t
0s
0r
1y
1c
1i
#26711079
1t
0s
0r
1y
1c
0i
#26711995
0t
0s
0r
1y
1c
0i
#26712944
1t
0s
0r
1y
1c
0i
#26713861
0t
0s
0r
1y
1c
0i
#26714813
1t
0s
0r
1y
1c
0i
#26715731
0t
0s
0r
1y
1c
0i
#26716681
1t
0s
0r
1y
1c
0i
#26717597
0t
0s
0r
1y
1c
0i
#26718544
1t
0s
0r
1y
1c
0i
#26719461
0t
0s
0r
1y
1c
0i
#26720409
1t
0s
0r
1y
1c
0i
#26721325
0t
0s
0r
1y
1c
0i
#26722269
1t
0s
0r
1y
1c
0i
#26723183
0t
0s
0r
1y
1c
0i
#26724124
1t
0s
0r
1y
1c
0i
#26725038
0t
0s
0r
1y
1c
0i
#26725982
1t
0s
0r
1y
1c
0i
#26726890
0t
0s
0r
1y
1c
0i
#26729152
1t
0s
0r
1y
1c
0i
#26730598
0t
0s
0r
1y
1c
0i
#26731528
1t
0s
0r
1y
1c
0i
#26732441
0t
0s
0r
1y
1c
0i
#26733376
1t
0s
0r
1y
1c
0i
#26734287
0t
0s
0r
1y
1c
0i
#26735227
1t
0s
0r
1y
1c
0i
#26736137
0t
0s
0r
1y
1c
0i
#26737075
1t
0s
0r
1y
1c
0i
#26737984
0t
0s
0r
1y
1c
0i
#26738925
1t
0s
0r
1y
1c
0i
#26739837
0t
0s
0r
1y
1c
0i
#26740782
1t
0s
0r
1y
0c
0i
#26741698
0t
0s
0r
1y
0c
1i
#26742643
1t
0s
0r
1y
0c
1i
#26743157
1t
0s
1r
1y
0c
1i
#26743159
1t
0s
0r
1y
0c
1i
#26743561
0t
0s
0r
1y
0c
1i
#26744507
1t
0s
0r
1y
0c
0i
#26745429
0t
0s
0r
1y
0c
0i
#26746377
1t
0s
0r
1y
0c
0i
#26747298
0t
0s
0r
1y
0c
0i
#26748244
1t
0s
0r
1y
0c
0i
#26749164
0t
0s
0r
1y
0c
0i
#26750110
1t
0s
0r
1y
0c
0i
#26751029
0t
0s
0r
1y
0c
0i
#26751972
1t
0s
0r
1y
0c
0i
#26752887
0t
0s
0r
1y
0c
0i
#26753825
1t
0s
0r
1y
0c
0i
#26754738
0t
0s
0r
1y
0c
0i
#26755674
1t
0s
0r
1y
0c
0i
#26756585
0t
0s
0r
1y
0c
0i
#26757519
1t
0s
0r
1y
0c
0i
#26758426
0t
0s
0r
1y
0c
0i
#26759357
1t
0s
0r
1y
0c
0i
#26760263
0t
0s
0r
1y
0c
0i
#26761197
1t
0s
0r
1y
0c
0i
#26762103
0t
0s
0r
1y
0c
0i
#26763035
1t
0s
0r
1y
0c
0i
#26763939
0t
0s
0r
1y
0c
0i
#26764873
1t
0s
0r
1y
0c
0i
#26765778
0t
0s
0r
1y
0c
0i
#26766715
1t
0s
0r
1y
0c
0i
#26767621
0t
0s
0r
1y
0c
0i
#26768557
1t
0s
0r
1y
0c
0i
#26769461
0t
0s
0r
1y
0c
0i
#26770398
1t
0s
0r
1y
0c
0i
#26771304
0t
0s
0r
1y
0c
0i
#26772246
1t
0s
0r
1y
0c
0i
#26773153
0t
0s
0r
1y
0c
0i
#26774094
1t
0s
0r
1y
1c
0i
#26775005
0t
0s
0r
1y
1c
1i
#26775951
1t
0s
0r
1y
1c
1i
#26776866
0t
0s
0r
1y
1c
1i
#26777814
1t
0s
0r
1y
1c
0i
#26778729
0t
0s
0r
1y
1c
0i
#26779677
1t
0s
0r
1y
1c
0i
#26780594
0t
0s
0r
1y
1c
0i
#26781544
1t
0s
0r
1y
1c
0i
#26782459
0t
0s
0r
1y
1c
0i
#26783406
1t
0s
0r
1y
1c
0i
#26784320
0t
0s
0r
1y
1c
0i
#26785265
1t
0s
0r
1y
1c
0i
#26786177
0t
0s
0r
1y
1c
0i
#26787122
1t
0s
0r
1y
1c
0i
#26788034
0t
0s
0r
1y
1c
0i
#26788973
1t
0s
0r
1y
1c
0i
#26789881
0t
0s
0r
1y
1c
0i
#26790817
1t
0s
0r
1y
1c
0i
#26791724
0t
0s
0r
1y
1c
0i
#26792660
1t
0s
0r
1y
1c
0i
#26793565
0t
0s
0r
1y
1c
0i
#26795811
1t
0s
0r
1y
1c
0i
#26797253
0t
0s
0r
1y
1c
0i
#26798179
1t
0s
0r
1y
1c
0i
#26799088
0t
0s
0r
1y
1c
0i
#26800020
1t
0s
0r
1y
1c
0i
#26800925
0t
0s
0r
1y
1c
0i
#26801860
1t
0s
0r
1y
1c
0i
#26802767
0t
0s
0r
1y
1c
0i
#26803701
1t
0s
0r
1y
1c
0i
#26804608
0t
0s
0r
1y
1c
0i
#26805543
1t
0s
0r
1y
1c
0i
#26806451
0t
0s
0r
1y
1c
0i
#26807391
1t
0s
0r
1y
1c
0i
#26808303
0t
0s
0r
1y
1c
1i
#26809244
1t
0s
0r
1y
1c
1i
#26810158
0t
0s
0r
1y
1c
1i
#26811101
1t
0s
0r
1y
1c
0i
#26812019
0t
0s
0r
1y
1c
0i
#26812964
1t
0s
0r
1y
1c
0i
#26813883
0t
0s
0r
1y
1c
0i
#26814827
1t
0s
0r
1y
1c
0i
#26815744
0t
0s
0r
1y
1c
0i
#26816686
1t
0s
0r
1y
1c
0i
#26817603
0t
0s
0r
1y
1c
0i
#26818547
1t
0s
0r
1y
1c
0i
#26819462
0t
0s
0r
1y
1c
0i
#26820403
1t
0s
0r
1y
1c
0i
#26821316
0t
0s
0r
1y
1c
0i
#26822255
1t
0s
0r
1y
1c
0i
#26823168
0t
0s
0r
1y
1c
0i
#26824104
1t
0s
0r
1y
1c
0i
#26825015
0t
0s
0r
1y
1c
0i
#26825950
1t
0s
0r
1y
1c
0i
#26826855
0t
0s
0r
1y
1c
0i
#26827790
1t
0s
0r
1y
1c
0i
#26828699
0t
0s
0r
1y
1c
0i
#26829632
1t
0s
0r
1y
1c
0i
#26830537
0t
0s
0r
1y
1c
0i
#26831470
1t
0s
0r
1y
1c
0i
#26832375
0t
0s
0r
1y
1c
0i
#26833311
1t
0s
0r
1y
1c
0i
#26834216
0t
0s
0r
1y
1c
0i
#26835151
1t
0s
0r
1y
1c
0i
#26836053
0t
0s
0r
1y
1c
0i
#26836989
1t
0s
0r
1y
1c
0i
#26837894
0t
0s
0r
1y
1c
0i
#26838834
1t
0s
0r
1y
1c
0i
#26839740
0t
0s
0r
1y
1c
0i
#26840681
1t
0s
0r
1y
1c
0i
#26841588
0t
0s
0r
1y
1c
1i
#26842531
1t
0s
0r
1y
1c
1i
#26843443
0t
0s
0r
1y
1c
1i
#26844392
1t
0s
0r
1y
1c
0i
#26845307
0t
0s
0r
1y
1c
0i
#26846254
1t
0s
0r
1y
1c
0i
#26847167
0t
0s
0r
1y
1c
0i
#26848115
1t
0s
0r
1y
1c
0i
#26849030
0t
0s
0r
1y
1c
0i
#26849978
1t
0s
0r
1y
1c
0i
#26850892
0t
0s
0r
1y
1c
0i
#26851839
1t
0s
0r
1y
1c
0i
#26852752
0t
0s
0r
1y
1c
0i
#26853698
1t
0s
0r
1y
1c
0i
#26854613
0t
0s
0r
1y
1c
0i
#26855560
1t
0s
0r
1y
1c
0i
#26856474
0t
0s
0r
1y
1c
0i
#26857417
1t
0s
0r
1y
1c
0i
#26858330
0t
0s
0r
1y
1c
0i
#26859273
1t
0s
0r
1y
1c
0i
#26860184
0t
0s
0r
1y
1c
0i
#26862454
1t
0s
0r
1y
1c
0i
#26863902
0t
0s
0r
1y
1c
0i
#26864834
1t
0s
0r
1y
1c
0i
#26865749
0t
0s
0r
1y
1c
0i
#26866690
1t
0s
0r
1y
1c
0i
#26867604
0t
0s
0r
1y
1c
0i
#26868545
1t
0s
0r
1y
1c
0i
#26869457
0t
0s
0r
1y
1c
0i
#26870400
1t
0s
0r
1y
1c
0i
#26871316
0t
0s
0r
1y
1c
0i
#26872260
1t
0s
0r
1y
1c
0i
#26873175
0t
0s
0r
1y
1c
0i
#26874121
1t
0s
0r
1y
0c
0i
#26875042
0t
0s
0r
1y
0c
1i
#26875992
1t
0s
0r
1y
0c
1i
#26876347
1t
0s
1r
1y
0c
1i
#26876349
1t
0s
0r
1y
0c
1i
#26876916
0t
0s
0r
1y
0c
1i
#26877866
1t
0s
0r
1y
0c
0i
#26878790
0t
0s
0r
1y
0c
0i
#26879741
1t
0s
0r
1y
0c
0i
#26880666
0t
0s
0r
1y
0c
0i
#26881618
1t
0s
0r
1y
0c
0i
#26882543
0t
0s
0r
1y
0c
0i
#26883493
1t
0s
0r
1y
0c
0i
#26884415
0t
0s
0r
1y
0c
0i
#26885366
1t
0s
0r
1y
0c
0i
#26886290
0t
0s
0r
1y
0c
0i
#26887244
1t
0s
0r
1y
0c
0i
#26888168
0t
0s
0r
1y
0c
0i
#26889120
1t
0s
0r
1y
0c
0i
#26890045
0t
0s
0r
1y
0c
0i
#26890997
1t
0s
0r
1y
0c
0i
#26891925
0t
0s
0r
1y
0c
0i
#26892882
1t
0s
0r
1y
0c
0i
#26893807
0t
0s
0r
1y
0c
0i
#26894763
1t
0s
0r
1y
0c
0i
#26895688
0t
0s
0r
1y
0c
0i
#26896644
1t
0s
0r
1y
0c
0i
#26897571
0t
0s
0r
1y
0c
0i
#26898530
1t
0s
0r
1y
0c
0i
#26899456
0t
0s
0r
1y
0c
0i
#26900413
1t
0s
0r
1y
0c
0i
#26901337
0t
0s
0r
1y
0c
0i
#26902295
1t
0s
0r
1y
0c
0i
#26903220
0t
0s
0r
1y
0c
0i
#26904181
1t
0s
0r
1y
0c
0i
#26905107
0t
0s
0r
1y
0c
0i
#26906069
1t
0s
0r
1y
0c
0i
#26906994
0t
0s
0r
1y
0c
0i
#26907959
1t
0s
0r
1y
1c
0i
#26908890
0t
0s
0r
1y
1c
1i
#26909859
1t
0s
0r
1y
1c
1i
#26910792
0t
0s
0r
1y
1c
1i
#26911761
1t
0s
0r
1y
1c
0i
#26912697
0t
0s
0r
1y
1c
0i
#26913670
1t
0s
0r
1y
1c
0i
#26914605
0t
0s
0r
1y
1c
0i
#26915578
1t
0s
0r
1y
1c
0i
#26916514
0t
0s
0r
1y
1c
0i
#26917482
1t
0s
0r
1y
1c
0i
#26918415
0t
0s
0r
1y
1c
0i
#26919385
1t
0s
0r
1y
1c
0i
#26920318
0t
0s
0r
1y
1c
0i
#26921287
1t
0s
0r
1y
1c
0i
#26922219
0t
0s
0r
1y
1c
0i
#26923182
1t
0s
0r
1y
1c
0i
#26924111
0t
0s
0r
1y
1c
0i
#26925071
1t
0s
0r
1y
1c
0i
#26926000
0t
0s
0r
1y
1c
0i
#26926962
1t
0s
0r
1y
1c
0i
#26927887
0t
0s
0r
1y
1c
0i
#26930199
1t
0s
0r
1y
1c
0i
#26931668
0t
0s
0r
1y
1c
0i
#26932616
1t
0s
0r
1y
1c
0i
#26933546
0t
0s
0r
1y
1c
0i
#26934502
1t
0s
0r
1y
1c
0i
#26935431
0t
0s
0r
1y
1c
0i
#26936391
1t
0s
0r
1y
1c
0i
#26937320
0t
0s
0r
1y
1c
0i
#26938280
1t
0s
0r
1y
1c
0i
#26939208
0t
0s
0r
1y
1c
0i
#26940169
1t
0s
0r
1y
1c
0i
#26941102
0t
0s
0r
1y
1c
0i
#26942067
1t
0s
0r
1y
1c
0i
#26943002
0t
0s
0r
1y
1c
1i
#26943969
1t
0s
0r
1y
1c
1i
#26944907
0t
0s
0r
1y
1c
1i
#26945879
1t
0s
0r
1y
1c
0i
#26946821
0t
0s
0r
1y
1c
0i
#26947791
1t
0s
0r
1y
1c
0i
#26948732
0t
0s
0r
1y
1c
0i
#26949702
1t
0s
0r
1y
1c
0i
#26950643
0t
0s
0r
1y
1c
0i
#26951613
1t
0s
0r
1y
1c
0i
#26952552
0t
0s
0r
1y
1c
0i
#26953519
1t
0s
0r
1y
1c
0i
#26954457
0t
0s
0r
1y
1c
0i
#26955422
1t
0s
0r
1y
1c
0i
#26956358
0t
0s
0r
1y
1c
0i
#26957324
1t
0s
0r
1y
1c
0i
#26958259
0t
0s
0r
1y
1c
0i
#26959219
1t
0s
0r
1y
1c
0i
#26960151
0t
0s
0r
1y
1c
0i
#26961111
1t
0s
0r
1y
1c
0i
#26962041
0t
0s
0r
1y
1c
0i
#26963003
1t
0s
0r
1y
1c
0i
#26963933
0t
0s
0r
1y
1c
0i
#26964892
1t
0s
0r
1y
1c
0i
#26965820
0t
0s
0r
1y
1c
0i
#26966780
1t
0s
0r
1y
1c
0i
#26967708
0t
0s
0r
1y
1c
0i
#26968671
1t
0s
0r
1y
1c
0i
#26969600
0t
0s
0r
1y
1c
0i
#26970562
1t
0s
0r
1y
1c
0i
#26971489
0t
0s
0r
1y
1c
0i
#26972454
1t
0s
0r
1y
1c
0i
#26973383
0t
0s
0r
1y
1c
0i
#26974353
1t
0s
0r
1y
1c
0i
#26975285
0t
0s
0r
1y
1c
0i
#26976256
1t
0s
0r
1y
1c
0i
#26977190
0t
0s
0r
1y
1c
1i
#26978164
1t
0s
0r
1y
1c
1i
#26979105
0t
0s
0r
1y
1c
1i
#26980085
1t
0s
0r
1y
1c
0i
#26981028
0t
0s
0r
1y
1c
0i
#26982007
1t
0s
0r
1y
1c
0i
#26982948
0t
0s
0r
1y
1c
0i
#26983927
1t
0s
0r
1y
1c
0i
#26984870
0t
0s
0r
1y
1c
0i
#26985850
1t
0s
0r
1y
1c
0i
#26986790
0t
0s
0r
1y
1c
0i
#26987765
1t
0s
0r
1y
1c
0i
#26988703
0t
0s
0r
1y
1c
0i
#26989676
1t
0s
0r
1y
1c
0i
#26990613
0t
0s
0r
1y
1c
0i
#26991584
1t
0s
0r
1y
1c
0i
#26992519
0t
0s
0r
1y
1c
0i
#26993483
1t
0s
0r
1y
1c
0i
#26994415
0t
0s
0r
1y
1c
0i
#26995379
1t
0s
0r
1y
1c
0i
#26996308
0t
0s
0r
1y
1c
0i
#26998628
1t
0s
0r
1y
1c
0i
#27000099
0t
0s
0r
1y
1c
0i
#27001051
1t
0s
0r
1y
1c
0i
#27001985
0t
0s
0r
1y
1c
0i
#27002944
1t
0s
0r
1y
1c
0i
#27003874
0t
0s
0r
1y
1c
0i
#27004835
1t
0s
0r
1y
1c
0i
#27005767
0t
0s
0r
1y
1c
0i
#27006733
1t
0s
0r
1y
1c
0i
#27007665
0t
0s
0r
1y
0c
0i
#27008630
1t
0s
0r
1y
0c
0i
#27009565
0t
0s
0r
1y
0c
0i
#27010534
1t
0s
0r
1y
0c
0i
#27011474
0t
0s
0r
1y
0c
1i
#27012447
1t
0s
0r
1y
0c
1i
#27012821
1t
0s
1r
1y
0c
1i
#27012824
1t
0s
0r
1y
0c
1i
#27013391
0t
0s
0r
1y
0c
1i
#27014365
1t
0s
0r
1y
0c
0i
#27015310
0t
0s
0r
1y
0c
0i
#27016285
1t
0s
0r
1y
0c
0i
#27017233
0t
0s
0r
1y
0c
0i
#27018205
1t
0s
0r
1y
0c
0i
#27019147
0t
0s
0r
1y
0c
0i
#27020113
1t
0s
0r
1y
0c
0i
#27021050
0t
0s
0r
1y
0c
0i
#27022010
1t
0s
0r
1y
0c
0i
#27022941
0t
0s
0r
1y
0c
0i
#27023895
1t
0s
0r
1y
0c
0i
#27024818
0t
0s
0r
1y
0c
0i
#27025765
1t
0s
0r
1y
0c
0i
#27026686
0t
0s
0r
1y
0c
0i
#27027632
1t
0s
0r
1y
0c
0i
#27028551
0t
0s
0r
1y
0c
0i
#27029496
1t
0s
0r
1y
0c
0i
#27030414
0t
0s
0r
1y
0c
0i
#27031359
1t
0s
0r
1y
0c
0i
#27032277
0t
0s
0r
1y
0c
0i
#27033226
1t
0s
0r
1y
0c
0i
#27034144
0t
0s
0r
1y
0c
0i
#27035093
1t
0s
0r
1y
0c
0i
#27036009
0t
0s
0r
1y
0c
0i
#27036959
1t
0s
0r
1y
0c
0i
#27037879
0t
0s
0r
1y
0c
0i
#27038832
1t
0s
0r
1y
0c
0i
#27039751
0t
0s
0r
1y
0c
0i
#27040704
1t
0s
0r
1y
0c
0i
#27041622
0t
0s
0r
1y
0c
0i
#27042577
1t
0s
0r
1y
0c
0i
#27043498
0t
0s
0r
1y
0c
0i
#27044460
1t
0s
0r
1y
1c
0i
#27045384
0t
0s
0r
1y
1c
1i
#27046345
1t
0s
0r
1y
1c
1i
#27047273
0t
0s
0r
1y
1c
1i
#27048239
1t
0s
0r
1y
1c
0i
#27049170
0t
0s
0r
1y
1c
0i
#27050139
1t
0s
0r
1y
1c
0i
#27051071
0t
0s
0r
1y
1c
0i
#27052038
1t
0s
0r
1y
1c
0i
#27052967
0t
0s
0r
1y
1c
0i
#27053932
1t
0s
0r
1y
1c
0i
#27054863
0t
0s
0r
1y
1c
0i
#27055829
1t
0s
0r
1y
1c
0i
#27056757
0t
0s
0r
1y
1c
0i
#27057718
1t
0s
0r
1y
1c
0i
#27058642
0t
0s
0r
1y
1c
0i
#27059598
1t
0s
0r
1y
1c
0i
#27060523
0t
0s
0r
1y
1c
0i
#27061478
1t
0s
0r
1y
1c
0i
#27062401
0t
0s
0r
1y
1c
0i
#27063352
1t
0s
0r
1y
1c
0i
#27064269
0t
0s
0r
1y
1c
0i
#27066552
1t
0s
0r
1y
1c
0i
#27068022
0t
0s
0r
1y
1c
0i
#27068962
1t
0s
0r
1y
1c
0i
#27069886
0t
0s
0r
1y
1c
0i
#27070838
1t
0s
0r
1y
1c
0i
#27071760
0t
0s
0r
1y
1c
0i
#27072710
1t
0s
0r
1y
1c
0i
#27073631
0t
0s
0r
1y
1c
0i
#27074583
1t
0s
0r
1y
1c
0i
#27075506
0t
0s
0r
1y
1c
0i
#27076462
1t
0s
0r
1y
1c
0i
#27077387
0t
0s
0r
1y
1c
0i
#27078343
1t
0s
0r
1y
1c
0i
#27079272
0t
0s
0r
1y
1c
1i
#27080234
1t
0s
0r
1y
1c
1i
#27081168
0t
0s
0r
1y
1c
1i
#27082132
1t
0s
0r
1y
1c
0i
#27083066
0t
0s
0r
1y
1c
0i
#27084030
1t
0s
0r
1y
1c
0i
#27084968
0t
0s
0r
1y
1c
0i
#27085933
1t
0s
0r
1y
1c
0i
#27086869
0t
0s
0r
1y
1c
0i
#27087831
1t
0s
0r
1y
1c
0i
#27088764
0t
0s
0r
1y
1c
0i
#27089725
1t
0s
0r
1y
1c
0i
#27090657
0t
0s
0r
1y
1c
0i
#27091617
1t
0s
0r
1y
1c
0i
#27092547
0t
0s
0r
1y
1c
0i
#27093502
1t
0s
0r
1y
1c
0i
#27094428
0t
0s
0r
1y
1c
0i
#27095380
1t
0s
0r
1y
1c
0i
#27096305
0t
0s
0r
1y
1c
0i
#27097257
1t
0s
0r
1y
1c
0i
#27098180
0t
0s
0r
1y
1c
0i
#27099131
1t
0s
0r
1y
1c
0i
#27100052
0t
0s
0r
1y
1c
0i
#27101001
1t
0s
0r
1y
1c
0i
#27101924
0t
0s
0r
1y
1c
0i
#27102877
1t
0s
0r
1y
1c
0i
#27103796
0t
0s
0r
1y
1c
0i
#27104747
1t
0s
0r
1y
1c
0i
#27105669
0t
0s
0r
1y
1c
0i
#27106625
1t
0s
0r
1y
1c
0i
#27107546
0t
0s
0r
1y
1c
0i
#27108501
1t
0s
0r
1y
1c
0i
#27109420
0t
0s
0r
1y
1c
0i
#27110380
1t
0s
0r
1y
1c
0i
#27111304
0t
0s
0r
1y
1c
0i
#27112267
1t
0s
0r
1y
1c
1i
#27113195
0t
0s
0r
1y
1c
1i
#27114159
1t
0s
0r
1y
1c
1i
#27115088
0t
0s
0r
1y
1c
1i
#27116057
1t
0s
0r
1y
1c
0i
#27116992
0t
0s
0r
1y
1c
0i
#27117961
1t
0s
0r
1y
1c
0i
#27118895
0t
0s
0r
1y
1c
0i
#27119862
1t
0s
0r
1y
1c
0i
#27120794
0t
0s
0r
1y
1c
0i
#27121760
1t
0s
0r
1y
1c
0i
#27122692
0t
0s
0r
1y
1c
0i
#27123656
1t
0s
0r
1y
1c
0i
#27124584
0t
0s
0r
1y
1c
0i
#27125542
1t
0s
0r
1y
1c
0i
#27126467
0t
0s
0r
1y
1c
0i
#27127423
1t
0s
0r
1y
1c
0i
#27128346
0t
0s
0r
1y
1c
0i
#27129299
1t
0s
0r
1y
1c
0i
#27130220
0t
0s
0r
1y
1c
0i
#27131169
1t
0s
0r
1y
1c
0i
#27132085
0t
0s
0r
1y
1c
0i
#27134360
1t
0s
0r
1y
1c
0i
#27135834
0t
0s
0r
1y
1c
0i
#27136773
1t
0s
0r
1y
1c
0i
#27137697
0t
0s
0r
1y
1c
0i
#27138646
1t
0s
0r
1y
1c
0i
#27139569
0t
0s
0r
1y
1c
0i
#27140520
1t
0s
0r
1y
1c
0i
#27141440
0t
0s
0r
1y
1c
0i
#27142393
1t
0s
0r
1y
1c
0i
#27143318
0t
0s
0r
1y
1c
0i
#27144276
1t
0s
0r
1y
1c
0i
#27145202
0t
0s
0r
1y
1c
0i
#27146160
1t
0s
0r
1y
0c
0i
#27147089
0t
0s
0r
1y
0c
1i
#27148050
1t
0s
0r
1y
0c
1i
#27148508
1t
0s
1r
1y
0c
1i
#27148510
1t
0s
0r
1y
0c
1i
#27148984
0t
0s
0r
1y
0c
1i
#27149948
1t
0s
0r
1y
0c
0i
#27150885
0t
0s
0r
1y
0c
0i
#27151845
1t
0s
0r
1y
0c
0i
#27152782
0t
0s
0r
1y
0c
0i
#27153746
1t
0s
0r
1y
0c
0i
#27154682
0t
0s
0r
1y
0c
0i
#27155643
1t
0s
0r
1y
0c
0i
#27156574
0t
0s
0r
1y
0c
0i
#27157535
1t
0s
0r
1y
0c
0i
#27158467
0t
0s
0r
1y
0c
0i
#27159427
1t
0s
0r
1y
0c
0i
#27160357
0t
0s
0r
1y
0c
0i
#27161314
1t
0s
0r
1y
0c
0i
#27162242
0t
0s
0r
1y
0c
0i
#27163197
1t
0s
0r
1y
0c
0i
#27164125
0t
0s
0r
1y
0c
0i
#27165080
1t
0s
0r
1y
0c
0i
#27166007
0t
0s
0r
1y
0c
0i
#27166962
1t
0s
0r
1y
0c
0i
#27167886
0t
0s
0r
1y
0c
0i
#27168840
1t
0s
0r
1y
0c
0i
#27169766
0t
0s
0r
1y
0c
0i
#27170723
1t
0s
0r
1y
0c
0i
#27171649
0t
0s
0r
1y
0c
0i
#27172605
1t
0s
0r
1y
0c
0i
#27173527
0t
0s
0r
1y
0c
0i
#27174487
1t
0s
0r
1y
0c
0i
#27175413
0t
0s
0r
1y
0c
0i
#27176372
1t
0s
0r
1y
0c
0i
#27177297
0t
0s
0r
1y
0c
0i
#27178259
1t
0s
0r
1y
0c
0i
#27179187
0t
0s
0r
1y
0c
0i
#27180154
1t
0s
0r
1y
1c
0i
#27181085
0t
0s
0r
1y
1c
1i
#27182053
1t
0s
0r
1y
1c
1i
#27182986
0t
0s
0r
1y
1c
1i
#27183958
1t
0s
0r
1y
1c
0i
#27184896
0t
0s
0r
1y
1c
0i
#27185871
1t
0s
0r
1y
1c
0i
#27186807
0t
0s
0r
1y
1c
0i
#27187779
1t
0s
0r
1y
1c
0i
#27188713
0t
0s
0r
1y
1c
0i
#27189684
1t
0s
0r
1y
1c
0i
#27190618
0t
0s
0r
1y
1c
0i
#27191590
1t
0s
0r
1y
1c
0i
#27192522
0t
0s
0r
1y
1c
0i
#27193487
1t
0s
0r
1y
1c
0i
#27194415
0t
0s
0r
1y
1c
0i
#27195377
1t
0s
0r
1y
1c
0i
#27196305
0t
0s
0r
1y
1c
0i
#27197264
1t
0s
0r
1y
1c
0i
#27198190
0t
0s
0r
1y
1c
0i
#27199145
1t
0s
0r
1y
1c
0i
#27200066
0t
0s
0r
1y
1c
0i
#27202355
1t
0s
0r
1y
1c
0i
#27203835
0t
0s
0r
1y
1c
0i
#27204780
1t
0s
0r
1y
1c
0i
#27205704
0t
0s
0r
1y
1c
0i
#27206659
1t
0s
0r
1y
1c
0i
#27207585
0t
0s
0r
1y
1c
0i
#27208544
1t
0s
0r
1y
1c
0i
#27209470
0t
0s
0r
1y
1c
0i
#27210427
1t
0s
0r
1y
1c
0i
#27211353
0t
0s
0r
1y
1c
0i
#27212312
1t
0s
0r
1y
1c
0i
#27213243
0t
0s
0r
1y
1c
0i
#27214208
1t
0s
0r
1y
1c
0i
#27215143
0t
0s
0r
1y
1c
1i
#27216110
1t
0s
0r
1y
1c
1i
#27217047
0t
0s
0r
1y
1c
1i
#27218018
1t
0s
0r
1y
1c
0i
#27218961
0t
0s
0r
1y
1c
0i
#27219933
1t
0s
0r
1y
1c
0i
#27220876
0t
0s
0r
1y
1c
0i
#27221843
1t
0s
0r
1y
1c
0i
#27222782
0t
0s
0r
1y
1c
0i
#27223743
1t
0s
0r
1y
1c
0i
#27224672
0t
0s
0r
1y
1c
0i
#27225624
1t
0s
0r
1y
1c
0i
#27226545
0t
0s
0r
1y
1c
0i
#27227488
1t
0s
0r
1y
1c
0i
#27228401
0t
0s
0r
1y
1c
0i
#27229340
1t
0s
0r
1y
1c
0i
#27230254
0t
0s
0r
1y
1c
0i
#27231192
1t
0s
0r
1y
1c
0i
#27232104
0t
0s
0r
1y
1c
0i
#27233041
1t
0s
0r
1y
1c
0i
#27233951
0t
0s
0r
1y
1c
0i
#27234891
1t
0s
0r
1y
1c
0i
#27235803
0t
0s
0r
1y
1c
0i
#27236746
1t
0s
0r
1y
1c
0i
#27237658
0t
0s
0r
1y
1c
0i
#27238600
1t
0s
0r
1y
1c
0i
#27239515
0t
0s
0r
1y
1c
0i
#27240463
1t
0s
0r
1y
1c
0i
#27241376
0t
0s
0r
1y
1c
0i
#27242323
1t
0s
0r
1y
1c
0i
#27243235
0t
0s
0r
1y
1c
0i
#27244184
1t
0s
0r
1y
1c
0i
#27245101
0t
0s
0r
1y
1c
0i
#27246056
1t
0s
0r
1y
1c
0i
#27246974
0t
0s
0r
1y
1c
0i
#27247928
1t
0s
0r
1y
1c
0i
#27248846
0t
0s
0r
1y
1c
1i
#27249807
1t
0s
0r
1y
1c
1i
#27250734
0t
0s
0r
1y
1c
1i
#27251700
1t
0s
0r
1y
1c
0i
#27252629
0t
0s
0r
1y
1c
0i
#27253593
1t
0s
0r
1y
1c
0i
#27254520
0t
0s
0r
1y
1c
0i
#27255486
1t
0s
0r
1y
1c
0i
#27256418
0t
0s
0r
1y
1c
0i
#27257387
1t
0s
0r
1y
1c
0i
#27258318
0t
0s
0r
1y
1c
0i
#27259284
1t
0s
0r
1y
1c
0i
#27260215
0t
0s
0r
1y
1c
0i
#27261184
1t
0s
0r
1y
1c
0i
#27262119
0t
0s
0r
1y
1c
0i
#27263090
1t
0s
0r
1y
1c
0i
#27264028
0t
0s
0r
1y
1c
0i
#27264996
1t
0s
0r
1y
1c
0i
#27265932
0t
0s
0r
1y
1c
0i
#27266903
1t
0s
0r
1y
1c
0i
#27267840
0t
0s
0r
1y
1c
0i
#27270184
1t
0s
0r
1y
1c
0i
#27271666
0t
0s
0r
1y
1c
0i
#27272626
1t
0s
0r
1y
1c
0i
#27273568
0t
0s
0r
1y
1c
0i
#27274534
1t
0s
0r
1y
1c
0i
#27275472
0t
0s
0r
1y
1c
0i
#27276440
1t
0s
0r
1y
1c
0i
#27277378
0t
0s
0r
1y
1c
0i
#27278349
1t
0s
0r
1y
1c
0i
#27279289
0t
0s
0r
1y
1c
0i
#27280261
1t
0s
0r
1y
1c
0i
#27281202
0t
0s
0r
1y
1c
0i
#27282177
1t
0s
0r
1y
0c
0i
#27283123
0t
0s
0r
1y
0c
1i
#27284104
1t
0s
0r
1y
0c
1i
#27284342
1t
0s
1r
1y
0c
1i
#27284345
1t
0s
0r
1y
0c
1i
#27285054
0t
0s
0r
1y
0c
1i
#27286036
1t
0s
0r
1y
0c
0i
#27286988
0t
0s
0r
1y
0c
0i
#27287970
1t
0s
0r
1y
0c
0i
#27288923
0t
0s
0r
1y
0c
0i
#27289907
1t
0s
0r
1y
0c
0i
#27290859
0t
0s
0r
1y
0c
0i
#27291839
1t
0s
0r
1y
0c
0i
#27292787
0t
0s
0r
1y
0c
0i
#27293765
1t
0s
0r
1y
0c
0i
#27294712
0t
0s
0r
1y
0c
0i
#27295689
1t
0s
0r
1y
0c
0i
#27296632
0t
0s
0r
1y
0c
0i
#27297602
1t
0s
0r
1y
0c
0i
#27298543
0t
0s
0r
1y
0c
0i
#27299510
1t
0s
0r
1y
0c
0i
#27300448
0t
0s
0r
1y
0c
0i
#27301416
1t
0s
0r
1y
0c
0i
#27302353
0t
0s
0r
1y
0c
0i
#27303320
1t
0s
0r
1y
0c
0i
#27304254
0t
0s
0r
1y
0c
0i
#27305221
1t
0s
0r
1y
0c
0i
#27306158
0t
0s
0r
1y
0c
0i
#27307128
1t
0s
0r
1y
0c
0i
#27308064
0t
0s
0r
1y
0c
0i
#27309033
1t
0s
0r
1y
0c
0i
#27309970
0t
0s
0r
1y
0c
0i
#27310943
1t
0s
0r
1y
0c
0i
#27311881
0t
0s
0r
1y
0c
0i
#27312854
1t
0s
0r
1y
0c
0i
#27313789
0t
0s
0r
1y
0c
0i
#27314766
1t
0s
0r
1y
0c
0i
#27315706
0t
0s
0r
1y
0c
0i
#27316687
1t
0s
0r
1y
1c
0i
#27317630
0t
0s
0r
1y
1c
1i
#27318611
1t
0s
0r
1y
1c
1i
#27319557
0t
0s
0r
1y
1c
1i
#27320542
1t
0s
0r
1y
1c
0i
#27321491
0t
0s
0r
1y
1c
0i
#27322479
1t
0s
0r
1y
1c
0i
#27323429
0t
0s
0r
1y
1c
0i
#27324415
1t
0s
0r
1y
1c
0i
#27325360
0t
0s
0r
1y
1c
0i
#27326346
1t
0s
0r
1y
1c
0i
#27327294
0t
0s
0r
1y
1c
0i
#27328280
1t
0s
0r
1y
1c
0i
#27329227
0t
0s
0r
1y
1c
0i
#27330210
1t
0s
0r
1y
1c
0i
#27331153
0t
0s
0r
1y
1c
0i
#27332131
1t
0s
0r
1y
1c
0i
#27333076
0t
0s
0r
1y
1c
0i
#27334053
1t
0s
0r
1y
1c
0i
#27334994
0t
0s
0r
1y
1c
0i
#27335966
1t
0s
0r
1y
1c
0i
#27336900
0t
0s
0r
1y
1c
0i
#27339232
1t
0s
0r
1y
1c
0i
#27340732
0t
0s
0r
1y
1c
0i
#27341692
1t
0s
0r
1y
1c
0i
#27342631
0t
0s
0r
1y
1c
0i
#27343600
1t
0s
0r
1y
1c
0i
#27344540
0t
0s
0r
1y
1c
0i
#27345510
1t
0s
0r
1y
1c
0i
#27346448
0t
0s
0r
1y
1c
0i
#27347417
1t
0s
0r
1y
1c
0i
#27348356
0t
0s
0r
1y
1c
0i
#27349330
1t
0s
0r
1y
1c
0i
#27350270
0t
0s
0r
1y
1c
0i
#27351245
1t
0s
0r
1y
1c
0i
#27352188
0t
0s
0r
1y
1c
1i
#27353166
1t
0s
0r
1y
1c
1i
#27354115
0t
0s
0r
1y
1c
1i
#27355097
1t
0s
0r
1y
1c
0i
#27356049
0t
0s
0r
1y
1c
0i
#27357030
1t
0s
0r
1y
1c
0i
#27357982
0t
0s
0r
1y
1c
0i
#27358963
1t
0s
0r
1y
1c
0i
#27359914
0t
0s
0r
1y
1c
0i
#27360895
1t
0s
0r
1y
1c
0i
#27361845
0t
0s
0r
1y
1c
0i
#27362823
1t
0s
0r
1y
1c
0i
#27363769
0t
0s
0r
1y
1c
0i
#27364745
1t
0s
0r
1y
1c
0i
#27365689
0t
0s
0r
1y
1c
0i
#27366662
1t
0s
0r
1y
1c
0i
#27367604
0t
0s
0r
1y
1c
0i
#27368572
1t
0s
0r
1y
1c
0i
#27369509
0t
0s
0r
1y
1c
0i
#27370476
1t
0s
0r
1y
1c
0i
#27371414
0t
0s
0r
1y
1c
0i
#27372384
1t
0s
0r
1y
1c
0i
#27373321
0t
0s
0r
1y
1c
0i
#27374288
1t
0s
0r
1y
1c
0i
#27375224
0t
0s
0r
1y
1c
0i
#27376193
1t
0s
0r
1y
1c
0i
#27377130
0t
0s
0r
1y
1c
0i
#27378102
1t
0s
0r
1y
1c
0i
#27379039
0t
0s
0r
1y
1c
0i
#27380009
1t
0s
0r
1y
1c
0i
#27380946
0t
0s
0r
1y
1c
0i
#27381922
1t
0s
0r
1y
1c
0i
#27382859
0t
0s
0r
1y
1c
0i
#27383834
1t
0s
0r
1y
1c
0i
#27384771
0t
0s
0r
1y
1c
0i
#27385750
1t
0s
0r
1y
1c
0i
#27386692
0t
0s
0r
1y
1c
1i
#27387675
1t
0s
0r
1y
1c
1i
#27388621
0t
0s
0r
1y
1c
1i
#27389607
1t
0s
0r
1y
1c
0i
#27390553
0t
0s
0r
1y
1c
0i
#27391539
1t
0s
0r
1y
1c
0i
#27392487
0t
0s
0r
1y
1c
0i
#27393475
1t
0s
0r
1y
1c
0i
#27394423
0t
0s
0r
1y
1c
0i
#27395407
1t
0s
0r
1y
1c
0i
#27396352
0t
0s
0r
1y
1c
0i
#27397335
1t
0s
0r
1y
1c
0i
#27398281
0t
0s
0r
1y
1c
0i
#27399264
1t
0s
0r
1y
1c
0i
#27400209
0t
0s
0r
1y
1c
0i
#27401187
1t
0s
0r
1y
1c
0i
#27402129
0t
0s
0r
1y
1c
0i
#27403105
1t
0s
0r
1y
1c
0i
#27404048
0t
0s
0r
1y
1c
0i
#27405024
1t
0s
0r
1y
1c
0i
#27405964
0t
0s
0r
1y
1c
0i
#27408309
1t
0s
0r
1y
1c
0i
#27409799
0t
0s
0r
1y
1c
0i
#27410765
1t
0s
0r
1y
1c
0i
#27411708
0t
0s
0r
1y
1c
0i
#27412678
1t
0s
0r
1y
1c
0i
#27413620
0t
0s
0r
1y
1c
0i
#27414594
1t
0s
0r
1y
1c
0i
#27415536
0t
0s
0r
1y
1c
0i
#27416511
1t
0s
0r
1y
1c
0i
#27417454
0t
0s
0r
1y
1c
0i
#27418430
1t
0s
0r
1y
1c
0i
#27419375
0t
0s
0r
1y
1c
0i
#27420357
1t
0s
0r
1y
0c
0i
#27421308
0t
0s
0r
1y
0c
1i
#27422290
1t
0s
0r
1y
0c
1i
#27422707
1t
0s
1r
1y
0c
1i
#27422709
1t
0s
0r
1y
0c
1i
#27423243
0t
0s
0r
1y
0c
1i
#27424228
1t
0s
0r
1y
0c
0i
#27425185
0t
0s
0r
1y
0c
0i
#27426173
1t
0s
0r
1y
0c
0i
#27427130
0t
0s
0r
1y
0c
0i
#27428117
1t
0s
0r
1y
0c
0i
#27429071
0t
0s
0r
1y
0c
0i
#27430055
1t
0s
0r
1y
0c
0i
#27431009
0t
0s
0r
1y
0c
0i
#27431992
1t
0s
0r
1y
0c
0i
#27432942
0t
0s
0r
1y
0c
0i
#27433920
1t
0s
0r
1y
0c
0i
#27434864
0t
0s
0r
1y
0c
0i
#27435838
1t
0s
0r
1y
0c
0i
#27436781
0t
0s
0r
1y
0c
0i
#27437751
1t
0s
0r
1y
0c
0i
#27438692
0t
0s
0r
1y
0c
0i
#27439658
1t
0s
0r
1y
0c
0i
#27440595
0t
0s
0r
1y
0c
0i
#27441565
1t
0s
0r
1y
0c
0i
#27442503
0t
0s
0r
1y
0c
0i
#27443471
1t
0s
0r
1y
0c
0i
#27444407
0t
0s
0r
1y
0c
0i
#27445377
1t
0s
0r
1y
0c
0i
#27446315
0t
0s
0r
1y
0c
0i
#27447288
1t
0s
0r
1y
0c
0i
#27448225
0t
0s
0r
1y
0c
0i
#27449199
1t
0s
0r
1y
0c
0i
#27450135
0t
0s
0r
1y
0c
0i
#27451109
1t
0s
0r
1y
0c
0i
#27452048
0t
0s
0r
1y
0c
0i
#27453028
1t
0s
0r
1y
0c
0i
#27453968
0t
0s
0r
1y
0c
0i
#27454947
1t
0s
0r
1y
1c
0i
#27455892
0t
0s
0r
1y
1c
1i
#27456877
1t
0s
0r
1y
1c
1i
#27457825
0t
0s
0r
1y
1c
1i
#27458812
1t
0s
0r
1y
1c
0i
#27459761
0t
0s
0r
1y
1c
0i
#27460749
1t
0s
0r
1y
1c
0i
#27461699
0t
0s
0r
1y
1c
0i
#27462689
1t
0s
0r
1y
1c
0i
#27463638
0t
0s
0r
1y
1c
0i
#27464623
1t
0s
0r
1y
1c
0i
#27465568
0t
0s
0r
1y
1c
0i
#27466551
1t
0s
0r
1y
1c
0i
#27467496
0t
0s
0r
1y
1c
0i
#27468476
1t
0s
0r
1y
1c
0i
#27469416
0t
0s
0r
1y
1c
0i
#27470388
1t
0s
0r
1y
1c
0i
#27471323
0t
0s
0r
1y
1c
0i
#27472290
1t
0s
0r
1y
1c
0i
#27473226
0t
0s
0r
1y
1c
0i
#27474194
1t
0s
0r
1y
1c
0i
#27475124
0t
0s
0r
1y
1c
0i
#27477450
1t
0s
0r
1y
1c
0i
#27478927
0t
0s
0r
1y
1c
0i
#27479884
1t
0s
0r
1y
1c
0i
#27480822
0t
0s
0r
1y
1c
0i
#27481783
1t
0s
0r
1y
1c
0i
#27482717
0t
0s
0r
1y
1c
0i
#27483684
1t
0s
0r
1y
1c
0i
#27484619
0t
0s
0r
1y
1c
0i
#27485585
1t
0s
0r
1y
1c
0i
#27486518
0t
0s
0r
1y
1c
0i
#27487487
1t
0s
0r
1y
1c
0i
#27488424
0t
0s
0r
1y
1c
0i
#27489397
1t
0s
0r
1y
1c
0i
#27490338
0t
0s
0r
1y
1c
1i
#27491312
1t
0s
0r
1y
1c
1i
#27492256
0t
0s
0r
1y
1c
1i
#27493232
1t
0s
0r
1y
1c
0i
#27494181
0t
0s
0r
1y
1c
0i
#27495161
1t
0s
0r
1y
1c
0i
#27496110
0t
0s
0r
1y
1c
0i
#27497088
1t
0s
0r
1y
1c
0i
#27498037
0t
0s
0r
1y
1c
0i
#27499014
1t
0s
0r
1y
1c
0i
#27499961
0t
0s
0r
1y
1c
0i
#27500939
1t
0s
0r
1y
1c
0i
#27501886
0t
0s
0r
1y
1c
0i
#27502859
1t
0s
0r
1y
1c
0i
#27503801
0t
0s
0r
1y
1c
0i
#27504772
1t
0s
0r
1y
1c
0i
#27505714
0t
0s
0r
1y
1c
0i
#27506682
1t
0s
0r
1y
1c
0i
#27507621
0t
0s
0r
1y
1c
0i
#27508586
1t
0s
0r
1y
1c
0i
#27509520
0t
0s
0r
1y
1c
0i
#27510486
1t
0s
0r
1y
1c
0i
#27511422
0t
0s
0r
1y
1c
0i
#27512388
1t
0s
0r
1y
1c
0i
#27513322
0t
0s
0r
1y
1c
0i
#27514286
1t
0s
0r
1y
1c
0i
#27515221
0t
0s
0r
1y
1c
0i
#27516190
1t
0s
0r
1y
1c
0i
#27517123
0t
0s
0r
1y
1c
0i
#27518091
1t
0s
0r
1y
1c
0i
#27519022
0t
0s
0r
1y
1c
0i
#27519993
1t
0s
0r
1y
1c
0i
#27520927
0t
0s
0r
1y
1c
0i
#27521903
1t
0s
0r
1y
1c
0i
#27522840
0t
0s
0r
1y
1c
0i
#27523816
1t
0s
0r
1y
1c
0i
#27524754
0t
0s
0r
1y
1c
1i
#27525734
1t
0s
0r
1y
1c
1i
#27526679
0t
0s
0r
1y
1c
1i
#27527666
1t
0s
0r
1y
1c
0i
#27528612
0t
0s
0r
1y
1c
0i
#27529597
1t
0s
0r
1y
1c
0i
#27530543
0t
0s
0r
1y
1c
0i
#27531528
1t
0s
0r
1y
1c
0i
#27532475
0t
0s
0r
1y
1c
0i
#27533457
1t
0s
0r
1y
1c
0i
#27534399
0t
0s
0r
1y
1c
0i
#27535374
1t
0s
0r
1y
1c
0i
#27536311
0t
0s
0r
1y
1c
0i
#27537282
1t
0s
0r
1y
1c
0i
#27538214
0t
0s
0r
1y
1c
0i
#27539178
1t
0s
0r
1y
1c
0i
#27540107
0t
0s
0r
1y
1c
0i
#27541063
1t
0s
0r
1y
1c
0i
#27541989
0t
0s
0r
1y
1c
0i
#27542947
1t
0s
0r
1y
1c
0i
#27543871
0t
0s
0r
1y
1c
0i
#27546178
1t
0s
0r
1y
1c
0i
#27547643
0t
0s
0r
1y
1c
0i
#27548592
1t
0s
0r
1y
1c
0i
#27549522
0t
0s
0r
1y
1c
0i
#27550477
1t
0s
0r
1y
1c
0i
#27551404
0t
0s
0r
1y
1c
0i
#27552362
1t
0s
0r
1y
1c
0i
#27553290
0t
0s
0r
1y
1c
0i
#27554252
1t
0s
0r
1y
1c
0i
#27555181
0t
0s
0r
1y
1c
0i
#27556142
1t
0s
0r
1y
1c
0i
#27557072
0t
0s
0r
1y
1c
0i
#27558036
1t
0s
0r
1y
0c
0i
#27558972
0t
0s
0r
1y
0c
1i
#27559939
1t
0s
0r
1y
0c
1i
#27560546
1t
0s
1r
1y
0c
1i
#27560549
1t
0s
0r
1y
0c
1i
#27560877
0t
0s
0r
1y
0c
1i
#27561843
1t
0s
0r
1y
0c
0i
#27562783
0t
0s
0r
1y
0c
0i
#27563752
1t
0s
0r
1y
0c
0i
#27564692
0t
0s
0r
1y
0c
0i
#27565663
1t
0s
0r
1y
0c
0i
#27566602
0t
0s
0r
1y
0c
0i
#27567570
1t
0s
0r
1y
0c
0i
#27568508
0t
0s
0r
1y
0c
0i
#27569475
1t
0s
0r
1y
0c
0i
#27570415
0t
0s
0r
1y
0c
0i
#27571384
1t
0s
0r
1y
0c
0i
#27572323
0t
0s
0r
1y
0c
0i
#27573289
1t
0s
0r
1y
0c
0i
#27574227
0t
0s
0r
1y
0c
0i
#27575193
1t
0s
0r
1y
0c
0i
#27576131
0t
0s
0r
1y
0c
0i
#27577099
1t
0s
0r
1y
0c
0i
#27578036
0t
0s
0r
1y
0c
0i
#27579003
1t
0s
0r
1y
0c
0i
#27579937
0t
0s
0r
1y
0c
0i
#27580904
1t
0s
0r
1y
0c
0i
#27581841
0t
0s
0r
1y
0c
0i
#27582808
1t
0s
0r
1y
0c
0i
#27583741
0t
0s
0r
1y
0c
0i
#27584709
1t
0s
0r
1y
0c
0i
#27585643
0t
0s
0r
1y
0c
0i
#27586613
1t
0s
0r
1y
0c
0i
#27587548
0t
0s
0r
1y
0c
0i
#27588517
1t
0s
0r
1y
0c
0i
#27589450
0t
0s
0r
1y
0c
0i
#27590422
1t
0s
0r
1y
0c
0i
#27591358
0t
0s
0r
1y
0c
0i
#27592335
1t
0s
0r
1y
1c
0i
#27593275
0t
0s
0r
1y
1c
1i
#27594253
1t
0s
0r
1y
1c
1i
#27595195
0t
0s
0r
1y
1c
1i
#27596177
1t
0s
0r
1y
1c
0i
#27597122
0t
0s
0r
1y
1c
0i
#27598107
1t
0s
0r
1y
1c
0i
#27599052
0t
0s
0r
1y
1c
0i
#27600034
1t
0s
0r
1y
1c
0i
#27600977
0t
0s
0r
1y
1c
0i
#27601957
1t
0s
0r
1y
1c
0i
#27602900
0t
0s
0r
1y
1c
0i
#27603878
1t
0s
0r
1y
1c
0i
#27604816
0t
0s
0r
1y
1c
0i
#27605788
1t
0s
0r
1y
1c
0i
#27606721
0t
0s
0r
1y
1c
0i
#27607687
1t
0s
0r
1y
1c
0i
#27608619
0t
0s
0r
1y
1c
0i
#27609583
1t
0s
0r
1y
1c
0i
#27610514
0t
0s
0r
1y
1c
0i
#27611473
1t
0s
0r
1y
1c
0i
#27612399
0t
0s
0r
1y
1c
0i
#27614703
1t
0s
0r
1y
1c
0i
#27616188
0t
0s
0r
1y
1c
0i
#27617138
1t
0s
0r
1y
1c
0i
#27618068
0t
0s
0r
1y
1c
0i
#27619028
1t
0s
0r
1y
1c
0i
#27619959
0t
0s
0r
1y
1c
0i
#27620921
1t
0s
0r
1y
1c
0i
#27621852
0t
0s
0r
1y
1c
0i
#27622813
1t
0s
0r
1y
1c
0i
#27623744
0t
0s
0r
1y
1c
0i
#27624709
1t
0s
0r
1y
1c
0i
#27625644
0t
0s
0r
1y
1c
0i
#27626610
1t
0s
0r
1y
1c
0i
#27627547
0t
0s
0r
1y
1c
1i
#27628517
1t
0s
0r
1y
1c
1i
#27629459
0t
0s
0r
1y
1c
1i
#27630435
1t
0s
0r
1y
1c
0i
#27631380
0t
0s
0r
1y
1c
0i
#27632354
1t
0s
0r
1y
1c
0i
#27633298
0t
0s
0r
1y
1c
0i
#27634270
1t
0s
0r
1y
1c
0i
#27635211
0t
0s
0r
1y
1c
0i
#27636177
1t
0s
0r
1y
1c
0i
#27637111
0t
0s
0r
1y
1c
0i
#27638066
1t
0s
0r
1y
1c
0i
#27638991
0t
0s
0r
1y
1c
0i
#27639939
1t
0s
0r
1y
1c
0i
#27640857
0t
0s
0r
1y
1c
0i
#27641801
1t
0s
0r
1y
1c
0i
#27642719
0t
0s
0r
1y
1c
0i
#27643661
1t
0s
0r
1y
1c
0i
#27644577
0t
0s
0r
1y
1c
0i
#27645518
1t
0s
0r
1y
1c
0i
#27646433
0t
0s
0r
1y
1c
0i
#27647379
1t
0s
0r
1y
1c
0i
#27648296
0t
0s
0r
1y
1c
0i
#27649241
1t
0s
0r
1y
1c
0i
#27650157
0t
0s
0r
1y
1c
0i
#27651106
1t
0s
0r
1y
1c
0i
#27652024
0t
0s
0r
1y
1c
0i
#27652975
1t
0s
0r
1y
1c
0i
#27653895
0t
0s
0r
1y
1c
0i
#27654844
1t
0s
0r
1y
1c
0i
#27655762
0t
0s
0r
1y
1c
0i
#27656716
1t
0s
0r
1y
1c
0i
#27657636
0t
0s
0r
1y
1c
0i
#27658590
1t
0s
0r
1y
1c
0i
#27659508
0t
0s
0r
1y
1c
0i
#27660466
1t
0s
0r
1y
1c
0i
#27661389
0t
0s
0r
1y
1c
1i
#27662351
1t
0s
0r
1y
1c
1i
#27663277
0t
0s
0r
1y
1c
1i
#27664241
1t
0s
0r
1y
1c
0i
#27665169
0t
0s
0r
1y
1c
0i
#27666132
1t
0s
0r
1y
1c
0i
#27667061
0t
0s
0r
1y
1c
0i
#27668026
1t
0s
0r
1y
1c
0i
#27668953
0t
0s
0r
1y
1c
0i
#27669915
1t
0s
0r
1y
1c
0i
#27670840
0t
0s
0r
1y
1c
0i
#27671800
1t
0s
0r
1y
1c
0i
#27672723
0t
0s
0r
1y
1c
0i
#27673680
1t
0s
0r
1y
1c
0i
#27674602
0t
0s
0r
1y
1c
0i
#27675553
1t
0s
0r
1y
1c
0i
#27676470
0t
0s
0r
1y
1c
0i
#27677417
1t
0s
0r
1y
1c
0i
#27678334
0t
0s
0r
1y
1c
0i
#27679281
1t
0s
0r
1y
1c
0i
#27680193
0t
0s
0r
1y
1c
0i
#27682462
1t
0s
0r
1y
1c
0i
#27683915
0t
0s
0r
1y
1c
0i
#27684850
1t
0s
0r
1y
1c
0i
#27685767
0t
0s
0r
1y
1c
0i
#27686709
1t
0s
0r
1y
1c
0i
#27687623
0t
0s
0r
1y
1c
0i
#27688567
1t
0s
0r
1y
1c
0i
#27689483
0t
0s
0r
1y
1c
0i
#27690431
1t
0s
0r
1y
1c
0i
#27691349
0t
0s
0r
1y
0c
0i
#27692297
1t
0s
0r
1y
0c
0i
#27693214
0t
0s
0r
1y
0c
0i
#27694166
1t
0s
0r
1y
0c
0i
#27695091
0t
0s
0r
1y
0c
1i
#27696046
1t
0s
0r
1y
0c
1i
#27696668
1t
0s
1r
1y
0c
1i
#27696670
1t
0s
0r
1y
0c
1i
#27696974
0t
0s
0r
1y
0c
1i
#27697928
1t
0s
0r
1y
0c
0i
#27698859
0t
0s
0r
1y
0c
0i
#27699816
1t
0s
0r
1y
0c
0i
#27700747
0t
0s
0r
1y
0c
0i
#27701700
1t
0s
0r
1y
0c
0i
#27702625
0t
0s
0r
1y
0c
0i
#27703572
1t
0s
0r
1y
0c
0i
#27704492
0t
0s
0r
1y
0c
0i
#27705435
1t
0s
0r
1y
0c
0i
#27706347
0t
0s
0r
1y
0c
0i
#27707282
1t
0s
0r
1y
0c
0i
#27708188
0t
0s
0r
1y
0c
0i
#27709116
1t
0s
0r
1y
0c
0i
#27710020
0t
0s
0r
1y
0c
0i
#27710947
1t
0s
0r
1y
0c
0i
#27711851
0t
0s
0r
1y
0c
0i
#27712778
1t
0s
0r
1y
0c
0i
#27713680
0t
0s
0r
1y
0c
0i
#27714608
1t
0s
0r
1y
0c
0i
#27715510
0t
0s
0r
1y
0c
0i
#27716440
1t
0s
0r
1y
0c
0i
#27717346
0t
0s
0r
1y
0c
0i
#27718279
1t
0s
0r
1y
0c
0i
#27719181
0t
0s
0r
1y
0c
0i
#27720116
1t
0s
0r
1y
0c
0i
#27721022
0t
0s
0r
1y
0c
0i
#27721961
1t
0s
0r
1y
0c
0i
#27722868
0t
0s
0r
1y
0c
0i
#27723805
1t
0s
0r
1y
0c
0i
#27724712
0t
0s
0r
1y
0c
0i
#27725654
1t
0s
0r
1y
0c
0i
#27726562
0t
0s
0r
1y
0c
0i
#27727509
1t
0s
0r
1y
1c
0i
#27728421
0t
0s
0r
1y
1c
1i
#27729367
1t
0s
0r
1y
1c
1i
#27730283
0t
0s
0r
1y
1c
1i
#27731236
1t
0s
0r
1y
1c
0i
#27732155
0t
0s
0r
1y
1c
0i
#27733106
1t
0s
0r
1y
1c
0i
#27734021
0t
0s
0r
1y
1c
0i
#27734973
1t
0s
0r
1y
1c
0i
#27735891
0t
0s
0r
1y
1c
0i
#27736841
1t
0s
0r
1y
1c
0i
#27737757
0t
0s
0r
1y
1c
0i
#27738706
1t
0s
0r
1y
1c
0i
#27739619
0t
0s
0r
1y
1c
0i
#27740565
1t
0s
0r
1y
1c
0i
#27741477
0t
0s
0r
1y
1c
0i
#27742421
1t
0s
0r
1y
1c
0i
#27743332
0t
0s
0r
1y
1c
0i
#27744271
1t
0s
0r
1y
1c
0i
#27745179
0t
0s
0r
1y
1c
0i
#27746115
1t
0s
0r
1y
1c
0i
#27747020
0t
0s
0r
1y
1c
0i
#27749276
1t
0s
0r
1y
1c
0i
#27750712
0t
0s
0r
1y
1c
0i
#27751637
1t
0s
0r
1y
1c
0i
#27752546
0t
0s
0r
1y
1c
0i
#27753480
1t
0s
0r
1y
1c
0i
#27754387
0t
0s
0r
1y
1c
0i
#27755322
1t
0s
0r
1y
1c
0i
#27756227
0t
0s
0r
1y
1c
0i
#27757162
1t
0s
0r
1y
1c
0i
#27758070
0t
0s
0r
1y
1c
0i
#27759009
1t
0s
0r
1y
1c
0i
#27759919
0t
0s
0r
1y
1c
0i
#27760857
1t
0s
0r
1y
1c
0i
#27761772
0t
0s
0r
1y
1c
1i
#27762716
1t
0s
0r
1y
1c
1i
#27763634
0t
0s
0r
1y
1c
1i
#27764581
1t
0s
0r
1y
1c
0i
#27765501
0t
0s
0r
1y
1c
0i
#27766447
1t
0s
0r
1y
1c
0i
#27767369
0t
0s
0r
1y
1c
0i
#27768317
1t
0s
0r
1y
1c
0i
#27769238
0t
0s
0r
1y
1c
0i
#27770183
1t
0s
0r
1y
1c
0i
#27771100
0t
0s
0r
1y
1c
0i
#27772045
1t
0s
0r
1y
1c
0i
#27772962
0t
0s
0r
1y
1c
0i
#27773906
1t
0s
0r
1y
1c
0i
#27774821
0t
0s
0r
1y
1c
0i
#27775760
1t
0s
0r
1y
1c
0i
#27776671
0t
0s
0r
1y
1c
0i
#27777607
1t
0s
0r
1y
1c
0i
#27778518
0t
0s
0r
1y
1c
0i
#27779456
1t
0s
0r
1y
1c
0i
#27780364
0t
0s
0r
1y
1c
0i
#27781299
1t
0s
0r
1y
1c
0i
#27782205
0t
0s
0r
1y
1c
0i
#27783141
1t
0s
0r
1y
1c
0i
#27784049
0t
0s
0r
1y
1c
0i
#27784988
1t
0s
0r
1y
1c
0i
#27785896
0t
0s
0r
1y
1c
0i
#27786834
1t
0s
0r
1y
1c
0i
#27787740
0t
0s
0r
1y
1c
0i
#27788681
1t
0s
0r
1y
1c
0i
#27789590
0t
0s
0r
1y
1c
0i
#27790533
1t
0s
0r
1y
1c
0i
#27791442
0t
0s
0r
1y
1c
0i
#27792386
1t
0s
0r
1y
1c
0i
#27793298
0t
0s
0r
1y
1c
0i
#27794248
1t
0s
0r
1y
1c
0i
#27795162
0t
0s
0r
1y
1c
1i
#27796113
1t
0s
0r
1y
1c
1i
#27797030
0t
0s
0r
1y
1c
1i
#27797983
1t
0s
0r
1y
1c
0i
#27798904
0t
0s
0r
1y
1c
0i
#27799860
1t
0s
0r
1y
1c
0i
#27800780
0t
0s
0r
1y
1c
0i
#27801733
1t
0s
0r
1y
1c
0i
#27802651
0t
0s
0r
1y
1c
0i
#27803604
1t
0s
0r
1y
1c
0i
#27804521
0t
0s
0r
1y
1c
0i
#27805473
1t
0s
0r
1y
1c
0i
#27806390
0t
0s
0r
1y
1c
0i
#27807335
1t
0s
0r
1y
1c
0i
#27808248
0t
0s
0r
1y
1c
0i
#27809191
1t
0s
0r
1y
1c
0i
#27810104
0t
0s
0r
1y
1c
0i
#27811044
1t
0s
0r
1y
1c
0i
#27811954
0t
0s
0r
1y
1c
0i
#27812891
1t
0s
0r
1y
1c
0i
#27813798
0t
0s
0r
1y
1c
0i
#27816049
1t
0s
0r
1y
1c
0i
#27817499
0t
0s
0r
1y
1c
0i
#27818427
1t
0s
0r
1y
1c
0i
#27819340
0t
0s
0r
1y
1c
0i
#27820278
1t
0s
0r
1y
1c
0i
#27821189
0t
0s
0r
1y
1c
0i
#27822127
1t
0s
0r
1y
1c
0i
#27823037
0t
0s
0r
1y
1c
0i
#27823976
1t
0s
0r
1y
1c
0i
#27824889
0t
0s
0r
1y
1c
0i
#27825831
1t
0s
0r
1y
1c
0i
#27826744
0t
0s
0r
1y
1c
0i
#27827686
1t
0s
0r
1y
0c
0i
#27828604
0t
0s
0r
1y
0c
1i
#27829551
1t
0s
0r
1y
0c
1i
#27829973
1t
0s
1r
1y
0c
1i
#27829976
1t
0s
0r
1y
0c
1i
#27830471
0t
0s
0r
1y
0c
1i
#27831417
1t
0s
0r
1y
0c
0i
#27832337
0t
0s
0r
1y
0c
0i
#27833284
1t
0s
0r
1y
0c
0i
#27834206
0t
0s
0r
1y
0c
0i
#27835155
1t
0s
0r
1y
0c
0i
#27836075
0t
0s
0r
1y
0c
0i
#27837021
1t
0s
0r
1y
0c
0i
#27837940
0t
0s
0r
1y
0c
0i
#27838885
1t
0s
0r
1y
0c
0i
#27839805
0t
0s
0r
1y
0c
0i
#27840752
1t
0s
0r
1y
0c
0i
#27841670
0t
0s
0r
1y
0c
0i
#27842616
1t
0s
0r
1y
0c
0i
#27843535
0t
0s
0r
1y
0c
0i
#27844479
1t
0s
0r
1y
0c
0i
#27845398
0t
0s
0r
1y
0c
0i
#27846345
1t
0s
0r
1y
0c
0i
#27847263
0t
0s
0r
1y
0c
0i
#27848209
1t
0s
0r
1y
0c
0i
#27849124
0t
0s
0r
1y
0c
0i
#27850071
1t
0s
0r
1y
0c
0i
#27850990
0t
0s
0r
1y
0c
0i
#27851938
1t
0s
0r
1y
0c
0i
#27852856
0t
0s
0r
1y
0c
0i
#27853804
1t
0s
0r
1y
0c
0i
#27854720
0t
0s
0r
1y
0c
0i
#27855669
1t
0s
0r
1y
0c
0i
#27856587
0t
0s
0r
1y
0c
0i
#27857540
1t
0s
0r
1y
0c
0i
#27858458
0t
0s
0r
1y
0c
0i
#27859410
1t
0s
0r
1y
0c
0i
#27860331
0t
0s
0r
1y
0c
0i
#27861290
1t
0s
0r
1y
1c
0i
#27862212
0t
0s
0r
1y
1c
1i
#27863172
1t
0s
0r
1y
1c
1i
#27864098
0t
0s
0r
1y
1c
1i
#27865061
1t
0s
0r
1y
1c
0i
#27865991
0t
0s
0r
1y
1c
0i
#27866956
1t
0s
0r
1y
1c
0i
#27867886
0t
0s
0r
1y
1c
0i
#27868849
1t
0s
0r
1y
1c
0i
#27869776
0t
0s
0r
1y
1c
0i
#27870738
1t
0s
0r
1y
1c
0i
#27871665
0t
0s
0r
1y
1c
0i
#27872627
1t
0s
0r
1y
1c
0i
#27873553
0t
0s
0r
1y
1c
0i
#27874512
1t
0s
0r
1y
1c
0i
#27875436
0t
0s
0r
1y
1c
0i
#27876392
1t
0s
0r
1y
1c
0i
#27877316
0t
0s
0r
1y
1c
0i
#27878272
1t
0s
0r
1y
1c
0i
#27879195
0t
0s
0r
1y
1c
0i
#27880147
1t
0s
0r
1y
1c
0i
#27881066
0t
0s
0r
1y
1c
0i
#27883352
1t
0s
0r
1y
1c
0i
#27884824
0t
0s
0r
1y
1c
0i
#27885766
1t
0s
0r
1y
1c
0i
#27886690
0t
0s
0r
1y
1c
0i
#27887642
1t
0s
0r
1y
1c
0i
#27888565
0t
0s
0r
1y
1c
0i
#27889517
1t
0s
0r
1y
1c
0i
#27890436
0t
0s
0r
1y
1c
0i
#27891391
1t
0s
0r
1y
1c
0i
#27892315
0t
0s
0r
1y
1c
0i
#27893271
1t
0s
0r
1y
1c
0i
#27894197
0t
0s
0r
1y
1c
0i
#27895154
1t
0s
0r
1y
1c
0i
#27896083
0t
0s
0r
1y
1c
1i
#27897043
1t
0s
0r
1y
1c
1i
#27897977
0t
0s
0r
1y
1c
1i
#27898942
1t
0s
0r
1y
1c
0i
#27899878
0t
0s
0r
1y
1c
0i
#27900842
1t
0s
0r
1y
1c
0i
#27901778
0t
0s
0r
1y
1c
0i
#27902742
1t
0s
0r
1y
1c
0i
#27903677
0t
0s
0r
1y
1c
0i
#27904642
1t
0s
0r
1y
1c
0i
#27905577
0t
0s
0r
1y
1c
0i
#27906538
1t
0s
0r
1y
1c
0i
#27907470
0t
0s
0r
1y
1c
0i
#27908431
1t
0s
0r
1y
1c
0i
#27909364
0t
0s
0r
1y
1c
0i
#27910324
1t
0s
0r
1y
1c
0i
#27911256
0t
0s
0r
1y
1c
0i
#27912213
1t
0s
0r
1y
1c
0i
#27913141
0t
0s
0r
1y
1c
0i
#27914096
1t
0s
0r
1y
1c
0i
#27915024
0t
0s
0r
1y
1c
0i
#27915983
1t
0s
0r
1y
1c
0i
#27916910
0t
0s
0r
1y
1c
0i
#27917865
1t
0s
0r
1y
1c
0i
#27918790
0t
0s
0r
1y
1c
0i
#27919748
1t
0s
0r
1y
1c
0i
#27920674
0t
0s
0r
1y
1c
0i
#27921634
1t
0s
0r
1y
1c
0i
#27922560
0t
0s
0r
1y
1c
0i
#27923518
1t
0s
0r
1y
1c
0i
#27924445
0t
0s
0r
1y
1c
0i
#27925407
1t
0s
0r
1y
1c
0i
#27926335
0t
0s
0r
1y
1c
0i
#27927299
1t
0s
0r
1y
1c
0i
#27928226
0t
0s
0r
1y
1c
0i
#27929194
1t
0s
0r
1y
1c
0i
#27930127
0t
0s
0r
1y
1c
1i
#27931099
1t
0s
0r
1y
1c
1i
#27932035
0t
0s
0r
1y
1c
1i
#27933009
1t
0s
0r
1y
1c
0i
#27933947
0t
0s
0r
1y
1c
0i
#27934921
1t
0s
0r
1y
1c
0i
#27935861
0t
0s
0r
1y
1c
0i
#27936838
1t
0s
0r
1y
1c
0i
#27937776
0t
0s
0r
1y
1c
0i
#27938748
1t
0s
0r
1y
1c
0i
#27939684
0t
0s
0r
1y
1c
0i
#27940655
1t
0s
0r
1y
1c
0i
#27941590
0t
0s
0r
1y
1c
0i
#27942561
1t
0s
0r
1y
1c
0i
#27943495
0t
0s
0r
1y
1c
0i
#27944460
1t
0s
0r
1y
1c
0i
#27945390
0t
0s
0r
1y
1c
0i
#27946353
1t
0s
0r
1y
1c
0i
#27947284
0t
0s
0r
1y
1c
0i
#27948246
1t
0s
0r
1y
1c
0i
#27949173
0t
0s
0r
1y
1c
0i
#27951484
1t
0s
0r
1y
1c
0i
#27952956
0t
0s
0r
1y
1c
0i
#27953908
1t
0s
0r
1y
1c
0i
#27954840
0t
0s
0r
1y
1c
0i
#27955797
1t
0s
0r
1y
1c
0i
#27956726
0t
0s
0r
1y
1c
0i
#27957686
1t
0s
0r
1y
1c
0i
#27958615
0t
0s
0r
1y
1c
0i
#27959578
1t
0s
0r
1y
1c
0i
#27960510
0t
0s
0r
1y
1c
0i
#27961471
1t
0s
0r
1y
1c
0i
#27962404
0t
0s
0r
1y
1c
0i
#27963371
1t
0s
0r
1y
0c
0i
#27964310
0t
0s
0r
1y
0c
1i
#27965278
1t
0s
0r
1y
0c
1i
#27965601
1t
0s
1r
1y
0c
1i
#27965604
1t
0s
0r
1y
0c
1i
#27966219
0t
0s
0r
1y
0c
1i
#27967189
1t
0s
0r
1y
0c
0i
#27968133
0t
0s
0r
1y
0c
0i
#27969105
1t
0s
0r
1y
0c
0i
#27970049
0t
0s
0r
1y
0c
0i
#27971021
1t
0s
0r
1y
0c
0i
#27971963
0t
0s
0r
1y
0c
0i
#27972933
1t
0s
0r
1y
0c
0i
#27973874
0t
0s
0r
1y
0c
0i
#27974845
1t
0s
0r
1y
0c
0i
#27975784
0t
0s
0r
1y
0c
0i
#27976751
1t
0s
0r
1y
0c
0i
#27977688
0t
0s
0r
1y
0c
0i
#27978652
1t
0s
0r
1y
0c
0i
#27979589
0t
0s
0r
1y
0c
0i
#27980551
1t
0s
0r
1y
0c
0i
#27981487
0t
0s
0r
1y
0c
0i
#27982447
1t
0s
0r
1y
0c
0i
#27983379
0t
0s
0r
1y
0c
0i
#27984340
1t
0s
0r
1y
0c
0i
#27985272
0t
0s
0r
1y
0c
0i
#27986234
1t
0s
0r
1y
0c
0i
#27987166
0t
0s
0r
1y
0c
0i
#27988129
1t
0s
0r
1y
0c
0i
#27989057
0t
0s
0r
1y
0c
0i
#27990021
1t
0s
0r
1y
0c
0i
#27990953
0t
0s
0r
1y
0c
0i
#27991921
1t
0s
0r
1y
0c
0i
#27992853
0t
0s
0r
1y
0c
0i
#27993819
1t
0s
0r
1y
0c
0i
#27994751
0t
0s
0r
1y
0c
0i
#27995721
1t
0s
0r
1y
0c
0i
#27996655
0t
0s
0r
1y
0c
0i
#27997631
1t
0s
0r
1y
1c
0i
#27998569
0t
0s
0r
1y
1c
1i
#27999544
1t
0s
0r
1y
1c
1i
#28000485
0t
0s
0r
1y
1c
1i
#28001466
1t
0s
0r
1y
1c
0i
#28002412
0t
0s
0r
1y
1c
0i
#28003393
1t
0s
0r
1y
1c
0i
#28004337
0t
0s
0r
1y
1c
0i
#28005317
1t
0s
0r
1y
1c
0i
#28006260
0t
0s
0r
1y
1c
0i
#28007239
1t
0s
0r
1y
1c
0i
#28008182
0t
0s
0r
1y
1c
0i
#28009159
1t
0s
0r
1y
1c
0i
#28010096
0t
0s
0r
1y
1c
0i
#28011066
1t
0s
0r
1y
1c
0i
#28012000
0t
0s
0r
1y
1c
0i
#28012965
1t
0s
0r
1y
1c
0i
#28013896
0t
0s
0r
1y
1c
0i
#28014856
1t
0s
0r
1y
1c
0i
#28015784
0t
0s
0r
1y
1c
0i
#28016741
1t
0s
0r
1y
1c
0i
#28017665
0t
0s
0r
1y
1c
0i
#28019969
1t
0s
0r
1y
1c
0i
#28021441
0t
0s
0r
1y
1c
0i
#28022390
1t
0s
0r
1y
1c
0i
#28023321
0t
0s
0r
1y
1c
0i
#28024277
1t
0s
0r
1y
1c
0i
#28025206
0t
0s
0r
1y
1c
0i
#28026163
1t
0s
0r
1y
1c
0i
#28027089
0t
0s
0r
1y
1c
0i
#28028047
1t
0s
0r
1y
1c
0i
#28028976
0t
0s
0r
1y
1c
0i
#28029938
1t
0s
0r
1y
1c
0i
#28030868
0t
0s
0r
1y
1c
0i
#28031830
1t
0s
0r
1y
1c
0i
#28032765
0t
0s
0r
1y
1c
1i
#28033731
1t
0s
0r
1y
1c
1i
#28034670
0t
0s
0r
1y
1c
1i
#28035640
1t
0s
0r
1y
1c
0i
#28036582
0t
0s
0r
1y
1c
0i
#28037550
1t
0s
0r
1y
1c
0i
#28038493
0t
0s
0r
1y
1c
0i
#28039464
1t
0s
0r
1y
1c
0i
#28040407
0t
0s
0r
1y
1c
0i
#28041375
1t
0s
0r
1y
1c
0i
#28042315
0t
0s
0r
1y
1c
0i
#28043282
1t
0s
0r
1y
1c
0i
#28044219
0t
0s
0r
1y
1c
0i
#28045184
1t
0s
0r
1y
1c
0i
#28046120
0t
0s
0r
1y
1c
0i
#28047081
1t
0s
0r
1y
1c
0i
#28048014
0t
0s
0r
1y
1c
0i
#28048969
1t
0s
0r
1y
1c
0i
#28049899
0t
0s
0r
1y
1c
0i
#28050856
1t
0s
0r
1y
1c
0i
#28051784
0t
0s
0r
1y
1c
0i
#28052741
1t
0s
0r
1y
1c
0i
#28053666
0t
0s
0r
1y
1c
0i
#28054621
1t
0s
0r
1y
1c
0i
#28055547
0t
0s
0r
1y
1c
0i
#28056505
1t
0s
0r
1y
1c
0i
#28057430
0t
0s
0r
1y
1c
0i
#28058387
1t
0s
0r
1y
1c
0i
#28059310
0t
0s
0r
1y
1c
0i
#28060268
1t
0s
0r
1y
1c
0i
#28061193
0t
0s
0r
1y
1c
0i
#28062153
1t
0s
0r
1y
1c
0i
#28063078
0t
0s
0r
1y
1c
0i
#28064040
1t
0s
0r
1y
1c
0i
#28064966
0t
0s
0r
1y
1c
0i
#28065930
1t
0s
0r
1y
1c
0i
#28066861
0t
0s
0r
1y
1c
1i
#28067831
1t
0s
0r
1y
1c
1i
#28068765
0t
0s
0r
1y
1c
1i
#28069738
1t
0s
0r
1y
1c
0i
#28070674
0t
0s
0r
1y
1c
0i
#28071648
1t
0s
0r
1y
1c
0i
#28072586
0t
0s
0r
1y
1c
0i
#28073562
1t
0s
0r
1y
1c
0i
#28074500
0t
0s
0r
1y
1c
0i
#28075473
1t
0s
0r
1y
1c
0i
#28076408
0t
0s
0r
1y
1c
0i
#28077380
1t
0s
0r
1y
1c
0i
#28078317
0t
0s
0r
1y
1c
0i
#28079289
1t
0s
0r
1y
1c
0i
#28080225
0t
0s
0r
1y
1c
0i
#28081194
1t
0s
0r
1y
1c
0i
#28082125
0t
0s
0r
1y
1c
0i
#28083091
1t
0s
0r
1y
1c
0i
#28084026
0t
0s
0r
1y
1c
0i
#28084991
1t
0s
0r
1y
1c
0i
#28085920
0t
0s
0r
1y
1c
0i
#28088229
1t
0s
0r
1y
1c
0i
#28089718
0t
0s
0r
1y
1c
0i
#28090670
1t
0s
0r
1y
1c
0i
#28091603
0t
0s
0r
1y
1c
0i
#28092561
1t
0s
0r
1y
1c
0i
#28093493
0t
0s
0r
1y
1c
0i
#28094457
1t
0s
0r
1y
1c
0i
#28095387
0t
0s
0r
1y
1c
0i
#28096349
1t
0s
0r
1y
1c
0i
#28097280
0t
0s
0r
1y
0c
0i
#28098245
1t
0s
0r
1y
0c
0i
#28099180
0t
0s
0r
1y
0c
0i
#28100147
1t
0s
0r
1y
0c
0i
#28101084
0t
0s
0r
1y
0c
1i
#28102053
1t
0s
0r
1y
0c
1i
#28102482
1t
0s
1r
1y
0c
1i
#28102485
1t
0s
0r
1y
0c
1i
#28102995
0t
0s
0r
1y
0c
1i
#28103967
1t
0s
0r
1y
0c
0i
#28104913
0t
0s
0r
1y
0c
0i
#28105885
1t
0s
0r
1y
0c
0i
#28106829
0t
0s
0r
1y
0c
0i
#28107799
1t
0s
0r
1y
0c
0i
#28108741
0t
0s
0r
1y
0c
0i
#28109707
1t
0s
0r
1y
0c
0i
#28110644
0t
0s
0r
1y
0c
0i
#28111605
1t
0s
0r
1y
0c
0i
#28112536
0t
0s
0r
1y
0c
0i
#28113489
1t
0s
0r
1y
0c
0i
#28114411
0t
0s
0r
1y
0c
0i
#28115361
1t
0s
0r
1y
0c
0i
#28116283
0t
0s
0r
1y
0c
0i
#28117231
1t
0s
0r
1y
0c
0i
#28118151
0t
0s
0r
1y
0c
0i
#28119097
1t
0s
0r
1y
0c
0i
#28120015
0t
0s
0r
1y
0c
0i
#28120963
1t
0s
0r
1y
0c
0i
#28121884
0t
0s
0r
1y
0c
0i
#28122834
1t
0s
0r
1y
0c
0i
#28123754
0t
0s
0r
1y
0c
0i
#28124704
1t
0s
0r
1y
0c
0i
#28125626
0t
0s
0r
1y
0c
0i
#28126582
1t
0s
0r
1y
0c
0i
#28127502
0t
0s
0r
1y
0c
0i
#28128457
1t
0s
0r
1y
0c
0i
#28129378
0t
0s
0r
1y
0c
0i
#28130334
1t
0s
0r
1y
0c
0i
#28131257
0t
0s
0r
1y
0c
0i
#28132219
1t
0s
0r
1y
0c
0i
#28133144
0t
0s
0r
1y
0c
0i
#28134105
1t
0s
0r
1y
1c
0i
#28135033
0t
0s
0r
1y
1c
1i
#28136000
1t
0s
0r
1y
1c
1i
#28136933
0t
0s
0r
1y
1c
1i
#28137902
1t
0s
0r
1y
1c
0i
#28138835
0t
0s
0r
1y
1c
0i
#28139806
1t
0s
0r
1y
1c
0i
#28140740
0t
0s
0r
1y
1c
0i
#28141711
1t
0s
0r
1y
1c
0i
#28142644
0t
0s
0r
1y
1c
0i
#28143612
1t
0s
0r
1y
1c
0i
#28144541
0t
0s
0r
1y
1c
0i
#28145507
1t
0s
0r
1y
1c
0i
#28146436
0t
0s
0r
1y
1c
0i
#28147399
1t
0s
0r
1y
1c
0i
#28148323
0t
0s
0r
1y
1c
0i
#28149278
1t
0s
0r
1y
1c
0i
#28150198
0t
0s
0r
1y
1c
0i
#28151149
1t
0s
0r
1y
1c
0i
#28152069
0t
0s
0r
1y
1c
0i
#28153019
1t
0s
0r
1y
1c
0i
#28153936
0t
0s
0r
1y
1c
0i
#28156221
1t
0s
0r
1y
1c
0i
#28157674
0t
0s
0r
1y
1c
0i
#28158613
1t
0s
0r
1y
1c
0i
#28159533
0t
0s
0r
1y
1c
0i
#28160478
1t
0s
0r
1y
1c
0i
#28161397
0t
0s
0r
1y
1c
0i
#28162345
1t
0s
0r
1y
1c
0i
#28163263
0t
0s
0r
1y
1c
0i
#28164211
1t
0s
0r
1y
1c
0i
#28165128
0t
0s
0r
1y
1c
0i
#28166078
1t
0s
0r
1y
1c
0i
#28166998
0t
0s
0r
1y
1c
0i
#28167952
1t
0s
0r
1y
1c
0i
#28168877
0t
0s
0r
1y
1c
1i
#28169832
1t
0s
0r
1y
1c
1i
#28170760
0t
0s
0r
1y
1c
1i
#28171718
1t
0s
0r
1y
1c
0i
#28172649
0t
0s
0r
1y
1c
0i
#28173611
1t
0s
0r
1y
1c
0i
#28174544
0t
0s
0r
1y
1c
0i
#28175503
1t
0s
0r
1y
1c
0i
#28176433
0t
0s
0r
1y
1c
0i
#28177391
1t
0s
0r
1y
1c
0i
#28178323
0t
0s
0r
1y
1c
0i
#28179283
1t
0s
0r
1y
1c
0i
#28180213
0t
0s
0r
1y
1c
0i
#28181170
1t
0s
0r
1y
1c
0i
#28182098
0t
0s
0r
1y
1c
0i
#28183054
1t
0s
0r
1y
1c
0i
#28183984
0t
0s
0r
1y
1c
0i
#28184938
1t
0s
0r
1y
1c
0i
#28185863
0t
0s
0r
1y
1c
0i
#28186814
1t
0s
0r
1y
1c
0i
#28187739
0t
0s
0r
1y
1c
0i
#28188692
1t
0s
0r
1y
1c
0i
#28189615
0t
0s
0r
1y
1c
0i
#28190567
1t
0s
0r
1y
1c
0i
#28191487
0t
0s
0r
1y
1c
0i
#28192440
1t
0s
0r
1y
1c
0i
#28193361
0t
0s
0r
1y
1c
0i
#28194314
1t
0s
0r
1y
1c
0i
#28195236
0t
0s
0r
1y
1c
0i
#28196189
1t
0s
0r
1y
1c
0i
#28197107
0t
0s
0r
1y
1c
0i
#28198062
1t
0s
0r
1y
1c
0i
#28198983
0t
0s
0r
1y
1c
0i
#28199942
1t
0s
0r
1y
1c
0i
#28200864
0t
0s
0r
1y
1c
0i
#28201824
1t
0s
0r
1y
1c
0i
#28202748
0t
0s
0r
1y
1c
1i
#28203712
1t
0s
0r
1y
1c
1i
#28204641
0t
0s
0r
1y
1c
1i
#28205612
1t
0s
0r
1y
1c
0i
#28206545
0t
0s
0r
1y
1c
0i
#28207511
1t
0s
0r
1y
1c
0i
#28208446
0t
0s
0r
1y
1c
0i
#28209415
1t
0s
0r
1y
1c
0i
#28210349
0t
0s
0r
1y
1c
0i
#28211316
1t
0s
0r
1y
1c
0i
#28212248
0t
0s
0r
1y
1c
0i
#28213213
1t
0s
0r
1y
1c
0i
#28214142
0t
0s
0r
1y
1c
0i
#28215107
1t
0s
0r
1y
1c
0i
#28216035
0t
0s
0r
1y
1c
0i
#28216992
1t
0s
0r
1y
1c
0i
#28217916
0t
0s
0r
1y
1c
0i
#28218871
1t
0s
0r
1y
1c
0i
#28219795
0t
0s
0r
1y
1c
0i
#28220749
1t
0s
0r
1y
1c
0i
#28221669
0t
0s
0r
1y
1c
0i
#28223958
1t
0s
0r
1y
1c
0i
#28225421
0t
0s
0r
1y
1c
0i
#28226365
1t
0s
0r
1y
1c
0i
#28227290
0t
0s
0r
1y
1c
0i
#28228239
1t
0s
0r
1y
1c
0i
#28229161
0t
0s
0r
1y
1c
0i
#28230114
1t
0s
0r
1y
1c
0i
#28231037
0t
0s
0r
1y
1c
0i
#28231991
1t
0s
0r
1y
1c
0i
#28232915
0t
0s
0r
1y
1c
0i
#28233870
1t
0s
0r
1y
1c
0i
#28234796
0t
0s
0r
1y
1c
0i
#28235756
1t
0s
0r
1y
0c
0i
#28236686
0t
0s
0r
1y
0c
1i
#28237646
1t
0s
0r
1y
0c
1i
#28238104
1t
0s
1r
1y
0c
1i
#28238106
1t
0s
0r
1y
0c
1i
#28238579
0t
0s
0r
1y
0c
1i
#28239540
1t
0s
0r
1y
0c
0i
#28240476
0t
0s
0r
1y
0c
0i
#28241440
1t
0s
0r
1y
0c
0i
#28242376
0t
0s
0r
1y
0c
0i
#28243339
1t
0s
0r
1y
0c
0i
#28244273
0t
0s
0r
1y
0c
0i
#28245235
1t
0s
0r
1y
0c
0i
#28246169
0t
0s
0r
1y
0c
0i
#28247134
1t
0s
0r
1y
0c
0i
#28248068
0t
0s
0r
1y
0c
0i
#28249031
1t
0s
0r
1y
0c
0i
#28249965
0t
0s
0r
1y
0c
0i
#28250928
1t
0s
0r
1y
0c
0i
#28251864
0t
0s
0r
1y
0c
0i
#28252828
1t
0s
0r
1y
0c
0i
#28253764
0t
0s
0r
1y
0c
0i
#28254728
1t
0s
0r
1y
0c
0i
#28255661
0t
0s
0r
1y
0c
0i
#28256627
1t
0s
0r
1y
0c
0i
#28257562
0t
0s
0r
1y
0c
0i
#28258529
1t
0s
0r
1y
0c
0i
#28259463
0t
0s
0r
1y
0c
0i
#28260429
1t
0s
0r
1y
0c
0i
#28261360
0t
0s
0r
1y
0c
0i
#28262326
1t
0s
0r
1y
0c
0i
#28263261
0t
0s
0r
1y
0c
0i
#28264229
1t
0s
0r
1y
0c
0i
#28265161
0t
0s
0r
1y
0c
0i
#28266128
1t
0s
0r
1y
0c
0i
#28267062
0t
0s
0r
1y
0c
0i
#28268035
1t
0s
0r
1y
0c
0i
#28268970
0t
0s
0r
1y
0c
0i
#28269945
1t
0s
0r
1y
1c
0i
#28270883
0t
0s
0r
1y
1c
1i
#28271861
1t
0s
0r
1y
1c
1i
#28272804
0t
0s
0r
1y
1c
1i
#28273788
1t
0s
0r
1y
1c
0i
#28274734
0t
0s
0r
1y
1c
0i
#28275717
1t
0s
0r
1y
1c
0i
#28276660
0t
0s
0r
1y
1c
0i
#28277643
1t
0s
0r
1y
1c
0i
#28278589
0t
0s
0r
1y
1c
0i
#28279571
1t
0s
0r
1y
1c
0i
#28280515
0t
0s
0r
1y
1c
0i
#28281494
1t
0s
0r
1y
1c
0i
#28282433
0t
0s
0r
1y
1c
0i
#28283408
1t
0s
0r
1y
1c
0i
#28284346
0t
0s
0r
1y
1c
0i
#28285317
1t
0s
0r
1y
1c
0i
#28286253
0t
0s
0r
1y
1c
0i
#28287218
1t
0s
0r
1y
1c
0i
#28288150
0t
0s
0r
1y
1c
0i
#28289113
1t
0s
0r
1y
1c
0i
#28290042
0t
0s
0r
1y
1c
0i
#28292366
1t
0s
0r
1y
1c
0i
#28293840
0t
0s
0r
1y
1c
0i
#28294793
1t
0s
0r
1y
1c
0i
#28295729
0t
0s
0r
1y
1c
0i
#28296691
1t
0s
0r
1y
1c
0i
#28297624
0t
0s
0r
1y
1c
0i
#28298588
1t
0s
0r
1y
1c
0i
#28299519
0t
0s
0r
1y
1c
0i
#28300484
1t
0s
0r
1y
1c
0i
#28301419
0t
0s
0r
1y
1c
0i
#28302385
1t
0s
0r
1y
1c
0i
#28303320
0t
0s
0r
1y
1c
0i
#28304288
1t
0s
0r
1y
1c
0i
#28305228
0t
0s
0r
1y
1c
1i
#28306202
1t
0s
0r
1y
1c
1i
#28307145
0t
0s
0r
1y
1c
1i
#28308120
1t
0s
0r
1y
1c
0i
#28309065
0t
0s
0r
1y
1c
0i
#28310040
1t
0s
0r
1y
1c
0i
#28310986
0t
0s
0r
1y
1c
0i
#28311961
1t
0s
0r
1y
1c
0i
#28312903
0t
0s
0r
1y
1c
0i
#28313869
1t
0s
0r
1y
1c
0i
#28314802
0t
0s
0r
1y
1c
0i
#28315760
1t
0s
0r
1y
1c
0i
#28316686
0t
0s
0r
1y
1c
0i
#28317636
1t
0s
0r
1y
1c
0i
#28318558
0t
0s
0r
1y
1c
0i
#28319504
1t
0s
0r
1y
1c
0i
#28320423
0t
0s
0r
1y
1c
0i
#28321365
1t
0s
0r
1y
1c
0i
#28322281
0t
0s
0r
1y
1c
0i
#28323223
1t
0s
0r
1y
1c
0i
#28324139
0t
0s
0r
1y
1c
0i
#28325086
1t
0s
0r
1y
1c
0i
#28326003
0t
0s
0r
1y
1c
0i
#28326947
1t
0s
0r
1y
1c
0i
#28327864
0t
0s
0r
1y
1c
0i
#28328813
1t
0s
0r
1y
1c
0i
#28329732
0t
0s
0r
1y
1c
0i
#28330680
1t
0s
0r
1y
1c
0i
#28331596
0t
0s
0r
1y
1c
0i
#28332547
1t
0s
0r
1y
1c
0i
#28333465
0t
0s
0r
1y
1c
0i
#28334419
1t
0s
0r
1y
1c
0i
#28335337
0t
0s
0r
1y
1c
0i
#28336292
1t
0s
0r
1y
1c
0i
#28337211
0t
0s
0r
1y
1c
0i
#28338167
1t
0s
0r
1y
1c
0i
#28339092
0t
0s
0r
1y
1c
1i
#28340054
1t
0s
0r
1y
1c
1i
#28340982
0t
0s
0r
1y
1c
1i
#28341946
1t
0s
0r
1y
1c
0i
#28342875
0t
0s
0r
1y
1c
0i
#28343842
1t
0s
0r
1y
1c
0i
#28344773
0t
0s
0r
1y
1c
0i
#28345742
1t
0s
0r
1y
1c
0i
#28346674
0t
0s
0r
1y
1c
0i
#28347638
1t
0s
0r
1y
1c
0i
#28348567
0t
0s
0r
1y
1c
0i
#28349532
1t
0s
0r
1y
1c
0i
#28350462
0t
0s
0r
1y
1c
0i
#28351427
1t
0s
0r
1y
1c
0i
#28352356
0t
0s
0r
1y
1c
0i
#28353315
1t
0s
0r
1y
1c
0i
#28354240
0t
0s
0r
1y
1c
0i
#28355196
1t
0s
0r
1y
1c
0i
#28356122
0t
0s
0r
1y
1c
0i
#28357078
1t
0s
0r
1y
1c
0i
#28358000
0t
0s
0r
1y
1c
0i
#28360298
1t
0s
0r
1y
1c
0i
#28361759
0t
0s
0r
1y
1c
0i
#28362702
1t
0s
0r
1y
1c
0i
#28363627
0t
0s
0r
1y
1c
0i
#28364577
1t
0s
0r
1y
1c
0i
#28365501
0t
0s
0r
1y
1c
0i
#28366456
1t
0s
0r
1y
1c
0i
#28367379
0t
0s
0r
1y
1c
0i
#28368333
1t
0s
0r
1y
1c
0i
#28369256
0t
0s
0r
1y
1c
0i
