$date
	Mon Aug 18 17:37:28 BRT 2025
$end
$version
        1.0
$end
$timescale
        1ps
$end
$scope module test $end
$var wire 1 t PRI_TRG $end
$var wire 1 s SEC_TRG $end
$var wire 1 r TRG $end
$var wire 1 y SYNC $end
$var wire 1 c COIL $end
$var wire 1 i INJ $end
$upscope $end
$enddefinitions $end
$dumpvars
#17330934318
0t
0s
0r
1y
1c
0i
#17330934725
1t
0s
0r
1y
1c
0i
#17330935371
0t
0s
0r
1y
1c
0i
#17330935780
1t
0s
0r
1y
1c
0i
#17330936429
0t
0s
0r
1y
1c
0i
#17330936836
1t
0s
0r
1y
1c
0i
#17330937480
0t
0s
0r
1y
1c
0i
#17330937889
1t
0s
0r
1y
1c
0i
#17330938535
0t
0s
0r
1y
1c
0i
#17330938943
1t
0s
0r
1y
1c
0i
#17330939592
0t
0s
0r
1y
1c
0i
#17330939999
1t
0s
0r
1y
1c
0i
#17330940643
0t
0s
0r
1y
1c
0i
#17330941052
1t
0s
0r
1y
1c
0i
#17330941697
0t
0s
0r
1y
1c
0i
#17330942106
1t
0s
0r
1y
1c
0i
#17330942754
0t
0s
0r
1y
1c
0i
#17330943161
1t
0s
0r
1y
1c
0i
#17330943805
0t
0s
0r
1y
1c
0i
#17330944213
1t
0s
0r
1y
1c
0i
#17330944859
0t
0s
0r
1y
1c
0i
#17330945267
1t
0s
0r
1y
1c
0i
#17330945915
0t
0s
0r
1y
1c
0i
#17330946324
1t
0s
0r
1y
1c
0i
#17330946967
0t
0s
0r
1y
1c
0i
#17330947377
1t
0s
0r
1y
1c
0i
#17330948024
0t
0s
0r
1y
1c
0i
#17330948433
1t
0s
0r
1y
1c
0i
#17330949084
0t
0s
0r
1y
1c
0i
#17330949492
1t
0s
0r
1y
1c
1i
#17330950140
0t
0s
0r
1y
1c
1i
#17330950551
1t
0s
0r
1y
1c
1i
#17330951200
0t
0s
0r
1y
1c
1i
#17330951611
1t
0s
0r
1y
1c
1i
#17330952264
0t
0s
0r
1y
1c
0i
#17330952674
1t
0s
0r
1y
1c
0i
#17330953322
0t
0s
0r
1y
1c
0i
#17330953733
1t
0s
0r
1y
1c
0i
#17330954383
0t
0s
0r
1y
1c
0i
#17330954793
1t
0s
0r
1y
1c
0i
#17330955446
0t
0s
0r
1y
1c
0i
#17330955855
1t
0s
0r
1y
1c
0i
#17330956502
0t
0s
0r
1y
1c
0i
#17330956914
1t
0s
0r
1y
1c
0i
#17330957562
0t
0s
0r
1y
1c
0i
#17330957974
1t
0s
0r
1y
1c
0i
#17330958624
0t
0s
0r
1y
1c
0i
#17330959034
1t
0s
0r
1y
1c
0i
#17330959680
0t
0s
0r
1y
1c
0i
#17330960092
1t
0s
0r
1y
1c
0i
#17330960739
0t
0s
0r
1y
1c
0i
#17330961150
1t
0s
0r
1y
1c
0i
#17330961799
0t
0s
0r
1y
1c
0i
#17330962210
1t
0s
0r
1y
1c
0i
#17330962854
0t
0s
0r
1y
1c
0i
#17330963267
1t
0s
0r
1y
1c
0i
#17330963912
0t
0s
0r
1y
1c
0i
#17330964324
1t
0s
0r
1y
1c
0i
#17330964972
0t
0s
0r
1y
1c
0i
#17330965382
1t
0s
0r
1y
1c
0i
#17330967063
0t
0s
0r
1y
1c
0i
#17330968243
1t
0s
0r
1y
1c
0i
#17330969211
0t
0s
0r
1y
1c
0i
#17330969607
1t
0s
0r
1y
1c
0i
#17330970258
0t
0s
0r
1y
1c
0i
#17330970666
1t
0s
0r
1y
1c
0i
#17330971314
0t
0s
0r
1y
1c
0i
#17330971722
1t
0s
0r
1y
1c
0i
#17330972370
0t
0s
0r
1y
1c
0i
#17330972780
1t
0s
0r
1y
1c
0i
#17330973427
0t
0s
0r
1y
1c
0i
#17330973836
1t
0s
0r
1y
1c
0i
#17330974485
0t
0s
0r
1y
1c
0i
#17330974893
1t
0s
0r
1y
1c
0i
#17330975538
0t
0s
0r
1y
1c
0i
#17330975947
1t
0s
0r
1y
1c
0i
#17330976594
0t
0s
0r
1y
1c
0i
#17330977003
1t
0s
0r
1y
1c
0i
#17330977652
0t
0s
0r
1y
1c
0i
#17330978061
1t
0s
0r
1y
1c
0i
#17330978706
0t
0s
0r
1y
0c
0i
#17330979117
1t
0s
0r
1y
0c
0i
#17330979764
0t
0s
0r
1y
0c
0i
#17330980174
1t
0s
0r
1y
0c
0i
#17330980826
0t
0s
0r
1y
0c
0i
#17330981235
1t
0s
0r
1y
0c
1i
#17330981884
0t
0s
0r
1y
0c
1i
#17330982295
1t
0s
0r
1y
0c
1i
#17330982946
0t
0s
0r
1y
0c
1i
#17330983357
1t
0s
0r
1y
0c
1i
#17330983411
1t
0s
1r
1y
0c
1i
#17330983413
1t
0s
0r
1y
0c
1i
#17330984011
0t
0s
0r
1y
0c
0i
#17330984421
1t
0s
0r
1y
0c
0i
#17330985071
0t
0s
0r
1y
0c
0i
#17330985482
1t
0s
0r
1y
0c
0i
#17330986133
0t
0s
0r
1y
0c
0i
#17330986543
1t
0s
0r
1y
0c
0i
#17330987197
0t
0s
0r
1y
0c
0i
#17330987605
1t
0s
0r
1y
0c
0i
#17330988253
0t
0s
0r
1y
0c
0i
#17330988664
1t
0s
0r
1y
0c
0i
#17330989311
0t
0s
0r
1y
0c
0i
#17330989720
1t
0s
0r
1y
0c
0i
#17330990370
0t
0s
0r
1y
0c
0i
#17330990775
1t
0s
0r
1y
0c
0i
#17330991421
0t
0s
0r
1y
0c
0i
#17330991827
1t
0s
0r
1y
0c
0i
#17330992473
0t
0s
0r
1y
0c
0i
#17330992878
1t
0s
0r
1y
0c
0i
#17330993526
0t
0s
0r
1y
0c
0i
#17330993929
1t
0s
0r
1y
0c
0i
#17330994572
0t
0s
0r
1y
0c
0i
#17330994978
1t
0s
0r
1y
0c
0i
#17330995623
0t
0s
0r
1y
0c
0i
#17330996028
1t
0s
0r
1y
0c
0i
#17330996677
0t
0s
0r
1y
0c
0i
#17330997080
1t
0s
0r
1y
0c
0i
#17330997726
0t
0s
0r
1y
0c
0i
#17330998131
1t
0s
0r
1y
0c
0i
#17330998777
0t
0s
0r
1y
0c
0i
#17330999184
1t
0s
0r
1y
0c
0i
#17330999832
0t
0s
0r
1y
0c
0i
#17331000238
1t
0s
0r
1y
0c
0i
#17331000883
0t
0s
0r
1y
0c
0i
#17331001290
1t
0s
0r
1y
0c
0i
#17331001936
0t
0s
0r
1y
0c
0i
#17331002343
1t
0s
0r
1y
0c
0i
#17331002992
0t
0s
0r
1y
0c
0i
#17331003398
1t
0s
0r
1y
0c
0i
#17331004042
0t
0s
0r
1y
0c
0i
#17331004450
1t
0s
0r
1y
0c
0i
#17331005095
0t
0s
0r
1y
0c
0i
#17331005503
1t
0s
0r
1y
0c
0i
#17331006151
0t
0s
0r
1y
0c
0i
#17331006557
1t
0s
0r
1y
0c
0i
#17331007201
0t
0s
0r
1y
0c
0i
#17331007610
1t
0s
0r
1y
0c
0i
#17331008255
0t
0s
0r
1y
0c
0i
#17331008663
1t
0s
0r
1y
0c
0i
#17331009310
0t
0s
0r
1y
0c
0i
#17331009719
1t
0s
0r
1y
0c
0i
#17331010362
0t
0s
0r
1y
0c
0i
#17331010773
1t
0s
0r
1y
0c
0i
#17331011419
0t
0s
0r
1y
1c
0i
#17331011828
1t
0s
0r
1y
1c
0i
#17331012479
0t
0s
0r
1y
1c
0i
#17331012887
1t
0s
0r
1y
1c
1i
#17331013535
0t
0s
0r
1y
1c
1i
#17331013946
1t
0s
0r
1y
1c
1i
#17331014596
0t
0s
0r
1y
1c
1i
#17331015006
1t
0s
0r
1y
1c
1i
#17331015660
0t
0s
0r
1y
1c
0i
#17331016069
1t
0s
0r
1y
1c
0i
#17331016717
0t
0s
0r
1y
1c
0i
#17331017128
1t
0s
0r
1y
1c
0i
#17331017778
0t
0s
0r
1y
1c
0i
#17331018188
1t
0s
0r
1y
1c
0i
#17331018840
0t
0s
0r
1y
1c
0i
#17331019250
1t
0s
0r
1y
1c
0i
#17331019896
0t
0s
0r
1y
1c
0i
#17331020309
1t
0s
0r
1y
1c
0i
#17331020955
0t
0s
0r
1y
1c
0i
#17331021367
1t
0s
0r
1y
1c
0i
#17331022017
0t
0s
0r
1y
1c
0i
#17331022426
1t
0s
0r
1y
1c
0i
#17331023071
0t
0s
0r
1y
1c
0i
#17331023482
1t
0s
0r
1y
1c
0i
#17331024128
0t
0s
0r
1y
1c
0i
#17331024538
1t
0s
0r
1y
1c
0i
#17331025186
0t
0s
0r
1y
1c
0i
#17331025596
1t
0s
0r
1y
1c
0i
#17331026238
0t
0s
0r
1y
1c
0i
#17331026650
1t
0s
0r
1y
1c
0i
#17331027294
0t
0s
0r
1y
1c
0i
#17331027705
1t
0s
0r
1y
1c
0i
#17331028351
0t
0s
0r
1y
1c
0i
#17331028760
1t
0s
0r
1y
1c
0i
#17331030437
0t
0s
0r
1y
1c
0i
#17331031616
1t
0s
0r
1y
1c
0i
#17331032581
0t
0s
0r
1y
1c
0i
#17331032977
1t
0s
0r
1y
1c
0i
#17331033626
0t
0s
0r
1y
1c
0i
#17331034034
1t
0s
0r
1y
1c
0i
#17331034680
0t
0s
0r
1y
1c
0i
#17331035089
1t
0s
0r
1y
1c
0i
#17331035735
0t
0s
0r
1y
1c
0i
#17331036144
1t
0s
0r
1y
1c
0i
#17331036790
0t
0s
0r
1y
1c
0i
#17331037199
1t
0s
0r
1y
1c
0i
#17331037847
0t
0s
0r
1y
1c
0i
#17331038253
1t
0s
0r
1y
1c
0i
#17331038897
0t
0s
0r
1y
1c
0i
#17331039306
1t
0s
0r
1y
1c
0i
#17331039952
0t
0s
0r
1y
1c
0i
#17331040359
1t
0s
0r
1y
1c
0i
#17331041007
0t
0s
0r
1y
1c
0i
#17331041415
1t
0s
0r
1y
1c
0i
#17331042059
0t
0s
0r
1y
1c
0i
#17331042468
1t
0s
0r
1y
1c
0i
#17331043114
0t
0s
0r
1y
0c
0i
#17331043523
1t
0s
0r
1y
0c
0i
#17331044174
0t
0s
0r
1y
0c
0i
#17331044581
1t
0s
0r
1y
0c
1i
#17331045229
0t
0s
0r
1y
0c
1i
#17331045638
1t
0s
0r
1y
0c
1i
#17331046287
0t
0s
0r
1y
0c
1i
#17331046697
1t
0s
0r
1y
0c
1i
#17331047349
0t
0s
0r
1y
0c
0i
#17331047758
1t
0s
0r
1y
0c
0i
#17331048406
0t
0s
0r
1y
0c
0i
#17331048816
1t
0s
0r
1y
0c
0i
#17331049465
0t
0s
0r
1y
0c
0i
#17331049874
1t
0s
0r
1y
0c
0i
#17331050525
0t
0s
0r
1y
0c
0i
#17331050932
1t
0s
0r
1y
0c
0i
#17331051579
0t
0s
0r
1y
0c
0i
#17331051989
1t
0s
0r
1y
0c
0i
#17331052636
0t
0s
0r
1y
0c
0i
#17331053044
1t
0s
0r
1y
0c
0i
#17331053694
0t
0s
0r
1y
0c
0i
#17331054100
1t
0s
0r
1y
0c
0i
#17331054745
0t
0s
0r
1y
0c
0i
#17331055153
1t
0s
0r
1y
0c
0i
#17331055799
0t
0s
0r
1y
0c
0i
#17331056205
1t
0s
0r
1y
0c
0i
#17331056853
0t
0s
0r
1y
0c
0i
#17331057257
1t
0s
0r
1y
0c
0i
#17331057902
0t
0s
0r
1y
0c
0i
#17331058308
1t
0s
0r
1y
0c
0i
#17331058953
0t
0s
0r
1y
0c
0i
#17331059358
1t
0s
0r
1y
0c
0i
#17331060007
0t
0s
0r
1y
0c
0i
#17331060411
1t
0s
0r
1y
0c
0i
#17331061056
0t
0s
0r
1y
0c
0i
#17331061462
1t
0s
0r
1y
0c
0i
#17331062107
0t
0s
0r
1y
0c
0i
#17331062515
1t
0s
0r
1y
0c
0i
#17331063162
0t
0s
0r
1y
0c
0i
#17331063568
1t
0s
0r
1y
0c
0i
#17331064211
0t
0s
0r
1y
0c
0i
#17331064619
1t
0s
0r
1y
0c
0i
#17331065264
0t
0s
0r
1y
0c
0i
#17331065671
1t
0s
0r
1y
0c
0i
#17331066319
0t
0s
0r
1y
0c
0i
#17331066724
1t
0s
0r
1y
0c
0i
#17331067368
0t
0s
0r
1y
0c
0i
#17331067776
1t
0s
0r
1y
0c
0i
#17331068419
0t
0s
0r
1y
0c
0i
#17331068827
1t
0s
0r
1y
0c
0i
#17331069473
0t
0s
0r
1y
0c
0i
#17331069879
1t
0s
0r
1y
0c
0i
#17331070521
0t
0s
0r
1y
0c
0i
#17331070929
1t
0s
0r
1y
0c
0i
#17331071573
0t
0s
0r
1y
0c
0i
#17331071981
1t
0s
0r
1y
0c
0i
#17331072626
0t
0s
0r
1y
0c
0i
#17331073034
1t
0s
0r
1y
0c
0i
#17331073676
0t
0s
0r
1y
0c
0i
#17331074086
1t
0s
0r
1y
0c
0i
#17331074729
0t
0s
0r
1y
1c
0i
#17331075139
1t
0s
0r
1y
1c
0i
#17331075787
0t
0s
0r
1y
1c
0i
#17331076195
1t
0s
0r
1y
1c
1i
#17331076841
0t
0s
0r
1y
1c
1i
#17331077251
1t
0s
0r
1y
1c
1i
#17331077898
0t
0s
0r
1y
1c
1i
#17331078308
1t
0s
0r
1y
1c
1i
#17331078959
0t
0s
0r
1y
1c
0i
#17331079368
1t
0s
0r
1y
1c
0i
#17331080015
0t
0s
0r
1y
1c
0i
#17331080425
1t
0s
0r
1y
1c
0i
#17331081074
0t
0s
0r
1y
1c
0i
#17331081483
1t
0s
0r
1y
1c
0i
#17331082134
0t
0s
0r
1y
1c
0i
#17331082542
1t
0s
0r
1y
1c
0i
#17331083187
0t
0s
0r
1y
1c
0i
#17331083599
1t
0s
0r
1y
1c
0i
#17331084243
0t
0s
0r
1y
1c
0i
#17331084654
1t
0s
0r
1y
1c
0i
#17331085301
0t
0s
0r
1y
1c
0i
#17331085710
1t
0s
0r
1y
1c
0i
#17331086353
0t
0s
0r
1y
1c
0i
#17331086762
1t
0s
0r
1y
1c
0i
#17331087406
0t
0s
0r
1y
1c
0i
#17331087814
1t
0s
0r
1y
1c
0i
#17331088459
0t
0s
0r
1y
1c
0i
#17331088867
1t
0s
0r
1y
1c
0i
#17331089507
0t
0s
0r
1y
1c
0i
#17331089917
1t
0s
0r
1y
1c
0i
#17331090558
0t
0s
0r
1y
1c
0i
#17331090967
1t
0s
0r
1y
1c
0i
#17331091611
0t
0s
0r
1y
1c
0i
#17331092019
1t
0s
0r
1y
1c
0i
#17331093689
0t
0s
0r
1y
1c
0i
#17331094863
1t
0s
0r
1y
1c
0i
#17331095824
0t
0s
0r
1y
1c
0i
#17331096219
1t
0s
0r
1y
1c
0i
#17331096865
0t
0s
0r
1y
1c
0i
#17331097272
1t
0s
0r
1y
1c
0i
#17331097915
0t
0s
0r
1y
1c
0i
#17331098322
1t
0s
0r
1y
1c
0i
#17331098965
0t
0s
0r
1y
1c
0i
#17331099373
1t
0s
0r
1y
1c
0i
#17331100016
0t
0s
0r
1y
1c
0i
#17331100423
1t
0s
0r
1y
1c
0i
#17331101068
0t
0s
0r
1y
1c
0i
#17331101473
1t
0s
0r
1y
1c
0i
#17331102114
0t
0s
0r
1y
1c
0i
#17331102521
1t
0s
0r
1y
1c
0i
#17331103163
0t
0s
0r
1y
1c
0i
#17331103569
1t
0s
0r
1y
1c
0i
#17331104213
0t
0s
0r
1y
1c
0i
#17331104621
1t
0s
0r
1y
1c
0i
#17331105261
0t
0s
0r
1y
1c
0i
#17331105670
1t
0s
0r
1y
1c
0i
#17331106312
0t
0s
0r
1y
0c
0i
#17331106720
1t
0s
0r
1y
0c
0i
#17331107367
0t
0s
0r
1y
0c
0i
#17331107773
1t
0s
0r
1y
0c
1i
#17331108417
0t
0s
0r
1y
0c
1i
#17331108825
1t
0s
0r
1y
0c
1i
#17331109471
0t
0s
0r
1y
0c
1i
#17331109880
1t
0s
0r
1y
0c
1i
#17331109994
1t
0s
1r
1y
0c
1i
#17331109997
1t
0s
0r
1y
0c
1i
#17331110530
0t
0s
0r
1y
0c
0i
#17331110936
1t
0s
0r
1y
0c
0i
#17331111582
0t
0s
0r
1y
0c
0i
#17331111990
1t
0s
0r
1y
0c
0i
#17331112636
0t
0s
0r
1y
0c
0i
#17331113044
1t
0s
0r
1y
0c
0i
#17331113694
0t
0s
0r
1y
0c
0i
#17331114099
1t
0s
0r
1y
0c
0i
#17331114744
0t
0s
0r
1y
0c
0i
#17331115154
1t
0s
0r
1y
0c
0i
#17331115799
0t
0s
0r
1y
0c
0i
#17331116207
1t
0s
0r
1y
0c
0i
#17331116856
0t
0s
0r
1y
0c
0i
#17331117262
1t
0s
0r
1y
0c
0i
#17331117908
0t
0s
0r
1y
0c
0i
#17331118316
1t
0s
0r
1y
0c
0i
#17331118963
0t
0s
0r
1y
0c
0i
#17331119369
1t
0s
0r
1y
0c
0i
#17331120019
0t
0s
0r
1y
0c
0i
#17331120424
1t
0s
0r
1y
0c
0i
#17331121070
0t
0s
0r
1y
0c
0i
#17331121476
1t
0s
0r
1y
0c
0i
#17331122124
0t
0s
0r
1y
0c
0i
#17331122530
1t
0s
0r
1y
0c
0i
#17331123180
0t
0s
0r
1y
0c
0i
#17331123585
1t
0s
0r
1y
0c
0i
#17331124232
0t
0s
0r
1y
0c
0i
#17331124638
1t
0s
0r
1y
0c
0i
#17331125284
0t
0s
0r
1y
0c
0i
#17331125692
1t
0s
0r
1y
0c
0i
#17331126341
0t
0s
0r
1y
0c
0i
#17331126747
1t
0s
0r
1y
0c
0i
#17331127392
0t
0s
0r
1y
0c
0i
#17331127800
1t
0s
0r
1y
0c
0i
#17331128446
0t
0s
0r
1y
0c
0i
#17331128853
1t
0s
0r
1y
0c
0i
#17331129502
0t
0s
0r
1y
0c
0i
#17331129908
1t
0s
0r
1y
0c
0i
#17331130552
0t
0s
0r
1y
0c
0i
#17331130961
1t
0s
0r
1y
0c
0i
#17331131606
0t
0s
0r
1y
0c
0i
#17331132014
1t
0s
0r
1y
0c
0i
#17331132662
0t
0s
0r
1y
0c
0i
#17331133069
1t
0s
0r
1y
0c
0i
#17331133713
0t
0s
0r
1y
0c
0i
#17331134121
1t
0s
0r
1y
0c
0i
#17331134767
0t
0s
0r
1y
0c
0i
#17331135175
1t
0s
0r
1y
0c
0i
#17331135823
0t
0s
0r
1y
0c
0i
#17331136232
1t
0s
0r
1y
0c
0i
#17331136875
0t
0s
0r
1y
0c
0i
#17331137286
1t
0s
0r
1y
0c
0i
#17331137933
0t
0s
0r
1y
1c
0i
#17331138343
1t
0s
0r
1y
1c
0i
#17331138994
0t
0s
0r
1y
1c
0i
#17331139403
1t
0s
0r
1y
1c
1i
#17331140051
0t
0s
0r
1y
1c
1i
#17331140462
1t
0s
0r
1y
1c
1i
#17331141113
0t
0s
0r
1y
1c
1i
#17331141524
1t
0s
0r
1y
1c
1i
#17331142177
0t
0s
0r
1y
1c
0i
#17331142587
1t
0s
0r
1y
1c
0i
#17331143237
0t
0s
0r
1y
1c
0i
#17331143648
1t
0s
0r
1y
1c
0i
#17331144298
0t
0s
0r
1y
1c
0i
#17331144709
1t
0s
0r
1y
1c
0i
#17331145361
0t
0s
0r
1y
1c
0i
#17331145771
1t
0s
0r
1y
1c
0i
#17331146418
0t
0s
0r
1y
1c
0i
#17331146830
1t
0s
0r
1y
1c
0i
#17331147477
0t
0s
0r
1y
1c
0i
#17331147889
1t
0s
0r
1y
1c
0i
#17331148538
0t
0s
0r
1y
1c
0i
#17331148947
1t
0s
0r
1y
1c
0i
#17331149591
0t
0s
0r
1y
1c
0i
#17331150002
1t
0s
0r
1y
1c
0i
#17331150647
0t
0s
0r
1y
1c
0i
#17331151057
1t
0s
0r
1y
1c
0i
#17331151703
0t
0s
0r
1y
1c
0i
#17331152113
1t
0s
0r
1y
1c
0i
#17331152754
0t
0s
0r
1y
1c
0i
#17331153166
1t
0s
0r
1y
1c
0i
#17331153808
0t
0s
0r
1y
1c
0i
#17331154218
1t
0s
0r
1y
1c
0i
#17331154864
0t
0s
0r
1y
1c
0i
#17331155273
1t
0s
0r
1y
1c
0i
#17331156947
0t
0s
0r
1y
1c
0i
#17331158125
1t
0s
0r
1y
1c
0i
#17331159088
0t
0s
0r
1y
1c
0i
#17331159484
1t
0s
0r
1y
1c
0i
#17331160132
0t
0s
0r
1y
1c
0i
#17331160540
1t
0s
0r
1y
1c
0i
#17331161185
0t
0s
0r
1y
1c
0i
#17331161593
1t
0s
0r
1y
1c
0i
#17331162238
0t
0s
0r
1y
1c
0i
#17331162647
1t
0s
0r
1y
1c
0i
#17331163292
0t
0s
0r
1y
1c
0i
#17331163699
1t
0s
0r
1y
1c
0i
#17331164346
0t
0s
0r
1y
1c
0i
#17331164753
1t
0s
0r
1y
1c
0i
#17331165396
0t
0s
0r
1y
1c
0i
#17331165804
1t
0s
0r
1y
1c
0i
#17331166448
0t
0s
0r
1y
1c
0i
#17331166855
1t
0s
0r
1y
1c
0i
#17331167501
0t
0s
0r
1y
1c
0i
#17331167909
1t
0s
0r
1y
1c
0i
#17331168552
0t
0s
0r
1y
0c
0i
#17331168961
1t
0s
0r
1y
0c
0i
#17331169606
0t
0s
0r
1y
0c
0i
#17331170015
1t
0s
0r
1y
0c
0i
#17331170664
0t
0s
0r
1y
0c
0i
#17331171071
1t
0s
0r
1y
0c
1i
#17331171718
0t
0s
0r
1y
0c
1i
#17331172127
1t
0s
0r
1y
0c
1i
#17331172775
0t
0s
0r
1y
0c
1i
#17331173185
1t
0s
0r
1y
0c
1i
#17331173837
0t
0s
0r
1y
0c
0i
#17331174245
1t
0s
0r
1y
0c
0i
#17331174893
0t
0s
0r
1y
0c
0i
#17331175303
1t
0s
0r
1y
0c
0i
#17331175952
0t
0s
0r
1y
0c
0i
#17331176360
1t
0s
0r
1y
0c
0i
#17331177011
0t
0s
0r
1y
0c
0i
#17331177417
1t
0s
0r
1y
0c
0i
#17331178063
0t
0s
0r
1y
0c
0i
#17331178472
1t
0s
0r
1y
0c
0i
#17331179117
0t
0s
0r
1y
0c
0i
#17331179524
1t
0s
0r
1y
0c
0i
#17331180171
0t
0s
0r
1y
0c
0i
#17331180576
1t
0s
0r
1y
0c
0i
#17331181219
0t
0s
0r
1y
0c
0i
#17331181624
1t
0s
0r
1y
0c
0i
#17331182267
0t
0s
0r
1y
0c
0i
#17331182671
1t
0s
0r
1y
0c
0i
#17331183316
0t
0s
0r
1y
0c
0i
#17331183718
1t
0s
0r
1y
0c
0i
#17331184358
0t
0s
0r
1y
0c
0i
#17331184763
1t
0s
0r
1y
0c
0i
#17331185404
0t
0s
0r
1y
0c
0i
#17331185809
1t
0s
0r
1y
0c
0i
#17331186453
0t
0s
0r
1y
0c
0i
#17331186856
1t
0s
0r
1y
0c
0i
#17331187497
0t
0s
0r
1y
0c
0i
#17331187902
1t
0s
0r
1y
0c
0i
#17331188543
0t
0s
0r
1y
0c
0i
#17331188950
1t
0s
0r
1y
0c
0i
#17331189594
0t
0s
0r
1y
0c
0i
#17331189998
1t
0s
0r
1y
0c
0i
#17331190638
0t
0s
0r
1y
0c
0i
#17331191044
1t
0s
0r
1y
0c
0i
#17331191686
0t
0s
0r
1y
0c
0i
#17331192092
1t
0s
0r
1y
0c
0i
#17331192737
0t
0s
0r
1y
0c
0i
#17331193141
1t
0s
0r
1y
0c
0i
#17331193781
0t
0s
0r
1y
0c
0i
#17331194188
1t
0s
0r
1y
0c
0i
#17331194828
0t
0s
0r
1y
0c
0i
#17331195235
1t
0s
0r
1y
0c
0i
#17331195878
0t
0s
0r
1y
0c
0i
#17331196283
1t
0s
0r
1y
0c
0i
#17331196922
0t
0s
0r
1y
0c
0i
#17331197329
1t
0s
0r
1y
0c
0i
#17331197969
0t
0s
0r
1y
0c
0i
#17331198375
1t
0s
0r
1y
0c
0i
#17331199018
0t
0s
0r
1y
0c
0i
#17331199425
1t
0s
0r
1y
0c
0i
#17331200064
0t
0s
0r
1y
0c
0i
#17331200472
1t
0s
0r
1y
0c
0i
#17331201113
0t
0s
0r
1y
1c
0i
#17331201521
1t
0s
0r
1y
1c
0i
#17331202167
0t
0s
0r
1y
1c
0i
#17331202573
1t
0s
0r
1y
1c
1i
#17331203216
0t
0s
0r
1y
1c
1i
#17331203624
1t
0s
0r
1y
1c
1i
#17331204269
0t
0s
0r
1y
1c
1i
#17331204678
1t
0s
0r
1y
1c
1i
#17331205326
0t
0s
0r
1y
1c
0i
#17331205733
1t
0s
0r
1y
1c
0i
#17331206377
0t
0s
0r
1y
1c
0i
#17331206786
1t
0s
0r
1y
1c
0i
#17331207431
0t
0s
0r
1y
1c
0i
#17331207839
1t
0s
0r
1y
1c
0i
#17331208487
0t
0s
0r
1y
1c
0i
#17331208894
1t
0s
0r
1y
1c
0i
#17331209536
0t
0s
0r
1y
1c
0i
#17331209946
1t
0s
0r
1y
1c
0i
#17331210589
0t
0s
0r
1y
1c
0i
#17331210998
1t
0s
0r
1y
1c
0i
#17331211643
0t
0s
0r
1y
1c
0i
#17331212051
1t
0s
0r
1y
1c
0i
#17331212691
0t
0s
0r
1y
1c
0i
#17331213100
1t
0s
0r
1y
1c
0i
#17331213742
0t
0s
0r
1y
1c
0i
#17331214150
1t
0s
0r
1y
1c
0i
#17331214794
0t
0s
0r
1y
1c
0i
#17331215202
1t
0s
0r
1y
1c
0i
#17331215840
0t
0s
0r
1y
1c
0i
#17331216250
1t
0s
0r
1y
1c
0i
#17331216890
0t
0s
0r
1y
1c
0i
#17331217298
1t
0s
0r
1y
1c
0i
#17331217941
0t
0s
0r
1y
1c
0i
#17331218348
1t
0s
0r
1y
1c
0i
#17331220015
0t
0s
0r
1y
1c
0i
#17331221186
1t
0s
0r
1y
1c
0i
#17331222145
0t
0s
0r
1y
1c
0i
#17331222540
1t
0s
0r
1y
1c
0i
#17331223185
0t
0s
0r
1y
1c
0i
#17331223590
1t
0s
0r
1y
1c
0i
#17331224233
0t
0s
0r
1y
1c
0i
#17331224638
1t
0s
0r
1y
1c
0i
#17331225280
0t
0s
0r
1y
1c
0i
#17331225688
1t
0s
0r
1y
1c
0i
#17331226329
0t
0s
0r
1y
1c
0i
#17331226736
1t
0s
0r
1y
1c
0i
#17331227380
0t
0s
0r
1y
1c
0i
#17331227784
1t
0s
0r
1y
1c
0i
#17331228425
0t
0s
0r
1y
1c
0i
#17331228831
1t
0s
0r
1y
1c
0i
#17331229473
0t
0s
0r
1y
1c
0i
#17331229878
1t
0s
0r
1y
1c
0i
#17331230522
0t
0s
0r
1y
1c
0i
#17331230929
1t
0s
0r
1y
1c
0i
#17331231568
0t
0s
0r
1y
1c
0i
#17331231976
1t
0s
0r
1y
1c
0i
#17331232618
0t
0s
0r
1y
0c
0i
#17331233025
1t
0s
0r
1y
0c
0i
#17331233672
0t
0s
0r
1y
0c
0i
#17331234078
1t
0s
0r
1y
0c
1i
#17331234721
0t
0s
0r
1y
0c
1i
#17331235129
1t
0s
0r
1y
0c
1i
#17331235774
0t
0s
0r
1y
0c
1i
#17331236182
1t
0s
0r
1y
0c
1i
#17331236284
1t
0s
1r
1y
0c
1i
#17331236287
1t
0s
0r
1y
0c
1i
#17331236830
0t
0s
0r
1y
0c
0i
#17331237237
1t
0s
0r
1y
0c
0i
#17331237881
0t
0s
0r
1y
0c
0i
#17331238289
1t
0s
0r
1y
0c
0i
#17331238935
0t
0s
0r
1y
0c
0i
#17331239341
1t
0s
0r
1y
0c
0i
#17331239990
0t
0s
0r
1y
0c
0i
#17331240395
1t
0s
0r
1y
0c
0i
#17331241039
0t
0s
0r
1y
0c
0i
#17331241447
1t
0s
0r
1y
0c
0i
#17331242092
0t
0s
0r
1y
0c
0i
#17331242499
1t
0s
0r
1y
0c
0i
#17331243146
0t
0s
0r
1y
0c
0i
#17331243552
1t
0s
0r
1y
0c
0i
#17331244197
0t
0s
0r
1y
0c
0i
#17331244603
1t
0s
0r
1y
0c
0i
#17331245249
0t
0s
0r
1y
0c
0i
#17331245654
1t
0s
0r
1y
0c
0i
#17331246303
0t
0s
0r
1y
0c
0i
#17331246707
1t
0s
0r
1y
0c
0i
#17331247351
0t
0s
0r
1y
0c
0i
#17331247757
1t
0s
0r
1y
0c
0i
#17331248403
0t
0s
0r
1y
0c
0i
#17331248808
1t
0s
0r
1y
0c
0i
#17331249457
0t
0s
0r
1y
0c
0i
#17331249861
1t
0s
0r
1y
0c
0i
#17331250506
0t
0s
0r
1y
0c
0i
#17331250913
1t
0s
0r
1y
0c
0i
#17331251558
0t
0s
0r
1y
0c
0i
#17331251966
1t
0s
0r
1y
0c
0i
#17331252613
0t
0s
0r
1y
0c
0i
#17331253019
1t
0s
0r
1y
0c
0i
#17331253663
0t
0s
0r
1y
0c
0i
#17331254070
1t
0s
0r
1y
0c
0i
#17331254716
0t
0s
0r
1y
0c
0i
#17331255122
1t
0s
0r
1y
0c
0i
#17331255771
0t
0s
0r
1y
0c
0i
#17331256176
1t
0s
0r
1y
0c
0i
#17331256819
0t
0s
0r
1y
0c
0i
#17331257228
1t
0s
0r
1y
0c
0i
#17331257871
0t
0s
0r
1y
0c
0i
#17331258279
1t
0s
0r
1y
0c
0i
#17331258926
0t
0s
0r
1y
0c
0i
#17331259332
1t
0s
0r
1y
0c
0i
#17331259975
0t
0s
0r
1y
0c
0i
#17331260383
1t
0s
0r
1y
0c
0i
#17331261027
0t
0s
0r
1y
0c
0i
#17331261435
1t
0s
0r
1y
0c
0i
#17331262081
0t
0s
0r
1y
0c
0i
#17331262490
1t
0s
0r
1y
0c
0i
#17331263132
0t
0s
0r
1y
0c
0i
#17331263542
1t
0s
0r
1y
0c
0i
#17331264187
0t
0s
0r
1y
1c
0i
#17331264596
1t
0s
0r
1y
1c
0i
#17331265246
0t
0s
0r
1y
1c
0i
#17331265654
1t
0s
0r
1y
1c
1i
#17331266300
0t
0s
0r
1y
1c
1i
#17331266710
1t
0s
0r
1y
1c
1i
#17331267359
0t
0s
0r
1y
1c
1i
#17331267769
1t
0s
0r
1y
1c
1i
#17331268421
0t
0s
0r
1y
1c
0i
#17331268830
1t
0s
0r
1y
1c
0i
#17331269477
0t
0s
0r
1y
1c
0i
#17331269887
1t
0s
0r
1y
1c
0i
#17331270536
0t
0s
0r
1y
1c
0i
#17331270945
1t
0s
0r
1y
1c
0i
#17331271596
0t
0s
0r
1y
1c
0i
#17331272005
1t
0s
0r
1y
1c
0i
#17331272650
0t
0s
0r
1y
1c
0i
#17331273062
1t
0s
0r
1y
1c
0i
#17331273707
0t
0s
0r
1y
1c
0i
#17331274118
1t
0s
0r
1y
1c
0i
#17331274767
0t
0s
0r
1y
1c
0i
#17331275176
1t
0s
0r
1y
1c
0i
#17331275819
0t
0s
0r
1y
1c
0i
#17331276230
1t
0s
0r
1y
1c
0i
#17331276874
0t
0s
0r
1y
1c
0i
#17331277283
1t
0s
0r
1y
1c
0i
#17331277930
0t
0s
0r
1y
1c
0i
#17331278339
1t
0s
0r
1y
1c
0i
#17331278980
0t
0s
0r
1y
1c
0i
#17331279391
1t
0s
0r
1y
1c
0i
#17331280033
0t
0s
0r
1y
1c
0i
#17331280443
1t
0s
0r
1y
1c
0i
#17331281089
0t
0s
0r
1y
1c
0i
#17331281497
1t
0s
0r
1y
1c
0i
#17331283171
0t
0s
0r
1y
1c
0i
#17331284349
1t
0s
0r
1y
1c
0i
#17331285311
0t
0s
0r
1y
1c
0i
#17331285708
1t
0s
0r
1y
1c
0i
#17331286356
0t
0s
0r
1y
1c
0i
#17331286763
1t
0s
0r
1y
1c
0i
#17331287409
0t
0s
0r
1y
1c
0i
#17331287816
1t
0s
0r
1y
1c
0i
#17331288461
0t
0s
0r
1y
1c
0i
#17331288870
1t
0s
0r
1y
1c
0i
#17331289514
0t
0s
0r
1y
1c
0i
#17331289922
1t
0s
0r
1y
1c
0i
#17331290569
0t
0s
0r
1y
1c
0i
#17331290975
1t
0s
0r
1y
1c
0i
#17331291618
0t
0s
0r
1y
1c
0i
#17331292026
1t
0s
0r
1y
1c
0i
#17331292671
0t
0s
0r
1y
1c
0i
#17331293078
1t
0s
0r
1y
1c
0i
#17331293724
0t
0s
0r
1y
1c
0i
#17331294132
1t
0s
0r
1y
1c
0i
#17331294774
0t
0s
0r
1y
1c
0i
#17331295183
1t
0s
0r
1y
1c
0i
#17331295828
0t
0s
0r
1y
0c
0i
#17331296236
1t
0s
0r
1y
0c
0i
#17331296885
0t
0s
0r
1y
0c
0i
#17331297292
1t
0s
0r
1y
0c
1i
#17331297938
0t
0s
0r
1y
0c
1i
#17331298347
1t
0s
0r
1y
0c
1i
#17331298995
0t
0s
0r
1y
0c
1i
#17331299404
1t
0s
0r
1y
0c
1i
#17331300055
0t
0s
0r
1y
0c
0i
#17331300463
1t
0s
0r
1y
0c
0i
#17331301109
0t
0s
0r
1y
0c
0i
#17331301519
1t
0s
0r
1y
0c
0i
#17331302167
0t
0s
0r
1y
0c
0i
#17331302575
1t
0s
0r
1y
0c
0i
#17331303226
0t
0s
0r
1y
0c
0i
#17331303633
1t
0s
0r
1y
0c
0i
#17331304279
0t
0s
0r
1y
0c
0i
#17331304689
1t
0s
0r
1y
0c
0i
#17331305336
0t
0s
0r
1y
0c
0i
#17331305746
1t
0s
0r
1y
0c
0i
#17331306397
0t
0s
0r
1y
0c
0i
#17331306804
1t
0s
0r
1y
0c
0i
#17331307453
0t
0s
0r
1y
0c
0i
#17331307862
1t
0s
0r
1y
0c
0i
#17331308512
0t
0s
0r
1y
0c
0i
#17331308921
1t
0s
0r
1y
0c
0i
#17331309575
0t
0s
0r
1y
0c
0i
#17331309982
1t
0s
0r
1y
0c
0i
#17331310633
0t
0s
0r
1y
0c
0i
#17331311041
1t
0s
0r
1y
0c
0i
#17331311694
0t
0s
0r
1y
0c
0i
#17331312102
1t
0s
0r
1y
0c
0i
#17331312758
0t
0s
0r
1y
0c
0i
#17331313165
1t
0s
0r
1y
0c
0i
#17331313817
0t
0s
0r
1y
0c
0i
#17331314226
1t
0s
0r
1y
0c
0i
#17331314878
0t
0s
0r
1y
0c
0i
#17331315289
1t
0s
0r
1y
0c
0i
#17331315942
0t
0s
0r
1y
0c
0i
#17331316351
1t
0s
0r
1y
0c
0i
#17331317000
0t
0s
0r
1y
0c
0i
#17331317411
1t
0s
0r
1y
0c
0i
#17331318062
0t
0s
0r
1y
0c
0i
#17331318471
1t
0s
0r
1y
0c
0i
#17331319125
0t
0s
0r
1y
0c
0i
#17331319533
1t
0s
0r
1y
0c
0i
#17331320181
0t
0s
0r
1y
0c
0i
#17331320592
1t
0s
0r
1y
0c
0i
#17331321241
0t
0s
0r
1y
0c
0i
#17331321651
1t
0s
0r
1y
0c
0i
#17331322303
0t
0s
0r
1y
0c
0i
#17331322712
1t
0s
0r
1y
0c
0i
#17331323360
0t
0s
0r
1y
0c
0i
#17331323770
1t
0s
0r
1y
0c
0i
#17331324419
0t
0s
0r
1y
0c
0i
#17331324829
1t
0s
0r
1y
0c
0i
#17331325481
0t
0s
0r
1y
0c
0i
#17331325892
1t
0s
0r
1y
0c
0i
#17331326538
0t
0s
0r
1y
0c
0i
#17331326951
1t
0s
0r
1y
0c
0i
#17331327601
0t
0s
0r
1y
1c
0i
#17331328013
1t
0s
0r
1y
1c
0i
#17331328668
0t
0s
0r
1y
1c
0i
#17331329078
1t
0s
0r
1y
1c
1i
#17331329730
0t
0s
0r
1y
1c
1i
#17331330143
1t
0s
0r
1y
1c
1i
#17331330797
0t
0s
0r
1y
1c
1i
#17331331210
1t
0s
0r
1y
1c
1i
#17331331868
0t
0s
0r
1y
1c
0i
#17331332279
1t
0s
0r
1y
1c
0i
#17331332932
0t
0s
0r
1y
1c
0i
#17331333345
1t
0s
0r
1y
1c
0i
#17331333999
0t
0s
0r
1y
1c
0i
#17331334411
1t
0s
0r
1y
1c
0i
#17331335068
0t
0s
0r
1y
1c
0i
#17331335479
1t
0s
0r
1y
1c
0i
#17331336130
0t
0s
0r
1y
1c
0i
#17331336544
1t
0s
0r
1y
1c
0i
#17331337195
0t
0s
0r
1y
1c
0i
#17331337608
1t
0s
0r
1y
1c
0i
#17331338261
0t
0s
0r
1y
1c
0i
#17331338673
1t
0s
0r
1y
1c
0i
#17331339322
0t
0s
0r
1y
1c
0i
#17331339735
1t
0s
0r
1y
1c
0i
#17331340385
0t
0s
0r
1y
1c
0i
#17331340797
1t
0s
0r
1y
1c
0i
#17331341448
0t
0s
0r
1y
1c
0i
#17331341860
1t
0s
0r
1y
1c
0i
#17331342506
0t
0s
0r
1y
1c
0i
#17331342920
1t
0s
0r
1y
1c
0i
#17331343568
0t
0s
0r
1y
1c
0i
#17331343981
1t
0s
0r
1y
1c
0i
#17331344632
0t
0s
0r
1y
1c
0i
#17331345043
1t
0s
0r
1y
1c
0i
#17331346730
0t
0s
0r
1y
1c
0i
#17331347915
1t
0s
0r
1y
1c
0i
#17331348885
0t
0s
0r
1y
1c
0i
#17331349284
1t
0s
0r
1y
1c
0i
#17331349936
0t
0s
0r
1y
1c
0i
#17331350346
1t
0s
0r
1y
1c
0i
#17331350997
0t
0s
0r
1y
1c
0i
#17331351406
1t
0s
0r
1y
1c
0i
#17331352056
0t
0s
0r
1y
1c
0i
#17331352467
1t
0s
0r
1y
1c
0i
#17331353117
0t
0s
0r
1y
1c
0i
#17331353527
1t
0s
0r
1y
1c
0i
#17331354178
0t
0s
0r
1y
1c
0i
#17331354587
1t
0s
0r
1y
1c
0i
#17331355234
0t
0s
0r
1y
1c
0i
#17331355645
1t
0s
0r
1y
1c
0i
#17331356293
0t
0s
0r
1y
1c
0i
#17331356703
1t
0s
0r
1y
1c
0i
#17331357354
0t
0s
0r
1y
1c
0i
#17331357764
1t
0s
0r
1y
1c
0i
#17331358410
0t
0s
0r
1y
1c
0i
#17331358822
1t
0s
0r
1y
1c
0i
#17331359471
0t
0s
0r
1y
0c
0i
#17331359883
1t
0s
0r
1y
0c
0i
#17331360536
0t
0s
0r
1y
0c
0i
#17331360946
1t
0s
0r
1y
0c
1i
#17331361597
0t
0s
0r
1y
0c
1i
#17331362009
1t
0s
0r
1y
0c
1i
#17331362662
0t
0s
0r
1y
0c
1i
#17331363058
0t
0s
1r
1y
0c
1i
#17331363061
0t
0s
0r
1y
0c
1i
#17331363074
1t
0s
0r
1y
0c
1i
#17331363730
0t
0s
0r
1y
0c
0i
#17331364141
1t
0s
0r
1y
0c
0i
#17331364793
0t
0s
0r
1y
0c
0i
#17331365205
1t
0s
0r
1y
0c
0i
#17331365859
0t
0s
0r
1y
0c
0i
#17331366270
1t
0s
0r
1y
0c
0i
#17331366927
0t
0s
0r
1y
0c
0i
#17331367336
1t
0s
0r
1y
0c
0i
#17331367988
0t
0s
0r
1y
0c
0i
#17331368400
1t
0s
0r
1y
0c
0i
#17331369052
0t
0s
0r
1y
0c
0i
#17331369463
1t
0s
0r
1y
0c
0i
#17331370118
0t
0s
0r
1y
0c
0i
#17331370526
1t
0s
0r
1y
0c
0i
#17331371177
0t
0s
0r
1y
0c
0i
#17331371587
1t
0s
0r
1y
0c
0i
#17331372238
0t
0s
0r
1y
0c
0i
#17331372646
1t
0s
0r
1y
0c
0i
#17331373300
0t
0s
0r
1y
0c
0i
#17331373707
1t
0s
0r
1y
0c
0i
#17331374356
0t
0s
0r
1y
0c
0i
#17331374764
1t
0s
0r
1y
0c
0i
#17331375416
0t
0s
0r
1y
0c
0i
#17331375823
1t
0s
0r
1y
0c
0i
#17331376477
0t
0s
0r
1y
0c
0i
#17331376883
1t
0s
0r
1y
0c
0i
#17331377533
0t
0s
0r
1y
0c
0i
#17331377942
1t
0s
0r
1y
0c
0i
#17331378592
0t
0s
0r
1y
0c
0i
#17331379002
1t
0s
0r
1y
0c
0i
#17331379654
0t
0s
0r
1y
0c
0i
#17331380063
1t
0s
0r
1y
0c
0i
#17331380711
0t
0s
0r
1y
0c
0i
#17331381121
1t
0s
0r
1y
0c
0i
#17331381772
0t
0s
0r
1y
0c
0i
#17331382181
1t
0s
0r
1y
0c
0i
#17331382834
0t
0s
0r
1y
0c
0i
#17331383242
1t
0s
0r
1y
0c
0i
#17331383891
0t
0s
0r
1y
0c
0i
#17331384302
1t
0s
0r
1y
0c
0i
#17331384951
0t
0s
0r
1y
0c
0i
#17331385361
1t
0s
0r
1y
0c
0i
#17331386013
0t
0s
0r
1y
0c
0i
#17331386422
1t
0s
0r
1y
0c
0i
#17331387070
0t
0s
0r
1y
0c
0i
#17331387481
1t
0s
0r
1y
0c
0i
#17331388130
0t
0s
0r
1y
0c
0i
#17331388540
1t
0s
0r
1y
0c
0i
#17331389192
0t
0s
0r
1y
0c
0i
#17331389603
1t
0s
0r
1y
0c
0i
#17331390251
0t
0s
0r
1y
0c
0i
#17331390663
1t
0s
0r
1y
0c
0i
#17331391314
0t
0s
0r
1y
1c
0i
#17331391726
1t
0s
0r
1y
1c
0i
#17331392381
0t
0s
0r
1y
1c
0i
#17331392791
1t
0s
0r
1y
1c
1i
#17331393443
0t
0s
0r
1y
1c
1i
#17331393857
1t
0s
0r
1y
1c
1i
#17331394511
0t
0s
0r
1y
1c
1i
#17331394924
1t
0s
0r
1y
1c
1i
#17331395582
0t
0s
0r
1y
1c
0i
#17331395994
1t
0s
0r
1y
1c
0i
#17331396647
0t
0s
0r
1y
1c
0i
#17331397060
1t
0s
0r
1y
1c
0i
#17331397714
0t
0s
0r
1y
1c
0i
#17331398127
1t
0s
0r
1y
1c
0i
#17331398784
0t
0s
0r
1y
1c
0i
#17331399195
1t
0s
0r
1y
1c
0i
#17331399847
0t
0s
0r
1y
1c
0i
#17331400262
1t
0s
0r
1y
1c
0i
#17331400913
0t
0s
0r
1y
1c
0i
#17331401327
1t
0s
0r
1y
1c
0i
#17331401982
0t
0s
0r
1y
1c
0i
#17331402394
1t
0s
0r
1y
1c
0i
#17331403045
0t
0s
0r
1y
1c
0i
#17331403458
1t
0s
0r
1y
1c
0i
#17331404110
0t
0s
0r
1y
1c
0i
#17331404523
1t
0s
0r
1y
1c
0i
#17331405177
0t
0s
0r
1y
1c
0i
#17331405590
1t
0s
0r
1y
1c
0i
#17331406238
0t
0s
0r
1y
1c
0i
#17331406653
1t
0s
0r
1y
1c
0i
#17331407303
0t
0s
0r
1y
1c
0i
#17331407717
1t
0s
0r
1y
1c
0i
#17331408369
0t
0s
0r
1y
1c
0i
#17331408781
1t
0s
0r
1y
1c
0i
#17331410472
0t
0s
0r
1y
1c
0i
#17331411660
1t
0s
0r
1y
1c
0i
#17331412633
0t
0s
0r
1y
1c
0i
#17331413032
1t
0s
0r
1y
1c
0i
#17331413686
0t
0s
0r
1y
1c
0i
#17331414097
1t
0s
0r
1y
1c
0i
#17331414749
0t
0s
0r
1y
1c
0i
#17331415160
1t
0s
0r
1y
1c
0i
#17331415811
0t
0s
0r
1y
1c
0i
#17331416224
1t
0s
0r
1y
1c
0i
#17331416875
0t
0s
0r
1y
1c
0i
#17331417286
1t
0s
0r
1y
1c
0i
#17331417940
0t
0s
0r
1y
1c
0i
#17331418349
1t
0s
0r
1y
1c
0i
#17331418999
0t
0s
0r
1y
1c
0i
#17331419410
1t
0s
0r
1y
1c
0i
#17331420062
0t
0s
0r
1y
1c
0i
#17331420472
1t
0s
0r
1y
1c
0i
#17331421126
0t
0s
0r
1y
1c
0i
#17331421537
1t
0s
0r
1y
1c
0i
#17331422187
0t
0s
0r
1y
1c
0i
#17331422600
1t
0s
0r
1y
1c
0i
#17331423252
0t
0s
0r
1y
0c
0i
#17331423664
1t
0s
0r
1y
0c
0i
#17331424320
0t
0s
0r
1y
0c
0i
#17331424731
1t
0s
0r
1y
0c
1i
#17331425385
0t
0s
0r
1y
0c
1i
#17331425798
1t
0s
0r
1y
0c
1i
#17331426452
0t
0s
0r
1y
0c
1i
#17331426866
1t
0s
0r
1y
0c
1i
#17331427524
0t
0s
0r
1y
0c
0i
#17331427937
1t
0s
0r
1y
0c
0i
#17331428591
0t
0s
0r
1y
0c
0i
#17331429004
1t
0s
0r
1y
0c
0i
#17331429659
0t
0s
0r
1y
0c
0i
#17331430071
1t
0s
0r
1y
0c
0i
#17331430730
0t
0s
0r
1y
0c
0i
#17331431140
1t
0s
0r
1y
0c
0i
#17331431794
0t
0s
0r
1y
0c
0i
#17331432207
1t
0s
0r
1y
0c
0i
#17331432861
0t
0s
0r
1y
0c
0i
#17331433273
1t
0s
0r
1y
0c
0i
#17331433931
0t
0s
0r
1y
0c
0i
#17331434341
1t
0s
0r
1y
0c
0i
#17331434995
0t
0s
0r
1y
0c
0i
#17331435406
1t
0s
0r
1y
0c
0i
#17331436061
0t
0s
0r
1y
0c
0i
#17331436472
1t
0s
0r
1y
0c
0i
#17331437130
0t
0s
0r
1y
0c
0i
#17331437538
1t
0s
0r
1y
0c
0i
#17331438192
0t
0s
0r
1y
0c
0i
#17331438602
1t
0s
0r
1y
0c
0i
#17331439257
0t
0s
0r
1y
0c
0i
#17331439667
1t
0s
0r
1y
0c
0i
#17331440325
0t
0s
0r
1y
0c
0i
#17331440734
1t
0s
0r
1y
0c
0i
#17331441388
0t
0s
0r
1y
0c
0i
#17331441799
1t
0s
0r
1y
0c
0i
#17331442453
0t
0s
0r
1y
0c
0i
#17331442866
1t
0s
0r
1y
0c
0i
#17331443522
0t
0s
0r
1y
0c
0i
#17331443933
1t
0s
0r
1y
0c
0i
#17331444585
0t
0s
0r
1y
0c
0i
#17331444997
1t
0s
0r
1y
0c
0i
#17331445651
0t
0s
0r
1y
0c
0i
#17331446063
1t
0s
0r
1y
0c
0i
#17331446719
0t
0s
0r
1y
0c
0i
#17331447129
1t
0s
0r
1y
0c
0i
#17331447781
0t
0s
0r
1y
0c
0i
#17331448194
1t
0s
0r
1y
0c
0i
#17331448846
0t
0s
0r
1y
0c
0i
#17331449259
1t
0s
0r
1y
0c
0i
#17331449914
0t
0s
0r
1y
0c
0i
#17331450325
1t
0s
0r
1y
0c
0i
#17331450976
0t
0s
0r
1y
0c
0i
#17331451389
1t
0s
0r
1y
0c
0i
#17331452041
0t
0s
0r
1y
0c
0i
#17331452453
1t
0s
0r
1y
0c
0i
#17331453108
0t
0s
0r
1y
0c
0i
#17331453521
1t
0s
0r
1y
0c
0i
#17331454172
0t
0s
0r
1y
0c
0i
#17331454586
1t
0s
0r
1y
0c
0i
#17331455240
0t
0s
0r
1y
1c
0i
#17331455654
1t
0s
0r
1y
1c
0i
#17331456312
0t
0s
0r
1y
1c
0i
#17331456724
1t
0s
0r
1y
1c
1i
#17331457379
0t
0s
0r
1y
1c
1i
#17331457794
1t
0s
0r
1y
1c
1i
#17331458452
0t
0s
0r
1y
1c
1i
#17331458866
1t
0s
0r
1y
1c
1i
#17331459527
0t
0s
0r
1y
1c
0i
#17331459941
1t
0s
0r
1y
1c
0i
#17331460596
0t
0s
0r
1y
1c
0i
#17331461012
1t
0s
0r
1y
1c
0i
#17331461669
0t
0s
0r
1y
1c
0i
#17331462083
1t
0s
0r
1y
1c
0i
#17331462743
0t
0s
0r
1y
1c
0i
#17331463156
1t
0s
0r
1y
1c
0i
#17331463809
0t
0s
0r
1y
1c
0i
#17331464225
1t
0s
0r
1y
1c
0i
#17331464879
0t
0s
0r
1y
1c
0i
#17331465294
1t
0s
0r
1y
1c
0i
#17331465950
0t
0s
0r
1y
1c
0i
#17331466362
1t
0s
0r
1y
1c
0i
#17331467012
0t
0s
0r
1y
1c
0i
#17331467425
1t
0s
0r
1y
1c
0i
#17331468075
0t
0s
0r
1y
1c
0i
#17331468488
1t
0s
0r
1y
1c
0i
#17331469139
0t
0s
0r
1y
1c
0i
#17331469552
1t
0s
0r
1y
1c
0i
#17331470198
0t
0s
0r
1y
1c
0i
#17331470612
1t
0s
0r
1y
1c
0i
#17331471260
0t
0s
0r
1y
1c
0i
#17331471672
1t
0s
0r
1y
1c
0i
#17331472324
0t
0s
0r
1y
1c
0i
#17331472735
1t
0s
0r
1y
1c
0i
#17331474424
0t
0s
0r
1y
1c
0i
#17331475609
1t
0s
0r
1y
1c
0i
#17331476582
0t
0s
0r
1y
1c
0i
#17331476981
1t
0s
0r
1y
1c
0i
#17331477635
0t
0s
0r
1y
1c
0i
#17331478045
1t
0s
0r
1y
1c
0i
#17331478697
0t
0s
0r
1y
1c
0i
#17331479108
1t
0s
0r
1y
1c
0i
#17331479758
0t
0s
0r
1y
1c
0i
#17331480171
1t
0s
0r
1y
1c
0i
#17331480822
0t
0s
0r
1y
1c
0i
#17331481233
1t
0s
0r
1y
1c
0i
#17331481886
0t
0s
0r
1y
1c
0i
#17331482295
1t
0s
0r
1y
1c
0i
#17331482944
0t
0s
0r
1y
1c
0i
#17331483356
1t
0s
0r
1y
1c
0i
#17331484006
0t
0s
0r
1y
1c
0i
#17331484416
1t
0s
0r
1y
1c
0i
#17331485069
0t
0s
0r
1y
1c
0i
#17331485480
1t
0s
0r
1y
1c
0i
#17331486128
0t
0s
0r
1y
1c
0i
#17331486541
1t
0s
0r
1y
1c
0i
#17331487192
0t
0s
0r
1y
0c
0i
#17331487604
1t
0s
0r
1y
0c
0i
#17331488259
0t
0s
0r
1y
0c
0i
#17331488669
1t
0s
0r
1y
0c
1i
#17331489322
0t
0s
0r
1y
0c
1i
#17331489734
1t
0s
0r
1y
0c
1i
#17331490388
0t
0s
0r
1y
0c
1i
#17331490802
1t
0s
0r
1y
0c
1i
#17331490871
1t
0s
1r
1y
0c
1i
#17331490873
1t
0s
0r
1y
0c
1i
#17331491459
0t
0s
0r
1y
0c
0i
#17331491871
1t
0s
0r
1y
0c
0i
#17331492524
0t
0s
0r
1y
0c
0i
#17331492937
1t
0s
0r
1y
0c
0i
#17331493593
0t
0s
0r
1y
0c
0i
#17331494004
1t
0s
0r
1y
0c
0i
#17331494662
0t
0s
0r
1y
0c
0i
#17331495072
1t
0s
0r
1y
0c
0i
#17331495726
0t
0s
0r
1y
0c
0i
#17331496140
1t
0s
0r
1y
0c
0i
#17331496795
0t
0s
0r
1y
0c
0i
#17331497207
1t
0s
0r
1y
0c
0i
#17331497867
0t
0s
0r
1y
0c
0i
#17331498277
1t
0s
0r
1y
0c
0i
#17331498933
0t
0s
0r
1y
0c
0i
#17331499345
1t
0s
0r
1y
0c
0i
#17331500003
0t
0s
0r
1y
0c
0i
#17331500415
1t
0s
0r
1y
0c
0i
#17331501077
0t
0s
0r
1y
0c
0i
#17331501487
1t
0s
0r
1y
0c
0i
#17331502145
0t
0s
0r
1y
0c
0i
#17331502557
1t
0s
0r
1y
0c
0i
#17331503216
0t
0s
0r
1y
0c
0i
#17331503628
1t
0s
0r
1y
0c
0i
#17331504290
0t
0s
0r
1y
0c
0i
#17331504701
1t
0s
0r
1y
0c
0i
#17331505360
0t
0s
0r
1y
0c
0i
#17331505773
1t
0s
0r
1y
0c
0i
#17331506432
0t
0s
0r
1y
0c
0i
#17331506846
1t
0s
0r
1y
0c
0i
#17331507507
0t
0s
0r
1y
0c
0i
#17331507920
1t
0s
0r
1y
0c
0i
#17331508577
0t
0s
0r
1y
0c
0i
#17331508991
1t
0s
0r
1y
0c
0i
#17331509650
0t
0s
0r
1y
0c
0i
#17331510063
1t
0s
0r
1y
0c
0i
#17331510724
0t
0s
0r
1y
0c
0i
#17331511137
1t
0s
0r
1y
0c
0i
#17331511794
0t
0s
0r
1y
0c
0i
#17331512208
1t
0s
0r
1y
0c
0i
#17331512866
0t
0s
0r
1y
0c
0i
#17331513280
1t
0s
0r
1y
0c
0i
#17331513940
0t
0s
0r
1y
0c
0i
#17331514353
1t
0s
0r
1y
0c
0i
#17331515009
0t
0s
0r
1y
0c
0i
#17331515424
1t
0s
0r
1y
0c
0i
#17331516081
0t
0s
0r
1y
0c
0i
#17331516496
1t
0s
0r
1y
0c
0i
#17331517156
0t
0s
0r
1y
0c
0i
#17331517572
1t
0s
0r
1y
0c
0i
#17331518227
0t
0s
0r
1y
0c
0i
#17331518644
1t
0s
0r
1y
0c
0i
#17331519303
0t
0s
0r
1y
1c
0i
#17331519719
1t
0s
0r
1y
1c
0i
#17331520383
0t
0s
0r
1y
1c
0i
#17331520798
1t
0s
0r
1y
1c
1i
#17331521458
0t
0s
0r
1y
1c
1i
#17331521875
1t
0s
0r
1y
1c
1i
#17331522538
0t
0s
0r
1y
1c
1i
#17331522955
1t
0s
0r
1y
1c
1i
#17331523620
0t
0s
0r
1y
1c
0i
#17331524036
1t
0s
0r
1y
1c
0i
#17331524697
0t
0s
0r
1y
1c
0i
#17331525114
1t
0s
0r
1y
1c
0i
#17331525776
0t
0s
0r
1y
1c
0i
#17331526192
1t
0s
0r
1y
1c
0i
#17331526856
0t
0s
0r
1y
1c
0i
#17331527272
1t
0s
0r
1y
1c
0i
#17331527931
0t
0s
0r
1y
1c
0i
#17331528349
1t
0s
0r
1y
1c
0i
#17331529008
0t
0s
0r
1y
1c
0i
#17331529425
1t
0s
0r
1y
1c
0i
#17331530086
0t
0s
0r
1y
1c
0i
#17331530501
1t
0s
0r
1y
1c
0i
#17331531157
0t
0s
0r
1y
1c
0i
#17331531574
1t
0s
0r
1y
1c
0i
#17331532230
0t
0s
0r
1y
1c
0i
#17331532646
1t
0s
0r
1y
1c
0i
#17331533303
0t
0s
0r
1y
1c
0i
#17331533719
1t
0s
0r
1y
1c
0i
#17331534371
0t
0s
0r
1y
1c
0i
#17331534789
1t
0s
0r
1y
1c
0i
#17331535443
0t
0s
0r
1y
1c
0i
#17331535859
1t
0s
0r
1y
1c
0i
#17331536516
0t
0s
0r
1y
1c
0i
#17331536931
1t
0s
0r
1y
1c
0i
#17331538635
0t
0s
0r
1y
1c
0i
#17331539831
1t
0s
0r
1y
1c
0i
#17331540811
0t
0s
0r
1y
1c
0i
#17331541213
1t
0s
0r
1y
1c
0i
#17331541873
0t
0s
0r
1y
1c
0i
#17331542286
1t
0s
0r
1y
1c
0i
#17331542943
0t
0s
0r
1y
1c
0i
#17331543356
1t
0s
0r
1y
1c
0i
#17331544013
0t
0s
0r
1y
1c
0i
#17331544428
1t
0s
0r
1y
1c
0i
#17331545084
0t
0s
0r
1y
1c
0i
#17331545498
1t
0s
0r
1y
1c
0i
#17331546156
0t
0s
0r
1y
1c
0i
#17331546568
1t
0s
0r
1y
1c
0i
#17331547223
0t
0s
0r
1y
1c
0i
#17331547636
1t
0s
0r
1y
1c
0i
#17331548292
0t
0s
0r
1y
1c
0i
#17331548705
1t
0s
0r
1y
1c
0i
#17331549363
0t
0s
0r
1y
1c
0i
#17331549777
1t
0s
0r
1y
1c
0i
#17331550431
0t
0s
0r
1y
0c
0i
#17331550846
1t
0s
0r
1y
0c
0i
#17331551502
0t
0s
0r
1y
0c
0i
#17331551917
1t
0s
0r
1y
0c
0i
#17331552578
0t
0s
0r
1y
0c
0i
#17331552991
1t
0s
0r
1y
0c
1i
#17331553650
0t
0s
0r
1y
0c
1i
#17331554064
1t
0s
0r
1y
0c
1i
#17331554725
0t
0s
0r
1y
0c
1i
#17331555141
1t
0s
0r
1y
0c
1i
#17331555804
0t
0s
0r
1y
0c
0i
#17331556219
1t
0s
0r
1y
0c
0i
#17331556878
0t
0s
0r
1y
0c
0i
#17331557294
1t
0s
0r
1y
0c
0i
#17331557955
0t
0s
0r
1y
0c
0i
#17331558369
1t
0s
0r
1y
0c
0i
#17331559032
0t
0s
0r
1y
0c
0i
#17331559444
1t
0s
0r
1y
0c
0i
#17331560101
0t
0s
0r
1y
0c
0i
#17331560517
1t
0s
0r
1y
0c
0i
#17331561173
0t
0s
0r
1y
0c
0i
#17331561587
1t
0s
0r
1y
0c
0i
#17331562244
0t
0s
0r
1y
0c
0i
#17331562655
1t
0s
0r
1y
0c
0i
#17331563309
0t
0s
0r
1y
0c
0i
#17331563720
1t
0s
0r
1y
0c
0i
#17331564374
0t
0s
0r
1y
0c
0i
#17331564783
1t
0s
0r
1y
0c
0i
#17331565439
0t
0s
0r
1y
0c
0i
#17331565847
1t
0s
0r
1y
0c
0i
#17331566498
0t
0s
0r
1y
0c
0i
#17331566908
1t
0s
0r
1y
0c
0i
#17331567560
0t
0s
0r
1y
0c
0i
#17331567970
1t
0s
0r
1y
0c
0i
#17331568625
0t
0s
0r
1y
0c
0i
#17331569034
1t
0s
0r
1y
0c
0i
#17331569686
0t
0s
0r
1y
0c
0i
#17331570097
1t
0s
0r
1y
0c
0i
#17331570749
0t
0s
0r
1y
0c
0i
#17331571162
1t
0s
0r
1y
0c
0i
#17331571817
0t
0s
0r
1y
0c
0i
#17331572227
1t
0s
0r
1y
0c
0i
#17331572879
0t
0s
0r
1y
0c
0i
#17331573291
1t
0s
0r
1y
0c
0i
#17331573944
0t
0s
0r
1y
0c
0i
#17331574355
1t
0s
0r
1y
0c
0i
#17331575011
0t
0s
0r
1y
0c
0i
#17331575421
1t
0s
0r
1y
0c
0i
#17331576072
0t
0s
0r
1y
0c
0i
#17331576485
1t
0s
0r
1y
0c
0i
#17331577137
0t
0s
0r
1y
0c
0i
#17331577548
1t
0s
0r
1y
0c
0i
#17331578203
0t
0s
0r
1y
0c
0i
#17331578614
1t
0s
0r
1y
0c
0i
#17331579264
0t
0s
0r
1y
0c
0i
#17331579676
1t
0s
0r
1y
0c
0i
#17331580328
0t
0s
0r
1y
0c
0i
#17331580740
1t
0s
0r
1y
0c
0i
#17331581395
0t
0s
0r
1y
0c
0i
#17331581807
1t
0s
0r
1y
0c
0i
#17331582457
0t
0s
0r
1y
0c
0i
#17331582871
1t
0s
0r
1y
0c
0i
#17331583524
0t
0s
0r
1y
1c
0i
#17331583937
1t
0s
0r
1y
1c
0i
#17331584595
0t
0s
0r
1y
1c
0i
#17331585007
1t
0s
0r
1y
1c
1i
#17331585662
0t
0s
0r
1y
1c
1i
#17331586076
1t
0s
0r
1y
1c
1i
#17331586733
0t
0s
0r
1y
1c
1i
#17331587147
1t
0s
0r
1y
1c
1i
#17331587808
0t
0s
0r
1y
1c
0i
#17331588220
1t
0s
0r
1y
1c
0i
#17331588876
0t
0s
0r
1y
1c
0i
#17331589290
1t
0s
0r
1y
1c
0i
#17331589947
0t
0s
0r
1y
1c
0i
#17331590361
1t
0s
0r
1y
1c
0i
#17331591020
0t
0s
0r
1y
1c
0i
#17331591433
1t
0s
0r
1y
1c
0i
#17331592086
0t
0s
0r
1y
1c
0i
#17331592501
1t
0s
0r
1y
1c
0i
#17331593155
0t
0s
0r
1y
1c
0i
#17331593569
1t
0s
0r
1y
1c
0i
#17331594224
0t
0s
0r
1y
1c
0i
#17331594636
1t
0s
0r
1y
1c
0i
#17331595286
0t
0s
0r
1y
1c
0i
#17331595700
1t
0s
0r
1y
1c
0i
#17331596350
0t
0s
0r
1y
1c
0i
#17331596763
1t
0s
0r
1y
1c
0i
#17331597415
0t
0s
0r
1y
1c
0i
#17331597827
1t
0s
0r
1y
1c
0i
#17331598475
0t
0s
0r
1y
1c
0i
#17331598888
1t
0s
0r
1y
1c
0i
#17331599537
0t
0s
0r
1y
1c
0i
#17331599949
1t
0s
0r
1y
1c
0i
#17331600601
0t
0s
0r
1y
1c
0i
#17331601012
1t
0s
0r
1y
1c
0i
#17331602701
0t
0s
0r
1y
1c
0i
#17331603888
1t
0s
0r
1y
1c
0i
#17331604858
0t
0s
0r
1y
1c
0i
#17331605257
1t
0s
0r
1y
1c
0i
#17331605911
0t
0s
0r
1y
1c
0i
#17331606321
1t
0s
0r
1y
1c
0i
#17331606972
0t
0s
0r
1y
1c
0i
#17331607382
1t
0s
0r
1y
1c
0i
#17331608033
0t
0s
0r
1y
1c
0i
#17331608445
1t
0s
0r
1y
1c
0i
#17331609095
0t
0s
0r
1y
1c
0i
#17331609506
1t
0s
0r
1y
1c
0i
#17331610158
0t
0s
0r
1y
1c
0i
#17331610567
1t
0s
0r
1y
1c
0i
#17331611216
0t
0s
0r
1y
1c
0i
#17331611627
1t
0s
0r
1y
1c
0i
#17331612277
0t
0s
0r
1y
1c
0i
#17331612687
1t
0s
0r
1y
1c
0i
#17331613339
0t
0s
0r
1y
1c
0i
#17331613750
1t
0s
0r
1y
1c
0i
#17331750161
0t
0s
0r
1y
0c
0i
#17331750573
1t
0s
0r
1y
0c
0i
#17331751233
0t
0s
0r
1y
0c
0i
#17331751643
1t
0s
0r
1y
0c
0i
#17331752298
0t
0s
0r
1y
0c
0i
#17331752712
1t
0s
0r
1y
0c
0i
#17331753368
0t
0s
0r
1y
0c
0i
#17331753780
1t
0s
0r
1y
0c
0i
#17331754438
0t
0s
0r
1y
0c
0i
#17331754849
1t
0s
0r
1y
0c
0i
#17331755504
0t
0s
0r
1y
0c
0i
#17331755916
1t
0s
0r
1y
0c
0i
#17331756572
0t
0s
0r
1y
0c
0i
#17331756983
1t
0s
0r
1y
0c
0i
#17331757642
0t
0s
0r
1y
0c
0i
#17331758050
1t
0s
0r
1y
0c
0i
#17331758705
0t
0s
0r
1y
0c
0i
#17331759115
1t
0s
0r
1y
0c
0i
#17331759771
0t
0s
0r
1y
0c
0i
#17331760181
1t
0s
0r
1y
0c
0i
#17331760840
0t
0s
0r
1y
0c
0i
#17331761248
1t
0s
0r
1y
0c
0i
#17331761902
0t
0s
0r
1y
0c
0i
#17331762313
1t
0s
0r
1y
0c
0i
#17331762968
0t
0s
0r
1y
0c
0i
#17331763380
1t
0s
0r
1y
0c
0i
#17331764037
0t
0s
0r
1y
0c
0i
#17331764448
1t
0s
0r
1y
0c
0i
#17331765101
0t
0s
0r
1y
0c
0i
#17331765513
1t
0s
0r
1y
0c
0i
#17331766168
0t
0s
0r
1y
0c
0i
#17331766579
1t
0s
0r
1y
0c
0i
#17331767237
0t
0s
0r
1y
0c
0i
#17331767647
1t
0s
0r
1y
0c
0i
#17331768300
0t
0s
0r
1y
0c
0i
#17331768713
1t
0s
0r
1y
0c
0i
#17331769366
0t
0s
0r
1y
0c
0i
#17331769779
1t
0s
0r
1y
0c
0i
#17331770435
0t
0s
0r
1y
0c
0i
#17331770846
1t
0s
0r
1y
0c
0i
#17331771498
0t
0s
0r
1y
0c
0i
#17331771911
1t
0s
0r
1y
0c
0i
#17331772565
0t
0s
0r
1y
0c
0i
#17331772977
1t
0s
0r
1y
0c
0i
#17331773633
0t
0s
0r
1y
0c
0i
#17331774046
1t
0s
0r
1y
0c
0i
#17331774697
0t
0s
0r
1y
0c
0i
#17331775112
1t
0s
0r
1y
0c
0i
#17331775767
0t
0s
0r
1y
1c
0i
#17331776181
1t
0s
0r
1y
1c
0i
#17331776840
0t
0s
0r
1y
1c
0i
#17331777253
1t
0s
0r
1y
1c
1i
#17331777909
0t
0s
0r
1y
1c
1i
#17331778324
1t
0s
0r
1y
1c
1i
#17331778982
0t
0s
0r
1y
1c
1i
#17331779397
1t
0s
0r
1y
1c
1i
#17331780059
0t
0s
0r
1y
1c
0i
#17331780473
1t
0s
0r
1y
1c
0i
#17331781130
0t
0s
0r
1y
1c
0i
#17331781545
1t
0s
0r
1y
1c
0i
#17331782204
0t
0s
0r
1y
1c
0i
#17331782618
1t
0s
0r
1y
1c
0i
#17331783279
0t
0s
0r
1y
1c
0i
#17331783692
1t
0s
0r
1y
1c
0i
#17331784347
0t
0s
0r
1y
1c
0i
#17331784763
1t
0s
0r
1y
1c
0i
#17331785418
0t
0s
0r
1y
1c
0i
#17331785833
1t
0s
0r
1y
1c
0i
#17331786489
0t
0s
0r
1y
1c
0i
#17331786901
1t
0s
0r
1y
1c
0i
#17331787552
0t
0s
0r
1y
1c
0i
#17331787966
1t
0s
0r
1y
1c
0i
#17331788617
0t
0s
0r
1y
1c
0i
#17331789029
1t
0s
0r
1y
1c
0i
#17331789681
0t
0s
0r
1y
1c
0i
#17331790094
1t
0s
0r
1y
1c
0i
#17331790740
0t
0s
0r
1y
1c
0i
#17331791155
1t
0s
0r
1y
1c
0i
#17331791804
0t
0s
0r
1y
1c
0i
#17331792217
1t
0s
0r
1y
1c
0i
#17331792868
0t
0s
0r
1y
1c
0i
#17331793280
1t
0s
0r
1y
1c
0i
#17331794970
0t
0s
0r
1y
1c
0i
#17331796158
1t
0s
0r
1y
1c
0i
#17331797130
0t
0s
0r
1y
1c
0i
#17331797530
1t
0s
0r
1y
1c
0i
#17331798184
0t
0s
0r
1y
1c
0i
#17331798594
1t
0s
0r
1y
1c
0i
#17331799246
0t
0s
0r
1y
1c
0i
#17331799657
1t
0s
0r
1y
1c
0i
#17331800308
0t
0s
0r
1y
1c
0i
#17331800721
1t
0s
0r
1y
1c
0i
#17331801372
0t
0s
0r
1y
1c
0i
#17331801783
1t
0s
0r
1y
1c
0i
#17331802436
0t
0s
0r
1y
1c
0i
#17331802845
1t
0s
0r
1y
1c
0i
#17331803495
0t
0s
0r
1y
1c
0i
#17331803906
1t
0s
0r
1y
1c
0i
#17331804557
0t
0s
0r
1y
1c
0i
#17331804967
1t
0s
0r
1y
1c
0i
#17331805619
0t
0s
0r
1y
1c
0i
#17331806031
1t
0s
0r
1y
1c
0i
#17331806680
0t
0s
0r
1y
1c
0i
#17331807093
1t
0s
0r
1y
1c
0i
#17331807744
0t
0s
0r
1y
0c
0i
#17331808156
1t
0s
0r
1y
0c
0i
#17331808812
0t
0s
0r
1y
0c
0i
#17331809222
1t
0s
0r
1y
0c
1i
#17331809876
0t
0s
0r
1y
0c
1i
#17331810288
1t
0s
0r
1y
0c
1i
#17331810943
0t
0s
0r
1y
0c
1i
#17331811356
1t
0s
0r
1y
0c
1i
#17331812014
0t
0s
0r
1y
0c
0i
#17331812426
1t
0s
0r
1y
0c
0i
#17331813080
0t
0s
0r
1y
0c
0i
#17331813493
1t
0s
0r
1y
0c
0i
#17331814149
0t
0s
0r
1y
0c
0i
#17331814560
1t
0s
0r
1y
0c
0i
#17331815218
0t
0s
0r
1y
0c
0i
#17331815628
1t
0s
0r
1y
0c
0i
#17331816281
0t
0s
0r
1y
0c
0i
#17331816695
1t
0s
0r
1y
0c
0i
#17331817347
0t
0s
0r
1y
0c
0i
#17331817759
1t
0s
0r
1y
0c
0i
#17331818414
0t
0s
0r
1y
0c
0i
#17331818823
1t
0s
0r
1y
0c
0i
#17331819475
0t
0s
0r
1y
0c
0i
#17331819885
1t
0s
0r
1y
0c
0i
#17331820537
0t
0s
0r
1y
0c
0i
#17331820946
1t
0s
0r
1y
0c
0i
#17331821601
0t
0s
0r
1y
0c
0i
#17331822008
1t
0s
0r
1y
0c
0i
#17331822657
0t
0s
0r
1y
0c
0i
#17331823066
1t
0s
0r
1y
0c
0i
#17331823718
0t
0s
0r
1y
0c
0i
#17331824126
1t
0s
0r
1y
0c
0i
#17331824780
0t
0s
0r
1y
0c
0i
#17331825187
1t
0s
0r
1y
0c
0i
#17331825838
0t
0s
0r
1y
0c
0i
#17331826247
1t
0s
0r
1y
0c
0i
#17331826898
0t
0s
0r
1y
0c
0i
#17331827309
1t
0s
0r
1y
0c
0i
#17331827962
0t
0s
0r
1y
0c
0i
#17331828371
1t
0s
0r
1y
0c
0i
#17331829020
0t
0s
0r
1y
0c
0i
#21626717457
0t
0s
0r
1y
0c
0i
#21626717869
1t
0s
0r
1y
0c
0i
#21626718529
0t
0s
0r
1y
0c
0i
#21626718939
1t
0s
0r
1y
0c
0i
#21626719594
0t
0s
0r
1y
0c
0i
#21626720008
1t
0s
0r
1y
0c
0i
#21626720664
0t
0s
0r
1y
0c
0i
#21626721076
1t
0s
0r
1y
0c
0i
#21626721734
0t
0s
0r
1y
0c
0i
#21626722145
1t
0s
0r
1y
0c
0i
#21626722800
0t
0s
0r
1y
0c
0i
#21626723212
1t
0s
0r
1y
0c
0i
#21626723868
0t
0s
0r
1y
0c
0i
#21626724279
1t
0s
0r
1y
0c
0i
#21626724938
0t
0s
0r
1y
0c
0i
#21626725346
1t
0s
0r
1y
0c
0i
#21626726001
0t
0s
0r
1y
0c
0i
#21626726411
1t
0s
0r
1y
0c
0i
#21626727067
0t
0s
0r
1y
0c
0i
#21626727477
1t
0s
0r
1y
0c
0i
#21626728136
0t
0s
0r
1y
0c
0i
#21626728544
1t
0s
0r
1y
0c
0i
#21626729198
0t
0s
0r
1y
0c
0i
#21626729609
1t
0s
0r
1y
0c
0i
#21626730264
0t
0s
0r
1y
0c
0i
#21626730676
1t
0s
0r
1y
0c
0i
#21626731333
0t
0s
0r
1y
0c
0i
#21626731744
1t
0s
0r
1y
0c
0i
#21626732397
0t
0s
0r
1y
0c
0i
#21626732809
1t
0s
0r
1y
0c
0i
#21626733464
0t
0s
0r
1y
0c
0i
#21626733875
1t
0s
0r
1y
0c
0i
#21626734533
0t
0s
0r
1y
0c
0i
#21626734943
1t
0s
0r
1y
0c
0i
#21626735596
0t
0s
0r
1y
0c
0i
#21626736009
1t
0s
0r
1y
0c
0i
#21626736662
0t
0s
0r
1y
0c
0i
#21626737075
1t
0s
0r
1y
0c
0i
#21626737731
0t
0s
0r
1y
0c
0i
#21626738142
1t
0s
0r
1y
0c
0i
#21626738794
0t
0s
0r
1y
0c
0i
#21626739207
1t
0s
0r
1y
0c
0i
#21626739861
0t
0s
0r
1y
0c
0i
#21626740273
1t
0s
0r
1y
0c
0i
#21626740929
0t
0s
0r
1y
0c
0i
#21626741342
1t
0s
0r
1y
0c
0i
#21626741993
0t
0s
0r
1y
0c
0i
#21626742408
1t
0s
0r
1y
0c
0i
#21626743063
0t
0s
0r
1y
1c
0i
#21626743477
1t
0s
0r
1y
1c
0i
#21626744136
0t
0s
0r
1y
1c
0i
#21626744549
1t
0s
0r
1y
1c
1i
#21626745205
0t
0s
0r
1y
1c
1i
#21626745620
1t
0s
0r
1y
1c
1i
#21626746278
0t
0s
0r
1y
1c
1i
#21626746693
1t
0s
0r
1y
1c
1i
#21626747355
0t
0s
0r
1y
1c
0i
#21626747769
1t
0s
0r
1y
1c
0i
#21626748426
0t
0s
0r
1y
1c
0i
#21626748841
1t
0s
0r
1y
1c
0i
#21626749500
0t
0s
0r
1y
1c
0i
#21626749914
1t
0s
0r
1y
1c
0i
#21626750575
0t
0s
0r
1y
1c
0i
#21626750988
1t
0s
0r
1y
1c
0i
#21626751643
0t
0s
0r
1y
1c
0i
#21626752059
1t
0s
0r
1y
1c
0i
#21626752714
0t
0s
0r
1y
1c
0i
#21626753129
1t
0s
0r
1y
1c
0i
#21626753785
0t
0s
0r
1y
1c
0i
#21626754197
1t
0s
0r
1y
1c
0i
#21626754848
0t
0s
0r
1y
1c
0i
#21626755262
1t
0s
0r
1y
1c
0i
#21626755913
0t
0s
0r
1y
1c
0i
#21626756325
1t
0s
0r
1y
1c
0i
#21626756977
0t
0s
0r
1y
1c
0i
#21626757390
1t
0s
0r
1y
1c
0i
#21626758036
0t
0s
0r
1y
1c
0i
#21626758451
1t
0s
0r
1y
1c
0i
#21626759100
0t
0s
0r
1y
1c
0i
#21626759513
1t
0s
0r
1y
1c
0i
#21626760164
0t
0s
0r
1y
1c
0i
#21626760576
1t
0s
0r
1y
1c
0i
#21626762266
0t
0s
0r
1y
1c
0i
#21626763454
1t
0s
0r
1y
1c
0i
#21626764426
0t
0s
0r
1y
1c
0i
#21626764826
1t
0s
0r
1y
1c
0i
#21626765480
0t
0s
0r
1y
1c
0i
#21626765890
1t
0s
0r
1y
1c
0i
#21626766542
0t
0s
0r
1y
1c
0i
#21626766953
1t
0s
0r
1y
1c
0i
#21626767604
0t
0s
0r
1y
1c
0i
#21626768017
1t
0s
0r
1y
1c
0i
#21626768668
0t
0s
0r
1y
1c
0i
#21626769079
1t
0s
0r
1y
1c
0i
#21626769732
0t
0s
0r
1y
1c
0i
#21626770141
1t
0s
0r
1y
1c
0i
#21626770791
0t
0s
0r
1y
1c
0i
#21626771202
1t
0s
0r
1y
1c
0i
#21626771853
0t
0s
0r
1y
1c
0i
#21626772263
1t
0s
0r
1y
1c
0i
#21626772915
0t
0s
0r
1y
1c
0i
#21626773327
1t
0s
0r
1y
1c
0i
#21626773976
0t
0s
0r
1y
1c
0i
#21626774389
1t
0s
0r
1y
1c
0i
#21626775040
0t
0s
0r
1y
0c
0i
#21626775452
1t
0s
0r
1y
0c
0i
#21626776108
0t
0s
0r
1y
0c
0i
#21626776518
1t
0s
0r
1y
0c
1i
#21626777172
0t
0s
0r
1y
0c
1i
#21626777584
1t
0s
0r
1y
0c
1i
#21626778239
0t
0s
0r
1y
0c
1i
#21626778652
1t
0s
0r
1y
0c
1i
#21626779310
0t
0s
0r
1y
0c
0i
#21626779722
1t
0s
0r
1y
0c
0i
#21626780376
0t
0s
0r
1y
0c
0i
#21626780789
1t
0s
0r
1y
0c
0i
#21626781445
0t
0s
0r
1y
0c
0i
#21626781856
1t
0s
0r
1y
0c
0i
#21626782514
0t
0s
0r
1y
0c
0i
#21626782924
1t
0s
0r
1y
0c
0i
#21626783577
0t
0s
0r
1y
0c
0i
#21626783991
1t
0s
0r
1y
0c
0i
#21626784643
0t
0s
0r
1y
0c
0i
#21626785055
1t
0s
0r
1y
0c
0i
#21626785710
0t
0s
0r
1y
0c
0i
#21626786119
1t
0s
0r
1y
0c
0i
#21626786771
0t
0s
0r
1y
0c
0i
#21626787181
1t
0s
0r
1y
0c
0i
#21626787833
0t
0s
0r
1y
0c
0i
#21626788242
1t
0s
0r
1y
0c
0i
#21626788897
0t
0s
0r
1y
0c
0i
#21626789304
1t
0s
0r
1y
0c
0i
#21626789953
0t
0s
0r
1y
0c
0i
#21626790362
1t
0s
0r
1y
0c
0i
#21626791014
0t
0s
0r
1y
0c
0i
#21626791422
1t
0s
0r
1y
0c
0i
#21626792076
0t
0s
0r
1y
0c
0i
#21626792483
1t
0s
0r
1y
0c
0i
#21626793134
0t
0s
0r
1y
0c
0i
#21626793543
1t
0s
0r
1y
0c
0i
#21626794194
0t
0s
0r
1y
0c
0i
#21626794605
1t
0s
0r
1y
0c
0i
#21626795258
0t
0s
0r
1y
0c
0i
#21626795667
1t
0s
0r
1y
0c
0i
#21626796316
0t
0s
0r
1y
0c
0i
#21626796726
1t
0s
0r
1y
0c
0i
#21626797377
0t
0s
0r
1y
0c
0i
#21626797787
1t
0s
0r
1y
0c
0i
#21626798441
0t
0s
0r
1y
0c
0i
#21626798849
1t
0s
0r
1y
0c
0i
#21626799497
0t
0s
0r
1y
0c
0i
#21626799908
1t
0s
0r
1y
0c
0i
#21626800558
0t
0s
0r
1y
0c
0i
#21626800968
1t
0s
0r
1y
0c
0i
#21626801620
0t
0s
0r
1y
0c
0i
#21626802030
1t
0s
0r
1y
0c
0i
#21626802677
0t
0s
0r
1y
0c
0i
#21626803088
1t
0s
0r
1y
0c
0i
#21626803737
0t
0s
0r
1y
0c
0i
#21626804148
1t
0s
0r
1y
0c
0i
#21626804799
0t
0s
0r
1y
0c
0i
#21626805211
1t
0s
0r
1y
0c
0i
#21626805858
0t
0s
0r
1y
0c
0i
#21626806271
1t
0s
0r
1y
0c
0i
#21626806921
0t
0s
0r
1y
1c
0i
#21626807333
1t
0s
0r
1y
1c
0i
#21626807988
0t
0s
0r
1y
1c
0i
#21626808399
1t
0s
0r
1y
1c
1i
#21626809050
0t
0s
0r
1y
1c
1i
#21626809463
1t
0s
0r
1y
1c
1i
#21626810118
0t
0s
0r
1y
1c
1i
#21626810530
1t
0s
0r
1y
1c
1i
#21626811188
0t
0s
0r
1y
1c
0i
#21626811599
1t
0s
0r
1y
1c
0i
#21626812252
0t
0s
0r
1y
1c
0i
#21626812666
1t
0s
0r
1y
1c
0i
#21626813320
0t
0s
0r
1y
1c
0i
#21626813732
1t
0s
0r
1y
1c
0i
#21626814389
0t
0s
0r
1y
1c
0i
#21626814800
1t
0s
0r
1y
1c
0i
#21626815450
0t
0s
0r
1y
1c
0i
#21626815865
1t
0s
0r
1y
1c
0i
#21626816515
0t
0s
0r
1y
1c
0i
#21626816928
1t
0s
0r
1y
1c
0i
#21626817580
0t
0s
0r
1y
1c
0i
#21626817990
1t
0s
0r
1y
1c
0i
#21626818637
0t
0s
0r
1y
1c
0i
#21626819049
1t
0s
0r
1y
1c
0i
#21626819695
0t
0s
0r
1y
1c
0i
#21626820106
1t
0s
0r
1y
1c
0i
#21626820754
0t
0s
0r
1y
1c
0i
#21626821164
1t
0s
0r
1y
1c
0i
#21626821808
0t
0s
0r
1y
1c
0i
#21626822219
1t
0s
0r
1y
1c
0i
#21626822864
0t
0s
0r
1y
1c
0i
#21626823274
1t
0s
0r
1y
1c
0i
#21626823922
0t
0s
0r
1y
1c
0i
#21626824332
1t
0s
0r
1y
1c
0i
#21626826011
0t
0s
0r
1y
1c
0i
#21626827192
1t
0s
0r
1y
1c
0i
#21626828158
0t
0s
0r
1y
1c
0i
#21626828555
1t
0s
0r
1y
1c
0i
#21626829205
0t
0s
0r
1y
1c
0i
#21626829613
1t
0s
0r
1y
1c
0i
#21626830261
0t
0s
0r
1y
1c
0i
#21626830669
1t
0s
0r
1y
1c
0i
#21626831316
0t
0s
0r
1y
1c
0i
#21626831726
1t
0s
0r
1y
1c
0i
#21626832373
0t
0s
0r
1y
1c
0i
#21626832782
1t
0s
0r
1y
1c
0i
#21626833430
0t
0s
0r
1y
1c
0i
#21626833838
1t
0s
0r
1y
1c
0i
#21626834483
0t
0s
0r
1y
1c
0i
#21626834892
1t
0s
0r
1y
1c
0i
#21626835538
0t
0s
0r
1y
1c
0i
#21626835947
1t
0s
0r
1y
1c
0i
#21626836595
0t
0s
0r
1y
1c
0i
#21626837005
1t
0s
0r
1y
1c
0i
#21626837649
0t
0s
0r
1y
0c
0i
#21626838060
1t
0s
0r
1y
0c
0i
#21626838707
0t
0s
0r
1y
0c
0i
#21626839117
1t
0s
0r
1y
0c
0i
#21626839769
0t
0s
0r
1y
0c
0i
#21626840177
1t
0s
0r
1y
0c
1i
#21626840826
0t
0s
0r
1y
0c
1i
#21626841236
1t
0s
0r
1y
0c
1i
#21626841887
0t
0s
0r
1y
0c
1i
#21626842298
1t
0s
0r
1y
0c
1i
#21626842461
1t
0s
1r
1y
0c
1i
#21626842464
1t
0s
0r
1y
0c
1i
#21626842952
0t
0s
0r
1y
0c
0i
#21626843362
1t
0s
0r
1y
0c
0i
#21626844012
0t
0s
0r
1y
0c
0i
#21626844423
1t
0s
0r
1y
0c
0i
#21626845074
0t
0s
0r
1y
0c
0i
#21626845484
1t
0s
0r
1y
0c
0i
#21626846137
0t
0s
0r
1y
0c
0i
#21626846545
1t
0s
0r
1y
0c
0i
#21626847193
0t
0s
0r
1y
0c
0i
#21626847604
1t
0s
0r
1y
0c
0i
#21626848251
0t
0s
0r
1y
0c
0i
#21626848660
1t
0s
0r
1y
0c
0i
#21626849310
0t
0s
0r
1y
0c
0i
#21626849716
1t
0s
0r
1y
0c
0i
#21626850362
0t
0s
0r
1y
0c
0i
#21626850769
1t
0s
0r
1y
0c
0i
#21626851415
0t
0s
0r
1y
0c
0i
#21626851820
1t
0s
0r
1y
0c
0i
#21626852469
0t
0s
0r
1y
0c
0i
#21626852872
1t
0s
0r
1y
0c
0i
#21626853516
0t
0s
0r
1y
0c
0i
#21626853921
1t
0s
0r
1y
0c
0i
#21626854567
0t
0s
0r
1y
0c
0i
#21626854972
1t
0s
0r
1y
0c
0i
#21626855620
0t
0s
0r
1y
0c
0i
#21626856024
1t
0s
0r
1y
0c
0i
#21626856670
0t
0s
0r
1y
0c
0i
#21626857076
1t
0s
0r
1y
0c
0i
#21626857721
0t
0s
0r
1y
0c
0i
#21626858129
1t
0s
0r
1y
0c
0i
#21626858777
0t
0s
0r
1y
0c
0i
#21626859183
1t
0s
0r
1y
0c
0i
#21626859827
0t
0s
0r
1y
0c
0i
#21626860235
1t
0s
0r
1y
0c
0i
#21626860881
0t
0s
0r
1y
0c
0i
#21626861288
1t
0s
0r
1y
0c
0i
#21626861937
0t
0s
0r
1y
0c
0i
#21626862343
1t
0s
0r
1y
0c
0i
#21626862987
0t
0s
0r
1y
0c
0i
#21626863396
1t
0s
0r
1y
0c
0i
#21626864041
0t
0s
0r
1y
0c
0i
#21626864449
1t
0s
0r
1y
0c
0i
#21626865097
0t
0s
0r
1y
0c
0i
#21626865504
1t
0s
0r
1y
0c
0i
#21626866148
0t
0s
0r
1y
0c
0i
#21626866556
1t
0s
0r
1y
0c
0i
#21626867202
0t
0s
0r
1y
0c
0i
#21626867610
1t
0s
0r
1y
0c
0i
#21626868257
0t
0s
0r
1y
0c
0i
#21626868666
1t
0s
0r
1y
0c
0i
#21626869309
0t
0s
0r
1y
0c
0i
#21626869720
1t
0s
0r
1y
0c
0i
#21626870366
0t
0s
0r
1y
1c
0i
#21626870776
1t
0s
0r
1y
1c
0i
#21626871426
0t
0s
0r
1y
1c
0i
#21626871835
1t
0s
0r
1y
1c
1i
#21626872482
0t
0s
0r
1y
1c
1i
#21626872893
1t
0s
0r
1y
1c
1i
#21626873543
0t
0s
0r
1y
1c
1i
#21626873954
1t
0s
0r
1y
1c
1i
#21626874607
0t
0s
0r
1y
1c
0i
#21626875016
1t
0s
0r
1y
1c
0i
#21626875665
0t
0s
0r
1y
1c
0i
#21626876076
1t
0s
0r
1y
1c
0i
#21626876726
0t
0s
0r
1y
1c
0i
#21626877136
1t
0s
0r
1y
1c
0i
#21626877789
0t
0s
0r
1y
1c
0i
#21626878198
1t
0s
0r
1y
1c
0i
#21626878844
0t
0s
0r
1y
1c
0i
#21626879257
1t
0s
0r
1y
1c
0i
#21626879903
0t
0s
0r
1y
1c
0i
#21626880315
1t
0s
0r
1y
1c
0i
#21626880965
0t
0s
0r
1y
1c
0i
#21626881374
1t
0s
0r
1y
1c
0i
#21626882018
0t
0s
0r
1y
1c
0i
#21626882430
1t
0s
0r
1y
1c
0i
#21626883076
0t
0s
0r
1y
1c
0i
#21626883486
1t
0s
0r
1y
1c
0i
#21626884133
0t
0s
0r
1y
1c
0i
#21626884544
1t
0s
0r
1y
1c
0i
#21626885187
0t
0s
0r
1y
1c
0i
#21626885599
1t
0s
0r
1y
1c
0i
#21626886242
0t
0s
0r
1y
1c
0i
#21626886654
1t
0s
0r
1y
1c
0i
#21626887301
0t
0s
0r
1y
1c
0i
#21626887710
1t
0s
0r
1y
1c
0i
#21626889388
0t
0s
0r
1y
1c
0i
#21626890567
1t
0s
0r
1y
1c
0i
#21626891532
0t
0s
0r
1y
1c
0i
#21626891929
1t
0s
0r
1y
1c
0i
#21626892578
0t
0s
0r
1y
1c
0i
#21626892986
1t
0s
0r
1y
1c
0i
#21626893633
0t
0s
0r
1y
1c
0i
#21626894041
1t
0s
0r
1y
1c
0i
#21626894687
0t
0s
0r
1y
1c
0i
#21626895097
1t
0s
0r
1y
1c
0i
#21626895742
0t
0s
0r
1y
1c
0i
#21626896151
1t
0s
0r
1y
1c
0i
#21626896799
0t
0s
0r
1y
1c
0i
#21626897206
1t
0s
0r
1y
1c
0i
#21626897851
0t
0s
0r
1y
1c
0i
#21626898259
1t
0s
0r
1y
1c
0i
#21626898905
0t
0s
0r
1y
1c
0i
#21626899313
1t
0s
0r
1y
1c
0i
#21626899961
0t
0s
0r
1y
1c
0i
#21626900370
1t
0s
0r
1y
1c
0i
#21626901014
0t
0s
0r
1y
1c
0i
#21626901424
1t
0s
0r
1y
1c
0i
#21626902071
0t
0s
0r
1y
0c
0i
#21626902480
1t
0s
0r
1y
0c
0i
#21626903131
0t
0s
0r
1y
0c
0i
#21626903539
1t
0s
0r
1y
0c
1i
#21626904188
0t
0s
0r
1y
0c
1i
#21626904598
1t
0s
0r
1y
0c
1i
#21626905247
0t
0s
0r
1y
0c
1i
#21626905658
1t
0s
0r
1y
0c
1i
#21626906311
0t
0s
0r
1y
0c
0i
#21626906720
1t
0s
0r
1y
0c
0i
#21626907369
0t
0s
0r
1y
0c
0i
#21626907779
1t
0s
0r
1y
0c
0i
#21626908429
0t
0s
0r
1y
0c
0i
#21626908838
1t
0s
0r
1y
0c
0i
#21626909491
0t
0s
0r
1y
0c
0i
#21626909898
1t
0s
0r
1y
0c
0i
#21626910546
0t
0s
0r
1y
0c
0i
#21626910957
1t
0s
0r
1y
0c
0i
#21626911605
0t
0s
0r
1y
0c
0i
#21626912014
1t
0s
0r
1y
0c
0i
#21626912665
0t
0s
0r
1y
0c
0i
#21626913072
1t
0s
0r
1y
0c
0i
#21626913719
0t
0s
0r
1y
0c
0i
#21626914127
1t
0s
0r
1y
0c
0i
#21626914776
0t
0s
0r
1y
0c
0i
#21626915182
1t
0s
0r
1y
0c
0i
#21626915834
0t
0s
0r
1y
0c
0i
#21626916239
1t
0s
0r
1y
0c
0i
#21626916886
0t
0s
0r
1y
0c
0i
#21626917293
1t
0s
0r
1y
0c
0i
#21626917940
0t
0s
0r
1y
0c
0i
#21626918347
1t
0s
0r
1y
0c
0i
#21626918999
0t
0s
0r
1y
0c
0i
#21626919404
1t
0s
0r
1y
0c
0i
#21626920051
0t
0s
0r
1y
0c
0i
#21626920459
1t
0s
0r
1y
0c
0i
#21626921107
0t
0s
0r
1y
0c
0i
#21626921515
1t
0s
0r
1y
0c
0i
#21626922165
0t
0s
0r
1y
0c
0i
#21626922573
1t
0s
0r
1y
0c
0i
#21626923218
0t
0s
0r
1y
0c
0i
#21626923628
1t
0s
0r
1y
0c
0i
#21626924275
0t
0s
0r
1y
0c
0i
#21626924683
1t
0s
0r
1y
0c
0i
#21626925333
0t
0s
0r
1y
0c
0i
#21626925740
1t
0s
0r
1y
0c
0i
#21626926386
0t
0s
0r
1y
0c
0i
#21626926796
1t
0s
0r
1y
0c
0i
#21626927441
0t
0s
0r
1y
0c
0i
#21626927851
1t
0s
0r
1y
0c
0i
#21626928499
0t
0s
0r
1y
0c
0i
#21626928907
1t
0s
0r
1y
0c
0i
#21626929552
0t
0s
0r
1y
0c
0i
#21626929961
1t
0s
0r
1y
0c
0i
#21626930607
0t
0s
0r
1y
0c
0i
#21626931016
1t
0s
0r
1y
0c
0i
#21626931664
0t
0s
0r
1y
0c
0i
#21626932073
1t
0s
0r
1y
0c
0i
#21626932717
0t
0s
0r
1y
0c
0i
#21626933128
1t
0s
0r
1y
0c
0i
#21626933775
0t
0s
0r
1y
1c
0i
#21626934185
1t
0s
0r
1y
1c
0i
#21626934836
0t
0s
0r
1y
1c
0i
#21626935245
1t
0s
0r
1y
1c
1i
#21626935893
0t
0s
0r
1y
1c
1i
#21626936304
1t
0s
0r
1y
1c
1i
#21626936954
0t
0s
0r
1y
1c
1i
#21626937365
1t
0s
0r
1y
1c
1i
#21626938019
0t
0s
0r
1y
1c
0i
#21626938429
1t
0s
0r
1y
1c
0i
#21626939078
0t
0s
0r
1y
1c
0i
#21626939489
1t
0s
0r
1y
1c
0i
#21626940140
0t
0s
0r
1y
1c
0i
#21626940550
1t
0s
0r
1y
1c
0i
#21626941203
0t
0s
0r
1y
1c
0i
#21626941612
1t
0s
0r
1y
1c
0i
#21626942259
0t
0s
0r
1y
1c
0i
#21626942671
1t
0s
0r
1y
1c
0i
#21626943317
0t
0s
0r
1y
1c
0i
#21626943728
1t
0s
0r
1y
1c
0i
#21626944376
0t
0s
0r
1y
1c
0i
#21626944786
1t
0s
0r
1y
1c
0i
#21626945429
0t
0s
0r
1y
1c
0i
#21626945839
1t
0s
0r
1y
1c
0i
#21626946482
0t
0s
0r
1y
1c
0i
#21626946891
1t
0s
0r
1y
1c
0i
#21626947536
0t
0s
0r
1y
1c
0i
#21626947945
1t
0s
0r
1y
1c
0i
#21626948585
0t
0s
0r
1y
1c
0i
#21626948996
1t
0s
0r
1y
1c
0i
#21626949637
0t
0s
0r
1y
1c
0i
#21626950047
1t
0s
0r
1y
1c
0i
#21626950692
0t
0s
0r
1y
1c
0i
#21626951099
1t
0s
0r
1y
1c
0i
#21626952771
0t
0s
0r
1y
1c
0i
#21626953947
1t
0s
0r
1y
1c
0i
#21626954909
0t
0s
0r
1y
1c
0i
#21626955305
1t
0s
0r
1y
1c
0i
#21626955952
0t
0s
0r
1y
1c
0i
#21626956359
1t
0s
0r
1y
1c
0i
#21626957004
0t
0s
0r
1y
1c
0i
#21626957411
1t
0s
0r
1y
1c
0i
#21626958055
0t
0s
0r
1y
1c
0i
#21626958463
1t
0s
0r
1y
1c
0i
#21626959107
0t
0s
0r
1y
1c
0i
#21626959514
1t
0s
0r
1y
1c
0i
#21626960160
0t
0s
0r
1y
1c
0i
#21626960566
1t
0s
0r
1y
1c
0i
#21626961208
0t
0s
0r
1y
1c
0i
#21626961615
1t
0s
0r
1y
1c
0i
#21626962259
0t
0s
0r
1y
1c
0i
#21626962665
1t
0s
0r
1y
1c
0i
#21626963310
0t
0s
0r
1y
1c
0i
#21626963718
1t
0s
0r
1y
1c
0i
#21626964360
0t
0s
0r
1y
1c
0i
#21626964769
1t
0s
0r
1y
1c
0i
#21626965412
0t
0s
0r
1y
0c
0i
#21626965820
1t
0s
0r
1y
0c
0i
#21626966469
0t
0s
0r
1y
0c
0i
#21626966876
1t
0s
0r
1y
0c
1i
#21626967521
0t
0s
0r
1y
0c
1i
#21626967930
1t
0s
0r
1y
0c
1i
#21626968577
0t
0s
0r
1y
0c
1i
#21626968986
1t
0s
0r
1y
0c
1i
#21626969094
1t
0s
1r
1y
0c
1i
#21626969096
1t
0s
0r
1y
0c
1i
#21626969637
0t
0s
0r
1y
0c
0i
#21626970045
1t
0s
0r
1y
0c
0i
#21626970691
0t
0s
0r
1y
0c
0i
#21626971100
1t
0s
0r
1y
0c
0i
#21626971748
0t
0s
0r
1y
0c
0i
#21626972156
1t
0s
0r
1y
0c
0i
#21626972807
0t
0s
0r
1y
0c
0i
#21626973214
1t
0s
0r
1y
0c
0i
#21626973860
0t
0s
0r
1y
0c
0i
#21626974270
1t
0s
0r
1y
0c
0i
#21626974918
0t
0s
0r
1y
0c
0i
#21626975327
1t
0s
0r
1y
0c
0i
#21626975979
0t
0s
0r
1y
0c
0i
#21626976385
1t
0s
0r
1y
0c
0i
#21626977034
0t
0s
0r
1y
0c
0i
#21626977443
1t
0s
0r
1y
0c
0i
#21626978093
0t
0s
0r
1y
0c
0i
#21626978501
1t
0s
0r
1y
0c
0i
#21626979155
0t
0s
0r
1y
0c
0i
#21626979561
1t
0s
0r
1y
0c
0i
#21626980211
0t
0s
0r
1y
0c
0i
#21626980619
1t
0s
0r
1y
0c
0i
#21626981270
0t
0s
0r
1y
0c
0i
#21626981678
1t
0s
0r
1y
0c
0i
#21626982333
0t
0s
0r
1y
0c
0i
#21626982739
1t
0s
0r
1y
0c
0i
#21626983390
0t
0s
0r
1y
0c
0i
#21626983798
1t
0s
0r
1y
0c
0i
#21626984449
0t
0s
0r
1y
0c
0i
#21626984859
1t
0s
0r
1y
0c
0i
#21626985511
0t
0s
0r
1y
0c
0i
#21626985920
1t
0s
0r
1y
0c
0i
#21626986568
0t
0s
0r
1y
0c
0i
#21626986978
1t
0s
0r
1y
0c
0i
#21626987628
0t
0s
0r
1y
0c
0i
#21626988037
1t
0s
0r
1y
0c
0i
#21626988690
0t
0s
0r
1y
0c
0i
#21626989098
1t
0s
0r
1y
0c
0i
#21626989745
0t
0s
0r
1y
0c
0i
#21626990156
1t
0s
0r
1y
0c
0i
#21626990805
0t
0s
0r
1y
0c
0i
#21626991215
1t
0s
0r
1y
0c
0i
#21626991866
0t
0s
0r
1y
0c
0i
#21626992275
1t
0s
0r
1y
0c
0i
#21626992923
0t
0s
0r
1y
0c
0i
#21626993333
1t
0s
0r
1y
0c
0i
#21626993982
0t
0s
0r
1y
0c
0i
#21626994391
1t
0s
0r
1y
0c
0i
#21626995043
0t
0s
0r
1y
0c
0i
#21626995453
1t
0s
0r
1y
0c
0i
#21626996100
0t
0s
0r
1y
0c
0i
#21626996513
1t
0s
0r
1y
0c
0i
#21626997162
0t
0s
0r
1y
1c
0i
#21626997574
1t
0s
0r
1y
1c
0i
#21626998228
0t
0s
0r
1y
1c
0i
#21626998639
1t
0s
0r
1y
1c
1i
#21626999291
0t
0s
0r
1y
1c
1i
#21626999703
1t
0s
0r
1y
1c
1i
#21627000357
0t
0s
0r
1y
1c
1i
#21627000769
1t
0s
0r
1y
1c
1i
#21627001427
0t
0s
0r
1y
1c
0i
#21627001838
1t
0s
0r
1y
1c
0i
#21627002490
0t
0s
0r
1y
1c
0i
#21627002903
1t
0s
0r
1y
1c
0i
#21627003557
0t
0s
0r
1y
1c
0i
#21627003969
1t
0s
0r
1y
1c
0i
#21627004625
0t
0s
0r
1y
1c
0i
#21627005037
1t
0s
0r
1y
1c
0i
#21627005687
0t
0s
0r
1y
1c
0i
#21627006101
1t
0s
0r
1y
1c
0i
#21627006752
0t
0s
0r
1y
1c
0i
#21627007165
1t
0s
0r
1y
1c
0i
#21627007818
0t
0s
0r
1y
1c
0i
#21627008229
1t
0s
0r
1y
1c
0i
#21627008877
0t
0s
0r
1y
1c
0i
#21627009290
1t
0s
0r
1y
1c
0i
#21627009938
0t
0s
0r
1y
1c
0i
#21627010350
1t
0s
0r
1y
1c
0i
#21627011000
0t
0s
0r
1y
1c
0i
#21627011412
1t
0s
0r
1y
1c
0i
#21627012057
0t
0s
0r
1y
1c
0i
#21627012470
1t
0s
0r
1y
1c
0i
#21627013116
0t
0s
0r
1y
1c
0i
#21627013528
1t
0s
0r
1y
1c
0i
#21627014177
0t
0s
0r
1y
1c
0i
#21627014588
1t
0s
0r
1y
1c
0i
#21627016271
0t
0s
0r
1y
1c
0i
#21627017455
1t
0s
0r
1y
1c
0i
#21627018424
0t
0s
0r
1y
1c
0i
#21627018821
1t
0s
0r
1y
1c
0i
#21627019473
0t
0s
0r
1y
1c
0i
#21627019882
1t
0s
0r
1y
1c
0i
#21627020531
0t
0s
0r
1y
1c
0i
#21627020940
1t
0s
0r
1y
1c
0i
#21627021589
0t
0s
0r
1y
1c
0i
#21627022000
1t
0s
0r
1y
1c
0i
#21627022648
0t
0s
0r
1y
1c
0i
#21627023057
1t
0s
0r
1y
1c
0i
#21627023708
0t
0s
0r
1y
1c
0i
#21627024116
1t
0s
0r
1y
1c
0i
#21627024763
0t
0s
0r
1y
1c
0i
#21627025172
1t
0s
0r
1y
1c
0i
#21627025820
0t
0s
0r
1y
1c
0i
#21627026229
1t
0s
0r
1y
1c
0i
#21627026879
0t
0s
0r
1y
1c
0i
#21627027289
1t
0s
0r
1y
1c
0i
#21627027936
0t
0s
0r
1y
1c
0i
#21627028347
1t
0s
0r
1y
1c
0i
#21627028996
0t
0s
0r
1y
0c
0i
#21627029407
1t
0s
0r
1y
0c
0i
#21627030060
0t
0s
0r
1y
0c
0i
#21627030469
1t
0s
0r
1y
0c
1i
#21627031120
0t
0s
0r
1y
0c
1i
#21627031531
1t
0s
0r
1y
0c
1i
#21627032183
0t
0s
0r
1y
0c
1i
#21627032595
1t
0s
0r
1y
0c
1i
#21627033251
0t
0s
0r
1y
0c
0i
#21627033661
1t
0s
0r
1y
0c
0i
#21627034312
0t
0s
0r
1y
0c
0i
#21627034724
1t
0s
0r
1y
0c
0i
#21627035377
0t
0s
0r
1y
0c
0i
#21627035788
1t
0s
0r
1y
0c
0i
#21627036443
0t
0s
0r
1y
0c
0i
#21627036852
1t
0s
0r
1y
0c
0i
#21627037503
0t
0s
0r
1y
0c
0i
#21627037915
1t
0s
0r
1y
0c
0i
#21627038566
0t
0s
0r
1y
0c
0i
#21627038978
1t
0s
0r
1y
0c
0i
#21627039632
0t
0s
0r
1y
0c
0i
#21627040041
1t
0s
0r
1y
0c
0i
#21627040693
0t
0s
0r
1y
0c
0i
#21627041102
1t
0s
0r
1y
0c
0i
#21627041755
0t
0s
0r
1y
0c
0i
#21627042164
1t
0s
0r
1y
0c
0i
#21627042820
0t
0s
0r
1y
0c
0i
#21627043227
1t
0s
0r
1y
0c
0i
#21627043878
0t
0s
0r
1y
0c
0i
#21627044287
1t
0s
0r
1y
0c
0i
#21627044939
0t
0s
0r
1y
0c
0i
#21627045348
1t
0s
0r
1y
0c
0i
#21627046002
0t
0s
0r
1y
0c
0i
#21627046410
1t
0s
0r
1y
0c
0i
#21627047060
0t
0s
0r
1y
0c
0i
#21627047470
1t
0s
0r
1y
0c
0i
#21627048121
0t
0s
0r
1y
0c
0i
#21627048532
1t
0s
0r
1y
0c
0i
#21627049185
0t
0s
0r
1y
0c
0i
#21627049594
1t
0s
0r
1y
0c
0i
#21627050243
0t
0s
0r
1y
0c
0i
#21627050653
1t
0s
0r
1y
0c
0i
#21627051304
0t
0s
0r
1y
0c
0i
#21627051714
1t
0s
0r
1y
0c
0i
#21627052368
0t
0s
0r
1y
0c
0i
#21627052776
1t
0s
0r
1y
0c
0i
#21627053425
0t
0s
0r
1y
0c
0i
#21627053836
1t
0s
0r
1y
0c
0i
#21627054486
0t
0s
0r
1y
0c
0i
#21627054897
1t
0s
0r
1y
0c
0i
#21627055549
0t
0s
0r
1y
0c
0i
#21627055958
1t
0s
0r
1y
0c
0i
#21627056607
0t
0s
0r
1y
0c
0i
#21627057018
1t
0s
0r
1y
0c
0i
#21627057667
0t
0s
0r
1y
0c
0i
#21627058078
1t
0s
0r
1y
0c
0i
#21627058731
0t
0s
0r
1y
0c
0i
#21627059141
1t
0s
0r
1y
0c
0i
#21627059789
0t
0s
0r
1y
0c
0i
#21627060202
1t
0s
0r
1y
0c
0i
#21627060852
0t
0s
0r
1y
1c
0i
#21627061265
1t
0s
0r
1y
1c
0i
#21627061920
0t
0s
0r
1y
1c
0i
#21627062330
1t
0s
0r
1y
1c
1i
#21627062982
0t
0s
0r
1y
1c
1i
#21627063395
1t
0s
0r
1y
1c
1i
#21627064049
0t
0s
0r
1y
1c
1i
#21627064462
1t
0s
0r
1y
1c
1i
#21627065120
0t
0s
0r
1y
1c
0i
#21627065531
1t
0s
0r
1y
1c
0i
#21627066184
0t
0s
0r
1y
1c
0i
#21627066597
1t
0s
0r
1y
1c
0i
#21627067251
0t
0s
0r
1y
1c
0i
#21627067664
1t
0s
0r
1y
1c
0i
#21627068320
0t
0s
0r
1y
1c
0i
#21627068731
1t
0s
0r
1y
1c
0i
#21627069382
0t
0s
0r
1y
1c
0i
#21627069796
1t
0s
0r
1y
1c
0i
#21627070447
0t
0s
0r
1y
1c
0i
#21627070861
1t
0s
0r
1y
1c
0i
#21627071514
0t
0s
0r
1y
1c
0i
#21627071926
1t
0s
0r
1y
1c
0i
#21627072574
0t
0s
0r
1y
1c
0i
#21627072988
1t
0s
0r
1y
1c
0i
#21627073637
0t
0s
0r
1y
1c
0i
#21627074049
1t
0s
0r
1y
1c
0i
#21627074701
0t
0s
0r
1y
1c
0i
#21627075112
1t
0s
0r
1y
1c
0i
#21627075759
0t
0s
0r
1y
1c
0i
#21627076172
1t
0s
0r
1y
1c
0i
#21627076819
0t
0s
0r
1y
1c
0i
#21627077232
1t
0s
0r
1y
1c
0i
#21627077882
0t
0s
0r
1y
1c
0i
#21627078293
1t
0s
0r
1y
1c
0i
#21627079978
0t
0s
0r
1y
1c
0i
#21627081163
1t
0s
0r
1y
1c
0i
#21627082133
0t
0s
0r
1y
1c
0i
#21627082531
1t
0s
0r
1y
1c
0i
#21627083183
0t
0s
0r
1y
1c
0i
#21627083592
1t
0s
0r
1y
1c
0i
#21627084242
0t
0s
0r
1y
1c
0i
#21627084652
1t
0s
0r
1y
1c
0i
#21627085302
0t
0s
0r
1y
1c
0i
#21627085713
1t
0s
0r
1y
1c
0i
#21627086362
0t
0s
0r
1y
1c
0i
#21627086772
1t
0s
0r
1y
1c
0i
#21627087424
0t
0s
0r
1y
1c
0i
#21627087832
1t
0s
0r
1y
1c
0i
#21627088480
0t
0s
0r
1y
1c
0i
#21627088890
1t
0s
0r
1y
1c
0i
#21627089539
0t
0s
0r
1y
1c
0i
#21627089948
1t
0s
0r
1y
1c
0i
#21627090599
0t
0s
0r
1y
1c
0i
#21627091010
1t
0s
0r
1y
1c
0i
#21627091657
0t
0s
0r
1y
0c
0i
#21627092069
1t
0s
0r
1y
0c
0i
#21627092719
0t
0s
0r
1y
0c
0i
#21627093130
1t
0s
0r
1y
0c
0i
#21627093784
0t
0s
0r
1y
0c
0i
#21627094194
1t
0s
0r
1y
0c
1i
#21627094845
0t
0s
0r
1y
0c
1i
#21627095257
1t
0s
0r
1y
0c
1i
#21627095911
0t
0s
0r
1y
0c
1i
#21627096323
1t
0s
0r
1y
0c
1i
#21627096376
1t
0s
1r
1y
0c
1i
#21627096379
1t
0s
0r
1y
0c
1i
#21627096979
0t
0s
0r
1y
0c
0i
#21627097390
1t
0s
0r
1y
0c
0i
#21627098043
0t
0s
0r
1y
0c
0i
#21627098455
1t
0s
0r
1y
0c
0i
#21627099109
0t
0s
0r
1y
0c
0i
#21627099519
1t
0s
0r
1y
0c
0i
#21627100176
0t
0s
0r
1y
0c
0i
#21627100585
1t
0s
0r
1y
0c
0i
#21627101236
0t
0s
0r
1y
0c
0i
#21627101649
1t
0s
0r
1y
0c
0i
#21627102300
0t
0s
0r
1y
0c
0i
#21627102710
1t
0s
0r
1y
0c
0i
#21627103364
0t
0s
0r
1y
0c
0i
#21627103772
1t
0s
0r
1y
0c
0i
#21627104421
0t
0s
0r
1y
0c
0i
#21627104830
1t
0s
0r
1y
0c
0i
#21627105480
0t
0s
0r
1y
0c
0i
#21627105887
1t
0s
0r
1y
0c
0i
#21627106540
0t
0s
0r
1y
0c
0i
#21627106945
1t
0s
0r
1y
0c
0i
#21627107593
0t
0s
0r
1y
0c
0i
#21627108000
1t
0s
0r
1y
0c
0i
#21627108649
0t
0s
0r
1y
0c
0i
#21627109056
1t
0s
0r
1y
0c
0i
#21627109709
0t
0s
0r
1y
0c
0i
#21627110114
1t
0s
0r
1y
0c
0i
#21627110764
0t
0s
0r
1y
0c
0i
#21627111171
1t
0s
0r
1y
0c
0i
#21627111821
0t
0s
0r
1y
0c
0i
#21627112230
1t
0s
0r
1y
0c
0i
#21627112881
0t
0s
0r
1y
0c
0i
#21627113289
1t
0s
0r
1y
0c
0i
#21627113937
0t
0s
0r
1y
0c
0i
#21627114347
1t
0s
0r
1y
0c
0i
#21627114997
0t
0s
0r
1y
0c
0i
#21627115405
1t
0s
0r
1y
0c
0i
#21627116058
0t
0s
0r
1y
0c
0i
#21627116466
1t
0s
0r
1y
0c
0i
#21627117113
0t
0s
0r
1y
0c
0i
#21627117524
1t
0s
0r
1y
0c
0i
#21627118172
0t
0s
0r
1y
0c
0i
#21627118582
1t
0s
0r
1y
0c
0i
#21627119233
0t
0s
0r
1y
0c
0i
#21627119642
1t
0s
0r
1y
0c
0i
#21627120289
0t
0s
0r
1y
0c
0i
#21627120699
1t
0s
0r
1y
0c
0i
#21627121348
0t
0s
0r
1y
0c
0i
#21627121757
1t
0s
0r
1y
0c
0i
#21627122408
0t
0s
0r
1y
0c
0i
#21627122819
1t
0s
0r
1y
0c
0i
#21627123465
0t
0s
0r
1y
0c
0i
#21627123878
1t
0s
0r
1y
0c
0i
#21627124527
0t
0s
0r
1y
1c
0i
#21627124939
1t
0s
0r
1y
1c
0i
#21627125593
0t
0s
0r
1y
1c
0i
#21627126003
1t
0s
0r
1y
1c
1i
#21627126654
0t
0s
0r
1y
1c
1i
#21627127066
1t
0s
0r
1y
1c
1i
#21627127719
0t
0s
0r
1y
1c
1i
#21627128131
1t
0s
0r
1y
1c
1i
#21627128788
0t
0s
0r
1y
1c
0i
#21627129199
1t
0s
0r
1y
1c
0i
#21627129851
0t
0s
0r
1y
1c
0i
#21627130263
1t
0s
0r
1y
1c
0i
#21627130916
0t
0s
0r
1y
1c
0i
#21627131327
1t
0s
0r
1y
1c
0i
#21627131983
0t
0s
0r
1y
1c
0i
#21627132393
1t
0s
0r
1y
1c
0i
#21627133043
0t
0s
0r
1y
1c
0i
#21627133457
1t
0s
0r
1y
1c
0i
#21627134106
0t
0s
0r
1y
1c
0i
#21627134519
1t
0s
0r
1y
1c
0i
#21627135171
0t
0s
0r
1y
1c
0i
#21627135582
1t
0s
0r
1y
1c
0i
#21627136229
0t
0s
0r
1y
1c
0i
#21627136642
1t
0s
0r
1y
1c
0i
#21627137289
0t
0s
0r
1y
1c
0i
#21627137701
1t
0s
0r
1y
1c
0i
#21627138349
0t
0s
0r
1y
1c
0i
#21627138761
1t
0s
0r
1y
1c
0i
#21627139405
0t
0s
0r
1y
1c
0i
#21627139818
1t
0s
0r
1y
1c
0i
#21627140463
0t
0s
0r
1y
1c
0i
#21627140875
1t
0s
0r
1y
1c
0i
#21627141523
0t
0s
0r
1y
1c
0i
#21627141933
1t
0s
0r
1y
1c
0i
#21627143614
0t
0s
0r
1y
1c
0i
#21627144796
1t
0s
0r
1y
1c
0i
#21627145763
0t
0s
0r
1y
1c
0i
#21627146160
1t
0s
0r
1y
1c
0i
#21627146810
0t
0s
0r
1y
1c
0i
#21627147219
1t
0s
0r
1y
1c
0i
#21627147867
0t
0s
0r
1y
1c
0i
#21627148276
1t
0s
0r
1y
1c
0i
#21627148924
0t
0s
0r
1y
1c
0i
#21627149334
1t
0s
0r
1y
1c
0i
#21627149982
0t
0s
0r
1y
1c
0i
#21627150391
1t
0s
0r
1y
1c
0i
#21627151041
0t
0s
0r
1y
1c
0i
#21627151448
1t
0s
0r
1y
1c
0i
#21627152094
0t
0s
0r
1y
1c
0i
#21627152503
1t
0s
0r
1y
1c
0i
#21627153151
0t
0s
0r
1y
1c
0i
#21627153559
1t
0s
0r
1y
1c
0i
#21627154208
0t
0s
0r
1y
1c
0i
#21627154618
1t
0s
0r
1y
1c
0i
#21627155264
0t
0s
0r
1y
1c
0i
#21627155675
1t
0s
0r
1y
1c
0i
#21627156323
0t
0s
0r
1y
0c
0i
#21627156733
1t
0s
0r
1y
0c
0i
#21627157385
0t
0s
0r
1y
0c
0i
#21627157794
1t
0s
0r
1y
0c
1i
#21627158444
0t
0s
0r
1y
0c
1i
#21627158854
1t
0s
0r
1y
0c
1i
#21627159505
0t
0s
0r
1y
0c
1i
#21627159917
1t
0s
0r
1y
0c
1i
#21627160571
0t
0s
0r
1y
0c
0i
#21627160981
1t
0s
0r
1y
0c
0i
#21627161632
0t
0s
0r
1y
0c
0i
#21627162042
1t
0s
0r
1y
0c
0i
#21627162694
0t
0s
0r
1y
0c
0i
#21627163104
1t
0s
0r
1y
0c
0i
#21627163758
0t
0s
0r
1y
0c
0i
#21627164166
1t
0s
0r
1y
0c
0i
#21627164815
0t
0s
0r
1y
0c
0i
#21627165226
1t
0s
0r
1y
0c
0i
#21627165876
0t
0s
0r
1y
0c
0i
#21627166285
1t
0s
0r
1y
0c
0i
#21627166937
0t
0s
0r
1y
0c
0i
#21627167345
1t
0s
0r
1y
0c
0i
#21627167993
0t
0s
0r
1y
0c
0i
#21627168402
1t
0s
0r
1y
0c
0i
#21627169051
0t
0s
0r
1y
0c
0i
#21627169458
1t
0s
0r
1y
0c
0i
#21627170110
0t
0s
0r
1y
0c
0i
#21627170516
1t
0s
0r
1y
0c
0i
#21627171163
0t
0s
0r
1y
0c
0i
#21627171570
1t
0s
0r
1y
0c
0i
#21627172219
0t
0s
0r
1y
0c
0i
#21627172625
1t
0s
0r
1y
0c
0i
#21627173277
0t
0s
0r
1y
0c
0i
#21627173682
1t
0s
0r
1y
0c
0i
#21627174330
0t
0s
0r
1y
0c
0i
#21627174738
1t
0s
0r
1y
0c
0i
#21627175386
0t
0s
0r
1y
0c
0i
#21627175795
1t
0s
0r
1y
0c
0i
#21627176446
0t
0s
0r
1y
0c
0i
#21627176853
1t
0s
0r
1y
0c
0i
#21627177499
0t
0s
0r
1y
0c
0i
#21627177909
1t
0s
0r
1y
0c
0i
#21627178557
0t
0s
0r
1y
0c
0i
#21627178965
1t
0s
0r
1y
0c
0i
#21627179615
0t
0s
0r
1y
0c
0i
#21627180023
1t
0s
0r
1y
0c
0i
#21627180669
0t
0s
0r
1y
0c
0i
#21627181078
1t
0s
0r
1y
0c
0i
#21627181725
0t
0s
0r
1y
0c
0i
#21627182134
1t
0s
0r
1y
0c
0i
#21627182783
0t
0s
0r
1y
0c
0i
#21627183191
1t
0s
0r
1y
0c
0i
#21627183836
0t
0s
0r
1y
0c
0i
#21627184245
1t
0s
0r
1y
0c
0i
#21627184892
0t
0s
0r
1y
0c
0i
#21627185300
1t
0s
0r
1y
0c
0i
#21627185949
0t
0s
0r
1y
0c
0i
#21627186359
1t
0s
0r
1y
0c
0i
#21627187002
0t
0s
0r
1y
0c
0i
#21627187414
1t
0s
0r
1y
0c
0i
#21627188060
0t
0s
0r
1y
1c
0i
#21627188471
1t
0s
0r
1y
1c
0i
#21627189122
0t
0s
0r
1y
1c
0i
#21627189531
1t
0s
0r
1y
1c
1i
#21627190179
0t
0s
0r
1y
1c
1i
#21627190591
1t
0s
0r
1y
1c
1i
#21627191241
0t
0s
0r
1y
1c
1i
#21627191652
1t
0s
0r
1y
1c
1i
#21627192305
0t
0s
0r
1y
1c
0i
#21627192716
1t
0s
0r
1y
1c
0i
#21627193365
0t
0s
0r
1y
1c
0i
#21627193776
1t
0s
0r
1y
1c
0i
#21627194427
0t
0s
0r
1y
1c
0i
#21627194837
1t
0s
0r
1y
1c
0i
#21627195490
0t
0s
0r
1y
1c
0i
#21627195900
1t
0s
0r
1y
1c
0i
#21627196548
0t
0s
0r
1y
1c
0i
#21627196960
1t
0s
0r
1y
1c
0i
#21627197608
0t
0s
0r
1y
1c
0i
#21627198019
1t
0s
0r
1y
1c
0i
#21627198669
0t
0s
0r
1y
1c
0i
#21627199079
1t
0s
0r
1y
1c
0i
#21627199724
0t
0s
0r
1y
1c
0i
#21627200135
1t
0s
0r
1y
1c
0i
#21627200781
0t
0s
0r
1y
1c
0i
#21627201191
1t
0s
0r
1y
1c
0i
#21627201839
0t
0s
0r
1y
1c
0i
#21627202249
1t
0s
0r
1y
1c
0i
#21627202892
0t
0s
0r
1y
1c
0i
#21627203303
1t
0s
0r
1y
1c
0i
#21627203947
0t
0s
0r
1y
1c
0i
#21627204358
1t
0s
0r
1y
1c
0i
#21627205005
0t
0s
0r
1y
1c
0i
#21627205414
1t
0s
0r
1y
1c
0i
#21627207091
0t
0s
0r
1y
1c
0i
#21627208270
1t
0s
0r
1y
1c
0i
#21627209234
0t
0s
0r
1y
1c
0i
#21627209631
1t
0s
0r
1y
1c
0i
#21627210280
0t
0s
0r
1y
1c
0i
#21627210687
1t
0s
0r
1y
1c
0i
#21627211334
0t
0s
0r
1y
1c
0i
#21627211741
1t
0s
0r
1y
1c
0i
#21627212387
0t
0s
0r
1y
1c
0i
#21627212796
1t
0s
0r
1y
1c
0i
#21627213442
0t
0s
0r
1y
1c
0i
#21627213850
1t
0s
0r
1y
1c
0i
#21627214497
0t
0s
0r
1y
1c
0i
#21627214904
1t
0s
0r
1y
1c
0i
#21627215547
0t
0s
0r
1y
1c
0i
#21627215955
1t
0s
0r
1y
1c
0i
#21627216600
0t
0s
0r
1y
1c
0i
#21627217008
1t
0s
0r
1y
1c
0i
#21627217655
0t
0s
0r
1y
1c
0i
#21627218063
1t
0s
0r
1y
1c
0i
#21627218707
0t
0s
0r
1y
1c
0i
#21627219116
1t
0s
0r
1y
1c
0i
#21627219761
0t
0s
0r
1y
0c
0i
#21627220170
1t
0s
0r
1y
0c
0i
#21627220821
0t
0s
0r
1y
0c
0i
#21627221228
1t
0s
0r
1y
0c
1i
#21627221875
0t
0s
0r
1y
0c
1i
#21627222285
1t
0s
0r
1y
0c
1i
#21627222934
0t
0s
0r
1y
0c
1i
#21627223344
1t
0s
0r
1y
0c
1i
#21627223459
1t
0s
1r
1y
0c
1i
#21627223461
1t
0s
0r
1y
0c
1i
#21627223997
0t
0s
0r
1y
0c
0i
#21627224406
1t
0s
0r
1y
0c
0i
#21627225054
0t
0s
0r
1y
0c
0i
#21627225464
1t
0s
0r
1y
0c
0i
#21627226114
0t
0s
0r
1y
0c
0i
#21627226523
1t
0s
0r
1y
0c
0i
#21627227176
0t
0s
0r
1y
0c
0i
#21627227583
1t
0s
0r
1y
0c
0i
#21627228231
0t
0s
0r
1y
0c
0i
#21627228642
1t
0s
0r
1y
0c
0i
#21627229291
0t
0s
0r
1y
0c
0i
#21627229701
1t
0s
0r
1y
0c
0i
#21627230353
0t
0s
0r
1y
0c
0i
#21627230761
1t
0s
0r
1y
0c
0i
#21627231411
0t
0s
0r
1y
0c
0i
#21627231820
1t
0s
0r
1y
0c
0i
#21627232471
0t
0s
0r
1y
0c
0i
#21627232879
1t
0s
0r
1y
0c
0i
#21627233533
0t
0s
0r
1y
0c
0i
#21627233940
1t
0s
0r
1y
0c
0i
#21627234591
0t
0s
0r
1y
0c
0i
#21627234999
1t
0s
0r
1y
0c
0i
#21627235651
0t
0s
0r
1y
0c
0i
#21627236059
1t
0s
0r
1y
0c
0i
#21627236714
0t
0s
0r
1y
0c
0i
#21627237121
1t
0s
0r
1y
0c
0i
#21627237772
0t
0s
0r
1y
0c
0i
#21627238181
1t
0s
0r
1y
0c
0i
#21627238832
0t
0s
0r
1y
0c
0i
#21627239242
1t
0s
0r
1y
0c
0i
#21627239896
0t
0s
0r
1y
0c
0i
#21627240304
1t
0s
0r
1y
0c
0i
#21627240953
0t
0s
0r
1y
0c
0i
#21627241364
1t
0s
0r
1y
0c
0i
#21627242014
0t
0s
0r
1y
0c
0i
#21627242424
1t
0s
0r
1y
0c
0i
#21627243078
0t
0s
0r
1y
0c
0i
#21627243486
1t
0s
0r
1y
0c
0i
#21627244134
0t
0s
0r
1y
0c
0i
#21627244546
1t
0s
0r
1y
0c
0i
#21627245195
0t
0s
0r
1y
0c
0i
#21627245606
1t
0s
0r
1y
0c
0i
#21627246258
0t
0s
0r
1y
0c
0i
#21627246667
1t
0s
0r
1y
0c
0i
#21627247316
0t
0s
0r
1y
0c
0i
#21627247726
1t
0s
0r
1y
0c
0i
#21627248376
0t
0s
0r
1y
0c
0i
#21627248787
1t
0s
0r
1y
0c
0i
#21627249439
0t
0s
0r
1y
0c
0i
#21627249851
1t
0s
0r
1y
0c
0i
#21627250499
0t
0s
0r
1y
0c
0i
#21627250912
1t
0s
0r
1y
0c
0i
#21627251563
0t
0s
0r
1y
1c
0i
#21627251975
1t
0s
0r
1y
1c
0i
#21627252631
0t
0s
0r
1y
1c
0i
#21627253042
1t
0s
0r
1y
1c
1i
#21627253694
0t
0s
0r
1y
1c
1i
#21627254108
1t
0s
0r
1y
1c
1i
#21627254763
0t
0s
0r
1y
1c
1i
#21627255176
1t
0s
0r
1y
1c
1i
#21627255834
0t
0s
0r
1y
1c
0i
#21627256246
1t
0s
0r
1y
1c
0i
#21627256900
0t
0s
0r
1y
1c
0i
#21627257313
1t
0s
0r
1y
1c
0i
#21627257968
0t
0s
0r
1y
1c
0i
#21627258380
1t
0s
0r
1y
1c
0i
#21627259037
0t
0s
0r
1y
1c
0i
#21627259449
1t
0s
0r
1y
1c
0i
#21627260100
0t
0s
0r
1y
1c
0i
#21627260515
1t
0s
0r
1y
1c
0i
#21627261166
0t
0s
0r
1y
1c
0i
#21627261580
1t
0s
0r
1y
1c
0i
#21627262234
0t
0s
0r
1y
1c
0i
#21627262645
1t
0s
0r
1y
1c
0i
#21627263294
0t
0s
0r
1y
1c
0i
#21627263707
1t
0s
0r
1y
1c
0i
#21627264357
0t
0s
0r
1y
1c
0i
#21627264769
1t
0s
0r
1y
1c
0i
#21627265420
0t
0s
0r
1y
1c
0i
#21627265832
1t
0s
0r
1y
1c
0i
#21627266479
0t
0s
0r
1y
1c
0i
#21627266893
1t
0s
0r
1y
1c
0i
#21627267540
0t
0s
0r
1y
1c
0i
#21627267953
1t
0s
0r
1y
1c
0i
#21627268603
0t
0s
0r
1y
1c
0i
#21627269014
1t
0s
0r
1y
1c
0i
#21627270700
0t
0s
0r
1y
1c
0i
#21627271884
1t
0s
0r
1y
1c
0i
#21627272854
0t
0s
0r
1y
1c
0i
#21627273253
1t
0s
0r
1y
1c
0i
#21627273905
0t
0s
0r
1y
1c
0i
#21627274315
1t
0s
0r
1y
1c
0i
#21627274965
0t
0s
0r
1y
1c
0i
#21627275375
1t
0s
0r
1y
1c
0i
#21627276024
0t
0s
0r
1y
1c
0i
#21627276436
1t
0s
0r
1y
1c
0i
#21627277085
0t
0s
0r
1y
1c
0i
#21627277495
1t
0s
0r
1y
1c
0i
#21627278147
0t
0s
0r
1y
1c
0i
#21627278555
1t
0s
0r
1y
1c
0i
#21627279203
0t
0s
0r
1y
1c
0i
#21627279613
1t
0s
0r
1y
1c
0i
#21627280263
0t
0s
0r
1y
1c
0i
#21627280672
1t
0s
0r
1y
1c
0i
#21627281323
0t
0s
0r
1y
1c
0i
#21627281733
1t
0s
0r
1y
1c
0i
#21627282381
0t
0s
0r
1y
1c
0i
#21627282792
1t
0s
0r
1y
1c
0i
#21627283442
0t
0s
0r
1y
0c
0i
#21627283853
1t
0s
0r
1y
0c
0i
#21627284507
0t
0s
0r
1y
0c
0i
#21627284917
1t
0s
0r
1y
0c
1i
#21627285569
0t
0s
0r
1y
0c
1i
#21627285980
1t
0s
0r
1y
0c
1i
#21627286634
0t
0s
0r
1y
0c
1i
#21627287046
1t
0s
0r
1y
0c
1i
#21627287702
0t
0s
0r
1y
0c
0i
#21627288113
1t
0s
0r
1y
0c
0i
#21627288766
0t
0s
0r
1y
0c
0i
#21627289178
1t
0s
0r
1y
0c
0i
#21627289832
0t
0s
0r
1y
0c
0i
#21627290243
1t
0s
0r
1y
0c
0i
#21627290899
0t
0s
0r
1y
0c
0i
#21627291309
1t
0s
0r
1y
0c
0i
#21627291961
0t
0s
0r
1y
0c
0i
#21627292374
1t
0s
0r
1y
0c
0i
#21627293026
0t
0s
0r
1y
0c
0i
#21627293437
1t
0s
0r
1y
0c
0i
#21627294093
0t
0s
0r
1y
0c
0i
#21627294502
1t
0s
0r
1y
0c
0i
#21627295155
0t
0s
0r
1y
0c
0i
#21627295566
1t
0s
0r
1y
0c
0i
#21627296219
0t
0s
0r
1y
0c
0i
#21627296629
1t
0s
0r
1y
0c
0i
#21627297286
0t
0s
0r
1y
0c
0i
#21627297694
1t
0s
0r
1y
0c
0i
#21627298346
0t
0s
0r
1y
0c
0i
#21627298756
1t
0s
0r
1y
0c
0i
#21627299409
0t
0s
0r
1y
0c
0i
#21627299819
1t
0s
0r
1y
0c
0i
#21627300475
0t
0s
0r
1y
0c
0i
#21627300883
1t
0s
0r
1y
0c
0i
#21627301536
0t
0s
0r
1y
0c
0i
#21627301946
1t
0s
0r
1y
0c
0i
#21627302599
0t
0s
0r
1y
0c
0i
#21627303011
1t
0s
0r
1y
0c
0i
#21627303665
0t
0s
0r
1y
0c
0i
#21627304075
1t
0s
0r
1y
0c
0i
#21627304727
0t
0s
0r
1y
0c
0i
#21627305138
1t
0s
0r
1y
0c
0i
#21627305791
0t
0s
0r
1y
0c
0i
#21627306202
1t
0s
0r
1y
0c
0i
#21627306857
0t
0s
0r
1y
0c
0i
#21627307267
1t
0s
0r
1y
0c
0i
#21627307918
0t
0s
0r
1y
0c
0i
#21627308330
1t
0s
0r
1y
0c
0i
#21627308981
0t
0s
0r
1y
0c
0i
#21627309393
1t
0s
0r
1y
0c
0i
#21627310047
0t
0s
0r
1y
0c
0i
#21627310458
1t
0s
0r
1y
0c
0i
#21627311108
0t
0s
0r
1y
0c
0i
#21627311520
1t
0s
0r
1y
0c
0i
#21627312172
0t
0s
0r
1y
0c
0i
#21627312583
1t
0s
0r
1y
0c
0i
#21627313237
0t
0s
0r
1y
0c
0i
#21627313649
1t
0s
0r
1y
0c
0i
#21627314299
0t
0s
0r
1y
0c
0i
#21627314713
1t
0s
0r
1y
0c
0i
#21627315365
0t
0s
0r
1y
1c
0i
#21627315778
1t
0s
0r
1y
1c
0i
#21627316435
0t
0s
0r
1y
1c
0i
#21627316847
1t
0s
0r
1y
1c
1i
#21627317501
0t
0s
0r
1y
1c
1i
#21627317915
1t
0s
0r
1y
1c
1i
#21627318570
0t
0s
0r
1y
1c
1i
#21627318984
1t
0s
0r
1y
1c
1i
#21627319643
0t
0s
0r
1y
1c
0i
#21627320056
1t
0s
0r
1y
1c
0i
#21627320711
0t
0s
0r
1y
1c
0i
#21627321125
1t
0s
0r
1y
1c
0i
#21627321780
0t
0s
0r
1y
1c
0i
#21627322194
1t
0s
0r
1y
1c
0i
#21627322852
0t
0s
0r
1y
1c
0i
#21627323264
1t
0s
0r
1y
1c
0i
#21627323917
0t
0s
0r
1y
1c
0i
#21627324333
1t
0s
0r
1y
1c
0i
#21627324986
0t
0s
0r
1y
1c
0i
#21627325401
1t
0s
0r
1y
1c
0i
#21627326057
0t
0s
0r
1y
1c
0i
#21627326470
1t
0s
0r
1y
1c
0i
#21627327123
0t
0s
0r
1y
1c
0i
#21627327537
1t
0s
0r
1y
1c
0i
#21627328190
0t
0s
0r
1y
1c
0i
#21627328604
1t
0s
0r
1y
1c
0i
#21627329259
0t
0s
0r
1y
1c
0i
#21627329673
1t
0s
0r
1y
1c
0i
#21627330324
0t
0s
0r
1y
1c
0i
#21627330739
1t
0s
0r
1y
1c
0i
#21627331391
0t
0s
0r
1y
1c
0i
#21627331805
1t
0s
0r
1y
1c
0i
#21627332460
0t
0s
0r
1y
1c
0i
#21627332873
1t
0s
0r
1y
1c
0i
#21627334568
0t
0s
0r
1y
1c
0i
#21627335758
1t
0s
0r
1y
1c
0i
#21627336734
0t
0s
0r
1y
1c
0i
#21627337134
1t
0s
0r
1y
1c
0i
#21627337790
0t
0s
0r
1y
1c
0i
#21627338201
1t
0s
0r
1y
1c
0i
#21627338855
0t
0s
0r
1y
1c
0i
#21627339267
1t
0s
0r
1y
1c
0i
#21627339920
0t
0s
0r
1y
1c
0i
#21627340333
1t
0s
0r
1y
1c
0i
#21627340986
0t
0s
0r
1y
1c
0i
#21627341398
1t
0s
0r
1y
1c
0i
#21627342053
0t
0s
0r
1y
1c
0i
#21627342463
1t
0s
0r
1y
1c
0i
#21627343114
0t
0s
0r
1y
1c
0i
#21627343527
1t
0s
0r
1y
1c
0i
#21627344180
0t
0s
0r
1y
1c
0i
#21627344591
1t
0s
0r
1y
1c
0i
#21627345246
0t
0s
0r
1y
1c
0i
#21627345658
1t
0s
0r
1y
1c
0i
#21627346309
0t
0s
0r
1y
1c
0i
#21627346723
1t
0s
0r
1y
1c
0i
#21627347377
0t
0s
0r
1y
0c
0i
#21627347789
1t
0s
0r
1y
0c
0i
#21627348447
0t
0s
0r
1y
0c
0i
#21627348859
1t
0s
0r
1y
0c
1i
#21627349515
0t
0s
0r
1y
0c
1i
#21627349928
1t
0s
0r
1y
0c
1i
#21627350585
0t
0s
0r
1y
0c
1i
#21627350996
0t
0s
1r
1y
0c
1i
#21627350998
0t
0s
0r
1y
0c
1i
#21627350999
1t
0s
0r
1y
0c
1i
#21627351660
0t
0s
0r
1y
0c
0i
#21627352072
1t
0s
0r
1y
0c
0i
#21627352729
0t
0s
0r
1y
0c
0i
#21627353143
1t
0s
0r
1y
0c
0i
#21627353800
0t
0s
0r
1y
0c
0i
#21627354213
1t
0s
0r
1y
0c
0i
#21627354874
0t
0s
0r
1y
0c
0i
#21627355285
1t
0s
0r
1y
0c
0i
#21627355941
0t
0s
0r
1y
0c
0i
#21627356356
1t
0s
0r
1y
0c
0i
#21627357012
0t
0s
0r
1y
0c
0i
#21627357425
1t
0s
0r
1y
0c
0i
#21627358085
0t
0s
0r
1y
0c
0i
#21627358496
1t
0s
0r
1y
0c
0i
#21627359153
0t
0s
0r
1y
0c
0i
#21627359566
1t
0s
0r
1y
0c
0i
#21627360224
0t
0s
0r
1y
0c
0i
#21627360636
1t
0s
0r
1y
0c
0i
#21627361297
0t
0s
0r
1y
0c
0i
#21627361707
1t
0s
0r
1y
0c
0i
#21627362365
0t
0s
0r
1y
0c
0i
#21627362777
1t
0s
0r
1y
0c
0i
#21627363436
0t
0s
0r
1y
0c
0i
#21627363847
1t
0s
0r
1y
0c
0i
#21627364509
0t
0s
0r
1y
0c
0i
#21627364920
1t
0s
0r
1y
0c
0i
#21627365578
0t
0s
0r
1y
0c
0i
#21627365990
1t
0s
0r
1y
0c
0i
#21627366648
0t
0s
0r
1y
0c
0i
#21627367062
1t
0s
0r
1y
0c
0i
#21627367723
0t
0s
0r
1y
0c
0i
#21627368135
1t
0s
0r
1y
0c
0i
#21627368791
0t
0s
0r
1y
0c
0i
#21627369205
1t
0s
0r
1y
0c
0i
#21627369863
0t
0s
0r
1y
0c
0i
#21627370276
1t
0s
0r
1y
0c
0i
#21627370936
0t
0s
0r
1y
0c
0i
#21627371348
1t
0s
0r
1y
0c
0i
#21627372004
0t
0s
0r
1y
0c
0i
#21627372419
1t
0s
0r
1y
0c
0i
#21627373075
0t
0s
0r
1y
0c
0i
#21627373489
1t
0s
0r
1y
0c
0i
#21627374149
0t
0s
0r
1y
0c
0i
#21627374561
1t
0s
0r
1y
0c
0i
#21627375217
0t
0s
0r
1y
0c
0i
#21627375631
1t
0s
0r
1y
0c
0i
#21627376287
0t
0s
0r
1y
0c
0i
#21627376701
1t
0s
0r
1y
0c
0i
#21627377361
0t
0s
0r
1y
0c
0i
#21627377775
1t
0s
0r
1y
0c
0i
#21627378430
0t
0s
0r
1y
0c
0i
#21627378847
1t
0s
0r
1y
0c
0i
#21627379504
0t
0s
0r
1y
1c
0i
#21627379920
1t
0s
0r
1y
1c
0i
#21627380582
0t
0s
0r
1y
1c
0i
#21627380997
1t
0s
0r
1y
1c
1i
#21627381656
0t
0s
0r
1y
1c
1i
#21627382073
1t
0s
0r
1y
1c
1i
#21627382734
0t
0s
0r
1y
1c
1i
#21627383150
1t
0s
0r
1y
1c
1i
#21627383815
0t
0s
0r
1y
1c
0i
#21627384230
1t
0s
0r
1y
1c
0i
#21627384891
0t
0s
0r
1y
1c
0i
#21627385307
1t
0s
0r
1y
1c
0i
#21627385969
0t
0s
0r
1y
1c
0i
#21627386384
1t
0s
0r
1y
1c
0i
#21627387048
0t
0s
0r
1y
1c
0i
#21627387463
1t
0s
0r
1y
1c
0i
#21627388120
0t
0s
0r
1y
1c
0i
#21627388539
1t
0s
0r
1y
1c
0i
#21627389197
0t
0s
0r
1y
1c
0i
#21627389615
1t
0s
0r
1y
1c
0i
#21627390276
0t
0s
0r
1y
1c
0i
#21627390691
1t
0s
0r
1y
1c
0i
#21627391348
0t
0s
0r
1y
1c
0i
#21627391765
1t
0s
0r
1y
1c
0i
#21627392422
0t
0s
0r
1y
1c
0i
#21627392839
1t
0s
0r
1y
1c
0i
#21627393497
0t
0s
0r
1y
1c
0i
#21627393914
1t
0s
0r
1y
1c
0i
#21627394568
0t
0s
0r
1y
1c
0i
#21627394986
1t
0s
0r
1y
1c
0i
#21627395642
0t
0s
0r
1y
1c
0i
#21627396059
1t
0s
0r
1y
1c
0i
#21627536662
0t
0s
0r
1y
1c
0i
#21627537079
1t
0s
0r
1y
1c
0i
#21627537741
0t
0s
0r
1y
1c
0i
#21627538157
1t
0s
0r
1y
1c
0i
#21627538821
0t
0s
0r
1y
1c
0i
#21627539238
1t
0s
0r
1y
1c
0i
#21627539898
0t
0s
0r
1y
1c
0i
#21627540317
1t
0s
0r
1y
1c
0i
#21627540980
0t
0s
0r
1y
0c
0i
#21627541398
1t
0s
0r
1y
0c
0i
#21627542065
0t
0s
0r
1y
0c
0i
#21627542482
1t
0s
0r
1y
0c
1i
#21627543147
0t
0s
0r
1y
0c
1i
#21627543565
1t
0s
0r
1y
0c
1i
#21627544232
0t
0s
0r
1y
0c
1i
#21627544651
1t
0s
0r
1y
0c
1i
#21627545321
0t
0s
0r
1y
0c
0i
#21627545739
1t
0s
0r
1y
0c
0i
#21627546404
0t
0s
0r
1y
0c
0i
#21627546824
1t
0s
0r
1y
0c
0i
#21627547491
0t
0s
0r
1y
0c
0i
#21627547908
1t
0s
0r
1y
0c
0i
#21627548579
0t
0s
0r
1y
0c
0i
#21627548994
1t
0s
0r
1y
0c
0i
#21627549659
0t
0s
0r
1y
0c
0i
#21627550078
1t
0s
0r
1y
0c
0i
#21627550744
0t
0s
0r
1y
0c
0i
#21627551161
1t
0s
0r
1y
0c
0i
#21627551829
0t
0s
0r
1y
0c
0i
#21627552244
1t
0s
0r
1y
0c
0i
#21627552908
0t
0s
0r
1y
0c
0i
#21627553325
1t
0s
0r
1y
0c
0i
#21627553990
0t
0s
0r
1y
0c
0i
#21627554405
1t
0s
0r
1y
0c
0i
#21627555073
0t
0s
0r
1y
0c
0i
#21627555486
1t
0s
0r
1y
0c
0i
#21627556148
0t
0s
0r
1y
0c
0i
#21627556564
1t
0s
0r
1y
0c
0i
#21627557227
0t
0s
0r
1y
0c
0i
#21627557642
1t
0s
0r
1y
0c
0i
#21627558309
0t
0s
0r
1y
0c
0i
#21627558722
1t
0s
0r
1y
0c
0i
#21627559386
0t
0s
0r
1y
0c
0i
#21627559801
1t
0s
0r
1y
0c
0i
#21627560464
0t
0s
0r
1y
0c
0i
#21627560881
1t
0s
0r
1y
0c
0i
#21627561547
0t
0s
0r
1y
0c
0i
#21627561962
1t
0s
0r
1y
0c
0i
#21627562623
0t
0s
0r
1y
0c
0i
#21627563040
1t
0s
0r
1y
0c
0i
#21627563703
0t
0s
0r
1y
0c
0i
#21627564120
1t
0s
0r
1y
0c
0i
#21627564785
0t
0s
0r
1y
0c
0i
#21627565201
1t
0s
0r
1y
0c
0i
#21627565862
0t
0s
0r
1y
0c
0i
#21627566280
1t
0s
0r
1y
0c
0i
#21627566942
0t
0s
0r
1y
0c
0i
#21627567359
1t
0s
0r
1y
0c
0i
#21627568025
0t
0s
0r
1y
0c
0i
#21627568440
1t
0s
0r
1y
0c
0i
#25922503958
0t
0s
0r
1y
1c
0i
#25922504375
1t
0s
0r
1y
1c
0i
#25922505037
0t
0s
0r
1y
1c
0i
#25922505453
1t
0s
0r
1y
1c
0i
#25922506117
0t
0s
0r
1y
1c
0i
#25922506534
1t
0s
0r
1y
1c
0i
#25922507194
0t
0s
0r
1y
1c
0i
#25922507613
1t
0s
0r
1y
1c
0i
#25922508276
0t
0s
0r
1y
0c
0i
#25922508694
1t
0s
0r
1y
0c
0i
#25922509361
0t
0s
0r
1y
0c
0i
#25922509778
1t
0s
0r
1y
0c
1i
#25922510443
0t
0s
0r
1y
0c
1i
#25922510861
1t
0s
0r
1y
0c
1i
#25922511528
0t
0s
0r
1y
0c
1i
#25922511947
1t
0s
0r
1y
0c
1i
#25922512617
0t
0s
0r
1y
0c
0i
#25922513035
1t
0s
0r
1y
0c
0i
#25922513700
0t
0s
0r
1y
0c
0i
#25922514120
1t
0s
0r
1y
0c
0i
#25922514787
0t
0s
0r
1y
0c
0i
#25922515204
1t
0s
0r
1y
0c
0i
#25922515875
0t
0s
0r
1y
0c
0i
#25922516290
1t
0s
0r
1y
0c
0i
#25922516955
0t
0s
0r
1y
0c
0i
#25922517374
1t
0s
0r
1y
0c
0i
#25922518040
0t
0s
0r
1y
0c
0i
#25922518457
1t
0s
0r
1y
0c
0i
#25922519125
0t
0s
0r
1y
0c
0i
#25922519540
1t
0s
0r
1y
0c
0i
#25922520204
0t
0s
0r
1y
0c
0i
#25922520621
1t
0s
0r
1y
0c
0i
#25922521286
0t
0s
0r
1y
0c
0i
#25922521701
1t
0s
0r
1y
0c
0i
#25922522369
0t
0s
0r
1y
0c
0i
#25922522782
1t
0s
0r
1y
0c
0i
#25922523444
0t
0s
0r
1y
0c
0i
#25922523860
1t
0s
0r
1y
0c
0i
#25922524523
0t
0s
0r
1y
0c
0i
#25922524938
1t
0s
0r
1y
0c
0i
#25922525605
0t
0s
0r
1y
0c
0i
#25922526018
1t
0s
0r
1y
0c
0i
#25922526682
0t
0s
0r
1y
0c
0i
#25922527097
1t
0s
0r
1y
0c
0i
#25922527760
0t
0s
0r
1y
0c
0i
#25922528177
1t
0s
0r
1y
0c
0i
#25922528843
0t
0s
0r
1y
0c
0i
#25922529258
1t
0s
0r
1y
0c
0i
#25922529919
0t
0s
0r
1y
0c
0i
#25922530336
1t
0s
0r
1y
0c
0i
#25922530999
0t
0s
0r
1y
0c
0i
#25922531416
1t
0s
0r
1y
0c
0i
#25922532081
0t
0s
0r
1y
0c
0i
#25922532497
1t
0s
0r
1y
0c
0i
#25922533158
0t
0s
0r
1y
0c
0i
#25922533576
1t
0s
0r
1y
0c
0i
#25922534238
0t
0s
0r
1y
0c
0i
#25922534655
1t
0s
0r
1y
0c
0i
#25922535321
0t
0s
0r
1y
0c
0i
#25922535736
1t
0s
0r
1y
0c
0i
#25922536397
0t
0s
0r
1y
0c
0i
#25922536814
1t
0s
0r
1y
0c
0i
#25922537477
0t
0s
0r
1y
0c
0i
#25922537893
1t
0s
0r
1y
0c
0i
#25922538558
0t
0s
0r
1y
0c
0i
#25922538975
1t
0s
0r
1y
0c
0i
#25922539635
0t
0s
0r
1y
0c
0i
#25922540054
1t
0s
0r
1y
0c
0i
#25922540718
0t
0s
0r
1y
1c
0i
#25922541136
1t
0s
0r
1y
1c
0i
#25922541803
0t
0s
0r
1y
1c
0i
#25922542220
1t
0s
0r
1y
1c
1i
#25922542885
0t
0s
0r
1y
1c
1i
#25922543305
1t
0s
0r
1y
1c
1i
#25922543971
0t
0s
0r
1y
1c
1i
#25922544391
1t
0s
0r
1y
1c
1i
#25922545061
0t
0s
0r
1y
1c
0i
#25922545479
1t
0s
0r
1y
1c
0i
#25922546145
0t
0s
0r
1y
1c
0i
#25922546564
1t
0s
0r
1y
1c
0i
#25922547231
0t
0s
0r
1y
1c
0i
#25922547650
1t
0s
0r
1y
1c
0i
#25922548320
0t
0s
0r
1y
1c
0i
#25922548737
1t
0s
0r
1y
1c
0i
#25922549401
0t
0s
0r
1y
1c
0i
#25922549822
1t
0s
0r
1y
1c
0i
#25922550487
0t
0s
0r
1y
1c
0i
#25922550907
1t
0s
0r
1y
1c
0i
#25922551574
0t
0s
0r
1y
1c
0i
#25922551993
1t
0s
0r
1y
1c
0i
#25922552656
0t
0s
0r
1y
1c
0i
#25922553076
1t
0s
0r
1y
1c
0i
#25922553740
0t
0s
0r
1y
1c
0i
#25922554159
1t
0s
0r
1y
1c
0i
#25922554825
0t
0s
0r
1y
1c
0i
#25922555244
1t
0s
0r
1y
1c
0i
#25922555905
0t
0s
0r
1y
1c
0i
#25922556326
1t
0s
0r
1y
1c
0i
#25922556988
0t
0s
0r
1y
1c
0i
#25922557408
1t
0s
0r
1y
1c
0i
#25922558074
0t
0s
0r
1y
1c
0i
#25922558492
1t
0s
0r
1y
1c
0i
#25922560214
0t
0s
0r
1y
1c
0i
#25922561421
1t
0s
0r
1y
1c
0i
#25922562413
0t
0s
0r
1y
1c
0i
#25922562819
1t
0s
0r
1y
1c
0i
#25922563486
0t
0s
0r
1y
1c
0i
#25922563902
1t
0s
0r
1y
1c
0i
#25922564567
0t
0s
0r
1y
1c
0i
#25922564984
1t
0s
0r
1y
1c
0i
#25922565648
0t
0s
0r
1y
1c
0i
#25922566067
1t
0s
0r
1y
1c
0i
#25922566730
0t
0s
0r
1y
1c
0i
#25922567148
1t
0s
0r
1y
1c
0i
#25922567814
0t
0s
0r
1y
1c
0i
#25922568230
1t
0s
0r
1y
1c
0i
#25922568892
0t
0s
0r
1y
1c
0i
#25922569309
1t
0s
0r
1y
1c
0i
#25922569973
0t
0s
0r
1y
1c
0i
#25922570390
1t
0s
0r
1y
1c
0i
#25922571055
0t
0s
0r
1y
1c
0i
#25922571473
1t
0s
0r
1y
1c
0i
#25922572135
0t
0s
0r
1y
0c
0i
#25922572554
1t
0s
0r
1y
0c
0i
#25922573219
0t
0s
0r
1y
0c
0i
#25922573637
1t
0s
0r
1y
0c
0i
#25922574307
0t
0s
0r
1y
0c
0i
#25922574724
1t
0s
0r
1y
0c
1i
#25922575390
0t
0s
0r
1y
0c
1i
#25922575809
1t
0s
0r
1y
0c
1i
#25922576478
0t
0s
0r
1y
0c
1i
#25922576898
1t
0s
0r
1y
0c
1i
#25922576952
1t
0s
1r
1y
0c
1i
#25922576954
1t
0s
0r
1y
0c
1i
#25922577570
0t
0s
0r
1y
0c
0i
#25922577988
1t
0s
0r
1y
0c
0i
#25922578655
0t
0s
0r
1y
0c
0i
#25922579075
1t
0s
0r
1y
0c
0i
#25922579744
0t
0s
0r
1y
0c
0i
#25922580162
1t
0s
0r
1y
0c
0i
#25922580832
0t
0s
0r
1y
0c
0i
#25922581249
1t
0s
0r
1y
0c
0i
#25922581914
0t
0s
0r
1y
0c
0i
#25922582332
1t
0s
0r
1y
0c
0i
#25922582996
0t
0s
0r
1y
0c
0i
#25922583412
1t
0s
0r
1y
0c
0i
#25922584077
0t
0s
0r
1y
0c
0i
#25922584491
1t
0s
0r
1y
0c
0i
#25922585151
0t
0s
0r
1y
0c
0i
#25922585566
1t
0s
0r
1y
0c
0i
#25922586227
0t
0s
0r
1y
0c
0i
#25922586639
1t
0s
0r
1y
0c
0i
#25922587302
0t
0s
0r
1y
0c
0i
#25922587713
1t
0s
0r
1y
0c
0i
#25922588372
0t
0s
0r
1y
0c
0i
#25922588785
1t
0s
0r
1y
0c
0i
#25922589445
0t
0s
0r
1y
0c
0i
#25922589858
1t
0s
0r
1y
0c
0i
#25922590521
0t
0s
0r
1y
0c
0i
#25922590933
1t
0s
0r
1y
0c
0i
#25922591594
0t
0s
0r
1y
0c
0i
#25922592008
1t
0s
0r
1y
0c
0i
#25922592668
0t
0s
0r
1y
0c
0i
#25922593084
1t
0s
0r
1y
0c
0i
#25922593747
0t
0s
0r
1y
0c
0i
#25922594161
1t
0s
0r
1y
0c
0i
#25922594821
0t
0s
0r
1y
0c
0i
#25922595237
1t
0s
0r
1y
0c
0i
#25922595898
0t
0s
0r
1y
0c
0i
#25922596313
1t
0s
0r
1y
0c
0i
#25922596978
0t
0s
0r
1y
0c
0i
#25922597392
1t
0s
0r
1y
0c
0i
#25922598051
0t
0s
0r
1y
0c
0i
#25922598468
1t
0s
0r
1y
0c
0i
#25922599129
0t
0s
0r
1y
0c
0i
#25922599544
1t
0s
0r
1y
0c
0i
#25922600208
0t
0s
0r
1y
0c
0i
#25922600623
1t
0s
0r
1y
0c
0i
#25922601281
0t
0s
0r
1y
0c
0i
#25922601698
1t
0s
0r
1y
0c
0i
#25922602359
0t
0s
0r
1y
0c
0i
#25922602775
1t
0s
0r
1y
0c
0i
#25922603437
0t
0s
0r
1y
0c
0i
#25922603855
1t
0s
0r
1y
0c
0i
#25922604513
0t
0s
0r
1y
0c
0i
#25922604931
1t
0s
0r
1y
1c
0i
#25922605593
0t
0s
0r
1y
1c
0i
#25922606011
1t
0s
0r
1y
1c
0i
#25922606677
0t
0s
0r
1y
1c
0i
#25922607093
1t
0s
0r
1y
1c
1i
#25922607756
0t
0s
0r
1y
1c
1i
#25922608175
1t
0s
0r
1y
1c
1i
#25922608841
0t
0s
0r
1y
1c
1i
#25922609259
1t
0s
0r
1y
1c
1i
#25922609928
0t
0s
0r
1y
1c
0i
#25922610345
1t
0s
0r
1y
1c
0i
#25922611010
0t
0s
0r
1y
1c
0i
#25922611429
1t
0s
0r
1y
1c
0i
#25922612094
0t
0s
0r
1y
1c
0i
#25922612512
1t
0s
0r
1y
1c
0i
#25922613180
0t
0s
0r
1y
1c
0i
#25922613597
1t
0s
0r
1y
1c
0i
#25922614259
0t
0s
0r
1y
1c
0i
#25922614679
1t
0s
0r
1y
1c
0i
#25922615341
0t
0s
0r
1y
1c
0i
#25922615760
1t
0s
0r
1y
1c
0i
#25922616424
0t
0s
0r
1y
1c
0i
#25922616841
1t
0s
0r
1y
1c
0i
#25922617500
0t
0s
0r
1y
1c
0i
#25922617918
1t
0s
0r
1y
1c
0i
#25922618578
0t
0s
0r
1y
1c
0i
#25922618995
1t
0s
0r
1y
1c
0i
#25922619656
0t
0s
0r
1y
1c
0i
#25922620073
1t
0s
0r
1y
1c
0i
#25922620729
0t
0s
0r
1y
1c
0i
#25922621148
1t
0s
0r
1y
1c
0i
#25922621805
0t
0s
0r
1y
1c
0i
#25922622223
1t
0s
0r
1y
1c
0i
#25922622883
0t
0s
0r
1y
1c
0i
#25922623300
1t
0s
0r
1y
1c
0i
#25922625011
0t
0s
0r
1y
1c
0i
#25922626212
1t
0s
0r
1y
1c
0i
#25922627197
0t
0s
0r
1y
1c
0i
#25922627601
1t
0s
0r
1y
1c
0i
#25922628263
0t
0s
0r
1y
1c
0i
#25922628678
1t
0s
0r
1y
1c
0i
#25922629338
0t
0s
0r
1y
1c
0i
#25922629753
1t
0s
0r
1y
1c
0i
#25922630413
0t
0s
0r
1y
1c
0i
#25922630829
1t
0s
0r
1y
1c
0i
#25922631489
0t
0s
0r
1y
1c
0i
#25922631904
1t
0s
0r
1y
1c
0i
#25922632565
0t
0s
0r
1y
1c
0i
#25922632979
1t
0s
0r
1y
1c
0i
#25922633637
0t
0s
0r
1y
1c
0i
#25922634052
1t
0s
0r
1y
1c
0i
#25922634712
0t
0s
0r
1y
1c
0i
#25922635126
1t
0s
0r
1y
1c
0i
#25922635788
0t
0s
0r
1y
1c
0i
#25922636203
1t
0s
0r
1y
1c
0i
#25922636861
0t
0s
0r
1y
0c
0i
#25922637278
1t
0s
0r
1y
0c
0i
#25922637938
0t
0s
0r
1y
0c
0i
#25922638354
1t
0s
0r
1y
0c
0i
#25922639019
0t
0s
0r
1y
0c
0i
#25922639434
1t
0s
0r
1y
0c
1i
#25922640096
0t
0s
0r
1y
0c
1i
#25922640513
1t
0s
0r
1y
0c
1i
#25922641176
0t
0s
0r
1y
0c
1i
#25922641594
1t
0s
0r
1y
0c
1i
#25922642261
0t
0s
0r
1y
0c
0i
#25922642677
1t
0s
0r
1y
0c
0i
#25922643339
0t
0s
0r
1y
0c
0i
#25922643756
1t
0s
0r
1y
0c
0i
#25922644420
0t
0s
0r
1y
0c
0i
#25922644836
1t
0s
0r
1y
0c
0i
#25922645502
0t
0s
0r
1y
0c
0i
#25922645916
1t
0s
0r
1y
0c
0i
#25922646576
0t
0s
0r
1y
0c
0i
#25922646992
1t
0s
0r
1y
0c
0i
#25922647651
0t
0s
0r
1y
0c
0i
#25922648066
1t
0s
0r
1y
0c
0i
#25922648727
0t
0s
0r
1y
0c
0i
#25922649138
1t
0s
0r
1y
0c
0i
#25922649794
0t
0s
0r
1y
0c
0i
#25922650206
1t
0s
0r
1y
0c
0i
#25922650863
0t
0s
0r
1y
0c
0i
#25922651274
1t
0s
0r
1y
0c
0i
#25922651932
0t
0s
0r
1y
0c
0i
#25922652341
1t
0s
0r
1y
0c
0i
#25922652995
0t
0s
0r
1y
0c
0i
#25922653406
1t
0s
0r
1y
0c
0i
#25922654062
0t
0s
0r
1y
0c
0i
#25922654473
1t
0s
0r
1y
0c
0i
#25922655131
0t
0s
0r
1y
0c
0i
#25922655541
1t
0s
0r
1y
0c
0i
#25922656196
0t
0s
0r
1y
0c
0i
#25922656608
1t
0s
0r
1y
0c
0i
#25922657264
0t
0s
0r
1y
0c
0i
#25922657677
1t
0s
0r
1y
0c
0i
#25922658335
0t
0s
0r
1y
0c
0i
#25922658747
1t
0s
0r
1y
0c
0i
#25922659401
0t
0s
0r
1y
0c
0i
#25922659814
1t
0s
0r
1y
0c
0i
#25922660470
0t
0s
0r
1y
0c
0i
#25922660883
1t
0s
0r
1y
0c
0i
#25922661541
0t
0s
0r
1y
0c
0i
#25922661952
1t
0s
0r
1y
0c
0i
#25922662606
0t
0s
0r
1y
0c
0i
#25922663020
1t
0s
0r
1y
0c
0i
#25922663675
0t
0s
0r
1y
0c
0i
#25922664088
1t
0s
0r
1y
0c
0i
#25922664745
0t
0s
0r
1y
0c
0i
#25922665157
1t
0s
0r
1y
0c
0i
#25922665810
0t
0s
0r
1y
0c
0i
#25922666224
1t
0s
0r
1y
0c
0i
#25922666878
0t
0s
0r
1y
0c
0i
#25922667292
1t
0s
0r
1y
0c
0i
#25922667948
0t
0s
0r
1y
0c
0i
#25922668362
1t
0s
0r
1y
0c
0i
#25922669015
0t
0s
0r
1y
0c
0i
#25922669430
1t
0s
0r
1y
0c
0i
#25922670086
0t
0s
0r
1y
1c
0i
#25922670500
1t
0s
0r
1y
1c
0i
#25922671161
0t
0s
0r
1y
1c
0i
#25922671574
1t
0s
0r
1y
1c
1i
#25922672231
0t
0s
0r
1y
1c
1i
#25922672647
1t
0s
0r
1y
1c
1i
#25922673307
0t
0s
0r
1y
1c
1i
#25922673722
1t
0s
0r
1y
1c
1i
#25922674386
0t
0s
0r
1y
1c
0i
#25922674800
1t
0s
0r
1y
1c
0i
#25922675458
0t
0s
0r
1y
1c
0i
#25922675875
1t
0s
0r
1y
1c
0i
#25922676535
0t
0s
0r
1y
1c
0i
#25922676950
1t
0s
0r
1y
1c
0i
#25922677612
0t
0s
0r
1y
1c
0i
#25922678027
1t
0s
0r
1y
1c
0i
#25922678682
0t
0s
0r
1y
1c
0i
#25922679099
1t
0s
0r
1y
1c
0i
#25922679754
0t
0s
0r
1y
1c
0i
#25922680170
1t
0s
0r
1y
1c
0i
#25922680827
0t
0s
0r
1y
1c
0i
#25922681240
1t
0s
0r
1y
1c
0i
#25922681891
0t
0s
0r
1y
1c
0i
#25922682304
1t
0s
0r
1y
1c
0i
#25922682955
0t
0s
0r
1y
1c
0i
#25922683368
1t
0s
0r
1y
1c
0i
#25922684019
0t
0s
0r
1y
1c
0i
#25922684432
1t
0s
0r
1y
1c
0i
#25922685079
0t
0s
0r
1y
1c
0i
#25922685493
1t
0s
0r
1y
1c
0i
#25922686141
0t
0s
0r
1y
1c
0i
#25922686554
1t
0s
0r
1y
1c
0i
#25922687205
0t
0s
0r
1y
1c
0i
#25922687617
1t
0s
0r
1y
1c
0i
#25922689306
0t
0s
0r
1y
1c
0i
#25922690493
1t
0s
0r
1y
1c
0i
#25922691465
0t
0s
0r
1y
1c
0i
#25922691864
1t
0s
0r
1y
1c
0i
#25922692518
0t
0s
0r
1y
1c
0i
#25922692928
1t
0s
0r
1y
1c
0i
#25922693579
0t
0s
0r
1y
1c
0i
#25922693990
1t
0s
0r
1y
1c
0i
#25922694641
0t
0s
0r
1y
1c
0i
#25922695053
1t
0s
0r
1y
1c
0i
#25922695703
0t
0s
0r
1y
1c
0i
#25922696114
1t
0s
0r
1y
1c
0i
#25922696767
0t
0s
0r
1y
1c
0i
#25922697177
1t
0s
0r
1y
1c
0i
#25922697826
0t
0s
0r
1y
1c
0i
#25922698237
1t
0s
0r
1y
1c
0i
#25922698888
0t
0s
0r
1y
1c
0i
#25922699299
1t
0s
0r
1y
1c
0i
#25922699952
0t
0s
0r
1y
1c
0i
#25922700363
1t
0s
0r
1y
1c
0i
#25922701012
0t
0s
0r
1y
0c
0i
#25922701425
1t
0s
0r
1y
0c
0i
#25922702076
0t
0s
0r
1y
0c
0i
#25922702488
1t
0s
0r
1y
0c
0i
#25922703144
0t
0s
0r
1y
0c
0i
#25922703554
1t
0s
0r
1y
0c
1i
#25922704208
0t
0s
0r
1y
0c
1i
#25922704620
1t
0s
0r
1y
0c
1i
#25922705275
0t
0s
0r
1y
0c
1i
#25922705688
1t
0s
0r
1y
0c
1i
#25922705919
1t
0s
1r
1y
0c
1i
#25922705921
1t
0s
0r
1y
0c
1i
#25922706347
0t
0s
0r
1y
0c
0i
#25922706758
1t
0s
0r
1y
0c
0i
#25922707412
0t
0s
0r
1y
0c
0i
#25922707825
1t
0s
0r
1y
0c
0i
#25922708480
0t
0s
0r
1y
0c
0i
#25922708892
1t
0s
0r
1y
0c
0i
#25922709550
0t
0s
0r
1y
0c
0i
#25922709960
1t
0s
0r
1y
0c
0i
#25922710613
0t
0s
0r
1y
0c
0i
#25922711025
1t
0s
0r
1y
0c
0i
#25922711678
0t
0s
0r
1y
0c
0i
#25922712088
1t
0s
0r
1y
0c
0i
#25922712743
0t
0s
0r
1y
0c
0i
#25922713151
1t
0s
0r
1y
0c
0i
#25922713801
0t
0s
0r
1y
0c
0i
#25922714210
1t
0s
0r
1y
0c
0i
#25922714861
0t
0s
0r
1y
0c
0i
#25922715268
1t
0s
0r
1y
0c
0i
#25922715921
0t
0s
0r
1y
0c
0i
#25922716327
1t
0s
0r
1y
0c
0i
#25922716975
0t
0s
0r
1y
0c
0i
#25922717383
1t
0s
0r
1y
0c
0i
#25922718032
0t
0s
0r
1y
0c
0i
#25922718440
1t
0s
0r
1y
0c
0i
#25922719093
0t
0s
0r
1y
0c
0i
#25922719499
1t
0s
0r
1y
0c
0i
#25922720148
0t
0s
0r
1y
0c
0i
#25922720556
1t
0s
0r
1y
0c
0i
#25922721205
0t
0s
0r
1y
0c
0i
#25922721616
1t
0s
0r
1y
0c
0i
#25922722268
0t
0s
0r
1y
0c
0i
#25922722676
1t
0s
0r
1y
0c
0i
#25922723324
0t
0s
0r
1y
0c
0i
#25922723734
1t
0s
0r
1y
0c
0i
#25922724384
0t
0s
0r
1y
0c
0i
#25922724793
1t
0s
0r
1y
0c
0i
#25922725447
0t
0s
0r
1y
0c
0i
#25922725855
1t
0s
0r
1y
0c
0i
#25922726503
0t
0s
0r
1y
0c
0i
#25922726914
1t
0s
0r
1y
0c
0i
#25922727563
0t
0s
0r
1y
0c
0i
#25922727974
1t
0s
0r
1y
0c
0i
#25922728626
0t
0s
0r
1y
0c
0i
#25922729035
1t
0s
0r
1y
0c
0i
#25922729683
0t
0s
0r
1y
0c
0i
#25922730094
1t
0s
0r
1y
0c
0i
#25922730744
0t
0s
0r
1y
0c
0i
#25922731154
1t
0s
0r
1y
0c
0i
#25922731806
0t
0s
0r
1y
0c
0i
#25922732218
1t
0s
0r
1y
0c
0i
#25922732866
0t
0s
0r
1y
0c
0i
#25922733279
1t
0s
0r
1y
0c
0i
#25922733929
0t
0s
0r
1y
1c
0i
#25922734342
1t
0s
0r
1y
1c
0i
#25922734997
0t
0s
0r
1y
1c
0i
#25922735408
1t
0s
0r
1y
1c
1i
#25922736060
0t
0s
0r
1y
1c
1i
#25922736474
1t
0s
0r
1y
1c
1i
#25922737129
0t
0s
0r
1y
1c
1i
#25922737541
1t
0s
0r
1y
1c
1i
#25922738200
0t
0s
0r
1y
1c
0i
#25922738611
1t
0s
0r
1y
1c
0i
#25922739265
0t
0s
0r
1y
1c
0i
#25922739678
1t
0s
0r
1y
1c
0i
#25922740333
0t
0s
0r
1y
1c
0i
#25922740746
1t
0s
0r
1y
1c
0i
#25922741402
0t
0s
0r
1y
1c
0i
#25922741814
1t
0s
0r
1y
1c
0i
#25922742465
0t
0s
0r
1y
1c
0i
#25922742880
1t
0s
0r
1y
1c
0i
#25922743532
0t
0s
0r
1y
1c
0i
#25922743946
1t
0s
0r
1y
1c
0i
#25922744600
0t
0s
0r
1y
1c
0i
#25922745012
1t
0s
0r
1y
1c
0i
#25922745662
0t
0s
0r
1y
1c
0i
#25922746076
1t
0s
0r
1y
1c
0i
#25922746726
0t
0s
0r
1y
1c
0i
#25922747139
1t
0s
0r
1y
1c
0i
#25922747791
0t
0s
0r
1y
1c
0i
#25922748204
1t
0s
0r
1y
1c
0i
#25922748852
0t
0s
0r
1y
1c
0i
#25922749266
1t
0s
0r
1y
1c
0i
#25922749915
0t
0s
0r
1y
1c
0i
#25922750328
1t
0s
0r
1y
1c
0i
#25922750980
0t
0s
0r
1y
1c
0i
#25922751392
1t
0s
0r
1y
1c
0i
#25922753081
0t
0s
0r
1y
1c
0i
#25922754269
1t
0s
0r
1y
1c
0i
#25922755239
0t
0s
0r
1y
1c
0i
#25922755639
1t
0s
0r
1y
1c
0i
#25922756292
0t
0s
0r
1y
1c
0i
#25922756703
1t
0s
0r
1y
1c
0i
#25922757354
0t
0s
0r
1y
1c
0i
#25922757765
1t
0s
0r
1y
1c
0i
#25922758415
0t
0s
0r
1y
1c
0i
#25922758827
1t
0s
0r
1y
1c
0i
#25922759478
0t
0s
0r
1y
1c
0i
#25922759888
1t
0s
0r
1y
1c
0i
#25922760541
0t
0s
0r
1y
1c
0i
#25922760950
1t
0s
0r
1y
1c
0i
#25922761600
0t
0s
0r
1y
1c
0i
#25922762010
1t
0s
0r
1y
1c
0i
#25922762661
0t
0s
0r
1y
1c
0i
#25922763071
1t
0s
0r
1y
1c
0i
#25922763723
0t
0s
0r
1y
1c
0i
#25922764134
1t
0s
0r
1y
1c
0i
#25922764783
0t
0s
0r
1y
1c
0i
#25922765195
1t
0s
0r
1y
1c
0i
#25922765846
0t
0s
0r
1y
0c
0i
#25922766258
1t
0s
0r
1y
0c
0i
#25922766914
0t
0s
0r
1y
0c
0i
#25922767324
1t
0s
0r
1y
0c
1i
#25922767977
0t
0s
0r
1y
0c
1i
#25922768389
1t
0s
0r
1y
0c
1i
#25922769043
0t
0s
0r
1y
0c
1i
#25922769456
1t
0s
0r
1y
0c
1i
#25922770113
0t
0s
0r
1y
0c
0i
#25922770524
1t
0s
0r
1y
0c
0i
#25922771178
0t
0s
0r
1y
0c
0i
#25922771590
1t
0s
0r
1y
0c
0i
#25922772245
0t
0s
0r
1y
0c
0i
#25922772656
1t
0s
0r
1y
0c
0i
#25922773313
0t
0s
0r
1y
0c
0i
#25922773723
1t
0s
0r
1y
0c
0i
#25922774375
0t
0s
0r
1y
0c
0i
#25922774788
1t
0s
0r
1y
0c
0i
#25922775441
0t
0s
0r
1y
0c
0i
#25922775853
1t
0s
0r
1y
0c
0i
#25922776510
0t
0s
0r
1y
0c
0i
#25922776920
1t
0s
0r
1y
0c
0i
#25922777574
0t
0s
0r
1y
0c
0i
#25922777985
1t
0s
0r
1y
0c
0i
#25922778640
0t
0s
0r
1y
0c
0i
#25922779051
1t
0s
0r
1y
0c
0i
#25922779710
0t
0s
0r
1y
0c
0i
#25922780120
1t
0s
0r
1y
0c
0i
#25922780774
0t
0s
0r
1y
0c
0i
#25922781186
1t
0s
0r
1y
0c
0i
#25922781842
0t
0s
0r
1y
0c
0i
#25922782253
1t
0s
0r
1y
0c
0i
#25922782913
0t
0s
0r
1y
0c
0i
#25922783323
1t
0s
0r
1y
0c
0i
#25922783979
0t
0s
0r
1y
0c
0i
#25922784390
1t
0s
0r
1y
0c
0i
#25922785047
0t
0s
0r
1y
0c
0i
#25922785460
1t
0s
0r
1y
0c
0i
#25922786118
0t
0s
0r
1y
0c
0i
#25922786529
1t
0s
0r
1y
0c
0i
#25922787183
0t
0s
0r
1y
0c
0i
#25922787597
1t
0s
0r
1y
0c
0i
#25922788252
0t
0s
0r
1y
0c
0i
#25922788664
1t
0s
0r
1y
0c
0i
#25922789322
0t
0s
0r
1y
0c
0i
#25922789733
1t
0s
0r
1y
0c
0i
#25922790387
0t
0s
0r
1y
0c
0i
#25922790800
1t
0s
0r
1y
0c
0i
#25922791454
0t
0s
0r
1y
0c
0i
#25922791867
1t
0s
0r
1y
0c
0i
#25922792524
0t
0s
0r
1y
0c
0i
#25922792935
1t
0s
0r
1y
0c
0i
#25922793588
0t
0s
0r
1y
0c
0i
#25922794001
1t
0s
0r
1y
0c
0i
#25922794655
0t
0s
0r
1y
0c
0i
#25922795068
1t
0s
0r
1y
0c
0i
#25922795724
0t
0s
0r
1y
0c
0i
#25922796138
1t
0s
0r
1y
0c
0i
#25922796790
0t
0s
0r
1y
0c
0i
#25922797205
1t
0s
0r
1y
0c
0i
#25922797860
0t
0s
0r
1y
1c
0i
#25922798274
1t
0s
0r
1y
1c
0i
#25922798934
0t
0s
0r
1y
1c
0i
#25922799347
1t
0s
0r
1y
1c
1i
#25922800003
0t
0s
0r
1y
1c
1i
#25922800419
1t
0s
0r
1y
1c
1i
#25922801078
0t
0s
0r
1y
1c
1i
#25922801493
1t
0s
0r
1y
1c
1i
#25922802155
0t
0s
0r
1y
1c
0i
#25922802569
1t
0s
0r
1y
1c
0i
#25922803226
0t
0s
0r
1y
1c
0i
#25922803642
1t
0s
0r
1y
1c
0i
#25922804301
0t
0s
0r
1y
1c
0i
#25922804715
1t
0s
0r
1y
1c
0i
#25922805376
0t
0s
0r
1y
1c
0i
#25922805789
1t
0s
0r
1y
1c
0i
#25922806444
0t
0s
0r
1y
1c
0i
#25922806860
1t
0s
0r
1y
1c
0i
#25922807515
0t
0s
0r
1y
1c
0i
#25922807930
1t
0s
0r
1y
1c
0i
#25922808587
0t
0s
0r
1y
1c
0i
#25922809000
1t
0s
0r
1y
1c
0i
#25922809652
0t
0s
0r
1y
1c
0i
#25922810067
1t
0s
0r
1y
1c
0i
#25922810719
0t
0s
0r
1y
1c
0i
#25922811133
1t
0s
0r
1y
1c
0i
#25922811786
0t
0s
0r
1y
1c
0i
#25922812200
1t
0s
0r
1y
1c
0i
#25922812849
0t
0s
0r
1y
1c
0i
#25922813264
1t
0s
0r
1y
1c
0i
#25922813914
0t
0s
0r
1y
1c
0i
#25922814328
1t
0s
0r
1y
1c
0i
#25922814982
0t
0s
0r
1y
1c
0i
#25922815394
1t
0s
0r
1y
1c
0i
#25922817088
0t
0s
0r
1y
1c
0i
#25922818277
1t
0s
0r
1y
1c
0i
#25922819252
0t
0s
0r
1y
1c
0i
#25922819652
1t
0s
0r
1y
1c
0i
#25922820308
0t
0s
0r
1y
1c
0i
#25922820719
1t
0s
0r
1y
1c
0i
#25922821372
0t
0s
0r
1y
1c
0i
#25922821784
1t
0s
0r
1y
1c
0i
#25922822437
0t
0s
0r
1y
1c
0i
#25922822850
1t
0s
0r
1y
1c
0i
#25922823502
0t
0s
0r
1y
1c
0i
#25922823914
1t
0s
0r
1y
1c
0i
#25922824569
0t
0s
0r
1y
1c
0i
#25922824979
1t
0s
0r
1y
1c
0i
#25922825629
0t
0s
0r
1y
1c
0i
#25922826041
1t
0s
0r
1y
1c
0i
#25922826694
0t
0s
0r
1y
1c
0i
#25922827104
1t
0s
0r
1y
1c
0i
#25922827759
0t
0s
0r
1y
1c
0i
#25922828171
1t
0s
0r
1y
1c
0i
#25922828821
0t
0s
0r
1y
1c
0i
#25922829234
1t
0s
0r
1y
1c
0i
#25922829887
0t
0s
0r
1y
0c
0i
#25922830299
1t
0s
0r
1y
0c
0i
#25922830957
0t
0s
0r
1y
0c
0i
#25922831368
1t
0s
0r
1y
0c
1i
#25922832022
0t
0s
0r
1y
0c
1i
#25922832435
1t
0s
0r
1y
0c
1i
#25922833091
0t
0s
0r
1y
0c
1i
#25922833506
1t
0s
0r
1y
0c
1i
#25922833550
1t
0s
1r
1y
0c
1i
#25922833552
1t
0s
0r
1y
0c
1i
#25922834165
0t
0s
0r
1y
0c
0i
#25922834577
1t
0s
0r
1y
0c
0i
#25922835233
0t
0s
0r
1y
0c
0i
#25922835647
1t
0s
0r
1y
0c
0i
#25922836304
0t
0s
0r
1y
0c
0i
#25922836716
1t
0s
0r
1y
0c
0i
#25922837376
0t
0s
0r
1y
0c
0i
#25922837787
1t
0s
0r
1y
0c
0i
#25922838442
0t
0s
0r
1y
0c
0i
#25922838856
1t
0s
0r
1y
0c
0i
#25922839511
0t
0s
0r
1y
0c
0i
#25922839924
1t
0s
0r
1y
0c
0i
#25922840582
0t
0s
0r
1y
0c
0i
#25922840993
1t
0s
0r
1y
0c
0i
#25922841648
0t
0s
0r
1y
0c
0i
#25922842059
1t
0s
0r
1y
0c
0i
#25922842714
0t
0s
0r
1y
0c
0i
#25922843124
1t
0s
0r
1y
0c
0i
#25922843782
0t
0s
0r
1y
0c
0i
#25922844191
1t
0s
0r
1y
0c
0i
#25922844845
0t
0s
0r
1y
0c
0i
#25922845255
1t
0s
0r
1y
0c
0i
#25922845910
0t
0s
0r
1y
0c
0i
#25922846319
1t
0s
0r
1y
0c
0i
#25922846977
0t
0s
0r
1y
0c
0i
#25922847386
1t
0s
0r
1y
0c
0i
#25922848041
0t
0s
0r
1y
0c
0i
#25922848451
1t
0s
0r
1y
0c
0i
#25922849105
0t
0s
0r
1y
0c
0i
#25922849517
1t
0s
0r
1y
0c
0i
#25922850174
0t
0s
0r
1y
0c
0i
#25922850584
1t
0s
0r
1y
0c
0i
#25922851237
0t
0s
0r
1y
0c
0i
#25922851649
1t
0s
0r
1y
0c
0i
#25922852303
0t
0s
0r
1y
0c
0i
#25922852715
1t
0s
0r
1y
0c
0i
#25922853372
0t
0s
0r
1y
0c
0i
#25922853782
1t
0s
0r
1y
0c
0i
#25922854434
0t
0s
0r
1y
0c
0i
#25922854847
1t
0s
0r
1y
0c
0i
#25922855500
0t
0s
0r
1y
0c
0i
#25922855912
1t
0s
0r
1y
0c
0i
#25922856568
0t
0s
0r
1y
0c
0i
#25922856979
1t
0s
0r
1y
0c
0i
#25922857631
0t
0s
0r
1y
0c
0i
#25922858043
1t
0s
0r
1y
0c
0i
#25922858697
0t
0s
0r
1y
0c
0i
#25922859109
1t
0s
0r
1y
0c
0i
#25922859764
0t
0s
0r
1y
0c
0i
#25922860177
1t
0s
0r
1y
0c
0i
#25922860828
0t
0s
0r
1y
0c
0i
#25922861243
1t
0s
0r
1y
0c
0i
#25922861897
0t
0s
0r
1y
1c
0i
#25922862311
1t
0s
0r
1y
1c
0i
#25922862970
0t
0s
0r
1y
1c
0i
#25922863383
1t
0s
0r
1y
1c
1i
#25922864038
0t
0s
0r
1y
1c
1i
#25922864454
1t
0s
0r
1y
1c
1i
#25922865112
0t
0s
0r
1y
1c
1i
#25922865527
1t
0s
0r
1y
1c
1i
#25922866189
0t
0s
0r
1y
1c
0i
#25922866602
1t
0s
0r
1y
1c
0i
#25922867259
0t
0s
0r
1y
1c
0i
#25922867675
1t
0s
0r
1y
1c
0i
#25922868333
0t
0s
0r
1y
1c
0i
#25922868748
1t
0s
0r
1y
1c
0i
#25922869409
0t
0s
0r
1y
1c
0i
#25922869822
1t
0s
0r
1y
1c
0i
#25922870477
0t
0s
0r
1y
1c
0i
#25922870893
1t
0s
0r
1y
1c
0i
#25922871548
0t
0s
0r
1y
1c
0i
#25922871963
1t
0s
0r
1y
1c
0i
#25922872621
0t
0s
0r
1y
1c
0i
#25922873034
1t
0s
0r
1y
1c
0i
#25922873686
0t
0s
0r
1y
1c
0i
#25922874101
1t
0s
0r
1y
1c
0i
#25922874754
0t
0s
0r
1y
1c
0i
#25922875167
1t
0s
0r
1y
1c
0i
#25922875821
0t
0s
0r
1y
1c
0i
#25922876235
1t
0s
0r
1y
1c
0i
#25922876884
0t
0s
0r
1y
1c
0i
#25922877299
1t
0s
0r
1y
1c
0i
#25922877950
0t
0s
0r
1y
1c
0i
#25922878364
1t
0s
0r
1y
1c
0i
#25922879017
0t
0s
0r
1y
1c
0i
#25922879430
1t
0s
0r
1y
1c
0i
#25922881125
0t
0s
0r
1y
1c
0i
#25922882314
1t
0s
0r
1y
1c
0i
#25922883289
0t
0s
0r
1y
1c
0i
#25922883689
1t
0s
0r
1y
1c
0i
#25922884345
0t
0s
0r
1y
1c
0i
#25922884756
1t
0s
0r
1y
1c
0i
#25922885409
0t
0s
0r
1y
1c
0i
#25922885821
1t
0s
0r
1y
1c
0i
#25922886473
0t
0s
0r
1y
1c
0i
#25922886886
1t
0s
0r
1y
1c
0i
#25922887538
0t
0s
0r
1y
1c
0i
#25922887950
1t
0s
0r
1y
1c
0i
#25922888604
0t
0s
0r
1y
1c
0i
#25922889015
1t
0s
0r
1y
1c
0i
#25922889666
0t
0s
0r
1y
1c
0i
#25922890077
1t
0s
0r
1y
1c
0i
#25922890729
0t
0s
0r
1y
1c
0i
#25922891140
1t
0s
0r
1y
1c
0i
#25922891794
0t
0s
0r
1y
1c
0i
#25922892206
1t
0s
0r
1y
1c
0i
#25922892857
0t
0s
0r
1y
1c
0i
#25922893270
1t
0s
0r
1y
1c
0i
#25922893923
0t
0s
0r
1y
0c
0i
#25922894335
1t
0s
0r
1y
0c
0i
#25922894993
0t
0s
0r
1y
0c
0i
#25922895404
1t
0s
0r
1y
0c
1i
#25922896059
0t
0s
0r
1y
0c
1i
#25922896472
1t
0s
0r
1y
0c
1i
#25922897128
0t
0s
0r
1y
0c
1i
#25922897543
1t
0s
0r
1y
0c
1i
#25922898202
0t
0s
0r
1y
0c
0i
#25922898615
1t
0s
0r
1y
0c
0i
#25922899270
0t
0s
0r
1y
0c
0i
#25922899684
1t
0s
0r
1y
0c
0i
#25922900342
0t
0s
0r
1y
0c
0i
#25922900754
1t
0s
0r
1y
0c
0i
#25922901414
0t
0s
0r
1y
0c
0i
#25922901825
1t
0s
0r
1y
0c
0i
#25922902480
0t
0s
0r
1y
0c
0i
#25922902894
1t
0s
0r
1y
0c
0i
#25922903549
0t
0s
0r
1y
0c
0i
#25922903962
1t
0s
0r
1y
0c
0i
#25922904621
0t
0s
0r
1y
0c
0i
#25922905031
1t
0s
0r
1y
0c
0i
#25922905686
0t
0s
0r
1y
0c
0i
#25922906098
1t
0s
0r
1y
0c
0i
#25922906754
0t
0s
0r
1y
0c
0i
#25922907164
1t
0s
0r
1y
0c
0i
#25922907822
0t
0s
0r
1y
0c
0i
#25922908231
1t
0s
0r
1y
0c
0i
#25922908884
0t
0s
0r
1y
0c
0i
#25922909294
1t
0s
0r
1y
0c
0i
#25922909949
0t
0s
0r
1y
0c
0i
#25922910358
1t
0s
0r
1y
0c
0i
#25922911015
0t
0s
0r
1y
0c
0i
#25922911424
1t
0s
0r
1y
0c
0i
#25922912077
0t
0s
0r
1y
0c
0i
#25922912488
1t
0s
0r
1y
0c
0i
#25922913141
0t
0s
0r
1y
0c
0i
#25922913553
1t
0s
0r
1y
0c
0i
#25922914208
0t
0s
0r
1y
0c
0i
#25922914618
1t
0s
0r
1y
0c
0i
#25922915269
0t
0s
0r
1y
0c
0i
#25922915681
1t
0s
0r
1y
0c
0i
#25922916333
0t
0s
0r
1y
0c
0i
#25922916744
1t
0s
0r
1y
0c
0i
#25922917400
0t
0s
0r
1y
0c
0i
#25922917810
1t
0s
0r
1y
0c
0i
#25922918460
0t
0s
0r
1y
0c
0i
#25922918873
1t
0s
0r
1y
0c
0i
#25922919525
0t
0s
0r
1y
0c
0i
#25922919936
1t
0s
0r
1y
0c
0i
#25922920591
0t
0s
0r
1y
0c
0i
#25922921001
1t
0s
0r
1y
0c
0i
#25922921652
0t
0s
0r
1y
0c
0i
#25922922064
1t
0s
0r
1y
0c
0i
#25922922715
0t
0s
0r
1y
0c
0i
#25922923127
1t
0s
0r
1y
0c
0i
#25922923781
0t
0s
0r
1y
0c
0i
#25922924194
1t
0s
0r
1y
0c
0i
#25922924844
0t
0s
0r
1y
0c
0i
#25922925258
1t
0s
0r
1y
0c
0i
#25922925911
0t
0s
0r
1y
1c
0i
#25922926324
1t
0s
0r
1y
1c
0i
#25922926981
0t
0s
0r
1y
1c
0i
#25922927394
1t
0s
0r
1y
1c
1i
#25922928048
0t
0s
0r
1y
1c
1i
#25922928463
1t
0s
0r
1y
1c
1i
#25922929120
0t
0s
0r
1y
1c
1i
#25922929534
1t
0s
0r
1y
1c
1i
#25922930194
0t
0s
0r
1y
1c
0i
#25922930607
1t
0s
0r
1y
1c
0i
#25922931263
0t
0s
0r
1y
1c
0i
#25922931677
1t
0s
0r
1y
1c
0i
#25922932334
0t
0s
0r
1y
1c
0i
#25922932748
1t
0s
0r
1y
1c
0i
#25922933407
0t
0s
0r
1y
1c
0i
#25922933819
1t
0s
0r
1y
1c
0i
#25922934472
0t
0s
0r
1y
1c
0i
#25922934888
1t
0s
0r
1y
1c
0i
#25922935542
0t
0s
0r
1y
1c
0i
#25922935956
1t
0s
0r
1y
1c
0i
#25922936612
0t
0s
0r
1y
1c
0i
#25922937025
1t
0s
0r
1y
1c
0i
#25922937675
0t
0s
0r
1y
1c
0i
#25922938089
1t
0s
0r
1y
1c
0i
#25922938740
0t
0s
0r
1y
1c
0i
#25922939153
1t
0s
0r
1y
1c
0i
#25922939805
0t
0s
0r
1y
1c
0i
#25922940218
1t
0s
0r
1y
1c
0i
#25922940865
0t
0s
0r
1y
1c
0i
#25922941279
1t
0s
0r
1y
1c
0i
#25922941927
0t
0s
0r
1y
1c
0i
#25922942340
1t
0s
0r
1y
1c
0i
#25922942992
0t
0s
0r
1y
1c
0i
#25922943404
1t
0s
0r
1y
1c
0i
#25922945092
0t
0s
0r
1y
1c
0i
#25922946278
1t
0s
0r
1y
1c
0i
#25922947250
0t
0s
0r
1y
1c
0i
#25922947649
1t
0s
0r
1y
1c
0i
#25922948303
0t
0s
0r
1y
1c
0i
#25922948713
1t
0s
0r
1y
1c
0i
#25922949364
0t
0s
0r
1y
1c
0i
#25922949775
1t
0s
0r
1y
1c
0i
#25922950426
0t
0s
0r
1y
1c
0i
#25922950837
1t
0s
0r
1y
1c
0i
#25922951487
0t
0s
0r
1y
1c
0i
#25922951898
1t
0s
0r
1y
1c
0i
#25922952551
0t
0s
0r
1y
1c
0i
#25922952960
1t
0s
0r
1y
1c
0i
#25922953609
0t
0s
0r
1y
1c
0i
#25922954020
1t
0s
0r
1y
1c
0i
#25922954671
0t
0s
0r
1y
1c
0i
#25922955080
1t
0s
0r
1y
1c
0i
#25922955733
0t
0s
0r
1y
1c
0i
#25922956144
1t
0s
0r
1y
1c
0i
#25922956792
0t
0s
0r
1y
1c
0i
#25922957204
1t
0s
0r
1y
1c
0i
#25922957855
0t
0s
0r
1y
0c
0i
#25922958267
1t
0s
0r
1y
0c
0i
#25922958922
0t
0s
0r
1y
0c
0i
#25922959333
1t
0s
0r
1y
0c
1i
#25922959985
0t
0s
0r
1y
0c
1i
#25922960397
1t
0s
0r
1y
0c
1i
#25922961052
0t
0s
0r
1y
0c
1i
#25922961465
1t
0s
0r
1y
0c
1i
#25922961577
1t
0s
1r
1y
0c
1i
#25922961579
1t
0s
0r
1y
0c
1i
#25922962122
0t
0s
0r
1y
0c
0i
#25922962534
1t
0s
0r
1y
0c
0i
#25922963187
0t
0s
0r
1y
0c
0i
#25922963600
1t
0s
0r
1y
0c
0i
#25922964255
0t
0s
0r
1y
0c
0i
#25922964667
1t
0s
0r
1y
0c
0i
#25922965325
0t
0s
0r
1y
0c
0i
#25922965735
1t
0s
0r
1y
0c
0i
#25922966388
0t
0s
0r
1y
0c
0i
#25922966802
1t
0s
0r
1y
0c
0i
#25922967456
0t
0s
0r
1y
0c
0i
#25922967868
1t
0s
0r
1y
0c
0i
#25922968525
0t
0s
0r
1y
0c
0i
#25922968935
1t
0s
0r
1y
0c
0i
#25922969590
0t
0s
0r
1y
0c
0i
#25922970001
1t
0s
0r
1y
0c
0i
#25922970657
0t
0s
0r
1y
0c
0i
#25922971067
1t
0s
0r
1y
0c
0i
#25922971726
0t
0s
0r
1y
0c
0i
#25922972135
1t
0s
0r
1y
0c
0i
#25922972790
0t
0s
0r
1y
0c
0i
#25922973200
1t
0s
0r
1y
0c
0i
#25922973857
0t
0s
0r
1y
0c
0i
#25922974267
1t
0s
0r
1y
0c
0i
#25922974926
0t
0s
0r
1y
0c
0i
#25922975335
1t
0s
0r
1y
0c
0i
#25922975990
0t
0s
0r
1y
0c
0i
#25922976402
1t
0s
0r
1y
0c
0i
#25922977057
0t
0s
0r
1y
0c
0i
#25922977470
1t
0s
0r
1y
0c
0i
#25922978127
0t
0s
0r
1y
0c
0i
#25922978538
1t
0s
0r
1y
0c
0i
#25922979192
0t
0s
0r
1y
0c
0i
#25922979604
1t
0s
0r
1y
0c
0i
#25922980260
0t
0s
0r
1y
0c
0i
#25922980671
1t
0s
0r
1y
0c
0i
#25922981329
0t
0s
0r
1y
0c
0i
#25922981740
1t
0s
0r
1y
0c
0i
#25922982393
0t
0s
0r
1y
0c
0i
#25922982806
1t
0s
0r
1y
0c
0i
#25922983460
0t
0s
0r
1y
0c
0i
#25922983873
1t
0s
0r
1y
0c
0i
#25922984530
0t
0s
0r
1y
0c
0i
#25922984941
1t
0s
0r
1y
0c
0i
#25922985594
0t
0s
0r
1y
0c
0i
#25922986007
1t
0s
0r
1y
0c
0i
#25922986662
0t
0s
0r
1y
0c
0i
#25922987075
1t
0s
0r
1y
0c
0i
#25922987731
0t
0s
0r
1y
0c
0i
#25922988145
1t
0s
0r
1y
0c
0i
#25922988798
0t
0s
0r
1y
0c
0i
#25922989213
1t
0s
0r
1y
0c
0i
#25922989869
0t
0s
0r
1y
1c
0i
#25922990283
1t
0s
0r
1y
1c
0i
#25922990943
0t
0s
0r
1y
1c
0i
#25922991357
1t
0s
0r
1y
1c
1i
#25922992014
0t
0s
0r
1y
1c
1i
#25922992429
1t
0s
0r
1y
1c
1i
#25922993089
0t
0s
0r
1y
1c
1i
#25922993504
1t
0s
0r
1y
1c
1i
#25922994166
0t
0s
0r
1y
1c
0i
#25922994580
1t
0s
0r
1y
1c
0i
#25922995238
0t
0s
0r
1y
1c
0i
#25922995653
1t
0s
0r
1y
1c
0i
#25922996312
0t
0s
0r
1y
1c
0i
#25922996727
1t
0s
0r
1y
1c
0i
#25922997388
0t
0s
0r
1y
1c
0i
#25922997801
1t
0s
0r
1y
1c
0i
#25922998456
0t
0s
0r
1y
1c
0i
#25922998873
1t
0s
0r
1y
1c
0i
#25922999528
0t
0s
0r
1y
1c
0i
#25922999943
1t
0s
0r
1y
1c
0i
#25923000600
0t
0s
0r
1y
1c
0i
#25923001014
1t
0s
0r
1y
1c
0i
#25923001666
0t
0s
0r
1y
1c
0i
#25923002080
1t
0s
0r
1y
1c
0i
#25923002732
0t
0s
0r
1y
1c
0i
#25923003146
1t
0s
0r
1y
1c
0i
#25923003799
0t
0s
0r
1y
1c
0i
#25923004212
1t
0s
0r
1y
1c
0i
#25923004861
0t
0s
0r
1y
1c
0i
#25923005276
1t
0s
0r
1y
1c
0i
#25923005926
0t
0s
0r
1y
1c
0i
#25923006340
1t
0s
0r
1y
1c
0i
#25923006993
0t
0s
0r
1y
1c
0i
#25923007405
1t
0s
0r
1y
1c
0i
#25923009099
0t
0s
0r
1y
1c
0i
#25923010288
1t
0s
0r
1y
1c
0i
#25923011262
0t
0s
0r
1y
1c
0i
#25923011663
1t
0s
0r
1y
1c
0i
#25923012319
0t
0s
0r
1y
1c
0i
#25923012729
1t
0s
0r
1y
1c
0i
#25923013383
0t
0s
0r
1y
1c
0i
#25923013794
1t
0s
0r
1y
1c
0i
#25923014447
0t
0s
0r
1y
1c
0i
#25923014860
1t
0s
0r
1y
1c
0i
#25923015512
0t
0s
0r
1y
1c
0i
#25923015924
1t
0s
0r
1y
1c
0i
#25923016579
0t
0s
0r
1y
1c
0i
#25923016989
1t
0s
0r
1y
1c
0i
#25923017639
0t
0s
0r
1y
1c
0i
#25923018051
1t
0s
0r
1y
1c
0i
#25923018704
0t
0s
0r
1y
1c
0i
#25923019114
1t
0s
0r
1y
1c
0i
#25923019769
0t
0s
0r
1y
1c
0i
#25923020180
1t
0s
0r
1y
1c
0i
#25923020831
0t
0s
0r
1y
1c
0i
#25923021244
1t
0s
0r
1y
1c
0i
#25923021896
0t
0s
0r
1y
0c
0i
#25923022309
1t
0s
0r
1y
0c
0i
#25923022967
0t
0s
0r
1y
0c
0i
#25923023377
1t
0s
0r
1y
0c
1i
#25923024032
0t
0s
0r
1y
0c
1i
#25923024445
1t
0s
0r
1y
0c
1i
#25923025101
0t
0s
0r
1y
0c
1i
#25923025515
1t
0s
0r
1y
0c
1i
#25923026175
0t
0s
0r
1y
0c
0i
#25923026587
1t
0s
0r
1y
0c
0i
#25923027242
0t
0s
0r
1y
0c
0i
#25923027656
1t
0s
0r
1y
0c
0i
#25923028313
0t
0s
0r
1y
0c
0i
#25923028725
1t
0s
0r
1y
0c
0i
#25923029385
0t
0s
0r
1y
0c
0i
#25923029796
1t
0s
0r
1y
0c
0i
#25923030450
0t
0s
0r
1y
0c
0i
#25923030865
1t
0s
0r
1y
0c
0i
#25923031519
0t
0s
0r
1y
0c
0i
#25923031932
1t
0s
0r
1y
0c
0i
#25923032590
0t
0s
0r
1y
0c
0i
#25923033001
1t
0s
0r
1y
0c
0i
#25923033656
0t
0s
0r
1y
0c
0i
#25923034067
1t
0s
0r
1y
0c
0i
#25923034723
0t
0s
0r
1y
0c
0i
#25923035133
1t
0s
0r
1y
0c
0i
#25923035791
0t
0s
0r
1y
0c
0i
#25923036199
1t
0s
0r
1y
0c
0i
#25923036852
0t
0s
0r
1y
0c
0i
#25923037262
1t
0s
0r
1y
0c
0i
#25923037917
0t
0s
0r
1y
0c
0i
#25923038327
1t
0s
0r
1y
0c
0i
#25923038984
0t
0s
0r
1y
0c
0i
#25923039393
1t
0s
0r
1y
0c
0i
#25923040046
0t
0s
0r
1y
0c
0i
#25923040457
1t
0s
0r
1y
0c
0i
#25923041110
0t
0s
0r
1y
0c
0i
#25923041522
1t
0s
0r
1y
0c
0i
#25923042178
0t
0s
0r
1y
0c
0i
#25923042589
1t
0s
0r
1y
0c
0i
#25923043240
0t
0s
0r
1y
0c
0i
#25923043652
1t
0s
0r
1y
0c
0i
#25923044306
0t
0s
0r
1y
0c
0i
#25923044717
1t
0s
0r
1y
0c
0i
#25923045373
0t
0s
0r
1y
0c
0i
#25923045782
1t
0s
0r
1y
0c
0i
#25923046434
0t
0s
0r
1y
0c
0i
#25923046846
1t
0s
0r
1y
0c
0i
#25923047498
0t
0s
0r
1y
0c
0i
#25923047910
1t
0s
0r
1y
0c
0i
#25923048565
0t
0s
0r
1y
0c
0i
#25923048975
1t
0s
0r
1y
0c
0i
#25923049626
0t
0s
0r
1y
0c
0i
#25923050038
1t
0s
0r
1y
0c
0i
#25923050690
0t
0s
0r
1y
0c
0i
#25923051102
1t
0s
0r
1y
0c
0i
#25923051756
0t
0s
0r
1y
0c
0i
#25923052169
1t
0s
0r
1y
0c
0i
#25923052818
0t
0s
0r
1y
0c
0i
#25923053233
1t
0s
0r
1y
0c
0i
#25923053885
0t
0s
0r
1y
1c
0i
#25923054299
1t
0s
0r
1y
1c
0i
#25923054956
0t
0s
0r
1y
1c
0i
#25923055368
1t
0s
0r
1y
1c
1i
#25923056022
0t
0s
0r
1y
1c
1i
#25923056436
1t
0s
0r
1y
1c
1i
#25923057092
0t
0s
0r
1y
1c
1i
#25923057506
1t
0s
0r
1y
1c
1i
#25923058166
0t
0s
0r
1y
1c
0i
#25923058579
1t
0s
0r
1y
1c
0i
#25923059234
0t
0s
0r
1y
1c
0i
#25923059648
1t
0s
0r
1y
1c
0i
#25923060304
0t
0s
0r
1y
1c
0i
#25923060718
1t
0s
0r
1y
1c
0i
#25923061377
0t
0s
0r
1y
1c
0i
#25923061789
1t
0s
0r
1y
1c
0i
#25923062442
0t
0s
0r
1y
1c
0i
#25923062858
1t
0s
0r
1y
1c
0i
#25923063511
0t
0s
0r
1y
1c
0i
#25923063926
1t
0s
0r
1y
1c
0i
#25923064581
0t
0s
0r
1y
1c
0i
#25923064994
1t
0s
0r
1y
1c
0i
#25923065645
0t
0s
0r
1y
1c
0i
#25923066059
1t
0s
0r
1y
1c
0i
#25923066711
0t
0s
0r
1y
1c
0i
#25923067123
1t
0s
0r
1y
1c
0i
#25923067776
0t
0s
0r
1y
1c
0i
#25923068190
1t
0s
0r
1y
1c
0i
#25923068838
0t
0s
0r
1y
1c
0i
#25923069253
1t
0s
0r
1y
1c
0i
#25923069903
0t
0s
0r
1y
1c
0i
#25923070316
1t
0s
0r
1y
1c
0i
#25923070969
0t
0s
0r
1y
1c
0i
#25923071381
1t
0s
0r
1y
1c
0i
#25923073072
0t
0s
0r
1y
1c
0i
#25923074260
1t
0s
0r
1y
1c
0i
#25923075234
0t
0s
0r
1y
1c
0i
#25923075633
1t
0s
0r
1y
1c
0i
#25923076288
0t
0s
0r
1y
1c
0i
#25923076699
1t
0s
0r
1y
1c
0i
#25923077351
0t
0s
0r
1y
1c
0i
#25923077762
1t
0s
0r
1y
1c
0i
#25923078414
0t
0s
0r
1y
1c
0i
#25923078827
1t
0s
0r
1y
1c
0i
#25923079478
0t
0s
0r
1y
1c
0i
#25923079889
1t
0s
0r
1y
1c
0i
#25923080544
0t
0s
0r
1y
1c
0i
#25923080953
1t
0s
0r
1y
1c
0i
#25923081603
0t
0s
0r
1y
1c
0i
#25923082014
1t
0s
0r
1y
1c
0i
#25923082665
0t
0s
0r
1y
1c
0i
#25923083076
1t
0s
0r
1y
1c
0i
#25923083729
0t
0s
0r
1y
1c
0i
#25923084140
1t
0s
0r
1y
1c
0i
#25923084790
0t
0s
0r
1y
0c
0i
#25923085202
1t
0s
0r
1y
0c
0i
#25923085854
0t
0s
0r
1y
0c
0i
#25923086266
1t
0s
0r
1y
0c
0i
#25923086922
0t
0s
0r
1y
0c
0i
#25923087333
1t
0s
0r
1y
0c
1i
#25923087987
0t
0s
0r
1y
0c
1i
#25923088400
1t
0s
0r
1y
0c
1i
#25923089055
0t
0s
0r
1y
0c
1i
#25923089469
1t
0s
0r
1y
0c
1i
#25923089554
1t
0s
1r
1y
0c
1i
#25923089556
1t
0s
0r
1y
0c
1i
#25923090127
0t
0s
0r
1y
0c
0i
#25923090539
1t
0s
0r
1y
0c
0i
#25923091194
0t
0s
0r
1y
0c
0i
#25923091607
1t
0s
0r
1y
0c
0i
#25923092264
0t
0s
0r
1y
0c
0i
#25923092676
1t
0s
0r
1y
0c
0i
#25923093335
0t
0s
0r
1y
0c
0i
#25923093745
1t
0s
0r
1y
0c
0i
#25923094399
0t
0s
0r
1y
0c
0i
#25923094812
1t
0s
0r
1y
0c
0i
#25923095466
0t
0s
0r
1y
0c
0i
#25923095877
1t
0s
0r
1y
0c
0i
#25923096534
0t
0s
0r
1y
0c
0i
#25923096943
1t
0s
0r
1y
0c
0i
#25923097595
0t
0s
0r
1y
0c
0i
#25923098005
1t
0s
0r
1y
0c
0i
#25923098658
0t
0s
0r
1y
0c
0i
#25923099067
1t
0s
0r
1y
0c
0i
#25923099722
0t
0s
0r
1y
0c
0i
#25923100129
1t
0s
0r
1y
0c
0i
#25923100780
0t
0s
0r
1y
0c
0i
#25923101189
1t
0s
0r
1y
0c
0i
#25923101841
0t
0s
0r
1y
0c
0i
#25923102249
1t
0s
0r
1y
0c
0i
#25923102905
0t
0s
0r
1y
0c
0i
#25923103312
1t
0s
0r
1y
0c
0i
#25923103963
0t
0s
0r
1y
0c
0i
#25923104373
1t
0s
0r
1y
0c
0i
#25923105024
0t
0s
0r
1y
0c
0i
#25923105435
1t
0s
0r
1y
0c
0i
#25923106089
0t
0s
0r
1y
0c
0i
#25923106498
1t
0s
0r
1y
0c
0i
#25923107148
0t
0s
0r
1y
0c
0i
#25923107559
1t
0s
0r
1y
0c
0i
#25923108210
0t
0s
0r
1y
0c
0i
#25923108621
1t
0s
0r
1y
0c
0i
#25923109275
0t
0s
0r
1y
0c
0i
#25923109684
1t
0s
0r
1y
0c
0i
#25923110334
0t
0s
0r
1y
0c
0i
#25923110745
1t
0s
0r
1y
0c
0i
#25923111395
0t
0s
0r
1y
0c
0i
#25923111806
1t
0s
0r
1y
0c
0i
#25923112460
0t
0s
0r
1y
0c
0i
#25923112869
1t
0s
0r
1y
0c
0i
#25923113518
0t
0s
0r
1y
0c
0i
#25923113930
1t
0s
0r
1y
0c
0i
#25923114581
0t
0s
0r
1y
0c
0i
#25923114991
1t
0s
0r
1y
0c
0i
#25923115644
0t
0s
0r
1y
0c
0i
#25923116056
1t
0s
0r
1y
0c
0i
#25923116705
0t
0s
0r
1y
0c
0i
#25923117118
1t
0s
0r
1y
0c
0i
#25923117770
0t
0s
0r
1y
1c
0i
#25923118183
1t
0s
0r
1y
1c
0i
#25923118839
0t
0s
0r
1y
1c
0i
#25923119251
1t
0s
0r
1y
1c
1i
#25923119905
0t
0s
0r
1y
1c
1i
#25923120319
1t
0s
0r
1y
1c
1i
#25923120975
0t
0s
0r
1y
1c
1i
#25923121388
1t
0s
0r
1y
1c
1i
#25923122048
0t
0s
0r
1y
1c
0i
#25923122460
1t
0s
0r
1y
1c
0i
#25923123115
0t
0s
0r
1y
1c
0i
#25923123529
1t
0s
0r
1y
1c
0i
#25923124186
0t
0s
0r
1y
1c
0i
#25923124599
1t
0s
0r
1y
1c
0i
#25923125257
0t
0s
0r
1y
1c
0i
#25923125669
1t
0s
0r
1y
1c
0i
#25923126322
0t
0s
0r
1y
1c
0i
#25923126738
1t
0s
0r
1y
1c
0i
#25923127390
0t
0s
0r
1y
1c
0i
#25923127805
1t
0s
0r
1y
1c
0i
#25923128460
0t
0s
0r
1y
1c
0i
#25923128873
1t
0s
0r
1y
1c
0i
#25923129523
0t
0s
0r
1y
1c
0i
#25923129937
1t
0s
0r
1y
1c
0i
#25923130588
0t
0s
0r
1y
1c
0i
#25923131001
1t
0s
0r
1y
1c
0i
#25923131654
0t
0s
0r
1y
1c
0i
#25923132067
1t
0s
0r
1y
1c
0i
#25923132714
0t
0s
0r
1y
1c
0i
#25923133128
1t
0s
0r
1y
1c
0i
#25923133777
0t
0s
0r
1y
1c
0i
#25923134190
1t
0s
0r
1y
1c
0i
#25923134842
0t
0s
0r
1y
1c
0i
#25923135253
1t
0s
0r
1y
1c
0i
#25923136942
0t
0s
0r
1y
1c
0i
#25923138127
1t
0s
0r
1y
1c
0i
#25923139099
0t
0s
0r
1y
1c
0i
#25923139498
1t
0s
0r
1y
1c
0i
#25923140151
0t
0s
0r
1y
1c
0i
#25923140561
1t
0s
0r
1y
1c
0i
#25923141212
0t
0s
0r
1y
1c
0i
#25923141623
1t
0s
0r
1y
1c
0i
#25923142273
0t
0s
0r
1y
1c
0i
#25923142685
1t
0s
0r
1y
1c
0i
#25923143335
0t
0s
0r
1y
1c
0i
#25923143746
1t
0s
0r
1y
1c
0i
#25923144399
0t
0s
0r
1y
1c
0i
#25923144808
1t
0s
0r
1y
1c
0i
#25923145456
0t
0s
0r
1y
1c
0i
#25923145867
1t
0s
0r
1y
1c
0i
#25923146517
0t
0s
0r
1y
1c
0i
#25923146927
1t
0s
0r
1y
1c
0i
#25923147580
0t
0s
0r
1y
1c
0i
#25923147990
1t
0s
0r
1y
1c
0i
#25923148639
0t
0s
0r
1y
1c
0i
#25923149051
1t
0s
0r
1y
1c
0i
#25923149702
0t
0s
0r
1y
0c
0i
#25923150114
1t
0s
0r
1y
0c
0i
#25923150769
0t
0s
0r
1y
0c
0i
#25923151180
1t
0s
0r
1y
0c
1i
#25923151832
0t
0s
0r
1y
0c
1i
#25923152244
1t
0s
0r
1y
0c
1i
#25923152898
0t
0s
0r
1y
0c
1i
#25923153312
1t
0s
0r
1y
0c
1i
#25923153969
0t
0s
0r
1y
0c
0i
#25923154381
1t
0s
0r
1y
0c
0i
#25923155034
0t
0s
0r
1y
0c
0i
#25923155447
1t
0s
0r
1y
0c
0i
#25923156102
0t
0s
0r
1y
0c
0i
#25923156513
1t
0s
0r
1y
0c
0i
#25923157170
0t
0s
0r
1y
0c
0i
#25923157580
1t
0s
0r
1y
0c
0i
#25923158232
0t
0s
0r
1y
0c
0i
#25923158645
1t
0s
0r
1y
0c
0i
#25923159297
0t
0s
0r
1y
0c
0i
#25923159708
1t
0s
0r
1y
0c
0i
#25923160364
0t
0s
0r
1y
0c
0i
#25923160773
1t
0s
0r
1y
0c
0i
#25923161424
0t
0s
0r
1y
0c
0i
#25923161834
1t
0s
0r
1y
0c
0i
#25923162487
0t
0s
0r
1y
0c
0i
#25923162896
1t
0s
0r
1y
0c
0i
#25923163550
0t
0s
0r
1y
0c
0i
#25923163957
1t
0s
0r
1y
0c
0i
#25923164607
0t
0s
0r
1y
0c
0i
#25923165016
1t
0s
0r
1y
0c
0i
#25923165667
0t
0s
0r
1y
0c
0i
#25923166076
1t
0s
0r
1y
0c
0i
#25923166730
0t
0s
0r
1y
0c
0i
#25923167137
1t
0s
0r
1y
0c
0i
#25923167787
0t
0s
0r
1y
0c
0i
#25923168196
1t
0s
0r
1y
0c
0i
#25923168846
0t
0s
0r
1y
0c
0i
#25923169257
1t
0s
0r
1y
0c
0i
#25923169909
0t
0s
0r
1y
0c
0i
#25923170318
1t
0s
0r
1y
0c
0i
#25923170966
0t
0s
0r
1y
0c
0i
#25923171377
1t
0s
0r
1y
0c
0i
#25923172028
0t
0s
0r
1y
0c
0i
#25923172437
1t
0s
0r
1y
0c
0i
#25923173090
0t
0s
0r
1y
0c
0i
#25923173498
1t
0s
0r
1y
0c
0i
#25923174146
0t
0s
0r
1y
0c
0i
#25923174558
1t
0s
0r
1y
0c
0i
#25923175206
0t
0s
0r
1y
0c
0i
#25923175617
1t
0s
0r
1y
0c
0i
#25923176269
0t
0s
0r
1y
0c
0i
#25923176678
1t
0s
0r
1y
0c
0i
#25923177326
0t
0s
0r
1y
0c
0i
#25923177737
1t
0s
0r
1y
0c
0i
#25923178386
0t
0s
0r
1y
0c
0i
#25923178797
1t
0s
0r
1y
0c
0i
#25923179448
0t
0s
0r
1y
0c
0i
#25923179859
1t
0s
0r
1y
0c
0i
#25923180507
0t
0s
0r
1y
0c
0i
#25923180919
1t
0s
0r
1y
0c
0i
#25923181570
0t
0s
0r
1y
1c
0i
#25923181982
1t
0s
0r
1y
1c
0i
#25923182637
0t
0s
0r
1y
1c
0i
#25923183047
1t
0s
0r
1y
1c
1i
#25923183699
0t
0s
0r
1y
1c
1i
#25923184112
1t
0s
0r
1y
1c
1i
#25923184767
0t
0s
0r
1y
1c
1i
#25923185180
1t
0s
0r
1y
1c
1i
#25923185837
0t
0s
0r
1y
1c
0i
#25923186249
1t
0s
0r
1y
1c
0i
#25923186901
0t
0s
0r
1y
1c
0i
#25923187315
1t
0s
0r
1y
1c
0i
#25923324395
0t
0s
0r
1y
1c
0i
#25923324809
1t
0s
0r
1y
1c
0i
#25923325458
0t
0s
0r
1y
1c
0i
#25923325871
1t
0s
0r
1y
1c
0i
#25923326523
0t
0s
0r
1y
1c
0i
#25923326934
1t
0s
0r
1y
1c
0i
#30218291691
0t
0s
0r
1y
1c
0i
#30218292105
1t
0s
0r
1y
1c
0i
#30218292754
0t
0s
0r
1y
1c
0i
#30218293167
1t
0s
0r
1y
1c
0i
#30218293819
0t
0s
0r
1y
1c
0i
#30218294230
1t
0s
0r
1y
1c
0i
#30218295920
0t
0s
0r
1y
1c
0i
#30218297107
1t
0s
0r
1y
1c
0i
#30218298079
0t
0s
0r
1y
1c
0i
#30218298479
1t
0s
0r
1y
1c
0i
#30218299133
0t
0s
0r
1y
1c
0i
#30218299543
1t
0s
0r
1y
1c
0i
#30218300195
0t
0s
0r
1y
1c
0i
#30218300605
1t
0s
0r
1y
1c
0i
#30218301256
0t
0s
0r
1y
1c
0i
#30218301668
1t
0s
0r
1y
1c
0i
#30218302319
0t
0s
0r
1y
1c
0i
#30218302730
1t
0s
0r
1y
1c
0i
#30218303383
0t
0s
0r
1y
1c
0i
#30218303792
1t
0s
0r
1y
1c
0i
#30218304441
0t
0s
0r
1y
1c
0i
#30218304852
1t
0s
0r
1y
1c
0i
#30218305503
0t
0s
0r
1y
1c
0i
#30218305913
1t
0s
0r
1y
1c
0i
#30218306566
0t
0s
0r
1y
1c
0i
#30218306976
1t
0s
0r
1y
1c
0i
#30218307625
0t
0s
0r
1y
1c
0i
#30218308038
1t
0s
0r
1y
1c
0i
#30218308689
0t
0s
0r
1y
0c
0i
#30218309101
1t
0s
0r
1y
0c
0i
#30218309757
0t
0s
0r
1y
0c
0i
#30218310167
1t
0s
0r
1y
0c
1i
#30218310821
0t
0s
0r
1y
0c
1i
#30218311233
1t
0s
0r
1y
0c
1i
#30218311888
0t
0s
0r
1y
0c
1i
#30218312301
1t
0s
0r
1y
0c
1i
#30218312393
1t
0s
1r
1y
0c
1i
#30218312395
1t
0s
0r
1y
0c
1i
#30218312960
0t
0s
0r
1y
0c
0i
#30218313371
1t
0s
0r
1y
0c
0i
#30218314026
0t
0s
0r
1y
0c
0i
#30218314439
1t
0s
0r
1y
0c
0i
#30218315095
0t
0s
0r
1y
0c
0i
#30218315506
1t
0s
0r
1y
0c
0i
#30218316165
0t
0s
0r
1y
0c
0i
#30218316576
1t
0s
0r
1y
0c
0i
#30218317230
0t
0s
0r
1y
0c
0i
#30218317643
1t
0s
0r
1y
0c
0i
#30218318298
0t
0s
0r
1y
0c
0i
#30218318710
1t
0s
0r
1y
0c
0i
#30218319368
0t
0s
0r
1y
0c
0i
#30218319779
1t
0s
0r
1y
0c
0i
#30218320433
0t
0s
0r
1y
0c
0i
#30218320845
1t
0s
0r
1y
0c
0i
#30218321502
0t
0s
0r
1y
0c
0i
#30218321912
1t
0s
0r
1y
0c
0i
#30218322571
0t
0s
0r
1y
0c
0i
#30218322980
1t
0s
0r
1y
0c
0i
#30218323635
0t
0s
0r
1y
0c
0i
#30218324045
1t
0s
0r
1y
0c
0i
#30218324702
0t
0s
0r
1y
0c
0i
#30218325112
1t
0s
0r
1y
0c
0i
#30218325771
0t
0s
0r
1y
0c
0i
#30218326180
1t
0s
0r
1y
0c
0i
#30218326835
0t
0s
0r
1y
0c
0i
#30218327246
1t
0s
0r
1y
0c
0i
#30218327901
0t
0s
0r
1y
0c
0i
#30218328313
1t
0s
0r
1y
0c
0i
#30218328971
0t
0s
0r
1y
0c
0i
#30218329381
1t
0s
0r
1y
0c
0i
#30218330034
0t
0s
0r
1y
0c
0i
#30218330446
1t
0s
0r
1y
0c
0i
#30218331101
0t
0s
0r
1y
0c
0i
#30218331513
1t
0s
0r
1y
0c
0i
#30218332170
0t
0s
0r
1y
0c
0i
#30218332581
1t
0s
0r
1y
0c
0i
#30218333233
0t
0s
0r
1y
0c
0i
#30218333646
1t
0s
0r
1y
0c
0i
#30218334300
0t
0s
0r
1y
0c
0i
#30218334712
1t
0s
0r
1y
0c
0i
#30218335369
0t
0s
0r
1y
0c
0i
#30218335780
1t
0s
0r
1y
0c
0i
#30218336432
0t
0s
0r
1y
0c
0i
#30218336845
1t
0s
0r
1y
0c
0i
#30218337499
0t
0s
0r
1y
0c
0i
#30218337912
1t
0s
0r
1y
0c
0i
#30218338568
0t
0s
0r
1y
0c
0i
#30218338982
1t
0s
0r
1y
0c
0i
#30218339634
0t
0s
0r
1y
0c
0i
#30218340049
1t
0s
0r
1y
0c
0i
#30218340704
0t
0s
0r
1y
1c
0i
#30218341119
1t
0s
0r
1y
1c
0i
#30218341778
0t
0s
0r
1y
1c
0i
#30218342192
1t
0s
0r
1y
1c
1i
#30218342848
0t
0s
0r
1y
1c
1i
#30218343264
1t
0s
0r
1y
1c
1i
#30218343923
0t
0s
0r
1y
1c
1i
#30218344339
1t
0s
0r
1y
1c
1i
#30218345002
0t
0s
0r
1y
1c
0i
#30218345415
1t
0s
0r
1y
1c
0i
#30218346073
0t
0s
0r
1y
1c
0i
#30218346489
1t
0s
0r
1y
1c
0i
#30218347149
0t
0s
0r
1y
1c
0i
#30218347563
1t
0s
0r
1y
1c
0i
#30218348225
0t
0s
0r
1y
1c
0i
#30218348638
1t
0s
0r
1y
1c
0i
#30218349294
0t
0s
0r
1y
1c
0i
#30218349711
1t
0s
0r
1y
1c
0i
#30218350366
0t
0s
0r
1y
1c
0i
#30218350782
1t
0s
0r
1y
1c
0i
#30218351439
0t
0s
0r
1y
1c
0i
#30218351853
1t
0s
0r
1y
1c
0i
#30218352506
0t
0s
0r
1y
1c
0i
#30218352921
1t
0s
0r
1y
1c
0i
#30218353574
0t
0s
0r
1y
1c
0i
#30218353988
1t
0s
0r
1y
1c
0i
#30218354642
0t
0s
0r
1y
1c
0i
#30218355056
1t
0s
0r
1y
1c
0i
#30218355705
0t
0s
0r
1y
1c
0i
#30218356121
1t
0s
0r
1y
1c
0i
#30218356772
0t
0s
0r
1y
1c
0i
#30218357186
1t
0s
0r
1y
1c
0i
#30218357839
0t
0s
0r
1y
1c
0i
#30218358252
1t
0s
0r
1y
1c
0i
#30218359946
0t
0s
0r
1y
1c
0i
#30218361137
1t
0s
0r
1y
1c
0i
#30218362112
0t
0s
0r
1y
1c
0i
#30218362512
1t
0s
0r
1y
1c
0i
#30218363168
0t
0s
0r
1y
1c
0i
#30218363580
1t
0s
0r
1y
1c
0i
#30218364233
0t
0s
0r
1y
1c
0i
#30218364645
1t
0s
0r
1y
1c
0i
#30218365298
0t
0s
0r
1y
1c
0i
#30218365711
1t
0s
0r
1y
1c
0i
#30218366364
0t
0s
0r
1y
1c
0i
#30218366776
1t
0s
0r
1y
1c
0i
#30218367431
0t
0s
0r
1y
1c
0i
#30218367842
1t
0s
0r
1y
1c
0i
#30218368493
0t
0s
0r
1y
1c
0i
#30218368905
1t
0s
0r
1y
1c
0i
#30218369558
0t
0s
0r
1y
1c
0i
#30218369969
1t
0s
0r
1y
1c
0i
#30218370624
0t
0s
0r
1y
1c
0i
#30218371036
1t
0s
0r
1y
1c
0i
#30218371687
0t
0s
0r
1y
0c
0i
#30218372101
1t
0s
0r
1y
0c
0i
#30218372754
0t
0s
0r
1y
0c
0i
#30218373167
1t
0s
0r
1y
0c
0i
#30218373825
0t
0s
0r
1y
0c
0i
#30218374237
1t
0s
0r
1y
0c
1i
#30218374892
0t
0s
0r
1y
0c
1i
#30218375305
1t
0s
0r
1y
0c
1i
#30218375962
0t
0s
0r
1y
0c
1i
#30218376376
1t
0s
0r
1y
0c
1i
#30218377037
0t
0s
0r
1y
0c
0i
#30218377449
1t
0s
0r
1y
0c
0i
#30218378105
0t
0s
0r
1y
0c
0i
#30218378519
1t
0s
0r
1y
0c
0i
#30218379176
0t
0s
0r
1y
0c
0i
#30218379588
1t
0s
0r
1y
0c
0i
#30218380248
0t
0s
0r
1y
0c
0i
#30218380659
1t
0s
0r
1y
0c
0i
#30218381313
0t
0s
0r
1y
0c
0i
#30218381727
1t
0s
0r
1y
0c
0i
#30218382380
0t
0s
0r
1y
0c
0i
#30218382792
1t
0s
0r
1y
0c
0i
#30218383447
0t
0s
0r
1y
0c
0i
#30218383856
1t
0s
0r
1y
0c
0i
#30218384507
0t
0s
0r
1y
0c
0i
#30218384917
1t
0s
0r
1y
0c
0i
#30218385567
0t
0s
0r
1y
0c
0i
#30218385976
1t
0s
0r
1y
0c
0i
#30218386629
0t
0s
0r
1y
0c
0i
#30218387035
1t
0s
0r
1y
0c
0i
#30218387683
0t
0s
0r
1y
0c
0i
#30218388092
1t
0s
0r
1y
0c
0i
#30218388741
0t
0s
0r
1y
0c
0i
#30218389150
1t
0s
0r
1y
0c
0i
#30218389803
0t
0s
0r
1y
0c
0i
#30218390209
1t
0s
0r
1y
0c
0i
#30218390858
0t
0s
0r
1y
0c
0i
#30218391267
1t
0s
0r
1y
0c
0i
#30218391917
0t
0s
0r
1y
0c
0i
#30218392328
1t
0s
0r
1y
0c
0i
#30218392980
0t
0s
0r
1y
0c
0i
#30218393389
1t
0s
0r
1y
0c
0i
#30218394037
0t
0s
0r
1y
0c
0i
#30218394448
1t
0s
0r
1y
0c
0i
#30218395098
0t
0s
0r
1y
0c
0i
#30218395508
1t
0s
0r
1y
0c
0i
#30218396161
0t
0s
0r
1y
0c
0i
#30218396570
1t
0s
0r
1y
0c
0i
#30218397218
0t
0s
0r
1y
0c
0i
#30218397629
1t
0s
0r
1y
0c
0i
#30218398278
0t
0s
0r
1y
0c
0i
#30218398689
1t
0s
0r
1y
0c
0i
#30218399341
0t
0s
0r
1y
0c
0i
#30218399749
1t
0s
0r
1y
0c
0i
#30218400397
0t
0s
0r
1y
0c
0i
#30218400808
1t
0s
0r
1y
0c
0i
#30218401457
0t
0s
0r
1y
0c
0i
#30218401867
1t
0s
0r
1y
0c
0i
#30218402518
0t
0s
0r
1y
0c
0i
#30218402929
1t
0s
0r
1y
0c
0i
#30218403576
0t
0s
0r
1y
0c
0i
#30218403989
1t
0s
0r
1y
0c
0i
#30218404638
0t
0s
0r
1y
1c
0i
#30218405050
1t
0s
0r
1y
1c
0i
#30218405705
0t
0s
0r
1y
1c
0i
#30218406115
1t
0s
0r
1y
1c
1i
#30218406766
0t
0s
0r
1y
1c
1i
#30218407179
1t
0s
0r
1y
1c
1i
#30218407833
0t
0s
0r
1y
1c
1i
#30218408245
1t
0s
0r
1y
1c
1i
#30218408902
0t
0s
0r
1y
1c
0i
#30218409314
1t
0s
0r
1y
1c
0i
#30218409966
0t
0s
0r
1y
1c
0i
#30218410379
1t
0s
0r
1y
1c
0i
#30218411033
0t
0s
0r
1y
1c
0i
#30218411445
1t
0s
0r
1y
1c
0i
#30218412101
0t
0s
0r
1y
1c
0i
#30218412512
1t
0s
0r
1y
1c
0i
#30218413162
0t
0s
0r
1y
1c
0i
#30218413576
1t
0s
0r
1y
1c
0i
#30218414227
0t
0s
0r
1y
1c
0i
#30218414640
1t
0s
0r
1y
1c
0i
#30218415293
0t
0s
0r
1y
1c
0i
#30218415704
1t
0s
0r
1y
1c
0i
#30218416352
0t
0s
0r
1y
1c
0i
#30218416765
1t
0s
0r
1y
1c
0i
#30218417414
0t
0s
0r
1y
1c
0i
#30218417825
1t
0s
0r
1y
1c
0i
#30218418476
0t
0s
0r
1y
1c
0i
#30218418887
1t
0s
0r
1y
1c
0i
#30218419533
0t
0s
0r
1y
1c
0i
#30218419945
1t
0s
0r
1y
1c
0i
#30218420592
0t
0s
0r
1y
1c
0i
#30218421004
1t
0s
0r
1y
1c
0i
#30218421654
0t
0s
0r
1y
1c
0i
#30218422064
1t
0s
0r
1y
1c
0i
#30218423748
0t
0s
0r
1y
1c
0i
#30218424930
1t
0s
0r
1y
1c
0i
#30218425900
0t
0s
0r
1y
1c
0i
#30218426297
1t
0s
0r
1y
1c
0i
#30218426949
0t
0s
0r
1y
1c
0i
#30218427358
1t
0s
0r
1y
1c
0i
#30218428008
0t
0s
0r
1y
1c
0i
#30218428417
1t
0s
0r
1y
1c
0i
#30218429065
0t
0s
0r
1y
1c
0i
#30218429476
1t
0s
0r
1y
1c
0i
#30218430125
0t
0s
0r
1y
1c
0i
#30218430534
1t
0s
0r
1y
1c
0i
#30218431185
0t
0s
0r
1y
1c
0i
#30218431593
1t
0s
0r
1y
1c
0i
#30218432240
0t
0s
0r
1y
1c
0i
#30218432650
1t
0s
0r
1y
1c
0i
#30218433298
0t
0s
0r
1y
1c
0i
#30218433707
1t
0s
0r
1y
1c
0i
#30218434357
0t
0s
0r
1y
1c
0i
#30218434767
1t
0s
0r
1y
1c
0i
#30218435413
0t
0s
0r
1y
1c
0i
#30218435825
1t
0s
0r
1y
1c
0i
#30218436473
0t
0s
0r
1y
0c
0i
#30218436884
1t
0s
0r
1y
0c
0i
#30218437536
0t
0s
0r
1y
0c
0i
#30218437946
1t
0s
0r
1y
0c
1i
#30218438596
0t
0s
0r
1y
0c
1i
#30218439007
1t
0s
0r
1y
0c
1i
#30218439659
0t
0s
0r
1y
0c
1i
#30218440071
1t
0s
0r
1y
0c
1i
#30218440207
1t
0s
1r
1y
0c
1i
#30218440210
1t
0s
0r
1y
0c
1i
#30218440726
0t
0s
0r
1y
0c
0i
#30218441136
1t
0s
0r
1y
0c
0i
#30218441787
0t
0s
0r
1y
0c
0i
#30218442199
1t
0s
0r
1y
0c
0i
#30218442852
0t
0s
0r
1y
0c
0i
#30218443262
1t
0s
0r
1y
0c
0i
#30218443917
0t
0s
0r
1y
0c
0i
#30218444326
1t
0s
0r
1y
0c
0i
#30218444976
0t
0s
0r
1y
0c
0i
#30218445389
1t
0s
0r
1y
0c
0i
#30218446041
0t
0s
0r
1y
0c
0i
#30218446451
1t
0s
0r
1y
0c
0i
#30218447106
0t
0s
0r
1y
0c
0i
#30218447515
1t
0s
0r
1y
0c
0i
#30218448168
0t
0s
0r
1y
0c
0i
#30218448578
1t
0s
0r
1y
0c
0i
#30218449233
0t
0s
0r
1y
0c
0i
#30218449642
1t
0s
0r
1y
0c
0i
#30218450299
0t
0s
0r
1y
0c
0i
#30218450708
1t
0s
0r
1y
0c
0i
#30218451361
0t
0s
0r
1y
0c
0i
#30218451771
1t
0s
0r
1y
0c
0i
#30218452427
0t
0s
0r
1y
0c
0i
#30218452836
1t
0s
0r
1y
0c
0i
#30218453495
0t
0s
0r
1y
0c
0i
#30218453903
1t
0s
0r
1y
0c
0i
#30218454557
0t
0s
0r
1y
0c
0i
#30218454968
1t
0s
0r
1y
0c
0i
#30218455622
0t
0s
0r
1y
0c
0i
#30218456034
1t
0s
0r
1y
0c
0i
#30218456690
0t
0s
0r
1y
0c
0i
#30218457100
1t
0s
0r
1y
0c
0i
#30218457752
0t
0s
0r
1y
0c
0i
#30218458164
1t
0s
0r
1y
0c
0i
#30218458817
0t
0s
0r
1y
0c
0i
#30218459229
1t
0s
0r
1y
0c
0i
#30218459885
0t
0s
0r
1y
0c
0i
#30218460295
1t
0s
0r
1y
0c
0i
#30218460946
0t
0s
0r
1y
0c
0i
#30218461359
1t
0s
0r
1y
0c
0i
#30218462011
0t
0s
0r
1y
0c
0i
#30218462423
1t
0s
0r
1y
0c
0i
#30218463078
0t
0s
0r
1y
0c
0i
#30218463489
1t
0s
0r
1y
0c
0i
#30218464140
0t
0s
0r
1y
0c
0i
#30218464552
1t
0s
0r
1y
0c
0i
#30218465205
0t
0s
0r
1y
0c
0i
#30218465617
1t
0s
0r
1y
0c
0i
#30218466271
0t
0s
0r
1y
0c
0i
#30218466684
1t
0s
0r
1y
0c
0i
#30218467335
0t
0s
0r
1y
0c
0i
#30218467749
1t
0s
0r
1y
0c
0i
#30218468403
0t
0s
0r
1y
1c
0i
#30218468816
1t
0s
0r
1y
1c
0i
#30218469474
0t
0s
0r
1y
1c
0i
#30218469886
1t
0s
0r
1y
1c
1i
#30218470541
0t
0s
0r
1y
1c
1i
#30218470956
1t
0s
0r
1y
1c
1i
#30218471614
0t
0s
0r
1y
1c
1i
#30218472028
1t
0s
0r
1y
1c
1i
#30218472689
0t
0s
0r
1y
1c
0i
#30218473102
1t
0s
0r
1y
1c
0i
#30218473758
0t
0s
0r
1y
1c
0i
#30218474173
1t
0s
0r
1y
1c
0i
#30218474830
0t
0s
0r
1y
1c
0i
#30218475244
1t
0s
0r
1y
1c
0i
#30218475903
0t
0s
0r
1y
1c
0i
#30218476316
1t
0s
0r
1y
1c
0i
#30218476970
0t
0s
0r
1y
1c
0i
#30218477386
1t
0s
0r
1y
1c
0i
#30218478040
0t
0s
0r
1y
1c
0i
#30218478455
1t
0s
0r
1y
1c
0i
#30218479111
0t
0s
0r
1y
1c
0i
#30218479524
1t
0s
0r
1y
1c
0i
#30218480176
0t
0s
0r
1y
1c
0i
#30218480590
1t
0s
0r
1y
1c
0i
#30218481242
0t
0s
0r
1y
1c
0i
#30218481656
1t
0s
0r
1y
1c
0i
#30218482310
0t
0s
0r
1y
1c
0i
#30218482723
1t
0s
0r
1y
1c
0i
#30218483373
0t
0s
0r
1y
1c
0i
#30218483788
1t
0s
0r
1y
1c
0i
#30218484439
0t
0s
0r
1y
1c
0i
#30218484852
1t
0s
0r
1y
1c
0i
#30218485506
0t
0s
0r
1y
1c
0i
#30218485919
1t
0s
0r
1y
1c
0i
#30218487613
0t
0s
0r
1y
1c
0i
#30218488802
1t
0s
0r
1y
1c
0i
#30218489777
0t
0s
0r
1y
1c
0i
#30218490177
1t
0s
0r
1y
1c
0i
#30218490832
0t
0s
0r
1y
1c
0i
#30218491243
1t
0s
0r
1y
1c
0i
#30218491896
0t
0s
0r
1y
1c
0i
#30218492308
1t
0s
0r
1y
1c
0i
#30218492960
0t
0s
0r
1y
1c
0i
#30218493373
1t
0s
0r
1y
1c
0i
#30218494025
0t
0s
0r
1y
1c
0i
#30218494437
1t
0s
0r
1y
1c
0i
#30218495091
0t
0s
0r
1y
1c
0i
#30218495502
1t
0s
0r
1y
1c
0i
#30218496152
0t
0s
0r
1y
1c
0i
#30218496564
1t
0s
0r
1y
1c
0i
#30218497216
0t
0s
0r
1y
1c
0i
#30218497627
1t
0s
0r
1y
1c
0i
#30218498281
0t
0s
0r
1y
1c
0i
#30218498693
1t
0s
0r
1y
1c
0i
#30218499343
0t
0s
0r
1y
1c
0i
#30218499757
1t
0s
0r
1y
1c
0i
#30218500410
0t
0s
0r
1y
0c
0i
#30218500822
1t
0s
0r
1y
0c
0i
#30218501479
0t
0s
0r
1y
0c
0i
#30218501890
1t
0s
0r
1y
0c
1i
#30218502544
0t
0s
0r
1y
0c
1i
#30218502958
1t
0s
0r
1y
0c
1i
#30218503614
0t
0s
0r
1y
0c
1i
#30218504028
1t
0s
0r
1y
0c
1i
#30218504687
0t
0s
0r
1y
0c
0i
#30218505099
1t
0s
0r
1y
0c
0i
#30218505754
0t
0s
0r
1y
0c
0i
#30218506168
1t
0s
0r
1y
0c
0i
#30218506824
0t
0s
0r
1y
0c
0i
#30218507237
1t
0s
0r
1y
0c
0i
#30218507896
0t
0s
0r
1y
0c
0i
#30218508307
1t
0s
0r
1y
0c
0i
#30218508962
0t
0s
0r
1y
0c
0i
#30218509376
1t
0s
0r
1y
0c
0i
#30218510031
0t
0s
0r
1y
0c
0i
#30218510443
1t
0s
0r
1y
0c
0i
#30218511102
0t
0s
0r
1y
0c
0i
#30218511512
1t
0s
0r
1y
0c
0i
#30218512167
0t
0s
0r
1y
0c
0i
#30218512578
1t
0s
0r
1y
0c
0i
#30218513234
0t
0s
0r
1y
0c
0i
#30218513644
1t
0s
0r
1y
0c
0i
#30218514302
0t
0s
0r
1y
0c
0i
#30218514711
1t
0s
0r
1y
0c
0i
#30218515364
0t
0s
0r
1y
0c
0i
#30218515774
1t
0s
0r
1y
0c
0i
#30218516429
0t
0s
0r
1y
0c
0i
#30218516839
1t
0s
0r
1y
0c
0i
#30218517496
0t
0s
0r
1y
0c
0i
#30218517904
1t
0s
0r
1y
0c
0i
#30218518557
0t
0s
0r
1y
0c
0i
#30218518968
1t
0s
0r
1y
0c
0i
#30218519622
0t
0s
0r
1y
0c
0i
#30218520034
1t
0s
0r
1y
0c
0i
#30218520689
0t
0s
0r
1y
0c
0i
#30218521100
1t
0s
0r
1y
0c
0i
#30218521751
0t
0s
0r
1y
0c
0i
#30218522163
1t
0s
0r
1y
0c
0i
#30218522816
0t
0s
0r
1y
0c
0i
#30218523227
1t
0s
0r
1y
0c
0i
#30218523883
0t
0s
0r
1y
0c
0i
#30218524293
1t
0s
0r
1y
0c
0i
#30218524944
0t
0s
0r
1y
0c
0i
#30218525356
1t
0s
0r
1y
0c
0i
#30218526008
0t
0s
0r
1y
0c
0i
#30218526420
1t
0s
0r
1y
0c
0i
#30218527074
0t
0s
0r
1y
0c
0i
#30218527485
1t
0s
0r
1y
0c
0i
#30218528135
0t
0s
0r
1y
0c
0i
#30218528547
1t
0s
0r
1y
0c
0i
#30218529198
0t
0s
0r
1y
0c
0i
#30218529610
1t
0s
0r
1y
0c
0i
#30218530264
0t
0s
0r
1y
0c
0i
#30218530676
1t
0s
0r
1y
0c
0i
#30218531326
0t
0s
0r
1y
0c
0i
#30218531740
1t
0s
0r
1y
0c
0i
#30218532393
0t
0s
0r
1y
1c
0i
#30218532806
1t
0s
0r
1y
1c
0i
#30218533463
0t
0s
0r
1y
1c
0i
#30218533875
1t
0s
0r
1y
1c
1i
#30218534530
0t
0s
0r
1y
1c
1i
#30218534944
1t
0s
0r
1y
1c
1i
#30218535601
0t
0s
0r
1y
1c
1i
#30218536015
1t
0s
0r
1y
1c
1i
#30218536675
0t
0s
0r
1y
1c
0i
#30218537088
1t
0s
0r
1y
1c
0i
#30218537743
0t
0s
0r
1y
1c
0i
#30218538158
1t
0s
0r
1y
1c
0i
#30218538815
0t
0s
0r
1y
1c
0i
#30218539229
1t
0s
0r
1y
1c
0i
#30218539888
0t
0s
0r
1y
1c
0i
#30218540301
1t
0s
0r
1y
1c
0i
#30218540955
0t
0s
0r
1y
1c
0i
#30218541371
1t
0s
0r
1y
1c
0i
#30218542025
0t
0s
0r
1y
1c
0i
#30218542440
1t
0s
0r
1y
1c
0i
#30218543097
0t
0s
0r
1y
1c
0i
#30218543510
1t
0s
0r
1y
1c
0i
#30218544162
0t
0s
0r
1y
1c
0i
#30218544576
1t
0s
0r
1y
1c
0i
#30218545229
0t
0s
0r
1y
1c
0i
#30218545643
1t
0s
0r
1y
1c
0i
#30218546297
0t
0s
0r
1y
1c
0i
#30218546710
1t
0s
0r
1y
1c
0i
#30218547360
0t
0s
0r
1y
1c
0i
#30218547775
1t
0s
0r
1y
1c
0i
#30218548425
0t
0s
0r
1y
1c
0i
#30218548839
1t
0s
0r
1y
1c
0i
#30218549493
0t
0s
0r
1y
1c
0i
#30218549905
1t
0s
0r
1y
1c
0i
#30218551598
0t
0s
0r
1y
1c
0i
#30218552787
1t
0s
0r
1y
1c
0i
#30218553761
0t
0s
0r
1y
1c
0i
#30218554160
1t
0s
0r
1y
1c
0i
#30218554816
0t
0s
0r
1y
1c
0i
#30218555226
1t
0s
0r
1y
1c
0i
#30218555879
0t
0s
0r
1y
1c
0i
#30218556290
1t
0s
0r
1y
1c
0i
#30218556942
0t
0s
0r
1y
1c
0i
#30218557355
1t
0s
0r
1y
1c
0i
#30218558006
0t
0s
0r
1y
1c
0i
#30218558418
1t
0s
0r
1y
1c
0i
#30218559072
0t
0s
0r
1y
1c
0i
#30218559482
1t
0s
0r
1y
1c
0i
#30218560133
0t
0s
0r
1y
1c
0i
#30218560544
1t
0s
0r
1y
1c
0i
#30218561197
0t
0s
0r
1y
1c
0i
#30218561607
1t
0s
0r
1y
1c
0i
#30218562261
0t
0s
0r
1y
1c
0i
#30218562673
1t
0s
0r
1y
1c
0i
#30218563323
0t
0s
0r
1y
1c
0i
#30218563736
1t
0s
0r
1y
1c
0i
#30218564389
0t
0s
0r
1y
0c
0i
#30218564801
1t
0s
0r
1y
0c
0i
#30218565459
0t
0s
0r
1y
0c
0i
#30218565870
1t
0s
0r
1y
0c
1i
#30218566524
0t
0s
0r
1y
0c
1i
#30218566937
1t
0s
0r
1y
0c
1i
#30218567593
0t
0s
0r
1y
0c
1i
#30218568007
1t
0s
0r
1y
0c
1i
#30218568068
1t
0s
1r
1y
0c
1i
#30218568071
1t
0s
0r
1y
0c
1i
#30218568666
0t
0s
0r
1y
0c
0i
#30218569078
1t
0s
0r
1y
0c
0i
#30218569734
0t
0s
0r
1y
0c
0i
#30218570147
1t
0s
0r
1y
0c
0i
#30218570804
0t
0s
0r
1y
0c
0i
#30218571217
1t
0s
0r
1y
0c
0i
#30218571877
0t
0s
0r
1y
0c
0i
#30218572287
1t
0s
0r
1y
0c
0i
#30218572942
0t
0s
0r
1y
0c
0i
#30218573356
1t
0s
0r
1y
0c
0i
#30218574012
0t
0s
0r
1y
0c
0i
#30218574425
1t
0s
0r
1y
0c
0i
#30218575084
0t
0s
0r
1y
0c
0i
#30218575495
1t
0s
0r
1y
0c
0i
#30218576151
0t
0s
0r
1y
0c
0i
#30218576564
1t
0s
0r
1y
0c
0i
#30218577222
0t
0s
0r
1y
0c
0i
#30218577632
1t
0s
0r
1y
0c
0i
#30218578294
0t
0s
0r
1y
0c
0i
#30218578703
1t
0s
0r
1y
0c
0i
#30218579360
0t
0s
0r
1y
0c
0i
#30218579772
1t
0s
0r
1y
0c
0i
#30218580430
0t
0s
0r
1y
0c
0i
#30218580841
1t
0s
0r
1y
0c
0i
#30218581503
0t
0s
0r
1y
0c
0i
#30218581912
1t
0s
0r
1y
0c
0i
#30218582570
0t
0s
0r
1y
0c
0i
#30218582982
1t
0s
0r
1y
0c
0i
#30218583639
0t
0s
0r
1y
0c
0i
#30218584052
1t
0s
0r
1y
0c
0i
#30218584712
0t
0s
0r
1y
0c
0i
#30218585123
1t
0s
0r
1y
0c
0i
#30218585778
0t
0s
0r
1y
0c
0i
#30218586192
1t
0s
0r
1y
0c
0i
#30218586849
0t
0s
0r
1y
0c
0i
#30218587261
1t
0s
0r
1y
0c
0i
#30218587921
0t
0s
0r
1y
0c
0i
#30218588332
1t
0s
0r
1y
0c
0i
#30218588987
0t
0s
0r
1y
0c
0i
#30218589401
1t
0s
0r
1y
0c
0i
#30218590057
0t
0s
0r
1y
0c
0i
#30218590470
1t
0s
0r
1y
0c
0i
#30218591129
0t
0s
0r
1y
0c
0i
#30218591541
1t
0s
0r
1y
0c
0i
#30218592196
0t
0s
0r
1y
0c
0i
#30218592609
1t
0s
0r
1y
0c
0i
#30218593266
0t
0s
0r
1y
0c
0i
#30218593679
1t
0s
0r
1y
0c
0i
#30218594338
0t
0s
0r
1y
0c
0i
#30218594752
1t
0s
0r
1y
0c
0i
#30218595406
0t
0s
0r
1y
0c
0i
#30218595823
1t
0s
0r
1y
0c
0i
#30218596480
0t
0s
0r
1y
1c
0i
#30218596895
1t
0s
0r
1y
1c
0i
#30218597557
0t
0s
0r
1y
1c
0i
#30218597972
1t
0s
0r
1y
1c
1i
#30218598630
0t
0s
0r
1y
1c
1i
#30218599047
1t
0s
0r
1y
1c
1i
#30218599709
0t
0s
0r
1y
1c
1i
#30218600125
1t
0s
0r
1y
1c
1i
#30218600790
0t
0s
0r
1y
1c
0i
#30218601205
1t
0s
0r
1y
1c
0i
#30218601865
0t
0s
0r
1y
1c
0i
#30218602282
1t
0s
0r
1y
1c
0i
#30218602943
0t
0s
0r
1y
1c
0i
#30218603359
1t
0s
0r
1y
1c
0i
#30218604022
0t
0s
0r
1y
1c
0i
#30218604437
1t
0s
0r
1y
1c
0i
#30218605094
0t
0s
0r
1y
1c
0i
#30218605512
1t
0s
0r
1y
1c
0i
#30218606170
0t
0s
0r
1y
1c
0i
#30218606586
1t
0s
0r
1y
1c
0i
#30218607246
0t
0s
0r
1y
1c
0i
#30218607661
1t
0s
0r
1y
1c
0i
#30218608315
0t
0s
0r
1y
1c
0i
#30218608731
1t
0s
0r
1y
1c
0i
#30218609386
0t
0s
0r
1y
1c
0i
#30218609801
1t
0s
0r
1y
1c
0i
#30218610457
0t
0s
0r
1y
1c
0i
#30218610872
1t
0s
0r
1y
1c
0i
#30218611524
0t
0s
0r
1y
1c
0i
#30218611940
1t
0s
0r
1y
1c
0i
#30218612594
0t
0s
0r
1y
1c
0i
#30218613008
1t
0s
0r
1y
1c
0i
#30218613665
0t
0s
0r
1y
1c
0i
#30218614078
1t
0s
0r
1y
1c
0i
#30218615778
0t
0s
0r
1y
1c
0i
#30218616973
1t
0s
0r
1y
1c
0i
#30218617950
0t
0s
0r
1y
1c
0i
#30218618352
1t
0s
0r
1y
1c
0i
#30218619010
0t
0s
0r
1y
1c
0i
#30218619423
1t
0s
0r
1y
1c
0i
#30218620079
0t
0s
0r
1y
1c
0i
#30218620492
1t
0s
0r
1y
1c
0i
#30218621147
0t
0s
0r
1y
1c
0i
#30218621562
1t
0s
0r
1y
1c
0i
#30218622217
0t
0s
0r
1y
1c
0i
#30218622630
1t
0s
0r
1y
1c
0i
#30218623287
0t
0s
0r
1y
1c
0i
#30218623699
1t
0s
0r
1y
1c
0i
#30218624353
0t
0s
0r
1y
1c
0i
#30218624766
1t
0s
0r
1y
1c
0i
#30218625421
0t
0s
0r
1y
1c
0i
#30218625834
1t
0s
0r
1y
1c
0i
#30218626491
0t
0s
0r
1y
1c
0i
#30218626905
1t
0s
0r
1y
1c
0i
#30218627557
0t
0s
0r
1y
0c
0i
#30218627973
1t
0s
0r
1y
0c
0i
#30218628628
0t
0s
0r
1y
0c
0i
#30218629042
1t
0s
0r
1y
0c
0i
#30218629703
0t
0s
0r
1y
0c
0i
#30218630115
1t
0s
0r
1y
0c
1i
#30218630773
0t
0s
0r
1y
0c
1i
#30218631187
1t
0s
0r
1y
0c
1i
#30218631847
0t
0s
0r
1y
0c
1i
#30218632262
1t
0s
0r
1y
0c
1i
#30218632924
0t
0s
0r
1y
0c
0i
#30218633338
1t
0s
0r
1y
0c
0i
#30218633996
0t
0s
0r
1y
0c
0i
#30218634411
1t
0s
0r
1y
0c
0i
#30218635070
0t
0s
0r
1y
0c
0i
#30218635483
1t
0s
0r
1y
0c
0i
#30218636145
0t
0s
0r
1y
0c
0i
#30218636557
1t
0s
0r
1y
0c
0i
#30218637213
0t
0s
0r
1y
0c
0i
#30218637627
1t
0s
0r
1y
0c
0i
#30218638282
0t
0s
0r
1y
0c
0i
#30218638694
1t
0s
0r
1y
0c
0i
#30218639351
0t
0s
0r
1y
0c
0i
#30218639761
1t
0s
0r
1y
0c
0i
#30218640413
0t
0s
0r
1y
0c
0i
#30218640823
1t
0s
0r
1y
0c
0i
#30218641476
0t
0s
0r
1y
0c
0i
#30218641884
1t
0s
0r
1y
0c
0i
#30218642539
0t
0s
0r
1y
0c
0i
#30218642946
1t
0s
0r
1y
0c
0i
#30218643596
0t
0s
0r
1y
0c
0i
#30218644005
1t
0s
0r
1y
0c
0i
#30218644657
0t
0s
0r
1y
0c
0i
#30218645066
1t
0s
0r
1y
0c
0i
#30218645720
0t
0s
0r
1y
0c
0i
#30218646128
1t
0s
0r
1y
0c
0i
#30218646780
0t
0s
0r
1y
0c
0i
#30218647189
1t
0s
0r
1y
0c
0i
#30218647842
0t
0s
0r
1y
0c
0i
#30218648253
1t
0s
0r
1y
0c
0i
#30218648907
0t
0s
0r
1y
0c
0i
#30218649318
1t
0s
0r
1y
0c
0i
#30218649968
0t
0s
0r
1y
0c
0i
#30218650380
1t
0s
0r
1y
0c
0i
#30218651032
0t
0s
0r
1y
0c
0i
#30218651443
1t
0s
0r
1y
0c
0i
#30218652099
0t
0s
0r
1y
0c
0i
#30218652508
1t
0s
0r
1y
0c
0i
#30218653159
0t
0s
0r
1y
0c
0i
#30218653571
1t
0s
0r
1y
0c
0i
#30218654223
0t
0s
0r
1y
0c
0i
#30218654634
1t
0s
0r
1y
0c
0i
#30218655288
0t
0s
0r
1y
0c
0i
#30218655698
1t
0s
0r
1y
0c
0i
#30218656347
0t
0s
0r
1y
0c
0i
#30218656759
1t
0s
0r
1y
0c
0i
#30218657411
0t
0s
0r
1y
0c
0i
#30218657822
1t
0s
0r
1y
0c
0i
#30218658476
0t
0s
0r
1y
0c
0i
#30218658888
1t
0s
0r
1y
0c
0i
#30218659537
0t
0s
0r
1y
0c
0i
#30218659951
1t
0s
0r
1y
0c
0i
#30218660602
0t
0s
0r
1y
1c
0i
#30218661015
1t
0s
0r
1y
1c
0i
#30218661672
0t
0s
0r
1y
1c
0i
#30218662083
1t
0s
0r
1y
1c
1i
#30218662737
0t
0s
0r
1y
1c
1i
#30218663150
1t
0s
0r
1y
1c
1i
#30218663806
0t
0s
0r
1y
1c
1i
#30218664220
1t
0s
0r
1y
1c
1i
#30218664878
0t
0s
0r
1y
1c
0i
#30218665291
1t
0s
0r
1y
1c
0i
#30218665945
0t
0s
0r
1y
1c
0i
#30218666359
1t
0s
0r
1y
1c
0i
#30218667015
0t
0s
0r
1y
1c
0i
#30218667428
1t
0s
0r
1y
1c
0i
#30218668086
0t
0s
0r
1y
1c
0i
#30218668498
1t
0s
0r
1y
1c
0i
#30218669151
0t
0s
0r
1y
1c
0i
#30218669566
1t
0s
0r
1y
1c
0i
#30218670219
0t
0s
0r
1y
1c
0i
#30218670633
1t
0s
0r
1y
1c
0i
#30218671288
0t
0s
0r
1y
1c
0i
#30218671701
1t
0s
0r
1y
1c
0i
#30218672352
0t
0s
0r
1y
1c
0i
#30218672766
1t
0s
0r
1y
1c
0i
#30218673418
0t
0s
0r
1y
1c
0i
#30218673831
1t
0s
0r
1y
1c
0i
#30218674484
0t
0s
0r
1y
1c
0i
#30218674897
1t
0s
0r
1y
1c
0i
#30218675546
0t
0s
0r
1y
1c
0i
#30218675960
1t
0s
0r
1y
1c
0i
#30218676610
0t
0s
0r
1y
1c
0i
#30218677023
1t
0s
0r
1y
1c
0i
#30218677677
0t
0s
0r
1y
1c
0i
#30218678088
1t
0s
0r
1y
1c
0i
#30218679779
0t
0s
0r
1y
1c
0i
#30218680967
1t
0s
0r
1y
1c
0i
#30218681940
0t
0s
0r
1y
1c
0i
#30218682339
1t
0s
0r
1y
1c
0i
#30218682993
0t
0s
0r
1y
1c
0i
#30218683403
1t
0s
0r
1y
1c
0i
#30218684055
0t
0s
0r
1y
1c
0i
#30218684466
1t
0s
0r
1y
1c
0i
#30218685117
0t
0s
0r
1y
1c
0i
#30218685530
1t
0s
0r
1y
1c
0i
#30218686181
0t
0s
0r
1y
1c
0i
#30218686592
1t
0s
0r
1y
1c
0i
#30218687246
0t
0s
0r
1y
1c
0i
#30218687655
1t
0s
0r
1y
1c
0i
#30218688305
0t
0s
0r
1y
1c
0i
#30218688716
1t
0s
0r
1y
1c
0i
#30218689367
0t
0s
0r
1y
1c
0i
#30218689777
1t
0s
0r
1y
1c
0i
#30218690430
0t
0s
0r
1y
1c
0i
#30218690842
1t
0s
0r
1y
1c
0i
#30218691490
0t
0s
0r
1y
1c
0i
#30218691903
1t
0s
0r
1y
1c
0i
#30218692555
0t
0s
0r
1y
0c
0i
#30218692967
1t
0s
0r
1y
0c
0i
#30218693623
0t
0s
0r
1y
0c
0i
#30218694033
1t
0s
0r
1y
0c
1i
#30218694686
0t
0s
0r
1y
0c
1i
#30218695099
1t
0s
0r
1y
0c
1i
#30218695754
0t
0s
0r
1y
0c
1i
#30218696167
1t
0s
0r
1y
0c
1i
#30218696284
1t
0s
1r
1y
0c
1i
#30218696287
1t
0s
0r
1y
0c
1i
#30218696825
0t
0s
0r
1y
0c
0i
#30218697237
1t
0s
0r
1y
0c
0i
#30218697891
0t
0s
0r
1y
0c
0i
#30218698304
1t
0s
0r
1y
0c
0i
#30218698960
0t
0s
0r
1y
0c
0i
#30218699371
1t
0s
0r
1y
0c
0i
#30218700030
0t
0s
0r
1y
0c
0i
#30218700440
1t
0s
0r
1y
0c
0i
#30218701094
0t
0s
0r
1y
0c
0i
#30218701508
1t
0s
0r
1y
0c
0i
#30218702162
0t
0s
0r
1y
0c
0i
#30218702574
1t
0s
0r
1y
0c
0i
#30218703232
0t
0s
0r
1y
0c
0i
#30218703642
1t
0s
0r
1y
0c
0i
#30218704296
0t
0s
0r
1y
0c
0i
#30218704707
1t
0s
0r
1y
0c
0i
#30218705363
0t
0s
0r
1y
0c
0i
#30218705773
1t
0s
0r
1y
0c
0i
#30218706432
0t
0s
0r
1y
0c
0i
#30218706841
1t
0s
0r
1y
0c
0i
#30218707495
0t
0s
0r
1y
0c
0i
#30218707906
1t
0s
0r
1y
0c
0i
#30218708561
0t
0s
0r
1y
0c
0i
#30218708972
1t
0s
0r
1y
0c
0i
#30218709631
0t
0s
0r
1y
0c
0i
#30218710040
1t
0s
0r
1y
0c
0i
#30218710695
0t
0s
0r
1y
0c
0i
#30218711106
1t
0s
0r
1y
0c
0i
#30218711761
0t
0s
0r
1y
0c
0i
#30218712174
1t
0s
0r
1y
0c
0i
#30218712831
0t
0s
0r
1y
0c
0i
#30218713242
1t
0s
0r
1y
0c
0i
#30218713895
0t
0s
0r
1y
0c
0i
#30218714308
1t
0s
0r
1y
0c
0i
#30218714962
0t
0s
0r
1y
0c
0i
#30218715374
1t
0s
0r
1y
0c
0i
#30218716032
0t
0s
0r
1y
0c
0i
#30218716443
1t
0s
0r
1y
0c
0i
#30218717095
0t
0s
0r
1y
0c
0i
#30218717509
1t
0s
0r
1y
0c
0i
#30218718162
0t
0s
0r
1y
0c
0i
#30218718575
1t
0s
0r
1y
0c
0i
#30218719231
0t
0s
0r
1y
0c
0i
#30218719642
1t
0s
0r
1y
0c
0i
#30218720294
0t
0s
0r
1y
0c
0i
#30218720708
1t
0s
0r
1y
0c
0i
#30218721361
0t
0s
0r
1y
0c
0i
#30218721774
1t
0s
0r
1y
0c
0i
#30218722430
0t
0s
0r
1y
0c
0i
#30218722844
1t
0s
0r
1y
0c
0i
#30218723496
0t
0s
0r
1y
0c
0i
#30218723910
1t
0s
0r
1y
0c
0i
#30218724565
0t
0s
0r
1y
1c
0i
#30218724980
1t
0s
0r
1y
1c
0i
#30218725639
0t
0s
0r
1y
1c
0i
#30218726052
1t
0s
0r
1y
1c
1i
#30218726708
0t
0s
0r
1y
1c
1i
#30218727124
1t
0s
0r
1y
1c
1i
#30218727783
0t
0s
0r
1y
1c
1i
#30218728198
1t
0s
0r
1y
1c
1i
#30218728860
0t
0s
0r
1y
1c
0i
#30218729274
1t
0s
0r
1y
1c
0i
#30218729931
0t
0s
0r
1y
1c
0i
#30218730347
1t
0s
0r
1y
1c
0i
#30218731006
0t
0s
0r
1y
1c
0i
#30218731421
1t
0s
0r
1y
1c
0i
#30218732082
0t
0s
0r
1y
1c
0i
#30218732495
1t
0s
0r
1y
1c
0i
#30218733150
0t
0s
0r
1y
1c
0i
#30218733567
1t
0s
0r
1y
1c
0i
#30218734222
0t
0s
0r
1y
1c
0i
#30218734637
1t
0s
0r
1y
1c
0i
#30218735294
0t
0s
0r
1y
1c
0i
#30218735707
1t
0s
0r
1y
1c
0i
#30218736358
0t
0s
0r
1y
1c
0i
#30218736773
1t
0s
0r
1y
1c
0i
#30218737424
0t
0s
0r
1y
1c
0i
#30218737837
1t
0s
0r
1y
1c
0i
#30218738490
0t
0s
0r
1y
1c
0i
#30218738903
1t
0s
0r
1y
1c
0i
#30218739551
0t
0s
0r
1y
1c
0i
#30218739965
1t
0s
0r
1y
1c
0i
#30218740614
0t
0s
0r
1y
1c
0i
#30218741028
1t
0s
0r
1y
1c
0i
#30218741680
0t
0s
0r
1y
1c
0i
#30218742092
1t
0s
0r
1y
1c
0i
#30218743782
0t
0s
0r
1y
1c
0i
#30218744970
1t
0s
0r
1y
1c
0i
#30218745942
0t
0s
0r
1y
1c
0i
#30218746342
1t
0s
0r
1y
1c
0i
#30218746996
0t
0s
0r
1y
1c
0i
#30218747407
1t
0s
0r
1y
1c
0i
#30218748059
0t
0s
0r
1y
1c
0i
#30218748470
1t
0s
0r
1y
1c
0i
#30218749121
0t
0s
0r
1y
1c
0i
#30218749534
1t
0s
0r
1y
1c
0i
#30218750185
0t
0s
0r
1y
1c
0i
#30218750596
1t
0s
0r
1y
1c
0i
#30218751249
0t
0s
0r
1y
1c
0i
#30218751659
1t
0s
0r
1y
1c
0i
#30218752309
0t
0s
0r
1y
1c
0i
#30218752720
1t
0s
0r
1y
1c
0i
#30218753371
0t
0s
0r
1y
1c
0i
#30218753782
1t
0s
0r
1y
1c
0i
#30218754435
0t
0s
0r
1y
1c
0i
#30218754847
1t
0s
0r
1y
1c
0i
#30218755496
0t
0s
0r
1y
1c
0i
#30218755909
1t
0s
0r
1y
1c
0i
#30218756561
0t
0s
0r
1y
0c
0i
#30218756973
1t
0s
0r
1y
0c
0i
#30218757629
0t
0s
0r
1y
0c
0i
#30218758040
1t
0s
0r
1y
0c
1i
#30218758694
0t
0s
0r
1y
0c
1i
#30218759106
1t
0s
0r
1y
0c
1i
#30218759762
0t
0s
0r
1y
0c
1i
#30218760175
1t
0s
0r
1y
0c
1i
#30218760834
0t
0s
0r
1y
0c
0i
#30218761246
1t
0s
0r
1y
0c
0i
#30218761901
0t
0s
0r
1y
0c
0i
#30218762314
1t
0s
0r
1y
0c
0i
#30218762969
0t
0s
0r
1y
0c
0i
#30218763382
1t
0s
0r
1y
0c
0i
#30218764040
0t
0s
0r
1y
0c
0i
#30218764451
1t
0s
0r
1y
0c
0i
#30218765104
0t
0s
0r
1y
0c
0i
#30218765518
1t
0s
0r
1y
0c
0i
#30218766171
0t
0s
0r
1y
0c
0i
#30218766583
1t
0s
0r
1y
0c
0i
#30218767239
0t
0s
0r
1y
0c
0i
#30218767648
1t
0s
0r
1y
0c
0i
#30218768300
0t
0s
0r
1y
0c
0i
#30218768709
1t
0s
0r
1y
0c
0i
#30218769361
0t
0s
0r
1y
0c
0i
#30218769770
1t
0s
0r
1y
0c
0i
#30218770424
0t
0s
0r
1y
0c
0i
#30218770831
1t
0s
0r
1y
0c
0i
#30218771480
0t
0s
0r
1y
0c
0i
#30218771889
1t
0s
0r
1y
0c
0i
#30218772539
0t
0s
0r
1y
0c
0i
#30218772947
1t
0s
0r
1y
0c
0i
#30218773601
0t
0s
0r
1y
0c
0i
#30218774008
1t
0s
0r
1y
0c
0i
#30218774658
0t
0s
0r
1y
0c
0i
#30218775066
1t
0s
0r
1y
0c
0i
#30218775716
0t
0s
0r
1y
0c
0i
#30218776127
1t
0s
0r
1y
0c
0i
#30218776779
0t
0s
0r
1y
0c
0i
#30218777188
1t
0s
0r
1y
0c
0i
#30218777836
0t
0s
0r
1y
0c
0i
#30218778247
1t
0s
0r
1y
0c
0i
#30218778897
0t
0s
0r
1y
0c
0i
#30218779306
1t
0s
0r
1y
0c
0i
#30218779959
0t
0s
0r
1y
0c
0i
#30218780367
1t
0s
0r
1y
0c
0i
#30218781015
0t
0s
0r
1y
0c
0i
#30218781427
1t
0s
0r
1y
0c
0i
#30218782075
0t
0s
0r
1y
0c
0i
#30218782486
1t
0s
0r
1y
0c
0i
#30218783137
0t
0s
0r
1y
0c
0i
#30218783546
1t
0s
0r
1y
0c
0i
#30218784193
0t
0s
0r
1y
0c
0i
#30218784604
1t
0s
0r
1y
0c
0i
#30218785253
0t
0s
0r
1y
0c
0i
#30218785663
1t
0s
0r
1y
0c
0i
#30218786313
0t
0s
0r
1y
0c
0i
#30218786725
1t
0s
0r
1y
0c
0i
#30218787372
0t
0s
0r
1y
0c
0i
#30218787784
1t
0s
0r
1y
0c
0i
#30218788434
0t
0s
0r
1y
1c
0i
#30218788845
1t
0s
0r
1y
1c
0i
#30218789499
0t
0s
0r
1y
1c
0i
#30218789910
1t
0s
0r
1y
1c
1i
#30218790561
0t
0s
0r
1y
1c
1i
#30218790973
1t
0s
0r
1y
1c
1i
#30218791627
0t
0s
0r
1y
1c
1i
#30218792040
1t
0s
0r
1y
1c
1i
#30218792697
0t
0s
0r
1y
1c
0i
#30218793108
1t
0s
0r
1y
1c
0i
#30218793760
0t
0s
0r
1y
1c
0i
#30218794173
1t
0s
0r
1y
1c
0i
#30218794827
0t
0s
0r
1y
1c
0i
#30218795239
1t
0s
0r
1y
1c
0i
#30218795895
0t
0s
0r
1y
1c
0i
#30218796306
1t
0s
0r
1y
1c
0i
#30218796956
0t
0s
0r
1y
1c
0i
#30218797371
1t
0s
0r
1y
1c
0i
#30218798021
0t
0s
0r
1y
1c
0i
#30218798434
1t
0s
0r
1y
1c
0i
#30218799086
0t
0s
0r
1y
1c
0i
#30218799497
1t
0s
0r
1y
1c
0i
#30218800145
0t
0s
0r
1y
1c
0i
#30218800557
1t
0s
0r
1y
1c
0i
#30218801205
0t
0s
0r
1y
1c
0i
#30218801616
1t
0s
0r
1y
1c
0i
#30218802266
0t
0s
0r
1y
1c
0i
#30218802676
1t
0s
0r
1y
1c
0i
#30218803321
0t
0s
0r
1y
1c
0i
#30218803734
1t
0s
0r
1y
1c
0i
#30218804380
0t
0s
0r
1y
1c
0i
#30218804791
1t
0s
0r
1y
1c
0i
#30218805440
0t
0s
0r
1y
1c
0i
#30218805850
1t
0s
0r
1y
1c
0i
#30218807533
0t
0s
0r
1y
1c
0i
#30218808714
1t
0s
0r
1y
1c
0i
#30218809682
0t
0s
0r
1y
1c
0i
#30218810080
1t
0s
0r
1y
1c
0i
#30218810731
0t
0s
0r
1y
1c
0i
#30218811140
1t
0s
0r
1y
1c
0i
#30218811789
0t
0s
0r
1y
1c
0i
#30218812198
1t
0s
0r
1y
1c
0i
#30218812846
0t
0s
0r
1y
1c
0i
#30218813257
1t
0s
0r
1y
1c
0i
#30218813905
0t
0s
0r
1y
1c
0i
#30218814314
1t
0s
0r
1y
1c
0i
#30218814964
0t
0s
0r
1y
1c
0i
#30218815372
1t
0s
0r
1y
1c
0i
#30218816019
0t
0s
0r
1y
1c
0i
#30218816428
1t
0s
0r
1y
1c
0i
#30218817077
0t
0s
0r
1y
1c
0i
#30218817485
1t
0s
0r
1y
1c
0i
#30218818135
0t
0s
0r
1y
1c
0i
#30218818545
1t
0s
0r
1y
1c
0i
#30218819191
0t
0s
0r
1y
1c
0i
#30218819602
1t
0s
0r
1y
1c
0i
#30218820251
0t
0s
0r
1y
0c
0i
#30218820661
1t
0s
0r
1y
0c
0i
#30218821314
0t
0s
0r
1y
0c
0i
#30218821723
1t
0s
0r
1y
0c
1i
#30218822374
0t
0s
0r
1y
0c
1i
#30218822784
1t
0s
0r
1y
0c
1i
#30218823436
0t
0s
0r
1y
0c
1i
#30218823848
1t
0s
0r
1y
0c
1i
#30218823982
1t
0s
1r
1y
0c
1i
#30218823985
1t
0s
0r
1y
0c
1i
#30218824502
0t
0s
0r
1y
0c
0i
#30218824913
1t
0s
0r
1y
0c
0i
#30218825564
0t
0s
0r
1y
0c
0i
#30218825975
1t
0s
0r
1y
0c
0i
#30218826628
0t
0s
0r
1y
0c
0i
#30218827038
1t
0s
0r
1y
0c
0i
#30218827694
0t
0s
0r
1y
0c
0i
#30218828102
1t
0s
0r
1y
0c
0i
#30218828753
0t
0s
0r
1y
0c
0i
#30218829165
1t
0s
0r
1y
0c
0i
#30218829816
0t
0s
0r
1y
0c
0i
#30218830227
1t
0s
0r
1y
0c
0i
#30218830882
0t
0s
0r
1y
0c
0i
#30218831290
1t
0s
0r
1y
0c
0i
#30218831942
0t
0s
0r
1y
0c
0i
#30218832352
1t
0s
0r
1y
0c
0i
#30218833005
0t
0s
0r
1y
0c
0i
#30218833414
1t
0s
0r
1y
0c
0i
#30218834071
0t
0s
0r
1y
0c
0i
#30218834477
1t
0s
0r
1y
0c
0i
#30218835129
0t
0s
0r
1y
0c
0i
#30218835538
1t
0s
0r
1y
0c
0i
#30218836191
0t
0s
0r
1y
0c
0i
#30218836600
1t
0s
0r
1y
0c
0i
#30218837256
0t
0s
0r
1y
0c
0i
#30218837663
1t
0s
0r
1y
0c
0i
#30218838316
0t
0s
0r
1y
0c
0i
#30218838725
1t
0s
0r
1y
0c
0i
#30218839378
0t
0s
0r
1y
0c
0i
#30218839789
1t
0s
0r
1y
0c
0i
#30218840443
0t
0s
0r
1y
0c
0i
#30218840852
1t
0s
0r
1y
0c
0i
#30218841503
0t
0s
0r
1y
0c
0i
#30218841914
1t
0s
0r
1y
0c
0i
#30218842566
0t
0s
0r
1y
0c
0i
#30218842976
1t
0s
0r
1y
0c
0i
#30218843632
0t
0s
0r
1y
0c
0i
#30218844040
1t
0s
0r
1y
0c
0i
#30218844691
0t
0s
0r
1y
0c
0i
#30218845103
1t
0s
0r
1y
0c
0i
#30218845754
0t
0s
0r
1y
0c
0i
#30218846165
1t
0s
0r
1y
0c
0i
#30218846819
0t
0s
0r
1y
0c
0i
#30218847229
1t
0s
0r
1y
0c
0i
#30218847879
0t
0s
0r
1y
0c
0i
#30218848291
1t
0s
0r
1y
0c
0i
#30218848942
0t
0s
0r
1y
0c
0i
#30218849354
1t
0s
0r
1y
0c
0i
#30218850008
0t
0s
0r
1y
0c
0i
#30218850420
1t
0s
0r
1y
0c
0i
#30218851070
0t
0s
0r
1y
0c
0i
#30218851484
1t
0s
0r
1y
0c
0i
#30218852137
0t
0s
0r
1y
1c
0i
#30218852549
1t
0s
0r
1y
1c
0i
#30218853206
0t
0s
0r
1y
1c
0i
#30218853618
1t
0s
0r
1y
1c
1i
#30218854272
0t
0s
0r
1y
1c
1i
#30218854686
1t
0s
0r
1y
1c
1i
#30218855343
0t
0s
0r
1y
1c
1i
#30218855756
1t
0s
0r
1y
1c
1i
#30218856415
0t
0s
0r
1y
1c
0i
#30218856828
1t
0s
0r
1y
1c
0i
#30218857483
0t
0s
0r
1y
1c
0i
#30218857897
1t
0s
0r
1y
1c
0i
#30218858553
0t
0s
0r
1y
1c
0i
#30218858966
1t
0s
0r
1y
1c
0i
#30218859624
0t
0s
0r
1y
1c
0i
#30218860036
1t
0s
0r
1y
1c
0i
#30218860689
0t
0s
0r
1y
1c
0i
#30218861104
1t
0s
0r
1y
1c
0i
#30218861756
0t
0s
0r
1y
1c
0i
#30218862170
1t
0s
0r
1y
1c
0i
#30218862824
0t
0s
0r
1y
1c
0i
#30218863236
1t
0s
0r
1y
1c
0i
#30218863885
0t
0s
0r
1y
1c
0i
#30218864298
1t
0s
0r
1y
1c
0i
#30218864947
0t
0s
0r
1y
1c
0i
#30218865359
1t
0s
0r
1y
1c
0i
#30218866010
0t
0s
0r
1y
1c
0i
#30218866421
1t
0s
0r
1y
1c
0i
#30218867067
0t
0s
0r
1y
1c
0i
#30218867480
1t
0s
0r
1y
1c
0i
#30218868127
0t
0s
0r
1y
1c
0i
#30218868539
1t
0s
0r
1y
1c
0i
#30218869189
0t
0s
0r
1y
1c
0i
#30218869600
1t
0s
0r
1y
1c
0i
#30218871286
0t
0s
0r
1y
1c
0i
#30218872472
1t
0s
0r
1y
1c
0i
#30218873442
0t
0s
0r
1y
1c
0i
#30218873841
1t
0s
0r
1y
1c
0i
#30218874493
0t
0s
0r
1y
1c
0i
#30218874903
1t
0s
0r
1y
1c
0i
#30218875554
0t
0s
0r
1y
1c
0i
#30218875964
1t
0s
0r
1y
1c
0i
#30218876613
0t
0s
0r
1y
1c
0i
#30218877025
1t
0s
0r
1y
1c
0i
#30218877675
0t
0s
0r
1y
1c
0i
#30218878085
1t
0s
0r
1y
1c
0i
#30218878737
0t
0s
0r
1y
1c
0i
#30218879146
1t
0s
0r
1y
1c
0i
#30218879794
0t
0s
0r
1y
1c
0i
#30218880204
1t
0s
0r
1y
1c
0i
#30218880854
0t
0s
0r
1y
1c
0i
#30218881264
1t
0s
0r
1y
1c
0i
#30218881915
0t
0s
0r
1y
1c
0i
#30218882326
1t
0s
0r
1y
1c
0i
#30218882973
0t
0s
0r
1y
1c
0i
#30218883385
1t
0s
0r
1y
1c
0i
#30218884035
0t
0s
0r
1y
0c
0i
#30218884446
1t
0s
0r
1y
0c
0i
#30218885100
0t
0s
0r
1y
0c
0i
#30218885510
1t
0s
0r
1y
0c
1i
#30218886162
0t
0s
0r
1y
0c
1i
#30218886573
1t
0s
0r
1y
0c
1i
#30218887226
0t
0s
0r
1y
0c
1i
#30218887639
1t
0s
0r
1y
0c
1i
#30218888295
0t
0s
0r
1y
0c
0i
#30218888705
1t
0s
0r
1y
0c
0i
#30218889358
0t
0s
0r
1y
0c
0i
#30218889769
1t
0s
0r
1y
0c
0i
#30218890423
0t
0s
0r
1y
0c
0i
#30218890833
1t
0s
0r
1y
0c
0i
#30218891490
0t
0s
0r
1y
0c
0i
#30218891899
1t
0s
0r
1y
0c
0i
#30218892550
0t
0s
0r
1y
0c
0i
#30218892963
1t
0s
0r
1y
0c
0i
#30218893615
0t
0s
0r
1y
0c
0i
#30218894026
1t
0s
0r
1y
0c
0i
#30218894681
0t
0s
0r
1y
0c
0i
#30218895091
1t
0s
0r
1y
0c
0i
#30218895743
0t
0s
0r
1y
0c
0i
#30218896154
1t
0s
0r
1y
0c
0i
#30218896808
0t
0s
0r
1y
0c
0i
#30218897218
1t
0s
0r
1y
0c
0i
#30218897875
0t
0s
0r
1y
0c
0i
#30218898283
1t
0s
0r
1y
0c
0i
#30218898936
0t
0s
0r
1y
0c
0i
#30218899347
1t
0s
0r
1y
0c
0i
#30218900001
0t
0s
0r
1y
0c
0i
#30218900411
1t
0s
0r
1y
0c
0i
#30218901068
0t
0s
0r
1y
0c
0i
#30218901477
1t
0s
0r
1y
0c
0i
#30218902131
0t
0s
0r
1y
0c
0i
#30218902542
1t
0s
0r
1y
0c
0i
#30218903195
0t
0s
0r
1y
0c
0i
#30218903607
1t
0s
0r
1y
0c
0i
#30218904263
0t
0s
0r
1y
0c
0i
#30218904674
1t
0s
0r
1y
0c
0i
#30218905325
0t
0s
0r
1y
0c
0i
#30218905737
1t
0s
0r
1y
0c
0i
#30218906390
0t
0s
0r
1y
0c
0i
#30218906801
1t
0s
0r
1y
0c
0i
#30218907457
0t
0s
0r
1y
0c
0i
#30218907867
1t
0s
0r
1y
0c
0i
#30218908518
0t
0s
0r
1y
0c
0i
#30218908931
1t
0s
0r
1y
0c
0i
#30218909582
0t
0s
0r
1y
0c
0i
#30218909994
1t
0s
0r
1y
0c
0i
#30218910649
0t
0s
0r
1y
0c
0i
#30218911059
1t
0s
0r
1y
0c
0i
#30218911709
0t
0s
0r
1y
0c
0i
#30218912121
1t
0s
0r
1y
0c
0i
#30218912773
0t
0s
0r
1y
0c
0i
#30218913185
1t
0s
0r
1y
0c
0i
#30218913839
0t
0s
0r
1y
0c
0i
#30218914251
1t
0s
0r
1y
0c
0i
#30218914901
0t
0s
0r
1y
0c
0i
#30218915315
1t
0s
0r
1y
0c
0i
#30218915967
0t
0s
0r
1y
1c
0i
#30218916380
1t
0s
0r
1y
1c
0i
#30218917037
0t
0s
0r
1y
1c
0i
#30218917449
1t
0s
0r
1y
1c
1i
#30218918103
0t
0s
0r
1y
1c
1i
#30218918517
1t
0s
0r
1y
1c
1i
#30218919174
0t
0s
0r
1y
1c
1i
#30218919587
1t
0s
0r
1y
1c
1i
#30218920247
0t
0s
0r
1y
1c
0i
#30218920660
1t
0s
0r
1y
1c
0i
#30218921314
0t
0s
0r
1y
1c
0i
#30218921729
1t
0s
0r
1y
1c
0i
#30218922385
0t
0s
0r
1y
1c
0i
#30218922798
1t
0s
0r
1y
1c
0i
#30218923457
0t
0s
0r
1y
1c
0i
#30218923869
1t
0s
0r
1y
1c
0i
#30218924521
0t
0s
0r
1y
1c
0i
#30218924937
1t
0s
0r
1y
1c
0i
#30218925590
0t
0s
0r
1y
1c
0i
#30218926004
1t
0s
0r
1y
1c
0i
#30218926660
0t
0s
0r
1y
1c
0i
#30218927073
1t
0s
0r
1y
1c
0i
#30218927724
0t
0s
0r
1y
1c
0i
#30218928138
1t
0s
0r
1y
1c
0i
#30218928789
0t
0s
0r
1y
1c
0i
#30218929202
1t
0s
0r
1y
1c
0i
#30218929856
0t
0s
0r
1y
1c
0i
#30218930269
1t
0s
0r
1y
1c
0i
#30218930917
0t
0s
0r
1y
1c
0i
#30218931331
1t
0s
0r
1y
1c
0i
#30218931981
0t
0s
0r
1y
1c
0i
#30218932395
1t
0s
0r
1y
1c
0i
#30218933048
0t
0s
0r
1y
1c
0i
#30218933459
1t
0s
0r
1y
1c
0i
#30218935151
0t
0s
0r
1y
1c
0i
#30218936339
1t
0s
0r
1y
1c
0i
#30218937312
0t
0s
0r
1y
1c
0i
#30218937711
1t
0s
0r
1y
1c
0i
#30218938365
0t
0s
0r
1y
1c
0i
#30218938776
1t
0s
0r
1y
1c
0i
#30218939429
0t
0s
0r
1y
1c
0i
#30218939840
1t
0s
0r
1y
1c
0i
#30218940491
0t
0s
0r
1y
1c
0i
#30218940904
1t
0s
0r
1y
1c
0i
#30218941555
0t
0s
0r
1y
1c
0i
#30218941966
1t
0s
0r
1y
1c
0i
#30218942620
0t
0s
0r
1y
1c
0i
#30218943029
1t
0s
0r
1y
1c
0i
#30218943679
0t
0s
0r
1y
1c
0i
#30218944090
1t
0s
0r
1y
1c
0i
#30218944741
0t
0s
0r
1y
1c
0i
#30218945151
1t
0s
0r
1y
1c
0i
#30218945804
0t
0s
0r
1y
1c
0i
#30218946216
1t
0s
0r
1y
1c
0i
#30218946865
0t
0s
0r
1y
0c
0i
#30218947278
1t
0s
0r
1y
0c
0i
#30218947929
0t
0s
0r
1y
0c
0i
#30218948341
1t
0s
0r
1y
0c
0i
#30218948998
0t
0s
0r
1y
0c
0i
#30218949409
1t
0s
0r
1y
0c
1i
#30218950062
0t
0s
0r
1y
0c
1i
#30218950475
1t
0s
0r
1y
0c
1i
#30218951130
0t
0s
0r
1y
0c
1i
#30218951544
1t
0s
0r
1y
0c
1i
#30218951589
1t
0s
1r
1y
0c
1i
#30218951592
1t
0s
0r
1y
0c
1i
#30218952203
0t
0s
0r
1y
0c
0i
#30218952615
1t
0s
0r
1y
0c
0i
#30218953270
0t
0s
0r
1y
0c
0i
#30218953683
1t
0s
0r
1y
0c
0i
#30218954339
0t
0s
0r
1y
0c
0i
#30218954751
1t
0s
0r
1y
0c
0i
#30218955409
0t
0s
0r
1y
0c
0i
#30218955820
1t
0s
0r
1y
0c
0i
#30218956473
0t
0s
0r
1y
0c
0i
#30218956886
1t
0s
0r
1y
0c
0i
#30218957538
0t
0s
0r
1y
0c
0i
#30218957949
1t
0s
0r
1y
0c
0i
#30218958604
0t
0s
0r
1y
0c
0i
#30218959012
1t
0s
0r
1y
0c
0i
#30218959663
0t
0s
0r
1y
0c
0i
#30218960072
1t
0s
0r
1y
0c
0i
#30218960722
0t
0s
0r
1y
0c
0i
#30218961130
1t
0s
0r
1y
0c
0i
#30218961783
0t
0s
0r
1y
0c
0i
#30218962189
1t
0s
0r
1y
0c
0i
#30218962838
0t
0s
0r
1y
0c
0i
#30218963245
1t
0s
0r
1y
0c
0i
#30218963896
0t
0s
0r
1y
0c
0i
#30218964303
1t
0s
0r
1y
0c
0i
#30218964957
0t
0s
0r
1y
0c
0i
#30218965363
1t
0s
0r
1y
0c
0i
#30218966013
0t
0s
0r
1y
0c
0i
#30218966421
1t
0s
0r
1y
0c
0i
#30218967072
0t
0s
0r
1y
0c
0i
#30218967481
1t
0s
0r
1y
0c
0i
#30218968134
0t
0s
0r
1y
0c
0i
#30218968542
1t
0s
0r
1y
0c
0i
#30218969191
0t
0s
0r
1y
0c
0i
#30218969601
1t
0s
0r
1y
0c
0i
#30218970252
0t
0s
0r
1y
0c
0i
#30218970661
1t
0s
0r
1y
0c
0i
#30218971314
0t
0s
0r
1y
0c
0i
#30218971723
1t
0s
0r
1y
0c
0i
#30218972371
0t
0s
0r
1y
0c
0i
#30218972782
1t
0s
0r
1y
0c
0i
#30218973431
0t
0s
0r
1y
0c
0i
#30218973842
1t
0s
0r
1y
0c
0i
#30219110859
0t
0s
0r
1y
1c
1i
#30219111275
1t
0s
0r
1y
1c
1i
#30219111940
0t
0s
0r
1y
1c
0i
#30219112355
1t
0s
0r
1y
1c
0i
#30219113015
0t
0s
0r
1y
1c
0i
#30219113432
1t
0s
0r
1y
1c
0i
#30219114092
0t
0s
0r
1y
1c
0i
#30219114508
1t
0s
0r
1y
1c
0i
#30219115171
0t
0s
0r
1y
1c
0i
#30219115586
1t
0s
0r
1y
1c
0i
#30219116243
0t
0s
0r
1y
1c
0i
#30219116660
1t
0s
0r
1y
1c
0i
#30219117317
0t
0s
0r
1y
1c
0i
#30219117732
1t
0s
0r
1y
1c
0i
#30219118391
0t
0s
0r
1y
1c
0i
#30219118804
1t
0s
0r
1y
1c
0i
#30219119456
0t
0s
0r
1y
1c
0i
#30219119871
1t
0s
0r
1y
1c
0i
#30219120524
0t
0s
0r
1y
1c
0i
#30219120937
1t
0s
0r
1y
1c
0i
#30219121591
0t
0s
0r
1y
1c
0i
#30219122005
1t
0s
0r
1y
1c
0i
#30219122653
0t
0s
0r
1y
1c
0i
#30219123069
1t
0s
0r
1y
1c
0i
#30219123719
0t
0s
0r
1y
1c
0i
#30219124133
1t
0s
0r
1y
1c
0i
#30219124787
0t
0s
0r
1y
1c
0i
#30219125200
1t
0s
0r
1y
1c
0i
#30219126895
0t
0s
0r
1y
1c
0i
#30219128086
1t
0s
0r
1y
1c
0i
#30219129061
0t
0s
0r
1y
1c
0i
#30219129462
1t
0s
0r
1y
1c
0i
#30219130119
0t
0s
0r
1y
1c
0i
#30219130530
1t
0s
0r
1y
1c
0i
#30219131184
0t
0s
0r
1y
1c
0i
#30219131596
1t
0s
0r
1y
1c
0i
#30219132249
0t
0s
0r
1y
1c
0i
#30219132663
1t
0s
0r
1y
1c
0i
#30219133316
0t
0s
0r
1y
1c
0i
#30219133728
1t
0s
0r
1y
1c
0i
#30219134383
0t
0s
0r
1y
1c
0i
#30219134794
1t
0s
0r
1y
1c
0i
#30219135445
0t
0s
0r
1y
1c
0i
#30219135858
1t
0s
0r
1y
1c
0i
#30219136511
0t
0s
0r
1y
1c
0i
#30219136922
1t
0s
0r
1y
1c
0i
#30219137577
0t
0s
0r
1y
1c
0i
#30219137990
1t
0s
0r
1y
1c
0i
#30219138641
0t
0s
0r
1y
1c
0i
#30219139054
1t
0s
0r
1y
1c
0i
#30219139708
0t
0s
0r
1y
0c
0i
#30219140121
1t
0s
0r
1y
0c
0i
#30219140779
0t
0s
0r
1y
0c
0i
#30219141191
1t
0s
0r
1y
0c
1i
#30219141846
0t
0s
0r
1y
0c
1i
#30219142260
1t
0s
0r
1y
0c
1i
#30219142916
0t
0s
0r
1y
0c
1i
#30219143331
1t
0s
0r
1y
0c
1i
#30219143991
0t
0s
0r
1y
0c
0i
#30219144403
1t
0s
0r
1y
0c
0i
#30219145059
0t
0s
0r
1y
0c
0i
#30219145474
1t
0s
0r
1y
0c
0i
#30219146131
0t
0s
0r
1y
0c
0i
#30219146544
1t
0s
0r
1y
0c
0i
#30219147204
0t
0s
0r
1y
0c
0i
#30219147615
1t
0s
0r
1y
0c
0i
#30219148269
0t
0s
0r
1y
0c
0i
#30219148683
1t
0s
0r
1y
0c
0i
#30219149337
0t
0s
0r
1y
0c
0i
#30219149749
1t
0s
0r
1y
0c
0i
#30219150405
0t
0s
0r
1y
0c
0i
#30219150814
1t
0s
0r
1y
0c
0i
#30219151465
0t
0s
0r
1y
0c
0i
#30219151875
1t
0s
0r
1y
0c
0i
#30219152527
0t
0s
0r
1y
0c
0i
#30219152935
1t
0s
0r
1y
0c
0i
#30219153588
0t
0s
0r
1y
0c
0i
#30219153995
1t
0s
0r
1y
0c
0i
#30219154643
0t
0s
0r
1y
0c
0i
#30219155052
1t
0s
0r
1y
0c
0i
#30219155703
0t
0s
0r
1y
0c
0i
#30219156110
1t
0s
0r
1y
0c
0i
#30219156764
0t
0s
0r
1y
0c
0i
#30219157171
1t
0s
0r
1y
0c
0i
#30219157821
0t
0s
0r
1y
0c
0i
#30219158230
1t
0s
0r
1y
0c
0i
#30219158880
0t
0s
0r
1y
0c
0i
#30219159291
1t
0s
0r
1y
0c
0i
#30219159943
0t
0s
0r
1y
0c
0i
#30219160352
1t
0s
0r
1y
0c
0i
#30219161001
0t
0s
0r
1y
0c
0i
#30219161412
1t
0s
0r
1y
0c
0i
#30219162063
0t
0s
0r
1y
0c
0i
#30219162472
1t
0s
0r
1y
0c
0i
#30219163126
0t
0s
0r
1y
0c
0i
#30219163535
1t
0s
0r
1y
0c
0i
#30219164183
0t
0s
0r
1y
0c
0i
#30219164595
1t
0s
0r
1y
0c
0i
#30219165244
0t
0s
0r
1y
0c
0i
#30219165654
1t
0s
0r
1y
0c
0i
#30219166306
0t
0s
0r
1y
0c
0i
#30219166716
1t
0s
0r
1y
0c
0i
#30219167364
0t
0s
0r
1y
0c
0i
#30219167774
1t
0s
0r
1y
0c
0i
#30219168424
0t
0s
0r
1y
0c
0i
#30219168834
1t
0s
0r
1y
0c
0i
#30219169485
0t
0s
0r
1y
0c
0i
#30219169897
1t
0s
0r
1y
0c
0i
#30219170543
0t
0s
0r
1y
0c
0i
#30219170956
1t
0s
0r
1y
0c
0i
#30219171606
0t
0s
0r
1y
1c
0i
#30219172018
1t
0s
0r
1y
1c
0i
#30219172673
0t
0s
0r
1y
1c
0i
#30219173083
1t
0s
0r
1y
1c
1i
#30219173735
0t
0s
0r
1y
1c
1i
#30219174148
1t
0s
0r
1y
1c
1i
#30219174802
0t
0s
0r
1y
1c
1i
#30219175214
1t
0s
0r
1y
1c
1i
#30219175871
0t
0s
0r
1y
1c
0i
#34514078155
0t
0s
0r
1y
1c
1i
#34514078571
1t
0s
0r
1y
1c
1i
#34514079236
0t
0s
0r
1y
1c
0i
#34514079651
1t
0s
0r
1y
1c
0i
#34514080311
0t
0s
0r
1y
1c
0i
#34514080728
1t
0s
0r
1y
1c
0i
#34514081388
0t
0s
0r
1y
1c
0i
#34514081804
1t
0s
0r
1y
1c
0i
#34514082467
0t
0s
0r
1y
1c
0i
#34514082882
1t
0s
0r
1y
1c
0i
#34514083539
0t
0s
0r
1y
1c
0i
#34514083956
1t
0s
0r
1y
1c
0i
#34514084613
0t
0s
0r
1y
1c
0i
#34514085028
1t
0s
0r
1y
1c
0i
#34514085687
0t
0s
0r
1y
1c
0i
#34514086100
1t
0s
0r
1y
1c
0i
#34514086752
0t
0s
0r
1y
1c
0i
#34514087167
1t
0s
0r
1y
1c
0i
#34514087820
0t
0s
0r
1y
1c
0i
#34514088233
1t
0s
0r
1y
1c
0i
#34514088887
0t
0s
0r
1y
1c
0i
#34514089301
1t
0s
0r
1y
1c
0i
#34514089949
0t
0s
0r
1y
1c
0i
#34514090365
1t
0s
0r
1y
1c
0i
#34514091015
0t
0s
0r
1y
1c
0i
#34514091429
1t
0s
0r
1y
1c
0i
#34514092083
0t
0s
0r
1y
1c
0i
#34514092496
1t
0s
0r
1y
1c
0i
#34514094191
0t
0s
0r
1y
1c
0i
#34514095382
1t
0s
0r
1y
1c
0i
#34514096357
0t
0s
0r
1y
1c
0i
#34514096758
1t
0s
0r
1y
1c
0i
#34514097415
0t
0s
0r
1y
1c
0i
#34514097826
1t
0s
0r
1y
1c
0i
#34514098480
0t
0s
0r
1y
1c
0i
#34514098892
1t
0s
0r
1y
1c
0i
#34514099545
0t
0s
0r
1y
1c
0i
#34514099959
1t
0s
0r
1y
1c
0i
#34514100612
0t
0s
0r
1y
1c
0i
#34514101024
1t
0s
0r
1y
1c
0i
#34514101679
0t
0s
0r
1y
1c
0i
#34514102090
1t
0s
0r
1y
1c
0i
#34514102741
0t
0s
0r
1y
1c
0i
#34514103154
1t
0s
0r
1y
1c
0i
#34514103807
0t
0s
0r
1y
1c
0i
#34514104218
1t
0s
0r
1y
1c
0i
#34514104873
0t
0s
0r
1y
1c
0i
#34514105286
1t
0s
0r
1y
1c
0i
#34514105937
0t
0s
0r
1y
1c
0i
#34514106350
1t
0s
0r
1y
1c
0i
#34514107004
0t
0s
0r
1y
0c
0i
#34514107417
1t
0s
0r
1y
0c
0i
#34514108075
0t
0s
0r
1y
0c
0i
#34514108487
1t
0s
0r
1y
0c
1i
#34514109142
0t
0s
0r
1y
0c
1i
#34514109556
1t
0s
0r
1y
0c
1i
#34514110212
0t
0s
0r
1y
0c
1i
#34514110627
1t
0s
0r
1y
0c
1i
#34514111287
0t
0s
0r
1y
0c
0i
#34514111699
1t
0s
0r
1y
0c
0i
#34514112355
0t
0s
0r
1y
0c
0i
#34514112770
1t
0s
0r
1y
0c
0i
#34514113427
0t
0s
0r
1y
0c
0i
#34514113840
1t
0s
0r
1y
0c
0i
#34514114500
0t
0s
0r
1y
0c
0i
#34514114911
1t
0s
0r
1y
0c
0i
#34514115565
0t
0s
0r
1y
0c
0i
#34514115979
1t
0s
0r
1y
0c
0i
#34514116633
0t
0s
0r
1y
0c
0i
#34514117045
1t
0s
0r
1y
0c
0i
#34514117701
0t
0s
0r
1y
0c
0i
#34514118110
1t
0s
0r
1y
0c
0i
#34514118761
0t
0s
0r
1y
0c
0i
#34514119171
1t
0s
0r
1y
0c
0i
#34514119823
0t
0s
0r
1y
0c
0i
#34514120231
1t
0s
0r
1y
0c
0i
#34514120884
0t
0s
0r
1y
0c
0i
#34514121291
1t
0s
0r
1y
0c
0i
#34514121939
0t
0s
0r
1y
0c
0i
#34514122348
1t
0s
0r
1y
0c
0i
#34514122999
0t
0s
0r
1y
0c
0i
#34514123406
1t
0s
0r
1y
0c
0i
#34514124060
0t
0s
0r
1y
0c
0i
#34514124467
1t
0s
0r
1y
0c
0i
#34514125117
0t
0s
0r
1y
0c
0i
#34514125526
1t
0s
0r
1y
0c
0i
#34514126176
0t
0s
0r
1y
0c
0i
#34514126587
1t
0s
0r
1y
0c
0i
#34514127239
0t
0s
0r
1y
0c
0i
#34514127648
1t
0s
0r
1y
0c
0i
#34514128297
0t
0s
0r
1y
0c
0i
#34514128708
1t
0s
0r
1y
0c
0i
#34514129359
0t
0s
0r
1y
0c
0i
#34514129768
1t
0s
0r
1y
0c
0i
#34514130422
0t
0s
0r
1y
0c
0i
#34514130831
1t
0s
0r
1y
0c
0i
#34514131479
0t
0s
0r
1y
0c
0i
#34514131891
1t
0s
0r
1y
0c
0i
#34514132540
0t
0s
0r
1y
0c
0i
#34514132950
1t
0s
0r
1y
0c
0i
#34514133602
0t
0s
0r
1y
0c
0i
#34514134012
1t
0s
0r
1y
0c
0i
#34514134660
0t
0s
0r
1y
0c
0i
#34514135070
1t
0s
0r
1y
0c
0i
#34514135720
0t
0s
0r
1y
0c
0i
#34514136130
1t
0s
0r
1y
0c
0i
#34514136781
0t
0s
0r
1y
0c
0i
#34514137193
1t
0s
0r
1y
0c
0i
#34514137839
0t
0s
0r
1y
0c
0i
#34514138252
1t
0s
0r
1y
0c
0i
#34514138902
0t
0s
0r
1y
1c
0i
#34514139314
1t
0s
0r
1y
1c
0i
#34514139969
0t
0s
0r
1y
1c
0i
#34514140379
1t
0s
0r
1y
1c
1i
#34514141031
0t
0s
0r
1y
1c
1i
#34514141444
1t
0s
0r
1y
1c
1i
#34514142098
0t
0s
0r
1y
1c
1i
#34514142510
1t
0s
0r
1y
1c
1i
#34514143167
0t
0s
0r
1y
1c
0i
#34514143579
1t
0s
0r
1y
1c
0i
#34514144231
0t
0s
0r
1y
1c
0i
#34514144644
1t
0s
0r
1y
1c
0i
#34514145298
0t
0s
0r
1y
1c
0i
#34514145710
1t
0s
0r
1y
1c
0i
#34514146366
0t
0s
0r
1y
1c
0i
#34514146777
1t
0s
0r
1y
1c
0i
#34514147427
0t
0s
0r
1y
1c
0i
#34514147842
1t
0s
0r
1y
1c
0i
#34514148492
0t
0s
0r
1y
1c
0i
#34514148905
1t
0s
0r
1y
1c
0i
#34514149558
0t
0s
0r
1y
1c
0i
#34514149969
1t
0s
0r
1y
1c
0i
#34514150617
0t
0s
0r
1y
1c
0i
#34514151029
1t
0s
0r
1y
1c
0i
#34514151678
0t
0s
0r
1y
1c
0i
#34514152089
1t
0s
0r
1y
1c
0i
#34514152739
0t
0s
0r
1y
1c
0i
#34514153151
1t
0s
0r
1y
1c
0i
#34514153796
0t
0s
0r
1y
1c
0i
#34514154209
1t
0s
0r
1y
1c
0i
#34514154856
0t
0s
0r
1y
1c
0i
#34514155268
1t
0s
0r
1y
1c
0i
#34514155917
0t
0s
0r
1y
1c
0i
#34514156328
1t
0s
0r
1y
1c
0i
#34514158012
0t
0s
0r
1y
1c
0i
#34514159196
1t
0s
0r
1y
1c
0i
#34514160164
0t
0s
0r
1y
1c
0i
#34514160562
1t
0s
0r
1y
1c
0i
#34514161214
0t
0s
0r
1y
1c
0i
#34514161623
1t
0s
0r
1y
1c
0i
#34514162272
0t
0s
0r
1y
1c
0i
#34514162681
1t
0s
0r
1y
1c
0i
#34514163329
0t
0s
0r
1y
1c
0i
#34514163740
1t
0s
0r
1y
1c
0i
#34514164388
0t
0s
0r
1y
1c
0i
#34514164798
1t
0s
0r
1y
1c
0i
#34514165448
0t
0s
0r
1y
1c
0i
#34514165856
1t
0s
0r
1y
1c
0i
#34514166503
0t
0s
0r
1y
1c
0i
#34514166912
1t
0s
0r
1y
1c
0i
#34514167560
0t
0s
0r
1y
1c
0i
#34514167969
1t
0s
0r
1y
1c
0i
#34514168619
0t
0s
0r
1y
1c
0i
#34514169029
1t
0s
0r
1y
1c
0i
#34514169676
0t
0s
0r
1y
0c
0i
#34514170087
1t
0s
0r
1y
0c
0i
#34514170735
0t
0s
0r
1y
0c
0i
#34514171146
1t
0s
0r
1y
0c
0i
#34514171799
0t
0s
0r
1y
0c
0i
#34514172209
1t
0s
0r
1y
0c
1i
#34514172860
0t
0s
0r
1y
0c
1i
#34514173271
1t
0s
0r
1y
0c
1i
#34514173924
0t
0s
0r
1y
0c
1i
#34514174336
1t
0s
0r
1y
0c
1i
#34514174489
1t
0s
1r
1y
0c
1i
#34514174492
1t
0s
0r
1y
0c
1i
#34514174992
0t
0s
0r
1y
0c
0i
#34514175402
1t
0s
0r
1y
0c
0i
#34514176054
0t
0s
0r
1y
0c
0i
#34514176465
1t
0s
0r
1y
0c
0i
#34514177118
0t
0s
0r
1y
0c
0i
#34514177528
1t
0s
0r
1y
0c
0i
#34514178183
0t
0s
0r
1y
0c
0i
#34514178590
1t
0s
0r
1y
0c
0i
#34514179239
0t
0s
0r
1y
0c
0i
#34514179648
1t
0s
0r
1y
0c
0i
#34514180295
0t
0s
0r
1y
0c
0i
#34514180702
1t
0s
0r
1y
0c
0i
#34514181350
0t
0s
0r
1y
0c
0i
#34514181755
1t
0s
0r
1y
0c
0i
#34514182398
0t
0s
0r
1y
0c
0i
#34514182804
1t
0s
0r
1y
0c
0i
#34514183447
0t
0s
0r
1y
0c
0i
#34514183851
1t
0s
0r
1y
0c
0i
#34514184498
0t
0s
0r
1y
0c
0i
#34514184900
1t
0s
0r
1y
0c
0i
#34514185542
0t
0s
0r
1y
0c
0i
#34514185947
1t
0s
0r
1y
0c
0i
#34514186592
0t
0s
0r
1y
0c
0i
#34514186996
1t
0s
0r
1y
0c
0i
#34514187643
0t
0s
0r
1y
0c
0i
#34514188047
1t
0s
0r
1y
0c
0i
#34514188691
0t
0s
0r
1y
0c
0i
#34514189097
1t
0s
0r
1y
0c
0i
#34514189741
0t
0s
0r
1y
0c
0i
#34514190149
1t
0s
0r
1y
0c
0i
#34514190796
0t
0s
0r
1y
0c
0i
#34514191202
1t
0s
0r
1y
0c
0i
#34514191845
0t
0s
0r
1y
0c
0i
#34514192253
1t
0s
0r
1y
0c
0i
#34514192898
0t
0s
0r
1y
0c
0i
#34514193305
1t
0s
0r
1y
0c
0i
#34514193953
0t
0s
0r
1y
0c
0i
#34514194359
1t
0s
0r
1y
0c
0i
#34514195002
0t
0s
0r
1y
0c
0i
#34514195411
1t
0s
0r
1y
0c
0i
#34514196055
0t
0s
0r
1y
0c
0i
#34514196463
1t
0s
0r
1y
0c
0i
#34514197110
0t
0s
0r
1y
0c
0i
#34514197516
1t
0s
0r
1y
0c
0i
#34514198160
0t
0s
0r
1y
0c
0i
#34514198568
1t
0s
0r
1y
0c
0i
#34514199212
0t
0s
0r
1y
0c
0i
#34514199620
1t
0s
0r
1y
0c
0i
#34514200267
0t
0s
0r
1y
0c
0i
#34514200675
1t
0s
0r
1y
0c
0i
#34514201318
0t
0s
0r
1y
0c
0i
#34514201728
1t
0s
0r
1y
0c
0i
#34514202373
0t
0s
0r
1y
1c
0i
#34514202783
1t
0s
0r
1y
1c
0i
#34514203433
0t
0s
0r
1y
1c
0i
#34514203841
1t
0s
0r
1y
1c
1i
#34514204488
0t
0s
0r
1y
1c
1i
#34514204899
1t
0s
0r
1y
1c
1i
#34514205549
0t
0s
0r
1y
1c
1i
#34514205959
1t
0s
0r
1y
1c
1i
#34514206612
0t
0s
0r
1y
1c
0i
#34514207021
1t
0s
0r
1y
1c
0i
#34514207669
0t
0s
0r
1y
1c
0i
#34514208080
1t
0s
0r
1y
1c
0i
#34514208729
0t
0s
0r
1y
1c
0i
#34514209139
1t
0s
0r
1y
1c
0i
#34514209792
0t
0s
0r
1y
1c
0i
#34514210201
1t
0s
0r
1y
1c
0i
#34514210847
0t
0s
0r
1y
1c
0i
#34514211260
1t
0s
0r
1y
1c
0i
#34514211907
0t
0s
0r
1y
1c
0i
#34514212319
1t
0s
0r
1y
1c
0i
#34514212969
0t
0s
0r
1y
1c
0i
#34514213378
1t
0s
0r
1y
1c
0i
#34514214024
0t
0s
0r
1y
1c
0i
#34514214436
1t
0s
0r
1y
1c
0i
#34514215082
0t
0s
0r
1y
1c
0i
#34514215493
1t
0s
0r
1y
1c
0i
#34514216141
0t
0s
0r
1y
1c
0i
#34514216552
1t
0s
0r
1y
1c
0i
#34514217195
0t
0s
0r
1y
1c
0i
#34514217608
1t
0s
0r
1y
1c
0i
#34514218253
0t
0s
0r
1y
1c
0i
#34514218664
1t
0s
0r
1y
1c
0i
#34514219312
0t
0s
0r
1y
1c
0i
#34514219721
1t
0s
0r
1y
1c
0i
#34514221399
0t
0s
0r
1y
1c
0i
#34514222579
1t
0s
0r
1y
1c
0i
#34514223544
0t
0s
0r
1y
1c
0i
#34514223941
1t
0s
0r
1y
1c
0i
#34514224589
0t
0s
0r
1y
1c
0i
#34514224997
1t
0s
0r
1y
1c
0i
#34514225644
0t
0s
0r
1y
1c
0i
#34514226052
1t
0s
0r
1y
1c
0i
#34514226698
0t
0s
0r
1y
1c
0i
#34514227108
1t
0s
0r
1y
1c
0i
#34514227753
0t
0s
0r
1y
1c
0i
#34514228162
1t
0s
0r
1y
1c
0i
#34514228811
0t
0s
0r
1y
1c
0i
#34514229217
1t
0s
0r
1y
1c
0i
#34514229862
0t
0s
0r
1y
1c
0i
#34514230271
1t
0s
0r
1y
1c
0i
#34514230917
0t
0s
0r
1y
1c
0i
#34514231325
1t
0s
0r
1y
1c
0i
#34514231972
0t
0s
0r
1y
1c
0i
#34514232382
1t
0s
0r
1y
1c
0i
#34514233026
0t
0s
0r
1y
1c
0i
#34514233436
1t
0s
0r
1y
1c
0i
#34514234083
0t
0s
0r
1y
0c
0i
#34514234492
1t
0s
0r
1y
0c
0i
#34514235143
0t
0s
0r
1y
0c
0i
#34514235551
1t
0s
0r
1y
0c
1i
#34514236200
0t
0s
0r
1y
0c
1i
#34514236610
1t
0s
0r
1y
0c
1i
#34514237259
0t
0s
0r
1y
0c
1i
#34514237670
1t
0s
0r
1y
0c
1i
#34514238323
0t
0s
0r
1y
0c
0i
#34514238732
1t
0s
0r
1y
0c
0i
#34514239381
0t
0s
0r
1y
0c
0i
#34514239791
1t
0s
0r
1y
0c
0i
#34514240441
0t
0s
0r
1y
0c
0i
#34514240850
1t
0s
0r
1y
0c
0i
#34514241502
0t
0s
0r
1y
0c
0i
#34514241909
1t
0s
0r
1y
0c
0i
#34514242557
0t
0s
0r
1y
0c
0i
#34514242966
1t
0s
0r
1y
0c
0i
#34514243613
0t
0s
0r
1y
0c
0i
#34514244021
1t
0s
0r
1y
0c
0i
#34514244670
0t
0s
0r
1y
0c
0i
#34514245076
1t
0s
0r
1y
0c
0i
#34514245721
0t
0s
0r
1y
0c
0i
#34514246127
1t
0s
0r
1y
0c
0i
#34514246772
0t
0s
0r
1y
0c
0i
#34514247178
1t
0s
0r
1y
0c
0i
#34514247825
0t
0s
0r
1y
0c
0i
#34514248229
1t
0s
0r
1y
0c
0i
#34514248872
0t
0s
0r
1y
0c
0i
#34514249277
1t
0s
0r
1y
0c
0i
#34514249922
0t
0s
0r
1y
0c
0i
#34514250327
1t
0s
0r
1y
0c
0i
#34514250975
0t
0s
0r
1y
0c
0i
#34514251378
1t
0s
0r
1y
0c
0i
#34514252023
0t
0s
0r
1y
0c
0i
#34514252429
1t
0s
0r
1y
0c
0i
#34514253073
0t
0s
0r
1y
0c
0i
#34514253481
1t
0s
0r
1y
0c
0i
#34514254128
0t
0s
0r
1y
0c
0i
#34514254534
1t
0s
0r
1y
0c
0i
#34514255177
0t
0s
0r
1y
0c
0i
#34514255584
1t
0s
0r
1y
0c
0i
#34514256229
0t
0s
0r
1y
0c
0i
#34514256636
1t
0s
0r
1y
0c
0i
#34514257284
0t
0s
0r
1y
0c
0i
#34514257689
1t
0s
0r
1y
0c
0i
#34514258332
0t
0s
0r
1y
0c
0i
#34514258740
1t
0s
0r
1y
0c
0i
#34514259384
0t
0s
0r
1y
0c
0i
#34514259792
1t
0s
0r
1y
0c
0i
#34514260438
0t
0s
0r
1y
0c
0i
#34514260844
1t
0s
0r
1y
0c
0i
#34514261486
0t
0s
0r
1y
0c
0i
#34514261894
1t
0s
0r
1y
0c
0i
#34514262538
0t
0s
0r
1y
0c
0i
#34514262945
1t
0s
0r
1y
0c
0i
#34514263590
0t
0s
0r
1y
0c
0i
#34514263999
1t
0s
0r
1y
0c
0i
#34514264640
0t
0s
0r
1y
0c
0i
#34514265050
1t
0s
0r
1y
0c
0i
#34514265695
0t
0s
0r
1y
1c
0i
#34514266103
1t
0s
0r
1y
1c
0i
#34514266752
0t
0s
0r
1y
1c
0i
#34514267160
1t
0s
0r
1y
1c
1i
#34514267806
0t
0s
0r
1y
1c
1i
#34514268216
1t
0s
0r
1y
1c
1i
#34514268864
0t
0s
0r
1y
1c
1i
#34514269274
1t
0s
0r
1y
1c
1i
#34514269926
0t
0s
0r
1y
1c
0i
#34514270334
1t
0s
0r
1y
1c
0i
#34514270981
0t
0s
0r
1y
1c
0i
#34514271392
1t
0s
0r
1y
1c
0i
#34514272040
0t
0s
0r
1y
1c
0i
#34514272450
1t
0s
0r
1y
1c
0i
#34514273101
0t
0s
0r
1y
1c
0i
#34514273509
1t
0s
0r
1y
1c
0i
#34514274155
0t
0s
0r
1y
1c
0i
#34514274566
1t
0s
0r
1y
1c
0i
#34514275211
0t
0s
0r
1y
1c
0i
#34514275621
1t
0s
0r
1y
1c
0i
#34514276269
0t
0s
0r
1y
1c
0i
#34514276677
1t
0s
0r
1y
1c
0i
#34514277320
0t
0s
0r
1y
1c
0i
#34514277730
1t
0s
0r
1y
1c
0i
#34514278373
0t
0s
0r
1y
1c
0i
#34514278782
1t
0s
0r
1y
1c
0i
#34514279427
0t
0s
0r
1y
1c
0i
#34514279835
1t
0s
0r
1y
1c
0i
#34514280475
0t
0s
0r
1y
1c
0i
#34514280886
1t
0s
0r
1y
1c
0i
#34514281527
0t
0s
0r
1y
1c
0i
#34514281936
1t
0s
0r
1y
1c
0i
#34514282581
0t
0s
0r
1y
1c
0i
#34514282988
1t
0s
0r
1y
1c
0i
#34514284659
0t
0s
0r
1y
1c
0i
#34514285833
1t
0s
0r
1y
1c
0i
#34514286795
0t
0s
0r
1y
1c
0i
#34514287191
1t
0s
0r
1y
1c
0i
#34514287838
0t
0s
0r
1y
1c
0i
#34514288244
1t
0s
0r
1y
1c
0i
#34514288889
0t
0s
0r
1y
1c
0i
#34514289296
1t
0s
0r
1y
1c
0i
#34514289939
0t
0s
0r
1y
1c
0i
#34514290348
1t
0s
0r
1y
1c
0i
#34514290991
0t
0s
0r
1y
1c
0i
#34514291399
1t
0s
0r
1y
1c
0i
#34514292045
0t
0s
0r
1y
1c
0i
#34514292450
1t
0s
0r
1y
1c
0i
#34514293092
0t
0s
0r
1y
1c
0i
#34514293499
1t
0s
0r
1y
1c
0i
#34514294143
0t
0s
0r
1y
1c
0i
#34514294549
1t
0s
0r
1y
1c
0i
#34514295194
0t
0s
0r
1y
1c
0i
#34514295602
1t
0s
0r
1y
1c
0i
#34514296243
0t
0s
0r
1y
1c
0i
#34514296652
1t
0s
0r
1y
1c
0i
#34514297295
0t
0s
0r
1y
0c
0i
#34514297703
1t
0s
0r
1y
0c
0i
#34514298351
0t
0s
0r
1y
0c
0i
#34514298757
1t
0s
0r
1y
0c
1i
#34514299402
0t
0s
0r
1y
0c
1i
#34514299811
1t
0s
0r
1y
0c
1i
#34514300457
0t
0s
0r
1y
0c
1i
#34514300866
1t
0s
0r
1y
0c
1i
#34514300969
1t
0s
1r
1y
0c
1i
#34514300971
1t
0s
0r
1y
0c
1i
#34514301516
0t
0s
0r
1y
0c
0i
#34514301924
1t
0s
0r
1y
0c
0i
#34514302570
0t
0s
0r
1y
0c
0i
#34514302978
1t
0s
0r
1y
0c
0i
#34514303625
0t
0s
0r
1y
0c
0i
#34514304033
1t
0s
0r
1y
0c
0i
#34514304683
0t
0s
0r
1y
0c
0i
#34514305089
1t
0s
0r
1y
0c
0i
#34514305735
0t
0s
0r
1y
0c
0i
#34514306145
1t
0s
0r
1y
0c
0i
#34514306791
0t
0s
0r
1y
0c
0i
#34514307200
1t
0s
0r
1y
0c
0i
#34514307851
0t
0s
0r
1y
0c
0i
#34514308257
1t
0s
0r
1y
0c
0i
#34514308906
0t
0s
0r
1y
0c
0i
#34514309314
1t
0s
0r
1y
0c
0i
#34514309964
0t
0s
0r
1y
0c
0i
#34514310372
1t
0s
0r
1y
0c
0i
#34514311027
0t
0s
0r
1y
0c
0i
#34514311433
1t
0s
0r
1y
0c
0i
#34514312084
0t
0s
0r
1y
0c
0i
#34514312493
1t
0s
0r
1y
0c
0i
#34514313145
0t
0s
0r
1y
0c
0i
#34514313554
1t
0s
0r
1y
0c
0i
#34514314210
0t
0s
0r
1y
0c
0i
#34514314618
1t
0s
0r
1y
0c
0i
#34514315270
0t
0s
0r
1y
0c
0i
#34514315680
1t
0s
0r
1y
0c
0i
#34514316333
0t
0s
0r
1y
0c
0i
#34514316744
1t
0s
0r
1y
0c
0i
#34514317400
0t
0s
0r
1y
0c
0i
#34514317809
1t
0s
0r
1y
0c
0i
#34514318460
0t
0s
0r
1y
0c
0i
#34514318871
1t
0s
0r
1y
0c
0i
#34514319525
0t
0s
0r
1y
0c
0i
#34514319935
1t
0s
0r
1y
0c
0i
#34514320591
0t
0s
0r
1y
0c
0i
#34514321000
1t
0s
0r
1y
0c
0i
#34514321651
0t
0s
0r
1y
0c
0i
#34514322063
1t
0s
0r
1y
0c
0i
#34514322714
0t
0s
0r
1y
0c
0i
#34514323126
1t
0s
0r
1y
0c
0i
#34514323780
0t
0s
0r
1y
0c
0i
#34514324190
1t
0s
0r
1y
0c
0i
#34514324840
0t
0s
0r
1y
0c
0i
#34514325252
1t
0s
0r
1y
0c
0i
#34514325904
0t
0s
0r
1y
0c
0i
#34514326316
1t
0s
0r
1y
0c
0i
#34514326970
0t
0s
0r
1y
0c
0i
#34514327382
1t
0s
0r
1y
0c
0i
#34514328032
0t
0s
0r
1y
0c
0i
#34514328446
1t
0s
0r
1y
0c
0i
#34514329099
0t
0s
0r
1y
1c
0i
#34514329512
1t
0s
0r
1y
1c
0i
#34514330169
0t
0s
0r
1y
1c
0i
#34514330581
1t
0s
0r
1y
1c
1i
#34514331235
0t
0s
0r
1y
1c
1i
#34514331650
1t
0s
0r
1y
1c
1i
#34514332306
0t
0s
0r
1y
1c
1i
#34514332720
1t
0s
0r
1y
1c
1i
#34514333380
0t
0s
0r
1y
1c
0i
#34514333792
1t
0s
0r
1y
1c
0i
#34514334447
0t
0s
0r
1y
1c
0i
#34514334862
1t
0s
0r
1y
1c
0i
#34514335518
0t
0s
0r
1y
1c
0i
#34514335931
1t
0s
0r
1y
1c
0i
#34514336590
0t
0s
0r
1y
1c
0i
#34514337002
1t
0s
0r
1y
1c
0i
#34514337655
0t
0s
0r
1y
1c
0i
#34514338071
1t
0s
0r
1y
1c
0i
#34514338724
0t
0s
0r
1y
1c
0i
#34514339139
1t
0s
0r
1y
1c
0i
#34514339795
0t
0s
0r
1y
1c
0i
#34514340208
1t
0s
0r
1y
1c
0i
#34514340860
0t
0s
0r
1y
1c
0i
#34514341274
1t
0s
0r
1y
1c
0i
#34514341926
0t
0s
0r
1y
1c
0i
#34514342340
1t
0s
0r
1y
1c
0i
#34514342994
0t
0s
0r
1y
1c
0i
#34514343408
1t
0s
0r
1y
1c
0i
#34514344057
0t
0s
0r
1y
1c
0i
#34514344473
1t
0s
0r
1y
1c
0i
#34514345124
0t
0s
0r
1y
1c
0i
#34514345538
1t
0s
0r
1y
1c
0i
#34514346191
0t
0s
0r
1y
1c
0i
#34514346604
1t
0s
0r
1y
1c
0i
#34514348298
0t
0s
0r
1y
1c
0i
#34514349489
1t
0s
0r
1y
1c
0i
#34514350463
0t
0s
0r
1y
1c
0i
#34514350863
1t
0s
0r
1y
1c
0i
#34514351519
0t
0s
0r
1y
1c
0i
#34514351930
1t
0s
0r
1y
1c
0i
#34514352584
0t
0s
0r
1y
1c
0i
#34514352995
1t
0s
0r
1y
1c
0i
#34514353648
0t
0s
0r
1y
1c
0i
#34514354061
1t
0s
0r
1y
1c
0i
#34514354714
0t
0s
0r
1y
1c
0i
#34514355125
1t
0s
0r
1y
1c
0i
#34514355780
0t
0s
0r
1y
1c
0i
#34514356190
1t
0s
0r
1y
1c
0i
#34514356841
0t
0s
0r
1y
1c
0i
#34514357253
1t
0s
0r
1y
1c
0i
#34514357906
0t
0s
0r
1y
1c
0i
#34514358316
1t
0s
0r
1y
1c
0i
#34514358971
0t
0s
0r
1y
1c
0i
#34514359383
1t
0s
0r
1y
1c
0i
#34514360033
0t
0s
0r
1y
1c
0i
#34514360447
1t
0s
0r
1y
1c
0i
#34514361100
0t
0s
0r
1y
0c
0i
#34514361512
1t
0s
0r
1y
0c
0i
#34514362170
0t
0s
0r
1y
0c
0i
#34514362581
1t
0s
0r
1y
0c
1i
#34514363236
0t
0s
0r
1y
0c
1i
#34514363649
1t
0s
0r
1y
0c
1i
#34514364305
0t
0s
0r
1y
0c
1i
#34514364719
1t
0s
0r
1y
0c
1i
#34514365379
0t
0s
0r
1y
0c
0i
#34514365791
1t
0s
0r
1y
0c
0i
#34514366447
0t
0s
0r
1y
0c
0i
#34514366861
1t
0s
0r
1y
0c
0i
#34514367518
0t
0s
0r
1y
0c
0i
#34514367931
1t
0s
0r
1y
0c
0i
#34514368591
0t
0s
0r
1y
0c
0i
#34514369002
1t
0s
0r
1y
0c
0i
#34514369658
0t
0s
0r
1y
0c
0i
#34514370073
1t
0s
0r
1y
0c
0i
#34514370729
0t
0s
0r
1y
0c
0i
#34514371143
1t
0s
0r
1y
0c
0i
#34514371803
0t
0s
0r
1y
0c
0i
#34514372215
1t
0s
0r
1y
0c
0i
#34514372872
0t
0s
0r
1y
0c
0i
#34514373285
1t
0s
0r
1y
0c
0i
#34514373945
0t
0s
0r
1y
0c
0i
#34514374357
1t
0s
0r
1y
0c
0i
#34514375020
0t
0s
0r
1y
0c
0i
#34514375431
1t
0s
0r
1y
0c
0i
#34514376090
0t
0s
0r
1y
0c
0i
#34514376503
1t
0s
0r
1y
0c
0i
#34514377164
0t
0s
0r
1y
0c
0i
#34514377577
1t
0s
0r
1y
0c
0i
#34514378241
0t
0s
0r
1y
0c
0i
#34514378653
1t
0s
0r
1y
0c
0i
#34514379313
0t
0s
0r
1y
0c
0i
#34514379727
1t
0s
0r
1y
0c
0i
#34514380387
0t
0s
0r
1y
0c
0i
#34514380803
1t
0s
0r
1y
0c
0i
#34514381464
0t
0s
0r
1y
0c
0i
#34514381878
1t
0s
0r
1y
0c
0i
#34514382537
0t
0s
0r
1y
0c
0i
#34514382951
1t
0s
0r
1y
0c
0i
#34514383611
0t
0s
0r
1y
0c
0i
#34514384025
1t
0s
0r
1y
0c
0i
#34514384687
0t
0s
0r
1y
0c
0i
#34514385100
1t
0s
0r
1y
0c
0i
#34514385757
0t
0s
0r
1y
0c
0i
#34514386172
1t
0s
0r
1y
0c
0i
#34514386830
0t
0s
0r
1y
0c
0i
#34514387245
1t
0s
0r
1y
0c
0i
#34514387906
0t
0s
0r
1y
0c
0i
#34514388319
1t
0s
0r
1y
0c
0i
#34514388976
0t
0s
0r
1y
0c
0i
#34514389390
1t
0s
0r
1y
0c
0i
#34514390048
0t
0s
0r
1y
0c
0i
#34514390463
1t
0s
0r
1y
0c
0i
#34514391123
0t
0s
0r
1y
0c
0i
#34514391539
1t
0s
0r
1y
0c
0i
#34514392195
0t
0s
0r
1y
0c
0i
#34514392612
1t
0s
0r
1y
0c
0i
#34514393271
0t
0s
0r
1y
1c
0i
#34514393688
1t
0s
0r
1y
1c
0i
#34514394352
0t
0s
0r
1y
1c
0i
#34514394767
1t
0s
0r
1y
1c
1i
#34514395427
0t
0s
0r
1y
1c
1i
#34514395845
1t
0s
0r
1y
1c
1i
#34514396508
0t
0s
0r
1y
1c
1i
#34514396925
1t
0s
0r
1y
1c
1i
#34514397591
0t
0s
0r
1y
1c
0i
#34514398008
1t
0s
0r
1y
1c
0i
#34514398669
0t
0s
0r
1y
1c
0i
#34514399087
1t
0s
0r
1y
1c
0i
#34514399750
0t
0s
0r
1y
1c
0i
#34514400167
1t
0s
0r
1y
1c
0i
#34514400832
0t
0s
0r
1y
1c
0i
#34514401248
1t
0s
0r
1y
1c
0i
#34514401907
0t
0s
0r
1y
1c
0i
#34514402326
1t
0s
0r
1y
1c
0i
#34514402987
0t
0s
0r
1y
1c
0i
#34514403405
1t
0s
0r
1y
1c
0i
#34514404068
0t
0s
0r
1y
1c
0i
#34514404484
1t
0s
0r
1y
1c
0i
#34514405143
0t
0s
0r
1y
1c
0i
#34514405561
1t
0s
0r
1y
1c
0i
#34514406222
0t
0s
0r
1y
1c
0i
#34514406639
1t
0s
0r
1y
1c
0i
#34514407302
0t
0s
0r
1y
1c
0i
#34514407720
1t
0s
0r
1y
1c
0i
#34514408378
0t
0s
0r
1y
1c
0i
#34514408797
1t
0s
0r
1y
1c
0i
#34514409457
0t
0s
0r
1y
1c
0i
#34514409876
1t
0s
0r
1y
1c
0i
#34514410539
0t
0s
0r
1y
1c
0i
#34514410956
1t
0s
0r
1y
1c
0i
#34514412672
0t
0s
0r
1y
1c
0i
#34514413875
1t
0s
0r
1y
1c
0i
#34514414863
0t
0s
0r
1y
1c
0i
#34514415267
1t
0s
0r
1y
1c
0i
#34514415931
0t
0s
0r
1y
1c
0i
#34514416346
1t
0s
0r
1y
1c
0i
#34514417008
0t
0s
0r
1y
1c
0i
#34514417423
1t
0s
0r
1y
1c
0i
#34514418084
0t
0s
0r
1y
1c
0i
#34514418502
1t
0s
0r
1y
1c
0i
#34514419162
0t
0s
0r
1y
1c
0i
#34514419578
1t
0s
0r
1y
1c
0i
#34514420241
0t
0s
0r
1y
1c
0i
#34514420656
1t
0s
0r
1y
1c
0i
#34514421315
0t
0s
0r
1y
1c
0i
#34514421731
1t
0s
0r
1y
1c
0i
#34514422392
0t
0s
0r
1y
1c
0i
#34514422807
1t
0s
0r
1y
1c
0i
#34514423470
0t
0s
0r
1y
1c
0i
#34514423887
1t
0s
0r
1y
1c
0i
#34514424546
0t
0s
0r
1y
0c
0i
#34514424964
1t
0s
0r
1y
0c
0i
#34514425625
0t
0s
0r
1y
0c
0i
#34514426043
1t
0s
0r
1y
0c
0i
#34514426709
0t
0s
0r
1y
0c
0i
#34514427125
1t
0s
0r
1y
0c
1i
#34514427789
0t
0s
0r
1y
0c
1i
#34514428206
1t
0s
0r
1y
0c
1i
#34514428872
0t
0s
0r
1y
0c
1i
#34514429179
0t
0s
1r
1y
0c
1i
#34514429181
0t
0s
0r
1y
0c
1i
#34514429291
1t
0s
0r
1y
0c
1i
#34514429960
0t
0s
0r
1y
0c
0i
#34514430376
1t
0s
0r
1y
0c
0i
#34514431042
0t
0s
0r
1y
0c
0i
#34514431460
1t
0s
0r
1y
0c
0i
#34514432126
0t
0s
0r
1y
0c
0i
#34514432543
1t
0s
0r
1y
0c
0i
#34514433211
0t
0s
0r
1y
0c
0i
#34514433627
1t
0s
0r
1y
0c
0i
#34514434290
0t
0s
0r
1y
0c
0i
#34514434708
1t
0s
0r
1y
0c
0i
#34514435371
0t
0s
0r
1y
0c
0i
#34514435788
1t
0s
0r
1y
0c
0i
#34514436453
0t
0s
0r
1y
0c
0i
#34514436867
1t
0s
0r
1y
0c
0i
#34514437529
0t
0s
0r
1y
0c
0i
#34514437944
1t
0s
0r
1y
0c
0i
#34514438605
0t
0s
0r
1y
0c
0i
#34514439019
1t
0s
0r
1y
0c
0i
#34514439684
0t
0s
0r
1y
0c
0i
#34514440095
1t
0s
0r
1y
0c
0i
#34514440755
0t
0s
0r
1y
0c
0i
#34514441168
1t
0s
0r
1y
0c
0i
#34514441830
0t
0s
0r
1y
0c
0i
#34514442243
1t
0s
0r
1y
0c
0i
#34514442907
0t
0s
0r
1y
0c
0i
#34514443319
1t
0s
0r
1y
0c
0i
#34514443979
0t
0s
0r
1y
0c
0i
#34514444393
1t
0s
0r
1y
0c
0i
#34514445054
0t
0s
0r
1y
0c
0i
#34514445470
1t
0s
0r
1y
0c
0i
#34514446133
0t
0s
0r
1y
0c
0i
#34514446547
1t
0s
0r
1y
0c
0i
#34514447207
0t
0s
0r
1y
0c
0i
#34514447622
1t
0s
0r
1y
0c
0i
#34514448283
0t
0s
0r
1y
0c
0i
#34514448698
1t
0s
0r
1y
0c
0i
#34514449363
0t
0s
0r
1y
0c
0i
#34514449776
1t
0s
0r
1y
0c
0i
#34514450435
0t
0s
0r
1y
0c
0i
#34514450852
1t
0s
0r
1y
0c
0i
#34514451512
0t
0s
0r
1y
0c
0i
#34514451928
1t
0s
0r
1y
0c
0i
#34514452591
0t
0s
0r
1y
0c
0i
#34514453006
1t
0s
0r
1y
0c
0i
#34514453664
0t
0s
0r
1y
0c
0i
#34514454081
1t
0s
0r
1y
0c
0i
#34514454741
0t
0s
0r
1y
0c
0i
#34514455157
1t
0s
0r
1y
0c
0i
#34514455820
0t
0s
0r
1y
0c
0i
#34514456237
1t
0s
0r
1y
0c
0i
#34514456895
0t
0s
0r
1y
0c
0i
#34514457314
1t
0s
0r
1y
0c
0i
#34514457976
0t
0s
0r
1y
1c
0i
#34514458393
1t
0s
0r
1y
1c
0i
#34514459059
0t
0s
0r
1y
1c
0i
#34514459476
1t
0s
0r
1y
1c
1i
#34514460139
0t
0s
0r
1y
1c
1i
#34514460558
1t
0s
0r
1y
1c
1i
#34514461224
0t
0s
0r
1y
1c
1i
#34514461642
1t
0s
0r
1y
1c
1i
#34514462311
0t
0s
0r
1y
1c
0i
#34514462728
1t
0s
0r
1y
1c
0i
#34514463392
0t
0s
0r
1y
1c
0i
#34514463811
1t
0s
0r
1y
1c
0i
#34514464477
0t
0s
0r
1y
1c
0i
#34514464895
1t
0s
0r
1y
1c
0i
#34514465562
0t
0s
0r
1y
1c
0i
#34514465979
1t
0s
0r
1y
1c
0i
#34514466640
0t
0s
0r
1y
1c
0i
#34514467061
1t
0s
0r
1y
1c
0i
#34514467722
0t
0s
0r
1y
1c
0i
#34514468141
1t
0s
0r
1y
1c
0i
#34514468804
0t
0s
0r
1y
1c
0i
#34514469220
1t
0s
0r
1y
1c
0i
#34514469878
0t
0s
0r
1y
1c
0i
#34514470296
1t
0s
0r
1y
1c
0i
#34514470954
0t
0s
0r
1y
1c
0i
#34514471371
1t
0s
0r
1y
1c
0i
#34514472031
0t
0s
0r
1y
1c
0i
#34514472447
1t
0s
0r
1y
1c
0i
#34514473102
0t
0s
0r
1y
1c
0i
#34514473521
1t
0s
0r
1y
1c
0i
#34514474177
0t
0s
0r
1y
1c
0i
#34514474594
1t
0s
0r
1y
1c
0i
#34514475253
0t
0s
0r
1y
1c
0i
#34514475669
1t
0s
0r
1y
1c
0i
#34514477378
0t
0s
0r
1y
1c
0i
#34514478578
1t
0s
0r
1y
1c
0i
#34514479562
0t
0s
0r
1y
1c
0i
#34514479965
1t
0s
0r
1y
1c
0i
#34514480627
0t
0s
0r
1y
1c
0i
#34514481041
1t
0s
0r
1y
1c
0i
#34514481701
0t
0s
0r
1y
1c
0i
#34514482116
1t
0s
0r
1y
1c
0i
#34514482775
0t
0s
0r
1y
1c
0i
#34514483191
1t
0s
0r
1y
1c
0i
#34514483850
0t
0s
0r
1y
1c
0i
#34514484265
1t
0s
0r
1y
1c
0i
#34514484926
0t
0s
0r
1y
1c
0i
#34514485340
1t
0s
0r
1y
1c
0i
#34514485997
0t
0s
0r
1y
1c
0i
#34514486412
1t
0s
0r
1y
1c
0i
#34514487071
0t
0s
0r
1y
1c
0i
#34514487486
1t
0s
0r
1y
1c
0i
#34514488147
0t
0s
0r
1y
1c
0i
#34514488562
1t
0s
0r
1y
1c
0i
#34514489219
0t
0s
0r
1y
1c
0i
#34514489636
1t
0s
0r
1y
1c
0i
#34514490296
0t
0s
0r
1y
0c
0i
#34514490712
1t
0s
0r
1y
0c
0i
#34514491376
0t
0s
0r
1y
0c
0i
#34514491791
1t
0s
0r
1y
0c
1i
#34514492452
0t
0s
0r
1y
0c
1i
#34514492869
1t
0s
0r
1y
0c
1i
#34514493532
0t
0s
0r
1y
0c
1i
#34514493950
1t
0s
0r
1y
0c
1i
#34514494616
0t
0s
0r
1y
0c
0i
#34514495032
1t
0s
0r
1y
0c
0i
#34514495694
0t
0s
0r
1y
0c
0i
#34514496111
1t
0s
0r
1y
0c
0i
#34514496775
0t
0s
0r
1y
0c
0i
#34514497190
1t
0s
0r
1y
0c
0i
#34514497857
0t
0s
0r
1y
0c
0i
#34514498271
1t
0s
0r
1y
0c
0i
#34514498932
0t
0s
0r
1y
0c
0i
#34514499349
1t
0s
0r
1y
0c
0i
#34514500010
0t
0s
0r
1y
0c
0i
#34514500425
1t
0s
0r
1y
0c
0i
#34514501089
0t
0s
0r
1y
0c
0i
#34514501502
1t
0s
0r
1y
0c
0i
#34514502161
0t
0s
0r
1y
0c
0i
#34514502575
1t
0s
0r
1y
0c
0i
#34514503234
0t
0s
0r
1y
0c
0i
#34514503647
1t
0s
0r
1y
0c
0i
#34514504308
0t
0s
0r
1y
0c
0i
#34514504719
1t
0s
0r
1y
0c
0i
#34514505375
0t
0s
0r
1y
0c
0i
#34514505788
1t
0s
0r
1y
0c
0i
#34514506446
0t
0s
0r
1y
0c
0i
#34514506858
1t
0s
0r
1y
0c
0i
#34514507519
0t
0s
0r
1y
0c
0i
#34514507929
1t
0s
0r
1y
0c
0i
#34514508586
0t
0s
0r
1y
0c
0i
#34514509000
1t
0s
0r
1y
0c
0i
#34514509657
0t
0s
0r
1y
0c
0i
#34514510071
1t
0s
0r
1y
0c
0i
#34514510732
0t
0s
0r
1y
0c
0i
#34514511144
1t
0s
0r
1y
0c
0i
#34514511801
0t
0s
0r
1y
0c
0i
#34514512215
1t
0s
0r
1y
0c
0i
#34514512873
0t
0s
0r
1y
0c
0i
#34514513286
1t
0s
0r
1y
0c
0i
#34514513947
0t
0s
0r
1y
0c
0i
#34514514360
1t
0s
0r
1y
0c
0i
#34514515016
0t
0s
0r
1y
0c
0i
#34514515431
1t
0s
0r
1y
0c
0i
#34514516088
0t
0s
0r
1y
0c
0i
#34514516502
1t
0s
0r
1y
0c
0i
#34514517162
0t
0s
0r
1y
0c
0i
#34514517575
1t
0s
0r
1y
0c
0i
#34514518230
0t
0s
0r
1y
0c
0i
#34514518645
1t
0s
0r
1y
0c
0i
#34514519302
0t
0s
0r
1y
0c
0i
#34514519716
1t
0s
0r
1y
0c
0i
#34514520375
0t
0s
0r
1y
0c
0i
#34514520791
1t
0s
0r
1y
0c
0i
#34514521446
0t
0s
0r
1y
0c
0i
#34514521862
1t
0s
0r
1y
0c
0i
#34514522520
0t
0s
0r
1y
1c
0i
#34514522936
1t
0s
0r
1y
1c
0i
#34514523598
0t
0s
0r
1y
1c
0i
#34514524013
1t
0s
0r
1y
1c
1i
#34514524673
0t
0s
0r
1y
1c
1i
#34514525089
1t
0s
0r
1y
1c
1i
#34514525751
0t
0s
0r
1y
1c
1i
#34514526168
1t
0s
0r
1y
1c
1i
#34514526833
0t
0s
0r
1y
1c
0i
#34514527248
1t
0s
0r
1y
1c
0i
#34514527908
0t
0s
0r
1y
1c
0i
#34514528325
1t
0s
0r
1y
1c
0i
#34514528987
0t
0s
0r
1y
1c
0i
#34514529403
1t
0s
0r
1y
1c
0i
#34514530067
0t
0s
0r
1y
1c
0i
#34514530482
1t
0s
0r
1y
1c
0i
#34514531141
0t
0s
0r
1y
1c
0i
#34514531559
1t
0s
0r
1y
1c
0i
#34514532218
0t
0s
0r
1y
1c
0i
#34514532636
1t
0s
0r
1y
1c
0i
#34514533298
0t
0s
0r
1y
1c
0i
#34514533714
1t
0s
0r
1y
1c
0i
#34514534371
0t
0s
0r
1y
1c
0i
#34514534788
1t
0s
0r
1y
1c
0i
#34514535446
0t
0s
0r
1y
1c
0i
#34514535863
1t
0s
0r
1y
1c
0i
#34514536523
0t
0s
0r
1y
1c
0i
#34514536940
1t
0s
0r
1y
1c
0i
#34514537595
0t
0s
0r
1y
1c
0i
#34514538014
1t
0s
0r
1y
1c
0i
#34514538670
0t
0s
0r
1y
1c
0i
#34514539088
1t
0s
0r
1y
1c
0i
#34514539748
0t
0s
0r
1y
1c
0i
#34514540164
1t
0s
0r
1y
1c
0i
#34514541873
0t
0s
0r
1y
1c
0i
#34514543073
1t
0s
0r
1y
1c
0i
#34514544057
0t
0s
0r
1y
1c
0i
#34514544460
1t
0s
0r
1y
1c
0i
#34514545122
0t
0s
0r
1y
1c
0i
#34514545536
1t
0s
0r
1y
1c
0i
#34514546195
0t
0s
0r
1y
1c
0i
#34514546610
1t
0s
0r
1y
1c
0i
#34514547269
0t
0s
0r
1y
1c
0i
#34514547685
1t
0s
0r
1y
1c
0i
#34514548344
0t
0s
0r
1y
1c
0i
#34514548758
1t
0s
0r
1y
1c
0i
#34514549420
0t
0s
0r
1y
1c
0i
#34514549833
1t
0s
0r
1y
1c
0i
#34514550490
0t
0s
0r
1y
1c
0i
#34514550905
1t
0s
0r
1y
1c
0i
#34514551563
0t
0s
0r
1y
1c
0i
#34514551977
1t
0s
0r
1y
1c
0i
#34514552638
0t
0s
0r
1y
1c
0i
#34514553053
1t
0s
0r
1y
1c
0i
#34514553710
0t
0s
0r
1y
1c
0i
#34514554126
1t
0s
0r
1y
1c
0i
#34514554785
0t
0s
0r
1y
0c
0i
#34514555201
1t
0s
0r
1y
0c
0i
#34514555865
0t
0s
0r
1y
0c
0i
#34514556280
1t
0s
0r
1y
0c
1i
#34514556941
0t
0s
0r
1y
0c
1i
#34514557357
1t
0s
0r
1y
0c
1i
#34514558019
0t
0s
0r
1y
0c
1i
#34514558437
1t
0s
0r
1y
0c
1i
#34514558511
1t
0s
1r
1y
0c
1i
#34514558514
1t
0s
0r
1y
0c
1i
#34514559103
0t
0s
0r
1y
0c
0i
#34514559519
1t
0s
0r
1y
0c
0i
#34514560181
0t
0s
0r
1y
0c
0i
#34514560597
1t
0s
0r
1y
0c
0i
#34514561260
0t
0s
0r
1y
0c
0i
#34514561676
1t
0s
0r
1y
0c
0i
#34514562342
0t
0s
0r
1y
0c
0i
#34514562756
1t
0s
0r
1y
0c
0i
#34514563417
0t
0s
0r
1y
0c
0i
#34514563834
1t
0s
0r
1y
0c
0i
#34514564495
0t
0s
0r
1y
0c
0i
#34514564911
1t
0s
0r
1y
0c
0i
#34514565574
0t
0s
0r
1y
0c
0i
#34514565988
1t
0s
0r
1y
0c
0i
#34514566648
0t
0s
0r
1y
0c
0i
#34514567062
1t
0s
0r
1y
0c
0i
#34514567724
0t
0s
0r
1y
0c
0i
#34514568136
1t
0s
0r
1y
0c
0i
#34514568801
0t
0s
0r
1y
0c
0i
#34514569211
1t
0s
0r
1y
0c
0i
#34514569871
0t
0s
0r
1y
0c
0i
#34514570284
1t
0s
0r
1y
0c
0i
#34514570945
0t
0s
0r
1y
0c
0i
#34514571357
1t
0s
0r
1y
0c
0i
#34514572022
0t
0s
0r
1y
0c
0i
#34514572433
1t
0s
0r
1y
0c
0i
#34514573093
0t
0s
0r
1y
0c
0i
#34514573506
1t
0s
0r
1y
0c
0i
#34514574167
0t
0s
0r
1y
0c
0i
#34514574582
1t
0s
0r
1y
0c
0i
#34514575245
0t
0s
0r
1y
0c
0i
#34514575658
1t
0s
0r
1y
0c
0i
#34514576317
0t
0s
0r
1y
0c
0i
#34514576732
1t
0s
0r
1y
0c
0i
#34514577393
0t
0s
0r
1y
0c
0i
#34514577807
1t
0s
0r
1y
0c
0i
#34514578470
0t
0s
0r
1y
0c
0i
#34514578884
1t
0s
0r
1y
0c
0i
#34514579542
0t
0s
0r
1y
0c
0i
#34514579959
1t
0s
0r
1y
0c
0i
#34514580618
0t
0s
0r
1y
0c
0i
#34514581033
1t
0s
0r
1y
0c
0i
#34514581696
0t
0s
0r
1y
0c
0i
#34514582110
1t
0s
0r
1y
0c
0i
#34514582768
0t
0s
0r
1y
0c
0i
#34514583183
1t
0s
0r
1y
0c
0i
#34514583843
0t
0s
0r
1y
0c
0i
#34514584258
1t
0s
0r
1y
0c
0i
#34514584920
0t
0s
0r
1y
0c
0i
#34514585336
1t
0s
0r
1y
0c
0i
#34514585994
0t
0s
0r
1y
0c
0i
#34514586412
1t
0s
0r
1y
1c
0i
#34514587073
0t
0s
0r
1y
1c
0i
#34514587490
1t
0s
0r
1y
1c
0i
#34514588154
0t
0s
0r
1y
1c
0i
#34514588571
1t
0s
0r
1y
1c
1i
#34514589233
0t
0s
0r
1y
1c
1i
#34514589651
1t
0s
0r
1y
1c
1i
#34514590316
0t
0s
0r
1y
1c
1i
#34514590734
1t
0s
0r
1y
1c
1i
#34514591402
0t
0s
0r
1y
1c
0i
#34514591819
1t
0s
0r
1y
1c
0i
#34514592482
0t
0s
0r
1y
1c
0i
#34514592900
1t
0s
0r
1y
1c
0i
#34514593565
0t
0s
0r
1y
1c
0i
#34514593983
1t
0s
0r
1y
1c
0i
#34514594651
0t
0s
0r
1y
1c
0i
#34514595067
1t
0s
0r
1y
1c
0i
#34514595728
0t
0s
0r
1y
1c
0i
#34514596147
1t
0s
0r
1y
1c
0i
#34514596808
0t
0s
0r
1y
1c
0i
#34514597226
1t
0s
0r
1y
1c
0i
#34514597889
0t
0s
0r
1y
1c
0i
#34514598305
1t
0s
0r
1y
1c
0i
#34514598961
0t
0s
0r
1y
1c
0i
#34514599378
1t
0s
0r
1y
1c
0i
#34514600035
0t
0s
0r
1y
1c
0i
#34514600451
1t
0s
0r
1y
1c
0i
#34514601108
0t
0s
0r
1y
1c
0i
#34514601525
1t
0s
0r
1y
1c
0i
#34514602178
0t
0s
0r
1y
1c
0i
#34514602595
1t
0s
0r
1y
1c
0i
#34514603249
0t
0s
0r
1y
1c
0i
#34514603666
1t
0s
0r
1y
1c
0i
#34514604323
0t
0s
0r
1y
1c
0i
#34514604738
1t
0s
0r
1y
1c
0i
#34514606443
0t
0s
0r
1y
1c
0i
#34514607640
1t
0s
0r
1y
1c
0i
#34514608621
0t
0s
0r
1y
1c
0i
#34514609024
1t
0s
0r
1y
1c
0i
#34514609683
0t
0s
0r
1y
1c
0i
#34514610097
1t
0s
0r
1y
1c
0i
#34514610755
0t
0s
0r
1y
1c
0i
#34514611169
1t
0s
0r
1y
1c
0i
#34514611826
0t
0s
0r
1y
1c
0i
#34514612242
1t
0s
0r
1y
1c
0i
#34514612899
0t
0s
0r
1y
1c
0i
#34514613313
1t
0s
0r
1y
1c
0i
#34514613972
0t
0s
0r
1y
1c
0i
#34514614385
1t
0s
0r
1y
1c
0i
#34514615040
0t
0s
0r
1y
1c
0i
#34514615455
1t
0s
0r
1y
1c
0i
#34514616112
0t
0s
0r
1y
1c
0i
#34514616525
1t
0s
0r
1y
1c
0i
#34514617184
0t
0s
0r
1y
1c
0i
#34514617599
1t
0s
0r
1y
1c
0i
#34514618254
0t
0s
0r
1y
1c
0i
#34514618669
1t
0s
0r
1y
1c
0i
#34514619327
0t
0s
0r
1y
0c
0i
#34514619742
1t
0s
0r
1y
0c
0i
#34514620404
0t
0s
0r
1y
0c
0i
#34514620818
1t
0s
0r
1y
0c
1i
#34514621477
0t
0s
0r
1y
0c
1i
#34514621893
1t
0s
0r
1y
0c
1i
#34514622555
0t
0s
0r
1y
0c
1i
#34514622971
1t
0s
0r
1y
0c
1i
#34514623635
0t
0s
0r
1y
0c
0i
#34514624051
1t
0s
0r
1y
0c
0i
#34514624711
0t
0s
0r
1y
0c
0i
#34514625128
1t
0s
0r
1y
0c
0i
#34514625789
0t
0s
0r
1y
0c
0i
#34514626205
1t
0s
0r
1y
0c
0i
#34514626869
0t
0s
0r
1y
0c
0i
#34514627283
1t
0s
0r
1y
0c
0i
#34514627942
0t
0s
0r
1y
0c
0i
#34514628359
1t
0s
0r
1y
0c
0i
#34514629019
0t
0s
0r
1y
0c
0i
#34514629433
1t
0s
0r
1y
0c
0i
#34514630095
0t
0s
0r
1y
0c
0i
#34514630507
1t
0s
0r
1y
0c
0i
#34514631165
0t
0s
0r
1y
0c
0i
#34514631578
1t
0s
0r
1y
0c
0i
#34514632236
0t
0s
0r
1y
0c
0i
#34514632648
1t
0s
0r
1y
0c
0i
#34514633309
0t
0s
0r
1y
0c
0i
#34514633719
1t
0s
0r
1y
0c
0i
#34514634375
0t
0s
0r
1y
0c
0i
#34514634787
1t
0s
0r
1y
0c
0i
#34514635444
0t
0s
0r
1y
0c
0i
#34514635855
1t
0s
0r
1y
0c
0i
#34514636515
0t
0s
0r
1y
0c
0i
#34514636925
1t
0s
0r
1y
0c
0i
#34514637581
0t
0s
0r
1y
0c
0i
#34514637994
1t
0s
0r
1y
0c
0i
#34514638650
0t
0s
0r
1y
0c
0i
#34514639064
1t
0s
0r
1y
0c
0i
#34514639723
0t
0s
0r
1y
0c
0i
#34514640135
1t
0s
0r
1y
0c
0i
#34514640790
0t
0s
0r
1y
0c
0i
#34514641203
1t
0s
0r
1y
0c
0i
#34514641859
0t
0s
0r
1y
0c
0i
#34514642272
1t
0s
0r
1y
0c
0i
#34514642932
0t
0s
0r
1y
0c
0i
#34514643343
1t
0s
0r
1y
0c
0i
#34514643998
0t
0s
0r
1y
0c
0i
#34514644412
1t
0s
0r
1y
0c
0i
#34514645067
0t
0s
0r
1y
0c
0i
#34514645481
1t
0s
0r
1y
0c
0i
#34514646139
0t
0s
0r
1y
0c
0i
#34514646552
1t
0s
0r
1y
0c
0i
#34514647205
0t
0s
0r
1y
0c
0i
#34514647620
1t
0s
0r
1y
0c
0i
#34514648276
0t
0s
0r
1y
0c
0i
#34514648689
1t
0s
0r
1y
0c
0i
#34514649347
0t
0s
0r
1y
0c
0i
#34514649761
1t
0s
0r
1y
0c
0i
#34514650414
0t
0s
0r
1y
0c
0i
#34514650830
1t
0s
0r
1y
0c
0i
#34514651487
0t
0s
0r
1y
1c
0i
#34514651902
1t
0s
0r
1y
1c
0i
#34514652563
0t
0s
0r
1y
1c
0i
#34514652976
1t
0s
0r
1y
1c
1i
#34514653634
0t
0s
0r
1y
1c
1i
#34514654051
1t
0s
0r
1y
1c
1i
#34514654711
0t
0s
0r
1y
1c
1i
#34514655127
1t
0s
0r
1y
1c
1i
#34514655790
0t
0s
0r
1y
1c
0i
#34514656206
1t
0s
0r
1y
1c
0i
#34514656864
0t
0s
0r
1y
1c
0i
#34514657281
1t
0s
0r
1y
1c
0i
#34514657941
0t
0s
0r
1y
1c
0i
#34514658357
1t
0s
0r
1y
1c
0i
#34514659020
0t
0s
0r
1y
1c
0i
#34514659434
1t
0s
0r
1y
1c
0i
#34514660091
0t
0s
0r
1y
1c
0i
#34514660509
1t
0s
0r
1y
1c
0i
#34514661165
0t
0s
0r
1y
1c
0i
#34514661581
1t
0s
0r
1y
1c
0i
#34514662241
0t
0s
0r
1y
1c
0i
#34514662654
1t
0s
0r
1y
1c
0i
#34514663308
0t
0s
0r
1y
1c
0i
#34514663723
1t
0s
0r
1y
1c
0i
#34514664378
0t
0s
0r
1y
1c
0i
#34514664792
1t
0s
0r
1y
1c
0i
#34514665447
0t
0s
0r
1y
1c
0i
#34514665861
1t
0s
0r
1y
1c
0i
#34514666512
0t
0s
0r
1y
1c
0i
#34514666928
1t
0s
0r
1y
1c
0i
#34514667580
0t
0s
0r
1y
1c
0i
#34514667994
1t
0s
0r
1y
1c
0i
#34514668649
0t
0s
0r
1y
1c
0i
#34514669063
1t
0s
0r
1y
1c
0i
#34514670761
0t
0s
0r
1y
1c
0i
#34514671953
1t
0s
0r
1y
1c
0i
#34514672931
0t
0s
0r
1y
1c
0i
#34514673332
1t
0s
0r
1y
1c
0i
#34514673990
0t
0s
0r
1y
1c
0i
#34514674402
1t
0s
0r
1y
1c
0i
#34514675057
0t
0s
0r
1y
1c
0i
#34514675470
1t
0s
0r
1y
1c
0i
#34514676125
0t
0s
0r
1y
1c
0i
#34514676539
1t
0s
0r
1y
1c
0i
#34514677193
0t
0s
0r
1y
1c
0i
#34514677606
1t
0s
0r
1y
1c
0i
#34514678262
0t
0s
0r
1y
1c
0i
#34514678674
1t
0s
0r
1y
1c
0i
#34514679327
0t
0s
0r
1y
1c
0i
#34514679740
1t
0s
0r
1y
1c
0i
#34514680394
0t
0s
0r
1y
1c
0i
#34514680806
1t
0s
0r
1y
1c
0i
#34514681463
0t
0s
0r
1y
1c
0i
#34514681876
1t
0s
0r
1y
1c
0i
#34514682529
0t
0s
0r
1y
1c
0i
#34514682943
1t
0s
0r
1y
1c
0i
#34514683599
0t
0s
0r
1y
0c
0i
#34514684013
1t
0s
0r
1y
0c
0i
#34514684673
0t
0s
0r
1y
0c
0i
#34514685085
1t
0s
0r
1y
0c
1i
#34514685742
0t
0s
0r
1y
0c
1i
#34514686157
1t
0s
0r
1y
0c
1i
#34514686815
0t
0s
0r
1y
0c
1i
#34514687231
1t
0s
0r
1y
0c
1i
#34514687356
1t
0s
1r
1y
0c
1i
#34514687359
1t
0s
0r
1y
0c
1i
#34514687893
0t
0s
0r
1y
0c
0i
#34514688307
1t
0s
0r
1y
0c
0i
#34514688965
0t
0s
0r
1y
0c
0i
#34514689380
1t
0s
0r
1y
0c
0i
#34514690039
0t
0s
0r
1y
0c
0i
#34514690453
1t
0s
0r
1y
0c
0i
#34514691116
0t
0s
0r
1y
0c
0i
#34514691528
1t
0s
0r
1y
0c
0i
#34514692186
0t
0s
0r
1y
0c
0i
#34514692602
1t
0s
0r
1y
0c
0i
#34514693261
0t
0s
0r
1y
0c
0i
#34514693675
1t
0s
0r
1y
0c
0i
#34514694338
0t
0s
0r
1y
0c
0i
#34514694750
1t
0s
0r
1y
0c
0i
#34514695409
0t
0s
0r
1y
0c
0i
#34514695823
1t
0s
0r
1y
0c
0i
#34514696485
0t
0s
0r
1y
0c
0i
#34514696898
1t
0s
0r
1y
0c
0i
#34514697563
0t
0s
0r
1y
0c
0i
#34514697975
1t
0s
0r
1y
0c
0i
#34514698636
0t
0s
0r
1y
0c
0i
#34514699050
1t
0s
0r
1y
0c
0i
#34514699713
0t
0s
0r
1y
0c
0i
#34514700126
1t
0s
0r
1y
0c
0i
#34514700792
0t
0s
0r
1y
0c
0i
#34514701205
1t
0s
0r
1y
0c
0i
#34514701867
0t
0s
0r
1y
0c
0i
#34514702282
1t
0s
0r
1y
0c
0i
#34514702944
0t
0s
0r
1y
0c
0i
#34514703360
1t
0s
0r
1y
0c
0i
#34514704024
0t
0s
0r
1y
0c
0i
#34514704439
1t
0s
0r
1y
0c
0i
#34514705099
0t
0s
0r
1y
0c
0i
#34514705515
1t
0s
0r
1y
0c
0i
#34514706177
0t
0s
0r
1y
0c
0i
#34514706592
1t
0s
0r
1y
0c
0i
#34514707257
0t
0s
0r
1y
0c
0i
#34514707671
1t
0s
0r
1y
0c
0i
#34514708332
0t
0s
0r
1y
0c
0i
#34514708748
1t
0s
0r
1y
0c
0i
#34514709409
0t
0s
0r
1y
0c
0i
#34514709826
1t
0s
0r
1y
0c
0i
#34514710490
0t
0s
0r
1y
0c
0i
#34514710905
1t
0s
0r
1y
0c
0i
#34514711565
0t
0s
0r
1y
0c
0i
#34514711981
1t
0s
0r
1y
0c
0i
#34514712643
0t
0s
0r
1y
0c
0i
#34514713059
1t
0s
0r
1y
0c
0i
#34514713723
0t
0s
0r
1y
0c
0i
#34514714141
1t
0s
0r
1y
0c
0i
#34514714800
0t
0s
0r
1y
0c
0i
#34514715219
1t
0s
0r
1y
0c
0i
#34514715882
0t
0s
0r
1y
1c
0i
#34514716300
1t
0s
0r
1y
1c
0i
#34514716968
0t
0s
0r
1y
1c
0i
#34514717385
1t
0s
0r
1y
1c
1i
#34514718049
0t
0s
0r
1y
1c
1i
#34514718468
1t
0s
0r
1y
1c
1i
#34514719135
0t
0s
0r
1y
1c
1i
#34514719554
1t
0s
0r
1y
1c
1i
#34514720224
0t
0s
0r
1y
1c
0i
#34514720641
1t
0s
0r
1y
1c
0i
#34514721306
0t
0s
0r
1y
1c
0i
#34514721726
1t
0s
0r
1y
1c
0i
#34514722392
0t
0s
0r
1y
1c
0i
#34514722810
1t
0s
0r
1y
1c
0i
#34514723478
0t
0s
0r
1y
1c
0i
#34514723896
1t
0s
0r
1y
1c
0i
#34514724558
0t
0s
0r
1y
1c
0i
#34514724978
1t
0s
0r
1y
1c
0i
#34514725641
0t
0s
0r
1y
1c
0i
#34514726060
1t
0s
0r
1y
1c
0i
#34514726725
0t
0s
0r
1y
1c
0i
#34514727142
1t
0s
0r
1y
1c
0i
#34514727802
0t
0s
0r
1y
1c
0i
#34514728221
1t
0s
0r
1y
1c
0i
#34514728881
0t
0s
0r
1y
1c
0i
#34514729300
1t
0s
0r
1y
1c
0i
#34514729962
0t
0s
0r
1y
1c
0i
#34514730380
1t
0s
0r
1y
1c
0i
#34514731038
0t
0s
0r
1y
1c
0i
#34514731457
1t
0s
0r
1y
1c
0i
#34514732116
0t
0s
0r
1y
1c
0i
#34514732534
1t
0s
0r
1y
1c
0i
#34514733196
0t
0s
0r
1y
1c
0i
#34514733614
1t
0s
0r
1y
1c
0i
#34514735329
0t
0s
0r
1y
1c
0i
#34514736535
1t
0s
0r
1y
1c
0i
#34514737521
0t
0s
0r
1y
1c
0i
#34514737925
1t
0s
0r
1y
1c
0i
#34514738590
0t
0s
0r
1y
1c
0i
#34514739006
1t
0s
0r
1y
1c
0i
#34514739668
0t
0s
0r
1y
1c
0i
#34514740084
1t
0s
0r
1y
1c
0i
#34514740745
0t
0s
0r
1y
1c
0i
#34514741163
1t
0s
0r
1y
1c
0i
#34514741824
0t
0s
0r
1y
1c
0i
#34514742240
1t
0s
0r
1y
1c
0i
#34514742904
0t
0s
0r
1y
1c
0i
#34514743319
1t
0s
0r
1y
1c
0i
#34514743979
0t
0s
0r
1y
1c
0i
#34514744395
1t
0s
0r
1y
1c
0i
#34514745056
0t
0s
0r
1y
1c
0i
#34514745472
1t
0s
0r
1y
1c
0i
#34514746135
0t
0s
0r
1y
1c
0i
#34514746552
1t
0s
0r
1y
1c
0i
#34514747211
0t
0s
0r
1y
1c
0i
#34514747629
1t
0s
0r
1y
1c
0i
#34514748291
0t
0s
0r
1y
0c
0i
#34514748709
1t
0s
0r
1y
0c
0i
#34514749376
0t
0s
0r
1y
0c
0i
#34514749791
1t
0s
0r
1y
0c
1i
#34514750455
0t
0s
0r
1y
0c
1i
#34514750873
1t
0s
0r
1y
0c
1i
#34514751538
0t
0s
0r
1y
0c
1i
#34514751957
1t
0s
0r
1y
0c
1i
#34514752626
0t
0s
0r
1y
0c
0i
#34514753043
1t
0s
0r
1y
0c
0i
#34514753707
0t
0s
0r
1y
0c
0i
#34514754126
1t
0s
0r
1y
0c
0i
#34514754792
0t
0s
0r
1y
0c
0i
#34514755209
1t
0s
0r
1y
0c
0i
#34514755878
0t
0s
0r
1y
0c
0i
#34514756293
1t
0s
0r
1y
0c
0i
#34514756957
0t
0s
0r
1y
0c
0i
#34514757375
1t
0s
0r
1y
0c
0i
#34514758039
0t
0s
0r
1y
0c
0i
#34514758456
1t
0s
0r
1y
0c
0i
#34514759123
0t
0s
0r
1y
0c
0i
#34514759538
1t
0s
0r
1y
0c
0i
#34514760202
0t
0s
0r
1y
0c
0i
#34514760617
1t
0s
0r
1y
0c
0i
#34514761282
0t
0s
0r
1y
0c
0i
#34514761696
1t
0s
0r
1y
0c
0i
#34514762363
0t
0s
0r
1y
0c
0i
#34514762776
1t
0s
0r
1y
0c
0i
#34514763438
0t
0s
0r
1y
0c
0i
#34514763853
1t
0s
0r
1y
0c
0i
#34514902999
0t
0s
0r
1y
0c
0i
#34514903416
1t
0s
0r
1y
0c
0i
#34514904076
0t
0s
0r
1y
0c
0i
#34514904493
1t
0s
0r
1y
0c
0i
#34514905156
0t
0s
0r
1y
0c
0i
#34514905571
1t
0s
0r
1y
0c
0i
#34514906230
0t
0s
0r
1y
0c
0i
#34514906647
1t
0s
0r
1y
0c
0i
#34514907308
0t
0s
0r
1y
0c
0i
#34514907723
1t
0s
0r
1y
0c
0i
#34514908386
0t
0s
0r
1y
0c
0i
#34514908803
1t
0s
0r
1y
0c
0i
#38809870295
0t
0s
0r
1y
0c
0i
#38809870712
1t
0s
0r
1y
0c
0i
#38809871372
0t
0s
0r
1y
0c
0i
#38809871789
1t
0s
0r
1y
0c
0i
#38809872452
0t
0s
0r
1y
0c
0i
#38809872867
1t
0s
0r
1y
0c
0i
#38809873526
0t
0s
0r
1y
0c
0i
#38809873943
1t
0s
0r
1y
0c
0i
#38809874604
0t
0s
0r
1y
0c
0i
#38809875019
1t
0s
0r
1y
0c
0i
#38809875682
0t
0s
0r
1y
0c
0i
#38809876099
1t
0s
0r
1y
0c
0i
#38809876758
0t
0s
0r
1y
0c
0i
#38809877177
1t
0s
0r
1y
0c
0i
#38809877838
0t
0s
0r
1y
1c
0i
#38809878256
1t
0s
0r
1y
1c
0i
#38809878922
0t
0s
0r
1y
1c
0i
#38809879339
1t
0s
0r
1y
1c
1i
#38809880002
0t
0s
0r
1y
1c
1i
#38809880421
1t
0s
0r
1y
1c
1i
#38809881086
0t
0s
0r
1y
1c
1i
#38809881505
1t
0s
0r
1y
1c
1i
#38809882174
0t
0s
0r
1y
1c
0i
#38809882592
1t
0s
0r
1y
1c
0i
#38809883256
0t
0s
0r
1y
1c
0i
#38809883675
1t
0s
0r
1y
1c
0i
#38809884341
0t
0s
0r
1y
1c
0i
#38809884759
1t
0s
0r
1y
1c
0i
#38809885427
0t
0s
0r
1y
1c
0i
#38809885844
1t
0s
0r
1y
1c
0i
#38809886506
0t
0s
0r
1y
1c
0i
#38809886926
1t
0s
0r
1y
1c
0i
#38809887587
0t
0s
0r
1y
1c
0i
#38809888006
1t
0s
0r
1y
1c
0i
#38809888670
0t
0s
0r
1y
1c
0i
#38809889087
1t
0s
0r
1y
1c
0i
#38809889745
0t
0s
0r
1y
1c
0i
#38809890163
1t
0s
0r
1y
1c
0i
#38809890821
0t
0s
0r
1y
1c
0i
#38809891238
1t
0s
0r
1y
1c
0i
#38809891898
0t
0s
0r
1y
1c
0i
#38809892314
1t
0s
0r
1y
1c
0i
#38809892970
0t
0s
0r
1y
1c
0i
#38809893388
1t
0s
0r
1y
1c
0i
#38809894044
0t
0s
0r
1y
1c
0i
#38809894461
1t
0s
0r
1y
1c
0i
#38809895122
0t
0s
0r
1y
1c
0i
#38809895537
1t
0s
0r
1y
1c
0i
#38809897247
0t
0s
0r
1y
1c
0i
#38809898448
1t
0s
0r
1y
1c
0i
#38809899433
0t
0s
0r
1y
1c
0i
#38809899836
1t
0s
0r
1y
1c
0i
#38809900499
0t
0s
0r
1y
1c
0i
#38809900913
1t
0s
0r
1y
1c
0i
#38809901573
0t
0s
0r
1y
1c
0i
#38809901989
1t
0s
0r
1y
1c
0i
#38809902649
0t
0s
0r
1y
1c
0i
#38809903065
1t
0s
0r
1y
1c
0i
#38809903725
0t
0s
0r
1y
1c
0i
#38809904140
1t
0s
0r
1y
1c
0i
#38809904802
0t
0s
0r
1y
1c
0i
#38809905216
1t
0s
0r
1y
1c
0i
#38809905874
0t
0s
0r
1y
1c
0i
#38809906289
1t
0s
0r
1y
1c
0i
#38809906949
0t
0s
0r
1y
1c
0i
#38809907363
1t
0s
0r
1y
1c
0i
#38809908025
0t
0s
0r
1y
1c
0i
#38809908441
1t
0s
0r
1y
1c
0i
#38809909098
0t
0s
0r
1y
1c
0i
#38809909515
1t
0s
0r
1y
1c
0i
#38809910176
0t
0s
0r
1y
0c
0i
#38809910592
1t
0s
0r
1y
0c
0i
#38809911256
0t
0s
0r
1y
0c
0i
#38809911672
1t
0s
0r
1y
0c
1i
#38809912334
0t
0s
0r
1y
0c
1i
#38809912751
1t
0s
0r
1y
0c
1i
#38809913414
0t
0s
0r
1y
0c
1i
#38809913832
1t
0s
0r
1y
0c
1i
#38809913956
1t
0s
1r
1y
0c
1i
#38809913958
1t
0s
0r
1y
0c
1i
#38809914500
0t
0s
0r
1y
0c
0i
#38809914915
1t
0s
0r
1y
0c
0i
#38809915578
0t
0s
0r
1y
0c
0i
#38809915996
1t
0s
0r
1y
0c
0i
#38809916661
0t
0s
0r
1y
0c
0i
#38809917076
1t
0s
0r
1y
0c
0i
#38809917744
0t
0s
0r
1y
0c
0i
#38809918158
1t
0s
0r
1y
0c
0i
#38809918821
0t
0s
0r
1y
0c
0i
#38809919238
1t
0s
0r
1y
0c
0i
#38809919900
0t
0s
0r
1y
0c
0i
#38809920316
1t
0s
0r
1y
0c
0i
#38809920981
0t
0s
0r
1y
0c
0i
#38809921395
1t
0s
0r
1y
0c
0i
#38809922057
0t
0s
0r
1y
0c
0i
#38809922471
1t
0s
0r
1y
0c
0i
#38809923134
0t
0s
0r
1y
0c
0i
#38809923547
1t
0s
0r
1y
0c
0i
#38809924212
0t
0s
0r
1y
0c
0i
#38809924624
1t
0s
0r
1y
0c
0i
#38809925284
0t
0s
0r
1y
0c
0i
#38809925698
1t
0s
0r
1y
0c
0i
#38809926360
0t
0s
0r
1y
0c
0i
#38809926773
1t
0s
0r
1y
0c
0i
#38809927438
0t
0s
0r
1y
0c
0i
#38809927850
1t
0s
0r
1y
0c
0i
#38809928511
0t
0s
0r
1y
0c
0i
#38809928925
1t
0s
0r
1y
0c
0i
#38809929587
0t
0s
0r
1y
0c
0i
#38809930003
1t
0s
0r
1y
0c
0i
#38809930667
0t
0s
0r
1y
0c
0i
#38809931080
1t
0s
0r
1y
0c
0i
#38809931741
0t
0s
0r
1y
0c
0i
#38809932156
1t
0s
0r
1y
0c
0i
#38809932818
0t
0s
0r
1y
0c
0i
#38809933233
1t
0s
0r
1y
0c
0i
#38809933898
0t
0s
0r
1y
0c
0i
#38809934312
1t
0s
0r
1y
0c
0i
#38809934972
0t
0s
0r
1y
0c
0i
#38809935389
1t
0s
0r
1y
0c
0i
#38809936049
0t
0s
0r
1y
0c
0i
#38809936466
1t
0s
0r
1y
0c
0i
#38809937129
0t
0s
0r
1y
0c
0i
#38809937544
1t
0s
0r
1y
0c
0i
#38809938204
0t
0s
0r
1y
0c
0i
#38809938620
1t
0s
0r
1y
0c
0i
#38809939281
0t
0s
0r
1y
0c
0i
#38809939698
1t
0s
0r
1y
0c
0i
#38809940361
0t
0s
0r
1y
0c
0i
#38809940778
1t
0s
0r
1y
0c
0i
#38809941437
0t
0s
0r
1y
0c
0i
#38809941856
1t
0s
0r
1y
1c
0i
#38809942518
0t
0s
0r
1y
1c
0i
#38809942936
1t
0s
0r
1y
1c
0i
#38809943603
0t
0s
0r
1y
1c
0i
#38809944020
1t
0s
0r
1y
1c
1i
#38809944684
0t
0s
0r
1y
1c
1i
#38809945103
1t
0s
0r
1y
1c
1i
#38809945770
0t
0s
0r
1y
1c
1i
#38809946189
1t
0s
0r
1y
1c
1i
#38809946859
0t
0s
0r
1y
1c
0i
#38809947276
1t
0s
0r
1y
1c
0i
#38809947942
0t
0s
0r
1y
1c
0i
#38809948361
1t
0s
0r
1y
1c
0i
#38809949027
0t
0s
0r
1y
1c
0i
#38809949445
1t
0s
0r
1y
1c
0i
#38809950114
0t
0s
0r
1y
1c
0i
#38809950531
1t
0s
0r
1y
1c
0i
#38809951193
0t
0s
0r
1y
1c
0i
#38809951614
1t
0s
0r
1y
1c
0i
#38809952276
0t
0s
0r
1y
1c
0i
#38809952695
1t
0s
0r
1y
1c
0i
#38809953360
0t
0s
0r
1y
1c
0i
#38809953777
1t
0s
0r
1y
1c
0i
#38809954437
0t
0s
0r
1y
1c
0i
#38809954855
1t
0s
0r
1y
1c
0i
#38809955514
0t
0s
0r
1y
1c
0i
#38809955933
1t
0s
0r
1y
1c
0i
#38809956594
0t
0s
0r
1y
1c
0i
#38809957012
1t
0s
0r
1y
1c
0i
#38809957669
0t
0s
0r
1y
1c
0i
#38809958088
1t
0s
0r
1y
1c
0i
#38809958746
0t
0s
0r
1y
1c
0i
#38809959164
1t
0s
0r
1y
1c
0i
#38809959826
0t
0s
0r
1y
1c
0i
#38809960243
1t
0s
0r
1y
1c
0i
#38809961956
0t
0s
0r
1y
1c
0i
#38809963158
1t
0s
0r
1y
1c
0i
#38809964145
0t
0s
0r
1y
1c
0i
#38809964550
1t
0s
0r
1y
1c
0i
#38809965214
0t
0s
0r
1y
1c
0i
#38809965629
1t
0s
0r
1y
1c
0i
#38809966290
0t
0s
0r
1y
1c
0i
#38809966706
1t
0s
0r
1y
1c
0i
#38809967367
0t
0s
0r
1y
1c
0i
#38809967784
1t
0s
0r
1y
1c
0i
#38809968445
0t
0s
0r
1y
1c
0i
#38809968861
1t
0s
0r
1y
1c
0i
#38809969524
0t
0s
0r
1y
1c
0i
#38809969938
1t
0s
0r
1y
1c
0i
#38809970597
0t
0s
0r
1y
1c
0i
#38809971013
1t
0s
0r
1y
1c
0i
#38809971674
0t
0s
0r
1y
1c
0i
#38809972089
1t
0s
0r
1y
1c
0i
#38809972752
0t
0s
0r
1y
1c
0i
#38809973168
1t
0s
0r
1y
1c
0i
#38809973827
0t
0s
0r
1y
1c
0i
#38809974244
1t
0s
0r
1y
1c
0i
#38809974905
0t
0s
0r
1y
0c
0i
#38809975322
1t
0s
0r
1y
0c
0i
#38809975988
0t
0s
0r
1y
0c
0i
#38809976404
1t
0s
0r
1y
0c
1i
#38809977067
0t
0s
0r
1y
0c
1i
#38809977484
1t
0s
0r
1y
0c
1i
#38809978149
0t
0s
0r
1y
0c
1i
#38809978567
1t
0s
0r
1y
0c
1i
#38809979235
0t
0s
0r
1y
0c
0i
#38809979652
1t
0s
0r
1y
0c
0i
#38809980316
0t
0s
0r
1y
0c
0i
#38809980734
1t
0s
0r
1y
0c
0i
#38809981399
0t
0s
0r
1y
0c
0i
#38809981815
1t
0s
0r
1y
0c
0i
#38809982484
0t
0s
0r
1y
0c
0i
#38809982899
1t
0s
0r
1y
0c
0i
#38809983562
0t
0s
0r
1y
0c
0i
#38809983980
1t
0s
0r
1y
0c
0i
#38809984644
0t
0s
0r
1y
0c
0i
#38809985061
1t
0s
0r
1y
0c
0i
#38809985728
0t
0s
0r
1y
0c
0i
#38809986144
1t
0s
0r
1y
0c
0i
#38809986808
0t
0s
0r
1y
0c
0i
#38809987224
1t
0s
0r
1y
0c
0i
#38809987890
0t
0s
0r
1y
0c
0i
#38809988306
1t
0s
0r
1y
0c
0i
#38809988974
0t
0s
0r
1y
0c
0i
#38809989389
1t
0s
0r
1y
0c
0i
#38809990053
0t
0s
0r
1y
0c
0i
#38809990469
1t
0s
0r
1y
0c
0i
#38809991135
0t
0s
0r
1y
0c
0i
#38809991551
1t
0s
0r
1y
0c
0i
#38809992220
0t
0s
0r
1y
0c
0i
#38809992634
1t
0s
0r
1y
0c
0i
#38809993299
0t
0s
0r
1y
0c
0i
#38809993715
1t
0s
0r
1y
0c
0i
#38809994380
0t
0s
0r
1y
0c
0i
#38809994798
1t
0s
0r
1y
0c
0i
#38809995465
0t
0s
0r
1y
0c
0i
#38809995881
1t
0s
0r
1y
0c
0i
#38809996544
0t
0s
0r
1y
0c
0i
#38809996961
1t
0s
0r
1y
0c
0i
#38809997625
0t
0s
0r
1y
0c
0i
#38809998042
1t
0s
0r
1y
0c
0i
#38809998710
0t
0s
0r
1y
0c
0i
#38809999125
1t
0s
0r
1y
0c
0i
#38809999788
0t
0s
0r
1y
0c
0i
#38810000206
1t
0s
0r
1y
0c
0i
#38810000869
0t
0s
0r
1y
0c
0i
#38810001286
1t
0s
0r
1y
0c
0i
#38810001952
0t
0s
0r
1y
0c
0i
#38810002368
1t
0s
0r
1y
0c
0i
#38810003030
0t
0s
0r
1y
0c
0i
#38810003448
1t
0s
0r
1y
0c
0i
#38810004111
0t
0s
0r
1y
0c
0i
#38810004528
1t
0s
0r
1y
0c
0i
#38810005193
0t
0s
0r
1y
0c
0i
#38810005612
1t
0s
0r
1y
0c
0i
#38810006273
0t
0s
0r
1y
0c
0i
#38810006692
1t
0s
0r
1y
0c
0i
#38810007357
0t
0s
0r
1y
1c
0i
#38810007775
1t
0s
0r
1y
1c
0i
#38810008444
0t
0s
0r
1y
1c
0i
#38810008862
1t
0s
0r
1y
1c
1i
#38810009527
0t
0s
0r
1y
1c
1i
#38810009948
1t
0s
0r
1y
1c
1i
#38810010616
0t
0s
0r
1y
1c
1i
#38810011036
1t
0s
0r
1y
1c
1i
#38810011707
0t
0s
0r
1y
1c
0i
#38810012126
1t
0s
0r
1y
1c
0i
#38810012793
0t
0s
0r
1y
1c
0i
#38810013213
1t
0s
0r
1y
1c
0i
#38810013881
0t
0s
0r
1y
1c
0i
#38810014300
1t
0s
0r
1y
1c
0i
#38810014970
0t
0s
0r
1y
1c
0i
#38810015388
1t
0s
0r
1y
1c
0i
#38810016052
0t
0s
0r
1y
1c
0i
#38810016473
1t
0s
0r
1y
1c
0i
#38810017138
0t
0s
0r
1y
1c
0i
#38810017557
1t
0s
0r
1y
1c
0i
#38810018223
0t
0s
0r
1y
1c
0i
#38810018642
1t
0s
0r
1y
1c
0i
#38810019302
0t
0s
0r
1y
1c
0i
#38810019722
1t
0s
0r
1y
1c
0i
#38810020383
0t
0s
0r
1y
1c
0i
#38810020802
1t
0s
0r
1y
1c
0i
#38810021465
0t
0s
0r
1y
1c
0i
#38810021883
1t
0s
0r
1y
1c
0i
#38810022542
0t
0s
0r
1y
1c
0i
#38810022962
1t
0s
0r
1y
1c
0i
#38810023622
0t
0s
0r
1y
1c
0i
#38810024041
1t
0s
0r
1y
1c
0i
#38810024704
0t
0s
0r
1y
1c
0i
#38810025122
1t
0s
0r
1y
1c
0i
#38810026840
0t
0s
0r
1y
1c
0i
#38810028045
1t
0s
0r
1y
1c
0i
#38810029034
0t
0s
0r
1y
1c
0i
#38810029439
1t
0s
0r
1y
1c
0i
#38810030104
0t
0s
0r
1y
1c
0i
#38810030521
1t
0s
0r
1y
1c
0i
#38810031184
0t
0s
0r
1y
1c
0i
#38810031600
1t
0s
0r
1y
1c
0i
#38810032263
0t
0s
0r
1y
1c
0i
#38810032681
1t
0s
0r
1y
1c
0i
#38810033343
0t
0s
0r
1y
1c
0i
#38810033759
1t
0s
0r
1y
1c
0i
#38810034424
0t
0s
0r
1y
1c
0i
#38810034839
1t
0s
0r
1y
1c
0i
#38810035500
0t
0s
0r
1y
1c
0i
#38810035917
1t
0s
0r
1y
1c
0i
#38810036579
0t
0s
0r
1y
1c
0i
#38810036995
1t
0s
0r
1y
1c
0i
#38810037659
0t
0s
0r
1y
1c
0i
#38810038076
1t
0s
0r
1y
1c
0i
#38810038736
0t
0s
0r
1y
0c
0i
#38810039155
1t
0s
0r
1y
0c
0i
#38810039818
0t
0s
0r
1y
0c
0i
#38810040236
1t
0s
0r
1y
0c
0i
#38810040903
0t
0s
0r
1y
0c
0i
#38810041320
1t
0s
0r
1y
0c
1i
#38810041985
0t
0s
0r
1y
0c
1i
#38810042403
1t
0s
0r
1y
0c
1i
#38810043070
0t
0s
0r
1y
0c
1i
#38810043490
1t
0s
0r
1y
0c
1i
#38810043543
1t
0s
1r
1y
0c
1i
#38810043546
1t
0s
0r
1y
0c
1i
#38810044160
0t
0s
0r
1y
0c
0i
#38810044578
1t
0s
0r
1y
0c
0i
#38810045244
0t
0s
0r
1y
0c
0i
#38810045663
1t
0s
0r
1y
0c
0i
#38810046331
0t
0s
0r
1y
0c
0i
#38810046749
1t
0s
0r
1y
0c
0i
#38810047420
0t
0s
0r
1y
0c
0i
#38810047836
1t
0s
0r
1y
0c
0i
#38810048501
0t
0s
0r
1y
0c
0i
#38810048920
1t
0s
0r
1y
0c
0i
#38810049586
0t
0s
0r
1y
0c
0i
#38810050003
1t
0s
0r
1y
0c
0i
#38810050671
0t
0s
0r
1y
0c
0i
#38810051086
1t
0s
0r
1y
0c
0i
#38810051750
0t
0s
0r
1y
0c
0i
#38810052166
1t
0s
0r
1y
0c
0i
#38810052831
0t
0s
0r
1y
0c
0i
#38810053245
1t
0s
0r
1y
0c
0i
#38810053913
0t
0s
0r
1y
0c
0i
#38810054325
1t
0s
0r
1y
0c
0i
#38810054988
0t
0s
0r
1y
0c
0i
#38810055402
1t
0s
0r
1y
0c
0i
#38810056066
0t
0s
0r
1y
0c
0i
#38810056480
1t
0s
0r
1y
0c
0i
#38810057147
0t
0s
0r
1y
0c
0i
#38810057560
1t
0s
0r
1y
0c
0i
#38810058223
0t
0s
0r
1y
0c
0i
#38810058638
1t
0s
0r
1y
0c
0i
#38810059302
0t
0s
0r
1y
0c
0i
#38810059718
1t
0s
0r
1y
0c
0i
#38810060384
0t
0s
0r
1y
0c
0i
#38810060799
1t
0s
0r
1y
0c
0i
#38810061461
0t
0s
0r
1y
0c
0i
#38810061877
1t
0s
0r
1y
0c
0i
#38810062541
0t
0s
0r
1y
0c
0i
#38810062956
1t
0s
0r
1y
0c
0i
#38810063622
0t
0s
0r
1y
0c
0i
#38810064037
1t
0s
0r
1y
0c
0i
#38810064698
0t
0s
0r
1y
0c
0i
#38810065116
1t
0s
0r
1y
0c
0i
#38810065778
0t
0s
0r
1y
0c
0i
#38810066195
1t
0s
0r
1y
0c
0i
#38810066861
0t
0s
0r
1y
0c
0i
#38810067276
1t
0s
0r
1y
0c
0i
#38810067937
0t
0s
0r
1y
0c
0i
#38810068354
1t
0s
0r
1y
0c
0i
#38810069017
0t
0s
0r
1y
0c
0i
#38810069434
1t
0s
0r
1y
0c
0i
#38810070100
0t
0s
0r
1y
0c
0i
#38810070517
1t
0s
0r
1y
0c
0i
#38810071179
0t
0s
0r
1y
0c
0i
#38810071598
1t
0s
0r
1y
0c
0i
#38810072262
0t
0s
0r
1y
1c
0i
#38810072681
1t
0s
0r
1y
1c
0i
#38810073349
0t
0s
0r
1y
1c
0i
#38810073767
1t
0s
0r
1y
1c
1i
#38810074433
0t
0s
0r
1y
1c
1i
#38810074853
1t
0s
0r
1y
1c
1i
#38810075522
0t
0s
0r
1y
1c
1i
#38810075941
1t
0s
0r
1y
1c
1i
#38810076612
0t
0s
0r
1y
1c
0i
#38810077031
1t
0s
0r
1y
1c
0i
#38810077699
0t
0s
0r
1y
1c
0i
#38810078119
1t
0s
0r
1y
1c
0i
#38810078786
0t
0s
0r
1y
1c
0i
#38810079206
1t
0s
0r
1y
1c
0i
#38810079877
0t
0s
0r
1y
1c
0i
#38810080295
1t
0s
0r
1y
1c
0i
#38810080959
0t
0s
0r
1y
1c
0i
#38810081381
1t
0s
0r
1y
1c
0i
#38810082046
0t
0s
0r
1y
1c
0i
#38810082466
1t
0s
0r
1y
1c
0i
#38810083133
0t
0s
0r
1y
1c
0i
#38810083551
1t
0s
0r
1y
1c
0i
#38810084214
0t
0s
0r
1y
1c
0i
#38810084633
1t
0s
0r
1y
1c
0i
#38810085296
0t
0s
0r
1y
1c
0i
#38810085715
1t
0s
0r
1y
1c
0i
#38810086379
0t
0s
0r
1y
1c
0i
#38810086798
1t
0s
0r
1y
1c
0i
#38810087457
0t
0s
0r
1y
1c
0i
#38810087877
1t
0s
0r
1y
1c
0i
#38810088537
0t
0s
0r
1y
1c
0i
#38810088956
1t
0s
0r
1y
1c
0i
#38810089619
0t
0s
0r
1y
1c
0i
#38810090037
1t
0s
0r
1y
1c
0i
#38810091755
0t
0s
0r
1y
1c
0i
#38810092960
1t
0s
0r
1y
1c
0i
#38810093949
0t
0s
0r
1y
1c
0i
#38810094355
1t
0s
0r
1y
1c
0i
#38810095020
0t
0s
0r
1y
1c
0i
#38810095436
1t
0s
0r
1y
1c
0i
#38810096099
0t
0s
0r
1y
1c
0i
#38810096516
1t
0s
0r
1y
1c
0i
#38810097179
0t
0s
0r
1y
1c
0i
#38810097597
1t
0s
0r
1y
1c
0i
#38810098259
0t
0s
0r
1y
1c
0i
#38810098677
1t
0s
0r
1y
1c
0i
#38810099342
0t
0s
0r
1y
1c
0i
#38810099757
1t
0s
0r
1y
1c
0i
#38810100418
0t
0s
0r
1y
1c
0i
#38810100836
1t
0s
0r
1y
1c
0i
#38810101498
0t
0s
0r
1y
1c
0i
#38810101915
1t
0s
0r
1y
1c
0i
#38810102580
0t
0s
0r
1y
1c
0i
#38810102997
1t
0s
0r
1y
1c
0i
#38810103659
0t
0s
0r
1y
0c
0i
#38810104077
1t
0s
0r
1y
0c
0i
#38810104741
0t
0s
0r
1y
0c
0i
#38810105159
1t
0s
0r
1y
0c
0i
#38810105827
0t
0s
0r
1y
0c
0i
#38810106244
1t
0s
0r
1y
0c
1i
#38810106909
0t
0s
0r
1y
0c
1i
#38810107328
1t
0s
0r
1y
0c
1i
#38810107996
0t
0s
0r
1y
0c
1i
#38810108415
1t
0s
0r
1y
0c
1i
#38810109085
0t
0s
0r
1y
0c
0i
#38810109503
1t
0s
0r
1y
0c
0i
#38810110169
0t
0s
0r
1y
0c
0i
#38810110589
1t
0s
0r
1y
0c
0i
#38810111256
0t
0s
0r
1y
0c
0i
#38810111673
1t
0s
0r
1y
0c
0i
#38810112342
0t
0s
0r
1y
0c
0i
#38810112757
1t
0s
0r
1y
0c
0i
#38810113419
0t
0s
0r
1y
0c
0i
#38810113837
1t
0s
0r
1y
0c
0i
#38810114498
0t
0s
0r
1y
0c
0i
#38810114912
1t
0s
0r
1y
0c
0i
#38810115574
0t
0s
0r
1y
0c
0i
#38810115986
1t
0s
0r
1y
0c
0i
#38810116643
0t
0s
0r
1y
0c
0i
#38810117056
1t
0s
0r
1y
0c
0i
#38810117713
0t
0s
0r
1y
0c
0i
#38810118124
1t
0s
0r
1y
0c
0i
#38810118784
0t
0s
0r
1y
0c
0i
#38810119194
1t
0s
0r
1y
0c
0i
#38810119848
0t
0s
0r
1y
0c
0i
#38810120261
1t
0s
0r
1y
0c
0i
#38810120917
0t
0s
0r
1y
0c
0i
#38810121329
1t
0s
0r
1y
0c
0i
#38810121990
0t
0s
0r
1y
0c
0i
#38810122400
1t
0s
0r
1y
0c
0i
#38810123057
0t
0s
0r
1y
0c
0i
#38810123470
1t
0s
0r
1y
0c
0i
#38810124127
0t
0s
0r
1y
0c
0i
#38810124542
1t
0s
0r
1y
0c
0i
#38810125202
0t
0s
0r
1y
0c
0i
#38810125615
1t
0s
0r
1y
0c
0i
#38810126271
0t
0s
0r
1y
0c
0i
#38810126686
1t
0s
0r
1y
0c
0i
#38810127344
0t
0s
0r
1y
0c
0i
#38810127757
1t
0s
0r
1y
0c
0i
#38810128418
0t
0s
0r
1y
0c
0i
#38810128831
1t
0s
0r
1y
0c
0i
#38810129487
0t
0s
0r
1y
0c
0i
#38810129902
1t
0s
0r
1y
0c
0i
#38810130558
0t
0s
0r
1y
0c
0i
#38810130973
1t
0s
0r
1y
0c
0i
#38810131633
0t
0s
0r
1y
0c
0i
#38810132046
1t
0s
0r
1y
0c
0i
#38810132701
0t
0s
0r
1y
0c
0i
#38810133116
1t
0s
0r
1y
0c
0i
#38810133773
0t
0s
0r
1y
0c
0i
#38810134188
1t
0s
0r
1y
0c
0i
#38810134848
0t
0s
0r
1y
0c
0i
#38810135263
1t
0s
0r
1y
0c
0i
#38810135918
0t
0s
0r
1y
0c
0i
#38810136335
1t
0s
0r
1y
0c
0i
#38810136993
0t
0s
0r
1y
1c
0i
#38810137409
1t
0s
0r
1y
1c
0i
#38810138072
0t
0s
0r
1y
1c
0i
#38810138486
1t
0s
0r
1y
1c
1i
#38810139146
0t
0s
0r
1y
1c
1i
#38810139563
1t
0s
0r
1y
1c
1i
#38810140226
0t
0s
0r
1y
1c
1i
#38810140642
1t
0s
0r
1y
1c
1i
#38810141308
0t
0s
0r
1y
1c
0i
#38810141723
1t
0s
0r
1y
1c
0i
#38810142384
0t
0s
0r
1y
1c
0i
#38810142802
1t
0s
0r
1y
1c
0i
#38810143464
0t
0s
0r
1y
1c
0i
#38810143880
1t
0s
0r
1y
1c
0i
#38810144545
0t
0s
0r
1y
1c
0i
#38810144960
1t
0s
0r
1y
1c
0i
#38810145619
0t
0s
0r
1y
1c
0i
#38810146038
1t
0s
0r
1y
1c
0i
#38810146698
0t
0s
0r
1y
1c
0i
#38810147115
1t
0s
0r
1y
1c
0i
#38810147778
0t
0s
0r
1y
1c
0i
#38810148194
1t
0s
0r
1y
1c
0i
#38810148852
0t
0s
0r
1y
1c
0i
#38810149270
1t
0s
0r
1y
1c
0i
#38810149929
0t
0s
0r
1y
1c
0i
#38810150346
1t
0s
0r
1y
1c
0i
#38810151007
0t
0s
0r
1y
1c
0i
#38810151424
1t
0s
0r
1y
1c
0i
#38810152081
0t
0s
0r
1y
1c
0i
#38810152500
1t
0s
0r
1y
1c
0i
#38810153159
0t
0s
0r
1y
1c
0i
#38810153576
1t
0s
0r
1y
1c
0i
#38810154238
0t
0s
0r
1y
1c
0i
#38810154654
1t
0s
0r
1y
1c
0i
#38810156367
0t
0s
0r
1y
1c
0i
#38810157568
1t
0s
0r
1y
1c
0i
#38810158555
0t
0s
0r
1y
1c
0i
#38810158958
1t
0s
0r
1y
1c
0i
#38810159622
0t
0s
0r
1y
1c
0i
#38810160036
1t
0s
0r
1y
1c
0i
#38810160697
0t
0s
0r
1y
1c
0i
#38810161112
1t
0s
0r
1y
1c
0i
#38810161772
0t
0s
0r
1y
1c
0i
#38810162190
1t
0s
0r
1y
1c
0i
#38810162850
0t
0s
0r
1y
1c
0i
#38810163265
1t
0s
0r
1y
1c
0i
#38810163927
0t
0s
0r
1y
1c
0i
#38810164341
1t
0s
0r
1y
1c
0i
#38810165000
0t
0s
0r
1y
1c
0i
#38810165416
1t
0s
0r
1y
1c
0i
#38810166076
0t
0s
0r
1y
1c
0i
#38810166491
1t
0s
0r
1y
1c
0i
#38810167153
0t
0s
0r
1y
1c
0i
#38810167569
1t
0s
0r
1y
1c
0i
#38810168227
0t
0s
0r
1y
1c
0i
#38810168644
1t
0s
0r
1y
1c
0i
#38810169305
0t
0s
0r
1y
0c
0i
#38810169721
1t
0s
0r
1y
0c
0i
#38810170387
0t
0s
0r
1y
0c
0i
#38810170802
1t
0s
0r
1y
0c
1i
#38810171465
0t
0s
0r
1y
0c
1i
#38810171882
1t
0s
0r
1y
0c
1i
#38810172546
0t
0s
0r
1y
0c
1i
#38810172964
1t
0s
0r
1y
0c
1i
#38810173048
1t
0s
1r
1y
0c
1i
#38810173051
1t
0s
0r
1y
0c
1i
#38810173632
0t
0s
0r
1y
0c
0i
#38810174048
1t
0s
0r
1y
0c
0i
#38810174712
0t
0s
0r
1y
0c
0i
#38810175129
1t
0s
0r
1y
0c
0i
#38810175793
0t
0s
0r
1y
0c
0i
#38810176210
1t
0s
0r
1y
0c
0i
#38810176877
0t
0s
0r
1y
0c
0i
#38810177292
1t
0s
0r
1y
0c
0i
#38810177954
0t
0s
0r
1y
0c
0i
#38810178372
1t
0s
0r
1y
0c
0i
#38810179034
0t
0s
0r
1y
0c
0i
#38810179450
1t
0s
0r
1y
0c
0i
#38810180116
0t
0s
0r
1y
0c
0i
#38810180530
1t
0s
0r
1y
0c
0i
#38810181193
0t
0s
0r
1y
0c
0i
#38810181608
1t
0s
0r
1y
0c
0i
#38810182273
0t
0s
0r
1y
0c
0i
#38810182687
1t
0s
0r
1y
0c
0i
#38810183354
0t
0s
0r
1y
0c
0i
#38810183767
1t
0s
0r
1y
0c
0i
#38810184430
0t
0s
0r
1y
0c
0i
#38810184844
1t
0s
0r
1y
0c
0i
#38810185509
0t
0s
0r
1y
0c
0i
#38810185923
1t
0s
0r
1y
0c
0i
#38810186591
0t
0s
0r
1y
0c
0i
#38810187004
1t
0s
0r
1y
0c
0i
#38810187668
0t
0s
0r
1y
0c
0i
#38810188083
1t
0s
0r
1y
0c
0i
#38810188748
0t
0s
0r
1y
0c
0i
#38810189164
1t
0s
0r
1y
0c
0i
#38810189831
0t
0s
0r
1y
0c
0i
#38810190246
1t
0s
0r
1y
0c
0i
#38810190908
0t
0s
0r
1y
0c
0i
#38810191325
1t
0s
0r
1y
0c
0i
#38810191989
0t
0s
0r
1y
0c
0i
#38810192405
1t
0s
0r
1y
0c
0i
#38810193072
0t
0s
0r
1y
0c
0i
#38810193487
1t
0s
0r
1y
0c
0i
#38810194149
0t
0s
0r
1y
0c
0i
#38810194566
1t
0s
0r
1y
0c
0i
#38810195229
0t
0s
0r
1y
0c
0i
#38810195646
1t
0s
0r
1y
0c
0i
#38810196311
0t
0s
0r
1y
0c
0i
#38810196727
1t
0s
0r
1y
0c
0i
#38810197389
0t
0s
0r
1y
0c
0i
#38810197806
1t
0s
0r
1y
0c
0i
#38810198469
0t
0s
0r
1y
0c
0i
#38810198886
1t
0s
0r
1y
0c
0i
#38810199552
0t
0s
0r
1y
0c
0i
#38810199970
1t
0s
0r
1y
0c
0i
#38810200631
0t
0s
0r
1y
0c
0i
#38810201051
1t
0s
0r
1y
1c
0i
#38810201715
0t
0s
0r
1y
1c
0i
#38810202134
1t
0s
0r
1y
1c
0i
#38810202803
0t
0s
0r
1y
1c
0i
#38810203221
1t
0s
0r
1y
1c
1i
#38810203888
0t
0s
0r
1y
1c
1i
#38810204308
1t
0s
0r
1y
1c
1i
#38810204977
0t
0s
0r
1y
1c
1i
#38810205396
1t
0s
0r
1y
1c
1i
#38810206068
0t
0s
0r
1y
1c
0i
#38810206487
1t
0s
0r
1y
1c
0i
#38810207154
0t
0s
0r
1y
1c
0i
#38810207575
1t
0s
0r
1y
1c
0i
#38810208243
0t
0s
0r
1y
1c
0i
#38810208663
1t
0s
0r
1y
1c
0i
#38810209334
0t
0s
0r
1y
1c
0i
#38810209752
1t
0s
0r
1y
1c
0i
#38810210418
0t
0s
0r
1y
1c
0i
#38810210839
1t
0s
0r
1y
1c
0i
#38810211505
0t
0s
0r
1y
1c
0i
#38810211926
1t
0s
0r
1y
1c
0i
#38810212595
0t
0s
0r
1y
1c
0i
#38810213014
1t
0s
0r
1y
1c
0i
#38810213679
0t
0s
0r
1y
1c
0i
#38810214100
1t
0s
0r
1y
1c
0i
#38810214765
0t
0s
0r
1y
1c
0i
#38810215186
1t
0s
0r
1y
1c
0i
#38810215853
0t
0s
0r
1y
1c
0i
#38810216274
1t
0s
0r
1y
1c
0i
#38810216937
0t
0s
0r
1y
1c
0i
#38810217359
1t
0s
0r
1y
1c
0i
#38810218023
0t
0s
0r
1y
1c
0i
#38810218444
1t
0s
0r
1y
1c
0i
#38810219111
0t
0s
0r
1y
1c
0i
#38810219531
1t
0s
0r
1y
1c
0i
#38810221258
0t
0s
0r
1y
1c
0i
#38810222470
1t
0s
0r
1y
1c
0i
#38810223464
0t
0s
0r
1y
1c
0i
#38810223871
1t
0s
0r
1y
1c
0i
#38810224541
0t
0s
0r
1y
1c
0i
#38810224958
1t
0s
0r
1y
1c
0i
#38810225625
0t
0s
0r
1y
1c
0i
#38810226044
1t
0s
0r
1y
1c
0i
#38810226710
0t
0s
0r
1y
1c
0i
#38810227130
1t
0s
0r
1y
1c
0i
#38810227796
0t
0s
0r
1y
1c
0i
#38810228214
1t
0s
0r
1y
1c
0i
#38810228883
0t
0s
0r
1y
1c
0i
#38810229300
1t
0s
0r
1y
1c
0i
#38810229964
0t
0s
0r
1y
1c
0i
#38810230383
1t
0s
0r
1y
1c
0i
#38810231048
0t
0s
0r
1y
1c
0i
#38810231467
1t
0s
0r
1y
1c
0i
#38810232134
0t
0s
0r
1y
1c
0i
#38810232553
1t
0s
0r
1y
1c
0i
#38810233217
0t
0s
0r
1y
1c
0i
#38810233638
1t
0s
0r
1y
1c
0i
#38810234304
0t
0s
0r
1y
0c
0i
#38810234724
1t
0s
0r
1y
0c
0i
#38810235395
0t
0s
0r
1y
0c
0i
#38810235813
1t
0s
0r
1y
0c
1i
#38810236481
0t
0s
0r
1y
0c
1i
#38810236901
1t
0s
0r
1y
0c
1i
#38810237571
0t
0s
0r
1y
0c
1i
#38810237991
1t
0s
0r
1y
0c
1i
#38810238665
0t
0s
0r
1y
0c
0i
#38810239084
1t
0s
0r
1y
0c
0i
#38810239752
0t
0s
0r
1y
0c
0i
#38810240173
1t
0s
0r
1y
0c
0i
#38810240843
0t
0s
0r
1y
0c
0i
#38810241262
1t
0s
0r
1y
0c
0i
#38810241935
0t
0s
0r
1y
0c
0i
#38810242352
1t
0s
0r
1y
0c
0i
#38810243019
0t
0s
0r
1y
0c
0i
#38810243440
1t
0s
0r
1y
0c
0i
#38810244108
0t
0s
0r
1y
0c
0i
#38810244527
1t
0s
0r
1y
0c
0i
#38810245198
0t
0s
0r
1y
0c
0i
#38810245615
1t
0s
0r
1y
0c
0i
#38810246282
0t
0s
0r
1y
0c
0i
#38810246700
1t
0s
0r
1y
0c
0i
#38810247369
0t
0s
0r
1y
0c
0i
#38810247785
1t
0s
0r
1y
0c
0i
#38810248457
0t
0s
0r
1y
0c
0i
#38810248872
1t
0s
0r
1y
0c
0i
#38810249539
0t
0s
0r
1y
0c
0i
#38810249956
1t
0s
0r
1y
0c
0i
#38810250624
0t
0s
0r
1y
0c
0i
#38810251041
1t
0s
0r
1y
0c
0i
#38810251712
0t
0s
0r
1y
0c
0i
#38810252128
1t
0s
0r
1y
0c
0i
#38810252796
0t
0s
0r
1y
0c
0i
#38810253214
1t
0s
0r
1y
0c
0i
#38810253882
0t
0s
0r
1y
0c
0i
#38810254301
1t
0s
0r
1y
0c
0i
#38810254971
0t
0s
0r
1y
0c
0i
#38810255389
1t
0s
0r
1y
0c
0i
#38810256054
0t
0s
0r
1y
0c
0i
#38810256474
1t
0s
0r
1y
0c
0i
#38810257142
0t
0s
0r
1y
0c
0i
#38810257560
1t
0s
0r
1y
0c
0i
#38810258230
0t
0s
0r
1y
0c
0i
#38810258647
1t
0s
0r
1y
0c
0i
#38810259312
0t
0s
0r
1y
0c
0i
#38810259732
1t
0s
0r
1y
0c
0i
#38810260397
0t
0s
0r
1y
0c
0i
#38810260817
1t
0s
0r
1y
0c
0i
#38810261486
0t
0s
0r
1y
0c
0i
#38810261903
1t
0s
0r
1y
0c
0i
#38810262568
0t
0s
0r
1y
0c
0i
#38810262987
1t
0s
0r
1y
0c
0i
#38810263653
0t
0s
0r
1y
0c
0i
#38810264072
1t
0s
0r
1y
0c
0i
#38810264740
0t
0s
0r
1y
0c
0i
#38810265160
1t
0s
0r
1y
0c
0i
#38810265824
0t
0s
0r
1y
0c
0i
#38810266246
1t
0s
0r
1y
0c
0i
#38810266913
0t
0s
0r
1y
1c
0i
#38810267334
1t
0s
0r
1y
1c
0i
#38810268005
0t
0s
0r
1y
1c
0i
#38810268425
1t
0s
0r
1y
1c
1i
#38810269094
0t
0s
0r
1y
1c
1i
#38810269516
1t
0s
0r
1y
1c
1i
#38810270188
0t
0s
0r
1y
1c
1i
#38810270609
1t
0s
0r
1y
1c
1i
#38810271285
0t
0s
0r
1y
1c
0i
#38810271705
1t
0s
0r
1y
1c
0i
#38810272376
0t
0s
0r
1y
1c
0i
#38810272798
1t
0s
0r
1y
1c
0i
#38810273470
0t
0s
0r
1y
1c
0i
#38810273891
1t
0s
0r
1y
1c
0i
#38810274565
0t
0s
0r
1y
1c
0i
#38810274985
1t
0s
0r
1y
1c
0i
#38810275654
0t
0s
0r
1y
1c
0i
#38810276078
1t
0s
0r
1y
1c
0i
#38810276746
0t
0s
0r
1y
1c
0i
#38810277169
1t
0s
0r
1y
1c
0i
#38810277841
0t
0s
0r
1y
1c
0i
#38810278261
1t
0s
0r
1y
1c
0i
#38810278928
0t
0s
0r
1y
1c
0i
#38810279350
1t
0s
0r
1y
1c
0i
#38810280019
0t
0s
0r
1y
1c
0i
#38810280440
1t
0s
0r
1y
1c
0i
#38810281111
0t
0s
0r
1y
1c
0i
#38810281532
1t
0s
0r
1y
1c
0i
#38810282197
0t
0s
0r
1y
1c
0i
#38810282621
1t
0s
0r
1y
1c
0i
#38810283287
0t
0s
0r
1y
1c
0i
#38810283709
1t
0s
0r
1y
1c
0i
#38810284380
0t
0s
0r
1y
1c
0i
#38810284800
1t
0s
0r
1y
1c
0i
#38810286534
0t
0s
0r
1y
1c
0i
#38810287750
1t
0s
0r
1y
1c
0i
#38810288748
0t
0s
0r
1y
1c
0i
#38810289157
1t
0s
0r
1y
1c
0i
#38810289829
0t
0s
0r
1y
1c
0i
#38810290248
1t
0s
0r
1y
1c
0i
#38810290918
0t
0s
0r
1y
1c
0i
#38810291337
1t
0s
0r
1y
1c
0i
#38810292006
0t
0s
0r
1y
1c
0i
#38810292428
1t
0s
0r
1y
1c
0i
#38810293097
0t
0s
0r
1y
1c
0i
#38810293516
1t
0s
0r
1y
1c
0i
#38810294188
0t
0s
0r
1y
1c
0i
#38810294606
1t
0s
0r
1y
1c
0i
#38810295274
0t
0s
0r
1y
1c
0i
#38810295694
1t
0s
0r
1y
1c
0i
#38810296363
0t
0s
0r
1y
1c
0i
#38810296782
1t
0s
0r
1y
1c
0i
#38810297454
0t
0s
0r
1y
1c
0i
#38810297874
1t
0s
0r
1y
1c
0i
#38810298542
0t
0s
0r
1y
0c
0i
#38810298964
1t
0s
0r
1y
0c
0i
#38810299634
0t
0s
0r
1y
0c
0i
#38810300055
1t
0s
0r
1y
0c
0i
#38810300730
0t
0s
0r
1y
0c
0i
#38810301150
1t
0s
0r
1y
0c
1i
#38810301822
0t
0s
0r
1y
0c
1i
#38810302245
1t
0s
0r
1y
0c
1i
#38810302919
0t
0s
0r
1y
0c
1i
#38810303309
0t
0s
1r
1y
0c
1i
#38810303312
0t
0s
0r
1y
0c
1i
#38810303341
1t
0s
0r
1y
0c
1i
#38810304019
0t
0s
0r
1y
0c
0i
#38810304440
1t
0s
0r
1y
0c
0i
#38810305113
0t
0s
0r
1y
0c
0i
#38810305535
1t
0s
0r
1y
0c
0i
#38810306210
0t
0s
0r
1y
0c
0i
#38810306630
1t
0s
0r
1y
0c
0i
#38810307307
0t
0s
0r
1y
0c
0i
#38810307726
1t
0s
0r
1y
0c
0i
#38810308397
0t
0s
0r
1y
0c
0i
#38810308818
1t
0s
0r
1y
0c
0i
#38810309488
0t
0s
0r
1y
0c
0i
#38810309908
1t
0s
0r
1y
0c
0i
#38810310580
0t
0s
0r
1y
0c
0i
#38810310998
1t
0s
0r
1y
0c
0i
#38810311666
0t
0s
0r
1y
0c
0i
#38810312084
1t
0s
0r
1y
0c
0i
#38810312753
0t
0s
0r
1y
0c
0i
#38810313170
1t
0s
0r
1y
0c
0i
#38810313842
0t
0s
0r
1y
0c
0i
#38810314256
1t
0s
0r
1y
0c
0i
#38810314924
0t
0s
0r
1y
0c
0i
#38810315341
1t
0s
0r
1y
0c
0i
#38810316010
0t
0s
0r
1y
0c
0i
#38810316426
1t
0s
0r
1y
0c
0i
#38810317099
0t
0s
0r
1y
0c
0i
#38810317514
1t
0s
0r
1y
0c
0i
#38810318183
0t
0s
0r
1y
0c
0i
#38810318601
1t
0s
0r
1y
0c
0i
#38810319270
0t
0s
0r
1y
0c
0i
#38810319689
1t
0s
0r
1y
0c
0i
#38810320361
0t
0s
0r
1y
0c
0i
#38810320778
1t
0s
0r
1y
0c
0i
#38810321445
0t
0s
0r
1y
0c
0i
#38810321865
1t
0s
0r
1y
0c
0i
#38810322534
0t
0s
0r
1y
0c
0i
#38810322953
1t
0s
0r
1y
0c
0i
#38810323625
0t
0s
0r
1y
0c
0i
#38810324043
1t
0s
0r
1y
0c
0i
#38810324710
0t
0s
0r
1y
0c
0i
#38810325131
1t
0s
0r
1y
0c
0i
#38810325799
0t
0s
0r
1y
0c
0i
#38810326219
1t
0s
0r
1y
0c
0i
#38810326890
0t
0s
0r
1y
0c
0i
#38810327308
1t
0s
0r
1y
0c
0i
#38810327975
0t
0s
0r
1y
0c
0i
#38810328395
1t
0s
0r
1y
0c
0i
#38810329064
0t
0s
0r
1y
0c
0i
#38810329484
1t
0s
0r
1y
0c
0i
#38810330155
0t
0s
0r
1y
0c
0i
#38810330576
1t
0s
0r
1y
0c
0i
#38810331242
0t
0s
0r
1y
0c
0i
#38810331665
1t
0s
0r
1y
1c
0i
#38810332335
0t
0s
0r
1y
1c
0i
#38810332757
1t
0s
0r
1y
1c
0i
#38810333432
0t
0s
0r
1y
1c
0i
#38810333853
1t
0s
0r
1y
1c
1i
#38810334525
0t
0s
0r
1y
1c
1i
#38810334948
1t
0s
0r
1y
1c
1i
#38810335622
0t
0s
0r
1y
1c
1i
#38810336045
1t
0s
0r
1y
1c
1i
#38810336723
0t
0s
0r
1y
1c
0i
#38810337145
1t
0s
0r
1y
1c
0i
#38810337818
0t
0s
0r
1y
1c
0i
#38810338241
1t
0s
0r
1y
1c
0i
#38810338916
0t
0s
0r
1y
1c
0i
#38810339339
1t
0s
0r
1y
1c
0i
#38810340015
0t
0s
0r
1y
1c
0i
#38810340437
1t
0s
0r
1y
1c
0i
#38810341108
0t
0s
0r
1y
1c
0i
#38810341533
1t
0s
0r
1y
1c
0i
#38810342203
0t
0s
0r
1y
1c
0i
#38810342627
1t
0s
0r
1y
1c
0i
#38810343300
0t
0s
0r
1y
1c
0i
#38810343722
1t
0s
0r
1y
1c
0i
#38810344391
0t
0s
0r
1y
1c
0i
#38810344814
1t
0s
0r
1y
1c
0i
#38810345482
0t
0s
0r
1y
1c
0i
#38810345904
1t
0s
0r
1y
1c
0i
#38810346574
0t
0s
0r
1y
1c
0i
#38810346996
1t
0s
0r
1y
1c
0i
#38810347661
0t
0s
0r
1y
1c
0i
#38810348084
1t
0s
0r
1y
1c
0i
#38810348750
0t
0s
0r
1y
1c
0i
#38810349172
1t
0s
0r
1y
1c
0i
#38810349841
0t
0s
0r
1y
1c
0i
#38810350262
1t
0s
0r
1y
1c
0i
#38810351994
0t
0s
0r
1y
1c
0i
#38810353209
1t
0s
0r
1y
1c
0i
#38810354207
0t
0s
0r
1y
1c
0i
#38810354616
1t
0s
0r
1y
1c
0i
#38810355287
0t
0s
0r
1y
1c
0i
#38810355707
1t
0s
0r
1y
1c
0i
#38810356377
0t
0s
0r
1y
1c
0i
#38810356797
1t
0s
0r
1y
1c
0i
#38810357466
0t
0s
0r
1y
1c
0i
#38810357888
1t
0s
0r
1y
1c
0i
#38810358557
0t
0s
0r
1y
1c
0i
#38810358977
1t
0s
0r
1y
1c
0i
#38810359649
0t
0s
0r
1y
1c
0i
#38810360067
1t
0s
0r
1y
1c
0i
#38810360735
0t
0s
0r
1y
1c
0i
#38810361156
1t
0s
0r
1y
1c
0i
#38810361825
0t
0s
0r
1y
1c
0i
#38810362244
1t
0s
0r
1y
1c
0i
#38810362916
0t
0s
0r
1y
1c
0i
#38810363337
1t
0s
0r
1y
1c
0i
#38810364004
0t
0s
0r
1y
0c
0i
#38810364426
1t
0s
0r
1y
0c
0i
#38810365096
0t
0s
0r
1y
0c
0i
#38810365517
1t
0s
0r
1y
0c
0i
#38810366192
0t
0s
0r
1y
0c
0i
#38810366612
1t
0s
0r
1y
0c
1i
#38810367284
0t
0s
0r
1y
0c
1i
#38810367706
1t
0s
0r
1y
0c
1i
#38810368379
0t
0s
0r
1y
0c
1i
#38810368802
1t
0s
0r
1y
0c
1i
#38810369479
0t
0s
0r
1y
0c
0i
#38810369899
1t
0s
0r
1y
0c
0i
#38810370572
0t
0s
0r
1y
0c
0i
#38810370994
1t
0s
0r
1y
0c
0i
#38810371668
0t
0s
0r
1y
0c
0i
#38810372088
1t
0s
0r
1y
0c
0i
#38810372764
0t
0s
0r
1y
0c
0i
#38810373182
1t
0s
0r
1y
0c
0i
#38810373852
0t
0s
0r
1y
0c
0i
#38810374273
1t
0s
0r
1y
0c
0i
#38810374941
0t
0s
0r
1y
0c
0i
#38810375360
1t
0s
0r
1y
0c
0i
#38810376029
0t
0s
0r
1y
0c
0i
#38810376446
1t
0s
0r
1y
0c
0i
#38810377111
0t
0s
0r
1y
0c
0i
#38810377528
1t
0s
0r
1y
0c
0i
#38810378193
0t
0s
0r
1y
0c
0i
#38810378609
1t
0s
0r
1y
0c
0i
#38810379277
0t
0s
0r
1y
0c
0i
#38810379691
1t
0s
0r
1y
0c
0i
#38810380354
0t
0s
0r
1y
0c
0i
#38810380770
1t
0s
0r
1y
0c
0i
#38810381435
0t
0s
0r
1y
0c
0i
#38810381850
1t
0s
0r
1y
0c
0i
#38810382518
0t
0s
0r
1y
0c
0i
#38810382933
1t
0s
0r
1y
0c
0i
#38810383598
0t
0s
0r
1y
0c
0i
#38810384015
1t
0s
0r
1y
0c
0i
#38810384680
0t
0s
0r
1y
0c
0i
#38810385098
1t
0s
0r
1y
0c
0i
#38810385766
0t
0s
0r
1y
0c
0i
#38810386183
1t
0s
0r
1y
0c
0i
#38810386846
0t
0s
0r
1y
0c
0i
#38810387265
1t
0s
0r
1y
0c
0i
#38810387931
0t
0s
0r
1y
0c
0i
#38810388348
1t
0s
0r
1y
0c
0i
#38810389016
0t
0s
0r
1y
0c
0i
#38810389432
1t
0s
0r
1y
0c
0i
#38810390096
0t
0s
0r
1y
0c
0i
#38810390515
1t
0s
0r
1y
0c
0i
#38810391179
0t
0s
0r
1y
0c
0i
#38810391597
1t
0s
0r
1y
0c
0i
#38810392264
0t
0s
0r
1y
0c
0i
#38810392681
1t
0s
0r
1y
0c
0i
#38810393344
0t
0s
0r
1y
0c
0i
#38810393762
1t
0s
0r
1y
0c
0i
#38810394426
0t
0s
0r
1y
0c
0i
#38810394845
1t
0s
0r
1y
0c
0i
#38810395511
0t
0s
0r
1y
0c
0i
#38810395930
1t
0s
0r
1y
0c
0i
#38810396593
0t
0s
0r
1y
0c
0i
#38810397013
1t
0s
0r
1y
1c
0i
#38810397679
0t
0s
0r
1y
1c
0i
#38810398099
1t
0s
0r
1y
1c
0i
#38810398769
0t
0s
0r
1y
1c
0i
#38810399188
1t
0s
0r
1y
1c
1i
#38810399855
0t
0s
0r
1y
1c
1i
#38810400276
1t
0s
0r
1y
1c
1i
#38810400946
0t
0s
0r
1y
1c
1i
#38810401367
1t
0s
0r
1y
1c
1i
#38810402041
0t
0s
0r
1y
1c
0i
#38810402460
1t
0s
0r
1y
1c
0i
#38810403129
0t
0s
0r
1y
1c
0i
#38810403550
1t
0s
0r
1y
1c
0i
#38810404220
0t
0s
0r
1y
1c
0i
#38810404641
1t
0s
0r
1y
1c
0i
#38810405313
0t
0s
0r
1y
1c
0i
#38810405732
1t
0s
0r
1y
1c
0i
#38810406399
0t
0s
0r
1y
1c
0i
#38810406821
1t
0s
0r
1y
1c
0i
#38810407487
0t
0s
0r
1y
1c
0i
#38810407908
1t
0s
0r
1y
1c
0i
#38810408576
0t
0s
0r
1y
1c
0i
#38810408996
1t
0s
0r
1y
1c
0i
#38810409658
0t
0s
0r
1y
1c
0i
#38810410079
1t
0s
0r
1y
1c
0i
#38810410742
0t
0s
0r
1y
1c
0i
#38810411161
1t
0s
0r
1y
1c
0i
#38810411827
0t
0s
0r
1y
1c
0i
#38810412246
1t
0s
0r
1y
1c
0i
#38810412906
0t
0s
0r
1y
1c
0i
#38810413327
1t
0s
0r
1y
1c
0i
#38810413989
0t
0s
0r
1y
1c
0i
#38810414408
1t
0s
0r
1y
1c
0i
#38810415073
0t
0s
0r
1y
1c
0i
#38810415492
1t
0s
0r
1y
1c
0i
#38810417215
0t
0s
0r
1y
1c
0i
#38810418423
1t
0s
0r
1y
1c
0i
#38810419415
0t
0s
0r
1y
1c
0i
#38810419821
1t
0s
0r
1y
1c
0i
#38810420489
0t
0s
0r
1y
1c
0i
#38810420906
1t
0s
0r
1y
1c
0i
#38810421571
0t
0s
0r
1y
1c
0i
#38810421989
1t
0s
0r
1y
1c
0i
#38810422654
0t
0s
0r
1y
1c
0i
#38810423073
1t
0s
0r
1y
1c
0i
#38810423738
0t
0s
0r
1y
1c
0i
#38810424155
1t
0s
0r
1y
1c
0i
#38810424822
0t
0s
0r
1y
1c
0i
#38810425238
1t
0s
0r
1y
1c
0i
#38810425901
0t
0s
0r
1y
1c
0i
#38810426319
1t
0s
0r
1y
1c
0i
#38810426984
0t
0s
0r
1y
1c
0i
#38810427401
1t
0s
0r
1y
1c
0i
#38810428067
0t
0s
0r
1y
1c
0i
#38810428486
1t
0s
0r
1y
1c
0i
#38810429148
0t
0s
0r
1y
1c
0i
#38810429568
1t
0s
0r
1y
0c
0i
#38810430233
0t
0s
0r
1y
0c
0i
#38810430652
1t
0s
0r
1y
0c
0i
#38810431321
0t
0s
0r
1y
0c
0i
#38810431739
1t
0s
0r
1y
0c
1i
#38810432406
0t
0s
0r
1y
0c
1i
#38810432825
1t
0s
0r
1y
0c
1i
#38810433494
0t
0s
0r
1y
0c
1i
#38810433914
1t
0s
0r
1y
0c
1i
#38810434037
1t
0s
1r
1y
0c
1i
#38810434040
1t
0s
0r
1y
0c
1i
#38810434586
0t
0s
0r
1y
0c
0i
#38810435004
1t
0s
0r
1y
0c
0i
#38810435672
0t
0s
0r
1y
0c
0i
#38810436092
1t
0s
0r
1y
0c
0i
#38810436761
0t
0s
0r
1y
0c
0i
#38810437179
1t
0s
0r
1y
0c
0i
#38810437851
0t
0s
0r
1y
0c
0i
#38810438268
1t
0s
0r
1y
0c
0i
#38810438935
0t
0s
0r
1y
0c
0i
#38810439355
1t
0s
0r
1y
0c
0i
#38810440022
0t
0s
0r
1y
0c
0i
#38810440441
1t
0s
0r
1y
0c
0i
#38810441112
0t
0s
0r
1y
0c
0i
#38810441529
1t
0s
0r
1y
0c
0i
#38810442197
0t
0s
0r
1y
0c
0i
#38810442615
1t
0s
0r
1y
0c
0i
#38810443284
0t
0s
0r
1y
0c
0i
#38810443700
1t
0s
0r
1y
0c
0i
#38810444373
0t
0s
0r
1y
0c
0i
#38810444787
1t
0s
0r
1y
0c
0i
#38810445455
0t
0s
0r
1y
0c
0i
#38810445872
1t
0s
0r
1y
0c
0i
#38810446542
0t
0s
0r
1y
0c
0i
#38810446958
1t
0s
0r
1y
0c
0i
#38810447630
0t
0s
0r
1y
0c
0i
#38810448045
1t
0s
0r
1y
0c
0i
#38810448713
0t
0s
0r
1y
0c
0i
#38810449131
1t
0s
0r
1y
0c
0i
#38810449799
0t
0s
0r
1y
0c
0i
#38810450218
1t
0s
0r
1y
0c
0i
#38810450889
0t
0s
0r
1y
0c
0i
#38810451306
1t
0s
0r
1y
0c
0i
#38810451973
0t
0s
0r
1y
0c
0i
#38810452392
1t
0s
0r
1y
0c
0i
#38810453060
0t
0s
0r
1y
0c
0i
#38810453478
1t
0s
0r
1y
0c
0i
#38810454149
0t
0s
0r
1y
0c
0i
#38810454566
1t
0s
0r
1y
0c
0i
#38810455233
0t
0s
0r
1y
0c
0i
#38810455652
1t
0s
0r
1y
0c
0i
#38810456320
0t
0s
0r
1y
0c
0i
#38810456738
1t
0s
0r
1y
0c
0i
#38810457409
0t
0s
0r
1y
0c
0i
#38810457826
1t
0s
0r
1y
0c
0i
#38810458492
0t
0s
0r
1y
0c
0i
#38810458912
1t
0s
0r
1y
0c
0i
#38810459579
0t
0s
0r
1y
0c
0i
#38810459998
1t
0s
0r
1y
0c
0i
#38810460668
0t
0s
0r
1y
0c
0i
#38810461088
1t
0s
0r
1y
0c
0i
#38810461753
0t
0s
0r
1y
0c
0i
#38810462175
1t
0s
0r
1y
1c
0i
#38810462843
0t
0s
0r
1y
1c
0i
#38810463265
1t
0s
0r
1y
1c
0i
#38810463938
0t
0s
0r
1y
1c
0i
#38810464358
1t
0s
0r
1y
1c
1i
#38810465028
0t
0s
0r
1y
1c
1i
#38810465450
1t
0s
0r
1y
1c
1i
#38810466123
0t
0s
0r
1y
1c
1i
#38810466545
1t
0s
0r
1y
1c
1i
#38810467222
0t
0s
0r
1y
1c
0i
#38810467642
1t
0s
0r
1y
1c
0i
#38810468314
0t
0s
0r
1y
1c
0i
#38810468736
1t
0s
0r
1y
1c
0i
#38810469409
0t
0s
0r
1y
1c
0i
#38810469831
1t
0s
0r
1y
1c
0i
#38810470506
0t
0s
0r
1y
1c
0i
#38810470927
1t
0s
0r
1y
1c
0i
#38810471596
0t
0s
0r
1y
1c
0i
#38810472020
1t
0s
0r
1y
1c
0i
#38810472690
0t
0s
0r
1y
1c
0i
#38810473113
1t
0s
0r
1y
1c
0i
#38810473786
0t
0s
0r
1y
1c
0i
#38810474208
1t
0s
0r
1y
1c
0i
#38810474876
0t
0s
0r
1y
1c
0i
#38810475299
1t
0s
0r
1y
1c
0i
#38810475968
0t
0s
0r
1y
1c
0i
#38810476390
1t
0s
0r
1y
1c
0i
#38810477062
0t
0s
0r
1y
1c
0i
#38810477484
1t
0s
0r
1y
1c
0i
#38810478150
0t
0s
0r
1y
1c
0i
#38810478575
1t
0s
0r
1y
1c
0i
#38810479243
0t
0s
0r
1y
1c
0i
#38810479666
1t
0s
0r
1y
1c
0i
#38810480338
0t
0s
0r
1y
1c
0i
#38810480759
1t
0s
0r
1y
1c
0i
#38810482496
0t
0s
0r
1y
1c
0i
#38810483714
1t
0s
0r
1y
1c
0i
#38810484714
0t
0s
0r
1y
1c
0i
#38810485123
1t
0s
0r
1y
1c
0i
#38810485796
0t
0s
0r
1y
1c
0i
#38810486216
1t
0s
0r
1y
1c
0i
#38810486886
0t
0s
0r
1y
1c
0i
#38810487307
1t
0s
0r
1y
1c
0i
#38810487977
0t
0s
0r
1y
1c
0i
#38810488399
1t
0s
0r
1y
1c
0i
#38810489069
0t
0s
0r
1y
1c
0i
#38810489489
1t
0s
0r
1y
1c
0i
#38810490161
0t
0s
0r
1y
1c
0i
#38810490580
1t
0s
0r
1y
1c
0i
#38810491249
0t
0s
0r
1y
1c
0i
#38810491669
1t
0s
0r
1y
1c
0i
#38810492339
0t
0s
0r
1y
1c
0i
#38810492759
1t
0s
0r
1y
1c
0i
#38810493430
0t
0s
0r
1y
1c
0i
#38810493852
1t
0s
0r
1y
0c
0i
#38810494519
0t
0s
0r
1y
0c
0i
#38810494942
1t
0s
0r
1y
0c
0i
#38810495613
0t
0s
0r
1y
0c
0i
#38810496035
1t
0s
0r
1y
0c
0i
#38810496710
0t
0s
0r
1y
0c
0i
#38810497130
1t
0s
0r
1y
0c
1i
#38810497803
0t
0s
0r
1y
0c
1i
#38810498226
1t
0s
0r
1y
0c
1i
#38810498900
0t
0s
0r
1y
0c
1i
#38810499323
1t
0s
0r
1y
0c
1i
#38810500001
0t
0s
0r
1y
0c
0i
#38810500423
1t
0s
0r
1y
0c
0i
#38810501097
0t
0s
0r
1y
0c
0i
#38810501519
1t
0s
0r
1y
0c
0i
#38810502193
0t
0s
0r
1y
0c
0i
#38810502615
1t
0s
0r
1y
0c
0i
#38810503291
0t
0s
0r
1y
0c
0i
#38810503711
1t
0s
0r
1y
0c
0i
#38810504382
0t
0s
0r
1y
0c
0i
#38810504804
1t
0s
0r
1y
0c
0i
#38810505474
0t
0s
0r
1y
0c
0i
#38810505894
1t
0s
0r
1y
0c
0i
#38810506566
0t
0s
0r
1y
0c
0i
#38810506983
1t
0s
0r
1y
0c
0i
#38810507651
0t
0s
0r
1y
0c
0i
#38810508069
1t
0s
0r
1y
0c
0i
#38810508737
0t
0s
0r
1y
0c
0i
#38810509154
1t
0s
0r
1y
0c
0i
#38810509825
0t
0s
0r
1y
0c
0i
#38810510240
1t
0s
0r
1y
0c
0i
#38810510905
0t
0s
0r
1y
0c
0i
#38810511323
1t
0s
0r
1y
0c
0i
#38810511991
0t
0s
0r
1y
0c
0i
#38810512407
1t
0s
0r
1y
0c
0i
#38810513078
0t
0s
0r
1y
0c
0i
#38810513493
1t
0s
0r
1y
0c
0i
#38810514161
0t
0s
0r
1y
0c
0i
#38810514579
1t
0s
0r
1y
0c
0i
#38810515246
0t
0s
0r
1y
0c
0i
#38810515666
1t
0s
0r
1y
0c
0i
#38810516336
0t
0s
0r
1y
0c
0i
#38810516754
1t
0s
0r
1y
0c
0i
#38810517419
0t
0s
0r
1y
0c
0i
#38810517839
1t
0s
0r
1y
0c
0i
#38810518507
0t
0s
0r
1y
0c
0i
#38810518925
1t
0s
0r
1y
0c
0i
#38810519596
0t
0s
0r
1y
0c
0i
#38810520013
1t
0s
0r
1y
0c
0i
#38810520679
0t
0s
0r
1y
0c
0i
#38810521099
1t
0s
0r
1y
0c
0i
#38810521765
0t
0s
0r
1y
0c
0i
#38810522184
1t
0s
0r
1y
0c
0i
#38810522854
0t
0s
0r
1y
0c
0i
#38810523271
1t
0s
0r
1y
0c
0i
#38810523936
0t
0s
0r
1y
0c
0i
#38810524356
1t
0s
0r
1y
0c
0i
#38810525023
0t
0s
0r
1y
0c
0i
#38810525442
1t
0s
0r
1y
0c
0i
#38810526110
0t
0s
0r
1y
0c
0i
#38810526531
1t
0s
0r
1y
0c
0i
#38810527195
0t
0s
0r
1y
0c
0i
#38810527617
1t
0s
0r
1y
1c
0i
#38810528285
0t
0s
0r
1y
1c
0i
#38810528706
1t
0s
0r
1y
1c
0i
#38810529378
0t
0s
0r
1y
1c
0i
#38810529798
1t
0s
0r
1y
1c
1i
#38810530468
0t
0s
0r
1y
1c
1i
#38810530890
1t
0s
0r
1y
1c
1i
#38810531562
0t
0s
0r
1y
1c
1i
#38810531985
1t
0s
0r
1y
1c
1i
#38810532660
0t
0s
0r
1y
1c
0i
#38810533081
1t
0s
0r
1y
1c
0i
#38810533753
0t
0s
0r
1y
1c
0i
#38810534175
1t
0s
0r
1y
1c
0i
#38810534848
0t
0s
0r
1y
1c
0i
#38810535269
1t
0s
0r
1y
1c
0i
#38810535944
0t
0s
0r
1y
1c
0i
#38810536365
1t
0s
0r
1y
1c
0i
#38810537033
0t
0s
0r
1y
1c
0i
#38810537457
1t
0s
0r
1y
1c
0i
#38810538127
0t
0s
0r
1y
1c
0i
#38810538549
1t
0s
0r
1y
1c
0i
#38810539221
0t
0s
0r
1y
1c
0i
#38810539642
1t
0s
0r
1y
1c
0i
#38810540309
0t
0s
0r
1y
1c
0i
#38810540732
1t
0s
0r
1y
1c
0i
#38810541400
0t
0s
0r
1y
1c
0i
#38810541822
1t
0s
0r
1y
1c
0i
#38810542492
0t
0s
0r
1y
1c
0i
#38810542914
1t
0s
0r
1y
1c
0i
#38810543579
0t
0s
0r
1y
1c
0i
#38810544003
1t
0s
0r
1y
1c
0i
#38810544670
0t
0s
0r
1y
1c
0i
#38810545092
1t
0s
0r
1y
1c
0i
#38810545763
0t
0s
0r
1y
1c
0i
#38810546184
1t
0s
0r
1y
1c
0i
#38810547919
0t
0s
0r
1y
1c
0i
#38810549135
1t
0s
0r
1y
1c
0i
#38810550134
0t
0s
0r
1y
1c
0i
#38810550542
1t
0s
0r
1y
1c
0i
#38810551215
0t
0s
0r
1y
1c
0i
#38810551634
1t
0s
0r
1y
1c
0i
#38810552304
0t
0s
0r
1y
1c
0i
#38810552724
1t
0s
0r
1y
1c
0i
#38810553393
0t
0s
0r
1y
1c
0i
#38810553815
1t
0s
0r
1y
1c
0i
#38810554484
0t
0s
0r
1y
1c
0i
#38810554904
1t
0s
0r
1y
1c
0i
#38810555577
0t
0s
0r
1y
1c
0i
#38810555995
1t
0s
0r
1y
1c
0i
#38810556664
0t
0s
0r
1y
1c
0i
#38810557084
1t
0s
0r
1y
1c
0i
#38810557754
0t
0s
0r
1y
1c
0i
#38810558173
1t
0s
0r
1y
1c
0i
#38810558846
0t
0s
0r
1y
1c
0i
#38810559266
1t
0s
0r
1y
1c
0i
#38810559935
0t
0s
0r
1y
0c
0i
#38810560357
1t
0s
0r
1y
0c
0i
#38810561028
0t
0s
0r
1y
0c
0i
#38810561450
1t
0s
0r
1y
0c
0i
#38810562125
0t
0s
0r
1y
0c
0i
#38810562546
1t
0s
0r
1y
0c
1i
#38810563219
0t
0s
0r
1y
0c
1i
#38810563641
1t
0s
0r
1y
0c
1i
#38810564316
0t
0s
0r
1y
0c
1i
#38810564739
1t
0s
0r
1y
0c
1i
#38810564793
1t
0s
1r
1y
0c
1i
#38810564795
1t
0s
0r
1y
0c
1i
#38810705200
0t
0s
0r
1y
0c
0i
#38810705621
1t
0s
0r
1y
0c
0i
#38810706303
0t
0s
0r
1y
0c
0i
#38810706723
1t
0s
0r
1y
0c
0i
#38810707400
0t
0s
0r
1y
0c
0i
#38810707822
1t
0s
0r
1y
0c
0i
#38810708502
0t
0s
0r
1y
0c
0i
#38810708924
1t
0s
0r
1y
0c
0i
#38810709607
0t
0s
0r
1y
0c
0i
#38810710027
1t
0s
0r
1y
0c
0i
#38810710706
0t
0s
0r
1y
0c
0i
#38810711129
1t
0s
0r
1y
0c
0i
#38810711808
0t
0s
0r
1y
0c
0i
#38810712232
1t
0s
0r
1y
0c
0i
#38810712914
0t
0s
0r
1y
0c
0i
#38810713336
1t
0s
0r
1y
0c
0i
#38810714014
0t
0s
0r
1y
0c
0i
#38810714438
1t
0s
0r
1y
0c
0i
#38810715117
0t
0s
0r
1y
0c
0i
#38810715540
1t
0s
0r
1y
0c
0i
#38810716222
0t
0s
0r
1y
0c
0i
#38810716644
1t
0s
0r
1y
0c
0i
#38810717320
0t
0s
0r
1y
0c
0i
#38810717746
1t
0s
0r
1y
0c
0i
#38810718423
0t
0s
0r
1y
0c
0i
#38810718847
1t
0s
0r
1y
0c
0i
#38810719527
0t
0s
0r
1y
0c
0i
#38810719951
1t
0s
0r
1y
0c
0i
#38810720627
0t
0s
0r
1y
0c
0i
#38810721051
1t
0s
0r
1y
0c
0i
#38810721729
0t
0s
0r
1y
0c
0i
#38810722153
1t
0s
0r
1y
0c
0i
#38810722834
0t
0s
0r
1y
0c
0i
#38810723259
1t
0s
0r
1y
0c
0i
#38810723935
0t
0s
0r
1y
0c
0i
#38810724362
1t
0s
0r
1y
1c
0i
#38810725042
0t
0s
0r
1y
1c
0i
#38810725468
1t
0s
0r
1y
1c
0i
#38810726153
0t
0s
0r
1y
1c
0i
#38810726578
1t
0s
0r
1y
1c
1i
#38810727259
0t
0s
0r
1y
1c
1i
#38810727687
1t
0s
0r
1y
1c
1i
#38810728371
0t
0s
0r
1y
1c
1i
#38810728798
1t
0s
0r
1y
1c
1i
#38810729486
0t
0s
0r
1y
1c
0i
#38810729912
1t
0s
0r
1y
1c
0i
#38810730595
0t
0s
0r
1y
1c
0i
#38810731023
1t
0s
0r
1y
1c
0i
#38810731706
0t
0s
0r
1y
1c
0i
#38810732133
1t
0s
0r
1y
1c
0i
#38810732819
0t
0s
0r
1y
1c
0i
#38810733245
1t
0s
0r
1y
1c
0i
#38810733924
0t
0s
0r
1y
1c
0i
#38810734353
1t
0s
0r
1y
1c
0i
#38810735033
0t
0s
0r
1y
1c
0i
#38810735459
1t
0s
0r
1y
1c
0i
#38810736140
0t
0s
0r
1y
1c
0i
#38810736566
1t
0s
0r
1y
1c
0i
#38810737241
0t
0s
0r
1y
1c
0i
#38810737668
1t
0s
0r
1y
1c
0i
#38810738343
0t
0s
0r
1y
1c
0i
#38810738769
1t
0s
0r
1y
1c
0i
#38810739446
0t
0s
0r
1y
1c
0i
#38810739872
1t
0s
0r
1y
1c
0i
#38810740545
0t
0s
0r
1y
1c
0i
#38810740972
1t
0s
0r
1y
1c
0i
#38810741646
0t
0s
0r
1y
1c
0i
#38810742073
1t
0s
0r
1y
1c
0i
#38810742751
0t
0s
0r
1y
1c
0i
#38810743176
1t
0s
0r
1y
1c
0i
#38810744931
0t
0s
0r
1y
1c
0i
#38810746160
1t
0s
0r
1y
1c
0i
#38810747171
0t
0s
0r
1y
1c
0i
#38810747583
1t
0s
0r
1y
1c
0i
#38810748264
0t
0s
0r
1y
1c
0i
#38810748688
1t
0s
0r
1y
1c
0i
#38810749365
0t
0s
0r
1y
1c
0i
#38810749790
1t
0s
0r
1y
1c
0i
#38810750467
0t
0s
0r
1y
1c
0i
#38810750893
1t
0s
0r
1y
1c
0i
#38810751570
0t
0s
0r
1y
1c
0i
#38810751995
1t
0s
0r
1y
1c
0i
#38810752674
0t
0s
0r
1y
1c
0i
#38810753098
1t
0s
0r
1y
1c
0i
#38810753773
0t
0s
0r
1y
1c
0i
#38810754198
1t
0s
0r
1y
1c
0i
#38810754876
0t
0s
0r
1y
1c
0i
#38810755299
1t
0s
0r
1y
1c
0i
#38810755979
0t
0s
0r
1y
1c
0i
#38810756404
1t
0s
0r
1y
1c
0i
#38810757080
0t
0s
0r
1y
1c
0i
#38810757506
1t
0s
0r
1y
0c
0i
#38810758185
0t
0s
0r
1y
0c
0i
#38810758611
1t
0s
0r
1y
0c
0i
#38810759294
0t
0s
0r
1y
0c
0i
#38810759718
1t
0s
0r
1y
0c
1i
#38810760399
0t
0s
0r
1y
0c
1i
#38810760826
1t
0s
0r
1y
0c
1i
#38810761509
0t
0s
0r
1y
0c
1i
#38810761936
1t
0s
0r
1y
0c
1i
#38810762622
0t
0s
0r
1y
0c
0i
#38810763048
1t
0s
0r
1y
0c
0i
#38810763730
0t
0s
0r
1y
0c
0i
#38810764157
1t
0s
0r
1y
0c
0i
#38810764841
0t
0s
0r
1y
0c
0i
#38810765267
1t
0s
0r
1y
0c
0i
#38810765953
0t
0s
0r
1y
0c
0i
#38810766377
1t
0s
0r
1y
0c
0i
#38810767058
0t
0s
0r
1y
0c
0i
#38810767485
1t
0s
0r
1y
0c
0i
#38810768165
0t
0s
0r
1y
0c
0i
#38810768590
1t
0s
0r
1y
0c
0i
#38810769274
0t
0s
0r
1y
0c
0i
#43105672496
0t
0s
0r
1y
0c
0i
#43105672917
1t
0s
0r
1y
0c
0i
#43105673599
0t
0s
0r
1y
0c
0i
#43105674019
1t
0s
0r
1y
0c
0i
#43105674696
0t
0s
0r
1y
0c
0i
#43105675118
1t
0s
0r
1y
0c
0i
#43105675798
0t
0s
0r
1y
0c
0i
#43105676220
1t
0s
0r
1y
0c
0i
#43105676903
0t
0s
0r
1y
0c
0i
#43105677323
1t
0s
0r
1y
0c
0i
#43105678002
0t
0s
0r
1y
0c
0i
#43105678425
1t
0s
0r
1y
0c
0i
#43105679104
0t
0s
0r
1y
0c
0i
#43105679528
1t
0s
0r
1y
0c
0i
#43105680210
0t
0s
0r
1y
0c
0i
#43105680632
1t
0s
0r
1y
0c
0i
#43105681310
0t
0s
0r
1y
0c
0i
#43105681734
1t
0s
0r
1y
0c
0i
#43105682413
0t
0s
0r
1y
0c
0i
#43105682836
1t
0s
0r
1y
0c
0i
#43105683518
0t
0s
0r
1y
0c
0i
#43105683940
1t
0s
0r
1y
0c
0i
#43105684616
0t
0s
0r
1y
0c
0i
#43105685042
1t
0s
0r
1y
0c
0i
#43105685719
0t
0s
0r
1y
0c
0i
#43105686143
1t
0s
0r
1y
0c
0i
#43105686823
0t
0s
0r
1y
0c
0i
#43105687247
1t
0s
0r
1y
0c
0i
#43105687923
0t
0s
0r
1y
0c
0i
#43105688347
1t
0s
0r
1y
0c
0i
#43105689025
0t
0s
0r
1y
0c
0i
#43105689449
1t
0s
0r
1y
0c
0i
#43105690130
0t
0s
0r
1y
0c
0i
#43105690555
1t
0s
0r
1y
0c
0i
#43105691231
0t
0s
0r
1y
0c
0i
#43105691658
1t
0s
0r
1y
1c
0i
#43105692338
0t
0s
0r
1y
1c
0i
#43105692764
1t
0s
0r
1y
1c
0i
#43105693449
0t
0s
0r
1y
1c
0i
#43105693874
1t
0s
0r
1y
1c
1i
#43105694555
0t
0s
0r
1y
1c
1i
#43105694983
1t
0s
0r
1y
1c
1i
#43105695667
0t
0s
0r
1y
1c
1i
#43105696094
1t
0s
0r
1y
1c
1i
#43105696782
0t
0s
0r
1y
1c
0i
#43105697208
1t
0s
0r
1y
1c
0i
#43105697891
0t
0s
0r
1y
1c
0i
#43105698319
1t
0s
0r
1y
1c
0i
#43105699002
0t
0s
0r
1y
1c
0i
#43105699429
1t
0s
0r
1y
1c
0i
#43105700115
0t
0s
0r
1y
1c
0i
#43105700541
1t
0s
0r
1y
1c
0i
#43105701220
0t
0s
0r
1y
1c
0i
#43105701649
1t
0s
0r
1y
1c
0i
#43105702329
0t
0s
0r
1y
1c
0i
#43105702755
1t
0s
0r
1y
1c
0i
#43105703436
0t
0s
0r
1y
1c
0i
#43105703862
1t
0s
0r
1y
1c
0i
#43105704537
0t
0s
0r
1y
1c
0i
#43105704964
1t
0s
0r
1y
1c
0i
#43105705639
0t
0s
0r
1y
1c
0i
#43105706065
1t
0s
0r
1y
1c
0i
#43105706742
0t
0s
0r
1y
1c
0i
#43105707168
1t
0s
0r
1y
1c
0i
#43105707841
0t
0s
0r
1y
1c
0i
#43105708268
1t
0s
0r
1y
1c
0i
#43105708942
0t
0s
0r
1y
1c
0i
#43105709369
1t
0s
0r
1y
1c
0i
#43105710047
0t
0s
0r
1y
1c
0i
#43105710472
1t
0s
0r
1y
1c
0i
#43105712227
0t
0s
0r
1y
1c
0i
#43105713456
1t
0s
0r
1y
1c
0i
#43105714467
0t
0s
0r
1y
1c
0i
#43105714879
1t
0s
0r
1y
1c
0i
#43105715560
0t
0s
0r
1y
1c
0i
#43105715984
1t
0s
0r
1y
1c
0i
#43105716661
0t
0s
0r
1y
1c
0i
#43105717086
1t
0s
0r
1y
1c
0i
#43105717763
0t
0s
0r
1y
1c
0i
#43105718189
1t
0s
0r
1y
1c
0i
#43105718866
0t
0s
0r
1y
1c
0i
#43105719291
1t
0s
0r
1y
1c
0i
#43105719970
0t
0s
0r
1y
1c
0i
#43105720394
1t
0s
0r
1y
1c
0i
#43105721069
0t
0s
0r
1y
1c
0i
#43105721494
1t
0s
0r
1y
1c
0i
#43105722172
0t
0s
0r
1y
1c
0i
#43105722595
1t
0s
0r
1y
1c
0i
#43105723275
0t
0s
0r
1y
1c
0i
#43105723700
1t
0s
0r
1y
1c
0i
#43105724376
0t
0s
0r
1y
1c
0i
#43105724802
1t
0s
0r
1y
0c
0i
#43105725481
0t
0s
0r
1y
0c
0i
#43105725907
1t
0s
0r
1y
0c
0i
#43105726590
0t
0s
0r
1y
0c
0i
#43105727014
1t
0s
0r
1y
0c
1i
#43105727695
0t
0s
0r
1y
0c
1i
#43105728122
1t
0s
0r
1y
0c
1i
#43105728805
0t
0s
0r
1y
0c
1i
#43105729232
1t
0s
0r
1y
0c
1i
#43105729918
0t
0s
0r
1y
0c
0i
#43105730344
1t
0s
0r
1y
0c
0i
#43105731026
0t
0s
0r
1y
0c
0i
#43105731453
1t
0s
0r
1y
0c
0i
#43105732137
0t
0s
0r
1y
0c
0i
#43105732563
1t
0s
0r
1y
0c
0i
#43105733249
0t
0s
0r
1y
0c
0i
#43105733673
1t
0s
0r
1y
0c
0i
#43105734354
0t
0s
0r
1y
0c
0i
#43105734781
1t
0s
0r
1y
0c
0i
#43105735461
0t
0s
0r
1y
0c
0i
#43105735886
1t
0s
0r
1y
0c
0i
#43105736570
0t
0s
0r
1y
0c
0i
#43105736992
1t
0s
0r
1y
0c
0i
#43105737671
0t
0s
0r
1y
0c
0i
#43105738095
1t
0s
0r
1y
0c
0i
#43105738775
0t
0s
0r
1y
0c
0i
#43105739197
1t
0s
0r
1y
0c
0i
#43105739879
0t
0s
0r
1y
0c
0i
#43105740300
1t
0s
0r
1y
0c
0i
#43105740976
0t
0s
0r
1y
0c
0i
#43105741399
1t
0s
0r
1y
0c
0i
#43105742077
0t
0s
0r
1y
0c
0i
#43105742500
1t
0s
0r
1y
0c
0i
#43105743181
0t
0s
0r
1y
0c
0i
#43105743602
1t
0s
0r
1y
0c
0i
#43105744279
0t
0s
0r
1y
0c
0i
#43105744702
1t
0s
0r
1y
0c
0i
#43105745380
0t
0s
0r
1y
0c
0i
#43105745804
1t
0s
0r
1y
0c
0i
#43105746485
0t
0s
0r
1y
0c
0i
#43105746907
1t
0s
0r
1y
0c
0i
#43105747583
0t
0s
0r
1y
0c
0i
#43105748008
1t
0s
0r
1y
0c
0i
#43105748686
0t
0s
0r
1y
0c
0i
#43105749109
1t
0s
0r
1y
0c
0i
#43105749790
0t
0s
0r
1y
0c
0i
#43105750212
1t
0s
0r
1y
0c
0i
#43105750887
0t
0s
0r
1y
0c
0i
#43105751313
1t
0s
0r
1y
0c
0i
#43105751989
0t
0s
0r
1y
0c
0i
#43105752413
1t
0s
0r
1y
0c
0i
#43105753093
0t
0s
0r
1y
0c
0i
#43105753516
1t
0s
0r
1y
0c
0i
#43105754191
0t
0s
0r
1y
0c
0i
#43105754616
1t
0s
0r
1y
0c
0i
#43105755292
0t
0s
0r
1y
0c
0i
#43105755717
1t
0s
0r
1y
0c
0i
#43105756397
0t
0s
0r
1y
0c
0i
#43105756821
1t
0s
0r
1y
0c
0i
#43105757497
0t
0s
0r
1y
0c
0i
#43105757923
1t
0s
0r
1y
1c
0i
#43105758602
0t
0s
0r
1y
1c
0i
#43105759028
1t
0s
0r
1y
1c
0i
#43105759711
0t
0s
0r
1y
1c
0i
#43105760136
1t
0s
0r
1y
1c
1i
#43105760816
0t
0s
0r
1y
1c
1i
#43105761243
1t
0s
0r
1y
1c
1i
#43105761926
0t
0s
0r
1y
1c
1i
#43105762353
1t
0s
0r
1y
1c
1i
#43105763040
0t
0s
0r
1y
1c
0i
#43105763466
1t
0s
0r
1y
1c
0i
#43105764147
0t
0s
0r
1y
1c
0i
#43105764575
1t
0s
0r
1y
1c
0i
#43105765258
0t
0s
0r
1y
1c
0i
#43105765684
1t
0s
0r
1y
1c
0i
#43105766369
0t
0s
0r
1y
1c
0i
#43105766795
1t
0s
0r
1y
1c
0i
#43105767473
0t
0s
0r
1y
1c
0i
#43105767902
1t
0s
0r
1y
1c
0i
#43105768581
0t
0s
0r
1y
1c
0i
#43105769008
1t
0s
0r
1y
1c
0i
#43105769689
0t
0s
0r
1y
1c
0i
#43105770115
1t
0s
0r
1y
1c
0i
#43105770790
0t
0s
0r
1y
1c
0i
#43105771217
1t
0s
0r
1y
1c
0i
#43105771893
0t
0s
0r
1y
1c
0i
#43105772318
1t
0s
0r
1y
1c
0i
#43105772996
0t
0s
0r
1y
1c
0i
#43105773421
1t
0s
0r
1y
1c
0i
#43105774094
0t
0s
0r
1y
1c
0i
#43105774521
1t
0s
0r
1y
1c
0i
#43105775194
0t
0s
0r
1y
1c
0i
#43105775620
1t
0s
0r
1y
1c
0i
#43105776297
0t
0s
0r
1y
1c
0i
#43105776722
1t
0s
0r
1y
1c
0i
#43105778474
0t
0s
0r
1y
1c
0i
#43105779700
1t
0s
0r
1y
1c
0i
#43105780710
0t
0s
0r
1y
1c
0i
#43105781122
1t
0s
0r
1y
1c
0i
#43105781802
0t
0s
0r
1y
1c
0i
#43105782225
1t
0s
0r
1y
1c
0i
#43105782902
0t
0s
0r
1y
1c
0i
#43105783326
1t
0s
0r
1y
1c
0i
#43105784003
0t
0s
0r
1y
1c
0i
#43105784428
1t
0s
0r
1y
1c
0i
#43105785105
0t
0s
0r
1y
1c
0i
#43105785528
1t
0s
0r
1y
1c
0i
#43105786208
0t
0s
0r
1y
1c
0i
#43105786630
1t
0s
0r
1y
1c
0i
#43105787306
0t
0s
0r
1y
1c
0i
#43105787730
1t
0s
0r
1y
1c
0i
#43105788407
0t
0s
0r
1y
1c
0i
#43105788831
1t
0s
0r
1y
1c
0i
#43105789511
0t
0s
0r
1y
1c
0i
#43105789935
1t
0s
0r
1y
1c
0i
#43105790610
0t
0s
0r
1y
1c
0i
#43105791037
1t
0s
0r
1y
0c
0i
#43105791715
0t
0s
0r
1y
0c
0i
#43105792140
1t
0s
0r
1y
0c
0i
#43105792823
0t
0s
0r
1y
0c
0i
#43105793248
1t
0s
0r
1y
0c
1i
#43105793928
0t
0s
0r
1y
0c
1i
#43105794355
1t
0s
0r
1y
0c
1i
#43105795037
0t
0s
0r
1y
0c
1i
#43105795464
1t
0s
0r
1y
0c
1i
#43105795522
1t
0s
1r
1y
0c
1i
#43105795524
1t
0s
0r
1y
0c
1i
#43105796149
0t
0s
0r
1y
0c
0i
#43105796575
1t
0s
0r
1y
0c
0i
#43105797257
0t
0s
0r
1y
0c
0i
#43105797684
1t
0s
0r
1y
0c
0i
#43105798367
0t
0s
0r
1y
0c
0i
#43105798792
1t
0s
0r
1y
0c
0i
#43105799478
0t
0s
0r
1y
0c
0i
#43105799902
1t
0s
0r
1y
0c
0i
#43105800583
0t
0s
0r
1y
0c
0i
#43105801010
1t
0s
0r
1y
0c
0i
#43105801692
0t
0s
0r
1y
0c
0i
#43105802117
1t
0s
0r
1y
0c
0i
#43105802802
0t
0s
0r
1y
0c
0i
#43105803226
1t
0s
0r
1y
0c
0i
#43105803908
0t
0s
0r
1y
0c
0i
#43105804333
1t
0s
0r
1y
0c
0i
#43105805016
0t
0s
0r
1y
0c
0i
#43105805440
1t
0s
0r
1y
0c
0i
#43105806126
0t
0s
0r
1y
0c
0i
#43105806549
1t
0s
0r
1y
0c
0i
#43105807230
0t
0s
0r
1y
0c
0i
#43105807656
1t
0s
0r
1y
0c
0i
#43105808339
0t
0s
0r
1y
0c
0i
#43105808763
1t
0s
0r
1y
0c
0i
#43105809451
0t
0s
0r
1y
0c
0i
#43105809873
1t
0s
0r
1y
0c
0i
#43105810557
0t
0s
0r
1y
0c
0i
#43105810982
1t
0s
0r
1y
0c
0i
#43105811666
0t
0s
0r
1y
0c
0i
#43105812092
1t
0s
0r
1y
0c
0i
#43105812779
0t
0s
0r
1y
0c
0i
#43105813203
1t
0s
0r
1y
0c
0i
#43105813885
0t
0s
0r
1y
0c
0i
#43105814311
1t
0s
0r
1y
0c
0i
#43105814995
0t
0s
0r
1y
0c
0i
#43105815421
1t
0s
0r
1y
0c
0i
#43105816107
0t
0s
0r
1y
0c
0i
#43105816532
1t
0s
0r
1y
0c
0i
#43105817214
0t
0s
0r
1y
0c
0i
#43105817641
1t
0s
0r
1y
0c
0i
#43105818323
0t
0s
0r
1y
0c
0i
#43105818750
1t
0s
0r
1y
0c
0i
#43105819435
0t
0s
0r
1y
0c
0i
#43105819861
1t
0s
0r
1y
0c
0i
#43105820541
0t
0s
0r
1y
0c
0i
#43105820969
1t
0s
0r
1y
0c
0i
#43105821652
0t
0s
0r
1y
0c
0i
#43105822079
1t
0s
0r
1y
0c
0i
#43105822764
0t
0s
0r
1y
0c
0i
#43105823192
1t
0s
0r
1y
0c
0i
#43105823873
0t
0s
0r
1y
0c
0i
#43105824302
1t
0s
0r
1y
1c
0i
#43105824987
0t
0s
0r
1y
1c
0i
#43105825415
1t
0s
0r
1y
1c
0i
#43105826104
0t
0s
0r
1y
1c
0i
#43105826532
1t
0s
0r
1y
1c
1i
#43105827217
0t
0s
0r
1y
1c
1i
#43105827648
1t
0s
0r
1y
1c
1i
#43105828336
0t
0s
0r
1y
1c
1i
#43105828766
1t
0s
0r
1y
1c
1i
#43105829458
0t
0s
0r
1y
1c
0i
#43105829886
1t
0s
0r
1y
1c
0i
#43105830573
0t
0s
0r
1y
1c
0i
#43105831003
1t
0s
0r
1y
1c
0i
#43105831692
0t
0s
0r
1y
1c
0i
#43105832120
1t
0s
0r
1y
1c
0i
#43105832810
0t
0s
0r
1y
1c
0i
#43105833238
1t
0s
0r
1y
1c
0i
#43105833921
0t
0s
0r
1y
1c
0i
#43105834352
1t
0s
0r
1y
1c
0i
#43105835035
0t
0s
0r
1y
1c
0i
#43105835464
1t
0s
0r
1y
1c
0i
#43105836148
0t
0s
0r
1y
1c
0i
#43105836575
1t
0s
0r
1y
1c
0i
#43105837253
0t
0s
0r
1y
1c
0i
#43105837681
1t
0s
0r
1y
1c
0i
#43105838359
0t
0s
0r
1y
1c
0i
#43105838786
1t
0s
0r
1y
1c
0i
#43105839466
0t
0s
0r
1y
1c
0i
#43105839893
1t
0s
0r
1y
1c
0i
#43105840568
0t
0s
0r
1y
1c
0i
#43105840996
1t
0s
0r
1y
1c
0i
#43105841673
0t
0s
0r
1y
1c
0i
#43105842100
1t
0s
0r
1y
1c
0i
#43105842780
0t
0s
0r
1y
1c
0i
#43105843206
1t
0s
0r
1y
1c
0i
#43105844966
0t
0s
0r
1y
1c
0i
#43105846197
1t
0s
0r
1y
1c
0i
#43105847212
0t
0s
0r
1y
1c
0i
#43105847625
1t
0s
0r
1y
1c
0i
#43105848307
0t
0s
0r
1y
1c
0i
#43105848732
1t
0s
0r
1y
1c
0i
#43105849413
0t
0s
0r
1y
1c
0i
#43105849838
1t
0s
0r
1y
1c
0i
#43105850517
0t
0s
0r
1y
1c
0i
#43105850944
1t
0s
0r
1y
1c
0i
#43105851623
0t
0s
0r
1y
1c
0i
#43105852049
1t
0s
0r
1y
1c
0i
#43105852730
0t
0s
0r
1y
1c
0i
#43105853155
1t
0s
0r
1y
1c
0i
#43105853832
0t
0s
0r
1y
1c
0i
#43105854258
1t
0s
0r
1y
1c
0i
#43105854937
0t
0s
0r
1y
1c
0i
#43105855362
1t
0s
0r
1y
1c
0i
#43105856044
0t
0s
0r
1y
1c
0i
#43105856470
1t
0s
0r
1y
1c
0i
#43105857148
0t
0s
0r
1y
1c
0i
#43105857575
1t
0s
0r
1y
0c
0i
#43105858255
0t
0s
0r
1y
0c
0i
#43105858682
1t
0s
0r
1y
0c
0i
#43105859368
0t
0s
0r
1y
0c
0i
#43105859793
1t
0s
0r
1y
0c
1i
#43105860476
0t
0s
0r
1y
0c
1i
#43105860904
1t
0s
0r
1y
0c
1i
#43105861589
0t
0s
0r
1y
0c
1i
#43105862017
1t
0s
0r
1y
0c
1i
#43105862705
0t
0s
0r
1y
0c
0i
#43105863132
1t
0s
0r
1y
0c
0i
#43105863816
0t
0s
0r
1y
0c
0i
#43105864244
1t
0s
0r
1y
0c
0i
#43105864930
0t
0s
0r
1y
0c
0i
#43105865356
1t
0s
0r
1y
0c
0i
#43105866044
0t
0s
0r
1y
0c
0i
#43105866469
1t
0s
0r
1y
0c
0i
#43105867153
0t
0s
0r
1y
0c
0i
#43105867581
1t
0s
0r
1y
0c
0i
#43105868264
0t
0s
0r
1y
0c
0i
#43105868691
1t
0s
0r
1y
0c
0i
#43105869378
0t
0s
0r
1y
0c
0i
#43105869803
1t
0s
0r
1y
0c
0i
#43105870486
0t
0s
0r
1y
0c
0i
#43105870912
1t
0s
0r
1y
0c
0i
#43105871597
0t
0s
0r
1y
0c
0i
#43105872022
1t
0s
0r
1y
0c
0i
#43105872710
0t
0s
0r
1y
0c
0i
#43105873133
1t
0s
0r
1y
0c
0i
#43105873816
0t
0s
0r
1y
0c
0i
#43105874242
1t
0s
0r
1y
0c
0i
#43105874926
0t
0s
0r
1y
0c
0i
#43105875351
1t
0s
0r
1y
0c
0i
#43105876039
0t
0s
0r
1y
0c
0i
#43105876462
1t
0s
0r
1y
0c
0i
#43105877146
0t
0s
0r
1y
0c
0i
#43105877571
1t
0s
0r
1y
0c
0i
#43105878255
0t
0s
0r
1y
0c
0i
#43105878682
1t
0s
0r
1y
0c
0i
#43105879368
0t
0s
0r
1y
0c
0i
#43105879793
1t
0s
0r
1y
0c
0i
#43105880475
0t
0s
0r
1y
0c
0i
#43105880902
1t
0s
0r
1y
0c
0i
#43105881586
0t
0s
0r
1y
0c
0i
#43105882012
1t
0s
0r
1y
0c
0i
#43105882698
0t
0s
0r
1y
0c
0i
#43105883123
1t
0s
0r
1y
0c
0i
#43105883805
0t
0s
0r
1y
0c
0i
#43105884233
1t
0s
0r
1y
0c
0i
#43105884915
0t
0s
0r
1y
0c
0i
#43105885342
1t
0s
0r
1y
0c
0i
#43105886027
0t
0s
0r
1y
0c
0i
#43105886453
1t
0s
0r
1y
0c
0i
#43105887134
0t
0s
0r
1y
0c
0i
#43105887561
1t
0s
0r
1y
0c
0i
#43105888243
0t
0s
0r
1y
0c
0i
#43105888670
1t
0s
0r
1y
0c
0i
#43105889355
0t
0s
0r
1y
0c
0i
#43105889783
1t
0s
0r
1y
0c
0i
#43105890463
0t
0s
0r
1y
0c
0i
#43105890893
1t
0s
0r
1y
1c
0i
#43105891577
0t
0s
0r
1y
1c
0i
#43105892005
1t
0s
0r
1y
1c
0i
#43105892693
0t
0s
0r
1y
1c
0i
#43105893121
1t
0s
0r
1y
1c
1i
#43105893806
0t
0s
0r
1y
1c
1i
#43105894236
1t
0s
0r
1y
1c
1i
#43105894924
0t
0s
0r
1y
1c
1i
#43105895353
1t
0s
0r
1y
1c
1i
#43105896045
0t
0s
0r
1y
1c
0i
#43105896473
1t
0s
0r
1y
1c
0i
#43105897160
0t
0s
0r
1y
1c
0i
#43105897590
1t
0s
0r
1y
1c
0i
#43105898277
0t
0s
0r
1y
1c
0i
#43105898706
1t
0s
0r
1y
1c
0i
#43105899396
0t
0s
0r
1y
1c
0i
#43105899824
1t
0s
0r
1y
1c
0i
#43105900508
0t
0s
0r
1y
1c
0i
#43105900939
1t
0s
0r
1y
1c
0i
#43105901623
0t
0s
0r
1y
1c
0i
#43105902053
1t
0s
0r
1y
1c
0i
#43105902740
0t
0s
0r
1y
1c
0i
#43105903168
1t
0s
0r
1y
1c
0i
#43105903850
0t
0s
0r
1y
1c
0i
#43105904280
1t
0s
0r
1y
1c
0i
#43105904962
0t
0s
0r
1y
1c
0i
#43105905392
1t
0s
0r
1y
1c
0i
#43105906076
0t
0s
0r
1y
1c
0i
#43105906505
1t
0s
0r
1y
1c
0i
#43105907185
0t
0s
0r
1y
1c
0i
#43105907616
1t
0s
0r
1y
1c
0i
#43105908297
0t
0s
0r
1y
1c
0i
#43105908726
1t
0s
0r
1y
1c
0i
#43105909410
0t
0s
0r
1y
1c
0i
#43105909838
1t
0s
0r
1y
1c
0i
#43105911608
0t
0s
0r
1y
1c
0i
#43105912845
1t
0s
0r
1y
1c
0i
#43105913865
0t
0s
0r
1y
1c
0i
#43105914280
1t
0s
0r
1y
1c
0i
#43105914966
0t
0s
0r
1y
1c
0i
#43105915393
1t
0s
0r
1y
1c
0i
#43105916077
0t
0s
0r
1y
1c
0i
#43105916504
1t
0s
0r
1y
1c
0i
#43105917186
0t
0s
0r
1y
1c
0i
#43105917615
1t
0s
0r
1y
1c
0i
#43105918298
0t
0s
0r
1y
1c
0i
#43105918725
1t
0s
0r
1y
1c
0i
#43105919411
0t
0s
0r
1y
1c
0i
#43105919836
1t
0s
0r
1y
1c
0i
#43105920518
0t
0s
0r
1y
1c
0i
#43105920945
1t
0s
0r
1y
1c
0i
#43105921628
0t
0s
0r
1y
1c
0i
#43105922055
1t
0s
0r
1y
1c
0i
#43105922740
0t
0s
0r
1y
1c
0i
#43105923168
1t
0s
0r
1y
0c
0i
#43105923849
0t
0s
0r
1y
0c
0i
#43105924279
1t
0s
0r
1y
0c
0i
#43105924964
0t
0s
0r
1y
0c
0i
#43105925392
1t
0s
0r
1y
0c
0i
#43105926082
0t
0s
0r
1y
0c
0i
#43105926509
1t
0s
0r
1y
0c
1i
#43105927196
0t
0s
0r
1y
0c
1i
#43105927626
1t
0s
0r
1y
0c
1i
#43105928314
0t
0s
0r
1y
0c
1i
#43105928745
1t
0s
0r
1y
0c
1i
#43105928799
1t
0s
1r
1y
0c
1i
#43105928801
1t
0s
0r
1y
0c
1i
#43105929438
0t
0s
0r
1y
0c
0i
#43105929866
1t
0s
0r
1y
0c
0i
#43105930555
0t
0s
0r
1y
0c
0i
#43105930985
1t
0s
0r
1y
0c
0i
#43105931675
0t
0s
0r
1y
0c
0i
#43105932103
1t
0s
0r
1y
0c
0i
#43105932795
0t
0s
0r
1y
0c
0i
#43105933221
1t
0s
0r
1y
0c
0i
#43105933906
0t
0s
0r
1y
0c
0i
#43105934335
1t
0s
0r
1y
0c
0i
#43105935018
0t
0s
0r
1y
0c
0i
#43105935444
1t
0s
0r
1y
0c
0i
#43105936129
0t
0s
0r
1y
0c
0i
#43105936552
1t
0s
0r
1y
0c
0i
#43105937233
0t
0s
0r
1y
0c
0i
#43105937656
1t
0s
0r
1y
0c
0i
#43105938336
0t
0s
0r
1y
0c
0i
#43105938758
1t
0s
0r
1y
0c
0i
#43105939441
0t
0s
0r
1y
0c
0i
#43105939862
1t
0s
0r
1y
0c
0i
#43105940540
0t
0s
0r
1y
0c
0i
#43105940963
1t
0s
0r
1y
0c
0i
#43105941644
0t
0s
0r
1y
0c
0i
#43105942066
1t
0s
0r
1y
0c
0i
#43105942750
0t
0s
0r
1y
0c
0i
#43105943171
1t
0s
0r
1y
0c
0i
#43105943852
0t
0s
0r
1y
0c
0i
#43105944275
1t
0s
0r
1y
0c
0i
#43105944956
0t
0s
0r
1y
0c
0i
#43105945382
1t
0s
0r
1y
0c
0i
#43105946066
0t
0s
0r
1y
0c
0i
#43105946490
1t
0s
0r
1y
0c
0i
#43105947170
0t
0s
0r
1y
0c
0i
#43105947595
1t
0s
0r
1y
0c
0i
#43105948277
0t
0s
0r
1y
0c
0i
#43105948702
1t
0s
0r
1y
0c
0i
#43105949387
0t
0s
0r
1y
0c
0i
#43105949811
1t
0s
0r
1y
0c
0i
#43105950490
0t
0s
0r
1y
0c
0i
#43105950917
1t
0s
0r
1y
0c
0i
#43105951598
0t
0s
0r
1y
0c
0i
#43105952024
1t
0s
0r
1y
0c
0i
#43105952708
0t
0s
0r
1y
0c
0i
#43105953133
1t
0s
0r
1y
0c
0i
#43105953812
0t
0s
0r
1y
0c
0i
#43105954239
1t
0s
0r
1y
0c
0i
#43105954920
0t
0s
0r
1y
0c
0i
#43105955346
1t
0s
0r
1y
0c
0i
#43105956030
0t
0s
0r
1y
0c
0i
#43105956457
1t
0s
0r
1y
0c
0i
#43105957137
0t
0s
0r
1y
0c
0i
#43105957566
1t
0s
0r
1y
1c
0i
#43105958248
0t
0s
0r
1y
1c
0i
#43105958677
1t
0s
0r
1y
1c
0i
#43105959364
0t
0s
0r
1y
1c
0i
#43105959791
1t
0s
0r
1y
1c
1i
#43105960475
0t
0s
0r
1y
1c
1i
#43105960905
1t
0s
0r
1y
1c
1i
#43105961592
0t
0s
0r
1y
1c
1i
#43105962022
1t
0s
0r
1y
1c
1i
#43105962712
0t
0s
0r
1y
1c
0i
#43105963140
1t
0s
0r
1y
1c
0i
#43105963827
0t
0s
0r
1y
1c
0i
#43105964256
1t
0s
0r
1y
1c
0i
#43105964943
0t
0s
0r
1y
1c
0i
#43105965372
1t
0s
0r
1y
1c
0i
#43105966062
0t
0s
0r
1y
1c
0i
#43105966489
1t
0s
0r
1y
1c
0i
#43105967173
0t
0s
0r
1y
1c
0i
#43105967604
1t
0s
0r
1y
1c
0i
#43105968288
0t
0s
0r
1y
1c
0i
#43105968718
1t
0s
0r
1y
1c
0i
#43105969405
0t
0s
0r
1y
1c
0i
#43105969834
1t
0s
0r
1y
1c
0i
#43105970516
0t
0s
0r
1y
1c
0i
#43105970946
1t
0s
0r
1y
1c
0i
#43105971630
0t
0s
0r
1y
1c
0i
#43105972059
1t
0s
0r
1y
1c
0i
#43105972744
0t
0s
0r
1y
1c
0i
#43105973175
1t
0s
0r
1y
1c
0i
#43105973856
0t
0s
0r
1y
1c
0i
#43105974287
1t
0s
0r
1y
1c
0i
#43105974969
0t
0s
0r
1y
1c
0i
#43105975400
1t
0s
0r
1y
1c
0i
#43105976085
0t
0s
0r
1y
1c
0i
#43105976514
1t
0s
0r
1y
1c
0i
#43105978285
0t
0s
0r
1y
1c
0i
#43105979524
1t
0s
0r
1y
1c
0i
#43105980544
0t
0s
0r
1y
1c
0i
#43105980959
1t
0s
0r
1y
1c
0i
#43105981646
0t
0s
0r
1y
1c
0i
#43105982073
1t
0s
0r
1y
1c
0i
#43105982756
0t
0s
0r
1y
1c
0i
#43105983184
1t
0s
0r
1y
1c
0i
#43105983867
0t
0s
0r
1y
1c
0i
#43105984296
1t
0s
0r
1y
1c
0i
#43105984980
0t
0s
0r
1y
1c
0i
#43105985407
1t
0s
0r
1y
1c
0i
#43105986093
0t
0s
0r
1y
1c
0i
#43105986519
1t
0s
0r
1y
1c
0i
#43105987201
0t
0s
0r
1y
1c
0i
#43105987629
1t
0s
0r
1y
1c
0i
#43105988313
0t
0s
0r
1y
1c
0i
#43105988740
1t
0s
0r
1y
1c
0i
#43105989427
0t
0s
0r
1y
1c
0i
#43105989855
1t
0s
0r
1y
1c
0i
#43105990538
0t
0s
0r
1y
1c
0i
#43105990967
1t
0s
0r
1y
0c
0i
#43105991653
0t
0s
0r
1y
0c
0i
#43105992082
1t
0s
0r
1y
0c
0i
#43105992772
0t
0s
0r
1y
0c
0i
#43105993200
1t
0s
0r
1y
0c
1i
#43105993887
0t
0s
0r
1y
0c
1i
#43105994318
1t
0s
0r
1y
0c
1i
#43105995007
0t
0s
0r
1y
0c
1i
#43105995438
1t
0s
0r
1y
0c
1i
#43105996130
0t
0s
0r
1y
0c
0i
#43105996560
1t
0s
0r
1y
0c
0i
#43105997248
0t
0s
0r
1y
0c
0i
#43105997679
1t
0s
0r
1y
0c
0i
#43105998368
0t
0s
0r
1y
0c
0i
#43105998797
1t
0s
0r
1y
0c
0i
#43105999489
0t
0s
0r
1y
0c
0i
#43105999916
1t
0s
0r
1y
0c
0i
#43106000602
0t
0s
0r
1y
0c
0i
#43106001030
1t
0s
0r
1y
0c
0i
#43106001715
0t
0s
0r
1y
0c
0i
#43106002142
1t
0s
0r
1y
0c
0i
#43106002828
0t
0s
0r
1y
0c
0i
#43106003252
1t
0s
0r
1y
0c
0i
#43106003933
0t
0s
0r
1y
0c
0i
#43106004357
1t
0s
0r
1y
0c
0i
#43106005038
0t
0s
0r
1y
0c
0i
#43106005461
1t
0s
0r
1y
0c
0i
#43106006144
0t
0s
0r
1y
0c
0i
#43106006566
1t
0s
0r
1y
0c
0i
#43106007245
0t
0s
0r
1y
0c
0i
#43106007668
1t
0s
0r
1y
0c
0i
#43106008348
0t
0s
0r
1y
0c
0i
#43106008771
1t
0s
0r
1y
0c
0i
#43106009454
0t
0s
0r
1y
0c
0i
#43106009877
1t
0s
0r
1y
0c
0i
#43106010557
0t
0s
0r
1y
0c
0i
#43106010981
1t
0s
0r
1y
0c
0i
#43106011661
0t
0s
0r
1y
0c
0i
#43106012087
1t
0s
0r
1y
0c
0i
#43106012770
0t
0s
0r
1y
0c
0i
#43106013194
1t
0s
0r
1y
0c
0i
#43106013873
0t
0s
0r
1y
0c
0i
#43106014299
1t
0s
0r
1y
0c
0i
#43106014980
0t
0s
0r
1y
0c
0i
#43106015405
1t
0s
0r
1y
0c
0i
#43106016088
0t
0s
0r
1y
0c
0i
#43106016512
1t
0s
0r
1y
0c
0i
#43106017191
0t
0s
0r
1y
0c
0i
#43106017617
1t
0s
0r
1y
0c
0i
#43106018297
0t
0s
0r
1y
0c
0i
#43106018723
1t
0s
0r
1y
0c
0i
#43106019405
0t
0s
0r
1y
0c
0i
#43106019830
1t
0s
0r
1y
0c
0i
#43106020508
0t
0s
0r
1y
0c
0i
#43106020934
1t
0s
0r
1y
0c
0i
#43106021615
0t
0s
0r
1y
0c
0i
#43106022040
1t
0s
0r
1y
0c
0i
#43106022723
0t
0s
0r
1y
0c
0i
#43106023149
1t
0s
0r
1y
0c
0i
#43106023828
0t
0s
0r
1y
0c
0i
#43106024256
1t
0s
0r
1y
1c
0i
#43106024937
0t
0s
0r
1y
1c
0i
#43106025365
1t
0s
0r
1y
1c
0i
#43106026051
0t
0s
0r
1y
1c
0i
#43106026477
1t
0s
0r
1y
1c
1i
#43106027161
0t
0s
0r
1y
1c
1i
#43106027590
1t
0s
0r
1y
1c
1i
#43106028276
0t
0s
0r
1y
1c
1i
#43106028705
1t
0s
0r
1y
1c
1i
#43106029395
0t
0s
0r
1y
1c
0i
#43106029823
1t
0s
0r
1y
1c
0i
#43106030507
0t
0s
0r
1y
1c
0i
#43106030937
1t
0s
0r
1y
1c
0i
#43106031624
0t
0s
0r
1y
1c
0i
#43106032052
1t
0s
0r
1y
1c
0i
#43106032740
0t
0s
0r
1y
1c
0i
#43106033167
1t
0s
0r
1y
1c
0i
#43106033849
0t
0s
0r
1y
1c
0i
#43106034279
1t
0s
0r
1y
1c
0i
#43106034960
0t
0s
0r
1y
1c
0i
#43106035388
1t
0s
0r
1y
1c
0i
#43106036071
0t
0s
0r
1y
1c
0i
#43106036497
1t
0s
0r
1y
1c
0i
#43106037173
0t
0s
0r
1y
1c
0i
#43106037600
1t
0s
0r
1y
1c
0i
#43106038276
0t
0s
0r
1y
1c
0i
#43106038702
1t
0s
0r
1y
1c
0i
#43106039380
0t
0s
0r
1y
1c
0i
#43106039806
1t
0s
0r
1y
1c
0i
#43106040478
0t
0s
0r
1y
1c
0i
#43106040906
1t
0s
0r
1y
1c
0i
#43106041580
0t
0s
0r
1y
1c
0i
#43106042006
1t
0s
0r
1y
1c
0i
#43106042684
0t
0s
0r
1y
1c
0i
#43106043108
1t
0s
0r
1y
1c
0i
#43106044863
0t
0s
0r
1y
1c
0i
#43106046091
1t
0s
0r
1y
1c
0i
#43106047103
0t
0s
0r
1y
1c
0i
#43106047515
1t
0s
0r
1y
1c
0i
#43106048196
0t
0s
0r
1y
1c
0i
#43106048620
1t
0s
0r
1y
1c
0i
#43106049298
0t
0s
0r
1y
1c
0i
#43106049723
1t
0s
0r
1y
1c
0i
#43106050400
0t
0s
0r
1y
1c
0i
#43106050826
1t
0s
0r
1y
1c
0i
#43106051504
0t
0s
0r
1y
1c
0i
#43106051928
1t
0s
0r
1y
1c
0i
#43106052608
0t
0s
0r
1y
1c
0i
#43106053032
1t
0s
0r
1y
1c
0i
#43106053708
0t
0s
0r
1y
1c
0i
#43106054133
1t
0s
0r
1y
1c
0i
#43106054811
0t
0s
0r
1y
1c
0i
#43106055235
1t
0s
0r
1y
1c
0i
#43106055915
0t
0s
0r
1y
1c
0i
#43106056340
1t
0s
0r
1y
1c
0i
#43106057017
0t
0s
0r
1y
1c
0i
#43106057443
1t
0s
0r
1y
0c
0i
#43106058122
0t
0s
0r
1y
0c
0i
#43106058548
1t
0s
0r
1y
0c
0i
#43106059232
0t
0s
0r
1y
0c
0i
#43106059656
1t
0s
0r
1y
0c
1i
#43106060337
0t
0s
0r
1y
0c
1i
#43106060764
1t
0s
0r
1y
0c
1i
#43106061447
0t
0s
0r
1y
0c
1i
#43106061875
1t
0s
0r
1y
0c
1i
#43106062013
1t
0s
1r
1y
0c
1i
#43106062016
1t
0s
0r
1y
0c
1i
#43106062561
0t
0s
0r
1y
0c
0i
#43106062987
1t
0s
0r
1y
0c
0i
#43106063669
0t
0s
0r
1y
0c
0i
#43106064096
1t
0s
0r
1y
0c
0i
#43106064779
0t
0s
0r
1y
0c
0i
#43106065204
1t
0s
0r
1y
0c
0i
#43106065890
0t
0s
0r
1y
0c
0i
#43106066314
1t
0s
0r
1y
0c
0i
#43106066994
0t
0s
0r
1y
0c
0i
#43106067421
1t
0s
0r
1y
0c
0i
#43106068101
0t
0s
0r
1y
0c
0i
#43106068526
1t
0s
0r
1y
0c
0i
#43106069209
0t
0s
0r
1y
0c
0i
#43106069632
1t
0s
0r
1y
0c
0i
#43106070311
0t
0s
0r
1y
0c
0i
#43106070734
1t
0s
0r
1y
0c
0i
#43106071414
0t
0s
0r
1y
0c
0i
#43106071837
1t
0s
0r
1y
0c
0i
#43106072519
0t
0s
0r
1y
0c
0i
#43106072940
1t
0s
0r
1y
0c
0i
#43106073618
0t
0s
0r
1y
0c
0i
#43106074041
1t
0s
0r
1y
0c
0i
#43106074721
0t
0s
0r
1y
0c
0i
#43106075143
1t
0s
0r
1y
0c
0i
#43106075826
0t
0s
0r
1y
0c
0i
#43106076247
1t
0s
0r
1y
0c
0i
#43106076927
0t
0s
0r
1y
0c
0i
#43106077350
1t
0s
0r
1y
0c
0i
#43106078029
0t
0s
0r
1y
0c
0i
#43106078454
1t
0s
0r
1y
0c
0i
#43106079136
0t
0s
0r
1y
0c
0i
#43106079559
1t
0s
0r
1y
0c
0i
#43106080237
0t
0s
0r
1y
0c
0i
#43106080662
1t
0s
0r
1y
0c
0i
#43106081342
0t
0s
0r
1y
0c
0i
#43106081766
1t
0s
0r
1y
0c
0i
#43106082449
0t
0s
0r
1y
0c
0i
#43106082872
1t
0s
0r
1y
0c
0i
#43106083549
0t
0s
0r
1y
0c
0i
#43106083976
1t
0s
0r
1y
0c
0i
#43106084654
0t
0s
0r
1y
0c
0i
#43106085080
1t
0s
0r
1y
0c
0i
#43106085761
0t
0s
0r
1y
0c
0i
#43106086185
1t
0s
0r
1y
0c
0i
#43106086863
0t
0s
0r
1y
0c
0i
#43106087288
1t
0s
0r
1y
0c
0i
#43106087968
0t
0s
0r
1y
0c
0i
#43106088393
1t
0s
0r
1y
0c
0i
#43106089075
0t
0s
0r
1y
0c
0i
#43106089501
1t
0s
0r
1y
0c
0i
#43106090179
0t
0s
0r
1y
0c
0i
#43106090607
1t
0s
0r
1y
1c
0i
#43106091288
0t
0s
0r
1y
1c
0i
#43106091715
1t
0s
0r
1y
1c
0i
#43106092401
0t
0s
0r
1y
1c
0i
#43106092827
1t
0s
0r
1y
1c
1i
#43106093509
0t
0s
0r
1y
1c
1i
#43106093938
1t
0s
0r
1y
1c
1i
#43106094623
0t
0s
0r
1y
1c
1i
#43106095052
1t
0s
0r
1y
1c
1i
#43106095741
0t
0s
0r
1y
1c
0i
#43106096167
1t
0s
0r
1y
1c
0i
#43106096851
0t
0s
0r
1y
1c
0i
#43106097280
1t
0s
0r
1y
1c
0i
#43106097965
0t
0s
0r
1y
1c
0i
#43106098393
1t
0s
0r
1y
1c
0i
#43106099080
0t
0s
0r
1y
1c
0i
#43106099506
1t
0s
0r
1y
1c
0i
#43106100185
0t
0s
0r
1y
1c
0i
#43106100615
1t
0s
0r
1y
1c
0i
#43106101294
0t
0s
0r
1y
1c
0i
#43106101721
1t
0s
0r
1y
1c
0i
#43106102401
0t
0s
0r
1y
1c
0i
#43106102825
1t
0s
0r
1y
1c
0i
#43106103499
0t
0s
0r
1y
1c
0i
#43106103925
1t
0s
0r
1y
1c
0i
#43106104599
0t
0s
0r
1y
1c
0i
#43106105023
1t
0s
0r
1y
1c
0i
#43106105698
0t
0s
0r
1y
1c
0i
#43106106123
1t
0s
0r
1y
1c
0i
#43106106793
0t
0s
0r
1y
1c
0i
#43106107219
1t
0s
0r
1y
1c
0i
#43106107891
0t
0s
0r
1y
1c
0i
#43106108316
1t
0s
0r
1y
1c
0i
#43106108991
0t
0s
0r
1y
1c
0i
#43106109415
1t
0s
0r
1y
1c
0i
#43106111165
0t
0s
0r
1y
1c
0i
#43106112390
1t
0s
0r
1y
1c
0i
#43106113399
0t
0s
0r
1y
1c
0i
#43106113810
1t
0s
0r
1y
1c
0i
#43106114489
0t
0s
0r
1y
1c
0i
#43106114911
1t
0s
0r
1y
1c
0i
#43106115587
0t
0s
0r
1y
1c
0i
#43106116011
1t
0s
0r
1y
1c
0i
#43106116686
0t
0s
0r
1y
1c
0i
#43106117111
1t
0s
0r
1y
1c
0i
#43106117786
0t
0s
0r
1y
1c
0i
#43106118209
1t
0s
0r
1y
1c
0i
#43106118888
0t
0s
0r
1y
1c
0i
#43106119309
1t
0s
0r
1y
1c
0i
#43106119984
0t
0s
0r
1y
1c
0i
#43106120407
1t
0s
0r
1y
1c
0i
#43106121083
0t
0s
0r
1y
1c
0i
#43106121505
1t
0s
0r
1y
1c
0i
#43106122183
0t
0s
0r
1y
1c
0i
#43106122606
1t
0s
0r
1y
1c
0i
#43106123280
0t
0s
0r
1y
1c
0i
#43106123705
1t
0s
0r
1y
0c
0i
#43106124382
0t
0s
0r
1y
0c
0i
#43106124806
1t
0s
0r
1y
0c
0i
#43106125488
0t
0s
0r
1y
0c
0i
#43106125911
1t
0s
0r
1y
0c
1i
#43106126589
0t
0s
0r
1y
0c
1i
#43106127015
1t
0s
0r
1y
0c
1i
#43106127695
0t
0s
0r
1y
0c
1i
#43106128121
1t
0s
0r
1y
0c
1i
#43106128804
0t
0s
0r
1y
0c
0i
#43106129229
1t
0s
0r
1y
0c
0i
#43106129908
0t
0s
0r
1y
0c
0i
#43106130334
1t
0s
0r
1y
0c
0i
#43106131015
0t
0s
0r
1y
0c
0i
#43106131439
1t
0s
0r
1y
0c
0i
#43106132123
0t
0s
0r
1y
0c
0i
#43106132545
1t
0s
0r
1y
0c
0i
#43106133222
0t
0s
0r
1y
0c
0i
#43106133647
1t
0s
0r
1y
0c
0i
#43106134324
0t
0s
0r
1y
0c
0i
#43106134748
1t
0s
0r
1y
0c
0i
#43106135427
0t
0s
0r
1y
0c
0i
#43106135848
1t
0s
0r
1y
0c
0i
#43106136523
0t
0s
0r
1y
0c
0i
#43106136945
1t
0s
0r
1y
0c
0i
#43106137621
0t
0s
0r
1y
0c
0i
#43106138041
1t
0s
0r
1y
0c
0i
#43106138719
0t
0s
0r
1y
0c
0i
#43106139138
1t
0s
0r
1y
0c
0i
#43106139811
0t
0s
0r
1y
0c
0i
#43106140232
1t
0s
0r
1y
0c
0i
#43106140907
0t
0s
0r
1y
0c
0i
#43106141328
1t
0s
0r
1y
0c
0i
#43106142006
0t
0s
0r
1y
0c
0i
#43106142425
1t
0s
0r
1y
0c
0i
#43106143100
0t
0s
0r
1y
0c
0i
#43106143521
1t
0s
0r
1y
0c
0i
#43106144196
0t
0s
0r
1y
0c
0i
#43106144618
1t
0s
0r
1y
0c
0i
#43106145296
0t
0s
0r
1y
0c
0i
#43106145717
1t
0s
0r
1y
0c
0i
#43106146390
0t
0s
0r
1y
0c
0i
#43106146812
1t
0s
0r
1y
0c
0i
#43106147488
0t
0s
0r
1y
0c
0i
#43106147909
1t
0s
0r
1y
0c
0i
#43106148588
0t
0s
0r
1y
0c
0i
#43106149008
1t
0s
0r
1y
0c
0i
#43106149681
0t
0s
0r
1y
0c
0i
#43106150104
1t
0s
0r
1y
0c
0i
#43106150778
0t
0s
0r
1y
0c
0i
#43106151201
1t
0s
0r
1y
0c
0i
#43106151877
0t
0s
0r
1y
0c
0i
#43106152299
1t
0s
0r
1y
0c
0i
#43106152971
0t
0s
0r
1y
0c
0i
#43106153394
1t
0s
0r
1y
0c
0i
#43106154068
0t
0s
0r
1y
0c
0i
#43106154491
1t
0s
0r
1y
0c
0i
#43106155167
0t
0s
0r
1y
0c
0i
#43106155591
1t
0s
0r
1y
0c
0i
#43106156263
0t
0s
0r
1y
0c
0i
#43106156688
1t
0s
0r
1y
1c
0i
#43106157363
0t
0s
0r
1y
1c
0i
#43106157788
1t
0s
0r
1y
1c
0i
#43106158468
0t
0s
0r
1y
1c
0i
#43106158891
1t
0s
0r
1y
1c
1i
#43106159568
0t
0s
0r
1y
1c
1i
#43106159994
1t
0s
0r
1y
1c
1i
#43106160674
0t
0s
0r
1y
1c
1i
#43106161100
1t
0s
0r
1y
1c
1i
#43106161783
0t
0s
0r
1y
1c
0i
#43106162207
1t
0s
0r
1y
1c
0i
#43106162886
0t
0s
0r
1y
1c
0i
#43106163312
1t
0s
0r
1y
1c
0i
#43106163992
0t
0s
0r
1y
1c
0i
#43106164417
1t
0s
0r
1y
1c
0i
#43106165100
0t
0s
0r
1y
1c
0i
#43106165524
1t
0s
0r
1y
1c
0i
#43106166199
0t
0s
0r
1y
1c
0i
#43106166627
1t
0s
0r
1y
1c
0i
#43106167303
0t
0s
0r
1y
1c
0i
#43106167729
1t
0s
0r
1y
1c
0i
#43106168407
0t
0s
0r
1y
1c
0i
#43106168831
1t
0s
0r
1y
1c
0i
#43106169504
0t
0s
0r
1y
1c
0i
#43106169930
1t
0s
0r
1y
1c
0i
#43106170604
0t
0s
0r
1y
1c
0i
#43106171029
1t
0s
0r
1y
1c
0i
#43106171704
0t
0s
0r
1y
1c
0i
#43106172129
1t
0s
0r
1y
1c
0i
#43106172800
0t
0s
0r
1y
1c
0i
#43106173226
1t
0s
0r
1y
1c
0i
#43106173899
0t
0s
0r
1y
1c
0i
#43106174324
1t
0s
0r
1y
1c
0i
#43106175000
0t
0s
0r
1y
1c
0i
#43106175424
1t
0s
0r
1y
1c
0i
#43106177173
0t
0s
0r
1y
1c
0i
#43106178398
1t
0s
0r
1y
1c
0i
#43106179405
0t
0s
0r
1y
1c
0i
#43106179817
1t
0s
0r
1y
1c
0i
#43106180495
0t
0s
0r
1y
1c
0i
#43106180917
1t
0s
0r
1y
1c
0i
#43106181593
0t
0s
0r
1y
1c
0i
#43106182016
1t
0s
0r
1y
1c
0i
#43106182691
0t
0s
0r
1y
1c
0i
#43106183115
1t
0s
0r
1y
1c
0i
#43106183790
0t
0s
0r
1y
1c
0i
#43106184213
1t
0s
0r
1y
1c
0i
#43106184891
0t
0s
0r
1y
1c
0i
#43106185312
1t
0s
0r
1y
1c
0i
#43106185985
0t
0s
0r
1y
1c
0i
#43106186409
1t
0s
0r
1y
1c
0i
#43106187083
0t
0s
0r
1y
1c
0i
#43106187506
1t
0s
0r
1y
1c
0i
#43106188183
0t
0s
0r
1y
1c
0i
#43106188607
1t
0s
0r
1y
1c
0i
#43106189281
0t
0s
0r
1y
1c
0i
#43106189705
1t
0s
0r
1y
0c
0i
#43106190382
0t
0s
0r
1y
0c
0i
#43106190806
1t
0s
0r
1y
0c
0i
#43106191487
0t
0s
0r
1y
0c
0i
#43106191911
1t
0s
0r
1y
0c
1i
#43106192589
0t
0s
0r
1y
0c
1i
#43106193015
1t
0s
0r
1y
0c
1i
#43106193695
0t
0s
0r
1y
0c
1i
#43106194121
1t
0s
0r
1y
0c
1i
#43106194210
1t
0s
1r
1y
0c
1i
#43106194213
1t
0s
0r
1y
0c
1i
#43106194806
0t
0s
0r
1y
0c
0i
#43106195230
1t
0s
0r
1y
0c
0i
#43106195910
0t
0s
0r
1y
0c
0i
#43106196336
1t
0s
0r
1y
0c
0i
#43106197017
0t
0s
0r
1y
0c
0i
#43106197442
1t
0s
0r
1y
0c
0i
#43106198126
0t
0s
0r
1y
0c
0i
#43106198549
1t
0s
0r
1y
0c
0i
#43106199228
0t
0s
0r
1y
0c
0i
#43106199654
1t
0s
0r
1y
0c
0i
#43106200333
0t
0s
0r
1y
0c
0i
#43106200758
1t
0s
0r
1y
0c
0i
#43106201440
0t
0s
0r
1y
0c
0i
#43106201862
1t
0s
0r
1y
0c
0i
#43106202541
0t
0s
0r
1y
0c
0i
#43106202965
1t
0s
0r
1y
0c
0i
#43106203645
0t
0s
0r
1y
0c
0i
#43106204068
1t
0s
0r
1y
0c
0i
#43106204751
0t
0s
0r
1y
0c
0i
#43106205172
1t
0s
0r
1y
0c
0i
#43106205851
0t
0s
0r
1y
0c
0i
#43106206274
1t
0s
0r
1y
0c
0i
#43106206954
0t
0s
0r
1y
0c
0i
#43106207377
1t
0s
0r
1y
0c
0i
#43106208061
0t
0s
0r
1y
0c
0i
#43106208481
1t
0s
0r
1y
0c
0i
#43106209162
0t
0s
0r
1y
0c
0i
#43106209584
1t
0s
0r
1y
0c
0i
#43106210264
0t
0s
0r
1y
0c
0i
#43106210689
1t
0s
0r
1y
0c
0i
#43106211371
0t
0s
0r
1y
0c
0i
#43106211794
1t
0s
0r
1y
0c
0i
#43106212472
0t
0s
0r
1y
0c
0i
#43106212898
1t
0s
0r
1y
0c
0i
#43106213578
0t
0s
0r
1y
0c
0i
#43106214002
1t
0s
0r
1y
0c
0i
#43106214685
0t
0s
0r
1y
0c
0i
#43106215108
1t
0s
0r
1y
0c
0i
#43106215785
0t
0s
0r
1y
0c
0i
#43106216212
1t
0s
0r
1y
0c
0i
#43106216891
0t
0s
0r
1y
0c
0i
#43106217316
1t
0s
0r
1y
0c
0i
#43106217998
0t
0s
0r
1y
0c
0i
#43106218422
1t
0s
0r
1y
0c
0i
#43106219100
0t
0s
0r
1y
0c
0i
#43106219525
1t
0s
0r
1y
0c
0i
#43106220205
0t
0s
0r
1y
0c
0i
#43106220630
1t
0s
0r
1y
0c
0i
#43106221313
0t
0s
0r
1y
0c
0i
#43106221739
1t
0s
0r
1y
0c
0i
#43106222417
0t
0s
0r
1y
0c
0i
#43106222845
1t
0s
0r
1y
1c
0i
#43106223527
0t
0s
0r
1y
1c
0i
#43106223954
1t
0s
0r
1y
1c
0i
#43106224639
0t
0s
0r
1y
1c
0i
#43106225066
1t
0s
0r
1y
1c
1i
#43106225750
0t
0s
0r
1y
1c
1i
#43106226178
1t
0s
0r
1y
1c
1i
#43106226864
0t
0s
0r
1y
1c
1i
#43106227293
1t
0s
0r
1y
1c
1i
#43106227982
0t
0s
0r
1y
1c
0i
#43106228409
1t
0s
0r
1y
1c
0i
#43106229094
0t
0s
0r
1y
1c
0i
#43106229523
1t
0s
0r
1y
1c
0i
#43106230208
0t
0s
0r
1y
1c
0i
#43106230636
1t
0s
0r
1y
1c
0i
#43106231324
0t
0s
0r
1y
1c
0i
#43106231751
1t
0s
0r
1y
1c
0i
#43106232432
0t
0s
0r
1y
1c
0i
#43106232862
1t
0s
0r
1y
1c
0i
#43106233544
0t
0s
0r
1y
1c
0i
#43106233973
1t
0s
0r
1y
1c
0i
#43106234656
0t
0s
0r
1y
1c
0i
#43106235083
1t
0s
0r
1y
1c
0i
#43106235762
0t
0s
0r
1y
1c
0i
#43106236190
1t
0s
0r
1y
1c
0i
#43106236869
0t
0s
0r
1y
1c
0i
#43106237296
1t
0s
0r
1y
1c
0i
#43106237977
0t
0s
0r
1y
1c
0i
#43106238404
1t
0s
0r
1y
1c
0i
#43106239080
0t
0s
0r
1y
1c
0i
#43106239508
1t
0s
0r
1y
1c
0i
#43106240185
0t
0s
0r
1y
1c
0i
#43106240612
1t
0s
0r
1y
1c
0i
#43106241292
0t
0s
0r
1y
1c
0i
#43106241719
1t
0s
0r
1y
1c
0i
#43106243479
0t
0s
0r
1y
1c
0i
#43106244709
1t
0s
0r
1y
1c
0i
#43106245724
0t
0s
0r
1y
1c
0i
#43106246137
1t
0s
0r
1y
1c
0i
#43106246820
0t
0s
0r
1y
1c
0i
#43106247244
1t
0s
0r
1y
1c
0i
#43106247924
0t
0s
0r
1y
1c
0i
#43106248349
1t
0s
0r
1y
1c
0i
#43106249028
0t
0s
0r
1y
1c
0i
#43106249455
1t
0s
0r
1y
1c
0i
#43106250134
0t
0s
0r
1y
1c
0i
#43106250560
1t
0s
0r
1y
1c
0i
#43106251241
0t
0s
0r
1y
1c
0i
#43106251665
1t
0s
0r
1y
1c
0i
#43106252343
0t
0s
0r
1y
1c
0i
#43106252769
1t
0s
0r
1y
1c
0i
#43106253448
0t
0s
0r
1y
1c
0i
#43106253873
1t
0s
0r
1y
1c
0i
#43106254555
0t
0s
0r
1y
1c
0i
#43106254980
1t
0s
0r
1y
1c
0i
#43106255659
0t
0s
0r
1y
1c
0i
#43106256086
1t
0s
0r
1y
0c
0i
#43106256767
0t
0s
0r
1y
0c
0i
#43106257194
1t
0s
0r
1y
0c
0i
#43106257880
0t
0s
0r
1y
0c
0i
#43106258305
1t
0s
0r
1y
0c
1i
#43106258988
0t
0s
0r
1y
0c
1i
#43106259416
1t
0s
0r
1y
0c
1i
#43106260101
0t
0s
0r
1y
0c
1i
#43106260530
1t
0s
0r
1y
0c
1i
#43106261219
0t
0s
0r
1y
0c
0i
#43106261646
1t
0s
0r
1y
0c
0i
#43106262330
0t
0s
0r
1y
0c
0i
#43106262758
1t
0s
0r
1y
0c
0i
#43106263444
0t
0s
0r
1y
0c
0i
#43106263871
1t
0s
0r
1y
0c
0i
#43106264559
0t
0s
0r
1y
0c
0i
#43106264984
1t
0s
0r
1y
0c
0i
#43106265667
0t
0s
0r
1y
0c
0i
#43106266094
1t
0s
0r
1y
0c
0i
#43106266777
0t
0s
0r
1y
0c
0i
#43106267203
1t
0s
0r
1y
0c
0i
#43106267889
0t
0s
0r
1y
0c
0i
#43106268312
1t
0s
0r
1y
0c
0i
#43106268993
0t
0s
0r
1y
0c
0i
#43106269418
1t
0s
0r
1y
0c
0i
#43106270099
0t
0s
0r
1y
0c
0i
#43106270523
1t
0s
0r
1y
0c
0i
#43106271207
0t
0s
0r
1y
0c
0i
#43106271629
1t
0s
0r
1y
0c
0i
#43106272308
0t
0s
0r
1y
0c
0i
#43106272732
1t
0s
0r
1y
0c
0i
#43106273412
0t
0s
0r
1y
0c
0i
#43106273835
1t
0s
0r
1y
0c
0i
#43106274520
0t
0s
0r
1y
0c
0i
#43106274941
1t
0s
0r
1y
0c
0i
#43106275622
0t
0s
0r
1y
0c
0i
#43106276046
1t
0s
0r
1y
0c
0i
#43106276727
0t
0s
0r
1y
0c
0i
#43106277152
1t
0s
0r
1y
0c
0i
#43106277836
0t
0s
0r
1y
0c
0i
#43106278259
1t
0s
0r
1y
0c
0i
#43106278938
0t
0s
0r
1y
0c
0i
#43106279365
1t
0s
0r
1y
0c
0i
#43106280046
0t
0s
0r
1y
0c
0i
#43106280471
1t
0s
0r
1y
0c
0i
#43106281155
0t
0s
0r
1y
0c
0i
#43106281579
1t
0s
0r
1y
0c
0i
#43106282258
0t
0s
0r
1y
0c
0i
#43106282685
1t
0s
0r
1y
0c
0i
#43106283364
0t
0s
0r
1y
0c
0i
#43106283790
1t
0s
0r
1y
0c
0i
#43106284474
0t
0s
0r
1y
0c
0i
#43106284898
1t
0s
0r
1y
0c
0i
#43106285577
0t
0s
0r
1y
0c
0i
#43106286002
1t
0s
0r
1y
0c
0i
#43106286683
0t
0s
0r
1y
0c
0i
#43106287108
1t
0s
0r
1y
0c
0i
#43106287791
0t
0s
0r
1y
0c
0i
#43106288218
1t
0s
0r
1y
0c
0i
#43106288896
0t
0s
0r
1y
0c
0i
#43106289324
1t
0s
0r
1y
1c
0i
#43106290006
0t
0s
0r
1y
1c
0i
#43106290433
1t
0s
0r
1y
1c
0i
#43106291119
0t
0s
0r
1y
1c
0i
#43106291546
1t
0s
0r
1y
1c
1i
#43106292229
0t
0s
0r
1y
1c
1i
#43106292658
1t
0s
0r
1y
1c
1i
#43106293343
0t
0s
0r
1y
1c
1i
#43106293773
1t
0s
0r
1y
1c
1i
#43106294462
0t
0s
0r
1y
1c
0i
#43106294889
1t
0s
0r
1y
1c
0i
#43106295574
0t
0s
0r
1y
1c
0i
#43106296003
1t
0s
0r
1y
1c
0i
#43106296688
0t
0s
0r
1y
1c
0i
#43106297116
1t
0s
0r
1y
1c
0i
#43106297804
0t
0s
0r
1y
1c
0i
#43106298230
1t
0s
0r
1y
1c
0i
#43106298912
0t
0s
0r
1y
1c
0i
#43106299341
1t
0s
0r
1y
1c
0i
#43106300022
0t
0s
0r
1y
1c
0i
#43106300451
1t
0s
0r
1y
1c
0i
#43106301133
0t
0s
0r
1y
1c
0i
#43106301560
1t
0s
0r
1y
1c
0i
#43106302237
0t
0s
0r
1y
1c
0i
#43106302665
1t
0s
0r
1y
1c
0i
#43106303342
0t
0s
0r
1y
1c
0i
#43106303769
1t
0s
0r
1y
1c
0i
#43106304448
0t
0s
0r
1y
1c
0i
#43106304875
1t
0s
0r
1y
1c
0i
#43106305550
0t
0s
0r
1y
1c
0i
#43106305978
1t
0s
0r
1y
1c
0i
#43106306655
0t
0s
0r
1y
1c
0i
#43106307082
1t
0s
0r
1y
1c
0i
#43106307763
0t
0s
0r
1y
1c
0i
#43106308188
1t
0s
0r
1y
1c
0i
#43106309949
0t
0s
0r
1y
1c
0i
#43106311180
1t
0s
0r
1y
1c
0i
#43106312196
0t
0s
0r
1y
1c
0i
#43106312609
1t
0s
0r
1y
1c
0i
#43106313292
0t
0s
0r
1y
1c
0i
#43106313717
1t
0s
0r
1y
1c
0i
#43106314397
0t
0s
0r
1y
1c
0i
#43106314823
1t
0s
0r
1y
1c
0i
#43106315502
0t
0s
0r
1y
1c
0i
#43106315929
1t
0s
0r
1y
1c
0i
#43106316609
0t
0s
0r
1y
1c
0i
#43106317034
1t
0s
0r
1y
1c
0i
#43106317717
0t
0s
0r
1y
1c
0i
#43106318140
1t
0s
0r
1y
1c
0i
#43106318819
0t
0s
0r
1y
1c
0i
#43106319244
1t
0s
0r
1y
1c
0i
#43106319924
0t
0s
0r
1y
1c
0i
#43106320349
1t
0s
0r
1y
1c
0i
#43106321031
0t
0s
0r
1y
1c
0i
#43106321457
1t
0s
0r
1y
1c
0i
#43106322136
0t
0s
0r
1y
1c
0i
#43106322563
1t
0s
0r
1y
0c
0i
#43106323244
0t
0s
0r
1y
0c
0i
#43106323672
1t
0s
0r
1y
0c
0i
#43106324357
0t
0s
0r
1y
0c
0i
#43106324783
1t
0s
0r
1y
0c
1i
#43106325466
0t
0s
0r
1y
0c
1i
#43106325895
1t
0s
0r
1y
0c
1i
#43106326580
0t
0s
0r
1y
0c
1i
#43106327008
1t
0s
0r
1y
0c
1i
#43106327062
1t
0s
1r
1y
0c
1i
#43106327065
1t
0s
0r
1y
0c
1i
#43106327697
0t
0s
0r
1y
0c
0i
#43106328124
1t
0s
0r
1y
0c
0i
#43106328809
0t
0s
0r
1y
0c
0i
#43106329237
1t
0s
0r
1y
0c
0i
#43106329923
0t
0s
0r
1y
0c
0i
#43106330349
1t
0s
0r
1y
0c
0i
#43106331038
0t
0s
0r
1y
0c
0i
#43106331463
1t
0s
0r
1y
0c
0i
#43106332146
0t
0s
0r
1y
0c
0i
#43106332574
1t
0s
0r
1y
0c
0i
#43106333257
0t
0s
0r
1y
0c
0i
#43106333684
1t
0s
0r
1y
0c
0i
#43106334370
0t
0s
0r
1y
0c
0i
#43106334794
1t
0s
0r
1y
0c
0i
#43106335476
0t
0s
0r
1y
0c
0i
#43106335901
1t
0s
0r
1y
0c
0i
#43106336585
0t
0s
0r
1y
0c
0i
#43106337008
1t
0s
0r
1y
0c
0i
#43106337694
0t
0s
0r
1y
0c
0i
#43106338116
1t
0s
0r
1y
0c
0i
#43106338797
0t
0s
0r
1y
0c
0i
#43106339221
1t
0s
0r
1y
0c
0i
#43106339904
0t
0s
0r
1y
0c
0i
#43106340328
1t
0s
0r
1y
0c
0i
#43106341014
0t
0s
0r
1y
0c
0i
#43106341436
1t
0s
0r
1y
0c
0i
#43106342118
0t
0s
0r
1y
0c
0i
#43106342543
1t
0s
0r
1y
0c
0i
#43106343225
0t
0s
0r
1y
0c
0i
#43106343651
1t
0s
0r
1y
0c
0i
#43106344336
0t
0s
0r
1y
0c
0i
#43106344760
1t
0s
0r
1y
0c
0i
#43106345441
0t
0s
0r
1y
0c
0i
#43106345867
1t
0s
0r
1y
0c
0i
#43106346550
0t
0s
0r
1y
0c
0i
#43106346975
1t
0s
0r
1y
0c
0i
#43106347661
0t
0s
0r
1y
0c
0i
#43106348084
1t
0s
0r
1y
0c
0i
#43106348765
0t
0s
0r
1y
0c
0i
#43106349192
1t
0s
0r
1y
0c
0i
#43106349873
0t
0s
0r
1y
0c
0i
#43106350300
1t
0s
0r
1y
0c
0i
#43106350984
0t
0s
0r
1y
0c
0i
#43106351409
1t
0s
0r
1y
0c
0i
#43106352090
0t
0s
0r
1y
0c
0i
#43106352516
1t
0s
0r
1y
0c
0i
#43106353198
0t
0s
0r
1y
0c
0i
#43106353625
1t
0s
0r
1y
0c
0i
#43106354309
0t
0s
0r
1y
0c
0i
#43106354736
1t
0s
0r
1y
0c
0i
#43106355416
0t
0s
0r
1y
0c
0i
#43106355845
1t
0s
0r
1y
1c
0i
#43106356529
0t
0s
0r
1y
1c
0i
#43106356957
1t
0s
0r
1y
1c
0i
#43106357645
0t
0s
0r
1y
1c
0i
#43106358072
1t
0s
0r
1y
1c
1i
#43106358758
0t
0s
0r
1y
1c
1i
#43106359187
1t
0s
0r
1y
1c
1i
#43106359875
0t
0s
0r
1y
1c
1i
#43106360305
1t
0s
0r
1y
1c
1i
#43106360996
0t
0s
0r
1y
1c
0i
#43106361424
1t
0s
0r
1y
1c
0i
#43106362111
0t
0s
0r
1y
1c
0i
#43106362540
1t
0s
0r
1y
1c
0i
#43106363228
0t
0s
0r
1y
1c
0i
#43106363657
1t
0s
0r
1y
1c
0i
#43106364347
0t
0s
0r
1y
1c
0i
#43106364775
1t
0s
0r
1y
1c
0i
#43106365459
0t
0s
0r
1y
1c
0i
#43106365890
1t
0s
0r
1y
1c
0i
#43106366574
0t
0s
0r
1y
1c
0i
#43106367004
1t
0s
0r
1y
1c
0i
#43106367691
0t
0s
0r
1y
1c
0i
#43106368118
1t
0s
0r
1y
1c
0i
#43106368799
0t
0s
0r
1y
1c
0i
#43106369229
1t
0s
0r
1y
1c
0i
#43106369910
0t
0s
0r
1y
1c
0i
#43106370339
1t
0s
0r
1y
1c
0i
#43106371023
0t
0s
0r
1y
1c
0i
#43106371451
1t
0s
0r
1y
1c
0i
#43106372130
0t
0s
0r
1y
1c
0i
#43106372560
1t
0s
0r
1y
1c
0i
#43106373240
0t
0s
0r
1y
1c
0i
#43106373669
1t
0s
0r
1y
1c
0i
#43106374353
0t
0s
0r
1y
1c
0i
#43106374781
1t
0s
0r
1y
1c
0i
#43106376549
0t
0s
0r
1y
1c
0i
#43106377785
1t
0s
0r
1y
1c
0i
#43106378804
0t
0s
0r
1y
1c
0i
#43106379220
1t
0s
0r
1y
1c
0i
#43106379905
0t
0s
0r
1y
1c
0i
#43106380332
1t
0s
0r
1y
1c
0i
#43106381015
0t
0s
0r
1y
1c
0i
#43106381442
1t
0s
0r
1y
1c
0i
#43106382124
0t
0s
0r
1y
1c
0i
#43106382553
1t
0s
0r
1y
1c
0i
#43106525729
0t
0s
0r
1y
0c
1i
#43106526160
1t
0s
0r
1y
0c
1i
#43106526853
0t
0s
0r
1y
0c
1i
#43106527285
1t
0s
0r
1y
0c
1i
#43106527981
0t
0s
0r
1y
0c
0i
#43106528412
1t
0s
0r
1y
0c
0i
#43106529104
0t
0s
0r
1y
0c
0i
#43106529536
1t
0s
0r
1y
0c
0i
#47401493025
0t
0s
0r
1y
0c
1i
#47401493456
1t
0s
0r
1y
0c
1i
#47401494149
0t
0s
0r
1y
0c
1i
#47401494581
1t
0s
0r
1y
0c
1i
#47401495277
0t
0s
0r
1y
0c
0i
#47401495708
1t
0s
0r
1y
0c
0i
#47401496400
0t
0s
0r
1y
0c
0i
#47401496832
1t
0s
0r
1y
0c
0i
#47401497525
0t
0s
0r
1y
0c
0i
#47401497955
1t
0s
0r
1y
0c
0i
#47401498650
0t
0s
0r
1y
0c
0i
#47401499078
1t
0s
0r
1y
0c
0i
#47401499767
0t
0s
0r
1y
0c
0i
#47401500198
1t
0s
0r
1y
0c
0i
#47401500885
0t
0s
0r
1y
0c
0i
#47401501314
1t
0s
0r
1y
0c
0i
#47401502004
0t
0s
0r
1y
0c
0i
#47401502430
1t
0s
0r
1y
0c
0i
#47401503114
0t
0s
0r
1y
0c
0i
#47401503542
1t
0s
0r
1y
0c
0i
#47401504226
0t
0s
0r
1y
0c
0i
#47401504652
1t
0s
0r
1y
0c
0i
#47401505339
0t
0s
0r
1y
0c
0i
#47401505762
1t
0s
0r
1y
0c
0i
#47401506445
0t
0s
0r
1y
0c
0i
#47401506870
1t
0s
0r
1y
0c
0i
#47401507554
0t
0s
0r
1y
0c
0i
#47401507979
1t
0s
0r
1y
0c
0i
#47401508666
0t
0s
0r
1y
0c
0i
#47401509090
1t
0s
0r
1y
0c
0i
#47401509774
0t
0s
0r
1y
0c
0i
#47401510200
1t
0s
0r
1y
0c
0i
#47401510884
0t
0s
0r
1y
0c
0i
#47401511312
1t
0s
0r
1y
0c
0i
#47401511999
0t
0s
0r
1y
0c
0i
#47401512425
1t
0s
0r
1y
0c
0i
#47401513108
0t
0s
0r
1y
0c
0i
#47401513535
1t
0s
0r
1y
0c
0i
#47401514220
0t
0s
0r
1y
0c
0i
#47401514647
1t
0s
0r
1y
0c
0i
#47401515335
0t
0s
0r
1y
0c
0i
#47401515760
1t
0s
0r
1y
0c
0i
#47401516443
0t
0s
0r
1y
0c
0i
#47401516871
1t
0s
0r
1y
0c
0i
#47401517555
0t
0s
0r
1y
0c
0i
#47401517982
1t
0s
0r
1y
0c
0i
#47401518669
0t
0s
0r
1y
0c
0i
#47401519095
1t
0s
0r
1y
0c
0i
#47401519777
0t
0s
0r
1y
0c
0i
#47401520205
1t
0s
0r
1y
0c
0i
#47401520889
0t
0s
0r
1y
0c
0i
#47401521317
1t
0s
0r
1y
0c
0i
#47401522003
0t
0s
0r
1y
0c
0i
#47401522432
1t
0s
0r
1y
0c
0i
#47401523114
0t
0s
0r
1y
0c
0i
#47401523544
1t
0s
0r
1y
1c
0i
#47401524229
0t
0s
0r
1y
1c
0i
#47401524659
1t
0s
0r
1y
1c
0i
#47401525349
0t
0s
0r
1y
1c
0i
#47401525777
1t
0s
0r
1y
1c
1i
#47401526464
0t
0s
0r
1y
1c
1i
#47401526895
1t
0s
0r
1y
1c
1i
#47401527584
0t
0s
0r
1y
1c
1i
#47401528016
1t
0s
0r
1y
1c
1i
#47401528709
0t
0s
0r
1y
1c
0i
#47401529138
1t
0s
0r
1y
1c
0i
#47401529826
0t
0s
0r
1y
1c
0i
#47401530257
1t
0s
0r
1y
1c
0i
#47401530946
0t
0s
0r
1y
1c
0i
#47401531376
1t
0s
0r
1y
1c
0i
#47401532069
0t
0s
0r
1y
1c
0i
#47401532497
1t
0s
0r
1y
1c
0i
#47401533182
0t
0s
0r
1y
1c
0i
#47401533614
1t
0s
0r
1y
1c
0i
#47401534300
0t
0s
0r
1y
1c
0i
#47401534730
1t
0s
0r
1y
1c
0i
#47401535418
0t
0s
0r
1y
1c
0i
#47401535847
1t
0s
0r
1y
1c
0i
#47401536531
0t
0s
0r
1y
1c
0i
#47401536961
1t
0s
0r
1y
1c
0i
#47401537645
0t
0s
0r
1y
1c
0i
#47401538075
1t
0s
0r
1y
1c
0i
#47401538762
0t
0s
0r
1y
1c
0i
#47401539192
1t
0s
0r
1y
1c
0i
#47401539874
0t
0s
0r
1y
1c
0i
#47401540305
1t
0s
0r
1y
1c
0i
#47401540989
0t
0s
0r
1y
1c
0i
#47401541419
1t
0s
0r
1y
1c
0i
#47401542106
0t
0s
0r
1y
1c
0i
#47401542535
1t
0s
0r
1y
1c
0i
#47401544312
0t
0s
0r
1y
1c
0i
#47401545552
1t
0s
0r
1y
1c
0i
#47401546577
0t
0s
0r
1y
1c
0i
#47401546993
1t
0s
0r
1y
1c
0i
#47401547682
0t
0s
0r
1y
1c
0i
#47401548109
1t
0s
0r
1y
1c
0i
#47401548795
0t
0s
0r
1y
1c
0i
#47401549224
1t
0s
0r
1y
1c
0i
#47401549909
0t
0s
0r
1y
1c
0i
#47401550339
1t
0s
0r
1y
1c
0i
#47401551025
0t
0s
0r
1y
1c
0i
#47401551453
1t
0s
0r
1y
1c
0i
#47401552141
0t
0s
0r
1y
1c
0i
#47401552568
1t
0s
0r
1y
1c
0i
#47401553252
0t
0s
0r
1y
1c
0i
#47401553681
1t
0s
0r
1y
1c
0i
#47401554366
0t
0s
0r
1y
1c
0i
#47401554794
1t
0s
0r
1y
1c
0i
#47401555483
0t
0s
0r
1y
1c
0i
#47401555911
1t
0s
0r
1y
1c
0i
#47401556596
0t
0s
0r
1y
1c
0i
#47401557026
1t
0s
0r
1y
0c
0i
#47401557714
0t
0s
0r
1y
0c
0i
#47401558143
1t
0s
0r
1y
0c
0i
#47401558835
0t
0s
0r
1y
0c
0i
#47401559264
1t
0s
0r
1y
0c
1i
#47401559954
0t
0s
0r
1y
0c
1i
#47401560385
1t
0s
0r
1y
0c
1i
#47401561076
0t
0s
0r
1y
0c
1i
#47401561508
1t
0s
0r
1y
0c
1i
#47401561561
1t
0s
1r
1y
0c
1i
#47401561564
1t
0s
0r
1y
0c
1i
#47401562202
0t
0s
0r
1y
0c
0i
#47401562633
1t
0s
0r
1y
0c
0i
#47401563323
0t
0s
0r
1y
0c
0i
#47401563755
1t
0s
0r
1y
0c
0i
#47401564447
0t
0s
0r
1y
0c
0i
#47401564877
1t
0s
0r
1y
0c
0i
#47401565572
0t
0s
0r
1y
0c
0i
#47401566000
1t
0s
0r
1y
0c
0i
#47401566689
0t
0s
0r
1y
0c
0i
#47401567120
1t
0s
0r
1y
0c
0i
#47401567809
0t
0s
0r
1y
0c
0i
#47401568238
1t
0s
0r
1y
0c
0i
#47401568930
0t
0s
0r
1y
0c
0i
#47401569357
1t
0s
0r
1y
0c
0i
#47401570045
0t
0s
0r
1y
0c
0i
#47401570473
1t
0s
0r
1y
0c
0i
#47401571162
0t
0s
0r
1y
0c
0i
#47401571589
1t
0s
0r
1y
0c
0i
#47401572280
0t
0s
0r
1y
0c
0i
#47401572705
1t
0s
0r
1y
0c
0i
#47401573392
0t
0s
0r
1y
0c
0i
#47401573819
1t
0s
0r
1y
0c
0i
#47401574508
0t
0s
0r
1y
0c
0i
#47401574934
1t
0s
0r
1y
0c
0i
#47401575625
0t
0s
0r
1y
0c
0i
#47401576050
1t
0s
0r
1y
0c
0i
#47401576738
0t
0s
0r
1y
0c
0i
#47401577165
1t
0s
0r
1y
0c
0i
#47401577853
0t
0s
0r
1y
0c
0i
#47401578282
1t
0s
0r
1y
0c
0i
#47401578972
0t
0s
0r
1y
0c
0i
#47401579399
1t
0s
0r
1y
0c
0i
#47401580086
0t
0s
0r
1y
0c
0i
#47401580514
1t
0s
0r
1y
0c
0i
#47401581202
0t
0s
0r
1y
0c
0i
#47401581631
1t
0s
0r
1y
0c
0i
#47401582321
0t
0s
0r
1y
0c
0i
#47401582748
1t
0s
0r
1y
0c
0i
#47401583434
0t
0s
0r
1y
0c
0i
#47401583864
1t
0s
0r
1y
0c
0i
#47401584550
0t
0s
0r
1y
0c
0i
#47401584980
1t
0s
0r
1y
0c
0i
#47401585670
0t
0s
0r
1y
0c
0i
#47401586097
1t
0s
0r
1y
0c
0i
#47401586783
0t
0s
0r
1y
0c
0i
#47401587212
1t
0s
0r
1y
0c
0i
#47401587899
0t
0s
0r
1y
0c
0i
#47401588329
1t
0s
0r
1y
0c
0i
#47401589018
0t
0s
0r
1y
0c
0i
#47401589449
1t
0s
0r
1y
0c
0i
#47401590135
0t
0s
0r
1y
1c
0i
#47401590566
1t
0s
0r
1y
1c
0i
#47401591256
0t
0s
0r
1y
1c
0i
#47401591687
1t
0s
0r
1y
1c
0i
#47401592381
0t
0s
0r
1y
1c
0i
#47401592811
1t
0s
0r
1y
1c
1i
#47401593503
0t
0s
0r
1y
1c
1i
#47401593936
1t
0s
0r
1y
1c
1i
#47401594630
0t
0s
0r
1y
1c
1i
#47401595062
1t
0s
0r
1y
1c
1i
#47401595760
0t
0s
0r
1y
1c
0i
#47401596191
1t
0s
0r
1y
1c
0i
#47401596884
0t
0s
0r
1y
1c
0i
#47401597317
1t
0s
0r
1y
1c
0i
#47401598011
0t
0s
0r
1y
1c
0i
#47401598442
1t
0s
0r
1y
1c
0i
#47401599139
0t
0s
0r
1y
1c
0i
#47401599569
1t
0s
0r
1y
1c
0i
#47401600259
0t
0s
0r
1y
1c
0i
#47401600693
1t
0s
0r
1y
1c
0i
#47401601383
0t
0s
0r
1y
1c
0i
#47401601815
1t
0s
0r
1y
1c
0i
#47401602508
0t
0s
0r
1y
1c
0i
#47401602939
1t
0s
0r
1y
1c
0i
#47401603626
0t
0s
0r
1y
1c
0i
#47401604058
1t
0s
0r
1y
1c
0i
#47401604746
0t
0s
0r
1y
1c
0i
#47401605177
1t
0s
0r
1y
1c
0i
#47401605867
0t
0s
0r
1y
1c
0i
#47401606299
1t
0s
0r
1y
1c
0i
#47401606984
0t
0s
0r
1y
1c
0i
#47401607417
1t
0s
0r
1y
1c
0i
#47401608104
0t
0s
0r
1y
1c
0i
#47401608536
1t
0s
0r
1y
1c
0i
#47401609226
0t
0s
0r
1y
1c
0i
#47401609657
1t
0s
0r
1y
1c
0i
#47401611440
0t
0s
0r
1y
1c
0i
#47401612687
1t
0s
0r
1y
1c
0i
#47401613715
0t
0s
0r
1y
1c
0i
#47401614133
1t
0s
0r
1y
1c
0i
#47401614825
0t
0s
0r
1y
1c
0i
#47401615254
1t
0s
0r
1y
1c
0i
#47401615943
0t
0s
0r
1y
1c
0i
#47401616373
1t
0s
0r
1y
1c
0i
#47401617062
0t
0s
0r
1y
1c
0i
#47401617494
1t
0s
0r
1y
1c
0i
#47401618182
0t
0s
0r
1y
1c
0i
#47401618612
1t
0s
0r
1y
1c
0i
#47401619303
0t
0s
0r
1y
1c
0i
#47401619732
1t
0s
0r
1y
1c
0i
#47401620419
0t
0s
0r
1y
1c
0i
#47401620849
1t
0s
0r
1y
1c
0i
#47401621538
0t
0s
0r
1y
1c
0i
#47401621967
1t
0s
0r
1y
1c
0i
#47401622659
0t
0s
0r
1y
1c
0i
#47401623089
1t
0s
0r
1y
1c
0i
#47401623777
0t
0s
0r
1y
0c
0i
#47401624209
1t
0s
0r
1y
0c
0i
#47401624900
0t
0s
0r
1y
0c
0i
#47401625332
1t
0s
0r
1y
0c
0i
#47401626027
0t
0s
0r
1y
0c
0i
#47401626457
1t
0s
0r
1y
0c
1i
#47401627150
0t
0s
0r
1y
0c
1i
#47401627583
1t
0s
0r
1y
0c
1i
#47401628278
0t
0s
0r
1y
0c
1i
#47401628711
1t
0s
0r
1y
0c
1i
#47401629410
0t
0s
0r
1y
0c
0i
#47401629841
1t
0s
0r
1y
0c
0i
#47401630535
0t
0s
0r
1y
0c
0i
#47401630968
1t
0s
0r
1y
0c
0i
#47401631663
0t
0s
0r
1y
0c
0i
#47401632095
1t
0s
0r
1y
0c
0i
#47401632793
0t
0s
0r
1y
0c
0i
#47401633222
1t
0s
0r
1y
0c
0i
#47401633914
0t
0s
0r
1y
0c
0i
#47401634347
1t
0s
0r
1y
0c
0i
#47401635039
0t
0s
0r
1y
0c
0i
#47401635471
1t
0s
0r
1y
0c
0i
#47401636166
0t
0s
0r
1y
0c
0i
#47401636595
1t
0s
0r
1y
0c
0i
#47401637286
0t
0s
0r
1y
0c
0i
#47401637716
1t
0s
0r
1y
0c
0i
#47401638408
0t
0s
0r
1y
0c
0i
#47401638837
1t
0s
0r
1y
0c
0i
#47401639531
0t
0s
0r
1y
0c
0i
#47401639958
1t
0s
0r
1y
0c
0i
#47401640648
0t
0s
0r
1y
0c
0i
#47401641077
1t
0s
0r
1y
0c
0i
#47401641769
0t
0s
0r
1y
0c
0i
#47401642197
1t
0s
0r
1y
0c
0i
#47401642891
0t
0s
0r
1y
0c
0i
#47401643318
1t
0s
0r
1y
0c
0i
#47401644009
0t
0s
0r
1y
0c
0i
#47401644438
1t
0s
0r
1y
0c
0i
#47401645128
0t
0s
0r
1y
0c
0i
#47401645559
1t
0s
0r
1y
0c
0i
#47401646252
0t
0s
0r
1y
0c
0i
#47401646681
1t
0s
0r
1y
0c
0i
#47401647370
0t
0s
0r
1y
0c
0i
#47401647800
1t
0s
0r
1y
0c
0i
#47401648491
0t
0s
0r
1y
0c
0i
#47401648921
1t
0s
0r
1y
0c
0i
#47401649614
0t
0s
0r
1y
0c
0i
#47401650042
1t
0s
0r
1y
0c
0i
#47401650731
0t
0s
0r
1y
0c
0i
#47401651162
1t
0s
0r
1y
0c
0i
#47401651851
0t
0s
0r
1y
0c
0i
#47401652281
1t
0s
0r
1y
0c
0i
#47401652974
0t
0s
0r
1y
0c
0i
#47401653402
1t
0s
0r
1y
0c
0i
#47401654091
0t
0s
0r
1y
0c
0i
#47401654521
1t
0s
0r
1y
0c
0i
#47401655211
0t
0s
0r
1y
0c
0i
#47401655641
1t
0s
0r
1y
0c
0i
#47401656333
0t
0s
0r
1y
0c
0i
#47401656765
1t
0s
0r
1y
0c
0i
#47401657453
0t
0s
0r
1y
1c
0i
#47401657887
1t
0s
0r
1y
1c
0i
#47401658578
0t
0s
0r
1y
1c
0i
#47401659011
1t
0s
0r
1y
1c
0i
#47401659707
0t
0s
0r
1y
1c
0i
#47401660139
1t
0s
0r
1y
1c
1i
#47401660832
0t
0s
0r
1y
1c
1i
#47401661267
1t
0s
0r
1y
1c
1i
#47401661963
0t
0s
0r
1y
1c
1i
#47401662397
1t
0s
0r
1y
1c
1i
#47401663097
0t
0s
0r
1y
1c
0i
#47401663529
1t
0s
0r
1y
1c
0i
#47401664224
0t
0s
0r
1y
1c
0i
#47401664658
1t
0s
0r
1y
1c
0i
#47401665354
0t
0s
0r
1y
1c
0i
#47401665788
1t
0s
0r
1y
1c
0i
#47401666486
0t
0s
0r
1y
1c
0i
#47401666917
1t
0s
0r
1y
1c
0i
#47401667608
0t
0s
0r
1y
1c
0i
#47401668044
1t
0s
0r
1y
1c
0i
#47401668735
0t
0s
0r
1y
1c
0i
#47401669168
1t
0s
0r
1y
1c
0i
#47401669861
0t
0s
0r
1y
1c
0i
#47401670292
1t
0s
0r
1y
1c
0i
#47401670980
0t
0s
0r
1y
1c
0i
#47401671412
1t
0s
0r
1y
1c
0i
#47401672100
0t
0s
0r
1y
1c
0i
#47401672532
1t
0s
0r
1y
1c
0i
#47401673222
0t
0s
0r
1y
1c
0i
#47401673653
1t
0s
0r
1y
1c
0i
#47401674338
0t
0s
0r
1y
1c
0i
#47401674771
1t
0s
0r
1y
1c
0i
#47401675457
0t
0s
0r
1y
1c
0i
#47401675889
1t
0s
0r
1y
1c
0i
#47401676579
0t
0s
0r
1y
1c
0i
#47401677009
1t
0s
0r
1y
1c
0i
#47401678793
0t
0s
0r
1y
1c
0i
#47401680039
1t
0s
0r
1y
1c
0i
#47401681067
0t
0s
0r
1y
1c
0i
#47401681485
1t
0s
0r
1y
1c
0i
#47401682177
0t
0s
0r
1y
1c
0i
#47401682606
1t
0s
0r
1y
1c
0i
#47401683296
0t
0s
0r
1y
1c
0i
#47401683726
1t
0s
0r
1y
1c
0i
#47401684415
0t
0s
0r
1y
1c
0i
#47401684847
1t
0s
0r
1y
1c
0i
#47401685536
0t
0s
0r
1y
1c
0i
#47401685966
1t
0s
0r
1y
1c
0i
#47401686658
0t
0s
0r
1y
1c
0i
#47401687087
1t
0s
0r
1y
1c
0i
#47401687774
0t
0s
0r
1y
1c
0i
#47401688205
1t
0s
0r
1y
1c
0i
#47401688894
0t
0s
0r
1y
1c
0i
#47401689324
1t
0s
0r
1y
1c
0i
#47401690016
0t
0s
0r
1y
1c
0i
#47401690447
1t
0s
0r
1y
1c
0i
#47401691135
0t
0s
0r
1y
1c
0i
#47401691567
1t
0s
0r
1y
0c
0i
#47401692258
0t
0s
0r
1y
0c
0i
#47401692690
1t
0s
0r
1y
0c
0i
#47401693386
0t
0s
0r
1y
0c
0i
#47401693817
1t
0s
0r
1y
0c
1i
#47401694510
0t
0s
0r
1y
0c
1i
#47401694943
1t
0s
0r
1y
0c
1i
#47401695639
0t
0s
0r
1y
0c
1i
#47401696073
1t
0s
0r
1y
0c
1i
#47401696117
1t
0s
1r
1y
0c
1i
#47401696119
1t
0s
0r
1y
0c
1i
#47401696772
0t
0s
0r
1y
0c
0i
#47401697204
1t
0s
0r
1y
0c
0i
#47401697899
0t
0s
0r
1y
0c
0i
#47401698332
1t
0s
0r
1y
0c
0i
#47401699028
0t
0s
0r
1y
0c
0i
#47401699460
1t
0s
0r
1y
0c
0i
#47401700159
0t
0s
0r
1y
0c
0i
#47401700589
1t
0s
0r
1y
0c
0i
#47401701282
0t
0s
0r
1y
0c
0i
#47401701715
1t
0s
0r
1y
0c
0i
#47401702408
0t
0s
0r
1y
0c
0i
#47401702839
1t
0s
0r
1y
0c
0i
#47401703535
0t
0s
0r
1y
0c
0i
#47401703964
1t
0s
0r
1y
0c
0i
#47401704656
0t
0s
0r
1y
0c
0i
#47401705086
1t
0s
0r
1y
0c
0i
#47401705778
0t
0s
0r
1y
0c
0i
#47401706207
1t
0s
0r
1y
0c
0i
#47401706903
0t
0s
0r
1y
0c
0i
#47401707329
1t
0s
0r
1y
0c
0i
#47401708021
0t
0s
0r
1y
0c
0i
#47401708449
1t
0s
0r
1y
0c
0i
#47401709142
0t
0s
0r
1y
0c
0i
#47401709570
1t
0s
0r
1y
0c
0i
#47401710266
0t
0s
0r
1y
0c
0i
#47401710693
1t
0s
0r
1y
0c
0i
#47401711385
0t
0s
0r
1y
0c
0i
#47401711815
1t
0s
0r
1y
0c
0i
#47401712507
0t
0s
0r
1y
0c
0i
#47401712938
1t
0s
0r
1y
0c
0i
#47401713633
0t
0s
0r
1y
0c
0i
#47401714062
1t
0s
0r
1y
0c
0i
#47401714753
0t
0s
0r
1y
0c
0i
#47401715184
1t
0s
0r
1y
0c
0i
#47401715877
0t
0s
0r
1y
0c
0i
#47401716307
1t
0s
0r
1y
0c
0i
#47401717003
0t
0s
0r
1y
0c
0i
#47401717431
1t
0s
0r
1y
0c
0i
#47401718122
0t
0s
0r
1y
0c
0i
#47401718554
1t
0s
0r
1y
0c
0i
#47401719246
0t
0s
0r
1y
0c
0i
#47401719677
1t
0s
0r
1y
0c
0i
#47401720373
0t
0s
0r
1y
0c
0i
#47401720803
1t
0s
0r
1y
0c
0i
#47401721493
0t
0s
0r
1y
0c
0i
#47401721925
1t
0s
0r
1y
0c
0i
#47401722618
0t
0s
0r
1y
0c
0i
#47401723050
1t
0s
0r
1y
0c
0i
#47401723744
0t
0s
0r
1y
0c
0i
#47401724177
1t
0s
0r
1y
0c
0i
#47401724868
0t
0s
0r
1y
1c
0i
#47401725303
1t
0s
0r
1y
1c
0i
#47401725997
0t
0s
0r
1y
1c
0i
#47401726431
1t
0s
0r
1y
1c
0i
#47401727130
0t
0s
0r
1y
1c
0i
#47401727562
1t
0s
0r
1y
1c
1i
#47401728259
0t
0s
0r
1y
1c
1i
#47401728694
1t
0s
0r
1y
1c
1i
#47401729393
0t
0s
0r
1y
1c
1i
#47401729827
1t
0s
0r
1y
1c
1i
#47401730530
0t
0s
0r
1y
1c
0i
#47401730963
1t
0s
0r
1y
1c
0i
#47401731661
0t
0s
0r
1y
1c
0i
#47401732096
1t
0s
0r
1y
1c
0i
#47401732795
0t
0s
0r
1y
1c
0i
#47401733229
1t
0s
0r
1y
1c
0i
#47401733929
0t
0s
0r
1y
1c
0i
#47401734362
1t
0s
0r
1y
1c
0i
#47401735056
0t
0s
0r
1y
1c
0i
#47401735492
1t
0s
0r
1y
1c
0i
#47401736185
0t
0s
0r
1y
1c
0i
#47401736620
1t
0s
0r
1y
1c
0i
#47401737315
0t
0s
0r
1y
1c
0i
#47401737748
1t
0s
0r
1y
1c
0i
#47401738437
0t
0s
0r
1y
1c
0i
#47401738871
1t
0s
0r
1y
1c
0i
#47401739560
0t
0s
0r
1y
1c
0i
#47401739993
1t
0s
0r
1y
1c
0i
#47401740685
0t
0s
0r
1y
1c
0i
#47401741118
1t
0s
0r
1y
1c
0i
#47401741804
0t
0s
0r
1y
1c
0i
#47401742239
1t
0s
0r
1y
1c
0i
#47401742927
0t
0s
0r
1y
1c
0i
#47401743360
1t
0s
0r
1y
1c
0i
#47401744052
0t
0s
0r
1y
1c
0i
#47401744484
1t
0s
0r
1y
1c
0i
#47401746273
0t
0s
0r
1y
1c
0i
#47401747523
1t
0s
0r
1y
1c
0i
#47401748554
0t
0s
0r
1y
1c
0i
#47401748974
1t
0s
0r
1y
1c
0i
#47401749668
0t
0s
0r
1y
1c
0i
#47401750099
1t
0s
0r
1y
1c
0i
#47401750791
0t
0s
0r
1y
1c
0i
#47401751222
1t
0s
0r
1y
1c
0i
#47401751914
0t
0s
0r
1y
1c
0i
#47401752347
1t
0s
0r
1y
1c
0i
#47401753037
0t
0s
0r
1y
1c
0i
#47401753469
1t
0s
0r
1y
1c
0i
#47401754163
0t
0s
0r
1y
1c
0i
#47401754593
1t
0s
0r
1y
1c
0i
#47401755283
0t
0s
0r
1y
1c
0i
#47401755714
1t
0s
0r
1y
1c
0i
#47401756405
0t
0s
0r
1y
1c
0i
#47401756837
1t
0s
0r
1y
1c
0i
#47401757531
0t
0s
0r
1y
1c
0i
#47401757963
1t
0s
0r
1y
1c
0i
#47401758652
0t
0s
0r
1y
0c
0i
#47401759086
1t
0s
0r
1y
0c
0i
#47401759779
0t
0s
0r
1y
0c
0i
#47401760212
1t
0s
0r
1y
0c
0i
#47401760910
0t
0s
0r
1y
0c
0i
#47401761341
1t
0s
0r
1y
0c
1i
#47401762037
0t
0s
0r
1y
0c
1i
#47401762470
1t
0s
0r
1y
0c
1i
#47401763168
0t
0s
0r
1y
0c
1i
#47401763602
1t
0s
0r
1y
0c
1i
#47401764302
0t
0s
0r
1y
0c
0i
#47401764735
1t
0s
0r
1y
0c
0i
#47401765431
0t
0s
0r
1y
0c
0i
#47401765865
1t
0s
0r
1y
0c
0i
#47401766563
0t
0s
0r
1y
0c
0i
#47401766995
1t
0s
0r
1y
0c
0i
#47401767695
0t
0s
0r
1y
0c
0i
#47401768125
1t
0s
0r
1y
0c
0i
#47401768819
0t
0s
0r
1y
0c
0i
#47401769252
1t
0s
0r
1y
0c
0i
#47401769945
0t
0s
0r
1y
0c
0i
#47401770377
1t
0s
0r
1y
0c
0i
#47401771072
0t
0s
0r
1y
0c
0i
#47401771501
1t
0s
0r
1y
0c
0i
#47401772191
0t
0s
0r
1y
0c
0i
#47401772621
1t
0s
0r
1y
0c
0i
#47401773312
0t
0s
0r
1y
0c
0i
#47401773740
1t
0s
0r
1y
0c
0i
#47401774433
0t
0s
0r
1y
0c
0i
#47401774859
1t
0s
0r
1y
0c
0i
#47401775548
0t
0s
0r
1y
0c
0i
#47401775976
1t
0s
0r
1y
0c
0i
#47401776666
0t
0s
0r
1y
0c
0i
#47401777094
1t
0s
0r
1y
0c
0i
#47401777787
0t
0s
0r
1y
0c
0i
#47401778213
1t
0s
0r
1y
0c
0i
#47401778903
0t
0s
0r
1y
0c
0i
#47401779332
1t
0s
0r
1y
0c
0i
#47401780021
0t
0s
0r
1y
0c
0i
#47401780452
1t
0s
0r
1y
0c
0i
#47401781144
0t
0s
0r
1y
0c
0i
#47401781572
1t
0s
0r
1y
0c
0i
#47401782260
0t
0s
0r
1y
0c
0i
#47401782691
1t
0s
0r
1y
0c
0i
#47401783380
0t
0s
0r
1y
0c
0i
#47401783810
1t
0s
0r
1y
0c
0i
#47401784503
0t
0s
0r
1y
0c
0i
#47401784931
1t
0s
0r
1y
0c
0i
#47401785618
0t
0s
0r
1y
0c
0i
#47401786050
1t
0s
0r
1y
0c
0i
#47401786738
0t
0s
0r
1y
0c
0i
#47401787168
1t
0s
0r
1y
0c
0i
#47401787860
0t
0s
0r
1y
0c
0i
#47401788289
1t
0s
0r
1y
0c
0i
#47401788976
0t
0s
0r
1y
0c
0i
#47401789407
1t
0s
0r
1y
0c
0i
#47401790096
0t
0s
0r
1y
0c
0i
#47401790526
1t
0s
0r
1y
0c
0i
#47401791218
0t
0s
0r
1y
0c
0i
#47401791649
1t
0s
0r
1y
0c
0i
#47401792336
0t
0s
0r
1y
1c
0i
#47401792769
1t
0s
0r
1y
1c
0i
#47401793460
0t
0s
0r
1y
1c
0i
#47401793892
1t
0s
0r
1y
1c
0i
#47401794588
0t
0s
0r
1y
1c
0i
#47401795019
1t
0s
0r
1y
1c
1i
#47401795711
0t
0s
0r
1y
1c
1i
#47401796145
1t
0s
0r
1y
1c
1i
#47401796841
0t
0s
0r
1y
1c
1i
#47401797274
1t
0s
0r
1y
1c
1i
#47401797972
0t
0s
0r
1y
1c
0i
#47401798405
1t
0s
0r
1y
1c
0i
#47401799099
0t
0s
0r
1y
1c
0i
#47401799532
1t
0s
0r
1y
1c
0i
#47401800228
0t
0s
0r
1y
1c
0i
#47401800661
1t
0s
0r
1y
1c
0i
#47401801359
0t
0s
0r
1y
1c
0i
#47401801790
1t
0s
0r
1y
1c
0i
#47401802482
0t
0s
0r
1y
1c
0i
#47401802917
1t
0s
0r
1y
1c
0i
#47401803609
0t
0s
0r
1y
1c
0i
#47401804043
1t
0s
0r
1y
1c
0i
#47401804738
0t
0s
0r
1y
1c
0i
#47401805171
1t
0s
0r
1y
1c
0i
#47401805862
0t
0s
0r
1y
1c
0i
#47401806295
1t
0s
0r
1y
1c
0i
#47401806987
0t
0s
0r
1y
1c
0i
#47401807420
1t
0s
0r
1y
1c
0i
#47401808114
0t
0s
0r
1y
1c
0i
#47401808548
1t
0s
0r
1y
1c
0i
#47401809237
0t
0s
0r
1y
1c
0i
#47401809672
1t
0s
0r
1y
1c
0i
#47401810363
0t
0s
0r
1y
1c
0i
#47401810797
1t
0s
0r
1y
1c
0i
#47401811492
0t
0s
0r
1y
1c
0i
#47401811925
1t
0s
0r
1y
1c
0i
#47401813719
0t
0s
0r
1y
1c
0i
#47401814972
1t
0s
0r
1y
1c
0i
#47401816007
0t
0s
0r
1y
1c
0i
#47401816427
1t
0s
0r
1y
1c
0i
#47401817123
0t
0s
0r
1y
1c
0i
#47401817554
1t
0s
0r
1y
1c
0i
#47401818249
0t
0s
0r
1y
1c
0i
#47401818680
1t
0s
0r
1y
1c
0i
#47401819374
0t
0s
0r
1y
1c
0i
#47401819808
1t
0s
0r
1y
1c
0i
#47401820500
0t
0s
0r
1y
1c
0i
#47401820932
1t
0s
0r
1y
1c
0i
#47401821628
0t
0s
0r
1y
1c
0i
#47401822059
1t
0s
0r
1y
1c
0i
#47401822751
0t
0s
0r
1y
1c
0i
#47401823183
1t
0s
0r
1y
1c
0i
#47401823877
0t
0s
0r
1y
1c
0i
#47401824309
1t
0s
0r
1y
1c
0i
#47401825005
0t
0s
0r
1y
1c
0i
#47401825438
1t
0s
0r
1y
1c
0i
#47401826130
0t
0s
0r
1y
0c
0i
#47401826564
1t
0s
0r
1y
0c
0i
#47401827260
0t
0s
0r
1y
0c
0i
#47401827694
1t
0s
0r
1y
0c
0i
#47401828395
0t
0s
0r
1y
0c
0i
#47401828827
1t
0s
0r
1y
0c
1i
#47401829525
0t
0s
0r
1y
0c
1i
#47401829960
1t
0s
0r
1y
0c
1i
#47401830659
0t
0s
0r
1y
0c
1i
#47401831100
0t
0s
1r
1y
0c
1i
#47401831103
0t
0s
0r
1y
0c
1i
#51696798391
1t
0s
0r
1y
0c
1i
#51696799094
0t
0s
0r
1y
0c
0i
#51696799529
1t
0s
0r
1y
0c
0i
#51696800227
0t
0s
0r
1y
0c
0i
#51696800663
1t
0s
0r
1y
0c
0i
#51696801363
0t
0s
0r
1y
0c
0i
#51696801797
1t
0s
0r
1y
0c
0i
#51696802500
0t
0s
0r
1y
0c
0i
#51696802932
1t
0s
0r
1y
0c
0i
#51696803629
0t
0s
0r
1y
0c
0i
#51696804064
1t
0s
0r
1y
0c
0i
#51696804762
0t
0s
0r
1y
0c
0i
#51696805195
1t
0s
0r
1y
0c
0i
#51696805897
0t
0s
0r
1y
0c
0i
#51696806327
1t
0s
0r
1y
0c
0i
#51696807024
0t
0s
0r
1y
0c
0i
#51696807457
1t
0s
0r
1y
0c
0i
#51696808155
0t
0s
0r
1y
0c
0i
#51696808586
1t
0s
0r
1y
0c
0i
#51696809287
0t
0s
0r
1y
0c
0i
#51696809716
1t
0s
0r
1y
0c
0i
#51696810413
0t
0s
0r
1y
0c
0i
#51696810844
1t
0s
0r
1y
0c
0i
#51696811542
0t
0s
0r
1y
0c
0i
#51696811974
1t
0s
0r
1y
0c
0i
#51696812675
0t
0s
0r
1y
0c
0i
#51696813105
1t
0s
0r
1y
0c
0i
#51696813802
0t
0s
0r
1y
0c
0i
#51696814234
1t
0s
0r
1y
0c
0i
#51696814932
0t
0s
0r
1y
0c
0i
#51696815365
1t
0s
0r
1y
0c
0i
#51696816065
0t
0s
0r
1y
0c
0i
#51696816497
1t
0s
0r
1y
0c
0i
#51696817192
0t
0s
0r
1y
0c
0i
#51696817626
1t
0s
0r
1y
0c
0i
#51696818324
0t
0s
0r
1y
0c
0i
#51696818756
1t
0s
0r
1y
0c
0i
#51696819457
0t
0s
0r
1y
0c
0i
#51696819888
1t
0s
0r
1y
0c
0i
#51696820583
0t
0s
0r
1y
0c
0i
#51696821018
1t
0s
0r
1y
0c
0i
#51696821714
0t
0s
0r
1y
0c
0i
#51696822148
1t
0s
0r
1y
0c
0i
#51696822847
0t
0s
0r
1y
0c
0i
#51696823280
1t
0s
0r
1y
0c
0i
#51696823975
0t
0s
0r
1y
0c
0i
#51696824409
1t
0s
0r
1y
0c
0i
#51696825107
0t
0s
0r
1y
0c
0i
#51696825541
1t
0s
0r
1y
0c
0i
#51696826241
0t
0s
0r
1y
0c
0i
#51696826676
1t
0s
0r
1y
0c
0i
#51696827372
0t
0s
0r
1y
1c
0i
#51696827809
1t
0s
0r
1y
1c
0i
#51696828509
0t
0s
0r
1y
1c
0i
#51696828945
1t
0s
0r
1y
1c
0i
#51696829650
0t
0s
0r
1y
1c
0i
#51696830085
1t
0s
0r
1y
1c
1i
#51696830786
0t
0s
0r
1y
1c
1i
#51696831225
1t
0s
0r
1y
1c
1i
#51696831929
0t
0s
0r
1y
1c
1i
#51696832367
1t
0s
0r
1y
1c
1i
#51696833075
0t
0s
0r
1y
1c
0i
#51696833511
1t
0s
0r
1y
1c
0i
#51696834214
0t
0s
0r
1y
1c
0i
#51696834652
1t
0s
0r
1y
1c
0i
#51696835356
0t
0s
0r
1y
1c
0i
#51696835793
1t
0s
0r
1y
1c
0i
#51696836499
0t
0s
0r
1y
1c
0i
#51696836934
1t
0s
0r
1y
1c
0i
#51696837633
0t
0s
0r
1y
1c
0i
#51696838071
1t
0s
0r
1y
1c
0i
#51696838769
0t
0s
0r
1y
1c
0i
#51696839206
1t
0s
0r
1y
1c
0i
#51696839905
0t
0s
0r
1y
1c
0i
#51696840339
1t
0s
0r
1y
1c
0i
#51696841032
0t
0s
0r
1y
1c
0i
#51696841467
1t
0s
0r
1y
1c
0i
#51696842160
0t
0s
0r
1y
1c
0i
#51696842594
1t
0s
0r
1y
1c
0i
#51696843288
0t
0s
0r
1y
1c
0i
#51696843722
1t
0s
0r
1y
1c
0i
#51696844411
0t
0s
0r
1y
1c
0i
#51696844847
1t
0s
0r
1y
1c
0i
#51696845538
0t
0s
0r
1y
1c
0i
#51696845973
1t
0s
0r
1y
1c
0i
#51696846667
0t
0s
0r
1y
1c
0i
#51696847100
1t
0s
0r
1y
1c
0i
#51696848896
0t
0s
0r
1y
1c
0i
#51696850151
1t
0s
0r
1y
1c
0i
#51696851187
0t
0s
0r
1y
1c
0i
#51696851608
1t
0s
0r
1y
1c
0i
#51696852305
0t
0s
0r
1y
1c
0i
#51696852737
1t
0s
0r
1y
1c
0i
#51696853432
0t
0s
0r
1y
1c
0i
#51696853864
1t
0s
0r
1y
1c
0i
#51696854559
0t
0s
0r
1y
1c
0i
#51696854993
1t
0s
0r
1y
1c
0i
#51696855687
0t
0s
0r
1y
1c
0i
#51696856120
1t
0s
0r
1y
1c
0i
#51696856817
0t
0s
0r
1y
1c
0i
#51696857249
1t
0s
0r
1y
1c
0i
#51696857941
0t
0s
0r
1y
1c
0i
#51696858375
1t
0s
0r
1y
1c
0i
#51696859069
0t
0s
0r
1y
1c
0i
#51696859502
1t
0s
0r
1y
1c
0i
#51696860199
0t
0s
0r
1y
1c
0i
#51696860633
1t
0s
0r
1y
1c
0i
#51696861326
0t
0s
0r
1y
0c
0i
#51696861761
1t
0s
0r
1y
0c
0i
#51696862457
0t
0s
0r
1y
0c
0i
#51696862892
1t
0s
0r
1y
0c
0i
#51696863593
0t
0s
0r
1y
0c
0i
#51696864026
1t
0s
0r
1y
0c
1i
#51696864724
0t
0s
0r
1y
0c
1i
#51696865160
1t
0s
0r
1y
0c
1i
#51696865861
0t
0s
0r
1y
0c
1i
#51696866296
1t
0s
0r
1y
0c
1i
#51696867000
0t
0s
0r
1y
0c
0i
#51696867434
1t
0s
0r
1y
0c
0i
#51696868134
0t
0s
0r
1y
0c
0i
#51696868570
1t
0s
0r
1y
0c
0i
#51696869270
0t
0s
0r
1y
0c
0i
#51696869705
1t
0s
0r
1y
0c
0i
#51696870409
0t
0s
0r
1y
0c
0i
#51696870841
1t
0s
0r
1y
0c
0i
#51696871539
0t
0s
0r
1y
0c
0i
#51696871975
1t
0s
0r
1y
0c
0i
#51696872674
0t
0s
0r
1y
0c
0i
#51696873107
1t
0s
0r
1y
0c
0i
#51696873809
0t
0s
0r
1y
0c
0i
#51696874241
1t
0s
0r
1y
0c
0i
#51696874938
0t
0s
0r
1y
0c
0i
#51696875371
1t
0s
0r
1y
0c
0i
#51696876070
0t
0s
0r
1y
0c
0i
#51696876502
1t
0s
0r
1y
0c
0i
#51696877203
0t
0s
0r
1y
0c
0i
#51696877633
1t
0s
0r
1y
0c
0i
#51696878330
0t
0s
0r
1y
0c
0i
#51696878762
1t
0s
0r
1y
0c
0i
#51696879459
0t
0s
0r
1y
0c
0i
#51696879891
1t
0s
0r
1y
0c
0i
#51696880592
0t
0s
0r
1y
0c
0i
#51696881022
1t
0s
0r
1y
0c
0i
#51696881719
0t
0s
0r
1y
0c
0i
#51696882152
1t
0s
0r
1y
0c
0i
#51696882848
0t
0s
0r
1y
0c
0i
#51696883282
1t
0s
0r
1y
0c
0i
#51696883982
0t
0s
0r
1y
0c
0i
#51696884413
1t
0s
0r
1y
0c
0i
#51696885108
0t
0s
0r
1y
0c
0i
#51696885542
1t
0s
0r
1y
0c
0i
#51696886239
0t
0s
0r
1y
0c
0i
#51696886671
1t
0s
0r
1y
0c
0i
#51696887371
0t
0s
0r
1y
0c
0i
#51696887802
1t
0s
0r
1y
0c
0i
#51696888497
0t
0s
0r
1y
0c
0i
#51696888932
1t
0s
0r
1y
0c
0i
#51696889627
0t
0s
0r
1y
0c
0i
#51696890061
1t
0s
0r
1y
0c
0i
#51696890760
0t
0s
0r
1y
0c
0i
#51696891192
1t
0s
0r
1y
0c
0i
#51696891887
0t
0s
0r
1y
0c
0i
#51696892321
1t
0s
0r
1y
0c
0i
#51696893017
0t
0s
0r
1y
0c
0i
#51696893451
1t
0s
0r
1y
0c
0i
#51696894150
0t
0s
0r
1y
0c
0i
#51696894585
1t
0s
0r
1y
0c
0i
#51696895280
0t
0s
0r
1y
1c
0i
#51696895716
1t
0s
0r
1y
1c
0i
#51696896415
0t
0s
0r
1y
1c
0i
#51696896850
1t
0s
0r
1y
1c
0i
#51696897554
0t
0s
0r
1y
1c
0i
#51696897988
1t
0s
0r
1y
1c
1i
#51696898688
0t
0s
0r
1y
1c
1i
#51696899126
1t
0s
0r
1y
1c
1i
#51696899829
0t
0s
0r
1y
1c
1i
#51696900266
1t
0s
0r
1y
1c
1i
#51696900972
0t
0s
0r
1y
1c
0i
#51696901409
1t
0s
0r
1y
1c
0i
#51696902110
0t
0s
0r
1y
1c
0i
#51696902548
1t
0s
0r
1y
1c
0i
#51696903250
0t
0s
0r
1y
1c
0i
#51696903687
1t
0s
0r
1y
1c
0i
#51696904391
0t
0s
0r
1y
1c
0i
#51696904826
1t
0s
0r
1y
1c
0i
#51696905523
0t
0s
0r
1y
1c
0i
#51696905961
1t
0s
0r
1y
1c
0i
#51696906657
0t
0s
0r
1y
1c
0i
#51696907092
1t
0s
0r
1y
1c
0i
#51696907790
0t
0s
0r
1y
1c
0i
#51696908223
1t
0s
0r
1y
1c
0i
#51696908914
0t
0s
0r
1y
1c
0i
#51696909348
1t
0s
0r
1y
1c
0i
#51696910039
0t
0s
0r
1y
1c
0i
#51696910471
1t
0s
0r
1y
1c
0i
#51696911164
0t
0s
0r
1y
1c
0i
#51696911596
1t
0s
0r
1y
1c
0i
#51696912284
0t
0s
0r
1y
1c
0i
#51696912718
1t
0s
0r
1y
1c
0i
#51696913407
0t
0s
0r
1y
1c
0i
#51696913840
1t
0s
0r
1y
1c
0i
#51696914532
0t
0s
0r
1y
1c
0i
#51696914964
1t
0s
0r
1y
1c
0i
#51696916756
0t
0s
0r
1y
1c
0i
#51696918006
1t
0s
0r
1y
1c
0i
#51696919040
0t
0s
0r
1y
1c
0i
#51696919460
1t
0s
0r
1y
1c
0i
#51696920156
0t
0s
0r
1y
1c
0i
#51696920587
1t
0s
0r
1y
1c
0i
#51696921280
0t
0s
0r
1y
1c
0i
#51696921712
1t
0s
0r
1y
1c
0i
#51696922405
0t
0s
0r
1y
1c
0i
#51696922838
1t
0s
0r
1y
1c
0i
#51696923530
0t
0s
0r
1y
1c
0i
#51696923962
1t
0s
0r
1y
1c
0i
#51696924657
0t
0s
0r
1y
1c
0i
#51696925088
1t
0s
0r
1y
1c
0i
#51696925779
0t
0s
0r
1y
1c
0i
#51696926211
1t
0s
0r
1y
1c
0i
#51696926904
0t
0s
0r
1y
1c
0i
#51696927336
1t
0s
0r
1y
1c
0i
#51696928031
0t
0s
0r
1y
1c
0i
#51696928464
1t
0s
0r
1y
1c
0i
#51696929156
0t
0s
0r
1y
0c
0i
#51696929590
1t
0s
0r
1y
0c
0i
#51696930285
0t
0s
0r
1y
0c
0i
#51696930718
1t
0s
0r
1y
0c
0i
#51696931418
0t
0s
0r
1y
0c
0i
#51696931850
1t
0s
0r
1y
0c
1i
#51696932548
0t
0s
0r
1y
0c
1i
#51696932983
1t
0s
0r
1y
0c
1i
#51696933682
0t
0s
0r
1y
0c
1i
#51696934118
1t
0s
0r
1y
0c
1i
#51696934225
1t
0s
1r
1y
0c
0i
#51696934228
1t
0s
0r
1y
0c
0i
#51696934820
0t
0s
0r
1y
0c
0i
#51696935255
1t
0s
0r
1y
0c
0i
#51696935953
0t
0s
0r
1y
0c
0i
#51696936389
1t
0s
0r
1y
0c
0i
#51696937089
0t
0s
0r
1y
0c
0i
#51696937523
1t
0s
0r
1y
0c
0i
#51696938226
0t
0s
0r
1y
0c
0i
#51696938657
1t
0s
0r
1y
0c
0i
#51696939355
0t
0s
0r
1y
0c
0i
#51696939790
1t
0s
0r
1y
0c
0i
#51696940487
0t
0s
0r
1y
0c
0i
#51696940920
1t
0s
0r
1y
0c
0i
#51696941620
0t
0s
0r
1y
0c
0i
#51696942051
1t
0s
0r
1y
0c
0i
#51696942746
0t
0s
0r
1y
0c
0i
#51696943177
1t
0s
0r
1y
0c
0i
#51696943873
0t
0s
0r
1y
0c
0i
#51696944303
1t
0s
0r
1y
0c
0i
#51696945001
0t
0s
0r
1y
0c
0i
#51696945429
1t
0s
0r
1y
0c
0i
#51696946123
0t
0s
0r
1y
0c
0i
#51696946553
1t
0s
0r
1y
0c
0i
#51696947248
0t
0s
0r
1y
0c
0i
#51696947677
1t
0s
0r
1y
0c
0i
#51696948375
0t
0s
0r
1y
0c
0i
#51696948803
1t
0s
0r
1y
0c
0i
#51696949497
0t
0s
0r
1y
0c
0i
#51696949928
1t
0s
0r
1y
0c
0i
#51696950622
0t
0s
0r
1y
0c
0i
#51696951054
1t
0s
0r
1y
0c
0i
#51696951751
0t
0s
0r
1y
0c
0i
#51696952182
1t
0s
0r
1y
0c
0i
#51696952875
0t
0s
0r
1y
0c
0i
#51696953307
1t
0s
0r
1y
0c
0i
#51696954003
0t
0s
0r
1y
0c
0i
#51696954434
1t
0s
0r
1y
0c
0i
#51696955133
0t
0s
0r
1y
0c
0i
#51696955563
1t
0s
0r
1y
0c
0i
#51696956256
0t
0s
0r
1y
0c
0i
#51696956690
1t
0s
0r
1y
0c
0i
#51696957384
0t
0s
0r
1y
0c
0i
#51696957817
1t
0s
0r
1y
0c
0i
#51696958514
0t
0s
0r
1y
0c
0i
#51696958945
1t
0s
0r
1y
0c
0i
#51696959638
0t
0s
0r
1y
0c
0i
#51696960071
1t
0s
0r
1y
0c
0i
#51696960766
0t
0s
0r
1y
0c
0i
#51696961199
1t
0s
0r
1y
0c
0i
#51696961897
0t
0s
0r
1y
0c
0i
#51696962330
1t
0s
0r
1y
0c
0i
#51696963023
0t
0s
0r
1y
1c
0i
#51696963459
1t
0s
0r
1y
1c
0i
#51696964155
0t
0s
0r
1y
1c
0i
#51696964590
1t
0s
0r
1y
1c
0i
#51696965291
0t
0s
0r
1y
1c
0i
#51696965725
1t
0s
0r
1y
1c
1i
#51696966423
0t
0s
0r
1y
1c
1i
#51696966859
1t
0s
0r
1y
1c
1i
#51696967560
0t
0s
0r
1y
1c
1i
#51696967996
1t
0s
0r
1y
1c
1i
#51696968700
0t
0s
0r
1y
1c
0i
#51696969135
1t
0s
0r
1y
1c
0i
#51696969835
0t
0s
0r
1y
1c
0i
#51696970271
1t
0s
0r
1y
1c
0i
#51696970971
0t
0s
0r
1y
1c
0i
#51696971407
1t
0s
0r
1y
1c
0i
#51696972109
0t
0s
0r
1y
1c
0i
#51696972543
1t
0s
0r
1y
1c
0i
#51696973239
0t
0s
0r
1y
1c
0i
#51696973676
1t
0s
0r
1y
1c
0i
#51696974372
0t
0s
0r
1y
1c
0i
#51696974808
1t
0s
0r
1y
1c
0i
#51696975506
0t
0s
0r
1y
1c
0i
#51696975939
1t
0s
0r
1y
1c
0i
#51696976631
0t
0s
0r
1y
1c
0i
#51696977066
1t
0s
0r
1y
1c
0i
#51696977758
0t
0s
0r
1y
1c
0i
#51696978192
1t
0s
0r
1y
1c
0i
#51696978886
0t
0s
0r
1y
1c
0i
#51696979320
1t
0s
0r
1y
1c
0i
#51696980009
0t
0s
0r
1y
1c
0i
#51696980444
1t
0s
0r
1y
1c
0i
#51696981135
0t
0s
0r
1y
1c
0i
#51696981569
1t
0s
0r
1y
1c
0i
#51696982263
0t
0s
0r
1y
1c
0i
#51696982696
1t
0s
0r
1y
1c
0i
#51696984490
0t
0s
0r
1y
1c
0i
#51696985743
1t
0s
0r
1y
1c
0i
#51696986778
0t
0s
0r
1y
1c
0i
#51696987198
1t
0s
0r
1y
1c
0i
#51696987895
0t
0s
0r
1y
1c
0i
#51696988327
1t
0s
0r
1y
1c
0i
#51696989021
0t
0s
0r
1y
1c
0i
#51696989453
1t
0s
0r
1y
1c
0i
#51696990146
0t
0s
0r
1y
1c
0i
#51696990580
1t
0s
0r
1y
1c
0i
#51696991273
0t
0s
0r
1y
1c
0i
#51696991705
1t
0s
0r
1y
1c
0i
#51696992401
0t
0s
0r
1y
1c
0i
#51696992832
1t
0s
0r
1y
1c
0i
#51696993524
0t
0s
0r
1y
1c
0i
#51696993956
1t
0s
0r
1y
1c
0i
#51696994650
0t
0s
0r
1y
1c
0i
#51696995082
1t
0s
0r
1y
1c
0i
#51696995778
0t
0s
0r
1y
1c
0i
#51696996211
1t
0s
0r
1y
1c
0i
#51696996903
0t
0s
0r
1y
0c
0i
#51696997338
1t
0s
0r
1y
0c
0i
#51696998033
0t
0s
0r
1y
0c
0i
#51696998467
1t
0s
0r
1y
0c
0i
#51696999167
0t
0s
0r
1y
0c
0i
#51696999599
1t
0s
0r
1y
0c
1i
#51697000297
0t
0s
0r
1y
0c
1i
#51697000732
1t
0s
0r
1y
0c
1i
#51697001432
0t
0s
0r
1y
0c
1i
#51697001867
1t
0s
0r
1y
0c
1i
#51697002570
0t
0s
0r
1y
0c
0i
#51697003005
1t
0s
0r
1y
0c
0i
#51697003703
0t
0s
0r
1y
0c
0i
#51697004139
1t
0s
0r
1y
0c
0i
#51697004838
0t
0s
0r
1y
0c
0i
#51697005272
1t
0s
0r
1y
0c
0i
#51697005975
0t
0s
0r
1y
0c
0i
#51697006408
1t
0s
0r
1y
0c
0i
#51697007105
0t
0s
0r
1y
0c
0i
#51697007540
1t
0s
0r
1y
0c
0i
#51697008238
0t
0s
0r
1y
0c
0i
#51697008672
1t
0s
0r
1y
0c
0i
#51697009372
0t
0s
0r
1y
0c
0i
#51697009804
1t
0s
0r
1y
0c
0i
#51697010501
0t
0s
0r
1y
0c
0i
#51697010934
1t
0s
0r
1y
0c
0i
#51697011632
0t
0s
0r
1y
0c
0i
#51697012063
1t
0s
0r
1y
0c
0i
#51697012764
0t
0s
0r
1y
0c
0i
#51697013193
1t
0s
0r
1y
0c
0i
#51697013890
0t
0s
0r
1y
0c
0i
#51697014321
1t
0s
0r
1y
0c
0i
#51697015019
0t
0s
0r
1y
0c
0i
#51697015450
1t
0s
0r
1y
0c
0i
#51697016151
0t
0s
0r
1y
0c
0i
#51697016580
1t
0s
0r
1y
0c
0i
#51697017277
0t
0s
0r
1y
0c
0i
#51697017709
1t
0s
0r
1y
0c
0i
#51697018405
0t
0s
0r
1y
0c
0i
#51697018838
1t
0s
0r
1y
0c
0i
#51697019537
0t
0s
0r
1y
0c
0i
#51697019969
1t
0s
0r
1y
0c
0i
#51697020664
0t
0s
0r
1y
0c
0i
#51697021097
1t
0s
0r
1y
0c
0i
#51697021794
0t
0s
0r
1y
0c
0i
#51697022226
1t
0s
0r
1y
0c
0i
#51697022925
0t
0s
0r
1y
0c
0i
#51697023357
1t
0s
0r
1y
0c
0i
#51697024051
0t
0s
0r
1y
0c
0i
#51697024485
1t
0s
0r
1y
0c
0i
#51697025180
0t
0s
0r
1y
0c
0i
#51697025613
1t
0s
0r
1y
0c
0i
#51697026312
0t
0s
0r
1y
0c
0i
#51697026743
1t
0s
0r
1y
0c
0i
#51697027437
0t
0s
0r
1y
0c
0i
#51697027871
1t
0s
0r
1y
0c
0i
#51697028566
0t
0s
0r
1y
0c
0i
#51697029000
1t
0s
0r
1y
0c
0i
#51697029698
0t
0s
0r
1y
0c
0i
#51697030132
1t
0s
0r
1y
0c
0i
#51697030825
0t
0s
0r
1y
1c
0i
#51697031262
1t
0s
0r
1y
1c
0i
#51697031959
0t
0s
0r
1y
1c
0i
#51697032394
1t
0s
0r
1y
1c
0i
#51697033097
0t
0s
0r
1y
1c
0i
#51697033531
1t
0s
0r
1y
1c
1i
#51697034230
0t
0s
0r
1y
1c
1i
#51697034667
1t
0s
0r
1y
1c
1i
#51697035370
0t
0s
0r
1y
1c
1i
#51697035806
1t
0s
0r
1y
1c
1i
#51697036513
0t
0s
0r
1y
1c
0i
#51697036948
1t
0s
0r
1y
1c
0i
#51697037649
0t
0s
0r
1y
1c
0i
#51697038086
1t
0s
0r
1y
1c
0i
#51697038789
0t
0s
0r
1y
1c
0i
#51697039225
1t
0s
0r
1y
1c
0i
#51697039929
0t
0s
0r
1y
1c
0i
#51697040363
1t
0s
0r
1y
1c
0i
#51697041060
0t
0s
0r
1y
1c
0i
#51697041498
1t
0s
0r
1y
1c
0i
#51697042195
0t
0s
0r
1y
1c
0i
#51697042630
1t
0s
0r
1y
1c
0i
#51697043329
0t
0s
0r
1y
1c
0i
#51697043762
1t
0s
0r
1y
1c
0i
#51697044454
0t
0s
0r
1y
1c
0i
#51697044889
1t
0s
0r
1y
1c
0i
#51697045582
0t
0s
0r
1y
1c
0i
#51697046016
1t
0s
0r
1y
1c
0i
#51697046711
0t
0s
0r
1y
1c
0i
#51697047145
1t
0s
0r
1y
1c
0i
#51697047835
0t
0s
0r
1y
1c
0i
#51697048271
1t
0s
0r
1y
1c
0i
#51697048963
0t
0s
0r
1y
1c
0i
#51697049397
1t
0s
0r
1y
1c
0i
#51697050092
0t
0s
0r
1y
1c
0i
#51697050526
1t
0s
0r
1y
1c
0i
#51697052323
0t
0s
0r
1y
1c
0i
#51697053578
1t
0s
0r
1y
1c
0i
#51697054614
0t
0s
0r
1y
1c
0i
#51697055035
1t
0s
0r
1y
1c
0i
#51697055733
0t
0s
0r
1y
1c
0i
#51697056165
1t
0s
0r
1y
1c
0i
#51697056860
0t
0s
0r
1y
1c
0i
#51697057293
1t
0s
0r
1y
1c
0i
#51697057987
0t
0s
0r
1y
1c
0i
#51697058422
1t
0s
0r
1y
1c
0i
#51697059116
0t
0s
0r
1y
1c
0i
#51697059549
1t
0s
0r
1y
1c
0i
#51697060246
0t
0s
0r
1y
1c
0i
#51697060677
1t
0s
0r
1y
1c
0i
#51697061371
0t
0s
0r
1y
1c
0i
#51697061804
1t
0s
0r
1y
1c
0i
#51697062499
0t
0s
0r
1y
1c
0i
#51697062931
1t
0s
0r
1y
1c
0i
#51697063628
0t
0s
0r
1y
1c
0i
#51697064062
1t
0s
0r
1y
1c
0i
#51697064756
0t
0s
0r
1y
0c
0i
#51697065191
1t
0s
0r
1y
0c
0i
#51697065888
0t
0s
0r
1y
0c
0i
#51697066323
1t
0s
0r
1y
0c
0i
#51697067025
0t
0s
0r
1y
0c
0i
#51697067458
1t
0s
0r
1y
0c
1i
#51697068158
0t
0s
0r
1y
0c
1i
#51697068594
1t
0s
0r
1y
0c
1i
#51697069295
0t
0s
0r
1y
0c
1i
#51697069732
1t
0s
0r
1y
0c
1i
#51697069786
1t
0s
1r
1y
0c
1i
#51697069788
1t
0s
0r
1y
0c
1i
#51697070437
0t
0s
0r
1y
0c
0i
#51697070872
1t
0s
0r
1y
0c
0i
#51697071573
0t
0s
0r
1y
0c
0i
#51697072009
1t
0s
0r
1y
0c
0i
#51697072712
0t
0s
0r
1y
0c
0i
#51697073146
1t
0s
0r
1y
0c
0i
#51697073852
0t
0s
0r
1y
0c
0i
#51697074285
1t
0s
0r
1y
0c
0i
#51697074984
0t
0s
0r
1y
0c
0i
#51697075421
1t
0s
0r
1y
0c
0i
#51697076121
0t
0s
0r
1y
0c
0i
#51697076556
1t
0s
0r
1y
0c
0i
#51697077259
0t
0s
0r
1y
0c
0i
#51697077692
1t
0s
0r
1y
0c
0i
#51697078393
0t
0s
0r
1y
0c
0i
#51697078827
1t
0s
0r
1y
0c
0i
#51697079529
0t
0s
0r
1y
0c
0i
#51697079962
1t
0s
0r
1y
0c
0i
#51697080668
0t
0s
0r
1y
0c
0i
#51697081100
1t
0s
0r
1y
0c
0i
#51697081802
0t
0s
0r
1y
0c
0i
#51697082236
1t
0s
0r
1y
0c
0i
#51697082940
0t
0s
0r
1y
0c
0i
#51697083373
1t
0s
0r
1y
0c
0i
#51697084081
0t
0s
0r
1y
0c
0i
#51697084513
1t
0s
0r
1y
0c
0i
#51697085217
0t
0s
0r
1y
0c
0i
#51697085652
1t
0s
0r
1y
0c
0i
#51697086355
0t
0s
0r
1y
0c
0i
#51697086792
1t
0s
0r
1y
0c
0i
#51697087497
0t
0s
0r
1y
0c
0i
#51697087932
1t
0s
0r
1y
0c
0i
#51697088634
0t
0s
0r
1y
0c
0i
#51697089070
1t
0s
0r
1y
0c
0i
#51697089774
0t
0s
0r
1y
0c
0i
#51697090209
1t
0s
0r
1y
0c
0i
#51697090915
0t
0s
0r
1y
0c
0i
#51697091350
1t
0s
0r
1y
0c
0i
#51697092051
0t
0s
0r
1y
0c
0i
#51697092489
1t
0s
0r
1y
0c
0i
#51697093191
0t
0s
0r
1y
0c
0i
#51697093627
1t
0s
0r
1y
0c
0i
#51697094333
0t
0s
0r
1y
0c
0i
#51697094768
1t
0s
0r
1y
0c
0i
#51697095469
0t
0s
0r
1y
0c
0i
#51697095907
1t
0s
0r
1y
0c
0i
#51697096610
0t
0s
0r
1y
0c
0i
#51697097047
1t
0s
0r
1y
0c
0i
#51697097752
0t
0s
0r
1y
0c
0i
#51697098191
1t
0s
0r
1y
0c
0i
#51697098892
0t
0s
0r
1y
1c
0i
#51697099332
1t
0s
0r
1y
1c
0i
#51697100037
0t
0s
0r
1y
1c
0i
#51697100477
1t
0s
0r
1y
1c
0i
#51697101187
0t
0s
0r
1y
1c
0i
#51697101626
1t
0s
0r
1y
1c
1i
#51697102333
0t
0s
0r
1y
1c
1i
#51697102774
1t
0s
0r
1y
1c
1i
#51697103484
0t
0s
0r
1y
1c
1i
#51697103925
1t
0s
0r
1y
1c
1i
#51697104639
0t
0s
0r
1y
1c
0i
#51697105078
1t
0s
0r
1y
1c
0i
#51697105787
0t
0s
0r
1y
1c
0i
#51697106227
1t
0s
0r
1y
1c
0i
#51697106937
0t
0s
0r
1y
1c
0i
#51697107377
1t
0s
0r
1y
1c
0i
#51697108088
0t
0s
0r
1y
1c
0i
#51697108527
1t
0s
0r
1y
1c
0i
#51697109231
0t
0s
0r
1y
1c
0i
#51697109673
1t
0s
0r
1y
1c
0i
#51697110378
0t
0s
0r
1y
1c
0i
#51697110818
1t
0s
0r
1y
1c
0i
#51697111525
0t
0s
0r
1y
1c
0i
#51697111964
1t
0s
0r
1y
1c
0i
#51697112666
0t
0s
0r
1y
1c
0i
#51697113106
1t
0s
0r
1y
1c
0i
#51697113809
0t
0s
0r
1y
1c
0i
#51697114248
1t
0s
0r
1y
1c
0i
#51697114952
0t
0s
0r
1y
1c
0i
#51697115392
1t
0s
0r
1y
1c
0i
#51697116092
0t
0s
0r
1y
1c
0i
#51697116533
1t
0s
0r
1y
1c
0i
#51697117235
0t
0s
0r
1y
1c
0i
#51697117675
1t
0s
0r
1y
1c
0i
#51697118380
0t
0s
0r
1y
1c
0i
#51697118818
1t
0s
0r
1y
1c
0i
#51697120640
0t
0s
0r
1y
1c
0i
#51697121910
1t
0s
0r
1y
1c
0i
#51697122961
0t
0s
0r
1y
1c
0i
#51697123386
1t
0s
0r
1y
1c
0i
#51697124093
0t
0s
0r
1y
1c
0i
#51697124531
1t
0s
0r
1y
1c
0i
#51697125235
0t
0s
0r
1y
1c
0i
#51697125673
1t
0s
0r
1y
1c
0i
#51697126377
0t
0s
0r
1y
1c
0i
#51697126817
1t
0s
0r
1y
1c
0i
#51697127521
0t
0s
0r
1y
1c
0i
#51697127958
1t
0s
0r
1y
1c
0i
#51697128666
0t
0s
0r
1y
1c
0i
#51697129102
1t
0s
0r
1y
1c
0i
#51697129805
0t
0s
0r
1y
1c
0i
#51697130243
1t
0s
0r
1y
1c
0i
#51697130948
0t
0s
0r
1y
1c
0i
#51697131386
1t
0s
0r
1y
1c
0i
#51697132094
0t
0s
0r
1y
1c
0i
#51697132533
1t
0s
0r
1y
1c
0i
#51697133236
0t
0s
0r
1y
0c
0i
#51697133677
1t
0s
0r
1y
0c
0i
#51697134385
0t
0s
0r
1y
0c
0i
#51697134825
1t
0s
0r
1y
0c
0i
#51697135537
0t
0s
0r
1y
0c
0i
#51697135976
1t
0s
0r
1y
0c
1i
#51697136686
0t
0s
0r
1y
0c
1i
#51697137127
1t
0s
0r
1y
0c
1i
#51697137839
0t
0s
0r
1y
0c
1i
#51697138281
1t
0s
0r
1y
0c
1i
#51697138996
0t
0s
0r
1y
0c
0i
#51697139436
1t
0s
0r
1y
0c
0i
#51697140148
0t
0s
0r
1y
0c
0i
#51697140589
1t
0s
0r
1y
0c
0i
#51697141300
0t
0s
0r
1y
0c
0i
#51697141740
1t
0s
0r
1y
0c
0i
#51697142455
0t
0s
0r
1y
0c
0i
#51697142892
1t
0s
0r
1y
0c
0i
#51697143600
0t
0s
0r
1y
0c
0i
#51697144041
1t
0s
0r
1y
0c
0i
#51697144747
0t
0s
0r
1y
0c
0i
#51697145185
1t
0s
0r
1y
0c
0i
#51697145893
0t
0s
0r
1y
0c
0i
#51697146328
1t
0s
0r
1y
0c
0i
#51697147030
0t
0s
0r
1y
0c
0i
#51697147466
1t
0s
0r
1y
0c
0i
#51697148168
0t
0s
0r
1y
0c
0i
#51697148602
1t
0s
0r
1y
0c
0i
#51697149307
0t
0s
0r
1y
0c
0i
#51697149739
1t
0s
0r
1y
0c
0i
#51697150438
0t
0s
0r
1y
0c
0i
#51697150872
1t
0s
0r
1y
0c
0i
#51697151573
0t
0s
0r
1y
0c
0i
#51697152006
1t
0s
0r
1y
0c
0i
#51697152711
0t
0s
0r
1y
0c
0i
#51697153143
1t
0s
0r
1y
0c
0i
#51697153844
0t
0s
0r
1y
0c
0i
#51697154279
1t
0s
0r
1y
0c
0i
#51697154980
0t
0s
0r
1y
0c
0i
#51697155416
1t
0s
0r
1y
0c
0i
#51697156120
0t
0s
0r
1y
0c
0i
#51697156555
1t
0s
0r
1y
0c
0i
#51697157255
0t
0s
0r
1y
0c
0i
#51697157691
1t
0s
0r
1y
0c
0i
#51697158393
0t
0s
0r
1y
0c
0i
#51697158829
1t
0s
0r
1y
0c
0i
#51697159534
0t
0s
0r
1y
0c
0i
#51697159968
1t
0s
0r
1y
0c
0i
#51697160668
0t
0s
0r
1y
0c
0i
#51697161105
1t
0s
0r
1y
0c
0i
#51697161805
0t
0s
0r
1y
0c
0i
#51697162242
1t
0s
0r
1y
0c
0i
#51697162945
0t
0s
0r
1y
0c
0i
#51697163381
1t
0s
0r
1y
0c
0i
#51697164080
0t
0s
0r
1y
0c
0i
#51697164517
1t
0s
0r
1y
0c
0i
#51697165218
0t
0s
0r
1y
0c
0i
#51697165655
1t
0s
0r
1y
0c
0i
#51697166359
0t
0s
0r
1y
0c
0i
#51697166796
1t
0s
0r
1y
0c
0i
#51697167496
0t
0s
0r
1y
1c
0i
#51697167935
1t
0s
0r
1y
1c
0i
#51697168638
0t
0s
0r
1y
1c
0i
#51697169077
1t
0s
0r
1y
1c
0i
#51697169785
0t
0s
0r
1y
1c
0i
#51697170222
1t
0s
0r
1y
1c
1i
#51697170927
0t
0s
0r
1y
1c
1i
#51697171367
1t
0s
0r
1y
1c
1i
#51697172075
0t
0s
0r
1y
1c
1i
#51697172515
1t
0s
0r
1y
1c
1i
#51697173226
0t
0s
0r
1y
1c
0i
#51697173665
1t
0s
0r
1y
1c
0i
#51697174371
0t
0s
0r
1y
1c
0i
#51697174811
1t
0s
0r
1y
1c
0i
#51697175519
0t
0s
0r
1y
1c
0i
#51697175957
1t
0s
0r
1y
1c
0i
#51697176666
0t
0s
0r
1y
1c
0i
#51697177103
1t
0s
0r
1y
1c
0i
#51697177804
0t
0s
0r
1y
1c
0i
#51697178244
1t
0s
0r
1y
1c
0i
#51697178944
0t
0s
0r
1y
1c
0i
#51697179382
1t
0s
0r
1y
1c
0i
#51697180083
0t
0s
0r
1y
1c
0i
#51697180519
1t
0s
0r
1y
1c
0i
#51697181214
0t
0s
0r
1y
1c
0i
#51697181650
1t
0s
0r
1y
1c
0i
#51697330691
0t
0s
0r
1y
1c
0i
#51697331129
1t
0s
0r
1y
1c
0i
#51697331834
0t
0s
0r
1y
1c
0i
#51697332273
1t
0s
0r
1y
1c
0i
#51697332978
0t
0s
0r
1y
1c
0i
#51697333415
1t
0s
0r
1y
1c
0i
#51697334122
0t
0s
0r
1y
1c
0i
#51697334559
1t
0s
0r
1y
1c
0i
#51697335262
0t
0s
0r
1y
1c
0i
#51697335701
1t
0s
0r
1y
1c
0i
#51697336406
0t
0s
0r
1y
1c
0i
#51697336844
1t
0s
0r
1y
1c
0i
#51697337552
0t
0s
0r
1y
1c
0i
#51697337991
1t
0s
0r
1y
1c
0i
#51697338695
0t
0s
0r
1y
0c
0i
#51697339136
1t
0s
0r
1y
0c
0i
#51697339844
0t
0s
0r
1y
0c
0i
#51697340283
1t
0s
0r
1y
0c
0i
#51697340995
0t
0s
0r
1y
0c
0i
#51697341435
1t
0s
0r
1y
0c
1i
#51697342145
0t
0s
0r
1y
0c
1i
#51697342586
1t
0s
0r
1y
0c
1i
#51697343298
0t
0s
0r
1y
0c
1i
#51697343736
0t
0s
1r
1y
0c
1i
#51697343739
0t
0s
0r
1y
0c
1i
#51697343740
1t
0s
0r
1y
0c
1i
#51697344456
0t
0s
0r
1y
0c
0i
#51697344897
1t
0s
0r
1y
0c
0i
#51697345608
0t
0s
0r
1y
0c
0i
#51697346050
1t
0s
0r
1y
0c
0i
#51697346762
0t
0s
0r
1y
0c
0i
#51697347202
1t
0s
0r
1y
0c
0i
#51697347918
0t
0s
0r
1y
0c
0i
#51697348356
1t
0s
0r
1y
0c
0i
#51697349066
0t
0s
0r
1y
0c
0i
#51697349507
1t
0s
0r
1y
0c
0i
#51697350218
0t
0s
0r
1y
0c
0i
#51697350657
1t
0s
0r
1y
0c
0i
#51697351370
0t
0s
0r
1y
0c
0i
#51697351807
1t
0s
0r
1y
0c
0i
#51697352517
0t
0s
0r
1y
0c
0i
#51697352954
1t
0s
0r
1y
0c
0i
#51697353665
0t
0s
0r
1y
0c
0i
#51697354102
1t
0s
0r
1y
0c
0i
#51697354815
0t
0s
0r
1y
0c
0i
#51697355250
1t
0s
0r
1y
0c
0i
#51697355958
0t
0s
0r
1y
0c
0i
#51697356396
1t
0s
0r
1y
0c
0i
#51697357105
0t
0s
0r
1y
0c
0i
#51697357543
1t
0s
0r
1y
0c
0i
#51697358256
0t
0s
0r
1y
0c
0i
#51697358692
1t
0s
0r
1y
0c
0i
#51697359402
0t
0s
0r
1y
0c
0i
#51697359839
1t
0s
0r
1y
0c
0i
#51697360550
0t
0s
0r
1y
0c
0i
#51697360989
1t
0s
0r
1y
0c
0i
#51697361701
0t
0s
0r
1y
0c
0i
#51697362139
1t
0s
0r
1y
0c
0i
#51697362847
0t
0s
0r
1y
0c
0i
#51697363287
1t
0s
0r
1y
0c
0i
#51697363997
0t
0s
0r
1y
0c
0i
#51697364436
1t
0s
0r
1y
0c
0i
#51697365149
0t
0s
0r
1y
0c
0i
#51697365587
1t
0s
0r
1y
0c
0i
#51697366295
0t
0s
0r
1y
0c
0i
#51697366736
1t
0s
0r
1y
0c
0i
#51697367444
0t
0s
0r
1y
0c
0i
#51697367885
1t
0s
0r
1y
0c
0i
#55992297987
0t
0s
0r
1y
1c
0i
#55992298425
1t
0s
0r
1y
1c
0i
#55992299130
0t
0s
0r
1y
1c
0i
#55992299569
1t
0s
0r
1y
1c
0i
#55992300274
0t
0s
0r
1y
1c
0i
#55992300711
1t
0s
0r
1y
1c
0i
#55992301418
0t
0s
0r
1y
1c
0i
#55992301855
1t
0s
0r
1y
1c
0i
#55992302558
0t
0s
0r
1y
1c
0i
#55992302997
1t
0s
0r
1y
1c
0i
#55992303702
0t
0s
0r
1y
1c
0i
#55992304140
1t
0s
0r
1y
1c
0i
#55992304848
0t
0s
0r
1y
1c
0i
#55992305287
1t
0s
0r
1y
1c
0i
#55992305991
0t
0s
0r
1y
0c
0i
#55992306432
1t
0s
0r
1y
0c
0i
#55992307140
0t
0s
0r
1y
0c
0i
#55992307579
1t
0s
0r
1y
0c
0i
#55992308291
0t
0s
0r
1y
0c
0i
#55992308731
1t
0s
0r
1y
0c
1i
#55992309441
0t
0s
0r
1y
0c
1i
#55992309882
1t
0s
0r
1y
0c
1i
#55992310594
0t
0s
0r
1y
0c
1i
#55992311032
0t
0s
1r
1y
0c
1i
#55992311035
0t
0s
0r
1y
0c
1i
#55992311036
1t
0s
0r
1y
0c
1i
#55992311752
0t
0s
0r
1y
0c
0i
#55992312193
1t
0s
0r
1y
0c
0i
#55992312904
0t
0s
0r
1y
0c
0i
#55992313346
1t
0s
0r
1y
0c
0i
#55992314058
0t
0s
0r
1y
0c
0i
#55992314498
1t
0s
0r
1y
0c
0i
#55992315214
0t
0s
0r
1y
0c
0i
#55992315652
1t
0s
0r
1y
0c
0i
#55992316362
0t
0s
0r
1y
0c
0i
#55992316803
1t
0s
0r
1y
0c
0i
#55992317514
0t
0s
0r
1y
0c
0i
#55992317953
1t
0s
0r
1y
0c
0i
#55992318666
0t
0s
0r
1y
0c
0i
#55992319103
1t
0s
0r
1y
0c
0i
#55992319813
0t
0s
0r
1y
0c
0i
#55992320250
1t
0s
0r
1y
0c
0i
#55992320961
0t
0s
0r
1y
0c
0i
#55992321398
1t
0s
0r
1y
0c
0i
#55992322111
0t
0s
0r
1y
0c
0i
#55992322546
1t
0s
0r
1y
0c
0i
#55992323254
0t
0s
0r
1y
0c
0i
#55992323692
1t
0s
0r
1y
0c
0i
#55992324401
0t
0s
0r
1y
0c
0i
#55992324839
1t
0s
0r
1y
0c
0i
#55992325552
0t
0s
0r
1y
0c
0i
#55992325988
1t
0s
0r
1y
0c
0i
#55992326698
0t
0s
0r
1y
0c
0i
#55992327135
1t
0s
0r
1y
0c
0i
#55992327846
0t
0s
0r
1y
0c
0i
#55992328285
1t
0s
0r
1y
0c
0i
#55992328997
0t
0s
0r
1y
0c
0i
#55992329435
1t
0s
0r
1y
0c
0i
#55992330143
0t
0s
0r
1y
0c
0i
#55992330583
1t
0s
0r
1y
0c
0i
#55992331293
0t
0s
0r
1y
0c
0i
#55992331732
1t
0s
0r
1y
0c
0i
#55992332445
0t
0s
0r
1y
0c
0i
#55992332883
1t
0s
0r
1y
0c
0i
#55992333591
0t
0s
0r
1y
0c
0i
#55992334032
1t
0s
0r
1y
0c
0i
#55992334740
0t
0s
0r
1y
0c
0i
#55992335181
1t
0s
0r
1y
0c
0i
#55992335893
0t
0s
0r
1y
0c
0i
#55992336332
1t
0s
0r
1y
0c
0i
#55992337039
0t
0s
0r
1y
0c
0i
#55992337480
1t
0s
0r
1y
0c
0i
#55992338191
0t
0s
0r
1y
0c
0i
#55992338631
1t
0s
0r
1y
0c
0i
#55992339344
0t
0s
0r
1y
0c
0i
#55992339785
1t
0s
0r
1y
0c
0i
#55992340494
0t
0s
0r
1y
1c
0i
#55992340937
1t
0s
0r
1y
1c
0i
#55992341649
0t
0s
0r
1y
1c
0i
#55992342092
1t
0s
0r
1y
1c
0i
#55992342809
0t
0s
0r
1y
1c
0i
#55992343252
1t
0s
0r
1y
1c
1i
#55992343966
0t
0s
0r
1y
1c
1i
#55992344411
1t
0s
0r
1y
1c
1i
#55992345128
0t
0s
0r
1y
1c
1i
#55992345572
1t
0s
0r
1y
1c
1i
#55992346293
0t
0s
0r
1y
1c
0i
#55992346736
1t
0s
0r
1y
1c
0i
#55992347452
0t
0s
0r
1y
1c
0i
#55992347897
1t
0s
0r
1y
1c
0i
#55992348614
0t
0s
0r
1y
1c
0i
#55992349057
1t
0s
0r
1y
1c
0i
#55992349777
0t
0s
0r
1y
1c
0i
#55992350218
1t
0s
0r
1y
1c
0i
#55992350931
0t
0s
0r
1y
1c
0i
#55992351376
1t
0s
0r
1y
1c
0i
#55992352088
0t
0s
0r
1y
1c
0i
#55992352531
1t
0s
0r
1y
1c
0i
#55992353245
0t
0s
0r
1y
1c
0i
#55992353687
1t
0s
0r
1y
1c
0i
#55992354394
0t
0s
0r
1y
1c
0i
#55992354838
1t
0s
0r
1y
1c
0i
#55992355546
0t
0s
0r
1y
1c
0i
#55992355988
1t
0s
0r
1y
1c
0i
#55992356698
0t
0s
0r
1y
1c
0i
#55992357141
1t
0s
0r
1y
1c
0i
#55992357846
0t
0s
0r
1y
1c
0i
#55992358289
1t
0s
0r
1y
1c
0i
#55992358996
0t
0s
0r
1y
1c
0i
#55992359438
1t
0s
0r
1y
1c
0i
#55992360148
0t
0s
0r
1y
1c
0i
#55992360589
1t
0s
0r
1y
1c
0i
#55992362423
0t
0s
0r
1y
1c
0i
#55992363701
1t
0s
0r
1y
1c
0i
#55992364760
0t
0s
0r
1y
1c
0i
#55992365188
1t
0s
0r
1y
1c
0i
#55992365901
0t
0s
0r
1y
1c
0i
#55992366340
1t
0s
0r
1y
1c
0i
#55992367050
0t
0s
0r
1y
1c
0i
#55992367491
1t
0s
0r
1y
1c
0i
#55992368201
0t
0s
0r
1y
1c
0i
#55992368643
1t
0s
0r
1y
1c
0i
#55992369352
0t
0s
0r
1y
1c
0i
#55992369793
1t
0s
0r
1y
1c
0i
#55992370506
0t
0s
0r
1y
1c
0i
#55992370945
1t
0s
0r
1y
1c
0i
#55992371653
0t
0s
0r
1y
1c
0i
#55992372094
1t
0s
0r
1y
1c
0i
#55992372804
0t
0s
0r
1y
1c
0i
#55992373245
1t
0s
0r
1y
1c
0i
#55992373958
0t
0s
0r
1y
1c
0i
#55992374400
1t
0s
0r
1y
1c
0i
#55992375109
0t
0s
0r
1y
0c
0i
#55992375552
1t
0s
0r
1y
0c
0i
#55992376265
0t
0s
0r
1y
0c
0i
#55992376708
1t
0s
0r
1y
0c
0i
#55992377426
0t
0s
0r
1y
0c
0i
#55992377867
1t
0s
0r
1y
0c
1i
#55992378583
0t
0s
0r
1y
0c
1i
#55992379027
1t
0s
0r
1y
0c
1i
#55992379744
0t
0s
0r
1y
0c
1i
#55992380189
1t
0s
0r
1y
0c
1i
#55992380910
0t
0s
0r
1y
0c
0i
#55992381353
1t
0s
0r
1y
0c
0i
#55992382070
0t
0s
0r
1y
0c
0i
#55992382513
1t
0s
0r
1y
0c
0i
#55992383231
0t
0s
0r
1y
0c
0i
#55992383673
1t
0s
0r
1y
0c
0i
#55992384393
0t
0s
0r
1y
0c
0i
#55992384833
1t
0s
0r
1y
0c
0i
#55992385547
0t
0s
0r
1y
0c
0i
#55992385990
1t
0s
0r
1y
0c
0i
#55992386702
0t
0s
0r
1y
0c
0i
#55992387143
1t
0s
0r
1y
0c
0i
#55992387857
0t
0s
0r
1y
0c
0i
#55992388295
1t
0s
0r
1y
0c
0i
#55992389003
0t
0s
0r
1y
0c
0i
#55992389441
1t
0s
0r
1y
0c
0i
#55992390149
0t
0s
0r
1y
0c
0i
#55992390586
1t
0s
0r
1y
0c
0i
#55992391296
0t
0s
0r
1y
0c
0i
#55992391731
1t
0s
0r
1y
0c
0i
#55992392436
0t
0s
0r
1y
0c
0i
#55992392873
1t
0s
0r
1y
0c
0i
#55992393580
0t
0s
0r
1y
0c
0i
#55992394016
1t
0s
0r
1y
0c
0i
#55992394726
0t
0s
0r
1y
0c
0i
#55992395161
1t
0s
0r
1y
0c
0i
#55992395868
0t
0s
0r
1y
0c
0i
#55992396305
1t
0s
0r
1y
0c
0i
#55992397012
0t
0s
0r
1y
0c
0i
#55992397451
1t
0s
0r
1y
0c
0i
#55992398161
0t
0s
0r
1y
0c
0i
#55992398598
1t
0s
0r
1y
0c
0i
#55992399304
0t
0s
0r
1y
0c
0i
#55992399743
1t
0s
0r
1y
0c
0i
#55992400451
0t
0s
0r
1y
0c
0i
#55992400889
1t
0s
0r
1y
0c
0i
#55992401599
0t
0s
0r
1y
0c
0i
#55992402036
1t
0s
0r
1y
0c
0i
#55992402741
0t
0s
0r
1y
0c
0i
#55992403181
1t
0s
0r
1y
0c
0i
#55992403888
0t
0s
0r
1y
0c
0i
#55992404326
1t
0s
0r
1y
0c
0i
#55992405036
0t
0s
0r
1y
0c
0i
#55992405473
1t
0s
0r
1y
0c
0i
#55992406178
0t
0s
0r
1y
0c
0i
#55992406618
1t
0s
0r
1y
0c
0i
#55992407324
0t
0s
0r
1y
0c
0i
#55992407764
1t
0s
0r
1y
0c
0i
#55992408473
0t
0s
0r
1y
0c
0i
#55992408913
1t
0s
0r
1y
0c
0i
#55992409618
0t
0s
0r
1y
1c
0i
#55992410060
1t
0s
0r
1y
1c
0i
#55992410769
0t
0s
0r
1y
1c
0i
#55992411210
1t
0s
0r
1y
1c
0i
#55992411924
0t
0s
0r
1y
1c
0i
#55992412364
1t
0s
0r
1y
1c
1i
#55992413075
0t
0s
0r
1y
1c
1i
#55992413518
1t
0s
0r
1y
1c
1i
#55992414231
0t
0s
0r
1y
1c
1i
#55992414674
1t
0s
0r
1y
1c
1i
#55992415392
0t
0s
0r
1y
1c
0i
#55992415833
1t
0s
0r
1y
1c
0i
#55992416545
0t
0s
0r
1y
1c
0i
#55992416988
1t
0s
0r
1y
1c
0i
#55992417702
0t
0s
0r
1y
1c
0i
#55992418144
1t
0s
0r
1y
1c
0i
#55992418860
0t
0s
0r
1y
1c
0i
#55992419300
1t
0s
0r
1y
1c
0i
#55992420009
0t
0s
0r
1y
1c
0i
#55992420453
1t
0s
0r
1y
1c
0i
#55992421161
0t
0s
0r
1y
1c
0i
#55992421604
1t
0s
0r
1y
1c
0i
#55992422315
0t
0s
0r
1y
1c
0i
#55992422756
1t
0s
0r
1y
1c
0i
#55992423462
0t
0s
0r
1y
1c
0i
#55992423904
1t
0s
0r
1y
1c
0i
#55992424611
0t
0s
0r
1y
1c
0i
#55992425052
1t
0s
0r
1y
1c
0i
#55992425762
0t
0s
0r
1y
1c
0i
#55992426202
1t
0s
0r
1y
1c
0i
#55992426906
0t
0s
0r
1y
1c
0i
#55992427349
1t
0s
0r
1y
1c
0i
#55992428055
0t
0s
0r
1y
1c
0i
#55992428497
1t
0s
0r
1y
1c
0i
#55992429206
0t
0s
0r
1y
1c
0i
#55992429646
1t
0s
0r
1y
1c
0i
#55992431477
0t
0s
0r
1y
1c
0i
#55992432752
1t
0s
0r
1y
1c
0i
#55992433809
0t
0s
0r
1y
1c
0i
#55992434236
1t
0s
0r
1y
1c
0i
#55992434948
0t
0s
0r
1y
1c
0i
#55992435386
1t
0s
0r
1y
1c
0i
#55992436095
0t
0s
0r
1y
1c
0i
#55992436534
1t
0s
0r
1y
1c
0i
#55992437243
0t
0s
0r
1y
1c
0i
#55992437684
1t
0s
0r
1y
1c
0i
#55992438392
0t
0s
0r
1y
1c
0i
#55992438832
1t
0s
0r
1y
1c
0i
#55992439543
0t
0s
0r
1y
1c
0i
#55992439982
1t
0s
0r
1y
1c
0i
#55992440689
0t
0s
0r
1y
1c
0i
#55992441129
1t
0s
0r
1y
1c
0i
#55992441839
0t
0s
0r
1y
1c
0i
#55992442278
1t
0s
0r
1y
1c
0i
#55992442990
0t
0s
0r
1y
1c
0i
#55992443431
1t
0s
0r
1y
1c
0i
#55992444139
0t
0s
0r
1y
0c
0i
#55992444582
1t
0s
0r
1y
0c
0i
#55992445293
0t
0s
0r
1y
0c
0i
#55992445735
1t
0s
0r
1y
0c
0i
#55992446452
0t
0s
0r
1y
0c
0i
#55992446892
1t
0s
0r
1y
0c
1i
#55992447606
0t
0s
0r
1y
0c
1i
#55992448049
1t
0s
0r
1y
0c
1i
#55992448765
0t
0s
0r
1y
0c
1i
#55992449208
1t
0s
0r
1y
0c
1i
#55992449273
1t
0s
1r
1y
0c
0i
#55992449276
1t
0s
0r
1y
0c
0i
#55992449928
0t
0s
0r
1y
0c
0i
#55992450370
1t
0s
0r
1y
0c
0i
#55992451086
0t
0s
0r
1y
0c
0i
#55992451528
1t
0s
0r
1y
0c
0i
#55992452245
0t
0s
0r
1y
0c
0i
#55992452687
1t
0s
0r
1y
0c
0i
#55992453406
0t
0s
0r
1y
0c
0i
#55992453846
1t
0s
0r
1y
0c
0i
#55992454559
0t
0s
0r
1y
0c
0i
#55992455003
1t
0s
0r
1y
0c
0i
#55992455717
0t
0s
0r
1y
0c
0i
#55992456159
1t
0s
0r
1y
0c
0i
#55992456877
0t
0s
0r
1y
0c
0i
#55992457316
1t
0s
0r
1y
0c
0i
#55992458030
0t
0s
0r
1y
0c
0i
#55992458472
1t
0s
0r
1y
0c
0i
#55992459189
0t
0s
0r
1y
0c
0i
#55992459628
1t
0s
0r
1y
0c
0i
#55992460349
0t
0s
0r
1y
0c
0i
#55992460787
1t
0s
0r
1y
0c
0i
#55992461503
0t
0s
0r
1y
0c
0i
#55992461944
1t
0s
0r
1y
0c
0i
#55992462662
0t
0s
0r
1y
0c
0i
#55992463103
1t
0s
0r
1y
0c
0i
#55992463825
0t
0s
0r
1y
0c
0i
#55992464264
1t
0s
0r
1y
0c
0i
#55992464982
0t
0s
0r
1y
0c
0i
#55992465424
1t
0s
0r
1y
0c
0i
#55992466141
0t
0s
0r
1y
0c
0i
#55992466585
1t
0s
0r
1y
0c
0i
#55992467306
0t
0s
0r
1y
0c
0i
#55992467747
1t
0s
0r
1y
0c
0i
#55992468464
0t
0s
0r
1y
0c
0i
#55992468907
1t
0s
0r
1y
0c
0i
#55992469625
0t
0s
0r
1y
0c
0i
#55992470068
1t
0s
0r
1y
0c
0i
#55992470788
0t
0s
0r
1y
0c
0i
#55992471230
1t
0s
0r
1y
0c
0i
#55992471945
0t
0s
0r
1y
0c
0i
#55992472390
1t
0s
0r
1y
0c
0i
#55992473106
0t
0s
0r
1y
0c
0i
#55992473550
1t
0s
0r
1y
0c
0i
#55992474269
0t
0s
0r
1y
0c
0i
#55992474712
1t
0s
0r
1y
0c
0i
#55992475427
0t
0s
0r
1y
0c
0i
#55992475872
1t
0s
0r
1y
0c
0i
#55992476588
0t
0s
0r
1y
0c
0i
#55992477033
1t
0s
0r
1y
0c
0i
#55992477753
0t
0s
0r
1y
0c
0i
#55992478198
1t
0s
0r
1y
0c
0i
#55992478915
0t
0s
0r
1y
1c
0i
#55992479362
1t
0s
0r
1y
1c
0i
#55992480081
0t
0s
0r
1y
1c
0i
#55992480528
1t
0s
0r
1y
1c
0i
#55992481253
0t
0s
0r
1y
1c
0i
#55992481699
1t
0s
0r
1y
1c
1i
#55992482422
0t
0s
0r
1y
1c
1i
#55992482870
1t
0s
0r
1y
1c
1i
#55992483595
0t
0s
0r
1y
1c
1i
#55992484043
1t
0s
0r
1y
1c
0i
#55992484772
0t
0s
0r
1y
1c
0i
#55992485219
1t
0s
0r
1y
1c
0i
#55992485943
0t
0s
0r
1y
1c
0i
#55992486391
1t
0s
0r
1y
1c
0i
#55992487116
0t
0s
0r
1y
1c
0i
#55992487563
1t
0s
0r
1y
1c
0i
#55992488289
0t
0s
0r
1y
1c
0i
#55992488735
1t
0s
0r
1y
1c
0i
#55992489455
0t
0s
0r
1y
1c
0i
#55992489903
1t
0s
0r
1y
1c
0i
#55992490621
0t
0s
0r
1y
1c
0i
#55992491067
1t
0s
0r
1y
1c
0i
#55992491786
0t
0s
0r
1y
1c
0i
#55992492230
1t
0s
0r
1y
1c
0i
#55992492942
0t
0s
0r
1y
1c
0i
#55992493387
1t
0s
0r
1y
1c
0i
#55992494098
0t
0s
0r
1y
1c
0i
#55992494542
1t
0s
0r
1y
1c
0i
#55992495255
0t
0s
0r
1y
1c
0i
#55992495699
1t
0s
0r
1y
1c
0i
#55992496408
0t
0s
0r
1y
1c
0i
#55992496853
1t
0s
0r
1y
1c
0i
#55992497562
0t
0s
0r
1y
1c
0i
#55992498007
1t
0s
0r
1y
1c
0i
#55992498720
0t
0s
0r
1y
1c
0i
#55992499163
1t
0s
0r
1y
1c
0i
#55992501006
0t
0s
0r
1y
1c
0i
#55992502291
1t
0s
0r
1y
1c
0i
#55992503355
0t
0s
0r
1y
1c
0i
#55992503785
1t
0s
0r
1y
1c
0i
#55992504502
0t
0s
0r
1y
1c
0i
#55992504943
1t
0s
0r
1y
1c
0i
#55992505657
0t
0s
0r
1y
1c
0i
#55992506100
1t
0s
0r
1y
1c
0i
#55992506813
0t
0s
0r
1y
1c
0i
#55992507257
1t
0s
0r
1y
1c
0i
#55992507970
0t
0s
0r
1y
1c
0i
#55992508413
1t
0s
0r
1y
1c
0i
#55992509130
0t
0s
0r
1y
1c
0i
#55992509571
1t
0s
0r
1y
1c
0i
#55992510284
0t
0s
0r
1y
1c
0i
#55992510726
1t
0s
0r
1y
1c
0i
#55992511440
0t
0s
0r
1y
1c
0i
#55992511883
1t
0s
0r
1y
1c
0i
#55992512600
0t
0s
0r
1y
1c
0i
#55992513043
1t
0s
0r
1y
1c
0i
#55992513756
0t
0s
0r
1y
0c
0i
#55992514201
1t
0s
0r
1y
0c
0i
#55992514917
0t
0s
0r
1y
0c
0i
#55992515362
1t
0s
0r
1y
0c
0i
#55992516084
0t
0s
0r
1y
0c
0i
#55992516526
1t
0s
0r
1y
0c
1i
#55992517245
0t
0s
0r
1y
0c
1i
#55992517691
1t
0s
0r
1y
0c
1i
#55992518412
0t
0s
0r
1y
0c
1i
#55992518857
1t
0s
0r
1y
0c
1i
#55992519582
0t
0s
0r
1y
0c
0i
#55992520027
1t
0s
0r
1y
0c
0i
#55992520747
0t
0s
0r
1y
0c
0i
#55992521192
1t
0s
0r
1y
0c
0i
#55992521913
0t
0s
0r
1y
0c
0i
#55992522358
1t
0s
0r
1y
0c
0i
#55992523081
0t
0s
0r
1y
0c
0i
#55992523523
1t
0s
0r
1y
0c
0i
#55992524239
0t
0s
0r
1y
0c
0i
#55992524684
1t
0s
0r
1y
0c
0i
#55992525399
0t
0s
0r
1y
0c
0i
#55992525841
1t
0s
0r
1y
0c
0i
#55992526558
0t
0s
0r
1y
0c
0i
#55992526997
1t
0s
0r
1y
0c
0i
#55992527709
0t
0s
0r
1y
0c
0i
#55992528149
1t
0s
0r
1y
0c
0i
#55992528861
0t
0s
0r
1y
0c
0i
#55992529299
1t
0s
0r
1y
0c
0i
#55992530013
0t
0s
0r
1y
0c
0i
#55992530450
1t
0s
0r
1y
0c
0i
#55992531159
0t
0s
0r
1y
0c
0i
#55992531598
1t
0s
0r
1y
0c
0i
#55992532309
0t
0s
0r
1y
0c
0i
#55992532747
1t
0s
0r
1y
0c
0i
#55992533462
0t
0s
0r
1y
0c
0i
#55992533899
1t
0s
0r
1y
0c
0i
#55992534609
0t
0s
0r
1y
0c
0i
#55992535049
1t
0s
0r
1y
0c
0i
#55992535760
0t
0s
0r
1y
0c
0i
#55992536201
1t
0s
0r
1y
0c
0i
#55992536914
0t
0s
0r
1y
0c
0i
#55992537353
1t
0s
0r
1y
0c
0i
#55992538062
0t
0s
0r
1y
0c
0i
#55992538503
1t
0s
0r
1y
0c
0i
#55992539214
0t
0s
0r
1y
0c
0i
#55992539654
1t
0s
0r
1y
0c
0i
#55992540369
0t
0s
0r
1y
0c
0i
#55992540807
1t
0s
0r
1y
0c
0i
#55992541516
0t
0s
0r
1y
0c
0i
#55992541957
1t
0s
0r
1y
0c
0i
#55992542667
0t
0s
0r
1y
0c
0i
#55992543108
1t
0s
0r
1y
0c
0i
#55992543821
0t
0s
0r
1y
0c
0i
#55992544261
1t
0s
0r
1y
0c
0i
#55992544970
0t
0s
0r
1y
0c
0i
#55992545411
1t
0s
0r
1y
0c
0i
#55992546122
0t
0s
0r
1y
0c
0i
#55992546563
1t
0s
0r
1y
0c
0i
#55992547277
0t
0s
0r
1y
0c
0i
#55992547719
1t
0s
0r
1y
0c
0i
#55992548429
0t
0s
0r
1y
1c
0i
#55992548873
1t
0s
0r
1y
1c
0i
#55992549586
0t
0s
0r
1y
1c
0i
#55992550029
1t
0s
0r
1y
1c
0i
#55992550748
0t
0s
0r
1y
1c
0i
#55992551190
1t
0s
0r
1y
1c
1i
#55992551906
0t
0s
0r
1y
1c
1i
#55992552351
1t
0s
0r
1y
1c
1i
#55992553070
0t
0s
0r
1y
1c
1i
#55992553515
1t
0s
0r
1y
1c
1i
#55992554237
0t
0s
0r
1y
1c
0i
#55992554681
1t
0s
0r
1y
1c
0i
#55992555398
0t
0s
0r
1y
1c
0i
#55992555844
1t
0s
0r
1y
1c
0i
#55992556562
0t
0s
0r
1y
1c
0i
#55992557007
1t
0s
0r
1y
1c
0i
#55992557728
0t
0s
0r
1y
1c
0i
#55992558171
1t
0s
0r
1y
1c
0i
#55992558885
0t
0s
0r
1y
1c
0i
#55992559331
1t
0s
0r
1y
1c
0i
#55992560045
0t
0s
0r
1y
1c
0i
#55992560490
1t
0s
0r
1y
1c
0i
#55992561208
0t
0s
0r
1y
1c
0i
#55992561650
1t
0s
0r
1y
1c
0i
#55992562361
0t
0s
0r
1y
1c
0i
#55992562806
1t
0s
0r
1y
1c
0i
#55992563517
0t
0s
0r
1y
1c
0i
#55992563961
1t
0s
0r
1y
1c
0i
#55992564674
0t
0s
0r
1y
1c
0i
#55992565118
1t
0s
0r
1y
1c
0i
#55992565826
0t
0s
0r
1y
1c
0i
#55992566271
1t
0s
0r
1y
1c
0i
#55992566981
0t
0s
0r
1y
1c
0i
#55992567425
1t
0s
0r
1y
1c
0i
#55992568139
0t
0s
0r
1y
1c
0i
#55992568581
1t
0s
0r
1y
1c
0i
#55992570424
0t
0s
0r
1y
1c
0i
#55992571706
1t
0s
0r
1y
1c
0i
#55992572771
0t
0s
0r
1y
1c
0i
#55992573200
1t
0s
0r
1y
1c
0i
#55992573916
0t
0s
0r
1y
1c
0i
#55992574357
1t
0s
0r
1y
1c
0i
#55992575071
0t
0s
0r
1y
1c
0i
#55992575513
1t
0s
0r
1y
1c
0i
#55992576227
0t
0s
0r
1y
1c
0i
#55992576670
1t
0s
0r
1y
1c
0i
#55992577383
0t
0s
0r
1y
1c
0i
#55992577825
1t
0s
0r
1y
1c
0i
#55992578541
0t
0s
0r
1y
1c
0i
#55992578982
1t
0s
0r
1y
1c
0i
#55992579695
0t
0s
0r
1y
1c
0i
#55992580137
1t
0s
0r
1y
1c
0i
#55992580851
0t
0s
0r
1y
1c
0i
#55992581293
1t
0s
0r
1y
1c
0i
#55992582010
0t
0s
0r
1y
1c
0i
#55992582453
1t
0s
0r
1y
1c
0i
#55992583166
0t
0s
0r
1y
0c
0i
#55992583611
1t
0s
0r
1y
0c
0i
#55992584328
0t
0s
0r
1y
0c
0i
#55992584772
1t
0s
0r
1y
0c
0i
#55992585494
0t
0s
0r
1y
0c
0i
#55992585937
1t
0s
0r
1y
0c
1i
#55992586657
0t
0s
0r
1y
0c
1i
#55992587103
1t
0s
0r
1y
0c
1i
#55992587824
0t
0s
0r
1y
0c
1i
#55992588271
1t
0s
0r
1y
0c
1i
#55992588335
1t
0s
1r
1y
0c
0i
#55992588338
1t
0s
0r
1y
0c
0i
#55992588995
0t
0s
0r
1y
0c
0i
#55992589441
1t
0s
0r
1y
0c
0i
#55992590161
0t
0s
0r
1y
0c
0i
#55992590608
1t
0s
0r
1y
0c
0i
#55992591329
0t
0s
0r
1y
0c
0i
#55992591774
1t
0s
0r
1y
0c
0i
#55992592498
0t
0s
0r
1y
0c
0i
#55992592940
1t
0s
0r
1y
0c
0i
#55992593658
0t
0s
0r
1y
0c
0i
#55992594102
1t
0s
0r
1y
0c
0i
#55992594819
0t
0s
0r
1y
0c
0i
#55992595262
1t
0s
0r
1y
0c
0i
#55992595980
0t
0s
0r
1y
0c
0i
#55992596419
1t
0s
0r
1y
0c
0i
#55992597132
0t
0s
0r
1y
0c
0i
#55992597573
1t
0s
0r
1y
0c
0i
#55992598286
0t
0s
0r
1y
0c
0i
#55992598724
1t
0s
0r
1y
0c
0i
#55992599440
0t
0s
0r
1y
0c
0i
#55992599876
1t
0s
0r
1y
0c
0i
#55992600587
0t
0s
0r
1y
0c
0i
#55992601026
1t
0s
0r
1y
0c
0i
#55992601738
0t
0s
0r
1y
0c
0i
#55992602177
1t
0s
0r
1y
0c
0i
#55992602893
0t
0s
0r
1y
0c
0i
#55992603330
1t
0s
0r
1y
0c
0i
#55992604042
0t
0s
0r
1y
0c
0i
#55992604482
1t
0s
0r
1y
0c
0i
#55992605195
0t
0s
0r
1y
0c
0i
#55992605636
1t
0s
0r
1y
0c
0i
#55992606352
0t
0s
0r
1y
0c
0i
#55992606791
1t
0s
0r
1y
0c
0i
#55992607503
0t
0s
0r
1y
0c
0i
#55992607944
1t
0s
0r
1y
0c
0i
#55992608658
0t
0s
0r
1y
0c
0i
#55992609099
1t
0s
0r
1y
0c
0i
#55992609815
0t
0s
0r
1y
0c
0i
#55992610255
1t
0s
0r
1y
0c
0i
#55992610966
0t
0s
0r
1y
0c
0i
#55992611409
1t
0s
0r
1y
0c
0i
#55992612121
0t
0s
0r
1y
0c
0i
#55992612564
1t
0s
0r
1y
0c
0i
#55992613279
0t
0s
0r
1y
0c
0i
#55992613720
1t
0s
0r
1y
0c
0i
#55992614431
0t
0s
0r
1y
0c
0i
#55992614874
1t
0s
0r
1y
0c
0i
#55992615587
0t
0s
0r
1y
0c
0i
#55992616030
1t
0s
0r
1y
0c
0i
#55992616746
0t
0s
0r
1y
0c
0i
#55992617189
1t
0s
0r
1y
0c
0i
#55992617901
0t
0s
0r
1y
1c
0i
#55992618347
1t
0s
0r
1y
1c
0i
#55992619062
0t
0s
0r
1y
1c
0i
#55992619507
1t
0s
0r
1y
1c
0i
#55992620228
0t
0s
0r
1y
1c
0i
#55992620672
1t
0s
0r
1y
1c
1i
#55992621390
0t
0s
0r
1y
1c
1i
#55992621837
1t
0s
0r
1y
1c
1i
#55992622558
0t
0s
0r
1y
1c
1i
#55992623005
1t
0s
0r
1y
1c
1i
#55992623730
0t
0s
0r
1y
1c
0i
#55992624175
1t
0s
0r
1y
1c
0i
#55992624895
0t
0s
0r
1y
1c
0i
#55992625342
1t
0s
0r
1y
1c
0i
#55992626062
0t
0s
0r
1y
1c
0i
#55992626508
1t
0s
0r
1y
1c
0i
#55992627230
0t
0s
0r
1y
1c
0i
#55992627673
1t
0s
0r
1y
1c
0i
#55992628388
0t
0s
0r
1y
1c
0i
#55992628833
1t
0s
0r
1y
1c
0i
#55992629546
0t
0s
0r
1y
1c
0i
#55992629990
1t
0s
0r
1y
1c
0i
#55992630702
0t
0s
0r
1y
1c
0i
#55992631143
1t
0s
0r
1y
1c
0i
#55992631850
0t
0s
0r
1y
1c
0i
#55992632292
1t
0s
0r
1y
1c
0i
#55992632997
0t
0s
0r
1y
1c
0i
#55992633438
1t
0s
0r
1y
1c
0i
#55992634146
0t
0s
0r
1y
1c
0i
#55992634586
1t
0s
0r
1y
1c
0i
#55992635289
0t
0s
0r
1y
1c
0i
#55992635731
1t
0s
0r
1y
1c
0i
#55992636435
0t
0s
0r
1y
1c
0i
#55992636877
1t
0s
0r
1y
1c
0i
#55992637585
0t
0s
0r
1y
1c
0i
#55992638025
1t
0s
0r
1y
1c
0i
#55992639855
0t
0s
0r
1y
1c
0i
#55992641130
1t
0s
0r
1y
1c
0i
#55992642187
0t
0s
0r
1y
1c
0i
#55992642614
1t
0s
0r
1y
1c
0i
#55992643326
0t
0s
0r
1y
1c
0i
#55992643765
1t
0s
0r
1y
1c
0i
#55992644474
0t
0s
0r
1y
1c
0i
#55992644913
1t
0s
0r
1y
1c
0i
#55992645622
0t
0s
0r
1y
1c
0i
#55992646063
1t
0s
0r
1y
1c
0i
#55992646771
0t
0s
0r
1y
1c
0i
#55992647211
1t
0s
0r
1y
1c
0i
#55992647922
0t
0s
0r
1y
1c
0i
#55992648361
1t
0s
0r
1y
1c
0i
#55992649068
0t
0s
0r
1y
1c
0i
#55992649508
1t
0s
0r
1y
1c
0i
#55992650217
0t
0s
0r
1y
1c
0i
#55992650657
1t
0s
0r
1y
1c
0i
#55992651369
0t
0s
0r
1y
1c
0i
#55992651810
1t
0s
0r
1y
1c
0i
#55992652518
0t
0s
0r
1y
0c
0i
#55992652961
1t
0s
0r
1y
0c
0i
#55992653672
0t
0s
0r
1y
0c
0i
#55992654114
1t
0s
0r
1y
0c
0i
#55992654831
0t
0s
0r
1y
0c
0i
#55992655272
1t
0s
0r
1y
0c
1i
#55992655986
0t
0s
0r
1y
0c
1i
#55992656429
1t
0s
0r
1y
0c
1i
#55992657146
0t
0s
0r
1y
0c
1i
#55992657589
1t
0s
0r
1y
0c
1i
#55992658309
0t
0s
0r
1y
0c
0i
#55992658750
1t
0s
0r
1y
0c
0i
#55992659466
0t
0s
0r
1y
0c
0i
#55992659909
1t
0s
0r
1y
0c
0i
#55992660624
0t
0s
0r
1y
0c
0i
#55992661066
1t
0s
0r
1y
0c
0i
#55992661783
0t
0s
0r
1y
0c
0i
#55992662222
1t
0s
0r
1y
0c
0i
#55992662932
0t
0s
0r
1y
0c
0i
#55992663374
1t
0s
0r
1y
0c
0i
#55992664082
0t
0s
0r
1y
0c
0i
#55992664521
1t
0s
0r
1y
0c
0i
#55992665231
0t
0s
0r
1y
0c
0i
#55992665667
1t
0s
0r
1y
0c
0i
#55992666371
0t
0s
0r
1y
0c
0i
#55992666807
1t
0s
0r
1y
0c
0i
#55992667511
0t
0s
0r
1y
0c
0i
#55992667946
1t
0s
0r
1y
0c
0i
#55992668652
0t
0s
0r
1y
0c
0i
#55992669085
1t
0s
0r
1y
0c
0i
#55992669787
0t
0s
0r
1y
0c
0i
#55992670222
1t
0s
0r
1y
0c
0i
#55992670926
0t
0s
0r
1y
0c
0i
#55992671360
1t
0s
0r
1y
0c
0i
#55992672067
0t
0s
0r
1y
0c
0i
#55992672500
1t
0s
0r
1y
0c
0i
#55992673204
0t
0s
0r
1y
0c
0i
#55992673640
1t
0s
0r
1y
0c
0i
#55992674343
0t
0s
0r
1y
0c
0i
#55992674781
1t
0s
0r
1y
0c
0i
#55992675487
0t
0s
0r
1y
0c
0i
#55992675923
1t
0s
0r
1y
0c
0i
#55992676625
0t
0s
0r
1y
0c
0i
#55992677062
1t
0s
0r
1y
0c
0i
#55992677767
0t
0s
0r
1y
0c
0i
#55992678203
1t
0s
0r
1y
0c
0i
#55992678910
0t
0s
0r
1y
0c
0i
#55992679345
1t
0s
0r
1y
0c
0i
#55992680047
0t
0s
0r
1y
0c
0i
#55992680486
1t
0s
0r
1y
0c
0i
#55992681189
0t
0s
0r
1y
0c
0i
#55992681626
1t
0s
0r
1y
0c
0i
#55992682332
0t
0s
0r
1y
0c
0i
#55992682769
1t
0s
0r
1y
0c
0i
#55992683470
0t
0s
0r
1y
0c
0i
#55992683908
1t
0s
0r
1y
0c
0i
#55992684612
0t
0s
0r
1y
0c
0i
#55992685050
1t
0s
0r
1y
0c
0i
#55992685756
0t
0s
0r
1y
0c
0i
#55992686195
1t
0s
0r
1y
0c
0i
#55992686897
0t
0s
0r
1y
1c
0i
#55992687337
1t
0s
0r
1y
1c
0i
#55992688043
0t
0s
0r
1y
1c
0i
#55992688483
1t
0s
0r
1y
1c
0i
#55992689193
0t
0s
0r
1y
1c
0i
#55992689632
1t
0s
0r
1y
1c
1i
#55992690340
0t
0s
0r
1y
1c
1i
#55992690781
1t
0s
0r
1y
1c
1i
#55992691492
0t
0s
0r
1y
1c
1i
#55992691933
1t
0s
0r
1y
1c
1i
#55992692647
0t
0s
0r
1y
1c
0i
#55992693087
1t
0s
0r
1y
1c
0i
#55992693796
0t
0s
0r
1y
1c
0i
#55992694238
1t
0s
0r
1y
1c
0i
#55992694948
0t
0s
0r
1y
1c
0i
#55992695388
1t
0s
0r
1y
1c
0i
#55992696100
0t
0s
0r
1y
1c
0i
#55992696538
1t
0s
0r
1y
1c
0i
#55992697242
0t
0s
0r
1y
1c
0i
#55992697683
1t
0s
0r
1y
1c
0i
#55992698386
0t
0s
0r
1y
1c
0i
#55992698825
1t
0s
0r
1y
1c
0i
#55992699528
0t
0s
0r
1y
1c
0i
#55992699964
1t
0s
0r
1y
1c
0i
#55992700661
0t
0s
0r
1y
1c
0i
#55992701099
1t
0s
0r
1y
1c
0i
#55992701797
0t
0s
0r
1y
1c
0i
#55992702232
1t
0s
0r
1y
1c
0i
#55992702931
0t
0s
0r
1y
1c
0i
#55992703367
1t
0s
0r
1y
1c
0i
#55992704062
0t
0s
0r
1y
1c
0i
#55992704499
1t
0s
0r
1y
1c
0i
#55992705195
0t
0s
0r
1y
1c
0i
#55992705632
1t
0s
0r
1y
1c
0i
#55992706332
0t
0s
0r
1y
1c
0i
#55992706768
1t
0s
0r
1y
1c
0i
#55992708577
0t
0s
0r
1y
1c
0i
#55992709838
1t
0s
0r
1y
1c
0i
#55992710882
0t
0s
0r
1y
1c
0i
#55992711305
1t
0s
0r
1y
1c
0i
#55992712007
0t
0s
0r
1y
1c
0i
#55992712442
1t
0s
0r
1y
1c
0i
#55992713141
0t
0s
0r
1y
1c
0i
#55992713576
1t
0s
0r
1y
1c
0i
#55992714276
0t
0s
0r
1y
1c
0i
#55992714713
1t
0s
0r
1y
1c
0i
#55992715412
0t
0s
0r
1y
1c
0i
#55992715847
1t
0s
0r
1y
1c
0i
#55992716549
0t
0s
0r
1y
1c
0i
#55992716984
1t
0s
0r
1y
1c
0i
#55992717682
0t
0s
0r
1y
1c
0i
#55992718117
1t
0s
0r
1y
1c
0i
#55992718817
0t
0s
0r
1y
1c
0i
#55992719253
1t
0s
0r
1y
1c
0i
#55992719955
0t
0s
0r
1y
1c
0i
#55992720392
1t
0s
0r
1y
1c
0i
#55992721090
0t
0s
0r
1y
0c
0i
#55992721528
1t
0s
0r
1y
0c
0i
#55992722230
0t
0s
0r
1y
0c
0i
#55992722668
1t
0s
0r
1y
0c
0i
#55992723375
0t
0s
0r
1y
0c
0i
#55992723811
1t
0s
0r
1y
0c
1i
#55992724515
0t
0s
0r
1y
0c
1i
#55992724954
1t
0s
0r
1y
0c
1i
#55992725660
0t
0s
0r
1y
0c
1i
#55992726099
1t
0s
0r
1y
0c
1i
#55992726347
1t
0s
1r
1y
0c
0i
#55992726349
1t
0s
0r
1y
0c
0i
#55992726809
0t
0s
0r
1y
0c
0i
#55992727247
1t
0s
0r
1y
0c
0i
#55992727952
0t
0s
0r
1y
0c
0i
#55992728391
1t
0s
0r
1y
0c
0i
#55992729098
0t
0s
0r
1y
0c
0i
#55992729535
1t
0s
0r
1y
0c
0i
#55992730245
0t
0s
0r
1y
0c
0i
#55992730681
1t
0s
0r
1y
0c
0i
#55992731385
0t
0s
0r
1y
0c
0i
#55992731824
1t
0s
0r
1y
0c
0i
#55992732528
0t
0s
0r
1y
0c
0i
#55992732965
1t
0s
0r
1y
0c
0i
#55992733673
0t
0s
0r
1y
0c
0i
#55992734108
1t
0s
0r
1y
0c
0i
#55992734813
0t
0s
0r
1y
0c
0i
#55992735249
1t
0s
0r
1y
0c
0i
#55992735955
0t
0s
0r
1y
0c
0i
#55992736389
1t
0s
0r
1y
0c
0i
#55992737099
0t
0s
0r
1y
0c
0i
#55992737532
1t
0s
0r
1y
0c
0i
#55992738237
0t
0s
0r
1y
0c
0i
#55992738672
1t
0s
0r
1y
0c
0i
#55992739379
0t
0s
0r
1y
0c
0i
#55992739814
1t
0s
0r
1y
0c
0i
#55992740524
0t
0s
0r
1y
0c
0i
#55992740958
1t
0s
0r
1y
0c
0i
#55992741664
0t
0s
0r
1y
0c
0i
#55992742100
1t
0s
0r
1y
0c
0i
#55992742806
0t
0s
0r
1y
0c
0i
#55992743244
1t
0s
0r
1y
0c
0i
#55992743953
0t
0s
0r
1y
0c
0i
#55992744389
1t
0s
0r
1y
0c
0i
#55992745093
0t
0s
0r
1y
0c
0i
#55992745531
1t
0s
0r
1y
0c
0i
#55992746238
0t
0s
0r
1y
0c
0i
#55992746675
1t
0s
0r
1y
0c
0i
#55992747385
0t
0s
0r
1y
0c
0i
#55992747820
1t
0s
0r
1y
0c
0i
#55992748524
0t
0s
0r
1y
0c
0i
#55992748963
1t
0s
0r
1y
0c
0i
#55992749669
0t
0s
0r
1y
0c
0i
#55992750107
1t
0s
0r
1y
0c
0i
#55992750815
0t
0s
0r
1y
0c
0i
#55992751252
1t
0s
0r
1y
0c
0i
#55992751957
0t
0s
0r
1y
0c
0i
#55992752395
1t
0s
0r
1y
0c
0i
#55992753101
0t
0s
0r
1y
0c
0i
#55992753540
1t
0s
0r
1y
0c
0i
#55992754250
0t
0s
0r
1y
0c
0i
#55992754689
1t
0s
0r
1y
0c
0i
#55992755394
0t
0s
0r
1y
1c
0i
#55992755836
1t
0s
0r
1y
1c
0i
#55992756544
0t
0s
0r
1y
1c
0i
#55992756985
1t
0s
0r
1y
1c
0i
#55992757699
0t
0s
0r
1y
1c
0i
#55992758139
1t
0s
0r
1y
1c
1i
#55992758851
0t
0s
0r
1y
1c
1i
#55992759293
1t
0s
0r
1y
1c
1i
#55992760008
0t
0s
0r
1y
1c
1i
#55992760450
1t
0s
0r
1y
1c
1i
#55992761168
0t
0s
0r
1y
1c
0i
#55992761609
1t
0s
0r
1y
1c
0i
#55992762321
0t
0s
0r
1y
1c
0i
#55992762764
1t
0s
0r
1y
1c
0i
#55992763478
0t
0s
0r
1y
1c
0i
#55992763919
1t
0s
0r
1y
1c
0i
#55992764634
0t
0s
0r
1y
1c
0i
#55992765074
1t
0s
0r
1y
1c
0i
#55992765781
0t
0s
0r
1y
1c
0i
#55992766224
1t
0s
0r
1y
1c
0i
#55992766929
0t
0s
0r
1y
1c
0i
#55992767369
1t
0s
0r
1y
1c
0i
#55992768076
0t
0s
0r
1y
1c
0i
#55992768513
1t
0s
0r
1y
1c
0i
#55992769213
0t
0s
0r
1y
1c
0i
#55992769652
1t
0s
0r
1y
1c
0i
#55992770352
0t
0s
0r
1y
1c
0i
#55992770790
1t
0s
0r
1y
1c
0i
#55992771492
0t
0s
0r
1y
1c
0i
#55992771929
1t
0s
0r
1y
1c
0i
#55992772626
0t
0s
0r
1y
1c
0i
#55992773066
1t
0s
0r
1y
1c
0i
#55992773764
0t
0s
0r
1y
1c
0i
#55992774203
1t
0s
0r
1y
1c
0i
#55992774905
0t
0s
0r
1y
1c
0i
#55992775343
1t
0s
0r
1y
1c
0i
#55992777159
0t
0s
0r
1y
1c
0i
#55992778426
1t
0s
0r
1y
1c
0i
#55992779475
0t
0s
0r
1y
1c
0i
#55992779900
1t
0s
0r
1y
1c
0i
#55992780605
0t
0s
0r
1y
1c
0i
#55992781042
1t
0s
0r
1y
1c
0i
#55992781745
0t
0s
0r
1y
1c
0i
#55992782182
1t
0s
0r
1y
1c
0i
#55992782884
0t
0s
0r
1y
1c
0i
#55992783323
1t
0s
0r
1y
1c
0i
#55992784026
0t
0s
0r
1y
1c
0i
#55992784462
1t
0s
0r
1y
1c
0i
#55992785167
0t
0s
0r
1y
1c
0i
#55992785603
1t
0s
0r
1y
1c
0i
#55992786304
0t
0s
0r
1y
1c
0i
#55992786742
1t
0s
0r
1y
1c
0i
#55992787445
0t
0s
0r
1y
1c
0i
#55992787882
1t
0s
0r
1y
1c
0i
#55992788588
0t
0s
0r
1y
1c
0i
#55992789026
1t
0s
0r
1y
1c
0i
#55992789728
0t
0s
0r
1y
0c
0i
#55992790167
1t
0s
0r
1y
0c
0i
#55992790873
0t
0s
0r
1y
0c
0i
#55992791312
1t
0s
0r
1y
0c
0i
#55992792022
0t
0s
0r
1y
0c
0i
#55992792460
1t
0s
0r
1y
0c
1i
#55992793168
0t
0s
0r
1y
0c
1i
#55992793608
1t
0s
0r
1y
0c
1i
#55992794319
0t
0s
0r
1y
0c
1i
#55992794759
1t
0s
0r
1y
0c
1i
#55992795473
0t
0s
0r
1y
0c
0i
#55992795912
1t
0s
0r
1y
0c
0i
#55992796621
0t
0s
0r
1y
0c
0i
#55992797062
1t
0s
0r
1y
0c
0i
#55992797772
0t
0s
0r
1y
0c
0i
#55992798211
1t
0s
0r
1y
0c
0i
#55992798924
0t
0s
0r
1y
0c
0i
#55992799361
1t
0s
0r
1y
0c
0i
#55992800068
0t
0s
0r
1y
0c
0i
#55992800508
1t
0s
0r
1y
0c
0i
#55992801215
0t
0s
0r
1y
0c
0i
#55992801654
1t
0s
0r
1y
0c
0i
#55992802363
0t
0s
0r
1y
0c
0i
#55992802799
1t
0s
0r
1y
0c
0i
#55992803505
0t
0s
0r
1y
0c
0i
#55992803941
1t
0s
0r
1y
0c
0i
#55992804647
0t
0s
0r
1y
0c
0i
#55992805082
1t
0s
0r
1y
0c
0i
#55992805791
0t
0s
0r
1y
0c
0i
#55992806225
1t
0s
0r
1y
0c
0i
#55992806928
0t
0s
0r
1y
0c
0i
#55992807364
1t
0s
0r
1y
0c
0i
#55992808069
0t
0s
0r
1y
0c
0i
#55992808505
1t
0s
0r
1y
0c
0i
#55992809214
0t
0s
0r
1y
0c
0i
#55992809648
1t
0s
0r
1y
0c
0i
#55992810353
0t
0s
0r
1y
0c
0i
#55992810789
1t
0s
0r
1y
0c
0i
#55992811494
0t
0s
0r
1y
0c
0i
#55992811932
1t
0s
0r
1y
0c
0i
#55992812640
0t
0s
0r
1y
0c
0i
#55992813076
1t
0s
0r
1y
0c
0i
#55992813779
0t
0s
0r
1y
0c
0i
#55992814217
1t
0s
0r
1y
0c
0i
#55992814924
0t
0s
0r
1y
0c
0i
#55992815360
1t
0s
0r
1y
0c
0i
#55992816069
0t
0s
0r
1y
0c
0i
#55992816505
1t
0s
0r
1y
0c
0i
#55992817209
0t
0s
0r
1y
0c
0i
#55992817647
1t
0s
0r
1y
0c
0i
#55992818352
0t
0s
0r
1y
0c
0i
#55992818790
1t
0s
0r
1y
0c
0i
#55992819498
0t
0s
0r
1y
0c
0i
#55992819935
1t
0s
0r
1y
0c
0i
#55992820638
0t
0s
0r
1y
0c
0i
#55992821077
1t
0s
0r
1y
0c
0i
#55992821782
0t
0s
0r
1y
0c
0i
#55992822220
1t
0s
0r
1y
0c
0i
#55992822928
0t
0s
0r
1y
0c
0i
#55992823367
1t
0s
0r
1y
0c
0i
#55992824071
0t
0s
0r
1y
1c
0i
#55992824512
1t
0s
0r
1y
1c
0i
#55992825219
0t
0s
0r
1y
1c
0i
#55992825660
1t
0s
0r
1y
1c
0i
#55992826373
0t
0s
0r
1y
1c
0i
#55992826812
1t
0s
0r
1y
1c
1i
#55992827522
0t
0s
0r
1y
1c
1i
#55992827964
1t
0s
0r
1y
1c
1i
#55992828677
0t
0s
0r
1y
1c
1i
#55992829119
1t
0s
0r
1y
1c
1i
#55992829835
0t
0s
0r
1y
1c
0i
#55992830276
1t
0s
0r
1y
1c
0i
#55992830987
0t
0s
0r
1y
1c
0i
#55992831429
1t
0s
0r
1y
1c
0i
#55992832141
0t
0s
0r
1y
1c
0i
#55992832583
1t
0s
0r
1y
1c
0i
#55992833297
0t
0s
0r
1y
1c
0i
#55992833737
1t
0s
0r
1y
1c
0i
#55992834444
0t
0s
0r
1y
1c
0i
#55992834886
1t
0s
0r
1y
1c
0i
#55992835593
0t
0s
0r
1y
1c
0i
#55992836034
1t
0s
0r
1y
1c
0i
#55992836742
0t
0s
0r
1y
1c
0i
#55992837181
1t
0s
0r
1y
1c
0i
#55992837884
0t
0s
0r
1y
1c
0i
#55992838324
1t
0s
0r
1y
1c
0i
#55992839027
0t
0s
0r
1y
1c
0i
#55992839466
1t
0s
0r
1y
1c
0i
#55992840171
0t
0s
0r
1y
1c
0i
#55992840610
1t
0s
0r
1y
1c
0i
#55992841311
0t
0s
0r
1y
1c
0i
#55992841752
1t
0s
0r
1y
1c
0i
#55992842453
0t
0s
0r
1y
1c
0i
#55992842893
1t
0s
0r
1y
1c
0i
#55992843599
0t
0s
0r
1y
1c
0i
#55992844037
1t
0s
0r
1y
1c
0i
#55992845860
0t
0s
0r
1y
1c
0i
#55992847130
1t
0s
0r
1y
1c
0i
#55992848183
0t
0s
0r
1y
1c
0i
#55992848609
1t
0s
0r
1y
1c
0i
#55992849317
0t
0s
0r
1y
1c
0i
#55992849754
1t
0s
0r
1y
1c
0i
#55992850460
0t
0s
0r
1y
1c
0i
#55992850898
1t
0s
0r
1y
1c
0i
#55992851604
0t
0s
0r
1y
1c
0i
#55992852043
1t
0s
0r
1y
1c
0i
#55992852748
0t
0s
0r
1y
1c
0i
#55992853186
1t
0s
0r
1y
1c
0i
#55992853894
0t
0s
0r
1y
1c
0i
#55992854331
1t
0s
0r
1y
1c
0i
#55992855035
0t
0s
0r
1y
1c
0i
#55992855474
1t
0s
0r
1y
1c
0i
#55992856179
0t
0s
0r
1y
1c
0i
#55992856618
1t
0s
0r
1y
1c
0i
#55992857327
0t
0s
0r
1y
1c
0i
#55992857765
1t
0s
0r
1y
1c
0i
#55992858470
0t
0s
0r
1y
0c
0i
#55992858911
1t
0s
0r
1y
0c
0i
#55992859620
0t
0s
0r
1y
0c
0i
#55992860060
1t
0s
0r
1y
0c
0i
#55992860774
0t
0s
0r
1y
0c
0i
#55992861213
1t
0s
0r
1y
0c
1i
#55992861924
0t
0s
0r
1y
0c
1i
#55992862366
1t
0s
0r
1y
0c
1i
#55992863080
0t
0s
0r
1y
0c
1i
#55992863522
1t
0s
0r
1y
0c
1i
#55992863576
1t
0s
1r
1y
0c
1i
#55992863578
1t
0s
0r
1y
0c
1i
#55992864239
0t
0s
0r
1y
0c
0i
#55992864680
1t
0s
0r
1y
0c
0i
#55992865393
0t
0s
0r
1y
0c
0i
#55992865834
1t
0s
0r
1y
0c
0i
#55992866548
0t
0s
0r
1y
0c
0i
#55992866989
1t
0s
0r
1y
0c
0i
#55992867705
0t
0s
0r
1y
0c
0i
#55992868143
1t
0s
0r
1y
0c
0i
#55992868853
0t
0s
0r
1y
0c
0i
#55992869294
1t
0s
0r
1y
0c
0i
#55992870004
0t
0s
0r
1y
0c
0i
#55992870442
1t
0s
0r
1y
0c
0i
#55992871154
0t
0s
0r
1y
0c
0i
#55992871590
1t
0s
0r
1y
0c
0i
#55992872296
0t
0s
0r
1y
0c
0i
#55992872734
1t
0s
0r
1y
0c
0i
#55992873441
0t
0s
0r
1y
0c
0i
#55992873876
1t
0s
0r
1y
0c
0i
#55992874586
0t
0s
0r
1y
0c
0i
#55992875020
1t
0s
0r
1y
0c
0i
#55992875725
0t
0s
0r
1y
0c
0i
#55992876161
1t
0s
0r
1y
0c
0i
#55992876868
0t
0s
0r
1y
0c
0i
#55992877303
1t
0s
0r
1y
0c
0i
#55992878013
0t
0s
0r
1y
0c
0i
#55992878448
1t
0s
0r
1y
0c
0i
#55992879154
0t
0s
0r
1y
0c
0i
#55992879591
1t
0s
0r
1y
0c
0i
#55992880297
0t
0s
0r
1y
0c
0i
#55992880736
1t
0s
0r
1y
0c
0i
#55992881445
0t
0s
0r
1y
0c
0i
#55992881882
1t
0s
0r
1y
0c
0i
#55992882588
0t
0s
0r
1y
0c
0i
#55992883026
1t
0s
0r
1y
0c
0i
#55992883733
0t
0s
0r
1y
0c
0i
#55992884171
1t
0s
0r
1y
0c
0i
#55992884881
0t
0s
0r
1y
0c
0i
#55992885318
1t
0s
0r
1y
0c
0i
#55992886023
0t
0s
0r
1y
0c
0i
#55992886463
1t
0s
0r
1y
0c
0i
#55992887169
0t
0s
0r
1y
0c
0i
#55992887608
1t
0s
0r
1y
0c
0i
#55992888318
0t
0s
0r
1y
0c
0i
#55992888755
1t
0s
0r
1y
0c
0i
#55992889461
0t
0s
0r
1y
0c
0i
#55992889900
1t
0s
0r
1y
0c
0i
#55992890607
0t
0s
0r
1y
0c
0i
#55992891046
1t
0s
0r
1y
0c
0i
#55992891756
0t
0s
0r
1y
0c
0i
#55992892196
1t
0s
0r
1y
0c
0i
#55992892902
0t
0s
0r
1y
1c
0i
#55992893344
1t
0s
0r
1y
1c
0i
#55992894053
0t
0s
0r
1y
1c
0i
#55992894495
1t
0s
0r
1y
1c
0i
#55992895209
0t
0s
0r
1y
1c
0i
#55992895650
1t
0s
0r
1y
1c
1i
#55992896362
0t
0s
0r
1y
1c
1i
#55992896805
1t
0s
0r
1y
1c
1i
#55992897520
0t
0s
0r
1y
1c
1i
#55992897962
1t
0s
0r
1y
1c
1i
#55992898680
0t
0s
0r
1y
1c
0i
#55992899122
1t
0s
0r
1y
1c
0i
#55992899835
0t
0s
0r
1y
1c
0i
#55992900278
1t
0s
0r
1y
1c
0i
#55992900992
0t
0s
0r
1y
1c
0i
#55992901434
1t
0s
0r
1y
1c
0i
#55992902150
0t
0s
0r
1y
1c
0i
#55992902590
1t
0s
0r
1y
1c
0i
#55992903299
0t
0s
0r
1y
1c
0i
#55992903743
1t
0s
0r
1y
1c
0i
#55992904451
0t
0s
0r
1y
1c
0i
#55992904893
1t
0s
0r
1y
1c
0i
#55992905603
0t
0s
0r
1y
1c
0i
#55992906043
1t
0s
0r
1y
1c
0i
#55992906747
0t
0s
0r
1y
1c
0i
#55992907188
1t
0s
0r
1y
1c
0i
#55992907892
0t
0s
0r
1y
1c
0i
#55992908332
1t
0s
0r
1y
1c
0i
#55992909038
0t
0s
0r
1y
1c
0i
#55992909479
1t
0s
0r
1y
1c
0i
#55992910179
0t
0s
0r
1y
1c
0i
#55992910621
1t
0s
0r
1y
1c
0i
#55992911324
0t
0s
0r
1y
1c
0i
#55992911765
1t
0s
0r
1y
1c
0i
#55992912471
0t
0s
0r
1y
1c
0i
#55992912910
1t
0s
0r
1y
1c
0i
#55992914735
0t
0s
0r
1y
1c
0i
#55992916006
1t
0s
0r
1y
1c
0i
#55992917059
0t
0s
0r
1y
1c
0i
#55992917485
1t
0s
0r
1y
1c
0i
#55992918193
0t
0s
0r
1y
1c
0i
#55992918631
1t
0s
0r
1y
1c
0i
#55992919337
0t
0s
0r
1y
1c
0i
#55992919775
1t
0s
0r
1y
1c
0i
#55992920481
0t
0s
0r
1y
1c
0i
#55992920920
1t
0s
0r
1y
1c
0i
#55992921626
0t
0s
0r
1y
1c
0i
#55992922064
1t
0s
0r
1y
1c
0i
#55992922772
0t
0s
0r
1y
1c
0i
#55992923209
1t
0s
0r
1y
1c
0i
#55992923914
0t
0s
0r
1y
1c
0i
#55992924352
1t
0s
0r
1y
1c
0i
#55992925058
0t
0s
0r
1y
1c
0i
#55992925496
1t
0s
0r
1y
1c
0i
#55992926205
0t
0s
0r
1y
1c
0i
#55992926645
1t
0s
0r
1y
1c
0i
#55992927350
0t
0s
0r
1y
0c
0i
#55992927791
1t
0s
0r
1y
0c
0i
#55992928500
0t
0s
0r
1y
0c
0i
#55992928940
1t
0s
0r
1y
0c
0i
#55992929654
0t
0s
0r
1y
0c
0i
#55992930093
1t
0s
0r
1y
0c
1i
#55992930804
0t
0s
0r
1y
0c
1i
#55992931246
1t
0s
0r
1y
0c
1i
#55992931959
0t
0s
0r
1y
0c
1i
#55992932401
1t
0s
0r
1y
0c
1i
#55992933118
0t
0s
0r
1y
0c
0i
#55992933558
1t
0s
0r
1y
0c
0i
#55992934271
0t
0s
0r
1y
0c
0i
#55992934712
1t
0s
0r
1y
0c
0i
#55992935425
0t
0s
0r
1y
0c
0i
#55992935866
1t
0s
0r
1y
0c
0i
#55992936581
0t
0s
0r
1y
0c
0i
#55992937020
1t
0s
0r
1y
0c
0i
#55992937729
0t
0s
0r
1y
0c
0i
#55992938170
1t
0s
0r
1y
0c
0i
#55992938880
0t
0s
0r
1y
0c
0i
#55992939320
1t
0s
0r
1y
0c
0i
#55992940031
0t
0s
0r
1y
0c
0i
#55992940468
1t
0s
0r
1y
0c
0i
#55992941176
0t
0s
0r
1y
0c
0i
#55992941614
1t
0s
0r
1y
0c
0i
#55992942322
0t
0s
0r
1y
0c
0i
#55992942758
1t
0s
0r
1y
0c
0i
#55992943469
0t
0s
0r
1y
0c
0i
#55992943904
1t
0s
0r
1y
0c
0i
#55992944610
0t
0s
0r
1y
0c
0i
#55992945047
1t
0s
0r
1y
0c
0i
#55992945754
0t
0s
0r
1y
0c
0i
#55992946190
1t
0s
0r
1y
0c
0i
#55992946901
0t
0s
0r
1y
0c
0i
#55992947336
1t
0s
0r
1y
0c
0i
#55992948042
0t
0s
0r
1y
0c
0i
#55992948480
1t
0s
0r
1y
0c
0i
#55992949187
0t
0s
0r
1y
0c
0i
#55992949625
1t
0s
0r
1y
0c
0i
#55992950334
0t
0s
0r
1y
0c
0i
#55992950771
1t
0s
0r
1y
0c
0i
#55992951476
0t
0s
0r
1y
0c
0i
#55992951915
1t
0s
0r
1y
0c
0i
#55992952622
0t
0s
0r
1y
0c
0i
#55992953060
1t
0s
0r
1y
0c
0i
#55992953769
0t
0s
0r
1y
0c
0i
#55992954206
1t
0s
0r
1y
0c
0i
#55992954910
0t
0s
0r
1y
0c
0i
#55992955350
1t
0s
0r
1y
0c
0i
#55992956055
0t
0s
0r
1y
0c
0i
#55992956494
1t
0s
0r
1y
0c
0i
#55992957202
0t
0s
0r
1y
0c
0i
#55992957639
1t
0s
0r
1y
0c
0i
#55992958343
0t
0s
0r
1y
0c
0i
#55992958782
1t
0s
0r
1y
0c
0i
#55992959488
0t
0s
0r
1y
0c
0i
#55992959927
1t
0s
0r
1y
0c
0i
#55992960635
0t
0s
0r
1y
0c
0i
#55992961075
1t
0s
0r
1y
0c
0i
#55992961779
0t
0s
0r
1y
1c
0i
#55992962220
1t
0s
0r
1y
1c
0i
#55992962928
0t
0s
0r
1y
1c
0i
#55992963369
1t
0s
0r
1y
1c
0i
#55992964082
0t
0s
0r
1y
1c
0i
#55992964521
1t
0s
0r
1y
1c
1i
#55992965231
0t
0s
0r
1y
1c
1i
#55992965674
1t
0s
0r
1y
1c
1i
#55992966387
0t
0s
0r
1y
1c
1i
#55992966829
1t
0s
0r
1y
1c
1i
#55992967545
0t
0s
0r
1y
1c
0i
#55992967986
1t
0s
0r
1y
1c
0i
#55992968698
0t
0s
0r
1y
1c
0i
#55992969140
1t
0s
0r
1y
1c
0i
#55992969853
0t
0s
0r
1y
1c
0i
#55992970294
1t
0s
0r
1y
1c
0i
#55992971009
0t
0s
0r
1y
1c
0i
#55992971449
1t
0s
0r
1y
1c
0i
#55992972158
0t
0s
0r
1y
1c
0i
#55992972601
1t
0s
0r
1y
1c
0i
#55992973309
0t
0s
0r
1y
1c
0i
#55992973751
1t
0s
0r
1y
1c
0i
#55992974461
0t
0s
0r
1y
1c
0i
#55992974902
1t
0s
0r
1y
1c
0i
#55992975607
0t
0s
0r
1y
1c
0i
#55992976049
1t
0s
0r
1y
1c
0i
#55992976756
0t
0s
0r
1y
1c
0i
#55992977197
1t
0s
0r
1y
1c
0i
#55992977906
0t
0s
0r
1y
1c
0i
#55992978347
1t
0s
0r
1y
1c
0i
#55992979051
0t
0s
0r
1y
1c
0i
#55992979494
1t
0s
0r
1y
1c
0i
#55992980200
0t
0s
0r
1y
1c
0i
#55992980642
1t
0s
0r
1y
1c
0i
#55992981352
0t
0s
0r
1y
1c
0i
#55992981792
1t
0s
0r
1y
1c
0i
#55992983624
0t
0s
0r
1y
1c
0i
#55992984900
1t
0s
0r
1y
1c
0i
#55992985956
0t
0s
0r
1y
1c
0i
#55992986384
1t
0s
0r
1y
1c
0i
#55992987095
0t
0s
0r
1y
1c
0i
#55992987534
1t
0s
0r
1y
1c
0i
#55992988243
0t
0s
0r
1y
1c
0i
#55992988682
1t
0s
0r
1y
1c
0i
#55992989390
0t
0s
0r
1y
1c
0i
#55992989831
1t
0s
0r
1y
1c
0i
#55992990540
0t
0s
0r
1y
1c
0i
#55992990979
1t
0s
0r
1y
1c
0i
#55992991690
0t
0s
0r
1y
1c
0i
#55992992128
1t
0s
0r
1y
1c
0i
#55992992836
0t
0s
0r
1y
1c
0i
#55992993275
1t
0s
0r
1y
1c
0i
#55992993984
0t
0s
0r
1y
1c
0i
#55992994424
1t
0s
0r
1y
1c
0i
#55992995135
0t
0s
0r
1y
1c
0i
#55992995576
1t
0s
0r
1y
1c
0i
#55992996284
0t
0s
0r
1y
0c
0i
#55992996727
1t
0s
0r
1y
0c
0i
#55992997438
0t
0s
0r
1y
0c
0i
#55992997880
1t
0s
0r
1y
0c
0i
#55992998596
0t
0s
0r
1y
0c
0i
#55992999037
1t
0s
0r
1y
0c
1i
#55992999751
0t
0s
0r
1y
0c
1i
#55993000195
1t
0s
0r
1y
0c
1i
#55993000912
0t
0s
0r
1y
0c
1i
#55993001355
1t
0s
0r
1y
0c
1i
#55993001408
1t
0s
1r
1y
0c
1i
#55993001411
1t
0s
0r
1y
0c
1i
#55993002075
0t
0s
0r
1y
0c
0i
#55993002517
1t
0s
0r
1y
0c
0i
#55993003233
0t
0s
0r
1y
0c
0i
#55993003676
1t
0s
0r
1y
0c
0i
#55993004393
0t
0s
0r
1y
0c
0i
#55993004834
1t
0s
0r
1y
0c
0i
#55993005554
0t
0s
0r
1y
0c
0i
#55993005994
1t
0s
0r
1y
0c
0i
#55993006707
0t
0s
0r
1y
0c
0i
#55993007150
1t
0s
0r
1y
0c
0i
#55993007864
0t
0s
0r
1y
0c
0i
#55993008306
1t
0s
0r
1y
0c
0i
#55993009023
0t
0s
0r
1y
0c
0i
#55993009462
1t
0s
0r
1y
0c
0i
#55993010176
0t
0s
0r
1y
0c
0i
#55993010616
1t
0s
0r
1y
0c
0i
#55993011331
0t
0s
0r
1y
0c
0i
#55993011771
1t
0s
0r
1y
0c
0i
#55993012490
0t
0s
0r
1y
0c
0i
#55993012927
1t
0s
0r
1y
0c
0i
#55993013640
0t
0s
0r
1y
0c
0i
#55993014080
1t
0s
0r
1y
0c
0i
#55993014796
0t
0s
0r
1y
0c
0i
#55993015235
1t
0s
0r
1y
0c
0i
#55993015955
0t
0s
0r
1y
0c
0i
#55993016393
1t
0s
0r
1y
0c
0i
#55993017108
0t
0s
0r
1y
0c
0i
#55993017549
1t
0s
0r
1y
0c
0i
#55993018264
0t
0s
0r
1y
0c
0i
#55993018706
1t
0s
0r
1y
0c
0i
#55993019424
0t
0s
0r
1y
0c
0i
#55993019864
1t
0s
0r
1y
0c
0i
#55993020578
0t
0s
0r
1y
0c
0i
#55993021020
1t
0s
0r
1y
0c
0i
#55993021735
0t
0s
0r
1y
0c
0i
#55993022177
1t
0s
0r
1y
0c
0i
#55993022895
0t
0s
0r
1y
0c
0i
#55993023335
1t
0s
0r
1y
0c
0i
#55993024048
0t
0s
0r
1y
0c
0i
#55993024491
1t
0s
0r
1y
0c
0i
#55993025205
0t
0s
0r
1y
0c
0i
#55993025648
1t
0s
0r
1y
0c
0i
#55993026366
0t
0s
0r
1y
0c
0i
#55993026807
1t
0s
0r
1y
0c
0i
#55993027520
0t
0s
0r
1y
0c
0i
#55993027963
1t
0s
0r
1y
0c
0i
#55993028678
0t
0s
0r
1y
0c
0i
#55993029121
1t
0s
0r
1y
0c
0i
#55993029839
0t
0s
0r
1y
0c
0i
#55993030284
1t
0s
0r
1y
0c
0i
#55993030998
0t
0s
0r
1y
1c
0i
#55993031444
1t
0s
0r
1y
1c
0i
#55993032163
0t
0s
0r
1y
1c
0i
#55993032608
1t
0s
0r
1y
1c
0i
#55993181114
0t
0s
0r
1y
1c
0i
#55993181556
1t
0s
0r
1y
1c
0i
#55993182266
0t
0s
0r
1y
1c
0i
#55993182706
1t
0s
0r
1y
1c
0i
#55993183409
0t
0s
0r
1y
1c
0i
#55993183850
1t
0s
0r
1y
1c
0i
#55993184554
0t
0s
0r
1y
1c
0i
#55993184995
1t
0s
0r
1y
1c
0i
#55993185701
0t
0s
0r
1y
1c
0i
#55993186140
1t
0s
0r
1y
1c
0i
#55993186842
0t
0s
0r
1y
1c
0i
#55993187283
1t
0s
0r
1y
1c
0i
#55993187986
0t
0s
0r
1y
1c
0i
#55993188427
1t
0s
0r
1y
1c
0i
#55993189133
0t
0s
0r
1y
1c
0i
#55993189572
1t
0s
0r
1y
1c
0i
#55993191398
0t
0s
0r
1y
1c
0i
#55993192670
1t
0s
0r
1y
1c
0i
#55993193722
0t
0s
0r
1y
1c
0i
#55993194149
1t
0s
0r
1y
1c
0i
#55993194857
0t
0s
0r
1y
1c
0i
#55993195296
1t
0s
0r
1y
1c
0i
#55993196002
0t
0s
0r
1y
1c
0i
#55993196440
1t
0s
0r
1y
1c
0i
#55993197146
0t
0s
0r
1y
1c
0i
#55993197586
1t
0s
0r
1y
1c
0i
#55993198292
0t
0s
0r
1y
1c
0i
#55993198730
1t
0s
0r
1y
1c
0i
#55993199438
0t
0s
0r
1y
1c
0i
#55993199876
1t
0s
0r
1y
1c
0i
#55993200581
0t
0s
0r
1y
1c
0i
#55993201019
1t
0s
0r
1y
1c
0i
#55993201725
0t
0s
0r
1y
1c
0i
#55993202164
1t
0s
0r
1y
1c
0i
#55993202872
0t
0s
0r
1y
1c
0i
#55993203312
1t
0s
0r
1y
1c
0i
#55993204017
0t
0s
0r
1y
0c
0i
#55993204458
1t
0s
0r
1y
0c
0i
#55993205167
0t
0s
0r
1y
0c
0i
#55993205607
1t
0s
0r
1y
0c
0i
#55993206321
0t
0s
0r
1y
0c
0i
#55993206760
1t
0s
0r
1y
0c
1i
#60288148410
0t
0s
0r
1y
1c
0i
#60288148852
1t
0s
0r
1y
1c
0i
#60288149562
0t
0s
0r
1y
1c
0i
#60288150002
1t
0s
0r
1y
1c
0i
#60288150705
0t
0s
0r
1y
1c
0i
#60288151146
1t
0s
0r
1y
1c
0i
#60288151850
0t
0s
0r
1y
1c
0i
#60288152291
1t
0s
0r
1y
1c
0i
#60288152997
0t
0s
0r
1y
1c
0i
#60288153436
1t
0s
0r
1y
1c
0i
#60288154138
0t
0s
0r
1y
1c
0i
#60288154579
1t
0s
0r
1y
1c
0i
#60288155282
0t
0s
0r
1y
1c
0i
#60288155723
1t
0s
0r
1y
1c
0i
#60288156429
0t
0s
0r
1y
1c
0i
#60288156868
1t
0s
0r
1y
1c
0i
#60288158694
0t
0s
0r
1y
1c
0i
#60288159966
1t
0s
0r
1y
1c
0i
#60288161018
0t
0s
0r
1y
1c
0i
#60288161445
1t
0s
0r
1y
1c
0i
#60288162153
0t
0s
0r
1y
1c
0i
#60288162592
1t
0s
0r
1y
1c
0i
#60288163298
0t
0s
0r
1y
1c
0i
#60288163736
1t
0s
0r
1y
1c
0i
#60288164442
0t
0s
0r
1y
1c
0i
#60288164882
1t
0s
0r
1y
1c
0i
#60288165588
0t
0s
0r
1y
1c
0i
#60288166026
1t
0s
0r
1y
1c
0i
#60288166734
0t
0s
0r
1y
1c
0i
#60288167172
1t
0s
0r
1y
1c
0i
#60288167877
0t
0s
0r
1y
1c
0i
#60288168315
1t
0s
0r
1y
1c
0i
#60288169021
0t
0s
0r
1y
1c
0i
#60288169460
1t
0s
0r
1y
1c
0i
#60288170168
0t
0s
0r
1y
1c
0i
#60288170608
1t
0s
0r
1y
1c
0i
#60288171313
0t
0s
0r
1y
0c
0i
#60288171754
1t
0s
0r
1y
0c
0i
#60288172463
0t
0s
0r
1y
0c
0i
#60288172903
1t
0s
0r
1y
0c
0i
#60288173617
0t
0s
0r
1y
0c
0i
#60288174056
1t
0s
0r
1y
0c
1i
#60288174767
0t
0s
0r
1y
0c
1i
#60288175209
1t
0s
0r
1y
0c
1i
#60288175923
0t
0s
0r
1y
0c
1i
#60288176365
1t
0s
0r
1y
0c
1i
#60288177081
0t
0s
0r
1y
0c
0i
#60288177522
1t
0s
0r
1y
0c
0i
#60288178235
0t
0s
0r
1y
0c
0i
#60288178676
1t
0s
0r
1y
0c
0i
#60288179390
0t
0s
0r
1y
0c
0i
#60288179830
1t
0s
0r
1y
0c
0i
#60288180546
0t
0s
0r
1y
0c
0i
#60288180984
1t
0s
0r
1y
0c
0i
#60288181693
0t
0s
0r
1y
0c
0i
#60288182134
1t
0s
0r
1y
0c
0i
#60288182841
0t
0s
0r
1y
0c
0i
#60288183280
1t
0s
0r
1y
0c
0i
#60288183990
0t
0s
0r
1y
0c
0i
#60288184425
1t
0s
0r
1y
0c
0i
#60288185130
0t
0s
0r
1y
0c
0i
#60288185566
1t
0s
0r
1y
0c
0i
#60288186271
0t
0s
0r
1y
0c
0i
#60288186706
1t
0s
0r
1y
0c
0i
#60288187413
0t
0s
0r
1y
0c
0i
#60288187846
1t
0s
0r
1y
0c
0i
#60288188548
0t
0s
0r
1y
0c
0i
#60288188983
1t
0s
0r
1y
0c
0i
#60288189687
0t
0s
0r
1y
0c
0i
#60288190121
1t
0s
0r
1y
0c
0i
#60288190828
0t
0s
0r
1y
0c
0i
#60288191261
1t
0s
0r
1y
0c
0i
#60288191964
0t
0s
0r
1y
0c
0i
#60288192400
1t
0s
0r
1y
0c
0i
#60288193103
0t
0s
0r
1y
0c
0i
#60288193541
1t
0s
0r
1y
0c
0i
#60288194246
0t
0s
0r
1y
0c
0i
#60288194682
1t
0s
0r
1y
0c
0i
#60288195383
0t
0s
0r
1y
0c
0i
#60288195820
1t
0s
0r
1y
0c
0i
#60288196524
0t
0s
0r
1y
0c
0i
#60288196960
1t
0s
0r
1y
0c
0i
#60288197666
0t
0s
0r
1y
0c
0i
#60288198101
1t
0s
0r
1y
0c
0i
#60288198802
0t
0s
0r
1y
0c
0i
#60288199240
1t
0s
0r
1y
0c
0i
#60288199942
0t
0s
0r
1y
0c
0i
#60288200379
1t
0s
0r
1y
0c
0i
#60288201084
0t
0s
0r
1y
0c
0i
#60288201519
1t
0s
0r
1y
0c
0i
#60288202221
0t
0s
0r
1y
0c
0i
#60288202658
1t
0s
0r
1y
0c
0i
#60288203360
0t
0s
0r
1y
0c
0i
#60288203798
1t
0s
0r
1y
0c
0i
#60288204504
0t
0s
0r
1y
0c
0i
#60288204942
1t
0s
0r
1y
0c
0i
#60288205643
0t
0s
0r
1y
1c
0i
#60288206083
1t
0s
0r
1y
1c
0i
#60288206788
0t
0s
0r
1y
1c
0i
#60288207227
1t
0s
0r
1y
1c
0i
#60288207937
0t
0s
0r
1y
1c
0i
#60288208375
1t
0s
0r
1y
1c
1i
#60288209083
0t
0s
0r
1y
1c
1i
#60288209523
1t
0s
0r
1y
1c
1i
#60288210233
0t
0s
0r
1y
1c
1i
#60288210674
1t
0s
0r
1y
1c
1i
#60288211388
0t
0s
0r
1y
1c
0i
#60288211827
1t
0s
0r
1y
1c
0i
#60288212536
0t
0s
0r
1y
1c
0i
#60288212977
1t
0s
0r
1y
1c
0i
#60288213686
0t
0s
0r
1y
1c
0i
#60288214126
1t
0s
0r
1y
1c
0i
#60288214838
0t
0s
0r
1y
1c
0i
#60288215277
1t
0s
0r
1y
1c
0i
#60288215981
0t
0s
0r
1y
1c
0i
#60288216423
1t
0s
0r
1y
1c
0i
#60288217127
0t
0s
0r
1y
1c
0i
#60288217567
1t
0s
0r
1y
1c
0i
#60288218273
0t
0s
0r
1y
1c
0i
#60288218711
1t
0s
0r
1y
1c
0i
#60288219411
0t
0s
0r
1y
1c
0i
#60288219851
1t
0s
0r
1y
1c
0i
#60288220552
0t
0s
0r
1y
1c
0i
#60288220990
1t
0s
0r
1y
1c
0i
#60288221694
0t
0s
0r
1y
1c
0i
#60288222132
1t
0s
0r
1y
1c
0i
#60288222831
0t
0s
0r
1y
1c
0i
#60288223271
1t
0s
0r
1y
1c
0i
#60288223971
0t
0s
0r
1y
1c
0i
#60288224410
1t
0s
0r
1y
1c
0i
#60288225113
0t
0s
0r
1y
1c
0i
#60288225551
1t
0s
0r
1y
1c
0i
#60288227369
0t
0s
0r
1y
1c
0i
#60288228636
1t
0s
0r
1y
1c
0i
#60288229685
0t
0s
0r
1y
1c
0i
#60288230109
1t
0s
0r
1y
1c
0i
#60288230815
0t
0s
0r
1y
1c
0i
#60288231251
1t
0s
0r
1y
1c
0i
#60288231955
0t
0s
0r
1y
1c
0i
#60288232391
1t
0s
0r
1y
1c
0i
#60288233094
0t
0s
0r
1y
1c
0i
#60288233533
1t
0s
0r
1y
1c
0i
#60288234236
0t
0s
0r
1y
1c
0i
#60288234672
1t
0s
0r
1y
1c
0i
#60288235378
0t
0s
0r
1y
1c
0i
#60288235813
1t
0s
0r
1y
1c
0i
#60288236515
0t
0s
0r
1y
1c
0i
#60288236952
1t
0s
0r
1y
1c
0i
#60288237656
0t
0s
0r
1y
1c
0i
#60288238093
1t
0s
0r
1y
1c
0i
#60288238799
0t
0s
0r
1y
1c
0i
#60288239237
1t
0s
0r
1y
1c
0i
#60288239939
0t
0s
0r
1y
0c
0i
#60288240379
1t
0s
0r
1y
0c
0i
#60288241085
0t
0s
0r
1y
0c
0i
#60288241525
1t
0s
0r
1y
0c
0i
#60288242236
0t
0s
0r
1y
0c
0i
#60288242674
1t
0s
0r
1y
0c
1i
#60288243382
0t
0s
0r
1y
0c
1i
#60288243823
1t
0s
0r
1y
0c
1i
#60288244534
0t
0s
0r
1y
0c
1i
#60288244975
1t
0s
0r
1y
0c
1i
#60288245090
1t
0s
1r
1y
0c
0i
#60288245093
1t
0s
0r
1y
0c
0i
#60288245689
0t
0s
0r
1y
0c
0i
#60288246128
1t
0s
0r
1y
0c
0i
#60288246839
0t
0s
0r
1y
0c
0i
#60288247279
1t
0s
0r
1y
0c
0i
#60288247990
0t
0s
0r
1y
0c
0i
#60288248429
1t
0s
0r
1y
0c
0i
#60288249143
0t
0s
0r
1y
0c
0i
#60288249580
1t
0s
0r
1y
0c
0i
#60288250288
0t
0s
0r
1y
0c
0i
#60288250728
1t
0s
0r
1y
0c
0i
#60288251436
0t
0s
0r
1y
0c
0i
#60288251875
1t
0s
0r
1y
0c
0i
#60288252586
0t
0s
0r
1y
0c
0i
#60288253022
1t
0s
0r
1y
0c
0i
#60288253729
0t
0s
0r
1y
0c
0i
#60288254167
1t
0s
0r
1y
0c
0i
#60288254876
0t
0s
0r
1y
0c
0i
#60288255312
1t
0s
0r
1y
0c
0i
#60288256023
0t
0s
0r
1y
0c
0i
#60288256457
1t
0s
0r
1y
0c
0i
#60288257164
0t
0s
0r
1y
0c
0i
#60288257601
1t
0s
0r
1y
0c
0i
#60288258310
0t
0s
0r
1y
0c
0i
#60288258745
1t
0s
0r
1y
0c
0i
#60288259457
0t
0s
0r
1y
0c
0i
#60288259891
1t
0s
0r
1y
0c
0i
#60288260599
0t
0s
0r
1y
0c
0i
#60288261036
1t
0s
0r
1y
0c
0i
#60288261744
0t
0s
0r
1y
0c
0i
#60288262182
1t
0s
0r
1y
0c
0i
#60288262892
0t
0s
0r
1y
0c
0i
#60288263329
1t
0s
0r
1y
0c
0i
#60288264035
0t
0s
0r
1y
0c
0i
#60288264474
1t
0s
0r
1y
0c
0i
#60288265182
0t
0s
0r
1y
0c
0i
#60288265620
1t
0s
0r
1y
0c
0i
#60288266330
0t
0s
0r
1y
0c
0i
#60288266767
1t
0s
0r
1y
0c
0i
#60288267473
0t
0s
0r
1y
0c
0i
#60288267912
1t
0s
0r
1y
0c
0i
#60288268619
0t
0s
0r
1y
0c
0i
#60288269058
1t
0s
0r
1y
0c
0i
#60288269769
0t
0s
0r
1y
0c
0i
#60288270206
1t
0s
0r
1y
0c
0i
#60288270912
0t
0s
0r
1y
0c
0i
#60288271352
1t
0s
0r
1y
0c
0i
#60288272060
0t
0s
0r
1y
0c
0i
#60288272500
1t
0s
0r
1y
0c
0i
#60288273211
0t
0s
0r
1y
0c
0i
#60288273652
1t
0s
0r
1y
0c
0i
#60288274359
0t
0s
0r
1y
1c
0i
#60288274801
1t
0s
0r
1y
1c
0i
#60288275512
0t
0s
0r
1y
1c
0i
#60288275954
1t
0s
0r
1y
1c
0i
#60288276670
0t
0s
0r
1y
1c
0i
#60288277110
1t
0s
0r
1y
1c
1i
#60288277823
0t
0s
0r
1y
1c
1i
#60288278267
1t
0s
0r
1y
1c
1i
#60288278982
0t
0s
0r
1y
1c
1i
#60288279426
1t
0s
0r
1y
1c
1i
#60288280145
0t
0s
0r
1y
1c
0i
#60288280587
1t
0s
0r
1y
1c
0i
#60288281301
0t
0s
0r
1y
1c
0i
#60288281744
1t
0s
0r
1y
1c
0i
#60288282459
0t
0s
0r
1y
1c
0i
#60288282902
1t
0s
0r
1y
1c
0i
#60288283618
0t
0s
0r
1y
1c
0i
#60288284059
1t
0s
0r
1y
1c
0i
#60288284768
0t
0s
0r
1y
1c
0i
#60288285211
1t
0s
0r
1y
1c
0i
#60288285919
0t
0s
0r
1y
1c
0i
#60288286361
1t
0s
0r
1y
1c
0i
#60288287070
0t
0s
0r
1y
1c
0i
#60288287510
1t
0s
0r
1y
1c
0i
#60288288213
0t
0s
0r
1y
1c
0i
#60288288653
1t
0s
0r
1y
1c
0i
#60288289356
0t
0s
0r
1y
1c
0i
#60288289795
1t
0s
0r
1y
1c
0i
#60288290500
0t
0s
0r
1y
1c
0i
#60288290939
1t
0s
0r
1y
1c
0i
#60288291638
0t
0s
0r
1y
1c
0i
#60288292079
1t
0s
0r
1y
1c
0i
#60288292780
0t
0s
0r
1y
1c
0i
#60288293220
1t
0s
0r
1y
1c
0i
#60288293925
0t
0s
0r
1y
1c
0i
#60288294363
1t
0s
0r
1y
1c
0i
#60288296183
0t
0s
0r
1y
1c
0i
#60288297454
1t
0s
0r
1y
1c
0i
#60288298504
0t
0s
0r
1y
1c
0i
#60288298929
1t
0s
0r
1y
1c
0i
#60288299637
0t
0s
0r
1y
1c
0i
#60288300074
1t
0s
0r
1y
1c
0i
#60288300779
0t
0s
0r
1y
1c
0i
#60288301216
1t
0s
0r
1y
1c
0i
#60288301920
0t
0s
0r
1y
1c
0i
#60288302360
1t
0s
0r
1y
1c
0i
#60288303063
0t
0s
0r
1y
1c
0i
#60288303501
1t
0s
0r
1y
1c
0i
#60288304208
0t
0s
0r
1y
1c
0i
#60288304645
1t
0s
0r
1y
1c
0i
#60288305347
0t
0s
0r
1y
1c
0i
#60288305785
1t
0s
0r
1y
1c
0i
#60288306490
0t
0s
0r
1y
1c
0i
#60288306928
1t
0s
0r
1y
1c
0i
#60288307635
0t
0s
0r
1y
1c
0i
#60288308074
1t
0s
0r
1y
1c
0i
#60288308777
0t
0s
0r
1y
0c
0i
#60288309218
1t
0s
0r
1y
0c
0i
#60288309925
0t
0s
0r
1y
0c
0i
#60288310365
1t
0s
0r
1y
0c
0i
#60288311077
0t
0s
0r
1y
0c
0i
#60288311515
1t
0s
0r
1y
0c
1i
#60288312225
0t
0s
0r
1y
0c
1i
#60288312666
1t
0s
0r
1y
0c
1i
#60288313378
0t
0s
0r
1y
0c
1i
#60288313819
1t
0s
0r
1y
0c
1i
#60288314535
0t
0s
0r
1y
0c
0i
#60288314975
1t
0s
0r
1y
0c
0i
#60288315685
0t
0s
0r
1y
0c
0i
#60288316127
1t
0s
0r
1y
0c
0i
#60288316838
0t
0s
0r
1y
0c
0i
#60288317278
1t
0s
0r
1y
0c
0i
#60288317991
0t
0s
0r
1y
0c
0i
#60288318428
1t
0s
0r
1y
0c
0i
#60288319134
0t
0s
0r
1y
0c
0i
#60288319574
1t
0s
0r
1y
0c
0i
#60288320279
0t
0s
0r
1y
0c
0i
#60288320715
1t
0s
0r
1y
0c
0i
#60288321421
0t
0s
0r
1y
0c
0i
#60288321855
1t
0s
0r
1y
0c
0i
#60288322555
0t
0s
0r
1y
0c
0i
#60288322990
1t
0s
0r
1y
0c
0i
#60288323690
0t
0s
0r
1y
0c
0i
#60288324123
1t
0s
0r
1y
0c
0i
#60288324825
0t
0s
0r
1y
0c
0i
#60288325256
1t
0s
0r
1y
0c
0i
#60288325954
0t
0s
0r
1y
0c
0i
#60288326387
1t
0s
0r
1y
0c
0i
#60288327086
0t
0s
0r
1y
0c
0i
#60288327518
1t
0s
0r
1y
0c
0i
#60288328221
0t
0s
0r
1y
0c
0i
#60288328653
1t
0s
0r
1y
0c
0i
#60288329352
0t
0s
0r
1y
0c
0i
#60288329786
1t
0s
0r
1y
0c
0i
#60288330485
0t
0s
0r
1y
0c
0i
#60288330920
1t
0s
0r
1y
0c
0i
#60288331623
0t
0s
0r
1y
0c
0i
#60288332056
1t
0s
0r
1y
0c
0i
#60288332755
0t
0s
0r
1y
0c
0i
#60288333190
1t
0s
0r
1y
0c
0i
#60288333890
0t
0s
0r
1y
0c
0i
#60288334324
1t
0s
0r
1y
0c
0i
#60288335027
0t
0s
0r
1y
0c
0i
#60288335461
1t
0s
0r
1y
0c
0i
#60288336159
0t
0s
0r
1y
0c
0i
#60288336595
1t
0s
0r
1y
0c
0i
#60288337294
0t
0s
0r
1y
0c
0i
#60288337729
1t
0s
0r
1y
0c
0i
#60288338431
0t
0s
0r
1y
0c
0i
#60288338865
1t
0s
0r
1y
0c
0i
#60288339563
0t
0s
0r
1y
0c
0i
#60288339999
1t
0s
0r
1y
0c
0i
#60288340698
0t
0s
0r
1y
0c
0i
#60288341134
1t
0s
0r
1y
0c
0i
#60288341836
0t
0s
0r
1y
0c
0i
#60288342273
1t
0s
0r
1y
0c
0i
#60288342970
0t
0s
0r
1y
1c
0i
#60288343409
1t
0s
0r
1y
1c
0i
#60288344110
0t
0s
0r
1y
1c
0i
#60288344548
1t
0s
0r
1y
1c
0i
#60288345254
0t
0s
0r
1y
1c
0i
#60288345691
1t
0s
0r
1y
1c
1i
#60288346394
0t
0s
0r
1y
1c
1i
#60288346833
1t
0s
0r
1y
1c
1i
#60288347539
0t
0s
0r
1y
1c
1i
#60288347978
1t
0s
0r
1y
1c
1i
#60288348688
0t
0s
0r
1y
1c
0i
#60288349126
1t
0s
0r
1y
1c
0i
#60288349831
0t
0s
0r
1y
1c
0i
#60288350270
1t
0s
0r
1y
1c
0i
#60288350977
0t
0s
0r
1y
1c
0i
#60288351415
1t
0s
0r
1y
1c
0i
#60288352123
0t
0s
0r
1y
1c
0i
#60288352560
1t
0s
0r
1y
1c
0i
#60288353261
0t
0s
0r
1y
1c
0i
#60288353701
1t
0s
0r
1y
1c
0i
#60288354402
0t
0s
0r
1y
1c
0i
#60288354840
1t
0s
0r
1y
1c
0i
#60288355543
0t
0s
0r
1y
1c
0i
#60288355979
1t
0s
0r
1y
1c
0i
#60288356676
0t
0s
0r
1y
1c
0i
#60288357113
1t
0s
0r
1y
1c
0i
#60288357809
0t
0s
0r
1y
1c
0i
#60288358246
1t
0s
0r
1y
1c
0i
#60288358944
0t
0s
0r
1y
1c
0i
#60288359381
1t
0s
0r
1y
1c
0i
#60288360075
0t
0s
0r
1y
1c
0i
#60288360512
1t
0s
0r
1y
1c
0i
#60288361208
0t
0s
0r
1y
1c
0i
#60288361645
1t
0s
0r
1y
1c
0i
#60288362344
0t
0s
0r
1y
1c
0i
#60288362780
1t
0s
0r
1y
1c
0i
#60288364587
0t
0s
0r
1y
1c
0i
#60288365847
1t
0s
0r
1y
1c
0i
#60288366892
0t
0s
0r
1y
1c
0i
#60288367314
1t
0s
0r
1y
1c
0i
#60288368016
0t
0s
0r
1y
1c
0i
#60288368450
1t
0s
0r
1y
1c
0i
#60288369150
0t
0s
0r
1y
1c
0i
#60288369584
1t
0s
0r
1y
1c
0i
#60288370284
0t
0s
0r
1y
1c
0i
#60288370720
1t
0s
0r
1y
1c
0i
#60288371419
0t
0s
0r
1y
1c
0i
#60288371853
1t
0s
0r
1y
1c
0i
#60288372555
0t
0s
0r
1y
1c
0i
#60288372989
1t
0s
0r
1y
1c
0i
#60288373687
0t
0s
0r
1y
1c
0i
#60288374122
1t
0s
0r
1y
1c
0i
#60288374822
0t
0s
0r
1y
1c
0i
#60288375256
1t
0s
0r
1y
1c
0i
#60288375959
0t
0s
0r
1y
1c
0i
#60288376394
1t
0s
0r
1y
1c
0i
#60288377093
0t
0s
0r
1y
0c
0i
#60288377530
1t
0s
0r
1y
0c
0i
#60288378232
0t
0s
0r
1y
0c
0i
#60288378668
1t
0s
0r
1y
0c
0i
#60288379375
0t
0s
0r
1y
0c
0i
#60288379810
1t
0s
0r
1y
0c
1i
#60288380514
0t
0s
0r
1y
0c
1i
#60288380953
1t
0s
0r
1y
0c
1i
#60288381658
0t
0s
0r
1y
0c
1i
#60288382097
1t
0s
0r
1y
0c
1i
#60288382243
1t
0s
1r
1y
0c
0i
#60288382246
1t
0s
0r
1y
0c
0i
#60288382807
0t
0s
0r
1y
0c
0i
#60288383244
1t
0s
0r
1y
0c
0i
#60288383949
0t
0s
0r
1y
0c
0i
#60288384388
1t
0s
0r
1y
0c
0i
#60288385094
0t
0s
0r
1y
0c
0i
#60288385531
1t
0s
0r
1y
0c
0i
#60288386241
0t
0s
0r
1y
0c
0i
#60288386675
1t
0s
0r
1y
0c
0i
#60288387378
0t
0s
0r
1y
0c
0i
#60288387816
1t
0s
0r
1y
0c
0i
#60288388519
0t
0s
0r
1y
0c
0i
#60288388955
1t
0s
0r
1y
0c
0i
#60288389661
0t
0s
0r
1y
0c
0i
#60288390093
1t
0s
0r
1y
0c
0i
#60288390794
0t
0s
0r
1y
0c
0i
#60288391228
1t
0s
0r
1y
0c
0i
#60288391929
0t
0s
0r
1y
0c
0i
#60288392362
1t
0s
0r
1y
0c
0i
#60288393065
0t
0s
0r
1y
0c
0i
#60288393496
1t
0s
0r
1y
0c
0i
#60288394195
0t
0s
0r
1y
0c
0i
#60288394628
1t
0s
0r
1y
0c
0i
#60288395328
0t
0s
0r
1y
0c
0i
#60288395761
1t
0s
0r
1y
0c
0i
#60288396465
0t
0s
0r
1y
0c
0i
#60288396895
1t
0s
0r
1y
0c
0i
#60288397595
0t
0s
0r
1y
0c
0i
#60288398029
1t
0s
0r
1y
0c
0i
#60288398729
0t
0s
0r
1y
0c
0i
#60288399164
1t
0s
0r
1y
0c
0i
#60288399867
0t
0s
0r
1y
0c
0i
#60288400299
1t
0s
0r
1y
0c
0i
#60288400998
0t
0s
0r
1y
0c
0i
#60288401433
1t
0s
0r
1y
0c
0i
#60288402134
0t
0s
0r
1y
0c
0i
#60288402568
1t
0s
0r
1y
0c
0i
#60288403271
0t
0s
0r
1y
0c
0i
#60288403704
1t
0s
0r
1y
0c
0i
#60288404403
0t
0s
0r
1y
0c
0i
#60288404839
1t
0s
0r
1y
0c
0i
#60288405538
0t
0s
0r
1y
0c
0i
#60288405974
1t
0s
0r
1y
0c
0i
#60288406677
0t
0s
0r
1y
0c
0i
#60288407111
1t
0s
0r
1y
0c
0i
#60288407809
0t
0s
0r
1y
0c
0i
#60288408245
1t
0s
0r
1y
0c
0i
#60288408945
0t
0s
0r
1y
0c
0i
#60288409381
1t
0s
0r
1y
0c
0i
#60288410084
0t
0s
0r
1y
0c
0i
#60288410520
1t
0s
0r
1y
0c
0i
#60288411219
0t
0s
0r
1y
1c
0i
#60288411657
1t
0s
0r
1y
1c
0i
#60288412360
0t
0s
0r
1y
1c
0i
#60288412797
1t
0s
0r
1y
1c
0i
#60288413505
0t
0s
0r
1y
1c
0i
#60288413941
1t
0s
0r
1y
1c
1i
#60288414646
0t
0s
0r
1y
1c
1i
#60288415085
1t
0s
0r
1y
1c
1i
#60288415792
0t
0s
0r
1y
1c
1i
#60288416232
1t
0s
0r
1y
1c
1i
#60288416943
0t
0s
0r
1y
1c
0i
#60288417380
1t
0s
0r
1y
1c
0i
#60288418086
0t
0s
0r
1y
1c
0i
#60288418526
1t
0s
0r
1y
1c
0i
#60288419233
0t
0s
0r
1y
1c
0i
#60288419671
1t
0s
0r
1y
1c
0i
#60288420381
0t
0s
0r
1y
1c
0i
#60288420817
1t
0s
0r
1y
1c
0i
#60288421520
0t
0s
0r
1y
1c
0i
#60288421960
1t
0s
0r
1y
1c
0i
#60288422663
0t
0s
0r
1y
1c
0i
#60288423102
1t
0s
0r
1y
1c
0i
#60288423807
0t
0s
0r
1y
1c
0i
#60288424243
1t
0s
0r
1y
1c
0i
#60288424942
0t
0s
0r
1y
1c
0i
#60288425381
1t
0s
0r
1y
1c
0i
#60288426081
0t
0s
0r
1y
1c
0i
#60288426519
1t
0s
0r
1y
1c
0i
#60288427220
0t
0s
0r
1y
1c
0i
#60288427659
1t
0s
0r
1y
1c
0i
#60288428356
0t
0s
0r
1y
1c
0i
#60288428795
1t
0s
0r
1y
1c
0i
#60288429493
0t
0s
0r
1y
1c
0i
#60288429932
1t
0s
0r
1y
1c
0i
#60288430634
0t
0s
0r
1y
1c
0i
#60288431071
1t
0s
0r
1y
1c
0i
#60288432884
0t
0s
0r
1y
1c
0i
#60288434150
1t
0s
0r
1y
1c
0i
#60288435196
0t
0s
0r
1y
1c
0i
#60288435620
1t
0s
0r
1y
1c
0i
#60288436324
0t
0s
0r
1y
1c
0i
#60288436759
1t
0s
0r
1y
1c
0i
#60288437461
0t
0s
0r
1y
1c
0i
#60288437897
1t
0s
0r
1y
1c
0i
#60288438597
0t
0s
0r
1y
1c
0i
#60288439035
1t
0s
0r
1y
1c
0i
#60288439735
0t
0s
0r
1y
1c
0i
#60288440172
1t
0s
0r
1y
1c
0i
#60288440875
0t
0s
0r
1y
1c
0i
#60288441310
1t
0s
0r
1y
1c
0i
#60288442009
0t
0s
0r
1y
1c
0i
#60288442445
1t
0s
0r
1y
1c
0i
#60288443147
0t
0s
0r
1y
1c
0i
#60288443582
1t
0s
0r
1y
1c
0i
#60288444287
0t
0s
0r
1y
1c
0i
#60288444723
1t
0s
0r
1y
1c
0i
#60288445423
0t
0s
0r
1y
0c
0i
#60288445862
1t
0s
0r
1y
0c
0i
#60288446565
0t
0s
0r
1y
0c
0i
#60288447003
1t
0s
0r
1y
0c
0i
#60288447711
0t
0s
0r
1y
0c
0i
#60288448148
1t
0s
0r
1y
0c
1i
#60288448854
0t
0s
0r
1y
0c
1i
#60288449293
1t
0s
0r
1y
0c
1i
#60288450001
0t
0s
0r
1y
0c
1i
#60288450440
1t
0s
0r
1y
0c
1i
#60288451151
0t
0s
0r
1y
0c
0i
#60288451590
1t
0s
0r
1y
0c
0i
#60288452296
0t
0s
0r
1y
0c
0i
#60288452736
1t
0s
0r
1y
0c
0i
#60288453443
0t
0s
0r
1y
0c
0i
#60288453881
1t
0s
0r
1y
0c
0i
#60288454590
0t
0s
0r
1y
0c
0i
#60288455025
1t
0s
0r
1y
0c
0i
#60288455728
0t
0s
0r
1y
0c
0i
#60288456165
1t
0s
0r
1y
0c
0i
#60288456867
0t
0s
0r
1y
0c
0i
#60288457302
1t
0s
0r
1y
0c
0i
#60288458005
0t
0s
0r
1y
0c
0i
#60288458437
1t
0s
0r
1y
0c
0i
#60288459135
0t
0s
0r
1y
0c
0i
#60288459568
1t
0s
0r
1y
0c
0i
#60288460265
0t
0s
0r
1y
0c
0i
#60288460697
1t
0s
0r
1y
0c
0i
#60288461397
0t
0s
0r
1y
0c
0i
#60288461827
1t
0s
0r
1y
0c
0i
#60288462521
0t
0s
0r
1y
0c
0i
#60288462953
1t
0s
0r
1y
0c
0i
#60288463650
0t
0s
0r
1y
0c
0i
#60288464081
1t
0s
0r
1y
0c
0i
#60288464782
0t
0s
0r
1y
0c
0i
#60288465211
1t
0s
0r
1y
0c
0i
#60288465908
0t
0s
0r
1y
0c
0i
#60288466340
1t
0s
0r
1y
0c
0i
#60288467037
0t
0s
0r
1y
0c
0i
#60288467471
1t
0s
0r
1y
0c
0i
#60288468170
0t
0s
0r
1y
0c
0i
#60288468602
1t
0s
0r
1y
0c
0i
#60288469297
0t
0s
0r
1y
0c
0i
#60288469731
1t
0s
0r
1y
0c
0i
#60288470428
0t
0s
0r
1y
0c
0i
#60288470861
1t
0s
0r
1y
0c
0i
#60288471560
0t
0s
0r
1y
0c
0i
#60288471992
1t
0s
0r
1y
0c
0i
#60288472687
0t
0s
0r
1y
0c
0i
#60288473121
1t
0s
0r
1y
0c
0i
#60288473816
0t
0s
0r
1y
0c
0i
#60288474251
1t
0s
0r
1y
0c
0i
#60288474950
0t
0s
0r
1y
0c
0i
#60288475382
1t
0s
0r
1y
0c
0i
#60288476076
0t
0s
0r
1y
0c
0i
#60288476511
1t
0s
0r
1y
0c
0i
#60288477207
0t
0s
0r
1y
0c
0i
#60288477641
1t
0s
0r
1y
0c
0i
#60288478341
0t
0s
0r
1y
0c
0i
#60288478775
1t
0s
0r
1y
0c
0i
#60288479470
0t
0s
0r
1y
1c
0i
#60288479907
1t
0s
0r
1y
1c
0i
#60288480606
0t
0s
0r
1y
1c
0i
#60288481042
1t
0s
0r
1y
1c
0i
#60288481745
0t
0s
0r
1y
1c
0i
#60288482180
1t
0s
0r
1y
1c
1i
#60288482881
0t
0s
0r
1y
1c
1i
#60288483319
1t
0s
0r
1y
1c
1i
#60288484023
0t
0s
0r
1y
1c
1i
#60288484460
1t
0s
0r
1y
1c
1i
#60288485168
0t
0s
0r
1y
1c
0i
#60288485604
1t
0s
0r
1y
1c
0i
#60288486307
0t
0s
0r
1y
1c
0i
#60288486745
1t
0s
0r
1y
1c
0i
#60288487448
0t
0s
0r
1y
1c
0i
#60288487885
1t
0s
0r
1y
1c
0i
#60288488590
0t
0s
0r
1y
1c
0i
#60288489026
1t
0s
0r
1y
1c
0i
#60288489723
0t
0s
0r
1y
1c
0i
#60288490161
1t
0s
0r
1y
1c
0i
#60288490857
0t
0s
0r
1y
1c
0i
#60288491293
1t
0s
0r
1y
1c
0i
#60288491990
0t
0s
0r
1y
1c
0i
#60288492423
1t
0s
0r
1y
1c
0i
#60288493115
0t
0s
0r
1y
1c
0i
#60288493548
1t
0s
0r
1y
1c
0i
#60288494240
0t
0s
0r
1y
1c
0i
#60288494672
1t
0s
0r
1y
1c
0i
#60288495365
0t
0s
0r
1y
1c
0i
#60288495798
1t
0s
0r
1y
1c
0i
#60288496486
0t
0s
0r
1y
1c
0i
#60288496920
1t
0s
0r
1y
1c
0i
#60288497609
0t
0s
0r
1y
1c
0i
#60288498043
1t
0s
0r
1y
1c
0i
#60288498736
0t
0s
0r
1y
1c
0i
#60288499168
1t
0s
0r
1y
1c
0i
#60288500960
0t
0s
0r
1y
1c
0i
#60288502211
1t
0s
0r
1y
1c
0i
#60288503244
0t
0s
0r
1y
1c
0i
#60288503664
1t
0s
0r
1y
1c
0i
#60288504359
0t
0s
0r
1y
1c
0i
#60288504790
1t
0s
0r
1y
1c
0i
#60288505483
0t
0s
0r
1y
1c
0i
#60288505915
1t
0s
0r
1y
1c
0i
#60288506607
0t
0s
0r
1y
1c
0i
#60288507041
1t
0s
0r
1y
1c
0i
#60288507733
0t
0s
0r
1y
1c
0i
#60288508164
1t
0s
0r
1y
1c
0i
#60288508860
0t
0s
0r
1y
1c
0i
#60288509290
1t
0s
0r
1y
1c
0i
#60288509982
0t
0s
0r
1y
1c
0i
#60288510413
1t
0s
0r
1y
1c
0i
#60288511107
0t
0s
0r
1y
1c
0i
#60288511538
1t
0s
0r
1y
1c
0i
#60288512234
0t
0s
0r
1y
1c
0i
#60288512667
1t
0s
0r
1y
1c
0i
#60288513359
0t
0s
0r
1y
0c
0i
#60288513793
1t
0s
0r
1y
0c
0i
#60288514488
0t
0s
0r
1y
0c
0i
#60288514922
1t
0s
0r
1y
0c
0i
#60288515622
0t
0s
0r
1y
0c
0i
#60288516054
1t
0s
0r
1y
0c
1i
#60288516751
0t
0s
0r
1y
0c
1i
#60288517187
1t
0s
0r
1y
0c
1i
#60288517886
0t
0s
0r
1y
0c
1i
#60288518322
1t
0s
0r
1y
0c
1i
#60288518508
1t
0s
1r
1y
0c
0i
#60288518511
1t
0s
0r
1y
0c
0i
#60288519025
0t
0s
0r
1y
0c
0i
#60288519459
1t
0s
0r
1y
0c
0i
#60288520158
0t
0s
0r
1y
0c
0i
#60288520593
1t
0s
0r
1y
0c
0i
#60288521293
0t
0s
0r
1y
0c
0i
#60288521726
1t
0s
0r
1y
0c
0i
#60288522430
0t
0s
0r
1y
0c
0i
#60288522862
1t
0s
0r
1y
0c
0i
#60288523560
0t
0s
0r
1y
0c
0i
#60288523995
1t
0s
0r
1y
0c
0i
#60288524693
0t
0s
0r
1y
0c
0i
#60288525127
1t
0s
0r
1y
0c
0i
#60288525829
0t
0s
0r
1y
0c
0i
#60288526261
1t
0s
0r
1y
0c
0i
#60288526960
0t
0s
0r
1y
0c
0i
#60288527393
1t
0s
0r
1y
0c
0i
#60288528094
0t
0s
0r
1y
0c
0i
#60288528527
1t
0s
0r
1y
0c
0i
#60288529231
0t
0s
0r
1y
0c
0i
#60288529662
1t
0s
0r
1y
0c
0i
#60288530363
0t
0s
0r
1y
0c
0i
#60288530796
1t
0s
0r
1y
0c
0i
#60288531498
0t
0s
0r
1y
0c
0i
#60288531931
1t
0s
0r
1y
0c
0i
#60288532637
0t
0s
0r
1y
0c
0i
#60288533069
1t
0s
0r
1y
0c
0i
#60288533771
0t
0s
0r
1y
0c
0i
#60288534205
1t
0s
0r
1y
0c
0i
#60288534907
0t
0s
0r
1y
0c
0i
#60288535344
1t
0s
0r
1y
0c
0i
#60288536049
0t
0s
0r
1y
0c
0i
#60288536483
1t
0s
0r
1y
0c
0i
#60288537183
0t
0s
0r
1y
0c
0i
#60288537620
1t
0s
0r
1y
0c
0i
#60288538322
0t
0s
0r
1y
0c
0i
#60288538758
1t
0s
0r
1y
0c
0i
#60288539465
0t
0s
0r
1y
0c
0i
#60288539899
1t
0s
0r
1y
0c
0i
#60288540600
0t
0s
0r
1y
0c
0i
#60288541037
1t
0s
0r
1y
0c
0i
#60288541739
0t
0s
0r
1y
0c
0i
#60288542177
1t
0s
0r
1y
0c
0i
#60288542882
0t
0s
0r
1y
0c
0i
#60288543318
1t
0s
0r
1y
0c
0i
#60288544019
0t
0s
0r
1y
0c
0i
#60288544457
1t
0s
0r
1y
0c
0i
#60288545161
0t
0s
0r
1y
0c
0i
#60288545598
1t
0s
0r
1y
0c
0i
#60288546304
0t
0s
0r
1y
0c
0i
#60288546743
1t
0s
0r
1y
0c
0i
#60288547445
0t
0s
0r
1y
1c
0i
#60288547885
1t
0s
0r
1y
1c
0i
#60288548591
0t
0s
0r
1y
1c
0i
#60288549031
1t
0s
0r
1y
1c
0i
#60288549742
0t
0s
0r
1y
1c
0i
#60288550180
1t
0s
0r
1y
1c
1i
#60288550888
0t
0s
0r
1y
1c
1i
#60288551329
1t
0s
0r
1y
1c
1i
#60288552040
0t
0s
0r
1y
1c
1i
#60288552481
1t
0s
0r
1y
1c
1i
#60288553195
0t
0s
0r
1y
1c
0i
#60288553634
1t
0s
0r
1y
1c
0i
#60288554343
0t
0s
0r
1y
1c
0i
#60288554784
1t
0s
0r
1y
1c
0i
#60288555494
0t
0s
0r
1y
1c
0i
#60288555934
1t
0s
0r
1y
1c
0i
#60288556645
0t
0s
0r
1y
1c
0i
#60288557084
1t
0s
0r
1y
1c
0i
#60288557788
0t
0s
0r
1y
1c
0i
#60288558230
1t
0s
0r
1y
1c
0i
#60288558934
0t
0s
0r
1y
1c
0i
#60288559374
1t
0s
0r
1y
1c
0i
#60288560080
0t
0s
0r
1y
1c
0i
#60288560517
1t
0s
0r
1y
1c
0i
#60288561217
0t
0s
0r
1y
1c
0i
#60288561655
1t
0s
0r
1y
1c
0i
#60288562356
0t
0s
0r
1y
1c
0i
#60288562793
1t
0s
0r
1y
1c
0i
#60288563495
0t
0s
0r
1y
1c
0i
#60288563933
1t
0s
0r
1y
1c
0i
#60288564631
0t
0s
0r
1y
1c
0i
#60288565070
1t
0s
0r
1y
1c
0i
#60288565769
0t
0s
0r
1y
1c
0i
#60288566208
1t
0s
0r
1y
1c
0i
#60288566911
0t
0s
0r
1y
1c
0i
#60288567347
1t
0s
0r
1y
1c
0i
#60288569163
0t
0s
0r
1y
1c
0i
#60288570430
1t
0s
0r
1y
1c
0i
#60288571477
0t
0s
0r
1y
1c
0i
#60288571902
1t
0s
0r
1y
1c
0i
#60288572606
0t
0s
0r
1y
1c
0i
#60288573043
1t
0s
0r
1y
1c
0i
#60288573745
0t
0s
0r
1y
1c
0i
#60288574182
1t
0s
0r
1y
1c
0i
#60288574884
0t
0s
0r
1y
1c
0i
#60288575322
1t
0s
0r
1y
1c
0i
#60288576023
0t
0s
0r
1y
1c
0i
#60288576460
1t
0s
0r
1y
1c
0i
#60288577164
0t
0s
0r
1y
1c
0i
#60288577600
1t
0s
0r
1y
1c
0i
#60288578300
0t
0s
0r
1y
1c
0i
#60288578737
1t
0s
0r
1y
1c
0i
#60288579440
0t
0s
0r
1y
1c
0i
#60288579876
1t
0s
0r
1y
1c
0i
#60288580581
0t
0s
0r
1y
1c
0i
#60288581018
1t
0s
0r
1y
1c
0i
#60288581719
0t
0s
0r
1y
0c
0i
#60288582159
1t
0s
0r
1y
0c
0i
#60288582863
0t
0s
0r
1y
0c
0i
#60288583302
1t
0s
0r
1y
0c
0i
#60288584012
0t
0s
0r
1y
0c
0i
#60288584449
1t
0s
0r
1y
0c
1i
#60288585156
0t
0s
0r
1y
0c
1i
#60288585596
1t
0s
0r
1y
0c
1i
#60288586305
0t
0s
0r
1y
0c
1i
#60288586746
1t
0s
0r
1y
0c
1i
#60288587458
0t
0s
0r
1y
0c
0i
#60288587897
1t
0s
0r
1y
0c
0i
#60288588606
0t
0s
0r
1y
0c
0i
#60288589045
1t
0s
0r
1y
0c
0i
#60288589755
0t
0s
0r
1y
0c
0i
#60288590193
1t
0s
0r
1y
0c
0i
#60288590905
0t
0s
0r
1y
0c
0i
#60288591342
1t
0s
0r
1y
0c
0i
#60288592047
0t
0s
0r
1y
0c
0i
#60288592487
1t
0s
0r
1y
0c
0i
#60288593193
0t
0s
0r
1y
0c
0i
#60288593631
1t
0s
0r
1y
0c
0i
#60288594340
0t
0s
0r
1y
0c
0i
#60288594775
1t
0s
0r
1y
0c
0i
#60288595480
0t
0s
0r
1y
0c
0i
#60288595917
1t
0s
0r
1y
0c
0i
#60288596622
0t
0s
0r
1y
0c
0i
#60288597057
1t
0s
0r
1y
0c
0i
#60288597766
0t
0s
0r
1y
0c
0i
#60288598199
1t
0s
0r
1y
0c
0i
#60288598903
0t
0s
0r
1y
0c
0i
#60288599339
1t
0s
0r
1y
0c
0i
#60288600044
0t
0s
0r
1y
0c
0i
#60288600479
1t
0s
0r
1y
0c
0i
#60288601187
0t
0s
0r
1y
0c
0i
#60288601621
1t
0s
0r
1y
0c
0i
#60288602325
0t
0s
0r
1y
0c
0i
#60288602761
1t
0s
0r
1y
0c
0i
#60288603465
0t
0s
0r
1y
0c
0i
#60288603903
1t
0s
0r
1y
0c
0i
#60288604610
0t
0s
0r
1y
0c
0i
#60288605046
1t
0s
0r
1y
0c
0i
#60288605749
0t
0s
0r
1y
0c
0i
#60288606186
1t
0s
0r
1y
0c
0i
#60288606891
0t
0s
0r
1y
0c
0i
#60288607328
1t
0s
0r
1y
0c
0i
#60288608035
0t
0s
0r
1y
0c
0i
#60288608470
1t
0s
0r
1y
0c
0i
#60288609173
0t
0s
0r
1y
0c
0i
#60288609611
1t
0s
0r
1y
0c
0i
#60288610315
0t
0s
0r
1y
0c
0i
#60288610752
1t
0s
0r
1y
0c
0i
#60288611458
0t
0s
0r
1y
0c
0i
#60288611894
1t
0s
0r
1y
0c
0i
#60288612596
0t
0s
0r
1y
0c
0i
#60288613034
1t
0s
0r
1y
0c
0i
#60288613738
0t
0s
0r
1y
0c
0i
#60288614176
1t
0s
0r
1y
0c
0i
#60288614882
0t
0s
0r
1y
0c
0i
#60288615321
1t
0s
0r
1y
0c
0i
#60288616023
0t
0s
0r
1y
1c
0i
#60288616463
1t
0s
0r
1y
1c
0i
#60288617168
0t
0s
0r
1y
1c
0i
#60288617608
1t
0s
0r
1y
1c
0i
#60288618319
0t
0s
0r
1y
1c
0i
#60288618758
1t
0s
0r
1y
1c
1i
#60288619465
0t
0s
0r
1y
1c
1i
#60288619907
1t
0s
0r
1y
1c
1i
#60288620617
0t
0s
0r
1y
1c
1i
#60288621058
1t
0s
0r
1y
1c
1i
#60288621772
0t
0s
0r
1y
1c
0i
#60288622212
1t
0s
0r
1y
1c
0i
#60288622920
0t
0s
0r
1y
1c
0i
#60288623362
1t
0s
0r
1y
1c
0i
#60288624072
0t
0s
0r
1y
1c
0i
#60288624512
1t
0s
0r
1y
1c
0i
#60288625223
0t
0s
0r
1y
1c
0i
#60288625661
1t
0s
0r
1y
1c
0i
#60288626365
0t
0s
0r
1y
1c
0i
#60288626806
1t
0s
0r
1y
1c
0i
#60288627509
0t
0s
0r
1y
1c
0i
#60288627948
1t
0s
0r
1y
1c
0i
#60288628652
0t
0s
0r
1y
1c
0i
#60288629089
1t
0s
0r
1y
1c
0i
#60288629787
0t
0s
0r
1y
1c
0i
#60288630225
1t
0s
0r
1y
1c
0i
#60288630924
0t
0s
0r
1y
1c
0i
#60288631360
1t
0s
0r
1y
1c
0i
#60288632061
0t
0s
0r
1y
1c
0i
#60288632498
1t
0s
0r
1y
1c
0i
#60288633193
0t
0s
0r
1y
1c
0i
#60288633632
1t
0s
0r
1y
1c
0i
#60288634329
0t
0s
0r
1y
1c
0i
#60288634767
1t
0s
0r
1y
1c
0i
#60288635468
0t
0s
0r
1y
1c
0i
#60288635904
1t
0s
0r
1y
1c
0i
#60288637716
0t
0s
0r
1y
1c
0i
#60288638981
1t
0s
0r
1y
1c
0i
#60288640026
0t
0s
0r
1y
1c
0i
#60288640449
1t
0s
0r
1y
1c
0i
#60288641153
0t
0s
0r
1y
1c
0i
#60288641588
1t
0s
0r
1y
1c
0i
#60288642290
0t
0s
0r
1y
1c
0i
#60288642725
1t
0s
0r
1y
1c
0i
#60288643426
0t
0s
0r
1y
1c
0i
#60288643863
1t
0s
0r
1y
1c
0i
#60288644564
0t
0s
0r
1y
1c
0i
#60288644999
1t
0s
0r
1y
1c
0i
#60288645703
0t
0s
0r
1y
1c
0i
#60288646137
1t
0s
0r
1y
1c
0i
#60288646836
0t
0s
0r
1y
1c
0i
#60288647273
1t
0s
0r
1y
1c
0i
#60288647974
0t
0s
0r
1y
1c
0i
#60288648409
1t
0s
0r
1y
1c
0i
#60288649113
0t
0s
0r
1y
1c
0i
#60288649550
1t
0s
0r
1y
1c
0i
#60288650250
0t
0s
0r
1y
0c
0i
#60288650688
1t
0s
0r
1y
0c
0i
#60288651391
0t
0s
0r
1y
0c
0i
#60288651829
1t
0s
0r
1y
0c
0i
#60288652537
0t
0s
0r
1y
0c
0i
#60288652974
1t
0s
0r
1y
0c
1i
#60288653681
0t
0s
0r
1y
0c
1i
#60288654119
1t
0s
0r
1y
0c
1i
#60288654828
0t
0s
0r
1y
0c
1i
#60288655267
1t
0s
0r
1y
0c
1i
#60288655326
1t
0s
1r
1y
0c
1i
#60288655329
1t
0s
0r
1y
0c
1i
#60288655979
0t
0s
0r
1y
0c
0i
#60288656417
1t
0s
0r
1y
0c
0i
#60288657125
0t
0s
0r
1y
0c
0i
#60288657564
1t
0s
0r
1y
0c
0i
#60288658273
0t
0s
0r
1y
0c
0i
#60288658711
1t
0s
0r
1y
0c
0i
#60288659422
0t
0s
0r
1y
0c
0i
#60288659859
1t
0s
0r
1y
0c
0i
#60288660565
0t
0s
0r
1y
0c
0i
#60288661005
1t
0s
0r
1y
0c
0i
#60288661712
0t
0s
0r
1y
0c
0i
#60288662150
1t
0s
0r
1y
0c
0i
#60288662861
0t
0s
0r
1y
0c
0i
#60288663297
1t
0s
0r
1y
0c
0i
#60288664004
0t
0s
0r
1y
0c
0i
#60288664441
1t
0s
0r
1y
0c
0i
#60288665151
0t
0s
0r
1y
0c
0i
#60288665586
1t
0s
0r
1y
0c
0i
#60288666299
0t
0s
0r
1y
0c
0i
#60288666733
1t
0s
0r
1y
0c
0i
#60288667441
0t
0s
0r
1y
0c
0i
#60288667878
1t
0s
0r
1y
0c
0i
#60288668587
0t
0s
0r
1y
0c
0i
#60288669024
1t
0s
0r
1y
0c
0i
#60288669737
0t
0s
0r
1y
0c
0i
#60288670172
1t
0s
0r
1y
0c
0i
#60288670882
0t
0s
0r
1y
0c
0i
#60288671319
1t
0s
0r
1y
0c
0i
#60288672028
0t
0s
0r
1y
0c
0i
#60288672468
1t
0s
0r
1y
0c
0i
#60288673180
0t
0s
0r
1y
0c
0i
#60288673617
1t
0s
0r
1y
0c
0i
#60288674324
0t
0s
0r
1y
0c
0i
#60288674764
1t
0s
0r
1y
0c
0i
#60288675474
0t
0s
0r
1y
0c
0i
#60288675912
1t
0s
0r
1y
0c
0i
#60288676624
0t
0s
0r
1y
0c
0i
#60288677061
1t
0s
0r
1y
0c
0i
#60288677768
0t
0s
0r
1y
0c
0i
#60288678209
1t
0s
0r
1y
0c
0i
#60288678916
0t
0s
0r
1y
0c
0i
#60288679356
1t
0s
0r
1y
0c
0i
#60288680067
0t
0s
0r
1y
0c
0i
#60288680506
1t
0s
0r
1y
0c
0i
#60288681212
0t
0s
0r
1y
0c
0i
#60288681653
1t
0s
0r
1y
0c
0i
#60288682361
0t
0s
0r
1y
0c
0i
#60288682801
1t
0s
0r
1y
0c
0i
#60288683512
0t
0s
0r
1y
0c
0i
#60288683954
1t
0s
0r
1y
0c
0i
#60288684661
0t
0s
0r
1y
1c
0i
#60288685104
1t
0s
0r
1y
1c
0i
#60288685815
0t
0s
0r
1y
1c
0i
#60288686257
1t
0s
0r
1y
1c
0i
#60288686973
0t
0s
0r
1y
1c
0i
#60288687414
1t
0s
0r
1y
1c
1i
#60288688128
0t
0s
0r
1y
1c
1i
#60288688571
1t
0s
0r
1y
1c
1i
#60288689288
0t
0s
0r
1y
1c
1i
#60288689731
1t
0s
0r
1y
1c
1i
#60288690451
0t
0s
0r
1y
1c
0i
#60288690893
1t
0s
0r
1y
1c
0i
#60288691608
0t
0s
0r
1y
1c
0i
#60288692052
1t
0s
0r
1y
1c
0i
#60288692767
0t
0s
0r
1y
1c
0i
#60288693210
1t
0s
0r
1y
1c
0i
#60288693926
0t
0s
0r
1y
1c
0i
#60288694367
1t
0s
0r
1y
1c
0i
#60288695076
0t
0s
0r
1y
1c
0i
#60288695520
1t
0s
0r
1y
1c
0i
#60288696227
0t
0s
0r
1y
1c
0i
#60288696668
1t
0s
0r
1y
1c
0i
#60288697376
0t
0s
0r
1y
1c
0i
#60288697815
1t
0s
0r
1y
1c
0i
#60288698517
0t
0s
0r
1y
1c
0i
#60288698956
1t
0s
0r
1y
1c
0i
#60288699658
0t
0s
0r
1y
1c
0i
#60288700096
1t
0s
0r
1y
1c
0i
#60288700799
0t
0s
0r
1y
1c
0i
#60288701237
1t
0s
0r
1y
1c
0i
#60288701935
0t
0s
0r
1y
1c
0i
#60288702376
1t
0s
0r
1y
1c
0i
#60288703076
0t
0s
0r
1y
1c
0i
#60288703516
1t
0s
0r
1y
1c
0i
#60288704220
0t
0s
0r
1y
1c
0i
#60288704658
1t
0s
0r
1y
1c
0i
#60288706478
0t
0s
0r
1y
1c
0i
#60288707747
1t
0s
0r
1y
1c
0i
#60288708798
0t
0s
0r
1y
1c
0i
#60288709223
1t
0s
0r
1y
1c
0i
#60288709930
0t
0s
0r
1y
1c
0i
#60288710367
1t
0s
0r
1y
1c
0i
#60288711071
0t
0s
0r
1y
1c
0i
#60288711508
1t
0s
0r
1y
1c
0i
#60288712212
0t
0s
0r
1y
1c
0i
#60288712651
1t
0s
0r
1y
1c
0i
#60288713354
0t
0s
0r
1y
1c
0i
#60288713792
1t
0s
0r
1y
1c
0i
#60288714498
0t
0s
0r
1y
1c
0i
#60288714934
1t
0s
0r
1y
1c
0i
#60288715636
0t
0s
0r
1y
1c
0i
#60288716074
1t
0s
0r
1y
1c
0i
#60288716778
0t
0s
0r
1y
1c
0i
#60288717216
1t
0s
0r
1y
1c
0i
#60288717922
0t
0s
0r
1y
1c
0i
#60288718360
1t
0s
0r
1y
1c
0i
#60288719063
0t
0s
0r
1y
0c
0i
#60288719503
1t
0s
0r
1y
0c
0i
#60288720210
0t
0s
0r
1y
0c
0i
#60288720649
1t
0s
0r
1y
0c
0i
#60288721361
0t
0s
0r
1y
0c
0i
#60288721799
1t
0s
0r
1y
0c
1i
#60288722508
0t
0s
0r
1y
0c
1i
#60288722949
1t
0s
0r
1y
0c
1i
#60288723659
0t
0s
0r
1y
0c
1i
#60288724101
1t
0s
0r
1y
0c
1i
#60288724816
0t
0s
0r
1y
0c
0i
#60288725256
1t
0s
0r
1y
0c
0i
#60288725966
0t
0s
0r
1y
0c
0i
#60288726407
1t
0s
0r
1y
0c
0i
#60288727119
0t
0s
0r
1y
0c
0i
#60288727558
1t
0s
0r
1y
0c
0i
#60288728272
0t
0s
0r
1y
0c
0i
#60288728710
1t
0s
0r
1y
0c
0i
#60288729418
0t
0s
0r
1y
0c
0i
#60288729859
1t
0s
0r
1y
0c
0i
#60288730566
0t
0s
0r
1y
0c
0i
#60288731004
1t
0s
0r
1y
0c
0i
#60288731713
0t
0s
0r
1y
0c
0i
#60288732149
1t
0s
0r
1y
0c
0i
#60288732854
0t
0s
0r
1y
0c
0i
#60288733290
1t
0s
0r
1y
0c
0i
#60288733996
0t
0s
0r
1y
0c
0i
#60288734430
1t
0s
0r
1y
0c
0i
#60288735138
0t
0s
0r
1y
0c
0i
#60288735570
1t
0s
0r
1y
0c
0i
#60288736271
0t
0s
0r
1y
0c
0i
#60288736707
1t
0s
0r
1y
0c
0i
#60288737409
0t
0s
0r
1y
0c
0i
#60288737844
1t
0s
0r
1y
0c
0i
#60288738550
0t
0s
0r
1y
0c
0i
#60288738983
1t
0s
0r
1y
0c
0i
#60288739686
0t
0s
0r
1y
0c
0i
#60288740121
1t
0s
0r
1y
0c
0i
#60288740823
0t
0s
0r
1y
0c
0i
#60288741260
1t
0s
0r
1y
0c
0i
#60288741964
0t
0s
0r
1y
0c
0i
#60288742399
1t
0s
0r
1y
0c
0i
#60288743100
0t
0s
0r
1y
0c
0i
#60288743536
1t
0s
0r
1y
0c
0i
#60288744239
0t
0s
0r
1y
0c
0i
#60288744675
1t
0s
0r
1y
0c
0i
#60288745380
0t
0s
0r
1y
0c
0i
#60288745814
1t
0s
0r
1y
0c
0i
#60288746515
0t
0s
0r
1y
0c
0i
#60288746952
1t
0s
0r
1y
0c
0i
#60288747653
0t
0s
0r
1y
0c
0i
#60288748090
1t
0s
0r
1y
0c
0i
#60288748794
0t
0s
0r
1y
0c
0i
#60288749230
1t
0s
0r
1y
0c
0i
#60288749930
0t
0s
0r
1y
0c
0i
#60288750367
1t
0s
0r
1y
0c
0i
#60288751069
0t
0s
0r
1y
0c
0i
#60288751506
1t
0s
0r
1y
0c
0i
#60288752211
0t
0s
0r
1y
0c
0i
#60288752648
1t
0s
0r
1y
0c
0i
#60288753348
0t
0s
0r
1y
1c
0i
#60288753788
1t
0s
0r
1y
1c
0i
#60288754493
0t
0s
0r
1y
1c
0i
#60288754931
1t
0s
0r
1y
1c
0i
#60288755641
0t
0s
0r
1y
1c
0i
#60288756079
1t
0s
0r
1y
1c
1i
#60288756786
0t
0s
0r
1y
1c
1i
#60288757226
1t
0s
0r
1y
1c
1i
#60288757936
0t
0s
0r
1y
1c
1i
#60288758376
1t
0s
0r
1y
1c
1i
#60288759090
0t
0s
0r
1y
1c
0i
#60288759529
1t
0s
0r
1y
1c
0i
#60288760237
0t
0s
0r
1y
1c
0i
#60288760678
1t
0s
0r
1y
1c
0i
#60288761387
0t
0s
0r
1y
1c
0i
#60288761827
1t
0s
0r
1y
1c
0i
#60288762537
0t
0s
0r
1y
1c
0i
#60288762976
1t
0s
0r
1y
1c
0i
#60288763680
0t
0s
0r
1y
1c
0i
#60288764121
1t
0s
0r
1y
1c
0i
#60288764825
0t
0s
0r
1y
1c
0i
#60288765264
1t
0s
0r
1y
1c
0i
#60288765970
0t
0s
0r
1y
1c
0i
#60288766407
1t
0s
0r
1y
1c
0i
#60288767107
0t
0s
0r
1y
1c
0i
#60288767545
1t
0s
0r
1y
1c
0i
#60288768245
0t
0s
0r
1y
1c
0i
#60288768683
1t
0s
0r
1y
1c
0i
#60288769385
0t
0s
0r
1y
1c
0i
#60288769822
1t
0s
0r
1y
1c
0i
#60288770520
0t
0s
0r
1y
1c
0i
#60288770959
1t
0s
0r
1y
1c
0i
#60288771657
0t
0s
0r
1y
1c
0i
#60288772095
1t
0s
0r
1y
1c
0i
#60288772798
0t
0s
0r
1y
1c
0i
#60288773234
1t
0s
0r
1y
1c
0i
#60288775049
0t
0s
0r
1y
1c
0i
#60288776314
1t
0s
0r
1y
1c
0i
#60288777361
0t
0s
0r
1y
1c
0i
#60288777785
1t
0s
0r
1y
1c
0i
#60288778491
0t
0s
0r
1y
1c
0i
#60288778926
1t
0s
0r
1y
1c
0i
#60288779628
0t
0s
0r
1y
1c
0i
#60288780065
1t
0s
0r
1y
1c
0i
#60288780766
0t
0s
0r
1y
1c
0i
#60288781204
1t
0s
0r
1y
1c
0i
#60288781906
0t
0s
0r
1y
1c
0i
#60288782342
1t
0s
0r
1y
1c
0i
#60288783047
0t
0s
0r
1y
1c
0i
#60288783482
1t
0s
0r
1y
1c
0i
#60288784182
0t
0s
0r
1y
1c
0i
#60288784619
1t
0s
0r
1y
1c
0i
#60288785321
0t
0s
0r
1y
1c
0i
#60288785757
1t
0s
0r
1y
1c
0i
#60288786463
0t
0s
0r
1y
0c
0i
#60288786899
1t
0s
0r
1y
0c
0i
#60288787601
0t
0s
0r
1y
0c
0i
#60288788040
1t
0s
0r
1y
0c
0i
#60288788744
0t
0s
0r
1y
0c
0i
#60288789183
1t
0s
0r
1y
0c
0i
#60288789892
0t
0s
0r
1y
0c
0i
#60288790329
1t
0s
0r
1y
0c
1i
#60288791036
0t
0s
0r
1y
0c
1i
#60288791476
1t
0s
0r
1y
0c
1i
#60288792185
0t
0s
0r
1y
0c
1i
#60288792626
1t
0s
0r
1y
0c
1i
#60288792727
1t
0s
1r
1y
0c
0i
#60288792729
1t
0s
0r
1y
0c
0i
#60288793339
0t
0s
0r
1y
0c
0i
#60288793778
1t
0s
0r
1y
0c
0i
#60288794487
0t
0s
0r
1y
0c
0i
#60288794927
1t
0s
0r
1y
0c
0i
#60288795636
0t
0s
0r
1y
0c
0i
#60288796075
1t
0s
0r
1y
0c
0i
#60288796787
0t
0s
0r
1y
0c
0i
#60288797223
1t
0s
0r
1y
0c
0i
#60288797928
0t
0s
0r
1y
0c
0i
#60288798366
1t
0s
0r
1y
0c
0i
#60288799070
0t
0s
0r
1y
0c
0i
#60288799506
1t
0s
0r
1y
0c
0i
#60288800211
0t
0s
0r
1y
0c
0i
#60288800644
1t
0s
0r
1y
0c
0i
#60288801344
0t
0s
0r
1y
0c
0i
#60288801777
1t
0s
0r
1y
0c
0i
#60288802477
0t
0s
0r
1y
0c
0i
#60288802909
1t
0s
0r
1y
0c
0i
#60288803611
0t
0s
0r
1y
0c
0i
#60288804041
1t
0s
0r
1y
0c
0i
#60288804739
0t
0s
0r
1y
0c
0i
#60288805171
1t
0s
0r
1y
0c
0i
#60288805870
0t
0s
0r
1y
0c
0i
#60288806302
1t
0s
0r
1y
0c
0i
#60288807005
0t
0s
0r
1y
0c
0i
#60288807435
1t
0s
0r
1y
0c
0i
#60288808135
0t
0s
0r
1y
0c
0i
#60288808568
1t
0s
0r
1y
0c
0i
#60288809268
0t
0s
0r
1y
0c
0i
#60288809703
1t
0s
0r
1y
0c
0i
#60288810406
0t
0s
0r
1y
0c
0i
#60288810839
1t
0s
0r
1y
0c
0i
#60288811537
0t
0s
0r
1y
0c
0i
#60288811972
1t
0s
0r
1y
0c
0i
#60288812673
0t
0s
0r
1y
0c
0i
#60288813107
1t
0s
0r
1y
0c
0i
#60288813811
0t
0s
0r
1y
0c
0i
#60288814244
1t
0s
0r
1y
0c
0i
#60288814943
0t
0s
0r
1y
0c
0i
#60288815379
1t
0s
0r
1y
0c
0i
#60288816078
0t
0s
0r
1y
0c
0i
#60288816514
1t
0s
0r
1y
0c
0i
#60288817216
0t
0s
0r
1y
0c
0i
#60288817650
1t
0s
0r
1y
0c
0i
#60288818349
0t
0s
0r
1y
0c
0i
#60288818785
1t
0s
0r
1y
0c
0i
#60288819485
0t
0s
0r
1y
0c
0i
#60288819921
1t
0s
0r
1y
0c
0i
#60288820624
0t
0s
0r
1y
0c
0i
#60288821061
1t
0s
0r
1y
0c
0i
#60288821760
0t
0s
0r
1y
1c
0i
#60288822198
1t
0s
0r
1y
1c
0i
#60288822901
0t
0s
0r
1y
1c
0i
#60288823338
1t
0s
0r
1y
1c
0i
#60288824046
0t
0s
0r
1y
1c
0i
#60288824483
1t
0s
0r
1y
1c
1i
#60288825188
0t
0s
0r
1y
1c
1i
#60288825627
1t
0s
0r
1y
1c
1i
#60288826334
0t
0s
0r
1y
1c
1i
#60288826774
1t
0s
0r
1y
1c
1i
#60288827485
0t
0s
0r
1y
1c
0i
#60288827922
1t
0s
0r
1y
1c
0i
#60288828628
0t
0s
0r
1y
1c
0i
#60288829068
1t
0s
0r
1y
1c
0i
#60288829774
0t
0s
0r
1y
1c
0i
#60288830213
1t
0s
0r
1y
1c
0i
#60288830922
0t
0s
0r
1y
1c
0i
#60288831358
1t
0s
0r
1y
1c
0i
#60288832060
0t
0s
0r
1y
1c
0i
#60288832500
1t
0s
0r
1y
1c
0i
#60288833201
0t
0s
0r
1y
1c
0i
#60288833639
1t
0s
0r
1y
1c
0i
#60288834342
0t
0s
0r
1y
1c
0i
#60288834778
1t
0s
0r
1y
1c
0i
#60288835475
0t
0s
0r
1y
1c
0i
#60288835912
1t
0s
0r
1y
1c
0i
#60288836609
0t
0s
0r
1y
1c
0i
#60288837046
1t
0s
0r
1y
1c
0i
#60288837744
0t
0s
0r
1y
1c
0i
#60288838180
1t
0s
0r
1y
1c
0i
#60288838874
0t
0s
0r
1y
1c
0i
#60288839312
1t
0s
0r
1y
1c
0i
#60288840007
0t
0s
0r
1y
1c
0i
#60288840444
1t
0s
0r
1y
1c
0i
#60288841143
0t
0s
0r
1y
1c
0i
#60288841578
1t
0s
0r
1y
1c
0i
#60288843384
0t
0s
0r
1y
1c
0i
#60288844645
1t
0s
0r
1y
1c
0i
#60288845687
0t
0s
0r
1y
1c
0i
#60288846109
1t
0s
0r
1y
1c
0i
#60288846810
0t
0s
0r
1y
1c
0i
#60288847244
1t
0s
0r
1y
1c
0i
#60288847943
0t
0s
0r
1y
1c
0i
#60288848378
1t
0s
0r
1y
1c
0i
#60288849076
0t
0s
0r
1y
1c
0i
#60288849512
1t
0s
0r
1y
1c
0i
#60288850211
0t
0s
0r
1y
1c
0i
#60288850645
1t
0s
0r
1y
1c
0i
#60288851346
0t
0s
0r
1y
1c
0i
#60288851779
1t
0s
0r
1y
1c
0i
#60288852476
0t
0s
0r
1y
1c
0i
#60288852911
1t
0s
0r
1y
1c
0i
#60288853610
0t
0s
0r
1y
1c
0i
#60288854045
1t
0s
0r
1y
1c
0i
#60288854746
0t
0s
0r
1y
1c
0i
#60288855181
1t
0s
0r
1y
1c
0i
#60288855879
0t
0s
0r
1y
0c
0i
#60288856316
1t
0s
0r
1y
0c
0i
#60288857017
0t
0s
0r
1y
0c
0i
#60288857453
1t
0s
0r
1y
0c
0i
#60288858159
0t
0s
0r
1y
0c
0i
#60288858594
1t
0s
0r
1y
0c
1i
#60288859297
0t
0s
0r
1y
0c
1i
#60288859735
1t
0s
0r
1y
0c
1i
#60288860440
0t
0s
0r
1y
0c
1i
#60288860878
1t
0s
0r
1y
0c
1i
#60288861586
0t
0s
0r
1y
0c
0i
#60288862023
1t
0s
0r
1y
0c
0i
#60288862727
0t
0s
0r
1y
0c
0i
#60288863165
1t
0s
0r
1y
0c
0i
#60288863871
0t
0s
0r
1y
0c
0i
#60288864307
1t
0s
0r
1y
0c
0i
#60288865015
0t
0s
0r
1y
0c
0i
#60288865449
1t
0s
0r
1y
0c
0i
#60288866150
0t
0s
0r
1y
0c
0i
#60288866588
1t
0s
0r
1y
0c
0i
#60288867288
0t
0s
0r
1y
0c
0i
#60288867724
1t
0s
0r
1y
0c
0i
#60288868427
0t
0s
0r
1y
0c
0i
#60288868859
1t
0s
0r
1y
0c
0i
#60288869556
0t
0s
0r
1y
0c
0i
#60288869989
1t
0s
0r
1y
0c
0i
#60288870687
0t
0s
0r
1y
0c
0i
#60288871118
1t
0s
0r
1y
0c
0i
#60288871819
0t
0s
0r
1y
0c
0i
#60288872248
1t
0s
0r
1y
0c
0i
#60288872942
0t
0s
0r
1y
0c
0i
#60288873374
1t
0s
0r
1y
0c
0i
#60288874070
0t
0s
0r
1y
0c
0i
#60288874501
1t
0s
0r
1y
0c
0i
#60288875200
0t
0s
0r
1y
0c
0i
#60288875629
1t
0s
0r
1y
0c
0i
#60288876325
0t
0s
0r
1y
0c
0i
#60288876757
1t
0s
0r
1y
0c
0i
#60288877453
0t
0s
0r
1y
0c
0i
#60288877887
1t
0s
0r
1y
0c
0i
#60288878585
0t
0s
0r
1y
0c
0i
#60288879017
1t
0s
0r
1y
0c
0i
#60288879711
0t
0s
0r
1y
0c
0i
#60288880144
1t
0s
0r
1y
0c
0i
#60289025549
0t
0s
0r
1y
1c
0i
#60289025985
1t
0s
0r
1y
1c
0i
#60289026682
0t
0s
0r
1y
1c
0i
#60289027117
1t
0s
0r
1y
1c
0i
#60289027819
0t
0s
0r
1y
1c
0i
#60289028253
1t
0s
0r
1y
1c
1i
#60289028952
0t
0s
0r
1y
1c
1i
#60289029389
1t
0s
0r
1y
1c
1i
#60289030091
0t
0s
0r
1y
1c
1i
#60289030527
1t
0s
0r
1y
1c
1i
#60289031233
0t
0s
0r
1y
1c
0i
#60289031668
1t
0s
0r
1y
1c
0i
#60289032368
0t
0s
0r
1y
1c
0i
#60289032805
1t
0s
0r
1y
1c
0i
#60289033506
0t
0s
0r
1y
1c
0i
#60289033943
1t
0s
0r
1y
1c
0i
#60289034646
0t
0s
0r
1y
1c
0i
#60289035080
1t
0s
0r
1y
1c
0i
#60289035777
0t
0s
0r
1y
1c
0i
#60289036214
1t
0s
0r
1y
1c
0i
#60289036910
0t
0s
0r
1y
1c
0i
#60289037346
1t
0s
0r
1y
1c
0i
#60289038044
0t
0s
0r
1y
1c
0i
#60289038478
1t
0s
0r
1y
1c
0i
#60289039170
0t
0s
0r
1y
1c
0i
#60289039605
1t
0s
0r
1y
1c
0i
#60289040297
0t
0s
0r
1y
1c
0i
#60289040731
1t
0s
0r
1y
1c
0i
#60289041425
0t
0s
0r
1y
1c
0i
#60289041859
1t
0s
0r
1y
1c
0i
#60289042548
0t
0s
0r
1y
1c
0i
#60289042983
1t
0s
0r
1y
1c
0i
#60289043674
0t
0s
0r
1y
1c
0i
#60289044108
1t
0s
0r
1y
1c
0i
#60289044803
0t
0s
0r
1y
1c
0i
#60289045235
1t
0s
0r
1y
1c
0i
#60289047031
0t
0s
0r
1y
1c
0i
#60289048284
1t
0s
0r
1y
1c
0i
#60289049321
0t
0s
0r
1y
1c
0i
#60289049741
1t
0s
0r
1y
1c
0i
#60289050438
0t
0s
0r
1y
1c
0i
#60289050870
1t
0s
0r
1y
1c
0i
#60289051564
0t
0s
0r
1y
1c
0i
#60289051997
1t
0s
0r
1y
1c
0i
#60289052691
0t
0s
0r
1y
1c
0i
#60289053125
1t
0s
0r
1y
1c
0i
#60289053819
0t
0s
0r
1y
1c
0i
#60289054251
1t
0s
0r
1y
1c
0i
#60289054948
0t
0s
0r
1y
1c
0i
#60289055380
1t
0s
0r
1y
1c
0i
#60289056072
0t
0s
0r
1y
1c
0i
#60289056505
1t
0s
0r
1y
1c
0i
#60289057200
0t
0s
0r
1y
1c
0i
#60289057632
1t
0s
0r
1y
1c
0i
#60289058329
0t
0s
0r
1y
1c
0i
#60289058763
1t
0s
0r
1y
1c
0i
#60289059455
0t
0s
0r
1y
0c
0i
#60289059891
1t
0s
0r
1y
0c
0i
#60289060587
0t
0s
0r
1y
0c
0i
#60289061021
1t
0s
0r
1y
0c
0i
#60289061723
0t
0s
0r
1y
0c
0i
#60289062155
1t
0s
0r
1y
0c
1i
#60289062854
0t
0s
0r
1y
0c
1i
#60289063289
1t
0s
0r
1y
0c
1i
#60289063990
0t
0s
0r
1y
0c
1i
#60289064426
1t
0s
0r
1y
0c
1i
#60289064499
1t
0s
1r
1y
0c
1i
#60289064502
1t
0s
0r
1y
0c
1i
#60289065130
0t
0s
0r
1y
0c
0i
#60289065564
1t
0s
0r
1y
0c
0i
#60289066264
0t
0s
0r
1y
0c
0i
#60289066699
1t
0s
0r
1y
0c
0i
#60289067400
0t
0s
0r
1y
0c
0i
#60289067834
1t
0s
0r
1y
0c
0i
#60289068537
0t
0s
0r
1y
0c
0i
#60289068969
1t
0s
0r
1y
0c
0i
#60289069666
0t
0s
0r
1y
0c
0i
#60289070102
1t
0s
0r
1y
0c
0i
#60289070799
0t
0s
0r
1y
0c
0i
#60289071232
1t
0s
0r
1y
0c
0i
#60289071931
0t
0s
0r
1y
0c
0i
#60289072361
1t
0s
0r
1y
0c
0i
#60289073056
0t
0s
0r
1y
0c
0i
#60289073488
1t
0s
0r
1y
0c
0i
#60289074183
0t
0s
0r
1y
0c
0i
#60289074613
1t
0s
0r
1y
0c
0i
#60289075312
0t
0s
0r
1y
0c
0i
#60289075739
1t
0s
0r
1y
0c
0i
#60289076433
0t
0s
0r
1y
0c
0i
#60289076864
1t
0s
0r
1y
0c
0i
#60289077559
0t
0s
0r
1y
0c
0i
#60289077989
1t
0s
0r
1y
0c
0i
#60289078688
0t
0s
0r
1y
0c
0i
#64583992845
0t
0s
0r
1y
1c
0i
#64583993281
1t
0s
0r
1y
1c
0i
#64583993978
0t
0s
0r
1y
1c
0i
#64583994413
1t
0s
0r
1y
1c
0i
#64583995115
0t
0s
0r
1y
1c
0i
#64583995549
1t
0s
0r
1y
1c
1i
#64583996248
0t
0s
0r
1y
1c
1i
#64583996685
1t
0s
0r
1y
1c
1i
#64583997387
0t
0s
0r
1y
1c
1i
#64583997823
1t
0s
0r
1y
1c
1i
#64583998529
0t
0s
0r
1y
1c
0i
#64583998964
1t
0s
0r
1y
1c
0i
#64583999664
0t
0s
0r
1y
1c
0i
#64584000101
1t
0s
0r
1y
1c
0i
#64584000802
0t
0s
0r
1y
1c
0i
#64584001239
1t
0s
0r
1y
1c
0i
#64584001942
0t
0s
0r
1y
1c
0i
#64584002376
1t
0s
0r
1y
1c
0i
#64584003073
0t
0s
0r
1y
1c
0i
#64584003510
1t
0s
0r
1y
1c
0i
#64584004206
0t
0s
0r
1y
1c
0i
#64584004642
1t
0s
0r
1y
1c
0i
#64584005340
0t
0s
0r
1y
1c
0i
#64584005774
1t
0s
0r
1y
1c
0i
#64584006466
0t
0s
0r
1y
1c
0i
#64584006901
1t
0s
0r
1y
1c
0i
#64584007593
0t
0s
0r
1y
1c
0i
#64584008027
1t
0s
0r
1y
1c
0i
#64584008721
0t
0s
0r
1y
1c
0i
#64584009155
1t
0s
0r
1y
1c
0i
#64584009844
0t
0s
0r
1y
1c
0i
#64584010279
1t
0s
0r
1y
1c
0i
#64584010970
0t
0s
0r
1y
1c
0i
#64584011404
1t
0s
0r
1y
1c
0i
#64584012099
0t
0s
0r
1y
1c
0i
#64584012531
1t
0s
0r
1y
1c
0i
#64584014327
0t
0s
0r
1y
1c
0i
#64584015580
1t
0s
0r
1y
1c
0i
#64584016617
0t
0s
0r
1y
1c
0i
#64584017037
1t
0s
0r
1y
1c
0i
#64584017734
0t
0s
0r
1y
1c
0i
#64584018166
1t
0s
0r
1y
1c
0i
#64584018860
0t
0s
0r
1y
1c
0i
#64584019293
1t
0s
0r
1y
1c
0i
#64584019987
0t
0s
0r
1y
1c
0i
#64584020421
1t
0s
0r
1y
1c
0i
#64584021115
0t
0s
0r
1y
1c
0i
#64584021547
1t
0s
0r
1y
1c
0i
#64584022244
0t
0s
0r
1y
1c
0i
#64584022676
1t
0s
0r
1y
1c
0i
#64584023368
0t
0s
0r
1y
1c
0i
#64584023801
1t
0s
0r
1y
1c
0i
#64584024496
0t
0s
0r
1y
1c
0i
#64584024928
1t
0s
0r
1y
1c
0i
#64584025625
0t
0s
0r
1y
1c
0i
#64584026059
1t
0s
0r
1y
1c
0i
#64584026751
0t
0s
0r
1y
0c
0i
#64584027187
1t
0s
0r
1y
0c
0i
#64584027883
0t
0s
0r
1y
0c
0i
#64584028317
1t
0s
0r
1y
0c
0i
#64584029019
0t
0s
0r
1y
0c
0i
#64584029451
1t
0s
0r
1y
0c
1i
#64584030150
0t
0s
0r
1y
0c
1i
#64584030585
1t
0s
0r
1y
0c
1i
#64584031286
0t
0s
0r
1y
0c
1i
#64584031722
1t
0s
0r
1y
0c
1i
#64584031795
1t
0s
1r
1y
0c
1i
#64584031798
1t
0s
0r
1y
0c
1i
#64584032426
0t
0s
0r
1y
0c
0i
#64584032860
1t
0s
0r
1y
0c
0i
#64584033560
0t
0s
0r
1y
0c
0i
#64584033995
1t
0s
0r
1y
0c
0i
#64584034696
0t
0s
0r
1y
0c
0i
#64584035130
1t
0s
0r
1y
0c
0i
#64584035833
0t
0s
0r
1y
0c
0i
#64584036265
1t
0s
0r
1y
0c
0i
#64584036962
0t
0s
0r
1y
0c
0i
#64584037398
1t
0s
0r
1y
0c
0i
#64584038095
0t
0s
0r
1y
0c
0i
#64584038528
1t
0s
0r
1y
0c
0i
#64584039227
0t
0s
0r
1y
0c
0i
#64584039657
1t
0s
0r
1y
0c
0i
#64584040352
0t
0s
0r
1y
0c
0i
#64584040784
1t
0s
0r
1y
0c
0i
#64584041479
0t
0s
0r
1y
0c
0i
#64584041909
1t
0s
0r
1y
0c
0i
#64584042608
0t
0s
0r
1y
0c
0i
#64584043035
1t
0s
0r
1y
0c
0i
#64584043729
0t
0s
0r
1y
0c
0i
#64584044160
1t
0s
0r
1y
0c
0i
#64584044855
0t
0s
0r
1y
0c
0i
#64584045285
1t
0s
0r
1y
0c
0i
#64584045984
0t
0s
0r
1y
0c
0i
#64584046412
1t
0s
0r
1y
0c
0i
#64584047107
0t
0s
0r
1y
0c
0i
#64584047539
1t
0s
0r
1y
0c
0i
#64584048234
0t
0s
0r
1y
0c
0i
#64584048667
1t
0s
0r
1y
0c
0i
#64584049365
0t
0s
0r
1y
0c
0i
#64584049796
1t
0s
0r
1y
0c
0i
#64584050489
0t
0s
0r
1y
0c
0i
#64584050922
1t
0s
0r
1y
0c
0i
#64584051618
0t
0s
0r
1y
0c
0i
#64584052050
1t
0s
0r
1y
0c
0i
#64584052748
0t
0s
0r
1y
0c
0i
#64584053179
1t
0s
0r
1y
0c
0i
#64584053873
0t
0s
0r
1y
0c
0i
#64584054306
1t
0s
0r
1y
0c
0i
#64584055001
0t
0s
0r
1y
0c
0i
#64584055434
1t
0s
0r
1y
0c
0i
#64584056131
0t
0s
0r
1y
0c
0i
#64584056563
1t
0s
0r
1y
0c
0i
#64584057256
0t
0s
0r
1y
0c
0i
#64584057690
1t
0s
0r
1y
0c
0i
#64584058385
0t
0s
0r
1y
0c
0i
#64584058819
1t
0s
0r
1y
0c
0i
#64584059516
0t
0s
0r
1y
0c
0i
#64584059951
1t
0s
0r
1y
0c
0i
#64584060644
0t
0s
0r
1y
1c
0i
#64584061081
1t
0s
0r
1y
1c
0i
#64584061778
0t
0s
0r
1y
1c
0i
#64584062213
1t
0s
0r
1y
1c
0i
#64584062916
0t
0s
0r
1y
1c
0i
#64584063350
1t
0s
0r
1y
1c
1i
#64584064049
0t
0s
0r
1y
1c
1i
#64584064486
1t
0s
0r
1y
1c
1i
#64584065188
0t
0s
0r
1y
1c
1i
#64584065625
1t
0s
0r
1y
1c
1i
#64584066330
0t
0s
0r
1y
1c
0i
#64584066765
1t
0s
0r
1y
1c
0i
#64584067466
0t
0s
0r
1y
1c
0i
#64584067903
1t
0s
0r
1y
1c
0i
#64584068604
0t
0s
0r
1y
1c
0i
#64584069040
1t
0s
0r
1y
1c
0i
#64584069744
0t
0s
0r
1y
1c
0i
#64584070179
1t
0s
0r
1y
1c
0i
#64584070876
0t
0s
0r
1y
1c
0i
#64584071315
1t
0s
0r
1y
1c
0i
#64584072013
0t
0s
0r
1y
1c
0i
#64584072450
1t
0s
0r
1y
1c
0i
#64584073151
0t
0s
0r
1y
1c
0i
#64584073586
1t
0s
0r
1y
1c
0i
#64584074282
0t
0s
0r
1y
1c
0i
#64584074719
1t
0s
0r
1y
1c
0i
#64584075416
0t
0s
0r
1y
1c
0i
#64584075852
1t
0s
0r
1y
1c
0i
#64584076552
0t
0s
0r
1y
1c
0i
#64584076988
1t
0s
0r
1y
1c
0i
#64584077683
0t
0s
0r
1y
1c
0i
#64584078121
1t
0s
0r
1y
1c
0i
#64584078818
0t
0s
0r
1y
1c
0i
#64584079255
1t
0s
0r
1y
1c
0i
#64584079955
0t
0s
0r
1y
1c
0i
#64584080390
1t
0s
0r
1y
1c
0i
#64584082199
0t
0s
0r
1y
1c
0i
#64584083461
1t
0s
0r
1y
1c
0i
#64584084504
0t
0s
0r
1y
1c
0i
#64584084927
1t
0s
0r
1y
1c
0i
#64584085630
0t
0s
0r
1y
1c
0i
#64584086064
1t
0s
0r
1y
1c
0i
#64584086764
0t
0s
0r
1y
1c
0i
#64584087199
1t
0s
0r
1y
1c
0i
#64584087899
0t
0s
0r
1y
1c
0i
#64584088335
1t
0s
0r
1y
1c
0i
#64584089034
0t
0s
0r
1y
1c
0i
#64584089469
1t
0s
0r
1y
1c
0i
#64584090171
0t
0s
0r
1y
1c
0i
#64584090606
1t
0s
0r
1y
1c
0i
#64584091303
0t
0s
0r
1y
1c
0i
#64584091739
1t
0s
0r
1y
1c
0i
#64584092438
0t
0s
0r
1y
1c
0i
#64584092874
1t
0s
0r
1y
1c
0i
#64584093575
0t
0s
0r
1y
1c
0i
#64584094012
1t
0s
0r
1y
1c
0i
#64584094710
0t
0s
0r
1y
0c
0i
#64584095148
1t
0s
0r
1y
0c
0i
#64584095850
0t
0s
0r
1y
0c
0i
#64584096287
1t
0s
0r
1y
0c
0i
#64584096993
0t
0s
0r
1y
0c
0i
#64584097429
1t
0s
0r
1y
0c
1i
#64584098133
0t
0s
0r
1y
0c
1i
#64584098571
1t
0s
0r
1y
0c
1i
#64584099278
0t
0s
0r
1y
0c
1i
#64584099716
1t
0s
0r
1y
0c
1i
#64584100426
0t
0s
0r
1y
0c
0i
#64584100862
1t
0s
0r
1y
0c
0i
#64584101568
0t
0s
0r
1y
0c
0i
#64584102006
1t
0s
0r
1y
0c
0i
#64584102711
0t
0s
0r
1y
0c
0i
#64584103149
1t
0s
0r
1y
0c
0i
#64584103857
0t
0s
0r
1y
0c
0i
#64584104292
1t
0s
0r
1y
0c
0i
#64584104994
0t
0s
0r
1y
0c
0i
#64584105432
1t
0s
0r
1y
0c
0i
#64584106133
0t
0s
0r
1y
0c
0i
#64584106569
1t
0s
0r
1y
0c
0i
#64584107272
0t
0s
0r
1y
0c
0i
#64584107705
1t
0s
0r
1y
0c
0i
#64584108404
0t
0s
0r
1y
0c
0i
#64584108838
1t
0s
0r
1y
0c
0i
#64584109537
0t
0s
0r
1y
0c
0i
#64584109969
1t
0s
0r
1y
0c
0i
#64584110672
0t
0s
0r
1y
0c
0i
#64584111102
1t
0s
0r
1y
0c
0i
#64584111799
0t
0s
0r
1y
0c
0i
#64584112231
1t
0s
0r
1y
0c
0i
#64584112930
0t
0s
0r
1y
0c
0i
#64584113362
1t
0s
0r
1y
0c
0i
#64584114064
0t
0s
0r
1y
0c
0i
#64584114495
1t
0s
0r
1y
0c
0i
#64584115193
0t
0s
0r
1y
0c
0i
#64584115626
1t
0s
0r
1y
0c
0i
#64584116324
0t
0s
0r
1y
0c
0i
#64584116759
1t
0s
0r
1y
0c
0i
#64584117460
0t
0s
0r
1y
0c
0i
#64584117892
1t
0s
0r
1y
0c
0i
#64584118589
0t
0s
0r
1y
0c
0i
#64584119023
1t
0s
0r
1y
0c
0i
#64584119722
0t
0s
0r
1y
0c
0i
#64584120156
1t
0s
0r
1y
0c
0i
#64584120857
0t
0s
0r
1y
0c
0i
#64584121289
1t
0s
0r
1y
0c
0i
#64584121986
0t
0s
0r
1y
0c
0i
#64584122421
1t
0s
0r
1y
0c
0i
#64584123118
0t
0s
0r
1y
0c
0i
#64584123553
1t
0s
0r
1y
0c
0i
#64584124253
0t
0s
0r
1y
0c
0i
#64584124686
1t
0s
0r
1y
0c
0i
#64584125381
0t
0s
0r
1y
0c
0i
#64584125817
1t
0s
0r
1y
0c
0i
#64584126514
0t
0s
0r
1y
0c
0i
#64584126949
1t
0s
0r
1y
0c
0i
#64584127650
0t
0s
0r
1y
0c
0i
#64584128085
1t
0s
0r
1y
0c
0i
#64584128781
0t
0s
0r
1y
1c
0i
#64584129218
1t
0s
0r
1y
1c
0i
#64584129918
0t
0s
0r
1y
1c
0i
#64584130354
1t
0s
0r
1y
1c
0i
#64584131058
0t
0s
0r
1y
1c
0i
#64584131494
1t
0s
0r
1y
1c
1i
#64584132196
0t
0s
0r
1y
1c
1i
#64584132634
1t
0s
0r
1y
1c
1i
#64584133338
0t
0s
0r
1y
1c
1i
#64584133776
1t
0s
0r
1y
1c
1i
#64584134484
0t
0s
0r
1y
1c
0i
#64584134921
1t
0s
0r
1y
1c
0i
#64584135624
0t
0s
0r
1y
1c
0i
#64584136063
1t
0s
0r
1y
1c
0i
#64584136767
0t
0s
0r
1y
1c
0i
#64584137205
1t
0s
0r
1y
1c
0i
#64584137912
0t
0s
0r
1y
1c
0i
#64584138348
1t
0s
0r
1y
1c
0i
#64584139049
0t
0s
0r
1y
1c
0i
#64584139489
1t
0s
0r
1y
1c
0i
#64584140189
0t
0s
0r
1y
1c
0i
#64584140628
1t
0s
0r
1y
1c
0i
#64584141332
0t
0s
0r
1y
1c
0i
#64584141768
1t
0s
0r
1y
1c
0i
#64584142466
0t
0s
0r
1y
1c
0i
#64584142904
1t
0s
0r
1y
1c
0i
#64584143603
0t
0s
0r
1y
1c
0i
#64584144040
1t
0s
0r
1y
1c
0i
#64584144741
0t
0s
0r
1y
1c
0i
#64584145178
1t
0s
0r
1y
1c
0i
#64584145874
0t
0s
0r
1y
1c
0i
#64584146313
1t
0s
0r
1y
1c
0i
#64584147010
0t
0s
0r
1y
1c
0i
#64584147448
1t
0s
0r
1y
1c
0i
#64584148149
0t
0s
0r
1y
1c
0i
#64584148585
1t
0s
0r
1y
1c
0i
#64584150396
0t
0s
0r
1y
1c
0i
#64584151657
1t
0s
0r
1y
1c
0i
#64584152703
0t
0s
0r
1y
1c
0i
#64584153126
1t
0s
0r
1y
1c
0i
#64584153828
0t
0s
0r
1y
1c
0i
#64584154263
1t
0s
0r
1y
1c
0i
#64584154964
0t
0s
0r
1y
1c
0i
#64584155399
1t
0s
0r
1y
1c
0i
#64584156100
0t
0s
0r
1y
1c
0i
#64584156536
1t
0s
0r
1y
1c
0i
#64584157236
0t
0s
0r
1y
1c
0i
#64584157671
1t
0s
0r
1y
1c
0i
#64584158374
0t
0s
0r
1y
1c
0i
#64584158808
1t
0s
0r
1y
1c
0i
#64584159507
0t
0s
0r
1y
1c
0i
#64584159942
1t
0s
0r
1y
1c
0i
#64584160642
0t
0s
0r
1y
1c
0i
#64584161077
1t
0s
0r
1y
1c
0i
#64584161781
0t
0s
0r
1y
1c
0i
#64584162217
1t
0s
0r
1y
1c
0i
#64584162915
0t
0s
0r
1y
0c
0i
#64584163354
1t
0s
0r
1y
0c
0i
#64584164056
0t
0s
0r
1y
0c
0i
#64584164493
1t
0s
0r
1y
0c
0i
#64584165201
0t
0s
0r
1y
0c
0i
#64584165637
1t
0s
0r
1y
0c
1i
#64584166342
0t
0s
0r
1y
0c
1i
#64584166780
1t
0s
0r
1y
0c
1i
#64584167487
0t
0s
0r
1y
0c
1i
#64584167920
0t
0s
1r
1y
0c
1i
#64584167923
0t
0s
0r
1y
0c
1i
#64584167926
1t
0s
0r
1y
0c
1i
#64584168637
0t
0s
0r
1y
0c
0i
#64584169075
1t
0s
0r
1y
0c
0i
#64584169781
0t
0s
0r
1y
0c
0i
#64584170220
1t
0s
0r
1y
0c
0i
#64584170927
0t
0s
0r
1y
0c
0i
#64584171364
1t
0s
0r
1y
0c
0i
#64584172074
0t
0s
0r
1y
0c
0i
#64584172509
1t
0s
0r
1y
0c
0i
#64584173212
0t
0s
0r
1y
0c
0i
#64584173650
1t
0s
0r
1y
0c
0i
#64584174354
0t
0s
0r
1y
0c
0i
#64584174789
1t
0s
0r
1y
0c
0i
#64584175494
0t
0s
0r
1y
0c
0i
#64584175927
1t
0s
0r
1y
0c
0i
#64584176628
0t
0s
0r
1y
0c
0i
#64584177062
1t
0s
0r
1y
0c
0i
#64584177764
0t
0s
0r
1y
0c
0i
#64584178195
1t
0s
0r
1y
0c
0i
#64584178899
0t
0s
0r
1y
0c
0i
#64584179330
1t
0s
0r
1y
0c
0i
#64584180029
0t
0s
0r
1y
0c
0i
#64584180462
1t
0s
0r
1y
0c
0i
#64584181162
0t
0s
0r
1y
0c
0i
#64584181594
1t
0s
0r
1y
0c
0i
#64584182298
0t
0s
0r
1y
0c
0i
#64584182729
1t
0s
0r
1y
0c
0i
#64584183430
0t
0s
0r
1y
0c
0i
#64584183863
1t
0s
0r
1y
0c
0i
#64584184563
0t
0s
0r
1y
0c
0i
#64584184998
1t
0s
0r
1y
0c
0i
#64584185701
0t
0s
0r
1y
0c
0i
#64584186134
1t
0s
0r
1y
0c
0i
#64584186832
0t
0s
0r
1y
0c
0i
#64584187267
1t
0s
0r
1y
0c
0i
#64584187968
0t
0s
0r
1y
0c
0i
#64584188402
1t
0s
0r
1y
0c
0i
#64584189105
0t
0s
0r
1y
0c
0i
#64584189539
1t
0s
0r
1y
0c
0i
#64584190237
0t
0s
0r
1y
0c
0i
#64584190673
1t
0s
0r
1y
0c
0i
#64584191372
0t
0s
0r
1y
0c
0i
#64584191808
1t
0s
0r
1y
0c
0i
#64584192510
0t
0s
0r
1y
0c
0i
#64584192944
1t
0s
0r
1y
0c
0i
#64584193643
0t
0s
0r
1y
0c
0i
#64584194078
1t
0s
0r
1y
0c
0i
#64584194779
0t
0s
0r
1y
0c
0i
#64584195215
1t
0s
0r
1y
0c
0i
#64584195917
0t
0s
0r
1y
0c
0i
#64584196354
1t
0s
0r
1y
0c
0i
#64584197053
0t
0s
0r
1y
1c
0i
#64584197492
1t
0s
0r
1y
1c
0i
#64584198195
0t
0s
0r
1y
1c
0i
#64584198633
1t
0s
0r
1y
1c
0i
#64584199341
0t
0s
0r
1y
1c
0i
#64584199778
1t
0s
0r
1y
1c
1i
#64584200483
0t
0s
0r
1y
1c
1i
#64584200923
1t
0s
0r
1y
1c
1i
#64584201631
0t
0s
0r
1y
1c
1i
#64584202071
1t
0s
0r
1y
1c
1i
#64584202782
0t
0s
0r
1y
1c
0i
#64584203221
1t
0s
0r
1y
1c
0i
#64584203928
0t
0s
0r
1y
1c
0i
#64584204368
1t
0s
0r
1y
1c
0i
#64584205076
0t
0s
0r
1y
1c
0i
#64584205515
1t
0s
0r
1y
1c
0i
#64584206224
0t
0s
0r
1y
1c
0i
#64584206662
1t
0s
0r
1y
1c
0i
#64584207364
0t
0s
0r
1y
1c
0i
#64584207805
1t
0s
0r
1y
1c
0i
#64584208507
0t
0s
0r
1y
1c
0i
#64584208945
1t
0s
0r
1y
1c
0i
#64584209647
0t
0s
0r
1y
1c
0i
#64584210084
1t
0s
0r
1y
1c
0i
#64584210780
0t
0s
0r
1y
1c
0i
#64584211217
1t
0s
0r
1y
1c
0i
#64584211913
0t
0s
0r
1y
1c
0i
#64584212349
1t
0s
0r
1y
1c
0i
#64584213046
0t
0s
0r
1y
1c
0i
#64584213482
1t
0s
0r
1y
1c
0i
#64584214175
0t
0s
0r
1y
1c
0i
#64584214612
1t
0s
0r
1y
1c
0i
#64584215306
0t
0s
0r
1y
1c
0i
#64584215742
1t
0s
0r
1y
1c
0i
#64584216440
0t
0s
0r
1y
1c
0i
#64584216875
1t
0s
0r
1y
1c
0i
#64584218679
0t
0s
0r
1y
1c
0i
#64584219938
1t
0s
0r
1y
1c
0i
#64584220980
0t
0s
0r
1y
1c
0i
#64584221402
1t
0s
0r
1y
1c
0i
#64584222102
0t
0s
0r
1y
1c
0i
#64584222536
1t
0s
0r
1y
1c
0i
#64584223234
0t
0s
0r
1y
1c
0i
#64584223669
1t
0s
0r
1y
1c
0i
#64584224367
0t
0s
0r
1y
1c
0i
#64584224803
1t
0s
0r
1y
1c
0i
#64584225500
0t
0s
0r
1y
1c
0i
#64584225934
1t
0s
0r
1y
1c
0i
#64584226635
0t
0s
0r
1y
1c
0i
#64584227068
1t
0s
0r
1y
1c
0i
#64584227765
0t
0s
0r
1y
1c
0i
#64584228199
1t
0s
0r
1y
1c
0i
#64584228898
0t
0s
0r
1y
1c
0i
#64584229332
1t
0s
0r
1y
1c
0i
#64584230033
0t
0s
0r
1y
1c
0i
#64584230468
1t
0s
0r
1y
1c
0i
#64584231165
0t
0s
0r
1y
0c
0i
#64584231602
1t
0s
0r
1y
0c
0i
#64584232302
0t
0s
0r
1y
0c
0i
#64584232738
1t
0s
0r
1y
0c
0i
#64584233443
0t
0s
0r
1y
0c
0i
#64584233878
1t
0s
0r
1y
0c
1i
#64584234581
0t
0s
0r
1y
0c
1i
#64584235018
1t
0s
0r
1y
0c
1i
#64584235723
0t
0s
0r
1y
0c
1i
#64584236161
1t
0s
0r
1y
0c
1i
#64584236869
0t
0s
0r
1y
0c
0i
#64584237305
1t
0s
0r
1y
0c
0i
#64584238008
0t
0s
0r
1y
0c
0i
#64584238445
1t
0s
0r
1y
0c
0i
#64584239150
0t
0s
0r
1y
0c
0i
#64584239586
1t
0s
0r
1y
0c
0i
#64584240292
0t
0s
0r
1y
0c
0i
#64584240726
1t
0s
0r
1y
0c
0i
#64584241427
0t
0s
0r
1y
0c
0i
#64584241864
1t
0s
0r
1y
0c
0i
#64584242564
0t
0s
0r
1y
0c
0i
#64584243000
1t
0s
0r
1y
0c
0i
#64584243702
0t
0s
0r
1y
0c
0i
#64584244135
1t
0s
0r
1y
0c
0i
#64584244834
0t
0s
0r
1y
0c
0i
#64584245268
1t
0s
0r
1y
0c
0i
#64584245967
0t
0s
0r
1y
0c
0i
#64584246399
1t
0s
0r
1y
0c
0i
#64584247101
0t
0s
0r
1y
0c
0i
#64584247531
1t
0s
0r
1y
0c
0i
#64584248229
0t
0s
0r
1y
0c
0i
#64584248661
1t
0s
0r
1y
0c
0i
#64584249360
0t
0s
0r
1y
0c
0i
#64584249791
1t
0s
0r
1y
0c
0i
#64584250493
0t
0s
0r
1y
0c
0i
#64584250924
1t
0s
0r
1y
0c
0i
#64584251622
0t
0s
0r
1y
0c
0i
#64584252054
1t
0s
0r
1y
0c
0i
#64584252753
0t
0s
0r
1y
0c
0i
#64584253187
1t
0s
0r
1y
0c
0i
#64584253888
0t
0s
0r
1y
0c
0i
#64584254320
1t
0s
0r
1y
0c
0i
#64584255017
0t
0s
0r
1y
0c
0i
#64584255452
1t
0s
0r
1y
0c
0i
#64584256150
0t
0s
0r
1y
0c
0i
#64584256584
1t
0s
0r
1y
0c
0i
#64584257285
0t
0s
0r
1y
0c
0i
#64584257717
1t
0s
0r
1y
0c
0i
#64584258413
0t
0s
0r
1y
0c
0i
#64584258849
1t
0s
0r
1y
0c
0i
#64584259546
0t
0s
0r
1y
0c
0i
#64584259980
1t
0s
0r
1y
0c
0i
#64584260681
0t
0s
0r
1y
0c
0i
#64584261114
1t
0s
0r
1y
0c
0i
#64584261810
0t
0s
0r
1y
0c
0i
#64584262244
1t
0s
0r
1y
0c
0i
#64584262942
0t
0s
0r
1y
0c
0i
#64584263377
1t
0s
0r
1y
0c
0i
#64584264077
0t
0s
0r
1y
0c
0i
#64584264513
1t
0s
0r
1y
0c
0i
#64584265209
0t
0s
0r
1y
1c
0i
#64584265646
1t
0s
0r
1y
1c
0i
#64584266346
0t
0s
0r
1y
1c
0i
#64584266782
1t
0s
0r
1y
1c
0i
#64584267486
0t
0s
0r
1y
1c
0i
#64584267922
1t
0s
0r
1y
1c
1i
#64584268625
0t
0s
0r
1y
1c
1i
#64584269063
1t
0s
0r
1y
1c
1i
#64584269767
0t
0s
0r
1y
1c
1i
#64584270206
1t
0s
0r
1y
1c
1i
#64584270914
0t
0s
0r
1y
1c
0i
#64584271351
1t
0s
0r
1y
1c
0i
#64584272054
0t
0s
0r
1y
1c
0i
#64584272492
1t
0s
0r
1y
1c
0i
#64584273197
0t
0s
0r
1y
1c
0i
#64584273634
1t
0s
0r
1y
1c
0i
#64584274341
0t
0s
0r
1y
1c
0i
#64584274776
1t
0s
0r
1y
1c
0i
#64584275475
0t
0s
0r
1y
1c
0i
#64584275914
1t
0s
0r
1y
1c
0i
#64584276613
0t
0s
0r
1y
1c
0i
#64584277050
1t
0s
0r
1y
1c
0i
#64584277750
0t
0s
0r
1y
1c
0i
#64584278185
1t
0s
0r
1y
1c
0i
#64584278880
0t
0s
0r
1y
1c
0i
#64584279315
1t
0s
0r
1y
1c
0i
#64584280010
0t
0s
0r
1y
1c
0i
#64584280445
1t
0s
0r
1y
1c
0i
#64584281141
0t
0s
0r
1y
1c
0i
#64584281576
1t
0s
0r
1y
1c
0i
#64584282268
0t
0s
0r
1y
1c
0i
#64584282704
1t
0s
0r
1y
1c
0i
#64584283398
0t
0s
0r
1y
1c
0i
#64584283833
1t
0s
0r
1y
1c
0i
#64584284530
0t
0s
0r
1y
1c
0i
#64584284964
1t
0s
0r
1y
1c
0i
#64584286765
0t
0s
0r
1y
1c
0i
#64584288021
1t
0s
0r
1y
1c
0i
#64584289061
0t
0s
0r
1y
1c
0i
#64584289482
1t
0s
0r
1y
1c
0i
#64584290181
0t
0s
0r
1y
1c
0i
#64584290614
1t
0s
0r
1y
1c
0i
#64584291311
0t
0s
0r
1y
1c
0i
#64584291744
1t
0s
0r
1y
1c
0i
#64584292441
0t
0s
0r
1y
1c
0i
#64584292876
1t
0s
0r
1y
1c
0i
#64584293572
0t
0s
0r
1y
1c
0i
#64584294005
1t
0s
0r
1y
1c
0i
#64584294704
0t
0s
0r
1y
1c
0i
#64584295137
1t
0s
0r
1y
1c
0i
#64584295832
0t
0s
0r
1y
1c
0i
#64584296265
1t
0s
0r
1y
1c
0i
#64584296962
0t
0s
0r
1y
1c
0i
#64584297396
1t
0s
0r
1y
1c
0i
#64584298096
0t
0s
0r
1y
1c
0i
#64584298530
1t
0s
0r
1y
1c
0i
#64584299225
0t
0s
0r
1y
0c
0i
#64584299661
1t
0s
0r
1y
0c
0i
#64584300360
0t
0s
0r
1y
0c
0i
#64584300796
1t
0s
0r
1y
0c
0i
#64584301499
0t
0s
0r
1y
0c
0i
#64584301933
1t
0s
0r
1y
0c
1i
#64584302634
0t
0s
0r
1y
0c
1i
#64584303071
1t
0s
0r
1y
0c
1i
#64584303774
0t
0s
0r
1y
0c
1i
#64584304211
1t
0s
0r
1y
0c
1i
#64584304316
1t
0s
1r
1y
0c
0i
#64584304319
1t
0s
0r
1y
0c
0i
#64584304918
0t
0s
0r
1y
0c
0i
#64584305353
1t
0s
0r
1y
0c
0i
#64584306055
0t
0s
0r
1y
0c
0i
#64584306491
1t
0s
0r
1y
0c
0i
#64584307195
0t
0s
0r
1y
0c
0i
#64584307629
1t
0s
0r
1y
0c
0i
#64584308335
0t
0s
0r
1y
0c
0i
#64584308768
1t
0s
0r
1y
0c
0i
#64584309468
0t
0s
0r
1y
0c
0i
#64584309904
1t
0s
0r
1y
0c
0i
#64584310603
0t
0s
0r
1y
0c
0i
#64584311037
1t
0s
0r
1y
0c
0i
#64584311739
0t
0s
0r
1y
0c
0i
#64584312170
1t
0s
0r
1y
0c
0i
#64584312868
0t
0s
0r
1y
0c
0i
#64584313301
1t
0s
0r
1y
0c
0i
#64584313999
0t
0s
0r
1y
0c
0i
#64584314431
1t
0s
0r
1y
0c
0i
#64584315132
0t
0s
0r
1y
0c
0i
#64584315562
1t
0s
0r
1y
0c
0i
#64584316258
0t
0s
0r
1y
0c
0i
#64584316690
1t
0s
0r
1y
0c
0i
#64584317389
0t
0s
0r
1y
0c
0i
#64584317819
1t
0s
0r
1y
0c
0i
#64584318522
0t
0s
0r
1y
0c
0i
#64584318951
1t
0s
0r
1y
0c
0i
#64584319649
0t
0s
0r
1y
0c
0i
#64584320081
1t
0s
0r
1y
0c
0i
#64584320779
0t
0s
0r
1y
0c
0i
#64584321213
1t
0s
0r
1y
0c
0i
#64584321913
0t
0s
0r
1y
0c
0i
#64584322345
1t
0s
0r
1y
0c
0i
#64584323041
0t
0s
0r
1y
0c
0i
#64584323475
1t
0s
0r
1y
0c
0i
#64584324174
0t
0s
0r
1y
0c
0i
#64584324607
1t
0s
0r
1y
0c
0i
#64584325308
0t
0s
0r
1y
0c
0i
#64584325740
1t
0s
0r
1y
0c
0i
#64584326436
0t
0s
0r
1y
0c
0i
#64584326871
1t
0s
0r
1y
0c
0i
#64584327568
0t
0s
0r
1y
0c
0i
#64584328002
1t
0s
0r
1y
0c
0i
#64584328702
0t
0s
0r
1y
0c
0i
#64584329135
1t
0s
0r
1y
0c
0i
#64584329831
0t
0s
0r
1y
0c
0i
#64584330266
1t
0s
0r
1y
0c
0i
#64584330964
0t
0s
0r
1y
0c
0i
#64584331398
1t
0s
0r
1y
0c
0i
#64584332099
0t
0s
0r
1y
0c
0i
#64584332535
1t
0s
0r
1y
0c
0i
#64584333231
0t
0s
0r
1y
1c
0i
#64584333668
1t
0s
0r
1y
1c
0i
#64584334368
0t
0s
0r
1y
1c
0i
#64584334805
1t
0s
0r
1y
1c
0i
#64584335509
0t
0s
0r
1y
1c
0i
#64584335946
1t
0s
0r
1y
1c
1i
#64584336648
0t
0s
0r
1y
1c
1i
#64584337086
1t
0s
0r
1y
1c
1i
#64584337791
0t
0s
0r
1y
1c
1i
#64584338229
1t
0s
0r
1y
1c
1i
#64584338938
0t
0s
0r
1y
1c
0i
#64584339375
1t
0s
0r
1y
1c
0i
#64584340078
0t
0s
0r
1y
1c
0i
#64584340517
1t
0s
0r
1y
1c
0i
#64584341222
0t
0s
0r
1y
1c
0i
#64584341659
1t
0s
0r
1y
1c
0i
#64584342365
0t
0s
0r
1y
1c
0i
#64584342801
1t
0s
0r
1y
1c
0i
#64584343500
0t
0s
0r
1y
1c
0i
#64584343939
1t
0s
0r
1y
1c
0i
#64584344637
0t
0s
0r
1y
1c
0i
#64584345074
1t
0s
0r
1y
1c
0i
#64584345773
0t
0s
0r
1y
1c
0i
#64584346207
1t
0s
0r
1y
1c
0i
#64584346900
0t
0s
0r
1y
1c
0i
#64584347336
1t
0s
0r
1y
1c
0i
#64584348029
0t
0s
0r
1y
1c
0i
#64584348464
1t
0s
0r
1y
1c
0i
#64584349158
0t
0s
0r
1y
1c
0i
#64584349593
1t
0s
0r
1y
1c
0i
#64584350283
0t
0s
0r
1y
1c
0i
#64584350718
1t
0s
0r
1y
1c
0i
#64584351410
0t
0s
0r
1y
1c
0i
#64584351844
1t
0s
0r
1y
1c
0i
#64584352539
0t
0s
0r
1y
1c
0i
#64584352973
1t
0s
0r
1y
1c
0i
#64584354770
0t
0s
0r
1y
1c
0i
#64584356025
1t
0s
0r
1y
1c
0i
#64584357061
0t
0s
0r
1y
1c
0i
#64584357482
1t
0s
0r
1y
1c
0i
#64584358179
0t
0s
0r
1y
1c
0i
#64584358611
1t
0s
0r
1y
1c
0i
#64584359306
0t
0s
0r
1y
1c
0i
#64584359739
1t
0s
0r
1y
1c
0i
#64584360433
0t
0s
0r
1y
1c
0i
#64584360868
1t
0s
0r
1y
1c
0i
#64584361563
0t
0s
0r
1y
1c
0i
#64584361995
1t
0s
0r
1y
1c
0i
#64584362692
0t
0s
0r
1y
1c
0i
#64584363124
1t
0s
0r
1y
1c
0i
#64584363817
0t
0s
0r
1y
1c
0i
#64584364250
1t
0s
0r
1y
1c
0i
#64584364945
0t
0s
0r
1y
1c
0i
#64584365378
1t
0s
0r
1y
1c
0i
#64584366076
0t
0s
0r
1y
1c
0i
#64584366509
1t
0s
0r
1y
1c
0i
#64584367203
0t
0s
0r
1y
0c
0i
#64584367638
1t
0s
0r
1y
0c
0i
#64584368336
0t
0s
0r
1y
0c
0i
#64584368770
1t
0s
0r
1y
0c
0i
#64584369472
0t
0s
0r
1y
0c
0i
#64584369905
1t
0s
0r
1y
0c
1i
#64584370604
0t
0s
0r
1y
0c
1i
#64584371040
1t
0s
0r
1y
0c
1i
#64584371742
0t
0s
0r
1y
0c
1i
#64584372178
1t
0s
0r
1y
0c
1i
#64584372882
0t
0s
0r
1y
0c
0i
#64584373317
1t
0s
0r
1y
0c
0i
#64584374017
0t
0s
0r
1y
0c
0i
#64584374453
1t
0s
0r
1y
0c
0i
#64584375154
0t
0s
0r
1y
0c
0i
#64584375589
1t
0s
0r
1y
0c
0i
#64584376292
0t
0s
0r
1y
0c
0i
#64584376725
1t
0s
0r
1y
0c
0i
#64584377422
0t
0s
0r
1y
0c
0i
#64584377857
1t
0s
0r
1y
0c
0i
#64584378553
0t
0s
0r
1y
0c
0i
#64584378985
1t
0s
0r
1y
0c
0i
#64584379683
0t
0s
0r
1y
0c
0i
#64584380113
1t
0s
0r
1y
0c
0i
#64584380805
0t
0s
0r
1y
0c
0i
#64584381236
1t
0s
0r
1y
0c
0i
#64584381928
0t
0s
0r
1y
0c
0i
#64584382357
1t
0s
0r
1y
0c
0i
#64584383052
0t
0s
0r
1y
0c
0i
#64584383479
1t
0s
0r
1y
0c
0i
#64584384169
0t
0s
0r
1y
0c
0i
#64584384597
1t
0s
0r
1y
0c
0i
#64584385289
0t
0s
0r
1y
0c
0i
#64584385717
1t
0s
0r
1y
0c
0i
#64584386412
0t
0s
0r
1y
0c
0i
#64584386839
1t
0s
0r
1y
0c
0i
#64584387529
0t
0s
0r
1y
0c
0i
#64584387959
1t
0s
0r
1y
0c
0i
#64584388650
0t
0s
0r
1y
0c
0i
#64584389081
1t
0s
0r
1y
0c
0i
#64584389774
0t
0s
0r
1y
0c
0i
#64584390204
1t
0s
0r
1y
0c
0i
#64584390893
0t
0s
0r
1y
0c
0i
#64584391324
1t
0s
0r
1y
0c
0i
#64584392015
0t
0s
0r
1y
0c
0i
#64584392445
1t
0s
0r
1y
0c
0i
#64584393139
0t
0s
0r
1y
0c
0i
#64584393568
1t
0s
0r
1y
0c
0i
#64584394257
0t
0s
0r
1y
0c
0i
#64584394689
1t
0s
0r
1y
0c
0i
#64584395378
0t
0s
0r
1y
0c
0i
#64584395809
1t
0s
0r
1y
0c
0i
#64584396502
0t
0s
0r
1y
0c
0i
#64584396932
1t
0s
0r
1y
0c
0i
#64584397621
0t
0s
0r
1y
0c
0i
#64584398052
1t
0s
0r
1y
0c
0i
#64584398742
0t
0s
0r
1y
0c
0i
#64584399173
1t
0s
0r
1y
0c
0i
#64584399866
0t
0s
0r
1y
0c
0i
#64584400299
1t
0s
0r
1y
0c
0i
#64584400987
0t
0s
0r
1y
1c
0i
#64584401421
1t
0s
0r
1y
1c
0i
#64584402113
0t
0s
0r
1y
1c
0i
#64584402546
1t
0s
0r
1y
1c
0i
#64584403243
0t
0s
0r
1y
1c
0i
#64584403675
1t
0s
0r
1y
1c
1i
#64584404370
0t
0s
0r
1y
1c
1i
#64584404804
1t
0s
0r
1y
1c
1i
#64584405501
0t
0s
0r
1y
1c
1i
#64584405936
1t
0s
0r
1y
1c
1i
#64584406636
0t
0s
0r
1y
1c
0i
#64584407069
1t
0s
0r
1y
1c
0i
#64584407765
0t
0s
0r
1y
1c
0i
#64584408200
1t
0s
0r
1y
1c
0i
#64584408897
0t
0s
0r
1y
1c
0i
#64584409330
1t
0s
0r
1y
1c
0i
#64584410029
0t
0s
0r
1y
1c
0i
#64584410461
1t
0s
0r
1y
1c
0i
#64584411153
0t
0s
0r
1y
1c
0i
#64584411588
1t
0s
0r
1y
1c
0i
#64584412280
0t
0s
0r
1y
1c
0i
#64584412714
1t
0s
0r
1y
1c
0i
#64584413408
0t
0s
0r
1y
1c
0i
#64584413840
1t
0s
0r
1y
1c
0i
#64584414529
0t
0s
0r
1y
1c
0i
#64584414962
1t
0s
0r
1y
1c
0i
#64584415652
0t
0s
0r
1y
1c
0i
#64584416084
1t
0s
0r
1y
1c
0i
#64584416776
0t
0s
0r
1y
1c
0i
#64584417208
1t
0s
0r
1y
1c
0i
#64584417894
0t
0s
0r
1y
1c
0i
#64584418329
1t
0s
0r
1y
1c
0i
#64584419017
0t
0s
0r
1y
1c
0i
#64584419450
1t
0s
0r
1y
1c
0i
#64584420142
0t
0s
0r
1y
1c
0i
#64584420573
1t
0s
0r
1y
1c
0i
#64584422362
0t
0s
0r
1y
1c
0i
#64584423610
1t
0s
0r
1y
1c
0i
#64584424641
0t
0s
0r
1y
1c
0i
#64584425059
1t
0s
0r
1y
1c
0i
#64584425753
0t
0s
0r
1y
1c
0i
#64584426183
1t
0s
0r
1y
1c
0i
#64584426874
0t
0s
0r
1y
1c
0i
#64584427304
1t
0s
0r
1y
1c
0i
#64584427995
0t
0s
0r
1y
1c
0i
#64584428427
1t
0s
0r
1y
1c
0i
#64584429118
0t
0s
0r
1y
1c
0i
#64584429548
1t
0s
0r
1y
1c
0i
#64584430241
0t
0s
0r
1y
1c
0i
#64584430671
1t
0s
0r
1y
1c
0i
#64584431361
0t
0s
0r
1y
1c
0i
#64584431792
1t
0s
0r
1y
1c
0i
#64584432483
0t
0s
0r
1y
1c
0i
#64584432914
1t
0s
0r
1y
1c
0i
#64584433608
0t
0s
0r
1y
1c
0i
#64584434040
1t
0s
0r
1y
1c
0i
#64584434729
0t
0s
0r
1y
0c
0i
#64584435163
1t
0s
0r
1y
0c
0i
#64584435856
0t
0s
0r
1y
0c
0i
#64584436289
1t
0s
0r
1y
0c
0i
#64584436987
0t
0s
0r
1y
0c
0i
#64584437419
1t
0s
0r
1y
0c
1i
#64584438114
0t
0s
0r
1y
0c
1i
#64584438548
1t
0s
0r
1y
0c
1i
#64584439246
0t
0s
0r
1y
0c
1i
#64584439681
1t
0s
0r
1y
0c
1i
#64584439815
1t
0s
1r
1y
0c
1i
#64584439817
1t
0s
0r
1y
0c
1i
#64584440382
0t
0s
0r
1y
0c
0i
#64584440815
1t
0s
0r
1y
0c
0i
#64584441512
0t
0s
0r
1y
0c
0i
#64584441946
1t
0s
0r
1y
0c
0i
#64584442644
0t
0s
0r
1y
0c
0i
#64584443077
1t
0s
0r
1y
0c
0i
#64584443778
0t
0s
0r
1y
0c
0i
#64584444209
1t
0s
0r
1y
0c
0i
#64584444905
0t
0s
0r
1y
0c
0i
#64584445339
1t
0s
0r
1y
0c
0i
#64584446035
0t
0s
0r
1y
0c
0i
#64584446467
1t
0s
0r
1y
0c
0i
#64584447167
0t
0s
0r
1y
0c
0i
#64584447597
1t
0s
0r
1y
0c
0i
#64584448293
0t
0s
0r
1y
0c
0i
#64584448725
1t
0s
0r
1y
0c
0i
#64584449422
0t
0s
0r
1y
0c
0i
#64584449853
1t
0s
0r
1y
0c
0i
#64584450554
0t
0s
0r
1y
0c
0i
#64584450982
1t
0s
0r
1y
0c
0i
#64584451679
0t
0s
0r
1y
0c
0i
#64584452110
1t
0s
0r
1y
0c
0i
#64584452807
0t
0s
0r
1y
0c
0i
#64584453238
1t
0s
0r
1y
0c
0i
#64584453939
0t
0s
0r
1y
0c
0i
#64584454368
1t
0s
0r
1y
0c
0i
#64584455066
0t
0s
0r
1y
0c
0i
#64584455498
1t
0s
0r
1y
0c
0i
#64584456195
0t
0s
0r
1y
0c
0i
#64584456629
1t
0s
0r
1y
0c
0i
#64584457328
0t
0s
0r
1y
0c
0i
#64584457760
1t
0s
0r
1y
0c
0i
#64584458456
0t
0s
0r
1y
0c
0i
#64584458890
1t
0s
0r
1y
0c
0i
#64584459588
0t
0s
0r
1y
0c
0i
#64584460021
1t
0s
0r
1y
0c
0i
#64584460722
0t
0s
0r
1y
0c
0i
#64584461153
1t
0s
0r
1y
0c
0i
#64584461849
0t
0s
0r
1y
0c
0i
#64584462284
1t
0s
0r
1y
0c
0i
#64584462981
0t
0s
0r
1y
0c
0i
#64584463415
1t
0s
0r
1y
0c
0i
#64584464115
0t
0s
0r
1y
0c
0i
#64584464548
1t
0s
0r
1y
0c
0i
#64584465243
0t
0s
0r
1y
0c
0i
#64584465678
1t
0s
0r
1y
0c
0i
#64584466375
0t
0s
0r
1y
0c
0i
#64584466810
1t
0s
0r
1y
0c
0i
#64584467510
0t
0s
0r
1y
0c
0i
#64584467946
1t
0s
0r
1y
0c
0i
#64584468642
0t
0s
0r
1y
1c
0i
#64584469079
1t
0s
0r
1y
1c
0i
#64584469779
0t
0s
0r
1y
1c
0i
#64584470215
1t
0s
0r
1y
1c
0i
#64584470920
0t
0s
0r
1y
1c
0i
#64584471356
1t
0s
0r
1y
1c
1i
#64584472058
0t
0s
0r
1y
1c
1i
#64584472496
1t
0s
0r
1y
1c
1i
#64584473201
0t
0s
0r
1y
1c
1i
#64584473639
1t
0s
0r
1y
1c
1i
#64584474347
0t
0s
0r
1y
1c
0i
#64584474784
1t
0s
0r
1y
1c
0i
#64584475488
0t
0s
0r
1y
1c
0i
#64584475926
1t
0s
0r
1y
1c
0i
#64584476630
0t
0s
0r
1y
1c
0i
#64584477068
1t
0s
0r
1y
1c
0i
#64584477773
0t
0s
0r
1y
1c
0i
#64584478209
1t
0s
0r
1y
1c
0i
#64584478907
0t
0s
0r
1y
1c
0i
#64584479345
1t
0s
0r
1y
1c
0i
#64584480041
0t
0s
0r
1y
1c
0i
#64584480477
1t
0s
0r
1y
1c
0i
#64584481175
0t
0s
0r
1y
1c
0i
#64584481608
1t
0s
0r
1y
1c
0i
#64584482298
0t
0s
0r
1y
1c
0i
#64584482732
1t
0s
0r
1y
1c
0i
#64584483423
0t
0s
0r
1y
1c
0i
#64584483856
1t
0s
0r
1y
1c
0i
#64584484548
0t
0s
0r
1y
1c
0i
#64584484981
1t
0s
0r
1y
1c
0i
#64584485668
0t
0s
0r
1y
1c
0i
#64584486103
1t
0s
0r
1y
1c
0i
#64584486792
0t
0s
0r
1y
1c
0i
#64584487226
1t
0s
0r
1y
1c
0i
#64584487919
0t
0s
0r
1y
1c
0i
#64584488351
1t
0s
0r
1y
1c
0i
#64584490144
0t
0s
0r
1y
1c
0i
#64584491397
1t
0s
0r
1y
1c
0i
#64584492431
0t
0s
0r
1y
1c
0i
#64584492851
1t
0s
0r
1y
1c
0i
#64584493546
0t
0s
0r
1y
1c
0i
#64584493978
1t
0s
0r
1y
1c
0i
#64584494672
0t
0s
0r
1y
1c
0i
#64584495104
1t
0s
0r
1y
1c
0i
#64584495797
0t
0s
0r
1y
1c
0i
#64584496231
1t
0s
0r
1y
1c
0i
#64584496924
0t
0s
0r
1y
1c
0i
#64584497356
1t
0s
0r
1y
1c
0i
#64584498052
0t
0s
0r
1y
1c
0i
#64584498483
1t
0s
0r
1y
1c
0i
#64584499175
0t
0s
0r
1y
1c
0i
#64584499608
1t
0s
0r
1y
1c
0i
#64584500302
0t
0s
0r
1y
1c
0i
#64584500734
1t
0s
0r
1y
1c
0i
#64584501430
0t
0s
0r
1y
1c
0i
#64584501863
1t
0s
0r
1y
1c
0i
#64584502555
0t
0s
0r
1y
0c
0i
#64584502990
1t
0s
0r
1y
0c
0i
#64584503686
0t
0s
0r
1y
0c
0i
#64584504119
1t
0s
0r
1y
0c
0i
#64584504819
0t
0s
0r
1y
0c
0i
#64584505252
1t
0s
0r
1y
0c
1i
#64584505950
0t
0s
0r
1y
0c
1i
#64584506385
1t
0s
0r
1y
0c
1i
#64584507084
0t
0s
0r
1y
0c
1i
#64584507520
1t
0s
0r
1y
0c
1i
#64584508222
0t
0s
0r
1y
0c
0i
#64584508656
1t
0s
0r
1y
0c
0i
#64584509355
0t
0s
0r
1y
0c
0i
#64584509790
1t
0s
0r
1y
0c
0i
#64584510490
0t
0s
0r
1y
0c
0i
#64584510923
1t
0s
0r
1y
0c
0i
#64584511626
0t
0s
0r
1y
0c
0i
#64584512058
1t
0s
0r
1y
0c
0i
#64584512754
0t
0s
0r
1y
0c
0i
#64584513189
1t
0s
0r
1y
0c
0i
#64584513887
0t
0s
0r
1y
0c
0i
#64584514320
1t
0s
0r
1y
0c
0i
#64584515021
0t
0s
0r
1y
0c
0i
#64584515452
1t
0s
0r
1y
0c
0i
#64584516150
0t
0s
0r
1y
0c
0i
#64584516582
1t
0s
0r
1y
0c
0i
#64584517281
0t
0s
0r
1y
0c
0i
#64584517712
1t
0s
0r
1y
0c
0i
#64584518413
0t
0s
0r
1y
0c
0i
#64584518843
1t
0s
0r
1y
0c
0i
#64584519540
0t
0s
0r
1y
0c
0i
#64584519972
1t
0s
0r
1y
0c
0i
#64584520670
0t
0s
0r
1y
0c
0i
#64584521102
1t
0s
0r
1y
0c
0i
#64584521804
0t
0s
0r
1y
0c
0i
#64584522234
1t
0s
0r
1y
0c
0i
#64584522931
0t
0s
0r
1y
0c
0i
#64584523364
1t
0s
0r
1y
0c
0i
#64584524062
0t
0s
0r
1y
0c
0i
#64584524496
1t
0s
0r
1y
0c
0i
#64584525197
0t
0s
0r
1y
0c
0i
#64584525629
1t
0s
0r
1y
0c
0i
#64584526325
0t
0s
0r
1y
0c
0i
#64584526759
1t
0s
0r
1y
0c
0i
#64584527457
0t
0s
0r
1y
0c
0i
#64584527890
1t
0s
0r
1y
0c
0i
#64584528591
0t
0s
0r
1y
0c
0i
#64584529023
1t
0s
0r
1y
0c
0i
#64584529718
0t
0s
0r
1y
0c
0i
#64584530154
1t
0s
0r
1y
0c
0i
#64584530850
0t
0s
0r
1y
0c
0i
#64584531284
1t
0s
0r
1y
0c
0i
#64584531983
0t
0s
0r
1y
0c
0i
#64584532416
1t
0s
0r
1y
0c
0i
#64584533110
0t
0s
0r
1y
0c
0i
#64584533545
1t
0s
0r
1y
0c
0i
#64584534242
0t
0s
0r
1y
0c
0i
#64584534676
1t
0s
0r
1y
0c
0i
#64584535375
0t
0s
0r
1y
0c
0i
#64584535810
1t
0s
0r
1y
0c
0i
#64584536505
0t
0s
0r
1y
1c
0i
#64584536942
1t
0s
0r
1y
1c
0i
#64584537641
0t
0s
0r
1y
1c
0i
#64584538077
1t
0s
0r
1y
1c
0i
#64584538780
0t
0s
0r
1y
1c
0i
#64584539215
1t
0s
0r
1y
1c
1i
#64584539916
0t
0s
0r
1y
1c
1i
#64584540353
1t
0s
0r
1y
1c
1i
#64584541056
0t
0s
0r
1y
1c
1i
#64584541494
1t
0s
0r
1y
1c
1i
#64584542201
0t
0s
0r
1y
1c
0i
#64584542636
1t
0s
0r
1y
1c
0i
#64584543338
0t
0s
0r
1y
1c
0i
#64584543776
1t
0s
0r
1y
1c
0i
#64584544478
0t
0s
0r
1y
1c
0i
#64584544915
1t
0s
0r
1y
1c
0i
#64584545619
0t
0s
0r
1y
1c
0i
#64584546055
1t
0s
0r
1y
1c
0i
#64584546753
0t
0s
0r
1y
1c
0i
#64584547191
1t
0s
0r
1y
1c
0i
#64584547889
0t
0s
0r
1y
1c
0i
#64584548326
1t
0s
0r
1y
1c
0i
#64584549026
0t
0s
0r
1y
1c
0i
#64584549460
1t
0s
0r
1y
1c
0i
#64584550155
0t
0s
0r
1y
1c
0i
#64584550590
1t
0s
0r
1y
1c
0i
#64584551285
0t
0s
0r
1y
1c
0i
#64584551720
1t
0s
0r
1y
1c
0i
#64584552416
0t
0s
0r
1y
1c
0i
#64584552851
1t
0s
0r
1y
1c
0i
#64584553542
0t
0s
0r
1y
1c
0i
#64584553978
1t
0s
0r
1y
1c
0i
#64584554671
0t
0s
0r
1y
1c
0i
#64584555106
1t
0s
0r
1y
1c
0i
#64584555803
0t
0s
0r
1y
1c
0i
#64584556236
1t
0s
0r
1y
1c
0i
#64584558036
0t
0s
0r
1y
1c
0i
#64584559291
1t
0s
0r
1y
1c
0i
#64584560330
0t
0s
0r
1y
1c
0i
#64584560751
1t
0s
0r
1y
1c
0i
#64584561449
0t
0s
0r
1y
1c
0i
#64584561882
1t
0s
0r
1y
1c
0i
#64584562578
0t
0s
0r
1y
1c
0i
#64584563011
1t
0s
0r
1y
1c
0i
#64584563707
0t
0s
0r
1y
1c
0i
#64584564141
1t
0s
0r
1y
1c
0i
#64584564836
0t
0s
0r
1y
1c
0i
#64584565270
1t
0s
0r
1y
1c
0i
#64584565967
0t
0s
0r
1y
1c
0i
#64584566400
1t
0s
0r
1y
1c
0i
#64584567094
0t
0s
0r
1y
1c
0i
#64584567527
1t
0s
0r
1y
1c
0i
#64584568223
0t
0s
0r
1y
1c
0i
#64584568656
1t
0s
0r
1y
1c
0i
#64584569355
0t
0s
0r
1y
1c
0i
#64584569789
1t
0s
0r
1y
1c
0i
#64584570483
0t
0s
0r
1y
0c
0i
#64584570919
1t
0s
0r
1y
0c
0i
#64584571616
0t
0s
0r
1y
0c
0i
#64584572051
1t
0s
0r
1y
0c
0i
#64584572754
0t
0s
0r
1y
0c
0i
#64584573188
1t
0s
0r
1y
0c
1i
#64584573888
0t
0s
0r
1y
0c
1i
#64584574324
1t
0s
0r
1y
0c
1i
