$date
	Mon Aug 18 17:53:38 BRT 2025
$end
$version
        1.0
$end
$timescale
        1ps
$end
$scope module test $end
$var wire 1 t PRI_TRG $end
$var wire 1 s SEC_TRG $end
$var wire 1 r TRG $end
$var wire 1 y SYNC $end
$var wire 1 c COIL $end
$var wire 1 i INJ $end
$upscope $end
$enddefinitions $end
$dumpvars
#7683459
0t
0s
0r
0y
0c
0i
#7693114
1t
0s
0r
0y
0c
0i
#7702649
0t
0s
0r
0y
0c
0i
#7708332
1t
0s
0r
0y
0c
0i
#7715346
0t
0s
0r
0y
0c
0i
#7719530
1t
0s
0r
0y
0c
0i
#7725622
0t
0s
0r
0y
0c
0i
#7729148
1t
0s
0r
0y
0c
0i
#7734641
0t
0s
0r
0y
0c
0i
#7737839
1t
0s
0r
0y
0c
0i
#7742916
0t
0s
0r
0y
0c
0i
#7745879
1t
0s
0r
0y
0c
0i
#7750665
0t
0s
0r
0y
0c
0i
#7753477
1t
0s
0r
0y
0c
0i
#7758033
0t
0s
0r
0y
0c
0i
#7760733
1t
0s
0r
0y
0c
0i
#7765179
0t
0s
0r
0y
0c
0i
#7767778
1t
0s
0r
0y
0c
0i
#7772001
0t
0s
0r
0y
0c
0i
#7774511
1t
0s
0r
0y
0c
0i
#7778601
0t
0s
0r
0y
0c
0i
#7781000
1t
0s
0r
0y
0c
0i
#7784867
0t
0s
0r
0y
0c
0i
#7787136
1t
0s
0r
0y
0c
0i
#7790813
0t
0s
0r
0y
0c
0i
#7792979
1t
0s
0r
0y
0c
0i
#7796456
0t
0s
0r
0y
0c
0i
#7798512
1t
0s
0r
0y
0c
0i
#7801870
0t
0s
0r
0y
0c
0i
#7803842
1t
0s
0r
0y
0c
0i
#7807056
0t
0s
0r
0y
0c
0i
#7808966
1t
0s
0r
0y
0c
0i
#7812089
0t
0s
0r
0y
0c
0i
#7813927
1t
0s
0r
0y
0c
0i
#7816980
0t
0s
0r
0y
0c
0i
#7818777
1t
0s
0r
0y
0c
0i
#7821753
0t
0s
0r
0y
0c
0i
#7823527
1t
0s
0r
0y
0c
0i
#7826479
0t
0s
0r
0y
0c
0i
#7828226
1t
0s
0r
0y
0c
0i
#7831155
0t
0s
0r
0y
0c
0i
#7832873
1t
0s
0r
0y
0c
0i
#7835746
0t
0s
0r
0y
0c
0i
#7837463
1t
0s
0r
0y
0c
0i
#7840315
0t
0s
0r
0y
0c
0i
#7842018
1t
0s
0r
0y
0c
0i
#7844863
0t
0s
0r
0y
0c
0i
#7846547
1t
0s
0r
0y
0c
0i
#7849380
0t
0s
0r
0y
0c
0i
#7851073
1t
0s
0r
0y
0c
0i
#7853904
0t
0s
0r
0y
0c
0i
#7855597
1t
0s
0r
0y
0c
0i
#7858440
0t
0s
0r
0y
0c
0i
#7860119
1t
0s
0r
0y
0c
0i
#7862941
0t
0s
0r
0y
0c
0i
#7864629
1t
0s
0r
0y
0c
0i
#7867469
0t
0s
0r
0y
0c
0i
#7869164
1t
0s
0r
0y
0c
0i
#7872032
0t
0s
0r
0y
0c
0i
#7873744
1t
0s
0r
0y
0c
0i
#7876622
0t
0s
0r
0y
0c
0i
#7878362
1t
0s
0r
0y
0c
0i
#7881295
0t
0s
0r
0y
0c
0i
#7883047
1t
0s
0r
0y
0c
0i
#7886036
0t
0s
0r
0y
0c
0i
#7887828
1t
0s
0r
0y
0c
0i
#7890875
0t
0s
0r
0y
0c
0i
#7892722
1t
0s
0r
0y
0c
0i
#7895889
0t
0s
0r
0y
0c
0i
#7897793
1t
0s
0r
0y
0c
0i
#7901104
0t
0s
0r
0y
0c
0i
#7903104
1t
0s
0r
0y
0c
0i
#7906571
0t
0s
0r
0y
0c
0i
#7908690
1t
0s
0r
0y
0c
0i
#7912388
0t
0s
0r
0y
0c
0i
#7914616
1t
0s
0r
0y
0c
0i
#7918561
0t
0s
0r
0y
0c
0i
#7920923
1t
0s
0r
0y
0c
0i
#7924998
0t
0s
0r
0y
0c
0i
#7927481
1t
0s
0r
0y
0c
0i
#7931625
0t
0s
0r
0y
0c
0i
#7934077
1t
0s
0r
0y
0c
0i
#7938034
0t
0s
0r
0y
0c
0i
#7940337
1t
0s
0r
0y
0c
0i
#7943971
0t
0s
0r
0y
0c
0i
#7946088
1t
0s
0r
0y
0c
0i
#7949335
0t
0s
0r
0y
0c
0i
#7951213
1t
0s
0r
0y
0c
0i
#7954134
0t
0s
0r
0y
0c
0i
#7955830
1t
0s
0r
0y
0c
0i
#7958511
0t
0s
0r
0y
0c
0i
#7960095
1t
0s
0r
0y
0c
0i
#7962626
0t
0s
0r
0y
0c
0i
#7964116
1t
0s
0r
0y
0c
0i
#7966536
0t
0s
0r
0y
0c
0i
#7967957
1t
0s
0r
0y
0c
0i
#7970270
0t
0s
0r
0y
0c
0i
#7971650
1t
0s
0r
0y
0c
0i
#7973907
0t
0s
0r
0y
0c
0i
#7975250
1t
0s
0r
0y
0c
0i
#7977475
0t
0s
0r
0y
0c
0i
#7978795
1t
0s
0r
0y
0c
0i
#7980986
0t
0s
0r
0y
0c
0i
#7982299
1t
0s
0r
0y
0c
0i
#7984488
0t
0s
0r
0y
0c
0i
#7985792
1t
0s
0r
0y
0c
0i
#7987989
0t
0s
0r
0y
0c
0i
#7989292
1t
0s
0r
0y
0c
0i
#7994945
0t
0s
0r
0y
0c
0i
#7998562
1t
0s
0r
0y
0c
0i
#8002194
0t
0s
0r
1y
0c
0i
#8003477
1t
0s
0r
1y
0c
0i
#8005756
0t
0s
0r
1y
0c
0i
#8007133
1t
0s
0r
1y
0c
0i
#8009439
0t
0s
0r
1y
0c
0i
#8010788
1t
0s
0r
1y
0c
0i
#8013010
0t
0s
0r
1y
0c
0i
#8014333
1t
0s
0r
1y
0c
0i
#8016558
0t
0s
0r
1y
0c
0i
#8017895
1t
0s
0r
1y
0c
0i
#8020207
0t
0s
0r
1y
0c
0i
#8021597
1t
0s
0r
1y
0c
0i
#8023958
0t
0s
0r
1y
0c
1i
#8025355
1t
0s
0r
1y
0c
1i
#8027678
0t
0s
0r
1y
0c
1i
#8029079
1t
0s
0r
1y
0c
1i
#8031462
0t
0s
0r
1y
0c
1i
#8032905
1t
0s
0r
1y
0c
1i
#8035410
0t
0s
0r
1y
0c
1i
#8036914
1t
0s
0r
1y
0c
1i
#8039454
0t
0s
0r
1y
0c
1i
#8040989
1t
0s
0r
1y
0c
1i
#8043614
0t
0s
0r
1y
0c
1i
#8045192
1t
0s
0r
1y
0c
1i
#8047895
0t
0s
0r
1y
0c
1i
#8049519
1t
0s
0r
1y
0c
1i
#8052229
0t
0s
0r
1y
0c
1i
#8053842
1t
0s
0r
1y
0c
1i
#8054209
1t
0s
1r
1y
0c
1i
#8054212
1t
0s
0r
1y
0c
1i
#8056518
0t
0s
0r
1y
0c
0i
#8058096
1t
0s
0r
1y
0c
0i
#8060670
0t
0s
0r
1y
0c
0i
#8062190
1t
0s
0r
1y
0c
0i
#8064630
0t
0s
0r
1y
0c
0i
#8066059
1t
0s
0r
1y
0c
0i
#8068360
0t
0s
0r
1y
0c
0i
#8069701
1t
0s
0r
1y
0c
0i
#8071873
0t
0s
0r
1y
0c
0i
#8073160
1t
0s
0r
1y
0c
0i
#8075260
0t
0s
0r
1y
0c
0i
#8076498
1t
0s
0r
1y
0c
0i
#8078557
0t
0s
0r
1y
0c
0i
#8079761
1t
0s
0r
1y
0c
0i
#8081770
0t
0s
0r
1y
0c
0i
#8082956
1t
0s
0r
1y
0c
0i
#8084934
0t
0s
0r
1y
0c
0i
#8086103
1t
0s
0r
1y
0c
0i
#8088069
0t
0s
0r
1y
0c
0i
#8089226
1t
0s
0r
1y
0c
0i
#8091165
0t
0s
0r
1y
0c
0i
#8092323
1t
0s
0r
1y
0c
0i
#8094265
0t
0s
0r
1y
0c
0i
#8095417
1t
0s
0r
1y
0c
0i
#8097372
0t
0s
0r
1y
0c
0i
#8098524
1t
0s
0r
1y
0c
0i
#8100475
0t
0s
0r
1y
0c
0i
#8101640
1t
0s
0r
1y
0c
0i
#8103608
0t
0s
0r
1y
0c
0i
#8104782
1t
0s
0r
1y
0c
0i
#8106779
0t
0s
0r
1y
0c
0i
#8107957
1t
0s
0r
1y
0c
0i
#8109964
0t
0s
0r
1y
0c
0i
#8111166
1t
0s
0r
1y
0c
0i
#8113209
0t
0s
0r
1y
0c
0i
#8114428
1t
0s
0r
1y
0c
0i
#8116517
0t
0s
0r
1y
0c
0i
#8117758
1t
0s
0r
1y
0c
0i
#8119882
0t
0s
0r
1y
0c
0i
#8121151
1t
0s
0r
1y
0c
0i
#8123275
0t
0s
0r
1y
0c
0i
#8124503
1t
0s
0r
1y
0c
0i
#8126562
0t
0s
0r
1y
0c
0i
#8127789
1t
0s
0r
1y
0c
0i
#8129879
0t
0s
0r
1y
0c
1i
#8131143
1t
0s
0r
1y
0c
1i
#8133339
0t
0s
0r
1y
0c
1i
#8134666
1t
0s
0r
1y
0c
1i
#8136939
0t
0s
0r
1y
0c
1i
#8138257
1t
0s
0r
1y
0c
1i
#8140471
0t
0s
0r
1y
0c
1i
#8141821
1t
0s
0r
1y
0c
1i
#8144127
0t
0s
0r
1y
0c
0i
#8145522
1t
0s
0r
1y
0c
0i
#8147967
0t
0s
0r
1y
1c
0i
#8149407
1t
0s
0r
1y
1c
0i
#8151839
0t
0s
0r
1y
1c
0i
#8153306
1t
0s
0r
1y
1c
0i
#8155741
0t
0s
0r
1y
1c
0i
#8157205
1t
0s
0r
1y
1c
0i
#8159649
0t
0s
0r
1y
1c
0i
#8161093
1t
0s
0r
1y
1c
0i
#8163457
0t
0s
0r
1y
1c
0i
#8164858
1t
0s
0r
1y
1c
0i
#8167111
0t
0s
0r
1y
1c
0i
#8168438
1t
0s
0r
1y
1c
0i
#8170579
0t
0s
0r
1y
1c
0i
#8171829
1t
0s
0r
1y
1c
0i
#8173853
0t
0s
0r
1y
1c
0i
#8175053
1t
0s
0r
1y
1c
0i
#8177011
0t
0s
0r
1y
1c
0i
#8178168
1t
0s
0r
1y
1c
0i
#8180086
0t
0s
0r
1y
1c
0i
#8181215
1t
0s
0r
1y
1c
0i
#8183089
0t
0s
0r
1y
1c
0i
#8184208
1t
0s
0r
1y
1c
0i
#8186062
0t
0s
0r
1y
1c
0i
#8187164
1t
0s
0r
1y
1c
0i
#8189010
0t
0s
0r
1y
1c
0i
#8190102
1t
0s
0r
1y
1c
0i
#8191927
0t
0s
0r
1y
1c
0i
#8193018
1t
0s
0r
1y
1c
0i
#8194843
0t
0s
0r
1y
1c
0i
#8195931
1t
0s
0r
1y
1c
0i
#8197763
0t
0s
0r
1y
1c
0i
#8198849
1t
0s
0r
1y
1c
0i
#8203564
0t
0s
0r
1y
1c
0i
#8206634
1t
0s
0r
1y
1c
0i
#8209612
0t
0s
0r
1y
1c
0i
#8210675
1t
0s
0r
1y
1c
0i
#8212567
0t
0s
0r
1y
1c
0i
#8213707
1t
0s
0r
1y
1c
0i
#8215633
0t
0s
0r
1y
1c
0i
#8216786
1t
0s
0r
1y
1c
0i
#8218748
0t
0s
0r
1y
1c
0i
#8219926
1t
0s
0r
1y
1c
0i
#8221932
0t
0s
0r
1y
1c
0i
#8223138
1t
0s
0r
1y
1c
0i
#8225208
0t
0s
0r
1y
1c
0i
#8226438
1t
0s
0r
1y
1c
0i
#8228506
0t
0s
0r
1y
1c
1i
#8229713
1t
0s
0r
1y
1c
1i
#8231703
0t
0s
0r
1y
1c
1i
#8232903
1t
0s
0r
1y
1c
1i
#8234941
0t
0s
0r
1y
1c
1i
#8236174
1t
0s
0r
1y
1c
1i
#8238322
0t
0s
0r
1y
1c
1i
#8239629
1t
0s
0r
1y
1c
1i
#8241883
0t
0s
0r
1y
1c
1i
#8243199
1t
0s
0r
1y
1c
0i
#8245391
0t
0s
0r
1y
0c
0i
#8246704
1t
0s
0r
1y
0c
0i
#8248920
0t
0s
0r
1y
0c
0i
#8250266
1t
0s
0r
1y
0c
0i
#8252569
0t
0s
0r
1y
0c
0i
#8253946
1t
0s
0r
1y
0c
0i
#8256263
0t
0s
0r
1y
0c
0i
#8257621
1t
0s
0r
1y
0c
0i
#8259833
0t
0s
0r
1y
0c
0i
#8261142
1t
0s
0r
1y
0c
0i
#8263275
0t
0s
0r
1y
0c
0i
#8264527
1t
0s
0r
1y
0c
0i
#8266579
0t
0s
0r
1y
0c
0i
#8267778
1t
0s
0r
1y
0c
0i
#8269745
0t
0s
0r
1y
0c
0i
#8270909
1t
0s
0r
1y
0c
0i
#8272824
0t
0s
0r
1y
0c
0i
#8273955
1t
0s
0r
1y
0c
0i
#8275841
0t
0s
0r
1y
0c
0i
#8276950
1t
0s
0r
1y
0c
0i
#8278805
0t
0s
0r
1y
0c
0i
#8279910
1t
0s
0r
1y
0c
0i
#8281758
0t
0s
0r
1y
0c
0i
#8282854
1t
0s
0r
1y
0c
0i
#8284705
0t
0s
0r
1y
0c
0i
#8285795
1t
0s
0r
1y
0c
0i
#8287631
0t
0s
0r
1y
0c
0i
#8288728
1t
0s
0r
1y
0c
0i
#8290576
0t
0s
0r
1y
0c
0i
#8291674
1t
0s
0r
1y
0c
0i
#8293537
0t
0s
0r
1y
0c
0i
#8294636
1t
0s
0r
1y
0c
0i
#8296501
0t
0s
0r
1y
0c
0i
#8297614
1t
0s
0r
1y
0c
0i
#8299496
0t
0s
0r
1y
0c
0i
#8300618
1t
0s
0r
1y
0c
0i
#8302528
0t
0s
0r
1y
0c
0i
#8303656
1t
0s
0r
1y
0c
0i
#8305576
0t
0s
0r
1y
0c
0i
#8306725
1t
0s
0r
1y
0c
0i
#8308677
0t
0s
0r
1y
0c
0i
#8309840
1t
0s
0r
1y
0c
0i
#8311834
0t
0s
0r
1y
0c
0i
#8313016
1t
0s
0r
1y
0c
0i
#8315031
0t
0s
0r
1y
0c
0i
#8316238
1t
0s
0r
1y
0c
0i
#8318262
0t
0s
0r
1y
0c
0i
#8319442
1t
0s
0r
1y
0c
0i
#8321413
0t
0s
0r
1y
0c
0i
#8322580
1t
0s
0r
1y
0c
0i
#8324558
0t
0s
0r
1y
0c
1i
#8325752
1t
0s
0r
1y
0c
1i
#8327816
0t
0s
0r
1y
0c
1i
#8329059
1t
0s
0r
1y
0c
1i
#8331208
0t
0s
0r
1y
0c
1i
#8332469
1t
0s
0r
1y
0c
1i
#8334585
0t
0s
0r
1y
0c
1i
#8335866
1t
0s
0r
1y
0c
1i
#8338027
0t
0s
0r
1y
0c
1i
#8339340
1t
0s
0r
1y
0c
0i
#8341623
0t
0s
0r
1y
1c
0i
#8342974
1t
0s
0r
1y
1c
0i
#8345281
0t
0s
0r
1y
1c
0i
#8346664
1t
0s
0r
1y
1c
0i
#8348947
0t
0s
0r
1y
1c
0i
#8350320
1t
0s
0r
1y
1c
0i
#8352612
0t
0s
0r
1y
1c
0i
#8353960
1t
0s
0r
1y
1c
0i
#8356181
0t
0s
0r
1y
1c
0i
#8357500
1t
0s
0r
1y
1c
0i
#8359634
0t
0s
0r
1y
1c
0i
#8360887
1t
0s
0r
1y
1c
0i
#8362925
0t
0s
0r
1y
1c
0i
#8364114
1t
0s
0r
1y
1c
0i
#8366046
0t
0s
0r
1y
1c
0i
#8367190
1t
0s
0r
1y
1c
0i
#8369057
0t
0s
0r
1y
1c
0i
#8370160
1t
0s
0r
1y
1c
0i
#8371990
0t
0s
0r
1y
1c
0i
#8373066
1t
0s
0r
1y
1c
0i
#8374856
0t
0s
0r
1y
1c
0i
#8375924
1t
0s
0r
1y
1c
0i
#8377701
0t
0s
0r
1y
1c
0i
#8378756
1t
0s
0r
1y
1c
0i
#8380527
0t
0s
0r
1y
1c
0i
#8381575
1t
0s
0r
1y
1c
0i
#8383329
0t
0s
0r
1y
1c
0i
#8384378
1t
0s
0r
1y
1c
0i
#8386133
0t
0s
0r
1y
1c
0i
#8387178
1t
0s
0r
1y
1c
0i
#8388940
0t
0s
0r
1y
1c
0i
#8389984
1t
0s
0r
1y
1c
0i
#8394514
0t
0s
0r
1y
1c
0i
#8397471
1t
0s
0r
1y
1c
0i
#8400317
0t
0s
0r
1y
1c
0i
#8401336
1t
0s
0r
1y
1c
0i
#8403150
0t
0s
0r
1y
1c
0i
#8404241
1t
0s
0r
1y
1c
0i
#8406084
0t
0s
0r
1y
1c
0i
#8407187
1t
0s
0r
1y
1c
0i
#8409061
0t
0s
0r
1y
1c
0i
#8410187
1t
0s
0r
1y
1c
0i
#8412101
0t
0s
0r
1y
1c
0i
#8413251
1t
0s
0r
1y
1c
0i
#8415225
0t
0s
0r
1y
1c
0i
#8416403
1t
0s
0r
1y
1c
0i
#8418426
0t
0s
0r
1y
1c
0i
#8419648
1t
0s
0r
1y
1c
0i
#8421707
0t
0s
0r
1y
1c
0i
#8422916
1t
0s
0r
1y
1c
0i
#8424894
0t
0s
0r
1y
1c
0i
#8426072
1t
0s
0r
1y
1c
0i
#8428070
0t
0s
0r
1y
1c
0i
#8429281
1t
0s
0r
1y
1c
0i
#8431394
0t
0s
0r
1y
1c
0i
#8432685
1t
0s
0r
1y
1c
1i
#8434944
0t
0s
0r
1y
0c
1i
#8436274
1t
0s
0r
1y
0c
1i
#8438466
0t
0s
0r
1y
0c
1i
#8439767
1t
0s
0r
1y
0c
1i
#8441927
0t
0s
0r
1y
0c
0i
#8443217
1t
0s
0r
1y
0c
0i
#8445128
1t
0s
1r
1y
0c
0i
#8445130
1t
0s
0r
1y
0c
0i
#8445389
0t
0s
0r
1y
0c
0i
#8446668
1t
0s
0r
1y
0c
0i
#8448785
0t
0s
0r
1y
0c
0i
#8450036
1t
0s
0r
1y
0c
0i
#8452074
0t
0s
0r
1y
0c
0i
#8453267
1t
0s
0r
1y
0c
0i
#8455222
0t
0s
0r
1y
0c
0i
#8456362
1t
0s
0r
1y
0c
0i
#8458226
0t
0s
0r
1y
0c
0i
#8459328
1t
0s
0r
1y
0c
0i
#8461133
0t
0s
0r
1y
0c
0i
#8462196
1t
0s
0r
1y
0c
0i
#8463965
0t
0s
0r
1y
0c
0i
#8465003
1t
0s
0r
1y
0c
0i
#8466737
0t
0s
0r
1y
0c
0i
#8467766
1t
0s
0r
1y
0c
0i
#8469490
0t
0s
0r
1y
0c
0i
#8470510
1t
0s
0r
1y
0c
0i
#8472234
0t
0s
0r
1y
0c
0i
#8473247
1t
0s
0r
1y
0c
0i
#8474955
0t
0s
0r
1y
0c
0i
#8475974
1t
0s
0r
1y
0c
0i
#8477685
0t
0s
0r
1y
0c
0i
#8478700
1t
0s
0r
1y
0c
0i
#8480422
0t
0s
0r
1y
0c
0i
#8481435
1t
0s
0r
1y
0c
0i
#8483153
0t
0s
0r
1y
0c
0i
#8484176
1t
0s
0r
1y
0c
0i
#8485905
0t
0s
0r
1y
0c
0i
#8486934
1t
0s
0r
1y
0c
0i
#8488684
0t
0s
0r
1y
0c
0i
#8489716
1t
0s
0r
1y
0c
0i
#8491469
0t
0s
0r
1y
0c
0i
#8492516
1t
0s
0r
1y
0c
0i
#8494293
0t
0s
0r
1y
0c
0i
#8495349
1t
0s
0r
1y
0c
0i
#8497158
0t
0s
0r
1y
0c
0i
#8498227
1t
0s
0r
1y
0c
0i
#8500050
0t
0s
0r
1y
0c
0i
#8501145
1t
0s
0r
1y
0c
0i
#8503010
0t
0s
0r
1y
0c
0i
#8504126
1t
0s
0r
1y
0c
0i
#8506045
0t
0s
0r
1y
0c
0i
#8507187
1t
0s
0r
1y
0c
0i
#8509151
0t
0s
0r
1y
0c
0i
#8510334
1t
0s
0r
1y
0c
0i
#8512363
0t
0s
0r
1y
0c
0i
#8513562
1t
0s
0r
1y
0c
0i
#8515569
0t
0s
0r
1y
0c
0i
#8516739
1t
0s
0r
1y
0c
0i
#8518686
0t
0s
0r
1y
0c
0i
#8519873
1t
0s
0r
1y
0c
0i
#8521907
0t
0s
0r
1y
0c
1i
#8523131
1t
0s
0r
1y
0c
1i
#8525290
0t
0s
0r
1y
0c
1i
#8526576
1t
0s
0r
1y
1c
1i
#8528752
0t
0s
0r
1y
1c
1i
#8530033
1t
0s
0r
1y
1c
0i
#8532136
0t
0s
0r
1y
1c
0i
#8533400
1t
0s
0r
1y
1c
0i
#8535505
0t
0s
0r
1y
1c
0i
#8536739
1t
0s
0r
1y
1c
0i
#8538725
0t
0s
0r
1y
1c
0i
#8539866
1t
0s
0r
1y
1c
0i
#8541604
0t
0s
0r
1y
1c
0i
#8542593
1t
0s
0r
1y
1c
0i
#8544114
0t
0s
0r
1y
1c
0i
#8544985
1t
0s
0r
1y
1c
0i
#8546344
0t
0s
0r
1y
1c
0i
#8547140
1t
0s
0r
1y
1c
0i
#8548402
0t
0s
0r
1y
1c
0i
#8549141
1t
0s
0r
1y
1c
0i
#8550338
0t
0s
0r
1y
1c
0i
#8551037
1t
0s
0r
1y
1c
0i
#8552180
0t
0s
0r
1y
1c
0i
#8552859
1t
0s
0r
1y
1c
0i
#8553975
0t
0s
0r
1y
1c
0i
#8554634
1t
0s
0r
1y
1c
0i
#8555728
0t
0s
0r
1y
1c
0i
#8556372
1t
0s
0r
1y
1c
0i
#8557435
0t
0s
0r
1y
1c
0i
#8558068
1t
0s
0r
1y
1c
0i
#8559115
0t
0s
0r
1y
1c
0i
#8559735
1t
0s
0r
1y
1c
0i
#8560770
0t
0s
0r
1y
1c
0i
#8561379
1t
0s
0r
1y
1c
0i
#8563973
0t
0s
0r
1y
1c
0i
#8565699
1t
0s
0r
1y
1c
0i
#8567214
0t
0s
0r
1y
1c
0i
#8567775
1t
0s
0r
1y
1c
0i
#8568765
0t
0s
0r
1y
1c
0i
#8569355
1t
0s
0r
1y
1c
0i
#8570344
0t
0s
0r
1y
1c
0i
#8570931
1t
0s
0r
1y
1c
0i
#8571919
0t
0s
0r
1y
1c
0i
#8572507
1t
0s
0r
1y
1c
0i
#8573496
0t
0s
0r
1y
1c
0i
#8574085
1t
0s
0r
1y
1c
0i
#8575081
0t
0s
0r
1y
1c
0i
#8575669
1t
0s
0r
1y
1c
0i
#8576664
0t
0s
0r
1y
1c
0i
#8577259
1t
0s
0r
1y
1c
0i
#8578263
0t
0s
0r
1y
1c
0i
#8578861
1t
0s
0r
1y
1c
0i
#8579878
0t
0s
0r
1y
1c
0i
#8580482
1t
0s
0r
1y
1c
0i
#8581505
0t
0s
0r
1y
1c
0i
#8582119
1t
0s
0r
1y
1c
0i
#8583160
0t
0s
0r
1y
1c
0i
#8583780
1t
0s
0r
1y
1c
1i
#8584842
0t
0s
0r
1y
1c
1i
#8585470
1t
0s
0r
1y
1c
1i
#8586539
0t
0s
0r
1y
0c
1i
#8587178
1t
0s
0r
1y
0c
1i
#8588258
0t
0s
0r
1y
0c
1i
#8588901
1t
0s
0r
1y
0c
1i
#8589987
0t
0s
0r
1y
0c
1i
#8590627
1t
0s
0r
1y
0c
1i
#8591699
0t
0s
0r
1y
0c
1i
#8592336
1t
0s
0r
1y
0c
0i
#8593399
0t
0s
0r
1y
0c
0i
#8594027
1t
0s
0r
1y
0c
0i
#8595079
0t
0s
0r
1y
0c
0i
#8595696
1t
0s
0r
1y
0c
0i
#8596726
0t
0s
0r
1y
0c
0i
#8597340
1t
0s
0r
1y
0c
0i
#8598360
0t
0s
0r
1y
0c
0i
#8598963
1t
0s
0r
1y
0c
0i
#8599978
0t
0s
0r
1y
0c
0i
#8600574
1t
0s
0r
1y
0c
0i
#8601576
0t
0s
0r
1y
0c
0i
#8602171
1t
0s
0r
1y
0c
0i
#8603168
0t
0s
0r
1y
0c
0i
#8603758
1t
0s
0r
1y
0c
0i
#8604756
0t
0s
0r
1y
0c
0i
#8605342
1t
0s
0r
1y
0c
0i
#8606330
0t
0s
0r
1y
0c
0i
#8606918
1t
0s
0r
1y
0c
0i
#8607907
0t
0s
0r
1y
0c
0i
#8608493
1t
0s
0r
1y
0c
0i
#8609486
0t
0s
0r
1y
0c
0i
#8610070
1t
0s
0r
1y
0c
0i
#8611057
0t
0s
0r
1y
0c
0i
#8611644
1t
0s
0r
1y
0c
0i
#8612634
0t
0s
0r
1y
0c
0i
#8613222
1t
0s
0r
1y
0c
0i
#8614218
0t
0s
0r
1y
0c
0i
#8614803
1t
0s
0r
1y
0c
0i
#8615795
0t
0s
0r
1y
0c
0i
#8616385
1t
0s
0r
1y
0c
0i
#8617384
0t
0s
0r
1y
0c
0i
#8617975
1t
0s
0r
1y
0c
0i
#8618983
0t
0s
0r
1y
0c
0i
#8619576
1t
0s
0r
1y
0c
0i
#8620581
0t
0s
0r
1y
0c
0i
#8621182
1t
0s
0r
1y
0c
0i
#8622196
0t
0s
0r
1y
0c
0i
#8622798
1t
0s
0r
1y
0c
0i
#8623824
0t
0s
0r
1y
0c
0i
#8624429
1t
0s
0r
1y
0c
0i
#8625457
0t
0s
0r
1y
0c
0i
#8626072
1t
0s
0r
1y
0c
0i
#8627114
0t
0s
0r
1y
0c
0i
#8627735
1t
0s
0r
1y
0c
0i
#8628795
0t
0s
0r
1y
0c
0i
#8629424
1t
0s
0r
1y
0c
0i
#8630494
0t
0s
0r
1y
0c
0i
#8631136
1t
0s
0r
1y
0c
0i
#8632229
0t
0s
0r
1y
0c
1i
#8632881
1t
0s
0r
1y
0c
1i
#8633999
0t
0s
0r
1y
0c
1i
#8634662
1t
0s
0r
1y
0c
1i
#8635791
0t
0s
0r
1y
1c
1i
#8636469
1t
0s
0r
1y
1c
1i
#8637615
0t
0s
0r
1y
1c
1i
#8638298
1t
0s
0r
1y
1c
1i
#8639453
0t
0s
0r
1y
1c
1i
#8640133
1t
0s
0r
1y
1c
1i
#8641274
0t
0s
0r
1y
1c
0i
#8641953
1t
0s
0r
1y
1c
0i
#8643083
0t
0s
0r
1y
1c
0i
#8643752
1t
0s
0r
1y
1c
0i
#8644870
0t
0s
0r
1y
1c
0i
#8645527
1t
0s
0r
1y
1c
0i
#8646620
0t
0s
0r
1y
1c
0i
#8647273
1t
0s
0r
1y
1c
0i
#8648355
0t
0s
0r
1y
1c
0i
#8648997
1t
0s
0r
1y
1c
0i
#8650073
0t
0s
0r
1y
1c
0i
#8650706
1t
0s
0r
1y
1c
0i
#8651765
0t
0s
0r
1y
1c
0i
#8652397
1t
0s
0r
1y
1c
0i
#8653453
0t
0s
0r
1y
1c
0i
#8654080
1t
0s
0r
1y
1c
0i
#8655135
0t
0s
0r
1y
1c
0i
#8655760
1t
0s
0r
1y
1c
0i
#8656806
0t
0s
0r
1y
1c
0i
#8657432
1t
0s
0r
1y
1c
0i
#8658479
0t
0s
0r
1y
1c
0i
#8659102
1t
0s
0r
1y
1c
0i
#8660154
0t
0s
0r
1y
1c
0i
#8660775
1t
0s
0r
1y
1c
0i
#8663465
0t
0s
0r
1y
1c
0i
#8665275
1t
0s
0r
1y
1c
0i
#8666888
0t
0s
0r
1y
1c
0i
#8667479
1t
0s
0r
1y
1c
0i
#8668537
0t
0s
0r
1y
1c
0i
#8669169
1t
0s
0r
1y
1c
0i
#8670233
0t
0s
0r
1y
1c
0i
#8670865
1t
0s
0r
1y
1c
0i
#8671934
0t
0s
0r
1y
1c
0i
#8672572
1t
0s
0r
1y
1c
0i
#8673648
0t
0s
0r
1y
1c
0i
#8674288
1t
0s
0r
1y
1c
0i
#8675377
0t
0s
0r
1y
1c
0i
#8676021
1t
0s
0r
1y
1c
0i
#8677113
0t
0s
0r
1y
1c
0i
#8677766
1t
0s
0r
1y
1c
0i
#8678874
0t
0s
0r
1y
1c
0i
#8679534
1t
0s
0r
1y
1c
0i
#8680662
0t
0s
0r
1y
1c
0i
#8681332
1t
0s
0r
1y
1c
0i
#8682471
0t
0s
0r
1y
1c
0i
#8683155
1t
0s
0r
1y
1c
0i
#8684319
0t
0s
0r
1y
1c
0i
#8685014
1t
0s
0r
1y
1c
0i
#8686207
0t
0s
0r
1y
1c
0i
#8686913
1t
0s
0r
1y
1c
1i
#8688118
0t
0s
0r
1y
0c
1i
#8688839
1t
0s
0r
1y
0c
1i
#8690062
0t
0s
0r
1y
0c
1i
#8690788
1t
0s
0r
1y
0c
1i
#8692018
0t
0s
0r
1y
0c
1i
#8692741
1t
0s
0r
1y
0c
1i
#8693953
0t
0s
0r
1y
0c
1i
#8694672
1t
0s
0r
1y
0c
1i
#8695870
0t
0s
0r
1y
0c
1i
#8696576
1t
0s
0r
1y
0c
0i
#8697274
1t
0s
1r
1y
0c
0i
#8697276
1t
0s
0r
1y
0c
0i
#8697758
0t
0s
0r
1y
0c
0i
#8698449
1t
0s
0r
1y
0c
0i
#8699603
0t
0s
0r
1y
0c
0i
#8700289
1t
0s
0r
1y
0c
0i
#8701428
0t
0s
0r
1y
0c
0i
#8702100
1t
0s
0r
1y
0c
0i
#8703230
0t
0s
0r
1y
0c
0i
#8703893
1t
0s
0r
1y
0c
0i
#8705007
0t
0s
0r
1y
0c
0i
#8705668
1t
0s
0r
1y
0c
0i
#8706777
0t
0s
0r
1y
0c
0i
#8707432
1t
0s
0r
1y
0c
0i
#8708540
0t
0s
0r
1y
0c
0i
#8709191
1t
0s
0r
1y
0c
0i
#8710289
0t
0s
0r
1y
0c
0i
#8710942
1t
0s
0r
1y
0c
0i
#8712042
0t
0s
0r
1y
0c
0i
#8712693
1t
0s
0r
1y
0c
0i
#8713798
0t
0s
0r
1y
0c
0i
#8714447
1t
0s
0r
1y
0c
0i
#8715547
0t
0s
0r
1y
0c
0i
#8716202
1t
0s
0r
1y
0c
0i
#8717306
0t
0s
0r
1y
0c
0i
#8717962
1t
0s
0r
1y
0c
0i
#8719074
0t
0s
0r
1y
0c
0i
#8719729
1t
0s
0r
1y
0c
0i
#8720840
0t
0s
0r
1y
0c
0i
#8721502
1t
0s
0r
1y
0c
0i
#8722621
0t
0s
0r
1y
0c
0i
#8723285
1t
0s
0r
1y
0c
0i
#8724415
0t
0s
0r
1y
0c
0i
#8725081
1t
0s
0r
1y
0c
0i
#8726213
0t
0s
0r
1y
0c
0i
#8726889
1t
0s
0r
1y
0c
0i
#8728033
0t
0s
0r
1y
0c
0i
#8728713
1t
0s
0r
1y
0c
0i
#8729873
0t
0s
0r
1y
0c
0i
#8730559
1t
0s
0r
1y
0c
0i
#8731725
0t
0s
0r
1y
0c
0i
#8732423
1t
0s
0r
1y
0c
0i
#8733610
0t
0s
0r
1y
0c
0i
#8734318
1t
0s
0r
1y
0c
0i
#8735530
0t
0s
0r
1y
0c
0i
#8736251
1t
0s
0r
1y
0c
0i
#8737479
0t
0s
0r
1y
0c
0i
#8738218
1t
0s
0r
1y
0c
0i
#8739478
0t
0s
0r
1y
0c
0i
#8740232
1t
0s
0r
1y
0c
0i
#8741528
0t
0s
0r
1y
0c
0i
#8742297
1t
0s
0r
1y
1c
1i
#8743612
0t
0s
0r
1y
1c
1i
#8744401
1t
0s
0r
1y
1c
1i
#8745737
0t
0s
0r
1y
1c
1i
#8746534
1t
0s
0r
1y
1c
1i
#8747879
0t
0s
0r
1y
1c
1i
#8748672
1t
0s
0r
1y
1c
1i
#8749994
0t
0s
0r
1y
1c
1i
#8750782
1t
0s
0r
1y
1c
1i
#8752084
0t
0s
0r
1y
1c
0i
#8752855
1t
0s
0r
1y
1c
0i
#8754135
0t
0s
0r
1y
1c
0i
#8754887
1t
0s
0r
1y
1c
0i
#8756131
0t
0s
0r
1y
1c
0i
#8756874
1t
0s
0r
1y
1c
0i
#8758099
0t
0s
0r
1y
1c
0i
#8758825
1t
0s
0r
1y
1c
0i
#8760037
0t
0s
0r
1y
1c
0i
#8760751
1t
0s
0r
1y
1c
0i
#8761940
0t
0s
0r
1y
1c
0i
#8762650
1t
0s
0r
1y
1c
0i
#8763832
0t
0s
0r
1y
1c
0i
#8764535
1t
0s
0r
1y
1c
0i
#8765715
0t
0s
0r
1y
1c
0i
#8766413
1t
0s
0r
1y
1c
0i
#8767580
0t
0s
0r
1y
1c
0i
#8768279
1t
0s
0r
1y
1c
0i
#8769447
0t
0s
0r
1y
1c
0i
#8770142
1t
0s
0r
1y
1c
0i
#8771314
0t
0s
0r
1y
1c
0i
#8772007
1t
0s
0r
1y
1c
0i
#8775007
0t
0s
0r
1y
1c
0i
#8777016
1t
0s
0r
1y
1c
0i
#8778829
0t
0s
0r
1y
1c
0i
#8779490
1t
0s
0r
1y
1c
0i
#8780675
0t
0s
0r
1y
1c
0i
#8781383
1t
0s
0r
1y
1c
0i
#8782576
0t
0s
0r
1y
1c
0i
#8783287
1t
0s
0r
1y
1c
0i
#8784489
0t
0s
0r
1y
1c
0i
#8785207
1t
0s
0r
1y
1c
0i
#8786421
0t
0s
0r
1y
1c
0i
#8787145
1t
0s
0r
1y
1c
0i
#8788379
0t
0s
0r
1y
1c
0i
#8789109
1t
0s
0r
1y
1c
0i
#8790351
0t
0s
0r
1y
1c
0i
#8791097
1t
0s
0r
1y
1c
0i
#8792365
0t
0s
0r
1y
1c
0i
#8793122
1t
0s
0r
1y
1c
0i
#8794420
0t
0s
0r
1y
1c
0i
#8795195
1t
0s
0r
1y
1c
0i
#8796515
0t
0s
0r
1y
1c
0i
#8797312
1t
0s
0r
1y
1c
0i
#8798674
0t
0s
0r
1y
1c
0i
#8799490
1t
0s
0r
1y
1c
0i
#8800897
0t
0s
0r
1y
0c
0i
#8801734
1t
0s
0r
1y
0c
0i
#8803168
0t
0s
0r
1y
0c
0i
#8804029
1t
0s
0r
1y
0c
0i
#8805491
0t
0s
0r
1y
0c
0i
#8806363
1t
0s
0r
1y
0c
0i
#8807835
0t
0s
0r
1y
0c
0i
#8808705
1t
0s
0r
1y
0c
0i
#8810152
0t
0s
0r
1y
0c
0i
#8811012
1t
0s
0r
1y
0c
0i
#8812424
0t
0s
0r
1y
0c
0i
#8813252
1t
0s
0r
1y
0c
0i
#8814603
0t
0s
0r
1y
0c
0i
#8815386
1t
0s
0r
1y
0c
0i
#8816644
0t
0s
0r
1y
0c
0i
#8817382
1t
0s
0r
1y
0c
0i
#8818564
0t
0s
0r
1y
0c
0i
#8819254
1t
0s
0r
1y
0c
0i
#8820376
0t
0s
0r
1y
0c
0i
#8821028
1t
0s
0r
1y
0c
0i
#8822096
0t
0s
0r
1y
0c
0i
#8822726
1t
0s
0r
1y
0c
0i
#8823761
0t
0s
0r
1y
0c
0i
#8824371
1t
0s
0r
1y
0c
0i
#8825387
0t
0s
0r
1y
0c
0i
#8825982
1t
0s
0r
1y
0c
0i
#8826974
0t
0s
0r
1y
0c
0i
#8827563
1t
0s
0r
1y
0c
0i
#8828548
0t
0s
0r
1y
0c
0i
#8829129
1t
0s
0r
1y
0c
0i
#8830110
0t
0s
0r
1y
0c
0i
#8830685
1t
0s
0r
1y
0c
0i
#8831654
0t
0s
0r
1y
0c
0i
#8832229
1t
0s
0r
1y
0c
0i
#8833191
0t
0s
0r
1y
0c
0i
#8833762
1t
0s
0r
1y
0c
0i
#8834723
0t
0s
0r
1y
0c
0i
#8835287
1t
0s
0r
1y
0c
0i
#8836236
0t
0s
0r
1y
0c
0i
#8836801
1t
0s
0r
1y
0c
0i
#8837749
0t
0s
0r
1y
0c
0i
#8838310
1t
0s
0r
1y
0c
0i
#8839260
0t
0s
0r
1y
0c
0i
#8839818
1t
0s
0r
1y
0c
0i
#8840762
0t
0s
0r
1y
0c
0i
#8841325
1t
0s
0r
1y
0c
0i
#8842272
0t
0s
0r
1y
0c
0i
#8842834
1t
0s
0r
1y
0c
0i
#8843788
0t
0s
0r
1y
0c
0i
#8844351
1t
0s
0r
1y
0c
0i
#8845302
0t
0s
0r
1y
0c
0i
#8845871
1t
0s
0r
1y
0c
0i
#8846831
0t
0s
0r
1y
0c
0i
#8847403
1t
0s
0r
1y
0c
0i
#8848376
0t
0s
0r
1y
0c
0i
#8848953
1t
0s
0r
1y
0c
0i
#8849931
0t
0s
0r
1y
0c
0i
#8850517
1t
0s
0r
1y
0c
0i
#8851511
0t
0s
0r
1y
0c
1i
#8852105
1t
0s
0r
1y
0c
1i
#8853118
0t
0s
0r
1y
0c
1i
#8853717
1t
0s
0r
1y
1c
1i
#8854736
0t
0s
0r
1y
1c
1i
#8855347
1t
0s
0r
1y
1c
1i
#8856379
0t
0s
0r
1y
1c
1i
#8856993
1t
0s
0r
1y
1c
1i
#8858032
0t
0s
0r
1y
1c
1i
#8858644
1t
0s
0r
1y
1c
1i
#8859670
0t
0s
0r
1y
1c
1i
#8860281
1t
0s
0r
1y
1c
1i
#8861298
0t
0s
0r
1y
1c
0i
#8861901
1t
0s
0r
1y
1c
0i
#8862910
0t
0s
0r
1y
1c
0i
#8863503
1t
0s
0r
1y
1c
0i
#8864492
0t
0s
0r
1y
1c
0i
#8865083
1t
0s
0r
1y
1c
0i
#8866064
0t
0s
0r
1y
1c
0i
#8866646
1t
0s
0r
1y
1c
0i
#8867622
0t
0s
0r
1y
1c
0i
#8868198
1t
0s
0r
1y
1c
0i
#8869160
0t
0s
0r
1y
1c
0i
#8869734
1t
0s
0r
1y
1c
0i
#8870695
0t
0s
0r
1y
1c
0i
#8871265
1t
0s
0r
1y
1c
0i
#8872226
0t
0s
0r
1y
1c
0i
#8872794
1t
0s
0r
1y
1c
0i
#8873746
0t
0s
0r
1y
1c
0i
#8874315
1t
0s
0r
1y
1c
0i
#8875268
0t
0s
0r
1y
1c
0i
#8875835
1t
0s
0r
1y
1c
0i
#8876792
0t
0s
0r
1y
1c
0i
#8877357
1t
0s
0r
1y
1c
0i
#8879803
0t
0s
0r
1y
1c
0i
#8881454
1t
0s
0r
1y
1c
0i
#8882902
0t
0s
0r
1y
1c
0i
#8883446
1t
0s
0r
1y
1c
0i
#8884406
0t
0s
0r
1y
1c
0i
#8884979
1t
0s
0r
1y
1c
0i
#8885942
0t
0s
0r
1y
1c
0i
#8886515
1t
0s
0r
1y
1c
0i
#8887482
0t
0s
0r
1y
1c
0i
#8888059
1t
0s
0r
1y
1c
0i
#8889030
0t
0s
0r
1y
1c
0i
#8889609
1t
0s
0r
1y
1c
0i
#8890591
0t
0s
0r
1y
1c
0i
#8891171
1t
0s
0r
1y
1c
0i
#8892154
0t
0s
0r
1y
1c
0i
#8892743
1t
0s
0r
1y
1c
0i
#8893739
0t
0s
0r
1y
1c
0i
#8894332
1t
0s
0r
1y
1c
0i
#8895342
0t
0s
0r
1y
1c
0i
#8895943
1t
0s
0r
1y
1c
0i
#8896960
0t
0s
0r
1y
1c
0i
#8897571
1t
0s
0r
1y
1c
0i
#8898607
0t
0s
0r
1y
1c
0i
#8899225
1t
0s
0r
1y
1c
0i
#8900283
0t
0s
0r
1y
1c
0i
#8900909
1t
0s
0r
1y
1c
0i
#8901975
0t
0s
0r
1y
0c
1i
#8902612
1t
0s
0r
1y
0c
1i
#8903690
0t
0s
0r
1y
0c
1i
#8904331
1t
0s
0r
1y
0c
1i
#8905416
0t
0s
0r
1y
0c
1i
#8906055
1t
0s
0r
1y
0c
1i
#8907127
0t
0s
0r
1y
0c
1i
#8907764
1t
0s
0r
1y
0c
1i
#8908827
0t
0s
0r
1y
0c
1i
#8909454
1t
0s
0r
1y
0c
1i
#8910507
0t
0s
0r
1y
0c
0i
#8911124
1t
0s
0r
1y
0c
0i
#8912157
0t
0s
0r
1y
0c
0i
#8912771
1t
0s
0r
1y
0c
0i
#8913793
0t
0s
0r
1y
0c
0i
#8914397
1t
0s
0r
1y
0c
0i
#8915414
0t
0s
0r
1y
0c
0i
#8916011
1t
0s
0r
1y
0c
0i
#8917015
0t
0s
0r
1y
0c
0i
#8917611
1t
0s
0r
1y
0c
0i
#8918612
0t
0s
0r
1y
0c
0i
#8919204
1t
0s
0r
1y
0c
0i
#8920206
0t
0s
0r
1y
0c
0i
#8920793
1t
0s
0r
1y
0c
0i
#8921786
0t
0s
0r
1y
0c
0i
#8922376
1t
0s
0r
1y
0c
0i
#8923371
0t
0s
0r
1y
0c
0i
#8923960
1t
0s
0r
1y
0c
0i
#8924959
0t
0s
0r
1y
0c
0i
#8925545
1t
0s
0r
1y
0c
0i
#8926540
0t
0s
0r
1y
0c
0i
#8927131
1t
0s
0r
1y
0c
0i
#8928128
0t
0s
0r
1y
0c
0i
#8928720
1t
0s
0r
1y
0c
0i
#8929723
0t
0s
0r
1y
0c
0i
#8930314
1t
0s
0r
1y
0c
0i
#8931313
0t
0s
0r
1y
0c
0i
#8931909
1t
0s
0r
1y
0c
0i
#8932915
0t
0s
0r
1y
0c
0i
#8933511
1t
0s
0r
1y
0c
0i
#8934526
0t
0s
0r
1y
0c
0i
#8935123
1t
0s
0r
1y
0c
0i
#8936135
0t
0s
0r
1y
0c
0i
#8936740
1t
0s
0r
1y
0c
0i
#8937760
0t
0s
0r
1y
0c
0i
#8938367
1t
0s
0r
1y
0c
0i
#8939399
0t
0s
0r
1y
0c
0i
#8940009
1t
0s
0r
1y
0c
0i
#8941044
0t
0s
0r
1y
0c
0i
#8941662
1t
0s
0r
1y
0c
0i
#8942711
0t
0s
0r
1y
0c
0i
#8943335
1t
0s
0r
1y
0c
0i
#8944401
0t
0s
0r
1y
0c
0i
#8945035
1t
0s
0r
1y
0c
0i
#8946110
0t
0s
0r
1y
0c
0i
#8946755
1t
0s
0r
1y
0c
0i
#8947853
0t
0s
0r
1y
0c
0i
#8948507
1t
0s
0r
1y
0c
0i
#8949629
0t
0s
0r
1y
0c
0i
#8950294
1t
0s
0r
1y
0c
0i
#8951426
0t
0s
0r
1y
1c
1i
#8952105
1t
0s
0r
1y
1c
1i
#8953252
0t
0s
0r
1y
1c
1i
#8953935
1t
0s
0r
1y
1c
1i
#8955089
0t
0s
0r
1y
1c
1i
#8955770
1t
0s
0r
1y
1c
1i
#8956909
0t
0s
0r
1y
1c
1i
#8957587
1t
0s
0r
1y
1c
1i
#8958715
0t
0s
0r
1y
1c
1i
#8959381
1t
0s
0r
1y
1c
1i
#8960496
0t
0s
0r
1y
1c
0i
#8961151
1t
0s
0r
1y
1c
0i
#8962240
0t
0s
0r
1y
1c
0i
#8962890
1t
0s
0r
1y
1c
0i
#8963968
0t
0s
0r
1y
1c
0i
#8964607
1t
0s
0r
1y
1c
0i
#8965678
0t
0s
0r
1y
1c
0i
#8966308
1t
0s
0r
1y
1c
0i
#8967362
0t
0s
0r
1y
1c
0i
#8967991
1t
0s
0r
1y
1c
0i
#8969041
0t
0s
0r
1y
1c
0i
#8969666
1t
0s
0r
1y
1c
0i
#8970715
0t
0s
0r
1y
1c
0i
#8971337
1t
0s
0r
1y
1c
0i
#8972377
0t
0s
0r
1y
1c
0i
#8973000
1t
0s
0r
1y
1c
0i
#8974042
0t
0s
0r
1y
1c
0i
#8974662
1t
0s
0r
1y
1c
0i
#8975708
0t
0s
0r
1y
1c
0i
#8976327
1t
0s
0r
1y
1c
0i
#8979003
0t
0s
0r
1y
1c
0i
#8980807
1t
0s
0r
1y
1c
0i
#8982411
0t
0s
0r
1y
1c
0i
#8983000
1t
0s
0r
1y
1c
0i
#8984054
0t
0s
0r
1y
1c
0i
#8984684
1t
0s
0r
1y
1c
0i
#8985743
0t
0s
0r
1y
1c
0i
#8986373
1t
0s
0r
1y
1c
0i
#8987438
0t
0s
0r
1y
1c
0i
#8988074
1t
0s
0r
1y
1c
0i
#8989145
0t
0s
0r
1y
1c
0i
#8989784
1t
0s
0r
1y
1c
0i
#8990869
0t
0s
0r
1y
1c
0i
#8991512
1t
0s
0r
1y
1c
0i
#8992600
0t
0s
0r
1y
1c
0i
#8993252
1t
0s
0r
1y
1c
0i
#8994357
0t
0s
0r
1y
1c
0i
#8995016
1t
0s
0r
1y
1c
0i
#8996140
0t
0s
0r
1y
1c
0i
#8996809
1t
0s
0r
1y
1c
0i
#8997944
0t
0s
0r
1y
1c
0i
#8998627
1t
0s
0r
1y
1c
0i
#8999787
0t
0s
0r
1y
1c
1i
#9000480
1t
0s
0r
1y
1c
1i
#9001668
0t
0s
0r
1y
1c
1i
#9002372
1t
0s
0r
1y
0c
1i
#9003573
0t
0s
0r
1y
0c
1i
#9004291
1t
0s
0r
1y
0c
1i
#9005507
0t
0s
0r
1y
0c
1i
#9006231
1t
0s
0r
1y
0c
1i
#9007455
0t
0s
0r
1y
0c
1i
#9008176
1t
0s
0r
1y
0c
0i
#9009382
0t
0s
0r
1y
0c
0i
#9010096
1t
0s
0r
1y
0c
0i
#9011273
0t
0s
0r
1y
0c
0i
#9011961
1t
0s
0r
1y
0c
0i
#9013081
0t
0s
0r
1y
0c
0i
#9013729
1t
0s
0r
1y
0c
0i
#9014773
0t
0s
0r
1y
0c
0i
#9015387
1t
0s
0r
1y
0c
0i
#9016377
0t
0s
0r
1y
0c
0i
#9016958
1t
0s
0r
1y
0c
0i
#9017910
0t
0s
0r
1y
0c
0i
#9018465
1t
0s
0r
1y
0c
0i
#9018519
1t
0s
1r
1y
0c
0i
#9018521
1t
0s
0r
1y
0c
0i
#9019381
0t
0s
0r
1y
0c
0i
#9019922
1t
0s
0r
1y
0c
0i
#9020817
0t
0s
0r
1y
0c
0i
#9021345
1t
0s
0r
1y
0c
0i
#9022227
0t
0s
0r
1y
0c
0i
#9022744
1t
0s
0r
1y
0c
0i
#9023609
0t
0s
0r
1y
0c
0i
#9024123
1t
0s
0r
1y
0c
0i
#9024982
0t
0s
0r
1y
0c
0i
#9025491
1t
0s
0r
1y
0c
0i
#9026349
0t
0s
0r
1y
0c
0i
#9026852
1t
0s
0r
1y
0c
0i
#9027701
0t
0s
0r
1y
0c
0i
#9028205
1t
0s
0r
1y
0c
0i
#9029049
0t
0s
0r
1y
0c
0i
#9029551
1t
0s
0r
1y
0c
0i
#9030394
0t
0s
0r
1y
0c
0i
#9030892
1t
0s
0r
1y
0c
0i
#9031725
0t
0s
0r
1y
0c
0i
#9032224
1t
0s
0r
1y
0c
0i
#9033056
0t
0s
0r
1y
0c
0i
#9033553
1t
0s
0r
1y
0c
0i
#9034387
0t
0s
0r
1y
0c
0i
#9034880
1t
0s
0r
1y
0c
0i
#9035706
0t
0s
0r
1y
0c
0i
#9036204
1t
0s
0r
1y
0c
0i
#9037032
0t
0s
0r
1y
0c
0i
#9037529
1t
0s
0r
1y
0c
0i
#9038363
0t
0s
0r
1y
0c
0i
#9038859
1t
0s
0r
1y
0c
0i
#9039690
0t
0s
0r
1y
0c
0i
#9040190
1t
0s
0r
1y
0c
0i
#9041028
0t
0s
0r
1y
0c
0i
#9041530
1t
0s
0r
1y
0c
0i
#9042375
0t
0s
0r
1y
0c
0i
#9042881
1t
0s
0r
1y
0c
0i
#9043728
0t
0s
0r
1y
0c
0i
#9044240
1t
0s
0r
1y
0c
0i
#9045099
0t
0s
0r
1y
0c
1i
#9045613
1t
0s
0r
1y
0c
1i
#9046487
0t
0s
0r
1y
0c
1i
#9047004
1t
0s
0r
1y
1c
1i
#9047880
0t
0s
0r
1y
1c
1i
#9048405
1t
0s
0r
1y
1c
1i
#9049290
0t
0s
0r
1y
1c
1i
#9049817
1t
0s
0r
1y
1c
1i
#9050708
0t
0s
0r
1y
1c
1i
#9051233
1t
0s
0r
1y
1c
1i
#9052114
0t
0s
0r
1y
1c
1i
#9052639
1t
0s
0r
1y
1c
1i
#9053516
0t
0s
0r
1y
1c
0i
#9054036
1t
0s
0r
1y
1c
0i
#9054908
0t
0s
0r
1y
1c
0i
#9055422
1t
0s
0r
1y
1c
0i
#9056279
0t
0s
0r
1y
1c
0i
#9056793
1t
0s
0r
1y
1c
0i
#9057644
0t
0s
0r
1y
1c
0i
#9058154
1t
0s
0r
1y
1c
0i
#9059003
0t
0s
0r
1y
1c
0i
#9059508
1t
0s
0r
1y
1c
0i
#9060348
0t
0s
0r
1y
1c
0i
#9060853
1t
0s
0r
1y
1c
0i
#9061690
0t
0s
0r
1y
1c
0i
#9062194
1t
0s
0r
1y
1c
0i
#9063032
0t
0s
0r
1y
1c
0i
#9063535
1t
0s
0r
1y
1c
0i
#9064367
0t
0s
0r
1y
1c
0i
#9064871
1t
0s
0r
1y
1c
0i
#9065704
0t
0s
0r
1y
1c
0i
#9066207
1t
0s
0r
1y
1c
0i
#9067043
0t
0s
0r
1y
1c
0i
#9067544
1t
0s
0r
1y
1c
0i
#9069690
0t
0s
0r
1y
1c
0i
#9071151
1t
0s
0r
1y
1c
0i
#9072406
0t
0s
0r
1y
1c
0i
#9072893
1t
0s
0r
1y
1c
0i
#9073735
0t
0s
0r
1y
1c
0i
#9074237
1t
0s
0r
1y
1c
0i
#9075078
0t
0s
0r
1y
1c
0i
#9075582
1t
0s
0r
1y
1c
0i
#9076426
0t
0s
0r
1y
1c
0i
#9076932
1t
0s
0r
1y
1c
0i
#9077778
0t
0s
0r
1y
1c
0i
#9078285
1t
0s
0r
1y
1c
0i
#9079140
0t
0s
0r
1y
1c
0i
#9079647
1t
0s
0r
1y
1c
0i
#9080500
0t
0s
0r
1y
1c
0i
#9081011
1t
0s
0r
1y
1c
0i
#9081873
0t
0s
0r
1y
1c
0i
#9082386
1t
0s
0r
1y
1c
0i
#9083258
0t
0s
0r
1y
1c
0i
#9083775
1t
0s
0r
1y
1c
0i
#9084649
0t
0s
0r
1y
1c
0i
#9085173
1t
0s
0r
1y
1c
0i
#9086058
0t
0s
0r
1y
1c
1i
#9086586
1t
0s
0r
1y
1c
1i
#9087485
0t
0s
0r
1y
1c
1i
#9088016
1t
0s
0r
1y
0c
1i
#9088919
0t
0s
0r
1y
0c
1i
#9089457
1t
0s
0r
1y
0c
1i
#9090367
0t
0s
0r
1y
0c
1i
#9090908
1t
0s
0r
1y
0c
1i
#9091822
0t
0s
0r
1y
0c
1i
#9092361
1t
0s
0r
1y
0c
1i
#9093265
0t
0s
0r
1y
0c
1i
#9093803
1t
0s
0r
1y
0c
1i
#9094703
0t
0s
0r
1y
0c
0i
#9095234
1t
0s
0r
1y
0c
0i
#9096129
0t
0s
0r
1y
0c
0i
#9096654
1t
0s
0r
1y
0c
0i
#9097535
0t
0s
0r
1y
0c
0i
#9098060
1t
0s
0r
1y
0c
0i
#9098934
0t
0s
0r
1y
0c
0i
#9099453
1t
0s
0r
1y
0c
0i
#9100326
0t
0s
0r
1y
0c
0i
#9100839
1t
0s
0r
1y
0c
0i
#9101702
0t
0s
0r
1y
0c
0i
#9102216
1t
0s
0r
1y
0c
0i
#9103079
0t
0s
0r
1y
0c
0i
#9103590
1t
0s
0r
1y
0c
0i
#9104455
0t
0s
0r
1y
0c
0i
#9104963
1t
0s
0r
1y
0c
0i
#9105821
0t
0s
0r
1y
0c
0i
#9106332
1t
0s
0r
1y
0c
0i
#9107192
0t
0s
0r
1y
0c
0i
#9107702
1t
0s
0r
1y
0c
0i
#9108567
0t
0s
0r
1y
0c
0i
#9109075
1t
0s
0r
1y
0c
0i
#9109936
0t
0s
0r
1y
0c
0i
#9110449
1t
0s
0r
1y
0c
0i
#9111312
0t
0s
0r
1y
0c
0i
#9111826
1t
0s
0r
1y
0c
0i
#9112695
0t
0s
0r
1y
0c
0i
#9113207
1t
0s
0r
1y
0c
0i
#9114073
0t
0s
0r
1y
0c
0i
#9114589
1t
0s
0r
1y
0c
0i
#9115460
0t
0s
0r
1y
0c
0i
#9115977
1t
0s
0r
1y
0c
0i
#9116854
0t
0s
0r
1y
0c
0i
#9117371
1t
0s
0r
1y
0c
0i
#9118246
0t
0s
0r
1y
0c
0i
#9118769
1t
0s
0r
1y
0c
0i
#9119650
0t
0s
0r
1y
0c
0i
#9120174
1t
0s
0r
1y
0c
0i
#9121064
0t
0s
0r
1y
0c
0i
#9121589
1t
0s
0r
1y
0c
0i
#9122478
0t
0s
0r
1y
0c
0i
#9123010
1t
0s
0r
1y
0c
0i
#9123908
0t
0s
0r
1y
0c
0i
#9124443
1t
0s
0r
1y
0c
0i
#9125353
0t
0s
0r
1y
0c
0i
#9125894
1t
0s
0r
1y
0c
0i
#9126808
0t
0s
0r
1y
0c
0i
#9127356
1t
0s
0r
1y
0c
0i
#9128284
0t
0s
0r
1y
0c
1i
#9128838
1t
0s
0r
1y
0c
1i
#9129782
0t
0s
0r
1y
0c
1i
#9130340
1t
0s
0r
1y
1c
1i
#9131288
0t
0s
0r
1y
1c
1i
#9131855
1t
0s
0r
1y
1c
1i
#9132813
0t
0s
0r
1y
1c
1i
#9133383
1t
0s
0r
1y
1c
1i
#9134346
0t
0s
0r
1y
1c
1i
#9134914
1t
0s
0r
1y
1c
1i
#9135866
0t
0s
0r
1y
1c
1i
#9136434
1t
0s
0r
1y
1c
0i
#9137380
0t
0s
0r
1y
1c
0i
#9137940
1t
0s
0r
1y
1c
0i
#9138877
0t
0s
0r
1y
1c
0i
#9139427
1t
0s
0r
1y
1c
0i
#9140339
0t
0s
0r
1y
1c
0i
#9140883
1t
0s
0r
1y
1c
0i
#9141776
0t
0s
0r
1y
1c
0i
#9142304
1t
0s
0r
1y
1c
0i
#9143176
0t
0s
0r
1y
1c
0i
#9143688
1t
0s
0r
1y
1c
0i
#9144529
0t
0s
0r
1y
1c
0i
#9145030
1t
0s
0r
1y
1c
0i
#9145850
0t
0s
0r
1y
1c
0i
#9146341
1t
0s
0r
1y
1c
0i
#9147145
0t
0s
0r
1y
1c
0i
#9147628
1t
0s
0r
1y
1c
0i
#9148413
0t
0s
0r
1y
1c
0i
#9148892
1t
0s
0r
1y
1c
0i
#9149668
0t
0s
0r
1y
1c
0i
#9150140
1t
0s
0r
1y
1c
0i
#9150912
0t
0s
0r
1y
1c
0i
#9151379
1t
0s
0r
1y
1c
0i
#9153344
0t
0s
0r
1y
1c
0i
#9154685
1t
0s
0r
1y
1c
0i
#9155817
0t
0s
0r
1y
1c
0i
#9156264
1t
0s
0r
1y
1c
0i
#9157019
0t
0s
0r
1y
1c
0i
#9157478
1t
0s
0r
1y
1c
0i
#9158228
0t
0s
0r
1y
1c
0i
#9158687
1t
0s
0r
1y
1c
0i
#9159434
0t
0s
0r
1y
1c
0i
#9159893
1t
0s
0r
1y
1c
0i
#9160639
0t
0s
0r
1y
1c
0i
#9161097
1t
0s
0r
1y
1c
0i
#9161846
0t
0s
0r
1y
1c
0i
#9162302
1t
0s
0r
1y
1c
0i
#9163048
0t
0s
0r
1y
1c
0i
#9163506
1t
0s
0r
1y
1c
0i
#9164255
0t
0s
0r
1y
1c
0i
#9164714
1t
0s
0r
1y
1c
0i
#9165468
0t
0s
0r
1y
1c
0i
#9165931
1t
0s
0r
1y
1c
0i
#9166684
0t
0s
0r
1y
1c
0i
#9167150
1t
0s
0r
1y
1c
0i
#9167912
0t
0s
0r
1y
1c
0i
#9168378
1t
0s
0r
1y
1c
0i
#9169150
0t
0s
0r
1y
1c
1i
#9169618
1t
0s
0r
1y
0c
1i
#9170391
0t
0s
0r
1y
0c
1i
#9170863
1t
0s
0r
1y
0c
1i
#9171642
0t
0s
0r
1y
0c
1i
#9172115
1t
0s
0r
1y
0c
1i
#9172899
0t
0s
0r
1y
0c
1i
#9173371
1t
0s
0r
1y
0c
1i
#9174148
0t
0s
0r
1y
0c
1i
#9174619
1t
0s
0r
1y
0c
1i
#9175395
0t
0s
0r
1y
0c
1i
#9175464
0t
0s
1r
1y
0c
1i
#9175466
0t
0s
0r
1y
0c
1i
#9175862
1t
0s
0r
1y
0c
1i
#9176636
0t
0s
0r
1y
0c
1i
#9177100
1t
0s
0r
1y
0c
1i
#9177863
0t
0s
0r
1y
0c
0i
#9178329
1t
0s
0r
1y
0c
0i
#9179089
0t
0s
0r
1y
0c
0i
#9179552
1t
0s
0r
1y
0c
0i
#9180312
0t
0s
0r
1y
0c
0i
#9180771
1t
0s
0r
1y
0c
0i
#9181526
0t
0s
0r
1y
0c
0i
#9181986
1t
0s
0r
1y
0c
0i
#9182741
0t
0s
0r
1y
0c
0i
#9183199
1t
0s
0r
1y
0c
0i
#9183957
0t
0s
0r
1y
0c
0i
#9184413
1t
0s
0r
1y
0c
0i
#9185165
0t
0s
0r
1y
0c
0i
#9185625
1t
0s
0r
1y
0c
0i
#9186379
0t
0s
0r
1y
0c
0i
#9186838
1t
0s
0r
1y
0c
0i
#9187597
0t
0s
0r
1y
0c
0i
#9188055
1t
0s
0r
1y
0c
0i
#9188811
0t
0s
0r
1y
0c
0i
#9189271
1t
0s
0r
1y
0c
0i
#9190028
0t
0s
0r
1y
0c
0i
#9190491
1t
0s
0r
1y
0c
0i
#9191252
0t
0s
0r
1y
0c
0i
#9191714
1t
0s
0r
1y
0c
0i
#9192471
0t
0s
0r
1y
0c
0i
#9192936
1t
0s
0r
1y
0c
0i
#9193697
0t
0s
0r
1y
0c
0i
#9194161
1t
0s
0r
1y
0c
0i
#9194927
0t
0s
0r
1y
0c
0i
#9195391
1t
0s
0r
1y
0c
0i
#9196154
0t
0s
0r
1y
0c
0i
#9196622
1t
0s
0r
1y
0c
0i
#9197388
0t
0s
0r
1y
0c
0i
#9197857
1t
0s
0r
1y
0c
0i
#9198630
0t
0s
0r
1y
0c
0i
#9199099
1t
0s
0r
1y
0c
0i
#9199870
0t
0s
0r
1y
0c
0i
#9200342
1t
0s
0r
1y
0c
0i
#9201119
0t
0s
0r
1y
0c
0i
#9201594
1t
0s
0r
1y
0c
0i
#9202378
0t
0s
0r
1y
0c
0i
#9202855
1t
0s
0r
1y
0c
0i
#9203640
0t
0s
0r
1y
0c
0i
#9204121
1t
0s
0r
1y
0c
0i
#9204916
0t
0s
0r
1y
0c
0i
#9205399
1t
0s
0r
1y
0c
0i
#9206205
0t
0s
0r
1y
0c
1i
#9206690
1t
0s
0r
1y
1c
1i
#9207498
0t
0s
0r
1y
1c
1i
#9207988
1t
0s
0r
1y
1c
1i
#9208801
0t
0s
0r
1y
1c
1i
#9209292
1t
0s
0r
1y
1c
1i
#9210110
0t
0s
0r
1y
1c
1i
#9210599
1t
0s
0r
1y
1c
1i
#9211408
0t
0s
0r
1y
1c
1i
#9211896
1t
0s
0r
1y
1c
1i
#9212702
0t
0s
0r
1y
1c
1i
#9213187
1t
0s
0r
1y
1c
1i
#9213990
0t
0s
0r
1y
1c
1i
#9214471
1t
0s
0r
1y
1c
1i
#9215260
0t
0s
0r
1y
1c
0i
#9215743
1t
0s
0r
1y
1c
0i
#9216527
0t
0s
0r
1y
1c
0i
#9217006
1t
0s
0r
1y
1c
0i
#9217790
0t
0s
0r
1y
1c
0i
#9218265
1t
0s
0r
1y
1c
0i
#9219041
0t
0s
0r
1y
1c
0i
#9219517
1t
0s
0r
1y
1c
0i
#9220293
0t
0s
0r
1y
1c
0i
#9220768
1t
0s
0r
1y
1c
0i
#9221547
0t
0s
0r
1y
1c
0i
#9222021
1t
0s
0r
1y
1c
0i
#9222794
0t
0s
0r
1y
1c
0i
#9223271
1t
0s
0r
1y
1c
0i
#9224046
0t
0s
0r
1y
1c
0i
#9224522
1t
0s
0r
1y
1c
0i
#9225302
0t
0s
0r
1y
1c
0i
#9225776
1t
0s
0r
1y
1c
0i
#9227787
0t
0s
0r
1y
1c
0i
#9229169
1t
0s
0r
1y
1c
0i
#9230341
0t
0s
0r
1y
1c
0i
#9230804
1t
0s
0r
1y
1c
0i
#9231592
0t
0s
0r
1y
1c
0i
#9232069
1t
0s
0r
1y
1c
0i
#9232857
0t
0s
0r
1y
1c
0i
#9233336
1t
0s
0r
1y
1c
0i
#9234127
0t
0s
0r
1y
1c
0i
#9234607
1t
0s
0r
1y
1c
0i
#9235401
0t
0s
0r
1y
1c
0i
#9235882
1t
0s
0r
1y
1c
0i
#9236681
0t
0s
0r
1y
1c
0i
#9237163
1t
0s
0r
1y
1c
0i
#9237962
0t
0s
0r
1y
1c
0i
#9238446
1t
0s
0r
1y
1c
0i
#9239252
0t
0s
0r
1y
1c
0i
#9239739
1t
0s
0r
1y
1c
0i
#9240553
0t
0s
0r
1y
1c
0i
#9241044
1t
0s
0r
1y
1c
0i
#9241860
0t
0s
0r
1y
1c
0i
#9242356
1t
0s
0r
1y
1c
0i
#9243182
0t
0s
0r
1y
1c
0i
#9243680
1t
0s
0r
1y
1c
0i
#9244519
0t
0s
0r
1y
1c
1i
#9245019
1t
0s
0r
1y
0c
1i
#9245861
0t
0s
0r
1y
0c
1i
#9246365
1t
0s
0r
1y
0c
1i
#9247214
0t
0s
0r
1y
0c
1i
#9247721
1t
0s
0r
1y
0c
1i
#9248574
0t
0s
0r
1y
0c
1i
#9249079
1t
0s
0r
1y
0c
1i
#9249924
0t
0s
0r
1y
0c
1i
#9250429
1t
0s
0r
1y
0c
1i
#9251271
0t
0s
0r
1y
0c
1i
#9251771
1t
0s
0r
1y
0c
1i
#9252610
0t
0s
0r
1y
0c
1i
#9253106
1t
0s
0r
1y
0c
0i
#9253932
0t
0s
0r
1y
0c
0i
#9254429
1t
0s
0r
1y
0c
0i
#9255250
0t
0s
0r
1y
0c
0i
#9255743
1t
0s
0r
1y
0c
0i
#9256564
0t
0s
0r
1y
0c
0i
#9257053
1t
0s
0r
1y
0c
0i
#9257867
0t
0s
0r
1y
0c
0i
#9258356
1t
0s
0r
1y
0c
0i
#9259169
0t
0s
0r
1y
0c
0i
#9259656
1t
0s
0r
1y
0c
0i
#9260472
0t
0s
0r
1y
0c
0i
#9260957
1t
0s
0r
1y
0c
0i
#9261767
0t
0s
0r
1y
0c
0i
#9262255
1t
0s
0r
1y
0c
0i
#9263067
0t
0s
0r
1y
0c
0i
#9263555
1t
0s
0r
1y
0c
0i
#9264372
0t
0s
0r
1y
0c
0i
#9264858
1t
0s
0r
1y
0c
0i
#9265672
0t
0s
0r
1y
0c
0i
#9266162
1t
0s
0r
1y
0c
0i
#9266978
0t
0s
0r
1y
0c
0i
#9267470
1t
0s
0r
1y
0c
0i
#9268290
0t
0s
0r
1y
0c
0i
#9268781
1t
0s
0r
1y
0c
0i
#9269599
0t
0s
0r
1y
0c
0i
#9270092
1t
0s
0r
1y
0c
0i
#9270914
0t
0s
0r
1y
0c
0i
#9271407
1t
0s
0r
1y
0c
0i
#9272236
0t
0s
0r
1y
0c
0i
#9272728
1t
0s
0r
1y
0c
0i
#9273553
0t
0s
0r
1y
0c
0i
#9274051
1t
0s
0r
1y
0c
0i
#9274881
0t
0s
0r
1y
0c
0i
#9275380
1t
0s
0r
1y
0c
0i
#9276216
0t
0s
0r
1y
0c
0i
#9276716
1t
0s
0r
1y
0c
0i
#9277551
0t
0s
0r
1y
0c
0i
#9278055
1t
0s
0r
1y
0c
0i
#9278898
0t
0s
0r
1y
0c
0i
#9279403
1t
0s
0r
1y
0c
0i
#9280256
0t
0s
0r
1y
0c
0i
#9280765
1t
0s
0r
1y
0c
0i
#9281620
0t
0s
0r
1y
0c
0i
#9282135
1t
0s
0r
1y
0c
0i
#9283001
0t
0s
0r
1y
0c
0i
#9283518
1t
0s
0r
1y
0c
0i
#9284398
0t
0s
0r
1y
0c
1i
#9284918
1t
0s
0r
1y
1c
1i
#9285798
0t
0s
0r
1y
1c
1i
#9286326
1t
0s
0r
1y
1c
1i
#9287213
0t
0s
0r
1y
1c
1i
#9287742
1t
0s
0r
1y
1c
1i
#9288634
0t
0s
0r
1y
1c
1i
#9289161
1t
0s
0r
1y
1c
1i
#9290044
0t
0s
0r
1y
1c
1i
#9290571
1t
0s
0r
1y
1c
1i
#9291451
0t
0s
0r
1y
1c
1i
#9291972
1t
0s
0r
1y
1c
1i
#9292848
0t
0s
0r
1y
1c
0i
#9293364
1t
0s
0r
1y
1c
0i
#9294225
0t
0s
0r
1y
1c
0i
#9294741
1t
0s
0r
1y
1c
0i
#9295597
0t
0s
0r
1y
1c
0i
#9296109
1t
0s
0r
1y
1c
0i
#9296964
0t
0s
0r
1y
1c
0i
#9297472
1t
0s
0r
1y
1c
0i
#9298317
0t
0s
0r
1y
1c
0i
#9298826
1t
0s
0r
1y
1c
0i
#9299670
0t
0s
0r
1y
1c
0i
#9300177
1t
0s
0r
1y
1c
0i
#9301023
0t
0s
0r
1y
1c
0i
#9301529
1t
0s
0r
1y
1c
0i
#9302369
0t
0s
0r
1y
1c
0i
#9302878
1t
0s
0r
1y
1c
0i
#9303720
0t
0s
0r
1y
1c
0i
#9304227
1t
0s
0r
1y
1c
0i
#9305075
0t
0s
0r
1y
1c
0i
#9305581
1t
0s
0r
1y
1c
0i
#9307757
0t
0s
0r
1y
1c
0i
#9309239
1t
0s
0r
1y
1c
0i
#9310514
0t
0s
0r
1y
1c
0i
#9311008
1t
0s
0r
1y
1c
0i
#9311864
0t
0s
0r
1y
1c
0i
#9312375
1t
0s
0r
1y
1c
0i
#9313233
0t
0s
0r
1y
1c
0i
#9313744
1t
0s
0r
1y
1c
0i
#9314604
0t
0s
0r
1y
1c
0i
#9315118
1t
0s
0r
1y
1c
0i
#9315981
0t
0s
0r
1y
1c
0i
#9316496
1t
0s
0r
1y
1c
0i
#9317366
0t
0s
0r
1y
1c
0i
#9317881
1t
0s
0r
1y
1c
0i
#9318750
0t
0s
0r
1y
1c
0i
#9319271
1t
0s
0r
1y
1c
0i
#9320148
0t
0s
0r
1y
1c
0i
#9320670
1t
0s
0r
1y
1c
0i
#9321557
0t
0s
0r
1y
1c
1i
#9322084
1t
0s
0r
1y
1c
1i
#9322973
0t
0s
0r
1y
1c
1i
#9323506
1t
0s
0r
1y
1c
1i
#9324407
0t
0s
0r
1y
0c
1i
#9324944
1t
0s
0r
1y
0c
1i
#9325858
0t
0s
0r
1y
0c
1i
#9326398
1t
0s
0r
1y
0c
1i
#9327315
0t
0s
0r
1y
0c
1i
#9327709
0t
0s
1r
1y
0c
1i
#9327711
0t
0s
0r
1y
0c
1i
#9327862
1t
0s
0r
1y
0c
1i
#9328787
0t
0s
0r
1y
0c
1i
#9329336
1t
0s
0r
1y
0c
1i
#9330265
0t
0s
0r
1y
0c
0i
#9330813
1t
0s
0r
1y
0c
0i
#9331732
0t
0s
0r
1y
0c
0i
#9332279
1t
0s
0r
1y
0c
0i
#9333187
0t
0s
0r
1y
0c
0i
#9333723
1t
0s
0r
1y
0c
0i
#9334612
0t
0s
0r
1y
0c
0i
#9335131
1t
0s
0r
1y
0c
0i
#9335982
0t
0s
0r
1y
0c
0i
#9336487
1t
0s
0r
1y
0c
0i
#9337311
0t
0s
0r
1y
0c
0i
#9337797
1t
0s
0r
1y
0c
0i
#9338600
0t
0s
0r
1y
0c
0i
#9339074
1t
0s
0r
1y
0c
0i
#9339853
0t
0s
0r
1y
0c
0i
#9340322
1t
0s
0r
1y
0c
0i
#9341088
0t
0s
0r
1y
0c
0i
#9341550
1t
0s
0r
1y
0c
0i
#9342309
0t
0s
0r
1y
0c
0i
#9342765
1t
0s
0r
1y
0c
0i
#9343512
0t
0s
0r
1y
0c
0i
#9343967
1t
0s
0r
1y
0c
0i
#9344710
0t
0s
0r
1y
0c
0i
#9345163
1t
0s
0r
1y
0c
0i
#9345906
0t
0s
0r
1y
0c
0i
#9346355
1t
0s
0r
1y
0c
0i
#9347092
0t
0s
0r
1y
0c
0i
#9347543
1t
0s
0r
1y
0c
0i
#9348278
0t
0s
0r
1y
0c
0i
#9348728
1t
0s
0r
1y
0c
0i
#9349464
0t
0s
0r
1y
0c
0i
#9349911
1t
0s
0r
1y
0c
0i
#9350640
0t
0s
0r
1y
0c
0i
#9351088
1t
0s
0r
1y
0c
0i
#9351816
0t
0s
0r
1y
0c
0i
#9352264
1t
0s
0r
1y
0c
0i
#9352994
0t
0s
0r
1y
0c
0i
#9353439
1t
0s
0r
1y
0c
0i
#9354162
0t
0s
0r
1y
0c
0i
#9354610
1t
0s
0r
1y
0c
0i
#9355334
0t
0s
0r
1y
0c
0i
#9355781
1t
0s
0r
1y
0c
0i
#9356508
0t
0s
0r
1y
0c
0i
#9356955
1t
0s
0r
1y
0c
0i
#9357679
0t
0s
0r
1y
0c
0i
#9358128
1t
0s
0r
1y
0c
0i
#9358856
0t
0s
0r
1y
0c
0i
#9359306
1t
0s
0r
1y
0c
0i
#9360039
0t
0s
0r
1y
0c
1i
#9360491
1t
0s
0r
1y
1c
1i
#9361222
0t
0s
0r
1y
1c
1i
#9361678
1t
0s
0r
1y
1c
1i
#9362417
0t
0s
0r
1y
1c
1i
#9362873
1t
0s
0r
1y
1c
1i
#9363621
0t
0s
0r
1y
1c
1i
#9364079
1t
0s
0r
1y
1c
1i
#9364827
0t
0s
0r
1y
1c
1i
#9365289
1t
0s
0r
1y
1c
1i
#9366042
0t
0s
0r
1y
1c
1i
#9366506
1t
0s
0r
1y
1c
1i
#9367264
0t
0s
0r
1y
1c
1i
#9367726
1t
0s
0r
1y
1c
1i
#9368475
0t
0s
0r
1y
1c
0i
#9368935
1t
0s
0r
1y
1c
0i
#9369673
0t
0s
0r
1y
1c
0i
#9370124
1t
0s
0r
1y
1c
0i
#9370845
0t
0s
0r
1y
1c
0i
#9371283
1t
0s
0r
1y
1c
0i
#9371978
0t
0s
0r
1y
1c
0i
#9372411
1t
0s
0r
1y
1c
0i
#9373089
0t
0s
0r
1y
1c
0i
#9373513
1t
0s
0r
1y
1c
0i
#9374180
0t
0s
0r
1y
1c
0i
#9374595
1t
0s
0r
1y
1c
0i
#9375247
0t
0s
0r
1y
1c
0i
#9375659
1t
0s
0r
1y
1c
0i
#9376304
0t
0s
0r
1y
1c
0i
#9376711
1t
0s
0r
1y
1c
0i
#9377352
0t
0s
0r
1y
1c
0i
#9377757
1t
0s
0r
1y
1c
0i
#9378389
0t
0s
0r
1y
1c
0i
#9378793
1t
0s
0r
1y
1c
0i
#9379423
0t
0s
0r
1y
1c
0i
#9379826
1t
0s
0r
1y
1c
0i
#9380456
0t
0s
0r
1y
1c
0i
#9380856
1t
0s
0r
1y
1c
0i
#9382486
0t
0s
0r
1y
1c
0i
#9383626
1t
0s
0r
1y
1c
0i
#9384563
0t
0s
0r
1y
1c
0i
#9384948
1t
0s
0r
1y
1c
0i
#9385575
0t
0s
0r
1y
1c
0i
#9385970
1t
0s
0r
1y
1c
0i
#9386593
0t
0s
0r
1y
1c
0i
#9386989
1t
0s
0r
1y
1c
0i
#9387611
0t
0s
0r
1y
1c
0i
#9388008
1t
0s
0r
1y
1c
0i
#9388629
0t
0s
0r
1y
1c
0i
#9389025
1t
0s
0r
1y
1c
0i
#9389648
0t
0s
0r
1y
1c
0i
#9390042
1t
0s
0r
1y
1c
0i
#9390661
0t
0s
0r
1y
1c
0i
#9391057
1t
0s
0r
1y
1c
0i
#9391678
0t
0s
0r
1y
1c
0i
#9392074
1t
0s
0r
1y
1c
0i
#9392699
0t
0s
0r
1y
1c
1i
#9393096
1t
0s
0r
1y
0c
1i
#9393719
0t
0s
0r
1y
0c
1i
#9394117
1t
0s
0r
1y
0c
1i
#9394745
0t
0s
0r
1y
0c
1i
#9395144
1t
0s
0r
1y
0c
1i
#9395777
0t
0s
0r
1y
0c
1i
#9396176
1t
0s
0r
1y
0c
1i
#9396809
0t
0s
0r
1y
0c
1i
#9397211
1t
0s
0r
1y
0c
1i
#9397846
0t
0s
0r
1y
0c
1i
#9398249
1t
0s
0r
1y
0c
1i
#9398887
0t
0s
0r
1y
0c
1i
#9399288
1t
0s
0r
1y
0c
1i
#9399920
0t
0s
0r
1y
0c
1i
#9400320
1t
0s
0r
1y
0c
1i
#9400945
0t
0s
0r
1y
0c
0i
#9401339
1t
0s
0r
1y
0c
0i
#9401954
0t
0s
0r
1y
0c
0i
#9402339
1t
0s
0r
1y
0c
0i
#9402936
0t
0s
0r
1y
0c
0i
#9403318
1t
0s
0r
1y
0c
0i
#9403904
0t
0s
0r
1y
0c
0i
#9404279
1t
0s
0r
1y
0c
0i
#9404859
0t
0s
0r
1y
0c
0i
#9405228
1t
0s
0r
1y
0c
0i
#9405797
0t
0s
0r
1y
0c
0i
#9406164
1t
0s
0r
1y
0c
0i
#9406729
0t
0s
0r
1y
0c
0i
#9407091
1t
0s
0r
1y
0c
0i
#9407653
0t
0s
0r
1y
0c
0i
#9408012
1t
0s
0r
1y
0c
0i
#9408566
0t
0s
0r
1y
0c
0i
#9408927
1t
0s
0r
1y
0c
0i
#9409479
0t
0s
0r
1y
0c
0i
#9409839
1t
0s
0r
1y
0c
0i
#9410393
0t
0s
0r
1y
0c
0i
#9410750
1t
0s
0r
1y
0c
0i
#9411300
0t
0s
0r
1y
0c
0i
#9411658
1t
0s
0r
1y
0c
0i
#9412207
0t
0s
0r
1y
0c
0i
#9412565
1t
0s
0r
1y
0c
0i
#9413114
0t
0s
0r
1y
0c
0i
#9413471
1t
0s
0r
1y
0c
0i
#9414017
0t
0s
0r
1y
0c
0i
#9414375
1t
0s
0r
1y
0c
0i
#9414922
0t
0s
0r
1y
0c
0i
#9415280
1t
0s
0r
1y
0c
0i
#9415829
0t
0s
0r
1y
0c
0i
#9416184
1t
0s
0r
1y
0c
0i
#9416729
0t
0s
0r
1y
0c
0i
#9417087
1t
0s
0r
1y
0c
0i
#9417633
0t
0s
0r
1y
0c
0i
#9417989
1t
0s
0r
1y
0c
0i
#9418537
0t
0s
0r
1y
0c
0i
#9418893
1t
0s
0r
1y
0c
0i
#9419438
0t
0s
0r
1y
0c
0i
#9419795
1t
0s
0r
1y
0c
0i
#9420341
0t
0s
0r
1y
0c
0i
#9420698
1t
0s
0r
1y
0c
0i
#9421246
0t
0s
0r
1y
0c
0i
#9421604
1t
0s
0r
1y
1c
1i
#9422148
0t
0s
0r
1y
1c
1i
#9422508
1t
0s
0r
1y
1c
1i
#9423056
0t
0s
0r
1y
1c
1i
#9423416
1t
0s
0r
1y
1c
1i
#9423970
0t
0s
0r
1y
1c
1i
#9424329
1t
0s
0r
1y
1c
1i
#9424881
0t
0s
0r
1y
1c
1i
#9425243
1t
0s
0r
1y
1c
1i
#9425797
0t
0s
0r
1y
1c
1i
#9426159
1t
0s
0r
1y
1c
1i
#9426716
0t
0s
0r
1y
1c
1i
#9427077
1t
0s
0r
1y
1c
1i
#9427629
0t
0s
0r
1y
1c
1i
#9427990
1t
0s
0r
1y
1c
1i
#9428541
0t
0s
0r
1y
1c
1i
#9428899
1t
0s
0r
1y
1c
1i
#9429446
0t
0s
0r
1y
1c
0i
#9429799
1t
0s
0r
1y
1c
0i
#9430332
0t
0s
0r
1y
1c
0i
#9430683
1t
0s
0r
1y
1c
0i
#9431208
0t
0s
0r
1y
1c
0i
#9431555
1t
0s
0r
1y
1c
0i
#9432075
0t
0s
0r
1y
1c
0i
#9432417
1t
0s
0r
1y
1c
0i
#9432928
0t
0s
0r
1y
1c
0i
#9433267
1t
0s
0r
1y
1c
0i
#9433775
0t
0s
0r
1y
1c
0i
#9434111
1t
0s
0r
1y
1c
0i
#9434617
0t
0s
0r
1y
1c
0i
#9434952
1t
0s
0r
1y
1c
0i
#9435452
0t
0s
0r
1y
1c
0i
#9435786
1t
0s
0r
1y
1c
0i
#9436285
0t
0s
0r
1y
1c
0i
#9436618
1t
0s
0r
1y
1c
0i
#9437118
0t
0s
0r
1y
1c
0i
#9437449
1t
0s
0r
1y
1c
0i
#9438755
0t
0s
0r
1y
1c
0i
#9439690
1t
0s
0r
1y
1c
0i
#9440437
0t
0s
0r
1y
1c
0i
#9440757
1t
0s
0r
1y
1c
0i
#9441256
0t
0s
0r
1y
1c
0i
#9441584
1t
0s
0r
1y
1c
0i
#9442081
0t
0s
0r
1y
1c
0i
#9442410
1t
0s
0r
1y
1c
0i
#9442906
0t
0s
0r
1y
1c
0i
#9443236
1t
0s
0r
1y
1c
0i
#9443732
0t
0s
0r
1y
1c
0i
#9444061
1t
0s
0r
1y
1c
0i
#9444559
0t
0s
0r
1y
1c
0i
#9444887
1t
0s
0r
1y
1c
0i
#9445382
0t
0s
0r
1y
1c
0i
#9445710
1t
0s
0r
1y
1c
0i
#9446207
0t
0s
0r
1y
1c
0i
#9446535
1t
0s
0r
1y
1c
0i
#9447033
0t
0s
0r
1y
0c
1i
#9447362
1t
0s
0r
1y
0c
1i
#9447857
0t
0s
0r
1y
0c
1i
#9448187
1t
0s
0r
1y
0c
1i
#9448684
0t
0s
0r
1y
0c
1i
#9449014
1t
0s
0r
1y
0c
1i
#9449515
0t
0s
0r
1y
0c
1i
#9449844
1t
0s
0r
1y
0c
1i
#9450343
0t
0s
0r
1y
0c
1i
#9450674
1t
0s
0r
1y
0c
1i
#9451176
0t
0s
0r
1y
0c
1i
#9451507
1t
0s
0r
1y
0c
1i
#9452011
0t
0s
0r
1y
0c
1i
#9452342
1t
0s
0r
1y
0c
1i
#9452842
0t
0s
0r
1y
0c
1i
#9453173
1t
0s
0r
1y
0c
1i
#9453672
0t
0s
0r
1y
0c
1i
#9454002
1t
0s
0r
1y
0c
1i
#9454500
0t
0s
0r
1y
0c
0i
#9454826
1t
0s
0r
1y
0c
0i
#9455279
1t
0s
1r
1y
0c
0i
#9455281
1t
0s
0r
1y
0c
0i
#9455316
0t
0s
0r
1y
0c
0i
#9455642
1t
0s
0r
1y
0c
0i
#9456126
0t
0s
0r
1y
0c
0i
#9456448
1t
0s
0r
1y
0c
0i
#9456930
0t
0s
0r
1y
0c
0i
#9457247
1t
0s
0r
1y
0c
0i
#9457723
0t
0s
0r
1y
0c
0i
#9458039
1t
0s
0r
1y
0c
0i
#9458512
0t
0s
0r
1y
0c
0i
#9458826
1t
0s
0r
1y
0c
0i
#9459299
0t
0s
0r
1y
0c
0i
#9459610
1t
0s
0r
1y
0c
0i
#9460077
0t
0s
0r
1y
0c
0i
#9460389
1t
0s
0r
1y
0c
0i
#9460856
0t
0s
0r
1y
0c
0i
#9461167
1t
0s
0r
1y
0c
0i
#9461635
0t
0s
0r
1y
0c
0i
#9461943
1t
0s
0r
1y
0c
0i
#9462408
0t
0s
0r
1y
0c
0i
#9462718
1t
0s
0r
1y
0c
0i
#9463181
0t
0s
0r
1y
0c
0i
#9463492
1t
0s
0r
1y
0c
0i
#9463957
0t
0s
0r
1y
0c
0i
#9464266
1t
0s
0r
1y
0c
0i
#9464728
0t
0s
0r
1y
0c
0i
#9465039
1t
0s
0r
1y
0c
0i
#9465502
0t
0s
0r
1y
0c
0i
#9465812
1t
0s
0r
1y
0c
0i
#9466277
0t
0s
0r
1y
0c
0i
#9466586
1t
0s
0r
1y
0c
0i
#9467047
0t
0s
0r
1y
0c
0i
#9467358
1t
0s
0r
1y
0c
0i
#9467820
0t
0s
0r
1y
0c
0i
#9468131
1t
0s
0r
1y
0c
0i
#9468594
0t
0s
0r
1y
0c
0i
#9468904
1t
0s
0r
1y
0c
0i
#9469365
0t
0s
0r
1y
0c
0i
#9469676
1t
0s
0r
1y
0c
0i
#9470138
0t
0s
0r
1y
0c
0i
#9470449
1t
0s
0r
1y
0c
0i
#9470912
0t
0s
0r
1y
0c
1i
#9471224
1t
0s
0r
1y
0c
1i
#9471684
0t
0s
0r
1y
0c
1i
#9471997
1t
0s
0r
1y
0c
1i
#9472460
0t
0s
0r
1y
1c
1i
#9472772
1t
0s
0r
1y
1c
1i
#9473238
0t
0s
0r
1y
1c
1i
#9473549
1t
0s
0r
1y
1c
1i
#9474013
0t
0s
0r
1y
1c
1i
#9474326
1t
0s
0r
1y
1c
1i
#9474792
0t
0s
0r
1y
1c
1i
#9475105
1t
0s
0r
1y
1c
1i
#9475572
0t
0s
0r
1y
1c
1i
#9475884
1t
0s
0r
1y
1c
1i
#9476348
0t
0s
0r
1y
1c
1i
#9476662
1t
0s
0r
1y
1c
1i
#9477126
0t
0s
0r
1y
1c
1i
#9477439
1t
0s
0r
1y
1c
1i
#9477905
0t
0s
0r
1y
1c
0i
#9478216
1t
0s
0r
1y
1c
0i
#9478677
0t
0s
0r
1y
1c
0i
#9478991
1t
0s
0r
1y
1c
0i
#9479453
0t
0s
0r
1y
1c
0i
#9479766
1t
0s
0r
1y
1c
0i
#9480230
0t
0s
0r
1y
1c
0i
#9480542
1t
0s
0r
1y
1c
0i
#9481003
0t
0s
0r
1y
1c
0i
#9481316
1t
0s
0r
1y
1c
0i
#9481778
0t
0s
0r
1y
1c
0i
#9482091
1t
0s
0r
1y
1c
0i
#9482555
0t
0s
0r
1y
1c
0i
#9482868
1t
0s
0r
1y
1c
0i
#9483330
0t
0s
0r
1y
1c
0i
#9483644
1t
0s
0r
1y
1c
0i
#9484108
0t
0s
0r
1y
1c
0i
#9484422
1t
0s
0r
1y
1c
0i
#9484888
0t
0s
0r
1y
1c
0i
#9485201
1t
0s
0r
1y
1c
0i
#9486427
0t
0s
0r
1y
1c
0i
#9487314
1t
0s
0r
1y
1c
0i
#9488017
0t
0s
0r
1y
1c
0i
#9488322
1t
0s
0r
1y
1c
0i
#9488792
0t
0s
0r
1y
1c
0i
#9489104
1t
0s
0r
1y
1c
0i
#9489573
0t
0s
0r
1y
1c
0i
#9489887
1t
0s
0r
1y
1c
0i
#9490355
0t
0s
0r
1y
1c
0i
#9490670
1t
0s
0r
1y
1c
0i
#9491138
0t
0s
0r
1y
1c
0i
#9491453
1t
0s
0r
1y
1c
0i
#9491924
0t
0s
0r
1y
1c
0i
#9492237
1t
0s
0r
1y
1c
0i
#9492705
0t
0s
0r
1y
1c
0i
#9493019
1t
0s
0r
1y
1c
0i
#9493489
0t
0s
0r
1y
1c
0i
#9493803
1t
0s
0r
1y
1c
0i
#9494275
0t
0s
0r
1y
1c
1i
#9494590
1t
0s
0r
1y
1c
1i
#9495059
0t
0s
0r
1y
1c
1i
#9495376
1t
0s
0r
1y
1c
1i
#9495848
0t
0s
0r
1y
1c
1i
#9496163
1t
0s
0r
1y
1c
1i
#9496639
0t
0s
0r
1y
1c
1i
#9496953
1t
0s
0r
1y
1c
1i
#9497427
0t
0s
0r
1y
0c
1i
#9497743
1t
0s
0r
1y
0c
1i
#9498218
0t
0s
0r
1y
0c
1i
#9498535
1t
0s
0r
1y
0c
1i
#9499011
0t
0s
0r
1y
0c
1i
#9499328
1t
0s
0r
1y
0c
1i
#9499801
0t
0s
0r
1y
0c
1i
#9500118
1t
0s
0r
1y
0c
1i
#9500591
0t
0s
0r
1y
0c
1i
#9500907
1t
0s
0r
1y
0c
0i
#9501382
0t
0s
0r
1y
0c
0i
#9501696
1t
0s
0r
1y
0c
0i
#9502167
0t
0s
0r
1y
0c
0i
#9502484
1t
0s
0r
1y
0c
0i
#9502955
0t
0s
0r
1y
0c
0i
#9503271
1t
0s
0r
1y
0c
0i
#9503744
0t
0s
0r
1y
0c
0i
#9504059
1t
0s
0r
1y
0c
0i
#9504530
0t
0s
0r
1y
0c
0i
#9504846
1t
0s
0r
1y
0c
0i
#9505318
0t
0s
0r
1y
0c
0i
#9505633
1t
0s
0r
1y
0c
0i
#9506108
0t
0s
0r
1y
0c
0i
#9506422
1t
0s
0r
1y
0c
0i
#9506895
0t
0s
0r
1y
0c
0i
#9507211
1t
0s
0r
1y
0c
0i
#9507685
0t
0s
0r
1y
0c
0i
#9508001
1t
0s
0r
1y
0c
0i
#9508479
0t
0s
0r
1y
0c
0i
#9508794
1t
0s
0r
1y
0c
0i
#9509269
0t
0s
0r
1y
0c
0i
#9509586
1t
0s
0r
1y
0c
0i
#9510062
0t
0s
0r
1y
0c
0i
#9510380
1t
0s
0r
1y
0c
0i
#9510858
0t
0s
0r
1y
0c
0i
#9511175
1t
0s
0r
1y
0c
0i
#9511650
0t
0s
0r
1y
0c
0i
#9511969
1t
0s
0r
1y
0c
0i
#9512446
0t
0s
0r
1y
0c
0i
#9512764
1t
0s
0r
1y
0c
0i
#9513243
0t
0s
0r
1y
0c
0i
#9513561
1t
0s
0r
1y
0c
0i
#9514036
0t
0s
0r
1y
0c
0i
#9514356
1t
0s
0r
1y
0c
0i
#9514833
0t
0s
0r
1y
0c
0i
#9515152
1t
0s
0r
1y
0c
0i
#9515631
0t
0s
0r
1y
0c
0i
#9515949
1t
0s
0r
1y
0c
0i
#9516426
0t
0s
0r
1y
0c
0i
#9516745
1t
0s
0r
1y
0c
0i
#9517223
0t
0s
0r
1y
0c
0i
#9517543
1t
0s
0r
1y
0c
0i
#9518022
0t
0s
0r
1y
0c
1i
#9518343
1t
0s
0r
1y
0c
1i
#9518819
0t
0s
0r
1y
0c
1i
#9519141
1t
0s
0r
1y
0c
1i
#9519621
0t
0s
0r
1y
0c
1i
#9519942
1t
0s
0r
1y
0c
1i
#9520424
0t
0s
0r
1y
0c
1i
#9520745
1t
0s
0r
1y
0c
1i
#9521226
0t
0s
0r
1y
1c
1i
#9521549
1t
0s
0r
1y
1c
1i
#9522031
0t
0s
0r
1y
1c
1i
#9522354
1t
0s
0r
1y
1c
1i
#9522838
0t
0s
0r
1y
1c
1i
#9523160
1t
0s
0r
1y
1c
1i
#9523641
0t
0s
0r
1y
1c
1i
#9523964
1t
0s
0r
1y
1c
1i
#9524446
0t
0s
0r
1y
1c
0i
#9524767
1t
0s
0r
1y
1c
0i
#9525251
0t
0s
0r
1y
1c
0i
#9525571
1t
0s
0r
1y
1c
0i
#9526050
0t
0s
0r
1y
1c
0i
#9526373
1t
0s
0r
1y
1c
0i
#9526852
0t
0s
0r
1y
1c
0i
#9527173
1t
0s
0r
1y
1c
0i
#9527654
0t
0s
0r
1y
1c
0i
#9527974
1t
0s
0r
1y
1c
0i
#9528450
0t
0s
0r
1y
1c
0i
#9528771
1t
0s
0r
1y
1c
0i
#9529247
0t
0s
0r
1y
1c
0i
#9529566
1t
0s
0r
1y
1c
0i
#9530042
0t
0s
0r
1y
1c
0i
#9530360
1t
0s
0r
1y
1c
0i
#9530831
0t
0s
0r
1y
1c
0i
#9531149
1t
0s
0r
1y
1c
0i
#9531619
0t
0s
0r
1y
1c
0i
#9531935
1t
0s
0r
1y
1c
0i
#9532406
0t
0s
0r
1y
1c
0i
#9532720
1t
0s
0r
1y
1c
0i
#9533948
0t
0s
0r
1y
1c
0i
#9534832
1t
0s
0r
1y
1c
0i
#9535533
0t
0s
0r
1y
1c
0i
#9535836
1t
0s
0r
1y
1c
0i
#9536303
0t
0s
0r
1y
1c
0i
#9536613
1t
0s
0r
1y
1c
0i
#9537078
0t
0s
0r
1y
1c
0i
#9537389
1t
0s
0r
1y
1c
0i
#9537854
0t
0s
0r
1y
1c
0i
#9538165
1t
0s
0r
1y
1c
0i
#9538629
0t
0s
0r
1y
1c
0i
#9538940
1t
0s
0r
1y
1c
0i
#9539406
0t
0s
0r
1y
1c
0i
#9539715
1t
0s
0r
1y
1c
0i
#9540178
0t
0s
0r
1y
1c
0i
#9540489
1t
0s
0r
1y
1c
0i
#9540952
0t
0s
0r
1y
1c
0i
#9541263
1t
0s
0r
1y
1c
1i
#9541728
0t
0s
0r
1y
1c
1i
#9542039
1t
0s
0r
1y
1c
1i
#9542502
0t
0s
0r
1y
1c
1i
#9542814
1t
0s
0r
1y
1c
1i
#9543278
0t
0s
0r
1y
1c
1i
#9543590
1t
0s
0r
1y
1c
1i
#9544057
0t
0s
0r
1y
1c
1i
#9544368
1t
0s
0r
1y
0c
1i
#9544833
0t
0s
0r
1y
0c
1i
#9545146
1t
0s
0r
1y
0c
1i
#9545612
0t
0s
0r
1y
0c
1i
#9545925
1t
0s
0r
1y
0c
1i
#9546206
1t
0s
1r
1y
0c
1i
#9546208
1t
0s
0r
1y
0c
1i
#9546394
0t
0s
0r
1y
0c
1i
#9546706
1t
0s
0r
1y
0c
1i
#9547171
0t
0s
0r
1y
0c
0i
#9547484
1t
0s
0r
1y
0c
0i
#9547950
0t
0s
0r
1y
0c
0i
#9548261
1t
0s
0r
1y
0c
0i
#9548729
0t
0s
0r
1y
0c
0i
#9549039
1t
0s
0r
1y
0c
0i
#9549503
0t
0s
0r
1y
0c
0i
#9549816
1t
0s
0r
1y
0c
0i
#9550280
0t
0s
0r
1y
0c
0i
#9550591
1t
0s
0r
1y
0c
0i
#9551057
0t
0s
0r
1y
0c
0i
#9551367
1t
0s
0r
1y
0c
0i
#9551831
0t
0s
0r
1y
0c
0i
#9552141
1t
0s
0r
1y
0c
0i
#9552605
0t
0s
0r
1y
0c
0i
#9552914
1t
0s
0r
1y
0c
0i
#9553380
0t
0s
0r
1y
0c
0i
#9553688
1t
0s
0r
1y
0c
0i
#9554149
0t
0s
0r
1y
0c
0i
#9554457
1t
0s
0r
1y
0c
0i
#9554918
0t
0s
0r
1y
0c
0i
#9555225
1t
0s
0r
1y
0c
0i
#9555687
0t
0s
0r
1y
0c
0i
#9555993
1t
0s
0r
1y
0c
0i
#9556451
0t
0s
0r
1y
0c
0i
#9556757
1t
0s
0r
1y
0c
0i
#9557213
0t
0s
0r
1y
0c
0i
#9557521
1t
0s
0r
1y
0c
0i
#9557978
0t
0s
0r
1y
0c
0i
#9558283
1t
0s
0r
1y
0c
0i
#9558737
0t
0s
0r
1y
0c
0i
#9559043
1t
0s
0r
1y
0c
0i
#9559497
0t
0s
0r
1y
0c
0i
#9559803
1t
0s
0r
1y
0c
0i
#9560258
0t
0s
0r
1y
0c
0i
#9560563
1t
0s
0r
1y
0c
0i
#9561015
0t
0s
0r
1y
0c
0i
#9561321
1t
0s
0r
1y
0c
0i
#9561773
0t
0s
0r
1y
0c
0i
#9562079
1t
0s
0r
1y
0c
0i
#9562533
0t
0s
0r
1y
0c
0i
#9562838
1t
0s
0r
1y
0c
0i
#9563289
0t
0s
0r
1y
0c
0i
#9563595
1t
0s
0r
1y
0c
0i
#9564048
0t
0s
0r
1y
0c
0i
#9564354
1t
0s
0r
1y
0c
1i
#9564808
0t
0s
0r
1y
0c
1i
#9565114
1t
0s
0r
1y
0c
1i
#9565566
0t
0s
0r
1y
0c
1i
#9565873
1t
0s
0r
1y
0c
1i
#9566327
0t
0s
0r
1y
0c
1i
#9566634
1t
0s
0r
1y
0c
1i
#9567090
0t
0s
0r
1y
0c
1i
#9567397
1t
0s
0r
1y
1c
1i
#9567851
0t
0s
0r
1y
1c
1i
#9568159
1t
0s
0r
1y
1c
1i
#9568615
0t
0s
0r
1y
1c
1i
#9568923
1t
0s
0r
1y
1c
1i
#9569382
0t
0s
0r
1y
1c
0i
#9569689
1t
0s
0r
1y
1c
0i
#9570144
0t
0s
0r
1y
1c
0i
#9570452
1t
0s
0r
1y
1c
0i
#9570908
0t
0s
0r
1y
1c
0i
#9571215
1t
0s
0r
1y
1c
0i
#9571672
0t
0s
0r
1y
1c
0i
#9571978
1t
0s
0r
1y
1c
0i
#9572431
0t
0s
0r
1y
1c
0i
#9572740
1t
0s
0r
1y
1c
0i
#9573192
0t
0s
0r
1y
1c
0i
#9573500
1t
0s
0r
1y
1c
0i
#9573954
0t
0s
0r
1y
1c
0i
#9574259
1t
0s
0r
1y
1c
0i
#9574709
0t
0s
0r
1y
1c
0i
#9575015
1t
0s
0r
1y
1c
0i
#9575464
0t
0s
0r
1y
1c
0i
#9575768
1t
0s
0r
1y
1c
0i
#9576216
0t
0s
0r
1y
1c
0i
#9576520
1t
0s
0r
1y
1c
0i
#9576963
0t
0s
0r
1y
1c
0i
#9577267
1t
0s
0r
1y
1c
0i
#9577710
0t
0s
0r
1y
1c
0i
#9578011
1t
0s
0r
1y
1c
0i
#9578455
0t
0s
0r
1y
1c
0i
#9578755
1t
0s
0r
1y
1c
0i
#9579917
0t
0s
0r
1y
1c
0i
#9580757
1t
0s
0r
1y
1c
0i
#9581420
0t
0s
0r
1y
1c
0i
#9581710
1t
0s
0r
1y
1c
0i
#9582151
0t
0s
0r
1y
1c
0i
#9582447
1t
0s
0r
1y
1c
0i
#9582887
0t
0s
0r
1y
1c
0i
#9583184
1t
0s
0r
1y
1c
0i
#9583623
0t
0s
0r
1y
1c
0i
#9583921
1t
0s
0r
1y
1c
0i
#9584359
0t
0s
0r
1y
1c
0i
#9584656
1t
0s
0r
1y
1c
0i
#9585097
0t
0s
0r
1y
1c
0i
#9585393
1t
0s
0r
1y
1c
0i
#9585830
0t
0s
0r
1y
1c
0i
#9586127
1t
0s
0r
1y
1c
0i
#9586566
0t
0s
0r
1y
1c
0i
#9586863
1t
0s
0r
1y
1c
0i
#9587303
0t
0s
0r
1y
1c
1i
#9587600
1t
0s
0r
1y
1c
1i
#9588037
0t
0s
0r
1y
1c
1i
#9588335
1t
0s
0r
1y
1c
1i
#9588774
0t
0s
0r
1y
1c
1i
#9589072
1t
0s
0r
1y
1c
1i
#9589514
0t
0s
0r
1y
1c
1i
#9589811
1t
0s
0r
1y
0c
1i
#9590251
0t
0s
0r
1y
0c
1i
#9590548
1t
0s
0r
1y
0c
1i
#9590989
0t
0s
0r
1y
0c
1i
#9591288
1t
0s
0r
1y
0c
1i
#9591730
0t
0s
0r
1y
0c
1i
#9592028
1t
0s
0r
1y
0c
0i
#9592468
0t
0s
0r
1y
0c
0i
#9592766
1t
0s
0r
1y
0c
0i
#9593206
0t
0s
0r
1y
0c
0i
#9593503
1t
0s
0r
1y
0c
0i
#9593946
0t
0s
0r
1y
0c
0i
#9594242
1t
0s
0r
1y
0c
0i
#9594680
0t
0s
0r
1y
0c
0i
#9594978
1t
0s
0r
1y
0c
0i
#9595417
0t
0s
0r
1y
0c
0i
#9595714
1t
0s
0r
1y
0c
0i
#9596155
0t
0s
0r
1y
0c
0i
#9596451
1t
0s
0r
1y
0c
0i
#9596889
0t
0s
0r
1y
0c
0i
#9597185
1t
0s
0r
1y
0c
0i
#9597624
0t
0s
0r
1y
0c
0i
#9597919
1t
0s
0r
1y
0c
0i
#9598359
0t
0s
0r
1y
0c
0i
#9598653
1t
0s
0r
1y
0c
0i
#9599088
0t
0s
0r
1y
0c
0i
#9599383
1t
0s
0r
1y
0c
0i
#9599818
0t
0s
0r
1y
0c
0i
#9600112
1t
0s
0r
1y
0c
0i
#9600549
0t
0s
0r
1y
0c
0i
#9600840
1t
0s
0r
1y
0c
0i
#9601273
0t
0s
0r
1y
0c
0i
#9601566
1t
0s
0r
1y
0c
0i
#9601997
0t
0s
0r
1y
0c
0i
#9602290
1t
0s
0r
1y
0c
0i
#9602722
0t
0s
0r
1y
0c
0i
#9603014
1t
0s
0r
1y
0c
0i
#9603443
0t
0s
0r
1y
0c
0i
#9603735
1t
0s
0r
1y
0c
0i
#9604164
0t
0s
0r
1y
0c
0i
#9604456
1t
0s
0r
1y
0c
0i
#9604887
0t
0s
0r
1y
0c
0i
#9605177
1t
0s
0r
1y
0c
0i
#9605604
0t
0s
0r
1y
0c
0i
#9605897
1t
0s
0r
1y
0c
0i
#9606324
0t
0s
0r
1y
0c
0i
#9606616
1t
0s
0r
1y
0c
0i
#9607045
0t
0s
0r
1y
0c
0i
#9607336
1t
0s
0r
1y
0c
0i
#9607762
0t
0s
0r
1y
0c
0i
#9608054
1t
0s
0r
1y
0c
0i
#9608481
0t
0s
0r
1y
0c
0i
#9608773
1t
0s
0r
1y
0c
0i
#9609201
0t
0s
0r
1y
0c
1i
#9609494
1t
0s
0r
1y
0c
1i
#9609920
0t
0s
0r
1y
0c
1i
#9610213
1t
0s
0r
1y
0c
1i
#9610640
0t
0s
0r
1y
0c
1i
#9610933
1t
0s
0r
1y
0c
1i
#9611363
0t
0s
0r
1y
0c
1i
#9611655
1t
0s
0r
1y
1c
1i
#9612083
0t
0s
0r
1y
1c
1i
#9612377
1t
0s
0r
1y
1c
1i
#9612807
0t
0s
0r
1y
1c
1i
#9613100
1t
0s
0r
1y
1c
1i
#9613532
0t
0s
0r
1y
1c
1i
#9613825
1t
0s
0r
1y
1c
1i
#9614254
0t
0s
0r
1y
1c
0i
#9614547
1t
0s
0r
1y
1c
0i
#9614977
0t
0s
0r
1y
1c
0i
#9615270
1t
0s
0r
1y
1c
0i
#9615701
0t
0s
0r
1y
1c
0i
#9615993
1t
0s
0r
1y
1c
0i
#9616421
0t
0s
0r
1y
1c
0i
#9616715
1t
0s
0r
1y
1c
0i
#9617143
0t
0s
0r
1y
1c
0i
#9617437
1t
0s
0r
1y
1c
0i
#9617866
0t
0s
0r
1y
1c
0i
#9618158
1t
0s
0r
1y
1c
0i
#9618584
0t
0s
0r
1y
1c
0i
#9618877
1t
0s
0r
1y
1c
0i
#9619303
0t
0s
0r
1y
1c
0i
#9619595
1t
0s
0r
1y
1c
0i
#9620021
0t
0s
0r
1y
1c
0i
#9620313
1t
0s
0r
1y
1c
0i
#9620735
0t
0s
0r
1y
1c
0i
#9621027
1t
0s
0r
1y
1c
0i
#9621449
0t
0s
0r
1y
1c
0i
#9621739
1t
0s
0r
1y
1c
0i
#9622163
0t
0s
0r
1y
1c
0i
#9622451
1t
0s
0r
1y
1c
0i
#9623563
0t
0s
0r
1y
1c
0i
#9624371
1t
0s
0r
1y
1c
0i
#9625006
0t
0s
0r
1y
1c
0i
#9625285
1t
0s
0r
1y
1c
0i
#9625707
0t
0s
0r
1y
1c
0i
#9625993
1t
0s
0r
1y
1c
0i
#9626413
0t
0s
0r
1y
1c
0i
#9626700
1t
0s
0r
1y
1c
0i
#9627120
0t
0s
0r
1y
1c
0i
#9627406
1t
0s
0r
1y
1c
0i
#9627826
0t
0s
0r
1y
1c
0i
#9628112
1t
0s
0r
1y
1c
0i
#9628534
0t
0s
0r
1y
1c
0i
#9628819
1t
0s
0r
1y
1c
0i
#9629237
0t
0s
0r
1y
1c
1i
#9629523
1t
0s
0r
1y
1c
1i
#9629943
0t
0s
0r
1y
1c
1i
#9630229
1t
0s
0r
1y
1c
1i
#9630649
0t
0s
0r
1y
1c
1i
#9630936
1t
0s
0r
1y
1c
1i
#9631354
0t
0s
0r
1y
1c
1i
#9631641
1t
0s
0r
1y
1c
1i
#9632061
0t
0s
0r
1y
1c
1i
#9632348
1t
0s
0r
1y
0c
1i
#9632770
0t
0s
0r
1y
0c
1i
#9633056
1t
0s
0r
1y
0c
1i
#9633477
0t
0s
0r
1y
0c
1i
#9633764
1t
0s
0r
1y
0c
1i
#9634186
0t
0s
0r
1y
0c
1i
#9634473
1t
0s
0r
1y
0c
1i
#9634897
0t
0s
0r
1y
0c
0i
#9635074
0t
0s
1r
1y
0c
0i
#9635076
0t
0s
0r
1y
0c
0i
#9635184
1t
0s
0r
1y
0c
0i
#9635605
0t
0s
0r
1y
0c
0i
#9635892
1t
0s
0r
1y
0c
0i
#9636314
0t
0s
0r
1y
0c
0i
#9636601
1t
0s
0r
1y
0c
0i
#9637024
0t
0s
0r
1y
0c
0i
#9637310
1t
0s
0r
1y
0c
0i
#9637730
0t
0s
0r
1y
0c
0i
#9638018
1t
0s
0r
1y
0c
0i
#9638439
0t
0s
0r
1y
0c
0i
#9638726
1t
0s
0r
1y
0c
0i
#9639148
0t
0s
0r
1y
0c
0i
#9639434
1t
0s
0r
1y
0c
0i
#9639855
0t
0s
0r
1y
0c
0i
#9640141
1t
0s
0r
1y
0c
0i
#9640563
0t
0s
0r
1y
0c
0i
#9640849
1t
0s
0r
1y
0c
0i
#9641272
0t
0s
0r
1y
0c
0i
#9641557
1t
0s
0r
1y
0c
0i
#9641977
0t
0s
0r
1y
0c
0i
#9642263
1t
0s
0r
1y
0c
0i
#9642685
0t
0s
0r
1y
0c
0i
#9642970
1t
0s
0r
1y
0c
0i
#9643393
0t
0s
0r
1y
0c
0i
#9643677
1t
0s
0r
1y
0c
0i
#9644097
0t
0s
0r
1y
0c
0i
#9644382
1t
0s
0r
1y
0c
0i
#9644801
0t
0s
0r
1y
0c
0i
#9645087
1t
0s
0r
1y
0c
0i
#9645507
0t
0s
0r
1y
0c
0i
#9645792
1t
0s
0r
1y
0c
0i
#9646209
0t
0s
0r
1y
0c
0i
#9646494
1t
0s
0r
1y
0c
0i
#9646912
0t
0s
0r
1y
0c
0i
#9647197
1t
0s
0r
1y
0c
0i
#9647616
0t
0s
0r
1y
0c
0i
#9647899
1t
0s
0r
1y
0c
0i
#9648315
0t
0s
0r
1y
0c
0i
#9648601
1t
0s
0r
1y
0c
0i
#9649017
0t
0s
0r
1y
0c
0i
#9649302
1t
0s
0r
1y
0c
0i
#9649719
0t
0s
0r
1y
0c
0i
#9650003
1t
0s
0r
1y
0c
0i
#9650419
0t
0s
0r
1y
0c
0i
#9650703
1t
0s
0r
1y
0c
1i
#9651119
0t
0s
0r
1y
0c
1i
#9651404
1t
0s
0r
1y
0c
1i
#9651820
0t
0s
0r
1y
0c
1i
#9652106
1t
0s
0r
1y
0c
1i
#9652521
0t
0s
0r
1y
0c
1i
#9652807
1t
0s
0r
1y
0c
1i
#9653223
0t
0s
0r
1y
0c
1i
#9653509
1t
0s
0r
1y
1c
1i
#9653928
0t
0s
0r
1y
1c
1i
#9654213
1t
0s
0r
1y
1c
1i
#9654629
0t
0s
0r
1y
1c
1i
#9654917
1t
0s
0r
1y
1c
1i
#9655335
0t
0s
0r
1y
1c
1i
#9655622
1t
0s
0r
1y
1c
1i
#9656042
0t
0s
0r
1y
1c
0i
#9656328
1t
0s
0r
1y
1c
0i
#9656746
0t
0s
0r
1y
1c
0i
#9657033
1t
0s
0r
1y
1c
0i
#9657452
0t
0s
0r
1y
1c
0i
#9657738
1t
0s
0r
1y
1c
0i
#9658159
0t
0s
0r
1y
1c
0i
#9658444
1t
0s
0r
1y
1c
0i
#9658861
0t
0s
0r
1y
1c
0i
#9659149
1t
0s
0r
1y
1c
0i
#9659566
0t
0s
0r
1y
1c
0i
#9659854
1t
0s
0r
1y
1c
0i
#9660273
0t
0s
0r
1y
1c
0i
#9660559
1t
0s
0r
1y
1c
0i
#9660975
0t
0s
0r
1y
1c
0i
#9661262
1t
0s
0r
1y
1c
0i
#9661679
0t
0s
0r
1y
1c
0i
#9661965
1t
0s
0r
1y
1c
0i
#9662382
0t
0s
0r
1y
1c
0i
#9662669
1t
0s
0r
1y
1c
0i
#9663083
0t
0s
0r
1y
1c
0i
#9663369
1t
0s
0r
1y
1c
0i
#9663783
0t
0s
0r
1y
1c
0i
#9664069
1t
0s
0r
1y
1c
0i
#9664484
0t
0s
0r
1y
1c
0i
#9664768
1t
0s
0r
1y
1c
0i
#9665860
0t
0s
0r
1y
1c
0i
#9666655
1t
0s
0r
1y
1c
0i
#9667278
0t
0s
0r
1y
1c
0i
#9667553
1t
0s
0r
1y
1c
0i
#9667967
0t
0s
0r
1y
1c
0i
#9668248
1t
0s
0r
1y
1c
0i
#9668661
0t
0s
0r
1y
1c
0i
#9668943
1t
0s
0r
1y
1c
0i
#9669355
0t
0s
0r
1y
1c
0i
#9669637
1t
0s
0r
1y
1c
0i
#9670049
0t
0s
0r
1y
1c
0i
#9670331
1t
0s
0r
1y
1c
0i
#9670744
0t
0s
0r
1y
1c
0i
#9671025
1t
0s
0r
1y
1c
0i
#9671436
0t
0s
0r
1y
1c
0i
#9671717
1t
0s
0r
1y
1c
0i
#9672129
0t
0s
0r
1y
1c
1i
#9672410
1t
0s
0r
1y
1c
1i
#9672823
0t
0s
0r
1y
1c
1i
#9673105
1t
0s
0r
1y
1c
1i
#9673515
0t
0s
0r
1y
1c
1i
#9673798
1t
0s
0r
1y
1c
1i
#9674210
0t
0s
0r
1y
1c
1i
#9674493
1t
0s
0r
1y
0c
1i
#9674907
0t
0s
0r
1y
0c
1i
#9675189
1t
0s
0r
1y
0c
1i
#9675602
0t
0s
0r
1y
0c
1i
#9675884
1t
0s
0r
1y
0c
1i
#9676298
0t
0s
0r
1y
0c
1i
#9676581
1t
0s
0r
1y
0c
1i
#9676997
0t
0s
0r
1y
0c
0i
#9677279
1t
0s
0r
1y
0c
0i
#9677692
0t
0s
0r
1y
0c
0i
#9677975
1t
0s
0r
1y
0c
0i
#9678389
0t
0s
0r
1y
0c
0i
#9678672
1t
0s
0r
1y
0c
0i
#9679088
0t
0s
0r
1y
0c
0i
#9679369
1t
0s
0r
1y
0c
0i
#9679782
0t
0s
0r
1y
0c
0i
#9680066
1t
0s
0r
1y
0c
0i
#9680478
0t
0s
0r
1y
0c
0i
#9680761
1t
0s
0r
1y
0c
0i
#9681176
0t
0s
0r
1y
0c
0i
#9681458
1t
0s
0r
1y
0c
0i
#9681871
0t
0s
0r
1y
0c
0i
#9682154
1t
0s
0r
1y
0c
0i
#9682567
0t
0s
0r
1y
0c
0i
#9682849
1t
0s
0r
1y
0c
0i
#9683264
0t
0s
0r
1y
0c
0i
#9683545
1t
0s
0r
1y
0c
0i
#9683957
0t
0s
0r
1y
0c
0i
#9684239
1t
0s
0r
1y
0c
0i
#9684652
0t
0s
0r
1y
0c
0i
#9684933
1t
0s
0r
1y
0c
0i
#9685347
0t
0s
0r
1y
0c
0i
#9685627
1t
0s
0r
1y
0c
0i
#9686038
0t
0s
0r
1y
0c
0i
#9686319
1t
0s
0r
1y
0c
0i
#9686729
0t
0s
0r
1y
0c
0i
#9687011
1t
0s
0r
1y
0c
0i
#9687422
0t
0s
0r
1y
0c
0i
#9687702
1t
0s
0r
1y
0c
0i
#9688111
0t
0s
0r
1y
0c
0i
#9688392
1t
0s
0r
1y
0c
0i
#9688801
0t
0s
0r
1y
0c
0i
#9689081
1t
0s
0r
1y
0c
0i
#9689492
0t
0s
0r
1y
0c
0i
#9689771
1t
0s
0r
1y
0c
0i
#9690179
0t
0s
0r
1y
0c
0i
#9690460
1t
0s
0r
1y
0c
0i
#9690868
0t
0s
0r
1y
0c
0i
#9691148
1t
0s
0r
1y
0c
0i
#9691558
0t
0s
0r
1y
0c
0i
#9691838
1t
0s
0r
1y
0c
0i
#9692245
0t
0s
0r
1y
0c
0i
#9692525
1t
0s
0r
1y
0c
0i
#9692933
0t
0s
0r
1y
0c
1i
#9693214
1t
0s
0r
1y
0c
1i
#9693622
0t
0s
0r
1y
0c
1i
#9693904
1t
0s
0r
1y
0c
1i
#9694310
0t
0s
0r
1y
0c
1i
#9694592
1t
0s
0r
1y
0c
1i
#9695000
0t
0s
0r
1y
0c
1i
#9695282
1t
0s
0r
1y
1c
1i
#9695692
0t
0s
0r
1y
1c
1i
#9695973
1t
0s
0r
1y
1c
1i
#9696382
0t
0s
0r
1y
1c
1i
#9696664
1t
0s
0r
1y
1c
1i
#9697074
0t
0s
0r
1y
1c
1i
#9697357
1t
0s
0r
1y
1c
1i
#9697769
0t
0s
0r
1y
1c
0i
#9698050
1t
0s
0r
1y
1c
0i
#9698460
0t
0s
0r
1y
1c
0i
#9698743
1t
0s
0r
1y
1c
0i
#9699153
0t
0s
0r
1y
1c
0i
#9699435
1t
0s
0r
1y
1c
0i
#9699848
0t
0s
0r
1y
1c
0i
#9700129
1t
0s
0r
1y
1c
0i
#9700538
0t
0s
0r
1y
1c
0i
#9700822
1t
0s
0r
1y
1c
0i
#9701231
0t
0s
0r
1y
1c
0i
#9701514
1t
0s
0r
1y
1c
0i
#9701926
0t
0s
0r
1y
1c
0i
#9702208
1t
0s
0r
1y
1c
0i
#9702617
0t
0s
0r
1y
1c
0i
#9702900
1t
0s
0r
1y
1c
0i
#9703310
0t
0s
0r
1y
1c
0i
#9703593
1t
0s
0r
1y
1c
0i
#9704005
0t
0s
0r
1y
1c
0i
#9704287
1t
0s
0r
1y
1c
0i
#9704696
0t
0s
0r
1y
1c
0i
#9704979
1t
0s
0r
1y
1c
0i
#9705389
0t
0s
0r
1y
1c
0i
#9705671
1t
0s
0r
1y
1c
0i
#9706082
0t
0s
0r
1y
1c
0i
#9706364
1t
0s
0r
1y
1c
0i
#9707443
0t
0s
0r
1y
1c
0i
#9708231
1t
0s
0r
1y
1c
0i
#9708847
0t
0s
0r
1y
1c
0i
#9709120
1t
0s
0r
1y
1c
0i
#9709529
0t
0s
0r
1y
1c
0i
#9709808
1t
0s
0r
1y
1c
0i
#9710216
0t
0s
0r
1y
1c
0i
#9710495
1t
0s
0r
1y
1c
0i
#9710902
0t
0s
0r
1y
1c
0i
#9711182
1t
0s
0r
1y
1c
0i
#9711589
0t
0s
0r
1y
1c
0i
#9711869
1t
0s
0r
1y
1c
0i
#9712277
0t
0s
0r
1y
1c
0i
#9712555
1t
0s
0r
1y
1c
0i
#9712961
0t
0s
0r
1y
1c
0i
#9713240
1t
0s
0r
1y
1c
1i
#9713647
0t
0s
0r
1y
1c
1i
#9713926
1t
0s
0r
1y
1c
1i
#9714334
0t
0s
0r
1y
1c
1i
#9714614
1t
0s
0r
1y
1c
1i
#9715019
0t
0s
0r
1y
1c
1i
#9715299
1t
0s
0r
1y
1c
1i
#9715707
0t
0s
0r
1y
0c
1i
#9715986
1t
0s
0r
1y
0c
1i
#9716396
0t
0s
0r
1y
0c
1i
#9716675
1t
0s
0r
1y
0c
1i
#9717083
0t
0s
0r
1y
0c
1i
#9717363
1t
0s
0r
1y
0c
1i
#9717772
0t
0s
0r
1y
0c
1i
#9718053
1t
0s
0r
1y
0c
0i
#9718257
1t
0s
1r
1y
0c
0i
#9718260
1t
0s
0r
1y
0c
0i
#9718464
0t
0s
0r
1y
0c
0i
#9718744
1t
0s
0r
1y
0c
0i
#9719152
0t
0s
0r
1y
0c
0i
#9719433
1t
0s
0r
1y
0c
0i
#9719843
0t
0s
0r
1y
0c
0i
#9720123
1t
0s
0r
1y
0c
0i
#9720534
0t
0s
0r
1y
0c
0i
#9720814
1t
0s
0r
1y
0c
0i
#9721222
0t
0s
0r
1y
0c
0i
#9721504
1t
0s
0r
1y
0c
0i
#9721912
0t
0s
0r
1y
0c
0i
#9722193
1t
0s
0r
1y
0c
0i
#9722605
0t
0s
0r
1y
0c
0i
#9722884
1t
0s
0r
1y
0c
0i
#9723293
0t
0s
0r
1y
0c
0i
#9723573
1t
0s
0r
1y
0c
0i
#9723982
0t
0s
0r
1y
0c
0i
#9724262
1t
0s
0r
1y
0c
0i
#9724673
0t
0s
0r
1y
0c
0i
#9724951
1t
0s
0r
1y
0c
0i
#9725358
0t
0s
0r
1y
0c
0i
#9725637
1t
0s
0r
1y
0c
0i
#9726045
0t
0s
0r
1y
0c
0i
#9726323
1t
0s
0r
1y
0c
0i
#9726732
0t
0s
0r
1y
0c
0i
#9727009
1t
0s
0r
1y
0c
0i
#9727416
0t
0s
0r
1y
0c
0i
#9727693
1t
0s
0r
1y
0c
0i
#9728099
0t
0s
0r
1y
0c
0i
#9728378
1t
0s
0r
1y
0c
0i
#9728784
0t
0s
0r
1y
0c
0i
#9729062
1t
0s
0r
1y
0c
0i
#9729466
0t
0s
0r
1y
0c
0i
#9729744
1t
0s
0r
1y
0c
0i
#9730149
0t
0s
0r
1y
0c
0i
#9730426
1t
0s
0r
1y
0c
0i
#9730833
0t
0s
0r
1y
0c
0i
#9731109
1t
0s
0r
1y
0c
0i
#9731512
0t
0s
0r
1y
0c
0i
#9731791
1t
0s
0r
1y
0c
0i
#9732195
0t
0s
0r
1y
0c
0i
#9732472
1t
0s
0r
1y
0c
0i
#9732878
0t
0s
0r
1y
0c
0i
#9733155
1t
0s
0r
1y
0c
0i
#9733557
0t
0s
0r
1y
0c
0i
#9733835
1t
0s
0r
1y
0c
0i
#9734239
0t
0s
0r
1y
0c
1i
#9734516
1t
0s
0r
1y
0c
1i
#9734920
0t
0s
0r
1y
1c
1i
#9735199
1t
0s
0r
1y
1c
1i
#9735600
0t
0s
0r
1y
1c
1i
#9735880
1t
0s
0r
1y
1c
1i
#9736283
0t
0s
0r
1y
1c
1i
#9736562
1t
0s
0r
1y
1c
1i
#9736968
0t
0s
0r
1y
1c
1i
#9737246
1t
0s
0r
1y
1c
1i
#9737650
0t
0s
0r
1y
1c
1i
#9737930
1t
0s
0r
1y
1c
1i
#9738335
0t
0s
0r
1y
1c
1i
#9738614
1t
0s
0r
1y
1c
0i
#9739022
0t
0s
0r
1y
1c
0i
#9739301
1t
0s
0r
1y
1c
0i
#9739706
0t
0s
0r
1y
1c
0i
#9739985
1t
0s
0r
1y
1c
0i
#9740391
0t
0s
0r
1y
1c
0i
#9740670
1t
0s
0r
1y
1c
0i
#9741078
0t
0s
0r
1y
1c
0i
#9741356
1t
0s
0r
1y
1c
0i
#9741760
0t
0s
0r
1y
1c
0i
#9742041
1t
0s
0r
1y
1c
0i
#9742444
0t
0s
0r
1y
1c
0i
#9742724
1t
0s
0r
1y
1c
0i
#9743128
0t
0s
0r
1y
1c
0i
#9743406
1t
0s
0r
1y
1c
0i
#9743808
0t
0s
0r
1y
1c
0i
#9744086
1t
0s
0r
1y
1c
0i
#9744488
0t
0s
0r
1y
1c
0i
#9744765
1t
0s
0r
1y
1c
0i
#9745167
0t
0s
0r
1y
1c
0i
#9745445
1t
0s
0r
1y
1c
0i
#9745844
0t
0s
0r
1y
1c
0i
#9746122
1t
0s
0r
1y
1c
0i
#9746522
0t
0s
0r
1y
1c
0i
#9746799
1t
0s
0r
1y
1c
0i
#9747200
0t
0s
0r
1y
1c
0i
#9747477
1t
0s
0r
1y
1c
0i
#9748534
0t
0s
0r
1y
1c
0i
#9749308
1t
0s
0r
1y
1c
0i
#9749912
0t
0s
0r
1y
1c
0i
#9750181
1t
0s
0r
1y
1c
0i
#9750583
0t
0s
0r
1y
1c
0i
#9750857
1t
0s
0r
1y
1c
0i
#9751258
0t
0s
0r
1y
1c
0i
#9751533
1t
0s
0r
1y
1c
0i
#9751933
0t
0s
0r
1y
1c
0i
#9752209
1t
0s
0r
1y
1c
0i
#9752609
0t
0s
0r
1y
1c
0i
#9752885
1t
0s
0r
1y
1c
0i
#9753286
0t
0s
0r
1y
1c
0i
#9753561
1t
0s
0r
1y
1c
0i
#9753960
0t
0s
0r
1y
1c
0i
#9754235
1t
0s
0r
1y
1c
0i
#9754634
0t
0s
0r
1y
1c
1i
#9754909
1t
0s
0r
1y
1c
1i
#9755310
0t
0s
0r
1y
0c
1i
#9755585
1t
0s
0r
1y
0c
1i
#9755984
0t
0s
0r
1y
0c
1i
#9756260
1t
0s
0r
1y
0c
1i
#9756659
0t
0s
0r
1y
0c
1i
#9756935
1t
0s
0r
1y
0c
1i
#9757337
0t
0s
0r
1y
0c
1i
#9757611
1t
0s
0r
1y
0c
1i
#9758011
0t
0s
0r
1y
0c
1i
#9758287
1t
0s
0r
1y
0c
1i
#9758688
0t
0s
0r
1y
0c
1i
#9758964
1t
0s
0r
1y
0c
1i
#9759366
0t
0s
0r
1y
0c
0i
#9759641
1t
0s
0r
1y
0c
0i
#9760042
0t
0s
0r
1y
0c
0i
#9760318
1t
0s
0r
1y
0c
0i
#9760719
0t
0s
0r
1y
0c
0i
#9760994
1t
0s
0r
1y
0c
0i
#9761397
0t
0s
0r
1y
0c
0i
#9761671
1t
0s
0r
1y
0c
0i
#9762070
0t
0s
0r
1y
0c
0i
#9762346
1t
0s
0r
1y
0c
0i
#9762744
0t
0s
0r
1y
0c
0i
#9763019
1t
0s
0r
1y
0c
0i
#9763418
0t
0s
0r
1y
0c
0i
#9763691
1t
0s
0r
1y
0c
0i
#9764088
0t
0s
0r
1y
0c
0i
#9764361
1t
0s
0r
1y
0c
0i
#9764757
0t
0s
0r
1y
0c
0i
#9765030
1t
0s
0r
1y
0c
0i
#9765428
0t
0s
0r
1y
0c
0i
#9765699
1t
0s
0r
1y
0c
0i
#9766093
0t
0s
0r
1y
0c
0i
#9766366
1t
0s
0r
1y
0c
0i
#9766761
0t
0s
0r
1y
0c
0i
#9767033
1t
0s
0r
1y
0c
0i
#9767431
0t
0s
0r
1y
0c
0i
#9767702
1t
0s
0r
1y
0c
0i
#9768097
0t
0s
0r
1y
0c
0i
#9768369
1t
0s
0r
1y
0c
0i
#9768764
0t
0s
0r
1y
0c
0i
#9769037
1t
0s
0r
1y
0c
0i
#9769434
0t
0s
0r
1y
0c
0i
#9769706
1t
0s
0r
1y
0c
0i
#9770100
0t
0s
0r
1y
0c
0i
#9770373
1t
0s
0r
1y
0c
0i
#9770767
0t
0s
0r
1y
0c
0i
#9771040
1t
0s
0r
1y
0c
0i
#9771437
0t
0s
0r
1y
0c
0i
#9771708
1t
0s
0r
1y
0c
0i
#9772102
0t
0s
0r
1y
0c
0i
#9772376
1t
0s
0r
1y
0c
0i
#9772770
0t
0s
0r
1y
0c
0i
#9773043
1t
0s
0r
1y
0c
0i
#9773439
0t
0s
0r
1y
0c
0i
#9773710
1t
0s
0r
1y
0c
0i
#9774104
0t
0s
0r
1y
0c
0i
#9774377
1t
0s
0r
1y
0c
0i
#9774771
0t
0s
0r
1y
0c
0i
#9775043
1t
0s
0r
1y
0c
1i
#9775438
0t
0s
0r
1y
1c
1i
#9775711
1t
0s
0r
1y
1c
1i
#9776103
0t
0s
0r
1y
1c
1i
#9776377
1t
0s
0r
1y
1c
1i
#9776771
0t
0s
0r
1y
1c
1i
#9777044
1t
0s
0r
1y
1c
1i
#9777440
0t
0s
0r
1y
1c
1i
#9777713
1t
0s
0r
1y
1c
1i
#9778106
0t
0s
0r
1y
1c
1i
#9778380
1t
0s
0r
1y
1c
1i
#9778775
0t
0s
0r
1y
1c
1i
#9779049
1t
0s
0r
1y
1c
1i
#9779446
0t
0s
0r
1y
1c
0i
#9779719
1t
0s
0r
1y
1c
0i
#9780113
0t
0s
0r
1y
1c
0i
#9780387
1t
0s
0r
1y
1c
0i
#9780783
0t
0s
0r
1y
1c
0i
#9781056
1t
0s
0r
1y
1c
0i
#9781453
0t
0s
0r
1y
1c
0i
#9781726
1t
0s
0r
1y
1c
0i
#9782119
0t
0s
0r
1y
1c
0i
#9782393
1t
0s
0r
1y
1c
0i
#9782786
0t
0s
0r
1y
1c
0i
#9783060
1t
0s
0r
1y
1c
0i
#9783454
0t
0s
0r
1y
1c
0i
#9783726
1t
0s
0r
1y
1c
0i
#9784117
0t
0s
0r
1y
1c
0i
#9784389
1t
0s
0r
1y
1c
0i
#9784780
0t
0s
0r
1y
1c
0i
#9785052
1t
0s
0r
1y
1c
0i
#9785443
0t
0s
0r
1y
1c
0i
#9785715
1t
0s
0r
1y
1c
0i
#9786105
0t
0s
0r
1y
1c
0i
#9786377
1t
0s
0r
1y
1c
0i
#9786767
0t
0s
0r
1y
1c
0i
#9787038
1t
0s
0r
1y
1c
0i
#9787430
0t
0s
0r
1y
1c
0i
#9787700
1t
0s
0r
1y
1c
0i
#9788733
0t
0s
0r
1y
1c
0i
#9789492
1t
0s
0r
1y
1c
0i
#9790082
0t
0s
0r
1y
1c
0i
#9790345
1t
0s
0r
1y
1c
0i
#9790738
0t
0s
0r
1y
1c
0i
#9791007
1t
0s
0r
1y
1c
0i
#9791398
0t
0s
0r
1y
1c
0i
#9791668
1t
0s
0r
1y
1c
0i
#9792059
0t
0s
0r
1y
1c
0i
#9792330
1t
0s
0r
1y
1c
0i
#9792720
0t
0s
0r
1y
1c
0i
#9792990
1t
0s
0r
1y
1c
0i
#9793382
0t
0s
0r
1y
1c
0i
#9793651
1t
0s
0r
1y
1c
0i
#9794041
0t
0s
0r
1y
1c
0i
#9794310
1t
0s
0r
1y
1c
0i
#9794701
0t
0s
0r
1y
1c
0i
#9794970
1t
0s
0r
1y
1c
1i
#9795362
0t
0s
0r
1y
0c
1i
#9795631
1t
0s
0r
1y
0c
1i
#9796020
0t
0s
0r
1y
0c
1i
#9796290
1t
0s
0r
1y
0c
1i
#9796680
0t
0s
0r
1y
0c
1i
#9796950
1t
0s
0r
1y
0c
1i
#9797342
0t
0s
0r
1y
0c
1i
#9797611
1t
0s
0r
1y
0c
1i
#9798001
0t
0s
0r
1y
0c
1i
#9798271
1t
0s
0r
1y
0c
1i
#9798662
0t
0s
0r
1y
0c
1i
#9798932
1t
0s
0r
1y
0c
0i
#9799207
1t
0s
1r
1y
0c
0i
#9799210
1t
0s
0r
1y
0c
0i
#9799325
0t
0s
0r
1y
0c
0i
#9799595
1t
0s
0r
1y
0c
0i
#9799985
0t
0s
0r
1y
0c
0i
#9800256
1t
0s
0r
1y
0c
0i
#9800647
0t
0s
0r
1y
0c
0i
#9800917
1t
0s
0r
1y
0c
0i
#9801310
0t
0s
0r
1y
0c
0i
#9801579
1t
0s
0r
1y
0c
0i
#9801969
0t
0s
0r
1y
0c
0i
#9802240
1t
0s
0r
1y
0c
0i
#9802630
0t
0s
0r
1y
0c
0i
#9802899
1t
0s
0r
1y
0c
0i
#9803291
0t
0s
0r
1y
0c
0i
#9803559
1t
0s
0r
1y
0c
0i
#9803948
0t
0s
0r
1y
0c
0i
#9804217
1t
0s
0r
1y
0c
0i
#9804606
0t
0s
0r
1y
0c
0i
#9804874
1t
0s
0r
1y
0c
0i
#9805265
0t
0s
0r
1y
0c
0i
#9805532
1t
0s
0r
1y
0c
0i
#9805920
0t
0s
0r
1y
0c
0i
#9806188
1t
0s
0r
1y
0c
0i
#9806577
0t
0s
0r
1y
0c
0i
#9806844
1t
0s
0r
1y
0c
0i
#9807234
0t
0s
0r
1y
0c
0i
#9807501
1t
0s
0r
1y
0c
0i
#9807889
0t
0s
0r
1y
0c
0i
#9808156
1t
0s
0r
1y
0c
0i
#9808544
0t
0s
0r
1y
0c
0i
#9808813
1t
0s
0r
1y
0c
0i
#9809202
0t
0s
0r
1y
0c
0i
#9809469
1t
0s
0r
1y
0c
0i
#9809856
0t
0s
0r
1y
0c
0i
#9810124
1t
0s
0r
1y
0c
0i
#9810511
0t
0s
0r
1y
0c
0i
#9810779
1t
0s
0r
1y
0c
0i
#9811168
0t
0s
0r
1y
0c
0i
#9811435
1t
0s
0r
1y
0c
0i
#9811821
0t
0s
0r
1y
0c
0i
#9812090
1t
0s
0r
1y
0c
0i
#9812476
0t
0s
0r
1y
0c
0i
#9812744
1t
0s
0r
1y
0c
0i
#9813132
0t
0s
0r
1y
0c
0i
#9813400
1t
0s
0r
1y
0c
0i
#9813785
0t
0s
0r
1y
0c
0i
#9814053
1t
0s
0r
1y
0c
0i
#9814440
0t
0s
0r
1y
0c
0i
#9814707
1t
0s
0r
1y
0c
1i
#9815094
0t
0s
0r
1y
1c
1i
#9815363
1t
0s
0r
1y
1c
1i
#9815747
0t
0s
0r
1y
1c
1i
#9816017
1t
0s
0r
1y
1c
1i
#9816402
0t
0s
0r
1y
1c
1i
#9816671
1t
0s
0r
1y
1c
1i
#9817059
0t
0s
0r
1y
1c
1i
#9817327
1t
0s
0r
1y
1c
1i
#9817713
0t
0s
0r
1y
1c
1i
#9817982
1t
0s
0r
1y
1c
1i
#9818370
0t
0s
0r
1y
1c
1i
#9818639
1t
0s
0r
1y
1c
1i
#9819028
0t
0s
0r
1y
1c
0i
#9819296
1t
0s
0r
1y
1c
0i
#9819683
0t
0s
0r
1y
1c
0i
#9819952
1t
0s
0r
1y
1c
0i
#9820340
0t
0s
0r
1y
1c
0i
#9820609
1t
0s
0r
1y
1c
0i
#9820998
0t
0s
0r
1y
1c
0i
#9821266
1t
0s
0r
1y
1c
0i
#9821652
0t
0s
0r
1y
1c
0i
#9821922
1t
0s
0r
1y
1c
0i
#9822308
0t
0s
0r
1y
1c
0i
#9822578
1t
0s
0r
1y
1c
0i
#9822965
0t
0s
0r
1y
1c
0i
#9823234
1t
0s
0r
1y
1c
0i
#9823618
0t
0s
0r
1y
1c
0i
#9823887
1t
0s
0r
1y
1c
0i
#9824272
0t
0s
0r
1y
1c
0i
#9824540
1t
0s
0r
1y
1c
0i
#9824926
0t
0s
0r
1y
1c
0i
#9825194
1t
0s
0r
1y
1c
0i
#9825578
0t
0s
0r
1y
1c
0i
#9825847
1t
0s
0r
1y
1c
0i
#9826231
0t
0s
0r
1y
1c
0i
#9826499
1t
0s
0r
1y
1c
0i
#9826884
0t
0s
0r
1y
1c
0i
#9827151
1t
0s
0r
1y
1c
0i
#9828168
0t
0s
0r
1y
1c
0i
#9828916
1t
0s
0r
1y
1c
0i
#9829497
0t
0s
0r
1y
1c
0i
#9829757
1t
0s
0r
1y
1c
0i
#9830143
0t
0s
0r
1y
1c
0i
#9830408
1t
0s
0r
1y
1c
0i
#9830794
0t
0s
0r
1y
1c
0i
#9831059
1t
0s
0r
1y
1c
0i
#9831444
0t
0s
0r
1y
1c
0i
#9831711
1t
0s
0r
1y
1c
0i
#9832095
0t
0s
0r
1y
1c
0i
#9832361
1t
0s
0r
1y
1c
0i
#9832747
0t
0s
0r
1y
1c
0i
#9833012
1t
0s
0r
1y
1c
0i
#9833395
0t
0s
0r
1y
1c
0i
#9833661
1t
0s
0r
1y
1c
0i
#9834045
0t
0s
0r
1y
1c
0i
#9834311
1t
0s
0r
1y
1c
1i
#9834695
0t
0s
0r
1y
0c
1i
#9834962
1t
0s
0r
1y
0c
1i
#9835344
0t
0s
0r
1y
0c
1i
#9835611
1t
0s
0r
1y
0c
1i
#9835994
0t
0s
0r
1y
0c
1i
#9836260
1t
0s
0r
1y
0c
1i
#9836646
0t
0s
0r
1y
0c
1i
#9836911
1t
0s
0r
1y
0c
1i
#9837295
0t
0s
0r
1y
0c
1i
#9837561
1t
0s
0r
1y
0c
1i
#9837946
0t
0s
0r
1y
0c
1i
#9838212
1t
0s
0r
1y
0c
0i
#9838599
0t
0s
0r
1y
0c
0i
#9838865
1t
0s
0r
1y
0c
0i
#9839249
0t
0s
0r
1y
0c
0i
#9839516
1t
0s
0r
1y
0c
0i
#9839901
0t
0s
0r
1y
0c
0i
#9840167
1t
0s
0r
1y
0c
0i
#9840554
0t
0s
0r
1y
0c
0i
#9840819
1t
0s
0r
1y
0c
0i
#9841203
0t
0s
0r
1y
0c
0i
#9841470
1t
0s
0r
1y
0c
0i
#9841854
0t
0s
0r
1y
0c
0i
#9842120
1t
0s
0r
1y
0c
0i
#9842506
0t
0s
0r
1y
0c
0i
#9842770
1t
0s
0r
1y
0c
0i
#9843154
0t
0s
0r
1y
0c
0i
#9843419
1t
0s
0r
1y
0c
0i
#9843803
0t
0s
0r
1y
0c
0i
#9844068
1t
0s
0r
1y
0c
0i
#9844453
0t
0s
0r
1y
0c
0i
#9844717
1t
0s
0r
1y
0c
0i
#9845099
0t
0s
0r
1y
0c
0i
#9845364
1t
0s
0r
1y
0c
0i
#9845747
0t
0s
0r
1y
0c
0i
#9846012
1t
0s
0r
1y
0c
0i
#9846397
0t
0s
0r
1y
0c
0i
#9846660
1t
0s
0r
1y
0c
0i
#9847043
0t
0s
0r
1y
0c
0i
#9847308
1t
0s
0r
1y
0c
0i
#9847690
0t
0s
0r
1y
0c
0i
#9847956
1t
0s
0r
1y
0c
0i
#9848339
0t
0s
0r
1y
0c
0i
#9848604
1t
0s
0r
1y
0c
0i
#9848985
0t
0s
0r
1y
0c
0i
#9849251
1t
0s
0r
1y
0c
0i
#9849633
0t
0s
0r
1y
0c
0i
#9849898
1t
0s
0r
1y
0c
0i
#9850282
0t
0s
0r
1y
0c
0i
#9850546
1t
0s
0r
1y
0c
0i
#9850926
0t
0s
0r
1y
0c
0i
#9851192
1t
0s
0r
1y
0c
0i
#9851573
0t
0s
0r
1y
0c
0i
#9851838
1t
0s
0r
1y
0c
0i
#9852221
0t
0s
0r
1y
0c
0i
#9852485
1t
0s
0r
1y
0c
0i
#9852866
0t
0s
0r
1y
0c
0i
#9853131
1t
0s
0r
1y
0c
0i
#9853512
0t
0s
0r
1y
0c
0i
#9853777
1t
0s
0r
1y
0c
0i
#9854158
0t
0s
0r
1y
1c
1i
#9854424
1t
0s
0r
1y
1c
1i
#9854802
0t
0s
0r
1y
1c
1i
#9855069
1t
0s
0r
1y
1c
1i
#9855449
0t
0s
0r
1y
1c
1i
#9855714
1t
0s
0r
1y
1c
1i
#9856097
0t
0s
0r
1y
1c
1i
#9856361
1t
0s
0r
1y
1c
1i
#9856742
0t
0s
0r
1y
1c
1i
#9857008
1t
0s
0r
1y
1c
1i
#9857390
0t
0s
0r
1y
1c
1i
#9857655
1t
0s
0r
1y
1c
0i
#9858039
0t
0s
0r
1y
1c
0i
#9858304
1t
0s
0r
1y
1c
0i
#9858685
0t
0s
0r
1y
1c
0i
#9858951
1t
0s
0r
1y
1c
0i
#9859333
0t
0s
0r
1y
1c
0i
#9859599
1t
0s
0r
1y
1c
0i
#9859983
0t
0s
0r
1y
1c
0i
#9860248
1t
0s
0r
1y
1c
0i
#9860628
0t
0s
0r
1y
1c
0i
#9860896
1t
0s
0r
1y
1c
0i
#9861276
0t
0s
0r
1y
1c
0i
#9861543
1t
0s
0r
1y
1c
0i
#9861925
0t
0s
0r
1y
1c
0i
#9862190
1t
0s
0r
1y
1c
0i
#9862570
0t
0s
0r
1y
1c
0i
#9862835
1t
0s
0r
1y
1c
0i
#9863216
0t
0s
0r
1y
1c
0i
#9863481
1t
0s
0r
1y
1c
0i
#9863862
0t
0s
0r
1y
1c
0i
#9864127
1t
0s
0r
1y
1c
0i
#9864506
0t
0s
0r
1y
1c
0i
#9864771
1t
0s
0r
1y
1c
0i
#9865151
0t
0s
0r
1y
1c
0i
#9865416
1t
0s
0r
1y
1c
0i
#9865797
0t
0s
0r
1y
1c
0i
#9866061
1t
0s
0r
1y
1c
0i
#9867066
0t
0s
0r
1y
1c
0i
#9867805
1t
0s
0r
1y
1c
0i
#9868380
0t
0s
0r
1y
1c
0i
#9868637
1t
0s
0r
1y
1c
0i
#9869019
0t
0s
0r
1y
1c
0i
#9869281
1t
0s
0r
1y
1c
0i
#9869662
0t
0s
0r
1y
1c
0i
#9869925
1t
0s
0r
1y
1c
0i
#9870305
0t
0s
0r
1y
1c
0i
#9870569
1t
0s
0r
1y
1c
0i
#9870949
0t
0s
0r
1y
1c
0i
#9871212
1t
0s
0r
1y
1c
0i
#9871593
0t
0s
0r
1y
1c
0i
#9871856
1t
0s
0r
1y
1c
0i
#9872235
0t
0s
0r
1y
1c
0i
#9872497
1t
0s
0r
1y
1c
0i
#9872877
0t
0s
0r
1y
1c
0i
#9873139
1t
0s
0r
1y
1c
0i
#9873519
0t
0s
0r
1y
0c
1i
#9873783
1t
0s
0r
1y
0c
1i
#9874160
0t
0s
0r
1y
0c
1i
#9874424
1t
0s
0r
1y
0c
1i
#9874803
0t
0s
0r
1y
0c
1i
#9875066
1t
0s
0r
1y
0c
1i
#9875447
0t
0s
0r
1y
0c
1i
#9875709
1t
0s
0r
1y
0c
1i
#9876088
0t
0s
0r
1y
0c
1i
#9876351
1t
0s
0r
1y
0c
1i
#9876731
0t
0s
0r
1y
0c
1i
#9876994
1t
0s
0r
1y
0c
1i
#9877166
1t
0s
1r
1y
0c
0i
#9877169
1t
0s
0r
1y
0c
0i
#9877376
0t
0s
0r
1y
0c
0i
#9877639
1t
0s
0r
1y
0c
0i
#9878018
0t
0s
0r
1y
0c
0i
#9878282
1t
0s
0r
1y
0c
0i
#9878662
0t
0s
0r
1y
0c
0i
#9878925
1t
0s
0r
1y
0c
0i
#9879308
0t
0s
0r
1y
0c
0i
#9879570
1t
0s
0r
1y
0c
0i
#9879949
0t
0s
0r
1y
0c
0i
#9880214
1t
0s
0r
1y
0c
0i
#9880593
0t
0s
0r
1y
0c
0i
#9880857
1t
0s
0r
1y
0c
0i
#9881238
0t
0s
0r
1y
0c
0i
#9881500
1t
0s
0r
1y
0c
0i
#9881879
0t
0s
0r
1y
0c
0i
#9882142
1t
0s
0r
1y
0c
0i
#9882522
0t
0s
0r
1y
0c
0i
#9882784
1t
0s
0r
1y
0c
0i
#9883165
0t
0s
0r
1y
0c
0i
#9883426
1t
0s
0r
1y
0c
0i
#9883805
0t
0s
0r
1y
0c
0i
#9884067
1t
0s
0r
1y
0c
0i
#9884447
0t
0s
0r
1y
0c
0i
#9884708
1t
0s
0r
1y
0c
0i
#9885090
0t
0s
0r
1y
0c
0i
#9885351
1t
0s
0r
1y
0c
0i
#9885730
0t
0s
0r
1y
0c
0i
#9885992
1t
0s
0r
1y
0c
0i
#9886371
0t
0s
0r
1y
0c
0i
#9886634
1t
0s
0r
1y
0c
0i
#9887014
0t
0s
0r
1y
0c
0i
#9887276
1t
0s
0r
1y
0c
0i
#9887653
0t
0s
0r
1y
0c
0i
#9887916
1t
0s
0r
1y
0c
0i
#9888295
0t
0s
0r
1y
0c
0i
#9888557
1t
0s
0r
1y
0c
0i
#9888937
0t
0s
0r
1y
0c
0i
#9889198
1t
0s
0r
1y
0c
0i
#9889575
0t
0s
0r
1y
0c
0i
#9889838
1t
0s
0r
1y
0c
0i
#9890215
0t
0s
0r
1y
0c
0i
#9890478
1t
0s
0r
1y
0c
0i
#9890856
0t
0s
0r
1y
0c
0i
#9891118
1t
0s
0r
1y
0c
0i
#9891494
0t
0s
0r
1y
0c
0i
#9891756
1t
0s
0r
1y
0c
0i
#9892133
0t
0s
0r
1y
0c
0i
#9892395
1t
0s
0r
1y
0c
0i
#9892772
0t
0s
0r
1y
1c
1i
#9893035
1t
0s
0r
1y
1c
1i
#9893410
0t
0s
0r
1y
1c
1i
#9893673
1t
0s
0r
1y
1c
1i
#9894048
0t
0s
0r
1y
1c
1i
#9894311
1t
0s
0r
1y
1c
1i
#9894689
0t
0s
0r
1y
1c
1i
#9894951
1t
0s
0r
1y
1c
1i
#9895326
0t
0s
0r
1y
1c
1i
#9895590
1t
0s
0r
1y
1c
1i
#9895966
0t
0s
0r
1y
1c
1i
#9896229
1t
0s
0r
1y
1c
1i
#9896608
0t
0s
0r
1y
1c
0i
#9896870
1t
0s
0r
1y
1c
0i
#9897247
0t
0s
0r
1y
1c
0i
#9897510
1t
0s
0r
1y
1c
0i
#9897888
0t
0s
0r
1y
1c
0i
#9898150
1t
0s
0r
1y
1c
0i
#9898530
0t
0s
0r
1y
1c
0i
#9898792
1t
0s
0r
1y
1c
0i
#9899168
0t
0s
0r
1y
1c
0i
#9899433
1t
0s
0r
1y
1c
0i
#9899810
0t
0s
0r
1y
1c
0i
#9900074
1t
0s
0r
1y
1c
0i
#9900452
0t
0s
0r
1y
1c
0i
#9900715
1t
0s
0r
1y
1c
0i
#9901091
0t
0s
0r
1y
1c
0i
#9901355
1t
0s
0r
1y
1c
0i
#9901732
0t
0s
0r
1y
1c
0i
#9901995
1t
0s
0r
1y
1c
0i
#9902373
0t
0s
0r
1y
1c
0i
#9902637
1t
0s
0r
1y
1c
0i
#9903012
0t
0s
0r
1y
1c
0i
#9903277
1t
0s
0r
1y
1c
0i
#9903653
0t
0s
0r
1y
1c
0i
#9903917
1t
0s
0r
1y
1c
0i
#9904296
0t
0s
0r
1y
1c
0i
#9904558
1t
0s
0r
1y
1c
0i
#9905557
0t
0s
0r
1y
1c
0i
#9906292
1t
0s
0r
1y
1c
0i
#9906863
0t
0s
0r
1y
1c
0i
#9907118
1t
0s
0r
1y
1c
0i
#9907498
0t
0s
0r
1y
1c
0i
#9907759
1t
0s
0r
1y
1c
0i
#9908137
0t
0s
0r
1y
1c
0i
#9908398
1t
0s
0r
1y
1c
0i
#9908776
0t
0s
0r
1y
1c
0i
#9909038
1t
0s
0r
1y
1c
0i
#9909415
0t
0s
0r
1y
1c
0i
#9909677
1t
0s
0r
1y
1c
0i
#9910055
0t
0s
0r
1y
1c
0i
#9910316
1t
0s
0r
1y
1c
0i
#9910691
0t
0s
0r
1y
1c
0i
#9910953
1t
0s
0r
1y
1c
0i
#9911329
0t
0s
0r
1y
1c
0i
#9911590
1t
0s
0r
1y
1c
0i
#9911967
0t
0s
0r
1y
0c
1i
#9912228
1t
0s
0r
1y
0c
1i
#9912603
0t
0s
0r
1y
0c
1i
#9912865
1t
0s
0r
1y
0c
1i
#9913240
0t
0s
0r
1y
0c
1i
#9913501
1t
0s
0r
1y
0c
1i
#9913879
0t
0s
0r
1y
0c
1i
#9914139
1t
0s
0r
1y
0c
1i
#9914514
0t
0s
0r
1y
0c
1i
#9914775
1t
0s
0r
1y
0c
1i
#9915151
0t
0s
0r
1y
0c
1i
#9915413
1t
0s
0r
1y
0c
1i
#9915791
0t
0s
0r
1y
0c
0i
#9916052
1t
0s
0r
1y
0c
0i
#9916427
0t
0s
0r
1y
0c
0i
#9916689
1t
0s
0r
1y
0c
0i
#9917066
0t
0s
0r
1y
0c
0i
#9917327
1t
0s
0r
1y
0c
0i
#9917705
0t
0s
0r
1y
0c
0i
#9917966
1t
0s
0r
1y
0c
0i
#9918342
0t
0s
0r
1y
0c
0i
#9918604
1t
0s
0r
1y
0c
0i
#9918981
0t
0s
0r
1y
0c
0i
#9919243
1t
0s
0r
1y
0c
0i
#9919621
0t
0s
0r
1y
0c
0i
#9919882
1t
0s
0r
1y
0c
0i
#9920259
0t
0s
0r
1y
0c
0i
#9920521
1t
0s
0r
1y
0c
0i
#9920899
0t
0s
0r
1y
0c
0i
#9921160
1t
0s
0r
1y
0c
0i
#9921540
0t
0s
0r
1y
0c
0i
#9921800
1t
0s
0r
1y
0c
0i
#9922177
0t
0s
0r
1y
0c
0i
#9922439
1t
0s
0r
1y
0c
0i
#9922817
0t
0s
0r
1y
0c
0i
#9923078
1t
0s
0r
1y
0c
0i
#9923458
0t
0s
0r
1y
0c
0i
#9923718
1t
0s
0r
1y
0c
0i
#9924096
0t
0s
0r
1y
0c
0i
#9924357
1t
0s
0r
1y
0c
0i
#9924734
0t
0s
0r
1y
0c
0i
#9924997
1t
0s
0r
1y
0c
0i
#9925376
0t
0s
0r
1y
0c
0i
#9925637
1t
0s
0r
1y
0c
0i
#9926013
0t
0s
0r
1y
0c
0i
#9926275
1t
0s
0r
1y
0c
0i
#9926652
0t
0s
0r
1y
0c
0i
#9926913
1t
0s
0r
1y
0c
0i
#9927292
0t
0s
0r
1y
0c
0i
#9927552
1t
0s
0r
1y
0c
0i
#9927928
0t
0s
0r
1y
0c
0i
#9928190
1t
0s
0r
1y
0c
0i
#9928565
0t
0s
0r
1y
0c
0i
#9928827
1t
0s
0r
1y
0c
0i
#9929204
0t
0s
0r
1y
0c
0i
#9929465
1t
0s
0r
1y
0c
0i
#9929839
0t
0s
0r
1y
0c
0i
#9930101
1t
0s
0r
1y
0c
0i
#9930476
0t
0s
0r
1y
0c
0i
#9930737
1t
0s
0r
1y
0c
0i
#9931112
0t
0s
0r
1y
1c
0i
#9931374
1t
0s
0r
1y
1c
1i
#9931747
0t
0s
0r
1y
1c
1i
#9932009
1t
0s
0r
1y
1c
1i
#9932383
0t
0s
0r
1y
1c
1i
#9932645
1t
0s
0r
1y
1c
1i
#9933021
0t
0s
0r
1y
1c
1i
#9933282
1t
0s
0r
1y
1c
1i
#9933656
0t
0s
0r
1y
1c
1i
#9933918
1t
0s
0r
1y
1c
1i
#9934294
0t
0s
0r
1y
1c
1i
#9934556
1t
0s
0r
1y
1c
1i
#9934933
0t
0s
0r
1y
1c
0i
#9935194
1t
0s
0r
1y
1c
0i
#9935569
0t
0s
0r
1y
1c
0i
#9935832
1t
0s
0r
1y
1c
0i
#9936208
0t
0s
0r
1y
1c
0i
#9936470
1t
0s
0r
1y
1c
0i
#9936848
0t
0s
0r
1y
1c
0i
#9937109
1t
0s
0r
1y
1c
0i
#9937485
0t
0s
0r
1y
1c
0i
#9937749
1t
0s
0r
1y
1c
0i
#9938125
0t
0s
0r
1y
1c
0i
#9938388
1t
0s
0r
1y
1c
0i
#9938766
0t
0s
0r
1y
1c
0i
#9939029
1t
0s
0r
1y
1c
0i
#9939405
0t
0s
0r
1y
1c
0i
#9939669
1t
0s
0r
1y
1c
0i
#9940046
0t
0s
0r
1y
1c
0i
#9940310
1t
0s
0r
1y
1c
0i
#9940688
0t
0s
0r
1y
1c
0i
#9940952
1t
0s
0r
1y
1c
0i
#9941328
0t
0s
0r
1y
1c
0i
#9941593
1t
0s
0r
1y
1c
0i
#9941970
0t
0s
0r
1y
1c
0i
#9942234
1t
0s
0r
1y
1c
0i
#9942613
0t
0s
0r
1y
1c
0i
#9942876
1t
0s
0r
1y
1c
0i
#9943876
0t
0s
0r
1y
1c
0i
#9944611
1t
0s
0r
1y
1c
0i
#9945182
0t
0s
0r
1y
1c
0i
#9945438
1t
0s
0r
1y
1c
0i
#9945817
0t
0s
0r
1y
1c
0i
#9946078
1t
0s
0r
1y
1c
0i
#9946456
0t
0s
0r
1y
1c
0i
#9946718
1t
0s
0r
1y
1c
0i
#9947095
0t
0s
0r
1y
1c
0i
#9947357
1t
0s
0r
1y
1c
0i
#9947734
0t
0s
0r
1y
1c
0i
#9947995
1t
0s
0r
1y
1c
0i
#9948374
0t
0s
0r
1y
1c
0i
#9948634
1t
0s
0r
1y
1c
0i
#9949009
0t
0s
0r
1y
1c
0i
#9949270
1t
0s
0r
1y
1c
0i
#9949646
0t
0s
0r
1y
1c
0i
#9949907
1t
0s
0r
1y
0c
0i
#9950284
0t
0s
0r
1y
0c
0i
#9950545
1t
0s
0r
1y
0c
1i
#9950919
0t
0s
0r
1y
0c
1i
#9951181
1t
0s
0r
1y
0c
1i
#9951556
0t
0s
0r
1y
0c
1i
#9951817
1t
0s
0r
1y
0c
1i
#9952195
0t
0s
0r
1y
0c
1i
#9952455
1t
0s
0r
1y
0c
1i
#9952830
0t
0s
0r
1y
0c
1i
#9953091
1t
0s
0r
1y
0c
1i
#9953467
0t
0s
0r
1y
0c
1i
#9953729
1t
0s
0r
1y
0c
1i
#9953798
1t
0s
1r
1y
0c
0i
#9953801
1t
0s
0r
1y
0c
0i
#9954107
0t
0s
0r
1y
0c
0i
#9954368
1t
0s
0r
1y
0c
0i
#9954744
0t
0s
0r
1y
0c
0i
#9955006
1t
0s
0r
1y
0c
0i
#9955383
0t
0s
0r
1y
0c
0i
#9955644
1t
0s
0r
1y
0c
0i
#9956023
0t
0s
0r
1y
0c
0i
#9956284
1t
0s
0r
1y
0c
0i
#9956660
0t
0s
0r
1y
0c
0i
#9956924
1t
0s
0r
1y
0c
0i
#9957301
0t
0s
0r
1y
0c
0i
#9957563
1t
0s
0r
1y
0c
0i
#9957943
0t
0s
0r
1y
0c
0i
#9958205
1t
0s
0r
1y
0c
0i
#9958583
0t
0s
0r
1y
0c
0i
#9958846
1t
0s
0r
1y
0c
0i
#9959226
0t
0s
0r
1y
0c
0i
#9959488
1t
0s
0r
1y
0c
0i
#9959870
0t
0s
0r
1y
0c
0i
#9960132
1t
0s
0r
1y
0c
0i
#9960511
0t
0s
0r
1y
0c
0i
#9960774
1t
0s
0r
1y
0c
0i
#9961155
0t
0s
0r
1y
0c
0i
#9961418
1t
0s
0r
1y
0c
0i
#9961801
0t
0s
0r
1y
0c
0i
#9962063
1t
0s
0r
1y
0c
0i
#9962444
0t
0s
0r
1y
0c
0i
#9962707
1t
0s
0r
1y
0c
0i
#9963088
0t
0s
0r
1y
0c
0i
#9963352
1t
0s
0r
1y
0c
0i
#9963734
0t
0s
0r
1y
0c
0i
#9963997
1t
0s
0r
1y
0c
0i
#9964376
0t
0s
0r
1y
0c
0i
#9964640
1t
0s
0r
1y
0c
0i
#9965020
0t
0s
0r
1y
0c
0i
#9965283
1t
0s
0r
1y
0c
0i
#9965665
0t
0s
0r
1y
0c
0i
#9965927
1t
0s
0r
1y
0c
0i
#9966306
0t
0s
0r
1y
0c
0i
#9966570
1t
0s
0r
1y
0c
0i
#9966948
0t
0s
0r
1y
0c
0i
#9967212
1t
0s
0r
1y
0c
0i
#9967592
0t
0s
0r
1y
0c
0i
#9967854
1t
0s
0r
1y
0c
0i
#9968232
0t
0s
0r
1y
0c
0i
#9968495
1t
0s
0r
1y
0c
0i
#9968872
0t
0s
0r
1y
0c
0i
#9969135
1t
0s
0r
1y
1c
0i
#9969513
0t
0s
0r
1y
1c
0i
#9969777
1t
0s
0r
1y
1c
1i
#9970152
0t
0s
0r
1y
1c
1i
#9970416
1t
0s
0r
1y
1c
1i
#9970793
0t
0s
0r
1y
1c
1i
#9971056
1t
0s
0r
1y
1c
1i
#9971435
0t
0s
0r
1y
1c
1i
#9971697
1t
0s
0r
1y
1c
1i
#9972074
0t
0s
0r
1y
1c
1i
#9972338
1t
0s
0r
1y
1c
1i
#9972716
0t
0s
0r
1y
1c
1i
#9972979
1t
0s
0r
1y
1c
0i
#9973359
0t
0s
0r
1y
1c
0i
#9973622
1t
0s
0r
1y
1c
0i
#9974000
0t
0s
0r
1y
1c
0i
#9974263
1t
0s
0r
1y
1c
0i
#9974642
0t
0s
0r
1y
1c
0i
#9974906
1t
0s
0r
1y
1c
0i
#9975286
0t
0s
0r
1y
1c
0i
#9975550
1t
0s
0r
1y
1c
0i
#9975928
0t
0s
0r
1y
1c
0i
#9976193
1t
0s
0r
1y
1c
0i
#9976571
0t
0s
0r
1y
1c
0i
#9976837
1t
0s
0r
1y
1c
0i
#9977217
0t
0s
0r
1y
1c
0i
#9977482
1t
0s
0r
1y
1c
0i
#9977860
0t
0s
0r
1y
1c
0i
#9978125
1t
0s
0r
1y
1c
0i
#9978505
0t
0s
0r
1y
1c
0i
#9978769
1t
0s
0r
1y
1c
0i
#9979150
0t
0s
0r
1y
1c
0i
#9979415
1t
0s
0r
1y
1c
0i
#9979793
0t
0s
0r
1y
1c
0i
#9980059
1t
0s
0r
1y
1c
0i
#9980438
0t
0s
0r
1y
1c
0i
#9980704
1t
0s
0r
1y
1c
0i
#9981085
0t
0s
0r
1y
1c
0i
#9981349
1t
0s
0r
1y
1c
0i
#9982354
0t
0s
0r
1y
1c
0i
#9983093
1t
0s
0r
1y
1c
0i
#9983668
0t
0s
0r
1y
1c
0i
#9983925
1t
0s
0r
1y
1c
0i
#9984307
0t
0s
0r
1y
1c
0i
#9984569
1t
0s
0r
1y
1c
0i
#9984950
0t
0s
0r
1y
1c
0i
#9985213
1t
0s
0r
1y
1c
0i
#9985592
0t
0s
0r
1y
1c
0i
#9985856
1t
0s
0r
1y
1c
0i
#9986236
0t
0s
0r
1y
1c
0i
#9986499
1t
0s
0r
1y
1c
0i
#9986879
0t
0s
0r
1y
1c
0i
#9987141
1t
0s
0r
1y
1c
0i
#9987519
0t
0s
0r
1y
1c
0i
#9987782
1t
0s
0r
1y
1c
0i
#9988160
0t
0s
0r
1y
1c
0i
#9988423
1t
0s
0r
1y
0c
0i
#9988802
0t
0s
0r
1y
0c
0i
#9989065
1t
0s
0r
1y
0c
1i
#9989441
0t
0s
0r
1y
0c
1i
#9989704
1t
0s
0r
1y
0c
1i
#9990082
0t
0s
0r
1y
0c
1i
#9990344
1t
0s
0r
1y
0c
1i
#9990724
0t
0s
0r
1y
0c
1i
#9990986
1t
0s
0r
1y
0c
1i
#9991363
0t
0s
0r
1y
0c
1i
#9991626
1t
0s
0r
1y
0c
1i
#9992004
0t
0s
0r
1y
0c
1i
#9992267
1t
0s
0r
1y
0c
0i
#9992647
0t
0s
0r
1y
0c
0i
#9992909
1t
0s
0r
1y
0c
0i
#9993287
0t
0s
0r
1y
0c
0i
#9993550
1t
0s
0r
1y
0c
0i
#9993929
0t
0s
0r
1y
0c
0i
#9994191
1t
0s
0r
1y
0c
0i
#9994573
0t
0s
0r
1y
0c
0i
#9994834
1t
0s
0r
1y
0c
0i
#9995213
0t
0s
0r
1y
0c
0i
#9995477
1t
0s
0r
1y
0c
0i
#9995856
0t
0s
0r
1y
0c
0i
#9996120
1t
0s
0r
1y
0c
0i
#9996501
0t
0s
0r
1y
0c
0i
#9996763
1t
0s
0r
1y
0c
0i
#9997143
0t
0s
0r
1y
0c
0i
#9997406
1t
0s
0r
1y
0c
0i
#9997786
0t
0s
0r
1y
0c
0i
#9998049
1t
0s
0r
1y
0c
0i
#9998431
0t
0s
0r
1y
0c
0i
#9998693
1t
0s
0r
1y
0c
0i
#9999072
0t
0s
0r
1y
0c
0i
#9999335
1t
0s
0r
1y
0c
0i
#9999716
0t
0s
0r
1y
0c
0i
#9999979
1t
0s
0r
1y
0c
0i
#10000361
0t
0s
0r
1y
0c
0i
#10000623
1t
0s
0r
1y
0c
0i
#10001004
0t
0s
0r
1y
0c
0i
#10001267
1t
0s
0r
1y
0c
0i
#10001647
0t
0s
0r
1y
0c
0i
#10001912
1t
0s
0r
1y
0c
0i
#10002293
0t
0s
0r
1y
0c
0i
#10002556
1t
0s
0r
1y
0c
0i
#10002935
0t
0s
0r
1y
0c
0i
#10003199
1t
0s
0r
1y
0c
0i
#10003579
0t
0s
0r
1y
0c
0i
#10003843
1t
0s
0r
1y
0c
0i
#10004224
0t
0s
0r
1y
0c
0i
#10004486
1t
0s
0r
1y
0c
0i
#10004865
0t
0s
0r
1y
0c
0i
#10005129
1t
0s
0r
1y
0c
0i
#10005507
0t
0s
0r
1y
0c
0i
#10005771
1t
0s
0r
1y
0c
0i
#10006151
0t
0s
0r
1y
0c
0i
#10006414
1t
0s
0r
1y
0c
0i
#10006791
0t
0s
0r
1y
0c
0i
#10007054
1t
0s
0r
1y
0c
0i
#10007432
0t
0s
0r
1y
0c
0i
#10007695
1t
0s
0r
1y
1c
0i
#10008074
0t
0s
0r
1y
1c
0i
#10008337
1t
0s
0r
1y
1c
0i
#10008713
0t
0s
0r
1y
1c
1i
#10008977
1t
0s
0r
1y
1c
1i
#10009353
0t
0s
0r
1y
1c
1i
#10009617
1t
0s
0r
1y
1c
1i
#10009995
0t
0s
0r
1y
1c
1i
#10010258
1t
0s
0r
1y
1c
1i
#10010634
0t
0s
0r
1y
1c
1i
#10010898
1t
0s
0r
1y
1c
1i
#10011276
0t
0s
0r
1y
1c
1i
#10011539
1t
0s
0r
1y
1c
1i
#10011919
0t
0s
0r
1y
1c
0i
#10012181
1t
0s
0r
1y
1c
0i
#10012559
0t
0s
0r
1y
1c
0i
#10012822
1t
0s
0r
1y
1c
0i
#10013201
0t
0s
0r
1y
1c
0i
#10013465
1t
0s
0r
1y
1c
0i
#10013845
0t
0s
0r
1y
1c
0i
#10014108
1t
0s
0r
1y
1c
0i
#10014486
0t
0s
0r
1y
1c
0i
#10014751
1t
0s
0r
1y
1c
0i
#10015130
0t
0s
0r
1y
1c
0i
#10015395
1t
0s
0r
1y
1c
0i
#10015776
0t
0s
0r
1y
1c
0i
#10016040
1t
0s
0r
1y
1c
0i
#10016419
0t
0s
0r
1y
1c
0i
#10016684
1t
0s
0r
1y
1c
0i
#10017065
0t
0s
0r
1y
1c
0i
#10017330
1t
0s
0r
1y
1c
0i
#10017711
0t
0s
0r
1y
1c
0i
#10017977
1t
0s
0r
1y
1c
0i
#10018357
0t
0s
0r
1y
1c
0i
#10018623
1t
0s
0r
1y
1c
0i
#10019003
0t
0s
0r
1y
1c
0i
#10019269
1t
0s
0r
1y
1c
0i
#10019652
0t
0s
0r
1y
1c
0i
#10019917
1t
0s
0r
1y
1c
0i
#10020926
0t
0s
0r
1y
1c
0i
#10021667
1t
0s
0r
1y
1c
0i
#10022244
0t
0s
0r
1y
1c
0i
#10022502
1t
0s
0r
1y
1c
0i
#10022885
0t
0s
0r
1y
1c
0i
#10023148
1t
0s
0r
1y
1c
0i
#10023530
0t
0s
0r
1y
1c
0i
#10023794
1t
0s
0r
1y
1c
0i
#10024175
0t
0s
0r
1y
1c
0i
#10024439
1t
0s
0r
1y
1c
0i
#10024820
0t
0s
0r
1y
1c
0i
#10025083
1t
0s
0r
1y
1c
0i
#10025465
0t
0s
0r
1y
1c
0i
#10025728
1t
0s
0r
1y
1c
0i
#10026108
0t
0s
0r
1y
1c
0i
#10026371
1t
0s
0r
1y
1c
0i
#10026751
0t
0s
0r
1y
1c
0i
#10027013
1t
0s
0r
1y
0c
0i
#10027394
0t
0s
0r
1y
0c
0i
#10027657
1t
0s
0r
1y
0c
0i
#10028035
0t
0s
0r
1y
0c
1i
#10028299
1t
0s
0r
1y
0c
1i
#10028677
0t
0s
0r
1y
0c
1i
#10028940
1t
0s
0r
1y
0c
1i
#10029321
0t
0s
0r
1y
0c
1i
#10029583
1t
0s
0r
1y
0c
1i
#10029962
0t
0s
0r
1y
0c
1i
#10030225
1t
0s
0r
1y
0c
1i
#10030605
0t
0s
0r
1y
0c
1i
#10030868
1t
0s
0r
1y
0c
1i
#10030935
1t
0s
1r
1y
0c
0i
#10030938
1t
0s
0r
1y
0c
0i
#10031250
0t
0s
0r
1y
0c
0i
#10031513
1t
0s
0r
1y
0c
0i
#10031892
0t
0s
0r
1y
0c
0i
#10032155
1t
0s
0r
1y
0c
0i
#10032536
0t
0s
0r
1y
0c
0i
#10032799
1t
0s
0r
1y
0c
0i
#10033181
0t
0s
0r
1y
0c
0i
#10033444
1t
0s
0r
1y
0c
0i
#10033824
0t
0s
0r
1y
0c
0i
#10034089
1t
0s
0r
1y
0c
0i
#10034469
0t
0s
0r
1y
0c
0i
#10034733
1t
0s
0r
1y
0c
0i
#10035116
0t
0s
0r
1y
0c
0i
#10035379
1t
0s
0r
1y
0c
0i
#10035761
0t
0s
0r
1y
0c
0i
#10036025
1t
0s
0r
1y
0c
0i
#10036408
0t
0s
0r
1y
0c
0i
#10036672
1t
0s
0r
1y
0c
0i
#10037057
0t
0s
0r
1y
0c
0i
#10037320
1t
0s
0r
1y
0c
0i
#10037703
0t
0s
0r
1y
0c
0i
#10037967
1t
0s
0r
1y
0c
0i
#10038351
0t
0s
0r
1y
0c
0i
#10038615
1t
0s
0r
1y
0c
0i
#10039000
0t
0s
0r
1y
0c
0i
#10039264
1t
0s
0r
1y
0c
0i
#10039647
0t
0s
0r
1y
0c
0i
#10039912
1t
0s
0r
1y
0c
0i
#10040295
0t
0s
0r
1y
0c
0i
#10040560
1t
0s
0r
1y
0c
0i
#10040945
0t
0s
0r
1y
0c
0i
#10041209
1t
0s
0r
1y
0c
0i
#10041591
0t
0s
0r
1y
0c
0i
#10041856
1t
0s
0r
1y
0c
0i
#10042239
0t
0s
0r
1y
0c
0i
#10042503
1t
0s
0r
1y
0c
0i
#10042887
0t
0s
0r
1y
0c
0i
#10043151
1t
0s
0r
1y
0c
0i
#10043532
0t
0s
0r
1y
0c
0i
#10043797
1t
0s
0r
1y
0c
0i
#10044178
0t
0s
0r
1y
0c
0i
#10044443
1t
0s
0r
1y
0c
0i
#10044825
0t
0s
0r
1y
0c
0i
#10045089
1t
0s
0r
1y
0c
0i
#10045469
0t
0s
0r
1y
0c
0i
#10045733
1t
0s
0r
1y
0c
0i
#10046113
0t
0s
0r
1y
0c
0i
#10046377
1t
0s
0r
1y
1c
0i
#10046758
0t
0s
0r
1y
1c
0i
#10047023
1t
0s
0r
1y
1c
0i
#10047400
0t
0s
0r
1y
1c
1i
#10047666
1t
0s
0r
1y
1c
1i
#10048044
0t
0s
0r
1y
1c
1i
#10048309
1t
0s
0r
1y
1c
1i
#10048690
0t
0s
0r
1y
1c
1i
#10048953
1t
0s
0r
1y
1c
1i
#10049332
0t
0s
0r
1y
1c
1i
#10049597
1t
0s
0r
1y
1c
1i
#10049977
0t
0s
0r
1y
1c
1i
#10050242
1t
0s
0r
1y
1c
0i
#10050624
0t
0s
0r
1y
1c
0i
#10050888
1t
0s
0r
1y
1c
0i
#10051267
0t
0s
0r
1y
1c
0i
#10051532
1t
0s
0r
1y
1c
0i
#10051913
0t
0s
0r
1y
1c
0i
#10052178
1t
0s
0r
1y
1c
0i
#10052561
0t
0s
0r
1y
1c
0i
#10052825
1t
0s
0r
1y
1c
0i
#10053205
0t
0s
0r
1y
1c
0i
#10053472
1t
0s
0r
1y
1c
0i
#10053852
0t
0s
0r
1y
1c
0i
#10054118
1t
0s
0r
1y
1c
0i
#10054501
0t
0s
0r
1y
1c
0i
#10054767
1t
0s
0r
1y
1c
0i
#10055147
0t
0s
0r
1y
1c
0i
#10055413
1t
0s
0r
1y
1c
0i
#10055795
0t
0s
0r
1y
1c
0i
#10056061
1t
0s
0r
1y
1c
0i
#10056444
0t
0s
0r
1y
1c
0i
#10056710
1t
0s
0r
1y
1c
0i
#10057091
0t
0s
0r
1y
1c
0i
#10057358
1t
0s
0r
1y
1c
0i
#10057740
0t
0s
0r
1y
1c
0i
#10058006
1t
0s
0r
1y
1c
0i
#10058390
0t
0s
0r
1y
1c
0i
#10058656
1t
0s
0r
1y
1c
0i
#10059668
0t
0s
0r
1y
1c
0i
#10060413
1t
0s
0r
1y
1c
0i
#10060992
0t
0s
0r
1y
1c
0i
#10061250
1t
0s
0r
1y
1c
0i
#10061635
0t
0s
0r
1y
1c
0i
#10061899
1t
0s
0r
1y
1c
0i
#10062283
0t
0s
0r
1y
1c
0i
#10062547
1t
0s
0r
1y
1c
0i
#10062930
0t
0s
0r
1y
1c
0i
#10063195
1t
0s
0r
1y
1c
0i
#10063577
0t
0s
0r
1y
1c
0i
#10063842
1t
0s
0r
1y
1c
0i
#10064226
0t
0s
0r
1y
1c
0i
#10064489
1t
0s
0r
1y
1c
0i
#10064870
0t
0s
0r
1y
1c
0i
#10065135
1t
0s
0r
1y
1c
0i
#10065516
0t
0s
0r
1y
1c
0i
#10065780
1t
0s
0r
1y
0c
0i
#10066162
0t
0s
0r
1y
0c
0i
#10066426
1t
0s
0r
1y
0c
0i
#10066805
0t
0s
0r
1y
0c
1i
#10067070
1t
0s
0r
1y
0c
1i
#10067451
0t
0s
0r
1y
0c
1i
#10067715
1t
0s
0r
1y
0c
1i
#10068097
0t
0s
0r
1y
0c
1i
#10068360
1t
0s
0r
1y
0c
1i
#10068741
0t
0s
0r
1y
0c
1i
#10069004
1t
0s
0r
1y
0c
1i
#10069385
0t
0s
0r
1y
0c
1i
#10069650
1t
0s
0r
1y
0c
1i
#10070032
0t
0s
0r
1y
0c
0i
#10070296
1t
0s
0r
1y
0c
0i
#10070676
0t
0s
0r
1y
0c
0i
#10070941
1t
0s
0r
1y
0c
0i
#10071323
0t
0s
0r
1y
0c
0i
#10071586
1t
0s
0r
1y
0c
0i
#10071970
0t
0s
0r
1y
0c
0i
#10072234
1t
0s
0r
1y
0c
0i
#10072615
0t
0s
0r
1y
0c
0i
#10072881
1t
0s
0r
1y
0c
0i
#10073262
0t
0s
0r
1y
0c
0i
#10073528
1t
0s
0r
1y
0c
0i
#10073912
0t
0s
0r
1y
0c
0i
#10074176
1t
0s
0r
1y
0c
0i
#10074560
0t
0s
0r
1y
0c
0i
#10074825
1t
0s
0r
1y
0c
0i
#10075209
0t
0s
0r
1y
0c
0i
#10075474
1t
0s
0r
1y
0c
0i
#10075860
0t
0s
0r
1y
0c
0i
#10076124
1t
0s
0r
1y
0c
0i
#10076508
0t
0s
0r
1y
0c
0i
#10076773
1t
0s
0r
1y
0c
0i
#10077158
0t
0s
0r
1y
0c
0i
#10077423
1t
0s
0r
1y
0c
0i
#10077811
0t
0s
0r
1y
0c
0i
#10078075
1t
0s
0r
1y
0c
0i
#10078460
0t
0s
0r
1y
0c
0i
#10078725
1t
0s
0r
1y
0c
0i
#10079110
0t
0s
0r
1y
0c
0i
#10079377
1t
0s
0r
1y
0c
0i
#10079762
0t
0s
0r
1y
0c
0i
#10080028
1t
0s
0r
1y
0c
0i
#10080412
0t
0s
0r
1y
0c
0i
#10080678
1t
0s
0r
1y
0c
0i
#10081062
0t
0s
0r
1y
0c
0i
#10081328
1t
0s
0r
1y
0c
0i
#10081714
0t
0s
0r
1y
0c
0i
#10081978
1t
0s
0r
1y
0c
0i
#10082361
0t
0s
0r
1y
0c
0i
#10082628
1t
0s
0r
1y
0c
0i
#10083010
0t
0s
0r
1y
0c
0i
#10083276
1t
0s
0r
1y
0c
0i
#10083660
0t
0s
0r
1y
0c
0i
#10083926
1t
0s
0r
1y
0c
0i
#10084307
0t
0s
0r
1y
0c
0i
#10084573
1t
0s
0r
1y
0c
0i
#10084955
0t
0s
0r
1y
0c
0i
#10085220
1t
0s
0r
1y
1c
0i
#10085603
0t
0s
0r
1y
1c
0i
#10085869
1t
0s
0r
1y
1c
0i
#10086249
0t
0s
0r
1y
1c
1i
#10086515
1t
0s
0r
1y
1c
1i
#10086896
0t
0s
0r
1y
1c
1i
#10087162
1t
0s
0r
1y
1c
1i
#10087545
0t
0s
0r
1y
1c
1i
#10087810
1t
0s
0r
1y
1c
1i
#10088191
0t
0s
0r
1y
1c
1i
#10088458
1t
0s
0r
1y
1c
1i
#10088840
0t
0s
0r
1y
1c
1i
#10089106
1t
0s
0r
1y
1c
1i
#10089490
0t
0s
0r
1y
1c
0i
#10089756
1t
0s
0r
1y
1c
0i
#10090137
0t
0s
0r
1y
1c
0i
#10090404
1t
0s
0r
1y
1c
0i
#10090787
0t
0s
0r
1y
1c
0i
#10091053
1t
0s
0r
1y
1c
0i
#10091438
0t
0s
0r
1y
1c
0i
#10091704
1t
0s
0r
1y
1c
0i
#10092087
0t
0s
0r
1y
1c
0i
#10092355
1t
0s
0r
1y
1c
0i
#10092738
0t
0s
0r
1y
1c
0i
#10093006
1t
0s
0r
1y
1c
0i
#10093392
0t
0s
0r
1y
1c
0i
#10093659
1t
0s
0r
1y
1c
0i
#10094043
0t
0s
0r
1y
1c
0i
#10094312
1t
0s
0r
1y
1c
0i
#10094697
0t
0s
0r
1y
1c
0i
#10094965
1t
0s
0r
1y
1c
0i
#10095352
0t
0s
0r
1y
1c
0i
#10095621
1t
0s
0r
1y
1c
0i
#10096005
0t
0s
0r
1y
1c
0i
#10096275
1t
0s
0r
1y
1c
0i
#10096661
0t
0s
0r
1y
1c
0i
#10096930
1t
0s
0r
1y
1c
0i
#10097318
0t
0s
0r
1y
1c
0i
#10097586
1t
0s
0r
1y
1c
0i
#10098609
0t
0s
0r
1y
1c
0i
#10099361
1t
0s
0r
1y
1c
0i
#10099946
0t
0s
0r
1y
1c
0i
#10100206
1t
0s
0r
1y
1c
0i
#10100595
0t
0s
0r
1y
1c
0i
#10100861
1t
0s
0r
1y
1c
0i
#10101249
0t
0s
0r
1y
1c
0i
#10101516
1t
0s
0r
1y
1c
0i
#10101902
0t
0s
0r
1y
1c
0i
#10102170
1t
0s
0r
1y
1c
0i
#10102556
0t
0s
0r
1y
1c
0i
#10102823
1t
0s
0r
1y
1c
0i
#10103210
0t
0s
0r
1y
1c
0i
#10103476
1t
0s
0r
1y
1c
0i
#10103861
0t
0s
0r
1y
1c
0i
#10104127
1t
0s
0r
1y
1c
0i
#10104512
0t
0s
0r
1y
1c
0i
#10104778
1t
0s
0r
1y
0c
0i
#10105164
0t
0s
0r
1y
0c
0i
#10105430
1t
0s
0r
1y
0c
0i
#10105814
0t
0s
0r
1y
0c
1i
#10106080
1t
0s
0r
1y
0c
1i
#10106465
0t
0s
0r
1y
0c
1i
#10106731
1t
0s
0r
1y
0c
1i
#10107117
0t
0s
0r
1y
0c
1i
#10107382
1t
0s
0r
1y
0c
1i
#10107767
0t
0s
0r
1y
0c
1i
#10108033
1t
0s
0r
1y
0c
1i
#10108418
0t
0s
0r
1y
0c
1i
#10108648
0t
0s
1r
1y
0c
1i
#10108651
0t
0s
0r
1y
0c
1i
#10108685
1t
0s
0r
1y
0c
0i
#10109071
0t
0s
0r
1y
0c
0i
#10109337
1t
0s
0r
1y
0c
0i
#10109722
0t
0s
0r
1y
0c
0i
#10109989
1t
0s
0r
1y
0c
0i
#10110375
0t
0s
0r
1y
0c
0i
#10110641
1t
0s
0r
1y
0c
0i
#10111030
0t
0s
0r
1y
0c
0i
#10111295
1t
0s
0r
1y
0c
0i
#10111680
0t
0s
0r
1y
0c
0i
#10111949
1t
0s
0r
1y
0c
0i
#10112335
0t
0s
0r
1y
0c
0i
#10112603
1t
0s
0r
1y
0c
0i
#10112991
0t
0s
0r
1y
0c
0i
#10113258
1t
0s
0r
1y
0c
0i
#10113645
0t
0s
0r
1y
0c
0i
#10113913
1t
0s
0r
1y
0c
0i
#10114302
0t
0s
0r
1y
0c
0i
#10114569
1t
0s
0r
1y
0c
0i
#10114960
0t
0s
0r
1y
0c
0i
#10115226
1t
0s
0r
1y
0c
0i
#10115615
0t
0s
0r
1y
0c
0i
#10115883
1t
0s
0r
1y
0c
0i
#10116272
0t
0s
0r
1y
0c
0i
#10116540
1t
0s
0r
1y
0c
0i
#10116931
0t
0s
0r
1y
0c
0i
#10117198
1t
0s
0r
1y
0c
0i
#10117587
0t
0s
0r
1y
0c
0i
#10117855
1t
0s
0r
1y
0c
0i
#10118244
0t
0s
0r
1y
0c
0i
#10118513
1t
0s
0r
1y
0c
0i
#10118903
0t
0s
0r
1y
0c
0i
#10119171
1t
0s
0r
1y
0c
0i
#10119559
0t
0s
0r
1y
0c
0i
#10119828
1t
0s
0r
1y
0c
0i
#10120217
0t
0s
0r
1y
0c
0i
#10120484
1t
0s
0r
1y
0c
0i
#10120874
0t
0s
0r
1y
0c
0i
#10121142
1t
0s
0r
1y
0c
0i
#10121528
0t
0s
0r
1y
0c
0i
#10121797
1t
0s
0r
1y
0c
0i
#10122184
0t
0s
0r
1y
0c
0i
#10122453
1t
0s
0r
1y
0c
0i
#10122841
0t
0s
0r
1y
0c
0i
#10123108
1t
0s
0r
1y
0c
0i
#10123494
0t
0s
0r
1y
0c
0i
#10123762
1t
0s
0r
1y
0c
0i
#10124148
0t
0s
0r
1y
0c
0i
#10124416
1t
0s
0r
1y
1c
0i
#10124803
0t
0s
0r
1y
1c
0i
#10125071
1t
0s
0r
1y
1c
0i
#10125454
0t
0s
0r
1y
1c
1i
#10125724
1t
0s
0r
1y
1c
1i
#10126108
0t
0s
0r
1y
1c
1i
#10126377
1t
0s
0r
1y
1c
1i
#10126763
0t
0s
0r
1y
1c
1i
#10127031
1t
0s
0r
1y
1c
1i
#10127416
0t
0s
0r
1y
1c
1i
#10127684
1t
0s
0r
1y
1c
1i
#10128070
0t
0s
0r
1y
1c
1i
#10128338
1t
0s
0r
1y
1c
0i
#10128726
0t
0s
0r
1y
1c
0i
#10128994
1t
0s
0r
1y
1c
0i
#10129380
0t
0s
0r
1y
1c
0i
#10129648
1t
0s
0r
1y
1c
0i
#10130035
0t
0s
0r
1y
1c
0i
#10130304
1t
0s
0r
1y
1c
0i
#10130693
0t
0s
0r
1y
1c
0i
#10130961
1t
0s
0r
1y
1c
0i
#10131347
0t
0s
0r
1y
1c
0i
#10131617
1t
0s
0r
1y
1c
0i
#10132004
0t
0s
0r
1y
1c
0i
#10132274
1t
0s
0r
1y
1c
0i
#10132664
0t
0s
0r
1y
1c
0i
#10132933
1t
0s
0r
1y
1c
0i
#10133321
0t
0s
0r
1y
1c
0i
#10133591
1t
0s
0r
1y
1c
0i
#10133980
0t
0s
0r
1y
1c
0i
#10134250
1t
0s
0r
1y
1c
0i
#10134640
0t
0s
0r
1y
1c
0i
#10134911
1t
0s
0r
1y
1c
0i
#10135299
0t
0s
0r
1y
1c
0i
#10135571
1t
0s
0r
1y
1c
0i
#10135960
0t
0s
0r
1y
1c
0i
#10136232
1t
0s
0r
1y
1c
0i
#10136623
0t
0s
0r
1y
1c
0i
#10136893
1t
0s
0r
1y
1c
0i
#10137925
0t
0s
0r
1y
1c
0i
#10138682
1t
0s
0r
1y
1c
0i
#10139272
0t
0s
0r
1y
1c
0i
#10139534
1t
0s
0r
1y
1c
0i
#10139927
0t
0s
0r
1y
1c
0i
#10140195
1t
0s
0r
1y
1c
0i
#10140586
0t
0s
0r
1y
1c
0i
#10140855
1t
0s
0r
1y
1c
0i
#10141245
0t
0s
0r
1y
1c
0i
#10141515
1t
0s
0r
1y
1c
0i
#10141904
0t
0s
0r
1y
1c
0i
#10142174
1t
0s
0r
1y
1c
0i
#10142565
0t
0s
0r
1y
1c
0i
#10142833
1t
0s
0r
1y
1c
0i
#10143221
0t
0s
0r
1y
1c
0i
#10143490
1t
0s
0r
1y
1c
0i
#10143878
0t
0s
0r
1y
1c
0i
#10144147
1t
0s
0r
1y
0c
0i
#10144536
0t
0s
0r
1y
0c
0i
#10144805
1t
0s
0r
1y
0c
0i
#10145192
0t
0s
0r
1y
0c
1i
#10145461
1t
0s
0r
1y
0c
1i
#10145849
0t
0s
0r
1y
0c
1i
#10146117
1t
0s
0r
1y
0c
1i
#10146507
0t
0s
0r
1y
0c
1i
#10146774
1t
0s
0r
1y
0c
1i
#10147162
0t
0s
0r
1y
0c
1i
#10147430
1t
0s
0r
1y
0c
1i
#10147819
0t
0s
0r
1y
0c
1i
#10148088
1t
0s
0r
1y
0c
0i
#10148478
0t
0s
0r
1y
0c
0i
#10148746
1t
0s
0r
1y
0c
0i
#10149134
0t
0s
0r
1y
0c
0i
#10149403
1t
0s
0r
1y
0c
0i
#10149793
0t
0s
0r
1y
0c
0i
#10150061
1t
0s
0r
1y
0c
0i
#10150453
0t
0s
0r
1y
0c
0i
#10150721
1t
0s
0r
1y
0c
0i
#10151110
0t
0s
0r
1y
0c
0i
#10151380
1t
0s
0r
1y
0c
0i
#10151770
0t
0s
0r
1y
0c
0i
#10152040
1t
0s
0r
1y
0c
0i
#10152432
0t
0s
0r
1y
0c
0i
#10152701
1t
0s
0r
1y
0c
0i
#10153092
0t
0s
0r
1y
0c
0i
#10153363
1t
0s
0r
1y
0c
0i
#10153755
0t
0s
0r
1y
0c
0i
#10154025
1t
0s
0r
1y
0c
0i
#10154419
0t
0s
0r
1y
0c
0i
#10154689
1t
0s
0r
1y
0c
0i
#10155081
0t
0s
0r
1y
0c
0i
#10155351
1t
0s
0r
1y
0c
0i
#10155745
0t
0s
0r
1y
0c
0i
#10156015
1t
0s
0r
1y
0c
0i
#10156411
0t
0s
0r
1y
0c
0i
#10156680
1t
0s
0r
1y
0c
0i
#10157074
0t
0s
0r
1y
0c
0i
#10157345
1t
0s
0r
1y
0c
0i
#10157738
0t
0s
0r
1y
0c
0i
#10158010
1t
0s
0r
1y
0c
0i
#10158404
0t
0s
0r
1y
0c
0i
#10158675
1t
0s
0r
1y
0c
0i
#10159067
0t
0s
0r
1y
0c
0i
#10159338
1t
0s
0r
1y
0c
0i
#10159731
0t
0s
0r
1y
0c
0i
#10160002
1t
0s
0r
1y
0c
0i
#10160397
0t
0s
0r
1y
0c
0i
#10160666
1t
0s
0r
1y
0c
0i
#10161057
0t
0s
0r
1y
0c
0i
#10161329
1t
0s
0r
1y
0c
0i
#10161721
0t
0s
0r
1y
0c
0i
#10161991
1t
0s
0r
1y
0c
0i
#10162384
0t
0s
0r
1y
0c
0i
#10162654
1t
0s
0r
1y
0c
0i
#10163044
0t
0s
0r
1y
0c
0i
#10163315
1t
0s
0r
1y
0c
0i
#10163705
0t
0s
0r
1y
0c
0i
#10163976
1t
0s
0r
1y
1c
0i
#10164367
0t
0s
0r
1y
1c
0i
#10164638
1t
0s
0r
1y
1c
0i
#10165026
0t
0s
0r
1y
1c
0i
#10165297
1t
0s
0r
1y
1c
1i
#10165686
0t
0s
0r
1y
1c
1i
#10165957
1t
0s
0r
1y
1c
1i
#10166348
0t
0s
0r
1y
1c
1i
#10166618
1t
0s
0r
1y
1c
1i
#10167007
0t
0s
0r
1y
1c
1i
#10167278
1t
0s
0r
1y
1c
1i
#10167668
0t
0s
0r
1y
1c
1i
#10167939
1t
0s
0r
1y
1c
0i
#10168331
0t
0s
0r
1y
1c
0i
#10168601
1t
0s
0r
1y
1c
0i
#10168991
0t
0s
0r
1y
1c
0i
#10169262
1t
0s
0r
1y
1c
0i
#10169654
0t
0s
0r
1y
1c
0i
#10169924
1t
0s
0r
1y
1c
0i
#10170318
0t
0s
0r
1y
1c
0i
#10170588
1t
0s
0r
1y
1c
0i
#10170978
0t
0s
0r
1y
1c
0i
#10171251
1t
0s
0r
1y
1c
0i
#10171642
0t
0s
0r
1y
1c
0i
#10171914
1t
0s
0r
1y
1c
0i
#10172307
0t
0s
0r
1y
1c
0i
#10172579
1t
0s
0r
1y
1c
0i
#10172970
0t
0s
0r
1y
1c
0i
#10173242
1t
0s
0r
1y
1c
0i
#10173634
0t
0s
0r
1y
1c
0i
#10173906
1t
0s
0r
1y
1c
0i
#10174300
0t
0s
0r
1y
1c
0i
#10174572
1t
0s
0r
1y
1c
0i
#10174963
0t
0s
0r
1y
1c
0i
#10175236
1t
0s
0r
1y
1c
0i
#10175629
0t
0s
0r
1y
1c
0i
#10175902
1t
0s
0r
1y
1c
0i
#10176296
0t
0s
0r
1y
1c
0i
#10176568
1t
0s
0r
1y
1c
0i
#10177608
0t
0s
0r
1y
1c
0i
#10178371
1t
0s
0r
1y
1c
0i
#10178966
0t
0s
0r
1y
1c
0i
#10179230
1t
0s
0r
1y
1c
0i
#10179625
0t
0s
0r
1y
1c
0i
#10179896
1t
0s
0r
1y
1c
0i
#10180291
0t
0s
0r
1y
1c
0i
#10180561
1t
0s
0r
1y
1c
0i
#10180955
0t
0s
0r
1y
1c
0i
#10181227
1t
0s
0r
1y
1c
0i
#10181620
0t
0s
0r
1y
1c
0i
#10181891
1t
0s
0r
1y
1c
0i
#10182285
0t
0s
0r
1y
1c
0i
#10182555
1t
0s
0r
1y
1c
0i
#10182947
0t
0s
0r
1y
1c
0i
#10183217
1t
0s
0r
1y
1c
0i
#10183610
0t
0s
0r
1y
1c
0i
#10183880
1t
0s
0r
1y
0c
0i
#10184273
0t
0s
0r
1y
0c
0i
#10184543
1t
0s
0r
1y
0c
0i
#10184933
0t
0s
0r
1y
0c
0i
#10185204
1t
0s
0r
1y
0c
1i
#10185596
0t
0s
0r
1y
0c
1i
#10185866
1t
0s
0r
1y
0c
1i
#10186259
0t
0s
0r
1y
0c
1i
#10186529
1t
0s
0r
1y
0c
1i
#10186920
0t
0s
0r
1y
0c
1i
#10187190
1t
0s
0r
1y
0c
1i
#10187582
0t
0s
0r
1y
0c
1i
#10187817
0t
0s
1r
1y
0c
1i
#10187820
0t
0s
0r
1y
0c
1i
#10187853
1t
0s
0r
1y
0c
0i
#10188247
0t
0s
0r
1y
0c
0i
#10188517
1t
0s
0r
1y
0c
0i
#10188908
0t
0s
0r
1y
0c
0i
#10189179
1t
0s
0r
1y
0c
0i
#10189572
0t
0s
0r
1y
0c
0i
#10189842
1t
0s
0r
1y
0c
0i
#10190237
0t
0s
0r
1y
0c
0i
#10190507
1t
0s
0r
1y
0c
0i
#10190899
0t
0s
0r
1y
0c
0i
#10191171
1t
0s
0r
1y
0c
0i
#10191564
0t
0s
0r
1y
0c
0i
#10191836
1t
0s
0r
1y
0c
0i
#10192231
0t
0s
0r
1y
0c
0i
#10192502
1t
0s
0r
1y
0c
0i
#10192895
0t
0s
0r
1y
0c
0i
#10193167
1t
0s
0r
1y
0c
0i
#10193562
0t
0s
0r
1y
0c
0i
#10193833
1t
0s
0r
1y
0c
0i
#10194230
0t
0s
0r
1y
0c
0i
#10194500
1t
0s
0r
1y
0c
0i
#10194894
0t
0s
0r
1y
0c
0i
#10195166
1t
0s
0r
1y
0c
0i
#10195561
0t
0s
0r
1y
0c
0i
#10195832
1t
0s
0r
1y
0c
0i
#10196230
0t
0s
0r
1y
0c
0i
#10196500
1t
0s
0r
1y
0c
0i
#10196896
0t
0s
0r
1y
0c
0i
#10197168
1t
0s
0r
1y
0c
0i
#10197562
0t
0s
0r
1y
0c
0i
#10197835
1t
0s
0r
1y
0c
0i
#10198232
0t
0s
0r
1y
0c
0i
#10198503
1t
0s
0r
1y
0c
0i
#10198897
0t
0s
0r
1y
0c
0i
#10199170
1t
0s
0r
1y
0c
0i
#10199564
0t
0s
0r
1y
0c
0i
#10199836
1t
0s
0r
1y
0c
0i
#10200233
0t
0s
0r
1y
0c
0i
#10200503
1t
0s
0r
1y
0c
0i
#10200896
0t
0s
0r
1y
0c
0i
#10201169
1t
0s
0r
1y
0c
0i
#10201563
0t
0s
0r
1y
0c
0i
#10201835
1t
0s
0r
1y
0c
0i
#10202229
0t
0s
0r
1y
0c
0i
#10202500
1t
0s
0r
1y
0c
0i
#10202892
0t
0s
0r
1y
0c
0i
#10203164
1t
0s
0r
1y
0c
0i
#10203557
0t
0s
0r
1y
0c
0i
#10203828
1t
0s
0r
1y
1c
0i
#10204221
0t
0s
0r
1y
1c
0i
#10204493
1t
0s
0r
1y
1c
0i
#10204884
0t
0s
0r
1y
1c
0i
#10205156
1t
0s
0r
1y
1c
1i
#10205548
0t
0s
0r
1y
1c
1i
#10205819
1t
0s
0r
1y
1c
1i
#10206213
0t
0s
0r
1y
1c
1i
#10206484
1t
0s
0r
1y
1c
1i
#10206875
0t
0s
0r
1y
1c
1i
#10207148
1t
0s
0r
1y
1c
1i
#10207540
0t
0s
0r
1y
1c
1i
#10207812
1t
0s
0r
1y
1c
0i
#10208207
0t
0s
0r
1y
1c
0i
#10208478
1t
0s
0r
1y
1c
0i
#10208871
0t
0s
0r
1y
1c
0i
#10209143
1t
0s
0r
1y
1c
0i
#10209537
0t
0s
0r
1y
1c
0i
#10209809
1t
0s
0r
1y
1c
0i
#10210205
0t
0s
0r
1y
1c
0i
#10210477
1t
0s
0r
1y
1c
0i
#10210869
0t
0s
0r
1y
1c
0i
#10211144
1t
0s
0r
1y
1c
0i
#10211537
0t
0s
0r
1y
1c
0i
#10211811
1t
0s
0r
1y
1c
0i
#10212207
0t
0s
0r
1y
1c
0i
#10212480
1t
0s
0r
1y
1c
0i
#10212874
0t
0s
0r
1y
1c
0i
#10213148
1t
0s
0r
1y
1c
0i
#10213543
0t
0s
0r
1y
1c
0i
#10213816
1t
0s
0r
1y
1c
0i
#10214213
0t
0s
0r
1y
1c
0i
#10214487
1t
0s
0r
1y
1c
0i
#10214880
0t
0s
0r
1y
1c
0i
#10215156
1t
0s
0r
1y
1c
0i
#10215551
0t
0s
0r
1y
1c
0i
#10215825
1t
0s
0r
1y
1c
0i
#10216222
0t
0s
0r
1y
1c
0i
#10216496
1t
0s
0r
1y
1c
0i
#10217543
0t
0s
0r
1y
1c
0i
#10218310
1t
0s
0r
1y
1c
0i
#10218909
0t
0s
0r
1y
1c
0i
#10219175
1t
0s
0r
1y
1c
0i
#10219573
0t
0s
0r
1y
1c
0i
#10219845
1t
0s
0r
1y
1c
0i
#10220242
0t
0s
0r
1y
1c
0i
#10220515
1t
0s
0r
1y
1c
0i
#10220911
0t
0s
0r
1y
1c
0i
#10221184
1t
0s
0r
1y
1c
0i
#10221580
0t
0s
0r
1y
1c
0i
#10221853
1t
0s
0r
1y
1c
0i
#10222250
0t
0s
0r
1y
1c
0i
#10222522
1t
0s
0r
1y
1c
0i
#10222916
0t
0s
0r
1y
1c
0i
#10223188
1t
0s
0r
1y
1c
0i
#10223583
0t
0s
0r
1y
1c
0i
#10223855
1t
0s
0r
1y
0c
0i
#10224251
0t
0s
0r
1y
0c
0i
#10224523
1t
0s
0r
1y
0c
0i
#10224916
0t
0s
0r
1y
0c
0i
#10225188
1t
0s
0r
1y
0c
1i
#10225583
0t
0s
0r
1y
0c
1i
#10225854
1t
0s
0r
1y
0c
1i
#10226251
0t
0s
0r
1y
0c
1i
#10226521
1t
0s
0r
1y
0c
1i
#10226916
0t
0s
0r
1y
0c
1i
#10227187
1t
0s
0r
1y
0c
1i
#10227582
0t
0s
0r
1y
0c
1i
#10227854
1t
0s
0r
1y
0c
0i
#10228251
0t
0s
0r
1y
0c
0i
#10228522
1t
0s
0r
1y
0c
0i
#10228917
0t
0s
0r
1y
0c
0i
#10229189
1t
0s
0r
1y
0c
0i
#10229585
0t
0s
0r
1y
0c
0i
#10229857
1t
0s
0r
1y
0c
0i
#10230255
0t
0s
0r
1y
0c
0i
#10230526
1t
0s
0r
1y
0c
0i
#10230921
0t
0s
0r
1y
0c
0i
#10231194
1t
0s
0r
1y
0c
0i
#10231590
0t
0s
0r
1y
0c
0i
#10231863
1t
0s
0r
1y
0c
0i
#10232260
0t
0s
0r
1y
0c
0i
#10232532
1t
0s
0r
1y
0c
0i
#10232928
0t
0s
0r
1y
0c
0i
#10233201
1t
0s
0r
1y
0c
0i
#10233597
0t
0s
0r
1y
0c
0i
#10233869
1t
0s
0r
1y
0c
0i
#10234269
0t
0s
0r
1y
0c
0i
#10234540
1t
0s
0r
1y
0c
0i
#10234936
0t
0s
0r
1y
0c
0i
#10235209
1t
0s
0r
1y
0c
0i
#10235606
0t
0s
0r
1y
0c
0i
#10235879
1t
0s
0r
1y
0c
0i
#10236278
0t
0s
0r
1y
0c
0i
#10236550
1t
0s
0r
1y
0c
0i
#10236947
0t
0s
0r
1y
0c
0i
#10237221
1t
0s
0r
1y
0c
0i
#10237618
0t
0s
0r
1y
0c
0i
#10237892
1t
0s
0r
1y
0c
0i
#10238291
0t
0s
0r
1y
0c
0i
#10238564
1t
0s
0r
1y
0c
0i
#10238960
0t
0s
0r
1y
0c
0i
#10239234
1t
0s
0r
1y
0c
0i
#10239631
0t
0s
0r
1y
0c
0i
#10239904
1t
0s
0r
1y
0c
0i
#10240303
0t
0s
0r
1y
0c
0i
#10240576
1t
0s
0r
1y
0c
0i
#10240971
0t
0s
0r
1y
0c
0i
#10241246
1t
0s
0r
1y
0c
0i
#10241642
0t
0s
0r
1y
0c
0i
#10241915
1t
0s
0r
1y
0c
0i
#10242313
0t
0s
0r
1y
0c
0i
#10242585
1t
0s
0r
1y
0c
0i
#10242980
0t
0s
0r
1y
0c
0i
#10243253
1t
0s
0r
1y
0c
0i
#10243649
0t
0s
0r
1y
0c
0i
#10243922
1t
0s
0r
1y
1c
0i
#10244318
0t
0s
0r
1y
1c
0i
#10244591
1t
0s
0r
1y
1c
0i
#10244984
0t
0s
0r
1y
1c
0i
#10245259
1t
0s
0r
1y
1c
0i
#10245653
0t
0s
0r
1y
1c
1i
#10245926
1t
0s
0r
1y
1c
1i
#10246323
0t
0s
0r
1y
1c
1i
#10246595
1t
0s
0r
1y
1c
1i
#10246990
0t
0s
0r
1y
1c
1i
#10247264
1t
0s
0r
1y
1c
1i
#10247659
0t
0s
0r
1y
1c
1i
#10247933
1t
0s
0r
1y
1c
1i
#10248330
0t
0s
0r
1y
1c
0i
#10248603
1t
0s
0r
1y
1c
0i
#10248998
0t
0s
0r
1y
1c
0i
#10249272
1t
0s
0r
1y
1c
0i
#10249669
0t
0s
0r
1y
1c
0i
#10249942
1t
0s
0r
1y
1c
0i
#10250341
0t
0s
0r
1y
1c
0i
#10250614
1t
0s
0r
1y
1c
0i
#10251009
0t
0s
0r
1y
1c
0i
#10251285
1t
0s
0r
1y
1c
0i
#10251681
0t
0s
0r
1y
1c
0i
#10251957
1t
0s
0r
1y
1c
0i
#10252355
0t
0s
0r
1y
1c
0i
#10252629
1t
0s
0r
1y
1c
0i
#10253026
0t
0s
0r
1y
1c
0i
#10253301
1t
0s
0r
1y
1c
0i
#10253698
0t
0s
0r
1y
1c
0i
#10253974
1t
0s
0r
1y
1c
0i
#10254372
0t
0s
0r
1y
1c
0i
#10254648
1t
0s
0r
1y
1c
0i
#10255045
0t
0s
0r
1y
1c
0i
#10255321
1t
0s
0r
1y
1c
0i
#10255719
0t
0s
0r
1y
1c
0i
#10255995
1t
0s
0r
1y
1c
0i
#10256394
0t
0s
0r
1y
1c
0i
#10256670
1t
0s
0r
1y
1c
0i
#10257723
0t
0s
0r
1y
1c
0i
#10258495
1t
0s
0r
1y
1c
0i
#10259098
0t
0s
0r
1y
1c
0i
#10259365
1t
0s
0r
1y
1c
0i
#10259766
0t
0s
0r
1y
1c
0i
#10260039
1t
0s
0r
1y
1c
0i
#10260439
0t
0s
0r
1y
1c
0i
#10260713
1t
0s
0r
1y
1c
0i
#10261112
0t
0s
0r
1y
1c
0i
#10261386
1t
0s
0r
1y
1c
0i
#10261785
0t
0s
0r
1y
1c
0i
#10262059
1t
0s
0r
1y
1c
0i
#10262459
0t
0s
0r
1y
1c
0i
#10262732
1t
0s
0r
1y
1c
0i
#10263129
0t
0s
0r
1y
1c
0i
#10263403
1t
0s
0r
1y
1c
0i
#10263801
0t
0s
0r
1y
1c
0i
#10264074
1t
0s
0r
1y
0c
0i
#10264472
0t
0s
0r
1y
0c
0i
#10264746
1t
0s
0r
1y
0c
0i
#10265141
0t
0s
0r
1y
0c
0i
#10265416
1t
0s
0r
1y
0c
0i
#10265813
0t
0s
0r
1y
0c
1i
#10266086
1t
0s
0r
1y
0c
1i
#10266485
0t
0s
0r
1y
0c
1i
#10266757
1t
0s
0r
1y
0c
1i
#10267154
0t
0s
0r
1y
0c
1i
#10267428
1t
0s
0r
1y
0c
1i
#10267825
0t
0s
0r
1y
0c
1i
#10268075
0t
0s
1r
1y
0c
1i
#10268077
0t
0s
0r
1y
0c
1i
#10268099
1t
0s
0r
1y
0c
1i
#10268498
0t
0s
0r
1y
0c
0i
#10268772
1t
0s
0r
1y
0c
0i
#10269169
0t
0s
0r
1y
0c
0i
#10269443
1t
0s
0r
1y
0c
0i
#10269842
0t
0s
0r
1y
0c
0i
#10270115
1t
0s
0r
1y
0c
0i
#10270516
0t
0s
0r
1y
0c
0i
#10270789
1t
0s
0r
1y
0c
0i
#10271187
0t
0s
0r
1y
0c
0i
#10271462
1t
0s
0r
1y
0c
0i
#10271860
0t
0s
0r
1y
0c
0i
#10272135
1t
0s
0r
1y
0c
0i
#10272536
0t
0s
0r
1y
0c
0i
#10272809
1t
0s
0r
1y
0c
0i
#10273208
0t
0s
0r
1y
0c
0i
#10273483
1t
0s
0r
1y
0c
0i
#10273883
0t
0s
0r
1y
0c
0i
#10274157
1t
0s
0r
1y
0c
0i
#10274559
0t
0s
0r
1y
0c
0i
#10274832
1t
0s
0r
1y
0c
0i
#10275232
0t
0s
0r
1y
0c
0i
#10275506
1t
0s
0r
1y
0c
0i
#10275907
0t
0s
0r
1y
0c
0i
#10276181
1t
0s
0r
1y
0c
0i
#10276585
0t
0s
0r
1y
0c
0i
#10276858
1t
0s
0r
1y
0c
0i
#10277259
0t
0s
0r
1y
0c
0i
#10277534
1t
0s
0r
1y
0c
0i
#10277934
0t
0s
0r
1y
0c
0i
#10278210
1t
0s
0r
1y
0c
0i
#10278612
0t
0s
0r
1y
0c
0i
#10278887
1t
0s
0r
1y
0c
0i
#10279286
0t
0s
0r
1y
0c
0i
#10279562
1t
0s
0r
1y
0c
0i
#10279963
0t
0s
0r
1y
0c
0i
#10280238
1t
0s
0r
1y
0c
0i
#10280640
0t
0s
0r
1y
0c
0i
#10280914
1t
0s
0r
1y
0c
0i
#10281313
0t
0s
0r
1y
0c
0i
#10281589
1t
0s
0r
1y
0c
0i
#10281988
0t
0s
0r
1y
0c
0i
#10282263
1t
0s
0r
1y
0c
0i
#10282664
0t
0s
0r
1y
0c
0i
#10282938
1t
0s
0r
1y
0c
0i
#10283336
0t
0s
0r
1y
0c
0i
#10283611
1t
0s
0r
1y
0c
0i
#10284009
0t
0s
0r
1y
0c
0i
#10284284
1t
0s
0r
1y
1c
0i
#10284683
0t
0s
0r
1y
1c
0i
#10284958
1t
0s
0r
1y
1c
0i
#10285354
0t
0s
0r
1y
1c
0i
#10285630
1t
0s
0r
1y
1c
0i
#10286027
0t
0s
0r
1y
1c
1i
#10286302
1t
0s
0r
1y
1c
1i
#10286701
0t
0s
0r
1y
1c
1i
#10286976
1t
0s
0r
1y
1c
1i
#10287373
0t
0s
0r
1y
1c
1i
#10287648
1t
0s
0r
1y
1c
1i
#10288046
0t
0s
0r
1y
1c
1i
#10288322
1t
0s
0r
1y
1c
1i
#10288722
0t
0s
0r
1y
1c
0i
#10288996
1t
0s
0r
1y
1c
0i
#10289394
0t
0s
0r
1y
1c
0i
#10289670
1t
0s
0r
1y
1c
0i
#10290069
0t
0s
0r
1y
1c
0i
#10290344
1t
0s
0r
1y
1c
0i
#10290745
0t
0s
0r
1y
1c
0i
#10291020
1t
0s
0r
1y
1c
0i
#10291418
0t
0s
0r
1y
1c
0i
#10291696
1t
0s
0r
1y
1c
0i
#10292095
0t
0s
0r
1y
1c
0i
#10292372
1t
0s
0r
1y
1c
0i
#10292774
0t
0s
0r
1y
1c
0i
#10293050
1t
0s
0r
1y
1c
0i
#10293449
0t
0s
0r
1y
1c
0i
#10293727
1t
0s
0r
1y
1c
0i
#10294127
0t
0s
0r
1y
1c
0i
#10294404
1t
0s
0r
1y
1c
0i
#10294806
0t
0s
0r
1y
1c
0i
#10295084
1t
0s
0r
1y
1c
0i
#10295484
0t
0s
0r
1y
1c
0i
#10295762
1t
0s
0r
1y
1c
0i
#10296163
0t
0s
0r
1y
1c
0i
#10296441
1t
0s
0r
1y
1c
0i
#10296845
0t
0s
0r
1y
1c
0i
#10297122
1t
0s
0r
1y
1c
0i
#10298185
0t
0s
0r
1y
1c
0i
#10298963
1t
0s
0r
1y
1c
0i
#10299571
0t
0s
0r
1y
1c
0i
#10299840
1t
0s
0r
1y
1c
0i
#10300245
0t
0s
0r
1y
1c
0i
#10300520
1t
0s
0r
1y
1c
0i
#10300923
0t
0s
0r
1y
1c
0i
#10301199
1t
0s
0r
1y
1c
0i
#10301602
0t
0s
0r
1y
1c
0i
#10301879
1t
0s
0r
1y
1c
0i
#10302281
0t
0s
0r
1y
1c
0i
#10302557
1t
0s
0r
1y
1c
0i
#10302961
0t
0s
0r
1y
1c
0i
#10303236
1t
0s
0r
1y
1c
0i
#10303636
0t
0s
0r
1y
1c
0i
#10303912
1t
0s
0r
1y
1c
0i
#10304314
0t
0s
0r
1y
1c
0i
#10304589
1t
0s
0r
1y
0c
0i
#10304991
0t
0s
0r
1y
0c
0i
#10305266
1t
0s
0r
1y
0c
0i
#10305665
0t
0s
0r
1y
0c
0i
#10305942
1t
0s
0r
1y
0c
0i
#10306342
0t
0s
0r
1y
0c
1i
#10306618
1t
0s
0r
1y
0c
1i
#10307020
0t
0s
0r
1y
0c
1i
#10307294
1t
0s
0r
1y
0c
1i
#10307694
0t
0s
0r
1y
0c
1i
#10307970
1t
0s
0r
1y
0c
1i
#10308371
0t
0s
0r
1y
0c
1i
#10308647
1t
0s
0r
1y
0c
1i
#10309049
0t
0s
0r
1y
0c
0i
#10309324
1t
0s
0r
1y
0c
0i
#10309725
0t
0s
0r
1y
0c
0i
#10310001
1t
0s
0r
1y
0c
0i
#10310403
0t
0s
0r
1y
0c
0i
#10310678
1t
0s
0r
1y
0c
0i
#10311082
0t
0s
0r
1y
0c
0i
#10311357
1t
0s
0r
1y
0c
0i
#10311759
0t
0s
0r
1y
0c
0i
#10312036
1t
0s
0r
1y
0c
0i
#10312438
0t
0s
0r
1y
0c
0i
#10312714
1t
0s
0r
1y
0c
0i
#10313119
0t
0s
0r
1y
0c
0i
#10313394
1t
0s
0r
1y
0c
0i
#10313797
0t
0s
0r
1y
0c
0i
#10314073
1t
0s
0r
1y
0c
0i
#10314477
0t
0s
0r
1y
0c
0i
#10314753
1t
0s
0r
1y
0c
0i
#10315159
0t
0s
0r
1y
0c
0i
#10315434
1t
0s
0r
1y
0c
0i
#10315838
0t
0s
0r
1y
0c
0i
#10316114
1t
0s
0r
1y
0c
0i
#10316519
0t
0s
0r
1y
0c
0i
#10316795
1t
0s
0r
1y
0c
0i
#10317202
0t
0s
0r
1y
0c
0i
#10317477
1t
0s
0r
1y
0c
0i
#10317882
0t
0s
0r
1y
0c
0i
#10318159
1t
0s
0r
1y
0c
0i
#10318563
0t
0s
0r
1y
0c
0i
#10318841
1t
0s
0r
1y
0c
0i
#10319247
0t
0s
0r
1y
0c
0i
#10319524
1t
0s
0r
1y
0c
0i
#10319927
0t
0s
0r
1y
0c
0i
#10320205
1t
0s
0r
1y
0c
0i
#10320609
0t
0s
0r
1y
0c
0i
#10320887
1t
0s
0r
1y
0c
0i
#10321293
0t
0s
0r
1y
0c
0i
#10321569
1t
0s
0r
1y
0c
0i
#10321971
0t
0s
0r
1y
0c
0i
#10322250
1t
0s
0r
1y
0c
0i
#10322652
0t
0s
0r
1y
0c
0i
#10322930
1t
0s
0r
1y
0c
0i
#10323334
0t
0s
0r
1y
0c
0i
#10323611
1t
0s
0r
1y
0c
0i
#10324012
0t
0s
0r
1y
0c
0i
#10324289
1t
0s
0r
1y
0c
0i
#10324691
0t
0s
0r
1y
0c
0i
#10324968
1t
0s
0r
1y
1c
0i
#10325370
0t
0s
0r
1y
1c
0i
#10325648
1t
0s
0r
1y
1c
0i
#10326047
0t
0s
0r
1y
1c
0i
#10326326
1t
0s
0r
1y
1c
0i
#10326726
0t
0s
0r
1y
1c
1i
#10327003
1t
0s
0r
1y
1c
1i
#10327406
0t
0s
0r
1y
1c
1i
#10327683
1t
0s
0r
1y
1c
1i
#10328083
0t
0s
0r
1y
1c
1i
#10328361
1t
0s
0r
1y
1c
1i
#10328763
0t
0s
0r
1y
1c
1i
#10329040
1t
0s
0r
1y
1c
1i
#10329444
0t
0s
0r
1y
1c
0i
#10329721
1t
0s
0r
1y
1c
0i
#10330122
0t
0s
0r
1y
1c
0i
#10330400
1t
0s
0r
1y
1c
0i
#10330803
0t
0s
0r
1y
1c
0i
#10331081
1t
0s
0r
1y
1c
0i
#10331485
0t
0s
0r
1y
1c
0i
#10331763
1t
0s
0r
1y
1c
0i
#10332164
0t
0s
0r
1y
1c
0i
#10332444
1t
0s
0r
1y
1c
0i
#10332846
0t
0s
0r
1y
1c
0i
#10333125
1t
0s
0r
1y
1c
0i
#10333529
0t
0s
0r
1y
1c
0i
#10333807
1t
0s
0r
1y
1c
0i
#10334209
0t
0s
0r
1y
1c
0i
#10334488
1t
0s
0r
1y
1c
0i
#10334892
0t
0s
0r
1y
1c
0i
#10335170
1t
0s
0r
1y
1c
0i
#10335575
0t
0s
0r
1y
1c
0i
#10335854
1t
0s
0r
1y
1c
0i
#10336256
0t
0s
0r
1y
1c
0i
#10336536
1t
0s
0r
1y
1c
0i
#10336940
0t
0s
0r
1y
1c
0i
#10337219
1t
0s
0r
1y
1c
0i
#10337625
0t
0s
0r
1y
1c
0i
#10337904
1t
0s
0r
1y
1c
0i
#10338973
0t
0s
0r
1y
1c
0i
#10339756
1t
0s
0r
1y
1c
0i
#10340368
0t
0s
0r
1y
1c
0i
#10340639
1t
0s
0r
1y
1c
0i
#10341046
0t
0s
0r
1y
1c
0i
#10341323
1t
0s
0r
1y
1c
0i
#10341730
0t
0s
0r
1y
1c
0i
#10342007
1t
0s
0r
1y
1c
0i
#10342413
0t
0s
0r
1y
1c
0i
#10342691
1t
0s
0r
1y
1c
0i
#10343096
0t
0s
0r
1y
1c
0i
#10343374
1t
0s
0r
1y
1c
0i
#10343780
0t
0s
0r
1y
1c
0i
#10344057
1t
0s
0r
1y
1c
0i
#10344460
0t
0s
0r
1y
1c
0i
#10344738
1t
0s
0r
1y
1c
0i
#10345142
0t
0s
0r
1y
1c
0i
#10345419
1t
0s
0r
1y
0c
0i
#10345824
0t
0s
0r
1y
0c
0i
#10346101
1t
0s
0r
1y
0c
0i
#10346503
0t
0s
0r
1y
0c
0i
#10346781
1t
0s
0r
1y
0c
0i
#10347184
0t
0s
0r
1y
0c
1i
#10347461
1t
0s
0r
1y
0c
1i
#10347866
0t
0s
0r
1y
0c
1i
#10348142
1t
0s
0r
1y
0c
1i
#10348546
0t
0s
0r
1y
0c
1i
#10348823
1t
0s
0r
1y
0c
1i
#10349227
0t
0s
0r
1y
0c
1i
#10349472
0t
0s
1r
1y
0c
1i
#10349474
0t
0s
0r
1y
0c
1i
#10349504
1t
0s
0r
1y
0c
1i
#10349910
0t
0s
0r
1y
0c
0i
#10350187
1t
0s
0r
1y
0c
0i
#10350590
0t
0s
0r
1y
0c
0i
#10350868
1t
0s
0r
1y
0c
0i
#10351273
0t
0s
0r
1y
0c
0i
#10351550
1t
0s
0r
1y
0c
0i
#10351957
0t
0s
0r
1y
0c
0i
#10352234
1t
0s
0r
1y
0c
0i
#10352638
0t
0s
0r
1y
0c
0i
#10352918
1t
0s
0r
1y
0c
0i
#10353323
0t
0s
0r
1y
0c
0i
#10353601
1t
0s
0r
1y
0c
0i
#10354009
0t
0s
0r
1y
0c
0i
#10354287
1t
0s
0r
1y
0c
0i
#10354693
0t
0s
0r
1y
0c
0i
#10354972
1t
0s
0r
1y
0c
0i
#10355379
0t
0s
0r
1y
0c
0i
#10355658
1t
0s
0r
1y
0c
0i
#10356068
0t
0s
0r
1y
0c
0i
#10356345
1t
0s
0r
1y
0c
0i
#10356753
0t
0s
0r
1y
0c
0i
#10357032
1t
0s
0r
1y
0c
0i
#10357441
0t
0s
0r
1y
0c
0i
#10357720
1t
0s
0r
1y
0c
0i
#10358131
0t
0s
0r
1y
0c
0i
#10358409
1t
0s
0r
1y
0c
0i
#10358818
0t
0s
0r
1y
0c
0i
#10359097
1t
0s
0r
1y
0c
0i
#10359506
0t
0s
0r
1y
0c
0i
#10359786
1t
0s
0r
1y
0c
0i
#10360196
0t
0s
0r
1y
0c
0i
#10360475
1t
0s
0r
1y
0c
0i
#10360882
0t
0s
0r
1y
0c
0i
#10361163
1t
0s
0r
1y
0c
0i
#10361571
0t
0s
0r
1y
0c
0i
#10361850
1t
0s
0r
1y
0c
0i
#10362260
0t
0s
0r
1y
0c
0i
#10362539
1t
0s
0r
1y
0c
0i
#10362945
0t
0s
0r
1y
0c
0i
#10363226
1t
0s
0r
1y
0c
0i
#10363632
0t
0s
0r
1y
0c
0i
#10363912
1t
0s
0r
1y
0c
0i
#10364321
0t
0s
0r
1y
0c
0i
#10364600
1t
0s
0r
1y
0c
0i
#10365005
0t
0s
0r
1y
0c
0i
#10365285
1t
0s
0r
1y
0c
0i
#10365691
0t
0s
0r
1y
0c
0i
#10365970
1t
0s
0r
1y
1c
0i
#10366376
0t
0s
0r
1y
1c
0i
#10366656
1t
0s
0r
1y
1c
0i
#10367060
0t
0s
0r
1y
1c
0i
#10367340
1t
0s
0r
1y
1c
0i
#10367745
0t
0s
0r
1y
1c
1i
#10368025
1t
0s
0r
1y
1c
1i
#10368432
0t
0s
0r
1y
1c
1i
#10368711
1t
0s
0r
1y
1c
1i
#10369116
0t
0s
0r
1y
1c
1i
#10369396
1t
0s
0r
1y
1c
1i
#10369802
0t
0s
0r
1y
1c
1i
#10370082
1t
0s
0r
1y
1c
1i
#10370490
0t
0s
0r
1y
1c
0i
#10370769
1t
0s
0r
1y
1c
0i
#10371175
0t
0s
0r
1y
1c
0i
#10371455
1t
0s
0r
1y
1c
0i
#10371863
0t
0s
0r
1y
1c
0i
#10372142
1t
0s
0r
1y
1c
0i
#10372552
0t
0s
0r
1y
1c
0i
#10372832
1t
0s
0r
1y
1c
0i
#10373238
0t
0s
0r
1y
1c
0i
#10373520
1t
0s
0r
1y
1c
0i
#10373927
0t
0s
0r
1y
1c
0i
#10374209
1t
0s
0r
1y
1c
0i
#10374618
0t
0s
0r
1y
1c
0i
#10374899
1t
0s
0r
1y
1c
0i
#10375306
0t
0s
0r
1y
1c
0i
#10375588
1t
0s
0r
1y
1c
0i
#10375996
0t
0s
0r
1y
1c
0i
#10376278
1t
0s
0r
1y
1c
0i
#10376687
0t
0s
0r
1y
1c
0i
#10376969
1t
0s
0r
1y
1c
0i
#10377377
0t
0s
0r
1y
1c
0i
#10377660
1t
0s
0r
1y
1c
0i
#10378068
0t
0s
0r
1y
1c
0i
#10378351
1t
0s
0r
1y
1c
0i
#10378761
0t
0s
0r
1y
1c
0i
#10379043
1t
0s
0r
1y
1c
0i
#10380125
0t
0s
0r
1y
1c
0i
#10380915
1t
0s
0r
1y
1c
0i
#10381535
0t
0s
0r
1y
1c
0i
#10381808
1t
0s
0r
1y
1c
0i
#10382220
0t
0s
0r
1y
1c
0i
#10382500
1t
0s
0r
1y
1c
0i
#10382911
0t
0s
0r
1y
1c
0i
#10383192
1t
0s
0r
1y
1c
0i
#10383602
0t
0s
0r
1y
1c
0i
#10383883
1t
0s
0r
1y
1c
0i
#10384293
0t
0s
0r
1y
1c
0i
#10384573
1t
0s
0r
1y
1c
0i
#10384984
0t
0s
0r
1y
1c
0i
#10385264
1t
0s
0r
1y
1c
0i
#10385672
0t
0s
0r
1y
1c
0i
#10385953
1t
0s
0r
1y
1c
0i
#10386362
0t
0s
0r
1y
1c
0i
#10386641
1t
0s
0r
1y
0c
0i
#10387051
0t
0s
0r
1y
0c
0i
#10387331
1t
0s
0r
1y
0c
0i
#10387738
0t
0s
0r
1y
0c
0i
#10388018
1t
0s
0r
1y
0c
0i
#10388426
0t
0s
0r
1y
0c
1i
#10388706
1t
0s
0r
1y
0c
1i
#10389116
0t
0s
0r
1y
0c
1i
#10389395
1t
0s
0r
1y
0c
1i
#10389803
0t
0s
0r
1y
0c
1i
#10390083
1t
0s
0r
1y
0c
1i
#10390492
0t
0s
0r
1y
0c
1i
#10390772
1t
0s
0r
1y
0c
1i
#10391183
0t
0s
0r
1y
0c
0i
#10391462
1t
0s
0r
1y
0c
0i
#10391870
0t
0s
0r
1y
0c
0i
#10392151
1t
0s
0r
1y
0c
0i
#10392560
0t
0s
0r
1y
0c
0i
#10392840
1t
0s
0r
1y
0c
0i
#10393252
0t
0s
0r
1y
0c
0i
#10393530
1t
0s
0r
1y
0c
0i
#10393939
0t
0s
0r
1y
0c
0i
#10394220
1t
0s
0r
1y
0c
0i
#10394630
0t
0s
0r
1y
0c
0i
#10394910
1t
0s
0r
1y
0c
0i
#10395321
0t
0s
0r
1y
0c
0i
#10395601
1t
0s
0r
1y
0c
0i
#10396010
0t
0s
0r
1y
0c
0i
#10396291
1t
0s
0r
1y
0c
0i
#10396701
0t
0s
0r
1y
0c
0i
#10396981
1t
0s
0r
1y
0c
0i
#10397393
0t
0s
0r
1y
0c
0i
#10397672
1t
0s
0r
1y
0c
0i
#10398082
0t
0s
0r
1y
0c
0i
#10398363
1t
0s
0r
1y
0c
0i
#10398774
0t
0s
0r
1y
0c
0i
#10399054
1t
0s
0r
1y
0c
0i
#10399467
0t
0s
0r
1y
0c
0i
#10399747
1t
0s
0r
1y
0c
0i
#10400158
0t
0s
0r
1y
0c
0i
#10400439
1t
0s
0r
1y
0c
0i
#10400851
0t
0s
0r
1y
0c
0i
#10401133
1t
0s
0r
1y
0c
0i
#10401546
0t
0s
0r
1y
0c
0i
#10401827
1t
0s
0r
1y
0c
0i
#10402237
0t
0s
0r
1y
0c
0i
#10402519
1t
0s
0r
1y
0c
0i
#10402930
0t
0s
0r
1y
0c
0i
#10403212
1t
0s
0r
1y
0c
0i
#10403625
0t
0s
0r
1y
0c
0i
#10403905
1t
0s
0r
1y
0c
0i
#10404315
0t
0s
0r
1y
0c
0i
#10404597
1t
0s
0r
1y
0c
0i
#10405008
0t
0s
0r
1y
0c
0i
#10405289
1t
0s
0r
1y
0c
0i
#10405701
0t
0s
0r
1y
0c
0i
#10405982
1t
0s
0r
1y
0c
0i
#10406391
0t
0s
0r
1y
0c
0i
#10406672
1t
0s
0r
1y
0c
0i
#10407082
0t
0s
0r
1y
0c
0i
#10407363
1t
0s
0r
1y
1c
0i
#10407773
0t
0s
0r
1y
1c
0i
#10408055
1t
0s
0r
1y
1c
0i
#10408462
0t
0s
0r
1y
1c
0i
#10408744
1t
0s
0r
1y
1c
0i
#10409152
0t
0s
0r
1y
1c
1i
#10409434
1t
0s
0r
1y
1c
1i
#10409845
0t
0s
0r
1y
1c
1i
#10410125
1t
0s
0r
1y
1c
1i
#10410533
0t
0s
0r
1y
1c
1i
#10410815
1t
0s
0r
1y
1c
1i
#10411225
0t
0s
0r
1y
1c
1i
#10411506
1t
0s
0r
1y
1c
1i
#10411918
0t
0s
0r
1y
1c
0i
#10412199
1t
0s
0r
1y
1c
0i
#10412608
0t
0s
0r
1y
1c
0i
#10412890
1t
0s
0r
1y
1c
0i
#10413300
0t
0s
0r
1y
1c
0i
#10413582
1t
0s
0r
1y
1c
0i
#10413994
0t
0s
0r
1y
1c
0i
#10414275
1t
0s
0r
1y
1c
0i
#10414684
0t
0s
0r
1y
1c
0i
#10414968
1t
0s
0r
1y
1c
0i
#10415378
0t
0s
0r
1y
1c
0i
#10415662
1t
0s
0r
1y
1c
0i
#10416074
0t
0s
0r
1y
1c
0i
#10416356
1t
0s
0r
1y
1c
0i
#10416766
0t
0s
0r
1y
1c
0i
#10417050
1t
0s
0r
1y
1c
0i
#10417461
0t
0s
0r
1y
1c
0i
#10417744
1t
0s
0r
1y
1c
0i
#10418157
0t
0s
0r
1y
1c
0i
#10418440
1t
0s
0r
1y
1c
0i
#10418850
0t
0s
0r
1y
1c
0i
#10419135
1t
0s
0r
1y
1c
0i
#10419546
0t
0s
0r
1y
1c
0i
#10419830
1t
0s
0r
1y
1c
0i
#10420244
0t
0s
0r
1y
1c
0i
#10420527
1t
0s
0r
1y
1c
0i
#10421617
0t
0s
0r
1y
1c
0i
#10422412
1t
0s
0r
1y
1c
0i
#10423036
0t
0s
0r
1y
1c
0i
#10423311
1t
0s
0r
1y
1c
0i
#10423727
0t
0s
0r
1y
1c
0i
#10424008
1t
0s
0r
1y
1c
0i
#10424422
0t
0s
0r
1y
1c
0i
#10424705
1t
0s
0r
1y
1c
0i
#10425118
0t
0s
0r
1y
1c
0i
#10425401
1t
0s
0r
1y
1c
0i
#10425814
0t
0s
0r
1y
1c
0i
#10426096
1t
0s
0r
1y
1c
0i
#10426510
0t
0s
0r
1y
1c
0i
#10426791
1t
0s
0r
1y
1c
0i
#10427203
0t
0s
0r
1y
1c
0i
#10427485
1t
0s
0r
1y
1c
0i
#10427897
0t
0s
0r
1y
1c
0i
#10428179
1t
0s
0r
1y
0c
0i
#10428591
0t
0s
0r
1y
0c
0i
#10428874
1t
0s
0r
1y
0c
0i
#10429283
0t
0s
0r
1y
0c
0i
#10429566
1t
0s
0r
1y
0c
0i
#10429977
0t
0s
0r
1y
0c
0i
#10430259
1t
0s
0r
1y
0c
1i
#10430672
0t
0s
0r
1y
0c
1i
#10430953
1t
0s
0r
1y
0c
1i
#10431364
0t
0s
0r
1y
0c
1i
#10431646
1t
0s
0r
1y
0c
1i
#10432058
0t
0s
0r
1y
0c
1i
#10432295
0t
0s
1r
1y
0c
1i
#10432297
0t
0s
0r
1y
0c
1i
#10432340
1t
0s
0r
1y
0c
1i
#10432754
0t
0s
0r
1y
0c
0i
#10433035
1t
0s
0r
1y
0c
0i
#10433447
0t
0s
0r
1y
0c
0i
#10433729
1t
0s
0r
1y
0c
0i
#10434142
0t
0s
0r
1y
0c
0i
#10434423
1t
0s
0r
1y
0c
0i
#10434839
0t
0s
0r
1y
0c
0i
#10435120
1t
0s
0r
1y
0c
0i
#10435532
0t
0s
0r
1y
0c
0i
#10435815
1t
0s
0r
1y
0c
0i
#10436228
0t
0s
0r
1y
0c
0i
#10436510
1t
0s
0r
1y
0c
0i
#10436925
0t
0s
0r
1y
0c
0i
#10437207
1t
0s
0r
1y
0c
0i
#10437620
0t
0s
0r
1y
0c
0i
#10437902
1t
0s
0r
1y
0c
0i
#10438317
0t
0s
0r
1y
0c
0i
#10438598
1t
0s
0r
1y
0c
0i
#10439014
0t
0s
0r
1y
0c
0i
#10439295
1t
0s
0r
1y
0c
0i
#10439709
0t
0s
0r
1y
0c
0i
#10439991
1t
0s
0r
1y
0c
0i
#10440407
0t
0s
0r
1y
0c
0i
#10440689
1t
0s
0r
1y
0c
0i
#10441106
0t
0s
0r
1y
0c
0i
#10441387
1t
0s
0r
1y
0c
0i
#10441802
0t
0s
0r
1y
0c
0i
#10442085
1t
0s
0r
1y
0c
0i
#10442500
0t
0s
0r
1y
0c
0i
#10442784
1t
0s
0r
1y
0c
0i
#10443200
0t
0s
0r
1y
0c
0i
#10443484
1t
0s
0r
1y
0c
0i
#10443898
0t
0s
0r
1y
0c
0i
#10444181
1t
0s
0r
1y
0c
0i
#10444596
0t
0s
0r
1y
0c
0i
#10444879
1t
0s
0r
1y
0c
0i
#10445296
0t
0s
0r
1y
0c
0i
#10445578
1t
0s
0r
1y
0c
0i
#10445992
0t
0s
0r
1y
0c
0i
#10446276
1t
0s
0r
1y
0c
0i
#10446689
0t
0s
0r
1y
0c
0i
#10446973
1t
0s
0r
1y
0c
0i
#10447388
0t
0s
0r
1y
0c
0i
#10447671
1t
0s
0r
1y
0c
0i
#10448083
0t
0s
0r
1y
0c
0i
#10448366
1t
0s
0r
1y
0c
0i
#10448779
0t
0s
0r
1y
0c
0i
#10449062
1t
0s
0r
1y
1c
0i
#10449475
0t
0s
0r
1y
1c
0i
#10449759
1t
0s
0r
1y
1c
0i
#10450169
0t
0s
0r
1y
1c
0i
#10450453
1t
0s
0r
1y
1c
0i
#10450865
0t
0s
0r
1y
1c
0i
#10451148
1t
0s
0r
1y
1c
1i
#10451562
0t
0s
0r
1y
1c
1i
#10451845
1t
0s
0r
1y
1c
1i
#10452256
0t
0s
0r
1y
1c
1i
#10452540
1t
0s
0r
1y
1c
1i
#10452952
0t
0s
0r
1y
1c
1i
#10453236
1t
0s
0r
1y
1c
1i
#10453650
0t
0s
0r
1y
1c
0i
#10453933
1t
0s
0r
1y
1c
0i
#10454346
0t
0s
0r
1y
1c
0i
#10454629
1t
0s
0r
1y
1c
0i
#10455043
0t
0s
0r
1y
1c
0i
#10455327
1t
0s
0r
1y
1c
0i
#10455742
0t
0s
0r
1y
1c
0i
#10456026
1t
0s
0r
1y
1c
0i
#10456438
0t
0s
0r
1y
1c
0i
#10456724
1t
0s
0r
1y
1c
0i
#10457138
0t
0s
0r
1y
1c
0i
#10457423
1t
0s
0r
1y
1c
0i
#10457839
0t
0s
0r
1y
1c
0i
#10458124
1t
0s
0r
1y
1c
0i
#10458538
0t
0s
0r
1y
1c
0i
#10458824
1t
0s
0r
1y
1c
0i
#10459239
0t
0s
0r
1y
1c
0i
#10459524
1t
0s
0r
1y
1c
0i
#10459941
0t
0s
0r
1y
1c
0i
#10460227
1t
0s
0r
1y
1c
0i
#10460642
0t
0s
0r
1y
1c
0i
#10460929
1t
0s
0r
1y
1c
0i
#10461345
0t
0s
0r
1y
1c
0i
#10461631
1t
0s
0r
1y
1c
0i
#10462049
0t
0s
0r
1y
1c
0i
#10462335
1t
0s
0r
1y
1c
0i
#10463435
0t
0s
0r
1y
1c
0i
#10464239
1t
0s
0r
1y
1c
0i
#10464868
0t
0s
0r
1y
1c
0i
#10465146
1t
0s
0r
1y
1c
0i
#10465565
0t
0s
0r
1y
1c
0i
#10465849
1t
0s
0r
1y
1c
0i
#10466267
0t
0s
0r
1y
1c
0i
#10466552
1t
0s
0r
1y
1c
0i
#10466969
0t
0s
0r
1y
1c
0i
#10467255
1t
0s
0r
1y
1c
0i
#10467671
0t
0s
0r
1y
1c
0i
#10467956
1t
0s
0r
1y
1c
0i
#10468375
0t
0s
0r
1y
1c
0i
#10468658
1t
0s
0r
1y
1c
0i
#10469074
0t
0s
0r
1y
1c
0i
#10469358
1t
0s
0r
1y
1c
0i
#10469774
0t
0s
0r
1y
1c
0i
#10470058
1t
0s
0r
1y
0c
0i
#10470475
0t
0s
0r
1y
0c
0i
#10470759
1t
0s
0r
1y
0c
0i
#10471173
0t
0s
0r
1y
0c
0i
#10471458
1t
0s
0r
1y
0c
0i
#10471873
0t
0s
0r
1y
0c
0i
#10472157
1t
0s
0r
1y
0c
1i
#10472574
0t
0s
0r
1y
0c
1i
#10472857
1t
0s
0r
1y
0c
1i
#10473272
0t
0s
0r
1y
0c
1i
#10473556
1t
0s
0r
1y
0c
1i
#10473972
0t
0s
0r
1y
0c
1i
#10474257
1t
0s
0r
1y
0c
1i
#10474675
0t
0s
0r
1y
0c
0i
#10474958
1t
0s
0r
1y
0c
0i
#10475374
0t
0s
0r
1y
0c
0i
#10475659
1t
0s
0r
1y
0c
0i
#10476076
0t
0s
0r
1y
0c
0i
#10476359
1t
0s
0r
1y
0c
0i
#10476779
0t
0s
0r
1y
0c
0i
#10477062
1t
0s
0r
1y
0c
0i
#10477478
0t
0s
0r
1y
0c
0i
#10477764
1t
0s
0r
1y
0c
0i
#10478181
0t
0s
0r
1y
0c
0i
#10478466
1t
0s
0r
1y
0c
0i
#10478885
0t
0s
0r
1y
0c
0i
#10479169
1t
0s
0r
1y
0c
0i
#10479586
0t
0s
0r
1y
0c
0i
#10479871
1t
0s
0r
1y
0c
0i
#10480290
0t
0s
0r
1y
0c
0i
#10480574
1t
0s
0r
1y
0c
0i
#10480995
0t
0s
0r
1y
0c
0i
#10481278
1t
0s
0r
1y
0c
0i
#10481696
0t
0s
0r
1y
0c
0i
#10481981
1t
0s
0r
1y
0c
0i
#10482400
0t
0s
0r
1y
0c
0i
#10482685
1t
0s
0r
1y
0c
0i
#10483106
0t
0s
0r
1y
0c
0i
#10483390
1t
0s
0r
1y
0c
0i
#10483809
0t
0s
0r
1y
0c
0i
#10484095
1t
0s
0r
1y
0c
0i
#10484513
0t
0s
0r
1y
0c
0i
#10484800
1t
0s
0r
1y
0c
0i
#10485220
0t
0s
0r
1y
0c
0i
#10485506
1t
0s
0r
1y
0c
0i
#10485923
0t
0s
0r
1y
0c
0i
#10486210
1t
0s
0r
1y
0c
0i
#10486629
0t
0s
0r
1y
0c
0i
#10486915
1t
0s
0r
1y
0c
0i
#10487335
0t
0s
0r
1y
0c
0i
#10487620
1t
0s
0r
1y
0c
0i
#10488037
0t
0s
0r
1y
0c
0i
#10488324
1t
0s
0r
1y
0c
0i
#10488742
0t
0s
0r
1y
0c
0i
#10489028
1t
0s
0r
1y
0c
0i
#10489447
0t
0s
0r
1y
0c
0i
#10489732
1t
0s
0r
1y
0c
0i
#10490148
0t
0s
0r
1y
0c
0i
#10490434
1t
0s
0r
1y
0c
0i
#10490851
0t
0s
0r
1y
0c
0i
#10491136
1t
0s
0r
1y
1c
0i
#10491554
0t
0s
0r
1y
1c
0i
#10491840
1t
0s
0r
1y
1c
0i
#10492254
0t
0s
0r
1y
1c
0i
#10492541
1t
0s
0r
1y
1c
0i
#10492957
0t
0s
0r
1y
1c
0i
#10493243
1t
0s
0r
1y
1c
1i
#10493661
0t
0s
0r
1y
1c
1i
#10493946
1t
0s
0r
1y
1c
1i
#10494362
0t
0s
0r
1y
1c
1i
#10494648
1t
0s
0r
1y
1c
1i
#10495065
0t
0s
0r
1y
1c
1i
#10495351
1t
0s
0r
1y
1c
1i
#10495770
0t
0s
0r
1y
1c
0i
#10496055
1t
0s
0r
1y
1c
0i
#10496472
0t
0s
0r
1y
1c
0i
#10496759
1t
0s
0r
1y
1c
0i
#10497177
0t
0s
0r
1y
1c
0i
#10497463
1t
0s
0r
1y
1c
0i
#10497883
0t
0s
0r
1y
1c
0i
#10498169
1t
0s
0r
1y
1c
0i
#10498586
0t
0s
0r
1y
1c
0i
#10498874
1t
0s
0r
1y
1c
0i
#10499292
0t
0s
0r
1y
1c
0i
#10499580
1t
0s
0r
1y
1c
0i
#10500000
0t
0s
0r
1y
1c
0i
#10500287
1t
0s
0r
1y
1c
0i
#10500704
0t
0s
0r
1y
1c
0i
#10500992
1t
0s
0r
1y
1c
0i
#10501410
0t
0s
0r
1y
1c
0i
#10501698
1t
0s
0r
1y
1c
0i
#10502118
0t
0s
0r
1y
1c
0i
#10502406
1t
0s
0r
1y
1c
0i
#10502824
0t
0s
0r
1y
1c
0i
#10503113
1t
0s
0r
1y
1c
0i
#10503532
0t
0s
0r
1y
1c
0i
#10503820
1t
0s
0r
1y
1c
0i
#10504241
0t
0s
0r
1y
1c
0i
#10504528
1t
0s
0r
1y
1c
0i
#10505637
0t
0s
0r
1y
1c
0i
#10506446
1t
0s
0r
1y
1c
0i
#10507081
0t
0s
0r
1y
1c
0i
#10507360
1t
0s
0r
1y
1c
0i
#10507783
0t
0s
0r
1y
1c
0i
#10508069
1t
0s
0r
1y
1c
0i
#10508490
0t
0s
0r
1y
1c
0i
#10508776
1t
0s
0r
1y
1c
0i
#10509197
0t
0s
0r
1y
1c
0i
#10509484
1t
0s
0r
1y
1c
0i
#10509904
0t
0s
0r
1y
1c
0i
#10510191
1t
0s
0r
1y
1c
0i
#10510613
0t
0s
0r
1y
1c
0i
#10510898
1t
0s
0r
1y
1c
0i
#10511317
0t
0s
0r
1y
1c
0i
#10511603
1t
0s
0r
1y
1c
0i
#10512023
0t
0s
0r
1y
1c
0i
#10512309
1t
0s
0r
1y
1c
0i
#10512729
0t
0s
0r
1y
0c
0i
#10513015
1t
0s
0r
1y
0c
0i
#10513432
0t
0s
0r
1y
0c
0i
#10513719
1t
0s
0r
1y
0c
0i
#10514138
0t
0s
0r
1y
0c
0i
#10514424
1t
0s
0r
1y
0c
1i
#10514845
0t
0s
0r
1y
0c
1i
#10515129
1t
0s
0r
1y
0c
1i
#10515548
0t
0s
0r
1y
0c
1i
#10515834
1t
0s
0r
1y
0c
1i
#10516254
0t
0s
0r
1y
0c
1i
#10516490
0t
0s
1r
1y
0c
1i
#10516493
0t
0s
0r
1y
0c
1i
#10516540
1t
0s
0r
1y
0c
1i
#10516962
0t
0s
0r
1y
0c
0i
#10517248
1t
0s
0r
1y
0c
0i
#10517667
0t
0s
0r
1y
0c
0i
#10517954
1t
0s
0r
1y
0c
0i
#10518375
0t
0s
0r
1y
0c
0i
#10518661
1t
0s
0r
1y
0c
0i
#10519084
0t
0s
0r
1y
0c
0i
#10519369
1t
0s
0r
1y
0c
0i
#10519789
0t
0s
0r
1y
0c
0i
#10520078
1t
0s
0r
1y
0c
0i
#10520499
0t
0s
0r
1y
0c
0i
#10520786
1t
0s
0r
1y
0c
0i
#10521210
0t
0s
0r
1y
0c
0i
#10521496
1t
0s
0r
1y
0c
0i
#10521919
0t
0s
0r
1y
0c
0i
#10522207
1t
0s
0r
1y
0c
0i
#10522630
0t
0s
0r
1y
0c
0i
#10522917
1t
0s
0r
1y
0c
0i
#10523343
0t
0s
0r
1y
0c
0i
#10523630
1t
0s
0r
1y
0c
0i
#10524053
0t
0s
0r
1y
0c
0i
#10524341
1t
0s
0r
1y
0c
0i
#10524765
0t
0s
0r
1y
0c
0i
#10525053
1t
0s
0r
1y
0c
0i
#10525480
0t
0s
0r
1y
0c
0i
#10525767
1t
0s
0r
1y
0c
0i
#10526191
0t
0s
0r
1y
0c
0i
#10526479
1t
0s
0r
1y
0c
0i
#10526904
0t
0s
0r
1y
0c
0i
#10527193
1t
0s
0r
1y
0c
0i
#10527619
0t
0s
0r
1y
0c
0i
#10527907
1t
0s
0r
1y
0c
0i
#10528331
0t
0s
0r
1y
0c
0i
#10528620
1t
0s
0r
1y
0c
0i
#10529044
0t
0s
0r
1y
0c
0i
#10529332
1t
0s
0r
1y
0c
0i
#10529758
0t
0s
0r
1y
0c
0i
#10530046
1t
0s
0r
1y
0c
0i
#10530468
0t
0s
0r
1y
0c
0i
#10530758
1t
0s
0r
1y
0c
0i
#10531180
0t
0s
0r
1y
0c
0i
#10531469
1t
0s
0r
1y
0c
0i
#10531893
0t
0s
0r
1y
0c
0i
#10532181
1t
0s
0r
1y
0c
0i
#10532603
0t
0s
0r
1y
0c
0i
#10532891
1t
0s
0r
1y
0c
0i
#10533313
0t
0s
0r
1y
0c
0i
#10533601
1t
0s
0r
1y
0c
0i
#10534024
0t
0s
0r
1y
1c
0i
#10534313
1t
0s
0r
1y
1c
0i
#10534733
0t
0s
0r
1y
1c
0i
#10535022
1t
0s
0r
1y
1c
0i
#10535443
0t
0s
0r
1y
1c
0i
#10535732
1t
0s
0r
1y
1c
1i
#10536155
0t
0s
0r
1y
1c
1i
#10536443
1t
0s
0r
1y
1c
1i
#10536864
0t
0s
0r
1y
1c
1i
#10537153
1t
0s
0r
1y
1c
1i
#10537576
0t
0s
0r
1y
1c
1i
#10537865
1t
0s
0r
1y
1c
1i
#10538289
0t
0s
0r
1y
1c
0i
#10538577
1t
0s
0r
1y
1c
0i
#10538999
0t
0s
0r
1y
1c
0i
#10539289
1t
0s
0r
1y
1c
0i
#10539712
0t
0s
0r
1y
1c
0i
#10540001
1t
0s
0r
1y
1c
0i
#10540427
0t
0s
0r
1y
1c
0i
#10540716
1t
0s
0r
1y
1c
0i
#10541138
0t
0s
0r
1y
1c
0i
#10541430
1t
0s
0r
1y
1c
0i
#10541853
0t
0s
0r
1y
1c
0i
#10542144
1t
0s
0r
1y
1c
0i
#10542569
0t
0s
0r
1y
1c
0i
#10542859
1t
0s
0r
1y
1c
0i
#10543282
0t
0s
0r
1y
1c
0i
#10543573
1t
0s
0r
1y
1c
0i
#10543997
0t
0s
0r
1y
1c
0i
#10544288
1t
0s
0r
1y
1c
0i
#10544713
0t
0s
0r
1y
1c
0i
#10545004
1t
0s
0r
1y
1c
0i
#10545428
0t
0s
0r
1y
1c
0i
#10545720
1t
0s
0r
1y
1c
0i
#10546144
0t
0s
0r
1y
1c
0i
#10546435
1t
0s
0r
1y
1c
0i
#10546862
0t
0s
0r
1y
1c
0i
#10547153
1t
0s
0r
1y
1c
0i
#10548276
0t
0s
0r
1y
1c
0i
#10549094
1t
0s
0r
1y
1c
0i
#10549736
0t
0s
0r
1y
1c
0i
#10550019
1t
0s
0r
1y
1c
0i
#10550448
0t
0s
0r
1y
1c
0i
#10550737
1t
0s
0r
1y
1c
0i
#10551163
0t
0s
0r
1y
1c
0i
#10551453
1t
0s
0r
1y
1c
0i
#10551880
0t
0s
0r
1y
1c
0i
#10552170
1t
0s
0r
1y
1c
0i
#10552596
0t
0s
0r
1y
1c
0i
#10552886
1t
0s
0r
1y
1c
0i
#10553314
0t
0s
0r
1y
1c
0i
#10553602
1t
0s
0r
1y
1c
0i
#10554027
0t
0s
0r
1y
1c
0i
#10554316
1t
0s
0r
1y
1c
0i
#10554741
0t
0s
0r
1y
1c
0i
#10555030
1t
0s
0r
1y
1c
0i
#10555456
0t
0s
0r
1y
0c
0i
#10555746
1t
0s
0r
1y
0c
0i
#10556169
0t
0s
0r
1y
0c
0i
#10556459
1t
0s
0r
1y
0c
0i
#10556883
0t
0s
0r
1y
0c
0i
#10557172
1t
0s
0r
1y
0c
1i
#10557599
0t
0s
0r
1y
0c
1i
#10557887
1t
0s
0r
1y
0c
1i
#10558311
0t
0s
0r
1y
0c
1i
#10558600
1t
0s
0r
1y
0c
1i
#10559025
0t
0s
0r
1y
0c
1i
#10559315
1t
0s
0r
1y
0c
1i
#10559742
0t
0s
0r
1y
0c
0i
#10560031
1t
0s
0r
1y
0c
0i
#10560455
0t
0s
0r
1y
0c
0i
#10560745
1t
0s
0r
1y
0c
0i
#10561171
0t
0s
0r
1y
0c
0i
#10561460
1t
0s
0r
1y
0c
0i
#10561888
0t
0s
0r
1y
0c
0i
#10562177
1t
0s
0r
1y
0c
0i
#10562602
0t
0s
0r
1y
0c
0i
#10562893
1t
0s
0r
1y
0c
0i
#10563319
0t
0s
0r
1y
0c
0i
#10563610
1t
0s
0r
1y
0c
0i
#10564038
0t
0s
0r
1y
0c
0i
#10564328
1t
0s
0r
1y
0c
0i
#10564755
0t
0s
0r
1y
0c
0i
#10565045
1t
0s
0r
1y
0c
0i
#10565474
0t
0s
0r
1y
0c
0i
#10565764
1t
0s
0r
1y
0c
0i
#10566195
0t
0s
0r
1y
0c
0i
#10566484
1t
0s
0r
1y
0c
0i
#10566913
0t
0s
0r
1y
0c
0i
#10567204
1t
0s
0r
1y
0c
0i
#10567633
0t
0s
0r
1y
0c
0i
#10567924
1t
0s
0r
1y
0c
0i
#10568356
0t
0s
0r
1y
0c
0i
#10568646
1t
0s
0r
1y
0c
0i
#10569076
0t
0s
0r
1y
0c
0i
#10569368
1t
0s
0r
1y
0c
0i
#10569797
0t
0s
0r
1y
0c
0i
#10570090
1t
0s
0r
1y
0c
0i
#10570521
0t
0s
0r
1y
0c
0i
#10570813
1t
0s
0r
1y
0c
0i
#10571241
0t
0s
0r
1y
0c
0i
#10571534
1t
0s
0r
1y
0c
0i
#10571963
0t
0s
0r
1y
0c
0i
#10572255
1t
0s
0r
1y
0c
0i
#10572687
0t
0s
0r
1y
0c
0i
#10572978
1t
0s
0r
1y
0c
0i
#10573405
0t
0s
0r
1y
0c
0i
#10573698
1t
0s
0r
1y
0c
0i
#10574127
0t
0s
0r
1y
0c
0i
#10574419
1t
0s
0r
1y
0c
0i
#10574849
0t
0s
0r
1y
0c
0i
#10575140
1t
0s
0r
1y
0c
0i
#10575567
0t
0s
0r
1y
0c
0i
#10575859
1t
0s
0r
1y
0c
0i
#10576287
0t
0s
0r
1y
0c
0i
#10576578
1t
0s
0r
1y
0c
0i
#10577006
0t
0s
0r
1y
1c
0i
#10577299
1t
0s
0r
1y
1c
0i
#10577724
0t
0s
0r
1y
1c
0i
#10578016
1t
0s
0r
1y
1c
0i
#10578443
0t
0s
0r
1y
1c
0i
#10578735
1t
0s
0r
1y
1c
1i
#10579164
0t
0s
0r
1y
1c
1i
#10579455
1t
0s
0r
1y
1c
1i
#10579881
0t
0s
0r
1y
1c
1i
#10580173
1t
0s
0r
1y
1c
1i
#10580601
0t
0s
0r
1y
1c
1i
#10580893
1t
0s
0r
1y
1c
1i
#10581323
0t
0s
0r
1y
1c
0i
#10581614
1t
0s
0r
1y
1c
0i
#10582041
0t
0s
0r
1y
1c
0i
#10582334
1t
0s
0r
1y
1c
0i
#10582762
0t
0s
0r
1y
1c
0i
#10583055
1t
0s
0r
1y
1c
0i
#10583485
0t
0s
0r
1y
1c
0i
#10583777
1t
0s
0r
1y
1c
0i
#10584205
0t
0s
0r
1y
1c
0i
#10584499
1t
0s
0r
1y
1c
0i
#10584928
0t
0s
0r
1y
1c
0i
#10585222
1t
0s
0r
1y
1c
0i
#10585653
0t
0s
0r
1y
1c
0i
#10585946
1t
0s
0r
1y
1c
0i
#10586375
0t
0s
0r
1y
1c
0i
#10586670
1t
0s
0r
1y
1c
0i
#10587100
0t
0s
0r
1y
1c
0i
#10587395
1t
0s
0r
1y
1c
0i
#10587827
0t
0s
0r
1y
1c
0i
#10588122
1t
0s
0r
1y
1c
0i
#10588552
0t
0s
0r
1y
1c
0i
#10588848
1t
0s
0r
1y
1c
0i
#10589279
0t
0s
0r
1y
1c
0i
#10589575
1t
0s
0r
1y
1c
0i
#10590008
0t
0s
0r
1y
1c
0i
#10590303
1t
0s
0r
1y
1c
0i
#10591444
0t
0s
0r
1y
1c
0i
#10592272
1t
0s
0r
1y
1c
0i
#10592926
0t
0s
0r
1y
1c
0i
#10593212
1t
0s
0r
1y
1c
0i
#10593648
0t
0s
0r
1y
1c
0i
#10593940
1t
0s
0r
1y
1c
0i
#10594374
0t
0s
0r
1y
1c
0i
#10594668
1t
0s
0r
1y
1c
0i
#10595101
0t
0s
0r
1y
1c
0i
#10595395
1t
0s
0r
1y
1c
0i
#10595827
0t
0s
0r
1y
1c
0i
#10596121
1t
0s
0r
1y
1c
0i
#10596555
0t
0s
0r
1y
1c
0i
#10596848
1t
0s
0r
1y
1c
0i
#10597279
0t
0s
0r
1y
1c
0i
#10597572
1t
0s
0r
1y
1c
0i
#10598004
0t
0s
0r
1y
1c
0i
#10598297
1t
0s
0r
1y
1c
0i
#10598730
0t
0s
0r
1y
0c
0i
#10599023
1t
0s
0r
1y
0c
0i
#10599453
0t
0s
0r
1y
0c
0i
#10599747
1t
0s
0r
1y
0c
0i
#10600178
0t
0s
0r
1y
0c
0i
#10600471
1t
0s
0r
1y
0c
1i
#10600904
0t
0s
0r
1y
0c
1i
#10601196
1t
0s
0r
1y
0c
1i
#10601627
0t
0s
0r
1y
0c
1i
#10601920
1t
0s
0r
1y
0c
1i
#10602352
0t
0s
0r
1y
0c
1i
#10602533
0t
0s
1r
1y
0c
1i
#10602535
0t
0s
0r
1y
0c
1i
#10602646
1t
0s
0r
1y
0c
1i
#10603080
0t
0s
0r
1y
0c
0i
#10603373
1t
0s
0r
1y
0c
0i
#10603804
0t
0s
0r
1y
0c
0i
#10604098
1t
0s
0r
1y
0c
0i
#10604531
0t
0s
0r
1y
0c
0i
#10604824
1t
0s
0r
1y
0c
0i
#10605260
0t
0s
0r
1y
0c
0i
#10605552
1t
0s
0r
1y
0c
0i
#10605985
0t
0s
0r
1y
0c
0i
#10606280
1t
0s
0r
1y
0c
0i
#10606713
0t
0s
0r
1y
0c
0i
#10607008
1t
0s
0r
1y
0c
0i
#10607444
0t
0s
0r
1y
0c
0i
#10607737
1t
0s
0r
1y
0c
0i
#10608171
0t
0s
0r
1y
0c
0i
#10608466
1t
0s
0r
1y
0c
0i
#10608901
0t
0s
0r
1y
0c
0i
#10609195
1t
0s
0r
1y
0c
0i
#10609633
0t
0s
0r
1y
0c
0i
#10609926
1t
0s
0r
1y
0c
0i
#10610361
0t
0s
0r
1y
0c
0i
#10610656
1t
0s
0r
1y
0c
0i
#10611092
0t
0s
0r
1y
0c
0i
#10611387
1t
0s
0r
1y
0c
0i
#10611825
0t
0s
0r
1y
0c
0i
#10612119
1t
0s
0r
1y
0c
0i
#10612555
0t
0s
0r
1y
0c
0i
#10612850
1t
0s
0r
1y
0c
0i
#10613286
0t
0s
0r
1y
0c
0i
#10613583
1t
0s
0r
1y
0c
0i
#10614020
0t
0s
0r
1y
0c
0i
#10614315
1t
0s
0r
1y
0c
0i
#10614750
0t
0s
0r
1y
0c
0i
#10615046
1t
0s
0r
1y
0c
0i
#10615482
0t
0s
0r
1y
0c
0i
#10615777
1t
0s
0r
1y
0c
0i
#10616215
0t
0s
0r
1y
0c
0i
#10616509
1t
0s
0r
1y
0c
0i
#10616944
0t
0s
0r
1y
0c
0i
#10617240
1t
0s
0r
1y
0c
0i
#10617674
0t
0s
0r
1y
0c
0i
#10617970
1t
0s
0r
1y
0c
0i
#10618407
0t
0s
0r
1y
0c
0i
#10618701
1t
0s
0r
1y
0c
0i
#10619134
0t
0s
0r
1y
0c
0i
#10619430
1t
0s
0r
1y
0c
0i
#10619864
0t
0s
0r
1y
0c
0i
#10620159
1t
0s
0r
1y
0c
0i
#10620593
0t
0s
0r
1y
1c
0i
#10620889
1t
0s
0r
1y
1c
0i
#10621320
0t
0s
0r
1y
1c
0i
#10621616
1t
0s
0r
1y
1c
0i
#10622049
0t
0s
0r
1y
1c
0i
#10622345
1t
0s
0r
1y
1c
1i
#10622780
0t
0s
0r
1y
1c
1i
#10623075
1t
0s
0r
1y
1c
1i
#10623507
0t
0s
0r
1y
1c
1i
#10623803
1t
0s
0r
1y
1c
1i
#10624237
0t
0s
0r
1y
1c
1i
#10624533
1t
0s
0r
1y
1c
1i
#10624969
0t
0s
0r
1y
1c
0i
#10625264
1t
0s
0r
1y
1c
0i
#10625698
0t
0s
0r
1y
1c
0i
#10625994
1t
0s
0r
1y
1c
0i
#10626430
0t
0s
0r
1y
1c
0i
#10626726
1t
0s
0r
1y
1c
0i
#10627163
0t
0s
0r
1y
1c
0i
#10627459
1t
0s
0r
1y
1c
0i
#10627893
0t
0s
0r
1y
1c
0i
#10628191
1t
0s
0r
1y
1c
0i
#10628626
0t
0s
0r
1y
1c
0i
#10628924
1t
0s
0r
1y
1c
0i
#10629361
0t
0s
0r
1y
1c
0i
#10629658
1t
0s
0r
1y
1c
0i
#10630093
0t
0s
0r
1y
1c
0i
#10630391
1t
0s
0r
1y
1c
0i
#10630827
0t
0s
0r
1y
1c
0i
#10631125
1t
0s
0r
1y
1c
0i
#10631563
0t
0s
0r
1y
1c
0i
#10631861
1t
0s
0r
1y
1c
0i
#10632297
0t
0s
0r
1y
1c
0i
#10632596
1t
0s
0r
1y
1c
0i
#10633033
0t
0s
0r
1y
1c
0i
#10633332
1t
0s
0r
1y
1c
0i
#10633771
0t
0s
0r
1y
1c
0i
#10634068
1t
0s
0r
1y
1c
0i
#10635224
0t
0s
0r
1y
1c
0i
#10636062
1t
0s
0r
1y
1c
0i
#10636724
0t
0s
0r
1y
1c
0i
#10637013
1t
0s
0r
1y
1c
0i
#10637454
0t
0s
0r
1y
1c
0i
#10637750
1t
0s
0r
1y
1c
0i
#10638189
0t
0s
0r
1y
1c
0i
#10638486
1t
0s
0r
1y
1c
0i
#10638925
0t
0s
0r
1y
1c
0i
#10639223
1t
0s
0r
1y
1c
0i
#10639661
0t
0s
0r
1y
1c
0i
#10639958
1t
0s
0r
1y
1c
0i
#10640398
0t
0s
0r
1y
1c
0i
#10640694
1t
0s
0r
1y
1c
0i
#10641130
0t
0s
0r
1y
1c
0i
#10641427
1t
0s
0r
1y
1c
0i
#10641865
0t
0s
0r
1y
1c
0i
#10642161
1t
0s
0r
1y
1c
0i
#10642599
0t
0s
0r
1y
0c
0i
#10642896
1t
0s
0r
1y
0c
0i
#10643332
0t
0s
0r
1y
0c
0i
#10643629
1t
0s
0r
1y
0c
0i
#10644066
0t
0s
0r
1y
0c
0i
#10644362
1t
0s
0r
1y
0c
1i
#10644802
0t
0s
0r
1y
0c
1i
#10645097
1t
0s
0r
1y
0c
1i
#10645534
0t
0s
0r
1y
0c
1i
#10645831
1t
0s
0r
1y
0c
1i
#10646269
0t
0s
0r
1y
0c
1i
#10646565
1t
0s
0r
1y
0c
1i
#10647006
0t
0s
0r
1y
0c
0i
#10647301
1t
0s
0r
1y
0c
0i
#10647739
0t
0s
0r
1y
0c
0i
#10648036
1t
0s
0r
1y
0c
0i
#10648475
0t
0s
0r
1y
0c
0i
#10648772
1t
0s
0r
1y
0c
0i
#10649213
0t
0s
0r
1y
0c
0i
#10649509
1t
0s
0r
1y
0c
0i
#10649947
0t
0s
0r
1y
0c
0i
#10650246
1t
0s
0r
1y
0c
0i
#10650685
0t
0s
0r
1y
0c
0i
#10650983
1t
0s
0r
1y
0c
0i
#10651424
0t
0s
0r
1y
0c
0i
#10651721
1t
0s
0r
1y
0c
0i
#10652161
0t
0s
0r
1y
0c
0i
#10652459
1t
0s
0r
1y
0c
0i
#10652900
0t
0s
0r
1y
0c
0i
#10653198
1t
0s
0r
1y
0c
0i
#10653641
0t
0s
0r
1y
0c
0i
#10653938
1t
0s
0r
1y
0c
0i
#10654379
0t
0s
0r
1y
0c
0i
#10654677
1t
0s
0r
1y
0c
0i
#10655119
0t
0s
0r
1y
0c
0i
#10655417
1t
0s
0r
1y
0c
0i
#10655861
0t
0s
0r
1y
0c
0i
#10656158
1t
0s
0r
1y
0c
0i
#10656600
0t
0s
0r
1y
0c
0i
#10656899
1t
0s
0r
1y
0c
0i
#10657341
0t
0s
0r
1y
0c
0i
#10657640
1t
0s
0r
1y
0c
0i
#10658083
0t
0s
0r
1y
0c
0i
#10658382
1t
0s
0r
1y
0c
0i
#10658822
0t
0s
0r
1y
0c
0i
#10659122
1t
0s
0r
1y
0c
0i
#10659564
0t
0s
0r
1y
0c
0i
#10659862
1t
0s
0r
1y
0c
0i
#10660306
0t
0s
0r
1y
0c
0i
#10660604
1t
0s
0r
1y
0c
0i
#10661044
0t
0s
0r
1y
0c
0i
#10661343
1t
0s
0r
1y
0c
0i
#10661784
0t
0s
0r
1y
0c
0i
#10662083
1t
0s
0r
1y
0c
0i
#10662525
0t
0s
0r
1y
0c
0i
#10662823
1t
0s
0r
1y
0c
0i
#10663262
0t
0s
0r
1y
0c
0i
#10663561
1t
0s
0r
1y
0c
0i
#10664001
0t
0s
0r
1y
0c
0i
#10664299
1t
0s
0r
1y
0c
0i
#10664739
0t
0s
0r
1y
1c
0i
#10665039
1t
0s
0r
1y
1c
0i
#10665476
0t
0s
0r
1y
1c
0i
#10665776
1t
0s
0r
1y
1c
0i
#10666215
0t
0s
0r
1y
1c
0i
#10666514
1t
0s
0r
1y
1c
1i
#10666955
0t
0s
0r
1y
1c
1i
#10667253
1t
0s
0r
1y
1c
1i
#10667692
0t
0s
0r
1y
1c
1i
#10667992
1t
0s
0r
1y
1c
1i
#10668432
0t
0s
0r
1y
1c
1i
#10668731
1t
0s
0r
1y
1c
1i
#10669174
0t
0s
0r
1y
1c
0i
#10669472
1t
0s
0r
1y
1c
0i
#10669912
0t
0s
0r
1y
1c
0i
#10670212
1t
0s
0r
1y
1c
0i
#10670654
0t
0s
0r
1y
1c
0i
#10670953
1t
0s
0r
1y
1c
0i
#10671397
0t
0s
0r
1y
1c
0i
#10671696
1t
0s
0r
1y
1c
0i
#10672136
0t
0s
0r
1y
1c
0i
#10672438
1t
0s
0r
1y
1c
0i
#10672879
0t
0s
0r
1y
1c
0i
#10673180
1t
0s
0r
1y
1c
0i
#10673623
0t
0s
0r
1y
1c
0i
#10673924
1t
0s
0r
1y
1c
0i
#10674365
0t
0s
0r
1y
1c
0i
#10674666
1t
0s
0r
1y
1c
0i
#10675108
0t
0s
0r
1y
1c
0i
#10675409
1t
0s
0r
1y
1c
0i
#10675852
0t
0s
0r
1y
1c
0i
#10676153
1t
0s
0r
1y
1c
0i
#10676594
0t
0s
0r
1y
1c
0i
#10676897
1t
0s
0r
1y
1c
0i
#10677339
0t
0s
0r
1y
1c
0i
#10677641
1t
0s
0r
1y
1c
0i
#10678085
0t
0s
0r
1y
1c
0i
#10678386
1t
0s
0r
1y
1c
0i
#10679555
0t
0s
0r
1y
1c
0i
#10680403
1t
0s
0r
1y
1c
0i
#10681072
0t
0s
0r
1y
1c
0i
#10681364
1t
0s
0r
1y
1c
0i
#10681811
0t
0s
0r
1y
1c
0i
#10682110
1t
0s
0r
1y
1c
0i
#10682555
0t
0s
0r
1y
1c
0i
#10682855
1t
0s
0r
1y
1c
0i
#10683299
0t
0s
0r
1y
1c
0i
#10683600
1t
0s
0r
1y
1c
0i
#10684043
0t
0s
0r
1y
1c
0i
#10684344
1t
0s
0r
1y
1c
0i
#10684789
0t
0s
0r
1y
1c
0i
#10685088
1t
0s
0r
1y
1c
0i
#10685530
0t
0s
0r
1y
1c
0i
#10685830
1t
0s
0r
1y
1c
0i
#10686273
0t
0s
0r
1y
1c
0i
#10686572
1t
0s
0r
1y
1c
0i
#10687016
0t
0s
0r
1y
1c
0i
#10687316
1t
0s
0r
1y
1c
0i
#10687757
0t
0s
0r
1y
1c
0i
#10688058
1t
0s
0r
1y
1c
0i
#10688500
0t
0s
0r
1y
0c
0i
#10688800
1t
0s
0r
1y
0c
0i
#10689244
0t
0s
0r
1y
0c
1i
#10689543
1t
0s
0r
1y
0c
1i
#10689986
0t
0s
0r
1y
0c
1i
#10690285
1t
0s
0r
1y
0c
1i
#10690729
0t
0s
0r
1y
0c
1i
#10690939
0t
0s
1r
1y
0c
1i
#10690941
0t
0s
0r
1y
0c
1i
#10691029
1t
0s
0r
1y
0c
1i
#10691475
0t
0s
0r
1y
0c
0i
#10691774
1t
0s
0r
1y
0c
0i
#10692217
0t
0s
0r
1y
0c
0i
#10692517
1t
0s
0r
1y
0c
0i
#10692962
0t
0s
0r
1y
0c
0i
#10693262
1t
0s
0r
1y
0c
0i
#10693709
0t
0s
0r
1y
0c
0i
#10694008
1t
0s
0r
1y
0c
0i
#10694453
0t
0s
0r
1y
0c
0i
#10694754
1t
0s
0r
1y
0c
0i
#10695200
0t
0s
0r
1y
0c
0i
#10695501
1t
0s
0r
1y
0c
0i
#10695949
0t
0s
0r
1y
0c
0i
#10696250
1t
0s
0r
1y
0c
0i
#10696697
0t
0s
0r
1y
0c
0i
#10696999
1t
0s
0r
1y
0c
0i
#10697447
0t
0s
0r
1y
0c
0i
#10697749
1t
0s
0r
1y
0c
0i
#10698200
0t
0s
0r
1y
0c
0i
#10698501
1t
0s
0r
1y
0c
0i
#10698950
0t
0s
0r
1y
0c
0i
#10699253
1t
0s
0r
1y
0c
0i
#10699704
0t
0s
0r
1y
0c
0i
#10700006
1t
0s
0r
1y
0c
0i
#10700460
0t
0s
0r
1y
0c
0i
#10700762
1t
0s
0r
1y
0c
0i
#10701213
0t
0s
0r
1y
0c
0i
#10701516
1t
0s
0r
1y
0c
0i
#10701967
0t
0s
0r
1y
0c
0i
#10702272
1t
0s
0r
1y
0c
0i
#10702725
0t
0s
0r
1y
0c
0i
#10703028
1t
0s
0r
1y
0c
0i
#10703479
0t
0s
0r
1y
0c
0i
#10703783
1t
0s
0r
1y
0c
0i
#10704234
0t
0s
0r
1y
0c
0i
#10704538
1t
0s
0r
1y
0c
0i
#10704991
0t
0s
0r
1y
0c
0i
#10705294
1t
0s
0r
1y
0c
0i
#10705743
0t
0s
0r
1y
0c
0i
#10706048
1t
0s
0r
1y
0c
0i
#10706498
0t
0s
0r
1y
0c
0i
#10706802
1t
0s
0r
1y
0c
0i
#10707253
0t
0s
0r
1y
0c
0i
#10707556
1t
0s
0r
1y
0c
0i
#10708005
0t
0s
0r
1y
0c
0i
#10708309
1t
0s
0r
1y
0c
0i
#10708757
0t
0s
0r
1y
0c
0i
#10709061
1t
0s
0r
1y
0c
0i
#10709511
0t
0s
0r
1y
0c
0i
#10709815
1t
0s
0r
1y
0c
0i
#10710261
0t
0s
0r
1y
0c
0i
#10710567
1t
0s
0r
1y
0c
0i
#10711014
0t
0s
0r
1y
1c
0i
#10711319
1t
0s
0r
1y
1c
0i
#10711769
0t
0s
0r
1y
1c
1i
#10712072
1t
0s
0r
1y
1c
1i
#10712520
0t
0s
0r
1y
1c
1i
#10712825
1t
0s
0r
1y
1c
1i
#10713274
0t
0s
0r
1y
1c
1i
#10713579
1t
0s
0r
1y
1c
1i
#10714031
0t
0s
0r
1y
1c
0i
#10714334
1t
0s
0r
1y
1c
0i
#10714784
0t
0s
0r
1y
1c
0i
#10715089
1t
0s
0r
1y
1c
0i
#10715539
0t
0s
0r
1y
1c
0i
#10715844
1t
0s
0r
1y
1c
0i
#10716297
0t
0s
0r
1y
1c
0i
#10716601
1t
0s
0r
1y
1c
0i
#10717051
0t
0s
0r
1y
1c
0i
#10717358
1t
0s
0r
1y
1c
0i
#10717808
0t
0s
0r
1y
1c
0i
#10718115
1t
0s
0r
1y
1c
0i
#10718569
0t
0s
0r
1y
1c
0i
#10718876
1t
0s
0r
1y
1c
0i
#10719328
0t
0s
0r
1y
1c
0i
#10719636
1t
0s
0r
1y
1c
0i
#10720090
0t
0s
0r
1y
1c
0i
#10720398
1t
0s
0r
1y
1c
0i
#10720854
0t
0s
0r
1y
1c
0i
#10721163
1t
0s
0r
1y
1c
0i
#10721618
0t
0s
0r
1y
1c
0i
#10721928
1t
0s
0r
1y
1c
0i
#10722384
0t
0s
0r
1y
1c
0i
#10722694
1t
0s
0r
1y
1c
0i
#10723153
0t
0s
0r
1y
1c
0i
#10723462
1t
0s
0r
1y
1c
0i
#10724670
0t
0s
0r
1y
1c
0i
#10725544
1t
0s
0r
1y
1c
0i
#10726237
0t
0s
0r
1y
1c
0i
#10726538
1t
0s
0r
1y
1c
0i
#10727000
0t
0s
0r
1y
1c
0i
#10727308
1t
0s
0r
1y
1c
0i
#10727769
0t
0s
0r
1y
1c
0i
#10728078
1t
0s
0r
1y
1c
0i
#10728538
0t
0s
0r
1y
1c
0i
#10728848
1t
0s
0r
1y
1c
0i
#10729307
0t
0s
0r
1y
1c
0i
#10729616
1t
0s
0r
1y
1c
0i
#10730077
0t
0s
0r
1y
1c
0i
#10730385
1t
0s
0r
1y
1c
0i
#10730843
0t
0s
0r
1y
1c
0i
#10731151
1t
0s
0r
1y
1c
0i
#10731610
0t
0s
0r
1y
1c
0i
#10731918
1t
0s
0r
1y
1c
0i
#10732377
0t
0s
0r
1y
1c
0i
#10732686
1t
0s
0r
1y
1c
0i
#10733142
0t
0s
0r
1y
1c
0i
#10733451
1t
0s
0r
1y
1c
0i
#10733909
0t
0s
0r
1y
0c
0i
#10734217
1t
0s
0r
1y
0c
1i
#10734677
0t
0s
0r
1y
0c
1i
#10734984
1t
0s
0r
1y
0c
1i
#10735442
0t
0s
0r
1y
0c
1i
#10735750
1t
0s
0r
1y
0c
1i
#10736208
0t
0s
0r
1y
0c
1i
#10736517
1t
0s
0r
1y
0c
1i
#10736977
0t
0s
0r
1y
0c
0i
#10737285
1t
0s
0r
1y
0c
0i
#10737743
0t
0s
0r
1y
0c
0i
#10738052
1t
0s
0r
1y
0c
0i
#10738512
0t
0s
0r
1y
0c
0i
#10738820
1t
0s
0r
1y
0c
0i
#10739282
0t
0s
0r
1y
0c
0i
#10739589
1t
0s
0r
1y
0c
0i
#10740049
0t
0s
0r
1y
0c
0i
#10740359
1t
0s
0r
1y
0c
0i
#10740820
0t
0s
0r
1y
0c
0i
#10741130
1t
0s
0r
1y
0c
0i
#10741594
0t
0s
0r
1y
0c
0i
#10741903
1t
0s
0r
1y
0c
0i
#10742366
0t
0s
0r
1y
0c
0i
#10742677
1t
0s
0r
1y
0c
0i
#10743141
0t
0s
0r
1y
0c
0i
#10743452
1t
0s
0r
1y
0c
0i
#10743920
0t
0s
0r
1y
0c
0i
#10744230
1t
0s
0r
1y
0c
0i
#10744695
0t
0s
0r
1y
0c
0i
#10745007
1t
0s
0r
1y
0c
0i
#10745475
0t
0s
0r
1y
0c
0i
#10745787
1t
0s
0r
1y
0c
0i
#10746257
0t
0s
0r
1y
0c
0i
#10746569
1t
0s
0r
1y
0c
0i
#10747037
0t
0s
0r
1y
0c
0i
#10747350
1t
0s
0r
1y
0c
0i
#10747818
0t
0s
0r
1y
0c
0i
#10748132
1t
0s
0r
1y
0c
0i
#10748603
0t
0s
0r
1y
0c
0i
#10748916
1t
0s
0r
1y
0c
0i
#10749383
0t
0s
0r
1y
0c
0i
#10749698
1t
0s
0r
1y
0c
0i
#10750166
0t
0s
0r
1y
0c
0i
#10750480
1t
0s
0r
1y
0c
0i
#10750950
0t
0s
0r
1y
0c
0i
#10751263
1t
0s
0r
1y
0c
0i
#10751730
0t
0s
0r
1y
0c
0i
#10752045
1t
0s
0r
1y
0c
0i
#10752511
0t
0s
0r
1y
0c
0i
#10752826
1t
0s
0r
1y
0c
0i
#10753294
0t
0s
0r
1y
0c
0i
#10753607
1t
0s
0r
1y
0c
0i
#10754073
0t
0s
0r
1y
0c
0i
#10754386
1t
0s
0r
1y
0c
0i
#10754853
0t
0s
0r
1y
0c
0i
#10755166
1t
0s
0r
1y
0c
0i
#10755632
0t
0s
0r
1y
0c
0i
#10755947
1t
0s
0r
1y
0c
0i
#10756410
0t
0s
0r
1y
0c
0i
#10756725
1t
0s
0r
1y
0c
0i
#10757190
0t
0s
0r
1y
1c
0i
#10757503
1t
0s
0r
1y
1c
1i
#10757971
0t
0s
0r
1y
1c
1i
#10758284
1t
0s
0r
1y
1c
1i
#10758749
0t
0s
0r
1y
1c
1i
#10759063
1t
0s
0r
1y
1c
1i
#10759530
0t
0s
0r
1y
1c
1i
#10759844
1t
0s
0r
1y
1c
0i
#10760313
0t
0s
0r
1y
1c
0i
#10760626
1t
0s
0r
1y
1c
0i
#10761092
0t
0s
0r
1y
1c
0i
#10761407
1t
0s
0r
1y
1c
0i
#10761875
0t
0s
0r
1y
1c
0i
#10762189
1t
0s
0r
1y
1c
0i
#10762659
0t
0s
0r
1y
1c
0i
#10762973
1t
0s
0r
1y
1c
0i
#10763440
0t
0s
0r
1y
1c
0i
#10763758
1t
0s
0r
1y
1c
0i
#10764226
0t
0s
0r
1y
1c
0i
#10764543
1t
0s
0r
1y
1c
0i
#10765014
0t
0s
0r
1y
1c
0i
#10765330
1t
0s
0r
1y
1c
0i
#10765800
0t
0s
0r
1y
1c
0i
#10766118
1t
0s
0r
1y
1c
0i
#10766589
0t
0s
0r
1y
1c
0i
#10766907
1t
0s
0r
1y
1c
0i
#10767381
0t
0s
0r
1y
1c
0i
#10767700
1t
0s
0r
1y
1c
0i
#10768171
0t
0s
0r
1y
1c
0i
#10768491
1t
0s
0r
1y
1c
0i
#10768965
0t
0s
0r
1y
1c
0i
#10769285
1t
0s
0r
1y
1c
0i
#10769761
0t
0s
0r
1y
1c
0i
#10770080
1t
0s
0r
1y
1c
0i
#10771331
0t
0s
0r
1y
1c
0i
#10772234
1t
0s
0r
1y
1c
0i
#10772950
0t
0s
0r
1y
1c
0i
#10773260
1t
0s
0r
1y
1c
0i
#10773739
0t
0s
0r
1y
1c
0i
#10774056
1t
0s
0r
1y
1c
0i
#10774534
0t
0s
0r
1y
1c
0i
#10774851
1t
0s
0r
1y
1c
0i
#10775328
0t
0s
0r
1y
1c
0i
#10775647
1t
0s
0r
1y
1c
0i
#10776123
0t
0s
0r
1y
1c
0i
#10776441
1t
0s
0r
1y
1c
0i
#10776918
0t
0s
0r
1y
1c
0i
#10777235
1t
0s
0r
1y
1c
0i
#10777709
0t
0s
0r
1y
1c
0i
#10778027
1t
0s
0r
1y
1c
0i
#10778502
0t
0s
0r
1y
1c
0i
#10778819
1t
0s
0r
1y
1c
0i
#10779295
0t
0s
0r
1y
1c
0i
#10779613
1t
0s
0r
1y
1c
0i
#10780086
0t
0s
0r
1y
1c
0i
#10780404
1t
0s
0r
1y
1c
0i
#10780879
0t
0s
0r
1y
0c
0i
#10781196
1t
0s
0r
1y
0c
0i
#10781674
0t
0s
0r
1y
0c
1i
#10781990
1t
0s
0r
1y
0c
1i
#10782465
0t
0s
0r
1y
0c
1i
#10782783
1t
0s
0r
1y
0c
1i
#10783209
1t
0s
1r
1y
0c
1i
#10783212
1t
0s
0r
1y
0c
1i
#10783259
0t
0s
0r
1y
0c
1i
#10783577
1t
0s
0r
1y
0c
1i
#10784056
0t
0s
0r
1y
0c
0i
#10784373
1t
0s
0r
1y
0c
0i
#10784849
0t
0s
0r
1y
0c
0i
#10785167
1t
0s
0r
1y
0c
0i
#10785645
0t
0s
0r
1y
0c
0i
#10785963
1t
0s
0r
1y
0c
0i
#10786443
0t
0s
0r
1y
0c
0i
#10786760
1t
0s
0r
1y
0c
0i
#10787238
0t
0s
0r
1y
0c
0i
#10787558
1t
0s
0r
1y
0c
0i
#10788037
0t
0s
0r
1y
0c
0i
#10788357
1t
0s
0r
1y
0c
0i
#10788839
0t
0s
0r
1y
0c
0i
#10789158
1t
0s
0r
1y
0c
0i
#10789638
0t
0s
0r
1y
0c
0i
#10789959
1t
0s
0r
1y
0c
0i
#10790441
0t
0s
0r
1y
0c
0i
#10790762
1t
0s
0r
1y
0c
0i
#10791247
0t
0s
0r
1y
0c
0i
#10791567
1t
0s
0r
1y
0c
0i
#10792050
0t
0s
0r
1y
0c
0i
#10792372
1t
0s
0r
1y
0c
0i
#10792857
0t
0s
0r
1y
0c
0i
#10793179
1t
0s
0r
1y
0c
0i
#10793667
0t
0s
0r
1y
0c
0i
#10793988
1t
0s
0r
1y
0c
0i
#10794474
0t
0s
0r
1y
0c
0i
#10794797
1t
0s
0r
1y
0c
0i
#10795283
0t
0s
0r
1y
0c
0i
#10795608
1t
0s
0r
1y
0c
0i
#10796096
0t
0s
0r
1y
0c
0i
#10796419
1t
0s
0r
1y
0c
0i
#10796905
0t
0s
0r
1y
0c
0i
#10797229
1t
0s
0r
1y
0c
0i
#10797716
0t
0s
0r
1y
0c
0i
#10798040
1t
0s
0r
1y
0c
0i
#10798529
0t
0s
0r
1y
0c
0i
#10798851
1t
0s
0r
1y
0c
0i
#10799336
0t
0s
0r
1y
0c
0i
#10799661
1t
0s
0r
1y
0c
0i
#10800146
0t
0s
0r
1y
0c
0i
#10800471
1t
0s
0r
1y
0c
0i
#10800958
0t
0s
0r
1y
0c
0i
#10801281
1t
0s
0r
1y
0c
0i
#10801765
0t
0s
0r
1y
0c
0i
#10802089
1t
0s
0r
1y
0c
0i
#10802573
0t
0s
0r
1y
0c
0i
#10802897
1t
0s
0r
1y
0c
0i
#10803382
0t
0s
0r
1y
0c
0i
#10803706
1t
0s
0r
1y
0c
0i
#10804188
0t
0s
0r
1y
0c
0i
#10804513
1t
0s
0r
1y
0c
0i
#10804997
0t
0s
0r
1y
1c
0i
#10805321
1t
0s
0r
1y
1c
0i
#10805808
0t
0s
0r
1y
1c
1i
#10806131
1t
0s
0r
1y
1c
1i
#10806615
0t
0s
0r
1y
1c
1i
#10806940
1t
0s
0r
1y
1c
1i
#10807425
0t
0s
0r
1y
1c
1i
#10807750
1t
0s
0r
1y
1c
0i
#10808238
0t
0s
0r
1y
1c
0i
#10808562
1t
0s
0r
1y
1c
0i
#10809047
0t
0s
0r
1y
1c
0i
#10809372
1t
0s
0r
1y
1c
0i
#10809859
0t
0s
0r
1y
1c
0i
#10810184
1t
0s
0r
1y
1c
0i
#10810673
0t
0s
0r
1y
1c
0i
#10810998
1t
0s
0r
1y
1c
0i
#10811484
0t
0s
0r
1y
1c
0i
#10811812
1t
0s
0r
1y
1c
0i
#10812299
0t
0s
0r
1y
1c
0i
#10812627
1t
0s
0r
1y
1c
0i
#10813118
0t
0s
0r
1y
1c
0i
#10813445
1t
0s
0r
1y
1c
0i
#10813933
0t
0s
0r
1y
1c
0i
#10814262
1t
0s
0r
1y
1c
0i
#10814752
0t
0s
0r
1y
1c
0i
#10815081
1t
0s
0r
1y
1c
0i
#10815574
0t
0s
0r
1y
1c
0i
#10815904
1t
0s
0r
1y
1c
0i
#10816394
0t
0s
0r
1y
1c
0i
#10816725
1t
0s
0r
1y
1c
0i
#10817217
0t
0s
0r
1y
1c
0i
#10817547
1t
0s
0r
1y
1c
0i
#10818042
0t
0s
0r
1y
1c
0i
#10818372
1t
0s
0r
1y
1c
0i
#10819669
0t
0s
0r
1y
1c
0i
#10820603
1t
0s
0r
1y
1c
0i
#10821347
0t
0s
0r
1y
1c
0i
#10821666
1t
0s
0r
1y
1c
0i
#10822163
0t
0s
0r
1y
1c
0i
#10822491
1t
0s
0r
1y
1c
0i
#10822986
0t
0s
0r
1y
1c
0i
#10823314
1t
0s
0r
1y
1c
0i
#10823809
0t
0s
0r
1y
1c
0i
#10824138
1t
0s
0r
1y
1c
0i
#10824632
0t
0s
0r
1y
1c
0i
#10824960
1t
0s
0r
1y
1c
0i
#10825456
0t
0s
0r
1y
1c
0i
#10825783
1t
0s
0r
1y
1c
0i
#10826275
0t
0s
0r
1y
1c
0i
#10826603
1t
0s
0r
1y
1c
0i
#10827097
0t
0s
0r
1y
1c
0i
#10827424
1t
0s
0r
1y
1c
0i
#10827919
0t
0s
0r
1y
1c
0i
#10828247
1t
0s
0r
1y
1c
0i
#10828738
0t
0s
0r
1y
1c
0i
#10829067
1t
0s
0r
1y
1c
0i
#10829561
0t
0s
0r
1y
0c
0i
#10829888
1t
0s
0r
1y
0c
0i
#10830384
0t
0s
0r
1y
0c
1i
#10830711
1t
0s
0r
1y
0c
1i
#10831205
0t
0s
0r
1y
0c
1i
#10831533
1t
0s
0r
1y
0c
1i
#10832028
0t
0s
0r
1y
0c
1i
#10832356
1t
0s
0r
1y
0c
0i
#10832854
0t
0s
0r
1y
0c
0i
#10833181
1t
0s
0r
1y
0c
0i
#10833676
0t
0s
0r
1y
0c
0i
#10834004
1t
0s
0r
1y
0c
0i
#10834501
0t
0s
0r
1y
0c
0i
#10834829
1t
0s
0r
1y
0c
0i
#10835327
0t
0s
0r
1y
0c
0i
#10835655
1t
0s
0r
1y
0c
0i
#10836151
0t
0s
0r
1y
0c
0i
#10836481
1t
0s
0r
1y
0c
0i
#10836978
0t
0s
0r
1y
0c
0i
#10837308
1t
0s
0r
1y
0c
0i
#10837808
0t
0s
0r
1y
0c
0i
#10838137
1t
0s
0r
1y
0c
0i
#10838635
0t
0s
0r
1y
0c
0i
#10838966
1t
0s
0r
1y
0c
0i
#10839466
0t
0s
0r
1y
0c
0i
#10839796
1t
0s
0r
1y
0c
0i
#10840299
0t
0s
0r
1y
0c
0i
#10840628
1t
0s
0r
1y
0c
0i
#10841129
0t
0s
0r
1y
0c
0i
#10841460
1t
0s
0r
1y
0c
0i
#10841962
0t
0s
0r
1y
0c
0i
#10842293
1t
0s
0r
1y
0c
0i
#10842798
0t
0s
0r
1y
0c
0i
#10843128
1t
0s
0r
1y
0c
0i
#10843630
0t
0s
0r
1y
0c
0i
#10843961
1t
0s
0r
1y
0c
0i
#10844464
0t
0s
0r
1y
0c
0i
#10844796
1t
0s
0r
1y
0c
0i
#10845300
0t
0s
0r
1y
0c
0i
#10845632
1t
0s
0r
1y
0c
0i
#10846133
0t
0s
0r
1y
0c
0i
#10846465
1t
0s
0r
1y
0c
0i
#10846967
0t
0s
0r
1y
0c
0i
#10847299
1t
0s
0r
1y
0c
0i
#10847803
0t
0s
0r
1y
0c
0i
#10848134
1t
0s
0r
1y
0c
0i
#10848634
0t
0s
0r
1y
0c
0i
#10848968
1t
0s
0r
1y
0c
0i
#10849468
0t
0s
0r
1y
0c
0i
#10849801
1t
0s
0r
1y
0c
0i
#10850303
0t
0s
0r
1y
0c
0i
#10850635
1t
0s
0r
1y
0c
0i
#10851134
0t
0s
0r
1y
0c
0i
#10851467
1t
0s
0r
1y
0c
0i
#10851967
0t
0s
0r
1y
0c
0i
#10852299
1t
0s
0r
1y
0c
0i
#10852801
0t
0s
0r
1y
0c
0i
#10853134
1t
0s
0r
1y
0c
0i
#10853632
0t
0s
0r
1y
0c
0i
#10853965
1t
0s
0r
1y
0c
0i
#10854465
0t
0s
0r
1y
1c
0i
#10854798
1t
0s
0r
1y
1c
0i
#10855302
0t
0s
0r
1y
1c
1i
#10855634
1t
0s
0r
1y
1c
1i
#10856134
0t
0s
0r
1y
1c
1i
#10856468
1t
0s
0r
1y
1c
1i
#10856970
0t
0s
0r
1y
1c
1i
#10857304
1t
0s
0r
1y
1c
0i
#10857808
0t
0s
0r
1y
1c
0i
#10858141
1t
0s
0r
1y
1c
0i
#10858643
0t
0s
0r
1y
1c
0i
#10858977
1t
0s
0r
1y
1c
0i
#10859481
0t
0s
0r
1y
1c
0i
#10859815
1t
0s
0r
1y
1c
0i
#10860320
0t
0s
0r
1y
1c
0i
#10860654
1t
0s
0r
1y
1c
0i
#10861156
0t
0s
0r
1y
1c
0i
#10861492
1t
0s
0r
1y
1c
0i
#10861996
0t
0s
0r
1y
1c
0i
#10862332
1t
0s
0r
1y
1c
0i
#10862838
0t
0s
0r
1y
1c
0i
#10863174
1t
0s
0r
1y
1c
0i
#10863678
0t
0s
0r
1y
1c
0i
#10864015
1t
0s
0r
1y
1c
0i
#10864522
0t
0s
0r
1y
1c
0i
#10864859
1t
0s
0r
1y
1c
0i
#10865367
0t
0s
0r
1y
1c
0i
#10865705
1t
0s
0r
1y
1c
0i
#10866211
0t
0s
0r
1y
1c
0i
#10866550
1t
0s
0r
1y
1c
0i
#10867058
0t
0s
0r
1y
1c
0i
#10867397
1t
0s
0r
1y
1c
0i
#10867908
0t
0s
0r
1y
1c
0i
#10868246
1t
0s
0r
1y
1c
0i
#10869583
0t
0s
0r
1y
1c
0i
#10870542
1t
0s
0r
1y
1c
0i
#10871309
0t
0s
0r
1y
1c
0i
#10871638
1t
0s
0r
1y
1c
0i
#10872150
0t
0s
0r
1y
1c
0i
#10872486
1t
0s
0r
1y
1c
0i
#10872998
0t
0s
0r
1y
1c
0i
#10873334
1t
0s
0r
1y
1c
0i
#10873845
0t
0s
0r
1y
1c
0i
#10874183
1t
0s
0r
1y
1c
0i
#10874693
0t
0s
0r
1y
1c
0i
#10875030
1t
0s
0r
1y
1c
0i
#10875542
0t
0s
0r
1y
1c
0i
#10875878
1t
0s
0r
1y
1c
0i
#10876387
0t
0s
0r
1y
1c
0i
#10876723
1t
0s
0r
1y
1c
0i
#10877233
0t
0s
0r
1y
1c
0i
#10877569
1t
0s
0r
1y
1c
0i
#10878081
0t
0s
0r
1y
1c
0i
#10878417
1t
0s
0r
1y
1c
0i
#10878925
0t
0s
0r
1y
1c
0i
#10879263
1t
0s
0r
1y
1c
0i
#10879772
0t
0s
0r
1y
0c
0i
#10880109
1t
0s
0r
1y
0c
0i
#10880622
0t
0s
0r
1y
0c
1i
#10880957
1t
0s
0r
1y
0c
1i
#10881468
0t
0s
0r
1y
0c
1i
#10881805
1t
0s
0r
1y
0c
1i
#10882294
1t
0s
1r
1y
0c
1i
#10882296
1t
0s
0r
1y
0c
1i
#10882316
0t
0s
0r
1y
0c
1i
#10882654
1t
0s
0r
1y
0c
1i
#10883167
0t
0s
0r
1y
0c
0i
#10883504
1t
0s
0r
1y
0c
0i
#10884015
0t
0s
0r
1y
0c
0i
#10884352
1t
0s
0r
1y
0c
0i
#10884864
0t
0s
0r
1y
0c
0i
#10885202
1t
0s
0r
1y
0c
0i
#10885716
0t
0s
0r
1y
0c
0i
#10886053
1t
0s
0r
1y
0c
0i
#10886564
0t
0s
0r
1y
0c
0i
#10886904
1t
0s
0r
1y
0c
0i
#10887417
0t
0s
0r
1y
0c
0i
#10887755
1t
0s
0r
1y
0c
0i
#10888272
0t
0s
0r
1y
0c
0i
#10888610
1t
0s
0r
1y
0c
0i
#10889125
0t
0s
0r
1y
0c
0i
#10889464
1t
0s
0r
1y
0c
0i
#10889981
0t
0s
0r
1y
0c
0i
#10890320
1t
0s
0r
1y
0c
0i
#10890840
0t
0s
0r
1y
0c
0i
#10891178
1t
0s
0r
1y
0c
0i
#10891696
0t
0s
0r
1y
0c
0i
#10892037
1t
0s
0r
1y
0c
0i
#10892557
0t
0s
0r
1y
0c
0i
#10892897
1t
0s
0r
1y
0c
0i
#10893421
0t
0s
0r
1y
0c
0i
#10893760
1t
0s
0r
1y
0c
0i
#10894281
0t
0s
0r
1y
0c
0i
#10894623
1t
0s
0r
1y
0c
0i
#10895144
0t
0s
0r
1y
0c
0i
#10895488
1t
0s
0r
1y
0c
0i
#10896011
0t
0s
0r
1y
0c
0i
#10896353
1t
0s
0r
1y
0c
0i
#10896874
0t
0s
0r
1y
0c
0i
#10897217
1t
0s
0r
1y
0c
0i
#10897739
0t
0s
0r
1y
0c
0i
#10898083
1t
0s
0r
1y
0c
0i
#10898607
0t
0s
0r
1y
0c
0i
#10898949
1t
0s
0r
1y
0c
0i
#10899470
0t
0s
0r
1y
0c
0i
#10899814
1t
0s
0r
1y
0c
0i
#10900335
0t
0s
0r
1y
0c
0i
#10900679
1t
0s
0r
1y
0c
0i
#10901202
0t
0s
0r
1y
0c
0i
#10901544
1t
0s
0r
1y
0c
0i
#10902064
0t
0s
0r
1y
0c
0i
#10902408
1t
0s
0r
1y
0c
0i
#10902929
0t
0s
0r
1y
0c
0i
#10903272
1t
0s
0r
1y
0c
0i
#10903794
0t
0s
0r
1y
0c
0i
#10904138
1t
0s
0r
1y
0c
0i
#10904656
0t
0s
0r
1y
0c
0i
#10905002
1t
0s
0r
1y
0c
0i
#10905522
0t
0s
0r
1y
1c
0i
#10905866
1t
0s
0r
1y
1c
0i
#10906390
0t
0s
0r
1y
1c
1i
#10906733
1t
0s
0r
1y
1c
1i
#10907254
0t
0s
0r
1y
1c
1i
#10907599
1t
0s
0r
1y
1c
1i
#10908121
0t
0s
0r
1y
1c
1i
#10908466
1t
0s
0r
1y
1c
0i
#10908992
0t
0s
0r
1y
1c
0i
#10909335
1t
0s
0r
1y
1c
0i
#10909857
0t
0s
0r
1y
1c
0i
#10910202
1t
0s
0r
1y
1c
0i
#10910726
0t
0s
0r
1y
1c
0i
#10911070
1t
0s
0r
1y
1c
0i
#10911597
0t
0s
0r
1y
1c
0i
#10911941
1t
0s
0r
1y
1c
0i
#10912463
0t
0s
0r
1y
1c
0i
#10912810
1t
0s
0r
1y
1c
0i
#10913334
0t
0s
0r
1y
1c
0i
#10913681
1t
0s
0r
1y
1c
0i
#10914208
0t
0s
0r
1y
1c
0i
#10914555
1t
0s
0r
1y
1c
0i
#10915079
0t
0s
0r
1y
1c
0i
#10915427
1t
0s
0r
1y
1c
0i
#10915954
0t
0s
0r
1y
1c
0i
#10916302
1t
0s
0r
1y
1c
0i
#10916832
0t
0s
0r
1y
1c
0i
#10917181
1t
0s
0r
1y
1c
0i
#10917708
0t
0s
0r
1y
1c
0i
#10918059
1t
0s
0r
1y
1c
0i
#10918588
0t
0s
0r
1y
1c
0i
#10918938
1t
0s
0r
1y
1c
0i
#10919470
0t
0s
0r
1y
1c
0i
#10919819
1t
0s
0r
1y
1c
0i
#10921210
0t
0s
0r
1y
1c
0i
#10922204
1t
0s
0r
1y
1c
0i
#10923003
0t
0s
0r
1y
1c
0i
#10923343
1t
0s
0r
1y
1c
0i
#10923878
0t
0s
0r
1y
1c
0i
#10924225
1t
0s
0r
1y
1c
0i
#10924758
0t
0s
0r
1y
1c
0i
#10925106
1t
0s
0r
1y
1c
0i
#10925639
0t
0s
0r
1y
1c
0i
#10925988
1t
0s
0r
1y
1c
0i
#10926520
0t
0s
0r
1y
1c
0i
#10926869
1t
0s
0r
1y
1c
0i
#10927402
0t
0s
0r
1y
1c
0i
#10927750
1t
0s
0r
1y
1c
0i
#10928280
0t
0s
0r
1y
1c
0i
#10928629
1t
0s
0r
1y
1c
0i
#10929161
0t
0s
0r
1y
1c
0i
#10929509
1t
0s
0r
1y
1c
0i
#10930042
0t
0s
0r
1y
1c
0i
#10930391
1t
0s
0r
1y
1c
0i
#10930920
0t
0s
0r
1y
1c
0i
#10931270
1t
0s
0r
1y
1c
0i
#10931801
0t
0s
0r
1y
0c
0i
#10932150
1t
0s
0r
1y
0c
0i
#10932685
0t
0s
0r
1y
0c
1i
#10933033
1t
0s
0r
1y
0c
1i
#10933565
0t
0s
0r
1y
0c
1i
#10933914
1t
0s
0r
1y
0c
1i
#10934448
0t
0s
0r
1y
0c
1i
#10934798
1t
0s
0r
1y
0c
0i
#10935334
0t
0s
0r
1y
0c
0i
#10935682
1t
0s
0r
1y
0c
0i
#10936215
0t
0s
0r
1y
0c
0i
#10936565
1t
0s
0r
1y
0c
0i
#10937100
0t
0s
0r
1y
0c
0i
#10937449
1t
0s
0r
1y
0c
0i
#10937987
0t
0s
0r
1y
0c
0i
#10938335
1t
0s
0r
1y
0c
0i
#10938869
0t
0s
0r
1y
0c
0i
#10939221
1t
0s
0r
1y
0c
0i
#10939756
0t
0s
0r
1y
0c
0i
#10940107
1t
0s
0r
1y
0c
0i
#10940646
0t
0s
0r
1y
0c
0i
#10940996
1t
0s
0r
1y
0c
0i
#10941533
0t
0s
0r
1y
0c
0i
#10941885
1t
0s
0r
1y
0c
0i
#10942424
0t
0s
0r
1y
0c
0i
#10942775
1t
0s
0r
1y
0c
0i
#10943318
0t
0s
0r
1y
0c
0i
#10943668
1t
0s
0r
1y
0c
0i
#10944208
0t
0s
0r
1y
0c
0i
#10944560
1t
0s
0r
1y
0c
0i
#10945102
0t
0s
0r
1y
0c
0i
#10945455
1t
0s
0r
1y
0c
0i
#10946000
0t
0s
0r
1y
0c
0i
#10946351
1t
0s
0r
1y
0c
0i
#10946893
0t
0s
0r
1y
0c
0i
#10947247
1t
0s
0r
1y
0c
0i
#10947789
0t
0s
0r
1y
0c
0i
#10948144
1t
0s
0r
1y
0c
0i
#10948688
0t
0s
0r
1y
0c
0i
#10949041
1t
0s
0r
1y
0c
0i
#10949582
0t
0s
0r
1y
0c
0i
#10949937
1t
0s
0r
1y
0c
0i
#10950480
0t
0s
0r
1y
0c
0i
#10950833
1t
0s
0r
1y
0c
0i
#10951378
0t
0s
0r
1y
0c
0i
#10951731
1t
0s
0r
1y
0c
0i
#10952271
0t
0s
0r
1y
0c
0i
#10952626
1t
0s
0r
1y
0c
0i
#10953167
0t
0s
0r
1y
0c
0i
#10953522
1t
0s
0r
1y
0c
0i
#10954066
0t
0s
0r
1y
0c
0i
#10954419
1t
0s
0r
1y
0c
0i
#10954958
0t
0s
0r
1y
0c
0i
#10955313
1t
0s
0r
1y
0c
0i
#10955854
0t
0s
0r
1y
0c
0i
#10956208
1t
0s
0r
1y
0c
0i
#10956751
0t
0s
0r
1y
0c
0i
#10957106
1t
0s
0r
1y
0c
0i
#10957645
0t
0s
0r
1y
0c
0i
#10958001
1t
0s
0r
1y
0c
0i
#10958542
0t
0s
0r
1y
1c
0i
#10958897
1t
0s
0r
1y
1c
0i
#10959441
0t
0s
0r
1y
1c
1i
#10959796
1t
0s
0r
1y
1c
1i
#10960337
0t
0s
0r
1y
1c
1i
#10960693
1t
0s
0r
1y
1c
1i
#10961236
0t
0s
0r
1y
1c
1i
#10961593
1t
0s
0r
1y
1c
0i
#10962138
0t
0s
0r
1y
1c
0i
#10962494
1t
0s
0r
1y
1c
0i
#10963036
0t
0s
0r
1y
1c
0i
#10963393
1t
0s
0r
1y
1c
0i
#10963937
0t
0s
0r
1y
1c
0i
#10964293
1t
0s
0r
1y
1c
0i
#10964840
0t
0s
0r
1y
1c
0i
#10965196
1t
0s
0r
1y
1c
0i
#10965738
0t
0s
0r
1y
1c
0i
#10966097
1t
0s
0r
1y
1c
0i
#10966642
0t
0s
0r
1y
1c
0i
#10967000
1t
0s
0r
1y
1c
0i
#10967548
0t
0s
0r
1y
1c
0i
#10967905
1t
0s
0r
1y
1c
0i
#10968451
0t
0s
0r
1y
1c
0i
#10968809
1t
0s
0r
1y
1c
0i
#10969357
0t
0s
0r
1y
1c
0i
#10969716
1t
0s
0r
1y
1c
0i
#10970266
0t
0s
0r
1y
1c
0i
#10970625
1t
0s
0r
1y
1c
0i
#10971172
0t
0s
0r
1y
1c
0i
#10971534
1t
0s
0r
1y
1c
0i
#10972082
0t
0s
0r
1y
1c
0i
#10972443
1t
0s
0r
1y
1c
0i
#10972995
0t
0s
0r
1y
1c
0i
#10973355
1t
0s
0r
1y
1c
0i
#10974794
0t
0s
0r
1y
1c
0i
#10975820
1t
0s
0r
1y
1c
0i
#10976647
0t
0s
0r
1y
1c
0i
#10976996
1t
0s
0r
1y
1c
0i
#10977550
0t
0s
0r
1y
1c
0i
#10977908
1t
0s
0r
1y
1c
0i
#10978460
0t
0s
0r
1y
1c
0i
#10978819
1t
0s
0r
1y
1c
0i
#10979370
0t
0s
0r
1y
1c
0i
#10979730
1t
0s
0r
1y
1c
0i
#10980280
0t
0s
0r
1y
1c
0i
#10980640
1t
0s
0r
1y
1c
0i
#10981193
0t
0s
0r
1y
1c
0i
#10981551
1t
0s
0r
1y
1c
0i
#10982101
0t
0s
0r
1y
1c
0i
#10982460
1t
0s
0r
1y
1c
0i
#10983011
0t
0s
0r
1y
1c
0i
#10983370
1t
0s
0r
1y
1c
0i
#10983923
0t
0s
0r
1y
1c
0i
#10984282
1t
0s
0r
1y
1c
0i
#10984831
0t
0s
0r
1y
1c
0i
#10985192
1t
0s
0r
1y
1c
0i
#10985744
0t
0s
0r
1y
1c
0i
#10986104
1t
0s
0r
1y
0c
0i
#10986659
0t
0s
0r
1y
0c
1i
#10987017
1t
0s
0r
1y
0c
1i
#10987570
0t
0s
0r
1y
0c
1i
#10987930
1t
0s
0r
1y
0c
1i
#10988402
1t
0s
1r
1y
0c
1i
#10988404
1t
0s
0r
1y
0c
1i
#10988484
0t
0s
0r
1y
0c
1i
#10988844
1t
0s
0r
1y
0c
1i
#10989401
0t
0s
0r
1y
0c
0i
#10989761
1t
0s
0r
1y
0c
0i
#10990314
0t
0s
0r
1y
0c
0i
#10990675
1t
0s
0r
1y
0c
0i
#10991230
0t
0s
0r
1y
0c
0i
#10991590
1t
0s
0r
1y
0c
0i
#10992148
0t
0s
0r
1y
0c
0i
#10992507
1t
0s
0r
1y
0c
0i
#10993061
0t
0s
0r
1y
0c
0i
#10993423
1t
0s
0r
1y
0c
0i
#10993979
0t
0s
0r
1y
0c
0i
#10994340
1t
0s
0r
1y
0c
0i
#10994899
0t
0s
0r
1y
0c
0i
#10995260
1t
0s
0r
1y
0c
0i
#10995818
0t
0s
0r
1y
0c
0i
#10996180
1t
0s
0r
1y
0c
0i
#10996740
0t
0s
0r
1y
0c
0i
#10997102
1t
0s
0r
1y
0c
0i
#10997665
0t
0s
0r
1y
0c
0i
#10998026
1t
0s
0r
1y
0c
0i
#10998587
0t
0s
0r
1y
0c
0i
#10998951
1t
0s
0r
1y
0c
0i
#10999513
0t
0s
0r
1y
0c
0i
#10999877
1t
0s
0r
1y
0c
0i
#11000443
0t
0s
0r
1y
0c
0i
#11000806
1t
0s
0r
1y
0c
0i
#11001370
0t
0s
0r
1y
0c
0i
#11001735
1t
0s
0r
1y
0c
0i
#11002299
0t
0s
0r
1y
0c
0i
#11002665
1t
0s
0r
1y
0c
0i
#11003232
0t
0s
0r
1y
0c
0i
#11003597
1t
0s
0r
1y
0c
0i
#11004160
0t
0s
0r
1y
0c
0i
#11004526
1t
0s
0r
1y
0c
0i
#11005091
0t
0s
0r
1y
0c
0i
#11005457
1t
0s
0r
1y
0c
0i
#11006024
0t
0s
0r
1y
0c
0i
#11006389
1t
0s
0r
1y
0c
0i
#11006951
0t
0s
0r
1y
0c
0i
#11007319
1t
0s
0r
1y
0c
0i
#11007882
0t
0s
0r
1y
0c
0i
#11008249
1t
0s
0r
1y
0c
0i
#11008815
0t
0s
0r
1y
0c
0i
#11009181
1t
0s
0r
1y
0c
0i
#11009743
0t
0s
0r
1y
0c
0i
#11010110
1t
0s
0r
1y
0c
0i
#11010674
0t
0s
0r
1y
0c
0i
#11011041
1t
0s
0r
1y
0c
0i
#11011606
0t
0s
0r
1y
0c
0i
#11011973
1t
0s
0r
1y
0c
0i
#11012535
0t
0s
0r
1y
0c
0i
#11012904
1t
0s
0r
1y
0c
0i
#11013467
0t
0s
0r
1y
0c
0i
#11013835
1t
0s
0r
1y
1c
0i
#11014403
0t
0s
0r
1y
1c
1i
#11014770
1t
0s
0r
1y
1c
1i
#11015335
0t
0s
0r
1y
1c
1i
#11015703
1t
0s
0r
1y
1c
1i
#11016270
0t
0s
0r
1y
1c
1i
#11016638
1t
0s
0r
1y
1c
1i
#11017208
0t
0s
0r
1y
1c
0i
#11017576
1t
0s
0r
1y
1c
0i
#11018141
0t
0s
0r
1y
1c
0i
#11018511
1t
0s
0r
1y
1c
0i
#11019078
0t
0s
0r
1y
1c
0i
#11019447
1t
0s
0r
1y
1c
0i
#11020017
0t
0s
0r
1y
1c
0i
#11020385
1t
0s
0r
1y
1c
0i
#11020951
0t
0s
0r
1y
1c
0i
#11021322
1t
0s
0r
1y
1c
0i
#11021890
0t
0s
0r
1y
1c
0i
#11022261
1t
0s
0r
1y
1c
0i
#11022832
0t
0s
0r
1y
1c
0i
#11023203
1t
0s
0r
1y
1c
0i
#11023771
0t
0s
0r
1y
1c
0i
#11024144
1t
0s
0r
1y
1c
0i
#11024715
0t
0s
0r
1y
1c
0i
#11025087
1t
0s
0r
1y
1c
0i
#11025661
0t
0s
0r
1y
1c
0i
#11026034
1t
0s
0r
1y
1c
0i
#11026606
0t
0s
0r
1y
1c
0i
#11026981
1t
0s
0r
1y
1c
0i
#11027556
0t
0s
0r
1y
1c
0i
#11027930
1t
0s
0r
1y
1c
0i
#11028508
0t
0s
0r
1y
1c
0i
#11028882
1t
0s
0r
1y
1c
0i
#11030389
0t
0s
0r
1y
1c
0i
#11031458
1t
0s
0r
1y
1c
0i
#11032326
0t
0s
0r
1y
1c
0i
#11032689
1t
0s
0r
1y
1c
0i
#11033271
0t
0s
0r
1y
1c
0i
#11033643
1t
0s
0r
1y
1c
0i
#11034223
0t
0s
0r
1y
1c
0i
#11034597
1t
0s
0r
1y
1c
0i
#11035176
0t
0s
0r
1y
1c
0i
#11035551
1t
0s
0r
1y
1c
0i
#11036129
0t
0s
0r
1y
1c
0i
#11036503
1t
0s
0r
1y
1c
0i
#11037084
0t
0s
0r
1y
1c
0i
#11037457
1t
0s
0r
1y
1c
0i
#11038034
0t
0s
0r
1y
1c
0i
#11038408
1t
0s
0r
1y
1c
0i
#11038987
0t
0s
0r
1y
1c
0i
#11039361
1t
0s
0r
1y
1c
0i
#11039941
0t
0s
0r
1y
1c
0i
#11040316
1t
0s
0r
1y
1c
0i
#11040893
0t
0s
0r
1y
1c
0i
#11041268
1t
0s
0r
1y
1c
0i
#11041847
0t
0s
0r
1y
1c
0i
#11042222
1t
0s
0r
1y
0c
0i
#11042806
0t
0s
0r
1y
0c
1i
#11043179
1t
0s
0r
1y
0c
1i
#11043759
0t
0s
0r
1y
0c
1i
#11044134
1t
0s
0r
1y
0c
1i
#11044716
0t
0s
0r
1y
0c
1i
#11045092
1t
0s
0r
1y
0c
0i
#11045676
0t
0s
0r
1y
0c
0i
#11046051
1t
0s
0r
1y
0c
0i
#11046632
0t
0s
0r
1y
0c
0i
#11047007
1t
0s
0r
1y
0c
0i
#11047590
0t
0s
0r
1y
0c
0i
#11047965
1t
0s
0r
1y
0c
0i
#11048550
0t
0s
0r
1y
0c
0i
#11048924
1t
0s
0r
1y
0c
0i
#11049506
0t
0s
0r
1y
0c
0i
#11049883
1t
0s
0r
1y
0c
0i
#11050466
0t
0s
0r
1y
0c
0i
#11050842
1t
0s
0r
1y
0c
0i
#11051429
0t
0s
0r
1y
0c
0i
#11051804
1t
0s
0r
1y
0c
0i
#11052389
0t
0s
0r
1y
0c
0i
#11052765
1t
0s
0r
1y
0c
0i
#11053352
0t
0s
0r
1y
0c
0i
#11053729
1t
0s
0r
1y
0c
0i
#11054320
0t
0s
0r
1y
0c
0i
#11054696
1t
0s
0r
1y
0c
0i
#11055284
0t
0s
0r
1y
0c
0i
#11055662
1t
0s
0r
1y
0c
0i
#11056252
0t
0s
0r
1y
0c
0i
#11056630
1t
0s
0r
1y
0c
0i
#11057224
0t
0s
0r
1y
0c
0i
#11057602
1t
0s
0r
1y
0c
0i
#11058193
0t
0s
0r
1y
0c
0i
#11058573
1t
0s
0r
1y
0c
0i
#11059164
0t
0s
0r
1y
0c
0i
#11059545
1t
0s
0r
1y
0c
0i
#11060139
0t
0s
0r
1y
0c
0i
#11060519
1t
0s
0r
1y
0c
0i
#11061110
0t
0s
0r
1y
0c
0i
#11061491
1t
0s
0r
1y
0c
0i
#11062084
0t
0s
0r
1y
0c
0i
#11062464
1t
0s
0r
1y
0c
0i
#11063059
0t
0s
0r
1y
0c
0i
#11063438
1t
0s
0r
1y
0c
0i
#11064029
0t
0s
0r
1y
0c
0i
#11064411
1t
0s
0r
1y
0c
0i
#11065002
0t
0s
0r
1y
0c
0i
#11065383
1t
0s
0r
1y
0c
0i
#11065977
0t
0s
0r
1y
0c
0i
#11066357
1t
0s
0r
1y
0c
0i
#11066948
0t
0s
0r
1y
0c
0i
#11067329
1t
0s
0r
1y
0c
0i
#11067921
0t
0s
0r
1y
0c
0i
#11068302
1t
0s
0r
1y
0c
0i
#11068895
0t
0s
0r
1y
0c
0i
#11069278
1t
0s
0r
1y
0c
0i
#11069867
0t
0s
0r
1y
0c
0i
#11070251
1t
0s
0r
1y
0c
0i
#11070842
0t
0s
0r
1y
0c
0i
#11071225
1t
0s
0r
1y
1c
0i
#11071821
0t
0s
0r
1y
1c
1i
#11072202
1t
0s
0r
1y
1c
1i
#11072795
0t
0s
0r
1y
1c
1i
#11073179
1t
0s
0r
1y
1c
1i
#11073773
0t
0s
0r
1y
1c
1i
#11074157
1t
0s
0r
1y
1c
0i
#11074754
0t
0s
0r
1y
1c
0i
#11075137
1t
0s
0r
1y
1c
0i
#11075730
0t
0s
0r
1y
1c
0i
#11076114
1t
0s
0r
1y
1c
0i
#11076709
0t
0s
0r
1y
1c
0i
#11077093
1t
0s
0r
1y
1c
0i
#11077691
0t
0s
0r
1y
1c
0i
#11078074
1t
0s
0r
1y
1c
0i
#11078668
0t
0s
0r
1y
1c
0i
#11079054
1t
0s
0r
1y
1c
0i
#11079649
0t
0s
0r
1y
1c
0i
#11080035
1t
0s
0r
1y
1c
0i
#11080634
0t
0s
0r
1y
1c
0i
#11081018
1t
0s
0r
1y
1c
0i
#11081615
0t
0s
0r
1y
1c
0i
#11082002
1t
0s
0r
1y
1c
0i
#11082600
0t
0s
0r
1y
1c
0i
#11082987
1t
0s
0r
1y
1c
0i
#11083589
0t
0s
0r
1y
1c
0i
#11083977
1t
0s
0r
1y
1c
0i
#11084576
0t
0s
0r
1y
1c
0i
#11084966
1t
0s
0r
1y
1c
0i
#11085567
0t
0s
0r
1y
1c
0i
#11085956
1t
0s
0r
1y
1c
0i
#11086561
0t
0s
0r
1y
1c
0i
#11086949
1t
0s
0r
1y
1c
0i
#11088523
0t
0s
0r
1y
1c
0i
#11089633
1t
0s
0r
1y
1c
0i
#11090541
0t
0s
0r
1y
1c
0i
#11090917
1t
0s
0r
1y
1c
0i
#11091525
0t
0s
0r
1y
1c
0i
#11091911
1t
0s
0r
1y
1c
0i
#11092517
0t
0s
0r
1y
1c
0i
#11092904
1t
0s
0r
1y
1c
0i
#11093509
0t
0s
0r
1y
1c
0i
#11093898
1t
0s
0r
1y
1c
0i
#11094503
0t
0s
0r
1y
1c
0i
#11094890
1t
0s
0r
1y
1c
0i
#11095497
0t
0s
0r
1y
1c
0i
#11095883
1t
0s
0r
1y
1c
0i
#11096487
0t
0s
0r
1y
1c
0i
#11096875
1t
0s
0r
1y
1c
0i
#11097479
0t
0s
0r
1y
1c
0i
#11097867
1t
0s
0r
1y
1c
0i
#11098474
0t
0s
0r
1y
1c
0i
#11098861
1t
0s
0r
1y
1c
0i
#11099465
0t
0s
0r
1y
1c
0i
#11099854
1t
0s
0r
1y
1c
0i
#11100459
0t
0s
0r
1y
1c
0i
#11100848
1t
0s
0r
1y
0c
0i
#11101457
0t
0s
0r
1y
0c
1i
#11101844
1t
0s
0r
1y
0c
1i
#11102452
0t
0s
0r
1y
0c
1i
#11102840
1t
0s
0r
1y
0c
1i
#11103237
1t
0s
1r
1y
0c
1i
#11103239
1t
0s
0r
1y
0c
1i
#11103449
0t
0s
0r
1y
0c
1i
#11103838
1t
0s
0r
1y
0c
1i
#11104449
0t
0s
0r
1y
0c
0i
#11104838
1t
0s
0r
1y
0c
0i
#11105446
0t
0s
0r
1y
0c
0i
#11105835
1t
0s
0r
1y
0c
0i
#11106445
0t
0s
0r
1y
0c
0i
#11106833
1t
0s
0r
1y
0c
0i
#11107446
0t
0s
0r
1y
0c
0i
#11107833
1t
0s
0r
1y
0c
0i
#11108442
0t
0s
0r
1y
0c
0i
#11108833
1t
0s
0r
1y
0c
0i
#11109443
0t
0s
0r
1y
0c
0i
#11109833
1t
0s
0r
1y
0c
0i
#11110447
0t
0s
0r
1y
0c
0i
#11110836
1t
0s
0r
1y
0c
0i
#11111448
0t
0s
0r
1y
0c
0i
#11111838
1t
0s
0r
1y
0c
0i
#11112453
0t
0s
0r
1y
0c
0i
#11112843
1t
0s
0r
1y
0c
0i
#11113460
0t
0s
0r
1y
0c
0i
#11113849
1t
0s
0r
1y
0c
0i
#11114464
0t
0s
0r
1y
0c
0i
#11114855
1t
0s
0r
1y
0c
0i
#11115471
0t
0s
0r
1y
0c
0i
#11115862
1t
0s
0r
1y
0c
0i
#11116482
0t
0s
0r
1y
0c
0i
#11116872
1t
0s
0r
1y
0c
0i
#11117488
0t
0s
0r
1y
0c
0i
#11117881
1t
0s
0r
1y
0c
0i
#11118497
0t
0s
0r
1y
0c
0i
#11118891
1t
0s
0r
1y
0c
0i
#11119510
0t
0s
0r
1y
0c
0i
#11119902
1t
0s
0r
1y
0c
0i
#11120517
0t
0s
0r
1y
0c
0i
#11120911
1t
0s
0r
1y
0c
0i
#11121528
0t
0s
0r
1y
0c
0i
#11121921
1t
0s
0r
1y
0c
0i
#11122541
0t
0s
0r
1y
0c
0i
#11122933
1t
0s
0r
1y
0c
0i
#11123548
0t
0s
0r
1y
0c
0i
#11123943
1t
0s
0r
1y
0c
0i
#11124560
0t
0s
0r
1y
0c
0i
#11124953
1t
0s
0r
1y
0c
0i
#11125572
0t
0s
0r
1y
0c
0i
#11125965
1t
0s
0r
1y
0c
0i
#11126581
0t
0s
0r
1y
0c
0i
#11126975
1t
0s
0r
1y
0c
0i
#11127591
0t
0s
0r
1y
0c
0i
#11127986
1t
0s
0r
1y
0c
0i
#11128605
0t
0s
0r
1y
0c
0i
#11129000
1t
0s
0r
1y
0c
0i
#11129614
0t
0s
0r
1y
0c
0i
#11130011
1t
0s
0r
1y
0c
0i
#11130628
0t
0s
0r
1y
0c
0i
#11131023
1t
0s
0r
1y
1c
0i
#11131645
0t
0s
0r
1y
1c
1i
#11132039
1t
0s
0r
1y
1c
1i
#11132658
0t
0s
0r
1y
1c
1i
#11133055
1t
0s
0r
1y
1c
1i
#11133675
0t
0s
0r
1y
1c
1i
#11134072
1t
0s
0r
1y
1c
0i
#11134696
0t
0s
0r
1y
1c
0i
#11135091
1t
0s
0r
1y
1c
0i
#11135711
0t
0s
0r
1y
1c
0i
#11136108
1t
0s
0r
1y
1c
0i
#11136730
0t
0s
0r
1y
1c
0i
#11137127
1t
0s
0r
1y
1c
0i
#11137751
0t
0s
0r
1y
1c
0i
#11138147
1t
0s
0r
1y
1c
0i
#11138767
0t
0s
0r
1y
1c
0i
#11139167
1t
0s
0r
1y
1c
0i
#11139789
0t
0s
0r
1y
1c
0i
#11140189
1t
0s
0r
1y
1c
0i
#11140815
0t
0s
0r
1y
1c
0i
#11141214
1t
0s
0r
1y
1c
0i
#11141837
0t
0s
0r
1y
1c
0i
#11142238
1t
0s
0r
1y
1c
0i
#11142865
0t
0s
0r
1y
1c
0i
#11143266
1t
0s
0r
1y
1c
0i
#11143897
0t
0s
0r
1y
1c
0i
#11144300
1t
0s
0r
1y
1c
0i
#11144928
0t
0s
0r
1y
1c
0i
#11145333
1t
0s
0r
1y
1c
0i
#11145964
0t
0s
0r
1y
1c
0i
#11146368
1t
0s
0r
1y
1c
0i
#11147004
0t
0s
0r
1y
1c
0i
#11147408
1t
0s
0r
1y
1c
0i
#11149061
0t
0s
0r
1y
1c
0i
#11150225
1t
0s
0r
1y
1c
0i
#11151182
0t
0s
0r
1y
1c
0i
#11151575
1t
0s
0r
1y
1c
0i
#11152216
0t
0s
0r
1y
1c
0i
#11152620
1t
0s
0r
1y
1c
0i
#11153259
0t
0s
0r
1y
1c
0i
#11153665
1t
0s
0r
1y
1c
0i
#11154304
0t
0s
0r
1y
1c
0i
#11154710
1t
0s
0r
1y
1c
0i
#11155349
0t
0s
0r
1y
1c
0i
#11155754
1t
0s
0r
1y
1c
0i
#11156396
0t
0s
0r
1y
1c
0i
#11156800
1t
0s
0r
1y
1c
0i
#11157438
0t
0s
0r
1y
1c
0i
#11157843
1t
0s
0r
1y
1c
0i
#11158483
0t
0s
0r
1y
1c
0i
#11158888
1t
0s
0r
1y
1c
0i
#11159529
0t
0s
0r
1y
1c
0i
#11159935
1t
0s
0r
1y
1c
0i
#11160574
0t
0s
0r
1y
1c
0i
#11160981
1t
0s
0r
1y
1c
0i
#11161622
0t
0s
0r
1y
0c
0i
#11162029
1t
0s
0r
1y
0c
0i
#11162675
0t
0s
0r
1y
0c
1i
#11163080
1t
0s
0r
1y
0c
1i
#11163724
0t
0s
0r
1y
0c
1i
#11164132
1t
0s
0r
1y
0c
1i
#11164777
0t
0s
0r
1y
0c
1i
#11165185
1t
0s
0r
1y
0c
0i
#11165835
0t
0s
0r
1y
0c
0i
#11166241
1t
0s
0r
1y
0c
0i
#11166887
0t
0s
0r
1y
0c
0i
#11167295
1t
0s
0r
1y
0c
0i
#11167942
0t
0s
0r
1y
0c
0i
#11168349
1t
0s
0r
1y
0c
0i
#11168999
0t
0s
0r
1y
0c
0i
#11169405
1t
0s
0r
1y
0c
0i
#11170050
0t
0s
0r
1y
0c
0i
#11170460
1t
0s
0r
1y
0c
0i
#11171105
0t
0s
0r
1y
0c
0i
#11171514
1t
0s
0r
1y
0c
0i
#11172164
0t
0s
0r
1y
0c
0i
#11172571
1t
0s
0r
1y
0c
0i
#11173218
0t
0s
0r
1y
0c
0i
#11173627
1t
0s
0r
1y
0c
0i
#11174276
0t
0s
0r
1y
0c
0i
#11174684
1t
0s
0r
1y
0c
0i
#11175336
0t
0s
0r
1y
0c
0i
#11175743
1t
0s
0r
1y
0c
0i
#11176391
0t
0s
0r
1y
0c
0i
#11176800
1t
0s
0r
1y
0c
0i
#11177451
0t
0s
0r
1y
0c
0i
#11177859
1t
0s
0r
1y
0c
0i
#11178513
0t
0s
0r
1y
0c
0i
#11178920
1t
0s
0r
1y
0c
0i
#11179570
0t
0s
0r
1y
0c
0i
#11179980
1t
0s
0r
1y
0c
0i
#11180630
0t
0s
0r
1y
0c
0i
#11181041
1t
0s
0r
1y
0c
0i
#11181693
0t
0s
0r
1y
0c
0i
#11182103
1t
0s
0r
1y
0c
0i
#11182752
0t
0s
0r
1y
0c
0i
#11183163
1t
0s
0r
1y
0c
0i
#11183814
0t
0s
0r
1y
0c
0i
#11184224
1t
0s
0r
1y
0c
0i
#11184878
0t
0s
0r
1y
0c
0i
#11185288
1t
0s
0r
1y
0c
0i
#11185937
0t
0s
0r
1y
0c
0i
#11186350
1t
0s
0r
1y
0c
0i
#11187000
0t
0s
0r
1y
0c
0i
#11187412
1t
0s
0r
1y
0c
0i
#11188065
0t
0s
0r
1y
0c
0i
#11188476
1t
0s
0r
1y
0c
0i
#11189125
0t
0s
0r
1y
0c
0i
#11189538
1t
0s
0r
1y
0c
0i
#11190189
0t
0s
0r
1y
0c
0i
#11190601
1t
0s
0r
1y
0c
0i
#11191255
0t
0s
0r
1y
0c
0i
#11191668
1t
0s
0r
1y
0c
0i
#11192317
0t
0s
0r
1y
0c
0i
#11192732
1t
0s
0r
1y
0c
0i
#11193384
0t
0s
0r
1y
0c
0i
#11193799
1t
0s
0r
1y
1c
0i
#11194456
0t
0s
0r
1y
1c
1i
#11194868
1t
0s
0r
1y
1c
1i
#11195523
0t
0s
0r
1y
1c
1i
#11195938
1t
0s
0r
1y
1c
1i
#11196595
0t
0s
0r
1y
1c
1i
#11197010
1t
0s
0r
1y
1c
0i
#11197670
0t
0s
0r
1y
1c
0i
#11198084
1t
0s
0r
1y
1c
0i
#11198740
0t
0s
0r
1y
1c
0i
#11199156
1t
0s
0r
1y
1c
0i
#11199814
0t
0s
0r
1y
1c
0i
#11200229
1t
0s
0r
1y
1c
0i
#11200889
0t
0s
0r
1y
1c
0i
#11201304
1t
0s
0r
1y
1c
0i
#11201960
0t
0s
0r
1y
1c
0i
#11202378
1t
0s
0r
1y
1c
0i
#11203036
0t
0s
0r
1y
1c
0i
#11203454
1t
0s
0r
1y
1c
0i
#11204116
0t
0s
0r
1y
1c
0i
#11204532
1t
0s
0r
1y
1c
0i
#11205190
0t
0s
0r
1y
1c
0i
#11205610
1t
0s
0r
1y
1c
0i
#11206271
0t
0s
0r
1y
1c
0i
#11206689
1t
0s
0r
1y
1c
0i
#11207354
0t
0s
0r
1y
1c
0i
#11207773
1t
0s
0r
1y
1c
0i
#11208434
0t
0s
0r
1y
1c
0i
#11208856
1t
0s
0r
1y
1c
0i
#11209518
0t
0s
0r
1y
1c
0i
#11209939
1t
0s
0r
1y
1c
0i
#11210607
0t
0s
0r
1y
1c
0i
#11211025
1t
0s
0r
1y
1c
0i
#11212752
0t
0s
0r
1y
1c
0i
#11213959
1t
0s
0r
1y
1c
0i
#11214958
0t
0s
0r
1y
1c
0i
#11215365
1t
0s
0r
1y
1c
0i
#11216034
0t
0s
0r
1y
1c
0i
#11216451
1t
0s
0r
1y
1c
0i
#11217118
0t
0s
0r
1y
1c
0i
#11217537
1t
0s
0r
1y
1c
0i
#11218204
0t
0s
0r
1y
1c
0i
#11218624
1t
0s
0r
1y
1c
0i
#11219290
0t
0s
0r
1y
1c
0i
#11219710
1t
0s
0r
1y
1c
0i
#11220379
0t
0s
0r
1y
1c
0i
#11220797
1t
0s
0r
1y
1c
0i
#11221463
0t
0s
0r
1y
1c
0i
#11221882
1t
0s
0r
1y
1c
0i
#11222551
0t
0s
0r
1y
1c
0i
#11222969
1t
0s
0r
1y
1c
0i
#11223640
0t
0s
0r
1y
1c
0i
#11224060
1t
0s
0r
1y
1c
0i
#11224727
0t
0s
0r
1y
1c
0i
#11225148
1t
0s
0r
1y
1c
0i
#11225818
0t
0s
0r
1y
1c
0i
#11226239
1t
0s
0r
1y
0c
0i
#11226913
0t
0s
0r
1y
0c
0i
#11227333
1t
0s
0r
1y
0c
1i
#11228004
0t
0s
0r
1y
0c
1i
#11228426
1t
0s
0r
1y
0c
1i
#11228815
1t
0s
1r
1y
0c
1i
#11228818
1t
0s
0r
1y
0c
1i
#11229100
0t
0s
0r
1y
0c
1i
#11229522
1t
0s
0r
1y
0c
0i
#11230199
0t
0s
0r
1y
0c
0i
#11230620
1t
0s
0r
1y
0c
0i
#11231293
0t
0s
0r
1y
0c
0i
#11231716
1t
0s
0r
1y
0c
0i
#11232391
0t
0s
0r
1y
0c
0i
#11232811
1t
0s
0r
1y
0c
0i
#11233489
0t
0s
0r
1y
0c
0i
#11233909
1t
0s
0r
1y
0c
0i
#11234583
0t
0s
0r
1y
0c
0i
#11235007
1t
0s
0r
1y
0c
0i
#11235682
0t
0s
0r
1y
0c
0i
#11236105
1t
0s
0r
1y
0c
0i
#11236786
0t
0s
0r
1y
0c
0i
#11237207
1t
0s
0r
1y
0c
0i
#11237886
0t
0s
0r
1y
0c
0i
#11238310
1t
0s
0r
1y
0c
0i
#11238992
0t
0s
0r
1y
0c
0i
#11239415
1t
0s
0r
1y
0c
0i
#11240102
0t
0s
0r
1y
0c
0i
#11240526
1t
0s
0r
1y
0c
0i
#11241210
0t
0s
0r
1y
0c
0i
#11241637
1t
0s
0r
1y
0c
0i
#11242324
0t
0s
0r
1y
0c
0i
#11242751
1t
0s
0r
1y
0c
0i
#11243444
0t
0s
0r
1y
0c
0i
#11243871
1t
0s
0r
1y
0c
0i
#11244561
0t
0s
0r
1y
0c
0i
#11244991
1t
0s
0r
1y
0c
0i
#11245683
0t
0s
0r
1y
0c
0i
#11246114
1t
0s
0r
1y
0c
0i
#11246810
0t
0s
0r
1y
0c
0i
#11247240
1t
0s
0r
1y
0c
0i
#11247933
0t
0s
0r
1y
0c
0i
#11248366
1t
0s
0r
1y
0c
0i
#11249061
0t
0s
0r
1y
0c
0i
#11249493
1t
0s
0r
1y
0c
0i
#11250192
0t
0s
0r
1y
0c
0i
#11250624
1t
0s
0r
1y
0c
0i
#11251318
0t
0s
0r
1y
0c
0i
#11251753
1t
0s
0r
1y
0c
0i
#11252449
0t
0s
0r
1y
0c
0i
#11252884
1t
0s
0r
1y
0c
0i
#11253584
0t
0s
0r
1y
0c
0i
#11254017
1t
0s
0r
1y
0c
0i
#11254714
0t
0s
0r
1y
0c
0i
#11255149
1t
0s
0r
1y
0c
0i
#11255847
0t
0s
0r
1y
0c
0i
#11256283
1t
0s
0r
1y
0c
0i
#11256984
0t
0s
0r
1y
0c
0i
#11257421
1t
0s
0r
1y
0c
0i
#11258118
0t
0s
0r
1y
0c
0i
#11258557
1t
0s
0r
1y
0c
0i
#11259258
0t
0s
0r
1y
1c
0i
#11259696
1t
0s
0r
1y
1c
0i
#11260403
0t
0s
0r
1y
1c
0i
#11260840
1t
0s
0r
1y
1c
1i
#11261543
0t
0s
0r
1y
1c
1i
#11261983
1t
0s
0r
1y
1c
1i
#11262689
0t
0s
0r
1y
1c
1i
#11263129
1t
0s
0r
1y
1c
0i
#11263839
0t
0s
0r
1y
1c
0i
#11264278
1t
0s
0r
1y
1c
0i
#11264983
0t
0s
0r
1y
1c
0i
#11265424
1t
0s
0r
1y
1c
0i
#11266131
0t
0s
0r
1y
1c
0i
#11266570
1t
0s
0r
1y
1c
0i
#11267280
0t
0s
0r
1y
1c
0i
#11267719
1t
0s
0r
1y
1c
0i
#11268424
0t
0s
0r
1y
1c
0i
#11268867
1t
0s
0r
1y
1c
0i
#11269573
0t
0s
0r
1y
1c
0i
#11270015
1t
0s
0r
1y
1c
0i
#11270725
0t
0s
0r
1y
1c
0i
#11271167
1t
0s
0r
1y
1c
0i
#11271874
0t
0s
0r
1y
1c
0i
#11272317
1t
0s
0r
1y
1c
0i
#11273026
0t
0s
0r
1y
1c
0i
#11273469
1t
0s
0r
1y
1c
0i
#11274181
0t
0s
0r
1y
1c
0i
#11274625
1t
0s
0r
1y
1c
0i
#11275334
0t
0s
0r
1y
1c
0i
#11275780
1t
0s
0r
1y
1c
0i
#11276491
0t
0s
0r
1y
1c
0i
#11276936
1t
0s
0r
1y
1c
0i
#11277652
0t
0s
0r
1y
1c
0i
#11278096
1t
0s
0r
1y
1c
0i
#11279945
0t
0s
0r
1y
1c
0i
#11281228
1t
0s
0r
1y
1c
0i
#11282301
0t
0s
0r
1y
1c
0i
#11282731
1t
0s
0r
1y
1c
0i
#11283450
0t
0s
0r
1y
1c
0i
#11283893
1t
0s
0r
1y
1c
0i
#11284610
0t
0s
0r
1y
1c
0i
#11285054
1t
0s
0r
1y
1c
0i
#11285771
0t
0s
0r
1y
1c
0i
#11286216
1t
0s
0r
1y
1c
0i
#11286933
0t
0s
0r
1y
1c
0i
#11287377
1t
0s
0r
1y
1c
0i
#11288098
0t
0s
0r
1y
1c
0i
#11288541
1t
0s
0r
1y
1c
0i
#11289257
0t
0s
0r
1y
1c
0i
#11289702
1t
0s
0r
1y
1c
0i
#11290420
0t
0s
0r
1y
1c
0i
#11290865
1t
0s
0r
1y
1c
0i
#11291586
0t
0s
0r
1y
1c
0i
#11292032
1t
0s
0r
1y
1c
0i
#11292750
0t
0s
0r
1y
0c
0i
#11293197
1t
0s
0r
1y
0c
0i
#11293918
0t
0s
0r
1y
0c
0i
#11294365
1t
0s
0r
1y
0c
0i
#11295092
0t
0s
0r
1y
0c
1i
#11295538
1t
0s
0r
1y
0c
1i
#11296262
0t
0s
0r
1y
0c
1i
#11296711
1t
0s
0r
1y
0c
1i
#11297437
0t
0s
0r
1y
0c
1i
#11297886
1t
0s
0r
1y
0c
0i
#11298616
0t
0s
0r
1y
0c
0i
#11299063
1t
0s
0r
1y
0c
0i
#11299789
0t
0s
0r
1y
0c
0i
#11300238
1t
0s
0r
1y
0c
0i
#11300965
0t
0s
0r
1y
0c
0i
#11301412
1t
0s
0r
1y
0c
0i
#11302142
0t
0s
0r
1y
0c
0i
#11302587
1t
0s
0r
1y
0c
0i
#11303310
0t
0s
0r
1y
0c
0i
#11303759
1t
0s
0r
1y
0c
0i
#11304481
0t
0s
0r
1y
0c
0i
#11304928
1t
0s
0r
1y
0c
0i
#11305653
0t
0s
0r
1y
0c
0i
#11306097
1t
0s
0r
1y
0c
0i
#11306817
0t
0s
0r
1y
0c
0i
#11307262
1t
0s
0r
1y
0c
0i
#11307983
0t
0s
0r
1y
0c
0i
#11308426
1t
0s
0r
1y
0c
0i
#11309151
0t
0s
0r
1y
0c
0i
#11309592
1t
0s
0r
1y
0c
0i
#11310312
0t
0s
0r
1y
0c
0i
#11310756
1t
0s
0r
1y
0c
0i
#11311477
0t
0s
0r
1y
0c
0i
#11311922
1t
0s
0r
1y
0c
0i
#11312647
0t
0s
0r
1y
0c
0i
#11313090
1t
0s
0r
1y
0c
0i
#11313812
0t
0s
0r
1y
0c
0i
#11314258
1t
0s
0r
1y
0c
0i
#11314981
0t
0s
0r
1y
0c
0i
#11315428
1t
0s
0r
1y
0c
0i
#11316154
0t
0s
0r
1y
0c
0i
#11316601
1t
0s
0r
1y
0c
0i
#11317322
0t
0s
0r
1y
0c
0i
#11317771
1t
0s
0r
1y
0c
0i
#11318495
0t
0s
0r
1y
0c
0i
#11318942
1t
0s
0r
1y
0c
0i
#11319671
0t
0s
0r
1y
0c
0i
#11320117
1t
0s
0r
1y
0c
0i
#11320840
0t
0s
0r
1y
0c
0i
#11321289
1t
0s
0r
1y
0c
0i
#11322013
0t
0s
0r
1y
0c
0i
#11322462
1t
0s
0r
1y
0c
0i
#11323189
0t
0s
0r
1y
0c
0i
#11323637
1t
0s
0r
1y
0c
0i
#11324360
0t
0s
0r
1y
0c
0i
#11324809
1t
0s
0r
1y
0c
0i
#11325535
0t
0s
0r
1y
0c
0i
#11325984
1t
0s
0r
1y
0c
0i
#11326712
0t
0s
0r
1y
0c
0i
#11327163
1t
0s
0r
1y
0c
0i
#11327887
0t
0s
0r
1y
0c
0i
#11328340
1t
0s
0r
1y
1c
0i
#11329068
0t
0s
0r
1y
1c
0i
#11329520
1t
0s
0r
1y
1c
0i
#11330255
0t
0s
0r
1y
1c
1i
#11330706
1t
0s
0r
1y
1c
1i
#11331438
0t
0s
0r
1y
1c
1i
#11331892
1t
0s
0r
1y
1c
1i
#11332627
0t
0s
0r
1y
1c
1i
#11333081
1t
0s
0r
1y
1c
0i
#11333821
0t
0s
0r
1y
1c
0i
#11334274
1t
0s
0r
1y
1c
0i
#11335009
0t
0s
0r
1y
1c
0i
#11335464
1t
0s
0r
1y
1c
0i
#11336200
0t
0s
0r
1y
1c
0i
#11336654
1t
0s
0r
1y
1c
0i
#11337393
0t
0s
0r
1y
1c
0i
#11337847
1t
0s
0r
1y
1c
0i
#11338579
0t
0s
0r
1y
1c
0i
#11339036
1t
0s
0r
1y
1c
0i
#11339769
0t
0s
0r
1y
1c
0i
#11340225
1t
0s
0r
1y
1c
0i
#11340960
0t
0s
0r
1y
1c
0i
#11341414
1t
0s
0r
1y
1c
0i
#11342145
0t
0s
0r
1y
1c
0i
#11342599
1t
0s
0r
1y
1c
0i
#11343331
0t
0s
0r
1y
1c
0i
#11343785
1t
0s
0r
1y
1c
0i
#11344518
0t
0s
0r
1y
1c
0i
#11344972
1t
0s
0r
1y
1c
0i
#11345701
0t
0s
0r
1y
1c
0i
#11346156
1t
0s
0r
1y
1c
0i
#11346887
0t
0s
0r
1y
1c
0i
#11347341
1t
0s
0r
1y
1c
0i
#11348076
0t
0s
0r
1y
1c
0i
#11348529
1t
0s
0r
1y
1c
0i
#11350425
0t
0s
0r
1y
1c
0i
#11351739
1t
0s
0r
1y
1c
0i
#11352840
0t
0s
0r
1y
1c
0i
#11353281
1t
0s
0r
1y
1c
0i
#11354021
0t
0s
0r
1y
1c
0i
#11354473
1t
0s
0r
1y
1c
0i
#11355210
0t
0s
0r
1y
1c
0i
#11355664
1t
0s
0r
1y
1c
0i
#11356401
0t
0s
0r
1y
1c
0i
#11356856
1t
0s
0r
1y
1c
0i
#11357593
0t
0s
0r
1y
1c
0i
#11358047
1t
0s
0r
1y
1c
0i
#11358789
0t
0s
0r
1y
1c
0i
#11359241
1t
0s
0r
1y
1c
0i
#11359977
0t
0s
0r
1y
1c
0i
#11360432
1t
0s
0r
1y
1c
0i
#11361171
0t
0s
0r
1y
1c
0i
#11361626
1t
0s
0r
1y
1c
0i
#11362367
0t
0s
0r
1y
1c
0i
#11362823
1t
0s
0r
1y
0c
0i
#11363562
0t
0s
0r
1y
0c
0i
#11364020
1t
0s
0r
1y
0c
0i
#11364762
0t
0s
0r
1y
0c
0i
#11365219
1t
0s
0r
1y
0c
0i
#11365967
0t
0s
0r
1y
0c
0i
#11366423
1t
0s
0r
1y
0c
1i
#11367170
0t
0s
0r
1y
0c
1i
#11367628
1t
0s
0r
1y
0c
1i
#11368205
1t
0s
1r
1y
0c
1i
#11368208
1t
0s
0r
1y
0c
1i
#11368378
0t
0s
0r
1y
0c
1i
#11368837
1t
0s
0r
1y
0c
0i
#11369590
0t
0s
0r
1y
0c
0i
#11370048
1t
0s
0r
1y
0c
0i
#11370797
0t
0s
0r
1y
0c
0i
#11371257
1t
0s
0r
1y
0c
0i
#11372007
0t
0s
0r
1y
0c
0i
#11372466
1t
0s
0r
1y
0c
0i
#11373219
0t
0s
0r
1y
0c
0i
#11373676
1t
0s
0r
1y
0c
0i
#11374424
0t
0s
0r
1y
0c
0i
#11374885
1t
0s
0r
1y
0c
0i
#11375633
0t
0s
0r
1y
0c
0i
#11376092
1t
0s
0r
1y
0c
0i
#11376844
0t
0s
0r
1y
0c
0i
#11377301
1t
0s
0r
1y
0c
0i
#11378050
0t
0s
0r
1y
0c
0i
#11378507
1t
0s
0r
1y
0c
0i
#11379257
0t
0s
0r
1y
0c
0i
#11379713
1t
0s
0r
1y
0c
0i
#11380466
0t
0s
0r
1y
0c
0i
#11380921
1t
0s
0r
1y
0c
0i
#11381669
0t
0s
0r
1y
0c
0i
#11382126
1t
0s
0r
1y
0c
0i
#11382875
0t
0s
0r
1y
0c
0i
#11383332
1t
0s
0r
1y
0c
0i
#11384086
0t
0s
0r
1y
0c
0i
#11384541
1t
0s
0r
1y
0c
0i
#11385291
0t
0s
0r
1y
0c
0i
#11385749
1t
0s
0r
1y
0c
0i
#11386499
0t
0s
0r
1y
0c
0i
#11386960
1t
0s
0r
1y
0c
0i
#11387713
0t
0s
0r
1y
0c
0i
#11388172
1t
0s
0r
1y
0c
0i
#11388921
0t
0s
0r
1y
0c
0i
#11389382
1t
0s
0r
1y
0c
0i
#11390134
0t
0s
0r
1y
0c
0i
#11390593
1t
0s
0r
1y
0c
0i
#11391349
0t
0s
0r
1y
0c
0i
#11391808
1t
0s
0r
1y
0c
0i
#11392559
0t
0s
0r
1y
0c
0i
#11393021
1t
0s
0r
1y
0c
0i
#11393773
0t
0s
0r
1y
0c
0i
#11394235
1t
0s
0r
1y
0c
0i
#11394990
0t
0s
0r
1y
0c
0i
#11395452
1t
0s
0r
1y
0c
0i
#11396203
0t
0s
0r
1y
0c
0i
#11396666
1t
0s
0r
1y
0c
0i
#11397421
0t
0s
0r
1y
0c
0i
#11397884
1t
0s
0r
1y
0c
0i
#11398641
0t
0s
0r
1y
0c
0i
#11399106
1t
0s
0r
1y
1c
0i
#11399859
0t
0s
0r
1y
1c
0i
#11400326
1t
0s
0r
1y
1c
0i
#11401085
0t
0s
0r
1y
1c
0i
#11401551
1t
0s
0r
1y
1c
0i
#11402316
0t
0s
0r
1y
1c
0i
#11402781
1t
0s
0r
1y
1c
1i
#11403544
0t
0s
0r
1y
1c
1i
#11404012
1t
0s
0r
1y
1c
1i
#11404778
0t
0s
0r
1y
1c
1i
#11405246
1t
0s
0r
1y
1c
0i
#11406016
0t
0s
0r
1y
1c
0i
#11406483
1t
0s
0r
1y
1c
0i
#11407248
0t
0s
0r
1y
1c
0i
#11407718
1t
0s
0r
1y
1c
0i
#11408483
0t
0s
0r
1y
1c
0i
#11408952
1t
0s
0r
1y
1c
0i
#11409719
0t
0s
0r
1y
1c
0i
#11410186
1t
0s
0r
1y
1c
0i
#11410946
0t
0s
0r
1y
1c
0i
#11411415
1t
0s
0r
1y
1c
0i
#11412175
0t
0s
0r
1y
1c
0i
#11412641
1t
0s
0r
1y
1c
0i
#11413402
0t
0s
0r
1y
1c
0i
#11413867
1t
0s
0r
1y
1c
0i
#11414621
0t
0s
0r
1y
1c
0i
#11415087
1t
0s
0r
1y
1c
0i
#11415841
0t
0s
0r
1y
1c
0i
#11416306
1t
0s
0r
1y
1c
0i
#11417063
0t
0s
0r
1y
1c
0i
#11417529
1t
0s
0r
1y
1c
0i
#11418281
0t
0s
0r
1y
1c
0i
#11418748
1t
0s
0r
1y
1c
0i
#11419503
0t
0s
0r
1y
1c
0i
#11419969
1t
0s
0r
1y
1c
0i
#11420729
0t
0s
0r
1y
1c
0i
#11421193
1t
0s
0r
1y
1c
0i
#11423151
0t
0s
0r
1y
1c
0i
#11424501
1t
0s
0r
1y
1c
0i
#11425640
0t
0s
0r
1y
1c
0i
#11426092
1t
0s
0r
1y
1c
0i
#11426856
0t
0s
0r
1y
1c
0i
#11427321
1t
0s
0r
1y
1c
0i
#11428082
0t
0s
0r
1y
1c
0i
#11428548
1t
0s
0r
1y
1c
0i
#11429309
0t
0s
0r
1y
1c
0i
#11429777
1t
0s
0r
1y
1c
0i
#11430538
0t
0s
0r
1y
1c
0i
#11431005
1t
0s
0r
1y
1c
0i
#11431770
0t
0s
0r
1y
1c
0i
#11432235
1t
0s
0r
1y
1c
0i
#11432997
0t
0s
0r
1y
1c
0i
#11433464
1t
0s
0r
1y
1c
0i
#11434228
0t
0s
0r
1y
1c
0i
#11434695
1t
0s
0r
1y
1c
0i
#11435464
0t
0s
0r
1y
1c
0i
#11435933
1t
0s
0r
1y
0c
0i
#11436699
0t
0s
0r
1y
0c
0i
#11437169
1t
0s
0r
1y
0c
0i
#11437940
0t
0s
0r
1y
0c
0i
#11438410
1t
0s
0r
1y
0c
0i
#11439187
0t
0s
0r
1y
0c
0i
#11439657
1t
0s
0r
1y
0c
1i
#11440432
0t
0s
0r
1y
0c
1i
#11440905
1t
0s
0r
1y
0c
1i
#11441683
0t
0s
0r
1y
0c
1i
#11442156
1t
0s
0r
1y
0c
0i
#11442939
0t
0s
0r
1y
0c
0i
#11443411
1t
0s
0r
1y
0c
0i
#11444188
0t
0s
0r
1y
0c
0i
#11444662
1t
0s
0r
1y
0c
0i
#11445441
0t
0s
0r
1y
0c
0i
#11445912
1t
0s
0r
1y
0c
0i
#11446693
0t
0s
0r
1y
0c
0i
#11447163
1t
0s
0r
1y
0c
0i
#11447937
0t
0s
0r
1y
0c
0i
#11448410
1t
0s
0r
1y
0c
0i
#11449184
0t
0s
0r
1y
0c
0i
#11449654
1t
0s
0r
1y
0c
0i
#11450430
0t
0s
0r
1y
0c
0i
#11450898
1t
0s
0r
1y
0c
0i
#11451669
0t
0s
0r
1y
0c
0i
#11452138
1t
0s
0r
1y
0c
0i
#11452910
0t
0s
0r
1y
0c
0i
#11453378
1t
0s
0r
1y
0c
0i
#11454152
0t
0s
0r
1y
0c
0i
#11454618
1t
0s
0r
1y
0c
0i
#11455387
0t
0s
0r
1y
0c
0i
#11455855
1t
0s
0r
1y
0c
0i
#11456627
0t
0s
0r
1y
0c
0i
#11457094
1t
0s
0r
1y
0c
0i
#11457870
0t
0s
0r
1y
0c
0i
#11458336
1t
0s
0r
1y
0c
0i
#11459108
0t
0s
0r
1y
0c
0i
#11459577
1t
0s
0r
1y
0c
0i
#11460349
0t
0s
0r
1y
0c
0i
#11460820
1t
0s
0r
1y
0c
0i
#11461596
0t
0s
0r
1y
0c
0i
#11462065
1t
0s
0r
1y
0c
0i
#11462836
0t
0s
0r
1y
0c
0i
#11463308
1t
0s
0r
1y
0c
0i
#11464082
0t
0s
0r
1y
0c
0i
#11464552
1t
0s
0r
1y
0c
0i
#11465330
0t
0s
0r
1y
0c
0i
#11465799
1t
0s
0r
1y
0c
0i
#11466571
0t
0s
0r
1y
0c
0i
#11467044
1t
0s
0r
1y
0c
0i
#11467817
0t
0s
0r
1y
0c
0i
#11468290
1t
0s
0r
1y
0c
0i
#11469067
0t
0s
0r
1y
0c
0i
#11469538
1t
0s
0r
1y
0c
0i
#11470311
0t
0s
0r
1y
0c
0i
#11470784
1t
0s
0r
1y
0c
0i
#11471560
0t
0s
0r
1y
0c
0i
#11472034
1t
0s
0r
1y
0c
0i
#11472814
0t
0s
0r
1y
1c
0i
#11473289
1t
0s
0r
1y
1c
0i
#11474064
0t
0s
0r
1y
1c
0i
#11474542
1t
0s
0r
1y
1c
0i
#11475323
0t
0s
0r
1y
1c
0i
#11475800
1t
0s
0r
1y
1c
0i
#11476588
0t
0s
0r
1y
1c
0i
#11477065
1t
0s
0r
1y
1c
1i
#11477850
0t
0s
0r
1y
1c
1i
#11478330
1t
0s
0r
1y
1c
1i
#11479119
0t
0s
0r
1y
1c
1i
#11479599
1t
0s
0r
1y
1c
0i
#11480393
0t
0s
0r
1y
1c
0i
#11480871
1t
0s
0r
1y
1c
0i
#11481660
0t
0s
0r
1y
1c
0i
#11482140
1t
0s
0r
1y
1c
0i
#11482930
0t
0s
0r
1y
1c
0i
#11483409
1t
0s
0r
1y
1c
0i
#11484200
0t
0s
0r
1y
1c
0i
#11484677
1t
0s
0r
1y
1c
0i
#11485459
0t
0s
0r
1y
1c
0i
#11485940
1t
0s
0r
1y
1c
0i
#11486721
0t
0s
0r
1y
1c
0i
#11487199
1t
0s
0r
1y
1c
0i
#11487981
0t
0s
0r
1y
1c
0i
#11488455
1t
0s
0r
1y
1c
0i
#11489231
0t
0s
0r
1y
1c
0i
#11489706
1t
0s
0r
1y
1c
0i
#11490483
0t
0s
0r
1y
1c
0i
#11490957
1t
0s
0r
1y
1c
0i
#11491735
0t
0s
0r
1y
1c
0i
#11492210
1t
0s
0r
1y
1c
0i
#11492983
0t
0s
0r
1y
1c
0i
#11493460
1t
0s
0r
1y
1c
0i
#11494236
0t
0s
0r
1y
1c
0i
#11494712
1t
0s
0r
1y
1c
0i
#11495493
0t
0s
0r
1y
1c
0i
#11495967
1t
0s
0r
1y
1c
0i
#11497977
0t
0s
0r
1y
1c
0i
#11499357
1t
0s
0r
1y
1c
0i
#11500530
0t
0s
0r
1y
1c
0i
#11500992
1t
0s
0r
1y
1c
0i
#11501777
0t
0s
0r
1y
1c
0i
#11502252
1t
0s
0r
1y
1c
0i
#11503035
0t
0s
0r
1y
1c
0i
#11503511
1t
0s
0r
1y
1c
0i
#11504294
0t
0s
0r
1y
1c
0i
#11504772
1t
0s
0r
1y
1c
0i
#11505555
0t
0s
0r
1y
1c
0i
#11506032
1t
0s
0r
1y
1c
0i
#11506820
0t
0s
0r
1y
1c
0i
#11507295
1t
0s
0r
1y
1c
0i
#11508079
0t
0s
0r
1y
1c
0i
#11508556
1t
0s
0r
1y
1c
0i
#11509342
0t
0s
0r
1y
1c
0i
#11509820
1t
0s
0r
1y
1c
0i
#11510611
0t
0s
0r
1y
1c
0i
#11511090
1t
0s
0r
1y
0c
0i
#11511878
0t
0s
0r
1y
0c
0i
#11512359
1t
0s
0r
1y
0c
0i
#11513152
0t
0s
0r
1y
0c
0i
#11513633
1t
0s
0r
1y
0c
0i
#11514434
0t
0s
0r
1y
0c
0i
#11514913
1t
0s
0r
1y
0c
0i
#11515711
0t
0s
0r
1y
0c
1i
#11516195
1t
0s
0r
1y
0c
1i
#11517000
1t
0s
1r
1y
0c
1i
#11517002
1t
0s
0r
1y
0c
1i
#4306484292
0t
0s
0r
1y
0c
1i
#4306484777
1t
0s
0r
1y
0c
1i
#4306485582
0t
0s
0r
1y
0c
0i
#4306486065
1t
0s
0r
1y
0c
0i
#4306486866
0t
0s
0r
1y
0c
0i
#4306487350
1t
0s
0r
1y
0c
0i
#4306488153
0t
0s
0r
1y
0c
0i
#4306488635
1t
0s
0r
1y
0c
0i
#4306489439
0t
0s
0r
1y
0c
0i
#4306489919
1t
0s
0r
1y
0c
0i
#4306490716
0t
0s
0r
1y
0c
0i
#4306491199
1t
0s
0r
1y
0c
0i
#4306491996
0t
0s
0r
1y
0c
0i
#4306492476
1t
0s
0r
1y
0c
0i
#4306493275
0t
0s
0r
1y
0c
0i
#4306493753
1t
0s
0r
1y
0c
0i
#4306494546
0t
0s
0r
1y
0c
0i
#4306495025
1t
0s
0r
1y
0c
0i
#4306495819
0t
0s
0r
1y
0c
0i
#4306496297
1t
0s
0r
1y
0c
0i
#4306497095
0t
0s
0r
1y
0c
0i
#4306497571
1t
0s
0r
1y
0c
0i
#4306498363
0t
0s
0r
1y
0c
0i
#4306498842
1t
0s
0r
1y
0c
0i
#4306499637
0t
0s
0r
1y
0c
0i
#4306500116
1t
0s
0r
1y
0c
0i
#4306500916
0t
0s
0r
1y
0c
0i
#4306501393
1t
0s
0r
1y
0c
0i
#4306502190
0t
0s
0r
1y
0c
0i
#4306502670
1t
0s
0r
1y
0c
0i
#4306503467
0t
0s
0r
1y
0c
0i
#4306503950
1t
0s
0r
1y
0c
0i
#4306504750
0t
0s
0r
1y
0c
0i
#4306505231
1t
0s
0r
1y
0c
0i
#4306506028
0t
0s
0r
1y
0c
0i
#4306506511
1t
0s
0r
1y
0c
0i
#4306507310
0t
0s
0r
1y
0c
0i
#4306507793
1t
0s
0r
1y
0c
0i
#4306508597
0t
0s
0r
1y
0c
0i
#4306509078
1t
0s
0r
1y
0c
0i
#4306509876
0t
0s
0r
1y
0c
0i
#4306510361
1t
0s
0r
1y
0c
0i
#4306511160
0t
0s
0r
1y
0c
0i
#4306511645
1t
0s
0r
1y
0c
0i
#4306512449
0t
0s
0r
1y
0c
0i
#4306512933
1t
0s
0r
1y
0c
0i
#4306513734
0t
0s
0r
1y
0c
0i
#4306514219
1t
0s
0r
1y
0c
0i
#4306515023
0t
0s
0r
1y
0c
0i
#4306515509
1t
0s
0r
1y
0c
0i
#4306516317
0t
0s
0r
1y
1c
0i
#4306516806
1t
0s
0r
1y
1c
0i
#4306517610
0t
0s
0r
1y
1c
0i
#4306518101
1t
0s
0r
1y
1c
0i
#4306518912
0t
0s
0r
1y
1c
0i
#4306519403
1t
0s
0r
1y
1c
0i
#4306520221
0t
0s
0r
1y
1c
0i
#4306520711
1t
0s
0r
1y
1c
1i
#4306521527
0t
0s
0r
1y
1c
1i
#4306522021
1t
0s
0r
1y
1c
1i
#4306522840
0t
0s
0r
1y
1c
1i
#4306523335
1t
0s
0r
1y
1c
0i
#4306524160
0t
0s
0r
1y
1c
0i
#4306524652
1t
0s
0r
1y
1c
0i
#4306525470
0t
0s
0r
1y
1c
0i
#4306525964
1t
0s
0r
1y
1c
0i
#4306526782
0t
0s
0r
1y
1c
0i
#4306527275
1t
0s
0r
1y
1c
0i
#4306528092
0t
0s
0r
1y
1c
0i
#4306528582
1t
0s
0r
1y
1c
0i
#4306529388
0t
0s
0r
1y
1c
0i
#4306529880
1t
0s
0r
1y
1c
0i
#4306530684
0t
0s
0r
1y
1c
0i
#4306531172
1t
0s
0r
1y
1c
0i
#4306531977
0t
0s
0r
1y
1c
0i
#4306532461
1t
0s
0r
1y
1c
0i
#4306533258
0t
0s
0r
1y
1c
0i
#4306533744
1t
0s
0r
1y
1c
0i
#4306534542
0t
0s
0r
1y
1c
0i
#4306535027
1t
0s
0r
1y
1c
0i
#4306535828
0t
0s
0r
1y
1c
0i
#4306536314
1t
0s
0r
1y
1c
0i
#4306537109
0t
0s
0r
1y
1c
0i
#4306537598
1t
0s
0r
1y
1c
0i
#4306538397
0t
0s
0r
1y
1c
0i
#4306538885
1t
0s
0r
1y
1c
0i
#4306539689
0t
0s
0r
1y
1c
0i
#4306540176
1t
0s
0r
1y
1c
0i
#4306542245
0t
0s
0r
1y
1c
0i
#4306543662
1t
0s
0r
1y
1c
0i
#4306544870
0t
0s
0r
1y
1c
0i
#4306545343
1t
0s
0r
1y
1c
0i
#4306546152
0t
0s
0r
1y
1c
0i
#4306546639
1t
0s
0r
1y
1c
0i
#4306547446
0t
0s
0r
1y
1c
0i
#4306547934
1t
0s
0r
1y
1c
0i
#4306548741
0t
0s
0r
1y
1c
0i
#4306549231
1t
0s
0r
1y
1c
0i
#4306550038
0t
0s
0r
1y
1c
0i
#4306550527
1t
0s
0r
1y
1c
0i
#4306551339
0t
0s
0r
1y
1c
0i
#4306551827
1t
0s
0r
1y
1c
0i
#4306552635
0t
0s
0r
1y
1c
0i
#4306553125
1t
0s
0r
1y
1c
0i
#4306553937
0t
0s
0r
1y
1c
0i
#4306554427
1t
0s
0r
1y
1c
0i
#4306555244
0t
0s
0r
1y
0c
0i
#4306555735
1t
0s
0r
1y
0c
0i
#4306556549
0t
0s
0r
1y
0c
0i
#4306557043
1t
0s
0r
1y
0c
0i
#4306557863
0t
0s
0r
1y
0c
0i
#4306558356
1t
0s
0r
1y
0c
0i
#4306559184
0t
0s
0r
1y
0c
0i
#4306559677
1t
0s
0r
1y
0c
1i
#4306560502
0t
0s
0r
1y
0c
1i
#4306560999
1t
0s
0r
1y
0c
1i
#4306561828
0t
0s
0r
1y
0c
1i
#4306562325
1t
0s
0r
1y
0c
0i
#4306563158
0t
0s
0r
1y
0c
0i
#4306563654
1t
0s
0r
1y
0c
0i
#4306564482
0t
0s
0r
1y
0c
0i
#4306564979
1t
0s
0r
1y
0c
0i
#4306565808
0t
0s
0r
1y
0c
0i
#4306566302
1t
0s
0r
1y
0c
0i
#4306567132
0t
0s
0r
1y
0c
0i
#4306567623
1t
0s
0r
1y
0c
0i
#4306568443
0t
0s
0r
1y
0c
0i
#4306568937
1t
0s
0r
1y
0c
0i
#4306569753
0t
0s
0r
1y
0c
0i
#4306570244
1t
0s
0r
1y
0c
0i
#4306571060
0t
0s
0r
1y
0c
0i
#4306571546
1t
0s
0r
1y
0c
0i
#4306572355
0t
0s
0r
1y
0c
0i
#4306572842
1t
0s
0r
1y
0c
0i
#4306573651
0t
0s
0r
1y
0c
0i
#4306574136
1t
0s
0r
1y
0c
0i
#4306574947
0t
0s
0r
1y
0c
0i
#4306575430
1t
0s
0r
1y
0c
0i
#4306576236
0t
0s
0r
1y
0c
0i
#4306576721
1t
0s
0r
1y
0c
0i
#4306577530
0t
0s
0r
1y
0c
0i
#4306578015
1t
0s
0r
1y
0c
0i
#4306578828
0t
0s
0r
1y
0c
0i
#4306579311
1t
0s
0r
1y
0c
0i
#4306580121
0t
0s
0r
1y
0c
0i
#4306580608
1t
0s
0r
1y
0c
0i
#4306581417
0t
0s
0r
1y
0c
0i
#4306581907
1t
0s
0r
1y
0c
0i
#4306582720
0t
0s
0r
1y
0c
0i
#4306583207
1t
0s
0r
1y
0c
0i
#4306584016
0t
0s
0r
1y
0c
0i
#4306584506
1t
0s
0r
1y
0c
0i
#4306585317
0t
0s
0r
1y
0c
0i
#4306585806
1t
0s
0r
1y
0c
0i
#4306586621
0t
0s
0r
1y
0c
0i
#4306587108
1t
0s
0r
1y
0c
0i
#4306587917
0t
0s
0r
1y
0c
0i
#4306588408
1t
0s
0r
1y
0c
0i
#4306589220
0t
0s
0r
1y
0c
0i
#4306589709
1t
0s
0r
1y
0c
0i
#4306590525
0t
0s
0r
1y
0c
0i
#4306591014
1t
0s
0r
1y
0c
0i
#4306591825
0t
0s
0r
1y
0c
0i
#4306592317
1t
0s
0r
1y
0c
0i
#4306593132
0t
0s
0r
1y
0c
0i
#4306593624
1t
0s
0r
1y
0c
0i
#4306594444
0t
0s
0r
1y
1c
0i
#4306594939
1t
0s
0r
1y
1c
0i
#4306595756
0t
0s
0r
1y
1c
0i
#4306596253
1t
0s
0r
1y
1c
0i
#4306597076
0t
0s
0r
1y
1c
0i
#4306597574
1t
0s
0r
1y
1c
0i
#4306598405
0t
0s
0r
1y
1c
0i
#4306598903
1t
0s
0r
1y
1c
1i
#4306599733
0t
0s
0r
1y
1c
1i
#4306600234
1t
0s
0r
1y
1c
1i
#4306601068
0t
0s
0r
1y
1c
1i
#4306601569
1t
0s
0r
1y
1c
0i
#4306602409
0t
0s
0r
1y
1c
0i
#4306602908
1t
0s
0r
1y
1c
0i
#4306603742
0t
0s
0r
1y
1c
0i
#4306604243
1t
0s
0r
1y
1c
0i
#4306605076
0t
0s
0r
1y
1c
0i
#4306605576
1t
0s
0r
1y
1c
0i
#4306606408
0t
0s
0r
1y
1c
0i
#4306606904
1t
0s
0r
1y
1c
0i
#4306607726
0t
0s
0r
1y
1c
0i
#4306608224
1t
0s
0r
1y
1c
0i
#4306609041
0t
0s
0r
1y
1c
0i
#4306609535
1t
0s
0r
1y
1c
0i
#4306610354
0t
0s
0r
1y
1c
0i
#4306610844
1t
0s
0r
1y
1c
0i
#4306611653
0t
0s
0r
1y
1c
0i
#4306612145
1t
0s
0r
1y
1c
0i
#4306612955
0t
0s
0r
1y
1c
0i
#4306613446
1t
0s
0r
1y
1c
0i
#4306614258
0t
0s
0r
1y
1c
0i
#4306614749
1t
0s
0r
1y
1c
0i
#4306615556
0t
0s
0r
1y
1c
0i
#4306616049
1t
0s
0r
1y
1c
0i
#4306616860
0t
0s
0r
1y
1c
0i
#4306617352
1t
0s
0r
1y
1c
0i
#4306618168
0t
0s
0r
1y
1c
0i
#4306618659
1t
0s
0r
1y
1c
0i
#4306620754
0t
0s
0r
1y
1c
0i
#4306622186
1t
0s
0r
1y
1c
0i
#4306623409
0t
0s
0r
1y
1c
0i
#4306623886
1t
0s
0r
1y
1c
0i
#4306624705
0t
0s
0r
1y
1c
0i
#4306625197
1t
0s
0r
1y
1c
0i
#4306626014
0t
0s
0r
1y
1c
0i
#4306626506
1t
0s
0r
1y
1c
0i
#4306627322
0t
0s
0r
1y
1c
0i
#4306627816
1t
0s
0r
1y
1c
0i
#4306628633
0t
0s
0r
1y
1c
0i
#4306629126
1t
0s
0r
1y
1c
0i
#4306629947
0t
0s
0r
1y
1c
0i
#4306630439
1t
0s
0r
1y
1c
0i
#4306631256
0t
0s
0r
1y
1c
0i
#4306631750
1t
0s
0r
1y
1c
0i
#4306632572
0t
0s
0r
1y
1c
0i
#4306633066
1t
0s
0r
1y
1c
0i
#4306633892
0t
0s
0r
1y
0c
0i
#4306634389
1t
0s
0r
1y
0c
0i
#4306635212
0t
0s
0r
1y
0c
0i
#4306635711
1t
0s
0r
1y
0c
0i
#4306636541
0t
0s
0r
1y
0c
0i
#4306637040
1t
0s
0r
1y
0c
0i
#4306637878
0t
0s
0r
1y
0c
0i
#4306638376
1t
0s
0r
1y
0c
0i
#4306639213
0t
0s
0r
1y
0c
1i
#4306639715
1t
0s
0r
1y
0c
1i
#4306640556
0t
0s
0r
1y
0c
1i
#4306640772
0t
0s
1r
1y
0c
1i
#4306640775
0t
0s
0r
1y
0c
1i
#4306641059
1t
0s
0r
1y
0c
1i
#4306641904
0t
0s
0r
1y
0c
0i
#4306642406
1t
0s
0r
1y
0c
0i
#4306643246
0t
0s
0r
1y
0c
0i
#4306643749
1t
0s
0r
1y
0c
0i
#4306644590
0t
0s
0r
1y
0c
0i
#4306645090
1t
0s
0r
1y
0c
0i
#4306645932
0t
0s
0r
1y
0c
0i
#4306646429
1t
0s
0r
1y
0c
0i
#4306647262
0t
0s
0r
1y
0c
0i
#4306647761
1t
0s
0r
1y
0c
0i
#4306648592
0t
0s
0r
1y
0c
0i
#4306649087
1t
0s
0r
1y
0c
0i
#4306649918
0t
0s
0r
1y
0c
0i
#4306650410
1t
0s
0r
1y
0c
0i
#4306651234
0t
0s
0r
1y
0c
0i
#4306651727
1t
0s
0r
1y
0c
0i
#4306652550
0t
0s
0r
1y
0c
0i
#4306653042
1t
0s
0r
1y
0c
0i
#4306653869
0t
0s
0r
1y
0c
0i
#4306654358
1t
0s
0r
1y
0c
0i
#4306655180
0t
0s
0r
1y
0c
0i
#4306655672
1t
0s
0r
1y
0c
0i
#4306656496
0t
0s
0r
1y
0c
0i
#4306656988
1t
0s
0r
1y
0c
0i
#4306657817
0t
0s
0r
1y
0c
0i
#4306658308
1t
0s
0r
1y
0c
0i
#4306659133
0t
0s
0r
1y
0c
0i
#4306659627
1t
0s
0r
1y
0c
0i
#4306660454
0t
0s
0r
1y
0c
0i
#4306660949
1t
0s
0r
1y
0c
0i
#4306661779
0t
0s
0r
1y
0c
0i
#4306662273
1t
0s
0r
1y
0c
0i
#4306663097
0t
0s
0r
1y
0c
0i
#4306663594
1t
0s
0r
1y
0c
0i
#4306664421
0t
0s
0r
1y
0c
0i
#4306664917
1t
0s
0r
1y
0c
0i
#4306665749
0t
0s
0r
1y
0c
0i
#4306666242
1t
0s
0r
1y
0c
0i
#4306667068
0t
0s
0r
1y
0c
0i
#4306667566
1t
0s
0r
1y
0c
0i
#4306668393
0t
0s
0r
1y
0c
0i
#4306668891
1t
0s
0r
1y
0c
0i
#4306669724
0t
0s
0r
1y
0c
0i
#4306670220
1t
0s
0r
1y
0c
0i
#4306671049
0t
0s
0r
1y
0c
0i
#4306671549
1t
0s
0r
1y
0c
0i
#4306672381
0t
0s
0r
1y
0c
0i
#4306672882
1t
0s
0r
1y
1c
0i
#4306673720
0t
0s
0r
1y
1c
0i
#4306674222
1t
0s
0r
1y
1c
0i
#4306675057
0t
0s
0r
1y
1c
0i
#4306675563
1t
0s
0r
1y
1c
0i
#4306676405
0t
0s
0r
1y
1c
0i
#4306676911
1t
0s
0r
1y
1c
0i
#4306677762
0t
0s
0r
1y
1c
0i
#4306678267
1t
0s
0r
1y
1c
0i
#4306679116
0t
0s
0r
1y
1c
1i
#4306679625
1t
0s
0r
1y
1c
1i
#4306680479
0t
0s
0r
1y
1c
1i
#4306680988
1t
0s
0r
1y
1c
1i
#4306681846
0t
0s
0r
1y
1c
0i
#4306682354
1t
0s
0r
1y
1c
0i
#4306683204
0t
0s
0r
1y
1c
0i
#4306683714
1t
0s
0r
1y
1c
0i
#4306684565
0t
0s
0r
1y
1c
0i
#4306685073
1t
0s
0r
1y
1c
0i
#4306685924
0t
0s
0r
1y
1c
0i
#4306686429
1t
0s
0r
1y
1c
0i
#4306687269
0t
0s
0r
1y
1c
0i
#4306687776
1t
0s
0r
1y
1c
0i
#4306688613
0t
0s
0r
1y
1c
0i
#4306689118
1t
0s
0r
1y
1c
0i
#4306689956
0t
0s
0r
1y
1c
0i
#4306690457
1t
0s
0r
1y
1c
0i
#4306691288
0t
0s
0r
1y
1c
0i
#4306691791
1t
0s
0r
1y
1c
0i
#4306692622
0t
0s
0r
1y
1c
0i
#4306693123
1t
0s
0r
1y
1c
0i
#4306693957
0t
0s
0r
1y
1c
0i
#4306694458
1t
0s
0r
1y
1c
0i
#4306695287
0t
0s
0r
1y
1c
0i
#4306695791
1t
0s
0r
1y
1c
0i
#4306696622
0t
0s
0r
1y
1c
0i
#4306697124
1t
0s
0r
1y
1c
0i
#4306697960
0t
0s
0r
1y
1c
0i
#4306698462
1t
0s
0r
1y
1c
0i
#4306700607
0t
0s
0r
1y
1c
0i
#4306702069
1t
0s
0r
1y
1c
0i
#4306703321
0t
0s
0r
1y
1c
0i
#4306703809
1t
0s
0r
1y
1c
0i
#4306704648
0t
0s
0r
1y
1c
0i
#4306705149
1t
0s
0r
1y
1c
0i
#4306705986
0t
0s
0r
1y
1c
0i
#4306706488
1t
0s
0r
1y
1c
0i
#4306707326
0t
0s
0r
1y
1c
0i
#4306707829
1t
0s
0r
1y
1c
0i
#4306708668
0t
0s
0r
1y
1c
0i
#4306709170
1t
0s
0r
1y
1c
0i
#4306710014
0t
0s
0r
1y
1c
0i
#4306710515
1t
0s
0r
1y
1c
0i
#4306711355
0t
0s
0r
1y
1c
0i
#4306711859
1t
0s
0r
1y
1c
0i
#4306712703
0t
0s
0r
1y
1c
0i
#4306713208
1t
0s
0r
1y
0c
0i
#4306714058
0t
0s
0r
1y
0c
0i
#4306714565
1t
0s
0r
1y
0c
0i
#4306715413
0t
0s
0r
1y
0c
0i
#4306715923
1t
0s
0r
1y
0c
0i
#4306716777
0t
0s
0r
1y
0c
0i
#4306717287
1t
0s
0r
1y
0c
0i
#4306718150
0t
0s
0r
1y
0c
0i
#4306718660
1t
0s
0r
1y
0c
1i
#4306719520
0t
0s
0r
1y
0c
1i
#4306720034
1t
0s
0r
1y
0c
1i
#4306720899
0t
0s
0r
1y
0c
1i
#4306721414
1t
0s
0r
1y
0c
1i
#4306722283
0t
0s
0r
1y
0c
0i
#4306722796
1t
0s
0r
1y
0c
0i
#4306723659
0t
0s
0r
1y
0c
0i
#4306724173
1t
0s
0r
1y
0c
0i
#4306725034
0t
0s
0r
1y
0c
0i
#4306725544
1t
0s
0r
1y
0c
0i
#4306726404
0t
0s
0r
1y
0c
0i
#4306726909
1t
0s
0r
1y
0c
0i
#4306727756
0t
0s
0r
1y
0c
0i
#4306728262
1t
0s
0r
1y
0c
0i
#4306729104
0t
0s
0r
1y
0c
0i
#4306729606
1t
0s
0r
1y
0c
0i
#4306730446
0t
0s
0r
1y
0c
0i
#4306730943
1t
0s
0r
1y
0c
0i
#4306731776
0t
0s
0r
1y
0c
0i
#4306732274
1t
0s
0r
1y
0c
0i
#4306733107
0t
0s
0r
1y
0c
0i
#4306733603
1t
0s
0r
1y
0c
0i
#4306734438
0t
0s
0r
1y
0c
0i
#4306734933
1t
0s
0r
1y
0c
0i
#4306735764
0t
0s
0r
1y
0c
0i
#4306736261
1t
0s
0r
1y
0c
0i
#4306737094
0t
0s
0r
1y
0c
0i
#4306737592
1t
0s
0r
1y
0c
0i
#4306738430
0t
0s
0r
1y
0c
0i
#4306738925
1t
0s
0r
1y
0c
0i
#4306739759
0t
0s
0r
1y
0c
0i
#4306740258
1t
0s
0r
1y
0c
0i
#4306741093
0t
0s
0r
1y
0c
0i
#4306741593
1t
0s
0r
1y
0c
0i
#4306742430
0t
0s
0r
1y
0c
0i
#4306742929
1t
0s
0r
1y
0c
0i
#4306743762
0t
0s
0r
1y
0c
0i
#4306744261
1t
0s
0r
1y
0c
0i
#4306745096
0t
0s
0r
1y
0c
0i
#4306745595
1t
0s
0r
1y
0c
0i
#4306746434
0t
0s
0r
1y
0c
0i
#4306746932
1t
0s
0r
1y
0c
0i
#4306747765
0t
0s
0r
1y
0c
0i
#4306748267
1t
0s
0r
1y
0c
0i
#4306749102
0t
0s
0r
1y
0c
0i
#4306749604
1t
0s
0r
1y
0c
0i
#4306750444
0t
0s
0r
1y
0c
0i
#4306750944
1t
0s
0r
1y
0c
0i
#4306751781
0t
0s
0r
1y
0c
0i
#4306752284
1t
0s
0r
1y
0c
0i
#4306753125
0t
0s
0r
1y
0c
0i
#4306753629
1t
0s
0r
1y
1c
0i
#4306754476
0t
0s
0r
1y
1c
0i
#4306754982
1t
0s
0r
1y
1c
0i
#4306755825
0t
0s
0r
1y
1c
0i
#4306756335
1t
0s
0r
1y
1c
0i
#4306757185
0t
0s
0r
1y
1c
0i
#4306757695
1t
0s
0r
1y
1c
0i
#4306758554
0t
0s
0r
1y
1c
0i
#4306759063
1t
0s
0r
1y
1c
1i
#4306759921
0t
0s
0r
1y
1c
1i
#4306760435
1t
0s
0r
1y
1c
1i
#4306761296
0t
0s
0r
1y
1c
1i
#4306761810
1t
0s
0r
1y
1c
1i
#4306762676
0t
0s
0r
1y
1c
0i
#4306763189
1t
0s
0r
1y
1c
0i
#4306764048
0t
0s
0r
1y
1c
0i
#4306764562
1t
0s
0r
1y
1c
0i
#4306765422
0t
0s
0r
1y
1c
0i
#4306765932
1t
0s
0r
1y
1c
0i
#4306766790
0t
0s
0r
1y
1c
0i
#4306767298
1t
0s
0r
1y
1c
0i
#4306768144
0t
0s
0r
1y
1c
0i
#4306768653
1t
0s
0r
1y
1c
0i
#4306769495
0t
0s
0r
1y
1c
0i
#4306770001
1t
0s
0r
1y
1c
0i
#4306770843
0t
0s
0r
1y
1c
0i
#4306771345
1t
0s
0r
1y
1c
0i
#4306772179
0t
0s
0r
1y
1c
0i
#4306772682
1t
0s
0r
1y
1c
0i
#4306773515
0t
0s
0r
1y
1c
0i
#4306774017
1t
0s
0r
1y
1c
0i
#4306774854
0t
0s
0r
1y
1c
0i
#4306775356
1t
0s
0r
1y
1c
0i
#4306776187
0t
0s
0r
1y
1c
0i
#4306776691
1t
0s
0r
1y
1c
0i
#4306777525
0t
0s
0r
1y
1c
0i
#4306778027
1t
0s
0r
1y
1c
0i
#4306778866
0t
0s
0r
1y
1c
0i
#4306779367
1t
0s
0r
1y
1c
0i
#4306781517
0t
0s
0r
1y
1c
0i
#4306782981
1t
0s
0r
1y
1c
0i
#4306784237
0t
0s
0r
1y
1c
0i
#4306784724
1t
0s
0r
1y
1c
0i
#4306785565
0t
0s
0r
1y
1c
0i
#4306786066
1t
0s
0r
1y
1c
0i
#4306786906
0t
0s
0r
1y
1c
0i
#4306787408
1t
0s
0r
1y
1c
0i
#4306788247
0t
0s
0r
1y
1c
0i
#4306788751
1t
0s
0r
1y
1c
0i
#4306789590
0t
0s
0r
1y
1c
0i
#4306790094
1t
0s
0r
1y
1c
0i
#4306790939
0t
0s
0r
1y
1c
0i
#4306791441
1t
0s
0r
1y
1c
0i
#4306792282
0t
0s
0r
1y
1c
0i
#4306792787
1t
0s
0r
1y
1c
0i
#4306793633
0t
0s
0r
1y
1c
0i
#4306794139
1t
0s
0r
1y
1c
0i
#4306794991
0t
0s
0r
1y
0c
0i
#4306795499
1t
0s
0r
1y
0c
0i
#4306796348
0t
0s
0r
1y
0c
0i
#4306796860
1t
0s
0r
1y
0c
0i
#4306797717
0t
0s
0r
1y
0c
0i
#4306798228
1t
0s
0r
1y
0c
0i
#4306799093
0t
0s
0r
1y
0c
0i
#4306799604
1t
0s
0r
1y
0c
0i
#4306800468
0t
0s
0r
1y
0c
1i
#4306800983
1t
0s
0r
1y
0c
1i
#4306801851
0t
0s
0r
1y
0c
1i
#4306802196
0t
0s
1r
1y
0c
1i
#4306802199
0t
0s
0r
1y
0c
1i
#4306802367
1t
0s
0r
1y
0c
1i
#4306803239
0t
0s
0r
1y
0c
0i
#4306803754
1t
0s
0r
1y
0c
0i
#4306804618
0t
0s
0r
1y
0c
0i
#4306805135
1t
0s
0r
1y
0c
0i
#4306805999
0t
0s
0r
1y
0c
0i
#4306806511
1t
0s
0r
1y
0c
0i
#4306807373
0t
0s
0r
1y
0c
0i
#4306807882
1t
0s
0r
1y
0c
0i
#4306808732
0t
0s
0r
1y
0c
0i
#4306809241
1t
0s
0r
1y
0c
0i
#4306810087
0t
0s
0r
1y
0c
0i
#4306810590
1t
0s
0r
1y
0c
0i
#4306811436
0t
0s
0r
1y
0c
0i
#4306811934
1t
0s
0r
1y
0c
0i
#4306812772
0t
0s
0r
1y
0c
0i
#4306813271
1t
0s
0r
1y
0c
0i
#4306814108
0t
0s
0r
1y
0c
0i
#4306814606
1t
0s
0r
1y
0c
0i
#4306815447
0t
0s
0r
1y
0c
0i
#4306815942
1t
0s
0r
1y
0c
0i
#4306816777
0t
0s
0r
1y
0c
0i
#4306817276
1t
0s
0r
1y
0c
0i
#4306818114
0t
0s
0r
1y
0c
0i
#4306818612
1t
0s
0r
1y
0c
0i
#4306819455
0t
0s
0r
1y
0c
0i
#4306819951
1t
0s
0r
1y
0c
0i
#4306820790
0t
0s
0r
1y
0c
0i
#4306821290
1t
0s
0r
1y
0c
0i
#4306822129
0t
0s
0r
1y
0c
0i
#4306822631
1t
0s
0r
1y
0c
0i
#4306823474
0t
0s
0r
1y
0c
0i
#4306823973
1t
0s
0r
1y
0c
0i
#4306824810
0t
0s
0r
1y
0c
0i
#4306825313
1t
0s
0r
1y
0c
0i
#4306826152
0t
0s
0r
1y
0c
0i
#4306826654
1t
0s
0r
1y
0c
0i
#4306827497
0t
0s
0r
1y
0c
0i
#4306827997
1t
0s
0r
1y
0c
0i
#4306828835
0t
0s
0r
1y
0c
0i
#4306829339
1t
0s
0r
1y
0c
0i
#4306830178
0t
0s
0r
1y
0c
0i
#4306830682
1t
0s
0r
1y
0c
0i
#4306831527
0t
0s
0r
1y
0c
0i
#4306832030
1t
0s
0r
1y
0c
0i
#4306832872
0t
0s
0r
1y
0c
0i
#4306833378
1t
0s
0r
1y
0c
0i
#4306834225
0t
0s
0r
1y
0c
0i
#4306834731
1t
0s
0r
1y
0c
0i
#4306835584
0t
0s
0r
1y
1c
0i
#4306836093
1t
0s
0r
1y
1c
0i
#4306836943
0t
0s
0r
1y
1c
0i
#4306837456
1t
0s
0r
1y
1c
0i
#4306838313
0t
0s
0r
1y
1c
0i
#4306838827
1t
0s
0r
1y
1c
0i
#4306839693
0t
0s
0r
1y
1c
0i
#4306840206
1t
0s
0r
1y
1c
1i
#4306841071
0t
0s
0r
1y
1c
1i
#4306841589
1t
0s
0r
1y
1c
1i
#4306842458
0t
0s
0r
1y
1c
1i
#4306842976
1t
0s
0r
1y
1c
1i
#4306843850
0t
0s
0r
1y
1c
0i
#4306844366
1t
0s
0r
1y
1c
0i
#4306845233
0t
0s
0r
1y
1c
0i
#4306845751
1t
0s
0r
1y
1c
0i
#4306846617
0t
0s
0r
1y
1c
0i
#4306847131
1t
0s
0r
1y
1c
0i
#4306847995
0t
0s
0r
1y
1c
0i
#4306848505
1t
0s
0r
1y
1c
0i
#4306849355
0t
0s
0r
1y
1c
0i
#4306849867
1t
0s
0r
1y
1c
0i
#4306850711
0t
0s
0r
1y
1c
0i
#4306851218
1t
0s
0r
1y
1c
0i
#4306852061
0t
0s
0r
1y
1c
0i
#4306852564
1t
0s
0r
1y
1c
0i
#4306853398
0t
0s
0r
1y
1c
0i
#4306853902
1t
0s
0r
1y
1c
0i
#4306854736
0t
0s
0r
1y
1c
0i
#4306855238
1t
0s
0r
1y
1c
0i
#4306856073
0t
0s
0r
1y
1c
0i
#4306856576
1t
0s
0r
1y
1c
0i
#4306857407
0t
0s
0r
1y
1c
0i
#4306857911
1t
0s
0r
1y
1c
0i
#4306858744
0t
0s
0r
1y
1c
0i
#4306859247
1t
0s
0r
1y
1c
0i
#4306860084
0t
0s
0r
1y
1c
0i
#4306860586
1t
0s
0r
1y
1c
0i
#4306862732
0t
0s
0r
1y
1c
0i
#4306864194
1t
0s
0r
1y
1c
0i
#4306865447
0t
0s
0r
1y
1c
0i
#4306865934
1t
0s
0r
1y
1c
0i
#4306866772
0t
0s
0r
1y
1c
0i
#4306867273
1t
0s
0r
1y
1c
0i
#4306868109
0t
0s
0r
1y
1c
0i
#4306868610
1t
0s
0r
1y
1c
0i
#4306869446
0t
0s
0r
1y
1c
0i
#4306869950
1t
0s
0r
1y
1c
0i
#4306870786
0t
0s
0r
1y
1c
0i
#4306871289
1t
0s
0r
1y
1c
0i
#4306872130
0t
0s
0r
1y
1c
0i
#4306872631
1t
0s
0r
1y
1c
0i
#4306873469
0t
0s
0r
1y
1c
0i
#4306873973
1t
0s
0r
1y
1c
0i
#4306874815
0t
0s
0r
1y
1c
0i
#4306875319
1t
0s
0r
1y
1c
0i
#4306876167
0t
0s
0r
1y
0c
0i
#4306876673
1t
0s
0r
1y
0c
0i
#4306877519
0t
0s
0r
1y
0c
0i
#4306878028
1t
0s
0r
1y
0c
0i
#4306878881
0t
0s
0r
1y
0c
0i
#4306879390
1t
0s
0r
1y
0c
0i
#4306880251
0t
0s
0r
1y
0c
0i
#4306880760
1t
0s
0r
1y
0c
1i
#4306881620
0t
0s
0r
1y
0c
1i
#4306882133
1t
0s
0r
1y
0c
1i
#4306882997
0t
0s
0r
1y
0c
1i
#4306883511
1t
0s
0r
1y
0c
1i
#4306884380
0t
0s
0r
1y
0c
0i
#4306884892
1t
0s
0r
1y
0c
0i
#4306885753
0t
0s
0r
1y
0c
0i
#4306886267
1t
0s
0r
1y
0c
0i
#4306887127
0t
0s
0r
1y
0c
0i
#4306887637
1t
0s
0r
1y
0c
0i
#4306888494
0t
0s
0r
1y
0c
0i
#4306888999
1t
0s
0r
1y
0c
0i
#4306889843
0t
0s
0r
1y
0c
0i
#4306890348
1t
0s
0r
1y
0c
0i
#4306891185
0t
0s
0r
1y
0c
0i
#4306891685
1t
0s
0r
1y
0c
0i
#4306892520
0t
0s
0r
1y
0c
0i
#4306893016
1t
0s
0r
1y
0c
0i
#4306893843
0t
0s
0r
1y
0c
0i
#4306894339
1t
0s
0r
1y
0c
0i
#4306895165
0t
0s
0r
1y
0c
0i
#4306895659
1t
0s
0r
1y
0c
0i
#4306896488
0t
0s
0r
1y
0c
0i
#4306896979
1t
0s
0r
1y
0c
0i
#4306897803
0t
0s
0r
1y
0c
0i
#4306898297
1t
0s
0r
1y
0c
0i
#4306899123
0t
0s
0r
1y
0c
0i
#4306899617
1t
0s
0r
1y
0c
0i
#4306900447
0t
0s
0r
1y
0c
0i
#4306900939
1t
0s
0r
1y
0c
0i
#4306901765
0t
0s
0r
1y
0c
0i
#4306902259
1t
0s
0r
1y
0c
0i
#4306903085
0t
0s
0r
1y
0c
0i
#4306903582
1t
0s
0r
1y
0c
0i
#4306904411
0t
0s
0r
1y
0c
0i
#4306904905
1t
0s
0r
1y
0c
0i
#4306905728
0t
0s
0r
1y
0c
0i
#4306906224
1t
0s
0r
1y
0c
0i
#4306907049
0t
0s
0r
1y
0c
0i
#4306907545
1t
0s
0r
1y
0c
0i
#4306908374
0t
0s
0r
1y
0c
0i
#4306908867
1t
0s
0r
1y
0c
0i
#4306909690
0t
0s
0r
1y
0c
0i
#4306910188
1t
0s
0r
1y
0c
0i
#4306911013
0t
0s
0r
1y
0c
0i
#4306911510
1t
0s
0r
1y
0c
0i
#4306912340
0t
0s
0r
1y
0c
0i
#4306912836
1t
0s
0r
1y
0c
0i
#4306913662
0t
0s
0r
1y
0c
0i
#4306914161
1t
0s
0r
1y
0c
0i
#4306914992
0t
0s
0r
1y
0c
0i
#4306915491
1t
0s
0r
1y
0c
0i
#4306916327
0t
0s
0r
1y
1c
0i
#4306916829
1t
0s
0r
1y
1c
0i
#4306917663
0t
0s
0r
1y
1c
0i
#4306918168
1t
0s
0r
1y
1c
0i
#4306919008
0t
0s
0r
1y
1c
0i
#4306919514
1t
0s
0r
1y
1c
0i
#4306920363
0t
0s
0r
1y
1c
0i
#4306920869
1t
0s
0r
1y
1c
1i
#4306921717
0t
0s
0r
1y
1c
1i
#4306922226
1t
0s
0r
1y
1c
1i
#4306923079
0t
0s
0r
1y
1c
1i
#4306923589
1t
0s
0r
1y
1c
1i
#4306924446
0t
0s
0r
1y
1c
0i
#4306924955
1t
0s
0r
1y
1c
0i
#4306925805
0t
0s
0r
1y
1c
0i
#4306926314
1t
0s
0r
1y
1c
0i
#4306927163
0t
0s
0r
1y
1c
0i
#4306927669
1t
0s
0r
1y
1c
0i
#4306928514
0t
0s
0r
1y
1c
0i
#4306929015
1t
0s
0r
1y
1c
0i
#4306929845
0t
0s
0r
1y
1c
0i
#4306930346
1t
0s
0r
1y
1c
0i
#4306931169
0t
0s
0r
1y
1c
0i
#4306931666
1t
0s
0r
1y
1c
0i
#4306932486
0t
0s
0r
1y
1c
0i
#4306932978
1t
0s
0r
1y
1c
0i
#4306933789
0t
0s
0r
1y
1c
0i
#4306934281
1t
0s
0r
1y
1c
0i
#4306935091
0t
0s
0r
1y
1c
0i
#4306935582
1t
0s
0r
1y
1c
0i
#4306936394
0t
0s
0r
1y
1c
0i
#4306936884
1t
0s
0r
1y
1c
0i
#4306937691
0t
0s
0r
1y
1c
0i
#4306938183
1t
0s
0r
1y
1c
0i
#4306938992
0t
0s
0r
1y
1c
0i
#4306939483
1t
0s
0r
1y
1c
0i
#4306940297
0t
0s
0r
1y
1c
0i
#4306940786
1t
0s
0r
1y
1c
0i
#4306942874
0t
0s
0r
1y
1c
0i
#4306944301
1t
0s
0r
1y
1c
0i
#4306945518
0t
0s
0r
1y
1c
0i
#4306945993
1t
0s
0r
1y
1c
0i
#4306946808
0t
0s
0r
1y
1c
0i
#4306947296
1t
0s
0r
1y
1c
0i
#4306948109
0t
0s
0r
1y
1c
0i
#4306948598
1t
0s
0r
1y
1c
0i
#4306949410
0t
0s
0r
1y
1c
0i
#4306949902
1t
0s
0r
1y
1c
0i
#4306950713
0t
0s
0r
1y
1c
0i
#4306951204
1t
0s
0r
1y
1c
0i
#4306952021
0t
0s
0r
1y
1c
0i
#4306952510
1t
0s
0r
1y
1c
0i
#4306953323
0t
0s
0r
1y
1c
0i
#4306953814
1t
0s
0r
1y
1c
0i
#4306954631
0t
0s
0r
1y
1c
0i
#4306955122
1t
0s
0r
1y
1c
0i
#4306955944
0t
0s
0r
1y
0c
0i
#4306956438
1t
0s
0r
1y
0c
0i
#4306957258
0t
0s
0r
1y
0c
0i
#4306957754
1t
0s
0r
1y
0c
0i
#4306958580
0t
0s
0r
1y
0c
0i
#4306959077
1t
0s
0r
1y
0c
0i
#4306959912
0t
0s
0r
1y
0c
0i
#4306960408
1t
0s
0r
1y
0c
1i
#4306961242
0t
0s
0r
1y
0c
1i
#4306961743
1t
0s
0r
1y
0c
1i
#4306962581
0t
0s
0r
1y
0c
1i
#4306963083
1t
0s
0r
1y
0c
1i
#4306963579
1t
0s
1r
1y
0c
1i
#4306963581
1t
0s
0r
1y
0c
1i
#4306963926
0t
0s
0r
1y
0c
0i
#4306964426
1t
0s
0r
1y
0c
0i
#4306965263
0t
0s
0r
1y
0c
0i
#4306965764
1t
0s
0r
1y
0c
0i
#4306966600
0t
0s
0r
1y
0c
0i
#4306967097
1t
0s
0r
1y
0c
0i
#4306967932
0t
0s
0r
1y
0c
0i
#4306968424
1t
0s
0r
1y
0c
0i
#4306969246
0t
0s
0r
1y
0c
0i
#4306969739
1t
0s
0r
1y
0c
0i
#4306970555
0t
0s
0r
1y
0c
0i
#4306971043
1t
0s
0r
1y
0c
0i
#4306971857
0t
0s
0r
1y
0c
0i
#4306972340
1t
0s
0r
1y
0c
0i
#4306973146
0t
0s
0r
1y
0c
0i
#4306973629
1t
0s
0r
1y
0c
0i
#4306974433
0t
0s
0r
1y
0c
0i
#4306974915
1t
0s
0r
1y
0c
0i
#4306975722
0t
0s
0r
1y
0c
0i
#4306976202
1t
0s
0r
1y
0c
0i
#4306977003
0t
0s
0r
1y
0c
0i
#4306977485
1t
0s
0r
1y
0c
0i
#4306978288
0t
0s
0r
1y
0c
0i
#4306978770
1t
0s
0r
1y
0c
0i
#4306979578
0t
0s
0r
1y
0c
0i
#4306980058
1t
0s
0r
1y
0c
0i
#4306980861
0t
0s
0r
1y
0c
0i
#4306981344
1t
0s
0r
1y
0c
0i
#4306982148
0t
0s
0r
1y
0c
0i
#4306982633
1t
0s
0r
1y
0c
0i
#4306983439
0t
0s
0r
1y
0c
0i
#4306983922
1t
0s
0r
1y
0c
0i
#4306984723
0t
0s
0r
1y
0c
0i
#4306985208
1t
0s
0r
1y
0c
0i
#4306986012
0t
0s
0r
1y
0c
0i
#4306986496
1t
0s
0r
1y
0c
0i
#4306987303
0t
0s
0r
1y
0c
0i
#4306987786
1t
0s
0r
1y
0c
0i
#4306988588
0t
0s
0r
1y
0c
0i
#4306989074
1t
0s
0r
1y
0c
0i
#4306989877
0t
0s
0r
1y
0c
0i
#4306990364
1t
0s
0r
1y
0c
0i
#4306991171
0t
0s
0r
1y
0c
0i
#4306991657
1t
0s
0r
1y
0c
0i
#4306992460
0t
0s
0r
1y
0c
0i
#4306992949
1t
0s
0r
1y
0c
0i
#4306993757
0t
0s
0r
1y
0c
0i
#4306994245
1t
0s
0r
1y
0c
0i
#4306995058
0t
0s
0r
1y
1c
0i
#4306995549
1t
0s
0r
1y
1c
0i
#4306996359
0t
0s
0r
1y
1c
0i
#4306996852
1t
0s
0r
1y
1c
0i
#4306997669
0t
0s
0r
1y
1c
0i
#4306998163
1t
0s
0r
1y
1c
0i
#4306998987
0t
0s
0r
1y
1c
0i
#4306999481
1t
0s
0r
1y
1c
1i
#4307000304
0t
0s
0r
1y
1c
1i
#4307000802
1t
0s
0r
1y
1c
1i
#4307001629
0t
0s
0r
1y
1c
1i
#4307002127
1t
0s
0r
1y
1c
1i
#4307002960
0t
0s
0r
1y
1c
0i
#4307003456
1t
0s
0r
1y
1c
0i
#4307004281
0t
0s
0r
1y
1c
0i
#4307004779
1t
0s
0r
1y
1c
0i
#4307005601
0t
0s
0r
1y
1c
0i
#4307006096
1t
0s
0r
1y
1c
0i
#4307006916
0t
0s
0r
1y
1c
0i
#4307007405
1t
0s
0r
1y
1c
0i
#4307008210
0t
0s
0r
1y
1c
0i
#4307008699
1t
0s
0r
1y
1c
0i
#4307009498
0t
0s
0r
1y
1c
0i
#4307009983
1t
0s
0r
1y
1c
0i
#4307010779
0t
0s
0r
1y
1c
0i
#4307011259
1t
0s
0r
1y
1c
0i
#4307012045
0t
0s
0r
1y
1c
0i
#4307012526
1t
0s
0r
1y
1c
0i
#4307013312
0t
0s
0r
1y
1c
0i
#4307013790
1t
0s
0r
1y
1c
0i
#4307014577
0t
0s
0r
1y
1c
0i
#4307015055
1t
0s
0r
1y
1c
0i
#4307015836
0t
0s
0r
1y
1c
0i
#4307016317
1t
0s
0r
1y
1c
0i
#4307017100
0t
0s
0r
1y
1c
0i
#4307017579
1t
0s
0r
1y
1c
0i
#4307018366
0t
0s
0r
1y
1c
0i
#4307018844
1t
0s
0r
1y
1c
0i
#4307020869
0t
0s
0r
1y
1c
0i
#4307022258
1t
0s
0r
1y
1c
0i
#4307023436
0t
0s
0r
1y
1c
0i
#4307023900
1t
0s
0r
1y
1c
0i
#4307024688
0t
0s
0r
1y
1c
0i
#4307025165
1t
0s
0r
1y
1c
0i
#4307025951
0t
0s
0r
1y
1c
0i
#4307026429
1t
0s
0r
1y
1c
0i
#4307027214
0t
0s
0r
1y
1c
0i
#4307027694
1t
0s
0r
1y
1c
0i
#4307028480
0t
0s
0r
1y
1c
0i
#4307028957
1t
0s
0r
1y
1c
0i
#4307029747
0t
0s
0r
1y
1c
0i
#4307030224
1t
0s
0r
1y
1c
0i
#4307031011
0t
0s
0r
1y
1c
0i
#4307031489
1t
0s
0r
1y
1c
0i
#4307032279
0t
0s
0r
1y
1c
0i
#4307032758
1t
0s
0r
1y
1c
0i
#4307033553
0t
0s
0r
1y
0c
0i
#4307034034
1t
0s
0r
1y
0c
0i
#4307034827
0t
0s
0r
1y
0c
0i
#4307035311
1t
0s
0r
1y
0c
0i
#4307036110
0t
0s
0r
1y
0c
0i
#4307036594
1t
0s
0r
1y
0c
0i
#4307037400
0t
0s
0r
1y
0c
0i
#4307037884
1t
0s
0r
1y
0c
1i
#4307038690
0t
0s
0r
1y
0c
1i
#4307039178
1t
0s
0r
1y
0c
1i
#4307039988
0t
0s
0r
1y
0c
1i
#4307040476
1t
0s
0r
1y
0c
1i
#4307041291
0t
0s
0r
1y
0c
1i
#4307041777
1t
0s
0r
1y
0c
0i
#4307042585
0t
0s
0r
1y
0c
0i
#4307043072
1t
0s
0r
1y
0c
0i
#4307043878
0t
0s
0r
1y
0c
0i
#4307044361
1t
0s
0r
1y
0c
0i
#4307045163
0t
0s
0r
1y
0c
0i
#4307045641
1t
0s
0r
1y
0c
0i
#4307046428
0t
0s
0r
1y
0c
0i
#4307046906
1t
0s
0r
1y
0c
0i
#4307047686
0t
0s
0r
1y
0c
0i
#4307048160
1t
0s
0r
1y
0c
0i
#4307048937
0t
0s
0r
1y
0c
0i
#4307049405
1t
0s
0r
1y
0c
0i
#4307050174
0t
0s
0r
1y
0c
0i
#4307050643
1t
0s
0r
1y
0c
0i
#4307051411
0t
0s
0r
1y
0c
0i
#4307051877
1t
0s
0r
1y
0c
0i
#4307052647
0t
0s
0r
1y
0c
0i
#4307053111
1t
0s
0r
1y
0c
0i
#4307053876
0t
0s
0r
1y
0c
0i
#4307054342
1t
0s
0r
1y
0c
0i
#4307055109
0t
0s
0r
1y
0c
0i
#4307055574
1t
0s
0r
1y
0c
0i
#4307056345
0t
0s
0r
1y
0c
0i
#4307056810
1t
0s
0r
1y
0c
0i
#4307057577
0t
0s
0r
1y
0c
0i
#4307058043
1t
0s
0r
1y
0c
0i
#4307058810
0t
0s
0r
1y
0c
0i
#4307059279
1t
0s
0r
1y
0c
0i
#4307060048
0t
0s
0r
1y
0c
0i
#4307060515
1t
0s
0r
1y
0c
0i
#4307061280
0t
0s
0r
1y
0c
0i
#4307061748
1t
0s
0r
1y
0c
0i
#4307062515
0t
0s
0r
1y
0c
0i
#4307062982
1t
0s
0r
1y
0c
0i
#4307063751
0t
0s
0r
1y
0c
0i
#4307064217
1t
0s
0r
1y
0c
0i
#4307064982
0t
0s
0r
1y
0c
0i
#4307065451
1t
0s
0r
1y
0c
0i
#4307066216
0t
0s
0r
1y
0c
0i
#4307066685
1t
0s
0r
1y
0c
0i
#4307067455
0t
0s
0r
1y
0c
0i
#4307067922
1t
0s
0r
1y
0c
0i
#4307068687
0t
0s
0r
1y
0c
0i
#4307069157
1t
0s
0r
1y
0c
0i
#4307069926
0t
0s
0r
1y
0c
0i
#4307070396
1t
0s
0r
1y
0c
0i
#4307071168
0t
0s
0r
1y
1c
0i
#4307071641
1t
0s
0r
1y
1c
0i
#4307072410
0t
0s
0r
1y
1c
0i
#4307072885
1t
0s
0r
1y
1c
0i
#4307073660
0t
0s
0r
1y
1c
0i
#4307074135
1t
0s
0r
1y
1c
0i
#4307074917
0t
0s
0r
1y
1c
0i
#4307075392
1t
0s
0r
1y
1c
1i
#4307076173
0t
0s
0r
1y
1c
1i
#4307076650
1t
0s
0r
1y
1c
1i
#4307077435
0t
0s
0r
1y
1c
1i
#4307077913
1t
0s
0r
1y
1c
1i
#4307078703
0t
0s
0r
1y
1c
1i
#4307079180
1t
0s
0r
1y
1c
0i
#4307079964
0t
0s
0r
1y
1c
0i
#4307080441
1t
0s
0r
1y
1c
0i
#4307081223
0t
0s
0r
1y
1c
0i
#4307081699
1t
0s
0r
1y
1c
0i
#4307082478
0t
0s
0r
1y
1c
0i
#4307082949
1t
0s
0r
1y
1c
0i
#4307083717
0t
0s
0r
1y
1c
0i
#4307084188
1t
0s
0r
1y
1c
0i
#4307084948
0t
0s
0r
1y
1c
0i
#4307085416
1t
0s
0r
1y
1c
0i
#4307086175
0t
0s
0r
1y
1c
0i
#4307086637
1t
0s
0r
1y
1c
0i
#4307087387
0t
0s
0r
1y
1c
0i
#4307087850
1t
0s
0r
1y
1c
0i
#4307088599
0t
0s
0r
1y
1c
0i
#4307089060
1t
0s
0r
1y
1c
0i
#4307089810
0t
0s
0r
1y
1c
0i
#4307090270
1t
0s
0r
1y
1c
0i
#4307091015
0t
0s
0r
1y
1c
0i
#4307091477
1t
0s
0r
1y
1c
0i
#4307092223
0t
0s
0r
1y
1c
0i
#4307092684
1t
0s
0r
1y
1c
0i
#4307093434
0t
0s
0r
1y
1c
0i
#4307093894
1t
0s
0r
1y
1c
0i
#4307095826
0t
0s
0r
1y
1c
0i
#4307097158
1t
0s
0r
1y
1c
0i
#4307098280
0t
0s
0r
1y
1c
0i
#4307098726
1t
0s
0r
1y
1c
0i
#4307099478
0t
0s
0r
1y
1c
0i
#4307099936
1t
0s
0r
1y
1c
0i
#4307100685
0t
0s
0r
1y
1c
0i
#4307101144
1t
0s
0r
1y
1c
0i
#4307101892
0t
0s
0r
1y
1c
0i
#4307102353
1t
0s
0r
1y
1c
0i
#4307103100
0t
0s
0r
1y
1c
0i
#4307103560
1t
0s
0r
1y
1c
0i
#4307104312
0t
0s
0r
1y
1c
0i
#4307104771
1t
0s
0r
1y
1c
0i
#4307105518
0t
0s
0r
1y
1c
0i
#4307105979
1t
0s
0r
1y
1c
0i
#4307106729
0t
0s
0r
1y
1c
0i
#4307107190
1t
0s
0r
1y
1c
0i
#4307107944
0t
0s
0r
1y
0c
0i
#4307108406
1t
0s
0r
1y
0c
0i
#4307109158
0t
0s
0r
1y
0c
0i
#4307109622
1t
0s
0r
1y
0c
0i
#4307110380
0t
0s
0r
1y
0c
0i
#4307110843
1t
0s
0r
1y
0c
0i
#4307111607
0t
0s
0r
1y
0c
0i
#4307112070
1t
0s
0r
1y
0c
1i
#4307112833
0t
0s
0r
1y
0c
1i
#4307113299
1t
0s
0r
1y
0c
1i
#4307114065
0t
0s
0r
1y
0c
1i
#4307114532
1t
0s
0r
1y
0c
1i
#4307115302
0t
0s
0r
1y
0c
1i
#4307115425
0t
0s
1r
1y
0c
1i
#4307115428
0t
0s
0r
1y
0c
1i
#4307115768
1t
0s
0r
1y
0c
0i
#4307116533
0t
0s
0r
1y
0c
0i
#4307117000
1t
0s
0r
1y
0c
0i
#4307117765
0t
0s
0r
1y
0c
0i
#4307118229
1t
0s
0r
1y
0c
0i
#4307118993
0t
0s
0r
1y
0c
0i
#4307119453
1t
0s
0r
1y
0c
0i
#4307120206
0t
0s
0r
1y
0c
0i
#4307120667
1t
0s
0r
1y
0c
0i
#4307121415
0t
0s
0r
1y
0c
0i
#4307121871
1t
0s
0r
1y
0c
0i
#4307122618
0t
0s
0r
1y
0c
0i
#4307123070
1t
0s
0r
1y
0c
0i
#4307123809
0t
0s
0r
1y
0c
0i
#4307124260
1t
0s
0r
1y
0c
0i
#4307124999
0t
0s
0r
1y
0c
0i
#4307125448
1t
0s
0r
1y
0c
0i
#4307126188
0t
0s
0r
1y
0c
0i
#4307126636
1t
0s
0r
1y
0c
0i
#4307127369
0t
0s
0r
1y
0c
0i
#4307127820
1t
0s
0r
1y
0c
0i
#4307128556
0t
0s
0r
1y
0c
0i
#4307129005
1t
0s
0r
1y
0c
0i
#4307129744
0t
0s
0r
1y
0c
0i
#4307130192
1t
0s
0r
1y
0c
0i
#4307130927
0t
0s
0r
1y
0c
0i
#4307131378
1t
0s
0r
1y
0c
0i
#4307132113
0t
0s
0r
1y
0c
0i
#4307132565
1t
0s
0r
1y
0c
0i
#4307133303
0t
0s
0r
1y
0c
0i
#4307133754
1t
0s
0r
1y
0c
0i
#4307134487
0t
0s
0r
1y
0c
0i
#4307134939
1t
0s
0r
1y
0c
0i
#4307135674
0t
0s
0r
1y
0c
0i
#4307136126
1t
0s
0r
1y
0c
0i
#4307136863
0t
0s
0r
1y
0c
0i
#4307137314
1t
0s
0r
1y
0c
0i
#4307138047
0t
0s
0r
1y
0c
0i
#4307138500
1t
0s
0r
1y
0c
0i
#4307139234
0t
0s
0r
1y
0c
0i
#4307139687
1t
0s
0r
1y
0c
0i
#4307140425
0t
0s
0r
1y
0c
0i
#4307140876
1t
0s
0r
1y
0c
0i
#4307141610
0t
0s
0r
1y
0c
0i
#4307142064
1t
0s
0r
1y
0c
0i
#4307142800
0t
0s
0r
1y
0c
0i
#4307143254
1t
0s
0r
1y
0c
0i
#4307143995
0t
0s
0r
1y
1c
0i
#4307144450
1t
0s
0r
1y
1c
0i
#4307145187
0t
0s
0r
1y
1c
0i
#4307145646
1t
0s
0r
1y
1c
0i
#4307146388
0t
0s
0r
1y
1c
0i
#4307146846
1t
0s
0r
1y
1c
0i
#4307147595
0t
0s
0r
1y
1c
0i
#4307148053
1t
0s
0r
1y
1c
1i
#4307148801
0t
0s
0r
1y
1c
1i
#4307149262
1t
0s
0r
1y
1c
1i
#4307150013
0t
0s
0r
1y
1c
1i
#4307150475
1t
0s
0r
1y
1c
1i
#4307151231
0t
0s
0r
1y
1c
1i
#4307151691
1t
0s
0r
1y
1c
0i
#4307152441
0t
0s
0r
1y
1c
0i
#4307152902
1t
0s
0r
1y
1c
0i
#4307153652
0t
0s
0r
1y
1c
0i
#4307154110
1t
0s
0r
1y
1c
0i
#4307154856
0t
0s
0r
1y
1c
0i
#4307155311
1t
0s
0r
1y
1c
0i
#4307156045
0t
0s
0r
1y
1c
0i
#4307156500
1t
0s
0r
1y
1c
0i
#4307157228
0t
0s
0r
1y
1c
0i
#4307157680
1t
0s
0r
1y
1c
0i
#4307158406
0t
0s
0r
1y
1c
0i
#4307158853
1t
0s
0r
1y
1c
0i
#4307159570
0t
0s
0r
1y
1c
0i
#4307160018
1t
0s
0r
1y
1c
0i
#4307160734
0t
0s
0r
1y
1c
0i
#4307161180
1t
0s
0r
1y
1c
0i
#4307161898
0t
0s
0r
1y
1c
0i
#4307162343
1t
0s
0r
1y
1c
0i
#4307163055
0t
0s
0r
1y
1c
0i
#4307163503
1t
0s
0r
1y
1c
0i
#4307164217
0t
0s
0r
1y
1c
0i
#4307164663
1t
0s
0r
1y
1c
0i
#4307165381
0t
0s
0r
1y
1c
0i
#4307165825
1t
0s
0r
1y
1c
0i
#4307167679
0t
0s
0r
1y
1c
0i
#4307168964
1t
0s
0r
1y
1c
0i
#4307170038
0t
0s
0r
1y
1c
0i
#4307170470
1t
0s
0r
1y
1c
0i
#4307171189
0t
0s
0r
1y
1c
0i
#4307171632
1t
0s
0r
1y
1c
0i
#4307172348
0t
0s
0r
1y
1c
0i
#4307172793
1t
0s
0r
1y
1c
0i
#4307173509
0t
0s
0r
1y
1c
0i
#4307173953
1t
0s
0r
1y
1c
0i
#4307174669
0t
0s
0r
1y
1c
0i
#4307175113
1t
0s
0r
1y
1c
0i
#4307175832
0t
0s
0r
1y
1c
0i
#4307176274
1t
0s
0r
1y
1c
0i
#4307176990
0t
0s
0r
1y
1c
0i
#4307177434
1t
0s
0r
1y
1c
0i
#4307178151
0t
0s
0r
1y
1c
0i
#4307178595
1t
0s
0r
1y
1c
0i
#4307179316
0t
0s
0r
1y
0c
0i
#4307179762
1t
0s
0r
1y
0c
0i
#4307180479
0t
0s
0r
1y
0c
0i
#4307180927
1t
0s
0r
1y
0c
0i
#4307181649
0t
0s
0r
1y
0c
0i
#4307182097
1t
0s
0r
1y
0c
0i
#4307182825
0t
0s
0r
1y
0c
0i
#4307183272
1t
0s
0r
1y
0c
1i
#4307183999
0t
0s
0r
1y
0c
1i
#4307184449
1t
0s
0r
1y
0c
1i
#4307185179
0t
0s
0r
1y
0c
1i
#4307185629
1t
0s
0r
1y
0c
1i
#4307186364
0t
0s
0r
1y
0c
1i
#4307186812
1t
0s
0r
1y
0c
0i
#4307187542
0t
0s
0r
1y
0c
0i
#4307187991
1t
0s
0r
1y
0c
0i
#4307188721
0t
0s
0r
1y
0c
0i
#4307189168
1t
0s
0r
1y
0c
0i
#4307189896
0t
0s
0r
1y
0c
0i
#4307190340
1t
0s
0r
1y
0c
0i
#4307191057
0t
0s
0r
1y
0c
0i
#4307191502
1t
0s
0r
1y
0c
0i
#4307192215
0t
0s
0r
1y
0c
0i
#4307192656
1t
0s
0r
1y
0c
0i
#4307193367
0t
0s
0r
1y
0c
0i
#4307193804
1t
0s
0r
1y
0c
0i
#4307194508
0t
0s
0r
1y
0c
0i
#4307194944
1t
0s
0r
1y
0c
0i
#4307195647
0t
0s
0r
1y
0c
0i
#4307196081
1t
0s
0r
1y
0c
0i
#4307196785
0t
0s
0r
1y
0c
0i
#4307197217
1t
0s
0r
1y
0c
0i
#4307197915
0t
0s
0r
1y
0c
0i
#4307198349
1t
0s
0r
1y
0c
0i
#4307199048
0t
0s
0r
1y
0c
0i
#4307199482
1t
0s
0r
1y
0c
0i
#4307200185
0t
0s
0r
1y
0c
0i
#4307200616
1t
0s
0r
1y
0c
0i
#4307201315
0t
0s
0r
1y
0c
0i
#4307201749
1t
0s
0r
1y
0c
0i
#4307202448
0t
0s
0r
1y
0c
0i
#4307202883
1t
0s
0r
1y
0c
0i
#4307203585
0t
0s
0r
1y
0c
0i
#4307204018
1t
0s
0r
1y
0c
0i
#4307204715
0t
0s
0r
1y
0c
0i
#4307205151
1t
0s
0r
1y
0c
0i
#4307205850
0t
0s
0r
1y
0c
0i
#4307206284
1t
0s
0r
1y
0c
0i
#4307206986
0t
0s
0r
1y
0c
0i
#4307207418
1t
0s
0r
1y
0c
0i
#4307208115
0t
0s
0r
1y
0c
0i
#4307208550
1t
0s
0r
1y
0c
0i
#4307209247
0t
0s
0r
1y
0c
0i
#4307209682
1t
0s
0r
1y
0c
0i
#4307210382
0t
0s
0r
1y
0c
0i
#4307210816
1t
0s
0r
1y
0c
0i
#4307211512
0t
0s
0r
1y
0c
0i
#4307211949
1t
0s
0r
1y
0c
0i
#4307212647
0t
0s
0r
1y
0c
0i
#4307213083
1t
0s
0r
1y
0c
0i
#4307213785
0t
0s
0r
1y
0c
0i
#4307214223
1t
0s
0r
1y
1c
0i
#4307214921
0t
0s
0r
1y
1c
0i
#4307215360
1t
0s
0r
1y
1c
0i
#4307216063
0t
0s
0r
1y
1c
0i
#4307216501
1t
0s
0r
1y
1c
0i
#4307217210
0t
0s
0r
1y
1c
0i
#4307217648
1t
0s
0r
1y
1c
1i
#4307218355
0t
0s
0r
1y
1c
1i
#4307218796
1t
0s
0r
1y
1c
1i
#4307219506
0t
0s
0r
1y
1c
1i
#4307219948
1t
0s
0r
1y
1c
1i
#4307220661
0t
0s
0r
1y
1c
1i
#4307221102
1t
0s
0r
1y
1c
0i
#4307221810
0t
0s
0r
1y
1c
0i
#4307222252
1t
0s
0r
1y
1c
0i
#4307222960
0t
0s
0r
1y
1c
0i
#4307223400
1t
0s
0r
1y
1c
0i
#4307224109
0t
0s
0r
1y
1c
0i
#4307224546
1t
0s
0r
1y
1c
0i
#4307225244
0t
0s
0r
1y
1c
0i
#4307225684
1t
0s
0r
1y
1c
0i
#4307226379
0t
0s
0r
1y
1c
0i
#4307226815
1t
0s
0r
1y
1c
0i
#4307227510
0t
0s
0r
1y
1c
0i
#4307227942
1t
0s
0r
1y
1c
0i
#4307228630
0t
0s
0r
1y
1c
0i
#4307229062
1t
0s
0r
1y
1c
0i
#4307229748
0t
0s
0r
1y
1c
0i
#4307230178
1t
0s
0r
1y
1c
0i
#4307230865
0t
0s
0r
1y
1c
0i
#4307231295
1t
0s
0r
1y
1c
0i
#4307231977
0t
0s
0r
1y
1c
0i
#4307232407
1t
0s
0r
1y
1c
0i
#4307233090
0t
0s
0r
1y
1c
0i
#4307233520
1t
0s
0r
1y
1c
0i
#4307234205
0t
0s
0r
1y
1c
0i
#4307234634
1t
0s
0r
1y
1c
0i
#4307236406
0t
0s
0r
1y
1c
0i
#4307237641
1t
0s
0r
1y
1c
0i
#4307238666
0t
0s
0r
1y
1c
0i
#4307239081
1t
0s
0r
1y
1c
0i
#4307239768
0t
0s
0r
1y
1c
0i
#4307240194
1t
0s
0r
1y
1c
0i
#4307240879
0t
0s
0r
1y
1c
0i
#4307241306
1t
0s
0r
1y
1c
0i
#4307241990
0t
0s
0r
1y
1c
0i
#4307242418
1t
0s
0r
1y
1c
0i
#4307243101
0t
0s
0r
1y
1c
0i
#4307243529
1t
0s
0r
1y
1c
0i
#4307244215
0t
0s
0r
1y
1c
0i
#4307244641
1t
0s
0r
1y
1c
0i
#4307245323
0t
0s
0r
1y
1c
0i
#4307245751
1t
0s
0r
1y
1c
0i
#4307246436
0t
0s
0r
1y
1c
0i
#4307246864
1t
0s
0r
1y
1c
0i
#4307247552
0t
0s
0r
1y
1c
0i
#4307247980
1t
0s
0r
1y
0c
0i
#4307248664
0t
0s
0r
1y
0c
0i
#4307249096
1t
0s
0r
1y
0c
0i
#4307249784
0t
0s
0r
1y
0c
0i
#4307250214
1t
0s
0r
1y
0c
0i
#4307250909
0t
0s
0r
1y
0c
1i
#4307251338
1t
0s
0r
1y
0c
1i
#4307252031
0t
0s
0r
1y
0c
1i
#4307252463
1t
0s
0r
1y
0c
1i
#4307253159
0t
0s
0r
1y
0c
1i
#4307253592
1t
0s
0r
1y
0c
1i
#4307254291
0t
0s
0r
1y
0c
1i
#4307254430
0t
0s
1r
1y
0c
1i
#4307254432
0t
0s
0r
1y
0c
1i
#4307254722
1t
0s
0r
1y
0c
0i
#4307255418
0t
0s
0r
1y
0c
0i
#4307255850
1t
0s
0r
1y
0c
0i
#4307256545
0t
0s
0r
1y
0c
0i
#4307256976
1t
0s
0r
1y
0c
0i
#4307257672
0t
0s
0r
1y
0c
0i
#4307258101
1t
0s
0r
1y
0c
0i
#4307258791
0t
0s
0r
1y
0c
0i
#4307259221
1t
0s
0r
1y
0c
0i
#4307259908
0t
0s
0r
1y
0c
0i
#4307260336
1t
0s
0r
1y
0c
0i
#4307261024
0t
0s
0r
1y
0c
0i
#4307261448
1t
0s
0r
1y
0c
0i
#4307262130
0t
0s
0r
1y
0c
0i
#4307262554
1t
0s
0r
1y
0c
0i
#4307263235
0t
0s
0r
1y
0c
0i
#4307263657
1t
0s
0r
1y
0c
0i
#4307264339
0t
0s
0r
1y
0c
0i
#4307264758
1t
0s
0r
1y
0c
0i
#4307265434
0t
0s
0r
1y
0c
0i
#4307265855
1t
0s
0r
1y
0c
0i
#4307266532
0t
0s
0r
1y
0c
0i
#4307266953
1t
0s
0r
1y
0c
0i
#4307267631
0t
0s
0r
1y
0c
0i
#4307268050
1t
0s
0r
1y
0c
0i
#4307268725
0t
0s
0r
1y
0c
0i
#4307269146
1t
0s
0r
1y
0c
0i
#4307269821
0t
0s
0r
1y
0c
0i
#4307270244
1t
0s
0r
1y
0c
0i
#4307270921
0t
0s
0r
1y
0c
0i
#4307271342
1t
0s
0r
1y
0c
0i
#4307272015
0t
0s
0r
1y
0c
0i
#4307272437
1t
0s
0r
1y
0c
0i
#4307273111
0t
0s
0r
1y
0c
0i
#4307273533
1t
0s
0r
1y
0c
0i
#4307274211
0t
0s
0r
1y
0c
0i
#4307274630
1t
0s
0r
1y
0c
0i
#4307275303
0t
0s
0r
1y
0c
0i
#4307275726
1t
0s
0r
1y
0c
0i
#4307276399
0t
0s
0r
1y
0c
0i
#4307276822
1t
0s
0r
1y
0c
0i
#4307277497
0t
0s
0r
1y
0c
0i
#4307277919
1t
0s
0r
1y
0c
0i
#4307278591
0t
0s
0r
1y
0c
0i
#4307279014
1t
0s
0r
1y
0c
0i
#4307279688
0t
0s
0r
1y
0c
0i
#4307280111
1t
0s
0r
1y
0c
0i
#4307280787
0t
0s
0r
1y
0c
0i
#4307281212
1t
0s
0r
1y
0c
0i
#4307281885
0t
0s
0r
1y
1c
0i
#4307282312
1t
0s
0r
1y
1c
0i
#4307282988
0t
0s
0r
1y
1c
0i
#4307283414
1t
0s
0r
1y
1c
0i
#4307284097
0t
0s
0r
1y
1c
1i
#4307284522
1t
0s
0r
1y
1c
1i
#4307285202
0t
0s
0r
1y
1c
1i
#4307285631
1t
0s
0r
1y
1c
1i
#4307286314
0t
0s
0r
1y
1c
1i
#4307286742
1t
0s
0r
1y
1c
1i
#4307287429
0t
0s
0r
1y
1c
1i
#4307287856
1t
0s
0r
1y
1c
0i
#4307288539
0t
0s
0r
1y
1c
0i
#4307288966
1t
0s
0r
1y
1c
0i
#4307289649
0t
0s
0r
1y
1c
0i
#4307290075
1t
0s
0r
1y
1c
0i
#4307290757
0t
0s
0r
1y
1c
0i
#4307291181
1t
0s
0r
1y
1c
0i
#4307291854
0t
0s
0r
1y
1c
0i
#4307292279
1t
0s
0r
1y
1c
0i
#4307292948
0t
0s
0r
1y
1c
0i
#4307293370
1t
0s
0r
1y
1c
0i
#4307294039
0t
0s
0r
1y
1c
0i
#4307294457
1t
0s
0r
1y
1c
0i
#4307295118
0t
0s
0r
1y
1c
0i
#4307295537
1t
0s
0r
1y
1c
0i
#4307296197
0t
0s
0r
1y
1c
0i
#4307296614
1t
0s
0r
1y
1c
0i
#4307297275
0t
0s
0r
1y
1c
0i
#4307297692
1t
0s
0r
1y
1c
0i
#4307298348
0t
0s
0r
1y
1c
0i
#4307298766
1t
0s
0r
1y
1c
0i
#4307299423
0t
0s
0r
1y
1c
0i
#4307299840
1t
0s
0r
1y
1c
0i
#4307300500
0t
0s
0r
1y
1c
0i
#4307300915
1t
0s
0r
1y
1c
0i
#4307302626
0t
0s
0r
1y
1c
0i
#4307303821
1t
0s
0r
1y
1c
0i
#4307304809
0t
0s
0r
1y
1c
0i
#4307305212
1t
0s
0r
1y
1c
0i
#4307305874
0t
0s
0r
1y
1c
0i
#4307306288
1t
0s
0r
1y
1c
0i
#4307306947
0t
0s
0r
1y
1c
0i
#4307307362
1t
0s
0r
1y
1c
0i
#4307308021
0t
0s
0r
1y
1c
0i
#4307308437
1t
0s
0r
1y
1c
0i
#4307309095
0t
0s
0r
1y
1c
0i
#4307309509
1t
0s
0r
1y
1c
0i
#4307310170
0t
0s
0r
1y
1c
0i
#4307310583
1t
0s
0r
1y
1c
0i
#4307311240
0t
0s
0r
1y
1c
0i
#4307311655
1t
0s
0r
1y
1c
0i
#4307312314
0t
0s
0r
1y
1c
0i
#4307312729
1t
0s
0r
1y
1c
0i
#4307313389
0t
0s
0r
1y
1c
0i
#4307313805
1t
0s
0r
1y
1c
0i
#4307314463
0t
0s
0r
1y
0c
0i
#4307314881
1t
0s
0r
1y
0c
0i
#4307315542
0t
0s
0r
1y
0c
0i
#4307315959
1t
0s
0r
1y
0c
0i
#4307316625
0t
0s
0r
1y
0c
1i
#4307317041
1t
0s
0r
1y
0c
1i
#4307317706
0t
0s
0r
1y
0c
1i
#4307318124
1t
0s
0r
1y
0c
1i
#4307318791
0t
0s
0r
1y
0c
1i
#4307319210
1t
0s
0r
1y
0c
1i
#4307319880
0t
0s
0r
1y
0c
1i
#4307320297
1t
0s
0r
1y
0c
1i
#4307320964
0t
0s
0r
1y
0c
0i
#4307321382
1t
0s
0r
1y
0c
0i
#4307322048
0t
0s
0r
1y
0c
0i
#4307322464
1t
0s
0r
1y
0c
0i
#4307323131
0t
0s
0r
1y
0c
0i
#4307323545
1t
0s
0r
1y
0c
0i
#4307324203
0t
0s
0r
1y
0c
0i
#4307324619
1t
0s
0r
1y
0c
0i
#4307325274
0t
0s
0r
1y
0c
0i
#4307325686
1t
0s
0r
1y
0c
0i
#4307326340
0t
0s
0r
1y
0c
0i
#4307326748
1t
0s
0r
1y
0c
0i
#4307327396
0t
0s
0r
1y
0c
0i
#4307327804
1t
0s
0r
1y
0c
0i
#4307328450
0t
0s
0r
1y
0c
0i
#4307328855
1t
0s
0r
1y
0c
0i
#4307329503
0t
0s
0r
1y
0c
0i
#4307329906
1t
0s
0r
1y
0c
0i
#4307330548
0t
0s
0r
1y
0c
0i
#4307330954
1t
0s
0r
1y
0c
0i
#4307331596
0t
0s
0r
1y
0c
0i
#4307332001
1t
0s
0r
1y
0c
0i
#4307332646
0t
0s
0r
1y
0c
0i
#4307333050
1t
0s
0r
1y
0c
0i
#4307333692
0t
0s
0r
1y
0c
0i
#4307334098
1t
0s
0r
1y
0c
0i
#4307334740
0t
0s
0r
1y
0c
0i
#4307335146
1t
0s
0r
1y
0c
0i
#4307335790
0t
0s
0r
1y
0c
0i
#4307336196
1t
0s
0r
1y
0c
0i
#4307336836
0t
0s
0r
1y
0c
0i
#4307337243
1t
0s
0r
1y
0c
0i
#4307337885
0t
0s
0r
1y
0c
0i
#4307338291
1t
0s
0r
1y
0c
0i
#4307338935
0t
0s
0r
1y
0c
0i
#4307339339
1t
0s
0r
1y
0c
0i
#4307339979
0t
0s
0r
1y
0c
0i
#4307340386
1t
0s
0r
1y
0c
0i
#4307341026
0t
0s
0r
1y
0c
0i
#4307341432
1t
0s
0r
1y
0c
0i
#4307342075
0t
0s
0r
1y
0c
0i
#4307342480
1t
0s
0r
1y
0c
0i
#4307343120
0t
0s
0r
1y
0c
0i
#4307343526
1t
0s
0r
1y
0c
0i
#4307344166
0t
0s
0r
1y
0c
0i
#4307344573
1t
0s
0r
1y
0c
0i
#4307345216
0t
0s
0r
1y
0c
0i
#4307345624
1t
0s
0r
1y
0c
0i
#4307346263
0t
0s
0r
1y
0c
0i
#4307346672
1t
0s
0r
1y
1c
0i
#4307347314
0t
0s
0r
1y
1c
0i
#4307347724
1t
0s
0r
1y
1c
0i
#4307348371
0t
0s
0r
1y
1c
1i
#4307348779
1t
0s
0r
1y
1c
1i
#4307349424
0t
0s
0r
1y
1c
1i
#4307349835
1t
0s
0r
1y
1c
1i
#4307350483
0t
0s
0r
1y
1c
1i
#4307350894
1t
0s
0r
1y
1c
1i
#4307351546
0t
0s
0r
1y
1c
1i
#4307351955
1t
0s
0r
1y
1c
1i
#4307352601
0t
0s
0r
1y
1c
0i
#4307353012
1t
0s
0r
1y
1c
0i
#4307353660
0t
0s
0r
1y
1c
0i
#4307354069
1t
0s
0r
1y
1c
0i
#4307354717
0t
0s
0r
1y
1c
0i
#4307355125
1t
0s
0r
1y
1c
0i
#4307355766
0t
0s
0r
1y
1c
0i
#4307356176
1t
0s
0r
1y
1c
0i
#4307356815
0t
0s
0r
1y
1c
0i
#4307357222
1t
0s
0r
1y
1c
0i
#4307357861
0t
0s
0r
1y
1c
0i
#4307358265
1t
0s
0r
1y
1c
0i
#4307358897
0t
0s
0r
1y
1c
0i
#4307359302
1t
0s
0r
1y
1c
0i
#4307359933
0t
0s
0r
1y
1c
0i
#4307360335
1t
0s
0r
1y
1c
0i
#4307360967
0t
0s
0r
1y
1c
0i
#4307361369
1t
0s
0r
1y
1c
0i
#4307361996
0t
0s
0r
1y
1c
0i
#4307362399
1t
0s
0r
1y
1c
0i
#4307363027
0t
0s
0r
1y
1c
0i
#4307363428
1t
0s
0r
1y
1c
0i
#4307364059
0t
0s
0r
1y
1c
0i
#4307364459
1t
0s
0r
1y
1c
0i
#4307366094
0t
0s
0r
1y
1c
0i
#4307367241
1t
0s
0r
1y
1c
0i
#4307368184
0t
0s
0r
1y
1c
0i
#4307368572
1t
0s
0r
1y
1c
0i
#4307369203
0t
0s
0r
1y
1c
0i
#4307369601
1t
0s
0r
1y
1c
0i
#4307370230
0t
0s
0r
1y
1c
0i
#4307370629
1t
0s
0r
1y
1c
0i
#4307371256
0t
0s
0r
1y
1c
0i
#4307371657
1t
0s
0r
1y
1c
0i
#4307372283
0t
0s
0r
1y
1c
0i
#4307372683
1t
0s
0r
1y
1c
0i
#4307373312
0t
0s
0r
1y
1c
0i
#4307373710
1t
0s
0r
1y
1c
0i
#4307374335
0t
0s
0r
1y
1c
0i
#4307374734
1t
0s
0r
1y
1c
0i
#4307375362
0t
0s
0r
1y
1c
0i
#4307375760
1t
0s
0r
1y
1c
0i
#4307376391
0t
0s
0r
1y
1c
0i
#4307376789
1t
0s
0r
1y
1c
0i
#4307377416
0t
0s
0r
1y
1c
0i
#4307377817
1t
0s
0r
1y
0c
0i
#4307378446
0t
0s
0r
1y
0c
0i
#4307378846
1t
0s
0r
1y
0c
0i
#4307379480
0t
0s
0r
1y
0c
1i
#4307379879
1t
0s
0r
1y
0c
1i
#4307380511
0t
0s
0r
1y
0c
1i
#4307380913
1t
0s
0r
1y
0c
1i
#4307381546
0t
0s
0r
1y
0c
1i
#4307381949
1t
0s
0r
1y
0c
1i
#4307382585
0t
0s
0r
1y
0c
1i
#4307382730
0t
0s
1r
1y
0c
1i
#4307382733
0t
0s
0r
1y
0c
1i
#4307382986
1t
0s
0r
1y
0c
0i
#4307383619
0t
0s
0r
1y
0c
0i
#4307384021
1t
0s
0r
1y
0c
0i
#4307384655
0t
0s
0r
1y
0c
0i
#4307385055
1t
0s
0r
1y
0c
0i
#4307385691
0t
0s
0r
1y
0c
0i
#4307386090
1t
0s
0r
1y
0c
0i
#4307386721
0t
0s
0r
1y
0c
0i
#4307387122
1t
0s
0r
1y
0c
0i
#4307387753
0t
0s
0r
1y
0c
0i
#4307388153
1t
0s
0r
1y
0c
0i
#4307388785
0t
0s
0r
1y
0c
0i
#4307389183
1t
0s
0r
1y
0c
0i
#4307389812
0t
0s
0r
1y
0c
0i
#4307390210
1t
0s
0r
1y
0c
0i
#4307390840
0t
0s
0r
1y
0c
0i
#4307391236
1t
0s
0r
1y
0c
0i
#4307391867
0t
0s
0r
1y
0c
0i
#4307392262
1t
0s
0r
1y
0c
0i
#4307392888
0t
0s
0r
1y
0c
0i
#4307393284
1t
0s
0r
1y
0c
0i
#4307393911
0t
0s
0r
1y
0c
0i
#4307394307
1t
0s
0r
1y
0c
0i
#4307394936
0t
0s
0r
1y
0c
0i
#4307395330
1t
0s
0r
1y
0c
0i
#4307395956
0t
0s
0r
1y
0c
0i
#4307396351
1t
0s
0r
1y
0c
0i
#4307396976
0t
0s
0r
1y
0c
0i
#4307397373
1t
0s
0r
1y
0c
0i
#4307398000
0t
0s
0r
1y
0c
0i
#4307398395
1t
0s
0r
1y
0c
0i
#4307399017
0t
0s
0r
1y
0c
0i
#4307399415
1t
0s
0r
1y
0c
0i
#4307400039
0t
0s
0r
1y
0c
0i
#4307400434
1t
0s
0r
1y
0c
0i
#4307401060
0t
0s
0r
1y
0c
0i
#4307401455
1t
0s
0r
1y
0c
0i
#4307402076
0t
0s
0r
1y
0c
0i
#4307402474
1t
0s
0r
1y
0c
0i
#4307403095
0t
0s
0r
1y
0c
0i
#4307403492
1t
0s
0r
1y
0c
0i
#4307404117
0t
0s
0r
1y
0c
0i
#4307404512
1t
0s
0r
1y
0c
0i
#4307405133
0t
0s
0r
1y
0c
0i
#4307405530
1t
0s
0r
1y
0c
0i
#4307406152
0t
0s
0r
1y
0c
0i
#4307406549
1t
0s
0r
1y
0c
0i
#4307407173
0t
0s
0r
1y
0c
0i
#4307407571
1t
0s
0r
1y
0c
0i
#4307408192
0t
0s
0r
1y
0c
0i
#4307408591
1t
0s
0r
1y
0c
0i
#4307409215
0t
0s
0r
1y
1c
0i
#4307409614
1t
0s
0r
1y
1c
0i
#4307410243
0t
0s
0r
1y
1c
1i
#4307410641
1t
0s
0r
1y
1c
1i
#4307411267
0t
0s
0r
1y
1c
1i
#4307411668
1t
0s
0r
1y
1c
1i
#4307412297
0t
0s
0r
1y
1c
1i
#4307412697
1t
0s
0r
1y
1c
1i
#4307413329
0t
0s
0r
1y
1c
1i
#4307413729
1t
0s
0r
1y
1c
0i
#4307414356
0t
0s
0r
1y
1c
0i
#4307414757
1t
0s
0r
1y
1c
0i
#4307415386
0t
0s
0r
1y
1c
0i
#4307415786
1t
0s
0r
1y
1c
0i
#4307416416
0t
0s
0r
1y
1c
0i
#4307416815
1t
0s
0r
1y
1c
0i
#4307417438
0t
0s
0r
1y
1c
0i
#4307417840
1t
0s
0r
1y
1c
0i
#4307418463
0t
0s
0r
1y
1c
0i
#4307418862
1t
0s
0r
1y
1c
0i
#4307419486
0t
0s
0r
1y
1c
0i
#4307419883
1t
0s
0r
1y
1c
0i
#4307420501
0t
0s
0r
1y
1c
0i
#4307420899
1t
0s
0r
1y
1c
0i
#4307421517
0t
0s
0r
1y
1c
0i
#4307421912
1t
0s
0r
1y
1c
0i
#4307422530
0t
0s
0r
1y
1c
0i
#4307422925
1t
0s
0r
1y
1c
0i
#4307423538
0t
0s
0r
1y
1c
0i
#4307423934
1t
0s
0r
1y
1c
0i
#4307424547
0t
0s
0r
1y
1c
0i
#4307424941
1t
0s
0r
1y
1c
0i
#4307425557
0t
0s
0r
1y
1c
0i
#4307425950
1t
0s
0r
1y
1c
0i
#4307427548
0t
0s
0r
1y
1c
0i
#4307428672
1t
0s
0r
1y
1c
0i
#4307429591
0t
0s
0r
1y
1c
0i
#4307429972
1t
0s
0r
1y
1c
0i
#4307430588
0t
0s
0r
1y
1c
0i
#4307430978
1t
0s
0r
1y
1c
0i
#4307431591
0t
0s
0r
1y
1c
0i
#4307431983
1t
0s
0r
1y
1c
0i
#4307432596
0t
0s
0r
1y
1c
0i
#4307432988
1t
0s
0r
1y
1c
0i
#4307433600
0t
0s
0r
1y
1c
0i
#4307433991
1t
0s
0r
1y
1c
0i
#4307434606
0t
0s
0r
1y
1c
0i
#4307434995
1t
0s
0r
1y
1c
0i
#4307435606
0t
0s
0r
1y
1c
0i
#4307435997
1t
0s
0r
1y
1c
0i
#4307436609
0t
0s
0r
1y
1c
0i
#4307437000
1t
0s
0r
1y
1c
0i
#4307437614
0t
0s
0r
1y
1c
0i
#4307438006
1t
0s
0r
1y
1c
0i
#4307438616
0t
0s
0r
1y
1c
0i
#4307439009
1t
0s
0r
1y
1c
0i
#4307439623
0t
0s
0r
1y
0c
0i
#4307440015
1t
0s
0r
1y
0c
0i
#4307440633
0t
0s
0r
1y
0c
1i
#4307441025
1t
0s
0r
1y
0c
1i
#4307441641
0t
0s
0r
1y
0c
1i
#4307442034
1t
0s
0r
1y
0c
1i
#4307442652
0t
0s
0r
1y
0c
1i
#4307443045
1t
0s
0r
1y
0c
1i
#4307443666
0t
0s
0r
1y
0c
1i
#4307444059
1t
0s
0r
1y
0c
0i
#4307444676
0t
0s
0r
1y
0c
0i
#4307445069
1t
0s
0r
1y
0c
0i
#4307445687
0t
0s
0r
1y
0c
0i
#4307446080
1t
0s
0r
1y
0c
0i
#4307446700
0t
0s
0r
1y
0c
0i
#4307447090
1t
0s
0r
1y
0c
0i
#4307447705
0t
0s
0r
1y
0c
0i
#4307448098
1t
0s
0r
1y
0c
0i
#4307448712
0t
0s
0r
1y
0c
0i
#4307449103
1t
0s
0r
1y
0c
0i
#4307449718
0t
0s
0r
1y
0c
0i
#4307450107
1t
0s
0r
1y
0c
0i
#4307450718
0t
0s
0r
1y
0c
0i
#4307451106
1t
0s
0r
1y
0c
0i
#4307451716
0t
0s
0r
1y
0c
0i
#4307452103
1t
0s
0r
1y
0c
0i
#4307452715
0t
0s
0r
1y
0c
0i
#4307453100
1t
0s
0r
1y
0c
0i
#4307453706
0t
0s
0r
1y
0c
0i
#4307454092
1t
0s
0r
1y
0c
0i
#4307454698
0t
0s
0r
1y
0c
0i
#4307455084
1t
0s
0r
1y
0c
0i
#4307455692
0t
0s
0r
1y
0c
0i
#4307456076
1t
0s
0r
1y
0c
0i
#4307456680
0t
0s
0r
1y
0c
0i
#4307457066
1t
0s
0r
1y
0c
0i
#4307457669
0t
0s
0r
1y
0c
0i
#4307458057
1t
0s
0r
1y
0c
0i
#4307458662
0t
0s
0r
1y
0c
0i
#4307459048
1t
0s
0r
1y
0c
0i
#4307459648
0t
0s
0r
1y
0c
0i
#4307460036
1t
0s
0r
1y
0c
0i
#4307460638
0t
0s
0r
1y
0c
0i
#4307461024
1t
0s
0r
1y
0c
0i
#4307461629
0t
0s
0r
1y
0c
0i
#4307462014
1t
0s
0r
1y
0c
0i
#4307462614
0t
0s
0r
1y
0c
0i
#4307463001
1t
0s
0r
1y
0c
0i
#4307463602
0t
0s
0r
1y
0c
0i
#4307463988
1t
0s
0r
1y
0c
0i
#4307464591
0t
0s
0r
1y
0c
0i
#4307464976
1t
0s
0r
1y
0c
0i
#4307465576
0t
0s
0r
1y
0c
0i
#4307465962
1t
0s
0r
1y
0c
0i
#4307466563
0t
0s
0r
1y
0c
0i
#4307466949
1t
0s
0r
1y
0c
0i
#4307467552
0t
0s
0r
1y
0c
0i
#4307467939
1t
0s
0r
1y
0c
0i
#4307468539
0t
0s
0r
1y
0c
0i
#4307468927
1t
0s
0r
1y
0c
0i
#4307469529
0t
0s
0r
1y
0c
0i
#4307469917
1t
0s
0r
1y
1c
0i
#4307470523
0t
0s
0r
1y
1c
1i
#4307470911
1t
0s
0r
1y
1c
1i
#4307471514
0t
0s
0r
1y
1c
1i
#4307471904
1t
0s
0r
1y
1c
1i
#4307472510
0t
0s
0r
1y
1c
1i
#4307472899
1t
0s
0r
1y
1c
1i
#4307473509
0t
0s
0r
1y
1c
1i
#4307473897
1t
0s
0r
1y
1c
0i
#4307474502
0t
0s
0r
1y
1c
0i
#4307474891
1t
0s
0r
1y
1c
0i
#4307475498
0t
0s
0r
1y
1c
0i
#4307475886
1t
0s
0r
1y
1c
0i
#4307476494
0t
0s
0r
1y
1c
0i
#4307476881
1t
0s
0r
1y
1c
0i
#4307477484
0t
0s
0r
1y
1c
0i
#4307477874
1t
0s
0r
1y
1c
0i
#4307478477
0t
0s
0r
1y
1c
0i
#4307478866
1t
0s
0r
1y
1c
0i
#4307479472
0t
0s
0r
1y
1c
0i
#4307479859
1t
0s
0r
1y
1c
0i
#4307480461
0t
0s
0r
1y
1c
0i
#4307480850
1t
0s
0r
1y
1c
0i
#4307481451
0t
0s
0r
1y
1c
0i
#4307481840
1t
0s
0r
1y
1c
0i
#4307482444
0t
0s
0r
1y
1c
0i
#4307482832
1t
0s
0r
1y
1c
0i
#4307483432
0t
0s
0r
1y
1c
0i
#4307483821
1t
0s
0r
1y
1c
0i
#4307484422
0t
0s
0r
1y
1c
0i
#4307484809
1t
0s
0r
1y
1c
0i
#4307485413
0t
0s
0r
1y
1c
0i
#4307485799
1t
0s
0r
1y
1c
0i
#4307487366
0t
0s
0r
1y
1c
0i
#4307488469
1t
0s
0r
1y
1c
0i
#4307489370
0t
0s
0r
1y
1c
0i
#4307489743
1t
0s
0r
1y
1c
0i
#4307490346
0t
0s
0r
1y
1c
0i
#4307490729
1t
0s
0r
1y
1c
0i
#4307491329
0t
0s
0r
1y
1c
0i
#4307491714
1t
0s
0r
1y
1c
0i
#4307492313
0t
0s
0r
1y
1c
0i
#4307492698
1t
0s
0r
1y
1c
0i
#4307493297
0t
0s
0r
1y
1c
0i
#4307493682
1t
0s
0r
1y
1c
0i
#4307494283
0t
0s
0r
1y
1c
0i
#4307494666
1t
0s
0r
1y
1c
0i
#4307495264
0t
0s
0r
1y
1c
0i
#4307495648
1t
0s
0r
1y
1c
0i
#4307496247
0t
0s
0r
1y
1c
0i
#4307496631
1t
0s
0r
1y
1c
0i
#4307497233
0t
0s
0r
1y
1c
0i
#4307497617
1t
0s
0r
1y
1c
0i
#4307498215
0t
0s
0r
1y
1c
0i
#4307498601
1t
0s
0r
1y
0c
0i
#4307499202
0t
0s
0r
1y
0c
0i
#4307499587
1t
0s
0r
1y
0c
1i
#4307500192
0t
0s
0r
1y
0c
1i
#4307500576
1t
0s
0r
1y
0c
1i
#4307501179
0t
0s
0r
1y
0c
1i
#4307501565
1t
0s
0r
1y
0c
1i
#4307502169
0t
0s
0r
1y
0c
1i
#4307502556
1t
0s
0r
1y
0c
1i
#4307502960
1t
0s
1r
1y
0c
1i
#4307502963
1t
0s
0r
1y
0c
1i
#4307503164
0t
0s
0r
1y
0c
1i
#4307503549
1t
0s
0r
1y
0c
0i
#4307504152
0t
0s
0r
1y
0c
0i
#4307504539
1t
0s
0r
1y
0c
0i
#4307505143
0t
0s
0r
1y
0c
0i
#4307505528
1t
0s
0r
1y
0c
0i
#4307506134
0t
0s
0r
1y
0c
0i
#4307506517
1t
0s
0r
1y
0c
0i
#4307507117
0t
0s
0r
1y
0c
0i
#4307507503
1t
0s
0r
1y
0c
0i
#4307508102
0t
0s
0r
1y
0c
0i
#4307508485
1t
0s
0r
1y
0c
0i
#4307509084
0t
0s
0r
1y
0c
0i
#4307509464
1t
0s
0r
1y
0c
0i
#4307510059
0t
0s
0r
1y
0c
0i
#4307510438
1t
0s
0r
1y
0c
0i
#4307511031
0t
0s
0r
1y
0c
0i
#4307511409
1t
0s
0r
1y
0c
0i
#4307512003
0t
0s
0r
1y
0c
0i
#4307512379
1t
0s
0r
1y
0c
0i
#4307512968
0t
0s
0r
1y
0c
0i
#4307513346
1t
0s
0r
1y
0c
0i
#4307513935
0t
0s
0r
1y
0c
0i
#4307514312
1t
0s
0r
1y
0c
0i
#4307514904
0t
0s
0r
1y
0c
0i
#4307515280
1t
0s
0r
1y
0c
0i
#4307515869
0t
0s
0r
1y
0c
0i
#4307516246
1t
0s
0r
1y
0c
0i
#4307516834
0t
0s
0r
1y
0c
0i
#4307517213
1t
0s
0r
1y
0c
0i
#4307517804
0t
0s
0r
1y
0c
0i
#4307518181
1t
0s
0r
1y
0c
0i
#4307518768
0t
0s
0r
1y
0c
0i
#4307519146
1t
0s
0r
1y
0c
0i
#4307519735
0t
0s
0r
1y
0c
0i
#4307520113
1t
0s
0r
1y
0c
0i
#4307520704
0t
0s
0r
1y
0c
0i
#4307521081
1t
0s
0r
1y
0c
0i
#4307521668
0t
0s
0r
1y
0c
0i
#4307522047
1t
0s
0r
1y
0c
0i
#4307522634
0t
0s
0r
1y
0c
0i
#4307523013
1t
0s
0r
1y
0c
0i
#4307523602
0t
0s
0r
1y
0c
0i
#4307523980
1t
0s
0r
1y
0c
0i
#4307524565
0t
0s
0r
1y
0c
0i
#4307524944
1t
0s
0r
1y
0c
0i
#4307525531
0t
0s
0r
1y
0c
0i
#4307525909
1t
0s
0r
1y
0c
0i
#4307526498
0t
0s
0r
1y
0c
0i
#4307526878
1t
0s
0r
1y
0c
0i
#4307527462
0t
0s
0r
1y
0c
0i
#4307527843
1t
0s
0r
1y
0c
0i
#4307528431
0t
0s
0r
1y
0c
0i
#4307528811
1t
0s
0r
1y
1c
1i
#4307529403
0t
0s
0r
1y
1c
1i
#4307529782
1t
0s
0r
1y
1c
1i
#4307530372
0t
0s
0r
1y
1c
1i
#4307530753
1t
0s
0r
1y
1c
1i
#4307531344
0t
0s
0r
1y
1c
1i
#4307531725
1t
0s
0r
1y
1c
1i
#4307532320
0t
0s
0r
1y
1c
1i
#4307532700
1t
0s
0r
1y
1c
0i
#4307533290
0t
0s
0r
1y
1c
0i
#4307533671
1t
0s
0r
1y
1c
0i
#4307534263
0t
0s
0r
1y
1c
0i
#4307534643
1t
0s
0r
1y
1c
0i
#4307535236
0t
0s
0r
1y
1c
0i
#4307535616
1t
0s
0r
1y
1c
0i
#4307536205
0t
0s
0r
1y
1c
0i
#4307536588
1t
0s
0r
1y
1c
0i
#4307537176
0t
0s
0r
1y
1c
0i
#4307537559
1t
0s
0r
1y
1c
0i
#4307538150
0t
0s
0r
1y
1c
0i
#4307538531
1t
0s
0r
1y
1c
0i
#4307539120
0t
0s
0r
1y
1c
0i
#4307539502
1t
0s
0r
1y
1c
0i
#4307540092
0t
0s
0r
1y
1c
0i
#4307540473
1t
0s
0r
1y
1c
0i
#4307541065
0t
0s
0r
1y
1c
0i
#4307541446
1t
0s
0r
1y
1c
0i
#4307542033
0t
0s
0r
1y
1c
0i
#4307542416
1t
0s
0r
1y
1c
0i
#4307543005
0t
0s
0r
1y
1c
0i
#4307543386
1t
0s
0r
1y
1c
0i
#4307543977
0t
0s
0r
1y
1c
0i
#4307544357
1t
0s
0r
1y
1c
0i
#4307545892
0t
0s
0r
1y
1c
0i
#4307546976
1t
0s
0r
1y
1c
0i
#4307547857
0t
0s
0r
1y
1c
0i
#4307548224
1t
0s
0r
1y
1c
0i
#4307548814
0t
0s
0r
1y
1c
0i
#4307549191
1t
0s
0r
1y
1c
0i
#4307549779
0t
0s
0r
1y
1c
0i
#4307550156
1t
0s
0r
1y
1c
0i
#4307550743
0t
0s
0r
1y
1c
0i
#4307551122
1t
0s
0r
1y
1c
0i
#4307551708
0t
0s
0r
1y
1c
0i
#4307552086
1t
0s
0r
1y
1c
0i
#4307552674
0t
0s
0r
1y
1c
0i
#4307553051
1t
0s
0r
1y
1c
0i
#4307553635
0t
0s
0r
1y
1c
0i
#4307554013
1t
0s
0r
1y
1c
0i
#4307554599
0t
0s
0r
1y
1c
0i
#4307554976
1t
0s
0r
1y
1c
0i
#4307555564
0t
0s
0r
1y
1c
0i
#4307555942
1t
0s
0r
1y
1c
0i
#4307556527
0t
0s
0r
1y
1c
0i
#4307556906
1t
0s
0r
1y
1c
0i
#4307557494
0t
0s
0r
1y
1c
0i
#4307557872
1t
0s
0r
1y
1c
1i
#4307558463
0t
0s
0r
1y
0c
1i
#4307558840
1t
0s
0r
1y
0c
1i
#4307559429
0t
0s
0r
1y
0c
1i
#4307559808
1t
0s
0r
1y
0c
1i
#4307560398
0t
0s
0r
1y
0c
1i
#4307560778
1t
0s
0r
1y
0c
1i
#4307561371
0t
0s
0r
1y
0c
1i
#4307561750
1t
0s
0r
1y
0c
0i
#4307562339
0t
0s
0r
1y
0c
0i
#4307562718
1t
0s
0r
1y
0c
0i
#4307563308
0t
0s
0r
1y
0c
0i
#4307563686
1t
0s
0r
1y
0c
0i
#4307564278
0t
0s
0r
1y
0c
0i
#4307564655
1t
0s
0r
1y
0c
0i
#4307565243
0t
0s
0r
1y
0c
0i
#4307565623
1t
0s
0r
1y
0c
0i
#4307566210
0t
0s
0r
1y
0c
0i
#4307566589
1t
0s
0r
1y
0c
0i
#4307567180
0t
0s
0r
1y
0c
0i
#4307567556
1t
0s
0r
1y
0c
0i
#4307568144
0t
0s
0r
1y
0c
0i
#4307568521
1t
0s
0r
1y
0c
0i
#4307569110
0t
0s
0r
1y
0c
0i
#4307569487
1t
0s
0r
1y
0c
0i
#4307570077
0t
0s
0r
1y
0c
0i
#4307570453
1t
0s
0r
1y
0c
0i
#4307571039
0t
0s
0r
1y
0c
0i
#4307571416
1t
0s
0r
1y
0c
0i
#4307572002
0t
0s
0r
1y
0c
0i
#4307572378
1t
0s
0r
1y
0c
0i
#4307572968
0t
0s
0r
1y
0c
0i
#4307573342
1t
0s
0r
1y
0c
0i
#4307573927
0t
0s
0r
1y
0c
0i
#4307574303
1t
0s
0r
1y
0c
0i
#4307574888
0t
0s
0r
1y
0c
0i
#4307575265
1t
0s
0r
1y
0c
0i
#4307575851
0t
0s
0r
1y
0c
0i
#4307576226
1t
0s
0r
1y
0c
0i
#4307576808
0t
0s
0r
1y
0c
0i
#4307577184
1t
0s
0r
1y
0c
0i
#4307577768
0t
0s
0r
1y
0c
0i
#4307578143
1t
0s
0r
1y
0c
0i
#4307578728
0t
0s
0r
1y
0c
0i
#4307579102
1t
0s
0r
1y
0c
0i
#4307579683
0t
0s
0r
1y
0c
0i
#4307580060
1t
0s
0r
1y
0c
0i
#4307580641
0t
0s
0r
1y
0c
0i
#4307581017
1t
0s
0r
1y
0c
0i
#4307581600
0t
0s
0r
1y
0c
0i
#4307581975
1t
0s
0r
1y
0c
0i
#4307582555
0t
0s
0r
1y
0c
0i
#4307582931
1t
0s
0r
1y
0c
0i
#4307583512
0t
0s
0r
1y
0c
0i
#4307583887
1t
0s
0r
1y
0c
0i
#4307584470
0t
0s
0r
1y
0c
0i
#4307584846
1t
0s
0r
1y
0c
0i
#4307585425
0t
0s
0r
1y
0c
0i
#4307585803
1t
0s
0r
1y
0c
0i
#4307586385
0t
0s
0r
1y
0c
0i
#4307586762
1t
0s
0r
1y
0c
1i
#4307587348
0t
0s
0r
1y
1c
1i
#4307587723
1t
0s
0r
1y
1c
1i
#4307588307
0t
0s
0r
1y
1c
1i
#4307588685
1t
0s
0r
1y
1c
1i
#4307589270
0t
0s
0r
1y
1c
1i
#4307589648
1t
0s
0r
1y
1c
1i
#4307590236
0t
0s
0r
1y
1c
1i
#4307590613
1t
0s
0r
1y
1c
0i
#4307591197
0t
0s
0r
1y
1c
0i
#4307591576
1t
0s
0r
1y
1c
0i
#4307592161
0t
0s
0r
1y
1c
0i
#4307592538
1t
0s
0r
1y
1c
0i
#4307593125
0t
0s
0r
1y
1c
0i
#4307593502
1t
0s
0r
1y
1c
0i
#4307594085
0t
0s
0r
1y
1c
0i
#4307594465
1t
0s
0r
1y
1c
0i
#4307595048
0t
0s
0r
1y
1c
0i
#4307595427
1t
0s
0r
1y
1c
0i
#4307596013
0t
0s
0r
1y
1c
0i
#4307596391
1t
0s
0r
1y
1c
0i
#4307596973
0t
0s
0r
1y
1c
0i
#4307597353
1t
0s
0r
1y
1c
0i
#4307597937
0t
0s
0r
1y
1c
0i
#4307598315
1t
0s
0r
1y
1c
0i
#4307598902
0t
0s
0r
1y
1c
0i
#4307599280
1t
0s
0r
1y
1c
0i
#4307599863
0t
0s
0r
1y
1c
0i
#4307600243
1t
0s
0r
1y
1c
0i
#4307600827
0t
0s
0r
1y
1c
0i
#4307601206
1t
0s
0r
1y
1c
0i
#4307601792
0t
0s
0r
1y
1c
0i
#4307602170
1t
0s
0r
1y
1c
0i
#4307603693
0t
0s
0r
1y
1c
0i
#4307604771
1t
0s
0r
1y
1c
0i
#4307605646
0t
0s
0r
1y
1c
0i
#4307606011
1t
0s
0r
1y
1c
0i
#4307606597
0t
0s
0r
1y
1c
0i
#4307606971
1t
0s
0r
1y
1c
0i
#4307607554
0t
0s
0r
1y
1c
0i
#4307607930
1t
0s
0r
1y
1c
0i
#4307608512
0t
0s
0r
1y
1c
0i
#4307608889
1t
0s
0r
1y
1c
0i
#4307609470
0t
0s
0r
1y
1c
0i
#4307609846
1t
0s
0r
1y
1c
0i
#4307610430
0t
0s
0r
1y
1c
0i
#4307610803
1t
0s
0r
1y
1c
0i
#4307611384
0t
0s
0r
1y
1c
0i
#4307611759
1t
0s
0r
1y
1c
0i
#4307612341
0t
0s
0r
1y
1c
0i
#4307612715
1t
0s
0r
1y
1c
0i
#4307613298
0t
0s
0r
1y
1c
0i
#4307613674
1t
0s
0r
1y
1c
0i
#4307614254
0t
0s
0r
1y
1c
0i
#4307614631
1t
0s
0r
1y
1c
0i
#4307615213
0t
0s
0r
1y
0c
0i
#4307615589
1t
0s
0r
1y
0c
1i
#4307616175
0t
0s
0r
1y
0c
1i
#4307616550
1t
0s
0r
1y
0c
1i
#4307617134
0t
0s
0r
1y
0c
1i
#4307617511
1t
0s
0r
1y
0c
1i
#4307618097
0t
0s
0r
1y
0c
1i
#4307618474
1t
0s
0r
1y
0c
1i
#4307618673
1t
0s
1r
1y
0c
1i
#4307618675
1t
0s
0r
1y
0c
1i
#4307619062
0t
0s
0r
1y
0c
0i
#4307619438
1t
0s
0r
1y
0c
0i
#4307620024
0t
0s
0r
1y
0c
0i
#4307620400
1t
0s
0r
1y
0c
0i
#4307620986
0t
0s
0r
1y
0c
0i
#4307621362
1t
0s
0r
1y
0c
0i
#4307621949
0t
0s
0r
1y
0c
0i
#4307622324
1t
0s
0r
1y
0c
0i
#4307622907
0t
0s
0r
1y
0c
0i
#4307623285
1t
0s
0r
1y
0c
0i
#4307623869
0t
0s
0r
1y
0c
0i
#4307624245
1t
0s
0r
1y
0c
0i
#4307624831
0t
0s
0r
1y
0c
0i
#4307625205
1t
0s
0r
1y
0c
0i
#4307625788
0t
0s
0r
1y
0c
0i
#4307626162
1t
0s
0r
1y
0c
0i
#4307626746
0t
0s
0r
1y
0c
0i
#4307627119
1t
0s
0r
1y
0c
0i
#4307627704
0t
0s
0r
1y
0c
0i
#4307628076
1t
0s
0r
1y
0c
0i
#4307628656
0t
0s
0r
1y
0c
0i
#4307629029
1t
0s
0r
1y
0c
0i
#4307629610
0t
0s
0r
1y
0c
0i
#4307629981
1t
0s
0r
1y
0c
0i
#4307630565
0t
0s
0r
1y
0c
0i
#4307630935
1t
0s
0r
1y
0c
0i
#4307631514
0t
0s
0r
1y
0c
0i
#4307631886
1t
0s
0r
1y
0c
0i
#4307632465
0t
0s
0r
1y
0c
0i
#4307632838
1t
0s
0r
1y
0c
0i
#4307633418
0t
0s
0r
1y
0c
0i
#4307633790
1t
0s
0r
1y
0c
0i
#4307634366
0t
0s
0r
1y
0c
0i
#4307634739
1t
0s
0r
1y
0c
0i
#4307635317
0t
0s
0r
1y
0c
0i
#4307635689
1t
0s
0r
1y
0c
0i
#4307636268
0t
0s
0r
1y
0c
0i
#4307636639
1t
0s
0r
1y
0c
0i
#4307637215
0t
0s
0r
1y
0c
0i
#4307637588
1t
0s
0r
1y
0c
0i
#4307638164
0t
0s
0r
1y
0c
0i
#4307638537
1t
0s
0r
1y
0c
0i
#4307639115
0t
0s
0r
1y
0c
0i
#4307639486
1t
0s
0r
1y
0c
0i
#4307640061
0t
0s
0r
1y
0c
0i
#4307640434
1t
0s
0r
1y
0c
0i
#4307641009
0t
0s
0r
1y
0c
0i
#4307641382
1t
0s
0r
1y
0c
0i
#4307641960
0t
0s
0r
1y
0c
0i
#4307642333
1t
0s
0r
1y
0c
0i
#4307642906
0t
0s
0r
1y
0c
0i
#4307643281
1t
0s
0r
1y
0c
0i
#4307643858
0t
0s
0r
1y
0c
0i
#4307644232
1t
0s
0r
1y
0c
1i
#4307644812
0t
0s
0r
1y
1c
1i
#4307645185
1t
0s
0r
1y
1c
1i
#4307645762
0t
0s
0r
1y
1c
1i
#4307646138
1t
0s
0r
1y
1c
1i
#4307646718
0t
0s
0r
1y
1c
1i
#4307647093
1t
0s
0r
1y
1c
1i
#4307647675
0t
0s
0r
1y
1c
1i
#4307648049
1t
0s
0r
1y
1c
0i
#4307648627
0t
0s
0r
1y
1c
0i
#4307649003
1t
0s
0r
1y
1c
0i
#4307649582
0t
0s
0r
1y
1c
0i
#4307649957
1t
0s
0r
1y
1c
0i
#4307650538
0t
0s
0r
1y
1c
0i
#4307650912
1t
0s
0r
1y
1c
0i
#4307651489
0t
0s
0r
1y
1c
0i
#4307651866
1t
0s
0r
1y
1c
0i
#4307652444
0t
0s
0r
1y
1c
0i
#4307652820
1t
0s
0r
1y
1c
0i
#4307653402
0t
0s
0r
1y
1c
0i
#4307653776
1t
0s
0r
1y
1c
0i
#4307654354
0t
0s
0r
1y
1c
0i
#4307654731
1t
0s
0r
1y
1c
0i
#4307655311
0t
0s
0r
1y
1c
0i
#4307655688
1t
0s
0r
1y
1c
0i
#4307656270
0t
0s
0r
1y
1c
0i
#4307656647
1t
0s
0r
1y
1c
0i
#4307657226
0t
0s
0r
1y
1c
0i
#4307657606
1t
0s
0r
1y
1c
0i
#4307658186
0t
0s
0r
1y
1c
0i
#4307658564
1t
0s
0r
1y
1c
0i
#4307659148
0t
0s
0r
1y
1c
0i
#4307659525
1t
0s
0r
1y
1c
0i
#4307661045
0t
0s
0r
1y
1c
0i
#4307662119
1t
0s
0r
1y
1c
0i
#4307662992
0t
0s
0r
1y
1c
0i
#4307663356
1t
0s
0r
1y
1c
0i
#4307663941
0t
0s
0r
1y
1c
0i
#4307664314
1t
0s
0r
1y
1c
0i
#4307664896
0t
0s
0r
1y
1c
0i
#4307665270
1t
0s
0r
1y
1c
0i
#4307665851
0t
0s
0r
1y
1c
0i
#4307666226
1t
0s
0r
1y
1c
0i
#4307666805
0t
0s
0r
1y
1c
0i
#4307667180
1t
0s
0r
1y
1c
0i
#4307667763
0t
0s
0r
1y
1c
0i
#4307668135
1t
0s
0r
1y
1c
0i
#4307668713
0t
0s
0r
1y
1c
0i
#4307669088
1t
0s
0r
1y
1c
0i
#4307669668
0t
0s
0r
1y
1c
0i
#4307670042
1t
0s
0r
1y
1c
0i
#4307670624
0t
0s
0r
1y
1c
0i
#4307670998
1t
0s
0r
1y
1c
0i
#4307671577
0t
0s
0r
1y
1c
0i
#4307671953
1t
0s
0r
1y
1c
0i
#4307672534
0t
0s
0r
1y
1c
0i
#4307672909
1t
0s
0r
1y
1c
1i
#4307673495
0t
0s
0r
1y
0c
1i
#4307673869
1t
0s
0r
1y
0c
1i
#4307674452
0t
0s
0r
1y
0c
1i
#4307674828
1t
0s
0r
1y
0c
1i
#4307675412
0t
0s
0r
1y
0c
1i
#4307675789
1t
0s
0r
1y
0c
1i
#4307676376
0t
0s
0r
1y
0c
0i
#4307676751
1t
0s
0r
1y
0c
0i
#4307677335
0t
0s
0r
1y
0c
0i
#4307677711
1t
0s
0r
1y
0c
0i
#4307678296
0t
0s
0r
1y
0c
0i
#4307678671
1t
0s
0r
1y
0c
0i
#4307679258
0t
0s
0r
1y
0c
0i
#4307679631
1t
0s
0r
1y
0c
0i
#4307680213
0t
0s
0r
1y
0c
0i
#4307680590
1t
0s
0r
1y
0c
0i
#4307681173
0t
0s
0r
1y
0c
0i
#4307681548
1t
0s
0r
1y
0c
0i
#4307682134
0t
0s
0r
1y
0c
0i
#4307682507
1t
0s
0r
1y
0c
0i
#4307683089
0t
0s
0r
1y
0c
0i
#4307683463
1t
0s
0r
1y
0c
0i
#4307684046
0t
0s
0r
1y
0c
0i
#4307684419
1t
0s
0r
1y
0c
0i
#4307685004
0t
0s
0r
1y
0c
0i
#4307685375
1t
0s
0r
1y
0c
0i
#4307685955
0t
0s
0r
1y
0c
0i
#4307686328
1t
0s
0r
1y
0c
0i
#4307686908
0t
0s
0r
1y
0c
0i
#4307687280
1t
0s
0r
1y
0c
0i
#4307687862
0t
0s
0r
1y
0c
0i
#4307688233
1t
0s
0r
1y
0c
0i
#4307688811
0t
0s
0r
1y
0c
0i
#4307689183
1t
0s
0r
1y
0c
0i
#4307689760
0t
0s
0r
1y
0c
0i
#4307690133
1t
0s
0r
1y
0c
0i
#4307690712
0t
0s
0r
1y
0c
0i
#4307691084
1t
0s
0r
1y
0c
0i
#4307691658
0t
0s
0r
1y
0c
0i
#4307692032
1t
0s
0r
1y
0c
0i
#4307692608
0t
0s
0r
1y
0c
0i
#4307692980
1t
0s
0r
1y
0c
0i
#4307693559
0t
0s
0r
1y
0c
0i
#4307693930
1t
0s
0r
1y
0c
0i
#4307694505
0t
0s
0r
1y
0c
0i
#4307694878
1t
0s
0r
1y
0c
0i
#4307695454
0t
0s
0r
1y
0c
0i
#4307695826
1t
0s
0r
1y
0c
0i
#4307696404
0t
0s
0r
1y
0c
0i
#4307696776
1t
0s
0r
1y
0c
0i
#4307697350
0t
0s
0r
1y
0c
0i
#4307697723
1t
0s
0r
1y
0c
0i
#4307698298
0t
0s
0r
1y
0c
0i
#4307698671
1t
0s
0r
1y
0c
0i
#4307699248
0t
0s
0r
1y
0c
0i
#4307699621
1t
0s
0r
1y
0c
0i
#4307700195
0t
0s
0r
1y
0c
0i
#4307700569
1t
0s
0r
1y
0c
0i
#4307701145
0t
0s
0r
1y
0c
0i
#4307701519
1t
0s
0r
1y
0c
1i
#4307702099
0t
0s
0r
1y
1c
1i
#4307702472
1t
0s
0r
1y
1c
1i
#4307703048
0t
0s
0r
1y
1c
1i
#4307703424
1t
0s
0r
1y
1c
1i
#4307704002
0t
0s
0r
1y
1c
1i
#4307704377
1t
0s
0r
1y
1c
1i
#4307704958
0t
0s
0r
1y
1c
0i
#4307705332
1t
0s
0r
1y
1c
0i
#4307705910
0t
0s
0r
1y
1c
0i
#4307706285
1t
0s
0r
1y
1c
0i
#4307706864
0t
0s
0r
1y
1c
0i
#4307707237
1t
0s
0r
1y
1c
0i
#4307707818
0t
0s
0r
1y
1c
0i
#4307708192
1t
0s
0r
1y
1c
0i
#4307708768
0t
0s
0r
1y
1c
0i
#4307709144
1t
0s
0r
1y
1c
0i
#4307709721
0t
0s
0r
1y
1c
0i
#4307710097
1t
0s
0r
1y
1c
0i
#4307710677
0t
0s
0r
1y
1c
0i
#4307711052
1t
0s
0r
1y
1c
0i
#4307711629
0t
0s
0r
1y
1c
0i
#4307712006
1t
0s
0r
1y
1c
0i
#4307712585
0t
0s
0r
1y
1c
0i
#4307712961
1t
0s
0r
1y
1c
0i
#4307713543
0t
0s
0r
1y
1c
0i
#4307713919
1t
0s
0r
1y
1c
0i
#4307714498
0t
0s
0r
1y
1c
0i
#4307714876
1t
0s
0r
1y
1c
0i
#4307715457
0t
0s
0r
1y
1c
0i
#4307715835
1t
0s
0r
1y
1c
0i
#4307716418
0t
0s
0r
1y
1c
0i
#4307716795
1t
0s
0r
1y
1c
0i
#4307718315
0t
0s
0r
1y
1c
0i
#4307719390
1t
0s
0r
1y
1c
0i
#4307720264
0t
0s
0r
1y
1c
0i
#4307720629
1t
0s
0r
1y
1c
0i
#4307721214
0t
0s
0r
1y
1c
0i
#4307721588
1t
0s
0r
1y
1c
0i
#4307722170
0t
0s
0r
1y
1c
0i
#4307722545
1t
0s
0r
1y
1c
0i
#4307723127
0t
0s
0r
1y
1c
0i
#4307723502
1t
0s
0r
1y
1c
0i
#4307724083
0t
0s
0r
1y
1c
0i
#4307724458
1t
0s
0r
1y
1c
0i
#4307725041
0t
0s
0r
1y
1c
0i
#4307725414
1t
0s
0r
1y
1c
0i
#4307725993
0t
0s
0r
1y
1c
0i
#4307726368
1t
0s
0r
1y
1c
0i
#4307726949
0t
0s
0r
1y
1c
0i
#4307727323
1t
0s
0r
1y
1c
0i
#4307727906
0t
0s
0r
1y
1c
0i
#4307728280
1t
0s
0r
1y
1c
0i
#4307728860
0t
0s
0r
1y
1c
0i
#4307729236
1t
0s
0r
1y
1c
0i
#4307729818
0t
0s
0r
1y
1c
0i
#4307730193
1t
0s
0r
1y
1c
1i
#4307730779
0t
0s
0r
1y
0c
1i
#4307731153
1t
0s
0r
1y
0c
1i
#4307731736
0t
0s
0r
1y
0c
1i
#4307732112
1t
0s
0r
1y
0c
1i
#4307732697
0t
0s
0r
1y
0c
1i
#4307733074
1t
0s
0r
1y
0c
1i
#4307733127
1t
0s
1r
1y
0c
1i
#4307733129
1t
0s
0r
1y
0c
1i
#4307733661
0t
0s
0r
1y
0c
0i
#4307734037
1t
0s
0r
1y
0c
0i
#4307734621
0t
0s
0r
1y
0c
0i
#4307734997
1t
0s
0r
1y
0c
0i
#4307735582
0t
0s
0r
1y
0c
0i
#4307735958
1t
0s
0r
1y
0c
0i
#4307736545
0t
0s
0r
1y
0c
0i
#4307736919
1t
0s
0r
1y
0c
0i
#4307737502
0t
0s
0r
1y
0c
0i
#4307737879
1t
0s
0r
1y
0c
0i
#4307738462
0t
0s
0r
1y
0c
0i
#4307738839
1t
0s
0r
1y
0c
0i
#4307739426
0t
0s
0r
1y
0c
0i
#4307739800
1t
0s
0r
1y
0c
0i
#4307740385
0t
0s
0r
1y
0c
0i
#4307740761
1t
0s
0r
1y
0c
0i
#4307741348
0t
0s
0r
1y
0c
0i
#4307741723
1t
0s
0r
1y
0c
0i
#4307742313
0t
0s
0r
1y
0c
0i
#4307742688
1t
0s
0r
1y
0c
0i
#4307743274
0t
0s
0r
1y
0c
0i
#4307743651
1t
0s
0r
1y
0c
0i
#4307744240
0t
0s
0r
1y
0c
0i
#4307744616
1t
0s
0r
1y
0c
0i
#4307745208
0t
0s
0r
1y
0c
0i
#4307745584
1t
0s
0r
1y
0c
0i
#4307746172
0t
0s
0r
1y
0c
0i
#4307746550
1t
0s
0r
1y
0c
0i
#4307747138
0t
0s
0r
1y
0c
0i
#4307747517
1t
0s
0r
1y
0c
0i
#4307748108
0t
0s
0r
1y
0c
0i
#4307748485
1t
0s
0r
1y
0c
0i
#4307749072
0t
0s
0r
1y
0c
0i
#4307749450
1t
0s
0r
1y
0c
0i
#4307750038
0t
0s
0r
1y
0c
0i
#4307750415
1t
0s
0r
1y
0c
0i
#4307751005
0t
0s
0r
1y
0c
0i
#4307751381
1t
0s
0r
1y
0c
0i
#4307751966
0t
0s
0r
1y
0c
0i
#4307752345
1t
0s
0r
1y
0c
0i
#4307752930
0t
0s
0r
1y
0c
0i
#4307753308
1t
0s
0r
1y
0c
0i
#4307753896
0t
0s
0r
1y
0c
0i
#4307754272
1t
0s
0r
1y
0c
0i
#4307754856
0t
0s
0r
1y
0c
0i
#4307755234
1t
0s
0r
1y
0c
0i
#4307755820
0t
0s
0r
1y
0c
0i
#4307756197
1t
0s
0r
1y
0c
0i
#4307756784
0t
0s
0r
1y
0c
0i
#4307757163
1t
0s
0r
1y
0c
0i
#4307757746
0t
0s
0r
1y
0c
0i
#4307758126
1t
0s
0r
1y
0c
0i
#4307758712
0t
0s
0r
1y
0c
0i
#4307759091
1t
0s
0r
1y
0c
1i
#4307759681
0t
0s
0r
1y
1c
1i
#4307760060
1t
0s
0r
1y
1c
1i
#4307760647
0t
0s
0r
1y
1c
1i
#4307761028
1t
0s
0r
1y
1c
1i
#4307761617
0t
0s
0r
1y
1c
1i
#4307761997
1t
0s
0r
1y
1c
1i
#4307762590
0t
0s
0r
1y
1c
0i
#4307762969
1t
0s
0r
1y
1c
0i
#4307763558
0t
0s
0r
1y
1c
0i
#4307763938
1t
0s
0r
1y
1c
0i
#4307764527
0t
0s
0r
1y
1c
0i
#4307764907
1t
0s
0r
1y
1c
0i
#4307765499
0t
0s
0r
1y
1c
0i
#4307765878
1t
0s
0r
1y
1c
0i
#4307766465
0t
0s
0r
1y
1c
0i
#4307766847
1t
0s
0r
1y
1c
0i
#4307767434
0t
0s
0r
1y
1c
0i
#4307767816
1t
0s
0r
1y
1c
0i
#4307768406
0t
0s
0r
1y
1c
0i
#4307768786
1t
0s
0r
1y
1c
0i
#4307769373
0t
0s
0r
1y
1c
0i
#4307769754
1t
0s
0r
1y
1c
0i
#4307770342
0t
0s
0r
1y
1c
0i
#4307770723
1t
0s
0r
1y
1c
0i
#4307771312
0t
0s
0r
1y
1c
0i
#4307771694
1t
0s
0r
1y
1c
0i
#4307772279
0t
0s
0r
1y
1c
0i
#4307772661
1t
0s
0r
1y
1c
0i
#4307773248
0t
0s
0r
1y
1c
0i
#4307773628
1t
0s
0r
1y
1c
0i
#4307774217
0t
0s
0r
1y
1c
0i
#4307774596
1t
0s
0r
1y
1c
0i
#4307776126
0t
0s
0r
1y
1c
0i
#4307777208
1t
0s
0r
1y
1c
0i
#4307778087
0t
0s
0r
1y
1c
0i
#4307778453
1t
0s
0r
1y
1c
0i
#4307779041
0t
0s
0r
1y
1c
0i
#4307779417
1t
0s
0r
1y
1c
0i
#4307780004
0t
0s
0r
1y
1c
0i
#4307780381
1t
0s
0r
1y
1c
0i
#4307780966
0t
0s
0r
1y
1c
0i
#4307781344
1t
0s
0r
1y
1c
0i
#4307781929
0t
0s
0r
1y
1c
0i
#4307782306
1t
0s
0r
1y
1c
0i
#4307782893
0t
0s
0r
1y
1c
0i
#4307783269
1t
0s
0r
1y
1c
0i
#4307783853
0t
0s
0r
1y
1c
0i
#4307784229
1t
0s
0r
1y
1c
0i
#4307784814
0t
0s
0r
1y
1c
0i
#4307785190
1t
0s
0r
1y
1c
0i
#4307785777
0t
0s
0r
1y
1c
0i
#4307786154
1t
0s
0r
1y
1c
0i
#4307786737
0t
0s
0r
1y
1c
0i
#4307787115
1t
0s
0r
1y
1c
0i
#4307787701
0t
0s
0r
1y
1c
0i
#4307788078
1t
0s
0r
1y
1c
1i
#4307788667
0t
0s
0r
1y
0c
1i
#4307789043
1t
0s
0r
1y
0c
1i
#4307789630
0t
0s
0r
1y
0c
1i
#4307790008
1t
0s
0r
1y
0c
1i
#4307790595
0t
0s
0r
1y
0c
1i
#4307790974
1t
0s
0r
1y
0c
1i
#4307791565
0t
0s
0r
1y
0c
0i
#4307791942
1t
0s
0r
1y
0c
0i
#4307792529
0t
0s
0r
1y
0c
0i
#4307792907
1t
0s
0r
1y
0c
0i
#4307793495
0t
0s
0r
1y
0c
0i
#4307793872
1t
0s
0r
1y
0c
0i
#4307794463
0t
0s
0r
1y
0c
0i
#4307794839
1t
0s
0r
1y
0c
0i
#4307795425
0t
0s
0r
1y
0c
0i
#4307795804
1t
0s
0r
1y
0c
0i
#4307796391
0t
0s
0r
1y
0c
0i
#4307796769
1t
0s
0r
1y
0c
0i
#4307797359
0t
0s
0r
1y
0c
0i
#4307797735
1t
0s
0r
1y
0c
0i
#4307798323
0t
0s
0r
1y
0c
0i
#4307798701
1t
0s
0r
1y
0c
0i
#4307799291
0t
0s
0r
1y
0c
0i
#4307799668
1t
0s
0r
1y
0c
0i
#4307800261
0t
0s
0r
1y
0c
0i
#4307800637
1t
0s
0r
1y
0c
0i
#4307801226
0t
0s
0r
1y
0c
0i
#4307801604
1t
0s
0r
1y
0c
0i
#4307802194
0t
0s
0r
1y
0c
0i
#4307802572
1t
0s
0r
1y
0c
0i
#4307803165
0t
0s
0r
1y
0c
0i
#4307803541
1t
0s
0r
1y
0c
0i
#4307804130
0t
0s
0r
1y
0c
0i
#4307804509
1t
0s
0r
1y
0c
0i
#4307805098
0t
0s
0r
1y
0c
0i
#4307805477
1t
0s
0r
1y
0c
0i
#4307806067
0t
0s
0r
1y
0c
0i
#4307806445
1t
0s
0r
1y
0c
0i
#4307807032
0t
0s
0r
1y
0c
0i
#4307807410
1t
0s
0r
1y
0c
0i
#4307807998
0t
0s
0r
1y
0c
0i
#4307808375
1t
0s
0r
1y
0c
0i
#4307808965
0t
0s
0r
1y
0c
0i
#4307809341
1t
0s
0r
1y
0c
0i
#4307809926
0t
0s
0r
1y
0c
0i
#4307810305
1t
0s
0r
1y
0c
0i
#4307810890
0t
0s
0r
1y
0c
0i
#4307811268
1t
0s
0r
1y
0c
0i
#4307811856
0t
0s
0r
1y
0c
0i
#4307812232
1t
0s
0r
1y
0c
0i
#4307812816
0t
0s
0r
1y
0c
0i
#4307813194
1t
0s
0r
1y
0c
0i
#4307813779
0t
0s
0r
1y
0c
0i
#4307814157
1t
0s
0r
1y
0c
0i
#4307814743
0t
0s
0r
1y
0c
0i
#4307815122
1t
0s
0r
1y
0c
0i
#4307815705
0t
0s
0r
1y
0c
0i
#4307816085
1t
0s
0r
1y
0c
0i
#4307816671
0t
0s
0r
1y
0c
0i
#4307817050
1t
0s
0r
1y
0c
1i
#4307817640
0t
0s
0r
1y
1c
1i
#4307818018
1t
0s
0r
1y
1c
1i
#4307818605
0t
0s
0r
1y
1c
1i
#4307818985
1t
0s
0r
1y
1c
1i
#4307819574
0t
0s
0r
1y
1c
1i
#4307819954
1t
0s
0r
1y
1c
1i
#4307820546
0t
0s
0r
1y
1c
0i
#4307820925
1t
0s
0r
1y
1c
0i
#4307821513
0t
0s
0r
1y
1c
0i
#4307821894
1t
0s
0r
1y
1c
0i
#4307822484
0t
0s
0r
1y
1c
0i
#4307822863
1t
0s
0r
1y
1c
0i
#4307823454
0t
0s
0r
1y
1c
0i
#4307823834
1t
0s
0r
1y
1c
0i
#4307824420
0t
0s
0r
1y
1c
0i
#4307824802
1t
0s
0r
1y
1c
0i
#4307825390
0t
0s
0r
1y
1c
0i
#4307825771
1t
0s
0r
1y
1c
0i
#4307826362
0t
0s
0r
1y
1c
0i
#4307826742
1t
0s
0r
1y
1c
0i
#4307827330
0t
0s
0r
1y
1c
0i
#4307827712
1t
0s
0r
1y
1c
0i
#4307828301
0t
0s
0r
1y
1c
0i
#4307828682
1t
0s
0r
1y
1c
0i
#4307829274
0t
0s
0r
1y
1c
0i
#4307829656
1t
0s
0r
1y
1c
0i
#4307830245
0t
0s
0r
1y
1c
0i
#4307830628
1t
0s
0r
1y
1c
0i
#4307831218
0t
0s
0r
1y
1c
0i
#4307831601
1t
0s
0r
1y
1c
0i
#4307832194
0t
0s
0r
1y
1c
0i
#4307832576
1t
0s
0r
1y
1c
0i
#4307834119
0t
0s
0r
1y
1c
0i
#4307835210
1t
0s
0r
1y
1c
0i
#4307836096
0t
0s
0r
1y
1c
0i
#4307836466
1t
0s
0r
1y
1c
0i
#4307837059
0t
0s
0r
1y
1c
0i
#4307837438
1t
0s
0r
1y
1c
0i
#4307838030
0t
0s
0r
1y
1c
0i
#4307838409
1t
0s
0r
1y
1c
0i
#4307839000
0t
0s
0r
1y
1c
0i
#4307839381
1t
0s
0r
1y
1c
0i
#4307839970
0t
0s
0r
1y
1c
0i
#4307840350
1t
0s
0r
1y
1c
0i
#4307840942
0t
0s
0r
1y
1c
0i
#4307841320
1t
0s
0r
1y
1c
0i
#4307841909
0t
0s
0r
1y
1c
0i
#4307842288
1t
0s
0r
1y
1c
0i
#4307842878
0t
0s
0r
1y
1c
0i
#4307843257
1t
0s
0r
1y
1c
0i
#4307843849
0t
0s
0r
1y
1c
0i
#4307844228
1t
0s
0r
1y
1c
0i
#4307844816
0t
0s
0r
1y
1c
0i
#4307845198
1t
0s
0r
1y
1c
0i
#4307845789
0t
0s
0r
1y
1c
0i
#4307846169
1t
0s
0r
1y
1c
1i
#4307846764
0t
0s
0r
1y
0c
1i
#4307847143
1t
0s
0r
1y
0c
1i
#4307847736
0t
0s
0r
1y
0c
1i
#4307848117
1t
0s
0r
1y
0c
1i
#4307848711
0t
0s
0r
1y
0c
1i
#4307849053
0t
0s
1r
1y
0c
1i
#4307849056
0t
0s
0r
1y
0c
1i
#4307849093
1t
0s
0r
1y
0c
1i
#4307849690
0t
0s
0r
1y
0c
0i
#4307850071
1t
0s
0r
1y
0c
0i
#4307850664
0t
0s
0r
1y
0c
0i
#4307851046
1t
0s
0r
1y
0c
0i
#4307851640
0t
0s
0r
1y
0c
0i
#4307852021
1t
0s
0r
1y
0c
0i
#4307852618
0t
0s
0r
1y
0c
0i
#4307852997
1t
0s
0r
1y
0c
0i
#4307853590
0t
0s
0r
1y
0c
0i
#4307853972
1t
0s
0r
1y
0c
0i
#4307854565
0t
0s
0r
1y
0c
0i
#4307854946
1t
0s
0r
1y
0c
0i
#4307855543
0t
0s
0r
1y
0c
0i
#4307855922
1t
0s
0r
1y
0c
0i
#4307856516
0t
0s
0r
1y
0c
0i
#4307856896
1t
0s
0r
1y
0c
0i
#4307857490
0t
0s
0r
1y
0c
0i
#4307857870
1t
0s
0r
1y
0c
0i
#4307858466
0t
0s
0r
1y
0c
0i
#4307858844
1t
0s
0r
1y
0c
0i
#4307859436
0t
0s
0r
1y
0c
0i
#4307859816
1t
0s
0r
1y
0c
0i
#4307860409
0t
0s
0r
1y
0c
0i
#4307860787
1t
0s
0r
1y
0c
0i
#4307861383
0t
0s
0r
1y
0c
0i
#4307861760
1t
0s
0r
1y
0c
0i
#4307862352
0t
0s
0r
1y
0c
0i
#4307862730
1t
0s
0r
1y
0c
0i
#4307863321
0t
0s
0r
1y
0c
0i
#4307863701
1t
0s
0r
1y
0c
0i
#4307864294
0t
0s
0r
1y
0c
0i
#4307864672
1t
0s
0r
1y
0c
0i
#4307865261
0t
0s
0r
1y
0c
0i
#4307865641
1t
0s
0r
1y
0c
0i
#4307866231
0t
0s
0r
1y
0c
0i
#4307866610
1t
0s
0r
1y
0c
0i
#4307867202
0t
0s
0r
1y
0c
0i
#4307867580
1t
0s
0r
1y
0c
0i
#4307868168
0t
0s
0r
1y
0c
0i
#4307868548
1t
0s
0r
1y
0c
0i
#4307869137
0t
0s
0r
1y
0c
0i
#4307869516
1t
0s
0r
1y
0c
0i
#4307870108
0t
0s
0r
1y
0c
0i
#4307870486
1t
0s
0r
1y
0c
0i
#4307871073
0t
0s
0r
1y
0c
0i
#4307871453
1t
0s
0r
1y
0c
0i
#4307872041
0t
0s
0r
1y
0c
0i
#4307872421
1t
0s
0r
1y
0c
0i
#4307873011
0t
0s
0r
1y
0c
0i
#4307873392
1t
0s
0r
1y
0c
0i
#4307873978
0t
0s
0r
1y
0c
0i
#4307874360
1t
0s
0r
1y
0c
0i
#4307874949
0t
0s
0r
1y
0c
0i
#4307875330
1t
0s
0r
1y
0c
1i
#4307875923
0t
0s
0r
1y
1c
1i
#4307876303
1t
0s
0r
1y
1c
1i
#4307876894
0t
0s
0r
1y
1c
1i
#4307877276
1t
0s
0r
1y
1c
1i
#4307877869
0t
0s
0r
1y
1c
1i
#4307878251
1t
0s
0r
1y
1c
1i
#4307878846
0t
0s
0r
1y
1c
0i
#4307879227
1t
0s
0r
1y
1c
0i
#4307879819
0t
0s
0r
1y
1c
0i
#4307880201
1t
0s
0r
1y
1c
0i
#4307880794
0t
0s
0r
1y
1c
0i
#4307881175
1t
0s
0r
1y
1c
0i
#4307881770
0t
0s
0r
1y
1c
0i
#4307882151
1t
0s
0r
1y
1c
0i
#4307882741
0t
0s
0r
1y
1c
0i
#4307883125
1t
0s
0r
1y
1c
0i
#4307883716
0t
0s
0r
1y
1c
0i
#4307884099
1t
0s
0r
1y
1c
0i
#4307884694
0t
0s
0r
1y
1c
0i
#4307885076
1t
0s
0r
1y
1c
0i
#4307885667
0t
0s
0r
1y
1c
0i
#4307886050
1t
0s
0r
1y
1c
0i
#4307886643
0t
0s
0r
1y
1c
0i
#4307887026
1t
0s
0r
1y
1c
0i
#4307887621
0t
0s
0r
1y
1c
0i
#4307888005
1t
0s
0r
1y
1c
0i
#4307888596
0t
0s
0r
1y
1c
0i
#4307888982
1t
0s
0r
1y
1c
0i
#4307889575
0t
0s
0r
1y
1c
0i
#4307889959
1t
0s
0r
1y
1c
0i
#4307890555
0t
0s
0r
1y
1c
0i
#4307890938
1t
0s
0r
1y
1c
0i
#4307892486
0t
0s
0r
1y
1c
0i
#4307893579
1t
0s
0r
1y
1c
0i
#4307894469
0t
0s
0r
1y
1c
0i
#4307894839
1t
0s
0r
1y
1c
0i
#4307895435
0t
0s
0r
1y
1c
0i
#4307895814
1t
0s
0r
1y
1c
0i
#4307896407
0t
0s
0r
1y
1c
0i
#4307896788
1t
0s
0r
1y
1c
0i
#4307897381
0t
0s
0r
1y
1c
0i
#4307897762
1t
0s
0r
1y
1c
0i
#4307898354
0t
0s
0r
1y
1c
0i
#4307898734
1t
0s
0r
1y
1c
0i
#4307899328
0t
0s
0r
1y
1c
0i
#4307899707
1t
0s
0r
1y
1c
0i
#4307900298
0t
0s
0r
1y
1c
0i
#4307900679
1t
0s
0r
1y
1c
0i
#4307901271
0t
0s
0r
1y
1c
0i
#4307901651
1t
0s
0r
1y
1c
0i
#4307902245
0t
0s
0r
1y
1c
0i
#4307902626
1t
0s
0r
1y
1c
0i
#4307903217
0t
0s
0r
1y
1c
0i
#4307903599
1t
0s
0r
1y
1c
0i
#4307904192
0t
0s
0r
1y
1c
0i
#4307904574
1t
0s
0r
1y
1c
1i
#4307905171
0t
0s
0r
1y
0c
1i
#4307905551
1t
0s
0r
1y
0c
1i
#4307906147
0t
0s
0r
1y
0c
1i
#4307906528
1t
0s
0r
1y
0c
1i
#4307907125
0t
0s
0r
1y
0c
1i
#4307907507
1t
0s
0r
1y
0c
1i
#4307908106
0t
0s
0r
1y
0c
0i
#4307908488
1t
0s
0r
1y
0c
0i
#4307909083
0t
0s
0r
1y
0c
0i
#4307909465
1t
0s
0r
1y
0c
0i
#4307910062
0t
0s
0r
1y
0c
0i
#4307910442
1t
0s
0r
1y
0c
0i
#4307911041
0t
0s
0r
1y
0c
0i
#4307911421
1t
0s
0r
1y
0c
0i
#4307912015
0t
0s
0r
1y
0c
0i
#4307912398
1t
0s
0r
1y
0c
0i
#4307912992
0t
0s
0r
1y
0c
0i
#4307913375
1t
0s
0r
1y
0c
0i
#4307913972
0t
0s
0r
1y
0c
0i
#4307914352
1t
0s
0r
1y
0c
0i
#4307914948
0t
0s
0r
1y
0c
0i
#4307915329
1t
0s
0r
1y
0c
0i
#4307915925
0t
0s
0r
1y
0c
0i
#4307916306
1t
0s
0r
1y
0c
0i
#4307916905
0t
0s
0r
1y
0c
0i
#4307917284
1t
0s
0r
1y
0c
0i
#4307917879
0t
0s
0r
1y
0c
0i
#4307918260
1t
0s
0r
1y
0c
0i
#4307918857
0t
0s
0r
1y
0c
0i
#4307919237
1t
0s
0r
1y
0c
0i
#4307919835
0t
0s
0r
1y
0c
0i
#4307920214
1t
0s
0r
1y
0c
0i
#4307920809
0t
0s
0r
1y
0c
0i
#4307921190
1t
0s
0r
1y
0c
0i
#4307921785
0t
0s
0r
1y
0c
0i
#4307922167
1t
0s
0r
1y
0c
0i
#4307922763
0t
0s
0r
1y
0c
0i
#4307923143
1t
0s
0r
1y
0c
0i
#4307923735
0t
0s
0r
1y
0c
0i
#4307924117
1t
0s
0r
1y
0c
0i
#4307924710
0t
0s
0r
1y
0c
0i
#4307925091
1t
0s
0r
1y
0c
0i
#4307925686
0t
0s
0r
1y
0c
0i
#4307926066
1t
0s
0r
1y
0c
0i
#4307926657
0t
0s
0r
1y
0c
0i
#4307927039
1t
0s
0r
1y
0c
0i
#4307927631
0t
0s
0r
1y
0c
0i
#4307928012
1t
0s
0r
1y
0c
0i
#4307928606
0t
0s
0r
1y
0c
0i
#4307928986
1t
0s
0r
1y
0c
0i
#4307929577
0t
0s
0r
1y
0c
0i
#4307929958
1t
0s
0r
1y
0c
0i
#4307930550
0t
0s
0r
1y
0c
0i
#4307930931
1t
0s
0r
1y
0c
0i
#4307931524
0t
0s
0r
1y
0c
0i
#4307931906
1t
0s
0r
1y
0c
0i
#4307932496
0t
0s
0r
1y
0c
0i
#4307932879
1t
0s
0r
1y
0c
0i
#4307933471
0t
0s
0r
1y
0c
0i
#4307933854
1t
0s
0r
1y
0c
1i
#4307934449
0t
0s
0r
1y
1c
1i
#4307934832
1t
0s
0r
1y
1c
1i
#4307935425
0t
0s
0r
1y
1c
1i
#4307935809
1t
0s
0r
1y
1c
1i
#4307936404
0t
0s
0r
1y
1c
1i
#4307936788
1t
0s
0r
1y
1c
1i
#4307937386
0t
0s
0r
1y
1c
0i
#4307937769
1t
0s
0r
1y
1c
0i
#4307938363
0t
0s
0r
1y
1c
0i
#4307938746
1t
0s
0r
1y
1c
0i
#4307939342
0t
0s
0r
1y
1c
0i
#4307939725
1t
0s
0r
1y
1c
0i
#4307940323
0t
0s
0r
1y
1c
0i
#4307940705
1t
0s
0r
1y
1c
0i
#4307941298
0t
0s
0r
1y
1c
0i
#4307941683
1t
0s
0r
1y
1c
0i
#4307942277
0t
0s
0r
1y
1c
0i
#4307942662
1t
0s
0r
1y
1c
0i
#4307943259
0t
0s
0r
1y
1c
0i
#4307943642
1t
0s
0r
1y
1c
0i
#4307944236
0t
0s
0r
1y
1c
0i
#4307944621
1t
0s
0r
1y
1c
0i
#4307945217
0t
0s
0r
1y
1c
0i
#4307945602
1t
0s
0r
1y
1c
0i
#4307946200
0t
0s
0r
1y
1c
0i
#4307946585
1t
0s
0r
1y
1c
0i
#4307947181
0t
0s
0r
1y
1c
0i
#4307947567
1t
0s
0r
1y
1c
0i
#4307948164
0t
0s
0r
1y
1c
0i
#4307948550
1t
0s
0r
1y
1c
0i
#4307949150
0t
0s
0r
1y
1c
0i
#4307949535
1t
0s
0r
1y
1c
0i
#4307951094
0t
0s
0r
1y
1c
0i
#4307952194
1t
0s
0r
1y
1c
0i
#4307953091
0t
0s
0r
1y
1c
0i
#4307953463
1t
0s
0r
1y
1c
0i
#4307954064
0t
0s
0r
1y
1c
0i
#4307954446
1t
0s
0r
1y
1c
0i
#4307955044
0t
0s
0r
1y
1c
0i
#4307955427
1t
0s
0r
1y
1c
0i
#4307956023
0t
0s
0r
1y
1c
0i
#4307956407
1t
0s
0r
1y
1c
0i
#4307957004
0t
0s
0r
1y
1c
0i
#4307957387
1t
0s
0r
1y
1c
0i
#4307957986
0t
0s
0r
1y
1c
0i
#4307958367
1t
0s
0r
1y
1c
0i
#4307958962
0t
0s
0r
1y
1c
0i
#4307959345
1t
0s
0r
1y
1c
0i
#4307959942
0t
0s
0r
1y
1c
0i
#4307960324
1t
0s
0r
1y
1c
0i
#4307960923
0t
0s
0r
1y
1c
0i
#4307961306
1t
0s
0r
1y
1c
0i
#4307961901
0t
0s
0r
1y
1c
0i
#4307962285
1t
0s
0r
1y
1c
0i
#4307962883
0t
0s
0r
1y
1c
0i
#4307963266
1t
0s
0r
1y
1c
0i
#4307963868
0t
0s
0r
1y
0c
1i
#4307964250
1t
0s
0r
1y
0c
1i
#4307964849
0t
0s
0r
1y
0c
1i
#4307965233
1t
0s
0r
1y
0c
1i
#4307965834
0t
0s
0r
1y
0c
1i
#4307966174
0t
0s
1r
1y
0c
1i
#4307966176
0t
0s
0r
1y
0c
1i
#4307966218
1t
0s
0r
1y
0c
1i
#4307966821
0t
0s
0r
1y
0c
0i
#4307967205
1t
0s
0r
1y
0c
0i
#4307967804
0t
0s
0r
1y
0c
0i
#4307968189
1t
0s
0r
1y
0c
0i
#4307968790
0t
0s
0r
1y
0c
0i
#4307969173
1t
0s
0r
1y
0c
0i
#4307969776
0t
0s
0r
1y
0c
0i
#4307970159
1t
0s
0r
1y
0c
0i
#4307970757
0t
0s
0r
1y
0c
0i
#4307971143
1t
0s
0r
1y
0c
0i
#4307971742
0t
0s
0r
1y
0c
0i
#4307972126
1t
0s
0r
1y
0c
0i
#4307972729
0t
0s
0r
1y
0c
0i
#4307973111
1t
0s
0r
1y
0c
0i
#4307973711
0t
0s
0r
1y
0c
0i
#4307974094
1t
0s
0r
1y
0c
0i
#4307974695
0t
0s
0r
1y
0c
0i
#4307975077
1t
0s
0r
1y
0c
0i
#4307975680
0t
0s
0r
1y
0c
0i
#4307976060
1t
0s
0r
1y
0c
0i
#4307976658
0t
0s
0r
1y
0c
0i
#4307977041
1t
0s
0r
1y
0c
0i
#4307977640
0t
0s
0r
1y
0c
0i
#4307978022
1t
0s
0r
1y
0c
0i
#4307978623
0t
0s
0r
1y
0c
0i
#4307979004
1t
0s
0r
1y
0c
0i
#4307979602
0t
0s
0r
1y
0c
0i
#4307979984
1t
0s
0r
1y
0c
0i
#4307980581
0t
0s
0r
1y
0c
0i
#4307980964
1t
0s
0r
1y
0c
0i
#4307981563
0t
0s
0r
1y
0c
0i
#4307981945
1t
0s
0r
1y
0c
0i
#4307982540
0t
0s
0r
1y
0c
0i
#4307982923
1t
0s
0r
1y
0c
0i
#4307983521
0t
0s
0r
1y
0c
0i
#4307983902
1t
0s
0r
1y
0c
0i
#4307984502
0t
0s
0r
1y
0c
0i
#4307984883
1t
0s
0r
1y
0c
0i
#4307985477
0t
0s
0r
1y
0c
0i
#4307985861
1t
0s
0r
1y
0c
0i
#4307986457
0t
0s
0r
1y
0c
0i
#4307986839
1t
0s
0r
1y
0c
0i
#4307987437
0t
0s
0r
1y
0c
0i
#4307987819
1t
0s
0r
1y
0c
0i
#4307988413
0t
0s
0r
1y
0c
0i
#4307988796
1t
0s
0r
1y
0c
0i
#4307989391
0t
0s
0r
1y
0c
0i
#4307989774
1t
0s
0r
1y
0c
0i
#4307990371
0t
0s
0r
1y
0c
0i
#4307990755
1t
0s
0r
1y
0c
0i
#4307991348
0t
0s
0r
1y
0c
0i
#4307991733
1t
0s
0r
1y
0c
0i
#4307992328
0t
0s
0r
1y
0c
0i
#4307992713
1t
0s
0r
1y
0c
0i
#4307993312
0t
0s
0r
1y
1c
1i
#4307993695
1t
0s
0r
1y
1c
1i
#4307994292
0t
0s
0r
1y
1c
1i
#4307994678
1t
0s
0r
1y
1c
1i
#4307995276
0t
0s
0r
1y
1c
1i
#4307995662
1t
0s
0r
1y
1c
1i
#4307996264
0t
0s
0r
1y
1c
0i
#4307996648
1t
0s
0r
1y
1c
0i
#4307997246
0t
0s
0r
1y
1c
0i
#4307997631
1t
0s
0r
1y
1c
0i
#4307998230
0t
0s
0r
1y
1c
0i
#4307998615
1t
0s
0r
1y
1c
0i
#4307999216
0t
0s
0r
1y
1c
0i
#4307999601
1t
0s
0r
1y
1c
0i
#4308000198
0t
0s
0r
1y
1c
0i
#4308000585
1t
0s
0r
1y
1c
0i
#4308001182
0t
0s
0r
1y
1c
0i
#4308001570
1t
0s
0r
1y
1c
0i
#4308002171
0t
0s
0r
1y
1c
0i
#4308002557
1t
0s
0r
1y
1c
0i
#4308003155
0t
0s
0r
1y
1c
0i
#4308003542
1t
0s
0r
1y
1c
0i
#4308004142
0t
0s
0r
1y
1c
0i
#4308004529
1t
0s
0r
1y
1c
0i
#4308005132
0t
0s
0r
1y
1c
0i
#4308005520
1t
0s
0r
1y
1c
0i
#4308006119
0t
0s
0r
1y
1c
0i
#4308006508
1t
0s
0r
1y
1c
0i
#4308007109
0t
0s
0r
1y
1c
0i
#4308007497
1t
0s
0r
1y
1c
0i
#4308008102
0t
0s
0r
1y
1c
0i
#4308008489
1t
0s
0r
1y
1c
0i
#4308010058
0t
0s
0r
1y
1c
0i
#4308011165
1t
0s
0r
1y
1c
0i
#4308012067
0t
0s
0r
1y
1c
0i
#4308012442
1t
0s
0r
1y
1c
0i
#4308013045
0t
0s
0r
1y
1c
0i
#4308013430
1t
0s
0r
1y
1c
0i
#4308014032
0t
0s
0r
1y
1c
0i
#4308014417
1t
0s
0r
1y
1c
0i
#4308015018
0t
0s
0r
1y
1c
0i
#4308015403
1t
0s
0r
1y
1c
0i
#4308016003
0t
0s
0r
1y
1c
0i
#4308016388
1t
0s
0r
1y
1c
0i
#4308016991
0t
0s
0r
1y
1c
0i
#4308017374
1t
0s
0r
1y
1c
0i
#4308017974
0t
0s
0r
1y
1c
0i
#4308018358
1t
0s
0r
1y
1c
0i
#4308018958
0t
0s
0r
1y
1c
0i
#4308019343
1t
0s
0r
1y
1c
0i
#4308019945
0t
0s
0r
1y
1c
0i
#4308020330
1t
0s
0r
1y
1c
0i
#4308020928
0t
0s
0r
1y
1c
0i
#4308021315
1t
0s
0r
1y
1c
0i
#4308021916
0t
0s
0r
1y
0c
0i
#4308022302
1t
0s
0r
1y
0c
0i
#4308022907
0t
0s
0r
1y
0c
1i
#4308023292
1t
0s
0r
1y
0c
1i
#4308023895
0t
0s
0r
1y
0c
1i
#4308024281
1t
0s
0r
1y
0c
1i
#4308024885
0t
0s
0r
1y
0c
1i
#4308025272
1t
0s
0r
1y
0c
1i
#4308025880
0t
0s
0r
1y
0c
0i
#4308026265
1t
0s
0r
1y
0c
0i
#4308026868
0t
0s
0r
1y
0c
0i
#4308027255
1t
0s
0r
1y
0c
0i
#4308027860
0t
0s
0r
1y
0c
0i
#4308028245
1t
0s
0r
1y
0c
0i
#4308028852
0t
0s
0r
1y
0c
0i
#4308029236
1t
0s
0r
1y
0c
0i
#4308029838
0t
0s
0r
1y
0c
0i
#4308030225
1t
0s
0r
1y
0c
0i
#4308030827
0t
0s
0r
1y
0c
0i
#4308031213
1t
0s
0r
1y
0c
0i
#4308031818
0t
0s
0r
1y
0c
0i
#4308032201
1t
0s
0r
1y
0c
0i
#4308032802
0t
0s
0r
1y
0c
0i
#4308033187
1t
0s
0r
1y
0c
0i
#4308033789
0t
0s
0r
1y
0c
0i
#4308034172
1t
0s
0r
1y
0c
0i
#4308034775
0t
0s
0r
1y
0c
0i
#4308035157
1t
0s
0r
1y
0c
0i
#4308035755
0t
0s
0r
1y
0c
0i
#4308036138
1t
0s
0r
1y
0c
0i
#4308036737
0t
0s
0r
1y
0c
0i
#4308037119
1t
0s
0r
1y
0c
0i
#4308037720
0t
0s
0r
1y
0c
0i
#4308038101
1t
0s
0r
1y
0c
0i
#4308038698
0t
0s
0r
1y
0c
0i
#4308039081
1t
0s
0r
1y
0c
0i
#4308039678
0t
0s
0r
1y
0c
0i
#4308040062
1t
0s
0r
1y
0c
0i
#4308040661
0t
0s
0r
1y
0c
0i
#4308041043
1t
0s
0r
1y
0c
0i
#4308041639
0t
0s
0r
1y
0c
0i
#4308042023
1t
0s
0r
1y
0c
0i
#4308042620
0t
0s
0r
1y
0c
0i
#4308043003
1t
0s
0r
1y
0c
0i
#4308043602
0t
0s
0r
1y
0c
0i
#4308043984
1t
0s
0r
1y
0c
0i
#4308044579
0t
0s
0r
1y
0c
0i
#4308044964
1t
0s
0r
1y
0c
0i
#4308045559
0t
0s
0r
1y
0c
0i
#4308045943
1t
0s
0r
1y
0c
0i
#4308046541
0t
0s
0r
1y
0c
0i
#4308046923
1t
0s
0r
1y
0c
0i
#4308047518
0t
0s
0r
1y
0c
0i
#4308047901
1t
0s
0r
1y
0c
0i
#4308048497
0t
0s
0r
1y
0c
0i
#4308048880
1t
0s
0r
1y
0c
0i
#4308049477
0t
0s
0r
1y
0c
0i
#4308049861
1t
0s
0r
1y
0c
0i
#4308050454
0t
0s
0r
1y
0c
0i
#4308050839
1t
0s
0r
1y
0c
0i
#4308051436
0t
0s
0r
1y
0c
0i
#4308051820
1t
0s
0r
1y
0c
0i
#4308052420
0t
0s
0r
1y
1c
1i
#4308052803
1t
0s
0r
1y
1c
1i
#4308053400
0t
0s
0r
1y
1c
1i
#4308053785
1t
0s
0r
1y
1c
1i
#4308054384
0t
0s
0r
1y
1c
1i
#4308054770
1t
0s
0r
1y
1c
1i
#4308055372
0t
0s
0r
1y
1c
0i
#4308055756
1t
0s
0r
1y
1c
0i
#4308056354
0t
0s
0r
1y
1c
0i
#4308056740
1t
0s
0r
1y
1c
0i
#4308057339
0t
0s
0r
1y
1c
0i
#4308057725
1t
0s
0r
1y
1c
0i
#4308058326
0t
0s
0r
1y
1c
0i
#4308058711
1t
0s
0r
1y
1c
0i
#4308059307
0t
0s
0r
1y
1c
0i
#4308059695
1t
0s
0r
1y
1c
0i
#4308060294
0t
0s
0r
1y
1c
0i
#4308060681
1t
0s
0r
1y
1c
0i
#4308061282
0t
0s
0r
1y
1c
0i
#4308061668
1t
0s
0r
1y
1c
0i
#4308062267
0t
0s
0r
1y
1c
0i
#4308062655
1t
0s
0r
1y
1c
0i
#4308063256
0t
0s
0r
1y
1c
0i
#4308063644
1t
0s
0r
1y
1c
0i
#4308064248
0t
0s
0r
1y
1c
0i
#4308064637
1t
0s
0r
1y
1c
0i
#4308065237
0t
0s
0r
1y
1c
0i
#4308065628
1t
0s
0r
1y
1c
0i
#4308066230
0t
0s
0r
1y
1c
0i
#4308066620
1t
0s
0r
1y
1c
0i
#4308067226
0t
0s
0r
1y
1c
0i
#4308067614
1t
0s
0r
1y
1c
0i
#4308069191
0t
0s
0r
1y
1c
0i
#4308070301
1t
0s
0r
1y
1c
0i
#4308071208
0t
0s
0r
1y
1c
0i
#4308071584
1t
0s
0r
1y
1c
0i
#4308072191
0t
0s
0r
1y
1c
0i
#4308072576
1t
0s
0r
1y
1c
0i
#4308073181
0t
0s
0r
1y
1c
0i
#4308073568
1t
0s
0r
1y
1c
0i
#4308074171
0t
0s
0r
1y
1c
0i
#4308074558
1t
0s
0r
1y
1c
0i
#4308075161
0t
0s
0r
1y
1c
0i
#4308075548
1t
0s
0r
1y
1c
0i
#4308076153
0t
0s
0r
1y
1c
0i
#4308076538
1t
0s
0r
1y
1c
0i
#4308077140
0t
0s
0r
1y
1c
0i
#4308077526
1t
0s
0r
1y
1c
0i
#4308078130
0t
0s
0r
1y
1c
0i
#4308078515
1t
0s
0r
1y
1c
0i
#4308079120
0t
0s
0r
1y
1c
0i
#4308079507
1t
0s
0r
1y
1c
0i
#4308080109
0t
0s
0r
1y
1c
0i
#4308080497
1t
0s
0r
1y
1c
0i
#4308081102
0t
0s
0r
1y
1c
0i
#4308081489
1t
0s
0r
1y
1c
0i
#4308082098
0t
0s
0r
1y
0c
1i
#4308082484
1t
0s
0r
1y
0c
1i
#4308083091
0t
0s
0r
1y
0c
1i
#4308083479
1t
0s
0r
1y
0c
1i
#4308084087
0t
0s
0r
1y
0c
1i
#4308084418
0t
0s
1r
1y
0c
1i
#4308084420
0t
0s
0r
1y
0c
1i
#4308084476
1t
0s
0r
1y
0c
1i
#4308085087
0t
0s
0r
1y
0c
0i
#4308085475
1t
0s
0r
1y
0c
0i
#4308086082
0t
0s
0r
1y
0c
0i
#4308086470
1t
0s
0r
1y
0c
0i
#4308087079
0t
0s
0r
1y
0c
0i
#4308087466
1t
0s
0r
1y
0c
0i
#4308088077
0t
0s
0r
1y
0c
0i
#4308088464
1t
0s
0r
1y
0c
0i
#4308089070
0t
0s
0r
1y
0c
0i
#4308089459
1t
0s
0r
1y
0c
0i
#4308090067
0t
0s
0r
1y
0c
0i
#4308090455
1t
0s
0r
1y
0c
0i
#4308091066
0t
0s
0r
1y
0c
0i
#4308091453
1t
0s
0r
1y
0c
0i
#4308092061
0t
0s
0r
1y
0c
0i
#4308092450
1t
0s
0r
1y
0c
0i
#4308093060
0t
0s
0r
1y
0c
0i
#4308093448
1t
0s
0r
1y
0c
0i
#4308094062
0t
0s
0r
1y
0c
0i
#4308094449
1t
0s
0r
1y
0c
0i
#4308095059
0t
0s
0r
1y
0c
0i
#4308095448
1t
0s
0r
1y
0c
0i
#4308096061
0t
0s
0r
1y
0c
0i
#4308096450
1t
0s
0r
1y
0c
0i
#4308097066
0t
0s
0r
1y
0c
0i
#4308097454
1t
0s
0r
1y
0c
0i
#4308098067
0t
0s
0r
1y
0c
0i
#4308098457
1t
0s
0r
1y
0c
0i
#4308099070
0t
0s
0r
1y
0c
0i
#4308099461
1t
0s
0r
1y
0c
0i
#4308100076
0t
0s
0r
1y
0c
0i
#4308100466
1t
0s
0r
1y
0c
0i
#4308101077
0t
0s
0r
1y
0c
0i
#4308101469
1t
0s
0r
1y
0c
0i
#4308102081
0t
0s
0r
1y
0c
0i
#4308102472
1t
0s
0r
1y
0c
0i
#4308103087
0t
0s
0r
1y
0c
0i
#4308103476
1t
0s
0r
1y
0c
0i
#4308104087
0t
0s
0r
1y
0c
0i
#4308104479
1t
0s
0r
1y
0c
0i
#4308105090
0t
0s
0r
1y
0c
0i
#4308105481
1t
0s
0r
1y
0c
0i
#4308106095
0t
0s
0r
1y
0c
0i
#4308106484
1t
0s
0r
1y
0c
0i
#4308107095
0t
0s
0r
1y
0c
0i
#4308107486
1t
0s
0r
1y
0c
0i
#4308108097
0t
0s
0r
1y
0c
0i
#4308108488
1t
0s
0r
1y
0c
0i
#4308109102
0t
0s
0r
1y
0c
0i
#4308109493
1t
0s
0r
1y
0c
0i
#4308110103
0t
0s
0r
1y
0c
0i
#4308110496
1t
0s
0r
1y
0c
0i
#4308111108
0t
0s
0r
1y
0c
0i
#4308111502
1t
0s
0r
1y
0c
0i
#4308112118
0t
0s
0r
1y
1c
1i
#4308112510
1t
0s
0r
1y
1c
1i
#4308113124
0t
0s
0r
1y
1c
1i
#4308113518
1t
0s
0r
1y
1c
1i
#4308114133
0t
0s
0r
1y
1c
1i
#4308114527
1t
0s
0r
1y
1c
1i
#4308115146
0t
0s
0r
1y
1c
0i
#4308115539
1t
0s
0r
1y
1c
0i
#4308116154
0t
0s
0r
1y
1c
0i
#4308116548
1t
0s
0r
1y
1c
0i
#4308117164
0t
0s
0r
1y
1c
0i
#4308117557
1t
0s
0r
1y
1c
0i
#4308118175
0t
0s
0r
1y
1c
0i
#4308118567
1t
0s
0r
1y
1c
0i
#4308119180
0t
0s
0r
1y
1c
0i
#4308119576
1t
0s
0r
1y
1c
0i
#4308120190
0t
0s
0r
1y
1c
0i
#4308120585
1t
0s
0r
1y
1c
0i
#4308121202
0t
0s
0r
1y
1c
0i
#4308121596
1t
0s
0r
1y
1c
0i
#4308122209
0t
0s
0r
1y
1c
0i
#4308122605
1t
0s
0r
1y
1c
0i
#4308123220
0t
0s
0r
1y
1c
0i
#4308123615
1t
0s
0r
1y
1c
0i
#4308124232
0t
0s
0r
1y
1c
0i
#4308124628
1t
0s
0r
1y
1c
0i
#4308125242
0t
0s
0r
1y
1c
0i
#4308125639
1t
0s
0r
1y
1c
0i
#4308126255
0t
0s
0r
1y
1c
0i
#4308126651
1t
0s
0r
1y
1c
0i
#4308127270
0t
0s
0r
1y
1c
0i
#4308127665
1t
0s
0r
1y
1c
0i
#4308129272
0t
0s
0r
1y
1c
0i
#4308130402
1t
0s
0r
1y
1c
0i
#4308131327
0t
0s
0r
1y
1c
0i
#4308131709
1t
0s
0r
1y
1c
0i
#4308132328
0t
0s
0r
1y
1c
0i
#4308132721
1t
0s
0r
1y
1c
0i
#4308133338
0t
0s
0r
1y
1c
0i
#4308133731
1t
0s
0r
1y
1c
0i
#4308134347
0t
0s
0r
1y
1c
0i
#4308134742
1t
0s
0r
1y
1c
0i
#4308135358
0t
0s
0r
1y
1c
0i
#4308135751
1t
0s
0r
1y
1c
0i
#4308136369
0t
0s
0r
1y
1c
0i
#4308136761
1t
0s
0r
1y
1c
0i
#4308137376
0t
0s
0r
1y
1c
0i
#4308137769
1t
0s
0r
1y
1c
0i
#4308138386
0t
0s
0r
1y
1c
0i
#4308138779
1t
0s
0r
1y
1c
0i
#4308139397
0t
0s
0r
1y
1c
0i
#4308139791
1t
0s
0r
1y
1c
0i
#4308140406
0t
0s
0r
1y
1c
0i
#4308140801
1t
0s
0r
1y
1c
0i
#4308141418
0t
0s
0r
1y
1c
0i
#4308141813
1t
0s
0r
1y
1c
0i
#4308142435
0t
0s
0r
1y
0c
1i
#4308142827
1t
0s
0r
1y
0c
1i
#4308143447
0t
0s
0r
1y
0c
1i
#4308143842
1t
0s
0r
1y
0c
1i
#4308144463
0t
0s
0r
1y
0c
1i
#4308144858
1t
0s
0r
1y
0c
1i
#4308145482
0t
0s
0r
1y
0c
0i
#4308145876
1t
0s
0r
1y
0c
0i
#4308146496
0t
0s
0r
1y
0c
0i
#4308146891
1t
0s
0r
1y
0c
0i
#4308147512
0t
0s
0r
1y
0c
0i
#4308147906
1t
0s
0r
1y
0c
0i
#4308148529
0t
0s
0r
1y
0c
0i
#4308148922
1t
0s
0r
1y
0c
0i
#4308149541
0t
0s
0r
1y
0c
0i
#4308149937
1t
0s
0r
1y
0c
0i
#4308150556
0t
0s
0r
1y
0c
0i
#4308150951
1t
0s
0r
1y
0c
0i
#4308151573
0t
0s
0r
1y
0c
0i
#4308151965
1t
0s
0r
1y
0c
0i
#4308152585
0t
0s
0r
1y
0c
0i
#4308152979
1t
0s
0r
1y
0c
0i
#4308153599
0t
0s
0r
1y
0c
0i
#4308153992
1t
0s
0r
1y
0c
0i
#4308154614
0t
0s
0r
1y
0c
0i
#4308155006
1t
0s
0r
1y
0c
0i
#4308155624
0t
0s
0r
1y
0c
0i
#4308156017
1t
0s
0r
1y
0c
0i
#4308156636
0t
0s
0r
1y
0c
0i
#4308157029
1t
0s
0r
1y
0c
0i
#4308157651
0t
0s
0r
1y
0c
0i
#4308158042
1t
0s
0r
1y
0c
0i
#4308158660
0t
0s
0r
1y
0c
0i
#4308159053
1t
0s
0r
1y
0c
0i
#4308159670
0t
0s
0r
1y
0c
0i
#4308160065
1t
0s
0r
1y
0c
0i
#4308160684
0t
0s
0r
1y
0c
0i
#4308161076
1t
0s
0r
1y
0c
0i
#4308161692
0t
0s
0r
1y
0c
0i
#4308162086
1t
0s
0r
1y
0c
0i
#4308162703
0t
0s
0r
1y
0c
0i
#4308163096
1t
0s
0r
1y
0c
0i
#4308163715
0t
0s
0r
1y
0c
0i
#4308164107
1t
0s
0r
1y
0c
0i
#4308164722
0t
0s
0r
1y
0c
0i
#4308165116
1t
0s
0r
1y
0c
0i
#4308165731
0t
0s
0r
1y
0c
0i
#4308166125
1t
0s
0r
1y
0c
0i
#4308166743
0t
0s
0r
1y
0c
0i
#4308167135
1t
0s
0r
1y
0c
0i
#4308167749
0t
0s
0r
1y
0c
0i
#4308168143
1t
0s
0r
1y
0c
0i
#4308168758
0t
0s
0r
1y
0c
0i
#4308169152
1t
0s
0r
1y
0c
0i
#4308169770
0t
0s
0r
1y
0c
0i
#4308170164
1t
0s
0r
1y
0c
0i
#4308170777
0t
0s
0r
1y
0c
0i
#4308171173
1t
0s
0r
1y
0c
0i
#4308171788
0t
0s
0r
1y
0c
0i
#4308172183
1t
0s
0r
1y
0c
0i
#4308172803
0t
0s
0r
1y
1c
1i
#4308173197
1t
0s
0r
1y
1c
1i
#4308173815
0t
0s
0r
1y
1c
1i
#4308174211
1t
0s
0r
1y
1c
1i
#4308174830
0t
0s
0r
1y
1c
1i
#4308175226
1t
0s
0r
1y
1c
1i
#4308175848
0t
0s
0r
1y
1c
0i
#4308176243
1t
0s
0r
1y
1c
0i
#4308176861
0t
0s
0r
1y
1c
0i
#4308177257
1t
0s
0r
1y
1c
0i
#4308177876
0t
0s
0r
1y
1c
0i
#4308178272
1t
0s
0r
1y
1c
0i
#4308178894
0t
0s
0r
1y
1c
0i
#4308179289
1t
0s
0r
1y
1c
0i
#4308179905
0t
0s
0r
1y
1c
0i
#4308180304
1t
0s
0r
1y
1c
0i
#4308180921
0t
0s
0r
1y
1c
0i
#4308181319
1t
0s
0r
1y
1c
0i
#4308181941
0t
0s
0r
1y
1c
0i
#4308182337
1t
0s
0r
1y
1c
0i
#4308182956
0t
0s
0r
1y
1c
0i
#4308183353
1t
0s
0r
1y
1c
0i
#4308183974
0t
0s
0r
1y
1c
0i
#4308184372
1t
0s
0r
1y
1c
0i
#4308184995
0t
0s
0r
1y
1c
0i
#4308185393
1t
0s
0r
1y
1c
0i
#4308186014
0t
0s
0r
1y
1c
0i
#4308186413
1t
0s
0r
1y
1c
0i
#4308187035
0t
0s
0r
1y
1c
0i
#4308187434
1t
0s
0r
1y
1c
0i
#4308188059
0t
0s
0r
1y
1c
0i
#4308188457
1t
0s
0r
1y
1c
0i
#4308190079
0t
0s
0r
1y
1c
0i
#4308191218
1t
0s
0r
1y
1c
0i
#4308192152
0t
0s
0r
1y
1c
0i
#4308192537
1t
0s
0r
1y
1c
0i
#4308193163
0t
0s
0r
1y
1c
0i
#4308193557
1t
0s
0r
1y
1c
0i
#4308194180
0t
0s
0r
1y
1c
0i
#4308194576
1t
0s
0r
1y
1c
0i
#4308195198
0t
0s
0r
1y
1c
0i
#4308195595
1t
0s
0r
1y
1c
0i
#4308196217
0t
0s
0r
1y
1c
0i
#4308196613
1t
0s
0r
1y
1c
0i
#4308197237
0t
0s
0r
1y
1c
0i
#4308197631
1t
0s
0r
1y
1c
0i
#4308198251
0t
0s
0r
1y
1c
0i
#4308198647
1t
0s
0r
1y
1c
0i
#4308199269
0t
0s
0r
1y
1c
0i
#4308199664
1t
0s
0r
1y
1c
0i
#4308200288
0t
0s
0r
1y
1c
0i
#4308200684
1t
0s
0r
1y
1c
0i
#4308201304
0t
0s
0r
1y
1c
0i
#4308201702
1t
0s
0r
1y
1c
0i
#4308202324
0t
0s
0r
1y
1c
0i
#4308202721
1t
0s
0r
1y
1c
0i
#4308203348
0t
0s
0r
1y
0c
1i
#4308203744
1t
0s
0r
1y
0c
1i
#4308204369
0t
0s
0r
1y
0c
1i
#4308204766
1t
0s
0r
1y
0c
1i
#4308205393
0t
0s
0r
1y
0c
1i
#4308205668
0t
0s
1r
1y
0c
1i
#4308205670
0t
0s
0r
1y
0c
1i
#4308205791
1t
0s
0r
1y
0c
1i
#4308206420
0t
0s
0r
1y
0c
0i
#4308206817
1t
0s
0r
1y
0c
0i
#4308207442
0t
0s
0r
1y
0c
0i
#4308207840
1t
0s
0r
1y
0c
0i
#4308208467
0t
0s
0r
1y
0c
0i
#4308208863
1t
0s
0r
1y
0c
0i
#4308209492
0t
0s
0r
1y
0c
0i
#4308209888
1t
0s
0r
1y
0c
0i
#4308210512
0t
0s
0r
1y
0c
0i
#4308210911
1t
0s
0r
1y
0c
0i
#4308211536
0t
0s
0r
1y
0c
0i
#4308211934
1t
0s
0r
1y
0c
0i
#4308212562
0t
0s
0r
1y
0c
0i
#4308212958
1t
0s
0r
1y
0c
0i
#4308213584
0t
0s
0r
1y
0c
0i
#4308213981
1t
0s
0r
1y
0c
0i
#4308214609
0t
0s
0r
1y
0c
0i
#4308215006
1t
0s
0r
1y
0c
0i
#4308215636
0t
0s
0r
1y
0c
0i
#4308216032
1t
0s
0r
1y
0c
0i
#4308216659
0t
0s
0r
1y
0c
0i
#4308217056
1t
0s
0r
1y
0c
0i
#4308217684
0t
0s
0r
1y
0c
0i
#4308218081
1t
0s
0r
1y
0c
0i
#4308218712
0t
0s
0r
1y
0c
0i
#4308219107
1t
0s
0r
1y
0c
0i
#4308219735
0t
0s
0r
1y
0c
0i
#4308220132
1t
0s
0r
1y
0c
0i
#4308220759
0t
0s
0r
1y
0c
0i
#4308221157
1t
0s
0r
1y
0c
0i
#4308221786
0t
0s
0r
1y
0c
0i
#4308222182
1t
0s
0r
1y
0c
0i
#4308222807
0t
0s
0r
1y
0c
0i
#4308223205
1t
0s
0r
1y
0c
0i
#4308223832
0t
0s
0r
1y
0c
0i
#4308224229
1t
0s
0r
1y
0c
0i
#4308224857
0t
0s
0r
1y
0c
0i
#4308225253
1t
0s
0r
1y
0c
0i
#4308225877
0t
0s
0r
1y
0c
0i
#4308226276
1t
0s
0r
1y
0c
0i
#4308226900
0t
0s
0r
1y
0c
0i
#4308227298
1t
0s
0r
1y
0c
0i
#4308227926
0t
0s
0r
1y
0c
0i
#4308228322
1t
0s
0r
1y
0c
0i
#4308228945
0t
0s
0r
1y
0c
0i
#4308229344
1t
0s
0r
1y
0c
0i
#4308229968
0t
0s
0r
1y
0c
0i
#4308230367
1t
0s
0r
1y
0c
0i
#4308230993
0t
0s
0r
1y
0c
0i
#4308231392
1t
0s
0r
1y
0c
0i
#4308232015
0t
0s
0r
1y
0c
0i
#4308232415
1t
0s
0r
1y
0c
0i
#4308233041
0t
0s
0r
1y
0c
0i
#4308233441
1t
0s
0r
1y
1c
0i
#4308234071
0t
0s
0r
1y
1c
1i
#4308234469
1t
0s
0r
1y
1c
1i
#4308235097
0t
0s
0r
1y
1c
1i
#4308235498
1t
0s
0r
1y
1c
1i
#4308236127
0t
0s
0r
1y
1c
1i
#4308236528
1t
0s
0r
1y
1c
1i
#4308237160
0t
0s
0r
1y
1c
0i
#4308237560
1t
0s
0r
1y
1c
0i
#4308238188
0t
0s
0r
1y
1c
0i
#4308238589
1t
0s
0r
1y
1c
0i
#4308239219
0t
0s
0r
1y
1c
0i
#4308239619
1t
0s
0r
1y
1c
0i
#4308240252
0t
0s
0r
1y
1c
0i
#4308240651
1t
0s
0r
1y
1c
0i
#4308241277
0t
0s
0r
1y
1c
0i
#4308241680
1t
0s
0r
1y
1c
0i
#4308242308
0t
0s
0r
1y
1c
0i
#4308242710
1t
0s
0r
1y
1c
0i
#4308243341
0t
0s
0r
1y
1c
0i
#4308243742
1t
0s
0r
1y
1c
0i
#4308244370
0t
0s
0r
1y
1c
0i
#4308244773
1t
0s
0r
1y
1c
0i
#4308245402
0t
0s
0r
1y
1c
0i
#4308245804
1t
0s
0r
1y
1c
0i
#4308246436
0t
0s
0r
1y
1c
0i
#4308246839
1t
0s
0r
1y
1c
0i
#4308247468
0t
0s
0r
1y
1c
0i
#4308247872
1t
0s
0r
1y
1c
0i
#4308248502
0t
0s
0r
1y
1c
0i
#4308248905
1t
0s
0r
1y
1c
0i
#4308249539
0t
0s
0r
1y
1c
0i
#4308249941
1t
0s
0r
1y
1c
0i
#4308251583
0t
0s
0r
1y
1c
0i
#4308252736
1t
0s
0r
1y
1c
0i
#4308253683
0t
0s
0r
1y
1c
0i
#4308254072
1t
0s
0r
1y
1c
0i
#4308254706
0t
0s
0r
1y
1c
0i
#4308255105
1t
0s
0r
1y
1c
0i
#4308255737
0t
0s
0r
1y
1c
0i
#4308256137
1t
0s
0r
1y
1c
0i
#4308256768
0t
0s
0r
1y
1c
0i
#4308257169
1t
0s
0r
1y
1c
0i
#4308257799
0t
0s
0r
1y
1c
0i
#4308258200
1t
0s
0r
1y
1c
0i
#4308258832
0t
0s
0r
1y
1c
0i
#4308259231
1t
0s
0r
1y
1c
0i
#4308259860
0t
0s
0r
1y
1c
0i
#4308260260
1t
0s
0r
1y
1c
0i
#4308260890
0t
0s
0r
1y
1c
0i
#4308261290
1t
0s
0r
1y
1c
0i
#4308261923
0t
0s
0r
1y
1c
0i
#4308262323
1t
0s
0r
1y
1c
0i
#4308262952
0t
0s
0r
1y
1c
0i
#4308263354
1t
0s
0r
1y
1c
0i
#4308263986
0t
0s
0r
1y
1c
0i
#4308264387
1t
0s
0r
1y
0c
0i
#4308265024
0t
0s
0r
1y
0c
1i
#4308265424
1t
0s
0r
1y
0c
1i
#4308266058
0t
0s
0r
1y
0c
1i
#4308266460
1t
0s
0r
1y
0c
1i
#4308267096
0t
0s
0r
1y
0c
1i
#4308267498
1t
0s
0r
1y
0c
1i
#4308268137
0t
0s
0r
1y
0c
0i
#4308268538
1t
0s
0r
1y
0c
0i
#4308269173
0t
0s
0r
1y
0c
0i
#4308269576
1t
0s
0r
1y
0c
0i
#4308270211
0t
0s
0r
1y
0c
0i
#4308270613
1t
0s
0r
1y
0c
0i
#4308271251
0t
0s
0r
1y
0c
0i
#4308271651
1t
0s
0r
1y
0c
0i
#4308272284
0t
0s
0r
1y
0c
0i
#4308272687
1t
0s
0r
1y
0c
0i
#4308273320
0t
0s
0r
1y
0c
0i
#4308273721
1t
0s
0r
1y
0c
0i
#4308274358
0t
0s
0r
1y
0c
0i
#4308274757
1t
0s
0r
1y
0c
0i
#4308275389
0t
0s
0r
1y
0c
0i
#4308275790
1t
0s
0r
1y
0c
0i
#4308276423
0t
0s
0r
1y
0c
0i
#4308276822
1t
0s
0r
1y
0c
0i
#4308277458
0t
0s
0r
1y
0c
0i
#4308277855
1t
0s
0r
1y
0c
0i
#4308278486
0t
0s
0r
1y
0c
0i
#4308278885
1t
0s
0r
1y
0c
0i
#4308279516
0t
0s
0r
1y
0c
0i
#4308279915
1t
0s
0r
1y
0c
0i
#4308280549
0t
0s
0r
1y
0c
0i
#4308280946
1t
0s
0r
1y
0c
0i
#4308281575
0t
0s
0r
1y
0c
0i
#4308281975
1t
0s
0r
1y
0c
0i
#4308282605
0t
0s
0r
1y
0c
0i
#4308283005
1t
0s
0r
1y
0c
0i
#4308283636
0t
0s
0r
1y
0c
0i
#4308284035
1t
0s
0r
1y
0c
0i
#4308284662
0t
0s
0r
1y
0c
0i
#4308285063
1t
0s
0r
1y
0c
0i
#4308285692
0t
0s
0r
1y
0c
0i
#4308286091
1t
0s
0r
1y
0c
0i
#4308286723
0t
0s
0r
1y
0c
0i
#4308287121
1t
0s
0r
1y
0c
0i
#4308287748
0t
0s
0r
1y
0c
0i
#4308288149
1t
0s
0r
1y
0c
0i
#4308288777
0t
0s
0r
1y
0c
0i
#4308289177
1t
0s
0r
1y
0c
0i
#4308289807
0t
0s
0r
1y
0c
0i
#4308290206
1t
0s
0r
1y
0c
0i
#4308290832
0t
0s
0r
1y
0c
0i
#4308291232
1t
0s
0r
1y
0c
0i
#4308291861
0t
0s
0r
1y
0c
0i
#4308292260
1t
0s
0r
1y
0c
0i
#4308292890
0t
0s
0r
1y
0c
0i
#4308293291
1t
0s
0r
1y
0c
0i
#4308293917
0t
0s
0r
1y
0c
0i
#4308294319
1t
0s
0r
1y
0c
0i
#4308294948
0t
0s
0r
1y
0c
0i
#4308295349
1t
0s
0r
1y
1c
0i
#4308295983
0t
0s
0r
1y
1c
1i
#4308296383
1t
0s
0r
1y
1c
1i
#4308297013
0t
0s
0r
1y
1c
1i
#4308297416
1t
0s
0r
1y
1c
1i
#4308298048
0t
0s
0r
1y
1c
1i
#4308298451
1t
0s
0r
1y
1c
1i
#4308299087
0t
0s
0r
1y
1c
0i
#4308299488
1t
0s
0r
1y
1c
0i
#4308300120
0t
0s
0r
1y
1c
0i
#4308300523
1t
0s
0r
1y
1c
0i
#4308301155
0t
0s
0r
1y
1c
0i
#4308301558
1t
0s
0r
1y
1c
0i
#4308302193
0t
0s
0r
1y
1c
0i
#4308302594
1t
0s
0r
1y
1c
0i
#4308303224
0t
0s
0r
1y
1c
0i
#4308303628
1t
0s
0r
1y
1c
0i
#4308304259
0t
0s
0r
1y
1c
0i
#4308304663
1t
0s
0r
1y
1c
0i
#4308305297
0t
0s
0r
1y
1c
0i
#4308305700
1t
0s
0r
1y
1c
0i
#4308306330
0t
0s
0r
1y
1c
0i
#4308306734
1t
0s
0r
1y
1c
0i
#4308307365
0t
0s
0r
1y
1c
0i
#4308307769
1t
0s
0r
1y
1c
0i
#4308308403
0t
0s
0r
1y
1c
0i
#4308308807
1t
0s
0r
1y
1c
0i
#4308309437
0t
0s
0r
1y
1c
0i
#4308309842
1t
0s
0r
1y
1c
0i
#4308310474
0t
0s
0r
1y
1c
0i
#4308310878
1t
0s
0r
1y
1c
0i
#4308311512
0t
0s
0r
1y
1c
0i
#4308311915
1t
0s
0r
1y
1c
0i
#4308313561
0t
0s
0r
1y
1c
0i
#4308314714
1t
0s
0r
1y
1c
0i
#4308315663
0t
0s
0r
1y
1c
0i
#4308316052
1t
0s
0r
1y
1c
0i
#4308316687
0t
0s
0r
1y
1c
0i
#4308317087
1t
0s
0r
1y
1c
0i
#4308317719
0t
0s
0r
1y
1c
0i
#4308318120
1t
0s
0r
1y
1c
0i
#4308318752
0t
0s
0r
1y
1c
0i
#4308319154
1t
0s
0r
1y
1c
0i
#4308319785
0t
0s
0r
1y
1c
0i
#4308320186
1t
0s
0r
1y
1c
0i
#4308320820
0t
0s
0r
1y
1c
0i
#4308321220
1t
0s
0r
1y
1c
0i
#4308321850
0t
0s
0r
1y
1c
0i
#4308322251
1t
0s
0r
1y
1c
0i
#4308322882
0t
0s
0r
1y
1c
0i
#4308323283
1t
0s
0r
1y
1c
0i
#4308323917
0t
0s
0r
1y
1c
0i
#4308324319
1t
0s
0r
1y
1c
0i
#4308324949
0t
0s
0r
1y
1c
0i
#4308325352
1t
0s
0r
1y
1c
0i
#4308325985
0t
0s
0r
1y
1c
0i
#4308326387
1t
0s
0r
1y
0c
0i
#4308327025
0t
0s
0r
1y
0c
1i
#4308327426
1t
0s
0r
1y
0c
1i
#4308328062
0t
0s
0r
1y
0c
1i
#4308328464
1t
0s
0r
1y
0c
1i
#4308329102
0t
0s
0r
1y
0c
1i
#4308329474
0t
0s
1r
1y
0c
1i
#4308329477
0t
0s
0r
1y
0c
1i
#4308329505
1t
0s
0r
1y
0c
1i
#4308330145
0t
0s
0r
1y
0c
0i
#4308330548
1t
0s
0r
1y
0c
0i
#4308331184
0t
0s
0r
1y
0c
0i
#4308331587
1t
0s
0r
1y
0c
0i
#4308332224
0t
0s
0r
1y
0c
0i
#4308332627
1t
0s
0r
1y
0c
0i
#4308333266
0t
0s
0r
1y
0c
0i
#4308333667
1t
0s
0r
1y
0c
0i
#4308334301
0t
0s
0r
1y
0c
0i
#4308334705
1t
0s
0r
1y
0c
0i
#4308335339
0t
0s
0r
1y
0c
0i
#4308335741
1t
0s
0r
1y
0c
0i
#4308336377
0t
0s
0r
1y
0c
0i
#4308336776
1t
0s
0r
1y
0c
0i
#4308337408
0t
0s
0r
1y
0c
0i
#4308337808
1t
0s
0r
1y
0c
0i
#4308338440
0t
0s
0r
1y
0c
0i
#4308338838
1t
0s
0r
1y
0c
0i
#4308339471
0t
0s
0r
1y
0c
0i
#4308339868
1t
0s
0r
1y
0c
0i
#4308340497
0t
0s
0r
1y
0c
0i
#4308340894
1t
0s
0r
1y
0c
0i
#4308341524
0t
0s
0r
1y
0c
0i
#4308341921
1t
0s
0r
1y
0c
0i
#4308342553
0t
0s
0r
1y
0c
0i
#4308342950
1t
0s
0r
1y
0c
0i
#4308343579
0t
0s
0r
1y
0c
0i
#4308343977
1t
0s
0r
1y
0c
0i
#4308344606
0t
0s
0r
1y
0c
0i
#4308345005
1t
0s
0r
1y
0c
0i
#4308345636
0t
0s
0r
1y
0c
0i
#4308346034
1t
0s
0r
1y
0c
0i
#4308346662
0t
0s
0r
1y
0c
0i
#4308347061
1t
0s
0r
1y
0c
0i
#4308347691
0t
0s
0r
1y
0c
0i
#4308348090
1t
0s
0r
1y
0c
0i
#4308348722
0t
0s
0r
1y
0c
0i
#4308349119
1t
0s
0r
1y
0c
0i
#4308349747
0t
0s
0r
1y
0c
0i
#4308350147
1t
0s
0r
1y
0c
0i
#4308350776
0t
0s
0r
1y
0c
0i
#4308351175
1t
0s
0r
1y
0c
0i
#4308351806
0t
0s
0r
1y
0c
0i
#4308352205
1t
0s
0r
1y
0c
0i
#4308352831
0t
0s
0r
1y
0c
0i
#4308353231
1t
0s
0r
1y
0c
0i
#4308353859
0t
0s
0r
1y
0c
0i
#4308354259
1t
0s
0r
1y
0c
0i
#4308354889
0t
0s
0r
1y
0c
0i
#4308355290
1t
0s
0r
1y
0c
0i
#4308355916
0t
0s
0r
1y
0c
0i
#4308356318
1t
0s
0r
1y
0c
0i
#4308356947
0t
0s
0r
1y
0c
0i
#4308357349
1t
0s
0r
1y
1c
0i
#4308357982
0t
0s
0r
1y
1c
1i
#4308358382
1t
0s
0r
1y
1c
1i
#4308359013
0t
0s
0r
1y
1c
1i
#4308359416
1t
0s
0r
1y
1c
1i
#4308360048
0t
0s
0r
1y
1c
1i
#4308360451
1t
0s
0r
1y
1c
1i
#4308361087
0t
0s
0r
1y
1c
0i
#4308361488
1t
0s
0r
1y
1c
0i
#4308362119
0t
0s
0r
1y
1c
0i
#4308362522
1t
0s
0r
1y
1c
0i
#4308363155
0t
0s
0r
1y
1c
0i
#4308363557
1t
0s
0r
1y
1c
0i
#4308364192
0t
0s
0r
1y
1c
0i
#4308364594
1t
0s
0r
1y
1c
0i
#4308365224
0t
0s
0r
1y
1c
0i
#4308365628
1t
0s
0r
1y
1c
0i
#4308366258
0t
0s
0r
1y
1c
0i
#4308366662
1t
0s
0r
1y
1c
0i
#4308367295
0t
0s
0r
1y
1c
0i
#4308367698
1t
0s
0r
1y
1c
0i
#4308368327
0t
0s
0r
1y
1c
0i
#4308368730
1t
0s
0r
1y
1c
0i
#4308369360
0t
0s
0r
1y
1c
0i
#4308369763
1t
0s
0r
1y
1c
0i
#4308370394
0t
0s
0r
1y
1c
0i
#4308370797
1t
0s
0r
1y
1c
0i
#4308371424
0t
0s
0r
1y
1c
0i
#4308371828
1t
0s
0r
1y
1c
0i
#4308372456
0t
0s
0r
1y
1c
0i
#4308372858
1t
0s
0r
1y
1c
0i
#4308373490
0t
0s
0r
1y
1c
0i
#4308373891
1t
0s
0r
1y
1c
0i
#4308375528
0t
0s
0r
1y
1c
0i
#4308376677
1t
0s
0r
1y
1c
0i
#4308377620
0t
0s
0r
1y
1c
0i
#4308378009
1t
0s
0r
1y
1c
0i
#4308378641
0t
0s
0r
1y
1c
0i
#4308379040
1t
0s
0r
1y
1c
0i
#4308379670
0t
0s
0r
1y
1c
0i
#4308380070
1t
0s
0r
1y
1c
0i
#4308380698
0t
0s
0r
1y
1c
0i
#4308381100
1t
0s
0r
1y
1c
0i
#4308381729
0t
0s
0r
1y
1c
0i
#4308382128
1t
0s
0r
1y
1c
0i
#4308382760
0t
0s
0r
1y
1c
0i
#4308383158
1t
0s
0r
1y
1c
0i
#4308383785
0t
0s
0r
1y
1c
0i
#4308384185
1t
0s
0r
1y
1c
0i
#4308384815
0t
0s
0r
1y
1c
0i
#4308385214
1t
0s
0r
1y
1c
0i
#4308385845
0t
0s
0r
1y
1c
0i
#4308386245
1t
0s
0r
1y
1c
0i
#4308386872
0t
0s
0r
1y
0c
0i
#4308387274
1t
0s
0r
1y
0c
0i
#4308387904
0t
0s
0r
1y
0c
0i
#4308388305
1t
0s
0r
1y
0c
0i
#4308388939
0t
0s
0r
1y
0c
1i
#4308389339
1t
0s
0r
1y
0c
1i
#4308389971
0t
0s
0r
1y
0c
1i
#4308390372
1t
0s
0r
1y
0c
1i
#4308391006
0t
0s
0r
1y
0c
1i
#4308391408
1t
0s
0r
1y
0c
1i
#4308392045
0t
0s
0r
1y
0c
0i
#4308392445
1t
0s
0r
1y
0c
0i
#4308393077
0t
0s
0r
1y
0c
0i
#4308393479
1t
0s
0r
1y
0c
0i
#4308394112
0t
0s
0r
1y
0c
0i
#4308394513
1t
0s
0r
1y
0c
0i
#4308395149
0t
0s
0r
1y
0c
0i
#4308395547
1t
0s
0r
1y
0c
0i
#4308396178
0t
0s
0r
1y
0c
0i
#4308396579
1t
0s
0r
1y
0c
0i
#4308397209
0t
0s
0r
1y
0c
0i
#4308397609
1t
0s
0r
1y
0c
0i
#4308398240
0t
0s
0r
1y
0c
0i
#4308398638
1t
0s
0r
1y
0c
0i
#4308399266
0t
0s
0r
1y
0c
0i
#4308399665
1t
0s
0r
1y
0c
0i
#4308400293
0t
0s
0r
1y
0c
0i
#4308400690
1t
0s
0r
1y
0c
0i
#4308401320
0t
0s
0r
1y
0c
0i
#4308401715
1t
0s
0r
1y
0c
0i
#4308402340
0t
0s
0r
1y
0c
0i
#4308402737
1t
0s
0r
1y
0c
0i
#4308403363
0t
0s
0r
1y
0c
0i
#4308403760
1t
0s
0r
1y
0c
0i
#4308404389
0t
0s
0r
1y
0c
0i
#4308404783
1t
0s
0r
1y
0c
0i
#4308405408
0t
0s
0r
1y
0c
0i
#4308405805
1t
0s
0r
1y
0c
0i
#4308406430
0t
0s
0r
1y
0c
0i
#4308406828
1t
0s
0r
1y
0c
0i
#4308407456
0t
0s
0r
1y
0c
0i
#4308407852
1t
0s
0r
1y
0c
0i
#4308408476
0t
0s
0r
1y
0c
0i
#4308408873
1t
0s
0r
1y
0c
0i
#4308409498
0t
0s
0r
1y
0c
0i
#4308409895
1t
0s
0r
1y
0c
0i
#4308410523
0t
0s
0r
1y
0c
0i
#4308410919
1t
0s
0r
1y
0c
0i
#4308411542
0t
0s
0r
1y
0c
0i
#4308411940
1t
0s
0r
1y
0c
0i
#4308412563
0t
0s
0r
1y
0c
0i
#4308412961
1t
0s
0r
1y
0c
0i
#4308413588
0t
0s
0r
1y
0c
0i
#4308413984
1t
0s
0r
1y
0c
0i
#4308414606
0t
0s
0r
1y
0c
0i
#4308415003
1t
0s
0r
1y
0c
0i
#4308415627
0t
0s
0r
1y
0c
0i
#4308416024
1t
0s
0r
1y
0c
0i
#4308416649
0t
0s
0r
1y
0c
0i
#4308417047
1t
0s
0r
1y
0c
0i
#4308417669
0t
0s
0r
1y
0c
0i
#4308418068
1t
0s
0r
1y
0c
0i
#4308418692
0t
0s
0r
1y
1c
0i
#4308419091
1t
0s
0r
1y
1c
0i
#4308419719
0t
0s
0r
1y
1c
1i
#4308420117
1t
0s
0r
1y
1c
1i
#4308420742
0t
0s
0r
1y
1c
1i
#4308421142
1t
0s
0r
1y
1c
1i
#4308421769
0t
0s
0r
1y
1c
1i
#4308422169
1t
0s
0r
1y
1c
1i
#4308422800
0t
0s
0r
1y
1c
0i
#4308423199
1t
0s
0r
1y
1c
0i
#4308423825
0t
0s
0r
1y
1c
0i
#4308424226
1t
0s
0r
1y
1c
0i
#4308424853
0t
0s
0r
1y
1c
0i
#4308425253
1t
0s
0r
1y
1c
0i
#4308425884
0t
0s
0r
1y
1c
0i
#4308426283
1t
0s
0r
1y
1c
0i
#4308426908
0t
0s
0r
1y
1c
0i
#4308427310
1t
0s
0r
1y
1c
0i
#4308427937
0t
0s
0r
1y
1c
0i
#4308428338
1t
0s
0r
1y
1c
0i
#4308428968
0t
0s
0r
1y
1c
0i
#4308429368
1t
0s
0r
1y
1c
0i
#4308429994
0t
0s
0r
1y
1c
0i
#4308430396
1t
0s
0r
1y
1c
0i
#4308431023
0t
0s
0r
1y
1c
0i
#4308431425
1t
0s
0r
1y
1c
0i
#4308432056
0t
0s
0r
1y
1c
0i
#4308432457
1t
0s
0r
1y
1c
0i
#4308433084
0t
0s
0r
1y
1c
0i
#4308433488
1t
0s
0r
1y
1c
0i
#4308434116
0t
0s
0r
1y
1c
0i
#4308434518
1t
0s
0r
1y
1c
0i
#4308435150
0t
0s
0r
1y
1c
0i
#4308435551
1t
0s
0r
1y
1c
0i
#4308437188
0t
0s
0r
1y
1c
0i
#4308438337
1t
0s
0r
1y
1c
0i
#4308439281
0t
0s
0r
1y
1c
0i
#4308439669
1t
0s
0r
1y
1c
0i
#4308440302
0t
0s
0r
1y
1c
0i
#4308440700
1t
0s
0r
1y
1c
0i
#4308441329
0t
0s
0r
1y
1c
0i
#4308441728
1t
0s
0r
1y
1c
0i
#4308442357
0t
0s
0r
1y
1c
0i
#4308442757
1t
0s
0r
1y
1c
0i
#4308443385
0t
0s
0r
1y
1c
0i
#4308443784
1t
0s
0r
1y
1c
0i
#4308444415
0t
0s
0r
1y
1c
0i
#4308444813
1t
0s
0r
1y
1c
0i
#4308445440
0t
0s
0r
1y
1c
0i
#4308445838
1t
0s
0r
1y
1c
0i
#4308446467
0t
0s
0r
1y
1c
0i
#4308446866
1t
0s
0r
1y
1c
0i
#4308447496
0t
0s
0r
1y
1c
0i
#4308447895
1t
0s
0r
1y
1c
0i
#4308448522
0t
0s
0r
1y
1c
0i
#4308448923
1t
0s
0r
1y
1c
0i
#4308449553
0t
0s
0r
1y
0c
0i
#4308449953
1t
0s
0r
1y
0c
0i
#4308450587
0t
0s
0r
1y
0c
1i
#4308450986
1t
0s
0r
1y
0c
1i
#4308451618
0t
0s
0r
1y
0c
1i
#4308452019
1t
0s
0r
1y
0c
1i
#4308452652
0t
0s
0r
1y
0c
1i
#4308453054
1t
0s
0r
1y
0c
1i
#4308453113
1t
0s
1r
1y
0c
1i
#4308453115
1t
0s
0r
1y
0c
1i
#4308453690
0t
0s
0r
1y
0c
0i
#4308454090
1t
0s
0r
1y
0c
0i
#4308454722
0t
0s
0r
1y
0c
0i
#4308455124
1t
0s
0r
1y
0c
0i
#4308455757
0t
0s
0r
1y
0c
0i
#4308456157
1t
0s
0r
1y
0c
0i
#4308456793
0t
0s
0r
1y
0c
0i
#4308457192
1t
0s
0r
1y
0c
0i
#4308457824
0t
0s
0r
1y
0c
0i
#4308458225
1t
0s
0r
1y
0c
0i
#4308458857
0t
0s
0r
1y
0c
0i
#4308459257
1t
0s
0r
1y
0c
0i
#4308459892
0t
0s
0r
1y
0c
0i
#4308460290
1t
0s
0r
1y
0c
0i
#4308460922
0t
0s
0r
1y
0c
0i
#4308461321
1t
0s
0r
1y
0c
0i
#4308461954
0t
0s
0r
1y
0c
0i
#4308462352
1t
0s
0r
1y
0c
0i
#4308462987
0t
0s
0r
1y
0c
0i
#4308463384
1t
0s
0r
1y
0c
0i
#4308464014
0t
0s
0r
1y
0c
0i
#4308464413
1t
0s
0r
1y
0c
0i
#4308465045
0t
0s
0r
1y
0c
0i
#4308465443
1t
0s
0r
1y
0c
0i
#4308466077
0t
0s
0r
1y
0c
0i
#4308466474
1t
0s
0r
1y
0c
0i
#4308467104
0t
0s
0r
1y
0c
0i
#4308467503
1t
0s
0r
1y
0c
0i
#4308468133
0t
0s
0r
1y
0c
0i
#4308468533
1t
0s
0r
1y
0c
0i
#4308469165
0t
0s
0r
1y
0c
0i
#4308469563
1t
0s
0r
1y
0c
0i
#4308470192
0t
0s
0r
1y
0c
0i
#4308470592
1t
0s
0r
1y
0c
0i
#4308471222
0t
0s
0r
1y
0c
0i
#4308471620
1t
0s
0r
1y
0c
0i
#4308472253
0t
0s
0r
1y
0c
0i
#4308472651
1t
0s
0r
1y
0c
0i
#4308473279
0t
0s
0r
1y
0c
0i
#4308473679
1t
0s
0r
1y
0c
0i
#4308474307
0t
0s
0r
1y
0c
0i
#4308474708
1t
0s
0r
1y
0c
0i
#4308475339
0t
0s
0r
1y
0c
0i
#4308475738
1t
0s
0r
1y
0c
0i
#4308476364
0t
0s
0r
1y
0c
0i
#4308476765
1t
0s
0r
1y
0c
0i
#4308477394
0t
0s
0r
1y
0c
0i
#4308477794
1t
0s
0r
1y
0c
0i
#4308478424
0t
0s
0r
1y
0c
0i
#4308478826
1t
0s
0r
1y
0c
0i
#4308479452
0t
0s
0r
1y
0c
0i
#4308479855
1t
0s
0r
1y
0c
0i
#4308480484
0t
0s
0r
1y
0c
0i
#4308480886
1t
0s
0r
1y
1c
0i
#4308481521
0t
0s
0r
1y
1c
1i
#4308481921
1t
0s
0r
1y
1c
1i
#4308482552
0t
0s
0r
1y
1c
1i
#4308482955
1t
0s
0r
1y
1c
1i
#4308483589
0t
0s
0r
1y
1c
1i
#4308483992
1t
0s
0r
1y
1c
1i
#4308484629
0t
0s
0r
1y
1c
0i
#4308485030
1t
0s
0r
1y
1c
0i
#4308485663
0t
0s
0r
1y
1c
0i
#4308486066
1t
0s
0r
1y
1c
0i
#4308486699
0t
0s
0r
1y
1c
0i
#4308487102
1t
0s
0r
1y
1c
0i
#4308487738
0t
0s
0r
1y
1c
0i
#4308488140
1t
0s
0r
1y
1c
0i
#4308488771
0t
0s
0r
1y
1c
0i
#4308489176
1t
0s
0r
1y
1c
0i
#4308489808
0t
0s
0r
1y
1c
0i
#4308490212
1t
0s
0r
1y
1c
0i
#4308490846
0t
0s
0r
1y
1c
0i
#4308491249
1t
0s
0r
1y
1c
0i
#4308491880
0t
0s
0r
1y
1c
0i
#4308492284
1t
0s
0r
1y
1c
0i
#4308492915
0t
0s
0r
1y
1c
0i
#4308493319
1t
0s
0r
1y
1c
0i
#4308493953
0t
0s
0r
1y
1c
0i
#4308494356
1t
0s
0r
1y
1c
0i
#4308494986
0t
0s
0r
1y
1c
0i
#4308495391
1t
0s
0r
1y
1c
0i
#4308496022
0t
0s
0r
1y
1c
0i
#4308496425
1t
0s
0r
1y
1c
0i
#4308497058
0t
0s
0r
1y
1c
0i
#4308497460
1t
0s
0r
1y
1c
0i
#4308499102
0t
0s
0r
1y
1c
0i
#4308500255
1t
0s
0r
1y
1c
0i
#4308501201
0t
0s
0r
1y
1c
0i
#4308501590
1t
0s
0r
1y
1c
0i
#4308502223
0t
0s
0r
1y
1c
0i
#4308502623
1t
0s
0r
1y
1c
0i
#4308503254
0t
0s
0r
1y
1c
0i
#4308503655
1t
0s
0r
1y
1c
0i
#4308504286
0t
0s
0r
1y
1c
0i
#4308504687
1t
0s
0r
1y
1c
0i
#4308505318
0t
0s
0r
1y
1c
0i
#4308505718
1t
0s
0r
1y
1c
0i
#4308506351
0t
0s
0r
1y
1c
0i
#4308506750
1t
0s
0r
1y
1c
0i
#4308507379
0t
0s
0r
1y
1c
0i
#4308507780
1t
0s
0r
1y
1c
0i
#4308508411
0t
0s
0r
1y
1c
0i
#4308508811
1t
0s
0r
1y
1c
0i
#4308509443
0t
0s
0r
1y
1c
0i
#4308509845
1t
0s
0r
1y
1c
0i
#4308510474
0t
0s
0r
1y
1c
0i
#4308510876
1t
0s
0r
1y
1c
0i
#4308511509
0t
0s
0r
1y
1c
0i
#4308511910
1t
0s
0r
1y
0c
0i
#4308512547
0t
0s
0r
1y
0c
1i
#4308512947
1t
0s
0r
1y
0c
1i
#4308513581
0t
0s
0r
1y
0c
1i
#4308513984
1t
0s
0r
1y
0c
1i
#4308514620
0t
0s
0r
1y
0c
1i
#4308515023
1t
0s
0r
1y
0c
1i
#4308515661
0t
0s
0r
1y
0c
0i
#4308516063
1t
0s
0r
1y
0c
0i
#4308516698
0t
0s
0r
1y
0c
0i
#4308517100
1t
0s
0r
1y
0c
0i
#4308517736
0t
0s
0r
1y
0c
0i
#4308518138
1t
0s
0r
1y
0c
0i
#4308518776
0t
0s
0r
1y
0c
0i
#4308519177
1t
0s
0r
1y
0c
0i
#4308519810
0t
0s
0r
1y
0c
0i
#4308520214
1t
0s
0r
1y
0c
0i
#4308520847
0t
0s
0r
1y
0c
0i
#4308521250
1t
0s
0r
1y
0c
0i
#4308521887
0t
0s
0r
1y
0c
0i
#4308522287
1t
0s
0r
1y
0c
0i
#4308522921
0t
0s
0r
1y
0c
0i
#4308523323
1t
0s
0r
1y
0c
0i
#4308523959
0t
0s
0r
1y
0c
0i
#4308524359
1t
0s
0r
1y
0c
0i
#4308524998
0t
0s
0r
1y
0c
0i
#4308525396
1t
0s
0r
1y
0c
0i
#4308526030
0t
0s
0r
1y
0c
0i
#4308526431
1t
0s
0r
1y
0c
0i
#4308527065
0t
0s
0r
1y
0c
0i
#4308527466
1t
0s
0r
1y
0c
0i
#4308528103
0t
0s
0r
1y
0c
0i
#4308528502
1t
0s
0r
1y
0c
0i
#4308529135
0t
0s
0r
1y
0c
0i
#4308529536
1t
0s
0r
1y
0c
0i
#4308530169
0t
0s
0r
1y
0c
0i
#4308530570
1t
0s
0r
1y
0c
0i
#4308531205
0t
0s
0r
1y
0c
0i
#4308531605
1t
0s
0r
1y
0c
0i
#4308532235
0t
0s
0r
1y
0c
0i
#4308532637
1t
0s
0r
1y
0c
0i
#4308533270
0t
0s
0r
1y
0c
0i
#4308533670
1t
0s
0r
1y
0c
0i
#4308534305
0t
0s
0r
1y
0c
0i
#4308534704
1t
0s
0r
1y
0c
0i
#4308535334
0t
0s
0r
1y
0c
0i
#4308535736
1t
0s
0r
1y
0c
0i
#4308536367
0t
0s
0r
1y
0c
0i
#4308536768
1t
0s
0r
1y
0c
0i
#4308537402
0t
0s
0r
1y
0c
0i
#4308537802
1t
0s
0r
1y
0c
0i
#4308538431
0t
0s
0r
1y
0c
0i
#4308538833
1t
0s
0r
1y
0c
0i
#4308539464
0t
0s
0r
1y
0c
0i
#4308539865
1t
0s
0r
1y
0c
0i
#4308540498
0t
0s
0r
1y
0c
0i
#4308540900
1t
0s
0r
1y
0c
0i
#4308541529
0t
0s
0r
1y
0c
0i
#4308541933
1t
0s
0r
1y
0c
0i
#4308542565
0t
0s
0r
1y
0c
0i
#4308542968
1t
0s
0r
1y
1c
0i
#4308543604
0t
0s
0r
1y
1c
1i
#4308544006
1t
0s
0r
1y
1c
1i
#4308544639
0t
0s
0r
1y
1c
1i
#4308545044
1t
0s
0r
1y
1c
1i
#4308545679
0t
0s
0r
1y
1c
1i
#4308546083
1t
0s
0r
1y
1c
1i
#4308546722
0t
0s
0r
1y
1c
0i
#4308547125
1t
0s
0r
1y
1c
0i
#4308547760
0t
0s
0r
1y
1c
0i
#4308548164
1t
0s
0r
1y
1c
0i
#4308548800
0t
0s
0r
1y
1c
0i
#4308549204
1t
0s
0r
1y
1c
0i
#4308549842
0t
0s
0r
1y
1c
0i
#4308550244
1t
0s
0r
1y
1c
0i
#4308550877
0t
0s
0r
1y
1c
0i
#4308551283
1t
0s
0r
1y
1c
0i
#4308551917
0t
0s
0r
1y
1c
0i
#4308552322
1t
0s
0r
1y
1c
0i
#4308552958
0t
0s
0r
1y
1c
0i
#4308553362
1t
0s
0r
1y
1c
0i
#4308553996
0t
0s
0r
1y
1c
0i
#4308554401
1t
0s
0r
1y
1c
0i
#4308555036
0t
0s
0r
1y
1c
0i
#4308555441
1t
0s
0r
1y
1c
0i
#4308556078
0t
0s
0r
1y
1c
0i
#4308556484
1t
0s
0r
1y
1c
0i
#4308557118
0t
0s
0r
1y
1c
0i
#4308557525
1t
0s
0r
1y
1c
0i
#4308558162
0t
0s
0r
1y
1c
0i
#4308558568
1t
0s
0r
1y
1c
0i
#4308559207
0t
0s
0r
1y
1c
0i
#4308559612
1t
0s
0r
1y
1c
0i
#4308561270
0t
0s
0r
1y
1c
0i
#4308562432
1t
0s
0r
1y
1c
0i
#4308563388
0t
0s
0r
1y
1c
0i
#4308563781
1t
0s
0r
1y
1c
0i
#4308564422
0t
0s
0r
1y
1c
0i
#4308564825
1t
0s
0r
1y
1c
0i
#4308565463
0t
0s
0r
1y
1c
0i
#4308565867
1t
0s
0r
1y
1c
0i
#4308566504
0t
0s
0r
1y
1c
0i
#4308566910
1t
0s
0r
1y
1c
0i
#4308567547
0t
0s
0r
1y
1c
0i
#4308567951
1t
0s
0r
1y
1c
0i
#4308568591
0t
0s
0r
1y
1c
0i
#4308568993
1t
0s
0r
1y
1c
0i
#4308569629
0t
0s
0r
1y
1c
0i
#4308570033
1t
0s
0r
1y
1c
0i
#4308570670
0t
0s
0r
1y
1c
0i
#4308571074
1t
0s
0r
1y
1c
0i
#4308571714
0t
0s
0r
1y
1c
0i
#4308572118
1t
0s
0r
1y
1c
0i
#4308572755
0t
0s
0r
1y
1c
0i
#4308573160
1t
0s
0r
1y
1c
0i
#4308573799
0t
0s
0r
1y
1c
0i
#4308574204
1t
0s
0r
1y
0c
0i
#4308574848
0t
0s
0r
1y
0c
1i
#4308575252
1t
0s
0r
1y
0c
1i
#4308575893
0t
0s
0r
1y
0c
1i
#4308576299
1t
0s
0r
1y
0c
1i
#4308576942
0t
0s
0r
1y
0c
1i
#4308577263
0t
0s
1r
1y
0c
1i
#4308577266
0t
0s
0r
1y
0c
1i
#4308577349
1t
0s
0r
1y
0c
1i
#4308577995
0t
0s
0r
1y
0c
0i
#4308578400
1t
0s
0r
1y
0c
0i
#4308579043
0t
0s
0r
1y
0c
0i
#4308579449
1t
0s
0r
1y
0c
0i
#4308580093
0t
0s
0r
1y
0c
0i
#4308580497
1t
0s
0r
1y
0c
0i
#4308581144
0t
0s
0r
1y
0c
0i
#4308581547
1t
0s
0r
1y
0c
0i
#4308582189
0t
0s
0r
1y
0c
0i
#4308582595
1t
0s
0r
1y
0c
0i
#4308583238
0t
0s
0r
1y
0c
0i
#4308583643
1t
0s
0r
1y
0c
0i
#4308584289
0t
0s
0r
1y
0c
0i
#4308584692
1t
0s
0r
1y
0c
0i
#4308585335
0t
0s
0r
1y
0c
0i
#4308585740
1t
0s
0r
1y
0c
0i
#4308586384
0t
0s
0r
1y
0c
0i
#4308586789
1t
0s
0r
1y
0c
0i
#4308587436
0t
0s
0r
1y
0c
0i
#4308587839
1t
0s
0r
1y
0c
0i
#4308588482
0t
0s
0r
1y
0c
0i
#4308588887
1t
0s
0r
1y
0c
0i
#4308589531
0t
0s
0r
1y
0c
0i
#4308589936
1t
0s
0r
1y
0c
0i
#4308590584
0t
0s
0r
1y
0c
0i
#4308590987
1t
0s
0r
1y
0c
0i
#4308591631
0t
0s
0r
1y
0c
0i
#4308592036
1t
0s
0r
1y
0c
0i
#4308592680
0t
0s
0r
1y
0c
0i
#4308593087
1t
0s
0r
1y
0c
0i
#4308593732
0t
0s
0r
1y
0c
0i
#4308594137
1t
0s
0r
1y
0c
0i
#4308594779
0t
0s
0r
1y
0c
0i
#4308595185
1t
0s
0r
1y
0c
0i
#4308595828
0t
0s
0r
1y
0c
0i
#4308596234
1t
0s
0r
1y
0c
0i
#4308596880
0t
0s
0r
1y
0c
0i
#4308597284
1t
0s
0r
1y
0c
0i
#4308597925
0t
0s
0r
1y
0c
0i
#4308598332
1t
0s
0r
1y
0c
0i
#4308598974
0t
0s
0r
1y
0c
0i
#4308599381
1t
0s
0r
1y
0c
0i
#4308600025
0t
0s
0r
1y
0c
0i
#4308600430
1t
0s
0r
1y
0c
0i
#4308601070
0t
0s
0r
1y
0c
0i
#4308601478
1t
0s
0r
1y
0c
0i
#4308602120
0t
0s
0r
1y
0c
0i
#4308602526
1t
0s
0r
1y
0c
0i
#4308603171
0t
0s
0r
1y
0c
0i
#4308603578
1t
0s
0r
1y
0c
0i
#4308604218
0t
0s
0r
1y
0c
0i
#4308604627
1t
0s
0r
1y
0c
0i
#4308605271
0t
0s
0r
1y
0c
0i
#4308605679
1t
0s
0r
1y
1c
0i
#4308606326
0t
0s
0r
1y
1c
1i
#4308606734
1t
0s
0r
1y
1c
1i
#4308607379
0t
0s
0r
1y
1c
1i
#4308607789
1t
0s
0r
1y
1c
1i
#4308608436
0t
0s
0r
1y
1c
1i
#4308608845
1t
0s
0r
1y
1c
1i
#4308609495
0t
0s
0r
1y
1c
0i
#4308609904
1t
0s
0r
1y
1c
0i
#4308610549
0t
0s
0r
1y
1c
0i
#4308610959
1t
0s
0r
1y
1c
0i
#4308611605
0t
0s
0r
1y
1c
0i
#4308612015
1t
0s
0r
1y
1c
0i
#4308612664
0t
0s
0r
1y
1c
0i
#4308613072
1t
0s
0r
1y
1c
0i
#4308613715
0t
0s
0r
1y
1c
0i
#4308614127
1t
0s
0r
1y
1c
0i
#4308614772
0t
0s
0r
1y
1c
0i
#4308615182
1t
0s
0r
1y
1c
0i
#4308615829
0t
0s
0r
1y
1c
0i
#4308616238
1t
0s
0r
1y
1c
0i
#4308616881
0t
0s
0r
1y
1c
0i
#4308617291
1t
0s
0r
1y
1c
0i
#4308617936
0t
0s
0r
1y
1c
0i
#4308618345
1t
0s
0r
1y
1c
0i
#4308618992
0t
0s
0r
1y
1c
0i
#4308619402
1t
0s
0r
1y
1c
0i
#4308620044
0t
0s
0r
1y
1c
0i
#4308620455
1t
0s
0r
1y
1c
0i
#4308621098
0t
0s
0r
1y
1c
0i
#4308621509
1t
0s
0r
1y
1c
0i
#4308622156
0t
0s
0r
1y
1c
0i
#4308622565
1t
0s
0r
1y
1c
0i
#4308624241
0t
0s
0r
1y
1c
0i
#4308625414
1t
0s
0r
1y
1c
0i
#4308626381
0t
0s
0r
1y
1c
0i
#4308626777
1t
0s
0r
1y
1c
0i
#4308627425
0t
0s
0r
1y
1c
0i
#4308627831
1t
0s
0r
1y
1c
0i
#4308628476
0t
0s
0r
1y
1c
0i
#4308628884
1t
0s
0r
1y
1c
0i
#4308629528
0t
0s
0r
1y
1c
0i
#4308629937
1t
0s
0r
1y
1c
0i
#4308630580
0t
0s
0r
1y
1c
0i
#4308630988
1t
0s
0r
1y
1c
0i
#4308631634
0t
0s
0r
1y
1c
0i
#4308632040
1t
0s
0r
1y
1c
0i
#4308632683
0t
0s
0r
1y
1c
0i
#4308633090
1t
0s
0r
1y
1c
0i
#4308633734
0t
0s
0r
1y
1c
0i
#4308634141
1t
0s
0r
1y
1c
0i
#4308634788
0t
0s
0r
1y
1c
0i
#4308635195
1t
0s
0r
1y
1c
0i
#4308635838
0t
0s
0r
1y
1c
0i
#4308636247
1t
0s
0r
1y
1c
0i
#4308636893
0t
0s
0r
1y
1c
0i
#4308637301
1t
0s
0r
1y
0c
0i
#4308637951
0t
0s
0r
1y
0c
1i
#4308638358
1t
0s
0r
1y
0c
1i
#4308639006
0t
0s
0r
1y
0c
1i
#4308639415
1t
0s
0r
1y
0c
1i
#4308640064
0t
0s
0r
1y
0c
1i
#4308640474
1t
0s
0r
1y
0c
1i
#4308641126
0t
0s
0r
1y
0c
0i
#4308641534
1t
0s
0r
1y
0c
0i
#4308642183
0t
0s
0r
1y
0c
0i
#4308642592
1t
0s
0r
1y
0c
0i
#4308643242
0t
0s
0r
1y
0c
0i
#4308643650
1t
0s
0r
1y
0c
0i
#4308644301
0t
0s
0r
1y
0c
0i
#4308644709
1t
0s
0r
1y
0c
0i
#4308645355
0t
0s
0r
1y
0c
0i
#4308645765
1t
0s
0r
1y
0c
0i
#4308646412
0t
0s
0r
1y
0c
0i
#4308646821
1t
0s
0r
1y
0c
0i
#4308647471
0t
0s
0r
1y
0c
0i
#4308647877
1t
0s
0r
1y
0c
0i
#4308648523
0t
0s
0r
1y
0c
0i
#4308648930
1t
0s
0r
1y
0c
0i
#4308649576
0t
0s
0r
1y
0c
0i
#4308649982
1t
0s
0r
1y
0c
0i
#4308650631
0t
0s
0r
1y
0c
0i
#4308651035
1t
0s
0r
1y
0c
0i
#4308651678
0t
0s
0r
1y
0c
0i
#4308652085
1t
0s
0r
1y
0c
0i
#4308652729
0t
0s
0r
1y
0c
0i
#4308653134
1t
0s
0r
1y
0c
0i
#4308653781
0t
0s
0r
1y
0c
0i
#4308654185
1t
0s
0r
1y
0c
0i
#4308654827
0t
0s
0r
1y
0c
0i
#4308655233
1t
0s
0r
1y
0c
0i
#4308655876
0t
0s
0r
1y
0c
0i
#4308656283
1t
0s
0r
1y
0c
0i
#4308656928
0t
0s
0r
1y
0c
0i
#4308657333
1t
0s
0r
1y
0c
0i
#4308657974
0t
0s
0r
1y
0c
0i
#4308658381
1t
0s
0r
1y
0c
0i
#4308659023
0t
0s
0r
1y
0c
0i
#4308659429
1t
0s
0r
1y
0c
0i
#4308660074
0t
0s
0r
1y
0c
0i
#4308660478
1t
0s
0r
1y
0c
0i
#4308661119
0t
0s
0r
1y
0c
0i
#4308661526
1t
0s
0r
1y
0c
0i
#4308662166
0t
0s
0r
1y
0c
0i
#4308662573
1t
0s
0r
1y
0c
0i
#4308663217
0t
0s
0r
1y
0c
0i
#4308663622
1t
0s
0r
1y
0c
0i
#4308664261
0t
0s
0r
1y
0c
0i
#4308664668
1t
0s
0r
1y
0c
0i
#4308665309
0t
0s
0r
1y
0c
0i
#4308665716
1t
0s
0r
1y
0c
0i
#4308666359
0t
0s
0r
1y
0c
0i
#4308666766
1t
0s
0r
1y
0c
0i
#4308667405
0t
0s
0r
1y
0c
0i
#4308667813
1t
0s
0r
1y
0c
0i
#4308668456
0t
0s
0r
1y
1c
0i
#4308668863
1t
0s
0r
1y
1c
0i
#4308669510
0t
0s
0r
1y
1c
1i
#4308669917
1t
0s
0r
1y
1c
1i
#4308670561
0t
0s
0r
1y
1c
1i
#4308670970
1t
0s
0r
1y
1c
1i
#4308671616
0t
0s
0r
1y
1c
1i
#4308672025
1t
0s
0r
1y
1c
1i
#4308672674
0t
0s
0r
1y
1c
0i
#4308673083
1t
0s
0r
1y
1c
0i
#4308673728
0t
0s
0r
1y
1c
0i
#4308674138
1t
0s
0r
1y
1c
0i
#4308674784
0t
0s
0r
1y
1c
0i
#4308675193
1t
0s
0r
1y
1c
0i
#4308675842
0t
0s
0r
1y
1c
0i
#4308676250
1t
0s
0r
1y
1c
0i
#4308676893
0t
0s
0r
1y
1c
0i
#4308677305
1t
0s
0r
1y
1c
0i
#4308677948
0t
0s
0r
1y
1c
0i
#4308678359
1t
0s
0r
1y
1c
0i
#4308679005
0t
0s
0r
1y
1c
0i
#4308679414
1t
0s
0r
1y
1c
0i
#4308680056
0t
0s
0r
1y
1c
0i
#4308680466
1t
0s
0r
1y
1c
0i
#4308681109
0t
0s
0r
1y
1c
0i
#4308681518
1t
0s
0r
1y
1c
0i
#4308682163
0t
0s
0r
1y
1c
0i
#4308682572
1t
0s
0r
1y
1c
0i
#4308683213
0t
0s
0r
1y
1c
0i
#4308683623
1t
0s
0r
1y
1c
0i
#4308684265
0t
0s
0r
1y
1c
0i
#4308684674
1t
0s
0r
1y
1c
0i
#4308685319
0t
0s
0r
1y
1c
0i
#4308685727
1t
0s
0r
1y
1c
0i
#4308687398
0t
0s
0r
1y
1c
0i
#4308688568
1t
0s
0r
1y
1c
0i
#4308689532
0t
0s
0r
1y
1c
0i
#4308689927
1t
0s
0r
1y
1c
0i
#4308690572
0t
0s
0r
1y
1c
0i
#4308690978
1t
0s
0r
1y
1c
0i
#4308691620
0t
0s
0r
1y
1c
0i
#4308692027
1t
0s
0r
1y
1c
0i
#4308692670
0t
0s
0r
1y
1c
0i
#4308693077
1t
0s
0r
1y
1c
0i
#4308693719
0t
0s
0r
1y
1c
0i
#4308694125
1t
0s
0r
1y
1c
0i
#4308694770
0t
0s
0r
1y
1c
0i
#4308695175
1t
0s
0r
1y
1c
0i
#4308695816
0t
0s
0r
1y
1c
0i
#4308696222
1t
0s
0r
1y
1c
0i
#4308696865
0t
0s
0r
1y
1c
0i
#4308697270
1t
0s
0r
1y
1c
0i
#4308697915
0t
0s
0r
1y
1c
0i
#4308698321
1t
0s
0r
1y
1c
0i
#4308698962
0t
0s
0r
1y
0c
0i
#4308699371
1t
0s
0r
1y
0c
0i
#4308700014
0t
0s
0r
1y
0c
0i
#4308700422
1t
0s
0r
1y
0c
0i
#4308701070
0t
0s
0r
1y
0c
1i
#4308701476
1t
0s
0r
1y
0c
1i
#4308702122
0t
0s
0r
1y
0c
1i
#4308702530
1t
0s
0r
1y
0c
1i
#4308703178
0t
0s
0r
1y
0c
1i
#4308703587
1t
0s
0r
1y
0c
1i
#4308703641
1t
0s
1r
1y
0c
1i
#4308703644
1t
0s
0r
1y
0c
1i
#4308704238
0t
0s
0r
1y
0c
0i
#4308704645
1t
0s
0r
1y
0c
0i
#4308705292
0t
0s
0r
1y
0c
0i
#4308705701
1t
0s
0r
1y
0c
0i
#4308706349
0t
0s
0r
1y
0c
0i
#4308706756
1t
0s
0r
1y
0c
0i
#4308707407
0t
0s
0r
1y
0c
0i
#4308707812
1t
0s
0r
1y
0c
0i
#4308708458
0t
0s
0r
1y
0c
0i
#4308708866
1t
0s
0r
1y
0c
0i
#4308709511
0t
0s
0r
1y
0c
0i
#4308709918
1t
0s
0r
1y
0c
0i
#4308710565
0t
0s
0r
1y
0c
0i
#4308710969
1t
0s
0r
1y
0c
0i
#4308711611
0t
0s
0r
1y
0c
0i
#4308712016
1t
0s
0r
1y
0c
0i
#4308712659
0t
0s
0r
1y
0c
0i
#4308713062
1t
0s
0r
1y
0c
0i
#4308713707
0t
0s
0r
1y
0c
0i
#4308714108
1t
0s
0r
1y
0c
0i
#4308714747
0t
0s
0r
1y
0c
0i
#4308715150
1t
0s
0r
1y
0c
0i
#4308715791
0t
0s
0r
1y
0c
0i
#4308716193
1t
0s
0r
1y
0c
0i
#4308716836
0t
0s
0r
1y
0c
0i
#4308717237
1t
0s
0r
1y
0c
0i
#4308717877
0t
0s
0r
1y
0c
0i
#4308718280
1t
0s
0r
1y
0c
0i
#4308718920
0t
0s
0r
1y
0c
0i
#4308719324
1t
0s
0r
1y
0c
0i
#4308719966
0t
0s
0r
1y
0c
0i
#4308720369
1t
0s
0r
1y
0c
0i
#4308721007
0t
0s
0r
1y
0c
0i
#4308721412
1t
0s
0r
1y
0c
0i
#4308722052
0t
0s
0r
1y
0c
0i
#4308722456
1t
0s
0r
1y
0c
0i
#4308723099
0t
0s
0r
1y
0c
0i
#4308723501
1t
0s
0r
1y
0c
0i
#4308724139
0t
0s
0r
1y
0c
0i
#4308724545
1t
0s
0r
1y
0c
0i
#4308725183
0t
0s
0r
1y
0c
0i
#4308725589
1t
0s
0r
1y
0c
0i
#4308726230
0t
0s
0r
1y
0c
0i
#4308726634
1t
0s
0r
1y
0c
0i
#4308727272
0t
0s
0r
1y
0c
0i
#4308727677
1t
0s
0r
1y
0c
0i
#4308728315
0t
0s
0r
1y
0c
0i
#4308728721
1t
0s
0r
1y
0c
0i
#4308729362
0t
0s
0r
1y
0c
0i
#4308729768
1t
0s
0r
1y
0c
0i
#4308730405
0t
0s
0r
1y
0c
0i
#4308730813
1t
0s
0r
1y
0c
0i
#4308731453
0t
0s
0r
1y
1c
0i
#4308731861
1t
0s
0r
1y
1c
0i
#4308732505
0t
0s
0r
1y
1c
1i
#4308732911
1t
0s
0r
1y
1c
1i
#4308733553
0t
0s
0r
1y
1c
1i
#4308733962
1t
0s
0r
1y
1c
1i
#4308734606
0t
0s
0r
1y
1c
1i
#4308735015
1t
0s
0r
1y
1c
1i
#4308735663
0t
0s
0r
1y
1c
0i
#4308736070
1t
0s
0r
1y
1c
0i
#4308736713
0t
0s
0r
1y
1c
0i
#4308737122
1t
0s
0r
1y
1c
0i
#4308737767
0t
0s
0r
1y
1c
0i
#4308738175
1t
0s
0r
1y
1c
0i
#4308738822
0t
0s
0r
1y
1c
0i
#4308739229
1t
0s
0r
1y
1c
0i
#4308739871
0t
0s
0r
1y
1c
0i
#4308740281
1t
0s
0r
1y
1c
0i
#4308740924
0t
0s
0r
1y
1c
0i
#4308741333
1t
0s
0r
1y
1c
0i
#4308741979
0t
0s
0r
1y
1c
0i
#4308742387
1t
0s
0r
1y
1c
0i
#4308743029
0t
0s
0r
1y
1c
0i
#4308743438
1t
0s
0r
1y
1c
0i
#4308744082
0t
0s
0r
1y
1c
0i
#4308744491
1t
0s
0r
1y
1c
0i
#4308745137
0t
0s
0r
1y
1c
0i
#4308745546
1t
0s
0r
1y
1c
0i
#4308746188
0t
0s
0r
1y
1c
0i
#4308746599
1t
0s
0r
1y
1c
0i
#4308747242
0t
0s
0r
1y
1c
0i
#4308747652
1t
0s
0r
1y
1c
0i
#4308748298
0t
0s
0r
1y
1c
0i
#4308748706
1t
0s
0r
1y
1c
0i
#4308750379
0t
0s
0r
1y
1c
0i
#4308751551
1t
0s
0r
1y
1c
0i
#4308752516
0t
0s
0r
1y
1c
0i
#4308752911
1t
0s
0r
1y
1c
0i
#4308753557
0t
0s
0r
1y
1c
0i
#4308753963
1t
0s
0r
1y
1c
0i
#4308754606
0t
0s
0r
1y
1c
0i
#4308755013
1t
0s
0r
1y
1c
0i
#4308755656
0t
0s
0r
1y
1c
0i
#4308756064
1t
0s
0r
1y
1c
0i
#4308756707
0t
0s
0r
1y
1c
0i
#4308757114
1t
0s
0r
1y
1c
0i
#4308757759
0t
0s
0r
1y
1c
0i
#4308758164
1t
0s
0r
1y
1c
0i
#4308758806
0t
0s
0r
1y
1c
0i
#4308759213
1t
0s
0r
1y
1c
0i
#4308759856
0t
0s
0r
1y
1c
0i
#4308760262
1t
0s
0r
1y
1c
0i
#4308760909
0t
0s
0r
1y
1c
0i
#4308761315
1t
0s
0r
1y
1c
0i
#4308761958
0t
0s
0r
1y
1c
0i
#4308762366
1t
0s
0r
1y
1c
0i
#4308763011
0t
0s
0r
1y
0c
0i
#4308763419
1t
0s
0r
1y
0c
0i
#4308764069
0t
0s
0r
1y
0c
1i
#4308764475
1t
0s
0r
1y
0c
1i
#4308765122
0t
0s
0r
1y
0c
1i
#4308765531
1t
0s
0r
1y
0c
1i
#4308766180
0t
0s
0r
1y
0c
1i
#4308766589
1t
0s
0r
1y
0c
1i
#4308767241
0t
0s
0r
1y
0c
0i
#4308767648
1t
0s
0r
1y
0c
0i
#4308768296
0t
0s
0r
1y
0c
0i
#4308768705
1t
0s
0r
1y
0c
0i
#4308769353
0t
0s
0r
1y
0c
0i
#4308769761
1t
0s
0r
1y
0c
0i
#4308770412
0t
0s
0r
1y
0c
0i
#4308770819
1t
0s
0r
1y
0c
0i
#4308771465
0t
0s
0r
1y
0c
0i
#4308771873
1t
0s
0r
1y
0c
0i
#4308772519
0t
0s
0r
1y
0c
0i
#4308772927
1t
0s
0r
1y
0c
0i
#4308773574
0t
0s
0r
1y
0c
0i
#4308773980
1t
0s
0r
1y
0c
0i
#4308774624
0t
0s
0r
1y
0c
0i
#4308775030
1t
0s
0r
1y
0c
0i
#4308775673
0t
0s
0r
1y
0c
0i
#4308776078
1t
0s
0r
1y
0c
0i
#4308776725
0t
0s
0r
1y
0c
0i
#4308777127
1t
0s
0r
1y
0c
0i
#4308777768
0t
0s
0r
1y
0c
0i
#4308778173
1t
0s
0r
1y
0c
0i
#4308778815
0t
0s
0r
1y
0c
0i
#4308779219
1t
0s
0r
1y
0c
0i
#4308779863
0t
0s
0r
1y
0c
0i
#4308780266
1t
0s
0r
1y
0c
0i
#4308780907
0t
0s
0r
1y
0c
0i
#4308781312
1t
0s
0r
1y
0c
0i
#4308781953
0t
0s
0r
1y
0c
0i
#4308782359
1t
0s
0r
1y
0c
0i
#4308783002
0t
0s
0r
1y
0c
0i
#4308783407
1t
0s
0r
1y
0c
0i
#4308784046
0t
0s
0r
1y
0c
0i
#4308784452
1t
0s
0r
1y
0c
0i
#4308785093
0t
0s
0r
1y
0c
0i
#4308785498
1t
0s
0r
1y
0c
0i
#4308786142
0t
0s
0r
1y
0c
0i
#4308786546
1t
0s
0r
1y
0c
0i
#4308787185
0t
0s
0r
1y
0c
0i
#4308787591
1t
0s
0r
1y
0c
0i
#4308788231
0t
0s
0r
1y
0c
0i
#4308788637
1t
0s
0r
1y
0c
0i
#4308789279
0t
0s
0r
1y
0c
0i
#4308789684
1t
0s
0r
1y
0c
0i
#4308790322
0t
0s
0r
1y
0c
0i
#4308790728
1t
0s
0r
1y
0c
0i
#4308791367
0t
0s
0r
1y
0c
0i
#4308791773
1t
0s
0r
1y
0c
0i
#4308792415
0t
0s
0r
1y
0c
0i
#4308792821
1t
0s
0r
1y
0c
0i
#4308793459
0t
0s
0r
1y
0c
0i
#4308793867
1t
0s
0r
1y
0c
0i
#4308794508
0t
0s
0r
1y
1c
0i
#4308794915
1t
0s
0r
1y
1c
0i
#4308795560
0t
0s
0r
1y
1c
1i
#4308795967
1t
0s
0r
1y
1c
1i
#4308796609
0t
0s
0r
1y
1c
1i
#4308797017
1t
0s
0r
1y
1c
1i
#4308797662
0t
0s
0r
1y
1c
1i
#4308798071
1t
0s
0r
1y
1c
1i
#4308798718
0t
0s
0r
1y
1c
0i
#4308799126
1t
0s
0r
1y
1c
0i
#4308799770
0t
0s
0r
1y
1c
0i
#4308800179
1t
0s
0r
1y
1c
0i
#4308800824
0t
0s
0r
1y
1c
0i
#4308801232
1t
0s
0r
1y
1c
0i
#4308801879
0t
0s
0r
1y
1c
0i
#4308802286
1t
0s
0r
1y
1c
0i
#4308802928
0t
0s
0r
1y
1c
0i
#4308803338
1t
0s
0r
1y
1c
0i
#4308803981
0t
0s
0r
1y
1c
0i
#4308804390
1t
0s
0r
1y
1c
0i
#4308805036
0t
0s
0r
1y
1c
0i
#4308805444
1t
0s
0r
1y
1c
0i
#4308806086
0t
0s
0r
1y
1c
0i
#4308806496
1t
0s
0r
1y
1c
0i
#4308807139
0t
0s
0r
1y
1c
0i
#4308807548
1t
0s
0r
1y
1c
0i
#4308808194
0t
0s
0r
1y
1c
0i
#4308808604
1t
0s
0r
1y
1c
0i
#4308809246
0t
0s
0r
1y
1c
0i
#4308809657
1t
0s
0r
1y
1c
0i
#4308810300
0t
0s
0r
1y
1c
0i
#4308810711
1t
0s
0r
1y
1c
0i
#4308811357
0t
0s
0r
1y
1c
0i
#4308811766
1t
0s
0r
1y
1c
0i
#4308813443
0t
0s
0r
1y
1c
0i
#4308814616
1t
0s
0r
1y
1c
0i
#4308815583
0t
0s
0r
1y
1c
0i
#4308815979
1t
0s
0r
1y
1c
0i
#4308816628
0t
0s
0r
1y
1c
0i
#4308817034
1t
0s
0r
1y
1c
0i
#4308817679
0t
0s
0r
1y
1c
0i
#4308818087
1t
0s
0r
1y
1c
0i
#4308818732
0t
0s
0r
1y
1c
0i
#4308819140
1t
0s
0r
1y
1c
0i
#4308819785
0t
0s
0r
1y
1c
0i
#4308820192
1t
0s
0r
1y
1c
0i
#4308820840
0t
0s
0r
1y
1c
0i
#4308821246
1t
0s
0r
1y
1c
0i
#4308821890
0t
0s
0r
1y
1c
0i
#4308822297
1t
0s
0r
1y
1c
0i
#4308822942
0t
0s
0r
1y
1c
0i
#4308823349
1t
0s
0r
1y
1c
0i
#4308823997
0t
0s
0r
1y
1c
0i
#4308824405
1t
0s
0r
1y
1c
0i
#4308825048
0t
0s
0r
1y
1c
0i
#4308825458
1t
0s
0r
1y
1c
0i
#4308826105
0t
0s
0r
1y
0c
0i
#4308826513
1t
0s
0r
1y
0c
0i
#4308827165
0t
0s
0r
1y
0c
1i
#4308827572
1t
0s
0r
1y
0c
1i
#4308828220
0t
0s
0r
1y
0c
1i
#4308828630
1t
0s
0r
1y
0c
1i
#4308829280
0t
0s
0r
1y
0c
1i
#4308829681
0t
0s
1r
1y
0c
1i
#4308829684
0t
0s
0r
1y
0c
1i
#4308829690
1t
0s
0r
1y
0c
1i
#4308830343
0t
0s
0r
1y
0c
0i
#4308830752
1t
0s
0r
1y
0c
0i
#4308831401
0t
0s
0r
1y
0c
0i
#4308831811
1t
0s
0r
1y
0c
0i
#4308832461
0t
0s
0r
1y
0c
0i
#4308832870
1t
0s
0r
1y
0c
0i
#4308833523
0t
0s
0r
1y
0c
0i
#4308833930
1t
0s
0r
1y
0c
0i
#4308834578
0t
0s
0r
1y
0c
0i
#4308834989
1t
0s
0r
1y
0c
0i
#4308835638
0t
0s
0r
1y
0c
0i
#4308836047
1t
0s
0r
1y
0c
0i
#4308836700
0t
0s
0r
1y
0c
0i
#4308837107
1t
0s
0r
1y
0c
0i
#4308837758
0t
0s
0r
1y
0c
0i
#4308838167
1t
0s
0r
1y
0c
0i
#4308838819
0t
0s
0r
1y
0c
0i
#4308839228
1t
0s
0r
1y
0c
0i
#4308839883
0t
0s
0r
1y
0c
0i
#4308840291
1t
0s
0r
1y
0c
0i
#4308840943
0t
0s
0r
1y
0c
0i
#4308841353
1t
0s
0r
1y
0c
0i
#4308842008
0t
0s
0r
1y
0c
0i
#4308842417
1t
0s
0r
1y
0c
0i
#4308843075
0t
0s
0r
1y
0c
0i
#4308843484
1t
0s
0r
1y
0c
0i
#4308844138
0t
0s
0r
1y
0c
0i
#4308844549
1t
0s
0r
1y
0c
0i
#4308845203
0t
0s
0r
1y
0c
0i
#4308845616
1t
0s
0r
1y
0c
0i
#4308846272
0t
0s
0r
1y
0c
0i
#4308846683
1t
0s
0r
1y
0c
0i
#4308847335
0t
0s
0r
1y
0c
0i
#4308847747
1t
0s
0r
1y
0c
0i
#4308848401
0t
0s
0r
1y
0c
0i
#4308848812
1t
0s
0r
1y
0c
0i
#4308849469
0t
0s
0r
1y
0c
0i
#4308849878
1t
0s
0r
1y
0c
0i
#4308850530
0t
0s
0r
1y
0c
0i
#4308850943
1t
0s
0r
1y
0c
0i
#4308851595
0t
0s
0r
1y
0c
0i
#4308852007
1t
0s
0r
1y
0c
0i
#4308852662
0t
0s
0r
1y
0c
0i
#4308853072
1t
0s
0r
1y
0c
0i
#4308853723
0t
0s
0r
1y
0c
0i
#4308854136
1t
0s
0r
1y
0c
0i
#4308854788
0t
0s
0r
1y
0c
0i
#4308855200
1t
0s
0r
1y
0c
0i
#4308855856
0t
0s
0r
1y
0c
0i
#4308856269
1t
0s
0r
1y
0c
0i
#4308856920
0t
0s
0r
1y
0c
0i
#4308857334
1t
0s
0r
1y
0c
0i
#4308857989
0t
0s
0r
1y
1c
0i
#4308858403
1t
0s
0r
1y
1c
0i
#4308859062
0t
0s
0r
1y
1c
1i
#4308859475
1t
0s
0r
1y
1c
1i
#4308860131
0t
0s
0r
1y
1c
1i
#4308860547
1t
0s
0r
1y
1c
1i
#4308861205
0t
0s
0r
1y
1c
1i
#4308861621
1t
0s
0r
1y
1c
1i
#4308862283
0t
0s
0r
1y
1c
0i
#4308862697
1t
0s
0r
1y
1c
0i
#4308863354
0t
0s
0r
1y
1c
0i
#4308863770
1t
0s
0r
1y
1c
0i
#4308864428
0t
0s
0r
1y
1c
0i
#4308864843
1t
0s
0r
1y
1c
0i
#4308865504
0t
0s
0r
1y
1c
0i
#4308865918
1t
0s
0r
1y
1c
0i
#4308866573
0t
0s
0r
1y
1c
0i
#4308866991
1t
0s
0r
1y
1c
0i
#4308867647
0t
0s
0r
1y
1c
0i
#4308868064
1t
0s
0r
1y
1c
0i
#4308868723
0t
0s
0r
1y
1c
0i
#4308869139
1t
0s
0r
1y
1c
0i
#4308869795
0t
0s
0r
1y
1c
0i
#4308870212
1t
0s
0r
1y
1c
0i
#4308870869
0t
0s
0r
1y
1c
0i
#4308871287
1t
0s
0r
1y
1c
0i
#4308871947
0t
0s
0r
1y
1c
0i
#4308872364
1t
0s
0r
1y
1c
0i
#4308873021
0t
0s
0r
1y
1c
0i
#4308873440
1t
0s
0r
1y
1c
0i
#4308874098
0t
0s
0r
1y
1c
0i
#4308874517
1t
0s
0r
1y
1c
0i
#4308875178
0t
0s
0r
1y
1c
0i
#4308875595
1t
0s
0r
1y
1c
0i
#4308877308
0t
0s
0r
1y
1c
0i
#4308878506
1t
0s
0r
1y
1c
0i
#4308879494
0t
0s
0r
1y
1c
0i
#4308879897
1t
0s
0r
1y
1c
0i
#4308880560
0t
0s
0r
1y
1c
0i
#4308880974
1t
0s
0r
1y
1c
0i
#4308881634
0t
0s
0r
1y
1c
0i
#4308882049
1t
0s
0r
1y
1c
0i
#4308882708
0t
0s
0r
1y
1c
0i
#4308883124
1t
0s
0r
1y
1c
0i
#4308883782
0t
0s
0r
1y
1c
0i
#4308884197
1t
0s
0r
1y
1c
0i
#4308884859
0t
0s
0r
1y
1c
0i
#4308885272
1t
0s
0r
1y
1c
0i
#4308885929
0t
0s
0r
1y
1c
0i
#4308886345
1t
0s
0r
1y
1c
0i
#4308887004
0t
0s
0r
1y
1c
0i
#4308887418
1t
0s
0r
1y
1c
0i
#4308888080
0t
0s
0r
1y
1c
0i
#4308888495
1t
0s
0r
1y
1c
0i
#4308889152
0t
0s
0r
1y
0c
0i
#4308889569
1t
0s
0r
1y
0c
0i
#4308890230
0t
0s
0r
1y
0c
0i
#4308890646
1t
0s
0r
1y
0c
0i
#4308891311
0t
0s
0r
1y
0c
1i
#4308891726
1t
0s
0r
1y
0c
1i
#4308892390
0t
0s
0r
1y
0c
1i
#4308892806
1t
0s
0r
1y
0c
1i
#4308893471
0t
0s
0r
1y
0c
1i
#4308893889
1t
0s
0r
1y
0c
1i
#4308894556
0t
0s
0r
1y
0c
0i
#4308894973
1t
0s
0r
1y
0c
0i
#4308895637
0t
0s
0r
1y
0c
0i
#4308896054
1t
0s
0r
1y
0c
0i
#4308896718
0t
0s
0r
1y
0c
0i
#4308897134
1t
0s
0r
1y
0c
0i
#4308897801
0t
0s
0r
1y
0c
0i
#4308898215
1t
0s
0r
1y
0c
0i
#4308898875
0t
0s
0r
1y
0c
0i
#4308899291
1t
0s
0r
1y
0c
0i
#4308899950
0t
0s
0r
1y
0c
0i
#4308900364
1t
0s
0r
1y
0c
0i
#4308901024
0t
0s
0r
1y
0c
0i
#4308901435
1t
0s
0r
1y
0c
0i
#4308902089
0t
0s
0r
1y
0c
0i
#4308902501
1t
0s
0r
1y
0c
0i
#4308903155
0t
0s
0r
1y
0c
0i
#4308903565
1t
0s
0r
1y
0c
0i
#4308904221
0t
0s
0r
1y
0c
0i
#4308904628
1t
0s
0r
1y
0c
0i
#4308905279
0t
0s
0r
1y
0c
0i
#4308905689
1t
0s
0r
1y
0c
0i
#4308906341
0t
0s
0r
1y
0c
0i
#4308906750
1t
0s
0r
1y
0c
0i
#4308907405
0t
0s
0r
1y
0c
0i
#4308907813
1t
0s
0r
1y
0c
0i
#4308908465
0t
0s
0r
1y
0c
0i
#4308908875
1t
0s
0r
1y
0c
0i
#4308909526
0t
0s
0r
1y
0c
0i
#4308909939
1t
0s
0r
1y
0c
0i
#4308910592
0t
0s
0r
1y
0c
0i
#4308911003
1t
0s
0r
1y
0c
0i
#4308911653
0t
0s
0r
1y
0c
0i
#4308912064
1t
0s
0r
1y
0c
0i
#4308912716
0t
0s
0r
1y
0c
0i
#4308913127
1t
0s
0r
1y
0c
0i
#4308913782
0t
0s
0r
1y
0c
0i
#4308914191
1t
0s
0r
1y
0c
0i
#4308914841
0t
0s
0r
1y
0c
0i
#4308915253
1t
0s
0r
1y
0c
0i
#4308915904
0t
0s
0r
1y
0c
0i
#4308916315
1t
0s
0r
1y
0c
0i
#4308916968
0t
0s
0r
1y
0c
0i
#4308917378
1t
0s
0r
1y
0c
0i
#4308918027
0t
0s
0r
1y
0c
0i
#4308918438
1t
0s
0r
1y
0c
0i
#4308919088
0t
0s
0r
1y
0c
0i
#4308919500
1t
0s
0r
1y
0c
0i
#4308920153
0t
0s
0r
1y
0c
0i
#4308920565
1t
0s
0r
1y
0c
0i
#4308921213
0t
0s
0r
1y
0c
0i
#4308921627
1t
0s
0r
1y
0c
0i
#4308922279
0t
0s
0r
1y
1c
0i
#4308922693
1t
0s
0r
1y
1c
0i
#4308923349
0t
0s
0r
1y
1c
1i
#4308923761
1t
0s
0r
1y
1c
1i
#4308924415
0t
0s
0r
1y
1c
1i
#4308924830
1t
0s
0r
1y
1c
1i
#4308925486
0t
0s
0r
1y
1c
1i
#4308925901
1t
0s
0r
1y
1c
1i
#4308926561
0t
0s
0r
1y
1c
0i
#4308926974
1t
0s
0r
1y
1c
0i
#4308927630
0t
0s
0r
1y
1c
0i
#4308928045
1t
0s
0r
1y
1c
0i
#4308928702
0t
0s
0r
1y
1c
0i
#4308929116
1t
0s
0r
1y
1c
0i
#4308929775
0t
0s
0r
1y
1c
0i
#4308930188
1t
0s
0r
1y
1c
0i
#4308930842
0t
0s
0r
1y
1c
0i
#4308931258
1t
0s
0r
1y
1c
0i
#4308931912
0t
0s
0r
1y
1c
0i
#4308932328
1t
0s
0r
1y
1c
0i
#4308932984
0t
0s
0r
1y
1c
0i
#4308933398
1t
0s
0r
1y
1c
0i
#4308934049
0t
0s
0r
1y
1c
0i
#4308934464
1t
0s
0r
1y
1c
0i
#4308935117
0t
0s
0r
1y
1c
0i
#4308935531
1t
0s
0r
1y
1c
0i
#4308936185
0t
0s
0r
1y
1c
0i
#4308936599
1t
0s
0r
1y
1c
0i
#4308937249
0t
0s
0r
1y
1c
0i
#4308937663
1t
0s
0r
1y
1c
0i
#4308938314
0t
0s
0r
1y
1c
0i
#4308938727
1t
0s
0r
1y
1c
0i
#4308939381
0t
0s
0r
1y
1c
0i
#4308939792
1t
0s
0r
1y
1c
0i
#4308941483
0t
0s
0r
1y
1c
0i
#4308942667
1t
0s
0r
1y
1c
0i
#4308943642
0t
0s
0r
1y
1c
0i
#4308944042
1t
0s
0r
1y
1c
0i
#4308944696
0t
0s
0r
1y
1c
0i
#4308945105
1t
0s
0r
1y
1c
0i
#4308945756
0t
0s
0r
1y
1c
0i
#4308946167
1t
0s
0r
1y
1c
0i
#4308946818
0t
0s
0r
1y
1c
0i
#4308947230
1t
0s
0r
1y
1c
0i
#4308947881
0t
0s
0r
1y
1c
0i
#4308948291
1t
0s
0r
1y
1c
0i
#4308948944
0t
0s
0r
1y
1c
0i
#4308949353
1t
0s
0r
1y
1c
0i
#4308950003
0t
0s
0r
1y
1c
0i
#4308950413
1t
0s
0r
1y
1c
0i
#4308951065
0t
0s
0r
1y
1c
0i
#4308951475
1t
0s
0r
1y
1c
0i
#4308952128
0t
0s
0r
1y
1c
0i
#4308952539
1t
0s
0r
1y
1c
0i
#4308953189
0t
0s
0r
1y
1c
0i
#4308953602
1t
0s
0r
1y
1c
0i
#4308954254
0t
0s
0r
1y
0c
0i
#4308954666
1t
0s
0r
1y
0c
0i
#4308955323
0t
0s
0r
1y
0c
1i
#4308955734
1t
0s
0r
1y
0c
1i
#4308956389
0t
0s
0r
1y
0c
1i
#4308956802
1t
0s
0r
1y
0c
1i
#4308957458
0t
0s
0r
1y
0c
1i
#4308957872
1t
0s
0r
1y
0c
1i
#4308957972
1t
0s
1r
1y
0c
1i
#4308957975
1t
0s
0r
1y
0c
1i
#4308958531
0t
0s
0r
1y
0c
0i
#4308958943
1t
0s
0r
1y
0c
0i
#4308959599
0t
0s
0r
1y
0c
0i
#4308960012
1t
0s
0r
1y
0c
0i
#4308960669
0t
0s
0r
1y
0c
0i
#4308961081
1t
0s
0r
1y
0c
0i
#4308961741
0t
0s
0r
1y
0c
0i
#4308962151
1t
0s
0r
1y
0c
0i
#4308962806
0t
0s
0r
1y
0c
0i
#4308963219
1t
0s
0r
1y
0c
0i
#4308963874
0t
0s
0r
1y
0c
0i
#4308964286
1t
0s
0r
1y
0c
0i
#4308964944
0t
0s
0r
1y
0c
0i
#4308965354
1t
0s
0r
1y
0c
0i
#4308966008
0t
0s
0r
1y
0c
0i
#4308966419
1t
0s
0r
1y
0c
0i
#4308967073
0t
0s
0r
1y
0c
0i
#4308967483
1t
0s
0r
1y
0c
0i
#4308968140
0t
0s
0r
1y
0c
0i
#4308968548
1t
0s
0r
1y
0c
0i
#4308969200
0t
0s
0r
1y
0c
0i
#4308969611
1t
0s
0r
1y
0c
0i
#4308970264
0t
0s
0r
1y
0c
0i
#4308970673
1t
0s
0r
1y
0c
0i
#4308971330
0t
0s
0r
1y
0c
0i
#4308971737
1t
0s
0r
1y
0c
0i
#4308972389
0t
0s
0r
1y
0c
0i
#4308972799
1t
0s
0r
1y
0c
0i
#4308973451
0t
0s
0r
1y
0c
0i
#4308973862
1t
0s
0r
1y
0c
0i
#4308974516
0t
0s
0r
1y
0c
0i
#4308974925
1t
0s
0r
1y
0c
0i
#4308975575
0t
0s
0r
1y
0c
0i
#4308975986
1t
0s
0r
1y
0c
0i
#4308976638
0t
0s
0r
1y
0c
0i
#4308977048
1t
0s
0r
1y
0c
0i
#4308977702
0t
0s
0r
1y
0c
0i
#4308978111
1t
0s
0r
1y
0c
0i
#4308978761
0t
0s
0r
1y
0c
0i
#4308979173
1t
0s
0r
1y
0c
0i
#4308979823
0t
0s
0r
1y
0c
0i
#4308980235
1t
0s
0r
1y
0c
0i
#4308980888
0t
0s
0r
1y
0c
0i
#4308981298
1t
0s
0r
1y
0c
0i
#4308981947
0t
0s
0r
1y
0c
0i
#4308982359
1t
0s
0r
1y
0c
0i
#4308983010
0t
0s
0r
1y
0c
0i
#4308983421
1t
0s
0r
1y
0c
0i
#4308984075
0t
0s
0r
1y
0c
0i
#4308984487
1t
0s
0r
1y
0c
0i
#4308985137
0t
0s
0r
1y
0c
0i
#4308985551
1t
0s
0r
1y
0c
0i
#4308986203
0t
0s
0r
1y
1c
0i
#4308986617
1t
0s
0r
1y
1c
0i
#4308987274
0t
0s
0r
1y
1c
1i
#4308987687
1t
0s
0r
1y
1c
1i
#4308988342
0t
0s
0r
1y
1c
1i
#4308988756
1t
0s
0r
1y
1c
1i
#4308989413
0t
0s
0r
1y
1c
1i
#4308989828
1t
0s
0r
1y
1c
1i
#4308990488
0t
0s
0r
1y
1c
0i
#4308990902
1t
0s
0r
1y
1c
0i
#4308991558
0t
0s
0r
1y
1c
0i
#4308991973
1t
0s
0r
1y
1c
0i
#4308992630
0t
0s
0r
1y
1c
0i
#4308993044
1t
0s
0r
1y
1c
0i
#4308993703
0t
0s
0r
1y
1c
0i
#4308994116
1t
0s
0r
1y
1c
0i
#4308994770
0t
0s
0r
1y
1c
0i
#4308995186
1t
0s
0r
1y
1c
0i
#4308995840
0t
0s
0r
1y
1c
0i
#4308996256
1t
0s
0r
1y
1c
0i
#4308996912
0t
0s
0r
1y
1c
0i
#4308997326
1t
0s
0r
1y
1c
0i
#4308997979
0t
0s
0r
1y
1c
0i
#4308998394
1t
0s
0r
1y
1c
0i
#4308999047
0t
0s
0r
1y
1c
0i
#4308999461
1t
0s
0r
1y
1c
0i
#4309000117
0t
0s
0r
1y
1c
0i
#4309000531
1t
0s
0r
1y
1c
0i
#4309001181
0t
0s
0r
1y
1c
0i
#4309001597
1t
0s
0r
1y
1c
0i
#4309002248
0t
0s
0r
1y
1c
0i
#4309002663
1t
0s
0r
1y
1c
0i
#4309003317
0t
0s
0r
1y
1c
0i
#4309003730
1t
0s
0r
1y
1c
0i
#4309005425
0t
0s
0r
1y
1c
0i
#4309006611
1t
0s
0r
1y
1c
0i
#4309007589
0t
0s
0r
1y
1c
0i
#4309007989
1t
0s
0r
1y
1c
0i
#4309008645
0t
0s
0r
1y
1c
0i
#4309009055
1t
0s
0r
1y
1c
0i
#4309009709
0t
0s
0r
1y
1c
0i
#4309010121
1t
0s
0r
1y
1c
0i
#4309010773
0t
0s
0r
1y
1c
0i
#4309011186
1t
0s
0r
1y
1c
0i
#4309011839
0t
0s
0r
1y
1c
0i
#4309012251
1t
0s
0r
1y
1c
0i
#4309012906
0t
0s
0r
1y
1c
0i
#4309013316
1t
0s
0r
1y
1c
0i
#4309013968
0t
0s
0r
1y
1c
0i
#4309014379
1t
0s
0r
1y
1c
0i
#4309015032
0t
0s
0r
1y
1c
0i
#4309015444
1t
0s
0r
1y
1c
0i
#4309016099
0t
0s
0r
1y
1c
0i
#4309016511
1t
0s
0r
1y
1c
0i
#4309017162
0t
0s
0r
1y
1c
0i
#4309017576
1t
0s
0r
1y
1c
0i
#4309018230
0t
0s
0r
1y
0c
0i
#4309018643
1t
0s
0r
1y
0c
0i
#4309019302
0t
0s
0r
1y
0c
1i
#4309019713
1t
0s
0r
1y
0c
1i
#4309020370
0t
0s
0r
1y
0c
1i
#4309020784
1t
0s
0r
1y
0c
1i
#4309021442
0t
0s
0r
1y
0c
1i
#4309021856
1t
0s
0r
1y
0c
1i
#4309022518
0t
0s
0r
1y
0c
0i
#4309022930
1t
0s
0r
1y
0c
0i
#4309023588
0t
0s
0r
1y
0c
0i
#4309024002
1t
0s
0r
1y
0c
0i
#4309024661
0t
0s
0r
1y
0c
0i
#4309025073
1t
0s
0r
1y
0c
0i
#4309025734
0t
0s
0r
1y
0c
0i
#4309026145
1t
0s
0r
1y
0c
0i
#4309026801
0t
0s
0r
1y
0c
0i
#4309027215
1t
0s
0r
1y
0c
0i
#4309027871
0t
0s
0r
1y
0c
0i
#4309028284
1t
0s
0r
1y
0c
0i
#4309028942
0t
0s
0r
1y
0c
0i
#4309029353
1t
0s
0r
1y
0c
0i
#4309030008
0t
0s
0r
1y
0c
0i
#4309030419
1t
0s
0r
1y
0c
0i
#4309031075
0t
0s
0r
1y
0c
0i
#4309031485
1t
0s
0r
1y
0c
0i
#4309032143
0t
0s
0r
1y
0c
0i
#4309032552
1t
0s
0r
1y
0c
0i
#4309033205
0t
0s
0r
1y
0c
0i
#4309033615
1t
0s
0r
1y
0c
0i
#4309034269
0t
0s
0r
1y
0c
0i
#4309034679
1t
0s
0r
1y
0c
0i
#4309035335
0t
0s
0r
1y
0c
0i
#4309035744
1t
0s
0r
1y
0c
0i
#4309036396
0t
0s
0r
1y
0c
0i
#4309036807
1t
0s
0r
1y
0c
0i
#4309037459
0t
0s
0r
1y
0c
0i
#4309037871
1t
0s
0r
1y
0c
0i
#4309038526
0t
0s
0r
1y
0c
0i
#4309038936
1t
0s
0r
1y
0c
0i
#4309039586
0t
0s
0r
1y
0c
0i
#4309039997
1t
0s
0r
1y
0c
0i
#4309040649
0t
0s
0r
1y
0c
0i
#4309041060
1t
0s
0r
1y
0c
0i
#4309041715
0t
0s
0r
1y
0c
0i
#4309042124
1t
0s
0r
1y
0c
0i
#4309042774
0t
0s
0r
1y
0c
0i
#4309043186
1t
0s
0r
1y
0c
0i
#4309043836
0t
0s
0r
1y
0c
0i
#4309044248
1t
0s
0r
1y
0c
0i
#4309044901
0t
0s
0r
1y
0c
0i
#4309045311
1t
0s
0r
1y
0c
0i
#4309045960
0t
0s
0r
1y
0c
0i
#4309046372
1t
0s
0r
1y
0c
0i
#4309047023
0t
0s
0r
1y
0c
0i
#4309047434
1t
0s
0r
1y
0c
0i
#4309048087
0t
0s
0r
1y
0c
0i
#4309048499
1t
0s
0r
1y
0c
0i
#4309049148
0t
0s
0r
1y
0c
0i
#4309049562
1t
0s
0r
1y
0c
0i
#4309050213
0t
0s
0r
1y
1c
0i
#4309050627
1t
0s
0r
1y
1c
0i
#4309051283
0t
0s
0r
1y
1c
1i
#4309051695
1t
0s
0r
1y
1c
1i
#4309052349
0t
0s
0r
1y
1c
1i
#4309052764
1t
0s
0r
1y
1c
1i
#4309053419
0t
0s
0r
1y
1c
1i
#4309053834
1t
0s
0r
1y
1c
1i
#4309054493
0t
0s
0r
1y
1c
0i
#4309054907
1t
0s
0r
1y
1c
0i
#4309055562
0t
0s
0r
1y
1c
0i
#4309055976
1t
0s
0r
1y
1c
0i
#4309056632
0t
0s
0r
1y
1c
0i
#4309057046
1t
0s
0r
1y
1c
0i
#4309057705
0t
0s
0r
1y
1c
0i
#4309058117
1t
0s
0r
1y
1c
0i
#4309058770
0t
0s
0r
1y
1c
0i
#4309059186
1t
0s
0r
1y
1c
0i
#4309059839
0t
0s
0r
1y
1c
0i
#4309060254
1t
0s
0r
1y
1c
0i
#4309060910
0t
0s
0r
1y
1c
0i
#4309061324
1t
0s
0r
1y
1c
0i
#4309061976
0t
0s
0r
1y
1c
0i
#4309062391
1t
0s
0r
1y
1c
0i
#4309063044
0t
0s
0r
1y
1c
0i
#4309063458
1t
0s
0r
1y
1c
0i
#4309064113
0t
0s
0r
1y
1c
0i
#4309064528
1t
0s
0r
1y
1c
0i
#4309065179
0t
0s
0r
1y
1c
0i
#4309065595
1t
0s
0r
1y
1c
0i
#4309066247
0t
0s
0r
1y
1c
0i
#4309066662
1t
0s
0r
1y
1c
0i
#4309067318
0t
0s
0r
1y
1c
0i
#4309067731
1t
0s
0r
1y
1c
0i
#4309069430
0t
0s
0r
1y
1c
0i
#4309070617
1t
0s
0r
1y
1c
0i
#4309071598
0t
0s
0r
1y
1c
0i
#4309071999
1t
0s
0r
1y
1c
0i
#4309072656
0t
0s
0r
1y
1c
0i
#4309073068
1t
0s
0r
1y
1c
0i
#4309073723
0t
0s
0r
1y
1c
0i
#4309074135
1t
0s
0r
1y
1c
0i
#4309074789
0t
0s
0r
1y
1c
0i
#4309075202
1t
0s
0r
1y
1c
0i
#4309075856
0t
0s
0r
1y
1c
0i
#4309076268
1t
0s
0r
1y
1c
0i
#4309076925
0t
0s
0r
1y
1c
0i
#4309077336
1t
0s
0r
1y
1c
0i
#4309077988
0t
0s
0r
1y
1c
0i
#4309078400
1t
0s
0r
1y
1c
0i
#4309079054
0t
0s
0r
1y
1c
0i
#4309079466
1t
0s
0r
1y
1c
0i
#4309080122
0t
0s
0r
1y
1c
0i
#4309080535
1t
0s
0r
1y
1c
0i
#4309081187
0t
0s
0r
1y
1c
0i
#4309081601
1t
0s
0r
1y
1c
0i
#4309082257
0t
0s
0r
1y
0c
0i
#4309082670
1t
0s
0r
1y
0c
0i
#4309083330
0t
0s
0r
1y
0c
1i
#4309083742
1t
0s
0r
1y
0c
1i
#4309084399
0t
0s
0r
1y
0c
1i
#4309084814
1t
0s
0r
1y
0c
1i
#4309085473
0t
0s
0r
1y
0c
1i
#4309085888
1t
0s
0r
1y
0c
1i
#4309085942
1t
0s
1r
1y
0c
1i
#4309085944
1t
0s
0r
1y
0c
1i
#4309086550
0t
0s
0r
1y
0c
0i
#4309086964
1t
0s
0r
1y
0c
0i
#4309087622
0t
0s
0r
1y
0c
0i
#4309088037
1t
0s
0r
1y
0c
0i
#4309088696
0t
0s
0r
1y
0c
0i
#4309089110
1t
0s
0r
1y
0c
0i
#4309089773
0t
0s
0r
1y
0c
0i
#4309090184
1t
0s
0r
1y
0c
0i
#4309090842
0t
0s
0r
1y
0c
0i
#4309091257
1t
0s
0r
1y
0c
0i
#4309091916
0t
0s
0r
1y
0c
0i
#4309092330
1t
0s
0r
1y
0c
0i
#4309092993
0t
0s
0r
1y
0c
0i
#4309093405
1t
0s
0r
1y
0c
0i
#4309094066
0t
0s
0r
1y
0c
0i
#4309094480
1t
0s
0r
1y
0c
0i
#4309095142
0t
0s
0r
1y
0c
0i
#4309095556
1t
0s
0r
1y
0c
0i
#4309096223
0t
0s
0r
1y
0c
0i
#4309096636
1t
0s
0r
1y
0c
0i
#4309097298
0t
0s
0r
1y
0c
0i
#4309097714
1t
0s
0r
1y
0c
0i
#4309098379
0t
0s
0r
1y
0c
0i
#4309098795
1t
0s
0r
1y
0c
0i
#4309099463
0t
0s
0r
1y
0c
0i
#4309099878
1t
0s
0r
1y
0c
0i
#4309100543
0t
0s
0r
1y
0c
0i
#4309100959
1t
0s
0r
1y
0c
0i
#4309101625
0t
0s
0r
1y
0c
0i
#4309102043
1t
0s
0r
1y
0c
0i
#4309102711
0t
0s
0r
1y
0c
0i
#4309103126
1t
0s
0r
1y
0c
0i
#4309103790
0t
0s
0r
1y
0c
0i
#4309104207
1t
0s
0r
1y
0c
0i
#4309104873
0t
0s
0r
1y
0c
0i
#4309105289
1t
0s
0r
1y
0c
0i
#4309105957
0t
0s
0r
1y
0c
0i
#4309106372
1t
0s
0r
1y
0c
0i
#4309107035
0t
0s
0r
1y
0c
0i
#4309107453
1t
0s
0r
1y
0c
0i
#4309108116
0t
0s
0r
1y
0c
0i
#4309108534
1t
0s
0r
1y
0c
0i
#4309109200
0t
0s
0r
1y
0c
0i
#4309109617
1t
0s
0r
1y
0c
0i
#4309110279
0t
0s
0r
1y
0c
0i
#4309110697
1t
0s
0r
1y
0c
0i
#4309111361
0t
0s
0r
1y
0c
0i
#4309111779
1t
0s
0r
1y
0c
0i
#4309112445
0t
0s
0r
1y
0c
0i
#4309112864
1t
0s
0r
1y
0c
0i
#4309113527
0t
0s
0r
1y
0c
0i
#4309113947
1t
0s
0r
1y
0c
0i
#4309114613
0t
0s
0r
1y
1c
0i
#4309115033
1t
0s
0r
1y
1c
0i
#4309115704
0t
0s
0r
1y
1c
1i
#4309116123
1t
0s
0r
1y
1c
1i
#4309116791
0t
0s
0r
1y
1c
1i
#4309117213
1t
0s
0r
1y
1c
1i
#4309117883
0t
0s
0r
1y
1c
1i
#4309118305
1t
0s
0r
1y
1c
1i
#4309118979
0t
0s
0r
1y
1c
0i
#4309119399
1t
0s
0r
1y
1c
0i
#4309120068
0t
0s
0r
1y
1c
0i
#4309120490
1t
0s
0r
1y
1c
0i
#4309121160
0t
0s
0r
1y
1c
0i
#4309121581
1t
0s
0r
1y
1c
0i
#4309122253
0t
0s
0r
1y
1c
0i
#4309122673
1t
0s
0r
1y
1c
0i
#4309123339
0t
0s
0r
1y
1c
0i
#4309123762
1t
0s
0r
1y
1c
0i
#4309124428
0t
0s
0r
1y
1c
0i
#4309124850
1t
0s
0r
1y
1c
0i
#4309125518
0t
0s
0r
1y
1c
0i
#4309125938
1t
0s
0r
1y
1c
0i
#4309126602
0t
0s
0r
1y
1c
0i
#4309127022
1t
0s
0r
1y
1c
0i
#4309127687
0t
0s
0r
1y
1c
0i
#4309128107
1t
0s
0r
1y
1c
0i
#4309128773
0t
0s
0r
1y
1c
0i
#4309129193
1t
0s
0r
1y
1c
0i
#4309129854
0t
0s
0r
1y
1c
0i
#4309130275
1t
0s
0r
1y
1c
0i
#4309130938
0t
0s
0r
1y
1c
0i
#4309131358
1t
0s
0r
1y
1c
0i
#4309132024
0t
0s
0r
1y
1c
0i
#4309132443
1t
0s
0r
1y
1c
0i
#4309134168
0t
0s
0r
1y
1c
0i
#4309135372
1t
0s
0r
1y
1c
0i
#4309136370
0t
0s
0r
1y
1c
0i
#4309136775
1t
0s
0r
1y
1c
0i
#4309137443
0t
0s
0r
1y
1c
0i
#4309137860
1t
0s
0r
1y
1c
0i
#4309138525
0t
0s
0r
1y
1c
0i
#4309138943
1t
0s
0r
1y
1c
0i
#4309139608
0t
0s
0r
1y
1c
0i
#4309140027
1t
0s
0r
1y
1c
0i
#4309140691
0t
0s
0r
1y
1c
0i
#4309141109
1t
0s
0r
1y
1c
0i
#4309141775
0t
0s
0r
1y
1c
0i
#4309142192
1t
0s
0r
1y
1c
0i
#4309142854
0t
0s
0r
1y
1c
0i
#4309143272
1t
0s
0r
1y
1c
0i
#4309143937
0t
0s
0r
1y
1c
0i
#4309144354
1t
0s
0r
1y
1c
0i
#4309145021
0t
0s
0r
1y
1c
0i
#4309145439
1t
0s
0r
1y
1c
0i
#4309146103
0t
0s
0r
1y
0c
0i
#4309146523
1t
0s
0r
1y
0c
0i
#4309147190
0t
0s
0r
1y
0c
0i
#4309147608
1t
0s
0r
1y
0c
0i
#4309148280
0t
0s
0r
1y
0c
1i
#4309148697
1t
0s
0r
1y
0c
1i
#4309149366
0t
0s
0r
1y
0c
1i
#4309149786
1t
0s
0r
1y
0c
1i
#4309150457
0t
0s
0r
1y
0c
1i
#4309150878
1t
0s
0r
1y
0c
1i
#4309151552
0t
0s
0r
1y
0c
0i
#4309151971
1t
0s
0r
1y
0c
0i
#4309152641
0t
0s
0r
1y
0c
0i
#4309153062
1t
0s
0r
1y
0c
0i
#4309153733
0t
0s
0r
1y
0c
0i
#4309154152
1t
0s
0r
1y
0c
0i
#4309154824
0t
0s
0r
1y
0c
0i
#4309155241
1t
0s
0r
1y
0c
0i
#4309155907
0t
0s
0r
1y
0c
0i
#4309156325
1t
0s
0r
1y
0c
0i
#4309156989
0t
0s
0r
1y
0c
0i
#4309157405
1t
0s
0r
1y
0c
0i
#4309158070
0t
0s
0r
1y
0c
0i
#4309158483
1t
0s
0r
1y
0c
0i
#4309159142
0t
0s
0r
1y
0c
0i
#4309159555
1t
0s
0r
1y
0c
0i
#4309160214
0t
0s
0r
1y
0c
0i
#4309160626
1t
0s
0r
1y
0c
0i
#4309161286
0t
0s
0r
1y
0c
0i
#4309161696
1t
0s
0r
1y
0c
0i
#4309162351
0t
0s
0r
1y
0c
0i
#4309162764
1t
0s
0r
1y
0c
0i
#4309163420
0t
0s
0r
1y
0c
0i
#4309163832
1t
0s
0r
1y
0c
0i
#4309164491
0t
0s
0r
1y
0c
0i
#4309164902
1t
0s
0r
1y
0c
0i
#4309165558
0t
0s
0r
1y
0c
0i
#4309165971
1t
0s
0r
1y
0c
0i
#4309166628
0t
0s
0r
1y
0c
0i
#4309167042
1t
0s
0r
1y
0c
0i
#4309167700
0t
0s
0r
1y
0c
0i
#4309168113
1t
0s
0r
1y
0c
0i
#4309168768
0t
0s
0r
1y
0c
0i
#4309169182
1t
0s
0r
1y
0c
0i
#4309169838
0t
0s
0r
1y
0c
0i
#4309170251
1t
0s
0r
1y
0c
0i
#4309170911
0t
0s
0r
1y
0c
0i
#4309171322
1t
0s
0r
1y
0c
0i
#4309171977
0t
0s
0r
1y
0c
0i
#4309172391
1t
0s
0r
1y
0c
0i
#4309173046
0t
0s
0r
1y
0c
0i
#4309173460
1t
0s
0r
1y
0c
0i
#4309174118
0t
0s
0r
1y
0c
0i
#4309174530
1t
0s
0r
1y
0c
0i
#4309175184
0t
0s
0r
1y
0c
0i
#4309175598
1t
0s
0r
1y
0c
0i
#4309176253
0t
0s
0r
1y
0c
0i
#4309176668
1t
0s
0r
1y
0c
0i
#4309177325
0t
0s
0r
1y
0c
0i
#4309177740
1t
0s
0r
1y
0c
0i
#4309178394
0t
0s
0r
1y
0c
0i
#4309178810
1t
0s
0r
1y
0c
0i
#4309179467
0t
0s
0r
1y
1c
0i
#4309179883
1t
0s
0r
1y
1c
0i
#4309180545
0t
0s
0r
1y
1c
1i
#4309180960
1t
0s
0r
1y
1c
1i
#4309181619
0t
0s
0r
1y
1c
1i
#4309182037
1t
0s
0r
1y
1c
1i
#4309182699
0t
0s
0r
1y
1c
1i
#4309183116
1t
0s
0r
1y
1c
1i
#4309183781
0t
0s
0r
1y
1c
0i
#4309184197
1t
0s
0r
1y
1c
0i
#4309184858
0t
0s
0r
1y
1c
0i
#4309185276
1t
0s
0r
1y
1c
0i
#4309185938
0t
0s
0r
1y
1c
0i
#4309186355
1t
0s
0r
1y
1c
0i
#4309187019
0t
0s
0r
1y
1c
0i
#4309187435
1t
0s
0r
1y
1c
0i
#4309188093
0t
0s
0r
1y
1c
0i
#4309188512
1t
0s
0r
1y
1c
0i
#4309189170
0t
0s
0r
1y
1c
0i
#4309189588
1t
0s
0r
1y
1c
0i
#4309190248
0t
0s
0r
1y
1c
0i
#4309190663
1t
0s
0r
1y
1c
0i
#4309191318
0t
0s
0r
1y
1c
0i
#4309191733
1t
0s
0r
1y
1c
0i
#4309192388
0t
0s
0r
1y
1c
0i
#4309192803
1t
0s
0r
1y
1c
0i
#4309193459
0t
0s
0r
1y
1c
0i
#4309193874
1t
0s
0r
1y
1c
0i
#4309194525
0t
0s
0r
1y
1c
0i
#4309194940
1t
0s
0r
1y
1c
0i
#4309195593
0t
0s
0r
1y
1c
0i
#4309196007
1t
0s
0r
1y
1c
0i
#4309196662
0t
0s
0r
1y
1c
0i
#4309197075
1t
0s
0r
1y
1c
0i
#4309198772
0t
0s
0r
1y
1c
0i
#4309199959
1t
0s
0r
1y
1c
0i
#4309200939
0t
0s
0r
1y
1c
0i
#4309201339
1t
0s
0r
1y
1c
0i
#4309201996
0t
0s
0r
1y
1c
0i
#4309202406
1t
0s
0r
1y
1c
0i
#4309203061
0t
0s
0r
1y
1c
0i
#4309203473
1t
0s
0r
1y
1c
0i
#4309204127
0t
0s
0r
1y
1c
0i
#4309204540
1t
0s
0r
1y
1c
0i
#4309205194
0t
0s
0r
1y
1c
0i
#4309205606
1t
0s
0r
1y
1c
0i
#4309206262
0t
0s
0r
1y
1c
0i
#4309206673
1t
0s
0r
1y
1c
0i
#4309207325
0t
0s
0r
1y
1c
0i
#4309207737
1t
0s
0r
1y
1c
0i
#4309208391
0t
0s
0r
1y
1c
0i
#4309208803
1t
0s
0r
1y
1c
0i
#4309209459
0t
0s
0r
1y
1c
0i
#4309209872
1t
0s
0r
1y
1c
0i
#4309210524
0t
0s
0r
1y
1c
0i
#4309210938
1t
0s
0r
1y
1c
0i
#4309211594
0t
0s
0r
1y
0c
0i
#4309212007
1t
0s
0r
1y
0c
0i
#4309212667
0t
0s
0r
1y
0c
1i
#4309213079
1t
0s
0r
1y
0c
1i
#4309213736
0t
0s
0r
1y
0c
1i
#4309214150
1t
0s
0r
1y
0c
1i
#4309214810
0t
0s
0r
1y
0c
1i
#4309215224
1t
0s
0r
1y
0c
1i
#4309215417
1t
0s
1r
1y
0c
1i
#4309215420
1t
0s
0r
1y
0c
1i
#4309215888
0t
0s
0r
1y
0c
0i
#4309216301
1t
0s
0r
1y
0c
0i
#4309216959
0t
0s
0r
1y
0c
0i
#4309217374
1t
0s
0r
1y
0c
0i
#4309218034
0t
0s
0r
1y
0c
0i
#4309218447
1t
0s
0r
1y
0c
0i
#4309219109
0t
0s
0r
1y
0c
0i
#4309219522
1t
0s
0r
1y
0c
0i
#4309220179
0t
0s
0r
1y
0c
0i
#4309220594
1t
0s
0r
1y
0c
0i
#4309221251
0t
0s
0r
1y
0c
0i
#4309221664
1t
0s
0r
1y
0c
0i
#4309222325
0t
0s
0r
1y
0c
0i
#4309222736
1t
0s
0r
1y
0c
0i
#4309223392
0t
0s
0r
1y
0c
0i
#4309223805
1t
0s
0r
1y
0c
0i
#4309224462
0t
0s
0r
1y
0c
0i
#4309224873
1t
0s
0r
1y
0c
0i
#4309225533
0t
0s
0r
1y
0c
0i
#4309225942
1t
0s
0r
1y
0c
0i
#4309226596
0t
0s
0r
1y
0c
0i
#4309227007
1t
0s
0r
1y
0c
0i
#4309227663
0t
0s
0r
1y
0c
0i
#4309228073
1t
0s
0r
1y
0c
0i
#4309228732
0t
0s
0r
1y
0c
0i
#4309229140
1t
0s
0r
1y
0c
0i
#4309229795
0t
0s
0r
1y
0c
0i
#4309230205
1t
0s
0r
1y
0c
0i
#4309230859
0t
0s
0r
1y
0c
0i
#4309231271
1t
0s
0r
1y
0c
0i
#4309231928
0t
0s
0r
1y
0c
0i
#4309232338
1t
0s
0r
1y
0c
0i
#4309232990
0t
0s
0r
1y
0c
0i
#4309233402
1t
0s
0r
1y
0c
0i
#4309234056
0t
0s
0r
1y
0c
0i
#4309234467
1t
0s
0r
1y
0c
0i
#4309235123
0t
0s
0r
1y
0c
0i
#4309235533
1t
0s
0r
1y
0c
0i
#4309236185
0t
0s
0r
1y
0c
0i
#4309236598
1t
0s
0r
1y
0c
0i
#4309237250
0t
0s
0r
1y
0c
0i
#4309237662
1t
0s
0r
1y
0c
0i
#4309238317
0t
0s
0r
1y
0c
0i
#4309238728
1t
0s
0r
1y
0c
0i
#4309239380
0t
0s
0r
1y
0c
0i
#4309239792
1t
0s
0r
1y
0c
0i
#4309240445
0t
0s
0r
1y
0c
0i
#4309240858
1t
0s
0r
1y
0c
0i
#4309241513
0t
0s
0r
1y
0c
0i
#4309241927
1t
0s
0r
1y
0c
0i
#4309242578
0t
0s
0r
1y
0c
0i
#4309242993
1t
0s
0r
1y
1c
0i
#4309243648
0t
0s
0r
1y
1c
0i
#4309244062
1t
0s
0r
1y
1c
0i
#4309244721
0t
0s
0r
1y
1c
1i
#4309245135
1t
0s
0r
1y
1c
1i
#4309245791
0t
0s
0r
1y
1c
1i
#4309246207
1t
0s
0r
1y
1c
1i
#4309246866
0t
0s
0r
1y
1c
1i
#4309247281
1t
0s
0r
1y
1c
1i
#4309247943
0t
0s
0r
1y
1c
0i
#4309248358
1t
0s
0r
1y
1c
0i
#4309249015
0t
0s
0r
1y
1c
0i
#4309249431
1t
0s
0r
1y
1c
0i
#4309250090
0t
0s
0r
1y
1c
0i
#4309250505
1t
0s
0r
1y
1c
0i
#4309251165
0t
0s
0r
1y
1c
0i
#4309251579
1t
0s
0r
1y
1c
0i
#4309252233
0t
0s
0r
1y
1c
0i
#4309252650
1t
0s
0r
1y
1c
0i
#4309253303
0t
0s
0r
1y
1c
0i
#4309253718
1t
0s
0r
1y
1c
0i
#4309254374
0t
0s
0r
1y
1c
0i
#4309254787
1t
0s
0r
1y
1c
0i
#4309255436
0t
0s
0r
1y
1c
0i
#4309255849
1t
0s
0r
1y
1c
0i
#4309256499
0t
0s
0r
1y
1c
0i
#4309256911
1t
0s
0r
1y
1c
0i
#4309257561
0t
0s
0r
1y
1c
0i
#4309257973
1t
0s
0r
1y
1c
0i
#4309258618
0t
0s
0r
1y
1c
0i
#4309259031
1t
0s
0r
1y
1c
0i
#4309259677
0t
0s
0r
1y
1c
0i
#4309260089
1t
0s
0r
1y
1c
0i
#4309260738
0t
0s
0r
1y
1c
0i
#4309261149
1t
0s
0r
1y
1c
0i
#4309262832
0t
0s
0r
1y
1c
0i
#4309264012
1t
0s
0r
1y
1c
0i
#4309264984
0t
0s
0r
1y
1c
0i
#4309265383
1t
0s
0r
1y
1c
0i
#4309266035
0t
0s
0r
1y
1c
0i
#4309266443
1t
0s
0r
1y
1c
0i
#4309267093
0t
0s
0r
1y
1c
0i
#4309267502
1t
0s
0r
1y
1c
0i
#4309268152
0t
0s
0r
1y
1c
0i
#4309268562
1t
0s
0r
1y
1c
0i
#4309269210
0t
0s
0r
1y
1c
0i
#4309269620
1t
0s
0r
1y
1c
0i
#4309270271
0t
0s
0r
1y
1c
0i
#4309270679
1t
0s
0r
1y
1c
0i
#4309271326
0t
0s
0r
1y
1c
0i
#4309271736
1t
0s
0r
1y
1c
0i
#4309272385
0t
0s
0r
1y
1c
0i
#4309272794
1t
0s
0r
1y
1c
0i
#4309273444
0t
0s
0r
1y
1c
0i
#4309273855
1t
0s
0r
1y
1c
0i
#4309274501
0t
0s
0r
1y
1c
0i
#4309274913
1t
0s
0r
1y
0c
0i
#4309275563
0t
0s
0r
1y
0c
0i
#4309275974
1t
0s
0r
1y
0c
0i
#4309276628
0t
0s
0r
1y
0c
1i
#4309277038
1t
0s
0r
1y
0c
1i
#4309277690
0t
0s
0r
1y
0c
1i
#4309278101
1t
0s
0r
1y
0c
1i
#4309278755
0t
0s
0r
1y
0c
1i
#4309279167
1t
0s
0r
1y
0c
1i
#4309279824
0t
0s
0r
1y
0c
0i
#4309280235
1t
0s
0r
1y
0c
0i
#4309280888
0t
0s
0r
1y
0c
0i
#4309281299
1t
0s
0r
1y
0c
0i
#4309281954
0t
0s
0r
1y
0c
0i
#4309282364
1t
0s
0r
1y
0c
0i
#4309283020
0t
0s
0r
1y
0c
0i
#4309283429
1t
0s
0r
1y
0c
0i
#4309284079
0t
0s
0r
1y
0c
0i
#4309284491
1t
0s
0r
1y
0c
0i
#4309285140
0t
0s
0r
1y
0c
0i
#4309285550
1t
0s
0r
1y
0c
0i
#4309286202
0t
0s
0r
1y
0c
0i
#4309286609
1t
0s
0r
1y
0c
0i
#4309287256
0t
0s
0r
1y
0c
0i
#4309287664
1t
0s
0r
1y
0c
0i
#4309288311
0t
0s
0r
1y
0c
0i
#4309288717
1t
0s
0r
1y
0c
0i
#4309289366
0t
0s
0r
1y
0c
0i
#4309289770
1t
0s
0r
1y
0c
0i
#4309290413
0t
0s
0r
1y
0c
0i
#4309290819
1t
0s
0r
1y
0c
0i
#4309291464
0t
0s
0r
1y
0c
0i
#4309291869
1t
0s
0r
1y
0c
0i
#4309292516
0t
0s
0r
1y
0c
0i
#4309292920
1t
0s
0r
1y
0c
0i
#4309293563
0t
0s
0r
1y
0c
0i
#4309293969
1t
0s
0r
1y
0c
0i
#4309294612
0t
0s
0r
1y
0c
0i
#4309295020
1t
0s
0r
1y
0c
0i
#4309295665
0t
0s
0r
1y
0c
0i
#4309296071
1t
0s
0r
1y
0c
0i
#4309296712
0t
0s
0r
1y
0c
0i
#4309297120
1t
0s
0r
1y
0c
0i
#4309297764
0t
0s
0r
1y
0c
0i
#4309298170
1t
0s
0r
1y
0c
0i
#4309298816
0t
0s
0r
1y
0c
0i
#4309299221
1t
0s
0r
1y
0c
0i
#4309299863
0t
0s
0r
1y
0c
0i
#4309300270
1t
0s
0r
1y
0c
0i
#4309300913
0t
0s
0r
1y
0c
0i
#4309301319
1t
0s
0r
1y
0c
0i
#4309301965
0t
0s
0r
1y
0c
0i
#4309302370
1t
0s
0r
1y
0c
0i
#4309303010
0t
0s
0r
1y
0c
0i
#4309303418
1t
0s
0r
1y
0c
0i
#4309304060
0t
0s
0r
1y
0c
0i
#4309304467
1t
0s
0r
1y
0c
0i
#4309305110
0t
0s
0r
1y
0c
0i
#4309305519
1t
0s
0r
1y
0c
0i
#4309306158
0t
0s
0r
1y
0c
0i
#4309306568
1t
0s
0r
1y
0c
0i
#4309307211
0t
0s
0r
1y
1c
0i
#4309307620
1t
0s
0r
1y
1c
0i
#4309308267
0t
0s
0r
1y
1c
1i
#4309308675
1t
0s
0r
1y
1c
1i
#4309309319
0t
0s
0r
1y
1c
1i
#4309309730
1t
0s
0r
1y
1c
1i
#4309310377
0t
0s
0r
1y
1c
1i
#4309310787
1t
0s
0r
1y
1c
1i
#4309311437
0t
0s
0r
1y
1c
0i
#4309311846
1t
0s
0r
1y
1c
0i
#4309312492
0t
0s
0r
1y
1c
0i
#4309312902
1t
0s
0r
1y
1c
0i
#4309313549
0t
0s
0r
1y
1c
0i
#4309313959
1t
0s
0r
1y
1c
0i
#4309314608
0t
0s
0r
1y
1c
0i
#4309315016
1t
0s
0r
1y
1c
0i
#4309315659
0t
0s
0r
1y
1c
0i
#4309316070
1t
0s
0r
1y
1c
0i
#4309316713
0t
0s
0r
1y
1c
0i
#4309317123
1t
0s
0r
1y
1c
0i
#4309317768
0t
0s
0r
1y
1c
0i
#4309318175
1t
0s
0r
1y
1c
0i
#4309318815
0t
0s
0r
1y
1c
0i
#4309319223
1t
0s
0r
1y
1c
0i
#4309319863
0t
0s
0r
1y
1c
0i
#4309320270
1t
0s
0r
1y
1c
0i
#4309320911
0t
0s
0r
1y
1c
0i
#4309321318
1t
0s
0r
1y
1c
0i
#4309321954
0t
0s
0r
1y
1c
0i
#4309322362
1t
0s
0r
1y
1c
0i
#4309323000
0t
0s
0r
1y
1c
0i
#4309323407
1t
0s
0r
1y
1c
0i
#4309324048
0t
0s
0r
1y
1c
0i
#4309324452
1t
0s
0r
1y
1c
0i
#4309326114
0t
0s
0r
1y
1c
0i
#4309327278
1t
0s
0r
1y
1c
0i
#4309328236
0t
0s
0r
1y
1c
0i
#4309328630
1t
0s
0r
1y
1c
0i
#4309329272
0t
0s
0r
1y
1c
0i
#4309329676
1t
0s
0r
1y
1c
0i
#4309330316
0t
0s
0r
1y
1c
0i
#4309330721
1t
0s
0r
1y
1c
0i
#4309331360
0t
0s
0r
1y
1c
0i
#4309331766
1t
0s
0r
1y
1c
0i
#4309332404
0t
0s
0r
1y
1c
0i
#4309332809
1t
0s
0r
1y
1c
0i
#4309333451
0t
0s
0r
1y
1c
0i
#4309333854
1t
0s
0r
1y
1c
0i
#4309334491
0t
0s
0r
1y
1c
0i
#4309334896
1t
0s
0r
1y
1c
0i
#4309335535
0t
0s
0r
1y
1c
0i
#4309335939
1t
0s
0r
1y
1c
0i
#4309336580
0t
0s
0r
1y
1c
0i
#4309336985
1t
0s
0r
1y
1c
0i
#4309337622
0t
0s
0r
1y
1c
0i
#4309338028
1t
0s
0r
1y
1c
0i
#4309338668
0t
0s
0r
1y
0c
0i
#4309339074
1t
0s
0r
1y
0c
0i
#4309339718
0t
0s
0r
1y
0c
1i
#4309340122
1t
0s
0r
1y
0c
1i
#4309340764
0t
0s
0r
1y
0c
1i
#4309341171
1t
0s
0r
1y
0c
1i
#4309341814
0t
0s
0r
1y
0c
1i
#4309342221
1t
0s
0r
1y
0c
1i
#4309342492
1t
0s
1r
1y
0c
1i
#4309342495
1t
0s
0r
1y
0c
1i
#4309342868
0t
0s
0r
1y
0c
0i
#4309343274
1t
0s
0r
1y
0c
0i
#4309343917
0t
0s
0r
1y
0c
0i
#4309344324
1t
0s
0r
1y
0c
0i
#4309344968
0t
0s
0r
1y
0c
0i
#4309345374
1t
0s
0r
1y
0c
0i
#4309346021
0t
0s
0r
1y
0c
0i
#4309346425
1t
0s
0r
1y
0c
0i
#4309347068
0t
0s
0r
1y
0c
0i
#4309347475
1t
0s
0r
1y
0c
0i
#4309348119
0t
0s
0r
1y
0c
0i
#4309348525
1t
0s
0r
1y
0c
0i
#4309349172
0t
0s
0r
1y
0c
0i
#4309349577
1t
0s
0r
1y
0c
0i
#4309350222
0t
0s
0r
1y
0c
0i
#4309350628
1t
0s
0r
1y
0c
0i
#4309351275
0t
0s
0r
1y
0c
0i
#4309351681
1t
0s
0r
1y
0c
0i
#4309352330
0t
0s
0r
1y
0c
0i
#4309352735
1t
0s
0r
1y
0c
0i
#4309353381
0t
0s
0r
1y
0c
0i
#4309353788
1t
0s
0r
1y
0c
0i
#4309354435
0t
0s
0r
1y
0c
0i
#4309354842
1t
0s
0r
1y
0c
0i
#4309355493
0t
0s
0r
1y
0c
0i
#4309355898
1t
0s
0r
1y
0c
0i
#4309356545
0t
0s
0r
1y
0c
0i
#4309356953
1t
0s
0r
1y
0c
0i
#4309357600
0t
0s
0r
1y
0c
0i
#4309358008
1t
0s
0r
1y
0c
0i
#4309358657
0t
0s
0r
1y
0c
0i
#4309359063
1t
0s
0r
1y
0c
0i
#4309359708
0t
0s
0r
1y
0c
0i
#4309360116
1t
0s
0r
1y
0c
0i
#4309360762
0t
0s
0r
1y
0c
0i
#4309361169
1t
0s
0r
1y
0c
0i
#4309361818
0t
0s
0r
1y
0c
0i
#4309362224
1t
0s
0r
1y
0c
0i
#4309362867
0t
0s
0r
1y
0c
0i
#4309363276
1t
0s
0r
1y
0c
0i
#4309363920
0t
0s
0r
1y
0c
0i
#4309364328
1t
0s
0r
1y
0c
0i
#4309364975
0t
0s
0r
1y
0c
0i
#4309365382
1t
0s
0r
1y
0c
0i
#4309366025
0t
0s
0r
1y
0c
0i
#4309366433
1t
0s
0r
1y
0c
0i
#4309367078
0t
0s
0r
1y
0c
0i
#4309367486
1t
0s
0r
1y
0c
0i
#4309368134
0t
0s
0r
1y
0c
0i
#4309368542
1t
0s
0r
1y
0c
0i
#4309369186
0t
0s
0r
1y
0c
0i
#4309369597
1t
0s
0r
1y
0c
0i
#4309370243
0t
0s
0r
1y
1c
0i
#4309370653
1t
0s
0r
1y
1c
0i
#4309371304
0t
0s
0r
1y
1c
1i
#4309371714
1t
0s
0r
1y
1c
1i
#4309372362
0t
0s
0r
1y
1c
1i
#4309372774
1t
0s
0r
1y
1c
1i
#4309373425
0t
0s
0r
1y
1c
1i
#4309373837
1t
0s
0r
1y
1c
1i
#4309374491
0t
0s
0r
1y
1c
0i
#4309374902
1t
0s
0r
1y
1c
0i
#4309375551
0t
0s
0r
1y
1c
0i
#4309375963
1t
0s
0r
1y
1c
0i
#4309376614
0t
0s
0r
1y
1c
0i
#4309377025
1t
0s
0r
1y
1c
0i
#4309377677
0t
0s
0r
1y
1c
0i
#4309378088
1t
0s
0r
1y
1c
0i
#4309378734
0t
0s
0r
1y
1c
0i
#4309379147
1t
0s
0r
1y
1c
0i
#4309379794
0t
0s
0r
1y
1c
0i
#4309380205
1t
0s
0r
1y
1c
0i
#4309380854
0t
0s
0r
1y
1c
0i
#4309381263
1t
0s
0r
1y
1c
0i
#4309381907
0t
0s
0r
1y
1c
0i
#4309382318
1t
0s
0r
1y
1c
0i
#4309382962
0t
0s
0r
1y
1c
0i
#4309383372
1t
0s
0r
1y
1c
0i
#4309384018
0t
0s
0r
1y
1c
0i
#4309384428
1t
0s
0r
1y
1c
0i
#4309385069
0t
0s
0r
1y
1c
0i
#4309385481
1t
0s
0r
1y
1c
0i
#4309386123
0t
0s
0r
1y
1c
0i
#4309386533
1t
0s
0r
1y
1c
0i
#4309387179
0t
0s
0r
1y
1c
0i
#4309387588
1t
0s
0r
1y
1c
0i
#4309389262
0t
0s
0r
1y
1c
0i
#4309390434
1t
0s
0r
1y
1c
0i
#4309391400
0t
0s
0r
1y
1c
0i
#4309391796
1t
0s
0r
1y
1c
0i
#4309392444
0t
0s
0r
1y
1c
0i
#4309392850
1t
0s
0r
1y
1c
0i
#4309393494
0t
0s
0r
1y
1c
0i
#4309393902
1t
0s
0r
1y
1c
0i
#4309394546
0t
0s
0r
1y
1c
0i
#4309394954
1t
0s
0r
1y
1c
0i
#4309395598
0t
0s
0r
1y
1c
0i
#4309396005
1t
0s
0r
1y
1c
0i
#4309396651
0t
0s
0r
1y
1c
0i
#4309397057
1t
0s
0r
1y
1c
0i
#4309397699
0t
0s
0r
1y
1c
0i
#4309398107
1t
0s
0r
1y
1c
0i
#4309398751
0t
0s
0r
1y
1c
0i
#4309399158
1t
0s
0r
1y
1c
0i
#4309399805
0t
0s
0r
1y
1c
0i
#4309400212
1t
0s
0r
1y
1c
0i
#4309400854
0t
0s
0r
1y
1c
0i
#4309401263
1t
0s
0r
1y
1c
0i
#4309401909
0t
0s
0r
1y
0c
0i
#4309402317
1t
0s
0r
1y
0c
0i
#4309402967
0t
0s
0r
1y
0c
1i
#4309403374
1t
0s
0r
1y
0c
1i
#4309404022
0t
0s
0r
1y
0c
1i
#4309404431
1t
0s
0r
1y
0c
1i
#4309405080
0t
0s
0r
1y
0c
1i
#4309405490
1t
0s
0r
1y
0c
1i
#4309406142
0t
0s
0r
1y
0c
0i
#4309406551
1t
0s
0r
1y
0c
0i
#4309407199
0t
0s
0r
1y
0c
0i
#4309407609
1t
0s
0r
1y
0c
0i
#4309408258
0t
0s
0r
1y
0c
0i
#4309408667
1t
0s
0r
1y
0c
0i
#4309409319
0t
0s
0r
1y
0c
0i
#4309409726
1t
0s
0r
1y
0c
0i
#4309410373
0t
0s
0r
1y
0c
0i
#4309410783
1t
0s
0r
1y
0c
0i
#4309411430
0t
0s
0r
1y
0c
0i
#4309411839
1t
0s
0r
1y
0c
0i
#4309412488
0t
0s
0r
1y
0c
0i
#4309412894
1t
0s
0r
1y
0c
0i
#4309413540
0t
0s
0r
1y
0c
0i
#4309413947
1t
0s
0r
1y
0c
0i
#4309414592
0t
0s
0r
1y
0c
0i
#4309414998
1t
0s
0r
1y
0c
0i
#4309415646
0t
0s
0r
1y
0c
0i
#4309416049
1t
0s
0r
1y
0c
0i
#4309416692
0t
0s
0r
1y
0c
0i
#4309417097
1t
0s
0r
1y
0c
0i
#4309417741
0t
0s
0r
1y
0c
0i
#4309418145
1t
0s
0r
1y
0c
0i
#4309418792
0t
0s
0r
1y
0c
0i
#4309419195
1t
0s
0r
1y
0c
0i
#4309419837
0t
0s
0r
1y
0c
0i
#4309420242
1t
0s
0r
1y
0c
0i
#4309420884
0t
0s
0r
1y
0c
0i
#4309421290
1t
0s
0r
1y
0c
0i
#4309421934
0t
0s
0r
1y
0c
0i
#4309422339
1t
0s
0r
1y
0c
0i
#4309422979
0t
0s
0r
1y
0c
0i
#4309423385
1t
0s
0r
1y
0c
0i
#4309424027
0t
0s
0r
1y
0c
0i
#4309424432
1t
0s
0r
1y
0c
0i
#4309425076
0t
0s
0r
1y
0c
0i
#4309425480
1t
0s
0r
1y
0c
0i
#4309426120
0t
0s
0r
1y
0c
0i
#4309426527
1t
0s
0r
1y
0c
0i
#4309427167
0t
0s
0r
1y
0c
0i
#4309427573
1t
0s
0r
1y
0c
0i
#4309428216
0t
0s
0r
1y
0c
0i
#4309428621
1t
0s
0r
1y
0c
0i
#4309429259
0t
0s
0r
1y
0c
0i
#4309429666
1t
0s
0r
1y
0c
0i
#4309430306
0t
0s
0r
1y
0c
0i
#4309430713
1t
0s
0r
1y
0c
0i
#4309431355
0t
0s
0r
1y
0c
0i
#4309431762
1t
0s
0r
1y
0c
0i
#4309432401
0t
0s
0r
1y
0c
0i
#4309432809
1t
0s
0r
1y
0c
0i
#4309433451
0t
0s
0r
1y
1c
0i
#4309433859
1t
0s
0r
1y
1c
0i
#4309434505
0t
0s
0r
1y
1c
1i
#4309434912
1t
0s
0r
1y
1c
1i
#4309435555
0t
0s
0r
1y
1c
1i
#4309435964
1t
0s
0r
1y
1c
1i
#4309436610
0t
0s
0r
1y
1c
1i
#4309437019
1t
0s
0r
1y
1c
1i
#4309437668
0t
0s
0r
1y
1c
0i
#4309438076
1t
0s
0r
1y
1c
0i
#4309438721
0t
0s
0r
1y
1c
0i
#4309439130
1t
0s
0r
1y
1c
0i
#4309439775
0t
0s
0r
1y
1c
0i
#4309440184
1t
0s
0r
1y
1c
0i
#4309440832
0t
0s
0r
1y
1c
0i
#4309441240
1t
0s
0r
1y
1c
0i
#4309441883
0t
0s
0r
1y
1c
0i
#4309442294
1t
0s
0r
1y
1c
0i
#4309442937
0t
0s
0r
1y
1c
0i
#4309443348
1t
0s
0r
1y
1c
0i
#4309443995
0t
0s
0r
1y
1c
0i
#4309444404
1t
0s
0r
1y
1c
0i
#4309445047
0t
0s
0r
1y
1c
0i
#4309445458
1t
0s
0r
1y
1c
0i
#4309446103
0t
0s
0r
1y
1c
0i
#4309446514
1t
0s
0r
1y
1c
0i
#4309447163
0t
0s
0r
1y
1c
0i
#4309447574
1t
0s
0r
1y
1c
0i
#4309448219
0t
0s
0r
1y
1c
0i
#4309448631
1t
0s
0r
1y
1c
0i
#4309449279
0t
0s
0r
1y
1c
0i
#4309449691
1t
0s
0r
1y
1c
0i
#4309450341
0t
0s
0r
1y
1c
0i
#4309450752
1t
0s
0r
1y
1c
0i
#4309452439
0t
0s
0r
1y
1c
0i
#4309453620
1t
0s
0r
1y
1c
0i
#4309454592
0t
0s
0r
1y
1c
0i
#4309454991
1t
0s
0r
1y
1c
0i
#4309455643
0t
0s
0r
1y
1c
0i
#4309456052
1t
0s
0r
1y
1c
0i
#4309456701
0t
0s
0r
1y
1c
0i
#4309457112
1t
0s
0r
1y
1c
0i
#4309457760
0t
0s
0r
1y
1c
0i
#4309458171
1t
0s
0r
1y
1c
0i
#4309458820
0t
0s
0r
1y
1c
0i
#4309459230
1t
0s
0r
1y
1c
0i
#4309459882
0t
0s
0r
1y
1c
0i
#4309460290
1t
0s
0r
1y
1c
0i
#4309460937
0t
0s
0r
1y
1c
0i
#4309461347
1t
0s
0r
1y
1c
0i
#4309461997
0t
0s
0r
1y
1c
0i
#4309462406
1t
0s
0r
1y
1c
0i
#4309463057
0t
0s
0r
1y
1c
0i
#4309463468
1t
0s
0r
1y
1c
0i
#4309464116
0t
0s
0r
1y
0c
0i
#4309464528
1t
0s
0r
1y
0c
0i
#4309465179
0t
0s
0r
1y
0c
0i
#4309465590
1t
0s
0r
1y
0c
0i
#4309466246
0t
0s
0r
1y
0c
1i
#4309466656
1t
0s
0r
1y
0c
1i
#4309467309
0t
0s
0r
1y
0c
1i
#4309467721
1t
0s
0r
1y
0c
1i
#4309468376
0t
0s
0r
1y
0c
1i
#4309468720
0t
0s
1r
1y
0c
1i
#4309468723
0t
0s
0r
1y
0c
1i
#4309468789
1t
0s
0r
1y
0c
1i
#4309469446
0t
0s
0r
1y
0c
0i
#4309469858
1t
0s
0r
1y
0c
0i
#4309470512
0t
0s
0r
1y
0c
0i
#4309470924
1t
0s
0r
1y
0c
0i
#4309471579
0t
0s
0r
1y
0c
0i
#4309471990
1t
0s
0r
1y
0c
0i
#4309472647
0t
0s
0r
1y
0c
0i
#4309473056
1t
0s
0r
1y
0c
0i
#4309473708
0t
0s
0r
1y
0c
0i
#4309474120
1t
0s
0r
1y
0c
0i
#4309474772
0t
0s
0r
1y
0c
0i
#4309475183
1t
0s
0r
1y
0c
0i
#4309475838
0t
0s
0r
1y
0c
0i
#4309476246
1t
0s
0r
1y
0c
0i
#4309476897
0t
0s
0r
1y
0c
0i
#4309477307
1t
0s
0r
1y
0c
0i
#4309477959
0t
0s
0r
1y
0c
0i
#4309478368
1t
0s
0r
1y
0c
0i
#4309479022
0t
0s
0r
1y
0c
0i
#4309479429
1t
0s
0r
1y
0c
0i
#4309480079
0t
0s
0r
1y
0c
0i
#4309480488
1t
0s
0r
1y
0c
0i
#4309481139
0t
0s
0r
1y
0c
0i
#4309481548
1t
0s
0r
1y
0c
0i
#4309482202
0t
0s
0r
1y
0c
0i
#4309482608
1t
0s
0r
1y
0c
0i
#4309483259
0t
0s
0r
1y
0c
0i
#4309483668
1t
0s
0r
1y
0c
0i
#4309484318
0t
0s
0r
1y
0c
0i
#4309484728
1t
0s
0r
1y
0c
0i
#4309485381
0t
0s
0r
1y
0c
0i
#4309485790
1t
0s
0r
1y
0c
0i
#4309486438
0t
0s
0r
1y
0c
0i
#4309486848
1t
0s
0r
1y
0c
0i
#4309487498
0t
0s
0r
1y
0c
0i
#4309487908
1t
0s
0r
1y
0c
0i
#4309488561
0t
0s
0r
1y
0c
0i
#4309488969
1t
0s
0r
1y
0c
0i
#4309489617
0t
0s
0r
1y
0c
0i
#4309490028
1t
0s
0r
1y
0c
0i
#4309490677
0t
0s
0r
1y
0c
0i
#4309491087
1t
0s
0r
1y
0c
0i
#4309491739
0t
0s
0r
1y
0c
0i
#4309492148
1t
0s
0r
1y
0c
0i
#4309492796
0t
0s
0r
1y
0c
0i
#4309493206
1t
0s
0r
1y
0c
0i
#4309493856
0t
0s
0r
1y
0c
0i
#4309494266
1t
0s
0r
1y
0c
0i
#4309494917
0t
0s
0r
1y
0c
0i
#4309495329
1t
0s
0r
1y
0c
0i
#4309495977
0t
0s
0r
1y
0c
0i
#4309496390
1t
0s
0r
1y
0c
0i
#4309497040
0t
0s
0r
1y
1c
0i
#4309497453
1t
0s
0r
1y
1c
0i
#4309498108
0t
0s
0r
1y
1c
1i
#4309498520
1t
0s
0r
1y
1c
1i
#4309499172
0t
0s
0r
1y
1c
1i
#4309499586
1t
0s
0r
1y
1c
1i
#4309500241
0t
0s
0r
1y
1c
1i
#4309500655
1t
0s
0r
1y
1c
1i
#4309501313
0t
0s
0r
1y
1c
0i
#4309501726
1t
0s
0r
1y
1c
0i
#4309502380
0t
0s
0r
1y
1c
0i
#4309502793
1t
0s
0r
1y
1c
0i
#4309503448
0t
0s
0r
1y
1c
0i
#4309503861
1t
0s
0r
1y
1c
0i
#4309504518
0t
0s
0r
1y
1c
0i
#4309504930
1t
0s
0r
1y
1c
0i
#4309505581
0t
0s
0r
1y
1c
0i
#4309505997
1t
0s
0r
1y
1c
0i
#4309506648
0t
0s
0r
1y
1c
0i
#4309507062
1t
0s
0r
1y
1c
0i
#4309507716
0t
0s
0r
1y
1c
0i
#4309508128
1t
0s
0r
1y
1c
0i
#4309508777
0t
0s
0r
1y
1c
0i
#4309509190
1t
0s
0r
1y
1c
0i
#4309509840
0t
0s
0r
1y
1c
0i
#4309510252
1t
0s
0r
1y
1c
0i
#4309510902
0t
0s
0r
1y
1c
0i
#4309511315
1t
0s
0r
1y
1c
0i
#4309511961
0t
0s
0r
1y
1c
0i
#4309512374
1t
0s
0r
1y
1c
0i
#4309513021
0t
0s
0r
1y
1c
0i
#4309513433
1t
0s
0r
1y
1c
0i
#4309514082
0t
0s
0r
1y
1c
0i
#4309514493
1t
0s
0r
1y
1c
0i
#4309516177
0t
0s
0r
1y
1c
0i
#4309517356
1t
0s
0r
1y
1c
0i
#4309518327
0t
0s
0r
1y
1c
0i
#4309518725
1t
0s
0r
1y
1c
0i
#4309519377
0t
0s
0r
1y
1c
0i
#4309519785
1t
0s
0r
1y
1c
0i
#4309520434
0t
0s
0r
1y
1c
0i
#4309520844
1t
0s
0r
1y
1c
0i
#4309521492
0t
0s
0r
1y
1c
0i
#4309521903
1t
0s
0r
1y
1c
0i
#4309522550
0t
0s
0r
1y
1c
0i
#4309522960
1t
0s
0r
1y
1c
0i
#4309523612
0t
0s
0r
1y
1c
0i
#4309524019
1t
0s
0r
1y
1c
0i
#4309524666
0t
0s
0r
1y
1c
0i
#4309525075
1t
0s
0r
1y
1c
0i
#4309525724
0t
0s
0r
1y
1c
0i
#4309526133
1t
0s
0r
1y
1c
0i
#4309526783
0t
0s
0r
1y
1c
0i
#4309527194
1t
0s
0r
1y
1c
0i
#4309527841
0t
0s
0r
1y
1c
0i
#4309528252
1t
0s
0r
1y
1c
0i
#4309528901
0t
0s
0r
1y
0c
0i
#4309529312
1t
0s
0r
1y
0c
0i
#4309529966
0t
0s
0r
1y
0c
1i
#4309530375
1t
0s
0r
1y
0c
1i
#4309531027
0t
0s
0r
1y
0c
1i
#4309531438
1t
0s
0r
1y
0c
1i
#4309532091
0t
0s
0r
1y
0c
1i
#4309532503
1t
0s
0r
1y
0c
1i
#4309533159
0t
0s
0r
1y
0c
0i
#4309533569
1t
0s
0r
1y
0c
0i
#4309534221
0t
0s
0r
1y
0c
0i
#4309534633
1t
0s
0r
1y
0c
0i
#4309535286
0t
0s
0r
1y
0c
0i
#4309535697
1t
0s
0r
1y
0c
0i
#4309536352
0t
0s
0r
1y
0c
0i
#4309536761
1t
0s
0r
1y
0c
0i
#4309537412
0t
0s
0r
1y
0c
0i
#4309537823
1t
0s
0r
1y
0c
0i
#4309538473
0t
0s
0r
1y
0c
0i
#4309538884
1t
0s
0r
1y
0c
0i
#4309539537
0t
0s
0r
1y
0c
0i
#4309539945
1t
0s
0r
1y
0c
0i
#4309540594
0t
0s
0r
1y
0c
0i
#4309541003
1t
0s
0r
1y
0c
0i
#4309541653
0t
0s
0r
1y
0c
0i
#4309542060
1t
0s
0r
1y
0c
0i
#4309542712
0t
0s
0r
1y
0c
0i
#4309543118
1t
0s
0r
1y
0c
0i
#4309543764
0t
0s
0r
1y
0c
0i
#4309544172
1t
0s
0r
1y
0c
0i
#4309544820
0t
0s
0r
1y
0c
0i
#4309545226
1t
0s
0r
1y
0c
0i
#4309545876
0t
0s
0r
1y
0c
0i
#4309546282
1t
0s
0r
1y
0c
0i
#4309546928
0t
0s
0r
1y
0c
0i
#4309547335
1t
0s
0r
1y
0c
0i
#4309547981
0t
0s
0r
1y
0c
0i
#4309548389
1t
0s
0r
1y
0c
0i
#4309549037
0t
0s
0r
1y
0c
0i
#4309549444
1t
0s
0r
1y
0c
0i
#4309550088
0t
0s
0r
1y
0c
0i
#4309550496
1t
0s
0r
1y
0c
0i
#4309551142
0t
0s
0r
1y
0c
0i
#4309551549
1t
0s
0r
1y
0c
0i
#4309552197
0t
0s
0r
1y
0c
0i
#4309552603
1t
0s
0r
1y
0c
0i
#4309553246
0t
0s
0r
1y
0c
0i
#4309553655
1t
0s
0r
1y
0c
0i
#4309554298
0t
0s
0r
1y
0c
0i
#4309554707
1t
0s
0r
1y
0c
0i
#4309555353
0t
0s
0r
1y
0c
0i
#4309555760
1t
0s
0r
1y
0c
0i
#4309556402
0t
0s
0r
1y
0c
0i
#4309556810
1t
0s
0r
1y
0c
0i
#4309557454
0t
0s
0r
1y
0c
0i
#4309557862
1t
0s
0r
1y
0c
0i
#4309558508
0t
0s
0r
1y
0c
0i
#4309558916
1t
0s
0r
1y
0c
0i
#4309559558
0t
0s
0r
1y
0c
0i
#4309559969
1t
0s
0r
1y
0c
0i
#4309560613
0t
0s
0r
1y
1c
0i
#4309561023
1t
0s
0r
1y
1c
0i
#4309561672
0t
0s
0r
1y
1c
1i
#4309562081
1t
0s
0r
1y
1c
1i
#4309562728
0t
0s
0r
1y
1c
1i
#4309563139
1t
0s
0r
1y
1c
1i
#4309563788
0t
0s
0r
1y
1c
1i
#4309564199
1t
0s
0r
1y
1c
1i
#4309564852
0t
0s
0r
1y
1c
0i
#4309565262
1t
0s
0r
1y
1c
0i
#4309565910
0t
0s
0r
1y
1c
0i
#4309566321
1t
0s
0r
1y
1c
0i
#4309566971
0t
0s
0r
1y
1c
0i
#4309567381
1t
0s
0r
1y
1c
0i
#4309568034
0t
0s
0r
1y
1c
0i
#4309568443
1t
0s
0r
1y
1c
0i
#4309569090
0t
0s
0r
1y
1c
0i
#4309569502
1t
0s
0r
1y
1c
0i
#4309570150
0t
0s
0r
1y
1c
0i
#4309570562
1t
0s
0r
1y
1c
0i
#4309571213
0t
0s
0r
1y
1c
0i
#4309571624
1t
0s
0r
1y
1c
0i
#4309572270
0t
0s
0r
1y
1c
0i
#4309572683
1t
0s
0r
1y
1c
0i
#4309573332
0t
0s
0r
1y
1c
0i
#4309573744
1t
0s
0r
1y
1c
0i
#4309574395
0t
0s
0r
1y
1c
0i
#4309574808
1t
0s
0r
1y
1c
0i
#4309575454
0t
0s
0r
1y
1c
0i
#4309575869
1t
0s
0r
1y
1c
0i
#4309576517
0t
0s
0r
1y
1c
0i
#4309576930
1t
0s
0r
1y
1c
0i
#4309577582
0t
0s
0r
1y
1c
0i
#4309577993
1t
0s
0r
1y
1c
0i
#4309579682
0t
0s
0r
1y
1c
0i
#4309580862
1t
0s
0r
1y
1c
0i
#4309581836
0t
0s
0r
1y
1c
0i
#4309582235
1t
0s
0r
1y
1c
0i
#4309582887
0t
0s
0r
1y
1c
0i
#4309583296
1t
0s
0r
1y
1c
0i
#4309583945
0t
0s
0r
1y
1c
0i
#4309584355
1t
0s
0r
1y
1c
0i
#4309585004
0t
0s
0r
1y
1c
0i
#4309585415
1t
0s
0r
1y
1c
0i
#4309586064
0t
0s
0r
1y
1c
0i
#4309586474
1t
0s
0r
1y
1c
0i
#4309587125
0t
0s
0r
1y
1c
0i
#4309587533
1t
0s
0r
1y
1c
0i
#4309588181
0t
0s
0r
1y
1c
0i
#4309588590
1t
0s
0r
1y
1c
0i
#4309589240
0t
0s
0r
1y
1c
0i
#4309589649
1t
0s
0r
1y
1c
0i
#4309590301
0t
0s
0r
1y
1c
0i
#4309590710
1t
0s
0r
1y
1c
0i
#4309591357
0t
0s
0r
1y
1c
0i
#4309591769
1t
0s
0r
1y
1c
0i
#4309592420
0t
0s
0r
1y
0c
0i
#4309592831
1t
0s
0r
1y
0c
0i
#4309593486
0t
0s
0r
1y
0c
1i
#4309593895
1t
0s
0r
1y
0c
1i
#4309594548
0t
0s
0r
1y
0c
1i
#4309594960
1t
0s
0r
1y
0c
1i
#4309595615
0t
0s
0r
1y
0c
1i
#4309596027
1t
0s
0r
1y
0c
1i
#4309596071
1t
0s
1r
1y
0c
1i
#4309596074
1t
0s
0r
1y
0c
1i
#4309596685
0t
0s
0r
1y
0c
0i
#4309597096
1t
0s
0r
1y
0c
0i
#4309597750
0t
0s
0r
1y
0c
0i
#4309598162
1t
0s
0r
1y
0c
0i
#4309598817
0t
0s
0r
1y
0c
0i
#4309599228
1t
0s
0r
1y
0c
0i
#4309599886
0t
0s
0r
1y
0c
0i
#4309600295
1t
0s
0r
1y
0c
0i
#4309600948
0t
0s
0r
1y
0c
0i
#4309601361
1t
0s
0r
1y
0c
0i
#4309602014
0t
0s
0r
1y
0c
0i
#4309602426
1t
0s
0r
1y
0c
0i
#4309603083
0t
0s
0r
1y
0c
0i
#4309603493
1t
0s
0r
1y
0c
0i
#4309604148
0t
0s
0r
1y
0c
0i
#4309604559
1t
0s
0r
1y
0c
0i
#4309605216
0t
0s
0r
1y
0c
0i
#4309605627
1t
0s
0r
1y
0c
0i
#4309606287
0t
0s
0r
1y
0c
0i
#4309606698
1t
0s
0r
1y
0c
0i
#4309607354
0t
0s
0r
1y
0c
0i
#4309607767
1t
0s
0r
1y
0c
0i
#4309608426
0t
0s
0r
1y
0c
0i
#4309608838
1t
0s
0r
1y
0c
0i
#4309609501
0t
0s
0r
1y
0c
0i
#4309609912
1t
0s
0r
1y
0c
0i
#4309610571
0t
0s
0r
1y
0c
0i
#4309610985
1t
0s
0r
1y
0c
0i
#4309611644
0t
0s
0r
1y
0c
0i
#4309612059
1t
0s
0r
1y
0c
0i
#4309612721
0t
0s
0r
1y
0c
0i
#4309613134
1t
0s
0r
1y
0c
0i
#4309613791
0t
0s
0r
1y
0c
0i
#4309614206
1t
0s
0r
1y
0c
0i
#4309614865
0t
0s
0r
1y
0c
0i
#4309615279
1t
0s
0r
1y
0c
0i
#4309615941
0t
0s
0r
1y
0c
0i
#4309616353
1t
0s
0r
1y
0c
0i
#4309617009
0t
0s
0r
1y
0c
0i
#4309617424
1t
0s
0r
1y
0c
0i
#4309618081
0t
0s
0r
1y
0c
0i
#4309618496
1t
0s
0r
1y
0c
0i
#4309619156
0t
0s
0r
1y
0c
0i
#4309619569
1t
0s
0r
1y
0c
0i
#4309620225
0t
0s
0r
1y
0c
0i
#4309620640
1t
0s
0r
1y
0c
0i
#4309621298
0t
0s
0r
1y
0c
0i
#4309621713
1t
0s
0r
1y
0c
0i
#4309622372
0t
0s
0r
1y
0c
0i
#4309622788
1t
0s
0r
1y
0c
0i
#4309623445
0t
0s
0r
1y
0c
0i
#4309623862
1t
0s
0r
1y
0c
0i
#4309624522
0t
0s
0r
1y
1c
0i
#4309624939
1t
0s
0r
1y
1c
0i
#4309625604
0t
0s
0r
1y
1c
1i
#4309626020
1t
0s
0r
1y
1c
1i
#4309626682
0t
0s
0r
1y
1c
1i
#4309627101
1t
0s
0r
1y
1c
1i
#4309627765
0t
0s
0r
1y
1c
1i
#4309628184
1t
0s
0r
1y
1c
1i
#4309628852
0t
0s
0r
1y
1c
0i
#4309629270
1t
0s
0r
1y
1c
0i
#4309629933
0t
0s
0r
1y
1c
0i
#4309630352
1t
0s
0r
1y
1c
0i
#4309631017
0t
0s
0r
1y
1c
0i
#4309631435
1t
0s
0r
1y
1c
0i
#4309632101
0t
0s
0r
1y
1c
0i
#4309632518
1t
0s
0r
1y
1c
0i
#4309633178
0t
0s
0r
1y
1c
0i
#4309633599
1t
0s
0r
1y
1c
0i
#4309634259
0t
0s
0r
1y
1c
0i
#4309634678
1t
0s
0r
1y
1c
0i
#4309635341
0t
0s
0r
1y
1c
0i
#4309635758
1t
0s
0r
1y
1c
0i
#4309636416
0t
0s
0r
1y
1c
0i
#4309636834
1t
0s
0r
1y
1c
0i
#4309637492
0t
0s
0r
1y
1c
0i
#4309637909
1t
0s
0r
1y
1c
0i
#4309638569
0t
0s
0r
1y
1c
0i
#4309638986
1t
0s
0r
1y
1c
0i
#4309639641
0t
0s
0r
1y
1c
0i
#4309640059
1t
0s
0r
1y
1c
0i
#4309640715
0t
0s
0r
1y
1c
0i
#4309641132
1t
0s
0r
1y
1c
0i
#4309641791
0t
0s
0r
1y
1c
0i
#4309642206
1t
0s
0r
1y
1c
0i
#4309643912
0t
0s
0r
1y
1c
0i
#4309645105
1t
0s
0r
1y
1c
0i
#4309646090
0t
0s
0r
1y
1c
0i
#4309646493
1t
0s
0r
1y
1c
0i
#4309647153
0t
0s
0r
1y
1c
0i
#4309647566
1t
0s
0r
1y
1c
0i
#4309648224
0t
0s
0r
1y
1c
0i
#4309648638
1t
0s
0r
1y
1c
0i
#4309649296
0t
0s
0r
1y
1c
0i
#4309649710
1t
0s
0r
1y
1c
0i
#4309650367
0t
0s
0r
1y
1c
0i
#4309650781
1t
0s
0r
1y
1c
0i
#4309651441
0t
0s
0r
1y
1c
0i
#4309651853
1t
0s
0r
1y
1c
0i
#4309652509
0t
0s
0r
1y
1c
0i
#4309652923
1t
0s
0r
1y
1c
0i
#4309653580
0t
0s
0r
1y
1c
0i
#4309653994
1t
0s
0r
1y
1c
0i
#4309654653
0t
0s
0r
1y
1c
0i
#4309655067
1t
0s
0r
1y
1c
0i
#4309655723
0t
0s
0r
1y
0c
0i
#4309656139
1t
0s
0r
1y
0c
0i
#4309656797
0t
0s
0r
1y
0c
0i
#4309657212
1t
0s
0r
1y
0c
0i
#4309657876
0t
0s
0r
1y
0c
1i
#4309658289
1t
0s
0r
1y
0c
1i
#4309658950
0t
0s
0r
1y
0c
1i
#4309659366
1t
0s
0r
1y
0c
1i
#4309660028
0t
0s
0r
1y
0c
1i
#4309660445
1t
0s
0r
1y
0c
1i
#4309661110
0t
0s
0r
1y
0c
0i
#4309661525
1t
0s
0r
1y
0c
0i
#4309662187
0t
0s
0r
1y
0c
0i
#4309662603
1t
0s
0r
1y
0c
0i
#4309663265
0t
0s
0r
1y
0c
0i
#4309663681
1t
0s
0r
1y
0c
0i
#4309664345
0t
0s
0r
1y
0c
0i
#4309664758
1t
0s
0r
1y
0c
0i
#4309665416
0t
0s
0r
1y
0c
0i
#4309665831
1t
0s
0r
1y
0c
0i
#4309666488
0t
0s
0r
1y
0c
0i
#4309666901
1t
0s
0r
1y
0c
0i
#4309667559
0t
0s
0r
1y
0c
0i
#4309667969
1t
0s
0r
1y
0c
0i
#4309668621
0t
0s
0r
1y
0c
0i
#4309669031
1t
0s
0r
1y
0c
0i
#4309669682
0t
0s
0r
1y
0c
0i
#4309670091
1t
0s
0r
1y
0c
0i
#4309670744
0t
0s
0r
1y
0c
0i
#4309671151
1t
0s
0r
1y
0c
0i
#4309671799
0t
0s
0r
1y
0c
0i
#4309672207
1t
0s
0r
1y
0c
0i
#4309672856
0t
0s
0r
1y
0c
0i
#4309673264
1t
0s
0r
1y
0c
0i
#4309673916
0t
0s
0r
1y
0c
0i
#4309674322
1t
0s
0r
1y
0c
0i
#4309674970
0t
0s
0r
1y
0c
0i
#4309675380
1t
0s
0r
1y
0c
0i
#4309676028
0t
0s
0r
1y
0c
0i
#4309676438
1t
0s
0r
1y
0c
0i
#4309677089
0t
0s
0r
1y
0c
0i
#4309677498
1t
0s
0r
1y
0c
0i
#4309678145
0t
0s
0r
1y
0c
0i
#4309678555
1t
0s
0r
1y
0c
0i
#4309679204
0t
0s
0r
1y
0c
0i
#4309679614
1t
0s
0r
1y
0c
0i
#4309680265
0t
0s
0r
1y
0c
0i
#4309680673
1t
0s
0r
1y
0c
0i
#4309681320
0t
0s
0r
1y
0c
0i
#4309681731
1t
0s
0r
1y
0c
0i
#4309682378
0t
0s
0r
1y
0c
0i
#4309682788
1t
0s
0r
1y
0c
0i
#4309683439
0t
0s
0r
1y
0c
0i
#4309683847
1t
0s
0r
1y
0c
0i
#4309684493
0t
0s
0r
1y
0c
0i
#4309684904
1t
0s
0r
1y
0c
0i
#4309685552
0t
0s
0r
1y
0c
0i
#4309685961
1t
0s
0r
1y
0c
0i
#4309686611
0t
0s
0r
1y
0c
0i
#4309687022
1t
0s
0r
1y
0c
0i
#4309687668
0t
0s
0r
1y
0c
0i
#4309688080
1t
0s
0r
1y
0c
0i
#4309688729
0t
0s
0r
1y
1c
0i
#4309689141
1t
0s
0r
1y
1c
0i
#4309689795
0t
0s
0r
1y
1c
1i
#4309690205
1t
0s
0r
1y
1c
1i
#4309690856
0t
0s
0r
1y
1c
1i
#4309691269
1t
0s
0r
1y
1c
1i
#4309691922
0t
0s
0r
1y
1c
1i
#4309692335
1t
0s
0r
1y
1c
1i
#4309692991
0t
0s
0r
1y
1c
0i
#4309693403
1t
0s
0r
1y
1c
0i
#4309694055
0t
0s
0r
1y
1c
0i
#4309694468
1t
0s
0r
1y
1c
0i
#4309695121
0t
0s
0r
1y
1c
0i
#4309695534
1t
0s
0r
1y
1c
0i
#4309696189
0t
0s
0r
1y
1c
0i
#4309696601
1t
0s
0r
1y
1c
0i
#4309697251
0t
0s
0r
1y
1c
0i
#4309697666
1t
0s
0r
1y
1c
0i
#4309698316
0t
0s
0r
1y
1c
0i
#4309698730
1t
0s
0r
1y
1c
0i
#4309699384
0t
0s
0r
1y
1c
0i
#4309699797
1t
0s
0r
1y
1c
0i
#4309700447
0t
0s
0r
1y
1c
0i
#4309700861
1t
0s
0r
1y
1c
0i
#4309701513
0t
0s
0r
1y
1c
0i
#4309701926
1t
0s
0r
1y
1c
0i
#4309702581
0t
0s
0r
1y
1c
0i
#4309702994
1t
0s
0r
1y
1c
0i
#4309703643
0t
0s
0r
1y
1c
0i
#4309704059
1t
0s
0r
1y
1c
0i
#4309704710
0t
0s
0r
1y
1c
0i
#4309705124
1t
0s
0r
1y
1c
0i
#4309705779
0t
0s
0r
1y
1c
0i
#4309706191
1t
0s
0r
1y
1c
0i
#4309707885
0t
0s
0r
1y
1c
0i
#4309709070
1t
0s
0r
1y
1c
0i
#4309710046
0t
0s
0r
1y
1c
0i
#4309710446
1t
0s
0r
1y
1c
0i
#4309711101
0t
0s
0r
1y
1c
0i
#4309711511
1t
0s
0r
1y
1c
0i
#4309712163
0t
0s
0r
1y
1c
0i
#4309712574
1t
0s
0r
1y
1c
0i
#4309713226
0t
0s
0r
1y
1c
0i
#4309713638
1t
0s
0r
1y
1c
0i
#4309714289
0t
0s
0r
1y
1c
0i
#4309714700
1t
0s
0r
1y
1c
0i
#4309715354
0t
0s
0r
1y
1c
0i
#4309715764
1t
0s
0r
1y
1c
0i
#4309716413
0t
0s
0r
1y
1c
0i
#4309716825
1t
0s
0r
1y
1c
0i
#4309717477
0t
0s
0r
1y
1c
0i
#4309717887
1t
0s
0r
1y
1c
0i
#4309718541
0t
0s
0r
1y
1c
0i
#4309718953
1t
0s
0r
1y
1c
0i
#4309719603
0t
0s
0r
1y
1c
0i
#4309720016
1t
0s
0r
1y
1c
0i
#4309720670
0t
0s
0r
1y
0c
0i
#4309721082
1t
0s
0r
1y
0c
0i
#4309721739
0t
0s
0r
1y
0c
1i
#4309722151
1t
0s
0r
1y
0c
1i
#4309722806
0t
0s
0r
1y
0c
1i
#4309723219
1t
0s
0r
1y
0c
1i
#4309723877
0t
0s
0r
1y
0c
1i
#4309724290
1t
0s
0r
1y
0c
1i
#4309724393
1t
0s
1r
1y
0c
1i
#4309724395
1t
0s
0r
1y
0c
1i
#4309724950
0t
0s
0r
1y
0c
0i
#4309725362
1t
0s
0r
1y
0c
0i
#4309726018
0t
0s
0r
1y
0c
0i
#4309726432
1t
0s
0r
1y
0c
0i
#4309727089
0t
0s
0r
1y
0c
0i
#4309727501
1t
0s
0r
1y
0c
0i
#4309728160
0t
0s
0r
1y
0c
0i
#4309728571
1t
0s
0r
1y
0c
0i
#4309729226
0t
0s
0r
1y
0c
0i
#4309729639
1t
0s
0r
1y
0c
0i
#4309730294
0t
0s
0r
1y
0c
0i
#4309730706
1t
0s
0r
1y
0c
0i
#4309731364
0t
0s
0r
1y
0c
0i
#4309731774
1t
0s
0r
1y
0c
0i
#4309732429
0t
0s
0r
1y
0c
0i
#4309732840
1t
0s
0r
1y
0c
0i
#4309733496
0t
0s
0r
1y
0c
0i
#4309733906
1t
0s
0r
1y
0c
0i
#4309734564
0t
0s
0r
1y
0c
0i
#4309734973
1t
0s
0r
1y
0c
0i
#4309735627
0t
0s
0r
1y
0c
0i
#4309736037
1t
0s
0r
1y
0c
0i
#4309736692
0t
0s
0r
1y
0c
0i
#4309737102
1t
0s
0r
1y
0c
0i
#4309737760
0t
0s
0r
1y
0c
0i
#4309738169
1t
0s
0r
1y
0c
0i
#4309738823
0t
0s
0r
1y
0c
0i
#4309739233
1t
0s
0r
1y
0c
0i
#4309739887
0t
0s
0r
1y
0c
0i
#4309740299
1t
0s
0r
1y
0c
0i
#4309740955
0t
0s
0r
1y
0c
0i
#4309741365
1t
0s
0r
1y
0c
0i
#4309742017
0t
0s
0r
1y
0c
0i
#4309742428
1t
0s
0r
1y
0c
0i
#4309743082
0t
0s
0r
1y
0c
0i
#4309743492
1t
0s
0r
1y
0c
0i
#4309744148
0t
0s
0r
1y
0c
0i
#4309744557
1t
0s
0r
1y
0c
0i
#4309745208
0t
0s
0r
1y
0c
0i
#4309745621
1t
0s
0r
1y
0c
0i
#4309746272
0t
0s
0r
1y
0c
0i
#4309746684
1t
0s
0r
1y
0c
0i
#4309747339
0t
0s
0r
1y
0c
0i
#4309747749
1t
0s
0r
1y
0c
0i
#4309748400
0t
0s
0r
1y
0c
0i
#4309748812
1t
0s
0r
1y
0c
0i
#4309749464
0t
0s
0r
1y
0c
0i
#4309749876
1t
0s
0r
1y
0c
0i
#4309750530
0t
0s
0r
1y
0c
0i
#4309750943
1t
0s
0r
1y
0c
0i
#4309751593
0t
0s
0r
1y
0c
0i
#4309752008
1t
0s
0r
1y
0c
0i
#4309752662
0t
0s
0r
1y
1c
0i
#4309753075
1t
0s
0r
1y
1c
0i
#4309753733
0t
0s
0r
1y
1c
1i
#4309754146
1t
0s
0r
1y
1c
1i
#4309754801
0t
0s
0r
1y
1c
1i
#4309755217
1t
0s
0r
1y
1c
1i
#4309755874
0t
0s
0r
1y
1c
1i
#4309756289
1t
0s
0r
1y
1c
1i
#4309756950
0t
0s
0r
1y
1c
0i
#4309757364
1t
0s
0r
1y
1c
0i
#4309758021
0t
0s
0r
1y
1c
0i
#4309758436
1t
0s
0r
1y
1c
0i
#4309759093
0t
0s
0r
1y
1c
0i
#4309759507
1t
0s
0r
1y
1c
0i
#4309760167
0t
0s
0r
1y
1c
0i
#4309760580
1t
0s
0r
1y
1c
0i
#4309761233
0t
0s
0r
1y
1c
0i
#4309761650
1t
0s
0r
1y
1c
0i
#4309762303
0t
0s
0r
1y
1c
0i
#4309762718
1t
0s
0r
1y
1c
0i
#4309763374
0t
0s
0r
1y
1c
0i
#4309763787
1t
0s
0r
1y
1c
0i
#4309764437
0t
0s
0r
1y
1c
0i
#4309764851
1t
0s
0r
1y
1c
0i
#4309765502
0t
0s
0r
1y
1c
0i
#4309765915
1t
0s
0r
1y
1c
0i
#4309766567
0t
0s
0r
1y
1c
0i
#4309766979
1t
0s
0r
1y
1c
0i
#4309767627
0t
0s
0r
1y
1c
0i
#4309768041
1t
0s
0r
1y
1c
0i
#4309768689
0t
0s
0r
1y
1c
0i
#4309769102
1t
0s
0r
1y
1c
0i
#4309769754
0t
0s
0r
1y
1c
0i
#4309770165
1t
0s
0r
1y
1c
0i
#4309771853
0t
0s
0r
1y
1c
0i
#4309773035
1t
0s
0r
1y
1c
0i
#4309774009
0t
0s
0r
1y
1c
0i
#4309774408
1t
0s
0r
1y
1c
0i
#4309775061
0t
0s
0r
1y
1c
0i
#4309775470
1t
0s
0r
1y
1c
0i
#4309776121
0t
0s
0r
1y
1c
0i
#4309776532
1t
0s
0r
1y
1c
0i
#4309777182
0t
0s
0r
1y
1c
0i
#4309777593
1t
0s
0r
1y
1c
0i
#4309778243
0t
0s
0r
1y
1c
0i
#4309778654
1t
0s
0r
1y
1c
0i
#4309779306
0t
0s
0r
1y
1c
0i
#4309779715
1t
0s
0r
1y
1c
0i
#4309780363
0t
0s
0r
1y
1c
0i
#4309780774
1t
0s
0r
1y
1c
0i
#4309781424
0t
0s
0r
1y
1c
0i
#4309781834
1t
0s
0r
1y
1c
0i
#4309782486
0t
0s
0r
1y
1c
0i
#4309782897
1t
0s
0r
1y
1c
0i
#4309783546
0t
0s
0r
1y
1c
0i
#4309783958
1t
0s
0r
1y
1c
0i
#4309784609
0t
0s
0r
1y
0c
0i
#4309785020
1t
0s
0r
1y
0c
0i
#4309785676
0t
0s
0r
1y
0c
1i
#4309786086
1t
0s
0r
1y
0c
1i
#4309786740
0t
0s
0r
1y
0c
1i
#4309787152
1t
0s
0r
1y
0c
1i
#4309787808
0t
0s
0r
1y
0c
1i
#4309788220
1t
0s
0r
1y
0c
1i
#4309788879
0t
0s
0r
1y
0c
0i
#4309789290
1t
0s
0r
1y
0c
0i
#4309789945
0t
0s
0r
1y
0c
0i
#4309790357
1t
0s
0r
1y
0c
0i
#4309791013
0t
0s
0r
1y
0c
0i
#4309791424
1t
0s
0r
1y
0c
0i
#4309792082
0t
0s
0r
1y
0c
0i
#4309792492
1t
0s
0r
1y
0c
0i
#4309793144
0t
0s
0r
1y
0c
0i
#4309793558
1t
0s
0r
1y
0c
0i
#4309794210
0t
0s
0r
1y
0c
0i
#4309794622
1t
0s
0r
1y
0c
0i
#4309795278
0t
0s
0r
1y
0c
0i
#4309795687
1t
0s
0r
1y
0c
0i
#4309796339
0t
0s
0r
1y
0c
0i
#4309796749
1t
0s
0r
1y
0c
0i
#4309797402
0t
0s
0r
1y
0c
0i
#4309797812
1t
0s
0r
1y
0c
0i
#4309798468
0t
0s
0r
1y
0c
0i
#4309798875
1t
0s
0r
1y
0c
0i
#4309799526
0t
0s
0r
1y
0c
0i
#4309799936
1t
0s
0r
1y
0c
0i
#4309800588
0t
0s
0r
1y
0c
0i
#4309800997
1t
0s
0r
1y
0c
0i
#4309801652
0t
0s
0r
1y
0c
0i
#4309802060
1t
0s
0r
1y
0c
0i
#4309802710
0t
0s
0r
1y
0c
0i
#4309803120
1t
0s
0r
1y
0c
0i
#4309803770
0t
0s
0r
1y
0c
0i
#4309804181
1t
0s
0r
1y
0c
0i
#4309804833
0t
0s
0r
1y
0c
0i
#4309805242
1t
0s
0r
1y
0c
0i
#4309805890
0t
0s
0r
1y
0c
0i
#4309806301
1t
0s
0r
1y
0c
0i
#4309806950
0t
0s
0r
1y
0c
0i
#4309807359
1t
0s
0r
1y
0c
0i
#4309808011
0t
0s
0r
1y
0c
0i
#4309808419
1t
0s
0r
1y
0c
0i
#4309809066
0t
0s
0r
1y
0c
0i
#4309809477
1t
0s
0r
1y
0c
0i
#4309810125
0t
0s
0r
1y
0c
0i
#4309810534
1t
0s
0r
1y
0c
0i
#4309811185
0t
0s
0r
1y
0c
0i
#4309811593
1t
0s
0r
1y
0c
0i
#4309812239
0t
0s
0r
1y
0c
0i
#4309812649
1t
0s
0r
1y
0c
0i
#4309813297
0t
0s
0r
1y
0c
0i
#4309813707
1t
0s
0r
1y
0c
0i
#4309814357
0t
0s
0r
1y
0c
0i
#4309814768
1t
0s
0r
1y
0c
0i
#4309815414
0t
0s
0r
1y
0c
0i
#4309815826
1t
0s
0r
1y
0c
0i
#4309816474
0t
0s
0r
1y
1c
0i
#4309816887
1t
0s
0r
1y
1c
0i
#4309817540
0t
0s
0r
1y
1c
1i
#4309817951
1t
0s
0r
1y
1c
1i
#4309818602
0t
0s
0r
1y
1c
1i
#4309819015
1t
0s
0r
1y
1c
1i
#4309819669
0t
0s
0r
1y
1c
1i
#4309820082
1t
0s
0r
1y
1c
1i
#4309820739
0t
0s
0r
1y
1c
0i
#4309821151
1t
0s
0r
1y
1c
0i
#4309821803
0t
0s
0r
1y
1c
0i
#4309822216
1t
0s
0r
1y
1c
0i
#4309822870
0t
0s
0r
1y
1c
0i
#4309823283
1t
0s
0r
1y
1c
0i
#4309823939
0t
0s
0r
1y
1c
0i
#4309824350
1t
0s
0r
1y
1c
0i
#4309825000
0t
0s
0r
1y
1c
0i
#4309825416
1t
0s
0r
1y
1c
0i
#4309826067
0t
0s
0r
1y
1c
0i
#4309826481
1t
0s
0r
1y
1c
0i
#4309827134
0t
0s
0r
1y
1c
0i
#4309827547
1t
0s
0r
1y
1c
0i
#4309828196
0t
0s
0r
1y
1c
0i
#4309828610
1t
0s
0r
1y
1c
0i
#4309829261
0t
0s
0r
1y
1c
0i
#4309829674
1t
0s
0r
1y
1c
0i
#4309830328
0t
0s
0r
1y
1c
0i
#4309830741
1t
0s
0r
1y
1c
0i
#4309831389
0t
0s
0r
1y
1c
0i
#4309831804
1t
0s
0r
1y
1c
0i
#4309832454
0t
0s
0r
1y
1c
0i
#4309832867
1t
0s
0r
1y
1c
0i
#4309833521
0t
0s
0r
1y
1c
0i
#4309833932
1t
0s
0r
1y
1c
0i
#4309835623
0t
0s
0r
1y
1c
0i
#4309836806
1t
0s
0r
1y
1c
0i
#4309837782
0t
0s
0r
1y
1c
0i
#4309838181
1t
0s
0r
1y
1c
0i
#4309838834
0t
0s
0r
1y
1c
0i
#4309839244
1t
0s
0r
1y
1c
0i
#4309839895
0t
0s
0r
1y
1c
0i
#4309840306
1t
0s
0r
1y
1c
0i
#4309840956
0t
0s
0r
1y
1c
0i
#4309841368
1t
0s
0r
1y
1c
0i
#4309842018
0t
0s
0r
1y
1c
0i
#4309842428
1t
0s
0r
1y
1c
0i
#4309843081
0t
0s
0r
1y
1c
0i
#4309843490
1t
0s
0r
1y
1c
0i
#4309844138
0t
0s
0r
1y
1c
0i
#4309844549
1t
0s
0r
1y
1c
0i
#4309845199
0t
0s
0r
1y
1c
0i
#4309845609
1t
0s
0r
1y
1c
0i
#4309846262
0t
0s
0r
1y
1c
0i
#4309846672
1t
0s
0r
1y
1c
0i
#4309847321
0t
0s
0r
1y
1c
0i
#4309847734
1t
0s
0r
1y
1c
0i
#4309848386
0t
0s
0r
1y
0c
0i
#4309848797
1t
0s
0r
1y
0c
0i
#4309849454
0t
0s
0r
1y
0c
1i
#4309849864
1t
0s
0r
1y
0c
1i
#4309850519
0t
0s
0r
1y
0c
1i
#4309850931
1t
0s
0r
1y
0c
1i
#4309851587
0t
0s
0r
1y
0c
1i
#4309852001
1t
0s
0r
1y
0c
1i
#4309852072
1t
0s
1r
1y
0c
1i
#4309852075
1t
0s
0r
1y
0c
1i
#4309852660
0t
0s
0r
1y
0c
0i
#4309853072
1t
0s
0r
1y
0c
0i
#4309853727
0t
0s
0r
1y
0c
0i
#4309854140
1t
0s
0r
1y
0c
0i
#4309854796
0t
0s
0r
1y
0c
0i
#4309855208
1t
0s
0r
1y
0c
0i
#4309855867
0t
0s
0r
1y
0c
0i
#4309856277
1t
0s
0r
1y
0c
0i
#4309856931
0t
0s
0r
1y
0c
0i
#4309857345
1t
0s
0r
1y
0c
0i
#4309858000
0t
0s
0r
1y
0c
0i
#4309858412
1t
0s
0r
1y
0c
0i
#4309859070
0t
0s
0r
1y
0c
0i
#4309859481
1t
0s
0r
1y
0c
0i
#4309860137
0t
0s
0r
1y
0c
0i
#4309860548
1t
0s
0r
1y
0c
0i
#4309861206
0t
0s
0r
1y
0c
0i
#4309861617
1t
0s
0r
1y
0c
0i
#4309862278
0t
0s
0r
1y
0c
0i
#4309862689
1t
0s
0r
1y
0c
0i
#4309863346
0t
0s
0r
1y
0c
0i
#4309863758
1t
0s
0r
1y
0c
0i
#4309864417
0t
0s
0r
1y
0c
0i
#4309864829
1t
0s
0r
1y
0c
0i
#4309865492
0t
0s
0r
1y
0c
0i
#4309865902
1t
0s
0r
1y
0c
0i
#4309866560
0t
0s
0r
1y
0c
0i
#4309866973
1t
0s
0r
1y
0c
0i
#4309867632
0t
0s
0r
1y
0c
0i
#4309868046
1t
0s
0r
1y
0c
0i
#4309868706
0t
0s
0r
1y
0c
0i
#4309869118
1t
0s
0r
1y
0c
0i
#4309869774
0t
0s
0r
1y
0c
0i
#4309870188
1t
0s
0r
1y
0c
0i
#4309870845
0t
0s
0r
1y
0c
0i
#4309871258
1t
0s
0r
1y
0c
0i
#4309871918
0t
0s
0r
1y
0c
0i
#4309872329
1t
0s
0r
1y
0c
0i
#4309872984
0t
0s
0r
1y
0c
0i
#4309873398
1t
0s
0r
1y
0c
0i
#4309874054
0t
0s
0r
1y
0c
0i
#4309874468
1t
0s
0r
1y
0c
0i
#4309875126
0t
0s
0r
1y
0c
0i
#4309875539
1t
0s
0r
1y
0c
0i
#4309876193
0t
0s
0r
1y
0c
0i
#4309876607
1t
0s
0r
1y
0c
0i
#4309877263
0t
0s
0r
1y
0c
0i
#4309877677
1t
0s
0r
1y
0c
0i
#4309878336
0t
0s
0r
1y
0c
0i
#4309878751
1t
0s
0r
1y
0c
0i
#4309879407
0t
0s
0r
1y
0c
0i
#4309879823
1t
0s
0r
1y
0c
0i
#4309880481
0t
0s
0r
1y
1c
0i
#4309880897
1t
0s
0r
1y
1c
0i
#4309881560
0t
0s
0r
1y
1c
1i
#4309881975
1t
0s
0r
1y
1c
1i
#4309882635
0t
0s
0r
1y
1c
1i
#4309883053
1t
0s
0r
1y
1c
1i
#4309883716
0t
0s
0r
1y
1c
1i
#4309884133
1t
0s
0r
1y
1c
1i
#4309884799
0t
0s
0r
1y
1c
0i
#4309885215
1t
0s
0r
1y
1c
0i
#4309885876
0t
0s
0r
1y
1c
0i
#4309886294
1t
0s
0r
1y
1c
0i
#4309886956
0t
0s
0r
1y
1c
0i
#4309887373
1t
0s
0r
1y
1c
0i
#4309888037
0t
0s
0r
1y
1c
0i
#4309888453
1t
0s
0r
1y
1c
0i
#4309889110
0t
0s
0r
1y
1c
0i
#4309889529
1t
0s
0r
1y
1c
0i
#4309890186
0t
0s
0r
1y
1c
0i
#4309890603
1t
0s
0r
1y
1c
0i
#4309891262
0t
0s
0r
1y
1c
0i
#4309891676
1t
0s
0r
1y
1c
0i
#4309892330
0t
0s
0r
1y
1c
0i
#4309892745
1t
0s
0r
1y
1c
0i
#4309893399
0t
0s
0r
1y
1c
0i
#4309893813
1t
0s
0r
1y
1c
0i
#4309894468
0t
0s
0r
1y
1c
0i
#4309894882
1t
0s
0r
1y
1c
0i
#4309895532
0t
0s
0r
1y
1c
0i
#4309895948
1t
0s
0r
1y
1c
0i
#4309896599
0t
0s
0r
1y
1c
0i
#4309897014
1t
0s
0r
1y
1c
0i
#4309897668
0t
0s
0r
1y
1c
0i
#4309898081
1t
0s
0r
1y
1c
0i
#4309899776
0t
0s
0r
1y
1c
0i
#4309900963
1t
0s
0r
1y
1c
0i
#4309901942
0t
0s
0r
1y
1c
0i
#4309902343
1t
0s
0r
1y
1c
0i
#4309902999
0t
0s
0r
1y
1c
0i
#4309903410
1t
0s
0r
1y
1c
0i
#4309904064
0t
0s
0r
1y
1c
0i
#4309904476
1t
0s
0r
1y
1c
0i
#4309905129
0t
0s
0r
1y
1c
0i
#4309905542
1t
0s
0r
1y
1c
0i
#4309906194
0t
0s
0r
1y
1c
0i
#4309906607
1t
0s
0r
1y
1c
0i
#4309907262
0t
0s
0r
1y
1c
0i
#4309907673
1t
0s
0r
1y
1c
0i
#4309908324
0t
0s
0r
1y
1c
0i
#4309908736
1t
0s
0r
1y
1c
0i
#4309909389
0t
0s
0r
1y
1c
0i
#4309909800
1t
0s
0r
1y
1c
0i
#4309910456
0t
0s
0r
1y
1c
0i
#4309910868
1t
0s
0r
1y
1c
0i
#4309911519
0t
0s
0r
1y
1c
0i
#4309911933
1t
0s
0r
1y
1c
0i
#4309912588
0t
0s
0r
1y
0c
0i
#4309913001
1t
0s
0r
1y
0c
0i
#4309913660
0t
0s
0r
1y
0c
1i
#4309914071
1t
0s
0r
1y
0c
1i
#4309914728
0t
0s
0r
1y
0c
1i
#4309915142
1t
0s
0r
1y
0c
1i
#4309915801
0t
0s
0r
1y
0c
1i
#4309916215
1t
0s
0r
1y
0c
1i
#4309916877
0t
0s
0r
1y
0c
0i
#4309917290
1t
0s
0r
1y
0c
0i
#4309917948
0t
0s
0r
1y
0c
0i
#4309918362
1t
0s
0r
1y
0c
0i
#4309919021
0t
0s
0r
1y
0c
0i
#4309919434
1t
0s
0r
1y
0c
0i
#4309920095
0t
0s
0r
1y
0c
0i
#4309920507
1t
0s
0r
1y
0c
0i
#4309921162
0t
0s
0r
1y
0c
0i
#4309921577
1t
0s
0r
1y
0c
0i
#4309922232
0t
0s
0r
1y
0c
0i
#4309922645
1t
0s
0r
1y
0c
0i
#4309923303
0t
0s
0r
1y
0c
0i
#4309923713
1t
0s
0r
1y
0c
0i
#4309924367
0t
0s
0r
1y
0c
0i
#4309924778
1t
0s
0r
1y
0c
0i
#4309925432
0t
0s
0r
1y
0c
0i
#4309925842
1t
0s
0r
1y
0c
0i
#4309926498
0t
0s
0r
1y
0c
0i
#4309926905
1t
0s
0r
1y
0c
0i
#4309927556
0t
0s
0r
1y
0c
0i
#4309927965
1t
0s
0r
1y
0c
0i
#4309928616
0t
0s
0r
1y
0c
0i
#4309929025
1t
0s
0r
1y
0c
0i
#4309929679
0t
0s
0r
1y
0c
0i
#4309930086
1t
0s
0r
1y
0c
0i
#4309930735
0t
0s
0r
1y
0c
0i
#4309931145
1t
0s
0r
1y
0c
0i
#4309931794
0t
0s
0r
1y
0c
0i
#4309932205
1t
0s
0r
1y
0c
0i
#4309932856
0t
0s
0r
1y
0c
0i
#4309933265
1t
0s
0r
1y
0c
0i
#4309933913
0t
0s
0r
1y
0c
0i
#4309934323
1t
0s
0r
1y
0c
0i
#4309934973
0t
0s
0r
1y
0c
0i
#4309935382
1t
0s
0r
1y
0c
0i
#4309936035
0t
0s
0r
1y
0c
0i
#4309936443
1t
0s
0r
1y
0c
0i
#4309937090
0t
0s
0r
1y
0c
0i
#4309937501
1t
0s
0r
1y
0c
0i
#4309938149
0t
0s
0r
1y
0c
0i
#4309938560
1t
0s
0r
1y
0c
0i
#4309939210
0t
0s
0r
1y
0c
0i
#4309939620
1t
0s
0r
1y
0c
0i
#4309940267
0t
0s
0r
1y
0c
0i
#4309940677
1t
0s
0r
1y
0c
0i
#4309941325
0t
0s
0r
1y
0c
0i
#4309941735
1t
0s
0r
1y
0c
0i
#4309942385
0t
0s
0r
1y
0c
0i
#4309942797
1t
0s
0r
1y
0c
0i
#4309943443
0t
0s
0r
1y
0c
0i
#4309943855
1t
0s
0r
1y
0c
0i
#4309944505
0t
0s
0r
1y
1c
0i
#4309944917
1t
0s
0r
1y
1c
0i
#4309945570
0t
0s
0r
1y
1c
1i
#4309945981
1t
0s
0r
1y
1c
1i
#4309946632
0t
0s
0r
1y
1c
1i
#4309947045
1t
0s
0r
1y
1c
1i
#4309947699
0t
0s
0r
1y
1c
1i
#4309948112
1t
0s
0r
1y
1c
1i
#4309948768
0t
0s
0r
1y
1c
0i
#4309949180
1t
0s
0r
1y
1c
0i
#4309949833
0t
0s
0r
1y
1c
0i
#4309950246
1t
0s
0r
1y
1c
0i
#4309950899
0t
0s
0r
1y
1c
0i
#4309951312
1t
0s
0r
1y
1c
0i
#4309951968
0t
0s
0r
1y
1c
0i
#4309952379
1t
0s
0r
1y
1c
0i
#4309953029
0t
0s
0r
1y
1c
0i
#4309953444
1t
0s
0r
1y
1c
0i
#4309954095
0t
0s
0r
1y
1c
0i
#4309954509
1t
0s
0r
1y
1c
0i
#4309955164
0t
0s
0r
1y
1c
0i
#4309955576
1t
0s
0r
1y
1c
0i
#4309956226
0t
0s
0r
1y
1c
0i
#4309956640
1t
0s
0r
1y
1c
0i
#4309957292
0t
0s
0r
1y
1c
0i
#4309957706
1t
0s
0r
1y
1c
0i
#4309958361
0t
0s
0r
1y
1c
0i
#4309958775
1t
0s
0r
1y
1c
0i
#4309959426
0t
0s
0r
1y
1c
0i
#4309959842
1t
0s
0r
1y
1c
0i
#4309960495
0t
0s
0r
1y
1c
0i
#4309960909
1t
0s
0r
1y
1c
0i
#4309961566
0t
0s
0r
1y
1c
0i
#4309961979
1t
0s
0r
1y
1c
0i
#4309963678
0t
0s
0r
1y
1c
0i
#4309964866
1t
0s
0r
1y
1c
0i
#4309965847
0t
0s
0r
1y
1c
0i
#4309966247
1t
0s
0r
1y
1c
0i
#4309966904
0t
0s
0r
1y
1c
0i
#4309967315
1t
0s
0r
1y
1c
0i
#4309967970
0t
0s
0r
1y
1c
0i
#4309968381
1t
0s
0r
1y
1c
0i
#4309969035
0t
0s
0r
1y
1c
0i
#4309969448
1t
0s
0r
1y
1c
0i
#4309970101
0t
0s
0r
1y
1c
0i
#4309970513
1t
0s
0r
1y
1c
0i
#4309971169
0t
0s
0r
1y
1c
0i
#4309971579
1t
0s
0r
1y
1c
0i
#4309972232
0t
0s
0r
1y
1c
0i
#4309972643
1t
0s
0r
1y
1c
0i
#4309973297
0t
0s
0r
1y
1c
0i
#4309973709
1t
0s
0r
1y
1c
0i
#4309974365
0t
0s
0r
1y
1c
0i
#4309974777
1t
0s
0r
1y
1c
0i
#4309975430
0t
0s
0r
1y
0c
0i
#4309975844
1t
0s
0r
1y
0c
0i
#4309976500
0t
0s
0r
1y
0c
0i
#4309976913
1t
0s
0r
1y
0c
0i
#4309977574
0t
0s
0r
1y
0c
1i
#4309977985
1t
0s
0r
1y
0c
1i
#4309978643
0t
0s
0r
1y
0c
1i
#4309979057
1t
0s
0r
1y
0c
1i
#4309979718
0t
0s
0r
1y
0c
1i
#4309980132
1t
0s
0r
1y
0c
1i
#4309980186
1t
0s
1r
1y
0c
1i
#4309980189
1t
0s
0r
1y
0c
1i
#4309980795
0t
0s
0r
1y
0c
0i
#4309981208
1t
0s
0r
1y
0c
0i
#4309981866
0t
0s
0r
1y
0c
0i
#4309982281
1t
0s
0r
1y
0c
0i
#4309982940
0t
0s
0r
1y
0c
0i
#4309983353
1t
0s
0r
1y
0c
0i
#4309984015
0t
0s
0r
1y
0c
0i
#4309984426
1t
0s
0r
1y
0c
0i
#4309985082
0t
0s
0r
1y
0c
0i
#4309985495
1t
0s
0r
1y
0c
0i
#4309986150
0t
0s
0r
1y
0c
0i
#4309986562
1t
0s
0r
1y
0c
0i
#4309987217
0t
0s
0r
1y
0c
0i
#4309987627
1t
0s
0r
1y
0c
0i
#4309988278
0t
0s
0r
1y
0c
0i
#4309988687
1t
0s
0r
1y
0c
0i
#4309989339
0t
0s
0r
1y
0c
0i
#4309989746
1t
0s
0r
1y
0c
0i
#4309990400
0t
0s
0r
1y
0c
0i
#4309990806
1t
0s
0r
1y
0c
0i
#4309991454
0t
0s
0r
1y
0c
0i
#4309991862
1t
0s
0r
1y
0c
0i
#4309992511
0t
0s
0r
1y
0c
0i
#4309992919
1t
0s
0r
1y
0c
0i
#4309993571
0t
0s
0r
1y
0c
0i
#4309993977
1t
0s
0r
1y
0c
0i
#4309994626
0t
0s
0r
1y
0c
0i
#4309995034
1t
0s
0r
1y
0c
0i
#4309995684
0t
0s
0r
1y
0c
0i
#4309996093
1t
0s
0r
1y
0c
0i
#4309996745
0t
0s
0r
1y
0c
0i
#4309997153
1t
0s
0r
1y
0c
0i
#4309997801
0t
0s
0r
1y
0c
0i
#4309998211
1t
0s
0r
1y
0c
0i
#4309998860
0t
0s
0r
1y
0c
0i
#4309999269
1t
0s
0r
1y
0c
0i
#4309999922
0t
0s
0r
1y
0c
0i
#4310000329
1t
0s
0r
1y
0c
0i
#4310000977
0t
0s
0r
1y
0c
0i
#4310001387
1t
0s
0r
1y
0c
0i
#4310002036
0t
0s
0r
1y
0c
0i
#4310002446
1t
0s
0r
1y
0c
0i
#4310003096
0t
0s
0r
1y
0c
0i
#4310003505
1t
0s
0r
1y
0c
0i
#4310004152
0t
0s
0r
1y
0c
0i
#4310004562
1t
0s
0r
1y
0c
0i
#4310005210
0t
0s
0r
1y
0c
0i
#4310005621
1t
0s
0r
1y
0c
0i
#4310006271
0t
0s
0r
1y
0c
0i
#4310006682
1t
0s
0r
1y
0c
0i
#4310007329
0t
0s
0r
1y
0c
0i
#4310007741
1t
0s
0r
1y
0c
0i
#4310008391
0t
0s
0r
1y
1c
0i
#4310008803
1t
0s
0r
1y
1c
0i
#4310009457
0t
0s
0r
1y
1c
1i
#4310009868
1t
0s
0r
1y
1c
1i
#4310010519
0t
0s
0r
1y
1c
1i
#4310010933
1t
0s
0r
1y
1c
1i
#4310011587
0t
0s
0r
1y
1c
1i
#4310011999
1t
0s
0r
1y
1c
1i
#4310012657
0t
0s
0r
1y
1c
0i
#4310013069
1t
0s
0r
1y
1c
0i
#4310013722
0t
0s
0r
1y
1c
0i
#4310014135
1t
0s
0r
1y
1c
0i
#4310014789
0t
0s
0r
1y
1c
0i
#4310015202
1t
0s
0r
1y
1c
0i
#4310015858
0t
0s
0r
1y
1c
0i
#4310016270
1t
0s
0r
1y
1c
0i
#4310016920
0t
0s
0r
1y
1c
0i
#4310017335
1t
0s
0r
1y
1c
0i
#4310017987
0t
0s
0r
1y
1c
0i
#4310018400
1t
0s
0r
1y
1c
0i
#4310019054
0t
0s
0r
1y
1c
0i
#4310019466
1t
0s
0r
1y
1c
0i
#4310020116
0t
0s
0r
1y
1c
0i
#4310020529
1t
0s
0r
1y
1c
0i
#4310021178
0t
0s
0r
1y
1c
0i
#4310021591
1t
0s
0r
1y
1c
0i
#4310022242
0t
0s
0r
1y
1c
0i
#4310022654
1t
0s
0r
1y
1c
0i
#4310023301
0t
0s
0r
1y
1c
0i
#4310023713
1t
0s
0r
1y
1c
0i
#4310024361
0t
0s
0r
1y
1c
0i
#4310024773
1t
0s
0r
1y
1c
0i
#4310025423
0t
0s
0r
1y
1c
0i
#4310025833
1t
0s
0r
1y
1c
0i
#4310027517
0t
0s
0r
1y
1c
0i
#4310028696
1t
0s
0r
1y
1c
0i
#4310029667
0t
0s
0r
1y
1c
0i
#4310030065
1t
0s
0r
1y
1c
0i
#4310030715
0t
0s
0r
1y
1c
0i
#4310031124
1t
0s
0r
1y
1c
0i
#4310031772
0t
0s
0r
1y
1c
0i
#4310032181
1t
0s
0r
1y
1c
0i
#4310032829
0t
0s
0r
1y
1c
0i
#4310033239
1t
0s
0r
1y
1c
0i
#4310033887
0t
0s
0r
1y
1c
0i
#4310034295
1t
0s
0r
1y
1c
0i
#4310034945
0t
0s
0r
1y
1c
0i
#4310035353
1t
0s
0r
1y
1c
0i
#4310035998
0t
0s
0r
1y
1c
0i
#4310036408
1t
0s
0r
1y
1c
0i
#4310037055
0t
0s
0r
1y
1c
0i
#4310037464
1t
0s
0r
1y
1c
0i
#4310038114
0t
0s
0r
1y
1c
0i
#4310038523
1t
0s
0r
1y
1c
0i
#4310039169
0t
0s
0r
1y
1c
0i
#4310039580
1t
0s
0r
1y
1c
0i
#4310040229
0t
0s
0r
1y
0c
0i
#4310040639
1t
0s
0r
1y
0c
0i
#4310041293
0t
0s
0r
1y
0c
1i
#4310041701
1t
0s
0r
1y
0c
1i
#4310042352
0t
0s
0r
1y
0c
1i
#4310042764
1t
0s
0r
1y
0c
1i
#4310043416
0t
0s
0r
1y
0c
1i
#4310043828
1t
0s
0r
1y
0c
1i
#4310044484
0t
0s
0r
1y
0c
0i
#4310044894
1t
0s
0r
1y
0c
0i
#4310045546
0t
0s
0r
1y
0c
0i
#4310045957
1t
0s
0r
1y
0c
0i
#4310046610
0t
0s
0r
1y
0c
0i
#4310047020
1t
0s
0r
1y
0c
0i
#4310047675
0t
0s
0r
1y
0c
0i
#4310048083
1t
0s
0r
1y
0c
0i
#4310048732
0t
0s
0r
1y
0c
0i
#4310049144
1t
0s
0r
1y
0c
0i
#4310049792
0t
0s
0r
1y
0c
0i
#4310050202
1t
0s
0r
1y
0c
0i
#4310050853
0t
0s
0r
1y
0c
0i
#4310051259
1t
0s
0r
1y
0c
0i
#4310051905
0t
0s
0r
1y
0c
0i
#4310052312
1t
0s
0r
1y
0c
0i
#4310052957
0t
0s
0r
1y
0c
0i
#4310053362
1t
0s
0r
1y
0c
0i
#4310054010
0t
0s
0r
1y
0c
0i
#4310054413
1t
0s
0r
1y
0c
0i
#4310055054
0t
0s
0r
1y
0c
0i
#4310055460
1t
0s
0r
1y
0c
0i
#4310056102
0t
0s
0r
1y
0c
0i
#4310056507
1t
0s
0r
1y
0c
0i
#4310057152
0t
0s
0r
1y
0c
0i
#4310057555
1t
0s
0r
1y
0c
0i
#4310058197
0t
0s
0r
1y
0c
0i
#4310058602
1t
0s
0r
1y
0c
0i
#4310059243
0t
0s
0r
1y
0c
0i
#4310059650
1t
0s
0r
1y
0c
0i
#4310060294
0t
0s
0r
1y
0c
0i
#4310060698
1t
0s
0r
1y
0c
0i
#4310061338
0t
0s
0r
1y
0c
0i
#4310061744
1t
0s
0r
1y
0c
0i
#4310062386
0t
0s
0r
1y
0c
0i
#4310062791
1t
0s
0r
1y
0c
0i
#4310063436
0t
0s
0r
1y
0c
0i
#4310063839
1t
0s
0r
1y
0c
0i
#4310064479
0t
0s
0r
1y
0c
0i
#4310064885
1t
0s
0r
1y
0c
0i
#4310065526
0t
0s
0r
1y
0c
0i
#4310065931
1t
0s
0r
1y
0c
0i
#4310066574
0t
0s
0r
1y
0c
0i
#4310066979
1t
0s
0r
1y
0c
0i
#4310067617
0t
0s
0r
1y
0c
0i
#4310068024
1t
0s
0r
1y
0c
0i
#4310068664
0t
0s
0r
1y
0c
0i
#4310069069
1t
0s
0r
1y
0c
0i
#4310069712
0t
0s
0r
1y
0c
0i
#4310070118
1t
0s
0r
1y
0c
0i
#4310070756
0t
0s
0r
1y
0c
0i
#4310071165
1t
0s
0r
1y
0c
0i
#4310071806
0t
0s
0r
1y
1c
0i
#4310072213
1t
0s
0r
1y
1c
0i
#4310072859
0t
0s
0r
1y
1c
1i
#4310073266
1t
0s
0r
1y
1c
1i
#4310073908
0t
0s
0r
1y
1c
1i
#4310074318
1t
0s
0r
1y
1c
1i
#4310074962
0t
0s
0r
1y
1c
1i
#4310075372
1t
0s
0r
1y
1c
1i
#4310076020
0t
0s
0r
1y
1c
0i
#4310076428
1t
0s
0r
1y
1c
0i
#4310077072
0t
0s
0r
1y
1c
0i
#4310077482
1t
0s
0r
1y
1c
0i
#4310078128
0t
0s
0r
1y
1c
0i
#4310078537
1t
0s
0r
1y
1c
0i
#4310079185
0t
0s
0r
1y
1c
0i
#4310079592
1t
0s
0r
1y
1c
0i
#4310080235
0t
0s
0r
1y
1c
0i
#4310080646
1t
0s
0r
1y
1c
0i
#4310081289
0t
0s
0r
1y
1c
0i
#4310081699
1t
0s
0r
1y
1c
0i
#4310082345
0t
0s
0r
1y
1c
0i
#4310082754
1t
0s
0r
1y
1c
0i
#4310083396
0t
0s
0r
1y
1c
0i
#4310083806
1t
0s
0r
1y
1c
0i
#4310084449
0t
0s
0r
1y
1c
0i
#4310084859
1t
0s
0r
1y
1c
0i
#4310085505
0t
0s
0r
1y
1c
0i
#4310085914
1t
0s
0r
1y
1c
0i
#4310086555
0t
0s
0r
1y
1c
0i
#4310086966
1t
0s
0r
1y
1c
0i
#4310087609
0t
0s
0r
1y
1c
0i
#4310088019
1t
0s
0r
1y
1c
0i
#4310088665
0t
0s
0r
1y
1c
0i
#4310089072
1t
0s
0r
1y
1c
0i
#4310090744
0t
0s
0r
1y
1c
0i
#4310091914
1t
0s
0r
1y
1c
0i
#4310092879
0t
0s
0r
1y
1c
0i
#4310093273
1t
0s
0r
1y
1c
0i
#4310093919
0t
0s
0r
1y
1c
0i
#4310094324
1t
0s
0r
1y
1c
0i
#4310094967
0t
0s
0r
1y
1c
0i
#4310095374
1t
0s
0r
1y
1c
0i
#4310096017
0t
0s
0r
1y
1c
0i
#4310096424
1t
0s
0r
1y
1c
0i
#4310097066
0t
0s
0r
1y
1c
0i
#4310097473
1t
0s
0r
1y
1c
0i
#4310098117
0t
0s
0r
1y
1c
0i
#4310098523
1t
0s
0r
1y
1c
0i
#4310099164
0t
0s
0r
1y
1c
0i
#4310099570
1t
0s
0r
1y
1c
0i
#4310100214
0t
0s
0r
1y
1c
0i
#4310100619
1t
0s
0r
1y
1c
0i
#4310101265
0t
0s
0r
1y
1c
0i
#4310101671
1t
0s
0r
1y
1c
0i
#4310102313
0t
0s
0r
1y
1c
0i
#4310102721
1t
0s
0r
1y
1c
0i
#4310103366
0t
0s
0r
1y
0c
0i
#4310103773
1t
0s
0r
1y
0c
0i
#4310104423
0t
0s
0r
1y
0c
1i
#4310104829
1t
0s
0r
1y
0c
1i
#4310105475
0t
0s
0r
1y
0c
1i
#4310105884
1t
0s
0r
1y
0c
1i
#4310106532
0t
0s
0r
1y
0c
1i
#4310106941
1t
0s
0r
1y
0c
1i
#4310107099
1t
0s
1r
1y
0c
1i
#4310107101
1t
0s
0r
1y
0c
1i
#4310107592
0t
0s
0r
1y
0c
0i
#4310108000
1t
0s
0r
1y
0c
0i
#4310108646
0t
0s
0r
1y
0c
0i
#4310109055
1t
0s
0r
1y
0c
0i
#4310109704
0t
0s
0r
1y
0c
0i
#4310110111
1t
0s
0r
1y
0c
0i
#4310110761
0t
0s
0r
1y
0c
0i
#4310111167
1t
0s
0r
1y
0c
0i
#4310111813
0t
0s
0r
1y
0c
0i
#4310112222
1t
0s
0r
1y
0c
0i
#4310112868
0t
0s
0r
1y
0c
0i
#4310113276
1t
0s
0r
1y
0c
0i
#4310113926
0t
0s
0r
1y
0c
0i
#4310114331
1t
0s
0r
1y
0c
0i
#4310114978
0t
0s
0r
1y
0c
0i
#4310115385
1t
0s
0r
1y
0c
0i
#4310116034
0t
0s
0r
1y
0c
0i
#4310116440
1t
0s
0r
1y
0c
0i
#4310117091
0t
0s
0r
1y
0c
0i
#4310117496
1t
0s
0r
1y
0c
0i
#4310118143
0t
0s
0r
1y
0c
0i
#4310118550
1t
0s
0r
1y
0c
0i
#4310119198
0t
0s
0r
1y
0c
0i
#4310119605
1t
0s
0r
1y
0c
0i
#4310120256
0t
0s
0r
1y
0c
0i
#4310120662
1t
0s
0r
1y
0c
0i
#4310121309
0t
0s
0r
1y
0c
0i
#4310121717
1t
0s
0r
1y
0c
0i
#4310122364
0t
0s
0r
1y
0c
0i
#4310122772
1t
0s
0r
1y
0c
0i
#4310123422
0t
0s
0r
1y
0c
0i
#4310123829
1t
0s
0r
1y
0c
0i
#4310124474
0t
0s
0r
1y
0c
0i
#4310124882
1t
0s
0r
1y
0c
0i
#4310125529
0t
0s
0r
1y
0c
0i
#4310125937
1t
0s
0r
1y
0c
0i
#4310126587
0t
0s
0r
1y
0c
0i
#4310126993
1t
0s
0r
1y
0c
0i
#4310127637
0t
0s
0r
1y
0c
0i
#4310128047
1t
0s
0r
1y
0c
0i
#4310128692
0t
0s
0r
1y
0c
0i
#4310129101
1t
0s
0r
1y
0c
0i
#4310129749
0t
0s
0r
1y
0c
0i
#4310130156
1t
0s
0r
1y
0c
0i
#4310130800
0t
0s
0r
1y
0c
0i
#4310131209
1t
0s
0r
1y
0c
0i
#4310131855
0t
0s
0r
1y
0c
0i
#4310132263
1t
0s
0r
1y
0c
0i
#4310132911
0t
0s
0r
1y
0c
0i
#4310133321
1t
0s
0r
1y
0c
0i
#4310133965
0t
0s
0r
1y
0c
0i
#4310134376
1t
0s
0r
1y
0c
0i
#4310135023
0t
0s
0r
1y
1c
0i
#4310135434
1t
0s
0r
1y
1c
0i
#4310136086
0t
0s
0r
1y
1c
1i
#4310136495
1t
0s
0r
1y
1c
1i
#4310137145
0t
0s
0r
1y
1c
1i
#4310137557
1t
0s
0r
1y
1c
1i
#4310138208
0t
0s
0r
1y
1c
1i
#4310138620
1t
0s
0r
1y
1c
1i
#4310139274
0t
0s
0r
1y
1c
0i
#4310139685
1t
0s
0r
1y
1c
0i
#4310140335
0t
0s
0r
1y
1c
0i
#4310140747
1t
0s
0r
1y
1c
0i
#4310141398
0t
0s
0r
1y
1c
0i
#4310141810
1t
0s
0r
1y
1c
0i
#4310142463
0t
0s
0r
1y
1c
0i
#4310142873
1t
0s
0r
1y
1c
0i
#4310143520
0t
0s
0r
1y
1c
0i
#4310143933
1t
0s
0r
1y
1c
0i
#4310144580
0t
0s
0r
1y
1c
0i
#4310144991
1t
0s
0r
1y
1c
0i
#4310145640
0t
0s
0r
1y
1c
0i
#4310146049
1t
0s
0r
1y
1c
0i
#4310146692
0t
0s
0r
1y
1c
0i
#4310147101
1t
0s
0r
1y
1c
0i
#4310147744
0t
0s
0r
1y
1c
0i
#4310148153
1t
0s
0r
1y
1c
0i
#4310148797
0t
0s
0r
1y
1c
0i
#4310149206
1t
0s
0r
1y
1c
0i
#4310149845
0t
0s
0r
1y
1c
0i
#4310150255
1t
0s
0r
1y
1c
0i
#4310150896
0t
0s
0r
1y
1c
0i
#4310151305
1t
0s
0r
1y
1c
0i
#4310151948
0t
0s
0r
1y
1c
0i
#4310152356
1t
0s
0r
1y
1c
0i
#4310154025
0t
0s
0r
1y
1c
0i
#4310155195
1t
0s
0r
1y
1c
0i
#4310156159
0t
0s
0r
1y
1c
0i
#4310156554
1t
0s
0r
1y
1c
0i
#4310157199
0t
0s
0r
1y
1c
0i
#4310157605
1t
0s
0r
1y
1c
0i
#4310158248
0t
0s
0r
1y
1c
0i
#4310158655
1t
0s
0r
1y
1c
0i
#4310159298
0t
0s
0r
1y
1c
0i
#4310159705
1t
0s
0r
1y
1c
0i
#4310160348
0t
0s
0r
1y
1c
0i
#4310160754
1t
0s
0r
1y
1c
0i
#4310161399
0t
0s
0r
1y
1c
0i
#4310161804
1t
0s
0r
1y
1c
0i
#4310162445
0t
0s
0r
1y
1c
0i
#4310162851
1t
0s
0r
1y
1c
0i
#4310163494
0t
0s
0r
1y
1c
0i
#4310163900
1t
0s
0r
1y
1c
0i
#4310164544
0t
0s
0r
1y
1c
0i
#4310164951
1t
0s
0r
1y
1c
0i
#4310165592
0t
0s
0r
1y
1c
0i
#4310166000
1t
0s
0r
1y
1c
0i
#4310166644
0t
0s
0r
1y
0c
0i
#4310167051
1t
0s
0r
1y
0c
0i
#4310167699
0t
0s
0r
1y
0c
1i
#4310168105
1t
0s
0r
1y
0c
1i
#4310168751
0t
0s
0r
1y
0c
1i
#4310169159
1t
0s
0r
1y
0c
1i
#4310169807
0t
0s
0r
1y
0c
1i
#4310170215
1t
0s
0r
1y
0c
1i
#4310170866
0t
0s
0r
1y
0c
0i
#4310171273
1t
0s
0r
1y
0c
0i
#4310171920
0t
0s
0r
1y
0c
0i
#4310172328
1t
0s
0r
1y
0c
0i
#4310172976
0t
0s
0r
1y
0c
0i
#4310173383
1t
0s
0r
1y
0c
0i
#4310174033
0t
0s
0r
1y
0c
0i
#4310174439
1t
0s
0r
1y
0c
0i
#4310175083
0t
0s
0r
1y
0c
0i
#4310175491
1t
0s
0r
1y
0c
0i
#4310176135
0t
0s
0r
1y
0c
0i
#4310176542
1t
0s
0r
1y
0c
0i
#4310177189
0t
0s
0r
1y
0c
0i
#4310177592
1t
0s
0r
1y
0c
0i
#4310178234
0t
0s
0r
1y
0c
0i
#4310178639
1t
0s
0r
1y
0c
0i
#4310179281
0t
0s
0r
1y
0c
0i
#4310179684
1t
0s
0r
1y
0c
0i
#4310180327
0t
0s
0r
1y
0c
0i
#4310180729
1t
0s
0r
1y
0c
0i
#4310181368
0t
0s
0r
1y
0c
0i
#4310181771
1t
0s
0r
1y
0c
0i
#4310182410
0t
0s
0r
1y
0c
0i
#4310182813
1t
0s
0r
1y
0c
0i
#4310183455
0t
0s
0r
1y
0c
0i
#4310183857
1t
0s
0r
1y
0c
0i
#4310184495
0t
0s
0r
1y
0c
0i
#4310184898
1t
0s
0r
1y
0c
0i
#4310185536
0t
0s
0r
1y
0c
0i
#4310185941
1t
0s
0r
1y
0c
0i
#4310186581
0t
0s
0r
1y
0c
0i
#4310186984
1t
0s
0r
1y
0c
0i
#4310187620
0t
0s
0r
1y
0c
0i
#4310188025
1t
0s
0r
1y
0c
0i
#4310188663
0t
0s
0r
1y
0c
0i
#4310189067
1t
0s
0r
1y
0c
0i
#4310189708
0t
0s
0r
1y
0c
0i
#4310190110
1t
0s
0r
1y
0c
0i
#4310190746
0t
0s
0r
1y
0c
0i
#4310191151
1t
0s
0r
1y
0c
0i
#4310191788
0t
0s
0r
1y
0c
0i
#4310192192
1t
0s
0r
1y
0c
0i
#4310192832
0t
0s
0r
1y
0c
0i
#4310193234
1t
0s
0r
1y
0c
0i
#4310193870
0t
0s
0r
1y
0c
0i
#4310194274
1t
0s
0r
1y
0c
0i
#4310194910
0t
0s
0r
1y
0c
0i
#4310195315
1t
0s
0r
1y
0c
0i
#4310195954
0t
0s
0r
1y
0c
0i
#4310196359
1t
0s
0r
1y
0c
0i
#4310196993
0t
0s
0r
1y
0c
0i
#4310197400
1t
0s
0r
1y
0c
0i
#4310198037
0t
0s
0r
1y
1c
0i
#4310198443
1t
0s
0r
1y
1c
0i
#4310199085
0t
0s
0r
1y
1c
1i
#4310199490
1t
0s
0r
1y
1c
1i
#4310200129
0t
0s
0r
1y
1c
1i
#4310200536
1t
0s
0r
1y
1c
1i
#4310201177
0t
0s
0r
1y
1c
1i
#4310201584
1t
0s
0r
1y
1c
1i
#4310202228
0t
0s
0r
1y
1c
0i
#4310202634
1t
0s
0r
1y
1c
0i
#4310203274
0t
0s
0r
1y
1c
0i
#4310203682
1t
0s
0r
1y
1c
0i
#4310204322
0t
0s
0r
1y
1c
0i
#4310204729
1t
0s
0r
1y
1c
0i
#4310205373
0t
0s
0r
1y
1c
0i
#4310205778
1t
0s
0r
1y
1c
0i
#4310206416
0t
0s
0r
1y
1c
0i
#4310206826
1t
0s
0r
1y
1c
0i
#4310207464
0t
0s
0r
1y
1c
0i
#4310207873
1t
0s
0r
1y
1c
0i
#4310208515
0t
0s
0r
1y
1c
0i
#4310208921
1t
0s
0r
1y
1c
0i
#4310209560
0t
0s
0r
1y
1c
0i
#4310209968
1t
0s
0r
1y
1c
0i
#4310210609
0t
0s
0r
1y
1c
0i
#4310211016
1t
0s
0r
1y
1c
0i
#4310211659
0t
0s
0r
1y
1c
0i
#4310212067
1t
0s
0r
1y
1c
0i
#4310212706
0t
0s
0r
1y
1c
0i
#4310213115
1t
0s
0r
1y
1c
0i
#4310213755
0t
0s
0r
1y
1c
0i
#4310214163
1t
0s
0r
1y
1c
0i
#4310214806
0t
0s
0r
1y
1c
0i
#4310215213
1t
0s
0r
1y
1c
0i
#4310216880
0t
0s
0r
1y
1c
0i
#4310218047
1t
0s
0r
1y
1c
0i
#4310219008
0t
0s
0r
1y
1c
0i
#4310219402
1t
0s
0r
1y
1c
0i
#4310220045
0t
0s
0r
1y
1c
0i
#4310220449
1t
0s
0r
1y
1c
0i
#4310221091
0t
0s
0r
1y
1c
0i
#4310221496
1t
0s
0r
1y
1c
0i
#4310222136
0t
0s
0r
1y
1c
0i
#4310222542
1t
0s
0r
1y
1c
0i
#4310223182
0t
0s
0r
1y
1c
0i
#4310223587
1t
0s
0r
1y
1c
0i
#4310224230
0t
0s
0r
1y
1c
0i
#4310224634
1t
0s
0r
1y
1c
0i
#4310225272
0t
0s
0r
1y
1c
0i
#4310225678
1t
0s
0r
1y
1c
0i
#4310226318
0t
0s
0r
1y
1c
0i
#4310226723
1t
0s
0r
1y
1c
0i
#4310227365
0t
0s
0r
1y
1c
0i
#4310227771
1t
0s
0r
1y
1c
0i
#4310228410
0t
0s
0r
1y
0c
0i
#4310228817
1t
0s
0r
1y
0c
0i
#4310229458
0t
0s
0r
1y
0c
0i
#4310229865
1t
0s
0r
1y
0c
0i
#4310230511
0t
0s
0r
1y
0c
1i
#4310230916
1t
0s
0r
1y
0c
1i
#4310231560
0t
0s
0r
1y
0c
1i
#4310231967
1t
0s
0r
1y
0c
1i
#4310232613
0t
0s
0r
1y
0c
1i
#4310233020
1t
0s
0r
1y
0c
1i
#4310233122
1t
0s
1r
1y
0c
1i
#4310233125
1t
0s
0r
1y
0c
1i
#4310233670
0t
0s
0r
1y
0c
0i
#4310234075
1t
0s
0r
1y
0c
0i
#4310234720
0t
0s
0r
1y
0c
0i
#4310235127
1t
0s
0r
1y
0c
0i
#4310235773
0t
0s
0r
1y
0c
0i
#4310236179
1t
0s
0r
1y
0c
0i
#4310236827
0t
0s
0r
1y
0c
0i
#4310237231
1t
0s
0r
1y
0c
0i
#4310237873
0t
0s
0r
1y
0c
0i
#4310238280
1t
0s
0r
1y
0c
0i
#4310238922
0t
0s
0r
1y
0c
0i
#4310239327
1t
0s
0r
1y
0c
0i
#4310239971
0t
0s
0r
1y
0c
0i
#4310240374
1t
0s
0r
1y
0c
0i
#4310241013
0t
0s
0r
1y
0c
0i
#4310241416
1t
0s
0r
1y
0c
0i
#4310242055
0t
0s
0r
1y
0c
0i
#4310242457
1t
0s
0r
1y
0c
0i
#4310243098
0t
0s
0r
1y
0c
0i
#4310243497
1t
0s
0r
1y
0c
0i
#4310244133
0t
0s
0r
1y
0c
0i
#4310244535
1t
0s
0r
1y
0c
0i
#4310245172
0t
0s
0r
1y
0c
0i
#4310245573
1t
0s
0r
1y
0c
0i
#4310246213
0t
0s
0r
1y
0c
0i
#4310246612
1t
0s
0r
1y
0c
0i
#4310247248
0t
0s
0r
1y
0c
0i
#4310247650
1t
0s
0r
1y
0c
0i
#4310248287
0t
0s
0r
1y
0c
0i
#4310248690
1t
0s
0r
1y
0c
0i
#4310249329
0t
0s
0r
1y
0c
0i
#4310249731
1t
0s
0r
1y
0c
0i
#4310250366
0t
0s
0r
1y
0c
0i
#4310250769
1t
0s
0r
1y
0c
0i
#4310251406
0t
0s
0r
1y
0c
0i
#4310251808
1t
0s
0r
1y
0c
0i
#4310252448
0t
0s
0r
1y
0c
0i
#4310252849
1t
0s
0r
1y
0c
0i
#4310253483
0t
0s
0r
1y
0c
0i
#4310253888
1t
0s
0r
1y
0c
0i
#4310254523
0t
0s
0r
1y
0c
0i
#4310254926
1t
0s
0r
1y
0c
0i
#4310255564
0t
0s
0r
1y
0c
0i
#4310255966
1t
0s
0r
1y
0c
0i
#4310256600
0t
0s
0r
1y
0c
0i
#4310257003
1t
0s
0r
1y
0c
0i
#4310257639
0t
0s
0r
1y
0c
0i
#4310258042
1t
0s
0r
1y
0c
0i
#4310258679
0t
0s
0r
1y
0c
0i
#4310259084
1t
0s
0r
1y
0c
0i
#4310259716
0t
0s
0r
1y
0c
0i
#4310260122
1t
0s
0r
1y
0c
0i
#4310260758
0t
0s
0r
1y
1c
0i
#4310261164
1t
0s
0r
1y
1c
0i
#4310261804
0t
0s
0r
1y
1c
1i
#4310262208
1t
0s
0r
1y
1c
1i
#4310262846
0t
0s
0r
1y
1c
1i
#4310263253
1t
0s
0r
1y
1c
1i
#4310263893
0t
0s
0r
1y
1c
1i
#4310264299
1t
0s
0r
1y
1c
1i
#4310264942
0t
0s
0r
1y
1c
0i
#4310265348
1t
0s
0r
1y
1c
0i
#4310265987
0t
0s
0r
1y
1c
0i
#4310266393
1t
0s
0r
1y
1c
0i
#4310267034
0t
0s
0r
1y
1c
0i
#4310267440
1t
0s
0r
1y
1c
0i
#4310268083
0t
0s
0r
1y
1c
0i
#4310268487
1t
0s
0r
1y
1c
0i
#4310269124
0t
0s
0r
1y
1c
0i
#4310269532
1t
0s
0r
1y
1c
0i
#4310270170
0t
0s
0r
1y
1c
0i
#4310270577
1t
0s
0r
1y
1c
0i
#4310271218
0t
0s
0r
1y
1c
0i
#4310271623
1t
0s
0r
1y
1c
0i
#4310272259
0t
0s
0r
1y
1c
0i
#4310272667
1t
0s
0r
1y
1c
0i
#4310273305
0t
0s
0r
1y
1c
0i
#4310273711
1t
0s
0r
1y
1c
0i
#4310274350
0t
0s
0r
1y
1c
0i
#4310274757
1t
0s
0r
1y
1c
0i
#4310275393
0t
0s
0r
1y
1c
0i
#4310275800
1t
0s
0r
1y
1c
0i
#4310276437
0t
0s
0r
1y
1c
0i
#4310276843
1t
0s
0r
1y
1c
0i
#4310277483
0t
0s
0r
1y
1c
0i
#4310277888
1t
0s
0r
1y
1c
0i
#4310279545
0t
0s
0r
1y
1c
0i
#4310280706
1t
0s
0r
1y
1c
0i
#4310281661
0t
0s
0r
1y
1c
0i
#4310282053
1t
0s
0r
1y
1c
0i
#4310282692
0t
0s
0r
1y
1c
0i
#4310283094
1t
0s
0r
1y
1c
0i
#4310283731
0t
0s
0r
1y
1c
0i
#4310284135
1t
0s
0r
1y
1c
0i
#4310284771
0t
0s
0r
1y
1c
0i
#4310285175
1t
0s
0r
1y
1c
0i
#4310285811
0t
0s
0r
1y
1c
0i
#4310286215
1t
0s
0r
1y
1c
0i
#4310286853
0t
0s
0r
1y
1c
0i
#4310287255
1t
0s
0r
1y
1c
0i
#4310287890
0t
0s
0r
1y
1c
0i
#4310288293
1t
0s
0r
1y
1c
0i
#4310288929
0t
0s
0r
1y
1c
0i
#4310289332
1t
0s
0r
1y
1c
0i
#4310289971
0t
0s
0r
1y
1c
0i
#4310290374
1t
0s
0r
1y
1c
0i
#4310291009
0t
0s
0r
1y
1c
0i
#4310291414
1t
0s
0r
1y
1c
0i
#4310292052
0t
0s
0r
1y
0c
0i
#4310292456
1t
0s
0r
1y
0c
0i
#4310293099
0t
0s
0r
1y
0c
1i
#4310293502
1t
0s
0r
1y
0c
1i
#4310294141
0t
0s
0r
1y
0c
1i
#4310294547
1t
0s
0r
1y
0c
1i
#4310295188
0t
0s
0r
1y
0c
1i
#4310295594
1t
0s
0r
1y
0c
1i
#4310296239
0t
0s
0r
1y
0c
0i
#4310296643
1t
0s
0r
1y
0c
0i
#4310297284
0t
0s
0r
1y
0c
0i
#4310297689
1t
0s
0r
1y
0c
0i
#4310298330
0t
0s
0r
1y
0c
0i
#4310298735
1t
0s
0r
1y
0c
0i
#4310299378
0t
0s
0r
1y
0c
0i
#4310299781
1t
0s
0r
1y
0c
0i
#4310300419
0t
0s
0r
1y
0c
0i
#4310300825
1t
0s
0r
1y
0c
0i
#4310301463
0t
0s
0r
1y
0c
0i
#4310301867
1t
0s
0r
1y
0c
0i
#4310302507
0t
0s
0r
1y
0c
0i
#4310302908
1t
0s
0r
1y
0c
0i
#4310303544
0t
0s
0r
1y
0c
0i
#4310303946
1t
0s
0r
1y
0c
0i
#4310304582
0t
0s
0r
1y
0c
0i
#4310304983
1t
0s
0r
1y
0c
0i
#4310305620
0t
0s
0r
1y
0c
0i
#4310306019
1t
0s
0r
1y
0c
0i
#4310306650
0t
0s
0r
1y
0c
0i
#4310307051
1t
0s
0r
1y
0c
0i
#4310307683
0t
0s
0r
1y
0c
0i
#4310308083
1t
0s
0r
1y
0c
0i
#4310308718
0t
0s
0r
1y
0c
0i
#4310309117
1t
0s
0r
1y
0c
0i
#4310309749
0t
0s
0r
1y
0c
0i
#4310310148
1t
0s
0r
1y
0c
0i
#4310310780
0t
0s
0r
1y
0c
0i
#4310311181
1t
0s
0r
1y
0c
0i
#4310311815
0t
0s
0r
1y
0c
0i
#4310312215
1t
0s
0r
1y
0c
0i
#4310312845
0t
0s
0r
1y
0c
0i
#4310313246
1t
0s
0r
1y
0c
0i
#4310313878
0t
0s
0r
1y
0c
0i
#4310314278
1t
0s
0r
1y
0c
0i
#4310314911
0t
0s
0r
1y
0c
0i
#4310315311
1t
0s
0r
1y
0c
0i
#4310315940
0t
0s
0r
1y
0c
0i
#4310316342
1t
0s
0r
1y
0c
0i
#4310316972
0t
0s
0r
1y
0c
0i
#4310317373
1t
0s
0r
1y
0c
0i
#4310318006
0t
0s
0r
1y
0c
0i
#4310318405
1t
0s
0r
1y
0c
0i
#4310319034
0t
0s
0r
1y
0c
0i
#4310319435
1t
0s
0r
1y
0c
0i
#4310320065
0t
0s
0r
1y
0c
0i
#4310320466
1t
0s
0r
1y
0c
0i
#4310321098
0t
0s
0r
1y
0c
0i
#4310321500
1t
0s
0r
1y
0c
0i
#4310322128
0t
0s
0r
1y
0c
0i
#4310322531
1t
0s
0r
1y
0c
0i
#4310323162
0t
0s
0r
1y
1c
0i
#4310323564
1t
0s
0r
1y
1c
0i
#4310324199
0t
0s
0r
1y
1c
1i
#4310324601
1t
0s
0r
1y
1c
1i
#4310325233
0t
0s
0r
1y
1c
1i
#4310325637
1t
0s
0r
1y
1c
1i
#4310326272
0t
0s
0r
1y
1c
1i
#4310326676
1t
0s
0r
1y
1c
1i
#4310327314
0t
0s
0r
1y
1c
0i
#4310327717
1t
0s
0r
1y
1c
0i
#4310328350
0t
0s
0r
1y
1c
0i
#4310328754
1t
0s
0r
1y
1c
0i
#4310329389
0t
0s
0r
1y
1c
0i
#4310329793
1t
0s
0r
1y
1c
0i
#4310330430
0t
0s
0r
1y
1c
0i
#4310330832
1t
0s
0r
1y
1c
0i
#4310331464
0t
0s
0r
1y
1c
0i
#4310331870
1t
0s
0r
1y
1c
0i
#4310332503
0t
0s
0r
1y
1c
0i
#4310332908
1t
0s
0r
1y
1c
0i
#4310333545
0t
0s
0r
1y
1c
0i
#4310333948
1t
0s
0r
1y
1c
0i
#4310334581
0t
0s
0r
1y
1c
0i
#4310334985
1t
0s
0r
1y
1c
0i
#4310335620
0t
0s
0r
1y
1c
0i
#4310336025
1t
0s
0r
1y
1c
0i
#4310336661
0t
0s
0r
1y
1c
0i
#4310337067
1t
0s
0r
1y
1c
0i
#4310337700
0t
0s
0r
1y
1c
0i
#4310338106
1t
0s
0r
1y
1c
0i
#4310338741
0t
0s
0r
1y
1c
0i
#4310339147
1t
0s
0r
1y
1c
0i
#4310339785
0t
0s
0r
1y
1c
0i
#4310340189
1t
0s
0r
1y
1c
0i
#4310341842
0t
0s
0r
1y
1c
0i
#4310343001
1t
0s
0r
1y
1c
0i
#4310343955
0t
0s
0r
1y
1c
0i
#4310344346
1t
0s
0r
1y
1c
0i
#4310344984
0t
0s
0r
1y
1c
0i
#4310345386
1t
0s
0r
1y
1c
0i
#4310346022
0t
0s
0r
1y
1c
0i
#4310346425
1t
0s
0r
1y
1c
0i
#4310347061
0t
0s
0r
1y
1c
0i
#4310347464
1t
0s
0r
1y
1c
0i
#4310348099
0t
0s
0r
1y
1c
0i
#4310348502
1t
0s
0r
1y
1c
0i
#4310349140
0t
0s
0r
1y
1c
0i
#4310349541
1t
0s
0r
1y
1c
0i
#4310350175
0t
0s
0r
1y
1c
0i
#4310350577
1t
0s
0r
1y
1c
0i
#4310351213
0t
0s
0r
1y
1c
0i
#4310351615
1t
0s
0r
1y
1c
0i
#4310352253
0t
0s
0r
1y
1c
0i
#4310352656
1t
0s
0r
1y
1c
0i
#4310353290
0t
0s
0r
1y
1c
0i
#4310353694
1t
0s
0r
1y
1c
0i
#4310354331
0t
0s
0r
1y
0c
0i
#4310354735
1t
0s
0r
1y
0c
0i
#4310355376
0t
0s
0r
1y
0c
1i
#4310355778
1t
0s
0r
1y
0c
1i
#4310356417
0t
0s
0r
1y
0c
1i
#4310356822
1t
0s
0r
1y
0c
1i
#4310357462
0t
0s
0r
1y
0c
1i
#4310357867
1t
0s
0r
1y
0c
1i
#4310357936
1t
0s
1r
1y
0c
1i
#4310357938
1t
0s
0r
1y
0c
1i
#4310358511
0t
0s
0r
1y
0c
0i
#4310358914
1t
0s
0r
1y
0c
0i
#4310359553
0t
0s
0r
1y
0c
0i
#4310359958
1t
0s
0r
1y
0c
0i
#4310360598
0t
0s
0r
1y
0c
0i
#4310361002
1t
0s
0r
1y
0c
0i
#4310361645
0t
0s
0r
1y
0c
0i
#4310362046
1t
0s
0r
1y
0c
0i
#4310362684
0t
0s
0r
1y
0c
0i
#4310363089
1t
0s
0r
1y
0c
0i
#4310363728
0t
0s
0r
1y
0c
0i
#4310364131
1t
0s
0r
1y
0c
0i
#4310364773
0t
0s
0r
1y
0c
0i
#4310365175
1t
0s
0r
1y
0c
0i
#4310365813
0t
0s
0r
1y
0c
0i
#4310366216
1t
0s
0r
1y
0c
0i
#4310366855
0t
0s
0r
1y
0c
0i
#4310367258
1t
0s
0r
1y
0c
0i
#4310367900
0t
0s
0r
1y
0c
0i
#4310368301
1t
0s
0r
1y
0c
0i
#4310368939
0t
0s
0r
1y
0c
0i
#4310369342
1t
0s
0r
1y
0c
0i
#4310369981
0t
0s
0r
1y
0c
0i
#4310370383
1t
0s
0r
1y
0c
0i
#4310371025
0t
0s
0r
1y
0c
0i
#4310371427
1t
0s
0r
1y
0c
0i
#4310372065
0t
0s
0r
1y
0c
0i
#4310372468
1t
0s
0r
1y
0c
0i
#4310373107
0t
0s
0r
1y
0c
0i
#4310373511
1t
0s
0r
1y
0c
0i
#4310374152
0t
0s
0r
1y
0c
0i
#4310374555
1t
0s
0r
1y
0c
0i
#4310375192
0t
0s
0r
1y
0c
0i
#4310375596
1t
0s
0r
1y
0c
0i
#4310376234
0t
0s
0r
1y
0c
0i
#4310376638
1t
0s
0r
1y
0c
0i
#4310377279
0t
0s
0r
1y
0c
0i
#4310377681
1t
0s
0r
1y
0c
0i
#4310378317
0t
0s
0r
1y
0c
0i
#4310378722
1t
0s
0r
1y
0c
0i
#4310379359
0t
0s
0r
1y
0c
0i
#4310379763
1t
0s
0r
1y
0c
0i
#4310380403
0t
0s
0r
1y
0c
0i
#4310380806
1t
0s
0r
1y
0c
0i
#4310381442
0t
0s
0r
1y
0c
0i
#4310381846
1t
0s
0r
1y
0c
0i
#4310382483
0t
0s
0r
1y
0c
0i
#4310382888
1t
0s
0r
1y
0c
0i
#4310383528
0t
0s
0r
1y
0c
0i
#4310383933
1t
0s
0r
1y
0c
0i
#4310384568
0t
0s
0r
1y
0c
0i
#4310384975
1t
0s
0r
1y
0c
0i
#4310385613
0t
0s
0r
1y
1c
0i
#4310386019
1t
0s
0r
1y
1c
0i
#4310386662
0t
0s
0r
1y
1c
1i
#4310387067
1t
0s
0r
1y
1c
1i
#4310387708
0t
0s
0r
1y
1c
1i
#4310388115
1t
0s
0r
1y
1c
1i
#4310388757
0t
0s
0r
1y
1c
1i
#4310389165
1t
0s
0r
1y
1c
1i
#4310389810
0t
0s
0r
1y
1c
0i
#4310390216
1t
0s
0r
1y
1c
0i
#4310390857
0t
0s
0r
1y
1c
0i
#4310391265
1t
0s
0r
1y
1c
0i
#4310391907
0t
0s
0r
1y
1c
0i
#4310392314
1t
0s
0r
1y
1c
0i
#4310392958
0t
0s
0r
1y
1c
0i
#4310393363
1t
0s
0r
1y
1c
0i
#4310394002
0t
0s
0r
1y
1c
0i
#4310394411
1t
0s
0r
1y
1c
0i
#4310395048
0t
0s
0r
1y
1c
0i
#4310395456
1t
0s
0r
1y
1c
0i
#4310396096
0t
0s
0r
1y
1c
0i
#4310396502
1t
0s
0r
1y
1c
0i
#4310397137
0t
0s
0r
1y
1c
0i
#4310397543
1t
0s
0r
1y
1c
0i
#4310398178
0t
0s
0r
1y
1c
0i
#4310398584
1t
0s
0r
1y
1c
0i
#4310399220
0t
0s
0r
1y
1c
0i
#4310399625
1t
0s
0r
1y
1c
0i
#4310400258
0t
0s
0r
1y
1c
0i
#4310400663
1t
0s
0r
1y
1c
0i
#4310401296
0t
0s
0r
1y
1c
0i
#4310401701
1t
0s
0r
1y
1c
0i
#4310402338
0t
0s
0r
1y
1c
0i
#4310402741
1t
0s
0r
1y
1c
0i
#4310404390
0t
0s
0r
1y
1c
0i
#4310405549
1t
0s
0r
1y
1c
0i
#4310406499
0t
0s
0r
1y
1c
0i
#4310406891
1t
0s
0r
1y
1c
0i
#4310407529
0t
0s
0r
1y
1c
0i
#4310407930
1t
0s
0r
1y
1c
0i
#4310408565
0t
0s
0r
1y
1c
0i
#4310408968
1t
0s
0r
1y
1c
0i
#4310409603
0t
0s
0r
1y
1c
0i
#4310410006
1t
0s
0r
1y
1c
0i
#4310410640
0t
0s
0r
1y
1c
0i
#4310411043
1t
0s
0r
1y
1c
0i
#4310411679
0t
0s
0r
1y
1c
0i
#4310412080
1t
0s
0r
1y
1c
0i
#4310412713
0t
0s
0r
1y
1c
0i
#4310413116
1t
0s
0r
1y
1c
0i
#4310413750
0t
0s
0r
1y
1c
0i
#4310414152
1t
0s
0r
1y
1c
0i
#4310414788
0t
0s
0r
1y
1c
0i
#4310415191
1t
0s
0r
1y
1c
0i
#4310415823
0t
0s
0r
1y
1c
0i
#4310416228
1t
0s
0r
1y
1c
0i
#4310416863
0t
0s
0r
1y
0c
0i
#4310417266
1t
0s
0r
1y
0c
0i
#4310417906
0t
0s
0r
1y
0c
1i
#4310418308
1t
0s
0r
1y
0c
1i
#4310418945
0t
0s
0r
1y
0c
1i
#4310419349
1t
0s
0r
1y
0c
1i
#4310419988
0t
0s
0r
1y
0c
1i
#4310420393
1t
0s
0r
1y
0c
1i
#4310421035
0t
0s
0r
1y
0c
0i
#4310421438
1t
0s
0r
1y
0c
0i
#4310422076
0t
0s
0r
1y
0c
0i
#4310422481
1t
0s
0r
1y
0c
0i
#4310423120
0t
0s
0r
1y
0c
0i
#4310423523
1t
0s
0r
1y
0c
0i
#4310424165
0t
0s
0r
1y
0c
0i
#4310424566
1t
0s
0r
1y
0c
0i
#4310425203
0t
0s
0r
1y
0c
0i
#4310425608
1t
0s
0r
1y
0c
0i
#4310426244
0t
0s
0r
1y
0c
0i
#4310426648
1t
0s
0r
1y
0c
0i
#4310427288
0t
0s
0r
1y
0c
0i
#4310427689
1t
0s
0r
1y
0c
0i
#4310428325
0t
0s
0r
1y
0c
0i
#4310428728
1t
0s
0r
1y
0c
0i
#4310429365
0t
0s
0r
1y
0c
0i
#4310429766
1t
0s
0r
1y
0c
0i
#4310430406
0t
0s
0r
1y
0c
0i
#4310430806
1t
0s
0r
1y
0c
0i
#4310431441
0t
0s
0r
1y
0c
0i
#4310431843
1t
0s
0r
1y
0c
0i
#4310432479
0t
0s
0r
1y
0c
0i
#4310432880
1t
0s
0r
1y
0c
0i
#4310433519
0t
0s
0r
1y
0c
0i
#4310433918
1t
0s
0r
1y
0c
0i
#4310434553
0t
0s
0r
1y
0c
0i
#4310434955
1t
0s
0r
1y
0c
0i
#4310435589
0t
0s
0r
1y
0c
0i
#4310435992
1t
0s
0r
1y
0c
0i
#4310436629
0t
0s
0r
1y
0c
0i
#4310437030
1t
0s
0r
1y
0c
0i
#4310437663
0t
0s
0r
1y
0c
0i
#4310438065
1t
0s
0r
1y
0c
0i
#4310438699
0t
0s
0r
1y
0c
0i
#4310439100
1t
0s
0r
1y
0c
0i
#4310439737
0t
0s
0r
1y
0c
0i
#4310440137
1t
0s
0r
1y
0c
0i
#4310440769
0t
0s
0r
1y
0c
0i
#4310441171
1t
0s
0r
1y
0c
0i
#4310441804
0t
0s
0r
1y
0c
0i
#4310442206
1t
0s
0r
1y
0c
0i
#4310442841
0t
0s
0r
1y
0c
0i
#4310443241
1t
0s
0r
1y
0c
0i
#4310443872
0t
0s
0r
1y
0c
0i
#4310444274
1t
0s
0r
1y
0c
0i
#4310444906
0t
0s
0r
1y
0c
0i
#4310445308
1t
0s
0r
1y
0c
0i
#4310445943
0t
0s
0r
1y
0c
0i
#4310446345
1t
0s
0r
1y
0c
0i
#4310446975
0t
0s
0r
1y
0c
0i
#4310447380
1t
0s
0r
1y
0c
0i
#4310448013
0t
0s
0r
1y
0c
0i
#4310448416
1t
0s
0r
1y
1c
0i
#4310449054
0t
0s
0r
1y
1c
1i
#4310449456
1t
0s
0r
1y
1c
1i
#4310450091
0t
0s
0r
1y
1c
1i
#4310450496
1t
0s
0r
1y
1c
1i
#4310451132
0t
0s
0r
1y
1c
1i
#4310451537
1t
0s
0r
1y
1c
1i
#4310452177
0t
0s
0r
1y
1c
0i
#4310452581
1t
0s
0r
1y
1c
0i
#4310453216
0t
0s
0r
1y
1c
0i
#4310453621
1t
0s
0r
1y
1c
0i
#4310454258
0t
0s
0r
1y
1c
0i
#4310454662
1t
0s
0r
1y
1c
0i
#4310455301
0t
0s
0r
1y
1c
0i
#4310455704
1t
0s
0r
1y
1c
0i
#4310456337
0t
0s
0r
1y
1c
0i
#4310456743
1t
0s
0r
1y
1c
0i
#4310457377
0t
0s
0r
1y
1c
0i
#4310457783
1t
0s
0r
1y
1c
0i
#4310458419
0t
0s
0r
1y
1c
0i
#4310458822
1t
0s
0r
1y
1c
0i
#4310459455
0t
0s
0r
1y
1c
0i
#4310459859
1t
0s
0r
1y
1c
0i
#4310460492
0t
0s
0r
1y
1c
0i
#4310460896
1t
0s
0r
1y
1c
0i
#4310461531
0t
0s
0r
1y
1c
0i
#4310461935
1t
0s
0r
1y
1c
0i
#4310462565
0t
0s
0r
1y
1c
0i
#4310462970
1t
0s
0r
1y
1c
0i
#4310463601
0t
0s
0r
1y
1c
0i
#4310464005
1t
0s
0r
1y
1c
0i
#4310464639
0t
0s
0r
1y
1c
0i
#4310465041
1t
0s
0r
1y
1c
0i
#4310466686
0t
0s
0r
1y
1c
0i
#4310467839
1t
0s
0r
1y
1c
0i
#4310468787
0t
0s
0r
1y
1c
0i
#4310469177
1t
0s
0r
1y
1c
0i
#4310469812
0t
0s
0r
1y
1c
0i
#4310470212
1t
0s
0r
1y
1c
0i
#4310470844
0t
0s
0r
1y
1c
0i
#4310471246
1t
0s
0r
1y
1c
0i
#4310471878
0t
0s
0r
1y
1c
0i
#4310472280
1t
0s
0r
1y
1c
0i
#4310472911
0t
0s
0r
1y
1c
0i
#4310473312
1t
0s
0r
1y
1c
0i
#4310473946
0t
0s
0r
1y
1c
0i
#4310474345
1t
0s
0r
1y
1c
0i
#4310474975
0t
0s
0r
1y
1c
0i
#4310475376
1t
0s
0r
1y
1c
0i
#4310476008
0t
0s
0r
1y
1c
0i
#4310476408
1t
0s
0r
1y
1c
0i
#4310477041
0t
0s
0r
1y
1c
0i
#4310477442
1t
0s
0r
1y
1c
0i
#4310478072
0t
0s
0r
1y
1c
0i
#4310478474
1t
0s
0r
1y
1c
0i
#4310479107
0t
0s
0r
1y
0c
0i
#4310479509
1t
0s
0r
1y
0c
0i
#4310480145
0t
0s
0r
1y
0c
1i
#4310480546
1t
0s
0r
1y
0c
1i
#4310481180
0t
0s
0r
1y
0c
1i
#4310481583
1t
0s
0r
1y
0c
1i
#4310482219
0t
0s
0r
1y
0c
1i
#4310482622
1t
0s
0r
1y
0c
1i
#4310482758
1t
0s
1r
1y
0c
1i
#4310482760
1t
0s
0r
1y
0c
1i
#4310483262
0t
0s
0r
1y
0c
0i
#4310483664
1t
0s
0r
1y
0c
0i
#4310484299
0t
0s
0r
1y
0c
0i
#4310484703
1t
0s
0r
1y
0c
0i
#4310485339
0t
0s
0r
1y
0c
0i
#4310485741
1t
0s
0r
1y
0c
0i
#4310486381
0t
0s
0r
1y
0c
0i
#4310486781
1t
0s
0r
1y
0c
0i
#4310487417
0t
0s
0r
1y
0c
0i
#4310487820
1t
0s
0r
1y
0c
0i
#4310488455
0t
0s
0r
1y
0c
0i
#4310488857
1t
0s
0r
1y
0c
0i
#4310489495
0t
0s
0r
1y
0c
0i
#4310489895
1t
0s
0r
1y
0c
0i
#4310490530
0t
0s
0r
1y
0c
0i
#4310490932
1t
0s
0r
1y
0c
0i
#4310491568
0t
0s
0r
1y
0c
0i
#4310491968
1t
0s
0r
1y
0c
0i
#4310492607
0t
0s
0r
1y
0c
0i
#4310493005
1t
0s
0r
1y
0c
0i
#4310493639
0t
0s
0r
1y
0c
0i
#4310494040
1t
0s
0r
1y
0c
0i
#4310494675
0t
0s
0r
1y
0c
0i
#4310495074
1t
0s
0r
1y
0c
0i
#4310495712
0t
0s
0r
1y
0c
0i
#4310496110
1t
0s
0r
1y
0c
0i
#4310496744
0t
0s
0r
1y
0c
0i
#4310497144
1t
0s
0r
1y
0c
0i
#4310497778
0t
0s
0r
1y
0c
0i
#4310498179
1t
0s
0r
1y
0c
0i
#4310498815
0t
0s
0r
1y
0c
0i
#4310499215
1t
0s
0r
1y
0c
0i
#4310499846
0t
0s
0r
1y
0c
0i
#4310500247
1t
0s
0r
1y
0c
0i
#4310500880
0t
0s
0r
1y
0c
0i
#4310501280
1t
0s
0r
1y
0c
0i
#4310501916
0t
0s
0r
1y
0c
0i
#4310502315
1t
0s
0r
1y
0c
0i
#4310502945
0t
0s
0r
1y
0c
0i
#4310503347
1t
0s
0r
1y
0c
0i
#4310503978
0t
0s
0r
1y
0c
0i
#4310504380
1t
0s
0r
1y
0c
0i
#4310505014
0t
0s
0r
1y
0c
0i
#4310505414
1t
0s
0r
1y
0c
0i
#4310506044
0t
0s
0r
1y
0c
0i
#4310506446
1t
0s
0r
1y
0c
0i
#4310507077
0t
0s
0r
1y
0c
0i
#4310507478
1t
0s
0r
1y
0c
0i
#4310508112
0t
0s
0r
1y
0c
0i
#4310508515
1t
0s
0r
1y
0c
0i
#4310509144
0t
0s
0r
1y
0c
0i
#4310509548
1t
0s
0r
1y
0c
0i
#4310510181
0t
0s
0r
1y
1c
0i
#4310510584
1t
0s
0r
1y
1c
0i
#4310511221
0t
0s
0r
1y
1c
1i
#4310511623
1t
0s
0r
1y
1c
1i
#4310512258
0t
0s
0r
1y
1c
1i
#4310512662
1t
0s
0r
1y
1c
1i
#4310513299
0t
0s
0r
1y
1c
1i
#4310513703
1t
0s
0r
1y
1c
1i
#4310514343
0t
0s
0r
1y
1c
0i
#4310514746
1t
0s
0r
1y
1c
0i
#4310515381
0t
0s
0r
1y
1c
0i
#4310515786
1t
0s
0r
1y
1c
0i
#4310516422
0t
0s
0r
1y
1c
0i
#4310516826
1t
0s
0r
1y
1c
0i
#4310517465
0t
0s
0r
1y
1c
0i
#4310517868
1t
0s
0r
1y
1c
0i
#4310518501
0t
0s
0r
1y
1c
0i
#4310518907
1t
0s
0r
1y
1c
0i
#4310519540
0t
0s
0r
1y
1c
0i
#4310519946
1t
0s
0r
1y
1c
0i
#4310520583
0t
0s
0r
1y
1c
0i
#4310520986
1t
0s
0r
1y
1c
0i
#4310521619
0t
0s
0r
1y
1c
0i
#4310522024
1t
0s
0r
1y
1c
0i
#4310522658
0t
0s
0r
1y
1c
0i
#4310523063
1t
0s
0r
1y
1c
0i
#4310523698
0t
0s
0r
1y
1c
0i
#4310524103
1t
0s
0r
1y
1c
0i
#4310524735
0t
0s
0r
1y
1c
0i
#4310525141
1t
0s
0r
1y
1c
0i
#4310525774
0t
0s
0r
1y
1c
0i
#4310526179
1t
0s
0r
1y
1c
0i
#4310526815
0t
0s
0r
1y
1c
0i
#4310527219
1t
0s
0r
1y
1c
0i
#4310528869
0t
0s
0r
1y
1c
0i
#4310530026
1t
0s
0r
1y
1c
0i
#4310530976
0t
0s
0r
1y
1c
0i
#4310531367
1t
0s
0r
1y
1c
0i
#4310532004
0t
0s
0r
1y
1c
0i
#4310532404
1t
0s
0r
1y
1c
0i
#4310533038
0t
0s
0r
1y
1c
0i
#4310533441
1t
0s
0r
1y
1c
0i
#4310534074
0t
0s
0r
1y
1c
0i
#4310534477
1t
0s
0r
1y
1c
0i
#4310535110
0t
0s
0r
1y
1c
0i
#4310535512
1t
0s
0r
1y
1c
0i
#4310536148
0t
0s
0r
1y
1c
0i
#4310536548
1t
0s
0r
1y
1c
0i
#4310537180
0t
0s
0r
1y
1c
0i
#4310537582
1t
0s
0r
1y
1c
0i
#4310538216
0t
0s
0r
1y
1c
0i
#4310538617
1t
0s
0r
1y
1c
0i
#4310539252
0t
0s
0r
1y
1c
0i
#4310539655
1t
0s
0r
1y
1c
0i
#4310540286
0t
0s
0r
1y
1c
0i
#4310540691
1t
0s
0r
1y
1c
0i
#4310541325
0t
0s
0r
1y
0c
0i
#4310541729
1t
0s
0r
1y
0c
0i
#4310542368
0t
0s
0r
1y
0c
1i
#4310542770
1t
0s
0r
1y
0c
1i
#4310543407
0t
0s
0r
1y
0c
1i
#4310543810
1t
0s
0r
1y
0c
1i
#4310544449
0t
0s
0r
1y
0c
1i
#4310544853
1t
0s
0r
1y
0c
1i
#4310545495
0t
0s
0r
1y
0c
0i
#4310545898
1t
0s
0r
1y
0c
0i
#4310546535
0t
0s
0r
1y
0c
0i
#4310546940
1t
0s
0r
1y
0c
0i
#4310547578
0t
0s
0r
1y
0c
0i
#4310547981
1t
0s
0r
1y
0c
0i
#4310548622
0t
0s
0r
1y
0c
0i
#4310549024
1t
0s
0r
1y
0c
0i
#4310549659
0t
0s
0r
1y
0c
0i
#4310550064
1t
0s
0r
1y
0c
0i
#4310550699
0t
0s
0r
1y
0c
0i
#4310551103
1t
0s
0r
1y
0c
0i
#4310551742
0t
0s
0r
1y
0c
0i
#4310552142
1t
0s
0r
1y
0c
0i
#4310552777
0t
0s
0r
1y
0c
0i
#4310553178
1t
0s
0r
1y
0c
0i
#4310553813
0t
0s
0r
1y
0c
0i
#4310554213
1t
0s
0r
1y
0c
0i
#4310554851
0t
0s
0r
1y
0c
0i
#4310555249
1t
0s
0r
1y
0c
0i
#4310555881
0t
0s
0r
1y
0c
0i
#4310556281
1t
0s
0r
1y
0c
0i
#4310556914
0t
0s
0r
1y
0c
0i
#4310557313
1t
0s
0r
1y
0c
0i
#4310557949
0t
0s
0r
1y
0c
0i
#4310558346
1t
0s
0r
1y
0c
0i
#4310558977
0t
0s
0r
1y
0c
0i
#4310559378
1t
0s
0r
1y
0c
0i
#4310560009
0t
0s
0r
1y
0c
0i
#4310560410
1t
0s
0r
1y
0c
0i
#4310561043
0t
0s
0r
1y
0c
0i
#4310561443
1t
0s
0r
1y
0c
0i
#4310562072
0t
0s
0r
1y
0c
0i
#4310562473
1t
0s
0r
1y
0c
0i
#4310563104
0t
0s
0r
1y
0c
0i
#4310563504
1t
0s
0r
1y
0c
0i
#4310564138
0t
0s
0r
1y
0c
0i
#4310564536
1t
0s
0r
1y
0c
0i
#4310565165
0t
0s
0r
1y
0c
0i
#4310565567
1t
0s
0r
1y
0c
0i
#4310566197
0t
0s
0r
1y
0c
0i
#4310566598
1t
0s
0r
1y
0c
0i
#4310567230
0t
0s
0r
1y
0c
0i
#4310567630
1t
0s
0r
1y
0c
0i
#4310568258
0t
0s
0r
1y
0c
0i
#4310568660
1t
0s
0r
1y
0c
0i
#4310569289
0t
0s
0r
1y
0c
0i
#4310569691
1t
0s
0r
1y
0c
0i
#4310570323
0t
0s
0r
1y
0c
0i
#4310570724
1t
0s
0r
1y
0c
0i
#4310571352
0t
0s
0r
1y
0c
0i
#4310571756
1t
0s
0r
1y
0c
0i
#4310572387
0t
0s
0r
1y
1c
0i
#4310572789
1t
0s
0r
1y
1c
0i
#4310573424
0t
0s
0r
1y
1c
1i
#4310573825
1t
0s
0r
1y
1c
1i
#4310574457
0t
0s
0r
1y
1c
1i
#4310574861
1t
0s
0r
1y
1c
1i
#4310575496
0t
0s
0r
1y
1c
1i
#4310575899
1t
0s
0r
1y
1c
1i
#4310576537
0t
0s
0r
1y
1c
0i
#4310576939
1t
0s
0r
1y
1c
0i
#4310577573
0t
0s
0r
1y
1c
0i
#4310577976
1t
0s
0r
1y
1c
0i
#4310578611
0t
0s
0r
1y
1c
0i
#4310579014
1t
0s
0r
1y
1c
0i
#4310579650
0t
0s
0r
1y
1c
0i
#4310580052
1t
0s
0r
1y
1c
0i
#4310580684
0t
0s
0r
1y
1c
0i
#4310581089
1t
0s
0r
1y
1c
0i
#4310581721
0t
0s
0r
1y
1c
0i
#4310582126
1t
0s
0r
1y
1c
0i
#4310582761
0t
0s
0r
1y
1c
0i
#4310583164
1t
0s
0r
1y
1c
0i
#4310583795
0t
0s
0r
1y
1c
0i
#4310584200
1t
0s
0r
1y
1c
0i
#4310584833
0t
0s
0r
1y
1c
0i
#4310585237
1t
0s
0r
1y
1c
0i
#4310585872
0t
0s
0r
1y
1c
0i
#4310586276
1t
0s
0r
1y
1c
0i
#4310586906
0t
0s
0r
1y
1c
0i
#4310587312
1t
0s
0r
1y
1c
0i
#4310587944
0t
0s
0r
1y
1c
0i
#4310588348
1t
0s
0r
1y
1c
0i
#4310588982
0t
0s
0r
1y
1c
0i
#4310589385
1t
0s
0r
1y
1c
0i
#4310591030
0t
0s
0r
1y
1c
0i
#4310592185
1t
0s
0r
1y
1c
0i
#4310593132
0t
0s
0r
1y
1c
0i
#4310593522
1t
0s
0r
1y
1c
0i
#4310594157
0t
0s
0r
1y
1c
0i
#4310594557
1t
0s
0r
1y
1c
0i
#4310595189
0t
0s
0r
1y
1c
0i
#4310595591
1t
0s
0r
1y
1c
0i
#4310596223
0t
0s
0r
1y
1c
0i
#4310596625
1t
0s
0r
1y
1c
0i
#4310597256
0t
0s
0r
1y
1c
0i
#4310597657
1t
0s
0r
1y
1c
0i
#4310598291
0t
0s
0r
1y
1c
0i
#4310598691
1t
0s
0r
1y
1c
0i
#4310599321
0t
0s
0r
1y
1c
0i
#4310599722
1t
0s
0r
1y
1c
0i
#4310600354
0t
0s
0r
1y
1c
0i
#4310600754
1t
0s
0r
1y
1c
0i
#4310601388
0t
0s
0r
1y
1c
0i
#4310601789
1t
0s
0r
1y
1c
0i
#4310602419
0t
0s
0r
1y
1c
0i
#4310602822
1t
0s
0r
1y
0c
0i
#4310603455
0t
0s
0r
1y
0c
0i
#4310603856
1t
0s
0r
1y
0c
0i
#4310604493
0t
0s
0r
1y
0c
1i
#4310604894
1t
0s
0r
1y
0c
1i
#4310605529
0t
0s
0r
1y
0c
1i
#4310605931
1t
0s
0r
1y
0c
1i
#4310606568
0t
0s
0r
1y
0c
1i
#4310606971
1t
0s
0r
1y
0c
1i
#4310607046
1t
0s
1r
1y
0c
1i
#4310607049
1t
0s
0r
1y
0c
1i
#4310607610
0t
0s
0r
1y
0c
0i
#4310608012
1t
0s
0r
1y
0c
0i
#4310608647
0t
0s
0r
1y
0c
0i
#4310609050
1t
0s
0r
1y
0c
0i
#4310609687
0t
0s
0r
1y
0c
0i
#4310610088
1t
0s
0r
1y
0c
0i
#4310610726
0t
0s
0r
1y
0c
0i
#4310611126
1t
0s
0r
1y
0c
0i
#4310611759
0t
0s
0r
1y
0c
0i
#4310612161
1t
0s
0r
1y
0c
0i
#4310612793
0t
0s
0r
1y
0c
0i
#4310613193
1t
0s
0r
1y
0c
0i
#4310613826
0t
0s
0r
1y
0c
0i
#4310614224
1t
0s
0r
1y
0c
0i
#4310614853
0t
0s
0r
1y
0c
0i
#4310615250
1t
0s
0r
1y
0c
0i
#4310615879
0t
0s
0r
1y
0c
0i
#4310616275
1t
0s
0r
1y
0c
0i
#4310616906
0t
0s
0r
1y
0c
0i
#4310617300
1t
0s
0r
1y
0c
0i
#4310617925
0t
0s
0r
1y
0c
0i
#4310618322
1t
0s
0r
1y
0c
0i
#4310618948
0t
0s
0r
1y
0c
0i
#4310619344
1t
0s
0r
1y
0c
0i
#4310619974
0t
0s
0r
1y
0c
0i
#4310620369
1t
0s
0r
1y
0c
0i
#4310620995
0t
0s
0r
1y
0c
0i
#4310621392
1t
0s
0r
1y
0c
0i
#4310622018
0t
0s
0r
1y
0c
0i
#4310622416
1t
0s
0r
1y
0c
0i
#4310623045
0t
0s
0r
1y
0c
0i
#4310623442
1t
0s
0r
1y
0c
0i
#4310624067
0t
0s
0r
1y
0c
0i
#4310624465
1t
0s
0r
1y
0c
0i
#4310625092
0t
0s
0r
1y
0c
0i
#4310625489
1t
0s
0r
1y
0c
0i
#4310626119
0t
0s
0r
1y
0c
0i
#4310626515
1t
0s
0r
1y
0c
0i
#4310627140
0t
0s
0r
1y
0c
0i
#4310627539
1t
0s
0r
1y
0c
0i
#4310628164
0t
0s
0r
1y
0c
0i
#4310628563
1t
0s
0r
1y
0c
0i
#4310629191
0t
0s
0r
1y
0c
0i
#4310629588
1t
0s
0r
1y
0c
0i
#4310630212
0t
0s
0r
1y
0c
0i
#4310630610
1t
0s
0r
1y
0c
0i
#4310631236
0t
0s
0r
1y
0c
0i
#4310631634
1t
0s
0r
1y
0c
0i
#4310632261
0t
0s
0r
1y
0c
0i
#4310632661
1t
0s
0r
1y
0c
0i
#4310633284
0t
0s
0r
1y
0c
0i
#4310633685
1t
0s
0r
1y
0c
0i
#4310634311
0t
0s
0r
1y
0c
0i
#4310634711
1t
0s
0r
1y
1c
0i
#4310635341
0t
0s
0r
1y
1c
1i
#4310635740
1t
0s
0r
1y
1c
1i
#4310636367
0t
0s
0r
1y
1c
1i
#4310636769
1t
0s
0r
1y
1c
1i
#4310637399
0t
0s
0r
1y
1c
1i
#4310637800
1t
0s
0r
1y
1c
1i
#4310638433
0t
0s
0r
1y
1c
0i
#4310638833
1t
0s
0r
1y
1c
0i
#4310639461
0t
0s
0r
1y
1c
0i
#4310639863
1t
0s
0r
1y
1c
0i
#4310640493
0t
0s
0r
1y
1c
0i
#4310640894
1t
0s
0r
1y
1c
0i
#4310641526
0t
0s
0r
1y
1c
0i
#4310641925
1t
0s
0r
1y
1c
0i
#4310642552
0t
0s
0r
1y
1c
0i
#4310642955
1t
0s
0r
1y
1c
0i
#4310643582
0t
0s
0r
1y
1c
0i
#4310643983
1t
0s
0r
1y
1c
0i
#4310644612
0t
0s
0r
1y
1c
0i
#4310645012
1t
0s
0r
1y
1c
0i
#4310645636
0t
0s
0r
1y
1c
0i
#4310646036
1t
0s
0r
1y
1c
0i
#4310646660
0t
0s
0r
1y
1c
0i
#4310647060
1t
0s
0r
1y
1c
0i
#4310647686
0t
0s
0r
1y
1c
0i
#4310648085
1t
0s
0r
1y
1c
0i
#4310648705
0t
0s
0r
1y
1c
0i
#4310649106
1t
0s
0r
1y
1c
0i
#4310649728
0t
0s
0r
1y
1c
0i
#4310650127
1t
0s
0r
1y
1c
0i
#4310650752
0t
0s
0r
1y
1c
0i
#4310651149
1t
0s
0r
1y
1c
0i
#4310652770
0t
0s
0r
1y
1c
0i
#4310653909
1t
0s
0r
1y
1c
0i
#4310654844
0t
0s
0r
1y
1c
0i
#4310655230
1t
0s
0r
1y
1c
0i
#4310655856
0t
0s
0r
1y
1c
0i
#4310656251
1t
0s
0r
1y
1c
0i
#4310656875
0t
0s
0r
1y
1c
0i
#4310657272
1t
0s
0r
1y
1c
0i
#4310657895
0t
0s
0r
1y
1c
0i
#4310658292
1t
0s
0r
1y
1c
0i
#4310658915
0t
0s
0r
1y
1c
0i
#4310659311
1t
0s
0r
1y
1c
0i
#4310659936
0t
0s
0r
1y
1c
0i
#4310660331
1t
0s
0r
1y
1c
0i
#4310660953
0t
0s
0r
1y
1c
0i
#4310661349
1t
0s
0r
1y
1c
0i
#4310661971
0t
0s
0r
1y
1c
0i
#4310662367
1t
0s
0r
1y
1c
0i
#4310662992
0t
0s
0r
1y
1c
0i
#4310663388
1t
0s
0r
1y
1c
0i
#4310664009
0t
0s
0r
1y
1c
0i
#4310664407
1t
0s
0r
1y
1c
0i
#4310665030
0t
0s
0r
1y
0c
0i
#4310665428
1t
0s
0r
1y
0c
0i
#4310666056
0t
0s
0r
1y
0c
1i
#4310666451
1t
0s
0r
1y
0c
1i
#4310667076
0t
0s
0r
1y
0c
1i
#4310667474
1t
0s
0r
1y
0c
1i
#4310668100
0t
0s
0r
1y
0c
1i
#4310668499
1t
0s
0r
1y
0c
1i
#4310669128
0t
0s
0r
1y
0c
0i
#4310669526
1t
0s
0r
1y
0c
0i
#4310670151
0t
0s
0r
1y
0c
0i
#4310670550
1t
0s
0r
1y
0c
0i
#4310671177
0t
0s
0r
1y
0c
0i
#4310671574
1t
0s
0r
1y
0c
0i
#4310672203
0t
0s
0r
1y
0c
0i
#4310672599
1t
0s
0r
1y
0c
0i
#4310673223
0t
0s
0r
1y
0c
0i
#4310673622
1t
0s
0r
1y
0c
0i
#4310674248
0t
0s
0r
1y
0c
0i
#4310674645
1t
0s
0r
1y
0c
0i
#4310675273
0t
0s
0r
1y
0c
0i
#4310675668
1t
0s
0r
1y
0c
0i
#4310676293
0t
0s
0r
1y
0c
0i
#4310676689
1t
0s
0r
1y
0c
0i
#4310677314
0t
0s
0r
1y
0c
0i
#4310677710
1t
0s
0r
1y
0c
0i
#4310678338
0t
0s
0r
1y
0c
0i
#4310678732
1t
0s
0r
1y
0c
0i
#4310679354
0t
0s
0r
1y
0c
0i
#4310679750
1t
0s
0r
1y
0c
0i
#4310680374
0t
0s
0r
1y
0c
0i
#4310680769
1t
0s
0r
1y
0c
0i
#4310681395
0t
0s
0r
1y
0c
0i
#4310681788
1t
0s
0r
1y
0c
0i
#4310682411
0t
0s
0r
1y
0c
0i
#4310682806
1t
0s
0r
1y
0c
0i
#4310683428
0t
0s
0r
1y
0c
0i
#4310683825
1t
0s
0r
1y
0c
0i
#4310684448
0t
0s
0r
1y
0c
0i
#4310684843
1t
0s
0r
1y
0c
0i
#4310685463
0t
0s
0r
1y
0c
0i
#4310685859
1t
0s
0r
1y
0c
0i
#4310686480
0t
0s
0r
1y
0c
0i
#4310686876
1t
0s
0r
1y
0c
0i
#4310687500
0t
0s
0r
1y
0c
0i
#4310687894
1t
0s
0r
1y
0c
0i
#4310688513
0t
0s
0r
1y
0c
0i
#4310688909
1t
0s
0r
1y
0c
0i
#4310689529
0t
0s
0r
1y
0c
0i
#4310689925
1t
0s
0r
1y
0c
0i
#4310690547
0t
0s
0r
1y
0c
0i
#4310690942
1t
0s
0r
1y
0c
0i
#4310691560
0t
0s
0r
1y
0c
0i
#4310691956
1t
0s
0r
1y
0c
0i
#4310692576
0t
0s
0r
1y
0c
0i
#4310692971
1t
0s
0r
1y
0c
0i
#4310693592
0t
0s
0r
1y
0c
0i
#4310693989
1t
0s
0r
1y
0c
0i
#4310694606
0t
0s
0r
1y
0c
0i
#4310695005
1t
0s
0r
1y
0c
0i
#4310695625
0t
0s
0r
1y
1c
0i
#4310696022
1t
0s
0r
1y
1c
0i
#4310696646
0t
0s
0r
1y
1c
1i
#4310697042
1t
0s
0r
1y
1c
1i
#4310697664
0t
0s
0r
1y
1c
1i
#4310698062
1t
0s
0r
1y
1c
1i
#4310698686
0t
0s
0r
1y
1c
1i
#4310699084
1t
0s
0r
1y
1c
1i
#4310699711
0t
0s
0r
1y
1c
0i
#4310700108
1t
0s
0r
1y
1c
0i
#4310700731
0t
0s
0r
1y
1c
0i
#4310701129
1t
0s
0r
1y
1c
0i
#4310701753
0t
0s
0r
1y
1c
0i
#4310702151
1t
0s
0r
1y
1c
0i
#4310702777
0t
0s
0r
1y
1c
0i
#4310703174
1t
0s
0r
1y
1c
0i
#4310703795
0t
0s
0r
1y
1c
0i
#4310704195
1t
0s
0r
1y
1c
0i
#4310704817
0t
0s
0r
1y
1c
0i
#4310705216
1t
0s
0r
1y
1c
0i
#4310705842
0t
0s
0r
1y
1c
0i
#4310706240
1t
0s
0r
1y
1c
0i
#4310706862
0t
0s
0r
1y
1c
0i
#4310707261
1t
0s
0r
1y
1c
0i
#4310707885
0t
0s
0r
1y
1c
0i
#4310708284
1t
0s
0r
1y
1c
0i
#4310708910
0t
0s
0r
1y
1c
0i
#4310709310
1t
0s
0r
1y
1c
0i
#4310709933
0t
0s
0r
1y
1c
0i
#4310710334
1t
0s
0r
1y
1c
0i
#4310710958
0t
0s
0r
1y
1c
0i
#4310711358
1t
0s
0r
1y
1c
0i
#4310711986
0t
0s
0r
1y
1c
0i
#4310712384
1t
0s
0r
1y
1c
0i
#4310714012
0t
0s
0r
1y
1c
0i
#4310715156
1t
0s
0r
1y
1c
0i
#4310716093
0t
0s
0r
1y
1c
0i
#4310716480
1t
0s
0r
1y
1c
0i
#4310717107
0t
0s
0r
1y
1c
0i
#4310717504
1t
0s
0r
1y
1c
0i
#4310718129
0t
0s
0r
1y
1c
0i
#4310718527
1t
0s
0r
1y
1c
0i
#4310719151
0t
0s
0r
1y
1c
0i
#4310719549
1t
0s
0r
1y
1c
0i
#4310720173
0t
0s
0r
1y
1c
0i
#4310720570
1t
0s
0r
1y
1c
0i
#4310721197
0t
0s
0r
1y
1c
0i
#4310721592
1t
0s
0r
1y
1c
0i
#4310722214
0t
0s
0r
1y
1c
0i
#4310722612
1t
0s
0r
1y
1c
0i
#4310723236
0t
0s
0r
1y
1c
0i
#4310723632
1t
0s
0r
1y
1c
0i
#4310724258
0t
0s
0r
1y
1c
0i
#4310724655
1t
0s
0r
1y
1c
0i
#4310725278
0t
0s
0r
1y
1c
0i
#4310725677
1t
0s
0r
1y
0c
0i
#4310726302
0t
0s
0r
1y
0c
0i
#4310726700
1t
0s
0r
1y
0c
0i
#4310727330
0t
0s
0r
1y
0c
1i
#4310727727
1t
0s
0r
1y
0c
1i
#4310728354
0t
0s
0r
1y
0c
1i
#4310728752
1t
0s
0r
1y
0c
1i
#4310729382
0t
0s
0r
1y
0c
1i
#4310729781
1t
0s
0r
1y
0c
1i
#4310729851
1t
0s
1r
1y
0c
1i
#4310729853
1t
0s
0r
1y
0c
1i
#4310730413
0t
0s
0r
1y
0c
0i
#4310730811
1t
0s
0r
1y
0c
0i
#4310731439
0t
0s
0r
1y
0c
0i
#4310731838
1t
0s
0r
1y
0c
0i
#4310732467
0t
0s
0r
1y
0c
0i
#4310732865
1t
0s
0r
1y
0c
0i
#4310733497
0t
0s
0r
1y
0c
0i
#4310733893
1t
0s
0r
1y
0c
0i
#4310734520
0t
0s
0r
1y
0c
0i
#4310734920
1t
0s
0r
1y
0c
0i
#4310735547
0t
0s
0r
1y
0c
0i
#4310735945
1t
0s
0r
1y
0c
0i
#4310736576
0t
0s
0r
1y
0c
0i
#4310736973
1t
0s
0r
1y
0c
0i
#4310737601
0t
0s
0r
1y
0c
0i
#4310737999
1t
0s
0r
1y
0c
0i
#4310738629
0t
0s
0r
1y
0c
0i
#4310739026
1t
0s
0r
1y
0c
0i
#4310739658
0t
0s
0r
1y
0c
0i
#4310740054
1t
0s
0r
1y
0c
0i
#4310740682
0t
0s
0r
1y
0c
0i
#4310741081
1t
0s
0r
1y
0c
0i
#4310741711
0t
0s
0r
1y
0c
0i
#4310742108
1t
0s
0r
1y
0c
0i
#4310742742
0t
0s
0r
1y
0c
0i
#4310743137
1t
0s
0r
1y
0c
0i
#4310743767
0t
0s
0r
1y
0c
0i
#4310744165
1t
0s
0r
1y
0c
0i
#4310744794
0t
0s
0r
1y
0c
0i
#4310745194
1t
0s
0r
1y
0c
0i
#4310745825
0t
0s
0r
1y
0c
0i
#4310746222
1t
0s
0r
1y
0c
0i
#4310746849
0t
0s
0r
1y
0c
0i
#4310747249
1t
0s
0r
1y
0c
0i
#4310747877
0t
0s
0r
1y
0c
0i
#4310748275
1t
0s
0r
1y
0c
0i
#4310748906
0t
0s
0r
1y
0c
0i
#4310749303
1t
0s
0r
1y
0c
0i
#4310749930
0t
0s
0r
1y
0c
0i
#4310750330
1t
0s
0r
1y
0c
0i
#4310750956
0t
0s
0r
1y
0c
0i
#4310751355
1t
0s
0r
1y
0c
0i
#4310751985
0t
0s
0r
1y
0c
0i
#4310752383
1t
0s
0r
1y
0c
0i
#4310753008
0t
0s
0r
1y
0c
0i
#4310753408
1t
0s
0r
1y
0c
0i
#4310754035
0t
0s
0r
1y
0c
0i
#4310754434
1t
0s
0r
1y
0c
0i
#4310755063
0t
0s
0r
1y
0c
0i
#4310755463
1t
0s
0r
1y
0c
0i
#4310756088
0t
0s
0r
1y
0c
0i
#4310756490
1t
0s
0r
1y
0c
0i
#4310757118
0t
0s
0r
1y
0c
0i
#4310757520
1t
0s
0r
1y
1c
0i
#4310758152
0t
0s
0r
1y
1c
1i
#4310758552
1t
0s
0r
1y
1c
1i
#4310759182
0t
0s
0r
1y
1c
1i
#4310759585
1t
0s
0r
1y
1c
1i
#4310760217
0t
0s
0r
1y
1c
1i
#4310760619
1t
0s
0r
1y
1c
1i
#4310761254
0t
0s
0r
1y
1c
0i
#4310761655
1t
0s
0r
1y
1c
0i
#4310762285
0t
0s
0r
1y
1c
0i
#4310762688
1t
0s
0r
1y
1c
0i
#4310763320
0t
0s
0r
1y
1c
0i
#4310763722
1t
0s
0r
1y
1c
0i
#4310764356
0t
0s
0r
1y
1c
0i
#4310764757
1t
0s
0r
1y
1c
0i
#4310765386
0t
0s
0r
1y
1c
0i
#4310765790
1t
0s
0r
1y
1c
0i
#4310766420
0t
0s
0r
1y
1c
0i
#4310766822
1t
0s
0r
1y
1c
0i
#4310767455
0t
0s
0r
1y
1c
0i
#4310767857
1t
0s
0r
1y
1c
0i
#4310768486
0t
0s
0r
1y
1c
0i
#4310768889
1t
0s
0r
1y
1c
0i
#4310769520
0t
0s
0r
1y
1c
0i
#4310769923
1t
0s
0r
1y
1c
0i
#4310770556
0t
0s
0r
1y
1c
0i
#4310770959
1t
0s
0r
1y
1c
0i
#4310771588
0t
0s
0r
1y
1c
0i
#4310771994
1t
0s
0r
1y
1c
0i
#4310772625
0t
0s
0r
1y
1c
0i
#4310773029
1t
0s
0r
1y
1c
0i
#4310773663
0t
0s
0r
1y
1c
0i
#4310774066
1t
0s
0r
1y
1c
0i
#4310775711
0t
0s
0r
1y
1c
0i
#4310776865
1t
0s
0r
1y
1c
0i
#4310777814
0t
0s
0r
1y
1c
0i
#4310778204
1t
0s
0r
1y
1c
0i
#4310778839
0t
0s
0r
1y
1c
0i
#4310779239
1t
0s
0r
1y
1c
0i
#4310779872
0t
0s
0r
1y
1c
0i
#4310780273
1t
0s
0r
1y
1c
0i
#4310780905
0t
0s
0r
1y
1c
0i
#4310781308
1t
0s
0r
1y
1c
0i
#4310781939
0t
0s
0r
1y
1c
0i
#4310782341
1t
0s
0r
1y
1c
0i
#4310782975
0t
0s
0r
1y
1c
0i
#4310783375
1t
0s
0r
1y
1c
0i
#4310784005
0t
0s
0r
1y
1c
0i
#4310784406
1t
0s
0r
1y
1c
0i
#4310785039
0t
0s
0r
1y
1c
0i
#4310785439
1t
0s
0r
1y
1c
0i
#4310786074
0t
0s
0r
1y
1c
0i
#4310786475
1t
0s
0r
1y
1c
0i
#4310787106
0t
0s
0r
1y
1c
0i
#4310787509
1t
0s
0r
1y
1c
0i
#4310788143
0t
0s
0r
1y
1c
0i
#4310788544
1t
0s
0r
1y
0c
0i
#4310789182
0t
0s
0r
1y
0c
1i
#4310789583
1t
0s
0r
1y
0c
1i
#4310790218
0t
0s
0r
1y
0c
1i
#4310790621
1t
0s
0r
1y
0c
1i
#4310791258
0t
0s
0r
1y
0c
1i
#4310791661
1t
0s
0r
1y
0c
1i
#4310792301
0t
0s
0r
1y
0c
0i
#4310792703
1t
0s
0r
1y
0c
0i
#4310793339
0t
0s
0r
1y
0c
0i
#4310793742
1t
0s
0r
1y
0c
0i
#4310794378
0t
0s
0r
1y
0c
0i
#4310794780
1t
0s
0r
1y
0c
0i
#4310795419
0t
0s
0r
1y
0c
0i
#4310795820
1t
0s
0r
1y
0c
0i
#4310796455
0t
0s
0r
1y
0c
0i
#4310796858
1t
0s
0r
1y
0c
0i
#4310797493
0t
0s
0r
1y
0c
0i
#4310797895
1t
0s
0r
1y
0c
0i
#4310798533
0t
0s
0r
1y
0c
0i
#4310798933
1t
0s
0r
1y
0c
0i
#4310799568
0t
0s
0r
1y
0c
0i
#4310799970
1t
0s
0r
1y
0c
0i
#4310800605
0t
0s
0r
1y
0c
0i
#4310801005
1t
0s
0r
1y
0c
0i
#4310801643
0t
0s
0r
1y
0c
0i
#4310802042
1t
0s
0r
1y
0c
0i
#4310802675
0t
0s
0r
1y
0c
0i
#4310803076
1t
0s
0r
1y
0c
0i
#4310803710
0t
0s
0r
1y
0c
0i
#4310804110
1t
0s
0r
1y
0c
0i
#4310804746
0t
0s
0r
1y
0c
0i
#4310805144
1t
0s
0r
1y
0c
0i
#4310805776
0t
0s
0r
1y
0c
0i
#4310806177
1t
0s
0r
1y
0c
0i
#4310806809
0t
0s
0r
1y
0c
0i
#4310807210
1t
0s
0r
1y
0c
0i
#4310807845
0t
0s
0r
1y
0c
0i
#4310808244
1t
0s
0r
1y
0c
0i
#4310808874
0t
0s
0r
1y
0c
0i
#4310809275
1t
0s
0r
1y
0c
0i
#4310809907
0t
0s
0r
1y
0c
0i
#4310810307
1t
0s
0r
1y
0c
0i
#4310810942
0t
0s
0r
1y
0c
0i
#4310811340
1t
0s
0r
1y
0c
0i
#4310811970
0t
0s
0r
1y
0c
0i
#4310812372
1t
0s
0r
1y
0c
0i
#4310813002
0t
0s
0r
1y
0c
0i
#4310813403
1t
0s
0r
1y
0c
0i
#4310814036
0t
0s
0r
1y
0c
0i
#4310814436
1t
0s
0r
1y
0c
0i
#4310815065
0t
0s
0r
1y
0c
0i
#4310815466
1t
0s
0r
1y
0c
0i
#4310816097
0t
0s
0r
1y
0c
0i
#4310816498
1t
0s
0r
1y
0c
0i
#4310817130
0t
0s
0r
1y
0c
0i
#4310817532
1t
0s
0r
1y
0c
0i
#4310818161
0t
0s
0r
1y
0c
0i
#4310818564
1t
0s
0r
1y
0c
0i
#4310819195
0t
0s
0r
1y
0c
0i
#4310819598
1t
0s
0r
1y
1c
0i
#4310820234
0t
0s
0r
1y
1c
1i
#4310820635
1t
0s
0r
1y
1c
1i
#4310821267
0t
0s
0r
1y
1c
1i
#4310821671
1t
0s
0r
1y
1c
1i
#4310822306
0t
0s
0r
1y
1c
1i
#4310822710
1t
0s
0r
1y
1c
1i
#4310823348
0t
0s
0r
1y
1c
0i
#4310823750
1t
0s
0r
1y
1c
0i
#4310824383
0t
0s
0r
1y
1c
0i
#4310824787
1t
0s
0r
1y
1c
0i
#4310825422
0t
0s
0r
1y
1c
0i
#4310825825
1t
0s
0r
1y
1c
0i
#4310826462
0t
0s
0r
1y
1c
0i
#4310826864
1t
0s
0r
1y
1c
0i
#4310827496
0t
0s
0r
1y
1c
0i
#4310827901
1t
0s
0r
1y
1c
0i
#4310828534
0t
0s
0r
1y
1c
0i
#4310828939
1t
0s
0r
1y
1c
0i
#4310829574
0t
0s
0r
1y
1c
0i
#4310829978
1t
0s
0r
1y
1c
0i
#4310830610
0t
0s
0r
1y
1c
0i
#4310831015
1t
0s
0r
1y
1c
0i
#4310831649
0t
0s
0r
1y
1c
0i
#4310832054
1t
0s
0r
1y
1c
0i
#4310832691
0t
0s
0r
1y
1c
0i
#4310833096
1t
0s
0r
1y
1c
0i
#4310833729
0t
0s
0r
1y
1c
0i
#4310834136
1t
0s
0r
1y
1c
0i
#4310834771
0t
0s
0r
1y
1c
0i
#4310835176
1t
0s
0r
1y
1c
0i
#4310835815
0t
0s
0r
1y
1c
0i
#4310836219
1t
0s
0r
1y
1c
0i
#4310837875
0t
0s
0r
1y
1c
0i
#4310839036
1t
0s
0r
1y
1c
0i
#4310839990
0t
0s
0r
1y
1c
0i
#4310840383
1t
0s
0r
1y
1c
0i
#4310841023
0t
0s
0r
1y
1c
0i
#4310841424
1t
0s
0r
1y
1c
0i
#4310842061
0t
0s
0r
1y
1c
0i
#4310842465
1t
0s
0r
1y
1c
0i
#4310843101
0t
0s
0r
1y
1c
0i
#4310843505
1t
0s
0r
1y
1c
0i
#4310844141
0t
0s
0r
1y
1c
0i
#4310844544
1t
0s
0r
1y
1c
0i
#4310845182
0t
0s
0r
1y
1c
0i
#4310845584
1t
0s
0r
1y
1c
0i
#4310846218
0t
0s
0r
1y
1c
0i
#4310846622
1t
0s
0r
1y
1c
0i
#4310847258
0t
0s
0r
1y
1c
0i
#4310847660
1t
0s
0r
1y
1c
0i
#4310848298
0t
0s
0r
1y
1c
0i
#4310848702
1t
0s
0r
1y
1c
0i
#4310849336
0t
0s
0r
1y
1c
0i
#4310849741
1t
0s
0r
1y
1c
0i
#4310850378
0t
0s
0r
1y
1c
0i
#4310850782
1t
0s
0r
1y
0c
0i
#4310851424
0t
0s
0r
1y
0c
1i
#4310851826
1t
0s
0r
1y
0c
1i
#4310852465
0t
0s
0r
1y
0c
1i
#4310852870
1t
0s
0r
1y
0c
1i
#4310853512
0t
0s
0r
1y
0c
1i
#4310853843
0t
0s
1r
1y
0c
1i
#4310853845
0t
0s
0r
1y
0c
1i
#4310853916
1t
0s
0r
1y
0c
1i
#4310854560
0t
0s
0r
1y
0c
0i
#4310854964
1t
0s
0r
1y
0c
0i
#4310855604
0t
0s
0r
1y
0c
0i
#4310856009
1t
0s
0r
1y
0c
0i
#4310856650
0t
0s
0r
1y
0c
0i
#4310857054
1t
0s
0r
1y
0c
0i
#4310857698
0t
0s
0r
1y
0c
0i
#4310858100
1t
0s
0r
1y
0c
0i
#4310858740
0t
0s
0r
1y
0c
0i
#4310859145
1t
0s
0r
1y
0c
0i
#4310859785
0t
0s
0r
1y
0c
0i
#4310860190
1t
0s
0r
1y
0c
0i
#4310860833
0t
0s
0r
1y
0c
0i
#4310861236
1t
0s
0r
1y
0c
0i
#4310861878
0t
0s
0r
1y
0c
0i
#4310862282
1t
0s
0r
1y
0c
0i
#4310862924
0t
0s
0r
1y
0c
0i
#4310863328
1t
0s
0r
1y
0c
0i
#4310863974
0t
0s
0r
1y
0c
0i
#4310864377
1t
0s
0r
1y
0c
0i
#4310865019
0t
0s
0r
1y
0c
0i
#4310865423
1t
0s
0r
1y
0c
0i
#4310866067
0t
0s
0r
1y
0c
0i
#4310866471
1t
0s
0r
1y
0c
0i
#4310867118
0t
0s
0r
1y
0c
0i
#4310867521
1t
0s
0r
1y
0c
0i
#4310868164
0t
0s
0r
1y
0c
0i
#4310868569
1t
0s
0r
1y
0c
0i
#4310869211
0t
0s
0r
1y
0c
0i
#4310869618
1t
0s
0r
1y
0c
0i
#4310870263
0t
0s
0r
1y
0c
0i
#4310870667
1t
0s
0r
1y
0c
0i
#4310871308
0t
0s
0r
1y
0c
0i
#4310871714
1t
0s
0r
1y
0c
0i
#4310872355
0t
0s
0r
1y
0c
0i
#4310872761
1t
0s
0r
1y
0c
0i
#4310873406
0t
0s
0r
1y
0c
0i
#4310873809
1t
0s
0r
1y
0c
0i
#4310874448
0t
0s
0r
1y
0c
0i
#4310874855
1t
0s
0r
1y
0c
0i
#4310875495
0t
0s
0r
1y
0c
0i
#4310875901
1t
0s
0r
1y
0c
0i
#4310876544
0t
0s
0r
1y
0c
0i
#4310876949
1t
0s
0r
1y
0c
0i
#4310877588
0t
0s
0r
1y
0c
0i
#4310877994
1t
0s
0r
1y
0c
0i
#4310878634
0t
0s
0r
1y
0c
0i
#4310879040
1t
0s
0r
1y
0c
0i
#4310879683
0t
0s
0r
1y
0c
0i
#4310880090
1t
0s
0r
1y
0c
0i
#4310880728
0t
0s
0r
1y
0c
0i
#4310881137
1t
0s
0r
1y
0c
0i
#4310881778
0t
0s
0r
1y
1c
0i
#4310882186
1t
0s
0r
1y
1c
0i
#4310882832
0t
0s
0r
1y
1c
1i
#4310883238
1t
0s
0r
1y
1c
1i
#4310883881
0t
0s
0r
1y
1c
1i
#4310884290
1t
0s
0r
1y
1c
1i
#4310884936
0t
0s
0r
1y
1c
1i
#4310885345
1t
0s
0r
1y
1c
1i
#4310885993
0t
0s
0r
1y
1c
0i
#4310886401
1t
0s
0r
1y
1c
0i
#4310887045
0t
0s
0r
1y
1c
0i
#4310887454
1t
0s
0r
1y
1c
0i
#4310888099
0t
0s
0r
1y
1c
0i
#4310888507
1t
0s
0r
1y
1c
0i
#4310889154
0t
0s
0r
1y
1c
0i
#4310889562
1t
0s
0r
1y
1c
0i
#4310890204
0t
0s
0r
1y
1c
0i
#4310890614
1t
0s
0r
1y
1c
0i
#4310891256
0t
0s
0r
1y
1c
0i
#4310891666
1t
0s
0r
1y
1c
0i
#4310892312
0t
0s
0r
1y
1c
0i
#4310892720
1t
0s
0r
1y
1c
0i
#4310893361
0t
0s
0r
1y
1c
0i
#4310893771
1t
0s
0r
1y
1c
0i
#4310894413
0t
0s
0r
1y
1c
0i
#4310894822
1t
0s
0r
1y
1c
0i
#4310895466
0t
0s
0r
1y
1c
0i
#4310895875
1t
0s
0r
1y
1c
0i
#4310896516
0t
0s
0r
1y
1c
0i
#4310896926
1t
0s
0r
1y
1c
0i
#4310897567
0t
0s
0r
1y
1c
0i
#4310897976
1t
0s
0r
1y
1c
0i
#4310898621
0t
0s
0r
1y
1c
0i
#4310899028
1t
0s
0r
1y
1c
0i
#4310900698
0t
0s
0r
1y
1c
0i
#4310901867
1t
0s
0r
1y
1c
0i
#4310902830
0t
0s
0r
1y
1c
0i
#4310903224
1t
0s
0r
1y
1c
0i
#4310903869
0t
0s
0r
1y
1c
0i
#4310904274
1t
0s
0r
1y
1c
0i
#4310904916
0t
0s
0r
1y
1c
0i
#4310905323
1t
0s
0r
1y
1c
0i
#4310905965
0t
0s
0r
1y
1c
0i
#4310906372
1t
0s
0r
1y
1c
0i
#4310907013
0t
0s
0r
1y
1c
0i
#4310907419
1t
0s
0r
1y
1c
0i
#4310908063
0t
0s
0r
1y
1c
0i
#4310908467
1t
0s
0r
1y
1c
0i
#4310909107
0t
0s
0r
1y
1c
0i
#4310909513
1t
0s
0r
1y
1c
0i
#4310910155
0t
0s
0r
1y
1c
0i
#4310910560
1t
0s
0r
1y
1c
0i
#4310911203
0t
0s
0r
1y
1c
0i
#4310911609
1t
0s
0r
1y
1c
0i
#4310912249
0t
0s
0r
1y
0c
0i
#4310912657
1t
0s
0r
1y
0c
0i
#4310913300
0t
0s
0r
1y
0c
0i
#4310913706
1t
0s
0r
1y
0c
0i
#4310914353
0t
0s
0r
1y
0c
1i
#4310914759
1t
0s
0r
1y
0c
1i
#4310915404
0t
0s
0r
1y
0c
1i
#4310915811
1t
0s
0r
1y
0c
1i
#4310916457
0t
0s
0r
1y
0c
1i
#4310916866
1t
0s
0r
1y
0c
1i
#4310917515
0t
0s
0r
1y
0c
0i
#4310917922
1t
0s
0r
1y
0c
0i
#4310918567
0t
0s
0r
1y
0c
0i
#4310918975
1t
0s
0r
1y
0c
0i
#4310919622
0t
0s
0r
1y
0c
0i
#4310920028
1t
0s
0r
1y
0c
0i
#4310920676
0t
0s
0r
1y
0c
0i
#4310921081
1t
0s
0r
1y
0c
0i
#4310921723
0t
0s
0r
1y
0c
0i
#4310922131
1t
0s
0r
1y
0c
0i
#4310922772
0t
0s
0r
1y
0c
0i
#4310923177
1t
0s
0r
1y
0c
0i
#4310923819
0t
0s
0r
1y
0c
0i
#4310924221
1t
0s
0r
1y
0c
0i
#4310924857
0t
0s
0r
1y
0c
0i
#4310925260
1t
0s
0r
1y
0c
0i
#4310925896
0t
0s
0r
1y
0c
0i
#4310926297
1t
0s
0r
1y
0c
0i
#4310926934
0t
0s
0r
1y
0c
0i
#4310927334
1t
0s
0r
1y
0c
0i
#4310927966
0t
0s
0r
1y
0c
0i
#4310928367
1t
0s
0r
1y
0c
0i
#4310929001
0t
0s
0r
1y
0c
0i
#4310929401
1t
0s
0r
1y
0c
0i
#4310930039
0t
0s
0r
1y
0c
0i
#4310930437
1t
0s
0r
1y
0c
0i
#4310931071
0t
0s
0r
1y
0c
0i
#4310931472
1t
0s
0r
1y
0c
0i
#4310932106
0t
0s
0r
1y
0c
0i
#4310932509
1t
0s
0r
1y
0c
0i
#4310933145
0t
0s
0r
1y
0c
0i
#4310933546
1t
0s
0r
1y
0c
0i
#4310934178
0t
0s
0r
1y
0c
0i
#4310934581
1t
0s
0r
1y
0c
0i
#4310935215
0t
0s
0r
1y
0c
0i
#4310935617
1t
0s
0r
1y
0c
0i
#4310936253
0t
0s
0r
1y
0c
0i
#4310936653
1t
0s
0r
1y
0c
0i
#4310937285
0t
0s
0r
1y
0c
0i
#4310937688
1t
0s
0r
1y
0c
0i
#4310938320
0t
0s
0r
1y
0c
0i
#4310938723
1t
0s
0r
1y
0c
0i
#4310939358
0t
0s
0r
1y
0c
0i
#4310939759
1t
0s
0r
1y
0c
0i
#4310940390
0t
0s
0r
1y
0c
0i
#4310940792
1t
0s
0r
1y
0c
0i
#4310941424
0t
0s
0r
1y
0c
0i
#4310941826
1t
0s
0r
1y
0c
0i
#4310942461
0t
0s
0r
1y
0c
0i
#4310942864
1t
0s
0r
1y
0c
0i
#4310943494
0t
0s
0r
1y
0c
0i
#4310943898
1t
0s
0r
1y
0c
0i
#4310944531
0t
0s
0r
1y
1c
0i
#4310944935
1t
0s
0r
1y
1c
0i
#4310945572
0t
0s
0r
1y
1c
1i
#4310945975
1t
0s
0r
1y
1c
1i
#4310946610
0t
0s
0r
1y
1c
1i
#4310947015
1t
0s
0r
1y
1c
1i
#4310947652
0t
0s
0r
1y
1c
1i
#4310948057
1t
0s
0r
1y
1c
1i
#4310948697
0t
0s
0r
1y
1c
0i
#4310949101
1t
0s
0r
1y
1c
0i
#4310949736
0t
0s
0r
1y
1c
0i
#4310950142
1t
0s
0r
1y
1c
0i
#4310950779
0t
0s
0r
1y
1c
0i
#4310951183
1t
0s
0r
1y
1c
0i
#4310951823
0t
0s
0r
1y
1c
0i
#4310952227
1t
0s
0r
1y
1c
0i
#4310952861
0t
0s
0r
1y
1c
0i
#4310953268
1t
0s
0r
1y
1c
0i
#4310953903
0t
0s
0r
1y
1c
0i
#4310954309
1t
0s
0r
1y
1c
0i
#4310954948
0t
0s
0r
1y
1c
0i
#4310955353
1t
0s
0r
1y
1c
0i
#4310955989
0t
0s
0r
1y
1c
0i
#4310956395
1t
0s
0r
1y
1c
0i
#4310957032
0t
0s
0r
1y
1c
0i
#4310957438
1t
0s
0r
1y
1c
0i
#4310958078
0t
0s
0r
1y
1c
0i
#4310958485
1t
0s
0r
1y
1c
0i
#4310959121
0t
0s
0r
1y
1c
0i
#4310959529
1t
0s
0r
1y
1c
0i
#4310960167
0t
0s
0r
1y
1c
0i
#4310960574
1t
0s
0r
1y
1c
0i
#4310961214
0t
0s
0r
1y
1c
0i
#4310961620
1t
0s
0r
1y
1c
0i
#4310963282
0t
0s
0r
1y
1c
0i
#4310964447
1t
0s
0r
1y
1c
0i
#4310965403
0t
0s
0r
1y
1c
0i
#4310965796
1t
0s
0r
1y
1c
0i
#4310966438
0t
0s
0r
1y
1c
0i
#4310966841
1t
0s
0r
1y
1c
0i
#4310967480
0t
0s
0r
1y
1c
0i
#4310967884
1t
0s
0r
1y
1c
0i
#4310968522
0t
0s
0r
1y
1c
0i
#4310968928
1t
0s
0r
1y
1c
0i
#4310969565
0t
0s
0r
1y
1c
0i
#4310969970
1t
0s
0r
1y
1c
0i
#4310970610
0t
0s
0r
1y
1c
0i
#4310971013
1t
0s
0r
1y
1c
0i
#4310971649
0t
0s
0r
1y
1c
0i
#4310972054
1t
0s
0r
1y
1c
0i
#4310972692
0t
0s
0r
1y
1c
0i
#4310973096
1t
0s
0r
1y
1c
0i
#4310973736
0t
0s
0r
1y
1c
0i
#4310974141
1t
0s
0r
1y
1c
0i
#4310974778
0t
0s
0r
1y
1c
0i
#4310975183
1t
0s
0r
1y
1c
0i
#4310975823
0t
0s
0r
1y
0c
0i
#4310976228
1t
0s
0r
1y
0c
0i
#4310976872
0t
0s
0r
1y
0c
1i
#4310977276
1t
0s
0r
1y
0c
1i
#4310977918
0t
0s
0r
1y
0c
1i
#4310978324
1t
0s
0r
1y
0c
1i
#4310978967
0t
0s
0r
1y
0c
1i
#4310979374
1t
0s
0r
1y
0c
1i
#4310979436
1t
0s
1r
1y
0c
1i
#4310979438
1t
0s
0r
1y
0c
1i
#4310980020
0t
0s
0r
1y
0c
0i
#4310980425
1t
0s
0r
1y
0c
0i
#4310981067
0t
0s
0r
1y
0c
0i
#4310981474
1t
0s
0r
1y
0c
0i
#4310982117
0t
0s
0r
1y
0c
0i
#4310982523
1t
0s
0r
1y
0c
0i
#4310983168
0t
0s
0r
1y
0c
0i
#4310983572
1t
0s
0r
1y
0c
0i
#4310984213
0t
0s
0r
1y
0c
0i
#4310984620
1t
0s
0r
1y
0c
0i
#4310985261
0t
0s
0r
1y
0c
0i
#4310985667
1t
0s
0r
1y
0c
0i
#4310986312
0t
0s
0r
1y
0c
0i
#4310986715
1t
0s
0r
1y
0c
0i
#4310987357
0t
0s
0r
1y
0c
0i
#4310987761
1t
0s
0r
1y
0c
0i
#4310988404
0t
0s
0r
1y
0c
0i
#4310988808
1t
0s
0r
1y
0c
0i
#4310989453
0t
0s
0r
1y
0c
0i
#4310989855
1t
0s
0r
1y
0c
0i
#4310990496
0t
0s
0r
1y
0c
0i
#4310990900
1t
0s
0r
1y
0c
0i
#4310991542
0t
0s
0r
1y
0c
0i
#4310991945
1t
0s
0r
1y
0c
0i
#4310992589
0t
0s
0r
1y
0c
0i
#4310992992
1t
0s
0r
1y
0c
0i
#4310993632
0t
0s
0r
1y
0c
0i
#4310994037
1t
0s
0r
1y
0c
0i
#4310994677
0t
0s
0r
1y
0c
0i
#4310995082
1t
0s
0r
1y
0c
0i
#4310995725
0t
0s
0r
1y
0c
0i
#4310996128
1t
0s
0r
1y
0c
0i
#4310996767
0t
0s
0r
1y
0c
0i
#4310997172
1t
0s
0r
1y
0c
0i
#4310997812
0t
0s
0r
1y
0c
0i
#4310998216
1t
0s
0r
1y
0c
0i
#4310998860
0t
0s
0r
1y
0c
0i
#4310999262
1t
0s
0r
1y
0c
0i
#4310999901
0t
0s
0r
1y
0c
0i
#4311000306
1t
0s
0r
1y
0c
0i
#4311000945
0t
0s
0r
1y
0c
0i
#4311001350
1t
0s
0r
1y
0c
0i
#4311001992
0t
0s
0r
1y
0c
0i
#4311002396
1t
0s
0r
1y
0c
0i
#4311003034
0t
0s
0r
1y
0c
0i
#4311003439
1t
0s
0r
1y
0c
0i
#4311004079
0t
0s
0r
1y
0c
0i
#4311004484
1t
0s
0r
1y
0c
0i
#4311005126
0t
0s
0r
1y
0c
0i
#4311005532
1t
0s
0r
1y
0c
0i
#4311006169
0t
0s
0r
1y
0c
0i
#4311006577
1t
0s
0r
1y
0c
0i
#4311007218
0t
0s
0r
1y
1c
0i
#4311007625
1t
0s
0r
1y
1c
0i
#4311008271
0t
0s
0r
1y
1c
1i
#4311008677
1t
0s
0r
1y
1c
1i
#4311009319
0t
0s
0r
1y
1c
1i
#4311009728
1t
0s
0r
1y
1c
1i
#4311010373
0t
0s
0r
1y
1c
1i
#4311010781
1t
0s
0r
1y
1c
1i
#4311011430
0t
0s
0r
1y
1c
0i
#4311011837
1t
0s
0r
1y
1c
0i
#4311012480
0t
0s
0r
1y
1c
0i
#4311012889
1t
0s
0r
1y
1c
0i
#4311013534
0t
0s
0r
1y
1c
0i
#4311013942
1t
0s
0r
1y
1c
0i
#4311014588
0t
0s
0r
1y
1c
0i
#4311014996
1t
0s
0r
1y
1c
0i
#4311015636
0t
0s
0r
1y
1c
0i
#4311016047
1t
0s
0r
1y
1c
0i
#4311016689
0t
0s
0r
1y
1c
0i
#4311017099
1t
0s
0r
1y
1c
0i
#4311017745
0t
0s
0r
1y
1c
0i
#4311018153
1t
0s
0r
1y
1c
0i
#4311018795
0t
0s
0r
1y
1c
0i
#4311019205
1t
0s
0r
1y
1c
0i
#4311019849
0t
0s
0r
1y
1c
0i
#4311020258
1t
0s
0r
1y
1c
0i
#4311020905
0t
0s
0r
1y
1c
0i
#4311021315
1t
0s
0r
1y
1c
0i
#4311021958
0t
0s
0r
1y
1c
0i
#4311022370
1t
0s
0r
1y
1c
0i
#4311023015
0t
0s
0r
1y
1c
0i
#4311023426
1t
0s
0r
1y
1c
0i
#4311024074
0t
0s
0r
1y
1c
0i
#4311024484
1t
0s
0r
1y
1c
0i
#4311026164
0t
0s
0r
1y
1c
0i
#4311027342
1t
0s
0r
1y
1c
0i
#4311028310
0t
0s
0r
1y
1c
0i
#4311028707
1t
0s
0r
1y
1c
0i
#4311029357
0t
0s
0r
1y
1c
0i
#4311029764
1t
0s
0r
1y
1c
0i
#4311030411
0t
0s
0r
1y
1c
0i
#4311030820
1t
0s
0r
1y
1c
0i
#4311031466
0t
0s
0r
1y
1c
0i
#4311031876
1t
0s
0r
1y
1c
0i
#4311032521
0t
0s
0r
1y
1c
0i
#4311032930
1t
0s
0r
1y
1c
0i
#4311033578
0t
0s
0r
1y
1c
0i
#4311033985
1t
0s
0r
1y
1c
0i
#4311034630
0t
0s
0r
1y
1c
0i
#4311035038
1t
0s
0r
1y
1c
0i
#4311035685
0t
0s
0r
1y
1c
0i
#4311036092
1t
0s
0r
1y
1c
0i
#4311036741
0t
0s
0r
1y
1c
0i
#4311037150
1t
0s
0r
1y
1c
0i
#4311037794
0t
0s
0r
1y
0c
0i
#4311038205
1t
0s
0r
1y
0c
0i
#4311038852
0t
0s
0r
1y
0c
0i
#4311039262
1t
0s
0r
1y
0c
0i
#4311039914
0t
0s
0r
1y
0c
1i
#4311040322
1t
0s
0r
1y
0c
1i
#4311040972
0t
0s
0r
1y
0c
1i
#4311041382
1t
0s
0r
1y
0c
1i
#4311042034
0t
0s
0r
1y
0c
1i
#4311042444
1t
0s
0r
1y
0c
1i
#4311043099
0t
0s
0r
1y
0c
0i
#4311043508
1t
0s
0r
1y
0c
0i
#4311044157
0t
0s
0r
1y
0c
0i
#4311044568
1t
0s
0r
1y
0c
0i
#4311045219
0t
0s
0r
1y
0c
0i
#4311045628
1t
0s
0r
1y
0c
0i
#4311046280
0t
0s
0r
1y
0c
0i
#4311046687
1t
0s
0r
1y
0c
0i
#4311047333
0t
0s
0r
1y
0c
0i
#4311047743
1t
0s
0r
1y
0c
0i
#4311048387
0t
0s
0r
1y
0c
0i
#4311048794
1t
0s
0r
1y
0c
0i
#4311049439
0t
0s
0r
1y
0c
0i
#4311049844
1t
0s
0r
1y
0c
0i
#4311050484
0t
0s
0r
1y
0c
0i
#4311050888
1t
0s
0r
1y
0c
0i
#4311051528
0t
0s
0r
1y
0c
0i
#4311051930
1t
0s
0r
1y
0c
0i
#4311052572
0t
0s
0r
1y
0c
0i
#4311052973
1t
0s
0r
1y
0c
0i
#4311053609
0t
0s
0r
1y
0c
0i
#4311054012
1t
0s
0r
1y
0c
0i
#4311054650
0t
0s
0r
1y
0c
0i
#4311055052
1t
0s
0r
1y
0c
0i
#4311055693
0t
0s
0r
1y
0c
0i
#4311056094
1t
0s
0r
1y
0c
0i
#4311056732
0t
0s
0r
1y
0c
0i
#4311057135
1t
0s
0r
1y
0c
0i
#4311057773
0t
0s
0r
1y
0c
0i
#4311058178
1t
0s
0r
1y
0c
0i
#4311058819
0t
0s
0r
1y
0c
0i
#4311059222
1t
0s
0r
1y
0c
0i
#4311059859
0t
0s
0r
1y
0c
0i
#4311060263
1t
0s
0r
1y
0c
0i
#4311060902
0t
0s
0r
1y
0c
0i
#4311061306
1t
0s
0r
1y
0c
0i
#4311061947
0t
0s
0r
1y
0c
0i
#4311062350
1t
0s
0r
1y
0c
0i
#4311062986
0t
0s
0r
1y
0c
0i
#4311063391
1t
0s
0r
1y
0c
0i
#4311064028
0t
0s
0r
1y
0c
0i
#4311064433
1t
0s
0r
1y
0c
0i
#4311065072
0t
0s
0r
1y
0c
0i
#4311065476
1t
0s
0r
1y
0c
0i
#4311066111
0t
0s
0r
1y
0c
0i
#4311066515
1t
0s
0r
1y
0c
0i
#4311067152
0t
0s
0r
1y
0c
0i
#4311067556
1t
0s
0r
1y
0c
0i
#4311068195
0t
0s
0r
1y
0c
0i
#4311068600
1t
0s
0r
1y
0c
0i
#4311069235
0t
0s
0r
1y
0c
0i
#4311069642
1t
0s
0r
1y
0c
0i
#4311070279
0t
0s
0r
1y
1c
0i
#4311070685
1t
0s
0r
1y
1c
0i
#4311071326
0t
0s
0r
1y
1c
1i
#4311071732
1t
0s
0r
1y
1c
1i
#4311072371
0t
0s
0r
1y
1c
1i
#4311072778
1t
0s
0r
1y
1c
1i
#4311073419
0t
0s
0r
1y
1c
1i
#4311073826
1t
0s
0r
1y
1c
1i
#4311074471
0t
0s
0r
1y
1c
0i
#4311074877
1t
0s
0r
1y
1c
0i
#4311075517
0t
0s
0r
1y
1c
0i
#4311075924
1t
0s
0r
1y
1c
0i
#4311076566
0t
0s
0r
1y
1c
0i
#4311076972
1t
0s
0r
1y
1c
0i
#4311077616
0t
0s
0r
1y
1c
0i
#4311078022
1t
0s
0r
1y
1c
0i
#4311078659
0t
0s
0r
1y
1c
0i
#4311079068
1t
0s
0r
1y
1c
0i
#4311079707
0t
0s
0r
1y
1c
0i
#4311080114
1t
0s
0r
1y
1c
0i
#4311080755
0t
0s
0r
1y
1c
0i
#4311081160
1t
0s
0r
1y
1c
0i
#4311081796
0t
0s
0r
1y
1c
0i
#4311082203
1t
0s
0r
1y
1c
0i
#4311082840
0t
0s
0r
1y
1c
0i
#4311083245
1t
0s
0r
1y
1c
0i
#4311083883
0t
0s
0r
1y
1c
0i
#4311084288
1t
0s
0r
1y
1c
0i
#4311084921
0t
0s
0r
1y
1c
0i
#4311085328
1t
0s
0r
1y
1c
0i
#4311085962
0t
0s
0r
1y
1c
0i
#4311086367
1t
0s
0r
1y
1c
0i
#4311087004
0t
0s
0r
1y
1c
0i
#4311087408
1t
0s
0r
1y
1c
0i
#4311089059
0t
0s
0r
1y
1c
0i
#4311090217
1t
0s
0r
1y
1c
0i
#4311091170
0t
0s
0r
1y
1c
0i
#4311091561
1t
0s
0r
1y
1c
0i
#4311092199
0t
0s
0r
1y
1c
0i
#4311092600
1t
0s
0r
1y
1c
0i
#4311093236
0t
0s
0r
1y
1c
0i
#4311093639
1t
0s
0r
1y
1c
0i
#4311094274
0t
0s
0r
1y
1c
0i
#4311094678
1t
0s
0r
1y
1c
0i
#4311095312
0t
0s
0r
1y
1c
0i
#4311095715
1t
0s
0r
1y
1c
0i
#4311096352
0t
0s
0r
1y
1c
0i
#4311096753
1t
0s
0r
1y
1c
0i
#4311097387
0t
0s
0r
1y
1c
0i
#4311097789
1t
0s
0r
1y
1c
0i
#4311098424
0t
0s
0r
1y
1c
0i
#4311098826
1t
0s
0r
1y
1c
0i
#4311099463
0t
0s
0r
1y
1c
0i
#4311099866
1t
0s
0r
1y
1c
0i
#4311100499
0t
0s
0r
1y
1c
0i
#4311100903
1t
0s
0r
1y
1c
0i
#4311101538
0t
0s
0r
1y
0c
0i
#4311101941
1t
0s
0r
1y
0c
0i
#4311102582
0t
0s
0r
1y
0c
1i
#4311102983
1t
0s
0r
1y
0c
1i
#4311103621
0t
0s
0r
1y
0c
1i
#4311104025
1t
0s
0r
1y
0c
1i
#4311104664
0t
0s
0r
1y
0c
1i
#4311105068
1t
0s
0r
1y
0c
1i
#4311105249
1t
0s
1r
1y
0c
1i
#4311105252
1t
0s
0r
1y
0c
1i
#4311105710
0t
0s
0r
1y
0c
0i
#4311106114
1t
0s
0r
1y
0c
0i
#4311106752
0t
0s
0r
1y
0c
0i
#4311107156
1t
0s
0r
1y
0c
0i
#4311107796
0t
0s
0r
1y
0c
0i
#4311108199
1t
0s
0r
1y
0c
0i
#4311108841
0t
0s
0r
1y
0c
0i
#4311109243
1t
0s
0r
1y
0c
0i
#4311109881
0t
0s
0r
1y
0c
0i
#4311110285
1t
0s
0r
1y
0c
0i
#4311110923
0t
0s
0r
1y
0c
0i
#4311111326
1t
0s
0r
1y
0c
0i
#4311111966
0t
0s
0r
1y
0c
0i
#4311112368
1t
0s
0r
1y
0c
0i
#4311113005
0t
0s
0r
1y
0c
0i
#4311113407
1t
0s
0r
1y
0c
0i
#4311114045
0t
0s
0r
1y
0c
0i
#4311114446
1t
0s
0r
1y
0c
0i
#4311115086
0t
0s
0r
1y
0c
0i
#4311115486
1t
0s
0r
1y
0c
0i
#4311116121
0t
0s
0r
1y
0c
0i
#4311116522
1t
0s
0r
1y
0c
0i
#4311117158
0t
0s
0r
1y
0c
0i
#4311117559
1t
0s
0r
1y
0c
0i
#4311118198
0t
0s
0r
1y
0c
0i
#4311118598
1t
0s
0r
1y
0c
0i
#4311119233
0t
0s
0r
1y
0c
0i
#4311119634
1t
0s
0r
1y
0c
0i
#4311120270
0t
0s
0r
1y
0c
0i
#4311120672
1t
0s
0r
1y
0c
0i
#4311121309
0t
0s
0r
1y
0c
0i
#4311121710
1t
0s
0r
1y
0c
0i
#4311122343
0t
0s
0r
1y
0c
0i
#4311122745
1t
0s
0r
1y
0c
0i
#4311123380
0t
0s
0r
1y
0c
0i
#4311123781
1t
0s
0r
1y
0c
0i
#4311124418
0t
0s
0r
1y
0c
0i
#4311124818
1t
0s
0r
1y
0c
0i
#4311125451
0t
0s
0r
1y
0c
0i
#4311125854
1t
0s
0r
1y
0c
0i
#4311126487
0t
0s
0r
1y
0c
0i
#4311126889
1t
0s
0r
1y
0c
0i
#4311127524
0t
0s
0r
1y
0c
0i
#4311127926
1t
0s
0r
1y
0c
0i
#4311128557
0t
0s
0r
1y
0c
0i
#4311128960
1t
0s
0r
1y
0c
0i
#4311129593
0t
0s
0r
1y
0c
0i
#4311129995
1t
0s
0r
1y
0c
0i
#4311130631
0t
0s
0r
1y
0c
0i
#4311131034
1t
0s
0r
1y
0c
0i
#4311131665
0t
0s
0r
1y
0c
0i
#4311132070
1t
0s
0r
1y
0c
0i
#4311132704
0t
0s
0r
1y
1c
0i
#4311133108
1t
0s
0r
1y
1c
0i
#4311133747
0t
0s
0r
1y
1c
1i
#4311134150
1t
0s
0r
1y
1c
1i
#4311134786
0t
0s
0r
1y
1c
1i
#4311135192
1t
0s
0r
1y
1c
1i
#4311135830
0t
0s
0r
1y
1c
1i
#4311136235
1t
0s
0r
1y
1c
1i
#4311136877
0t
0s
0r
1y
1c
0i
#4311137281
1t
0s
0r
1y
1c
0i
#4311137918
0t
0s
0r
1y
1c
0i
#4311138323
1t
0s
0r
1y
1c
0i
#4311138962
0t
0s
0r
1y
1c
0i
#4311139367
1t
0s
0r
1y
1c
0i
#4311140007
0t
0s
0r
1y
1c
0i
#4311140411
1t
0s
0r
1y
1c
0i
#4311141046
0t
0s
0r
1y
1c
0i
#4311141454
1t
0s
0r
1y
1c
0i
#4311142090
0t
0s
0r
1y
1c
0i
#4311142496
1t
0s
0r
1y
1c
0i
#4311143136
0t
0s
0r
1y
1c
0i
#4311143540
1t
0s
0r
1y
1c
0i
#4311144176
0t
0s
0r
1y
1c
0i
#4311144583
1t
0s
0r
1y
1c
0i
#4311145220
0t
0s
0r
1y
1c
0i
#4311145626
1t
0s
0r
1y
1c
0i
#4311146266
0t
0s
0r
1y
1c
0i
#4311146673
1t
0s
0r
1y
1c
0i
#4311147308
0t
0s
0r
1y
1c
0i
#4311147717
1t
0s
0r
1y
1c
0i
#4311148354
0t
0s
0r
1y
1c
0i
#4311148762
1t
0s
0r
1y
1c
0i
#4311149403
0t
0s
0r
1y
1c
0i
#4311149809
1t
0s
0r
1y
1c
0i
#4311151470
0t
0s
0r
1y
1c
0i
#4311152634
1t
0s
0r
1y
1c
0i
#4311153593
0t
0s
0r
1y
1c
0i
#4311153986
1t
0s
0r
1y
1c
0i
#4311154627
0t
0s
0r
1y
1c
0i
#4311155031
1t
0s
0r
1y
1c
0i
#4311155670
0t
0s
0r
1y
1c
0i
#4311156075
1t
0s
0r
1y
1c
0i
#4311156713
0t
0s
0r
1y
1c
0i
#4311157119
1t
0s
0r
1y
1c
0i
#4311157757
0t
0s
0r
1y
1c
0i
#4311158161
1t
0s
0r
1y
1c
0i
#4311158802
0t
0s
0r
1y
1c
0i
#4311159205
1t
0s
0r
1y
1c
0i
#4311159842
0t
0s
0r
1y
1c
0i
#4311160247
1t
0s
0r
1y
1c
0i
#4311160885
0t
0s
0r
1y
1c
0i
#4311161289
1t
0s
0r
1y
1c
0i
#4311161930
0t
0s
0r
1y
1c
0i
#4311162334
1t
0s
0r
1y
1c
0i
#4311162971
0t
0s
0r
1y
0c
0i
#4311163377
1t
0s
0r
1y
0c
0i
#4311164017
0t
0s
0r
1y
0c
0i
#4311164422
1t
0s
0r
1y
0c
0i
#4311165066
0t
0s
0r
1y
0c
1i
#4311165471
1t
0s
0r
1y
0c
1i
#4311166113
0t
0s
0r
1y
0c
1i
#4311166518
1t
0s
0r
1y
0c
1i
#4311167162
0t
0s
0r
1y
0c
1i
#4311167569
1t
0s
0r
1y
0c
1i
#4311168215
0t
0s
0r
1y
0c
0i
#4311168621
1t
0s
0r
1y
0c
0i
#4311169263
0t
0s
0r
1y
0c
0i
#4311169670
1t
0s
0r
1y
0c
0i
#4311170312
0t
0s
0r
1y
0c
0i
#4311170718
1t
0s
0r
1y
0c
0i
#4311171363
0t
0s
0r
1y
0c
0i
#4311171767
1t
0s
0r
1y
0c
0i
#4311172407
0t
0s
0r
1y
0c
0i
#4311172813
1t
0s
0r
1y
0c
0i
#4311173453
0t
0s
0r
1y
0c
0i
#4311173857
1t
0s
0r
1y
0c
0i
#4311174498
0t
0s
0r
1y
0c
0i
#4311174900
1t
0s
0r
1y
0c
0i
#4311175537
0t
0s
0r
1y
0c
0i
#4311175940
1t
0s
0r
1y
0c
0i
#4311176577
0t
0s
0r
1y
0c
0i
#4311176979
1t
0s
0r
1y
0c
0i
#4311177618
0t
0s
0r
1y
0c
0i
#4311178018
1t
0s
0r
1y
0c
0i
#4311178651
0t
0s
0r
1y
0c
0i
#4311179053
1t
0s
0r
1y
0c
0i
#4311179688
0t
0s
0r
1y
0c
0i
#4311180089
1t
0s
0r
1y
0c
0i
#4311180726
0t
0s
0r
1y
0c
0i
#4311181126
1t
0s
0r
1y
0c
0i
#4311181759
0t
0s
0r
1y
0c
0i
#4311182161
1t
0s
0r
1y
0c
0i
#4311182795
0t
0s
0r
1y
0c
0i
#4311183198
1t
0s
0r
1y
0c
0i
#4311183834
0t
0s
0r
1y
0c
0i
#4311184235
1t
0s
0r
1y
0c
0i
#4311184867
0t
0s
0r
1y
0c
0i
#4311185269
1t
0s
0r
1y
0c
0i
#4311185903
0t
0s
0r
1y
0c
0i
#4311186304
1t
0s
0r
1y
0c
0i
#4311186941
0t
0s
0r
1y
0c
0i
#4311187341
1t
0s
0r
1y
0c
0i
#4311187972
0t
0s
0r
1y
0c
0i
#4311188375
1t
0s
0r
1y
0c
0i
#4311189007
0t
0s
0r
1y
0c
0i
#4311189410
1t
0s
0r
1y
0c
0i
#4311190044
0t
0s
0r
1y
0c
0i
#4311190445
1t
0s
0r
1y
0c
0i
#4311191076
0t
0s
0r
1y
0c
0i
#4311191478
1t
0s
0r
1y
0c
0i
#4311192110
0t
0s
0r
1y
0c
0i
#4311192512
1t
0s
0r
1y
0c
0i
#4311193147
0t
0s
0r
1y
0c
0i
#4311193549
1t
0s
0r
1y
0c
0i
#4311194180
0t
0s
0r
1y
0c
0i
#4311194584
1t
0s
0r
1y
0c
0i
#4311195217
0t
0s
0r
1y
1c
0i
#4311195621
1t
0s
0r
1y
1c
0i
#4311196258
0t
0s
0r
1y
1c
1i
#4311196660
1t
0s
0r
1y
1c
1i
#4311197295
0t
0s
0r
1y
1c
1i
#4311197700
1t
0s
0r
1y
1c
1i
#4311198337
0t
0s
0r
1y
1c
1i
#4311198742
1t
0s
0r
1y
1c
1i
#4311199382
0t
0s
0r
1y
1c
0i
#4311199786
1t
0s
0r
1y
1c
0i
#4311200422
0t
0s
0r
1y
1c
0i
#4311200827
1t
0s
0r
1y
1c
0i
#4311201465
0t
0s
0r
1y
1c
0i
#4311201869
1t
0s
0r
1y
1c
0i
#4311202509
0t
0s
0r
1y
1c
0i
#4311202913
1t
0s
0r
1y
1c
0i
#4311203547
0t
0s
0r
1y
1c
0i
#4311203954
1t
0s
0r
1y
1c
0i
#4311204589
0t
0s
0r
1y
1c
0i
#4311204995
1t
0s
0r
1y
1c
0i
#4311205632
0t
0s
0r
1y
1c
0i
#4311206036
1t
0s
0r
1y
1c
0i
#4311206670
0t
0s
0r
1y
1c
0i
#4311207075
1t
0s
0r
1y
1c
0i
#4311207710
0t
0s
0r
1y
1c
0i
#4311208114
1t
0s
0r
1y
1c
0i
#4311208751
0t
0s
0r
1y
1c
0i
#4311209154
1t
0s
0r
1y
1c
0i
#4311209786
0t
0s
0r
1y
1c
0i
#4311210192
1t
0s
0r
1y
1c
0i
#4311210824
0t
0s
0r
1y
1c
0i
#4311211229
1t
0s
0r
1y
1c
0i
#4311211864
0t
0s
0r
1y
1c
0i
#4311212267
1t
0s
0r
1y
1c
0i
#4311213913
0t
0s
0r
1y
1c
0i
#4311215070
1t
0s
0r
1y
1c
0i
#4311216018
0t
0s
0r
1y
1c
0i
#4311216409
1t
0s
0r
1y
1c
0i
#4311217045
0t
0s
0r
1y
1c
0i
#4311217445
1t
0s
0r
1y
1c
0i
#4311218079
0t
0s
0r
1y
1c
0i
#4311218481
1t
0s
0r
1y
1c
0i
#4311219115
0t
0s
0r
1y
1c
0i
#4311219517
1t
0s
0r
1y
1c
0i
#4311220150
0t
0s
0r
1y
1c
0i
#4311220552
1t
0s
0r
1y
1c
0i
#4311221188
0t
0s
0r
1y
1c
0i
#4311221588
1t
0s
0r
1y
1c
0i
#4311222219
0t
0s
0r
1y
1c
0i
#4311222621
1t
0s
0r
1y
1c
0i
#4311223255
0t
0s
0r
1y
1c
0i
#4311223656
1t
0s
0r
1y
1c
0i
#4311224291
0t
0s
0r
1y
1c
0i
#4311224693
1t
0s
0r
1y
1c
0i
#4311225325
0t
0s
0r
1y
1c
0i
#4311225729
1t
0s
0r
1y
1c
0i
#4311226363
0t
0s
0r
1y
1c
0i
#4311226766
1t
0s
0r
1y
0c
0i
#4311227405
0t
0s
0r
1y
0c
1i
#4311227806
1t
0s
0r
1y
0c
1i
#4311228442
0t
0s
0r
1y
0c
1i
#4311228846
1t
0s
0r
1y
0c
1i
#4311229484
0t
0s
0r
1y
0c
1i
#4311229888
1t
0s
0r
1y
0c
1i
#4311229992
1t
0s
1r
1y
0c
1i
#4311229994
1t
0s
0r
1y
0c
1i
#4311230528
0t
0s
0r
1y
0c
0i
#4311230931
1t
0s
0r
1y
0c
0i
#4311231568
0t
0s
0r
1y
0c
0i
#4311231971
1t
0s
0r
1y
0c
0i
#4311232609
0t
0s
0r
1y
0c
0i
#4311233012
1t
0s
0r
1y
0c
0i
#4311233653
0t
0s
0r
1y
0c
0i
#4311234053
1t
0s
0r
1y
0c
0i
#4311234690
0t
0s
0r
1y
0c
0i
#4311235094
1t
0s
0r
1y
0c
0i
#4311235731
0t
0s
0r
1y
0c
0i
#4311236134
1t
0s
0r
1y
0c
0i
#4311236775
0t
0s
0r
1y
0c
0i
#4311237177
1t
0s
0r
1y
0c
0i
#4311237815
0t
0s
0r
1y
0c
0i
#4311238219
1t
0s
0r
1y
0c
0i
#4311238859
0t
0s
0r
1y
0c
0i
#4311239262
1t
0s
0r
1y
0c
0i
#4311239907
0t
0s
0r
1y
0c
0i
#4311240309
1t
0s
0r
1y
0c
0i
#4311240950
0t
0s
0r
1y
0c
0i
#4311241355
1t
0s
0r
1y
0c
0i
#4311241999
0t
0s
0r
1y
0c
0i
#4311242403
1t
0s
0r
1y
0c
0i
#4311243050
0t
0s
0r
1y
0c
0i
#4311243454
1t
0s
0r
1y
0c
0i
#4311244099
0t
0s
0r
1y
0c
0i
#4311244505
1t
0s
0r
1y
0c
0i
#4311245149
0t
0s
0r
1y
0c
0i
#4311245557
1t
0s
0r
1y
0c
0i
#4311246204
0t
0s
0r
1y
0c
0i
#4311246610
1t
0s
0r
1y
0c
0i
#4311247253
0t
0s
0r
1y
0c
0i
#4311247660
1t
0s
0r
1y
0c
0i
#4311248305
0t
0s
0r
1y
0c
0i
#4311248712
1t
0s
0r
1y
0c
0i
#4311249359
0t
0s
0r
1y
0c
0i
#4311249765
1t
0s
0r
1y
0c
0i
#4311250407
0t
0s
0r
1y
0c
0i
#4311250815
1t
0s
0r
1y
0c
0i
#4311251458
0t
0s
0r
1y
0c
0i
#4311251866
1t
0s
0r
1y
0c
0i
#4311252512
0t
0s
0r
1y
0c
0i
#4311252918
1t
0s
0r
1y
0c
0i
#4311253560
0t
0s
0r
1y
0c
0i
#4311253968
1t
0s
0r
1y
0c
0i
#4311254611
0t
0s
0r
1y
0c
0i
#4311255019
1t
0s
0r
1y
0c
0i
#4311255665
0t
0s
0r
1y
0c
0i
#4311256073
1t
0s
0r
1y
0c
0i
#4311256715
0t
0s
0r
1y
0c
0i
#4311257126
1t
0s
0r
1y
0c
0i
#4311257771
0t
0s
0r
1y
1c
0i
#4311258180
1t
0s
0r
1y
1c
0i
#4311258830
0t
0s
0r
1y
1c
1i
#4311259239
1t
0s
0r
1y
1c
1i
#4311259886
0t
0s
0r
1y
1c
1i
#4311260297
1t
0s
0r
1y
1c
1i
#4311260946
0t
0s
0r
1y
1c
1i
#4311261358
1t
0s
0r
1y
1c
1i
#4311262011
0t
0s
0r
1y
1c
0i
#4311262420
1t
0s
0r
1y
1c
0i
#4311263068
0t
0s
0r
1y
1c
0i
#4311263479
1t
0s
0r
1y
1c
0i
#4311264128
0t
0s
0r
1y
1c
0i
#4311264538
1t
0s
0r
1y
1c
0i
#4311265190
0t
0s
0r
1y
1c
0i
#4311265598
1t
0s
0r
1y
1c
0i
#4311266243
0t
0s
0r
1y
1c
0i
#4311266656
1t
0s
0r
1y
1c
0i
#4311267301
0t
0s
0r
1y
1c
0i
#4311267712
1t
0s
0r
1y
1c
0i
#4311268359
0t
0s
0r
1y
1c
0i
#4311268769
1t
0s
0r
1y
1c
0i
#4311269411
0t
0s
0r
1y
1c
0i
#4311269822
1t
0s
0r
1y
1c
0i
#4311270465
0t
0s
0r
1y
1c
0i
#4311270875
1t
0s
0r
1y
1c
0i
#4311271520
0t
0s
0r
1y
1c
0i
#4311271929
1t
0s
0r
1y
1c
0i
#4311272570
0t
0s
0r
1y
1c
0i
#4311272981
1t
0s
0r
1y
1c
0i
#4311273623
0t
0s
0r
1y
1c
0i
#4311274032
1t
0s
0r
1y
1c
0i
#4311274677
0t
0s
0r
1y
1c
0i
#4311275084
1t
0s
0r
1y
1c
0i
#4311276756
0t
0s
0r
1y
1c
0i
#4311277927
1t
0s
0r
1y
1c
0i
#4311278892
0t
0s
0r
1y
1c
0i
#4311279287
1t
0s
0r
1y
1c
0i
#4311279934
0t
0s
0r
1y
1c
0i
#4311280340
1t
0s
0r
1y
1c
0i
#4311280984
0t
0s
0r
1y
1c
0i
#4311281391
1t
0s
0r
1y
1c
0i
#4311282035
0t
0s
0r
1y
1c
0i
#4311282443
1t
0s
0r
1y
1c
0i
#4311283086
0t
0s
0r
1y
1c
0i
#4311283493
1t
0s
0r
1y
1c
0i
#4311284139
0t
0s
0r
1y
1c
0i
#4311284545
1t
0s
0r
1y
1c
0i
#4311285186
0t
0s
0r
1y
1c
0i
#4311285593
1t
0s
0r
1y
1c
0i
#4311286237
0t
0s
0r
1y
1c
0i
#4311286644
1t
0s
0r
1y
1c
0i
#4311287289
0t
0s
0r
1y
1c
0i
#4311287696
1t
0s
0r
1y
1c
0i
#4311288338
0t
0s
0r
1y
0c
0i
#4311288747
1t
0s
0r
1y
0c
0i
#4311289391
0t
0s
0r
1y
0c
0i
#4311289799
1t
0s
0r
1y
0c
0i
#4311290448
0t
0s
0r
1y
0c
1i
#4311290854
1t
0s
0r
1y
0c
1i
#4311291501
0t
0s
0r
1y
0c
1i
#4311291909
1t
0s
0r
1y
0c
1i
#4311292557
0t
0s
0r
1y
0c
1i
#4311292966
1t
0s
0r
1y
0c
1i
#4311293617
0t
0s
0r
1y
0c
0i
#4311294025
1t
0s
0r
1y
0c
0i
#4311294672
0t
0s
0r
1y
0c
0i
#4311295080
1t
0s
0r
1y
0c
0i
#4311295728
0t
0s
0r
1y
0c
0i
#4311296135
1t
0s
0r
1y
0c
0i
#4311296785
0t
0s
0r
1y
0c
0i
#4311297191
1t
0s
0r
1y
0c
0i
#4311297835
0t
0s
0r
1y
0c
0i
#4311298243
1t
0s
0r
1y
0c
0i
#4311298885
0t
0s
0r
1y
0c
0i
#4311299291
1t
0s
0r
1y
0c
0i
#4311299935
0t
0s
0r
1y
0c
0i
#4311300338
1t
0s
0r
1y
0c
0i
#4311300977
0t
0s
0r
1y
0c
0i
#4311301381
1t
0s
0r
1y
0c
0i
#4311302020
0t
0s
0r
1y
0c
0i
#4311302422
1t
0s
0r
1y
0c
0i
#4311303062
0t
0s
0r
1y
0c
0i
#4311303463
1t
0s
0r
1y
0c
0i
#4311304099
0t
0s
0r
1y
0c
0i
#4311304501
1t
0s
0r
1y
0c
0i
#4311305138
0t
0s
0r
1y
0c
0i
#4311305540
1t
0s
0r
1y
0c
0i
#4311306180
0t
0s
0r
1y
0c
0i
#4311306580
1t
0s
0r
1y
0c
0i
#4311307217
0t
0s
0r
1y
0c
0i
#4311307620
1t
0s
0r
1y
0c
0i
#4311308256
0t
0s
0r
1y
0c
0i
#4311308660
1t
0s
0r
1y
0c
0i
#4311309299
0t
0s
0r
1y
0c
0i
#4311309702
1t
0s
0r
1y
0c
0i
#4311310337
0t
0s
0r
1y
0c
0i
#4311310741
1t
0s
0r
1y
0c
0i
#4311311378
0t
0s
0r
1y
0c
0i
#4311311781
1t
0s
0r
1y
0c
0i
#4311312420
0t
0s
0r
1y
0c
0i
#4311312822
1t
0s
0r
1y
0c
0i
#4311313457
0t
0s
0r
1y
0c
0i
#4311313861
1t
0s
0r
1y
0c
0i
#4311314496
0t
0s
0r
1y
0c
0i
#4311314900
1t
0s
0r
1y
0c
0i
#4311315538
0t
0s
0r
1y
0c
0i
#4311315940
1t
0s
0r
1y
0c
0i
#4311316574
0t
0s
0r
1y
0c
0i
#4311316978
1t
0s
0r
1y
0c
0i
#4311317613
0t
0s
0r
1y
0c
0i
#4311318016
1t
0s
0r
1y
0c
0i
#4311318653
0t
0s
0r
1y
0c
0i
#4311319058
1t
0s
0r
1y
0c
0i
#4311319691
0t
0s
0r
1y
0c
0i
#4311320097
1t
0s
0r
1y
0c
0i
#4311320732
0t
0s
0r
1y
1c
0i
#4311321138
1t
0s
0r
1y
1c
0i
#4311321778
0t
0s
0r
1y
1c
1i
#4311322182
1t
0s
0r
1y
1c
1i
#4311322819
0t
0s
0r
1y
1c
1i
#4311323226
1t
0s
0r
1y
1c
1i
#4311323865
0t
0s
0r
1y
1c
1i
#4311324272
1t
0s
0r
1y
1c
1i
#4311324914
0t
0s
0r
1y
1c
0i
#4311325320
1t
0s
0r
1y
1c
0i
#4311325958
0t
0s
0r
1y
1c
0i
#4311326365
1t
0s
0r
1y
1c
0i
#4311327005
0t
0s
0r
1y
1c
0i
#4311327411
1t
0s
0r
1y
1c
0i
#4311328053
0t
0s
0r
1y
1c
0i
#4311328458
1t
0s
0r
1y
1c
0i
#4311329095
0t
0s
0r
1y
1c
0i
#4311329503
1t
0s
0r
1y
1c
0i
#4311330141
0t
0s
0r
1y
1c
0i
#4311330547
1t
0s
0r
1y
1c
0i
#4311331188
0t
0s
0r
1y
1c
0i
#4311331594
1t
0s
0r
1y
1c
0i
#4311332230
0t
0s
0r
1y
1c
0i
#4311332637
1t
0s
0r
1y
1c
0i
#4311333275
0t
0s
0r
1y
1c
0i
#4311333682
1t
0s
0r
1y
1c
0i
#4311334322
0t
0s
0r
1y
1c
0i
#4311334729
1t
0s
0r
1y
1c
0i
#4311335365
0t
0s
0r
1y
1c
0i
#4311335773
1t
0s
0r
1y
1c
0i
#4311336411
0t
0s
0r
1y
1c
0i
#4311336818
1t
0s
0r
1y
1c
0i
#4311337459
0t
0s
0r
1y
1c
0i
#4311337864
1t
0s
0r
1y
1c
0i
#4311339525
0t
0s
0r
1y
1c
0i
#4311340689
1t
0s
0r
1y
1c
0i
#4311341646
0t
0s
0r
1y
1c
0i
#4311342039
1t
0s
0r
1y
1c
0i
#4311342681
0t
0s
0r
1y
1c
0i
#4311343084
1t
0s
0r
1y
1c
0i
#4311343723
0t
0s
0r
1y
1c
0i
#4311344128
1t
0s
0r
1y
1c
0i
#4311344766
0t
0s
0r
1y
1c
0i
#4311345171
1t
0s
0r
1y
1c
0i
#4311345809
0t
0s
0r
1y
1c
0i
#4311346213
1t
0s
0r
1y
1c
0i
#4311346854
0t
0s
0r
1y
1c
0i
#4311347256
1t
0s
0r
1y
1c
0i
#4311347893
0t
0s
0r
1y
1c
0i
#4311348297
1t
0s
0r
1y
1c
0i
#4311348935
0t
0s
0r
1y
1c
0i
#4311349339
1t
0s
0r
1y
1c
0i
#4311349979
0t
0s
0r
1y
1c
0i
#4311350384
1t
0s
0r
1y
1c
0i
#4311351020
0t
0s
0r
1y
1c
0i
#4311351426
1t
0s
0r
1y
1c
0i
#4311352065
0t
0s
0r
1y
1c
0i
#4311352470
1t
0s
0r
1y
0c
0i
#4311353114
0t
0s
0r
1y
0c
1i
#4311353518
1t
0s
0r
1y
0c
1i
#4311354159
0t
0s
0r
1y
0c
1i
#4311354565
1t
0s
0r
1y
0c
1i
#4311355208
0t
0s
0r
1y
0c
1i
#4311355614
1t
0s
0r
1y
0c
1i
#4311355702
1t
0s
1r
1y
0c
1i
#4311355705
1t
0s
0r
1y
0c
1i
#4311356260
0t
0s
0r
1y
0c
0i
#4311356665
1t
0s
0r
1y
0c
0i
#4311357307
0t
0s
0r
1y
0c
0i
#4311357714
1t
0s
0r
1y
0c
0i
#4311358357
0t
0s
0r
1y
0c
0i
#4311358762
1t
0s
0r
1y
0c
0i
#4311359408
0t
0s
0r
1y
0c
0i
#4311359812
1t
0s
0r
1y
0c
0i
#4311360453
0t
0s
0r
1y
0c
0i
#4311360860
1t
0s
0r
1y
0c
0i
#4311361502
0t
0s
0r
1y
0c
0i
#4311361908
1t
0s
0r
1y
0c
0i
#4311362553
0t
0s
0r
1y
0c
0i
#4311362957
1t
0s
0r
1y
0c
0i
#4311363600
0t
0s
0r
1y
0c
0i
#4311364005
1t
0s
0r
1y
0c
0i
#4311364650
0t
0s
0r
1y
0c
0i
#4311365055
1t
0s
0r
1y
0c
0i
#4311365703
0t
0s
0r
1y
0c
0i
#4311366106
1t
0s
0r
1y
0c
0i
#4311366750
0t
0s
0r
1y
0c
0i
#4311367156
1t
0s
0r
1y
0c
0i
#4311367801
0t
0s
0r
1y
0c
0i
#4311368206
1t
0s
0r
1y
0c
0i
#4311368855
0t
0s
0r
1y
0c
0i
#4311369259
1t
0s
0r
1y
0c
0i
#4311369903
0t
0s
0r
1y
0c
0i
#4311370310
1t
0s
0r
1y
0c
0i
#4311370954
0t
0s
0r
1y
0c
0i
#4311371362
1t
0s
0r
1y
0c
0i
#4311372009
0t
0s
0r
1y
0c
0i
#4311372414
1t
0s
0r
1y
0c
0i
#4311373057
0t
0s
0r
1y
0c
0i
#4311373464
1t
0s
0r
1y
0c
0i
#4311374109
0t
0s
0r
1y
0c
0i
#4311374515
1t
0s
0r
1y
0c
0i
#4311375162
0t
0s
0r
1y
0c
0i
#4311375567
1t
0s
0r
1y
0c
0i
#4311376208
0t
0s
0r
1y
0c
0i
#4311376617
1t
0s
0r
1y
0c
0i
#4311377259
0t
0s
0r
1y
0c
0i
#4311377666
1t
0s
0r
1y
0c
0i
#4311378311
0t
0s
0r
1y
0c
0i
#4311378717
1t
0s
0r
1y
0c
0i
#4311379358
0t
0s
0r
1y
0c
0i
#4311379766
1t
0s
0r
1y
0c
0i
#4311380409
0t
0s
0r
1y
0c
0i
#4311380816
1t
0s
0r
1y
0c
0i
#4311381462
0t
0s
0r
1y
0c
0i
#4311381869
1t
0s
0r
1y
0c
0i
#4311382510
0t
0s
0r
1y
0c
0i
#4311382920
1t
0s
0r
1y
0c
0i
#4311383565
0t
0s
0r
1y
1c
0i
#4311383974
1t
0s
0r
1y
1c
0i
#4311384622
0t
0s
0r
1y
1c
1i
#4311385031
1t
0s
0r
1y
1c
1i
#4311385677
0t
0s
0r
1y
1c
1i
#4311386087
1t
0s
0r
1y
1c
1i
#4311386736
0t
0s
0r
1y
1c
1i
#4311387146
1t
0s
0r
1y
1c
1i
#4311387798
0t
0s
0r
1y
1c
0i
#4311388207
1t
0s
0r
1y
1c
0i
#4311388854
0t
0s
0r
1y
1c
0i
#4311389265
1t
0s
0r
1y
1c
0i
#4311389913
0t
0s
0r
1y
1c
0i
#4311390323
1t
0s
0r
1y
1c
0i
#4311390974
0t
0s
0r
1y
1c
0i
#4311391383
1t
0s
0r
1y
1c
0i
#4311392027
0t
0s
0r
1y
1c
0i
#4311392439
1t
0s
0r
1y
1c
0i
#4311393084
0t
0s
0r
1y
1c
0i
#4311393495
1t
0s
0r
1y
1c
0i
#4311394142
0t
0s
0r
1y
1c
0i
#4311394551
1t
0s
0r
1y
1c
0i
#4311395194
0t
0s
0r
1y
1c
0i
#4311395604
1t
0s
0r
1y
1c
0i
#4311396248
0t
0s
0r
1y
1c
0i
#4311396657
1t
0s
0r
1y
1c
0i
#4311397303
0t
0s
0r
1y
1c
0i
#4311397712
1t
0s
0r
1y
1c
0i
#4311398352
0t
0s
0r
1y
1c
0i
#4311398763
1t
0s
0r
1y
1c
0i
#4311399405
0t
0s
0r
1y
1c
0i
#4311399815
1t
0s
0r
1y
1c
0i
#4311400460
0t
0s
0r
1y
1c
0i
#4311400868
1t
0s
0r
1y
1c
0i
#4311402540
0t
0s
0r
1y
1c
0i
#4311403712
1t
0s
0r
1y
1c
0i
#4311404676
0t
0s
0r
1y
1c
0i
#4311405071
1t
0s
0r
1y
1c
0i
#4311405717
0t
0s
0r
1y
1c
0i
#4311406123
1t
0s
0r
1y
1c
0i
#4311406767
0t
0s
0r
1y
1c
0i
#4311407174
1t
0s
0r
1y
1c
0i
#4311407817
0t
0s
0r
1y
1c
0i
#4311408225
1t
0s
0r
1y
1c
0i
#4311408868
0t
0s
0r
1y
1c
0i
#4311409275
1t
0s
0r
1y
1c
0i
#4311409921
0t
0s
0r
1y
1c
0i
#4311410326
1t
0s
0r
1y
1c
0i
#4311410967
0t
0s
0r
1y
1c
0i
#4311411374
1t
0s
0r
1y
1c
0i
#4311412017
0t
0s
0r
1y
1c
0i
#4311412424
1t
0s
0r
1y
1c
0i
#4311413069
0t
0s
0r
1y
1c
0i
#4311413476
1t
0s
0r
1y
1c
0i
#4311414117
0t
0s
0r
1y
1c
0i
#4311414526
1t
0s
0r
1y
1c
0i
#4311415170
0t
0s
0r
1y
0c
0i
#4311415578
1t
0s
0r
1y
0c
0i
#4311416227
0t
0s
0r
1y
0c
1i
#4311416634
1t
0s
0r
1y
0c
1i
#4311417280
0t
0s
0r
1y
0c
1i
#4311417688
1t
0s
0r
1y
0c
1i
#4311418337
0t
0s
0r
1y
0c
1i
#4311418746
1t
0s
0r
1y
0c
1i
#4311419397
0t
0s
0r
1y
0c
0i
#4311419804
1t
0s
0r
1y
0c
0i
#4311420451
0t
0s
0r
1y
0c
0i
#4311420860
1t
0s
0r
1y
0c
0i
#4311421509
0t
0s
0r
1y
0c
0i
#4311421916
1t
0s
0r
1y
0c
0i
#4311422567
0t
0s
0r
1y
0c
0i
#4311422973
1t
0s
0r
1y
0c
0i
#4311423619
0t
0s
0r
1y
0c
0i
#4311424029
1t
0s
0r
1y
0c
0i
#4311424675
0t
0s
0r
1y
0c
0i
#4311425083
1t
0s
0r
1y
0c
0i
#4311425733
0t
0s
0r
1y
0c
0i
#4311426139
1t
0s
0r
1y
0c
0i
#4311426786
0t
0s
0r
1y
0c
0i
#4311427194
1t
0s
0r
1y
0c
0i
#4311427842
0t
0s
0r
1y
0c
0i
#4311428249
1t
0s
0r
1y
0c
0i
#4311428899
0t
0s
0r
1y
0c
0i
#4311429305
1t
0s
0r
1y
0c
0i
#4311429951
0t
0s
0r
1y
0c
0i
#4311430358
1t
0s
0r
1y
0c
0i
#4311431005
0t
0s
0r
1y
0c
0i
#4311431412
1t
0s
0r
1y
0c
0i
#4311432062
0t
0s
0r
1y
0c
0i
#4311432467
1t
0s
0r
1y
0c
0i
#4311433113
0t
0s
0r
1y
0c
0i
#4311433520
1t
0s
0r
1y
0c
0i
#4311434165
0t
0s
0r
1y
0c
0i
#4311434574
1t
0s
0r
1y
0c
0i
#4311435221
0t
0s
0r
1y
0c
0i
#4311435628
1t
0s
0r
1y
0c
0i
#4311436271
0t
0s
0r
1y
0c
0i
#4311436679
1t
0s
0r
1y
0c
0i
#4311437324
0t
0s
0r
1y
0c
0i
#4311437731
1t
0s
0r
1y
0c
0i
#4311438379
0t
0s
0r
1y
0c
0i
#4311438784
1t
0s
0r
1y
0c
0i
#4311439427
0t
0s
0r
1y
0c
0i
#4311439835
1t
0s
0r
1y
0c
0i
#4311440479
0t
0s
0r
1y
0c
0i
#4311440886
1t
0s
0r
1y
0c
0i
#4311441532
0t
0s
0r
1y
0c
0i
#4311441938
1t
0s
0r
1y
0c
0i
#4311442581
0t
0s
0r
1y
0c
0i
#4311442988
1t
0s
0r
1y
0c
0i
#4311443632
0t
0s
0r
1y
0c
0i
#4311444040
1t
0s
0r
1y
0c
0i
#4311444686
0t
0s
0r
1y
0c
0i
#4311445094
1t
0s
0r
1y
0c
0i
#4311445736
0t
0s
0r
1y
0c
0i
#4311446146
1t
0s
0r
1y
0c
0i
#4311446791
0t
0s
0r
1y
1c
0i
#4311447201
1t
0s
0r
1y
1c
0i
#4311447850
0t
0s
0r
1y
1c
1i
#4311448259
1t
0s
0r
1y
1c
1i
#4311448905
0t
0s
0r
1y
1c
1i
#4311449316
1t
0s
0r
1y
1c
1i
#4311449965
0t
0s
0r
1y
1c
1i
#4311450376
1t
0s
0r
1y
1c
1i
#4311451028
0t
0s
0r
1y
1c
0i
#4311451438
1t
0s
0r
1y
1c
0i
#4311452085
0t
0s
0r
1y
1c
0i
#4311452496
1t
0s
0r
1y
1c
0i
#4311453145
0t
0s
0r
1y
1c
0i
#4311453555
1t
0s
0r
1y
1c
0i
#4311454207
0t
0s
0r
1y
1c
0i
#4311454616
1t
0s
0r
1y
1c
0i
#4311455261
0t
0s
0r
1y
1c
0i
#4311455674
1t
0s
0r
1y
1c
0i
#4311456319
0t
0s
0r
1y
1c
0i
#4311456731
1t
0s
0r
1y
1c
0i
#4311457379
0t
0s
0r
1y
1c
0i
#4311457789
1t
0s
0r
1y
1c
0i
#4311458434
0t
0s
0r
1y
1c
0i
#4311458845
1t
0s
0r
1y
1c
0i
#4311459490
0t
0s
0r
1y
1c
0i
#4311459901
1t
0s
0r
1y
1c
0i
#4311460548
0t
0s
0r
1y
1c
0i
#4311460959
1t
0s
0r
1y
1c
0i
#4311461603
0t
0s
0r
1y
1c
0i
#4311462015
1t
0s
0r
1y
1c
0i
#4311462661
0t
0s
0r
1y
1c
0i
#4311463071
1t
0s
0r
1y
1c
0i
#4311463720
0t
0s
0r
1y
1c
0i
#4311464129
1t
0s
0r
1y
1c
0i
#4311465809
0t
0s
0r
1y
1c
0i
#4311466985
1t
0s
0r
1y
1c
0i
#4311467955
0t
0s
0r
1y
1c
0i
#4311468351
1t
0s
0r
1y
1c
0i
#4311469001
0t
0s
0r
1y
1c
0i
#4311469408
1t
0s
0r
1y
1c
0i
#4311470055
0t
0s
0r
1y
1c
0i
#4311470463
1t
0s
0r
1y
1c
0i
#4311471110
0t
0s
0r
1y
1c
0i
#4311471519
1t
0s
0r
1y
1c
0i
#4311472165
0t
0s
0r
1y
1c
0i
#4311472573
1t
0s
0r
1y
1c
0i
#4311473222
0t
0s
0r
1y
1c
0i
#4311473629
1t
0s
0r
1y
1c
0i
#4311474273
0t
0s
0r
1y
1c
0i
#4311474682
1t
0s
0r
1y
1c
0i
#4311475328
0t
0s
0r
1y
1c
0i
#4311475736
1t
0s
0r
1y
1c
0i
#4311476384
0t
0s
0r
1y
1c
0i
#4311476793
1t
0s
0r
1y
1c
0i
#4311477437
0t
0s
0r
1y
1c
0i
#4311477847
1t
0s
0r
1y
1c
0i
#4311478495
0t
0s
0r
1y
0c
0i
#4311478904
1t
0s
0r
1y
0c
0i
#4311479556
0t
0s
0r
1y
0c
1i
#4311479964
1t
0s
0r
1y
0c
1i
#4311480613
0t
0s
0r
1y
0c
1i
#4311481023
1t
0s
0r
1y
0c
1i
#4311481674
0t
0s
0r
1y
0c
1i
#4311482080
0t
0s
1r
1y
0c
1i
#4311482082
0t
0s
0r
1y
0c
1i
#4311482085
1t
0s
0r
1y
0c
1i
#4311482739
0t
0s
0r
1y
0c
0i
#4311483149
1t
0s
0r
1y
0c
0i
#4311483799
0t
0s
0r
1y
0c
0i
#4311484209
1t
0s
0r
1y
0c
0i
#4311484860
0t
0s
0r
1y
0c
0i
#4311485269
1t
0s
0r
1y
0c
0i
#4311485924
0t
0s
0r
1y
0c
0i
#4311486331
1t
0s
0r
1y
0c
0i
#4311486980
0t
0s
0r
1y
0c
0i
#4311487391
1t
0s
0r
1y
0c
0i
#4311488041
0t
0s
0r
1y
0c
0i
#4311488451
1t
0s
0r
1y
0c
0i
#4311489105
0t
0s
0r
1y
0c
0i
#4311489513
1t
0s
0r
1y
0c
0i
#4311490164
0t
0s
0r
1y
0c
0i
#4311490573
1t
0s
0r
1y
0c
0i
#4311491226
0t
0s
0r
1y
0c
0i
#4311491635
1t
0s
0r
1y
0c
0i
#4311492291
0t
0s
0r
1y
0c
0i
#4311492699
1t
0s
0r
1y
0c
0i
#4311493351
0t
0s
0r
1y
0c
0i
#4311493761
1t
0s
0r
1y
0c
0i
#4311494415
0t
0s
0r
1y
0c
0i
#4311494825
1t
0s
0r
1y
0c
0i
#4311495483
0t
0s
0r
1y
0c
0i
#4311495891
1t
0s
0r
1y
0c
0i
#4311496545
0t
0s
0r
1y
0c
0i
#4311496955
1t
0s
0r
1y
0c
0i
#4311497609
0t
0s
0r
1y
0c
0i
#4311498021
1t
0s
0r
1y
0c
0i
#4311498677
0t
0s
0r
1y
0c
0i
#4311499087
1t
0s
0r
1y
0c
0i
#4311499739
0t
0s
0r
1y
0c
0i
#4311500151
1t
0s
0r
1y
0c
0i
#4311500804
0t
0s
0r
1y
0c
0i
#4311501215
1t
0s
0r
1y
0c
0i
#4311501871
0t
0s
0r
1y
0c
0i
#4311502281
1t
0s
0r
1y
0c
0i
#4311502931
0t
0s
0r
1y
0c
0i
#4311503344
1t
0s
0r
1y
0c
0i
#4311503996
0t
0s
0r
1y
0c
0i
#4311504407
1t
0s
0r
1y
0c
0i
#4311505062
0t
0s
0r
1y
0c
0i
#4311505472
1t
0s
0r
1y
0c
0i
#4311506122
0t
0s
0r
1y
0c
0i
#4311506534
1t
0s
0r
1y
0c
0i
#4311507186
0t
0s
0r
1y
0c
0i
#4311507598
1t
0s
0r
1y
0c
0i
#4311508252
0t
0s
0r
1y
0c
0i
#4311508665
1t
0s
0r
1y
0c
0i
#4311509315
0t
0s
0r
1y
0c
0i
#4311509730
1t
0s
0r
1y
0c
0i
#4311510383
0t
0s
0r
1y
1c
0i
#4311510797
1t
0s
0r
1y
1c
0i
#4311511455
0t
0s
0r
1y
1c
1i
#4311511867
1t
0s
0r
1y
1c
1i
#4311512522
0t
0s
0r
1y
1c
1i
#4311512937
1t
0s
0r
1y
1c
1i
#4311513595
0t
0s
0r
1y
1c
1i
#4311514009
1t
0s
0r
1y
1c
1i
#4311514670
0t
0s
0r
1y
1c
0i
#4311515084
1t
0s
0r
1y
1c
0i
#4311515739
0t
0s
0r
1y
1c
0i
#4311516154
1t
0s
0r
1y
1c
0i
#4311516811
0t
0s
0r
1y
1c
0i
#4311517225
1t
0s
0r
1y
1c
0i
#4311517885
0t
0s
0r
1y
1c
0i
#4311518297
1t
0s
0r
1y
1c
0i
#4311518951
0t
0s
0r
1y
1c
0i
#4311519367
1t
0s
0r
1y
1c
0i
#4311520020
0t
0s
0r
1y
1c
0i
#4311520435
1t
0s
0r
1y
1c
0i
#4311521090
0t
0s
0r
1y
1c
0i
#4311521503
1t
0s
0r
1y
1c
0i
#4311522154
0t
0s
0r
1y
1c
0i
#4311522568
1t
0s
0r
1y
1c
0i
#4311523219
0t
0s
0r
1y
1c
0i
#4311523632
1t
0s
0r
1y
1c
0i
#4311524285
0t
0s
0r
1y
1c
0i
#4311524698
1t
0s
0r
1y
1c
0i
#4311525346
0t
0s
0r
1y
1c
0i
#4311525760
1t
0s
0r
1y
1c
0i
#4311526409
0t
0s
0r
1y
1c
0i
#4311526822
1t
0s
0r
1y
1c
0i
#4311527474
0t
0s
0r
1y
1c
0i
#4311527885
1t
0s
0r
1y
1c
0i
#4311529575
0t
0s
0r
1y
1c
0i
#4311530756
1t
0s
0r
1y
1c
0i
#4311531731
0t
0s
0r
1y
1c
0i
#4311532130
1t
0s
0r
1y
1c
0i
#4311532783
0t
0s
0r
1y
1c
0i
#4311533192
1t
0s
0r
1y
1c
0i
#4311533843
0t
0s
0r
1y
1c
0i
#4311534254
1t
0s
0r
1y
1c
0i
#4311534904
0t
0s
0r
1y
1c
0i
#4311535316
1t
0s
0r
1y
1c
0i
#4311535966
0t
0s
0r
1y
1c
0i
#4311536376
1t
0s
0r
1y
1c
0i
#4311537029
0t
0s
0r
1y
1c
0i
#4311537438
1t
0s
0r
1y
1c
0i
#4311538086
0t
0s
0r
1y
1c
0i
#4311538497
1t
0s
0r
1y
1c
0i
#4311539147
0t
0s
0r
1y
1c
0i
#4311539557
1t
0s
0r
1y
1c
0i
#4311540210
0t
0s
0r
1y
1c
0i
#4311540620
1t
0s
0r
1y
1c
0i
#4311541268
0t
0s
0r
1y
1c
0i
#4311541680
1t
0s
0r
1y
1c
0i
#4311542332
0t
0s
0r
1y
0c
0i
#4311542743
1t
0s
0r
1y
0c
0i
#4311543399
0t
0s
0r
1y
0c
1i
#4311543809
1t
0s
0r
1y
0c
1i
#4311544462
0t
0s
0r
1y
0c
1i
#4311544875
1t
0s
0r
1y
0c
1i
#4311545529
0t
0s
0r
1y
0c
1i
#4311545942
1t
0s
0r
1y
0c
1i
#4311546601
0t
0s
0r
1y
0c
0i
#4311547012
1t
0s
0r
1y
0c
0i
#4311547666
0t
0s
0r
1y
0c
0i
#4311548078
1t
0s
0r
1y
0c
0i
#4311548733
0t
0s
0r
1y
0c
0i
#4311549145
1t
0s
0r
1y
0c
0i
#4311549803
0t
0s
0r
1y
0c
0i
#4311550213
1t
0s
0r
1y
0c
0i
#4311550866
0t
0s
0r
1y
0c
0i
#4311551279
1t
0s
0r
1y
0c
0i
#4311551933
0t
0s
0r
1y
0c
0i
#4311552344
1t
0s
0r
1y
0c
0i
#4311553001
0t
0s
0r
1y
0c
0i
#4311553410
1t
0s
0r
1y
0c
0i
#4311554063
0t
0s
0r
1y
0c
0i
#4311554473
1t
0s
0r
1y
0c
0i
#4311555127
0t
0s
0r
1y
0c
0i
#4311555536
1t
0s
0r
1y
0c
0i
#4311556192
0t
0s
0r
1y
0c
0i
#4311556600
1t
0s
0r
1y
0c
0i
#4311557251
0t
0s
0r
1y
0c
0i
#4311557661
1t
0s
0r
1y
0c
0i
#4311558313
0t
0s
0r
1y
0c
0i
#4311558722
1t
0s
0r
1y
0c
0i
#4311559377
0t
0s
0r
1y
0c
0i
#4311559784
1t
0s
0r
1y
0c
0i
#4311560434
0t
0s
0r
1y
0c
0i
#4311560844
1t
0s
0r
1y
0c
0i
#4311561494
0t
0s
0r
1y
0c
0i
#4311561905
1t
0s
0r
1y
0c
0i
#4311562557
0t
0s
0r
1y
0c
0i
#4311562966
1t
0s
0r
1y
0c
0i
#4311563614
0t
0s
0r
1y
0c
0i
#4311564024
1t
0s
0r
1y
0c
0i
#4311564674
0t
0s
0r
1y
0c
0i
#4311565083
1t
0s
0r
1y
0c
0i
#4311565735
0t
0s
0r
1y
0c
0i
#4311566144
1t
0s
0r
1y
0c
0i
#4311566791
0t
0s
0r
1y
0c
0i
#4311567202
1t
0s
0r
1y
0c
0i
#4311567850
0t
0s
0r
1y
0c
0i
#4311568260
1t
0s
0r
1y
0c
0i
#4311568910
0t
0s
0r
1y
0c
0i
#4311569319
1t
0s
0r
1y
0c
0i
#4311569966
0t
0s
0r
1y
0c
0i
#4311570376
1t
0s
0r
1y
0c
0i
#4311571024
0t
0s
0r
1y
0c
0i
#4311571434
1t
0s
0r
1y
0c
0i
#4311572084
0t
0s
0r
1y
0c
0i
#4311572495
1t
0s
0r
1y
0c
0i
#4311573140
0t
0s
0r
1y
0c
0i
#4311573553
1t
0s
0r
1y
0c
0i
#4311574202
0t
0s
0r
1y
1c
0i
#4311574614
1t
0s
0r
1y
1c
0i
#4311575267
0t
0s
0r
1y
1c
1i
#4311575678
1t
0s
0r
1y
1c
1i
#4311576329
0t
0s
0r
1y
1c
1i
#4311576742
1t
0s
0r
1y
1c
1i
#4311577395
0t
0s
0r
1y
1c
1i
#4311577808
1t
0s
0r
1y
1c
1i
#4311578465
0t
0s
0r
1y
1c
0i
#4311578876
1t
0s
0r
1y
1c
0i
#4311579528
0t
0s
0r
1y
1c
0i
#4311579942
1t
0s
0r
1y
1c
0i
#4311580595
0t
0s
0r
1y
1c
0i
#4311581007
1t
0s
0r
1y
1c
0i
#4311581663
0t
0s
0r
1y
1c
0i
#4311582074
1t
0s
0r
1y
1c
0i
#4311582725
0t
0s
0r
1y
1c
0i
#4311583139
1t
0s
0r
1y
1c
0i
#4311583789
0t
0s
0r
1y
1c
0i
#4311584203
1t
0s
0r
1y
1c
0i
#4311584857
0t
0s
0r
1y
1c
0i
#4311585268
1t
0s
0r
1y
1c
0i
#4311585917
0t
0s
0r
1y
1c
0i
#4311586330
1t
0s
0r
1y
1c
0i
#4311586980
0t
0s
0r
1y
1c
0i
#4311587393
1t
0s
0r
1y
1c
0i
#4311588045
0t
0s
0r
1y
1c
0i
#4311588458
1t
0s
0r
1y
1c
0i
#4311589105
0t
0s
0r
1y
1c
0i
#4311589519
1t
0s
0r
1y
1c
0i
#4311590168
0t
0s
0r
1y
1c
0i
#4311590580
1t
0s
0r
1y
1c
0i
#4311591232
0t
0s
0r
1y
1c
0i
#4311591643
1t
0s
0r
1y
1c
0i
#4311593331
0t
0s
0r
1y
1c
0i
#4311594511
1t
0s
0r
1y
1c
0i
#4311595485
0t
0s
0r
1y
1c
0i
#4311595883
1t
0s
0r
1y
1c
0i
#4311596536
0t
0s
0r
1y
1c
0i
#4311596944
1t
0s
0r
1y
1c
0i
#4311597595
0t
0s
0r
1y
1c
0i
#4311598004
1t
0s
0r
1y
1c
0i
#4311598653
0t
0s
0r
1y
1c
0i
#4311599064
1t
0s
0r
1y
1c
0i
#4311599713
0t
0s
0r
1y
1c
0i
#4311600122
1t
0s
0r
1y
1c
0i
#4311600774
0t
0s
0r
1y
1c
0i
#4311601182
1t
0s
0r
1y
1c
0i
#4311601829
0t
0s
0r
1y
1c
0i
#4311602240
1t
0s
0r
1y
1c
0i
#4311602889
0t
0s
0r
1y
1c
0i
#4311603298
1t
0s
0r
1y
1c
0i
#4311603950
0t
0s
0r
1y
1c
0i
#4311604360
1t
0s
0r
1y
1c
0i
#4311605008
0t
0s
0r
1y
0c
0i
#4311605420
1t
0s
0r
1y
0c
0i
#4311606071
0t
0s
0r
1y
0c
0i
#4311606481
1t
0s
0r
1y
0c
0i
#4311607137
0t
0s
0r
1y
0c
1i
#4311607546
1t
0s
0r
1y
0c
1i
#4311608199
0t
0s
0r
1y
0c
1i
#4311608611
1t
0s
0r
1y
0c
1i
#4311609266
0t
0s
0r
1y
0c
1i
#4311609678
1t
0s
0r
1y
0c
1i
#4311609750
1t
0s
1r
1y
0c
1i
#4311609753
1t
0s
0r
1y
0c
1i
#4311610336
0t
0s
0r
1y
0c
0i
#4311610747
1t
0s
0r
1y
0c
0i
#4311611401
0t
0s
0r
1y
0c
0i
#4311611813
1t
0s
0r
1y
0c
0i
#4311612468
0t
0s
0r
1y
0c
0i
#4311612879
1t
0s
0r
1y
0c
0i
#4311613536
0t
0s
0r
1y
0c
0i
#4311613945
1t
0s
0r
1y
0c
0i
#4311614596
0t
0s
0r
1y
0c
0i
#4311615008
1t
0s
0r
1y
0c
0i
#4311615659
0t
0s
0r
1y
0c
0i
#4311616069
1t
0s
0r
1y
0c
0i
#4311616721
0t
0s
0r
1y
0c
0i
#4311617129
1t
0s
0r
1y
0c
0i
#4311617777
0t
0s
0r
1y
0c
0i
#4311618184
1t
0s
0r
1y
0c
0i
#4311618833
0t
0s
0r
1y
0c
0i
#4311619239
1t
0s
0r
1y
0c
0i
#4311619889
0t
0s
0r
1y
0c
0i
#4311620293
1t
0s
0r
1y
0c
0i
#4311620938
0t
0s
0r
1y
0c
0i
#4311621344
1t
0s
0r
1y
0c
0i
#4311621991
0t
0s
0r
1y
0c
0i
#4311622397
1t
0s
0r
1y
0c
0i
#4311623046
0t
0s
0r
1y
0c
0i
#4311623451
1t
0s
0r
1y
0c
0i
#4311624096
0t
0s
0r
1y
0c
0i
#4311624503
1t
0s
0r
1y
0c
0i
#4311625148
0t
0s
0r
1y
0c
0i
#4311625557
1t
0s
0r
1y
0c
0i
#4311626205
0t
0s
0r
1y
0c
0i
#4311626611
1t
0s
0r
1y
0c
0i
#4311627255
0t
0s
0r
1y
0c
0i
#4311627663
1t
0s
0r
1y
0c
0i
#4311628309
0t
0s
0r
1y
0c
0i
#4311628716
1t
0s
0r
1y
0c
0i
#4311629365
0t
0s
0r
1y
0c
0i
#4311629771
1t
0s
0r
1y
0c
0i
#4311630415
0t
0s
0r
1y
0c
0i
#4311630823
1t
0s
0r
1y
0c
0i
#4311631468
0t
0s
0r
1y
0c
0i
#4311631876
1t
0s
0r
1y
0c
0i
#4311632523
0t
0s
0r
1y
0c
0i
#4311632930
1t
0s
0r
1y
0c
0i
#4311633573
0t
0s
0r
1y
0c
0i
#4311633981
1t
0s
0r
1y
0c
0i
#4311634626
0t
0s
0r
1y
0c
0i
#4311635034
1t
0s
0r
1y
0c
0i
#4311635680
0t
0s
0r
1y
0c
0i
#4311636090
1t
0s
0r
1y
0c
0i
#4311636732
0t
0s
0r
1y
0c
0i
#4311637143
1t
0s
0r
1y
0c
0i
#4311637789
0t
0s
0r
1y
1c
0i
#4311638199
1t
0s
0r
1y
1c
0i
#4311638850
0t
0s
0r
1y
1c
1i
#4311639259
1t
0s
0r
1y
1c
1i
#4311639907
0t
0s
0r
1y
1c
1i
#4311640318
1t
0s
0r
1y
1c
1i
#4311640969
0t
0s
0r
1y
1c
1i
#4311641380
1t
0s
0r
1y
1c
1i
#4311642034
0t
0s
0r
1y
1c
0i
#4311642444
1t
0s
0r
1y
1c
0i
#4311643093
0t
0s
0r
1y
1c
0i
#4311643504
1t
0s
0r
1y
1c
0i
#4311644155
0t
0s
0r
1y
1c
0i
#4311644566
1t
0s
0r
1y
1c
0i
#4311645218
0t
0s
0r
1y
1c
0i
#4311645628
1t
0s
0r
1y
1c
0i
#4311646274
0t
0s
0r
1y
1c
0i
#4311646688
1t
0s
0r
1y
1c
0i
#4311647334
0t
0s
0r
1y
1c
0i
#4311647746
1t
0s
0r
1y
1c
0i
#4311648394
0t
0s
0r
1y
1c
0i
#4311648804
1t
0s
0r
1y
1c
0i
#4311649447
0t
0s
0r
1y
1c
0i
#4311649859
1t
0s
0r
1y
1c
0i
#4311650503
0t
0s
0r
1y
1c
0i
#4311650912
1t
0s
0r
1y
1c
0i
#4311651558
0t
0s
0r
1y
1c
0i
#4311651967
1t
0s
0r
1y
1c
0i
#4311652607
0t
0s
0r
1y
1c
0i
#4311653018
1t
0s
0r
1y
1c
0i
#4311653660
0t
0s
0r
1y
1c
0i
#4311654069
1t
0s
0r
1y
1c
0i
#4311654713
0t
0s
0r
1y
1c
0i
#4311655121
1t
0s
0r
1y
1c
0i
#4311656791
0t
0s
0r
1y
1c
0i
#4311657962
1t
0s
0r
1y
1c
0i
#4311658925
0t
0s
0r
1y
1c
0i
#4311659320
1t
0s
0r
1y
1c
0i
#4311659966
0t
0s
0r
1y
1c
0i
#4311660371
1t
0s
0r
1y
1c
0i
#4311661014
0t
0s
0r
1y
1c
0i
#4311661421
1t
0s
0r
1y
1c
0i
#4311662065
0t
0s
0r
1y
1c
0i
#4311662472
1t
0s
0r
1y
1c
0i
#4311663114
0t
0s
0r
1y
1c
0i
#4311663521
1t
0s
0r
1y
1c
0i
#4311664166
0t
0s
0r
1y
1c
0i
#4311664572
1t
0s
0r
1y
1c
0i
#4311665213
0t
0s
0r
1y
1c
0i
#4311665620
1t
0s
0r
1y
1c
0i
#4311666263
0t
0s
0r
1y
1c
0i
#4311666669
1t
0s
0r
1y
1c
0i
#4311667314
0t
0s
0r
1y
1c
0i
#4311667721
1t
0s
0r
1y
1c
0i
#4311668362
0t
0s
0r
1y
1c
0i
#4311668770
1t
0s
0r
1y
1c
0i
#4311669414
0t
0s
0r
1y
0c
0i
#4311669822
1t
0s
0r
1y
0c
0i
#4311670470
0t
0s
0r
1y
0c
1i
#4311670877
1t
0s
0r
1y
0c
1i
#4311671523
0t
0s
0r
1y
0c
1i
#4311671931
1t
0s
0r
1y
0c
1i
#4311672579
0t
0s
0r
1y
0c
1i
#4311672988
1t
0s
0r
1y
0c
1i
#4311673639
0t
0s
0r
1y
0c
0i
#4311674046
1t
0s
0r
1y
0c
0i
#4311674693
0t
0s
0r
1y
0c
0i
#4311675101
1t
0s
0r
1y
0c
0i
#4311675749
0t
0s
0r
1y
0c
0i
#4311676156
1t
0s
0r
1y
0c
0i
#4311676807
0t
0s
0r
1y
0c
0i
#4311677212
1t
0s
0r
1y
0c
0i
#4311677857
0t
0s
0r
1y
0c
0i
#4311678265
1t
0s
0r
1y
0c
0i
#4311678909
0t
0s
0r
1y
0c
0i
#4311679316
1t
0s
0r
1y
0c
0i
#4311679962
0t
0s
0r
1y
0c
0i
#4311680367
1t
0s
0r
1y
0c
0i
#4311681008
0t
0s
0r
1y
0c
0i
#4311681414
1t
0s
0r
1y
0c
0i
#4311682056
0t
0s
0r
1y
0c
0i
#4311682460
1t
0s
0r
1y
0c
0i
#4311683103
0t
0s
0r
1y
0c
0i
#4311683505
1t
0s
0r
1y
0c
0i
#4311684144
0t
0s
0r
1y
0c
0i
#4311684548
1t
0s
0r
1y
0c
0i
#4311685188
0t
0s
0r
1y
0c
0i
#4311685590
1t
0s
0r
1y
0c
0i
#4311686233
0t
0s
0r
1y
0c
0i
#4311686634
1t
0s
0r
1y
0c
0i
#4311687273
0t
0s
0r
1y
0c
0i
#4311687677
1t
0s
0r
1y
0c
0i
#4311688316
0t
0s
0r
1y
0c
0i
#4311688721
1t
0s
0r
1y
0c
0i
#4311689361
0t
0s
0r
1y
0c
0i
#4311689765
1t
0s
0r
1y
0c
0i
#4311690402
0t
0s
0r
1y
0c
0i
#4311690807
1t
0s
0r
1y
0c
0i
#4311691446
0t
0s
0r
1y
0c
0i
#4311691850
1t
0s
0r
1y
0c
0i
#4311692491
0t
0s
0r
1y
0c
0i
#4311692894
1t
0s
0r
1y
0c
0i
#4311693531
0t
0s
0r
1y
0c
0i
#4311693936
1t
0s
0r
1y
0c
0i
#4311694574
0t
0s
0r
1y
0c
0i
#4311694978
1t
0s
0r
1y
0c
0i
#4311695618
0t
0s
0r
1y
0c
0i
#4311696021
1t
0s
0r
1y
0c
0i
#4311696657
0t
0s
0r
1y
0c
0i
#4311697062
1t
0s
0r
1y
0c
0i
#4311697699
0t
0s
0r
1y
0c
0i
#4311698104
1t
0s
0r
1y
0c
0i
#4311698743
0t
0s
0r
1y
0c
0i
#4311699148
1t
0s
0r
1y
0c
0i
#4311699784
0t
0s
0r
1y
0c
0i
#4311700191
1t
0s
0r
1y
0c
0i
#4311700829
0t
0s
0r
1y
1c
0i
#4311701235
1t
0s
0r
1y
1c
0i
#4311701878
0t
0s
0r
1y
1c
1i
#4311702283
1t
0s
0r
1y
1c
1i
#4311702923
0t
0s
0r
1y
1c
1i
#4311703331
1t
0s
0r
1y
1c
1i
#4311703973
0t
0s
0r
1y
1c
1i
#4311704380
1t
0s
0r
1y
1c
1i
#4311705026
0t
0s
0r
1y
1c
0i
#4311705432
1t
0s
0r
1y
1c
0i
#4311706074
0t
0s
0r
1y
1c
0i
#4311706481
1t
0s
0r
1y
1c
0i
#4311707124
0t
0s
0r
1y
1c
0i
#4311707531
1t
0s
0r
1y
1c
0i
#4311708175
0t
0s
0r
1y
1c
0i
#4311708581
1t
0s
0r
1y
1c
0i
#4311709219
0t
0s
0r
1y
1c
0i
#4311709628
1t
0s
0r
1y
1c
0i
#4311710267
0t
0s
0r
1y
1c
0i
#4311710674
1t
0s
0r
1y
1c
0i
#4311711316
0t
0s
0r
1y
1c
0i
#4311711721
1t
0s
0r
1y
1c
0i
#4311712357
0t
0s
0r
1y
1c
0i
#4311712763
1t
0s
0r
1y
1c
0i
#4311713399
0t
0s
0r
1y
1c
0i
#4311713805
1t
0s
0r
1y
1c
0i
#4311714443
0t
0s
0r
1y
1c
0i
#4311714848
1t
0s
0r
1y
1c
0i
#4311715482
0t
0s
0r
1y
1c
0i
#4311715888
1t
0s
0r
1y
1c
0i
#4311716522
0t
0s
0r
1y
1c
0i
#4311716927
1t
0s
0r
1y
1c
0i
#4311717565
0t
0s
0r
1y
1c
0i
#4311717968
1t
0s
0r
1y
1c
0i
#4311719621
0t
0s
0r
1y
1c
0i
#4311720780
1t
0s
0r
1y
1c
0i
#4311721733
0t
0s
0r
1y
1c
0i
#4311722124
1t
0s
0r
1y
1c
0i
#4311722763
0t
0s
0r
1y
1c
0i
#4311723165
1t
0s
0r
1y
1c
0i
#4311723802
0t
0s
0r
1y
1c
0i
#4311724205
1t
0s
0r
1y
1c
0i
#4311724841
0t
0s
0r
1y
1c
0i
#4311725245
1t
0s
0r
1y
1c
0i
#4311725880
0t
0s
0r
1y
1c
0i
#4311726283
1t
0s
0r
1y
1c
0i
#4311726921
0t
0s
0r
1y
1c
0i
#4311727323
1t
0s
0r
1y
1c
0i
#4311727957
0t
0s
0r
1y
1c
0i
#4311728360
1t
0s
0r
1y
1c
0i
#4311728995
0t
0s
0r
1y
1c
0i
#4311729398
1t
0s
0r
1y
1c
0i
#4311730036
0t
0s
0r
1y
1c
0i
#4311730438
1t
0s
0r
1y
1c
0i
#4311731072
0t
0s
0r
1y
1c
0i
#4311731477
1t
0s
0r
1y
1c
0i
#4311732114
0t
0s
0r
1y
0c
0i
#4311732517
1t
0s
0r
1y
0c
0i
#4311733158
0t
0s
0r
1y
0c
1i
#4311733560
1t
0s
0r
1y
0c
1i
#4311734198
0t
0s
0r
1y
0c
1i
#4311734603
1t
0s
0r
1y
0c
1i
#4311735243
0t
0s
0r
1y
0c
1i
#4311735648
1t
0s
0r
1y
0c
1i
#4311735872
1t
0s
1r
1y
0c
1i
#4311735875
1t
0s
0r
1y
0c
1i
#4311736291
0t
0s
0r
1y
0c
0i
#4311736694
1t
0s
0r
1y
0c
0i
#4311737333
0t
0s
0r
1y
0c
0i
#4311737738
1t
0s
0r
1y
0c
0i
#4311738378
0t
0s
0r
1y
0c
0i
#4311738781
1t
0s
0r
1y
0c
0i
#4311739424
0t
0s
0r
1y
0c
0i
#4311739826
1t
0s
0r
1y
0c
0i
#4311740465
0t
0s
0r
1y
0c
0i
#4311740870
1t
0s
0r
1y
0c
0i
#4311741509
0t
0s
0r
1y
0c
0i
#4311741913
1t
0s
0r
1y
0c
0i
#4311742556
0t
0s
0r
1y
0c
0i
#4311742958
1t
0s
0r
1y
0c
0i
#4311743599
0t
0s
0r
1y
0c
0i
#4311744003
1t
0s
0r
1y
0c
0i
#4311744645
0t
0s
0r
1y
0c
0i
#4311745049
1t
0s
0r
1y
0c
0i
#4311745694
0t
0s
0r
1y
0c
0i
#4311746097
1t
0s
0r
1y
0c
0i
#4311746739
0t
0s
0r
1y
0c
0i
#4311747144
1t
0s
0r
1y
0c
0i
#4311747788
0t
0s
0r
1y
0c
0i
#4311748193
1t
0s
0r
1y
0c
0i
#4311748841
0t
0s
0r
1y
0c
0i
#4311749244
1t
0s
0r
1y
0c
0i
#4311749889
0t
0s
0r
1y
0c
0i
#4311750294
1t
0s
0r
1y
0c
0i
#4311750939
0t
0s
0r
1y
0c
0i
#4311751346
1t
0s
0r
1y
0c
0i
#4311751994
0t
0s
0r
1y
0c
0i
#4311752399
1t
0s
0r
1y
0c
0i
#4311753041
0t
0s
0r
1y
0c
0i
#4311753449
1t
0s
0r
1y
0c
0i
#4311754093
0t
0s
0r
1y
0c
0i
#4311754500
1t
0s
0r
1y
0c
0i
#4311755147
0t
0s
0r
1y
0c
0i
#4311755551
1t
0s
0r
1y
0c
0i
#4311756193
0t
0s
0r
1y
0c
0i
#4311756601
1t
0s
0r
1y
0c
0i
#4311757243
0t
0s
0r
1y
0c
0i
#4311757650
1t
0s
0r
1y
0c
0i
#4311758296
0t
0s
0r
1y
0c
0i
#4311758701
1t
0s
0r
1y
0c
0i
#4311759342
0t
0s
0r
1y
0c
0i
#4311759750
1t
0s
0r
1y
0c
0i
#4311760392
0t
0s
0r
1y
0c
0i
#4311760799
1t
0s
0r
1y
0c
0i
#4311761444
0t
0s
0r
1y
0c
0i
#4311761852
1t
0s
0r
1y
0c
0i
#4311762493
0t
0s
0r
1y
0c
0i
#4311762903
1t
0s
0r
1y
0c
0i
#4311763547
0t
0s
0r
1y
1c
0i
#4311763956
1t
0s
0r
1y
1c
0i
#4311764604
0t
0s
0r
1y
1c
1i
#4311765012
1t
0s
0r
1y
1c
1i
#4311765657
0t
0s
0r
1y
1c
1i
#4311766068
1t
0s
0r
1y
1c
1i
#4311766715
0t
0s
0r
1y
1c
1i
#4311767126
1t
0s
0r
1y
1c
1i
#4311767777
0t
0s
0r
1y
1c
0i
#4311768186
1t
0s
0r
1y
1c
0i
#4311768832
0t
0s
0r
1y
1c
0i
#4311769242
1t
0s
0r
1y
1c
0i
#4311769890
0t
0s
0r
1y
1c
0i
#4311770300
1t
0s
0r
1y
1c
0i
#4311770949
0t
0s
0r
1y
1c
0i
#4311771358
1t
0s
0r
1y
1c
0i
#4311772002
0t
0s
0r
1y
1c
0i
#4311772414
1t
0s
0r
1y
1c
0i
#4311773058
0t
0s
0r
1y
1c
0i
#4311773469
1t
0s
0r
1y
1c
0i
#4311774117
0t
0s
0r
1y
1c
0i
#4311774526
1t
0s
0r
1y
1c
0i
#4311775169
0t
0s
0r
1y
1c
0i
#4311775580
1t
0s
0r
1y
1c
0i
#4311776225
0t
0s
0r
1y
1c
0i
#4311776635
1t
0s
0r
1y
1c
0i
#4311777282
0t
0s
0r
1y
1c
0i
#4311777692
1t
0s
0r
1y
1c
0i
#4311778334
0t
0s
0r
1y
1c
0i
#4311778746
1t
0s
0r
1y
1c
0i
#4311779390
0t
0s
0r
1y
1c
0i
#4311779801
1t
0s
0r
1y
1c
0i
#4311780449
0t
0s
0r
1y
1c
0i
#4311780857
1t
0s
0r
1y
1c
0i
#4311782534
0t
0s
0r
1y
1c
0i
#4311783709
1t
0s
0r
1y
1c
0i
#4311784677
0t
0s
0r
1y
1c
0i
#4311785073
1t
0s
0r
1y
1c
0i
#4311785721
0t
0s
0r
1y
1c
0i
#4311786128
1t
0s
0r
1y
1c
0i
#4311786774
0t
0s
0r
1y
1c
0i
#4311787182
1t
0s
0r
1y
1c
0i
#4311787827
0t
0s
0r
1y
1c
0i
#4311788236
1t
0s
0r
1y
1c
0i
#4311788880
0t
0s
0r
1y
1c
0i
#4311789288
1t
0s
0r
1y
1c
0i
#4311789935
0t
0s
0r
1y
1c
0i
#4311790342
1t
0s
0r
1y
1c
0i
#4311790985
0t
0s
0r
1y
1c
0i
#4311791393
1t
0s
0r
1y
1c
0i
#4311792038
0t
0s
0r
1y
1c
0i
#4311792445
1t
0s
0r
1y
1c
0i
#4311793092
0t
0s
0r
1y
1c
0i
#4311793500
1t
0s
0r
1y
1c
0i
#4311794144
0t
0s
0r
1y
1c
0i
#4311794553
1t
0s
0r
1y
1c
0i
#4311795200
0t
0s
0r
1y
0c
0i
#4311795608
1t
0s
0r
1y
0c
0i
#4311796259
0t
0s
0r
1y
0c
1i
#4311796666
1t
0s
0r
1y
0c
1i
#4311797314
0t
0s
0r
1y
0c
1i
#4311797723
1t
0s
0r
1y
0c
1i
#4311798374
0t
0s
0r
1y
0c
1i
#4311798783
1t
0s
0r
1y
0c
1i
#4311799436
0t
0s
0r
1y
0c
0i
#4311799845
1t
0s
0r
1y
0c
0i
#4311800494
0t
0s
0r
1y
0c
0i
#4311800904
1t
0s
0r
1y
0c
0i
#4311801554
0t
0s
0r
1y
0c
0i
#4311801963
1t
0s
0r
1y
0c
0i
#4311802615
0t
0s
0r
1y
0c
0i
#4311803022
1t
0s
0r
1y
0c
0i
#4311803670
0t
0s
0r
1y
0c
0i
#4311804080
1t
0s
0r
1y
0c
0i
#4311804728
0t
0s
0r
1y
0c
0i
#4311805137
1t
0s
0r
1y
0c
0i
#4311805787
0t
0s
0r
1y
0c
0i
#4311806194
1t
0s
0r
1y
0c
0i
#4311806841
0t
0s
0r
1y
0c
0i
#4311807249
1t
0s
0r
1y
0c
0i
#4311807896
0t
0s
0r
1y
0c
0i
#4311808303
1t
0s
0r
1y
0c
0i
#4311808953
0t
0s
0r
1y
0c
0i
#4311809357
1t
0s
0r
1y
0c
0i
#4311810002
0t
0s
0r
1y
0c
0i
#4311810409
1t
0s
0r
1y
0c
0i
#4311811055
0t
0s
0r
1y
0c
0i
#4311811461
1t
0s
0r
1y
0c
0i
#4311812110
0t
0s
0r
1y
0c
0i
#4311812514
1t
0s
0r
1y
0c
0i
#4311813159
0t
0s
0r
1y
0c
0i
#4311813566
1t
0s
0r
1y
0c
0i
#4311814210
0t
0s
0r
1y
0c
0i
#4311814618
1t
0s
0r
1y
0c
0i
#4311815264
0t
0s
0r
1y
0c
0i
#4311815670
1t
0s
0r
1y
0c
0i
#4311816313
0t
0s
0r
1y
0c
0i
#4311816720
1t
0s
0r
1y
0c
0i
#4311817364
0t
0s
0r
1y
0c
0i
#4311817771
1t
0s
0r
1y
0c
0i
#4311818417
0t
0s
0r
1y
0c
0i
#4311818822
1t
0s
0r
1y
0c
0i
#4311819464
0t
0s
0r
1y
0c
0i
#4311819872
1t
0s
0r
1y
0c
0i
#4311820514
0t
0s
0r
1y
0c
0i
#4311820921
1t
0s
0r
1y
0c
0i
#4311821566
0t
0s
0r
1y
0c
0i
#4311821972
1t
0s
0r
1y
0c
0i
#4311822612
0t
0s
0r
1y
0c
0i
#4311823020
1t
0s
0r
1y
0c
0i
#4311823662
0t
0s
0r
1y
0c
0i
#4311824069
1t
0s
0r
1y
0c
0i
#4311824714
0t
0s
0r
1y
0c
0i
#4311825122
1t
0s
0r
1y
0c
0i
#4311825762
0t
0s
0r
1y
0c
0i
#4311826171
1t
0s
0r
1y
0c
0i
#4311826815
0t
0s
0r
1y
1c
0i
#4311827224
1t
0s
0r
1y
1c
0i
#4311827871
0t
0s
0r
1y
1c
1i
#4311828279
1t
0s
0r
1y
1c
1i
#4311828924
0t
0s
0r
1y
1c
1i
#4311829334
1t
0s
0r
1y
1c
1i
#4311829981
0t
0s
0r
1y
1c
1i
#4311830391
1t
0s
0r
1y
1c
1i
#4311831042
0t
0s
0r
1y
1c
0i
#4311831451
1t
0s
0r
1y
1c
0i
#4311832096
0t
0s
0r
1y
1c
0i
#4311832507
1t
0s
0r
1y
1c
0i
#4311833154
0t
0s
0r
1y
1c
0i
#4311833564
1t
0s
0r
1y
1c
0i
#4311834213
0t
0s
0r
1y
1c
0i
#4311834622
1t
0s
0r
1y
1c
0i
#4311835266
0t
0s
0r
1y
1c
0i
#4311835677
1t
0s
0r
1y
1c
0i
#4311836321
0t
0s
0r
1y
1c
0i
#4311836732
1t
0s
0r
1y
1c
0i
#4311837378
0t
0s
0r
1y
1c
0i
#4311837787
1t
0s
0r
1y
1c
0i
#4311838429
0t
0s
0r
1y
1c
0i
#4311838839
1t
0s
0r
1y
1c
0i
#4311839482
0t
0s
0r
1y
1c
0i
#4311839891
1t
0s
0r
1y
1c
0i
#4311840536
0t
0s
0r
1y
1c
0i
#4311840945
1t
0s
0r
1y
1c
0i
#4311841585
0t
0s
0r
1y
1c
0i
#4311841995
1t
0s
0r
1y
1c
0i
#4311842636
0t
0s
0r
1y
1c
0i
#4311843044
1t
0s
0r
1y
1c
0i
#4311843688
0t
0s
0r
1y
1c
0i
#4311844095
1t
0s
0r
1y
1c
0i
#4311845764
0t
0s
0r
1y
1c
0i
#4311846933
1t
0s
0r
1y
1c
0i
#4311847895
0t
0s
0r
1y
1c
0i
#4311848290
1t
0s
0r
1y
1c
0i
#4311848934
0t
0s
0r
1y
1c
0i
#4311849340
1t
0s
0r
1y
1c
0i
#4311849982
0t
0s
0r
1y
1c
0i
#4311850388
1t
0s
0r
1y
1c
0i
#4311851030
0t
0s
0r
1y
1c
0i
#4311851437
1t
0s
0r
1y
1c
0i
#4311852079
0t
0s
0r
1y
1c
0i
#4311852485
1t
0s
0r
1y
1c
0i
#4311853130
0t
0s
0r
1y
1c
0i
#4311853534
1t
0s
0r
1y
1c
0i
#4311854174
0t
0s
0r
1y
1c
0i
#4311854580
1t
0s
0r
1y
1c
0i
#4311855223
0t
0s
0r
1y
1c
0i
#4311855628
1t
0s
0r
1y
1c
0i
#4311856272
0t
0s
0r
1y
1c
0i
#4311856679
1t
0s
0r
1y
1c
0i
#4311857319
0t
0s
0r
1y
1c
0i
#4311857728
1t
0s
0r
1y
1c
0i
#4311858371
0t
0s
0r
1y
0c
0i
#4311858778
1t
0s
0r
1y
0c
0i
#4311859426
0t
0s
0r
1y
0c
1i
#4311859832
1t
0s
0r
1y
0c
1i
#4311860477
0t
0s
0r
1y
0c
1i
#4311860885
1t
0s
0r
1y
0c
1i
#4311861532
0t
0s
0r
1y
0c
1i
#4311861941
1t
0s
0r
1y
0c
1i
#4311862009
1t
0s
1r
1y
0c
1i
#4311862012
1t
0s
0r
1y
0c
1i
#4311862592
0t
0s
0r
1y
0c
0i
#4311862999
1t
0s
0r
1y
0c
0i
#4311863645
0t
0s
0r
1y
0c
0i
#4311864053
1t
0s
0r
1y
0c
0i
#4311864701
0t
0s
0r
1y
0c
0i
#4311865108
1t
0s
0r
1y
0c
0i
#4311865758
0t
0s
0r
1y
0c
0i
#4311866163
1t
0s
0r
1y
0c
0i
#4311866808
0t
0s
0r
1y
0c
0i
#4311867217
1t
0s
0r
1y
0c
0i
#4311867863
0t
0s
0r
1y
0c
0i
#4311868270
1t
0s
0r
1y
0c
0i
#4311868919
0t
0s
0r
1y
0c
0i
#4311869325
1t
0s
0r
1y
0c
0i
#4311869971
0t
0s
0r
1y
0c
0i
#4311870377
1t
0s
0r
1y
0c
0i
#4311871024
0t
0s
0r
1y
0c
0i
#4311871429
1t
0s
0r
1y
0c
0i
#4311872078
0t
0s
0r
1y
0c
0i
#4311872482
1t
0s
0r
1y
0c
0i
#4311873126
0t
0s
0r
1y
0c
0i
#4311873532
1t
0s
0r
1y
0c
0i
#4311874177
0t
0s
0r
1y
0c
0i
#4311874582
1t
0s
0r
1y
0c
0i
#4311875230
0t
0s
0r
1y
0c
0i
#4311875633
1t
0s
0r
1y
0c
0i
#4311876277
0t
0s
0r
1y
0c
0i
#4311876683
1t
0s
0r
1y
0c
0i
#4311877327
0t
0s
0r
1y
0c
0i
#4311877733
1t
0s
0r
1y
0c
0i
#4311878379
0t
0s
0r
1y
0c
0i
#4311878784
1t
0s
0r
1y
0c
0i
#4311879425
0t
0s
0r
1y
0c
0i
#4311879832
1t
0s
0r
1y
0c
0i
#4311880476
0t
0s
0r
1y
0c
0i
#4311880881
1t
0s
0r
1y
0c
0i
#4311881528
0t
0s
0r
1y
0c
0i
#4311881932
1t
0s
0r
1y
0c
0i
#4311882573
0t
0s
0r
1y
0c
0i
#4311882980
1t
0s
0r
1y
0c
0i
#4311883622
0t
0s
0r
1y
0c
0i
#4311884029
1t
0s
0r
1y
0c
0i
#4311884674
0t
0s
0r
1y
0c
0i
#4311885079
1t
0s
0r
1y
0c
0i
#4311885719
0t
0s
0r
1y
0c
0i
#4311886126
1t
0s
0r
1y
0c
0i
#4311886769
0t
0s
0r
1y
0c
0i
#4311887176
1t
0s
0r
1y
0c
0i
#4311887820
0t
0s
0r
1y
0c
0i
#4311888228
1t
0s
0r
1y
0c
0i
#4311888868
0t
0s
0r
1y
0c
0i
#4311889278
1t
0s
0r
1y
0c
0i
#4311889921
0t
0s
0r
1y
1c
0i
#4311890330
1t
0s
0r
1y
1c
0i
#4311890977
0t
0s
0r
1y
1c
1i
#4311891385
1t
0s
0r
1y
1c
1i
#4311892030
0t
0s
0r
1y
1c
1i
#4311892441
1t
0s
0r
1y
1c
1i
#4311893088
0t
0s
0r
1y
1c
1i
#4311893498
1t
0s
0r
1y
1c
1i
#4311894149
0t
0s
0r
1y
1c
0i
#4311894557
1t
0s
0r
1y
1c
0i
#4311895203
0t
0s
0r
1y
1c
0i
#4311895613
1t
0s
0r
1y
1c
0i
#4311896260
0t
0s
0r
1y
1c
0i
#4311896670
1t
0s
0r
1y
1c
0i
#4311897319
0t
0s
0r
1y
1c
0i
#4311897727
1t
0s
0r
1y
1c
0i
#4311898372
0t
0s
0r
1y
1c
0i
#4311898783
1t
0s
0r
1y
1c
0i
#4311899427
0t
0s
0r
1y
1c
0i
#4311899838
1t
0s
0r
1y
1c
0i
#4311900486
0t
0s
0r
1y
1c
0i
#4311900895
1t
0s
0r
1y
1c
0i
#4311901539
0t
0s
0r
1y
1c
0i
#4311901950
1t
0s
0r
1y
1c
0i
#4311902595
0t
0s
0r
1y
1c
0i
#4311903005
1t
0s
0r
1y
1c
0i
#4311903652
0t
0s
0r
1y
1c
0i
#4311904063
1t
0s
0r
1y
1c
0i
#4311904705
0t
0s
0r
1y
1c
0i
#4311905117
1t
0s
0r
1y
1c
0i
#4311905761
0t
0s
0r
1y
1c
0i
#4311906172
1t
0s
0r
1y
1c
0i
#4311906820
0t
0s
0r
1y
1c
0i
#4311907228
1t
0s
0r
1y
1c
0i
#4311908905
0t
0s
0r
1y
1c
0i
#4311910079
1t
0s
0r
1y
1c
0i
#4311911046
0t
0s
0r
1y
1c
0i
#4311911442
1t
0s
0r
1y
1c
0i
#4311912090
0t
0s
0r
1y
1c
0i
#4311912497
1t
0s
0r
1y
1c
0i
#4311913142
0t
0s
0r
1y
1c
0i
#4311913550
1t
0s
0r
1y
1c
0i
#4311914195
0t
0s
0r
1y
1c
0i
#4311914604
1t
0s
0r
1y
1c
0i
#4311915248
0t
0s
0r
1y
1c
0i
#4311915656
1t
0s
0r
1y
1c
0i
#4311916303
0t
0s
0r
1y
1c
0i
#4311916710
1t
0s
0r
1y
1c
0i
#4311917353
0t
0s
0r
1y
1c
0i
#4311917761
1t
0s
0r
1y
1c
0i
#4311918406
0t
0s
0r
1y
1c
0i
#4311918813
1t
0s
0r
1y
1c
0i
#4311919460
0t
0s
0r
1y
1c
0i
#4311919868
1t
0s
0r
1y
1c
0i
#4311920511
0t
0s
0r
1y
1c
0i
#4311920921
1t
0s
0r
1y
1c
0i
#4311921567
0t
0s
0r
1y
0c
0i
#4311921976
1t
0s
0r
1y
0c
0i
#4311922627
0t
0s
0r
1y
0c
1i
#4311923034
1t
0s
0r
1y
0c
1i
#4311923683
0t
0s
0r
1y
0c
1i
#4311924092
1t
0s
0r
1y
0c
1i
#4311924742
0t
0s
0r
1y
0c
1i
#4311925152
1t
0s
0r
1y
0c
1i
#4311925804
0t
0s
0r
1y
0c
0i
#4311926213
1t
0s
0r
1y
0c
0i
#4311926862
0t
0s
0r
1y
0c
0i
#4311927272
1t
0s
0r
1y
0c
0i
#4311927922
0t
0s
0r
1y
0c
0i
#4311928330
1t
0s
0r
1y
0c
0i
#4311928982
0t
0s
0r
1y
0c
0i
#4311929388
1t
0s
0r
1y
0c
0i
#4311930035
0t
0s
0r
1y
0c
0i
#4311930445
1t
0s
0r
1y
0c
0i
#4311931091
0t
0s
0r
1y
0c
0i
#4311931499
1t
0s
0r
1y
0c
0i
#4311932148
0t
0s
0r
1y
0c
0i
#4311932554
1t
0s
0r
1y
0c
0i
#4311933198
0t
0s
0r
1y
0c
0i
#4311933605
1t
0s
0r
1y
0c
0i
#4311934249
0t
0s
0r
1y
0c
0i
#4311934655
1t
0s
0r
1y
0c
0i
#4311935302
0t
0s
0r
1y
0c
0i
#4311935705
1t
0s
0r
1y
0c
0i
#4311936348
0t
0s
0r
1y
0c
0i
#4311936753
1t
0s
0r
1y
0c
0i
#4311937395
0t
0s
0r
1y
0c
0i
#4311937800
1t
0s
0r
1y
0c
0i
#4311938446
0t
0s
0r
1y
0c
0i
#4311938849
1t
0s
0r
1y
0c
0i
#4311939491
0t
0s
0r
1y
0c
0i
#4311939896
1t
0s
0r
1y
0c
0i
#4311940538
0t
0s
0r
1y
0c
0i
#4311940945
1t
0s
0r
1y
0c
0i
#4311941589
0t
0s
0r
1y
0c
0i
#4311941994
1t
0s
0r
1y
0c
0i
#4311942633
0t
0s
0r
1y
0c
0i
#4311943040
1t
0s
0r
1y
0c
0i
#4311943682
0t
0s
0r
1y
0c
0i
#4311944087
1t
0s
0r
1y
0c
0i
#4311944732
0t
0s
0r
1y
0c
0i
#4311945136
1t
0s
0r
1y
0c
0i
#4311945776
0t
0s
0r
1y
0c
0i
#4311946183
1t
0s
0r
1y
0c
0i
#4311946823
0t
0s
0r
1y
0c
0i
#4311947229
1t
0s
0r
1y
0c
0i
#4311947873
0t
0s
0r
1y
0c
0i
#4311948277
1t
0s
0r
1y
0c
0i
#4311948916
0t
0s
0r
1y
0c
0i
#4311949322
1t
0s
0r
1y
0c
0i
#4311949963
0t
0s
0r
1y
0c
0i
#4311950369
1t
0s
0r
1y
0c
0i
#4311951011
0t
0s
0r
1y
0c
0i
#4311951418
1t
0s
0r
1y
0c
0i
#4311952057
0t
0s
0r
1y
0c
0i
#4311952465
1t
0s
0r
1y
0c
0i
#4311953106
0t
0s
0r
1y
1c
0i
#4311953514
1t
0s
0r
1y
1c
0i
#4311954159
0t
0s
0r
1y
1c
1i
#4311954566
1t
0s
0r
1y
1c
1i
#4311955209
0t
0s
0r
1y
1c
1i
#4311955617
1t
0s
0r
1y
1c
1i
#4311956262
0t
0s
0r
1y
1c
1i
#4311956671
1t
0s
0r
1y
1c
1i
#4311957319
0t
0s
0r
1y
1c
0i
#4311957727
1t
0s
0r
1y
1c
0i
#4311958371
0t
0s
0r
1y
1c
0i
#4311958780
1t
0s
0r
1y
1c
0i
#4311959425
0t
0s
0r
1y
1c
0i
#4311959833
1t
0s
0r
1y
1c
0i
#4311960481
0t
0s
0r
1y
1c
0i
#4311960888
1t
0s
0r
1y
1c
0i
#4311961529
0t
0s
0r
1y
1c
0i
#4311961940
1t
0s
0r
1y
1c
0i
#4311962582
0t
0s
0r
1y
1c
0i
#4311962992
1t
0s
0r
1y
1c
0i
#4311963637
0t
0s
0r
1y
1c
0i
#4311964045
1t
0s
0r
1y
1c
0i
#4311964686
0t
0s
0r
1y
1c
0i
#4311965095
1t
0s
0r
1y
1c
0i
#4311965737
0t
0s
0r
1y
1c
0i
#4311966146
1t
0s
0r
1y
1c
0i
#4311966790
0t
0s
0r
1y
1c
0i
#4311967199
1t
0s
0r
1y
1c
0i
#4311967839
0t
0s
0r
1y
1c
0i
#4311968249
1t
0s
0r
1y
1c
0i
#4311968890
0t
0s
0r
1y
1c
0i
#4311969299
1t
0s
0r
1y
1c
0i
#4311969943
0t
0s
0r
1y
1c
0i
#4311970350
1t
0s
0r
1y
1c
0i
#4311972020
0t
0s
0r
1y
1c
0i
#4311973190
1t
0s
0r
1y
1c
0i
#4311974154
0t
0s
0r
1y
1c
0i
#4311974549
1t
0s
0r
1y
1c
0i
#4311975194
0t
0s
0r
1y
1c
0i
#4311975599
1t
0s
0r
1y
1c
0i
#4311976242
0t
0s
0r
1y
1c
0i
#4311976648
1t
0s
0r
1y
1c
0i
#4311977290
0t
0s
0r
1y
1c
0i
#4311977698
1t
0s
0r
1y
1c
0i
#4311978339
0t
0s
0r
1y
1c
0i
#4311978746
1t
0s
0r
1y
1c
0i
#4311979390
0t
0s
0r
1y
1c
0i
#4311979795
1t
0s
0r
1y
1c
0i
#4311980436
0t
0s
0r
1y
1c
0i
#4311980842
1t
0s
0r
1y
1c
0i
#4311981484
0t
0s
0r
1y
1c
0i
#4311981889
1t
0s
0r
1y
1c
0i
#4311982534
0t
0s
0r
1y
1c
0i
#4311982940
1t
0s
0r
1y
1c
0i
#4311983580
0t
0s
0r
1y
0c
0i
#4311983988
1t
0s
0r
1y
0c
0i
#4311984631
0t
0s
0r
1y
0c
0i
#4311985038
1t
0s
0r
1y
0c
0i
#4311985686
0t
0s
0r
1y
0c
1i
#4311986091
1t
0s
0r
1y
0c
1i
#4311986736
0t
0s
0r
1y
0c
1i
#4311987144
1t
0s
0r
1y
0c
1i
#4311987791
0t
0s
0r
1y
0c
1i
#4311988199
1t
0s
0r
1y
0c
1i
#4311988280
1t
0s
1r
1y
0c
1i
#4311988282
1t
0s
0r
1y
0c
1i
#4311988849
0t
0s
0r
1y
0c
0i
#4311989256
1t
0s
0r
1y
0c
0i
#4311989902
0t
0s
0r
1y
0c
0i
#4311990310
1t
0s
0r
1y
0c
0i
#4311990957
0t
0s
0r
1y
0c
0i
#4311991364
1t
0s
0r
1y
0c
0i
#4311992013
0t
0s
0r
1y
0c
0i
#4311992418
1t
0s
0r
1y
0c
0i
#4311993063
0t
0s
0r
1y
0c
0i
#4311993471
1t
0s
0r
1y
0c
0i
#4311994115
0t
0s
0r
1y
0c
0i
#4311994521
1t
0s
0r
1y
0c
0i
#4311995168
0t
0s
0r
1y
0c
0i
#4311995572
1t
0s
0r
1y
0c
0i
#4311996215
0t
0s
0r
1y
0c
0i
#4311996620
1t
0s
0r
1y
0c
0i
#4311997263
0t
0s
0r
1y
0c
0i
#4311997666
1t
0s
0r
1y
0c
0i
#4311998311
0t
0s
0r
1y
0c
0i
#4311998713
1t
0s
0r
1y
0c
0i
#4311999352
0t
0s
0r
1y
0c
0i
#4311999756
1t
0s
0r
1y
0c
0i
#4312000397
0t
0s
0r
1y
0c
0i
#4312000800
1t
0s
0r
1y
0c
0i
#4312001444
0t
0s
0r
1y
0c
0i
#4312001846
1t
0s
0r
1y
0c
0i
#4312002487
0t
0s
0r
1y
0c
0i
#4312002890
1t
0s
0r
1y
0c
0i
#4312003530
0t
0s
0r
1y
0c
0i
#4312003936
1t
0s
0r
1y
0c
0i
#4312004578
0t
0s
0r
1y
0c
0i
#4312004982
1t
0s
0r
1y
0c
0i
#4312005621
0t
0s
0r
1y
0c
0i
#4312006026
1t
0s
0r
1y
0c
0i
#4312006666
0t
0s
0r
1y
0c
0i
#4312007071
1t
0s
0r
1y
0c
0i
#4312007714
0t
0s
0r
1y
0c
0i
#4312008117
1t
0s
0r
1y
0c
0i
#4312008755
0t
0s
0r
1y
0c
0i
#4312009161
1t
0s
0r
1y
0c
0i
#4312009801
0t
0s
0r
1y
0c
0i
#4312010206
1t
0s
0r
1y
0c
0i
#4312010847
0t
0s
0r
1y
0c
0i
#4312011251
1t
0s
0r
1y
0c
0i
#4312011889
0t
0s
0r
1y
0c
0i
#4312012294
1t
0s
0r
1y
0c
0i
#4312012933
0t
0s
0r
1y
0c
0i
#4312013339
1t
0s
0r
1y
0c
0i
#4312013980
0t
0s
0r
1y
0c
0i
#4312014386
1t
0s
0r
1y
0c
0i
#4312015023
0t
0s
0r
1y
0c
0i
#4312015431
1t
0s
0r
1y
0c
0i
#4312016071
0t
0s
0r
1y
1c
0i
#4312016478
1t
0s
0r
1y
1c
0i
#4312017122
0t
0s
0r
1y
1c
1i
#4312017528
1t
0s
0r
1y
1c
1i
#4312018170
0t
0s
0r
1y
1c
1i
#4312018578
1t
0s
0r
1y
1c
1i
#4312019222
0t
0s
0r
1y
1c
1i
#4312019630
1t
0s
0r
1y
1c
1i
#4312020277
0t
0s
0r
1y
1c
0i
#4312020684
1t
0s
0r
1y
1c
0i
#4312021327
0t
0s
0r
1y
1c
0i
#4312021735
1t
0s
0r
1y
1c
0i
#4312022380
0t
0s
0r
1y
1c
0i
#4312022787
1t
0s
0r
1y
1c
0i
#4312023434
0t
0s
0r
1y
1c
0i
#4312023841
1t
0s
0r
1y
1c
0i
#4312024481
0t
0s
0r
1y
1c
0i
#4312024892
1t
0s
0r
1y
1c
0i
#4312025533
0t
0s
0r
1y
1c
0i
#4312025942
1t
0s
0r
1y
1c
0i
#4312026586
0t
0s
0r
1y
1c
0i
#4312026993
1t
0s
0r
1y
1c
0i
#4312027633
0t
0s
0r
1y
1c
0i
#4312028041
1t
0s
0r
1y
1c
0i
#4312028682
0t
0s
0r
1y
1c
0i
#4312029089
1t
0s
0r
1y
1c
0i
#4312029732
0t
0s
0r
1y
1c
0i
#4312030139
1t
0s
0r
1y
1c
0i
#4312030777
0t
0s
0r
1y
1c
0i
#4312031186
1t
0s
0r
1y
1c
0i
#4312031824
0t
0s
0r
1y
1c
0i
#4312032232
1t
0s
0r
1y
1c
0i
#4312032874
0t
0s
0r
1y
1c
0i
#4312033280
1t
0s
0r
1y
1c
0i
#4312034943
0t
0s
0r
1y
1c
0i
#4312036109
1t
0s
0r
1y
1c
0i
#4312037068
0t
0s
0r
1y
1c
0i
#4312037461
1t
0s
0r
1y
1c
0i
#4312038104
0t
0s
0r
1y
1c
0i
#4312038508
1t
0s
0r
1y
1c
0i
#4312039148
0t
0s
0r
1y
1c
0i
#4312039553
1t
0s
0r
1y
1c
0i
#4312040193
0t
0s
0r
1y
1c
0i
#4312040598
1t
0s
0r
1y
1c
0i
#4312041237
0t
0s
0r
1y
1c
0i
#4312041642
1t
0s
0r
1y
1c
0i
#4312042284
0t
0s
0r
1y
1c
0i
#4312042687
1t
0s
0r
1y
1c
0i
#4312043325
0t
0s
0r
1y
1c
0i
#4312043730
1t
0s
0r
1y
1c
0i
#4312044369
0t
0s
0r
1y
1c
0i
#4312044774
1t
0s
0r
1y
1c
0i
#4312045415
0t
0s
0r
1y
1c
0i
#4312045820
1t
0s
0r
1y
1c
0i
#4312046457
0t
0s
0r
1y
1c
0i
#4312046864
1t
0s
0r
1y
1c
0i
#4312047505
0t
0s
0r
1y
0c
0i
#4312047911
1t
0s
0r
1y
0c
0i
#4312048556
0t
0s
0r
1y
0c
1i
#4312048960
1t
0s
0r
1y
0c
1i
#4312049603
0t
0s
0r
1y
0c
1i
#4312050010
1t
0s
0r
1y
0c
1i
#4312050654
0t
0s
0r
1y
0c
1i
#4312051061
1t
0s
0r
1y
0c
1i
#4312051709
0t
0s
0r
1y
0c
0i
#4312052114
1t
0s
0r
1y
0c
0i
#4312052758
0t
0s
0r
1y
0c
0i
#4312053165
1t
0s
0r
1y
0c
0i
#4312053809
0t
0s
0r
1y
0c
0i
#4312054215
1t
0s
0r
1y
0c
0i
#4312054862
0t
0s
0r
1y
0c
0i
#4312055266
1t
0s
0r
1y
0c
0i
#4312055908
0t
0s
0r
1y
0c
0i
#4312056316
1t
0s
0r
1y
0c
0i
#4312056958
0t
0s
0r
1y
0c
0i
#4312057365
1t
0s
0r
1y
0c
0i
#4312058011
0t
0s
0r
1y
0c
0i
#4312058415
1t
0s
0r
1y
0c
0i
#4312059057
0t
0s
0r
1y
0c
0i
#4312059463
1t
0s
0r
1y
0c
0i
#4312060107
0t
0s
0r
1y
0c
0i
#4312060511
1t
0s
0r
1y
0c
0i
#4312061158
0t
0s
0r
1y
0c
0i
#4312061560
1t
0s
0r
1y
0c
0i
#4312062202
0t
0s
0r
1y
0c
0i
#4312062606
1t
0s
0r
1y
0c
0i
#4312063249
0t
0s
0r
1y
0c
0i
#4312063653
1t
0s
0r
1y
0c
0i
#4312064298
0t
0s
0r
1y
0c
0i
#4312064700
1t
0s
0r
1y
0c
0i
#4312065341
0t
0s
0r
1y
0c
0i
#4312065746
1t
0s
0r
1y
0c
0i
#4312066387
0t
0s
0r
1y
0c
0i
#4312066792
1t
0s
0r
1y
0c
0i
#4312067435
0t
0s
0r
1y
0c
0i
#4312067838
1t
0s
0r
1y
0c
0i
#4312068477
0t
0s
0r
1y
0c
0i
#4312068882
1t
0s
0r
1y
0c
0i
#4312069521
0t
0s
0r
1y
0c
0i
#4312069926
1t
0s
0r
1y
0c
0i
#4312070568
0t
0s
0r
1y
0c
0i
#4312070971
1t
0s
0r
1y
0c
0i
#4312071609
0t
0s
0r
1y
0c
0i
#4312072014
1t
0s
0r
1y
0c
0i
#4312072653
0t
0s
0r
1y
0c
0i
#4312073058
1t
0s
0r
1y
0c
0i
#4312073698
0t
0s
0r
1y
0c
0i
#4312074102
1t
0s
0r
1y
0c
0i
#4312074739
0t
0s
0r
1y
0c
0i
#4312075144
1t
0s
0r
1y
0c
0i
#4312075782
0t
0s
0r
1y
0c
0i
#4312076187
1t
0s
0r
1y
0c
0i
#4312076827
0t
0s
0r
1y
0c
0i
#4312077234
1t
0s
0r
1y
0c
0i
#4312077870
0t
0s
0r
1y
0c
0i
#4312078277
1t
0s
0r
1y
0c
0i
#4312078916
0t
0s
0r
1y
1c
0i
#4312079323
1t
0s
0r
1y
1c
0i
#4312079966
0t
0s
0r
1y
1c
1i
#4312080372
1t
0s
0r
1y
1c
1i
#4312081013
0t
0s
0r
1y
1c
1i
#4312081421
1t
0s
0r
1y
1c
1i
#4312082065
0t
0s
0r
1y
1c
1i
#4312082472
1t
0s
0r
1y
1c
1i
#4312083119
0t
0s
0r
1y
1c
0i
#4312083526
1t
0s
0r
1y
1c
0i
#4312084167
0t
0s
0r
1y
1c
0i
#4312084576
1t
0s
0r
1y
1c
0i
#4312085219
0t
0s
0r
1y
1c
0i
#4312085626
1t
0s
0r
1y
1c
0i
#4312086271
0t
0s
0r
1y
1c
0i
#4312086678
1t
0s
0r
1y
1c
0i
#4312087318
0t
0s
0r
1y
1c
0i
#4312087727
1t
0s
0r
1y
1c
0i
#4312088367
0t
0s
0r
1y
1c
0i
#4312088775
1t
0s
0r
1y
1c
0i
#4312089418
0t
0s
0r
1y
1c
0i
#4312089825
1t
0s
0r
1y
1c
0i
#4312090463
0t
0s
0r
1y
1c
0i
#4312090871
1t
0s
0r
1y
1c
0i
#4312091510
0t
0s
0r
1y
1c
0i
#4312091917
1t
0s
0r
1y
1c
0i
#4312092558
0t
0s
0r
1y
1c
0i
#4312092964
1t
0s
0r
1y
1c
0i
#4312093601
0t
0s
0r
1y
1c
0i
#4312094009
1t
0s
0r
1y
1c
0i
#4312094647
0t
0s
0r
1y
1c
0i
#4312095054
1t
0s
0r
1y
1c
0i
#4312095694
0t
0s
0r
1y
1c
0i
#4312096100
1t
0s
0r
1y
1c
0i
#4312097760
0t
0s
0r
1y
1c
0i
#4312098924
1t
0s
0r
1y
1c
0i
#4312099882
0t
0s
0r
1y
1c
0i
#4312100275
1t
0s
0r
1y
1c
0i
#4312100917
0t
0s
0r
1y
1c
0i
#4312101320
1t
0s
0r
1y
1c
0i
#4312101960
0t
0s
0r
1y
1c
0i
#4312102364
1t
0s
0r
1y
1c
0i
#4312103003
0t
0s
0r
1y
1c
0i
#4312103409
1t
0s
0r
1y
1c
0i
#4312104048
0t
0s
0r
1y
1c
0i
#4312104452
1t
0s
0r
1y
1c
0i
#4312105094
0t
0s
0r
1y
1c
0i
#4312105496
1t
0s
0r
1y
1c
0i
#4312106133
0t
0s
0r
1y
1c
0i
#4312106538
1t
0s
0r
1y
1c
0i
#4312107177
0t
0s
0r
1y
1c
0i
#4312107581
1t
0s
0r
1y
1c
0i
#4312108222
0t
0s
0r
1y
1c
0i
#4312108627
1t
0s
0r
1y
1c
0i
#4312109264
0t
0s
0r
1y
1c
0i
#4312109670
1t
0s
0r
1y
1c
0i
#4312110310
0t
0s
0r
1y
0c
0i
#4312110716
1t
0s
0r
1y
0c
0i
#4312111360
0t
0s
0r
1y
0c
1i
#4312111764
1t
0s
0r
1y
0c
1i
#4312112407
0t
0s
0r
1y
0c
1i
#4312112813
1t
0s
0r
1y
0c
1i
#4312113456
0t
0s
0r
1y
0c
1i
#4312113863
1t
0s
0r
1y
0c
1i
#4312113952
1t
0s
1r
1y
0c
1i
#4312113954
1t
0s
0r
1y
0c
1i
#4312114510
0t
0s
0r
1y
0c
0i
#4312114915
1t
0s
0r
1y
0c
0i
#4312115559
0t
0s
0r
1y
0c
0i
#4312115965
1t
0s
0r
1y
0c
0i
#4312116609
0t
0s
0r
1y
0c
0i
#4312117014
1t
0s
0r
1y
0c
0i
#4312117661
0t
0s
0r
1y
0c
0i
#4312118064
1t
0s
0r
1y
0c
0i
#4312118706
0t
0s
0r
1y
0c
0i
#4312119113
1t
0s
0r
1y
0c
0i
#4312119756
0t
0s
0r
1y
0c
0i
#4312120161
1t
0s
0r
1y
0c
0i
#4312120808
0t
0s
0r
1y
0c
0i
#4312121211
1t
0s
0r
1y
0c
0i
#4312121855
0t
0s
0r
1y
0c
0i
#4312122260
1t
0s
0r
1y
0c
0i
#4312122904
0t
0s
0r
1y
0c
0i
#4312123309
1t
0s
0r
1y
0c
0i
#4312123956
0t
0s
0r
1y
0c
0i
#4312124360
1t
0s
0r
1y
0c
0i
#4312125003
0t
0s
0r
1y
0c
0i
#4312125409
1t
0s
0r
1y
0c
0i
#4312126053
0t
0s
0r
1y
0c
0i
#4312126459
1t
0s
0r
1y
0c
0i
#4312127106
0t
0s
0r
1y
0c
0i
#4312127510
1t
0s
0r
1y
0c
0i
#4312128154
0t
0s
0r
1y
0c
0i
#4312128559
1t
0s
0r
1y
0c
0i
#4312129203
0t
0s
0r
1y
0c
0i
#4312129610
1t
0s
0r
1y
0c
0i
#4312130255
0t
0s
0r
1y
0c
0i
#4312130660
1t
0s
0r
1y
0c
0i
#4312131301
0t
0s
0r
1y
0c
0i
#4312131708
1t
0s
0r
1y
0c
0i
#4312132351
0t
0s
0r
1y
0c
0i
#4312132756
1t
0s
0r
1y
0c
0i
#4312133402
0t
0s
0r
1y
0c
0i
#4312133806
1t
0s
0r
1y
0c
0i
#4312134447
0t
0s
0r
1y
0c
0i
#4312134854
1t
0s
0r
1y
0c
0i
#4312135496
0t
0s
0r
1y
0c
0i
#4312135902
1t
0s
0r
1y
0c
0i
#4312136546
0t
0s
0r
1y
0c
0i
#4312136951
1t
0s
0r
1y
0c
0i
#4312137592
0t
0s
0r
1y
0c
0i
#4312137999
1t
0s
0r
1y
0c
0i
#4312138641
0t
0s
0r
1y
0c
0i
#4312139047
1t
0s
0r
1y
0c
0i
#4312139691
0t
0s
0r
1y
0c
0i
#4312140099
1t
0s
0r
1y
0c
0i
#4312140739
0t
0s
0r
1y
0c
0i
#4312141148
1t
0s
0r
1y
0c
0i
#4312141791
0t
0s
0r
1y
1c
0i
#4312142199
1t
0s
0r
1y
1c
0i
#4312142847
0t
0s
0r
1y
1c
1i
#4312143254
1t
0s
0r
1y
1c
1i
#4312143899
0t
0s
0r
1y
1c
1i
#4312144309
1t
0s
0r
1y
1c
1i
#4312144956
0t
0s
0r
1y
1c
1i
#4312145365
1t
0s
0r
1y
1c
1i
#4312146015
0t
0s
0r
1y
1c
0i
#4312146424
1t
0s
0r
1y
1c
0i
#4312147069
0t
0s
0r
1y
1c
0i
#4312147479
1t
0s
0r
1y
1c
0i
#4312148125
0t
0s
0r
1y
1c
0i
#4312148534
1t
0s
0r
1y
1c
0i
#4312149184
0t
0s
0r
1y
1c
0i
#4312149591
1t
0s
0r
1y
1c
0i
#4312150235
0t
0s
0r
1y
1c
0i
#4312150646
1t
0s
0r
1y
1c
0i
#4312151289
0t
0s
0r
1y
1c
0i
#4312151699
1t
0s
0r
1y
1c
0i
#4312152345
0t
0s
0r
1y
1c
0i
#4312152754
1t
0s
0r
1y
1c
0i
#4312153396
0t
0s
0r
1y
1c
0i
#4312153805
1t
0s
0r
1y
1c
0i
#4312154448
0t
0s
0r
1y
1c
0i
#4312154857
1t
0s
0r
1y
1c
0i
#4312155502
0t
0s
0r
1y
1c
0i
#4312155911
1t
0s
0r
1y
1c
0i
#4312156551
0t
0s
0r
1y
1c
0i
#4312156962
1t
0s
0r
1y
1c
0i
#4312157603
0t
0s
0r
1y
1c
0i
#4312158012
1t
0s
0r
1y
1c
0i
#4312158657
0t
0s
0r
1y
1c
0i
#4312159064
1t
0s
0r
1y
1c
0i
#4312160735
0t
0s
0r
1y
1c
0i
#4312161905
1t
0s
0r
1y
1c
0i
#4312162870
0t
0s
0r
1y
1c
0i
#4312163264
1t
0s
0r
1y
1c
0i
#4312163910
0t
0s
0r
1y
1c
0i
#4312164316
1t
0s
0r
1y
1c
0i
#4312164959
0t
0s
0r
1y
1c
0i
#4312165366
1t
0s
0r
1y
1c
0i
#4312166008
0t
0s
0r
1y
1c
0i
#4312166416
1t
0s
0r
1y
1c
0i
#4312167059
0t
0s
0r
1y
1c
0i
#4312167465
1t
0s
0r
1y
1c
0i
#4312168110
0t
0s
0r
1y
1c
0i
#4312168515
1t
0s
0r
1y
1c
0i
#4312169156
0t
0s
0r
1y
1c
0i
#4312169563
1t
0s
0r
1y
1c
0i
#4312170206
0t
0s
0r
1y
1c
0i
#4312170611
1t
0s
0r
1y
1c
0i
#4312171256
0t
0s
0r
1y
1c
0i
#4312171663
1t
0s
0r
1y
1c
0i
#4312172304
0t
0s
0r
1y
1c
0i
#4312172713
1t
0s
0r
1y
1c
0i
#4312173356
0t
0s
0r
1y
0c
0i
#4312173764
1t
0s
0r
1y
0c
0i
#4312174412
0t
0s
0r
1y
0c
1i
#4312174818
1t
0s
0r
1y
0c
1i
#4312175464
0t
0s
0r
1y
0c
1i
#4312175872
1t
0s
0r
1y
0c
1i
#4312176520
0t
0s
0r
1y
0c
1i
#4312176929
1t
0s
0r
1y
0c
1i
#4312177579
0t
0s
0r
1y
0c
0i
#4312177987
1t
0s
0r
1y
0c
0i
#4312178633
0t
0s
0r
1y
0c
0i
#4312179041
1t
0s
0r
1y
0c
0i
#4312179689
0t
0s
0r
1y
0c
0i
#4312180096
1t
0s
0r
1y
0c
0i
#4312180746
0t
0s
0r
1y
0c
0i
#4312181152
1t
0s
0r
1y
0c
0i
#4312181797
0t
0s
0r
1y
0c
0i
#4312182206
1t
0s
0r
1y
0c
0i
#4312182851
0t
0s
0r
1y
0c
0i
#4312183259
1t
0s
0r
1y
0c
0i
#4312183908
0t
0s
0r
1y
0c
0i
#4312184313
1t
0s
0r
1y
0c
0i
#4312184958
0t
0s
0r
1y
0c
0i
#4312185365
1t
0s
0r
1y
0c
0i
#4312186012
0t
0s
0r
1y
0c
0i
#4312186418
1t
0s
0r
1y
0c
0i
#4312187067
0t
0s
0r
1y
0c
0i
#4312187472
1t
0s
0r
1y
0c
0i
#4312188116
0t
0s
0r
1y
0c
0i
#4312188523
1t
0s
0r
1y
0c
0i
#4312189169
0t
0s
0r
1y
0c
0i
#4312189575
1t
0s
0r
1y
0c
0i
#4312190224
0t
0s
0r
1y
0c
0i
#4312190629
1t
0s
0r
1y
0c
0i
#4312191274
0t
0s
0r
1y
0c
0i
#4312191681
1t
0s
0r
1y
0c
0i
#4312192326
0t
0s
0r
1y
0c
0i
#4312192734
1t
0s
0r
1y
0c
0i
#4312193381
0t
0s
0r
1y
0c
0i
#4312193787
1t
0s
0r
1y
0c
0i
#4312194430
0t
0s
0r
1y
0c
0i
#4312194838
1t
0s
0r
1y
0c
0i
#4312195483
0t
0s
0r
1y
0c
0i
#4312195889
1t
0s
0r
1y
0c
0i
#4312196537
0t
0s
0r
1y
0c
0i
#4312196942
1t
0s
0r
1y
0c
0i
#4312197584
0t
0s
0r
1y
0c
0i
#4312197992
1t
0s
0r
1y
0c
0i
#4312198636
0t
0s
0r
1y
0c
0i
#4312199043
1t
0s
0r
1y
0c
0i
#4312199689
0t
0s
0r
1y
0c
0i
#4312200095
1t
0s
0r
1y
0c
0i
#4312200736
0t
0s
0r
1y
0c
0i
#4312201144
1t
0s
0r
1y
0c
0i
#4312201787
0t
0s
0r
1y
0c
0i
#4312202195
1t
0s
0r
1y
0c
0i
#4312202840
0t
0s
0r
1y
0c
0i
#4312203248
1t
0s
0r
1y
0c
0i
#4312203889
0t
0s
0r
1y
0c
0i
#4312204299
1t
0s
0r
1y
0c
0i
#4312204942
0t
0s
0r
1y
1c
0i
#4312205351
1t
0s
0r
1y
1c
0i
#4312206000
0t
0s
0r
1y
1c
1i
#4312206407
1t
0s
0r
1y
1c
1i
#4312207053
0t
0s
0r
1y
1c
1i
#4312207463
1t
0s
0r
1y
1c
1i
#4312208111
0t
0s
0r
1y
1c
1i
#4312208521
1t
0s
0r
1y
1c
1i
#4312209171
0t
0s
0r
1y
1c
0i
#4312209581
1t
0s
0r
1y
1c
0i
#4312210227
0t
0s
0r
1y
1c
0i
#4312210637
1t
0s
0r
1y
1c
0i
#4312211284
0t
0s
0r
1y
1c
0i
#4312211694
1t
0s
0r
1y
1c
0i
#4312212344
0t
0s
0r
1y
1c
0i
#4312212753
1t
0s
0r
1y
1c
0i
#4312213397
0t
0s
0r
1y
1c
0i
#4312213809
1t
0s
0r
1y
1c
0i
#4312214454
0t
0s
0r
1y
1c
0i
#4312214866
1t
0s
0r
1y
1c
0i
#4312215514
0t
0s
0r
1y
1c
0i
#4312215924
1t
0s
0r
1y
1c
0i
#4312216570
0t
0s
0r
1y
1c
0i
#4312216980
1t
0s
0r
1y
1c
0i
#4312217627
0t
0s
0r
1y
1c
0i
#4312218039
1t
0s
0r
1y
1c
0i
#4312218688
0t
0s
0r
1y
1c
0i
#4312219100
1t
0s
0r
1y
1c
0i
#4312219745
0t
0s
0r
1y
1c
0i
#4312220159
1t
0s
0r
1y
1c
0i
#4312220806
0t
0s
0r
1y
1c
0i
#4312221218
1t
0s
0r
1y
1c
0i
#4312221869
0t
0s
0r
1y
1c
0i
#4312222280
1t
0s
0r
1y
1c
0i
#4312223965
0t
0s
0r
1y
1c
0i
#4312225145
1t
0s
0r
1y
1c
0i
#4312226117
0t
0s
0r
1y
1c
0i
#4312226515
1t
0s
0r
1y
1c
0i
#4312227166
0t
0s
0r
1y
1c
0i
#4312227574
1t
0s
0r
1y
1c
0i
#4312228222
0t
0s
0r
1y
1c
0i
#4312228632
1t
0s
0r
1y
1c
0i
#4312229279
0t
0s
0r
1y
1c
0i
#4312229689
1t
0s
0r
1y
1c
0i
#4312230337
0t
0s
0r
1y
1c
0i
#4312230746
1t
0s
0r
1y
1c
0i
#4312231396
0t
0s
0r
1y
1c
0i
#4312231803
1t
0s
0r
1y
1c
0i
#4312232448
0t
0s
0r
1y
1c
0i
#4312232858
1t
0s
0r
1y
1c
0i
#4312233506
0t
0s
0r
1y
1c
0i
#4312233914
1t
0s
0r
1y
1c
0i
#4312234563
0t
0s
0r
1y
1c
0i
#4312234973
1t
0s
0r
1y
1c
0i
#4312235619
0t
0s
0r
1y
1c
0i
#4312236030
1t
0s
0r
1y
1c
0i
#4312236679
0t
0s
0r
1y
0c
0i
#4312237089
1t
0s
0r
1y
0c
0i
#4312237742
0t
0s
0r
1y
0c
1i
#4312238151
1t
0s
0r
1y
0c
1i
#4312238802
0t
0s
0r
1y
0c
1i
#4312239213
1t
0s
0r
1y
0c
1i
#4312239866
0t
0s
0r
1y
0c
1i
#4312240231
0t
0s
1r
1y
0c
1i
#4312240233
0t
0s
0r
1y
0c
1i
#4312240277
1t
0s
0r
1y
0c
1i
#4312240933
0t
0s
0r
1y
0c
0i
#4312241343
1t
0s
0r
1y
0c
0i
#4312241995
0t
0s
0r
1y
0c
0i
#4312242406
1t
0s
0r
1y
0c
0i
#4312243059
0t
0s
0r
1y
0c
0i
#4312243469
1t
0s
0r
1y
0c
0i
#4312244125
0t
0s
0r
1y
0c
0i
#4312244534
1t
0s
0r
1y
0c
0i
#4312245184
0t
0s
0r
1y
0c
0i
#4312245596
1t
0s
0r
1y
0c
0i
#4312246248
0t
0s
0r
1y
0c
0i
#4312246659
1t
0s
0r
1y
0c
0i
#4312247314
0t
0s
0r
1y
0c
0i
#4312247723
1t
0s
0r
1y
0c
0i
#4312248377
0t
0s
0r
1y
0c
0i
#4312248787
1t
0s
0r
1y
0c
0i
#4312249442
0t
0s
0r
1y
0c
0i
#4312249852
1t
0s
0r
1y
0c
0i
#4312250510
0t
0s
0r
1y
0c
0i
#4312250919
1t
0s
0r
1y
0c
0i
#4312251573
0t
0s
0r
1y
0c
0i
#4312251984
1t
0s
0r
1y
0c
0i
#4312252640
0t
0s
0r
1y
0c
0i
#4312253051
1t
0s
0r
1y
0c
0i
#4312253710
0t
0s
0r
1y
0c
0i
#4312254119
1t
0s
0r
1y
0c
0i
#4312254775
0t
0s
0r
1y
0c
0i
#4312255186
1t
0s
0r
1y
0c
0i
#4312255841
0t
0s
0r
1y
0c
0i
#4312256254
1t
0s
0r
1y
0c
0i
#4312256911
0t
0s
0r
1y
0c
0i
#4312257323
1t
0s
0r
1y
0c
0i
#4312257976
0t
0s
0r
1y
0c
0i
#4312258388
1t
0s
0r
1y
0c
0i
#4312259043
0t
0s
0r
1y
0c
0i
#4312259454
1t
0s
0r
1y
0c
0i
#4312260111
0t
0s
0r
1y
0c
0i
#4312260521
1t
0s
0r
1y
0c
0i
#4312261173
0t
0s
0r
1y
0c
0i
#4312261586
1t
0s
0r
1y
0c
0i
#4312262238
0t
0s
0r
1y
0c
0i
#4312262651
1t
0s
0r
1y
0c
0i
#4312263306
0t
0s
0r
1y
0c
0i
#4312263717
1t
0s
0r
1y
0c
0i
#4312264368
0t
0s
0r
1y
0c
0i
#4312264781
1t
0s
0r
1y
0c
0i
#4312265434
0t
0s
0r
1y
0c
0i
#4312265846
1t
0s
0r
1y
0c
0i
#4312266501
0t
0s
0r
1y
0c
0i
#4312266914
1t
0s
0r
1y
0c
0i
#4312267565
0t
0s
0r
1y
0c
0i
#4312267980
1t
0s
0r
1y
0c
0i
#4312268634
0t
0s
0r
1y
1c
0i
#4312269049
1t
0s
0r
1y
1c
0i
#4312269708
0t
0s
0r
1y
1c
1i
#4312270121
1t
0s
0r
1y
1c
1i
#4312270778
0t
0s
0r
1y
1c
1i
#4312271193
1t
0s
0r
1y
1c
1i
#4312271852
0t
0s
0r
1y
1c
1i
#4312272268
1t
0s
0r
1y
1c
1i
#4312272930
0t
0s
0r
1y
1c
0i
#4312273344
1t
0s
0r
1y
1c
0i
#4312274001
0t
0s
0r
1y
1c
0i
#4312274417
1t
0s
0r
1y
1c
0i
#4312275075
0t
0s
0r
1y
1c
0i
#4312275491
1t
0s
0r
1y
1c
0i
#4312276151
0t
0s
0r
1y
1c
0i
#4312276565
1t
0s
0r
1y
1c
0i
#4312277218
0t
0s
0r
1y
1c
0i
#4312277635
1t
0s
0r
1y
1c
0i
#4312278288
0t
0s
0r
1y
1c
0i
#4312278704
1t
0s
0r
1y
1c
0i
#4312279359
0t
0s
0r
1y
1c
0i
#4312279771
1t
0s
0r
1y
1c
0i
#4312280421
0t
0s
0r
1y
1c
0i
#4312280834
1t
0s
0r
1y
1c
0i
#4312281484
0t
0s
0r
1y
1c
0i
#4312281896
1t
0s
0r
1y
1c
0i
#4312282548
0t
0s
0r
1y
1c
0i
#4312282959
1t
0s
0r
1y
1c
0i
#4312283605
0t
0s
0r
1y
1c
0i
#4312284019
1t
0s
0r
1y
1c
0i
#4312284666
0t
0s
0r
1y
1c
0i
#4312285078
1t
0s
0r
1y
1c
0i
#4312285729
0t
0s
0r
1y
1c
0i
#4312286140
1t
0s
0r
1y
1c
0i
#4312287826
0t
0s
0r
1y
1c
0i
#4312289007
1t
0s
0r
1y
1c
0i
#4312289980
0t
0s
0r
1y
1c
0i
#4312290379
1t
0s
0r
1y
1c
0i
#4312291031
0t
0s
0r
1y
1c
0i
#4312291440
1t
0s
0r
1y
1c
0i
#4312292090
0t
0s
0r
1y
1c
0i
#4312292500
1t
0s
0r
1y
1c
0i
#4312293150
0t
0s
0r
1y
1c
0i
#4312293561
1t
0s
0r
1y
1c
0i
#4312294209
0t
0s
0r
1y
1c
0i
#4312294620
1t
0s
0r
1y
1c
0i
#4312295271
0t
0s
0r
1y
1c
0i
#4312295680
1t
0s
0r
1y
1c
0i
#4312296327
0t
0s
0r
1y
1c
0i
#4312296737
1t
0s
0r
1y
1c
0i
#4312297387
0t
0s
0r
1y
1c
0i
#4312297796
1t
0s
0r
1y
1c
0i
#4312298448
0t
0s
0r
1y
1c
0i
#4312298858
1t
0s
0r
1y
1c
0i
#4312299506
0t
0s
0r
1y
0c
0i
#4312299918
1t
0s
0r
1y
0c
0i
#4312300569
0t
0s
0r
1y
0c
0i
#4312300980
1t
0s
0r
1y
0c
0i
#4312301635
0t
0s
0r
1y
0c
1i
#4312302045
1t
0s
0r
1y
0c
1i
#4312302698
0t
0s
0r
1y
0c
1i
#4312303110
1t
0s
0r
1y
0c
1i
#4312303765
0t
0s
0r
1y
0c
1i
#4312304177
1t
0s
0r
1y
0c
1i
#4312304835
0t
0s
0r
1y
0c
0i
#4312305246
1t
0s
0r
1y
0c
0i
#4312305900
0t
0s
0r
1y
0c
0i
#4312306312
1t
0s
0r
1y
0c
0i
#4312306967
0t
0s
0r
1y
0c
0i
#4312307378
1t
0s
0r
1y
0c
0i
#4312308035
0t
0s
0r
1y
0c
0i
#4312308443
1t
0s
0r
1y
0c
0i
#4312309093
0t
0s
0r
1y
0c
0i
#4312309505
1t
0s
0r
1y
0c
0i
#4312310154
0t
0s
0r
1y
0c
0i
#4312310563
1t
0s
0r
1y
0c
0i
#4312311212
0t
0s
0r
1y
0c
0i
#4312311618
1t
0s
0r
1y
0c
0i
#4312312262
0t
0s
0r
1y
0c
0i
#4312312669
1t
0s
0r
1y
0c
0i
#4312313312
0t
0s
0r
1y
0c
0i
#4312313717
1t
0s
0r
1y
0c
0i
#4312314362
0t
0s
0r
1y
0c
0i
#4312314765
1t
0s
0r
1y
0c
0i
#4312315405
0t
0s
0r
1y
0c
0i
#4312315810
1t
0s
0r
1y
0c
0i
#4312316451
0t
0s
0r
1y
0c
0i
#4312316855
1t
0s
0r
1y
0c
0i
#4312317499
0t
0s
0r
1y
0c
0i
#4312317902
1t
0s
0r
1y
0c
0i
#4312318543
0t
0s
0r
1y
0c
0i
#4312318948
1t
0s
0r
1y
0c
0i
#4312319589
0t
0s
0r
1y
0c
0i
#4312319996
1t
0s
0r
1y
0c
0i
#4312320640
0t
0s
0r
1y
0c
0i
#4312321044
1t
0s
0r
1y
0c
0i
#4312321684
0t
0s
0r
1y
0c
0i
#4312322090
1t
0s
0r
1y
0c
0i
#4312322732
0t
0s
0r
1y
0c
0i
#4312323137
1t
0s
0r
1y
0c
0i
#4312323782
0t
0s
0r
1y
0c
0i
#4312324186
1t
0s
0r
1y
0c
0i
#4312324825
0t
0s
0r
1y
0c
0i
#4312325232
1t
0s
0r
1y
0c
0i
#4312325873
0t
0s
0r
1y
0c
0i
#4312326279
1t
0s
0r
1y
0c
0i
#4312326922
0t
0s
0r
1y
0c
0i
#4312327326
1t
0s
0r
1y
0c
0i
#4312327966
0t
0s
0r
1y
0c
0i
#4312328372
1t
0s
0r
1y
0c
0i
#4312329012
0t
0s
0r
1y
0c
0i
#4312329418
1t
0s
0r
1y
0c
0i
#4312330061
0t
0s
0r
1y
0c
0i
#4312330468
1t
0s
0r
1y
0c
0i
#4312331106
0t
0s
0r
1y
0c
0i
#4312331515
1t
0s
0r
1y
0c
0i
#4312332156
0t
0s
0r
1y
1c
0i
#4312332564
1t
0s
0r
1y
1c
0i
#4312333209
0t
0s
0r
1y
1c
1i
#4312333616
1t
0s
0r
1y
1c
1i
#4312334259
0t
0s
0r
1y
1c
1i
#4312334668
1t
0s
0r
1y
1c
1i
#4312335313
0t
0s
0r
1y
1c
1i
#4312335722
1t
0s
0r
1y
1c
1i
#4312336371
0t
0s
0r
1y
1c
0i
#4312336778
1t
0s
0r
1y
1c
0i
#4312337422
0t
0s
0r
1y
1c
0i
#4312337832
1t
0s
0r
1y
1c
0i
#4312338477
0t
0s
0r
1y
1c
0i
#4312338885
1t
0s
0r
1y
1c
0i
#4312339532
0t
0s
0r
1y
1c
0i
#4312339940
1t
0s
0r
1y
1c
0i
#4312340581
0t
0s
0r
1y
1c
0i
#4312340991
1t
0s
0r
1y
1c
0i
#4312341633
0t
0s
0r
1y
1c
0i
#4312342042
1t
0s
0r
1y
1c
0i
#4312342686
0t
0s
0r
1y
1c
0i
#4312343094
1t
0s
0r
1y
1c
0i
#4312343734
0t
0s
0r
1y
1c
0i
#4312344142
1t
0s
0r
1y
1c
0i
#4312344783
0t
0s
0r
1y
1c
0i
#4312345191
1t
0s
0r
1y
1c
0i
#4312345833
0t
0s
0r
1y
1c
0i
#4312346241
1t
0s
0r
1y
1c
0i
#4312346879
0t
0s
0r
1y
1c
0i
#4312347288
1t
0s
0r
1y
1c
0i
#4312347927
0t
0s
0r
1y
1c
0i
#4312348335
1t
0s
0r
1y
1c
0i
#4312348978
0t
0s
0r
1y
1c
0i
#4312349384
1t
0s
0r
1y
1c
0i
#4312351049
0t
0s
0r
1y
1c
0i
#4312352215
1t
0s
0r
1y
1c
0i
#4312353176
0t
0s
0r
1y
1c
0i
#4312353570
1t
0s
0r
1y
1c
0i
#4312354213
0t
0s
0r
1y
1c
0i
#4312354617
1t
0s
0r
1y
1c
0i
#4312355258
0t
0s
0r
1y
1c
0i
#4312355664
1t
0s
0r
1y
1c
0i
#4312356304
0t
0s
0r
1y
1c
0i
#4312356710
1t
0s
0r
1y
1c
0i
#4312357350
0t
0s
0r
1y
1c
0i
#4312357756
1t
0s
0r
1y
1c
0i
#4312358399
0t
0s
0r
1y
1c
0i
#4312358802
1t
0s
0r
1y
1c
0i
#4312359441
0t
0s
0r
1y
1c
0i
#4312359846
1t
0s
0r
1y
1c
0i
#4312360486
0t
0s
0r
1y
1c
0i
#4312360891
1t
0s
0r
1y
1c
0i
#4312361534
0t
0s
0r
1y
1c
0i
#4312361939
1t
0s
0r
1y
1c
0i
#4312362578
0t
0s
0r
1y
1c
0i
#4312362985
1t
0s
0r
1y
1c
0i
#4312363626
0t
0s
0r
1y
0c
0i
#4312364032
1t
0s
0r
1y
0c
0i
#4312364678
0t
0s
0r
1y
0c
1i
#4312365083
1t
0s
0r
1y
0c
1i
#4312365726
0t
0s
0r
1y
0c
1i
#4312366133
1t
0s
0r
1y
0c
1i
#4312366778
0t
0s
0r
1y
0c
1i
#4312367186
1t
0s
0r
1y
0c
1i
#4312367403
1t
0s
1r
1y
0c
1i
#4312367405
1t
0s
0r
1y
0c
1i
#4312367833
0t
0s
0r
1y
0c
0i
#4312368240
1t
0s
0r
1y
0c
0i
#4312368884
0t
0s
0r
1y
0c
0i
#4312369292
1t
0s
0r
1y
0c
0i
#4312369936
0t
0s
0r
1y
0c
0i
#4312370343
1t
0s
0r
1y
0c
0i
#4312370991
0t
0s
0r
1y
0c
0i
#4312371395
1t
0s
0r
1y
0c
0i
#4312372038
0t
0s
0r
1y
0c
0i
#4312372445
1t
0s
0r
1y
0c
0i
#4312373088
0t
0s
0r
1y
0c
0i
#4312373493
1t
0s
0r
1y
0c
0i
#4312374138
0t
0s
0r
1y
0c
0i
#4312374542
1t
0s
0r
1y
0c
0i
#4312375183
0t
0s
0r
1y
0c
0i
#4312375588
1t
0s
0r
1y
0c
0i
#4312376230
0t
0s
0r
1y
0c
0i
#4312376633
1t
0s
0r
1y
0c
0i
#4312377277
0t
0s
0r
1y
0c
0i
#4312377678
1t
0s
0r
1y
0c
0i
#4312378317
0t
0s
0r
1y
0c
0i
#4312378721
1t
0s
0r
1y
0c
0i
#4312379361
0t
0s
0r
1y
0c
0i
#4312379764
1t
0s
0r
1y
0c
0i
#4312380407
0t
0s
0r
1y
0c
0i
#4312380809
1t
0s
0r
1y
0c
0i
#4312381448
0t
0s
0r
1y
0c
0i
#4312381851
1t
0s
0r
1y
0c
0i
#4312382491
0t
0s
0r
1y
0c
0i
#4312382896
1t
0s
0r
1y
0c
0i
#4312383538
0t
0s
0r
1y
0c
0i
#4312383941
1t
0s
0r
1y
0c
0i
#4312384579
0t
0s
0r
1y
0c
0i
#4312384983
1t
0s
0r
1y
0c
0i
#4312385623
0t
0s
0r
1y
0c
0i
#4312386027
1t
0s
0r
1y
0c
0i
#4312386669
0t
0s
0r
1y
0c
0i
#4312387072
1t
0s
0r
1y
0c
0i
#4312387710
0t
0s
0r
1y
0c
0i
#4312388115
1t
0s
0r
1y
0c
0i
#4312388754
0t
0s
0r
1y
0c
0i
#4312389159
1t
0s
0r
1y
0c
0i
#4312389800
0t
0s
0r
1y
0c
0i
#4312390204
1t
0s
0r
1y
0c
0i
#4312390841
0t
0s
0r
1y
0c
0i
#4312391246
1t
0s
0r
1y
0c
0i
#4312391885
0t
0s
0r
1y
0c
0i
#4312392290
1t
0s
0r
1y
0c
0i
#4312392931
0t
0s
0r
1y
0c
0i
#4312393337
1t
0s
0r
1y
0c
0i
#4312393974
0t
0s
0r
1y
0c
0i
#4312394381
1t
0s
0r
1y
0c
0i
#4312395021
0t
0s
0r
1y
1c
0i
#4312395428
1t
0s
0r
1y
1c
0i
#4312396072
0t
0s
0r
1y
1c
1i
#4312396478
1t
0s
0r
1y
1c
1i
#4312397119
0t
0s
0r
1y
1c
1i
#4312397527
1t
0s
0r
1y
1c
1i
#4312398170
0t
0s
0r
1y
1c
1i
#4312398578
1t
0s
0r
1y
1c
1i
#4312399225
0t
0s
0r
1y
1c
0i
#4312399632
1t
0s
0r
1y
1c
0i
#4312400274
0t
0s
0r
1y
1c
0i
#4312400682
1t
0s
0r
1y
1c
0i
#4312401325
0t
0s
0r
1y
1c
0i
#4312401733
1t
0s
0r
1y
1c
0i
#4312402378
0t
0s
0r
1y
1c
0i
#4312402784
1t
0s
0r
1y
1c
0i
#4312403423
0t
0s
0r
1y
1c
0i
#4312403832
1t
0s
0r
1y
1c
0i
#4312404470
0t
0s
0r
1y
1c
0i
#4312404877
1t
0s
0r
1y
1c
0i
#4312405518
0t
0s
0r
1y
1c
0i
#4312405922
1t
0s
0r
1y
1c
0i
#4312406557
0t
0s
0r
1y
1c
0i
#4312406962
1t
0s
0r
1y
1c
0i
#4312407596
0t
0s
0r
1y
1c
0i
#4312408001
1t
0s
0r
1y
1c
0i
#4312408636
0t
0s
0r
1y
1c
0i
#4312409040
1t
0s
0r
1y
1c
0i
#4312409671
0t
0s
0r
1y
1c
0i
#4312410076
1t
0s
0r
1y
1c
0i
#4312410708
0t
0s
0r
1y
1c
0i
#4312411112
1t
0s
0r
1y
1c
0i
#4312411748
0t
0s
0r
1y
1c
0i
#4312412150
1t
0s
0r
1y
1c
0i
#4312413799
0t
0s
0r
1y
1c
0i
#4312414955
1t
0s
0r
1y
1c
0i
#4312415907
0t
0s
0r
1y
1c
0i
#4312416298
1t
0s
0r
1y
1c
0i
#4312416935
0t
0s
0r
1y
1c
0i
#4312417336
1t
0s
0r
1y
1c
0i
#4312417972
0t
0s
0r
1y
1c
0i
#4312418374
1t
0s
0r
1y
1c
0i
#4312419009
0t
0s
0r
1y
1c
0i
#4312419412
1t
0s
0r
1y
1c
0i
#4312420046
0t
0s
0r
1y
1c
0i
#4312420448
1t
0s
0r
1y
1c
0i
#4312421085
0t
0s
0r
1y
1c
0i
#4312421486
1t
0s
0r
1y
1c
0i
#4312422118
0t
0s
0r
1y
1c
0i
#4312422521
1t
0s
0r
1y
1c
0i
#4312423155
0t
0s
0r
1y
1c
0i
#4312423557
1t
0s
0r
1y
1c
0i
#4312424193
0t
0s
0r
1y
1c
0i
#4312424595
1t
0s
0r
1y
1c
0i
#4312425228
0t
0s
0r
1y
1c
0i
#4312425631
1t
0s
0r
1y
1c
0i
#4312426266
0t
0s
0r
1y
0c
0i
#4312426669
1t
0s
0r
1y
0c
0i
#4312427309
0t
0s
0r
1y
0c
1i
#4312427710
1t
0s
0r
1y
0c
1i
#4312428347
0t
0s
0r
1y
0c
1i
#4312428751
1t
0s
0r
1y
0c
1i
#4312429389
0t
0s
0r
1y
0c
1i
#4312429793
1t
0s
0r
1y
0c
1i
#4312430434
0t
0s
0r
1y
0c
0i
#4312430837
1t
0s
0r
1y
0c
0i
#4312431475
0t
0s
0r
1y
0c
0i
#4312431879
1t
0s
0r
1y
0c
0i
#4312432517
0t
0s
0r
1y
0c
0i
#4312432920
1t
0s
0r
1y
0c
0i
#4312433561
0t
0s
0r
1y
0c
0i
#4312433962
1t
0s
0r
1y
0c
0i
#4312434598
0t
0s
0r
1y
0c
0i
#4312435003
1t
0s
0r
1y
0c
0i
#4312435640
0t
0s
0r
1y
0c
0i
#4312436043
1t
0s
0r
1y
0c
0i
#4312436683
0t
0s
0r
1y
0c
0i
#4312437085
1t
0s
0r
1y
0c
0i
#4312437722
0t
0s
0r
1y
0c
0i
#4312438125
1t
0s
0r
1y
0c
0i
#4312438763
0t
0s
0r
1y
0c
0i
#4312439165
1t
0s
0r
1y
0c
0i
#4312439806
0t
0s
0r
1y
0c
0i
#4312440206
1t
0s
0r
1y
0c
0i
#4312440843
0t
0s
0r
1y
0c
0i
#4312441244
1t
0s
0r
1y
0c
0i
#4312441882
0t
0s
0r
1y
0c
0i
#4312442283
1t
0s
0r
1y
0c
0i
#4312442923
0t
0s
0r
1y
0c
0i
#4312443323
1t
0s
0r
1y
0c
0i
#4312443960
0t
0s
0r
1y
0c
0i
#4312444361
1t
0s
0r
1y
0c
0i
#4312444997
0t
0s
0r
1y
0c
0i
#4312445400
1t
0s
0r
1y
0c
0i
#4312446038
0t
0s
0r
1y
0c
0i
#4312446439
1t
0s
0r
1y
0c
0i
#4312447072
0t
0s
0r
1y
0c
0i
#4312447475
1t
0s
0r
1y
0c
0i
#4312448110
0t
0s
0r
1y
0c
0i
#4312448512
1t
0s
0r
1y
0c
0i
#4312449150
0t
0s
0r
1y
0c
0i
#4312449550
1t
0s
0r
1y
0c
0i
#4312450183
0t
0s
0r
1y
0c
0i
#4312450586
1t
0s
0r
1y
0c
0i
#4312451219
0t
0s
0r
1y
0c
0i
#4312451622
1t
0s
0r
1y
0c
0i
#4312452258
0t
0s
0r
1y
0c
0i
#4312452659
1t
0s
0r
1y
0c
0i
#4312453291
0t
0s
0r
1y
0c
0i
#4312453694
1t
0s
0r
1y
0c
0i
#4312454327
0t
0s
0r
1y
0c
0i
#4312454730
1t
0s
0r
1y
0c
0i
#4312455365
0t
0s
0r
1y
0c
0i
#4312455769
1t
0s
0r
1y
0c
0i
#4312456400
0t
0s
0r
1y
0c
0i
#4312456805
1t
0s
0r
1y
0c
0i
#4312457439
0t
0s
0r
1y
1c
0i
#4312457843
1t
0s
0r
1y
1c
0i
#4312458482
0t
0s
0r
1y
1c
1i
#4312458885
1t
0s
0r
1y
1c
1i
#4312459521
0t
0s
0r
1y
1c
1i
#4312459926
1t
0s
0r
1y
1c
1i
#4312460564
0t
0s
0r
1y
1c
1i
#4312460969
1t
0s
0r
1y
1c
1i
#4312461610
0t
0s
0r
1y
1c
0i
#4312462014
1t
0s
0r
1y
1c
0i
#4312462650
0t
0s
0r
1y
1c
0i
#4312463056
1t
0s
0r
1y
1c
0i
#4312463693
0t
0s
0r
1y
1c
0i
#4312464098
1t
0s
0r
1y
1c
0i
#4312464738
0t
0s
0r
1y
1c
0i
#4312465142
1t
0s
0r
1y
1c
0i
#4312465776
0t
0s
0r
1y
1c
0i
#4312466183
1t
0s
0r
1y
1c
0i
#4312466819
0t
0s
0r
1y
1c
0i
#4312467225
1t
0s
0r
1y
1c
0i
#4312467863
0t
0s
0r
1y
1c
0i
#4312468268
1t
0s
0r
1y
1c
0i
#4312468902
0t
0s
0r
1y
1c
0i
#4312469308
1t
0s
0r
1y
1c
0i
#4312469944
0t
0s
0r
1y
1c
0i
#4312470348
1t
0s
0r
1y
1c
0i
#4312470986
0t
0s
0r
1y
1c
0i
#4312471391
1t
0s
0r
1y
1c
0i
#4312472024
0t
0s
0r
1y
1c
0i
#4312472429
1t
0s
0r
1y
1c
0i
#4312473063
0t
0s
0r
1y
1c
0i
#4312473468
1t
0s
0r
1y
1c
0i
#4312474105
0t
0s
0r
1y
1c
0i
#4312474508
1t
0s
0r
1y
1c
0i
#4312476158
0t
0s
0r
1y
1c
0i
#4312477317
1t
0s
0r
1y
1c
0i
#4312478267
0t
0s
0r
1y
1c
0i
#4312478658
1t
0s
0r
1y
1c
0i
#4312479295
0t
0s
0r
1y
1c
0i
#4312479697
1t
0s
0r
1y
1c
0i
#4312480332
0t
0s
0r
1y
1c
0i
#4312480734
1t
0s
0r
1y
1c
0i
#4312481368
0t
0s
0r
1y
1c
0i
#4312481771
1t
0s
0r
1y
1c
0i
#4312482405
0t
0s
0r
1y
1c
0i
#4312482807
1t
0s
0r
1y
1c
0i
#4312483444
0t
0s
0r
1y
1c
0i
#4312483844
1t
0s
0r
1y
1c
0i
#4312484476
0t
0s
0r
1y
1c
0i
#4312484878
1t
0s
0r
1y
1c
0i
#4312485512
0t
0s
0r
1y
1c
0i
#4312485913
1t
0s
0r
1y
1c
0i
#4312486549
0t
0s
0r
1y
1c
0i
#4312486951
1t
0s
0r
1y
1c
0i
#4312487583
0t
0s
0r
1y
0c
0i
#4312487987
1t
0s
0r
1y
0c
0i
#4312488621
0t
0s
0r
1y
0c
0i
#4312489024
1t
0s
0r
1y
0c
0i
#4312489664
0t
0s
0r
1y
0c
1i
#4312490065
1t
0s
0r
1y
0c
1i
#4312490702
0t
0s
0r
1y
0c
1i
#4312491105
1t
0s
0r
1y
0c
1i
#4312491744
0t
0s
0r
1y
0c
1i
#4312492148
1t
0s
0r
1y
0c
1i
#4312492266
1t
0s
1r
1y
0c
1i
#4312492268
1t
0s
0r
1y
0c
1i
#4312492790
0t
0s
0r
1y
0c
0i
#4312493193
1t
0s
0r
1y
0c
0i
#4312493831
0t
0s
0r
1y
0c
0i
#4312494235
1t
0s
0r
1y
0c
0i
#4312494874
0t
0s
0r
1y
0c
0i
#4312495277
1t
0s
0r
1y
0c
0i
#4312495918
0t
0s
0r
1y
0c
0i
#4312496319
1t
0s
0r
1y
0c
0i
#4312496954
0t
0s
0r
1y
0c
0i
#4312497358
1t
0s
0r
1y
0c
0i
#4312497993
0t
0s
0r
1y
0c
0i
#4312498395
1t
0s
0r
1y
0c
0i
#4312499031
0t
0s
0r
1y
0c
0i
#4312499430
1t
0s
0r
1y
0c
0i
#4312500062
0t
0s
0r
1y
0c
0i
#4312500461
1t
0s
0r
1y
0c
0i
#4312501093
0t
0s
0r
1y
0c
0i
#4312501491
1t
0s
0r
1y
0c
0i
#4312502125
0t
0s
0r
1y
0c
0i
#4312502521
1t
0s
0r
1y
0c
0i
#4312503149
0t
0s
0r
1y
0c
0i
#4312503548
1t
0s
0r
1y
0c
0i
#4312504178
0t
0s
0r
1y
0c
0i
#4312504575
1t
0s
0r
1y
0c
0i
#4312505208
0t
0s
0r
1y
0c
0i
#4312505604
1t
0s
0r
1y
0c
0i
#4312506234
0t
0s
0r
1y
0c
0i
#4312506632
1t
0s
0r
1y
0c
0i
#4312507262
0t
0s
0r
1y
0c
0i
#4312507661
1t
0s
0r
1y
0c
0i
#4312508294
0t
0s
0r
1y
0c
0i
#4312508691
1t
0s
0r
1y
0c
0i
#4312509320
0t
0s
0r
1y
0c
0i
#4312509719
1t
0s
0r
1y
0c
0i
#4312510349
0t
0s
0r
1y
0c
0i
#4312510748
1t
0s
0r
1y
0c
0i
#4312511380
0t
0s
0r
1y
0c
0i
#4312511778
1t
0s
0r
1y
0c
0i
#4312512405
0t
0s
0r
1y
0c
0i
#4312512805
1t
0s
0r
1y
0c
0i
#4312513434
0t
0s
0r
1y
0c
0i
#4312513833
1t
0s
0r
1y
0c
0i
#4312514464
0t
0s
0r
1y
0c
0i
#4312514863
1t
0s
0r
1y
0c
0i
#4312515490
0t
0s
0r
1y
0c
0i
#4312515889
1t
0s
0r
1y
0c
0i
#4312516518
0t
0s
0r
1y
0c
0i
#4312516918
1t
0s
0r
1y
0c
0i
#4312517548
0t
0s
0r
1y
0c
0i
#4312517949
1t
0s
0r
1y
0c
0i
#4312518575
0t
0s
0r
1y
0c
0i
#4312518977
1t
0s
0r
1y
0c
0i
#4312519607
0t
0s
0r
1y
1c
0i
#4312520008
1t
0s
0r
1y
1c
0i
#4312520642
0t
0s
0r
1y
1c
1i
#4312521043
1t
0s
0r
1y
1c
1i
#4312521673
0t
0s
0r
1y
1c
1i
#4312522076
1t
0s
0r
1y
1c
1i
#4312522710
0t
0s
0r
1y
1c
1i
#4312523112
1t
0s
0r
1y
1c
1i
#4312523749
0t
0s
0r
1y
1c
0i
#4312524150
1t
0s
0r
1y
1c
0i
#4312524782
0t
0s
0r
1y
1c
0i
#4312525185
1t
0s
0r
1y
1c
0i
#4312525818
0t
0s
0r
1y
1c
0i
#4312526220
1t
0s
0r
1y
1c
0i
#4312526856
0t
0s
0r
1y
1c
0i
#4312527257
1t
0s
0r
1y
1c
0i
#4312527888
0t
0s
0r
1y
1c
0i
#4312528292
1t
0s
0r
1y
1c
0i
#4312528924
0t
0s
0r
1y
1c
0i
#4312529328
1t
0s
0r
1y
1c
0i
#4312529963
0t
0s
0r
1y
1c
0i
#4312530366
1t
0s
0r
1y
1c
0i
#4312530997
0t
0s
0r
1y
1c
0i
#4312531402
1t
0s
0r
1y
1c
0i
#4312532035
0t
0s
0r
1y
1c
0i
#4312532439
1t
0s
0r
1y
1c
0i
#4312533075
0t
0s
0r
1y
1c
0i
#4312533480
1t
0s
0r
1y
1c
0i
#4312534113
0t
0s
0r
1y
1c
0i
#4312534519
1t
0s
0r
1y
1c
0i
#4312535154
0t
0s
0r
1y
1c
0i
#4312535559
1t
0s
0r
1y
1c
0i
#4312536197
0t
0s
0r
1y
1c
0i
#4312536601
1t
0s
0r
1y
1c
0i
#4312538256
0t
0s
0r
1y
1c
0i
#4312539417
1t
0s
0r
1y
1c
0i
#4312540371
0t
0s
0r
1y
1c
0i
#4312540762
1t
0s
0r
1y
1c
0i
#4312541402
0t
0s
0r
1y
1c
0i
#4312541803
1t
0s
0r
1y
1c
0i
#4312542440
0t
0s
0r
1y
1c
0i
#4312542844
1t
0s
0r
1y
1c
0i
#4312543480
0t
0s
0r
1y
1c
0i
#4312543884
1t
0s
0r
1y
1c
0i
#4312544519
0t
0s
0r
1y
1c
0i
#4312544922
1t
0s
0r
1y
1c
0i
#4312545561
0t
0s
0r
1y
1c
0i
#4312545962
1t
0s
0r
1y
1c
0i
#4312546596
0t
0s
0r
1y
1c
0i
#4312547000
1t
0s
0r
1y
1c
0i
#4312547636
0t
0s
0r
1y
1c
0i
#4312548038
1t
0s
0r
1y
1c
0i
#4312548677
0t
0s
0r
1y
1c
0i
#4312549080
1t
0s
0r
1y
1c
0i
#4312549715
0t
0s
0r
1y
1c
0i
#4312550119
1t
0s
0r
1y
1c
0i
#4312550757
0t
0s
0r
1y
1c
0i
#4312551161
1t
0s
0r
1y
0c
0i
#4312551802
0t
0s
0r
1y
0c
1i
#4312552205
1t
0s
0r
1y
0c
1i
#4312552845
0t
0s
0r
1y
0c
1i
#4312553249
1t
0s
0r
1y
0c
1i
#4312553890
0t
0s
0r
1y
0c
1i
#4312554295
1t
0s
0r
1y
0c
1i
#4312554939
0t
0s
0r
1y
0c
0i
#4312555343
1t
0s
0r
1y
0c
0i
#4312555983
0t
0s
0r
1y
0c
0i
#4312556388
1t
0s
0r
1y
0c
0i
#4312557028
0t
0s
0r
1y
0c
0i
#4312557432
1t
0s
0r
1y
0c
0i
#4312558075
0t
0s
0r
1y
0c
0i
#4312558477
1t
0s
0r
1y
0c
0i
#4312559115
0t
0s
0r
1y
0c
0i
#4312559521
1t
0s
0r
1y
0c
0i
#4312560159
0t
0s
0r
1y
0c
0i
#4312560563
1t
0s
0r
1y
0c
0i
#4312561204
0t
0s
0r
1y
0c
0i
#4312561606
1t
0s
0r
1y
0c
0i
#4312562243
0t
0s
0r
1y
0c
0i
#4312562647
1t
0s
0r
1y
0c
0i
#4312563285
0t
0s
0r
1y
0c
0i
#4312563687
1t
0s
0r
1y
0c
0i
#4312564327
0t
0s
0r
1y
0c
0i
#4312564728
1t
0s
0r
1y
0c
0i
#4312565364
0t
0s
0r
1y
0c
0i
#4312565766
1t
0s
0r
1y
0c
0i
#4312566402
0t
0s
0r
1y
0c
0i
#4312566804
1t
0s
0r
1y
0c
0i
#4312567443
0t
0s
0r
1y
0c
0i
#4312567843
1t
0s
0r
1y
0c
0i
#4312568478
0t
0s
0r
1y
0c
0i
#4312568880
1t
0s
0r
1y
0c
0i
#4312569515
0t
0s
0r
1y
0c
0i
#4312569918
1t
0s
0r
1y
0c
0i
#4312570555
0t
0s
0r
1y
0c
0i
#4312570956
1t
0s
0r
1y
0c
0i
#4312571590
0t
0s
0r
1y
0c
0i
#4312571992
1t
0s
0r
1y
0c
0i
#4312572628
0t
0s
0r
1y
0c
0i
#4312573029
1t
0s
0r
1y
0c
0i
#4312573667
0t
0s
0r
1y
0c
0i
#4312574067
1t
0s
0r
1y
0c
0i
#4312574700
0t
0s
0r
1y
0c
0i
#4312575103
1t
0s
0r
1y
0c
0i
#4312575737
0t
0s
0r
1y
0c
0i
#4312576140
1t
0s
0r
1y
0c
0i
#4312576775
0t
0s
0r
1y
0c
0i
#4312577177
1t
0s
0r
1y
0c
0i
#4312577809
0t
0s
0r
1y
0c
0i
#4312578212
1t
0s
0r
1y
0c
0i
#4312578845
0t
0s
0r
1y
0c
0i
#4312579248
1t
0s
0r
1y
0c
0i
#4312579884
0t
0s
0r
1y
0c
0i
#4312580287
1t
0s
0r
1y
0c
0i
#4312580919
0t
0s
0r
1y
0c
0i
#4312581324
1t
0s
0r
1y
0c
0i
#4312581958
0t
0s
0r
1y
1c
0i
#4312582362
1t
0s
0r
1y
1c
0i
#4312583001
0t
0s
0r
1y
1c
1i
#4312583404
1t
0s
0r
1y
1c
1i
#4312584039
0t
0s
0r
1y
1c
1i
#4312584445
1t
0s
0r
1y
1c
1i
#4312585083
0t
0s
0r
1y
1c
1i
#4312585489
1t
0s
0r
1y
1c
1i
#4312586130
0t
0s
0r
1y
1c
0i
#4312586534
1t
0s
0r
1y
1c
0i
#4312587170
0t
0s
0r
1y
1c
0i
#4312587576
1t
0s
0r
1y
1c
0i
#4312588214
0t
0s
0r
1y
1c
0i
#4312588619
1t
0s
0r
1y
1c
0i
#4312589259
0t
0s
0r
1y
1c
0i
#4312589663
1t
0s
0r
1y
1c
0i
#4312590298
0t
0s
0r
1y
1c
0i
#4312590705
1t
0s
0r
1y
1c
0i
#4312591341
0t
0s
0r
1y
1c
0i
#4312591747
1t
0s
0r
1y
1c
0i
#4312592387
0t
0s
0r
1y
1c
0i
#4312592792
1t
0s
0r
1y
1c
0i
#4312593428
0t
0s
0r
1y
1c
0i
#4312593835
1t
0s
0r
1y
1c
0i
#4312594472
0t
0s
0r
1y
1c
0i
#4312594879
1t
0s
0r
1y
1c
0i
#4312595520
0t
0s
0r
1y
1c
0i
#4312595926
1t
0s
0r
1y
1c
0i
#4312596563
0t
0s
0r
1y
1c
0i
#4312596971
1t
0s
0r
1y
1c
0i
#4312597610
0t
0s
0r
1y
1c
0i
#4312598017
1t
0s
0r
1y
1c
0i
#4312598659
0t
0s
0r
1y
1c
0i
#4312599065
1t
0s
0r
1y
1c
0i
#4312600728
0t
0s
0r
1y
1c
0i
#4312601895
1t
0s
0r
1y
1c
0i
#4312602854
0t
0s
0r
1y
1c
0i
#4312603247
1t
0s
0r
1y
1c
0i
#4312603890
0t
0s
0r
1y
1c
0i
#4312604293
1t
0s
0r
1y
1c
0i
#4312604933
0t
0s
0r
1y
1c
0i
#4312605338
1t
0s
0r
1y
1c
0i
#4312605978
0t
0s
0r
1y
1c
0i
#4312606383
1t
0s
0r
1y
1c
0i
#4312607022
0t
0s
0r
1y
1c
0i
#4312607427
1t
0s
0r
1y
1c
0i
#4312608069
0t
0s
0r
1y
1c
0i
#4312608472
1t
0s
0r
1y
1c
0i
#4312609109
0t
0s
0r
1y
1c
0i
#4312609514
1t
0s
0r
1y
1c
0i
#4312610153
0t
0s
0r
1y
1c
0i
#4312610557
1t
0s
0r
1y
1c
0i
#4312611198
0t
0s
0r
1y
1c
0i
#4312611604
1t
0s
0r
1y
1c
0i
#4312612241
0t
0s
0r
1y
1c
0i
#4312612648
1t
0s
0r
1y
0c
0i
#4312613288
0t
0s
0r
1y
0c
0i
#4312613693
1t
0s
0r
1y
0c
0i
#4312614338
0t
0s
0r
1y
0c
1i
#4312614743
1t
0s
0r
1y
0c
1i
#4312615385
0t
0s
0r
1y
0c
1i
#4312615791
1t
0s
0r
1y
0c
1i
#4312616436
0t
0s
0r
1y
0c
1i
#4312616784
0t
0s
1r
1y
0c
1i
#4312616786
0t
0s
0r
1y
0c
1i
#4312616842
1t
0s
0r
1y
0c
1i
#4312617490
0t
0s
0r
1y
0c
0i
#4312617895
1t
0s
0r
1y
0c
0i
#4312618537
0t
0s
0r
1y
0c
0i
#4312618944
1t
0s
0r
1y
0c
0i
#4312619588
0t
0s
0r
1y
0c
0i
#4312619993
1t
0s
0r
1y
0c
0i
#4312620640
0t
0s
0r
1y
0c
0i
#4312621043
1t
0s
0r
1y
0c
0i
#4312621684
0t
0s
0r
1y
0c
0i
#4312622091
1t
0s
0r
1y
0c
0i
#4312622732
0t
0s
0r
1y
0c
0i
#4312623137
1t
0s
0r
1y
0c
0i
#4312623781
0t
0s
0r
1y
0c
0i
#4312624184
1t
0s
0r
1y
0c
0i
#4312624824
0t
0s
0r
1y
0c
0i
#4312625227
1t
0s
0r
1y
0c
0i
#4312625868
0t
0s
0r
1y
0c
0i
#4312626271
1t
0s
0r
1y
0c
0i
#4312626914
0t
0s
0r
1y
0c
0i
#4312627315
1t
0s
0r
1y
0c
0i
#4312627953
0t
0s
0r
1y
0c
0i
#4312628356
1t
0s
0r
1y
0c
0i
#4312628995
0t
0s
0r
1y
0c
0i
#4312629398
1t
0s
0r
1y
0c
0i
#4312630040
0t
0s
0r
1y
0c
0i
#4312630441
1t
0s
0r
1y
0c
0i
#4312631080
0t
0s
0r
1y
0c
0i
#4312631482
1t
0s
0r
1y
0c
0i
#4312632121
0t
0s
0r
1y
0c
0i
#4312632525
1t
0s
0r
1y
0c
0i
#4312633166
0t
0s
0r
1y
0c
0i
#4312633569
1t
0s
0r
1y
0c
0i
#4312634206
0t
0s
0r
1y
0c
0i
#4312634610
1t
0s
0r
1y
0c
0i
#4312635249
0t
0s
0r
1y
0c
0i
#4312635652
1t
0s
0r
1y
0c
0i
#4312636294
0t
0s
0r
1y
0c
0i
#4312636696
1t
0s
0r
1y
0c
0i
#4312637332
0t
0s
0r
1y
0c
0i
#4312637737
1t
0s
0r
1y
0c
0i
#4312638375
0t
0s
0r
1y
0c
0i
#4312638779
1t
0s
0r
1y
0c
0i
#4312639419
0t
0s
0r
1y
0c
0i
#4312639822
1t
0s
0r
1y
0c
0i
#4312640458
0t
0s
0r
1y
0c
0i
#4312640863
1t
0s
0r
1y
0c
0i
#4312641501
0t
0s
0r
1y
0c
0i
#4312641905
1t
0s
0r
1y
0c
0i
#4312642545
0t
0s
0r
1y
0c
0i
#4312642950
1t
0s
0r
1y
0c
0i
#4312643585
0t
0s
0r
1y
0c
0i
#4312643992
1t
0s
0r
1y
0c
0i
#4312644631
0t
0s
0r
1y
0c
0i
#4312645037
1t
0s
0r
1y
1c
0i
#4312645680
0t
0s
0r
1y
1c
1i
#4312646085
1t
0s
0r
1y
1c
1i
#4312646725
0t
0s
0r
1y
1c
1i
#4312647133
1t
0s
0r
1y
1c
1i
#4312647775
0t
0s
0r
1y
1c
1i
#4312648182
1t
0s
0r
1y
1c
1i
#4312648827
0t
0s
0r
1y
1c
0i
#4312649233
1t
0s
0r
1y
1c
0i
#4312649874
0t
0s
0r
1y
1c
0i
#4312650281
1t
0s
0r
1y
1c
0i
#4312650923
0t
0s
0r
1y
1c
0i
#4312651330
1t
0s
0r
1y
1c
0i
#4312651975
0t
0s
0r
1y
1c
0i
#4312652381
1t
0s
0r
1y
1c
0i
#4312653020
0t
0s
0r
1y
1c
0i
#4312653429
1t
0s
0r
1y
1c
0i
#4312654068
0t
0s
0r
1y
1c
0i
#4312654477
1t
0s
0r
1y
1c
0i
#4312655120
0t
0s
0r
1y
1c
0i
#4312655526
1t
0s
0r
1y
1c
0i
#4312656165
0t
0s
0r
1y
1c
0i
#4312656573
1t
0s
0r
1y
1c
0i
#4312657213
0t
0s
0r
1y
1c
0i
#4312657620
1t
0s
0r
1y
1c
0i
#4312658262
0t
0s
0r
1y
1c
0i
#4312658670
1t
0s
0r
1y
1c
0i
#4312659307
0t
0s
0r
1y
1c
0i
#4312659716
1t
0s
0r
1y
1c
0i
#4312660356
0t
0s
0r
1y
1c
0i
#4312660763
1t
0s
0r
1y
1c
0i
#4312661405
0t
0s
0r
1y
1c
0i
#4312661811
1t
0s
0r
1y
1c
0i
#4312663474
0t
0s
0r
1y
1c
0i
#4312664641
1t
0s
0r
1y
1c
0i
#4312665599
0t
0s
0r
1y
1c
0i
#4312665992
1t
0s
0r
1y
1c
0i
#4312666635
0t
0s
0r
1y
1c
0i
#4312667039
1t
0s
0r
1y
1c
0i
#4312667679
0t
0s
0r
1y
1c
0i
#4312668084
1t
0s
0r
1y
1c
0i
#4312668724
0t
0s
0r
1y
1c
0i
#4312669129
1t
0s
0r
1y
1c
0i
#4312669768
0t
0s
0r
1y
1c
0i
#4312670173
1t
0s
0r
1y
1c
0i
#4312670815
0t
0s
0r
1y
1c
0i
#4312671218
1t
0s
0r
1y
1c
0i
#4312671856
0t
0s
0r
1y
1c
0i
#4312672261
1t
0s
0r
1y
1c
0i
#4312672900
0t
0s
0r
1y
1c
0i
#4312673304
1t
0s
0r
1y
1c
0i
#4312673946
0t
0s
0r
1y
1c
0i
#4312674350
1t
0s
0r
1y
1c
0i
#4312674987
0t
0s
0r
1y
1c
0i
#4312675394
1t
0s
0r
1y
1c
0i
#4312676034
0t
0s
0r
1y
0c
0i
#4312676440
1t
0s
0r
1y
0c
0i
#4312677084
0t
0s
0r
1y
0c
1i
#4312677489
1t
0s
0r
1y
0c
1i
#4312678131
0t
0s
0r
1y
0c
1i
#4312678537
1t
0s
0r
1y
0c
1i
#4312679181
0t
0s
0r
1y
0c
1i
#4312679588
1t
0s
0r
1y
0c
1i
#4312680234
0t
0s
0r
1y
0c
0i
#4312680640
1t
0s
0r
1y
0c
0i
#4312681283
0t
0s
0r
1y
0c
0i
#4312681689
1t
0s
0r
1y
0c
0i
#4312682333
0t
0s
0r
1y
0c
0i
#4312682738
1t
0s
0r
1y
0c
0i
#4312683385
0t
0s
0r
1y
0c
0i
#4312683789
1t
0s
0r
1y
0c
0i
#4312684430
0t
0s
0r
1y
0c
0i
#4312684837
1t
0s
0r
1y
0c
0i
#4312685478
0t
0s
0r
1y
0c
0i
#4312685884
1t
0s
0r
1y
0c
0i
#4312686528
0t
0s
0r
1y
0c
0i
#4312686931
1t
0s
0r
1y
0c
0i
#4312687571
0t
0s
0r
1y
0c
0i
#4312687975
1t
0s
0r
1y
0c
0i
#4312688616
0t
0s
0r
1y
0c
0i
#4312689019
1t
0s
0r
1y
0c
0i
#4312689661
0t
0s
0r
1y
0c
0i
#4312690063
1t
0s
0r
1y
0c
0i
#4312690700
0t
0s
0r
1y
0c
0i
#4312691103
1t
0s
0r
1y
0c
0i
#4312691742
0t
0s
0r
1y
0c
0i
#4312692144
1t
0s
0r
1y
0c
0i
#4312692786
0t
0s
0r
1y
0c
0i
#4312693186
1t
0s
0r
1y
0c
0i
#4312693824
0t
0s
0r
1y
0c
0i
#4312694226
1t
0s
0r
1y
0c
0i
#4312694864
0t
0s
0r
1y
0c
0i
#4312695268
1t
0s
0r
1y
0c
0i
#4312695907
0t
0s
0r
1y
0c
0i
#4312696309
1t
0s
0r
1y
0c
0i
#4312696944
0t
0s
0r
1y
0c
0i
#4312697348
1t
0s
0r
1y
0c
0i
#4312697985
0t
0s
0r
1y
0c
0i
#4312698388
1t
0s
0r
1y
0c
0i
#4312699027
0t
0s
0r
1y
0c
0i
#4312699429
1t
0s
0r
1y
0c
0i
#4312700064
0t
0s
0r
1y
0c
0i
#4312700468
1t
0s
0r
1y
0c
0i
#4312701102
0t
0s
0r
1y
0c
0i
#4312701506
1t
0s
0r
1y
0c
0i
#4312702144
0t
0s
0r
1y
0c
0i
#4312702546
1t
0s
0r
1y
0c
0i
#4312703180
0t
0s
0r
1y
0c
0i
#4312703583
1t
0s
0r
1y
0c
0i
#4312704219
0t
0s
0r
1y
0c
0i
#4312704622
1t
0s
0r
1y
0c
0i
#4312705259
0t
0s
0r
1y
0c
0i
#4312705663
1t
0s
0r
1y
0c
0i
#4312706296
0t
0s
0r
1y
0c
0i
#4312706702
1t
0s
0r
1y
0c
0i
#4312707337
0t
0s
0r
1y
1c
0i
#4312707742
1t
0s
0r
1y
1c
0i
#4312708382
0t
0s
0r
1y
1c
1i
#4312708786
1t
0s
0r
1y
1c
1i
#4312709423
0t
0s
0r
1y
1c
1i
#4312709830
1t
0s
0r
1y
1c
1i
#4312710470
0t
0s
0r
1y
1c
1i
#4312710876
1t
0s
0r
1y
1c
1i
#4312711519
0t
0s
0r
1y
1c
0i
#4312711924
1t
0s
0r
1y
1c
0i
#4312712562
0t
0s
0r
1y
1c
0i
#4312712969
1t
0s
0r
1y
1c
0i
#4312713609
0t
0s
0r
1y
1c
0i
#4312714015
1t
0s
0r
1y
1c
0i
#4312714657
0t
0s
0r
1y
1c
0i
#4312715062
1t
0s
0r
1y
1c
0i
#4312715699
0t
0s
0r
1y
1c
0i
#4312716107
1t
0s
0r
1y
1c
0i
#4312716745
0t
0s
0r
1y
1c
0i
#4312717153
1t
0s
0r
1y
1c
0i
#4312717793
0t
0s
0r
1y
1c
0i
#4312718200
1t
0s
0r
1y
1c
0i
#4312718837
0t
0s
0r
1y
1c
0i
#4312719244
1t
0s
0r
1y
1c
0i
#4312719883
0t
0s
0r
1y
1c
0i
#4312720290
1t
0s
0r
1y
1c
0i
#4312720931
0t
0s
0r
1y
1c
0i
#4312721339
1t
0s
0r
1y
1c
0i
#4312721977
0t
0s
0r
1y
1c
0i
#4312722385
1t
0s
0r
1y
1c
0i
#4312723024
0t
0s
0r
1y
1c
0i
#4312723432
1t
0s
0r
1y
1c
0i
#4312724075
0t
0s
0r
1y
1c
0i
#4312724481
1t
0s
0r
1y
1c
0i
#4312726145
0t
0s
0r
1y
1c
0i
#4312727312
1t
0s
0r
1y
1c
0i
#4312728272
0t
0s
0r
1y
1c
0i
#4312728665
1t
0s
0r
1y
1c
0i
#4312729308
0t
0s
0r
1y
1c
0i
#4312729712
1t
0s
0r
1y
1c
0i
#4312730352
0t
0s
0r
1y
1c
0i
#4312730757
1t
0s
0r
1y
1c
0i
#4312731397
0t
0s
0r
1y
1c
0i
#4312731803
1t
0s
0r
1y
1c
0i
#4312732442
0t
0s
0r
1y
1c
0i
#4312732847
1t
0s
0r
1y
1c
0i
#4312733489
0t
0s
0r
1y
1c
0i
#4312733892
1t
0s
0r
1y
1c
0i
#4312734529
0t
0s
0r
1y
1c
0i
#4312734934
1t
0s
0r
1y
1c
0i
#4312735574
0t
0s
0r
1y
1c
0i
#4312735978
1t
0s
0r
1y
1c
0i
#4312736620
0t
0s
0r
1y
1c
0i
#4312737025
1t
0s
0r
1y
1c
0i
#4312737663
0t
0s
0r
1y
0c
0i
#4312738070
1t
0s
0r
1y
0c
0i
#4312738711
0t
0s
0r
1y
0c
0i
#4312739117
1t
0s
0r
1y
0c
0i
#4312739762
0t
0s
0r
1y
0c
1i
#4312740167
1t
0s
0r
1y
0c
1i
#4312740810
0t
0s
0r
1y
0c
1i
#4312741216
1t
0s
0r
1y
0c
1i
#4312741861
0t
0s
0r
1y
0c
1i
#4312742268
1t
0s
0r
1y
0c
1i
#4312742312
1t
0s
1r
1y
0c
1i
#4312742315
1t
0s
0r
1y
0c
1i
#4312742916
0t
0s
0r
1y
0c
0i
#4312743322
1t
0s
0r
1y
0c
0i
#4312743966
0t
0s
0r
1y
0c
0i
#4312744373
1t
0s
0r
1y
0c
0i
#4312745018
0t
0s
0r
1y
0c
0i
#4312745423
1t
0s
0r
1y
0c
0i
#4312746071
0t
0s
0r
1y
0c
0i
#4312746475
1t
0s
0r
1y
0c
0i
#4312747117
0t
0s
0r
1y
0c
0i
#4312747523
1t
0s
0r
1y
0c
0i
#4312748164
0t
0s
0r
1y
0c
0i
#4312748569
1t
0s
0r
1y
0c
0i
#4312749213
0t
0s
0r
1y
0c
0i
#4312749615
1t
0s
0r
1y
0c
0i
#4312750254
0t
0s
0r
1y
0c
0i
#4312750657
1t
0s
0r
1y
0c
0i
#4312751296
0t
0s
0r
1y
0c
0i
#4312751697
1t
0s
0r
1y
0c
0i
#4312752338
0t
0s
0r
1y
0c
0i
#4312752738
1t
0s
0r
1y
0c
0i
#4312753374
0t
0s
0r
1y
0c
0i
#4312753775
1t
0s
0r
1y
0c
0i
#4312754412
0t
0s
0r
1y
0c
0i
#4312754814
1t
0s
0r
1y
0c
0i
#4312755454
0t
0s
0r
1y
0c
0i
#4312755853
1t
0s
0r
1y
0c
0i
#4312756490
0t
0s
0r
1y
0c
0i
#4312756892
1t
0s
0r
1y
0c
0i
#4312757528
0t
0s
0r
1y
0c
0i
#4312757931
1t
0s
0r
1y
0c
0i
#4312758570
0t
0s
0r
1y
0c
0i
#4312758971
1t
0s
0r
1y
0c
0i
#4312759606
0t
0s
0r
1y
0c
0i
#4312760009
1t
0s
0r
1y
0c
0i
#4312760646
0t
0s
0r
1y
0c
0i
#4312761048
1t
0s
0r
1y
0c
0i
#4312761687
0t
0s
0r
1y
0c
0i
#4312762088
1t
0s
0r
1y
0c
0i
#4312762723
0t
0s
0r
1y
0c
0i
#4312763127
1t
0s
0r
1y
0c
0i
#4312763762
0t
0s
0r
1y
0c
0i
#4312764165
1t
0s
0r
1y
0c
0i
#4312764803
0t
0s
0r
1y
0c
0i
#4312765205
1t
0s
0r
1y
0c
0i
#4312765839
0t
0s
0r
1y
0c
0i
#4312766243
1t
0s
0r
1y
0c
0i
#4312766878
0t
0s
0r
1y
0c
0i
#4312767282
1t
0s
0r
1y
0c
0i
#4312767919
0t
0s
0r
1y
0c
0i
#4312768323
1t
0s
0r
1y
0c
0i
#4312768956
0t
0s
0r
1y
0c
0i
#4312769362
1t
0s
0r
1y
0c
0i
#4312769998
0t
0s
0r
1y
1c
0i
#4312770404
1t
0s
0r
1y
1c
0i
#4312771044
0t
0s
0r
1y
1c
1i
#4312771448
1t
0s
0r
1y
1c
1i
#4312772086
0t
0s
0r
1y
1c
1i
#4312772492
1t
0s
0r
1y
1c
1i
#4312773133
0t
0s
0r
1y
1c
1i
#4312773539
1t
0s
0r
1y
1c
1i
#4312774182
0t
0s
0r
1y
1c
0i
#4312774587
1t
0s
0r
1y
1c
0i
#4312775226
0t
0s
0r
1y
1c
0i
#4312775632
1t
0s
0r
1y
1c
0i
#4312776272
0t
0s
0r
1y
1c
0i
#4312776678
1t
0s
0r
1y
1c
0i
#4312777321
0t
0s
0r
1y
1c
0i
#4312777725
1t
0s
0r
1y
1c
0i
#4312778363
0t
0s
0r
1y
1c
0i
#4312778770
1t
0s
0r
1y
1c
0i
#4312779408
0t
0s
0r
1y
1c
0i
#4312779814
1t
0s
0r
1y
1c
0i
#4312780455
0t
0s
0r
1y
1c
0i
#4312780860
1t
0s
0r
1y
1c
0i
#4312781496
0t
0s
0r
1y
1c
0i
#4312781902
1t
0s
0r
1y
1c
0i
#4312782539
0t
0s
0r
1y
1c
0i
#4312782945
1t
0s
0r
1y
1c
0i
#4312783584
0t
0s
0r
1y
1c
0i
#4312783990
1t
0s
0r
1y
1c
0i
#4312784625
0t
0s
0r
1y
1c
0i
#4312785032
1t
0s
0r
1y
1c
0i
#4312785668
0t
0s
0r
1y
1c
0i
#4312786074
1t
0s
0r
1y
1c
0i
#4312786713
0t
0s
0r
1y
1c
0i
#4312787118
1t
0s
0r
1y
1c
0i
#4312788774
0t
0s
0r
1y
1c
0i
#4312789937
1t
0s
0r
1y
1c
0i
#4312790892
0t
0s
0r
1y
1c
0i
#4312791284
1t
0s
0r
1y
1c
0i
#4312791925
0t
0s
0r
1y
1c
0i
#4312792327
1t
0s
0r
1y
1c
0i
#4312792965
0t
0s
0r
1y
1c
0i
#4312793369
1t
0s
0r
1y
1c
0i
#4312794007
0t
0s
0r
1y
1c
0i
#4312794411
1t
0s
0r
1y
1c
0i
#4312795048
0t
0s
0r
1y
1c
0i
#4312795452
1t
0s
0r
1y
1c
0i
#4312796092
0t
0s
0r
1y
1c
0i
#4312796494
1t
0s
0r
1y
1c
0i
#4312797130
0t
0s
0r
1y
1c
0i
#4312797533
1t
0s
0r
1y
1c
0i
#4312798170
0t
0s
0r
1y
1c
0i
#4312798574
1t
0s
0r
1y
1c
0i
#4312799213
0t
0s
0r
1y
1c
0i
#4312799617
1t
0s
0r
1y
1c
0i
#4312800252
0t
0s
0r
1y
1c
0i
#4312800658
1t
0s
0r
1y
1c
0i
#4312801296
0t
0s
0r
1y
0c
0i
#4312801701
1t
0s
0r
1y
0c
0i
#4312802344
0t
0s
0r
1y
0c
1i
#4312802747
1t
0s
0r
1y
0c
1i
#4312803387
0t
0s
0r
1y
0c
1i
#4312803793
1t
0s
0r
1y
0c
1i
#4312804434
0t
0s
0r
1y
0c
1i
#4312804840
1t
0s
0r
1y
0c
1i
#4312805485
0t
0s
0r
1y
0c
0i
#4312805890
1t
0s
0r
1y
0c
0i
#4312806530
0t
0s
0r
1y
0c
0i
#4312806936
1t
0s
0r
1y
0c
0i
#4312807577
0t
0s
0r
1y
0c
0i
#4312807982
1t
0s
0r
1y
0c
0i
#4312808626
0t
0s
0r
1y
0c
0i
#4312809029
1t
0s
0r
1y
0c
0i
#4312809668
0t
0s
0r
1y
0c
0i
#4312810074
1t
0s
0r
1y
0c
0i
#4312810714
0t
0s
0r
1y
0c
0i
#4312811119
1t
0s
0r
1y
0c
0i
#4312811762
0t
0s
0r
1y
0c
0i
#4312812165
1t
0s
0r
1y
0c
0i
#4312812806
0t
0s
0r
1y
0c
0i
#4312813210
1t
0s
0r
1y
0c
0i
#4312813852
0t
0s
0r
1y
0c
0i
#4312814256
1t
0s
0r
1y
0c
0i
#4312814902
0t
0s
0r
1y
0c
0i
#4312815304
1t
0s
0r
1y
0c
0i
#4312815946
0t
0s
0r
1y
0c
0i
#4312816350
1t
0s
0r
1y
0c
0i
#4312816992
0t
0s
0r
1y
0c
0i
#4312817397
1t
0s
0r
1y
0c
0i
#4312818042
0t
0s
0r
1y
0c
0i
#4312818445
1t
0s
0r
1y
0c
0i
#4312819086
0t
0s
0r
1y
0c
0i
#4312819491
1t
0s
0r
1y
0c
0i
#4312820132
0t
0s
0r
1y
0c
0i
#4312820538
1t
0s
0r
1y
0c
0i
#4312821181
0t
0s
0r
1y
0c
0i
#4312821585
1t
0s
0r
1y
0c
0i
#4312822224
0t
0s
0r
1y
0c
0i
#4312822630
1t
0s
0r
1y
0c
0i
#4312823269
0t
0s
0r
1y
0c
0i
#4312823674
1t
0s
0r
1y
0c
0i
#4312824317
0t
0s
0r
1y
0c
0i
#4312824720
1t
0s
0r
1y
0c
0i
#4312825358
0t
0s
0r
1y
0c
0i
#4312825764
1t
0s
0r
1y
0c
0i
#4312826402
0t
0s
0r
1y
0c
0i
#4312826807
1t
0s
0r
1y
0c
0i
#4312827449
0t
0s
0r
1y
0c
0i
#4312827852
1t
0s
0r
1y
0c
0i
#4312828490
0t
0s
0r
1y
0c
0i
#4312828895
1t
0s
0r
1y
0c
0i
#4312829533
0t
0s
0r
1y
0c
0i
#4312829939
1t
0s
0r
1y
0c
0i
#4312830579
0t
0s
0r
1y
0c
0i
#4312830985
1t
0s
0r
1y
0c
0i
#4312831622
0t
0s
0r
1y
0c
0i
#4312832030
1t
0s
0r
1y
0c
0i
#4312832669
0t
0s
0r
1y
1c
0i
#4312833076
1t
0s
0r
1y
1c
0i
#4312833720
0t
0s
0r
1y
1c
1i
#4312834126
1t
0s
0r
1y
1c
1i
#4312834768
0t
0s
0r
1y
1c
1i
#4312835176
1t
0s
0r
1y
1c
1i
#4312835819
0t
0s
0r
1y
1c
1i
#4312836227
1t
0s
0r
1y
1c
1i
#4312836874
0t
0s
0r
1y
1c
0i
#4312837280
1t
0s
0r
1y
1c
0i
#4312837922
0t
0s
0r
1y
1c
0i
#4312838331
1t
0s
0r
1y
1c
0i
#4312838974
0t
0s
0r
1y
1c
0i
#4312839381
1t
0s
0r
1y
1c
0i
#4312840026
0t
0s
0r
1y
1c
0i
#4312840433
1t
0s
0r
1y
1c
0i
#4312841073
0t
0s
0r
1y
1c
0i
#4312841483
1t
0s
0r
1y
1c
0i
#4312842123
0t
0s
0r
1y
1c
0i
#4312842532
1t
0s
0r
1y
1c
0i
#4312843176
0t
0s
0r
1y
1c
0i
#4312843583
1t
0s
0r
1y
1c
0i
#4312844223
0t
0s
0r
1y
1c
0i
#4312844632
1t
0s
0r
1y
1c
0i
#4312845274
0t
0s
0r
1y
1c
0i
#4312845682
1t
0s
0r
1y
1c
0i
#4312846326
0t
0s
0r
1y
1c
0i
#4312846735
1t
0s
0r
1y
1c
0i
#4312847376
0t
0s
0r
1y
1c
0i
#4312847786
1t
0s
0r
1y
1c
0i
#4312848429
0t
0s
0r
1y
1c
0i
#4312848838
1t
0s
0r
1y
1c
0i
#4312849484
0t
0s
0r
1y
1c
0i
#4312849892
1t
0s
0r
1y
1c
0i
#4312851567
0t
0s
0r
1y
1c
0i
#4312852740
1t
0s
0r
1y
1c
0i
#4312853706
0t
0s
0r
1y
1c
0i
#4312854102
1t
0s
0r
1y
1c
0i
#4312854749
0t
0s
0r
1y
1c
0i
#4312855155
1t
0s
0r
1y
1c
0i
#4312855800
0t
0s
0r
1y
1c
0i
#4312856208
1t
0s
0r
1y
1c
0i
#4312856852
0t
0s
0r
1y
1c
0i
#4312857260
1t
0s
0r
1y
1c
0i
#4312857903
0t
0s
0r
1y
1c
0i
#4312858310
1t
0s
0r
1y
1c
0i
#4312858956
0t
0s
0r
1y
1c
0i
#4312859362
1t
0s
0r
1y
1c
0i
#4312860004
0t
0s
0r
1y
1c
0i
#4312860411
1t
0s
0r
1y
1c
0i
#4312861055
0t
0s
0r
1y
1c
0i
#4312861461
1t
0s
0r
1y
1c
0i
#4312862107
0t
0s
0r
1y
1c
0i
#4312862514
1t
0s
0r
1y
1c
0i
#4312863156
0t
0s
0r
1y
0c
0i
#4312863565
1t
0s
0r
1y
0c
0i
#4312864210
0t
0s
0r
1y
0c
0i
#4312864618
1t
0s
0r
1y
0c
0i
#4312865267
0t
0s
0r
1y
0c
1i
#4312865674
1t
0s
0r
1y
0c
1i
#4312866320
0t
0s
0r
1y
0c
1i
#4312866729
1t
0s
0r
1y
0c
1i
#4312867378
0t
0s
0r
1y
0c
1i
#4312867731
0t
0s
1r
1y
0c
1i
#4312867734
0t
0s
0r
1y
0c
1i
#4312867787
1t
0s
0r
1y
0c
1i
#4312868439
0t
0s
0r
1y
0c
0i
#4312868846
1t
0s
0r
1y
0c
0i
#4312869494
0t
0s
0r
1y
0c
0i
#4312869902
1t
0s
0r
1y
0c
0i
#4312870551
0t
0s
0r
1y
0c
0i
#4312870958
1t
0s
0r
1y
0c
0i
#4312871609
0t
0s
0r
1y
0c
0i
#4312872015
1t
0s
0r
1y
0c
0i
#4312872660
0t
0s
0r
1y
0c
0i
#4312873068
1t
0s
0r
1y
0c
0i
#4312873712
0t
0s
0r
1y
0c
0i
#4312874119
1t
0s
0r
1y
0c
0i
#4312874765
0t
0s
0r
1y
0c
0i
#4312875169
1t
0s
0r
1y
0c
0i
#4312875810
0t
0s
0r
1y
0c
0i
#4312876215
1t
0s
0r
1y
0c
0i
#4312876857
0t
0s
0r
1y
0c
0i
#4312877260
1t
0s
0r
1y
0c
0i
#4312877904
0t
0s
0r
1y
0c
0i
#4312878305
1t
0s
0r
1y
0c
0i
#4312878944
0t
0s
0r
1y
0c
0i
#4312879348
1t
0s
0r
1y
0c
0i
#4312879989
0t
0s
0r
1y
0c
0i
#4312880391
1t
0s
0r
1y
0c
0i
#4312881035
0t
0s
0r
1y
0c
0i
#4312881436
1t
0s
0r
1y
0c
0i
#4312882076
0t
0s
0r
1y
0c
0i
#4312882480
1t
0s
0r
1y
0c
0i
#4312883119
0t
0s
0r
1y
0c
0i
#4312883525
1t
0s
0r
1y
0c
0i
#4312884167
0t
0s
0r
1y
0c
0i
#4312884571
1t
0s
0r
1y
0c
0i
#4312885209
0t
0s
0r
1y
0c
0i
#4312885614
1t
0s
0r
1y
0c
0i
#4312886255
0t
0s
0r
1y
0c
0i
#4312886659
1t
0s
0r
1y
0c
0i
#4312887302
0t
0s
0r
1y
0c
0i
#4312887706
1t
0s
0r
1y
0c
0i
#4312888344
0t
0s
0r
1y
0c
0i
#4312888750
1t
0s
0r
1y
0c
0i
#4312889389
0t
0s
0r
1y
0c
0i
#4312889794
1t
0s
0r
1y
0c
0i
#4312890436
0t
0s
0r
1y
0c
0i
#4312890840
1t
0s
0r
1y
0c
0i
#4312891478
0t
0s
0r
1y
0c
0i
#4312891883
1t
0s
0r
1y
0c
0i
#4312892523
0t
0s
0r
1y
0c
0i
#4312892928
1t
0s
0r
1y
0c
0i
#4312893569
0t
0s
0r
1y
0c
0i
#4312893976
1t
0s
0r
1y
0c
0i
#4312894613
0t
0s
0r
1y
0c
0i
#4312895021
1t
0s
0r
1y
0c
0i
#4312895660
0t
0s
0r
1y
1c
0i
#4312896068
1t
0s
0r
1y
1c
0i
#4312896712
0t
0s
0r
1y
1c
1i
#4312897119
1t
0s
0r
1y
1c
1i
#4312897760
0t
0s
0r
1y
1c
1i
#4312898169
1t
0s
0r
1y
1c
1i
#4312898813
0t
0s
0r
1y
1c
1i
#4312899222
1t
0s
0r
1y
1c
1i
#4312899869
0t
0s
0r
1y
1c
0i
#4312900276
1t
0s
0r
1y
1c
0i
#4312900920
0t
0s
0r
1y
1c
0i
#4312901328
1t
0s
0r
1y
1c
0i
#4312901973
0t
0s
0r
1y
1c
0i
#4312902380
1t
0s
0r
1y
1c
0i
#4312903027
0t
0s
0r
1y
1c
0i
#4312903434
1t
0s
0r
1y
1c
0i
#4312904076
0t
0s
0r
1y
1c
0i
#4312904486
1t
0s
0r
1y
1c
0i
#4312905128
0t
0s
0r
1y
1c
0i
#4312905536
1t
0s
0r
1y
1c
0i
#4312906181
0t
0s
0r
1y
1c
0i
#4312906588
1t
0s
0r
1y
1c
0i
#4312907228
0t
0s
0r
1y
1c
0i
#4312907638
1t
0s
0r
1y
1c
0i
#4312908278
0t
0s
0r
1y
1c
0i
#4312908687
1t
0s
0r
1y
1c
0i
#4312909329
0t
0s
0r
1y
1c
0i
#4312909738
1t
0s
0r
1y
1c
0i
#4312910376
0t
0s
0r
1y
1c
0i
#4312910786
1t
0s
0r
1y
1c
0i
#4312911425
0t
0s
0r
1y
1c
0i
#4312911834
1t
0s
0r
1y
1c
0i
#4312912476
0t
0s
0r
1y
1c
0i
#4312912883
1t
0s
0r
1y
1c
0i
#4312914549
0t
0s
0r
1y
1c
0i
#4312915715
1t
0s
0r
1y
1c
0i
#4312916676
0t
0s
0r
1y
1c
0i
#4312917070
1t
0s
0r
1y
1c
0i
#4312917714
0t
0s
0r
1y
1c
0i
#4312918118
1t
0s
0r
1y
1c
0i
#4312918758
0t
0s
0r
1y
1c
0i
#4312919164
1t
0s
0r
1y
1c
0i
#4312919804
0t
0s
0r
1y
1c
0i
#4312920211
1t
0s
0r
1y
1c
0i
#4312920850
0t
0s
0r
1y
1c
0i
#4312921256
1t
0s
0r
1y
1c
0i
#4312921899
0t
0s
0r
1y
1c
0i
#4312922302
1t
0s
0r
1y
1c
0i
#4312922940
0t
0s
0r
1y
1c
0i
#4312923346
1t
0s
0r
1y
1c
0i
#4312923986
0t
0s
0r
1y
1c
0i
#4312924390
1t
0s
0r
1y
1c
0i
#4312925032
0t
0s
0r
1y
1c
0i
#4312925438
1t
0s
0r
1y
1c
0i
#4312926076
0t
0s
0r
1y
1c
0i
#4312926483
1t
0s
0r
1y
1c
0i
#4312927124
0t
0s
0r
1y
0c
0i
#4312927530
1t
0s
0r
1y
0c
0i
#4312928175
0t
0s
0r
1y
0c
1i
#4312928580
1t
0s
0r
1y
0c
1i
#4312929222
0t
0s
0r
1y
0c
1i
#4312929629
1t
0s
0r
1y
0c
1i
#4312930274
0t
0s
0r
1y
0c
1i
#4312930681
1t
0s
0r
1y
0c
1i
#4312931329
0t
0s
0r
1y
0c
0i
#4312931735
1t
0s
0r
1y
0c
0i
#4312932378
0t
0s
0r
1y
0c
0i
#4312932785
1t
0s
0r
1y
0c
0i
#4312933430
0t
0s
0r
1y
0c
0i
#4312933836
1t
0s
0r
1y
0c
0i
#4312934483
0t
0s
0r
1y
0c
0i
#4312934888
1t
0s
0r
1y
0c
0i
#4312935531
0t
0s
0r
1y
0c
0i
#4312935938
1t
0s
0r
1y
0c
0i
#4312936582
0t
0s
0r
1y
0c
0i
#4312936988
1t
0s
0r
1y
0c
0i
#4312937634
0t
0s
0r
1y
0c
0i
#4312938038
1t
0s
0r
1y
0c
0i
#4312938682
0t
0s
0r
1y
0c
0i
#4312939087
1t
0s
0r
1y
0c
0i
#4312939731
0t
0s
0r
1y
0c
0i
#4312940136
1t
0s
0r
1y
0c
0i
#4312940783
0t
0s
0r
1y
0c
0i
#4312941186
1t
0s
0r
1y
0c
0i
#4312941828
0t
0s
0r
1y
0c
0i
#4312942234
1t
0s
0r
1y
0c
0i
#4312942877
0t
0s
0r
1y
0c
0i
#4312943281
1t
0s
0r
1y
0c
0i
#4312943927
0t
0s
0r
1y
0c
0i
#4312944330
1t
0s
0r
1y
0c
0i
#4312944972
0t
0s
0r
1y
0c
0i
#4312945377
1t
0s
0r
1y
0c
0i
#4312946018
0t
0s
0r
1y
0c
0i
#4312946424
1t
0s
0r
1y
0c
0i
#4312947067
0t
0s
0r
1y
0c
0i
#4312947472
1t
0s
0r
1y
0c
0i
#4312948110
0t
0s
0r
1y
0c
0i
#4312948516
1t
0s
0r
1y
0c
0i
#4312949157
0t
0s
0r
1y
0c
0i
#4312949562
1t
0s
0r
1y
0c
0i
#4312950205
0t
0s
0r
1y
0c
0i
#4312950608
1t
0s
0r
1y
0c
0i
#4312951246
0t
0s
0r
1y
0c
0i
#4312951653
1t
0s
0r
1y
0c
0i
#4312952291
0t
0s
0r
1y
0c
0i
#4312952697
1t
0s
0r
1y
0c
0i
#4312953338
0t
0s
0r
1y
0c
0i
#4312953742
1t
0s
0r
1y
0c
0i
#4312954379
0t
0s
0r
1y
0c
0i
#4312954785
1t
0s
0r
1y
0c
0i
#4312955424
0t
0s
0r
1y
0c
0i
#4312955830
1t
0s
0r
1y
0c
0i
#4312956471
0t
0s
0r
1y
0c
0i
#4312956877
1t
0s
0r
1y
0c
0i
#4312957514
0t
0s
0r
1y
0c
0i
#4312957922
1t
0s
0r
1y
0c
0i
#4312958562
0t
0s
0r
1y
1c
0i
#4312958969
1t
0s
0r
1y
1c
0i
#4312959613
0t
0s
0r
1y
1c
1i
#4312960019
1t
0s
0r
1y
1c
1i
#4312960661
0t
0s
0r
1y
1c
1i
#4312961070
1t
0s
0r
1y
1c
1i
#4312961713
0t
0s
0r
1y
1c
1i
#4312962122
1t
0s
0r
1y
1c
1i
#4312962769
0t
0s
0r
1y
1c
0i
#4312963176
1t
0s
0r
1y
1c
0i
#4312963819
0t
0s
0r
1y
1c
0i
#4312964227
1t
0s
0r
1y
1c
0i
#4312964871
0t
0s
0r
1y
1c
0i
#4312965279
1t
0s
0r
1y
1c
0i
#4312965925
0t
0s
0r
1y
1c
0i
#4312966332
1t
0s
0r
1y
1c
0i
#4312966973
0t
0s
0r
1y
1c
0i
#4312967383
1t
0s
0r
1y
1c
0i
#4312968025
0t
0s
0r
1y
1c
0i
#4312968434
1t
0s
0r
1y
1c
0i
#4312969079
0t
0s
0r
1y
1c
0i
#4312969487
1t
0s
0r
1y
1c
0i
#4312970129
0t
0s
0r
1y
1c
0i
#4312970538
1t
0s
0r
1y
1c
0i
#4312971182
0t
0s
0r
1y
1c
0i
#4312971591
1t
0s
0r
1y
1c
0i
#4312972238
0t
0s
0r
1y
1c
0i
#4312972647
1t
0s
0r
1y
1c
0i
#4312973290
0t
0s
0r
1y
1c
0i
#4312973701
1t
0s
0r
1y
1c
0i
#4312974345
0t
0s
0r
1y
1c
0i
#4312974755
1t
0s
0r
1y
1c
0i
#4312975403
0t
0s
0r
1y
1c
0i
#4312975812
1t
0s
0r
1y
1c
0i
#4312977490
0t
0s
0r
1y
1c
0i
#4312978664
1t
0s
0r
1y
1c
0i
#4312979632
0t
0s
0r
1y
1c
0i
#4312980028
1t
0s
0r
1y
1c
0i
#4312980677
0t
0s
0r
1y
1c
0i
#4312981083
1t
0s
0r
1y
1c
0i
#4312981729
0t
0s
0r
1y
1c
0i
#4312982137
1t
0s
0r
1y
1c
0i
#4312982783
0t
0s
0r
1y
1c
0i
#4312983191
1t
0s
0r
1y
1c
0i
#4312983836
0t
0s
0r
1y
1c
0i
#4312984243
1t
0s
0r
1y
1c
0i
#4312984891
0t
0s
0r
1y
1c
0i
#4312985297
1t
0s
0r
1y
1c
0i
#4312985940
0t
0s
0r
1y
1c
0i
#4312986348
1t
0s
0r
1y
1c
0i
#4312986994
0t
0s
0r
1y
1c
0i
#4312987401
1t
0s
0r
1y
1c
0i
#4312988048
0t
0s
0r
1y
1c
0i
#4312988456
1t
0s
0r
1y
1c
0i
#4312989100
0t
0s
0r
1y
1c
0i
#4312989510
1t
0s
0r
1y
1c
0i
#4312990157
0t
0s
0r
1y
0c
0i
#4312990565
1t
0s
0r
1y
0c
0i
#4312991216
0t
0s
0r
1y
0c
1i
#4312991624
1t
0s
0r
1y
0c
1i
#4312992272
0t
0s
0r
1y
0c
1i
#4312992682
1t
0s
0r
1y
0c
1i
#4312993332
0t
0s
0r
1y
0c
1i
#4312993715
0t
0s
1r
1y
0c
1i
#4312993717
0t
0s
0r
1y
0c
1i
#4312993742
1t
0s
0r
1y
0c
1i
#4312994396
0t
0s
0r
1y
0c
0i
#4312994804
1t
0s
0r
1y
0c
0i
#4312995454
0t
0s
0r
1y
0c
0i
#4312995863
1t
0s
0r
1y
0c
0i
#4312996514
0t
0s
0r
1y
0c
0i
#4312996922
1t
0s
0r
1y
0c
0i
#4312997575
0t
0s
0r
1y
0c
0i
#4312997982
1t
0s
0r
1y
0c
0i
#4312998629
0t
0s
0r
1y
0c
0i
#4312999039
1t
0s
0r
1y
0c
0i
#4312999687
0t
0s
0r
1y
0c
0i
#4313000095
1t
0s
0r
1y
0c
0i
#4313000744
0t
0s
0r
1y
0c
0i
#4313001150
1t
0s
0r
1y
0c
0i
#4313001796
0t
0s
0r
1y
0c
0i
#4313002203
1t
0s
0r
1y
0c
0i
#4313002850
0t
0s
0r
1y
0c
0i
#4313003255
1t
0s
0r
1y
0c
0i
#4313003904
0t
0s
0r
1y
0c
0i
#4313004307
1t
0s
0r
1y
0c
0i
#4313004951
0t
0s
0r
1y
0c
0i
#4313005356
1t
0s
0r
1y
0c
0i
#4313006002
0t
0s
0r
1y
0c
0i
#4313006406
1t
0s
0r
1y
0c
0i
#4313007054
0t
0s
0r
1y
0c
0i
#4313007457
1t
0s
0r
1y
0c
0i
#4313008101
0t
0s
0r
1y
0c
0i
#4313008507
1t
0s
0r
1y
0c
0i
#4313009151
0t
0s
0r
1y
0c
0i
#4313009558
1t
0s
0r
1y
0c
0i
#4313010205
0t
0s
0r
1y
0c
0i
#4313010610
1t
0s
0r
1y
0c
0i
#4313011252
0t
0s
0r
1y
0c
0i
#4313011659
1t
0s
0r
1y
0c
0i
#4313012304
0t
0s
0r
1y
0c
0i
#4313012710
1t
0s
0r
1y
0c
0i
#4313013357
0t
0s
0r
1y
0c
0i
#4313013762
1t
0s
0r
1y
0c
0i
#4313014403
0t
0s
0r
1y
0c
0i
#4313014812
1t
0s
0r
1y
0c
0i
#4313015455
0t
0s
0r
1y
0c
0i
#4313015861
1t
0s
0r
1y
0c
0i
#4313016507
0t
0s
0r
1y
0c
0i
#4313016913
1t
0s
0r
1y
0c
0i
#4313017555
0t
0s
0r
1y
0c
0i
#4313017962
1t
0s
0r
1y
0c
0i
#4313018605
0t
0s
0r
1y
0c
0i
#4313019012
1t
0s
0r
1y
0c
0i
#4313019657
0t
0s
0r
1y
0c
0i
#4313020065
1t
0s
0r
1y
0c
0i
#4313020706
0t
0s
0r
1y
0c
0i
#4313021116
1t
0s
0r
1y
0c
0i
#4313021760
0t
0s
0r
1y
1c
0i
#4313022169
1t
0s
0r
1y
1c
0i
#4313022817
0t
0s
0r
1y
1c
1i
#4313023225
1t
0s
0r
1y
1c
1i
#4313023871
0t
0s
0r
1y
1c
1i
#4313024282
1t
0s
0r
1y
1c
1i
#4313024929
0t
0s
0r
1y
1c
1i
#4313025340
1t
0s
0r
1y
1c
1i
#4313025992
0t
0s
0r
1y
1c
0i
#4313026400
1t
0s
0r
1y
1c
0i
#4313027047
0t
0s
0r
1y
1c
0i
#4313027457
1t
0s
0r
1y
1c
0i
#4313028105
0t
0s
0r
1y
1c
0i
#4313028515
1t
0s
0r
1y
1c
0i
#4313029165
0t
0s
0r
1y
1c
0i
#4313029574
1t
0s
0r
1y
1c
0i
#4313030219
0t
0s
0r
1y
1c
0i
#4313030631
1t
0s
0r
1y
1c
0i
#4313031277
0t
0s
0r
1y
1c
0i
#4313031688
1t
0s
0r
1y
1c
0i
#4313032337
0t
0s
0r
1y
1c
0i
#4313032746
1t
0s
0r
1y
1c
0i
#4313033391
0t
0s
0r
1y
1c
0i
#4313033802
1t
0s
0r
1y
1c
0i
#4313034448
0t
0s
0r
1y
1c
0i
#4313034860
1t
0s
0r
1y
1c
0i
#4313035508
0t
0s
0r
1y
1c
0i
#4313035920
1t
0s
0r
1y
1c
0i
#4313036564
0t
0s
0r
1y
1c
0i
#4313036977
1t
0s
0r
1y
1c
0i
#4313037624
0t
0s
0r
1y
1c
0i
#4313038036
1t
0s
0r
1y
1c
0i
#4313038686
0t
0s
0r
1y
1c
0i
#4313039096
1t
0s
0r
1y
1c
0i
#4313040781
0t
0s
0r
1y
1c
0i
#4313041960
1t
0s
0r
1y
1c
0i
#4313042932
0t
0s
0r
1y
1c
0i
#4313043330
1t
0s
0r
1y
1c
0i
#4313043981
0t
0s
0r
1y
1c
0i
#4313044389
1t
0s
0r
1y
1c
0i
#4313045038
0t
0s
0r
1y
1c
0i
#4313045448
1t
0s
0r
1y
1c
0i
#4313046096
0t
0s
0r
1y
1c
0i
#4313046506
1t
0s
0r
1y
1c
0i
#4313047153
0t
0s
0r
1y
1c
0i
#4313047563
1t
0s
0r
1y
1c
0i
#4313048213
0t
0s
0r
1y
1c
0i
#4313048621
1t
0s
0r
1y
1c
0i
#4313049267
0t
0s
0r
1y
1c
0i
#4313049677
1t
0s
0r
1y
1c
0i
#4313050325
0t
0s
0r
1y
1c
0i
#4313050733
1t
0s
0r
1y
1c
0i
#4313051383
0t
0s
0r
1y
1c
0i
#4313051793
1t
0s
0r
1y
1c
0i
#4313052440
0t
0s
0r
1y
1c
0i
#4313052851
1t
0s
0r
1y
1c
0i
#4313053500
0t
0s
0r
1y
0c
0i
#4313053910
1t
0s
0r
1y
0c
0i
#4313054564
0t
0s
0r
1y
0c
1i
#4313054973
1t
0s
0r
1y
0c
1i
#4313055624
0t
0s
0r
1y
0c
1i
#4313056035
1t
0s
0r
1y
0c
1i
#4313056688
0t
0s
0r
1y
0c
1i
#4313057099
1t
0s
0r
1y
0c
1i
#4313057755
0t
0s
0r
1y
0c
0i
#4313058165
1t
0s
0r
1y
0c
0i
#4313058816
0t
0s
0r
1y
0c
0i
#4313059227
1t
0s
0r
1y
0c
0i
#4313059880
0t
0s
0r
1y
0c
0i
#4313060290
1t
0s
0r
1y
0c
0i
#4313060945
0t
0s
0r
1y
0c
0i
#4313061353
1t
0s
0r
1y
0c
0i
#4313062003
0t
0s
0r
1y
0c
0i
#4313062415
1t
0s
0r
1y
0c
0i
#4313063064
0t
0s
0r
1y
0c
0i
#4313063474
1t
0s
0r
1y
0c
0i
#4313064127
0t
0s
0r
1y
0c
0i
#4313064534
1t
0s
0r
1y
0c
0i
#4313065182
0t
0s
0r
1y
0c
0i
#4313065590
1t
0s
0r
1y
0c
0i
#4313066238
0t
0s
0r
1y
0c
0i
#4313066645
1t
0s
0r
1y
0c
0i
#4313067295
0t
0s
0r
1y
0c
0i
#4313067700
1t
0s
0r
1y
0c
0i
#4313068345
0t
0s
0r
1y
0c
0i
#4313068751
1t
0s
0r
1y
0c
0i
#4313069397
0t
0s
0r
1y
0c
0i
#4313069803
1t
0s
0r
1y
0c
0i
#4313070452
0t
0s
0r
1y
0c
0i
#4313070856
1t
0s
0r
1y
0c
0i
#4313071501
0t
0s
0r
1y
0c
0i
#4313071907
1t
0s
0r
1y
0c
0i
#4313072552
0t
0s
0r
1y
0c
0i
#4313072960
1t
0s
0r
1y
0c
0i
#4313073607
0t
0s
0r
1y
0c
0i
#4313074013
1t
0s
0r
1y
0c
0i
#4313074656
0t
0s
0r
1y
0c
0i
#4313075063
1t
0s
0r
1y
0c
0i
#4313075708
0t
0s
0r
1y
0c
0i
#4313076115
1t
0s
0r
1y
0c
0i
#4313076762
0t
0s
0r
1y
0c
0i
#4313077168
1t
0s
0r
1y
0c
0i
#4313077810
0t
0s
0r
1y
0c
0i
#4313078218
1t
0s
0r
1y
0c
0i
#4313078862
0t
0s
0r
1y
0c
0i
#4313079269
1t
0s
0r
1y
0c
0i
#4313079915
0t
0s
0r
1y
0c
0i
#4313080321
1t
0s
0r
1y
0c
0i
#4313080963
0t
0s
0r
1y
0c
0i
#4313081370
1t
0s
0r
1y
0c
0i
#4313082014
0t
0s
0r
1y
0c
0i
#4313082421
1t
0s
0r
1y
0c
0i
#4313083066
0t
0s
0r
1y
0c
0i
#4313083474
1t
0s
0r
1y
0c
0i
#4313084115
0t
0s
0r
1y
0c
0i
#4313084525
1t
0s
0r
1y
0c
0i
#4313085168
0t
0s
0r
1y
1c
0i
#4313085578
1t
0s
0r
1y
1c
0i
#4313086226
0t
0s
0r
1y
1c
1i
#4313086634
1t
0s
0r
1y
1c
1i
#4313087280
0t
0s
0r
1y
1c
1i
#4313087690
1t
0s
0r
1y
1c
1i
#4313088338
0t
0s
0r
1y
1c
1i
#4313088749
1t
0s
0r
1y
1c
1i
#4313089400
0t
0s
0r
1y
1c
0i
#4313089809
1t
0s
0r
1y
1c
0i
#4313090456
0t
0s
0r
1y
1c
0i
#4313090867
1t
0s
0r
1y
1c
0i
#4313091515
0t
0s
0r
1y
1c
0i
#4313091925
1t
0s
0r
1y
1c
0i
#4313092576
0t
0s
0r
1y
1c
0i
#4313092984
1t
0s
0r
1y
1c
0i
#4313093629
0t
0s
0r
1y
1c
0i
#4313094041
1t
0s
0r
1y
1c
0i
#4313094687
0t
0s
0r
1y
1c
0i
#4313095098
1t
0s
0r
1y
1c
0i
#4313095747
0t
0s
0r
1y
1c
0i
#4313096157
1t
0s
0r
1y
1c
0i
#4313096801
0t
0s
0r
1y
1c
0i
#4313097213
1t
0s
0r
1y
1c
0i
#4313097859
0t
0s
0r
1y
1c
0i
#4313098269
1t
0s
0r
1y
1c
0i
#4313098917
0t
0s
0r
1y
1c
0i
#4313099328
1t
0s
0r
1y
1c
0i
#4313099972
0t
0s
0r
1y
1c
0i
#4313100384
1t
0s
0r
1y
1c
0i
#4313101030
0t
0s
0r
1y
1c
0i
#4313101440
1t
0s
0r
1y
1c
0i
#4313102089
0t
0s
0r
1y
1c
0i
#4313102498
1t
0s
0r
1y
1c
0i
#4313104178
0t
0s
0r
1y
1c
0i
#4313105353
1t
0s
0r
1y
1c
0i
#4313106323
0t
0s
0r
1y
1c
0i
#4313106719
1t
0s
0r
1y
1c
0i
#4313107368
0t
0s
0r
1y
1c
0i
#4313107776
1t
0s
0r
1y
1c
0i
#4313108423
0t
0s
0r
1y
1c
0i
#4313108831
1t
0s
0r
1y
1c
0i
#4313109477
0t
0s
0r
1y
1c
0i
#4313109886
1t
0s
0r
1y
1c
0i
#4313110532
0t
0s
0r
1y
1c
0i
#4313110940
1t
0s
0r
1y
1c
0i
#4313111589
0t
0s
0r
1y
1c
0i
#4313111995
1t
0s
0r
1y
1c
0i
#4313112639
0t
0s
0r
1y
1c
0i
#4313113047
1t
0s
0r
1y
1c
0i
#4313113693
0t
0s
0r
1y
1c
0i
#4313114101
1t
0s
0r
1y
1c
0i
#4313114749
0t
0s
0r
1y
1c
0i
#4313115158
1t
0s
0r
1y
1c
0i
#4313115802
0t
0s
0r
1y
1c
0i
#4313116212
1t
0s
0r
1y
1c
0i
#4313116858
0t
0s
0r
1y
0c
0i
#4313117268
1t
0s
0r
1y
0c
0i
#4313117919
0t
0s
0r
1y
0c
1i
#4313118327
1t
0s
0r
1y
0c
1i
#4313118976
0t
0s
0r
1y
0c
1i
#4313119386
1t
0s
0r
1y
0c
1i
#4313120036
0t
0s
0r
1y
0c
1i
#4313120447
1t
0s
0r
1y
0c
1i
#4313120501
1t
0s
1r
1y
0c
1i
#4313120503
1t
0s
0r
1y
0c
1i
#4313121100
0t
0s
0r
1y
0c
0i
#4313121509
1t
0s
0r
1y
0c
0i
#4313122159
0t
0s
0r
1y
0c
0i
#4313122569
1t
0s
0r
1y
0c
0i
#4313123220
0t
0s
0r
1y
0c
0i
#4313123629
1t
0s
0r
1y
0c
0i
#4313124283
0t
0s
0r
1y
0c
0i
#4313124690
1t
0s
0r
1y
0c
0i
#4313125338
0t
0s
0r
1y
0c
0i
#4313125749
1t
0s
0r
1y
0c
0i
#4313126398
0t
0s
0r
1y
0c
0i
#4313126807
1t
0s
0r
1y
0c
0i
#4313127459
0t
0s
0r
1y
0c
0i
#4313127866
1t
0s
0r
1y
0c
0i
#4313128516
0t
0s
0r
1y
0c
0i
#4313128924
1t
0s
0r
1y
0c
0i
#4313129573
0t
0s
0r
1y
0c
0i
#4313129981
1t
0s
0r
1y
0c
0i
#4313130634
0t
0s
0r
1y
0c
0i
#4313131040
1t
0s
0r
1y
0c
0i
#4313131687
0t
0s
0r
1y
0c
0i
#4313132096
1t
0s
0r
1y
0c
0i
#4313132745
0t
0s
0r
1y
0c
0i
#4313133152
1t
0s
0r
1y
0c
0i
#4313133804
0t
0s
0r
1y
0c
0i
#4313134210
1t
0s
0r
1y
0c
0i
#4313134859
0t
0s
0r
1y
0c
0i
#4313135267
1t
0s
0r
1y
0c
0i
#4313135915
0t
0s
0r
1y
0c
0i
#4313136324
1t
0s
0r
1y
0c
0i
#4313136975
0t
0s
0r
1y
0c
0i
#4313137382
1t
0s
0r
1y
0c
0i
#4313138027
0t
0s
0r
1y
0c
0i
#4313138436
1t
0s
0r
1y
0c
0i
#4313139084
0t
0s
0r
1y
0c
0i
#4313139492
1t
0s
0r
1y
0c
0i
#4313140143
0t
0s
0r
1y
0c
0i
#4313140549
1t
0s
0r
1y
0c
0i
#4313141194
0t
0s
0r
1y
0c
0i
#4313141603
1t
0s
0r
1y
0c
0i
#4313142249
0t
0s
0r
1y
0c
0i
#4313142658
1t
0s
0r
1y
0c
0i
#4313143307
0t
0s
0r
1y
0c
0i
#4313143714
1t
0s
0r
1y
0c
0i
#4313144358
0t
0s
0r
1y
0c
0i
#4313144768
1t
0s
0r
1y
0c
0i
#4313145414
0t
0s
0r
1y
0c
0i
#4313145822
1t
0s
0r
1y
0c
0i
#4313146471
0t
0s
0r
1y
0c
0i
#4313146880
1t
0s
0r
1y
0c
0i
#4313147525
0t
0s
0r
1y
0c
0i
#4313147936
1t
0s
0r
1y
0c
0i
#4313148584
0t
0s
0r
1y
1c
0i
#4313148994
1t
0s
0r
1y
1c
0i
#4313149646
0t
0s
0r
1y
1c
1i
#4313150056
1t
0s
0r
1y
1c
1i
#4313150705
0t
0s
0r
1y
1c
1i
#4313151117
1t
0s
0r
1y
1c
1i
#4313151769
0t
0s
0r
1y
1c
1i
#4313152181
1t
0s
0r
1y
1c
1i
#4313152836
0t
0s
0r
1y
1c
0i
#4313153246
1t
0s
0r
1y
1c
0i
#4313153897
0t
0s
0r
1y
1c
0i
#4313154309
1t
0s
0r
1y
1c
0i
#4313154960
0t
0s
0r
1y
1c
0i
#4313155372
1t
0s
0r
1y
1c
0i
#4313156026
0t
0s
0r
1y
1c
0i
#4313156436
1t
0s
0r
1y
1c
0i
#4313157084
0t
0s
0r
1y
1c
0i
#4313157498
1t
0s
0r
1y
1c
0i
#4313158147
0t
0s
0r
1y
1c
0i
#4313158559
1t
0s
0r
1y
1c
0i
#4313159211
0t
0s
0r
1y
1c
0i
#4313159622
1t
0s
0r
1y
1c
0i
#4313160270
0t
0s
0r
1y
1c
0i
#4313160682
1t
0s
0r
1y
1c
0i
#4313161331
0t
0s
0r
1y
1c
0i
#4313161742
1t
0s
0r
1y
1c
0i
#4313162392
0t
0s
0r
1y
1c
0i
#4313162804
1t
0s
0r
1y
1c
0i
#4313163450
0t
0s
0r
1y
1c
0i
#4313163862
1t
0s
0r
1y
1c
0i
#4313164509
0t
0s
0r
1y
1c
0i
#4313164921
1t
0s
0r
1y
1c
0i
#4313165570
0t
0s
0r
1y
1c
0i
#4313165980
1t
0s
0r
1y
1c
0i
#4313167662
0t
0s
0r
1y
1c
0i
#4313168840
1t
0s
0r
1y
1c
0i
#4313169811
0t
0s
0r
1y
1c
0i
#4313170208
1t
0s
0r
1y
1c
0i
#4313170858
0t
0s
0r
1y
1c
0i
#4313171266
1t
0s
0r
1y
1c
0i
#4313171914
0t
0s
0r
1y
1c
0i
#4313172323
1t
0s
0r
1y
1c
0i
#4313172970
0t
0s
0r
1y
1c
0i
#4313173380
1t
0s
0r
1y
1c
0i
#4313174026
0t
0s
0r
1y
1c
0i
#4313174435
1t
0s
0r
1y
1c
0i
#4313175085
0t
0s
0r
1y
1c
0i
#4313175492
1t
0s
0r
1y
1c
0i
#4313176138
0t
0s
0r
1y
1c
0i
#4313176547
1t
0s
0r
1y
1c
0i
#4313177194
0t
0s
0r
1y
1c
0i
#4313177602
1t
0s
0r
1y
1c
0i
#4313178252
0t
0s
0r
1y
1c
0i
#4313178661
1t
0s
0r
1y
1c
0i
#4313179306
0t
0s
0r
1y
0c
0i
#4313179717
1t
0s
0r
1y
0c
0i
#4313180366
0t
0s
0r
1y
0c
0i
#4313180775
1t
0s
0r
1y
0c
0i
#4313181428
0t
0s
0r
1y
0c
1i
#4313181836
1t
0s
0r
1y
0c
1i
#4313182487
0t
0s
0r
1y
0c
1i
#4313182897
1t
0s
0r
1y
0c
1i
#4313183550
0t
0s
0r
1y
0c
1i
#4313183961
1t
0s
0r
1y
0c
1i
#4313184616
0t
0s
0r
1y
0c
0i
#4313185026
1t
0s
0r
1y
0c
0i
#4313185677
0t
0s
0r
1y
0c
0i
#4313186088
1t
0s
0r
1y
0c
0i
#4313186740
0t
0s
0r
1y
0c
0i
#4313187149
1t
0s
0r
1y
0c
0i
#4313187803
0t
0s
0r
1y
0c
0i
#4313188211
1t
0s
0r
1y
0c
0i
#4313188858
0t
0s
0r
1y
0c
0i
#4313189268
1t
0s
0r
1y
0c
0i
#4313189914
0t
0s
0r
1y
0c
0i
#4313190321
1t
0s
0r
1y
0c
0i
#4313190968
0t
0s
0r
1y
0c
0i
#4313191373
1t
0s
0r
1y
0c
0i
#4313192015
0t
0s
0r
1y
0c
0i
#4313192420
1t
0s
0r
1y
0c
0i
#4313193062
0t
0s
0r
1y
0c
0i
#4313193465
1t
0s
0r
1y
0c
0i
#4313194108
0t
0s
0r
1y
0c
0i
#4313194510
1t
0s
0r
1y
0c
0i
#4313195148
0t
0s
0r
1y
0c
0i
#4313195552
1t
0s
0r
1y
0c
0i
#4313196192
0t
0s
0r
1y
0c
0i
#4313196595
1t
0s
0r
1y
0c
0i
#4313197238
0t
0s
0r
1y
0c
0i
#4313197640
1t
0s
0r
1y
0c
0i
#4313198279
0t
0s
0r
1y
0c
0i
#4313198683
1t
0s
0r
1y
0c
0i
#4313199323
0t
0s
0r
1y
0c
0i
#4313199728
1t
0s
0r
1y
0c
0i
#4313200370
0t
0s
0r
1y
0c
0i
#4313200774
1t
0s
0r
1y
0c
0i
#4313201412
0t
0s
0r
1y
0c
0i
#4313201817
1t
0s
0r
1y
0c
0i
#4313202457
0t
0s
0r
1y
0c
0i
#4313202861
1t
0s
0r
1y
0c
0i
#4313203503
0t
0s
0r
1y
0c
0i
#4313203906
1t
0s
0r
1y
0c
0i
#4313204543
0t
0s
0r
1y
0c
0i
#4313204949
1t
0s
0r
1y
0c
0i
#4313205588
0t
0s
0r
1y
0c
0i
#4313205992
1t
0s
0r
1y
0c
0i
#4313206633
0t
0s
0r
1y
0c
0i
#4313207037
1t
0s
0r
1y
0c
0i
#4313207673
0t
0s
0r
1y
0c
0i
#4313208079
1t
0s
0r
1y
0c
0i
#4313208717
0t
0s
0r
1y
0c
0i
#4313209122
1t
0s
0r
1y
0c
0i
#4313209762
0t
0s
0r
1y
0c
0i
#4313210167
1t
0s
0r
1y
0c
0i
#4313210803
0t
0s
0r
1y
0c
0i
#4313211211
1t
0s
0r
1y
0c
0i
#4313211850
0t
0s
0r
1y
1c
0i
#4313212256
1t
0s
0r
1y
1c
0i
#4313212900
0t
0s
0r
1y
1c
1i
#4313213305
1t
0s
0r
1y
1c
1i
#4313213946
0t
0s
0r
1y
1c
1i
#4313214354
1t
0s
0r
1y
1c
1i
#4313214997
0t
0s
0r
1y
1c
1i
#4313215405
1t
0s
0r
1y
1c
1i
#4313216052
0t
0s
0r
1y
1c
0i
#4313216458
1t
0s
0r
1y
1c
0i
#4313217100
0t
0s
0r
1y
1c
0i
#4313217508
1t
0s
0r
1y
1c
0i
#4313218152
0t
0s
0r
1y
1c
0i
#4313218559
1t
0s
0r
1y
1c
0i
#4313219205
0t
0s
0r
1y
1c
0i
#4313219611
1t
0s
0r
1y
1c
0i
#4313220251
0t
0s
0r
1y
1c
0i
#4313220661
1t
0s
0r
1y
1c
0i
#4313221302
0t
0s
0r
1y
1c
0i
#4313221710
1t
0s
0r
1y
1c
0i
#4313222354
0t
0s
0r
1y
1c
0i
#4313222761
1t
0s
0r
1y
1c
0i
#4313223400
0t
0s
0r
1y
1c
0i
#4313223809
1t
0s
0r
1y
1c
0i
#4313224449
0t
0s
0r
1y
1c
0i
#4313224857
1t
0s
0r
1y
1c
0i
#4313225499
0t
0s
0r
1y
1c
0i
#4313225907
1t
0s
0r
1y
1c
0i
#4313226544
0t
0s
0r
1y
1c
0i
#4313226953
1t
0s
0r
1y
1c
0i
#4313227593
0t
0s
0r
1y
1c
0i
#4313228000
1t
0s
0r
1y
1c
0i
#4313228642
0t
0s
0r
1y
1c
0i
#4313229048
1t
0s
0r
1y
1c
0i
#4313230712
0t
0s
0r
1y
1c
0i
#4313231878
1t
0s
0r
1y
1c
0i
#4313232837
0t
0s
0r
1y
1c
0i
#4313233231
1t
0s
0r
1y
1c
0i
#4313233874
0t
0s
0r
1y
1c
0i
#4313234278
1t
0s
0r
1y
1c
0i
#4313234919
0t
0s
0r
1y
1c
0i
#4313235324
1t
0s
0r
1y
1c
0i
#4313235964
0t
0s
0r
1y
1c
0i
#4313236370
1t
0s
0r
1y
1c
0i
#4313237010
0t
0s
0r
1y
1c
0i
#4313237415
1t
0s
0r
1y
1c
0i
#4313238058
0t
0s
0r
1y
1c
0i
#4313238462
1t
0s
0r
1y
1c
0i
#4313239100
0t
0s
0r
1y
1c
0i
#4313239506
1t
0s
0r
1y
1c
0i
#4313240147
0t
0s
0r
1y
1c
0i
#4313240551
1t
0s
0r
1y
1c
0i
#4313241193
0t
0s
0r
1y
1c
0i
#4313241599
1t
0s
0r
1y
1c
0i
#4313242237
0t
0s
0r
1y
1c
0i
#4313242645
1t
0s
0r
1y
1c
0i
#4313243286
0t
0s
0r
1y
0c
0i
#4313243692
1t
0s
0r
1y
0c
0i
#4313244337
0t
0s
0r
1y
0c
1i
#4313244742
1t
0s
0r
1y
0c
1i
#4313245386
0t
0s
0r
1y
0c
1i
#4313245792
1t
0s
0r
1y
0c
1i
#4313246437
0t
0s
0r
1y
0c
1i
#4313246844
1t
0s
0r
1y
0c
1i
#4313247000
1t
0s
1r
1y
0c
1i
#4313247003
1t
0s
0r
1y
0c
1i
#4313247493
0t
0s
0r
1y
0c
0i
#4313247898
1t
0s
0r
1y
0c
0i
#4313248542
0t
0s
0r
1y
0c
0i
#4313248949
1t
0s
0r
1y
0c
0i
#4313249593
0t
0s
0r
1y
0c
0i
#4313249999
1t
0s
0r
1y
0c
0i
#4313250647
0t
0s
0r
1y
0c
0i
#4313251051
1t
0s
0r
1y
0c
0i
#4313251693
0t
0s
0r
1y
0c
0i
#4313252101
1t
0s
0r
1y
0c
0i
#4313252744
0t
0s
0r
1y
0c
0i
#4313253150
1t
0s
0r
1y
0c
0i
#4313253797
0t
0s
0r
1y
0c
0i
#4313254201
1t
0s
0r
1y
0c
0i
#4313254844
0t
0s
0r
1y
0c
0i
#4313255250
1t
0s
0r
1y
0c
0i
#4313255896
0t
0s
0r
1y
0c
0i
#4313256300
1t
0s
0r
1y
0c
0i
#4313256948
0t
0s
0r
1y
0c
0i
#4313257352
1t
0s
0r
1y
0c
0i
#4313257996
0t
0s
0r
1y
0c
0i
#4313258401
1t
0s
0r
1y
0c
0i
#4313259047
0t
0s
0r
1y
0c
0i
#4313259452
1t
0s
0r
1y
0c
0i
#4313260101
0t
0s
0r
1y
0c
0i
#4313260504
1t
0s
0r
1y
0c
0i
#4313261149
0t
0s
0r
1y
0c
0i
#4313261555
1t
0s
0r
1y
0c
0i
#4313262199
0t
0s
0r
1y
0c
0i
#4313262607
1t
0s
0r
1y
0c
0i
#4313263254
0t
0s
0r
1y
0c
0i
#4313263660
1t
0s
0r
1y
0c
0i
#4313264302
0t
0s
0r
1y
0c
0i
#4313264709
1t
0s
0r
1y
0c
0i
#4313265353
0t
0s
0r
1y
0c
0i
#4313265760
1t
0s
0r
1y
0c
0i
#4313266407
0t
0s
0r
1y
0c
0i
#4313266812
1t
0s
0r
1y
0c
0i
#4313267454
0t
0s
0r
1y
0c
0i
#4313267862
1t
0s
0r
1y
0c
0i
#4313268505
0t
0s
0r
1y
0c
0i
#4313268911
1t
0s
0r
1y
0c
0i
#4313269557
0t
0s
0r
1y
0c
0i
#4313269963
1t
0s
0r
1y
0c
0i
#4313270604
0t
0s
0r
1y
0c
0i
#4313271011
1t
0s
0r
1y
0c
0i
#4313271654
0t
0s
0r
1y
0c
0i
#4313272061
1t
0s
0r
1y
0c
0i
#4313272706
0t
0s
0r
1y
0c
0i
#4313273115
1t
0s
0r
1y
0c
0i
#4313273756
0t
0s
0r
1y
0c
0i
#4313274166
1t
0s
0r
1y
0c
0i
#4313274810
0t
0s
0r
1y
1c
0i
#4313275219
1t
0s
0r
1y
1c
0i
#4313275868
0t
0s
0r
1y
1c
1i
#4313276276
1t
0s
0r
1y
1c
1i
#4313276922
0t
0s
0r
1y
1c
1i
#4313277333
1t
0s
0r
1y
1c
1i
#4313277981
0t
0s
0r
1y
1c
1i
#4313278391
1t
0s
0r
1y
1c
1i
#4313279043
0t
0s
0r
1y
1c
0i
#4313279452
1t
0s
0r
1y
1c
0i
#4313280099
0t
0s
0r
1y
1c
0i
#4313280509
1t
0s
0r
1y
1c
0i
#4313281158
0t
0s
0r
1y
1c
0i
#4313281567
1t
0s
0r
1y
1c
0i
#4313282218
0t
0s
0r
1y
1c
0i
#4313282626
1t
0s
0r
1y
1c
0i
#4313283271
0t
0s
0r
1y
1c
0i
#4313283683
1t
0s
0r
1y
1c
0i
#4313284328
0t
0s
0r
1y
1c
0i
#4313284739
1t
0s
0r
1y
1c
0i
#4313285387
0t
0s
0r
1y
1c
0i
#4313285797
1t
0s
0r
1y
1c
0i
#4313286440
0t
0s
0r
1y
1c
0i
#4313286851
1t
0s
0r
1y
1c
0i
#4313287496
0t
0s
0r
1y
1c
0i
#4313287906
1t
0s
0r
1y
1c
0i
#4313288552
0t
0s
0r
1y
1c
0i
#4313288962
1t
0s
0r
1y
1c
0i
#4313289604
0t
0s
0r
1y
1c
0i
#4313290016
1t
0s
0r
1y
1c
0i
#4313290659
0t
0s
0r
1y
1c
0i
#4313291069
1t
0s
0r
1y
1c
0i
#4313291716
0t
0s
0r
1y
1c
0i
#4313292124
1t
0s
0r
1y
1c
0i
#4313293799
0t
0s
0r
1y
1c
0i
#4313294972
1t
0s
0r
1y
1c
0i
#4313295938
0t
0s
0r
1y
1c
0i
#4313296334
1t
0s
0r
1y
1c
0i
#4313296981
0t
0s
0r
1y
1c
0i
#4313297388
1t
0s
0r
1y
1c
0i
#4313298032
0t
0s
0r
1y
1c
0i
#4313298441
1t
0s
0r
1y
1c
0i
#4313299085
0t
0s
0r
1y
1c
0i
#4313299493
1t
0s
0r
1y
1c
0i
#4313300138
0t
0s
0r
1y
1c
0i
#4313300545
1t
0s
0r
1y
1c
0i
#4313301191
0t
0s
0r
1y
1c
0i
#4313301597
1t
0s
0r
1y
1c
0i
#4313302240
0t
0s
0r
1y
1c
0i
#4313302647
1t
0s
0r
1y
1c
0i
#4313303292
0t
0s
0r
1y
1c
0i
#4313303698
1t
0s
0r
1y
1c
0i
#4313304345
0t
0s
0r
1y
1c
0i
#4313304752
1t
0s
0r
1y
1c
0i
#4313305395
0t
0s
0r
1y
1c
0i
#4313305804
1t
0s
0r
1y
1c
0i
#4313306449
0t
0s
0r
1y
0c
0i
#4313306857
1t
0s
0r
1y
0c
0i
#4313307507
0t
0s
0r
1y
0c
1i
#4313307913
1t
0s
0r
1y
0c
1i
#4313308560
0t
0s
0r
1y
0c
1i
#4313308969
1t
0s
0r
1y
0c
1i
#4313309617
0t
0s
0r
1y
0c
1i
#4313310027
1t
0s
0r
1y
0c
1i
#4313310679
0t
0s
0r
1y
0c
0i
#4313311087
1t
0s
0r
1y
0c
0i
#4313311734
0t
0s
0r
1y
0c
0i
#4313312143
1t
0s
0r
1y
0c
0i
#4313312792
0t
0s
0r
1y
0c
0i
#4313313200
1t
0s
0r
1y
0c
0i
#4313313850
0t
0s
0r
1y
0c
0i
#4313314257
1t
0s
0r
1y
0c
0i
#4313314903
0t
0s
0r
1y
0c
0i
#4313315312
1t
0s
0r
1y
0c
0i
#4313315959
0t
0s
0r
1y
0c
0i
#4313316367
1t
0s
0r
1y
0c
0i
#4313317016
0t
0s
0r
1y
0c
0i
#4313317422
1t
0s
0r
1y
0c
0i
#4313318068
0t
0s
0r
1y
0c
0i
#4313318475
1t
0s
0r
1y
0c
0i
#4313319122
0t
0s
0r
1y
0c
0i
#4313319528
1t
0s
0r
1y
0c
0i
#4313320178
0t
0s
0r
1y
0c
0i
#4313320582
1t
0s
0r
1y
0c
0i
#4313321226
0t
0s
0r
1y
0c
0i
#4313321633
1t
0s
0r
1y
0c
0i
#4313322279
0t
0s
0r
1y
0c
0i
#4313322685
1t
0s
0r
1y
0c
0i
#4313323333
0t
0s
0r
1y
0c
0i
#4313323737
1t
0s
0r
1y
0c
0i
#4313324381
0t
0s
0r
1y
0c
0i
#4313324787
1t
0s
0r
1y
0c
0i
#4313325432
0t
0s
0r
1y
0c
0i
#4313325839
1t
0s
0r
1y
0c
0i
#4313326485
0t
0s
0r
1y
0c
0i
#4313326891
1t
0s
0r
1y
0c
0i
#4313327532
0t
0s
0r
1y
0c
0i
#4313327939
1t
0s
0r
1y
0c
0i
#4313328582
0t
0s
0r
1y
0c
0i
#4313328989
1t
0s
0r
1y
0c
0i
#4313329634
0t
0s
0r
1y
0c
0i
#4313330039
1t
0s
0r
1y
0c
0i
#4313330680
0t
0s
0r
1y
0c
0i
#4313331087
1t
0s
0r
1y
0c
0i
#4313331729
0t
0s
0r
1y
0c
0i
#4313332136
1t
0s
0r
1y
0c
0i
#4313332779
0t
0s
0r
1y
0c
0i
#4313333185
1t
0s
0r
1y
0c
0i
#4313333825
0t
0s
0r
1y
0c
0i
#4313334232
1t
0s
0r
1y
0c
0i
#4313334873
0t
0s
0r
1y
0c
0i
#4313335280
1t
0s
0r
1y
0c
0i
#4313335924
0t
0s
0r
1y
0c
0i
#4313336331
1t
0s
0r
1y
0c
0i
#4313336970
0t
0s
0r
1y
0c
0i
#4313337380
1t
0s
0r
1y
0c
0i
#4313338022
0t
0s
0r
1y
1c
0i
#4313338431
1t
0s
0r
1y
1c
0i
#4313339078
0t
0s
0r
1y
1c
1i
#4313339485
1t
0s
0r
1y
1c
1i
#4313340129
0t
0s
0r
1y
1c
1i
#4313340539
1t
0s
0r
1y
1c
1i
#4313341186
0t
0s
0r
1y
1c
1i
#4313341595
1t
0s
0r
1y
1c
1i
#4313342244
0t
0s
0r
1y
1c
0i
#4313342653
1t
0s
0r
1y
1c
0i
#4313343299
0t
0s
0r
1y
1c
0i
#4313343709
1t
0s
0r
1y
1c
0i
#4313344355
0t
0s
0r
1y
1c
0i
#4313344764
1t
0s
0r
1y
1c
0i
#4313345413
0t
0s
0r
1y
1c
0i
#4313345821
1t
0s
0r
1y
1c
0i
#4313346464
0t
0s
0r
1y
1c
0i
#4313346875
1t
0s
0r
1y
1c
0i
#4313347520
0t
0s
0r
1y
1c
0i
#4313347929
1t
0s
0r
1y
1c
0i
#4313348576
0t
0s
0r
1y
1c
0i
#4313348984
1t
0s
0r
1y
1c
0i
#4313349626
0t
0s
0r
1y
1c
0i
#4313350036
1t
0s
0r
1y
1c
0i
#4313350680
0t
0s
0r
1y
1c
0i
#4313351089
1t
0s
0r
1y
1c
0i
#4313351734
0t
0s
0r
1y
1c
0i
#4313352143
1t
0s
0r
1y
1c
0i
#4313352784
0t
0s
0r
1y
1c
0i
#4313353195
1t
0s
0r
1y
1c
0i
#4313353837
0t
0s
0r
1y
1c
0i
#4313354247
1t
0s
0r
1y
1c
0i
#4313354892
0t
0s
0r
1y
1c
0i
#4313355300
1t
0s
0r
1y
1c
0i
#4313356972
0t
0s
0r
1y
1c
0i
#4313358142
1t
0s
0r
1y
1c
0i
#4313359107
0t
0s
0r
1y
1c
0i
#4313359502
1t
0s
0r
1y
1c
0i
#4313360148
0t
0s
0r
1y
1c
0i
#4313360553
1t
0s
0r
1y
1c
0i
#4313361197
0t
0s
0r
1y
1c
0i
#4313361604
1t
0s
0r
1y
1c
0i
#4313362247
0t
0s
0r
1y
1c
0i
#4313362654
1t
0s
0r
1y
1c
0i
#4313363296
0t
0s
0r
1y
1c
0i
#4313363703
1t
0s
0r
1y
1c
0i
#4313364348
0t
0s
0r
1y
1c
0i
#4313364753
1t
0s
0r
1y
1c
0i
#4313365394
0t
0s
0r
1y
1c
0i
#4313365800
1t
0s
0r
1y
1c
0i
#4313366443
0t
0s
0r
1y
1c
0i
#4313366849
1t
0s
0r
1y
1c
0i
#4313367493
0t
0s
0r
1y
1c
0i
#4313367900
1t
0s
0r
1y
1c
0i
#4313368541
0t
0s
0r
1y
0c
0i
#4313368949
1t
0s
0r
1y
0c
0i
#4313369593
0t
0s
0r
1y
0c
0i
#4313370000
1t
0s
0r
1y
0c
0i
#4313370648
0t
0s
0r
1y
0c
1i
#4313371054
1t
0s
0r
1y
0c
1i
#4313371699
0t
0s
0r
1y
0c
1i
#4313372108
1t
0s
0r
1y
0c
1i
#4313372755
0t
0s
0r
1y
0c
1i
#4313373164
1t
0s
0r
1y
0c
1i
#4313373231
1t
0s
1r
1y
0c
1i
#4313373233
1t
0s
0r
1y
0c
1i
#4313373814
0t
0s
0r
1y
0c
0i
#4313374221
1t
0s
0r
1y
0c
0i
#4313374868
0t
0s
0r
1y
0c
0i
#4313375276
1t
0s
0r
1y
0c
0i
#4313375924
0t
0s
0r
1y
0c
0i
#4313376331
1t
0s
0r
1y
0c
0i
#4313376981
0t
0s
0r
1y
0c
0i
#4313377387
1t
0s
0r
1y
0c
0i
#4313378031
0t
0s
0r
1y
0c
0i
#4313378439
1t
0s
0r
1y
0c
0i
#4313379083
0t
0s
0r
1y
0c
0i
#4313379489
1t
0s
0r
1y
0c
0i
#4313380135
0t
0s
0r
1y
0c
0i
#4313380539
1t
0s
0r
1y
0c
0i
#4313381180
0t
0s
0r
1y
0c
0i
#4313381585
1t
0s
0r
1y
0c
0i
#4313382226
0t
0s
0r
1y
0c
0i
#4313382629
1t
0s
0r
1y
0c
0i
#4313383272
0t
0s
0r
1y
0c
0i
#4313383673
1t
0s
0r
1y
0c
0i
#4313384312
0t
0s
0r
1y
0c
0i
#4313384715
1t
0s
0r
1y
0c
0i
#4313385355
0t
0s
0r
1y
0c
0i
#4313385758
1t
0s
0r
1y
0c
0i
#4313386401
0t
0s
0r
1y
0c
0i
#4313386802
1t
0s
0r
1y
0c
0i
#4313387441
0t
0s
0r
1y
0c
0i
#4313387844
1t
0s
0r
1y
0c
0i
#4313388484
0t
0s
0r
1y
0c
0i
#4313388888
1t
0s
0r
1y
0c
0i
#4313389530
0t
0s
0r
1y
0c
0i
#4313389933
1t
0s
0r
1y
0c
0i
#4313390570
0t
0s
0r
1y
0c
0i
#4313390975
1t
0s
0r
1y
0c
0i
#4313391615
0t
0s
0r
1y
0c
0i
#4313392018
1t
0s
0r
1y
0c
0i
#4313392660
0t
0s
0r
1y
0c
0i
#4313393063
1t
0s
0r
1y
0c
0i
#4313393700
0t
0s
0r
1y
0c
0i
#4313394105
1t
0s
0r
1y
0c
0i
#4313394743
0t
0s
0r
1y
0c
0i
#4313395148
1t
0s
0r
1y
0c
0i
#4313395788
0t
0s
0r
1y
0c
0i
#4313396192
1t
0s
0r
1y
0c
0i
#4313396828
0t
0s
0r
1y
0c
0i
#4313397233
1t
0s
0r
1y
0c
0i
#4313397871
0t
0s
0r
1y
0c
0i
#4313398276
1t
0s
0r
1y
0c
0i
#4313398916
0t
0s
0r
1y
0c
0i
#4313399322
1t
0s
0r
1y
0c
0i
#4313399958
0t
0s
0r
1y
0c
0i
#4313400365
1t
0s
0r
1y
0c
0i
#4313401004
0t
0s
0r
1y
1c
0i
#4313401411
1t
0s
0r
1y
1c
0i
#4313402054
0t
0s
0r
1y
1c
1i
#4313402460
1t
0s
0r
1y
1c
1i
#4313403101
0t
0s
0r
1y
1c
1i
#4313403509
1t
0s
0r
1y
1c
1i
#4313404152
0t
0s
0r
1y
1c
1i
#4313404559
1t
0s
0r
1y
1c
1i
#4313405206
0t
0s
0r
1y
1c
0i
#4313405612
1t
0s
0r
1y
1c
0i
#4313406254
0t
0s
0r
1y
1c
0i
#4313406662
1t
0s
0r
1y
1c
0i
#4313407305
0t
0s
0r
1y
1c
0i
#4313407713
1t
0s
0r
1y
1c
0i
#4313408359
0t
0s
0r
1y
1c
0i
#4313408765
1t
0s
0r
1y
1c
0i
#4313409405
0t
0s
0r
1y
1c
0i
#4313409814
1t
0s
0r
1y
1c
0i
#4313410455
0t
0s
0r
1y
1c
0i
#4313410863
1t
0s
0r
1y
1c
0i
#4313411506
0t
0s
0r
1y
1c
0i
#4313411913
1t
0s
0r
1y
1c
0i
#4313412552
0t
0s
0r
1y
1c
0i
#4313412960
1t
0s
0r
1y
1c
0i
#4313413600
0t
0s
0r
1y
1c
0i
#4313414008
1t
0s
0r
1y
1c
0i
#4313414649
0t
0s
0r
1y
1c
0i
#4313415057
1t
0s
0r
1y
1c
0i
#4313415694
0t
0s
0r
1y
1c
0i
#4313416103
1t
0s
0r
1y
1c
0i
#4313416742
0t
0s
0r
1y
1c
0i
#4313417149
1t
0s
0r
1y
1c
0i
#4313417790
0t
0s
0r
1y
1c
0i
#4313418196
1t
0s
0r
1y
1c
0i
#4313419858
0t
0s
0r
1y
1c
0i
#4313421023
1t
0s
0r
1y
1c
0i
#4313421981
0t
0s
0r
1y
1c
0i
#4313422374
1t
0s
0r
1y
1c
0i
#4313423016
0t
0s
0r
1y
1c
0i
#4313423420
1t
0s
0r
1y
1c
0i
#4313424060
0t
0s
0r
1y
1c
0i
#4313424464
1t
0s
0r
1y
1c
0i
#4313425104
0t
0s
0r
1y
1c
0i
#4313425509
1t
0s
0r
1y
1c
0i
#4313426148
0t
0s
0r
1y
1c
0i
#4313426553
1t
0s
0r
1y
1c
0i
#4313427194
0t
0s
0r
1y
1c
0i
#4313427597
1t
0s
0r
1y
1c
0i
#4313428235
0t
0s
0r
1y
1c
0i
#4313428640
1t
0s
0r
1y
1c
0i
#4313429279
0t
0s
0r
1y
1c
0i
#4313429683
1t
0s
0r
1y
1c
0i
#4313430325
0t
0s
0r
1y
1c
0i
#4313430730
1t
0s
0r
1y
1c
0i
#4313431368
0t
0s
0r
1y
1c
0i
#4313431774
1t
0s
0r
1y
1c
0i
#4313432415
0t
0s
0r
1y
0c
0i
#4313432821
1t
0s
0r
1y
0c
0i
#4313433466
0t
0s
0r
1y
0c
1i
#4313433870
1t
0s
0r
1y
0c
1i
#4313434512
0t
0s
0r
1y
0c
1i
#4313434919
1t
0s
0r
1y
0c
1i
#4313435563
0t
0s
0r
1y
0c
1i
#4313435970
1t
0s
0r
1y
0c
1i
#4313436617
0t
0s
0r
1y
0c
0i
#4313437023
1t
0s
0r
1y
0c
0i
#4313437666
0t
0s
0r
1y
0c
0i
#4313438072
1t
0s
0r
1y
0c
0i
#4313438716
0t
0s
0r
1y
0c
0i
#4313439122
1t
0s
0r
1y
0c
0i
#4313439769
0t
0s
0r
1y
0c
0i
#4313440172
1t
0s
0r
1y
0c
0i
#4313440813
0t
0s
0r
1y
0c
0i
#4313441221
1t
0s
0r
1y
0c
0i
#4313441862
0t
0s
0r
1y
0c
0i
#4313442268
1t
0s
0r
1y
0c
0i
#4313442912
0t
0s
0r
1y
0c
0i
#4313443315
1t
0s
0r
1y
0c
0i
#4313443956
0t
0s
0r
1y
0c
0i
#4313444360
1t
0s
0r
1y
0c
0i
#4313445001
0t
0s
0r
1y
0c
0i
#4313445405
1t
0s
0r
1y
0c
0i
#4313446049
0t
0s
0r
1y
0c
0i
#4313446450
1t
0s
0r
1y
0c
0i
#4313447089
0t
0s
0r
1y
0c
0i
#4313447492
1t
0s
0r
1y
0c
0i
#4313448132
0t
0s
0r
1y
0c
0i
#4313448535
1t
0s
0r
1y
0c
0i
#4313449177
0t
0s
0r
1y
0c
0i
#4313449579
1t
0s
0r
1y
0c
0i
#4313450218
0t
0s
0r
1y
0c
0i
#4313450621
1t
0s
0r
1y
0c
0i
#4313451259
0t
0s
0r
1y
0c
0i
#4313451664
1t
0s
0r
1y
0c
0i
#4313452304
0t
0s
0r
1y
0c
0i
#4313452707
1t
0s
0r
1y
0c
0i
#4313453344
0t
0s
0r
1y
0c
0i
#4313453748
1t
0s
0r
1y
0c
0i
#4313454386
0t
0s
0r
1y
0c
0i
#4313454790
1t
0s
0r
1y
0c
0i
#4313455431
0t
0s
0r
1y
0c
0i
#4313455833
1t
0s
0r
1y
0c
0i
#4313456469
0t
0s
0r
1y
0c
0i
#4313456874
1t
0s
0r
1y
0c
0i
#4313457510
0t
0s
0r
1y
0c
0i
#4313457914
1t
0s
0r
1y
0c
0i
#4313458553
0t
0s
0r
1y
0c
0i
#4313458956
1t
0s
0r
1y
0c
0i
#4313459591
0t
0s
0r
1y
0c
0i
#4313459996
1t
0s
0r
1y
0c
0i
#4313460633
0t
0s
0r
1y
0c
0i
#4313461037
1t
0s
0r
1y
0c
0i
#4313461675
0t
0s
0r
1y
0c
0i
#4313462080
1t
0s
0r
1y
0c
0i
#4313462714
0t
0s
0r
1y
0c
0i
#4313463121
1t
0s
0r
1y
0c
0i
#4313463758
0t
0s
0r
1y
1c
0i
#4313464164
1t
0s
0r
1y
1c
0i
#4313464806
0t
0s
0r
1y
1c
1i
#4313465211
1t
0s
0r
1y
1c
1i
#4313465849
0t
0s
0r
1y
1c
1i
#4313466256
1t
0s
0r
1y
1c
1i
#4313466898
0t
0s
0r
1y
1c
1i
#4313467304
1t
0s
0r
1y
1c
1i
#4313467949
0t
0s
0r
1y
1c
0i
#4313468354
1t
0s
0r
1y
1c
0i
#4313468994
0t
0s
0r
1y
1c
0i
#4313469401
1t
0s
0r
1y
1c
0i
#4313470043
0t
0s
0r
1y
1c
0i
#4313470449
1t
0s
0r
1y
1c
0i
#4313471093
0t
0s
0r
1y
1c
0i
#4313471498
1t
0s
0r
1y
1c
0i
#4313472136
0t
0s
0r
1y
1c
0i
#4313472544
1t
0s
0r
1y
1c
0i
#4313473183
0t
0s
0r
1y
1c
0i
#4313473591
1t
0s
0r
1y
1c
0i
#4313474233
0t
0s
0r
1y
1c
0i
#4313474639
1t
0s
0r
1y
1c
0i
#4313475277
0t
0s
0r
1y
1c
0i
#4313475685
1t
0s
0r
1y
1c
0i
#4313476325
0t
0s
0r
1y
1c
0i
#4313476733
1t
0s
0r
1y
1c
0i
#4313477375
0t
0s
0r
1y
1c
0i
#4313477783
1t
0s
0r
1y
1c
0i
#4313478422
0t
0s
0r
1y
1c
0i
#4313478831
1t
0s
0r
1y
1c
0i
#4313479471
0t
0s
0r
1y
1c
0i
#4313479879
1t
0s
0r
1y
1c
0i
#4313480523
0t
0s
0r
1y
1c
0i
#4313480930
1t
0s
0r
1y
1c
0i
#4313482599
0t
0s
0r
1y
1c
0i
#4313483768
1t
0s
0r
1y
1c
0i
#4313484731
0t
0s
0r
1y
1c
0i
#4313485126
1t
0s
0r
1y
1c
0i
#4313485771
0t
0s
0r
1y
1c
0i
#4313486176
1t
0s
0r
1y
1c
0i
#4313486819
0t
0s
0r
1y
1c
0i
#4313487226
1t
0s
0r
1y
1c
0i
#4313487868
0t
0s
0r
1y
1c
0i
#4313488275
1t
0s
0r
1y
1c
0i
#4313488917
0t
0s
0r
1y
1c
0i
#4313489323
1t
0s
0r
1y
1c
0i
#4313489968
0t
0s
0r
1y
1c
0i
#4313490373
1t
0s
0r
1y
1c
0i
#4313491013
0t
0s
0r
1y
1c
0i
#4313491419
1t
0s
0r
1y
1c
0i
#4313492061
0t
0s
0r
1y
1c
0i
#4313492467
1t
0s
0r
1y
1c
0i
#4313493111
0t
0s
0r
1y
1c
0i
#4313493517
1t
0s
0r
1y
1c
0i
#4313494158
0t
0s
0r
1y
1c
0i
#4313494566
1t
0s
0r
1y
1c
0i
#4313495209
0t
0s
0r
1y
0c
0i
#4313495616
1t
0s
0r
1y
0c
0i
#4313496264
0t
0s
0r
1y
0c
1i
#4313496669
1t
0s
0r
1y
0c
1i
#4313497314
0t
0s
0r
1y
0c
1i
#4313497722
1t
0s
0r
1y
0c
1i
#4313498369
0t
0s
0r
1y
0c
1i
#4313498785
0t
0s
1r
1y
0c
1i
#4313498787
0t
0s
0r
1y
0c
1i
#8608466073
1t
0s
0r
1y
0c
1i
#8608466723
0t
0s
0r
1y
0c
0i
#8608467130
1t
0s
0r
1y
0c
0i
#8608467776
0t
0s
0r
1y
0c
0i
#8608468183
1t
0s
0r
1y
0c
0i
#8608468831
0t
0s
0r
1y
0c
0i
#8608469237
1t
0s
0r
1y
0c
0i
#8608469886
0t
0s
0r
1y
0c
0i
#8608470291
1t
0s
0r
1y
0c
0i
#8608470936
0t
0s
0r
1y
0c
0i
#8608471344
1t
0s
0r
1y
0c
0i
#8608471989
0t
0s
0r
1y
0c
0i
#8608472397
1t
0s
0r
1y
0c
0i
#8608473045
0t
0s
0r
1y
0c
0i
#8608473451
1t
0s
0r
1y
0c
0i
#8608474097
0t
0s
0r
1y
0c
0i
#8608474504
1t
0s
0r
1y
0c
0i
#8608475152
0t
0s
0r
1y
0c
0i
#8608475559
1t
0s
0r
1y
0c
0i
#8608476210
0t
0s
0r
1y
0c
0i
#8608476615
1t
0s
0r
1y
0c
0i
#8608477263
0t
0s
0r
1y
0c
0i
#8608477671
1t
0s
0r
1y
0c
0i
#8608478320
0t
0s
0r
1y
0c
0i
#8608478727
1t
0s
0r
1y
0c
0i
#8608479380
0t
0s
0r
1y
0c
0i
#8608479786
1t
0s
0r
1y
0c
0i
#8608480436
0t
0s
0r
1y
0c
0i
#8608480843
1t
0s
0r
1y
0c
0i
#8608481492
0t
0s
0r
1y
0c
0i
#8608481902
1t
0s
0r
1y
0c
0i
#8608482553
0t
0s
0r
1y
0c
0i
#8608482961
1t
0s
0r
1y
0c
0i
#8608483608
0t
0s
0r
1y
0c
0i
#8608484017
1t
0s
0r
1y
0c
0i
#8608484666
0t
0s
0r
1y
0c
0i
#8608485075
1t
0s
0r
1y
0c
0i
#8608485726
0t
0s
0r
1y
0c
0i
#8608486133
1t
0s
0r
1y
0c
0i
#8608486779
0t
0s
0r
1y
0c
0i
#8608487190
1t
0s
0r
1y
0c
0i
#8608487837
0t
0s
0r
1y
0c
0i
#8608488246
1t
0s
0r
1y
0c
0i
#8608488895
0t
0s
0r
1y
0c
0i
#8608489303
1t
0s
0r
1y
0c
0i
#8608489949
0t
0s
0r
1y
0c
0i
#8608490359
1t
0s
0r
1y
0c
0i
#8608491006
0t
0s
0r
1y
0c
0i
#8608491415
1t
0s
0r
1y
0c
0i
#8608492065
0t
0s
0r
1y
0c
0i
#8608492475
1t
0s
0r
1y
0c
0i
#8608493121
0t
0s
0r
1y
0c
0i
#8608493533
1t
0s
0r
1y
0c
0i
#8608494181
0t
0s
0r
1y
1c
0i
#8608494592
1t
0s
0r
1y
1c
0i
#8608495245
0t
0s
0r
1y
1c
1i
#8608495656
1t
0s
0r
1y
1c
1i
#8608496306
0t
0s
0r
1y
1c
1i
#8608496719
1t
0s
0r
1y
1c
1i
#8608497371
0t
0s
0r
1y
1c
1i
#8608497784
1t
0s
0r
1y
1c
1i
#8608498439
0t
0s
0r
1y
1c
0i
#8608498851
1t
0s
0r
1y
1c
0i
#8608499502
0t
0s
0r
1y
1c
0i
#8608499915
1t
0s
0r
1y
1c
0i
#8608500568
0t
0s
0r
1y
1c
0i
#8608500979
1t
0s
0r
1y
1c
0i
#8608501634
0t
0s
0r
1y
1c
0i
#8608502045
1t
0s
0r
1y
1c
0i
#8608502694
0t
0s
0r
1y
1c
0i
#8608503109
1t
0s
0r
1y
1c
0i
#8608503759
0t
0s
0r
1y
1c
0i
#8608504172
1t
0s
0r
1y
1c
0i
#8608504826
0t
0s
0r
1y
1c
0i
#8608505238
1t
0s
0r
1y
1c
0i
#8608505887
0t
0s
0r
1y
1c
0i
#8608506302
1t
0s
0r
1y
1c
0i
#8608506953
0t
0s
0r
1y
1c
0i
#8608507367
1t
0s
0r
1y
1c
0i
#8608508021
0t
0s
0r
1y
1c
0i
#8608508436
1t
0s
0r
1y
1c
0i
#8608509086
0t
0s
0r
1y
1c
0i
#8608509503
1t
0s
0r
1y
1c
0i
#8608510156
0t
0s
0r
1y
1c
0i
#8608510571
1t
0s
0r
1y
1c
0i
#8608511228
0t
0s
0r
1y
1c
0i
#8608511641
1t
0s
0r
1y
1c
0i
#8608513344
0t
0s
0r
1y
1c
0i
#8608514534
1t
0s
0r
1y
1c
0i
#8608515516
0t
0s
0r
1y
1c
0i
#8608515918
1t
0s
0r
1y
1c
0i
#8608516576
0t
0s
0r
1y
1c
0i
#8608516988
1t
0s
0r
1y
1c
0i
#8608517644
0t
0s
0r
1y
1c
0i
#8608518057
1t
0s
0r
1y
1c
0i
#8608518712
0t
0s
0r
1y
1c
0i
#8608519126
1t
0s
0r
1y
1c
0i
#8608519781
0t
0s
0r
1y
1c
0i
#8608520193
1t
0s
0r
1y
1c
0i
#8608520850
0t
0s
0r
1y
1c
0i
#8608521262
1t
0s
0r
1y
1c
0i
#8608521915
0t
0s
0r
1y
1c
0i
#8608522328
1t
0s
0r
1y
1c
0i
#8608522983
0t
0s
0r
1y
1c
0i
#8608523395
1t
0s
0r
1y
1c
0i
#8608524052
0t
0s
0r
1y
1c
0i
#8608524465
1t
0s
0r
1y
1c
0i
#8608525118
0t
0s
0r
1y
1c
0i
#8608525533
1t
0s
0r
1y
1c
0i
#8608526189
0t
0s
0r
1y
0c
0i
#8608526602
1t
0s
0r
1y
0c
0i
#8608527263
0t
0s
0r
1y
0c
1i
#8608527675
1t
0s
0r
1y
0c
1i
#8608528334
0t
0s
0r
1y
0c
1i
#8608528748
1t
0s
0r
1y
0c
1i
#8608529408
0t
0s
0r
1y
0c
1i
#8608529823
1t
0s
0r
1y
0c
1i
#8608530486
0t
0s
0r
1y
0c
0i
#8608530900
1t
0s
0r
1y
0c
0i
#8608531559
0t
0s
0r
1y
0c
0i
#8608531974
1t
0s
0r
1y
0c
0i
#8608532633
0t
0s
0r
1y
0c
0i
#8608533047
1t
0s
0r
1y
0c
0i
#8608533709
0t
0s
0r
1y
0c
0i
#8608534121
1t
0s
0r
1y
0c
0i
#8608534777
0t
0s
0r
1y
0c
0i
#8608535192
1t
0s
0r
1y
0c
0i
#8608535848
0t
0s
0r
1y
0c
0i
#8608536261
1t
0s
0r
1y
0c
0i
#8608536919
0t
0s
0r
1y
0c
0i
#8608537328
1t
0s
0r
1y
0c
0i
#8608537982
0t
0s
0r
1y
0c
0i
#8608538392
1t
0s
0r
1y
0c
0i
#8608539046
0t
0s
0r
1y
0c
0i
#8608539455
1t
0s
0r
1y
0c
0i
#8608540109
0t
0s
0r
1y
0c
0i
#8608540517
1t
0s
0r
1y
0c
0i
#8608541167
0t
0s
0r
1y
0c
0i
#8608541576
1t
0s
0r
1y
0c
0i
#8608542227
0t
0s
0r
1y
0c
0i
#8608542636
1t
0s
0r
1y
0c
0i
#8608543290
0t
0s
0r
1y
0c
0i
#8608543697
1t
0s
0r
1y
0c
0i
#8608544347
0t
0s
0r
1y
0c
0i
#8608544757
1t
0s
0r
1y
0c
0i
#8608545407
0t
0s
0r
1y
0c
0i
#8608545818
1t
0s
0r
1y
0c
0i
#8608546470
0t
0s
0r
1y
0c
0i
#8608546880
1t
0s
0r
1y
0c
0i
#8608547528
0t
0s
0r
1y
0c
0i
#8608547939
1t
0s
0r
1y
0c
0i
#8608548589
0t
0s
0r
1y
0c
0i
#8608548999
1t
0s
0r
1y
0c
0i
#8608549652
0t
0s
0r
1y
0c
0i
#8608550061
1t
0s
0r
1y
0c
0i
#8608550709
0t
0s
0r
1y
0c
0i
#8608551120
1t
0s
0r
1y
0c
0i
#8608551768
0t
0s
0r
1y
0c
0i
#8608552179
1t
0s
0r
1y
0c
0i
#8608552830
0t
0s
0r
1y
0c
0i
#8608553240
1t
0s
0r
1y
0c
0i
#8608553887
0t
0s
0r
1y
0c
0i
#8608554297
1t
0s
0r
1y
0c
0i
#8608554946
0t
0s
0r
1y
0c
0i
#8608555356
1t
0s
0r
1y
0c
0i
#8608556007
0t
0s
0r
1y
0c
0i
#8608556418
1t
0s
0r
1y
0c
0i
#8608557065
0t
0s
0r
1y
0c
0i
#8608557477
1t
0s
0r
1y
0c
0i
#8608558127
0t
0s
0r
1y
1c
0i
#8608558539
1t
0s
0r
1y
1c
0i
#8608559193
0t
0s
0r
1y
1c
1i
#8608559603
1t
0s
0r
1y
1c
1i
#8608560255
0t
0s
0r
1y
1c
1i
#8608560668
1t
0s
0r
1y
1c
1i
#8608561322
0t
0s
0r
1y
1c
1i
#8608561735
1t
0s
0r
1y
1c
1i
#8608562392
0t
0s
0r
1y
1c
0i
#8608562804
1t
0s
0r
1y
1c
0i
#8608563457
0t
0s
0r
1y
1c
0i
#8608563871
1t
0s
0r
1y
1c
0i
#8608564525
0t
0s
0r
1y
1c
0i
#8608564938
1t
0s
0r
1y
1c
0i
#8608565594
0t
0s
0r
1y
1c
0i
#8608566006
1t
0s
0r
1y
1c
0i
#8608566657
0t
0s
0r
1y
1c
0i
#8608567072
1t
0s
0r
1y
1c
0i
#8608567724
0t
0s
0r
1y
1c
0i
#8608568138
1t
0s
0r
1y
1c
0i
#8608568793
0t
0s
0r
1y
1c
0i
#8608569206
1t
0s
0r
1y
1c
0i
#8608569856
0t
0s
0r
1y
1c
0i
#8608570270
1t
0s
0r
1y
1c
0i
#8608570922
0t
0s
0r
1y
1c
0i
#8608571335
1t
0s
0r
1y
1c
0i
#8608571989
0t
0s
0r
1y
1c
0i
#8608572402
1t
0s
0r
1y
1c
0i
#8608573051
0t
0s
0r
1y
1c
0i
#8608573466
1t
0s
0r
1y
1c
0i
#8608574116
0t
0s
0r
1y
1c
0i
#8608574530
1t
0s
0r
1y
1c
0i
#8608575184
0t
0s
0r
1y
1c
0i
#8608575595
1t
0s
0r
1y
1c
0i
#8608577287
0t
0s
0r
1y
1c
0i
#8608578470
1t
0s
0r
1y
1c
0i
#8608579446
0t
0s
0r
1y
1c
0i
#8608579845
1t
0s
0r
1y
1c
0i
#8608580498
0t
0s
0r
1y
1c
0i
#8608580908
1t
0s
0r
1y
1c
0i
#8608581559
0t
0s
0r
1y
1c
0i
#8608581970
1t
0s
0r
1y
1c
0i
#8608582621
0t
0s
0r
1y
1c
0i
#8608583032
1t
0s
0r
1y
1c
0i
#8608583682
0t
0s
0r
1y
1c
0i
#8608584093
1t
0s
0r
1y
1c
0i
#8608584746
0t
0s
0r
1y
1c
0i
#8608585155
1t
0s
0r
1y
1c
0i
#8608585804
0t
0s
0r
1y
1c
0i
#8608586214
1t
0s
0r
1y
1c
0i
#8608586865
0t
0s
0r
1y
1c
0i
#8608587275
1t
0s
0r
1y
1c
0i
#8608587928
0t
0s
0r
1y
1c
0i
#8608588339
1t
0s
0r
1y
1c
0i
#8608588988
0t
0s
0r
1y
1c
0i
#8608589401
1t
0s
0r
1y
1c
0i
#8608590053
0t
0s
0r
1y
0c
0i
#8608590465
1t
0s
0r
1y
0c
0i
#8608591121
0t
0s
0r
1y
0c
1i
#8608591532
1t
0s
0r
1y
0c
1i
#8608592186
0t
0s
0r
1y
0c
1i
#8608592598
1t
0s
0r
1y
0c
1i
#8608593255
0t
0s
0r
1y
0c
1i
#8608593667
1t
0s
0r
1y
0c
1i
#8608593712
1t
0s
1r
1y
0c
1i
#8608593714
1t
0s
0r
1y
0c
1i
#8608594326
0t
0s
0r
1y
0c
0i
#8608594738
1t
0s
0r
1y
0c
0i
#8608595393
0t
0s
0r
1y
0c
0i
#8608595806
1t
0s
0r
1y
0c
0i
#8608596462
0t
0s
0r
1y
0c
0i
#8608596873
1t
0s
0r
1y
0c
0i
#8608597531
0t
0s
0r
1y
0c
0i
#8608597941
1t
0s
0r
1y
0c
0i
#8608598594
0t
0s
0r
1y
0c
0i
#8608599007
1t
0s
0r
1y
0c
0i
#8608599660
0t
0s
0r
1y
0c
0i
#8608600072
1t
0s
0r
1y
0c
0i
#8608600729
0t
0s
0r
1y
0c
0i
#8608601137
1t
0s
0r
1y
0c
0i
#8608601790
0t
0s
0r
1y
0c
0i
#8608602200
1t
0s
0r
1y
0c
0i
#8608602854
0t
0s
0r
1y
0c
0i
#8608603263
1t
0s
0r
1y
0c
0i
#8608603919
0t
0s
0r
1y
0c
0i
#8608604327
1t
0s
0r
1y
0c
0i
#8608604978
0t
0s
0r
1y
0c
0i
#8608605388
1t
0s
0r
1y
0c
0i
#8608606040
0t
0s
0r
1y
0c
0i
#8608606449
1t
0s
0r
1y
0c
0i
#8608607105
0t
0s
0r
1y
0c
0i
#8608607511
1t
0s
0r
1y
0c
0i
#8608608163
0t
0s
0r
1y
0c
0i
#8608608572
1t
0s
0r
1y
0c
0i
#8608609223
0t
0s
0r
1y
0c
0i
#8608609634
1t
0s
0r
1y
0c
0i
#8608610287
0t
0s
0r
1y
0c
0i
#8608610697
1t
0s
0r
1y
0c
0i
#8608611346
0t
0s
0r
1y
0c
0i
#8608611756
1t
0s
0r
1y
0c
0i
#8608612407
0t
0s
0r
1y
0c
0i
#8608612817
1t
0s
0r
1y
0c
0i
#8608613470
0t
0s
0r
1y
0c
0i
#8608613879
1t
0s
0r
1y
0c
0i
#8608614527
0t
0s
0r
1y
0c
0i
#8608614939
1t
0s
0r
1y
0c
0i
#8608615588
0t
0s
0r
1y
0c
0i
#8608615998
1t
0s
0r
1y
0c
0i
#8608616651
0t
0s
0r
1y
0c
0i
#8608617060
1t
0s
0r
1y
0c
0i
#8608617708
0t
0s
0r
1y
0c
0i
#8608618119
1t
0s
0r
1y
0c
0i
#8608618769
0t
0s
0r
1y
0c
0i
#8608619179
1t
0s
0r
1y
0c
0i
#8608619831
0t
0s
0r
1y
0c
0i
#8608620243
1t
0s
0r
1y
0c
0i
#8608620891
0t
0s
0r
1y
0c
0i
#8608621304
1t
0s
0r
1y
0c
0i
#8608621955
0t
0s
0r
1y
1c
0i
#8608622368
1t
0s
0r
1y
1c
0i
#8608623023
0t
0s
0r
1y
1c
1i
#8608623435
1t
0s
0r
1y
1c
1i
#8608624088
0t
0s
0r
1y
1c
1i
#8608624502
1t
0s
0r
1y
1c
1i
#8608625158
0t
0s
0r
1y
1c
1i
#8608625571
1t
0s
0r
1y
1c
1i
#8608626230
0t
0s
0r
1y
1c
0i
#8608626643
1t
0s
0r
1y
1c
0i
#8608627297
0t
0s
0r
1y
1c
0i
#8608627711
1t
0s
0r
1y
1c
0i
#8608628366
0t
0s
0r
1y
1c
0i
#8608628780
1t
0s
0r
1y
1c
0i
#8608629437
0t
0s
0r
1y
1c
0i
#8608629850
1t
0s
0r
1y
1c
0i
#8608630501
0t
0s
0r
1y
1c
0i
#8608630917
1t
0s
0r
1y
1c
0i
#8608631569
0t
0s
0r
1y
1c
0i
#8608631983
1t
0s
0r
1y
1c
0i
#8608632637
0t
0s
0r
1y
1c
0i
#8608633049
1t
0s
0r
1y
1c
0i
#8608633698
0t
0s
0r
1y
1c
0i
#8608634111
1t
0s
0r
1y
1c
0i
#8608634760
0t
0s
0r
1y
1c
0i
#8608635172
1t
0s
0r
1y
1c
0i
#8608635823
0t
0s
0r
1y
1c
0i
#8608636234
1t
0s
0r
1y
1c
0i
#8608636880
0t
0s
0r
1y
1c
0i
#8608637293
1t
0s
0r
1y
1c
0i
#8608637940
0t
0s
0r
1y
1c
0i
#8608638352
1t
0s
0r
1y
1c
0i
#8608639001
0t
0s
0r
1y
1c
0i
#8608639412
1t
0s
0r
1y
1c
0i
#8608641096
0t
0s
0r
1y
1c
0i
#8608642275
1t
0s
0r
1y
1c
0i
#8608643246
0t
0s
0r
1y
1c
0i
#8608643644
1t
0s
0r
1y
1c
0i
#8608644296
0t
0s
0r
1y
1c
0i
#8608644704
1t
0s
0r
1y
1c
0i
#8608645353
0t
0s
0r
1y
1c
0i
#8608645763
1t
0s
0r
1y
1c
0i
#8608646411
0t
0s
0r
1y
1c
0i
#8608646822
1t
0s
0r
1y
1c
0i
#8608647471
0t
0s
0r
1y
1c
0i
#8608647880
1t
0s
0r
1y
1c
0i
#8608648531
0t
0s
0r
1y
1c
0i
#8608648939
1t
0s
0r
1y
1c
0i
#8608649586
0t
0s
0r
1y
1c
0i
#8608649996
1t
0s
0r
1y
1c
0i
#8608650644
0t
0s
0r
1y
1c
0i
#8608651054
1t
0s
0r
1y
1c
0i
#8608651704
0t
0s
0r
1y
1c
0i
#8608652115
1t
0s
0r
1y
1c
0i
#8608652762
0t
0s
0r
1y
0c
0i
#8608653173
1t
0s
0r
1y
0c
0i
#8608653823
0t
0s
0r
1y
0c
0i
#8608654234
1t
0s
0r
1y
0c
0i
#8608654889
0t
0s
0r
1y
0c
1i
#8608655298
1t
0s
0r
1y
0c
1i
#8608655950
0t
0s
0r
1y
0c
1i
#8608656361
1t
0s
0r
1y
0c
1i
#8608657015
0t
0s
0r
1y
0c
1i
#8608657426
1t
0s
0r
1y
0c
1i
#8608658083
0t
0s
0r
1y
0c
0i
#8608658493
1t
0s
0r
1y
0c
0i
#8608659146
0t
0s
0r
1y
0c
0i
#8608659557
1t
0s
0r
1y
0c
0i
#8608660210
0t
0s
0r
1y
0c
0i
#8608660620
1t
0s
0r
1y
0c
0i
#8608661275
0t
0s
0r
1y
0c
0i
#8608661683
1t
0s
0r
1y
0c
0i
#8608662332
0t
0s
0r
1y
0c
0i
#8608662742
1t
0s
0r
1y
0c
0i
#8608663390
0t
0s
0r
1y
0c
0i
#8608663798
1t
0s
0r
1y
0c
0i
#8608664447
0t
0s
0r
1y
0c
0i
#8608664852
1t
0s
0r
1y
0c
0i
#8608665496
0t
0s
0r
1y
0c
0i
#8608665902
1t
0s
0r
1y
0c
0i
#8608666545
0t
0s
0r
1y
0c
0i
#8608666950
1t
0s
0r
1y
0c
0i
#8608667596
0t
0s
0r
1y
0c
0i
#8608667999
1t
0s
0r
1y
0c
0i
#8608668639
0t
0s
0r
1y
0c
0i
#8608669044
1t
0s
0r
1y
0c
0i
#8608669685
0t
0s
0r
1y
0c
0i
#8608670089
1t
0s
0r
1y
0c
0i
#8608670734
0t
0s
0r
1y
0c
0i
#8608671137
1t
0s
0r
1y
0c
0i
#8608671778
0t
0s
0r
1y
0c
0i
#8608672183
1t
0s
0r
1y
0c
0i
#8608672824
0t
0s
0r
1y
0c
0i
#8608673231
1t
0s
0r
1y
0c
0i
#8608673875
0t
0s
0r
1y
0c
0i
#8608674279
1t
0s
0r
1y
0c
0i
#8608674919
0t
0s
0r
1y
0c
0i
#8608675325
1t
0s
0r
1y
0c
0i
#8608675967
0t
0s
0r
1y
0c
0i
#8608676373
1t
0s
0r
1y
0c
0i
#8608677017
0t
0s
0r
1y
0c
0i
#8608677421
1t
0s
0r
1y
0c
0i
#8608678060
0t
0s
0r
1y
0c
0i
#8608678467
1t
0s
0r
1y
0c
0i
#8608679107
0t
0s
0r
1y
0c
0i
#8608679513
1t
0s
0r
1y
0c
0i
#8608680156
0t
0s
0r
1y
0c
0i
#8608680560
1t
0s
0r
1y
0c
0i
#8608681199
0t
0s
0r
1y
0c
0i
#8608681605
1t
0s
0r
1y
0c
0i
#8608682245
0t
0s
0r
1y
0c
0i
#8608682651
1t
0s
0r
1y
0c
0i
#8608683292
0t
0s
0r
1y
0c
0i
#8608683699
1t
0s
0r
1y
0c
0i
#8608684337
0t
0s
0r
1y
0c
0i
#8608684745
1t
0s
0r
1y
0c
0i
#8608685386
0t
0s
0r
1y
1c
0i
#8608685794
1t
0s
0r
1y
1c
0i
#8608686439
0t
0s
0r
1y
1c
1i
#8608686845
1t
0s
0r
1y
1c
1i
#8608687488
0t
0s
0r
1y
1c
1i
#8608687897
1t
0s
0r
1y
1c
1i
#8608688541
0t
0s
0r
1y
1c
1i
#8608688950
1t
0s
0r
1y
1c
1i
#8608689598
0t
0s
0r
1y
1c
0i
#8608690006
1t
0s
0r
1y
1c
0i
#8608690649
0t
0s
0r
1y
1c
0i
#8608691059
1t
0s
0r
1y
1c
0i
#8608691704
0t
0s
0r
1y
1c
0i
#8608692112
1t
0s
0r
1y
1c
0i
#8608692759
0t
0s
0r
1y
1c
0i
#8608693166
1t
0s
0r
1y
1c
0i
#8608693808
0t
0s
0r
1y
1c
0i
#8608694219
1t
0s
0r
1y
1c
0i
#8608694862
0t
0s
0r
1y
1c
0i
#8608695271
1t
0s
0r
1y
1c
0i
#8608695917
0t
0s
0r
1y
1c
0i
#8608696325
1t
0s
0r
1y
1c
0i
#8608696967
0t
0s
0r
1y
1c
0i
#8608697377
1t
0s
0r
1y
1c
0i
#8608698020
0t
0s
0r
1y
1c
0i
#8608698429
1t
0s
0r
1y
1c
0i
#8608699075
0t
0s
0r
1y
1c
0i
#8608699485
1t
0s
0r
1y
1c
0i
#8608700126
0t
0s
0r
1y
1c
0i
#8608700537
1t
0s
0r
1y
1c
0i
#8608701181
0t
0s
0r
1y
1c
0i
#8608701590
1t
0s
0r
1y
1c
0i
#8608702237
0t
0s
0r
1y
1c
0i
#8608702645
1t
0s
0r
1y
1c
0i
#8608704321
0t
0s
0r
1y
1c
0i
#8608705494
1t
0s
0r
1y
1c
0i
#8608706459
0t
0s
0r
1y
1c
0i
#8608706855
1t
0s
0r
1y
1c
0i
#8608707502
0t
0s
0r
1y
1c
0i
#8608707908
1t
0s
0r
1y
1c
0i
#8608708552
0t
0s
0r
1y
1c
0i
#8608708960
1t
0s
0r
1y
1c
0i
#8608709604
0t
0s
0r
1y
1c
0i
#8608710012
1t
0s
0r
1y
1c
0i
#8608710656
0t
0s
0r
1y
1c
0i
#8608711063
1t
0s
0r
1y
1c
0i
#8608711709
0t
0s
0r
1y
1c
0i
#8608712115
1t
0s
0r
1y
1c
0i
#8608712757
0t
0s
0r
1y
1c
0i
#8608713164
1t
0s
0r
1y
1c
0i
#8608713809
0t
0s
0r
1y
1c
0i
#8608714215
1t
0s
0r
1y
1c
0i
#8608714862
0t
0s
0r
1y
1c
0i
#8608715269
1t
0s
0r
1y
1c
0i
#8608715911
0t
0s
0r
1y
1c
0i
#8608716320
1t
0s
0r
1y
1c
0i
#8608716965
0t
0s
0r
1y
0c
0i
#8608717373
1t
0s
0r
1y
0c
0i
#8608718023
0t
0s
0r
1y
0c
1i
#8608718430
1t
0s
0r
1y
0c
1i
#8608719076
0t
0s
0r
1y
0c
1i
#8608719485
1t
0s
0r
1y
0c
1i
#8608720134
0t
0s
0r
1y
0c
1i
#8608720543
1t
0s
0r
1y
0c
1i
#8608720677
1t
0s
1r
1y
0c
1i
#8608720679
1t
0s
0r
1y
0c
1i
#8608721195
0t
0s
0r
1y
0c
0i
#8608721603
1t
0s
0r
1y
0c
0i
#8608722250
0t
0s
0r
1y
0c
0i
#8608722659
1t
0s
0r
1y
0c
0i
#8608723308
0t
0s
0r
1y
0c
0i
#8608723715
1t
0s
0r
1y
0c
0i
#8608724367
0t
0s
0r
1y
0c
0i
#8608724772
1t
0s
0r
1y
0c
0i
#8608725419
0t
0s
0r
1y
0c
0i
#8608725828
1t
0s
0r
1y
0c
0i
#8608726474
0t
0s
0r
1y
0c
0i
#8608726882
1t
0s
0r
1y
0c
0i
#8608727532
0t
0s
0r
1y
0c
0i
#8608727938
1t
0s
0r
1y
0c
0i
#8608728584
0t
0s
0r
1y
0c
0i
#8608728992
1t
0s
0r
1y
0c
0i
#8608729640
0t
0s
0r
1y
0c
0i
#8608730047
1t
0s
0r
1y
0c
0i
#8608730698
0t
0s
0r
1y
0c
0i
#8608731103
1t
0s
0r
1y
0c
0i
#8608731750
0t
0s
0r
1y
0c
0i
#8608732158
1t
0s
0r
1y
0c
0i
#8608732807
0t
0s
0r
1y
0c
0i
#8608733213
1t
0s
0r
1y
0c
0i
#8608733865
0t
0s
0r
1y
0c
0i
#8608734271
1t
0s
0r
1y
0c
0i
#8608734919
0t
0s
0r
1y
0c
0i
#8608735327
1t
0s
0r
1y
0c
0i
#8608735975
0t
0s
0r
1y
0c
0i
#8608736384
1t
0s
0r
1y
0c
0i
#8608737035
0t
0s
0r
1y
0c
0i
#8608737442
1t
0s
0r
1y
0c
0i
#8608738088
0t
0s
0r
1y
0c
0i
#8608738497
1t
0s
0r
1y
0c
0i
#8608739145
0t
0s
0r
1y
0c
0i
#8608739553
1t
0s
0r
1y
0c
0i
#8608740203
0t
0s
0r
1y
0c
0i
#8608740609
1t
0s
0r
1y
0c
0i
#8608741255
0t
0s
0r
1y
0c
0i
#8608741664
1t
0s
0r
1y
0c
0i
#8608742310
0t
0s
0r
1y
0c
0i
#8608742719
1t
0s
0r
1y
0c
0i
#8608743367
0t
0s
0r
1y
0c
0i
#8608743775
1t
0s
0r
1y
0c
0i
#8608744419
0t
0s
0r
1y
0c
0i
#8608744828
1t
0s
0r
1y
0c
0i
#8608745474
0t
0s
0r
1y
0c
0i
#8608745883
1t
0s
0r
1y
0c
0i
#8608746530
0t
0s
0r
1y
0c
0i
#8608746940
1t
0s
0r
1y
0c
0i
#8608747585
0t
0s
0r
1y
0c
0i
#8608747996
1t
0s
0r
1y
0c
0i
#8608748643
0t
0s
0r
1y
1c
0i
#8608749053
1t
0s
0r
1y
1c
0i
#8608749705
0t
0s
0r
1y
1c
1i
#8608750115
1t
0s
0r
1y
1c
1i
#8608750764
0t
0s
0r
1y
1c
1i
#8608751176
1t
0s
0r
1y
1c
1i
#8608751827
0t
0s
0r
1y
1c
1i
#8608752239
1t
0s
0r
1y
1c
1i
#8608752894
0t
0s
0r
1y
1c
0i
#8608753305
1t
0s
0r
1y
1c
0i
#8608753955
0t
0s
0r
1y
1c
0i
#8608754367
1t
0s
0r
1y
1c
0i
#8608755019
0t
0s
0r
1y
1c
0i
#8608755430
1t
0s
0r
1y
1c
0i
#8608756084
0t
0s
0r
1y
1c
0i
#8608756494
1t
0s
0r
1y
1c
0i
#8608757141
0t
0s
0r
1y
1c
0i
#8608757555
1t
0s
0r
1y
1c
0i
#8608758202
0t
0s
0r
1y
1c
0i
#8608758614
1t
0s
0r
1y
1c
0i
#8608759263
0t
0s
0r
1y
1c
0i
#8608759673
1t
0s
0r
1y
1c
0i
#8608760317
0t
0s
0r
1y
1c
0i
#8608760728
1t
0s
0r
1y
1c
0i
#8608761372
0t
0s
0r
1y
1c
0i
#8608761782
1t
0s
0r
1y
1c
0i
#8608762428
0t
0s
0r
1y
1c
0i
#8608762838
1t
0s
0r
1y
1c
0i
#8608763479
0t
0s
0r
1y
1c
0i
#8608763890
1t
0s
0r
1y
1c
0i
#8608764533
0t
0s
0r
1y
1c
0i
#8608764943
1t
0s
0r
1y
1c
0i
#8608765589
0t
0s
0r
1y
1c
0i
#8608765997
1t
0s
0r
1y
1c
0i
#8608767671
0t
0s
0r
1y
1c
0i
#8608768844
1t
0s
0r
1y
1c
0i
#8608769811
0t
0s
0r
1y
1c
0i
#8608770206
1t
0s
0r
1y
1c
0i
#8608770854
0t
0s
0r
1y
1c
0i
#8608771260
1t
0s
0r
1y
1c
0i
#8608771905
0t
0s
0r
1y
1c
0i
#8608772313
1t
0s
0r
1y
1c
0i
#8608772957
0t
0s
0r
1y
1c
0i
#8608773365
1t
0s
0r
1y
1c
0i
#8608774009
0t
0s
0r
1y
1c
0i
#8608774417
1t
0s
0r
1y
1c
0i
#8608775063
0t
0s
0r
1y
1c
0i
#8608775469
1t
0s
0r
1y
1c
0i
#8608776112
0t
0s
0r
1y
1c
0i
#8608776520
1t
0s
0r
1y
1c
0i
#8608777164
0t
0s
0r
1y
1c
0i
#8608777571
1t
0s
0r
1y
1c
0i
#8608778217
0t
0s
0r
1y
1c
0i
#8608778625
1t
0s
0r
1y
1c
0i
#8608779268
0t
0s
0r
1y
0c
0i
#8608779677
1t
0s
0r
1y
0c
0i
#8608780322
0t
0s
0r
1y
0c
0i
#8608780731
1t
0s
0r
1y
0c
0i
#8608781381
0t
0s
0r
1y
0c
1i
#8608781787
1t
0s
0r
1y
0c
1i
#8608782435
0t
0s
0r
1y
0c
1i
#8608782844
1t
0s
0r
1y
0c
1i
#8608783493
0t
0s
0r
1y
0c
1i
#8608783903
1t
0s
0r
1y
0c
1i
#8608784555
0t
0s
0r
1y
0c
1i
#8608784963
1t
0s
0r
1y
0c
1i
#8608785611
0t
0s
0r
1y
0c
1i
#8608786021
1t
0s
0r
1y
0c
1i
#8608786670
0t
0s
0r
1y
0c
1i
#8608787078
1t
0s
0r
1y
0c
0i
#8608787728
0t
0s
0r
1y
0c
0i
#8608788135
1t
0s
0r
1y
0c
0i
#8608788781
0t
0s
0r
1y
0c
0i
#8608789189
1t
0s
0r
1y
0c
0i
#8608789833
0t
0s
0r
1y
0c
0i
#8608790239
1t
0s
0r
1y
0c
0i
#8608790885
0t
0s
0r
1y
0c
0i
#8608791288
1t
0s
0r
1y
0c
0i
#8608791928
0t
0s
0r
1y
0c
0i
#8608792333
1t
0s
0r
1y
0c
0i
#8608792972
0t
0s
0r
1y
0c
0i
#8608793375
1t
0s
0r
1y
0c
0i
#8608794016
0t
0s
0r
1y
0c
0i
#8608794417
1t
0s
0r
1y
0c
0i
#8608795054
0t
0s
0r
1y
0c
0i
#8608795456
1t
0s
0r
1y
0c
0i
#8608796094
0t
0s
0r
1y
0c
0i
#8608796496
1t
0s
0r
1y
0c
0i
#8608797137
0t
0s
0r
1y
0c
0i
#8608797537
1t
0s
0r
1y
0c
0i
#8608798174
0t
0s
0r
1y
0c
0i
#8608798577
1t
0s
0r
1y
0c
0i
#8608799215
0t
0s
0r
1y
0c
0i
#8608799619
1t
0s
0r
1y
0c
0i
#8608800258
0t
0s
0r
1y
0c
0i
#8608800661
1t
0s
0r
1y
0c
0i
#8608801297
0t
0s
0r
1y
0c
0i
#8608801701
1t
0s
0r
1y
0c
0i
#8608802338
0t
0s
0r
1y
0c
0i
#8608802741
1t
0s
0r
1y
0c
0i
#8608803381
0t
0s
0r
1y
0c
0i
#8608803783
1t
0s
0r
1y
0c
0i
#8608804418
0t
0s
0r
1y
0c
0i
#8608804823
1t
0s
0r
1y
0c
0i
#8608805459
0t
0s
0r
1y
0c
0i
#8608805863
1t
0s
0r
1y
0c
0i
#8608806501
0t
0s
0r
1y
0c
0i
#8608806904
1t
0s
0r
1y
0c
0i
#8608807538
0t
0s
0r
1y
0c
0i
#8608807942
1t
0s
0r
1y
0c
0i
#8608808578
0t
0s
0r
1y
0c
0i
#8608808981
1t
0s
0r
1y
0c
0i
#8608809619
0t
0s
0r
1y
0c
0i
#8608810024
1t
0s
0r
1y
1c
0i
#8608810658
0t
0s
0r
1y
1c
0i
#8608811064
1t
0s
0r
1y
1c
0i
#8608811701
0t
0s
0r
1y
1c
0i
#8608812107
1t
0s
0r
1y
1c
0i
#8608812748
0t
0s
0r
1y
1c
1i
#8608813153
1t
0s
0r
1y
1c
1i
#8608813791
0t
0s
0r
1y
1c
1i
#8608814198
1t
0s
0r
1y
1c
1i
#8608814840
0t
0s
0r
1y
1c
1i
#8608815246
1t
0s
0r
1y
1c
1i
#8608815890
0t
0s
0r
1y
1c
1i
#8608816296
1t
0s
0r
1y
1c
1i
#8608816936
0t
0s
0r
1y
1c
1i
#8608817343
1t
0s
0r
1y
1c
1i
#8608817984
0t
0s
0r
1y
1c
1i
#8608818390
1t
0s
0r
1y
1c
1i
#8608819032
0t
0s
0r
1y
1c
0i
#8608819435
1t
0s
0r
1y
1c
0i
#8608820070
0t
0s
0r
1y
1c
0i
#8608820476
1t
0s
0r
1y
1c
0i
#8608821109
0t
0s
0r
1y
1c
0i
#8608821513
1t
0s
0r
1y
1c
0i
#8608822147
0t
0s
0r
1y
1c
0i
#8608822549
1t
0s
0r
1y
1c
0i
#8608823178
0t
0s
0r
1y
1c
0i
#8608823579
1t
0s
0r
1y
1c
0i
#8608824207
0t
0s
0r
1y
1c
0i
#8608824608
1t
0s
0r
1y
1c
0i
#8608825238
0t
0s
0r
1y
1c
0i
#8608825639
1t
0s
0r
1y
1c
0i
#8608826264
0t
0s
0r
1y
1c
0i
#8608826667
1t
0s
0r
1y
1c
0i
#8608827293
0t
0s
0r
1y
1c
0i
#8608827695
1t
0s
0r
1y
1c
0i
#8608828325
0t
0s
0r
1y
1c
0i
#8608828724
1t
0s
0r
1y
1c
0i
#8608830360
0t
0s
0r
1y
1c
0i
#8608831507
1t
0s
0r
1y
1c
0i
#8608832450
0t
0s
0r
1y
1c
0i
#8608832838
1t
0s
0r
1y
1c
0i
#8608833470
0t
0s
0r
1y
1c
0i
#8608833868
1t
0s
0r
1y
1c
0i
#8608834497
0t
0s
0r
1y
1c
0i
#8608834897
1t
0s
0r
1y
1c
0i
#8608835525
0t
0s
0r
1y
1c
0i
#8608835926
1t
0s
0r
1y
1c
0i
#8608836554
0t
0s
0r
1y
1c
0i
#8608836954
1t
0s
0r
1y
1c
0i
#8608837585
0t
0s
0r
1y
1c
0i
#8608837983
1t
0s
0r
1y
1c
0i
#8608838610
0t
0s
0r
1y
1c
0i
#8608839010
1t
0s
0r
1y
1c
0i
#8608839639
0t
0s
0r
1y
1c
0i
#8608840038
1t
0s
0r
1y
1c
0i
#8608840669
0t
0s
0r
1y
1c
0i
#8608841069
1t
0s
0r
1y
0c
0i
#8608841697
0t
0s
0r
1y
0c
0i
#8608842099
1t
0s
0r
1y
0c
0i
#8608842729
0t
0s
0r
1y
0c
0i
#8608843130
1t
0s
0r
1y
0c
0i
#8608843765
0t
0s
0r
1y
0c
1i
#8608844165
1t
0s
0r
1y
0c
1i
#8608844798
0t
0s
0r
1y
0c
1i
#8608845199
1t
0s
0r
1y
0c
1i
#8608845835
0t
0s
0r
1y
0c
1i
#8608846237
1t
0s
0r
1y
0c
1i
#8608846568
1t
0s
1r
1y
0c
1i
#8608846571
1t
0s
0r
1y
0c
1i
#8608846874
0t
0s
0r
1y
0c
1i
#8608847275
1t
0s
0r
1y
0c
1i
#8608847909
0t
0s
0r
1y
0c
1i
#8608848311
1t
0s
0r
1y
0c
1i
#8608848946
0t
0s
0r
1y
0c
1i
#8608849346
1t
0s
0r
1y
0c
1i
#8608849983
0t
0s
0r
1y
0c
1i
#8608850382
1t
0s
0r
1y
0c
0i
#8608851013
0t
0s
0r
1y
0c
0i
#8608851415
1t
0s
0r
1y
0c
0i
#8608852046
0t
0s
0r
1y
0c
0i
#8608852446
1t
0s
0r
1y
0c
0i
#8608853079
0t
0s
0r
1y
0c
0i
#8608853476
1t
0s
0r
1y
0c
0i
#8608854106
0t
0s
0r
1y
0c
0i
#8608854504
1t
0s
0r
1y
0c
0i
#8608855134
0t
0s
0r
1y
0c
0i
#8608855530
1t
0s
0r
1y
0c
0i
#8608856163
0t
0s
0r
1y
0c
0i
#8608856558
1t
0s
0r
1y
0c
0i
#8608857186
0t
0s
0r
1y
0c
0i
#8608857583
1t
0s
0r
1y
0c
0i
#8608858211
0t
0s
0r
1y
0c
0i
#8608858608
1t
0s
0r
1y
0c
0i
#8608859240
0t
0s
0r
1y
0c
0i
#8608859635
1t
0s
0r
1y
0c
0i
#8608860263
0t
0s
0r
1y
0c
0i
#8608860660
1t
0s
0r
1y
0c
0i
#8608861288
0t
0s
0r
1y
0c
0i
#8608861687
1t
0s
0r
1y
0c
0i
#8608862317
0t
0s
0r
1y
0c
0i
#8608862714
1t
0s
0r
1y
0c
0i
#8608863340
0t
0s
0r
1y
0c
0i
#8608863739
1t
0s
0r
1y
0c
0i
#8608864366
0t
0s
0r
1y
0c
0i
#8608864764
1t
0s
0r
1y
0c
0i
#8608865395
0t
0s
0r
1y
0c
0i
#8608865791
1t
0s
0r
1y
0c
0i
#8608866417
0t
0s
0r
1y
0c
0i
#8608866816
1t
0s
0r
1y
0c
0i
#8608867443
0t
0s
0r
1y
0c
0i
#8608867841
1t
0s
0r
1y
0c
0i
#8608868470
0t
0s
0r
1y
0c
0i
#8608868868
1t
0s
0r
1y
0c
0i
#8608869493
0t
0s
0r
1y
0c
0i
#8608869892
1t
0s
0r
1y
0c
0i
#8608870518
0t
0s
0r
1y
0c
0i
#8608870918
1t
0s
0r
1y
0c
0i
#8608871547
0t
0s
0r
1y
0c
0i
#8608871947
1t
0s
0r
1y
1c
0i
#8608872572
0t
0s
0r
1y
1c
0i
#8608872974
1t
0s
0r
1y
1c
0i
#8608873602
0t
0s
0r
1y
1c
0i
#8608874003
1t
0s
0r
1y
1c
0i
#8608874636
0t
0s
0r
1y
1c
1i
#8608875037
1t
0s
0r
1y
1c
1i
#8608875667
0t
0s
0r
1y
1c
1i
#8608876069
1t
0s
0r
1y
1c
1i
#8608876702
0t
0s
0r
1y
1c
1i
#8608877105
1t
0s
0r
1y
1c
1i
#8608877741
0t
0s
0r
1y
1c
1i
#8608878142
1t
0s
0r
1y
1c
1i
#8608878773
0t
0s
0r
1y
1c
1i
#8608879175
1t
0s
0r
1y
1c
1i
#8608879806
0t
0s
0r
1y
1c
1i
#8608880206
1t
0s
0r
1y
1c
1i
#8608880836
0t
0s
0r
1y
1c
1i
#8608881233
1t
0s
0r
1y
1c
1i
#8608881853
0t
0s
0r
1y
1c
0i
#8608882251
1t
0s
0r
1y
1c
0i
#8608882867
0t
0s
0r
1y
1c
0i
#8608883262
1t
0s
0r
1y
1c
0i
#8608883877
0t
0s
0r
1y
1c
0i
#8608884268
1t
0s
0r
1y
1c
0i
#8608884876
0t
0s
0r
1y
1c
0i
#8608885268
1t
0s
0r
1y
1c
0i
#8608885875
0t
0s
0r
1y
1c
0i
#8608886266
1t
0s
0r
1y
1c
0i
#8608886874
0t
0s
0r
1y
1c
0i
#8608887264
1t
0s
0r
1y
1c
0i
#8608887869
0t
0s
0r
1y
1c
0i
#8608888260
1t
0s
0r
1y
1c
0i
#8608888866
0t
0s
0r
1y
1c
0i
#8608889256
1t
0s
0r
1y
1c
0i
#8608889865
0t
0s
0r
1y
1c
0i
#8608890253
1t
0s
0r
1y
1c
0i
#8608891835
0t
0s
0r
1y
1c
0i
#8608892951
1t
0s
0r
1y
1c
0i
#8608893862
0t
0s
0r
1y
1c
0i
#8608894240
1t
0s
0r
1y
1c
0i
#8608894850
0t
0s
0r
1y
1c
0i
#8608895237
1t
0s
0r
1y
1c
0i
#8608895846
0t
0s
0r
1y
1c
0i
#8608896234
1t
0s
0r
1y
1c
0i
#8608896841
0t
0s
0r
1y
1c
0i
#8608897231
1t
0s
0r
1y
1c
0i
#8608897837
0t
0s
0r
1y
1c
0i
#8608898226
1t
0s
0r
1y
1c
0i
#8608898835
0t
0s
0r
1y
1c
0i
#8608899222
1t
0s
0r
1y
1c
0i
#8608899827
0t
0s
0r
1y
1c
0i
#8608900216
1t
0s
0r
1y
1c
0i
#8608900823
0t
0s
0r
1y
1c
0i
#8608901211
1t
0s
0r
1y
1c
0i
#8608901820
0t
0s
0r
1y
1c
0i
#8608902208
1t
0s
0r
1y
0c
0i
#8608902814
0t
0s
0r
1y
0c
1i
#8608903204
1t
0s
0r
1y
0c
1i
#8608903813
0t
0s
0r
1y
0c
1i
#8608904202
1t
0s
0r
1y
0c
1i
#8608904815
0t
0s
0r
1y
0c
1i
#8608905203
1t
0s
0r
1y
0c
1i
#8608905814
0t
0s
0r
1y
0c
1i
#8608906204
1t
0s
0r
1y
0c
1i
#8608906816
0t
0s
0r
1y
0c
1i
#8608907207
1t
0s
0r
1y
0c
1i
#8608907822
0t
0s
0r
1y
0c
1i
#8608908212
1t
0s
0r
1y
0c
1i
#8608908823
0t
0s
0r
1y
0c
1i
#8608909213
1t
0s
0r
1y
0c
1i
#8608909824
0t
0s
0r
1y
0c
0i
#8608910212
1t
0s
0r
1y
0c
0i
#8608910823
0t
0s
0r
1y
0c
0i
#8608911208
1t
0s
0r
1y
0c
0i
#8608911811
0t
0s
0r
1y
0c
0i
#8608912197
1t
0s
0r
1y
0c
0i
#8608912795
0t
0s
0r
1y
0c
0i
#8608913178
1t
0s
0r
1y
0c
0i
#8608913775
0t
0s
0r
1y
0c
0i
#8608914154
1t
0s
0r
1y
0c
0i
#8608914746
0t
0s
0r
1y
0c
0i
#8608915126
1t
0s
0r
1y
0c
0i
#8608915716
0t
0s
0r
1y
0c
0i
#8608916094
1t
0s
0r
1y
0c
0i
#8608916686
0t
0s
0r
1y
0c
0i
#8608917062
1t
0s
0r
1y
0c
0i
#8608917650
0t
0s
0r
1y
0c
0i
#8608918027
1t
0s
0r
1y
0c
0i
#8608918615
0t
0s
0r
1y
0c
0i
#8608918993
1t
0s
0r
1y
0c
0i
#8608919584
0t
0s
0r
1y
0c
0i
#8608919960
1t
0s
0r
1y
0c
0i
#8608920548
0t
0s
0r
1y
0c
0i
#8608920927
1t
0s
0r
1y
0c
0i
#8608921515
0t
0s
0r
1y
0c
0i
#8608921894
1t
0s
0r
1y
0c
0i
#8608922485
0t
0s
0r
1y
0c
0i
#8608922863
1t
0s
0r
1y
0c
0i
#8608923449
0t
0s
0r
1y
0c
0i
#8608923829
1t
0s
0r
1y
0c
0i
#8608924417
0t
0s
0r
1y
0c
0i
#8608924795
1t
0s
0r
1y
0c
0i
#8608925386
0t
0s
0r
1y
0c
0i
#8608925763
1t
0s
0r
1y
0c
0i
#8608926349
0t
0s
0r
1y
0c
0i
#8608926729
1t
0s
0r
1y
0c
0i
#8608927316
0t
0s
0r
1y
0c
0i
#8608927694
1t
0s
0r
1y
0c
0i
#8608928283
0t
0s
0r
1y
0c
0i
#8608928661
1t
0s
0r
1y
0c
0i
#8608929246
0t
0s
0r
1y
0c
0i
#8608929625
1t
0s
0r
1y
0c
0i
#8608930211
0t
0s
0r
1y
0c
0i
#8608930590
1t
0s
0r
1y
0c
0i
#8608931179
0t
0s
0r
1y
0c
0i
#8608931558
1t
0s
0r
1y
1c
1i
#8608932144
0t
0s
0r
1y
1c
1i
#8608932524
1t
0s
0r
1y
1c
1i
#8608933112
0t
0s
0r
1y
1c
1i
#8608933492
1t
0s
0r
1y
1c
1i
#8608934085
0t
0s
0r
1y
1c
1i
#8608934464
1t
0s
0r
1y
1c
1i
#8608935053
0t
0s
0r
1y
1c
1i
#8608935435
1t
0s
0r
1y
1c
1i
#8608936026
0t
0s
0r
1y
1c
1i
#8608936407
1t
0s
0r
1y
1c
1i
#8608937001
0t
0s
0r
1y
1c
1i
#8608937382
1t
0s
0r
1y
1c
1i
#8608937971
0t
0s
0r
1y
1c
1i
#8608938352
1t
0s
0r
1y
1c
1i
#8608938942
0t
0s
0r
1y
1c
1i
#8608939321
1t
0s
0r
1y
1c
1i
#8608939911
0t
0s
0r
1y
1c
0i
#8608940287
1t
0s
0r
1y
1c
0i
#8608940867
0t
0s
0r
1y
1c
0i
#8608941244
1t
0s
0r
1y
1c
0i
#8608941820
0t
0s
0r
1y
1c
0i
#8608942194
1t
0s
0r
1y
1c
0i
#8608942769
0t
0s
0r
1y
1c
0i
#8608943139
1t
0s
0r
1y
1c
0i
#8608943708
0t
0s
0r
1y
1c
0i
#8608944078
1t
0s
0r
1y
1c
0i
#8608944646
0t
0s
0r
1y
1c
0i
#8608945015
1t
0s
0r
1y
1c
0i
#8608945583
0t
0s
0r
1y
1c
0i
#8608945951
1t
0s
0r
1y
1c
0i
#8608946515
0t
0s
0r
1y
1c
0i
#8608946885
1t
0s
0r
1y
1c
0i
#8608947450
0t
0s
0r
1y
1c
0i
#8608947818
1t
0s
0r
1y
1c
0i
#8608948386
0t
0s
0r
1y
1c
0i
#8608948753
1t
0s
0r
1y
1c
0i
#8608950231
0t
0s
0r
1y
1c
0i
#8608951279
1t
0s
0r
1y
1c
0i
#8608952129
0t
0s
0r
1y
1c
0i
#8608952485
1t
0s
0r
1y
1c
0i
#8608953054
0t
0s
0r
1y
1c
0i
#8608953419
1t
0s
0r
1y
1c
0i
#8608953986
0t
0s
0r
1y
1c
0i
#8608954352
1t
0s
0r
1y
1c
0i
#8608954917
0t
0s
0r
1y
1c
0i
#8608955285
1t
0s
0r
1y
1c
0i
#8608955850
0t
0s
0r
1y
1c
0i
#8608956216
1t
0s
0r
1y
1c
0i
#8608956783
0t
0s
0r
1y
1c
0i
#8608957148
1t
0s
0r
1y
1c
0i
#8608957711
0t
0s
0r
1y
1c
0i
#8608958077
1t
0s
0r
1y
1c
0i
#8608958641
0t
0s
0r
1y
1c
0i
#8608959007
1t
0s
0r
1y
1c
0i
#8608959573
0t
0s
0r
1y
1c
1i
#8608959940
1t
0s
0r
1y
0c
1i
#8608960503
0t
0s
0r
1y
0c
1i
#8608960870
1t
0s
0r
1y
0c
1i
#8608961436
0t
0s
0r
1y
0c
1i
#8608961803
1t
0s
0r
1y
0c
1i
#8608962373
0t
0s
0r
1y
0c
1i
#8608962739
1t
0s
0r
1y
0c
1i
#8608963306
0t
0s
0r
1y
0c
1i
#8608963674
1t
0s
0r
1y
0c
1i
#8608964243
0t
0s
0r
1y
0c
1i
#8608964611
1t
0s
0r
1y
0c
1i
#8608965182
0t
0s
0r
1y
0c
1i
#8608965549
1t
0s
0r
1y
0c
1i
#8608965604
1t
0s
1r
1y
0c
1i
#8608965607
1t
0s
0r
1y
0c
1i
#8608966117
0t
0s
0r
1y
0c
1i
#8608966484
1t
0s
0r
1y
0c
1i
#8608967052
0t
0s
0r
1y
0c
1i
#8608967417
1t
0s
0r
1y
0c
1i
#8608967983
0t
0s
0r
1y
0c
1i
#8608968345
1t
0s
0r
1y
0c
0i
#8608968903
0t
0s
0r
1y
0c
0i
#8608969266
1t
0s
0r
1y
0c
0i
#8608969821
0t
0s
0r
1y
0c
0i
#8608970180
1t
0s
0r
1y
0c
0i
#8608970735
0t
0s
0r
1y
0c
0i
#8608971091
1t
0s
0r
1y
0c
0i
#8608971639
0t
0s
0r
1y
0c
0i
#8608971995
1t
0s
0r
1y
0c
0i
#8608972543
0t
0s
0r
1y
0c
0i
#8608972897
1t
0s
0r
1y
0c
0i
#8608973446
0t
0s
0r
1y
0c
0i
#8608973799
1t
0s
0r
1y
0c
0i
#8608974343
0t
0s
0r
1y
0c
0i
#8608974698
1t
0s
0r
1y
0c
0i
#8608975243
0t
0s
0r
1y
0c
0i
#8608975596
1t
0s
0r
1y
0c
0i
#8608976144
0t
0s
0r
1y
0c
0i
#8608976496
1t
0s
0r
1y
0c
0i
#8608977041
0t
0s
0r
1y
0c
0i
#8608977395
1t
0s
0r
1y
0c
0i
#8608977939
0t
0s
0r
1y
0c
0i
#8608978295
1t
0s
0r
1y
0c
0i
#8608978841
0t
0s
0r
1y
0c
0i
#8608979195
1t
0s
0r
1y
0c
0i
#8608979738
0t
0s
0r
1y
0c
0i
#8608980094
1t
0s
0r
1y
0c
0i
#8608980638
0t
0s
0r
1y
0c
0i
#8608980993
1t
0s
0r
1y
0c
0i
#8608981539
0t
0s
0r
1y
0c
0i
#8608981893
1t
0s
0r
1y
0c
0i
#8608982435
0t
0s
0r
1y
0c
0i
#8608982791
1t
0s
0r
1y
0c
0i
#8608983334
0t
0s
0r
1y
0c
0i
#8608983689
1t
0s
0r
1y
0c
0i
#8608984234
0t
0s
0r
1y
0c
0i
#8608984588
1t
0s
0r
1y
0c
0i
#8608985129
0t
0s
0r
1y
0c
0i
#8608985485
1t
0s
0r
1y
0c
0i
#8608986027
0t
0s
0r
1y
0c
0i
#8608986382
1t
0s
0r
1y
0c
1i
#8608986926
0t
0s
0r
1y
0c
1i
#8608987282
1t
0s
0r
1y
1c
1i
#8608987823
0t
0s
0r
1y
1c
1i
#8608988180
1t
0s
0r
1y
1c
1i
#8608988723
0t
0s
0r
1y
1c
1i
#8608989080
1t
0s
0r
1y
1c
1i
#8608989627
0t
0s
0r
1y
1c
1i
#8608989983
1t
0s
0r
1y
1c
1i
#8608990527
0t
0s
0r
1y
1c
1i
#8608990885
1t
0s
0r
1y
1c
1i
#8608991432
0t
0s
0r
1y
1c
1i
#8608991790
1t
0s
0r
1y
1c
1i
#8608992339
0t
0s
0r
1y
1c
1i
#8608992695
1t
0s
0r
1y
1c
1i
#8608993240
0t
0s
0r
1y
1c
1i
#8608993598
1t
0s
0r
1y
1c
1i
#8608994142
0t
0s
0r
1y
1c
1i
#8608994498
1t
0s
0r
1y
1c
1i
#8608995042
0t
0s
0r
1y
1c
1i
#8608995394
1t
0s
0r
1y
1c
1i
#8608995929
0t
0s
0r
1y
1c
0i
#8608996282
1t
0s
0r
1y
1c
0i
#8608996814
0t
0s
0r
1y
1c
0i
#8608997164
1t
0s
0r
1y
1c
0i
#8608997695
0t
0s
0r
1y
1c
0i
#8608998043
1t
0s
0r
1y
1c
0i
#8608998568
0t
0s
0r
1y
1c
0i
#8608998915
1t
0s
0r
1y
1c
0i
#8608999439
0t
0s
0r
1y
1c
0i
#8608999785
1t
0s
0r
1y
1c
0i
#8609000309
0t
0s
0r
1y
1c
0i
#8609000655
1t
0s
0r
1y
1c
0i
#8609001176
0t
0s
0r
1y
1c
0i
#8609001521
1t
0s
0r
1y
1c
0i
#8609002043
0t
0s
0r
1y
1c
0i
#8609002388
1t
0s
0r
1y
1c
0i
#8609002912
0t
0s
0r
1y
1c
0i
#8609003256
1t
0s
0r
1y
1c
0i
#8609004624
0t
0s
0r
1y
1c
0i
#8609005601
1t
0s
0r
1y
1c
0i
#8609006386
0t
0s
0r
1y
1c
0i
#8609006720
1t
0s
0r
1y
1c
0i
#8609007245
0t
0s
0r
1y
1c
0i
#8609007587
1t
0s
0r
1y
1c
0i
#8609008110
0t
0s
0r
1y
1c
0i
#8609008453
1t
0s
0r
1y
1c
0i
#8609008975
0t
0s
0r
1y
1c
0i
#8609009319
1t
0s
0r
1y
1c
0i
#8609009841
0t
0s
0r
1y
1c
0i
#8609010183
1t
0s
0r
1y
1c
0i
#8609010707
0t
0s
0r
1y
1c
0i
#8609011048
1t
0s
0r
1y
1c
0i
#8609011568
0t
0s
0r
1y
1c
0i
#8609011911
1t
0s
0r
1y
1c
0i
#8609012432
0t
0s
0r
1y
1c
1i
#8609012774
1t
0s
0r
1y
1c
1i
#8609013296
0t
0s
0r
1y
1c
1i
#8609013639
1t
0s
0r
1y
0c
1i
#8609014159
0t
0s
0r
1y
0c
1i
#8609014503
1t
0s
0r
1y
0c
1i
#8609015025
0t
0s
0r
1y
0c
1i
#8609015368
1t
0s
0r
1y
0c
1i
#8609015893
0t
0s
0r
1y
0c
1i
#8609016236
1t
0s
0r
1y
0c
1i
#8609016759
0t
0s
0r
1y
0c
1i
#8609017103
1t
0s
0r
1y
0c
1i
#8609017627
0t
0s
0r
1y
0c
1i
#8609017972
1t
0s
0r
1y
0c
1i
#8609018498
0t
0s
0r
1y
0c
1i
#8609018841
1t
0s
0r
1y
0c
1i
#8609019364
0t
0s
0r
1y
0c
1i
#8609019708
1t
0s
0r
1y
0c
1i
#8609020231
0t
0s
0r
1y
0c
1i
#8609020572
1t
0s
0r
1y
0c
1i
#8609021094
0t
0s
0r
1y
0c
1i
#8609021433
1t
0s
0r
1y
0c
1i
#8609021948
0t
0s
0r
1y
0c
1i
#8609022287
1t
0s
0r
1y
0c
0i
#8609022798
0t
0s
0r
1y
0c
0i
#8609023135
1t
0s
0r
1y
0c
0i
#8609023645
0t
0s
0r
1y
0c
0i
#8609023979
1t
0s
0r
1y
0c
0i
#8609024484
0t
0s
0r
1y
0c
0i
#8609024818
1t
0s
0r
1y
0c
0i
#8609025323
0t
0s
0r
1y
0c
0i
#8609025655
1t
0s
0r
1y
0c
0i
#8609026160
0t
0s
0r
1y
0c
0i
#8609026490
1t
0s
0r
1y
0c
0i
#8609026991
0t
0s
0r
1y
0c
0i
#8609027323
1t
0s
0r
1y
0c
0i
#8609027825
0t
0s
0r
1y
0c
0i
#8609028155
1t
0s
0r
1y
0c
0i
#8609028659
0t
0s
0r
1y
0c
0i
#8609028989
1t
0s
0r
1y
0c
0i
#8609029490
0t
0s
0r
1y
0c
0i
#8609029821
1t
0s
0r
1y
0c
0i
#8609030322
0t
0s
0r
1y
0c
0i
#8609030655
1t
0s
0r
1y
0c
0i
#8609031157
0t
0s
0r
1y
0c
0i
#8609031488
1t
0s
0r
1y
0c
0i
#8609031988
0t
0s
0r
1y
0c
0i
#8609032320
1t
0s
0r
1y
0c
0i
#8609032821
0t
0s
0r
1y
0c
0i
#8609033152
1t
0s
0r
1y
0c
0i
#8609033656
0t
0s
0r
1y
0c
0i
#8609033986
1t
0s
0r
1y
0c
0i
#8609034485
0t
0s
0r
1y
0c
0i
#8609034818
1t
0s
0r
1y
0c
0i
#8609035318
0t
0s
0r
1y
0c
0i
#8609035650
1t
0s
0r
1y
0c
0i
#8609036151
0t
0s
0r
1y
0c
0i
#8609036482
1t
0s
0r
1y
0c
0i
#8609036981
0t
0s
0r
1y
0c
0i
#8609037313
1t
0s
0r
1y
0c
0i
#8609037812
0t
0s
0r
1y
0c
1i
#8609038144
1t
0s
0r
1y
0c
1i
#8609038644
0t
0s
0r
1y
0c
1i
#8609038977
1t
0s
0r
1y
1c
1i
#8609039474
0t
0s
0r
1y
1c
1i
#8609039808
1t
0s
0r
1y
1c
1i
#8609040307
0t
0s
0r
1y
1c
1i
#8609040640
1t
0s
0r
1y
1c
1i
#8609041143
0t
0s
0r
1y
1c
1i
#8609041475
1t
0s
0r
1y
1c
1i
#8609041976
0t
0s
0r
1y
1c
1i
#8609042310
1t
0s
0r
1y
1c
1i
#8609042812
0t
0s
0r
1y
1c
1i
#8609043146
1t
0s
0r
1y
1c
1i
#8609043651
0t
0s
0r
1y
1c
1i
#8609043984
1t
0s
0r
1y
1c
1i
#8609044485
0t
0s
0r
1y
1c
1i
#8609044819
1t
0s
0r
1y
1c
1i
#8609045320
0t
0s
0r
1y
1c
1i
#8609045652
1t
0s
0r
1y
1c
1i
#8609046154
0t
0s
0r
1y
1c
1i
#8609046484
1t
0s
0r
1y
1c
1i
#8609046978
0t
0s
0r
1y
1c
1i
#8609047308
1t
0s
0r
1y
1c
1i
#8609047799
0t
0s
0r
1y
1c
1i
#8609048127
1t
0s
0r
1y
1c
0i
#8609048617
0t
0s
0r
1y
1c
0i
#8609048942
1t
0s
0r
1y
1c
0i
#8609049426
0t
0s
0r
1y
1c
0i
#8609049751
1t
0s
0r
1y
1c
0i
#8609050234
0t
0s
0r
1y
1c
0i
#8609050557
1t
0s
0r
1y
1c
0i
#8609051041
0t
0s
0r
1y
1c
0i
#8609051363
1t
0s
0r
1y
1c
0i
#8609051843
0t
0s
0r
1y
1c
0i
#8609052166
1t
0s
0r
1y
1c
0i
#8609052645
0t
0s
0r
1y
1c
0i
#8609052967
1t
0s
0r
1y
1c
0i
#8609053449
0t
0s
0r
1y
1c
0i
#8609053770
1t
0s
0r
1y
1c
0i
#8609055032
0t
0s
0r
1y
1c
0i
#8609055938
1t
0s
0r
1y
1c
0i
#8609056661
0t
0s
0r
1y
1c
0i
#8609056973
1t
0s
0r
1y
1c
0i
#8609057455
0t
0s
0r
1y
1c
0i
#8609057774
1t
0s
0r
1y
1c
0i
#8609058255
0t
0s
0r
1y
1c
0i
#8609058574
1t
0s
0r
1y
1c
0i
#8609059054
0t
0s
0r
1y
1c
0i
#8609059375
1t
0s
0r
1y
1c
0i
#8609059854
0t
0s
0r
1y
1c
0i
#8609060174
1t
0s
0r
1y
1c
0i
#8609060656
0t
0s
0r
1y
1c
1i
#8609060974
1t
0s
0r
1y
1c
1i
#8609061453
0t
0s
0r
1y
1c
1i
#8609061772
1t
0s
0r
1y
1c
1i
#8609062252
0t
0s
0r
1y
1c
1i
#8609062571
1t
0s
0r
1y
1c
1i
#8609063051
0t
0s
0r
1y
0c
1i
#8609063371
1t
0s
0r
1y
0c
1i
#8609063848
0t
0s
0r
1y
0c
1i
#8609064169
1t
0s
0r
1y
0c
1i
#8609064648
0t
0s
0r
1y
0c
1i
#8609064968
1t
0s
0r
1y
0c
1i
#8609065451
0t
0s
0r
1y
0c
1i
#8609065769
1t
0s
0r
1y
0c
1i
#8609066250
0t
0s
0r
1y
0c
1i
#8609066570
1t
0s
0r
1y
0c
1i
#8609067052
0t
0s
0r
1y
0c
1i
#8609067373
1t
0s
0r
1y
0c
1i
#8609067857
0t
0s
0r
1y
0c
1i
#8609068176
1t
0s
0r
1y
0c
1i
#8609068449
1t
0s
1r
1y
0c
1i
#8609068451
1t
0s
0r
1y
0c
1i
#8609068657
0t
0s
0r
1y
0c
1i
#8609068978
1t
0s
0r
1y
0c
1i
#8609069458
0t
0s
0r
1y
0c
1i
#8609069777
1t
0s
0r
1y
0c
1i
#8609070258
0t
0s
0r
1y
0c
1i
#8609070574
1t
0s
0r
1y
0c
1i
#8609071048
0t
0s
0r
1y
0c
1i
#8609071365
1t
0s
0r
1y
0c
1i
#8609071836
0t
0s
0r
1y
0c
0i
#8609072151
1t
0s
0r
1y
0c
0i
#8609072622
0t
0s
0r
1y
0c
0i
#8609072934
1t
0s
0r
1y
0c
0i
#8609073400
0t
0s
0r
1y
0c
0i
#8609073712
1t
0s
0r
1y
0c
0i
#8609074178
0t
0s
0r
1y
0c
0i
#8609074488
1t
0s
0r
1y
0c
0i
#8609074955
0t
0s
0r
1y
0c
0i
#8609075264
1t
0s
0r
1y
0c
0i
#8609075727
0t
0s
0r
1y
0c
0i
#8609076037
1t
0s
0r
1y
0c
0i
#8609076501
0t
0s
0r
1y
0c
0i
#8609076810
1t
0s
0r
1y
0c
0i
#8609077275
0t
0s
0r
1y
0c
0i
#8609077583
1t
0s
0r
1y
0c
0i
#8609078046
0t
0s
0r
1y
0c
0i
#8609078355
1t
0s
0r
1y
0c
0i
#8609078818
0t
0s
0r
1y
0c
0i
#8609079128
1t
0s
0r
1y
0c
0i
#8609079592
0t
0s
0r
1y
0c
0i
#8609079902
1t
0s
0r
1y
0c
0i
#8609080363
0t
0s
0r
1y
0c
0i
#8609080673
1t
0s
0r
1y
0c
0i
#8609081135
0t
0s
0r
1y
0c
0i
#8609081445
1t
0s
0r
1y
0c
0i
#8609081909
0t
0s
0r
1y
0c
0i
#8609082218
1t
0s
0r
1y
0c
0i
#8609082679
0t
0s
0r
1y
0c
0i
#8609082990
1t
0s
0r
1y
0c
0i
#8609083451
0t
0s
0r
1y
0c
1i
#8609083761
1t
0s
0r
1y
0c
1i
#8609084224
0t
0s
0r
1y
0c
1i
#8609084534
1t
0s
0r
1y
0c
1i
#8609084994
0t
0s
0r
1y
0c
1i
#8609085304
1t
0s
0r
1y
0c
1i
#8609085765
0t
0s
0r
1y
0c
1i
#8609086075
1t
0s
0r
1y
0c
1i
#8609086537
0t
0s
0r
1y
1c
1i
#8609086848
1t
0s
0r
1y
1c
1i
#8609087307
0t
0s
0r
1y
1c
1i
#8609087619
1t
0s
0r
1y
1c
1i
#8609088080
0t
0s
0r
1y
1c
1i
#8609088391
1t
0s
0r
1y
1c
1i
#8609088854
0t
0s
0r
1y
1c
1i
#8609089165
1t
0s
0r
1y
1c
0i
#8609089626
0t
0s
0r
1y
1c
0i
#8609089938
1t
0s
0r
1y
1c
0i
#8609090401
0t
0s
0r
1y
1c
0i
#8609090713
1t
0s
0r
1y
1c
0i
#8609091178
0t
0s
0r
1y
1c
0i
#8609091489
1t
0s
0r
1y
1c
0i
#8609091951
0t
0s
0r
1y
1c
0i
#8609092262
1t
0s
0r
1y
1c
0i
#8609092724
0t
0s
0r
1y
1c
0i
#8609093034
1t
0s
0r
1y
1c
0i
#8609093496
0t
0s
0r
1y
1c
0i
#8609093804
1t
0s
0r
1y
1c
0i
#8609094258
0t
0s
0r
1y
1c
0i
#8609094567
1t
0s
0r
1y
1c
0i
#8609095020
0t
0s
0r
1y
1c
0i
#8609095326
1t
0s
0r
1y
1c
0i
#8609095778
0t
0s
0r
1y
1c
0i
#8609096082
1t
0s
0r
1y
1c
0i
#8609096529
0t
0s
0r
1y
1c
0i
#8609096833
1t
0s
0r
1y
1c
0i
#8609097280
0t
0s
0r
1y
1c
0i
#8609097582
1t
0s
0r
1y
1c
0i
#8609098029
0t
0s
0r
1y
1c
0i
#8609098331
1t
0s
0r
1y
1c
0i
#8609098775
0t
0s
0r
1y
1c
0i
#8609099078
1t
0s
0r
1y
1c
0i
#8609099521
0t
0s
0r
1y
1c
0i
#8609099823
1t
0s
0r
1y
1c
0i
#8609100269
0t
0s
0r
1y
1c
0i
#8609100570
1t
0s
0r
1y
1c
0i
#8609101739
0t
0s
0r
1y
1c
0i
#8609102587
1t
0s
0r
1y
1c
0i
#8609103256
0t
0s
0r
1y
1c
0i
#8609103548
1t
0s
0r
1y
1c
0i
#8609103995
0t
0s
0r
1y
1c
0i
#8609104294
1t
0s
0r
1y
1c
0i
#8609104738
0t
0s
0r
1y
1c
0i
#8609105038
1t
0s
0r
1y
1c
0i
#8609105483
0t
0s
0r
1y
1c
0i
#8609105783
1t
0s
0r
1y
1c
0i
#8609106227
0t
0s
0r
1y
1c
1i
#8609106527
1t
0s
0r
1y
1c
1i
#8609106973
0t
0s
0r
1y
1c
1i
#8609107272
1t
0s
0r
1y
1c
1i
#8609107715
0t
0s
0r
1y
1c
1i
#8609108014
1t
0s
0r
1y
1c
1i
#8609108459
0t
0s
0r
1y
1c
1i
#8609108758
1t
0s
0r
1y
1c
1i
#8609109203
0t
0s
0r
1y
0c
1i
#8609109503
1t
0s
0r
1y
0c
1i
#8609109944
0t
0s
0r
1y
0c
1i
#8609110245
1t
0s
0r
1y
0c
1i
#8609110689
0t
0s
0r
1y
0c
1i
#8609110989
1t
0s
0r
1y
0c
1i
#8609111435
0t
0s
0r
1y
0c
1i
#8609111734
1t
0s
0r
1y
0c
0i
#8609112178
0t
0s
0r
1y
0c
0i
#8609112478
1t
0s
0r
1y
0c
0i
#8609112923
0t
0s
0r
1y
0c
0i
#8609113224
1t
0s
0r
1y
0c
0i
#8609113671
0t
0s
0r
1y
0c
0i
#8609113971
1t
0s
0r
1y
0c
0i
#8609114415
0t
0s
0r
1y
0c
0i
#8609114715
1t
0s
0r
1y
0c
0i
#8609115160
0t
0s
0r
1y
0c
0i
#8609115458
1t
0s
0r
1y
0c
0i
#8609115903
0t
0s
0r
1y
0c
0i
#8609116200
1t
0s
0r
1y
0c
0i
#8609116640
0t
0s
0r
1y
0c
0i
#8609116938
1t
0s
0r
1y
0c
0i
#8609117375
0t
0s
0r
1y
0c
0i
#8609117671
1t
0s
0r
1y
0c
0i
#8609118109
0t
0s
0r
1y
0c
0i
#8609118402
1t
0s
0r
1y
0c
0i
#8609118835
0t
0s
0r
1y
0c
0i
#8609119129
1t
0s
0r
1y
0c
0i
#8609119561
0t
0s
0r
1y
0c
0i
#8609119853
1t
0s
0r
1y
0c
0i
#8609120286
0t
0s
0r
1y
0c
0i
#8609120576
1t
0s
0r
1y
0c
0i
#8609121006
0t
0s
0r
1y
0c
0i
#8609121297
1t
0s
0r
1y
0c
0i
#8609121727
0t
0s
0r
1y
0c
0i
#8609122018
1t
0s
0r
1y
0c
0i
#8609122449
0t
0s
0r
1y
0c
0i
#8609122739
1t
0s
0r
1y
0c
0i
#8609123167
0t
0s
0r
1y
0c
0i
#8609123458
1t
0s
0r
1y
0c
0i
#8609123886
0t
0s
0r
1y
0c
0i
#8609124177
1t
0s
0r
1y
0c
0i
#8609124607
0t
0s
0r
1y
0c
0i
#8609124897
1t
0s
0r
1y
0c
0i
#8609125324
0t
0s
0r
1y
0c
0i
#8609125616
1t
0s
0r
1y
0c
0i
#8609126043
0t
0s
0r
1y
0c
0i
#8609126335
1t
0s
0r
1y
0c
0i
