$date
	Mon Aug 18 16:38:55 BRT 2025
$end
$version
        1.0
$end
$timescale
        1ps
$end
$scope module test $end
$var wire 1 t PRI_TRG $end
$var wire 1 s SEC_TRG $end
$var wire 1 r TRG $end
$var wire 1 y SYNC $end
$var wire 1 c COIL $end
$var wire 1 i INJ $end
$upscope $end
$enddefinitions $end
$dumpvars
#9425537
0t
0s
0r
0y
0c
0i
#9432120
1t
0s
0r
0y
0c
0i
#9440922
0t
0s
0r
0y
0c
0i
#9445527
1t
0s
0r
0y
0c
0i
#9452447
0t
0s
0r
0y
0c
0i
#9456285
1t
0s
0r
0y
0c
0i
#9462226
0t
0s
0r
0y
0c
0i
#9465622
1t
0s
0r
0y
0c
0i
#9470923
0t
0s
0r
0y
0c
0i
#9474052
1t
0s
0r
0y
0c
0i
#9478985
0t
0s
0r
0y
0c
0i
#9481901
1t
0s
0r
0y
0c
0i
#9486616
0t
0s
0r
0y
0c
0i
#9489364
1t
0s
0r
0y
0c
0i
#9493819
0t
0s
0r
0y
0c
0i
#9496480
1t
0s
0r
0y
0c
0i
#9500805
0t
0s
0r
0y
0c
0i
#9503378
1t
0s
0r
0y
0c
0i
#9507618
0t
0s
0r
0y
0c
0i
#9510124
1t
0s
0r
0y
0c
0i
#9514254
0t
0s
0r
0y
0c
0i
#9516707
1t
0s
0r
0y
0c
0i
#9520776
0t
0s
0r
0y
0c
0i
#9523189
1t
0s
0r
0y
0c
0i
#9527188
0t
0s
0r
0y
0c
0i
#9529565
1t
0s
0r
0y
0c
0i
#9539690
0t
0s
0r
0y
0c
0i
#9545822
1t
0s
0r
0y
0c
0i
#9552273
0t
0s
0r
1y
0c
0i
#9554511
1t
0s
0r
1y
0c
0i
#9558367
0t
0s
0r
1y
0c
0i
#9560676
1t
0s
0r
1y
0c
0i
#9564571
0t
0s
0r
1y
0c
0i
#9566890
1t
0s
0r
1y
0c
0i
#9570797
0t
0s
0r
1y
0c
0i
#9573150
1t
0s
0r
1y
0c
0i
#9577125
0t
0s
0r
1y
0c
1i
#9579520
1t
0s
0r
1y
0c
1i
#9583603
0t
0s
0r
1y
0c
1i
#9586031
1t
0s
0r
1y
0c
1i
#9590203
0t
0s
0r
1y
0c
1i
#9592723
1t
0s
0r
1y
0c
1i
#9597093
0t
0s
0r
1y
0c
1i
#9599740
1t
0s
0r
1y
0c
1i
#9604391
0t
0s
0r
1y
0c
1i
#9607203
1t
0s
0r
1y
0c
1i
#9612176
0t
0s
0r
1y
0c
1i
#9615221
1t
0s
0r
1y
0c
1i
#9620651
0t
0s
0r
1y
0c
1i
#9623973
1t
0s
0r
1y
0c
1i
#9629833
0t
0s
0r
1y
0c
1i
#9633385
1t
0s
0r
1y
0c
1i
#9639414
0t
0s
0r
1y
0c
1i
#9642945
1t
0s
0r
1y
0c
1i
#9648679
0t
0s
0r
1y
0c
1i
#9651997
1t
0s
0r
1y
0c
0i
#9654480
1t
0s
1r
1y
0c
0i
#9654483
1t
0s
0r
1y
0c
0i
#9657200
0t
0s
0r
1y
0c
0i
#9660179
1t
0s
0r
1y
0c
0i
#9664779
0t
0s
0r
1y
0c
0i
#9667449
1t
0s
0r
1y
0c
0i
#9671600
0t
0s
0r
1y
0c
0i
#9674000
1t
0s
0r
1y
0c
0i
#9677782
0t
0s
0r
1y
0c
0i
#9679967
1t
0s
0r
1y
0c
0i
#9683460
0t
0s
0r
1y
0c
0i
#9685521
1t
0s
0r
1y
0c
0i
#9688864
0t
0s
0r
1y
0c
0i
#9690828
1t
0s
0r
1y
0c
0i
#9694055
0t
0s
0r
1y
0c
0i
#9695931
1t
0s
0r
1y
0c
0i
#9698983
0t
0s
0r
1y
0c
0i
#9700788
1t
0s
0r
1y
0c
0i
#9703765
0t
0s
0r
1y
0c
0i
#9705523
1t
0s
0r
1y
0c
0i
#9708469
0t
0s
0r
1y
0c
0i
#9710188
1t
0s
0r
1y
0c
0i
#9713046
0t
0s
0r
1y
0c
0i
#9714750
1t
0s
0r
1y
0c
0i
#9717596
0t
0s
0r
1y
0c
0i
#9719277
1t
0s
0r
1y
0c
0i
#9722103
0t
0s
0r
1y
0c
0i
#9723762
1t
0s
0r
1y
0c
0i
#9726545
0t
0s
0r
1y
0c
0i
#9728194
1t
0s
0r
1y
0c
0i
#9730965
0t
0s
0r
1y
0c
0i
#9732604
1t
0s
0r
1y
0c
0i
#9735378
0t
0s
0r
1y
0c
0i
#9737007
1t
0s
0r
1y
0c
0i
#9739766
0t
0s
0r
1y
0c
0i
#9741401
1t
0s
0r
1y
0c
0i
#9744159
0t
0s
0r
1y
0c
0i
#9745806
1t
0s
0r
1y
0c
0i
#9748588
0t
0s
0r
1y
0c
0i
#9750230
1t
0s
0r
1y
0c
0i
#9753002
0t
0s
0r
1y
0c
0i
#9754662
1t
0s
0r
1y
0c
0i
#9757478
0t
0s
0r
1y
0c
1i
#9759151
1t
0s
0r
1y
0c
1i
#9762022
0t
0s
0r
1y
0c
1i
#9763721
1t
0s
0r
1y
0c
1i
#9766617
0t
0s
0r
1y
0c
1i
#9768363
1t
0s
0r
1y
0c
1i
#9771361
0t
0s
0r
1y
0c
1i
#9773136
1t
0s
0r
1y
0c
1i
#9776217
0t
0s
0r
1y
0c
1i
#9778067
1t
0s
0r
1y
0c
1i
#9781257
0t
0s
0r
1y
0c
0i
#9783187
1t
0s
0r
1y
0c
0i
#9786532
0t
0s
0r
1y
0c
0i
#9788549
1t
0s
0r
1y
0c
0i
#9792056
0t
0s
0r
1y
0c
0i
#9794143
1t
0s
0r
1y
0c
0i
#9797748
0t
0s
0r
1y
0c
0i
#9799902
1t
0s
0r
1y
0c
0i
#9803501
0t
0s
0r
1y
1c
0i
#9805641
1t
0s
0r
1y
1c
0i
#9809166
0t
0s
0r
1y
1c
0i
#9811213
1t
0s
0r
1y
1c
0i
#9814501
0t
0s
0r
1y
1c
0i
#9816423
1t
0s
0r
1y
1c
0i
#9819447
0t
0s
0r
1y
1c
0i
#9821203
1t
0s
0r
1y
1c
0i
#9824001
0t
0s
0r
1y
1c
0i
#9825624
1t
0s
0r
1y
1c
0i
#9828236
0t
0s
0r
1y
1c
0i
#9829777
1t
0s
0r
1y
1c
0i
#9832268
0t
0s
0r
1y
1c
0i
#9833733
1t
0s
0r
1y
1c
0i
#9836132
0t
0s
0r
1y
1c
0i
#9837541
1t
0s
0r
1y
1c
0i
#9839854
0t
0s
0r
1y
1c
0i
#9841233
1t
0s
0r
1y
1c
0i
#9843503
0t
0s
0r
1y
1c
0i
#9844854
1t
0s
0r
1y
1c
0i
#9847105
0t
0s
0r
1y
1c
0i
#9848440
1t
0s
0r
1y
1c
0i
#9850663
0t
0s
0r
1y
1c
0i
#9851999
1t
0s
0r
1y
1c
0i
#9854226
0t
0s
0r
1y
1c
0i
#9855558
1t
0s
0r
1y
1c
0i
#9857798
0t
0s
0r
1y
1c
0i
#9859132
1t
0s
0r
1y
1c
0i
#9864914
0t
0s
0r
1y
1c
0i
#9868664
1t
0s
0r
1y
1c
0i
#9872365
0t
0s
0r
1y
1c
0i
#9873687
1t
0s
0r
1y
1c
0i
#9876034
0t
0s
0r
1y
1c
0i
#9877436
1t
0s
0r
1y
1c
0i
#9879738
0t
0s
0r
1y
1c
0i
#9881093
1t
0s
0r
1y
1c
0i
#9883356
0t
0s
0r
1y
1c
0i
#9884722
1t
0s
0r
1y
1c
0i
#9887047
0t
0s
0r
1y
1c
1i
#9888452
1t
0s
0r
1y
1c
1i
#9890854
0t
0s
0r
1y
1c
1i
#9892264
1t
0s
0r
1y
1c
1i
#9894622
0t
0s
0r
1y
1c
1i
#9896048
1t
0s
0r
1y
1c
1i
#9898461
0t
0s
0r
1y
1c
1i
#9899921
1t
0s
0r
1y
1c
1i
#9902447
0t
0s
0r
1y
1c
1i
#9903948
1t
0s
0r
1y
1c
1i
#9906496
0t
0s
0r
1y
1c
1i
#9908031
1t
0s
0r
1y
1c
1i
#9910671
0t
0s
0r
1y
1c
1i
#9912265
1t
0s
0r
1y
1c
0i
#9915021
0t
0s
0r
1y
1c
0i
#9916664
1t
0s
0r
1y
1c
0i
#9919465
0t
0s
0r
1y
1c
0i
#9921148
1t
0s
0r
1y
1c
0i
#9923988
0t
0s
0r
1y
0c
0i
#9925676
1t
0s
0r
1y
0c
0i
#9928491
0t
0s
0r
1y
0c
0i
#9930139
1t
0s
0r
1y
0c
0i
#9932826
0t
0s
0r
1y
0c
0i
#9934402
1t
0s
0r
1y
0c
0i
#9936938
0t
0s
0r
1y
0c
0i
#9938418
1t
0s
0r
1y
0c
0i
#9940809
0t
0s
0r
1y
0c
0i
#9942199
1t
0s
0r
1y
0c
0i
#9944457
0t
0s
0r
1y
0c
0i
#9945792
1t
0s
0r
1y
0c
0i
#9947974
0t
0s
0r
1y
0c
0i
#9949261
1t
0s
0r
1y
0c
0i
#9951398
0t
0s
0r
1y
0c
0i
#9952650
1t
0s
0r
1y
0c
0i
#9954731
0t
0s
0r
1y
0c
0i
#9955966
1t
0s
0r
1y
0c
0i
#9958018
0t
0s
0r
1y
0c
0i
#9959231
1t
0s
0r
1y
0c
0i
#9961274
0t
0s
0r
1y
0c
0i
#9962472
1t
0s
0r
1y
0c
0i
#9964489
0t
0s
0r
1y
0c
0i
#9965688
1t
0s
0r
1y
0c
0i
#9967711
0t
0s
0r
1y
0c
0i
#9968908
1t
0s
0r
1y
0c
0i
#9970945
0t
0s
0r
1y
0c
0i
#9972143
1t
0s
0r
1y
0c
0i
#9974181
0t
0s
0r
1y
0c
0i
#9975394
1t
0s
0r
1y
0c
0i
#9977453
0t
0s
0r
1y
0c
0i
#9978678
1t
0s
0r
1y
0c
0i
#9980770
0t
0s
0r
1y
0c
0i
#9982004
1t
0s
0r
1y
0c
0i
#9984111
0t
0s
0r
1y
0c
0i
#9985371
1t
0s
0r
1y
0c
0i
#9987518
0t
0s
0r
1y
0c
0i
#9988799
1t
0s
0r
1y
0c
0i
#9991000
0t
0s
0r
1y
0c
0i
#9992304
1t
0s
0r
1y
0c
0i
#9994519
0t
0s
0r
1y
0c
0i
#9995822
1t
0s
0r
1y
0c
0i
#9997977
0t
0s
0r
1y
0c
1i
#9999254
1t
0s
0r
1y
0c
1i
#10001422
0t
0s
0r
1y
0c
1i
#10002718
1t
0s
0r
1y
0c
1i
#10004960
0t
0s
0r
1y
0c
1i
#10006308
1t
0s
0r
1y
0c
1i
#10008621
0t
0s
0r
1y
0c
1i
#10009977
1t
0s
0r
1y
0c
1i
#10012290
0t
0s
0r
1y
0c
1i
#10013663
1t
0s
0r
1y
0c
1i
#10016022
0t
0s
0r
1y
0c
1i
#10017448
1t
0s
0r
1y
0c
1i
#10019915
0t
0s
0r
1y
0c
1i
#10021386
1t
0s
0r
1y
0c
1i
#10023900
0t
0s
0r
1y
0c
0i
#10025388
1t
0s
0r
1y
0c
0i
#10027927
0t
0s
0r
1y
0c
0i
#10029460
1t
0s
0r
1y
0c
0i
#10032058
0t
0s
0r
1y
1c
0i
#10033597
1t
0s
0r
1y
1c
0i
#10036174
0t
0s
0r
1y
1c
0i
#10037679
1t
0s
0r
1y
1c
0i
#10040154
0t
0s
0r
1y
1c
0i
#10041615
1t
0s
0r
1y
1c
0i
#10043978
0t
0s
0r
1y
1c
0i
#10045364
1t
0s
0r
1y
1c
0i
#10047609
0t
0s
0r
1y
1c
0i
#10048920
1t
0s
0r
1y
1c
0i
#10051042
0t
0s
0r
1y
1c
0i
#10052304
1t
0s
0r
1y
1c
0i
#10054361
0t
0s
0r
1y
1c
0i
#10055579
1t
0s
0r
1y
1c
0i
#10057599
0t
0s
0r
1y
1c
0i
#10058788
1t
0s
0r
1y
1c
0i
#10060764
0t
0s
0r
1y
1c
0i
#10061943
1t
0s
0r
1y
1c
0i
#10063897
0t
0s
0r
1y
1c
0i
#10065056
1t
0s
0r
1y
1c
0i
#10066999
0t
0s
0r
1y
1c
0i
#10068147
1t
0s
0r
1y
1c
0i
#10070067
0t
0s
0r
1y
1c
0i
#10071215
1t
0s
0r
1y
1c
0i
#10073136
0t
0s
0r
1y
1c
0i
#10074282
1t
0s
0r
1y
1c
0i
#10076214
0t
0s
0r
1y
1c
0i
#10077359
1t
0s
0r
1y
1c
0i
#10082337
0t
0s
0r
1y
1c
0i
#10085602
1t
0s
0r
1y
1c
0i
#10088735
0t
0s
0r
1y
1c
0i
#10089859
1t
0s
0r
1y
1c
0i
#10091869
0t
0s
0r
1y
1c
0i
#10093078
1t
0s
0r
1y
1c
0i
#10095124
0t
0s
0r
1y
1c
0i
#10096351
1t
0s
0r
1y
1c
0i
#10098440
0t
0s
0r
1y
1c
0i
#10099696
1t
0s
0r
1y
1c
0i
#10101837
0t
0s
0r
1y
1c
0i
#10103119
1t
0s
0r
1y
1c
0i
#10105274
0t
0s
0r
1y
1c
0i
#10106524
1t
0s
0r
1y
1c
0i
#10108599
0t
0s
0r
1y
1c
0i
#10109854
1t
0s
0r
1y
1c
0i
#10111986
0t
0s
0r
1y
1c
0i
#10113271
1t
0s
0r
1y
1c
0i
#10115517
0t
0s
0r
1y
1c
0i
#10116861
1t
0s
0r
1y
1c
0i
#10119152
0t
0s
0r
1y
1c
0i
#10120499
1t
0s
0r
1y
1c
0i
#10122767
0t
0s
0r
1y
1c
0i
#10124145
1t
0s
0r
1y
1c
0i
#10126515
0t
0s
0r
1y
1c
1i
#10127946
1t
0s
0r
1y
1c
1i
#10130389
0t
0s
0r
1y
1c
1i
#10131849
1t
0s
0r
1y
1c
1i
#10134269
0t
0s
0r
1y
0c
1i
#10135705
1t
0s
0r
1y
0c
1i
#10138098
0t
0s
0r
1y
0c
1i
#10139514
1t
0s
0r
1y
0c
1i
#10141846
0t
0s
0r
1y
0c
1i
#10143231
1t
0s
0r
1y
0c
1i
#10145486
0t
0s
0r
1y
0c
1i
#10146814
1t
0s
0r
1y
0c
1i
#10148983
0t
0s
0r
1y
0c
0i
#10150089
0t
0s
1r
1y
0c
0i
#10150092
0t
0s
0r
1y
0c
0i
#10150254
1t
0s
0r
1y
0c
0i
#10152330
0t
0s
0r
1y
0c
0i
#10153564
1t
0s
0r
1y
0c
0i
#10155589
0t
0s
0r
1y
0c
0i
#10156788
1t
0s
0r
1y
0c
0i
#10158787
0t
0s
0r
1y
0c
0i
#10159963
1t
0s
0r
1y
0c
0i
#10161934
0t
0s
0r
1y
0c
0i
#10163105
1t
0s
0r
1y
0c
0i
#10165068
0t
0s
0r
1y
0c
0i
#10166228
1t
0s
0r
1y
0c
0i
#10168192
0t
0s
0r
1y
0c
0i
#10169344
1t
0s
0r
1y
0c
0i
#10171294
0t
0s
0r
1y
0c
0i
#10172455
1t
0s
0r
1y
0c
0i
#10174413
0t
0s
0r
1y
0c
0i
#10175574
1t
0s
0r
1y
0c
0i
#10177551
0t
0s
0r
1y
0c
0i
#10178716
1t
0s
0r
1y
0c
0i
#10180695
0t
0s
0r
1y
0c
0i
#10181875
1t
0s
0r
1y
0c
0i
#10183875
0t
0s
0r
1y
0c
0i
#10185067
1t
0s
0r
1y
0c
0i
#10187100
0t
0s
0r
1y
0c
0i
#10188299
1t
0s
0r
1y
0c
0i
#10190345
0t
0s
0r
1y
0c
0i
#10191569
1t
0s
0r
1y
0c
0i
#10193655
0t
0s
0r
1y
0c
0i
#10194898
1t
0s
0r
1y
0c
0i
#10197031
0t
0s
0r
1y
0c
0i
#10198293
1t
0s
0r
1y
0c
0i
#10200432
0t
0s
0r
1y
0c
0i
#10201682
1t
0s
0r
1y
0c
0i
#10203749
0t
0s
0r
1y
0c
0i
#10204972
1t
0s
0r
1y
0c
0i
#10207050
0t
0s
0r
1y
0c
0i
#10208298
1t
0s
0r
1y
0c
0i
#10210448
0t
0s
0r
1y
0c
0i
#10211749
1t
0s
0r
1y
0c
0i
#10214011
0t
0s
0r
1y
0c
0i
#10215342
1t
0s
0r
1y
0c
0i
#10217597
0t
0s
0r
1y
0c
0i
#10218919
1t
0s
0r
1y
0c
0i
#10221152
0t
0s
0r
1y
0c
1i
#10222518
1t
0s
0r
1y
0c
1i
#10224890
0t
0s
0r
1y
0c
1i
#10226316
1t
0s
0r
1y
0c
1i
#10228802
0t
0s
0r
1y
0c
1i
#10230255
1t
0s
0r
1y
0c
1i
#10232706
0t
0s
0r
1y
1c
1i
#10234184
1t
0s
0r
1y
1c
1i
#10236681
0t
0s
0r
1y
1c
1i
#10238174
1t
0s
0r
1y
1c
1i
#10240694
0t
0s
0r
1y
1c
1i
#10242173
1t
0s
0r
1y
1c
1i
#10244601
0t
0s
0r
1y
1c
0i
#10246033
1t
0s
0r
1y
1c
0i
#10248347
0t
0s
0r
1y
1c
0i
#10249701
1t
0s
0r
1y
1c
0i
#10251894
0t
0s
0r
1y
1c
0i
#10253173
1t
0s
0r
1y
1c
0i
#10255241
0t
0s
0r
1y
1c
0i
#10256468
1t
0s
0r
1y
1c
0i
#10258465
0t
0s
0r
1y
1c
0i
#10259646
1t
0s
0r
1y
1c
0i
#10261605
0t
0s
0r
1y
1c
0i
#10262756
1t
0s
0r
1y
1c
0i
#10264673
0t
0s
0r
1y
1c
0i
#10265814
1t
0s
0r
1y
1c
0i
#10267714
0t
0s
0r
1y
1c
0i
#10268839
1t
0s
0r
1y
1c
0i
#10270724
0t
0s
0r
1y
1c
0i
#10271838
1t
0s
0r
1y
1c
0i
#10273702
0t
0s
0r
1y
1c
0i
#10274817
1t
0s
0r
1y
1c
0i
#10276680
0t
0s
0r
1y
1c
0i
#10277791
1t
0s
0r
1y
1c
0i
#10279664
0t
0s
0r
1y
1c
0i
#10280774
1t
0s
0r
1y
1c
0i
#10285598
0t
0s
0r
1y
1c
0i
#10288769
1t
0s
0r
1y
1c
0i
#10291795
0t
0s
0r
1y
1c
0i
#10292883
1t
0s
0r
1y
1c
0i
#10294827
0t
0s
0r
1y
1c
0i
#10295998
1t
0s
0r
1y
1c
0i
#10297978
0t
0s
0r
1y
1c
0i
#10299164
1t
0s
0r
1y
1c
0i
#10301185
0t
0s
0r
1y
1c
0i
#10302399
1t
0s
0r
1y
1c
0i
#10304472
0t
0s
0r
1y
1c
0i
#10305717
1t
0s
0r
1y
1c
0i
#10307861
0t
0s
0r
1y
1c
0i
#10309136
1t
0s
0r
1y
1c
0i
#10311281
0t
0s
0r
1y
1c
0i
#10312541
1t
0s
0r
1y
1c
0i
#10314606
0t
0s
0r
1y
1c
1i
#10315849
1t
0s
0r
1y
1c
1i
#10317977
0t
0s
0r
1y
1c
1i
#10319259
1t
0s
0r
1y
1c
1i
#10321505
0t
0s
0r
1y
1c
1i
#10322873
1t
0s
0r
1y
1c
1i
#10325213
0t
0s
0r
1y
1c
1i
#10326595
1t
0s
0r
1y
1c
1i
#10328867
0t
0s
0r
1y
0c
1i
#10330244
1t
0s
0r
1y
0c
1i
#10332580
0t
0s
0r
1y
0c
1i
#10334005
1t
0s
0r
1y
0c
1i
#10336449
0t
0s
0r
1y
0c
1i
#10337914
1t
0s
0r
1y
0c
1i
#10340342
0t
0s
0r
1y
0c
0i
#10341758
1t
0s
0r
1y
0c
0i
#10344055
0t
0s
0r
1y
0c
0i
#10345413
1t
0s
0r
1y
0c
0i
#10347612
0t
0s
0r
1y
0c
0i
#10348903
1t
0s
0r
1y
0c
0i
#10351007
0t
0s
0r
1y
0c
0i
#10352235
1t
0s
0r
1y
0c
0i
#10354235
0t
0s
0r
1y
0c
0i
#10355419
1t
0s
0r
1y
0c
0i
#10357356
0t
0s
0r
1y
0c
0i
#10358497
1t
0s
0r
1y
0c
0i
#10360401
0t
0s
0r
1y
0c
0i
#10361514
1t
0s
0r
1y
0c
0i
#10363384
0t
0s
0r
1y
0c
0i
#10364493
1t
0s
0r
1y
0c
0i
#10366352
0t
0s
0r
1y
0c
0i
#10367448
1t
0s
0r
1y
0c
0i
#10369303
0t
0s
0r
1y
0c
0i
#10370391
1t
0s
0r
1y
0c
0i
#10372224
0t
0s
0r
1y
0c
0i
#10373316
1t
0s
0r
1y
0c
0i
#10375156
0t
0s
0r
1y
0c
0i
#10376244
1t
0s
0r
1y
0c
0i
#10378097
0t
0s
0r
1y
0c
0i
#10379186
1t
0s
0r
1y
0c
0i
#10381037
0t
0s
0r
1y
0c
0i
#10382139
1t
0s
0r
1y
0c
0i
#10384006
0t
0s
0r
1y
0c
0i
#10385116
1t
0s
0r
1y
0c
0i
#10387008
0t
0s
0r
1y
0c
0i
#10388123
1t
0s
0r
1y
0c
0i
#10390024
0t
0s
0r
1y
0c
0i
#10391159
1t
0s
0r
1y
0c
0i
#10393091
0t
0s
0r
1y
0c
0i
#10394240
1t
0s
0r
1y
0c
0i
#10396212
0t
0s
0r
1y
0c
0i
#10397378
1t
0s
0r
1y
0c
0i
#10399376
0t
0s
0r
1y
0c
0i
#10400574
1t
0s
0r
1y
0c
0i
#10402626
0t
0s
0r
1y
0c
0i
#10403852
1t
0s
0r
1y
0c
0i
#10405971
0t
0s
0r
1y
0c
0i
#10407230
1t
0s
0r
1y
0c
0i
#10409368
0t
0s
0r
1y
0c
0i
#10410621
1t
0s
0r
1y
0c
0i
#10412689
0t
0s
0r
1y
0c
1i
#10413910
1t
0s
0r
1y
0c
1i
#10416000
0t
0s
0r
1y
0c
1i
#10417259
1t
0s
0r
1y
0c
1i
#10419459
0t
0s
0r
1y
0c
1i
#10420799
1t
0s
0r
1y
0c
1i
#10423134
0t
0s
0r
1y
0c
1i
#10424491
1t
0s
0r
1y
0c
1i
#10426771
0t
0s
0r
1y
0c
1i
#10428120
1t
0s
0r
1y
1c
1i
#10430409
0t
0s
0r
1y
1c
1i
#10431792
1t
0s
0r
1y
1c
1i
#10434169
0t
0s
0r
1y
1c
1i
#10435588
1t
0s
0r
1y
1c
0i
#10437985
0t
0s
0r
1y
1c
0i
#10439381
1t
0s
0r
1y
1c
0i
#10441660
0t
0s
0r
1y
1c
0i
#10443014
1t
0s
0r
1y
1c
0i
#10445207
0t
0s
0r
1y
1c
0i
#10446495
1t
0s
0r
1y
1c
0i
#10448591
0t
0s
0r
1y
1c
0i
#10449819
1t
0s
0r
1y
1c
0i
#10451814
0t
0s
0r
1y
1c
0i
#10452999
1t
0s
0r
1y
1c
0i
#10454929
0t
0s
0r
1y
1c
0i
#10456069
1t
0s
0r
1y
1c
0i
#10457962
0t
0s
0r
1y
1c
0i
#10459073
1t
0s
0r
1y
1c
0i
#10460928
0t
0s
0r
1y
1c
0i
#10462034
1t
0s
0r
1y
1c
0i
#10463879
0t
0s
0r
1y
1c
0i
#10464975
1t
0s
0r
1y
1c
0i
#10466814
0t
0s
0r
1y
1c
0i
#10467903
1t
0s
0r
1y
1c
0i
#10469722
0t
0s
0r
1y
1c
0i
#10470812
1t
0s
0r
1y
1c
0i
#10472634
0t
0s
0r
1y
1c
0i
#10473721
1t
0s
0r
1y
1c
0i
#10475553
0t
0s
0r
1y
1c
0i
#10476639
1t
0s
0r
1y
1c
0i
#10481357
0t
0s
0r
1y
1c
0i
#10484461
1t
0s
0r
1y
1c
0i
#10487413
0t
0s
0r
1y
1c
0i
#10488476
1t
0s
0r
1y
1c
0i
#10490374
0t
0s
0r
1y
1c
0i
#10491514
1t
0s
0r
1y
1c
0i
#10493443
0t
0s
0r
1y
1c
0i
#10494599
1t
0s
0r
1y
1c
0i
#10496565
0t
0s
0r
1y
1c
0i
#10497745
1t
0s
0r
1y
1c
0i
#10499757
0t
0s
0r
1y
1c
0i
#10500963
1t
0s
0r
1y
1c
0i
#10503043
0t
0s
0r
1y
1c
0i
#10504280
1t
0s
0r
1y
1c
0i
#10506401
0t
0s
0r
1y
1c
0i
#10507665
1t
0s
0r
1y
1c
0i
#10509743
0t
0s
0r
1y
1c
0i
#10510969
1t
0s
0r
1y
1c
0i
#10513021
0t
0s
0r
1y
1c
0i
#10514257
1t
0s
0r
1y
1c
1i
#10516399
0t
0s
0r
1y
1c
1i
#10517696
1t
0s
0r
1y
1c
1i
#10519965
0t
0s
0r
1y
1c
1i
#10521319
1t
0s
0r
1y
1c
1i
#10523592
0t
0s
0r
1y
1c
1i
#10524923
1t
0s
0r
1y
0c
1i
#10527161
0t
0s
0r
1y
0c
0i
#10528518
1t
0s
0r
1y
0c
0i
#10530822
0t
0s
0r
1y
0c
0i
#10532112
0t
0s
1r
1y
0c
0i
#10532114
0t
0s
0r
1y
0c
0i
#10532202
1t
0s
0r
1y
0c
0i
#10534534
0t
0s
0r
1y
0c
0i
#10535910
1t
0s
0r
1y
0c
0i
#10538171
0t
0s
0r
1y
0c
0i
#10539515
1t
0s
0r
1y
0c
0i
#10541704
0t
0s
0r
1y
0c
0i
#10542993
1t
0s
0r
1y
0c
0i
#10545102
0t
0s
0r
1y
0c
0i
#10546337
1t
0s
0r
1y
0c
0i
#10548358
0t
0s
0r
1y
0c
0i
#10549559
1t
0s
0r
1y
0c
0i
#10551526
0t
0s
0r
1y
0c
0i
#10552687
1t
0s
0r
1y
0c
0i
#10554622
0t
0s
0r
1y
0c
0i
#10555756
1t
0s
0r
1y
0c
0i
#10557659
0t
0s
0r
1y
0c
0i
#10558787
1t
0s
0r
1y
0c
0i
#10560685
0t
0s
0r
1y
0c
0i
#10561808
1t
0s
0r
1y
0c
0i
#10563712
0t
0s
0r
1y
0c
0i
#10564830
1t
0s
0r
1y
0c
0i
#10566720
0t
0s
0r
1y
0c
0i
#10567846
1t
0s
0r
1y
0c
0i
#10569746
0t
0s
0r
1y
0c
0i
#10570873
1t
0s
0r
1y
0c
0i
#10572792
0t
0s
0r
1y
0c
0i
#10573921
1t
0s
0r
1y
0c
0i
#10575841
0t
0s
0r
1y
0c
0i
#10576984
1t
0s
0r
1y
0c
0i
#10578925
0t
0s
0r
1y
0c
0i
#10580080
1t
0s
0r
1y
0c
0i
#10582050
0t
0s
0r
1y
0c
0i
#10583212
1t
0s
0r
1y
0c
0i
#10585194
0t
0s
0r
1y
0c
0i
#10586378
1t
0s
0r
1y
0c
0i
#10588398
0t
0s
0r
1y
0c
0i
#10589599
1t
0s
0r
1y
0c
0i
#10591664
0t
0s
0r
1y
0c
0i
#10592886
1t
0s
0r
1y
0c
0i
#10594975
0t
0s
0r
1y
0c
0i
#10596213
1t
0s
0r
1y
0c
0i
#10598270
0t
0s
0r
1y
0c
0i
#10599474
1t
0s
0r
1y
0c
0i
#10601500
0t
0s
0r
1y
0c
0i
#10602713
1t
0s
0r
1y
0c
0i
#10604795
0t
0s
0r
1y
0c
0i
#10606041
1t
0s
0r
1y
0c
0i
#10608213
0t
0s
0r
1y
0c
0i
#10609513
1t
0s
0r
1y
0c
0i
#10611720
0t
0s
0r
1y
0c
0i
#10613013
1t
0s
0r
1y
0c
1i
#10615194
0t
0s
0r
1y
0c
1i
#10616512
1t
0s
0r
1y
0c
1i
#10618792
0t
0s
0r
1y
0c
1i
#10620157
1t
0s
0r
1y
0c
1i
#10622544
0t
0s
0r
1y
0c
1i
#10623952
1t
0s
0r
1y
1c
1i
#10626331
0t
0s
0r
1y
1c
0i
#10627764
1t
0s
0r
1y
1c
0i
#10630161
0t
0s
0r
1y
1c
0i
#10631601
1t
0s
0r
1y
1c
0i
#10634021
0t
0s
0r
1y
1c
0i
#10635442
1t
0s
0r
1y
1c
0i
#10637783
0t
0s
0r
1y
1c
0i
#10639166
1t
0s
0r
1y
1c
0i
#10641404
0t
0s
0r
1y
1c
0i
#10642718
1t
0s
0r
1y
1c
0i
#10644848
0t
0s
0r
1y
1c
0i
#10646092
1t
0s
0r
1y
1c
0i
#10648106
0t
0s
0r
1y
1c
0i
#10649302
1t
0s
0r
1y
1c
0i
#10651246
0t
0s
0r
1y
1c
0i
#10652395
1t
0s
0r
1y
1c
0i
#10654300
0t
0s
0r
1y
1c
0i
#10655419
1t
0s
0r
1y
1c
0i
#10657285
0t
0s
0r
1y
1c
0i
#10658395
1t
0s
0r
1y
1c
0i
#10660249
0t
0s
0r
1y
1c
0i
#10661347
1t
0s
0r
1y
1c
0i
#10663189
0t
0s
0r
1y
1c
0i
#10664279
1t
0s
0r
1y
1c
0i
#10666099
0t
0s
0r
1y
1c
0i
#10667189
1t
0s
0r
1y
1c
0i
#10669011
0t
0s
0r
1y
1c
0i
#10670097
1t
0s
0r
1y
1c
0i
#10671928
0t
0s
0r
1y
1c
0i
#10673013
1t
0s
0r
1y
1c
0i
#10677727
0t
0s
0r
1y
1c
0i
#10680829
1t
0s
0r
1y
1c
0i
#10683780
0t
0s
0r
1y
1c
0i
#10684842
1t
0s
0r
1y
1c
0i
#10686740
0t
0s
0r
1y
1c
0i
#10687882
1t
0s
0r
1y
1c
0i
#10689814
0t
0s
0r
1y
1c
0i
#10690970
1t
0s
0r
1y
1c
0i
#10692940
0t
0s
0r
1y
1c
0i
#10694123
1t
0s
0r
1y
1c
0i
#10696141
0t
0s
0r
1y
1c
0i
#10697353
1t
0s
0r
1y
1c
0i
#10699440
0t
0s
0r
1y
1c
0i
#10700685
1t
0s
0r
1y
1c
0i
#10702820
0t
0s
0r
1y
1c
0i
#10704094
1t
0s
0r
1y
1c
0i
#10706186
0t
0s
0r
1y
1c
0i
#10707420
1t
0s
0r
1y
1c
0i
#10709483
0t
0s
0r
1y
1c
0i
#10710726
1t
0s
0r
1y
1c
1i
#10712884
0t
0s
0r
1y
1c
1i
#10714199
1t
0s
0r
1y
1c
1i
#10716504
0t
0s
0r
1y
1c
1i
#10717893
1t
0s
0r
1y
1c
1i
#10720213
0t
0s
0r
1y
1c
1i
#10721566
1t
0s
0r
1y
0c
1i
#10723804
0t
0s
0r
1y
0c
0i
#10725162
1t
0s
0r
1y
0c
0i
#10727471
0t
0s
0r
1y
0c
0i
#10728852
1t
0s
0r
1y
0c
0i
#10731195
0t
0s
0r
1y
0c
0i
#10732572
1t
0s
0r
1y
0c
0i
#10734839
0t
0s
0r
1y
0c
0i
#10736181
1t
0s
0r
1y
0c
0i
#10738364
0t
0s
0r
1y
0c
0i
#10739645
1t
0s
0r
1y
0c
0i
#10741731
0t
0s
0r
1y
0c
0i
#10742948
1t
0s
0r
1y
0c
0i
#10744934
0t
0s
0r
1y
0c
0i
#10746109
1t
0s
0r
1y
0c
0i
#10748032
0t
0s
0r
1y
0c
0i
#10749164
1t
0s
0r
1y
0c
0i
#10751051
0t
0s
0r
1y
0c
0i
#10752154
1t
0s
0r
1y
0c
0i
#10754004
0t
0s
0r
1y
0c
0i
#10755099
1t
0s
0r
1y
0c
0i
#10756938
0t
0s
0r
1y
0c
0i
#10758025
1t
0s
0r
1y
0c
0i
#10759861
0t
0s
0r
1y
0c
0i
#10760939
1t
0s
0r
1y
0c
0i
#10762756
0t
0s
0r
1y
0c
0i
#10763837
1t
0s
0r
1y
0c
0i
#10765660
0t
0s
0r
1y
0c
0i
#10766738
1t
0s
0r
1y
0c
0i
#10768573
0t
0s
0r
1y
0c
0i
#10769651
1t
0s
0r
1y
0c
0i
#10771485
0t
0s
0r
1y
0c
0i
#10772576
1t
0s
0r
1y
0c
0i
#10774425
0t
0s
0r
1y
0c
0i
#10775524
1t
0s
0r
1y
0c
0i
#10777399
0t
0s
0r
1y
0c
0i
#10778503
1t
0s
0r
1y
0c
0i
#10780386
0t
0s
0r
1y
0c
0i
#10781510
1t
0s
0r
1y
0c
0i
#10783423
0t
0s
0r
1y
0c
0i
#10784560
1t
0s
0r
1y
0c
0i
#10786513
0t
0s
0r
1y
0c
0i
#10787668
1t
0s
0r
1y
0c
0i
#10789646
0t
0s
0r
1y
0c
0i
#10790832
1t
0s
0r
1y
0c
0i
#10792864
0t
0s
0r
1y
0c
0i
#10794079
1t
0s
0r
1y
0c
0i
#10796178
0t
0s
0r
1y
0c
0i
#10797423
1t
0s
0r
1y
0c
0i
#10799524
0t
0s
0r
1y
0c
0i
#10800757
1t
0s
0r
1y
0c
0i
#10802804
0t
0s
0r
1y
0c
0i
#10804021
1t
0s
0r
1y
0c
0i
#10806106
0t
0s
0r
1y
0c
0i
#10807360
1t
0s
0r
1y
0c
1i
#10809543
0t
0s
0r
1y
0c
1i
#10810865
1t
0s
0r
1y
0c
1i
#10813130
0t
0s
0r
1y
0c
1i
#10814455
1t
0s
0r
1y
0c
1i
#10816706
0t
0s
0r
1y
0c
1i
#10818043
1t
0s
0r
1y
1c
1i
#10820328
0t
0s
0r
1y
1c
0i
#10821708
1t
0s
0r
1y
1c
0i
#10824053
0t
0s
0r
1y
1c
0i
#10825453
1t
0s
0r
1y
1c
0i
#10827780
0t
0s
0r
1y
1c
0i
#10829152
1t
0s
0r
1y
1c
0i
#10831394
0t
0s
0r
1y
1c
0i
#10832727
1t
0s
0r
1y
1c
0i
#10834885
0t
0s
0r
1y
1c
0i
#10836156
1t
0s
0r
1y
1c
0i
#10838223
0t
0s
0r
1y
1c
0i
#10839434
1t
0s
0r
1y
1c
0i
#10841400
0t
0s
0r
1y
1c
0i
#10842567
1t
0s
0r
1y
1c
0i
#10844472
0t
0s
0r
1y
1c
0i
#10845595
1t
0s
0r
1y
1c
0i
#10847464
0t
0s
0r
1y
1c
0i
#10848561
1t
0s
0r
1y
1c
0i
#10850392
0t
0s
0r
1y
1c
0i
#10851485
1t
0s
0r
1y
1c
0i
#10853306
0t
0s
0r
1y
1c
0i
#10854389
1t
0s
0r
1y
1c
0i
#10856203
0t
0s
0r
1y
1c
0i
#10857278
1t
0s
0r
1y
1c
0i
#10859072
0t
0s
0r
1y
1c
0i
#10860147
1t
0s
0r
1y
1c
0i
#10861945
0t
0s
0r
1y
1c
0i
#10863017
1t
0s
0r
1y
1c
0i
#10864825
0t
0s
0r
1y
1c
0i
#10865896
1t
0s
0r
1y
1c
0i
#10870551
0t
0s
0r
1y
1c
0i
#10873615
1t
0s
0r
1y
1c
0i
#10876525
0t
0s
0r
1y
1c
0i
#10877573
1t
0s
0r
1y
1c
0i
#10879444
0t
0s
0r
1y
1c
0i
#10880569
1t
0s
0r
1y
1c
0i
#10882471
0t
0s
0r
1y
1c
0i
#10883609
1t
0s
0r
1y
1c
0i
#10885547
0t
0s
0r
1y
1c
0i
#10886710
1t
0s
0r
1y
1c
0i
#10888692
0t
0s
0r
1y
1c
0i
#10889880
1t
0s
0r
1y
1c
0i
#10891927
0t
0s
0r
1y
1c
0i
#10893148
1t
0s
0r
1y
1c
0i
#10895244
0t
0s
0r
1y
1c
0i
#10896499
1t
0s
0r
1y
1c
0i
#10898587
0t
0s
0r
1y
1c
0i
#10899815
1t
0s
0r
1y
1c
0i
#10901855
0t
0s
0r
1y
1c
0i
#10903077
1t
0s
0r
1y
1c
0i
#10905178
0t
0s
0r
1y
1c
0i
#10906458
1t
0s
0r
1y
1c
0i
#10908698
0t
0s
0r
1y
1c
0i
#10910043
1t
0s
0r
1y
1c
0i
#10912315
0t
0s
0r
1y
0c
1i
#10913650
1t
0s
0r
1y
0c
1i
#10915860
0t
0s
0r
1y
0c
1i
#10917202
1t
0s
0r
1y
0c
1i
#10919473
0t
0s
0r
1y
0c
1i
#10920107
0t
0s
1r
1y
0c
1i
#10920110
0t
0s
0r
1y
0c
1i
#10920834
1t
0s
0r
1y
0c
1i
#10923136
0t
0s
0r
1y
0c
0i
#10924481
1t
0s
0r
1y
0c
0i
#10926593
0t
0s
0r
1y
0c
0i
#10927803
1t
0s
0r
1y
0c
0i
#10929641
0t
0s
0r
1y
0c
0i
#10930691
1t
0s
0r
1y
0c
0i
#10932316
0t
0s
0r
1y
0c
0i
#10933243
1t
0s
0r
1y
0c
0i
#10934707
0t
0s
0r
1y
0c
0i
#10935565
1t
0s
0r
1y
0c
0i
#10936933
0t
0s
0r
1y
0c
0i
#10937736
1t
0s
0r
1y
0c
0i
#10939045
0t
0s
0r
1y
0c
0i
#10939808
1t
0s
0r
1y
0c
0i
#10941061
0t
0s
0r
1y
0c
0i
#10941800
1t
0s
0r
1y
0c
0i
#10943019
0t
0s
0r
1y
0c
0i
#10943731
1t
0s
0r
1y
0c
0i
#10944926
0t
0s
0r
1y
0c
0i
#10945619
1t
0s
0r
1y
0c
0i
#10946779
0t
0s
0r
1y
0c
0i
#10947462
1t
0s
0r
1y
0c
0i
#10948603
0t
0s
0r
1y
0c
0i
#10949274
1t
0s
0r
1y
0c
0i
#10950402
0t
0s
0r
1y
0c
0i
#10951062
1t
0s
0r
1y
0c
0i
#10952174
0t
0s
0r
1y
0c
0i
#10952830
1t
0s
0r
1y
0c
0i
#10953935
0t
0s
0r
1y
0c
0i
#10954587
1t
0s
0r
1y
0c
0i
#10955690
0t
0s
0r
1y
0c
0i
#10956336
1t
0s
0r
1y
0c
0i
#10957428
0t
0s
0r
1y
0c
0i
#10958076
1t
0s
0r
1y
0c
0i
#10959169
0t
0s
0r
1y
0c
0i
#10959815
1t
0s
0r
1y
0c
0i
#10960914
0t
0s
0r
1y
0c
0i
#10961558
1t
0s
0r
1y
0c
0i
#10962653
0t
0s
0r
1y
0c
0i
#10963304
1t
0s
0r
1y
0c
0i
#10964405
0t
0s
0r
1y
0c
0i
#10965057
1t
0s
0r
1y
0c
0i
#10966169
0t
0s
0r
1y
0c
0i
#10966824
1t
0s
0r
1y
0c
0i
#10967939
0t
0s
0r
1y
0c
0i
#10968603
1t
0s
0r
1y
0c
0i
#10969733
0t
0s
0r
1y
0c
0i
#10970403
1t
0s
0r
1y
0c
0i
#10971552
0t
0s
0r
1y
0c
0i
#10972232
1t
0s
0r
1y
0c
0i
#10973391
0t
0s
0r
1y
0c
0i
#10974085
1t
0s
0r
1y
0c
0i
#10975271
0t
0s
0r
1y
0c
0i
#10975975
1t
0s
0r
1y
0c
0i
#10977190
0t
0s
0r
1y
0c
1i
#10977907
1t
0s
0r
1y
1c
1i
#10979135
0t
0s
0r
1y
1c
1i
#10979868
1t
0s
0r
1y
1c
1i
#10981115
0t
0s
0r
1y
1c
1i
#10981852
1t
0s
0r
1y
1c
1i
#10983106
0t
0s
0r
1y
1c
1i
#10983841
1t
0s
0r
1y
1c
1i
#10985075
0t
0s
0r
1y
1c
1i
#10985806
1t
0s
0r
1y
1c
1i
#10987024
0t
0s
0r
1y
1c
1i
#10987740
1t
0s
0r
1y
1c
0i
#10988939
0t
0s
0r
1y
1c
0i
#10989640
1t
0s
0r
1y
1c
0i
#10990809
0t
0s
0r
1y
1c
0i
#10991503
1t
0s
0r
1y
1c
0i
#10992656
0t
0s
0r
1y
1c
0i
#10993336
1t
0s
0r
1y
1c
0i
#10994478
0t
0s
0r
1y
1c
0i
#10995149
1t
0s
0r
1y
1c
0i
#10996271
0t
0s
0r
1y
1c
0i
#10996939
1t
0s
0r
1y
1c
0i
#10998056
0t
0s
0r
1y
1c
0i
#10998717
1t
0s
0r
1y
1c
0i
#10999833
0t
0s
0r
1y
1c
0i
#11000491
1t
0s
0r
1y
1c
0i
#11001595
0t
0s
0r
1y
1c
0i
#11002255
1t
0s
0r
1y
1c
0i
#11003362
0t
0s
0r
1y
1c
0i
#11004019
1t
0s
0r
1y
1c
0i
#11005132
0t
0s
0r
1y
1c
0i
#11005789
1t
0s
0r
1y
1c
0i
#11008638
0t
0s
0r
1y
1c
0i
#11010562
1t
0s
0r
1y
1c
0i
#11012268
0t
0s
0r
1y
1c
0i
#11012896
1t
0s
0r
1y
1c
0i
#11014022
0t
0s
0r
1y
1c
0i
#11014694
1t
0s
0r
1y
1c
0i
#11015828
0t
0s
0r
1y
1c
0i
#11016501
1t
0s
0r
1y
1c
0i
#11017643
0t
0s
0r
1y
1c
0i
#11018323
1t
0s
0r
1y
1c
0i
#11019474
0t
0s
0r
1y
1c
0i
#11020159
1t
0s
0r
1y
1c
0i
#11021328
0t
0s
0r
1y
1c
0i
#11022018
1t
0s
0r
1y
1c
0i
#11023193
0t
0s
0r
1y
1c
0i
#11023897
1t
0s
0r
1y
1c
0i
#11025094
0t
0s
0r
1y
1c
0i
#11025807
1t
0s
0r
1y
1c
0i
#11027030
0t
0s
0r
1y
1c
0i
#11027757
1t
0s
0r
1y
1c
0i
#11028998
0t
0s
0r
1y
1c
0i
#11029743
1t
0s
0r
1y
1c
0i
#11031018
0t
0s
0r
1y
1c
0i
#11031778
1t
0s
0r
1y
1c
0i
#11033090
0t
0s
0r
1y
1c
1i
#11033867
1t
0s
0r
1y
0c
1i
#11035199
0t
0s
0r
1y
0c
1i
#11035996
1t
0s
0r
1y
0c
1i
#11037351
0t
0s
0r
1y
0c
1i
#11038157
1t
0s
0r
1y
0c
1i
#11039522
0t
0s
0r
1y
0c
1i
#11040325
1t
0s
0r
1y
0c
1i
#11041670
0t
0s
0r
1y
0c
1i
#11042467
1t
0s
0r
1y
0c
1i
#11043794
0t
0s
0r
1y
0c
0i
#11044574
1t
0s
0r
1y
0c
0i
#11045882
0t
0s
0r
1y
0c
0i
#11046644
1t
0s
0r
1y
0c
0i
#11047917
0t
0s
0r
1y
0c
0i
#11048670
1t
0s
0r
1y
0c
0i
#11049925
0t
0s
0r
1y
0c
0i
#11050662
1t
0s
0r
1y
0c
0i
#11051905
0t
0s
0r
1y
0c
0i
#11052631
1t
0s
0r
1y
0c
0i
#11053855
0t
0s
0r
1y
0c
0i
#11054578
1t
0s
0r
1y
0c
0i
#11055794
0t
0s
0r
1y
0c
0i
#11056510
1t
0s
0r
1y
0c
0i
#11057725
0t
0s
0r
1y
0c
0i
#11058435
1t
0s
0r
1y
0c
0i
#11059639
0t
0s
0r
1y
0c
0i
#11060352
1t
0s
0r
1y
0c
0i
#11061558
0t
0s
0r
1y
0c
0i
#11062268
1t
0s
0r
1y
0c
0i
#11063478
0t
0s
0r
1y
0c
0i
#11064187
1t
0s
0r
1y
0c
0i
#11065392
0t
0s
0r
1y
0c
0i
#11066105
1t
0s
0r
1y
0c
0i
#11067315
0t
0s
0r
1y
0c
0i
#11068031
1t
0s
0r
1y
0c
0i
#11069249
0t
0s
0r
1y
0c
0i
#11069964
1t
0s
0r
1y
0c
0i
#11071181
0t
0s
0r
1y
0c
0i
#11071904
1t
0s
0r
1y
0c
0i
#11073131
0t
0s
0r
1y
0c
0i
#11073856
1t
0s
0r
1y
0c
0i
#11075097
0t
0s
0r
1y
0c
0i
#11075825
1t
0s
0r
1y
0c
0i
#11077068
0t
0s
0r
1y
0c
0i
#11077808
1t
0s
0r
1y
0c
0i
#11079065
0t
0s
0r
1y
0c
0i
#11079811
1t
0s
0r
1y
0c
0i
#11081089
0t
0s
0r
1y
0c
0i
#11081842
1t
0s
0r
1y
0c
0i
#11083131
0t
0s
0r
1y
0c
0i
#11083900
1t
0s
0r
1y
0c
0i
#11085215
0t
0s
0r
1y
0c
0i
#11085997
1t
0s
0r
1y
0c
0i
#11087345
0t
0s
0r
1y
0c
0i
#11088145
1t
0s
0r
1y
0c
0i
#11089516
0t
0s
0r
1y
0c
0i
#11090341
1t
0s
0r
1y
0c
0i
#11091757
0t
0s
0r
1y
0c
0i
#11092603
1t
0s
0r
1y
0c
0i
#11094067
0t
0s
0r
1y
0c
1i
#11094938
1t
0s
0r
1y
1c
1i
#11096430
0t
0s
0r
1y
1c
1i
#11097330
1t
0s
0r
1y
1c
1i
#11098853
0t
0s
0r
1y
1c
1i
#11099765
1t
0s
0r
1y
1c
1i
#11101300
0t
0s
0r
1y
1c
1i
#11102211
1t
0s
0r
1y
1c
1i
#11103720
0t
0s
0r
1y
1c
1i
#11104623
1t
0s
0r
1y
1c
0i
#11106105
0t
0s
0r
1y
1c
0i
#11106987
1t
0s
0r
1y
1c
0i
#11108438
0t
0s
0r
1y
1c
0i
#11109296
1t
0s
0r
1y
1c
0i
#11110703
0t
0s
0r
1y
1c
0i
#11111548
1t
0s
0r
1y
1c
0i
#11112930
0t
0s
0r
1y
1c
0i
#11113754
1t
0s
0r
1y
1c
0i
#11115118
0t
0s
0r
1y
1c
0i
#11115927
1t
0s
0r
1y
1c
0i
#11117266
0t
0s
0r
1y
1c
0i
#11118068
1t
0s
0r
1y
1c
0i
#11119400
0t
0s
0r
1y
1c
0i
#11120193
1t
0s
0r
1y
1c
0i
#11121522
0t
0s
0r
1y
1c
0i
#11122308
1t
0s
0r
1y
1c
0i
#11123627
0t
0s
0r
1y
1c
0i
#11124412
1t
0s
0r
1y
1c
0i
#11125733
0t
0s
0r
1y
1c
0i
#11126516
1t
0s
0r
1y
1c
0i
#11127842
0t
0s
0r
1y
1c
0i
#11128623
1t
0s
0r
1y
1c
0i
#11132021
0t
0s
0r
1y
1c
0i
#11134299
1t
0s
0r
1y
1c
0i
#11136362
0t
0s
0r
1y
1c
0i
#11137114
1t
0s
0r
1y
1c
0i
#11138463
0t
0s
0r
1y
1c
0i
#11139271
1t
0s
0r
1y
1c
0i
#11140632
0t
0s
0r
1y
1c
0i
#11141444
1t
0s
0r
1y
1c
0i
#11142818
0t
0s
0r
1y
1c
0i
#11143641
1t
0s
0r
1y
1c
0i
#11145031
0t
0s
0r
1y
1c
0i
#11145862
1t
0s
0r
1y
1c
0i
#11147278
0t
0s
0r
1y
1c
0i
#11148120
1t
0s
0r
1y
1c
0i
#11149550
0t
0s
0r
1y
1c
0i
#11150412
1t
0s
0r
1y
1c
0i
#11151876
0t
0s
0r
1y
1c
0i
#11152757
1t
0s
0r
1y
1c
0i
#11154261
0t
0s
0r
1y
1c
0i
#11155167
1t
0s
0r
1y
1c
0i
#11156706
0t
0s
0r
1y
1c
0i
#11157644
1t
0s
0r
1y
1c
0i
#11159241
0t
0s
0r
1y
1c
0i
#11160209
1t
0s
0r
1y
1c
1i
#11161873
0t
0s
0r
1y
0c
1i
#11162868
1t
0s
0r
1y
0c
1i
#11164578
0t
0s
0r
1y
0c
1i
#11165445
0t
0s
1r
1y
0c
1i
#11165448
0t
0s
0r
1y
0c
1i
#11165603
1t
0s
0r
1y
0c
1i
#11167351
0t
0s
0r
1y
0c
1i
#11168387
1t
0s
0r
1y
0c
1i
#11170118
0t
0s
0r
1y
0c
1i
#11171127
1t
0s
0r
1y
0c
1i
#11172753
0t
0s
0r
1y
0c
0i
#11173708
1t
0s
0r
1y
0c
0i
#11175209
0t
0s
0r
1y
0c
0i
#11176081
1t
0s
0r
1y
0c
0i
#11177454
0t
0s
0r
1y
0c
0i
#11178244
1t
0s
0r
1y
0c
0i
#11179499
0t
0s
0r
1y
0c
0i
#11180237
1t
0s
0r
1y
0c
0i
#11181416
0t
0s
0r
1y
0c
0i
#11182104
1t
0s
0r
1y
0c
0i
#11183235
0t
0s
0r
1y
0c
0i
#11183888
1t
0s
0r
1y
0c
0i
#11184973
0t
0s
0r
1y
0c
0i
#11185611
1t
0s
0r
1y
0c
0i
#11186670
0t
0s
0r
1y
0c
0i
#11187294
1t
0s
0r
1y
0c
0i
#11188341
0t
0s
0r
1y
0c
0i
#11188952
1t
0s
0r
1y
0c
0i
#11189981
0t
0s
0r
1y
0c
0i
#11190588
1t
0s
0r
1y
0c
0i
#11191608
0t
0s
0r
1y
0c
0i
#11192208
1t
0s
0r
1y
0c
0i
#11193221
0t
0s
0r
1y
0c
0i
#11193814
1t
0s
0r
1y
0c
0i
#11194814
0t
0s
0r
1y
0c
0i
#11195404
1t
0s
0r
1y
0c
0i
#11196397
0t
0s
0r
1y
0c
0i
#11196984
1t
0s
0r
1y
0c
0i
#11197975
0t
0s
0r
1y
0c
0i
#11198556
1t
0s
0r
1y
0c
0i
#11199538
0t
0s
0r
1y
0c
0i
#11200121
1t
0s
0r
1y
0c
0i
#11201105
0t
0s
0r
1y
0c
0i
#11201685
1t
0s
0r
1y
0c
0i
#11202672
0t
0s
0r
1y
0c
0i
#11203251
1t
0s
0r
1y
0c
0i
#11204233
0t
0s
0r
1y
0c
0i
#11204817
1t
0s
0r
1y
0c
0i
#11205804
0t
0s
0r
1y
0c
0i
#11206388
1t
0s
0r
1y
0c
0i
#11207384
0t
0s
0r
1y
0c
0i
#11207970
1t
0s
0r
1y
0c
0i
#11208965
0t
0s
0r
1y
0c
0i
#11209558
1t
0s
0r
1y
0c
0i
#11210565
0t
0s
0r
1y
0c
0i
#11211162
1t
0s
0r
1y
0c
0i
#11212183
0t
0s
0r
1y
0c
0i
#11212787
1t
0s
0r
1y
0c
0i
#11213814
0t
0s
0r
1y
0c
0i
#11214428
1t
0s
0r
1y
0c
0i
#11215474
0t
0s
0r
1y
0c
0i
#11216096
1t
0s
0r
1y
0c
0i
#11217163
0t
0s
0r
1y
0c
1i
#11217793
1t
0s
0r
1y
1c
1i
#11218868
0t
0s
0r
1y
1c
1i
#11219510
1t
0s
0r
1y
1c
1i
#11220599
0t
0s
0r
1y
1c
1i
#11221244
1t
0s
0r
1y
1c
1i
#11222340
0t
0s
0r
1y
1c
1i
#11222983
1t
0s
0r
1y
1c
1i
#11224064
0t
0s
0r
1y
1c
1i
#11224705
1t
0s
0r
1y
1c
1i
#11225777
0t
0s
0r
1y
1c
1i
#11226409
1t
0s
0r
1y
1c
1i
#11227469
0t
0s
0r
1y
1c
1i
#11228090
1t
0s
0r
1y
1c
1i
#11229127
0t
0s
0r
1y
1c
1i
#11229744
1t
0s
0r
1y
1c
0i
#11230771
0t
0s
0r
1y
1c
0i
#11231378
1t
0s
0r
1y
1c
0i
#11232399
0t
0s
0r
1y
1c
0i
#11232998
1t
0s
0r
1y
1c
0i
#11234003
0t
0s
0r
1y
1c
0i
#11234601
1t
0s
0r
1y
1c
0i
#11235601
0t
0s
0r
1y
1c
0i
#11236194
1t
0s
0r
1y
1c
0i
#11237194
0t
0s
0r
1y
1c
0i
#11237785
1t
0s
0r
1y
1c
0i
#11238775
0t
0s
0r
1y
1c
0i
#11239366
1t
0s
0r
1y
1c
0i
#11240356
0t
0s
0r
1y
1c
0i
#11240945
1t
0s
0r
1y
1c
0i
#11241939
0t
0s
0r
1y
1c
0i
#11242526
1t
0s
0r
1y
1c
0i
#11245065
0t
0s
0r
1y
1c
0i
#11246789
1t
0s
0r
1y
1c
0i
#11248285
0t
0s
0r
1y
1c
0i
#11248850
1t
0s
0r
1y
1c
0i
#11249849
0t
0s
0r
1y
1c
0i
#11250445
1t
0s
0r
1y
1c
0i
#11251448
0t
0s
0r
1y
1c
0i
#11252045
1t
0s
0r
1y
1c
0i
#11253053
0t
0s
0r
1y
1c
0i
#11253653
1t
0s
0r
1y
1c
0i
#11254666
0t
0s
0r
1y
1c
0i
#11255269
1t
0s
0r
1y
1c
0i
#11256295
0t
0s
0r
1y
1c
0i
#11256900
1t
0s
0r
1y
1c
0i
#11257928
0t
0s
0r
1y
1c
0i
#11258541
1t
0s
0r
1y
1c
0i
#11259582
0t
0s
0r
1y
1c
0i
#11260202
1t
0s
0r
1y
1c
0i
#11261260
0t
0s
0r
1y
1c
0i
#11261888
1t
0s
0r
1y
1c
0i
#11262955
0t
0s
0r
1y
1c
0i
#11263595
1t
0s
0r
1y
1c
0i
#11264683
0t
0s
0r
1y
1c
0i
#11265332
1t
0s
0r
1y
1c
0i
#11266446
0t
0s
0r
1y
0c
1i
#11267103
1t
0s
0r
1y
0c
1i
#11268228
0t
0s
0r
1y
0c
1i
#11268899
1t
0s
0r
1y
0c
1i
#11270038
0t
0s
0r
1y
0c
1i
#11270714
1t
0s
0r
1y
0c
1i
#11271862
0t
0s
0r
1y
0c
1i
#11272537
1t
0s
0r
1y
0c
1i
#11273672
0t
0s
0r
1y
0c
1i
#11274345
1t
0s
0r
1y
0c
1i
#11275470
0t
0s
0r
1y
0c
1i
#11276133
1t
0s
0r
1y
0c
1i
#11277249
0t
0s
0r
1y
0c
1i
#11277901
1t
0s
0r
1y
0c
1i
#11278994
0t
0s
0r
1y
0c
0i
#11279644
1t
0s
0r
1y
0c
0i
#11280726
0t
0s
0r
1y
0c
0i
#11281366
1t
0s
0r
1y
0c
0i
#11282443
0t
0s
0r
1y
0c
0i
#11283075
1t
0s
0r
1y
0c
0i
#11284139
0t
0s
0r
1y
0c
0i
#11284770
1t
0s
0r
1y
0c
0i
#11285832
0t
0s
0r
1y
0c
0i
#11286458
1t
0s
0r
1y
0c
0i
#11287522
0t
0s
0r
1y
0c
0i
#11288145
1t
0s
0r
1y
0c
0i
#11289200
0t
0s
0r
1y
0c
0i
#11289826
1t
0s
0r
1y
0c
0i
#11290884
0t
0s
0r
1y
0c
0i
#11291509
1t
0s
0r
1y
0c
0i
#11292573
0t
0s
0r
1y
0c
0i
#11293195
1t
0s
0r
1y
0c
0i
#11294255
0t
0s
0r
1y
0c
0i
#11294883
1t
0s
0r
1y
0c
0i
#11295946
0t
0s
0r
1y
0c
0i
#11296576
1t
0s
0r
1y
0c
0i
#11297647
0t
0s
0r
1y
0c
0i
#11298275
1t
0s
0r
1y
0c
0i
#11299343
0t
0s
0r
1y
0c
0i
#11299977
1t
0s
0r
1y
0c
0i
#11301053
0t
0s
0r
1y
0c
0i
#11301689
1t
0s
0r
1y
0c
0i
#11302774
0t
0s
0r
1y
0c
0i
#11303411
1t
0s
0r
1y
0c
0i
#11304495
0t
0s
0r
1y
0c
0i
#11305141
1t
0s
0r
1y
0c
0i
#11306235
0t
0s
0r
1y
0c
0i
#11306884
1t
0s
0r
1y
0c
0i
#11307992
0t
0s
0r
1y
0c
0i
#11308644
1t
0s
0r
1y
0c
0i
#11309757
0t
0s
0r
1y
0c
0i
#11310419
1t
0s
0r
1y
0c
0i
#11311548
0t
0s
0r
1y
0c
0i
#11312218
1t
0s
0r
1y
0c
0i
#11313366
0t
0s
0r
1y
0c
0i
#11314046
1t
0s
0r
1y
0c
0i
#11315206
0t
0s
0r
1y
0c
0i
#11315900
1t
0s
0r
1y
0c
0i
#11317085
0t
0s
0r
1y
0c
0i
#11317790
1t
0s
0r
1y
0c
0i
#11319003
0t
0s
0r
1y
1c
1i
#11319719
1t
0s
0r
1y
1c
1i
#11320945
0t
0s
0r
1y
1c
1i
#11321676
1t
0s
0r
1y
1c
1i
#11322918
0t
0s
0r
1y
1c
1i
#11323654
1t
0s
0r
1y
1c
1i
#11324903
0t
0s
0r
1y
1c
1i
#11325635
1t
0s
0r
1y
1c
1i
#11326866
0t
0s
0r
1y
1c
1i
#11327595
1t
0s
0r
1y
1c
1i
#11328811
0t
0s
0r
1y
1c
1i
#11329526
1t
0s
0r
1y
1c
1i
#11330726
0t
0s
0r
1y
1c
0i
#11331429
1t
0s
0r
1y
1c
0i
#11332600
0t
0s
0r
1y
1c
0i
#11333296
1t
0s
0r
1y
1c
0i
#11334453
0t
0s
0r
1y
1c
0i
#11335138
1t
0s
0r
1y
1c
0i
#11336286
0t
0s
0r
1y
1c
0i
#11336961
1t
0s
0r
1y
1c
0i
#11338092
0t
0s
0r
1y
1c
0i
#11338766
1t
0s
0r
1y
1c
0i
#11339893
0t
0s
0r
1y
1c
0i
#11340561
1t
0s
0r
1y
1c
0i
#11341688
0t
0s
0r
1y
1c
0i
#11342353
1t
0s
0r
1y
1c
0i
#11343470
0t
0s
0r
1y
1c
0i
#11344138
1t
0s
0r
1y
1c
0i
#11345257
0t
0s
0r
1y
1c
0i
#11345923
1t
0s
0r
1y
1c
0i
#11347048
0t
0s
0r
1y
1c
0i
#11347713
1t
0s
0r
1y
1c
0i
#11350598
0t
0s
0r
1y
1c
0i
#11352550
1t
0s
0r
1y
1c
0i
#11354278
0t
0s
0r
1y
1c
0i
#11354915
1t
0s
0r
1y
1c
0i
#11356058
0t
0s
0r
1y
1c
0i
#11356740
1t
0s
0r
1y
1c
0i
#11357891
0t
0s
0r
1y
1c
0i
#11358575
1t
0s
0r
1y
1c
0i
#11359735
0t
0s
0r
1y
1c
0i
#11360426
1t
0s
0r
1y
1c
0i
#11361596
0t
0s
0r
1y
1c
0i
#11362293
1t
0s
0r
1y
1c
0i
#11363480
0t
0s
0r
1y
1c
0i
#11364182
1t
0s
0r
1y
1c
0i
#11365376
0t
0s
0r
1y
1c
0i
#11366091
1t
0s
0r
1y
1c
0i
#11367307
0t
0s
0r
1y
1c
0i
#11368031
1t
0s
0r
1y
1c
0i
#11369273
0t
0s
0r
1y
1c
1i
#11370011
1t
0s
0r
1y
1c
1i
#11371269
0t
0s
0r
1y
0c
1i
#11372025
1t
0s
0r
1y
0c
1i
#11373317
0t
0s
0r
1y
0c
1i
#11374088
1t
0s
0r
1y
0c
1i
#11375416
0t
0s
0r
1y
0c
1i
#11376203
1t
0s
0r
1y
0c
1i
#11377551
0t
0s
0r
1y
0c
1i
#11378359
1t
0s
0r
1y
0c
1i
#11378628
1t
0s
1r
1y
0c
1i
#11378631
1t
0s
0r
1y
0c
1i
#11379735
0t
0s
0r
1y
0c
1i
#11380556
1t
0s
0r
1y
0c
1i
#11381947
0t
0s
0r
1y
0c
1i
#11382763
1t
0s
0r
1y
0c
0i
#11384102
0t
0s
0r
1y
0c
0i
#11384887
1t
0s
0r
1y
0c
0i
#11386153
0t
0s
0r
1y
0c
0i
#11386886
1t
0s
0r
1y
0c
0i
#11388077
0t
0s
0r
1y
0c
0i
#11388760
1t
0s
0r
1y
0c
0i
#11389872
0t
0s
0r
1y
0c
0i
#11390524
1t
0s
0r
1y
0c
0i
#11391581
0t
0s
0r
1y
0c
0i
#11392201
1t
0s
0r
1y
0c
0i
#11393220
0t
0s
0r
1y
0c
0i
#11393815
1t
0s
0r
1y
0c
0i
#11394799
0t
0s
0r
1y
0c
0i
#11395379
1t
0s
0r
1y
0c
0i
#11396344
0t
0s
0r
1y
0c
0i
#11396913
1t
0s
0r
1y
0c
0i
#11397867
0t
0s
0r
1y
0c
0i
#11398425
1t
0s
0r
1y
0c
0i
#11399364
0t
0s
0r
1y
0c
0i
#11399920
1t
0s
0r
1y
0c
0i
#11400855
0t
0s
0r
1y
0c
0i
#11401406
1t
0s
0r
1y
0c
0i
#11402339
0t
0s
0r
1y
0c
0i
#11402884
1t
0s
0r
1y
0c
0i
#11403805
0t
0s
0r
1y
0c
0i
#11404349
1t
0s
0r
1y
0c
0i
#11405266
0t
0s
0r
1y
0c
0i
#11405808
1t
0s
0r
1y
0c
0i
#11406723
0t
0s
0r
1y
0c
0i
#11407259
1t
0s
0r
1y
0c
0i
#11408165
0t
0s
0r
1y
0c
0i
#11408703
1t
0s
0r
1y
0c
0i
#11409609
0t
0s
0r
1y
0c
0i
#11410144
1t
0s
0r
1y
0c
0i
#11411053
0t
0s
0r
1y
0c
0i
#11411587
1t
0s
0r
1y
0c
0i
#11412490
0t
0s
0r
1y
0c
0i
#11413028
1t
0s
0r
1y
0c
0i
#11413935
0t
0s
0r
1y
0c
0i
#11414473
1t
0s
0r
1y
0c
0i
#11415387
0t
0s
0r
1y
0c
0i
#11415924
1t
0s
0r
1y
0c
0i
#11416836
0t
0s
0r
1y
0c
0i
#11417379
1t
0s
0r
1y
0c
0i
#11418300
0t
0s
0r
1y
0c
0i
#11418846
1t
0s
0r
1y
0c
0i
#11419778
0t
0s
0r
1y
0c
0i
#11420329
1t
0s
0r
1y
0c
1i
#11421263
0t
0s
0r
1y
1c
1i
#11421823
1t
0s
0r
1y
1c
1i
#11422772
0t
0s
0r
1y
1c
1i
#11423336
1t
0s
0r
1y
1c
1i
#11424302
0t
0s
0r
1y
1c
1i
#11424872
1t
0s
0r
1y
1c
1i
#11425843
0t
0s
0r
1y
1c
1i
#11426423
1t
0s
0r
1y
1c
1i
#11427408
0t
0s
0r
1y
1c
1i
#11427993
1t
0s
0r
1y
1c
1i
#11428986
0t
0s
0r
1y
1c
1i
#11429569
1t
0s
0r
1y
1c
1i
#11430538
0t
0s
0r
1y
1c
1i
#11431108
1t
0s
0r
1y
1c
1i
#11432043
0t
0s
0r
1y
1c
1i
#11432589
1t
0s
0r
1y
1c
1i
#11433485
0t
0s
0r
1y
1c
0i
#11434006
1t
0s
0r
1y
1c
0i
#11434856
0t
0s
0r
1y
1c
0i
#11435361
1t
0s
0r
1y
1c
0i
#11436176
0t
0s
0r
1y
1c
0i
#11436664
1t
0s
0r
1y
1c
0i
#11437456
0t
0s
0r
1y
1c
0i
#11437931
1t
0s
0r
1y
1c
0i
#11438696
0t
0s
0r
1y
1c
0i
#11439164
1t
0s
0r
1y
1c
0i
#11439916
0t
0s
0r
1y
1c
0i
#11440377
1t
0s
0r
1y
1c
0i
#11441121
0t
0s
0r
1y
1c
0i
#11441577
1t
0s
0r
1y
1c
0i
#11442307
0t
0s
0r
1y
1c
0i
#11442761
1t
0s
0r
1y
1c
0i
#11443487
0t
0s
0r
1y
1c
0i
#11443939
1t
0s
0r
1y
1c
0i
#11444664
0t
0s
0r
1y
1c
0i
#11445112
1t
0s
0r
1y
1c
0i
#11446973
0t
0s
0r
1y
1c
0i
#11448261
1t
0s
0r
1y
1c
0i
#11449320
0t
0s
0r
1y
1c
0i
#11449749
1t
0s
0r
1y
1c
0i
#11450459
0t
0s
0r
1y
1c
0i
#11450898
1t
0s
0r
1y
1c
0i
#11451604
0t
0s
0r
1y
1c
0i
#11452043
1t
0s
0r
1y
1c
0i
#11452748
0t
0s
0r
1y
1c
0i
#11453187
1t
0s
0r
1y
1c
0i
#11453890
0t
0s
0r
1y
1c
0i
#11454328
1t
0s
0r
1y
1c
0i
#11455035
0t
0s
0r
1y
1c
0i
#11455472
1t
0s
0r
1y
1c
0i
#11456175
0t
0s
0r
1y
1c
0i
#11456614
1t
0s
0r
1y
1c
0i
#11457321
0t
0s
0r
1y
1c
0i
#11457761
1t
0s
0r
1y
1c
0i
#11458472
0t
0s
0r
1y
1c
0i
#11458914
1t
0s
0r
1y
1c
0i
#11459625
0t
0s
0r
1y
0c
1i
#11460070
1t
0s
0r
1y
0c
1i
#11460786
0t
0s
0r
1y
0c
1i
#11461233
1t
0s
0r
1y
0c
1i
#11461958
0t
0s
0r
1y
0c
1i
#11462405
1t
0s
0r
1y
0c
1i
#11463132
0t
0s
0r
1y
0c
1i
#11463582
1t
0s
0r
1y
0c
1i
#11464313
0t
0s
0r
1y
0c
1i
#11464765
1t
0s
0r
1y
0c
1i
#11465500
0t
0s
0r
1y
0c
1i
#11465951
1t
0s
0r
1y
0c
1i
#11466680
0t
0s
0r
1y
0c
1i
#11467130
1t
0s
0r
1y
0c
1i
#11467857
0t
0s
0r
1y
0c
1i
#11468304
1t
0s
0r
1y
0c
1i
#11469030
0t
0s
0r
1y
0c
1i
#11469474
1t
0s
0r
1y
0c
1i
#11470190
0t
0s
0r
1y
0c
1i
#11470636
1t
0s
0r
1y
0c
1i
#11471349
0t
0s
0r
1y
0c
1i
#11471792
1t
0s
0r
1y
0c
0i
#11472507
0t
0s
0r
1y
0c
0i
#11472946
1t
0s
0r
1y
0c
0i
#11473655
0t
0s
0r
1y
0c
0i
#11474094
1t
0s
0r
1y
0c
0i
#11474803
0t
0s
0r
1y
0c
0i
#11475241
1t
0s
0r
1y
0c
0i
#11475953
0t
0s
0r
1y
0c
0i
#11476389
1t
0s
0r
1y
0c
0i
#11477097
0t
0s
0r
1y
0c
0i
#11477535
1t
0s
0r
1y
0c
0i
#11478244
0t
0s
0r
1y
0c
0i
#11478682
1t
0s
0r
1y
0c
0i
#11479395
0t
0s
0r
1y
0c
0i
#11479832
1t
0s
0r
1y
0c
0i
#11480542
0t
0s
0r
1y
0c
0i
#11480981
1t
0s
0r
1y
0c
0i
#11481692
0t
0s
0r
1y
0c
0i
#11482133
1t
0s
0r
1y
0c
0i
#11482846
0t
0s
0r
1y
0c
0i
#11483287
1t
0s
0r
1y
0c
0i
#11483997
0t
0s
0r
1y
0c
0i
#11484440
1t
0s
0r
1y
0c
0i
#11485153
0t
0s
0r
1y
0c
0i
#11485595
1t
0s
0r
1y
0c
0i
#11486313
0t
0s
0r
1y
0c
0i
#11486755
1t
0s
0r
1y
0c
0i
#11487469
0t
0s
0r
1y
0c
0i
#11487914
1t
0s
0r
1y
0c
0i
#11488632
0t
0s
0r
1y
0c
0i
#11489077
1t
0s
0r
1y
0c
0i
#11489799
0t
0s
0r
1y
0c
0i
#11490245
1t
0s
0r
1y
0c
0i
#11490965
0t
0s
0r
1y
0c
0i
#11491413
1t
0s
0r
1y
0c
0i
#11492138
0t
0s
0r
1y
0c
0i
#11492587
1t
0s
0r
1y
0c
0i
#11493317
0t
0s
0r
1y
0c
0i
#11493769
1t
0s
0r
1y
0c
0i
#11494497
0t
0s
0r
1y
1c
1i
#11494952
1t
0s
0r
1y
1c
1i
#11495687
0t
0s
0r
1y
1c
1i
#11496143
1t
0s
0r
1y
1c
1i
#11496886
0t
0s
0r
1y
1c
1i
#11497341
1t
0s
0r
1y
1c
1i
#11498084
0t
0s
0r
1y
1c
1i
#11498543
1t
0s
0r
1y
1c
1i
#11499288
0t
0s
0r
1y
1c
1i
#11499748
1t
0s
0r
1y
1c
1i
#11500498
0t
0s
0r
1y
1c
1i
#11500955
1t
0s
0r
1y
1c
1i
#11501699
0t
0s
0r
1y
1c
1i
#11502158
1t
0s
0r
1y
1c
1i
#11502901
0t
0s
0r
1y
1c
1i
#11503359
1t
0s
0r
1y
1c
1i
#11504103
0t
0s
0r
1y
1c
1i
#11504559
1t
0s
0r
1y
1c
1i
#11505295
0t
0s
0r
1y
1c
1i
#11505754
1t
0s
0r
1y
1c
1i
#11506491
0t
0s
0r
1y
1c
1i
#11506948
1t
0s
0r
1y
1c
1i
#11507687
0t
0s
0r
1y
1c
1i
#11508142
1t
0s
0r
1y
1c
0i
#11508876
0t
0s
0r
1y
1c
0i
#11509333
1t
0s
0r
1y
1c
0i
#11510070
0t
0s
0r
1y
1c
0i
#11510527
1t
0s
0r
1y
1c
0i
#11511266
0t
0s
0r
1y
1c
0i
#11511724
1t
0s
0r
1y
1c
0i
#11512460
0t
0s
0r
1y
1c
0i
#11512921
1t
0s
0r
1y
1c
0i
#11513660
0t
0s
0r
1y
1c
0i
#11514120
1t
0s
0r
1y
1c
0i
#11514864
0t
0s
0r
1y
1c
0i
#11515324
1t
0s
0r
1y
1c
0i
#11517251
0t
0s
0r
1y
1c
0i
#11518594
1t
0s
0r
1y
1c
0i
#11519712
0t
0s
0r
1y
1c
0i
#11520163
1t
0s
0r
1y
1c
0i
#11520920
0t
0s
0r
1y
1c
0i
#11521383
1t
0s
0r
1y
1c
0i
#11522141
0t
0s
0r
1y
1c
0i
#11522607
1t
0s
0r
1y
1c
0i
#11523367
0t
0s
0r
1y
1c
0i
#11523835
1t
0s
0r
1y
1c
0i
#11524598
0t
0s
0r
1y
1c
0i
#11525068
1t
0s
0r
1y
1c
0i
#11525839
0t
0s
0r
1y
1c
0i
#11526308
1t
0s
0r
1y
1c
0i
#11527079
0t
0s
0r
1y
1c
0i
#11527553
1t
0s
0r
1y
1c
0i
#11528331
0t
0s
0r
1y
1c
0i
#11528807
1t
0s
0r
1y
1c
1i
#11529594
0t
0s
0r
1y
1c
1i
#11530073
1t
0s
0r
1y
0c
1i
#11530863
0t
0s
0r
1y
0c
1i
#11531347
1t
0s
0r
1y
0c
1i
#11532148
0t
0s
0r
1y
0c
1i
#11532635
1t
0s
0r
1y
0c
1i
#11533448
0t
0s
0r
1y
0c
1i
#11533938
1t
0s
0r
1y
0c
1i
#11534754
0t
0s
0r
1y
0c
1i
#11535249
1t
0s
0r
1y
0c
1i
#11536073
0t
0s
0r
1y
0c
1i
#11536570
1t
0s
0r
1y
0c
1i
#11537400
0t
0s
0r
1y
0c
1i
#11537895
1t
0s
0r
1y
0c
1i
#11538434
1t
0s
1r
1y
0c
1i
#11538437
1t
0s
0r
1y
0c
1i
#11538713
0t
0s
0r
1y
0c
1i
#11539202
1t
0s
0r
1y
0c
1i
#11539998
0t
0s
0r
1y
0c
1i
#11540473
1t
0s
0r
1y
0c
1i
#11541244
0t
0s
0r
1y
0c
1i
#11541703
1t
0s
0r
1y
0c
1i
#11542441
0t
0s
0r
1y
0c
1i
#11542891
1t
0s
0r
1y
0c
0i
#11543606
0t
0s
0r
1y
0c
0i
#11544044
1t
0s
0r
1y
0c
0i
#11544743
0t
0s
0r
1y
0c
0i
#11545171
1t
0s
0r
1y
0c
0i
#11545852
0t
0s
0r
1y
0c
0i
#11546275
1t
0s
0r
1y
0c
0i
#11546947
0t
0s
0r
1y
0c
0i
#11547364
1t
0s
0r
1y
0c
0i
#11548032
0t
0s
0r
1y
0c
0i
#11548444
1t
0s
0r
1y
0c
0i
#11549101
0t
0s
0r
1y
0c
0i
#11549514
1t
0s
0r
1y
0c
0i
#11550168
0t
0s
0r
1y
0c
0i
#11550577
1t
0s
0r
1y
0c
0i
#11551231
0t
0s
0r
1y
0c
0i
#11551638
1t
0s
0r
1y
0c
0i
#11552285
0t
0s
0r
1y
0c
0i
#11552692
1t
0s
0r
1y
0c
0i
#11553338
0t
0s
0r
1y
0c
0i
#11553746
1t
0s
0r
1y
0c
0i
#11554392
0t
0s
0r
1y
0c
0i
#11554797
1t
0s
0r
1y
0c
0i
#11555438
0t
0s
0r
1y
0c
0i
#11555843
1t
0s
0r
1y
0c
0i
#11556484
0t
0s
0r
1y
0c
0i
#11556889
1t
0s
0r
1y
0c
0i
#11557531
0t
0s
0r
1y
0c
0i
#11557934
1t
0s
0r
1y
0c
0i
#11558571
0t
0s
0r
1y
0c
0i
#11558976
1t
0s
0r
1y
0c
0i
#11559613
0t
0s
0r
1y
0c
0i
#11560018
1t
0s
0r
1y
0c
0i
#11560658
0t
0s
0r
1y
0c
0i
#11561061
1t
0s
0r
1y
0c
0i
#11561697
0t
0s
0r
1y
0c
0i
#11562103
1t
0s
0r
1y
0c
0i
#11562743
0t
0s
0r
1y
0c
0i
#11563149
1t
0s
0r
1y
0c
1i
#11563792
0t
0s
0r
1y
0c
1i
#11564201
1t
0s
0r
1y
0c
1i
#11564842
0t
0s
0r
1y
1c
1i
#11565254
1t
0s
0r
1y
1c
1i
#11565901
0t
0s
0r
1y
1c
1i
#11566313
1t
0s
0r
1y
1c
1i
#11566968
0t
0s
0r
1y
1c
1i
#11567380
1t
0s
0r
1y
1c
1i
#11568035
0t
0s
0r
1y
1c
1i
#11568451
1t
0s
0r
1y
1c
1i
#11569110
0t
0s
0r
1y
1c
1i
#11569527
1t
0s
0r
1y
1c
1i
#11570189
0t
0s
0r
1y
1c
1i
#11570605
1t
0s
0r
1y
1c
1i
#11571262
0t
0s
0r
1y
1c
1i
#11571678
1t
0s
0r
1y
1c
1i
#11572335
0t
0s
0r
1y
1c
1i
#11572749
1t
0s
0r
1y
1c
1i
#11573405
0t
0s
0r
1y
1c
1i
#11573816
1t
0s
0r
1y
1c
1i
#11574464
0t
0s
0r
1y
1c
1i
#11574878
1t
0s
0r
1y
1c
1i
#11575524
0t
0s
0r
1y
1c
1i
#11575935
1t
0s
0r
1y
1c
1i
#11576582
0t
0s
0r
1y
1c
1i
#11576991
1t
0s
0r
1y
1c
0i
#11577633
0t
0s
0r
1y
1c
0i
#11578043
1t
0s
0r
1y
1c
0i
#11578685
0t
0s
0r
1y
1c
0i
#11579095
1t
0s
0r
1y
1c
0i
#11579738
0t
0s
0r
1y
1c
0i
#11580148
1t
0s
0r
1y
1c
0i
#11580788
0t
0s
0r
1y
1c
0i
#11581199
1t
0s
0r
1y
1c
0i
#11581840
0t
0s
0r
1y
1c
0i
#11582251
1t
0s
0r
1y
1c
0i
#11582896
0t
0s
0r
1y
1c
0i
#11583306
1t
0s
0r
1y
1c
0i
#11584982
0t
0s
0r
1y
1c
0i
#11586166
1t
0s
0r
1y
1c
0i
#11587130
0t
0s
0r
1y
1c
0i
#11587529
1t
0s
0r
1y
1c
0i
#11588180
0t
0s
0r
1y
1c
0i
#11588589
1t
0s
0r
1y
1c
0i
#11589239
0t
0s
0r
1y
1c
0i
#11589651
1t
0s
0r
1y
1c
0i
#11590301
0t
0s
0r
1y
1c
0i
#11590715
1t
0s
0r
1y
1c
0i
#11591366
0t
0s
0r
1y
1c
0i
#11591779
1t
0s
0r
1y
1c
0i
#11592435
0t
0s
0r
1y
1c
0i
#11592848
1t
0s
0r
1y
1c
0i
#11593501
0t
0s
0r
1y
1c
0i
#11593916
1t
0s
0r
1y
1c
0i
#11594573
0t
0s
0r
1y
1c
0i
#11594989
1t
0s
0r
1y
1c
1i
#11595651
0t
0s
0r
1y
1c
1i
#11596067
1t
0s
0r
1y
1c
1i
#11596727
0t
0s
0r
1y
0c
1i
#11597147
1t
0s
0r
1y
0c
1i
#11597812
0t
0s
0r
1y
0c
1i
#11598232
1t
0s
0r
1y
0c
1i
#11598903
0t
0s
0r
1y
0c
1i
#11599323
1t
0s
0r
1y
0c
1i
#11599993
0t
0s
0r
1y
0c
1i
#11600415
1t
0s
0r
1y
0c
1i
#11601087
0t
0s
0r
1y
0c
1i
#11601509
1t
0s
0r
1y
0c
1i
#11602184
0t
0s
0r
1y
0c
1i
#11602606
1t
0s
0r
1y
0c
1i
#11603276
0t
0s
0r
1y
0c
1i
#11603698
1t
0s
0r
1y
0c
1i
#11604368
0t
0s
0r
1y
0c
1i
#11604788
1t
0s
0r
1y
0c
1i
#11605460
0t
0s
0r
1y
0c
1i
#11605878
1t
0s
0r
1y
0c
1i
#11606543
0t
0s
0r
1y
0c
1i
#11606964
1t
0s
0r
1y
0c
1i
#11607629
0t
0s
0r
1y
0c
1i
#11608048
1t
0s
0r
1y
0c
1i
#11608716
0t
0s
0r
1y
0c
1i
#11609132
1t
0s
0r
1y
0c
1i
#11609797
0t
0s
0r
1y
0c
0i
#11610215
1t
0s
0r
1y
0c
0i
#11610881
0t
0s
0r
1y
0c
0i
#11611298
1t
0s
0r
1y
0c
0i
#11611969
0t
0s
0r
1y
0c
0i
#11612385
1t
0s
0r
1y
0c
0i
#11613052
0t
0s
0r
1y
0c
0i
#11613471
1t
0s
0r
1y
0c
0i
#11614141
0t
0s
0r
1y
0c
0i
#11614560
1t
0s
0r
1y
0c
0i
#11615234
0t
0s
0r
1y
0c
0i
#11615652
1t
0s
0r
1y
0c
0i
#11616324
0t
0s
0r
1y
0c
0i
#11616745
1t
0s
0r
1y
0c
0i
#11617418
0t
0s
0r
1y
0c
0i
#11617841
1t
0s
0r
1y
0c
0i
#11618519
0t
0s
0r
1y
0c
0i
#11618941
1t
0s
0r
1y
0c
0i
#11619615
0t
0s
0r
1y
0c
0i
#11620040
1t
0s
0r
1y
0c
0i
#11620717
0t
0s
0r
1y
0c
0i
#11621142
1t
0s
0r
1y
0c
0i
#11621824
0t
0s
0r
1y
0c
0i
#11622248
1t
0s
0r
1y
0c
0i
#11622926
0t
0s
0r
1y
0c
0i
#11623354
1t
0s
0r
1y
0c
0i
#11624035
0t
0s
0r
1y
0c
0i
#11624463
1t
0s
0r
1y
0c
0i
#11625149
0t
0s
0r
1y
0c
0i
#11625577
1t
0s
0r
1y
0c
0i
#11626261
0t
0s
0r
1y
0c
0i
#11626692
1t
0s
0r
1y
0c
0i
#11627380
0t
0s
0r
1y
0c
1i
#11627812
1t
0s
0r
1y
0c
1i
#11628506
0t
0s
0r
1y
0c
1i
#11628939
1t
0s
0r
1y
0c
1i
#11629631
0t
0s
0r
1y
0c
1i
#11630068
1t
0s
0r
1y
1c
1i
#11630767
0t
0s
0r
1y
1c
1i
#11631204
1t
0s
0r
1y
1c
1i
#11631910
0t
0s
0r
1y
1c
1i
#11632348
1t
0s
0r
1y
1c
1i
#11633053
0t
0s
0r
1y
1c
1i
#11633494
1t
0s
0r
1y
1c
1i
#11634203
0t
0s
0r
1y
1c
1i
#11634645
1t
0s
0r
1y
1c
1i
#11635358
0t
0s
0r
1y
1c
1i
#11635799
1t
0s
0r
1y
1c
1i
#11636506
0t
0s
0r
1y
1c
1i
#11636947
1t
0s
0r
1y
1c
1i
#11637654
0t
0s
0r
1y
1c
1i
#11638094
1t
0s
0r
1y
1c
1i
#11638801
0t
0s
0r
1y
1c
1i
#11639238
1t
0s
0r
1y
1c
1i
#11639937
0t
0s
0r
1y
1c
0i
#11640377
1t
0s
0r
1y
1c
0i
#11641075
0t
0s
0r
1y
1c
0i
#11641512
1t
0s
0r
1y
1c
0i
#11642212
0t
0s
0r
1y
1c
0i
#11642648
1t
0s
0r
1y
1c
0i
#11643343
0t
0s
0r
1y
1c
0i
#11643780
1t
0s
0r
1y
1c
0i
#11644476
0t
0s
0r
1y
1c
0i
#11644912
1t
0s
0r
1y
1c
0i
#11645611
0t
0s
0r
1y
1c
0i
#11646048
1t
0s
0r
1y
1c
0i
#11646743
0t
0s
0r
1y
1c
0i
#11647183
1t
0s
0r
1y
1c
0i
#11647880
0t
0s
0r
1y
1c
0i
#11648319
1t
0s
0r
1y
1c
0i
#11649021
0t
0s
0r
1y
1c
0i
#11649460
1t
0s
0r
1y
1c
0i
#11651280
0t
0s
0r
1y
1c
0i
#11652554
1t
0s
0r
1y
1c
0i
#11653606
0t
0s
0r
1y
1c
0i
#11654034
1t
0s
0r
1y
1c
0i
#11654745
0t
0s
0r
1y
1c
0i
#11655185
1t
0s
0r
1y
1c
0i
#11655895
0t
0s
0r
1y
1c
0i
#11656338
1t
0s
0r
1y
1c
0i
#11657050
0t
0s
0r
1y
1c
0i
#11657494
1t
0s
0r
1y
1c
0i
#11658208
0t
0s
0r
1y
1c
0i
#11658652
1t
0s
0r
1y
1c
1i
#11659372
0t
0s
0r
1y
1c
1i
#11659816
1t
0s
0r
1y
1c
1i
#11660533
0t
0s
0r
1y
1c
1i
#11660981
1t
0s
0r
1y
1c
1i
#11661704
0t
0s
0r
1y
1c
1i
#11662153
1t
0s
0r
1y
1c
1i
#11662882
0t
0s
0r
1y
0c
1i
#11663333
1t
0s
0r
1y
0c
1i
#11664062
0t
0s
0r
1y
0c
1i
#11664517
1t
0s
0r
1y
0c
1i
#11665254
0t
0s
0r
1y
0c
1i
#11665710
1t
0s
0r
1y
0c
1i
#11666456
0t
0s
0r
1y
0c
1i
#11666913
1t
0s
0r
1y
0c
1i
#11667659
0t
0s
0r
1y
0c
1i
#11668121
1t
0s
0r
1y
0c
1i
#11668565
1t
0s
1r
1y
0c
1i
#11668567
1t
0s
0r
1y
0c
1i
#11668872
0t
0s
0r
1y
0c
1i
#11669335
1t
0s
0r
1y
0c
1i
#11670091
0t
0s
0r
1y
0c
0i
#11670552
1t
0s
0r
1y
0c
0i
#11671300
0t
0s
0r
1y
0c
0i
#11671757
1t
0s
0r
1y
0c
0i
#11672491
0t
0s
0r
1y
0c
0i
#11672938
1t
0s
0r
1y
0c
0i
#11673656
0t
0s
0r
1y
0c
0i
#11674091
1t
0s
0r
1y
0c
0i
#11674784
0t
0s
0r
1y
0c
0i
#11675213
1t
0s
0r
1y
0c
0i
#11675890
0t
0s
0r
1y
0c
0i
#11676310
1t
0s
0r
1y
0c
0i
#11676977
0t
0s
0r
1y
0c
0i
#11677389
1t
0s
0r
1y
0c
0i
#11678042
0t
0s
0r
1y
0c
0i
#11678451
1t
0s
0r
1y
0c
0i
#11679097
0t
0s
0r
1y
0c
0i
#11679503
1t
0s
0r
1y
0c
0i
#11680147
0t
0s
0r
1y
0c
0i
#11680548
1t
0s
0r
1y
0c
0i
#11681184
0t
0s
0r
1y
0c
0i
#11681586
1t
0s
0r
1y
0c
0i
#11682221
0t
0s
0r
1y
0c
0i
#11682620
1t
0s
0r
1y
0c
0i
#11683255
0t
0s
0r
1y
0c
0i
#11683653
1t
0s
0r
1y
0c
0i
#11684282
0t
0s
0r
1y
0c
0i
#11684681
1t
0s
0r
1y
0c
0i
#11685309
0t
0s
0r
1y
0c
0i
#11685708
1t
0s
0r
1y
0c
0i
#11686338
0t
0s
0r
1y
0c
0i
#11686735
1t
0s
0r
1y
0c
0i
#11687359
0t
0s
0r
1y
0c
0i
#11687757
1t
0s
0r
1y
0c
0i
#11688382
0t
0s
0r
1y
0c
0i
#11688779
1t
0s
0r
1y
0c
0i
#11689406
0t
0s
0r
1y
0c
0i
#11689801
1t
0s
0r
1y
0c
0i
#11690422
0t
0s
0r
1y
0c
0i
#11690820
1t
0s
0r
1y
0c
0i
#11691441
0t
0s
0r
1y
0c
1i
#11691838
1t
0s
0r
1y
0c
1i
#11692463
0t
0s
0r
1y
0c
1i
#11692859
1t
0s
0r
1y
0c
1i
#11693480
0t
0s
0r
1y
0c
1i
#11693878
1t
0s
0r
1y
0c
1i
#11694501
0t
0s
0r
1y
0c
1i
#11694900
1t
0s
0r
1y
0c
1i
#11695527
0t
0s
0r
1y
0c
1i
#11695927
1t
0s
0r
1y
0c
1i
#11696552
0t
0s
0r
1y
0c
1i
#11696955
1t
0s
0r
1y
0c
1i
#11697585
0t
0s
0r
1y
0c
1i
#11697987
1t
0s
0r
1y
0c
1i
#11698624
0t
0s
0r
1y
1c
1i
#11699026
1t
0s
0r
1y
1c
1i
#11699662
0t
0s
0r
1y
1c
1i
#11700068
1t
0s
0r
1y
1c
1i
#11700707
0t
0s
0r
1y
1c
1i
#11701113
1t
0s
0r
1y
1c
1i
#11701756
0t
0s
0r
1y
1c
1i
#11702161
1t
0s
0r
1y
1c
1i
#11702798
0t
0s
0r
1y
1c
1i
#11703204
1t
0s
0r
1y
1c
1i
#11703841
0t
0s
0r
1y
1c
0i
#11704246
1t
0s
0r
1y
1c
0i
#11704882
0t
0s
0r
1y
1c
0i
#11705283
1t
0s
0r
1y
1c
0i
#11705908
0t
0s
0r
1y
1c
0i
#11706309
1t
0s
0r
1y
1c
0i
#11706928
0t
0s
0r
1y
1c
0i
#11707323
1t
0s
0r
1y
1c
0i
#11707934
0t
0s
0r
1y
1c
0i
#11708321
1t
0s
0r
1y
1c
0i
#11708916
0t
0s
0r
1y
1c
0i
#11709299
1t
0s
0r
1y
1c
0i
#11709884
0t
0s
0r
1y
1c
0i
#11710262
1t
0s
0r
1y
1c
0i
#11710842
0t
0s
0r
1y
1c
0i
#11711216
1t
0s
0r
1y
1c
0i
#11711786
0t
0s
0r
1y
1c
0i
#11712158
1t
0s
0r
1y
1c
0i
#11712725
0t
0s
0r
1y
1c
0i
#11713095
1t
0s
0r
1y
1c
0i
#11713661
0t
0s
0r
1y
1c
0i
#11714028
1t
0s
0r
1y
1c
0i
#11715497
0t
0s
0r
1y
1c
0i
#11716543
1t
0s
0r
1y
1c
0i
#11717378
0t
0s
0r
1y
1c
0i
#11717732
1t
0s
0r
1y
1c
0i
#11718293
0t
0s
0r
1y
1c
0i
#11718656
1t
0s
0r
1y
1c
0i
#11719214
0t
0s
0r
1y
1c
0i
#11719577
1t
0s
0r
1y
1c
0i
#11720134
0t
0s
0r
1y
1c
0i
#11720498
1t
0s
0r
1y
1c
0i
#11721055
0t
0s
0r
1y
1c
1i
#11721417
1t
0s
0r
1y
1c
1i
#11721976
0t
0s
0r
1y
1c
1i
#11722336
1t
0s
0r
1y
1c
1i
#11722891
0t
0s
0r
1y
1c
1i
#11723252
1t
0s
0r
1y
1c
1i
#11723808
0t
0s
0r
1y
1c
1i
#11724169
1t
0s
0r
1y
1c
1i
#11724725
0t
0s
0r
1y
1c
1i
#11725087
1t
0s
0r
1y
1c
1i
#11725640
0t
0s
0r
1y
1c
1i
#11726004
1t
0s
0r
1y
1c
1i
#11726560
0t
0s
0r
1y
1c
1i
#11726923
1t
0s
0r
1y
0c
1i
#11727483
0t
0s
0r
1y
0c
1i
#11727845
1t
0s
0r
1y
0c
1i
#11728403
0t
0s
0r
1y
0c
1i
#11728767
1t
0s
0r
1y
0c
1i
#11729327
0t
0s
0r
1y
0c
1i
#11729692
1t
0s
0r
1y
0c
1i
#11730255
0t
0s
0r
1y
0c
1i
#11730618
1t
0s
0r
1y
0c
1i
#11731177
0t
0s
0r
1y
0c
1i
#11731541
1t
0s
0r
1y
0c
1i
#11732101
0t
0s
0r
1y
0c
1i
#11732463
1t
0s
0r
1y
0c
0i
#11733024
0t
0s
0r
1y
0c
0i
#11733386
1t
0s
0r
1y
0c
0i
#11733942
0t
0s
0r
1y
0c
0i
#11734306
1t
0s
0r
1y
0c
0i
#11734862
0t
0s
0r
1y
0c
0i
#11735225
1t
0s
0r
1y
0c
0i
#11735784
0t
0s
0r
1y
0c
0i
#11736145
1t
0s
0r
1y
0c
0i
#11736702
0t
0s
0r
1y
0c
0i
#11737065
1t
0s
0r
1y
0c
0i
#11737623
0t
0s
0r
1y
0c
0i
#11737985
1t
0s
0r
1y
0c
0i
#11738547
0t
0s
0r
1y
0c
0i
#11738907
1t
0s
0r
1y
0c
0i
#11739466
0t
0s
0r
1y
0c
0i
#11739829
1t
0s
0r
1y
0c
0i
#11740389
0t
0s
0r
1y
0c
0i
#11740752
1t
0s
0r
1y
0c
0i
#11741316
0t
0s
0r
1y
0c
0i
#11741678
1t
0s
0r
1y
0c
0i
#11742240
0t
0s
0r
1y
0c
0i
#11742604
1t
0s
0r
1y
0c
0i
#11743167
0t
0s
0r
1y
0c
0i
#11743533
1t
0s
0r
1y
0c
0i
#11744099
0t
0s
0r
1y
0c
0i
#11744464
1t
0s
0r
1y
0c
0i
#11745026
0t
0s
0r
1y
0c
0i
#11745393
1t
0s
0r
1y
0c
0i
#11745958
0t
0s
0r
1y
0c
0i
#11746324
1t
0s
0r
1y
0c
0i
#11746892
0t
0s
0r
1y
0c
0i
#11747257
1t
0s
0r
1y
0c
0i
#11747822
0t
0s
0r
1y
0c
0i
#11748190
1t
0s
0r
1y
0c
0i
#11748756
0t
0s
0r
1y
0c
0i
#11749124
1t
0s
0r
1y
0c
0i
#11749693
0t
0s
0r
1y
0c
1i
#11750061
1t
0s
0r
1y
0c
1i
#11750627
0t
0s
0r
1y
0c
1i
#11750997
1t
0s
0r
1y
0c
1i
#11751566
0t
0s
0r
1y
0c
1i
#11751935
1t
0s
0r
1y
0c
1i
#11752507
0t
0s
0r
1y
0c
1i
#11752878
1t
0s
0r
1y
0c
1i
#11753447
0t
0s
0r
1y
0c
1i
#11753820
1t
0s
0r
1y
0c
1i
#11754393
0t
0s
0r
1y
1c
1i
#11754766
1t
0s
0r
1y
1c
1i
#11755343
0t
0s
0r
1y
1c
1i
#11755716
1t
0s
0r
1y
1c
1i
#11756292
0t
0s
0r
1y
1c
1i
#11756667
1t
0s
0r
1y
1c
1i
#11757245
0t
0s
0r
1y
1c
1i
#11757620
1t
0s
0r
1y
1c
1i
#11758202
0t
0s
0r
1y
1c
1i
#11758575
1t
0s
0r
1y
1c
1i
#11759152
0t
0s
0r
1y
1c
1i
#11759527
1t
0s
0r
1y
1c
1i
#11760104
0t
0s
0r
1y
1c
1i
#11760477
1t
0s
0r
1y
1c
0i
#11761055
0t
0s
0r
1y
1c
0i
#11761427
1t
0s
0r
1y
1c
0i
#11761999
0t
0s
0r
1y
1c
0i
#11762373
1t
0s
0r
1y
1c
0i
#11762945
0t
0s
0r
1y
1c
0i
#11763318
1t
0s
0r
1y
1c
0i
#11763892
0t
0s
0r
1y
1c
0i
#11764263
1t
0s
0r
1y
1c
0i
#11764833
0t
0s
0r
1y
1c
0i
#11765206
1t
0s
0r
1y
1c
0i
#11765778
0t
0s
0r
1y
1c
0i
#11766150
1t
0s
0r
1y
1c
0i
#11766724
0t
0s
0r
1y
1c
0i
#11767097
1t
0s
0r
1y
1c
0i
#11767668
0t
0s
0r
1y
1c
0i
#11768043
1t
0s
0r
1y
1c
0i
#11768616
0t
0s
0r
1y
1c
0i
#11768990
1t
0s
0r
1y
1c
0i
#11769567
0t
0s
0r
1y
1c
0i
#11769941
1t
0s
0r
1y
1c
0i
#11771446
0t
0s
0r
1y
1c
0i
#11772521
1t
0s
0r
1y
1c
0i
#11773384
0t
0s
0r
1y
1c
0i
#11773748
1t
0s
0r
1y
1c
0i
#11774331
0t
0s
0r
1y
1c
0i
#11774705
1t
0s
0r
1y
1c
0i
#11775286
0t
0s
0r
1y
1c
0i
#11775661
1t
0s
0r
1y
1c
0i
#11776243
0t
0s
0r
1y
1c
0i
#11776620
1t
0s
0r
1y
1c
0i
#11777202
0t
0s
0r
1y
1c
1i
#11777578
1t
0s
0r
1y
1c
1i
#11778163
0t
0s
0r
1y
1c
1i
#11778539
1t
0s
0r
1y
1c
1i
#11779122
0t
0s
0r
1y
1c
1i
#11779500
1t
0s
0r
1y
1c
1i
#11780085
0t
0s
0r
1y
1c
1i
#11780462
1t
0s
0r
1y
1c
1i
#11781051
0t
0s
0r
1y
1c
1i
#11781430
1t
0s
0r
1y
0c
1i
#11782016
0t
0s
0r
1y
0c
1i
#11782398
1t
0s
0r
1y
0c
1i
#11782988
0t
0s
0r
1y
0c
1i
#11783369
1t
0s
0r
1y
0c
1i
#11783965
0t
0s
0r
1y
0c
1i
#11784346
1t
0s
0r
1y
0c
1i
#11784940
0t
0s
0r
1y
0c
1i
#11785323
1t
0s
0r
1y
0c
1i
#11785920
0t
0s
0r
1y
0c
1i
#11786304
1t
0s
0r
1y
0c
1i
#11786857
1t
0s
1r
1y
0c
0i
#11786860
1t
0s
0r
1y
0c
0i
#11786903
0t
0s
0r
1y
0c
0i
#11787286
1t
0s
0r
1y
0c
0i
#11787882
0t
0s
0r
1y
0c
0i
#11788265
1t
0s
0r
1y
0c
0i
#11788860
0t
0s
0r
1y
0c
0i
#11789242
1t
0s
0r
1y
0c
0i
#11789838
0t
0s
0r
1y
0c
0i
#11790217
1t
0s
0r
1y
0c
0i
#11790807
0t
0s
0r
1y
0c
0i
#11791187
1t
0s
0r
1y
0c
0i
#11791775
0t
0s
0r
1y
0c
0i
#11792153
1t
0s
0r
1y
0c
0i
#11792740
0t
0s
0r
1y
0c
0i
#11793115
1t
0s
0r
1y
0c
0i
#11793696
0t
0s
0r
1y
0c
0i
#11794070
1t
0s
0r
1y
0c
0i
#11794649
0t
0s
0r
1y
0c
0i
#11795020
1t
0s
0r
1y
0c
0i
#11795599
0t
0s
0r
1y
0c
0i
#11795967
1t
0s
0r
1y
0c
0i
#11796539
0t
0s
0r
1y
0c
0i
#11796908
1t
0s
0r
1y
0c
0i
#11797479
0t
0s
0r
1y
0c
0i
#11797846
1t
0s
0r
1y
0c
0i
#11798418
0t
0s
0r
1y
0c
0i
#11798782
1t
0s
0r
1y
0c
0i
#11799349
0t
0s
0r
1y
0c
0i
#11799715
1t
0s
0r
1y
0c
0i
#11800281
0t
0s
0r
1y
0c
0i
#11800647
1t
0s
0r
1y
0c
0i
#11801214
0t
0s
0r
1y
0c
0i
#11801579
1t
0s
0r
1y
0c
0i
#11802140
0t
0s
0r
1y
0c
0i
#11802506
1t
0s
0r
1y
0c
0i
#11803069
0t
0s
0r
1y
0c
0i
#11803434
1t
0s
0r
1y
0c
0i
#11803999
0t
0s
0r
1y
0c
0i
#11804363
1t
0s
0r
1y
0c
0i
#11804923
0t
0s
0r
1y
0c
0i
#11805289
1t
0s
0r
1y
0c
0i
#11805850
0t
0s
0r
1y
0c
0i
#11806216
1t
0s
0r
1y
0c
0i
#11806779
0t
0s
0r
1y
0c
1i
#11807143
1t
0s
0r
1y
0c
1i
#11807703
0t
0s
0r
1y
0c
1i
#11808069
1t
0s
0r
1y
0c
1i
#11808630
0t
0s
0r
1y
0c
1i
#11808996
1t
0s
0r
1y
0c
1i
#11809560
0t
0s
0r
1y
0c
1i
#11809926
1t
0s
0r
1y
0c
1i
#11810487
0t
0s
0r
1y
0c
1i
#11810855
1t
0s
0r
1y
0c
1i
#11811419
0t
0s
0r
1y
0c
1i
#11811787
1t
0s
0r
1y
1c
1i
#11812355
0t
0s
0r
1y
1c
1i
#11812723
1t
0s
0r
1y
1c
1i
#11813290
0t
0s
0r
1y
1c
1i
#11813660
1t
0s
0r
1y
1c
1i
#11814230
0t
0s
0r
1y
1c
1i
#11814600
1t
0s
0r
1y
1c
1i
#11815172
0t
0s
0r
1y
1c
1i
#11815542
1t
0s
0r
1y
1c
1i
#11816110
0t
0s
0r
1y
1c
0i
#11816480
1t
0s
0r
1y
1c
0i
#11817049
0t
0s
0r
1y
1c
0i
#11817418
1t
0s
0r
1y
1c
0i
#11817987
0t
0s
0r
1y
1c
0i
#11818354
1t
0s
0r
1y
1c
0i
#11818918
0t
0s
0r
1y
1c
0i
#11819287
1t
0s
0r
1y
1c
0i
#11819850
0t
0s
0r
1y
1c
0i
#11820217
1t
0s
0r
1y
1c
0i
#11820780
0t
0s
0r
1y
1c
0i
#11821146
1t
0s
0r
1y
1c
0i
#11821704
0t
0s
0r
1y
1c
0i
#11822070
1t
0s
0r
1y
1c
0i
#11822626
0t
0s
0r
1y
1c
0i
#11822991
1t
0s
0r
1y
1c
0i
#11823547
0t
0s
0r
1y
1c
0i
#11823910
1t
0s
0r
1y
1c
0i
#11824461
0t
0s
0r
1y
1c
0i
#11824824
1t
0s
0r
1y
1c
0i
#11825373
0t
0s
0r
1y
1c
0i
#11825734
1t
0s
0r
1y
1c
0i
#11826284
0t
0s
0r
1y
1c
0i
#11826643
1t
0s
0r
1y
1c
0i
#11828069
0t
0s
0r
1y
1c
0i
#11829087
1t
0s
0r
1y
1c
0i
#11829897
0t
0s
0r
1y
1c
0i
#11830242
1t
0s
0r
1y
1c
0i
#11830786
0t
0s
0r
1y
1c
0i
#11831139
1t
0s
0r
1y
1c
0i
#11831681
0t
0s
0r
1y
1c
0i
#11832034
1t
0s
0r
1y
1c
0i
#11832574
0t
0s
0r
1y
1c
0i
#11832929
1t
0s
0r
1y
1c
0i
#11833469
0t
0s
0r
1y
1c
0i
#11833823
1t
0s
0r
1y
1c
0i
#11834365
0t
0s
0r
1y
1c
1i
#11834717
1t
0s
0r
1y
1c
1i
#11835255
0t
0s
0r
1y
1c
1i
#11835609
1t
0s
0r
1y
1c
1i
#11836149
0t
0s
0r
1y
1c
1i
#11836503
1t
0s
0r
1y
1c
1i
#11837044
0t
0s
0r
1y
1c
1i
#11837399
1t
0s
0r
1y
1c
1i
#11837937
0t
0s
0r
1y
1c
1i
#11838293
1t
0s
0r
1y
1c
1i
#11838834
0t
0s
0r
1y
1c
1i
#11839189
1t
0s
0r
1y
1c
1i
#11839734
0t
0s
0r
1y
1c
1i
#11840089
1t
0s
0r
1y
0c
1i
#11840632
0t
0s
0r
1y
0c
1i
#11840988
1t
0s
0r
1y
0c
1i
#11841532
0t
0s
0r
1y
0c
1i
#11841889
1t
0s
0r
1y
0c
1i
#11842436
0t
0s
0r
1y
0c
1i
#11842791
1t
0s
0r
1y
0c
1i
#11843335
0t
0s
0r
1y
0c
0i
#11843691
1t
0s
0r
1y
0c
0i
#11844235
0t
0s
0r
1y
0c
0i
#11844590
1t
0s
0r
1y
0c
0i
#11845135
0t
0s
0r
1y
0c
0i
#11845489
1t
0s
0r
1y
0c
0i
#11846029
0t
0s
0r
1y
0c
0i
#11846385
1t
0s
0r
1y
0c
0i
#11846926
0t
0s
0r
1y
0c
0i
#11847281
1t
0s
0r
1y
0c
0i
#11847824
0t
0s
0r
1y
0c
0i
#11848177
1t
0s
0r
1y
0c
0i
#11848718
0t
0s
0r
1y
0c
0i
#11849072
1t
0s
0r
1y
0c
0i
#11849614
0t
0s
0r
1y
0c
0i
#11849968
1t
0s
0r
1y
0c
0i
#11850513
0t
0s
0r
1y
0c
0i
#11850866
1t
0s
0r
1y
0c
0i
#11851408
0t
0s
0r
1y
0c
0i
#11851763
1t
0s
0r
1y
0c
0i
#11852308
0t
0s
0r
1y
0c
0i
#11852662
1t
0s
0r
1y
0c
0i
#11853211
0t
0s
0r
1y
0c
0i
#11853565
1t
0s
0r
1y
0c
0i
#11854111
0t
0s
0r
1y
0c
0i
#11854467
1t
0s
0r
1y
0c
0i
#11855013
0t
0s
0r
1y
0c
0i
#11855371
1t
0s
0r
1y
0c
0i
#11855920
0t
0s
0r
1y
0c
0i
#11856277
1t
0s
0r
1y
0c
0i
#11856823
0t
0s
0r
1y
0c
0i
#11857182
1t
0s
0r
1y
0c
0i
#11857730
0t
0s
0r
1y
0c
0i
#11858088
1t
0s
0r
1y
0c
0i
#11858640
0t
0s
0r
1y
0c
0i
#11858997
1t
0s
0r
1y
0c
0i
#11859546
0t
0s
0r
1y
0c
0i
#11859906
1t
0s
0r
1y
0c
0i
#11860455
0t
0s
0r
1y
0c
0i
#11860815
1t
0s
0r
1y
0c
0i
#11861368
0t
0s
0r
1y
0c
1i
#11861727
1t
0s
0r
1y
0c
1i
#11862277
0t
0s
0r
1y
0c
1i
#11862638
1t
0s
0r
1y
0c
1i
#11863190
0t
0s
0r
1y
0c
1i
#11863550
1t
0s
0r
1y
0c
1i
#11864105
0t
0s
0r
1y
0c
1i
#11864467
1t
0s
0r
1y
0c
1i
#11865019
0t
0s
0r
1y
0c
1i
#11865382
1t
0s
0r
1y
0c
1i
#11865938
0t
0s
0r
1y
0c
1i
#11866301
1t
0s
0r
1y
0c
1i
#11866861
0t
0s
0r
1y
0c
1i
#11867224
1t
0s
0r
1y
1c
1i
#11867782
0t
0s
0r
1y
1c
1i
#11868147
1t
0s
0r
1y
1c
1i
#11868708
0t
0s
0r
1y
1c
1i
#11869073
1t
0s
0r
1y
1c
1i
#11869636
0t
0s
0r
1y
1c
1i
#11870000
1t
0s
0r
1y
1c
0i
#11870559
0t
0s
0r
1y
1c
0i
#11870925
1t
0s
0r
1y
1c
0i
#11871484
0t
0s
0r
1y
1c
0i
#11871848
1t
0s
0r
1y
1c
0i
#11872409
0t
0s
0r
1y
1c
0i
#11872772
1t
0s
0r
1y
1c
0i
#11873327
0t
0s
0r
1y
1c
0i
#11873693
1t
0s
0r
1y
1c
0i
#11874248
0t
0s
0r
1y
1c
0i
#11874612
1t
0s
0r
1y
1c
0i
#11875170
0t
0s
0r
1y
1c
0i
#11875533
1t
0s
0r
1y
1c
0i
#11876088
0t
0s
0r
1y
1c
0i
#11876452
1t
0s
0r
1y
1c
0i
#11877008
0t
0s
0r
1y
1c
0i
#11877373
1t
0s
0r
1y
1c
0i
#11877931
0t
0s
0r
1y
1c
0i
#11878296
1t
0s
0r
1y
1c
0i
#11878851
0t
0s
0r
1y
1c
0i
#11879218
1t
0s
0r
1y
1c
0i
#11879775
0t
0s
0r
1y
1c
0i
#11880142
1t
0s
0r
1y
1c
0i
#11880703
0t
0s
0r
1y
1c
0i
#11881068
1t
0s
0r
1y
1c
0i
#11882534
0t
0s
0r
1y
1c
0i
#11883583
1t
0s
0r
1y
1c
0i
#11884423
0t
0s
0r
1y
1c
0i
#11884780
1t
0s
0r
1y
1c
0i
#11885346
0t
0s
0r
1y
1c
0i
#11885712
1t
0s
0r
1y
1c
0i
#11886277
0t
0s
0r
1y
1c
0i
#11886643
1t
0s
0r
1y
1c
0i
#11887208
0t
0s
0r
1y
1c
0i
#11887577
1t
0s
0r
1y
1c
0i
#11888142
0t
0s
0r
1y
1c
0i
#11888510
1t
0s
0r
1y
1c
1i
#11889078
0t
0s
0r
1y
1c
1i
#11889445
1t
0s
0r
1y
1c
1i
#11890010
0t
0s
0r
1y
1c
1i
#11890379
1t
0s
0r
1y
1c
1i
#11890947
0t
0s
0r
1y
1c
1i
#11891315
1t
0s
0r
1y
1c
1i
#11891886
0t
0s
0r
1y
1c
1i
#11892256
1t
0s
0r
1y
1c
1i
#11892823
0t
0s
0r
1y
1c
1i
#11893195
1t
0s
0r
1y
1c
1i
#11893766
0t
0s
0r
1y
1c
1i
#11894137
1t
0s
0r
1y
1c
1i
#11894713
0t
0s
0r
1y
0c
1i
#11895084
1t
0s
0r
1y
0c
1i
#11895658
0t
0s
0r
1y
0c
1i
#11896031
1t
0s
0r
1y
0c
1i
#11896607
0t
0s
0r
1y
0c
0i
#11896858
0t
0s
1r
1y
0c
0i
#11896861
0t
0s
0r
1y
0c
0i
#11896981
1t
0s
0r
1y
0c
0i
#11897560
0t
0s
0r
1y
0c
0i
#11897932
1t
0s
0r
1y
0c
0i
#11898507
0t
0s
0r
1y
0c
0i
#11898880
1t
0s
0r
1y
0c
0i
#11899456
0t
0s
0r
1y
0c
0i
#11899827
1t
0s
0r
1y
0c
0i
#11900404
0t
0s
0r
1y
0c
0i
#11900774
1t
0s
0r
1y
0c
0i
#11901346
0t
0s
0r
1y
0c
0i
#11901719
1t
0s
0r
1y
0c
0i
#11902291
0t
0s
0r
1y
0c
0i
#11902662
1t
0s
0r
1y
0c
0i
#11903238
0t
0s
0r
1y
0c
0i
#11903607
1t
0s
0r
1y
0c
0i
#11904180
0t
0s
0r
1y
0c
0i
#11904551
1t
0s
0r
1y
0c
0i
#11905126
0t
0s
0r
1y
0c
0i
#11905496
1t
0s
0r
1y
0c
0i
#11906074
0t
0s
0r
1y
0c
0i
#11906443
1t
0s
0r
1y
0c
0i
#11907019
0t
0s
0r
1y
0c
0i
#11907390
1t
0s
0r
1y
0c
0i
#11907968
0t
0s
0r
1y
0c
0i
#11908340
1t
0s
0r
1y
0c
0i
#11908922
0t
0s
0r
1y
0c
0i
#11909293
1t
0s
0r
1y
0c
0i
#11909873
0t
0s
0r
1y
0c
0i
#11910246
1t
0s
0r
1y
0c
0i
#11910826
0t
0s
0r
1y
0c
0i
#11911201
1t
0s
0r
1y
0c
0i
#11911784
0t
0s
0r
1y
0c
0i
#11912159
1t
0s
0r
1y
0c
0i
#11912739
0t
0s
0r
1y
0c
0i
#11913115
1t
0s
0r
1y
0c
0i
#11913698
0t
0s
0r
1y
0c
0i
#11914073
1t
0s
0r
1y
0c
0i
#11914659
0t
0s
0r
1y
0c
0i
#11915035
1t
0s
0r
1y
0c
0i
#11915617
0t
0s
0r
1y
0c
0i
#11915995
1t
0s
0r
1y
0c
0i
#11916579
0t
0s
0r
1y
0c
0i
#11916957
1t
0s
0r
1y
0c
1i
#11917544
0t
0s
0r
1y
0c
1i
#11917921
1t
0s
0r
1y
0c
1i
#11918506
0t
0s
0r
1y
0c
1i
#11918885
1t
0s
0r
1y
0c
1i
#11919472
0t
0s
0r
1y
0c
1i
#11919851
1t
0s
0r
1y
0c
1i
#11920440
0t
0s
0r
1y
0c
1i
#11920821
1t
0s
0r
1y
0c
1i
#11921407
0t
0s
0r
1y
0c
1i
#11921790
1t
0s
0r
1y
0c
1i
#11922380
0t
0s
0r
1y
0c
1i
#11922763
1t
0s
0r
1y
0c
1i
#11923358
0t
0s
0r
1y
1c
1i
#11923740
1t
0s
0r
1y
1c
1i
#11924334
0t
0s
0r
1y
1c
1i
#11924719
1t
0s
0r
1y
1c
0i
#11925315
0t
0s
0r
1y
1c
0i
#11925699
1t
0s
0r
1y
1c
0i
#11926299
0t
0s
0r
1y
1c
0i
#11926682
1t
0s
0r
1y
1c
0i
#11927276
0t
0s
0r
1y
1c
0i
#11927660
1t
0s
0r
1y
1c
0i
#11928255
0t
0s
0r
1y
1c
0i
#11928638
1t
0s
0r
1y
1c
0i
#11929235
0t
0s
0r
1y
1c
0i
#11929616
1t
0s
0r
1y
1c
0i
#11930207
0t
0s
0r
1y
1c
0i
#11930591
1t
0s
0r
1y
1c
0i
#11931182
0t
0s
0r
1y
1c
0i
#11931565
1t
0s
0r
1y
1c
0i
#11932158
0t
0s
0r
1y
1c
0i
#11932539
1t
0s
0r
1y
1c
0i
#11933128
0t
0s
0r
1y
1c
0i
#11933511
1t
0s
0r
1y
1c
0i
#11934101
0t
0s
0r
1y
1c
0i
#11934484
1t
0s
0r
1y
1c
0i
#11935075
0t
0s
0r
1y
1c
0i
#11935459
1t
0s
0r
1y
1c
0i
#11936047
0t
0s
0r
1y
1c
0i
#11936431
1t
0s
0r
1y
1c
0i
#11937022
0t
0s
0r
1y
1c
0i
#11937406
1t
0s
0r
1y
1c
0i
#11937999
0t
0s
0r
1y
1c
0i
#11938382
1t
0s
0r
1y
1c
0i
#11939927
0t
0s
0r
1y
1c
0i
#11941027
1t
0s
0r
1y
1c
0i
#11941911
0t
0s
0r
1y
1c
0i
#11942282
1t
0s
0r
1y
1c
0i
#11942877
0t
0s
0r
1y
1c
0i
#11943258
1t
0s
0r
1y
1c
0i
#11943851
0t
0s
0r
1y
1c
0i
#11944233
1t
0s
0r
1y
1c
0i
#11944825
0t
0s
0r
1y
1c
0i
#11945208
1t
0s
0r
1y
1c
0i
#11945799
0t
0s
0r
1y
1c
0i
#11946181
1t
0s
0r
1y
1c
0i
#11946775
0t
0s
0r
1y
1c
1i
#11947155
1t
0s
0r
1y
1c
1i
#11947746
0t
0s
0r
1y
1c
1i
#11948128
1t
0s
0r
1y
1c
1i
#11948720
0t
0s
0r
1y
1c
1i
#11949101
1t
0s
0r
1y
1c
1i
#11949695
0t
0s
0r
1y
1c
1i
#11950078
1t
0s
0r
1y
1c
1i
#11950669
0t
0s
0r
1y
1c
1i
#11951053
1t
0s
0r
1y
1c
1i
#11951647
0t
0s
0r
1y
1c
1i
#11952031
1t
0s
0r
1y
1c
1i
#11952630
0t
0s
0r
1y
0c
1i
#11953012
1t
0s
0r
1y
0c
1i
#11953610
0t
0s
0r
1y
0c
1i
#11953995
1t
0s
0r
1y
0c
0i
#11954594
0t
0s
0r
1y
0c
0i
#11954980
1t
0s
0r
1y
0c
0i
#11955582
0t
0s
0r
1y
0c
0i
#11955967
1t
0s
0r
1y
0c
0i
#11956565
0t
0s
0r
1y
0c
0i
#11956950
1t
0s
0r
1y
0c
0i
#11957549
0t
0s
0r
1y
0c
0i
#11957933
1t
0s
0r
1y
0c
0i
#11958533
0t
0s
0r
1y
0c
0i
#11958915
1t
0s
0r
1y
0c
0i
#11959511
0t
0s
0r
1y
0c
0i
#11959895
1t
0s
0r
1y
0c
0i
#11960491
0t
0s
0r
1y
0c
0i
#11960874
1t
0s
0r
1y
0c
0i
#11961472
0t
0s
0r
1y
0c
0i
#11961853
1t
0s
0r
1y
0c
0i
#11962448
0t
0s
0r
1y
0c
0i
#11962830
1t
0s
0r
1y
0c
0i
#11963426
0t
0s
0r
1y
0c
0i
#11963808
1t
0s
0r
1y
0c
0i
#11964407
0t
0s
0r
1y
0c
0i
#11964787
1t
0s
0r
1y
0c
0i
#11965383
0t
0s
0r
1y
0c
0i
#11965765
1t
0s
0r
1y
0c
0i
#11966363
0t
0s
0r
1y
0c
0i
#11966745
1t
0s
0r
1y
0c
0i
#11967346
0t
0s
0r
1y
0c
0i
#11967726
1t
0s
0r
1y
0c
0i
#11968324
0t
0s
0r
1y
0c
0i
#11968707
1t
0s
0r
1y
0c
0i
#11969304
0t
0s
0r
1y
0c
0i
#11969689
1t
0s
0r
1y
0c
0i
#11970288
0t
0s
0r
1y
0c
0i
#11970671
1t
0s
0r
1y
0c
0i
#11971266
0t
0s
0r
1y
0c
0i
#11971650
1t
0s
0r
1y
0c
0i
#11972247
0t
0s
0r
1y
0c
0i
#11972630
1t
0s
0r
1y
0c
0i
#11973229
0t
0s
0r
1y
0c
0i
#11973611
1t
0s
0r
1y
0c
0i
#11974205
0t
0s
0r
1y
0c
0i
#11974589
1t
0s
0r
1y
0c
0i
#11975183
0t
0s
0r
1y
0c
0i
#11975566
1t
0s
0r
1y
0c
0i
#11976163
0t
0s
0r
1y
0c
1i
#11976545
1t
0s
0r
1y
0c
1i
#11977137
0t
0s
0r
1y
0c
1i
#11977520
1t
0s
0r
1y
0c
1i
#11978115
0t
0s
0r
1y
0c
1i
#11978497
1t
0s
0r
1y
0c
1i
#11979094
0t
0s
0r
1y
0c
1i
#11979478
1t
0s
0r
1y
0c
1i
#11980070
0t
0s
0r
1y
0c
1i
#11980456
1t
0s
0r
1y
0c
1i
#11981052
0t
0s
0r
1y
0c
1i
#11981437
1t
0s
0r
1y
0c
1i
#11982038
0t
0s
0r
1y
1c
1i
#11982423
1t
0s
0r
1y
1c
1i
#11983022
0t
0s
0r
1y
1c
1i
#11983409
1t
0s
0r
1y
1c
0i
#11984011
0t
0s
0r
1y
1c
0i
#11984398
1t
0s
0r
1y
1c
0i
#11985003
0t
0s
0r
1y
1c
0i
#11985389
1t
0s
0r
1y
1c
0i
#11985990
0t
0s
0r
1y
1c
0i
#11986377
1t
0s
0r
1y
1c
0i
#11986978
0t
0s
0r
1y
1c
0i
#11987364
1t
0s
0r
1y
1c
0i
#11987966
0t
0s
0r
1y
1c
0i
#11988351
1t
0s
0r
1y
1c
0i
#11988948
0t
0s
0r
1y
1c
0i
#11989336
1t
0s
0r
1y
1c
0i
#11989932
0t
0s
0r
1y
1c
0i
#11990319
1t
0s
0r
1y
1c
0i
#11990918
0t
0s
0r
1y
1c
0i
#11991302
1t
0s
0r
1y
1c
0i
#11991897
0t
0s
0r
1y
1c
0i
#11992283
1t
0s
0r
1y
1c
0i
#11992879
0t
0s
0r
1y
1c
0i
#11993265
1t
0s
0r
1y
1c
0i
#11993863
0t
0s
0r
1y
1c
0i
#11994249
1t
0s
0r
1y
1c
0i
#11994843
0t
0s
0r
1y
1c
0i
#11995230
1t
0s
0r
1y
1c
0i
#11995826
0t
0s
0r
1y
1c
0i
#11996212
1t
0s
0r
1y
1c
0i
#11996810
0t
0s
0r
1y
1c
0i
#11997195
1t
0s
0r
1y
1c
0i
#11998750
0t
0s
0r
1y
1c
0i
#11999854
1t
0s
0r
1y
1c
0i
#12000741
0t
0s
0r
1y
1c
0i
#12001113
1t
0s
0r
1y
1c
0i
#12001710
0t
0s
0r
1y
1c
0i
#12002092
1t
0s
0r
1y
1c
0i
#12002686
0t
0s
0r
1y
1c
0i
#12003068
1t
0s
0r
1y
1c
0i
#12003660
0t
0s
0r
1y
1c
0i
#12004043
1t
0s
0r
1y
1c
0i
#12004635
0t
0s
0r
1y
1c
0i
#12005016
1t
0s
0r
1y
1c
0i
#12005609
0t
0s
0r
1y
1c
1i
#12005989
1t
0s
0r
1y
1c
1i
#12006579
0t
0s
0r
1y
1c
1i
#12006960
1t
0s
0r
1y
1c
1i
#12007551
0t
0s
0r
1y
1c
1i
#12007932
1t
0s
0r
1y
1c
1i
#12008525
0t
0s
0r
1y
1c
1i
#12008907
1t
0s
0r
1y
1c
1i
#12009497
0t
0s
0r
1y
1c
1i
#12009880
1t
0s
0r
1y
1c
1i
#12010474
0t
0s
0r
1y
1c
1i
#12010857
1t
0s
0r
1y
1c
1i
#12011455
0t
0s
0r
1y
0c
1i
#12011837
1t
0s
0r
1y
0c
1i
#12012434
0t
0s
0r
1y
0c
0i
#12012818
1t
0s
0r
1y
0c
0i
#12013417
0t
0s
0r
1y
0c
0i
#12013748
0t
0s
1r
1y
0c
0i
#12013751
0t
0s
0r
1y
0c
0i
#12013802
1t
0s
0r
1y
0c
0i
#12014403
0t
0s
0r
1y
0c
0i
#12014787
1t
0s
0r
1y
0c
0i
#12015385
0t
0s
0r
1y
0c
0i
#12015769
1t
0s
0r
1y
0c
0i
#12016367
0t
0s
0r
1y
0c
0i
#12016750
1t
0s
0r
1y
0c
0i
#12017350
0t
0s
0r
1y
0c
0i
#12017731
1t
0s
0r
1y
0c
0i
#12018326
0t
0s
0r
1y
0c
0i
#12018710
1t
0s
0r
1y
0c
0i
#12019305
0t
0s
0r
1y
0c
0i
#12019688
1t
0s
0r
1y
0c
0i
#12020286
0t
0s
0r
1y
0c
0i
#12020667
1t
0s
0r
1y
0c
0i
#12021262
0t
0s
0r
1y
0c
0i
#12021645
1t
0s
0r
1y
0c
0i
#12022242
0t
0s
0r
1y
0c
0i
#12022624
1t
0s
0r
1y
0c
0i
#12023225
0t
0s
0r
1y
0c
0i
#12023606
1t
0s
0r
1y
0c
0i
#12024204
0t
0s
0r
1y
0c
0i
#12024588
1t
0s
0r
1y
0c
0i
#12025188
0t
0s
0r
1y
0c
0i
#12025572
1t
0s
0r
1y
0c
0i
#12026176
0t
0s
0r
1y
0c
0i
#12026559
1t
0s
0r
1y
0c
0i
#12027162
0t
0s
0r
1y
0c
0i
#12027547
1t
0s
0r
1y
0c
0i
#12028151
0t
0s
0r
1y
0c
0i
#12028538
1t
0s
0r
1y
0c
0i
#12029144
0t
0s
0r
1y
0c
0i
#12029531
1t
0s
0r
1y
0c
0i
#12030135
0t
0s
0r
1y
0c
0i
#12030523
1t
0s
0r
1y
0c
0i
#12031129
0t
0s
0r
1y
0c
0i
#12031517
1t
0s
0r
1y
0c
0i
#12032127
0t
0s
0r
1y
0c
0i
#12032514
1t
0s
0r
1y
0c
0i
#12033120
0t
0s
0r
1y
0c
0i
#12033511
1t
0s
0r
1y
0c
0i
#12034118
0t
0s
0r
1y
0c
0i
#12034509
1t
0s
0r
1y
0c
0i
#12035120
0t
0s
0r
1y
0c
1i
#12035509
1t
0s
0r
1y
0c
1i
#12036117
0t
0s
0r
1y
0c
1i
#12036509
1t
0s
0r
1y
0c
1i
#12037119
0t
0s
0r
1y
0c
1i
#12037511
1t
0s
0r
1y
0c
1i
#12038125
0t
0s
0r
1y
0c
1i
#12038518
1t
0s
0r
1y
0c
1i
#12039129
0t
0s
0r
1y
0c
1i
#12039524
1t
0s
0r
1y
0c
1i
#12040139
0t
0s
0r
1y
0c
1i
#12040535
1t
0s
0r
1y
0c
1i
#12041155
0t
0s
0r
1y
1c
1i
#12041549
1t
0s
0r
1y
1c
1i
#12042168
0t
0s
0r
1y
1c
0i
#12042565
1t
0s
0r
1y
1c
0i
#12043186
0t
0s
0r
1y
1c
0i
#12043583
1t
0s
0r
1y
1c
0i
#12044208
0t
0s
0r
1y
1c
0i
#12044604
1t
0s
0r
1y
1c
0i
#12045224
0t
0s
0r
1y
1c
0i
#12045621
1t
0s
0r
1y
1c
0i
#12046241
0t
0s
0r
1y
1c
0i
#12046637
1t
0s
0r
1y
1c
0i
#12047258
0t
0s
0r
1y
1c
0i
#12047653
1t
0s
0r
1y
1c
0i
#12048268
0t
0s
0r
1y
1c
0i
#12048666
1t
0s
0r
1y
1c
0i
#12049281
0t
0s
0r
1y
1c
0i
#12049677
1t
0s
0r
1y
1c
0i
#12050295
0t
0s
0r
1y
1c
0i
#12050690
1t
0s
0r
1y
1c
0i
#12051304
0t
0s
0r
1y
1c
0i
#12051700
1t
0s
0r
1y
1c
0i
#12052315
0t
0s
0r
1y
1c
0i
#12052711
1t
0s
0r
1y
1c
0i
#12053329
0t
0s
0r
1y
1c
0i
#12053725
1t
0s
0r
1y
1c
0i
#12054340
0t
0s
0r
1y
1c
0i
#12054738
1t
0s
0r
1y
1c
0i
#12055355
0t
0s
0r
1y
1c
0i
#12055753
1t
0s
0r
1y
1c
0i
#12056373
0t
0s
0r
1y
1c
0i
#12056770
1t
0s
0r
1y
1c
0i
#12058384
0t
0s
0r
1y
1c
0i
#12059528
1t
0s
0r
1y
1c
0i
#12060454
0t
0s
0r
1y
1c
0i
#12060840
1t
0s
0r
1y
1c
0i
#12061464
0t
0s
0r
1y
1c
0i
#12061861
1t
0s
0r
1y
1c
0i
#12062483
0t
0s
0r
1y
1c
0i
#12062880
1t
0s
0r
1y
1c
0i
#12063503
0t
0s
0r
1y
1c
0i
#12063901
1t
0s
0r
1y
1c
0i
#12064524
0t
0s
0r
1y
1c
0i
#12064921
1t
0s
0r
1y
1c
0i
#12065547
0t
0s
0r
1y
1c
1i
#12065943
1t
0s
0r
1y
1c
1i
#12066565
0t
0s
0r
1y
1c
1i
#12066963
1t
0s
0r
1y
1c
1i
#12067587
0t
0s
0r
1y
1c
1i
#12067985
1t
0s
0r
1y
1c
1i
#12068612
0t
0s
0r
1y
1c
1i
#12069011
1t
0s
0r
1y
1c
1i
#12069634
0t
0s
0r
1y
1c
1i
#12070035
1t
0s
0r
1y
1c
1i
#12070662
0t
0s
0r
1y
0c
1i
#12071063
1t
0s
0r
1y
0c
1i
#12071695
0t
0s
0r
1y
0c
1i
#12072094
1t
0s
0r
1y
0c
1i
#12072725
0t
0s
0r
1y
0c
0i
#12073127
1t
0s
0r
1y
0c
0i
#12073759
0t
0s
0r
1y
0c
0i
#12074162
1t
0s
0r
1y
0c
0i
#12074798
0t
0s
0r
1y
0c
0i
#12075199
1t
0s
0r
1y
0c
0i
#12075830
0t
0s
0r
1y
0c
0i
#12076232
1t
0s
0r
1y
0c
0i
#12076864
0t
0s
0r
1y
0c
0i
#12077265
1t
0s
0r
1y
0c
0i
#12077898
0t
0s
0r
1y
0c
0i
#12078297
1t
0s
0r
1y
0c
0i
#12078924
0t
0s
0r
1y
0c
0i
#12079326
1t
0s
0r
1y
0c
0i
#12079954
0t
0s
0r
1y
0c
0i
#12080354
1t
0s
0r
1y
0c
0i
#12080984
0t
0s
0r
1y
0c
0i
#12081382
1t
0s
0r
1y
0c
0i
#12082010
0t
0s
0r
1y
0c
0i
#12082409
1t
0s
0r
1y
0c
0i
#12083038
0t
0s
0r
1y
0c
0i
#12083437
1t
0s
0r
1y
0c
0i
#12084069
0t
0s
0r
1y
0c
0i
#12084467
1t
0s
0r
1y
0c
0i
#12085096
0t
0s
0r
1y
0c
0i
#12085496
1t
0s
0r
1y
0c
0i
#12086128
0t
0s
0r
1y
0c
0i
#12086527
1t
0s
0r
1y
0c
0i
#12087164
0t
0s
0r
1y
0c
0i
#12087562
1t
0s
0r
1y
0c
0i
#12088195
0t
0s
0r
1y
0c
0i
#12088597
1t
0s
0r
1y
0c
0i
#12089231
0t
0s
0r
1y
0c
0i
#12089634
1t
0s
0r
1y
0c
0i
#12090271
0t
0s
0r
1y
0c
0i
#12090673
1t
0s
0r
1y
0c
0i
#12091307
0t
0s
0r
1y
0c
0i
#12091711
1t
0s
0r
1y
0c
0i
#12092347
0t
0s
0r
1y
0c
0i
#12092750
1t
0s
0r
1y
0c
0i
#12093390
0t
0s
0r
1y
0c
0i
#12093792
1t
0s
0r
1y
0c
0i
#12094428
0t
0s
0r
1y
0c
0i
#12094833
1t
0s
0r
1y
0c
0i
#12095470
0t
0s
0r
1y
0c
0i
#12095876
1t
0s
0r
1y
0c
0i
#12096516
0t
0s
0r
1y
0c
1i
#12096921
1t
0s
0r
1y
0c
1i
#12097558
0t
0s
0r
1y
0c
1i
#12097965
1t
0s
0r
1y
0c
1i
#12098605
0t
0s
0r
1y
0c
1i
#12099011
1t
0s
0r
1y
0c
1i
#12099654
0t
0s
0r
1y
0c
1i
#12100062
1t
0s
0r
1y
0c
1i
#12100702
0t
0s
0r
1y
0c
1i
#12101112
1t
0s
0r
1y
0c
1i
#12101756
0t
0s
0r
1y
0c
1i
#12102166
1t
0s
0r
1y
1c
1i
#12102816
0t
0s
0r
1y
1c
1i
#12103226
1t
0s
0r
1y
1c
0i
#12103873
0t
0s
0r
1y
1c
0i
#12104286
1t
0s
0r
1y
1c
0i
#12104937
0t
0s
0r
1y
1c
0i
#12105349
1t
0s
0r
1y
1c
0i
#12106004
0t
0s
0r
1y
1c
0i
#12106415
1t
0s
0r
1y
1c
0i
#12107064
0t
0s
0r
1y
1c
0i
#12107476
1t
0s
0r
1y
1c
0i
#12108126
0t
0s
0r
1y
1c
0i
#12108537
1t
0s
0r
1y
1c
0i
#12109189
0t
0s
0r
1y
1c
0i
#12109598
1t
0s
0r
1y
1c
0i
#12110243
0t
0s
0r
1y
1c
0i
#12110656
1t
0s
0r
1y
1c
0i
#12111301
0t
0s
0r
1y
1c
0i
#12111713
1t
0s
0r
1y
1c
0i
#12112360
0t
0s
0r
1y
1c
0i
#12112770
1t
0s
0r
1y
1c
0i
#12113414
0t
0s
0r
1y
1c
0i
#12113826
1t
0s
0r
1y
1c
0i
#12114472
0t
0s
0r
1y
1c
0i
#12114884
1t
0s
0r
1y
1c
0i
#12115532
0t
0s
0r
1y
1c
0i
#12115945
1t
0s
0r
1y
1c
0i
#12116590
0t
0s
0r
1y
1c
0i
#12117005
1t
0s
0r
1y
1c
0i
#12117653
0t
0s
0r
1y
1c
0i
#12118067
1t
0s
0r
1y
1c
0i
#12118720
0t
0s
0r
1y
1c
0i
#12119133
1t
0s
0r
1y
1c
0i
#12120830
0t
0s
0r
1y
1c
0i
#12122026
1t
0s
0r
1y
1c
0i
#12123002
0t
0s
0r
1y
1c
0i
#12123405
1t
0s
0r
1y
1c
0i
#12124064
0t
0s
0r
1y
1c
0i
#12124478
1t
0s
0r
1y
1c
0i
#12125135
0t
0s
0r
1y
1c
0i
#12125551
1t
0s
0r
1y
1c
0i
#12126209
0t
0s
0r
1y
1c
0i
#12126626
1t
0s
0r
1y
1c
0i
#12127284
0t
0s
0r
1y
1c
0i
#12127700
1t
0s
0r
1y
1c
0i
#12128362
0t
0s
0r
1y
1c
0i
#12128778
1t
0s
0r
1y
1c
0i
#12129437
0t
0s
0r
1y
1c
1i
#12129853
1t
0s
0r
1y
1c
1i
#12130516
0t
0s
0r
1y
1c
1i
#12130932
1t
0s
0r
1y
1c
1i
#12131598
0t
0s
0r
1y
1c
1i
#12132016
1t
0s
0r
1y
1c
1i
#12132679
0t
0s
0r
1y
1c
1i
#12133100
1t
0s
0r
1y
1c
1i
#12133766
0t
0s
0r
1y
1c
1i
#12134187
1t
0s
0r
1y
1c
1i
#12134859
0t
0s
0r
1y
0c
1i
#12135279
1t
0s
0r
1y
0c
1i
#12135950
0t
0s
0r
1y
0c
0i
#12136373
1t
0s
0r
1y
0c
0i
#12136628
1t
0s
1r
1y
0c
0i
#12136631
1t
0s
0r
1y
0c
0i
#12137046
0t
0s
0r
1y
0c
0i
#12137469
1t
0s
0r
1y
0c
0i
#12138146
0t
0s
0r
1y
0c
0i
#12138568
1t
0s
0r
1y
0c
0i
#12139240
0t
0s
0r
1y
0c
0i
#12139663
1t
0s
0r
1y
0c
0i
#12140335
0t
0s
0r
1y
0c
0i
#12140756
1t
0s
0r
1y
0c
0i
#12141430
0t
0s
0r
1y
0c
0i
#12141848
1t
0s
0r
1y
0c
0i
#12142517
0t
0s
0r
1y
0c
0i
#12142938
1t
0s
0r
1y
0c
0i
#12143606
0t
0s
0r
1y
0c
0i
#12144027
1t
0s
0r
1y
0c
0i
#12144698
0t
0s
0r
1y
0c
0i
#12145116
1t
0s
0r
1y
0c
0i
#12145785
0t
0s
0r
1y
0c
0i
#12146205
1t
0s
0r
1y
0c
0i
#12146876
0t
0s
0r
1y
0c
0i
#12147295
1t
0s
0r
1y
0c
0i
#12147971
0t
0s
0r
1y
0c
0i
#12148389
1t
0s
0r
1y
0c
0i
#12149061
0t
0s
0r
1y
0c
0i
#12149482
1t
0s
0r
1y
0c
0i
#12150158
0t
0s
0r
1y
0c
0i
#12150579
1t
0s
0r
1y
0c
0i
#12151259
0t
0s
0r
1y
0c
0i
#12151679
1t
0s
0r
1y
0c
0i
#12152357
0t
0s
0r
1y
0c
0i
#12152780
1t
0s
0r
1y
0c
0i
#12153459
0t
0s
0r
1y
0c
0i
#12153885
1t
0s
0r
1y
0c
0i
#12154567
0t
0s
0r
1y
0c
0i
#12154991
1t
0s
0r
1y
0c
0i
#12155670
0t
0s
0r
1y
0c
0i
#12156097
1t
0s
0r
1y
0c
0i
#12156779
0t
0s
0r
1y
0c
0i
#12157206
1t
0s
0r
1y
0c
0i
#12157892
0t
0s
0r
1y
0c
0i
#12158318
1t
0s
0r
1y
0c
0i
#12159000
0t
0s
0r
1y
0c
0i
#12159429
1t
0s
0r
1y
0c
0i
#12160113
0t
0s
0r
1y
0c
0i
#12160543
1t
0s
0r
1y
0c
0i
#12161231
0t
0s
0r
1y
0c
0i
#12161659
1t
0s
0r
1y
0c
0i
#12162344
0t
0s
0r
1y
0c
1i
#12162775
1t
0s
0r
1y
0c
1i
#12163463
0t
0s
0r
1y
0c
1i
#12163894
1t
0s
0r
1y
0c
1i
#12164586
0t
0s
0r
1y
0c
1i
#12165019
1t
0s
0r
1y
0c
1i
#12165709
0t
0s
0r
1y
0c
1i
#12166144
1t
0s
0r
1y
0c
1i
#12166839
0t
0s
0r
1y
1c
1i
#12167274
1t
0s
0r
1y
1c
1i
#12167975
0t
0s
0r
1y
1c
1i
#12168410
1t
0s
0r
1y
1c
1i
#12169109
0t
0s
0r
1y
1c
0i
#12169547
1t
0s
0r
1y
1c
0i
#12170249
0t
0s
0r
1y
1c
0i
#12170688
1t
0s
0r
1y
1c
0i
#12171394
0t
0s
0r
1y
1c
0i
#12171831
1t
0s
0r
1y
1c
0i
#12172532
0t
0s
0r
1y
1c
0i
#12172970
1t
0s
0r
1y
1c
0i
#12173671
0t
0s
0r
1y
1c
0i
#12174107
1t
0s
0r
1y
1c
0i
#12174809
0t
0s
0r
1y
1c
0i
#12175244
1t
0s
0r
1y
1c
0i
#12175938
0t
0s
0r
1y
1c
0i
#12176375
1t
0s
0r
1y
1c
0i
#12177068
0t
0s
0r
1y
1c
0i
#12177503
1t
0s
0r
1y
1c
0i
#12178197
0t
0s
0r
1y
1c
0i
#12178630
1t
0s
0r
1y
1c
0i
#12179317
0t
0s
0r
1y
1c
0i
#12179751
1t
0s
0r
1y
1c
0i
#12180437
0t
0s
0r
1y
1c
0i
#12180869
1t
0s
0r
1y
1c
0i
#12181555
0t
0s
0r
1y
1c
0i
#12181986
1t
0s
0r
1y
1c
0i
#12182665
0t
0s
0r
1y
1c
0i
#12183097
1t
0s
0r
1y
1c
0i
#12183775
0t
0s
0r
1y
1c
0i
#12184204
1t
0s
0r
1y
1c
0i
#12184884
0t
0s
0r
1y
1c
0i
#12185309
1t
0s
0r
1y
1c
0i
#12187059
0t
0s
0r
1y
1c
0i
#12188283
1t
0s
0r
1y
1c
0i
#12189281
0t
0s
0r
1y
1c
0i
#12189690
1t
0s
0r
1y
1c
0i
#12190362
0t
0s
0r
1y
1c
0i
#12190782
1t
0s
0r
1y
1c
0i
#12191450
0t
0s
0r
1y
1c
0i
#12191870
1t
0s
0r
1y
1c
0i
#12192537
0t
0s
0r
1y
1c
0i
#12192958
1t
0s
0r
1y
1c
0i
#12193624
0t
0s
0r
1y
1c
0i
#12194044
1t
0s
0r
1y
1c
0i
#12194713
0t
0s
0r
1y
1c
0i
#12195131
1t
0s
0r
1y
1c
0i
#12195796
0t
0s
0r
1y
1c
1i
#12196215
1t
0s
0r
1y
1c
1i
#12196882
0t
0s
0r
1y
1c
1i
#12197301
1t
0s
0r
1y
1c
1i
#12197971
0t
0s
0r
1y
1c
1i
#12198391
1t
0s
0r
1y
1c
1i
#12199057
0t
0s
0r
1y
1c
1i
#12199480
1t
0s
0r
1y
1c
1i
#12200150
0t
0s
0r
1y
0c
1i
#12200572
1t
0s
0r
1y
0c
1i
#12201248
0t
0s
0r
1y
0c
1i
#12201670
1t
0s
0r
1y
0c
1i
#12202344
0t
0s
0r
1y
0c
0i
#12202768
1t
0s
0r
1y
0c
0i
#12203445
0t
0s
0r
1y
0c
0i
#12203870
1t
0s
0r
1y
0c
0i
#12204550
0t
0s
0r
1y
0c
0i
#12204974
1t
0s
0r
1y
0c
0i
#12205649
0t
0s
0r
1y
0c
0i
#12206074
1t
0s
0r
1y
0c
0i
#12206749
0t
0s
0r
1y
0c
0i
#12207172
1t
0s
0r
1y
0c
0i
#12207849
0t
0s
0r
1y
0c
0i
#12208269
1t
0s
0r
1y
0c
0i
#12208940
0t
0s
0r
1y
0c
0i
#12209362
1t
0s
0r
1y
0c
0i
#12210030
0t
0s
0r
1y
0c
0i
#12210450
1t
0s
0r
1y
0c
0i
#12211118
0t
0s
0r
1y
0c
0i
#12211534
1t
0s
0r
1y
0c
0i
#12212194
0t
0s
0r
1y
0c
0i
#12212610
1t
0s
0r
1y
0c
0i
#12213268
0t
0s
0r
1y
0c
0i
#12213680
1t
0s
0r
1y
0c
0i
#12214336
0t
0s
0r
1y
0c
0i
#12214745
1t
0s
0r
1y
0c
0i
#12215393
0t
0s
0r
1y
0c
0i
#12215802
1t
0s
0r
1y
0c
0i
#12216449
0t
0s
0r
1y
0c
0i
#12216856
1t
0s
0r
1y
0c
0i
#12217504
0t
0s
0r
1y
0c
0i
#12217908
1t
0s
0r
1y
0c
0i
#12218550
0t
0s
0r
1y
0c
0i
#12218956
1t
0s
0r
1y
0c
0i
#12219597
0t
0s
0r
1y
0c
0i
#12220004
1t
0s
0r
1y
0c
0i
#12220646
0t
0s
0r
1y
0c
0i
#12221051
1t
0s
0r
1y
0c
0i
#12221688
0t
0s
0r
1y
0c
0i
#12222094
1t
0s
0r
1y
0c
0i
#12222732
0t
0s
0r
1y
0c
0i
#12223137
1t
0s
0r
1y
0c
0i
#12223777
0t
0s
0r
1y
0c
0i
#12224181
1t
0s
0r
1y
0c
0i
#12224816
0t
0s
0r
1y
0c
0i
#12225222
1t
0s
0r
1y
0c
0i
#12225857
0t
0s
0r
1y
0c
0i
#12226262
1t
0s
0r
1y
0c
0i
#12226900
0t
0s
0r
1y
0c
0i
#12227304
1t
0s
0r
1y
0c
0i
#12227938
0t
0s
0r
1y
0c
1i
#12228343
1t
0s
0r
1y
0c
1i
#12228979
0t
0s
0r
1y
0c
1i
#12229384
1t
0s
0r
1y
0c
1i
#12230022
0t
0s
0r
1y
0c
1i
#12230428
1t
0s
0r
1y
0c
1i
#12231064
0t
0s
0r
1y
0c
1i
#12231472
1t
0s
0r
1y
1c
1i
#12232111
0t
0s
0r
1y
1c
1i
#12232518
1t
0s
0r
1y
1c
1i
#12233163
0t
0s
0r
1y
1c
1i
#12233569
1t
0s
0r
1y
1c
1i
#12234211
0t
0s
0r
1y
1c
1i
#12234621
1t
0s
0r
1y
1c
0i
#12235266
0t
0s
0r
1y
1c
0i
#12235676
1t
0s
0r
1y
1c
0i
#12236324
0t
0s
0r
1y
1c
0i
#12236732
1t
0s
0r
1y
1c
0i
#12237376
0t
0s
0r
1y
1c
0i
#12237785
1t
0s
0r
1y
1c
0i
#12238430
0t
0s
0r
1y
1c
0i
#12238838
1t
0s
0r
1y
1c
0i
#12239484
0t
0s
0r
1y
1c
0i
#12239891
1t
0s
0r
1y
1c
0i
#12240530
0t
0s
0r
1y
1c
0i
#12240940
1t
0s
0r
1y
1c
0i
#12241580
0t
0s
0r
1y
1c
0i
#12241988
1t
0s
0r
1y
1c
0i
#12242630
0t
0s
0r
1y
1c
0i
#12243036
1t
0s
0r
1y
1c
0i
#12243674
0t
0s
0r
1y
1c
0i
#12244082
1t
0s
0r
1y
1c
0i
#12244720
0t
0s
0r
1y
1c
0i
#12245127
1t
0s
0r
1y
1c
0i
#12245767
0t
0s
0r
1y
1c
0i
#12246175
1t
0s
0r
1y
1c
0i
#12246811
0t
0s
0r
1y
1c
0i
#12247220
1t
0s
0r
1y
1c
0i
#12247857
0t
0s
0r
1y
1c
0i
#12248265
1t
0s
0r
1y
1c
0i
#12248905
0t
0s
0r
1y
1c
0i
#12249311
1t
0s
0r
1y
1c
0i
#12250968
0t
0s
0r
1y
1c
0i
#12252135
1t
0s
0r
1y
1c
0i
#12253080
0t
0s
0r
1y
1c
0i
#12253472
1t
0s
0r
1y
1c
0i
#12254109
0t
0s
0r
1y
1c
0i
#12254510
1t
0s
0r
1y
1c
0i
#12255143
0t
0s
0r
1y
1c
0i
#12255544
1t
0s
0r
1y
1c
0i
#12256176
0t
0s
0r
1y
1c
0i
#12256579
1t
0s
0r
1y
1c
0i
#12257209
0t
0s
0r
1y
1c
0i
#12257610
1t
0s
0r
1y
1c
0i
#12258243
0t
0s
0r
1y
1c
0i
#12258643
1t
0s
0r
1y
1c
0i
#12259272
0t
0s
0r
1y
1c
0i
#12259673
1t
0s
0r
1y
1c
0i
#12260304
0t
0s
0r
1y
1c
1i
#12260706
1t
0s
0r
1y
1c
1i
#12261339
0t
0s
0r
1y
1c
1i
#12261741
1t
0s
0r
1y
1c
1i
#12262371
0t
0s
0r
1y
0c
1i
#12262776
1t
0s
0r
1y
0c
1i
#12263409
0t
0s
0r
1y
0c
1i
#12263813
1t
0s
0r
1y
0c
1i
#12264452
0t
0s
0r
1y
0c
1i
#12264855
1t
0s
0r
1y
0c
1i
#12265492
0t
0s
0r
1y
0c
1i
#12265897
1t
0s
0r
1y
0c
1i
#12266537
0t
0s
0r
1y
0c
0i
#12266943
1t
0s
0r
1y
0c
0i
#12267585
0t
0s
0r
1y
0c
0i
#12267685
0t
0s
1r
1y
0c
0i
#12267688
0t
0s
0r
1y
0c
0i
#12267990
1t
0s
0r
1y
0c
0i
#12268627
0t
0s
0r
1y
0c
0i
#12269033
1t
0s
0r
1y
0c
0i
#12269671
0t
0s
0r
1y
0c
0i
#12270075
1t
0s
0r
1y
0c
0i
#12270715
0t
0s
0r
1y
0c
0i
#12271117
1t
0s
0r
1y
0c
0i
#12271752
0t
0s
0r
1y
0c
0i
#12272156
1t
0s
0r
1y
0c
0i
#12272791
0t
0s
0r
1y
0c
0i
#12273194
1t
0s
0r
1y
0c
0i
#12273831
0t
0s
0r
1y
0c
0i
#12274232
1t
0s
0r
1y
0c
0i
#12274866
0t
0s
0r
1y
0c
0i
#12275268
1t
0s
0r
1y
0c
0i
#12275903
0t
0s
0r
1y
0c
0i
#12276304
1t
0s
0r
1y
0c
0i
#12276943
0t
0s
0r
1y
0c
0i
#12277342
1t
0s
0r
1y
0c
0i
#12277977
0t
0s
0r
1y
0c
0i
#12278378
1t
0s
0r
1y
0c
0i
#12279015
0t
0s
0r
1y
0c
0i
#12279416
1t
0s
0r
1y
0c
0i
#12280055
0t
0s
0r
1y
0c
0i
#12280456
1t
0s
0r
1y
0c
0i
#12281092
0t
0s
0r
1y
0c
0i
#12281494
1t
0s
0r
1y
0c
0i
#12282130
0t
0s
0r
1y
0c
0i
#12282534
1t
0s
0r
1y
0c
0i
#12283172
0t
0s
0r
1y
0c
0i
#12283575
1t
0s
0r
1y
0c
0i
#12284209
0t
0s
0r
1y
0c
0i
#12284613
1t
0s
0r
1y
0c
0i
#12285248
0t
0s
0r
1y
0c
0i
#12285651
1t
0s
0r
1y
0c
0i
#12286289
0t
0s
0r
1y
0c
0i
#12286691
1t
0s
0r
1y
0c
0i
#12287324
0t
0s
0r
1y
0c
0i
#12287728
1t
0s
0r
1y
0c
0i
#12288362
0t
0s
0r
1y
0c
0i
#12288765
1t
0s
0r
1y
0c
0i
#12289402
0t
0s
0r
1y
0c
0i
#12289804
1t
0s
0r
1y
0c
0i
#12290437
0t
0s
0r
1y
0c
0i
#12290841
1t
0s
0r
1y
0c
0i
#12291475
0t
0s
0r
1y
0c
1i
#12291879
1t
0s
0r
1y
0c
1i
#12292515
0t
0s
0r
1y
0c
1i
#12292920
1t
0s
0r
1y
0c
1i
#12293554
0t
0s
0r
1y
1c
1i
#12293961
1t
0s
0r
1y
1c
1i
#12294598
0t
0s
0r
1y
1c
1i
#12295004
1t
0s
0r
1y
1c
1i
#12295647
0t
0s
0r
1y
1c
1i
#12296052
1t
0s
0r
1y
1c
1i
#12296693
0t
0s
0r
1y
1c
1i
#12297102
1t
0s
0r
1y
1c
1i
#12297745
0t
0s
0r
1y
1c
0i
#12298154
1t
0s
0r
1y
1c
0i
#12298800
0t
0s
0r
1y
1c
0i
#12299208
1t
0s
0r
1y
1c
0i
#12299850
0t
0s
0r
1y
1c
0i
#12300258
1t
0s
0r
1y
1c
0i
#12300901
0t
0s
0r
1y
1c
0i
#12301308
1t
0s
0r
1y
1c
0i
#12301951
0t
0s
0r
1y
1c
0i
#12302357
1t
0s
0r
1y
1c
0i
#12302994
0t
0s
0r
1y
1c
0i
#12303402
1t
0s
0r
1y
1c
0i
#12304038
0t
0s
0r
1y
1c
0i
#12304444
1t
0s
0r
1y
1c
0i
#12305081
0t
0s
0r
1y
1c
0i
#12305485
1t
0s
0r
1y
1c
0i
#12306116
0t
0s
0r
1y
1c
0i
#12306521
1t
0s
0r
1y
1c
0i
#12307152
0t
0s
0r
1y
1c
0i
#12307555
1t
0s
0r
1y
1c
0i
#12308186
0t
0s
0r
1y
1c
0i
#12308588
1t
0s
0r
1y
1c
0i
#12309213
0t
0s
0r
1y
1c
0i
#12309616
1t
0s
0r
1y
1c
0i
#12310241
0t
0s
0r
1y
1c
0i
#12310642
1t
0s
0r
1y
1c
0i
#12311268
0t
0s
0r
1y
1c
0i
#12311667
1t
0s
0r
1y
1c
0i
#12313286
0t
0s
0r
1y
1c
0i
#12314429
1t
0s
0r
1y
1c
0i
#12315352
0t
0s
0r
1y
1c
0i
#12315737
1t
0s
0r
1y
1c
0i
#12316359
0t
0s
0r
1y
1c
0i
#12316753
1t
0s
0r
1y
1c
0i
#12317372
0t
0s
0r
1y
1c
0i
#12317766
1t
0s
0r
1y
1c
0i
#12318384
0t
0s
0r
1y
1c
0i
#12318780
1t
0s
0r
1y
1c
0i
#12319397
0t
0s
0r
1y
1c
0i
#12319792
1t
0s
0r
1y
1c
0i
#12320411
0t
0s
0r
1y
1c
0i
#12320805
1t
0s
0r
1y
1c
0i
#12321421
0t
0s
0r
1y
1c
0i
#12321815
1t
0s
0r
1y
1c
0i
#12322433
0t
0s
0r
1y
1c
1i
#12322827
1t
0s
0r
1y
1c
1i
#12323447
0t
0s
0r
1y
1c
1i
#12323842
1t
0s
0r
1y
1c
1i
#12324458
0t
0s
0r
1y
1c
1i
#12324856
1t
0s
0r
1y
0c
1i
#12325475
0t
0s
0r
1y
0c
1i
#12325872
1t
0s
0r
1y
0c
1i
#12326497
0t
0s
0r
1y
0c
1i
#12326893
1t
0s
0r
1y
0c
1i
#12327515
0t
0s
0r
1y
0c
1i
#12327914
1t
0s
0r
1y
0c
1i
#12328538
0t
0s
0r
1y
0c
0i
#12328937
1t
0s
0r
1y
0c
0i
#12329565
0t
0s
0r
1y
0c
0i
#12329962
1t
0s
0r
1y
0c
0i
#12330586
0t
0s
0r
1y
0c
0i
#12330984
1t
0s
0r
1y
0c
0i
#12331608
0t
0s
0r
1y
0c
0i
#12332005
1t
0s
0r
1y
0c
0i
#12332631
0t
0s
0r
1y
0c
0i
#12333026
1t
0s
0r
1y
0c
0i
#12333647
0t
0s
0r
1y
0c
0i
#12334044
1t
0s
0r
1y
0c
0i
#12334665
0t
0s
0r
1y
0c
0i
#12335060
1t
0s
0r
1y
0c
0i
#12335683
0t
0s
0r
1y
0c
0i
#12336076
1t
0s
0r
1y
0c
0i
#12336695
0t
0s
0r
1y
0c
0i
#12337090
1t
0s
0r
1y
0c
0i
#12337710
0t
0s
0r
1y
0c
0i
#12338104
1t
0s
0r
1y
0c
0i
#12338727
0t
0s
0r
1y
0c
0i
#12339120
1t
0s
0r
1y
0c
0i
#12339739
0t
0s
0r
1y
0c
0i
#12340133
1t
0s
0r
1y
0c
0i
#12340754
0t
0s
0r
1y
0c
0i
#12341148
1t
0s
0r
1y
0c
0i
#12341772
0t
0s
0r
1y
0c
0i
#12342165
1t
0s
0r
1y
0c
0i
#12342786
0t
0s
0r
1y
0c
0i
#12343180
1t
0s
0r
1y
0c
0i
#12343801
0t
0s
0r
1y
0c
0i
#12344197
1t
0s
0r
1y
0c
0i
#12344819
0t
0s
0r
1y
0c
0i
#12345214
1t
0s
0r
1y
0c
0i
#12345832
0t
0s
0r
1y
0c
0i
#12346227
1t
0s
0r
1y
0c
0i
#12346846
0t
0s
0r
1y
0c
0i
#12347241
1t
0s
0r
1y
0c
0i
#12347862
0t
0s
0r
1y
0c
0i
#12348256
1t
0s
0r
1y
0c
0i
#12348872
0t
0s
0r
1y
0c
0i
#12349267
1t
0s
0r
1y
0c
0i
#12349884
0t
0s
0r
1y
0c
0i
#12350279
1t
0s
0r
1y
0c
0i
#12350898
0t
0s
0r
1y
0c
0i
#12351291
1t
0s
0r
1y
0c
0i
#12351907
0t
0s
0r
1y
0c
0i
#12352302
1t
0s
0r
1y
0c
0i
#12352919
0t
0s
0r
1y
0c
1i
#12353314
1t
0s
0r
1y
0c
1i
#12353933
0t
0s
0r
1y
0c
1i
#12354329
1t
0s
0r
1y
0c
1i
#12354945
0t
0s
0r
1y
0c
1i
#12355342
1t
0s
0r
1y
0c
1i
#12355962
0t
0s
0r
1y
1c
1i
#12356359
1t
0s
0r
1y
1c
1i
#12356984
0t
0s
0r
1y
1c
1i
#12357380
1t
0s
0r
1y
1c
1i
#12358003
0t
0s
0r
1y
1c
1i
#12358402
1t
0s
0r
1y
1c
1i
#12359027
0t
0s
0r
1y
1c
0i
#12359426
1t
0s
0r
1y
1c
0i
#12360055
0t
0s
0r
1y
1c
0i
#12360453
1t
0s
0r
1y
1c
0i
#12361077
0t
0s
0r
1y
1c
0i
#12361476
1t
0s
0r
1y
1c
0i
#12362101
0t
0s
0r
1y
1c
0i
#12362499
1t
0s
0r
1y
1c
0i
#12363125
0t
0s
0r
1y
1c
0i
#12363521
1t
0s
0r
1y
1c
0i
#12364141
0t
0s
0r
1y
1c
0i
#12364540
1t
0s
0r
1y
1c
0i
#12365159
0t
0s
0r
1y
1c
0i
#12365557
1t
0s
0r
1y
1c
0i
#12366179
0t
0s
0r
1y
1c
0i
#12366575
1t
0s
0r
1y
1c
0i
#12367191
0t
0s
0r
1y
1c
0i
#12367588
1t
0s
0r
1y
1c
0i
#12368205
0t
0s
0r
1y
1c
0i
#12368602
1t
0s
0r
1y
1c
0i
#12369220
0t
0s
0r
1y
1c
0i
#12369617
1t
0s
0r
1y
1c
0i
#12370230
0t
0s
0r
1y
1c
0i
#12370628
1t
0s
0r
1y
1c
0i
#12371243
0t
0s
0r
1y
1c
0i
#12371639
1t
0s
0r
1y
1c
0i
#12372256
0t
0s
0r
1y
1c
0i
#12372650
1t
0s
0r
1y
1c
0i
#12374249
0t
0s
0r
1y
1c
0i
#12375379
1t
0s
0r
1y
1c
0i
#12376292
0t
0s
0r
1y
1c
0i
#12376673
1t
0s
0r
1y
1c
0i
#12377286
0t
0s
0r
1y
1c
0i
#12377677
1t
0s
0r
1y
1c
0i
#12378287
0t
0s
0r
1y
1c
0i
#12378678
1t
0s
0r
1y
1c
0i
#12379287
0t
0s
0r
1y
1c
0i
#12379679
1t
0s
0r
1y
1c
0i
#12380288
0t
0s
0r
1y
1c
0i
#12380678
1t
0s
0r
1y
1c
0i
#12381290
0t
0s
0r
1y
1c
0i
#12381678
1t
0s
0r
1y
1c
0i
#12382285
0t
0s
0r
1y
1c
0i
#12382675
1t
0s
0r
1y
1c
0i
#12383284
0t
0s
0r
1y
1c
0i
#12383674
1t
0s
0r
1y
1c
1i
#12384285
0t
0s
0r
1y
1c
1i
#12384676
1t
0s
0r
1y
1c
1i
#12385284
0t
0s
0r
1y
1c
1i
#12385676
1t
0s
0r
1y
1c
1i
#12386287
0t
0s
0r
1y
1c
1i
#12386679
1t
0s
0r
1y
0c
1i
#12387295
0t
0s
0r
1y
0c
1i
#12387686
1t
0s
0r
1y
0c
1i
#12388300
0t
0s
0r
1y
0c
1i
#12388693
1t
0s
0r
1y
0c
1i
#12389309
0t
0s
0r
1y
0c
1i
#12389703
1t
0s
0r
1y
0c
0i
#12390109
1t
0s
1r
1y
0c
0i
#12390112
1t
0s
0r
1y
0c
0i
#12390322
0t
0s
0r
1y
0c
0i
#12390715
1t
0s
0r
1y
0c
0i
#12391330
0t
0s
0r
1y
0c
0i
#12391724
1t
0s
0r
1y
0c
0i
#12392340
0t
0s
0r
1y
0c
0i
#12392732
1t
0s
0r
1y
0c
0i
#12393350
0t
0s
0r
1y
0c
0i
#12393740
1t
0s
0r
1y
0c
0i
#12394353
0t
0s
0r
1y
0c
0i
#12394746
1t
0s
0r
1y
0c
0i
#12395360
0t
0s
0r
1y
0c
0i
#12395752
1t
0s
0r
1y
0c
0i
#12396368
0t
0s
0r
1y
0c
0i
#12396758
1t
0s
0r
1y
0c
0i
#12397372
0t
0s
0r
1y
0c
0i
#12397764
1t
0s
0r
1y
0c
0i
#12398380
0t
0s
0r
1y
0c
0i
#12398771
1t
0s
0r
1y
0c
0i
#12399390
0t
0s
0r
1y
0c
0i
#12399780
1t
0s
0r
1y
0c
0i
#12400397
0t
0s
0r
1y
0c
0i
#12400789
1t
0s
0r
1y
0c
0i
#12401408
0t
0s
0r
1y
0c
0i
#12401801
1t
0s
0r
1y
0c
0i
#12402423
0t
0s
0r
1y
0c
0i
#12402815
1t
0s
0r
1y
0c
0i
#12403435
0t
0s
0r
1y
0c
0i
#12403830
1t
0s
0r
1y
0c
0i
#12404450
0t
0s
0r
1y
0c
0i
#12404846
1t
0s
0r
1y
0c
0i
#12405469
0t
0s
0r
1y
0c
0i
#12405864
1t
0s
0r
1y
0c
0i
#12406484
0t
0s
0r
1y
0c
0i
#12406880
1t
0s
0r
1y
0c
0i
#12407502
0t
0s
0r
1y
0c
0i
#12407898
1t
0s
0r
1y
0c
0i
#12408523
0t
0s
0r
1y
0c
0i
#12408917
1t
0s
0r
1y
0c
0i
#12409538
0t
0s
0r
1y
0c
0i
#12409935
1t
0s
0r
1y
0c
0i
#12410556
0t
0s
0r
1y
0c
0i
#12410954
1t
0s
0r
1y
0c
0i
#12411578
0t
0s
0r
1y
0c
0i
#12411974
1t
0s
0r
1y
0c
0i
#12412594
0t
0s
0r
1y
0c
0i
#12412993
1t
0s
0r
1y
0c
0i
#12413615
0t
0s
0r
1y
0c
0i
#12414013
1t
0s
0r
1y
0c
1i
#12414638
0t
0s
0r
1y
0c
1i
#12415037
1t
0s
0r
1y
0c
1i
#12415659
0t
0s
0r
1y
0c
1i
#12416060
1t
0s
0r
1y
0c
1i
#12416686
0t
0s
0r
1y
1c
1i
#12417087
1t
0s
0r
1y
1c
1i
#12417718
0t
0s
0r
1y
1c
1i
#12418118
1t
0s
0r
1y
1c
1i
#12418747
0t
0s
0r
1y
1c
1i
#12419149
1t
0s
0r
1y
1c
1i
#12419781
0t
0s
0r
1y
1c
1i
#12420184
1t
0s
0r
1y
1c
0i
#12420819
0t
0s
0r
1y
1c
0i
#12421220
1t
0s
0r
1y
1c
0i
#12421851
0t
0s
0r
1y
1c
0i
#12422254
1t
0s
0r
1y
1c
0i
#12422885
0t
0s
0r
1y
1c
0i
#12423286
1t
0s
0r
1y
1c
0i
#12423918
0t
0s
0r
1y
1c
0i
#12424319
1t
0s
0r
1y
1c
0i
#12424945
0t
0s
0r
1y
1c
0i
#12425348
1t
0s
0r
1y
1c
0i
#12425974
0t
0s
0r
1y
1c
0i
#12426376
1t
0s
0r
1y
1c
0i
#12427005
0t
0s
0r
1y
1c
0i
#12427405
1t
0s
0r
1y
1c
0i
#12428029
0t
0s
0r
1y
1c
0i
#12428431
1t
0s
0r
1y
1c
0i
#12429057
0t
0s
0r
1y
1c
0i
#12429458
1t
0s
0r
1y
1c
0i
#12430085
0t
0s
0r
1y
1c
0i
#12430487
1t
0s
0r
1y
1c
0i
#12431110
0t
0s
0r
1y
1c
0i
#12431513
1t
0s
0r
1y
1c
0i
#12432138
0t
0s
0r
1y
1c
0i
#12432540
1t
0s
0r
1y
1c
0i
#12433167
0t
0s
0r
1y
1c
0i
#12433568
1t
0s
0r
1y
1c
0i
#12435195
0t
0s
0r
1y
1c
0i
#12436346
1t
0s
0r
1y
1c
0i
#12437275
0t
0s
0r
1y
1c
0i
#12437662
1t
0s
0r
1y
1c
0i
#12438287
0t
0s
0r
1y
1c
0i
#12438683
1t
0s
0r
1y
1c
0i
#12439306
0t
0s
0r
1y
1c
0i
#12439702
1t
0s
0r
1y
1c
0i
#12440324
0t
0s
0r
1y
1c
0i
#12440721
1t
0s
0r
1y
1c
0i
#12441342
0t
0s
0r
1y
1c
0i
#12441738
1t
0s
0r
1y
1c
0i
#12442360
0t
0s
0r
1y
1c
0i
#12442755
1t
0s
0r
1y
1c
0i
#12443374
0t
0s
0r
1y
1c
0i
#12443770
1t
0s
0r
1y
1c
0i
#12444391
0t
0s
0r
1y
1c
0i
#12444787
1t
0s
0r
1y
1c
1i
#12445410
0t
0s
0r
1y
1c
1i
#12445807
1t
0s
0r
1y
1c
1i
#12446426
0t
0s
0r
1y
1c
1i
#12446826
1t
0s
0r
1y
1c
1i
#12447449
0t
0s
0r
1y
1c
1i
#12447848
1t
0s
0r
1y
1c
1i
#12448476
0t
0s
0r
1y
0c
1i
#12448874
1t
0s
0r
1y
0c
1i
#12449500
0t
0s
0r
1y
0c
1i
#12449901
1t
0s
0r
1y
0c
1i
#12450530
0t
0s
0r
1y
0c
1i
#12450930
1t
0s
0r
1y
0c
0i
#12451562
0t
0s
0r
1y
0c
0i
#12451962
1t
0s
0r
1y
0c
0i
#12452590
0t
0s
0r
1y
0c
0i
#12452990
1t
0s
0r
1y
0c
0i
#12453618
0t
0s
0r
1y
0c
0i
#12454017
1t
0s
0r
1y
0c
0i
#12454647
0t
0s
0r
1y
0c
0i
#12455044
1t
0s
0r
1y
0c
0i
#12455669
0t
0s
0r
1y
0c
0i
#12456069
1t
0s
0r
1y
0c
0i
#12456694
0t
0s
0r
1y
0c
0i
#12457092
1t
0s
0r
1y
0c
0i
#12457719
0t
0s
0r
1y
0c
0i
#12458116
1t
0s
0r
1y
0c
0i
#12458739
0t
0s
0r
1y
0c
0i
#12459137
1t
0s
0r
1y
0c
0i
#12459761
0t
0s
0r
1y
0c
0i
#12460157
1t
0s
0r
1y
0c
0i
#12460785
0t
0s
0r
1y
0c
0i
#12461179
1t
0s
0r
1y
0c
0i
#12461802
0t
0s
0r
1y
0c
0i
#12462199
1t
0s
0r
1y
0c
0i
#12462823
0t
0s
0r
1y
0c
0i
#12463219
1t
0s
0r
1y
0c
0i
#12463846
0t
0s
0r
1y
0c
0i
#12464240
1t
0s
0r
1y
0c
0i
#12464863
0t
0s
0r
1y
0c
0i
#12465259
1t
0s
0r
1y
0c
0i
#12465881
0t
0s
0r
1y
0c
0i
#12466277
1t
0s
0r
1y
0c
0i
#12466901
0t
0s
0r
1y
0c
0i
#12467296
1t
0s
0r
1y
0c
0i
#12467914
0t
0s
0r
1y
0c
0i
#12468310
1t
0s
0r
1y
0c
0i
#12468929
0t
0s
0r
1y
0c
0i
#12469324
1t
0s
0r
1y
0c
0i
#12469945
0t
0s
0r
1y
0c
0i
#12470338
1t
0s
0r
1y
0c
0i
#12470953
0t
0s
0r
1y
0c
0i
#12471349
1t
0s
0r
1y
0c
0i
#12471965
0t
0s
0r
1y
0c
0i
#12472359
1t
0s
0r
1y
0c
0i
#12472978
0t
0s
0r
1y
0c
0i
#12473371
1t
0s
0r
1y
0c
0i
#12473986
0t
0s
0r
1y
0c
0i
#12474381
1t
0s
0r
1y
0c
0i
#12474997
0t
0s
0r
1y
0c
0i
#12475392
1t
0s
0r
1y
0c
1i
#12476010
0t
0s
0r
1y
0c
1i
#12476406
1t
0s
0r
1y
0c
1i
#12477022
0t
0s
0r
1y
0c
1i
#12477419
1t
0s
0r
1y
0c
1i
#12478038
0t
0s
0r
1y
0c
1i
#12478435
1t
0s
0r
1y
1c
1i
#12479059
0t
0s
0r
1y
1c
1i
#12479456
1t
0s
0r
1y
1c
1i
#12480078
0t
0s
0r
1y
1c
1i
#12480477
1t
0s
0r
1y
1c
1i
#12481102
0t
0s
0r
1y
1c
1i
#12481501
1t
0s
0r
1y
1c
1i
#12482128
0t
0s
0r
1y
1c
0i
#12482526
1t
0s
0r
1y
1c
0i
#12483150
0t
0s
0r
1y
1c
0i
#12483549
1t
0s
0r
1y
1c
0i
#12484173
0t
0s
0r
1y
1c
0i
#12484571
1t
0s
0r
1y
1c
0i
#12485196
0t
0s
0r
1y
1c
0i
#12485593
1t
0s
0r
1y
1c
0i
#12486213
0t
0s
0r
1y
1c
0i
#12486613
1t
0s
0r
1y
1c
0i
#12487233
0t
0s
0r
1y
1c
0i
#12487631
1t
0s
0r
1y
1c
0i
#12488254
0t
0s
0r
1y
1c
0i
#12488651
1t
0s
0r
1y
1c
0i
#12489270
0t
0s
0r
1y
1c
0i
#12489669
1t
0s
0r
1y
1c
0i
#12490289
0t
0s
0r
1y
1c
0i
#12490688
1t
0s
0r
1y
1c
0i
#12491311
0t
0s
0r
1y
1c
0i
#12491710
1t
0s
0r
1y
1c
0i
#12492329
0t
0s
0r
1y
1c
0i
#12492730
1t
0s
0r
1y
1c
0i
#12493352
0t
0s
0r
1y
1c
0i
#12493752
1t
0s
0r
1y
1c
0i
#12494377
0t
0s
0r
1y
1c
0i
#12494776
1t
0s
0r
1y
1c
0i
#12496400
0t
0s
0r
1y
1c
0i
#12497549
1t
0s
0r
1y
1c
0i
#12498480
0t
0s
0r
1y
1c
0i
#12498868
1t
0s
0r
1y
1c
0i
#12499495
0t
0s
0r
1y
1c
0i
#12499892
1t
0s
0r
1y
1c
0i
#12500517
0t
0s
0r
1y
1c
0i
#12500914
1t
0s
0r
1y
1c
0i
#12501538
0t
0s
0r
1y
1c
0i
#12501937
1t
0s
0r
1y
1c
0i
#12502560
0t
0s
0r
1y
1c
0i
#12502958
1t
0s
0r
1y
1c
0i
#12503583
0t
0s
0r
1y
1c
0i
#12503980
1t
0s
0r
1y
1c
0i
#12504602
0t
0s
0r
1y
1c
0i
#12505000
1t
0s
0r
1y
1c
0i
#12505623
0t
0s
0r
1y
1c
1i
#12506021
1t
0s
0r
1y
1c
1i
#12506647
0t
0s
0r
1y
1c
1i
#12507045
1t
0s
0r
1y
1c
1i
#12507668
0t
0s
0r
1y
1c
1i
#12508068
1t
0s
0r
1y
1c
1i
#12508694
0t
0s
0r
1y
0c
1i
#12509094
1t
0s
0r
1y
0c
1i
#12509725
0t
0s
0r
1y
0c
1i
#12510124
1t
0s
0r
1y
0c
1i
#12510754
0t
0s
0r
1y
0c
1i
#12511155
1t
0s
0r
1y
0c
1i
#12511787
0t
0s
0r
1y
0c
0i
#12512151
0t
0s
1r
1y
0c
0i
#12512154
0t
0s
0r
1y
0c
0i
#12512189
1t
0s
0r
1y
0c
0i
#12512824
0t
0s
0r
1y
0c
0i
#12513225
1t
0s
0r
1y
0c
0i
#12513855
0t
0s
0r
1y
0c
0i
#12514257
1t
0s
0r
1y
0c
0i
#12514888
0t
0s
0r
1y
0c
0i
#12515288
1t
0s
0r
1y
0c
0i
#12515920
0t
0s
0r
1y
0c
0i
#12516318
1t
0s
0r
1y
0c
0i
#12516944
0t
0s
0r
1y
0c
0i
#12517344
1t
0s
0r
1y
0c
0i
#12517969
0t
0s
0r
1y
0c
0i
#12518367
1t
0s
0r
1y
0c
0i
#12518992
0t
0s
0r
1y
0c
0i
#12519387
1t
0s
0r
1y
0c
0i
#12520007
0t
0s
0r
1y
0c
0i
#12520401
1t
0s
0r
1y
0c
0i
#12521019
0t
0s
0r
1y
0c
0i
#12521410
1t
0s
0r
1y
0c
0i
#12522029
0t
0s
0r
1y
0c
0i
#12522417
1t
0s
0r
1y
0c
0i
#12523029
0t
0s
0r
1y
0c
0i
#12523418
1t
0s
0r
1y
0c
0i
#12524029
0t
0s
0r
1y
0c
0i
#12524417
1t
0s
0r
1y
0c
0i
#12525028
0t
0s
0r
1y
0c
0i
#12525414
1t
0s
0r
1y
0c
0i
#12526021
0t
0s
0r
1y
0c
0i
#12526408
1t
0s
0r
1y
0c
0i
#12527014
0t
0s
0r
1y
0c
0i
#12527402
1t
0s
0r
1y
0c
0i
#12528010
0t
0s
0r
1y
0c
0i
#12528396
1t
0s
0r
1y
0c
0i
#12529000
0t
0s
0r
1y
0c
0i
#12529387
1t
0s
0r
1y
0c
0i
#12529992
0t
0s
0r
1y
0c
0i
#12530378
1t
0s
0r
1y
0c
0i
#12530985
0t
0s
0r
1y
0c
0i
#12531370
1t
0s
0r
1y
0c
0i
#12531972
0t
0s
0r
1y
0c
0i
#12532360
1t
0s
0r
1y
0c
0i
#12532963
0t
0s
0r
1y
0c
0i
#12533350
1t
0s
0r
1y
0c
0i
#12533955
0t
0s
0r
1y
0c
0i
#12534341
1t
0s
0r
1y
0c
0i
#12534943
0t
0s
0r
1y
0c
0i
#12535330
1t
0s
0r
1y
0c
0i
#12535933
0t
0s
0r
1y
0c
1i
#12536321
1t
0s
0r
1y
0c
1i
#12536926
0t
0s
0r
1y
0c
1i
#12537314
1t
0s
0r
1y
0c
1i
#12537916
0t
0s
0r
1y
0c
1i
#12538306
1t
0s
0r
1y
0c
1i
#12538912
0t
0s
0r
1y
1c
1i
#12539301
1t
0s
0r
1y
1c
1i
#12539911
0t
0s
0r
1y
1c
1i
#12540300
1t
0s
0r
1y
1c
1i
#12540907
0t
0s
0r
1y
1c
1i
#12541299
1t
0s
0r
1y
1c
1i
#12541909
0t
0s
0r
1y
1c
1i
#12542300
1t
0s
0r
1y
1c
0i
#12542914
0t
0s
0r
1y
1c
0i
#12543304
1t
0s
0r
1y
1c
0i
#12543913
0t
0s
0r
1y
1c
0i
#12544304
1t
0s
0r
1y
1c
0i
#12544914
0t
0s
0r
1y
1c
0i
#12545305
1t
0s
0r
1y
1c
0i
#12545916
0t
0s
0r
1y
1c
0i
#12546305
1t
0s
0r
1y
1c
0i
#12546911
0t
0s
0r
1y
1c
0i
#12547303
1t
0s
0r
1y
1c
0i
#12547908
0t
0s
0r
1y
1c
0i
#12548299
1t
0s
0r
1y
1c
0i
#12548907
0t
0s
0r
1y
1c
0i
#12549296
1t
0s
0r
1y
1c
0i
#12549900
0t
0s
0r
1y
1c
0i
#12550291
1t
0s
0r
1y
1c
0i
#12550895
0t
0s
0r
1y
1c
0i
#12551285
1t
0s
0r
1y
1c
0i
#12551891
0t
0s
0r
1y
1c
0i
#12552281
1t
0s
0r
1y
1c
0i
#12552883
0t
0s
0r
1y
1c
0i
#12553274
1t
0s
0r
1y
1c
0i
#12553876
0t
0s
0r
1y
1c
0i
#12554266
1t
0s
0r
1y
1c
0i
#12554870
0t
0s
0r
1y
1c
0i
#12555258
1t
0s
0r
1y
1c
0i
#12556824
0t
0s
0r
1y
1c
0i
#12557934
1t
0s
0r
1y
1c
0i
#12558825
0t
0s
0r
1y
1c
0i
#12559199
1t
0s
0r
1y
1c
0i
#12559799
0t
0s
0r
1y
1c
0i
#12560182
1t
0s
0r
1y
1c
0i
#12560779
0t
0s
0r
1y
1c
0i
#12561163
1t
0s
0r
1y
1c
0i
#12561759
0t
0s
0r
1y
1c
0i
#12562143
1t
0s
0r
1y
1c
0i
#12562738
0t
0s
0r
1y
1c
0i
#12563121
1t
0s
0r
1y
1c
0i
#12563719
0t
0s
0r
1y
1c
0i
#12564101
1t
0s
0r
1y
1c
0i
#12564695
0t
0s
0r
1y
1c
0i
#12565078
1t
0s
0r
1y
1c
0i
#12565673
0t
0s
0r
1y
1c
1i
#12566056
1t
0s
0r
1y
1c
1i
#12566654
0t
0s
0r
1y
1c
1i
#12567038
1t
0s
0r
1y
1c
1i
#12567632
0t
0s
0r
1y
1c
1i
#12568017
1t
0s
0r
1y
1c
1i
#12568614
0t
0s
0r
1y
1c
1i
#12569000
1t
0s
0r
1y
0c
1i
#12569601
0t
0s
0r
1y
0c
1i
#12569985
1t
0s
0r
1y
0c
1i
#12570585
0t
0s
0r
1y
0c
1i
#12570971
1t
0s
0r
1y
0c
1i
#12571573
0t
0s
0r
1y
0c
1i
#12571960
1t
0s
0r
1y
0c
0i
#12572564
0t
0s
0r
1y
0c
0i
#12572949
1t
0s
0r
1y
0c
0i
#12573550
0t
0s
0r
1y
0c
0i
#12573936
1t
0s
0r
1y
0c
0i
#12574537
0t
0s
0r
1y
0c
0i
#12574922
1t
0s
0r
1y
0c
0i
#12575525
0t
0s
0r
1y
0c
0i
#12575909
1t
0s
0r
1y
0c
0i
#12576507
0t
0s
0r
1y
0c
0i
#12576893
1t
0s
0r
1y
0c
0i
#12577491
0t
0s
0r
1y
0c
0i
#12577876
1t
0s
0r
1y
0c
0i
#12578476
0t
0s
0r
1y
0c
0i
#12578859
1t
0s
0r
1y
0c
0i
#12579456
0t
0s
0r
1y
0c
0i
#12579840
1t
0s
0r
1y
0c
0i
#12580439
0t
0s
0r
1y
0c
0i
#12580822
1t
0s
0r
1y
0c
0i
#12581424
0t
0s
0r
1y
0c
0i
#12581805
1t
0s
0r
1y
0c
0i
#12582403
0t
0s
0r
1y
0c
0i
#12582787
1t
0s
0r
1y
0c
0i
#12583386
0t
0s
0r
1y
0c
0i
#12583769
1t
0s
0r
1y
0c
0i
#12584371
0t
0s
0r
1y
0c
0i
#12584752
1t
0s
0r
1y
0c
0i
#12585351
0t
0s
0r
1y
0c
0i
#12585734
1t
0s
0r
1y
0c
0i
#12586333
0t
0s
0r
1y
0c
0i
#12586717
1t
0s
0r
1y
0c
0i
#12587317
0t
0s
0r
1y
0c
0i
#12587700
1t
0s
0r
1y
0c
0i
#12588295
0t
0s
0r
1y
0c
0i
#12588679
1t
0s
0r
1y
0c
0i
#12589275
0t
0s
0r
1y
0c
0i
#12589658
1t
0s
0r
1y
0c
0i
#12590256
0t
0s
0r
1y
0c
0i
#12590637
1t
0s
0r
1y
0c
0i
#12591230
0t
0s
0r
1y
0c
0i
#12591613
1t
0s
0r
1y
0c
0i
#12592207
0t
0s
0r
1y
0c
0i
#12592589
1t
0s
0r
1y
0c
0i
#12593185
0t
0s
0r
1y
0c
0i
#12593567
1t
0s
0r
1y
0c
0i
#12594158
0t
0s
0r
1y
0c
0i
#12594541
1t
0s
0r
1y
0c
0i
#12595135
0t
0s
0r
1y
0c
0i
#12595517
1t
0s
0r
1y
0c
1i
#12596113
0t
0s
0r
1y
0c
1i
#12596497
1t
0s
0r
1y
0c
1i
#12597089
0t
0s
0r
1y
0c
1i
#12597474
1t
0s
0r
1y
0c
1i
#12598069
0t
0s
0r
1y
0c
1i
#12598454
1t
0s
0r
1y
1c
1i
#12599054
0t
0s
0r
1y
1c
1i
#12599438
1t
0s
0r
1y
1c
1i
#12600036
0t
0s
0r
1y
1c
1i
#12600423
1t
0s
0r
1y
1c
1i
#12601023
0t
0s
0r
1y
1c
1i
#12601409
1t
0s
0r
1y
1c
0i
#12602013
0t
0s
0r
1y
1c
0i
#12602398
1t
0s
0r
1y
1c
0i
#12602997
0t
0s
0r
1y
1c
0i
#12603384
1t
0s
0r
1y
1c
0i
#12603984
0t
0s
0r
1y
1c
0i
#12604369
1t
0s
0r
1y
1c
0i
#12604971
0t
0s
0r
1y
1c
0i
#12605355
1t
0s
0r
1y
1c
0i
#12605951
0t
0s
0r
1y
1c
0i
#12606338
1t
0s
0r
1y
1c
0i
#12606934
0t
0s
0r
1y
1c
0i
#12607320
1t
0s
0r
1y
1c
0i
#12607918
0t
0s
0r
1y
1c
0i
#12608302
1t
0s
0r
1y
1c
0i
#12608896
0t
0s
0r
1y
1c
0i
#12609281
1t
0s
0r
1y
1c
0i
#12609876
0t
0s
0r
1y
1c
0i
#12610261
1t
0s
0r
1y
1c
0i
#12610857
0t
0s
0r
1y
1c
0i
#12611241
1t
0s
0r
1y
1c
0i
#12611833
0t
0s
0r
1y
1c
0i
#12612219
1t
0s
0r
1y
1c
0i
#12612811
0t
0s
0r
1y
1c
0i
#12613195
1t
0s
0r
1y
1c
0i
#12613789
0t
0s
0r
1y
1c
0i
#12614172
1t
0s
0r
1y
1c
0i
#12615713
0t
0s
0r
1y
1c
0i
#12616806
1t
0s
0r
1y
1c
0i
#12617685
0t
0s
0r
1y
1c
0i
#12618053
1t
0s
0r
1y
1c
0i
#12618644
0t
0s
0r
1y
1c
0i
#12619022
1t
0s
0r
1y
1c
0i
#12619610
0t
0s
0r
1y
1c
0i
#12619988
1t
0s
0r
1y
1c
0i
#12620574
0t
0s
0r
1y
1c
0i
#12620954
1t
0s
0r
1y
1c
0i
#12621540
0t
0s
0r
1y
1c
0i
#12621918
1t
0s
0r
1y
1c
0i
#12622506
0t
0s
0r
1y
1c
0i
#12622883
1t
0s
0r
1y
1c
0i
#12623467
0t
0s
0r
1y
1c
0i
#12623846
1t
0s
0r
1y
1c
0i
#12624432
0t
0s
0r
1y
1c
0i
#12624809
1t
0s
0r
1y
1c
1i
#12625397
0t
0s
0r
1y
1c
1i
#12625776
1t
0s
0r
1y
1c
1i
#12626361
0t
0s
0r
1y
1c
1i
#12626742
1t
0s
0r
1y
1c
1i
#12627330
0t
0s
0r
1y
1c
1i
#12627710
1t
0s
0r
1y
0c
1i
#12628302
0t
0s
0r
1y
0c
1i
#12628681
1t
0s
0r
1y
0c
1i
#12629272
0t
0s
0r
1y
0c
1i
#12629653
1t
0s
0r
1y
0c
1i
#12630245
0t
0s
0r
1y
0c
1i
#12630627
1t
0s
0r
1y
0c
0i
#12631061
1t
0s
1r
1y
0c
0i
#12631063
1t
0s
0r
1y
0c
0i
#12631223
0t
0s
0r
1y
0c
0i
#12631604
1t
0s
0r
1y
0c
0i
#12632195
0t
0s
0r
1y
0c
0i
#12632577
1t
0s
0r
1y
0c
0i
#12633169
0t
0s
0r
1y
0c
0i
#12633549
1t
0s
0r
1y
0c
0i
#12634144
0t
0s
0r
1y
0c
0i
#12634523
1t
0s
0r
1y
0c
0i
#12635112
0t
0s
0r
1y
0c
0i
#12635494
1t
0s
0r
1y
0c
0i
#12636084
0t
0s
0r
1y
0c
0i
#12636464
1t
0s
0r
1y
0c
0i
#12637057
0t
0s
0r
1y
0c
0i
#12637436
1t
0s
0r
1y
0c
0i
#12638026
0t
0s
0r
1y
0c
0i
#12638406
1t
0s
0r
1y
0c
0i
#12638998
0t
0s
0r
1y
0c
0i
#12639377
1t
0s
0r
1y
0c
0i
#12639973
0t
0s
0r
1y
0c
0i
#12640350
1t
0s
0r
1y
0c
0i
#12640942
0t
0s
0r
1y
0c
0i
#12641321
1t
0s
0r
1y
0c
0i
#12641915
0t
0s
0r
1y
0c
0i
#12642294
1t
0s
0r
1y
0c
0i
#12642890
0t
0s
0r
1y
0c
0i
#12643268
1t
0s
0r
1y
0c
0i
#12643861
0t
0s
0r
1y
0c
0i
#12644241
1t
0s
0r
1y
0c
0i
#12644833
0t
0s
0r
1y
0c
0i
#12645214
1t
0s
0r
1y
0c
0i
#12645808
0t
0s
0r
1y
0c
0i
#12646187
1t
0s
0r
1y
0c
0i
#12646777
0t
0s
0r
1y
0c
0i
#12647157
1t
0s
0r
1y
0c
0i
#12647747
0t
0s
0r
1y
0c
0i
#12648127
1t
0s
0r
1y
0c
0i
#12648719
0t
0s
0r
1y
0c
0i
#12649097
1t
0s
0r
1y
0c
0i
#12649684
0t
0s
0r
1y
0c
0i
#12650065
1t
0s
0r
1y
0c
0i
#12650652
0t
0s
0r
1y
0c
0i
#12651032
1t
0s
0r
1y
0c
0i
#12651622
0t
0s
0r
1y
0c
0i
#12652000
1t
0s
0r
1y
0c
0i
#12652586
0t
0s
0r
1y
0c
0i
#12652966
1t
0s
0r
1y
0c
0i
#12653553
0t
0s
0r
1y
0c
0i
#12653933
1t
0s
0r
1y
0c
1i
#12654523
0t
0s
0r
1y
0c
1i
#12654904
1t
0s
0r
1y
0c
1i
#12655490
0t
0s
0r
1y
0c
1i
#12655873
1t
0s
0r
1y
0c
1i
#12656463
0t
0s
0r
1y
0c
1i
#12656845
1t
0s
0r
1y
0c
1i
#12657439
0t
0s
0r
1y
1c
1i
#12657820
1t
0s
0r
1y
1c
1i
#12658413
0t
0s
0r
1y
1c
1i
#12658797
1t
0s
0r
1y
1c
1i
#12659392
0t
0s
0r
1y
1c
1i
#12659775
1t
0s
0r
1y
1c
0i
#12660374
0t
0s
0r
1y
1c
0i
#12660756
1t
0s
0r
1y
1c
0i
#12661350
0t
0s
0r
1y
1c
0i
#12661734
1t
0s
0r
1y
1c
0i
#12662329
0t
0s
0r
1y
1c
0i
#12662711
1t
0s
0r
1y
1c
0i
#12663307
0t
0s
0r
1y
1c
0i
#12663689
1t
0s
0r
1y
1c
0i
#12664279
0t
0s
0r
1y
1c
0i
#12664664
1t
0s
0r
1y
1c
0i
#12665254
0t
0s
0r
1y
1c
0i
#12665637
1t
0s
0r
1y
1c
0i
#12666230
0t
0s
0r
1y
1c
0i
#12666612
1t
0s
0r
1y
1c
0i
#12667201
0t
0s
0r
1y
1c
0i
#12667584
1t
0s
0r
1y
1c
0i
#12668174
0t
0s
0r
1y
1c
0i
#12668556
1t
0s
0r
1y
1c
0i
#12669148
0t
0s
0r
1y
1c
0i
#12669531
1t
0s
0r
1y
1c
0i
#12670118
0t
0s
0r
1y
1c
0i
#12670502
1t
0s
0r
1y
1c
0i
#12671090
0t
0s
0r
1y
1c
0i
#12671473
1t
0s
0r
1y
1c
0i
#12672064
0t
0s
0r
1y
1c
0i
#12672446
1t
0s
0r
1y
1c
0i
#12673982
0t
0s
0r
1y
1c
0i
#12675073
1t
0s
0r
1y
1c
0i
#12675949
0t
0s
0r
1y
1c
0i
#12676317
1t
0s
0r
1y
1c
0i
#12676906
0t
0s
0r
1y
1c
0i
#12677283
1t
0s
0r
1y
1c
0i
#12677869
0t
0s
0r
1y
1c
0i
#12678247
1t
0s
0r
1y
1c
0i
#12678832
0t
0s
0r
1y
1c
0i
#12679211
1t
0s
0r
1y
1c
0i
#12679795
0t
0s
0r
1y
1c
0i
#12680172
1t
0s
0r
1y
1c
0i
#12680759
0t
0s
0r
1y
1c
0i
#12681135
1t
0s
0r
1y
1c
0i
#12681717
0t
0s
0r
1y
1c
0i
#12682095
1t
0s
0r
1y
1c
0i
#12682679
0t
0s
0r
1y
1c
0i
#12683056
1t
0s
0r
1y
1c
1i
#12683643
0t
0s
0r
1y
1c
1i
#12684021
1t
0s
0r
1y
1c
1i
#12684604
0t
0s
0r
1y
1c
1i
#12684984
1t
0s
0r
1y
1c
1i
#12685570
0t
0s
0r
1y
1c
1i
#12685949
1t
0s
0r
1y
1c
1i
#12686540
0t
0s
0r
1y
0c
1i
#12686918
1t
0s
0r
1y
0c
1i
#12687507
0t
0s
0r
1y
0c
1i
#12687887
1t
0s
0r
1y
0c
1i
#12688478
0t
0s
0r
1y
0c
1i
#12688859
1t
0s
0r
1y
0c
0i
#12689452
0t
0s
0r
1y
0c
0i
#12689832
1t
0s
0r
1y
0c
0i
#12690422
0t
0s
0r
1y
0c
0i
#12690802
1t
0s
0r
1y
0c
0i
#12691393
0t
0s
0r
1y
0c
0i
#12691772
1t
0s
0r
1y
0c
0i
#12692364
0t
0s
0r
1y
0c
0i
#12692742
1t
0s
0r
1y
0c
0i
#12693330
0t
0s
0r
1y
0c
0i
#12693711
1t
0s
0r
1y
0c
0i
#12694298
0t
0s
0r
1y
0c
0i
#12694678
1t
0s
0r
1y
0c
0i
#12695268
0t
0s
0r
1y
0c
0i
#12695646
1t
0s
0r
1y
0c
0i
#12696234
0t
0s
0r
1y
0c
0i
#12696613
1t
0s
0r
1y
0c
0i
#12697202
0t
0s
0r
1y
0c
0i
#12697580
1t
0s
0r
1y
0c
0i
#12698173
0t
0s
0r
1y
0c
0i
#12698550
1t
0s
0r
1y
0c
0i
#12699139
0t
0s
0r
1y
0c
0i
#12699517
1t
0s
0r
1y
0c
0i
#12700108
0t
0s
0r
1y
0c
0i
#12700487
1t
0s
0r
1y
0c
0i
#12701080
0t
0s
0r
1y
0c
0i
#12701457
1t
0s
0r
1y
0c
0i
#12702048
0t
0s
0r
1y
0c
0i
#12702427
1t
0s
0r
1y
0c
0i
#12703017
0t
0s
0r
1y
0c
0i
#12703397
1t
0s
0r
1y
0c
0i
#12703989
0t
0s
0r
1y
0c
0i
#12704367
1t
0s
0r
1y
0c
0i
#12704955
0t
0s
0r
1y
0c
0i
#12705334
1t
0s
0r
1y
0c
0i
#12705923
0t
0s
0r
1y
0c
0i
#12706301
1t
0s
0r
1y
0c
0i
#12706892
0t
0s
0r
1y
0c
0i
#12707269
1t
0s
0r
1y
0c
0i
#12707855
0t
0s
0r
1y
0c
0i
#12708234
1t
0s
0r
1y
0c
0i
#12708820
0t
0s
0r
1y
0c
0i
#12709199
1t
0s
0r
1y
0c
0i
#12709787
0t
0s
0r
1y
0c
0i
#12710164
1t
0s
0r
1y
0c
0i
#12710749
0t
0s
0r
1y
0c
0i
#12711128
1t
0s
0r
1y
0c
0i
#12711714
0t
0s
0r
1y
0c
0i
#12712093
1t
0s
0r
1y
0c
1i
#12712681
0t
0s
0r
1y
0c
1i
#12713061
1t
0s
0r
1y
0c
1i
#12713645
0t
0s
0r
1y
0c
1i
#12714027
1t
0s
0r
1y
0c
1i
#12714615
0t
0s
0r
1y
0c
1i
#12714996
1t
0s
0r
1y
0c
1i
#12715588
0t
0s
0r
1y
1c
1i
#12715969
1t
0s
0r
1y
1c
1i
#12716559
0t
0s
0r
1y
1c
1i
#12716942
1t
0s
0r
1y
1c
1i
#12717535
0t
0s
0r
1y
1c
1i
#12717917
1t
0s
0r
1y
1c
0i
#12718513
0t
0s
0r
1y
1c
0i
#12718895
1t
0s
0r
1y
1c
0i
#12719486
0t
0s
0r
1y
1c
0i
#12719869
1t
0s
0r
1y
1c
0i
#12720461
0t
0s
0r
1y
1c
0i
#12720843
1t
0s
0r
1y
1c
0i
#12721437
0t
0s
0r
1y
1c
0i
#12721818
1t
0s
0r
1y
1c
0i
#12722407
0t
0s
0r
1y
1c
0i
#12722790
1t
0s
0r
1y
1c
0i
#12723379
0t
0s
0r
1y
1c
0i
#12723762
1t
0s
0r
1y
1c
0i
#12724353
0t
0s
0r
1y
1c
0i
#12724735
1t
0s
0r
1y
1c
0i
#12725323
0t
0s
0r
1y
1c
0i
#12725706
1t
0s
0r
1y
1c
0i
#12726296
0t
0s
0r
1y
1c
0i
#12726679
1t
0s
0r
1y
1c
0i
#12727271
0t
0s
0r
1y
1c
0i
#12727655
1t
0s
0r
1y
1c
0i
#12728244
0t
0s
0r
1y
1c
0i
#12728629
1t
0s
0r
1y
1c
0i
#12729221
0t
0s
0r
1y
1c
0i
#12729605
1t
0s
0r
1y
1c
0i
#12730201
0t
0s
0r
1y
1c
0i
#12730584
1t
0s
0r
1y
1c
0i
#12732136
0t
0s
0r
1y
1c
0i
#12733239
1t
0s
0r
1y
1c
0i
#12734127
0t
0s
0r
1y
1c
0i
#12734500
1t
0s
0r
1y
1c
0i
#12735099
0t
0s
0r
1y
1c
0i
#12735481
1t
0s
0r
1y
1c
0i
#12736078
0t
0s
0r
1y
1c
0i
#12736461
1t
0s
0r
1y
1c
0i
#12737056
0t
0s
0r
1y
1c
0i
#12737440
1t
0s
0r
1y
1c
0i
#12738035
0t
0s
0r
1y
1c
0i
#12738418
1t
0s
0r
1y
1c
0i
#12739015
0t
0s
0r
1y
1c
0i
#12739396
1t
0s
0r
1y
1c
0i
#12739990
0t
0s
0r
1y
1c
0i
#12740372
1t
0s
0r
1y
1c
0i
#12740967
0t
0s
0r
1y
1c
1i
#12741349
1t
0s
0r
1y
1c
1i
#12741946
0t
0s
0r
1y
1c
1i
#12742329
1t
0s
0r
1y
1c
1i
#12742923
0t
0s
0r
1y
1c
1i
#12743307
1t
0s
0r
1y
1c
1i
#12743904
0t
0s
0r
1y
1c
1i
#12744288
1t
0s
0r
1y
1c
1i
#12744889
0t
0s
0r
1y
0c
1i
#12745273
1t
0s
0r
1y
0c
1i
#12745872
0t
0s
0r
1y
0c
1i
#12746258
1t
0s
0r
1y
0c
1i
#12746858
0t
0s
0r
1y
0c
0i
#12747155
0t
0s
1r
1y
0c
0i
#12747158
0t
0s
0r
1y
0c
0i
#12747245
1t
0s
0r
1y
0c
0i
#12747849
0t
0s
0r
1y
0c
0i
#12748234
1t
0s
0r
1y
0c
0i
#12748834
0t
0s
0r
1y
0c
0i
#12749221
1t
0s
0r
1y
0c
0i
#12749821
0t
0s
0r
1y
0c
0i
#12750206
1t
0s
0r
1y
0c
0i
#12750809
0t
0s
0r
1y
0c
0i
#12751191
1t
0s
0r
1y
0c
0i
#12751789
0t
0s
0r
1y
0c
0i
#12752175
1t
0s
0r
1y
0c
0i
#12752772
0t
0s
0r
1y
0c
0i
#12753156
1t
0s
0r
1y
0c
0i
#12753756
0t
0s
0r
1y
0c
0i
#12754137
1t
0s
0r
1y
0c
0i
#12754733
0t
0s
0r
1y
0c
0i
#12755116
1t
0s
0r
1y
0c
0i
#12755712
0t
0s
0r
1y
0c
0i
#12756093
1t
0s
0r
1y
0c
0i
#12756692
0t
0s
0r
1y
0c
0i
#12757071
1t
0s
0r
1y
0c
0i
#12757664
0t
0s
0r
1y
0c
0i
#12758044
1t
0s
0r
1y
0c
0i
#12758637
0t
0s
0r
1y
0c
0i
#12759016
1t
0s
0r
1y
0c
0i
#12759611
0t
0s
0r
1y
0c
0i
#12759988
1t
0s
0r
1y
0c
0i
#12760578
0t
0s
0r
1y
0c
0i
#12760957
1t
0s
0r
1y
0c
0i
#12761546
0t
0s
0r
1y
0c
0i
#12761925
1t
0s
0r
1y
0c
0i
#12762515
0t
0s
0r
1y
0c
0i
#12762892
1t
0s
0r
1y
0c
0i
#12763478
0t
0s
0r
1y
0c
0i
#12763856
1t
0s
0r
1y
0c
0i
#12764443
0t
0s
0r
1y
0c
0i
#12764821
1t
0s
0r
1y
0c
0i
#12765410
0t
0s
0r
1y
0c
0i
#12765786
1t
0s
0r
1y
0c
0i
#12766370
0t
0s
0r
1y
0c
0i
#12766749
1t
0s
0r
1y
0c
0i
#12767334
0t
0s
0r
1y
0c
0i
#12767712
1t
0s
0r
1y
0c
0i
#12768300
0t
0s
0r
1y
0c
0i
#12768677
1t
0s
0r
1y
0c
0i
#12769261
0t
0s
0r
1y
0c
0i
#12769639
1t
0s
0r
1y
0c
0i
#12770224
0t
0s
0r
1y
0c
0i
#12770603
1t
0s
0r
1y
0c
1i
#12771190
0t
0s
0r
1y
0c
1i
#12771570
1t
0s
0r
1y
0c
1i
#12772154
0t
0s
0r
1y
0c
1i
#12772535
1t
0s
0r
1y
0c
1i
#12773122
0t
0s
0r
1y
0c
1i
#12773502
1t
0s
0r
1y
0c
1i
#12774094
0t
0s
0r
1y
1c
1i
#12774473
1t
0s
0r
1y
1c
1i
#12775063
0t
0s
0r
1y
1c
1i
#12775445
1t
0s
0r
1y
1c
1i
#12776037
0t
0s
0r
1y
1c
0i
#12776418
1t
0s
0r
1y
1c
0i
#12777013
0t
0s
0r
1y
1c
0i
#12777394
1t
0s
0r
1y
1c
0i
#12777985
0t
0s
0r
1y
1c
0i
#12778367
1t
0s
0r
1y
1c
0i
#12778958
0t
0s
0r
1y
1c
0i
#12779339
1t
0s
0r
1y
1c
0i
#12779932
0t
0s
0r
1y
1c
0i
#12780312
1t
0s
0r
1y
1c
0i
#12780899
0t
0s
0r
1y
1c
0i
#12781282
1t
0s
0r
1y
1c
0i
#12781870
0t
0s
0r
1y
1c
0i
#12782252
1t
0s
0r
1y
1c
0i
#12782842
0t
0s
0r
1y
1c
0i
#12783222
1t
0s
0r
1y
1c
0i
#12783808
0t
0s
0r
1y
1c
0i
#12784189
1t
0s
0r
1y
1c
0i
#12784776
0t
0s
0r
1y
1c
0i
#12785157
1t
0s
0r
1y
1c
0i
#12785745
0t
0s
0r
1y
1c
0i
#12786126
1t
0s
0r
1y
1c
0i
#12786709
0t
0s
0r
1y
1c
0i
#12787091
1t
0s
0r
1y
1c
0i
#12787675
0t
0s
0r
1y
1c
0i
#12788055
1t
0s
0r
1y
1c
0i
#12788641
0t
0s
0r
1y
1c
0i
#12789019
1t
0s
0r
1y
1c
0i
#12790538
0t
0s
0r
1y
1c
0i
#12791618
1t
0s
0r
1y
1c
0i
#12792483
0t
0s
0r
1y
1c
0i
#12792848
1t
0s
0r
1y
1c
0i
#12793429
0t
0s
0r
1y
1c
0i
#12793803
1t
0s
0r
1y
1c
0i
#12794382
0t
0s
0r
1y
1c
0i
#12794756
1t
0s
0r
1y
1c
0i
#12795334
0t
0s
0r
1y
1c
0i
#12795709
1t
0s
0r
1y
1c
0i
#12796287
0t
0s
0r
1y
1c
0i
#12796661
1t
0s
0r
1y
1c
0i
#12797241
0t
0s
0r
1y
1c
0i
#12797613
1t
0s
0r
1y
1c
0i
#12798189
0t
0s
0r
1y
1c
0i
#12798563
1t
0s
0r
1y
1c
0i
#12799141
0t
0s
0r
1y
1c
0i
#12799514
1t
0s
0r
1y
1c
1i
#12800094
0t
0s
0r
1y
1c
1i
#12800469
1t
0s
0r
1y
1c
1i
#12801044
0t
0s
0r
1y
1c
1i
#12801420
1t
0s
0r
1y
1c
1i
#12801999
0t
0s
0r
1y
1c
1i
#12802375
1t
0s
0r
1y
1c
1i
#12802958
0t
0s
0r
1y
0c
1i
#12803332
1t
0s
0r
1y
0c
1i
#12803913
0t
0s
0r
1y
0c
1i
#12804289
1t
0s
0r
1y
0c
1i
#12804872
0t
0s
0r
1y
0c
1i
#12805249
1t
0s
0r
1y
0c
0i
#12805835
0t
0s
0r
1y
0c
0i
#12806210
1t
0s
0r
1y
0c
0i
#12806792
0t
0s
0r
1y
0c
0i
#12807169
1t
0s
0r
1y
0c
0i
#12807751
0t
0s
0r
1y
0c
0i
#12808127
1t
0s
0r
1y
0c
0i
#12808711
0t
0s
0r
1y
0c
0i
#12809085
1t
0s
0r
1y
0c
0i
#12809665
0t
0s
0r
1y
0c
0i
#12810042
1t
0s
0r
1y
0c
0i
#12810622
0t
0s
0r
1y
0c
0i
#12810998
1t
0s
0r
1y
0c
0i
#12811582
0t
0s
0r
1y
0c
0i
#12811956
1t
0s
0r
1y
0c
0i
#12812537
0t
0s
0r
1y
0c
0i
#12812913
1t
0s
0r
1y
0c
0i
#12813496
0t
0s
0r
1y
0c
0i
#12813871
1t
0s
0r
1y
0c
0i
#12814458
0t
0s
0r
1y
0c
0i
#12814832
1t
0s
0r
1y
0c
0i
#12815415
0t
0s
0r
1y
0c
0i
#12815791
1t
0s
0r
1y
0c
0i
#12816377
0t
0s
0r
1y
0c
0i
#12816753
1t
0s
0r
1y
0c
0i
#12817342
0t
0s
0r
1y
0c
0i
#12817717
1t
0s
0r
1y
0c
0i
#12818304
0t
0s
0r
1y
0c
0i
#12818680
1t
0s
0r
1y
0c
0i
#12819267
0t
0s
0r
1y
0c
0i
#12819645
1t
0s
0r
1y
0c
0i
#12820234
0t
0s
0r
1y
0c
0i
#12820611
1t
0s
0r
1y
0c
0i
#12821196
0t
0s
0r
1y
0c
0i
#12821574
1t
0s
0r
1y
0c
0i
#12822160
0t
0s
0r
1y
0c
0i
#12822538
1t
0s
0r
1y
0c
0i
#12823126
0t
0s
0r
1y
0c
0i
#12823502
1t
0s
0r
1y
0c
0i
#12824086
0t
0s
0r
1y
0c
0i
#12824465
1t
0s
0r
1y
0c
0i
#12825049
0t
0s
0r
1y
0c
0i
#12825427
1t
0s
0r
1y
0c
0i
#12826014
0t
0s
0r
1y
0c
0i
#12826390
1t
0s
0r
1y
0c
0i
#12826973
0t
0s
0r
1y
0c
0i
#12827351
1t
0s
0r
1y
0c
0i
#12827936
0t
0s
0r
1y
0c
0i
#12828313
1t
0s
0r
1y
0c
1i
#12828900
0t
0s
0r
1y
0c
1i
#12829279
1t
0s
0r
1y
0c
1i
#12829862
0t
0s
0r
1y
0c
1i
#12830242
1t
0s
0r
1y
0c
1i
#12830828
0t
0s
0r
1y
0c
1i
#12831208
1t
0s
0r
1y
0c
1i
#12831799
0t
0s
0r
1y
1c
1i
#12832178
1t
0s
0r
1y
1c
1i
#12832767
0t
0s
0r
1y
1c
1i
#12833149
1t
0s
0r
1y
1c
1i
#12833740
0t
0s
0r
1y
1c
1i
#12834122
1t
0s
0r
1y
1c
0i
#12834717
0t
0s
0r
1y
1c
0i
#12835097
1t
0s
0r
1y
1c
0i
#12835687
0t
0s
0r
1y
1c
0i
#12836069
1t
0s
0r
1y
1c
0i
#12836661
0t
0s
0r
1y
1c
0i
#12837042
1t
0s
0r
1y
1c
0i
#12837634
0t
0s
0r
1y
1c
0i
#12838014
1t
0s
0r
1y
1c
0i
#12838602
0t
0s
0r
1y
1c
0i
#12838984
1t
0s
0r
1y
1c
0i
#12839572
0t
0s
0r
1y
1c
0i
#12839954
1t
0s
0r
1y
1c
0i
#12840545
0t
0s
0r
1y
1c
0i
#12840925
1t
0s
0r
1y
1c
0i
#12841512
0t
0s
0r
1y
1c
0i
#12841895
1t
0s
0r
1y
1c
0i
#12842484
0t
0s
0r
1y
1c
0i
#12842865
1t
0s
0r
1y
1c
0i
#12843457
0t
0s
0r
1y
1c
0i
#12843839
1t
0s
0r
1y
1c
0i
#12844427
0t
0s
0r
1y
1c
0i
#12844811
1t
0s
0r
1y
1c
0i
#12845401
0t
0s
0r
1y
1c
0i
#12845785
1t
0s
0r
1y
1c
0i
#12846378
0t
0s
0r
1y
1c
0i
#12846761
1t
0s
0r
1y
1c
0i
#12848306
0t
0s
0r
1y
1c
0i
#12849404
1t
0s
0r
1y
1c
0i
#12850287
0t
0s
0r
1y
1c
0i
#12850658
1t
0s
0r
1y
1c
0i
#12851253
0t
0s
0r
1y
1c
0i
#12851633
1t
0s
0r
1y
1c
0i
#12852225
0t
0s
0r
1y
1c
0i
#12852605
1t
0s
0r
1y
1c
0i
#12853196
0t
0s
0r
1y
1c
0i
#12853577
1t
0s
0r
1y
1c
0i
#12854167
0t
0s
0r
1y
1c
0i
#12854547
1t
0s
0r
1y
1c
0i
#12855139
0t
0s
0r
1y
1c
0i
#12855518
1t
0s
0r
1y
1c
0i
#12856106
0t
0s
0r
1y
1c
0i
#12856486
1t
0s
0r
1y
1c
0i
#12857076
0t
0s
0r
1y
1c
0i
#12857456
1t
0s
0r
1y
1c
1i
#12858048
0t
0s
0r
1y
1c
1i
#12858429
1t
0s
0r
1y
1c
1i
#12859017
0t
0s
0r
1y
1c
1i
#12859400
1t
0s
0r
1y
1c
1i
#12859991
0t
0s
0r
1y
1c
1i
#12860374
1t
0s
0r
1y
1c
1i
#12860970
0t
0s
0r
1y
0c
1i
#12861351
1t
0s
0r
1y
0c
1i
#12861946
0t
0s
0r
1y
0c
1i
#12862329
1t
0s
0r
1y
0c
1i
#12862926
0t
0s
0r
1y
0c
0i
#12863289
0t
0s
1r
1y
0c
0i
#12863291
0t
0s
0r
1y
0c
0i
#12863310
1t
0s
0r
1y
0c
0i
#12863910
0t
0s
0r
1y
0c
0i
#12864293
1t
0s
0r
1y
0c
0i
#12864889
0t
0s
0r
1y
0c
0i
#12865273
1t
0s
0r
1y
0c
0i
#12865870
0t
0s
0r
1y
0c
0i
#12866253
1t
0s
0r
1y
0c
0i
#12866852
0t
0s
0r
1y
0c
0i
#12867233
1t
0s
0r
1y
0c
0i
#12867827
0t
0s
0r
1y
0c
0i
#12868211
1t
0s
0r
1y
0c
0i
#12868805
0t
0s
0r
1y
0c
0i
#12869188
1t
0s
0r
1y
0c
0i
#12869786
0t
0s
0r
1y
0c
0i
#12870167
1t
0s
0r
1y
0c
0i
#12870761
0t
0s
0r
1y
0c
0i
#12871143
1t
0s
0r
1y
0c
0i
#12871739
0t
0s
0r
1y
0c
0i
#12872120
1t
0s
0r
1y
0c
0i
#12872719
0t
0s
0r
1y
0c
0i
#12873099
1t
0s
0r
1y
0c
0i
#12873694
0t
0s
0r
1y
0c
0i
#12874075
1t
0s
0r
1y
0c
0i
#12874672
0t
0s
0r
1y
0c
0i
#12875053
1t
0s
0r
1y
0c
0i
#12875651
0t
0s
0r
1y
0c
0i
#12876031
1t
0s
0r
1y
0c
0i
#12876625
0t
0s
0r
1y
0c
0i
#12877006
1t
0s
0r
1y
0c
0i
#12877600
0t
0s
0r
1y
0c
0i
#12877982
1t
0s
0r
1y
0c
0i
#12878577
0t
0s
0r
1y
0c
0i
#12878958
1t
0s
0r
1y
0c
0i
#12879548
0t
0s
0r
1y
0c
0i
#12879929
1t
0s
0r
1y
0c
0i
#12880521
0t
0s
0r
1y
0c
0i
#12880901
1t
0s
0r
1y
0c
0i
#12881495
0t
0s
0r
1y
0c
0i
#12881873
1t
0s
0r
1y
0c
0i
#12882462
0t
0s
0r
1y
0c
0i
#12882843
1t
0s
0r
1y
0c
0i
#12883432
0t
0s
0r
1y
0c
0i
#12883812
1t
0s
0r
1y
0c
0i
#12884404
0t
0s
0r
1y
0c
0i
#12884783
1t
0s
0r
1y
0c
0i
#12885371
0t
0s
0r
1y
0c
0i
#12885752
1t
0s
0r
1y
0c
0i
#12886341
0t
0s
0r
1y
0c
0i
#12886722
1t
0s
0r
1y
0c
1i
#12887313
0t
0s
0r
1y
0c
1i
#12887695
1t
0s
0r
1y
0c
1i
#12888283
0t
0s
0r
1y
0c
1i
#12888667
1t
0s
0r
1y
0c
1i
#12889258
0t
0s
0r
1y
0c
1i
#12889641
1t
0s
0r
1y
0c
1i
#12890237
0t
0s
0r
1y
1c
1i
#12890619
1t
0s
0r
1y
1c
1i
#12891213
0t
0s
0r
1y
1c
1i
#12891598
1t
0s
0r
1y
1c
1i
#12892194
0t
0s
0r
1y
1c
0i
#12892578
1t
0s
0r
1y
1c
0i
#12893178
0t
0s
0r
1y
1c
0i
#12893561
1t
0s
0r
1y
1c
0i
#12894156
0t
0s
0r
1y
1c
0i
#12894541
1t
0s
0r
1y
1c
0i
#12895137
0t
0s
0r
1y
1c
0i
#12895520
1t
0s
0r
1y
1c
0i
#12896117
0t
0s
0r
1y
1c
0i
#12896500
1t
0s
0r
1y
1c
0i
#12897091
0t
0s
0r
1y
1c
0i
#12897477
1t
0s
0r
1y
1c
0i
#12898068
0t
0s
0r
1y
1c
0i
#12898452
1t
0s
0r
1y
1c
0i
#12899046
0t
0s
0r
1y
1c
0i
#12899429
1t
0s
0r
1y
1c
0i
#12900018
0t
0s
0r
1y
1c
0i
#12900401
1t
0s
0r
1y
1c
0i
#12900991
0t
0s
0r
1y
1c
0i
#12901373
1t
0s
0r
1y
1c
0i
#12901963
0t
0s
0r
1y
1c
0i
#12902345
1t
0s
0r
1y
1c
0i
#12902930
0t
0s
0r
1y
1c
0i
#12903312
1t
0s
0r
1y
1c
0i
#12903897
0t
0s
0r
1y
1c
0i
#12904278
1t
0s
0r
1y
1c
0i
#12904864
0t
0s
0r
1y
1c
0i
#12905242
1t
0s
0r
1y
1c
0i
#12906762
0t
0s
0r
1y
1c
0i
#12907843
1t
0s
0r
1y
1c
0i
#12908709
0t
0s
0r
1y
1c
0i
#12909075
1t
0s
0r
1y
1c
0i
#12909658
0t
0s
0r
1y
1c
0i
#12910032
1t
0s
0r
1y
1c
0i
#12910613
0t
0s
0r
1y
1c
0i
#12910988
1t
0s
0r
1y
1c
0i
#12911567
0t
0s
0r
1y
1c
0i
#12911944
1t
0s
0r
1y
1c
0i
#12912523
0t
0s
0r
1y
1c
0i
#12912898
1t
0s
0r
1y
1c
0i
#12913480
0t
0s
0r
1y
1c
0i
#12913854
1t
0s
0r
1y
1c
0i
#12914432
0t
0s
0r
1y
1c
0i
#12914807
1t
0s
0r
1y
1c
0i
#12915387
0t
0s
0r
1y
1c
0i
#12915762
1t
0s
0r
1y
1c
1i
#12916343
0t
0s
0r
1y
1c
1i
#12916719
1t
0s
0r
1y
1c
1i
#12917298
0t
0s
0r
1y
1c
1i
#12917675
1t
0s
0r
1y
1c
1i
#12918256
0t
0s
0r
1y
1c
1i
#12918632
1t
0s
0r
1y
0c
1i
#12919218
0t
0s
0r
1y
0c
1i
#12919593
1t
0s
0r
1y
0c
1i
#12920176
0t
0s
0r
1y
0c
1i
#12920554
1t
0s
0r
1y
0c
1i
#12921139
0t
0s
0r
1y
0c
0i
#12921517
1t
0s
0r
1y
0c
0i
#12922105
0t
0s
0r
1y
0c
0i
#12922482
1t
0s
0r
1y
0c
0i
#12923066
0t
0s
0r
1y
0c
0i
#12923444
1t
0s
0r
1y
0c
0i
#12924028
0t
0s
0r
1y
0c
0i
#12924405
1t
0s
0r
1y
0c
0i
#12924992
0t
0s
0r
1y
0c
0i
#12925367
1t
0s
0r
1y
0c
0i
#12925949
0t
0s
0r
1y
0c
0i
#12926327
1t
0s
0r
1y
0c
0i
#12926909
0t
0s
0r
1y
0c
0i
#12927285
1t
0s
0r
1y
0c
0i
#12927870
0t
0s
0r
1y
0c
0i
#12928244
1t
0s
0r
1y
0c
0i
#12928826
0t
0s
0r
1y
0c
0i
#12929201
1t
0s
0r
1y
0c
0i
#12929784
0t
0s
0r
1y
0c
0i
#12930158
1t
0s
0r
1y
0c
0i
#12930743
0t
0s
0r
1y
0c
0i
#12931116
1t
0s
0r
1y
0c
0i
#12931697
0t
0s
0r
1y
0c
0i
#12932071
1t
0s
0r
1y
0c
0i
#12932652
0t
0s
0r
1y
0c
0i
#12933026
1t
0s
0r
1y
0c
0i
#12933609
0t
0s
0r
1y
0c
0i
#12933981
1t
0s
0r
1y
0c
0i
#12934560
0t
0s
0r
1y
0c
0i
#12934934
1t
0s
0r
1y
0c
0i
#12935512
0t
0s
0r
1y
0c
0i
#12935887
1t
0s
0r
1y
0c
0i
#12936467
0t
0s
0r
1y
0c
0i
#12936839
1t
0s
0r
1y
0c
0i
#12937415
0t
0s
0r
1y
0c
0i
#12937788
1t
0s
0r
1y
0c
0i
#12938365
0t
0s
0r
1y
0c
0i
#12938737
1t
0s
0r
1y
0c
0i
#12939315
0t
0s
0r
1y
0c
0i
#12939686
1t
0s
0r
1y
0c
0i
#12940260
0t
0s
0r
1y
0c
0i
#12940634
1t
0s
0r
1y
0c
0i
#12941208
0t
0s
0r
1y
0c
0i
#12941581
1t
0s
0r
1y
0c
0i
#12942157
0t
0s
0r
1y
0c
0i
#12942529
1t
0s
0r
1y
0c
0i
#12943102
0t
0s
0r
1y
0c
0i
#12943475
1t
0s
0r
1y
0c
0i
#12944050
0t
0s
0r
1y
0c
0i
#12944422
1t
0s
0r
1y
0c
1i
#12944999
0t
0s
0r
1y
0c
1i
#12945373
1t
0s
0r
1y
0c
1i
#12945946
0t
0s
0r
1y
0c
1i
#12946321
1t
0s
0r
1y
0c
1i
#12946897
0t
0s
0r
1y
0c
1i
#12947272
1t
0s
0r
1y
0c
1i
#12947852
0t
0s
0r
1y
1c
1i
#12948226
1t
0s
0r
1y
1c
1i
#12948804
0t
0s
0r
1y
1c
1i
#12949181
1t
0s
0r
1y
1c
1i
#12949761
0t
0s
0r
1y
1c
0i
#12950137
1t
0s
0r
1y
1c
0i
#12950721
0t
0s
0r
1y
1c
0i
#12951095
1t
0s
0r
1y
1c
0i
#12951675
0t
0s
0r
1y
1c
0i
#12952051
1t
0s
0r
1y
1c
0i
#12952631
0t
0s
0r
1y
1c
0i
#12953006
1t
0s
0r
1y
1c
0i
#12953588
0t
0s
0r
1y
1c
0i
#12953963
1t
0s
0r
1y
1c
0i
#12954539
0t
0s
0r
1y
1c
0i
#12954917
1t
0s
0r
1y
1c
0i
#12955494
0t
0s
0r
1y
1c
0i
#12955870
1t
0s
0r
1y
1c
0i
#12956450
0t
0s
0r
1y
1c
0i
#12956825
1t
0s
0r
1y
1c
0i
#12957402
0t
0s
0r
1y
1c
0i
#12957779
1t
0s
0r
1y
1c
0i
#12958357
0t
0s
0r
1y
1c
0i
#12958733
1t
0s
0r
1y
1c
0i
#12959314
0t
0s
0r
1y
1c
0i
#12959691
1t
0s
0r
1y
1c
0i
#12960268
0t
0s
0r
1y
1c
0i
#12960647
1t
0s
0r
1y
1c
0i
#12961226
0t
0s
0r
1y
1c
0i
#12961604
1t
0s
0r
1y
1c
0i
#12962186
0t
0s
0r
1y
1c
0i
#12962562
1t
0s
0r
1y
1c
0i
#12964078
0t
0s
0r
1y
1c
0i
#12965157
1t
0s
0r
1y
1c
0i
#12966022
0t
0s
0r
1y
1c
0i
#12966387
1t
0s
0r
1y
1c
0i
#12966968
0t
0s
0r
1y
1c
0i
#12967342
1t
0s
0r
1y
1c
0i
#12967921
0t
0s
0r
1y
1c
0i
#12968295
1t
0s
0r
1y
1c
0i
#12968873
0t
0s
0r
1y
1c
0i
#12969248
1t
0s
0r
1y
1c
0i
#12969825
0t
0s
0r
1y
1c
0i
#12970198
1t
0s
0r
1y
1c
0i
#12970777
0t
0s
0r
1y
1c
0i
#12971149
1t
0s
0r
1y
1c
0i
#12971725
0t
0s
0r
1y
1c
0i
#12972099
1t
0s
0r
1y
1c
0i
#12972675
0t
0s
0r
1y
1c
0i
#12973048
1t
0s
0r
1y
1c
1i
#12973627
0t
0s
0r
1y
1c
1i
#12974001
1t
0s
0r
1y
1c
1i
#12974577
0t
0s
0r
1y
1c
1i
#12974952
1t
0s
0r
1y
1c
1i
#12975530
0t
0s
0r
1y
1c
1i
#12975906
1t
0s
0r
1y
1c
1i
#12976488
0t
0s
0r
1y
0c
1i
#12976862
1t
0s
0r
1y
0c
1i
#12977443
0t
0s
0r
1y
0c
1i
#12977819
1t
0s
0r
1y
0c
1i
#12978401
0t
0s
0r
1y
0c
0i
#12978779
1t
0s
0r
1y
0c
0i
#12978994
1t
0s
1r
1y
0c
0i
#12978997
1t
0s
0r
1y
0c
0i
#12979364
0t
0s
0r
1y
0c
0i
#12979740
1t
0s
0r
1y
0c
0i
#12980321
0t
0s
0r
1y
0c
0i
#12980698
1t
0s
0r
1y
0c
0i
#12981280
0t
0s
0r
1y
0c
0i
#12981655
1t
0s
0r
1y
0c
0i
#12982240
0t
0s
0r
1y
0c
0i
#12982613
1t
0s
0r
1y
0c
0i
#12983193
0t
0s
0r
1y
0c
0i
#12983570
1t
0s
0r
1y
0c
0i
#12984150
0t
0s
0r
1y
0c
0i
#12984525
1t
0s
0r
1y
0c
0i
#12985107
0t
0s
0r
1y
0c
0i
#12985481
1t
0s
0r
1y
0c
0i
#12986060
0t
0s
0r
1y
0c
0i
#12986434
1t
0s
0r
1y
0c
0i
#12987015
0t
0s
0r
1y
0c
0i
#12987388
1t
0s
0r
1y
0c
0i
#12987970
0t
0s
0r
1y
0c
0i
#12988342
1t
0s
0r
1y
0c
0i
#12988920
0t
0s
0r
1y
0c
0i
#12989293
1t
0s
0r
1y
0c
0i
#12989872
0t
0s
0r
1y
0c
0i
#12990244
1t
0s
0r
1y
0c
0i
#12990825
0t
0s
0r
1y
0c
0i
#12991195
1t
0s
0r
1y
0c
0i
#12991772
0t
0s
0r
1y
0c
0i
#12992144
1t
0s
0r
1y
0c
0i
#12992720
0t
0s
0r
1y
0c
0i
#12993092
1t
0s
0r
1y
0c
0i
#12993670
0t
0s
0r
1y
0c
0i
#12994040
1t
0s
0r
1y
0c
0i
#12994613
0t
0s
0r
1y
0c
0i
#12994985
1t
0s
0r
1y
0c
0i
#12995559
0t
0s
0r
1y
0c
0i
#12995930
1t
0s
0r
1y
0c
0i
#12996506
0t
0s
0r
1y
0c
0i
#12996876
1t
0s
0r
1y
0c
0i
#12997447
0t
0s
0r
1y
0c
0i
#12997819
1t
0s
0r
1y
0c
0i
#12998391
0t
0s
0r
1y
0c
0i
#12998763
1t
0s
0r
1y
0c
0i
#12999337
0t
0s
0r
1y
0c
0i
#12999707
1t
0s
0r
1y
0c
0i
#13000278
0t
0s
0r
1y
0c
0i
#13000650
1t
0s
0r
1y
0c
0i
#13001222
0t
0s
0r
1y
0c
0i
#13001593
1t
0s
0r
1y
0c
1i
#13002168
0t
0s
0r
1y
0c
1i
#13002540
1t
0s
0r
1y
0c
1i
#13003111
0t
0s
0r
1y
0c
1i
#13003485
1t
0s
0r
1y
0c
1i
#13004059
0t
0s
0r
1y
0c
1i
#13004432
1t
0s
0r
1y
0c
1i
#13005010
0t
0s
0r
1y
1c
1i
#13005383
1t
0s
0r
1y
1c
1i
#13005959
0t
0s
0r
1y
1c
1i
#13006334
1t
0s
0r
1y
1c
1i
#13006912
0t
0s
0r
1y
1c
0i
#13007287
1t
0s
0r
1y
1c
0i
#13007868
0t
0s
0r
1y
1c
0i
#13008242
1t
0s
0r
1y
1c
0i
#13008819
0t
0s
0r
1y
1c
0i
#13009194
1t
0s
0r
1y
1c
0i
#13009772
0t
0s
0r
1y
1c
0i
#13010146
1t
0s
0r
1y
1c
0i
#13010726
0t
0s
0r
1y
1c
0i
#13011099
1t
0s
0r
1y
1c
0i
#13011673
0t
0s
0r
1y
1c
0i
#13012049
1t
0s
0r
1y
1c
0i
#13012624
0t
0s
0r
1y
1c
0i
#13012999
1t
0s
0r
1y
1c
0i
#13013576
0t
0s
0r
1y
1c
0i
#13013949
1t
0s
0r
1y
1c
0i
#13014522
0t
0s
0r
1y
1c
0i
#13014896
1t
0s
0r
1y
1c
0i
#13015469
0t
0s
0r
1y
1c
0i
#13015843
1t
0s
0r
1y
1c
0i
#13016417
0t
0s
0r
1y
1c
0i
#13016790
1t
0s
0r
1y
1c
0i
#13017359
0t
0s
0r
1y
1c
0i
#13017732
1t
0s
0r
1y
1c
0i
#13018301
0t
0s
0r
1y
1c
0i
#13018673
1t
0s
0r
1y
1c
0i
#13019243
0t
0s
0r
1y
1c
0i
#13019613
1t
0s
0r
1y
1c
0i
#13021095
0t
0s
0r
1y
1c
0i
#13022151
1t
0s
0r
1y
1c
0i
#13022995
0t
0s
0r
1y
1c
0i
#13023353
1t
0s
0r
1y
1c
0i
#13023921
0t
0s
0r
1y
1c
0i
#13024287
1t
0s
0r
1y
1c
0i
#13024853
0t
0s
0r
1y
1c
0i
#13025219
1t
0s
0r
1y
1c
0i
#13025784
0t
0s
0r
1y
1c
0i
#13026152
1t
0s
0r
1y
1c
0i
#13026716
0t
0s
0r
1y
1c
0i
#13027083
1t
0s
0r
1y
1c
0i
#13027649
0t
0s
0r
1y
1c
0i
#13028015
1t
0s
0r
1y
1c
0i
#13028578
0t
0s
0r
1y
1c
0i
#13028945
1t
0s
0r
1y
1c
0i
#13029509
0t
0s
0r
1y
1c
0i
#13029875
1t
0s
0r
1y
1c
1i
#13030441
0t
0s
0r
1y
1c
1i
#13030808
1t
0s
0r
1y
1c
1i
#13031370
0t
0s
0r
1y
1c
1i
#13031739
1t
0s
0r
1y
1c
1i
#13032304
0t
0s
0r
1y
1c
1i
#13032672
1t
0s
0r
1y
1c
1i
#13033241
0t
0s
0r
1y
0c
1i
#13033608
1t
0s
0r
1y
0c
1i
#13034175
0t
0s
0r
1y
0c
1i
#13034544
1t
0s
0r
1y
0c
1i
#13035112
0t
0s
0r
1y
0c
1i
#13035482
1t
0s
0r
1y
0c
0i
#13036054
0t
0s
0r
1y
0c
0i
#13036422
1t
0s
0r
1y
0c
0i
#13036990
0t
0s
0r
1y
0c
0i
#13037359
1t
0s
0r
1y
0c
0i
#13037927
0t
0s
0r
1y
0c
0i
#13038296
1t
0s
0r
1y
0c
0i
#13038866
0t
0s
0r
1y
0c
0i
#13039233
1t
0s
0r
1y
0c
0i
#13039799
0t
0s
0r
1y
0c
0i
#13040169
1t
0s
0r
1y
0c
0i
#13040736
0t
0s
0r
1y
0c
0i
#13041105
1t
0s
0r
1y
0c
0i
#13041675
0t
0s
0r
1y
0c
0i
#13042042
1t
0s
0r
1y
0c
0i
#13042609
0t
0s
0r
1y
0c
0i
#13042978
1t
0s
0r
1y
0c
0i
#13043547
0t
0s
0r
1y
0c
0i
#13043915
1t
0s
0r
1y
0c
0i
#13044487
0t
0s
0r
1y
0c
0i
#13044854
1t
0s
0r
1y
0c
0i
#13045423
0t
0s
0r
1y
0c
0i
#13045791
1t
0s
0r
1y
0c
0i
#13046363
0t
0s
0r
1y
0c
0i
#13046730
1t
0s
0r
1y
0c
0i
#13047305
0t
0s
0r
1y
0c
0i
#13047671
1t
0s
0r
1y
0c
0i
#13048242
0t
0s
0r
1y
0c
0i
#13048610
1t
0s
0r
1y
0c
0i
#13049181
0t
0s
0r
1y
0c
0i
#13049550
1t
0s
0r
1y
0c
0i
#13050122
0t
0s
0r
1y
0c
0i
#13050490
1t
0s
0r
1y
0c
0i
#13051057
0t
0s
0r
1y
0c
0i
#13051426
1t
0s
0r
1y
0c
0i
#13051994
0t
0s
0r
1y
0c
0i
#13052362
1t
0s
0r
1y
0c
0i
#13052932
0t
0s
0r
1y
0c
0i
#13053298
1t
0s
0r
1y
0c
0i
#13053863
0t
0s
0r
1y
0c
0i
#13054231
1t
0s
0r
1y
0c
0i
#13054796
0t
0s
0r
1y
0c
0i
#13055164
1t
0s
0r
1y
0c
0i
#13055731
0t
0s
0r
1y
0c
0i
#13056098
1t
0s
0r
1y
0c
0i
#13056661
0t
0s
0r
1y
0c
0i
#13057029
1t
0s
0r
1y
0c
0i
#13057594
0t
0s
0r
1y
0c
0i
#13057962
1t
0s
0r
1y
0c
1i
#13058529
0t
0s
0r
1y
0c
1i
#13058898
1t
0s
0r
1y
0c
1i
#13059461
0t
0s
0r
1y
0c
1i
#13059831
1t
0s
0r
1y
0c
1i
#13060398
0t
0s
0r
1y
0c
1i
#13060768
1t
0s
0r
1y
0c
1i
#13061339
0t
0s
0r
1y
1c
1i
#13061708
1t
0s
0r
1y
1c
1i
#13062277
0t
0s
0r
1y
1c
1i
#13062648
1t
0s
0r
1y
1c
1i
#13063219
0t
0s
0r
1y
1c
1i
#13063591
1t
0s
0r
1y
1c
0i
#13064165
0t
0s
0r
1y
1c
0i
#13064535
1t
0s
0r
1y
1c
0i
#13065105
0t
0s
0r
1y
1c
0i
#13065477
1t
0s
0r
1y
1c
0i
#13066048
0t
0s
0r
1y
1c
0i
#13066419
1t
0s
0r
1y
1c
0i
#13066991
0t
0s
0r
1y
1c
0i
#13067361
1t
0s
0r
1y
1c
0i
#13067929
0t
0s
0r
1y
1c
0i
#13068302
1t
0s
0r
1y
1c
0i
#13068870
0t
0s
0r
1y
1c
0i
#13069241
1t
0s
0r
1y
1c
0i
#13069813
0t
0s
0r
1y
1c
0i
#13070183
1t
0s
0r
1y
1c
0i
#13070750
0t
0s
0r
1y
1c
0i
#13071122
1t
0s
0r
1y
1c
0i
#13071691
0t
0s
0r
1y
1c
0i
#13072062
1t
0s
0r
1y
1c
0i
#13072633
0t
0s
0r
1y
1c
0i
#13073004
1t
0s
0r
1y
1c
0i
#13073571
0t
0s
0r
1y
1c
0i
#13073944
1t
0s
0r
1y
1c
0i
#13074512
0t
0s
0r
1y
1c
0i
#13074884
1t
0s
0r
1y
1c
0i
#13075454
0t
0s
0r
1y
1c
0i
#13075825
1t
0s
0r
1y
1c
0i
#13077308
0t
0s
0r
1y
1c
0i
#13078367
1t
0s
0r
1y
1c
0i
#13079212
0t
0s
0r
1y
1c
0i
#13079570
1t
0s
0r
1y
1c
0i
#13080138
0t
0s
0r
1y
1c
0i
#13080505
1t
0s
0r
1y
1c
0i
#13081071
0t
0s
0r
1y
1c
0i
#13081438
1t
0s
0r
1y
1c
0i
#13082003
0t
0s
0r
1y
1c
0i
#13082371
1t
0s
0r
1y
1c
0i
#13082935
0t
0s
0r
1y
1c
0i
#13083302
1t
0s
0r
1y
1c
0i
#13083869
0t
0s
0r
1y
1c
0i
#13084235
1t
0s
0r
1y
1c
0i
#13084798
0t
0s
0r
1y
1c
0i
#13085165
1t
0s
0r
1y
1c
0i
#13085730
0t
0s
0r
1y
1c
0i
#13086096
1t
0s
0r
1y
1c
1i
#13086663
0t
0s
0r
1y
1c
1i
#13087031
1t
0s
0r
1y
1c
1i
#13087594
0t
0s
0r
1y
1c
1i
#13087963
1t
0s
0r
1y
1c
1i
#13088529
0t
0s
0r
1y
1c
1i
#13088898
1t
0s
0r
1y
1c
1i
#13089468
0t
0s
0r
1y
0c
1i
#13089836
1t
0s
0r
1y
0c
1i
#13090404
0t
0s
0r
1y
0c
1i
#13090774
1t
0s
0r
1y
0c
1i
#13091343
0t
0s
0r
1y
0c
1i
#13091714
1t
0s
0r
1y
0c
0i
#13091895
1t
0s
1r
1y
0c
0i
#13091898
1t
0s
0r
1y
0c
0i
#13092287
0t
0s
0r
1y
0c
0i
#13092656
1t
0s
0r
1y
0c
0i
#13093225
0t
0s
0r
1y
0c
0i
#13093595
1t
0s
0r
1y
0c
0i
#13094165
0t
0s
0r
1y
0c
0i
#13094534
1t
0s
0r
1y
0c
0i
#13095106
0t
0s
0r
1y
0c
0i
#13095473
1t
0s
0r
1y
0c
0i
#13096041
0t
0s
0r
1y
0c
0i
#13096411
1t
0s
0r
1y
0c
0i
#13096979
0t
0s
0r
1y
0c
0i
#13097348
1t
0s
0r
1y
0c
0i
#13097919
0t
0s
0r
1y
0c
0i
#13098286
1t
0s
0r
1y
0c
0i
#13098854
0t
0s
0r
1y
0c
0i
#13099222
1t
0s
0r
1y
0c
0i
#13099791
0t
0s
0r
1y
0c
0i
#13100159
1t
0s
0r
1y
0c
0i
#13100730
0t
0s
0r
1y
0c
0i
#13101095
1t
0s
0r
1y
0c
0i
#13101663
0t
0s
0r
1y
0c
0i
#13102029
1t
0s
0r
1y
0c
0i
#13102597
0t
0s
0r
1y
0c
0i
#13102963
1t
0s
0r
1y
0c
0i
#13103533
0t
0s
0r
1y
0c
0i
#13103897
1t
0s
0r
1y
0c
0i
#13104462
0t
0s
0r
1y
0c
0i
#13104828
1t
0s
0r
1y
0c
0i
#13105392
0t
0s
0r
1y
0c
0i
#13105759
1t
0s
0r
1y
0c
0i
#13106325
0t
0s
0r
1y
0c
0i
#13106689
1t
0s
0r
1y
0c
0i
#13107251
0t
0s
0r
1y
0c
0i
#13107617
1t
0s
0r
1y
0c
0i
#13108179
0t
0s
0r
1y
0c
0i
#13108544
1t
0s
0r
1y
0c
0i
#13109109
0t
0s
0r
1y
0c
0i
#13109473
1t
0s
0r
1y
0c
0i
#13110033
0t
0s
0r
1y
0c
0i
#13110399
1t
0s
0r
1y
0c
0i
#13110960
0t
0s
0r
1y
0c
0i
#13111326
1t
0s
0r
1y
0c
0i
#13111889
0t
0s
0r
1y
0c
0i
#13112253
1t
0s
0r
1y
0c
0i
#13112813
0t
0s
0r
1y
0c
0i
#13113179
1t
0s
0r
1y
0c
0i
#13113740
0t
0s
0r
1y
0c
0i
#13114106
1t
0s
0r
1y
0c
0i
#13114669
0t
0s
0r
1y
0c
1i
#13115036
1t
0s
0r
1y
0c
1i
#13115595
0t
0s
0r
1y
0c
1i
#13115964
1t
0s
0r
1y
0c
1i
#13116526
0t
0s
0r
1y
0c
1i
#13116894
1t
0s
0r
1y
0c
1i
#13117460
0t
0s
0r
1y
1c
1i
#13117827
1t
0s
0r
1y
1c
1i
#13118391
0t
0s
0r
1y
1c
1i
#13118760
1t
0s
0r
1y
1c
1i
#13119327
0t
0s
0r
1y
1c
1i
#13119695
1t
0s
0r
1y
1c
0i
#13120265
0t
0s
0r
1y
1c
0i
#13120633
1t
0s
0r
1y
1c
0i
#13121198
0t
0s
0r
1y
1c
0i
#13121567
1t
0s
0r
1y
1c
0i
#13122133
0t
0s
0r
1y
1c
0i
#13122501
1t
0s
0r
1y
1c
0i
#13123069
0t
0s
0r
1y
1c
0i
#13123436
1t
0s
0r
1y
1c
0i
#13123999
0t
0s
0r
1y
1c
0i
#13124369
1t
0s
0r
1y
1c
0i
#13124933
0t
0s
0r
1y
1c
0i
#13125302
1t
0s
0r
1y
1c
0i
#13125868
0t
0s
0r
1y
1c
0i
#13126236
1t
0s
0r
1y
1c
0i
#13126798
0t
0s
0r
1y
1c
0i
#13127168
1t
0s
0r
1y
1c
0i
#13127731
0t
0s
0r
1y
1c
0i
#13128100
1t
0s
0r
1y
1c
0i
#13128666
0t
0s
0r
1y
1c
0i
#13129035
1t
0s
0r
1y
1c
0i
#13129597
0t
0s
0r
1y
1c
0i
#13129968
1t
0s
0r
1y
1c
0i
#13130531
0t
0s
0r
1y
1c
0i
#13130900
1t
0s
0r
1y
1c
0i
#13131466
0t
0s
0r
1y
1c
0i
#13131834
1t
0s
0r
1y
1c
0i
#13133306
0t
0s
0r
1y
1c
0i
#13134357
1t
0s
0r
1y
1c
0i
#13135196
0t
0s
0r
1y
1c
0i
#13135552
1t
0s
0r
1y
1c
0i
#13136116
0t
0s
0r
1y
1c
0i
#13136480
1t
0s
0r
1y
1c
0i
#13137042
0t
0s
0r
1y
1c
0i
#13137406
1t
0s
0r
1y
1c
0i
#13137967
0t
0s
0r
1y
1c
0i
#13138333
1t
0s
0r
1y
1c
0i
#13138893
0t
0s
0r
1y
1c
0i
#13139258
1t
0s
0r
1y
1c
0i
#13139820
0t
0s
0r
1y
1c
0i
#13140183
1t
0s
0r
1y
1c
0i
#13140742
0t
0s
0r
1y
1c
0i
#13141107
1t
0s
0r
1y
1c
0i
#13141667
0t
0s
0r
1y
1c
0i
#13142031
1t
0s
0r
1y
1c
0i
#13142593
0t
0s
0r
1y
1c
1i
#13142958
1t
0s
0r
1y
1c
1i
#13143517
0t
0s
0r
1y
1c
1i
#13143884
1t
0s
0r
1y
1c
1i
#13144445
0t
0s
0r
1y
1c
1i
#13144811
1t
0s
0r
1y
1c
1i
#13145376
0t
0s
0r
1y
0c
1i
#13145741
1t
0s
0r
1y
0c
1i
#13146304
0t
0s
0r
1y
0c
1i
#13146671
1t
0s
0r
1y
0c
1i
#13147235
0t
0s
0r
1y
0c
1i
#13147603
1t
0s
0r
1y
0c
0i
#13148170
0t
0s
0r
1y
0c
0i
#13148536
1t
0s
0r
1y
0c
0i
#13149100
0t
0s
0r
1y
0c
0i
#13149467
1t
0s
0r
1y
0c
0i
#13150031
0t
0s
0r
1y
0c
0i
#13150397
1t
0s
0r
1y
0c
0i
#13150964
0t
0s
0r
1y
0c
0i
#13151328
1t
0s
0r
1y
0c
0i
#13151891
0t
0s
0r
1y
0c
0i
#13152258
1t
0s
0r
1y
0c
0i
#13152821
0t
0s
0r
1y
0c
0i
#13153187
1t
0s
0r
1y
0c
0i
#13153753
0t
0s
0r
1y
0c
0i
#13154117
1t
0s
0r
1y
0c
0i
#13154680
0t
0s
0r
1y
0c
0i
#13155046
1t
0s
0r
1y
0c
0i
#13155610
0t
0s
0r
1y
0c
0i
#13155975
1t
0s
0r
1y
0c
0i
#13156543
0t
0s
0r
1y
0c
0i
#13156906
1t
0s
0r
1y
0c
0i
#13157470
0t
0s
0r
1y
0c
0i
#13157835
1t
0s
0r
1y
0c
0i
#13158400
0t
0s
0r
1y
0c
0i
#13158765
1t
0s
0r
1y
0c
0i
#13159332
0t
0s
0r
1y
0c
0i
#13159695
1t
0s
0r
1y
0c
0i
#13160259
0t
0s
0r
1y
0c
0i
#13160624
1t
0s
0r
1y
0c
0i
#13161187
0t
0s
0r
1y
0c
0i
#13161553
1t
0s
0r
1y
0c
0i
#13162117
0t
0s
0r
1y
0c
0i
#13162481
1t
0s
0r
1y
0c
0i
#13163041
0t
0s
0r
1y
0c
0i
#13163406
1t
0s
0r
1y
0c
0i
#13163967
0t
0s
0r
1y
0c
0i
#13164332
1t
0s
0r
1y
0c
0i
#13164894
0t
0s
0r
1y
0c
0i
#13165258
1t
0s
0r
1y
0c
0i
#13165816
0t
0s
0r
1y
0c
0i
#13166181
1t
0s
0r
1y
0c
0i
#13166740
0t
0s
0r
1y
0c
0i
#13167105
1t
0s
0r
1y
0c
0i
#13167666
0t
0s
0r
1y
0c
0i
#13168030
1t
0s
0r
1y
0c
0i
#13168587
0t
0s
0r
1y
0c
0i
#13168952
1t
0s
0r
1y
0c
0i
#13169511
0t
0s
0r
1y
0c
0i
#13169876
1t
0s
0r
1y
0c
0i
#13170437
0t
0s
0r
1y
0c
1i
#13170803
1t
0s
0r
1y
0c
1i
#13171361
0t
0s
0r
1y
0c
1i
#13171728
1t
0s
0r
1y
0c
1i
#13172289
0t
0s
0r
1y
0c
1i
#13172655
1t
0s
0r
1y
0c
1i
#13173219
0t
0s
0r
1y
1c
1i
#13173585
1t
0s
0r
1y
1c
1i
#13174147
0t
0s
0r
1y
1c
1i
#13174515
1t
0s
0r
1y
1c
1i
#13175079
0t
0s
0r
1y
1c
1i
#13175447
1t
0s
0r
1y
1c
0i
#13176014
0t
0s
0r
1y
1c
0i
#13176381
1t
0s
0r
1y
1c
0i
#13176944
0t
0s
0r
1y
1c
0i
#13177312
1t
0s
0r
1y
1c
0i
#13177877
0t
0s
0r
1y
1c
0i
#13178244
1t
0s
0r
1y
1c
0i
#13178810
0t
0s
0r
1y
1c
0i
#13179176
1t
0s
0r
1y
1c
0i
#13179737
0t
0s
0r
1y
1c
0i
#13180106
1t
0s
0r
1y
1c
0i
#13180668
0t
0s
0r
1y
1c
0i
#13181036
1t
0s
0r
1y
1c
0i
#13181601
0t
0s
0r
1y
1c
0i
#13181967
1t
0s
0r
1y
1c
0i
#13182528
0t
0s
0r
1y
1c
0i
#13182897
1t
0s
0r
1y
1c
0i
#13183459
0t
0s
0r
1y
1c
0i
#13183827
1t
0s
0r
1y
1c
0i
#13184391
0t
0s
0r
1y
1c
0i
#13184759
1t
0s
0r
1y
1c
0i
#13185319
0t
0s
0r
1y
1c
0i
#13185689
1t
0s
0r
1y
1c
0i
#13186250
0t
0s
0r
1y
1c
0i
#13186619
1t
0s
0r
1y
1c
0i
#13187183
0t
0s
0r
1y
1c
0i
#13187550
1t
0s
0r
1y
1c
0i
#13189017
0t
0s
0r
1y
1c
0i
#13190064
1t
0s
0r
1y
1c
0i
#13190900
0t
0s
0r
1y
1c
0i
#13191255
1t
0s
0r
1y
1c
0i
#13191817
0t
0s
0r
1y
1c
0i
#13192180
1t
0s
0r
1y
1c
0i
#13192740
0t
0s
0r
1y
1c
0i
#13193103
1t
0s
0r
1y
1c
0i
#13193662
0t
0s
0r
1y
1c
0i
#13194027
1t
0s
0r
1y
1c
0i
#13194585
0t
0s
0r
1y
1c
0i
#13194948
1t
0s
0r
1y
1c
0i
#13195508
0t
0s
0r
1y
1c
0i
#13195871
1t
0s
0r
1y
1c
0i
#13196427
0t
0s
0r
1y
1c
0i
#13196791
1t
0s
0r
1y
1c
0i
#13197349
0t
0s
0r
1y
1c
0i
#13197712
1t
0s
0r
1y
1c
0i
#13198271
0t
0s
0r
1y
1c
1i
#13198636
1t
0s
0r
1y
1c
1i
#13199192
0t
0s
0r
1y
1c
1i
#13199557
1t
0s
0r
1y
1c
1i
#13200116
0t
0s
0r
1y
1c
1i
#13200481
1t
0s
0r
1y
1c
1i
#13201044
0t
0s
0r
1y
0c
1i
#13201408
1t
0s
0r
1y
0c
1i
#13201969
0t
0s
0r
1y
0c
1i
#13202334
1t
0s
0r
1y
0c
1i
#13202897
0t
0s
0r
1y
0c
0i
#13203264
1t
0s
0r
1y
0c
0i
#13203444
1t
0s
1r
1y
0c
0i
#13203446
1t
0s
0r
1y
0c
0i
#13203829
0t
0s
0r
1y
0c
0i
#13204194
1t
0s
0r
1y
0c
0i
#13204756
0t
0s
0r
1y
0c
0i
#13205122
1t
0s
0r
1y
0c
0i
#13205685
0t
0s
0r
1y
0c
0i
#13206050
1t
0s
0r
1y
0c
0i
#13206615
0t
0s
0r
1y
0c
0i
#13206978
1t
0s
0r
1y
0c
0i
#13207539
0t
0s
0r
1y
0c
0i
#13207905
1t
0s
0r
1y
0c
0i
#13208466
0t
0s
0r
1y
0c
0i
#13208832
1t
0s
0r
1y
0c
0i
#13209396
0t
0s
0r
1y
0c
0i
#13209759
1t
0s
0r
1y
0c
0i
#13210321
0t
0s
0r
1y
0c
0i
#13210686
1t
0s
0r
1y
0c
0i
#13211248
0t
0s
0r
1y
0c
0i
#13211612
1t
0s
0r
1y
0c
0i
#13212177
0t
0s
0r
1y
0c
0i
#13212539
1t
0s
0r
1y
0c
0i
#13213100
0t
0s
0r
1y
0c
0i
#13213464
1t
0s
0r
1y
0c
0i
#13214026
0t
0s
0r
1y
0c
0i
#13214388
1t
0s
0r
1y
0c
0i
#13214952
0t
0s
0r
1y
0c
0i
#13215313
1t
0s
0r
1y
0c
0i
#13215873
0t
0s
0r
1y
0c
0i
#13216236
1t
0s
0r
1y
0c
0i
#13216795
0t
0s
0r
1y
0c
0i
#13217158
1t
0s
0r
1y
0c
0i
#13217718
0t
0s
0r
1y
0c
0i
#13218080
1t
0s
0r
1y
0c
0i
#13218636
0t
0s
0r
1y
0c
0i
#13218999
1t
0s
0r
1y
0c
0i
#13219556
0t
0s
0r
1y
0c
0i
#13219918
1t
0s
0r
1y
0c
0i
#13220477
0t
0s
0r
1y
0c
0i
#13220838
1t
0s
0r
1y
0c
0i
#13221392
0t
0s
0r
1y
0c
0i
#13221755
1t
0s
0r
1y
0c
0i
#13222310
0t
0s
0r
1y
0c
0i
#13222673
1t
0s
0r
1y
0c
0i
#13223230
0t
0s
0r
1y
0c
0i
#13223591
1t
0s
0r
1y
0c
0i
#13224145
0t
0s
0r
1y
0c
0i
#13224508
1t
0s
0r
1y
0c
0i
#13225063
0t
0s
0r
1y
0c
0i
#13225425
1t
0s
0r
1y
0c
0i
#13225982
0t
0s
0r
1y
0c
1i
#13226346
1t
0s
0r
1y
0c
1i
#13226899
0t
0s
0r
1y
0c
1i
#13227264
1t
0s
0r
1y
0c
1i
#13227821
0t
0s
0r
1y
0c
1i
#13228185
1t
0s
0r
1y
0c
1i
#13228745
0t
0s
0r
1y
1c
1i
#13229109
1t
0s
0r
1y
1c
1i
#13229667
0t
0s
0r
1y
1c
1i
#13230033
1t
0s
0r
1y
1c
1i
#13230593
0t
0s
0r
1y
1c
0i
#13230959
1t
0s
0r
1y
1c
0i
#13231522
0t
0s
0r
1y
1c
0i
#13231887
1t
0s
0r
1y
1c
0i
#13232446
0t
0s
0r
1y
1c
0i
#13232812
1t
0s
0r
1y
1c
0i
#13233373
0t
0s
0r
1y
1c
0i
#13233738
1t
0s
0r
1y
1c
0i
#13234300
0t
0s
0r
1y
1c
0i
#13234664
1t
0s
0r
1y
1c
0i
#13235222
0t
0s
0r
1y
1c
0i
#13235589
1t
0s
0r
1y
1c
0i
#13236148
0t
0s
0r
1y
1c
0i
#13236514
1t
0s
0r
1y
1c
0i
#13237075
0t
0s
0r
1y
1c
0i
#13237440
1t
0s
0r
1y
1c
0i
#13237997
0t
0s
0r
1y
1c
0i
#13238364
1t
0s
0r
1y
1c
0i
#13238922
0t
0s
0r
1y
1c
0i
#13239288
1t
0s
0r
1y
1c
0i
#13239848
0t
0s
0r
1y
1c
0i
#13240214
1t
0s
0r
1y
1c
0i
#13240771
0t
0s
0r
1y
1c
0i
#13241138
1t
0s
0r
1y
1c
0i
#13241695
0t
0s
0r
1y
1c
0i
#13242060
1t
0s
0r
1y
1c
0i
#13242619
0t
0s
0r
1y
1c
0i
#13242983
1t
0s
0r
1y
1c
0i
#13244436
0t
0s
0r
1y
1c
0i
#13245475
1t
0s
0r
1y
1c
0i
#13246302
0t
0s
0r
1y
1c
0i
#13246654
1t
0s
0r
1y
1c
0i
#13247211
0t
0s
0r
1y
1c
0i
#13247571
1t
0s
0r
1y
1c
0i
#13248125
0t
0s
0r
1y
1c
0i
#13248486
1t
0s
0r
1y
1c
0i
#13249039
0t
0s
0r
1y
1c
0i
#13249401
1t
0s
0r
1y
1c
0i
#13249954
0t
0s
0r
1y
1c
0i
#13250315
1t
0s
0r
1y
1c
0i
#13250870
0t
0s
0r
1y
1c
0i
#13251229
1t
0s
0r
1y
1c
0i
#13251781
0t
0s
0r
1y
1c
0i
#13252142
1t
0s
0r
1y
1c
0i
#13252696
0t
0s
0r
1y
1c
0i
#13253056
1t
0s
0r
1y
1c
0i
#13253611
0t
0s
0r
1y
1c
1i
#13253972
1t
0s
0r
1y
1c
1i
#13254523
0t
0s
0r
1y
1c
1i
#13254886
1t
0s
0r
1y
1c
1i
#13255439
0t
0s
0r
1y
1c
1i
#13255802
1t
0s
0r
1y
1c
1i
#13256359
0t
0s
0r
1y
0c
1i
#13256721
1t
0s
0r
1y
0c
1i
#13257276
0t
0s
0r
1y
0c
1i
#13257639
1t
0s
0r
1y
0c
1i
#13258196
0t
0s
0r
1y
0c
1i
#13258560
1t
0s
0r
1y
0c
0i
#13259119
0t
0s
0r
1y
0c
0i
#13259482
1t
0s
0r
1y
0c
0i
#13260038
0t
0s
0r
1y
0c
0i
#13260401
1t
0s
0r
1y
0c
0i
#13260958
0t
0s
0r
1y
0c
0i
#13261320
1t
0s
0r
1y
0c
0i
#13261880
0t
0s
0r
1y
0c
0i
#13262241
1t
0s
0r
1y
0c
0i
#13262796
0t
0s
0r
1y
0c
0i
#13263160
1t
0s
0r
1y
0c
0i
#13263715
0t
0s
0r
1y
0c
0i
#13264078
1t
0s
0r
1y
0c
0i
#13264637
0t
0s
0r
1y
0c
0i
#13264998
1t
0s
0r
1y
0c
0i
#13265554
0t
0s
0r
1y
0c
0i
#13265917
1t
0s
0r
1y
0c
0i
#13266474
0t
0s
0r
1y
0c
0i
#13266836
1t
0s
0r
1y
0c
0i
#13267397
0t
0s
0r
1y
0c
0i
#13267757
1t
0s
0r
1y
0c
0i
#13268314
0t
0s
0r
1y
0c
0i
#13268676
1t
0s
0r
1y
0c
0i
#13269234
0t
0s
0r
1y
0c
0i
#13269595
1t
0s
0r
1y
0c
0i
#13270156
0t
0s
0r
1y
0c
0i
#13270516
1t
0s
0r
1y
0c
0i
#13271073
0t
0s
0r
1y
0c
0i
#13271434
1t
0s
0r
1y
0c
0i
#13271990
0t
0s
0r
1y
0c
0i
#13272353
1t
0s
0r
1y
0c
0i
#13272910
0t
0s
0r
1y
0c
0i
#13273271
1t
0s
0r
1y
0c
0i
#13273825
0t
0s
0r
1y
0c
0i
#13274187
1t
0s
0r
1y
0c
0i
#13274741
0t
0s
0r
1y
0c
0i
#13275102
1t
0s
0r
1y
0c
0i
#13275658
0t
0s
0r
1y
0c
0i
#13276018
1t
0s
0r
1y
0c
0i
#13276570
0t
0s
0r
1y
0c
0i
#13276932
1t
0s
0r
1y
0c
0i
#13277484
0t
0s
0r
1y
0c
0i
#13277846
1t
0s
0r
1y
0c
0i
#13278401
0t
0s
0r
1y
0c
0i
#13278761
1t
0s
0r
1y
0c
0i
#13279312
0t
0s
0r
1y
0c
0i
#13279674
1t
0s
0r
1y
0c
0i
#13280226
0t
0s
0r
1y
0c
0i
#13280588
1t
0s
0r
1y
0c
0i
#13281142
0t
0s
0r
1y
0c
1i
#13281504
1t
0s
0r
1y
0c
1i
#13282055
0t
0s
0r
1y
0c
1i
#13282419
1t
0s
0r
1y
0c
1i
#13282972
0t
0s
0r
1y
0c
1i
#13283335
1t
0s
0r
1y
0c
1i
#13283893
0t
0s
0r
1y
1c
1i
#13284255
1t
0s
0r
1y
1c
1i
#13284811
0t
0s
0r
1y
1c
1i
#13285175
1t
0s
0r
1y
1c
1i
#13285733
0t
0s
0r
1y
1c
0i
#13286097
1t
0s
0r
1y
1c
0i
#13286658
0t
0s
0r
1y
1c
0i
#13287021
1t
0s
0r
1y
1c
0i
#13287578
0t
0s
0r
1y
1c
0i
#13287942
1t
0s
0r
1y
1c
0i
#13288500
0t
0s
0r
1y
1c
0i
#13288863
1t
0s
0r
1y
1c
0i
#13289423
0t
0s
0r
1y
1c
0i
#13289786
1t
0s
0r
1y
1c
0i
#13290340
0t
0s
0r
1y
1c
0i
#13290706
1t
0s
0r
1y
1c
0i
#13291261
0t
0s
0r
1y
1c
0i
#13291626
1t
0s
0r
1y
1c
0i
#13292184
0t
0s
0r
1y
1c
0i
#13292547
1t
0s
0r
1y
1c
0i
#13293101
0t
0s
0r
1y
1c
0i
#13293466
1t
0s
0r
1y
1c
0i
#13294021
0t
0s
0r
1y
1c
0i
#13294385
1t
0s
0r
1y
1c
0i
#13294942
0t
0s
0r
1y
1c
0i
#13295306
1t
0s
0r
1y
1c
0i
#13295859
0t
0s
0r
1y
1c
0i
#13296224
1t
0s
0r
1y
1c
0i
#13296777
0t
0s
0r
1y
1c
0i
#13297141
1t
0s
0r
1y
1c
0i
#13297697
0t
0s
0r
1y
1c
0i
#13298059
1t
0s
0r
1y
1c
0i
#13299505
0t
0s
0r
1y
1c
0i
#13300539
1t
0s
0r
1y
1c
0i
#13301362
0t
0s
0r
1y
1c
0i
#13301712
1t
0s
0r
1y
1c
0i
#13302266
0t
0s
0r
1y
1c
0i
#13302625
1t
0s
0r
1y
1c
0i
#13303177
0t
0s
0r
1y
1c
0i
#13303536
1t
0s
0r
1y
1c
0i
#13304087
0t
0s
0r
1y
1c
0i
#13304447
1t
0s
0r
1y
1c
0i
#13304998
0t
0s
0r
1y
1c
0i
#13305357
1t
0s
0r
1y
1c
0i
#13305910
0t
0s
0r
1y
1c
0i
#13306268
1t
0s
0r
1y
1c
0i
#13306817
0t
0s
0r
1y
1c
0i
#13307177
1t
0s
0r
1y
1c
0i
#13307728
0t
0s
0r
1y
1c
0i
#13308087
1t
0s
0r
1y
1c
0i
#13308640
0t
0s
0r
1y
1c
1i
#13309000
1t
0s
0r
1y
1c
1i
#13309549
0t
0s
0r
1y
1c
1i
#13309911
1t
0s
0r
1y
1c
1i
#13310462
0t
0s
0r
1y
1c
1i
#13310823
1t
0s
0r
1y
1c
1i
#13311379
0t
0s
0r
1y
0c
1i
#13311739
1t
0s
0r
1y
0c
1i
#13312293
0t
0s
0r
1y
0c
1i
#13312654
1t
0s
0r
1y
0c
1i
#13313209
0t
0s
0r
1y
0c
0i
#13313572
1t
0s
0r
1y
0c
0i
#13313743
1t
0s
1r
1y
0c
0i
#13313745
1t
0s
0r
1y
0c
0i
#13314130
0t
0s
0r
1y
0c
0i
#13314491
1t
0s
0r
1y
0c
0i
#13315045
0t
0s
0r
1y
0c
0i
#13315407
1t
0s
0r
1y
0c
0i
#13315963
0t
0s
0r
1y
0c
0i
#13316324
1t
0s
0r
1y
0c
0i
#13316881
0t
0s
0r
1y
0c
0i
#13317241
1t
0s
0r
1y
0c
0i
#13317794
0t
0s
0r
1y
0c
0i
#13318156
1t
0s
0r
1y
0c
0i
#13318710
0t
0s
0r
1y
0c
0i
#13319071
1t
0s
0r
1y
0c
0i
#13319628
0t
0s
0r
1y
0c
0i
#13319987
1t
0s
0r
1y
0c
0i
#13320541
0t
0s
0r
1y
0c
0i
#13320901
1t
0s
0r
1y
0c
0i
#13321456
0t
0s
0r
1y
0c
0i
#13321816
1t
0s
0r
1y
0c
0i
#13322373
0t
0s
0r
1y
0c
0i
#13322731
1t
0s
0r
1y
0c
0i
#13323284
0t
0s
0r
1y
0c
0i
#13323643
1t
0s
0r
1y
0c
0i
#13324197
0t
0s
0r
1y
0c
0i
#13324555
1t
0s
0r
1y
0c
0i
#13325111
0t
0s
0r
1y
0c
0i
#13325468
1t
0s
0r
1y
0c
0i
#13326021
0t
0s
0r
1y
0c
0i
#13326379
1t
0s
0r
1y
0c
0i
#13326929
0t
0s
0r
1y
0c
0i
#13327289
1t
0s
0r
1y
0c
0i
#13327841
0t
0s
0r
1y
0c
0i
#13328199
1t
0s
0r
1y
0c
0i
#13328747
0t
0s
0r
1y
0c
0i
#13329107
1t
0s
0r
1y
0c
0i
#13329656
0t
0s
0r
1y
0c
0i
#13330014
1t
0s
0r
1y
0c
0i
#13330566
0t
0s
0r
1y
0c
0i
#13330923
1t
0s
0r
1y
0c
0i
#13331471
0t
0s
0r
1y
0c
0i
#13331830
1t
0s
0r
1y
0c
0i
#13332378
0t
0s
0r
1y
0c
0i
#13332737
1t
0s
0r
1y
0c
0i
#13333287
0t
0s
0r
1y
0c
0i
#13333645
1t
0s
0r
1y
0c
0i
#13334192
0t
0s
0r
1y
0c
0i
#13334551
1t
0s
0r
1y
0c
0i
#13335100
0t
0s
0r
1y
0c
0i
#13335459
1t
0s
0r
1y
0c
0i
#13336009
0t
0s
0r
1y
0c
1i
#13336368
1t
0s
0r
1y
0c
1i
#13336915
0t
0s
0r
1y
0c
1i
#13337276
1t
0s
0r
1y
0c
1i
#13337825
0t
0s
0r
1y
0c
1i
#13338186
1t
0s
0r
1y
0c
1i
#13338739
0t
0s
0r
1y
1c
1i
#13339098
1t
0s
0r
1y
1c
1i
#13339649
0t
0s
0r
1y
1c
1i
#13340010
1t
0s
0r
1y
1c
1i
#13340563
0t
0s
0r
1y
1c
0i
#13340924
1t
0s
0r
1y
1c
0i
#13341480
0t
0s
0r
1y
1c
0i
#13341840
1t
0s
0r
1y
1c
0i
#13342392
0t
0s
0r
1y
1c
0i
#13342753
1t
0s
0r
1y
1c
0i
#13343306
0t
0s
0r
1y
1c
0i
#13343667
1t
0s
0r
1y
1c
0i
#13344221
0t
0s
0r
1y
1c
0i
#13344581
1t
0s
0r
1y
1c
0i
#13345131
0t
0s
0r
1y
1c
0i
#13345494
1t
0s
0r
1y
1c
0i
#13346044
0t
0s
0r
1y
1c
0i
#13346406
1t
0s
0r
1y
1c
0i
#13346958
0t
0s
0r
1y
1c
0i
#13347318
1t
0s
0r
1y
1c
0i
#13347867
0t
0s
0r
1y
1c
0i
#13348228
1t
0s
0r
1y
1c
0i
#13348777
0t
0s
0r
1y
1c
0i
#13349138
1t
0s
0r
1y
1c
0i
#13349688
0t
0s
0r
1y
1c
0i
#13350049
1t
0s
0r
1y
1c
0i
#13350594
0t
0s
0r
1y
1c
0i
#13350956
1t
0s
0r
1y
1c
0i
#13351501
0t
0s
0r
1y
1c
0i
#13351862
1t
0s
0r
1y
1c
0i
#13352409
0t
0s
0r
1y
1c
0i
#13352768
1t
0s
0r
1y
1c
0i
#13354195
0t
0s
0r
1y
1c
0i
#13355216
1t
0s
0r
1y
1c
0i
#13356029
0t
0s
0r
1y
1c
0i
#13356376
1t
0s
0r
1y
1c
0i
#13356922
0t
0s
0r
1y
1c
0i
#13357278
1t
0s
0r
1y
1c
0i
#13357823
0t
0s
0r
1y
1c
0i
#13358179
1t
0s
0r
1y
1c
0i
#13358723
0t
0s
0r
1y
1c
0i
#13359080
1t
0s
0r
1y
1c
0i
#13359624
0t
0s
0r
1y
1c
0i
#13359980
1t
0s
0r
1y
1c
0i
#13360526
0t
0s
0r
1y
1c
0i
#13360881
1t
0s
0r
1y
1c
0i
#13361423
0t
0s
0r
1y
1c
0i
#13361780
1t
0s
0r
1y
1c
0i
#13362324
0t
0s
0r
1y
1c
0i
#13362679
1t
0s
0r
1y
1c
0i
#13363224
0t
0s
0r
1y
1c
1i
#13363581
1t
0s
0r
1y
1c
1i
#13364123
0t
0s
0r
1y
1c
1i
#13364481
1t
0s
0r
1y
1c
1i
#13365025
0t
0s
0r
1y
1c
1i
#13365382
1t
0s
0r
1y
1c
1i
#13365930
0t
0s
0r
1y
0c
1i
#13366286
1t
0s
0r
1y
0c
1i
#13366831
0t
0s
0r
1y
0c
1i
#13367189
1t
0s
0r
1y
0c
1i
#13367736
0t
0s
0r
1y
0c
1i
#13368094
1t
0s
0r
1y
0c
0i
#13368644
0t
0s
0r
1y
0c
0i
#13369001
1t
0s
0r
1y
0c
0i
#13369547
0t
0s
0r
1y
0c
0i
#13369905
1t
0s
0r
1y
0c
0i
#13370452
0t
0s
0r
1y
0c
0i
#13370809
1t
0s
0r
1y
0c
0i
#13371358
0t
0s
0r
1y
0c
0i
#13371714
1t
0s
0r
1y
0c
0i
#13372259
0t
0s
0r
1y
0c
0i
#13372618
1t
0s
0r
1y
0c
0i
#13373164
0t
0s
0r
1y
0c
0i
#13373522
1t
0s
0r
1y
0c
0i
#13374071
0t
0s
0r
1y
0c
0i
#13374427
1t
0s
0r
1y
0c
0i
#13374974
0t
0s
0r
1y
0c
0i
#13375332
1t
0s
0r
1y
0c
0i
#13375881
0t
0s
0r
1y
0c
0i
#13376239
1t
0s
0r
1y
0c
0i
#13376791
0t
0s
0r
1y
0c
0i
#13377148
1t
0s
0r
1y
0c
0i
#13377698
0t
0s
0r
1y
0c
0i
#13378056
1t
0s
0r
1y
0c
0i
#13378608
0t
0s
0r
1y
0c
0i
#13378966
1t
0s
0r
1y
0c
0i
#13379522
0t
0s
0r
1y
0c
0i
#13379879
1t
0s
0r
1y
0c
0i
#13380432
0t
0s
0r
1y
0c
0i
#13380791
1t
0s
0r
1y
0c
0i
#13381344
0t
0s
0r
1y
0c
0i
#13381705
1t
0s
0r
1y
0c
0i
#13382260
0t
0s
0r
1y
0c
0i
#13382620
1t
0s
0r
1y
0c
0i
#13383171
0t
0s
0r
1y
0c
0i
#13383532
1t
0s
0r
1y
0c
0i
#13384085
0t
0s
0r
1y
0c
0i
#13384445
1t
0s
0r
1y
0c
0i
#13385000
0t
0s
0r
1y
0c
0i
#13385359
1t
0s
0r
1y
0c
0i
#13385909
0t
0s
0r
1y
0c
0i
#13386271
1t
0s
0r
1y
0c
0i
#13386821
0t
0s
0r
1y
0c
0i
#13387182
1t
0s
0r
1y
0c
0i
#13387735
0t
0s
0r
1y
0c
0i
#13388095
1t
0s
0r
1y
0c
0i
#13388644
0t
0s
0r
1y
0c
0i
#13389005
1t
0s
0r
1y
0c
0i
#13389555
0t
0s
0r
1y
0c
0i
#13389916
1t
0s
0r
1y
0c
0i
#13390468
0t
0s
0r
1y
0c
1i
#13390830
1t
0s
0r
1y
0c
1i
#13391379
0t
0s
0r
1y
0c
1i
#13391741
1t
0s
0r
1y
0c
1i
#13392294
0t
0s
0r
1y
0c
1i
#13392655
1t
0s
0r
1y
0c
1i
#13393211
0t
0s
0r
1y
1c
1i
#13393572
1t
0s
0r
1y
1c
1i
#13394126
0t
0s
0r
1y
1c
1i
#13394489
1t
0s
0r
1y
1c
1i
#13395045
0t
0s
0r
1y
1c
0i
#13395408
1t
0s
0r
1y
1c
0i
#13395967
0t
0s
0r
1y
1c
0i
#13396329
1t
0s
0r
1y
1c
0i
#13396885
0t
0s
0r
1y
1c
0i
#13397249
1t
0s
0r
1y
1c
0i
#13397805
0t
0s
0r
1y
1c
0i
#13398168
1t
0s
0r
1y
1c
0i
#13398727
0t
0s
0r
1y
1c
0i
#13399089
1t
0s
0r
1y
1c
0i
#13399643
0t
0s
0r
1y
1c
0i
#13400008
1t
0s
0r
1y
1c
0i
#13400562
0t
0s
0r
1y
1c
0i
#13400926
1t
0s
0r
1y
1c
0i
#13401483
0t
0s
0r
1y
1c
0i
#13401846
1t
0s
0r
1y
1c
0i
#13402398
0t
0s
0r
1y
1c
0i
#13402762
1t
0s
0r
1y
1c
0i
#13403315
0t
0s
0r
1y
1c
0i
#13403678
1t
0s
0r
1y
1c
0i
#13404233
0t
0s
0r
1y
1c
0i
#13404596
1t
0s
0r
1y
1c
0i
#13405146
0t
0s
0r
1y
1c
0i
#13405509
1t
0s
0r
1y
1c
0i
#13406059
0t
0s
0r
1y
1c
0i
#13406421
1t
0s
0r
1y
1c
0i
#13406973
0t
0s
0r
1y
1c
0i
#13407334
1t
0s
0r
1y
1c
0i
#13408770
0t
0s
0r
1y
1c
0i
#13409798
1t
0s
0r
1y
1c
0i
#13410617
0t
0s
0r
1y
1c
0i
#13410966
1t
0s
0r
1y
1c
0i
#13411516
0t
0s
0r
1y
1c
0i
#13411874
1t
0s
0r
1y
1c
0i
#13412422
0t
0s
0r
1y
1c
0i
#13412780
1t
0s
0r
1y
1c
0i
#13413328
0t
0s
0r
1y
1c
0i
#13413687
1t
0s
0r
1y
1c
0i
#13414234
0t
0s
0r
1y
1c
0i
#13414592
1t
0s
0r
1y
1c
0i
#13415142
0t
0s
0r
1y
1c
0i
#13415499
1t
0s
0r
1y
1c
0i
#13416045
0t
0s
0r
1y
1c
0i
#13416403
1t
0s
0r
1y
1c
0i
#13416951
0t
0s
0r
1y
1c
0i
#13417309
1t
0s
0r
1y
1c
0i
#13417858
0t
0s
0r
1y
1c
1i
#13418216
1t
0s
0r
1y
1c
1i
#13418762
0t
0s
0r
1y
1c
1i
#13419122
1t
0s
0r
1y
1c
1i
#13419670
0t
0s
0r
1y
1c
1i
#13420030
1t
0s
0r
1y
1c
1i
#13420582
0t
0s
0r
1y
0c
1i
#13420940
1t
0s
0r
1y
0c
1i
#13421490
0t
0s
0r
1y
0c
1i
#13421850
1t
0s
0r
1y
0c
1i
#13422401
0t
0s
0r
1y
0c
0i
#13422762
1t
0s
0r
1y
0c
0i
#13422941
1t
0s
1r
1y
0c
0i
#13422944
1t
0s
0r
1y
0c
0i
#13423316
0t
0s
0r
1y
0c
0i
#13423676
1t
0s
0r
1y
0c
0i
#13424226
0t
0s
0r
1y
0c
0i
#13424587
1t
0s
0r
1y
0c
0i
#13425138
0t
0s
0r
1y
0c
0i
#13425498
1t
0s
0r
1y
0c
0i
#13426052
0t
0s
0r
1y
0c
0i
#13426410
1t
0s
0r
1y
0c
0i
#13426960
0t
0s
0r
1y
0c
0i
#13427321
1t
0s
0r
1y
0c
0i
#13427871
0t
0s
0r
1y
0c
0i
#13428231
1t
0s
0r
1y
0c
0i
#13428784
0t
0s
0r
1y
0c
0i
#13429142
1t
0s
0r
1y
0c
0i
#13429693
0t
0s
0r
1y
0c
0i
#13430052
1t
0s
0r
1y
0c
0i
#13430604
0t
0s
0r
1y
0c
0i
#13430962
1t
0s
0r
1y
0c
0i
#13431516
0t
0s
0r
1y
0c
0i
#13431873
1t
0s
0r
1y
0c
0i
#13432423
0t
0s
0r
1y
0c
0i
#13432781
1t
0s
0r
1y
0c
0i
#13433331
0t
0s
0r
1y
0c
0i
#13433688
1t
0s
0r
1y
0c
0i
#13434241
0t
0s
0r
1y
0c
0i
#13434596
1t
0s
0r
1y
0c
0i
#13435145
0t
0s
0r
1y
0c
0i
#13435502
1t
0s
0r
1y
0c
0i
#13436050
0t
0s
0r
1y
0c
0i
#13436408
1t
0s
0r
1y
0c
0i
#13436958
0t
0s
0r
1y
0c
0i
#13437314
1t
0s
0r
1y
0c
0i
#13437860
0t
0s
0r
1y
0c
0i
#13438217
1t
0s
0r
1y
0c
0i
#13438764
0t
0s
0r
1y
0c
0i
#13439121
1t
0s
0r
1y
0c
0i
#13439670
0t
0s
0r
1y
0c
0i
#13440026
1t
0s
0r
1y
0c
0i
#13440570
0t
0s
0r
1y
0c
0i
#13440928
1t
0s
0r
1y
0c
0i
#13441473
0t
0s
0r
1y
0c
0i
#13441831
1t
0s
0r
1y
0c
0i
#13442378
0t
0s
0r
1y
0c
0i
#13442734
1t
0s
0r
1y
0c
0i
#13443278
0t
0s
0r
1y
0c
0i
#13443636
1t
0s
0r
1y
0c
0i
#13444181
0t
0s
0r
1y
0c
0i
#13444538
1t
0s
0r
1y
0c
0i
#13445085
0t
0s
0r
1y
0c
1i
#13445443
1t
0s
0r
1y
0c
1i
#13445987
0t
0s
0r
1y
0c
1i
#13446346
1t
0s
0r
1y
0c
1i
#13446893
0t
0s
0r
1y
0c
1i
#13447251
1t
0s
0r
1y
0c
1i
#13447801
0t
0s
0r
1y
1c
1i
#13448159
1t
0s
0r
1y
1c
1i
#13448707
0t
0s
0r
1y
1c
1i
#13449067
1t
0s
0r
1y
1c
1i
#13449617
0t
0s
0r
1y
1c
0i
#13449977
1t
0s
0r
1y
1c
0i
#13450530
0t
0s
0r
1y
1c
0i
#13450889
1t
0s
0r
1y
1c
0i
#13451438
0t
0s
0r
1y
1c
0i
#13451798
1t
0s
0r
1y
1c
0i
#13452349
0t
0s
0r
1y
1c
0i
#13452708
1t
0s
0r
1y
1c
0i
#13453260
0t
0s
0r
1y
1c
0i
#13453619
1t
0s
0r
1y
1c
0i
#13454167
0t
0s
0r
1y
1c
0i
#13454529
1t
0s
0r
1y
1c
0i
#13455078
0t
0s
0r
1y
1c
0i
#13455439
1t
0s
0r
1y
1c
0i
#13455990
0t
0s
0r
1y
1c
0i
#13456350
1t
0s
0r
1y
1c
0i
#13456899
0t
0s
0r
1y
1c
0i
#13457261
1t
0s
0r
1y
1c
0i
#13457811
0t
0s
0r
1y
1c
0i
#13458173
1t
0s
0r
1y
1c
0i
#13458725
0t
0s
0r
1y
1c
0i
#13459088
1t
0s
0r
1y
1c
0i
#13459637
0t
0s
0r
1y
1c
0i
#13460001
1t
0s
0r
1y
1c
0i
#13460552
0t
0s
0r
1y
1c
0i
#13460915
1t
0s
0r
1y
1c
0i
#13461469
0t
0s
0r
1y
1c
0i
#13461831
1t
0s
0r
1y
1c
0i
#13463276
0t
0s
0r
1y
1c
0i
#13464310
1t
0s
0r
1y
1c
0i
#13465134
0t
0s
0r
1y
1c
0i
#13465485
1t
0s
0r
1y
1c
0i
#13466039
0t
0s
0r
1y
1c
0i
#13466398
1t
0s
0r
1y
1c
0i
#13466949
0t
0s
0r
1y
1c
0i
#13467309
1t
0s
0r
1y
1c
0i
#13467859
0t
0s
0r
1y
1c
0i
#13468219
1t
0s
0r
1y
1c
0i
#13468769
0t
0s
0r
1y
1c
0i
#13469129
1t
0s
0r
1y
1c
0i
#13469680
0t
0s
0r
1y
1c
0i
#13470038
1t
0s
0r
1y
1c
0i
#13470587
0t
0s
0r
1y
1c
0i
#13470946
1t
0s
0r
1y
1c
0i
#13471496
0t
0s
0r
1y
1c
0i
#13471855
1t
0s
0r
1y
1c
0i
#13472407
0t
0s
0r
1y
1c
1i
#13472767
1t
0s
0r
1y
1c
1i
#13473315
0t
0s
0r
1y
1c
1i
#13473677
1t
0s
0r
1y
1c
1i
#13474228
0t
0s
0r
1y
1c
1i
#13474589
1t
0s
0r
1y
1c
1i
#13475143
0t
0s
0r
1y
0c
1i
#13475503
1t
0s
0r
1y
0c
1i
#13476057
0t
0s
0r
1y
0c
1i
#13476418
1t
0s
0r
1y
0c
1i
#13476972
0t
0s
0r
1y
0c
0i
#13477335
1t
0s
0r
1y
0c
0i
#13477892
0t
0s
0r
1y
0c
0i
#13478253
1t
0s
0r
1y
0c
0i
#13478807
0t
0s
0r
1y
0c
0i
#13479169
1t
0s
0r
1y
0c
0i
#13479724
0t
0s
0r
1y
0c
0i
#13480085
1t
0s
0r
1y
0c
0i
#13480642
0t
0s
0r
1y
0c
0i
#13481002
1t
0s
0r
1y
0c
0i
#13481554
0t
0s
0r
1y
0c
0i
#13481917
1t
0s
0r
1y
0c
0i
#13482470
0t
0s
0r
1y
0c
0i
#13482832
1t
0s
0r
1y
0c
0i
#13483388
0t
0s
0r
1y
0c
0i
#13483748
1t
0s
0r
1y
0c
0i
#13484302
0t
0s
0r
1y
0c
0i
#13484663
1t
0s
0r
1y
0c
0i
#13485219
0t
0s
0r
1y
0c
0i
#13485579
1t
0s
0r
1y
0c
0i
#13486139
0t
0s
0r
1y
0c
0i
#13486497
1t
0s
0r
1y
0c
0i
#13487053
0t
0s
0r
1y
0c
0i
#13487414
1t
0s
0r
1y
0c
0i
#13487971
0t
0s
0r
1y
0c
0i
#13488333
1t
0s
0r
1y
0c
0i
#13488893
0t
0s
0r
1y
0c
0i
#13489253
1t
0s
0r
1y
0c
0i
#13489810
0t
0s
0r
1y
0c
0i
#13490171
1t
0s
0r
1y
0c
0i
#13490728
0t
0s
0r
1y
0c
0i
#13491091
1t
0s
0r
1y
0c
0i
#13491650
0t
0s
0r
1y
0c
0i
#13492011
1t
0s
0r
1y
0c
0i
#13492566
0t
0s
0r
1y
0c
0i
#13492928
1t
0s
0r
1y
0c
0i
#13493484
0t
0s
0r
1y
0c
0i
#13493845
1t
0s
0r
1y
0c
0i
#13494403
0t
0s
0r
1y
0c
0i
#13494763
1t
0s
0r
1y
0c
0i
#13495317
0t
0s
0r
1y
0c
0i
#13495680
1t
0s
0r
1y
0c
0i
#13496234
0t
0s
0r
1y
0c
0i
#13496596
1t
0s
0r
1y
0c
0i
#13497152
0t
0s
0r
1y
0c
0i
#13497513
1t
0s
0r
1y
0c
0i
#13498065
0t
0s
0r
1y
0c
0i
#13498427
1t
0s
0r
1y
0c
0i
#13498981
0t
0s
0r
1y
0c
0i
#13499343
1t
0s
0r
1y
0c
0i
#13499899
0t
0s
0r
1y
0c
1i
#13500262
1t
0s
0r
1y
0c
1i
#13500814
0t
0s
0r
1y
0c
1i
#13501179
1t
0s
0r
1y
0c
1i
#13501734
0t
0s
0r
1y
0c
1i
#13502098
1t
0s
0r
1y
0c
1i
#13502657
0t
0s
0r
1y
1c
1i
#13503020
1t
0s
0r
1y
1c
1i
#13503576
0t
0s
0r
1y
1c
1i
#13503941
1t
0s
0r
1y
1c
1i
#13504500
0t
0s
0r
1y
1c
0i
#13504865
1t
0s
0r
1y
1c
0i
#13505427
0t
0s
0r
1y
1c
0i
#13505791
1t
0s
0r
1y
1c
0i
#13506350
0t
0s
0r
1y
1c
0i
#13506715
1t
0s
0r
1y
1c
0i
#13507274
0t
0s
0r
1y
1c
0i
#13507639
1t
0s
0r
1y
1c
0i
#13508200
0t
0s
0r
1y
1c
0i
#13508563
1t
0s
0r
1y
1c
0i
#13509120
0t
0s
0r
1y
1c
0i
#13509487
1t
0s
0r
1y
1c
0i
#13510044
0t
0s
0r
1y
1c
0i
#13510410
1t
0s
0r
1y
1c
0i
#13510970
0t
0s
0r
1y
1c
0i
#13511335
1t
0s
0r
1y
1c
0i
#13511892
0t
0s
0r
1y
1c
0i
#13512258
1t
0s
0r
1y
1c
0i
#13512816
0t
0s
0r
1y
1c
0i
#13513182
1t
0s
0r
1y
1c
0i
#13513743
0t
0s
0r
1y
1c
0i
#13514109
1t
0s
0r
1y
1c
0i
#13514667
0t
0s
0r
1y
1c
0i
#13515035
1t
0s
0r
1y
1c
0i
#13515594
0t
0s
0r
1y
1c
0i
#13515961
1t
0s
0r
1y
1c
0i
#13516522
0t
0s
0r
1y
1c
0i
#13516888
1t
0s
0r
1y
1c
0i
#13518352
0t
0s
0r
1y
1c
0i
#13519399
1t
0s
0r
1y
1c
0i
#13520234
0t
0s
0r
1y
1c
0i
#13520589
1t
0s
0r
1y
1c
0i
#13521151
0t
0s
0r
1y
1c
0i
#13521514
1t
0s
0r
1y
1c
0i
#13522074
0t
0s
0r
1y
1c
0i
#13522437
1t
0s
0r
1y
1c
0i
#13522996
0t
0s
0r
1y
1c
0i
#13523361
1t
0s
0r
1y
1c
0i
#13523919
0t
0s
0r
1y
1c
0i
#13524283
1t
0s
0r
1y
1c
0i
#13524844
0t
0s
0r
1y
1c
0i
#13525206
1t
0s
0r
1y
1c
0i
#13525763
0t
0s
0r
1y
1c
0i
#13526127
1t
0s
0r
1y
1c
0i
#13526686
0t
0s
0r
1y
1c
0i
#13527049
1t
0s
0r
1y
1c
0i
#13527610
0t
0s
0r
1y
1c
1i
#13527974
1t
0s
0r
1y
1c
1i
#13528532
0t
0s
0r
1y
1c
1i
#13528898
1t
0s
0r
1y
1c
1i
#13529457
0t
0s
0r
1y
1c
1i
#13529823
1t
0s
0r
1y
1c
1i
#13530386
0t
0s
0r
1y
0c
1i
#13530751
1t
0s
0r
1y
0c
1i
#13531312
0t
0s
0r
1y
0c
1i
#13531679
1t
0s
0r
1y
0c
1i
#13532243
0t
0s
0r
1y
0c
0i
#13532497
0t
0s
1r
1y
0c
0i
#13532499
0t
0s
0r
1y
0c
0i
#13532609
1t
0s
0r
1y
0c
0i
#13533175
0t
0s
0r
1y
0c
0i
#13533541
1t
0s
0r
1y
0c
0i
#13534103
0t
0s
0r
1y
0c
0i
#13534470
1t
0s
0r
1y
0c
0i
#13535033
0t
0s
0r
1y
0c
0i
#13535399
1t
0s
0r
1y
0c
0i
#13535965
0t
0s
0r
1y
0c
0i
#13536329
1t
0s
0r
1y
0c
0i
#13536890
0t
0s
0r
1y
0c
0i
#13537257
1t
0s
0r
1y
0c
0i
#13537819
0t
0s
0r
1y
0c
0i
#13538185
1t
0s
0r
1y
0c
0i
#13538750
0t
0s
0r
1y
0c
0i
#13539114
1t
0s
0r
1y
0c
0i
#13539676
0t
0s
0r
1y
0c
0i
#13540042
1t
0s
0r
1y
0c
0i
#13540605
0t
0s
0r
1y
0c
0i
#13540970
1t
0s
0r
1y
0c
0i
#13541536
0t
0s
0r
1y
0c
0i
#13541899
1t
0s
0r
1y
0c
0i
#13542462
0t
0s
0r
1y
0c
0i
#13542827
1t
0s
0r
1y
0c
0i
#13543390
0t
0s
0r
1y
0c
0i
#13543754
1t
0s
0r
1y
0c
0i
#13544320
0t
0s
0r
1y
0c
0i
#13544683
1t
0s
0r
1y
0c
0i
#13545245
0t
0s
0r
1y
0c
0i
#13545610
1t
0s
0r
1y
0c
0i
#13546171
0t
0s
0r
1y
0c
0i
#13546537
1t
0s
0r
1y
0c
0i
#13547100
0t
0s
0r
1y
0c
0i
#13547463
1t
0s
0r
1y
0c
0i
#13548023
0t
0s
0r
1y
0c
0i
#13548387
1t
0s
0r
1y
0c
0i
#13548948
0t
0s
0r
1y
0c
0i
#13549312
1t
0s
0r
1y
0c
0i
#13549874
0t
0s
0r
1y
0c
0i
#13550237
1t
0s
0r
1y
0c
0i
#13550796
0t
0s
0r
1y
0c
0i
#13551161
1t
0s
0r
1y
0c
0i
#13551719
0t
0s
0r
1y
0c
0i
#13552084
1t
0s
0r
1y
0c
0i
#13552645
0t
0s
0r
1y
0c
0i
#13553009
1t
0s
0r
1y
0c
0i
#13553566
0t
0s
0r
1y
0c
0i
#13553932
1t
0s
0r
1y
0c
0i
#13554490
0t
0s
0r
1y
0c
0i
#13554855
1t
0s
0r
1y
0c
0i
#13555417
0t
0s
0r
1y
0c
1i
#13555782
1t
0s
0r
1y
0c
1i
#13556339
0t
0s
0r
1y
0c
1i
#13556706
1t
0s
0r
1y
0c
1i
#13557266
0t
0s
0r
1y
0c
1i
#13557632
1t
0s
0r
1y
0c
1i
#13558196
0t
0s
0r
1y
1c
1i
#13558562
1t
0s
0r
1y
1c
1i
#13559123
0t
0s
0r
1y
1c
1i
#13559491
1t
0s
0r
1y
1c
1i
#13560055
0t
0s
0r
1y
1c
0i
#13560422
1t
0s
0r
1y
1c
0i
#13560989
0t
0s
0r
1y
1c
0i
#13561355
1t
0s
0r
1y
1c
0i
#13561918
0t
0s
0r
1y
1c
0i
#13562285
1t
0s
0r
1y
1c
0i
#13562849
0t
0s
0r
1y
1c
0i
#13563216
1t
0s
0r
1y
1c
0i
#13563781
0t
0s
0r
1y
1c
0i
#13564147
1t
0s
0r
1y
1c
0i
#13564708
0t
0s
0r
1y
1c
0i
#13565077
1t
0s
0r
1y
1c
0i
#13565639
0t
0s
0r
1y
1c
0i
#13566008
1t
0s
0r
1y
1c
0i
#13566572
0t
0s
0r
1y
1c
0i
#13566939
1t
0s
0r
1y
1c
0i
#13567501
0t
0s
0r
1y
1c
0i
#13567869
1t
0s
0r
1y
1c
0i
#13568432
0t
0s
0r
1y
1c
0i
#13568800
1t
0s
0r
1y
1c
0i
#13569364
0t
0s
0r
1y
1c
0i
#13569733
1t
0s
0r
1y
1c
0i
#13570294
0t
0s
0r
1y
1c
0i
#13570663
1t
0s
0r
1y
1c
0i
#13571224
0t
0s
0r
1y
1c
0i
#13571593
1t
0s
0r
1y
1c
0i
#13572157
0t
0s
0r
1y
1c
0i
#13572524
1t
0s
0r
1y
1c
0i
#13573991
0t
0s
0r
1y
1c
0i
#13575040
1t
0s
0r
1y
1c
0i
#13575876
0t
0s
0r
1y
1c
0i
#13576232
1t
0s
0r
1y
1c
0i
#13576794
0t
0s
0r
1y
1c
0i
#13577159
1t
0s
0r
1y
1c
0i
#13577719
0t
0s
0r
1y
1c
0i
#13578083
1t
0s
0r
1y
1c
0i
#13578643
0t
0s
0r
1y
1c
0i
#13579009
1t
0s
0r
1y
1c
0i
#13579568
0t
0s
0r
1y
1c
0i
#13579933
1t
0s
0r
1y
1c
0i
#13580494
0t
0s
0r
1y
1c
0i
#13580857
1t
0s
0r
1y
1c
0i
#13581415
0t
0s
0r
1y
1c
0i
#13581780
1t
0s
0r
1y
1c
0i
#13582340
0t
0s
0r
1y
1c
0i
#13582703
1t
0s
0r
1y
1c
0i
#13583264
0t
0s
0r
1y
1c
1i
#13583629
1t
0s
0r
1y
1c
1i
#13584187
0t
0s
0r
1y
1c
1i
#13584554
1t
0s
0r
1y
1c
1i
#13585114
0t
0s
0r
1y
1c
1i
#13585480
1t
0s
0r
1y
1c
1i
#13586044
0t
0s
0r
1y
0c
1i
#13586409
1t
0s
0r
1y
0c
1i
#13586970
0t
0s
0r
1y
0c
1i
#13587337
1t
0s
0r
1y
0c
1i
#13587901
0t
0s
0r
1y
0c
0i
#13588268
1t
0s
0r
1y
0c
0i
#13588834
0t
0s
0r
1y
0c
0i
#13589200
1t
0s
0r
1y
0c
0i
#13589762
0t
0s
0r
1y
0c
0i
#13590129
1t
0s
0r
1y
0c
0i
#13590693
0t
0s
0r
1y
0c
0i
#13591059
1t
0s
0r
1y
0c
0i
#13591625
0t
0s
0r
1y
0c
0i
#13591990
1t
0s
0r
1y
0c
0i
#13592552
0t
0s
0r
1y
0c
0i
#13592920
1t
0s
0r
1y
0c
0i
#13593483
0t
0s
0r
1y
0c
0i
#13593850
1t
0s
0r
1y
0c
0i
#13594417
0t
0s
0r
1y
0c
0i
#13594782
1t
0s
0r
1y
0c
0i
#13595348
0t
0s
0r
1y
0c
0i
#13595715
1t
0s
0r
1y
0c
0i
#13596282
0t
0s
0r
1y
0c
0i
#13596649
1t
0s
0r
1y
0c
0i
#13597221
0t
0s
0r
1y
0c
0i
#13597587
1t
0s
0r
1y
0c
0i
#13598157
0t
0s
0r
1y
0c
0i
#13598525
1t
0s
0r
1y
0c
0i
#13599097
0t
0s
0r
1y
0c
0i
#13599466
1t
0s
0r
1y
0c
0i
#13600043
0t
0s
0r
1y
0c
0i
#13600411
1t
0s
0r
1y
0c
0i
#13600984
0t
0s
0r
1y
0c
0i
#13601355
1t
0s
0r
1y
0c
0i
#13601930
0t
0s
0r
1y
0c
0i
#13602303
1t
0s
0r
1y
0c
0i
#13602880
0t
0s
0r
1y
0c
0i
#13603252
1t
0s
0r
1y
0c
0i
#13603826
0t
0s
0r
1y
0c
0i
#13604200
1t
0s
0r
1y
0c
0i
#13604777
0t
0s
0r
1y
0c
0i
#13605149
1t
0s
0r
1y
0c
0i
#13605729
0t
0s
0r
1y
0c
0i
#13606101
1t
0s
0r
1y
0c
0i
#13606677
0t
0s
0r
1y
0c
0i
#13607051
1t
0s
0r
1y
0c
0i
#13607627
0t
0s
0r
1y
0c
0i
#13608001
1t
0s
0r
1y
0c
0i
#13608581
0t
0s
0r
1y
0c
0i
#13608954
1t
0s
0r
1y
0c
0i
#13609530
0t
0s
0r
1y
0c
0i
#13609905
1t
0s
0r
1y
0c
0i
#13610482
0t
0s
0r
1y
0c
0i
#13610857
1t
0s
0r
1y
0c
0i
#13611437
0t
0s
0r
1y
0c
1i
#13611813
1t
0s
0r
1y
0c
1i
#13612390
0t
0s
0r
1y
0c
1i
#13612766
1t
0s
0r
1y
0c
1i
#13613346
0t
0s
0r
1y
0c
1i
#13613723
1t
0s
0r
1y
0c
1i
#13614307
0t
0s
0r
1y
1c
1i
#13614683
1t
0s
0r
1y
1c
1i
#13615265
0t
0s
0r
1y
1c
1i
#13615644
1t
0s
0r
1y
1c
1i
#13616229
0t
0s
0r
1y
1c
0i
#13616607
1t
0s
0r
1y
1c
0i
#13617196
0t
0s
0r
1y
1c
0i
#13617572
1t
0s
0r
1y
1c
0i
#13618157
0t
0s
0r
1y
1c
0i
#13618536
1t
0s
0r
1y
1c
0i
#13619121
0t
0s
0r
1y
1c
0i
#13619500
1t
0s
0r
1y
1c
0i
#13620087
0t
0s
0r
1y
1c
0i
#13620465
1t
0s
0r
1y
1c
0i
#13621047
0t
0s
0r
1y
1c
0i
#13621428
1t
0s
0r
1y
1c
0i
#13622011
0t
0s
0r
1y
1c
0i
#13622391
1t
0s
0r
1y
1c
0i
#13622977
0t
0s
0r
1y
1c
0i
#13623355
1t
0s
0r
1y
1c
0i
#13623938
0t
0s
0r
1y
1c
0i
#13624318
1t
0s
0r
1y
1c
0i
#13624902
0t
0s
0r
1y
1c
0i
#13625282
1t
0s
0r
1y
1c
0i
#13625868
0t
0s
0r
1y
1c
0i
#13626247
1t
0s
0r
1y
1c
0i
#13626830
0t
0s
0r
1y
1c
0i
#13627211
1t
0s
0r
1y
1c
0i
#13627795
0t
0s
0r
1y
1c
0i
#13628175
1t
0s
0r
1y
1c
0i
#13628761
0t
0s
0r
1y
1c
0i
#13629140
1t
0s
0r
1y
1c
0i
#13630663
0t
0s
0r
1y
1c
0i
#13631748
1t
0s
0r
1y
1c
0i
#13632617
0t
0s
0r
1y
1c
0i
#13632983
1t
0s
0r
1y
1c
0i
#13633568
0t
0s
0r
1y
1c
0i
#13633944
1t
0s
0r
1y
1c
0i
#13634526
0t
0s
0r
1y
1c
0i
#13634902
1t
0s
0r
1y
1c
0i
#13635483
0t
0s
0r
1y
1c
0i
#13635860
1t
0s
0r
1y
1c
0i
#13636442
0t
0s
0r
1y
1c
0i
#13636818
1t
0s
0r
1y
1c
0i
#13637401
0t
0s
0r
1y
1c
0i
#13637776
1t
0s
0r
1y
1c
0i
#13638357
0t
0s
0r
1y
1c
0i
#13638733
1t
0s
0r
1y
1c
0i
#13639315
0t
0s
0r
1y
1c
0i
#13639690
1t
0s
0r
1y
1c
0i
#13640274
0t
0s
0r
1y
1c
1i
#13640651
1t
0s
0r
1y
1c
1i
#13641232
0t
0s
0r
1y
1c
1i
#13641611
1t
0s
0r
1y
1c
1i
#13642194
0t
0s
0r
1y
1c
1i
#13642572
1t
0s
0r
1y
1c
1i
#13643160
0t
0s
0r
1y
0c
1i
#13643537
1t
0s
0r
1y
0c
1i
#13644123
0t
0s
0r
1y
0c
1i
#13644502
1t
0s
0r
1y
0c
1i
#13645089
0t
0s
0r
1y
0c
0i
#13645177
0t
0s
1r
1y
0c
0i
#13645179
0t
0s
0r
1y
0c
0i
#13645469
1t
0s
0r
1y
0c
0i
#13646060
0t
0s
0r
1y
0c
0i
#13646438
1t
0s
0r
1y
0c
0i
#13647025
0t
0s
0r
1y
0c
0i
#13647404
1t
0s
0r
1y
0c
0i
#13647992
0t
0s
0r
1y
0c
0i
#13648370
1t
0s
0r
1y
0c
0i
#13648961
0t
0s
0r
1y
0c
0i
#13649338
1t
0s
0r
1y
0c
0i
#13649924
0t
0s
0r
1y
0c
0i
#13650303
1t
0s
0r
1y
0c
0i
#13650890
0t
0s
0r
1y
0c
0i
#13651268
1t
0s
0r
1y
0c
0i
#13651858
0t
0s
0r
1y
0c
0i
#13652235
1t
0s
0r
1y
0c
0i
#13652822
0t
0s
0r
1y
0c
0i
#13653200
1t
0s
0r
1y
0c
0i
#13653788
0t
0s
0r
1y
0c
0i
#13654165
1t
0s
0r
1y
0c
0i
#13654757
0t
0s
0r
1y
0c
0i
#13655132
1t
0s
0r
1y
0c
0i
#13655720
0t
0s
0r
1y
0c
0i
#13656097
1t
0s
0r
1y
0c
0i
#13656687
0t
0s
0r
1y
0c
0i
#13657063
1t
0s
0r
1y
0c
0i
#13657655
0t
0s
0r
1y
0c
0i
#13658030
1t
0s
0r
1y
0c
0i
#13658618
0t
0s
0r
1y
0c
0i
#13658995
1t
0s
0r
1y
0c
0i
#13659582
0t
0s
0r
1y
0c
0i
#13659960
1t
0s
0r
1y
0c
0i
#13660549
0t
0s
0r
1y
0c
0i
#13660925
1t
0s
0r
1y
0c
0i
#13661510
0t
0s
0r
1y
0c
0i
#13661888
1t
0s
0r
1y
0c
0i
#13662473
0t
0s
0r
1y
0c
0i
#13662850
1t
0s
0r
1y
0c
0i
#13663438
0t
0s
0r
1y
0c
0i
#13663814
1t
0s
0r
1y
0c
0i
#13664397
0t
0s
0r
1y
0c
0i
#13664776
1t
0s
0r
1y
0c
0i
#13665359
0t
0s
0r
1y
0c
0i
#13665737
1t
0s
0r
1y
0c
0i
#13666323
0t
0s
0r
1y
0c
0i
#13666700
1t
0s
0r
1y
0c
0i
#13667283
0t
0s
0r
1y
0c
0i
#13667661
1t
0s
0r
1y
0c
0i
#13668245
0t
0s
0r
1y
0c
0i
#13668623
1t
0s
0r
1y
0c
0i
#13669209
0t
0s
0r
1y
0c
1i
#13669589
1t
0s
0r
1y
0c
1i
#13670172
0t
0s
0r
1y
0c
1i
#13670552
1t
0s
0r
1y
0c
1i
#13671138
0t
0s
0r
1y
0c
1i
#13671518
1t
0s
0r
1y
0c
1i
#13672109
0t
0s
0r
1y
1c
1i
#13672488
1t
0s
0r
1y
1c
1i
#13673076
0t
0s
0r
1y
1c
1i
#13673458
1t
0s
0r
1y
1c
1i
#13674048
0t
0s
0r
1y
1c
0i
#13674430
1t
0s
0r
1y
1c
0i
#13675024
0t
0s
0r
1y
1c
0i
#13675404
1t
0s
0r
1y
1c
0i
#13675993
0t
0s
0r
1y
1c
0i
#13676375
1t
0s
0r
1y
1c
0i
#13676966
0t
0s
0r
1y
1c
0i
#13677347
1t
0s
0r
1y
1c
0i
#13677940
0t
0s
0r
1y
1c
0i
#13678320
1t
0s
0r
1y
1c
0i
#13678908
0t
0s
0r
1y
1c
0i
#13679291
1t
0s
0r
1y
1c
0i
#13679880
0t
0s
0r
1y
1c
0i
#13680262
1t
0s
0r
1y
1c
0i
#13680853
0t
0s
0r
1y
1c
0i
#13681235
1t
0s
0r
1y
1c
0i
#13681822
0t
0s
0r
1y
1c
0i
#13682205
1t
0s
0r
1y
1c
0i
#13682794
0t
0s
0r
1y
1c
0i
#13683176
1t
0s
0r
1y
1c
0i
#13683767
0t
0s
0r
1y
1c
0i
#13684150
1t
0s
0r
1y
1c
0i
#13684738
0t
0s
0r
1y
1c
0i
#13685122
1t
0s
0r
1y
1c
0i
#13685710
0t
0s
0r
1y
1c
0i
#13686093
1t
0s
0r
1y
1c
0i
#13686685
0t
0s
0r
1y
1c
0i
#13687066
1t
0s
0r
1y
1c
0i
#13688604
0t
0s
0r
1y
1c
0i
#13689697
1t
0s
0r
1y
1c
0i
#13690575
0t
0s
0r
1y
1c
0i
#13690944
1t
0s
0r
1y
1c
0i
#13691535
0t
0s
0r
1y
1c
0i
#13691914
1t
0s
0r
1y
1c
0i
#13692502
0t
0s
0r
1y
1c
0i
#13692881
1t
0s
0r
1y
1c
0i
#13693468
0t
0s
0r
1y
1c
0i
#13693848
1t
0s
0r
1y
1c
0i
#13694436
0t
0s
0r
1y
1c
0i
#13694814
1t
0s
0r
1y
1c
0i
#13695404
0t
0s
0r
1y
1c
0i
#13695782
1t
0s
0r
1y
1c
0i
#13696368
0t
0s
0r
1y
1c
0i
#13696747
1t
0s
0r
1y
1c
0i
#13697335
0t
0s
0r
1y
1c
0i
#13697714
1t
0s
0r
1y
1c
0i
#13698303
0t
0s
0r
1y
1c
1i
#13698684
1t
0s
0r
1y
1c
1i
#13699270
0t
0s
0r
1y
1c
1i
#13699651
1t
0s
0r
1y
1c
1i
#13700240
0t
0s
0r
1y
1c
1i
#13700622
1t
0s
0r
1y
1c
1i
#13701215
0t
0s
0r
1y
0c
1i
#13701595
1t
0s
0r
1y
0c
1i
#13702186
0t
0s
0r
1y
0c
1i
#13702568
1t
0s
0r
1y
0c
1i
#13703162
0t
0s
0r
1y
0c
0i
#13703544
1t
0s
0r
1y
0c
0i
#13704141
0t
0s
0r
1y
0c
0i
#13704522
1t
0s
0r
1y
0c
0i
#13705114
0t
0s
0r
1y
0c
0i
#13705497
1t
0s
0r
1y
0c
0i
#13706090
0t
0s
0r
1y
0c
0i
#13706471
1t
0s
0r
1y
0c
0i
#13707067
0t
0s
0r
1y
0c
0i
#13707447
1t
0s
0r
1y
0c
0i
#13708038
0t
0s
0r
1y
0c
0i
#13708421
1t
0s
0r
1y
0c
0i
#13709013
0t
0s
0r
1y
0c
0i
#13709395
1t
0s
0r
1y
0c
0i
#13709990
0t
0s
0r
1y
0c
0i
#13710370
1t
0s
0r
1y
0c
0i
#13710962
0t
0s
0r
1y
0c
0i
#13711343
1t
0s
0r
1y
0c
0i
#13711937
0t
0s
0r
1y
0c
0i
#13712317
1t
0s
0r
1y
0c
0i
#13712914
0t
0s
0r
1y
0c
0i
#13713292
1t
0s
0r
1y
0c
0i
#13713884
0t
0s
0r
1y
0c
0i
#13714265
1t
0s
0r
1y
0c
0i
#13714858
0t
0s
0r
1y
0c
0i
#13715237
1t
0s
0r
1y
0c
0i
#13715832
0t
0s
0r
1y
0c
0i
#13716210
1t
0s
0r
1y
0c
0i
#13716801
0t
0s
0r
1y
0c
0i
#13717180
1t
0s
0r
1y
0c
0i
#13717770
0t
0s
0r
1y
0c
0i
#13718150
1t
0s
0r
1y
0c
0i
#13718742
0t
0s
0r
1y
0c
0i
#13719120
1t
0s
0r
1y
0c
0i
#13719707
0t
0s
0r
1y
0c
0i
#13720087
1t
0s
0r
1y
0c
0i
#13720675
0t
0s
0r
1y
0c
0i
#13721054
1t
0s
0r
1y
0c
0i
#13721644
0t
0s
0r
1y
0c
0i
#13722022
1t
0s
0r
1y
0c
0i
#13722608
0t
0s
0r
1y
0c
0i
#13722989
1t
0s
0r
1y
0c
0i
#13723576
0t
0s
0r
1y
0c
0i
#13723955
1t
0s
0r
1y
0c
0i
#13724545
0t
0s
0r
1y
0c
0i
#13724923
1t
0s
0r
1y
0c
0i
#13725509
0t
0s
0r
1y
0c
0i
#13725889
1t
0s
0r
1y
0c
0i
#13726477
0t
0s
0r
1y
0c
0i
#13726857
1t
0s
0r
1y
0c
0i
#13727446
0t
0s
0r
1y
0c
1i
#13727827
1t
0s
0r
1y
0c
1i
#13728413
0t
0s
0r
1y
0c
1i
#13728796
1t
0s
0r
1y
0c
1i
#13729385
0t
0s
0r
1y
0c
1i
#13729767
1t
0s
0r
1y
0c
1i
#13730360
0t
0s
0r
1y
1c
1i
#13730741
1t
0s
0r
1y
1c
1i
#13731332
0t
0s
0r
1y
1c
1i
#13731715
1t
0s
0r
1y
1c
1i
#13732309
0t
0s
0r
1y
1c
0i
#13732692
1t
0s
0r
1y
1c
0i
#13733288
0t
0s
0r
1y
1c
0i
#13733670
1t
0s
0r
1y
1c
0i
#13734263
0t
0s
0r
1y
1c
0i
#13734646
1t
0s
0r
1y
1c
0i
#13735240
0t
0s
0r
1y
1c
0i
#13735622
1t
0s
0r
1y
1c
0i
#13736218
0t
0s
0r
1y
1c
0i
#13736599
1t
0s
0r
1y
1c
0i
#13737190
0t
0s
0r
1y
1c
0i
#13737575
1t
0s
0r
1y
1c
0i
#13738166
0t
0s
0r
1y
1c
0i
#13738550
1t
0s
0r
1y
1c
0i
#13739144
0t
0s
0r
1y
1c
0i
#13739527
1t
0s
0r
1y
1c
0i
#13740119
0t
0s
0r
1y
1c
0i
#13740502
1t
0s
0r
1y
1c
0i
#13741095
0t
0s
0r
1y
1c
0i
#13741479
1t
0s
0r
1y
1c
0i
#13742074
0t
0s
0r
1y
1c
0i
#13742459
1t
0s
0r
1y
1c
0i
#13743050
0t
0s
0r
1y
1c
0i
#13743436
1t
0s
0r
1y
1c
0i
#13744029
0t
0s
0r
1y
1c
0i
#13744414
1t
0s
0r
1y
1c
0i
#13745009
0t
0s
0r
1y
1c
0i
#13745393
1t
0s
0r
1y
1c
0i
#13746940
0t
0s
0r
1y
1c
0i
#13748038
1t
0s
0r
1y
1c
0i
#13748923
0t
0s
0r
1y
1c
0i
#13749294
1t
0s
0r
1y
1c
0i
#13749888
0t
0s
0r
1y
1c
0i
#13750268
1t
0s
0r
1y
1c
0i
#13750860
0t
0s
0r
1y
1c
0i
#13751241
1t
0s
0r
1y
1c
0i
#13751832
0t
0s
0r
1y
1c
0i
#13752214
1t
0s
0r
1y
1c
0i
#13752804
0t
0s
0r
1y
1c
0i
#13753185
1t
0s
0r
1y
1c
0i
#13753778
0t
0s
0r
1y
1c
0i
#13754158
1t
0s
0r
1y
1c
0i
#13754748
0t
0s
0r
1y
1c
0i
#13755129
1t
0s
0r
1y
1c
0i
#13755720
0t
0s
0r
1y
1c
0i
#13756101
1t
0s
0r
1y
1c
0i
#13756694
0t
0s
0r
1y
1c
0i
#13757076
1t
0s
0r
1y
1c
1i
#13757667
0t
0s
0r
1y
1c
1i
#13758050
1t
0s
0r
1y
1c
1i
#13758644
0t
0s
0r
1y
1c
1i
#13759026
1t
0s
0r
1y
1c
1i
#13759624
0t
0s
0r
1y
0c
1i
#13760005
1t
0s
0r
1y
0c
1i
#13760601
0t
0s
0r
1y
0c
1i
#13760985
1t
0s
0r
1y
0c
1i
#13761583
0t
0s
0r
1y
0c
0i
#13761935
0t
0s
1r
1y
0c
0i
#13761938
0t
0s
0r
1y
0c
0i
#13761967
1t
0s
0r
1y
0c
0i
#13762567
0t
0s
0r
1y
0c
0i
#13762951
1t
0s
0r
1y
0c
0i
#13763547
0t
0s
0r
1y
0c
0i
#13763932
1t
0s
0r
1y
0c
0i
#13764529
0t
0s
0r
1y
0c
0i
#13764913
1t
0s
0r
1y
0c
0i
#13765513
0t
0s
0r
1y
0c
0i
#13765895
1t
0s
0r
1y
0c
0i
#13766490
0t
0s
0r
1y
0c
0i
#13766875
1t
0s
0r
1y
0c
0i
#13767471
0t
0s
0r
1y
0c
0i
#13767855
1t
0s
0r
1y
0c
0i
#13768454
0t
0s
0r
1y
0c
0i
#13768836
1t
0s
0r
1y
0c
0i
#13769433
0t
0s
0r
1y
0c
0i
#13769816
1t
0s
0r
1y
0c
0i
#13770414
0t
0s
0r
1y
0c
0i
#13770797
1t
0s
0r
1y
0c
0i
#13771398
0t
0s
0r
1y
0c
0i
#13771779
1t
0s
0r
1y
0c
0i
#13772377
0t
0s
0r
1y
0c
0i
#13772759
1t
0s
0r
1y
0c
0i
#13773358
0t
0s
0r
1y
0c
0i
#13773741
1t
0s
0r
1y
0c
0i
#13774342
0t
0s
0r
1y
0c
0i
#13774723
1t
0s
0r
1y
0c
0i
#13775321
0t
0s
0r
1y
0c
0i
#13775704
1t
0s
0r
1y
0c
0i
#13776301
0t
0s
0r
1y
0c
0i
#13776685
1t
0s
0r
1y
0c
0i
#13777283
0t
0s
0r
1y
0c
0i
#13777665
1t
0s
0r
1y
0c
0i
#13778260
0t
0s
0r
1y
0c
0i
#13778643
1t
0s
0r
1y
0c
0i
#13779239
0t
0s
0r
1y
0c
0i
#13779621
1t
0s
0r
1y
0c
0i
#13780220
0t
0s
0r
1y
0c
0i
#13780600
1t
0s
0r
1y
0c
0i
#13781194
0t
0s
0r
1y
0c
0i
#13781577
1t
0s
0r
1y
0c
0i
#13782171
0t
0s
0r
1y
0c
0i
#13782554
1t
0s
0r
1y
0c
0i
#13783151
0t
0s
0r
1y
0c
0i
#13783533
1t
0s
0r
1y
0c
0i
#13784126
0t
0s
0r
1y
0c
0i
#13784509
1t
0s
0r
1y
0c
0i
#13785103
0t
0s
0r
1y
0c
0i
#13785487
1t
0s
0r
1y
0c
0i
#13786084
0t
0s
0r
1y
0c
0i
#13786468
1t
0s
0r
1y
0c
1i
#13787061
0t
0s
0r
1y
0c
1i
#13787447
1t
0s
0r
1y
0c
1i
#13788043
0t
0s
0r
1y
0c
1i
#13788428
1t
0s
0r
1y
0c
1i
#13789028
0t
0s
0r
1y
1c
1i
#13789413
1t
0s
0r
1y
1c
1i
#13790011
0t
0s
0r
1y
1c
1i
#13790398
1t
0s
0r
1y
1c
1i
#13790999
0t
0s
0r
1y
1c
0i
#13791386
1t
0s
0r
1y
1c
0i
#13791990
0t
0s
0r
1y
1c
0i
#13792375
1t
0s
0r
1y
1c
0i
#13792975
0t
0s
0r
1y
1c
0i
#13793362
1t
0s
0r
1y
1c
0i
#13793964
0t
0s
0r
1y
1c
0i
#13794350
1t
0s
0r
1y
1c
0i
#13794953
0t
0s
0r
1y
1c
0i
#13795339
1t
0s
0r
1y
1c
0i
#13795937
0t
0s
0r
1y
1c
0i
#13796326
1t
0s
0r
1y
1c
0i
#13796924
0t
0s
0r
1y
1c
0i
#13797313
1t
0s
0r
1y
1c
0i
#13797915
0t
0s
0r
1y
1c
0i
#13798301
1t
0s
0r
1y
1c
0i
#13798900
0t
0s
0r
1y
1c
0i
#13799288
1t
0s
0r
1y
1c
0i
#13799888
0t
0s
0r
1y
1c
0i
#13800276
1t
0s
0r
1y
1c
0i
#13800877
0t
0s
0r
1y
1c
0i
#13801265
1t
0s
0r
1y
1c
0i
#13801863
0t
0s
0r
1y
1c
0i
#13802252
1t
0s
0r
1y
1c
0i
#13802850
0t
0s
0r
1y
1c
0i
#13803238
1t
0s
0r
1y
1c
0i
#13803839
0t
0s
0r
1y
1c
0i
#13804225
1t
0s
0r
1y
1c
0i
#13805785
0t
0s
0r
1y
1c
0i
#13806890
1t
0s
0r
1y
1c
0i
#13807780
0t
0s
0r
1y
1c
0i
#13808154
1t
0s
0r
1y
1c
0i
#13808753
0t
0s
0r
1y
1c
0i
#13809136
1t
0s
0r
1y
1c
0i
#13809732
0t
0s
0r
1y
1c
0i
#13810116
1t
0s
0r
1y
1c
0i
#13810712
0t
0s
0r
1y
1c
0i
#13811096
1t
0s
0r
1y
1c
0i
#13811692
0t
0s
0r
1y
1c
0i
#13812075
1t
0s
0r
1y
1c
0i
#13812673
0t
0s
0r
1y
1c
0i
#13813055
1t
0s
0r
1y
1c
0i
#13813650
0t
0s
0r
1y
1c
0i
#13814034
1t
0s
0r
1y
1c
0i
#13814630
0t
0s
0r
1y
1c
0i
#13815013
1t
0s
0r
1y
1c
0i
#13815611
0t
0s
0r
1y
1c
0i
#13815996
1t
0s
0r
1y
1c
1i
#13816590
0t
0s
0r
1y
1c
1i
#13816976
1t
0s
0r
1y
1c
1i
#13817574
0t
0s
0r
1y
1c
1i
#13817960
1t
0s
0r
1y
1c
1i
#13818562
0t
0s
0r
1y
0c
1i
#13818946
1t
0s
0r
1y
0c
1i
#13819546
0t
0s
0r
1y
0c
1i
#13819933
1t
0s
0r
1y
0c
1i
#13820535
0t
0s
0r
1y
0c
0i
#13820922
1t
0s
0r
1y
0c
0i
#13821527
0t
0s
0r
1y
0c
0i
#13821913
1t
0s
0r
1y
0c
0i
#13822514
0t
0s
0r
1y
0c
0i
#13822902
1t
0s
0r
1y
0c
0i
#13823504
0t
0s
0r
1y
0c
0i
#13823890
1t
0s
0r
1y
0c
0i
#13824495
0t
0s
0r
1y
0c
0i
#13824880
1t
0s
0r
1y
0c
0i
#13825480
0t
0s
0r
1y
0c
0i
#13825868
1t
0s
0r
1y
0c
0i
#13826469
0t
0s
0r
1y
0c
0i
#13826856
1t
0s
0r
1y
0c
0i
#13827462
0t
0s
0r
1y
0c
0i
#13827847
1t
0s
0r
1y
0c
0i
#13828450
0t
0s
0r
1y
0c
0i
#13828837
1t
0s
0r
1y
0c
0i
#13829442
0t
0s
0r
1y
0c
0i
#13829829
1t
0s
0r
1y
0c
0i
#13830439
0t
0s
0r
1y
0c
0i
#13830825
1t
0s
0r
1y
0c
0i
#13831431
0t
0s
0r
1y
0c
0i
#13831820
1t
0s
0r
1y
0c
0i
#13832430
0t
0s
0r
1y
0c
0i
#13832817
1t
0s
0r
1y
0c
0i
#13833431
0t
0s
0r
1y
0c
0i
#13833818
1t
0s
0r
1y
0c
0i
#13834429
0t
0s
0r
1y
0c
0i
#13834819
1t
0s
0r
1y
0c
0i
#13835430
0t
0s
0r
1y
0c
0i
#13835821
1t
0s
0r
1y
0c
0i
#13836435
0t
0s
0r
1y
0c
0i
#13836825
1t
0s
0r
1y
0c
0i
#13837434
0t
0s
0r
1y
0c
0i
#13837826
1t
0s
0r
1y
0c
0i
#13838438
0t
0s
0r
1y
0c
0i
#13838828
1t
0s
0r
1y
0c
0i
#13839442
0t
0s
0r
1y
0c
0i
#13839831
1t
0s
0r
1y
0c
0i
#13840440
0t
0s
0r
1y
0c
0i
#13840832
1t
0s
0r
1y
0c
0i
#13841442
0t
0s
0r
1y
0c
0i
#13841833
1t
0s
0r
1y
0c
0i
#13842446
0t
0s
0r
1y
0c
0i
#13842836
1t
0s
0r
1y
0c
0i
#13843444
0t
0s
0r
1y
0c
0i
#13843836
1t
0s
0r
1y
0c
0i
#13844446
0t
0s
0r
1y
0c
0i
#13844838
1t
0s
0r
1y
0c
0i
#13845450
0t
0s
0r
1y
0c
0i
#13845843
1t
0s
0r
1y
0c
1i
#13846453
0t
0s
0r
1y
0c
1i
#13846847
1t
0s
0r
1y
0c
1i
#13847460
0t
0s
0r
1y
0c
1i
#13847854
1t
0s
0r
1y
0c
1i
#13848472
0t
0s
0r
1y
1c
1i
#13848865
1t
0s
0r
1y
1c
1i
#13849481
0t
0s
0r
1y
1c
1i
#13849877
1t
0s
0r
1y
1c
1i
#13850495
0t
0s
0r
1y
1c
0i
#13850891
1t
0s
0r
1y
1c
0i
#13851513
0t
0s
0r
1y
1c
0i
#13851908
1t
0s
0r
1y
1c
0i
#13852525
0t
0s
0r
1y
1c
0i
#13852922
1t
0s
0r
1y
1c
0i
#13853540
0t
0s
0r
1y
1c
0i
#13853936
1t
0s
0r
1y
1c
0i
#13854557
0t
0s
0r
1y
1c
0i
#13854952
1t
0s
0r
1y
1c
0i
#13855567
0t
0s
0r
1y
1c
0i
#13855965
1t
0s
0r
1y
1c
0i
#13856581
0t
0s
0r
1y
1c
0i
#13856978
1t
0s
0r
1y
1c
0i
#13857597
0t
0s
0r
1y
1c
0i
#13857992
1t
0s
0r
1y
1c
0i
#13858607
0t
0s
0r
1y
1c
0i
#13859005
1t
0s
0r
1y
1c
0i
#13859621
0t
0s
0r
1y
1c
0i
#13860018
1t
0s
0r
1y
1c
0i
#13860636
0t
0s
0r
1y
1c
0i
#13861033
1t
0s
0r
1y
1c
0i
#13861648
0t
0s
0r
1y
1c
0i
#13862046
1t
0s
0r
1y
1c
0i
#13862662
0t
0s
0r
1y
1c
0i
#13863059
1t
0s
0r
1y
1c
0i
#13863677
0t
0s
0r
1y
1c
0i
#13864073
1t
0s
0r
1y
1c
0i
#13865676
0t
0s
0r
1y
1c
0i
#13866810
1t
0s
0r
1y
1c
0i
#13867726
0t
0s
0r
1y
1c
0i
#13868109
1t
0s
0r
1y
1c
0i
#13868725
0t
0s
0r
1y
1c
0i
#13869117
1t
0s
0r
1y
1c
0i
#13869731
0t
0s
0r
1y
1c
0i
#13870123
1t
0s
0r
1y
1c
0i
#13870736
0t
0s
0r
1y
1c
0i
#13871130
1t
0s
0r
1y
1c
0i
#13871743
0t
0s
0r
1y
1c
0i
#13872135
1t
0s
0r
1y
1c
0i
#13872751
0t
0s
0r
1y
1c
0i
#13873142
1t
0s
0r
1y
1c
0i
#13873754
0t
0s
0r
1y
1c
0i
#13874147
1t
0s
0r
1y
1c
0i
#13874760
0t
0s
0r
1y
1c
0i
#13875153
1t
0s
0r
1y
1c
0i
#13875769
0t
0s
0r
1y
1c
0i
#13876163
1t
0s
0r
1y
1c
0i
#13876775
0t
0s
0r
1y
1c
1i
#13877171
1t
0s
0r
1y
1c
1i
#13877787
0t
0s
0r
1y
1c
1i
#13878182
1t
0s
0r
1y
1c
1i
#13878803
0t
0s
0r
1y
0c
1i
#13879196
1t
0s
0r
1y
0c
1i
#13879815
0t
0s
0r
1y
0c
1i
#13880211
1t
0s
0r
1y
0c
1i
#13880832
0t
0s
0r
1y
0c
1i
#13881006
0t
0s
1r
1y
0c
0i
#13881009
0t
0s
0r
1y
0c
0i
#13881229
1t
0s
0r
1y
0c
0i
#13881852
0t
0s
0r
1y
0c
0i
#13882248
1t
0s
0r
1y
0c
0i
#13882868
0t
0s
0r
1y
0c
0i
#13883265
1t
0s
0r
1y
0c
0i
#13883886
0t
0s
0r
1y
0c
0i
#13884282
1t
0s
0r
1y
0c
0i
#13884906
0t
0s
0r
1y
0c
0i
#13885300
1t
0s
0r
1y
0c
0i
#13885919
0t
0s
0r
1y
0c
0i
#13886317
1t
0s
0r
1y
0c
0i
#13886937
0t
0s
0r
1y
0c
0i
#13887333
1t
0s
0r
1y
0c
0i
#13887957
0t
0s
0r
1y
0c
0i
#13888352
1t
0s
0r
1y
0c
0i
#13888974
0t
0s
0r
1y
0c
0i
#13889370
1t
0s
0r
1y
0c
0i
#13889994
0t
0s
0r
1y
0c
0i
#13890389
1t
0s
0r
1y
0c
0i
#13891017
0t
0s
0r
1y
0c
0i
#13891412
1t
0s
0r
1y
0c
0i
#13892036
0t
0s
0r
1y
0c
0i
#13892433
1t
0s
0r
1y
0c
0i
#13893060
0t
0s
0r
1y
0c
0i
#13893456
1t
0s
0r
1y
0c
0i
#13894087
0t
0s
0r
1y
0c
0i
#13894482
1t
0s
0r
1y
0c
0i
#13895109
0t
0s
0r
1y
0c
0i
#13895507
1t
0s
0r
1y
0c
0i
#13896133
0t
0s
0r
1y
0c
0i
#13896533
1t
0s
0r
1y
0c
0i
#13897161
0t
0s
0r
1y
0c
0i
#13897559
1t
0s
0r
1y
0c
0i
#13898184
0t
0s
0r
1y
0c
0i
#13898583
1t
0s
0r
1y
0c
0i
#13899208
0t
0s
0r
1y
0c
0i
#13899607
1t
0s
0r
1y
0c
0i
#13900235
0t
0s
0r
1y
0c
0i
#13900632
1t
0s
0r
1y
0c
0i
#13901255
0t
0s
0r
1y
0c
0i
#13901655
1t
0s
0r
1y
0c
0i
#13902279
0t
0s
0r
1y
0c
0i
#13902678
1t
0s
0r
1y
0c
0i
#13903305
0t
0s
0r
1y
0c
0i
#13903702
1t
0s
0r
1y
0c
0i
#13904326
0t
0s
0r
1y
0c
0i
#13904725
1t
0s
0r
1y
0c
0i
#13905351
0t
0s
0r
1y
0c
0i
#13905750
1t
0s
0r
1y
0c
0i
#13906378
0t
0s
0r
1y
0c
0i
#13906779
1t
0s
0r
1y
0c
0i
#13907403
0t
0s
0r
1y
0c
1i
#13907806
1t
0s
0r
1y
0c
1i
#13908434
0t
0s
0r
1y
0c
1i
#13908836
1t
0s
0r
1y
0c
1i
#13909469
0t
0s
0r
1y
1c
1i
#13909871
1t
0s
0r
1y
1c
1i
#13910502
0t
0s
0r
1y
1c
1i
#13910906
1t
0s
0r
1y
1c
1i
#13911540
0t
0s
0r
1y
1c
0i
#13911944
1t
0s
0r
1y
1c
0i
#13912581
0t
0s
0r
1y
1c
0i
#13912984
1t
0s
0r
1y
1c
0i
#13913617
0t
0s
0r
1y
1c
0i
#13914021
1t
0s
0r
1y
1c
0i
#13914656
0t
0s
0r
1y
1c
0i
#13915059
1t
0s
0r
1y
1c
0i
#13915695
0t
0s
0r
1y
1c
0i
#13916097
1t
0s
0r
1y
1c
0i
#13916727
0t
0s
0r
1y
1c
0i
#13917133
1t
0s
0r
1y
1c
0i
#13917763
0t
0s
0r
1y
1c
0i
#13918167
1t
0s
0r
1y
1c
0i
#13918800
0t
0s
0r
1y
1c
0i
#13919202
1t
0s
0r
1y
1c
0i
#13919830
0t
0s
0r
1y
1c
0i
#13920234
1t
0s
0r
1y
1c
0i
#13920863
0t
0s
0r
1y
1c
0i
#13921265
1t
0s
0r
1y
1c
0i
#13921894
0t
0s
0r
1y
1c
0i
#13922297
1t
0s
0r
1y
1c
0i
#13922921
0t
0s
0r
1y
1c
0i
#13923324
1t
0s
0r
1y
1c
0i
#13923948
0t
0s
0r
1y
1c
0i
#13924350
1t
0s
0r
1y
1c
0i
#13924976
0t
0s
0r
1y
1c
0i
#13925375
1t
0s
0r
1y
1c
0i
#13926997
0t
0s
0r
1y
1c
0i
#13928145
1t
0s
0r
1y
1c
0i
#13929073
0t
0s
0r
1y
1c
0i
#13929460
1t
0s
0r
1y
1c
0i
#13930085
0t
0s
0r
1y
1c
0i
#13930482
1t
0s
0r
1y
1c
0i
#13931105
0t
0s
0r
1y
1c
0i
#13931502
1t
0s
0r
1y
1c
0i
#13932124
0t
0s
0r
1y
1c
0i
#13932523
1t
0s
0r
1y
1c
0i
#13933145
0t
0s
0r
1y
1c
0i
#13933543
1t
0s
0r
1y
1c
0i
#13934167
0t
0s
0r
1y
1c
0i
#13934564
1t
0s
0r
1y
1c
0i
#13935185
0t
0s
0r
1y
1c
0i
#13935582
1t
0s
0r
1y
1c
0i
#13936206
0t
0s
0r
1y
1c
0i
#13936602
1t
0s
0r
1y
1c
0i
#13937228
0t
0s
0r
1y
1c
0i
#13937626
1t
0s
0r
1y
1c
0i
#13938248
0t
0s
0r
1y
1c
1i
#13938648
1t
0s
0r
1y
1c
1i
#13939273
0t
0s
0r
1y
1c
1i
#13939673
1t
0s
0r
1y
1c
1i
#13940302
0t
0s
0r
1y
0c
1i
#13940701
1t
0s
0r
1y
0c
1i
#13941328
0t
0s
0r
1y
0c
1i
#13941730
1t
0s
0r
1y
0c
1i
#13942360
0t
0s
0r
1y
0c
0i
#13942761
1t
0s
0r
1y
0c
0i
#13943394
0t
0s
0r
1y
0c
0i
#13943795
1t
0s
0r
1y
0c
0i
#13944424
0t
0s
0r
1y
0c
0i
#13944826
1t
0s
0r
1y
0c
0i
#13945457
0t
0s
0r
1y
0c
0i
#13945857
1t
0s
0r
1y
0c
0i
#13946491
0t
0s
0r
1y
0c
0i
#13946890
1t
0s
0r
1y
0c
0i
#13947518
0t
0s
0r
1y
0c
0i
#13947921
1t
0s
0r
1y
0c
0i
#13948550
0t
0s
0r
1y
0c
0i
#13948952
1t
0s
0r
1y
0c
0i
#13949586
0t
0s
0r
1y
0c
0i
#13949986
1t
0s
0r
1y
0c
0i
#13950617
0t
0s
0r
1y
0c
0i
#13951019
1t
0s
0r
1y
0c
0i
#13951653
0t
0s
0r
1y
0c
0i
#13952054
1t
0s
0r
1y
0c
0i
#13952693
0t
0s
0r
1y
0c
0i
#13953093
1t
0s
0r
1y
0c
0i
#13953729
0t
0s
0r
1y
0c
0i
#13954132
1t
0s
0r
1y
0c
0i
#13954770
0t
0s
0r
1y
0c
0i
#13955172
1t
0s
0r
1y
0c
0i
#13955814
0t
0s
0r
1y
0c
0i
#13956216
1t
0s
0r
1y
0c
0i
#13956855
0t
0s
0r
1y
0c
0i
#13957259
1t
0s
0r
1y
0c
0i
#13957898
0t
0s
0r
1y
0c
0i
#13958303
1t
0s
0r
1y
0c
0i
#13958944
0t
0s
0r
1y
0c
0i
#13959347
1t
0s
0r
1y
0c
0i
#13959984
0t
0s
0r
1y
0c
0i
#13960389
1t
0s
0r
1y
0c
0i
#13961026
0t
0s
0r
1y
0c
0i
#13961430
1t
0s
0r
1y
0c
0i
#13962070
0t
0s
0r
1y
0c
0i
#13962473
1t
0s
0r
1y
0c
0i
#13963108
0t
0s
0r
1y
0c
0i
#13963513
1t
0s
0r
1y
0c
0i
#13964149
0t
0s
0r
1y
0c
0i
#13964553
1t
0s
0r
1y
0c
0i
#13965191
0t
0s
0r
1y
0c
0i
#13965595
1t
0s
0r
1y
0c
0i
#13966229
0t
0s
0r
1y
0c
0i
#13966634
1t
0s
0r
1y
0c
0i
#13967271
0t
0s
0r
1y
0c
0i
#13967676
1t
0s
0r
1y
0c
0i
#13968316
0t
0s
0r
1y
0c
0i
#13968722
1t
0s
0r
1y
0c
0i
#13969358
0t
0s
0r
1y
0c
1i
#13969767
1t
0s
0r
1y
0c
1i
#13970406
0t
0s
0r
1y
0c
1i
#13970814
1t
0s
0r
1y
1c
1i
#13971460
0t
0s
0r
1y
1c
1i
#13971867
1t
0s
0r
1y
1c
1i
#13972510
0t
0s
0r
1y
1c
1i
#13972920
1t
0s
0r
1y
1c
1i
#13973566
0t
0s
0r
1y
1c
0i
#13973976
1t
0s
0r
1y
1c
0i
#13974625
0t
0s
0r
1y
1c
0i
#13975034
1t
0s
0r
1y
1c
0i
#13975678
0t
0s
0r
1y
1c
0i
#13976089
1t
0s
0r
1y
1c
0i
#13976734
0t
0s
0r
1y
1c
0i
#13977144
1t
0s
0r
1y
1c
0i
#13977791
0t
0s
0r
1y
1c
0i
#13978199
1t
0s
0r
1y
1c
0i
#13978840
0t
0s
0r
1y
1c
0i
#13979251
1t
0s
0r
1y
1c
0i
#13979892
0t
0s
0r
1y
1c
0i
#13980302
1t
0s
0r
1y
1c
0i
#13980945
0t
0s
0r
1y
1c
0i
#13981352
1t
0s
0r
1y
1c
0i
#13981990
0t
0s
0r
1y
1c
0i
#13982398
1t
0s
0r
1y
1c
0i
#13983035
0t
0s
0r
1y
1c
0i
#13983442
1t
0s
0r
1y
1c
0i
#13984081
0t
0s
0r
1y
1c
0i
#13984487
1t
0s
0r
1y
1c
0i
#13985119
0t
0s
0r
1y
1c
0i
#13985526
1t
0s
0r
1y
1c
0i
#13986158
0t
0s
0r
1y
1c
0i
#13986563
1t
0s
0r
1y
1c
0i
#13987198
0t
0s
0r
1y
1c
0i
#13987601
1t
0s
0r
1y
1c
0i
#13989246
0t
0s
0r
1y
1c
0i
#13990405
1t
0s
0r
1y
1c
0i
#13991348
0t
0s
0r
1y
1c
0i
#13991739
1t
0s
0r
1y
1c
0i
#13992374
0t
0s
0r
1y
1c
0i
#13992774
1t
0s
0r
1y
1c
0i
#13993406
0t
0s
0r
1y
1c
0i
#13993808
1t
0s
0r
1y
1c
0i
#13994439
0t
0s
0r
1y
1c
0i
#13994842
1t
0s
0r
1y
1c
0i
#13995472
0t
0s
0r
1y
1c
0i
#13995874
1t
0s
0r
1y
1c
0i
#13996508
0t
0s
0r
1y
1c
0i
#13996908
1t
0s
0r
1y
1c
0i
#13997538
0t
0s
0r
1y
1c
0i
#13997940
1t
0s
0r
1y
1c
0i
#13998570
0t
0s
0r
1y
1c
0i
#13998972
1t
0s
0r
1y
1c
0i
#13999605
0t
0s
0r
1y
1c
0i
#14000008
1t
0s
0r
1y
1c
0i
#14000638
0t
0s
0r
1y
1c
1i
#14001042
1t
0s
0r
1y
1c
1i
#14001675
0t
0s
0r
1y
1c
1i
#14002079
1t
0s
0r
1y
0c
1i
#14002717
0t
0s
0r
1y
0c
1i
#14003120
1t
0s
0r
1y
0c
1i
#14003756
0t
0s
0r
1y
0c
1i
#14004161
1t
0s
0r
1y
0c
1i
#14004799
0t
0s
0r
1y
0c
1i
#14005175
0t
0s
1r
1y
0c
0i
#14005177
0t
0s
0r
1y
0c
0i
#14005206
1t
0s
0r
1y
0c
0i
#14005848
0t
0s
0r
1y
0c
0i
#14006253
1t
0s
0r
1y
0c
0i
#14006891
0t
0s
0r
1y
0c
0i
#14007297
1t
0s
0r
1y
0c
0i
#14007937
0t
0s
0r
1y
0c
0i
#14008342
1t
0s
0r
1y
0c
0i
#14008985
0t
0s
0r
1y
0c
0i
#14009389
1t
0s
0r
1y
0c
0i
#14010026
0t
0s
0r
1y
0c
0i
#14010433
1t
0s
0r
1y
0c
0i
#14011071
0t
0s
0r
1y
0c
0i
#14011477
1t
0s
0r
1y
0c
0i
#14012118
0t
0s
0r
1y
0c
0i
#14012521
1t
0s
0r
1y
0c
0i
#14013159
0t
0s
0r
1y
0c
0i
#14013563
1t
0s
0r
1y
0c
0i
#14014202
0t
0s
0r
1y
0c
0i
#14014604
1t
0s
0r
1y
0c
0i
#14015244
0t
0s
0r
1y
0c
0i
#14015644
1t
0s
0r
1y
0c
0i
#14016279
0t
0s
0r
1y
0c
0i
#14016681
1t
0s
0r
1y
0c
0i
#14017316
0t
0s
0r
1y
0c
0i
#14017717
1t
0s
0r
1y
0c
0i
#14018354
0t
0s
0r
1y
0c
0i
#14018753
1t
0s
0r
1y
0c
0i
#14019385
0t
0s
0r
1y
0c
0i
#14019786
1t
0s
0r
1y
0c
0i
#14020418
0t
0s
0r
1y
0c
0i
#14020820
1t
0s
0r
1y
0c
0i
#14021453
0t
0s
0r
1y
0c
0i
#14021853
1t
0s
0r
1y
0c
0i
#14022482
0t
0s
0r
1y
0c
0i
#14022884
1t
0s
0r
1y
0c
0i
#14023515
0t
0s
0r
1y
0c
0i
#14023915
1t
0s
0r
1y
0c
0i
#14024550
0t
0s
0r
1y
0c
0i
#14024949
1t
0s
0r
1y
0c
0i
#14025578
0t
0s
0r
1y
0c
0i
#14025980
1t
0s
0r
1y
0c
0i
#14026610
0t
0s
0r
1y
0c
0i
#14027012
1t
0s
0r
1y
0c
0i
#14027645
0t
0s
0r
1y
0c
0i
#14028046
1t
0s
0r
1y
0c
0i
#14028675
0t
0s
0r
1y
0c
0i
#14029078
1t
0s
0r
1y
0c
0i
#14029710
0t
0s
0r
1y
0c
0i
#14030112
1t
0s
0r
1y
0c
0i
#14030747
0t
0s
0r
1y
0c
0i
#14031150
1t
0s
0r
1y
0c
0i
#14031781
0t
0s
0r
1y
0c
1i
#14032186
1t
0s
0r
1y
0c
1i
#14032820
0t
0s
0r
1y
1c
1i
#14033226
1t
0s
0r
1y
1c
1i
#14033865
0t
0s
0r
1y
1c
1i
#14034269
1t
0s
0r
1y
1c
1i
#14034906
0t
0s
0r
1y
1c
1i
#14035313
1t
0s
0r
1y
1c
1i
#14035953
0t
0s
0r
1y
1c
1i
#14036360
1t
0s
0r
1y
1c
0i
#14037004
0t
0s
0r
1y
1c
0i
#14037409
1t
0s
0r
1y
1c
0i
#14038048
0t
0s
0r
1y
1c
0i
#14038456
1t
0s
0r
1y
1c
0i
#14039096
0t
0s
0r
1y
1c
0i
#14039503
1t
0s
0r
1y
1c
0i
#14040145
0t
0s
0r
1y
1c
0i
#14040550
1t
0s
0r
1y
1c
0i
#14041186
0t
0s
0r
1y
1c
0i
#14041594
1t
0s
0r
1y
1c
0i
#14042229
0t
0s
0r
1y
1c
0i
#14042635
1t
0s
0r
1y
1c
0i
#14043270
0t
0s
0r
1y
1c
0i
#14043674
1t
0s
0r
1y
1c
0i
#14044302
0t
0s
0r
1y
1c
0i
#14044706
1t
0s
0r
1y
1c
0i
#14045333
0t
0s
0r
1y
1c
0i
#14045734
1t
0s
0r
1y
1c
0i
#14046361
0t
0s
0r
1y
1c
0i
#14046761
1t
0s
0r
1y
1c
0i
#14047382
0t
0s
0r
1y
1c
0i
#14047783
1t
0s
0r
1y
1c
0i
#14048404
0t
0s
0r
1y
1c
0i
#14048804
1t
0s
0r
1y
1c
0i
#14049427
0t
0s
0r
1y
1c
0i
#14049826
1t
0s
0r
1y
1c
0i
#14051443
0t
0s
0r
1y
1c
0i
#14052588
1t
0s
0r
1y
1c
0i
#14053515
0t
0s
0r
1y
1c
0i
#14053901
1t
0s
0r
1y
1c
0i
#14054525
0t
0s
0r
1y
1c
0i
#14054921
1t
0s
0r
1y
1c
0i
#14055543
0t
0s
0r
1y
1c
0i
#14055940
1t
0s
0r
1y
1c
0i
#14056561
0t
0s
0r
1y
1c
0i
#14056959
1t
0s
0r
1y
1c
0i
#14057580
0t
0s
0r
1y
1c
0i
#14057976
1t
0s
0r
1y
1c
0i
#14058599
0t
0s
0r
1y
1c
0i
#14058995
1t
0s
0r
1y
1c
0i
#14059614
0t
0s
0r
1y
1c
0i
#14060011
1t
0s
0r
1y
1c
0i
#14060632
0t
0s
0r
1y
1c
0i
#14061029
1t
0s
0r
1y
1c
0i
#14061652
0t
0s
0r
1y
1c
0i
#14062050
1t
0s
0r
1y
1c
0i
#14062670
0t
0s
0r
1y
1c
1i
#14063069
1t
0s
0r
1y
1c
1i
#14063692
0t
0s
0r
1y
0c
1i
#14064092
1t
0s
0r
1y
0c
1i
#14064720
0t
0s
0r
1y
0c
1i
#14065118
1t
0s
0r
1y
0c
1i
#14065745
0t
0s
0r
1y
0c
1i
#14066145
1t
0s
0r
1y
0c
1i
#14066774
0t
0s
0r
1y
0c
1i
#14067175
1t
0s
0r
1y
0c
0i
#14067807
0t
0s
0r
1y
0c
0i
#14068207
1t
0s
0r
1y
0c
0i
#14068836
0t
0s
0r
1y
0c
0i
#14069238
1t
0s
0r
1y
0c
0i
#14069868
0t
0s
0r
1y
0c
0i
#14070268
1t
0s
0r
1y
0c
0i
#14070900
0t
0s
0r
1y
0c
0i
#14071299
1t
0s
0r
1y
0c
0i
#14071927
0t
0s
0r
1y
0c
0i
#14072329
1t
0s
0r
1y
0c
0i
#14072956
0t
0s
0r
1y
0c
0i
#14073357
1t
0s
0r
1y
0c
0i
#14073987
0t
0s
0r
1y
0c
0i
#14074385
1t
0s
0r
1y
0c
0i
#14075012
0t
0s
0r
1y
0c
0i
#14075411
1t
0s
0r
1y
0c
0i
#14076038
0t
0s
0r
1y
0c
0i
#14076436
1t
0s
0r
1y
0c
0i
#14077065
0t
0s
0r
1y
0c
0i
#14077460
1t
0s
0r
1y
0c
0i
#14078084
0t
0s
0r
1y
0c
0i
#14078480
1t
0s
0r
1y
0c
0i
#14079104
0t
0s
0r
1y
0c
0i
#14079498
1t
0s
0r
1y
0c
0i
#14080124
0t
0s
0r
1y
0c
0i
#14080517
1t
0s
0r
1y
0c
0i
#14081138
0t
0s
0r
1y
0c
0i
#14081533
1t
0s
0r
1y
0c
0i
#14082152
0t
0s
0r
1y
0c
0i
#14082548
1t
0s
0r
1y
0c
0i
#14083170
0t
0s
0r
1y
0c
0i
#14083564
1t
0s
0r
1y
0c
0i
#14084181
0t
0s
0r
1y
0c
0i
#14084577
1t
0s
0r
1y
0c
0i
#14085196
0t
0s
0r
1y
0c
0i
#14085591
1t
0s
0r
1y
0c
0i
#14086213
0t
0s
0r
1y
0c
0i
#14086606
1t
0s
0r
1y
0c
0i
#14087223
0t
0s
0r
1y
0c
0i
#14087620
1t
0s
0r
1y
0c
0i
#14088239
0t
0s
0r
1y
0c
0i
#14088634
1t
0s
0r
1y
0c
0i
#14089256
0t
0s
0r
1y
0c
0i
#14089650
1t
0s
0r
1y
0c
0i
#14090269
0t
0s
0r
1y
0c
0i
#14090665
1t
0s
0r
1y
0c
0i
#14091284
0t
0s
0r
1y
0c
0i
#14091681
1t
0s
0r
1y
0c
0i
#14092303
0t
0s
0r
1y
0c
0i
#14092701
1t
0s
0r
1y
0c
0i
#14093319
0t
0s
0r
1y
0c
1i
#14093718
1t
0s
0r
1y
0c
1i
#14094340
0t
0s
0r
1y
1c
1i
#14094739
1t
0s
0r
1y
1c
1i
#14095365
0t
0s
0r
1y
1c
1i
#14095764
1t
0s
0r
1y
1c
1i
#14096388
0t
0s
0r
1y
1c
1i
#14096789
1t
0s
0r
1y
1c
1i
#14097416
0t
0s
0r
1y
1c
1i
#14097816
1t
0s
0r
1y
1c
0i
#14098447
0t
0s
0r
1y
1c
0i
#14098846
1t
0s
0r
1y
1c
0i
#14099473
0t
0s
0r
1y
1c
0i
#14099874
1t
0s
0r
1y
1c
0i
#14100501
0t
0s
0r
1y
1c
0i
#14100901
1t
0s
0r
1y
1c
0i
#14101531
0t
0s
0r
1y
1c
0i
#14101930
1t
0s
0r
1y
1c
0i
#14102554
0t
0s
0r
1y
1c
0i
#14102956
1t
0s
0r
1y
1c
0i
#14103580
0t
0s
0r
1y
1c
0i
#14103981
1t
0s
0r
1y
1c
0i
#14104607
0t
0s
0r
1y
1c
0i
#14105006
1t
0s
0r
1y
1c
0i
#14105628
0t
0s
0r
1y
1c
0i
#14106028
1t
0s
0r
1y
1c
0i
#14106651
0t
0s
0r
1y
1c
0i
#14107050
1t
0s
0r
1y
1c
0i
#14107673
0t
0s
0r
1y
1c
0i
#14108073
1t
0s
0r
1y
1c
0i
#14108691
0t
0s
0r
1y
1c
0i
#14109091
1t
0s
0r
1y
1c
0i
#14109710
0t
0s
0r
1y
1c
0i
#14110108
1t
0s
0r
1y
1c
0i
#14110729
0t
0s
0r
1y
1c
0i
#14111126
1t
0s
0r
1y
1c
0i
#14112734
0t
0s
0r
1y
1c
0i
#14113872
1t
0s
0r
1y
1c
0i
#14114793
0t
0s
0r
1y
1c
0i
#14115177
1t
0s
0r
1y
1c
0i
#14115796
0t
0s
0r
1y
1c
0i
#14116190
1t
0s
0r
1y
1c
0i
#14116807
0t
0s
0r
1y
1c
0i
#14117201
1t
0s
0r
1y
1c
0i
#14117817
0t
0s
0r
1y
1c
0i
#14118213
1t
0s
0r
1y
1c
0i
#14118829
0t
0s
0r
1y
1c
0i
#14119223
1t
0s
0r
1y
1c
0i
#14119842
0t
0s
0r
1y
1c
0i
#14120235
1t
0s
0r
1y
1c
0i
#14120851
0t
0s
0r
1y
1c
0i
#14121245
1t
0s
0r
1y
1c
0i
#14121862
0t
0s
0r
1y
1c
0i
#14122257
1t
0s
0r
1y
1c
0i
#14122877
0t
0s
0r
1y
1c
0i
#14123272
1t
0s
0r
1y
1c
0i
#14123888
0t
0s
0r
1y
0c
1i
#14124286
1t
0s
0r
1y
0c
1i
#14124905
0t
0s
0r
1y
0c
1i
#14125302
1t
0s
0r
1y
0c
1i
#14125927
0t
0s
0r
1y
0c
1i
#14126323
1t
0s
0r
1y
0c
1i
#14126945
0t
0s
0r
1y
0c
1i
#14127344
1t
0s
0r
1y
0c
1i
#14127968
0t
0s
0r
1y
0c
1i
#14128368
1t
0s
0r
1y
0c
1i
#14128629
1t
0s
1r
1y
0c
0i
#14128631
1t
0s
0r
1y
0c
0i
#14128996
0t
0s
0r
1y
0c
0i
#14129394
1t
0s
0r
1y
0c
0i
#14130018
0t
0s
0r
1y
0c
0i
#14130418
1t
0s
0r
1y
0c
0i
#14131043
0t
0s
0r
1y
0c
0i
#14131441
1t
0s
0r
1y
0c
0i
#14132069
0t
0s
0r
1y
0c
0i
#14132464
1t
0s
0r
1y
0c
0i
#14133086
0t
0s
0r
1y
0c
0i
#14133484
1t
0s
0r
1y
0c
0i
#14134105
0t
0s
0r
1y
0c
0i
#14134501
1t
0s
0r
1y
0c
0i
#14135122
0t
0s
0r
1y
0c
0i
#14135515
1t
0s
0r
1y
0c
0i
#14136131
0t
0s
0r
1y
0c
0i
#14136524
1t
0s
0r
1y
0c
0i
#14137139
0t
0s
0r
1y
0c
0i
#14137530
1t
0s
0r
1y
0c
0i
#14138147
0t
0s
0r
1y
0c
0i
#14138535
1t
0s
0r
1y
0c
0i
#14139147
0t
0s
0r
1y
0c
0i
#14139537
1t
0s
0r
1y
0c
0i
#14140149
0t
0s
0r
1y
0c
0i
#14140538
1t
0s
0r
1y
0c
0i
#14141153
0t
0s
0r
1y
0c
0i
#14141541
1t
0s
0r
1y
0c
0i
#14142152
0t
0s
0r
1y
0c
0i
#14142541
1t
0s
0r
1y
0c
0i
#14143152
0t
0s
0r
1y
0c
0i
#14143544
1t
0s
0r
1y
0c
0i
#14144157
0t
0s
0r
1y
0c
0i
#14144546
1t
0s
0r
1y
0c
0i
#14145156
0t
0s
0r
1y
0c
0i
#14145547
1t
0s
0r
1y
0c
0i
#14146159
0t
0s
0r
1y
0c
0i
#14146549
1t
0s
0r
1y
0c
0i
#14147163
0t
0s
0r
1y
0c
0i
#14147552
1t
0s
0r
1y
0c
0i
#14148162
0t
0s
0r
1y
0c
0i
#14148554
1t
0s
0r
1y
0c
0i
#14149164
0t
0s
0r
1y
0c
0i
#14149556
1t
0s
0r
1y
0c
0i
#14150169
0t
0s
0r
1y
0c
0i
#14150560
1t
0s
0r
1y
0c
0i
#14151169
0t
0s
0r
1y
0c
0i
#14151561
1t
0s
0r
1y
0c
0i
#14152172
0t
0s
0r
1y
0c
0i
#14152565
1t
0s
0r
1y
0c
0i
#14153178
0t
0s
0r
1y
0c
0i
#14153571
1t
0s
0r
1y
0c
0i
#14154181
0t
0s
0r
1y
0c
1i
#14154576
1t
0s
0r
1y
0c
1i
#14155189
0t
0s
0r
1y
1c
1i
#14155584
1t
0s
0r
1y
1c
1i
#14156203
0t
0s
0r
1y
1c
1i
#14156596
1t
0s
0r
1y
1c
1i
#14157212
0t
0s
0r
1y
1c
1i
#14157608
1t
0s
0r
1y
1c
1i
#14158228
0t
0s
0r
1y
1c
1i
#14158624
1t
0s
0r
1y
1c
1i
#14159247
0t
0s
0r
1y
1c
0i
#14159642
1t
0s
0r
1y
1c
0i
#14160260
0t
0s
0r
1y
1c
0i
#14160657
1t
0s
0r
1y
1c
0i
#14161277
0t
0s
0r
1y
1c
0i
#14161673
1t
0s
0r
1y
1c
0i
#14162295
0t
0s
0r
1y
1c
0i
#14162690
1t
0s
0r
1y
1c
0i
#14163306
0t
0s
0r
1y
1c
0i
#14163705
1t
0s
0r
1y
1c
0i
#14164321
0t
0s
0r
1y
1c
0i
#14164718
1t
0s
0r
1y
1c
0i
#14165338
0t
0s
0r
1y
1c
0i
#14165733
1t
0s
0r
1y
1c
0i
#14166347
0t
0s
0r
1y
1c
0i
#14166743
1t
0s
0r
1y
1c
0i
#14167357
0t
0s
0r
1y
1c
0i
#14167752
1t
0s
0r
1y
1c
0i
#14168366
0t
0s
0r
1y
1c
0i
#14168761
1t
0s
0r
1y
1c
0i
#14169370
0t
0s
0r
1y
1c
0i
#14169765
1t
0s
0r
1y
1c
0i
#14170374
0t
0s
0r
1y
1c
0i
#14170767
1t
0s
0r
1y
1c
0i
#14171378
0t
0s
0r
1y
1c
0i
#14171769
1t
0s
0r
1y
1c
0i
#14173354
0t
0s
0r
1y
1c
0i
#14174478
1t
0s
0r
1y
1c
0i
#14175385
0t
0s
0r
1y
1c
0i
#14175764
1t
0s
0r
1y
1c
0i
#14176375
0t
0s
0r
1y
1c
0i
#14176763
1t
0s
0r
1y
1c
0i
#14177371
0t
0s
0r
1y
1c
0i
#14177761
1t
0s
0r
1y
1c
0i
#14178369
0t
0s
0r
1y
1c
0i
#14178760
1t
0s
0r
1y
1c
0i
#14179368
0t
0s
0r
1y
1c
0i
#14179758
1t
0s
0r
1y
1c
0i
#14180368
0t
0s
0r
1y
1c
0i
#14180757
1t
0s
0r
1y
1c
0i
#14181364
0t
0s
0r
1y
1c
0i
#14181754
1t
0s
0r
1y
1c
0i
#14182363
0t
0s
0r
1y
1c
0i
#14182753
1t
0s
0r
1y
1c
0i
#14183363
0t
0s
0r
1y
1c
0i
#14183755
1t
0s
0r
1y
1c
0i
#14184362
0t
0s
0r
1y
1c
1i
#14184755
1t
0s
0r
1y
1c
1i
#14185365
0t
0s
0r
1y
1c
1i
#14185758
1t
0s
0r
1y
0c
1i
#14186373
0t
0s
0r
1y
0c
1i
#14186765
1t
0s
0r
1y
0c
1i
#14187378
0t
0s
0r
1y
0c
1i
#14187772
1t
0s
0r
1y
0c
1i
#14188387
0t
0s
0r
1y
0c
1i
#14188781
1t
0s
0r
1y
0c
1i
#14189400
0t
0s
0r
1y
0c
0i
#14189793
1t
0s
0r
1y
0c
0i
#14190408
0t
0s
0r
1y
0c
0i
#14190802
1t
0s
0r
1y
0c
0i
#14191418
0t
0s
0r
1y
0c
0i
#14191811
1t
0s
0r
1y
0c
0i
#14192430
0t
0s
0r
1y
0c
0i
#14192821
1t
0s
0r
1y
0c
0i
#14193434
0t
0s
0r
1y
0c
0i
#14193828
1t
0s
0r
1y
0c
0i
#14194441
0t
0s
0r
1y
0c
0i
#14194834
1t
0s
0r
1y
0c
0i
#14195449
0t
0s
0r
1y
0c
0i
#14195840
1t
0s
0r
1y
0c
0i
#14196451
0t
0s
0r
1y
0c
0i
#14196842
1t
0s
0r
1y
0c
0i
#14197454
0t
0s
0r
1y
0c
0i
#14197843
1t
0s
0r
1y
0c
0i
#14198456
0t
0s
0r
1y
0c
0i
#14198843
1t
0s
0r
1y
0c
0i
#14199451
0t
0s
0r
1y
0c
0i
#14199839
1t
0s
0r
1y
0c
0i
#14200447
0t
0s
0r
1y
0c
0i
#14200834
1t
0s
0r
1y
0c
0i
#14201444
0t
0s
0r
1y
0c
0i
#14201830
1t
0s
0r
1y
0c
0i
#14202436
0t
0s
0r
1y
0c
0i
#14202824
1t
0s
0r
1y
0c
0i
#14203429
0t
0s
0r
1y
0c
0i
#14203818
1t
0s
0r
1y
0c
0i
#14204425
0t
0s
0r
1y
0c
0i
#14204812
1t
0s
0r
1y
0c
0i
#14205416
0t
0s
0r
1y
0c
0i
#14205805
1t
0s
0r
1y
0c
0i
#14206410
0t
0s
0r
1y
0c
0i
#14206798
1t
0s
0r
1y
0c
0i
#14207405
0t
0s
0r
1y
0c
0i
#14207792
1t
0s
0r
1y
0c
0i
#14208395
0t
0s
0r
1y
0c
0i
#14208785
1t
0s
0r
1y
0c
0i
#14209389
0t
0s
0r
1y
0c
0i
#14209777
1t
0s
0r
1y
0c
0i
#14210384
0t
0s
0r
1y
0c
0i
#14210772
1t
0s
0r
1y
0c
0i
#14211374
0t
0s
0r
1y
0c
0i
#14211764
1t
0s
0r
1y
0c
0i
#14212368
0t
0s
0r
1y
0c
0i
#14212757
1t
0s
0r
1y
0c
0i
#14213364
0t
0s
0r
1y
0c
0i
#14213754
1t
0s
0r
1y
0c
0i
#14214357
0t
0s
0r
1y
0c
1i
#14214748
1t
0s
0r
1y
0c
1i
#14215355
0t
0s
0r
1y
0c
1i
#14215746
1t
0s
0r
1y
1c
1i
#14216357
0t
0s
0r
1y
1c
1i
#14216747
1t
0s
0r
1y
1c
1i
#14217356
0t
0s
0r
1y
1c
1i
#14217748
1t
0s
0r
1y
1c
1i
#14218360
0t
0s
0r
1y
1c
1i
#14218753
1t
0s
0r
1y
1c
1i
#14219368
0t
0s
0r
1y
1c
0i
#14219759
1t
0s
0r
1y
1c
0i
#14220370
0t
0s
0r
1y
1c
0i
#14220763
1t
0s
0r
1y
1c
0i
#14221376
0t
0s
0r
1y
1c
0i
#14221768
1t
0s
0r
1y
1c
0i
#14222383
0t
0s
0r
1y
1c
0i
#14222774
1t
0s
0r
1y
1c
0i
#14223384
0t
0s
0r
1y
1c
0i
#14223779
1t
0s
0r
1y
1c
0i
#14224389
0t
0s
0r
1y
1c
0i
#14224782
1t
0s
0r
1y
1c
0i
#14225395
0t
0s
0r
1y
1c
0i
#14225787
1t
0s
0r
1y
1c
0i
#14226395
0t
0s
0r
1y
1c
0i
#14226789
1t
0s
0r
1y
1c
0i
#14227398
0t
0s
0r
1y
1c
0i
#14227790
1t
0s
0r
1y
1c
0i
#14228400
0t
0s
0r
1y
1c
0i
#14228792
1t
0s
0r
1y
1c
0i
#14229397
0t
0s
0r
1y
1c
0i
#14229790
1t
0s
0r
1y
1c
0i
#14230394
0t
0s
0r
1y
1c
0i
#14230785
1t
0s
0r
1y
1c
0i
#14231391
0t
0s
0r
1y
1c
0i
#14231781
1t
0s
0r
1y
1c
0i
#14233354
0t
0s
0r
1y
1c
0i
#14234468
1t
0s
0r
1y
1c
0i
#14235368
0t
0s
0r
1y
1c
0i
#14235745
1t
0s
0r
1y
1c
0i
#14236350
0t
0s
0r
1y
1c
0i
#14236737
1t
0s
0r
1y
1c
0i
#14237340
0t
0s
0r
1y
1c
0i
#14237726
1t
0s
0r
1y
1c
0i
#14238329
0t
0s
0r
1y
1c
0i
#14238717
1t
0s
0r
1y
1c
0i
#14239319
0t
0s
0r
1y
1c
0i
#14239706
1t
0s
0r
1y
1c
0i
#14240311
0t
0s
0r
1y
1c
0i
#14240697
1t
0s
0r
1y
1c
0i
#14241299
0t
0s
0r
1y
1c
0i
#14241686
1t
0s
0r
1y
1c
0i
#14242290
0t
0s
0r
1y
1c
0i
#14242676
1t
0s
0r
1y
1c
0i
#14243282
0t
0s
0r
1y
1c
0i
#14243670
1t
0s
0r
1y
1c
0i
#14244272
0t
0s
0r
1y
1c
1i
#14244662
1t
0s
0r
1y
1c
1i
#14245267
0t
0s
0r
1y
1c
1i
#14245656
1t
0s
0r
1y
0c
1i
#14246266
0t
0s
0r
1y
0c
1i
#14246654
1t
0s
0r
1y
0c
1i
#14247262
0t
0s
0r
1y
0c
1i
#14247652
1t
0s
0r
1y
0c
1i
#14248263
0t
0s
0r
1y
0c
1i
#14248654
1t
0s
0r
1y
0c
1i
#14248880
1t
0s
1r
1y
0c
0i
#14248882
1t
0s
0r
1y
0c
0i
#14249266
0t
0s
0r
1y
0c
0i
#14249657
1t
0s
0r
1y
0c
0i
#14250267
0t
0s
0r
1y
0c
0i
#14250658
1t
0s
0r
1y
0c
0i
#14251268
0t
0s
0r
1y
0c
0i
#14251659
1t
0s
0r
1y
0c
0i
#14252272
0t
0s
0r
1y
0c
0i
#14252661
1t
0s
0r
1y
0c
0i
#14253270
0t
0s
0r
1y
0c
0i
#14253662
1t
0s
0r
1y
0c
0i
#14254272
0t
0s
0r
1y
0c
0i
#14254663
1t
0s
0r
1y
0c
0i
#14255276
0t
0s
0r
1y
0c
0i
#14255665
1t
0s
0r
1y
0c
0i
#14256276
0t
0s
0r
1y
0c
0i
#14256667
1t
0s
0r
1y
0c
0i
#14257279
0t
0s
0r
1y
0c
0i
#14257669
1t
0s
0r
1y
0c
0i
#14258285
0t
0s
0r
1y
0c
0i
#14258673
1t
0s
0r
1y
0c
0i
#14259286
0t
0s
0r
1y
0c
0i
#14259676
1t
0s
0r
1y
0c
0i
#14260290
0t
0s
0r
1y
0c
0i
#14260680
1t
0s
0r
1y
0c
0i
#14261297
0t
0s
0r
1y
0c
0i
#14261686
1t
0s
0r
1y
0c
0i
#14262299
0t
0s
0r
1y
0c
0i
#14262690
1t
0s
0r
1y
0c
0i
#14263302
0t
0s
0r
1y
0c
0i
#14263694
1t
0s
0r
1y
0c
0i
#14264309
0t
0s
0r
1y
0c
0i
#14264699
1t
0s
0r
1y
0c
0i
#14265309
0t
0s
0r
1y
0c
0i
#14265700
1t
0s
0r
1y
0c
0i
#14266311
0t
0s
0r
1y
0c
0i
#14266702
1t
0s
0r
1y
0c
0i
#14267316
0t
0s
0r
1y
0c
0i
#14267705
1t
0s
0r
1y
0c
0i
#14268313
0t
0s
0r
1y
0c
0i
#14268705
1t
0s
0r
1y
0c
0i
#14269315
0t
0s
0r
1y
0c
0i
#14269706
1t
0s
0r
1y
0c
0i
#14270319
0t
0s
0r
1y
0c
0i
#14270708
1t
0s
0r
1y
0c
0i
#14271317
0t
0s
0r
1y
0c
0i
#14271709
1t
0s
0r
1y
0c
0i
#14272320
0t
0s
0r
1y
0c
0i
#14272712
1t
0s
0r
1y
0c
0i
#14273324
0t
0s
0r
1y
0c
0i
#14273718
1t
0s
0r
1y
0c
0i
#14274328
0t
0s
0r
1y
0c
1i
#14274723
1t
0s
0r
1y
0c
1i
#14275336
0t
0s
0r
1y
0c
1i
#14275731
1t
0s
0r
1y
1c
1i
#14276349
0t
0s
0r
1y
1c
1i
#14276743
1t
0s
0r
1y
1c
1i
#14277360
0t
0s
0r
1y
1c
1i
#14277757
1t
0s
0r
1y
1c
1i
#14278377
0t
0s
0r
1y
1c
1i
#14278772
1t
0s
0r
1y
1c
0i
#14279395
0t
0s
0r
1y
1c
0i
#14279791
1t
0s
0r
1y
1c
0i
#14280410
0t
0s
0r
1y
1c
0i
#14280806
1t
0s
0r
1y
1c
0i
#14281427
0t
0s
0r
1y
1c
0i
#14281822
1t
0s
0r
1y
1c
0i
#14282444
0t
0s
0r
1y
1c
0i
#14282839
1t
0s
0r
1y
1c
0i
#14283454
0t
0s
0r
1y
1c
0i
#14283852
1t
0s
0r
1y
1c
0i
#14284467
0t
0s
0r
1y
1c
0i
#14284863
1t
0s
0r
1y
1c
0i
#14285479
0t
0s
0r
1y
1c
0i
#14285873
1t
0s
0r
1y
1c
0i
#14286484
0t
0s
0r
1y
1c
0i
#14286878
1t
0s
0r
1y
1c
0i
#14287487
0t
0s
0r
1y
1c
0i
#14287880
1t
0s
0r
1y
1c
0i
#14288489
0t
0s
0r
1y
1c
0i
#14288880
1t
0s
0r
1y
1c
0i
#14289484
0t
0s
0r
1y
1c
0i
#14289876
1t
0s
0r
1y
1c
0i
#14290480
0t
0s
0r
1y
1c
0i
#14290870
1t
0s
0r
1y
1c
0i
#14291476
0t
0s
0r
1y
1c
0i
#14291865
1t
0s
0r
1y
1c
0i
#14293439
0t
0s
0r
1y
1c
0i
#14294556
1t
0s
0r
1y
1c
0i
#14295457
0t
0s
0r
1y
1c
0i
#14295834
1t
0s
0r
1y
1c
0i
#14296441
0t
0s
0r
1y
1c
0i
#14296828
1t
0s
0r
1y
1c
0i
#14297433
0t
0s
0r
1y
1c
0i
#14297821
1t
0s
0r
1y
1c
0i
#14298425
0t
0s
0r
1y
1c
0i
#14298814
1t
0s
0r
1y
1c
0i
#14299418
0t
0s
0r
1y
1c
0i
#14299806
1t
0s
0r
1y
1c
0i
#14300413
0t
0s
0r
1y
1c
0i
#14300800
1t
0s
0r
1y
1c
0i
#14301402
0t
0s
0r
1y
1c
0i
#14301791
1t
0s
0r
1y
1c
0i
#14302395
0t
0s
0r
1y
1c
0i
#14302783
1t
0s
0r
1y
1c
0i
#14303390
0t
0s
0r
1y
1c
0i
#14303778
1t
0s
0r
1y
1c
0i
#14304381
0t
0s
0r
1y
1c
1i
#14304772
1t
0s
0r
1y
1c
1i
#14305378
0t
0s
0r
1y
1c
1i
#14305768
1t
0s
0r
1y
0c
1i
#14306378
0t
0s
0r
1y
0c
1i
#14306768
1t
0s
0r
1y
0c
1i
#14307377
0t
0s
0r
1y
0c
1i
#14307768
1t
0s
0r
1y
0c
1i
#14308378
0t
0s
0r
1y
0c
1i
#14308771
1t
0s
0r
1y
0c
1i
#14309384
0t
0s
0r
1y
0c
0i
#14309776
1t
0s
0r
1y
0c
0i
#14310386
0t
0s
0r
1y
0c
0i
#14310779
1t
0s
0r
1y
0c
0i
#14311391
0t
0s
0r
1y
0c
0i
#14311782
1t
0s
0r
1y
0c
0i
#14312397
0t
0s
0r
1y
0c
0i
#14312787
1t
0s
0r
1y
0c
0i
#14313397
0t
0s
0r
1y
0c
0i
#14313790
1t
0s
0r
1y
0c
0i
#14314402
0t
0s
0r
1y
0c
0i
#14314794
1t
0s
0r
1y
0c
0i
#14315408
0t
0s
0r
1y
0c
0i
#14315798
1t
0s
0r
1y
0c
0i
#14316410
0t
0s
0r
1y
0c
0i
#14316802
1t
0s
0r
1y
0c
0i
#14317414
0t
0s
0r
1y
0c
0i
#14317805
1t
0s
0r
1y
0c
0i
#14318421
0t
0s
0r
1y
0c
0i
#14318809
1t
0s
0r
1y
0c
0i
#14319420
0t
0s
0r
1y
0c
0i
#14319811
1t
0s
0r
1y
0c
0i
#14320422
0t
0s
0r
1y
0c
0i
#14320811
1t
0s
0r
1y
0c
0i
#14321425
0t
0s
0r
1y
0c
0i
#14321812
1t
0s
0r
1y
0c
0i
#14322422
0t
0s
0r
1y
0c
0i
#14322810
1t
0s
0r
1y
0c
0i
#14323418
0t
0s
0r
1y
0c
0i
#14323808
1t
0s
0r
1y
0c
0i
#14324418
0t
0s
0r
1y
0c
0i
#14324806
1t
0s
0r
1y
0c
0i
#14325411
0t
0s
0r
1y
0c
0i
#14325801
1t
0s
0r
1y
0c
0i
#14326408
0t
0s
0r
1y
0c
0i
#14326796
1t
0s
0r
1y
0c
0i
#14327405
0t
0s
0r
1y
0c
0i
#14327793
1t
0s
0r
1y
0c
0i
#14328398
0t
0s
0r
1y
0c
0i
#14328788
1t
0s
0r
1y
0c
0i
#14329394
0t
0s
0r
1y
0c
0i
#14329784
1t
0s
0r
1y
0c
0i
#14330393
0t
0s
0r
1y
0c
0i
#14330782
1t
0s
0r
1y
0c
0i
#14331387
0t
0s
0r
1y
0c
0i
#14331778
1t
0s
0r
1y
0c
0i
#14332386
0t
0s
0r
1y
0c
0i
#14332776
1t
0s
0r
1y
0c
0i
#14333385
0t
0s
0r
1y
0c
0i
#14333777
1t
0s
0r
1y
0c
0i
#14334384
0t
0s
0r
1y
0c
1i
#14334777
1t
0s
0r
1y
0c
1i
#14335387
0t
0s
0r
1y
0c
1i
#14335780
1t
0s
0r
1y
0c
1i
#14336394
0t
0s
0r
1y
1c
1i
#14336786
1t
0s
0r
1y
1c
1i
#14337399
0t
0s
0r
1y
1c
1i
#14337793
1t
0s
0r
1y
1c
1i
#14338409
0t
0s
0r
1y
1c
1i
#14338803
1t
0s
0r
1y
1c
1i
#14339421
0t
0s
0r
1y
1c
0i
#14339815
1t
0s
0r
1y
1c
0i
#14340429
0t
0s
0r
1y
1c
0i
#14340824
1t
0s
0r
1y
1c
0i
#14341439
0t
0s
0r
1y
1c
0i
#14341833
1t
0s
0r
1y
1c
0i
#14342451
0t
0s
0r
1y
1c
0i
#14342843
1t
0s
0r
1y
1c
0i
#14343455
0t
0s
0r
1y
1c
0i
#14343851
1t
0s
0r
1y
1c
0i
#14344464
0t
0s
0r
1y
1c
0i
#14344859
1t
0s
0r
1y
1c
0i
#14345474
0t
0s
0r
1y
1c
0i
#14345867
1t
0s
0r
1y
1c
0i
#14346478
0t
0s
0r
1y
1c
0i
#14346873
1t
0s
0r
1y
1c
0i
#14347486
0t
0s
0r
1y
1c
0i
#14347880
1t
0s
0r
1y
1c
0i
#14348494
0t
0s
0r
1y
1c
0i
#14348888
1t
0s
0r
1y
1c
0i
#14349498
0t
0s
0r
1y
1c
0i
#14349893
1t
0s
0r
1y
1c
0i
#14350503
0t
0s
0r
1y
1c
0i
#14350897
1t
0s
0r
1y
1c
0i
#14351509
0t
0s
0r
1y
1c
0i
#14351901
1t
0s
0r
1y
1c
0i
#14353489
0t
0s
0r
1y
1c
0i
#14354613
1t
0s
0r
1y
1c
0i
#14355522
0t
0s
0r
1y
1c
0i
#14355901
1t
0s
0r
1y
1c
0i
#14356512
0t
0s
0r
1y
1c
0i
#14356901
1t
0s
0r
1y
1c
0i
#14357509
0t
0s
0r
1y
1c
0i
#14357899
1t
0s
0r
1y
1c
0i
#14358507
0t
0s
0r
1y
1c
0i
#14358898
1t
0s
0r
1y
1c
0i
#14359505
0t
0s
0r
1y
1c
0i
#14359895
1t
0s
0r
1y
1c
0i
#14360506
0t
0s
0r
1y
1c
0i
#14360894
1t
0s
0r
1y
1c
0i
#14361501
0t
0s
0r
1y
1c
0i
#14361891
1t
0s
0r
1y
1c
0i
#14362500
0t
0s
0r
1y
1c
0i
#14362890
1t
0s
0r
1y
1c
0i
#14363500
0t
0s
0r
1y
1c
0i
#14363892
1t
0s
0r
1y
1c
0i
#14364500
0t
0s
0r
1y
1c
1i
#14364892
1t
0s
0r
1y
1c
1i
#14365502
0t
0s
0r
1y
1c
1i
#14365895
1t
0s
0r
1y
1c
1i
#14366510
0t
0s
0r
1y
0c
1i
#14366902
1t
0s
0r
1y
0c
1i
#14367515
0t
0s
0r
1y
0c
1i
#14367909
1t
0s
0r
1y
0c
1i
#14368525
0t
0s
0r
1y
0c
1i
#14368920
1t
0s
0r
1y
0c
0i
#14369111
1t
0s
1r
1y
0c
0i
#14369113
1t
0s
0r
1y
0c
0i
#14369539
0t
0s
0r
1y
0c
0i
#14369932
1t
0s
0r
1y
0c
0i
#14370548
0t
0s
0r
1y
0c
0i
#14370943
1t
0s
0r
1y
0c
0i
#14371560
0t
0s
0r
1y
0c
0i
#14371953
1t
0s
0r
1y
0c
0i
#14372573
0t
0s
0r
1y
0c
0i
#14372965
1t
0s
0r
1y
0c
0i
#14373579
0t
0s
0r
1y
0c
0i
#14373975
1t
0s
0r
1y
0c
0i
#14374590
0t
0s
0r
1y
0c
0i
#14374984
1t
0s
0r
1y
0c
0i
#14375602
0t
0s
0r
1y
0c
0i
#14375994
1t
0s
0r
1y
0c
0i
#14376609
0t
0s
0r
1y
0c
0i
#14377001
1t
0s
0r
1y
0c
0i
#14377616
0t
0s
0r
1y
0c
0i
#14378007
1t
0s
0r
1y
0c
0i
#14378624
0t
0s
0r
1y
0c
0i
#14379012
1t
0s
0r
1y
0c
0i
#14379623
0t
0s
0r
1y
0c
0i
#14380013
1t
0s
0r
1y
0c
0i
#14380625
0t
0s
0r
1y
0c
0i
#14381013
1t
0s
0r
1y
0c
0i
#14381627
0t
0s
0r
1y
0c
0i
#14382014
1t
0s
0r
1y
0c
0i
#14382623
0t
0s
0r
1y
0c
0i
#14383012
1t
0s
0r
1y
0c
0i
#14383621
0t
0s
0r
1y
0c
0i
#14384011
1t
0s
0r
1y
0c
0i
#14384622
0t
0s
0r
1y
0c
0i
#14385010
1t
0s
0r
1y
0c
0i
#14385617
0t
0s
0r
1y
0c
0i
#14386007
1t
0s
0r
1y
0c
0i
#14386616
0t
0s
0r
1y
0c
0i
#14387005
1t
0s
0r
1y
0c
0i
#14387617
0t
0s
0r
1y
0c
0i
#14388004
1t
0s
0r
1y
0c
0i
#14388612
0t
0s
0r
1y
0c
0i
#14389003
1t
0s
0r
1y
0c
0i
#14389610
0t
0s
0r
1y
0c
0i
#14390001
1t
0s
0r
1y
0c
0i
#14390611
0t
0s
0r
1y
0c
0i
#14391001
1t
0s
0r
1y
0c
0i
#14391608
0t
0s
0r
1y
0c
0i
#14391999
1t
0s
0r
1y
0c
0i
#14392608
0t
0s
0r
1y
0c
0i
#14392999
1t
0s
0r
1y
0c
0i
#14393610
0t
0s
0r
1y
0c
0i
#14394002
1t
0s
0r
1y
0c
0i
#14394610
0t
0s
0r
1y
0c
1i
#14395004
1t
0s
0r
1y
0c
1i
#14395615
0t
0s
0r
1y
0c
1i
#14396008
1t
0s
0r
1y
1c
1i
#14396624
0t
0s
0r
1y
1c
1i
#14397017
1t
0s
0r
1y
1c
1i
#14397631
0t
0s
0r
1y
1c
1i
#14398026
1t
0s
0r
1y
1c
1i
#14398643
0t
0s
0r
1y
1c
1i
#14399037
1t
0s
0r
1y
1c
0i
#14399657
0t
0s
0r
1y
1c
0i
#14400051
1t
0s
0r
1y
1c
0i
#14400666
0t
0s
0r
1y
1c
0i
#14401062
1t
0s
0r
1y
1c
0i
#14401679
0t
0s
0r
1y
1c
0i
#14402073
1t
0s
0r
1y
1c
0i
#14402692
0t
0s
0r
1y
1c
0i
#14403086
1t
0s
0r
1y
1c
0i
#14403699
0t
0s
0r
1y
1c
0i
#14404095
1t
0s
0r
1y
1c
0i
#14404709
0t
0s
0r
1y
1c
0i
#14405104
1t
0s
0r
1y
1c
0i
#14405719
0t
0s
0r
1y
1c
0i
#14406113
1t
0s
0r
1y
1c
0i
#14406724
0t
0s
0r
1y
1c
0i
#14407118
1t
0s
0r
1y
1c
0i
#14407728
0t
0s
0r
1y
1c
0i
#14408121
1t
0s
0r
1y
1c
0i
#14408732
0t
0s
0r
1y
1c
0i
#14409124
1t
0s
0r
1y
1c
0i
#14409729
0t
0s
0r
1y
1c
0i
#14410122
1t
0s
0r
1y
1c
0i
#14410728
0t
0s
0r
1y
1c
0i
#14411119
1t
0s
0r
1y
1c
0i
#14411726
0t
0s
0r
1y
1c
0i
#14412116
1t
0s
0r
1y
1c
0i
#14413692
0t
0s
0r
1y
1c
0i
#14414810
1t
0s
0r
1y
1c
0i
#14415713
0t
0s
0r
1y
1c
0i
#14416091
1t
0s
0r
1y
1c
0i
#14416698
0t
0s
0r
1y
1c
0i
#14417086
1t
0s
0r
1y
1c
0i
#14417691
0t
0s
0r
1y
1c
0i
#14418079
1t
0s
0r
1y
1c
0i
#14418684
0t
0s
0r
1y
1c
0i
#14419073
1t
0s
0r
1y
1c
0i
#14419678
0t
0s
0r
1y
1c
0i
#14420066
1t
0s
0r
1y
1c
0i
#14420674
0t
0s
0r
1y
1c
0i
#14421060
1t
0s
0r
1y
1c
0i
#14421664
0t
0s
0r
1y
1c
0i
#14422052
1t
0s
0r
1y
1c
0i
#14422657
0t
0s
0r
1y
1c
0i
#14423046
1t
0s
0r
1y
1c
0i
#14423653
0t
0s
0r
1y
1c
0i
#14424043
1t
0s
0r
1y
1c
0i
#14424647
0t
0s
0r
1y
1c
1i
#14425037
1t
0s
0r
1y
1c
1i
#14425645
0t
0s
0r
1y
1c
1i
#14426035
1t
0s
0r
1y
0c
1i
#14426646
0t
0s
0r
1y
0c
1i
#14427036
1t
0s
0r
1y
0c
1i
#14427645
0t
0s
0r
1y
0c
1i
#14428037
1t
0s
0r
1y
0c
1i
#14428648
0t
0s
0r
1y
0c
1i
#14429041
1t
0s
0r
1y
0c
0i
#14429656
0t
0s
0r
1y
0c
0i
#14430047
1t
0s
0r
1y
0c
0i
#14430659
0t
0s
0r
1y
0c
0i
#14431051
1t
0s
0r
1y
0c
0i
#14431663
0t
0s
0r
1y
0c
0i
#14432055
1t
0s
0r
1y
0c
0i
#14432670
0t
0s
0r
1y
0c
0i
#14433060
1t
0s
0r
1y
0c
0i
#14433671
0t
0s
0r
1y
0c
0i
#14434064
1t
0s
0r
1y
0c
0i
#14434675
0t
0s
0r
1y
0c
0i
#14435067
1t
0s
0r
1y
0c
0i
#14435681
0t
0s
0r
1y
0c
0i
#14436071
1t
0s
0r
1y
0c
0i
#14436682
0t
0s
0r
1y
0c
0i
#14437074
1t
0s
0r
1y
0c
0i
#14437686
0t
0s
0r
1y
0c
0i
#14438076
1t
0s
0r
1y
0c
0i
#14438692
0t
0s
0r
1y
0c
0i
#14439080
1t
0s
0r
1y
0c
0i
#14439690
0t
0s
0r
1y
0c
0i
#14440080
1t
0s
0r
1y
0c
0i
#14440692
0t
0s
0r
1y
0c
0i
#14441080
1t
0s
0r
1y
0c
0i
#14441694
0t
0s
0r
1y
0c
0i
#14442081
1t
0s
0r
1y
0c
0i
#14442690
0t
0s
0r
1y
0c
0i
#14443079
1t
0s
0r
1y
0c
0i
#14443687
0t
0s
0r
1y
0c
0i
#14444077
1t
0s
0r
1y
0c
0i
#14444687
0t
0s
0r
1y
0c
0i
#14445075
1t
0s
0r
1y
0c
0i
#14445680
0t
0s
0r
1y
0c
0i
#14446070
1t
0s
0r
1y
0c
0i
#14446677
0t
0s
0r
1y
0c
0i
#14447065
1t
0s
0r
1y
0c
0i
#14447675
0t
0s
0r
1y
0c
0i
#14448062
1t
0s
0r
1y
0c
0i
#14448667
0t
0s
0r
1y
0c
0i
#14449057
1t
0s
0r
1y
0c
0i
#14449663
0t
0s
0r
1y
0c
0i
#14450052
1t
0s
0r
1y
0c
0i
#14450661
0t
0s
0r
1y
0c
0i
#14451049
1t
0s
0r
1y
0c
0i
#14451654
0t
0s
0r
1y
0c
0i
#14452044
1t
0s
0r
1y
0c
0i
#14452651
0t
0s
0r
1y
0c
0i
#14453041
1t
0s
0r
1y
0c
0i
#14453650
0t
0s
0r
1y
0c
0i
#14454042
1t
0s
0r
1y
0c
0i
#14454648
0t
0s
0r
1y
0c
1i
#14455040
1t
0s
0r
1y
0c
1i
#14455649
0t
0s
0r
1y
0c
1i
#14456042
1t
0s
0r
1y
1c
1i
#14456656
0t
0s
0r
1y
1c
1i
#14457047
1t
0s
0r
1y
1c
1i
#14457659
0t
0s
0r
1y
1c
1i
#14458054
1t
0s
0r
1y
1c
1i
#14458668
0t
0s
0r
1y
1c
1i
#14459063
1t
0s
0r
1y
1c
0i
#14459681
0t
0s
0r
1y
1c
0i
#14460074
1t
0s
0r
1y
1c
0i
#14460688
0t
0s
0r
1y
1c
0i
#14461083
1t
0s
0r
1y
1c
0i
#14461698
0t
0s
0r
1y
1c
0i
#14462092
1t
0s
0r
1y
1c
0i
#14462709
0t
0s
0r
1y
1c
0i
#14463102
1t
0s
0r
1y
1c
0i
#14463714
0t
0s
0r
1y
1c
0i
#14464110
1t
0s
0r
1y
1c
0i
#14464723
0t
0s
0r
1y
1c
0i
#14465117
1t
0s
0r
1y
1c
0i
#14465732
0t
0s
0r
1y
1c
0i
#14466125
1t
0s
0r
1y
1c
0i
#14466735
0t
0s
0r
1y
1c
0i
#14467129
1t
0s
0r
1y
1c
0i
#14467739
0t
0s
0r
1y
1c
0i
#14468132
1t
0s
0r
1y
1c
0i
#14468743
0t
0s
0r
1y
1c
0i
#14469135
1t
0s
0r
1y
1c
0i
#14469741
0t
0s
0r
1y
1c
0i
#14470134
1t
0s
0r
1y
1c
0i
#14470740
0t
0s
0r
1y
1c
0i
#14471132
1t
0s
0r
1y
1c
0i
#14471740
0t
0s
0r
1y
1c
0i
#14472129
1t
0s
0r
1y
1c
0i
#14473707
0t
0s
0r
1y
1c
0i
#14474825
1t
0s
0r
1y
1c
0i
#14475728
0t
0s
0r
1y
1c
0i
#14476106
1t
0s
0r
1y
1c
0i
#14476714
0t
0s
0r
1y
1c
0i
#14477101
1t
0s
0r
1y
1c
0i
#14477706
0t
0s
0r
1y
1c
0i
#14478094
1t
0s
0r
1y
1c
0i
#14478699
0t
0s
0r
1y
1c
0i
#14479088
1t
0s
0r
1y
1c
0i
#14479693
0t
0s
0r
1y
1c
0i
#14480081
1t
0s
0r
1y
1c
0i
#14480689
0t
0s
0r
1y
1c
0i
#14481075
1t
0s
0r
1y
1c
0i
#14481679
0t
0s
0r
1y
1c
0i
#14482067
1t
0s
0r
1y
1c
0i
#14482672
0t
0s
0r
1y
1c
0i
#14483061
1t
0s
0r
1y
1c
0i
#14483668
0t
0s
0r
1y
1c
0i
#14484058
1t
0s
0r
1y
1c
0i
#14484662
0t
0s
0r
1y
1c
1i
#14485053
1t
0s
0r
1y
1c
1i
#14485660
0t
0s
0r
1y
1c
1i
#14486050
1t
0s
0r
1y
0c
1i
#14486662
0t
0s
0r
1y
0c
1i
#14487052
1t
0s
0r
1y
0c
1i
#14487662
0t
0s
0r
1y
0c
1i
#14488054
1t
0s
0r
1y
0c
1i
#14488667
0t
0s
0r
1y
0c
1i
#14489059
1t
0s
0r
1y
0c
0i
#14489229
1t
0s
1r
1y
0c
0i
#14489232
1t
0s
0r
1y
0c
0i
#14489675
0t
0s
0r
1y
0c
0i
#14490067
1t
0s
0r
1y
0c
0i
#14490680
0t
0s
0r
1y
0c
0i
#14491072
1t
0s
0r
1y
0c
0i
#14491685
0t
0s
0r
1y
0c
0i
#14492077
1t
0s
0r
1y
0c
0i
#14492694
0t
0s
0r
1y
0c
0i
#14493085
1t
0s
0r
1y
0c
0i
#14493696
0t
0s
0r
1y
0c
0i
#14494090
1t
0s
0r
1y
0c
0i
#14494703
0t
0s
0r
1y
0c
0i
#14495095
1t
0s
0r
1y
0c
0i
#14495711
0t
0s
0r
1y
0c
0i
#14496101
1t
0s
0r
1y
0c
0i
#14496715
0t
0s
0r
1y
0c
0i
#14497106
1t
0s
0r
1y
0c
0i
#14497720
0t
0s
0r
1y
0c
0i
#14498111
1t
0s
0r
1y
0c
0i
#14498728
0t
0s
0r
1y
0c
0i
#14499117
1t
0s
0r
1y
0c
0i
#14499729
0t
0s
0r
1y
0c
0i
#14500120
1t
0s
0r
1y
0c
0i
#14500733
0t
0s
0r
1y
0c
0i
#14501123
1t
0s
0r
1y
0c
0i
#14501738
0t
0s
0r
1y
0c
0i
#14502126
1t
0s
0r
1y
0c
0i
#14502738
0t
0s
0r
1y
0c
0i
#14503127
1t
0s
0r
1y
0c
0i
#14503738
0t
0s
0r
1y
0c
0i
#14504129
1t
0s
0r
1y
0c
0i
#14504741
0t
0s
0r
1y
0c
0i
#14505130
1t
0s
0r
1y
0c
0i
#14505737
0t
0s
0r
1y
0c
0i
#14506128
1t
0s
0r
1y
0c
0i
#14506738
0t
0s
0r
1y
0c
0i
#14507127
1t
0s
0r
1y
0c
0i
#14507739
0t
0s
0r
1y
0c
0i
#14508128
1t
0s
0r
1y
0c
0i
#14508735
0t
0s
0r
1y
0c
0i
#14509126
1t
0s
0r
1y
0c
0i
#14509735
0t
0s
0r
1y
0c
0i
#14510125
1t
0s
0r
1y
0c
0i
#14510737
0t
0s
0r
1y
0c
0i
#14511126
1t
0s
0r
1y
0c
0i
#14511734
0t
0s
0r
1y
0c
0i
#14512126
1t
0s
0r
1y
0c
0i
#14512735
0t
0s
0r
1y
0c
0i
#14513127
1t
0s
0r
1y
0c
0i
#14513740
0t
0s
0r
1y
0c
0i
#14514133
1t
0s
0r
1y
0c
0i
#14514742
0t
0s
0r
1y
0c
1i
#14515137
1t
0s
0r
1y
0c
1i
#14515750
0t
0s
0r
1y
0c
1i
#14516144
1t
0s
0r
1y
1c
1i
#14516762
0t
0s
0r
1y
1c
1i
#14517156
1t
0s
0r
1y
1c
1i
#14517772
0t
0s
0r
1y
1c
1i
#14518168
1t
0s
0r
1y
1c
1i
#14518787
0t
0s
0r
1y
1c
1i
#14519183
1t
0s
0r
1y
1c
0i
#14519806
0t
0s
0r
1y
1c
0i
#14520200
1t
0s
0r
1y
1c
0i
#14520818
0t
0s
0r
1y
1c
0i
#14521215
1t
0s
0r
1y
1c
0i
#14521834
0t
0s
0r
1y
1c
0i
#14522229
1t
0s
0r
1y
1c
0i
#14522850
0t
0s
0r
1y
1c
0i
#14523245
1t
0s
0r
1y
1c
0i
#14523860
0t
0s
0r
1y
1c
0i
#14524258
1t
0s
0r
1y
1c
0i
#14524873
0t
0s
0r
1y
1c
0i
#14525269
1t
0s
0r
1y
1c
0i
#14525886
0t
0s
0r
1y
1c
0i
#14526280
1t
0s
0r
1y
1c
0i
#14526892
0t
0s
0r
1y
1c
0i
#14527287
1t
0s
0r
1y
1c
0i
#14527898
0t
0s
0r
1y
1c
0i
#14528292
1t
0s
0r
1y
1c
0i
#14528904
0t
0s
0r
1y
1c
0i
#14529297
1t
0s
0r
1y
1c
0i
#14529902
0t
0s
0r
1y
1c
0i
#14530296
1t
0s
0r
1y
1c
0i
#14530902
0t
0s
0r
1y
1c
0i
#14531294
1t
0s
0r
1y
1c
0i
#14531902
0t
0s
0r
1y
1c
0i
#14532292
1t
0s
0r
1y
1c
0i
#14533872
0t
0s
0r
1y
1c
0i
#14534990
1t
0s
0r
1y
1c
0i
#14535895
0t
0s
0r
1y
1c
0i
#14536273
1t
0s
0r
1y
1c
0i
#14536882
0t
0s
0r
1y
1c
0i
#14537270
1t
0s
0r
1y
1c
0i
#14537876
0t
0s
0r
1y
1c
0i
#14538265
1t
0s
0r
1y
1c
0i
#14538871
0t
0s
0r
1y
1c
0i
#14539262
1t
0s
0r
1y
1c
0i
#14539867
0t
0s
0r
1y
1c
0i
#14540256
1t
0s
0r
1y
1c
0i
#14540865
0t
0s
0r
1y
1c
0i
#14541253
1t
0s
0r
1y
1c
0i
#14541858
0t
0s
0r
1y
1c
0i
#14542247
1t
0s
0r
1y
1c
0i
#14542853
0t
0s
0r
1y
1c
0i
#14543242
1t
0s
0r
1y
1c
0i
#14543851
0t
0s
0r
1y
1c
0i
#14544241
1t
0s
0r
1y
1c
0i
#14544847
0t
0s
0r
1y
1c
1i
#14545238
1t
0s
0r
1y
1c
1i
#14545847
0t
0s
0r
1y
1c
1i
#14546238
1t
0s
0r
1y
0c
1i
#14546852
0t
0s
0r
1y
0c
1i
#14547242
1t
0s
0r
1y
0c
1i
#14547853
0t
0s
0r
1y
0c
1i
#14548246
1t
0s
0r
1y
0c
1i
#14548859
0t
0s
0r
1y
0c
1i
#14549253
1t
0s
0r
1y
0c
0i
#14549870
0t
0s
0r
1y
0c
0i
#14550262
1t
0s
0r
1y
0c
0i
#14550876
0t
0s
0r
1y
0c
0i
#14551269
1t
0s
0r
1y
0c
0i
#14551884
0t
0s
0r
1y
0c
0i
#14552277
1t
0s
0r
1y
0c
0i
#14552894
0t
0s
0r
1y
0c
0i
#14553286
1t
0s
0r
1y
0c
0i
#14553898
0t
0s
0r
1y
0c
0i
#14554293
1t
0s
0r
1y
0c
0i
#14554907
0t
0s
0r
1y
0c
0i
#14555300
1t
0s
0r
1y
0c
0i
#14555917
0t
0s
0r
1y
0c
0i
#14556308
1t
0s
0r
1y
0c
0i
#14556922
0t
0s
0r
1y
0c
0i
#14557315
1t
0s
0r
1y
0c
0i
#14557930
0t
0s
0r
1y
0c
0i
#14558322
1t
0s
0r
1y
0c
0i
#14558941
0t
0s
0r
1y
0c
0i
#14559330
1t
0s
0r
1y
0c
0i
#14559943
0t
0s
0r
1y
0c
0i
#14560335
1t
0s
0r
1y
0c
0i
#14560949
0t
0s
0r
1y
0c
0i
#14561340
1t
0s
0r
1y
0c
0i
#14561956
0t
0s
0r
1y
0c
0i
#14562345
1t
0s
0r
1y
0c
0i
#14562958
0t
0s
0r
1y
0c
0i
#14563348
1t
0s
0r
1y
0c
0i
#14563959
0t
0s
0r
1y
0c
0i
#14564351
1t
0s
0r
1y
0c
0i
#14564964
0t
0s
0r
1y
0c
0i
#14565353
1t
0s
0r
1y
0c
0i
#14565962
0t
0s
0r
1y
0c
0i
#14566353
1t
0s
0r
1y
0c
0i
#14566963
0t
0s
0r
1y
0c
0i
#14567353
1t
0s
0r
1y
0c
0i
#14567966
0t
0s
0r
1y
0c
0i
#14568355
1t
0s
0r
1y
0c
0i
#14568964
0t
0s
0r
1y
0c
0i
#14569355
1t
0s
0r
1y
0c
0i
#14569964
0t
0s
0r
1y
0c
0i
#14570355
1t
0s
0r
1y
0c
0i
#14570967
0t
0s
0r
1y
0c
0i
#14571357
1t
0s
0r
1y
0c
0i
#14571966
0t
0s
0r
1y
0c
0i
#14572358
1t
0s
0r
1y
0c
0i
#14572968
0t
0s
0r
1y
0c
0i
#14573361
1t
0s
0r
1y
0c
0i
#14573974
0t
0s
0r
1y
0c
0i
#14574367
1t
0s
0r
1y
0c
0i
#14574977
0t
0s
0r
1y
0c
1i
#14575371
1t
0s
0r
1y
0c
1i
#14575984
0t
0s
0r
1y
0c
1i
#14576379
1t
0s
0r
1y
1c
1i
#14576997
0t
0s
0r
1y
1c
1i
#14577391
1t
0s
0r
1y
1c
1i
#14578006
0t
0s
0r
1y
1c
1i
#14578403
1t
0s
0r
1y
1c
1i
#14579021
0t
0s
0r
1y
1c
1i
#14579417
1t
0s
0r
1y
1c
0i
#14580039
0t
0s
0r
1y
1c
0i
#14580435
1t
0s
0r
1y
1c
0i
#14581053
0t
0s
0r
1y
1c
0i
#14581449
1t
0s
0r
1y
1c
0i
#14582068
0t
0s
0r
1y
1c
0i
#14582464
1t
0s
0r
1y
1c
0i
#14583084
0t
0s
0r
1y
1c
0i
#14583479
1t
0s
0r
1y
1c
0i
#14584094
0t
0s
0r
1y
1c
0i
#14584492
1t
0s
0r
1y
1c
0i
#14585107
0t
0s
0r
1y
1c
0i
#14585504
1t
0s
0r
1y
1c
0i
#14586121
0t
0s
0r
1y
1c
0i
#14586516
1t
0s
0r
1y
1c
0i
#14587128
0t
0s
0r
1y
1c
0i
#14587523
1t
0s
0r
1y
1c
0i
#14588136
0t
0s
0r
1y
1c
0i
#14588529
1t
0s
0r
1y
1c
0i
#14589142
0t
0s
0r
1y
1c
0i
#14589535
1t
0s
0r
1y
1c
0i
#14590143
0t
0s
0r
1y
1c
0i
#14590536
1t
0s
0r
1y
1c
0i
#14591143
0t
0s
0r
1y
1c
0i
#14591536
1t
0s
0r
1y
1c
0i
#14592145
0t
0s
0r
1y
1c
0i
#14592536
1t
0s
0r
1y
1c
0i
#14594118
0t
0s
0r
1y
1c
0i
#14595239
1t
0s
0r
1y
1c
0i
#14596145
0t
0s
0r
1y
1c
0i
#14596524
1t
0s
0r
1y
1c
0i
#14597134
0t
0s
0r
1y
1c
0i
#14597523
1t
0s
0r
1y
1c
0i
#14598131
0t
0s
0r
1y
1c
0i
#14598520
1t
0s
0r
1y
1c
0i
#14599127
0t
0s
0r
1y
1c
0i
#14599518
1t
0s
0r
1y
1c
0i
#14600125
0t
0s
0r
1y
1c
0i
#14600515
1t
0s
0r
1y
1c
0i
#14601125
0t
0s
0r
1y
1c
0i
#14601513
1t
0s
0r
1y
1c
0i
#14602119
0t
0s
0r
1y
1c
0i
#14602509
1t
0s
0r
1y
1c
0i
#14603116
0t
0s
0r
1y
1c
0i
#14603506
1t
0s
0r
1y
1c
0i
#14604116
0t
0s
0r
1y
1c
0i
#14604507
1t
0s
0r
1y
1c
0i
#14605113
0t
0s
0r
1y
1c
1i
#14605506
1t
0s
0r
1y
1c
1i
#14606116
0t
0s
0r
1y
1c
1i
#14606507
1t
0s
0r
1y
0c
1i
#14607122
0t
0s
0r
1y
0c
1i
#14607513
1t
0s
0r
1y
0c
1i
#14608126
0t
0s
0r
1y
0c
1i
#14608519
1t
0s
0r
1y
0c
1i
#14609134
0t
0s
0r
1y
0c
1i
#14609528
1t
0s
0r
1y
0c
0i
#14609712
1t
0s
1r
1y
0c
0i
#14609714
1t
0s
0r
1y
0c
0i
#14610147
0t
0s
0r
1y
0c
0i
#14610540
1t
0s
0r
1y
0c
0i
#14611155
0t
0s
0r
1y
0c
0i
#14611549
1t
0s
0r
1y
0c
0i
#14612165
0t
0s
0r
1y
0c
0i
#14612559
1t
0s
0r
1y
0c
0i
#14613178
0t
0s
0r
1y
0c
0i
#14613570
1t
0s
0r
1y
0c
0i
#14614184
0t
0s
0r
1y
0c
0i
#14614580
1t
0s
0r
1y
0c
0i
#14615194
0t
0s
0r
1y
0c
0i
#14615588
1t
0s
0r
1y
0c
0i
#14616205
0t
0s
0r
1y
0c
0i
#14616596
1t
0s
0r
1y
0c
0i
#14617210
0t
0s
0r
1y
0c
0i
#14617602
1t
0s
0r
1y
0c
0i
#14618216
0t
0s
0r
1y
0c
0i
#14618605
1t
0s
0r
1y
0c
0i
#14619220
0t
0s
0r
1y
0c
0i
#14619608
1t
0s
0r
1y
0c
0i
#14620218
0t
0s
0r
1y
0c
0i
#14620607
1t
0s
0r
1y
0c
0i
#14621218
0t
0s
0r
1y
0c
0i
#14621605
1t
0s
0r
1y
0c
0i
#14622218
0t
0s
0r
1y
0c
0i
#14622604
1t
0s
0r
1y
0c
0i
#14623212
0t
0s
0r
1y
0c
0i
#14623601
1t
0s
0r
1y
0c
0i
#14624208
0t
0s
0r
1y
0c
0i
#14624598
1t
0s
0r
1y
0c
0i
#14625208
0t
0s
0r
1y
0c
0i
#14625595
1t
0s
0r
1y
0c
0i
#14626202
0t
0s
0r
1y
0c
0i
#14626591
1t
0s
0r
1y
0c
0i
#14627198
0t
0s
0r
1y
0c
0i
#14627587
1t
0s
0r
1y
0c
0i
#14628198
0t
0s
0r
1y
0c
0i
#14628586
1t
0s
0r
1y
0c
0i
#14629192
0t
0s
0r
1y
0c
0i
#14629582
1t
0s
0r
1y
0c
0i
#14630189
0t
0s
0r
1y
0c
0i
#14630579
1t
0s
0r
1y
0c
0i
#14631189
0t
0s
0r
1y
0c
0i
#14631578
1t
0s
0r
1y
0c
0i
#14632184
0t
0s
0r
1y
0c
0i
#14632575
1t
0s
0r
1y
0c
0i
#14633183
0t
0s
0r
1y
0c
0i
#14633574
1t
0s
0r
1y
0c
0i
#14634185
0t
0s
0r
1y
0c
0i
#14634577
1t
0s
0r
1y
0c
0i
#14635183
0t
0s
0r
1y
0c
1i
#14635577
1t
0s
0r
1y
0c
1i
#14636188
0t
0s
0r
1y
0c
1i
#14636581
1t
0s
0r
1y
1c
1i
#14637196
0t
0s
0r
1y
1c
1i
#14637589
1t
0s
0r
1y
1c
1i
#14638202
0t
0s
0r
1y
1c
1i
#14638597
1t
0s
0r
1y
1c
1i
#14639213
0t
0s
0r
1y
1c
1i
#14639608
1t
0s
0r
1y
1c
0i
#14640228
0t
0s
0r
1y
1c
0i
#14640621
1t
0s
0r
1y
1c
0i
#14641236
0t
0s
0r
1y
1c
0i
#14641632
1t
0s
0r
1y
1c
0i
#14642248
0t
0s
0r
1y
1c
0i
#14642643
1t
0s
0r
1y
1c
0i
#14643261
0t
0s
0r
1y
1c
0i
#14643655
1t
0s
0r
1y
1c
0i
#14644268
0t
0s
0r
1y
1c
0i
#14644664
1t
0s
0r
1y
1c
0i
#14645277
0t
0s
0r
1y
1c
0i
#14645673
1t
0s
0r
1y
1c
0i
#14646287
0t
0s
0r
1y
1c
0i
#14646681
1t
0s
0r
1y
1c
0i
#14647291
0t
0s
0r
1y
1c
0i
#14647685
1t
0s
0r
1y
1c
0i
#14648295
0t
0s
0r
1y
1c
0i
#14648688
1t
0s
0r
1y
1c
0i
#14649297
0t
0s
0r
1y
1c
0i
#14649690
1t
0s
0r
1y
1c
0i
#14650294
0t
0s
0r
1y
1c
0i
#14650687
1t
0s
0r
1y
1c
0i
#14651291
0t
0s
0r
1y
1c
0i
#14651683
1t
0s
0r
1y
1c
0i
#14652290
0t
0s
0r
1y
1c
0i
#14652679
1t
0s
0r
1y
1c
0i
#14654254
0t
0s
0r
1y
1c
0i
#14655372
1t
0s
0r
1y
1c
0i
#14656274
0t
0s
0r
1y
1c
0i
#14656652
1t
0s
0r
1y
1c
0i
#14657260
0t
0s
0r
1y
1c
0i
#14657647
1t
0s
0r
1y
1c
0i
#14658252
0t
0s
0r
1y
1c
0i
#14658640
1t
0s
0r
1y
1c
0i
#14659245
0t
0s
0r
1y
1c
0i
#14659634
1t
0s
0r
1y
1c
0i
#14660239
0t
0s
0r
1y
1c
0i
#14660627
1t
0s
0r
1y
1c
0i
#14661234
0t
0s
0r
1y
1c
0i
#14661621
1t
0s
0r
1y
1c
0i
#14662225
0t
0s
0r
1y
1c
0i
#14662614
1t
0s
0r
1y
1c
0i
#14663218
0t
0s
0r
1y
1c
0i
#14663607
1t
0s
0r
1y
1c
0i
#14664214
0t
0s
0r
1y
1c
0i
#14664603
1t
0s
0r
1y
1c
0i
#14665207
0t
0s
0r
1y
1c
1i
#14665598
1t
0s
0r
1y
1c
1i
#14666205
0t
0s
0r
1y
1c
1i
#14666596
1t
0s
0r
1y
0c
1i
#14667208
0t
0s
0r
1y
0c
1i
#14667597
1t
0s
0r
1y
0c
1i
#14668207
0t
0s
0r
1y
0c
1i
#14668598
1t
0s
0r
1y
0c
1i
#14669210
0t
0s
0r
1y
0c
1i
#14669602
1t
0s
0r
1y
0c
0i
#14670217
0t
0s
0r
1y
0c
0i
#14670609
1t
0s
0r
1y
0c
0i
#14671220
0t
0s
0r
1y
0c
0i
#14671613
1t
0s
0r
1y
0c
0i
#14672226
0t
0s
0r
1y
0c
0i
#14672618
1t
0s
0r
1y
0c
0i
#14673234
0t
0s
0r
1y
0c
0i
#14673624
1t
0s
0r
1y
0c
0i
#14674235
0t
0s
0r
1y
0c
0i
#14674629
1t
0s
0r
1y
0c
0i
#14675241
0t
0s
0r
1y
0c
0i
#14675633
1t
0s
0r
1y
0c
0i
#14676249
0t
0s
0r
1y
0c
0i
#14676639
1t
0s
0r
1y
0c
0i
#14677252
0t
0s
0r
1y
0c
0i
#14677644
1t
0s
0r
1y
0c
0i
#14678258
0t
0s
0r
1y
0c
0i
#14678649
1t
0s
0r
1y
0c
0i
#14679266
0t
0s
0r
1y
0c
0i
#14679655
1t
0s
0r
1y
0c
0i
#14680268
0t
0s
0r
1y
0c
0i
#14680659
1t
0s
0r
1y
0c
0i
#14681273
0t
0s
0r
1y
0c
0i
#14681662
1t
0s
0r
1y
0c
0i
#14682278
0t
0s
0r
1y
0c
0i
#14682666
1t
0s
0r
1y
0c
0i
#14683276
0t
0s
0r
1y
0c
0i
#14683666
1t
0s
0r
1y
0c
0i
#14684276
0t
0s
0r
1y
0c
0i
#14684667
1t
0s
0r
1y
0c
0i
#14685278
0t
0s
0r
1y
0c
0i
#14685668
1t
0s
0r
1y
0c
0i
#14686275
0t
0s
0r
1y
0c
0i
#14686665
1t
0s
0r
1y
0c
0i
#14687273
0t
0s
0r
1y
0c
0i
#14687663
1t
0s
0r
1y
0c
0i
#14688274
0t
0s
0r
1y
0c
0i
#14688662
1t
0s
0r
1y
0c
0i
#14689269
0t
0s
0r
1y
0c
0i
#14689660
1t
0s
0r
1y
0c
0i
#14690268
0t
0s
0r
1y
0c
0i
#14690658
1t
0s
0r
1y
0c
0i
#14691268
0t
0s
0r
1y
0c
0i
#14691658
1t
0s
0r
1y
0c
0i
#14692265
0t
0s
0r
1y
0c
0i
#14692656
1t
0s
0r
1y
0c
0i
#14693264
0t
0s
0r
1y
0c
0i
#14693656
1t
0s
0r
1y
0c
0i
#14694267
0t
0s
0r
1y
0c
0i
#14694660
1t
0s
0r
1y
0c
0i
#14695268
0t
0s
0r
1y
0c
1i
#14695662
1t
0s
0r
1y
0c
1i
#14696274
0t
0s
0r
1y
0c
1i
#14696667
1t
0s
0r
1y
1c
1i
#14697284
0t
0s
0r
1y
1c
1i
#14697677
1t
0s
0r
1y
1c
1i
#14698292
0t
0s
0r
1y
1c
1i
#14698687
1t
0s
0r
1y
1c
1i
#14699304
0t
0s
0r
1y
1c
1i
#14699700
1t
0s
0r
1y
1c
0i
#14700321
0t
0s
0r
1y
1c
0i
#14700716
1t
0s
0r
1y
1c
0i
#14701333
0t
0s
0r
1y
1c
0i
#14701729
1t
0s
0r
1y
1c
0i
#14702348
0t
0s
0r
1y
1c
0i
#14702743
1t
0s
0r
1y
1c
0i
#14703363
0t
0s
0r
1y
1c
0i
#14703757
1t
0s
0r
1y
1c
0i
#14704372
0t
0s
0r
1y
1c
0i
#14704770
1t
0s
0r
1y
1c
0i
#14705385
0t
0s
0r
1y
1c
0i
#14705781
1t
0s
0r
1y
1c
0i
#14706399
0t
0s
0r
1y
1c
0i
#14706794
1t
0s
0r
1y
1c
0i
#14707407
0t
0s
0r
1y
1c
0i
#14707802
1t
0s
0r
1y
1c
0i
#14708415
0t
0s
0r
1y
1c
0i
#14708809
1t
0s
0r
1y
1c
0i
#14709423
0t
0s
0r
1y
1c
0i
#14709817
1t
0s
0r
1y
1c
0i
#14710425
0t
0s
0r
1y
1c
0i
#14710819
1t
0s
0r
1y
1c
0i
#14711428
0t
0s
0r
1y
1c
0i
#14711821
1t
0s
0r
1y
1c
0i
#14712432
0t
0s
0r
1y
1c
0i
#14712822
1t
0s
0r
1y
1c
0i
#14714406
0t
0s
0r
1y
1c
0i
#14715530
1t
0s
0r
1y
1c
0i
#14716436
0t
0s
0r
1y
1c
0i
#14716815
1t
0s
0r
1y
1c
0i
#14717426
0t
0s
0r
1y
1c
0i
#14717815
1t
0s
0r
1y
1c
0i
#14718423
0t
0s
0r
1y
1c
0i
#14718813
1t
0s
0r
1y
1c
0i
#14719421
0t
0s
0r
1y
1c
0i
#14719812
1t
0s
0r
1y
1c
0i
#14720419
0t
0s
0r
1y
1c
0i
#14720809
1t
0s
0r
1y
1c
0i
#14721419
0t
0s
0r
1y
1c
0i
#14721808
1t
0s
0r
1y
1c
0i
#14722415
0t
0s
0r
1y
1c
0i
#14722805
1t
0s
0r
1y
1c
0i
#14723414
0t
0s
0r
1y
1c
0i
#14723803
1t
0s
0r
1y
1c
0i
#14724414
0t
0s
0r
1y
1c
0i
#14724805
1t
0s
0r
1y
1c
0i
#14725412
0t
0s
0r
1y
1c
1i
#14725806
1t
0s
0r
1y
0c
1i
#14726416
0t
0s
0r
1y
0c
1i
#14726809
1t
0s
0r
1y
0c
1i
#14727425
0t
0s
0r
1y
0c
1i
#14727816
1t
0s
0r
1y
0c
1i
#14728430
0t
0s
0r
1y
0c
1i
#14728824
1t
0s
0r
1y
0c
1i
#14729441
0t
0s
0r
1y
0c
1i
#14729835
1t
0s
0r
1y
0c
0i
#14730010
1t
0s
1r
1y
0c
0i
#14730012
1t
0s
0r
1y
0c
0i
#14730455
0t
0s
0r
1y
0c
0i
#14730849
1t
0s
0r
1y
0c
0i
#14731465
0t
0s
0r
1y
0c
0i
#14731860
1t
0s
0r
1y
0c
0i
#14732477
0t
0s
0r
1y
0c
0i
#14732871
1t
0s
0r
1y
0c
0i
#14733491
0t
0s
0r
1y
0c
0i
#14733883
1t
0s
0r
1y
0c
0i
#14734498
0t
0s
0r
1y
0c
0i
#14734892
1t
0s
0r
1y
0c
0i
#14735506
0t
0s
0r
1y
0c
0i
#14735899
1t
0s
0r
1y
0c
0i
#14736515
0t
0s
0r
1y
0c
0i
#14736905
1t
0s
0r
1y
0c
0i
#14737516
0t
0s
0r
1y
0c
0i
#14737906
1t
0s
0r
1y
0c
0i
#14738517
0t
0s
0r
1y
0c
0i
#14738904
1t
0s
0r
1y
0c
0i
#14739515
0t
0s
0r
1y
0c
0i
#14739901
1t
0s
0r
1y
0c
0i
#14740507
0t
0s
0r
1y
0c
0i
#14740894
1t
0s
0r
1y
0c
0i
#14741500
0t
0s
0r
1y
0c
0i
#14741886
1t
0s
0r
1y
0c
0i
#14742495
0t
0s
0r
1y
0c
0i
#14742879
1t
0s
0r
1y
0c
0i
#14743485
0t
0s
0r
1y
0c
0i
#14743871
1t
0s
0r
1y
0c
0i
#14744476
0t
0s
0r
1y
0c
0i
#14744864
1t
0s
0r
1y
0c
0i
#14745470
0t
0s
0r
1y
0c
0i
#14745857
1t
0s
0r
1y
0c
0i
#14746461
0t
0s
0r
1y
0c
0i
#14746849
1t
0s
0r
1y
0c
0i
#14747454
0t
0s
0r
1y
0c
0i
#14747841
1t
0s
0r
1y
0c
0i
#14748449
0t
0s
0r
1y
0c
0i
#14748835
1t
0s
0r
1y
0c
0i
#14749439
0t
0s
0r
1y
0c
0i
#14749828
1t
0s
0r
1y
0c
0i
#14750432
0t
0s
0r
1y
0c
0i
#14750821
1t
0s
0r
1y
0c
0i
#14751428
0t
0s
0r
1y
0c
0i
#14751816
1t
0s
0r
1y
0c
0i
#14752421
0t
0s
0r
1y
0c
0i
#14752810
1t
0s
0r
1y
0c
0i
#14753416
0t
0s
0r
1y
0c
0i
#14753805
1t
0s
0r
1y
0c
0i
#14754413
0t
0s
0r
1y
0c
0i
#14754804
1t
0s
0r
1y
0c
0i
#14755409
0t
0s
0r
1y
0c
1i
#14755802
1t
0s
0r
1y
0c
1i
#14756410
0t
0s
0r
1y
0c
1i
#14756803
1t
0s
0r
1y
1c
1i
#14757416
0t
0s
0r
1y
1c
1i
#14757808
1t
0s
0r
1y
1c
1i
#14758419
0t
0s
0r
1y
1c
1i
#14758813
1t
0s
0r
1y
1c
1i
#14759428
0t
0s
0r
1y
1c
1i
#14759822
1t
0s
0r
1y
1c
0i
#14760440
0t
0s
0r
1y
1c
0i
#14760833
1t
0s
0r
1y
1c
0i
#14761447
0t
0s
0r
1y
1c
0i
#14761842
1t
0s
0r
1y
1c
0i
#14762458
0t
0s
0r
1y
1c
0i
#14762852
1t
0s
0r
1y
1c
0i
#14763470
0t
0s
0r
1y
1c
0i
#14763863
1t
0s
0r
1y
1c
0i
#14764476
0t
0s
0r
1y
1c
0i
#14764872
1t
0s
0r
1y
1c
0i
#14765485
0t
0s
0r
1y
1c
0i
#14765880
1t
0s
0r
1y
1c
0i
#14766495
0t
0s
0r
1y
1c
0i
#14766889
1t
0s
0r
1y
1c
0i
#14767500
0t
0s
0r
1y
1c
0i
#14767894
1t
0s
0r
1y
1c
0i
#14768506
0t
0s
0r
1y
1c
0i
#14768899
1t
0s
0r
1y
1c
0i
#14769510
0t
0s
0r
1y
1c
0i
#14769903
1t
0s
0r
1y
1c
0i
#14770509
0t
0s
0r
1y
1c
0i
#14770902
1t
0s
0r
1y
1c
0i
#14771507
0t
0s
0r
1y
1c
0i
#14771899
1t
0s
0r
1y
1c
0i
#14772506
0t
0s
0r
1y
1c
0i
#14772896
1t
0s
0r
1y
1c
0i
#14774473
0t
0s
0r
1y
1c
0i
#14775591
1t
0s
0r
1y
1c
0i
#14776494
0t
0s
0r
1y
1c
0i
#14776872
1t
0s
0r
1y
1c
0i
#14777480
0t
0s
0r
1y
1c
0i
#14777867
1t
0s
0r
1y
1c
0i
#14778473
0t
0s
0r
1y
1c
0i
#14778861
1t
0s
0r
1y
1c
0i
#14779466
0t
0s
0r
1y
1c
0i
#14779856
1t
0s
0r
1y
1c
0i
#14780461
0t
0s
0r
1y
1c
0i
#14780850
1t
0s
0r
1y
1c
0i
#14781458
0t
0s
0r
1y
1c
0i
#14781846
1t
0s
0r
1y
1c
0i
#14782450
0t
0s
0r
1y
1c
0i
#14782839
1t
0s
0r
1y
1c
0i
#14783445
0t
0s
0r
1y
1c
0i
#14783834
1t
0s
0r
1y
1c
0i
#14784442
0t
0s
0r
1y
1c
0i
#14784833
1t
0s
0r
1y
1c
0i
#14785438
0t
0s
0r
1y
1c
1i
#14785830
1t
0s
0r
1y
1c
1i
#14786438
0t
0s
0r
1y
0c
1i
#14786830
1t
0s
0r
1y
0c
1i
#14787443
0t
0s
0r
1y
0c
1i
#14787833
1t
0s
0r
1y
0c
1i
#14788444
0t
0s
0r
1y
0c
1i
#14788836
1t
0s
0r
1y
0c
1i
#14789449
0t
0s
0r
1y
0c
1i
#14789843
1t
0s
0r
1y
0c
0i
#14790460
0t
0s
0r
1y
0c
0i
#14790851
1t
0s
0r
1y
0c
0i
#14791464
0t
0s
0r
1y
0c
0i
#14791858
1t
0s
0r
1y
0c
0i
#14792472
0t
0s
0r
1y
0c
0i
#14792864
1t
0s
0r
1y
0c
0i
#14793481
0t
0s
0r
1y
0c
0i
#14793872
1t
0s
0r
1y
0c
0i
#14794483
0t
0s
0r
1y
0c
0i
#14794877
1t
0s
0r
1y
0c
0i
#14795488
0t
0s
0r
1y
0c
0i
#14795881
1t
0s
0r
1y
0c
0i
#14796495
0t
0s
0r
1y
0c
0i
#14796885
1t
0s
0r
1y
0c
0i
#14797496
0t
0s
0r
1y
0c
0i
#14797887
1t
0s
0r
1y
0c
0i
#14798499
0t
0s
0r
1y
0c
0i
#14798888
1t
0s
0r
1y
0c
0i
#14799501
0t
0s
0r
1y
0c
0i
#14799888
1t
0s
0r
1y
0c
0i
#14800496
0t
0s
0r
1y
0c
0i
#14800884
1t
0s
0r
1y
0c
0i
#14801492
0t
0s
0r
1y
0c
0i
#14801879
1t
0s
0r
1y
0c
0i
#14802489
0t
0s
0r
1y
0c
0i
#14802875
1t
0s
0r
1y
0c
0i
#14803481
0t
0s
0r
1y
0c
0i
#14803869
1t
0s
0r
1y
0c
0i
#14804475
0t
0s
0r
1y
0c
0i
#14804863
1t
0s
0r
1y
0c
0i
#14805471
0t
0s
0r
1y
0c
0i
#14805858
1t
0s
0r
1y
0c
0i
#14806462
0t
0s
0r
1y
0c
0i
#14806851
1t
0s
0r
1y
0c
0i
#14807456
0t
0s
0r
1y
0c
0i
#14807845
1t
0s
0r
1y
0c
0i
#14808453
0t
0s
0r
1y
0c
0i
#14808840
1t
0s
0r
1y
0c
0i
#14809443
0t
0s
0r
1y
0c
0i
#14809833
1t
0s
0r
1y
0c
0i
#14810438
0t
0s
0r
1y
0c
0i
#14810827
1t
0s
0r
1y
0c
0i
#14811434
0t
0s
0r
1y
0c
0i
#14811822
1t
0s
0r
1y
0c
0i
#14812427
0t
0s
0r
1y
0c
0i
#14812816
1t
0s
0r
1y
0c
0i
#14813422
0t
0s
0r
1y
0c
0i
#14813811
1t
0s
0r
1y
0c
0i
#14814419
0t
0s
0r
1y
0c
0i
#14814810
1t
0s
0r
1y
0c
0i
#14815414
0t
0s
0r
1y
0c
1i
#14815807
1t
0s
0r
1y
0c
1i
#14816415
0t
0s
0r
1y
0c
1i
#14816807
1t
0s
0r
1y
1c
1i
#14817420
0t
0s
0r
1y
1c
1i
#14817811
1t
0s
0r
1y
1c
1i
#14818422
0t
0s
0r
1y
1c
1i
#14818815
1t
0s
0r
1y
1c
1i
#14819429
0t
0s
0r
1y
1c
1i
#14819822
1t
0s
0r
1y
1c
0i
#14820440
0t
0s
0r
1y
1c
0i
#14820832
1t
0s
0r
1y
1c
0i
#14821445
0t
0s
0r
1y
1c
0i
#14821839
1t
0s
0r
1y
1c
0i
#14822454
0t
0s
0r
1y
1c
0i
#14822847
1t
0s
0r
1y
1c
0i
#14823464
0t
0s
0r
1y
1c
0i
#14823856
1t
0s
0r
1y
1c
0i
#14824468
0t
0s
0r
1y
1c
0i
#14824863
1t
0s
0r
1y
1c
0i
#14825475
0t
0s
0r
1y
1c
0i
#14825869
1t
0s
0r
1y
1c
0i
#14826483
0t
0s
0r
1y
1c
0i
#14826876
1t
0s
0r
1y
1c
0i
#14827486
0t
0s
0r
1y
1c
0i
#14827880
1t
0s
0r
1y
1c
0i
#14828489
0t
0s
0r
1y
1c
0i
#14828882
1t
0s
0r
1y
1c
0i
#14829492
0t
0s
0r
1y
1c
0i
#14829884
1t
0s
0r
1y
1c
0i
#14830489
0t
0s
0r
1y
1c
0i
#14830882
1t
0s
0r
1y
1c
0i
#14831487
0t
0s
0r
1y
1c
0i
#14831878
1t
0s
0r
1y
1c
0i
#14832485
0t
0s
0r
1y
1c
0i
#14832874
1t
0s
0r
1y
1c
0i
#14834450
0t
0s
0r
1y
1c
0i
#14835566
1t
0s
0r
1y
1c
0i
#14836469
0t
0s
0r
1y
1c
0i
#14836846
1t
0s
0r
1y
1c
0i
#14837453
0t
0s
0r
1y
1c
0i
#14837841
1t
0s
0r
1y
1c
0i
#14838446
0t
0s
0r
1y
1c
0i
#14838833
1t
0s
0r
1y
1c
0i
#14839438
0t
0s
0r
1y
1c
0i
#14839827
1t
0s
0r
1y
1c
0i
#14840432
0t
0s
0r
1y
1c
0i
#14840820
1t
0s
0r
1y
1c
0i
#14841427
0t
0s
0r
1y
1c
0i
#14841814
1t
0s
0r
1y
1c
0i
#14842418
0t
0s
0r
1y
1c
0i
#14842806
1t
0s
0r
1y
1c
0i
#14843412
0t
0s
0r
1y
1c
0i
#14843800
1t
0s
0r
1y
1c
0i
#14844408
0t
0s
0r
1y
1c
0i
#14844798
1t
0s
0r
1y
1c
0i
#14845402
0t
0s
0r
1y
1c
1i
#14845793
1t
0s
0r
1y
0c
1i
#14846401
0t
0s
0r
1y
0c
1i
#14846792
1t
0s
0r
1y
0c
1i
#14847404
0t
0s
0r
1y
0c
1i
#14847794
1t
0s
0r
1y
0c
1i
#14848404
0t
0s
0r
1y
0c
1i
#14848796
1t
0s
0r
1y
0c
1i
#14849409
0t
0s
0r
1y
0c
1i
#14849802
1t
0s
0r
1y
0c
0i
#14849986
1t
0s
1r
1y
0c
0i
#14849989
1t
0s
0r
1y
0c
0i
#14850418
0t
0s
0r
1y
0c
0i
#14850810
1t
0s
0r
1y
0c
0i
#14851422
0t
0s
0r
1y
0c
0i
#14851815
1t
0s
0r
1y
0c
0i
#14852429
0t
0s
0r
1y
0c
0i
#14852820
1t
0s
0r
1y
0c
0i
#14853436
0t
0s
0r
1y
0c
0i
#14853827
1t
0s
0r
1y
0c
0i
#14854437
0t
0s
0r
1y
0c
0i
#14854830
1t
0s
0r
1y
0c
0i
#14855440
0t
0s
0r
1y
0c
0i
#14855831
1t
0s
0r
1y
0c
0i
#14856444
0t
0s
0r
1y
0c
0i
#14856832
1t
0s
0r
1y
0c
0i
#14857440
0t
0s
0r
1y
0c
0i
#14857828
1t
0s
0r
1y
0c
0i
#14858436
0t
0s
0r
1y
0c
0i
#14858822
1t
0s
0r
1y
0c
0i
#14859431
0t
0s
0r
1y
0c
0i
#14859815
1t
0s
0r
1y
0c
0i
#14860419
0t
0s
0r
1y
0c
0i
#14860805
1t
0s
0r
1y
0c
0i
#14861409
0t
0s
0r
1y
0c
0i
#14861794
1t
0s
0r
1y
0c
0i
#14862401
0t
0s
0r
1y
0c
0i
#14862784
1t
0s
0r
1y
0c
0i
#14863387
0t
0s
0r
1y
0c
0i
#14863773
1t
0s
0r
1y
0c
0i
#14864376
0t
0s
0r
1y
0c
0i
#14864763
1t
0s
0r
1y
0c
0i
#14865368
0t
0s
0r
1y
0c
0i
#14865753
1t
0s
0r
1y
0c
0i
#14866354
0t
0s
0r
1y
0c
0i
#14866741
1t
0s
0r
1y
0c
0i
#14867344
0t
0s
0r
1y
0c
0i
#14867731
1t
0s
0r
1y
0c
0i
#14868336
0t
0s
0r
1y
0c
0i
#14868722
1t
0s
0r
1y
0c
0i
#14869323
0t
0s
0r
1y
0c
0i
#14869711
1t
0s
0r
1y
0c
0i
#14870313
0t
0s
0r
1y
0c
0i
#14870701
1t
0s
0r
1y
0c
0i
#14871306
0t
0s
0r
1y
0c
0i
#14871692
1t
0s
0r
1y
0c
0i
#14872294
0t
0s
0r
1y
0c
0i
#14872682
1t
0s
0r
1y
0c
0i
#14873284
0t
0s
0r
1y
0c
0i
#14873673
1t
0s
0r
1y
0c
0i
#14874278
0t
0s
0r
1y
0c
0i
#14874667
1t
0s
0r
1y
0c
0i
#14875269
0t
0s
0r
1y
0c
1i
#14875660
1t
0s
0r
1y
0c
1i
#14876265
0t
0s
0r
1y
0c
1i
#14876655
1t
0s
0r
1y
1c
1i
#14877265
0t
0s
0r
1y
1c
1i
#14877655
1t
0s
0r
1y
1c
1i
#14878263
0t
0s
0r
1y
1c
1i
#14878655
1t
0s
0r
1y
1c
1i
#14879266
0t
0s
0r
1y
1c
1i
#14879658
1t
0s
0r
1y
1c
0i
#14880273
0t
0s
0r
1y
1c
0i
#14880663
1t
0s
0r
1y
1c
0i
#14881274
0t
0s
0r
1y
1c
0i
#14881667
1t
0s
0r
1y
1c
0i
#14882279
0t
0s
0r
1y
1c
0i
#14882671
1t
0s
0r
1y
1c
0i
#14883285
0t
0s
0r
1y
1c
0i
#14883677
1t
0s
0r
1y
1c
0i
#14884286
0t
0s
0r
1y
1c
0i
#14884680
1t
0s
0r
1y
1c
0i
#14885289
0t
0s
0r
1y
1c
0i
#14885683
1t
0s
0r
1y
1c
0i
#14886294
0t
0s
0r
1y
1c
0i
#14886685
1t
0s
0r
1y
1c
0i
#14887292
0t
0s
0r
1y
1c
0i
#14887684
1t
0s
0r
1y
1c
0i
#14888290
0t
0s
0r
1y
1c
0i
#14888681
1t
0s
0r
1y
1c
0i
#14889287
0t
0s
0r
1y
1c
0i
#14889677
1t
0s
0r
1y
1c
0i
#14890278
0t
0s
0r
1y
1c
0i
#14890668
1t
0s
0r
1y
1c
0i
#14891269
0t
0s
0r
1y
1c
0i
#14891658
1t
0s
0r
1y
1c
0i
#14892261
0t
0s
0r
1y
1c
0i
#14892649
1t
0s
0r
1y
1c
0i
#14894213
0t
0s
0r
1y
1c
0i
#14895325
1t
0s
0r
1y
1c
0i
#14896221
0t
0s
0r
1y
1c
0i
#14896597
1t
0s
0r
1y
1c
0i
#14897201
0t
0s
0r
1y
1c
0i
#14897586
1t
0s
0r
1y
1c
0i
#14898187
0t
0s
0r
1y
1c
0i
#14898573
1t
0s
0r
1y
1c
0i
#14899174
0t
0s
0r
1y
1c
0i
#14899561
1t
0s
0r
1y
1c
0i
#14900162
0t
0s
0r
1y
1c
0i
#14900548
1t
0s
0r
1y
1c
0i
#14901152
0t
0s
0r
1y
1c
0i
#14901537
1t
0s
0r
1y
1c
0i
#14902137
0t
0s
0r
1y
1c
0i
#14902523
1t
0s
0r
1y
1c
0i
#14903125
0t
0s
0r
1y
1c
0i
#14903511
1t
0s
0r
1y
1c
0i
#14904115
0t
0s
0r
1y
1c
0i
#14904503
1t
0s
0r
1y
1c
0i
#14905103
0t
0s
0r
1y
1c
1i
#14905492
1t
0s
0r
1y
1c
1i
#14906096
0t
0s
0r
1y
0c
1i
#14906484
1t
0s
0r
1y
0c
1i
#14907092
0t
0s
0r
1y
0c
1i
#14907480
1t
0s
0r
1y
0c
1i
#14908086
0t
0s
0r
1y
0c
1i
#14908476
1t
0s
0r
1y
0c
1i
#14909084
0t
0s
0r
1y
0c
1i
#14909475
1t
0s
0r
1y
0c
0i
#14910086
0t
0s
0r
1y
0c
0i
#14910475
1t
0s
0r
1y
0c
0i
#14911083
0t
0s
0r
1y
0c
0i
#14911474
1t
0s
0r
1y
0c
0i
#14912083
0t
0s
0r
1y
0c
0i
#14912472
1t
0s
0r
1y
0c
0i
#14913084
0t
0s
0r
1y
0c
0i
#14913471
1t
0s
0r
1y
0c
0i
#14914077
0t
0s
0r
1y
0c
0i
#14914468
1t
0s
0r
1y
0c
0i
#14915072
0t
0s
0r
1y
0c
0i
#14915461
1t
0s
0r
1y
0c
0i
#14916067
0t
0s
0r
1y
0c
0i
#14916452
1t
0s
0r
1y
0c
0i
#14917053
0t
0s
0r
1y
0c
0i
#14917439
1t
0s
0r
1y
0c
0i
#14918039
0t
0s
0r
1y
0c
0i
#14918423
1t
0s
0r
1y
0c
0i
#14919025
0t
0s
0r
1y
0c
0i
#14919405
1t
0s
0r
1y
0c
0i
#14920001
0t
0s
0r
1y
0c
0i
#14920384
1t
0s
0r
1y
0c
0i
#14920981
0t
0s
0r
1y
0c
0i
#14921362
1t
0s
0r
1y
0c
0i
#14921962
0t
0s
0r
1y
0c
0i
#14922342
1t
0s
0r
1y
0c
0i
#14922938
0t
0s
0r
1y
0c
0i
#14923320
1t
0s
0r
1y
0c
0i
#14923915
0t
0s
0r
1y
0c
0i
#14924299
1t
0s
0r
1y
0c
0i
#14924897
0t
0s
0r
1y
0c
0i
#14925279
1t
0s
0r
1y
0c
0i
#14925873
0t
0s
0r
1y
0c
0i
#14926257
1t
0s
0r
1y
0c
0i
#14926852
0t
0s
0r
1y
0c
0i
#14927235
1t
0s
0r
1y
0c
0i
#14927833
0t
0s
0r
1y
0c
0i
#14928215
1t
0s
0r
1y
0c
0i
#14928809
0t
0s
0r
1y
0c
0i
#14929193
1t
0s
0r
1y
0c
0i
#14929788
0t
0s
0r
1y
0c
0i
#14930172
1t
0s
0r
1y
0c
0i
#14930769
0t
0s
0r
1y
0c
0i
#14931152
1t
0s
0r
1y
0c
0i
#14931745
0t
0s
0r
1y
0c
0i
#14932129
1t
0s
0r
1y
0c
0i
#14932725
0t
0s
0r
1y
0c
0i
#14933109
1t
0s
0r
1y
0c
0i
#14933706
0t
0s
0r
1y
0c
0i
#14934092
1t
0s
0r
1y
0c
0i
#14934686
0t
0s
0r
1y
0c
1i
#14935072
1t
0s
0r
1y
0c
1i
#14935669
0t
0s
0r
1y
0c
1i
#14936056
1t
0s
0r
1y
1c
1i
#14936658
0t
0s
0r
1y
1c
1i
#14937044
1t
0s
0r
1y
1c
1i
#14937645
0t
0s
0r
1y
1c
1i
#14938032
1t
0s
0r
1y
1c
1i
#14938636
0t
0s
0r
1y
1c
1i
#14939024
1t
0s
0r
1y
1c
0i
#14939631
0t
0s
0r
1y
1c
0i
#14940018
1t
0s
0r
1y
1c
0i
#14940622
0t
0s
0r
1y
1c
0i
#14941011
1t
0s
0r
1y
1c
0i
#14941616
0t
0s
0r
1y
1c
0i
#14942004
1t
0s
0r
1y
1c
0i
#14942611
0t
0s
0r
1y
1c
0i
#14942999
1t
0s
0r
1y
1c
0i
#14943602
0t
0s
0r
1y
1c
0i
#14943992
1t
0s
0r
1y
1c
0i
#14944595
0t
0s
0r
1y
1c
0i
#14944985
1t
0s
0r
1y
1c
0i
#14945590
0t
0s
0r
1y
1c
0i
#14945979
1t
0s
0r
1y
1c
0i
#14946581
0t
0s
0r
1y
1c
0i
#14946971
1t
0s
0r
1y
1c
0i
#14947574
0t
0s
0r
1y
1c
0i
#14947963
1t
0s
0r
1y
1c
0i
#14948568
0t
0s
0r
1y
1c
0i
#14948957
1t
0s
0r
1y
1c
0i
#14949557
0t
0s
0r
1y
1c
0i
#14949948
1t
0s
0r
1y
1c
0i
#14950549
0t
0s
0r
1y
1c
0i
#14950937
1t
0s
0r
1y
1c
0i
#14951539
0t
0s
0r
1y
1c
0i
#14951927
1t
0s
0r
1y
1c
0i
#14953490
0t
0s
0r
1y
1c
0i
#14954598
1t
0s
0r
1y
1c
0i
#14955492
0t
0s
0r
1y
1c
0i
#14955866
1t
0s
0r
1y
1c
0i
#14956467
0t
0s
0r
1y
1c
0i
#14956850
1t
0s
0r
1y
1c
0i
#14957449
0t
0s
0r
1y
1c
0i
#14957834
1t
0s
0r
1y
1c
0i
#14958432
0t
0s
0r
1y
1c
0i
#14958818
1t
0s
0r
1y
1c
0i
#14959417
0t
0s
0r
1y
1c
0i
#14959801
1t
0s
0r
1y
1c
0i
#14960402
0t
0s
0r
1y
1c
0i
#14960786
1t
0s
0r
1y
1c
0i
#14961384
0t
0s
0r
1y
1c
0i
#14961770
1t
0s
0r
1y
1c
0i
#14962370
0t
0s
0r
1y
1c
0i
#14962755
1t
0s
0r
1y
1c
0i
#14963357
0t
0s
0r
1y
1c
0i
#14963744
1t
0s
0r
1y
1c
0i
#14964343
0t
0s
0r
1y
1c
1i
#14964731
1t
0s
0r
1y
1c
1i
#14965333
0t
0s
0r
1y
0c
1i
#14965721
1t
0s
0r
1y
0c
1i
#14966328
0t
0s
0r
1y
0c
1i
#14966714
1t
0s
0r
1y
0c
1i
#14967319
0t
0s
0r
1y
0c
1i
#14967708
1t
0s
0r
1y
0c
1i
#14968316
0t
0s
0r
1y
0c
1i
#14968705
1t
0s
0r
1y
0c
0i
#14968891
1t
0s
1r
1y
0c
0i
#14968893
1t
0s
0r
1y
0c
0i
#14969315
0t
0s
0r
1y
0c
0i
#14969704
1t
0s
0r
1y
0c
0i
#14970311
0t
0s
0r
1y
0c
0i
#14970700
1t
0s
0r
1y
0c
0i
#14971308
0t
0s
0r
1y
0c
0i
#14971696
1t
0s
0r
1y
0c
0i
#14972306
0t
0s
0r
1y
0c
0i
#14972693
1t
0s
0r
1y
0c
0i
#14973297
0t
0s
0r
1y
0c
0i
#14973687
1t
0s
0r
1y
0c
0i
#14974291
0t
0s
0r
1y
0c
0i
#14974679
1t
0s
0r
1y
0c
0i
#14975285
0t
0s
0r
1y
0c
0i
#14975670
1t
0s
0r
1y
0c
0i
#14976272
0t
0s
0r
1y
0c
0i
#14976657
1t
0s
0r
1y
0c
0i
#14977258
0t
0s
0r
1y
0c
0i
#14977642
1t
0s
0r
1y
0c
0i
#14978245
0t
0s
0r
1y
0c
0i
#14978626
1t
0s
0r
1y
0c
0i
#14979224
0t
0s
0r
1y
0c
0i
#14979606
1t
0s
0r
1y
0c
0i
#14980204
0t
0s
0r
1y
0c
0i
#14980586
1t
0s
0r
1y
0c
0i
#14981186
0t
0s
0r
1y
0c
0i
#14981567
1t
0s
0r
1y
0c
0i
#14982163
0t
0s
0r
1y
0c
0i
#14982546
1t
0s
0r
1y
0c
0i
#14983142
0t
0s
0r
1y
0c
0i
#14983527
1t
0s
0r
1y
0c
0i
#14984125
0t
0s
0r
1y
0c
0i
#14984508
1t
0s
0r
1y
0c
0i
#14985103
0t
0s
0r
1y
0c
0i
#14985487
1t
0s
0r
1y
0c
0i
#14986085
0t
0s
0r
1y
0c
0i
#14986468
1t
0s
0r
1y
0c
0i
#14987068
0t
0s
0r
1y
0c
0i
#14987450
1t
0s
0r
1y
0c
0i
#14988046
0t
0s
0r
1y
0c
0i
#14988431
1t
0s
0r
1y
0c
0i
#14989028
0t
0s
0r
1y
0c
0i
#14989412
1t
0s
0r
1y
0c
0i
#14990012
0t
0s
0r
1y
0c
0i
#14990395
1t
0s
0r
1y
0c
0i
#14990991
0t
0s
0r
1y
0c
0i
#14991376
1t
0s
0r
1y
0c
0i
#14991973
0t
0s
0r
1y
0c
0i
#14992359
1t
0s
0r
1y
0c
0i
#14992958
0t
0s
0r
1y
0c
0i
#14993344
1t
0s
0r
1y
0c
0i
#14993940
0t
0s
0r
1y
0c
1i
#14994328
1t
0s
0r
1y
0c
1i
#14994927
0t
0s
0r
1y
0c
1i
#14995315
1t
0s
0r
1y
1c
1i
#14995919
0t
0s
0r
1y
1c
1i
#14996306
1t
0s
0r
1y
1c
1i
#14996908
0t
0s
0r
1y
1c
1i
#14997297
1t
0s
0r
1y
1c
1i
#14997902
0t
0s
0r
1y
1c
1i
#14998291
1t
0s
0r
1y
1c
0i
#14998899
0t
0s
0r
1y
1c
0i
#14999287
1t
0s
0r
1y
1c
0i
#14999892
0t
0s
0r
1y
1c
0i
#15000281
1t
0s
0r
1y
1c
0i
#15000887
0t
0s
0r
1y
1c
0i
#15001276
1t
0s
0r
1y
1c
0i
#15001884
0t
0s
0r
1y
1c
0i
#15002273
1t
0s
0r
1y
1c
0i
#15002876
0t
0s
0r
1y
1c
0i
#15003267
1t
0s
0r
1y
1c
0i
#15003871
0t
0s
0r
1y
1c
0i
#15004261
1t
0s
0r
1y
1c
0i
#15004867
0t
0s
0r
1y
1c
0i
#15005257
1t
0s
0r
1y
1c
0i
#15005859
0t
0s
0r
1y
1c
0i
#15006249
1t
0s
0r
1y
1c
0i
#15006852
0t
0s
0r
1y
1c
0i
#15007241
1t
0s
0r
1y
1c
0i
#15007845
0t
0s
0r
1y
1c
0i
#15008235
1t
0s
0r
1y
1c
0i
#15008834
0t
0s
0r
1y
1c
0i
#15009224
1t
0s
0r
1y
1c
0i
#15009823
0t
0s
0r
1y
1c
0i
#15010212
1t
0s
0r
1y
1c
0i
#15010814
0t
0s
0r
1y
1c
0i
#15011200
1t
0s
0r
1y
1c
0i
#15012760
0t
0s
0r
1y
1c
0i
#15013868
1t
0s
0r
1y
1c
0i
#15014761
0t
0s
0r
1y
1c
0i
#15015135
1t
0s
0r
1y
1c
0i
#15015735
0t
0s
0r
1y
1c
0i
#15016119
1t
0s
0r
1y
1c
0i
#15016718
0t
0s
0r
1y
1c
0i
#15017102
1t
0s
0r
1y
1c
0i
#15017700
0t
0s
0r
1y
1c
0i
#15018086
1t
0s
0r
1y
1c
0i
#15018684
0t
0s
0r
1y
1c
0i
#15019069
1t
0s
0r
1y
1c
0i
#15019669
0t
0s
0r
1y
1c
0i
#15020053
1t
0s
0r
1y
1c
0i
#15020650
0t
0s
0r
1y
1c
0i
#15021036
1t
0s
0r
1y
1c
0i
#15021635
0t
0s
0r
1y
1c
0i
#15022020
1t
0s
0r
1y
1c
0i
#15022621
0t
0s
0r
1y
1c
0i
#15023008
1t
0s
0r
1y
1c
0i
#15023606
0t
0s
0r
1y
1c
1i
#15023994
1t
0s
0r
1y
1c
1i
#15024595
0t
0s
0r
1y
0c
1i
#15024982
1t
0s
0r
1y
0c
1i
#15025588
0t
0s
0r
1y
0c
1i
#15025974
1t
0s
0r
1y
0c
1i
#15026578
0t
0s
0r
1y
0c
1i
#15026966
1t
0s
0r
1y
0c
1i
#15027572
0t
0s
0r
1y
0c
1i
#15027961
1t
0s
0r
1y
0c
0i
#15028570
0t
0s
0r
1y
0c
0i
#15028958
1t
0s
0r
1y
0c
0i
#15029563
0t
0s
0r
1y
0c
0i
#15029952
1t
0s
0r
1y
0c
0i
#15030558
0t
0s
0r
1y
0c
0i
#15030946
1t
0s
0r
1y
0c
0i
#15031555
0t
0s
0r
1y
0c
0i
#15031942
1t
0s
0r
1y
0c
0i
#15032545
0t
0s
0r
1y
0c
0i
#15032935
1t
0s
0r
1y
0c
0i
#15033538
0t
0s
0r
1y
0c
0i
#15033926
1t
0s
0r
1y
0c
0i
#15034533
0t
0s
0r
1y
0c
0i
#15034918
1t
0s
0r
1y
0c
0i
#15035520
0t
0s
0r
1y
0c
0i
#15035907
1t
0s
0r
1y
0c
0i
#15036510
0t
0s
0r
1y
0c
0i
#15036895
1t
0s
0r
1y
0c
0i
#15037500
0t
0s
0r
1y
0c
0i
#15037882
1t
0s
0r
1y
0c
0i
#15038482
0t
0s
0r
1y
0c
0i
#15038866
1t
0s
0r
1y
0c
0i
#15039466
0t
0s
0r
1y
0c
0i
#15039849
1t
0s
0r
1y
0c
0i
#15040452
0t
0s
0r
1y
0c
0i
#15040833
1t
0s
0r
1y
0c
0i
#15041432
0t
0s
0r
1y
0c
0i
#15041815
1t
0s
0r
1y
0c
0i
#15042414
0t
0s
0r
1y
0c
0i
#15042798
1t
0s
0r
1y
0c
0i
#15043398
0t
0s
0r
1y
0c
0i
#15043782
1t
0s
0r
1y
0c
0i
#15044378
0t
0s
0r
1y
0c
0i
#15044763
1t
0s
0r
1y
0c
0i
#15045361
0t
0s
0r
1y
0c
0i
#15045745
1t
0s
0r
1y
0c
0i
#15046345
0t
0s
0r
1y
0c
0i
#15046729
1t
0s
0r
1y
0c
0i
#15047325
0t
0s
0r
1y
0c
0i
#15047710
1t
0s
0r
1y
0c
0i
#15048307
0t
0s
0r
1y
0c
0i
#15048692
1t
0s
0r
1y
0c
0i
#15049292
0t
0s
0r
1y
0c
0i
#15049676
1t
0s
0r
1y
0c
0i
#15050272
0t
0s
0r
1y
0c
0i
#15050658
1t
0s
0r
1y
0c
0i
#15051255
0t
0s
0r
1y
0c
0i
#15051641
1t
0s
0r
1y
0c
0i
#15052240
0t
0s
0r
1y
0c
0i
#15052627
1t
0s
0r
1y
0c
0i
#15053223
0t
0s
0r
1y
0c
1i
#15053611
1t
0s
0r
1y
0c
1i
#15054211
0t
0s
0r
1y
0c
1i
#15054598
1t
0s
0r
1y
0c
1i
#15055203
0t
0s
0r
1y
1c
1i
#15055589
1t
0s
0r
1y
1c
1i
#15056191
0t
0s
0r
1y
1c
1i
#15056581
1t
0s
0r
1y
1c
1i
#15057186
0t
0s
0r
1y
1c
1i
#15057575
1t
0s
0r
1y
1c
0i
#15058184
0t
0s
0r
1y
1c
0i
#15058571
1t
0s
0r
1y
1c
0i
#15059176
0t
0s
0r
1y
1c
0i
#15059566
1t
0s
0r
1y
1c
0i
#15060172
0t
0s
0r
1y
1c
0i
#15060561
1t
0s
0r
1y
1c
0i
#15061169
0t
0s
0r
1y
1c
0i
#15061557
1t
0s
0r
1y
1c
0i
#15062160
0t
0s
0r
1y
1c
0i
#15062552
1t
0s
0r
1y
1c
0i
#15063156
0t
0s
0r
1y
1c
0i
#15063546
1t
0s
0r
1y
1c
0i
#15064153
0t
0s
0r
1y
1c
0i
#15064542
1t
0s
0r
1y
1c
0i
#15065146
0t
0s
0r
1y
1c
0i
#15065536
1t
0s
0r
1y
1c
0i
#15066140
0t
0s
0r
1y
1c
0i
#15066530
1t
0s
0r
1y
1c
0i
#15067136
0t
0s
0r
1y
1c
0i
#15067526
1t
0s
0r
1y
1c
0i
#15068127
0t
0s
0r
1y
1c
0i
#15068518
1t
0s
0r
1y
1c
0i
#15069119
0t
0s
0r
1y
1c
0i
#15069508
1t
0s
0r
1y
1c
0i
#15070112
0t
0s
0r
1y
1c
0i
#15070499
1t
0s
0r
1y
1c
0i
#15072064
0t
0s
0r
1y
1c
0i
#15073175
1t
0s
0r
1y
1c
0i
#15074070
0t
0s
0r
1y
1c
0i
#15074445
1t
0s
0r
1y
1c
0i
#15075047
0t
0s
0r
1y
1c
0i
#15075432
1t
0s
0r
1y
1c
0i
#15076032
0t
0s
0r
1y
1c
0i
#15076417
1t
0s
0r
1y
1c
0i
#15077017
0t
0s
0r
1y
1c
0i
#15077403
1t
0s
0r
1y
1c
0i
#15078003
0t
0s
0r
1y
1c
0i
#15078388
1t
0s
0r
1y
1c
0i
#15078991
0t
0s
0r
1y
1c
0i
#15079375
1t
0s
0r
1y
1c
0i
#15079974
0t
0s
0r
1y
1c
0i
#15080360
1t
0s
0r
1y
1c
0i
#15080961
0t
0s
0r
1y
1c
0i
#15081347
1t
0s
0r
1y
1c
0i
#15081950
0t
0s
0r
1y
1c
0i
#15082337
1t
0s
0r
1y
1c
0i
#15082937
0t
0s
0r
1y
1c
1i
#15083326
1t
0s
0r
1y
1c
1i
#15083929
0t
0s
0r
1y
1c
1i
#15084317
1t
0s
0r
1y
1c
1i
#15084925
0t
0s
0r
1y
0c
1i
#15085311
1t
0s
0r
1y
0c
1i
#15085917
0t
0s
0r
1y
0c
1i
#15086306
1t
0s
0r
1y
0c
1i
#15086914
0t
0s
0r
1y
0c
1i
#15087304
1t
0s
0r
1y
0c
0i
#15087485
1t
0s
1r
1y
0c
0i
#15087487
1t
0s
0r
1y
0c
0i
#15087915
0t
0s
0r
1y
0c
0i
#15088304
1t
0s
0r
1y
0c
0i
#15088911
0t
0s
0r
1y
0c
0i
#15089301
1t
0s
0r
1y
0c
0i
#15089910
0t
0s
0r
1y
0c
0i
#15090299
1t
0s
0r
1y
0c
0i
#15090910
0t
0s
0r
1y
0c
0i
#15091298
1t
0s
0r
1y
0c
0i
#15091904
0t
0s
0r
1y
0c
0i
#15092295
1t
0s
0r
1y
0c
0i
#15092903
0t
0s
0r
1y
0c
0i
#15093293
1t
0s
0r
1y
0c
0i
#15093904
0t
0s
0r
1y
0c
0i
#15094292
1t
0s
0r
1y
0c
0i
#15094901
0t
0s
0r
1y
0c
0i
#15095290
1t
0s
0r
1y
0c
0i
#15095900
0t
0s
0r
1y
0c
0i
#15096288
1t
0s
0r
1y
0c
0i
#15096901
0t
0s
0r
1y
0c
0i
#15097288
1t
0s
0r
1y
0c
0i
#15097897
0t
0s
0r
1y
0c
0i
#15098286
1t
0s
0r
1y
0c
0i
#15098896
0t
0s
0r
1y
0c
0i
#15099283
1t
0s
0r
1y
0c
0i
#15099895
0t
0s
0r
1y
0c
0i
#15100281
1t
0s
0r
1y
0c
0i
#15100889
0t
0s
0r
1y
0c
0i
#15101277
1t
0s
0r
1y
0c
0i
#15101884
0t
0s
0r
1y
0c
0i
#15102273
1t
0s
0r
1y
0c
0i
#15102882
0t
0s
0r
1y
0c
0i
#15103269
1t
0s
0r
1y
0c
0i
#15103874
0t
0s
0r
1y
0c
0i
#15104263
1t
0s
0r
1y
0c
0i
#15104869
0t
0s
0r
1y
0c
0i
#15105256
1t
0s
0r
1y
0c
0i
#15105865
0t
0s
0r
1y
0c
0i
#15106252
1t
0s
0r
1y
0c
0i
#15106855
0t
0s
0r
1y
0c
0i
#15107245
1t
0s
0r
1y
0c
0i
#15107850
0t
0s
0r
1y
0c
0i
#15108239
1t
0s
0r
1y
0c
0i
#15108847
0t
0s
0r
1y
0c
0i
#15109234
1t
0s
0r
1y
0c
0i
#15109838
0t
0s
0r
1y
0c
0i
#15110227
1t
0s
0r
1y
0c
0i
#15110833
0t
0s
0r
1y
0c
0i
#15111223
1t
0s
0r
1y
0c
0i
#15111831
0t
0s
0r
1y
0c
0i
#15112222
1t
0s
0r
1y
0c
0i
#15112826
0t
0s
0r
1y
0c
1i
#15113219
1t
0s
0r
1y
0c
1i
#15113827
0t
0s
0r
1y
0c
1i
#15114219
1t
0s
0r
1y
0c
1i
#15114833
0t
0s
0r
1y
1c
1i
#15115224
1t
0s
0r
1y
1c
1i
#15115835
0t
0s
0r
1y
1c
1i
#15116229
1t
0s
0r
1y
1c
1i
#15116843
0t
0s
0r
1y
1c
1i
#15117237
1t
0s
0r
1y
1c
0i
#15117855
0t
0s
0r
1y
1c
0i
#15118248
1t
0s
0r
1y
1c
0i
#15118861
0t
0s
0r
1y
1c
0i
#15119256
1t
0s
0r
1y
1c
0i
#15119871
0t
0s
0r
1y
1c
0i
#15120264
1t
0s
0r
1y
1c
0i
#15120881
0t
0s
0r
1y
1c
0i
#15121274
1t
0s
0r
1y
1c
0i
#15121885
0t
0s
0r
1y
1c
0i
#15122281
1t
0s
0r
1y
1c
0i
#15122893
0t
0s
0r
1y
1c
0i
#15123287
1t
0s
0r
1y
1c
0i
#15123901
0t
0s
0r
1y
1c
0i
#15124294
1t
0s
0r
1y
1c
0i
#15124903
0t
0s
0r
1y
1c
0i
#15125296
1t
0s
0r
1y
1c
0i
#15125905
0t
0s
0r
1y
1c
0i
#15126297
1t
0s
0r
1y
1c
0i
#15126906
0t
0s
0r
1y
1c
0i
#15127298
1t
0s
0r
1y
1c
0i
#15127902
0t
0s
0r
1y
1c
0i
#15128294
1t
0s
0r
1y
1c
0i
#15128898
0t
0s
0r
1y
1c
0i
#15129289
1t
0s
0r
1y
1c
0i
#15129894
0t
0s
0r
1y
1c
0i
#15130283
1t
0s
0r
1y
1c
0i
#15131856
0t
0s
0r
1y
1c
0i
#15132972
1t
0s
0r
1y
1c
0i
#15133872
0t
0s
0r
1y
1c
0i
#15134249
1t
0s
0r
1y
1c
0i
#15134855
0t
0s
0r
1y
1c
0i
#15135242
1t
0s
0r
1y
1c
0i
#15135845
0t
0s
0r
1y
1c
0i
#15136233
1t
0s
0r
1y
1c
0i
#15136836
0t
0s
0r
1y
1c
0i
#15137225
1t
0s
0r
1y
1c
0i
#15137829
0t
0s
0r
1y
1c
0i
#15138216
1t
0s
0r
1y
1c
0i
#15138822
0t
0s
0r
1y
1c
0i
#15139208
1t
0s
0r
1y
1c
0i
#15139811
0t
0s
0r
1y
1c
0i
#15140199
1t
0s
0r
1y
1c
0i
#15140803
0t
0s
0r
1y
1c
0i
#15141190
1t
0s
0r
1y
1c
0i
#15141796
0t
0s
0r
1y
1c
0i
#15142185
1t
0s
0r
1y
1c
0i
#15142789
0t
0s
0r
1y
1c
1i
#15143179
1t
0s
0r
1y
1c
1i
#15143785
0t
0s
0r
1y
1c
1i
#15144175
1t
0s
0r
1y
1c
1i
#15144785
0t
0s
0r
1y
0c
1i
#15145174
1t
0s
0r
1y
0c
1i
#15145783
0t
0s
0r
1y
0c
1i
#15146174
1t
0s
0r
1y
0c
1i
#15146785
0t
0s
0r
1y
0c
1i
#15147177
1t
0s
0r
1y
0c
0i
#15147791
0t
0s
0r
1y
0c
0i
#15148183
1t
0s
0r
1y
0c
0i
#15148794
0t
0s
0r
1y
0c
0i
#15149186
1t
0s
0r
1y
0c
0i
#15149799
0t
0s
0r
1y
0c
0i
#15150190
1t
0s
0r
1y
0c
0i
#15150805
0t
0s
0r
1y
0c
0i
#15151195
1t
0s
0r
1y
0c
0i
#15151805
0t
0s
0r
1y
0c
0i
#15152199
1t
0s
0r
1y
0c
0i
#15152811
0t
0s
0r
1y
0c
0i
#15153203
1t
0s
0r
1y
0c
0i
#15153819
0t
0s
0r
1y
0c
0i
#15154210
1t
0s
0r
1y
0c
0i
#15154824
0t
0s
0r
1y
0c
0i
#15155216
1t
0s
0r
1y
0c
0i
#15155832
0t
0s
0r
1y
0c
0i
#15156225
1t
0s
0r
1y
0c
0i
#15156845
0t
0s
0r
1y
0c
0i
#15157235
1t
0s
0r
1y
0c
0i
#15157852
0t
0s
0r
1y
0c
0i
#15158245
1t
0s
0r
1y
0c
0i
#15158864
0t
0s
0r
1y
0c
0i
#15159257
1t
0s
0r
1y
0c
0i
#15159879
0t
0s
0r
1y
0c
0i
#15160271
1t
0s
0r
1y
0c
0i
#15160889
0t
0s
0r
1y
0c
0i
#15161283
1t
0s
0r
1y
0c
0i
#15161900
0t
0s
0r
1y
0c
0i
#15162296
1t
0s
0r
1y
0c
0i
#15162916
0t
0s
0r
1y
0c
0i
#15163308
1t
0s
0r
1y
0c
0i
#15163923
0t
0s
0r
1y
0c
0i
#15164318
1t
0s
0r
1y
0c
0i
#15164934
0t
0s
0r
1y
0c
0i
#15165327
1t
0s
0r
1y
0c
0i
#15165946
0t
0s
0r
1y
0c
0i
#15166338
1t
0s
0r
1y
0c
0i
#15166951
0t
0s
0r
1y
0c
0i
#15167346
1t
0s
0r
1y
0c
0i
#15167960
0t
0s
0r
1y
0c
0i
#15168354
1t
0s
0r
1y
0c
0i
#15168971
0t
0s
0r
1y
0c
0i
#15169364
1t
0s
0r
1y
0c
0i
#15169978
0t
0s
0r
1y
0c
0i
#15170373
1t
0s
0r
1y
0c
0i
#15170989
0t
0s
0r
1y
0c
0i
#15171384
1t
0s
0r
1y
0c
0i
#15172003
0t
0s
0r
1y
0c
0i
#15172399
1t
0s
0r
1y
0c
0i
#15173015
0t
0s
0r
1y
0c
1i
#15173413
1t
0s
0r
1y
0c
1i
#15174032
0t
0s
0r
1y
0c
1i
#15174430
1t
0s
0r
1y
0c
1i
#15175054
0t
0s
0r
1y
1c
1i
#15175451
1t
0s
0r
1y
1c
1i
#15176074
0t
0s
0r
1y
1c
1i
#15176474
1t
0s
0r
1y
1c
1i
#15177099
0t
0s
0r
1y
1c
1i
#15177499
1t
0s
0r
1y
1c
0i
#15178129
0t
0s
0r
1y
1c
0i
#15178527
1t
0s
0r
1y
1c
0i
#15179152
0t
0s
0r
1y
1c
0i
#15179552
1t
0s
0r
1y
1c
0i
#15180178
0t
0s
0r
1y
1c
0i
#15180577
1t
0s
0r
1y
1c
0i
#15181206
0t
0s
0r
1y
1c
0i
#15181604
1t
0s
0r
1y
1c
0i
#15182226
0t
0s
0r
1y
1c
0i
#15182628
1t
0s
0r
1y
1c
0i
#15183251
0t
0s
0r
1y
1c
0i
#15183652
1t
0s
0r
1y
1c
0i
#15184278
0t
0s
0r
1y
1c
0i
#15184677
1t
0s
0r
1y
1c
0i
#15185300
0t
0s
0r
1y
1c
0i
#15185701
1t
0s
0r
1y
1c
0i
#15186325
0t
0s
0r
1y
1c
0i
#15186725
1t
0s
0r
1y
1c
0i
#15187351
0t
0s
0r
1y
1c
0i
#15187751
1t
0s
0r
1y
1c
0i
#15188373
0t
0s
0r
1y
1c
0i
#15188775
1t
0s
0r
1y
1c
0i
#15189398
0t
0s
0r
1y
1c
0i
#15189799
1t
0s
0r
1y
1c
0i
#15190424
0t
0s
0r
1y
1c
0i
#15190823
1t
0s
0r
1y
1c
0i
#15192443
0t
0s
0r
1y
1c
0i
#15193589
1t
0s
0r
1y
1c
0i
#15194517
0t
0s
0r
1y
1c
0i
#15194903
1t
0s
0r
1y
1c
0i
#15195527
0t
0s
0r
1y
1c
0i
#15195923
1t
0s
0r
1y
1c
0i
#15196545
0t
0s
0r
1y
1c
0i
#15196942
1t
0s
0r
1y
1c
0i
#15197563
0t
0s
0r
1y
1c
0i
#15197961
1t
0s
0r
1y
1c
0i
#15198583
0t
0s
0r
1y
1c
0i
#15198979
1t
0s
0r
1y
1c
0i
#15199604
0t
0s
0r
1y
1c
0i
#15200000
1t
0s
0r
1y
1c
0i
#15200620
0t
0s
0r
1y
1c
0i
#15201017
1t
0s
0r
1y
1c
0i
#15201640
0t
0s
0r
1y
1c
0i
#15202037
1t
0s
0r
1y
1c
0i
#15202662
0t
0s
0r
1y
1c
0i
#15203060
1t
0s
0r
1y
1c
0i
#15203682
0t
0s
0r
1y
1c
1i
#15204082
1t
0s
0r
1y
1c
1i
#15204707
0t
0s
0r
1y
1c
1i
#15205107
1t
0s
0r
1y
1c
1i
#15205737
0t
0s
0r
1y
0c
1i
#15206135
1t
0s
0r
1y
0c
1i
#15206764
0t
0s
0r
1y
0c
1i
#15207165
1t
0s
0r
1y
0c
1i
#15207795
0t
0s
0r
1y
0c
1i
#15207981
0t
0s
1r
1y
0c
0i
#15207984
0t
0s
0r
1y
0c
0i
#15208197
1t
0s
0r
1y
0c
0i
#15208831
0t
0s
0r
1y
0c
0i
#15209232
1t
0s
0r
1y
0c
0i
#15209862
0t
0s
0r
1y
0c
0i
#15210264
1t
0s
0r
1y
0c
0i
#15210895
0t
0s
0r
1y
0c
0i
#15211296
1t
0s
0r
1y
0c
0i
#15211930
0t
0s
0r
1y
0c
0i
#15212330
1t
0s
0r
1y
0c
0i
#15212960
0t
0s
0r
1y
0c
0i
#15213362
1t
0s
0r
1y
0c
0i
#15213992
0t
0s
0r
1y
0c
0i
#15214394
1t
0s
0r
1y
0c
0i
#15215028
0t
0s
0r
1y
0c
0i
#15215428
1t
0s
0r
1y
0c
0i
#15216059
0t
0s
0r
1y
0c
0i
#15216459
1t
0s
0r
1y
0c
0i
#15217091
0t
0s
0r
1y
0c
0i
#15217491
1t
0s
0r
1y
0c
0i
#15218126
0t
0s
0r
1y
0c
0i
#15218523
1t
0s
0r
1y
0c
0i
#15219153
0t
0s
0r
1y
0c
0i
#15219552
1t
0s
0r
1y
0c
0i
#15220183
0t
0s
0r
1y
0c
0i
#15220580
1t
0s
0r
1y
0c
0i
#15221213
0t
0s
0r
1y
0c
0i
#15221609
1t
0s
0r
1y
0c
0i
#15222237
0t
0s
0r
1y
0c
0i
#15222636
1t
0s
0r
1y
0c
0i
#15223263
0t
0s
0r
1y
0c
0i
#15223663
1t
0s
0r
1y
0c
0i
#15224292
0t
0s
0r
1y
0c
0i
#15224690
1t
0s
0r
1y
0c
0i
#15225315
0t
0s
0r
1y
0c
0i
#15225715
1t
0s
0r
1y
0c
0i
#15226341
0t
0s
0r
1y
0c
0i
#15226740
1t
0s
0r
1y
0c
0i
#15227370
0t
0s
0r
1y
0c
0i
#15227768
1t
0s
0r
1y
0c
0i
#15228393
0t
0s
0r
1y
0c
0i
#15228793
1t
0s
0r
1y
0c
0i
#15229420
0t
0s
0r
1y
0c
0i
#15229820
1t
0s
0r
1y
0c
0i
#15230450
0t
0s
0r
1y
0c
0i
#15230848
1t
0s
0r
1y
0c
0i
#15231474
0t
0s
0r
1y
0c
0i
#15231875
1t
0s
0r
1y
0c
0i
#15232502
0t
0s
0r
1y
0c
0i
#15232904
1t
0s
0r
1y
0c
0i
#15233534
0t
0s
0r
1y
0c
0i
#15233936
1t
0s
0r
1y
0c
0i
#15234564
0t
0s
0r
1y
0c
1i
#15234967
1t
0s
0r
1y
0c
1i
#15235598
0t
0s
0r
1y
0c
1i
#15236002
1t
0s
0r
1y
1c
1i
#15236638
0t
0s
0r
1y
1c
1i
#15237041
1t
0s
0r
1y
1c
1i
#15237674
0t
0s
0r
1y
1c
1i
#15238080
1t
0s
0r
1y
1c
1i
#15238716
0t
0s
0r
1y
1c
1i
#15239122
1t
0s
0r
1y
1c
0i
#15239763
0t
0s
0r
1y
1c
0i
#15240167
1t
0s
0r
1y
1c
0i
#15240803
0t
0s
0r
1y
1c
0i
#15241209
1t
0s
0r
1y
1c
0i
#15241846
0t
0s
0r
1y
1c
0i
#15242251
1t
0s
0r
1y
1c
0i
#15242890
0t
0s
0r
1y
1c
0i
#15243294
1t
0s
0r
1y
1c
0i
#15243928
0t
0s
0r
1y
1c
0i
#15244335
1t
0s
0r
1y
1c
0i
#15244970
0t
0s
0r
1y
1c
0i
#15245376
1t
0s
0r
1y
1c
0i
#15246013
0t
0s
0r
1y
1c
0i
#15246418
1t
0s
0r
1y
1c
0i
#15247051
0t
0s
0r
1y
1c
0i
#15247457
1t
0s
0r
1y
1c
0i
#15248091
0t
0s
0r
1y
1c
0i
#15248497
1t
0s
0r
1y
1c
0i
#15249131
0t
0s
0r
1y
1c
0i
#15249537
1t
0s
0r
1y
1c
0i
#15250166
0t
0s
0r
1y
1c
0i
#15250573
1t
0s
0r
1y
1c
0i
#15251203
0t
0s
0r
1y
1c
0i
#15251607
1t
0s
0r
1y
1c
0i
#15252239
0t
0s
0r
1y
1c
0i
#15252642
1t
0s
0r
1y
1c
0i
#15254278
0t
0s
0r
1y
1c
0i
#15255435
1t
0s
0r
1y
1c
0i
#15256372
0t
0s
0r
1y
1c
0i
#15256762
1t
0s
0r
1y
1c
0i
#15257393
0t
0s
0r
1y
1c
0i
#15257793
1t
0s
0r
1y
1c
0i
#15258421
0t
0s
0r
1y
1c
0i
#15258822
1t
0s
0r
1y
1c
0i
#15259450
0t
0s
0r
1y
1c
0i
#15259853
1t
0s
0r
1y
1c
0i
#15260480
0t
0s
0r
1y
1c
0i
#15260881
1t
0s
0r
1y
1c
0i
#15261512
0t
0s
0r
1y
1c
0i
#15261912
1t
0s
0r
1y
1c
0i
#15262540
0t
0s
0r
1y
1c
0i
#15262941
1t
0s
0r
1y
1c
0i
#15263571
0t
0s
0r
1y
1c
0i
#15263971
1t
0s
0r
1y
1c
0i
#15264604
0t
0s
0r
1y
1c
0i
#15265006
1t
0s
0r
1y
1c
0i
#15265634
0t
0s
0r
1y
1c
1i
#15266039
1t
0s
0r
1y
1c
1i
#15266671
0t
0s
0r
1y
1c
1i
#15267075
1t
0s
0r
1y
1c
1i
#15267712
0t
0s
0r
1y
0c
1i
#15268115
1t
0s
0r
1y
0c
1i
#15268751
0t
0s
0r
1y
0c
1i
#15269156
1t
0s
0r
1y
0c
1i
#15269793
0t
0s
0r
1y
0c
1i
#15270200
1t
0s
0r
1y
0c
0i
#15270841
0t
0s
0r
1y
0c
0i
#15271246
1t
0s
0r
1y
0c
0i
#15271883
0t
0s
0r
1y
0c
0i
#15272289
1t
0s
0r
1y
0c
0i
#15272928
0t
0s
0r
1y
0c
0i
#15273333
1t
0s
0r
1y
0c
0i
#15273974
0t
0s
0r
1y
0c
0i
#15274377
1t
0s
0r
1y
0c
0i
#15275013
0t
0s
0r
1y
0c
0i
#15275419
1t
0s
0r
1y
0c
0i
#15276054
0t
0s
0r
1y
0c
0i
#15276459
1t
0s
0r
1y
0c
0i
#15277096
0t
0s
0r
1y
0c
0i
#15277498
1t
0s
0r
1y
0c
0i
#15278131
0t
0s
0r
1y
0c
0i
#15278532
1t
0s
0r
1y
0c
0i
#15279164
0t
0s
0r
1y
0c
0i
#15279564
1t
0s
0r
1y
0c
0i
#15280196
0t
0s
0r
1y
0c
0i
#15280593
1t
0s
0r
1y
0c
0i
#15281220
0t
0s
0r
1y
0c
0i
#15281617
1t
0s
0r
1y
0c
0i
#15282244
0t
0s
0r
1y
0c
0i
#15282641
1t
0s
0r
1y
0c
0i
#15283271
0t
0s
0r
1y
0c
0i
#15283666
1t
0s
0r
1y
0c
0i
#15284292
0t
0s
0r
1y
0c
0i
#15284690
1t
0s
0r
1y
0c
0i
#15285315
0t
0s
0r
1y
0c
0i
#15285714
1t
0s
0r
1y
0c
0i
#15286341
0t
0s
0r
1y
0c
0i
#15286739
1t
0s
0r
1y
0c
0i
#15287362
0t
0s
0r
1y
0c
0i
#15287762
1t
0s
0r
1y
0c
0i
#15288387
0t
0s
0r
1y
0c
0i
#15288786
1t
0s
0r
1y
0c
0i
#15289414
0t
0s
0r
1y
0c
0i
#15289811
1t
0s
0r
1y
0c
0i
#15290435
0t
0s
0r
1y
0c
0i
#15290835
1t
0s
0r
1y
0c
0i
#15291460
0t
0s
0r
1y
0c
0i
#15291859
1t
0s
0r
1y
0c
0i
#15292487
0t
0s
0r
1y
0c
0i
#15292885
1t
0s
0r
1y
0c
0i
#15293509
0t
0s
0r
1y
0c
0i
#15293909
1t
0s
0r
1y
0c
0i
#15294535
0t
0s
0r
1y
0c
0i
#15294935
1t
0s
0r
1y
0c
0i
#15295563
0t
0s
0r
1y
0c
0i
#15295964
1t
0s
0r
1y
0c
0i
#15296588
0t
0s
0r
1y
0c
1i
#15296991
1t
0s
0r
1y
0c
1i
#15297619
0t
0s
0r
1y
0c
1i
#15298021
1t
0s
0r
1y
1c
1i
#15298655
0t
0s
0r
1y
1c
1i
#15299056
1t
0s
0r
1y
1c
1i
#15299687
0t
0s
0r
1y
1c
1i
#15300091
1t
0s
0r
1y
1c
1i
#15300726
0t
0s
0r
1y
1c
1i
#15301130
1t
0s
0r
1y
1c
0i
#15301768
0t
0s
0r
1y
1c
0i
#15302171
1t
0s
0r
1y
1c
0i
#15302805
0t
0s
0r
1y
1c
0i
#15303210
1t
0s
0r
1y
1c
0i
#15303845
0t
0s
0r
1y
1c
0i
#15304250
1t
0s
0r
1y
1c
0i
#15304888
0t
0s
0r
1y
1c
0i
#15305291
1t
0s
0r
1y
1c
0i
#15305923
0t
0s
0r
1y
1c
0i
#15306330
1t
0s
0r
1y
1c
0i
#15306961
0t
0s
0r
1y
1c
0i
#15307366
1t
0s
0r
1y
1c
0i
#15307999
0t
0s
0r
1y
1c
0i
#15308402
1t
0s
0r
1y
1c
0i
#15309029
0t
0s
0r
1y
1c
0i
#15309431
1t
0s
0r
1y
1c
0i
#15310056
0t
0s
0r
1y
1c
0i
#15310456
1t
0s
0r
1y
1c
0i
#15311081
0t
0s
0r
1y
1c
0i
#15311480
1t
0s
0r
1y
1c
0i
#15312099
0t
0s
0r
1y
1c
0i
#15312499
1t
0s
0r
1y
1c
0i
#15313117
0t
0s
0r
1y
1c
0i
#15313516
1t
0s
0r
1y
1c
0i
#15314137
0t
0s
0r
1y
1c
0i
#15314533
1t
0s
0r
1y
1c
0i
#15316144
0t
0s
0r
1y
1c
0i
#15317284
1t
0s
0r
1y
1c
0i
#15318208
0t
0s
0r
1y
1c
0i
#15318593
1t
0s
0r
1y
1c
0i
#15319214
0t
0s
0r
1y
1c
0i
#15319609
1t
0s
0r
1y
1c
0i
#15320228
0t
0s
0r
1y
1c
0i
#15320624
1t
0s
0r
1y
1c
0i
#15321243
0t
0s
0r
1y
1c
0i
#15321640
1t
0s
0r
1y
1c
0i
#15322259
0t
0s
0r
1y
1c
0i
#15322655
1t
0s
0r
1y
1c
0i
#15323277
0t
0s
0r
1y
1c
0i
#15323671
1t
0s
0r
1y
1c
0i
#15324289
0t
0s
0r
1y
1c
0i
#15324686
1t
0s
0r
1y
1c
0i
#15325305
0t
0s
0r
1y
1c
0i
#15325701
1t
0s
0r
1y
1c
0i
#15326324
0t
0s
0r
1y
1c
0i
#15326721
1t
0s
0r
1y
1c
0i
#15327339
0t
0s
0r
1y
1c
1i
#15327738
1t
0s
0r
1y
1c
1i
#15328360
0t
0s
0r
1y
0c
1i
#15328759
1t
0s
0r
1y
0c
1i
#15329385
0t
0s
0r
1y
0c
1i
#15329783
1t
0s
0r
1y
0c
1i
#15330408
0t
0s
0r
1y
0c
1i
#15330808
1t
0s
0r
1y
0c
1i
#15331435
0t
0s
0r
1y
0c
1i
#15331836
1t
0s
0r
1y
0c
0i
#15332068
1t
0s
1r
1y
0c
0i
#15332071
1t
0s
0r
1y
0c
0i
#15332466
0t
0s
0r
1y
0c
0i
#15332866
1t
0s
0r
1y
0c
0i
#15333493
0t
0s
0r
1y
0c
0i
#15333894
1t
0s
0r
1y
0c
0i
#15334524
0t
0s
0r
1y
0c
0i
#15334923
1t
0s
0r
1y
0c
0i
#15335554
0t
0s
0r
1y
0c
0i
#15335953
1t
0s
0r
1y
0c
0i
#15336579
0t
0s
0r
1y
0c
0i
#15336980
1t
0s
0r
1y
0c
0i
#15337606
0t
0s
0r
1y
0c
0i
#15338005
1t
0s
0r
1y
0c
0i
#15338633
0t
0s
0r
1y
0c
0i
#15339029
1t
0s
0r
1y
0c
0i
#15339652
0t
0s
0r
1y
0c
0i
#15340048
1t
0s
0r
1y
0c
0i
#15340671
0t
0s
0r
1y
0c
0i
#15341064
1t
0s
0r
1y
0c
0i
#15341687
0t
0s
0r
1y
0c
0i
#15342078
1t
0s
0r
1y
0c
0i
#15342696
0t
0s
0r
1y
0c
0i
#15343088
1t
0s
0r
1y
0c
0i
#15343706
0t
0s
0r
1y
0c
0i
#15344098
1t
0s
0r
1y
0c
0i
#15344718
0t
0s
0r
1y
0c
0i
#15345108
1t
0s
0r
1y
0c
0i
#15345724
0t
0s
0r
1y
0c
0i
#15346117
1t
0s
0r
1y
0c
0i
#15346733
0t
0s
0r
1y
0c
0i
#15347126
1t
0s
0r
1y
0c
0i
#15347744
0t
0s
0r
1y
0c
0i
#15348136
1t
0s
0r
1y
0c
0i
#15348751
0t
0s
0r
1y
0c
0i
#15349144
1t
0s
0r
1y
0c
0i
#15349760
0t
0s
0r
1y
0c
0i
#15350153
1t
0s
0r
1y
0c
0i
#15350772
0t
0s
0r
1y
0c
0i
#15351164
1t
0s
0r
1y
0c
0i
#15351778
0t
0s
0r
1y
0c
0i
#15352173
1t
0s
0r
1y
0c
0i
#15352788
0t
0s
0r
1y
0c
0i
#15353182
1t
0s
0r
1y
0c
0i
#15353799
0t
0s
0r
1y
0c
0i
#15354193
1t
0s
0r
1y
0c
0i
#15354807
0t
0s
0r
1y
0c
0i
#15355202
1t
0s
0r
1y
0c
0i
#15355818
0t
0s
0r
1y
0c
0i
#15356213
1t
0s
0r
1y
0c
0i
#15356831
0t
0s
0r
1y
0c
0i
#15357227
1t
0s
0r
1y
0c
0i
#15357841
0t
0s
0r
1y
0c
1i
#15358240
1t
0s
0r
1y
0c
1i
#15358858
0t
0s
0r
1y
1c
1i
#15359256
1t
0s
0r
1y
1c
1i
#15359879
0t
0s
0r
1y
1c
1i
#15360276
1t
0s
0r
1y
1c
1i
#15360898
0t
0s
0r
1y
1c
1i
#15361297
1t
0s
0r
1y
1c
1i
#15361922
0t
0s
0r
1y
1c
1i
#15362321
1t
0s
0r
1y
1c
0i
#15362950
0t
0s
0r
1y
1c
0i
#15363348
1t
0s
0r
1y
1c
0i
#15363972
0t
0s
0r
1y
1c
0i
#15364372
1t
0s
0r
1y
1c
0i
#15364998
0t
0s
0r
1y
1c
0i
#15365397
1t
0s
0r
1y
1c
0i
#15366025
0t
0s
0r
1y
1c
0i
#15366423
1t
0s
0r
1y
1c
0i
#15367044
0t
0s
0r
1y
1c
0i
#15367445
1t
0s
0r
1y
1c
0i
#15368065
0t
0s
0r
1y
1c
0i
#15368463
1t
0s
0r
1y
1c
0i
#15369083
0t
0s
0r
1y
1c
0i
#15369479
1t
0s
0r
1y
1c
0i
#15370092
0t
0s
0r
1y
1c
0i
#15370488
1t
0s
0r
1y
1c
0i
#15371100
0t
0s
0r
1y
1c
0i
#15371494
1t
0s
0r
1y
1c
0i
#15372106
0t
0s
0r
1y
1c
0i
#15372499
1t
0s
0r
1y
1c
0i
#15373106
0t
0s
0r
1y
1c
0i
#15373500
1t
0s
0r
1y
1c
0i
#15374108
0t
0s
0r
1y
1c
0i
#15374500
1t
0s
0r
1y
1c
0i
#15375110
0t
0s
0r
1y
1c
0i
#15375501
1t
0s
0r
1y
1c
0i
#15377085
0t
0s
0r
1y
1c
0i
#15378207
1t
0s
0r
1y
1c
0i
#15379115
0t
0s
0r
1y
1c
0i
#15379495
1t
0s
0r
1y
1c
0i
#15380106
0t
0s
0r
1y
1c
0i
#15380495
1t
0s
0r
1y
1c
0i
#15381104
0t
0s
0r
1y
1c
0i
#15381494
1t
0s
0r
1y
1c
0i
#15382102
0t
0s
0r
1y
1c
0i
#15382494
1t
0s
0r
1y
1c
0i
#15383102
0t
0s
0r
1y
1c
0i
#15383492
1t
0s
0r
1y
1c
0i
#15384103
0t
0s
0r
1y
1c
0i
#15384492
1t
0s
0r
1y
1c
0i
#15385099
0t
0s
0r
1y
1c
0i
#15385489
1t
0s
0r
1y
1c
0i
#15386098
0t
0s
0r
1y
1c
0i
#15386488
1t
0s
0r
1y
1c
0i
#15387099
0t
0s
0r
1y
1c
0i
#15387491
1t
0s
0r
1y
1c
0i
#15388099
0t
0s
0r
1y
0c
1i
#15388492
1t
0s
0r
1y
0c
1i
#15389103
0t
0s
0r
1y
0c
1i
#15389496
1t
0s
0r
1y
0c
1i
#15390111
0t
0s
0r
1y
0c
1i
#15390503
1t
0s
0r
1y
0c
1i
#15391117
0t
0s
0r
1y
0c
1i
#15391511
1t
0s
0r
1y
0c
1i
#15392127
0t
0s
0r
1y
0c
1i
#15392522
1t
0s
0r
1y
0c
0i
#15393142
0t
0s
0r
1y
0c
0i
#15393536
1t
0s
0r
1y
0c
0i
#15394153
0t
0s
0r
1y
0c
0i
#15394547
1t
0s
0r
1y
0c
0i
#15395164
0t
0s
0r
1y
0c
0i
#15395558
1t
0s
0r
1y
0c
0i
#15396177
0t
0s
0r
1y
0c
0i
#15396569
1t
0s
0r
1y
0c
0i
#15397182
0t
0s
0r
1y
0c
0i
#15397576
1t
0s
0r
1y
0c
0i
#15398188
0t
0s
0r
1y
0c
0i
#15398579
1t
0s
0r
1y
0c
0i
#15399191
0t
0s
0r
1y
0c
0i
#15399579
1t
0s
0r
1y
0c
0i
#15400185
0t
0s
0r
1y
0c
0i
#15400573
1t
0s
0r
1y
0c
0i
#15401178
0t
0s
0r
1y
0c
0i
#15401564
1t
0s
0r
1y
0c
0i
#15402171
0t
0s
0r
1y
0c
0i
#15402554
1t
0s
0r
1y
0c
0i
#15403155
0t
0s
0r
1y
0c
0i
#15403540
1t
0s
0r
1y
0c
0i
#15404142
0t
0s
0r
1y
0c
0i
#15404526
1t
0s
0r
1y
0c
0i
#15405131
0t
0s
0r
1y
0c
0i
#15405513
1t
0s
0r
1y
0c
0i
#15406115
0t
0s
0r
1y
0c
0i
#15406499
1t
0s
0r
1y
0c
0i
#15407100
0t
0s
0r
1y
0c
0i
#15407486
1t
0s
0r
1y
0c
0i
#15408089
0t
0s
0r
1y
0c
0i
#15408474
1t
0s
0r
1y
0c
0i
#15409074
0t
0s
0r
1y
0c
0i
#15409460
1t
0s
0r
1y
0c
0i
#15410061
0t
0s
0r
1y
0c
0i
#15410447
1t
0s
0r
1y
0c
0i
#15411051
0t
0s
0r
1y
0c
0i
#15411435
1t
0s
0r
1y
0c
0i
#15412034
0t
0s
0r
1y
0c
0i
#15412422
1t
0s
0r
1y
0c
0i
#15413022
0t
0s
0r
1y
0c
0i
#15413409
1t
0s
0r
1y
0c
0i
#15414012
0t
0s
0r
1y
0c
0i
#15414398
1t
0s
0r
1y
0c
0i
#15414997
0t
0s
0r
1y
0c
0i
#15415384
1t
0s
0r
1y
0c
0i
#15415985
0t
0s
0r
1y
0c
0i
#15416372
1t
0s
0r
1y
0c
0i
#15416976
0t
0s
0r
1y
0c
0i
#15417364
1t
0s
0r
1y
0c
0i
#15417964
0t
0s
0r
1y
0c
1i
#15418353
1t
0s
0r
1y
0c
1i
#15418957
0t
0s
0r
1y
1c
1i
#15419346
1t
0s
0r
1y
1c
1i
#15419954
0t
0s
0r
1y
1c
1i
#15420342
1t
0s
0r
1y
1c
1i
#15420948
0t
0s
0r
1y
1c
1i
#15421339
1t
0s
0r
1y
1c
1i
#15421948
0t
0s
0r
1y
1c
1i
#15422339
1t
0s
0r
1y
1c
0i
#15422951
0t
0s
0r
1y
1c
0i
#15423341
1t
0s
0r
1y
1c
0i
#15423949
0t
0s
0r
1y
1c
0i
#15424341
1t
0s
0r
1y
1c
0i
#15424951
0t
0s
0r
1y
1c
0i
#15425342
1t
0s
0r
1y
1c
0i
#15425954
0t
0s
0r
1y
1c
0i
#15426345
1t
0s
0r
1y
1c
0i
#15426951
0t
0s
0r
1y
1c
0i
#15427345
1t
0s
0r
1y
1c
0i
#15427952
0t
0s
0r
1y
1c
0i
#15428344
1t
0s
0r
1y
1c
0i
#15428953
0t
0s
0r
1y
1c
0i
#15429343
1t
0s
0r
1y
1c
0i
#15429948
0t
0s
0r
1y
1c
0i
#15430339
1t
0s
0r
1y
1c
0i
#15430943
0t
0s
0r
1y
1c
0i
#15431332
1t
0s
0r
1y
1c
0i
#15431936
0t
0s
0r
1y
1c
0i
#15432325
1t
0s
0r
1y
1c
0i
#15432924
0t
0s
0r
1y
1c
0i
#15433313
1t
0s
0r
1y
1c
0i
#15433912
0t
0s
0r
1y
1c
0i
#15434300
1t
0s
0r
1y
1c
0i
#15434901
0t
0s
0r
1y
1c
0i
#15435287
1t
0s
0r
1y
1c
0i
#15436847
0t
0s
0r
1y
1c
0i
#15437955
1t
0s
0r
1y
1c
0i
#15438848
0t
0s
0r
1y
1c
0i
#15439223
1t
0s
0r
1y
1c
0i
#15439824
0t
0s
0r
1y
1c
0i
#15440208
1t
0s
0r
1y
1c
0i
#15440807
0t
0s
0r
1y
1c
0i
#15441191
1t
0s
0r
1y
1c
0i
#15441790
0t
0s
0r
1y
1c
0i
#15442176
1t
0s
0r
1y
1c
0i
#15442774
0t
0s
0r
1y
1c
0i
#15443159
1t
0s
0r
1y
1c
0i
#15443760
0t
0s
0r
1y
1c
0i
#15444144
1t
0s
0r
1y
1c
0i
#15444742
0t
0s
0r
1y
1c
0i
#15445127
1t
0s
0r
1y
1c
0i
#15445727
0t
0s
0r
1y
1c
0i
#15446112
1t
0s
0r
1y
1c
0i
#15446713
0t
0s
0r
1y
1c
0i
#15447100
1t
0s
0r
1y
1c
0i
#15447698
0t
0s
0r
1y
1c
1i
#15448086
1t
0s
0r
1y
1c
1i
#15448687
0t
0s
0r
1y
1c
1i
#15449074
1t
0s
0r
1y
0c
1i
#15449680
0t
0s
0r
1y
0c
1i
#15450066
1t
0s
0r
1y
0c
1i
#15450671
0t
0s
0r
1y
0c
1i
#15451059
1t
0s
0r
1y
0c
1i
#15451665
0t
0s
0r
1y
0c
1i
#15452055
1t
0s
0r
1y
0c
1i
#15452378
1t
0s
1r
1y
0c
0i
#15452380
1t
0s
0r
1y
0c
0i
#15452664
0t
0s
0r
1y
0c
0i
#15453052
1t
0s
0r
1y
0c
0i
#15453657
0t
0s
0r
1y
0c
0i
#15454047
1t
0s
0r
1y
0c
0i
#15454654
0t
0s
0r
1y
0c
0i
#15455042
1t
0s
0r
1y
0c
0i
#15455651
0t
0s
0r
1y
0c
0i
#15456038
1t
0s
0r
1y
0c
0i
#15456643
0t
0s
0r
1y
0c
0i
#15457032
1t
0s
0r
1y
0c
0i
#15457636
0t
0s
0r
1y
0c
0i
#15458025
1t
0s
0r
1y
0c
0i
#15458631
0t
0s
0r
1y
0c
0i
#15459017
1t
0s
0r
1y
0c
0i
#15459620
0t
0s
0r
1y
0c
0i
#15460006
1t
0s
0r
1y
0c
0i
#15460610
0t
0s
0r
1y
0c
0i
#15460993
1t
0s
0r
1y
0c
0i
#15461598
0t
0s
0r
1y
0c
0i
#15461980
1t
0s
0r
1y
0c
0i
#15462579
0t
0s
0r
1y
0c
0i
#15462962
1t
0s
0r
1y
0c
0i
#15463562
0t
0s
0r
1y
0c
0i
#15463944
1t
0s
0r
1y
0c
0i
#15464546
0t
0s
0r
1y
0c
0i
#15464927
1t
0s
0r
1y
0c
0i
#15465525
0t
0s
0r
1y
0c
0i
#15465908
1t
0s
0r
1y
0c
0i
#15466505
0t
0s
0r
1y
0c
0i
#15466890
1t
0s
0r
1y
0c
0i
#15467489
0t
0s
0r
1y
0c
0i
#15467872
1t
0s
0r
1y
0c
0i
#15468468
0t
0s
0r
1y
0c
0i
#15468852
1t
0s
0r
1y
0c
0i
#15469450
0t
0s
0r
1y
0c
0i
#15469834
1t
0s
0r
1y
0c
0i
#15470434
0t
0s
0r
1y
0c
0i
#15470817
1t
0s
0r
1y
0c
0i
#15471412
0t
0s
0r
1y
0c
0i
#15471798
1t
0s
0r
1y
0c
0i
#15472395
0t
0s
0r
1y
0c
0i
#15472779
1t
0s
0r
1y
0c
0i
#15473379
0t
0s
0r
1y
0c
0i
#15473763
1t
0s
0r
1y
0c
0i
#15474359
0t
0s
0r
1y
0c
0i
#15474744
1t
0s
0r
1y
0c
0i
#15475341
0t
0s
0r
1y
0c
0i
#15475727
1t
0s
0r
1y
0c
0i
#15476326
0t
0s
0r
1y
0c
0i
#15476713
1t
0s
0r
1y
0c
0i
#15477309
0t
0s
0r
1y
0c
1i
#15477697
1t
0s
0r
1y
0c
1i
#15478296
0t
0s
0r
1y
0c
1i
#15478684
1t
0s
0r
1y
1c
1i
#15479288
0t
0s
0r
1y
1c
1i
#15479675
1t
0s
0r
1y
1c
1i
#15480277
0t
0s
0r
1y
1c
1i
#15480666
1t
0s
0r
1y
1c
1i
#15481271
0t
0s
0r
1y
1c
1i
#15481659
1t
0s
0r
1y
1c
1i
#15482268
0t
0s
0r
1y
1c
0i
#15482655
1t
0s
0r
1y
1c
0i
#15483260
0t
0s
0r
1y
1c
0i
#15483649
1t
0s
0r
1y
1c
0i
#15484254
0t
0s
0r
1y
1c
0i
#15484643
1t
0s
0r
1y
1c
0i
#15485251
0t
0s
0r
1y
1c
0i
#15485638
1t
0s
0r
1y
1c
0i
#15486241
0t
0s
0r
1y
1c
0i
#15486631
1t
0s
0r
1y
1c
0i
#15487234
0t
0s
0r
1y
1c
0i
#15487623
1t
0s
0r
1y
1c
0i
#15488228
0t
0s
0r
1y
1c
0i
#15488616
1t
0s
0r
1y
1c
0i
#15489215
0t
0s
0r
1y
1c
0i
#15489604
1t
0s
0r
1y
1c
0i
#15490203
0t
0s
0r
1y
1c
0i
#15490591
1t
0s
0r
1y
1c
0i
#15491190
0t
0s
0r
1y
1c
0i
#15491577
1t
0s
0r
1y
1c
0i
#15492171
0t
0s
0r
1y
1c
0i
#15492559
1t
0s
0r
1y
1c
0i
#15493153
0t
0s
0r
1y
1c
0i
#15493538
1t
0s
0r
1y
1c
0i
#15494135
0t
0s
0r
1y
1c
0i
#15494519
1t
0s
0r
1y
1c
0i
#15496067
0t
0s
0r
1y
1c
0i
#15497167
1t
0s
0r
1y
1c
0i
#15498054
0t
0s
0r
1y
1c
0i
#15498426
1t
0s
0r
1y
1c
0i
#15499022
0t
0s
0r
1y
1c
0i
#15499404
1t
0s
0r
1y
1c
0i
#15499998
0t
0s
0r
1y
1c
0i
#15500381
1t
0s
0r
1y
1c
0i
#15500974
0t
0s
0r
1y
1c
0i
#15501358
1t
0s
0r
1y
1c
0i
#15501951
0t
0s
0r
1y
1c
0i
#15502334
1t
0s
0r
1y
1c
0i
#15502931
0t
0s
0r
1y
1c
0i
#15503312
1t
0s
0r
1y
1c
0i
#15503905
0t
0s
0r
1y
1c
0i
#15504288
1t
0s
0r
1y
1c
0i
#15504882
0t
0s
0r
1y
1c
0i
#15505264
1t
0s
0r
1y
1c
0i
#15505861
0t
0s
0r
1y
1c
0i
#15506244
1t
0s
0r
1y
1c
0i
#15506838
0t
0s
0r
1y
1c
1i
#15507223
1t
0s
0r
1y
1c
1i
#15507819
0t
0s
0r
1y
1c
1i
#15508204
1t
0s
0r
1y
1c
1i
#15508805
0t
0s
0r
1y
0c
1i
#15509188
1t
0s
0r
1y
0c
1i
#15509787
0t
0s
0r
1y
0c
1i
#15510173
1t
0s
0r
1y
0c
1i
#15510774
0t
0s
0r
1y
0c
1i
#15511160
1t
0s
0r
1y
0c
1i
#15511764
0t
0s
0r
1y
0c
0i
#15512150
1t
0s
0r
1y
0c
0i
#15512750
0t
0s
0r
1y
0c
0i
#15513137
1t
0s
0r
1y
0c
0i
#15513739
0t
0s
0r
1y
0c
0i
#15514124
1t
0s
0r
1y
0c
0i
#15514728
0t
0s
0r
1y
0c
0i
#15515113
1t
0s
0r
1y
0c
0i
#15515712
0t
0s
0r
1y
0c
0i
#15516100
1t
0s
0r
1y
0c
0i
#15516701
0t
0s
0r
1y
0c
0i
#15517087
1t
0s
0r
1y
0c
0i
#15517691
0t
0s
0r
1y
0c
0i
#15518076
1t
0s
0r
1y
0c
0i
#15518679
0t
0s
0r
1y
0c
0i
#15519064
1t
0s
0r
1y
0c
0i
#15519668
0t
0s
0r
1y
0c
0i
#15520053
1t
0s
0r
1y
0c
0i
#15520660
0t
0s
0r
1y
0c
0i
#15521044
1t
0s
0r
1y
0c
0i
#15521646
0t
0s
0r
1y
0c
0i
#15522032
1t
0s
0r
1y
0c
0i
#15522635
0t
0s
0r
1y
0c
0i
#15523020
1t
0s
0r
1y
0c
0i
#15523626
0t
0s
0r
1y
0c
0i
#15524009
1t
0s
0r
1y
0c
0i
#15524610
0t
0s
0r
1y
0c
0i
#15524995
1t
0s
0r
1y
0c
0i
#15525595
0t
0s
0r
1y
0c
0i
#15525981
1t
0s
0r
1y
0c
0i
#15526584
0t
0s
0r
1y
0c
0i
#15526967
1t
0s
0r
1y
0c
0i
#15527565
0t
0s
0r
1y
0c
0i
#15527950
1t
0s
0r
1y
0c
0i
#15528550
0t
0s
0r
1y
0c
0i
#15528934
1t
0s
0r
1y
0c
0i
#15529536
0t
0s
0r
1y
0c
0i
#15529919
1t
0s
0r
1y
0c
0i
#15530516
0t
0s
0r
1y
0c
0i
#15530901
1t
0s
0r
1y
0c
0i
#15531499
0t
0s
0r
1y
0c
0i
#15531885
1t
0s
0r
1y
0c
0i
#15532485
0t
0s
0r
1y
0c
0i
#15532869
1t
0s
0r
1y
0c
0i
#15533467
0t
0s
0r
1y
0c
0i
#15533853
1t
0s
0r
1y
0c
0i
#15534451
0t
0s
0r
1y
0c
0i
#15534837
1t
0s
0r
1y
0c
0i
#15535438
0t
0s
0r
1y
0c
0i
#15535826
1t
0s
0r
1y
0c
0i
#15536423
0t
0s
0r
1y
0c
1i
#15536812
1t
0s
0r
1y
0c
1i
#15537413
0t
0s
0r
1y
0c
1i
#15537801
1t
0s
0r
1y
0c
1i
#15538407
0t
0s
0r
1y
1c
1i
#15538794
1t
0s
0r
1y
1c
1i
#15539398
0t
0s
0r
1y
1c
1i
#15539788
1t
0s
0r
1y
1c
1i
#15540394
0t
0s
0r
1y
1c
1i
#15540784
1t
0s
0r
1y
1c
1i
#15541394
0t
0s
0r
1y
1c
0i
#15541782
1t
0s
0r
1y
1c
0i
#15542388
0t
0s
0r
1y
1c
0i
#15542778
1t
0s
0r
1y
1c
0i
#15543385
0t
0s
0r
1y
1c
0i
#15543775
1t
0s
0r
1y
1c
0i
#15544383
0t
0s
0r
1y
1c
0i
#15544772
1t
0s
0r
1y
1c
0i
#15545376
0t
0s
0r
1y
1c
0i
#15545768
1t
0s
0r
1y
1c
0i
#15546372
0t
0s
0r
1y
1c
0i
#15546762
1t
0s
0r
1y
1c
0i
#15547369
0t
0s
0r
1y
1c
0i
#15547758
1t
0s
0r
1y
1c
0i
#15548360
0t
0s
0r
1y
1c
0i
#15548750
1t
0s
0r
1y
1c
0i
#15549354
0t
0s
0r
1y
1c
0i
#15549743
1t
0s
0r
1y
1c
0i
#15550347
0t
0s
0r
1y
1c
0i
#15550735
1t
0s
0r
1y
1c
0i
#15551335
0t
0s
0r
1y
1c
0i
#15551724
1t
0s
0r
1y
1c
0i
#15552323
0t
0s
0r
1y
1c
0i
#15552711
1t
0s
0r
1y
1c
0i
#15553312
0t
0s
0r
1y
1c
0i
#15553699
1t
0s
0r
1y
1c
0i
#15555259
0t
0s
0r
1y
1c
0i
#15556367
1t
0s
0r
1y
1c
0i
#15557259
0t
0s
0r
1y
1c
0i
#15557634
1t
0s
0r
1y
1c
0i
#15558235
0t
0s
0r
1y
1c
0i
#15558618
1t
0s
0r
1y
1c
0i
#15559217
0t
0s
0r
1y
1c
0i
#15559601
1t
0s
0r
1y
1c
0i
#15560199
0t
0s
0r
1y
1c
0i
#15560585
1t
0s
0r
1y
1c
0i
#15561182
0t
0s
0r
1y
1c
0i
#15561567
1t
0s
0r
1y
1c
0i
#15562167
0t
0s
0r
1y
1c
0i
#15562550
1t
0s
0r
1y
1c
0i
#15563146
0t
0s
0r
1y
1c
0i
#15563531
1t
0s
0r
1y
1c
0i
#15564129
0t
0s
0r
1y
1c
0i
#15564514
1t
0s
0r
1y
1c
0i
#15565114
0t
0s
0r
1y
1c
0i
#15565500
1t
0s
0r
1y
1c
0i
#15566097
0t
0s
0r
1y
1c
1i
#15566484
1t
0s
0r
1y
1c
1i
#15567083
0t
0s
0r
1y
1c
1i
#15567471
1t
0s
0r
1y
1c
1i
#15568075
0t
0s
0r
1y
0c
1i
#15568461
1t
0s
0r
1y
0c
1i
#15569064
0t
0s
0r
1y
0c
1i
#15569452
1t
0s
0r
1y
0c
1i
#15570057
0t
0s
0r
1y
0c
1i
#15570445
1t
0s
0r
1y
0c
0i
#15570625
1t
0s
1r
1y
0c
0i
#15570628
1t
0s
0r
1y
0c
0i
#15571054
0t
0s
0r
1y
0c
0i
#15571441
1t
0s
0r
1y
0c
0i
#15572046
0t
0s
0r
1y
0c
0i
#15572435
1t
0s
0r
1y
0c
0i
#15573041
0t
0s
0r
1y
0c
0i
#15573429
1t
0s
0r
1y
0c
0i
#15574037
0t
0s
0r
1y
0c
0i
#15574424
1t
0s
0r
1y
0c
0i
#15575028
0t
0s
0r
1y
0c
0i
#15575418
1t
0s
0r
1y
0c
0i
#15576023
0t
0s
0r
1y
0c
0i
#15576411
1t
0s
0r
1y
0c
0i
#15577020
0t
0s
0r
1y
0c
0i
#15577407
1t
0s
0r
1y
0c
0i
#15578013
0t
0s
0r
1y
0c
0i
#15578401
1t
0s
0r
1y
0c
0i
#15579009
0t
0s
0r
1y
0c
0i
#15579396
1t
0s
0r
1y
0c
0i
#15580007
0t
0s
0r
1y
0c
0i
#15580392
1t
0s
0r
1y
0c
0i
#15580998
0t
0s
0r
1y
0c
0i
#15581385
1t
0s
0r
1y
0c
0i
#15581993
0t
0s
0r
1y
0c
0i
#15582379
1t
0s
0r
1y
0c
0i
#15582989
0t
0s
0r
1y
0c
0i
#15583374
1t
0s
0r
1y
0c
0i
#15583980
0t
0s
0r
1y
0c
0i
#15584366
1t
0s
0r
1y
0c
0i
#15584971
0t
0s
0r
1y
0c
0i
#15585359
1t
0s
0r
1y
0c
0i
#15585965
0t
0s
0r
1y
0c
0i
#15586351
1t
0s
0r
1y
0c
0i
#15586953
0t
0s
0r
1y
0c
0i
#15587340
1t
0s
0r
1y
0c
0i
#15587944
0t
0s
0r
1y
0c
0i
#15588330
1t
0s
0r
1y
0c
0i
#15588937
0t
0s
0r
1y
0c
0i
#15589322
1t
0s
0r
1y
0c
0i
#15589923
0t
0s
0r
1y
0c
0i
#15590311
1t
0s
0r
1y
0c
0i
#15590914
0t
0s
0r
1y
0c
0i
#15591301
1t
0s
0r
1y
0c
0i
#15591907
0t
0s
0r
1y
0c
0i
#15592293
1t
0s
0r
1y
0c
0i
#15592895
0t
0s
0r
1y
0c
0i
#15593283
1t
0s
0r
1y
0c
0i
#15593887
0t
0s
0r
1y
0c
0i
#15594275
1t
0s
0r
1y
0c
0i
#15594882
0t
0s
0r
1y
0c
0i
#15595271
1t
0s
0r
1y
0c
0i
#15595874
0t
0s
0r
1y
0c
1i
#15596265
1t
0s
0r
1y
0c
1i
#15596872
0t
0s
0r
1y
0c
1i
#15597262
1t
0s
0r
1y
0c
1i
#15597873
0t
0s
0r
1y
1c
1i
#15598264
1t
0s
0r
1y
1c
1i
#15598873
0t
0s
0r
1y
1c
1i
#15599265
1t
0s
0r
1y
1c
1i
#15599877
0t
0s
0r
1y
1c
1i
#15600270
1t
0s
0r
1y
1c
0i
#15600885
0t
0s
0r
1y
1c
0i
#15601276
1t
0s
0r
1y
1c
0i
#15601888
0t
0s
0r
1y
1c
0i
#15602281
1t
0s
0r
1y
1c
0i
#15602893
0t
0s
0r
1y
1c
0i
#15603285
1t
0s
0r
1y
1c
0i
#15603900
0t
0s
0r
1y
1c
0i
#15604291
1t
0s
0r
1y
1c
0i
#15604900
0t
0s
0r
1y
1c
0i
#15605295
1t
0s
0r
1y
1c
0i
#15605904
0t
0s
0r
1y
1c
0i
#15606298
1t
0s
0r
1y
1c
0i
#15606910
0t
0s
0r
1y
1c
0i
#15607301
1t
0s
0r
1y
1c
0i
#15607908
0t
0s
0r
1y
1c
0i
#15608301
1t
0s
0r
1y
1c
0i
#15608908
0t
0s
0r
1y
1c
0i
#15609299
1t
0s
0r
1y
1c
0i
#15609907
0t
0s
0r
1y
1c
0i
#15610298
1t
0s
0r
1y
1c
0i
#15610899
0t
0s
0r
1y
1c
0i
#15611291
1t
0s
0r
1y
1c
0i
#15611893
0t
0s
0r
1y
1c
0i
#15612283
1t
0s
0r
1y
1c
0i
#15612887
0t
0s
0r
1y
1c
0i
#15613275
1t
0s
0r
1y
1c
0i
#15614844
0t
0s
0r
1y
1c
0i
#15615957
1t
0s
0r
1y
1c
0i
#15616855
0t
0s
0r
1y
1c
0i
#15617231
1t
0s
0r
1y
1c
0i
#15617835
0t
0s
0r
1y
1c
0i
#15618221
1t
0s
0r
1y
1c
0i
#15618823
0t
0s
0r
1y
1c
0i
#15619210
1t
0s
0r
1y
1c
0i
#15619812
0t
0s
0r
1y
1c
0i
#15620199
1t
0s
0r
1y
1c
0i
#15620801
0t
0s
0r
1y
1c
0i
#15621188
1t
0s
0r
1y
1c
0i
#15621791
0t
0s
0r
1y
1c
0i
#15622177
1t
0s
0r
1y
1c
0i
#15622778
0t
0s
0r
1y
1c
0i
#15623165
1t
0s
0r
1y
1c
0i
#15623767
0t
0s
0r
1y
1c
0i
#15624154
1t
0s
0r
1y
1c
0i
#15624759
0t
0s
0r
1y
1c
0i
#15625147
1t
0s
0r
1y
1c
0i
#15625748
0t
0s
0r
1y
1c
1i
#15626137
1t
0s
0r
1y
1c
1i
#15626742
0t
0s
0r
1y
1c
1i
#15627131
1t
0s
0r
1y
1c
1i
#15627740
0t
0s
0r
1y
0c
1i
#15628127
1t
0s
0r
1y
0c
1i
#15628734
0t
0s
0r
1y
0c
1i
#15629124
1t
0s
0r
1y
0c
1i
#15629733
0t
0s
0r
1y
0c
1i
#15630124
1t
0s
0r
1y
0c
0i
#15630736
0t
0s
0r
1y
0c
0i
#15631125
1t
0s
0r
1y
0c
0i
#15631734
0t
0s
0r
1y
0c
0i
#15632125
1t
0s
0r
1y
0c
0i
#15632734
0t
0s
0r
1y
0c
0i
#15633124
1t
0s
0r
1y
0c
0i
#15633737
0t
0s
0r
1y
0c
0i
#15634125
1t
0s
0r
1y
0c
0i
#15634733
0t
0s
0r
1y
0c
0i
#15635125
1t
0s
0r
1y
0c
0i
#15635734
0t
0s
0r
1y
0c
0i
#15636125
1t
0s
0r
1y
0c
0i
#15636738
0t
0s
0r
1y
0c
0i
#15637127
1t
0s
0r
1y
0c
0i
#15637738
0t
0s
0r
1y
0c
0i
#15638128
1t
0s
0r
1y
0c
0i
#15638740
0t
0s
0r
1y
0c
0i
#15639129
1t
0s
0r
1y
0c
0i
#15639744
0t
0s
0r
1y
0c
0i
#15640132
1t
0s
0r
1y
0c
0i
#15640744
0t
0s
0r
1y
0c
0i
#15641133
1t
0s
0r
1y
0c
0i
#15641746
0t
0s
0r
1y
0c
0i
#15642135
1t
0s
0r
1y
0c
0i
#15642749
0t
0s
0r
1y
0c
0i
#15643137
1t
0s
0r
1y
0c
0i
#15643747
0t
0s
0r
1y
0c
0i
#15644136
1t
0s
0r
1y
0c
0i
#15644746
0t
0s
0r
1y
0c
0i
#15645136
1t
0s
0r
1y
0c
0i
#15645747
0t
0s
0r
1y
0c
0i
#15646136
1t
0s
0r
1y
0c
0i
#15646742
0t
0s
0r
1y
0c
0i
#15647132
1t
0s
0r
1y
0c
0i
#15647741
0t
0s
0r
1y
0c
0i
#15648129
1t
0s
0r
1y
0c
0i
#15648740
0t
0s
0r
1y
0c
0i
#15649128
1t
0s
0r
1y
0c
0i
#15649734
0t
0s
0r
1y
0c
0i
#15650125
1t
0s
0r
1y
0c
0i
#15650732
0t
0s
0r
1y
0c
0i
#15651122
1t
0s
0r
1y
0c
0i
#15651733
0t
0s
0r
1y
0c
0i
#15652122
1t
0s
0r
1y
0c
0i
#15652728
0t
0s
0r
1y
0c
0i
#15653119
1t
0s
0r
1y
0c
0i
#15653727
0t
0s
0r
1y
0c
0i
#15654119
1t
0s
0r
1y
0c
0i
#15654729
0t
0s
0r
1y
0c
0i
#15655122
1t
0s
0r
1y
0c
0i
#15655729
0t
0s
0r
1y
0c
1i
#15656123
1t
0s
0r
1y
0c
1i
#15656734
0t
0s
0r
1y
0c
1i
#15657127
1t
0s
0r
1y
0c
1i
#15657742
0t
0s
0r
1y
1c
1i
#15658135
1t
0s
0r
1y
1c
1i
#15658749
0t
0s
0r
1y
1c
1i
#15659143
1t
0s
0r
1y
1c
1i
#15659760
0t
0s
0r
1y
1c
1i
#15660155
1t
0s
0r
1y
1c
0i
#15660775
0t
0s
0r
1y
1c
0i
#15661168
1t
0s
0r
1y
1c
0i
#15661783
0t
0s
0r
1y
1c
0i
#15662179
1t
0s
0r
1y
1c
0i
#15662795
0t
0s
0r
1y
1c
0i
#15663190
1t
0s
0r
1y
1c
0i
#15663808
0t
0s
0r
1y
1c
0i
#15664201
1t
0s
0r
1y
1c
0i
#15664815
0t
0s
0r
1y
1c
0i
#15665211
1t
0s
0r
1y
1c
0i
#15665824
0t
0s
0r
1y
1c
0i
#15666220
1t
0s
0r
1y
1c
0i
#15666836
0t
0s
0r
1y
1c
0i
#15667230
1t
0s
0r
1y
1c
0i
#15667841
0t
0s
0r
1y
1c
0i
#15668236
1t
0s
0r
1y
1c
0i
#15668848
0t
0s
0r
1y
1c
0i
#15669242
1t
0s
0r
1y
1c
0i
#15669855
0t
0s
0r
1y
1c
0i
#15670249
1t
0s
0r
1y
1c
0i
#15670857
0t
0s
0r
1y
1c
0i
#15671251
1t
0s
0r
1y
1c
0i
#15671860
0t
0s
0r
1y
1c
0i
#15672253
1t
0s
0r
1y
1c
0i
#15672863
0t
0s
0r
1y
1c
0i
#15673254
1t
0s
0r
1y
1c
0i
#15674839
0t
0s
0r
1y
1c
0i
#15675962
1t
0s
0r
1y
1c
0i
#15676869
0t
0s
0r
1y
1c
0i
#15677248
1t
0s
0r
1y
1c
0i
#15677859
0t
0s
0r
1y
1c
0i
#15678248
1t
0s
0r
1y
1c
0i
#15678856
0t
0s
0r
1y
1c
0i
#15679246
1t
0s
0r
1y
1c
0i
#15679854
0t
0s
0r
1y
1c
0i
#15680245
1t
0s
0r
1y
1c
0i
#15680853
0t
0s
0r
1y
1c
0i
#15681242
1t
0s
0r
1y
1c
0i
#15681852
0t
0s
0r
1y
1c
0i
#15682241
1t
0s
0r
1y
1c
0i
#15682848
0t
0s
0r
1y
1c
0i
#15683238
1t
0s
0r
1y
1c
0i
#15683846
0t
0s
0r
1y
1c
0i
#15684236
1t
0s
0r
1y
1c
0i
#15684847
0t
0s
0r
1y
1c
0i
#15685237
1t
0s
0r
1y
1c
0i
#15685844
0t
0s
0r
1y
1c
1i
#15686237
1t
0s
0r
1y
1c
1i
#15686847
0t
0s
0r
1y
1c
1i
#15687239
1t
0s
0r
1y
1c
1i
#15687854
0t
0s
0r
1y
0c
1i
#15688245
1t
0s
0r
1y
0c
1i
#15688858
0t
0s
0r
1y
0c
1i
#15689252
1t
0s
0r
1y
0c
1i
#15689867
0t
0s
0r
1y
0c
1i
#15690256
0t
0s
1r
1y
0c
0i
#15690258
0t
0s
0r
1y
0c
0i
#15690261
1t
0s
0r
1y
0c
0i
#15690879
0t
0s
0r
1y
0c
0i
#15691273
1t
0s
0r
1y
0c
0i
#15691887
0t
0s
0r
1y
0c
0i
#15692282
1t
0s
0r
1y
0c
0i
#15692898
0t
0s
0r
1y
0c
0i
#15693291
1t
0s
0r
1y
0c
0i
#15693911
0t
0s
0r
1y
0c
0i
#15694303
1t
0s
0r
1y
0c
0i
#15694918
0t
0s
0r
1y
0c
0i
#15695313
1t
0s
0r
1y
0c
0i
#15695929
0t
0s
0r
1y
0c
0i
#15696323
1t
0s
0r
1y
0c
0i
#15696944
0t
0s
0r
1y
0c
0i
#15697336
1t
0s
0r
1y
0c
0i
#15697955
0t
0s
0r
1y
0c
0i
#15698349
1t
0s
0r
1y
0c
0i
#15698970
0t
0s
0r
1y
0c
0i
#15699364
1t
0s
0r
1y
0c
0i
#15699988
0t
0s
0r
1y
0c
0i
#15700382
1t
0s
0r
1y
0c
0i
#15701003
0t
0s
0r
1y
0c
0i
#15701398
1t
0s
0r
1y
0c
0i
#15702022
0t
0s
0r
1y
0c
0i
#15702417
1t
0s
0r
1y
0c
0i
#15703044
0t
0s
0r
1y
0c
0i
#15703438
1t
0s
0r
1y
0c
0i
#15704062
0t
0s
0r
1y
0c
0i
#15704458
1t
0s
0r
1y
0c
0i
#15705081
0t
0s
0r
1y
0c
0i
#15705479
1t
0s
0r
1y
0c
0i
#15706104
0t
0s
0r
1y
0c
0i
#15706500
1t
0s
0r
1y
0c
0i
#15707120
0t
0s
0r
1y
0c
0i
#15707518
1t
0s
0r
1y
0c
0i
#15708140
0t
0s
0r
1y
0c
0i
#15708536
1t
0s
0r
1y
0c
0i
#15709161
0t
0s
0r
1y
0c
0i
#15709556
1t
0s
0r
1y
0c
0i
#15710176
0t
0s
0r
1y
0c
0i
#15710573
1t
0s
0r
1y
0c
0i
#15711194
0t
0s
0r
1y
0c
0i
#15711591
1t
0s
0r
1y
0c
0i
#15712215
0t
0s
0r
1y
0c
0i
#15712611
1t
0s
0r
1y
0c
0i
#15713231
0t
0s
0r
1y
0c
0i
#15713629
1t
0s
0r
1y
0c
0i
#15714251
0t
0s
0r
1y
0c
0i
#15714649
1t
0s
0r
1y
0c
0i
#15715274
0t
0s
0r
1y
0c
0i
#15715674
1t
0s
0r
1y
0c
0i
#15716295
0t
0s
0r
1y
0c
1i
#15716696
1t
0s
0r
1y
0c
1i
#15717322
0t
0s
0r
1y
0c
1i
#15717722
1t
0s
0r
1y
1c
1i
#15718353
0t
0s
0r
1y
1c
1i
#15718752
1t
0s
0r
1y
1c
1i
#15719380
0t
0s
0r
1y
1c
1i
#15719783
1t
0s
0r
1y
1c
1i
#15720414
0t
0s
0r
1y
1c
1i
#15720816
1t
0s
0r
1y
1c
0i
#15721451
0t
0s
0r
1y
1c
0i
#15721852
1t
0s
0r
1y
1c
0i
#15722482
0t
0s
0r
1y
1c
0i
#15722885
1t
0s
0r
1y
1c
0i
#15723516
0t
0s
0r
1y
1c
0i
#15723919
1t
0s
0r
1y
1c
0i
#15724552
0t
0s
0r
1y
1c
0i
#15724953
1t
0s
0r
1y
1c
0i
#15725581
0t
0s
0r
1y
1c
0i
#15725985
1t
0s
0r
1y
1c
0i
#15726614
0t
0s
0r
1y
1c
0i
#15727017
1t
0s
0r
1y
1c
0i
#15727649
0t
0s
0r
1y
1c
0i
#15728051
1t
0s
0r
1y
1c
0i
#15728678
0t
0s
0r
1y
1c
0i
#15729082
1t
0s
0r
1y
1c
0i
#15729710
0t
0s
0r
1y
1c
0i
#15730113
1t
0s
0r
1y
1c
0i
#15730744
0t
0s
0r
1y
1c
0i
#15731147
1t
0s
0r
1y
1c
0i
#15731773
0t
0s
0r
1y
1c
0i
#15732178
1t
0s
0r
1y
1c
0i
#15732804
0t
0s
0r
1y
1c
0i
#15733207
1t
0s
0r
1y
1c
0i
#15733836
0t
0s
0r
1y
1c
0i
#15734238
1t
0s
0r
1y
1c
0i
#15735869
0t
0s
0r
1y
1c
0i
#15737021
1t
0s
0r
1y
1c
0i
#15737955
0t
0s
0r
1y
1c
0i
#15738343
1t
0s
0r
1y
1c
0i
#15738972
0t
0s
0r
1y
1c
0i
#15739370
1t
0s
0r
1y
1c
0i
#15739996
0t
0s
0r
1y
1c
0i
#15740396
1t
0s
0r
1y
1c
0i
#15741021
0t
0s
0r
1y
1c
0i
#15741422
1t
0s
0r
1y
1c
0i
#15742047
0t
0s
0r
1y
1c
0i
#15742446
1t
0s
0r
1y
1c
0i
#15743074
0t
0s
0r
1y
1c
0i
#15743473
1t
0s
0r
1y
1c
0i
#15744097
0t
0s
0r
1y
1c
0i
#15744497
1t
0s
0r
1y
1c
0i
#15745123
0t
0s
0r
1y
1c
0i
#15745522
1t
0s
0r
1y
1c
0i
#15746151
0t
0s
0r
1y
1c
0i
#15746552
1t
0s
0r
1y
1c
0i
#15747177
0t
0s
0r
1y
1c
1i
#15747579
1t
0s
0r
1y
1c
1i
#15748209
0t
0s
0r
1y
0c
1i
#15748610
1t
0s
0r
1y
0c
1i
#15749244
0t
0s
0r
1y
0c
1i
#15749644
1t
0s
0r
1y
0c
1i
#15750276
0t
0s
0r
1y
0c
1i
#15750680
1t
0s
0r
1y
0c
1i
#15751314
0t
0s
0r
1y
0c
1i
#15751718
1t
0s
0r
1y
0c
0i
#15752356
0t
0s
0r
1y
0c
0i
#15752758
1t
0s
0r
1y
0c
0i
#15753392
0t
0s
0r
1y
0c
0i
#15753796
1t
0s
0r
1y
0c
0i
#15754431
0t
0s
0r
1y
0c
0i
#15754835
1t
0s
0r
1y
0c
0i
#15755472
0t
0s
0r
1y
0c
0i
#15755873
1t
0s
0r
1y
0c
0i
#15756505
0t
0s
0r
1y
0c
0i
#15756909
1t
0s
0r
1y
0c
0i
#15757540
0t
0s
0r
1y
0c
0i
#15757943
1t
0s
0r
1y
0c
0i
#15758576
0t
0s
0r
1y
0c
0i
#15758974
1t
0s
0r
1y
0c
0i
#15759602
0t
0s
0r
1y
0c
0i
#15760000
1t
0s
0r
1y
0c
0i
#15760627
0t
0s
0r
1y
0c
0i
#15761023
1t
0s
0r
1y
0c
0i
#15761651
0t
0s
0r
1y
0c
0i
#15762045
1t
0s
0r
1y
0c
0i
#15762667
0t
0s
0r
1y
0c
0i
#15763062
1t
0s
0r
1y
0c
0i
#15763685
0t
0s
0r
1y
0c
0i
#15764079
1t
0s
0r
1y
0c
0i
#15764705
0t
0s
0r
1y
0c
0i
#15765098
1t
0s
0r
1y
0c
0i
#15765719
0t
0s
0r
1y
0c
0i
#15766115
1t
0s
0r
1y
0c
0i
#15766737
0t
0s
0r
1y
0c
0i
#15767134
1t
0s
0r
1y
0c
0i
#15767758
0t
0s
0r
1y
0c
0i
#15768154
1t
0s
0r
1y
0c
0i
#15768774
0t
0s
0r
1y
0c
0i
#15769172
1t
0s
0r
1y
0c
0i
#15769794
0t
0s
0r
1y
0c
0i
#15770191
1t
0s
0r
1y
0c
0i
#15770816
0t
0s
0r
1y
0c
0i
#15771212
1t
0s
0r
1y
0c
0i
#15771832
0t
0s
0r
1y
0c
0i
#15772230
1t
0s
0r
1y
0c
0i
#15772851
0t
0s
0r
1y
0c
0i
#15773249
1t
0s
0r
1y
0c
0i
#15773873
0t
0s
0r
1y
0c
0i
#15774270
1t
0s
0r
1y
0c
0i
#15774890
0t
0s
0r
1y
0c
0i
#15775288
1t
0s
0r
1y
0c
0i
#15775910
0t
0s
0r
1y
0c
0i
#15776308
1t
0s
0r
1y
0c
0i
#15776932
0t
0s
0r
1y
0c
0i
#15777331
1t
0s
0r
1y
0c
0i
#15777951
0t
0s
0r
1y
0c
1i
#15778352
1t
0s
0r
1y
0c
1i
#15778976
0t
0s
0r
1y
0c
1i
#15779376
1t
0s
0r
1y
1c
1i
#15780005
0t
0s
0r
1y
1c
1i
#15780404
1t
0s
0r
1y
1c
1i
#15781031
0t
0s
0r
1y
1c
1i
#15781433
1t
0s
0r
1y
1c
1i
#15782063
0t
0s
0r
1y
1c
1i
#15782465
1t
0s
0r
1y
1c
0i
#15783099
0t
0s
0r
1y
1c
0i
#15783499
1t
0s
0r
1y
1c
0i
#15784129
0t
0s
0r
1y
1c
0i
#15784532
1t
0s
0r
1y
1c
0i
#15785163
0t
0s
0r
1y
1c
0i
#15785566
1t
0s
0r
1y
1c
0i
#15786199
0t
0s
0r
1y
1c
0i
#15786601
1t
0s
0r
1y
1c
0i
#15787230
0t
0s
0r
1y
1c
0i
#15787634
1t
0s
0r
1y
1c
0i
#15788263
0t
0s
0r
1y
1c
0i
#15788668
1t
0s
0r
1y
1c
0i
#15789299
0t
0s
0r
1y
1c
0i
#15789702
1t
0s
0r
1y
1c
0i
#15790330
0t
0s
0r
1y
1c
0i
#15790733
1t
0s
0r
1y
1c
0i
#15791361
0t
0s
0r
1y
1c
0i
#15791763
1t
0s
0r
1y
1c
0i
#15792392
0t
0s
0r
1y
1c
0i
#15792794
1t
0s
0r
1y
1c
0i
#15793418
0t
0s
0r
1y
1c
0i
#15793820
1t
0s
0r
1y
1c
0i
#15794444
0t
0s
0r
1y
1c
0i
#15794845
1t
0s
0r
1y
1c
0i
#15795470
0t
0s
0r
1y
1c
0i
#15795870
1t
0s
0r
1y
1c
0i
#15797491
0t
0s
0r
1y
1c
0i
#15798637
1t
0s
0r
1y
1c
0i
#15799566
0t
0s
0r
1y
1c
0i
#15799952
1t
0s
0r
1y
1c
0i
#15800578
0t
0s
0r
1y
1c
0i
#15800974
1t
0s
0r
1y
1c
0i
#15801597
0t
0s
0r
1y
1c
0i
#15801994
1t
0s
0r
1y
1c
0i
#15802617
0t
0s
0r
1y
1c
0i
#15803015
1t
0s
0r
1y
1c
0i
#15803638
0t
0s
0r
1y
1c
0i
#15804035
1t
0s
0r
1y
1c
0i
#15804661
0t
0s
0r
1y
1c
0i
#15805057
1t
0s
0r
1y
1c
0i
#15805679
0t
0s
0r
1y
1c
0i
#15806077
1t
0s
0r
1y
1c
0i
#15806701
0t
0s
0r
1y
1c
0i
#15807099
1t
0s
0r
1y
1c
0i
#15807725
0t
0s
0r
1y
1c
0i
#15808124
1t
0s
0r
1y
1c
0i
#15808747
0t
0s
0r
1y
1c
1i
#15809148
1t
0s
0r
1y
0c
1i
#15809774
0t
0s
0r
1y
0c
1i
#15810175
1t
0s
0r
1y
0c
1i
#15810806
0t
0s
0r
1y
0c
1i
#15811205
1t
0s
0r
1y
0c
1i
#15811834
0t
0s
0r
1y
0c
1i
#15812236
1t
0s
0r
1y
0c
1i
#15812868
0t
0s
0r
1y
0c
1i
#15813270
1t
0s
0r
1y
0c
0i
#15813441
1t
0s
1r
1y
0c
0i
#15813443
1t
0s
0r
1y
0c
0i
#15813905
0t
0s
0r
1y
0c
0i
#15814307
1t
0s
0r
1y
0c
0i
#15814938
0t
0s
0r
1y
0c
0i
#15815340
1t
0s
0r
1y
0c
0i
#15815972
0t
0s
0r
1y
0c
0i
#15816373
1t
0s
0r
1y
0c
0i
#15817007
0t
0s
0r
1y
0c
0i
#15817406
1t
0s
0r
1y
0c
0i
#15818033
0t
0s
0r
1y
0c
0i
#15818434
1t
0s
0r
1y
0c
0i
#15819059
0t
0s
0r
1y
0c
0i
#15819457
1t
0s
0r
1y
0c
0i
#15820081
0t
0s
0r
1y
0c
0i
#15820476
1t
0s
0r
1y
0c
0i
#15821095
0t
0s
0r
1y
0c
0i
#15821489
1t
0s
0r
1y
0c
0i
#15822107
0t
0s
0r
1y
0c
0i
#15822499
1t
0s
0r
1y
0c
0i
#15823120
0t
0s
0r
1y
0c
0i
#15823510
1t
0s
0r
1y
0c
0i
#15824125
0t
0s
0r
1y
0c
0i
#15824517
1t
0s
0r
1y
0c
0i
#15825133
0t
0s
0r
1y
0c
0i
#15825524
1t
0s
0r
1y
0c
0i
#15826144
0t
0s
0r
1y
0c
0i
#15826534
1t
0s
0r
1y
0c
0i
#15827150
0t
0s
0r
1y
0c
0i
#15827543
1t
0s
0r
1y
0c
0i
#15828159
0t
0s
0r
1y
0c
0i
#15828553
1t
0s
0r
1y
0c
0i
#15829172
0t
0s
0r
1y
0c
0i
#15829564
1t
0s
0r
1y
0c
0i
#15830180
0t
0s
0r
1y
0c
0i
#15830574
1t
0s
0r
1y
0c
0i
#15831191
0t
0s
0r
1y
0c
0i
#15831585
1t
0s
0r
1y
0c
0i
#15832204
0t
0s
0r
1y
0c
0i
#15832597
1t
0s
0r
1y
0c
0i
#15833212
0t
0s
0r
1y
0c
0i
#15833608
1t
0s
0r
1y
0c
0i
#15834224
0t
0s
0r
1y
0c
0i
#15834619
1t
0s
0r
1y
0c
0i
#15835238
0t
0s
0r
1y
0c
0i
#15835631
1t
0s
0r
1y
0c
0i
#15836247
0t
0s
0r
1y
0c
0i
#15836642
1t
0s
0r
1y
0c
0i
#15837259
0t
0s
0r
1y
0c
0i
#15837654
1t
0s
0r
1y
0c
0i
#15838274
0t
0s
0r
1y
0c
0i
#15838670
1t
0s
0r
1y
0c
0i
#15839286
0t
0s
0r
1y
0c
1i
#15839684
1t
0s
0r
1y
0c
1i
#15840304
0t
0s
0r
1y
1c
1i
#15840701
1t
0s
0r
1y
1c
1i
#15841326
0t
0s
0r
1y
1c
1i
#15841723
1t
0s
0r
1y
1c
1i
#15842346
0t
0s
0r
1y
1c
1i
#15842746
1t
0s
0r
1y
1c
1i
#15843371
0t
0s
0r
1y
1c
1i
#15843771
1t
0s
0r
1y
1c
0i
#15844401
0t
0s
0r
1y
1c
0i
#15844800
1t
0s
0r
1y
1c
0i
#15845426
0t
0s
0r
1y
1c
0i
#15845827
1t
0s
0r
1y
1c
0i
#15846454
0t
0s
0r
1y
1c
0i
#15846854
1t
0s
0r
1y
1c
0i
#15847484
0t
0s
0r
1y
1c
0i
#15847883
1t
0s
0r
1y
1c
0i
#15848507
0t
0s
0r
1y
1c
0i
#15848910
1t
0s
0r
1y
1c
0i
#15849534
0t
0s
0r
1y
1c
0i
#15849935
1t
0s
0r
1y
1c
0i
#15850561
0t
0s
0r
1y
1c
0i
#15850960
1t
0s
0r
1y
1c
0i
#15851581
0t
0s
0r
1y
1c
0i
#15851980
1t
0s
0r
1y
1c
0i
#15852600
0t
0s
0r
1y
1c
0i
#15852999
1t
0s
0r
1y
1c
0i
#15853619
0t
0s
0r
1y
1c
0i
#15854017
1t
0s
0r
1y
1c
0i
#15854632
0t
0s
0r
1y
1c
0i
#15855030
1t
0s
0r
1y
1c
0i
#15855646
0t
0s
0r
1y
1c
0i
#15856043
1t
0s
0r
1y
1c
0i
#15856660
0t
0s
0r
1y
1c
0i
#15857055
1t
0s
0r
1y
1c
0i
#15858657
0t
0s
0r
1y
1c
0i
#15859793
1t
0s
0r
1y
1c
0i
#15860712
0t
0s
0r
1y
1c
0i
#15861094
1t
0s
0r
1y
1c
0i
#15861713
0t
0s
0r
1y
1c
0i
#15862106
1t
0s
0r
1y
1c
0i
#15862723
0t
0s
0r
1y
1c
0i
#15863117
1t
0s
0r
1y
1c
0i
#15863733
0t
0s
0r
1y
1c
0i
#15864129
1t
0s
0r
1y
1c
0i
#15864745
0t
0s
0r
1y
1c
0i
#15865140
1t
0s
0r
1y
1c
0i
#15865758
0t
0s
0r
1y
1c
0i
#15866152
1t
0s
0r
1y
1c
0i
#15866768
0t
0s
0r
1y
1c
0i
#15867163
1t
0s
0r
1y
1c
0i
#15867780
0t
0s
0r
1y
1c
0i
#15868174
1t
0s
0r
1y
1c
0i
#15868794
0t
0s
0r
1y
1c
0i
#15869190
1t
0s
0r
1y
1c
0i
#15869806
0t
0s
0r
1y
1c
1i
#15870203
1t
0s
0r
1y
1c
1i
#15870823
0t
0s
0r
1y
0c
1i
#15871219
1t
0s
0r
1y
0c
1i
#15871843
0t
0s
0r
1y
0c
1i
#15872238
1t
0s
0r
1y
0c
1i
#15872860
0t
0s
0r
1y
0c
1i
#15873258
1t
0s
0r
1y
0c
1i
#15873882
0t
0s
0r
1y
0c
1i
#15874280
1t
0s
0r
1y
0c
0i
#15874908
0t
0s
0r
1y
0c
0i
#15875305
1t
0s
0r
1y
0c
0i
#15875928
0t
0s
0r
1y
0c
0i
#15876327
1t
0s
0r
1y
0c
0i
#15876951
0t
0s
0r
1y
0c
0i
#15877349
1t
0s
0r
1y
0c
0i
#15877976
0t
0s
0r
1y
0c
0i
#15878372
1t
0s
0r
1y
0c
0i
#15878995
0t
0s
0r
1y
0c
0i
#15879395
1t
0s
0r
1y
0c
0i
#15880018
0t
0s
0r
1y
0c
0i
#15880417
1t
0s
0r
1y
0c
0i
#15881045
0t
0s
0r
1y
0c
0i
#15881442
1t
0s
0r
1y
0c
0i
#15882067
0t
0s
0r
1y
0c
0i
#15882466
1t
0s
0r
1y
0c
0i
#15883093
0t
0s
0r
1y
0c
0i
#15883491
1t
0s
0r
1y
0c
0i
#15884123
0t
0s
0r
1y
0c
0i
#15884519
1t
0s
0r
1y
0c
0i
#15885147
0t
0s
0r
1y
0c
0i
#15885546
1t
0s
0r
1y
0c
0i
#15886176
0t
0s
0r
1y
0c
0i
#15886574
1t
0s
0r
1y
0c
0i
#15887207
0t
0s
0r
1y
0c
0i
#15887604
1t
0s
0r
1y
0c
0i
#15888233
0t
0s
0r
1y
0c
0i
#15888633
1t
0s
0r
1y
0c
0i
#15889262
0t
0s
0r
1y
0c
0i
#15889662
1t
0s
0r
1y
0c
0i
#15890293
0t
0s
0r
1y
0c
0i
#15890692
1t
0s
0r
1y
0c
0i
#15891318
0t
0s
0r
1y
0c
0i
#15891718
1t
0s
0r
1y
0c
0i
#15892346
0t
0s
0r
1y
0c
0i
#15892745
1t
0s
0r
1y
0c
0i
#15893375
0t
0s
0r
1y
0c
0i
#15893773
1t
0s
0r
1y
0c
0i
#15894398
0t
0s
0r
1y
0c
0i
#15894799
1t
0s
0r
1y
0c
0i
#15895425
0t
0s
0r
1y
0c
0i
#15895825
1t
0s
0r
1y
0c
0i
#15896454
0t
0s
0r
1y
0c
0i
#15896853
1t
0s
0r
1y
0c
0i
#15897479
0t
0s
0r
1y
0c
0i
#15897880
1t
0s
0r
1y
0c
0i
#15898508
0t
0s
0r
1y
0c
0i
#15898909
1t
0s
0r
1y
0c
0i
#15899539
0t
0s
0r
1y
0c
0i
#15899941
1t
0s
0r
1y
0c
0i
#15900569
0t
0s
0r
1y
0c
1i
#15900972
1t
0s
0r
1y
0c
1i
#15901603
0t
0s
0r
1y
0c
1i
#15902007
1t
0s
0r
1y
1c
1i
#15902643
0t
0s
0r
1y
1c
1i
#15903046
1t
0s
0r
1y
1c
1i
#15903680
0t
0s
0r
1y
1c
1i
#15904085
1t
0s
0r
1y
1c
1i
#15904721
0t
0s
0r
1y
1c
1i
#15905127
1t
0s
0r
1y
1c
0i
#15905767
0t
0s
0r
1y
1c
0i
#15906171
1t
0s
0r
1y
1c
0i
#15906807
0t
0s
0r
1y
1c
0i
#15907213
1t
0s
0r
1y
1c
0i
#15907850
0t
0s
0r
1y
1c
0i
#15908255
1t
0s
0r
1y
1c
0i
#15908894
0t
0s
0r
1y
1c
0i
#15909298
1t
0s
0r
1y
1c
0i
#15909931
0t
0s
0r
1y
1c
0i
#15910339
1t
0s
0r
1y
1c
0i
#15910973
0t
0s
0r
1y
1c
0i
#15911379
1t
0s
0r
1y
1c
0i
#15912016
0t
0s
0r
1y
1c
0i
#15912421
1t
0s
0r
1y
1c
0i
#15913054
0t
0s
0r
1y
1c
0i
#15913460
1t
0s
0r
1y
1c
0i
#15914094
0t
0s
0r
1y
1c
0i
#15914500
1t
0s
0r
1y
1c
0i
#15915135
0t
0s
0r
1y
1c
0i
#15915541
1t
0s
0r
1y
1c
0i
#15916172
0t
0s
0r
1y
1c
0i
#15916578
1t
0s
0r
1y
1c
0i
#15917209
0t
0s
0r
1y
1c
0i
#15917614
1t
0s
0r
1y
1c
0i
#15918248
0t
0s
0r
1y
1c
0i
#15918651
1t
0s
0r
1y
1c
0i
#15920292
0t
0s
0r
1y
1c
0i
#15921451
1t
0s
0r
1y
1c
0i
#15922392
0t
0s
0r
1y
1c
0i
#15922782
1t
0s
0r
1y
1c
0i
#15923416
0t
0s
0r
1y
1c
0i
#15923817
1t
0s
0r
1y
1c
0i
#15924448
0t
0s
0r
1y
1c
0i
#15924849
1t
0s
0r
1y
1c
0i
#15925480
0t
0s
0r
1y
1c
0i
#15925883
1t
0s
0r
1y
1c
0i
#15926513
0t
0s
0r
1y
1c
0i
#15926915
1t
0s
0r
1y
1c
0i
#15927548
0t
0s
0r
1y
1c
0i
#15927949
1t
0s
0r
1y
1c
0i
#15928579
0t
0s
0r
1y
1c
0i
#15928980
1t
0s
0r
1y
1c
0i
#15929611
0t
0s
0r
1y
1c
0i
#15930013
1t
0s
0r
1y
1c
0i
#15930647
0t
0s
0r
1y
1c
0i
#15931050
1t
0s
0r
1y
1c
0i
#15931680
0t
0s
0r
1y
1c
0i
#15932085
1t
0s
0r
1y
1c
1i
#15932719
0t
0s
0r
1y
1c
1i
#15933123
1t
0s
0r
1y
0c
1i
#15933762
0t
0s
0r
1y
0c
1i
#15934165
1t
0s
0r
1y
0c
1i
#15934802
0t
0s
0r
1y
0c
1i
#15935208
1t
0s
0r
1y
0c
1i
#15935847
0t
0s
0r
1y
0c
1i
#15936130
0t
0s
1r
1y
0c
1i
#15936132
0t
0s
0r
1y
0c
1i
#15936254
1t
0s
0r
1y
0c
0i
#15936896
0t
0s
0r
1y
0c
0i
#15937302
1t
0s
0r
1y
0c
0i
#15937941
0t
0s
0r
1y
0c
0i
#15938348
1t
0s
0r
1y
0c
0i
#15938988
0t
0s
0r
1y
0c
0i
#15939394
1t
0s
0r
1y
0c
0i
#15940037
0t
0s
0r
1y
0c
0i
#15940442
1t
0s
0r
1y
0c
0i
#15941080
0t
0s
0r
1y
0c
0i
#15941487
1t
0s
0r
1y
0c
0i
#15942126
0t
0s
0r
1y
0c
0i
#15942532
1t
0s
0r
1y
0c
0i
#15943174
0t
0s
0r
1y
0c
0i
#15943577
1t
0s
0r
1y
0c
0i
#15944214
0t
0s
0r
1y
0c
0i
#15944618
1t
0s
0r
1y
0c
0i
#15945255
0t
0s
0r
1y
0c
0i
#15945658
1t
0s
0r
1y
0c
0i
#15946298
0t
0s
0r
1y
0c
0i
#15946697
1t
0s
0r
1y
0c
0i
#15947331
0t
0s
0r
1y
0c
0i
#15947733
1t
0s
0r
1y
0c
0i
#15948368
0t
0s
0r
1y
0c
0i
#15948768
1t
0s
0r
1y
0c
0i
#15949406
0t
0s
0r
1y
0c
0i
#15949805
1t
0s
0r
1y
0c
0i
#15950439
0t
0s
0r
1y
0c
0i
#15950840
1t
0s
0r
1y
0c
0i
#15951473
0t
0s
0r
1y
0c
0i
#15951875
1t
0s
0r
1y
0c
0i
#15952511
0t
0s
0r
1y
0c
0i
#15952912
1t
0s
0r
1y
0c
0i
#15953543
0t
0s
0r
1y
0c
0i
#15953946
1t
0s
0r
1y
0c
0i
#15954580
0t
0s
0r
1y
0c
0i
#15954982
1t
0s
0r
1y
0c
0i
#15955618
0t
0s
0r
1y
0c
0i
#15956019
1t
0s
0r
1y
0c
0i
#15956651
0t
0s
0r
1y
0c
0i
#15957054
1t
0s
0r
1y
0c
0i
#15957687
0t
0s
0r
1y
0c
0i
#15958090
1t
0s
0r
1y
0c
0i
#15958726
0t
0s
0r
1y
0c
0i
#15959128
1t
0s
0r
1y
0c
0i
#15959761
0t
0s
0r
1y
0c
0i
#15960165
1t
0s
0r
1y
0c
0i
#15960799
0t
0s
0r
1y
0c
0i
#15961203
1t
0s
0r
1y
0c
0i
#15961839
0t
0s
0r
1y
0c
0i
#15962245
1t
0s
0r
1y
0c
0i
#15962878
0t
0s
0r
1y
0c
0i
#15963285
1t
0s
0r
1y
0c
1i
#15963922
0t
0s
0r
1y
0c
1i
#15964328
1t
0s
0r
1y
1c
1i
#15964970
0t
0s
0r
1y
1c
1i
#15965376
1t
0s
0r
1y
1c
1i
#15966016
0t
0s
0r
1y
1c
1i
#15966424
1t
0s
0r
1y
1c
1i
#15967067
0t
0s
0r
1y
1c
1i
#15967476
1t
0s
0r
1y
1c
0i
#15968123
0t
0s
0r
1y
1c
0i
#15968530
1t
0s
0r
1y
1c
0i
#15969172
0t
0s
0r
1y
1c
0i
#15969581
1t
0s
0r
1y
1c
0i
#15970225
0t
0s
0r
1y
1c
0i
#15970633
1t
0s
0r
1y
1c
0i
#15971279
0t
0s
0r
1y
1c
0i
#15971686
1t
0s
0r
1y
1c
0i
#15972326
0t
0s
0r
1y
1c
0i
#15972737
1t
0s
0r
1y
1c
0i
#15973377
0t
0s
0r
1y
1c
0i
#15973786
1t
0s
0r
1y
1c
0i
#15974429
0t
0s
0r
1y
1c
0i
#15974836
1t
0s
0r
1y
1c
0i
#15975473
0t
0s
0r
1y
1c
0i
#15975882
1t
0s
0r
1y
1c
0i
#15976518
0t
0s
0r
1y
1c
0i
#15976925
1t
0s
0r
1y
1c
0i
#15977563
0t
0s
0r
1y
1c
0i
#15977969
1t
0s
0r
1y
1c
0i
#15978601
0t
0s
0r
1y
1c
0i
#15979008
1t
0s
0r
1y
1c
0i
#15979640
0t
0s
0r
1y
1c
0i
#15980045
1t
0s
0r
1y
1c
0i
#15980680
0t
0s
0r
1y
1c
0i
#15981083
1t
0s
0r
1y
1c
0i
#15982729
0t
0s
0r
1y
1c
0i
#15983889
1t
0s
0r
1y
1c
0i
#15984833
0t
0s
0r
1y
1c
0i
#15985225
1t
0s
0r
1y
1c
0i
#15985860
0t
0s
0r
1y
1c
0i
#15986262
1t
0s
0r
1y
1c
0i
#15986896
0t
0s
0r
1y
1c
0i
#15987298
1t
0s
0r
1y
1c
0i
#15987931
0t
0s
0r
1y
1c
0i
#15988335
1t
0s
0r
1y
1c
0i
#15988967
0t
0s
0r
1y
1c
0i
#15989370
1t
0s
0r
1y
1c
0i
#15990006
0t
0s
0r
1y
1c
0i
#15990408
1t
0s
0r
1y
1c
0i
#15991039
0t
0s
0r
1y
1c
0i
#15991442
1t
0s
0r
1y
1c
0i
#15992076
0t
0s
0r
1y
1c
0i
#15992479
1t
0s
0r
1y
1c
0i
#15993115
0t
0s
0r
1y
1c
0i
#15993519
1t
0s
0r
1y
1c
0i
#15994152
0t
0s
0r
1y
1c
0i
#15994558
1t
0s
0r
1y
1c
1i
#15995194
0t
0s
0r
1y
1c
1i
#15995600
1t
0s
0r
1y
0c
1i
#15996240
0t
0s
0r
1y
0c
1i
#15996645
1t
0s
0r
1y
0c
1i
#15997285
0t
0s
0r
1y
0c
1i
#15997692
1t
0s
0r
1y
0c
1i
#15998333
0t
0s
0r
1y
0c
1i
#15998741
1t
0s
0r
1y
0c
0i
#15999386
0t
0s
0r
1y
0c
0i
#15999794
1t
0s
0r
1y
0c
0i
#16000435
0t
0s
0r
1y
0c
0i
#16000844
1t
0s
0r
1y
0c
0i
#16001487
0t
0s
0r
1y
0c
0i
#16001894
1t
0s
0r
1y
0c
0i
#16002540
0t
0s
0r
1y
0c
0i
#16002946
1t
0s
0r
1y
0c
0i
#16003588
0t
0s
0r
1y
0c
0i
#16003997
1t
0s
0r
1y
0c
0i
#16004639
0t
0s
0r
1y
0c
0i
#16005046
1t
0s
0r
1y
0c
0i
#16005690
0t
0s
0r
1y
0c
0i
#16006096
1t
0s
0r
1y
0c
0i
#16006736
0t
0s
0r
1y
0c
0i
#16007142
1t
0s
0r
1y
0c
0i
#16007783
0t
0s
0r
1y
0c
0i
#16008187
1t
0s
0r
1y
0c
0i
#16008830
0t
0s
0r
1y
0c
0i
#16009232
1t
0s
0r
1y
0c
0i
#16009869
0t
0s
0r
1y
0c
0i
#16010272
1t
0s
0r
1y
0c
0i
#16010910
0t
0s
0r
1y
0c
0i
#16011312
1t
0s
0r
1y
0c
0i
#16011951
0t
0s
0r
1y
0c
0i
#16012352
1t
0s
0r
1y
0c
0i
#16012987
0t
0s
0r
1y
0c
0i
#16013390
1t
0s
0r
1y
0c
0i
#16014024
0t
0s
0r
1y
0c
0i
#16014428
1t
0s
0r
1y
0c
0i
#16015065
0t
0s
0r
1y
0c
0i
#16015467
1t
0s
0r
1y
0c
0i
#16016100
0t
0s
0r
1y
0c
0i
#16016504
1t
0s
0r
1y
0c
0i
#16017138
0t
0s
0r
1y
0c
0i
#16017542
1t
0s
0r
1y
0c
0i
#16018179
0t
0s
0r
1y
0c
0i
#16018581
1t
0s
0r
1y
0c
0i
#16019213
0t
0s
0r
1y
0c
0i
#16019618
1t
0s
0r
1y
0c
0i
#16020252
0t
0s
0r
1y
0c
0i
#16020656
1t
0s
0r
1y
0c
0i
#16021293
0t
0s
0r
1y
0c
0i
#16021696
1t
0s
0r
1y
0c
0i
#16022329
0t
0s
0r
1y
0c
0i
#16022734
1t
0s
0r
1y
0c
0i
#16023369
0t
0s
0r
1y
0c
0i
#16023774
1t
0s
0r
1y
0c
0i
#16024412
0t
0s
0r
1y
0c
0i
#16024818
1t
0s
0r
1y
0c
0i
#16025452
0t
0s
0r
1y
0c
0i
#16025860
1t
0s
0r
1y
0c
1i
#16026497
0t
0s
0r
1y
1c
1i
#16026905
1t
0s
0r
1y
1c
1i
#16027548
0t
0s
0r
1y
1c
1i
#16027954
1t
0s
0r
1y
1c
1i
#16028595
0t
0s
0r
1y
1c
1i
#16029004
1t
0s
0r
1y
1c
1i
#16029648
0t
0s
0r
1y
1c
1i
#16030056
1t
0s
0r
1y
1c
0i
#16030704
0t
0s
0r
1y
1c
0i
#16031112
1t
0s
0r
1y
1c
0i
#16031755
0t
0s
0r
1y
1c
0i
#16032165
1t
0s
0r
1y
1c
0i
#16032810
0t
0s
0r
1y
1c
0i
#16033219
1t
0s
0r
1y
1c
0i
#16033865
0t
0s
0r
1y
1c
0i
#16034274
1t
0s
0r
1y
1c
0i
#16034915
0t
0s
0r
1y
1c
0i
#16035325
1t
0s
0r
1y
1c
0i
#16035966
0t
0s
0r
1y
1c
0i
#16036375
1t
0s
0r
1y
1c
0i
#16037018
0t
0s
0r
1y
1c
0i
#16037425
1t
0s
0r
1y
1c
0i
#16038062
0t
0s
0r
1y
1c
0i
#16038469
1t
0s
0r
1y
1c
0i
#16039105
0t
0s
0r
1y
1c
0i
#16039511
1t
0s
0r
1y
1c
0i
#16040148
0t
0s
0r
1y
1c
0i
#16040553
1t
0s
0r
1y
1c
0i
#16041183
0t
0s
0r
1y
1c
0i
#16041589
1t
0s
0r
1y
1c
0i
#16042220
0t
0s
0r
1y
1c
0i
#16042625
1t
0s
0r
1y
1c
0i
#16043258
0t
0s
0r
1y
1c
0i
#16043661
1t
0s
0r
1y
1c
0i
#16045304
0t
0s
0r
1y
1c
0i
#16046463
1t
0s
0r
1y
1c
0i
#16047405
0t
0s
0r
1y
1c
0i
#16047796
1t
0s
0r
1y
1c
0i
#16048431
0t
0s
0r
1y
1c
0i
#16048832
1t
0s
0r
1y
1c
0i
#16049464
0t
0s
0r
1y
1c
0i
#16049866
1t
0s
0r
1y
1c
0i
#16050498
0t
0s
0r
1y
1c
0i
#16050901
1t
0s
0r
1y
1c
0i
#16051533
0t
0s
0r
1y
1c
0i
#16051935
1t
0s
0r
1y
1c
0i
#16052569
0t
0s
0r
1y
1c
0i
#16052971
1t
0s
0r
1y
1c
0i
#16053601
0t
0s
0r
1y
1c
0i
#16054004
1t
0s
0r
1y
1c
0i
#16054636
0t
0s
0r
1y
1c
0i
#16055039
1t
0s
0r
1y
1c
0i
#16055674
0t
0s
0r
1y
1c
0i
#16056077
1t
0s
0r
1y
1c
0i
#16056709
0t
0s
0r
1y
1c
0i
#16057115
1t
0s
0r
1y
1c
1i
#16057749
0t
0s
0r
1y
0c
1i
#16058154
1t
0s
0r
1y
0c
1i
#16058794
0t
0s
0r
1y
0c
1i
#16059198
1t
0s
0r
1y
0c
1i
#16059837
0t
0s
0r
1y
0c
1i
#16060243
1t
0s
0r
1y
0c
1i
#16060885
0t
0s
0r
1y
0c
1i
#16061291
1t
0s
0r
1y
0c
1i
#16061470
1t
0s
1r
1y
0c
0i
#16061473
1t
0s
0r
1y
0c
0i
#16061936
0t
0s
0r
1y
0c
0i
#16062342
1t
0s
0r
1y
0c
0i
#16062984
0t
0s
0r
1y
0c
0i
#16063391
1t
0s
0r
1y
0c
0i
#16064033
0t
0s
0r
1y
0c
0i
#16064440
1t
0s
0r
1y
0c
0i
#16065085
0t
0s
0r
1y
0c
0i
#16065490
1t
0s
0r
1y
0c
0i
#16066131
0t
0s
0r
1y
0c
0i
#16066540
1t
0s
0r
1y
0c
0i
#16067182
0t
0s
0r
1y
0c
0i
#16067589
1t
0s
0r
1y
0c
0i
#16068234
0t
0s
0r
1y
0c
0i
#16068640
1t
0s
0r
1y
0c
0i
#16069283
0t
0s
0r
1y
0c
0i
#16069690
1t
0s
0r
1y
0c
0i
#16070335
0t
0s
0r
1y
0c
0i
#16070741
1t
0s
0r
1y
0c
0i
#16071390
0t
0s
0r
1y
0c
0i
#16071795
1t
0s
0r
1y
0c
0i
#16072441
0t
0s
0r
1y
0c
0i
#16072848
1t
0s
0r
1y
0c
0i
#16073495
0t
0s
0r
1y
0c
0i
#16073901
1t
0s
0r
1y
0c
0i
#16074551
0t
0s
0r
1y
0c
0i
#16074957
1t
0s
0r
1y
0c
0i
#16075603
0t
0s
0r
1y
0c
0i
#16076011
1t
0s
0r
1y
0c
0i
#16076657
0t
0s
0r
1y
0c
0i
#16077066
1t
0s
0r
1y
0c
0i
#16077713
0t
0s
0r
1y
0c
0i
#16078121
1t
0s
0r
1y
0c
0i
#16078764
0t
0s
0r
1y
0c
0i
#16079173
1t
0s
0r
1y
0c
0i
#16079818
0t
0s
0r
1y
0c
0i
#16080226
1t
0s
0r
1y
0c
0i
#16080874
0t
0s
0r
1y
0c
0i
#16081281
1t
0s
0r
1y
0c
0i
#16081924
0t
0s
0r
1y
0c
0i
#16082334
1t
0s
0r
1y
0c
0i
#16082978
0t
0s
0r
1y
0c
0i
#16083387
1t
0s
0r
1y
0c
0i
#16084036
0t
0s
0r
1y
0c
0i
#16084443
1t
0s
0r
1y
0c
0i
#16085088
0t
0s
0r
1y
0c
0i
#16085498
1t
0s
0r
1y
0c
0i
#16086145
0t
0s
0r
1y
0c
0i
#16086555
1t
0s
0r
1y
0c
0i
#16087204
0t
0s
0r
1y
0c
0i
#16087617
1t
0s
0r
1y
0c
0i
#16088263
0t
0s
0r
1y
0c
0i
#16088677
1t
0s
0r
1y
0c
1i
#16089327
0t
0s
0r
1y
1c
1i
#16089741
1t
0s
0r
1y
1c
1i
#16090397
0t
0s
0r
1y
1c
1i
#16090809
1t
0s
0r
1y
1c
1i
#16091463
0t
0s
0r
1y
1c
1i
#16091878
1t
0s
0r
1y
1c
1i
#16092535
0t
0s
0r
1y
1c
1i
#16092950
1t
0s
0r
1y
1c
0i
#16093610
0t
0s
0r
1y
1c
0i
#16094024
1t
0s
0r
1y
1c
0i
#16094680
0t
0s
0r
1y
1c
0i
#16095095
1t
0s
0r
1y
1c
0i
#16095751
0t
0s
0r
1y
1c
0i
#16096166
1t
0s
0r
1y
1c
0i
#16096825
0t
0s
0r
1y
1c
0i
#16097239
1t
0s
0r
1y
1c
0i
#16097891
0t
0s
0r
1y
1c
0i
#16098308
1t
0s
0r
1y
1c
0i
#16098960
0t
0s
0r
1y
1c
0i
#16099376
1t
0s
0r
1y
1c
0i
#16100030
0t
0s
0r
1y
1c
0i
#16100444
1t
0s
0r
1y
1c
0i
#16101093
0t
0s
0r
1y
1c
0i
#16101508
1t
0s
0r
1y
1c
0i
#16102157
0t
0s
0r
1y
1c
0i
#16102570
1t
0s
0r
1y
1c
0i
#16103220
0t
0s
0r
1y
1c
0i
#16103633
1t
0s
0r
1y
1c
0i
#16104277
0t
0s
0r
1y
1c
0i
#16104691
1t
0s
0r
1y
1c
0i
#16105335
0t
0s
0r
1y
1c
0i
#16105747
1t
0s
0r
1y
1c
0i
#16106394
0t
0s
0r
1y
1c
0i
#16106805
1t
0s
0r
1y
1c
0i
#16108481
0t
0s
0r
1y
1c
0i
#16109664
1t
0s
0r
1y
1c
0i
#16110625
0t
0s
0r
1y
1c
0i
#16111023
1t
0s
0r
1y
1c
0i
#16111671
0t
0s
0r
1y
1c
0i
#16112080
1t
0s
0r
1y
1c
0i
#16112725
0t
0s
0r
1y
1c
0i
#16113135
1t
0s
0r
1y
1c
0i
#16113780
0t
0s
0r
1y
1c
0i
#16114191
1t
0s
0r
1y
1c
0i
#16114835
0t
0s
0r
1y
1c
0i
#16115245
1t
0s
0r
1y
1c
0i
#16115892
0t
0s
0r
1y
1c
0i
#16116301
1t
0s
0r
1y
1c
0i
#16116945
0t
0s
0r
1y
1c
0i
#16117354
1t
0s
0r
1y
1c
0i
#16118000
0t
0s
0r
1y
1c
0i
#16118410
1t
0s
0r
1y
1c
0i
#16119059
0t
0s
0r
1y
1c
0i
#16119469
1t
0s
0r
1y
1c
0i
#16120114
0t
0s
0r
1y
1c
0i
#16120527
1t
0s
0r
1y
1c
1i
#16121176
0t
0s
0r
1y
0c
1i
#16121588
1t
0s
0r
1y
0c
1i
#16122242
0t
0s
0r
1y
0c
1i
#16122653
1t
0s
0r
1y
0c
1i
#16123306
0t
0s
0r
1y
0c
1i
#16123720
1t
0s
0r
1y
0c
1i
#16124374
0t
0s
0r
1y
0c
1i
#16124789
1t
0s
0r
1y
0c
0i
#16125448
0t
0s
0r
1y
0c
0i
#16125861
1t
0s
0r
1y
0c
0i
#16126516
0t
0s
0r
1y
0c
0i
#16126931
1t
0s
0r
1y
0c
0i
#16127588
0t
0s
0r
1y
0c
0i
#16128001
1t
0s
0r
1y
0c
0i
#16128661
0t
0s
0r
1y
0c
0i
#16129072
1t
0s
0r
1y
0c
0i
#16129726
0t
0s
0r
1y
0c
0i
#16130141
1t
0s
0r
1y
0c
0i
#16130794
0t
0s
0r
1y
0c
0i
#16131208
1t
0s
0r
1y
0c
0i
#16131864
0t
0s
0r
1y
0c
0i
#16132275
1t
0s
0r
1y
0c
0i
#16132928
0t
0s
0r
1y
0c
0i
#16133339
1t
0s
0r
1y
0c
0i
#16133991
0t
0s
0r
1y
0c
0i
#16134401
1t
0s
0r
1y
0c
0i
#16135055
0t
0s
0r
1y
0c
0i
#16135462
1t
0s
0r
1y
0c
0i
#16136110
0t
0s
0r
1y
0c
0i
#16136519
1t
0s
0r
1y
0c
0i
#16137167
0t
0s
0r
1y
0c
0i
#16137575
1t
0s
0r
1y
0c
0i
#16138227
0t
0s
0r
1y
0c
0i
#16138632
1t
0s
0r
1y
0c
0i
#16139280
0t
0s
0r
1y
0c
0i
#16139688
1t
0s
0r
1y
0c
0i
#16140334
0t
0s
0r
1y
0c
0i
#16140744
1t
0s
0r
1y
0c
0i
#16141393
0t
0s
0r
1y
0c
0i
#16141801
1t
0s
0r
1y
0c
0i
#16142446
0t
0s
0r
1y
0c
0i
#16142856
1t
0s
0r
1y
0c
0i
#16143502
0t
0s
0r
1y
0c
0i
#16143912
1t
0s
0r
1y
0c
0i
#16144562
0t
0s
0r
1y
0c
0i
#16144970
1t
0s
0r
1y
0c
0i
#16145615
0t
0s
0r
1y
0c
0i
#16146026
1t
0s
0r
1y
0c
0i
#16146672
0t
0s
0r
1y
0c
0i
#16147082
1t
0s
0r
1y
0c
0i
#16147731
0t
0s
0r
1y
0c
0i
#16148141
1t
0s
0r
1y
0c
0i
#16148787
0t
0s
0r
1y
0c
0i
#16149198
1t
0s
0r
1y
0c
0i
#16149845
0t
0s
0r
1y
0c
0i
#16150256
1t
0s
0r
1y
0c
0i
#16150907
0t
0s
0r
1y
0c
0i
#16151319
1t
0s
0r
1y
0c
0i
#16151966
0t
0s
0r
1y
0c
0i
#16152380
1t
0s
0r
1y
0c
1i
#16153031
0t
0s
0r
1y
1c
1i
#16153444
1t
0s
0r
1y
1c
1i
#16154100
0t
0s
0r
1y
1c
1i
#16154513
1t
0s
0r
1y
1c
1i
#16155166
0t
0s
0r
1y
1c
1i
#16155582
1t
0s
0r
1y
1c
1i
#16156239
0t
0s
0r
1y
1c
1i
#16156655
1t
0s
0r
1y
1c
0i
#16157316
0t
0s
0r
1y
1c
0i
#16157730
1t
0s
0r
1y
1c
0i
#16158386
0t
0s
0r
1y
1c
0i
#16158803
1t
0s
0r
1y
1c
0i
#16159460
0t
0s
0r
1y
1c
0i
#16159876
1t
0s
0r
1y
1c
0i
#16160536
0t
0s
0r
1y
1c
0i
#16160950
1t
0s
0r
1y
1c
0i
#16161604
0t
0s
0r
1y
1c
0i
#16162022
1t
0s
0r
1y
1c
0i
#16162675
0t
0s
0r
1y
1c
0i
#16163092
1t
0s
0r
1y
1c
0i
#16163748
0t
0s
0r
1y
1c
0i
#16164162
1t
0s
0r
1y
1c
0i
#16164813
0t
0s
0r
1y
1c
0i
#16165229
1t
0s
0r
1y
1c
0i
#16165880
0t
0s
0r
1y
1c
0i
#16166294
1t
0s
0r
1y
1c
0i
#16166946
0t
0s
0r
1y
1c
0i
#16167360
1t
0s
0r
1y
1c
0i
#16168006
0t
0s
0r
1y
1c
0i
#16168421
1t
0s
0r
1y
1c
0i
#16169067
0t
0s
0r
1y
1c
0i
#16169480
1t
0s
0r
1y
1c
0i
#16170129
0t
0s
0r
1y
1c
0i
#16170540
1t
0s
0r
1y
1c
0i
#16172220
0t
0s
0r
1y
1c
0i
#16173403
1t
0s
0r
1y
1c
0i
#16174366
0t
0s
0r
1y
1c
0i
#16174765
1t
0s
0r
1y
1c
0i
#16175414
0t
0s
0r
1y
1c
0i
#16175822
1t
0s
0r
1y
1c
0i
#16176469
0t
0s
0r
1y
1c
0i
#16176878
1t
0s
0r
1y
1c
0i
#16177525
0t
0s
0r
1y
1c
0i
#16177936
1t
0s
0r
1y
1c
0i
#16178582
0t
0s
0r
1y
1c
0i
#16178991
1t
0s
0r
1y
1c
0i
#16179640
0t
0s
0r
1y
1c
0i
#16180049
1t
0s
0r
1y
1c
0i
#16180694
0t
0s
0r
1y
1c
0i
#16181104
1t
0s
0r
1y
1c
0i
#16181751
0t
0s
0r
1y
1c
0i
#16182161
1t
0s
0r
1y
1c
0i
#16182811
0t
0s
0r
1y
1c
0i
#16183222
1t
0s
0r
1y
1c
0i
#16183868
0t
0s
0r
1y
1c
0i
#16184281
1t
0s
0r
1y
1c
1i
#16184931
0t
0s
0r
1y
0c
1i
#16185344
1t
0s
0r
1y
0c
1i
#16185999
0t
0s
0r
1y
0c
1i
#16186411
1t
0s
0r
1y
0c
1i
#16187065
0t
0s
0r
1y
0c
1i
#16187479
1t
0s
0r
1y
0c
1i
#16188136
0t
0s
0r
1y
0c
1i
#16188551
1t
0s
0r
1y
0c
1i
#16188735
1t
0s
1r
1y
0c
1i
#16188737
1t
0s
0r
1y
0c
1i
#16189211
0t
0s
0r
1y
0c
0i
#16189625
1t
0s
0r
1y
0c
0i
#16190282
0t
0s
0r
1y
0c
0i
#16190697
1t
0s
0r
1y
0c
0i
#16191355
0t
0s
0r
1y
0c
0i
#16191770
1t
0s
0r
1y
0c
0i
#16192431
0t
0s
0r
1y
0c
0i
#16192844
1t
0s
0r
1y
0c
0i
#16193499
0t
0s
0r
1y
0c
0i
#16193915
1t
0s
0r
1y
0c
0i
#16194571
0t
0s
0r
1y
0c
0i
#16194985
1t
0s
0r
1y
0c
0i
#16195644
0t
0s
0r
1y
0c
0i
#16196056
1t
0s
0r
1y
0c
0i
#16196711
0t
0s
0r
1y
0c
0i
#16197123
1t
0s
0r
1y
0c
0i
#16197778
0t
0s
0r
1y
0c
0i
#16198189
1t
0s
0r
1y
0c
0i
#16198846
0t
0s
0r
1y
0c
0i
#16199254
1t
0s
0r
1y
0c
0i
#16199905
0t
0s
0r
1y
0c
0i
#16200315
1t
0s
0r
1y
0c
0i
#16200967
0t
0s
0r
1y
0c
0i
#16201375
1t
0s
0r
1y
0c
0i
#16202029
0t
0s
0r
1y
0c
0i
#16202436
1t
0s
0r
1y
0c
0i
#16203085
0t
0s
0r
1y
0c
0i
#16203494
1t
0s
0r
1y
0c
0i
#16204144
0t
0s
0r
1y
0c
0i
#16204554
1t
0s
0r
1y
0c
0i
#16205206
0t
0s
0r
1y
0c
0i
#16205614
1t
0s
0r
1y
0c
0i
#16206262
0t
0s
0r
1y
0c
0i
#16206672
1t
0s
0r
1y
0c
0i
#16207322
0t
0s
0r
1y
0c
0i
#16207732
1t
0s
0r
1y
0c
0i
#16208384
0t
0s
0r
1y
0c
0i
#16208793
1t
0s
0r
1y
0c
0i
#16209441
0t
0s
0r
1y
0c
0i
#16209853
1t
0s
0r
1y
0c
0i
#16210502
0t
0s
0r
1y
0c
0i
#16210913
1t
0s
0r
1y
0c
0i
#16211565
0t
0s
0r
1y
0c
0i
#16211976
1t
0s
0r
1y
0c
0i
#16212624
0t
0s
0r
1y
0c
0i
#16213037
1t
0s
0r
1y
0c
0i
#16213687
0t
0s
0r
1y
0c
0i
#16214099
1t
0s
0r
1y
0c
0i
#16214753
0t
0s
0r
1y
0c
0i
#16215166
1t
0s
0r
1y
0c
0i
#16215815
0t
0s
0r
1y
0c
0i
#16216231
1t
0s
0r
1y
0c
1i
#16216885
0t
0s
0r
1y
1c
1i
#16217299
1t
0s
0r
1y
1c
1i
#16217958
0t
0s
0r
1y
1c
1i
#16218373
1t
0s
0r
1y
1c
1i
#16219030
0t
0s
0r
1y
1c
1i
#16219447
1t
0s
0r
1y
1c
1i
#16220107
0t
0s
0r
1y
1c
1i
#16220525
1t
0s
0r
1y
1c
1i
#16221189
0t
0s
0r
1y
1c
0i
#16221605
1t
0s
0r
1y
1c
0i
#16222264
0t
0s
0r
1y
1c
0i
#16222683
1t
0s
0r
1y
1c
0i
#16223343
0t
0s
0r
1y
1c
0i
#16223761
1t
0s
0r
1y
1c
0i
#16224423
0t
0s
0r
1y
1c
0i
#16224839
1t
0s
0r
1y
1c
0i
#16225495
0t
0s
0r
1y
1c
0i
#16225913
1t
0s
0r
1y
1c
0i
#16226567
0t
0s
0r
1y
1c
0i
#16226982
1t
0s
0r
1y
1c
0i
#16227635
0t
0s
0r
1y
1c
0i
#16228047
1t
0s
0r
1y
1c
0i
#16228693
0t
0s
0r
1y
1c
0i
#16229105
1t
0s
0r
1y
1c
0i
#16229749
0t
0s
0r
1y
1c
0i
#16230160
1t
0s
0r
1y
1c
0i
#16230804
0t
0s
0r
1y
1c
0i
#16231214
1t
0s
0r
1y
1c
0i
#16231852
0t
0s
0r
1y
1c
0i
#16232263
1t
0s
0r
1y
1c
0i
#16232903
0t
0s
0r
1y
1c
0i
#16233312
1t
0s
0r
1y
1c
0i
#16233955
0t
0s
0r
1y
1c
0i
#16234363
1t
0s
0r
1y
1c
0i
#16236030
0t
0s
0r
1y
1c
0i
#16237206
1t
0s
0r
1y
1c
0i
#16238163
0t
0s
0r
1y
1c
0i
#16238560
1t
0s
0r
1y
1c
0i
#16239205
0t
0s
0r
1y
1c
0i
#16239611
1t
0s
0r
1y
1c
0i
#16240254
0t
0s
0r
1y
1c
0i
#16240661
1t
0s
0r
1y
1c
0i
#16241303
0t
0s
0r
1y
1c
0i
#16241712
1t
0s
0r
1y
1c
0i
#16242353
0t
0s
0r
1y
1c
0i
#16242761
1t
0s
0r
1y
1c
0i
#16243405
0t
0s
0r
1y
1c
0i
#16243812
1t
0s
0r
1y
1c
0i
#16244452
0t
0s
0r
1y
1c
0i
#16244859
1t
0s
0r
1y
1c
0i
#16245501
0t
0s
0r
1y
1c
0i
#16245909
1t
0s
0r
1y
1c
0i
#16246554
0t
0s
0r
1y
1c
0i
#16246963
1t
0s
0r
1y
1c
0i
#16247604
0t
0s
0r
1y
0c
0i
#16248015
1t
0s
0r
1y
0c
1i
#16248661
0t
0s
0r
1y
0c
1i
#16249071
1t
0s
0r
1y
0c
1i
#16249721
0t
0s
0r
1y
0c
1i
#16250131
1t
0s
0r
1y
0c
1i
#16250779
0t
0s
0r
1y
0c
1i
#16251192
1t
0s
0r
1y
0c
1i
#16251843
0t
0s
0r
1y
0c
1i
#16252257
1t
0s
0r
1y
0c
1i
#16252912
0t
0s
0r
1y
0c
0i
#16253324
1t
0s
0r
1y
0c
0i
#16253976
0t
0s
0r
1y
0c
0i
#16254390
1t
0s
0r
1y
0c
0i
#16255043
0t
0s
0r
1y
0c
0i
#16255455
1t
0s
0r
1y
0c
0i
#16256110
0t
0s
0r
1y
0c
0i
#16256520
1t
0s
0r
1y
0c
0i
#16257169
0t
0s
0r
1y
0c
0i
#16257581
1t
0s
0r
1y
0c
0i
#16258228
0t
0s
0r
1y
0c
0i
#16258638
1t
0s
0r
1y
0c
0i
#16259285
0t
0s
0r
1y
0c
0i
#16259691
1t
0s
0r
1y
0c
0i
#16260333
0t
0s
0r
1y
0c
0i
#16260738
1t
0s
0r
1y
0c
0i
#16261378
0t
0s
0r
1y
0c
0i
#16261782
1t
0s
0r
1y
0c
0i
#16262422
0t
0s
0r
1y
0c
0i
#16262823
1t
0s
0r
1y
0c
0i
#16263458
0t
0s
0r
1y
0c
0i
#16263861
1t
0s
0r
1y
0c
0i
#16264497
0t
0s
0r
1y
0c
0i
#16264899
1t
0s
0r
1y
0c
0i
#16265537
0t
0s
0r
1y
0c
0i
#16265938
1t
0s
0r
1y
0c
0i
#16266573
0t
0s
0r
1y
0c
0i
#16266976
1t
0s
0r
1y
0c
0i
#16267611
0t
0s
0r
1y
0c
0i
#16268015
1t
0s
0r
1y
0c
0i
#16268653
0t
0s
0r
1y
0c
0i
#16269056
1t
0s
0r
1y
0c
0i
#16269689
0t
0s
0r
1y
0c
0i
#16270094
1t
0s
0r
1y
0c
0i
#16270730
0t
0s
0r
1y
0c
0i
#16271133
1t
0s
0r
1y
0c
0i
#16271772
0t
0s
0r
1y
0c
0i
#16272175
1t
0s
0r
1y
0c
0i
#16272809
0t
0s
0r
1y
0c
0i
#16273214
1t
0s
0r
1y
0c
0i
#16273849
0t
0s
0r
1y
0c
0i
#16274254
1t
0s
0r
1y
0c
0i
#16274892
0t
0s
0r
1y
0c
0i
#16275296
1t
0s
0r
1y
0c
0i
#16275930
0t
0s
0r
1y
0c
0i
#16276336
1t
0s
0r
1y
0c
0i
#16276972
0t
0s
0r
1y
0c
0i
#16277377
1t
0s
0r
1y
0c
0i
#16278016
0t
0s
0r
1y
0c
0i
#16278423
1t
0s
0r
1y
0c
0i
#16279058
0t
0s
0r
1y
0c
0i
#16279466
1t
0s
0r
1y
0c
1i
#16280105
0t
0s
0r
1y
1c
1i
#16280513
1t
0s
0r
1y
1c
1i
#16281158
0t
0s
0r
1y
1c
1i
#16281565
1t
0s
0r
1y
1c
1i
#16282207
0t
0s
0r
1y
1c
1i
#16282617
1t
0s
0r
1y
1c
1i
#16283263
0t
0s
0r
1y
1c
1i
#16283673
1t
0s
0r
1y
1c
1i
#16284322
0t
0s
0r
1y
1c
0i
#16284731
1t
0s
0r
1y
1c
0i
#16285377
0t
0s
0r
1y
1c
0i
#16285788
1t
0s
0r
1y
1c
0i
#16286435
0t
0s
0r
1y
1c
0i
#16286846
1t
0s
0r
1y
1c
0i
#16287495
0t
0s
0r
1y
1c
0i
#16287904
1t
0s
0r
1y
1c
0i
#16288547
0t
0s
0r
1y
1c
0i
#16288960
1t
0s
0r
1y
1c
0i
#16289603
0t
0s
0r
1y
1c
0i
#16290015
1t
0s
0r
1y
1c
0i
#16290661
0t
0s
0r
1y
1c
0i
#16291070
1t
0s
0r
1y
1c
0i
#16291711
0t
0s
0r
1y
1c
0i
#16292121
1t
0s
0r
1y
1c
0i
#16292761
0t
0s
0r
1y
1c
0i
#16293170
1t
0s
0r
1y
1c
0i
#16293811
0t
0s
0r
1y
1c
0i
#16294220
1t
0s
0r
1y
1c
0i
#16294855
0t
0s
0r
1y
1c
0i
#16295264
1t
0s
0r
1y
1c
0i
#16295899
0t
0s
0r
1y
1c
0i
#16296306
1t
0s
0r
1y
1c
0i
#16296944
0t
0s
0r
1y
1c
0i
#16297349
1t
0s
0r
1y
1c
0i
#16299001
0t
0s
0r
1y
1c
0i
#16300167
1t
0s
0r
1y
1c
0i
#16301113
0t
0s
0r
1y
1c
0i
#16301506
1t
0s
0r
1y
1c
0i
#16302144
0t
0s
0r
1y
1c
0i
#16302547
1t
0s
0r
1y
1c
0i
#16303182
0t
0s
0r
1y
1c
0i
#16303586
1t
0s
0r
1y
1c
0i
#16304222
0t
0s
0r
1y
1c
0i
#16304627
1t
0s
0r
1y
1c
0i
#16305262
0t
0s
0r
1y
1c
0i
#16305666
1t
0s
0r
1y
1c
0i
#16306304
0t
0s
0r
1y
1c
0i
#16306708
1t
0s
0r
1y
1c
0i
#16307342
0t
0s
0r
1y
1c
0i
#16307747
1t
0s
0r
1y
1c
0i
#16308383
0t
0s
0r
1y
1c
0i
#16308788
1t
0s
0r
1y
1c
0i
#16309427
0t
0s
0r
1y
1c
0i
#16309833
1t
0s
0r
1y
1c
0i
#16310468
0t
0s
0r
1y
1c
0i
#16310876
1t
0s
0r
1y
1c
1i
#16311515
0t
0s
0r
1y
0c
1i
#16311922
1t
0s
0r
1y
0c
1i
#16312567
0t
0s
0r
1y
0c
1i
#16312972
1t
0s
0r
1y
0c
1i
#16313615
0t
0s
0r
1y
0c
1i
#16314023
1t
0s
0r
1y
0c
1i
#16314668
0t
0s
0r
1y
0c
1i
#16315077
1t
0s
0r
1y
0c
1i
#16315317
1t
0s
1r
1y
0c
1i
#16315320
1t
0s
0r
1y
0c
1i
#16315725
0t
0s
0r
1y
0c
0i
#16316133
1t
0s
0r
1y
0c
0i
#16316777
0t
0s
0r
1y
0c
0i
#16317186
1t
0s
0r
1y
0c
0i
#16317832
0t
0s
0r
1y
0c
0i
#16318240
1t
0s
0r
1y
0c
0i
#16318887
0t
0s
0r
1y
0c
0i
#16319293
1t
0s
0r
1y
0c
0i
#16319934
0t
0s
0r
1y
0c
0i
#16320343
1t
0s
0r
1y
0c
0i
#16320983
0t
0s
0r
1y
0c
0i
#16321388
1t
0s
0r
1y
0c
0i
#16322030
0t
0s
0r
1y
0c
0i
#16322432
1t
0s
0r
1y
0c
0i
#16323067
0t
0s
0r
1y
0c
0i
#16323469
1t
0s
0r
1y
0c
0i
#16324103
0t
0s
0r
1y
0c
0i
#16324503
1t
0s
0r
1y
0c
0i
#16325139
0t
0s
0r
1y
0c
0i
#16325537
1t
0s
0r
1y
0c
0i
#16326168
0t
0s
0r
1y
0c
0i
#16326567
1t
0s
0r
1y
0c
0i
#16327198
0t
0s
0r
1y
0c
0i
#16327597
1t
0s
0r
1y
0c
0i
#16328231
0t
0s
0r
1y
0c
0i
#16328629
1t
0s
0r
1y
0c
0i
#16329259
0t
0s
0r
1y
0c
0i
#16329659
1t
0s
0r
1y
0c
0i
#16330289
0t
0s
0r
1y
0c
0i
#16330691
1t
0s
0r
1y
0c
0i
#16331324
0t
0s
0r
1y
0c
0i
#16331724
1t
0s
0r
1y
0c
0i
#16332354
0t
0s
0r
1y
0c
0i
#16332755
1t
0s
0r
1y
0c
0i
#16333386
0t
0s
0r
1y
0c
0i
#16333787
1t
0s
0r
1y
0c
0i
#16334421
0t
0s
0r
1y
0c
0i
#16334821
1t
0s
0r
1y
0c
0i
#16335450
0t
0s
0r
1y
0c
0i
#16335853
1t
0s
0r
1y
0c
0i
#16336483
0t
0s
0r
1y
0c
0i
#16336886
1t
0s
0r
1y
0c
0i
#16337519
0t
0s
0r
1y
0c
0i
#16337920
1t
0s
0r
1y
0c
0i
#16338550
0t
0s
0r
1y
0c
0i
#16338953
1t
0s
0r
1y
0c
0i
#16339585
0t
0s
0r
1y
0c
0i
#16339988
1t
0s
0r
1y
0c
0i
#16340622
0t
0s
0r
1y
0c
0i
#16341026
1t
0s
0r
1y
0c
0i
#16341657
0t
0s
0r
1y
0c
0i
#16342063
1t
0s
0r
1y
0c
1i
#16342698
0t
0s
0r
1y
1c
1i
#16343104
1t
0s
0r
1y
1c
1i
#16343744
0t
0s
0r
1y
1c
1i
#16344149
1t
0s
0r
1y
1c
1i
#16344787
0t
0s
0r
1y
1c
1i
#16345195
1t
0s
0r
1y
1c
1i
#16345836
0t
0s
0r
1y
1c
1i
#16346244
1t
0s
0r
1y
1c
1i
#16346889
0t
0s
0r
1y
1c
0i
#16347296
1t
0s
0r
1y
1c
0i
#16347937
0t
0s
0r
1y
1c
0i
#16348345
1t
0s
0r
1y
1c
0i
#16348988
0t
0s
0r
1y
1c
0i
#16349395
1t
0s
0r
1y
1c
0i
#16350039
0t
0s
0r
1y
1c
0i
#16350445
1t
0s
0r
1y
1c
0i
#16351083
0t
0s
0r
1y
1c
0i
#16351491
1t
0s
0r
1y
1c
0i
#16352128
0t
0s
0r
1y
1c
0i
#16352535
1t
0s
0r
1y
1c
0i
#16353171
0t
0s
0r
1y
1c
0i
#16353576
1t
0s
0r
1y
1c
0i
#16354205
0t
0s
0r
1y
1c
0i
#16354609
1t
0s
0r
1y
1c
0i
#16355237
0t
0s
0r
1y
1c
0i
#16355640
1t
0s
0r
1y
1c
0i
#16356268
0t
0s
0r
1y
1c
0i
#16356669
1t
0s
0r
1y
1c
0i
#16357291
0t
0s
0r
1y
1c
0i
#16357693
1t
0s
0r
1y
1c
0i
#16358316
0t
0s
0r
1y
1c
0i
#16358717
1t
0s
0r
1y
1c
0i
#16359343
0t
0s
0r
1y
1c
0i
#16359742
1t
0s
0r
1y
1c
0i
#16361366
0t
0s
0r
1y
1c
0i
#16362517
1t
0s
0r
1y
1c
0i
#16363448
0t
0s
0r
1y
1c
0i
#16363836
1t
0s
0r
1y
1c
0i
#16364464
0t
0s
0r
1y
1c
0i
#16364862
1t
0s
0r
1y
1c
0i
#16365488
0t
0s
0r
1y
1c
0i
#16365887
1t
0s
0r
1y
1c
0i
#16366512
0t
0s
0r
1y
1c
0i
#16366912
1t
0s
0r
1y
1c
0i
#16367537
0t
0s
0r
1y
1c
0i
#16367935
1t
0s
0r
1y
1c
0i
#16368563
0t
0s
0r
1y
1c
0i
#16368961
1t
0s
0r
1y
1c
0i
#16369584
0t
0s
0r
1y
1c
0i
#16369984
1t
0s
0r
1y
1c
0i
#16370609
0t
0s
0r
1y
1c
0i
#16371008
1t
0s
0r
1y
1c
0i
#16371636
0t
0s
0r
1y
1c
0i
#16372036
1t
0s
0r
1y
1c
0i
#16372660
0t
0s
0r
1y
1c
0i
#16373062
1t
0s
0r
1y
1c
1i
#16373689
0t
0s
0r
1y
0c
1i
#16374091
1t
0s
0r
1y
0c
1i
#16374723
0t
0s
0r
1y
0c
1i
#16375123
1t
0s
0r
1y
0c
1i
#16375754
0t
0s
0r
1y
0c
1i
#16376157
1t
0s
0r
1y
0c
1i
#16376789
0t
0s
0r
1y
0c
1i
#16377193
1t
0s
0r
1y
0c
1i
#16377829
0t
0s
0r
1y
0c
0i
#16378232
1t
0s
0r
1y
0c
0i
#16378865
0t
0s
0r
1y
0c
0i
#16379268
1t
0s
0r
1y
0c
0i
#16379903
0t
0s
0r
1y
0c
0i
#16380305
1t
0s
0r
1y
0c
0i
#16380943
0t
0s
0r
1y
0c
0i
#16381344
1t
0s
0r
1y
0c
0i
#16381975
0t
0s
0r
1y
0c
0i
#16382380
1t
0s
0r
1y
0c
0i
#16383013
0t
0s
0r
1y
0c
0i
#16383416
1t
0s
0r
1y
0c
0i
#16384051
0t
0s
0r
1y
0c
0i
#16384452
1t
0s
0r
1y
0c
0i
#16385084
0t
0s
0r
1y
0c
0i
#16385486
1t
0s
0r
1y
0c
0i
#16386120
0t
0s
0r
1y
0c
0i
#16386520
1t
0s
0r
1y
0c
0i
#16387155
0t
0s
0r
1y
0c
0i
#16387554
1t
0s
0r
1y
0c
0i
#16388185
0t
0s
0r
1y
0c
0i
#16388584
1t
0s
0r
1y
0c
0i
#16389215
0t
0s
0r
1y
0c
0i
#16389613
1t
0s
0r
1y
0c
0i
#16390246
0t
0s
0r
1y
0c
0i
#16390643
1t
0s
0r
1y
0c
0i
#16391271
0t
0s
0r
1y
0c
0i
#16391670
1t
0s
0r
1y
0c
0i
#16392297
0t
0s
0r
1y
0c
0i
#16392697
1t
0s
0r
1y
0c
0i
#16393326
0t
0s
0r
1y
0c
0i
#16393724
1t
0s
0r
1y
0c
0i
#16394349
0t
0s
0r
1y
0c
0i
#16394749
1t
0s
0r
1y
0c
0i
#16395376
0t
0s
0r
1y
0c
0i
#16395775
1t
0s
0r
1y
0c
0i
#16396405
0t
0s
0r
1y
0c
0i
#16396802
1t
0s
0r
1y
0c
0i
#16397428
0t
0s
0r
1y
0c
0i
#16397828
1t
0s
0r
1y
0c
0i
#16398455
0t
0s
0r
1y
0c
0i
#16398854
1t
0s
0r
1y
0c
0i
#16399484
0t
0s
0r
1y
0c
0i
#16399882
1t
0s
0r
1y
0c
0i
#16400508
0t
0s
0r
1y
0c
0i
#16400908
1t
0s
0r
1y
0c
0i
#16401536
0t
0s
0r
1y
0c
0i
#16401936
1t
0s
0r
1y
0c
0i
#16402566
0t
0s
0r
1y
0c
0i
#16402968
1t
0s
0r
1y
0c
0i
#16403594
0t
0s
0r
1y
0c
0i
#16403998
1t
0s
0r
1y
0c
1i
#16404628
0t
0s
0r
1y
1c
1i
#16405031
1t
0s
0r
1y
1c
1i
#16405665
0t
0s
0r
1y
1c
1i
#16406068
1t
0s
0r
1y
1c
1i
#16406700
0t
0s
0r
1y
1c
1i
#16407105
1t
0s
0r
1y
1c
1i
#16407740
0t
0s
0r
1y
1c
1i
#16408145
1t
0s
0r
1y
1c
1i
#16408785
0t
0s
0r
1y
1c
0i
#16409188
1t
0s
0r
1y
1c
0i
#16409823
0t
0s
0r
1y
1c
0i
#16410228
1t
0s
0r
1y
1c
0i
#16410864
0t
0s
0r
1y
1c
0i
#16411269
1t
0s
0r
1y
1c
0i
#16411906
0t
0s
0r
1y
1c
0i
#16412310
1t
0s
0r
1y
1c
0i
#16412941
0t
0s
0r
1y
1c
0i
#16413347
1t
0s
0r
1y
1c
0i
#16413978
0t
0s
0r
1y
1c
0i
#16414383
1t
0s
0r
1y
1c
0i
#16415015
0t
0s
0r
1y
1c
0i
#16415417
1t
0s
0r
1y
1c
0i
#16416043
0t
0s
0r
1y
1c
0i
#16416444
1t
0s
0r
1y
1c
0i
#16417069
0t
0s
0r
1y
1c
0i
#16417469
1t
0s
0r
1y
1c
0i
#16418094
0t
0s
0r
1y
1c
0i
#16418493
1t
0s
0r
1y
1c
0i
#16419112
0t
0s
0r
1y
1c
0i
#16419512
1t
0s
0r
1y
1c
0i
#16420132
0t
0s
0r
1y
1c
0i
#16420531
1t
0s
0r
1y
1c
0i
#16421152
0t
0s
0r
1y
1c
0i
#16421550
1t
0s
0r
1y
1c
0i
#16423164
0t
0s
0r
1y
1c
0i
#16424305
1t
0s
0r
1y
1c
0i
#16425231
0t
0s
0r
1y
1c
0i
#16425617
1t
0s
0r
1y
1c
0i
#16426241
0t
0s
0r
1y
1c
0i
#16426636
1t
0s
0r
1y
1c
0i
#16427256
0t
0s
0r
1y
1c
0i
#16427653
1t
0s
0r
1y
1c
0i
#16428274
0t
0s
0r
1y
1c
0i
#16428671
1t
0s
0r
1y
1c
0i
#16429291
0t
0s
0r
1y
1c
0i
#16429687
1t
0s
0r
1y
1c
0i
#16430310
0t
0s
0r
1y
1c
0i
#16430705
1t
0s
0r
1y
1c
0i
#16431324
0t
0s
0r
1y
1c
0i
#16431720
1t
0s
0r
1y
1c
0i
#16432341
0t
0s
0r
1y
1c
0i
#16432737
1t
0s
0r
1y
1c
0i
#16433360
0t
0s
0r
1y
1c
0i
#16433757
1t
0s
0r
1y
1c
0i
#16434377
0t
0s
0r
1y
0c
0i
#16434776
1t
0s
0r
1y
0c
1i
#16435399
0t
0s
0r
1y
0c
1i
#16435797
1t
0s
0r
1y
0c
1i
#16436425
0t
0s
0r
1y
0c
1i
#16436822
1t
0s
0r
1y
0c
1i
#16437448
0t
0s
0r
1y
0c
1i
#16437848
1t
0s
0r
1y
0c
1i
#16438476
0t
0s
0r
1y
0c
1i
#16438877
1t
0s
0r
1y
0c
1i
#16439142
1t
0s
1r
1y
0c
1i
#16439145
1t
0s
0r
1y
0c
1i
#16439509
0t
0s
0r
1y
0c
0i
#16439909
1t
0s
0r
1y
0c
0i
#16440538
0t
0s
0r
1y
0c
0i
#16440939
1t
0s
0r
1y
0c
0i
#16441568
0t
0s
0r
1y
0c
0i
#16441968
1t
0s
0r
1y
0c
0i
#16442601
0t
0s
0r
1y
0c
0i
#16442999
1t
0s
0r
1y
0c
0i
#16443625
0t
0s
0r
1y
0c
0i
#16444026
1t
0s
0r
1y
0c
0i
#16444652
0t
0s
0r
1y
0c
0i
#16445051
1t
0s
0r
1y
0c
0i
#16445679
0t
0s
0r
1y
0c
0i
#16446074
1t
0s
0r
1y
0c
0i
#16446697
0t
0s
0r
1y
0c
0i
#16447092
1t
0s
0r
1y
0c
0i
#16447714
0t
0s
0r
1y
0c
0i
#16448108
1t
0s
0r
1y
0c
0i
#16448731
0t
0s
0r
1y
0c
0i
#16449122
1t
0s
0r
1y
0c
0i
#16449740
0t
0s
0r
1y
0c
0i
#16450133
1t
0s
0r
1y
0c
0i
#16450752
0t
0s
0r
1y
0c
0i
#16451144
1t
0s
0r
1y
0c
0i
#16451764
0t
0s
0r
1y
0c
0i
#16452155
1t
0s
0r
1y
0c
0i
#16452772
0t
0s
0r
1y
0c
0i
#16453165
1t
0s
0r
1y
0c
0i
#16453782
0t
0s
0r
1y
0c
0i
#16454176
1t
0s
0r
1y
0c
0i
#16454796
0t
0s
0r
1y
0c
0i
#16455188
1t
0s
0r
1y
0c
0i
#16455804
0t
0s
0r
1y
0c
0i
#16456198
1t
0s
0r
1y
0c
0i
#16456815
0t
0s
0r
1y
0c
0i
#16457209
1t
0s
0r
1y
0c
0i
#16457829
0t
0s
0r
1y
0c
0i
#16458222
1t
0s
0r
1y
0c
0i
#16458837
0t
0s
0r
1y
0c
0i
#16459232
1t
0s
0r
1y
0c
0i
#16459848
0t
0s
0r
1y
0c
0i
#16460243
1t
0s
0r
1y
0c
0i
#16460863
0t
0s
0r
1y
0c
0i
#16461256
1t
0s
0r
1y
0c
0i
#16461872
0t
0s
0r
1y
0c
0i
#16462267
1t
0s
0r
1y
0c
0i
#16462885
0t
0s
0r
1y
0c
0i
#16463280
1t
0s
0r
1y
0c
0i
#16463900
0t
0s
0r
1y
0c
0i
#16464297
1t
0s
0r
1y
0c
0i
#16464913
0t
0s
0r
1y
0c
0i
#16465311
1t
0s
0r
1y
0c
1i
#16465931
0t
0s
0r
1y
1c
1i
#16466329
1t
0s
0r
1y
1c
1i
#16466954
0t
0s
0r
1y
1c
1i
#16467351
1t
0s
0r
1y
1c
1i
#16467974
0t
0s
0r
1y
1c
1i
#16468374
1t
0s
0r
1y
1c
1i
#16469000
0t
0s
0r
1y
1c
1i
#16469399
1t
0s
0r
1y
1c
1i
#16470029
0t
0s
0r
1y
1c
0i
#16470427
1t
0s
0r
1y
1c
0i
#16471053
0t
0s
0r
1y
1c
0i
#16471453
1t
0s
0r
1y
1c
0i
#16472080
0t
0s
0r
1y
1c
0i
#16472479
1t
0s
0r
1y
1c
0i
#16473108
0t
0s
0r
1y
1c
0i
#16473506
1t
0s
0r
1y
1c
0i
#16474129
0t
0s
0r
1y
1c
0i
#16474530
1t
0s
0r
1y
1c
0i
#16475152
0t
0s
0r
1y
1c
0i
#16475552
1t
0s
0r
1y
1c
0i
#16476176
0t
0s
0r
1y
1c
0i
#16476573
1t
0s
0r
1y
1c
0i
#16477190
0t
0s
0r
1y
1c
0i
#16477588
1t
0s
0r
1y
1c
0i
#16478204
0t
0s
0r
1y
1c
0i
#16478599
1t
0s
0r
1y
1c
0i
#16479215
0t
0s
0r
1y
1c
0i
#16479610
1t
0s
0r
1y
1c
0i
#16480220
0t
0s
0r
1y
1c
0i
#16480615
1t
0s
0r
1y
1c
0i
#16481226
0t
0s
0r
1y
1c
0i
#16481620
1t
0s
0r
1y
1c
0i
#16482233
0t
0s
0r
1y
1c
0i
#16482625
1t
0s
0r
1y
1c
0i
#16484216
0t
0s
0r
1y
1c
0i
#16485345
1t
0s
0r
1y
1c
0i
#16486257
0t
0s
0r
1y
1c
0i
#16486638
1t
0s
0r
1y
1c
0i
#16487252
0t
0s
0r
1y
1c
0i
#16487643
1t
0s
0r
1y
1c
0i
#16488255
0t
0s
0r
1y
1c
0i
#16488646
1t
0s
0r
1y
1c
0i
#16489258
0t
0s
0r
1y
1c
0i
#16489651
1t
0s
0r
1y
1c
0i
#16490262
0t
0s
0r
1y
1c
0i
#16490654
1t
0s
0r
1y
1c
0i
#16491268
0t
0s
0r
1y
1c
0i
#16491659
1t
0s
0r
1y
1c
0i
#16492269
0t
0s
0r
1y
1c
0i
#16492661
1t
0s
0r
1y
1c
0i
#16493273
0t
0s
0r
1y
1c
0i
#16493665
1t
0s
0r
1y
1c
0i
#16494279
0t
0s
0r
1y
1c
0i
#16494672
1t
0s
0r
1y
1c
0i
#16495283
0t
0s
0r
1y
1c
0i
#16495678
1t
0s
0r
1y
1c
1i
#16496292
0t
0s
0r
1y
1c
1i
#16496686
1t
0s
0r
1y
0c
1i
#16497304
0t
0s
0r
1y
0c
1i
#16497697
1t
0s
0r
1y
0c
1i
#16498314
0t
0s
0r
1y
0c
1i
#16498710
1t
0s
0r
1y
0c
1i
#16499328
0t
0s
0r
1y
0c
1i
#16499724
1t
0s
0r
1y
0c
1i
#16500346
0t
0s
0r
1y
0c
0i
#16500741
1t
0s
0r
1y
0c
0i
#16501360
0t
0s
0r
1y
0c
0i
#16501756
1t
0s
0r
1y
0c
0i
#16502376
0t
0s
0r
1y
0c
0i
#16502771
1t
0s
0r
1y
0c
0i
#16503394
0t
0s
0r
1y
0c
0i
#16503787
1t
0s
0r
1y
0c
0i
#16504405
0t
0s
0r
1y
0c
0i
#16504802
1t
0s
0r
1y
0c
0i
#16505420
0t
0s
0r
1y
0c
0i
#16505815
1t
0s
0r
1y
0c
0i
#16506436
0t
0s
0r
1y
0c
0i
#16506829
1t
0s
0r
1y
0c
0i
#16507447
0t
0s
0r
1y
0c
0i
#16507841
1t
0s
0r
1y
0c
0i
#16508459
0t
0s
0r
1y
0c
0i
#16508851
1t
0s
0r
1y
0c
0i
#16509471
0t
0s
0r
1y
0c
0i
#16509862
1t
0s
0r
1y
0c
0i
#16510477
0t
0s
0r
1y
0c
0i
#16510869
1t
0s
0r
1y
0c
0i
#16511484
0t
0s
0r
1y
0c
0i
#16511875
1t
0s
0r
1y
0c
0i
#16512492
0t
0s
0r
1y
0c
0i
#16512881
1t
0s
0r
1y
0c
0i
#16513494
0t
0s
0r
1y
0c
0i
#16513885
1t
0s
0r
1y
0c
0i
#16514497
0t
0s
0r
1y
0c
0i
#16514889
1t
0s
0r
1y
0c
0i
#16515503
0t
0s
0r
1y
0c
0i
#16515893
1t
0s
0r
1y
0c
0i
#16516503
0t
0s
0r
1y
0c
0i
#16516895
1t
0s
0r
1y
0c
0i
#16517506
0t
0s
0r
1y
0c
0i
#16517898
1t
0s
0r
1y
0c
0i
#16518512
0t
0s
0r
1y
0c
0i
#16518902
1t
0s
0r
1y
0c
0i
#16519511
0t
0s
0r
1y
0c
0i
#16519904
1t
0s
0r
1y
0c
0i
#16520515
0t
0s
0r
1y
0c
0i
#16520907
1t
0s
0r
1y
0c
0i
#16521521
0t
0s
0r
1y
0c
0i
#16521912
1t
0s
0r
1y
0c
0i
#16522522
0t
0s
0r
1y
0c
0i
#16522915
1t
0s
0r
1y
0c
0i
#16523526
0t
0s
0r
1y
0c
0i
#16523919
1t
0s
0r
1y
0c
0i
#16524534
0t
0s
0r
1y
0c
0i
#16524927
1t
0s
0r
1y
0c
0i
#16525538
0t
0s
0r
1y
0c
0i
#16525934
1t
0s
0r
1y
0c
1i
#16526548
0t
0s
0r
1y
0c
1i
#16526943
1t
0s
0r
1y
1c
1i
#16527562
0t
0s
0r
1y
1c
1i
#16527957
1t
0s
0r
1y
1c
1i
#16528574
0t
0s
0r
1y
1c
1i
#16528971
1t
0s
0r
1y
1c
1i
#16529591
0t
0s
0r
1y
1c
1i
#16529988
1t
0s
0r
1y
1c
1i
#16530611
0t
0s
0r
1y
1c
0i
#16531007
1t
0s
0r
1y
1c
0i
#16531626
0t
0s
0r
1y
1c
0i
#16532024
1t
0s
0r
1y
1c
0i
#16532644
0t
0s
0r
1y
1c
0i
#16533041
1t
0s
0r
1y
1c
0i
#16533663
0t
0s
0r
1y
1c
0i
#16534059
1t
0s
0r
1y
1c
0i
#16534676
0t
0s
0r
1y
1c
0i
#16535074
1t
0s
0r
1y
1c
0i
#16535691
0t
0s
0r
1y
1c
0i
#16536088
1t
0s
0r
1y
1c
0i
#16536707
0t
0s
0r
1y
1c
0i
#16537102
1t
0s
0r
1y
1c
0i
#16537716
0t
0s
0r
1y
1c
0i
#16538112
1t
0s
0r
1y
1c
0i
#16538725
0t
0s
0r
1y
1c
0i
#16539120
1t
0s
0r
1y
1c
0i
#16539733
0t
0s
0r
1y
1c
0i
#16540127
1t
0s
0r
1y
1c
0i
#16540736
0t
0s
0r
1y
1c
0i
#16541130
1t
0s
0r
1y
1c
0i
#16541739
0t
0s
0r
1y
1c
0i
#16542132
1t
0s
0r
1y
1c
0i
#16542743
0t
0s
0r
1y
1c
0i
#16543134
1t
0s
0r
1y
1c
0i
#16544721
0t
0s
0r
1y
1c
0i
#16545844
1t
0s
0r
1y
1c
0i
#16546753
0t
0s
0r
1y
1c
0i
#16547132
1t
0s
0r
1y
1c
0i
#16547743
0t
0s
0r
1y
1c
0i
#16548133
1t
0s
0r
1y
1c
0i
#16548742
0t
0s
0r
1y
1c
0i
#16549132
1t
0s
0r
1y
1c
0i
#16549741
0t
0s
0r
1y
1c
0i
#16550133
1t
0s
0r
1y
1c
0i
#16550741
0t
0s
0r
1y
1c
0i
#16551131
1t
0s
0r
1y
1c
0i
#16551742
0t
0s
0r
1y
1c
0i
#16552132
1t
0s
0r
1y
1c
0i
#16552739
0t
0s
0r
1y
1c
0i
#16553130
1t
0s
0r
1y
1c
0i
#16553739
0t
0s
0r
1y
1c
0i
#16554129
1t
0s
0r
1y
1c
0i
#16554740
0t
0s
0r
1y
1c
0i
#16555132
1t
0s
0r
1y
1c
0i
#16555740
0t
0s
0r
1y
1c
1i
#16556133
1t
0s
0r
1y
1c
1i
#16556744
0t
0s
0r
1y
1c
1i
#16557136
1t
0s
0r
1y
0c
1i
#16557752
0t
0s
0r
1y
0c
1i
#16558143
1t
0s
0r
1y
0c
1i
#16558757
0t
0s
0r
1y
0c
1i
#16559150
1t
0s
0r
1y
0c
1i
#16559766
0t
0s
0r
1y
0c
1i
#16560160
1t
0s
0r
1y
0c
1i
#16560376
1t
0s
1r
1y
0c
0i
#16560379
1t
0s
0r
1y
0c
0i
#16560779
0t
0s
0r
1y
0c
0i
#16561173
1t
0s
0r
1y
0c
0i
#16561788
0t
0s
0r
1y
0c
0i
#16562183
1t
0s
0r
1y
0c
0i
#16562800
0t
0s
0r
1y
0c
0i
#16563193
1t
0s
0r
1y
0c
0i
#16563813
0t
0s
0r
1y
0c
0i
#16564205
1t
0s
0r
1y
0c
0i
#16564820
0t
0s
0r
1y
0c
0i
#16565215
1t
0s
0r
1y
0c
0i
#16565831
0t
0s
0r
1y
0c
0i
#16566225
1t
0s
0r
1y
0c
0i
#16566843
0t
0s
0r
1y
0c
0i
#16567235
1t
0s
0r
1y
0c
0i
#16567851
0t
0s
0r
1y
0c
0i
#16568244
1t
0s
0r
1y
0c
0i
#16568860
0t
0s
0r
1y
0c
0i
#16569251
1t
0s
0r
1y
0c
0i
#16569870
0t
0s
0r
1y
0c
0i
#16570259
1t
0s
0r
1y
0c
0i
#16570873
0t
0s
0r
1y
0c
0i
#16571264
1t
0s
0r
1y
0c
0i
#16571878
0t
0s
0r
1y
0c
0i
#16572268
1t
0s
0r
1y
0c
0i
#16572884
0t
0s
0r
1y
0c
0i
#16573272
1t
0s
0r
1y
0c
0i
#16573885
0t
0s
0r
1y
0c
0i
#16574275
1t
0s
0r
1y
0c
0i
#16574886
0t
0s
0r
1y
0c
0i
#16575278
1t
0s
0r
1y
0c
0i
#16575892
0t
0s
0r
1y
0c
0i
#16576281
1t
0s
0r
1y
0c
0i
#16576891
0t
0s
0r
1y
0c
0i
#16577282
1t
0s
0r
1y
0c
0i
#16577894
0t
0s
0r
1y
0c
0i
#16578285
1t
0s
0r
1y
0c
0i
#16578899
0t
0s
0r
1y
0c
0i
#16579288
1t
0s
0r
1y
0c
0i
#16579898
0t
0s
0r
1y
0c
0i
#16580290
1t
0s
0r
1y
0c
0i
#16580900
0t
0s
0r
1y
0c
0i
#16581292
1t
0s
0r
1y
0c
0i
#16581906
0t
0s
0r
1y
0c
0i
#16582296
1t
0s
0r
1y
0c
0i
#16582906
0t
0s
0r
1y
0c
0i
#16583299
1t
0s
0r
1y
0c
0i
#16583910
0t
0s
0r
1y
0c
0i
#16584303
1t
0s
0r
1y
0c
0i
#16584916
0t
0s
0r
1y
0c
0i
#16585310
1t
0s
0r
1y
0c
0i
#16585921
0t
0s
0r
1y
0c
1i
#16586316
1t
0s
0r
1y
0c
1i
#16586930
0t
0s
0r
1y
0c
1i
#16587325
1t
0s
0r
1y
1c
1i
#16587944
0t
0s
0r
1y
1c
1i
#16588337
1t
0s
0r
1y
1c
1i
#16588954
0t
0s
0r
1y
1c
1i
#16589350
1t
0s
0r
1y
1c
1i
#16589970
0t
0s
0r
1y
1c
1i
#16590366
1t
0s
0r
1y
1c
1i
#16590989
0t
0s
0r
1y
1c
0i
#16591384
1t
0s
0r
1y
1c
0i
#16592003
0t
0s
0r
1y
1c
0i
#16592399
1t
0s
0r
1y
1c
0i
#16593019
0t
0s
0r
1y
1c
0i
#16593415
1t
0s
0r
1y
1c
0i
#16594037
0t
0s
0r
1y
1c
0i
#16594432
1t
0s
0r
1y
1c
0i
#16595048
0t
0s
0r
1y
1c
0i
#16595446
1t
0s
0r
1y
1c
0i
#16596063
0t
0s
0r
1y
1c
0i
#16596460
1t
0s
0r
1y
1c
0i
#16597079
0t
0s
0r
1y
1c
0i
#16597475
1t
0s
0r
1y
1c
0i
#16598089
0t
0s
0r
1y
1c
0i
#16598486
1t
0s
0r
1y
1c
0i
#16599101
0t
0s
0r
1y
1c
0i
#16599497
1t
0s
0r
1y
1c
0i
#16600113
0t
0s
0r
1y
1c
0i
#16600508
1t
0s
0r
1y
1c
0i
#16601119
0t
0s
0r
1y
1c
0i
#16601515
1t
0s
0r
1y
1c
0i
#16602126
0t
0s
0r
1y
1c
0i
#16602521
1t
0s
0r
1y
1c
0i
#16603134
0t
0s
0r
1y
1c
0i
#16603526
1t
0s
0r
1y
1c
0i
#16605118
0t
0s
0r
1y
1c
0i
#16606244
1t
0s
0r
1y
1c
0i
#16607154
0t
0s
0r
1y
1c
0i
#16607535
1t
0s
0r
1y
1c
0i
#16608148
0t
0s
0r
1y
1c
0i
#16608538
1t
0s
0r
1y
1c
0i
#16609149
0t
0s
0r
1y
1c
0i
#16609540
1t
0s
0r
1y
1c
0i
#16610150
0t
0s
0r
1y
1c
0i
#16610542
1t
0s
0r
1y
1c
0i
#16611152
0t
0s
0r
1y
1c
0i
#16611543
1t
0s
0r
1y
1c
0i
#16612155
0t
0s
0r
1y
1c
0i
#16612545
1t
0s
0r
1y
1c
0i
#16613154
0t
0s
0r
1y
1c
0i
#16613545
1t
0s
0r
1y
1c
0i
#16614155
0t
0s
0r
1y
1c
0i
#16614546
1t
0s
0r
1y
1c
0i
#16615159
0t
0s
0r
1y
1c
0i
#16615551
1t
0s
0r
1y
1c
0i
#16616160
0t
0s
0r
1y
1c
1i
#16616554
1t
0s
0r
1y
0c
1i
#16617166
0t
0s
0r
1y
0c
1i
#16617560
1t
0s
0r
1y
0c
1i
#16618177
0t
0s
0r
1y
0c
1i
#16618569
1t
0s
0r
1y
0c
1i
#16619183
0t
0s
0r
1y
0c
1i
#16619578
1t
0s
0r
1y
0c
1i
#16620195
0t
0s
0r
1y
0c
1i
#16620590
1t
0s
0r
1y
0c
1i
#16621210
0t
0s
0r
1y
0c
0i
#16621604
1t
0s
0r
1y
0c
0i
#16622220
0t
0s
0r
1y
0c
0i
#16622615
1t
0s
0r
1y
0c
0i
#16623233
0t
0s
0r
1y
0c
0i
#16623627
1t
0s
0r
1y
0c
0i
#16624247
0t
0s
0r
1y
0c
0i
#16624639
1t
0s
0r
1y
0c
0i
#16625254
0t
0s
0r
1y
0c
0i
#16625649
1t
0s
0r
1y
0c
0i
#16626263
0t
0s
0r
1y
0c
0i
#16626656
1t
0s
0r
1y
0c
0i
#16627272
0t
0s
0r
1y
0c
0i
#16627662
1t
0s
0r
1y
0c
0i
#16628273
0t
0s
0r
1y
0c
0i
#16628663
1t
0s
0r
1y
0c
0i
#16629274
0t
0s
0r
1y
0c
0i
#16629662
1t
0s
0r
1y
0c
0i
#16630273
0t
0s
0r
1y
0c
0i
#16630659
1t
0s
0r
1y
0c
0i
#16631266
0t
0s
0r
1y
0c
0i
#16631653
1t
0s
0r
1y
0c
0i
#16632260
0t
0s
0r
1y
0c
0i
#16632646
1t
0s
0r
1y
0c
0i
#16633255
0t
0s
0r
1y
0c
0i
#16633640
1t
0s
0r
1y
0c
0i
#16634245
0t
0s
0r
1y
0c
0i
#16634633
1t
0s
0r
1y
0c
0i
#16635238
0t
0s
0r
1y
0c
0i
#16635626
1t
0s
0r
1y
0c
0i
#16636234
0t
0s
0r
1y
0c
0i
#16636621
1t
0s
0r
1y
0c
0i
#16637224
0t
0s
0r
1y
0c
0i
#16637613
1t
0s
0r
1y
0c
0i
#16638219
0t
0s
0r
1y
0c
0i
#16638607
1t
0s
0r
1y
0c
0i
#16639215
0t
0s
0r
1y
0c
0i
#16639601
1t
0s
0r
1y
0c
0i
#16640205
0t
0s
0r
1y
0c
0i
#16640594
1t
0s
0r
1y
0c
0i
#16641198
0t
0s
0r
1y
0c
0i
#16641587
1t
0s
0r
1y
0c
0i
#16642194
0t
0s
0r
1y
0c
0i
#16642581
1t
0s
0r
1y
0c
0i
#16643184
0t
0s
0r
1y
0c
0i
#16643573
1t
0s
0r
1y
0c
0i
#16644178
0t
0s
0r
1y
0c
0i
#16644567
1t
0s
0r
1y
0c
0i
#16645173
0t
0s
0r
1y
0c
0i
#16645563
1t
0s
0r
1y
0c
0i
#16646166
0t
0s
0r
1y
0c
1i
#16646558
1t
0s
0r
1y
0c
1i
#16647164
0t
0s
0r
1y
0c
1i
#16647555
1t
0s
0r
1y
1c
1i
#16648166
0t
0s
0r
1y
1c
1i
#16648556
1t
0s
0r
1y
1c
1i
#16649165
0t
0s
0r
1y
1c
1i
#16649558
1t
0s
0r
1y
1c
1i
#16650170
0t
0s
0r
1y
1c
1i
#16650562
1t
0s
0r
1y
1c
1i
#16651178
0t
0s
0r
1y
1c
0i
#16651569
1t
0s
0r
1y
1c
0i
#16652181
0t
0s
0r
1y
1c
0i
#16652574
1t
0s
0r
1y
1c
0i
#16653188
0t
0s
0r
1y
1c
0i
#16653580
1t
0s
0r
1y
1c
0i
#16654196
0t
0s
0r
1y
1c
0i
#16654588
1t
0s
0r
1y
1c
0i
#16655198
0t
0s
0r
1y
1c
0i
#16655593
1t
0s
0r
1y
1c
0i
#16656204
0t
0s
0r
1y
1c
0i
#16656597
1t
0s
0r
1y
1c
0i
#16657211
0t
0s
0r
1y
1c
0i
#16657603
1t
0s
0r
1y
1c
0i
#16658212
0t
0s
0r
1y
1c
0i
#16658605
1t
0s
0r
1y
1c
0i
#16659215
0t
0s
0r
1y
1c
0i
#16659607
1t
0s
0r
1y
1c
0i
#16660217
0t
0s
0r
1y
1c
0i
#16660609
1t
0s
0r
1y
1c
0i
#16661213
0t
0s
0r
1y
1c
0i
#16661606
1t
0s
0r
1y
1c
0i
#16662210
0t
0s
0r
1y
1c
0i
#16662601
1t
0s
0r
1y
1c
0i
#16663208
0t
0s
0r
1y
1c
0i
#16663597
1t
0s
0r
1y
1c
0i
#16665171
0t
0s
0r
1y
1c
0i
#16666285
1t
0s
0r
1y
1c
0i
#16667187
0t
0s
0r
1y
1c
0i
#16667563
1t
0s
0r
1y
1c
0i
#16668169
0t
0s
0r
1y
1c
0i
#16668555
1t
0s
0r
1y
1c
0i
#16669159
0t
0s
0r
1y
1c
0i
#16669547
1t
0s
0r
1y
1c
0i
#16670150
0t
0s
0r
1y
1c
0i
#16670539
1t
0s
0r
1y
1c
0i
#16671142
0t
0s
0r
1y
1c
0i
#16671529
1t
0s
0r
1y
1c
0i
#16672135
0t
0s
0r
1y
1c
0i
#16672522
1t
0s
0r
1y
1c
0i
#16673124
0t
0s
0r
1y
1c
0i
#16673512
1t
0s
0r
1y
1c
0i
#16674117
0t
0s
0r
1y
1c
0i
#16674504
1t
0s
0r
1y
1c
0i
#16675111
0t
0s
0r
1y
1c
0i
#16675500
1t
0s
0r
1y
1c
0i
#16676103
0t
0s
0r
1y
1c
1i
#16676493
1t
0s
0r
1y
0c
1i
#16677100
0t
0s
0r
1y
0c
1i
#16677490
1t
0s
0r
1y
0c
1i
#16678101
0t
0s
0r
1y
0c
1i
#16678489
1t
0s
0r
1y
0c
1i
#16679098
0t
0s
0r
1y
0c
1i
#16679489
1t
0s
0r
1y
0c
1i
#16680100
0t
0s
0r
1y
0c
1i
#16680491
1t
0s
0r
1y
0c
1i
#16680687
1t
0s
1r
1y
0c
0i
#16680689
1t
0s
0r
1y
0c
0i
#16681105
0t
0s
0r
1y
0c
0i
#16681496
1t
0s
0r
1y
0c
0i
#16682106
0t
0s
0r
1y
0c
0i
#16682498
1t
0s
0r
1y
0c
0i
#16683110
0t
0s
0r
1y
0c
0i
#16683500
1t
0s
0r
1y
0c
0i
#16684114
0t
0s
0r
1y
0c
0i
#16684503
1t
0s
0r
1y
0c
0i
#16685113
0t
0s
0r
1y
0c
0i
#16685505
1t
0s
0r
1y
0c
0i
#16686114
0t
0s
0r
1y
0c
0i
#16686505
1t
0s
0r
1y
0c
0i
#16687117
0t
0s
0r
1y
0c
0i
#16687506
1t
0s
0r
1y
0c
0i
#16688115
0t
0s
0r
1y
0c
0i
#16688504
1t
0s
0r
1y
0c
0i
#16689114
0t
0s
0r
1y
0c
0i
#16689501
1t
0s
0r
1y
0c
0i
#16690113
0t
0s
0r
1y
0c
0i
#16690498
1t
0s
0r
1y
0c
0i
#16691104
0t
0s
0r
1y
0c
0i
#16691491
1t
0s
0r
1y
0c
0i
#16692097
0t
0s
0r
1y
0c
0i
#16692483
1t
0s
0r
1y
0c
0i
#16693091
0t
0s
0r
1y
0c
0i
#16693476
1t
0s
0r
1y
0c
0i
#16694080
0t
0s
0r
1y
0c
0i
#16694467
1t
0s
0r
1y
0c
0i
#16695070
0t
0s
0r
1y
0c
0i
#16695458
1t
0s
0r
1y
0c
0i
#16696064
0t
0s
0r
1y
0c
0i
#16696450
1t
0s
0r
1y
0c
0i
#16697052
0t
0s
0r
1y
0c
0i
#16697439
1t
0s
0r
1y
0c
0i
#16698043
0t
0s
0r
1y
0c
0i
#16698429
1t
0s
0r
1y
0c
0i
#16699035
0t
0s
0r
1y
0c
0i
#16699421
1t
0s
0r
1y
0c
0i
#16700022
0t
0s
0r
1y
0c
0i
#16700411
1t
0s
0r
1y
0c
0i
#16701013
0t
0s
0r
1y
0c
0i
#16701401
1t
0s
0r
1y
0c
0i
#16702006
0t
0s
0r
1y
0c
0i
#16702392
1t
0s
0r
1y
0c
0i
#16702994
0t
0s
0r
1y
0c
0i
#16703382
1t
0s
0r
1y
0c
0i
#16703985
0t
0s
0r
1y
0c
0i
#16704374
1t
0s
0r
1y
0c
0i
#16704979
0t
0s
0r
1y
0c
0i
#16705369
1t
0s
0r
1y
0c
0i
#16705971
0t
0s
0r
1y
0c
1i
#16706362
1t
0s
0r
1y
0c
1i
#16706968
0t
0s
0r
1y
0c
1i
#16707359
1t
0s
0r
1y
1c
1i
#16707969
0t
0s
0r
1y
1c
1i
#16708359
1t
0s
0r
1y
1c
1i
#16708968
0t
0s
0r
1y
1c
1i
#16709360
1t
0s
0r
1y
1c
1i
#16709971
0t
0s
0r
1y
1c
1i
#16710363
1t
0s
0r
1y
1c
1i
#16710979
0t
0s
0r
1y
1c
0i
#16711369
1t
0s
0r
1y
1c
0i
#16711980
0t
0s
0r
1y
1c
0i
#16712373
1t
0s
0r
1y
1c
0i
#16712985
0t
0s
0r
1y
1c
0i
#16713377
1t
0s
0r
1y
1c
0i
#16713991
0t
0s
0r
1y
1c
0i
#16714382
1t
0s
0r
1y
1c
0i
#16714991
0t
0s
0r
1y
1c
0i
#16715385
1t
0s
0r
1y
1c
0i
#16715995
0t
0s
0r
1y
1c
0i
#16716388
1t
0s
0r
1y
1c
0i
#16716999
0t
0s
0r
1y
1c
0i
#16717391
1t
0s
0r
1y
1c
0i
#16717997
0t
0s
0r
1y
1c
0i
#16718390
1t
0s
0r
1y
1c
0i
#16718996
0t
0s
0r
1y
1c
0i
#16719387
1t
0s
0r
1y
1c
0i
#16719993
0t
0s
0r
1y
1c
0i
#16720383
1t
0s
0r
1y
1c
0i
#16720984
0t
0s
0r
1y
1c
0i
#16721374
1t
0s
0r
1y
1c
0i
#16721975
0t
0s
0r
1y
1c
0i
#16722364
1t
0s
0r
1y
1c
0i
#16722966
0t
0s
0r
1y
1c
0i
#16723354
1t
0s
0r
1y
1c
0i
#16724918
0t
0s
0r
1y
1c
0i
#16726029
1t
0s
0r
1y
1c
0i
#16726924
0t
0s
0r
1y
1c
0i
#16727300
1t
0s
0r
1y
1c
0i
#16727903
0t
0s
0r
1y
1c
0i
#16728288
1t
0s
0r
1y
1c
0i
#16728889
0t
0s
0r
1y
1c
0i
#16729275
1t
0s
0r
1y
1c
0i
#16729875
0t
0s
0r
1y
1c
0i
#16730263
1t
0s
0r
1y
1c
0i
#16730863
0t
0s
0r
1y
1c
0i
#16731249
1t
0s
0r
1y
1c
0i
#16731852
0t
0s
0r
1y
1c
0i
#16732237
1t
0s
0r
1y
1c
0i
#16732837
0t
0s
0r
1y
1c
0i
#16733223
1t
0s
0r
1y
1c
0i
#16733824
0t
0s
0r
1y
1c
0i
#16734210
1t
0s
0r
1y
1c
0i
#16734813
0t
0s
0r
1y
1c
0i
#16735201
1t
0s
0r
1y
1c
0i
#16735801
0t
0s
0r
1y
1c
1i
#16736189
1t
0s
0r
1y
1c
1i
#16736792
0t
0s
0r
1y
1c
1i
#16737180
1t
0s
0r
1y
0c
1i
#16737787
0t
0s
0r
1y
0c
1i
#16738175
1t
0s
0r
1y
0c
1i
#16738780
0t
0s
0r
1y
0c
1i
#16739169
1t
0s
0r
1y
0c
1i
#16739776
0t
0s
0r
1y
0c
1i
#16740167
1t
0s
0r
1y
0c
1i
#16740777
0t
0s
0r
1y
0c
0i
#16741166
1t
0s
0r
1y
0c
0i
#16741772
0t
0s
0r
1y
0c
0i
#16742162
1t
0s
0r
1y
0c
0i
#16742770
0t
0s
0r
1y
0c
0i
#16743159
1t
0s
0r
1y
0c
0i
#16743770
0t
0s
0r
1y
0c
0i
#16744157
1t
0s
0r
1y
0c
0i
#16744763
0t
0s
0r
1y
0c
0i
#16745154
1t
0s
0r
1y
0c
0i
#16745760
0t
0s
0r
1y
0c
0i
#16746150
1t
0s
0r
1y
0c
0i
#16746760
0t
0s
0r
1y
0c
0i
#16747147
1t
0s
0r
1y
0c
0i
#16747753
0t
0s
0r
1y
0c
0i
#16748142
1t
0s
0r
1y
0c
0i
#16748750
0t
0s
0r
1y
0c
0i
#16749138
1t
0s
0r
1y
0c
0i
#16749749
0t
0s
0r
1y
0c
0i
#16750134
1t
0s
0r
1y
0c
0i
#16750741
0t
0s
0r
1y
0c
0i
#16751128
1t
0s
0r
1y
0c
0i
#16751735
0t
0s
0r
1y
0c
0i
#16752122
1t
0s
0r
1y
0c
0i
#16752731
0t
0s
0r
1y
0c
0i
#16753116
1t
0s
0r
1y
0c
0i
#16753721
0t
0s
0r
1y
0c
0i
#16754108
1t
0s
0r
1y
0c
0i
#16754713
0t
0s
0r
1y
0c
0i
#16755100
1t
0s
0r
1y
0c
0i
#16755706
0t
0s
0r
1y
0c
0i
#16756092
1t
0s
0r
1y
0c
0i
#16756694
0t
0s
0r
1y
0c
0i
#16757081
1t
0s
0r
1y
0c
0i
#16757684
0t
0s
0r
1y
0c
0i
#16758071
1t
0s
0r
1y
0c
0i
#16758677
0t
0s
0r
1y
0c
0i
#16759062
1t
0s
0r
1y
0c
0i
#16759663
0t
0s
0r
1y
0c
0i
#16760051
1t
0s
0r
1y
0c
0i
#16760653
0t
0s
0r
1y
0c
0i
#16761040
1t
0s
0r
1y
0c
0i
#16761645
0t
0s
0r
1y
0c
0i
#16762031
1t
0s
0r
1y
0c
0i
#16762633
0t
0s
0r
1y
0c
0i
#16763020
1t
0s
0r
1y
0c
0i
#16763623
0t
0s
0r
1y
0c
0i
#16764011
1t
0s
0r
1y
0c
0i
#16764617
0t
0s
0r
1y
0c
0i
#16765006
1t
0s
0r
1y
0c
0i
#16765608
0t
0s
0r
1y
0c
1i
#16765999
1t
0s
0r
1y
0c
1i
#16766604
0t
0s
0r
1y
0c
1i
#16766994
1t
0s
0r
1y
0c
1i
#16767604
0t
0s
0r
1y
1c
1i
#16767993
1t
0s
0r
1y
1c
1i
#16768602
0t
0s
0r
1y
1c
1i
#16768993
1t
0s
0r
1y
1c
1i
#16769604
0t
0s
0r
1y
1c
1i
#16769996
1t
0s
0r
1y
1c
1i
#16770610
0t
0s
0r
1y
1c
0i
#16771000
1t
0s
0r
1y
1c
0i
#16771610
0t
0s
0r
1y
1c
0i
#16772002
1t
0s
0r
1y
1c
0i
#16772614
0t
0s
0r
1y
1c
0i
#16773005
1t
0s
0r
1y
1c
0i
#16773618
0t
0s
0r
1y
1c
0i
#16774009
1t
0s
0r
1y
1c
0i
#16774617
0t
0s
0r
1y
1c
0i
#16775010
1t
0s
0r
1y
1c
0i
#16775619
0t
0s
0r
1y
1c
0i
#16776011
1t
0s
0r
1y
1c
0i
#16776623
0t
0s
0r
1y
1c
0i
#16777014
1t
0s
0r
1y
1c
0i
#16777622
0t
0s
0r
1y
1c
0i
#16778015
1t
0s
0r
1y
1c
0i
#16778623
0t
0s
0r
1y
1c
0i
#16779015
1t
0s
0r
1y
1c
0i
#16779626
0t
0s
0r
1y
1c
0i
#16780018
1t
0s
0r
1y
1c
0i
#16780624
0t
0s
0r
1y
1c
0i
#16781017
1t
0s
0r
1y
1c
0i
#16781624
0t
0s
0r
1y
1c
0i
#16782016
1t
0s
0r
1y
1c
0i
#16782625
0t
0s
0r
1y
1c
0i
#16783015
1t
0s
0r
1y
1c
0i
#16784595
0t
0s
0r
1y
1c
0i
#16785715
1t
0s
0r
1y
1c
0i
#16786618
0t
0s
0r
1y
1c
0i
#16786996
1t
0s
0r
1y
1c
0i
#16787604
0t
0s
0r
1y
1c
0i
#16787992
1t
0s
0r
1y
1c
0i
#16788598
0t
0s
0r
1y
1c
0i
#16788986
1t
0s
0r
1y
1c
0i
#16789591
0t
0s
0r
1y
1c
0i
#16789981
1t
0s
0r
1y
1c
0i
#16790586
0t
0s
0r
1y
1c
0i
#16790974
1t
0s
0r
1y
1c
0i
#16791582
0t
0s
0r
1y
1c
0i
#16791969
1t
0s
0r
1y
1c
0i
#16792573
0t
0s
0r
1y
1c
0i
#16792962
1t
0s
0r
1y
1c
0i
#16793568
0t
0s
0r
1y
1c
0i
#16793956
1t
0s
0r
1y
1c
0i
#16794564
0t
0s
0r
1y
1c
0i
#16794954
1t
0s
0r
1y
1c
0i
#16795558
0t
0s
0r
1y
1c
1i
#16795950
1t
0s
0r
1y
1c
1i
#16796558
0t
0s
0r
1y
1c
1i
#16796948
1t
0s
0r
1y
1c
1i
#16797560
0t
0s
0r
1y
0c
1i
#16797950
1t
0s
0r
1y
0c
1i
#16798560
0t
0s
0r
1y
0c
1i
#16798952
1t
0s
0r
1y
0c
1i
#16799565
0t
0s
0r
1y
0c
1i
#16799957
1t
0s
0r
1y
0c
0i
#16800144
1t
0s
1r
1y
0c
0i
#16800146
1t
0s
0r
1y
0c
0i
#16800573
0t
0s
0r
1y
0c
0i
#16800964
1t
0s
0r
1y
0c
0i
#16801575
0t
0s
0r
1y
0c
0i
#16801968
1t
0s
0r
1y
0c
0i
#16802581
0t
0s
0r
1y
0c
0i
#16802972
1t
0s
0r
1y
0c
0i
#16803588
0t
0s
0r
1y
0c
0i
#16803978
1t
0s
0r
1y
0c
0i
#16804589
0t
0s
0r
1y
0c
0i
#16804982
1t
0s
0r
1y
0c
0i
#16805593
0t
0s
0r
1y
0c
0i
#16805985
1t
0s
0r
1y
0c
0i
#16806599
0t
0s
0r
1y
0c
0i
#16806989
1t
0s
0r
1y
0c
0i
#16807600
0t
0s
0r
1y
0c
0i
#16807991
1t
0s
0r
1y
0c
0i
#16808603
0t
0s
0r
1y
0c
0i
#16808992
1t
0s
0r
1y
0c
0i
#16809606
0t
0s
0r
1y
0c
0i
#16809994
1t
0s
0r
1y
0c
0i
#16810603
0t
0s
0r
1y
0c
0i
#16810992
1t
0s
0r
1y
0c
0i
#16811601
0t
0s
0r
1y
0c
0i
#16811989
1t
0s
0r
1y
0c
0i
#16812601
0t
0s
0r
1y
0c
0i
#16812986
1t
0s
0r
1y
0c
0i
#16813594
0t
0s
0r
1y
0c
0i
#16813982
1t
0s
0r
1y
0c
0i
#16814589
0t
0s
0r
1y
0c
0i
#16814978
1t
0s
0r
1y
0c
0i
#16815587
0t
0s
0r
1y
0c
0i
#16815975
1t
0s
0r
1y
0c
0i
#16816580
0t
0s
0r
1y
0c
0i
#16816970
1t
0s
0r
1y
0c
0i
#16817576
0t
0s
0r
1y
0c
0i
#16817965
1t
0s
0r
1y
0c
0i
#16818575
0t
0s
0r
1y
0c
0i
#16818962
1t
0s
0r
1y
0c
0i
#16819567
0t
0s
0r
1y
0c
0i
#16819957
1t
0s
0r
1y
0c
0i
#16820563
0t
0s
0r
1y
0c
0i
#16820952
1t
0s
0r
1y
0c
0i
#16821560
0t
0s
0r
1y
0c
0i
#16821949
1t
0s
0r
1y
0c
0i
#16822554
0t
0s
0r
1y
0c
0i
#16822944
1t
0s
0r
1y
0c
0i
#16823550
0t
0s
0r
1y
0c
0i
#16823940
1t
0s
0r
1y
0c
0i
#16824549
0t
0s
0r
1y
0c
0i
#16824940
1t
0s
0r
1y
0c
0i
#16825546
0t
0s
0r
1y
0c
1i
#16825938
1t
0s
0r
1y
0c
1i
#16826547
0t
0s
0r
1y
0c
1i
#16826939
1t
0s
0r
1y
0c
1i
#16827552
0t
0s
0r
1y
1c
1i
#16827944
1t
0s
0r
1y
1c
1i
#16828555
0t
0s
0r
1y
1c
1i
#16828949
1t
0s
0r
1y
1c
1i
#16829562
0t
0s
0r
1y
1c
1i
#16829956
1t
0s
0r
1y
1c
0i
#16830573
0t
0s
0r
1y
1c
0i
#16830966
1t
0s
0r
1y
1c
0i
#16831579
0t
0s
0r
1y
1c
0i
#16831973
1t
0s
0r
1y
1c
0i
#16832587
0t
0s
0r
1y
1c
0i
#16832980
1t
0s
0r
1y
1c
0i
#16833596
0t
0s
0r
1y
1c
0i
#16833989
1t
0s
0r
1y
1c
0i
#16834600
0t
0s
0r
1y
1c
0i
#16834995
1t
0s
0r
1y
1c
0i
#16835607
0t
0s
0r
1y
1c
0i
#16836001
1t
0s
0r
1y
1c
0i
#16836615
0t
0s
0r
1y
1c
0i
#16837008
1t
0s
0r
1y
1c
0i
#16837616
0t
0s
0r
1y
1c
0i
#16838010
1t
0s
0r
1y
1c
0i
#16838619
0t
0s
0r
1y
1c
0i
#16839011
1t
0s
0r
1y
1c
0i
#16839621
0t
0s
0r
1y
1c
0i
#16840013
1t
0s
0r
1y
1c
0i
#16840617
0t
0s
0r
1y
1c
0i
#16841009
1t
0s
0r
1y
1c
0i
#16841613
0t
0s
0r
1y
1c
0i
#16842004
1t
0s
0r
1y
1c
0i
#16842610
0t
0s
0r
1y
1c
0i
#16842999
1t
0s
0r
1y
1c
0i
#16844572
0t
0s
0r
1y
1c
0i
#16845686
1t
0s
0r
1y
1c
0i
#16846588
0t
0s
0r
1y
1c
0i
#16846965
1t
0s
0r
1y
1c
0i
#16847571
0t
0s
0r
1y
1c
0i
#16847958
1t
0s
0r
1y
1c
0i
#16848562
0t
0s
0r
1y
1c
0i
#16848949
1t
0s
0r
1y
1c
0i
#16849553
0t
0s
0r
1y
1c
0i
#16849942
1t
0s
0r
1y
1c
0i
#16850545
0t
0s
0r
1y
1c
0i
#16850932
1t
0s
0r
1y
1c
0i
#16851538
0t
0s
0r
1y
1c
0i
#16851924
1t
0s
0r
1y
1c
0i
#16852526
0t
0s
0r
1y
1c
0i
#16852914
1t
0s
0r
1y
1c
0i
#16853518
0t
0s
0r
1y
1c
0i
#16853905
1t
0s
0r
1y
1c
0i
#16854511
0t
0s
0r
1y
1c
0i
#16854900
1t
0s
0r
1y
1c
0i
#16855502
0t
0s
0r
1y
1c
1i
#16855892
1t
0s
0r
1y
1c
1i
#16856498
0t
0s
0r
1y
0c
1i
#16856888
1t
0s
0r
1y
0c
1i
#16857498
0t
0s
0r
1y
0c
1i
#16857886
1t
0s
0r
1y
0c
1i
#16858495
0t
0s
0r
1y
0c
1i
#16858885
1t
0s
0r
1y
0c
1i
#16859496
0t
0s
0r
1y
0c
1i
#16859887
1t
0s
0r
1y
0c
1i
#16860501
0t
0s
0r
1y
0c
0i
#16860891
1t
0s
0r
1y
0c
0i
#16861501
0t
0s
0r
1y
0c
0i
#16861893
1t
0s
0r
1y
0c
0i
#16862504
0t
0s
0r
1y
0c
0i
#16862894
1t
0s
0r
1y
0c
0i
#16863507
0t
0s
0r
1y
0c
0i
#16863897
1t
0s
0r
1y
0c
0i
#16864505
0t
0s
0r
1y
0c
0i
#16864897
1t
0s
0r
1y
0c
0i
#16865505
0t
0s
0r
1y
0c
0i
#16865895
1t
0s
0r
1y
0c
0i
#16866505
0t
0s
0r
1y
0c
0i
#16866892
1t
0s
0r
1y
0c
0i
#16867498
0t
0s
0r
1y
0c
0i
#16867885
1t
0s
0r
1y
0c
0i
#16868491
0t
0s
0r
1y
0c
0i
#16868876
1t
0s
0r
1y
0c
0i
#16869482
0t
0s
0r
1y
0c
0i
#16869865
1t
0s
0r
1y
0c
0i
#16870466
0t
0s
0r
1y
0c
0i
#16870851
1t
0s
0r
1y
0c
0i
#16871452
0t
0s
0r
1y
0c
0i
#16871836
1t
0s
0r
1y
0c
0i
#16872439
0t
0s
0r
1y
0c
0i
#16872821
1t
0s
0r
1y
0c
0i
#16873421
0t
0s
0r
1y
0c
0i
#16873805
1t
0s
0r
1y
0c
0i
#16874405
0t
0s
0r
1y
0c
0i
#16874790
1t
0s
0r
1y
0c
0i
#16875392
0t
0s
0r
1y
0c
0i
#16875776
1t
0s
0r
1y
0c
0i
#16876374
0t
0s
0r
1y
0c
0i
#16876759
1t
0s
0r
1y
0c
0i
#16877359
0t
0s
0r
1y
0c
0i
#16877744
1t
0s
0r
1y
0c
0i
#16878346
0t
0s
0r
1y
0c
0i
#16878730
1t
0s
0r
1y
0c
0i
#16879327
0t
0s
0r
1y
0c
0i
#16879714
1t
0s
0r
1y
0c
0i
#16880312
0t
0s
0r
1y
0c
0i
#16880698
1t
0s
0r
1y
0c
0i
#16881299
0t
0s
0r
1y
0c
0i
#16881683
1t
0s
0r
1y
0c
0i
#16882281
0t
0s
0r
1y
0c
0i
#16882667
1t
0s
0r
1y
0c
0i
#16883266
0t
0s
0r
1y
0c
0i
#16883652
1t
0s
0r
1y
0c
0i
#16884253
0t
0s
0r
1y
0c
0i
#16884640
1t
0s
0r
1y
0c
0i
#16885237
0t
0s
0r
1y
0c
1i
#16885626
1t
0s
0r
1y
0c
1i
#16886227
0t
0s
0r
1y
0c
1i
#16886614
1t
0s
0r
1y
0c
1i
#16887219
0t
0s
0r
1y
1c
1i
#16887606
1t
0s
0r
1y
1c
1i
#16888209
0t
0s
0r
1y
1c
1i
#16888598
1t
0s
0r
1y
1c
1i
#16889204
0t
0s
0r
1y
1c
1i
#16889593
1t
0s
0r
1y
1c
1i
#16890203
0t
0s
0r
1y
1c
0i
#16890591
1t
0s
0r
1y
1c
0i
#16891196
0t
0s
0r
1y
1c
0i
#16891586
1t
0s
0r
1y
1c
0i
#16892192
0t
0s
0r
1y
1c
0i
#16892582
1t
0s
0r
1y
1c
0i
#16893191
0t
0s
0r
1y
1c
0i
#16893579
1t
0s
0r
1y
1c
0i
#16894184
0t
0s
0r
1y
1c
0i
#16894575
1t
0s
0r
1y
1c
0i
#16895180
0t
0s
0r
1y
1c
0i
#16895572
1t
0s
0r
1y
1c
0i
#16896180
0t
0s
0r
1y
1c
0i
#16896570
1t
0s
0r
1y
1c
0i
#16897174
0t
0s
0r
1y
1c
0i
#16897566
1t
0s
0r
1y
1c
0i
#16898171
0t
0s
0r
1y
1c
0i
#16898562
1t
0s
0r
1y
1c
0i
#16899170
0t
0s
0r
1y
1c
0i
#16899561
1t
0s
0r
1y
1c
0i
#16900164
0t
0s
0r
1y
1c
0i
#16900556
1t
0s
0r
1y
1c
0i
#16901160
0t
0s
0r
1y
1c
0i
#16901551
1t
0s
0r
1y
1c
0i
#16902157
0t
0s
0r
1y
1c
0i
#16902546
1t
0s
0r
1y
1c
0i
#16904118
0t
0s
0r
1y
1c
0i
#16905232
1t
0s
0r
1y
1c
0i
#16906130
0t
0s
0r
1y
1c
0i
#16906506
1t
0s
0r
1y
1c
0i
#16907110
0t
0s
0r
1y
1c
0i
#16907496
1t
0s
0r
1y
1c
0i
#16908098
0t
0s
0r
1y
1c
0i
#16908484
1t
0s
0r
1y
1c
0i
#16909086
0t
0s
0r
1y
1c
0i
#16909473
1t
0s
0r
1y
1c
0i
#16910075
0t
0s
0r
1y
1c
0i
#16910461
1t
0s
0r
1y
1c
0i
#16911066
0t
0s
0r
1y
1c
0i
#16911451
1t
0s
0r
1y
1c
0i
#16912052
0t
0s
0r
1y
1c
0i
#16912439
1t
0s
0r
1y
1c
0i
#16913042
0t
0s
0r
1y
1c
0i
#16913428
1t
0s
0r
1y
1c
0i
#16914033
0t
0s
0r
1y
1c
0i
#16914422
1t
0s
0r
1y
1c
0i
#16915024
0t
0s
0r
1y
1c
1i
#16915413
1t
0s
0r
1y
1c
1i
#16916018
0t
0s
0r
1y
0c
1i
#16916408
1t
0s
0r
1y
0c
1i
#16917018
0t
0s
0r
1y
0c
1i
#16917406
1t
0s
0r
1y
0c
1i
#16918013
0t
0s
0r
1y
0c
1i
#16918404
1t
0s
0r
1y
0c
1i
#16919014
0t
0s
0r
1y
0c
1i
#16919405
1t
0s
0r
1y
0c
0i
#16919591
1t
0s
1r
1y
0c
0i
#16919594
1t
0s
0r
1y
0c
0i
#16920018
0t
0s
0r
1y
0c
0i
#16920408
1t
0s
0r
1y
0c
0i
#16921017
0t
0s
0r
1y
0c
0i
#16921408
1t
0s
0r
1y
0c
0i
#16922018
0t
0s
0r
1y
0c
0i
#16922407
1t
0s
0r
1y
0c
0i
#16923020
0t
0s
0r
1y
0c
0i
#16923407
1t
0s
0r
1y
0c
0i
#16924013
0t
0s
0r
1y
0c
0i
#16924403
1t
0s
0r
1y
0c
0i
#16925008
0t
0s
0r
1y
0c
0i
#16925397
1t
0s
0r
1y
0c
0i
#16926003
0t
0s
0r
1y
0c
0i
#16926388
1t
0s
0r
1y
0c
0i
#16926989
0t
0s
0r
1y
0c
0i
#16927374
1t
0s
0r
1y
0c
0i
#16927974
0t
0s
0r
1y
0c
0i
#16928357
1t
0s
0r
1y
0c
0i
#16928959
0t
0s
0r
1y
0c
0i
#16929339
1t
0s
0r
1y
0c
0i
#16929936
0t
0s
0r
1y
0c
0i
#16930318
1t
0s
0r
1y
0c
0i
#16930916
0t
0s
0r
1y
0c
0i
#16931297
1t
0s
0r
1y
0c
0i
#16931898
0t
0s
0r
1y
0c
0i
#16932278
1t
0s
0r
1y
0c
0i
#16932875
0t
0s
0r
1y
0c
0i
#16933257
1t
0s
0r
1y
0c
0i
#16933854
0t
0s
0r
1y
0c
0i
#16934238
1t
0s
0r
1y
0c
0i
#16934837
0t
0s
0r
1y
0c
0i
#16935219
1t
0s
0r
1y
0c
0i
#16935815
0t
0s
0r
1y
0c
0i
#16936199
1t
0s
0r
1y
0c
0i
#16936796
0t
0s
0r
1y
0c
0i
#16937180
1t
0s
0r
1y
0c
0i
#16937779
0t
0s
0r
1y
0c
0i
#16938162
1t
0s
0r
1y
0c
0i
#16938758
0t
0s
0r
1y
0c
0i
#16939142
1t
0s
0r
1y
0c
0i
#16939738
0t
0s
0r
1y
0c
0i
#16940123
1t
0s
0r
1y
0c
0i
#16940722
0t
0s
0r
1y
0c
0i
#16941105
1t
0s
0r
1y
0c
0i
#16941700
0t
0s
0r
1y
0c
0i
#16942084
1t
0s
0r
1y
0c
0i
#16942681
0t
0s
0r
1y
0c
0i
#16943065
1t
0s
0r
1y
0c
0i
#16943664
0t
0s
0r
1y
0c
0i
#16944050
1t
0s
0r
1y
0c
0i
#16944645
0t
0s
0r
1y
0c
1i
#16945032
1t
0s
0r
1y
0c
1i
#16945631
0t
0s
0r
1y
0c
1i
#16946017
1t
0s
0r
1y
1c
1i
#16946620
0t
0s
0r
1y
1c
1i
#16947006
1t
0s
0r
1y
1c
1i
#16947607
0t
0s
0r
1y
1c
1i
#16947995
1t
0s
0r
1y
1c
1i
#16948599
0t
0s
0r
1y
1c
1i
#16948987
1t
0s
0r
1y
1c
0i
#16949595
0t
0s
0r
1y
1c
0i
#16949982
1t
0s
0r
1y
1c
0i
#16950586
0t
0s
0r
1y
1c
0i
#16950975
1t
0s
0r
1y
1c
0i
#16951580
0t
0s
0r
1y
1c
0i
#16951968
1t
0s
0r
1y
1c
0i
#16952576
0t
0s
0r
1y
1c
0i
#16952964
1t
0s
0r
1y
1c
0i
#16953566
0t
0s
0r
1y
1c
0i
#16953957
1t
0s
0r
1y
1c
0i
#16954561
0t
0s
0r
1y
1c
0i
#16954951
1t
0s
0r
1y
1c
0i
#16955556
0t
0s
0r
1y
1c
0i
#16955945
1t
0s
0r
1y
1c
0i
#16956546
0t
0s
0r
1y
1c
0i
#16956935
1t
0s
0r
1y
1c
0i
#16957537
0t
0s
0r
1y
1c
0i
#16957926
1t
0s
0r
1y
1c
0i
#16958528
0t
0s
0r
1y
1c
0i
#16958916
1t
0s
0r
1y
1c
0i
#16959513
0t
0s
0r
1y
1c
0i
#16959902
1t
0s
0r
1y
1c
0i
#16960499
0t
0s
0r
1y
1c
0i
#16960887
1t
0s
0r
1y
1c
0i
#16961486
0t
0s
0r
1y
1c
0i
#16961872
1t
0s
0r
1y
1c
0i
#16963428
0t
0s
0r
1y
1c
0i
#16964533
1t
0s
0r
1y
1c
0i
#16965423
0t
0s
0r
1y
1c
0i
#16965796
1t
0s
0r
1y
1c
0i
#16966395
0t
0s
0r
1y
1c
0i
#16966778
1t
0s
0r
1y
1c
0i
#16967375
0t
0s
0r
1y
1c
0i
#16967758
1t
0s
0r
1y
1c
0i
#16968355
0t
0s
0r
1y
1c
0i
#16968740
1t
0s
0r
1y
1c
0i
#16969336
0t
0s
0r
1y
1c
0i
#16969720
1t
0s
0r
1y
1c
0i
#16970319
0t
0s
0r
1y
1c
0i
#16970702
1t
0s
0r
1y
1c
0i
#16971298
0t
0s
0r
1y
1c
0i
#16971682
1t
0s
0r
1y
1c
0i
#16972280
0t
0s
0r
1y
1c
0i
#16972664
1t
0s
0r
1y
1c
0i
#16973263
0t
0s
0r
1y
1c
0i
#16973649
1t
0s
0r
1y
1c
0i
#16974245
0t
0s
0r
1y
1c
1i
#16974632
1t
0s
0r
1y
1c
1i
#16975231
0t
0s
0r
1y
0c
1i
#16975617
1t
0s
0r
1y
0c
1i
#16976221
0t
0s
0r
1y
0c
1i
#16976606
1t
0s
0r
1y
0c
1i
#16977207
0t
0s
0r
1y
0c
1i
#16977594
1t
0s
0r
1y
0c
1i
#16978197
0t
0s
0r
1y
0c
1i
#16978585
1t
0s
0r
1y
0c
1i
#16979191
0t
0s
0r
1y
0c
0i
#16979577
1t
0s
0r
1y
0c
0i
#16980179
0t
0s
0r
1y
0c
0i
#16980567
1t
0s
0r
1y
0c
0i
#16981171
0t
0s
0r
1y
0c
0i
#16981557
1t
0s
0r
1y
0c
0i
#16982162
0t
0s
0r
1y
0c
0i
#16982547
1t
0s
0r
1y
0c
0i
#16983148
0t
0s
0r
1y
0c
0i
#16983535
1t
0s
0r
1y
0c
0i
#16984136
0t
0s
0r
1y
0c
0i
#16984522
1t
0s
0r
1y
0c
0i
#16985125
0t
0s
0r
1y
0c
0i
#16985509
1t
0s
0r
1y
0c
0i
#16986108
0t
0s
0r
1y
0c
0i
#16986493
1t
0s
0r
1y
0c
0i
#16987093
0t
0s
0r
1y
0c
0i
#16987476
1t
0s
0r
1y
0c
0i
#16988078
0t
0s
0r
1y
0c
0i
#16988459
1t
0s
0r
1y
0c
0i
#16989056
0t
0s
0r
1y
0c
0i
#16989439
1t
0s
0r
1y
0c
0i
#16990037
0t
0s
0r
1y
0c
0i
#16990418
1t
0s
0r
1y
0c
0i
#16991017
0t
0s
0r
1y
0c
0i
#16991397
1t
0s
0r
1y
0c
0i
#16991993
0t
0s
0r
1y
0c
0i
#16992376
1t
0s
0r
1y
0c
0i
#16992971
0t
0s
0r
1y
0c
0i
#16993355
1t
0s
0r
1y
0c
0i
#16993952
0t
0s
0r
1y
0c
0i
#16994334
1t
0s
0r
1y
0c
0i
#16994928
0t
0s
0r
1y
0c
0i
#16995311
1t
0s
0r
1y
0c
0i
#16995906
0t
0s
0r
1y
0c
0i
#16996289
1t
0s
0r
1y
0c
0i
#16996887
0t
0s
0r
1y
0c
0i
#16997268
1t
0s
0r
1y
0c
0i
#16997862
0t
0s
0r
1y
0c
0i
#16998246
1t
0s
0r
1y
0c
0i
#16998840
0t
0s
0r
1y
0c
0i
#16999224
1t
0s
0r
1y
0c
0i
#16999821
0t
0s
0r
1y
0c
0i
#17000203
1t
0s
0r
1y
0c
0i
#17000796
0t
0s
0r
1y
0c
0i
#17001180
1t
0s
0r
1y
0c
0i
#17001775
0t
0s
0r
1y
0c
0i
#17002159
1t
0s
0r
1y
0c
0i
#17002755
0t
0s
0r
1y
0c
0i
#17003140
1t
0s
0r
1y
0c
0i
#17003734
0t
0s
0r
1y
0c
1i
#17004120
1t
0s
0r
1y
0c
1i
#17004716
0t
0s
0r
1y
0c
1i
#17005102
1t
0s
0r
1y
0c
1i
#17005703
0t
0s
0r
1y
1c
1i
#17006088
1t
0s
0r
1y
1c
1i
#17006686
0t
0s
0r
1y
1c
1i
#17007073
1t
0s
0r
1y
1c
1i
#17007675
0t
0s
0r
1y
1c
1i
#17008061
1t
0s
0r
1y
1c
1i
#17008666
0t
0s
0r
1y
1c
0i
#17009052
1t
0s
0r
1y
1c
0i
#17009653
0t
0s
0r
1y
1c
0i
#17010040
1t
0s
0r
1y
1c
0i
#17010642
0t
0s
0r
1y
1c
0i
#17011029
1t
0s
0r
1y
1c
0i
#17011633
0t
0s
0r
1y
1c
0i
#17012019
1t
0s
0r
1y
1c
0i
#17012618
0t
0s
0r
1y
1c
0i
#17013007
1t
0s
0r
1y
1c
0i
#17013607
0t
0s
0r
1y
1c
0i
#17013995
1t
0s
0r
1y
1c
0i
#17014598
0t
0s
0r
1y
1c
0i
#17014984
1t
0s
0r
1y
1c
0i
#17015582
0t
0s
0r
1y
1c
0i
#17015970
1t
0s
0r
1y
1c
0i
#17016569
0t
0s
0r
1y
1c
0i
#17016956
1t
0s
0r
1y
1c
0i
#17017555
0t
0s
0r
1y
1c
0i
#17017942
1t
0s
0r
1y
1c
0i
#17018537
0t
0s
0r
1y
1c
0i
#17018924
1t
0s
0r
1y
1c
0i
#17019518
0t
0s
0r
1y
1c
0i
#17019904
1t
0s
0r
1y
1c
0i
#17020501
0t
0s
0r
1y
1c
0i
#17020885
1t
0s
0r
1y
1c
0i
#17022435
0t
0s
0r
1y
1c
0i
#17023535
1t
0s
0r
1y
1c
0i
#17024421
0t
0s
0r
1y
1c
0i
#17024793
1t
0s
0r
1y
1c
0i
#17025389
0t
0s
0r
1y
1c
0i
#17025771
1t
0s
0r
1y
1c
0i
#17026365
0t
0s
0r
1y
1c
0i
#17026747
1t
0s
0r
1y
1c
0i
#17027341
0t
0s
0r
1y
1c
0i
#17027724
1t
0s
0r
1y
1c
0i
#17028318
0t
0s
0r
1y
1c
0i
#17028700
1t
0s
0r
1y
1c
0i
#17029296
0t
0s
0r
1y
1c
0i
#17029677
1t
0s
0r
1y
1c
0i
#17030269
0t
0s
0r
1y
1c
0i
#17030652
1t
0s
0r
1y
1c
0i
#17031247
0t
0s
0r
1y
1c
0i
#17031628
1t
0s
0r
1y
1c
0i
#17032225
0t
0s
0r
1y
1c
0i
#17032608
1t
0s
0r
1y
1c
0i
#17033201
0t
0s
0r
1y
1c
1i
#17033586
1t
0s
0r
1y
1c
1i
#17034182
0t
0s
0r
1y
0c
1i
#17034566
1t
0s
0r
1y
0c
1i
#17035166
0t
0s
0r
1y
0c
1i
#17035550
1t
0s
0r
1y
0c
1i
#17036148
0t
0s
0r
1y
0c
1i
#17036533
1t
0s
0r
1y
0c
1i
#17037133
0t
0s
0r
1y
0c
1i
#17037520
1t
0s
0r
1y
0c
1i
#17037717
1t
0s
1r
1y
0c
0i
#17037719
1t
0s
0r
1y
0c
0i
#17038123
0t
0s
0r
1y
0c
0i
#17038508
1t
0s
0r
1y
0c
0i
#17039108
0t
0s
0r
1y
0c
0i
#17039494
1t
0s
0r
1y
0c
0i
#17040095
0t
0s
0r
1y
0c
0i
#17040479
1t
0s
0r
1y
0c
0i
#17041083
0t
0s
0r
1y
0c
0i
#17041466
1t
0s
0r
1y
0c
0i
#17042065
0t
0s
0r
1y
0c
0i
#17042452
1t
0s
0r
1y
0c
0i
#17043051
0t
0s
0r
1y
0c
0i
#17043436
1t
0s
0r
1y
0c
0i
#17044039
0t
0s
0r
1y
0c
0i
#17044422
1t
0s
0r
1y
0c
0i
#17045022
0t
0s
0r
1y
0c
0i
#17045406
1t
0s
0r
1y
0c
0i
#17046006
0t
0s
0r
1y
0c
0i
#17046390
1t
0s
0r
1y
0c
0i
#17046993
0t
0s
0r
1y
0c
0i
#17047374
1t
0s
0r
1y
0c
0i
#17047972
0t
0s
0r
1y
0c
0i
#17048355
1t
0s
0r
1y
0c
0i
#17048954
0t
0s
0r
1y
0c
0i
#17049337
1t
0s
0r
1y
0c
0i
#17049938
0t
0s
0r
1y
0c
0i
#17050318
1t
0s
0r
1y
0c
0i
#17050916
0t
0s
0r
1y
0c
0i
#17051298
1t
0s
0r
1y
0c
0i
#17051894
0t
0s
0r
1y
0c
0i
#17052278
1t
0s
0r
1y
0c
0i
#17052877
0t
0s
0r
1y
0c
0i
#17053259
1t
0s
0r
1y
0c
0i
#17053853
0t
0s
0r
1y
0c
0i
#17054237
1t
0s
0r
1y
0c
0i
#17054833
0t
0s
0r
1y
0c
0i
#17055216
1t
0s
0r
1y
0c
0i
#17055814
0t
0s
0r
1y
0c
0i
#17056196
1t
0s
0r
1y
0c
0i
#17056790
0t
0s
0r
1y
0c
0i
#17057174
1t
0s
0r
1y
0c
0i
#17057769
0t
0s
0r
1y
0c
0i
#17058153
1t
0s
0r
1y
0c
0i
#17058751
0t
0s
0r
1y
0c
0i
#17059133
1t
0s
0r
1y
0c
0i
#17059727
0t
0s
0r
1y
0c
0i
#17060111
1t
0s
0r
1y
0c
0i
#17060707
0t
0s
0r
1y
0c
0i
#17061091
1t
0s
0r
1y
0c
0i
#17061689
0t
0s
0r
1y
0c
0i
#17062074
1t
0s
0r
1y
0c
0i
#17062668
0t
0s
0r
1y
0c
1i
#17063055
1t
0s
0r
1y
0c
1i
#17063652
0t
0s
0r
1y
0c
1i
#17064039
1t
0s
0r
1y
0c
1i
#17064641
0t
0s
0r
1y
1c
1i
#17065026
1t
0s
0r
1y
1c
1i
#17065626
0t
0s
0r
1y
1c
1i
#17066013
1t
0s
0r
1y
1c
1i
#17066616
0t
0s
0r
1y
1c
1i
#17067003
1t
0s
0r
1y
1c
1i
#17067609
0t
0s
0r
1y
1c
0i
#17067996
1t
0s
0r
1y
1c
0i
#17068598
0t
0s
0r
1y
1c
0i
#17068986
1t
0s
0r
1y
1c
0i
#17069589
0t
0s
0r
1y
1c
0i
#17069977
1t
0s
0r
1y
1c
0i
#17070582
0t
0s
0r
1y
1c
0i
#17070969
1t
0s
0r
1y
1c
0i
#17071569
0t
0s
0r
1y
1c
0i
#17071959
1t
0s
0r
1y
1c
0i
#17072561
0t
0s
0r
1y
1c
0i
#17072950
1t
0s
0r
1y
1c
0i
#17073554
0t
0s
0r
1y
1c
0i
#17073942
1t
0s
0r
1y
1c
0i
#17074543
0t
0s
0r
1y
1c
0i
#17074932
1t
0s
0r
1y
1c
0i
#17075534
0t
0s
0r
1y
1c
0i
#17075923
1t
0s
0r
1y
1c
0i
#17076527
0t
0s
0r
1y
1c
0i
#17076915
1t
0s
0r
1y
1c
0i
#17077515
0t
0s
0r
1y
1c
0i
#17077905
1t
0s
0r
1y
1c
0i
#17078505
0t
0s
0r
1y
1c
0i
#17078894
1t
0s
0r
1y
1c
0i
#17079496
0t
0s
0r
1y
1c
0i
#17079883
1t
0s
0r
1y
1c
0i
#17081445
0t
0s
0r
1y
1c
0i
#17082554
1t
0s
0r
1y
1c
0i
#17083447
0t
0s
0r
1y
1c
0i
#17083821
1t
0s
0r
1y
1c
0i
#17084422
0t
0s
0r
1y
1c
0i
#17084806
1t
0s
0r
1y
1c
0i
#17085404
0t
0s
0r
1y
1c
0i
#17085789
1t
0s
0r
1y
1c
0i
#17086387
0t
0s
0r
1y
1c
0i
#17086773
1t
0s
0r
1y
1c
0i
#17087371
0t
0s
0r
1y
1c
0i
#17087755
1t
0s
0r
1y
1c
0i
#17088355
0t
0s
0r
1y
1c
0i
#17088739
1t
0s
0r
1y
1c
0i
#17089336
0t
0s
0r
1y
1c
0i
#17089721
1t
0s
0r
1y
1c
0i
#17090319
0t
0s
0r
1y
1c
0i
#17090704
1t
0s
0r
1y
1c
0i
#17091305
0t
0s
0r
1y
1c
0i
#17091691
1t
0s
0r
1y
1c
0i
#17092289
0t
0s
0r
1y
1c
1i
#17092677
1t
0s
0r
1y
1c
1i
#17093277
0t
0s
0r
1y
1c
1i
#17093665
1t
0s
0r
1y
1c
1i
#17094270
0t
0s
0r
1y
0c
1i
#17094656
1t
0s
0r
1y
0c
1i
#17095259
0t
0s
0r
1y
0c
1i
#17095648
1t
0s
0r
1y
0c
1i
#17096253
0t
0s
0r
1y
0c
1i
#17096642
1t
0s
0r
1y
0c
1i
#17097251
0t
0s
0r
1y
0c
0i
#17097638
1t
0s
0r
1y
0c
0i
#17098243
0t
0s
0r
1y
0c
0i
#17098631
1t
0s
0r
1y
0c
0i
#17099237
0t
0s
0r
1y
0c
0i
#17099625
1t
0s
0r
1y
0c
0i
#17100233
0t
0s
0r
1y
0c
0i
#17100620
1t
0s
0r
1y
0c
0i
#17101224
0t
0s
0r
1y
0c
0i
#17101613
1t
0s
0r
1y
0c
0i
#17102217
0t
0s
0r
1y
0c
0i
#17102606
1t
0s
0r
1y
0c
0i
#17103214
0t
0s
0r
1y
0c
0i
#17103600
1t
0s
0r
1y
0c
0i
#17104205
0t
0s
0r
1y
0c
0i
#17104594
1t
0s
0r
1y
0c
0i
#17105201
0t
0s
0r
1y
0c
0i
#17105588
1t
0s
0r
1y
0c
0i
#17106198
0t
0s
0r
1y
0c
0i
#17106583
1t
0s
0r
1y
0c
0i
#17107189
0t
0s
0r
1y
0c
0i
#17107576
1t
0s
0r
1y
0c
0i
#17108184
0t
0s
0r
1y
0c
0i
#17108570
1t
0s
0r
1y
0c
0i
#17109180
0t
0s
0r
1y
0c
0i
#17109565
1t
0s
0r
1y
0c
0i
#17110170
0t
0s
0r
1y
0c
0i
#17110557
1t
0s
0r
1y
0c
0i
#17111161
0t
0s
0r
1y
0c
0i
#17111549
1t
0s
0r
1y
0c
0i
#17112155
0t
0s
0r
1y
0c
0i
#17112541
1t
0s
0r
1y
0c
0i
#17113143
0t
0s
0r
1y
0c
0i
#17113530
1t
0s
0r
1y
0c
0i
#17114134
0t
0s
0r
1y
0c
0i
#17114520
1t
0s
0r
1y
0c
0i
#17115126
0t
0s
0r
1y
0c
0i
#17115511
1t
0s
0r
1y
0c
0i
#17116112
0t
0s
0r
1y
0c
0i
#17116500
1t
0s
0r
1y
0c
0i
#17117102
0t
0s
0r
1y
0c
0i
#17117489
1t
0s
0r
1y
0c
0i
#17118094
0t
0s
0r
1y
0c
0i
#17118480
1t
0s
0r
1y
0c
0i
#17119081
0t
0s
0r
1y
0c
0i
#17119469
1t
0s
0r
1y
0c
0i
#17120072
0t
0s
0r
1y
0c
0i
#17120459
1t
0s
0r
1y
0c
0i
#17121064
0t
0s
0r
1y
0c
0i
#17121453
1t
0s
0r
1y
0c
0i
#17122054
0t
0s
0r
1y
0c
1i
#17122445
1t
0s
0r
1y
0c
1i
#17123050
0t
0s
0r
1y
0c
1i
#17123440
1t
0s
0r
1y
0c
1i
#17124049
0t
0s
0r
1y
1c
1i
#17124438
1t
0s
0r
1y
1c
1i
#17125046
0t
0s
0r
1y
1c
1i
#17125437
1t
0s
0r
1y
1c
1i
#17126047
0t
0s
0r
1y
1c
1i
#17126439
1t
0s
0r
1y
1c
0i
#17127052
0t
0s
0r
1y
1c
0i
#17127443
1t
0s
0r
1y
1c
0i
#17128052
0t
0s
0r
1y
1c
0i
#17128445
1t
0s
0r
1y
1c
0i
#17129056
0t
0s
0r
1y
1c
0i
#17129447
1t
0s
0r
1y
1c
0i
#17130059
0t
0s
0r
1y
1c
0i
#17130450
1t
0s
0r
1y
1c
0i
#17131058
0t
0s
0r
1y
1c
0i
#17131451
1t
0s
0r
1y
1c
0i
#17132060
0t
0s
0r
1y
1c
0i
#17132452
1t
0s
0r
1y
1c
0i
#17133063
0t
0s
0r
1y
1c
0i
#17133455
1t
0s
0r
1y
1c
0i
#17134062
0t
0s
0r
1y
1c
0i
#17134454
1t
0s
0r
1y
1c
0i
#17135062
0t
0s
0r
1y
1c
0i
#17135454
1t
0s
0r
1y
1c
0i
#17136063
0t
0s
0r
1y
1c
0i
#17136455
1t
0s
0r
1y
1c
0i
#17137060
0t
0s
0r
1y
1c
0i
#17137453
1t
0s
0r
1y
1c
0i
#17138059
0t
0s
0r
1y
1c
0i
#17138451
1t
0s
0r
1y
1c
0i
#17139059
0t
0s
0r
1y
1c
0i
#17139448
1t
0s
0r
1y
1c
0i
#17141026
0t
0s
0r
1y
1c
0i
#17142143
1t
0s
0r
1y
1c
0i
#17143046
0t
0s
0r
1y
1c
0i
#17143423
1t
0s
0r
1y
1c
0i
#17144030
0t
0s
0r
1y
1c
0i
#17144417
1t
0s
0r
1y
1c
0i
#17145022
0t
0s
0r
1y
1c
0i
#17145410
1t
0s
0r
1y
1c
0i
#17146014
0t
0s
0r
1y
1c
0i
#17146403
1t
0s
0r
1y
1c
0i
#17147007
0t
0s
0r
1y
1c
0i
#17147395
1t
0s
0r
1y
1c
0i
#17148001
0t
0s
0r
1y
1c
0i
#17148388
1t
0s
0r
1y
1c
0i
#17148991
0t
0s
0r
1y
1c
0i
#17149380
1t
0s
0r
1y
1c
0i
#17149984
0t
0s
0r
1y
1c
0i
#17150373
1t
0s
0r
1y
1c
0i
#17150980
0t
0s
0r
1y
1c
0i
#17151369
1t
0s
0r
1y
1c
0i
#17151973
0t
0s
0r
1y
1c
1i
#17152364
1t
0s
0r
1y
1c
1i
#17152971
0t
0s
0r
1y
1c
1i
#17153362
1t
0s
0r
1y
1c
1i
#17153973
0t
0s
0r
1y
0c
1i
#17154362
1t
0s
0r
1y
0c
1i
#17154972
0t
0s
0r
1y
0c
1i
#17155364
1t
0s
0r
1y
0c
1i
#17155975
0t
0s
0r
1y
0c
1i
#17156317
0t
0s
1r
1y
0c
0i
#17156320
0t
0s
0r
1y
0c
0i
#17156368
1t
0s
0r
1y
0c
0i
#17156983
0t
0s
0r
1y
0c
0i
#17157374
1t
0s
0r
1y
0c
0i
#17157985
0t
0s
0r
1y
0c
0i
#17158378
1t
0s
0r
1y
0c
0i
#17158990
0t
0s
0r
1y
0c
0i
#17159381
1t
0s
0r
1y
0c
0i
#17159997
0t
0s
0r
1y
0c
0i
#17160387
1t
0s
0r
1y
0c
0i
#17160998
0t
0s
0r
1y
0c
0i
#17161391
1t
0s
0r
1y
0c
0i
#17162003
0t
0s
0r
1y
0c
0i
#17162395
1t
0s
0r
1y
0c
0i
#17163010
0t
0s
0r
1y
0c
0i
#17163400
1t
0s
0r
1y
0c
0i
#17164013
0t
0s
0r
1y
0c
0i
#17164404
1t
0s
0r
1y
0c
0i
#17165019
0t
0s
0r
1y
0c
0i
#17165409
1t
0s
0r
1y
0c
0i
#17166026
0t
0s
0r
1y
0c
0i
#17166415
1t
0s
0r
1y
0c
0i
#17167028
0t
0s
0r
1y
0c
0i
#17167419
1t
0s
0r
1y
0c
0i
#17168033
0t
0s
0r
1y
0c
0i
#17168422
1t
0s
0r
1y
0c
0i
#17169038
0t
0s
0r
1y
0c
0i
#17169426
1t
0s
0r
1y
0c
0i
#17170037
0t
0s
0r
1y
0c
0i
#17170427
1t
0s
0r
1y
0c
0i
#17171038
0t
0s
0r
1y
0c
0i
#17171429
1t
0s
0r
1y
0c
0i
#17172041
0t
0s
0r
1y
0c
0i
#17172430
1t
0s
0r
1y
0c
0i
#17173039
0t
0s
0r
1y
0c
0i
#17173429
1t
0s
0r
1y
0c
0i
#17174039
0t
0s
0r
1y
0c
0i
#17174429
1t
0s
0r
1y
0c
0i
#17175042
0t
0s
0r
1y
0c
0i
#17175430
1t
0s
0r
1y
0c
0i
#17176038
0t
0s
0r
1y
0c
0i
#17176429
1t
0s
0r
1y
0c
0i
#17177039
0t
0s
0r
1y
0c
0i
#17177429
1t
0s
0r
1y
0c
0i
#17178041
0t
0s
0r
1y
0c
0i
#17178431
1t
0s
0r
1y
0c
0i
#17179040
0t
0s
0r
1y
0c
0i
#17179431
1t
0s
0r
1y
0c
0i
#17180042
0t
0s
0r
1y
0c
0i
#17180433
1t
0s
0r
1y
0c
0i
#17181046
0t
0s
0r
1y
0c
0i
#17181439
1t
0s
0r
1y
0c
0i
#17182047
0t
0s
0r
1y
0c
1i
#17182442
1t
0s
0r
1y
0c
1i
#17183055
0t
0s
0r
1y
0c
1i
#17183449
1t
0s
0r
1y
0c
1i
#17184066
0t
0s
0r
1y
1c
1i
#17184459
1t
0s
0r
1y
1c
1i
#17185074
0t
0s
0r
1y
1c
1i
#17185470
1t
0s
0r
1y
1c
1i
#17186088
0t
0s
0r
1y
1c
1i
#17186483
1t
0s
0r
1y
1c
0i
#17187104
0t
0s
0r
1y
1c
0i
#17187498
1t
0s
0r
1y
1c
0i
#17188116
0t
0s
0r
1y
1c
0i
#17188511
1t
0s
0r
1y
1c
0i
#17189129
0t
0s
0r
1y
1c
0i
#17189525
1t
0s
0r
1y
1c
0i
#17190145
0t
0s
0r
1y
1c
0i
#17190539
1t
0s
0r
1y
1c
0i
#17191154
0t
0s
0r
1y
1c
0i
#17191552
1t
0s
0r
1y
1c
0i
#17192167
0t
0s
0r
1y
1c
0i
#17192563
1t
0s
0r
1y
1c
0i
#17193181
0t
0s
0r
1y
1c
0i
#17193576
1t
0s
0r
1y
1c
0i
#17194189
0t
0s
0r
1y
1c
0i
#17194585
1t
0s
0r
1y
1c
0i
#17195198
0t
0s
0r
1y
1c
0i
#17195593
1t
0s
0r
1y
1c
0i
#17196208
0t
0s
0r
1y
1c
0i
#17196602
1t
0s
0r
1y
1c
0i
#17197211
0t
0s
0r
1y
1c
0i
#17197606
1t
0s
0r
1y
1c
0i
#17198215
0t
0s
0r
1y
1c
0i
#17198609
1t
0s
0r
1y
1c
0i
#17199220
0t
0s
0r
1y
1c
0i
#17199612
1t
0s
0r
1y
1c
0i
#17201198
0t
0s
0r
1y
1c
0i
#17202322
1t
0s
0r
1y
1c
0i
#17203230
0t
0s
0r
1y
1c
0i
#17203609
1t
0s
0r
1y
1c
0i
#17204221
0t
0s
0r
1y
1c
0i
#17204610
1t
0s
0r
1y
1c
0i
#17205219
0t
0s
0r
1y
1c
0i
#17205609
1t
0s
0r
1y
1c
0i
#17206218
0t
0s
0r
1y
1c
0i
#17206609
1t
0s
0r
1y
1c
0i
#17207217
0t
0s
0r
1y
1c
0i
#17207608
1t
0s
0r
1y
1c
0i
#17208219
0t
0s
0r
1y
1c
0i
#17208608
1t
0s
0r
1y
1c
0i
#17209215
0t
0s
0r
1y
1c
0i
#17209606
1t
0s
0r
1y
1c
0i
#17210215
0t
0s
0r
1y
1c
0i
#17210605
1t
0s
0r
1y
1c
0i
#17211217
0t
0s
0r
1y
1c
0i
#17211608
1t
0s
0r
1y
1c
0i
#17212216
0t
0s
0r
1y
1c
1i
#17212609
1t
0s
0r
1y
1c
1i
#17213220
0t
0s
0r
1y
1c
1i
#17213613
1t
0s
0r
1y
1c
1i
#17214228
0t
0s
0r
1y
0c
1i
#17214619
1t
0s
0r
1y
0c
1i
#17215233
0t
0s
0r
1y
0c
1i
#17215626
1t
0s
0r
1y
0c
1i
#17216242
0t
0s
0r
1y
0c
1i
#17216636
1t
0s
0r
1y
0c
0i
#17217254
0t
0s
0r
1y
0c
0i
#17217647
1t
0s
0r
1y
0c
0i
#17218262
0t
0s
0r
1y
0c
0i
#17218656
1t
0s
0r
1y
0c
0i
#17219272
0t
0s
0r
1y
0c
0i
#17219664
1t
0s
0r
1y
0c
0i
#17220283
0t
0s
0r
1y
0c
0i
#17220675
1t
0s
0r
1y
0c
0i
#17221288
0t
0s
0r
1y
0c
0i
#17221683
1t
0s
0r
1y
0c
0i
#17222298
0t
0s
0r
1y
0c
0i
#17222692
1t
0s
0r
1y
0c
0i
#17223310
0t
0s
0r
1y
0c
0i
#17223702
1t
0s
0r
1y
0c
0i
#17224317
0t
0s
0r
1y
0c
0i
#17224710
1t
0s
0r
1y
0c
0i
#17225327
0t
0s
0r
1y
0c
0i
#17225720
1t
0s
0r
1y
0c
0i
#17226340
0t
0s
0r
1y
0c
0i
#17226731
1t
0s
0r
1y
0c
0i
#17227348
0t
0s
0r
1y
0c
0i
#17227741
1t
0s
0r
1y
0c
0i
#17228359
0t
0s
0r
1y
0c
0i
#17228750
1t
0s
0r
1y
0c
0i
#17229371
0t
0s
0r
1y
0c
0i
#17229761
1t
0s
0r
1y
0c
0i
#17230377
0t
0s
0r
1y
0c
0i
#17230770
1t
0s
0r
1y
0c
0i
#17231385
0t
0s
0r
1y
0c
0i
#17231778
1t
0s
0r
1y
0c
0i
#17232395
0t
0s
0r
1y
0c
0i
#17232786
1t
0s
0r
1y
0c
0i
#17233399
0t
0s
0r
1y
0c
0i
#17233792
1t
0s
0r
1y
0c
0i
#17234406
0t
0s
0r
1y
0c
0i
#17234798
1t
0s
0r
1y
0c
0i
#17235415
0t
0s
0r
1y
0c
0i
#17235805
1t
0s
0r
1y
0c
0i
#17236417
0t
0s
0r
1y
0c
0i
#17236811
1t
0s
0r
1y
0c
0i
#17237423
0t
0s
0r
1y
0c
0i
#17237817
1t
0s
0r
1y
0c
0i
#17238432
0t
0s
0r
1y
0c
0i
#17238824
1t
0s
0r
1y
0c
0i
#17239436
0t
0s
0r
1y
0c
0i
#17239830
1t
0s
0r
1y
0c
0i
#17240443
0t
0s
0r
1y
0c
0i
#17240837
1t
0s
0r
1y
0c
0i
#17241453
0t
0s
0r
1y
0c
0i
#17241848
1t
0s
0r
1y
0c
0i
#17242460
0t
0s
0r
1y
0c
1i
#17242856
1t
0s
0r
1y
0c
1i
#17243472
0t
0s
0r
1y
0c
1i
#17243868
1t
0s
0r
1y
0c
1i
#17244489
0t
0s
0r
1y
1c
1i
#17244884
1t
0s
0r
1y
1c
1i
#17245502
0t
0s
0r
1y
1c
1i
#17245900
1t
0s
0r
1y
1c
1i
#17246521
0t
0s
0r
1y
1c
1i
#17246918
1t
0s
0r
1y
1c
0i
#17247543
0t
0s
0r
1y
1c
0i
#17247939
1t
0s
0r
1y
1c
0i
#17248560
0t
0s
0r
1y
1c
0i
#17248957
1t
0s
0r
1y
1c
0i
#17249578
0t
0s
0r
1y
1c
0i
#17249976
1t
0s
0r
1y
1c
0i
#17250599
0t
0s
0r
1y
1c
0i
#17250996
1t
0s
0r
1y
1c
0i
#17251614
0t
0s
0r
1y
1c
0i
#17252013
1t
0s
0r
1y
1c
0i
#17252631
0t
0s
0r
1y
1c
0i
#17253030
1t
0s
0r
1y
1c
0i
#17253651
0t
0s
0r
1y
1c
0i
#17254047
1t
0s
0r
1y
1c
0i
#17254664
0t
0s
0r
1y
1c
0i
#17255061
1t
0s
0r
1y
1c
0i
#17255677
0t
0s
0r
1y
1c
0i
#17256073
1t
0s
0r
1y
1c
0i
#17256690
0t
0s
0r
1y
1c
0i
#17257086
1t
0s
0r
1y
1c
0i
#17257697
0t
0s
0r
1y
1c
0i
#17258093
1t
0s
0r
1y
1c
0i
#17258705
0t
0s
0r
1y
1c
0i
#17259100
1t
0s
0r
1y
1c
0i
#17259713
0t
0s
0r
1y
1c
0i
#17260106
1t
0s
0r
1y
1c
0i
#17261699
0t
0s
0r
1y
1c
0i
#17262826
1t
0s
0r
1y
1c
0i
#17263738
0t
0s
0r
1y
1c
0i
#17264119
1t
0s
0r
1y
1c
0i
#17264733
0t
0s
0r
1y
1c
0i
#17265123
1t
0s
0r
1y
1c
0i
#17265735
0t
0s
0r
1y
1c
0i
#17266126
1t
0s
0r
1y
1c
0i
#17266737
0t
0s
0r
1y
1c
0i
#17267130
1t
0s
0r
1y
1c
0i
#17267741
0t
0s
0r
1y
1c
0i
#17268132
1t
0s
0r
1y
1c
0i
#17268746
0t
0s
0r
1y
1c
0i
#17269136
1t
0s
0r
1y
1c
0i
#17269746
0t
0s
0r
1y
1c
0i
#17270137
1t
0s
0r
1y
1c
0i
#17270749
0t
0s
0r
1y
1c
0i
#17271140
1t
0s
0r
1y
1c
0i
#17271753
0t
0s
0r
1y
1c
0i
#17272146
1t
0s
0r
1y
1c
0i
#17272756
0t
0s
0r
1y
1c
1i
#17273150
1t
0s
0r
1y
1c
1i
#17273763
0t
0s
0r
1y
1c
1i
#17274156
1t
0s
0r
1y
1c
1i
#17274774
0t
0s
0r
1y
0c
1i
#17275166
1t
0s
0r
1y
0c
1i
#17275782
0t
0s
0r
1y
0c
1i
#17276177
1t
0s
0r
1y
0c
1i
#17276795
0t
0s
0r
1y
0c
1i
#17277190
1t
0s
0r
1y
0c
0i
#17277367
1t
0s
1r
1y
0c
0i
#17277370
1t
0s
0r
1y
0c
0i
#17277811
0t
0s
0r
1y
0c
0i
#17278206
1t
0s
0r
1y
0c
0i
#17278824
0t
0s
0r
1y
0c
0i
#17279219
1t
0s
0r
1y
0c
0i
#17279838
0t
0s
0r
1y
0c
0i
#17280233
1t
0s
0r
1y
0c
0i
#17280855
0t
0s
0r
1y
0c
0i
#17281248
1t
0s
0r
1y
0c
0i
#17281866
0t
0s
0r
1y
0c
0i
#17282262
1t
0s
0r
1y
0c
0i
#17282881
0t
0s
0r
1y
0c
0i
#17283276
1t
0s
0r
1y
0c
0i
#17283898
0t
0s
0r
1y
0c
0i
#17284290
1t
0s
0r
1y
0c
0i
#17284909
0t
0s
0r
1y
0c
0i
#17285303
1t
0s
0r
1y
0c
0i
#17285922
0t
0s
0r
1y
0c
0i
#17286315
1t
0s
0r
1y
0c
0i
#17286937
0t
0s
0r
1y
0c
0i
#17287327
1t
0s
0r
1y
0c
0i
#17287944
0t
0s
0r
1y
0c
0i
#17288336
1t
0s
0r
1y
0c
0i
#17288953
0t
0s
0r
1y
0c
0i
#17289344
1t
0s
0r
1y
0c
0i
#17289963
0t
0s
0r
1y
0c
0i
#17290352
1t
0s
0r
1y
0c
0i
#17290967
0t
0s
0r
1y
0c
0i
#17291358
1t
0s
0r
1y
0c
0i
#17291972
0t
0s
0r
1y
0c
0i
#17292365
1t
0s
0r
1y
0c
0i
#17292980
0t
0s
0r
1y
0c
0i
#17293371
1t
0s
0r
1y
0c
0i
#17293983
0t
0s
0r
1y
0c
0i
#17294375
1t
0s
0r
1y
0c
0i
#17294989
0t
0s
0r
1y
0c
0i
#17295380
1t
0s
0r
1y
0c
0i
#17295996
0t
0s
0r
1y
0c
0i
#17296387
1t
0s
0r
1y
0c
0i
#17296999
0t
0s
0r
1y
0c
0i
#17297392
1t
0s
0r
1y
0c
0i
#17298004
0t
0s
0r
1y
0c
0i
#17298397
1t
0s
0r
1y
0c
0i
#17299012
0t
0s
0r
1y
0c
0i
#17299404
1t
0s
0r
1y
0c
0i
#17300016
0t
0s
0r
1y
0c
0i
#17300409
1t
0s
0r
1y
0c
0i
#17301023
0t
0s
0r
1y
0c
0i
#17301416
1t
0s
0r
1y
0c
0i
#17302032
0t
0s
0r
1y
0c
0i
#17302427
1t
0s
0r
1y
0c
0i
#17303039
0t
0s
0r
1y
0c
1i
#17303435
1t
0s
0r
1y
0c
1i
#17304051
0t
0s
0r
1y
0c
1i
#17304447
1t
0s
0r
1y
1c
1i
#17305068
0t
0s
0r
1y
1c
1i
#17305463
1t
0s
0r
1y
1c
1i
#17306082
0t
0s
0r
1y
1c
1i
#17306479
1t
0s
0r
1y
1c
1i
#17307101
0t
0s
0r
1y
1c
1i
#17307498
1t
0s
0r
1y
1c
0i
#17308123
0t
0s
0r
1y
1c
0i
#17308519
1t
0s
0r
1y
1c
0i
#17309140
0t
0s
0r
1y
1c
0i
#17309538
1t
0s
0r
1y
1c
0i
#17310160
0t
0s
0r
1y
1c
0i
#17310557
1t
0s
0r
1y
1c
0i
#17311181
0t
0s
0r
1y
1c
0i
#17311576
1t
0s
0r
1y
1c
0i
#17312194
0t
0s
0r
1y
1c
0i
#17312594
1t
0s
0r
1y
1c
0i
#17313212
0t
0s
0r
1y
1c
0i
#17313609
1t
0s
0r
1y
1c
0i
#17314229
0t
0s
0r
1y
1c
0i
#17314625
1t
0s
0r
1y
1c
0i
#17315239
0t
0s
0r
1y
1c
0i
#17315636
1t
0s
0r
1y
1c
0i
#17316250
0t
0s
0r
1y
1c
0i
#17316645
1t
0s
0r
1y
1c
0i
#17317260
0t
0s
0r
1y
1c
0i
#17317654
1t
0s
0r
1y
1c
0i
#17318263
0t
0s
0r
1y
1c
0i
#17318658
1t
0s
0r
1y
1c
0i
#17319267
0t
0s
0r
1y
1c
0i
#17319661
1t
0s
0r
1y
1c
0i
#17320273
0t
0s
0r
1y
1c
0i
#17320664
1t
0s
0r
1y
1c
0i
#17322252
0t
0s
0r
1y
1c
0i
#17323377
1t
0s
0r
1y
1c
0i
#17324286
0t
0s
0r
1y
1c
0i
#17324666
1t
0s
0r
1y
1c
0i
#17325278
0t
0s
0r
1y
1c
0i
#17325668
1t
0s
0r
1y
1c
0i
#17326278
0t
0s
0r
1y
1c
0i
#17326668
1t
0s
0r
1y
1c
0i
#17327277
0t
0s
0r
1y
1c
0i
#17327669
1t
0s
0r
1y
1c
0i
#17328278
0t
0s
0r
1y
1c
0i
#17328669
1t
0s
0r
1y
1c
0i
#17329280
0t
0s
0r
1y
1c
0i
#17329670
1t
0s
0r
1y
1c
0i
#17330278
0t
0s
0r
1y
1c
0i
#17330669
1t
0s
0r
1y
1c
0i
#17331279
0t
0s
0r
1y
1c
0i
#17331669
1t
0s
0r
1y
1c
0i
#17332281
0t
0s
0r
1y
1c
0i
#17332673
1t
0s
0r
1y
1c
0i
#17333282
0t
0s
0r
1y
1c
1i
#17333675
1t
0s
0r
1y
1c
1i
#17334287
0t
0s
0r
1y
1c
1i
#17334680
1t
0s
0r
1y
0c
1i
#17335296
0t
0s
0r
1y
0c
1i
#17335688
1t
0s
0r
1y
0c
1i
#17336303
0t
0s
0r
1y
0c
1i
#17336697
1t
0s
0r
1y
0c
1i
#17337314
0t
0s
0r
1y
0c
1i
#17337709
1t
0s
0r
1y
0c
0i
#17338329
0t
0s
0r
1y
0c
0i
#17338723
1t
0s
0r
1y
0c
0i
#17339340
0t
0s
0r
1y
0c
0i
#17339735
1t
0s
0r
1y
0c
0i
#17340352
0t
0s
0r
1y
0c
0i
#17340746
1t
0s
0r
1y
0c
0i
#17341367
0t
0s
0r
1y
0c
0i
#17341760
1t
0s
0r
1y
0c
0i
#17342376
0t
0s
0r
1y
0c
0i
#17342771
1t
0s
0r
1y
0c
0i
#17343387
0t
0s
0r
1y
0c
0i
#17343782
1t
0s
0r
1y
0c
0i
#17344401
0t
0s
0r
1y
0c
0i
#17344794
1t
0s
0r
1y
0c
0i
#17345410
0t
0s
0r
1y
0c
0i
#17345803
1t
0s
0r
1y
0c
0i
#17346420
0t
0s
0r
1y
0c
0i
#17346812
1t
0s
0r
1y
0c
0i
#17347431
0t
0s
0r
1y
0c
0i
#17347820
1t
0s
0r
1y
0c
0i
#17348434
0t
0s
0r
1y
0c
0i
#17348825
1t
0s
0r
1y
0c
0i
#17349438
0t
0s
0r
1y
0c
0i
#17349828
1t
0s
0r
1y
0c
0i
#17350443
0t
0s
0r
1y
0c
0i
#17350832
1t
0s
0r
1y
0c
0i
#17351442
0t
0s
0r
1y
0c
0i
#17351833
1t
0s
0r
1y
0c
0i
#17352444
0t
0s
0r
1y
0c
0i
#17352834
1t
0s
0r
1y
0c
0i
#17353447
0t
0s
0r
1y
0c
0i
#17353836
1t
0s
0r
1y
0c
0i
#17354445
0t
0s
0r
1y
0c
0i
#17354836
1t
0s
0r
1y
0c
0i
#17355446
0t
0s
0r
1y
0c
0i
#17355836
1t
0s
0r
1y
0c
0i
#17356449
0t
0s
0r
1y
0c
0i
#17356838
1t
0s
0r
1y
0c
0i
#17357446
0t
0s
0r
1y
0c
0i
#17357838
1t
0s
0r
1y
0c
0i
#17358448
0t
0s
0r
1y
0c
0i
#17358839
1t
0s
0r
1y
0c
0i
#17359451
0t
0s
0r
1y
0c
0i
#17359841
1t
0s
0r
1y
0c
0i
#17360449
0t
0s
0r
1y
0c
0i
#17360841
1t
0s
0r
1y
0c
0i
#17361451
0t
0s
0r
1y
0c
0i
#17361843
1t
0s
0r
1y
0c
0i
#17362456
0t
0s
0r
1y
0c
0i
#17362849
1t
0s
0r
1y
0c
0i
#17363457
0t
0s
0r
1y
0c
1i
#17363852
1t
0s
0r
1y
0c
1i
#17364464
0t
0s
0r
1y
0c
1i
#17364858
1t
0s
0r
1y
1c
1i
#17365475
0t
0s
0r
1y
1c
1i
#17365868
1t
0s
0r
1y
1c
1i
#17366482
0t
0s
0r
1y
1c
1i
#17366878
1t
0s
0r
1y
1c
1i
#17367495
0t
0s
0r
1y
1c
1i
#17367890
1t
0s
0r
1y
1c
0i
#17368511
0t
0s
0r
1y
1c
0i
#17368905
1t
0s
0r
1y
1c
0i
#17369522
0t
0s
0r
1y
1c
0i
#17369918
1t
0s
0r
1y
1c
0i
#17370536
0t
0s
0r
1y
1c
0i
#17370931
1t
0s
0r
1y
1c
0i
#17371551
0t
0s
0r
1y
1c
0i
#17371945
1t
0s
0r
1y
1c
0i
#17372559
0t
0s
0r
1y
1c
0i
#17372956
1t
0s
0r
1y
1c
0i
#17373570
0t
0s
0r
1y
1c
0i
#17373965
1t
0s
0r
1y
1c
0i
#17374581
0t
0s
0r
1y
1c
0i
#17374974
1t
0s
0r
1y
1c
0i
#17375585
0t
0s
0r
1y
1c
0i
#17375978
1t
0s
0r
1y
1c
0i
#17376588
0t
0s
0r
1y
1c
0i
#17376980
1t
0s
0r
1y
1c
0i
#17377590
0t
0s
0r
1y
1c
0i
#17377981
1t
0s
0r
1y
1c
0i
#17378585
0t
0s
0r
1y
1c
0i
#17378978
1t
0s
0r
1y
1c
0i
#17379582
0t
0s
0r
1y
1c
0i
#17379973
1t
0s
0r
1y
1c
0i
#17380579
0t
0s
0r
1y
1c
0i
#17380969
1t
0s
0r
1y
1c
0i
#17382544
0t
0s
0r
1y
1c
0i
#17383662
1t
0s
0r
1y
1c
0i
#17384565
0t
0s
0r
1y
1c
0i
#17384942
1t
0s
0r
1y
1c
0i
#17385550
0t
0s
0r
1y
1c
0i
#17385937
1t
0s
0r
1y
1c
0i
#17386543
0t
0s
0r
1y
1c
0i
#17386931
1t
0s
0r
1y
1c
0i
#17387536
0t
0s
0r
1y
1c
0i
#17387926
1t
0s
0r
1y
1c
0i
#17388531
0t
0s
0r
1y
1c
0i
#17388919
1t
0s
0r
1y
1c
0i
#17389526
0t
0s
0r
1y
1c
0i
#17389913
1t
0s
0r
1y
1c
0i
#17390518
0t
0s
0r
1y
1c
0i
#17390906
1t
0s
0r
1y
1c
0i
#17391511
0t
0s
0r
1y
1c
0i
#17391900
1t
0s
0r
1y
1c
0i
#17392507
0t
0s
0r
1y
1c
0i
#17392896
1t
0s
0r
1y
1c
0i
#17393501
0t
0s
0r
1y
1c
1i
#17393891
1t
0s
0r
1y
1c
1i
#17394499
0t
0s
0r
1y
1c
1i
#17394889
1t
0s
0r
1y
0c
1i
#17395500
0t
0s
0r
1y
0c
1i
#17395890
1t
0s
0r
1y
0c
1i
#17396500
0t
0s
0r
1y
0c
1i
#17396891
1t
0s
0r
1y
0c
1i
#17397503
0t
0s
0r
1y
0c
1i
#17397895
1t
0s
0r
1y
0c
1i
#17398102
1t
0s
1r
1y
0c
0i
#17398104
1t
0s
0r
1y
0c
0i
#17398510
0t
0s
0r
1y
0c
0i
#17398901
1t
0s
0r
1y
0c
0i
#17399513
0t
0s
0r
1y
0c
0i
#17399905
1t
0s
0r
1y
0c
0i
#17400518
0t
0s
0r
1y
0c
0i
#17400909
1t
0s
0r
1y
0c
0i
#17401525
0t
0s
0r
1y
0c
0i
#17401915
1t
0s
0r
1y
0c
0i
#17402526
0t
0s
0r
1y
0c
0i
#17402919
1t
0s
0r
1y
0c
0i
#17403531
0t
0s
0r
1y
0c
0i
#17403923
1t
0s
0r
1y
0c
0i
#17404538
0t
0s
0r
1y
0c
0i
#17404928
1t
0s
0r
1y
0c
0i
#17405540
0t
0s
0r
1y
0c
0i
#17405931
1t
0s
0r
1y
0c
0i
#17406544
0t
0s
0r
1y
0c
0i
#17406934
1t
0s
0r
1y
0c
0i
#17407549
0t
0s
0r
1y
0c
0i
#17407937
1t
0s
0r
1y
0c
0i
#17408548
0t
0s
0r
1y
0c
0i
#17408937
1t
0s
0r
1y
0c
0i
#17409548
0t
0s
0r
1y
0c
0i
#17409937
1t
0s
0r
1y
0c
0i
#17410550
0t
0s
0r
1y
0c
0i
#17410937
1t
0s
0r
1y
0c
0i
#17411546
0t
0s
0r
1y
0c
0i
#17411935
1t
0s
0r
1y
0c
0i
#17412543
0t
0s
0r
1y
0c
0i
#17412933
1t
0s
0r
1y
0c
0i
#17413543
0t
0s
0r
1y
0c
0i
#17413931
1t
0s
0r
1y
0c
0i
#17414538
0t
0s
0r
1y
0c
0i
#17414927
1t
0s
0r
1y
0c
0i
#17415536
0t
0s
0r
1y
0c
0i
#17415924
1t
0s
0r
1y
0c
0i
#17416536
0t
0s
0r
1y
0c
0i
#17416923
1t
0s
0r
1y
0c
0i
#17417530
0t
0s
0r
1y
0c
0i
#17417920
1t
0s
0r
1y
0c
0i
#17418528
0t
0s
0r
1y
0c
0i
#17418918
1t
0s
0r
1y
0c
0i
#17419528
0t
0s
0r
1y
0c
0i
#17419917
1t
0s
0r
1y
0c
0i
#17420524
0t
0s
0r
1y
0c
0i
#17420915
1t
0s
0r
1y
0c
0i
#17421523
0t
0s
0r
1y
0c
0i
#17421914
1t
0s
0r
1y
0c
0i
#17422526
0t
0s
0r
1y
0c
0i
#17422918
1t
0s
0r
1y
0c
0i
#17423525
0t
0s
0r
1y
0c
1i
#17423919
1t
0s
0r
1y
0c
1i
#17424530
0t
0s
0r
1y
0c
1i
#17424923
1t
0s
0r
1y
1c
1i
#17425538
0t
0s
0r
1y
1c
1i
#17425931
1t
0s
0r
1y
1c
1i
#17426545
0t
0s
0r
1y
1c
1i
#17426939
1t
0s
0r
1y
1c
1i
#17427555
0t
0s
0r
1y
1c
1i
#17427950
1t
0s
0r
1y
1c
1i
#17428569
0t
0s
0r
1y
1c
0i
#17428963
1t
0s
0r
1y
1c
0i
#17429578
0t
0s
0r
1y
1c
0i
#17429972
1t
0s
0r
1y
1c
0i
#17430589
0t
0s
0r
1y
1c
0i
#17430983
1t
0s
0r
1y
1c
0i
#17431601
0t
0s
0r
1y
1c
0i
#17431994
1t
0s
0r
1y
1c
0i
#17432607
0t
0s
0r
1y
1c
0i
#17433003
1t
0s
0r
1y
1c
0i
#17433616
0t
0s
0r
1y
1c
0i
#17434011
1t
0s
0r
1y
1c
0i
#17434626
0t
0s
0r
1y
1c
0i
#17435020
1t
0s
0r
1y
1c
0i
#17435630
0t
0s
0r
1y
1c
0i
#17436025
1t
0s
0r
1y
1c
0i
#17436636
0t
0s
0r
1y
1c
0i
#17437030
1t
0s
0r
1y
1c
0i
#17437642
0t
0s
0r
1y
1c
0i
#17438035
1t
0s
0r
1y
1c
0i
#17438642
0t
0s
0r
1y
1c
0i
#17439035
1t
0s
0r
1y
1c
0i
#17439642
0t
0s
0r
1y
1c
0i
#17440035
1t
0s
0r
1y
1c
0i
#17440645
0t
0s
0r
1y
1c
0i
#17441035
1t
0s
0r
1y
1c
0i
#17442617
0t
0s
0r
1y
1c
0i
#17443739
1t
0s
0r
1y
1c
0i
#17444644
0t
0s
0r
1y
1c
0i
#17445023
1t
0s
0r
1y
1c
0i
#17445633
0t
0s
0r
1y
1c
0i
#17446021
1t
0s
0r
1y
1c
0i
#17446629
0t
0s
0r
1y
1c
0i
#17447018
1t
0s
0r
1y
1c
0i
#17447625
0t
0s
0r
1y
1c
0i
#17448016
1t
0s
0r
1y
1c
0i
#17448623
0t
0s
0r
1y
1c
0i
#17449012
1t
0s
0r
1y
1c
0i
#17449621
0t
0s
0r
1y
1c
0i
#17450010
1t
0s
0r
1y
1c
0i
#17450615
0t
0s
0r
1y
1c
0i
#17451005
1t
0s
0r
1y
1c
0i
#17451612
0t
0s
0r
1y
1c
0i
#17452001
1t
0s
0r
1y
1c
0i
#17452611
0t
0s
0r
1y
1c
0i
#17453001
1t
0s
0r
1y
1c
0i
#17453607
0t
0s
0r
1y
1c
1i
#17453999
1t
0s
0r
1y
1c
1i
#17454608
0t
0s
0r
1y
1c
1i
#17454999
1t
0s
0r
1y
1c
1i
#17455612
0t
0s
0r
1y
0c
1i
#17456002
1t
0s
0r
1y
0c
1i
#17456613
0t
0s
0r
1y
0c
1i
#17457006
1t
0s
0r
1y
0c
1i
#17457619
0t
0s
0r
1y
0c
1i
#17458012
1t
0s
0r
1y
0c
1i
#17458629
0t
0s
0r
1y
0c
0i
#17459021
1t
0s
0r
1y
0c
0i
#17459634
0t
0s
0r
1y
0c
0i
#17460027
1t
0s
0r
1y
0c
0i
#17460641
0t
0s
0r
1y
0c
0i
#17461033
1t
0s
0r
1y
0c
0i
#17461650
0t
0s
0r
1y
0c
0i
#17462041
1t
0s
0r
1y
0c
0i
#17462654
0t
0s
0r
1y
0c
0i
#17463048
1t
0s
0r
1y
0c
0i
#17463661
0t
0s
0r
1y
0c
0i
#17464055
1t
0s
0r
1y
0c
0i
#17464672
0t
0s
0r
1y
0c
0i
#17465063
1t
0s
0r
1y
0c
0i
#17465678
0t
0s
0r
1y
0c
0i
#17466071
1t
0s
0r
1y
0c
0i
#17466688
0t
0s
0r
1y
0c
0i
#17467079
1t
0s
0r
1y
0c
0i
#17467699
0t
0s
0r
1y
0c
0i
#17468090
1t
0s
0r
1y
0c
0i
#17468706
0t
0s
0r
1y
0c
0i
#17469098
1t
0s
0r
1y
0c
0i
#17469716
0t
0s
0r
1y
0c
0i
#17470108
1t
0s
0r
1y
0c
0i
#17470728
0t
0s
0r
1y
0c
0i
#17471118
1t
0s
0r
1y
0c
0i
#17471734
0t
0s
0r
1y
0c
0i
#17472126
1t
0s
0r
1y
0c
0i
#17472741
0t
0s
0r
1y
0c
0i
#17473134
1t
0s
0r
1y
0c
0i
#17473751
0t
0s
0r
1y
0c
0i
#17474142
1t
0s
0r
1y
0c
0i
#17474755
0t
0s
0r
1y
0c
0i
#17475147
1t
0s
0r
1y
0c
0i
#17475761
0t
0s
0r
1y
0c
0i
#17476153
1t
0s
0r
1y
0c
0i
#17476769
0t
0s
0r
1y
0c
0i
#17477159
1t
0s
0r
1y
0c
0i
#17477771
0t
0s
0r
1y
0c
0i
#17478164
1t
0s
0r
1y
0c
0i
#17478777
0t
0s
0r
1y
0c
0i
#17479169
1t
0s
0r
1y
0c
0i
#17479784
0t
0s
0r
1y
0c
0i
#17480176
1t
0s
0r
1y
0c
0i
#17480788
0t
0s
0r
1y
0c
0i
#17481181
1t
0s
0r
1y
0c
0i
#17481795
0t
0s
0r
1y
0c
0i
#17482188
1t
0s
0r
1y
0c
0i
#17482804
0t
0s
0r
1y
0c
0i
#17483198
1t
0s
0r
1y
0c
0i
#17483810
0t
0s
0r
1y
0c
1i
#17484207
1t
0s
0r
1y
0c
1i
#17484822
0t
0s
0r
1y
0c
1i
#17485218
1t
0s
0r
1y
1c
1i
#17485839
0t
0s
0r
1y
1c
1i
#17486233
1t
0s
0r
1y
1c
1i
#17486852
0t
0s
0r
1y
1c
1i
#17487249
1t
0s
0r
1y
1c
1i
#17487870
0t
0s
0r
1y
1c
1i
#17488267
1t
0s
0r
1y
1c
0i
#17488891
0t
0s
0r
1y
1c
0i
#17489287
1t
0s
0r
1y
1c
0i
#17489907
0t
0s
0r
1y
1c
0i
#17490305
1t
0s
0r
1y
1c
0i
#17490925
0t
0s
0r
1y
1c
0i
#17491323
1t
0s
0r
1y
1c
0i
#17491946
0t
0s
0r
1y
1c
0i
#17492342
1t
0s
0r
1y
1c
0i
#17492961
0t
0s
0r
1y
1c
0i
#17493360
1t
0s
0r
1y
1c
0i
#17493979
0t
0s
0r
1y
1c
0i
#17494377
1t
0s
0r
1y
1c
0i
#17495000
0t
0s
0r
1y
1c
0i
#17495397
1t
0s
0r
1y
1c
0i
#17496015
0t
0s
0r
1y
1c
0i
#17496415
1t
0s
0r
1y
1c
0i
#17497035
0t
0s
0r
1y
1c
0i
#17497433
1t
0s
0r
1y
1c
0i
#17498055
0t
0s
0r
1y
1c
0i
#17498454
1t
0s
0r
1y
1c
0i
#17499072
0t
0s
0r
1y
1c
0i
#17499472
1t
0s
0r
1y
1c
0i
#17500092
0t
0s
0r
1y
1c
0i
#17500490
1t
0s
0r
1y
1c
0i
#17501112
0t
0s
0r
1y
1c
0i
#17501509
1t
0s
0r
1y
1c
0i
#17503121
0t
0s
0r
1y
1c
0i
#17504261
1t
0s
0r
1y
1c
0i
#17505184
0t
0s
0r
1y
1c
0i
#17505568
1t
0s
0r
1y
1c
0i
#17506189
0t
0s
0r
1y
1c
0i
#17506583
1t
0s
0r
1y
1c
0i
#17507201
0t
0s
0r
1y
1c
0i
#17507596
1t
0s
0r
1y
1c
0i
#17508214
0t
0s
0r
1y
1c
0i
#17508609
1t
0s
0r
1y
1c
0i
#17509227
0t
0s
0r
1y
1c
0i
#17509621
1t
0s
0r
1y
1c
0i
#17510242
0t
0s
0r
1y
1c
0i
#17510635
1t
0s
0r
1y
1c
0i
#17511252
0t
0s
0r
1y
1c
0i
#17511647
1t
0s
0r
1y
1c
0i
#17512264
0t
0s
0r
1y
1c
0i
#17512660
1t
0s
0r
1y
1c
0i
#17513280
0t
0s
0r
1y
1c
0i
#17513676
1t
0s
0r
1y
1c
0i
#17514293
0t
0s
0r
1y
1c
1i
#17514691
1t
0s
0r
1y
1c
1i
#17515312
0t
0s
0r
1y
1c
1i
#17515709
1t
0s
0r
1y
0c
1i
#17516334
0t
0s
0r
1y
0c
1i
#17516730
1t
0s
0r
1y
0c
1i
#17517354
0t
0s
0r
1y
0c
1i
#17517752
1t
0s
0r
1y
0c
1i
#17518378
0t
0s
0r
1y
0c
1i
#17518675
0t
0s
1r
1y
0c
1i
#17518678
0t
0s
0r
1y
0c
1i
#17518778
1t
0s
0r
1y
0c
0i
#17519406
0t
0s
0r
1y
0c
0i
#17519805
1t
0s
0r
1y
0c
0i
#17520431
0t
0s
0r
1y
0c
0i
#17520830
1t
0s
0r
1y
0c
0i
#17521457
0t
0s
0r
1y
0c
0i
#17521855
1t
0s
0r
1y
0c
0i
#17522485
0t
0s
0r
1y
0c
0i
#17522882
1t
0s
0r
1y
0c
0i
#17523506
0t
0s
0r
1y
0c
0i
#17523906
1t
0s
0r
1y
0c
0i
#17524530
0t
0s
0r
1y
0c
0i
#17524928
1t
0s
0r
1y
0c
0i
#17525555
0t
0s
0r
1y
0c
0i
#17525949
1t
0s
0r
1y
0c
0i
#17526572
0t
0s
0r
1y
0c
0i
#17526967
1t
0s
0r
1y
0c
0i
#17527588
0t
0s
0r
1y
0c
0i
#17527982
1t
0s
0r
1y
0c
0i
#17528606
0t
0s
0r
1y
0c
0i
#17528997
1t
0s
0r
1y
0c
0i
#17529615
0t
0s
0r
1y
0c
0i
#17530007
1t
0s
0r
1y
0c
0i
#17530626
0t
0s
0r
1y
0c
0i
#17531017
1t
0s
0r
1y
0c
0i
#17531638
0t
0s
0r
1y
0c
0i
#17532029
1t
0s
0r
1y
0c
0i
#17532646
0t
0s
0r
1y
0c
0i
#17533038
1t
0s
0r
1y
0c
0i
#17533655
0t
0s
0r
1y
0c
0i
#17534049
1t
0s
0r
1y
0c
0i
#17534668
0t
0s
0r
1y
0c
0i
#17535060
1t
0s
0r
1y
0c
0i
#17535675
0t
0s
0r
1y
0c
0i
#17536069
1t
0s
0r
1y
0c
0i
#17536686
0t
0s
0r
1y
0c
0i
#17537079
1t
0s
0r
1y
0c
0i
#17537699
0t
0s
0r
1y
0c
0i
#17538091
1t
0s
0r
1y
0c
0i
#17538707
0t
0s
0r
1y
0c
0i
#17539102
1t
0s
0r
1y
0c
0i
#17539718
0t
0s
0r
1y
0c
0i
#17540112
1t
0s
0r
1y
0c
0i
#17540731
0t
0s
0r
1y
0c
0i
#17541124
1t
0s
0r
1y
0c
0i
#17541739
0t
0s
0r
1y
0c
0i
#17542134
1t
0s
0r
1y
0c
0i
#17542751
0t
0s
0r
1y
0c
0i
#17543146
1t
0s
0r
1y
0c
0i
#17543766
0t
0s
0r
1y
0c
0i
#17544162
1t
0s
0r
1y
0c
0i
#17544777
0t
0s
0r
1y
0c
1i
#17545175
1t
0s
0r
1y
0c
1i
#17545794
0t
0s
0r
1y
0c
1i
#17546191
1t
0s
0r
1y
1c
1i
#17546815
0t
0s
0r
1y
1c
1i
#17547212
1t
0s
0r
1y
1c
1i
#17547834
0t
0s
0r
1y
1c
1i
#17548233
1t
0s
0r
1y
1c
1i
#17548858
0t
0s
0r
1y
1c
1i
#17549256
1t
0s
0r
1y
1c
0i
#17549885
0t
0s
0r
1y
1c
0i
#17550282
1t
0s
0r
1y
1c
0i
#17550907
0t
0s
0r
1y
1c
0i
#17551306
1t
0s
0r
1y
1c
0i
#17551931
0t
0s
0r
1y
1c
0i
#17552330
1t
0s
0r
1y
1c
0i
#17552958
0t
0s
0r
1y
1c
0i
#17553356
1t
0s
0r
1y
1c
0i
#17553978
0t
0s
0r
1y
1c
0i
#17554379
1t
0s
0r
1y
1c
0i
#17555002
0t
0s
0r
1y
1c
0i
#17555402
1t
0s
0r
1y
1c
0i
#17556026
0t
0s
0r
1y
1c
0i
#17556424
1t
0s
0r
1y
1c
0i
#17557044
0t
0s
0r
1y
1c
0i
#17557443
1t
0s
0r
1y
1c
0i
#17558063
0t
0s
0r
1y
1c
0i
#17558460
1t
0s
0r
1y
1c
0i
#17559080
0t
0s
0r
1y
1c
0i
#17559477
1t
0s
0r
1y
1c
0i
#17560091
0t
0s
0r
1y
1c
0i
#17560489
1t
0s
0r
1y
1c
0i
#17561103
0t
0s
0r
1y
1c
0i
#17561499
1t
0s
0r
1y
1c
0i
#17562116
0t
0s
0r
1y
1c
0i
#17562510
1t
0s
0r
1y
1c
0i
#17564110
0t
0s
0r
1y
1c
0i
#17565241
1t
0s
0r
1y
1c
0i
#17566157
0t
0s
0r
1y
1c
0i
#17566540
1t
0s
0r
1y
1c
0i
#17567156
0t
0s
0r
1y
1c
0i
#17567549
1t
0s
0r
1y
1c
0i
#17568163
0t
0s
0r
1y
1c
0i
#17568556
1t
0s
0r
1y
1c
0i
#17569170
0t
0s
0r
1y
1c
0i
#17569565
1t
0s
0r
1y
1c
0i
#17570179
0t
0s
0r
1y
1c
0i
#17570572
1t
0s
0r
1y
1c
0i
#17571188
0t
0s
0r
1y
1c
0i
#17571581
1t
0s
0r
1y
1c
0i
#17572194
0t
0s
0r
1y
1c
0i
#17572587
1t
0s
0r
1y
1c
0i
#17573202
0t
0s
0r
1y
1c
0i
#17573596
1t
0s
0r
1y
1c
0i
#17574213
0t
0s
0r
1y
1c
0i
#17574607
1t
0s
0r
1y
1c
0i
#17575221
0t
0s
0r
1y
1c
1i
#17575617
1t
0s
0r
1y
1c
1i
#17576234
0t
0s
0r
1y
1c
1i
#17576630
1t
0s
0r
1y
0c
1i
#17577251
0t
0s
0r
1y
0c
1i
#17577646
1t
0s
0r
1y
0c
1i
#17578265
0t
0s
0r
1y
0c
1i
#17578662
1t
0s
0r
1y
0c
1i
#17579283
0t
0s
0r
1y
0c
1i
#17579681
1t
0s
0r
1y
0c
1i
#17580306
0t
0s
0r
1y
0c
0i
#17580703
1t
0s
0r
1y
0c
0i
#17581324
0t
0s
0r
1y
0c
0i
#17581721
1t
0s
0r
1y
0c
0i
#17582344
0t
0s
0r
1y
0c
0i
#17582740
1t
0s
0r
1y
0c
0i
#17583366
0t
0s
0r
1y
0c
0i
#17583761
1t
0s
0r
1y
0c
0i
#17584381
0t
0s
0r
1y
0c
0i
#17584780
1t
0s
0r
1y
0c
0i
#17585401
0t
0s
0r
1y
0c
0i
#17585799
1t
0s
0r
1y
0c
0i
#17586424
0t
0s
0r
1y
0c
0i
#17586819
1t
0s
0r
1y
0c
0i
#17587442
0t
0s
0r
1y
0c
0i
#17587839
1t
0s
0r
1y
0c
0i
#17588463
0t
0s
0r
1y
0c
0i
#17588859
1t
0s
0r
1y
0c
0i
#17589487
0t
0s
0r
1y
0c
0i
#17589881
1t
0s
0r
1y
0c
0i
#17590505
0t
0s
0r
1y
0c
0i
#17590902
1t
0s
0r
1y
0c
0i
#17591527
0t
0s
0r
1y
0c
0i
#17591923
1t
0s
0r
1y
0c
0i
#17592551
0t
0s
0r
1y
0c
0i
#17592945
1t
0s
0r
1y
0c
0i
#17593568
0t
0s
0r
1y
0c
0i
#17593965
1t
0s
0r
1y
0c
0i
#17594588
0t
0s
0r
1y
0c
0i
#17594985
1t
0s
0r
1y
0c
0i
#17595609
0t
0s
0r
1y
0c
0i
#17596005
1t
0s
0r
1y
0c
0i
#17596625
0t
0s
0r
1y
0c
0i
#17597022
1t
0s
0r
1y
0c
0i
#17597643
0t
0s
0r
1y
0c
0i
#17598039
1t
0s
0r
1y
0c
0i
#17598663
0t
0s
0r
1y
0c
0i
#17599058
1t
0s
0r
1y
0c
0i
#17599677
0t
0s
0r
1y
0c
0i
#17600074
1t
0s
0r
1y
0c
0i
#17600695
0t
0s
0r
1y
0c
0i
#17601091
1t
0s
0r
1y
0c
0i
#17601714
0t
0s
0r
1y
0c
0i
#17602110
1t
0s
0r
1y
0c
0i
#17602730
0t
0s
0r
1y
0c
0i
#17603128
1t
0s
0r
1y
0c
0i
#17603749
0t
0s
0r
1y
0c
0i
#17604147
1t
0s
0r
1y
0c
0i
#17604771
0t
0s
0r
1y
0c
0i
#17605170
1t
0s
0r
1y
0c
0i
#17605790
0t
0s
0r
1y
0c
1i
#17606191
1t
0s
0r
1y
0c
1i
#17606815
0t
0s
0r
1y
0c
1i
#17607215
1t
0s
0r
1y
1c
1i
#17607844
0t
0s
0r
1y
1c
1i
#17608243
1t
0s
0r
1y
1c
1i
#17608870
0t
0s
0r
1y
1c
1i
#17609272
1t
0s
0r
1y
1c
1i
#17609902
0t
0s
0r
1y
1c
1i
#17610303
1t
0s
0r
1y
1c
0i
#17610936
0t
0s
0r
1y
1c
0i
#17611337
1t
0s
0r
1y
1c
0i
#17611965
0t
0s
0r
1y
1c
0i
#17612367
1t
0s
0r
1y
1c
0i
#17612997
0t
0s
0r
1y
1c
0i
#17613398
1t
0s
0r
1y
1c
0i
#17614030
0t
0s
0r
1y
1c
0i
#17614430
1t
0s
0r
1y
1c
0i
#17615056
0t
0s
0r
1y
1c
0i
#17615460
1t
0s
0r
1y
1c
0i
#17616086
0t
0s
0r
1y
1c
0i
#17616488
1t
0s
0r
1y
1c
0i
#17617116
0t
0s
0r
1y
1c
0i
#17617516
1t
0s
0r
1y
1c
0i
#17618139
0t
0s
0r
1y
1c
0i
#17618540
1t
0s
0r
1y
1c
0i
#17619163
0t
0s
0r
1y
1c
0i
#17619562
1t
0s
0r
1y
1c
0i
#17620186
0t
0s
0r
1y
1c
0i
#17620584
1t
0s
0r
1y
1c
0i
#17621202
0t
0s
0r
1y
1c
0i
#17621602
1t
0s
0r
1y
1c
0i
#17622220
0t
0s
0r
1y
1c
0i
#17622618
1t
0s
0r
1y
1c
0i
#17623239
0t
0s
0r
1y
1c
0i
#17623636
1t
0s
0r
1y
1c
0i
#17625246
0t
0s
0r
1y
1c
0i
#17626386
1t
0s
0r
1y
1c
0i
#17627310
0t
0s
0r
1y
1c
0i
#17627694
1t
0s
0r
1y
1c
0i
#17628316
0t
0s
0r
1y
1c
0i
#17628710
1t
0s
0r
1y
1c
0i
#17629331
0t
0s
0r
1y
1c
0i
#17629725
1t
0s
0r
1y
1c
0i
#17630344
0t
0s
0r
1y
1c
0i
#17630741
1t
0s
0r
1y
1c
0i
#17631360
0t
0s
0r
1y
1c
0i
#17631755
1t
0s
0r
1y
1c
0i
#17632376
0t
0s
0r
1y
1c
0i
#17632771
1t
0s
0r
1y
1c
0i
#17633388
0t
0s
0r
1y
1c
0i
#17633784
1t
0s
0r
1y
1c
0i
#17634403
0t
0s
0r
1y
1c
0i
#17634798
1t
0s
0r
1y
1c
0i
#17635420
0t
0s
0r
1y
1c
0i
#17635816
1t
0s
0r
1y
1c
0i
#17636434
0t
0s
0r
1y
1c
1i
#17636832
1t
0s
0r
1y
1c
1i
#17637453
0t
0s
0r
1y
1c
1i
#17637851
1t
0s
0r
1y
0c
1i
#17638477
0t
0s
0r
1y
0c
1i
#17638873
1t
0s
0r
1y
0c
1i
#17639497
0t
0s
0r
1y
0c
1i
#17639896
1t
0s
0r
1y
0c
1i
#17640523
0t
0s
0r
1y
0c
1i
#17640922
1t
0s
0r
1y
0c
1i
#17641105
1t
0s
1r
1y
0c
0i
#17641107
1t
0s
0r
1y
0c
0i
#17641551
0t
0s
0r
1y
0c
0i
#17641950
1t
0s
0r
1y
0c
0i
#17642576
0t
0s
0r
1y
0c
0i
#17642976
1t
0s
0r
1y
0c
0i
#17643603
0t
0s
0r
1y
0c
0i
#17644001
1t
0s
0r
1y
0c
0i
#17644632
0t
0s
0r
1y
0c
0i
#17645029
1t
0s
0r
1y
0c
0i
#17645654
0t
0s
0r
1y
0c
0i
#17646054
1t
0s
0r
1y
0c
0i
#17646680
0t
0s
0r
1y
0c
0i
#17647079
1t
0s
0r
1y
0c
0i
#17647707
0t
0s
0r
1y
0c
0i
#17648104
1t
0s
0r
1y
0c
0i
#17648729
0t
0s
0r
1y
0c
0i
#17649126
1t
0s
0r
1y
0c
0i
#17649752
0t
0s
0r
1y
0c
0i
#17650148
1t
0s
0r
1y
0c
0i
#17650777
0t
0s
0r
1y
0c
0i
#17651170
1t
0s
0r
1y
0c
0i
#17651793
0t
0s
0r
1y
0c
0i
#17652189
1t
0s
0r
1y
0c
0i
#17652812
0t
0s
0r
1y
0c
0i
#17653206
1t
0s
0r
1y
0c
0i
#17653832
0t
0s
0r
1y
0c
0i
#17654225
1t
0s
0r
1y
0c
0i
#17654847
0t
0s
0r
1y
0c
0i
#17655241
1t
0s
0r
1y
0c
0i
#17655862
0t
0s
0r
1y
0c
0i
#17656259
1t
0s
0r
1y
0c
0i
#17656882
0t
0s
0r
1y
0c
0i
#17657277
1t
0s
0r
1y
0c
0i
#17657895
0t
0s
0r
1y
0c
0i
#17658292
1t
0s
0r
1y
0c
0i
#17658913
0t
0s
0r
1y
0c
0i
#17659308
1t
0s
0r
1y
0c
0i
#17659932
0t
0s
0r
1y
0c
0i
#17660326
1t
0s
0r
1y
0c
0i
#17660946
0t
0s
0r
1y
0c
0i
#17661343
1t
0s
0r
1y
0c
0i
#17661963
0t
0s
0r
1y
0c
0i
#17662360
1t
0s
0r
1y
0c
0i
#17662984
0t
0s
0r
1y
0c
0i
#17663379
1t
0s
0r
1y
0c
0i
#17663999
0t
0s
0r
1y
0c
0i
#17664397
1t
0s
0r
1y
0c
0i
#17665018
0t
0s
0r
1y
0c
0i
#17665416
1t
0s
0r
1y
0c
0i
#17666040
0t
0s
0r
1y
0c
0i
#17666439
1t
0s
0r
1y
0c
0i
#17667059
0t
0s
0r
1y
0c
1i
#17667460
1t
0s
0r
1y
0c
1i
#17668084
0t
0s
0r
1y
0c
1i
#17668484
1t
0s
0r
1y
1c
1i
#17669113
0t
0s
0r
1y
1c
1i
#17669512
1t
0s
0r
1y
1c
1i
#17670139
0t
0s
0r
1y
1c
1i
#17670541
1t
0s
0r
1y
1c
1i
#17671170
0t
0s
0r
1y
1c
1i
#17671571
1t
0s
0r
1y
1c
0i
#17672204
0t
0s
0r
1y
1c
0i
#17672604
1t
0s
0r
1y
1c
0i
#17673233
0t
0s
0r
1y
1c
0i
#17673635
1t
0s
0r
1y
1c
0i
#17674264
0t
0s
0r
1y
1c
0i
#17674665
1t
0s
0r
1y
1c
0i
#17675297
0t
0s
0r
1y
1c
0i
#17675697
1t
0s
0r
1y
1c
0i
#17676323
0t
0s
0r
1y
1c
0i
#17676727
1t
0s
0r
1y
1c
0i
#17677353
0t
0s
0r
1y
1c
0i
#17677755
1t
0s
0r
1y
1c
0i
#17678383
0t
0s
0r
1y
1c
0i
#17678783
1t
0s
0r
1y
1c
0i
#17679406
0t
0s
0r
1y
1c
0i
#17679807
1t
0s
0r
1y
1c
0i
#17680430
0t
0s
0r
1y
1c
0i
#17680830
1t
0s
0r
1y
1c
0i
#17681453
0t
0s
0r
1y
1c
0i
#17681852
1t
0s
0r
1y
1c
0i
#17682470
0t
0s
0r
1y
1c
0i
#17682870
1t
0s
0r
1y
1c
0i
#17683488
0t
0s
0r
1y
1c
0i
#17683886
1t
0s
0r
1y
1c
0i
#17684507
0t
0s
0r
1y
1c
0i
#17684904
1t
0s
0r
1y
1c
0i
#17686514
0t
0s
0r
1y
1c
0i
#17687654
1t
0s
0r
1y
1c
0i
#17688577
0t
0s
0r
1y
1c
0i
#17688962
1t
0s
0r
1y
1c
0i
#17689583
0t
0s
0r
1y
1c
0i
#17689978
1t
0s
0r
1y
1c
0i
#17690597
0t
0s
0r
1y
1c
0i
#17690993
1t
0s
0r
1y
1c
0i
#17691611
0t
0s
0r
1y
1c
0i
#17692008
1t
0s
0r
1y
1c
0i
#17692626
0t
0s
0r
1y
1c
0i
#17693022
1t
0s
0r
1y
1c
0i
#17693643
0t
0s
0r
1y
1c
0i
#17694037
1t
0s
0r
1y
1c
0i
#17694655
0t
0s
0r
1y
1c
0i
#17695050
1t
0s
0r
1y
1c
0i
#17695669
0t
0s
0r
1y
1c
0i
#17696065
1t
0s
0r
1y
1c
0i
#17696686
0t
0s
0r
1y
1c
0i
#17697082
1t
0s
0r
1y
1c
0i
#17697700
0t
0s
0r
1y
1c
1i
#17698098
1t
0s
0r
1y
0c
1i
#17698719
0t
0s
0r
1y
0c
1i
#17699117
1t
0s
0r
1y
0c
1i
#17699742
0t
0s
0r
1y
0c
1i
#17700139
1t
0s
0r
1y
0c
1i
#17700763
0t
0s
0r
1y
0c
1i
#17701162
1t
0s
0r
1y
0c
1i
#17701788
0t
0s
0r
1y
0c
1i
#17702187
1t
0s
0r
1y
0c
0i
#17702816
0t
0s
0r
1y
0c
0i
#17703215
1t
0s
0r
1y
0c
0i
#17703841
0t
0s
0r
1y
0c
0i
#17704240
1t
0s
0r
1y
0c
0i
#17704868
0t
0s
0r
1y
0c
0i
#17705266
1t
0s
0r
1y
0c
0i
#17705895
0t
0s
0r
1y
0c
0i
#17706292
1t
0s
0r
1y
0c
0i
#17706917
0t
0s
0r
1y
0c
0i
#17707316
1t
0s
0r
1y
0c
0i
#17707939
0t
0s
0r
1y
0c
0i
#17708337
1t
0s
0r
1y
0c
0i
#17708962
0t
0s
0r
1y
0c
0i
#17709357
1t
0s
0r
1y
0c
0i
#17709977
0t
0s
0r
1y
0c
0i
#17710373
1t
0s
0r
1y
0c
0i
#17710993
0t
0s
0r
1y
0c
0i
#17711386
1t
0s
0r
1y
0c
0i
#17712007
0t
0s
0r
1y
0c
0i
#17712398
1t
0s
0r
1y
0c
0i
#17713014
0t
0s
0r
1y
0c
0i
#17713406
1t
0s
0r
1y
0c
0i
#17714022
0t
0s
0r
1y
0c
0i
#17714414
1t
0s
0r
1y
0c
0i
#17715033
0t
0s
0r
1y
0c
0i
#17715423
1t
0s
0r
1y
0c
0i
#17716038
0t
0s
0r
1y
0c
0i
#17716430
1t
0s
0r
1y
0c
0i
#17717045
0t
0s
0r
1y
0c
0i
#17717439
1t
0s
0r
1y
0c
0i
#17718056
0t
0s
0r
1y
0c
0i
#17718448
1t
0s
0r
1y
0c
0i
#17719061
0t
0s
0r
1y
0c
0i
#17719455
1t
0s
0r
1y
0c
0i
#17720070
0t
0s
0r
1y
0c
0i
#17720462
1t
0s
0r
1y
0c
0i
#17721081
0t
0s
0r
1y
0c
0i
#17721472
1t
0s
0r
1y
0c
0i
#17722085
0t
0s
0r
1y
0c
0i
#17722479
1t
0s
0r
1y
0c
0i
#17723093
0t
0s
0r
1y
0c
0i
#17723487
1t
0s
0r
1y
0c
0i
#17724104
0t
0s
0r
1y
0c
0i
#17724496
1t
0s
0r
1y
0c
0i
#17725109
0t
0s
0r
1y
0c
0i
#17725503
1t
0s
0r
1y
0c
0i
#17726118
0t
0s
0r
1y
0c
0i
#17726512
1t
0s
0r
1y
0c
0i
#17727129
0t
0s
0r
1y
0c
0i
#17727524
1t
0s
0r
1y
0c
0i
#17728137
0t
0s
0r
1y
0c
1i
#17728534
1t
0s
0r
1y
0c
1i
#17729150
0t
0s
0r
1y
1c
1i
#17729546
1t
0s
0r
1y
1c
1i
#17730168
0t
0s
0r
1y
1c
1i
#17730563
1t
0s
0r
1y
1c
1i
#17731182
0t
0s
0r
1y
1c
1i
#17731580
1t
0s
0r
1y
1c
1i
#17732201
0t
0s
0r
1y
1c
1i
#17732599
1t
0s
0r
1y
1c
1i
#17733225
0t
0s
0r
1y
1c
0i
#17733622
1t
0s
0r
1y
1c
0i
#17734243
0t
0s
0r
1y
1c
0i
#17734642
1t
0s
0r
1y
1c
0i
#17735265
0t
0s
0r
1y
1c
0i
#17735664
1t
0s
0r
1y
1c
0i
#17736289
0t
0s
0r
1y
1c
0i
#17736687
1t
0s
0r
1y
1c
0i
#17737307
0t
0s
0r
1y
1c
0i
#17737707
1t
0s
0r
1y
1c
0i
#17738328
0t
0s
0r
1y
1c
0i
#17738728
1t
0s
0r
1y
1c
0i
#17739352
0t
0s
0r
1y
1c
0i
#17739749
1t
0s
0r
1y
1c
0i
#17740369
0t
0s
0r
1y
1c
0i
#17740768
1t
0s
0r
1y
1c
0i
#17741387
0t
0s
0r
1y
1c
0i
#17741786
1t
0s
0r
1y
1c
0i
#17742407
0t
0s
0r
1y
1c
0i
#17742804
1t
0s
0r
1y
1c
0i
#17743420
0t
0s
0r
1y
1c
0i
#17743818
1t
0s
0r
1y
1c
0i
#17744434
0t
0s
0r
1y
1c
0i
#17744831
1t
0s
0r
1y
1c
0i
#17745450
0t
0s
0r
1y
1c
0i
#17745845
1t
0s
0r
1y
1c
0i
#17747447
0t
0s
0r
1y
1c
0i
#17748581
1t
0s
0r
1y
1c
0i
#17749499
0t
0s
0r
1y
1c
0i
#17749881
1t
0s
0r
1y
1c
0i
#17750499
0t
0s
0r
1y
1c
0i
#17750891
1t
0s
0r
1y
1c
0i
#17751506
0t
0s
0r
1y
1c
0i
#17751899
1t
0s
0r
1y
1c
0i
#17752514
0t
0s
0r
1y
1c
0i
#17752909
1t
0s
0r
1y
1c
0i
#17753523
0t
0s
0r
1y
1c
0i
#17753916
1t
0s
0r
1y
1c
0i
#17754534
0t
0s
0r
1y
1c
0i
#17754926
1t
0s
0r
1y
1c
0i
#17755540
0t
0s
0r
1y
1c
0i
#17755934
1t
0s
0r
1y
1c
0i
#17756549
0t
0s
0r
1y
1c
0i
#17756943
1t
0s
0r
1y
1c
0i
#17757560
0t
0s
0r
1y
1c
0i
#17757955
1t
0s
0r
1y
1c
0i
#17758570
0t
0s
0r
1y
1c
0i
#17758966
1t
0s
0r
1y
1c
1i
#17759584
0t
0s
0r
1y
1c
1i
#17759979
1t
0s
0r
1y
0c
1i
#17760602
0t
0s
0r
1y
0c
1i
#17760997
1t
0s
0r
1y
0c
1i
#17761617
0t
0s
0r
1y
0c
1i
#17762014
1t
0s
0r
1y
0c
1i
#17762637
0t
0s
0r
1y
0c
1i
#17763035
1t
0s
0r
1y
0c
1i
#17763230
1t
0s
1r
1y
0c
0i
#17763233
1t
0s
0r
1y
0c
0i
#17763661
0t
0s
0r
1y
0c
0i
#17764058
1t
0s
0r
1y
0c
0i
#17764681
0t
0s
0r
1y
0c
0i
#17765078
1t
0s
0r
1y
0c
0i
#17765702
0t
0s
0r
1y
0c
0i
#17766099
1t
0s
0r
1y
0c
0i
#17766726
0t
0s
0r
1y
0c
0i
#17767121
1t
0s
0r
1y
0c
0i
#17767743
0t
0s
0r
1y
0c
0i
#17768141
1t
0s
0r
1y
0c
0i
#17768764
0t
0s
0r
1y
0c
0i
#17769161
1t
0s
0r
1y
0c
0i
#17769787
0t
0s
0r
1y
0c
0i
#17770182
1t
0s
0r
1y
0c
0i
#17770804
0t
0s
0r
1y
0c
0i
#17771201
1t
0s
0r
1y
0c
0i
#17771824
0t
0s
0r
1y
0c
0i
#17772219
1t
0s
0r
1y
0c
0i
#17772845
0t
0s
0r
1y
0c
0i
#17773238
1t
0s
0r
1y
0c
0i
#17773859
0t
0s
0r
1y
0c
0i
#17774253
1t
0s
0r
1y
0c
0i
#17774875
0t
0s
0r
1y
0c
0i
#17775269
1t
0s
0r
1y
0c
0i
#17775892
0t
0s
0r
1y
0c
0i
#17776284
1t
0s
0r
1y
0c
0i
#17776903
0t
0s
0r
1y
0c
0i
#17777298
1t
0s
0r
1y
0c
0i
#17777916
0t
0s
0r
1y
0c
0i
#17778312
1t
0s
0r
1y
0c
0i
#17778932
0t
0s
0r
1y
0c
0i
#17779326
1t
0s
0r
1y
0c
0i
#17779942
0t
0s
0r
1y
0c
0i
#17780337
1t
0s
0r
1y
0c
0i
#17780956
0t
0s
0r
1y
0c
0i
#17781350
1t
0s
0r
1y
0c
0i
#17781971
0t
0s
0r
1y
0c
0i
#17782364
1t
0s
0r
1y
0c
0i
#17782981
0t
0s
0r
1y
0c
0i
#17783377
1t
0s
0r
1y
0c
0i
#17783994
0t
0s
0r
1y
0c
0i
#17784390
1t
0s
0r
1y
0c
0i
#17785010
0t
0s
0r
1y
0c
0i
#17785405
1t
0s
0r
1y
0c
0i
#17786021
0t
0s
0r
1y
0c
0i
#17786418
1t
0s
0r
1y
0c
0i
#17787036
0t
0s
0r
1y
0c
0i
#17787432
1t
0s
0r
1y
0c
0i
#17788054
0t
0s
0r
1y
0c
0i
#17788451
1t
0s
0r
1y
0c
0i
#17789068
0t
0s
0r
1y
0c
0i
#17789467
1t
0s
0r
1y
0c
1i
#17790089
0t
0s
0r
1y
0c
1i
#17790487
1t
0s
0r
1y
1c
1i
#17791113
0t
0s
0r
1y
1c
1i
#17791511
1t
0s
0r
1y
1c
1i
#17792135
0t
0s
0r
1y
1c
1i
#17792535
1t
0s
0r
1y
1c
1i
#17793161
0t
0s
0r
1y
1c
1i
#17793562
1t
0s
0r
1y
1c
1i
#17794192
0t
0s
0r
1y
1c
0i
#17794591
1t
0s
0r
1y
1c
0i
#17795217
0t
0s
0r
1y
1c
0i
#17795618
1t
0s
0r
1y
1c
0i
#17796246
0t
0s
0r
1y
1c
0i
#17796645
1t
0s
0r
1y
1c
0i
#17797275
0t
0s
0r
1y
1c
0i
#17797673
1t
0s
0r
1y
1c
0i
#17798298
0t
0s
0r
1y
1c
0i
#17798699
1t
0s
0r
1y
1c
0i
#17799323
0t
0s
0r
1y
1c
0i
#17799725
1t
0s
0r
1y
1c
0i
#17800351
0t
0s
0r
1y
1c
0i
#17800751
1t
0s
0r
1y
1c
0i
#17801372
0t
0s
0r
1y
1c
0i
#17801773
1t
0s
0r
1y
1c
0i
#17802395
0t
0s
0r
1y
1c
0i
#17802794
1t
0s
0r
1y
1c
0i
#17803416
0t
0s
0r
1y
1c
0i
#17803815
1t
0s
0r
1y
1c
0i
#17804431
0t
0s
0r
1y
1c
0i
#17804831
1t
0s
0r
1y
1c
0i
#17805448
0t
0s
0r
1y
1c
0i
#17805845
1t
0s
0r
1y
1c
0i
#17806465
0t
0s
0r
1y
1c
0i
#17806860
1t
0s
0r
1y
1c
0i
#17808467
0t
0s
0r
1y
1c
0i
#17809605
1t
0s
0r
1y
1c
0i
#17810525
0t
0s
0r
1y
1c
0i
#17810909
1t
0s
0r
1y
1c
0i
#17811529
0t
0s
0r
1y
1c
0i
#17811923
1t
0s
0r
1y
1c
0i
#17812541
0t
0s
0r
1y
1c
0i
#17812936
1t
0s
0r
1y
1c
0i
#17813553
0t
0s
0r
1y
1c
0i
#17813949
1t
0s
0r
1y
1c
0i
#17814566
0t
0s
0r
1y
1c
0i
#17814961
1t
0s
0r
1y
1c
0i
#17815581
0t
0s
0r
1y
1c
0i
#17815975
1t
0s
0r
1y
1c
0i
#17816591
0t
0s
0r
1y
1c
0i
#17816986
1t
0s
0r
1y
1c
0i
#17817604
0t
0s
0r
1y
1c
0i
#17817999
1t
0s
0r
1y
1c
0i
#17818619
0t
0s
0r
1y
1c
0i
#17819015
1t
0s
0r
1y
1c
0i
#17819631
0t
0s
0r
1y
1c
0i
#17820029
1t
0s
0r
1y
1c
1i
#17820649
0t
0s
0r
1y
1c
1i
#17821046
1t
0s
0r
1y
0c
1i
#17821671
0t
0s
0r
1y
0c
1i
#17822067
1t
0s
0r
1y
0c
1i
#17822689
0t
0s
0r
1y
0c
1i
#17823088
1t
0s
0r
1y
0c
1i
#17823712
0t
0s
0r
1y
0c
1i
#17824111
1t
0s
0r
1y
0c
1i
#17824739
0t
0s
0r
1y
0c
0i
#17825137
1t
0s
0r
1y
0c
0i
#17825761
0t
0s
0r
1y
0c
0i
#17826160
1t
0s
0r
1y
0c
0i
#17826785
0t
0s
0r
1y
0c
0i
#17827183
1t
0s
0r
1y
0c
0i
#17827811
0t
0s
0r
1y
0c
0i
#17828208
1t
0s
0r
1y
0c
0i
#17828832
0t
0s
0r
1y
0c
0i
#17829231
1t
0s
0r
1y
0c
0i
#17829855
0t
0s
0r
1y
0c
0i
#17830253
1t
0s
0r
1y
0c
0i
#17830880
0t
0s
0r
1y
0c
0i
#17831277
1t
0s
0r
1y
0c
0i
#17831901
0t
0s
0r
1y
0c
0i
#17832299
1t
0s
0r
1y
0c
0i
#17832924
0t
0s
0r
1y
0c
0i
#17833320
1t
0s
0r
1y
0c
0i
#17833948
0t
0s
0r
1y
0c
0i
#17834342
1t
0s
0r
1y
0c
0i
#17834965
0t
0s
0r
1y
0c
0i
#17835361
1t
0s
0r
1y
0c
0i
#17835985
0t
0s
0r
1y
0c
0i
#17836380
1t
0s
0r
1y
0c
0i
#17837007
0t
0s
0r
1y
0c
0i
#17837400
1t
0s
0r
1y
0c
0i
#17838022
0t
0s
0r
1y
0c
0i
#17838418
1t
0s
0r
1y
0c
0i
#17839039
0t
0s
0r
1y
0c
0i
#17839436
1t
0s
0r
1y
0c
0i
#17840059
0t
0s
0r
1y
0c
0i
#17840454
1t
0s
0r
1y
0c
0i
#17841073
0t
0s
0r
1y
0c
0i
#17841469
1t
0s
0r
1y
0c
0i
#17842090
0t
0s
0r
1y
0c
0i
#17842485
1t
0s
0r
1y
0c
0i
#17843109
0t
0s
0r
1y
0c
0i
#17843503
1t
0s
0r
1y
0c
0i
#17844122
0t
0s
0r
1y
0c
0i
#17844519
1t
0s
0r
1y
0c
0i
#17845139
0t
0s
0r
1y
0c
0i
#17845536
1t
0s
0r
1y
0c
0i
#17846159
0t
0s
0r
1y
0c
0i
#17846554
1t
0s
0r
1y
0c
0i
#17847173
0t
0s
0r
1y
0c
0i
#17847571
1t
0s
0r
1y
0c
0i
#17848192
0t
0s
0r
1y
0c
0i
#17848589
1t
0s
0r
1y
0c
0i
#17849212
0t
0s
0r
1y
0c
0i
#17849611
1t
0s
0r
1y
0c
0i
#17850231
0t
0s
0r
1y
0c
0i
#17850630
1t
0s
0r
1y
0c
1i
#17851254
0t
0s
0r
1y
0c
1i
#17851653
1t
0s
0r
1y
1c
1i
#17852281
0t
0s
0r
1y
1c
1i
#17852680
1t
0s
0r
1y
1c
1i
#17853306
0t
0s
0r
1y
1c
1i
#17853708
1t
0s
0r
1y
1c
1i
#17854336
0t
0s
0r
1y
1c
1i
#17854738
1t
0s
0r
1y
1c
1i
#17855370
0t
0s
0r
1y
1c
0i
#17855770
1t
0s
0r
1y
1c
0i
#17856398
0t
0s
0r
1y
1c
0i
#17856800
1t
0s
0r
1y
1c
0i
#17857429
0t
0s
0r
1y
1c
0i
#17857830
1t
0s
0r
1y
1c
0i
#17858462
0t
0s
0r
1y
1c
0i
#17858862
1t
0s
0r
1y
1c
0i
#17859488
0t
0s
0r
1y
1c
0i
#17859891
1t
0s
0r
1y
1c
0i
#17860518
0t
0s
0r
1y
1c
0i
#17860920
1t
0s
0r
1y
1c
0i
#17861550
0t
0s
0r
1y
1c
0i
#17861951
1t
0s
0r
1y
1c
0i
#17862576
0t
0s
0r
1y
1c
0i
#17862978
1t
0s
0r
1y
1c
0i
#17863604
0t
0s
0r
1y
1c
0i
#17864006
1t
0s
0r
1y
1c
0i
#17864634
0t
0s
0r
1y
1c
0i
#17865035
1t
0s
0r
1y
1c
0i
#17865658
0t
0s
0r
1y
1c
0i
#17866060
1t
0s
0r
1y
1c
0i
#17866684
0t
0s
0r
1y
1c
0i
#17867085
1t
0s
0r
1y
1c
0i
#17867710
0t
0s
0r
1y
1c
0i
#17868109
1t
0s
0r
1y
1c
0i
#17869731
0t
0s
0r
1y
1c
0i
#17870878
1t
0s
0r
1y
1c
0i
#17871806
0t
0s
0r
1y
1c
0i
#17872193
1t
0s
0r
1y
1c
0i
#17872819
0t
0s
0r
1y
1c
0i
#17873215
1t
0s
0r
1y
1c
0i
#17873837
0t
0s
0r
1y
1c
0i
#17874235
1t
0s
0r
1y
1c
0i
#17874858
0t
0s
0r
1y
1c
0i
#17875256
1t
0s
0r
1y
1c
0i
#17875878
0t
0s
0r
1y
1c
0i
#17876275
1t
0s
0r
1y
1c
0i
#17876900
0t
0s
0r
1y
1c
0i
#17877297
1t
0s
0r
1y
1c
0i
#17877918
0t
0s
0r
1y
1c
0i
#17878316
1t
0s
0r
1y
1c
0i
#17878939
0t
0s
0r
1y
1c
0i
#17879336
1t
0s
0r
1y
1c
0i
#17879962
0t
0s
0r
1y
1c
0i
#17880361
1t
0s
0r
1y
1c
0i
#17880982
0t
0s
0r
1y
1c
0i
#17881383
1t
0s
0r
1y
1c
1i
#17882008
0t
0s
0r
1y
1c
1i
#17882408
1t
0s
0r
1y
0c
1i
#17883038
0t
0s
0r
1y
0c
1i
#17883436
1t
0s
0r
1y
0c
1i
#17884064
0t
0s
0r
1y
0c
1i
#17884465
1t
0s
0r
1y
0c
1i
#17885096
0t
0s
0r
1y
0c
1i
#17885494
0t
0s
1r
1y
0c
1i
#17885497
0t
0s
0r
1y
0c
1i
#17885497
1t
0s
0r
1y
0c
1i
#17886130
0t
0s
0r
1y
0c
0i
#17886531
1t
0s
0r
1y
0c
0i
#17887160
0t
0s
0r
1y
0c
0i
#17887562
1t
0s
0r
1y
0c
0i
#17888193
0t
0s
0r
1y
0c
0i
#17888593
1t
0s
0r
1y
0c
0i
#17889227
0t
0s
0r
1y
0c
0i
#17889626
1t
0s
0r
1y
0c
0i
#17890256
0t
0s
0r
1y
0c
0i
#17890659
1t
0s
0r
1y
0c
0i
#17891289
0t
0s
0r
1y
0c
0i
#17891691
1t
0s
0r
1y
0c
0i
#17892325
0t
0s
0r
1y
0c
0i
#17892726
1t
0s
0r
1y
0c
0i
#17893358
0t
0s
0r
1y
0c
0i
#17893760
1t
0s
0r
1y
0c
0i
#17894395
0t
0s
0r
1y
0c
0i
#17894797
1t
0s
0r
1y
0c
0i
#17895436
0t
0s
0r
1y
0c
0i
#17895836
1t
0s
0r
1y
0c
0i
#17896472
0t
0s
0r
1y
0c
0i
#17896875
1t
0s
0r
1y
0c
0i
#17897513
0t
0s
0r
1y
0c
0i
#17897916
1t
0s
0r
1y
0c
0i
#17898558
0t
0s
0r
1y
0c
0i
#17898959
1t
0s
0r
1y
0c
0i
#17899597
0t
0s
0r
1y
0c
0i
#17900000
1t
0s
0r
1y
0c
0i
#17900638
0t
0s
0r
1y
0c
0i
#17901043
1t
0s
0r
1y
0c
0i
#17901683
0t
0s
0r
1y
0c
0i
#17902086
1t
0s
0r
1y
0c
0i
#17902721
0t
0s
0r
1y
0c
0i
#17903126
1t
0s
0r
1y
0c
0i
#17903762
0t
0s
0r
1y
0c
0i
#17904166
1t
0s
0r
1y
0c
0i
#17904805
0t
0s
0r
1y
0c
0i
#17905207
1t
0s
0r
1y
0c
0i
#17905841
0t
0s
0r
1y
0c
0i
#17906246
1t
0s
0r
1y
0c
0i
#17906882
0t
0s
0r
1y
0c
0i
#17907286
1t
0s
0r
1y
0c
0i
#17907924
0t
0s
0r
1y
0c
0i
#17908327
1t
0s
0r
1y
0c
0i
#17908962
0t
0s
0r
1y
0c
0i
#17909367
1t
0s
0r
1y
0c
0i
#17910003
0t
0s
0r
1y
0c
0i
#17910409
1t
0s
0r
1y
0c
0i
#17911049
0t
0s
0r
1y
0c
0i
#17911455
1t
0s
0r
1y
0c
0i
#17912091
0t
0s
0r
1y
0c
0i
#17912499
1t
0s
0r
1y
0c
1i
#17913140
0t
0s
0r
1y
1c
1i
#17913547
1t
0s
0r
1y
1c
1i
#17914193
0t
0s
0r
1y
1c
1i
#17914600
1t
0s
0r
1y
1c
1i
#17915242
0t
0s
0r
1y
1c
1i
#17915653
1t
0s
0r
1y
1c
1i
#17916298
0t
0s
0r
1y
1c
1i
#17916708
1t
0s
0r
1y
1c
0i
#17917358
0t
0s
0r
1y
1c
0i
#17917766
1t
0s
0r
1y
1c
0i
#17918411
0t
0s
0r
1y
1c
0i
#17918821
1t
0s
0r
1y
1c
0i
#17919467
0t
0s
0r
1y
1c
0i
#17919876
1t
0s
0r
1y
1c
0i
#17920524
0t
0s
0r
1y
1c
0i
#17920932
1t
0s
0r
1y
1c
0i
#17921573
0t
0s
0r
1y
1c
0i
#17921985
1t
0s
0r
1y
1c
0i
#17922626
0t
0s
0r
1y
1c
0i
#17923036
1t
0s
0r
1y
1c
0i
#17923679
0t
0s
0r
1y
1c
0i
#17924087
1t
0s
0r
1y
1c
0i
#17924725
0t
0s
0r
1y
1c
0i
#17925134
1t
0s
0r
1y
1c
0i
#17925771
0t
0s
0r
1y
1c
0i
#17926179
1t
0s
0r
1y
1c
0i
#17926818
0t
0s
0r
1y
1c
0i
#17927225
1t
0s
0r
1y
1c
0i
#17927858
0t
0s
0r
1y
1c
0i
#17928266
1t
0s
0r
1y
1c
0i
#17928899
0t
0s
0r
1y
1c
0i
#17929306
1t
0s
0r
1y
1c
0i
#17929942
0t
0s
0r
1y
1c
0i
#17930347
1t
0s
0r
1y
1c
0i
#17931995
0t
0s
0r
1y
1c
0i
#17933161
1t
0s
0r
1y
1c
0i
#17934106
0t
0s
0r
1y
1c
0i
#17934499
1t
0s
0r
1y
1c
0i
#17935136
0t
0s
0r
1y
1c
0i
#17935539
1t
0s
0r
1y
1c
0i
#17936173
0t
0s
0r
1y
1c
0i
#17936577
1t
0s
0r
1y
1c
0i
#17937211
0t
0s
0r
1y
1c
0i
#17937616
1t
0s
0r
1y
1c
0i
#17938250
0t
0s
0r
1y
1c
0i
#17938653
1t
0s
0r
1y
1c
0i
#17939289
0t
0s
0r
1y
1c
0i
#17939692
1t
0s
0r
1y
1c
0i
#17940324
0t
0s
0r
1y
1c
0i
#17940728
1t
0s
0r
1y
1c
0i
#17941361
0t
0s
0r
1y
1c
0i
#17941765
1t
0s
0r
1y
1c
0i
#17942402
0t
0s
0r
1y
1c
0i
#17942806
1t
0s
0r
1y
1c
0i
#17943439
0t
0s
0r
1y
1c
0i
#17943846
1t
0s
0r
1y
1c
1i
#17944482
0t
0s
0r
1y
1c
1i
#17944888
1t
0s
0r
1y
0c
1i
#17945529
0t
0s
0r
1y
0c
1i
#17945934
1t
0s
0r
1y
0c
1i
#17946573
0t
0s
0r
1y
0c
1i
#17946981
1t
0s
0r
1y
0c
1i
#17947623
0t
0s
0r
1y
0c
1i
#17948031
1t
0s
0r
1y
0c
0i
#17948676
0t
0s
0r
1y
0c
0i
#17949083
1t
0s
0r
1y
0c
0i
#17949725
0t
0s
0r
1y
0c
0i
#17950134
1t
0s
0r
1y
0c
0i
#17950777
0t
0s
0r
1y
0c
0i
#17951184
1t
0s
0r
1y
0c
0i
#17951831
0t
0s
0r
1y
0c
0i
#17952237
1t
0s
0r
1y
0c
0i
#17952879
0t
0s
0r
1y
0c
0i
#17953288
1t
0s
0r
1y
0c
0i
#17953931
0t
0s
0r
1y
0c
0i
#17954340
1t
0s
0r
1y
0c
0i
#17954986
0t
0s
0r
1y
0c
0i
#17955393
1t
0s
0r
1y
0c
0i
#17956037
0t
0s
0r
1y
0c
0i
#17956445
1t
0s
0r
1y
0c
0i
#17957091
0t
0s
0r
1y
0c
0i
#17957498
1t
0s
0r
1y
0c
0i
#17958148
0t
0s
0r
1y
0c
0i
#17958553
1t
0s
0r
1y
0c
0i
#17959199
0t
0s
0r
1y
0c
0i
#17959606
1t
0s
0r
1y
0c
0i
#17960253
0t
0s
0r
1y
0c
0i
#17960659
1t
0s
0r
1y
0c
0i
#17961309
0t
0s
0r
1y
0c
0i
#17961714
1t
0s
0r
1y
0c
0i
#17962359
0t
0s
0r
1y
0c
0i
#17962766
1t
0s
0r
1y
0c
0i
#17963409
0t
0s
0r
1y
0c
0i
#17963817
1t
0s
0r
1y
0c
0i
#17964463
0t
0s
0r
1y
0c
0i
#17964869
1t
0s
0r
1y
0c
0i
#17965510
0t
0s
0r
1y
0c
0i
#17965918
1t
0s
0r
1y
0c
0i
#17966559
0t
0s
0r
1y
0c
0i
#17966966
1t
0s
0r
1y
0c
0i
#17967611
0t
0s
0r
1y
0c
0i
#17968017
1t
0s
0r
1y
0c
0i
#17968657
0t
0s
0r
1y
0c
0i
#17969065
1t
0s
0r
1y
0c
0i
#17969706
0t
0s
0r
1y
0c
0i
#17970114
1t
0s
0r
1y
0c
0i
#17970759
0t
0s
0r
1y
0c
0i
#17971165
1t
0s
0r
1y
0c
0i
#17971805
0t
0s
0r
1y
0c
0i
#17972214
1t
0s
0r
1y
0c
0i
#17972857
0t
0s
0r
1y
0c
0i
#17973265
1t
0s
0r
1y
0c
0i
#17973911
0t
0s
0r
1y
0c
0i
#17974320
1t
0s
0r
1y
0c
0i
#17974962
0t
0s
0r
1y
0c
0i
#17975374
1t
0s
0r
1y
0c
1i
#17976020
0t
0s
0r
1y
1c
1i
#17976431
1t
0s
0r
1y
1c
1i
#17977082
0t
0s
0r
1y
1c
1i
#17977493
1t
0s
0r
1y
1c
1i
#17978142
0t
0s
0r
1y
1c
1i
#17978555
1t
0s
0r
1y
1c
1i
#17979206
0t
0s
0r
1y
1c
1i
#17979620
1t
0s
0r
1y
1c
0i
#17980276
0t
0s
0r
1y
1c
0i
#17980687
1t
0s
0r
1y
1c
0i
#17981339
0t
0s
0r
1y
1c
0i
#17981752
1t
0s
0r
1y
1c
0i
#17982404
0t
0s
0r
1y
1c
0i
#17982817
1t
0s
0r
1y
1c
0i
#17983471
0t
0s
0r
1y
1c
0i
#17983882
1t
0s
0r
1y
1c
0i
#17984531
0t
0s
0r
1y
1c
0i
#17984945
1t
0s
0r
1y
1c
0i
#17985594
0t
0s
0r
1y
1c
0i
#17986008
1t
0s
0r
1y
1c
0i
#17986659
0t
0s
0r
1y
1c
0i
#17987071
1t
0s
0r
1y
1c
0i
#17987718
0t
0s
0r
1y
1c
0i
#17988131
1t
0s
0r
1y
1c
0i
#17988778
0t
0s
0r
1y
1c
0i
#17989190
1t
0s
0r
1y
1c
0i
#17989838
0t
0s
0r
1y
1c
0i
#17990250
1t
0s
0r
1y
1c
0i
#17990893
0t
0s
0r
1y
1c
0i
#17991305
1t
0s
0r
1y
1c
0i
#17991948
0t
0s
0r
1y
1c
0i
#17992359
1t
0s
0r
1y
1c
0i
#17993004
0t
0s
0r
1y
1c
0i
#17993413
1t
0s
0r
1y
1c
0i
#17995084
0t
0s
0r
1y
1c
0i
#17996261
1t
0s
0r
1y
1c
0i
#17997219
0t
0s
0r
1y
1c
0i
#17997615
1t
0s
0r
1y
1c
0i
#17998260
0t
0s
0r
1y
1c
0i
#17998667
1t
0s
0r
1y
1c
0i
#17999309
0t
0s
0r
1y
1c
0i
#17999716
1t
0s
0r
1y
1c
0i
#18000358
0t
0s
0r
1y
1c
0i
#18000767
1t
0s
0r
1y
1c
0i
#18001409
0t
0s
0r
1y
1c
0i
#18001816
1t
0s
0r
1y
1c
0i
#18002461
0t
0s
0r
1y
1c
0i
#18002867
1t
0s
0r
1y
1c
0i
#18003508
0t
0s
0r
1y
1c
0i
#18003916
1t
0s
0r
1y
1c
0i
#18004559
0t
0s
0r
1y
1c
0i
#18004966
1t
0s
0r
1y
1c
0i
#18005612
0t
0s
0r
1y
1c
0i
#18006020
1t
0s
0r
1y
1c
0i
#18006662
0t
0s
0r
1y
1c
0i
#18007073
1t
0s
0r
1y
1c
1i
#18007719
0t
0s
0r
1y
1c
1i
#18008129
1t
0s
0r
1y
0c
1i
#18008780
0t
0s
0r
1y
0c
1i
#18009189
1t
0s
0r
1y
0c
1i
#18009839
0t
0s
0r
1y
0c
1i
#18010250
1t
0s
0r
1y
0c
1i
#18010902
0t
0s
0r
1y
0c
1i
#18011247
0t
0s
1r
1y
0c
1i
#18011249
0t
0s
0r
1y
0c
1i
#18011314
1t
0s
0r
1y
0c
0i
#18011970
0t
0s
0r
1y
0c
0i
#18012381
1t
0s
0r
1y
0c
0i
#18013033
0t
0s
0r
1y
0c
0i
#18013446
1t
0s
0r
1y
0c
0i
#18014099
0t
0s
0r
1y
0c
0i
#18014510
1t
0s
0r
1y
0c
0i
#18015166
0t
0s
0r
1y
0c
0i
#18015576
1t
0s
0r
1y
0c
0i
#18016226
0t
0s
0r
1y
0c
0i
#18016639
1t
0s
0r
1y
0c
0i
#18017288
0t
0s
0r
1y
0c
0i
#18017699
1t
0s
0r
1y
0c
0i
#18018350
0t
0s
0r
1y
0c
0i
#18018756
1t
0s
0r
1y
0c
0i
#18019401
0t
0s
0r
1y
0c
0i
#18019808
1t
0s
0r
1y
0c
0i
#18020451
0t
0s
0r
1y
0c
0i
#18020855
1t
0s
0r
1y
0c
0i
#18021499
0t
0s
0r
1y
0c
0i
#18021901
1t
0s
0r
1y
0c
0i
#18022540
0t
0s
0r
1y
0c
0i
#18022943
1t
0s
0r
1y
0c
0i
#18023582
0t
0s
0r
1y
0c
0i
#18023985
1t
0s
0r
1y
0c
0i
#18024627
0t
0s
0r
1y
0c
0i
#18025028
1t
0s
0r
1y
0c
0i
#18025667
0t
0s
0r
1y
0c
0i
#18026070
1t
0s
0r
1y
0c
0i
#18026709
0t
0s
0r
1y
0c
0i
#18027114
1t
0s
0r
1y
0c
0i
#18027755
0t
0s
0r
1y
0c
0i
#18028158
1t
0s
0r
1y
0c
0i
#18028796
0t
0s
0r
1y
0c
0i
#18029201
1t
0s
0r
1y
0c
0i
#18029840
0t
0s
0r
1y
0c
0i
#18030245
1t
0s
0r
1y
0c
0i
#18030887
0t
0s
0r
1y
0c
0i
#18031291
1t
0s
0r
1y
0c
0i
#18031928
0t
0s
0r
1y
0c
0i
#18032335
1t
0s
0r
1y
0c
0i
#18032973
0t
0s
0r
1y
0c
0i
#18033380
1t
0s
0r
1y
0c
0i
#18034021
0t
0s
0r
1y
0c
0i
#18034426
1t
0s
0r
1y
0c
0i
#18035064
0t
0s
0r
1y
0c
0i
#18035471
1t
0s
0r
1y
0c
0i
#18036110
0t
0s
0r
1y
0c
0i
#18036517
1t
0s
0r
1y
0c
0i
#18037159
0t
0s
0r
1y
0c
0i
#18037567
1t
0s
0r
1y
0c
0i
#18038205
0t
0s
0r
1y
0c
0i
#18038615
1t
0s
0r
1y
0c
1i
#18039257
0t
0s
0r
1y
1c
1i
#18039666
1t
0s
0r
1y
1c
1i
#18040313
0t
0s
0r
1y
1c
1i
#18040722
1t
0s
0r
1y
1c
1i
#18041368
0t
0s
0r
1y
1c
1i
#18041779
1t
0s
0r
1y
1c
1i
#18042428
0t
0s
0r
1y
1c
1i
#18042839
1t
0s
0r
1y
1c
0i
#18043491
0t
0s
0r
1y
1c
0i
#18043902
1t
0s
0r
1y
1c
0i
#18044550
0t
0s
0r
1y
1c
0i
#18044962
1t
0s
0r
1y
1c
0i
#18045611
0t
0s
0r
1y
1c
0i
#18046023
1t
0s
0r
1y
1c
0i
#18046675
0t
0s
0r
1y
1c
0i
#18047085
1t
0s
0r
1y
1c
0i
#18047730
0t
0s
0r
1y
1c
0i
#18048143
1t
0s
0r
1y
1c
0i
#18048788
0t
0s
0r
1y
1c
0i
#18049200
1t
0s
0r
1y
1c
0i
#18049846
0t
0s
0r
1y
1c
0i
#18050255
1t
0s
0r
1y
1c
0i
#18050895
0t
0s
0r
1y
1c
0i
#18051304
1t
0s
0r
1y
1c
0i
#18051943
0t
0s
0r
1y
1c
0i
#18052350
1t
0s
0r
1y
1c
0i
#18052989
0t
0s
0r
1y
1c
0i
#18053396
1t
0s
0r
1y
1c
0i
#18054028
0t
0s
0r
1y
1c
0i
#18054436
1t
0s
0r
1y
1c
0i
#18055069
0t
0s
0r
1y
1c
0i
#18055475
1t
0s
0r
1y
1c
0i
#18056111
0t
0s
0r
1y
1c
0i
#18056515
1t
0s
0r
1y
1c
0i
#18058163
0t
0s
0r
1y
1c
0i
#18059327
1t
0s
0r
1y
1c
0i
#18060272
0t
0s
0r
1y
1c
0i
#18060665
1t
0s
0r
1y
1c
0i
#18061302
0t
0s
0r
1y
1c
0i
#18061705
1t
0s
0r
1y
1c
0i
#18062340
0t
0s
0r
1y
1c
0i
#18062744
1t
0s
0r
1y
1c
0i
#18063378
0t
0s
0r
1y
1c
0i
#18063783
1t
0s
0r
1y
1c
0i
#18064417
0t
0s
0r
1y
1c
0i
#18064821
1t
0s
0r
1y
1c
0i
#18065458
0t
0s
0r
1y
1c
0i
#18065861
1t
0s
0r
1y
1c
0i
#18066494
0t
0s
0r
1y
1c
0i
#18066898
1t
0s
0r
1y
1c
0i
#18067533
0t
0s
0r
1y
1c
0i
#18067937
1t
0s
0r
1y
1c
0i
#18068575
0t
0s
0r
1y
1c
0i
#18068979
1t
0s
0r
1y
1c
0i
#18069613
0t
0s
0r
1y
1c
0i
#18070020
1t
0s
0r
1y
1c
1i
#18070657
0t
0s
0r
1y
0c
1i
#18071063
1t
0s
0r
1y
0c
1i
#18071705
0t
0s
0r
1y
0c
1i
#18072110
1t
0s
0r
1y
0c
1i
#18072750
0t
0s
0r
1y
0c
1i
#18073158
1t
0s
0r
1y
0c
1i
#18073800
0t
0s
0r
1y
0c
1i
#18074208
1t
0s
0r
1y
0c
0i
#18074854
0t
0s
0r
1y
0c
0i
#18075261
1t
0s
0r
1y
0c
0i
#18075903
0t
0s
0r
1y
0c
0i
#18076312
1t
0s
0r
1y
0c
0i
#18076956
0t
0s
0r
1y
0c
0i
#18077363
1t
0s
0r
1y
0c
0i
#18078009
0t
0s
0r
1y
0c
0i
#18078415
1t
0s
0r
1y
0c
0i
#18079055
0t
0s
0r
1y
0c
0i
#18079464
1t
0s
0r
1y
0c
0i
#18080105
0t
0s
0r
1y
0c
0i
#18080511
1t
0s
0r
1y
0c
0i
#18081154
0t
0s
0r
1y
0c
0i
#18081558
1t
0s
0r
1y
0c
0i
#18082196
0t
0s
0r
1y
0c
0i
#18082600
1t
0s
0r
1y
0c
0i
#18083237
0t
0s
0r
1y
0c
0i
#18083640
1t
0s
0r
1y
0c
0i
#18084279
0t
0s
0r
1y
0c
0i
#18084678
1t
0s
0r
1y
0c
0i
#18085311
0t
0s
0r
1y
0c
0i
#18085712
1t
0s
0r
1y
0c
0i
#18086345
0t
0s
0r
1y
0c
0i
#18086745
1t
0s
0r
1y
0c
0i
#18087381
0t
0s
0r
1y
0c
0i
#18087779
1t
0s
0r
1y
0c
0i
#18088411
0t
0s
0r
1y
0c
0i
#18088812
1t
0s
0r
1y
0c
0i
#18089443
0t
0s
0r
1y
0c
0i
#18089845
1t
0s
0r
1y
0c
0i
#18090479
0t
0s
0r
1y
0c
0i
#18090879
1t
0s
0r
1y
0c
0i
#18091509
0t
0s
0r
1y
0c
0i
#18091911
1t
0s
0r
1y
0c
0i
#18092543
0t
0s
0r
1y
0c
0i
#18092944
1t
0s
0r
1y
0c
0i
#18093579
0t
0s
0r
1y
0c
0i
#18093979
1t
0s
0r
1y
0c
0i
#18094609
0t
0s
0r
1y
0c
0i
#18095012
1t
0s
0r
1y
0c
0i
#18095642
0t
0s
0r
1y
0c
0i
#18096045
1t
0s
0r
1y
0c
0i
#18096679
0t
0s
0r
1y
0c
0i
#18097080
1t
0s
0r
1y
0c
0i
#18097710
0t
0s
0r
1y
0c
0i
#18098113
1t
0s
0r
1y
0c
0i
#18098745
0t
0s
0r
1y
0c
0i
#18099148
1t
0s
0r
1y
0c
0i
#18099782
0t
0s
0r
1y
0c
0i
#18100187
1t
0s
0r
1y
0c
0i
#18100818
0t
0s
0r
1y
0c
0i
#18101223
1t
0s
0r
1y
0c
1i
#18101858
0t
0s
0r
1y
1c
1i
#18102263
1t
0s
0r
1y
1c
1i
#18102903
0t
0s
0r
1y
1c
1i
#18103307
1t
0s
0r
1y
1c
1i
#18103944
0t
0s
0r
1y
1c
1i
#18104352
1t
0s
0r
1y
1c
1i
#18104992
0t
0s
0r
1y
1c
1i
#18105399
1t
0s
0r
1y
1c
0i
#18106043
0t
0s
0r
1y
1c
0i
#18106449
1t
0s
0r
1y
1c
0i
#18107089
0t
0s
0r
1y
1c
0i
#18107497
1t
0s
0r
1y
1c
0i
#18108138
0t
0s
0r
1y
1c
0i
#18108545
1t
0s
0r
1y
1c
0i
#18109188
0t
0s
0r
1y
1c
0i
#18109594
1t
0s
0r
1y
1c
0i
#18110232
0t
0s
0r
1y
1c
0i
#18110641
1t
0s
0r
1y
1c
0i
#18111279
0t
0s
0r
1y
1c
0i
#18111688
1t
0s
0r
1y
1c
0i
#18112328
0t
0s
0r
1y
1c
0i
#18112735
1t
0s
0r
1y
1c
0i
#18113371
0t
0s
0r
1y
1c
0i
#18113779
1t
0s
0r
1y
1c
0i
#18114415
0t
0s
0r
1y
1c
0i
#18114822
1t
0s
0r
1y
1c
0i
#18115459
0t
0s
0r
1y
1c
0i
#18115865
1t
0s
0r
1y
1c
0i
#18116497
0t
0s
0r
1y
1c
0i
#18116904
1t
0s
0r
1y
1c
0i
#18117536
0t
0s
0r
1y
1c
0i
#18117941
1t
0s
0r
1y
1c
0i
#18118576
0t
0s
0r
1y
1c
0i
#18118979
1t
0s
0r
1y
1c
0i
#18120622
0t
0s
0r
1y
1c
0i
#18121782
1t
0s
0r
1y
1c
0i
#18122724
0t
0s
0r
1y
1c
0i
#18123114
1t
0s
0r
1y
1c
0i
#18123748
0t
0s
0r
1y
1c
0i
#18124149
1t
0s
0r
1y
1c
0i
#18124781
0t
0s
0r
1y
1c
0i
#18125183
1t
0s
0r
1y
1c
0i
#18125814
0t
0s
0r
1y
1c
0i
#18126217
1t
0s
0r
1y
1c
0i
#18126848
0t
0s
0r
1y
1c
0i
#18127250
1t
0s
0r
1y
1c
0i
#18127884
0t
0s
0r
1y
1c
0i
#18128285
1t
0s
0r
1y
1c
0i
#18128915
0t
0s
0r
1y
1c
0i
#18129317
1t
0s
0r
1y
1c
0i
#18129949
0t
0s
0r
1y
1c
0i
#18130351
1t
0s
0r
1y
1c
0i
#18130985
0t
0s
0r
1y
1c
0i
#18131388
1t
0s
0r
1y
1c
0i
#18132019
0t
0s
0r
1y
1c
0i
#18132424
1t
0s
0r
1y
1c
1i
#18133058
0t
0s
0r
1y
0c
1i
#18133463
1t
0s
0r
1y
0c
1i
#18134102
0t
0s
0r
1y
0c
1i
#18134505
1t
0s
0r
1y
0c
1i
#18135142
0t
0s
0r
1y
0c
1i
#18135548
1t
0s
0r
1y
0c
1i
#18136187
0t
0s
0r
1y
0c
1i
#18136593
1t
0s
0r
1y
0c
1i
#18136790
1t
0s
1r
1y
0c
0i
#18136793
1t
0s
0r
1y
0c
0i
#18137235
0t
0s
0r
1y
0c
0i
#18137641
1t
0s
0r
1y
0c
0i
#18138280
0t
0s
0r
1y
0c
0i
#18138686
1t
0s
0r
1y
0c
0i
#18139326
0t
0s
0r
1y
0c
0i
#18139732
1t
0s
0r
1y
0c
0i
#18140375
0t
0s
0r
1y
0c
0i
#18140778
1t
0s
0r
1y
0c
0i
#18141416
0t
0s
0r
1y
0c
0i
#18141822
1t
0s
0r
1y
0c
0i
#18142461
0t
0s
0r
1y
0c
0i
#18142865
1t
0s
0r
1y
0c
0i
#18143506
0t
0s
0r
1y
0c
0i
#18143909
1t
0s
0r
1y
0c
0i
#18144545
0t
0s
0r
1y
0c
0i
#18144949
1t
0s
0r
1y
0c
0i
#18145586
0t
0s
0r
1y
0c
0i
#18145988
1t
0s
0r
1y
0c
0i
#18146627
0t
0s
0r
1y
0c
0i
#18147027
1t
0s
0r
1y
0c
0i
#18147661
0t
0s
0r
1y
0c
0i
#18148062
1t
0s
0r
1y
0c
0i
#18148697
0t
0s
0r
1y
0c
0i
#18149097
1t
0s
0r
1y
0c
0i
#18149734
0t
0s
0r
1y
0c
0i
#18150133
1t
0s
0r
1y
0c
0i
#18150766
0t
0s
0r
1y
0c
0i
#18151167
1t
0s
0r
1y
0c
0i
#18151799
0t
0s
0r
1y
0c
0i
#18152202
1t
0s
0r
1y
0c
0i
#18152837
0t
0s
0r
1y
0c
0i
#18153237
1t
0s
0r
1y
0c
0i
#18153868
0t
0s
0r
1y
0c
0i
#18154271
1t
0s
0r
1y
0c
0i
#18154903
0t
0s
0r
1y
0c
0i
#18155305
1t
0s
0r
1y
0c
0i
#18155940
0t
0s
0r
1y
0c
0i
#18156341
1t
0s
0r
1y
0c
0i
#18156971
0t
0s
0r
1y
0c
0i
#18157375
1t
0s
0r
1y
0c
0i
#18158006
0t
0s
0r
1y
0c
0i
#18158409
1t
0s
0r
1y
0c
0i
#18159044
0t
0s
0r
1y
0c
0i
#18159445
1t
0s
0r
1y
0c
0i
#18160076
0t
0s
0r
1y
0c
0i
#18160479
1t
0s
0r
1y
0c
0i
#18161112
0t
0s
0r
1y
0c
0i
#18161515
1t
0s
0r
1y
0c
0i
#18162151
0t
0s
0r
1y
0c
0i
#18162555
1t
0s
0r
1y
0c
0i
#18163187
0t
0s
0r
1y
0c
0i
#18163593
1t
0s
0r
1y
0c
1i
#18164229
0t
0s
0r
1y
1c
1i
#18164635
1t
0s
0r
1y
1c
1i
#18165275
0t
0s
0r
1y
1c
1i
#18165681
1t
0s
0r
1y
1c
1i
#18166319
0t
0s
0r
1y
1c
1i
#18166727
1t
0s
0r
1y
1c
1i
#18167369
0t
0s
0r
1y
1c
1i
#18167777
1t
0s
0r
1y
1c
1i
#18168423
0t
0s
0r
1y
1c
0i
#18168829
1t
0s
0r
1y
1c
0i
#18169470
0t
0s
0r
1y
1c
0i
#18169879
1t
0s
0r
1y
1c
0i
#18170522
0t
0s
0r
1y
1c
0i
#18170930
1t
0s
0r
1y
1c
0i
#18171574
0t
0s
0r
1y
1c
0i
#18171981
1t
0s
0r
1y
1c
0i
#18172620
0t
0s
0r
1y
1c
0i
#18173030
1t
0s
0r
1y
1c
0i
#18173669
0t
0s
0r
1y
1c
0i
#18174077
1t
0s
0r
1y
1c
0i
#18174719
0t
0s
0r
1y
1c
0i
#18175125
1t
0s
0r
1y
1c
0i
#18175760
0t
0s
0r
1y
1c
0i
#18176168
1t
0s
0r
1y
1c
0i
#18176803
0t
0s
0r
1y
1c
0i
#18177209
1t
0s
0r
1y
1c
0i
#18177844
0t
0s
0r
1y
1c
0i
#18178250
1t
0s
0r
1y
1c
0i
#18178880
0t
0s
0r
1y
1c
0i
#18179285
1t
0s
0r
1y
1c
0i
#18179915
0t
0s
0r
1y
1c
0i
#18180319
1t
0s
0r
1y
1c
0i
#18180951
0t
0s
0r
1y
1c
0i
#18181354
1t
0s
0r
1y
1c
0i
#18182993
0t
0s
0r
1y
1c
0i
#18184151
1t
0s
0r
1y
1c
0i
#18185090
0t
0s
0r
1y
1c
0i
#18185481
1t
0s
0r
1y
1c
0i
#18186113
0t
0s
0r
1y
1c
0i
#18186514
1t
0s
0r
1y
1c
0i
#18187144
0t
0s
0r
1y
1c
0i
#18187546
1t
0s
0r
1y
1c
0i
#18188176
0t
0s
0r
1y
1c
0i
#18188579
1t
0s
0r
1y
1c
0i
#18189208
0t
0s
0r
1y
1c
0i
#18189610
1t
0s
0r
1y
1c
0i
#18190243
0t
0s
0r
1y
1c
0i
#18190643
1t
0s
0r
1y
1c
0i
#18191272
0t
0s
0r
1y
1c
0i
#18191673
1t
0s
0r
1y
1c
0i
#18192304
0t
0s
0r
1y
1c
0i
#18192706
1t
0s
0r
1y
1c
0i
#18193338
0t
0s
0r
1y
1c
0i
#18193741
1t
0s
0r
1y
1c
0i
#18194370
0t
0s
0r
1y
1c
0i
#18194775
1t
0s
0r
1y
1c
1i
#18195408
0t
0s
0r
1y
0c
1i
#18195811
1t
0s
0r
1y
0c
1i
#18196449
0t
0s
0r
1y
0c
1i
#18196852
1t
0s
0r
1y
0c
1i
#18197487
0t
0s
0r
1y
0c
1i
#18197893
1t
0s
0r
1y
0c
1i
#18198531
0t
0s
0r
1y
0c
1i
#18198937
1t
0s
0r
1y
0c
1i
#18199578
0t
0s
0r
1y
0c
0i
#18199983
1t
0s
0r
1y
0c
0i
#18200621
0t
0s
0r
1y
0c
0i
#18201027
1t
0s
0r
1y
0c
0i
#18201666
0t
0s
0r
1y
0c
0i
#18202072
1t
0s
0r
1y
0c
0i
#18202714
0t
0s
0r
1y
0c
0i
#18203117
1t
0s
0r
1y
0c
0i
#18203754
0t
0s
0r
1y
0c
0i
#18204161
1t
0s
0r
1y
0c
0i
#18204798
0t
0s
0r
1y
0c
0i
#18205202
1t
0s
0r
1y
0c
0i
#18205842
0t
0s
0r
1y
0c
0i
#18206244
1t
0s
0r
1y
0c
0i
#18206879
0t
0s
0r
1y
0c
0i
#18207281
1t
0s
0r
1y
0c
0i
#18207915
0t
0s
0r
1y
0c
0i
#18208316
1t
0s
0r
1y
0c
0i
#18208951
0t
0s
0r
1y
0c
0i
#18209350
1t
0s
0r
1y
0c
0i
#18209979
0t
0s
0r
1y
0c
0i
#18210379
1t
0s
0r
1y
0c
0i
#18211009
0t
0s
0r
1y
0c
0i
#18211408
1t
0s
0r
1y
0c
0i
#18212040
0t
0s
0r
1y
0c
0i
#18212437
1t
0s
0r
1y
0c
0i
#18213066
0t
0s
0r
1y
0c
0i
#18213465
1t
0s
0r
1y
0c
0i
#18214093
0t
0s
0r
1y
0c
0i
#18214493
1t
0s
0r
1y
0c
0i
#18215124
0t
0s
0r
1y
0c
0i
#18215523
1t
0s
0r
1y
0c
0i
#18216149
0t
0s
0r
1y
0c
0i
#18216549
1t
0s
0r
1y
0c
0i
#18217177
0t
0s
0r
1y
0c
0i
#18217577
1t
0s
0r
1y
0c
0i
#18218208
0t
0s
0r
1y
0c
0i
#18218606
1t
0s
0r
1y
0c
0i
#18219233
0t
0s
0r
1y
0c
0i
#18219634
1t
0s
0r
1y
0c
0i
#18220261
0t
0s
0r
1y
0c
0i
#18220662
1t
0s
0r
1y
0c
0i
#18221291
0t
0s
0r
1y
0c
0i
#18221691
1t
0s
0r
1y
0c
0i
#18222317
0t
0s
0r
1y
0c
0i
#18222719
1t
0s
0r
1y
0c
0i
#18223347
0t
0s
0r
1y
0c
0i
#18223748
1t
0s
0r
1y
0c
0i
#18224378
0t
0s
0r
1y
0c
0i
#18224781
1t
0s
0r
1y
0c
0i
#18225408
0t
0s
0r
1y
0c
0i
#18225812
1t
0s
0r
1y
0c
1i
#18226443
0t
0s
0r
1y
1c
1i
#18226846
1t
0s
0r
1y
1c
1i
#18227482
0t
0s
0r
1y
1c
1i
#18227885
1t
0s
0r
1y
1c
1i
#18228518
0t
0s
0r
1y
1c
1i
#18228923
1t
0s
0r
1y
1c
1i
#18229560
0t
0s
0r
1y
1c
1i
#18229965
1t
0s
0r
1y
1c
1i
#18230605
0t
0s
0r
1y
1c
0i
#18231009
1t
0s
0r
1y
1c
0i
#18231646
0t
0s
0r
1y
1c
0i
#18232051
1t
0s
0r
1y
1c
0i
#18232689
0t
0s
0r
1y
1c
0i
#18233094
1t
0s
0r
1y
1c
0i
#18233733
0t
0s
0r
1y
1c
0i
#18234137
1t
0s
0r
1y
1c
0i
#18234770
0t
0s
0r
1y
1c
0i
#18235177
1t
0s
0r
1y
1c
0i
#18235809
0t
0s
0r
1y
1c
0i
#18236215
1t
0s
0r
1y
1c
0i
#18236848
0t
0s
0r
1y
1c
0i
#18237251
1t
0s
0r
1y
1c
0i
#18237879
0t
0s
0r
1y
1c
0i
#18238282
1t
0s
0r
1y
1c
0i
#18238909
0t
0s
0r
1y
1c
0i
#18239310
1t
0s
0r
1y
1c
0i
#18239937
0t
0s
0r
1y
1c
0i
#18240338
1t
0s
0r
1y
1c
0i
#18240959
0t
0s
0r
1y
1c
0i
#18241361
1t
0s
0r
1y
1c
0i
#18241983
0t
0s
0r
1y
1c
0i
#18242382
1t
0s
0r
1y
1c
0i
#18243006
0t
0s
0r
1y
1c
0i
#18243405
1t
0s
0r
1y
1c
0i
#18245024
0t
0s
0r
1y
1c
0i
#18246170
1t
0s
0r
1y
1c
0i
#18247099
0t
0s
0r
1y
1c
0i
#18247485
1t
0s
0r
1y
1c
0i
#18248111
0t
0s
0r
1y
1c
0i
#18248507
1t
0s
0r
1y
1c
0i
#18249131
0t
0s
0r
1y
1c
0i
#18249528
1t
0s
0r
1y
1c
0i
#18250151
0t
0s
0r
1y
1c
0i
#18250549
1t
0s
0r
1y
1c
0i
#18251172
0t
0s
0r
1y
1c
0i
#18251569
1t
0s
0r
1y
1c
0i
#18252195
0t
0s
0r
1y
1c
0i
#18252591
1t
0s
0r
1y
1c
0i
#18253213
0t
0s
0r
1y
1c
0i
#18253611
1t
0s
0r
1y
1c
0i
#18254234
0t
0s
0r
1y
1c
0i
#18254632
1t
0s
0r
1y
1c
0i
#18255258
0t
0s
0r
1y
1c
0i
#18255657
1t
0s
0r
1y
1c
0i
#18256279
0t
0s
0r
1y
1c
0i
#18256679
1t
0s
0r
1y
1c
1i
#18257305
0t
0s
0r
1y
0c
1i
#18257705
1t
0s
0r
1y
0c
1i
#18258335
0t
0s
0r
1y
0c
1i
#18258734
1t
0s
0r
1y
0c
1i
#18259362
0t
0s
0r
1y
0c
1i
#18259764
1t
0s
0r
1y
0c
1i
#18260394
0t
0s
0r
1y
0c
1i
#18260796
1t
0s
0r
1y
0c
1i
#18261036
1t
0s
1r
1y
0c
1i
#18261039
1t
0s
0r
1y
0c
1i
#18261430
0t
0s
0r
1y
0c
0i
#18261831
1t
0s
0r
1y
0c
0i
#18262462
0t
0s
0r
1y
0c
0i
#18262864
1t
0s
0r
1y
0c
0i
#18263496
0t
0s
0r
1y
0c
0i
#18263897
1t
0s
0r
1y
0c
0i
#18264532
0t
0s
0r
1y
0c
0i
#18264932
1t
0s
0r
1y
0c
0i
#18265562
0t
0s
0r
1y
0c
0i
#18265965
1t
0s
0r
1y
0c
0i
#18266596
0t
0s
0r
1y
0c
0i
#18266998
1t
0s
0r
1y
0c
0i
#18267632
0t
0s
0r
1y
0c
0i
#18268031
1t
0s
0r
1y
0c
0i
#18268662
0t
0s
0r
1y
0c
0i
#18269063
1t
0s
0r
1y
0c
0i
#18269695
0t
0s
0r
1y
0c
0i
#18270094
1t
0s
0r
1y
0c
0i
#18270729
0t
0s
0r
1y
0c
0i
#18271126
1t
0s
0r
1y
0c
0i
#18271756
0t
0s
0r
1y
0c
0i
#18272155
1t
0s
0r
1y
0c
0i
#18272785
0t
0s
0r
1y
0c
0i
#18273183
1t
0s
0r
1y
0c
0i
#18273816
0t
0s
0r
1y
0c
0i
#18274212
1t
0s
0r
1y
0c
0i
#18274841
0t
0s
0r
1y
0c
0i
#18275239
1t
0s
0r
1y
0c
0i
#18275866
0t
0s
0r
1y
0c
0i
#18276266
1t
0s
0r
1y
0c
0i
#18276895
0t
0s
0r
1y
0c
0i
#18277293
1t
0s
0r
1y
0c
0i
#18277919
0t
0s
0r
1y
0c
0i
#18278318
1t
0s
0r
1y
0c
0i
#18278945
0t
0s
0r
1y
0c
0i
#18279344
1t
0s
0r
1y
0c
0i
#18279974
0t
0s
0r
1y
0c
0i
#18280371
1t
0s
0r
1y
0c
0i
#18280997
0t
0s
0r
1y
0c
0i
#18281397
1t
0s
0r
1y
0c
0i
#18282024
0t
0s
0r
1y
0c
0i
#18282424
1t
0s
0r
1y
0c
0i
#18283054
0t
0s
0r
1y
0c
0i
#18283452
1t
0s
0r
1y
0c
0i
#18284078
0t
0s
0r
1y
0c
0i
#18284479
1t
0s
0r
1y
0c
0i
#18285106
0t
0s
0r
1y
0c
0i
#18285507
1t
0s
0r
1y
0c
0i
#18286138
0t
0s
0r
1y
0c
0i
#18286540
1t
0s
0r
1y
0c
0i
#18287166
0t
0s
0r
1y
0c
0i
#18287570
1t
0s
0r
1y
0c
1i
#18288201
0t
0s
0r
1y
1c
1i
#18288604
1t
0s
0r
1y
1c
1i
#18289240
0t
0s
0r
1y
1c
1i
#18289642
1t
0s
0r
1y
1c
1i
#18290275
0t
0s
0r
1y
1c
1i
#18290680
1t
0s
0r
1y
1c
1i
#18291316
0t
0s
0r
1y
1c
1i
#18291721
1t
0s
0r
1y
1c
1i
#18292361
0t
0s
0r
1y
1c
0i
#18292764
1t
0s
0r
1y
1c
0i
#18293400
0t
0s
0r
1y
1c
0i
#18293805
1t
0s
0r
1y
1c
0i
#18294441
0t
0s
0r
1y
1c
0i
#18294846
1t
0s
0r
1y
1c
0i
#18295484
0t
0s
0r
1y
1c
0i
#18295887
1t
0s
0r
1y
1c
0i
#18296520
0t
0s
0r
1y
1c
0i
#18296927
1t
0s
0r
1y
1c
0i
#18297559
0t
0s
0r
1y
1c
0i
#18297964
1t
0s
0r
1y
1c
0i
#18298599
0t
0s
0r
1y
1c
0i
#18299002
1t
0s
0r
1y
1c
0i
#18299631
0t
0s
0r
1y
1c
0i
#18300035
1t
0s
0r
1y
1c
0i
#18300664
0t
0s
0r
1y
1c
0i
#18301067
1t
0s
0r
1y
1c
0i
#18301695
0t
0s
0r
1y
1c
0i
#18302097
1t
0s
0r
1y
1c
0i
#18302720
0t
0s
0r
1y
1c
0i
#18303123
1t
0s
0r
1y
1c
0i
#18303747
0t
0s
0r
1y
1c
0i
#18304148
1t
0s
0r
1y
1c
0i
#18304774
0t
0s
0r
1y
1c
0i
#18305174
1t
0s
0r
1y
1c
0i
#18306798
0t
0s
0r
1y
1c
0i
#18307947
1t
0s
0r
1y
1c
0i
#18308878
0t
0s
0r
1y
1c
0i
#18309266
1t
0s
0r
1y
1c
0i
#18309893
0t
0s
0r
1y
1c
0i
#18310291
1t
0s
0r
1y
1c
0i
#18310915
0t
0s
0r
1y
1c
0i
#18311314
1t
0s
0r
1y
1c
0i
#18311939
0t
0s
0r
1y
1c
0i
#18312338
1t
0s
0r
1y
1c
0i
#18312963
0t
0s
0r
1y
1c
0i
#18313361
1t
0s
0r
1y
1c
0i
#18313988
0t
0s
0r
1y
1c
0i
#18314385
1t
0s
0r
1y
1c
0i
#18315009
0t
0s
0r
1y
1c
0i
#18315407
1t
0s
0r
1y
1c
0i
#18316032
0t
0s
0r
1y
1c
0i
#18316431
1t
0s
0r
1y
1c
0i
#18317058
0t
0s
0r
1y
1c
0i
#18317457
1t
0s
0r
1y
1c
0i
#18318081
0t
0s
0r
1y
1c
0i
#18318482
1t
0s
0r
1y
1c
1i
#18319109
0t
0s
0r
1y
0c
1i
#18319510
1t
0s
0r
1y
0c
1i
#18320141
0t
0s
0r
1y
0c
1i
#18320541
1t
0s
0r
1y
0c
1i
#18321171
0t
0s
0r
1y
0c
1i
#18321573
1t
0s
0r
1y
0c
1i
#18322205
0t
0s
0r
1y
0c
1i
#18322608
1t
0s
0r
1y
0c
1i
#18323243
0t
0s
0r
1y
0c
0i
#18323645
1t
0s
0r
1y
0c
0i
#18324277
0t
0s
0r
1y
0c
0i
#18324680
1t
0s
0r
1y
0c
0i
#18325312
0t
0s
0r
1y
0c
0i
#18325714
1t
0s
0r
1y
0c
0i
#18326350
0t
0s
0r
1y
0c
0i
#18326750
1t
0s
0r
1y
0c
0i
#18327381
0t
0s
0r
1y
0c
0i
#18327783
1t
0s
0r
1y
0c
0i
#18328414
0t
0s
0r
1y
0c
0i
#18328815
1t
0s
0r
1y
0c
0i
#18329448
0t
0s
0r
1y
0c
0i
#18329847
1t
0s
0r
1y
0c
0i
#18330476
0t
0s
0r
1y
0c
0i
#18330876
1t
0s
0r
1y
0c
0i
#18331505
0t
0s
0r
1y
0c
0i
#18331903
1t
0s
0r
1y
0c
0i
#18332533
0t
0s
0r
1y
0c
0i
#18332929
1t
0s
0r
1y
0c
0i
#18333554
0t
0s
0r
1y
0c
0i
#18333950
1t
0s
0r
1y
0c
0i
#18334576
0t
0s
0r
1y
0c
0i
#18334972
1t
0s
0r
1y
0c
0i
#18335599
0t
0s
0r
1y
0c
0i
#18335994
1t
0s
0r
1y
0c
0i
#18336618
0t
0s
0r
1y
0c
0i
#18337014
1t
0s
0r
1y
0c
0i
#18337638
0t
0s
0r
1y
0c
0i
#18338035
1t
0s
0r
1y
0c
0i
#18338661
0t
0s
0r
1y
0c
0i
#18339057
1t
0s
0r
1y
0c
0i
#18339678
0t
0s
0r
1y
0c
0i
#18340076
1t
0s
0r
1y
0c
0i
#18340700
0t
0s
0r
1y
0c
0i
#18341096
1t
0s
0r
1y
0c
0i
#18341722
0t
0s
0r
1y
0c
0i
#18342118
1t
0s
0r
1y
0c
0i
#18342740
0t
0s
0r
1y
0c
0i
#18343139
1t
0s
0r
1y
0c
0i
#18343761
0t
0s
0r
1y
0c
0i
#18344159
1t
0s
0r
1y
0c
0i
#18344785
0t
0s
0r
1y
0c
0i
#18345181
1t
0s
0r
1y
0c
0i
#18345803
0t
0s
0r
1y
0c
0i
#18346201
1t
0s
0r
1y
0c
0i
#18346825
0t
0s
0r
1y
0c
0i
#18347223
1t
0s
0r
1y
0c
0i
#18347849
0t
0s
0r
1y
0c
0i
#18348248
1t
0s
0r
1y
0c
0i
#18348871
0t
0s
0r
1y
0c
0i
#18349271
1t
0s
0r
1y
0c
1i
#18349897
0t
0s
0r
1y
1c
1i
#18350298
1t
0s
0r
1y
1c
1i
#18350929
0t
0s
0r
1y
1c
1i
#18351328
1t
0s
0r
1y
1c
1i
#18351956
0t
0s
0r
1y
1c
1i
#18352359
1t
0s
0r
1y
1c
1i
#18352991
0t
0s
0r
1y
1c
1i
#18353393
1t
0s
0r
1y
1c
1i
#18354027
0t
0s
0r
1y
1c
0i
#18354429
1t
0s
0r
1y
1c
0i
#18355060
0t
0s
0r
1y
1c
0i
#18355463
1t
0s
0r
1y
1c
0i
#18356095
0t
0s
0r
1y
1c
0i
#18356497
1t
0s
0r
1y
1c
0i
#18357131
0t
0s
0r
1y
1c
0i
#18357533
1t
0s
0r
1y
1c
0i
#18358161
0t
0s
0r
1y
1c
0i
#18358565
1t
0s
0r
1y
1c
0i
#18359192
0t
0s
0r
1y
1c
0i
#18359595
1t
0s
0r
1y
1c
0i
#18360225
0t
0s
0r
1y
1c
0i
#18360625
1t
0s
0r
1y
1c
0i
#18361250
0t
0s
0r
1y
1c
0i
#18361651
1t
0s
0r
1y
1c
0i
#18362274
0t
0s
0r
1y
1c
0i
#18362674
1t
0s
0r
1y
1c
0i
#18363298
0t
0s
0r
1y
1c
0i
#18363697
1t
0s
0r
1y
1c
0i
#18364315
0t
0s
0r
1y
1c
0i
#18364715
1t
0s
0r
1y
1c
0i
#18365333
0t
0s
0r
1y
1c
0i
#18365732
1t
0s
0r
1y
1c
0i
#18366353
0t
0s
0r
1y
1c
0i
#18366749
1t
0s
0r
1y
1c
0i
#18368361
0t
0s
0r
1y
1c
0i
#18369501
1t
0s
0r
1y
1c
0i
#18370425
0t
0s
0r
1y
1c
0i
#18370810
1t
0s
0r
1y
1c
0i
#18371432
0t
0s
0r
1y
1c
0i
#18371826
1t
0s
0r
1y
1c
0i
#18372447
0t
0s
0r
1y
1c
0i
#18372842
1t
0s
0r
1y
1c
0i
#18373461
0t
0s
0r
1y
1c
0i
#18373858
1t
0s
0r
1y
1c
0i
#18374477
0t
0s
0r
1y
1c
0i
#18374872
1t
0s
0r
1y
1c
0i
#18375494
0t
0s
0r
1y
1c
0i
#18375888
1t
0s
0r
1y
1c
0i
#18376506
0t
0s
0r
1y
1c
0i
#18376902
1t
0s
0r
1y
1c
0i
#18377521
0t
0s
0r
1y
1c
0i
#18377917
1t
0s
0r
1y
1c
0i
#18378538
0t
0s
0r
1y
1c
0i
#18378935
1t
0s
0r
1y
1c
0i
#18379553
0t
0s
0r
1y
1c
0i
#18379951
1t
0s
0r
1y
1c
1i
#18380572
0t
0s
0r
1y
1c
1i
#18380969
1t
0s
0r
1y
0c
1i
#18381595
0t
0s
0r
1y
0c
1i
#18381992
1t
0s
0r
1y
0c
1i
#18382616
0t
0s
0r
1y
0c
1i
#18383015
1t
0s
0r
1y
0c
1i
#18383641
0t
0s
0r
1y
0c
1i
#18384040
1t
0s
0r
1y
0c
1i
#18384238
1t
0s
1r
1y
0c
1i
#18384240
1t
0s
0r
1y
0c
1i
#18384670
0t
0s
0r
1y
0c
0i
#18385069
1t
0s
0r
1y
0c
0i
#18385694
0t
0s
0r
1y
0c
0i
#18386095
1t
0s
0r
1y
0c
0i
#18386722
0t
0s
0r
1y
0c
0i
#18387121
1t
0s
0r
1y
0c
0i
#18387751
0t
0s
0r
1y
0c
0i
#18388149
1t
0s
0r
1y
0c
0i
#18388775
0t
0s
0r
1y
0c
0i
#18389175
1t
0s
0r
1y
0c
0i
#18389801
0t
0s
0r
1y
0c
0i
#18390200
1t
0s
0r
1y
0c
0i
#18390828
0t
0s
0r
1y
0c
0i
#18391225
1t
0s
0r
1y
0c
0i
#18391850
0t
0s
0r
1y
0c
0i
#18392248
1t
0s
0r
1y
0c
0i
#18392873
0t
0s
0r
1y
0c
0i
#18393268
1t
0s
0r
1y
0c
0i
#18393895
0t
0s
0r
1y
0c
0i
#18394289
1t
0s
0r
1y
0c
0i
#18394911
0t
0s
0r
1y
0c
0i
#18395305
1t
0s
0r
1y
0c
0i
#18395927
0t
0s
0r
1y
0c
0i
#18396321
1t
0s
0r
1y
0c
0i
#18396945
0t
0s
0r
1y
0c
0i
#18397338
1t
0s
0r
1y
0c
0i
#18397958
0t
0s
0r
1y
0c
0i
#18398353
1t
0s
0r
1y
0c
0i
#18398972
0t
0s
0r
1y
0c
0i
#18399368
1t
0s
0r
1y
0c
0i
#18399990
0t
0s
0r
1y
0c
0i
#18400384
1t
0s
0r
1y
0c
0i
#18401002
0t
0s
0r
1y
0c
0i
#18401398
1t
0s
0r
1y
0c
0i
#18402018
0t
0s
0r
1y
0c
0i
#18402412
1t
0s
0r
1y
0c
0i
#18403035
0t
0s
0r
1y
0c
0i
#18403429
1t
0s
0r
1y
0c
0i
#18404046
0t
0s
0r
1y
0c
0i
#18404443
1t
0s
0r
1y
0c
0i
#18405062
0t
0s
0r
1y
0c
0i
#18405458
1t
0s
0r
1y
0c
0i
#18406080
0t
0s
0r
1y
0c
0i
#18406475
1t
0s
0r
1y
0c
0i
#18407093
0t
0s
0r
1y
0c
0i
#18407490
1t
0s
0r
1y
0c
0i
#18408109
0t
0s
0r
1y
0c
0i
#18408506
1t
0s
0r
1y
0c
0i
#18409129
0t
0s
0r
1y
0c
0i
#18409526
1t
0s
0r
1y
0c
0i
#18410145
0t
0s
0r
1y
0c
0i
#18410545
1t
0s
0r
1y
0c
1i
#18411167
0t
0s
0r
1y
1c
1i
#18411566
1t
0s
0r
1y
1c
1i
#18412193
0t
0s
0r
1y
1c
1i
#18412591
1t
0s
0r
1y
1c
1i
#18413216
0t
0s
0r
1y
1c
1i
#18413617
1t
0s
0r
1y
1c
1i
#18414245
0t
0s
0r
1y
1c
1i
#18414645
1t
0s
0r
1y
1c
1i
#18415276
0t
0s
0r
1y
1c
0i
#18415676
1t
0s
0r
1y
1c
0i
#18416303
0t
0s
0r
1y
1c
0i
#18416704
1t
0s
0r
1y
1c
0i
#18417333
0t
0s
0r
1y
1c
0i
#18417733
1t
0s
0r
1y
1c
0i
#18418363
0t
0s
0r
1y
1c
0i
#18418762
1t
0s
0r
1y
1c
0i
#18419386
0t
0s
0r
1y
1c
0i
#18419788
1t
0s
0r
1y
1c
0i
#18420410
0t
0s
0r
1y
1c
0i
#18420810
1t
0s
0r
1y
1c
0i
#18421433
0t
0s
0r
1y
1c
0i
#18421830
1t
0s
0r
1y
1c
0i
#18422446
0t
0s
0r
1y
1c
0i
#18422842
1t
0s
0r
1y
1c
0i
#18423456
0t
0s
0r
1y
1c
0i
#18423851
1t
0s
0r
1y
1c
0i
#18424465
0t
0s
0r
1y
1c
0i
#18424859
1t
0s
0r
1y
1c
0i
#18425468
0t
0s
0r
1y
1c
0i
#18425863
1t
0s
0r
1y
1c
0i
#18426473
0t
0s
0r
1y
1c
0i
#18426867
1t
0s
0r
1y
1c
0i
#18427479
0t
0s
0r
1y
1c
0i
#18427872
1t
0s
0r
1y
1c
0i
#18429464
0t
0s
0r
1y
1c
0i
#18430593
1t
0s
0r
1y
1c
0i
#18431505
0t
0s
0r
1y
1c
0i
#18431886
1t
0s
0r
1y
1c
0i
#18432501
0t
0s
0r
1y
1c
0i
#18432892
1t
0s
0r
1y
1c
0i
#18433504
0t
0s
0r
1y
1c
0i
#18433896
1t
0s
0r
1y
1c
0i
#18434507
0t
0s
0r
1y
1c
0i
#18434901
1t
0s
0r
1y
1c
0i
#18435512
0t
0s
0r
1y
1c
0i
#18435904
1t
0s
0r
1y
1c
0i
#18436518
0t
0s
0r
1y
1c
0i
#18436909
1t
0s
0r
1y
1c
0i
#18437519
0t
0s
0r
1y
1c
0i
#18437911
1t
0s
0r
1y
1c
0i
#18438523
0t
0s
0r
1y
1c
0i
#18438915
1t
0s
0r
1y
1c
0i
#18439529
0t
0s
0r
1y
1c
0i
#18439922
1t
0s
0r
1y
1c
0i
#18440532
0t
0s
0r
1y
1c
0i
#18440927
1t
0s
0r
1y
1c
1i
#18441540
0t
0s
0r
1y
1c
1i
#18441935
1t
0s
0r
1y
0c
1i
#18442553
0t
0s
0r
1y
0c
1i
#18442946
1t
0s
0r
1y
0c
1i
#18443563
0t
0s
0r
1y
0c
1i
#18443958
1t
0s
0r
1y
0c
1i
#18444577
0t
0s
0r
1y
0c
1i
#18444973
1t
0s
0r
1y
0c
1i
#18445595
0t
0s
0r
1y
0c
0i
#18445990
1t
0s
0r
1y
0c
0i
#18446609
0t
0s
0r
1y
0c
0i
#18447005
1t
0s
0r
1y
0c
0i
#18447625
0t
0s
0r
1y
0c
0i
#18448020
1t
0s
0r
1y
0c
0i
#18448644
0t
0s
0r
1y
0c
0i
#18449037
1t
0s
0r
1y
0c
0i
#18449656
0t
0s
0r
1y
0c
0i
#18450052
1t
0s
0r
1y
0c
0i
#18450671
0t
0s
0r
1y
0c
0i
#18451067
1t
0s
0r
1y
0c
0i
#18451688
0t
0s
0r
1y
0c
0i
#18452082
1t
0s
0r
1y
0c
0i
#18452700
0t
0s
0r
1y
0c
0i
#18453094
1t
0s
0r
1y
0c
0i
#18453713
0t
0s
0r
1y
0c
0i
#18454106
1t
0s
0r
1y
0c
0i
#18454727
0t
0s
0r
1y
0c
0i
#18455119
1t
0s
0r
1y
0c
0i
#18455734
0t
0s
0r
1y
0c
0i
#18456127
1t
0s
0r
1y
0c
0i
#18456743
0t
0s
0r
1y
0c
0i
#18457134
1t
0s
0r
1y
0c
0i
#18457753
0t
0s
0r
1y
0c
0i
#18458142
1t
0s
0r
1y
0c
0i
#18458756
0t
0s
0r
1y
0c
0i
#18459147
1t
0s
0r
1y
0c
0i
#18459761
0t
0s
0r
1y
0c
0i
#18460153
1t
0s
0r
1y
0c
0i
#18460768
0t
0s
0r
1y
0c
0i
#18461159
1t
0s
0r
1y
0c
0i
#18461770
0t
0s
0r
1y
0c
0i
#18462163
1t
0s
0r
1y
0c
0i
#18462775
0t
0s
0r
1y
0c
0i
#18463167
1t
0s
0r
1y
0c
0i
#18463782
0t
0s
0r
1y
0c
0i
#18464173
1t
0s
0r
1y
0c
0i
#18464785
0t
0s
0r
1y
0c
0i
#18465178
1t
0s
0r
1y
0c
0i
#18465790
0t
0s
0r
1y
0c
0i
#18466183
1t
0s
0r
1y
0c
0i
#18466798
0t
0s
0r
1y
0c
0i
#18467190
1t
0s
0r
1y
0c
0i
#18467801
0t
0s
0r
1y
0c
0i
#18468195
1t
0s
0r
1y
0c
0i
#18468808
0t
0s
0r
1y
0c
0i
#18469201
1t
0s
0r
1y
0c
0i
#18469817
0t
0s
0r
1y
0c
0i
#18470212
1t
0s
0r
1y
0c
0i
#18470824
0t
0s
0r
1y
0c
0i
#18471220
1t
0s
0r
1y
0c
1i
#18471835
0t
0s
0r
1y
1c
1i
#18472231
1t
0s
0r
1y
1c
1i
#18472851
0t
0s
0r
1y
1c
1i
#18473245
1t
0s
0r
1y
1c
1i
#18473863
0t
0s
0r
1y
1c
1i
#18474260
1t
0s
0r
1y
1c
1i
#18474881
0t
0s
0r
1y
1c
1i
#18475277
1t
0s
0r
1y
1c
1i
#18475901
0t
0s
0r
1y
1c
0i
#18476297
1t
0s
0r
1y
1c
0i
#18476916
0t
0s
0r
1y
1c
0i
#18477314
1t
0s
0r
1y
1c
0i
#18477935
0t
0s
0r
1y
1c
0i
#18478332
1t
0s
0r
1y
1c
0i
#18478955
0t
0s
0r
1y
1c
0i
#18479351
1t
0s
0r
1y
1c
0i
#18479968
0t
0s
0r
1y
1c
0i
#18480367
1t
0s
0r
1y
1c
0i
#18480986
0t
0s
0r
1y
1c
0i
#18481384
1t
0s
0r
1y
1c
0i
#18482005
0t
0s
0r
1y
1c
0i
#18482401
1t
0s
0r
1y
1c
0i
#18483019
0t
0s
0r
1y
1c
0i
#18483417
1t
0s
0r
1y
1c
0i
#18484035
0t
0s
0r
1y
1c
0i
#18484433
1t
0s
0r
1y
1c
0i
#18485053
0t
0s
0r
1y
1c
0i
#18485450
1t
0s
0r
1y
1c
0i
#18486066
0t
0s
0r
1y
1c
0i
#18486465
1t
0s
0r
1y
1c
0i
#18487081
0t
0s
0r
1y
1c
0i
#18487479
1t
0s
0r
1y
1c
0i
#18488098
0t
0s
0r
1y
1c
0i
#18488494
1t
0s
0r
1y
1c
0i
#18490099
0t
0s
0r
1y
1c
0i
#18491235
1t
0s
0r
1y
1c
0i
#18492155
0t
0s
0r
1y
1c
0i
#18492538
1t
0s
0r
1y
1c
0i
#18493157
0t
0s
0r
1y
1c
0i
#18493550
1t
0s
0r
1y
1c
0i
#18494166
0t
0s
0r
1y
1c
0i
#18494560
1t
0s
0r
1y
1c
0i
#18495176
0t
0s
0r
1y
1c
0i
#18495571
1t
0s
0r
1y
1c
0i
#18496187
0t
0s
0r
1y
1c
0i
#18496581
1t
0s
0r
1y
1c
0i
#18497199
0t
0s
0r
1y
1c
0i
#18497592
1t
0s
0r
1y
1c
0i
#18498207
0t
0s
0r
1y
1c
0i
#18498602
1t
0s
0r
1y
1c
0i
#18499218
0t
0s
0r
1y
1c
0i
#18499613
1t
0s
0r
1y
1c
0i
#18500232
0t
0s
0r
1y
1c
0i
#18500627
1t
0s
0r
1y
1c
0i
#18501243
0t
0s
0r
1y
1c
0i
#18501639
1t
0s
0r
1y
1c
1i
#18502258
0t
0s
0r
1y
1c
1i
#18502655
1t
0s
0r
1y
0c
1i
#18503278
0t
0s
0r
1y
0c
1i
#18503673
1t
0s
0r
1y
0c
1i
#18504295
0t
0s
0r
1y
0c
1i
#18504693
1t
0s
0r
1y
0c
1i
#18505316
0t
0s
0r
1y
0c
1i
#18505714
1t
0s
0r
1y
0c
1i
#18505889
1t
0s
1r
1y
0c
1i
#18505891
1t
0s
0r
1y
0c
1i
#18506341
0t
0s
0r
1y
0c
0i
#18506738
1t
0s
0r
1y
0c
0i
#18507362
0t
0s
0r
1y
0c
0i
#18507760
1t
0s
0r
1y
0c
0i
#18508384
0t
0s
0r
1y
0c
0i
#18508781
1t
0s
0r
1y
0c
0i
#18509408
0t
0s
0r
1y
0c
0i
#18509803
1t
0s
0r
1y
0c
0i
#18510425
0t
0s
0r
1y
0c
0i
#18510823
1t
0s
0r
1y
0c
0i
#18511444
0t
0s
0r
1y
0c
0i
#18511841
1t
0s
0r
1y
0c
0i
#18512465
0t
0s
0r
1y
0c
0i
#18512859
1t
0s
0r
1y
0c
0i
#18513478
0t
0s
0r
1y
0c
0i
#18513873
1t
0s
0r
1y
0c
0i
#18514492
0t
0s
0r
1y
0c
0i
#18514885
1t
0s
0r
1y
0c
0i
#18515506
0t
0s
0r
1y
0c
0i
#18515896
1t
0s
0r
1y
0c
0i
#18516513
0t
0s
0r
1y
0c
0i
#18516904
1t
0s
0r
1y
0c
0i
#18517521
0t
0s
0r
1y
0c
0i
#18517912
1t
0s
0r
1y
0c
0i
#18518531
0t
0s
0r
1y
0c
0i
#18518921
1t
0s
0r
1y
0c
0i
#18519536
0t
0s
0r
1y
0c
0i
#18519928
1t
0s
0r
1y
0c
0i
#18520544
0t
0s
0r
1y
0c
0i
#18520937
1t
0s
0r
1y
0c
0i
#18521554
0t
0s
0r
1y
0c
0i
#18521946
1t
0s
0r
1y
0c
0i
#18522560
0t
0s
0r
1y
0c
0i
#18522953
1t
0s
0r
1y
0c
0i
#18523569
0t
0s
0r
1y
0c
0i
#18523962
1t
0s
0r
1y
0c
0i
#18524580
0t
0s
0r
1y
0c
0i
#18524971
1t
0s
0r
1y
0c
0i
#18525585
0t
0s
0r
1y
0c
0i
#18525980
1t
0s
0r
1y
0c
0i
#18526594
0t
0s
0r
1y
0c
0i
#18526988
1t
0s
0r
1y
0c
0i
#18527606
0t
0s
0r
1y
0c
0i
#18527998
1t
0s
0r
1y
0c
0i
#18528612
0t
0s
0r
1y
0c
0i
#18529006
1t
0s
0r
1y
0c
0i
#18529622
0t
0s
0r
1y
0c
0i
#18530016
1t
0s
0r
1y
0c
0i
#18530634
0t
0s
0r
1y
0c
0i
#18531030
1t
0s
0r
1y
0c
0i
#18531643
0t
0s
0r
1y
0c
0i
#18532041
1t
0s
0r
1y
0c
1i
#18532658
0t
0s
0r
1y
0c
1i
#18533055
1t
0s
0r
1y
1c
1i
#18533677
0t
0s
0r
1y
1c
1i
#18534073
1t
0s
0r
1y
1c
1i
#18534693
0t
0s
0r
1y
1c
1i
#18535091
1t
0s
0r
1y
1c
1i
#18535714
0t
0s
0r
1y
1c
1i
#18536112
1t
0s
0r
1y
1c
1i
#18536738
0t
0s
0r
1y
1c
0i
#18537136
1t
0s
0r
1y
1c
0i
#18537758
0t
0s
0r
1y
1c
0i
#18538157
1t
0s
0r
1y
1c
0i
#18538781
0t
0s
0r
1y
1c
0i
#18539179
1t
0s
0r
1y
1c
0i
#18539805
0t
0s
0r
1y
1c
0i
#18540202
1t
0s
0r
1y
1c
0i
#18540823
0t
0s
0r
1y
1c
0i
#18541223
1t
0s
0r
1y
1c
0i
#18541844
0t
0s
0r
1y
1c
0i
#18542244
1t
0s
0r
1y
1c
0i
#18542867
0t
0s
0r
1y
1c
0i
#18543265
1t
0s
0r
1y
1c
0i
#18543885
0t
0s
0r
1y
1c
0i
#18544284
1t
0s
0r
1y
1c
0i
#18544904
0t
0s
0r
1y
1c
0i
#18545302
1t
0s
0r
1y
1c
0i
#18545923
0t
0s
0r
1y
1c
0i
#18546321
1t
0s
0r
1y
1c
0i
#18546936
0t
0s
0r
1y
1c
0i
#18547335
1t
0s
0r
1y
1c
0i
#18547952
0t
0s
0r
1y
1c
0i
#18548350
1t
0s
0r
1y
1c
0i
#18548969
0t
0s
0r
1y
1c
0i
#18549364
1t
0s
0r
1y
1c
0i
#18550969
0t
0s
0r
1y
1c
0i
#18552106
1t
0s
0r
1y
1c
0i
#18553025
0t
0s
0r
1y
1c
0i
#18553408
1t
0s
0r
1y
1c
0i
#18554027
0t
0s
0r
1y
1c
0i
#18554420
1t
0s
0r
1y
1c
0i
#18555037
0t
0s
0r
1y
1c
0i
#18555431
1t
0s
0r
1y
1c
0i
#18556047
0t
0s
0r
1y
1c
0i
#18556442
1t
0s
0r
1y
1c
0i
#18557058
0t
0s
0r
1y
1c
0i
#18557452
1t
0s
0r
1y
1c
0i
#18558071
0t
0s
0r
1y
1c
0i
#18558464
1t
0s
0r
1y
1c
0i
#18559079
0t
0s
0r
1y
1c
0i
#18559473
1t
0s
0r
1y
1c
0i
#18560090
0t
0s
0r
1y
1c
0i
#18560484
1t
0s
0r
1y
1c
0i
#18561104
0t
0s
0r
1y
1c
0i
#18561499
1t
0s
0r
1y
1c
0i
#18562114
0t
0s
0r
1y
1c
0i
#18562511
1t
0s
0r
1y
0c
1i
#18563130
0t
0s
0r
1y
0c
1i
#18563527
1t
0s
0r
1y
0c
1i
#18564150
0t
0s
0r
1y
0c
1i
#18564545
1t
0s
0r
1y
0c
1i
#18565167
0t
0s
0r
1y
0c
1i
#18565564
1t
0s
0r
1y
0c
1i
#18566187
0t
0s
0r
1y
0c
1i
#18566585
1t
0s
0r
1y
0c
1i
#18567211
0t
0s
0r
1y
0c
0i
#18567608
1t
0s
0r
1y
0c
0i
#18568231
0t
0s
0r
1y
0c
0i
#18568629
1t
0s
0r
1y
0c
0i
#18569252
0t
0s
0r
1y
0c
0i
#18569649
1t
0s
0r
1y
0c
0i
#18570275
0t
0s
0r
1y
0c
0i
#18570671
1t
0s
0r
1y
0c
0i
#18571292
0t
0s
0r
1y
0c
0i
#18571690
1t
0s
0r
1y
0c
0i
#18572312
0t
0s
0r
1y
0c
0i
#18572709
1t
0s
0r
1y
0c
0i
#18573333
0t
0s
0r
1y
0c
0i
#18573728
1t
0s
0r
1y
0c
0i
#18574348
0t
0s
0r
1y
0c
0i
#18574744
1t
0s
0r
1y
0c
0i
#18575365
0t
0s
0r
1y
0c
0i
#18575760
1t
0s
0r
1y
0c
0i
#18576383
0t
0s
0r
1y
0c
0i
#18576775
1t
0s
0r
1y
0c
0i
#18577394
0t
0s
0r
1y
0c
0i
#18577788
1t
0s
0r
1y
0c
0i
#18578407
0t
0s
0r
1y
0c
0i
#18578799
1t
0s
0r
1y
0c
0i
#18579421
0t
0s
0r
1y
0c
0i
#18579812
1t
0s
0r
1y
0c
0i
#18580429
0t
0s
0r
1y
0c
0i
#18580823
1t
0s
0r
1y
0c
0i
#18581439
0t
0s
0r
1y
0c
0i
#18581834
1t
0s
0r
1y
0c
0i
#18582453
0t
0s
0r
1y
0c
0i
#18582846
1t
0s
0r
1y
0c
0i
#18583460
0t
0s
0r
1y
0c
0i
#18583855
1t
0s
0r
1y
0c
0i
#18584472
0t
0s
0r
1y
0c
0i
#18584865
1t
0s
0r
1y
0c
0i
#18585484
0t
0s
0r
1y
0c
0i
#18585877
1t
0s
0r
1y
0c
0i
#18586491
0t
0s
0r
1y
0c
0i
#18586886
1t
0s
0r
1y
0c
0i
#18587502
0t
0s
0r
1y
0c
0i
#18587896
1t
0s
0r
1y
0c
0i
#18588515
0t
0s
0r
1y
0c
0i
#18588908
1t
0s
0r
1y
0c
0i
#18589522
0t
0s
0r
1y
0c
0i
#18589917
1t
0s
0r
1y
0c
0i
#18590533
0t
0s
0r
1y
0c
0i
#18590928
1t
0s
0r
1y
0c
0i
#18591546
0t
0s
0r
1y
0c
0i
#18591942
1t
0s
0r
1y
0c
0i
#18592557
0t
0s
0r
1y
0c
0i
#18592954
1t
0s
0r
1y
0c
1i
#18593572
0t
0s
0r
1y
0c
1i
#18593969
1t
0s
0r
1y
1c
1i
#18594592
0t
0s
0r
1y
1c
1i
#18594988
1t
0s
0r
1y
1c
1i
#18595608
0t
0s
0r
1y
1c
1i
#18596007
1t
0s
0r
1y
1c
1i
#18596630
0t
0s
0r
1y
1c
1i
#18597028
1t
0s
0r
1y
1c
1i
#18597655
0t
0s
0r
1y
1c
0i
#18598053
1t
0s
0r
1y
1c
0i
#18598676
0t
0s
0r
1y
1c
0i
#18599075
1t
0s
0r
1y
1c
0i
#18599699
0t
0s
0r
1y
1c
0i
#18600098
1t
0s
0r
1y
1c
0i
#18600725
0t
0s
0r
1y
1c
0i
#18601122
1t
0s
0r
1y
1c
0i
#18601744
0t
0s
0r
1y
1c
0i
#18602145
1t
0s
0r
1y
1c
0i
#18602767
0t
0s
0r
1y
1c
0i
#18603166
1t
0s
0r
1y
1c
0i
#18603791
0t
0s
0r
1y
1c
0i
#18604190
1t
0s
0r
1y
1c
0i
#18604811
0t
0s
0r
1y
1c
0i
#18605210
1t
0s
0r
1y
1c
0i
#18605831
0t
0s
0r
1y
1c
0i
#18606231
1t
0s
0r
1y
1c
0i
#18606853
0t
0s
0r
1y
1c
0i
#18607252
1t
0s
0r
1y
1c
0i
#18607870
0t
0s
0r
1y
1c
0i
#18608270
1t
0s
0r
1y
1c
0i
#18608889
0t
0s
0r
1y
1c
0i
#18609287
1t
0s
0r
1y
1c
0i
#18609907
0t
0s
0r
1y
1c
0i
#18610304
1t
0s
0r
1y
1c
0i
#18611913
0t
0s
0r
1y
1c
0i
#18613051
1t
0s
0r
1y
1c
0i
#18613972
0t
0s
0r
1y
1c
0i
#18614356
1t
0s
0r
1y
1c
0i
#18614976
0t
0s
0r
1y
1c
0i
#18615370
1t
0s
0r
1y
1c
0i
#18615987
0t
0s
0r
1y
1c
0i
#18616382
1t
0s
0r
1y
1c
0i
#18616999
0t
0s
0r
1y
1c
0i
#18617395
1t
0s
0r
1y
1c
0i
#18618011
0t
0s
0r
1y
1c
0i
#18618406
1t
0s
0r
1y
1c
0i
#18619025
0t
0s
0r
1y
1c
0i
#18619419
1t
0s
0r
1y
1c
0i
#18620035
0t
0s
0r
1y
1c
0i
#18620430
1t
0s
0r
1y
1c
0i
#18621048
0t
0s
0r
1y
1c
0i
#18621443
1t
0s
0r
1y
1c
0i
#18622063
0t
0s
0r
1y
1c
0i
#18622459
1t
0s
0r
1y
1c
0i
#18623076
0t
0s
0r
1y
1c
0i
#18623473
1t
0s
0r
1y
1c
1i
#18624093
0t
0s
0r
1y
1c
1i
#18624490
1t
0s
0r
1y
0c
1i
#18625114
0t
0s
0r
1y
0c
1i
#18625510
1t
0s
0r
1y
0c
1i
#18626133
0t
0s
0r
1y
0c
1i
#18626531
1t
0s
0r
1y
0c
1i
#18627156
0t
0s
0r
1y
0c
1i
#18627555
1t
0s
0r
1y
0c
1i
#18627739
1t
0s
1r
1y
0c
1i
#18627741
1t
0s
0r
1y
0c
1i
#18628183
0t
0s
0r
1y
0c
0i
#18628581
1t
0s
0r
1y
0c
0i
#18629205
0t
0s
0r
1y
0c
0i
#18629604
1t
0s
0r
1y
0c
0i
#18630230
0t
0s
0r
1y
0c
0i
#18630628
1t
0s
0r
1y
0c
0i
#18631256
0t
0s
0r
1y
0c
0i
#18631652
1t
0s
0r
1y
0c
0i
#18632276
0t
0s
0r
1y
0c
0i
#18632675
1t
0s
0r
1y
0c
0i
#18633299
0t
0s
0r
1y
0c
0i
#18633697
1t
0s
0r
1y
0c
0i
#18634324
0t
0s
0r
1y
0c
0i
#18634719
1t
0s
0r
1y
0c
0i
#18635343
0t
0s
0r
1y
0c
0i
#18635739
1t
0s
0r
1y
0c
0i
#18636362
0t
0s
0r
1y
0c
0i
#18636757
1t
0s
0r
1y
0c
0i
#18637383
0t
0s
0r
1y
0c
0i
#18637776
1t
0s
0r
1y
0c
0i
#18638396
0t
0s
0r
1y
0c
0i
#18638791
1t
0s
0r
1y
0c
0i
#18639413
0t
0s
0r
1y
0c
0i
#18639806
1t
0s
0r
1y
0c
0i
#18640430
0t
0s
0r
1y
0c
0i
#18640822
1t
0s
0r
1y
0c
0i
#18641442
0t
0s
0r
1y
0c
0i
#18641837
1t
0s
0r
1y
0c
0i
#18642456
0t
0s
0r
1y
0c
0i
#18642852
1t
0s
0r
1y
0c
0i
#18643473
0t
0s
0r
1y
0c
0i
#18643867
1t
0s
0r
1y
0c
0i
#18644485
0t
0s
0r
1y
0c
0i
#18644880
1t
0s
0r
1y
0c
0i
#18645500
0t
0s
0r
1y
0c
0i
#18645894
1t
0s
0r
1y
0c
0i
#18646516
0t
0s
0r
1y
0c
0i
#18646909
1t
0s
0r
1y
0c
0i
#18647527
0t
0s
0r
1y
0c
0i
#18647923
1t
0s
0r
1y
0c
0i
#18648542
0t
0s
0r
1y
0c
0i
#18648937
1t
0s
0r
1y
0c
0i
#18649559
0t
0s
0r
1y
0c
0i
#18649953
1t
0s
0r
1y
0c
0i
#18650571
0t
0s
0r
1y
0c
0i
#18650967
1t
0s
0r
1y
0c
0i
#18651586
0t
0s
0r
1y
0c
0i
#18651983
1t
0s
0r
1y
0c
0i
#18652604
0t
0s
0r
1y
0c
0i
#18653002
1t
0s
0r
1y
0c
0i
#18653620
0t
0s
0r
1y
0c
0i
#18654019
1t
0s
0r
1y
0c
1i
#18654641
0t
0s
0r
1y
0c
1i
#18655040
1t
0s
0r
1y
1c
1i
#18655666
0t
0s
0r
1y
1c
1i
#18656064
1t
0s
0r
1y
1c
1i
#18656689
0t
0s
0r
1y
1c
1i
#18657089
1t
0s
0r
1y
1c
1i
#18657716
0t
0s
0r
1y
1c
1i
#18658116
1t
0s
0r
1y
1c
1i
#18658748
0t
0s
0r
1y
1c
0i
#18659147
1t
0s
0r
1y
1c
0i
#18659773
0t
0s
0r
1y
1c
0i
#18660174
1t
0s
0r
1y
1c
0i
#18660803
0t
0s
0r
1y
1c
0i
#18661203
1t
0s
0r
1y
1c
0i
#18661833
0t
0s
0r
1y
1c
0i
#18662232
1t
0s
0r
1y
1c
0i
#18662857
0t
0s
0r
1y
1c
0i
#18663260
1t
0s
0r
1y
1c
0i
#18663885
0t
0s
0r
1y
1c
0i
#18664286
1t
0s
0r
1y
1c
0i
#18664913
0t
0s
0r
1y
1c
0i
#18665313
1t
0s
0r
1y
1c
0i
#18665936
0t
0s
0r
1y
1c
0i
#18666336
1t
0s
0r
1y
1c
0i
#18666959
0t
0s
0r
1y
1c
0i
#18667358
1t
0s
0r
1y
1c
0i
#18667982
0t
0s
0r
1y
1c
0i
#18668381
1t
0s
0r
1y
1c
0i
#18668999
0t
0s
0r
1y
1c
0i
#18669398
1t
0s
0r
1y
1c
0i
#18670017
0t
0s
0r
1y
1c
0i
#18670414
1t
0s
0r
1y
1c
0i
#18671034
0t
0s
0r
1y
1c
0i
#18671431
1t
0s
0r
1y
1c
0i
#18673040
0t
0s
0r
1y
1c
0i
#18674179
1t
0s
0r
1y
1c
0i
#18675100
0t
0s
0r
1y
1c
0i
#18675484
1t
0s
0r
1y
1c
0i
#18676105
0t
0s
0r
1y
1c
0i
#18676499
1t
0s
0r
1y
1c
0i
#18677118
0t
0s
0r
1y
1c
0i
#18677513
1t
0s
0r
1y
1c
0i
#18678131
0t
0s
0r
1y
1c
0i
#18678527
1t
0s
0r
1y
1c
0i
#18679145
0t
0s
0r
1y
1c
0i
#18679540
1t
0s
0r
1y
1c
0i
#18680161
0t
0s
0r
1y
1c
0i
#18680555
1t
0s
0r
1y
1c
0i
#18681172
0t
0s
0r
1y
1c
0i
#18681568
1t
0s
0r
1y
1c
0i
#18682186
0t
0s
0r
1y
1c
0i
#18682582
1t
0s
0r
1y
1c
0i
#18683203
0t
0s
0r
1y
1c
0i
#18683600
1t
0s
0r
1y
1c
0i
#18684218
0t
0s
0r
1y
1c
0i
#18684616
1t
0s
0r
1y
1c
1i
#18685237
0t
0s
0r
1y
1c
1i
#18685635
1t
0s
0r
1y
0c
1i
#18686261
0t
0s
0r
1y
0c
1i
#18686657
1t
0s
0r
1y
0c
1i
#18687281
0t
0s
0r
1y
0c
1i
#18687680
1t
0s
0r
1y
0c
1i
#18688306
0t
0s
0r
1y
0c
1i
#18688705
1t
0s
0r
1y
0c
1i
#18689335
0t
0s
0r
1y
0c
0i
#18689733
1t
0s
0r
1y
0c
0i
#18690358
0t
0s
0r
1y
0c
0i
#18690757
1t
0s
0r
1y
0c
0i
#18691384
0t
0s
0r
1y
0c
0i
#18691782
1t
0s
0r
1y
0c
0i
#18692411
0t
0s
0r
1y
0c
0i
#18692808
1t
0s
0r
1y
0c
0i
#18693432
0t
0s
0r
1y
0c
0i
#18693833
1t
0s
0r
1y
0c
0i
#18694458
0t
0s
0r
1y
0c
0i
#18694857
1t
0s
0r
1y
0c
0i
#18695485
0t
0s
0r
1y
0c
0i
#18695882
1t
0s
0r
1y
0c
0i
#18696507
0t
0s
0r
1y
0c
0i
#18696905
1t
0s
0r
1y
0c
0i
#18697531
0t
0s
0r
1y
0c
0i
#18697929
1t
0s
0r
1y
0c
0i
#18698558
0t
0s
0r
1y
0c
0i
#18698953
1t
0s
0r
1y
0c
0i
#18699578
0t
0s
0r
1y
0c
0i
#18699975
1t
0s
0r
1y
0c
0i
#18700600
0t
0s
0r
1y
0c
0i
#18700996
1t
0s
0r
1y
0c
0i
#18701623
0t
0s
0r
1y
0c
0i
#18702017
1t
0s
0r
1y
0c
0i
#18702640
0t
0s
0r
1y
0c
0i
#18703036
1t
0s
0r
1y
0c
0i
#18703659
0t
0s
0r
1y
0c
0i
#18704056
1t
0s
0r
1y
0c
0i
#18704680
0t
0s
0r
1y
0c
0i
#18705075
1t
0s
0r
1y
0c
0i
#18705695
0t
0s
0r
1y
0c
0i
#18706092
1t
0s
0r
1y
0c
0i
#18706714
0t
0s
0r
1y
0c
0i
#18707110
1t
0s
0r
1y
0c
0i
#18707734
0t
0s
0r
1y
0c
0i
#18708129
1t
0s
0r
1y
0c
0i
#18708748
0t
0s
0r
1y
0c
0i
#18709146
1t
0s
0r
1y
0c
0i
#18709767
0t
0s
0r
1y
0c
0i
#18710164
1t
0s
0r
1y
0c
0i
#18710788
0t
0s
0r
1y
0c
0i
#18711184
1t
0s
0r
1y
0c
0i
#18711803
0t
0s
0r
1y
0c
0i
#18712201
1t
0s
0r
1y
0c
0i
#18712823
0t
0s
0r
1y
0c
0i
#18713221
1t
0s
0r
1y
0c
0i
#18713845
0t
0s
0r
1y
0c
0i
#18714243
1t
0s
0r
1y
0c
0i
#18714864
0t
0s
0r
1y
0c
0i
#18715264
1t
0s
0r
1y
0c
1i
#18715888
0t
0s
0r
1y
0c
1i
#18716288
1t
0s
0r
1y
1c
1i
#18716917
0t
0s
0r
1y
1c
1i
#18717316
1t
0s
0r
1y
1c
1i
#18717943
0t
0s
0r
1y
1c
1i
#18718344
1t
0s
0r
1y
1c
1i
#18718973
0t
0s
0r
1y
1c
1i
#18719375
1t
0s
0r
1y
1c
1i
#18720007
0t
0s
0r
1y
1c
0i
#18720408
1t
0s
0r
1y
1c
0i
#18721036
0t
0s
0r
1y
1c
0i
#18721438
1t
0s
0r
1y
1c
0i
#18722068
0t
0s
0r
1y
1c
0i
#18722469
1t
0s
0r
1y
1c
0i
#18723102
0t
0s
0r
1y
1c
0i
#18723502
1t
0s
0r
1y
1c
0i
#18724129
0t
0s
0r
1y
1c
0i
#18724532
1t
0s
0r
1y
1c
0i
#18725159
0t
0s
0r
1y
1c
0i
#18725561
1t
0s
0r
1y
1c
0i
#18726191
0t
0s
0r
1y
1c
0i
#18726592
1t
0s
0r
1y
1c
0i
#18727217
0t
0s
0r
1y
1c
0i
#18727619
1t
0s
0r
1y
1c
0i
#18728246
0t
0s
0r
1y
1c
0i
#18728647
1t
0s
0r
1y
1c
0i
#18729274
0t
0s
0r
1y
1c
0i
#18729675
1t
0s
0r
1y
1c
0i
#18730297
0t
0s
0r
1y
1c
0i
#18730699
1t
0s
0r
1y
1c
0i
#18731322
0t
0s
0r
1y
1c
0i
#18731722
1t
0s
0r
1y
1c
0i
#18732347
0t
0s
0r
1y
1c
0i
#18732746
1t
0s
0r
1y
1c
0i
#18734366
0t
0s
0r
1y
1c
0i
#18735510
1t
0s
0r
1y
1c
0i
#18736439
0t
0s
0r
1y
1c
0i
#18736825
1t
0s
0r
1y
1c
0i
#18737450
0t
0s
0r
1y
1c
0i
#18737846
1t
0s
0r
1y
1c
0i
#18738469
0t
0s
0r
1y
1c
0i
#18738866
1t
0s
0r
1y
1c
0i
#18739488
0t
0s
0r
1y
1c
0i
#18739886
1t
0s
0r
1y
1c
0i
#18740508
0t
0s
0r
1y
1c
0i
#18740905
1t
0s
0r
1y
1c
0i
#18741530
0t
0s
0r
1y
1c
0i
#18741926
1t
0s
0r
1y
1c
0i
#18742547
0t
0s
0r
1y
1c
0i
#18742944
1t
0s
0r
1y
1c
0i
#18743567
0t
0s
0r
1y
1c
0i
#18743964
1t
0s
0r
1y
1c
0i
#18744589
0t
0s
0r
1y
1c
0i
#18744988
1t
0s
0r
1y
1c
0i
#18745609
0t
0s
0r
1y
1c
0i
#18746009
1t
0s
0r
1y
1c
1i
#18746634
0t
0s
0r
1y
1c
1i
#18747034
1t
0s
0r
1y
0c
1i
#18747663
0t
0s
0r
1y
0c
1i
#18748061
1t
0s
0r
1y
0c
1i
#18748689
0t
0s
0r
1y
0c
1i
#18749090
1t
0s
0r
1y
0c
1i
#18749720
0t
0s
0r
1y
0c
1i
#18750121
1t
0s
0r
1y
0c
1i
#18750296
1t
0s
1r
1y
0c
1i
#18750299
1t
0s
0r
1y
0c
1i
#18750754
0t
0s
0r
1y
0c
0i
#18751154
1t
0s
0r
1y
0c
0i
#18751783
0t
0s
0r
1y
0c
0i
#18752185
1t
0s
0r
1y
0c
0i
#18752816
0t
0s
0r
1y
0c
0i
#18753216
1t
0s
0r
1y
0c
0i
#18753850
0t
0s
0r
1y
0c
0i
#18754249
1t
0s
0r
1y
0c
0i
#18754878
0t
0s
0r
1y
0c
0i
#18755280
1t
0s
0r
1y
0c
0i
#18755910
0t
0s
0r
1y
0c
0i
#18756311
1t
0s
0r
1y
0c
0i
#18756945
0t
0s
0r
1y
0c
0i
#18757343
1t
0s
0r
1y
0c
0i
#18757974
0t
0s
0r
1y
0c
0i
#18758374
1t
0s
0r
1y
0c
0i
#18759007
0t
0s
0r
1y
0c
0i
#18759406
1t
0s
0r
1y
0c
0i
#18760041
0t
0s
0r
1y
0c
0i
#18760439
1t
0s
0r
1y
0c
0i
#18761070
0t
0s
0r
1y
0c
0i
#18761470
1t
0s
0r
1y
0c
0i
#18762102
0t
0s
0r
1y
0c
0i
#18762501
1t
0s
0r
1y
0c
0i
#18763136
0t
0s
0r
1y
0c
0i
#18763533
1t
0s
0r
1y
0c
0i
#18764164
0t
0s
0r
1y
0c
0i
#18764563
1t
0s
0r
1y
0c
0i
#18765192
0t
0s
0r
1y
0c
0i
#18765593
1t
0s
0r
1y
0c
0i
#18766225
0t
0s
0r
1y
0c
0i
#18766623
1t
0s
0r
1y
0c
0i
#18767251
0t
0s
0r
1y
0c
0i
#18767651
1t
0s
0r
1y
0c
0i
#18768281
0t
0s
0r
1y
0c
0i
#18768680
1t
0s
0r
1y
0c
0i
#18769311
0t
0s
0r
1y
0c
0i
#18769710
1t
0s
0r
1y
0c
0i
#18770337
0t
0s
0r
1y
0c
0i
#18770738
1t
0s
0r
1y
0c
0i
#18771366
0t
0s
0r
1y
0c
0i
#18771767
1t
0s
0r
1y
0c
0i
#18772397
0t
0s
0r
1y
0c
0i
#18772797
1t
0s
0r
1y
0c
0i
#18773425
0t
0s
0r
1y
0c
0i
#18773826
1t
0s
0r
1y
0c
0i
#18774455
0t
0s
0r
1y
0c
0i
#18774857
1t
0s
0r
1y
0c
0i
#18775488
0t
0s
0r
1y
0c
0i
#18775891
1t
0s
0r
1y
0c
0i
#18776519
0t
0s
0r
1y
0c
0i
#18776923
1t
0s
0r
1y
0c
1i
#18777555
0t
0s
0r
1y
0c
1i
#18777959
1t
0s
0r
1y
1c
1i
#18778596
0t
0s
0r
1y
1c
1i
#18778998
1t
0s
0r
1y
1c
1i
#18779633
0t
0s
0r
1y
1c
1i
#18780038
1t
0s
0r
1y
1c
1i
#18780676
0t
0s
0r
1y
1c
1i
#18781081
1t
0s
0r
1y
1c
1i
#18781722
0t
0s
0r
1y
1c
0i
#18782126
1t
0s
0r
1y
1c
0i
#18782762
0t
0s
0r
1y
1c
0i
#18783168
1t
0s
0r
1y
1c
0i
#18783806
0t
0s
0r
1y
1c
0i
#18784211
1t
0s
0r
1y
1c
0i
#18784851
0t
0s
0r
1y
1c
0i
#18785256
1t
0s
0r
1y
1c
0i
#18785890
0t
0s
0r
1y
1c
0i
#18786297
1t
0s
0r
1y
1c
0i
#18786932
0t
0s
0r
1y
1c
0i
#18787338
1t
0s
0r
1y
1c
0i
#18787975
0t
0s
0r
1y
1c
0i
#18788380
1t
0s
0r
1y
1c
0i
#18789013
0t
0s
0r
1y
1c
0i
#18789418
1t
0s
0r
1y
1c
0i
#18790051
0t
0s
0r
1y
1c
0i
#18790456
1t
0s
0r
1y
1c
0i
#18791090
0t
0s
0r
1y
1c
0i
#18791494
1t
0s
0r
1y
1c
0i
#18792122
0t
0s
0r
1y
1c
0i
#18792528
1t
0s
0r
1y
1c
0i
#18793157
0t
0s
0r
1y
1c
0i
#18793561
1t
0s
0r
1y
1c
0i
#18794192
0t
0s
0r
1y
1c
0i
#18794594
1t
0s
0r
1y
1c
0i
#18796230
0t
0s
0r
1y
1c
0i
#18797386
1t
0s
0r
1y
1c
0i
#18798324
0t
0s
0r
1y
1c
0i
#18798713
1t
0s
0r
1y
1c
0i
#18799344
0t
0s
0r
1y
1c
0i
#18799744
1t
0s
0r
1y
1c
0i
#18800373
0t
0s
0r
1y
1c
0i
#18800773
1t
0s
0r
1y
1c
0i
#18801402
0t
0s
0r
1y
1c
0i
#18801804
1t
0s
0r
1y
1c
0i
#18802432
0t
0s
0r
1y
1c
0i
#18802832
1t
0s
0r
1y
1c
0i
#18803463
0t
0s
0r
1y
1c
0i
#18803863
1t
0s
0r
1y
1c
0i
#18804490
0t
0s
0r
1y
1c
0i
#18804891
1t
0s
0r
1y
1c
0i
#18805520
0t
0s
0r
1y
1c
0i
#18805921
1t
0s
0r
1y
1c
0i
#18806553
0t
0s
0r
1y
1c
0i
#18806955
1t
0s
0r
1y
1c
0i
#18807582
0t
0s
0r
1y
1c
0i
#18807986
1t
0s
0r
1y
1c
1i
#18808618
0t
0s
0r
1y
1c
1i
#18809020
1t
0s
0r
1y
0c
1i
#18809656
0t
0s
0r
1y
0c
1i
#18810058
1t
0s
0r
1y
0c
1i
#18810693
0t
0s
0r
1y
0c
1i
#18811097
1t
0s
0r
1y
0c
1i
#18811732
0t
0s
0r
1y
0c
1i
#18812138
1t
0s
0r
1y
0c
1i
#18812777
0t
0s
0r
1y
0c
0i
#18813181
1t
0s
0r
1y
0c
0i
#18813817
0t
0s
0r
1y
0c
0i
#18814222
1t
0s
0r
1y
0c
0i
#18814859
0t
0s
0r
1y
0c
0i
#18815263
1t
0s
0r
1y
0c
0i
#18815903
0t
0s
0r
1y
0c
0i
#18816305
1t
0s
0r
1y
0c
0i
#18816940
0t
0s
0r
1y
0c
0i
#18817345
1t
0s
0r
1y
0c
0i
#18817980
0t
0s
0r
1y
0c
0i
#18818384
1t
0s
0r
1y
0c
0i
#18819021
0t
0s
0r
1y
0c
0i
#18819422
1t
0s
0r
1y
0c
0i
#18820055
0t
0s
0r
1y
0c
0i
#18820457
1t
0s
0r
1y
0c
0i
#18821090
0t
0s
0r
1y
0c
0i
#18821490
1t
0s
0r
1y
0c
0i
#18822124
0t
0s
0r
1y
0c
0i
#18822522
1t
0s
0r
1y
0c
0i
#18823151
0t
0s
0r
1y
0c
0i
#18823549
1t
0s
0r
1y
0c
0i
#18824179
0t
0s
0r
1y
0c
0i
#18824576
1t
0s
0r
1y
0c
0i
#18825208
0t
0s
0r
1y
0c
0i
#18825604
1t
0s
0r
1y
0c
0i
#18826232
0t
0s
0r
1y
0c
0i
#18826630
1t
0s
0r
1y
0c
0i
#18827258
0t
0s
0r
1y
0c
0i
#18827657
1t
0s
0r
1y
0c
0i
#18828287
0t
0s
0r
1y
0c
0i
#18828685
1t
0s
0r
1y
0c
0i
#18829311
0t
0s
0r
1y
0c
0i
#18829711
1t
0s
0r
1y
0c
0i
#18830338
0t
0s
0r
1y
0c
0i
#18830738
1t
0s
0r
1y
0c
0i
#18831368
0t
0s
0r
1y
0c
0i
#18831766
1t
0s
0r
1y
0c
0i
#18832392
0t
0s
0r
1y
0c
0i
#18832793
1t
0s
0r
1y
0c
0i
#18833419
0t
0s
0r
1y
0c
0i
#18833820
1t
0s
0r
1y
0c
0i
#18834449
0t
0s
0r
1y
0c
0i
#18834848
1t
0s
0r
1y
0c
0i
#18835473
0t
0s
0r
1y
0c
0i
#18835874
1t
0s
0r
1y
0c
0i
#18836501
0t
0s
0r
1y
0c
0i
#18836902
1t
0s
0r
1y
0c
0i
#18837531
0t
0s
0r
1y
0c
0i
#18837933
1t
0s
0r
1y
0c
0i
#18838559
0t
0s
0r
1y
0c
0i
#18838962
1t
0s
0r
1y
0c
1i
#18839592
0t
0s
0r
1y
1c
1i
#18839995
1t
0s
0r
1y
1c
1i
#18840629
0t
0s
0r
1y
1c
1i
#18841031
1t
0s
0r
1y
1c
1i
#18841663
0t
0s
0r
1y
1c
1i
#18842067
1t
0s
0r
1y
1c
1i
#18842702
0t
0s
0r
1y
1c
1i
#18843107
1t
0s
0r
1y
1c
1i
#18843745
0t
0s
0r
1y
1c
0i
#18844149
1t
0s
0r
1y
1c
0i
#18844784
0t
0s
0r
1y
1c
0i
#18845188
1t
0s
0r
1y
1c
0i
#18845824
0t
0s
0r
1y
1c
0i
#18846228
1t
0s
0r
1y
1c
0i
#18846867
0t
0s
0r
1y
1c
0i
#18847270
1t
0s
0r
1y
1c
0i
#18847902
0t
0s
0r
1y
1c
0i
#18848309
1t
0s
0r
1y
1c
0i
#18848941
0t
0s
0r
1y
1c
0i
#18849346
1t
0s
0r
1y
1c
0i
#18849981
0t
0s
0r
1y
1c
0i
#18850384
1t
0s
0r
1y
1c
0i
#18851013
0t
0s
0r
1y
1c
0i
#18851417
1t
0s
0r
1y
1c
0i
#18852046
0t
0s
0r
1y
1c
0i
#18852449
1t
0s
0r
1y
1c
0i
#18853079
0t
0s
0r
1y
1c
0i
#18853480
1t
0s
0r
1y
1c
0i
#18854104
0t
0s
0r
1y
1c
0i
#18854507
1t
0s
0r
1y
1c
0i
#18855131
0t
0s
0r
1y
1c
0i
#18855532
1t
0s
0r
1y
1c
0i
#18856159
0t
0s
0r
1y
1c
0i
#18856558
1t
0s
0r
1y
1c
0i
#18858182
0t
0s
0r
1y
1c
0i
#18859330
1t
0s
0r
1y
1c
0i
#18860261
0t
0s
0r
1y
1c
0i
#18860648
1t
0s
0r
1y
1c
0i
#18861275
0t
0s
0r
1y
1c
0i
#18861672
1t
0s
0r
1y
1c
0i
#18862296
0t
0s
0r
1y
1c
0i
#18862694
1t
0s
0r
1y
1c
0i
#18863318
0t
0s
0r
1y
1c
0i
#18863718
1t
0s
0r
1y
1c
0i
#18864341
0t
0s
0r
1y
1c
0i
#18864739
1t
0s
0r
1y
1c
0i
#18865365
0t
0s
0r
1y
1c
0i
#18865762
1t
0s
0r
1y
1c
0i
#18866385
0t
0s
0r
1y
1c
0i
#18866783
1t
0s
0r
1y
1c
0i
#18867408
0t
0s
0r
1y
1c
0i
#18867806
1t
0s
0r
1y
1c
0i
#18868433
0t
0s
0r
1y
1c
0i
#18868832
1t
0s
0r
1y
1c
0i
#18869456
0t
0s
0r
1y
1c
0i
#18869857
1t
0s
0r
1y
0c
1i
#18870484
0t
0s
0r
1y
0c
1i
#18870884
1t
0s
0r
1y
0c
1i
#18871516
0t
0s
0r
1y
0c
1i
#18871916
1t
0s
0r
1y
0c
1i
#18872546
0t
0s
0r
1y
0c
1i
#18872948
1t
0s
0r
1y
0c
1i
#18873580
0t
0s
0r
1y
0c
1i
#18873983
1t
0s
0r
1y
0c
1i
#18874183
1t
0s
1r
1y
0c
0i
#18874186
1t
0s
0r
1y
0c
0i
#18874618
0t
0s
0r
1y
0c
0i
#18875020
1t
0s
0r
1y
0c
0i
#18875652
0t
0s
0r
1y
0c
0i
#18876055
1t
0s
0r
1y
0c
0i
#18876688
0t
0s
0r
1y
0c
0i
#18877090
1t
0s
0r
1y
0c
0i
#18877726
0t
0s
0r
1y
0c
0i
#18878125
1t
0s
0r
1y
0c
0i
#18878755
0t
0s
0r
1y
0c
0i
#18879157
1t
0s
0r
1y
0c
0i
#18879786
0t
0s
0r
1y
0c
0i
#18880186
1t
0s
0r
1y
0c
0i
#18880814
0t
0s
0r
1y
0c
0i
#18881211
1t
0s
0r
1y
0c
0i
#18881834
0t
0s
0r
1y
0c
0i
#18882231
1t
0s
0r
1y
0c
0i
#18882853
0t
0s
0r
1y
0c
0i
#18883247
1t
0s
0r
1y
0c
0i
#18883871
0t
0s
0r
1y
0c
0i
#18884263
1t
0s
0r
1y
0c
0i
#18884882
0t
0s
0r
1y
0c
0i
#18885275
1t
0s
0r
1y
0c
0i
#18885894
0t
0s
0r
1y
0c
0i
#18886287
1t
0s
0r
1y
0c
0i
#18886910
0t
0s
0r
1y
0c
0i
#18887301
1t
0s
0r
1y
0c
0i
#18887921
0t
0s
0r
1y
0c
0i
#18888314
1t
0s
0r
1y
0c
0i
#18888934
0t
0s
0r
1y
0c
0i
#18889329
1t
0s
0r
1y
0c
0i
#18889951
0t
0s
0r
1y
0c
0i
#18890345
1t
0s
0r
1y
0c
0i
#18890963
0t
0s
0r
1y
0c
0i
#18891358
1t
0s
0r
1y
0c
0i
#18891978
0t
0s
0r
1y
0c
0i
#18892373
1t
0s
0r
1y
0c
0i
#18892996
0t
0s
0r
1y
0c
0i
#18893390
1t
0s
0r
1y
0c
0i
#18894008
0t
0s
0r
1y
0c
0i
#18894405
1t
0s
0r
1y
0c
0i
#18895024
0t
0s
0r
1y
0c
0i
#18895420
1t
0s
0r
1y
0c
0i
#18896042
0t
0s
0r
1y
0c
0i
#18896437
1t
0s
0r
1y
0c
0i
#18897055
0t
0s
0r
1y
0c
0i
#18897452
1t
0s
0r
1y
0c
0i
#18898072
0t
0s
0r
1y
0c
0i
#18898468
1t
0s
0r
1y
0c
0i
#18899091
0t
0s
0r
1y
0c
0i
#18899488
1t
0s
0r
1y
0c
0i
#18900107
0t
0s
0r
1y
0c
0i
#18900506
1t
0s
0r
1y
0c
1i
#18901129
0t
0s
0r
1y
1c
1i
#18901527
1t
0s
0r
1y
1c
1i
#18902154
0t
0s
0r
1y
1c
1i
#18902553
1t
0s
0r
1y
1c
1i
#18903178
0t
0s
0r
1y
1c
1i
#18903578
1t
0s
0r
1y
1c
1i
#18904206
0t
0s
0r
1y
1c
1i
#18904607
1t
0s
0r
1y
1c
1i
#18905238
0t
0s
0r
1y
1c
0i
#18905638
1t
0s
0r
1y
1c
0i
#18906266
0t
0s
0r
1y
1c
0i
#18906667
1t
0s
0r
1y
1c
0i
#18907296
0t
0s
0r
1y
1c
0i
#18907697
1t
0s
0r
1y
1c
0i
#18908328
0t
0s
0r
1y
1c
0i
#18908728
1t
0s
0r
1y
1c
0i
#18909353
0t
0s
0r
1y
1c
0i
#18909756
1t
0s
0r
1y
1c
0i
#18910382
0t
0s
0r
1y
1c
0i
#18910783
1t
0s
0r
1y
1c
0i
#18911411
0t
0s
0r
1y
1c
0i
#18911810
1t
0s
0r
1y
1c
0i
#18912432
0t
0s
0r
1y
1c
0i
#18912832
1t
0s
0r
1y
1c
0i
#18913452
0t
0s
0r
1y
1c
0i
#18913851
1t
0s
0r
1y
1c
0i
#18914472
0t
0s
0r
1y
1c
0i
#18914870
1t
0s
0r
1y
1c
0i
#18915486
0t
0s
0r
1y
1c
0i
#18915885
1t
0s
0r
1y
1c
0i
#18916501
0t
0s
0r
1y
1c
0i
#18916898
1t
0s
0r
1y
1c
0i
#18917517
0t
0s
0r
1y
1c
0i
#18917913
1t
0s
0r
1y
1c
0i
#18919518
0t
0s
0r
1y
1c
0i
#18920655
1t
0s
0r
1y
1c
0i
#18921574
0t
0s
0r
1y
1c
0i
#18921958
1t
0s
0r
1y
1c
0i
#18922577
0t
0s
0r
1y
1c
0i
#18922971
1t
0s
0r
1y
1c
0i
#18923588
0t
0s
0r
1y
1c
0i
#18923983
1t
0s
0r
1y
1c
0i
#18924600
0t
0s
0r
1y
1c
0i
#18924996
1t
0s
0r
1y
1c
0i
#18925613
0t
0s
0r
1y
1c
0i
#18926007
1t
0s
0r
1y
1c
0i
#18926627
0t
0s
0r
1y
1c
0i
#18927021
1t
0s
0r
1y
1c
0i
#18927637
0t
0s
0r
1y
1c
0i
#18928032
1t
0s
0r
1y
1c
0i
#18928650
0t
0s
0r
1y
1c
0i
#18929045
1t
0s
0r
1y
1c
0i
#18929665
0t
0s
0r
1y
1c
0i
#18930061
1t
0s
0r
1y
1c
0i
#18930678
0t
0s
0r
1y
1c
0i
#18931076
1t
0s
0r
1y
1c
1i
#18931696
0t
0s
0r
1y
0c
1i
#18932093
1t
0s
0r
1y
0c
1i
#18932717
0t
0s
0r
1y
0c
1i
#18933113
1t
0s
0r
1y
0c
1i
#18933736
0t
0s
0r
1y
0c
1i
#18934134
1t
0s
0r
1y
0c
1i
#18934759
0t
0s
0r
1y
0c
1i
#18935158
1t
0s
0r
1y
0c
1i
#18935785
0t
0s
0r
1y
0c
0i
#18936183
1t
0s
0r
1y
0c
0i
#18936807
0t
0s
0r
1y
0c
0i
#18937206
1t
0s
0r
1y
0c
0i
#18937831
0t
0s
0r
1y
0c
0i
#18938229
1t
0s
0r
1y
0c
0i
#18938857
0t
0s
0r
1y
0c
0i
#18939253
1t
0s
0r
1y
0c
0i
#18939876
0t
0s
0r
1y
0c
0i
#18940276
1t
0s
0r
1y
0c
0i
#18940899
0t
0s
0r
1y
0c
0i
#18941297
1t
0s
0r
1y
0c
0i
#18941924
0t
0s
0r
1y
0c
0i
#18942320
1t
0s
0r
1y
0c
0i
#18942943
0t
0s
0r
1y
0c
0i
#18943340
1t
0s
0r
1y
0c
0i
#18943964
0t
0s
0r
1y
0c
0i
#18944360
1t
0s
0r
1y
0c
0i
#18944986
0t
0s
0r
1y
0c
0i
#18945379
1t
0s
0r
1y
0c
0i
#18946000
0t
0s
0r
1y
0c
0i
#18946395
1t
0s
0r
1y
0c
0i
#18947017
0t
0s
0r
1y
0c
0i
#18947411
1t
0s
0r
1y
0c
0i
#18948034
0t
0s
0r
1y
0c
0i
#18948427
1t
0s
0r
1y
0c
0i
#18949046
0t
0s
0r
1y
0c
0i
#18949441
1t
0s
0r
1y
0c
0i
#18950060
0t
0s
0r
1y
0c
0i
#18950455
1t
0s
0r
1y
0c
0i
#18951077
0t
0s
0r
1y
0c
0i
#18951470
1t
0s
0r
1y
0c
0i
#18952087
0t
0s
0r
1y
0c
0i
#18952483
1t
0s
0r
1y
0c
0i
#18953102
0t
0s
0r
1y
0c
0i
#18953496
1t
0s
0r
1y
0c
0i
#18954118
0t
0s
0r
1y
0c
0i
#18954511
1t
0s
0r
1y
0c
0i
#18955128
0t
0s
0r
1y
0c
0i
#18955525
1t
0s
0r
1y
0c
0i
#18956143
0t
0s
0r
1y
0c
0i
#18956538
1t
0s
0r
1y
0c
0i
#18957159
0t
0s
0r
1y
0c
0i
#18957553
1t
0s
0r
1y
0c
0i
#18958171
0t
0s
0r
1y
0c
0i
#18958567
1t
0s
0r
1y
0c
0i
#18959185
0t
0s
0r
1y
0c
0i
#18959582
1t
0s
0r
1y
0c
0i
#18960203
0t
0s
0r
1y
0c
0i
#18960600
1t
0s
0r
1y
0c
0i
#18961217
0t
0s
0r
1y
0c
0i
#18961616
1t
0s
0r
1y
0c
1i
#18962236
0t
0s
0r
1y
1c
1i
#18962635
1t
0s
0r
1y
1c
1i
#18963260
0t
0s
0r
1y
1c
1i
#18963658
1t
0s
0r
1y
1c
1i
#18964281
0t
0s
0r
1y
1c
1i
#18964681
1t
0s
0r
1y
1c
1i
#18965306
0t
0s
0r
1y
1c
1i
#18965706
1t
0s
0r
1y
1c
1i
#18966336
0t
0s
0r
1y
1c
0i
#18966734
1t
0s
0r
1y
1c
0i
#18967359
0t
0s
0r
1y
1c
0i
#18967760
1t
0s
0r
1y
1c
0i
#18968386
0t
0s
0r
1y
1c
0i
#18968786
1t
0s
0r
1y
1c
0i
#18969415
0t
0s
0r
1y
1c
0i
#18969813
1t
0s
0r
1y
1c
0i
#18970437
0t
0s
0r
1y
1c
0i
#18970839
1t
0s
0r
1y
1c
0i
#18971463
0t
0s
0r
1y
1c
0i
#18971864
1t
0s
0r
1y
1c
0i
#18972492
0t
0s
0r
1y
1c
0i
#18972892
1t
0s
0r
1y
1c
0i
#18973515
0t
0s
0r
1y
1c
0i
#18973917
1t
0s
0r
1y
1c
0i
#18974542
0t
0s
0r
1y
1c
0i
#18974943
1t
0s
0r
1y
1c
0i
#18975570
0t
0s
0r
1y
1c
0i
#18975971
1t
0s
0r
1y
1c
0i
#18976594
0t
0s
0r
1y
1c
0i
#18976996
1t
0s
0r
1y
1c
0i
#18977619
0t
0s
0r
1y
1c
0i
#18978021
1t
0s
0r
1y
1c
0i
#18978647
0t
0s
0r
1y
1c
0i
#18979046
1t
0s
0r
1y
1c
0i
#18980668
0t
0s
0r
1y
1c
0i
#18981814
1t
0s
0r
1y
1c
0i
#18982742
0t
0s
0r
1y
1c
0i
#18983129
1t
0s
0r
1y
1c
0i
#18983754
0t
0s
0r
1y
1c
0i
#18984150
1t
0s
0r
1y
1c
0i
#18984773
0t
0s
0r
1y
1c
0i
#18985169
1t
0s
0r
1y
1c
0i
#18985791
0t
0s
0r
1y
1c
0i
#18986190
1t
0s
0r
1y
1c
0i
#18986812
0t
0s
0r
1y
1c
0i
#18987209
1t
0s
0r
1y
1c
0i
#18987834
0t
0s
0r
1y
1c
0i
#18988230
1t
0s
0r
1y
1c
0i
#18988851
0t
0s
0r
1y
1c
0i
#18989248
1t
0s
0r
1y
1c
0i
#18989871
0t
0s
0r
1y
1c
0i
#18990268
1t
0s
0r
1y
1c
0i
#18990894
0t
0s
0r
1y
1c
0i
#18991292
1t
0s
0r
1y
1c
0i
#18991913
0t
0s
0r
1y
1c
0i
#18992314
1t
0s
0r
1y
1c
1i
#18992939
0t
0s
0r
1y
1c
1i
#18993339
1t
0s
0r
1y
0c
1i
#18993968
0t
0s
0r
1y
0c
1i
#18994367
1t
0s
0r
1y
0c
1i
#18994994
0t
0s
0r
1y
0c
1i
#18995396
1t
0s
0r
1y
0c
1i
#18996025
0t
0s
0r
1y
0c
1i
#18996427
1t
0s
0r
1y
0c
1i
#18996597
1t
0s
1r
1y
0c
1i
#18996600
1t
0s
0r
1y
0c
1i
#18997060
0t
0s
0r
1y
0c
0i
#18997460
1t
0s
0r
1y
0c
0i
#18998090
0t
0s
0r
1y
0c
0i
#18998491
1t
0s
0r
1y
0c
0i
#18999121
0t
0s
0r
1y
0c
0i
#18999522
1t
0s
0r
1y
0c
0i
#19000156
0t
0s
0r
1y
0c
0i
#19000554
1t
0s
0r
1y
0c
0i
#19001182
0t
0s
0r
1y
0c
0i
#19001584
1t
0s
0r
1y
0c
0i
#19002213
0t
0s
0r
1y
0c
0i
#19002614
1t
0s
0r
1y
0c
0i
#19003246
0t
0s
0r
1y
0c
0i
#19003645
1t
0s
0r
1y
0c
0i
#19004275
0t
0s
0r
1y
0c
0i
#19004675
1t
0s
0r
1y
0c
0i
#19005305
0t
0s
0r
1y
0c
0i
#19005705
1t
0s
0r
1y
0c
0i
#19006338
0t
0s
0r
1y
0c
0i
#19006736
1t
0s
0r
1y
0c
0i
#19007366
0t
0s
0r
1y
0c
0i
#19007765
1t
0s
0r
1y
0c
0i
#19008396
0t
0s
0r
1y
0c
0i
#19008795
1t
0s
0r
1y
0c
0i
#19009429
0t
0s
0r
1y
0c
0i
#19009825
1t
0s
0r
1y
0c
0i
#19010455
0t
0s
0r
1y
0c
0i
#19010854
1t
0s
0r
1y
0c
0i
#19011483
0t
0s
0r
1y
0c
0i
#19011883
1t
0s
0r
1y
0c
0i
#19012515
0t
0s
0r
1y
0c
0i
#19012913
1t
0s
0r
1y
0c
0i
#19013540
0t
0s
0r
1y
0c
0i
#19013940
1t
0s
0r
1y
0c
0i
#19014569
0t
0s
0r
1y
0c
0i
#19014968
1t
0s
0r
1y
0c
0i
#19015599
0t
0s
0r
1y
0c
0i
#19015997
1t
0s
0r
1y
0c
0i
#19016624
0t
0s
0r
1y
0c
0i
#19017025
1t
0s
0r
1y
0c
0i
#19017652
0t
0s
0r
1y
0c
0i
#19018053
1t
0s
0r
1y
0c
0i
#19018683
0t
0s
0r
1y
0c
0i
#19019082
1t
0s
0r
1y
0c
0i
#19019709
0t
0s
0r
1y
0c
0i
#19020110
1t
0s
0r
1y
0c
0i
#19020739
0t
0s
0r
1y
0c
0i
#19021140
1t
0s
0r
1y
0c
0i
#19021771
0t
0s
0r
1y
0c
0i
#19022174
1t
0s
0r
1y
0c
0i
#19022801
0t
0s
0r
1y
0c
0i
#19023205
1t
0s
0r
1y
0c
1i
#19023836
0t
0s
0r
1y
0c
1i
#19024240
1t
0s
0r
1y
1c
1i
#19024876
0t
0s
0r
1y
1c
1i
#19025278
1t
0s
0r
1y
1c
1i
#19025913
0t
0s
0r
1y
1c
1i
#19026318
1t
0s
0r
1y
1c
1i
#19026954
0t
0s
0r
1y
1c
1i
#19027360
1t
0s
0r
1y
1c
1i
#19028000
0t
0s
0r
1y
1c
0i
#19028404
1t
0s
0r
1y
1c
0i
#19029040
0t
0s
0r
1y
1c
0i
#19029446
1t
0s
0r
1y
1c
0i
#19030083
0t
0s
0r
1y
1c
0i
#19030488
1t
0s
0r
1y
1c
0i
#19031128
0t
0s
0r
1y
1c
0i
#19031532
1t
0s
0r
1y
1c
0i
#19032165
0t
0s
0r
1y
1c
0i
#19032572
1t
0s
0r
1y
1c
0i
#19033205
0t
0s
0r
1y
1c
0i
#19033610
1t
0s
0r
1y
1c
0i
#19034245
0t
0s
0r
1y
1c
0i
#19034647
1t
0s
0r
1y
1c
0i
#19035275
0t
0s
0r
1y
1c
0i
#19035679
1t
0s
0r
1y
1c
0i
#19036305
0t
0s
0r
1y
1c
0i
#19036707
1t
0s
0r
1y
1c
0i
#19037334
0t
0s
0r
1y
1c
0i
#19037734
1t
0s
0r
1y
1c
0i
#19038356
0t
0s
0r
1y
1c
0i
#19038757
1t
0s
0r
1y
1c
0i
#19039379
0t
0s
0r
1y
1c
0i
#19039779
1t
0s
0r
1y
1c
0i
#19040404
0t
0s
0r
1y
1c
0i
#19040803
1t
0s
0r
1y
1c
0i
#19042424
0t
0s
0r
1y
1c
0i
#19043571
1t
0s
0r
1y
1c
0i
#19044501
0t
0s
0r
1y
1c
0i
#19044888
1t
0s
0r
1y
1c
0i
#19045515
0t
0s
0r
1y
1c
0i
#19045912
1t
0s
0r
1y
1c
0i
#19046536
0t
0s
0r
1y
1c
0i
#19046934
1t
0s
0r
1y
1c
0i
#19047558
0t
0s
0r
1y
1c
0i
#19047957
1t
0s
0r
1y
1c
0i
#19048580
0t
0s
0r
1y
1c
0i
#19048978
1t
0s
0r
1y
1c
0i
#19049605
0t
0s
0r
1y
1c
0i
#19050001
1t
0s
0r
1y
1c
0i
#19050623
0t
0s
0r
1y
1c
0i
#19051021
1t
0s
0r
1y
1c
0i
#19051645
0t
0s
0r
1y
1c
0i
#19052043
1t
0s
0r
1y
1c
0i
#19052669
0t
0s
0r
1y
1c
0i
#19053068
1t
0s
0r
1y
1c
0i
#19053690
0t
0s
0r
1y
1c
0i
#19054091
1t
0s
0r
1y
0c
1i
#19054716
0t
0s
0r
1y
0c
1i
#19055116
1t
0s
0r
1y
0c
1i
#19055747
0t
0s
0r
1y
0c
1i
#19056146
1t
0s
0r
1y
0c
1i
#19056774
0t
0s
0r
1y
0c
1i
#19057175
1t
0s
0r
1y
0c
1i
#19057806
0t
0s
0r
1y
0c
1i
#19058208
1t
0s
0r
1y
0c
1i
#19058843
0t
0s
0r
1y
0c
0i
#19059244
1t
0s
0r
1y
0c
0i
#19059874
0t
0s
0r
1y
0c
0i
#19060277
1t
0s
0r
1y
0c
0i
#19060909
0t
0s
0r
1y
0c
0i
#19061310
1t
0s
0r
1y
0c
0i
#19061945
0t
0s
0r
1y
0c
0i
#19062345
1t
0s
0r
1y
0c
0i
#19062974
0t
0s
0r
1y
0c
0i
#19063377
1t
0s
0r
1y
0c
0i
#19064006
0t
0s
0r
1y
0c
0i
#19064407
1t
0s
0r
1y
0c
0i
#19065038
0t
0s
0r
1y
0c
0i
#19065436
1t
0s
0r
1y
0c
0i
#19066063
0t
0s
0r
1y
0c
0i
#19066461
1t
0s
0r
1y
0c
0i
#19067088
0t
0s
0r
1y
0c
0i
#19067484
1t
0s
0r
1y
0c
0i
#19068112
0t
0s
0r
1y
0c
0i
#19068506
1t
0s
0r
1y
0c
0i
#19069129
0t
0s
0r
1y
0c
0i
#19069524
1t
0s
0r
1y
0c
0i
#19070147
0t
0s
0r
1y
0c
0i
#19070541
1t
0s
0r
1y
0c
0i
#19071166
0t
0s
0r
1y
0c
0i
#19071560
1t
0s
0r
1y
0c
0i
#19072181
0t
0s
0r
1y
0c
0i
#19072576
1t
0s
0r
1y
0c
0i
#19073197
0t
0s
0r
1y
0c
0i
#19073594
1t
0s
0r
1y
0c
0i
#19074218
0t
0s
0r
1y
0c
0i
#19074613
1t
0s
0r
1y
0c
0i
#19075232
0t
0s
0r
1y
0c
0i
#19075629
1t
0s
0r
1y
0c
0i
#19076250
0t
0s
0r
1y
0c
0i
#19076646
1t
0s
0r
1y
0c
0i
#19077270
0t
0s
0r
1y
0c
0i
#19077665
1t
0s
0r
1y
0c
0i
#19078285
0t
0s
0r
1y
0c
0i
#19078682
1t
0s
0r
1y
0c
0i
#19079302
0t
0s
0r
1y
0c
0i
#19079699
1t
0s
0r
1y
0c
0i
#19080323
0t
0s
0r
1y
0c
0i
#19080718
1t
0s
0r
1y
0c
0i
#19081338
0t
0s
0r
1y
0c
0i
#19081736
1t
0s
0r
1y
0c
0i
#19082357
0t
0s
0r
1y
0c
0i
#19082754
1t
0s
0r
1y
0c
0i
#19083377
0t
0s
0r
1y
0c
0i
#19083776
1t
0s
0r
1y
0c
0i
#19084396
0t
0s
0r
1y
0c
0i
#19084796
1t
0s
0r
1y
0c
1i
#19085419
0t
0s
0r
1y
0c
1i
#19085819
1t
0s
0r
1y
1c
1i
#19086447
0t
0s
0r
1y
1c
1i
#19086846
1t
0s
0r
1y
1c
1i
#19087471
0t
0s
0r
1y
1c
1i
#19087873
1t
0s
0r
1y
1c
1i
#19088502
0t
0s
0r
1y
1c
1i
#19088902
1t
0s
0r
1y
1c
1i
#19089534
0t
0s
0r
1y
1c
0i
#19089935
1t
0s
0r
1y
1c
0i
#19090563
0t
0s
0r
1y
1c
0i
#19090964
1t
0s
0r
1y
1c
0i
#19091594
0t
0s
0r
1y
1c
0i
#19091995
1t
0s
0r
1y
1c
0i
#19092626
0t
0s
0r
1y
1c
0i
#19093026
1t
0s
0r
1y
1c
0i
#19093652
0t
0s
0r
1y
1c
0i
#19094056
1t
0s
0r
1y
1c
0i
#19094683
0t
0s
0r
1y
1c
0i
#19095085
1t
0s
0r
1y
1c
0i
#19095714
0t
0s
0r
1y
1c
0i
#19096114
1t
0s
0r
1y
1c
0i
#19096739
0t
0s
0r
1y
1c
0i
#19097140
1t
0s
0r
1y
1c
0i
#19097765
0t
0s
0r
1y
1c
0i
#19098166
1t
0s
0r
1y
1c
0i
#19098792
0t
0s
0r
1y
1c
0i
#19099191
1t
0s
0r
1y
1c
0i
#19099812
0t
0s
0r
1y
1c
0i
#19100212
1t
0s
0r
1y
1c
0i
#19100833
0t
0s
0r
1y
1c
0i
#19101232
1t
0s
0r
1y
1c
0i
#19101855
0t
0s
0r
1y
1c
0i
#19102252
1t
0s
0r
1y
1c
0i
#19103866
0t
0s
0r
1y
1c
0i
#19105007
1t
0s
0r
1y
1c
0i
#19105931
0t
0s
0r
1y
1c
0i
#19106316
1t
0s
0r
1y
1c
0i
#19106939
0t
0s
0r
1y
1c
0i
#19107333
1t
0s
0r
1y
1c
0i
#19107953
0t
0s
0r
1y
1c
0i
#19108349
1t
0s
0r
1y
1c
0i
#19108968
0t
0s
0r
1y
1c
0i
#19109365
1t
0s
0r
1y
1c
0i
#19109985
0t
0s
0r
1y
1c
0i
#19110380
1t
0s
0r
1y
1c
0i
#19111002
0t
0s
0r
1y
1c
0i
#19111397
1t
0s
0r
1y
1c
0i
#19112016
0t
0s
0r
1y
1c
0i
#19112412
1t
0s
0r
1y
1c
0i
#19113033
0t
0s
0r
1y
1c
0i
#19113429
1t
0s
0r
1y
1c
0i
#19114052
0t
0s
0r
1y
1c
0i
#19114449
1t
0s
0r
1y
1c
0i
#19115068
0t
0s
0r
1y
1c
0i
#19115467
1t
0s
0r
1y
1c
1i
#19116090
0t
0s
0r
1y
1c
1i
#19116488
1t
0s
0r
1y
0c
1i
#19117115
0t
0s
0r
1y
0c
1i
#19117513
1t
0s
0r
1y
0c
1i
#19118139
0t
0s
0r
1y
0c
1i
#19118539
1t
0s
0r
1y
0c
1i
#19119167
0t
0s
0r
1y
0c
1i
#19119567
1t
0s
0r
1y
0c
1i
#19119758
1t
0s
1r
1y
0c
0i
#19119761
1t
0s
0r
1y
0c
0i
#19120198
0t
0s
0r
1y
0c
0i
#19120598
1t
0s
0r
1y
0c
0i
#19121226
0t
0s
0r
1y
0c
0i
#19121626
1t
0s
0r
1y
0c
0i
#19122255
0t
0s
0r
1y
0c
0i
#19122654
1t
0s
0r
1y
0c
0i
#19123286
0t
0s
0r
1y
0c
0i
#19123684
1t
0s
0r
1y
0c
0i
#19124310
0t
0s
0r
1y
0c
0i
#19124710
1t
0s
0r
1y
0c
0i
#19125336
0t
0s
0r
1y
0c
0i
#19125735
1t
0s
0r
1y
0c
0i
#19126364
0t
0s
0r
1y
0c
0i
#19126759
1t
0s
0r
1y
0c
0i
#19127383
0t
0s
0r
1y
0c
0i
#19127780
1t
0s
0r
1y
0c
0i
#19128403
0t
0s
0r
1y
0c
0i
#19128798
1t
0s
0r
1y
0c
0i
#19129423
0t
0s
0r
1y
0c
0i
#19129815
1t
0s
0r
1y
0c
0i
#19130435
0t
0s
0r
1y
0c
0i
#19130828
1t
0s
0r
1y
0c
0i
#19131448
0t
0s
0r
1y
0c
0i
#19131842
1t
0s
0r
1y
0c
0i
#19132465
0t
0s
0r
1y
0c
0i
#19132856
1t
0s
0r
1y
0c
0i
#19133475
0t
0s
0r
1y
0c
0i
#19133869
1t
0s
0r
1y
0c
0i
#19134488
0t
0s
0r
1y
0c
0i
#19134883
1t
0s
0r
1y
0c
0i
#19135504
0t
0s
0r
1y
0c
0i
#19135898
1t
0s
0r
1y
0c
0i
#19136515
0t
0s
0r
1y
0c
0i
#19136911
1t
0s
0r
1y
0c
0i
#19137530
0t
0s
0r
1y
0c
0i
#19137925
1t
0s
0r
1y
0c
0i
#19138547
0t
0s
0r
1y
0c
0i
#19138941
1t
0s
0r
1y
0c
0i
#19139559
0t
0s
0r
1y
0c
0i
#19139955
1t
0s
0r
1y
0c
0i
#19140574
0t
0s
0r
1y
0c
0i
#19140970
1t
0s
0r
1y
0c
0i
#19141591
0t
0s
0r
1y
0c
0i
#19141986
1t
0s
0r
1y
0c
0i
#19142604
0t
0s
0r
1y
0c
0i
#19143000
1t
0s
0r
1y
0c
0i
#19143619
0t
0s
0r
1y
0c
0i
#19144016
1t
0s
0r
1y
0c
0i
#19144638
0t
0s
0r
1y
0c
0i
#19145035
1t
0s
0r
1y
0c
0i
#19145653
0t
0s
0r
1y
0c
0i
#19146053
1t
0s
0r
1y
0c
1i
#19146674
0t
0s
0r
1y
1c
1i
#19147073
1t
0s
0r
1y
1c
1i
#19147699
0t
0s
0r
1y
1c
1i
#19148097
1t
0s
0r
1y
1c
1i
#19148722
0t
0s
0r
1y
1c
1i
#19149122
1t
0s
0r
1y
1c
1i
#19149749
0t
0s
0r
1y
1c
1i
#19150149
1t
0s
0r
1y
1c
1i
#19150780
0t
0s
0r
1y
1c
0i
#19151179
1t
0s
0r
1y
1c
0i
#19151806
0t
0s
0r
1y
1c
0i
#19152207
1t
0s
0r
1y
1c
0i
#19152835
0t
0s
0r
1y
1c
0i
#19153235
1t
0s
0r
1y
1c
0i
#19153865
0t
0s
0r
1y
1c
0i
#19154264
1t
0s
0r
1y
1c
0i
#19154889
0t
0s
0r
1y
1c
0i
#19155290
1t
0s
0r
1y
1c
0i
#19155915
0t
0s
0r
1y
1c
0i
#19156315
1t
0s
0r
1y
1c
0i
#19156941
0t
0s
0r
1y
1c
0i
#19157340
1t
0s
0r
1y
1c
0i
#19157961
0t
0s
0r
1y
1c
0i
#19158361
1t
0s
0r
1y
1c
0i
#19158981
0t
0s
0r
1y
1c
0i
#19159379
1t
0s
0r
1y
1c
0i
#19160000
0t
0s
0r
1y
1c
0i
#19160398
1t
0s
0r
1y
1c
0i
#19161013
0t
0s
0r
1y
1c
0i
#19161412
1t
0s
0r
1y
1c
0i
#19162028
0t
0s
0r
1y
1c
0i
#19162425
1t
0s
0r
1y
1c
0i
#19163044
0t
0s
0r
1y
1c
0i
#19163439
1t
0s
0r
1y
1c
0i
#19165045
0t
0s
0r
1y
1c
0i
#19166182
1t
0s
0r
1y
1c
0i
#19167102
0t
0s
0r
1y
1c
0i
#19167486
1t
0s
0r
1y
1c
0i
#19168106
0t
0s
0r
1y
1c
0i
#19168500
1t
0s
0r
1y
1c
0i
#19169117
0t
0s
0r
1y
1c
0i
#19169512
1t
0s
0r
1y
1c
0i
#19170129
0t
0s
0r
1y
1c
0i
#19170525
1t
0s
0r
1y
1c
0i
#19171141
0t
0s
0r
1y
1c
0i
#19171536
1t
0s
0r
1y
1c
0i
#19172156
0t
0s
0r
1y
1c
0i
#19172549
1t
0s
0r
1y
1c
0i
#19173165
0t
0s
0r
1y
1c
0i
#19173560
1t
0s
0r
1y
1c
0i
#19174178
0t
0s
0r
1y
1c
0i
#19174572
1t
0s
0r
1y
1c
0i
#19175192
0t
0s
0r
1y
1c
0i
#19175588
1t
0s
0r
1y
1c
0i
#19176205
0t
0s
0r
1y
1c
0i
#19176602
1t
0s
0r
1y
1c
1i
#19177221
0t
0s
0r
1y
1c
1i
#19177618
1t
0s
0r
1y
0c
1i
#19178242
0t
0s
0r
1y
0c
1i
#19178638
1t
0s
0r
1y
0c
1i
#19179260
0t
0s
0r
1y
0c
1i
#19179658
1t
0s
0r
1y
0c
1i
#19180282
0t
0s
0r
1y
0c
1i
#19180681
1t
0s
0r
1y
0c
1i
#19181308
0t
0s
0r
1y
0c
0i
#19181706
1t
0s
0r
1y
0c
0i
#19182330
0t
0s
0r
1y
0c
0i
#19182728
1t
0s
0r
1y
0c
0i
#19183353
0t
0s
0r
1y
0c
0i
#19183751
1t
0s
0r
1y
0c
0i
#19184379
0t
0s
0r
1y
0c
0i
#19184776
1t
0s
0r
1y
0c
0i
#19185398
0t
0s
0r
1y
0c
0i
#19185798
1t
0s
0r
1y
0c
0i
#19186422
0t
0s
0r
1y
0c
0i
#19186820
1t
0s
0r
1y
0c
0i
#19187447
0t
0s
0r
1y
0c
0i
#19187844
1t
0s
0r
1y
0c
0i
#19188469
0t
0s
0r
1y
0c
0i
#19188866
1t
0s
0r
1y
0c
0i
#19189492
0t
0s
0r
1y
0c
0i
#19189889
1t
0s
0r
1y
0c
0i
#19190518
0t
0s
0r
1y
0c
0i
#19190914
1t
0s
0r
1y
0c
0i
#19191538
0t
0s
0r
1y
0c
0i
#19191935
1t
0s
0r
1y
0c
0i
#19192561
0t
0s
0r
1y
0c
0i
#19192958
1t
0s
0r
1y
0c
0i
#19193586
0t
0s
0r
1y
0c
0i
#19193981
1t
0s
0r
1y
0c
0i
#19194606
0t
0s
0r
1y
0c
0i
#19195002
1t
0s
0r
1y
0c
0i
#19195626
0t
0s
0r
1y
0c
0i
#19196023
1t
0s
0r
1y
0c
0i
#19196649
0t
0s
0r
1y
0c
0i
#19197045
1t
0s
0r
1y
0c
0i
#19197666
0t
0s
0r
1y
0c
0i
#19198063
1t
0s
0r
1y
0c
0i
#19198686
0t
0s
0r
1y
0c
0i
#19199083
1t
0s
0r
1y
0c
0i
#19199708
0t
0s
0r
1y
0c
0i
#19200103
1t
0s
0r
1y
0c
0i
#19200725
0t
0s
0r
1y
0c
0i
#19201122
1t
0s
0r
1y
0c
0i
#19201744
0t
0s
0r
1y
0c
0i
#19202142
1t
0s
0r
1y
0c
0i
#19202766
0t
0s
0r
1y
0c
0i
#19203163
1t
0s
0r
1y
0c
0i
#19203783
0t
0s
0r
1y
0c
0i
#19204182
1t
0s
0r
1y
0c
0i
#19204805
0t
0s
0r
1y
0c
0i
#19205203
1t
0s
0r
1y
0c
0i
#19205828
0t
0s
0r
1y
0c
0i
#19206227
1t
0s
0r
1y
0c
0i
#19206849
0t
0s
0r
1y
0c
0i
#19207250
1t
0s
0r
1y
0c
1i
#19207875
0t
0s
0r
1y
1c
1i
#19208275
1t
0s
0r
1y
1c
1i
#19208905
0t
0s
0r
1y
1c
1i
#19209304
1t
0s
0r
1y
1c
1i
#19209932
0t
0s
0r
1y
1c
1i
#19210334
1t
0s
0r
1y
1c
1i
#19210964
0t
0s
0r
1y
1c
1i
#19211365
1t
0s
0r
1y
1c
1i
#19211999
0t
0s
0r
1y
1c
0i
#19212400
1t
0s
0r
1y
1c
0i
#19213029
0t
0s
0r
1y
1c
0i
#19213431
1t
0s
0r
1y
1c
0i
#19214061
0t
0s
0r
1y
1c
0i
#19214463
1t
0s
0r
1y
1c
0i
#19215096
0t
0s
0r
1y
1c
0i
#19215496
1t
0s
0r
1y
1c
0i
#19216123
0t
0s
0r
1y
1c
0i
#19216527
1t
0s
0r
1y
1c
0i
#19217154
0t
0s
0r
1y
1c
0i
#19217557
1t
0s
0r
1y
1c
0i
#19218187
0t
0s
0r
1y
1c
0i
#19218589
1t
0s
0r
1y
1c
0i
#19219215
0t
0s
0r
1y
1c
0i
#19219617
1t
0s
0r
1y
1c
0i
#19220244
0t
0s
0r
1y
1c
0i
#19220646
1t
0s
0r
1y
1c
0i
#19221273
0t
0s
0r
1y
1c
0i
#19221675
1t
0s
0r
1y
1c
0i
#19222298
0t
0s
0r
1y
1c
0i
#19222700
1t
0s
0r
1y
1c
0i
#19223324
0t
0s
0r
1y
1c
0i
#19223724
1t
0s
0r
1y
1c
0i
#19224350
0t
0s
0r
1y
1c
0i
#19224749
1t
0s
0r
1y
1c
0i
#19226371
0t
0s
0r
1y
1c
0i
#19227517
1t
0s
0r
1y
1c
0i
#19228447
0t
0s
0r
1y
1c
0i
#19228833
1t
0s
0r
1y
1c
0i
#19229459
0t
0s
0r
1y
1c
0i
#19229855
1t
0s
0r
1y
1c
0i
#19230479
0t
0s
0r
1y
1c
0i
#19230876
1t
0s
0r
1y
1c
0i
#19231499
0t
0s
0r
1y
1c
0i
#19231897
1t
0s
0r
1y
1c
0i
#19232520
0t
0s
0r
1y
1c
0i
#19232917
1t
0s
0r
1y
1c
0i
#19233542
0t
0s
0r
1y
1c
0i
#19233939
1t
0s
0r
1y
1c
0i
#19234560
0t
0s
0r
1y
1c
0i
#19234958
1t
0s
0r
1y
1c
0i
#19235581
0t
0s
0r
1y
1c
0i
#19235978
1t
0s
0r
1y
1c
0i
#19236604
0t
0s
0r
1y
1c
0i
#19237002
1t
0s
0r
1y
1c
0i
#19237624
0t
0s
0r
1y
1c
0i
#19238025
1t
0s
0r
1y
0c
1i
#19238650
0t
0s
0r
1y
0c
1i
#19239049
1t
0s
0r
1y
0c
1i
#19239680
0t
0s
0r
1y
0c
1i
#19240078
1t
0s
0r
1y
0c
1i
#19240706
0t
0s
0r
1y
0c
1i
#19241107
1t
0s
0r
1y
0c
1i
#19241738
0t
0s
0r
1y
0c
1i
#19242139
1t
0s
0r
1y
0c
1i
#19242323
1t
0s
1r
1y
0c
1i
#19242325
1t
0s
0r
1y
0c
1i
#19242772
0t
0s
0r
1y
0c
0i
#19243173
1t
0s
0r
1y
0c
0i
#19243803
0t
0s
0r
1y
0c
0i
#19244205
1t
0s
0r
1y
0c
0i
#19244836
0t
0s
0r
1y
0c
0i
#19245236
1t
0s
0r
1y
0c
0i
#19245870
0t
0s
0r
1y
0c
0i
#19246269
1t
0s
0r
1y
0c
0i
#19246897
0t
0s
0r
1y
0c
0i
#19247298
1t
0s
0r
1y
0c
0i
#19247926
0t
0s
0r
1y
0c
0i
#19248326
1t
0s
0r
1y
0c
0i
#19248955
0t
0s
0r
1y
0c
0i
#19249352
1t
0s
0r
1y
0c
0i
#19249977
0t
0s
0r
1y
0c
0i
#19250375
1t
0s
0r
1y
0c
0i
#19251000
0t
0s
0r
1y
0c
0i
#19251396
1t
0s
0r
1y
0c
0i
#19252023
0t
0s
0r
1y
0c
0i
#19252416
1t
0s
0r
1y
0c
0i
#19253039
0t
0s
0r
1y
0c
0i
#19253433
1t
0s
0r
1y
0c
0i
#19254056
0t
0s
0r
1y
0c
0i
#19254450
1t
0s
0r
1y
0c
0i
#19255076
0t
0s
0r
1y
0c
0i
#19255469
1t
0s
0r
1y
0c
0i
#19256090
0t
0s
0r
1y
0c
0i
#19256485
1t
0s
0r
1y
0c
0i
#19257107
0t
0s
0r
1y
0c
0i
#19257503
1t
0s
0r
1y
0c
0i
#19258127
0t
0s
0r
1y
0c
0i
#19258522
1t
0s
0r
1y
0c
0i
#19259142
0t
0s
0r
1y
0c
0i
#19259539
1t
0s
0r
1y
0c
0i
#19260161
0t
0s
0r
1y
0c
0i
#19260557
1t
0s
0r
1y
0c
0i
#19261181
0t
0s
0r
1y
0c
0i
#19261576
1t
0s
0r
1y
0c
0i
#19262196
0t
0s
0r
1y
0c
0i
#19262594
1t
0s
0r
1y
0c
0i
#19263215
0t
0s
0r
1y
0c
0i
#19263612
1t
0s
0r
1y
0c
0i
#19264236
0t
0s
0r
1y
0c
0i
#19264632
1t
0s
0r
1y
0c
0i
#19265252
0t
0s
0r
1y
0c
0i
#19265650
1t
0s
0r
1y
0c
0i
#19266272
0t
0s
0r
1y
0c
0i
#19266670
1t
0s
0r
1y
0c
0i
#19267295
0t
0s
0r
1y
0c
0i
#19267693
1t
0s
0r
1y
0c
0i
#19268314
0t
0s
0r
1y
0c
0i
#19268714
1t
0s
0r
1y
0c
1i
#19269338
0t
0s
0r
1y
0c
1i
#19269738
1t
0s
0r
1y
1c
1i
#19270368
0t
0s
0r
1y
1c
1i
#19270767
1t
0s
0r
1y
1c
1i
#19271393
0t
0s
0r
1y
1c
1i
#19271795
1t
0s
0r
1y
1c
1i
#19272425
0t
0s
0r
1y
1c
1i
#19272827
1t
0s
0r
1y
1c
1i
#19273460
0t
0s
0r
1y
1c
0i
#19273861
1t
0s
0r
1y
1c
0i
#19274490
0t
0s
0r
1y
1c
0i
#19274892
1t
0s
0r
1y
1c
0i
#19275523
0t
0s
0r
1y
1c
0i
#19275925
1t
0s
0r
1y
1c
0i
#19276558
0t
0s
0r
1y
1c
0i
#19276959
1t
0s
0r
1y
1c
0i
#19277586
0t
0s
0r
1y
1c
0i
#19277990
1t
0s
0r
1y
1c
0i
#19278618
0t
0s
0r
1y
1c
0i
#19279020
1t
0s
0r
1y
1c
0i
#19279649
0t
0s
0r
1y
1c
0i
#19280050
1t
0s
0r
1y
1c
0i
#19280675
0t
0s
0r
1y
1c
0i
#19281076
1t
0s
0r
1y
1c
0i
#19281699
0t
0s
0r
1y
1c
0i
#19282100
1t
0s
0r
1y
1c
0i
#19282724
0t
0s
0r
1y
1c
0i
#19283123
1t
0s
0r
1y
1c
0i
#19283741
0t
0s
0r
1y
1c
0i
#19284142
1t
0s
0r
1y
1c
0i
#19284760
0t
0s
0r
1y
1c
0i
#19285159
1t
0s
0r
1y
1c
0i
#19285780
0t
0s
0r
1y
1c
0i
#19286177
1t
0s
0r
1y
1c
0i
#19287789
0t
0s
0r
1y
1c
0i
#19288929
1t
0s
0r
1y
1c
0i
#19289853
0t
0s
0r
1y
1c
0i
#19290238
1t
0s
0r
1y
1c
0i
#19290860
0t
0s
0r
1y
1c
0i
#19291255
1t
0s
0r
1y
1c
0i
#19291875
0t
0s
0r
1y
1c
0i
#19292270
1t
0s
0r
1y
1c
0i
#19292889
0t
0s
0r
1y
1c
0i
#19293287
1t
0s
0r
1y
1c
0i
#19293905
0t
0s
0r
1y
1c
0i
#19294301
1t
0s
0r
1y
1c
0i
#19294923
0t
0s
0r
1y
1c
0i
#19295318
1t
0s
0r
1y
1c
0i
#19295936
0t
0s
0r
1y
1c
0i
#19296332
1t
0s
0r
1y
1c
0i
#19296952
0t
0s
0r
1y
1c
0i
#19297347
1t
0s
0r
1y
1c
0i
#19297969
0t
0s
0r
1y
1c
0i
#19298366
1t
0s
0r
1y
1c
0i
#19298985
0t
0s
0r
1y
1c
0i
#19299384
1t
0s
0r
1y
1c
1i
#19300005
0t
0s
0r
1y
1c
1i
#19300403
1t
0s
0r
1y
0c
1i
#19301030
0t
0s
0r
1y
0c
1i
#19301427
1t
0s
0r
1y
0c
1i
#19302051
0t
0s
0r
1y
0c
1i
#19302451
1t
0s
0r
1y
0c
1i
#19303078
0t
0s
0r
1y
0c
1i
#19303478
1t
0s
0r
1y
0c
1i
#19304108
0t
0s
0r
1y
0c
0i
#19304507
1t
0s
0r
1y
0c
0i
#19305133
0t
0s
0r
1y
0c
0i
#19305534
1t
0s
0r
1y
0c
0i
#19306161
0t
0s
0r
1y
0c
0i
#19306560
1t
0s
0r
1y
0c
0i
#19307191
0t
0s
0r
1y
0c
0i
#19307589
1t
0s
0r
1y
0c
0i
#19308214
0t
0s
0r
1y
0c
0i
#19308614
1t
0s
0r
1y
0c
0i
#19309240
0t
0s
0r
1y
0c
0i
#19309639
1t
0s
0r
1y
0c
0i
#19310267
0t
0s
0r
1y
0c
0i
#19310663
1t
0s
0r
1y
0c
0i
#19311286
0t
0s
0r
1y
0c
0i
#19311683
1t
0s
0r
1y
0c
0i
#19312307
0t
0s
0r
1y
0c
0i
#19312702
1t
0s
0r
1y
0c
0i
#19313326
0t
0s
0r
1y
0c
0i
#19313719
1t
0s
0r
1y
0c
0i
#19314338
0t
0s
0r
1y
0c
0i
#19314732
1t
0s
0r
1y
0c
0i
#19315352
0t
0s
0r
1y
0c
0i
#19315745
1t
0s
0r
1y
0c
0i
#19316367
0t
0s
0r
1y
0c
0i
#19316759
1t
0s
0r
1y
0c
0i
#19317377
0t
0s
0r
1y
0c
0i
#19317770
1t
0s
0r
1y
0c
0i
#19318388
0t
0s
0r
1y
0c
0i
#19318783
1t
0s
0r
1y
0c
0i
#19319403
0t
0s
0r
1y
0c
0i
#19319796
1t
0s
0r
1y
0c
0i
#19320412
0t
0s
0r
1y
0c
0i
#19320807
1t
0s
0r
1y
0c
0i
#19321425
0t
0s
0r
1y
0c
0i
#19321819
1t
0s
0r
1y
0c
0i
#19322440
0t
0s
0r
1y
0c
0i
#19322833
1t
0s
0r
1y
0c
0i
#19323448
0t
0s
0r
1y
0c
0i
#19323844
1t
0s
0r
1y
0c
0i
#19324461
0t
0s
0r
1y
0c
0i
#19324857
1t
0s
0r
1y
0c
0i
#19325476
0t
0s
0r
1y
0c
0i
#19325871
1t
0s
0r
1y
0c
0i
#19326486
0t
0s
0r
1y
0c
0i
#19326882
1t
0s
0r
1y
0c
0i
#19327500
0t
0s
0r
1y
0c
0i
#19327896
1t
0s
0r
1y
0c
0i
#19328515
0t
0s
0r
1y
0c
0i
#19328912
1t
0s
0r
1y
0c
0i
#19329529
0t
0s
0r
1y
0c
0i
#19329927
1t
0s
0r
1y
0c
1i
#19330547
0t
0s
0r
1y
0c
1i
#19330944
1t
0s
0r
1y
1c
1i
#19331569
0t
0s
0r
1y
1c
1i
#19331966
1t
0s
0r
1y
1c
1i
#19332588
0t
0s
0r
1y
1c
1i
#19332987
1t
0s
0r
1y
1c
1i
#19333612
0t
0s
0r
1y
1c
1i
#19334011
1t
0s
0r
1y
1c
1i
#19334640
0t
0s
0r
1y
1c
0i
#19335038
1t
0s
0r
1y
1c
0i
#19335663
0t
0s
0r
1y
1c
0i
#19336063
1t
0s
0r
1y
1c
0i
#19336688
0t
0s
0r
1y
1c
0i
#19337088
1t
0s
0r
1y
1c
0i
#19337716
0t
0s
0r
1y
1c
0i
#19338114
1t
0s
0r
1y
1c
0i
#19338737
0t
0s
0r
1y
1c
0i
#19339138
1t
0s
0r
1y
1c
0i
#19339761
0t
0s
0r
1y
1c
0i
#19340161
1t
0s
0r
1y
1c
0i
#19340786
0t
0s
0r
1y
1c
0i
#19341185
1t
0s
0r
1y
1c
0i
#19341805
0t
0s
0r
1y
1c
0i
#19342204
1t
0s
0r
1y
1c
0i
#19342825
0t
0s
0r
1y
1c
0i
#19343223
1t
0s
0r
1y
1c
0i
#19343844
0t
0s
0r
1y
1c
0i
#19344241
1t
0s
0r
1y
1c
0i
#19344857
0t
0s
0r
1y
1c
0i
#19345256
1t
0s
0r
1y
1c
0i
#19345872
0t
0s
0r
1y
1c
0i
#19346269
1t
0s
0r
1y
1c
0i
#19346887
0t
0s
0r
1y
1c
0i
#19347282
1t
0s
0r
1y
1c
0i
#19348886
0t
0s
0r
1y
1c
0i
#19350023
1t
0s
0r
1y
1c
0i
#19350941
0t
0s
0r
1y
1c
0i
#19351324
1t
0s
0r
1y
1c
0i
#19351943
0t
0s
0r
1y
1c
0i
#19352336
1t
0s
0r
1y
1c
0i
#19352953
0t
0s
0r
1y
1c
0i
#19353347
1t
0s
0r
1y
1c
0i
#19353963
0t
0s
0r
1y
1c
0i
#19354358
1t
0s
0r
1y
1c
0i
#19354974
0t
0s
0r
1y
1c
0i
#19355368
1t
0s
0r
1y
1c
0i
#19355986
0t
0s
0r
1y
1c
0i
#19356380
1t
0s
0r
1y
1c
0i
#19356995
0t
0s
0r
1y
1c
0i
#19357389
1t
0s
0r
1y
1c
0i
#19358006
0t
0s
0r
1y
1c
0i
#19358400
1t
0s
0r
1y
1c
0i
#19359019
0t
0s
0r
1y
1c
0i
#19359415
1t
0s
0r
1y
1c
0i
#19360030
0t
0s
0r
1y
1c
0i
#19360427
1t
0s
0r
1y
1c
1i
#19361046
0t
0s
0r
1y
1c
1i
#19361443
1t
0s
0r
1y
0c
1i
#19362067
0t
0s
0r
1y
0c
1i
#19362462
1t
0s
0r
1y
0c
1i
#19363084
0t
0s
0r
1y
0c
1i
#19363482
1t
0s
0r
1y
0c
1i
#19364105
0t
0s
0r
1y
0c
1i
#19364504
1t
0s
0r
1y
0c
1i
#19364688
1t
0s
1r
1y
0c
1i
#19364691
1t
0s
0r
1y
0c
1i
#19365131
0t
0s
0r
1y
0c
0i
#19365528
1t
0s
0r
1y
0c
0i
#19366152
0t
0s
0r
1y
0c
0i
#19366550
1t
0s
0r
1y
0c
0i
#19367175
0t
0s
0r
1y
0c
0i
#19367573
1t
0s
0r
1y
0c
0i
#19368201
0t
0s
0r
1y
0c
0i
#19368596
1t
0s
0r
1y
0c
0i
#19369219
0t
0s
0r
1y
0c
0i
#19369618
1t
0s
0r
1y
0c
0i
#19370242
0t
0s
0r
1y
0c
0i
#19370639
1t
0s
0r
1y
0c
0i
#19371266
0t
0s
0r
1y
0c
0i
#19371662
1t
0s
0r
1y
0c
0i
#19372285
0t
0s
0r
1y
0c
0i
#19372683
1t
0s
0r
1y
0c
0i
#19373307
0t
0s
0r
1y
0c
0i
#19373703
1t
0s
0r
1y
0c
0i
#19374331
0t
0s
0r
1y
0c
0i
#19374725
1t
0s
0r
1y
0c
0i
#19375348
0t
0s
0r
1y
0c
0i
#19375744
1t
0s
0r
1y
0c
0i
#19376368
0t
0s
0r
1y
0c
0i
#19376763
1t
0s
0r
1y
0c
0i
#19377390
0t
0s
0r
1y
0c
0i
#19377783
1t
0s
0r
1y
0c
0i
#19378406
0t
0s
0r
1y
0c
0i
#19378801
1t
0s
0r
1y
0c
0i
#19379422
0t
0s
0r
1y
0c
0i
#19379819
1t
0s
0r
1y
0c
0i
#19380443
0t
0s
0r
1y
0c
0i
#19380838
1t
0s
0r
1y
0c
0i
#19381457
0t
0s
0r
1y
0c
0i
#19381854
1t
0s
0r
1y
0c
0i
#19382476
0t
0s
0r
1y
0c
0i
#19382872
1t
0s
0r
1y
0c
0i
#19383496
0t
0s
0r
1y
0c
0i
#19383891
1t
0s
0r
1y
0c
0i
#19384511
0t
0s
0r
1y
0c
0i
#19384908
1t
0s
0r
1y
0c
0i
#19385529
0t
0s
0r
1y
0c
0i
#19385926
1t
0s
0r
1y
0c
0i
#19386550
0t
0s
0r
1y
0c
0i
#19386945
1t
0s
0r
1y
0c
0i
#19387566
0t
0s
0r
1y
0c
0i
#19387963
1t
0s
0r
1y
0c
0i
#19388585
0t
0s
0r
1y
0c
0i
#19388983
1t
0s
0r
1y
0c
0i
#19389607
0t
0s
0r
1y
0c
0i
#19390006
1t
0s
0r
1y
0c
0i
#19390627
0t
0s
0r
1y
0c
0i
#19391027
1t
0s
0r
1y
0c
1i
#19391651
0t
0s
0r
1y
0c
1i
#19392051
1t
0s
0r
1y
1c
1i
#19392680
0t
0s
0r
1y
1c
1i
#19393079
1t
0s
0r
1y
1c
1i
#19393706
0t
0s
0r
1y
1c
1i
#19394107
1t
0s
0r
1y
1c
1i
#19394737
0t
0s
0r
1y
1c
1i
#19395138
1t
0s
0r
1y
1c
1i
#19395771
0t
0s
0r
1y
1c
0i
#19396171
1t
0s
0r
1y
1c
0i
#19396800
0t
0s
0r
1y
1c
0i
#19397202
1t
0s
0r
1y
1c
0i
#19397831
0t
0s
0r
1y
1c
0i
#19398232
1t
0s
0r
1y
1c
0i
#19398864
0t
0s
0r
1y
1c
0i
#19399264
1t
0s
0r
1y
1c
0i
#19399890
0t
0s
0r
1y
1c
0i
#19400294
1t
0s
0r
1y
1c
0i
#19400920
0t
0s
0r
1y
1c
0i
#19401322
1t
0s
0r
1y
1c
0i
#19401952
0t
0s
0r
1y
1c
0i
#19402352
1t
0s
0r
1y
1c
0i
#19402977
0t
0s
0r
1y
1c
0i
#19403379
1t
0s
0r
1y
1c
0i
#19404004
0t
0s
0r
1y
1c
0i
#19404406
1t
0s
0r
1y
1c
0i
#19405032
0t
0s
0r
1y
1c
0i
#19405433
1t
0s
0r
1y
1c
0i
#19406054
0t
0s
0r
1y
1c
0i
#19406456
1t
0s
0r
1y
1c
0i
#19407078
0t
0s
0r
1y
1c
0i
#19407479
1t
0s
0r
1y
1c
0i
#19408103
0t
0s
0r
1y
1c
0i
#19408502
1t
0s
0r
1y
1c
0i
#19410122
0t
0s
0r
1y
1c
0i
#19411267
1t
0s
0r
1y
1c
0i
#19412196
0t
0s
0r
1y
1c
0i
#19412582
1t
0s
0r
1y
1c
0i
#19413207
0t
0s
0r
1y
1c
0i
#19413604
1t
0s
0r
1y
1c
0i
#19414227
0t
0s
0r
1y
1c
0i
#19414624
1t
0s
0r
1y
1c
0i
#19415245
0t
0s
0r
1y
1c
0i
#19415644
1t
0s
0r
1y
1c
0i
#19416266
0t
0s
0r
1y
1c
0i
#19416663
1t
0s
0r
1y
1c
0i
#19417288
0t
0s
0r
1y
1c
0i
#19417684
1t
0s
0r
1y
1c
0i
#19418306
0t
0s
0r
1y
1c
0i
#19418703
1t
0s
0r
1y
1c
0i
#19419326
0t
0s
0r
1y
1c
0i
#19419723
1t
0s
0r
1y
1c
0i
#19420348
0t
0s
0r
1y
1c
0i
#19420747
1t
0s
0r
1y
1c
0i
#19421368
0t
0s
0r
1y
1c
0i
#19421768
1t
0s
0r
1y
1c
1i
#19422393
0t
0s
0r
1y
1c
1i
#19422793
1t
0s
0r
1y
0c
1i
#19423422
0t
0s
0r
1y
0c
1i
#19423820
1t
0s
0r
1y
0c
1i
#19424448
0t
0s
0r
1y
0c
1i
#19424849
1t
0s
0r
1y
0c
1i
#19425478
0t
0s
0r
1y
0c
1i
#19425879
1t
0s
0r
1y
0c
1i
#19426511
0t
0s
0r
1y
0c
0i
#19426912
1t
0s
0r
1y
0c
0i
#19427541
0t
0s
0r
1y
0c
0i
#19427942
1t
0s
0r
1y
0c
0i
#19428573
0t
0s
0r
1y
0c
0i
#19428973
1t
0s
0r
1y
0c
0i
#19429606
0t
0s
0r
1y
0c
0i
#19430005
1t
0s
0r
1y
0c
0i
#19430633
0t
0s
0r
1y
0c
0i
#19431035
1t
0s
0r
1y
0c
0i
#19431663
0t
0s
0r
1y
0c
0i
#19432064
1t
0s
0r
1y
0c
0i
#19432696
0t
0s
0r
1y
0c
0i
#19433095
1t
0s
0r
1y
0c
0i
#19433723
0t
0s
0r
1y
0c
0i
#19434123
1t
0s
0r
1y
0c
0i
#19434753
0t
0s
0r
1y
0c
0i
#19435152
1t
0s
0r
1y
0c
0i
#19435785
0t
0s
0r
1y
0c
0i
#19436182
1t
0s
0r
1y
0c
0i
#19436810
0t
0s
0r
1y
0c
0i
#19437209
1t
0s
0r
1y
0c
0i
#19437838
0t
0s
0r
1y
0c
0i
#19438236
1t
0s
0r
1y
0c
0i
#19438867
0t
0s
0r
1y
0c
0i
#19439263
1t
0s
0r
1y
0c
0i
#19439891
0t
0s
0r
1y
0c
0i
#19440289
1t
0s
0r
1y
0c
0i
#19440915
0t
0s
0r
1y
0c
0i
#19441315
1t
0s
0r
1y
0c
0i
#19441943
0t
0s
0r
1y
0c
0i
#19442341
1t
0s
0r
1y
0c
0i
#19442966
0t
0s
0r
1y
0c
0i
#19443364
1t
0s
0r
1y
0c
0i
#19443991
0t
0s
0r
1y
0c
0i
#19444389
1t
0s
0r
1y
0c
0i
#19445018
0t
0s
0r
1y
0c
0i
#19445414
1t
0s
0r
1y
0c
0i
#19446039
0t
0s
0r
1y
0c
0i
#19446438
1t
0s
0r
1y
0c
0i
#19447063
0t
0s
0r
1y
0c
0i
#19447463
1t
0s
0r
1y
0c
0i
#19448091
0t
0s
0r
1y
0c
0i
#19448489
1t
0s
0r
1y
0c
0i
#19449113
0t
0s
0r
1y
0c
0i
#19449513
1t
0s
0r
1y
0c
0i
#19450139
0t
0s
0r
1y
0c
0i
#19450539
1t
0s
0r
1y
0c
0i
#19451167
0t
0s
0r
1y
0c
0i
#19451568
1t
0s
0r
1y
0c
0i
#19452193
0t
0s
0r
1y
0c
0i
#19452595
1t
0s
0r
1y
0c
1i
#19453224
0t
0s
0r
1y
0c
1i
#19453625
1t
0s
0r
1y
1c
1i
#19454259
0t
0s
0r
1y
1c
1i
#19454660
1t
0s
0r
1y
1c
1i
#19455291
0t
0s
0r
1y
1c
1i
#19455694
1t
0s
0r
1y
1c
1i
#19456327
0t
0s
0r
1y
1c
1i
#19456731
1t
0s
0r
1y
1c
1i
#19457369
0t
0s
0r
1y
1c
0i
#19457771
1t
0s
0r
1y
1c
0i
#19458404
0t
0s
0r
1y
1c
0i
#19458809
1t
0s
0r
1y
1c
0i
#19459442
0t
0s
0r
1y
1c
0i
#19459846
1t
0s
0r
1y
1c
0i
#19460483
0t
0s
0r
1y
1c
0i
#19460886
1t
0s
0r
1y
1c
0i
#19461517
0t
0s
0r
1y
1c
0i
#19461923
1t
0s
0r
1y
1c
0i
#19462554
0t
0s
0r
1y
1c
0i
#19462959
1t
0s
0r
1y
1c
0i
#19463593
0t
0s
0r
1y
1c
0i
#19463997
1t
0s
0r
1y
1c
0i
#19464627
0t
0s
0r
1y
1c
0i
#19465031
1t
0s
0r
1y
1c
0i
#19465661
0t
0s
0r
1y
1c
0i
#19466065
1t
0s
0r
1y
1c
0i
#19466697
0t
0s
0r
1y
1c
0i
#19467100
1t
0s
0r
1y
1c
0i
#19467727
0t
0s
0r
1y
1c
0i
#19468132
1t
0s
0r
1y
1c
0i
#19468759
0t
0s
0r
1y
1c
0i
#19469162
1t
0s
0r
1y
1c
0i
#19469791
0t
0s
0r
1y
1c
0i
#19470193
1t
0s
0r
1y
1c
0i
#19471825
0t
0s
0r
1y
1c
0i
#19472977
1t
0s
0r
1y
1c
0i
#19473913
0t
0s
0r
1y
1c
0i
#19474301
1t
0s
0r
1y
1c
0i
#19474930
0t
0s
0r
1y
1c
0i
#19475329
1t
0s
0r
1y
1c
0i
#19475956
0t
0s
0r
1y
1c
0i
#19476355
1t
0s
0r
1y
1c
0i
#19476982
0t
0s
0r
1y
1c
0i
#19477383
1t
0s
0r
1y
1c
0i
#19478009
0t
0s
0r
1y
1c
0i
#19478409
1t
0s
0r
1y
1c
0i
#19479038
0t
0s
0r
1y
1c
0i
#19479437
1t
0s
0r
1y
1c
0i
#19480062
0t
0s
0r
1y
1c
0i
#19480462
1t
0s
0r
1y
1c
0i
#19481089
0t
0s
0r
1y
1c
0i
#19481489
1t
0s
0r
1y
1c
0i
#19482118
0t
0s
0r
1y
1c
0i
#19482519
1t
0s
0r
1y
1c
0i
#19483145
0t
0s
0r
1y
1c
0i
#19483548
1t
0s
0r
1y
0c
1i
#19484177
0t
0s
0r
1y
0c
1i
#19484579
1t
0s
0r
1y
0c
1i
#19485213
0t
0s
0r
1y
0c
1i
#19485614
1t
0s
0r
1y
0c
1i
#19486246
0t
0s
0r
1y
0c
1i
#19486649
1t
0s
0r
1y
0c
1i
#19487283
0t
0s
0r
1y
0c
1i
#19487672
0t
0s
1r
1y
0c
1i
#19487675
0t
0s
0r
1y
0c
1i
#19487687
1t
0s
0r
1y
0c
1i
#19488325
0t
0s
0r
1y
0c
0i
#19488727
1t
0s
0r
1y
0c
0i
#19489361
0t
0s
0r
1y
0c
0i
#19489765
1t
0s
0r
1y
0c
0i
#19490400
0t
0s
0r
1y
0c
0i
#19490803
1t
0s
0r
1y
0c
0i
#19491440
0t
0s
0r
1y
0c
0i
#19491841
1t
0s
0r
1y
0c
0i
#19492473
0t
0s
0r
1y
0c
0i
#19492876
1t
0s
0r
1y
0c
0i
#19493506
0t
0s
0r
1y
0c
0i
#19493907
1t
0s
0r
1y
0c
0i
#19494538
0t
0s
0r
1y
0c
0i
#19494936
1t
0s
0r
1y
0c
0i
#19495562
0t
0s
0r
1y
0c
0i
#19495960
1t
0s
0r
1y
0c
0i
#19496586
0t
0s
0r
1y
0c
0i
#19496982
1t
0s
0r
1y
0c
0i
#19497609
0t
0s
0r
1y
0c
0i
#19498003
1t
0s
0r
1y
0c
0i
#19498626
0t
0s
0r
1y
0c
0i
#19499021
1t
0s
0r
1y
0c
0i
#19499645
0t
0s
0r
1y
0c
0i
#19500040
1t
0s
0r
1y
0c
0i
#19500667
0t
0s
0r
1y
0c
0i
#19501060
1t
0s
0r
1y
0c
0i
#19501683
0t
0s
0r
1y
0c
0i
#19502079
1t
0s
0r
1y
0c
0i
#19502702
0t
0s
0r
1y
0c
0i
#19503100
1t
0s
0r
1y
0c
0i
#19503725
0t
0s
0r
1y
0c
0i
#19504121
1t
0s
0r
1y
0c
0i
#19504743
0t
0s
0r
1y
0c
0i
#19505141
1t
0s
0r
1y
0c
0i
#19505764
0t
0s
0r
1y
0c
0i
#19506161
1t
0s
0r
1y
0c
0i
#19506788
0t
0s
0r
1y
0c
0i
#19507183
1t
0s
0r
1y
0c
0i
#19507805
0t
0s
0r
1y
0c
0i
#19508204
1t
0s
0r
1y
0c
0i
#19508827
0t
0s
0r
1y
0c
0i
#19509225
1t
0s
0r
1y
0c
0i
#19509851
0t
0s
0r
1y
0c
0i
#19510248
1t
0s
0r
1y
0c
0i
#19510870
0t
0s
0r
1y
0c
0i
#19511268
1t
0s
0r
1y
0c
0i
#19511892
0t
0s
0r
1y
0c
0i
#19512291
1t
0s
0r
1y
0c
0i
#19512917
0t
0s
0r
1y
0c
0i
#19513317
1t
0s
0r
1y
0c
0i
#19513939
0t
0s
0r
1y
0c
0i
#19514341
1t
0s
0r
1y
0c
1i
#19514967
0t
0s
0r
1y
1c
1i
#19515368
1t
0s
0r
1y
1c
1i
#19515999
0t
0s
0r
1y
1c
1i
#19516399
1t
0s
0r
1y
1c
1i
#19517028
0t
0s
0r
1y
1c
1i
#19517431
1t
0s
0r
1y
1c
1i
#19518063
0t
0s
0r
1y
1c
1i
#19518466
1t
0s
0r
1y
1c
1i
#19519102
0t
0s
0r
1y
1c
0i
#19519504
1t
0s
0r
1y
1c
0i
#19520136
0t
0s
0r
1y
1c
0i
#19520539
1t
0s
0r
1y
1c
0i
#19521172
0t
0s
0r
1y
1c
0i
#19521575
1t
0s
0r
1y
1c
0i
#19522210
0t
0s
0r
1y
1c
0i
#19522612
1t
0s
0r
1y
1c
0i
#19523242
0t
0s
0r
1y
1c
0i
#19523647
1t
0s
0r
1y
1c
0i
#19524277
0t
0s
0r
1y
1c
0i
#19524681
1t
0s
0r
1y
1c
0i
#19525312
0t
0s
0r
1y
1c
0i
#19525714
1t
0s
0r
1y
1c
0i
#19526341
0t
0s
0r
1y
1c
0i
#19526744
1t
0s
0r
1y
1c
0i
#19527371
0t
0s
0r
1y
1c
0i
#19527772
1t
0s
0r
1y
1c
0i
#19528398
0t
0s
0r
1y
1c
0i
#19528799
1t
0s
0r
1y
1c
0i
#19529420
0t
0s
0r
1y
1c
0i
#19529821
1t
0s
0r
1y
1c
0i
#19530443
0t
0s
0r
1y
1c
0i
#19530842
1t
0s
0r
1y
1c
0i
#19531466
0t
0s
0r
1y
1c
0i
#19531864
1t
0s
0r
1y
1c
0i
#19533482
0t
0s
0r
1y
1c
0i
#19534626
1t
0s
0r
1y
1c
0i
#19535554
0t
0s
0r
1y
1c
0i
#19535940
1t
0s
0r
1y
1c
0i
#19536564
0t
0s
0r
1y
1c
0i
#19536960
1t
0s
0r
1y
1c
0i
#19537582
0t
0s
0r
1y
1c
0i
#19537979
1t
0s
0r
1y
1c
0i
#19538601
0t
0s
0r
1y
1c
0i
#19539000
1t
0s
0r
1y
1c
0i
#19539621
0t
0s
0r
1y
1c
0i
#19540018
1t
0s
0r
1y
1c
0i
#19540642
0t
0s
0r
1y
1c
0i
#19541039
1t
0s
0r
1y
1c
0i
#19541660
0t
0s
0r
1y
1c
0i
#19542057
1t
0s
0r
1y
1c
0i
#19542679
0t
0s
0r
1y
1c
0i
#19543077
1t
0s
0r
1y
1c
0i
#19543702
0t
0s
0r
1y
1c
0i
#19544100
1t
0s
0r
1y
1c
0i
#19544721
0t
0s
0r
1y
1c
0i
#19545121
1t
0s
0r
1y
1c
1i
#19545745
0t
0s
0r
1y
1c
1i
#19546145
1t
0s
0r
1y
0c
1i
#19546774
0t
0s
0r
1y
0c
1i
#19547173
1t
0s
0r
1y
0c
1i
#19547799
0t
0s
0r
1y
0c
1i
#19548201
1t
0s
0r
1y
0c
1i
#19548830
0t
0s
0r
1y
0c
1i
#19549231
1t
0s
0r
1y
0c
1i
#19549864
0t
0s
0r
1y
0c
0i
#19550264
1t
0s
0r
1y
0c
0i
#19550893
0t
0s
0r
1y
0c
0i
#19551294
1t
0s
0r
1y
0c
0i
#19551924
0t
0s
0r
1y
0c
0i
#19552325
1t
0s
0r
1y
0c
0i
#19552958
0t
0s
0r
1y
0c
0i
#19553357
1t
0s
0r
1y
0c
0i
#19553985
0t
0s
0r
1y
0c
0i
#19554387
1t
0s
0r
1y
0c
0i
#19555016
0t
0s
0r
1y
0c
0i
#19555417
1t
0s
0r
1y
0c
0i
#19556049
0t
0s
0r
1y
0c
0i
#19556447
1t
0s
0r
1y
0c
0i
#19557076
0t
0s
0r
1y
0c
0i
#19557476
1t
0s
0r
1y
0c
0i
#19558106
0t
0s
0r
1y
0c
0i
#19558505
1t
0s
0r
1y
0c
0i
#19559137
0t
0s
0r
1y
0c
0i
#19559534
1t
0s
0r
1y
0c
0i
#19560161
0t
0s
0r
1y
0c
0i
#19560560
1t
0s
0r
1y
0c
0i
#19561188
0t
0s
0r
1y
0c
0i
#19561585
1t
0s
0r
1y
0c
0i
#19562215
0t
0s
0r
1y
0c
0i
#19562611
1t
0s
0r
1y
0c
0i
#19563237
0t
0s
0r
1y
0c
0i
#19563634
1t
0s
0r
1y
0c
0i
#19564260
0t
0s
0r
1y
0c
0i
#19564659
1t
0s
0r
1y
0c
0i
#19565286
0t
0s
0r
1y
0c
0i
#19565683
1t
0s
0r
1y
0c
0i
#19566306
0t
0s
0r
1y
0c
0i
#19566705
1t
0s
0r
1y
0c
0i
#19567331
0t
0s
0r
1y
0c
0i
#19567728
1t
0s
0r
1y
0c
0i
#19568356
0t
0s
0r
1y
0c
0i
#19568752
1t
0s
0r
1y
0c
0i
#19569375
0t
0s
0r
1y
0c
0i
#19569775
1t
0s
0r
1y
0c
0i
#19570399
0t
0s
0r
1y
0c
0i
#19570798
1t
0s
0r
1y
0c
0i
#19571425
0t
0s
0r
1y
0c
0i
#19571823
1t
0s
0r
1y
0c
0i
#19572446
0t
0s
0r
1y
0c
0i
#19572846
1t
0s
0r
1y
0c
0i
#19573471
0t
0s
0r
1y
0c
0i
#19573871
1t
0s
0r
1y
0c
0i
#19574499
0t
0s
0r
1y
0c
0i
#19574899
1t
0s
0r
1y
0c
0i
#19575523
0t
0s
0r
1y
0c
0i
#19575926
1t
0s
0r
1y
0c
1i
#19576553
0t
0s
0r
1y
1c
1i
#19576955
1t
0s
0r
1y
1c
1i
#19577587
0t
0s
0r
1y
1c
1i
#19577988
1t
0s
0r
1y
1c
1i
#19578619
0t
0s
0r
1y
1c
1i
#19579022
1t
0s
0r
1y
1c
1i
#19579655
0t
0s
0r
1y
1c
1i
#19580058
1t
0s
0r
1y
1c
1i
#19580695
0t
0s
0r
1y
1c
0i
#19581097
1t
0s
0r
1y
1c
0i
#19581729
0t
0s
0r
1y
1c
0i
#19582133
1t
0s
0r
1y
1c
0i
#19582767
0t
0s
0r
1y
1c
0i
#19583170
1t
0s
0r
1y
1c
0i
#19583805
0t
0s
0r
1y
1c
0i
#19584208
1t
0s
0r
1y
1c
0i
#19584838
0t
0s
0r
1y
1c
0i
#19585243
1t
0s
0r
1y
1c
0i
#19585873
0t
0s
0r
1y
1c
0i
#19586277
1t
0s
0r
1y
1c
0i
#19586910
0t
0s
0r
1y
1c
0i
#19587312
1t
0s
0r
1y
1c
0i
#19587941
0t
0s
0r
1y
1c
0i
#19588344
1t
0s
0r
1y
1c
0i
#19588972
0t
0s
0r
1y
1c
0i
#19589374
1t
0s
0r
1y
1c
0i
#19590003
0t
0s
0r
1y
1c
0i
#19590405
1t
0s
0r
1y
1c
0i
#19591028
0t
0s
0r
1y
1c
0i
#19591431
1t
0s
0r
1y
1c
0i
#19592055
0t
0s
0r
1y
1c
0i
#19592456
1t
0s
0r
1y
1c
0i
#19593082
0t
0s
0r
1y
1c
0i
#19593482
1t
0s
0r
1y
1c
0i
#19595106
0t
0s
0r
1y
1c
0i
#19596254
1t
0s
0r
1y
1c
0i
#19597186
0t
0s
0r
1y
1c
0i
#19597573
1t
0s
0r
1y
1c
0i
#19598200
0t
0s
0r
1y
1c
0i
#19598597
1t
0s
0r
1y
1c
0i
#19599222
0t
0s
0r
1y
1c
0i
#19599620
1t
0s
0r
1y
1c
0i
#19600245
0t
0s
0r
1y
1c
0i
#19600644
1t
0s
0r
1y
1c
0i
#19601268
0t
0s
0r
1y
1c
0i
#19601667
1t
0s
0r
1y
1c
0i
#19602294
0t
0s
0r
1y
1c
0i
#19602691
1t
0s
0r
1y
1c
0i
#19603314
0t
0s
0r
1y
1c
0i
#19603713
1t
0s
0r
1y
1c
0i
#19604338
0t
0s
0r
1y
1c
0i
#19604737
1t
0s
0r
1y
1c
0i
#19605364
0t
0s
0r
1y
1c
0i
#19605764
1t
0s
0r
1y
1c
0i
#19606388
0t
0s
0r
1y
1c
0i
#19606789
1t
0s
0r
1y
1c
1i
#19607416
0t
0s
0r
1y
1c
1i
#19607816
1t
0s
0r
1y
0c
1i
#19608448
0t
0s
0r
1y
0c
1i
#19608847
1t
0s
0r
1y
0c
1i
#19609477
0t
0s
0r
1y
0c
1i
#19609879
1t
0s
0r
1y
0c
1i
#19610511
0t
0s
0r
1y
0c
1i
#19610913
1t
0s
0r
1y
0c
1i
#19611097
1t
0s
1r
1y
0c
1i
#19611100
1t
0s
0r
1y
0c
1i
#19611548
0t
0s
0r
1y
0c
0i
#19611950
1t
0s
0r
1y
0c
0i
#19612581
0t
0s
0r
1y
0c
0i
#19612984
1t
0s
0r
1y
0c
0i
#19613617
0t
0s
0r
1y
0c
0i
#19614019
1t
0s
0r
1y
0c
0i
#19614655
0t
0s
0r
1y
0c
0i
#19615055
1t
0s
0r
1y
0c
0i
#19615685
0t
0s
0r
1y
0c
0i
#19616088
1t
0s
0r
1y
0c
0i
#19616719
0t
0s
0r
1y
0c
0i
#19617120
1t
0s
0r
1y
0c
0i
#19617754
0t
0s
0r
1y
0c
0i
#19618152
1t
0s
0r
1y
0c
0i
#19618781
0t
0s
0r
1y
0c
0i
#19619180
1t
0s
0r
1y
0c
0i
#19619809
0t
0s
0r
1y
0c
0i
#19620207
1t
0s
0r
1y
0c
0i
#19620837
0t
0s
0r
1y
0c
0i
#19621233
1t
0s
0r
1y
0c
0i
#19621858
0t
0s
0r
1y
0c
0i
#19622255
1t
0s
0r
1y
0c
0i
#19622882
0t
0s
0r
1y
0c
0i
#19623278
1t
0s
0r
1y
0c
0i
#19623907
0t
0s
0r
1y
0c
0i
#19624302
1t
0s
0r
1y
0c
0i
#19624927
0t
0s
0r
1y
0c
0i
#19625324
1t
0s
0r
1y
0c
0i
#19625950
0t
0s
0r
1y
0c
0i
#19626348
1t
0s
0r
1y
0c
0i
#19626976
0t
0s
0r
1y
0c
0i
#19627373
1t
0s
0r
1y
0c
0i
#19627996
0t
0s
0r
1y
0c
0i
#19628395
1t
0s
0r
1y
0c
0i
#19629021
0t
0s
0r
1y
0c
0i
#19629418
1t
0s
0r
1y
0c
0i
#19630047
0t
0s
0r
1y
0c
0i
#19630444
1t
0s
0r
1y
0c
0i
#19631067
0t
0s
0r
1y
0c
0i
#19631467
1t
0s
0r
1y
0c
0i
#19632092
0t
0s
0r
1y
0c
0i
#19632491
1t
0s
0r
1y
0c
0i
#19633118
0t
0s
0r
1y
0c
0i
#19633516
1t
0s
0r
1y
0c
0i
#19634141
0t
0s
0r
1y
0c
0i
#19634540
1t
0s
0r
1y
0c
0i
#19635165
0t
0s
0r
1y
0c
0i
#19635565
1t
0s
0r
1y
0c
0i
#19636193
0t
0s
0r
1y
0c
0i
#19636594
1t
0s
0r
1y
0c
0i
#19637219
0t
0s
0r
1y
0c
0i
#19637621
1t
0s
0r
1y
0c
1i
#19638250
0t
0s
0r
1y
1c
1i
#19638651
1t
0s
0r
1y
1c
1i
#19639284
0t
0s
0r
1y
1c
1i
#19639685
1t
0s
0r
1y
1c
1i
#19640316
0t
0s
0r
1y
1c
1i
#19640720
1t
0s
0r
1y
1c
1i
#19641353
0t
0s
0r
1y
1c
1i
#19641757
1t
0s
0r
1y
1c
1i
#19642394
0t
0s
0r
1y
1c
0i
#19642796
1t
0s
0r
1y
1c
0i
#19643429
0t
0s
0r
1y
1c
0i
#19643833
1t
0s
0r
1y
1c
0i
#19644468
0t
0s
0r
1y
1c
0i
#19644871
1t
0s
0r
1y
1c
0i
#19645507
0t
0s
0r
1y
1c
0i
#19645910
1t
0s
0r
1y
1c
0i
#19646541
0t
0s
0r
1y
1c
0i
#19646947
1t
0s
0r
1y
1c
0i
#19647578
0t
0s
0r
1y
1c
0i
#19647984
1t
0s
0r
1y
1c
0i
#19648619
0t
0s
0r
1y
1c
0i
#19649022
1t
0s
0r
1y
1c
0i
#19649652
0t
0s
0r
1y
1c
0i
#19650057
1t
0s
0r
1y
1c
0i
#19650689
0t
0s
0r
1y
1c
0i
#19651094
1t
0s
0r
1y
1c
0i
#19651727
0t
0s
0r
1y
1c
0i
#19652131
1t
0s
0r
1y
1c
0i
#19652760
0t
0s
0r
1y
1c
0i
#19653165
1t
0s
0r
1y
1c
0i
#19653795
0t
0s
0r
1y
1c
0i
#19654199
1t
0s
0r
1y
1c
0i
#19654831
0t
0s
0r
1y
1c
0i
#19655233
1t
0s
0r
1y
1c
0i
#19656871
0t
0s
0r
1y
1c
0i
#19658028
1t
0s
0r
1y
1c
0i
#19658965
0t
0s
0r
1y
1c
0i
#19659355
1t
0s
0r
1y
1c
0i
#19659987
0t
0s
0r
1y
1c
0i
#19660386
1t
0s
0r
1y
1c
0i
#19661016
0t
0s
0r
1y
1c
0i
#19661416
1t
0s
0r
1y
1c
0i
#19662045
0t
0s
0r
1y
1c
0i
#19662447
1t
0s
0r
1y
1c
0i
#19663075
0t
0s
0r
1y
1c
0i
#19663476
1t
0s
0r
1y
1c
0i
#19664108
0t
0s
0r
1y
1c
0i
#19664507
1t
0s
0r
1y
1c
0i
#19665135
0t
0s
0r
1y
1c
0i
#19665536
1t
0s
0r
1y
1c
0i
#19666166
0t
0s
0r
1y
1c
0i
#19666566
1t
0s
0r
1y
1c
0i
#19667198
0t
0s
0r
1y
1c
0i
#19667600
1t
0s
0r
1y
1c
0i
#19668229
0t
0s
0r
1y
1c
0i
#19668632
1t
0s
0r
1y
1c
1i
#19669264
0t
0s
0r
1y
0c
1i
#19669667
1t
0s
0r
1y
0c
1i
#19670303
0t
0s
0r
1y
0c
1i
#19670705
1t
0s
0r
1y
0c
1i
#19671339
0t
0s
0r
1y
0c
1i
#19671744
1t
0s
0r
1y
0c
1i
#19672380
0t
0s
0r
1y
0c
1i
#19672785
1t
0s
0r
1y
0c
1i
#19673424
0t
0s
0r
1y
0c
0i
#19673828
1t
0s
0r
1y
0c
0i
#19674464
0t
0s
0r
1y
0c
0i
#19674869
1t
0s
0r
1y
0c
0i
#19675506
0t
0s
0r
1y
0c
0i
#19675909
1t
0s
0r
1y
0c
0i
#19676549
0t
0s
0r
1y
0c
0i
#19676952
1t
0s
0r
1y
0c
0i
#19677586
0t
0s
0r
1y
0c
0i
#19677992
1t
0s
0r
1y
0c
0i
#19678628
0t
0s
0r
1y
0c
0i
#19679033
1t
0s
0r
1y
0c
0i
#19679671
0t
0s
0r
1y
0c
0i
#19680074
1t
0s
0r
1y
0c
0i
#19680711
0t
0s
0r
1y
0c
0i
#19681115
1t
0s
0r
1y
0c
0i
#19681753
0t
0s
0r
1y
0c
0i
#19682156
1t
0s
0r
1y
0c
0i
#19682798
0t
0s
0r
1y
0c
0i
#19683199
1t
0s
0r
1y
0c
0i
#19683836
0t
0s
0r
1y
0c
0i
#19684240
1t
0s
0r
1y
0c
0i
#19684879
0t
0s
0r
1y
0c
0i
#19685281
1t
0s
0r
1y
0c
0i
#19685923
0t
0s
0r
1y
0c
0i
#19686324
1t
0s
0r
1y
0c
0i
#19686962
0t
0s
0r
1y
0c
0i
#19687365
1t
0s
0r
1y
0c
0i
#19688002
0t
0s
0r
1y
0c
0i
#19688406
1t
0s
0r
1y
0c
0i
#19689044
0t
0s
0r
1y
0c
0i
#19689447
1t
0s
0r
1y
0c
0i
#19690081
0t
0s
0r
1y
0c
0i
#19690485
1t
0s
0r
1y
0c
0i
#19691120
0t
0s
0r
1y
0c
0i
#19691523
1t
0s
0r
1y
0c
0i
#19692161
0t
0s
0r
1y
0c
0i
#19692563
1t
0s
0r
1y
0c
0i
#19693196
0t
0s
0r
1y
0c
0i
#19693601
1t
0s
0r
1y
0c
0i
#19694235
0t
0s
0r
1y
0c
0i
#19694638
1t
0s
0r
1y
0c
0i
#19695275
0t
0s
0r
1y
0c
0i
#19695678
1t
0s
0r
1y
0c
0i
#19696312
0t
0s
0r
1y
0c
0i
#19696716
1t
0s
0r
1y
0c
0i
#19697351
0t
0s
0r
1y
0c
0i
#19697756
1t
0s
0r
1y
0c
0i
#19698394
0t
0s
0r
1y
0c
0i
#19698799
1t
0s
0r
1y
0c
0i
#19699434
0t
0s
0r
1y
0c
0i
#19699841
1t
0s
0r
1y
0c
1i
#19700479
0t
0s
0r
1y
1c
1i
#19700886
1t
0s
0r
1y
1c
1i
#19701529
0t
0s
0r
1y
1c
1i
#19701936
1t
0s
0r
1y
1c
1i
#19702577
0t
0s
0r
1y
1c
1i
#19702986
1t
0s
0r
1y
1c
1i
#19703630
0t
0s
0r
1y
1c
1i
#19704039
1t
0s
0r
1y
1c
1i
#19704686
0t
0s
0r
1y
1c
0i
#19705094
1t
0s
0r
1y
1c
0i
#19705737
0t
0s
0r
1y
1c
0i
#19706147
1t
0s
0r
1y
1c
0i
#19706792
0t
0s
0r
1y
1c
0i
#19707200
1t
0s
0r
1y
1c
0i
#19707847
0t
0s
0r
1y
1c
0i
#19708255
1t
0s
0r
1y
1c
0i
#19708896
0t
0s
0r
1y
1c
0i
#19709306
1t
0s
0r
1y
1c
0i
#19709948
0t
0s
0r
1y
1c
0i
#19710357
1t
0s
0r
1y
1c
0i
#19711001
0t
0s
0r
1y
1c
0i
#19711409
1t
0s
0r
1y
1c
0i
#19712048
0t
0s
0r
1y
1c
0i
#19712457
1t
0s
0r
1y
1c
0i
#19713097
0t
0s
0r
1y
1c
0i
#19713505
1t
0s
0r
1y
1c
0i
#19714146
0t
0s
0r
1y
1c
0i
#19714554
1t
0s
0r
1y
1c
0i
#19715189
0t
0s
0r
1y
1c
0i
#19715598
1t
0s
0r
1y
1c
0i
#19716234
0t
0s
0r
1y
1c
0i
#19716641
1t
0s
0r
1y
1c
0i
#19717279
0t
0s
0r
1y
1c
0i
#19717685
1t
0s
0r
1y
1c
0i
#19719338
0t
0s
0r
1y
1c
0i
#19720504
1t
0s
0r
1y
1c
0i
#19721453
0t
0s
0r
1y
1c
0i
#19721846
1t
0s
0r
1y
1c
0i
#19722485
0t
0s
0r
1y
1c
0i
#19722887
1t
0s
0r
1y
1c
0i
#19723523
0t
0s
0r
1y
1c
0i
#19723927
1t
0s
0r
1y
1c
0i
#19724563
0t
0s
0r
1y
1c
0i
#19724968
1t
0s
0r
1y
1c
0i
#19725603
0t
0s
0r
1y
1c
0i
#19726007
1t
0s
0r
1y
1c
0i
#19726645
0t
0s
0r
1y
1c
0i
#19727048
1t
0s
0r
1y
1c
0i
#19727682
0t
0s
0r
1y
1c
0i
#19728086
1t
0s
0r
1y
1c
0i
#19728722
0t
0s
0r
1y
1c
0i
#19729126
1t
0s
0r
1y
1c
0i
#19729765
0t
0s
0r
1y
1c
0i
#19730170
1t
0s
0r
1y
1c
0i
#19730804
0t
0s
0r
1y
1c
0i
#19731211
1t
0s
0r
1y
1c
1i
#19731849
0t
0s
0r
1y
1c
1i
#19732256
1t
0s
0r
1y
0c
1i
#19732899
0t
0s
0r
1y
0c
1i
#19733304
1t
0s
0r
1y
0c
1i
#19733945
0t
0s
0r
1y
0c
1i
#19734354
1t
0s
0r
1y
0c
1i
#19734997
0t
0s
0r
1y
0c
1i
#19735354
0t
0s
1r
1y
0c
1i
#19735357
0t
0s
0r
1y
0c
1i
#19735406
1t
0s
0r
1y
0c
1i
#19736053
0t
0s
0r
1y
0c
0i
#19736461
1t
0s
0r
1y
0c
0i
#19737104
0t
0s
0r
1y
0c
0i
#19737514
1t
0s
0r
1y
0c
0i
#19738159
0t
0s
0r
1y
0c
0i
#19738567
1t
0s
0r
1y
0c
0i
#19739215
0t
0s
0r
1y
0c
0i
#19739622
1t
0s
0r
1y
0c
0i
#19740266
0t
0s
0r
1y
0c
0i
#19740676
1t
0s
0r
1y
0c
0i
#19741321
0t
0s
0r
1y
0c
0i
#19741730
1t
0s
0r
1y
0c
0i
#19742379
0t
0s
0r
1y
0c
0i
#19742786
1t
0s
0r
1y
0c
0i
#19743433
0t
0s
0r
1y
0c
0i
#19743842
1t
0s
0r
1y
0c
0i
#19744492
0t
0s
0r
1y
0c
0i
#19744900
1t
0s
0r
1y
0c
0i
#19745553
0t
0s
0r
1y
0c
0i
#19745960
1t
0s
0r
1y
0c
0i
#19746610
0t
0s
0r
1y
0c
0i
#19747020
1t
0s
0r
1y
0c
0i
#19747671
0t
0s
0r
1y
0c
0i
#19748081
1t
0s
0r
1y
0c
0i
#19748736
0t
0s
0r
1y
0c
0i
#19749144
1t
0s
0r
1y
0c
0i
#19749796
0t
0s
0r
1y
0c
0i
#19750206
1t
0s
0r
1y
0c
0i
#19750857
0t
0s
0r
1y
0c
0i
#19751269
1t
0s
0r
1y
0c
0i
#19751922
0t
0s
0r
1y
0c
0i
#19752331
1t
0s
0r
1y
0c
0i
#19752980
0t
0s
0r
1y
0c
0i
#19753391
1t
0s
0r
1y
0c
0i
#19754042
0t
0s
0r
1y
0c
0i
#19754452
1t
0s
0r
1y
0c
0i
#19755105
0t
0s
0r
1y
0c
0i
#19755514
1t
0s
0r
1y
0c
0i
#19756161
0t
0s
0r
1y
0c
0i
#19756574
1t
0s
0r
1y
0c
0i
#19757222
0t
0s
0r
1y
0c
0i
#19757634
1t
0s
0r
1y
0c
0i
#19758286
0t
0s
0r
1y
0c
0i
#19758696
1t
0s
0r
1y
0c
0i
#19759345
0t
0s
0r
1y
0c
0i
#19759757
1t
0s
0r
1y
0c
0i
#19760408
0t
0s
0r
1y
0c
0i
#19760821
1t
0s
0r
1y
0c
0i
#19761474
0t
0s
0r
1y
0c
0i
#19761888
1t
0s
0r
1y
0c
0i
#19762539
0t
0s
0r
1y
0c
0i
#19762954
1t
0s
0r
1y
0c
1i
#19763609
0t
0s
0r
1y
1c
1i
#19764024
1t
0s
0r
1y
1c
1i
#19764684
0t
0s
0r
1y
1c
1i
#19765098
1t
0s
0r
1y
1c
1i
#19765756
0t
0s
0r
1y
1c
1i
#19766173
1t
0s
0r
1y
1c
1i
#19766833
0t
0s
0r
1y
1c
1i
#19767251
1t
0s
0r
1y
1c
0i
#19767914
0t
0s
0r
1y
1c
0i
#19768331
1t
0s
0r
1y
1c
0i
#19768990
0t
0s
0r
1y
1c
0i
#19769408
1t
0s
0r
1y
1c
0i
#19770068
0t
0s
0r
1y
1c
0i
#19770485
1t
0s
0r
1y
1c
0i
#19771147
0t
0s
0r
1y
1c
0i
#19771563
1t
0s
0r
1y
1c
0i
#19772219
0t
0s
0r
1y
1c
0i
#19772637
1t
0s
0r
1y
1c
0i
#19773293
0t
0s
0r
1y
1c
0i
#19773711
1t
0s
0r
1y
1c
0i
#19774369
0t
0s
0r
1y
1c
0i
#19774784
1t
0s
0r
1y
1c
0i
#19775435
0t
0s
0r
1y
1c
0i
#19775851
1t
0s
0r
1y
1c
0i
#19776502
0t
0s
0r
1y
1c
0i
#19776917
1t
0s
0r
1y
1c
0i
#19777568
0t
0s
0r
1y
1c
0i
#19777981
1t
0s
0r
1y
1c
0i
#19778626
0t
0s
0r
1y
1c
0i
#19779041
1t
0s
0r
1y
1c
0i
#19779687
0t
0s
0r
1y
1c
0i
#19780100
1t
0s
0r
1y
1c
0i
#19780748
0t
0s
0r
1y
1c
0i
#19781159
1t
0s
0r
1y
1c
0i
#19782840
0t
0s
0r
1y
1c
0i
#19784025
1t
0s
0r
1y
1c
0i
#19784990
0t
0s
0r
1y
1c
0i
#19785389
1t
0s
0r
1y
1c
0i
#19786040
0t
0s
0r
1y
1c
0i
#19786448
1t
0s
0r
1y
1c
0i
#19787096
0t
0s
0r
1y
1c
0i
#19787506
1t
0s
0r
1y
1c
0i
#19788154
0t
0s
0r
1y
1c
0i
#19788566
1t
0s
0r
1y
1c
0i
#19789212
0t
0s
0r
1y
1c
0i
#19789623
1t
0s
0r
1y
1c
0i
#19790273
0t
0s
0r
1y
1c
0i
#19790682
1t
0s
0r
1y
1c
0i
#19791328
0t
0s
0r
1y
1c
0i
#19791739
1t
0s
0r
1y
1c
0i
#19792387
0t
0s
0r
1y
1c
0i
#19792797
1t
0s
0r
1y
1c
0i
#19793447
0t
0s
0r
1y
1c
0i
#19793859
1t
0s
0r
1y
1c
0i
#19794506
0t
0s
0r
1y
1c
0i
#19794920
1t
0s
0r
1y
1c
1i
#19795570
0t
0s
0r
1y
0c
1i
#19795983
1t
0s
0r
1y
0c
1i
#19796638
0t
0s
0r
1y
0c
1i
#19797050
1t
0s
0r
1y
0c
1i
#19797704
0t
0s
0r
1y
0c
1i
#19798118
1t
0s
0r
1y
0c
1i
#19798775
0t
0s
0r
1y
0c
1i
#19799190
1t
0s
0r
1y
0c
0i
#19799850
0t
0s
0r
1y
0c
0i
#19800265
1t
0s
0r
1y
0c
0i
#19800921
0t
0s
0r
1y
0c
0i
#19801337
1t
0s
0r
1y
0c
0i
#19801995
0t
0s
0r
1y
0c
0i
#19802410
1t
0s
0r
1y
0c
0i
#19803071
0t
0s
0r
1y
0c
0i
#19803484
1t
0s
0r
1y
0c
0i
#19804140
0t
0s
0r
1y
0c
0i
#19804557
1t
0s
0r
1y
0c
0i
#19805213
0t
0s
0r
1y
0c
0i
#19805628
1t
0s
0r
1y
0c
0i
#19806287
0t
0s
0r
1y
0c
0i
#19806700
1t
0s
0r
1y
0c
0i
#19807356
0t
0s
0r
1y
0c
0i
#19807769
1t
0s
0r
1y
0c
0i
#19808425
0t
0s
0r
1y
0c
0i
#19808837
1t
0s
0r
1y
0c
0i
#19809495
0t
0s
0r
1y
0c
0i
#19809905
1t
0s
0r
1y
0c
0i
#19810558
0t
0s
0r
1y
0c
0i
#19810969
1t
0s
0r
1y
0c
0i
#19811622
0t
0s
0r
1y
0c
0i
#19812033
1t
0s
0r
1y
0c
0i
#19812688
0t
0s
0r
1y
0c
0i
#19813097
1t
0s
0r
1y
0c
0i
#19813748
0t
0s
0r
1y
0c
0i
#19814159
1t
0s
0r
1y
0c
0i
#19814809
0t
0s
0r
1y
0c
0i
#19815221
1t
0s
0r
1y
0c
0i
#19815874
0t
0s
0r
1y
0c
0i
#19816284
1t
0s
0r
1y
0c
0i
#19816932
0t
0s
0r
1y
0c
0i
#19817344
1t
0s
0r
1y
0c
0i
#19817995
0t
0s
0r
1y
0c
0i
#19818406
1t
0s
0r
1y
0c
0i
#19819059
0t
0s
0r
1y
0c
0i
#19819469
1t
0s
0r
1y
0c
0i
#19820119
0t
0s
0r
1y
0c
0i
#19820531
1t
0s
0r
1y
0c
0i
#19821181
0t
0s
0r
1y
0c
0i
#19821594
1t
0s
0r
1y
0c
0i
#19822247
0t
0s
0r
1y
0c
0i
#19822658
1t
0s
0r
1y
0c
0i
#19823308
0t
0s
0r
1y
0c
0i
#19823721
1t
0s
0r
1y
0c
0i
#19824373
0t
0s
0r
1y
0c
0i
#19824786
1t
0s
0r
1y
0c
0i
#19825440
0t
0s
0r
1y
0c
0i
#19825855
1t
0s
0r
1y
0c
0i
#19826506
0t
0s
0r
1y
0c
0i
#19826922
1t
0s
0r
1y
0c
1i
#19827576
0t
0s
0r
1y
1c
1i
#19827992
1t
0s
0r
1y
1c
1i
#19828651
0t
0s
0r
1y
1c
1i
#19829066
1t
0s
0r
1y
1c
1i
#19829724
0t
0s
0r
1y
1c
1i
#19830141
1t
0s
0r
1y
1c
1i
#19830801
0t
0s
0r
1y
1c
1i
#19831218
1t
0s
0r
1y
1c
0i
#19831882
0t
0s
0r
1y
1c
0i
#19832298
1t
0s
0r
1y
1c
0i
#19832958
0t
0s
0r
1y
1c
0i
#19833376
1t
0s
0r
1y
1c
0i
#19834036
0t
0s
0r
1y
1c
0i
#19834453
1t
0s
0r
1y
1c
0i
#19835116
0t
0s
0r
1y
1c
0i
#19835532
1t
0s
0r
1y
1c
0i
#19836188
0t
0s
0r
1y
1c
0i
#19836607
1t
0s
0r
1y
1c
0i
#19837263
0t
0s
0r
1y
1c
0i
#19837681
1t
0s
0r
1y
1c
0i
#19838340
0t
0s
0r
1y
1c
0i
#19838755
1t
0s
0r
1y
1c
0i
#19839408
0t
0s
0r
1y
1c
0i
#19839824
1t
0s
0r
1y
1c
0i
#19840477
0t
0s
0r
1y
1c
0i
#19840891
1t
0s
0r
1y
1c
0i
#19841544
0t
0s
0r
1y
1c
0i
#19841958
1t
0s
0r
1y
1c
0i
#19842606
0t
0s
0r
1y
1c
0i
#19843021
1t
0s
0r
1y
1c
0i
#19843668
0t
0s
0r
1y
1c
0i
#19844082
1t
0s
0r
1y
1c
0i
#19844732
0t
0s
0r
1y
1c
0i
#19845144
1t
0s
0r
1y
1c
0i
#19846827
0t
0s
0r
1y
1c
0i
#19848014
1t
0s
0r
1y
1c
0i
#19848981
0t
0s
0r
1y
1c
0i
#19849380
1t
0s
0r
1y
1c
0i
#19850032
0t
0s
0r
1y
1c
0i
#19850441
1t
0s
0r
1y
1c
0i
#19851091
0t
0s
0r
1y
1c
0i
#19851501
1t
0s
0r
1y
1c
0i
#19852150
0t
0s
0r
1y
1c
0i
#19852562
1t
0s
0r
1y
1c
0i
#19853210
0t
0s
0r
1y
1c
0i
#19853621
1t
0s
0r
1y
1c
0i
#19854273
0t
0s
0r
1y
1c
0i
#19854682
1t
0s
0r
1y
1c
0i
#19855329
0t
0s
0r
1y
1c
0i
#19855741
1t
0s
0r
1y
1c
0i
#19856390
0t
0s
0r
1y
1c
0i
#19856801
1t
0s
0r
1y
1c
0i
#19857453
0t
0s
0r
1y
1c
0i
#19857865
1t
0s
0r
1y
1c
0i
#19858514
0t
0s
0r
1y
1c
0i
#19858927
1t
0s
0r
1y
1c
1i
#19859579
0t
0s
0r
1y
0c
1i
#19859992
1t
0s
0r
1y
0c
1i
#19860650
0t
0s
0r
1y
0c
1i
#19861062
1t
0s
0r
1y
0c
1i
#19861717
0t
0s
0r
1y
0c
1i
#19862132
1t
0s
0r
1y
0c
1i
#19862790
0t
0s
0r
1y
0c
1i
#19863206
1t
0s
0r
1y
0c
1i
#19863389
1t
0s
1r
1y
0c
0i
#19863391
1t
0s
0r
1y
0c
0i
#19863867
0t
0s
0r
1y
0c
0i
#19864282
1t
0s
0r
1y
0c
0i
#19864939
0t
0s
0r
1y
0c
0i
#19865355
1t
0s
0r
1y
0c
0i
#19866014
0t
0s
0r
1y
0c
0i
#19866429
1t
0s
0r
1y
0c
0i
#19867090
0t
0s
0r
1y
0c
0i
#19867503
1t
0s
0r
1y
0c
0i
#19868157
0t
0s
0r
1y
0c
0i
#19868573
1t
0s
0r
1y
0c
0i
#19869226
0t
0s
0r
1y
0c
0i
#19869638
1t
0s
0r
1y
0c
0i
#19870291
0t
0s
0r
1y
0c
0i
#19870700
1t
0s
0r
1y
0c
0i
#19871348
0t
0s
0r
1y
0c
0i
#19871756
1t
0s
0r
1y
0c
0i
#19872402
0t
0s
0r
1y
0c
0i
#19872809
1t
0s
0r
1y
0c
0i
#19873457
0t
0s
0r
1y
0c
0i
#19873861
1t
0s
0r
1y
0c
0i
#19874505
0t
0s
0r
1y
0c
0i
#19874910
1t
0s
0r
1y
0c
0i
#19875554
0t
0s
0r
1y
0c
0i
#19875959
1t
0s
0r
1y
0c
0i
#19876607
0t
0s
0r
1y
0c
0i
#19877011
1t
0s
0r
1y
0c
0i
#19877654
0t
0s
0r
1y
0c
0i
#19878061
1t
0s
0r
1y
0c
0i
#19878705
0t
0s
0r
1y
0c
0i
#19879113
1t
0s
0r
1y
0c
0i
#19879759
0t
0s
0r
1y
0c
0i
#19880166
1t
0s
0r
1y
0c
0i
#19880809
0t
0s
0r
1y
0c
0i
#19881217
1t
0s
0r
1y
0c
0i
#19881862
0t
0s
0r
1y
0c
0i
#19882270
1t
0s
0r
1y
0c
0i
#19882917
0t
0s
0r
1y
0c
0i
#19883324
1t
0s
0r
1y
0c
0i
#19883967
0t
0s
0r
1y
0c
0i
#19884376
1t
0s
0r
1y
0c
0i
#19885020
0t
0s
0r
1y
0c
0i
#19885428
1t
0s
0r
1y
0c
0i
#19886075
0t
0s
0r
1y
0c
0i
#19886483
1t
0s
0r
1y
0c
0i
#19887126
0t
0s
0r
1y
0c
0i
#19887535
1t
0s
0r
1y
0c
0i
#19888180
0t
0s
0r
1y
0c
0i
#19888590
1t
0s
0r
1y
0c
0i
#19889237
0t
0s
0r
1y
0c
0i
#19889648
1t
0s
0r
1y
0c
0i
#19890292
0t
0s
0r
1y
0c
0i
#19890704
1t
0s
0r
1y
0c
1i
#19891352
0t
0s
0r
1y
1c
1i
#19891764
1t
0s
0r
1y
1c
1i
#19892418
0t
0s
0r
1y
1c
1i
#19892829
1t
0s
0r
1y
1c
1i
#19893480
0t
0s
0r
1y
1c
1i
#19893894
1t
0s
0r
1y
1c
1i
#19894548
0t
0s
0r
1y
1c
1i
#19894962
1t
0s
0r
1y
1c
1i
#19895620
0t
0s
0r
1y
1c
0i
#19896033
1t
0s
0r
1y
1c
0i
#19896688
0t
0s
0r
1y
1c
0i
#19897102
1t
0s
0r
1y
1c
0i
#19897757
0t
0s
0r
1y
1c
0i
#19898171
1t
0s
0r
1y
1c
0i
#19898828
0t
0s
0r
1y
1c
0i
#19899241
1t
0s
0r
1y
1c
0i
#19899891
0t
0s
0r
1y
1c
0i
#19900306
1t
0s
0r
1y
1c
0i
#19900955
0t
0s
0r
1y
1c
0i
#19901368
1t
0s
0r
1y
1c
0i
#19902017
0t
0s
0r
1y
1c
0i
#19902428
1t
0s
0r
1y
1c
0i
#19903070
0t
0s
0r
1y
1c
0i
#19903480
1t
0s
0r
1y
1c
0i
#19904121
0t
0s
0r
1y
1c
0i
#19904530
1t
0s
0r
1y
1c
0i
#19905170
0t
0s
0r
1y
1c
0i
#19905578
1t
0s
0r
1y
1c
0i
#19906213
0t
0s
0r
1y
1c
0i
#19906622
1t
0s
0r
1y
1c
0i
#19907258
0t
0s
0r
1y
1c
0i
#19907666
1t
0s
0r
1y
1c
0i
#19908305
0t
0s
0r
1y
1c
0i
#19908710
1t
0s
0r
1y
1c
0i
#19910367
0t
0s
0r
1y
1c
0i
#19911538
1t
0s
0r
1y
1c
0i
#19912488
0t
0s
0r
1y
1c
0i
#19912882
1t
0s
0r
1y
1c
0i
#19913523
0t
0s
0r
1y
1c
0i
#19913928
1t
0s
0r
1y
1c
0i
#19914566
0t
0s
0r
1y
1c
0i
#19914972
1t
0s
0r
1y
1c
0i
#19915610
0t
0s
0r
1y
1c
0i
#19916017
1t
0s
0r
1y
1c
0i
#19916655
0t
0s
0r
1y
1c
0i
#19917060
1t
0s
0r
1y
1c
0i
#19917700
0t
0s
0r
1y
1c
0i
#19918105
1t
0s
0r
1y
1c
0i
#19918742
0t
0s
0r
1y
1c
0i
#19919147
1t
0s
0r
1y
1c
0i
#19919786
0t
0s
0r
1y
1c
0i
#19920192
1t
0s
0r
1y
1c
0i
#19920832
0t
0s
0r
1y
1c
0i
#19921239
1t
0s
0r
1y
1c
0i
#19921876
0t
0s
0r
1y
1c
0i
#19922285
1t
0s
0r
1y
1c
1i
#19922926
0t
0s
0r
1y
0c
1i
#19923334
1t
0s
0r
1y
0c
1i
#19923979
0t
0s
0r
1y
0c
1i
#19924387
1t
0s
0r
1y
0c
1i
#19925031
0t
0s
0r
1y
0c
1i
#19925440
1t
0s
0r
1y
0c
1i
#19926087
0t
0s
0r
1y
0c
1i
#19926497
1t
0s
0r
1y
0c
1i
#19927147
0t
0s
0r
1y
0c
0i
#19927556
1t
0s
0r
1y
0c
0i
#19928203
0t
0s
0r
1y
0c
0i
#19928613
1t
0s
0r
1y
0c
0i
#19929261
0t
0s
0r
1y
0c
0i
#19929670
1t
0s
0r
1y
0c
0i
#19930320
0t
0s
0r
1y
0c
0i
#19930728
1t
0s
0r
1y
0c
0i
#19931373
0t
0s
0r
1y
0c
0i
#19931783
1t
0s
0r
1y
0c
0i
#19932427
0t
0s
0r
1y
0c
0i
#19932835
1t
0s
0r
1y
0c
0i
#19933481
0t
0s
0r
1y
0c
0i
#19933887
1t
0s
0r
1y
0c
0i
#19934528
0t
0s
0r
1y
0c
0i
#19934933
1t
0s
0r
1y
0c
0i
#19935574
0t
0s
0r
1y
0c
0i
#19935978
1t
0s
0r
1y
0c
0i
#19936620
0t
0s
0r
1y
0c
0i
#19937021
1t
0s
0r
1y
0c
0i
#19937658
0t
0s
0r
1y
0c
0i
#19938061
1t
0s
0r
1y
0c
0i
#19938698
0t
0s
0r
1y
0c
0i
#19939100
1t
0s
0r
1y
0c
0i
#19939740
0t
0s
0r
1y
0c
0i
#19940141
1t
0s
0r
1y
0c
0i
#19940777
0t
0s
0r
1y
0c
0i
#19941180
1t
0s
0r
1y
0c
0i
#19941816
0t
0s
0r
1y
0c
0i
#19942220
1t
0s
0r
1y
0c
0i
#19942858
0t
0s
0r
1y
0c
0i
#19943261
1t
0s
0r
1y
0c
0i
#19943895
0t
0s
0r
1y
0c
0i
#19944300
1t
0s
0r
1y
0c
0i
#19944936
0t
0s
0r
1y
0c
0i
#19945340
1t
0s
0r
1y
0c
0i
#19945978
0t
0s
0r
1y
0c
0i
#19946381
1t
0s
0r
1y
0c
0i
#19947015
0t
0s
0r
1y
0c
0i
#19947421
1t
0s
0r
1y
0c
0i
#19948055
0t
0s
0r
1y
0c
0i
#19948460
1t
0s
0r
1y
0c
0i
#19949098
0t
0s
0r
1y
0c
0i
#19949502
1t
0s
0r
1y
0c
0i
#19950137
0t
0s
0r
1y
0c
0i
#19950541
1t
0s
0r
1y
0c
0i
#19951178
0t
0s
0r
1y
0c
0i
#19951583
1t
0s
0r
1y
0c
0i
#19952222
0t
0s
0r
1y
0c
0i
#19952628
1t
0s
0r
1y
0c
0i
#19953263
0t
0s
0r
1y
0c
0i
#19953671
1t
0s
0r
1y
0c
1i
#19954310
0t
0s
0r
1y
1c
1i
#19954718
1t
0s
0r
1y
1c
1i
#19955362
0t
0s
0r
1y
1c
1i
#19955769
1t
0s
0r
1y
1c
1i
#19956411
0t
0s
0r
1y
1c
1i
#19956821
1t
0s
0r
1y
1c
1i
#19957466
0t
0s
0r
1y
1c
1i
#19957876
1t
0s
0r
1y
1c
1i
#19958525
0t
0s
0r
1y
1c
0i
#19958933
1t
0s
0r
1y
1c
0i
#19959578
0t
0s
0r
1y
1c
0i
#19959988
1t
0s
0r
1y
1c
0i
#19960635
0t
0s
0r
1y
1c
0i
#19961044
1t
0s
0r
1y
1c
0i
#19961693
0t
0s
0r
1y
1c
0i
#19962101
1t
0s
0r
1y
1c
0i
#19962743
0t
0s
0r
1y
1c
0i
#19963155
1t
0s
0r
1y
1c
0i
#19963797
0t
0s
0r
1y
1c
0i
#19964207
1t
0s
0r
1y
1c
0i
#19964850
0t
0s
0r
1y
1c
0i
#19965258
1t
0s
0r
1y
1c
0i
#19965896
0t
0s
0r
1y
1c
0i
#19966305
1t
0s
0r
1y
1c
0i
#19966942
0t
0s
0r
1y
1c
0i
#19967349
1t
0s
0r
1y
1c
0i
#19967987
0t
0s
0r
1y
1c
0i
#19968393
1t
0s
0r
1y
1c
0i
#19969025
0t
0s
0r
1y
1c
0i
#19969432
1t
0s
0r
1y
1c
0i
#19970064
0t
0s
0r
1y
1c
0i
#19970470
1t
0s
0r
1y
1c
0i
#19971104
0t
0s
0r
1y
1c
0i
#19971508
1t
0s
0r
1y
1c
0i
#19973154
0t
0s
0r
1y
1c
0i
#19974315
1t
0s
0r
1y
1c
0i
#19975260
0t
0s
0r
1y
1c
0i
#19975652
1t
0s
0r
1y
1c
0i
#19976287
0t
0s
0r
1y
1c
0i
#19976689
1t
0s
0r
1y
1c
0i
#19977323
0t
0s
0r
1y
1c
0i
#19977725
1t
0s
0r
1y
1c
0i
#19978359
0t
0s
0r
1y
1c
0i
#19978763
1t
0s
0r
1y
1c
0i
#19979395
0t
0s
0r
1y
1c
0i
#19979798
1t
0s
0r
1y
1c
0i
#19980433
0t
0s
0r
1y
1c
0i
#19980835
1t
0s
0r
1y
1c
0i
#19981467
0t
0s
0r
1y
1c
0i
#19981870
1t
0s
0r
1y
1c
0i
#19982504
0t
0s
0r
1y
1c
0i
#19982907
1t
0s
0r
1y
1c
0i
#19983542
0t
0s
0r
1y
1c
0i
#19983946
1t
0s
0r
1y
1c
0i
#19984579
0t
0s
0r
1y
1c
0i
#19984984
1t
0s
0r
1y
1c
0i
#19985620
0t
0s
0r
1y
0c
1i
#19986025
1t
0s
0r
1y
0c
1i
#19986666
0t
0s
0r
1y
0c
1i
#19987070
1t
0s
0r
1y
0c
1i
#19987709
0t
0s
0r
1y
0c
1i
#19988115
1t
0s
0r
1y
0c
1i
#19988756
0t
0s
0r
1y
0c
1i
#19989163
1t
0s
0r
1y
0c
1i
#19989411
1t
0s
1r
1y
0c
1i
#19989413
1t
0s
0r
1y
0c
1i
#19989808
0t
0s
0r
1y
0c
0i
#19990214
1t
0s
0r
1y
0c
0i
#19990855
0t
0s
0r
1y
0c
0i
#19991263
1t
0s
0r
1y
0c
0i
#19991905
0t
0s
0r
1y
0c
0i
#19992312
1t
0s
0r
1y
0c
0i
#19992957
0t
0s
0r
1y
0c
0i
#19993361
1t
0s
0r
1y
0c
0i
#19994000
0t
0s
0r
1y
0c
0i
#19994408
1t
0s
0r
1y
0c
0i
#19995047
0t
0s
0r
1y
0c
0i
#19995451
1t
0s
0r
1y
0c
0i
#19996090
0t
0s
0r
1y
0c
0i
#19996492
1t
0s
0r
1y
0c
0i
#19997126
0t
0s
0r
1y
0c
0i
#19997528
1t
0s
0r
1y
0c
0i
#19998162
0t
0s
0r
1y
0c
0i
#19998561
1t
0s
0r
1y
0c
0i
#19999197
0t
0s
0r
1y
0c
0i
#19999594
1t
0s
0r
1y
0c
0i
#20000224
0t
0s
0r
1y
0c
0i
#20000623
1t
0s
0r
1y
0c
0i
#20001254
0t
0s
0r
1y
0c
0i
#20001653
1t
0s
0r
1y
0c
0i
#20002287
0t
0s
0r
1y
0c
0i
#20002684
1t
0s
0r
1y
0c
0i
#20003314
0t
0s
0r
1y
0c
0i
#20003714
1t
0s
0r
1y
0c
0i
#20004344
0t
0s
0r
1y
0c
0i
#20004745
1t
0s
0r
1y
0c
0i
#20005378
0t
0s
0r
1y
0c
0i
#20005777
1t
0s
0r
1y
0c
0i
#20006406
0t
0s
0r
1y
0c
0i
#20006807
1t
0s
0r
1y
0c
0i
#20007438
0t
0s
0r
1y
0c
0i
#20007839
1t
0s
0r
1y
0c
0i
#20008472
0t
0s
0r
1y
0c
0i
#20008872
1t
0s
0r
1y
0c
0i
#20009501
0t
0s
0r
1y
0c
0i
#20009903
1t
0s
0r
1y
0c
0i
#20010533
0t
0s
0r
1y
0c
0i
#20010935
1t
0s
0r
1y
0c
0i
#20011568
0t
0s
0r
1y
0c
0i
#20011969
1t
0s
0r
1y
0c
0i
#20012598
0t
0s
0r
1y
0c
0i
#20013001
1t
0s
0r
1y
0c
0i
#20013632
0t
0s
0r
1y
0c
0i
#20014034
1t
0s
0r
1y
0c
0i
#20014667
0t
0s
0r
1y
0c
0i
#20015071
1t
0s
0r
1y
0c
0i
#20015701
0t
0s
0r
1y
0c
0i
#20016107
1t
0s
0r
1y
0c
0i
#20016740
0t
0s
0r
1y
1c
1i
#20017145
1t
0s
0r
1y
1c
1i
#20017784
0t
0s
0r
1y
1c
1i
#20018188
1t
0s
0r
1y
1c
1i
#20018824
0t
0s
0r
1y
1c
1i
#20019231
1t
0s
0r
1y
1c
1i
#20019870
0t
0s
0r
1y
1c
1i
#20020277
1t
0s
0r
1y
1c
1i
#20020920
0t
0s
0r
1y
1c
0i
#20021326
1t
0s
0r
1y
1c
0i
#20021964
0t
0s
0r
1y
1c
0i
#20022372
1t
0s
0r
1y
1c
0i
#20023012
0t
0s
0r
1y
1c
0i
#20023419
1t
0s
0r
1y
1c
0i
#20024061
0t
0s
0r
1y
1c
0i
#20024467
1t
0s
0r
1y
1c
0i
#20025105
0t
0s
0r
1y
1c
0i
#20025514
1t
0s
0r
1y
1c
0i
#20026153
0t
0s
0r
1y
1c
0i
#20026562
1t
0s
0r
1y
1c
0i
#20027205
0t
0s
0r
1y
1c
0i
#20027613
1t
0s
0r
1y
1c
0i
#20028254
0t
0s
0r
1y
1c
0i
#20028664
1t
0s
0r
1y
1c
0i
#20029307
0t
0s
0r
1y
1c
0i
#20029718
1t
0s
0r
1y
1c
0i
#20030365
0t
0s
0r
1y
1c
0i
#20030777
1t
0s
0r
1y
1c
0i
#20031422
0t
0s
0r
1y
1c
0i
#20031836
1t
0s
0r
1y
1c
0i
#20032485
0t
0s
0r
1y
1c
0i
#20032900
1t
0s
0r
1y
1c
0i
#20033553
0t
0s
0r
1y
1c
0i
#20033967
1t
0s
0r
1y
1c
0i
#20035669
0t
0s
0r
1y
1c
0i
#20036870
1t
0s
0r
1y
1c
0i
#20037851
0t
0s
0r
1y
1c
0i
#20038256
1t
0s
0r
1y
1c
0i
#20038919
0t
0s
0r
1y
1c
0i
#20039336
1t
0s
0r
1y
1c
0i
#20039997
0t
0s
0r
1y
1c
0i
#20040415
1t
0s
0r
1y
1c
0i
#20041078
0t
0s
0r
1y
1c
0i
#20041498
1t
0s
0r
1y
1c
0i
#20042161
0t
0s
0r
1y
1c
0i
#20042580
1t
0s
0r
1y
1c
0i
#20043248
0t
0s
0r
1y
1c
0i
#20043666
1t
0s
0r
1y
1c
0i
#20044331
0t
0s
0r
1y
1c
0i
#20044751
1t
0s
0r
1y
1c
0i
#20045419
0t
0s
0r
1y
1c
0i
#20045840
1t
0s
0r
1y
1c
0i
#20046511
0t
0s
0r
1y
1c
0i
#20046933
1t
0s
0r
1y
1c
0i
#20047602
0t
0s
0r
1y
1c
0i
#20048027
1t
0s
0r
1y
1c
0i
#20048700
0t
0s
0r
1y
1c
0i
#20049123
1t
0s
0r
1y
1c
0i
#20049801
0t
0s
0r
1y
1c
0i
#20050225
1t
0s
0r
1y
1c
0i
#20050901
0t
0s
0r
1y
1c
0i
#20051327
1t
0s
0r
1y
1c
0i
#20052005
0t
0s
0r
1y
0c
0i
#20052432
1t
0s
0r
1y
0c
0i
#20053115
0t
0s
0r
1y
0c
0i
#20053539
1t
0s
0r
1y
0c
0i
#20054217
0t
0s
0r
1y
0c
0i
#20054643
1t
0s
0r
1y
0c
0i
#20055322
0t
0s
0r
1y
0c
0i
#20055747
1t
0s
0r
1y
0c
0i
#20056428
0t
0s
0r
1y
0c
0i
#20056851
1t
0s
0r
1y
0c
0i
#20057527
0t
0s
0r
1y
0c
0i
#20057954
1t
0s
0r
1y
0c
0i
#20058631
0t
0s
0r
1y
0c
0i
#20059057
1t
0s
0r
1y
0c
0i
#20059739
0t
0s
0r
1y
0c
0i
#20060163
1t
0s
0r
1y
0c
0i
#20060843
0t
0s
0r
1y
0c
0i
#20061270
1t
0s
0r
1y
0c
0i
#20061954
0t
0s
0r
1y
0c
0i
#20062380
1t
0s
0r
1y
0c
0i
#20063071
0t
0s
0r
1y
0c
0i
#20063496
1t
0s
0r
1y
0c
0i
#20064184
0t
0s
0r
1y
0c
0i
#20064613
1t
0s
0r
1y
0c
0i
#20065306
0t
0s
0r
1y
0c
0i
#20065735
1t
0s
0r
1y
0c
0i
#20066433
0t
0s
0r
1y
0c
0i
#20066863
1t
0s
0r
1y
0c
0i
#20067559
0t
0s
0r
1y
0c
0i
#20067992
1t
0s
0r
1y
0c
0i
#20068690
0t
0s
0r
1y
0c
0i
#20069126
1t
0s
0r
1y
0c
0i
#20069828
0t
0s
0r
1y
0c
0i
#20070262
1t
0s
0r
1y
0c
0i
#20070961
0t
0s
0r
1y
0c
0i
#20071398
1t
0s
0r
1y
0c
0i
#20072101
0t
0s
0r
1y
0c
0i
#20072538
1t
0s
0r
1y
0c
0i
#20073245
0t
0s
0r
1y
0c
0i
#20073681
1t
0s
0r
1y
0c
0i
#20074384
0t
0s
0r
1y
0c
0i
#20074824
1t
0s
0r
1y
0c
0i
#20075529
0t
0s
0r
1y
0c
0i
#20075969
1t
0s
0r
1y
0c
0i
#20076679
0t
0s
0r
1y
0c
0i
#20077118
1t
0s
0r
1y
0c
0i
#20077825
0t
0s
0r
1y
0c
0i
#20078267
1t
0s
0r
1y
0c
0i
#20078978
0t
0s
0r
1y
0c
0i
#20079420
1t
0s
0r
1y
0c
0i
#20080135
0t
0s
0r
1y
0c
0i
#20080580
1t
0s
0r
1y
0c
0i
#20081292
0t
0s
0r
1y
0c
0i
#20081738
1t
0s
0r
1y
0c
0i
#20082456
0t
0s
0r
1y
0c
0i
#20082903
1t
0s
0r
1y
0c
0i
#20083627
0t
0s
0r
1y
0c
0i
#20084073
1t
0s
0r
1y
0c
0i
#20084797
0t
0s
0r
1y
0c
0i
#20085246
1t
0s
0r
1y
0c
0i
#20085972
0t
0s
0r
1y
1c
0i
#20086422
1t
0s
0r
1y
1c
0i
#20087152
0t
0s
0r
1y
1c
0i
#20087601
1t
0s
0r
1y
1c
0i
#20088326
0t
0s
0r
1y
1c
0i
#20088777
1t
0s
0r
1y
1c
0i
#20089503
0t
0s
0r
1y
1c
0i
#20089953
1t
0s
0r
1y
1c
0i
#20090682
0t
0s
0r
1y
1c
0i
#20091130
1t
0s
0r
1y
1c
0i
#20091852
0t
0s
0r
1y
1c
0i
#20092305
1t
0s
0r
1y
1c
0i
#20093029
0t
0s
0r
1y
1c
0i
#20093481
1t
0s
0r
1y
1c
0i
#20094209
0t
0s
0r
1y
1c
0i
#20094660
1t
0s
0r
1y
1c
0i
#20095386
0t
0s
0r
1y
1c
0i
#20095840
1t
0s
0r
1y
1c
0i
#20096571
0t
0s
0r
1y
1c
0i
#20097025
1t
0s
0r
1y
1c
0i
#20097760
0t
0s
0r
1y
1c
0i
#20098216
1t
0s
0r
1y
1c
0i
#20098949
0t
0s
0r
1y
1c
0i
#20099409
1t
0s
0r
1y
1c
0i
#20100147
0t
0s
0r
1y
1c
0i
#20100608
1t
0s
0r
1y
1c
0i
#20101352
0t
0s
0r
1y
1c
0i
#20101812
1t
0s
0r
1y
1c
0i
#20103742
0t
0s
0r
1y
1c
0i
#20105087
1t
0s
0r
1y
1c
0i
#20106208
0t
0s
0r
1y
1c
0i
#20106659
1t
0s
0r
1y
1c
0i
#20107417
0t
0s
0r
1y
1c
0i
#20107880
1t
0s
0r
1y
1c
0i
#20108637
0t
0s
0r
1y
1c
0i
#20109102
1t
0s
0r
1y
1c
0i
#20109860
0t
0s
0r
1y
1c
0i
#20110328
1t
0s
0r
1y
1c
0i
#20111087
0t
0s
0r
1y
1c
0i
#20111555
1t
0s
0r
1y
1c
0i
#20112320
0t
0s
0r
1y
1c
0i
#20112787
1t
0s
0r
1y
1c
0i
#20113549
0t
0s
0r
1y
1c
0i
#20114019
1t
0s
0r
1y
1c
0i
#20114786
0t
0s
0r
1y
1c
0i
#20115255
1t
0s
0r
1y
1c
0i
#20116028
0t
0s
0r
1y
1c
0i
#20116500
1t
0s
0r
1y
1c
0i
#20117270
0t
0s
0r
1y
1c
0i
#20117745
1t
0s
0r
1y
1c
0i
#20118521
0t
0s
0r
1y
1c
0i
#20118996
1t
0s
0r
1y
1c
0i
#20119779
0t
0s
0r
1y
1c
0i
#20120254
1t
0s
0r
1y
1c
0i
#20120714
1t
0s
1r
1y
1c
0i
#20120716
1t
0s
0r
1y
1c
0i
#20121036
0t
0s
0r
1y
1c
0i
#20121514
1t
0s
0r
1y
1c
0i
#20122299
0t
0s
0r
1y
0c
0i
#20122778
1t
0s
0r
1y
0c
0i
#20123568
0t
0s
0r
1y
0c
0i
#20124046
1t
0s
0r
1y
0c
0i
#20124830
0t
0s
0r
1y
0c
0i
#20125309
1t
0s
0r
1y
0c
0i
#20126095
0t
0s
0r
1y
0c
0i
#20126572
1t
0s
0r
1y
0c
0i
#20127361
0t
0s
0r
1y
0c
0i
#20127836
1t
0s
0r
1y
0c
0i
#20128619
0t
0s
0r
1y
0c
0i
#20129098
1t
0s
0r
1y
0c
0i
#20129883
0t
0s
0r
1y
0c
0i
#20130362
1t
0s
0r
1y
0c
0i
#20131153
0t
0s
0r
1y
0c
0i
#20131630
1t
0s
0r
1y
0c
0i
#20132420
0t
0s
0r
1y
0c
0i
#20132899
1t
0s
0r
1y
0c
0i
#20133694
0t
0s
0r
1y
0c
0i
#20134174
1t
0s
0r
1y
0c
0i
#20134976
0t
0s
0r
1y
0c
0i
#20135456
1t
0s
0r
1y
0c
0i
#20136256
0t
0s
0r
1y
0c
0i
#20136740
1t
0s
0r
1y
0c
0i
#20137546
0t
0s
0r
1y
0c
0i
#20138030
1t
0s
0r
1y
0c
0i
#20138843
0t
0s
0r
1y
0c
0i
#20139327
1t
0s
0r
1y
0c
0i
#20140138
0t
0s
0r
1y
0c
0i
#20140626
1t
0s
0r
1y
0c
0i
#20141440
0t
0s
0r
1y
0c
0i
#20141931
1t
0s
0r
1y
0c
0i
#20142750
0t
0s
0r
1y
0c
0i
#20143240
1t
0s
0r
1y
0c
0i
#20144056
0t
0s
0r
1y
0c
0i
#20144550
1t
0s
0r
1y
0c
0i
#20145370
0t
0s
0r
1y
0c
0i
#20145864
1t
0s
0r
1y
0c
0i
#20146691
0t
0s
0r
1y
0c
0i
#20147185
1t
0s
0r
1y
0c
0i
#20148007
0t
0s
0r
1y
0c
0i
#20148507
1t
0s
0r
1y
0c
0i
#20149334
0t
0s
0r
1y
0c
0i
#20149833
1t
0s
0r
1y
0c
0i
#20150667
0t
0s
0r
1y
0c
0i
#20151166
1t
0s
0r
1y
0c
0i
#20151999
0t
0s
0r
1y
0c
0i
#20152502
1t
0s
0r
1y
0c
0i
#20153339
0t
0s
0r
1y
0c
0i
#20153844
1t
0s
0r
1y
0c
0i
#20154688
0t
0s
0r
1y
0c
0i
#20155196
1t
0s
0r
1y
0c
0i
#20156038
0t
0s
0r
1y
0c
0i
#20156549
1t
0s
0r
1y
0c
0i
#20157400
0t
0s
0r
1y
0c
0i
#20157911
1t
0s
0r
1y
0c
0i
#20158770
0t
0s
0r
1y
0c
0i
#20159282
1t
0s
0r
1y
0c
0i
#20160141
0t
0s
0r
1y
0c
0i
#20160656
1t
0s
0r
1y
0c
0i
#20161519
0t
0s
0r
1y
1c
0i
#20162035
1t
0s
0r
1y
1c
0i
#20162904
0t
0s
0r
1y
1c
0i
#20163418
1t
0s
0r
1y
1c
0i
#20164280
0t
0s
0r
1y
1c
0i
#20164796
1t
0s
0r
1y
1c
0i
#20165658
0t
0s
0r
1y
1c
0i
#20166174
1t
0s
0r
1y
1c
0i
#20167038
0t
0s
0r
1y
1c
0i
#20167552
1t
0s
0r
1y
1c
0i
#20168410
0t
0s
0r
1y
1c
0i
#20168929
1t
0s
0r
1y
1c
0i
#20169789
0t
0s
0r
1y
1c
0i
#20170307
1t
0s
0r
1y
1c
0i
#20171173
0t
0s
0r
1y
1c
0i
#20171690
1t
0s
0r
1y
1c
0i
#20172554
0t
0s
0r
1y
1c
0i
#20173075
1t
0s
0r
1y
1c
0i
#20173944
0t
0s
0r
1y
1c
0i
#20174467
1t
0s
0r
1y
1c
0i
#20175344
0t
0s
0r
1y
1c
0i
#20175868
1t
0s
0r
1y
1c
0i
#20176742
0t
0s
0r
1y
1c
0i
#20177271
1t
0s
0r
1y
1c
0i
#20178152
0t
0s
0r
1y
1c
0i
#20178681
1t
0s
0r
1y
1c
0i
#20179569
0t
0s
0r
1y
1c
0i
#20180098
1t
0s
0r
1y
1c
0i
#20182383
0t
0s
0r
1y
1c
0i
#20183947
1t
0s
0r
1y
1c
0i
#20185286
0t
0s
0r
1y
1c
0i
#20185806
1t
0s
0r
1y
1c
0i
#20186708
0t
0s
0r
1y
1c
0i
#20187247
1t
0s
0r
1y
1c
0i
#20188153
0t
0s
0r
1y
1c
0i
#20188692
1t
0s
0r
1y
1c
0i
#20189601
0t
0s
0r
1y
1c
0i
#20190144
1t
0s
0r
1y
1c
0i
#20191057
0t
0s
0r
1y
1c
0i
#20191601
1t
0s
0r
1y
1c
0i
#20192522
0t
0s
0r
1y
1c
0i
#20193066
1t
0s
0r
1y
1c
0i
#20193986
0t
0s
0r
1y
1c
0i
#20194535
1t
0s
0r
1y
1c
0i
#20195462
0t
0s
0r
1y
1c
0i
#20196013
1t
0s
0r
1y
1c
0i
#20196948
0t
0s
0r
1y
1c
0i
#20197502
1t
0s
0r
1y
1c
0i
#20198436
0t
0s
0r
1y
1c
0i
#20198995
1t
0s
0r
1y
1c
0i
#20199937
0t
0s
0r
1y
1c
0i
#20200498
1t
0s
0r
1y
1c
0i
#20201449
0t
0s
0r
1y
1c
0i
#20202010
1t
0s
0r
1y
1c
0i
#20202960
0t
0s
0r
1y
0c
0i
#20203527
1t
0s
0r
1y
0c
0i
#20204482
0t
0s
0r
1y
0c
0i
#20205050
1t
0s
0r
1y
0c
0i
#20206010
0t
0s
0r
1y
0c
0i
#20206576
1t
0s
0r
1y
0c
0i
#20207529
0t
0s
0r
1y
0c
0i
#20208097
1t
0s
0r
1y
0c
0i
#20209051
0t
0s
0r
1y
0c
0i
#20209617
1t
0s
0r
1y
0c
0i
#20210574
0t
0s
0r
1y
0c
0i
#20211138
1t
0s
0r
1y
0c
0i
#20212089
0t
0s
0r
1y
0c
0i
#20212657
1t
0s
0r
1y
0c
0i
#20213612
0t
0s
0r
1y
0c
0i
#20214179
1t
0s
0r
1y
0c
0i
#20215141
0t
0s
0r
1y
0c
0i
#20215707
1t
0s
0r
1y
0c
0i
#20216668
0t
0s
0r
1y
0c
0i
#20217239
1t
0s
0r
1y
0c
0i
#20218205
0t
0s
0r
1y
0c
0i
#20218777
1t
0s
0r
1y
0c
0i
#20219752
0t
0s
0r
1y
0c
0i
#20220324
1t
0s
0r
1y
0c
0i
#20221296
0t
0s
0r
1y
0c
0i
#20221874
1t
0s
0r
1y
0c
0i
#20222853
0t
0s
0r
1y
0c
0i
#20223432
1t
0s
0r
1y
0c
0i
#20224419
0t
0s
0r
1y
0c
0i
#20224998
1t
0s
0r
1y
0c
0i
#20225983
0t
0s
0r
1y
0c
0i
#20226568
1t
0s
0r
1y
0c
0i
#20227558
0t
0s
0r
1y
0c
0i
#20228146
1t
0s
0r
1y
0c
0i
#20229145
0t
0s
0r
1y
0c
0i
#20229733
1t
0s
0r
1y
0c
0i
#20230730
0t
0s
0r
1y
0c
0i
#20231324
1t
0s
0r
1y
0c
0i
#20232329
0t
0s
0r
1y
0c
0i
#20232925
1t
0s
0r
1y
0c
0i
#20233940
0t
0s
0r
1y
0c
0i
#20234537
1t
0s
0r
1y
0c
0i
#20235550
0t
0s
0r
1y
0c
0i
#20236155
1t
0s
0r
1y
0c
0i
#20237176
0t
0s
0r
1y
0c
0i
#20237782
1t
0s
0r
1y
0c
0i
#20238815
0t
0s
0r
1y
0c
0i
#20239421
1t
0s
0r
1y
0c
0i
#20240452
0t
0s
0r
1y
0c
0i
#20241066
1t
0s
0r
1y
0c
0i
#20242105
0t
0s
0r
1y
0c
0i
#20242722
1t
0s
0r
1y
0c
0i
#20243771
0t
0s
0r
1y
0c
0i
#20244392
1t
0s
0r
1y
0c
0i
#20245440
0t
0s
0r
1y
0c
0i
#20246067
1t
0s
0r
1y
0c
0i
#20247127
0t
0s
0r
1y
0c
0i
#20247757
1t
0s
0r
1y
0c
0i
#20248829
0t
0s
0r
1y
1c
0i
#20249461
1t
0s
0r
1y
1c
0i
#20250535
0t
0s
0r
1y
1c
0i
#20251174
1t
0s
0r
1y
1c
0i
#20252256
0t
0s
0r
1y
1c
0i
#20252897
1t
0s
0r
1y
1c
0i
#20253985
0t
0s
0r
1y
1c
0i
#20254626
1t
0s
0r
1y
1c
0i
#20255705
0t
0s
0r
1y
1c
0i
#20256349
1t
0s
0r
1y
1c
0i
#20257430
0t
0s
0r
1y
1c
0i
#20258070
1t
0s
0r
1y
1c
0i
#20259153
0t
0s
0r
1y
1c
0i
#20259791
1t
0s
0r
1y
1c
0i
#20260865
0t
0s
0r
1y
1c
0i
#20261507
1t
0s
0r
1y
1c
0i
#20262584
0t
0s
0r
1y
1c
0i
#20263225
1t
0s
0r
1y
1c
0i
#20264309
0t
0s
0r
1y
1c
0i
#20264948
1t
0s
0r
1y
1c
0i
#20266028
0t
0s
0r
1y
1c
0i
#20266673
1t
0s
0r
1y
1c
0i
#20267759
0t
0s
0r
1y
1c
0i
#20268405
1t
0s
0r
1y
1c
0i
#20269500
0t
0s
0r
1y
1c
0i
#20270149
1t
0s
0r
1y
1c
0i
#20271241
0t
0s
0r
1y
1c
0i
#20271895
1t
0s
0r
1y
1c
0i
#20272996
0t
0s
0r
1y
1c
0i
#20273651
1t
0s
0r
1y
1c
0i
#20274761
0t
0s
0r
1y
1c
0i
#20275418
1t
0s
0r
1y
1c
0i
#20278276
0t
0s
0r
1y
1c
0i
#20280219
1t
0s
0r
1y
1c
0i
#20281939
0t
0s
0r
1y
1c
0i
#20282574
1t
0s
0r
1y
1c
0i
#20283713
0t
0s
0r
1y
1c
0i
#20284393
1t
0s
0r
1y
1c
0i
#20285541
0t
0s
0r
1y
1c
0i
#20286224
1t
0s
0r
1y
1c
0i
#20287379
0t
0s
0r
1y
1c
0i
#20288068
1t
0s
0r
1y
1c
0i
#20289230
0t
0s
0r
1y
1c
0i
#20289922
1t
0s
0r
1y
1c
0i
#20291097
0t
0s
0r
1y
1c
0i
#20291791
1t
0s
0r
1y
1c
0i
#20292965
0t
0s
0r
1y
1c
0i
#20293668
1t
0s
0r
1y
1c
0i
#20294854
0t
0s
0r
1y
1c
0i
#20295559
1t
0s
0r
1y
1c
0i
#20296760
0t
0s
0r
1y
1c
0i
#20297472
1t
0s
0r
1y
1c
0i
#20298674
0t
0s
0r
1y
1c
0i
#20299395
1t
0s
0r
1y
1c
0i
#20300614
0t
0s
0r
1y
0c
0i
#20301147
0t
0s
1r
1y
0c
0i
#20301149
0t
0s
0r
1y
0c
0i
#20301340
1t
0s
0r
1y
0c
0i
#20302577
0t
0s
0r
1y
0c
0i
#20303308
1t
0s
0r
1y
0c
0i
#20304548
0t
0s
0r
1y
0c
0i
#20305288
1t
0s
0r
1y
0c
0i
#20306539
0t
0s
0r
1y
0c
0i
#20307282
1t
0s
0r
1y
0c
0i
#20308540
0t
0s
0r
1y
0c
0i
#20309282
1t
0s
0r
1y
0c
0i
#20310529
0t
0s
0r
1y
0c
0i
#20311273
1t
0s
0r
1y
0c
0i
#20312520
0t
0s
0r
1y
0c
0i
#20313258
1t
0s
0r
1y
0c
0i
#20314506
0t
0s
0r
1y
0c
0i
#20315240
1t
0s
0r
1y
0c
0i
#20316478
0t
0s
0r
1y
0c
0i
#20317217
1t
0s
0r
1y
0c
0i
#20318458
0t
0s
0r
1y
0c
0i
#20319194
1t
0s
0r
1y
0c
0i
#20320442
0t
0s
0r
1y
0c
0i
#20321177
1t
0s
0r
1y
0c
0i
#20322423
0t
0s
0r
1y
0c
0i
#20323164
1t
0s
0r
1y
0c
0i
#20324417
0t
0s
0r
1y
0c
0i
#20325158
1t
0s
0r
1y
0c
0i
#20326422
0t
0s
0r
1y
0c
0i
#20327164
1t
0s
0r
1y
0c
0i
#20328426
0t
0s
0r
1y
0c
0i
#20329176
1t
0s
0r
1y
0c
0i
#20330448
0t
0s
0r
1y
0c
0i
#20331201
1t
0s
0r
1y
0c
0i
#20332488
0t
0s
0r
1y
0c
0i
#20333244
1t
0s
0r
1y
0c
0i
#20334532
0t
0s
0r
1y
0c
0i
#20335298
1t
0s
0r
1y
0c
0i
#20336598
0t
0s
0r
1y
0c
0i
#20337370
1t
0s
0r
1y
0c
0i
#20338687
0t
0s
0r
1y
0c
0i
#20339461
1t
0s
0r
1y
0c
0i
#20340780
0t
0s
0r
1y
0c
0i
#20341565
1t
0s
0r
1y
0c
0i
#20342898
0t
0s
0r
1y
0c
0i
#20343687
1t
0s
0r
1y
0c
0i
#20345036
0t
0s
0r
1y
0c
0i
#20345830
1t
0s
0r
1y
0c
0i
#20347180
0t
0s
0r
1y
0c
0i
#20347985
1t
0s
0r
1y
0c
0i
#20349349
0t
0s
0r
1y
0c
0i
#20350159
1t
0s
0r
1y
0c
0i
#20351540
0t
0s
0r
1y
0c
0i
#20352355
1t
0s
0r
1y
0c
0i
#20353740
0t
0s
0r
1y
0c
0i
#20354568
1t
0s
0r
1y
0c
0i
#20355971
0t
0s
0r
1y
0c
0i
#20356807
1t
0s
0r
1y
0c
0i
#20358232
0t
0s
0r
1y
0c
0i
#20359080
1t
0s
0r
1y
0c
0i
#20360513
0t
0s
0r
1y
0c
0i
#20361376
1t
0s
0r
1y
0c
0i
#20362836
0t
0s
0r
1y
1c
0i
#20363710
1t
0s
0r
1y
1c
0i
#20365196
0t
0s
0r
1y
1c
0i
#20366082
1t
0s
0r
1y
1c
0i
#20367577
0t
0s
0r
1y
1c
0i
#20368478
1t
0s
0r
1y
1c
0i
#20369987
0t
0s
0r
1y
1c
0i
#20370893
1t
0s
0r
1y
1c
0i
#20372411
0t
0s
0r
1y
1c
0i
#20373314
1t
0s
0r
1y
1c
0i
#20374814
0t
0s
0r
1y
1c
0i
#20375715
1t
0s
0r
1y
1c
0i
#20377205
0t
0s
0r
1y
1c
0i
#20378097
1t
0s
0r
1y
1c
0i
#20379580
0t
0s
0r
1y
1c
0i
#20380461
1t
0s
0r
1y
1c
0i
#20381924
0t
0s
0r
1y
1c
0i
#20382806
1t
0s
0r
1y
1c
0i
#20384268
0t
0s
0r
1y
1c
0i
#20385145
1t
0s
0r
1y
1c
0i
#20386613
0t
0s
0r
1y
1c
0i
#20387487
1t
0s
0r
1y
1c
0i
#20388946
0t
0s
0r
1y
1c
0i
#20389826
1t
0s
0r
1y
1c
0i
#20391293
0t
0s
0r
1y
1c
0i
#20392174
1t
0s
0r
1y
1c
0i
#20393652
0t
0s
0r
1y
1c
0i
#20394537
1t
0s
0r
1y
1c
0i
#20396014
0t
0s
0r
1y
1c
0i
#20396909
1t
0s
0r
1y
1c
0i
#20398400
0t
0s
0r
1y
1c
0i
#20399299
1t
0s
0r
1y
1c
0i
#20400808
0t
0s
0r
1y
1c
0i
#20401712
1t
0s
0r
1y
1c
0i
#20405625
0t
0s
0r
1y
1c
0i
#20408257
1t
0s
0r
1y
1c
0i
#20410674
0t
0s
0r
1y
1c
0i
#20411556
1t
0s
0r
1y
1c
0i
#20413130
0t
0s
0r
1y
1c
0i
#20414077
1t
0s
0r
1y
1c
0i
#20415670
0t
0s
0r
1y
1c
0i
#20416623
1t
0s
0r
1y
1c
0i
#20418231
0t
0s
0r
1y
1c
0i
#20419196
1t
0s
0r
1y
1c
0i
#20420821
0t
0s
0r
1y
1c
0i
#20421794
1t
0s
0r
1y
1c
0i
#20423447
0t
0s
0r
1y
1c
0i
#20424428
1t
0s
0r
1y
1c
0i
#20426091
0t
0s
0r
1y
1c
0i
#20427090
1t
0s
0r
1y
1c
0i
#20428783
0t
0s
0r
1y
1c
0i
#20429795
1t
0s
0r
1y
1c
0i
#20431523
0t
0s
0r
1y
1c
0i
#20432554
1t
0s
0r
1y
1c
0i
#20434304
0t
0s
0r
1y
1c
0i
#20435359
1t
0s
0r
1y
1c
0i
#20437153
0t
0s
0r
1y
0c
0i
#20438228
1t
0s
0r
1y
0c
0i
#20440071
0t
0s
0r
1y
0c
0i
#20441164
1t
0s
0r
1y
0c
0i
#20443031
0t
0s
0r
1y
0c
0i
#20444150
1t
0s
0r
1y
0c
0i
#20446044
0t
0s
0r
1y
0c
0i
#20447172
1t
0s
0r
1y
0c
0i
#20449077
0t
0s
0r
1y
0c
0i
#20450200
1t
0s
0r
1y
0c
0i
#20452077
0t
0s
0r
1y
0c
0i
#20453193
1t
0s
0r
1y
0c
0i
#20455048
0t
0s
0r
1y
0c
0i
#20456144
1t
0s
0r
1y
0c
0i
#20457978
0t
0s
0r
1y
0c
0i
#20459054
1t
0s
0r
1y
0c
0i
#20460851
0t
0s
0r
1y
0c
0i
#20461921
1t
0s
0r
1y
0c
0i
#20463703
0t
0s
0r
1y
0c
0i
#20464760
1t
0s
0r
1y
0c
0i
#20466540
0t
0s
0r
1y
0c
0i
#20467590
1t
0s
0r
1y
0c
0i
#20469359
0t
0s
0r
1y
0c
0i
#20470415
1t
0s
0r
1y
0c
0i
#20472197
0t
0s
0r
1y
0c
0i
#20473253
1t
0s
0r
1y
0c
0i
#20475055
0t
0s
0r
1y
0c
0i
#20476117
1t
0s
0r
1y
0c
0i
#20477920
0t
0s
0r
1y
0c
0i
#20478997
1t
0s
0r
1y
0c
0i
#20480825
0t
0s
0r
1y
0c
0i
#20481911
1t
0s
0r
1y
0c
0i
#20483768
0t
0s
0r
1y
0c
0i
#20484861
1t
0s
0r
1y
0c
0i
#20486728
0t
0s
0r
1y
0c
0i
#20487842
1t
0s
0r
1y
0c
0i
#20489735
0t
0s
0r
1y
0c
0i
#20490864
1t
0s
0r
1y
0c
0i
#20492790
0t
0s
0r
1y
0c
0i
#20493927
1t
0s
0r
1y
0c
0i
#20495866
0t
0s
0r
1y
0c
0i
#20497025
1t
0s
0r
1y
0c
0i
#20498997
0t
0s
0r
1y
0c
0i
#20500171
1t
0s
0r
1y
0c
0i
#20502180
0t
0s
0r
1y
0c
0i
#20503368
1t
0s
0r
1y
0c
0i
#20505396
0t
0s
0r
1y
0c
0i
#20506611
1t
0s
0r
1y
0c
0i
#20508680
0t
0s
0r
1y
0c
0i
#20509914
1t
0s
0r
1y
0c
0i
#20512033
0t
0s
0r
1y
0c
0i
#20513291
1t
0s
0r
1y
0c
0i
#20515446
0t
0s
0r
1y
0c
0i
#20516741
1t
0s
0r
1y
0c
0i
#20518963
0t
0s
0r
1y
0c
0i
#20520295
1t
0s
0r
1y
0c
0i
#20522598
0t
0s
0r
1y
0c
0i
#20523981
1t
0s
0r
1y
0c
0i
#20526363
0t
0s
0r
1y
0c
0i
#20527810
1t
0s
0r
1y
0c
0i
#20530314
0t
0s
0r
1y
1c
0i
#20531829
1t
0s
0r
1y
1c
0i
#20534474
0t
0s
0r
1y
1c
0i
#20536061
1t
0s
0r
1y
1c
0i
#20538819
0t
0s
0r
1y
1c
0i
#20540483
1t
0s
0r
1y
1c
0i
#20543337
0t
0s
0r
1y
1c
0i
#20545039
1t
0s
0r
1y
1c
0i
#20547922
0t
0s
0r
1y
1c
0i
#20549618
1t
0s
0r
1y
1c
0i
#20552425
0t
0s
0r
1y
1c
0i
#20554088
1t
0s
0r
1y
1c
0i
#20556808
0t
0s
0r
1y
1c
0i
#20558409
1t
0s
0r
1y
1c
0i
#20561042
0t
0s
0r
1y
1c
0i
#20562585
1t
0s
0r
1y
1c
0i
#20565115
0t
0s
0r
1y
1c
0i
#20566627
1t
0s
0r
1y
1c
0i
#20569105
0t
0s
0r
1y
1c
0i
#20570580
1t
0s
0r
1y
1c
0i
#20573034
0t
0s
0r
1y
1c
0i
#20574484
1t
0s
0r
1y
1c
0i
