$date
	Mon Aug 18 17:38:30 BRT 2025
$end
$version
        1.0
$end
$timescale
        1ps
$end
$scope module test $end
$var wire 1 t PRI_TRG $end
$var wire 1 s SEC_TRG $end
$var wire 1 r TRG $end
$var wire 1 y SYNC $end
$var wire 1 c COIL $end
$var wire 1 i INJ $end
$upscope $end
$enddefinitions $end
$dumpvars
#64638297045
1t
0s
0r
1y
0c
0i
#64638297688
0t
0s
0r
1y
0c
0i
#64638298095
1t
0s
0r
1y
0c
0i
#64638298244
1t
0s
1r
1y
0c
0i
#64638298246
1t
0s
0r
1y
0c
0i
#64638298741
0t
0s
0r
1y
0c
0i
#64638299147
1t
0s
0r
1y
0c
0i
#64638299789
0t
0s
0r
1y
0c
0i
#64638300196
1t
0s
0r
1y
0c
0i
#64638300839
0t
0s
0r
1y
0c
0i
#64638301245
1t
0s
0r
1y
0c
0i
#64638301891
0t
0s
0r
1y
0c
0i
#64638302295
1t
0s
0r
1y
0c
0i
#64638302935
0t
0s
0r
1y
0c
0i
#64638303342
1t
0s
0r
1y
0c
0i
#64638303982
0t
0s
0r
1y
0c
0i
#64638304387
1t
0s
0r
1y
0c
0i
#64638305029
0t
0s
0r
1y
0c
0i
#64638305431
1t
0s
0r
1y
0c
0i
#64638306069
0t
0s
0r
1y
0c
0i
#64638306472
1t
0s
0r
1y
0c
0i
#64638307110
0t
0s
0r
1y
0c
0i
#64638307511
1t
0s
0r
1y
0c
0i
#64638308151
0t
0s
0r
1y
0c
0i
#64638308551
1t
0s
0r
1y
0c
0i
#64638309186
0t
0s
0r
1y
0c
0i
#64638309588
1t
0s
0r
1y
0c
0i
#64638310224
0t
0s
0r
1y
0c
0i
#64638310625
1t
0s
0r
1y
0c
0i
#64638311265
0t
0s
0r
1y
0c
0i
#64638311665
1t
0s
0r
1y
0c
0i
#64638312301
0t
0s
0r
1y
0c
0i
#64638312703
1t
0s
0r
1y
0c
0i
#64638313339
0t
0s
0r
1y
0c
0i
#64638313743
1t
0s
0r
1y
0c
0i
#64638314382
0t
0s
0r
1y
0c
0i
#64638314783
1t
0s
0r
1y
0c
0i
#64638315419
0t
0s
0r
1y
0c
0i
#64638315822
1t
0s
0r
1y
0c
0i
#64638316458
0t
0s
0r
1y
0c
0i
#64638316861
1t
0s
0r
1y
0c
0i
#64638317501
0t
0s
0r
1y
0c
0i
#64638317902
1t
0s
0r
1y
0c
0i
#64638318537
0t
0s
0r
1y
0c
0i
#64638318942
1t
0s
0r
1y
0c
0i
#64638319578
0t
0s
0r
1y
0c
0i
#64638319981
1t
0s
0r
1y
0c
0i
#64638320619
0t
0s
0r
1y
0c
0i
#64638321022
1t
0s
0r
1y
0c
0i
#64638321657
0t
0s
0r
1y
0c
0i
#64638322061
1t
0s
0r
1y
0c
0i
#64638322697
0t
0s
0r
1y
0c
0i
#64638323101
1t
0s
0r
1y
0c
0i
#64638323739
0t
0s
0r
1y
0c
0i
#64638324144
1t
0s
0r
1y
0c
0i
#64638324778
0t
0s
0r
1y
0c
0i
#64638325184
1t
0s
0r
1y
0c
0i
#64638325822
0t
0s
0r
1y
1c
0i
#64638326227
1t
0s
0r
1y
1c
0i
#64638326869
0t
0s
0r
1y
1c
0i
#64638327273
1t
0s
0r
1y
1c
1i
#64638327912
0t
0s
0r
1y
1c
1i
#64638328319
1t
0s
0r
1y
1c
1i
#64638328960
0t
0s
0r
1y
1c
1i
#64638329367
1t
0s
0r
1y
1c
1i
#64638330011
0t
0s
0r
1y
1c
0i
#64638330417
1t
0s
0r
1y
1c
0i
#64638331057
0t
0s
0r
1y
1c
0i
#64638331464
1t
0s
0r
1y
1c
0i
#64638332106
0t
0s
0r
1y
1c
0i
#64638332512
1t
0s
0r
1y
1c
0i
#64638333155
0t
0s
0r
1y
1c
0i
#64638333561
1t
0s
0r
1y
1c
0i
#64638334199
0t
0s
0r
1y
1c
0i
#64638334607
1t
0s
0r
1y
1c
0i
#64638335245
0t
0s
0r
1y
1c
0i
#64638335652
1t
0s
0r
1y
1c
0i
#64638336293
0t
0s
0r
1y
1c
0i
#64638336698
1t
0s
0r
1y
1c
0i
#64638337333
0t
0s
0r
1y
1c
0i
#64638337739
1t
0s
0r
1y
1c
0i
#64638338375
0t
0s
0r
1y
1c
0i
#64638338780
1t
0s
0r
1y
1c
0i
#64638339416
0t
0s
0r
1y
1c
0i
#64638339822
1t
0s
0r
1y
1c
0i
#64638340453
0t
0s
0r
1y
1c
0i
#64638340860
1t
0s
0r
1y
1c
0i
#64638341492
0t
0s
0r
1y
1c
0i
#64638341897
1t
0s
0r
1y
1c
0i
#64638342533
0t
0s
0r
1y
1c
0i
#64638342937
1t
0s
0r
1y
1c
0i
#64638344586
0t
0s
0r
1y
1c
0i
#64638345748
1t
0s
0r
1y
1c
0i
#64638346696
0t
0s
0r
1y
1c
0i
#64638347088
1t
0s
0r
1y
1c
0i
#64638347726
0t
0s
0r
1y
1c
0i
#64638348128
1t
0s
0r
1y
1c
0i
#64638348763
0t
0s
0r
1y
1c
0i
#64638349166
1t
0s
0r
1y
1c
0i
#64638349801
0t
0s
0r
1y
1c
0i
#64638350206
1t
0s
0r
1y
1c
0i
#64638350840
0t
0s
0r
1y
1c
0i
#64638351244
1t
0s
0r
1y
1c
0i
#64638351881
0t
0s
0r
1y
1c
0i
#64638352282
1t
0s
0r
1y
1c
0i
#64638352915
0t
0s
0r
1y
1c
0i
#64638353319
1t
0s
0r
1y
1c
0i
#64638353954
0t
0s
0r
1y
1c
0i
#64638354356
1t
0s
0r
1y
1c
0i
#64638354992
0t
0s
0r
1y
1c
0i
#64638355396
1t
0s
0r
1y
1c
0i
#64638356029
0t
0s
0r
1y
1c
0i
#64638356433
1t
0s
0r
1y
1c
0i
#64638357069
0t
0s
0r
1y
0c
0i
#64638357472
1t
0s
0r
1y
0c
0i
#64638358112
0t
0s
0r
1y
0c
0i
#64638358514
1t
0s
0r
1y
0c
1i
#64638359151
0t
0s
0r
1y
0c
1i
#64638359555
1t
0s
0r
1y
0c
1i
#64638360193
0t
0s
0r
1y
0c
1i
#64638360599
1t
0s
0r
1y
0c
1i
#64638361240
0t
0s
0r
1y
0c
0i
#64638361644
1t
0s
0r
1y
0c
0i
#64638362281
0t
0s
0r
1y
0c
0i
#64638362686
1t
0s
0r
1y
0c
0i
#64638363325
0t
0s
0r
1y
0c
0i
#64638363728
1t
0s
0r
1y
0c
0i
#64638364370
0t
0s
0r
1y
0c
0i
#64638364772
1t
0s
0r
1y
0c
0i
#64638365408
0t
0s
0r
1y
0c
0i
#64638365814
1t
0s
0r
1y
0c
0i
#64638366451
0t
0s
0r
1y
0c
0i
#64638366855
1t
0s
0r
1y
0c
0i
#64638367495
0t
0s
0r
1y
0c
0i
#64638367897
1t
0s
0r
1y
0c
0i
#64638368535
0t
0s
0r
1y
0c
0i
#64638368938
1t
0s
0r
1y
0c
0i
#64638369577
0t
0s
0r
1y
0c
0i
#64638369979
1t
0s
0r
1y
0c
0i
#64638370620
0t
0s
0r
1y
0c
0i
#64638371021
1t
0s
0r
1y
0c
0i
#64638371658
0t
0s
0r
1y
0c
0i
#64638372060
1t
0s
0r
1y
0c
0i
#64638372699
0t
0s
0r
1y
0c
0i
#64638373101
1t
0s
0r
1y
0c
0i
#64638373742
0t
0s
0r
1y
0c
0i
#64638374143
1t
0s
0r
1y
0c
0i
#64638374780
0t
0s
0r
1y
0c
0i
#64638375183
1t
0s
0r
1y
0c
0i
#64638375820
0t
0s
0r
1y
0c
0i
#64638376224
1t
0s
0r
1y
0c
0i
#64638376864
0t
0s
0r
1y
0c
0i
#64638377266
1t
0s
0r
1y
0c
0i
#64638377901
0t
0s
0r
1y
0c
0i
#64638378305
1t
0s
0r
1y
0c
0i
#64638378943
0t
0s
0r
1y
0c
0i
#64638379345
1t
0s
0r
1y
0c
0i
#64638379985
0t
0s
0r
1y
0c
0i
#64638380387
1t
0s
0r
1y
0c
0i
#64638381022
0t
0s
0r
1y
0c
0i
#64638381426
1t
0s
0r
1y
0c
0i
#64638382062
0t
0s
0r
1y
0c
0i
#64638382465
1t
0s
0r
1y
0c
0i
#64638383103
0t
0s
0r
1y
0c
0i
#64638383506
1t
0s
0r
1y
0c
0i
#64638384140
0t
0s
0r
1y
0c
0i
#64638384544
1t
0s
0r
1y
0c
0i
#64638385180
0t
0s
0r
1y
0c
0i
#64638385583
1t
0s
0r
1y
0c
0i
#64638386221
0t
0s
0r
1y
0c
0i
#64638386625
1t
0s
0r
1y
0c
0i
#64638387258
0t
0s
0r
1y
0c
0i
#64638387665
1t
0s
0r
1y
0c
0i
#64638388301
0t
0s
0r
1y
1c
0i
#64638388706
1t
0s
0r
1y
1c
0i
#64638389347
0t
0s
0r
1y
1c
0i
#64638389751
1t
0s
0r
1y
1c
1i
#64638390389
0t
0s
0r
1y
1c
1i
#64638390795
1t
0s
0r
1y
1c
1i
#64638391435
0t
0s
0r
1y
1c
1i
#64638391841
1t
0s
0r
1y
1c
1i
#64638392484
0t
0s
0r
1y
1c
0i
#64638392889
1t
0s
0r
1y
1c
0i
#64638393527
0t
0s
0r
1y
1c
0i
#64638393934
1t
0s
0r
1y
1c
0i
#64638394573
0t
0s
0r
1y
1c
0i
#64638394979
1t
0s
0r
1y
1c
0i
#64638395621
0t
0s
0r
1y
1c
0i
#64638396025
1t
0s
0r
1y
1c
0i
#64638396661
0t
0s
0r
1y
1c
0i
#64638397068
1t
0s
0r
1y
1c
0i
#64638397704
0t
0s
0r
1y
1c
0i
#64638398110
1t
0s
0r
1y
1c
0i
#64638398747
0t
0s
0r
1y
1c
0i
#64638399151
1t
0s
0r
1y
1c
0i
#64638399783
0t
0s
0r
1y
1c
0i
#64638400188
1t
0s
0r
1y
1c
0i
#64638400821
0t
0s
0r
1y
1c
0i
#64638401224
1t
0s
0r
1y
1c
0i
#64638401858
0t
0s
0r
1y
1c
0i
#64638402262
1t
0s
0r
1y
1c
0i
#64638402891
0t
0s
0r
1y
1c
0i
#64638403295
1t
0s
0r
1y
1c
0i
#64638403926
0t
0s
0r
1y
1c
0i
#64638404329
1t
0s
0r
1y
1c
0i
#64638404963
0t
0s
0r
1y
1c
0i
#64638405365
1t
0s
0r
1y
1c
0i
#64638407009
0t
0s
0r
1y
1c
0i
#64638408168
1t
0s
0r
1y
1c
0i
#64638409113
0t
0s
0r
1y
1c
0i
#64638409504
1t
0s
0r
1y
1c
0i
#64638410140
0t
0s
0r
1y
1c
0i
#64638410540
1t
0s
0r
1y
1c
0i
#64638411174
0t
0s
0r
1y
1c
0i
#64638411575
1t
0s
0r
1y
1c
0i
#64638412208
0t
0s
0r
1y
1c
0i
#64638412611
1t
0s
0r
1y
1c
0i
#64638413244
0t
0s
0r
1y
1c
0i
#64638413645
1t
0s
0r
1y
1c
0i
#64638414281
0t
0s
0r
1y
1c
0i
#64638414680
1t
0s
0r
1y
1c
0i
#64638415311
0t
0s
0r
1y
1c
0i
#64638415713
1t
0s
0r
1y
1c
0i
#64638416345
0t
0s
0r
1y
1c
0i
#64638416746
1t
0s
0r
1y
1c
0i
#64638417380
0t
0s
0r
1y
1c
0i
#64638417782
1t
0s
0r
1y
1c
0i
#64638418412
0t
0s
0r
1y
1c
0i
#64638418816
1t
0s
0r
1y
1c
0i
#64638419448
0t
0s
0r
1y
0c
0i
#64638419851
1t
0s
0r
1y
0c
0i
#64638420488
0t
0s
0r
1y
0c
0i
#64638420889
1t
0s
0r
1y
0c
1i
#64638421523
0t
0s
0r
1y
0c
1i
#64638421926
1t
0s
0r
1y
0c
1i
#64638422562
0t
0s
0r
1y
0c
1i
#64638422966
1t
0s
0r
1y
0c
1i
#64638423109
1t
0s
1r
1y
0c
1i
#64638423111
1t
0s
0r
1y
0c
1i
#64638423605
0t
0s
0r
1y
0c
0i
#64638424007
1t
0s
0r
1y
0c
0i
#64638424643
0t
0s
0r
1y
0c
0i
#64638425046
1t
0s
0r
1y
0c
0i
#64638425683
0t
0s
0r
1y
0c
0i
#64638426086
1t
0s
0r
1y
0c
0i
#64638426726
0t
0s
0r
1y
0c
0i
#64638427127
1t
0s
0r
1y
0c
0i
#64638427762
0t
0s
0r
1y
0c
0i
#64638428167
1t
0s
0r
1y
0c
0i
#64638428803
0t
0s
0r
1y
0c
0i
#64638429207
1t
0s
0r
1y
0c
0i
#64638429848
0t
0s
0r
1y
0c
0i
#64638430249
1t
0s
0r
1y
0c
0i
#64638430887
0t
0s
0r
1y
0c
0i
#64638431290
1t
0s
0r
1y
0c
0i
#64638431930
0t
0s
0r
1y
0c
0i
#64638432333
1t
0s
0r
1y
0c
0i
#64638432976
0t
0s
0r
1y
0c
0i
#64638433377
1t
0s
0r
1y
0c
0i
#64638434016
0t
0s
0r
1y
0c
0i
#64638434419
1t
0s
0r
1y
0c
0i
#64638435060
0t
0s
0r
1y
0c
0i
#64638435463
1t
0s
0r
1y
0c
0i
#64638436107
0t
0s
0r
1y
0c
0i
#64638436508
1t
0s
0r
1y
0c
0i
#64638437148
0t
0s
0r
1y
0c
0i
#64638437551
1t
0s
0r
1y
0c
0i
#64638438191
0t
0s
0r
1y
0c
0i
#64638438596
1t
0s
0r
1y
0c
0i
#64638439238
0t
0s
0r
1y
0c
0i
#64638439641
1t
0s
0r
1y
0c
0i
#64638440279
0t
0s
0r
1y
0c
0i
#64638440684
1t
0s
0r
1y
0c
0i
#64638441323
0t
0s
0r
1y
0c
0i
#64638441727
1t
0s
0r
1y
0c
0i
#64638442369
0t
0s
0r
1y
0c
0i
#64638442771
1t
0s
0r
1y
0c
0i
#64638443409
0t
0s
0r
1y
0c
0i
#64638443814
1t
0s
0r
1y
0c
0i
#64638444451
0t
0s
0r
1y
0c
0i
#64638444856
1t
0s
0r
1y
0c
0i
#64638445496
0t
0s
0r
1y
0c
0i
#64638445900
1t
0s
0r
1y
0c
0i
#64638446537
0t
0s
0r
1y
0c
0i
#64638446942
1t
0s
0r
1y
0c
0i
#64638447580
0t
0s
0r
1y
0c
0i
#64638447984
1t
0s
0r
1y
0c
0i
#64638448625
0t
0s
0r
1y
0c
0i
#64638449030
1t
0s
0r
1y
0c
0i
#64638449666
0t
0s
0r
1y
0c
0i
#64638450074
1t
0s
0r
1y
0c
0i
#64638450712
0t
0s
0r
1y
1c
0i
#64638451119
1t
0s
0r
1y
1c
0i
#64638451763
0t
0s
0r
1y
1c
0i
#64638452168
1t
0s
0r
1y
1c
1i
#64638452809
0t
0s
0r
1y
1c
1i
#64638453217
1t
0s
0r
1y
1c
1i
#64638453860
0t
0s
0r
1y
1c
1i
#64638454268
1t
0s
0r
1y
1c
1i
#64638454914
0t
0s
0r
1y
1c
0i
#64638455320
1t
0s
0r
1y
1c
0i
#64638455962
0t
0s
0r
1y
1c
0i
#64638456370
1t
0s
0r
1y
1c
0i
#64638457013
0t
0s
0r
1y
1c
0i
#64638457420
1t
0s
0r
1y
1c
0i
#64638458066
0t
0s
0r
1y
1c
0i
#64638458472
1t
0s
0r
1y
1c
0i
#64638459112
0t
0s
0r
1y
1c
0i
#64638459521
1t
0s
0r
1y
1c
0i
#64638460162
0t
0s
0r
1y
1c
0i
#64638460571
1t
0s
0r
1y
1c
0i
#64638461215
0t
0s
0r
1y
1c
0i
#64638461623
1t
0s
0r
1y
1c
0i
#64638462263
0t
0s
0r
1y
1c
0i
#64638462673
1t
0s
0r
1y
1c
0i
#64638463315
0t
0s
0r
1y
1c
0i
#64638463723
1t
0s
0r
1y
1c
0i
#64638464367
0t
0s
0r
1y
1c
0i
#64638464777
1t
0s
0r
1y
1c
0i
#64638465417
0t
0s
0r
1y
1c
0i
#64638465827
1t
0s
0r
1y
1c
0i
#64638466469
0t
0s
0r
1y
1c
0i
#64638466878
1t
0s
0r
1y
1c
0i
#64638467523
0t
0s
0r
1y
1c
0i
#64638467931
1t
0s
0r
1y
1c
0i
#64638469601
0t
0s
0r
1y
1c
0i
#64638470775
1t
0s
0r
1y
1c
0i
#64638471735
0t
0s
0r
1y
1c
0i
#64638472130
1t
0s
0r
1y
1c
0i
#64638472775
0t
0s
0r
1y
1c
0i
#64638473181
1t
0s
0r
1y
1c
0i
#64638473824
0t
0s
0r
1y
1c
0i
#64638474231
1t
0s
0r
1y
1c
0i
#64638474873
0t
0s
0r
1y
1c
0i
#64638475281
1t
0s
0r
1y
1c
0i
#64638475923
0t
0s
0r
1y
1c
0i
#64638476330
1t
0s
0r
1y
1c
0i
#64638476974
0t
0s
0r
1y
1c
0i
#64638477379
1t
0s
0r
1y
1c
0i
#64638478020
0t
0s
0r
1y
1c
0i
#64638478427
1t
0s
0r
1y
1c
0i
#64638479070
0t
0s
0r
1y
1c
0i
#64638479475
1t
0s
0r
1y
1c
0i
#64638480120
0t
0s
0r
1y
1c
0i
#64638480527
1t
0s
0r
1y
1c
0i
#64638481168
0t
0s
0r
1y
1c
0i
#64638481576
1t
0s
0r
1y
1c
0i
#64638482219
0t
0s
0r
1y
0c
0i
#64638482627
1t
0s
0r
1y
0c
0i
#64638483275
0t
0s
0r
1y
0c
0i
#64638483681
1t
0s
0r
1y
0c
1i
#64638484326
0t
0s
0r
1y
0c
1i
#64638484734
1t
0s
0r
1y
0c
1i
#64638485381
0t
0s
0r
1y
0c
1i
#64638485790
1t
0s
0r
1y
0c
1i
#64638486439
0t
0s
0r
1y
0c
0i
#64638486848
1t
0s
0r
1y
0c
0i
#64638487494
0t
0s
0r
1y
0c
0i
#64638487902
1t
0s
0r
1y
0c
0i
#64638488550
0t
0s
0r
1y
0c
0i
#64638488957
1t
0s
0r
1y
0c
0i
#64638489607
0t
0s
0r
1y
0c
0i
#64638490013
1t
0s
0r
1y
0c
0i
#64638490658
0t
0s
0r
1y
0c
0i
#64638491068
1t
0s
0r
1y
0c
0i
#64638491713
0t
0s
0r
1y
0c
0i
#64638492121
1t
0s
0r
1y
0c
0i
#64638492770
0t
0s
0r
1y
0c
0i
#64638493176
1t
0s
0r
1y
0c
0i
#64638493821
0t
0s
0r
1y
0c
0i
#64638494228
1t
0s
0r
1y
0c
0i
#64638494874
0t
0s
0r
1y
0c
0i
#64638495281
1t
0s
0r
1y
0c
0i
#64638495930
0t
0s
0r
1y
0c
0i
#64638496335
1t
0s
0r
1y
0c
0i
#64638496979
0t
0s
0r
1y
0c
0i
#64638497386
1t
0s
0r
1y
0c
0i
#64638498032
0t
0s
0r
1y
0c
0i
#64638498437
1t
0s
0r
1y
0c
0i
#64638499086
0t
0s
0r
1y
0c
0i
#64638499490
1t
0s
0r
1y
0c
0i
#64638500135
0t
0s
0r
1y
0c
0i
#64638500542
1t
0s
0r
1y
0c
0i
#64638501186
0t
0s
0r
1y
0c
0i
#64638501594
1t
0s
0r
1y
0c
0i
#64638502241
0t
0s
0r
1y
0c
0i
#64638502647
1t
0s
0r
1y
0c
0i
#64638503289
0t
0s
0r
1y
0c
0i
#64638503697
1t
0s
0r
1y
0c
0i
#64638504341
0t
0s
0r
1y
0c
0i
#64638504747
1t
0s
0r
1y
0c
0i
#64638505394
0t
0s
0r
1y
0c
0i
#64638505800
1t
0s
0r
1y
0c
0i
#64638506442
0t
0s
0r
1y
0c
0i
#64638506850
1t
0s
0r
1y
0c
0i
#64638507492
0t
0s
0r
1y
0c
0i
#64638507900
1t
0s
0r
1y
0c
0i
#64638508545
0t
0s
0r
1y
0c
0i
#64638508951
1t
0s
0r
1y
0c
0i
#64638509592
0t
0s
0r
1y
0c
0i
#64638510000
1t
0s
0r
1y
0c
0i
#64638510643
0t
0s
0r
1y
0c
0i
#64638511050
1t
0s
0r
1y
0c
0i
#64638511696
0t
0s
0r
1y
0c
0i
#64638512103
1t
0s
0r
1y
0c
0i
#64638512744
0t
0s
0r
1y
0c
0i
#64638513154
1t
0s
0r
1y
0c
0i
#64638513798
0t
0s
0r
1y
1c
0i
#64638514207
1t
0s
0r
1y
1c
0i
#64638514855
0t
0s
0r
1y
1c
0i
#64638515263
1t
0s
0r
1y
1c
1i
#64638515908
0t
0s
0r
1y
1c
1i
#64638516319
1t
0s
0r
1y
1c
1i
#64638516967
0t
0s
0r
1y
1c
1i
#64638517377
1t
0s
0r
1y
1c
1i
#64638518027
0t
0s
0r
1y
1c
0i
#64638518437
1t
0s
0r
1y
1c
0i
#64638519083
0t
0s
0r
1y
1c
0i
#64638519494
1t
0s
0r
1y
1c
0i
#64638520142
0t
0s
0r
1y
1c
0i
#64638520551
1t
0s
0r
1y
1c
0i
#64638521202
0t
0s
0r
1y
1c
0i
#64638521611
1t
0s
0r
1y
1c
0i
#64638522256
0t
0s
0r
1y
1c
0i
#64638522668
1t
0s
0r
1y
1c
0i
#64638523313
0t
0s
0r
1y
1c
0i
#64638523725
1t
0s
0r
1y
1c
0i
#64638524374
0t
0s
0r
1y
1c
0i
#64638524783
1t
0s
0r
1y
1c
0i
#64638525428
0t
0s
0r
1y
1c
0i
#64638525839
1t
0s
0r
1y
1c
0i
#64638526484
0t
0s
0r
1y
1c
0i
#64638526895
1t
0s
0r
1y
1c
0i
#64638527542
0t
0s
0r
1y
1c
0i
#64638527952
1t
0s
0r
1y
1c
0i
#64638528595
0t
0s
0r
1y
1c
0i
#64638529007
1t
0s
0r
1y
1c
0i
#64638529650
0t
0s
0r
1y
1c
0i
#64638530061
1t
0s
0r
1y
1c
0i
#64638530707
0t
0s
0r
1y
1c
0i
#64638531116
1t
0s
0r
1y
1c
0i
#64638532790
0t
0s
0r
1y
1c
0i
#64638533966
1t
0s
0r
1y
1c
0i
#64638534930
0t
0s
0r
1y
1c
0i
#64638535326
1t
0s
0r
1y
1c
0i
#64638535973
0t
0s
0r
1y
1c
0i
#64638536380
1t
0s
0r
1y
1c
0i
#64638537025
0t
0s
0r
1y
1c
0i
#64638537433
1t
0s
0r
1y
1c
0i
#64638538077
0t
0s
0r
1y
1c
0i
#64638538486
1t
0s
0r
1y
1c
0i
#64638539131
0t
0s
0r
1y
1c
0i
#64638539539
1t
0s
0r
1y
1c
0i
#64638540185
0t
0s
0r
1y
1c
0i
#64638540592
1t
0s
0r
1y
1c
0i
#64638541235
0t
0s
0r
1y
1c
0i
#64638541643
1t
0s
0r
1y
1c
0i
#64638542287
0t
0s
0r
1y
1c
0i
#64638542695
1t
0s
0r
1y
1c
0i
#64638543342
0t
0s
0r
1y
1c
0i
#64638543750
1t
0s
0r
1y
1c
0i
#64638544393
0t
0s
0r
1y
1c
0i
#64638544802
1t
0s
0r
1y
1c
0i
#64638545447
0t
0s
0r
1y
1c
0i
#64638545856
1t
0s
0r
1y
0c
0i
#64638546506
0t
0s
0r
1y
0c
0i
#64638546913
1t
0s
0r
1y
0c
1i
#64638547560
0t
0s
0r
1y
0c
1i
#64638547969
1t
0s
0r
1y
0c
1i
#64638548618
0t
0s
0r
1y
0c
1i
#64638549001
0t
0s
1r
1y
0c
1i
#64638549004
0t
0s
0r
1y
0c
1i
#64638549028
1t
0s
0r
1y
0c
1i
#64638549680
0t
0s
0r
1y
0c
0i
#64638550089
1t
0s
0r
1y
0c
0i
#64638550737
0t
0s
0r
1y
0c
0i
#64638551147
1t
0s
0r
1y
0c
0i
#64638551796
0t
0s
0r
1y
0c
0i
#64638552205
1t
0s
0r
1y
0c
0i
#64638552856
0t
0s
0r
1y
0c
0i
#64638553264
1t
0s
0r
1y
0c
0i
#64638553911
0t
0s
0r
1y
0c
0i
#64638554322
1t
0s
0r
1y
0c
0i
#64638554970
0t
0s
0r
1y
0c
0i
#64638555379
1t
0s
0r
1y
0c
0i
#64638556031
0t
0s
0r
1y
0c
0i
#64638556438
1t
0s
0r
1y
0c
0i
#64638557086
0t
0s
0r
1y
0c
0i
#64638557495
1t
0s
0r
1y
0c
0i
#64638558144
0t
0s
0r
1y
0c
0i
#64638558551
1t
0s
0r
1y
0c
0i
#64638559203
0t
0s
0r
1y
0c
0i
#64638559609
1t
0s
0r
1y
0c
0i
#64638560256
0t
0s
0r
1y
0c
0i
#64638560664
1t
0s
0r
1y
0c
0i
#64638561313
0t
0s
0r
1y
0c
0i
#64638561719
1t
0s
0r
1y
0c
0i
#64638562371
0t
0s
0r
1y
0c
0i
#64638562776
1t
0s
0r
1y
0c
0i
#64638563424
0t
0s
0r
1y
0c
0i
#64638563831
1t
0s
0r
1y
0c
0i
#64638564478
0t
0s
0r
1y
0c
0i
#64638564887
1t
0s
0r
1y
0c
0i
#64638565537
0t
0s
0r
1y
0c
0i
#64638565944
1t
0s
0r
1y
0c
0i
#64638566590
0t
0s
0r
1y
0c
0i
#64638566999
1t
0s
0r
1y
0c
0i
#64638567647
0t
0s
0r
1y
0c
0i
#64638568054
1t
0s
0r
1y
0c
0i
#64638568705
0t
0s
0r
1y
0c
0i
#64638569111
1t
0s
0r
1y
0c
0i
#64638569756
0t
0s
0r
1y
0c
0i
#64638570166
1t
0s
0r
1y
0c
0i
#64638570813
0t
0s
0r
1y
0c
0i
#64638571222
1t
0s
0r
1y
0c
0i
#64638571871
0t
0s
0r
1y
0c
0i
#64638572278
1t
0s
0r
1y
0c
0i
#64638572923
0t
0s
0r
1y
0c
0i
#64638573333
1t
0s
0r
1y
0c
0i
#64638573979
0t
0s
0r
1y
0c
0i
#64638574388
1t
0s
0r
1y
0c
0i
#64638575037
0t
0s
0r
1y
0c
0i
#64638575447
1t
0s
0r
1y
0c
0i
#64638576092
0t
0s
0r
1y
0c
0i
#64638576504
1t
0s
0r
1y
0c
0i
#64638577151
0t
0s
0r
1y
1c
0i
#64638577562
1t
0s
0r
1y
1c
0i
#64638578215
0t
0s
0r
1y
1c
0i
#64638578624
1t
0s
0r
1y
1c
1i
#64638579274
0t
0s
0r
1y
1c
1i
#64638579686
1t
0s
0r
1y
1c
1i
#64638580338
0t
0s
0r
1y
1c
1i
#64638580750
1t
0s
0r
1y
1c
1i
#64638581405
0t
0s
0r
1y
1c
0i
#64638581816
1t
0s
0r
1y
1c
0i
#64638582466
0t
0s
0r
1y
1c
0i
#64638582878
1t
0s
0r
1y
1c
0i
#64638583530
0t
0s
0r
1y
1c
0i
#64638583941
1t
0s
0r
1y
1c
0i
#64638584595
0t
0s
0r
1y
1c
0i
#64638585006
1t
0s
0r
1y
1c
0i
#64638585654
0t
0s
0r
1y
1c
0i
#64638586067
1t
0s
0r
1y
1c
0i
#64638586715
0t
0s
0r
1y
1c
0i
#64638587127
1t
0s
0r
1y
1c
0i
#64638587776
0t
0s
0r
1y
1c
0i
#64638588186
1t
0s
0r
1y
1c
0i
#64638588831
0t
0s
0r
1y
1c
0i
#64638589242
1t
0s
0r
1y
1c
0i
#64638589887
0t
0s
0r
1y
1c
0i
#64638590296
1t
0s
0r
1y
1c
0i
#64638590942
0t
0s
0r
1y
1c
0i
#64638591351
1t
0s
0r
1y
1c
0i
#64638591992
0t
0s
0r
1y
1c
0i
#64638592403
1t
0s
0r
1y
1c
0i
#64638593045
0t
0s
0r
1y
1c
0i
#64638593455
1t
0s
0r
1y
1c
0i
#64638594100
0t
0s
0r
1y
1c
0i
#64638594508
1t
0s
0r
1y
1c
0i
#64638596181
0t
0s
0r
1y
1c
0i
#64638597359
1t
0s
0r
1y
1c
0i
#64638598321
0t
0s
0r
1y
1c
0i
#64638598718
1t
0s
0r
1y
1c
0i
#64638599366
0t
0s
0r
1y
1c
0i
#64638599773
1t
0s
0r
1y
1c
0i
#64638600419
0t
0s
0r
1y
1c
0i
#64638600826
1t
0s
0r
1y
1c
0i
#64638601471
0t
0s
0r
1y
1c
0i
#64638601880
1t
0s
0r
1y
1c
0i
#64638602524
0t
0s
0r
1y
1c
0i
#64638602932
1t
0s
0r
1y
1c
0i
#64638603579
0t
0s
0r
1y
1c
0i
#64638603985
1t
0s
0r
1y
1c
0i
#64638604628
0t
0s
0r
1y
1c
0i
#64638605036
1t
0s
0r
1y
1c
0i
#64638605680
0t
0s
0r
1y
1c
0i
#64638606088
1t
0s
0r
1y
1c
0i
#64638606734
0t
0s
0r
1y
1c
0i
#64638607143
1t
0s
0r
1y
1c
0i
#64638607785
0t
0s
0r
1y
1c
0i
#64638608195
1t
0s
0r
1y
1c
0i
#64638608840
0t
0s
0r
1y
0c
0i
#64638609248
1t
0s
0r
1y
0c
0i
#64638609898
0t
0s
0r
1y
0c
0i
#64638610305
1t
0s
0r
1y
0c
1i
#64638610952
0t
0s
0r
1y
0c
1i
#64638611361
1t
0s
0r
1y
0c
1i
#64638612009
0t
0s
0r
1y
0c
1i
#64638612419
1t
0s
0r
1y
0c
1i
#64638613071
0t
0s
0r
1y
0c
0i
#64638613479
1t
0s
0r
1y
0c
0i
#64638614127
0t
0s
0r
1y
0c
0i
#64638614536
1t
0s
0r
1y
0c
0i
#64638615185
0t
0s
0r
1y
0c
0i
#64638615593
1t
0s
0r
1y
0c
0i
#64638616245
0t
0s
0r
1y
0c
0i
#64638616652
1t
0s
0r
1y
0c
0i
#64638617298
0t
0s
0r
1y
0c
0i
#64638617709
1t
0s
0r
1y
0c
0i
#64638618355
0t
0s
0r
1y
0c
0i
#64638618764
1t
0s
0r
1y
0c
0i
#64638619413
0t
0s
0r
1y
0c
0i
#64638619820
1t
0s
0r
1y
0c
0i
#64638620465
0t
0s
0r
1y
0c
0i
#64638620873
1t
0s
0r
1y
0c
0i
#64638621519
0t
0s
0r
1y
0c
0i
#64638621925
1t
0s
0r
1y
0c
0i
#64638622573
0t
0s
0r
1y
0c
0i
#64638622978
1t
0s
0r
1y
0c
0i
#64638623622
0t
0s
0r
1y
0c
0i
#64638624028
1t
0s
0r
1y
0c
0i
#64638624673
0t
0s
0r
1y
0c
0i
#64638625078
1t
0s
0r
1y
0c
0i
#64638625726
0t
0s
0r
1y
0c
0i
#64638626131
1t
0s
0r
1y
0c
0i
#64638626775
0t
0s
0r
1y
0c
0i
#64638627181
1t
0s
0r
1y
0c
0i
#64638627825
0t
0s
0r
1y
0c
0i
#64638628234
1t
0s
0r
1y
0c
0i
#64638628880
0t
0s
0r
1y
0c
0i
#64638629286
1t
0s
0r
1y
0c
0i
#64638629929
0t
0s
0r
1y
0c
0i
#64638630337
1t
0s
0r
1y
0c
0i
#64638630981
0t
0s
0r
1y
0c
0i
#64638631388
1t
0s
0r
1y
0c
0i
#64638632035
0t
0s
0r
1y
0c
0i
#64638632441
1t
0s
0r
1y
0c
0i
#64638633083
0t
0s
0r
1y
0c
0i
#64638633491
1t
0s
0r
1y
0c
0i
#64638634134
0t
0s
0r
1y
0c
0i
#64638634542
1t
0s
0r
1y
0c
0i
#64638635187
0t
0s
0r
1y
0c
0i
#64638635594
1t
0s
0r
1y
0c
0i
#64638636236
0t
0s
0r
1y
0c
0i
#64638636643
1t
0s
0r
1y
0c
0i
#64638637286
0t
0s
0r
1y
0c
0i
#64638637693
1t
0s
0r
1y
0c
0i
#64638638339
0t
0s
0r
1y
0c
0i
#64638638747
1t
0s
0r
1y
0c
0i
#64638639387
0t
0s
0r
1y
0c
0i
#64638639797
1t
0s
0r
1y
0c
0i
#64638640441
0t
0s
0r
1y
1c
0i
#64638640850
1t
0s
0r
1y
1c
0i
#64638641498
0t
0s
0r
1y
1c
0i
#64638641905
1t
0s
0r
1y
1c
1i
#64638642550
0t
0s
0r
1y
1c
1i
#64638642961
1t
0s
0r
1y
1c
1i
#64638643608
0t
0s
0r
1y
1c
1i
#64638644018
1t
0s
0r
1y
1c
1i
#64638644668
0t
0s
0r
1y
1c
0i
#64638645077
1t
0s
0r
1y
1c
0i
#64638645724
0t
0s
0r
1y
1c
0i
#64638646134
1t
0s
0r
1y
1c
0i
#64638646781
0t
0s
0r
1y
1c
0i
#64638647191
1t
0s
0r
1y
1c
0i
#64638647841
0t
0s
0r
1y
1c
0i
#64638648249
1t
0s
0r
1y
1c
0i
#64638648894
0t
0s
0r
1y
1c
0i
#64638649305
1t
0s
0r
1y
1c
0i
#64638649950
0t
0s
0r
1y
1c
0i
#64638650361
1t
0s
0r
1y
1c
0i
#64638651008
0t
0s
0r
1y
1c
0i
#64638651417
1t
0s
0r
1y
1c
0i
#64638652059
0t
0s
0r
1y
1c
0i
#64638652469
1t
0s
0r
1y
1c
0i
#64638653112
0t
0s
0r
1y
1c
0i
#64638653521
1t
0s
0r
1y
1c
0i
#64638654166
0t
0s
0r
1y
1c
0i
#64638654575
1t
0s
0r
1y
1c
0i
#64638655214
0t
0s
0r
1y
1c
0i
#64638655625
1t
0s
0r
1y
1c
0i
#64638656266
0t
0s
0r
1y
1c
0i
#64638656675
1t
0s
0r
1y
1c
0i
#64638657319
0t
0s
0r
1y
1c
0i
#64638657726
1t
0s
0r
1y
1c
0i
#64638659396
0t
0s
0r
1y
1c
0i
#64638660569
1t
0s
0r
1y
1c
0i
#64638661529
0t
0s
0r
1y
1c
0i
#64638661924
1t
0s
0r
1y
1c
0i
#64638662569
0t
0s
0r
1y
1c
0i
#64638662975
1t
0s
0r
1y
1c
0i
#64638663619
0t
0s
0r
1y
1c
0i
#64638664025
1t
0s
0r
1y
1c
0i
#64638664667
0t
0s
0r
1y
1c
0i
#64638665075
1t
0s
0r
1y
1c
0i
#64638665718
0t
0s
0r
1y
1c
0i
#64638666124
1t
0s
0r
1y
1c
0i
#64638666769
0t
0s
0r
1y
1c
0i
#64638667174
1t
0s
0r
1y
1c
0i
#64638667814
0t
0s
0r
1y
1c
0i
#64638668221
1t
0s
0r
1y
1c
0i
#64638668863
0t
0s
0r
1y
1c
0i
#64638669269
1t
0s
0r
1y
1c
0i
#64638669913
0t
0s
0r
1y
1c
0i
#64638670320
1t
0s
0r
1y
1c
0i
#64638670960
0t
0s
0r
1y
1c
0i
#64638671369
1t
0s
0r
1y
1c
0i
#64638672012
0t
0s
0r
1y
0c
0i
#64638672419
1t
0s
0r
1y
0c
0i
#64638673066
0t
0s
0r
1y
0c
0i
#64638673473
1t
0s
0r
1y
0c
1i
#64638674117
0t
0s
0r
1y
0c
1i
#64638674526
1t
0s
0r
1y
0c
1i
#64638675172
0t
0s
0r
1y
0c
1i
#64638675582
1t
0s
0r
1y
0c
1i
#64638675700
1t
0s
1r
1y
0c
1i
#64638675703
1t
0s
0r
1y
0c
1i
#64638676231
0t
0s
0r
1y
0c
0i
#64638676639
1t
0s
0r
1y
0c
0i
#64638677285
0t
0s
0r
1y
0c
0i
#64638677694
1t
0s
0r
1y
0c
0i
#64638678341
0t
0s
0r
1y
0c
0i
#64638678749
1t
0s
0r
1y
0c
0i
#64638679399
0t
0s
0r
1y
0c
0i
#64638679805
1t
0s
0r
1y
0c
0i
#64638680451
0t
0s
0r
1y
0c
0i
#64638680860
1t
0s
0r
1y
0c
0i
#64638681506
0t
0s
0r
1y
0c
0i
#64638681914
1t
0s
0r
1y
0c
0i
#64638682563
0t
0s
0r
1y
0c
0i
#64638682969
1t
0s
0r
1y
0c
0i
#64638683615
0t
0s
0r
1y
0c
0i
#64638684021
1t
0s
0r
1y
0c
0i
#64638684668
0t
0s
0r
1y
0c
0i
#64638685074
1t
0s
0r
1y
0c
0i
#64638685723
0t
0s
0r
1y
0c
0i
#64638686127
1t
0s
0r
1y
0c
0i
#64638686771
0t
0s
0r
1y
0c
0i
#64638687177
1t
0s
0r
1y
0c
0i
#64638687823
0t
0s
0r
1y
0c
0i
#64638688229
1t
0s
0r
1y
0c
0i
#64638688878
0t
0s
0r
1y
0c
0i
#64638689281
1t
0s
0r
1y
0c
0i
#64638689926
0t
0s
0r
1y
0c
0i
#64638690333
1t
0s
0r
1y
0c
0i
#64638690978
0t
0s
0r
1y
0c
0i
#64638691385
1t
0s
0r
1y
0c
0i
#64638692032
0t
0s
0r
1y
0c
0i
#64638692438
1t
0s
0r
1y
0c
0i
#64638693080
0t
0s
0r
1y
0c
0i
#64638693488
1t
0s
0r
1y
0c
0i
#64638694133
0t
0s
0r
1y
0c
0i
#64638694540
1t
0s
0r
1y
0c
0i
#64638695187
0t
0s
0r
1y
0c
0i
#64638695592
1t
0s
0r
1y
0c
0i
#64638696235
0t
0s
0r
1y
0c
0i
#64638696643
1t
0s
0r
1y
0c
0i
#64638697286
0t
0s
0r
1y
0c
0i
#64638697695
1t
0s
0r
1y
0c
0i
#64638698341
0t
0s
0r
1y
0c
0i
#64638698747
1t
0s
0r
1y
0c
0i
#64638699390
0t
0s
0r
1y
0c
0i
#64638699798
1t
0s
0r
1y
0c
0i
#64638700442
0t
0s
0r
1y
0c
0i
#64638700849
1t
0s
0r
1y
0c
0i
#64638701495
0t
0s
0r
1y
0c
0i
#64638701904
1t
0s
0r
1y
0c
0i
#64638702546
0t
0s
0r
1y
0c
0i
#64638702956
1t
0s
0r
1y
0c
0i
#64638703601
0t
0s
0r
1y
1c
0i
#64638704010
1t
0s
0r
1y
1c
0i
#64638704660
0t
0s
0r
1y
1c
0i
#64638705068
1t
0s
0r
1y
1c
1i
#64638705715
0t
0s
0r
1y
1c
1i
#64638706126
1t
0s
0r
1y
1c
1i
#64638706774
0t
0s
0r
1y
1c
1i
#64638707185
1t
0s
0r
1y
1c
1i
#64638707838
0t
0s
0r
1y
1c
0i
#64638708247
1t
0s
0r
1y
1c
0i
#64638708895
0t
0s
0r
1y
1c
0i
#64638709305
1t
0s
0r
1y
1c
0i
#64638709955
0t
0s
0r
1y
1c
0i
#64638710365
1t
0s
0r
1y
1c
0i
#64638711016
0t
0s
0r
1y
1c
0i
#64638711425
1t
0s
0r
1y
1c
0i
#64638712071
0t
0s
0r
1y
1c
0i
#64638712483
1t
0s
0r
1y
1c
0i
#64638713129
0t
0s
0r
1y
1c
0i
#64638713540
1t
0s
0r
1y
1c
0i
#64638714188
0t
0s
0r
1y
1c
0i
#64638714597
1t
0s
0r
1y
1c
0i
#64638715240
0t
0s
0r
1y
1c
0i
#64638715651
1t
0s
0r
1y
1c
0i
#64638716294
0t
0s
0r
1y
1c
0i
#64638716704
1t
0s
0r
1y
1c
0i
#64638717348
0t
0s
0r
1y
1c
0i
#64638717758
1t
0s
0r
1y
1c
0i
#64638718397
0t
0s
0r
1y
1c
0i
#64638718808
1t
0s
0r
1y
1c
0i
#64638719449
0t
0s
0r
1y
1c
0i
#64638719859
1t
0s
0r
1y
1c
0i
#64638720503
0t
0s
0r
1y
1c
0i
#64638720911
1t
0s
0r
1y
1c
0i
#64638722581
0t
0s
0r
1y
1c
0i
#64638723755
1t
0s
0r
1y
1c
0i
#64638724716
0t
0s
0r
1y
1c
0i
#64638725112
1t
0s
0r
1y
1c
0i
#64638725758
0t
0s
0r
1y
1c
0i
#64638726164
1t
0s
0r
1y
1c
0i
#64638726808
0t
0s
0r
1y
1c
0i
#64638727215
1t
0s
0r
1y
1c
0i
#64638727858
0t
0s
0r
1y
1c
0i
#64638728267
1t
0s
0r
1y
1c
0i
#64638728910
0t
0s
0r
1y
1c
0i
#64638729317
1t
0s
0r
1y
1c
0i
#64638729963
0t
0s
0r
1y
1c
0i
#64638730369
1t
0s
0r
1y
1c
0i
#64638731010
0t
0s
0r
1y
1c
0i
#64638731418
1t
0s
0r
1y
1c
0i
#64638732061
0t
0s
0r
1y
1c
0i
#64638732468
1t
0s
0r
1y
1c
0i
#64638733113
0t
0s
0r
1y
1c
0i
#64638733521
1t
0s
0r
1y
1c
0i
#64638734163
0t
0s
0r
1y
0c
0i
#64638734571
1t
0s
0r
1y
0c
0i
#64638735216
0t
0s
0r
1y
0c
0i
#64638735624
1t
0s
0r
1y
0c
0i
#64638736272
0t
0s
0r
1y
0c
0i
#64638736679
1t
0s
0r
1y
0c
1i
#64638737325
0t
0s
0r
1y
0c
1i
#64638737734
1t
0s
0r
1y
0c
1i
#64638738382
0t
0s
0r
1y
0c
1i
#64638738792
1t
0s
0r
1y
0c
1i
#64638739442
0t
0s
0r
1y
0c
0i
#64638739851
1t
0s
0r
1y
0c
0i
#64638740497
0t
0s
0r
1y
0c
0i
#64638740907
1t
0s
0r
1y
0c
0i
#64638741554
0t
0s
0r
1y
0c
0i
#64638741962
1t
0s
0r
1y
0c
0i
#64638742612
0t
0s
0r
1y
0c
0i
#64638743018
1t
0s
0r
1y
0c
0i
#64638743663
0t
0s
0r
1y
0c
0i
#64638744071
1t
0s
0r
1y
0c
0i
#64638744713
0t
0s
0r
1y
0c
0i
#64638745120
1t
0s
0r
1y
0c
0i
#64638745764
0t
0s
0r
1y
0c
0i
#64638746168
1t
0s
0r
1y
0c
0i
#64638746807
0t
0s
0r
1y
0c
0i
#64638747211
1t
0s
0r
1y
0c
0i
#64638747850
0t
0s
0r
1y
0c
0i
#64638748253
1t
0s
0r
1y
0c
0i
#64638748894
0t
0s
0r
1y
0c
0i
#64638749295
1t
0s
0r
1y
0c
0i
#64638749932
0t
0s
0r
1y
0c
0i
#64638750335
1t
0s
0r
1y
0c
0i
#64638750973
0t
0s
0r
1y
0c
0i
#64638751376
1t
0s
0r
1y
0c
0i
#64638752017
0t
0s
0r
1y
0c
0i
#64638752419
1t
0s
0r
1y
0c
0i
#64638753057
0t
0s
0r
1y
0c
0i
#64638753461
1t
0s
0r
1y
0c
0i
#64638754099
0t
0s
0r
1y
0c
0i
#64638754504
1t
0s
0r
1y
0c
0i
#64638755145
0t
0s
0r
1y
0c
0i
#64638755549
1t
0s
0r
1y
0c
0i
#64638756186
0t
0s
0r
1y
0c
0i
#64638756591
1t
0s
0r
1y
0c
0i
#64638757230
0t
0s
0r
1y
0c
0i
#64638757634
1t
0s
0r
1y
0c
0i
#64638758276
0t
0s
0r
1y
0c
0i
#64638758679
1t
0s
0r
1y
0c
0i
#64638759315
0t
0s
0r
1y
0c
0i
#64638759721
1t
0s
0r
1y
0c
0i
#64638760359
0t
0s
0r
1y
0c
0i
#64638760764
1t
0s
0r
1y
0c
0i
#64638761404
0t
0s
0r
1y
0c
0i
#64638761808
1t
0s
0r
1y
0c
0i
#64638762444
0t
0s
0r
1y
0c
0i
#64638762849
1t
0s
0r
1y
0c
0i
#64638763487
0t
0s
0r
1y
0c
0i
#64638763892
1t
0s
0r
1y
0c
0i
#64638764531
0t
0s
0r
1y
0c
0i
#64638764937
1t
0s
0r
1y
0c
0i
#64638765573
0t
0s
0r
1y
0c
0i
#64638765980
1t
0s
0r
1y
0c
0i
#64638766619
0t
0s
0r
1y
1c
0i
#64638767025
1t
0s
0r
1y
1c
0i
#64638767668
0t
0s
0r
1y
1c
0i
#64638768073
1t
0s
0r
1y
1c
1i
#64638768713
0t
0s
0r
1y
1c
1i
#64638769121
1t
0s
0r
1y
1c
1i
#64638769763
0t
0s
0r
1y
1c
1i
#64638770170
1t
0s
0r
1y
1c
1i
#64638770816
0t
0s
0r
1y
1c
0i
#64638771223
1t
0s
0r
1y
1c
0i
#64638771864
0t
0s
0r
1y
1c
0i
#64638772272
1t
0s
0r
1y
1c
0i
#64638772915
0t
0s
0r
1y
1c
0i
#64638773322
1t
0s
0r
1y
1c
0i
#64638773968
0t
0s
0r
1y
1c
0i
#64638774374
1t
0s
0r
1y
1c
0i
#64638775014
0t
0s
0r
1y
1c
0i
#64638775424
1t
0s
0r
1y
1c
0i
#64638776064
0t
0s
0r
1y
1c
0i
#64638776473
1t
0s
0r
1y
1c
0i
#64638777117
0t
0s
0r
1y
1c
0i
#64638777524
1t
0s
0r
1y
1c
0i
#64638778163
0t
0s
0r
1y
1c
0i
#64638778571
1t
0s
0r
1y
1c
0i
#64638779211
0t
0s
0r
1y
1c
0i
#64638779619
1t
0s
0r
1y
1c
0i
#64638780260
0t
0s
0r
1y
1c
0i
#64638780667
1t
0s
0r
1y
1c
0i
#64638781304
0t
0s
0r
1y
1c
0i
#64638781713
1t
0s
0r
1y
1c
0i
#64638782350
0t
0s
0r
1y
1c
0i
#64638782758
1t
0s
0r
1y
1c
0i
#64638783398
0t
0s
0r
1y
1c
0i
#64638783804
1t
0s
0r
1y
1c
0i
#64638785464
0t
0s
0r
1y
1c
0i
#64638786633
1t
0s
0r
1y
1c
0i
#64638787588
0t
0s
0r
1y
1c
0i
#64638787981
1t
0s
0r
1y
1c
0i
#64638788624
0t
0s
0r
1y
1c
0i
#64638789028
1t
0s
0r
1y
1c
0i
#64638789668
0t
0s
0r
1y
1c
0i
#64638790072
1t
0s
0r
1y
1c
0i
#64638790712
0t
0s
0r
1y
1c
0i
#64638791118
1t
0s
0r
1y
1c
0i
#64638791757
0t
0s
0r
1y
1c
0i
#64638792162
1t
0s
0r
1y
1c
0i
#64638792804
0t
0s
0r
1y
1c
0i
#64638793207
1t
0s
0r
1y
1c
0i
#64638793845
0t
0s
0r
1y
1c
0i
#64638794250
1t
0s
0r
1y
1c
0i
#64638794890
0t
0s
0r
1y
1c
0i
#64638795294
1t
0s
0r
1y
1c
0i
#64638795935
0t
0s
0r
1y
1c
0i
#64638796341
1t
0s
0r
1y
1c
0i
#64638796978
0t
0s
0r
1y
1c
0i
#64638797385
1t
0s
0r
1y
1c
0i
#64638798025
0t
0s
0r
1y
0c
0i
#64638798431
1t
0s
0r
1y
0c
0i
#64638799075
0t
0s
0r
1y
0c
0i
#64638799479
1t
0s
0r
1y
0c
1i
#64638800121
0t
0s
0r
1y
0c
1i
#64638800527
1t
0s
0r
1y
0c
1i
#64638801170
0t
0s
0r
1y
0c
1i
#64638801577
1t
0s
0r
1y
0c
1i
#64638801700
1t
0s
1r
1y
0c
1i
#64638801703
1t
0s
0r
1y
0c
1i
#64638802223
0t
0s
0r
1y
0c
0i
#64638802629
1t
0s
0r
1y
0c
0i
#64638803270
0t
0s
0r
1y
0c
0i
#64638803678
1t
0s
0r
1y
0c
0i
#64638804320
0t
0s
0r
1y
0c
0i
#64638804726
1t
0s
0r
1y
0c
0i
#64638805372
0t
0s
0r
1y
0c
0i
#64638805776
1t
0s
0r
1y
0c
0i
#64638806417
0t
0s
0r
1y
0c
0i
#64638806824
1t
0s
0r
1y
0c
0i
#64638807465
0t
0s
0r
1y
0c
0i
#64638807871
1t
0s
0r
1y
0c
0i
#64638808515
0t
0s
0r
1y
0c
0i
#64638808917
1t
0s
0r
1y
0c
0i
#64638809557
0t
0s
0r
1y
0c
0i
#64638809961
1t
0s
0r
1y
0c
0i
#64638810601
0t
0s
0r
1y
0c
0i
#64638811003
1t
0s
0r
1y
0c
0i
#64638811646
0t
0s
0r
1y
0c
0i
#64638812046
1t
0s
0r
1y
0c
0i
#64638812684
0t
0s
0r
1y
0c
0i
#64638813087
1t
0s
0r
1y
0c
0i
#64638813726
0t
0s
0r
1y
0c
0i
#64638814128
1t
0s
0r
1y
0c
0i
#64638814770
0t
0s
0r
1y
0c
0i
#64638815171
1t
0s
0r
1y
0c
0i
#64638815810
0t
0s
0r
1y
0c
0i
#64638816213
1t
0s
0r
1y
0c
0i
#64638816852
0t
0s
0r
1y
0c
0i
#64638817257
1t
0s
0r
1y
0c
0i
#64638817898
0t
0s
0r
1y
0c
0i
#64638818301
1t
0s
0r
1y
0c
0i
#64638818939
0t
0s
0r
1y
0c
0i
#64638819344
1t
0s
0r
1y
0c
0i
#64638819984
0t
0s
0r
1y
0c
0i
#64638820387
1t
0s
0r
1y
0c
0i
#64638821030
0t
0s
0r
1y
0c
0i
#64638821432
1t
0s
0r
1y
0c
0i
#64638822070
0t
0s
0r
1y
0c
0i
#64638822475
1t
0s
0r
1y
0c
0i
#64638823113
0t
0s
0r
1y
0c
0i
#64638823518
1t
0s
0r
1y
0c
0i
#64638824159
0t
0s
0r
1y
0c
0i
#64638824563
1t
0s
0r
1y
0c
0i
#64638825200
0t
0s
0r
1y
0c
0i
#64638825605
1t
0s
0r
1y
0c
0i
#64638826243
0t
0s
0r
1y
0c
0i
#64638826648
1t
0s
0r
1y
0c
0i
#64638827289
0t
0s
0r
1y
0c
0i
#64638827694
1t
0s
0r
1y
0c
0i
#64638828330
0t
0s
0r
1y
0c
0i
#64638828738
1t
0s
0r
1y
0c
0i
#64638829377
0t
0s
0r
1y
1c
0i
#64638829783
1t
0s
0r
1y
1c
0i
#64638830427
0t
0s
0r
1y
1c
0i
#64638830832
1t
0s
0r
1y
1c
1i
#64638831473
0t
0s
0r
1y
1c
1i
#64638831880
1t
0s
0r
1y
1c
1i
#64638832523
0t
0s
0r
1y
1c
1i
#64638832931
1t
0s
0r
1y
1c
1i
#64638833577
0t
0s
0r
1y
1c
0i
#64638833983
1t
0s
0r
1y
1c
0i
#64638834625
0t
0s
0r
1y
1c
0i
#64638835033
1t
0s
0r
1y
1c
0i
#64638835677
0t
0s
0r
1y
1c
0i
#64638836083
1t
0s
0r
1y
1c
0i
#64638836729
0t
0s
0r
1y
1c
0i
#64638837135
1t
0s
0r
1y
1c
0i
#64638837774
0t
0s
0r
1y
1c
0i
#64638838184
1t
0s
0r
1y
1c
0i
#64638838824
0t
0s
0r
1y
1c
0i
#64638839232
1t
0s
0r
1y
1c
0i
#64638839874
0t
0s
0r
1y
1c
0i
#64638840280
1t
0s
0r
1y
1c
0i
#64638840916
0t
0s
0r
1y
1c
0i
#64638841323
1t
0s
0r
1y
1c
0i
#64638841959
0t
0s
0r
1y
1c
0i
#64638842365
1t
0s
0r
1y
1c
0i
#64638843003
0t
0s
0r
1y
1c
0i
#64638843408
1t
0s
0r
1y
1c
0i
#64638844041
0t
0s
0r
1y
1c
0i
#64638844448
1t
0s
0r
1y
1c
0i
#64638845082
0t
0s
0r
1y
1c
0i
#64638845488
1t
0s
0r
1y
1c
0i
#64638846125
0t
0s
0r
1y
1c
0i
#64638846529
1t
0s
0r
1y
1c
0i
#64638848182
0t
0s
0r
1y
1c
0i
#64638849347
1t
0s
0r
1y
1c
0i
#64638850297
0t
0s
0r
1y
1c
0i
#64638850690
1t
0s
0r
1y
1c
0i
#64638851329
0t
0s
0r
1y
1c
0i
#64638851733
1t
0s
0r
1y
1c
0i
#64638852370
0t
0s
0r
1y
1c
0i
#64638852773
1t
0s
0r
1y
1c
0i
#64638853410
0t
0s
0r
1y
1c
0i
#64638853815
1t
0s
0r
1y
1c
0i
#64638854451
0t
0s
0r
1y
1c
0i
#64638854855
1t
0s
0r
1y
1c
0i
#64638855494
0t
0s
0r
1y
1c
0i
#64638855896
1t
0s
0r
1y
1c
0i
#64638856530
0t
0s
0r
1y
1c
0i
#64638856935
1t
0s
0r
1y
1c
0i
#64638857571
0t
0s
0r
1y
1c
0i
#64638857974
1t
0s
0r
1y
1c
0i
#64638858612
0t
0s
0r
1y
1c
0i
#64638859016
1t
0s
0r
1y
1c
0i
#64638859650
0t
0s
0r
1y
1c
0i
#64638860056
1t
0s
0r
1y
1c
0i
#64638860692
0t
0s
0r
1y
0c
0i
#64638861097
1t
0s
0r
1y
0c
0i
#64638861738
0t
0s
0r
1y
0c
0i
#64638862141
1t
0s
0r
1y
0c
1i
#64638862780
0t
0s
0r
1y
0c
1i
#64638863185
1t
0s
0r
1y
0c
1i
#64638863825
0t
0s
0r
1y
0c
1i
#64638864230
1t
0s
0r
1y
0c
1i
#64638864873
0t
0s
0r
1y
0c
0i
#64638865278
1t
0s
0r
1y
0c
0i
#64638865917
0t
0s
0r
1y
0c
0i
#64638866322
1t
0s
0r
1y
0c
0i
#64638866963
0t
0s
0r
1y
0c
0i
#64638867366
1t
0s
0r
1y
0c
0i
#64638868010
0t
0s
0r
1y
0c
0i
#64638868412
1t
0s
0r
1y
0c
0i
#64638869050
0t
0s
0r
1y
0c
0i
#64638869456
1t
0s
0r
1y
0c
0i
#64638870094
0t
0s
0r
1y
0c
0i
#64638870498
1t
0s
0r
1y
0c
0i
#64638871139
0t
0s
0r
1y
0c
0i
#64638871542
1t
0s
0r
1y
0c
0i
#64638872180
0t
0s
0r
1y
0c
0i
#64638872583
1t
0s
0r
1y
0c
0i
#64638873221
0t
0s
0r
1y
0c
0i
#64638873624
1t
0s
0r
1y
0c
0i
#64638874265
0t
0s
0r
1y
0c
0i
#64638874666
1t
0s
0r
1y
0c
0i
#64638875303
0t
0s
0r
1y
0c
0i
#64638875705
1t
0s
0r
1y
0c
0i
#64638876344
0t
0s
0r
1y
0c
0i
#64638876746
1t
0s
0r
1y
0c
0i
#64638877388
0t
0s
0r
1y
0c
0i
#64638877788
1t
0s
0r
1y
0c
0i
#64638878426
0t
0s
0r
1y
0c
0i
#64638878829
1t
0s
0r
1y
0c
0i
#64638879466
0t
0s
0r
1y
0c
0i
#64638879870
1t
0s
0r
1y
0c
0i
#64638880510
0t
0s
0r
1y
0c
0i
#64638880913
1t
0s
0r
1y
0c
0i
#64638881548
0t
0s
0r
1y
0c
0i
#64638881952
1t
0s
0r
1y
0c
0i
#64638882589
0t
0s
0r
1y
0c
0i
#64638882993
1t
0s
0r
1y
0c
0i
#64638883633
0t
0s
0r
1y
0c
0i
#64638884035
1t
0s
0r
1y
0c
0i
#64638884669
0t
0s
0r
1y
0c
0i
#64638885074
1t
0s
0r
1y
0c
0i
#64638885710
0t
0s
0r
1y
0c
0i
#64638886114
1t
0s
0r
1y
0c
0i
#64638886753
0t
0s
0r
1y
0c
0i
#64638887155
1t
0s
0r
1y
0c
0i
#64638887789
0t
0s
0r
1y
0c
0i
#64638888193
1t
0s
0r
1y
0c
0i
#64638888829
0t
0s
0r
1y
0c
0i
#64638889232
1t
0s
0r
1y
0c
0i
#64638889870
0t
0s
0r
1y
0c
0i
#64638890274
1t
0s
0r
1y
0c
0i
#64638890908
0t
0s
0r
1y
0c
0i
#64638891314
1t
0s
0r
1y
0c
0i
#64638891950
0t
0s
0r
1y
1c
0i
#64638892355
1t
0s
0r
1y
1c
0i
#64638892995
0t
0s
0r
1y
1c
0i
#64638893400
1t
0s
0r
1y
1c
1i
#64638894037
0t
0s
0r
1y
1c
1i
#64638894444
1t
0s
0r
1y
1c
1i
#64638895084
0t
0s
0r
1y
1c
1i
#64638895490
1t
0s
0r
1y
1c
1i
#64638896134
0t
0s
0r
1y
1c
0i
#64638896539
1t
0s
0r
1y
1c
0i
#64638897179
0t
0s
0r
1y
1c
0i
#64638897585
1t
0s
0r
1y
1c
0i
#64638898226
0t
0s
0r
1y
1c
0i
#64638898632
1t
0s
0r
1y
1c
0i
#64638899276
0t
0s
0r
1y
1c
0i
#64638899680
1t
0s
0r
1y
1c
0i
#64638900318
0t
0s
0r
1y
1c
0i
#64638900726
1t
0s
0r
1y
1c
0i
#64638901364
0t
0s
0r
1y
1c
0i
#64638901772
1t
0s
0r
1y
1c
0i
#64638902412
0t
0s
0r
1y
1c
0i
#64638902818
1t
0s
0r
1y
1c
0i
#64638903454
0t
0s
0r
1y
1c
0i
#64638903861
1t
0s
0r
1y
1c
0i
#64638904498
0t
0s
0r
1y
1c
0i
#64638904904
1t
0s
0r
1y
1c
0i
#64638905542
0t
0s
0r
1y
1c
0i
#64638905948
1t
0s
0r
1y
1c
0i
#64638906581
0t
0s
0r
1y
1c
0i
#64638906989
1t
0s
0r
1y
1c
0i
#64638907624
0t
0s
0r
1y
1c
0i
#64638908030
1t
0s
0r
1y
1c
0i
#64638908668
0t
0s
0r
1y
1c
0i
#64638909072
1t
0s
0r
1y
1c
0i
#64638910725
0t
0s
0r
1y
1c
0i
#64638911889
1t
0s
0r
1y
1c
0i
#64638912840
0t
0s
0r
1y
1c
0i
#64638913232
1t
0s
0r
1y
1c
0i
#64638913871
0t
0s
0r
1y
1c
0i
#64638914274
1t
0s
0r
1y
1c
0i
#64638914911
0t
0s
0r
1y
1c
0i
#64638915314
1t
0s
0r
1y
1c
0i
#64638915950
0t
0s
0r
1y
1c
0i
#64638916355
1t
0s
0r
1y
1c
0i
#64638916991
0t
0s
0r
1y
1c
0i
#64638917394
1t
0s
0r
1y
1c
0i
#64638918033
0t
0s
0r
1y
1c
0i
#64638918435
1t
0s
0r
1y
1c
0i
#64638919069
0t
0s
0r
1y
1c
0i
#64638919473
1t
0s
0r
1y
1c
0i
#64638920108
0t
0s
0r
1y
1c
0i
#64638920512
1t
0s
0r
1y
1c
0i
#64638921149
0t
0s
0r
1y
1c
0i
#64638921554
1t
0s
0r
1y
1c
0i
#64638922188
0t
0s
0r
1y
1c
0i
#64638922593
1t
0s
0r
1y
1c
0i
#64638923230
0t
0s
0r
1y
0c
0i
#64638923635
1t
0s
0r
1y
0c
0i
#64638924276
0t
0s
0r
1y
0c
0i
#64638924679
1t
0s
0r
1y
0c
1i
#64638925318
0t
0s
0r
1y
0c
1i
#64638925723
1t
0s
0r
1y
0c
1i
#64638926363
0t
0s
0r
1y
0c
1i
#64638926769
1t
0s
0r
1y
0c
1i
#64638926857
1t
0s
1r
1y
0c
1i
#64638926860
1t
0s
0r
1y
0c
1i
#64638927412
0t
0s
0r
1y
0c
0i
#64638927817
1t
0s
0r
1y
0c
0i
#64638928457
0t
0s
0r
1y
0c
0i
#64638928863
1t
0s
0r
1y
0c
0i
#64638929503
0t
0s
0r
1y
0c
0i
#64638929908
1t
0s
0r
1y
0c
0i
#64638930551
0t
0s
0r
1y
0c
0i
#64638930954
1t
0s
0r
1y
0c
0i
#64638931593
0t
0s
0r
1y
0c
0i
#64638931999
1t
0s
0r
1y
0c
0i
#64638932638
0t
0s
0r
1y
0c
0i
#64638933043
1t
0s
0r
1y
0c
0i
#64638933685
0t
0s
0r
1y
0c
0i
#64638934088
1t
0s
0r
1y
0c
0i
#64638934726
0t
0s
0r
1y
0c
0i
#64638935130
1t
0s
0r
1y
0c
0i
#64638935770
0t
0s
0r
1y
0c
0i
#64638936172
1t
0s
0r
1y
0c
0i
#64638936815
0t
0s
0r
1y
0c
0i
#64638937215
1t
0s
0r
1y
0c
0i
#64638937853
0t
0s
0r
1y
0c
0i
#64638938255
1t
0s
0r
1y
0c
0i
#64638938894
0t
0s
0r
1y
0c
0i
#64638939296
1t
0s
0r
1y
0c
0i
#64638939938
0t
0s
0r
1y
0c
0i
#64638940339
1t
0s
0r
1y
0c
0i
#64638940977
0t
0s
0r
1y
0c
0i
#64638941380
1t
0s
0r
1y
0c
0i
#64638942019
0t
0s
0r
1y
0c
0i
#64638942423
1t
0s
0r
1y
0c
0i
#64638943063
0t
0s
0r
1y
0c
0i
#64638943466
1t
0s
0r
1y
0c
0i
#64638944102
0t
0s
0r
1y
0c
0i
#64638944506
1t
0s
0r
1y
0c
0i
#64638945144
0t
0s
0r
1y
0c
0i
#64638945548
1t
0s
0r
1y
0c
0i
#64638946189
0t
0s
0r
1y
0c
0i
#64638946591
1t
0s
0r
1y
0c
0i
#64638947227
0t
0s
0r
1y
0c
0i
#64638947632
1t
0s
0r
1y
0c
0i
#64638948269
0t
0s
0r
1y
0c
0i
#64638948673
1t
0s
0r
1y
0c
0i
#64638949313
0t
0s
0r
1y
0c
0i
#64638949716
1t
0s
0r
1y
0c
0i
#64638950352
0t
0s
0r
1y
0c
0i
#64638950756
1t
0s
0r
1y
0c
0i
#64638951394
0t
0s
0r
1y
0c
0i
#64638951798
1t
0s
0r
1y
0c
0i
#64638952437
0t
0s
0r
1y
0c
0i
#64638952843
1t
0s
0r
1y
0c
0i
#64638953478
0t
0s
0r
1y
0c
0i
#64638953885
1t
0s
0r
1y
0c
0i
#64638954523
0t
0s
0r
1y
1c
0i
#64638954929
1t
0s
0r
1y
1c
0i
#64638955573
0t
0s
0r
1y
1c
0i
#64638955977
1t
0s
0r
1y
1c
1i
#64638956617
0t
0s
0r
1y
1c
1i
#64638957024
1t
0s
0r
1y
1c
1i
#64638957667
0t
0s
0r
1y
1c
1i
#64638958074
1t
0s
0r
1y
1c
1i
#64638958720
0t
0s
0r
1y
1c
0i
#64638959125
1t
0s
0r
1y
1c
0i
#64638959766
0t
0s
0r
1y
1c
0i
#64638960174
1t
0s
0r
1y
1c
0i
#64638960817
0t
0s
0r
1y
1c
0i
#64638961223
1t
0s
0r
1y
1c
0i
#64638961868
0t
0s
0r
1y
1c
0i
#64638962274
1t
0s
0r
1y
1c
0i
#64638962913
0t
0s
0r
1y
1c
0i
#64638963322
1t
0s
0r
1y
1c
0i
#64638963961
0t
0s
0r
1y
1c
0i
#64638964369
1t
0s
0r
1y
1c
0i
#64638965010
0t
0s
0r
1y
1c
0i
#64638965416
1t
0s
0r
1y
1c
0i
#64638966054
0t
0s
0r
1y
1c
0i
#64639101760
1t
0s
0r
1y
1c
0i
#64639102394
0t
0s
0r
1y
1c
0i
#64639102795
1t
0s
0r
1y
1c
0i
#64639103428
0t
0s
0r
1y
1c
0i
#64639103831
1t
0s
0r
1y
1c
0i
#64639104463
0t
0s
0r
1y
1c
0i
#64639104865
1t
0s
0r
1y
1c
0i
#64639105499
0t
0s
0r
1y
1c
0i
#64639105899
1t
0s
0r
1y
1c
0i
#64639106530
0t
0s
0r
1y
1c
0i
#64639106932
1t
0s
0r
1y
1c
0i
#64639107564
0t
0s
0r
1y
1c
0i
#64639107965
1t
0s
0r
1y
1c
0i
#64639108600
0t
0s
0r
1y
1c
0i
#64639109001
1t
0s
0r
1y
1c
0i
#64639109632
0t
0s
0r
1y
1c
0i
#64639110035
1t
0s
0r
1y
1c
0i
#64639110668
0t
0s
0r
1y
0c
0i
#64639111070
1t
0s
0r
1y
0c
0i
#64639111707
0t
0s
0r
1y
0c
0i
#64639112108
1t
0s
0r
1y
0c
1i
#64639112742
0t
0s
0r
1y
0c
1i
#64639113145
1t
0s
0r
1y
0c
1i
#64639113781
0t
0s
0r
1y
0c
1i
#64639114185
1t
0s
0r
1y
0c
1i
#64639114824
0t
0s
0r
1y
0c
0i
#64639115226
1t
0s
0r
1y
0c
0i
#64639115862
0t
0s
0r
1y
0c
0i
#64639116265
1t
0s
0r
1y
0c
0i
#64639116901
0t
0s
0r
1y
0c
0i
#64639117304
1t
0s
0r
1y
0c
0i
#64639117943
0t
0s
0r
1y
0c
0i
#64639118344
1t
0s
0r
1y
0c
0i
#64639118978
0t
0s
0r
1y
0c
0i
#64639119382
1t
0s
0r
1y
0c
0i
#64639120017
0t
0s
0r
1y
0c
0i
#64639120419
1t
0s
0r
1y
0c
0i
#64639121056
0t
0s
0r
1y
0c
0i
#64639121456
1t
0s
0r
1y
0c
0i
#64639122089
0t
0s
0r
1y
0c
0i
#64639122490
1t
0s
0r
1y
0c
0i
#64639123123
0t
0s
0r
1y
0c
0i
#64639123523
1t
0s
0r
1y
0c
0i
#64639124159
0t
0s
0r
1y
0c
0i
#64639124556
1t
0s
0r
1y
0c
0i
#64639125187
0t
0s
0r
1y
0c
0i
#64639125586
1t
0s
0r
1y
0c
0i
#64639126218
0t
0s
0r
1y
0c
0i
#64639126617
1t
0s
0r
1y
0c
0i
#64639127251
0t
0s
0r
1y
0c
0i
#64639127649
1t
0s
0r
1y
0c
0i
#64639128280
0t
0s
0r
1y
0c
0i
#64639128679
1t
0s
0r
1y
0c
0i
#64639129310
0t
0s
0r
1y
0c
0i
#64639129711
1t
0s
0r
1y
0c
0i
#64639130345
0t
0s
0r
1y
0c
0i
#64639130744
1t
0s
0r
1y
0c
0i
#64639131374
0t
0s
0r
1y
0c
0i
#64639131775
1t
0s
0r
1y
0c
0i
#64639132406
0t
0s
0r
1y
0c
0i
#64639132806
1t
0s
0r
1y
0c
0i
#64639133440
0t
0s
0r
1y
0c
0i
#64639133839
1t
0s
0r
1y
0c
0i
#64639134468
0t
0s
0r
1y
0c
0i
#64639134869
1t
0s
0r
1y
0c
0i
#64639135499
0t
0s
0r
1y
0c
0i
#64639135900
1t
0s
0r
1y
0c
0i
#64639136532
0t
0s
0r
1y
0c
0i
#64639136932
1t
0s
0r
1y
0c
0i
#64639137560
0t
0s
0r
1y
0c
0i
#64639137961
1t
0s
0r
1y
0c
0i
#64639138591
0t
0s
0r
1y
0c
0i
#64639138991
1t
0s
0r
1y
0c
0i
#64639139622
0t
0s
0r
1y
0c
0i
#64639140024
1t
0s
0r
1y
0c
0i
#64639140651
0t
0s
0r
1y
0c
0i
#64639141054
1t
0s
0r
1y
0c
0i
#64639141685
0t
0s
0r
1y
1c
0i
#64639142087
1t
0s
0r
1y
1c
0i
#64639142721
0t
0s
0r
1y
1c
0i
#64639143122
1t
0s
0r
1y
1c
1i
#64639143754
0t
0s
0r
1y
1c
1i
#64639144157
1t
0s
0r
1y
1c
1i
#64639144791
0t
0s
0r
1y
1c
1i
#64639145194
1t
0s
0r
1y
1c
1i
#64639145832
0t
0s
0r
1y
1c
0i
#64639146233
1t
0s
0r
1y
1c
0i
#64639146867
0t
0s
0r
1y
1c
0i
#64639147270
1t
0s
0r
1y
1c
0i
#64639147904
0t
0s
0r
1y
1c
0i
#64639148307
1t
0s
0r
1y
1c
0i
#64639148944
0t
0s
0r
1y
1c
0i
#64639149346
1t
0s
0r
1y
1c
0i
#64639149978
0t
0s
0r
1y
1c
0i
#64639150382
1t
0s
0r
1y
1c
0i
#64639151014
0t
0s
0r
1y
1c
0i
#64639151418
1t
0s
0r
1y
1c
0i
#64639152053
0t
0s
0r
1y
1c
0i
#64639152455
1t
0s
0r
1y
1c
0i
#64639153086
0t
0s
0r
1y
1c
0i
#64639153489
1t
0s
0r
1y
1c
0i
#64639154120
0t
0s
0r
1y
1c
0i
#64639154523
1t
0s
0r
1y
1c
0i
#64639155155
0t
0s
0r
1y
1c
0i
#64639155558
1t
0s
0r
1y
1c
0i
#64639156186
0t
0s
0r
1y
1c
0i
#64639156589
1t
0s
0r
1y
1c
0i
#64639157218
0t
0s
0r
1y
1c
0i
#64639157621
1t
0s
0r
1y
1c
0i
#64639158253
0t
0s
0r
1y
1c
0i
#64639158654
1t
0s
0r
1y
1c
0i
#64639160292
0t
0s
0r
1y
1c
0i
#64639161447
1t
0s
0r
1y
1c
0i
#64639162387
0t
0s
0r
1y
1c
0i
#64639162776
1t
0s
0r
1y
1c
0i
#64639163409
0t
0s
0r
1y
1c
0i
#64639163808
1t
0s
0r
1y
1c
0i
#64639164439
0t
0s
0r
1y
1c
0i
#64639164839
1t
0s
0r
1y
1c
0i
#64639165468
0t
0s
0r
1y
1c
0i
#64639165870
1t
0s
0r
1y
1c
0i
#64639166500
0t
0s
0r
1y
1c
0i
#64639166900
1t
0s
0r
1y
1c
0i
#64639167532
0t
0s
0r
1y
1c
0i
#64639167930
1t
0s
0r
1y
1c
0i
#64639168558
0t
0s
0r
1y
1c
0i
#64639168959
1t
0s
0r
1y
1c
0i
#64639169589
0t
0s
0r
1y
1c
0i
#64639169989
1t
0s
0r
1y
1c
0i
#64639170621
0t
0s
0r
1y
1c
0i
#64639171021
1t
0s
0r
1y
1c
0i
#64639171650
0t
0s
0r
1y
0c
0i
#64639172052
1t
0s
0r
1y
0c
0i
#64639172682
0t
0s
0r
1y
0c
0i
#64639173084
1t
0s
0r
1y
0c
0i
#64639173719
0t
0s
0r
1y
0c
0i
#64639174119
1t
0s
0r
1y
0c
1i
#64639174751
0t
0s
0r
1y
0c
1i
#64639175153
1t
0s
0r
1y
0c
1i
#64639175787
0t
0s
0r
1y
0c
1i
#64639176189
1t
0s
0r
1y
0c
1i
#64639176307
1t
0s
1r
1y
0c
1i
#64639176310
1t
0s
0r
1y
0c
1i
#64639176827
0t
0s
0r
1y
0c
0i
#64639177228
1t
0s
0r
1y
0c
0i
#64639177861
0t
0s
0r
1y
0c
0i
#64639178263
1t
0s
0r
1y
0c
0i
#64639178898
0t
0s
0r
1y
0c
0i
#64639179299
1t
0s
0r
1y
0c
0i
#64639179936
0t
0s
0r
1y
0c
0i
#64639180335
1t
0s
0r
1y
0c
0i
#64639180968
0t
0s
0r
1y
0c
0i
#64639181371
1t
0s
0r
1y
0c
0i
#64639182004
0t
0s
0r
1y
0c
0i
#64639182406
1t
0s
0r
1y
0c
0i
#64639183042
0t
0s
0r
1y
0c
0i
#64639183442
1t
0s
0r
1y
0c
0i
#64639184075
0t
0s
0r
1y
0c
0i
#64639184476
1t
0s
0r
1y
0c
0i
#64639185110
0t
0s
0r
1y
0c
0i
#64639185510
1t
0s
0r
1y
0c
0i
#64639186148
0t
0s
0r
1y
0c
0i
#64639186546
1t
0s
0r
1y
0c
0i
#64639187179
0t
0s
0r
1y
0c
0i
#64639187579
1t
0s
0r
1y
0c
0i
#64639188214
0t
0s
0r
1y
0c
0i
#64639188613
1t
0s
0r
1y
0c
0i
#64639189251
0t
0s
0r
1y
0c
0i
#64639189649
1t
0s
0r
1y
0c
0i
#64639190283
0t
0s
0r
1y
0c
0i
#64639190683
1t
0s
0r
1y
0c
0i
#64639191317
0t
0s
0r
1y
0c
0i
#64639191719
1t
0s
0r
1y
0c
0i
#64639192355
0t
0s
0r
1y
0c
0i
#64639192755
1t
0s
0r
1y
0c
0i
#64639193386
0t
0s
0r
1y
0c
0i
#64639193788
1t
0s
0r
1y
0c
0i
#64639194422
0t
0s
0r
1y
0c
0i
#64639194823
1t
0s
0r
1y
0c
0i
#68934069056
1t
0s
0r
1y
1c
0i
#68934069690
0t
0s
0r
1y
1c
0i
#68934070091
1t
0s
0r
1y
1c
0i
#68934070724
0t
0s
0r
1y
1c
0i
#68934071127
1t
0s
0r
1y
1c
0i
#68934071759
0t
0s
0r
1y
1c
0i
#68934072161
1t
0s
0r
1y
1c
0i
#68934072795
0t
0s
0r
1y
1c
0i
#68934073195
1t
0s
0r
1y
1c
0i
#68934073826
0t
0s
0r
1y
1c
0i
#68934074228
1t
0s
0r
1y
1c
0i
#68934074860
0t
0s
0r
1y
1c
0i
#68934075261
1t
0s
0r
1y
1c
0i
#68934075896
0t
0s
0r
1y
1c
0i
#68934076297
1t
0s
0r
1y
1c
0i
#68934076928
0t
0s
0r
1y
1c
0i
#68934077331
1t
0s
0r
1y
1c
0i
#68934077964
0t
0s
0r
1y
0c
0i
#68934078366
1t
0s
0r
1y
0c
0i
#68934079003
0t
0s
0r
1y
0c
0i
#68934079404
1t
0s
0r
1y
0c
1i
#68934080038
0t
0s
0r
1y
0c
1i
#68934080441
1t
0s
0r
1y
0c
1i
#68934081077
0t
0s
0r
1y
0c
1i
#68934081481
1t
0s
0r
1y
0c
1i
#68934082120
0t
0s
0r
1y
0c
0i
#68934082522
1t
0s
0r
1y
0c
0i
#68934083158
0t
0s
0r
1y
0c
0i
#68934083561
1t
0s
0r
1y
0c
0i
#68934084197
0t
0s
0r
1y
0c
0i
#68934084600
1t
0s
0r
1y
0c
0i
#68934085239
0t
0s
0r
1y
0c
0i
#68934085640
1t
0s
0r
1y
0c
0i
#68934086274
0t
0s
0r
1y
0c
0i
#68934086678
1t
0s
0r
1y
0c
0i
#68934087313
0t
0s
0r
1y
0c
0i
#68934087715
1t
0s
0r
1y
0c
0i
#68934088352
0t
0s
0r
1y
0c
0i
#68934088752
1t
0s
0r
1y
0c
0i
#68934089385
0t
0s
0r
1y
0c
0i
#68934089786
1t
0s
0r
1y
0c
0i
#68934090419
0t
0s
0r
1y
0c
0i
#68934090819
1t
0s
0r
1y
0c
0i
#68934091455
0t
0s
0r
1y
0c
0i
#68934091852
1t
0s
0r
1y
0c
0i
#68934092483
0t
0s
0r
1y
0c
0i
#68934092882
1t
0s
0r
1y
0c
0i
#68934093514
0t
0s
0r
1y
0c
0i
#68934093913
1t
0s
0r
1y
0c
0i
#68934094547
0t
0s
0r
1y
0c
0i
#68934094945
1t
0s
0r
1y
0c
0i
#68934095576
0t
0s
0r
1y
0c
0i
#68934095975
1t
0s
0r
1y
0c
0i
#68934096606
0t
0s
0r
1y
0c
0i
#68934097007
1t
0s
0r
1y
0c
0i
#68934097641
0t
0s
0r
1y
0c
0i
#68934098040
1t
0s
0r
1y
0c
0i
#68934098670
0t
0s
0r
1y
0c
0i
#68934099071
1t
0s
0r
1y
0c
0i
#68934099702
0t
0s
0r
1y
0c
0i
#68934100102
1t
0s
0r
1y
0c
0i
#68934100736
0t
0s
0r
1y
0c
0i
#68934101135
1t
0s
0r
1y
0c
0i
#68934101764
0t
0s
0r
1y
0c
0i
#68934102165
1t
0s
0r
1y
0c
0i
#68934102795
0t
0s
0r
1y
0c
0i
#68934103196
1t
0s
0r
1y
0c
0i
#68934103828
0t
0s
0r
1y
0c
0i
#68934104228
1t
0s
0r
1y
0c
0i
#68934104856
0t
0s
0r
1y
0c
0i
#68934105257
1t
0s
0r
1y
0c
0i
#68934105887
0t
0s
0r
1y
0c
0i
#68934106287
1t
0s
0r
1y
0c
0i
#68934106918
0t
0s
0r
1y
0c
0i
#68934107320
1t
0s
0r
1y
0c
0i
#68934107947
0t
0s
0r
1y
0c
0i
#68934108350
1t
0s
0r
1y
0c
0i
#68934108981
0t
0s
0r
1y
1c
0i
#68934109383
1t
0s
0r
1y
1c
0i
#68934110017
0t
0s
0r
1y
1c
0i
#68934110418
1t
0s
0r
1y
1c
1i
#68934111050
0t
0s
0r
1y
1c
1i
#68934111453
1t
0s
0r
1y
1c
1i
#68934112087
0t
0s
0r
1y
1c
1i
#68934112490
1t
0s
0r
1y
1c
1i
#68934113128
0t
0s
0r
1y
1c
0i
#68934113529
1t
0s
0r
1y
1c
0i
#68934114163
0t
0s
0r
1y
1c
0i
#68934114566
1t
0s
0r
1y
1c
0i
#68934115200
0t
0s
0r
1y
1c
0i
#68934115603
1t
0s
0r
1y
1c
0i
#68934116240
0t
0s
0r
1y
1c
0i
#68934116642
1t
0s
0r
1y
1c
0i
#68934117274
0t
0s
0r
1y
1c
0i
#68934117678
1t
0s
0r
1y
1c
0i
#68934118310
0t
0s
0r
1y
1c
0i
#68934118714
1t
0s
0r
1y
1c
0i
#68934119349
0t
0s
0r
1y
1c
0i
#68934119751
1t
0s
0r
1y
1c
0i
#68934120382
0t
0s
0r
1y
1c
0i
#68934120785
1t
0s
0r
1y
1c
0i
#68934121416
0t
0s
0r
1y
1c
0i
#68934121819
1t
0s
0r
1y
1c
0i
#68934122451
0t
0s
0r
1y
1c
0i
#68934122854
1t
0s
0r
1y
1c
0i
#68934123482
0t
0s
0r
1y
1c
0i
#68934123885
1t
0s
0r
1y
1c
0i
#68934124514
0t
0s
0r
1y
1c
0i
#68934124917
1t
0s
0r
1y
1c
0i
#68934125549
0t
0s
0r
1y
1c
0i
#68934125950
1t
0s
0r
1y
1c
0i
#68934127588
0t
0s
0r
1y
1c
0i
#68934128743
1t
0s
0r
1y
1c
0i
#68934129683
0t
0s
0r
1y
1c
0i
#68934130072
1t
0s
0r
1y
1c
0i
#68934130705
0t
0s
0r
1y
1c
0i
#68934131104
1t
0s
0r
1y
1c
0i
#68934131735
0t
0s
0r
1y
1c
0i
#68934132135
1t
0s
0r
1y
1c
0i
#68934132764
0t
0s
0r
1y
1c
0i
#68934133166
1t
0s
0r
1y
1c
0i
#68934133796
0t
0s
0r
1y
1c
0i
#68934134196
1t
0s
0r
1y
1c
0i
#68934134828
0t
0s
0r
1y
1c
0i
#68934135226
1t
0s
0r
1y
1c
0i
#68934135854
0t
0s
0r
1y
1c
0i
#68934136255
1t
0s
0r
1y
1c
0i
#68934136885
0t
0s
0r
1y
1c
0i
#68934137285
1t
0s
0r
1y
1c
0i
#68934137917
0t
0s
0r
1y
1c
0i
#68934138317
1t
0s
0r
1y
1c
0i
#68934138946
0t
0s
0r
1y
0c
0i
#68934139348
1t
0s
0r
1y
0c
0i
#68934139978
0t
0s
0r
1y
0c
0i
#68934140380
1t
0s
0r
1y
0c
0i
#68934141015
0t
0s
0r
1y
0c
0i
#68934141415
1t
0s
0r
1y
0c
1i
#68934142047
0t
0s
0r
1y
0c
1i
#68934142449
1t
0s
0r
1y
0c
1i
#68934143083
0t
0s
0r
1y
0c
1i
#68934143485
1t
0s
0r
1y
0c
1i
#68934143603
1t
0s
1r
1y
0c
1i
#68934143606
1t
0s
0r
1y
0c
1i
#68934144123
0t
0s
0r
1y
0c
0i
#68934144524
1t
0s
0r
1y
0c
0i
#68934145157
0t
0s
0r
1y
0c
0i
#68934145559
1t
0s
0r
1y
0c
0i
#68934146194
0t
0s
0r
1y
0c
0i
#68934146595
1t
0s
0r
1y
0c
0i
#68934147232
0t
0s
0r
1y
0c
0i
#68934147631
1t
0s
0r
1y
0c
0i
#68934148264
0t
0s
0r
1y
0c
0i
#68934148667
1t
0s
0r
1y
0c
0i
#68934149300
0t
0s
0r
1y
0c
0i
#68934149702
1t
0s
0r
1y
0c
0i
#68934150338
0t
0s
0r
1y
0c
0i
#68934150738
1t
0s
0r
1y
0c
0i
#68934151371
0t
0s
0r
1y
0c
0i
#68934151772
1t
0s
0r
1y
0c
0i
#68934152406
0t
0s
0r
1y
0c
0i
#68934152806
1t
0s
0r
1y
0c
0i
#68934153444
0t
0s
0r
1y
0c
0i
#68934153842
1t
0s
0r
1y
0c
0i
#68934154475
0t
0s
0r
1y
0c
0i
#68934154875
1t
0s
0r
1y
0c
0i
#68934155510
0t
0s
0r
1y
0c
0i
#68934155909
1t
0s
0r
1y
0c
0i
#68934156547
0t
0s
0r
1y
0c
0i
#68934156945
1t
0s
0r
1y
0c
0i
#68934157579
0t
0s
0r
1y
0c
0i
#68934157979
1t
0s
0r
1y
0c
0i
#68934158613
0t
0s
0r
1y
0c
0i
#68934159015
1t
0s
0r
1y
0c
0i
#68934159651
0t
0s
0r
1y
0c
0i
#68934160051
1t
0s
0r
1y
0c
0i
#68934160682
0t
0s
0r
1y
0c
0i
#68934161084
1t
0s
0r
1y
0c
0i
#68934161718
0t
0s
0r
1y
0c
0i
#68934162119
1t
0s
0r
1y
0c
0i
#68934162756
0t
0s
0r
1y
0c
0i
#68934163155
1t
0s
0r
1y
0c
0i
#68934163787
0t
0s
0r
1y
0c
0i
#68934164190
1t
0s
0r
1y
0c
0i
#68934164822
0t
0s
0r
1y
0c
0i
#68934165224
1t
0s
0r
1y
0c
0i
#68934165859
0t
0s
0r
1y
0c
0i
#68934166260
1t
0s
0r
1y
0c
0i
#68934166891
0t
0s
0r
1y
0c
0i
#68934167294
1t
0s
0r
1y
0c
0i
#68934167927
0t
0s
0r
1y
0c
0i
#68934168328
1t
0s
0r
1y
0c
0i
#68934168964
0t
0s
0r
1y
0c
0i
#68934169366
1t
0s
0r
1y
0c
0i
#68934169997
0t
0s
0r
1y
0c
0i
#68934170401
1t
0s
0r
1y
0c
0i
#68934171035
0t
0s
0r
1y
1c
0i
#68934171439
1t
0s
0r
1y
1c
0i
#68934172077
0t
0s
0r
1y
1c
0i
#68934172479
1t
0s
0r
1y
1c
1i
#68934173115
0t
0s
0r
1y
1c
1i
#68934173519
1t
0s
0r
1y
1c
1i
#68934174157
0t
0s
0r
1y
1c
1i
#68934174561
1t
0s
0r
1y
1c
1i
#68934175202
0t
0s
0r
1y
1c
0i
#68934175605
1t
0s
0r
1y
1c
0i
#68934176242
0t
0s
0r
1y
1c
0i
#68934176646
1t
0s
0r
1y
1c
0i
#68934177285
0t
0s
0r
1y
1c
0i
#68934177688
1t
0s
0r
1y
1c
0i
#68934178328
0t
0s
0r
1y
1c
0i
#68934178731
1t
0s
0r
1y
1c
0i
#68934179366
0t
0s
0r
1y
1c
0i
#68934179772
1t
0s
0r
1y
1c
0i
#68934180407
0t
0s
0r
1y
1c
0i
#68934180813
1t
0s
0r
1y
1c
0i
#68934181451
0t
0s
0r
1y
1c
0i
#68934181855
1t
0s
0r
1y
1c
0i
#68934182488
0t
0s
0r
1y
1c
0i
#68934182894
1t
0s
0r
1y
1c
0i
#68934183528
0t
0s
0r
1y
1c
0i
#68934183933
1t
0s
0r
1y
1c
0i
#68934184569
0t
0s
0r
1y
1c
0i
#68934184975
1t
0s
0r
1y
1c
0i
#68934185606
0t
0s
0r
1y
1c
0i
#68934186013
1t
0s
0r
1y
1c
0i
#68934186646
0t
0s
0r
1y
1c
0i
#68934187051
1t
0s
0r
1y
1c
0i
#68934187688
0t
0s
0r
1y
1c
0i
#68934188091
1t
0s
0r
1y
1c
0i
#68934189741
0t
0s
0r
1y
1c
0i
#68934190902
1t
0s
0r
1y
1c
0i
#68934191851
0t
0s
0r
1y
1c
0i
#68934192242
1t
0s
0r
1y
1c
0i
#68934192879
0t
0s
0r
1y
1c
0i
#68934193281
1t
0s
0r
1y
1c
0i
#68934193917
0t
0s
0r
1y
1c
0i
#68934194319
1t
0s
0r
1y
1c
0i
#68934194954
0t
0s
0r
1y
1c
0i
#68934195358
1t
0s
0r
1y
1c
0i
#68934195993
0t
0s
0r
1y
1c
0i
#68934196396
1t
0s
0r
1y
1c
0i
#68934197032
0t
0s
0r
1y
1c
0i
#68934197434
1t
0s
0r
1y
1c
0i
#68934198067
0t
0s
0r
1y
1c
0i
#68934198470
1t
0s
0r
1y
1c
0i
#68934199105
0t
0s
0r
1y
1c
0i
#68934199506
1t
0s
0r
1y
1c
0i
#68934200143
0t
0s
0r
1y
1c
0i
#68934200546
1t
0s
0r
1y
1c
0i
#68934201179
0t
0s
0r
1y
1c
0i
#68934201583
1t
0s
0r
1y
1c
0i
#68934202218
0t
0s
0r
1y
1c
0i
#68934202622
1t
0s
0r
1y
0c
0i
#68934203261
0t
0s
0r
1y
0c
0i
#68934203664
1t
0s
0r
1y
0c
1i
#68934204300
0t
0s
0r
1y
0c
1i
#68934204704
1t
0s
0r
1y
0c
1i
#68934205343
0t
0s
0r
1y
0c
1i
#68934205747
1t
0s
0r
1y
0c
1i
#68934206389
0t
0s
0r
1y
0c
0i
#68934206792
1t
0s
0r
1y
0c
0i
#68934207429
0t
0s
0r
1y
0c
0i
#68934207834
1t
0s
0r
1y
0c
0i
#68934208472
0t
0s
0r
1y
0c
0i
#68934208876
1t
0s
0r
1y
0c
0i
#68934209517
0t
0s
0r
1y
0c
0i
#68934209918
1t
0s
0r
1y
0c
0i
#68934210554
0t
0s
0r
1y
0c
0i
#68934210959
1t
0s
0r
1y
0c
0i
#68934211595
0t
0s
0r
1y
0c
0i
#68934211999
1t
0s
0r
1y
0c
0i
#68934212638
0t
0s
0r
1y
0c
0i
#68934213039
1t
0s
0r
1y
0c
0i
#68934213674
0t
0s
0r
1y
0c
0i
#68934214076
1t
0s
0r
1y
0c
0i
#68934214711
0t
0s
0r
1y
0c
0i
#68934215112
1t
0s
0r
1y
0c
0i
#68934215750
0t
0s
0r
1y
0c
0i
#68934216149
1t
0s
0r
1y
0c
0i
#68934216782
0t
0s
0r
1y
0c
0i
#68934217182
1t
0s
0r
1y
0c
0i
#68934217817
0t
0s
0r
1y
0c
0i
#68934218217
1t
0s
0r
1y
0c
0i
#68934218854
0t
0s
0r
1y
0c
0i
#68934219253
1t
0s
0r
1y
0c
0i
#68934219886
0t
0s
0r
1y
0c
0i
#68934220287
1t
0s
0r
1y
0c
0i
#68934220921
0t
0s
0r
1y
0c
0i
#68934221323
1t
0s
0r
1y
0c
0i
#68934221959
0t
0s
0r
1y
0c
0i
#68934222360
1t
0s
0r
1y
0c
0i
#68934222992
0t
0s
0r
1y
0c
0i
#68934223394
1t
0s
0r
1y
0c
0i
#68934224029
0t
0s
0r
1y
0c
0i
#68934224430
1t
0s
0r
1y
0c
0i
#68934225067
0t
0s
0r
1y
0c
0i
#68934225467
1t
0s
0r
1y
0c
0i
#68934226099
0t
0s
0r
1y
0c
0i
#68934226502
1t
0s
0r
1y
0c
0i
#68934227134
0t
0s
0r
1y
0c
0i
#68934227537
1t
0s
0r
1y
0c
0i
#68934228172
0t
0s
0r
1y
0c
0i
#68934228573
1t
0s
0r
1y
0c
0i
#68934229205
0t
0s
0r
1y
0c
0i
#68934229607
1t
0s
0r
1y
0c
0i
#68934230240
0t
0s
0r
1y
0c
0i
#68934230642
1t
0s
0r
1y
0c
0i
#68934231276
0t
0s
0r
1y
0c
0i
#68934231679
1t
0s
0r
1y
0c
0i
#68934232310
0t
0s
0r
1y
0c
0i
#68934232714
1t
0s
0r
1y
0c
0i
#68934233347
0t
0s
0r
1y
0c
0i
#68934233751
1t
0s
0r
1y
1c
0i
#68934234389
0t
0s
0r
1y
1c
0i
#68934234791
1t
0s
0r
1y
1c
1i
#68934235425
0t
0s
0r
1y
1c
1i
#68934235830
1t
0s
0r
1y
1c
1i
#68934236467
0t
0s
0r
1y
1c
1i
#68934236871
1t
0s
0r
1y
1c
1i
#68934237511
0t
0s
0r
1y
1c
0i
#68934237915
1t
0s
0r
1y
1c
0i
#68934238550
0t
0s
0r
1y
1c
0i
#68934238955
1t
0s
0r
1y
1c
0i
#68934239592
0t
0s
0r
1y
1c
0i
#68934239996
1t
0s
0r
1y
1c
0i
#68934240636
0t
0s
0r
1y
1c
0i
#68934241039
1t
0s
0r
1y
1c
0i
#68934241673
0t
0s
0r
1y
1c
0i
#68934242080
1t
0s
0r
1y
1c
0i
#68934242716
0t
0s
0r
1y
1c
0i
#68934243121
1t
0s
0r
1y
1c
0i
#68934243760
0t
0s
0r
1y
1c
0i
#68934244165
1t
0s
0r
1y
1c
0i
#68934244800
0t
0s
0r
1y
1c
0i
#68934245206
1t
0s
0r
1y
1c
0i
#68934245842
0t
0s
0r
1y
1c
0i
#68934246248
1t
0s
0r
1y
1c
0i
#68934246886
0t
0s
0r
1y
1c
0i
#68934247292
1t
0s
0r
1y
1c
0i
#68934247926
0t
0s
0r
1y
1c
0i
#68934248334
1t
0s
0r
1y
1c
0i
#68934248970
0t
0s
0r
1y
1c
0i
#68934249376
1t
0s
0r
1y
1c
0i
#68934250015
0t
0s
0r
1y
1c
0i
#68934250420
1t
0s
0r
1y
1c
0i
#68934252075
0t
0s
0r
1y
1c
0i
#68934253240
1t
0s
0r
1y
1c
0i
#68934254191
0t
0s
0r
1y
1c
0i
#68934254583
1t
0s
0r
1y
1c
0i
#68934255223
0t
0s
0r
1y
1c
0i
#68934255625
1t
0s
0r
1y
1c
0i
#68934256263
0t
0s
0r
1y
1c
0i
#68934256666
1t
0s
0r
1y
1c
0i
#68934257303
0t
0s
0r
1y
1c
0i
#68934257707
1t
0s
0r
1y
1c
0i
#68934258343
0t
0s
0r
1y
1c
0i
#68934258747
1t
0s
0r
1y
1c
0i
#68934259385
0t
0s
0r
1y
1c
0i
#68934259788
1t
0s
0r
1y
1c
0i
#68934260422
0t
0s
0r
1y
1c
0i
#68934260826
1t
0s
0r
1y
1c
0i
#68934261463
0t
0s
0r
1y
1c
0i
#68934261865
1t
0s
0r
1y
1c
0i
#68934262504
0t
0s
0r
1y
1c
0i
#68934262908
1t
0s
0r
1y
1c
0i
#68934263542
0t
0s
0r
1y
1c
0i
#68934263947
1t
0s
0r
1y
1c
0i
#68934264584
0t
0s
0r
1y
1c
0i
#68934264988
1t
0s
0r
1y
0c
0i
#68934265629
0t
0s
0r
1y
0c
0i
#68934266032
1t
0s
0r
1y
0c
1i
#68934266671
0t
0s
0r
1y
0c
1i
#68934267076
1t
0s
0r
1y
0c
1i
#68934267715
0t
0s
0r
1y
0c
1i
#68934268119
0t
0s
1r
1y
0c
1i
#68934268122
0t
0s
0r
1y
0c
1i
#73229235417
1t
0s
0r
1y
0c
1i
#73229236060
0t
0s
0r
1y
0c
0i
#73229236464
1t
0s
0r
1y
0c
0i
#73229237103
0t
0s
0r
1y
0c
0i
#73229237508
1t
0s
0r
1y
0c
0i
#73229238149
0t
0s
0r
1y
0c
0i
#73229238553
1t
0s
0r
1y
0c
0i
#73229239196
0t
0s
0r
1y
0c
0i
#73229239599
1t
0s
0r
1y
0c
0i
#73229240237
0t
0s
0r
1y
0c
0i
#73229240644
1t
0s
0r
1y
0c
0i
#73229241283
0t
0s
0r
1y
0c
0i
#73229241688
1t
0s
0r
1y
0c
0i
#73229242331
0t
0s
0r
1y
0c
0i
#73229242734
1t
0s
0r
1y
0c
0i
#73229243373
0t
0s
0r
1y
0c
0i
#73229243778
1t
0s
0r
1y
0c
0i
#73229244419
0t
0s
0r
1y
0c
0i
#73229244822
1t
0s
0r
1y
0c
0i
#73229245466
0t
0s
0r
1y
0c
0i
#73229245868
1t
0s
0r
1y
0c
0i
#73229246508
0t
0s
0r
1y
0c
0i
#73229246911
1t
0s
0r
1y
0c
0i
#73229247552
0t
0s
0r
1y
0c
0i
#73229247955
1t
0s
0r
1y
0c
0i
#73229248599
0t
0s
0r
1y
0c
0i
#73229249001
1t
0s
0r
1y
0c
0i
#73229249641
0t
0s
0r
1y
0c
0i
#73229250045
1t
0s
0r
1y
0c
0i
#73229250685
0t
0s
0r
1y
0c
0i
#73229251091
1t
0s
0r
1y
0c
0i
#73229251733
0t
0s
0r
1y
0c
0i
#73229252137
1t
0s
0r
1y
0c
0i
#73229252776
0t
0s
0r
1y
0c
0i
#73229253181
1t
0s
0r
1y
0c
0i
#73229253822
0t
0s
0r
1y
0c
0i
#73229254226
1t
0s
0r
1y
0c
0i
#73229254869
0t
0s
0r
1y
0c
0i
#73229255272
1t
0s
0r
1y
0c
0i
#73229255911
0t
0s
0r
1y
0c
0i
#73229256316
1t
0s
0r
1y
0c
0i
#73229256955
0t
0s
0r
1y
0c
0i
#73229257360
1t
0s
0r
1y
0c
0i
#73229258002
0t
0s
0r
1y
0c
0i
#73229258406
1t
0s
0r
1y
0c
0i
#73229259044
0t
0s
0r
1y
0c
0i
#73229259449
1t
0s
0r
1y
0c
0i
#73229260088
0t
0s
0r
1y
0c
0i
#73229260494
1t
0s
0r
1y
0c
0i
#73229261134
0t
0s
0r
1y
0c
0i
#73229261541
1t
0s
0r
1y
0c
0i
#73229262178
0t
0s
0r
1y
0c
0i
#73229262585
1t
0s
0r
1y
0c
0i
#73229263225
0t
0s
0r
1y
1c
0i
#73229263632
1t
0s
0r
1y
1c
0i
#73229264276
0t
0s
0r
1y
1c
0i
#73229264682
1t
0s
0r
1y
1c
1i
#73229265324
0t
0s
0r
1y
1c
1i
#73229265731
1t
0s
0r
1y
1c
1i
#73229266375
0t
0s
0r
1y
1c
1i
#73229266783
1t
0s
0r
1y
1c
1i
#73229267430
0t
0s
0r
1y
1c
0i
#73229267836
1t
0s
0r
1y
1c
0i
#73229268479
0t
0s
0r
1y
1c
0i
#73229268887
1t
0s
0r
1y
1c
0i
#73229269531
0t
0s
0r
1y
1c
0i
#73229269938
1t
0s
0r
1y
1c
0i
#73229270585
0t
0s
0r
1y
1c
0i
#73229270991
1t
0s
0r
1y
1c
0i
#73229271631
0t
0s
0r
1y
1c
0i
#73229272041
1t
0s
0r
1y
1c
0i
#73229272682
0t
0s
0r
1y
1c
0i
#73229273090
1t
0s
0r
1y
1c
0i
#73229273732
0t
0s
0r
1y
1c
0i
#73229274138
1t
0s
0r
1y
1c
0i
#73229274775
0t
0s
0r
1y
1c
0i
#73229275182
1t
0s
0r
1y
1c
0i
#73229275819
0t
0s
0r
1y
1c
0i
#73229276224
1t
0s
0r
1y
1c
0i
#73229276862
0t
0s
0r
1y
1c
0i
#73229277267
1t
0s
0r
1y
1c
0i
#73229277901
0t
0s
0r
1y
1c
0i
#73229278307
1t
0s
0r
1y
1c
0i
#73229278942
0t
0s
0r
1y
1c
0i
#73229279347
1t
0s
0r
1y
1c
0i
#73229279984
0t
0s
0r
1y
1c
0i
#73229280389
1t
0s
0r
1y
1c
0i
#73229282042
0t
0s
0r
1y
1c
0i
#73229283208
1t
0s
0r
1y
1c
0i
#73229284157
0t
0s
0r
1y
1c
0i
#73229284550
1t
0s
0r
1y
1c
0i
#73229285190
0t
0s
0r
1y
1c
0i
#73229285593
1t
0s
0r
1y
1c
0i
#73229286230
0t
0s
0r
1y
1c
0i
#73229286634
1t
0s
0r
1y
1c
0i
#73229287270
0t
0s
0r
1y
1c
0i
#73229287675
1t
0s
0r
1y
1c
0i
#73229288312
0t
0s
0r
1y
1c
0i
#73229288715
1t
0s
0r
1y
1c
0i
#73229289354
0t
0s
0r
1y
1c
0i
#73229289756
1t
0s
0r
1y
1c
0i
#73229290391
0t
0s
0r
1y
1c
0i
#73229290795
1t
0s
0r
1y
1c
0i
#73229291431
0t
0s
0r
1y
1c
0i
#73229291834
1t
0s
0r
1y
1c
0i
#73229292473
0t
0s
0r
1y
1c
0i
#73229292877
1t
0s
0r
1y
1c
0i
#73229293511
0t
0s
0r
1y
1c
0i
#73229293917
1t
0s
0r
1y
1c
0i
#73229294554
0t
0s
0r
1y
0c
0i
#73229294958
1t
0s
0r
1y
0c
0i
#73229295599
0t
0s
0r
1y
0c
0i
#73229296003
1t
0s
0r
1y
0c
1i
#73229296642
0t
0s
0r
1y
0c
1i
#73229297047
1t
0s
0r
1y
0c
1i
#73229297687
0t
0s
0r
1y
0c
1i
#73229298094
1t
0s
0r
1y
0c
1i
#73229298737
0t
0s
0r
1y
0c
0i
#73229299142
1t
0s
0r
1y
0c
0i
#73229299782
0t
0s
0r
1y
0c
0i
#73229300188
1t
0s
0r
1y
0c
0i
#73229300829
0t
0s
0r
1y
0c
0i
#73229301234
1t
0s
0r
1y
0c
0i
#73229301878
0t
0s
0r
1y
0c
0i
#73229302281
1t
0s
0r
1y
0c
0i
#73229302921
0t
0s
0r
1y
0c
0i
#73229303327
1t
0s
0r
1y
0c
0i
#73229303966
0t
0s
0r
1y
0c
0i
#73229304372
1t
0s
0r
1y
0c
0i
#73229305014
0t
0s
0r
1y
0c
0i
#73229305417
1t
0s
0r
1y
0c
0i
#73229306056
0t
0s
0r
1y
0c
0i
#73229306460
1t
0s
0r
1y
0c
0i
#73229307100
0t
0s
0r
1y
0c
0i
#73229307502
1t
0s
0r
1y
0c
0i
#73229308144
0t
0s
0r
1y
0c
0i
#73229308545
1t
0s
0r
1y
0c
0i
#73229309183
0t
0s
0r
1y
0c
0i
#73229309585
1t
0s
0r
1y
0c
0i
#73229310224
0t
0s
0r
1y
0c
0i
#73229310626
1t
0s
0r
1y
0c
0i
#73229311267
0t
0s
0r
1y
0c
0i
#73229311667
1t
0s
0r
1y
0c
0i
#73229312305
0t
0s
0r
1y
0c
0i
#73229312707
1t
0s
0r
1y
0c
0i
#73229313344
0t
0s
0r
1y
0c
0i
#73229313748
1t
0s
0r
1y
0c
0i
#73229314387
0t
0s
0r
1y
0c
0i
#73229314790
1t
0s
0r
1y
0c
0i
#73229315426
0t
0s
0r
1y
0c
0i
#73229315829
1t
0s
0r
1y
0c
0i
#73229316466
0t
0s
0r
1y
0c
0i
#73229316869
1t
0s
0r
1y
0c
0i
#73229317509
0t
0s
0r
1y
0c
0i
#73229317911
1t
0s
0r
1y
0c
0i
#73229318545
0t
0s
0r
1y
0c
0i
#73229318950
1t
0s
0r
1y
0c
0i
#73229319586
0t
0s
0r
1y
0c
0i
#73229319990
1t
0s
0r
1y
0c
0i
#73229320628
0t
0s
0r
1y
0c
0i
#73229321030
1t
0s
0r
1y
0c
0i
#73229321665
0t
0s
0r
1y
0c
0i
#73229322069
1t
0s
0r
1y
0c
0i
#73229322705
0t
0s
0r
1y
0c
0i
#73229323108
1t
0s
0r
1y
0c
0i
#73229323746
0t
0s
0r
1y
0c
0i
#73229324151
1t
0s
0r
1y
0c
0i
#73229324784
0t
0s
0r
1y
0c
0i
#73229325190
1t
0s
0r
1y
0c
0i
#73229325827
0t
0s
0r
1y
1c
0i
#73229326232
1t
0s
0r
1y
1c
0i
#73229326873
0t
0s
0r
1y
1c
0i
#73229327277
1t
0s
0r
1y
1c
1i
#73229327915
0t
0s
0r
1y
1c
1i
#73229328322
1t
0s
0r
1y
1c
1i
#73229328962
0t
0s
0r
1y
1c
1i
#73229329368
1t
0s
0r
1y
1c
1i
#73229330012
0t
0s
0r
1y
1c
0i
#73229330417
1t
0s
0r
1y
1c
0i
#73229331056
0t
0s
0r
1y
1c
0i
#73229331462
1t
0s
0r
1y
1c
0i
#73229332103
0t
0s
0r
1y
1c
0i
#73229332509
1t
0s
0r
1y
1c
0i
#73229333152
0t
0s
0r
1y
1c
0i
#73229333556
1t
0s
0r
1y
1c
0i
#73229334193
0t
0s
0r
1y
1c
0i
#73229334601
1t
0s
0r
1y
1c
0i
#73229335239
0t
0s
0r
1y
1c
0i
#73229335645
1t
0s
0r
1y
1c
0i
#73229336285
0t
0s
0r
1y
1c
0i
#73229336690
1t
0s
0r
1y
1c
0i
#73229337325
0t
0s
0r
1y
1c
0i
#73229337731
1t
0s
0r
1y
1c
0i
#73229338366
0t
0s
0r
1y
1c
0i
#73229338771
1t
0s
0r
1y
1c
0i
#73229339407
0t
0s
0r
1y
1c
0i
#73229339812
1t
0s
0r
1y
1c
0i
#73229340443
0t
0s
0r
1y
1c
0i
#73229340850
1t
0s
0r
1y
1c
0i
#73229341483
0t
0s
0r
1y
1c
0i
#73229341887
1t
0s
0r
1y
1c
0i
#73229342524
0t
0s
0r
1y
1c
0i
#73229342927
1t
0s
0r
1y
1c
0i
#73229344576
0t
0s
0r
1y
1c
0i
#73229345737
1t
0s
0r
1y
1c
0i
#73229346685
0t
0s
0r
1y
1c
0i
#73229347077
1t
0s
0r
1y
1c
0i
#73229347714
0t
0s
0r
1y
1c
0i
#73229348116
1t
0s
0r
1y
1c
0i
#73229348752
0t
0s
0r
1y
1c
0i
#73229349154
1t
0s
0r
1y
1c
0i
#73229349789
0t
0s
0r
1y
1c
0i
#73229350193
1t
0s
0r
1y
1c
0i
#73229350828
0t
0s
0r
1y
1c
0i
#73229351230
1t
0s
0r
1y
1c
0i
#73229351868
0t
0s
0r
1y
1c
0i
#73229352269
1t
0s
0r
1y
1c
0i
#73229352902
0t
0s
0r
1y
1c
0i
#73229353305
1t
0s
0r
1y
1c
0i
#73229353940
0t
0s
0r
1y
1c
0i
#73229354341
1t
0s
0r
1y
1c
0i
#73229354978
0t
0s
0r
1y
1c
0i
#73229355381
1t
0s
0r
1y
1c
0i
#73229356014
0t
0s
0r
1y
1c
0i
#73229356418
1t
0s
0r
1y
1c
0i
#73229357053
0t
0s
0r
1y
0c
0i
#73229357456
1t
0s
0r
1y
0c
0i
#73229358096
0t
0s
0r
1y
0c
0i
#73229358498
1t
0s
0r
1y
0c
1i
#73229359135
0t
0s
0r
1y
0c
1i
#73229359539
1t
0s
0r
1y
0c
1i
#73229360178
0t
0s
0r
1y
0c
1i
#73229360583
1t
0s
0r
1y
0c
1i
#73229360701
1t
0s
1r
1y
0c
1i
#73229360703
1t
0s
0r
1y
0c
1i
#73229361224
0t
0s
0r
1y
0c
0i
#73229361628
1t
0s
0r
1y
0c
0i
#73229362266
0t
0s
0r
1y
0c
0i
#73229362671
1t
0s
0r
1y
0c
0i
#73229363310
0t
0s
0r
1y
0c
0i
#73229363714
1t
0s
0r
1y
0c
0i
#73229364356
0t
0s
0r
1y
0c
0i
#73229364758
1t
0s
0r
1y
0c
0i
#73229365396
0t
0s
0r
1y
0c
0i
#73229365801
1t
0s
0r
1y
0c
0i
#73229366439
0t
0s
0r
1y
0c
0i
#73229366844
1t
0s
0r
1y
0c
0i
#73229367485
0t
0s
0r
1y
0c
0i
#73229367887
1t
0s
0r
1y
0c
0i
#73229368526
0t
0s
0r
1y
0c
0i
#73229368929
1t
0s
0r
1y
0c
0i
#73229369568
0t
0s
0r
1y
0c
0i
#73229369970
1t
0s
0r
1y
0c
0i
#73229370613
0t
0s
0r
1y
0c
0i
#73229371013
1t
0s
0r
1y
0c
0i
#73229371650
0t
0s
0r
1y
0c
0i
#73229372053
1t
0s
0r
1y
0c
0i
#73229372691
0t
0s
0r
1y
0c
0i
#73229373093
1t
0s
0r
1y
0c
0i
#73229373734
0t
0s
0r
1y
0c
0i
#73229374134
1t
0s
0r
1y
0c
0i
#73229374772
0t
0s
0r
1y
0c
0i
#73229375174
1t
0s
0r
1y
0c
0i
#73229375811
0t
0s
0r
1y
0c
0i
#73229376215
1t
0s
0r
1y
0c
0i
#73229376854
0t
0s
0r
1y
0c
0i
#73229377256
1t
0s
0r
1y
0c
0i
#73229377892
0t
0s
0r
1y
0c
0i
#73229378296
1t
0s
0r
1y
0c
0i
#73229378933
0t
0s
0r
1y
0c
0i
#73229379336
1t
0s
0r
1y
0c
0i
#73229379976
0t
0s
0r
1y
0c
0i
#73229380378
1t
0s
0r
1y
0c
0i
#73229381013
0t
0s
0r
1y
0c
0i
#73229381418
1t
0s
0r
1y
0c
0i
#73229382054
0t
0s
0r
1y
0c
0i
#73229382458
1t
0s
0r
1y
0c
0i
#73229383097
0t
0s
0r
1y
0c
0i
#73229383500
1t
0s
0r
1y
0c
0i
#73229384135
0t
0s
0r
1y
0c
0i
#73229384540
1t
0s
0r
1y
0c
0i
#73229385177
0t
0s
0r
1y
0c
0i
#73229385581
1t
0s
0r
1y
0c
0i
#73229386220
0t
0s
0r
1y
0c
0i
#73229386625
1t
0s
0r
1y
0c
0i
#73229387260
0t
0s
0r
1y
0c
0i
#73229387666
1t
0s
0r
1y
0c
0i
#73229388304
0t
0s
0r
1y
1c
0i
#73229388710
1t
0s
0r
1y
1c
0i
#73229389352
0t
0s
0r
1y
1c
0i
#73229389756
1t
0s
0r
1y
1c
1i
#73229390396
0t
0s
0r
1y
1c
1i
#73229390802
1t
0s
0r
1y
1c
1i
#73229391444
0t
0s
0r
1y
1c
1i
#73229391850
1t
0s
0r
1y
1c
1i
#73229392495
0t
0s
0r
1y
1c
0i
#73229392900
1t
0s
0r
1y
1c
0i
#73229393540
0t
0s
0r
1y
1c
0i
#73229393946
1t
0s
0r
1y
1c
0i
#73229394587
0t
0s
0r
1y
1c
0i
#73229394993
1t
0s
0r
1y
1c
0i
#73229395637
0t
0s
0r
1y
1c
0i
#73229396042
1t
0s
0r
1y
1c
0i
#73229396680
0t
0s
0r
1y
1c
0i
#73229397087
1t
0s
0r
1y
1c
0i
#73229397725
0t
0s
0r
1y
1c
0i
#73229398132
1t
0s
0r
1y
1c
0i
#73229398773
0t
0s
0r
1y
1c
0i
#73229399178
1t
0s
0r
1y
1c
0i
#73229399814
0t
0s
0r
1y
1c
0i
#73229400220
1t
0s
0r
1y
1c
0i
#73229400856
0t
0s
0r
1y
1c
0i
#73229401262
1t
0s
0r
1y
1c
0i
#73229401899
0t
0s
0r
1y
1c
0i
#73229402305
1t
0s
0r
1y
1c
0i
#73229402938
0t
0s
0r
1y
1c
0i
#73229403345
1t
0s
0r
1y
1c
0i
#73229403979
0t
0s
0r
1y
1c
0i
#73229404385
1t
0s
0r
1y
1c
0i
#73229405022
0t
0s
0r
1y
1c
0i
#73229405426
1t
0s
0r
1y
1c
0i
#73229407079
0t
0s
0r
1y
1c
0i
#73229408243
1t
0s
0r
1y
1c
0i
#73229409193
0t
0s
0r
1y
1c
0i
#73229409585
1t
0s
0r
1y
1c
0i
#73229410225
0t
0s
0r
1y
1c
0i
#73229410627
1t
0s
0r
1y
1c
0i
#73229411264
0t
0s
0r
1y
1c
0i
#73229411667
1t
0s
0r
1y
1c
0i
#73229412304
0t
0s
0r
1y
1c
0i
#73229412708
1t
0s
0r
1y
1c
0i
#73229413344
0t
0s
0r
1y
1c
0i
#73229413747
1t
0s
0r
1y
1c
0i
#73229414385
0t
0s
0r
1y
1c
0i
#73229414787
1t
0s
0r
1y
1c
0i
#73229415422
0t
0s
0r
1y
1c
0i
#73229415825
1t
0s
0r
1y
1c
0i
#73229416461
0t
0s
0r
1y
1c
0i
#73229416864
1t
0s
0r
1y
1c
0i
#73229417501
0t
0s
0r
1y
1c
0i
#73229417905
1t
0s
0r
1y
1c
0i
#73229418539
0t
0s
0r
1y
1c
0i
#73229418944
1t
0s
0r
1y
1c
0i
#73229419580
0t
0s
0r
1y
0c
0i
#73229419984
1t
0s
0r
1y
0c
0i
#73229420625
0t
0s
0r
1y
0c
0i
#73229421028
1t
0s
0r
1y
0c
1i
#73229421665
0t
0s
0r
1y
0c
1i
#73229422070
1t
0s
0r
1y
0c
1i
#73229422710
0t
0s
0r
1y
0c
1i
#73229423116
1t
0s
0r
1y
0c
1i
#73229423759
0t
0s
0r
1y
0c
0i
#73229424162
1t
0s
0r
1y
0c
0i
#73229424801
0t
0s
0r
1y
0c
0i
#73229425206
1t
0s
0r
1y
0c
0i
#73229425846
0t
0s
0r
1y
0c
0i
#73229426250
1t
0s
0r
1y
0c
0i
#73229426893
0t
0s
0r
1y
0c
0i
#73229427296
1t
0s
0r
1y
0c
0i
#73229427934
0t
0s
0r
1y
0c
0i
#73229428340
1t
0s
0r
1y
0c
0i
#73229428978
0t
0s
0r
1y
0c
0i
#73229429383
1t
0s
0r
1y
0c
0i
#73229430024
0t
0s
0r
1y
0c
0i
#73229430427
1t
0s
0r
1y
0c
0i
#73229431065
0t
0s
0r
1y
0c
0i
#73229431469
1t
0s
0r
1y
0c
0i
#73229432108
0t
0s
0r
1y
0c
0i
#73229432510
1t
0s
0r
1y
0c
0i
#73229433152
0t
0s
0r
1y
0c
0i
#73229433554
1t
0s
0r
1y
0c
0i
#73229434191
0t
0s
0r
1y
0c
0i
#73229434594
1t
0s
0r
1y
0c
0i
#73229435232
0t
0s
0r
1y
0c
0i
#73229435634
1t
0s
0r
1y
0c
0i
#73229436276
0t
0s
0r
1y
0c
0i
#73229436677
1t
0s
0r
1y
0c
0i
#73229437314
0t
0s
0r
1y
0c
0i
#73229437717
1t
0s
0r
1y
0c
0i
#73229438355
0t
0s
0r
1y
0c
0i
#73229438759
1t
0s
0r
1y
0c
0i
#73229439399
0t
0s
0r
1y
0c
0i
#73229439802
1t
0s
0r
1y
0c
0i
#73229440437
0t
0s
0r
1y
0c
0i
#73229440841
1t
0s
0r
1y
0c
0i
#73229441479
0t
0s
0r
1y
0c
0i
#73229441882
1t
0s
0r
1y
0c
0i
#73229442523
0t
0s
0r
1y
0c
0i
#73229442924
1t
0s
0r
1y
0c
0i
#73229443560
0t
0s
0r
1y
0c
0i
#73229443965
1t
0s
0r
1y
0c
0i
#73229444601
0t
0s
0r
1y
0c
0i
#73229445005
1t
0s
0r
1y
0c
0i
#73229445644
0t
0s
0r
1y
0c
0i
#73229446047
1t
0s
0r
1y
0c
0i
#73229446682
0t
0s
0r
1y
0c
0i
#73229447086
1t
0s
0r
1y
0c
0i
#73229447723
0t
0s
0r
1y
0c
0i
#73229448127
1t
0s
0r
1y
0c
0i
#73229448766
0t
0s
0r
1y
0c
0i
#73229449170
1t
0s
0r
1y
0c
0i
#73229449805
0t
0s
0r
1y
0c
0i
#73229450211
1t
0s
0r
1y
0c
0i
#73229450848
0t
0s
0r
1y
1c
0i
#73229451254
1t
0s
0r
1y
1c
0i
#73229451895
0t
0s
0r
1y
1c
0i
#73229452299
1t
0s
0r
1y
1c
1i
#73229452938
0t
0s
0r
1y
1c
1i
#73229453344
1t
0s
0r
1y
1c
1i
#73229453985
0t
0s
0r
1y
1c
1i
#73229454391
1t
0s
0r
1y
1c
1i
#73229455035
0t
0s
0r
1y
1c
0i
#73229455440
1t
0s
0r
1y
1c
0i
#73229456079
0t
0s
0r
1y
1c
0i
#73229456486
1t
0s
0r
1y
1c
0i
#73229457126
0t
0s
0r
1y
1c
0i
#73229457532
1t
0s
0r
1y
1c
0i
#73229458175
0t
0s
0r
1y
1c
0i
#73229458580
1t
0s
0r
1y
1c
0i
#73229459217
0t
0s
0r
1y
1c
0i
#73229459625
1t
0s
0r
1y
1c
0i
#73229460262
0t
0s
0r
1y
1c
0i
#73229460668
1t
0s
0r
1y
1c
0i
#73229461307
0t
0s
0r
1y
1c
0i
#73229461712
1t
0s
0r
1y
1c
0i
#73229462346
0t
0s
0r
1y
1c
0i
#73229462752
1t
0s
0r
1y
1c
0i
#73229463386
0t
0s
0r
1y
1c
0i
#73229463790
1t
0s
0r
1y
1c
0i
#73229464426
0t
0s
0r
1y
1c
0i
#73229464830
1t
0s
0r
1y
1c
0i
#73229465462
0t
0s
0r
1y
1c
0i
#73229465867
1t
0s
0r
1y
1c
0i
#73229466499
0t
0s
0r
1y
1c
0i
#73229466904
1t
0s
0r
1y
1c
0i
#73229467539
0t
0s
0r
1y
1c
0i
#73229467942
1t
0s
0r
1y
1c
0i
#73229469591
0t
0s
0r
1y
1c
0i
#73229470752
1t
0s
0r
1y
1c
0i
#73229471700
0t
0s
0r
1y
1c
0i
#73229472090
1t
0s
0r
1y
1c
0i
#73229472728
0t
0s
0r
1y
1c
0i
#73229473130
1t
0s
0r
1y
1c
0i
#73229473765
0t
0s
0r
1y
1c
0i
#73229474167
1t
0s
0r
1y
1c
0i
#73229474802
0t
0s
0r
1y
1c
0i
#73229475205
1t
0s
0r
1y
1c
0i
#73229475839
0t
0s
0r
1y
1c
0i
#73229476241
1t
0s
0r
1y
1c
0i
#73229476878
0t
0s
0r
1y
1c
0i
#73229477278
1t
0s
0r
1y
1c
0i
#73229477910
0t
0s
0r
1y
1c
0i
#73229478313
1t
0s
0r
1y
1c
0i
#73229478947
0t
0s
0r
1y
1c
0i
#73229479348
1t
0s
0r
1y
1c
0i
#73229479983
0t
0s
0r
1y
1c
0i
#73229480386
1t
0s
0r
1y
1c
0i
#73229481017
0t
0s
0r
1y
1c
0i
#73229481421
1t
0s
0r
1y
1c
0i
#73229482056
0t
0s
0r
1y
0c
0i
#73229482458
1t
0s
0r
1y
0c
0i
#73229483097
0t
0s
0r
1y
0c
0i
#73229483499
1t
0s
0r
1y
0c
1i
#73229484134
0t
0s
0r
1y
0c
1i
#73229484538
1t
0s
0r
1y
0c
1i
#73229485176
0t
0s
0r
1y
0c
1i
#73229485580
1t
0s
0r
1y
0c
1i
#73229485694
1t
0s
1r
1y
0c
1i
#73229485696
1t
0s
0r
1y
0c
1i
#73229486221
0t
0s
0r
1y
0c
0i
#73229486624
1t
0s
0r
1y
0c
0i
#73229487261
0t
0s
0r
1y
0c
0i
#73229487665
1t
0s
0r
1y
0c
0i
#73229488304
0t
0s
0r
1y
0c
0i
#73229488707
1t
0s
0r
1y
0c
0i
#73229489349
0t
0s
0r
1y
0c
0i
#73229489750
1t
0s
0r
1y
0c
0i
#73229490387
0t
0s
0r
1y
0c
0i
#73229490792
1t
0s
0r
1y
0c
0i
#73229491429
0t
0s
0r
1y
0c
0i
#73229491832
1t
0s
0r
1y
0c
0i
#73229492471
0t
0s
0r
1y
0c
0i
#73229492873
1t
0s
0r
1y
0c
0i
#73229493509
0t
0s
0r
1y
0c
0i
#73229493911
1t
0s
0r
1y
0c
0i
#73229494548
0t
0s
0r
1y
0c
0i
#73229494948
1t
0s
0r
1y
0c
0i
#73229495587
0t
0s
0r
1y
0c
0i
#73229495986
1t
0s
0r
1y
0c
0i
#73229496620
0t
0s
0r
1y
0c
0i
#73229497021
1t
0s
0r
1y
0c
0i
#73229497656
0t
0s
0r
1y
0c
0i
#73229498056
1t
0s
0r
1y
0c
0i
#73229498695
0t
0s
0r
1y
0c
0i
#73229499093
1t
0s
0r
1y
0c
0i
#73229499728
0t
0s
0r
1y
0c
0i
#73229500129
1t
0s
0r
1y
0c
0i
#73229500763
0t
0s
0r
1y
0c
0i
#73229501165
1t
0s
0r
1y
0c
0i
#73229501802
0t
0s
0r
1y
0c
0i
#73229502203
1t
0s
0r
1y
0c
0i
#73229502836
0t
0s
0r
1y
0c
0i
#73229503238
1t
0s
0r
1y
0c
0i
#73229503872
0t
0s
0r
1y
0c
0i
#73229504274
1t
0s
0r
1y
0c
0i
#73229504912
0t
0s
0r
1y
0c
0i
#73229505312
1t
0s
0r
1y
0c
0i
#73229505945
0t
0s
0r
1y
0c
0i
#73229506348
1t
0s
0r
1y
0c
0i
#73229506982
0t
0s
0r
1y
0c
0i
#73229507384
1t
0s
0r
1y
0c
0i
#73229508020
0t
0s
0r
1y
0c
0i
#73229508422
1t
0s
0r
1y
0c
0i
#73229509054
0t
0s
0r
1y
0c
0i
#73229509457
1t
0s
0r
1y
0c
0i
#73229510091
0t
0s
0r
1y
0c
0i
#73229510493
1t
0s
0r
1y
0c
0i
#73229511129
0t
0s
0r
1y
0c
0i
#73229511532
1t
0s
0r
1y
0c
0i
#73229512165
0t
0s
0r
1y
0c
0i
#73229512569
1t
0s
0r
1y
0c
0i
#73229513204
0t
0s
0r
1y
1c
0i
#73229513608
1t
0s
0r
1y
1c
0i
#73229514247
0t
0s
0r
1y
1c
0i
#73229514650
1t
0s
0r
1y
1c
1i
#73229515286
0t
0s
0r
1y
1c
1i
#73229515692
1t
0s
0r
1y
1c
1i
#73229516330
0t
0s
0r
1y
1c
1i
#73229516735
1t
0s
0r
1y
1c
1i
#73229517378
0t
0s
0r
1y
1c
0i
#73229517781
1t
0s
0r
1y
1c
0i
#73229518419
0t
0s
0r
1y
1c
0i
#73229518824
1t
0s
0r
1y
1c
0i
#73229519463
0t
0s
0r
1y
1c
0i
#73229519868
1t
0s
0r
1y
1c
0i
#73229520509
0t
0s
0r
1y
1c
0i
#73229520913
1t
0s
0r
1y
1c
0i
#73229521549
0t
0s
0r
1y
1c
0i
#73229521956
1t
0s
0r
1y
1c
0i
#73229522593
0t
0s
0r
1y
1c
0i
#73229522999
1t
0s
0r
1y
1c
0i
#73229523639
0t
0s
0r
1y
1c
0i
#73229524044
1t
0s
0r
1y
1c
0i
#73229524680
0t
0s
0r
1y
1c
0i
#73229525086
1t
0s
0r
1y
1c
0i
#73229525723
0t
0s
0r
1y
1c
0i
#73229526129
1t
0s
0r
1y
1c
0i
#73229526767
0t
0s
0r
1y
1c
0i
#73229527173
1t
0s
0r
1y
1c
0i
#73229527808
0t
0s
0r
1y
1c
0i
#73229528215
1t
0s
0r
1y
1c
0i
#73229528850
0t
0s
0r
1y
1c
0i
#73229529257
1t
0s
0r
1y
1c
0i
#73229529894
0t
0s
0r
1y
1c
0i
#73229530299
1t
0s
0r
1y
1c
0i
#73229531953
0t
0s
0r
1y
1c
0i
#73229533118
1t
0s
0r
1y
1c
0i
#73229534068
0t
0s
0r
1y
1c
0i
#73229534460
1t
0s
0r
1y
1c
0i
#73229535099
0t
0s
0r
1y
1c
0i
#73229535502
1t
0s
0r
1y
1c
0i
#73229536139
0t
0s
0r
1y
1c
0i
#73229536542
1t
0s
0r
1y
1c
0i
#73229537178
0t
0s
0r
1y
1c
0i
#73229537583
1t
0s
0r
1y
1c
0i
#73229538218
0t
0s
0r
1y
1c
0i
#73229538622
1t
0s
0r
1y
1c
0i
#73229539260
0t
0s
0r
1y
1c
0i
#73229539662
1t
0s
0r
1y
1c
0i
#73229540296
0t
0s
0r
1y
1c
0i
#73229540700
1t
0s
0r
1y
1c
0i
#73229541336
0t
0s
0r
1y
1c
0i
#73229541739
1t
0s
0r
1y
1c
0i
#73229542377
0t
0s
0r
1y
1c
0i
#73229542781
1t
0s
0r
1y
1c
0i
#73229543415
0t
0s
0r
1y
1c
0i
#73229543820
1t
0s
0r
1y
1c
0i
#73229544457
0t
0s
0r
1y
0c
0i
#73229544862
1t
0s
0r
1y
0c
0i
#73229545503
0t
0s
0r
1y
0c
0i
#73229545906
1t
0s
0r
1y
0c
1i
#73229546545
0t
0s
0r
1y
0c
1i
#73229546950
1t
0s
0r
1y
0c
1i
#73229547591
0t
0s
0r
1y
0c
1i
#73229547997
1t
0s
0r
1y
0c
1i
#73229548640
0t
0s
0r
1y
0c
0i
#73229549045
1t
0s
0r
1y
0c
0i
#73229549684
0t
0s
0r
1y
0c
0i
#73229550090
1t
0s
0r
1y
0c
0i
#73229550730
0t
0s
0r
1y
0c
0i
#73229551135
1t
0s
0r
1y
0c
0i
#73229551778
0t
0s
0r
1y
0c
0i
#73229552182
1t
0s
0r
1y
0c
0i
#73229552820
0t
0s
0r
1y
0c
0i
#73229553226
1t
0s
0r
1y
0c
0i
#73229553866
0t
0s
0r
1y
0c
0i
#73229554270
1t
0s
0r
1y
0c
0i
#73229554912
0t
0s
0r
1y
0c
0i
#73229555315
1t
0s
0r
1y
0c
0i
#73229555953
0t
0s
0r
1y
0c
0i
#73229556357
1t
0s
0r
1y
0c
0i
#73229556997
0t
0s
0r
1y
0c
0i
#73229557400
1t
0s
0r
1y
0c
0i
#73229558042
0t
0s
0r
1y
0c
0i
#73229558443
1t
0s
0r
1y
0c
0i
#73229559081
0t
0s
0r
1y
0c
0i
#73229559484
1t
0s
0r
1y
0c
0i
#73229560123
0t
0s
0r
1y
0c
0i
#73229560525
1t
0s
0r
1y
0c
0i
#73229561166
0t
0s
0r
1y
0c
0i
#73229561567
1t
0s
0r
1y
0c
0i
#73229562205
0t
0s
0r
1y
0c
0i
#73229562608
1t
0s
0r
1y
0c
0i
#73229563246
0t
0s
0r
1y
0c
0i
#73229563650
1t
0s
0r
1y
0c
0i
#73229564290
0t
0s
0r
1y
0c
0i
#73229564693
1t
0s
0r
1y
0c
0i
#73229565329
0t
0s
0r
1y
0c
0i
#73229565733
1t
0s
0r
1y
0c
0i
#73229566371
0t
0s
0r
1y
0c
0i
#73229566774
1t
0s
0r
1y
0c
0i
#73229567415
0t
0s
0r
1y
0c
0i
#73229567817
1t
0s
0r
1y
0c
0i
#73229568452
0t
0s
0r
1y
0c
0i
#73229568857
1t
0s
0r
1y
0c
0i
#73229569494
0t
0s
0r
1y
0c
0i
#73229569898
1t
0s
0r
1y
0c
0i
#73229570537
0t
0s
0r
1y
0c
0i
#73229570940
1t
0s
0r
1y
0c
0i
#73229571575
0t
0s
0r
1y
0c
0i
#73229571980
1t
0s
0r
1y
0c
0i
#73229572617
0t
0s
0r
1y
0c
0i
#73229573021
1t
0s
0r
1y
0c
0i
#73229573660
0t
0s
0r
1y
0c
0i
#73229574065
1t
0s
0r
1y
0c
0i
#73229574699
0t
0s
0r
1y
0c
0i
#73229575106
1t
0s
0r
1y
0c
0i
#73229575743
0t
0s
0r
1y
1c
0i
#73229576149
1t
0s
0r
1y
1c
0i
#73229576791
0t
0s
0r
1y
1c
0i
#73229577195
1t
0s
0r
1y
1c
1i
#73229577834
0t
0s
0r
1y
1c
1i
#73229578240
1t
0s
0r
1y
1c
1i
#73229578882
0t
0s
0r
1y
1c
1i
#73229579288
1t
0s
0r
1y
1c
1i
#73229579932
0t
0s
0r
1y
1c
0i
#73229580338
1t
0s
0r
1y
1c
0i
#73229580977
0t
0s
0r
1y
1c
0i
#73229581385
1t
0s
0r
1y
1c
0i
#73229582026
0t
0s
0r
1y
1c
0i
#73229582432
1t
0s
0r
1y
1c
0i
#73229583076
0t
0s
0r
1y
1c
0i
#73229583481
1t
0s
0r
1y
1c
0i
#73229584119
0t
0s
0r
1y
1c
0i
#73229584527
1t
0s
0r
1y
1c
0i
#73229585166
0t
0s
0r
1y
1c
0i
#73229585573
1t
0s
0r
1y
1c
0i
#73229586214
0t
0s
0r
1y
1c
0i
#73229586619
1t
0s
0r
1y
1c
0i
#73229587255
0t
0s
0r
1y
1c
0i
#73229587661
1t
0s
0r
1y
1c
0i
#73229588297
0t
0s
0r
1y
1c
0i
#73229588703
1t
0s
0r
1y
1c
0i
#73229589340
0t
0s
0r
1y
1c
0i
#73229589745
1t
0s
0r
1y
1c
0i
#73229590378
0t
0s
0r
1y
1c
0i
#73229590784
1t
0s
0r
1y
1c
0i
#73229591418
0t
0s
0r
1y
1c
0i
#73229591824
1t
0s
0r
1y
1c
0i
#73229592460
0t
0s
0r
1y
1c
0i
#73229592864
1t
0s
0r
1y
1c
0i
#73229594516
0t
0s
0r
1y
1c
0i
#73229595679
1t
0s
0r
1y
1c
0i
#73229596630
0t
0s
0r
1y
1c
0i
#73229597022
1t
0s
0r
1y
1c
0i
#73229597661
0t
0s
0r
1y
1c
0i
#73229598063
1t
0s
0r
1y
1c
0i
#73229598700
0t
0s
0r
1y
1c
0i
#73229599103
1t
0s
0r
1y
1c
0i
#73229599739
0t
0s
0r
1y
1c
0i
#73229600144
1t
0s
0r
1y
1c
0i
#73229600780
0t
0s
0r
1y
1c
0i
#73229601183
1t
0s
0r
1y
1c
0i
#73229601821
0t
0s
0r
1y
1c
0i
#73229602223
1t
0s
0r
1y
1c
0i
#73229602857
0t
0s
0r
1y
1c
0i
#73229603260
1t
0s
0r
1y
1c
0i
#73229603896
0t
0s
0r
1y
1c
0i
#73229604299
1t
0s
0r
1y
1c
0i
#73229604936
0t
0s
0r
1y
1c
0i
#73229605340
1t
0s
0r
1y
1c
0i
#73229605973
0t
0s
0r
1y
1c
0i
#73229606378
1t
0s
0r
1y
1c
0i
#73229607014
0t
0s
0r
1y
0c
0i
#73229607418
1t
0s
0r
1y
0c
0i
#73229608058
0t
0s
0r
1y
0c
0i
#73229608461
1t
0s
0r
1y
0c
1i
#73229609099
0t
0s
0r
1y
0c
1i
#73229609503
1t
0s
0r
1y
0c
1i
#73229610143
0t
0s
0r
1y
0c
1i
#73229610548
1t
0s
0r
1y
0c
1i
#73229610610
1t
0s
1r
1y
0c
1i
#73229610613
1t
0s
0r
1y
0c
1i
#73229611190
0t
0s
0r
1y
0c
0i
#73229611594
1t
0s
0r
1y
0c
0i
#73229612233
0t
0s
0r
1y
0c
0i
#73229612638
1t
0s
0r
1y
0c
0i
#73229613278
0t
0s
0r
1y
0c
0i
#73229613682
1t
0s
0r
1y
0c
0i
#73229614325
0t
0s
0r
1y
0c
0i
#73229614728
1t
0s
0r
1y
0c
0i
#73229615366
0t
0s
0r
1y
0c
0i
#73229615772
1t
0s
0r
1y
0c
0i
#73229616411
0t
0s
0r
1y
0c
0i
#73229616817
1t
0s
0r
1y
0c
0i
#73229617460
0t
0s
0r
1y
0c
0i
#73229617863
1t
0s
0r
1y
0c
0i
#73229618504
0t
0s
0r
1y
0c
0i
#73229618908
1t
0s
0r
1y
0c
0i
#73229619551
0t
0s
0r
1y
0c
0i
#73229619955
1t
0s
0r
1y
0c
0i
#73229620601
0t
0s
0r
1y
0c
0i
#73229621003
1t
0s
0r
1y
0c
0i
#73229621645
0t
0s
0r
1y
0c
0i
#73229622049
1t
0s
0r
1y
0c
0i
#73229622693
0t
0s
0r
1y
0c
0i
#73229623097
1t
0s
0r
1y
0c
0i
#73229623743
0t
0s
0r
1y
0c
0i
#73229624146
1t
0s
0r
1y
0c
0i
#73229624789
0t
0s
0r
1y
0c
0i
#73229625194
1t
0s
0r
1y
0c
0i
#73229625836
0t
0s
0r
1y
0c
0i
#73229626243
1t
0s
0r
1y
0c
0i
#73229626888
0t
0s
0r
1y
0c
0i
#73229627292
1t
0s
0r
1y
0c
0i
#73229627933
0t
0s
0r
1y
0c
0i
#73229628339
1t
0s
0r
1y
0c
0i
#73229628982
0t
0s
0r
1y
0c
0i
#73229629387
1t
0s
0r
1y
0c
0i
#73229630033
0t
0s
0r
1y
0c
0i
#73229630436
1t
0s
0r
1y
0c
0i
#73229631076
0t
0s
0r
1y
0c
0i
#73229631484
1t
0s
0r
1y
0c
0i
#73229632125
0t
0s
0r
1y
0c
0i
#73229632531
1t
0s
0r
1y
0c
0i
#73229633175
0t
0s
0r
1y
0c
0i
#73229633580
1t
0s
0r
1y
0c
0i
#73229634220
0t
0s
0r
1y
0c
0i
#73229634627
1t
0s
0r
1y
0c
0i
#73229635269
0t
0s
0r
1y
0c
0i
#73229635676
1t
0s
0r
1y
0c
0i
#73229636319
0t
0s
0r
1y
0c
0i
#73229636727
1t
0s
0r
1y
0c
0i
#73229637367
0t
0s
0r
1y
0c
0i
#73229637776
1t
0s
0r
1y
0c
0i
#73229638419
0t
0s
0r
1y
1c
0i
#73229638827
1t
0s
0r
1y
1c
0i
#73229639474
0t
0s
0r
1y
1c
0i
#73229639882
1t
0s
0r
1y
1c
1i
#73229640526
0t
0s
0r
1y
1c
1i
#73229640935
1t
0s
0r
1y
1c
1i
#73229641582
0t
0s
0r
1y
1c
1i
#73229641991
1t
0s
0r
1y
1c
1i
#73229642641
0t
0s
0r
1y
1c
0i
#73229643049
1t
0s
0r
1y
1c
0i
#73229643694
0t
0s
0r
1y
1c
0i
#73229644103
1t
0s
0r
1y
1c
0i
#73229644749
0t
0s
0r
1y
1c
0i
#73229645158
1t
0s
0r
1y
1c
0i
#73229645806
0t
0s
0r
1y
1c
0i
#73229646214
1t
0s
0r
1y
1c
0i
#73229646856
0t
0s
0r
1y
1c
0i
#73229647267
1t
0s
0r
1y
1c
0i
#73229647910
0t
0s
0r
1y
1c
0i
#73229648319
1t
0s
0r
1y
1c
0i
#73229648964
0t
0s
0r
1y
1c
0i
#73229649372
1t
0s
0r
1y
1c
0i
#73229650012
0t
0s
0r
1y
1c
0i
#73229650421
1t
0s
0r
1y
1c
0i
#73229651061
0t
0s
0r
1y
1c
0i
#73229651469
1t
0s
0r
1y
1c
0i
#73229652111
0t
0s
0r
1y
1c
0i
#73229652519
1t
0s
0r
1y
1c
0i
#73229653156
0t
0s
0r
1y
1c
0i
#73229653566
1t
0s
0r
1y
1c
0i
#73229654204
0t
0s
0r
1y
1c
0i
#73229654612
1t
0s
0r
1y
1c
0i
#73229655254
0t
0s
0r
1y
1c
0i
#73229655661
1t
0s
0r
1y
1c
0i
#73229657325
0t
0s
0r
1y
1c
0i
#73229658496
1t
0s
0r
1y
1c
0i
#73229659454
0t
0s
0r
1y
1c
0i
#73229659848
1t
0s
0r
1y
1c
0i
#73229660492
0t
0s
0r
1y
1c
0i
#73229660898
1t
0s
0r
1y
1c
0i
#73229661539
0t
0s
0r
1y
1c
0i
#73229661945
1t
0s
0r
1y
1c
0i
#73229662585
0t
0s
0r
1y
1c
0i
#73229662993
1t
0s
0r
1y
1c
0i
#73229663633
0t
0s
0r
1y
1c
0i
#73229664039
1t
0s
0r
1y
1c
0i
#73229664682
0t
0s
0r
1y
1c
0i
#73229665086
1t
0s
0r
1y
1c
0i
#73229665725
0t
0s
0r
1y
1c
0i
#73229666131
1t
0s
0r
1y
1c
0i
#73229666771
0t
0s
0r
1y
1c
0i
#73229667176
1t
0s
0r
1y
1c
0i
#73229667818
0t
0s
0r
1y
1c
0i
#73229668224
1t
0s
0r
1y
1c
0i
#73229668862
0t
0s
0r
1y
1c
0i
#73229669270
1t
0s
0r
1y
1c
0i
#73229669910
0t
0s
0r
1y
0c
0i
#73229670317
1t
0s
0r
1y
0c
0i
#73229670961
0t
0s
0r
1y
0c
0i
#73229671367
1t
0s
0r
1y
0c
1i
#73229672009
0t
0s
0r
1y
0c
1i
#73229672416
1t
0s
0r
1y
0c
1i
#73229673060
0t
0s
0r
1y
0c
1i
#73229673468
1t
0s
0r
1y
0c
1i
#73229674115
0t
0s
0r
1y
0c
0i
#73229674522
1t
0s
0r
1y
0c
0i
#73229675165
0t
0s
0r
1y
0c
0i
#73229675572
1t
0s
0r
1y
0c
0i
#73229676217
0t
0s
0r
1y
0c
0i
#73229676623
1t
0s
0r
1y
0c
0i
#73229677271
0t
0s
0r
1y
0c
0i
#73229677676
1t
0s
0r
1y
0c
0i
#73229678319
0t
0s
0r
1y
0c
0i
#73229678727
1t
0s
0r
1y
0c
0i
#73229679370
0t
0s
0r
1y
0c
0i
#73229679777
1t
0s
0r
1y
0c
0i
#73229680423
0t
0s
0r
1y
0c
0i
#73229680827
1t
0s
0r
1y
0c
0i
#73229681470
0t
0s
0r
1y
0c
0i
#73229681876
1t
0s
0r
1y
0c
0i
#73229682519
0t
0s
0r
1y
0c
0i
#73229682924
1t
0s
0r
1y
0c
0i
#73229683570
0t
0s
0r
1y
0c
0i
#73229683972
1t
0s
0r
1y
0c
0i
#73229684613
0t
0s
0r
1y
0c
0i
#73229685018
1t
0s
0r
1y
0c
0i
#73229685660
0t
0s
0r
1y
0c
0i
#73229686063
1t
0s
0r
1y
0c
0i
#73229686709
0t
0s
0r
1y
0c
0i
#73229687111
1t
0s
0r
1y
0c
0i
#73229687752
0t
0s
0r
1y
0c
0i
#73229688156
1t
0s
0r
1y
0c
0i
#73229688797
0t
0s
0r
1y
0c
0i
#73229689203
1t
0s
0r
1y
0c
0i
#73229689845
0t
0s
0r
1y
0c
0i
#73229690250
1t
0s
0r
1y
0c
0i
#73229690889
0t
0s
0r
1y
0c
0i
#73229691295
1t
0s
0r
1y
0c
0i
#73229691935
0t
0s
0r
1y
0c
0i
#73229692341
1t
0s
0r
1y
0c
0i
#73229692984
0t
0s
0r
1y
0c
0i
#73229693388
1t
0s
0r
1y
0c
0i
#73229694027
0t
0s
0r
1y
0c
0i
#73229694434
1t
0s
0r
1y
0c
0i
#73229695074
0t
0s
0r
1y
0c
0i
#73229695480
1t
0s
0r
1y
0c
0i
#73229696123
0t
0s
0r
1y
0c
0i
#73229696527
1t
0s
0r
1y
0c
0i
#73229697166
0t
0s
0r
1y
0c
0i
#73229697572
1t
0s
0r
1y
0c
0i
#73229698212
0t
0s
0r
1y
0c
0i
#73229698618
1t
0s
0r
1y
0c
0i
#73229699259
0t
0s
0r
1y
0c
0i
#73229699666
1t
0s
0r
1y
0c
0i
#73229700304
0t
0s
0r
1y
0c
0i
#73229700712
1t
0s
0r
1y
0c
0i
#73229701353
0t
0s
0r
1y
1c
0i
#73229701760
1t
0s
0r
1y
1c
0i
#73229702405
0t
0s
0r
1y
1c
0i
#73229837186
1t
0s
0r
1y
1c
0i
#73229837833
0t
0s
0r
1y
1c
0i
#73229838241
1t
0s
0r
1y
1c
0i
#73229838882
0t
0s
0r
1y
1c
0i
#73229839291
1t
0s
0r
1y
1c
0i
#73229839933
0t
0s
0r
1y
1c
0i
#73229840341
1t
0s
0r
1y
1c
0i
#73229840984
0t
0s
0r
1y
1c
0i
#73229841392
1t
0s
0r
1y
1c
0i
#73229842031
0t
0s
0r
1y
1c
0i
#73229842441
1t
0s
0r
1y
1c
0i
#73229843081
0t
0s
0r
1y
1c
0i
#73229843489
1t
0s
0r
1y
1c
0i
#73229844132
0t
0s
0r
1y
1c
0i
#73229844539
1t
0s
0r
1y
1c
0i
#73229846206
0t
0s
0r
1y
1c
0i
#73229847380
1t
0s
0r
1y
1c
0i
#73229848338
0t
0s
0r
1y
1c
0i
#73229848734
1t
0s
0r
1y
1c
0i
#73229849379
0t
0s
0r
1y
1c
0i
#73229849785
1t
0s
0r
1y
1c
0i
#73229850428
0t
0s
0r
1y
1c
0i
#73229850834
1t
0s
0r
1y
1c
0i
#73229851476
0t
0s
0r
1y
1c
0i
#73229851884
1t
0s
0r
1y
1c
0i
#73229852525
0t
0s
0r
1y
1c
0i
#73229852932
1t
0s
0r
1y
1c
0i
#73229853576
0t
0s
0r
1y
1c
0i
#73229853981
1t
0s
0r
1y
1c
0i
#73229854621
0t
0s
0r
1y
1c
0i
#73229855027
1t
0s
0r
1y
1c
0i
#73229855669
0t
0s
0r
1y
1c
0i
#73229856074
1t
0s
0r
1y
1c
0i
#73229856718
0t
0s
0r
1y
1c
0i
#73229857125
1t
0s
0r
1y
1c
0i
#73229857764
0t
0s
0r
1y
1c
0i
#73229858172
1t
0s
0r
1y
1c
0i
#73229858814
0t
0s
0r
1y
0c
0i
#73229859221
1t
0s
0r
1y
0c
0i
#73229859868
0t
0s
0r
1y
0c
0i
#73229860274
1t
0s
0r
1y
0c
1i
#73229860917
0t
0s
0r
1y
0c
1i
#73229861325
1t
0s
0r
1y
0c
1i
#73229861970
0t
0s
0r
1y
0c
1i
#73229862379
1t
0s
0r
1y
0c
1i
#73229862439
1t
0s
1r
1y
0c
1i
#73229862442
1t
0s
0r
1y
0c
1i
#73229863027
0t
0s
0r
1y
0c
0i
#73229863435
1t
0s
0r
1y
0c
0i
#73229864080
0t
0s
0r
1y
0c
0i
#73229864488
1t
0s
0r
1y
0c
0i
#73229865134
0t
0s
0r
1y
0c
0i
#73229865541
1t
0s
0r
1y
0c
0i
#73229866190
0t
0s
0r
1y
0c
0i
#73229866596
1t
0s
0r
1y
0c
0i
#73229867241
0t
0s
0r
1y
0c
0i
#73229867650
1t
0s
0r
1y
0c
0i
#73229868296
0t
0s
0r
1y
0c
0i
#73229868704
1t
0s
0r
1y
0c
0i
#73229869353
0t
0s
0r
1y
0c
0i
#73229869759
1t
0s
0r
1y
0c
0i
#73229870406
0t
0s
0r
1y
0c
0i
#73229870814
1t
0s
0r
1y
0c
0i
#73229871462
0t
0s
0r
1y
0c
0i
#73229871869
1t
0s
0r
1y
0c
0i
#73229872520
0t
0s
0r
1y
0c
0i
#73229872925
1t
0s
0r
1y
0c
0i
#73229873573
0t
0s
0r
1y
0c
0i
#73229873980
1t
0s
0r
1y
0c
0i
#73229874629
0t
0s
0r
1y
0c
0i
#73229875036
1t
0s
0r
1y
0c
0i
#73229875687
0t
0s
0r
1y
0c
0i
#73229876093
1t
0s
0r
1y
0c
0i
#73229876741
0t
0s
0r
1y
0c
0i
#73229877148
1t
0s
0r
1y
0c
0i
#73229877796
0t
0s
0r
1y
0c
0i
#73229878205
1t
0s
0r
1y
0c
0i
#73229878855
0t
0s
0r
1y
0c
0i
#73229879261
1t
0s
0r
1y
0c
0i
#73229879907
0t
0s
0r
1y
0c
0i
#73229880316
1t
0s
0r
1y
0c
0i
#73229880963
0t
0s
0r
1y
0c
0i
#73229881371
1t
0s
0r
1y
0c
0i
#73229882021
0t
0s
0r
1y
0c
0i
#73229882428
1t
0s
0r
1y
0c
0i
#73229883073
0t
0s
0r
1y
0c
0i
#73229883482
1t
0s
0r
1y
0c
0i
#73229884129
0t
0s
0r
1y
0c
0i
#73229884538
1t
0s
0r
1y
0c
0i
#73229885187
0t
0s
0r
1y
0c
0i
#73229885594
1t
0s
0r
1y
0c
0i
#73229886239
0t
0s
0r
1y
0c
0i
#73229886649
1t
0s
0r
1y
0c
0i
#73229887295
0t
0s
0r
1y
0c
0i
#73229887704
1t
0s
0r
1y
0c
0i
#73229888353
0t
0s
0r
1y
0c
0i
#73229888763
1t
0s
0r
1y
0c
0i
#73229889409
0t
0s
0r
1y
0c
0i
#73229889820
1t
0s
0r
1y
0c
0i
#73229890468
0t
0s
0r
1y
1c
0i
#73229890879
1t
0s
0r
1y
1c
0i
#73229891531
0t
0s
0r
1y
1c
0i
#73229891941
1t
0s
0r
1y
1c
1i
#73229892590
0t
0s
0r
1y
1c
1i
#73229893002
1t
0s
0r
1y
1c
1i
#73229893654
0t
0s
0r
1y
1c
1i
#73229894066
1t
0s
0r
1y
1c
1i
#73229894721
0t
0s
0r
1y
1c
0i
#73229895131
1t
0s
0r
1y
1c
0i
#73229895782
0t
0s
0r
1y
1c
0i
#73229896194
1t
0s
0r
1y
1c
0i
#73229896845
0t
0s
0r
1y
1c
0i
#73229897256
1t
0s
0r
1y
1c
0i
#73229897910
0t
0s
0r
1y
1c
0i
#73229898320
1t
0s
0r
1y
1c
0i
#73229898968
0t
0s
0r
1y
1c
0i
#73229899381
1t
0s
0r
1y
1c
0i
#73229900028
0t
0s
0r
1y
1c
0i
#73229900440
1t
0s
0r
1y
1c
0i
#73229901090
0t
0s
0r
1y
1c
0i
#73229901500
1t
0s
0r
1y
1c
0i
#73229902145
0t
0s
0r
1y
1c
0i
#73229902555
1t
0s
0r
1y
1c
0i
#73229903200
0t
0s
0r
1y
1c
0i
#73229903610
1t
0s
0r
1y
1c
0i
#73229904255
0t
0s
0r
1y
1c
0i
#73229904665
1t
0s
0r
1y
1c
0i
#73229905305
0t
0s
0r
1y
1c
0i
#73229905717
1t
0s
0r
1y
1c
0i
#73229906359
0t
0s
0r
1y
1c
0i
#73229906769
1t
0s
0r
1y
1c
0i
#73229907414
0t
0s
0r
1y
1c
0i
#73229907823
1t
0s
0r
1y
1c
0i
#73229909497
0t
0s
0r
1y
1c
0i
#73229910674
1t
0s
0r
1y
1c
0i
#73229911637
0t
0s
0r
1y
1c
0i
#73229912033
1t
0s
0r
1y
1c
0i
#73229912681
0t
0s
0r
1y
1c
0i
#73229913088
1t
0s
0r
1y
1c
0i
#73229913734
0t
0s
0r
1y
1c
0i
#77524804482
1t
0s
0r
1y
1c
0i
#77524805129
0t
0s
0r
1y
1c
0i
#77524805537
1t
0s
0r
1y
1c
0i
#77524806178
0t
0s
0r
1y
1c
0i
#77524806587
1t
0s
0r
1y
1c
0i
#77524807229
0t
0s
0r
1y
1c
0i
#77524807637
1t
0s
0r
1y
1c
0i
#77524808280
0t
0s
0r
1y
1c
0i
#77524808688
1t
0s
0r
1y
1c
0i
#77524809327
0t
0s
0r
1y
1c
0i
#77524809737
1t
0s
0r
1y
1c
0i
#77524810377
0t
0s
0r
1y
1c
0i
#77524810785
1t
0s
0r
1y
1c
0i
#77524811428
0t
0s
0r
1y
1c
0i
#77524811835
1t
0s
0r
1y
1c
0i
#77524813502
0t
0s
0r
1y
1c
0i
#77524814676
1t
0s
0r
1y
1c
0i
#77524815634
0t
0s
0r
1y
1c
0i
#77524816030
1t
0s
0r
1y
1c
0i
#77524816675
0t
0s
0r
1y
1c
0i
#77524817081
1t
0s
0r
1y
1c
0i
#77524817724
0t
0s
0r
1y
1c
0i
#77524818130
1t
0s
0r
1y
1c
0i
#77524818772
0t
0s
0r
1y
1c
0i
#77524819180
1t
0s
0r
1y
1c
0i
#77524819821
0t
0s
0r
1y
1c
0i
#77524820228
1t
0s
0r
1y
1c
0i
#77524820872
0t
0s
0r
1y
1c
0i
#77524821277
1t
0s
0r
1y
1c
0i
#77524821917
0t
0s
0r
1y
1c
0i
#77524822323
1t
0s
0r
1y
1c
0i
#77524822965
0t
0s
0r
1y
1c
0i
#77524823370
1t
0s
0r
1y
1c
0i
#77524824014
0t
0s
0r
1y
1c
0i
#77524824421
1t
0s
0r
1y
1c
0i
#77524825060
0t
0s
0r
1y
1c
0i
#77524825468
1t
0s
0r
1y
1c
0i
#77524826110
0t
0s
0r
1y
0c
0i
#77524826517
1t
0s
0r
1y
0c
0i
#77524827164
0t
0s
0r
1y
0c
0i
#77524827570
1t
0s
0r
1y
0c
1i
#77524828213
0t
0s
0r
1y
0c
1i
#77524828621
1t
0s
0r
1y
0c
1i
#77524829266
0t
0s
0r
1y
0c
1i
#77524829675
1t
0s
0r
1y
0c
1i
#77524829735
1t
0s
1r
1y
0c
1i
#77524829738
1t
0s
0r
1y
0c
1i
#77524830323
0t
0s
0r
1y
0c
0i
#77524830731
1t
0s
0r
1y
0c
0i
#77524831376
0t
0s
0r
1y
0c
0i
#77524831784
1t
0s
0r
1y
0c
0i
#77524832430
0t
0s
0r
1y
0c
0i
#77524832837
1t
0s
0r
1y
0c
0i
#77524833486
0t
0s
0r
1y
0c
0i
#77524833892
1t
0s
0r
1y
0c
0i
#77524834537
0t
0s
0r
1y
0c
0i
#77524834946
1t
0s
0r
1y
0c
0i
#77524835592
0t
0s
0r
1y
0c
0i
#77524836000
1t
0s
0r
1y
0c
0i
#77524836649
0t
0s
0r
1y
0c
0i
#77524837055
1t
0s
0r
1y
0c
0i
#77524837702
0t
0s
0r
1y
0c
0i
#77524838110
1t
0s
0r
1y
0c
0i
#77524838758
0t
0s
0r
1y
0c
0i
#77524839165
1t
0s
0r
1y
0c
0i
#77524839816
0t
0s
0r
1y
0c
0i
#77524840221
1t
0s
0r
1y
0c
0i
#77524840869
0t
0s
0r
1y
0c
0i
#77524841276
1t
0s
0r
1y
0c
0i
#77524841925
0t
0s
0r
1y
0c
0i
#77524842332
1t
0s
0r
1y
0c
0i
#77524842983
0t
0s
0r
1y
0c
0i
#77524843389
1t
0s
0r
1y
0c
0i
#77524844037
0t
0s
0r
1y
0c
0i
#77524844444
1t
0s
0r
1y
0c
0i
#77524845092
0t
0s
0r
1y
0c
0i
#77524845501
1t
0s
0r
1y
0c
0i
#77524846151
0t
0s
0r
1y
0c
0i
#77524846557
1t
0s
0r
1y
0c
0i
#77524847203
0t
0s
0r
1y
0c
0i
#77524847612
1t
0s
0r
1y
0c
0i
#77524848259
0t
0s
0r
1y
0c
0i
#77524848667
1t
0s
0r
1y
0c
0i
#77524849317
0t
0s
0r
1y
0c
0i
#77524849724
1t
0s
0r
1y
0c
0i
#77524850369
0t
0s
0r
1y
0c
0i
#77524850778
1t
0s
0r
1y
0c
0i
#77524851425
0t
0s
0r
1y
0c
0i
#77524851834
1t
0s
0r
1y
0c
0i
#77524852483
0t
0s
0r
1y
0c
0i
#77524852890
1t
0s
0r
1y
0c
0i
#77524853535
0t
0s
0r
1y
0c
0i
#77524853945
1t
0s
0r
1y
0c
0i
#77524854591
0t
0s
0r
1y
0c
0i
#77524855000
1t
0s
0r
1y
0c
0i
#77524855649
0t
0s
0r
1y
0c
0i
#77524856059
1t
0s
0r
1y
0c
0i
#77524856705
0t
0s
0r
1y
0c
0i
#77524857116
1t
0s
0r
1y
0c
0i
#77524857764
0t
0s
0r
1y
1c
0i
#77524858175
1t
0s
0r
1y
1c
0i
#77524858827
0t
0s
0r
1y
1c
0i
#77524859237
1t
0s
0r
1y
1c
1i
#77524859886
0t
0s
0r
1y
1c
1i
#77524860298
1t
0s
0r
1y
1c
1i
#77524860950
0t
0s
0r
1y
1c
1i
#77524861362
1t
0s
0r
1y
1c
1i
#77524862017
0t
0s
0r
1y
1c
0i
#77524862427
1t
0s
0r
1y
1c
0i
#77524863078
0t
0s
0r
1y
1c
0i
#77524863490
1t
0s
0r
1y
1c
0i
#77524864141
0t
0s
0r
1y
1c
0i
#77524864552
1t
0s
0r
1y
1c
0i
#77524865206
0t
0s
0r
1y
1c
0i
#77524865616
1t
0s
0r
1y
1c
0i
#77524866264
0t
0s
0r
1y
1c
0i
#77524866677
1t
0s
0r
1y
1c
0i
#77524867324
0t
0s
0r
1y
1c
0i
#77524867736
1t
0s
0r
1y
1c
0i
#77524868386
0t
0s
0r
1y
1c
0i
#77524868796
1t
0s
0r
1y
1c
0i
#77524869441
0t
0s
0r
1y
1c
0i
#77524869851
1t
0s
0r
1y
1c
0i
#77524870496
0t
0s
0r
1y
1c
0i
#77524870906
1t
0s
0r
1y
1c
0i
#77524871551
0t
0s
0r
1y
1c
0i
#77524871961
1t
0s
0r
1y
1c
0i
#77524872601
0t
0s
0r
1y
1c
0i
#77524873013
1t
0s
0r
1y
1c
0i
#77524873655
0t
0s
0r
1y
1c
0i
#77524874065
1t
0s
0r
1y
1c
0i
#77524874710
0t
0s
0r
1y
1c
0i
#77524875119
1t
0s
0r
1y
1c
0i
#77524876793
0t
0s
0r
1y
1c
0i
#77524877970
1t
0s
0r
1y
1c
0i
#77524878933
0t
0s
0r
1y
1c
0i
#77524879329
1t
0s
0r
1y
1c
0i
#77524879977
0t
0s
0r
1y
1c
0i
#77524880384
1t
0s
0r
1y
1c
0i
#77524881030
0t
0s
0r
1y
1c
0i
#77524881437
1t
0s
0r
1y
1c
0i
#77524882082
0t
0s
0r
1y
1c
0i
#77524882491
1t
0s
0r
1y
1c
0i
#77524883135
0t
0s
0r
1y
1c
0i
#77524883543
1t
0s
0r
1y
1c
0i
#77524884189
0t
0s
0r
1y
1c
0i
#77524884595
1t
0s
0r
1y
1c
0i
#77524885238
0t
0s
0r
1y
1c
0i
#77524885646
1t
0s
0r
1y
1c
0i
#77524886290
0t
0s
0r
1y
1c
0i
#77524886697
1t
0s
0r
1y
1c
0i
#77524887343
0t
0s
0r
1y
1c
0i
#77524887751
1t
0s
0r
1y
1c
0i
#77524888393
0t
0s
0r
1y
1c
0i
#77524888802
1t
0s
0r
1y
1c
0i
#77524889447
0t
0s
0r
1y
0c
0i
#77524889855
1t
0s
0r
1y
0c
0i
#77524890504
0t
0s
0r
1y
0c
0i
#77524890911
1t
0s
0r
1y
0c
1i
#77524891557
0t
0s
0r
1y
0c
1i
#77524891967
1t
0s
0r
1y
0c
1i
#77524892615
0t
0s
0r
1y
0c
1i
#77524893025
1t
0s
0r
1y
0c
1i
#77524893676
0t
0s
0r
1y
0c
0i
#77524894085
1t
0s
0r
1y
0c
0i
#77524894732
0t
0s
0r
1y
0c
0i
#77524895143
1t
0s
0r
1y
0c
0i
#77524895792
0t
0s
0r
1y
0c
0i
#77524896200
1t
0s
0r
1y
0c
0i
#77524896852
0t
0s
0r
1y
0c
0i
#77524897259
1t
0s
0r
1y
0c
0i
#77524897906
0t
0s
0r
1y
0c
0i
#77524898316
1t
0s
0r
1y
0c
0i
#77524898963
0t
0s
0r
1y
0c
0i
#77524899373
1t
0s
0r
1y
0c
0i
#77524900023
0t
0s
0r
1y
0c
0i
#77524900429
1t
0s
0r
1y
0c
0i
#77524901076
0t
0s
0r
1y
0c
0i
#77524901484
1t
0s
0r
1y
0c
0i
#77524902131
0t
0s
0r
1y
0c
0i
#77524902537
1t
0s
0r
1y
0c
0i
#77524903186
0t
0s
0r
1y
0c
0i
#77524903591
1t
0s
0r
1y
0c
0i
#77524904235
0t
0s
0r
1y
0c
0i
#77524904642
1t
0s
0r
1y
0c
0i
#77524905287
0t
0s
0r
1y
0c
0i
#77524905693
1t
0s
0r
1y
0c
0i
#77524906342
0t
0s
0r
1y
0c
0i
#77524906746
1t
0s
0r
1y
0c
0i
#77524907390
0t
0s
0r
1y
0c
0i
#77524907797
1t
0s
0r
1y
0c
0i
#77524908442
0t
0s
0r
1y
0c
0i
#77524908850
1t
0s
0r
1y
0c
0i
#77524909497
0t
0s
0r
1y
0c
0i
#77524909903
1t
0s
0r
1y
0c
0i
#77524910546
0t
0s
0r
1y
0c
0i
#77524910954
1t
0s
0r
1y
0c
0i
#77524911598
0t
0s
0r
1y
0c
0i
#77524912005
1t
0s
0r
1y
0c
0i
#77524912653
0t
0s
0r
1y
0c
0i
#77524913059
1t
0s
0r
1y
0c
0i
#77524913701
0t
0s
0r
1y
0c
0i
#77524914110
1t
0s
0r
1y
0c
0i
#77524914753
0t
0s
0r
1y
0c
0i
#77524915161
1t
0s
0r
1y
0c
0i
#77524915807
0t
0s
0r
1y
0c
0i
#77524916213
1t
0s
0r
1y
0c
0i
#77524916855
0t
0s
0r
1y
0c
0i
#77524917263
1t
0s
0r
1y
0c
0i
#77524917907
0t
0s
0r
1y
0c
0i
#77524918314
1t
0s
0r
1y
0c
0i
#77524918960
0t
0s
0r
1y
0c
0i
#77524919368
1t
0s
0r
1y
0c
0i
#77524920009
0t
0s
0r
1y
0c
0i
#77524920419
1t
0s
0r
1y
0c
0i
#77524921063
0t
0s
0r
1y
1c
0i
#77524921473
1t
0s
0r
1y
1c
0i
#77524922121
0t
0s
0r
1y
1c
0i
#77524922529
1t
0s
0r
1y
1c
1i
#77524923175
0t
0s
0r
1y
1c
1i
#77524923585
1t
0s
0r
1y
1c
1i
#77524924234
0t
0s
0r
1y
1c
1i
#77524924644
1t
0s
0r
1y
1c
1i
#77524925295
0t
0s
0r
1y
1c
0i
#77524925704
1t
0s
0r
1y
1c
0i
#77524926351
0t
0s
0r
1y
1c
0i
#77524926762
1t
0s
0r
1y
1c
0i
#77524927410
0t
0s
0r
1y
1c
0i
#77524927820
1t
0s
0r
1y
1c
0i
#77524928471
0t
0s
0r
1y
1c
0i
#77524928880
1t
0s
0r
1y
1c
0i
#77524929525
0t
0s
0r
1y
1c
0i
#77524929936
1t
0s
0r
1y
1c
0i
#77524930582
0t
0s
0r
1y
1c
0i
#77524930992
1t
0s
0r
1y
1c
0i
#77524931640
0t
0s
0r
1y
1c
0i
#77524932048
1t
0s
0r
1y
1c
0i
#77524932691
0t
0s
0r
1y
1c
0i
#77524933100
1t
0s
0r
1y
1c
0i
#77524933743
0t
0s
0r
1y
1c
0i
#77524934152
1t
0s
0r
1y
1c
0i
#77524934796
0t
0s
0r
1y
1c
0i
#77524935204
1t
0s
0r
1y
1c
0i
#77524935844
0t
0s
0r
1y
1c
0i
#77524936254
1t
0s
0r
1y
1c
0i
#77524936894
0t
0s
0r
1y
1c
0i
#77524937303
1t
0s
0r
1y
1c
0i
#77524937947
0t
0s
0r
1y
1c
0i
#77524938354
1t
0s
0r
1y
1c
0i
#77524940022
0t
0s
0r
1y
1c
0i
#77524941195
1t
0s
0r
1y
1c
0i
#77524942155
0t
0s
0r
1y
1c
0i
#77524942550
1t
0s
0r
1y
1c
0i
#77524943195
0t
0s
0r
1y
1c
0i
#77524943601
1t
0s
0r
1y
1c
0i
#77524944244
0t
0s
0r
1y
1c
0i
#77524944650
1t
0s
0r
1y
1c
0i
#77524945292
0t
0s
0r
1y
1c
0i
#77524945700
1t
0s
0r
1y
1c
0i
#77524946342
0t
0s
0r
1y
1c
0i
#77524946749
1t
0s
0r
1y
1c
0i
#77524947393
0t
0s
0r
1y
1c
0i
#77524947798
1t
0s
0r
1y
1c
0i
#77524948438
0t
0s
0r
1y
1c
0i
#77524948845
1t
0s
0r
1y
1c
0i
#77524949488
0t
0s
0r
1y
1c
0i
#77524949893
1t
0s
0r
1y
1c
0i
#77524950537
0t
0s
0r
1y
1c
0i
#77524950944
1t
0s
0r
1y
1c
0i
#77524951584
0t
0s
0r
1y
0c
0i
#77524951993
1t
0s
0r
1y
0c
0i
#77524952635
0t
0s
0r
1y
0c
0i
#77524953043
1t
0s
0r
1y
0c
0i
#77524953690
0t
0s
0r
1y
0c
0i
#77524954096
1t
0s
0r
1y
0c
1i
#77524954741
0t
0s
0r
1y
0c
1i
#77524955149
1t
0s
0r
1y
0c
1i
#77524955795
0t
0s
0r
1y
0c
1i
#77524956204
1t
0s
0r
1y
0c
1i
#77524956314
1t
0s
1r
1y
0c
1i
#77524956316
1t
0s
0r
1y
0c
1i
#77524956854
0t
0s
0r
1y
0c
0i
#77524957262
1t
0s
0r
1y
0c
0i
#77524957907
0t
0s
0r
1y
0c
0i
#77524958316
1t
0s
0r
1y
0c
0i
#77524958963
0t
0s
0r
1y
0c
0i
#77524959371
1t
0s
0r
1y
0c
0i
#77524960021
0t
0s
0r
1y
0c
0i
#77524960427
1t
0s
0r
1y
0c
0i
#77524961071
0t
0s
0r
1y
0c
0i
#77524961480
1t
0s
0r
1y
0c
0i
#77524962124
0t
0s
0r
1y
0c
0i
#77524962531
1t
0s
0r
1y
0c
0i
#77524963177
0t
0s
0r
1y
0c
0i
#77524963581
1t
0s
0r
1y
0c
0i
#77524964223
0t
0s
0r
1y
0c
0i
#77524964628
1t
0s
0r
1y
0c
0i
#77524965270
0t
0s
0r
1y
0c
0i
#77524965674
1t
0s
0r
1y
0c
0i
#77524966318
0t
0s
0r
1y
0c
0i
#77524966720
1t
0s
0r
1y
0c
0i
#77524967359
0t
0s
0r
1y
0c
0i
#77524967763
1t
0s
0r
1y
0c
0i
#77524968404
0t
0s
0r
1y
0c
0i
#77524968808
1t
0s
0r
1y
0c
0i
#77524969452
0t
0s
0r
1y
0c
0i
#77524969854
1t
0s
0r
1y
0c
0i
#77524970494
0t
0s
0r
1y
0c
0i
#77524970899
1t
0s
0r
1y
0c
0i
#77524971539
0t
0s
0r
1y
0c
0i
#77524971945
1t
0s
0r
1y
0c
0i
#77524972588
0t
0s
0r
1y
0c
0i
#77524972992
1t
0s
0r
1y
0c
0i
#77524973632
0t
0s
0r
1y
0c
0i
#77524974037
1t
0s
0r
1y
0c
0i
#77524974678
0t
0s
0r
1y
0c
0i
#77524975083
1t
0s
0r
1y
0c
0i
#77524975728
0t
0s
0r
1y
0c
0i
#77524976131
1t
0s
0r
1y
0c
0i
#77524976770
0t
0s
0r
1y
0c
0i
#77524977177
1t
0s
0r
1y
0c
0i
#77524977817
0t
0s
0r
1y
0c
0i
#77524978223
1t
0s
0r
1y
0c
0i
#77524978866
0t
0s
0r
1y
0c
0i
#77524979271
1t
0s
0r
1y
0c
0i
#77524979910
0t
0s
0r
1y
0c
0i
#77524980317
1t
0s
0r
1y
0c
0i
#77524980957
0t
0s
0r
1y
0c
0i
#77524981363
1t
0s
0r
1y
0c
0i
#77524982007
0t
0s
0r
1y
0c
0i
#77524982414
1t
0s
0r
1y
0c
0i
#77524983053
0t
0s
0r
1y
0c
0i
#77524983461
1t
0s
0r
1y
0c
0i
#77524984103
0t
0s
0r
1y
1c
0i
#77524984511
1t
0s
0r
1y
1c
0i
#77524985157
0t
0s
0r
1y
1c
0i
#77524985564
1t
0s
0r
1y
1c
1i
#77524986208
0t
0s
0r
1y
1c
1i
#77524986617
1t
0s
0r
1y
1c
1i
#77524987262
0t
0s
0r
1y
1c
1i
#77524987671
1t
0s
0r
1y
1c
1i
#77524988321
0t
0s
0r
1y
1c
0i
#77524988728
1t
0s
0r
1y
1c
0i
#77524989373
0t
0s
0r
1y
1c
0i
#77524989782
1t
0s
0r
1y
1c
0i
#77524990428
0t
0s
0r
1y
1c
0i
#77524990836
1t
0s
0r
1y
1c
0i
#77524991484
0t
0s
0r
1y
1c
0i
#77524991892
1t
0s
0r
1y
1c
0i
#77524992534
0t
0s
0r
1y
1c
0i
#77524992944
1t
0s
0r
1y
1c
0i
#77524993586
0t
0s
0r
1y
1c
0i
#77524993995
1t
0s
0r
1y
1c
0i
#77524994639
0t
0s
0r
1y
1c
0i
#77524995046
1t
0s
0r
1y
1c
0i
#77524995685
0t
0s
0r
1y
1c
0i
#77524996093
1t
0s
0r
1y
1c
0i
#77524996732
0t
0s
0r
1y
1c
0i
#77524997139
1t
0s
0r
1y
1c
0i
#77524997778
0t
0s
0r
1y
1c
0i
#77524998185
1t
0s
0r
1y
1c
0i
#77524998820
0t
0s
0r
1y
1c
0i
#77524999228
1t
0s
0r
1y
1c
0i
#77524999864
0t
0s
0r
1y
1c
0i
#77525000271
1t
0s
0r
1y
1c
0i
#77525000910
0t
0s
0r
1y
1c
0i
#77525001316
1t
0s
0r
1y
1c
0i
#77525002974
0t
0s
0r
1y
1c
0i
#77525004142
1t
0s
0r
1y
1c
0i
#77525005096
0t
0s
0r
1y
1c
0i
#77525005490
1t
0s
0r
1y
1c
0i
#77525006131
0t
0s
0r
1y
1c
0i
#77525006536
1t
0s
0r
1y
1c
0i
#77525007176
0t
0s
0r
1y
1c
0i
#77525007581
1t
0s
0r
1y
1c
0i
#77525008220
0t
0s
0r
1y
1c
0i
#77525008626
1t
0s
0r
1y
1c
0i
#77525009265
0t
0s
0r
1y
1c
0i
#77525009670
1t
0s
0r
1y
1c
0i
#77525010311
0t
0s
0r
1y
1c
0i
#77525010715
1t
0s
0r
1y
1c
0i
#77525011352
0t
0s
0r
1y
1c
0i
#77525011758
1t
0s
0r
1y
1c
0i
#77525012396
0t
0s
0r
1y
1c
0i
#77525012801
1t
0s
0r
1y
1c
0i
#77525013441
0t
0s
0r
1y
1c
0i
#77525013847
1t
0s
0r
1y
1c
0i
#77525014483
0t
0s
0r
1y
1c
0i
#77525014890
1t
0s
0r
1y
1c
0i
#77525015530
0t
0s
0r
1y
0c
0i
#77525015935
1t
0s
0r
1y
0c
0i
#77525016579
0t
0s
0r
1y
0c
0i
#77525016984
1t
0s
0r
1y
0c
1i
#77525017625
0t
0s
0r
1y
0c
1i
#77525018031
1t
0s
0r
1y
0c
1i
#77525018674
0t
0s
0r
1y
0c
1i
#77525019081
1t
0s
0r
1y
0c
1i
#77525019727
0t
0s
0r
1y
0c
0i
#77525020132
1t
0s
0r
1y
0c
0i
#77525020774
0t
0s
0r
1y
0c
0i
#77525021181
1t
0s
0r
1y
0c
0i
#77525021824
0t
0s
0r
1y
0c
0i
#77525022230
1t
0s
0r
1y
0c
0i
#77525022876
0t
0s
0r
1y
0c
0i
#77525023280
1t
0s
0r
1y
0c
0i
#77525023921
0t
0s
0r
1y
0c
0i
#77525024329
1t
0s
0r
1y
0c
0i
#77525024970
0t
0s
0r
1y
0c
0i
#77525025376
1t
0s
0r
1y
0c
0i
#77525026021
0t
0s
0r
1y
0c
0i
#77525026425
1t
0s
0r
1y
0c
0i
#77525027065
0t
0s
0r
1y
0c
0i
#77525027471
1t
0s
0r
1y
0c
0i
#77525028113
0t
0s
0r
1y
0c
0i
#77525028516
1t
0s
0r
1y
0c
0i
#77525029162
0t
0s
0r
1y
0c
0i
#77525029563
1t
0s
0r
1y
0c
0i
#77525030203
0t
0s
0r
1y
0c
0i
#77525030607
1t
0s
0r
1y
0c
0i
#77525031249
0t
0s
0r
1y
0c
0i
#77525031652
1t
0s
0r
1y
0c
0i
#77525032296
0t
0s
0r
1y
0c
0i
#77525032698
1t
0s
0r
1y
0c
0i
#77525033338
0t
0s
0r
1y
0c
0i
#77525033742
1t
0s
0r
1y
0c
0i
#77525034382
0t
0s
0r
1y
0c
0i
#77525034788
1t
0s
0r
1y
0c
0i
#77525035430
0t
0s
0r
1y
0c
0i
#77525035834
1t
0s
0r
1y
0c
0i
#77525036472
0t
0s
0r
1y
0c
0i
#77525036878
1t
0s
0r
1y
0c
0i
#77525037517
0t
0s
0r
1y
0c
0i
#77525037922
1t
0s
0r
1y
0c
0i
#77525038564
0t
0s
0r
1y
0c
0i
#77525038968
1t
0s
0r
1y
0c
0i
#77525039606
0t
0s
0r
1y
0c
0i
#77525040012
1t
0s
0r
1y
0c
0i
#77525040651
0t
0s
0r
1y
0c
0i
#77525041056
1t
0s
0r
1y
0c
0i
#77525041697
0t
0s
0r
1y
0c
0i
#77525042101
1t
0s
0r
1y
0c
0i
#77525042738
0t
0s
0r
1y
0c
0i
#77525043144
1t
0s
0r
1y
0c
0i
#77525043783
0t
0s
0r
1y
0c
0i
#77525044188
1t
0s
0r
1y
0c
0i
#77525044829
0t
0s
0r
1y
0c
0i
#77525045235
1t
0s
0r
1y
0c
0i
#77525045872
0t
0s
0r
1y
0c
0i
#77525046280
1t
0s
0r
1y
0c
0i
#77525046919
0t
0s
0r
1y
1c
0i
#77525047327
1t
0s
0r
1y
1c
0i
#77525047971
0t
0s
0r
1y
1c
0i
#77525048376
1t
0s
0r
1y
1c
1i
#77525049017
0t
0s
0r
1y
1c
1i
#77525049425
1t
0s
0r
1y
1c
1i
#77525050069
0t
0s
0r
1y
1c
1i
#77525050476
1t
0s
0r
1y
1c
1i
#77525051123
0t
0s
0r
1y
1c
0i
#77525051529
1t
0s
0r
1y
1c
0i
#77525052171
0t
0s
0r
1y
1c
0i
#77525052579
1t
0s
0r
1y
1c
0i
#77525053223
0t
0s
0r
1y
1c
0i
#77525053629
1t
0s
0r
1y
1c
0i
#77525054275
0t
0s
0r
1y
1c
0i
#77525054680
1t
0s
0r
1y
1c
0i
#77525055319
0t
0s
0r
1y
1c
0i
#77525055728
1t
0s
0r
1y
1c
0i
#77525056366
0t
0s
0r
1y
1c
0i
#77525056774
1t
0s
0r
1y
1c
0i
#77525057414
0t
0s
0r
1y
1c
0i
#77525057819
1t
0s
0r
1y
1c
0i
#77525058454
0t
0s
0r
1y
1c
0i
#77525058860
1t
0s
0r
1y
1c
0i
#77525059494
0t
0s
0r
1y
1c
0i
#77525059899
1t
0s
0r
1y
1c
0i
#77525060535
0t
0s
0r
1y
1c
0i
#77525060940
1t
0s
0r
1y
1c
0i
#77525061572
0t
0s
0r
1y
1c
0i
#77525061978
1t
0s
0r
1y
1c
0i
#77525062611
0t
0s
0r
1y
1c
0i
#77525063016
1t
0s
0r
1y
1c
0i
#77525063652
0t
0s
0r
1y
1c
0i
#77525064056
1t
0s
0r
1y
1c
0i
#77525065707
0t
0s
0r
1y
1c
0i
#77525066870
1t
0s
0r
1y
1c
0i
#77525067820
0t
0s
0r
1y
1c
0i
#77525068212
1t
0s
0r
1y
1c
0i
#77525068851
0t
0s
0r
1y
1c
0i
#77525069253
1t
0s
0r
1y
1c
0i
#77525069889
0t
0s
0r
1y
1c
0i
#77525070292
1t
0s
0r
1y
1c
0i
#77525070928
0t
0s
0r
1y
1c
0i
#77525071333
1t
0s
0r
1y
1c
0i
#77525071968
0t
0s
0r
1y
1c
0i
#77525072371
1t
0s
0r
1y
1c
0i
#77525073009
0t
0s
0r
1y
1c
0i
#77525073410
1t
0s
0r
1y
1c
0i
#77525074044
0t
0s
0r
1y
1c
0i
#77525074447
1t
0s
0r
1y
1c
0i
#77525075082
0t
0s
0r
1y
1c
0i
#77525075484
1t
0s
0r
1y
1c
0i
#77525076121
0t
0s
0r
1y
1c
0i
#77525076524
1t
0s
0r
1y
1c
0i
#77525077157
0t
0s
0r
1y
1c
0i
#77525077562
1t
0s
0r
1y
1c
0i
#77525078197
0t
0s
0r
1y
0c
0i
#77525078601
1t
0s
0r
1y
0c
0i
#77525079241
0t
0s
0r
1y
0c
0i
#77525079644
1t
0s
0r
1y
0c
1i
#77525080281
0t
0s
0r
1y
0c
1i
#77525080685
1t
0s
0r
1y
0c
1i
#77525081324
0t
0s
0r
1y
0c
1i
#77525081729
1t
0s
0r
1y
0c
1i
#77525081890
1t
0s
1r
1y
0c
1i
#77525081893
1t
0s
0r
1y
0c
1i
#77525082371
0t
0s
0r
1y
0c
0i
#77525082775
1t
0s
0r
1y
0c
0i
#77525083413
0t
0s
0r
1y
0c
0i
#77525083818
1t
0s
0r
1y
0c
0i
#77525084458
0t
0s
0r
1y
0c
0i
#77525084862
1t
0s
0r
1y
0c
0i
#77525085505
0t
0s
0r
1y
0c
0i
#77525085907
1t
0s
0r
1y
0c
0i
#77525086545
0t
0s
0r
1y
0c
0i
#77525086951
1t
0s
0r
1y
0c
0i
#77525087590
0t
0s
0r
1y
0c
0i
#77525087995
1t
0s
0r
1y
0c
0i
#77525088638
0t
0s
0r
1y
0c
0i
#77525089040
1t
0s
0r
1y
0c
0i
#77525089680
0t
0s
0r
1y
0c
0i
#77525090084
1t
0s
0r
1y
0c
0i
#77525090726
0t
0s
0r
1y
0c
0i
#77525091130
1t
0s
0r
1y
0c
0i
#77525091775
0t
0s
0r
1y
0c
0i
#77525092177
1t
0s
0r
1y
0c
0i
#77525092818
0t
0s
0r
1y
0c
0i
#77525093222
1t
0s
0r
1y
0c
0i
#77525093865
0t
0s
0r
1y
0c
0i
#77525094269
1t
0s
0r
1y
0c
0i
#77525094915
0t
0s
0r
1y
0c
0i
#77525095317
1t
0s
0r
1y
0c
0i
#77525095960
0t
0s
0r
1y
0c
0i
#77525096364
1t
0s
0r
1y
0c
0i
#77525097006
0t
0s
0r
1y
0c
0i
#77525097412
1t
0s
0r
1y
0c
0i
#77525098056
0t
0s
0r
1y
0c
0i
#77525098460
1t
0s
0r
1y
0c
0i
#77525099100
0t
0s
0r
1y
0c
0i
#77525099506
1t
0s
0r
1y
0c
0i
#77525100148
0t
0s
0r
1y
0c
0i
#77525100553
1t
0s
0r
1y
0c
0i
#77525101197
0t
0s
0r
1y
0c
0i
#77525101601
1t
0s
0r
1y
0c
0i
#77525102241
0t
0s
0r
1y
0c
0i
#77525102647
1t
0s
0r
1y
0c
0i
#77525103287
0t
0s
0r
1y
0c
0i
#77525103693
1t
0s
0r
1y
0c
0i
#77525104337
0t
0s
0r
1y
0c
0i
#77525104741
1t
0s
0r
1y
0c
0i
#77525105380
0t
0s
0r
1y
0c
0i
#77525105787
1t
0s
0r
1y
0c
0i
#77525106428
0t
0s
0r
1y
0c
0i
#77525106834
1t
0s
0r
1y
0c
0i
#77525107477
0t
0s
0r
1y
0c
0i
#77525107884
1t
0s
0r
1y
0c
0i
#77525108523
0t
0s
0r
1y
0c
0i
#77525108932
1t
0s
0r
1y
0c
0i
#77525109574
0t
0s
0r
1y
1c
0i
#77525109982
1t
0s
0r
1y
1c
0i
#77525110628
0t
0s
0r
1y
1c
0i
#77525111035
1t
0s
0r
1y
1c
1i
#77525111679
0t
0s
0r
1y
1c
1i
#77525112088
1t
0s
0r
1y
1c
1i
#77525112734
0t
0s
0r
1y
1c
1i
#77525113143
1t
0s
0r
1y
1c
1i
#77525113792
0t
0s
0r
1y
1c
0i
#77525114200
1t
0s
0r
1y
1c
0i
#77525114844
0t
0s
0r
1y
1c
0i
#77525115253
1t
0s
0r
1y
1c
0i
#77525115899
0t
0s
0r
1y
1c
0i
#77525116307
1t
0s
0r
1y
1c
0i
#77525116956
0t
0s
0r
1y
1c
0i
#77525117363
1t
0s
0r
1y
1c
0i
#77525118006
0t
0s
0r
1y
1c
0i
#77525118416
1t
0s
0r
1y
1c
0i
#77525119060
0t
0s
0r
1y
1c
0i
#77525119469
1t
0s
0r
1y
1c
0i
#77525120115
0t
0s
0r
1y
1c
0i
#77525120523
1t
0s
0r
1y
1c
0i
#77525121164
0t
0s
0r
1y
1c
0i
#77525121574
1t
0s
0r
1y
1c
0i
#77525122216
0t
0s
0r
1y
1c
0i
#77525122625
1t
0s
0r
1y
1c
0i
#77525123269
0t
0s
0r
1y
1c
0i
#77525123678
1t
0s
0r
1y
1c
0i
#77525124318
0t
0s
0r
1y
1c
0i
#77525124729
1t
0s
0r
1y
1c
0i
#77525125370
0t
0s
0r
1y
1c
0i
#77525125779
1t
0s
0r
1y
1c
0i
#77525126423
0t
0s
0r
1y
1c
0i
#77525126832
1t
0s
0r
1y
1c
0i
#77525128502
0t
0s
0r
1y
1c
0i
#77525129677
1t
0s
0r
1y
1c
0i
#77525130638
0t
0s
0r
1y
1c
0i
#77525131033
1t
0s
0r
1y
1c
0i
#77525131679
0t
0s
0r
1y
1c
0i
#77525132085
1t
0s
0r
1y
1c
0i
#77525132729
0t
0s
0r
1y
1c
0i
#77525133136
1t
0s
0r
1y
1c
0i
#77525133778
0t
0s
0r
1y
1c
0i
#77525134187
1t
0s
0r
1y
1c
0i
#77525134829
0t
0s
0r
1y
1c
0i
#77525135236
1t
0s
0r
1y
1c
0i
#77525135881
0t
0s
0r
1y
1c
0i
#77525136286
1t
0s
0r
1y
1c
0i
#77525136927
0t
0s
0r
1y
1c
0i
#77525137333
1t
0s
0r
1y
1c
0i
#77525137976
0t
0s
0r
1y
1c
0i
#77525138382
1t
0s
0r
1y
1c
0i
#77525139025
0t
0s
0r
1y
1c
0i
#77525139433
1t
0s
0r
1y
1c
0i
#77525140073
0t
0s
0r
1y
0c
0i
#77525140481
1t
0s
0r
1y
0c
0i
#77525141124
0t
0s
0r
1y
0c
0i
#77525141532
1t
0s
0r
1y
0c
0i
#77525142179
0t
0s
0r
1y
0c
0i
#77525142585
1t
0s
0r
1y
0c
1i
#77525143230
0t
0s
0r
1y
0c
1i
#77525143638
1t
0s
0r
1y
0c
1i
#77525144285
0t
0s
0r
1y
0c
1i
#77525144694
1t
0s
0r
1y
0c
1i
#77525145343
0t
0s
0r
1y
0c
0i
#77525145751
1t
0s
0r
1y
0c
0i
#77525146396
0t
0s
0r
1y
0c
0i
#77525146806
1t
0s
0r
1y
0c
0i
#77525147453
0t
0s
0r
1y
0c
0i
#77525147860
1t
0s
0r
1y
0c
0i
#77525148510
0t
0s
0r
1y
0c
0i
#77525148916
1t
0s
0r
1y
0c
0i
#77525149560
0t
0s
0r
1y
0c
0i
#77525149968
1t
0s
0r
1y
0c
0i
#77525150611
0t
0s
0r
1y
0c
0i
#77525151017
1t
0s
0r
1y
0c
0i
#77525151662
0t
0s
0r
1y
0c
0i
#77525152065
1t
0s
0r
1y
0c
0i
#77525152706
0t
0s
0r
1y
0c
0i
#77525153109
1t
0s
0r
1y
0c
0i
#77525153749
0t
0s
0r
1y
0c
0i
#77525154152
1t
0s
0r
1y
0c
0i
#77525154794
0t
0s
0r
1y
0c
0i
#77525155195
1t
0s
0r
1y
0c
0i
#77525155832
0t
0s
0r
1y
0c
0i
#77525156235
1t
0s
0r
1y
0c
0i
#77525156873
0t
0s
0r
1y
0c
0i
#77525157276
1t
0s
0r
1y
0c
0i
#77525157918
0t
0s
0r
1y
0c
0i
#77525158319
1t
0s
0r
1y
0c
0i
#77525158957
0t
0s
0r
1y
0c
0i
#77525159361
1t
0s
0r
1y
0c
0i
#77525160000
0t
0s
0r
1y
0c
0i
#77525160405
1t
0s
0r
1y
0c
0i
#77525161046
0t
0s
0r
1y
0c
0i
#77525161449
1t
0s
0r
1y
0c
0i
#77525162087
0t
0s
0r
1y
0c
0i
#77525162492
1t
0s
0r
1y
0c
0i
#77525163131
0t
0s
0r
1y
0c
0i
#77525163535
1t
0s
0r
1y
0c
0i
#77525164177
0t
0s
0r
1y
0c
0i
#77525164580
1t
0s
0r
1y
0c
0i
#77525165217
0t
0s
0r
1y
0c
0i
#77525165622
1t
0s
0r
1y
0c
0i
#77525166260
0t
0s
0r
1y
0c
0i
#77525166665
1t
0s
0r
1y
0c
0i
#77525167306
0t
0s
0r
1y
0c
0i
#77525167709
1t
0s
0r
1y
0c
0i
#77525168346
0t
0s
0r
1y
0c
0i
#77525168751
1t
0s
0r
1y
0c
0i
#77525169389
0t
0s
0r
1y
0c
0i
#77525169793
1t
0s
0r
1y
0c
0i
#77525170433
0t
0s
0r
1y
0c
0i
#77525170839
1t
0s
0r
1y
0c
0i
#77525171474
0t
0s
0r
1y
0c
0i
#77525171882
1t
0s
0r
1y
0c
0i
#77525172520
0t
0s
0r
1y
1c
0i
#77525172927
1t
0s
0r
1y
1c
0i
#77525173570
0t
0s
0r
1y
1c
0i
#77525173974
1t
0s
0r
1y
1c
1i
#77525174615
0t
0s
0r
1y
1c
1i
#77525175022
1t
0s
0r
1y
1c
1i
#77525175665
0t
0s
0r
1y
1c
1i
#77525176071
1t
0s
0r
1y
1c
1i
#77525176718
0t
0s
0r
1y
1c
0i
#77525177123
1t
0s
0r
1y
1c
0i
#77525177764
0t
0s
0r
1y
1c
0i
#77525178172
1t
0s
0r
1y
1c
0i
#77525178815
0t
0s
0r
1y
1c
0i
#77525179222
1t
0s
0r
1y
1c
0i
#77525179867
0t
0s
0r
1y
1c
0i
#77525180273
1t
0s
0r
1y
1c
0i
#77525180912
0t
0s
0r
1y
1c
0i
#77525181322
1t
0s
0r
1y
1c
0i
#77525181962
0t
0s
0r
1y
1c
0i
#77525182369
1t
0s
0r
1y
1c
0i
#77525183012
0t
0s
0r
1y
1c
0i
#77525183418
1t
0s
0r
1y
1c
0i
#77525184055
0t
0s
0r
1y
1c
0i
#77525184462
1t
0s
0r
1y
1c
0i
#77525185099
0t
0s
0r
1y
1c
0i
#77525185506
1t
0s
0r
1y
1c
0i
#77525186144
0t
0s
0r
1y
1c
0i
#77525186550
1t
0s
0r
1y
1c
0i
#77525187184
0t
0s
0r
1y
1c
0i
#77525187591
1t
0s
0r
1y
1c
0i
#77525188226
0t
0s
0r
1y
1c
0i
#77525188632
1t
0s
0r
1y
1c
0i
#77525189269
0t
0s
0r
1y
1c
0i
#77525189674
1t
0s
0r
1y
1c
0i
#77525191328
0t
0s
0r
1y
1c
0i
#77525192492
1t
0s
0r
1y
1c
0i
#77525193443
0t
0s
0r
1y
1c
0i
#77525193835
1t
0s
0r
1y
1c
0i
#77525194475
0t
0s
0r
1y
1c
0i
#77525194878
1t
0s
0r
1y
1c
0i
#77525195515
0t
0s
0r
1y
1c
0i
#77525195918
1t
0s
0r
1y
1c
0i
#77525196555
0t
0s
0r
1y
1c
0i
#77525196960
1t
0s
0r
1y
1c
0i
#77525197597
0t
0s
0r
1y
1c
0i
#77525198000
1t
0s
0r
1y
1c
0i
#77525198639
0t
0s
0r
1y
1c
0i
#77525199041
1t
0s
0r
1y
1c
0i
#77525199676
0t
0s
0r
1y
1c
0i
#77525200080
1t
0s
0r
1y
1c
0i
#77525200717
0t
0s
0r
1y
1c
0i
#77525201120
1t
0s
0r
1y
1c
0i
#77525201758
0t
0s
0r
1y
1c
0i
#77525202163
1t
0s
0r
1y
1c
0i
#77525202798
0t
0s
0r
1y
1c
0i
#77525203203
1t
0s
0r
1y
1c
0i
#77525203840
0t
0s
0r
1y
0c
0i
#77525204245
1t
0s
0r
1y
0c
0i
#77525204887
0t
0s
0r
1y
0c
0i
#77525205290
1t
0s
0r
1y
0c
1i
#77525205930
0t
0s
0r
1y
0c
1i
#77525206335
1t
0s
0r
1y
0c
1i
#77525206975
0t
0s
0r
1y
0c
1i
#77525207381
1t
0s
0r
1y
0c
1i
#77525207504
1t
0s
1r
1y
0c
1i
#77525207507
1t
0s
0r
1y
0c
1i
#77525208025
0t
0s
0r
1y
0c
0i
#77525208430
1t
0s
0r
1y
0c
0i
#77525209070
0t
0s
0r
1y
0c
0i
#77525209476
1t
0s
0r
1y
0c
0i
#77525210117
0t
0s
0r
1y
0c
0i
#77525210522
1t
0s
0r
1y
0c
0i
#77525211166
0t
0s
0r
1y
0c
0i
#77525211569
1t
0s
0r
1y
0c
0i
#77525212209
0t
0s
0r
1y
0c
0i
#77525212615
1t
0s
0r
1y
0c
0i
#77525213254
0t
0s
0r
1y
0c
0i
#77525213659
1t
0s
0r
1y
0c
0i
#77525214301
0t
0s
0r
1y
0c
0i
#77525214703
1t
0s
0r
1y
0c
0i
#77525215342
0t
0s
0r
1y
0c
0i
#77525215745
1t
0s
0r
1y
0c
0i
#77525216384
0t
0s
0r
1y
0c
0i
#77525216785
1t
0s
0r
1y
0c
0i
#77525217427
0t
0s
0r
1y
0c
0i
#77525217826
1t
0s
0r
1y
0c
0i
#77525218463
0t
0s
0r
1y
0c
0i
#77525218865
1t
0s
0r
1y
0c
0i
#77525219502
0t
0s
0r
1y
0c
0i
#77525219903
1t
0s
0r
1y
0c
0i
#77525220544
0t
0s
0r
1y
0c
0i
#77525220944
1t
0s
0r
1y
0c
0i
#77525221581
0t
0s
0r
1y
0c
0i
#77525221983
1t
0s
0r
1y
0c
0i
#77525222620
0t
0s
0r
1y
0c
0i
#77525223023
1t
0s
0r
1y
0c
0i
#77525223663
0t
0s
0r
1y
0c
0i
#77525224065
1t
0s
0r
1y
0c
0i
#77525224700
0t
0s
0r
1y
0c
0i
#77525225104
1t
0s
0r
1y
0c
0i
#77525225741
0t
0s
0r
1y
0c
0i
#77525226144
1t
0s
0r
1y
0c
0i
#77525226785
0t
0s
0r
1y
0c
0i
#77525227187
1t
0s
0r
1y
0c
0i
#77525227823
0t
0s
0r
1y
0c
0i
#77525228227
1t
0s
0r
1y
0c
0i
#77525228863
0t
0s
0r
1y
0c
0i
#77525229268
1t
0s
0r
1y
0c
0i
#77525229907
0t
0s
0r
1y
0c
0i
#77525230309
1t
0s
0r
1y
0c
0i
#77525230945
0t
0s
0r
1y
0c
0i
#77525231349
1t
0s
0r
1y
0c
0i
#77525231986
0t
0s
0r
1y
0c
0i
#77525232390
1t
0s
0r
1y
0c
0i
#77525233029
0t
0s
0r
1y
0c
0i
#77525233434
1t
0s
0r
1y
0c
0i
#77525234069
0t
0s
0r
1y
0c
0i
#77525234475
1t
0s
0r
1y
0c
0i
#77525235113
0t
0s
0r
1y
1c
0i
#77525235518
1t
0s
0r
1y
1c
0i
#77525236160
0t
0s
0r
1y
1c
0i
#77525236565
1t
0s
0r
1y
1c
1i
#77525237204
0t
0s
0r
1y
1c
1i
#77525237611
1t
0s
0r
1y
1c
1i
#77525238252
0t
0s
0r
1y
1c
1i
#77525238659
1t
0s
0r
1y
1c
1i
#77525239304
0t
0s
0r
1y
1c
0i
#77525239709
1t
0s
0r
1y
1c
0i
#77525240349
0t
0s
0r
1y
1c
0i
#77525240756
1t
0s
0r
1y
1c
0i
#77525241397
0t
0s
0r
1y
1c
0i
#77525241803
1t
0s
0r
1y
1c
0i
#77525242447
0t
0s
0r
1y
1c
0i
#77525242852
1t
0s
0r
1y
1c
0i
#77525243491
0t
0s
0r
1y
1c
0i
#77525243899
1t
0s
0r
1y
1c
0i
#77525244538
0t
0s
0r
1y
1c
0i
#77525244946
1t
0s
0r
1y
1c
0i
#77525245587
0t
0s
0r
1y
1c
0i
#77525245993
1t
0s
0r
1y
1c
0i
#77525246630
0t
0s
0r
1y
1c
0i
#77525247037
1t
0s
0r
1y
1c
0i
#77525247675
0t
0s
0r
1y
1c
0i
#77525248081
1t
0s
0r
1y
1c
0i
#77525248721
0t
0s
0r
1y
1c
0i
#77525249127
1t
0s
0r
1y
1c
0i
#77525249761
0t
0s
0r
1y
1c
0i
#77525250169
1t
0s
0r
1y
1c
0i
#77525250804
0t
0s
0r
1y
1c
0i
#77525251210
1t
0s
0r
1y
1c
0i
#77525251849
0t
0s
0r
1y
1c
0i
#77525252254
1t
0s
0r
1y
1c
0i
#77525253909
0t
0s
0r
1y
1c
0i
#77525255075
1t
0s
0r
1y
1c
0i
#77525256027
0t
0s
0r
1y
1c
0i
#77525256420
1t
0s
0r
1y
1c
0i
#77525257060
0t
0s
0r
1y
1c
0i
#77525257464
1t
0s
0r
1y
1c
0i
#77525258102
0t
0s
0r
1y
1c
0i
#77525258506
1t
0s
0r
1y
1c
0i
#77525259144
0t
0s
0r
1y
1c
0i
#77525259549
1t
0s
0r
1y
1c
0i
#77525260187
0t
0s
0r
1y
1c
0i
#77525260591
1t
0s
0r
1y
1c
0i
#77525261231
0t
0s
0r
1y
1c
0i
#77525261634
1t
0s
0r
1y
1c
0i
#77525262270
0t
0s
0r
1y
1c
0i
#77525262674
1t
0s
0r
1y
1c
0i
#77525263312
0t
0s
0r
1y
1c
0i
#77525263715
1t
0s
0r
1y
1c
0i
#77525264354
0t
0s
0r
1y
1c
0i
#77525264759
1t
0s
0r
1y
1c
0i
#77525265394
0t
0s
0r
1y
1c
0i
#77525265800
1t
0s
0r
1y
1c
0i
#77525266438
0t
0s
0r
1y
0c
0i
#77525266843
1t
0s
0r
1y
0c
0i
#77525267485
0t
0s
0r
1y
0c
0i
#77525267889
1t
0s
0r
1y
0c
1i
#77525268528
0t
0s
0r
1y
0c
1i
#77525268934
1t
0s
0r
1y
0c
1i
#77525269575
0t
0s
0r
1y
0c
1i
#77525269981
1t
0s
0r
1y
0c
1i
#77525270625
0t
0s
0r
1y
0c
0i
#77525271030
1t
0s
0r
1y
0c
0i
#77525271670
0t
0s
0r
1y
0c
0i
#77525272076
1t
0s
0r
1y
0c
0i
#77525272717
0t
0s
0r
1y
0c
0i
#77525273122
1t
0s
0r
1y
0c
0i
#77525273766
0t
0s
0r
1y
0c
0i
#77525274169
1t
0s
0r
1y
0c
0i
#77525274808
0t
0s
0r
1y
0c
0i
#77525275214
1t
0s
0r
1y
0c
0i
#77525275853
0t
0s
0r
1y
0c
0i
#77525276258
1t
0s
0r
1y
0c
0i
#77525276900
0t
0s
0r
1y
0c
0i
#77525277304
1t
0s
0r
1y
0c
0i
#77525277943
0t
0s
0r
1y
0c
0i
#77525278347
1t
0s
0r
1y
0c
0i
#77525278987
0t
0s
0r
1y
0c
0i
#77525279391
1t
0s
0r
1y
0c
0i
#77525280034
0t
0s
0r
1y
0c
0i
#77525280436
1t
0s
0r
1y
0c
0i
#77525281075
0t
0s
0r
1y
0c
0i
#77525281478
1t
0s
0r
1y
0c
0i
#77525282119
0t
0s
0r
1y
0c
0i
#77525282522
1t
0s
0r
1y
0c
0i
#77525283165
0t
0s
0r
1y
0c
0i
#77525283567
1t
0s
0r
1y
0c
0i
#77525284206
0t
0s
0r
1y
0c
0i
#77525284610
1t
0s
0r
1y
0c
0i
#77525285249
0t
0s
0r
1y
0c
0i
#77525285654
1t
0s
0r
1y
0c
0i
#77525286296
0t
0s
0r
1y
0c
0i
#77525286699
1t
0s
0r
1y
0c
0i
#77525287336
0t
0s
0r
1y
0c
0i
#77525287742
1t
0s
0r
1y
0c
0i
#77525288381
0t
0s
0r
1y
0c
0i
#77525288785
1t
0s
0r
1y
0c
0i
#77525289427
0t
0s
0r
1y
0c
0i
#77525289830
1t
0s
0r
1y
0c
0i
#77525290467
0t
0s
0r
1y
0c
0i
#77525290872
1t
0s
0r
1y
0c
0i
#77525291509
0t
0s
0r
1y
0c
0i
#77525291915
1t
0s
0r
1y
0c
0i
#77525292555
0t
0s
0r
1y
0c
0i
#77525292958
1t
0s
0r
1y
0c
0i
#77525293595
0t
0s
0r
1y
0c
0i
#77525294000
1t
0s
0r
1y
0c
0i
#77525294638
0t
0s
0r
1y
0c
0i
#77525295043
1t
0s
0r
1y
0c
0i
#77525295683
0t
0s
0r
1y
0c
0i
#77525296088
1t
0s
0r
1y
0c
0i
#77525296724
0t
0s
0r
1y
0c
0i
#77525297131
1t
0s
0r
1y
0c
0i
#77525297769
0t
0s
0r
1y
1c
0i
#77525298176
1t
0s
0r
1y
1c
0i
#77525298819
0t
0s
0r
1y
1c
0i
#77525299224
1t
0s
0r
1y
1c
1i
#77525299864
0t
0s
0r
1y
1c
1i
#77525300271
1t
0s
0r
1y
1c
1i
#77525300914
0t
0s
0r
1y
1c
1i
#77525301321
1t
0s
0r
1y
1c
1i
#77525301967
0t
0s
0r
1y
1c
0i
#77525302373
1t
0s
0r
1y
1c
0i
#77525303014
0t
0s
0r
1y
1c
0i
#77525303422
1t
0s
0r
1y
1c
0i
#77525304065
0t
0s
0r
1y
1c
0i
#77525304472
1t
0s
0r
1y
1c
0i
#77525305117
0t
0s
0r
1y
1c
0i
#77525305523
1t
0s
0r
1y
1c
0i
#77525306163
0t
0s
0r
1y
1c
0i
#77525306572
1t
0s
0r
1y
1c
0i
#77525307212
0t
0s
0r
1y
1c
0i
#77525307620
1t
0s
0r
1y
1c
0i
#77525308263
0t
0s
0r
1y
1c
0i
#77525308669
1t
0s
0r
1y
1c
0i
#77525309308
0t
0s
0r
1y
1c
0i
#77525309715
1t
0s
0r
1y
1c
0i
#77525310354
0t
0s
0r
1y
1c
0i
#77525310761
1t
0s
0r
1y
1c
0i
#77525311401
0t
0s
0r
1y
1c
0i
#77525311808
1t
0s
0r
1y
1c
0i
#77525312443
0t
0s
0r
1y
1c
0i
#77525312852
1t
0s
0r
1y
1c
0i
#77525313489
0t
0s
0r
1y
1c
0i
#77525313895
1t
0s
0r
1y
1c
0i
#77525314536
0t
0s
0r
1y
1c
0i
#77525314941
1t
0s
0r
1y
1c
0i
#77525316600
0t
0s
0r
1y
1c
0i
#77525317767
1t
0s
0r
1y
1c
0i
#77525318722
0t
0s
0r
1y
1c
0i
#77525319115
1t
0s
0r
1y
1c
0i
#77525319757
0t
0s
0r
1y
1c
0i
#77525320160
1t
0s
0r
1y
1c
0i
#77525320799
0t
0s
0r
1y
1c
0i
#77525321204
1t
0s
0r
1y
1c
0i
#77525321843
0t
0s
0r
1y
1c
0i
#77525322249
1t
0s
0r
1y
1c
0i
#77525322887
0t
0s
0r
1y
1c
0i
#77525323291
1t
0s
0r
1y
1c
0i
#77525323932
0t
0s
0r
1y
1c
0i
#77525324335
1t
0s
0r
1y
1c
0i
#77525324971
0t
0s
0r
1y
1c
0i
#77525325377
1t
0s
0r
1y
1c
0i
#77525326014
0t
0s
0r
1y
1c
0i
#77525326418
1t
0s
0r
1y
1c
0i
#77525327059
0t
0s
0r
1y
1c
0i
#77525327463
1t
0s
0r
1y
1c
0i
#77525328100
0t
0s
0r
1y
1c
0i
#77525328506
1t
0s
0r
1y
1c
0i
#77525329144
0t
0s
0r
1y
0c
0i
#77525329549
1t
0s
0r
1y
0c
0i
#77525330192
0t
0s
0r
1y
0c
0i
#77525330596
1t
0s
0r
1y
0c
1i
#77525331236
0t
0s
0r
1y
0c
1i
#77525331642
1t
0s
0r
1y
0c
1i
#77525332284
0t
0s
0r
1y
0c
1i
#77525332691
1t
0s
0r
1y
0c
1i
#77525332745
1t
0s
1r
1y
0c
1i
#77525332747
1t
0s
0r
1y
0c
1i
#77525333335
0t
0s
0r
1y
0c
0i
#77525333741
1t
0s
0r
1y
0c
0i
#77525334382
0t
0s
0r
1y
0c
0i
#77525334789
1t
0s
0r
1y
0c
0i
#77525335431
0t
0s
0r
1y
0c
0i
#77525335837
1t
0s
0r
1y
0c
0i
#77525336482
0t
0s
0r
1y
0c
0i
#77525336886
1t
0s
0r
1y
0c
0i
#77525337527
0t
0s
0r
1y
0c
0i
#77525337934
1t
0s
0r
1y
0c
0i
#77525338576
0t
0s
0r
1y
0c
0i
#77525338983
1t
0s
0r
1y
0c
0i
#77525339629
0t
0s
0r
1y
0c
0i
#77525340033
1t
0s
0r
1y
0c
0i
#77525340676
0t
0s
0r
1y
0c
0i
#77525341082
1t
0s
0r
1y
0c
0i
#77525341727
0t
0s
0r
1y
0c
0i
#77525342132
1t
0s
0r
1y
0c
0i
#77525342780
0t
0s
0r
1y
0c
0i
#77525343184
1t
0s
0r
1y
0c
0i
#77525343828
0t
0s
0r
1y
0c
0i
#77525344234
1t
0s
0r
1y
0c
0i
#77525344880
0t
0s
0r
1y
0c
0i
#77525345285
1t
0s
0r
1y
0c
0i
#77525345934
0t
0s
0r
1y
0c
0i
#77525346338
1t
0s
0r
1y
0c
0i
#77525346983
0t
0s
0r
1y
0c
0i
#77525347390
1t
0s
0r
1y
0c
0i
#77525348035
0t
0s
0r
1y
0c
0i
#77525348442
1t
0s
0r
1y
0c
0i
#77525349090
0t
0s
0r
1y
0c
0i
#77525349496
1t
0s
0r
1y
0c
0i
#77525350139
0t
0s
0r
1y
0c
0i
#77525350546
1t
0s
0r
1y
0c
0i
#77525351192
0t
0s
0r
1y
0c
0i
#77525351598
1t
0s
0r
1y
0c
0i
#77525352246
0t
0s
0r
1y
0c
0i
#77525352651
1t
0s
0r
1y
0c
0i
#77525353294
0t
0s
0r
1y
0c
0i
#77525353702
1t
0s
0r
1y
0c
0i
#77525354345
0t
0s
0r
1y
0c
0i
#77525354753
1t
0s
0r
1y
0c
0i
#77525355399
0t
0s
0r
1y
0c
0i
#77525355805
1t
0s
0r
1y
0c
0i
#77525356447
0t
0s
0r
1y
0c
0i
#77525356855
1t
0s
0r
1y
0c
0i
#77525357499
0t
0s
0r
1y
0c
0i
#77525357907
1t
0s
0r
1y
0c
0i
#77525358553
0t
0s
0r
1y
0c
0i
#77525358962
1t
0s
0r
1y
0c
0i
#77525359604
0t
0s
0r
1y
0c
0i
#77525360014
1t
0s
0r
1y
0c
0i
#77525360659
0t
0s
0r
1y
1c
0i
#77525361068
1t
0s
0r
1y
1c
0i
#77525361718
0t
0s
0r
1y
1c
0i
#77525362126
1t
0s
0r
1y
1c
1i
#77525362773
0t
0s
0r
1y
1c
1i
#77525363183
1t
0s
0r
1y
1c
1i
#77525363833
0t
0s
0r
1y
1c
1i
#77525364243
1t
0s
0r
1y
1c
1i
#77525364896
0t
0s
0r
1y
1c
0i
#77525365305
1t
0s
0r
1y
1c
0i
#77525365953
0t
0s
0r
1y
1c
0i
#77525366363
1t
0s
0r
1y
1c
0i
#77525367012
0t
0s
0r
1y
1c
0i
#77525367422
1t
0s
0r
1y
1c
0i
#77525368074
0t
0s
0r
1y
1c
0i
#77525368483
1t
0s
0r
1y
1c
0i
#77525369129
0t
0s
0r
1y
1c
0i
#77525369541
1t
0s
0r
1y
1c
0i
#77525370188
0t
0s
0r
1y
1c
0i
#77525370600
1t
0s
0r
1y
1c
0i
#77525371250
0t
0s
0r
1y
1c
0i
#77525371660
1t
0s
0r
1y
1c
0i
#77525372306
0t
0s
0r
1y
1c
0i
#77525372718
1t
0s
0r
1y
1c
0i
#77525373365
0t
0s
0r
1y
1c
0i
#77525373777
1t
0s
0r
1y
1c
0i
#77525374426
0t
0s
0r
1y
1c
0i
#77525374838
1t
0s
0r
1y
1c
0i
#77525375483
0t
0s
0r
1y
1c
0i
#77525375897
1t
0s
0r
1y
1c
0i
#77525376543
0t
0s
0r
1y
1c
0i
#77525376956
1t
0s
0r
1y
1c
0i
#77525377605
0t
0s
0r
1y
1c
0i
#77525378016
1t
0s
0r
1y
1c
0i
#77525379699
0t
0s
0r
1y
1c
0i
#77525380881
1t
0s
0r
1y
1c
0i
#77525381848
0t
0s
0r
1y
1c
0i
#77525382246
1t
0s
0r
1y
1c
0i
#77525382896
0t
0s
0r
1y
1c
0i
#77525383304
1t
0s
0r
1y
1c
0i
#77525383952
0t
0s
0r
1y
1c
0i
#77525384361
1t
0s
0r
1y
1c
0i
#77525385008
0t
0s
0r
1y
1c
0i
#77525385418
1t
0s
0r
1y
1c
0i
#77525386065
0t
0s
0r
1y
1c
0i
#77525386474
1t
0s
0r
1y
1c
0i
#77525387123
0t
0s
0r
1y
1c
0i
#77525387531
1t
0s
0r
1y
1c
0i
#77525388176
0t
0s
0r
1y
1c
0i
#77525388586
1t
0s
0r
1y
1c
0i
#77525389233
0t
0s
0r
1y
1c
0i
#77525389641
1t
0s
0r
1y
1c
0i
#77525390290
0t
0s
0r
1y
1c
0i
#77525390700
1t
0s
0r
1y
1c
0i
#77525391345
0t
0s
0r
1y
1c
0i
#77525391756
1t
0s
0r
1y
1c
0i
#77525392404
0t
0s
0r
1y
0c
0i
#77525392815
1t
0s
0r
1y
0c
0i
#77525393467
0t
0s
0r
1y
0c
0i
#77525393876
1t
0s
0r
1y
0c
1i
#77525394526
0t
0s
0r
1y
0c
1i
#77525394937
1t
0s
0r
1y
0c
1i
#77525395589
0t
0s
0r
1y
0c
1i
#77525396000
1t
0s
0r
1y
0c
1i
#77525396655
0t
0s
0r
1y
0c
0i
#77525397065
1t
0s
0r
1y
0c
0i
#77525397716
0t
0s
0r
1y
0c
0i
#77525398127
1t
0s
0r
1y
0c
0i
#77525398779
0t
0s
0r
1y
0c
0i
#77525399189
1t
0s
0r
1y
0c
0i
#77525399844
0t
0s
0r
1y
0c
0i
#77525400253
1t
0s
0r
1y
0c
0i
#77525400903
0t
0s
0r
1y
0c
0i
#77525401314
1t
0s
0r
1y
0c
0i
#77525401964
0t
0s
0r
1y
0c
0i
#77525402375
1t
0s
0r
1y
0c
0i
#77525403028
0t
0s
0r
1y
0c
0i
#77525403437
1t
0s
0r
1y
0c
0i
#77525404086
0t
0s
0r
1y
0c
0i
#77525404496
1t
0s
0r
1y
0c
0i
#77525405146
0t
0s
0r
1y
0c
0i
#77525405554
1t
0s
0r
1y
0c
0i
#77525406208
0t
0s
0r
1y
0c
0i
#77525406614
1t
0s
0r
1y
0c
0i
#77525407263
0t
0s
0r
1y
0c
0i
#77525407671
1t
0s
0r
1y
0c
0i
#77525408321
0t
0s
0r
1y
0c
0i
#77525408728
1t
0s
0r
1y
0c
0i
#77525409381
0t
0s
0r
1y
0c
0i
#77525409787
1t
0s
0r
1y
0c
0i
#77525410435
0t
0s
0r
1y
0c
0i
#77525410844
1t
0s
0r
1y
0c
0i
#77525411492
0t
0s
0r
1y
0c
0i
#77525411902
1t
0s
0r
1y
0c
0i
#77525412552
0t
0s
0r
1y
0c
0i
#77525412961
1t
0s
0r
1y
0c
0i
#77525413607
0t
0s
0r
1y
0c
0i
#77525414017
1t
0s
0r
1y
0c
0i
#77525414666
0t
0s
0r
1y
0c
0i
#77525415074
1t
0s
0r
1y
0c
0i
#77525415726
0t
0s
0r
1y
0c
0i
#77525416133
1t
0s
0r
1y
0c
0i
#77525416779
0t
0s
0r
1y
0c
0i
#77525417190
1t
0s
0r
1y
0c
0i
#77525417837
0t
0s
0r
1y
0c
0i
#77525418246
1t
0s
0r
1y
0c
0i
#77525418896
0t
0s
0r
1y
0c
0i
#77525419304
1t
0s
0r
1y
0c
0i
#77525419950
0t
0s
0r
1y
0c
0i
#77525420360
1t
0s
0r
1y
0c
0i
#77525421007
0t
0s
0r
1y
0c
0i
#77525421417
1t
0s
0r
1y
0c
0i
#77525422066
0t
0s
0r
1y
0c
0i
#77525422477
1t
0s
0r
1y
0c
0i
#77525423121
0t
0s
0r
1y
0c
0i
#77525423534
1t
0s
0r
1y
0c
0i
#77525424181
0t
0s
0r
1y
1c
0i
#77525424593
1t
0s
0r
1y
1c
0i
#77525425246
0t
0s
0r
1y
1c
0i
#77525425655
1t
0s
0r
1y
1c
1i
#77525426306
0t
0s
0r
1y
1c
1i
#77525426718
1t
0s
0r
1y
1c
1i
#77525427370
0t
0s
0r
1y
1c
1i
#77525427782
1t
0s
0r
1y
1c
1i
#77525428438
0t
0s
0r
1y
1c
0i
#77525428849
1t
0s
0r
1y
1c
0i
#77525429500
0t
0s
0r
1y
1c
0i
#77525429913
1t
0s
0r
1y
1c
0i
#77525430565
0t
0s
0r
1y
1c
0i
#77525430977
1t
0s
0r
1y
1c
0i
#77525431632
0t
0s
0r
1y
1c
0i
#77525432043
1t
0s
0r
1y
1c
0i
#77525432692
0t
0s
0r
1y
1c
0i
#77525433107
1t
0s
0r
1y
1c
0i
#77525433756
0t
0s
0r
1y
1c
0i
#77525434170
1t
0s
0r
1y
1c
0i
#77525434822
0t
0s
0r
1y
1c
0i
#77525435234
1t
0s
0r
1y
1c
0i
#77525435882
0t
0s
0r
1y
1c
0i
#77525436295
1t
0s
0r
1y
1c
0i
#77525436943
0t
0s
0r
1y
1c
0i
#77525437356
1t
0s
0r
1y
1c
0i
#77525438006
0t
0s
0r
1y
1c
0i
#77525438418
1t
0s
0r
1y
1c
0i
#77525439064
0t
0s
0r
1y
1c
0i
#77525439477
1t
0s
0r
1y
1c
0i
#77525440124
0t
0s
0r
1y
1c
0i
#77525440536
1t
0s
0r
1y
1c
0i
#77525441186
0t
0s
0r
1y
1c
0i
#77525441596
1t
0s
0r
1y
1c
0i
#77525443280
0t
0s
0r
1y
1c
0i
#77525444464
1t
0s
0r
1y
1c
0i
#77525445432
0t
0s
0r
1y
1c
0i
#77525445830
1t
0s
0r
1y
1c
0i
#77525446482
0t
0s
0r
1y
1c
0i
#77525446891
1t
0s
0r
1y
1c
0i
#77525447540
0t
0s
0r
1y
1c
0i
#77525447950
1t
0s
0r
1y
1c
0i
#77525448598
0t
0s
0r
1y
1c
0i
#77525449009
1t
0s
0r
1y
1c
0i
#77525449658
0t
0s
0r
1y
1c
0i
#77525450068
1t
0s
0r
1y
1c
0i
#77525450719
0t
0s
0r
1y
1c
0i
#77525451127
1t
0s
0r
1y
1c
0i
#77525451775
0t
0s
0r
1y
1c
0i
#77525452185
1t
0s
0r
1y
1c
0i
#77525452834
0t
0s
0r
1y
1c
0i
#77525453243
1t
0s
0r
1y
1c
0i
#77525453894
0t
0s
0r
1y
1c
0i
#77525454304
1t
0s
0r
1y
1c
0i
#77525454952
0t
0s
0r
1y
1c
0i
#77525455363
1t
0s
0r
1y
1c
0i
#77525456013
0t
0s
0r
1y
0c
0i
#77525456424
1t
0s
0r
1y
0c
0i
#77525457078
0t
0s
0r
1y
0c
0i
#77525457488
1t
0s
0r
1y
0c
1i
#77525458139
0t
0s
0r
1y
0c
1i
#77525458551
1t
0s
0r
1y
0c
1i
#77525459204
0t
0s
0r
1y
0c
1i
#77525459606
0t
0s
1r
1y
0c
1i
#77525459609
0t
0s
0r
1y
0c
1i
#77525459617
1t
0s
0r
1y
0c
1i
#77525460273
0t
0s
0r
1y
0c
0i
#77525460683
1t
0s
0r
1y
0c
0i
#77525461336
0t
0s
0r
1y
0c
0i
#77525461748
1t
0s
0r
1y
0c
0i
#77525462402
0t
0s
0r
1y
0c
0i
#77525462812
1t
0s
0r
1y
0c
0i
#77525463468
0t
0s
0r
1y
0c
0i
#77525463878
1t
0s
0r
1y
0c
0i
#77525464529
0t
0s
0r
1y
0c
0i
#77525464941
1t
0s
0r
1y
0c
0i
#77525465593
0t
0s
0r
1y
0c
0i
#77525466003
1t
0s
0r
1y
0c
0i
#77525466656
0t
0s
0r
1y
0c
0i
#77525467065
1t
0s
0r
1y
0c
0i
#77525467715
0t
0s
0r
1y
0c
0i
#77525468123
1t
0s
0r
1y
0c
0i
#77525468773
0t
0s
0r
1y
0c
0i
#77525469181
1t
0s
0r
1y
0c
0i
#77525469833
0t
0s
0r
1y
0c
0i
#77525470239
1t
0s
0r
1y
0c
0i
#77525470887
0t
0s
0r
1y
0c
0i
#77525471294
1t
0s
0r
1y
0c
0i
#77525471943
0t
0s
0r
1y
0c
0i
#77525472350
1t
0s
0r
1y
0c
0i
#77525473001
0t
0s
0r
1y
0c
0i
#77525473407
1t
0s
0r
1y
0c
0i
#77525474056
0t
0s
0r
1y
0c
0i
#77525474463
1t
0s
0r
1y
0c
0i
#77525475112
0t
0s
0r
1y
0c
0i
#77525475521
1t
0s
0r
1y
0c
0i
#77525476172
0t
0s
0r
1y
0c
0i
#77525476580
1t
0s
0r
1y
0c
0i
#77525477227
0t
0s
0r
1y
0c
0i
#77525613353
1t
0s
0r
1y
0c
0i
#77525613999
0t
0s
0r
1y
0c
0i
#77525614411
1t
0s
0r
1y
0c
0i
#77525615059
0t
0s
0r
1y
1c
0i
#77525615471
1t
0s
0r
1y
1c
0i
#77525616124
0t
0s
0r
1y
1c
0i
#77525616534
1t
0s
0r
1y
1c
1i
#77525617184
0t
0s
0r
1y
1c
1i
#77525617596
1t
0s
0r
1y
1c
1i
#77525618249
0t
0s
0r
1y
1c
1i
#77525618661
1t
0s
0r
1y
1c
1i
#77525619317
0t
0s
0r
1y
1c
0i
#77525619728
1t
0s
0r
1y
1c
0i
#77525620380
0t
0s
0r
1y
1c
0i
#77525620792
1t
0s
0r
1y
1c
0i
#77525621445
0t
0s
0r
1y
1c
0i
#77525621857
1t
0s
0r
1y
1c
0i
#77525622512
0t
0s
0r
1y
1c
0i
#77525622923
1t
0s
0r
1y
1c
0i
#77525623573
0t
0s
0r
1y
1c
0i
#77525623986
1t
0s
0r
1y
1c
0i
#77525624636
0t
0s
0r
1y
1c
0i
#77525625049
1t
0s
0r
1y
1c
0i
#77525625701
0t
0s
0r
1y
1c
0i
#77525626112
1t
0s
0r
1y
1c
0i
#77525626759
0t
0s
0r
1y
1c
0i
#77525627171
1t
0s
0r
1y
1c
0i
#77525627819
0t
0s
0r
1y
1c
0i
#77525628230
1t
0s
0r
1y
1c
0i
#77525628879
0t
0s
0r
1y
1c
0i
#77525629290
1t
0s
0r
1y
1c
0i
#77525629934
0t
0s
0r
1y
1c
0i
#77525630346
1t
0s
0r
1y
1c
0i
#77525630991
0t
0s
0r
1y
1c
0i
#77525631402
1t
0s
0r
1y
1c
0i
#77525632050
0t
0s
0r
1y
1c
0i
#77525632460
1t
0s
0r
1y
1c
0i
#77525634139
0t
0s
0r
1y
1c
0i
#77525635320
1t
0s
0r
1y
1c
0i
#77525636285
0t
0s
0r
1y
1c
0i
#77525636683
1t
0s
0r
1y
1c
0i
#77525637333
0t
0s
0r
1y
1c
0i
#77525637741
1t
0s
0r
1y
1c
0i
#77525638389
0t
0s
0r
1y
1c
0i
#77525638797
1t
0s
0r
1y
1c
0i
#77525639444
0t
0s
0r
1y
1c
0i
#77525639854
1t
0s
0r
1y
1c
0i
#77525640501
0t
0s
0r
1y
1c
0i
#77525640910
1t
0s
0r
1y
1c
0i
#77525641559
0t
0s
0r
1y
1c
0i
#77525641966
1t
0s
0r
1y
1c
0i
#77525642611
0t
0s
0r
1y
1c
0i
#77525643021
1t
0s
0r
1y
1c
0i
#77525643667
0t
0s
0r
1y
1c
0i
#77525644076
1t
0s
0r
1y
1c
0i
#77525644725
0t
0s
0r
1y
1c
0i
#77525645135
1t
0s
0r
1y
1c
0i
#77525645781
0t
0s
0r
1y
1c
0i
#77525646191
1t
0s
0r
1y
1c
0i
#77525646839
0t
0s
0r
1y
0c
0i
#77525647250
1t
0s
0r
1y
0c
0i
#77525647902
0t
0s
0r
1y
0c
0i
#77525648311
1t
0s
0r
1y
0c
1i
#77525648961
0t
0s
0r
1y
0c
1i
#77525649372
1t
0s
0r
1y
0c
1i
#77525650024
0t
0s
0r
1y
0c
1i
#77525650435
1t
0s
0r
1y
0c
1i
#77525651089
0t
0s
0r
1y
0c
0i
#77525651500
1t
0s
0r
1y
0c
0i
#77525652151
0t
0s
0r
1y
0c
0i
#77525652562
1t
0s
0r
1y
0c
0i
#77525653215
0t
0s
0r
1y
0c
0i
#77525653624
1t
0s
0r
1y
0c
0i
#77525654279
0t
0s
0r
1y
0c
0i
#77525654688
1t
0s
0r
1y
0c
0i
#77525655337
0t
0s
0r
1y
0c
0i
#77525655749
1t
0s
0r
1y
0c
0i
#77525656399
0t
0s
0r
1y
0c
0i
#77525656810
1t
0s
0r
1y
0c
0i
#77525657463
0t
0s
0r
1y
0c
0i
#77525657871
1t
0s
0r
1y
0c
0i
#77525658520
0t
0s
0r
1y
0c
0i
#77525658929
1t
0s
0r
1y
0c
0i
#77525659579
0t
0s
0r
1y
0c
0i
#81820580649
1t
0s
0r
1y
0c
0i
#81820581295
0t
0s
0r
1y
0c
0i
#81820581707
1t
0s
0r
1y
0c
0i
#81820582355
0t
0s
0r
1y
1c
0i
#81820582767
1t
0s
0r
1y
1c
0i
#81820583420
0t
0s
0r
1y
1c
0i
#81820583830
1t
0s
0r
1y
1c
1i
#81820584480
0t
0s
0r
1y
1c
1i
#81820584892
1t
0s
0r
1y
1c
1i
#81820585545
0t
0s
0r
1y
1c
1i
#81820585957
1t
0s
0r
1y
1c
1i
#81820586613
0t
0s
0r
1y
1c
0i
#81820587024
1t
0s
0r
1y
1c
0i
#81820587676
0t
0s
0r
1y
1c
0i
#81820588088
1t
0s
0r
1y
1c
0i
#81820588741
0t
0s
0r
1y
1c
0i
#81820589153
1t
0s
0r
1y
1c
0i
#81820589808
0t
0s
0r
1y
1c
0i
#81820590219
1t
0s
0r
1y
1c
0i
#81820590869
0t
0s
0r
1y
1c
0i
#81820591282
1t
0s
0r
1y
1c
0i
#81820591932
0t
0s
0r
1y
1c
0i
#81820592345
1t
0s
0r
1y
1c
0i
#81820592997
0t
0s
0r
1y
1c
0i
#81820593408
1t
0s
0r
1y
1c
0i
#81820594055
0t
0s
0r
1y
1c
0i
#81820594467
1t
0s
0r
1y
1c
0i
#81820595115
0t
0s
0r
1y
1c
0i
#81820595526
1t
0s
0r
1y
1c
0i
#81820596175
0t
0s
0r
1y
1c
0i
#81820596586
1t
0s
0r
1y
1c
0i
#81820597230
0t
0s
0r
1y
1c
0i
#81820597642
1t
0s
0r
1y
1c
0i
#81820598287
0t
0s
0r
1y
1c
0i
#81820598698
1t
0s
0r
1y
1c
0i
#81820599346
0t
0s
0r
1y
1c
0i
#81820599756
1t
0s
0r
1y
1c
0i
#81820601435
0t
0s
0r
1y
1c
0i
#81820602616
1t
0s
0r
1y
1c
0i
#81820603581
0t
0s
0r
1y
1c
0i
#81820603979
1t
0s
0r
1y
1c
0i
#81820604629
0t
0s
0r
1y
1c
0i
#81820605037
1t
0s
0r
1y
1c
0i
#81820605685
0t
0s
0r
1y
1c
0i
#81820606093
1t
0s
0r
1y
1c
0i
#81820606740
0t
0s
0r
1y
1c
0i
#81820607150
1t
0s
0r
1y
1c
0i
#81820607797
0t
0s
0r
1y
1c
0i
#81820608206
1t
0s
0r
1y
1c
0i
#81820608855
0t
0s
0r
1y
1c
0i
#81820609262
1t
0s
0r
1y
1c
0i
#81820609907
0t
0s
0r
1y
1c
0i
#81820610317
1t
0s
0r
1y
1c
0i
#81820610963
0t
0s
0r
1y
1c
0i
#81820611372
1t
0s
0r
1y
1c
0i
#81820612021
0t
0s
0r
1y
1c
0i
#81820612431
1t
0s
0r
1y
1c
0i
#81820613077
0t
0s
0r
1y
1c
0i
#81820613487
1t
0s
0r
1y
1c
0i
#81820614135
0t
0s
0r
1y
0c
0i
#81820614546
1t
0s
0r
1y
0c
0i
#81820615198
0t
0s
0r
1y
0c
0i
#81820615607
1t
0s
0r
1y
0c
1i
#81820616257
0t
0s
0r
1y
0c
1i
#81820616668
1t
0s
0r
1y
0c
1i
#81820617320
0t
0s
0r
1y
0c
1i
#81820617731
1t
0s
0r
1y
0c
1i
#81820618385
0t
0s
0r
1y
0c
0i
#81820618796
1t
0s
0r
1y
0c
0i
#81820619447
0t
0s
0r
1y
0c
0i
#81820619858
1t
0s
0r
1y
0c
0i
#81820620511
0t
0s
0r
1y
0c
0i
#81820620920
1t
0s
0r
1y
0c
0i
#81820621575
0t
0s
0r
1y
0c
0i
#81820621984
1t
0s
0r
1y
0c
0i
#81820622633
0t
0s
0r
1y
0c
0i
#81820623045
1t
0s
0r
1y
0c
0i
#81820623695
0t
0s
0r
1y
0c
0i
#81820624106
1t
0s
0r
1y
0c
0i
#81820624759
0t
0s
0r
1y
0c
0i
#81820625167
1t
0s
0r
1y
0c
0i
#81820625816
0t
0s
0r
1y
0c
0i
#81820626225
1t
0s
0r
1y
0c
0i
#81820626875
0t
0s
0r
1y
0c
0i
#81820627283
1t
0s
0r
1y
0c
0i
#81820627936
0t
0s
0r
1y
0c
0i
#81820628342
1t
0s
0r
1y
0c
0i
#81820628990
0t
0s
0r
1y
0c
0i
#81820629398
1t
0s
0r
1y
0c
0i
#81820630047
0t
0s
0r
1y
0c
0i
#81820630455
1t
0s
0r
1y
0c
0i
#81820631107
0t
0s
0r
1y
0c
0i
#81820631513
1t
0s
0r
1y
0c
0i
#81820632161
0t
0s
0r
1y
0c
0i
#81820632570
1t
0s
0r
1y
0c
0i
#81820633218
0t
0s
0r
1y
0c
0i
#81820633628
1t
0s
0r
1y
0c
0i
#81820634278
0t
0s
0r
1y
0c
0i
#81820634686
1t
0s
0r
1y
0c
0i
#81820635333
0t
0s
0r
1y
0c
0i
#81820635743
1t
0s
0r
1y
0c
0i
#81820636391
0t
0s
0r
1y
0c
0i
#81820636800
1t
0s
0r
1y
0c
0i
#81820637451
0t
0s
0r
1y
0c
0i
#81820637858
1t
0s
0r
1y
0c
0i
#81820638505
0t
0s
0r
1y
0c
0i
#81820638915
1t
0s
0r
1y
0c
0i
#81820639562
0t
0s
0r
1y
0c
0i
#81820639972
1t
0s
0r
1y
0c
0i
#81820640622
0t
0s
0r
1y
0c
0i
#81820641030
1t
0s
0r
1y
0c
0i
#81820641676
0t
0s
0r
1y
0c
0i
#81820642086
1t
0s
0r
1y
0c
0i
#81820642733
0t
0s
0r
1y
0c
0i
#81820643143
1t
0s
0r
1y
0c
0i
#81820643793
0t
0s
0r
1y
0c
0i
#81820644203
1t
0s
0r
1y
0c
0i
#81820644848
0t
0s
0r
1y
0c
0i
#81820645260
1t
0s
0r
1y
0c
0i
#81820645909
0t
0s
0r
1y
1c
0i
#81820646320
1t
0s
0r
1y
1c
0i
#81820646973
0t
0s
0r
1y
1c
0i
#81820647382
1t
0s
0r
1y
1c
1i
#81820648032
0t
0s
0r
1y
1c
1i
#81820648445
1t
0s
0r
1y
1c
1i
#81820649097
0t
0s
0r
1y
1c
1i
#81820649509
1t
0s
0r
1y
1c
1i
#81820650165
0t
0s
0r
1y
1c
0i
#81820650575
1t
0s
0r
1y
1c
0i
#81820651227
0t
0s
0r
1y
1c
0i
#81820651639
1t
0s
0r
1y
1c
0i
#81820652291
0t
0s
0r
1y
1c
0i
#81820652703
1t
0s
0r
1y
1c
0i
#81820653357
0t
0s
0r
1y
1c
0i
#81820653767
1t
0s
0r
1y
1c
0i
#81820654415
0t
0s
0r
1y
1c
0i
#81820654828
1t
0s
0r
1y
1c
0i
#81820655476
0t
0s
0r
1y
1c
0i
#81820655888
1t
0s
0r
1y
1c
0i
#81820656537
0t
0s
0r
1y
1c
0i
#81820656947
1t
0s
0r
1y
1c
0i
#81820657590
0t
0s
0r
1y
1c
0i
#81820658001
1t
0s
0r
1y
1c
0i
#81820658645
0t
0s
0r
1y
1c
0i
#81820659054
1t
0s
0r
1y
1c
0i
#81820659699
0t
0s
0r
1y
1c
0i
#81820660108
1t
0s
0r
1y
1c
0i
#81820660748
0t
0s
0r
1y
1c
0i
#81820661158
1t
0s
0r
1y
1c
0i
#81820661800
0t
0s
0r
1y
1c
0i
#81820662209
1t
0s
0r
1y
1c
0i
#81820662854
0t
0s
0r
1y
1c
0i
#81820663262
1t
0s
0r
1y
1c
0i
#81820664934
0t
0s
0r
1y
1c
0i
#81820666111
1t
0s
0r
1y
1c
0i
#81820667073
0t
0s
0r
1y
1c
0i
#81820667469
1t
0s
0r
1y
1c
0i
#81820668116
0t
0s
0r
1y
1c
0i
#81820668523
1t
0s
0r
1y
1c
0i
#81820669169
0t
0s
0r
1y
1c
0i
#81820669576
1t
0s
0r
1y
1c
0i
#81820670220
0t
0s
0r
1y
1c
0i
#81820670629
1t
0s
0r
1y
1c
0i
#81820671274
0t
0s
0r
1y
1c
0i
#81820671681
1t
0s
0r
1y
1c
0i
#81820672328
0t
0s
0r
1y
1c
0i
#81820672734
1t
0s
0r
1y
1c
0i
#81820673377
0t
0s
0r
1y
1c
0i
#81820673785
1t
0s
0r
1y
1c
0i
#81820674429
0t
0s
0r
1y
1c
0i
#81820674836
1t
0s
0r
1y
1c
0i
#81820675482
0t
0s
0r
1y
1c
0i
#81820675890
1t
0s
0r
1y
1c
0i
#81820676533
0t
0s
0r
1y
1c
0i
#81820676942
1t
0s
0r
1y
1c
0i
#81820677587
0t
0s
0r
1y
0c
0i
#81820677996
1t
0s
0r
1y
0c
0i
#81820678645
0t
0s
0r
1y
0c
0i
#81820679053
1t
0s
0r
1y
0c
1i
#81820679700
0t
0s
0r
1y
0c
1i
#81820680109
1t
0s
0r
1y
0c
1i
#81820680758
0t
0s
0r
1y
0c
1i
#81820681168
1t
0s
0r
1y
0c
1i
#81820681292
1t
0s
1r
1y
0c
1i
#81820681295
1t
0s
0r
1y
0c
1i
#81820681820
0t
0s
0r
1y
0c
0i
#81820682229
1t
0s
0r
1y
0c
0i
#81820682877
0t
0s
0r
1y
0c
0i
#81820683287
1t
0s
0r
1y
0c
0i
#81820683936
0t
0s
0r
1y
0c
0i
#81820684345
1t
0s
0r
1y
0c
0i
#81820684997
0t
0s
0r
1y
0c
0i
#81820685404
1t
0s
0r
1y
0c
0i
#81820686051
0t
0s
0r
1y
0c
0i
#81820686462
1t
0s
0r
1y
0c
0i
#81820687110
0t
0s
0r
1y
0c
0i
#81820687518
1t
0s
0r
1y
0c
0i
#81820688169
0t
0s
0r
1y
0c
0i
#81820688575
1t
0s
0r
1y
0c
0i
#81820689222
0t
0s
0r
1y
0c
0i
#81820689630
1t
0s
0r
1y
0c
0i
#81820690278
0t
0s
0r
1y
0c
0i
#81820690684
1t
0s
0r
1y
0c
0i
#81820691336
0t
0s
0r
1y
0c
0i
#81820691740
1t
0s
0r
1y
0c
0i
#81820692387
0t
0s
0r
1y
0c
0i
#81820692793
1t
0s
0r
1y
0c
0i
#81820693441
0t
0s
0r
1y
0c
0i
#81820693847
1t
0s
0r
1y
0c
0i
#81820694498
0t
0s
0r
1y
0c
0i
#81820694903
1t
0s
0r
1y
0c
0i
#81820695550
0t
0s
0r
1y
0c
0i
#81820695957
1t
0s
0r
1y
0c
0i
#81820696604
0t
0s
0r
1y
0c
0i
#81820697013
1t
0s
0r
1y
0c
0i
#81820697662
0t
0s
0r
1y
0c
0i
#81820698069
1t
0s
0r
1y
0c
0i
#81820698714
0t
0s
0r
1y
0c
0i
#81820699123
1t
0s
0r
1y
0c
0i
#81820699770
0t
0s
0r
1y
0c
0i
#81820700178
1t
0s
0r
1y
0c
0i
#81820700828
0t
0s
0r
1y
0c
0i
#81820701235
1t
0s
0r
1y
0c
0i
#81820701880
0t
0s
0r
1y
0c
0i
#81820702290
1t
0s
0r
1y
0c
0i
#81820702936
0t
0s
0r
1y
0c
0i
#81820703345
1t
0s
0r
1y
0c
0i
#81820703994
0t
0s
0r
1y
0c
0i
#81820704401
1t
0s
0r
1y
0c
0i
#81820705046
0t
0s
0r
1y
0c
0i
#81820705455
1t
0s
0r
1y
0c
0i
#81820706101
0t
0s
0r
1y
0c
0i
#81820706510
1t
0s
0r
1y
0c
0i
#81820707159
0t
0s
0r
1y
0c
0i
#81820707568
1t
0s
0r
1y
0c
0i
#81820708213
0t
0s
0r
1y
0c
0i
#81820708624
1t
0s
0r
1y
0c
0i
#81820709271
0t
0s
0r
1y
1c
0i
#81820709682
1t
0s
0r
1y
1c
0i
#81820710333
0t
0s
0r
1y
1c
0i
#81820710743
1t
0s
0r
1y
1c
1i
#81820711391
0t
0s
0r
1y
1c
1i
#81820711803
1t
0s
0r
1y
1c
1i
#81820712454
0t
0s
0r
1y
1c
1i
#81820712866
1t
0s
0r
1y
1c
1i
#81820713520
0t
0s
0r
1y
1c
0i
#81820713930
1t
0s
0r
1y
1c
0i
#81820714580
0t
0s
0r
1y
1c
0i
#81820714992
1t
0s
0r
1y
1c
0i
#81820715643
0t
0s
0r
1y
1c
0i
#81820716054
1t
0s
0r
1y
1c
0i
#81820716708
0t
0s
0r
1y
1c
0i
#81820717117
1t
0s
0r
1y
1c
0i
#81820717765
0t
0s
0r
1y
1c
0i
#81820718178
1t
0s
0r
1y
1c
0i
#81820718825
0t
0s
0r
1y
1c
0i
#81820719237
1t
0s
0r
1y
1c
0i
#81820719887
0t
0s
0r
1y
1c
0i
#81820720297
1t
0s
0r
1y
1c
0i
#81820720942
0t
0s
0r
1y
1c
0i
#81820721353
1t
0s
0r
1y
1c
0i
#81820721997
0t
0s
0r
1y
1c
0i
#81820722408
1t
0s
0r
1y
1c
0i
#81820723054
0t
0s
0r
1y
1c
0i
#81820723464
1t
0s
0r
1y
1c
0i
#81820724106
0t
0s
0r
1y
1c
0i
#81820724517
1t
0s
0r
1y
1c
0i
#81820725159
0t
0s
0r
1y
1c
0i
#81820725569
1t
0s
0r
1y
1c
0i
#81820726215
0t
0s
0r
1y
1c
0i
#81820726624
1t
0s
0r
1y
1c
0i
#81820728298
0t
0s
0r
1y
1c
0i
#81820729476
1t
0s
0r
1y
1c
0i
#81820730439
0t
0s
0r
1y
1c
0i
#81820730836
1t
0s
0r
1y
1c
0i
#81820731484
0t
0s
0r
1y
1c
0i
#81820731891
1t
0s
0r
1y
1c
0i
#81820732536
0t
0s
0r
1y
1c
0i
#81820732944
1t
0s
0r
1y
1c
0i
#81820733589
0t
0s
0r
1y
1c
0i
#81820733998
1t
0s
0r
1y
1c
0i
#81820734643
0t
0s
0r
1y
1c
0i
#81820735051
1t
0s
0r
1y
1c
0i
#81820735698
0t
0s
0r
1y
1c
0i
#81820736104
1t
0s
0r
1y
1c
0i
#81820736747
0t
0s
0r
1y
1c
0i
#81820737156
1t
0s
0r
1y
1c
0i
#81820737800
0t
0s
0r
1y
1c
0i
#81820738207
1t
0s
0r
1y
1c
0i
#81820738854
0t
0s
0r
1y
1c
0i
#81820739263
1t
0s
0r
1y
1c
0i
#81820739905
0t
0s
0r
1y
1c
0i
#81820740315
1t
0s
0r
1y
1c
0i
#81820740960
0t
0s
0r
1y
0c
0i
#81820741369
1t
0s
0r
1y
0c
0i
#81820742019
0t
0s
0r
1y
0c
0i
#81820742427
1t
0s
0r
1y
0c
1i
#81820743074
0t
0s
0r
1y
0c
1i
#81820743484
1t
0s
0r
1y
0c
1i
#81820744132
0t
0s
0r
1y
0c
1i
#81820744543
1t
0s
0r
1y
0c
1i
#81820745194
0t
0s
0r
1y
0c
0i
#81820745603
1t
0s
0r
1y
0c
0i
#81820746251
0t
0s
0r
1y
0c
0i
#81820746661
1t
0s
0r
1y
0c
0i
#81820747311
0t
0s
0r
1y
0c
0i
#81820747720
1t
0s
0r
1y
0c
0i
#81820748372
0t
0s
0r
1y
0c
0i
#81820748779
1t
0s
0r
1y
0c
0i
#81820749425
0t
0s
0r
1y
0c
0i
#81820749835
1t
0s
0r
1y
0c
0i
#81820750482
0t
0s
0r
1y
0c
0i
#81820750890
1t
0s
0r
1y
0c
0i
#81820751539
0t
0s
0r
1y
0c
0i
#81820751945
1t
0s
0r
1y
0c
0i
#81820752589
0t
0s
0r
1y
0c
0i
#81820752996
1t
0s
0r
1y
0c
0i
#81820753641
0t
0s
0r
1y
0c
0i
#81820754047
1t
0s
0r
1y
0c
0i
#81820754694
0t
0s
0r
1y
0c
0i
#81820755097
1t
0s
0r
1y
0c
0i
#81820755740
0t
0s
0r
1y
0c
0i
#81820756145
1t
0s
0r
1y
0c
0i
#81820756789
0t
0s
0r
1y
0c
0i
#81820757194
1t
0s
0r
1y
0c
0i
#81820757841
0t
0s
0r
1y
0c
0i
#81820758244
1t
0s
0r
1y
0c
0i
#81820758888
0t
0s
0r
1y
0c
0i
#81820759294
1t
0s
0r
1y
0c
0i
#81820759937
0t
0s
0r
1y
0c
0i
#81820760344
1t
0s
0r
1y
0c
0i
#81820760990
0t
0s
0r
1y
0c
0i
#81820761396
1t
0s
0r
1y
0c
0i
#81820762037
0t
0s
0r
1y
0c
0i
#81820762445
1t
0s
0r
1y
0c
0i
#81820763088
0t
0s
0r
1y
0c
0i
#81820763495
1t
0s
0r
1y
0c
0i
#81820764141
0t
0s
0r
1y
0c
0i
#81820764546
1t
0s
0r
1y
0c
0i
#81820765188
0t
0s
0r
1y
0c
0i
#81820765596
1t
0s
0r
1y
0c
0i
#81820766238
0t
0s
0r
1y
0c
0i
#81820766645
1t
0s
0r
1y
0c
0i
#81820767290
0t
0s
0r
1y
0c
0i
#81820767696
1t
0s
0r
1y
0c
0i
#81820768337
0t
0s
0r
1y
0c
0i
#81820768744
1t
0s
0r
1y
0c
0i
#81820769387
0t
0s
0r
1y
0c
0i
#81820769793
1t
0s
0r
1y
0c
0i
#81820770438
0t
0s
0r
1y
0c
0i
#81820770845
1t
0s
0r
1y
0c
0i
#81820771486
0t
0s
0r
1y
0c
0i
#81820771895
1t
0s
0r
1y
0c
0i
#81820772538
0t
0s
0r
1y
1c
0i
#81820772946
1t
0s
0r
1y
1c
0i
#81820773594
0t
0s
0r
1y
1c
0i
#81820774001
1t
0s
0r
1y
1c
1i
#81820774646
0t
0s
0r
1y
1c
1i
#81820775055
1t
0s
0r
1y
1c
1i
#81820775702
0t
0s
0r
1y
1c
1i
#81820776112
1t
0s
0r
1y
1c
1i
#81820776763
0t
0s
0r
1y
1c
0i
#81820777171
1t
0s
0r
1y
1c
0i
#81820777817
0t
0s
0r
1y
1c
0i
#81820778227
1t
0s
0r
1y
1c
0i
#81820778874
0t
0s
0r
1y
1c
0i
#81820779284
1t
0s
0r
1y
1c
0i
#81820779934
0t
0s
0r
1y
1c
0i
#81820780342
1t
0s
0r
1y
1c
0i
#81820780986
0t
0s
0r
1y
1c
0i
#81820781396
1t
0s
0r
1y
1c
0i
#81820782041
0t
0s
0r
1y
1c
0i
#81820782450
1t
0s
0r
1y
1c
0i
#81820783096
0t
0s
0r
1y
1c
0i
#81820783504
1t
0s
0r
1y
1c
0i
#81820784144
0t
0s
0r
1y
1c
0i
#81820784554
1t
0s
0r
1y
1c
0i
#81820785195
0t
0s
0r
1y
1c
0i
#81820785602
1t
0s
0r
1y
1c
0i
#81820786244
0t
0s
0r
1y
1c
0i
#81820786652
1t
0s
0r
1y
1c
0i
#81820787289
0t
0s
0r
1y
1c
0i
#81820787698
1t
0s
0r
1y
1c
0i
#81820788337
0t
0s
0r
1y
1c
0i
#81820788744
1t
0s
0r
1y
1c
0i
#81820789385
0t
0s
0r
1y
1c
0i
#81820789792
1t
0s
0r
1y
1c
0i
#81820791455
0t
0s
0r
1y
1c
0i
#81820792625
1t
0s
0r
1y
1c
0i
#81820793583
0t
0s
0r
1y
1c
0i
#81820793977
1t
0s
0r
1y
1c
0i
#81820794620
0t
0s
0r
1y
1c
0i
#81820795025
1t
0s
0r
1y
1c
0i
#81820795666
0t
0s
0r
1y
1c
0i
#81820796071
1t
0s
0r
1y
1c
0i
#81820796711
0t
0s
0r
1y
1c
0i
#81820797119
1t
0s
0r
1y
1c
0i
#81820797759
0t
0s
0r
1y
1c
0i
#81820798164
1t
0s
0r
1y
1c
0i
#81820798807
0t
0s
0r
1y
1c
0i
#81820799211
1t
0s
0r
1y
1c
0i
#81820799849
0t
0s
0r
1y
1c
0i
#81820800255
1t
0s
0r
1y
1c
0i
#81820800896
0t
0s
0r
1y
1c
0i
#81820801300
1t
0s
0r
1y
1c
0i
#81820801942
0t
0s
0r
1y
1c
0i
#81820802348
1t
0s
0r
1y
1c
0i
#81820802987
0t
0s
0r
1y
0c
0i
#81820803394
1t
0s
0r
1y
0c
0i
#81820804035
0t
0s
0r
1y
0c
0i
#81820804441
1t
0s
0r
1y
0c
0i
#81820805087
0t
0s
0r
1y
0c
0i
#81820805492
1t
0s
0r
1y
0c
1i
#81820806135
0t
0s
0r
1y
0c
1i
#81820806542
1t
0s
0r
1y
0c
1i
#81820807186
0t
0s
0r
1y
0c
1i
#81820807594
1t
0s
0r
1y
0c
1i
#81820807743
1t
0s
1r
1y
0c
1i
#81820807746
1t
0s
0r
1y
0c
1i
#81820808242
0t
0s
0r
1y
0c
0i
#81820808649
1t
0s
0r
1y
0c
0i
#81820809292
0t
0s
0r
1y
0c
0i
#81820809700
1t
0s
0r
1y
0c
0i
#81820810346
0t
0s
0r
1y
0c
0i
#81820810752
1t
0s
0r
1y
0c
0i
#81820811398
0t
0s
0r
1y
0c
0i
#81820811803
1t
0s
0r
1y
0c
0i
#81820812444
0t
0s
0r
1y
0c
0i
#81820812851
1t
0s
0r
1y
0c
0i
#81820813491
0t
0s
0r
1y
0c
0i
#81820813895
1t
0s
0r
1y
0c
0i
#81820814537
0t
0s
0r
1y
0c
0i
#81820814939
1t
0s
0r
1y
0c
0i
#81820815576
0t
0s
0r
1y
0c
0i
#81820815978
1t
0s
0r
1y
0c
0i
#81820816616
0t
0s
0r
1y
0c
0i
#81820817017
1t
0s
0r
1y
0c
0i
#81820817657
0t
0s
0r
1y
0c
0i
#81820818056
1t
0s
0r
1y
0c
0i
#81820818692
0t
0s
0r
1y
0c
0i
#81820819093
1t
0s
0r
1y
0c
0i
#81820819731
0t
0s
0r
1y
0c
0i
#81820820131
1t
0s
0r
1y
0c
0i
#81820820772
0t
0s
0r
1y
0c
0i
#81820821172
1t
0s
0r
1y
0c
0i
#81820821809
0t
0s
0r
1y
0c
0i
#81820822212
1t
0s
0r
1y
0c
0i
#81820822849
0t
0s
0r
1y
0c
0i
#81820823253
1t
0s
0r
1y
0c
0i
#81820823893
0t
0s
0r
1y
0c
0i
#81820824295
1t
0s
0r
1y
0c
0i
#81820824932
0t
0s
0r
1y
0c
0i
#81820825336
1t
0s
0r
1y
0c
0i
#81820825974
0t
0s
0r
1y
0c
0i
#81820826377
1t
0s
0r
1y
0c
0i
#81820827018
0t
0s
0r
1y
0c
0i
#81820827421
1t
0s
0r
1y
0c
0i
#81820828057
0t
0s
0r
1y
0c
0i
#81820828462
1t
0s
0r
1y
0c
0i
#81820829099
0t
0s
0r
1y
0c
0i
#81820829503
1t
0s
0r
1y
0c
0i
#81820830143
0t
0s
0r
1y
0c
0i
#81820830546
1t
0s
0r
1y
0c
0i
#81820831182
0t
0s
0r
1y
0c
0i
#81820831586
1t
0s
0r
1y
0c
0i
#81820832224
0t
0s
0r
1y
0c
0i
#81820832628
1t
0s
0r
1y
0c
0i
#81820833268
0t
0s
0r
1y
0c
0i
#81820833673
1t
0s
0r
1y
0c
0i
#81820834308
0t
0s
0r
1y
0c
0i
#81820834715
1t
0s
0r
1y
0c
0i
#81820835353
0t
0s
0r
1y
1c
0i
#81820835760
1t
0s
0r
1y
1c
0i
#81820836403
0t
0s
0r
1y
1c
0i
#81820836807
1t
0s
0r
1y
1c
1i
#81820837447
0t
0s
0r
1y
1c
1i
#81820837855
1t
0s
0r
1y
1c
1i
#81820838497
0t
0s
0r
1y
1c
1i
#81820838904
1t
0s
0r
1y
1c
1i
#81820839550
0t
0s
0r
1y
1c
0i
#81820839955
1t
0s
0r
1y
1c
0i
#81820840597
0t
0s
0r
1y
1c
0i
#81820841004
1t
0s
0r
1y
1c
0i
#81820841647
0t
0s
0r
1y
1c
0i
#81820842054
1t
0s
0r
1y
1c
0i
#81820842699
0t
0s
0r
1y
1c
0i
#81820843105
1t
0s
0r
1y
1c
0i
#81820843744
0t
0s
0r
1y
1c
0i
#81820844153
1t
0s
0r
1y
1c
0i
#81820844793
0t
0s
0r
1y
1c
0i
#81820845201
1t
0s
0r
1y
1c
0i
#81820845843
0t
0s
0r
1y
1c
0i
#81820846249
1t
0s
0r
1y
1c
0i
#81820846887
0t
0s
0r
1y
1c
0i
#81820847294
1t
0s
0r
1y
1c
0i
#81820847932
0t
0s
0r
1y
1c
0i
#81820848338
1t
0s
0r
1y
1c
0i
#81820848977
0t
0s
0r
1y
1c
0i
#81820849383
1t
0s
0r
1y
1c
0i
#81820850018
0t
0s
0r
1y
1c
0i
#81820850425
1t
0s
0r
1y
1c
0i
#81820851059
0t
0s
0r
1y
1c
0i
#81820851466
1t
0s
0r
1y
1c
0i
#81820852104
0t
0s
0r
1y
1c
0i
#81820852508
1t
0s
0r
1y
1c
0i
#81820854162
0t
0s
0r
1y
1c
0i
#81820855327
1t
0s
0r
1y
1c
0i
#81820856278
0t
0s
0r
1y
1c
0i
#81820856670
1t
0s
0r
1y
1c
0i
#81820857309
0t
0s
0r
1y
1c
0i
#81820857713
1t
0s
0r
1y
1c
0i
#81820858350
0t
0s
0r
1y
1c
0i
#81820858754
1t
0s
0r
1y
1c
0i
#81820859391
0t
0s
0r
1y
1c
0i
#81820859796
1t
0s
0r
1y
1c
0i
#81820860433
0t
0s
0r
1y
1c
0i
#81820860837
1t
0s
0r
1y
1c
0i
#81820861476
0t
0s
0r
1y
1c
0i
#81820861878
1t
0s
0r
1y
1c
0i
#81820862514
0t
0s
0r
1y
1c
0i
#81820862918
1t
0s
0r
1y
1c
0i
#81820863555
0t
0s
0r
1y
1c
0i
#81820863958
1t
0s
0r
1y
1c
0i
#81820864597
0t
0s
0r
1y
1c
0i
#81820865002
1t
0s
0r
1y
1c
0i
#81820865637
0t
0s
0r
1y
1c
0i
#81820866043
1t
0s
0r
1y
1c
0i
#81820866680
0t
0s
0r
1y
0c
0i
#81820867085
1t
0s
0r
1y
0c
0i
#81820867727
0t
0s
0r
1y
0c
0i
#81820868131
1t
0s
0r
1y
0c
1i
#81820868771
0t
0s
0r
1y
0c
1i
#81820869176
1t
0s
0r
1y
0c
1i
#81820869817
0t
0s
0r
1y
0c
1i
#81820870224
1t
0s
0r
1y
0c
1i
#81820870868
0t
0s
0r
1y
0c
0i
#81820871273
1t
0s
0r
1y
0c
0i
#81820871913
0t
0s
0r
1y
0c
0i
#81820872319
1t
0s
0r
1y
0c
0i
#81820872960
0t
0s
0r
1y
0c
0i
#81820873365
1t
0s
0r
1y
0c
0i
#81820874008
0t
0s
0r
1y
0c
0i
#81820874411
1t
0s
0r
1y
0c
0i
#81820875050
0t
0s
0r
1y
0c
0i
#81820875456
1t
0s
0r
1y
0c
0i
#81820876095
0t
0s
0r
1y
0c
0i
#81820876499
1t
0s
0r
1y
0c
0i
#81820877140
0t
0s
0r
1y
0c
0i
#81820877542
1t
0s
0r
1y
0c
0i
#81820878180
0t
0s
0r
1y
0c
0i
#81820878583
1t
0s
0r
1y
0c
0i
#81820879221
0t
0s
0r
1y
0c
0i
#81820879623
1t
0s
0r
1y
0c
0i
#81820880263
0t
0s
0r
1y
0c
0i
#81820880663
1t
0s
0r
1y
0c
0i
#81820881299
0t
0s
0r
1y
0c
0i
#81820881701
1t
0s
0r
1y
0c
0i
#81820882338
0t
0s
0r
1y
0c
0i
#81820882739
1t
0s
0r
1y
0c
0i
#81820883379
0t
0s
0r
1y
0c
0i
#81820883778
1t
0s
0r
1y
0c
0i
#81820884415
0t
0s
0r
1y
0c
0i
#81820884817
1t
0s
0r
1y
0c
0i
#81820885453
0t
0s
0r
1y
0c
0i
#81820885856
1t
0s
0r
1y
0c
0i
#81820886495
0t
0s
0r
1y
0c
0i
#81820886897
1t
0s
0r
1y
0c
0i
#81820887531
0t
0s
0r
1y
0c
0i
#81820887935
1t
0s
0r
1y
0c
0i
#81820888571
0t
0s
0r
1y
0c
0i
#81820888974
1t
0s
0r
1y
0c
0i
#81820889614
0t
0s
0r
1y
0c
0i
#81820890015
1t
0s
0r
1y
0c
0i
#81820890649
0t
0s
0r
1y
0c
0i
#81820891054
1t
0s
0r
1y
0c
0i
#81820891689
0t
0s
0r
1y
0c
0i
#81820892092
1t
0s
0r
1y
0c
0i
#81820892730
0t
0s
0r
1y
0c
0i
#81820893132
1t
0s
0r
1y
0c
0i
#81820893766
0t
0s
0r
1y
0c
0i
#81820894170
1t
0s
0r
1y
0c
0i
#81820894805
0t
0s
0r
1y
0c
0i
#81820895208
1t
0s
0r
1y
0c
0i
#81820895845
0t
0s
0r
1y
0c
0i
#81820896249
1t
0s
0r
1y
0c
0i
#81820896882
0t
0s
0r
1y
0c
0i
#81820897287
1t
0s
0r
1y
0c
0i
#81820897923
0t
0s
0r
1y
1c
0i
#81820898328
1t
0s
0r
1y
1c
0i
#81820898968
0t
0s
0r
1y
1c
0i
#81820899371
1t
0s
0r
1y
1c
1i
#81820900009
0t
0s
0r
1y
1c
1i
#81820900414
1t
0s
0r
1y
1c
1i
#81820901054
0t
0s
0r
1y
1c
1i
#81820901459
1t
0s
0r
1y
1c
1i
#81820902102
0t
0s
0r
1y
1c
0i
#81820902506
1t
0s
0r
1y
1c
0i
#81820903145
0t
0s
0r
1y
1c
0i
#81820903551
1t
0s
0r
1y
1c
0i
#81820904190
0t
0s
0r
1y
1c
0i
#81820904595
1t
0s
0r
1y
1c
0i
#81820905238
0t
0s
0r
1y
1c
0i
#81820905642
1t
0s
0r
1y
1c
0i
#81820906277
0t
0s
0r
1y
1c
0i
#81820906685
1t
0s
0r
1y
1c
0i
#81820907321
0t
0s
0r
1y
1c
0i
#81820907727
1t
0s
0r
1y
1c
0i
#81820908366
0t
0s
0r
1y
1c
0i
#81820908769
1t
0s
0r
1y
1c
0i
#81820909403
0t
0s
0r
1y
1c
0i
#81820909808
1t
0s
0r
1y
1c
0i
#81820910441
0t
0s
0r
1y
1c
0i
#81820910845
1t
0s
0r
1y
1c
0i
#81820911480
0t
0s
0r
1y
1c
0i
#81820911883
1t
0s
0r
1y
1c
0i
#81820912513
0t
0s
0r
1y
1c
0i
#81820912918
1t
0s
0r
1y
1c
0i
#81820913550
0t
0s
0r
1y
1c
0i
#81820913953
1t
0s
0r
1y
1c
0i
#81820914588
0t
0s
0r
1y
1c
0i
#81820914990
1t
0s
0r
1y
1c
0i
#81820916636
0t
0s
0r
1y
1c
0i
#81820917795
1t
0s
0r
1y
1c
0i
#81820918742
0t
0s
0r
1y
1c
0i
#81820919133
1t
0s
0r
1y
1c
0i
#81820919769
0t
0s
0r
1y
1c
0i
#81820920170
1t
0s
0r
1y
1c
0i
#81820920805
0t
0s
0r
1y
1c
0i
#81820921206
1t
0s
0r
1y
1c
0i
#81820921840
0t
0s
0r
1y
1c
0i
#81820922243
1t
0s
0r
1y
1c
0i
#81820922877
0t
0s
0r
1y
1c
0i
#81820923279
1t
0s
0r
1y
1c
0i
#81820923914
0t
0s
0r
1y
1c
0i
#81820924315
1t
0s
0r
1y
1c
0i
#81820924947
0t
0s
0r
1y
1c
0i
#81820925348
1t
0s
0r
1y
1c
0i
#81820925981
0t
0s
0r
1y
1c
0i
#81820926383
1t
0s
0r
1y
1c
0i
#81820927018
0t
0s
0r
1y
1c
0i
#81820927420
1t
0s
0r
1y
1c
0i
#81820928051
0t
0s
0r
1y
1c
0i
#81820928455
1t
0s
0r
1y
1c
0i
#81820929089
0t
0s
0r
1y
0c
0i
#81820929491
1t
0s
0r
1y
0c
0i
#81820930129
0t
0s
0r
1y
0c
0i
#81820930531
1t
0s
0r
1y
0c
1i
#81820931166
0t
0s
0r
1y
0c
1i
#81820931569
1t
0s
0r
1y
0c
1i
#81820932206
0t
0s
0r
1y
0c
1i
#81820932610
1t
0s
0r
1y
0c
1i
#81820932755
1t
0s
1r
1y
0c
1i
#81820932757
1t
0s
0r
1y
0c
1i
#81820933250
0t
0s
0r
1y
0c
0i
#81820933653
1t
0s
0r
1y
0c
0i
#81820934289
0t
0s
0r
1y
0c
0i
#81820934693
1t
0s
0r
1y
0c
0i
#81820935331
0t
0s
0r
1y
0c
0i
#81820935733
1t
0s
0r
1y
0c
0i
#81820936374
0t
0s
0r
1y
0c
0i
#81820936774
1t
0s
0r
1y
0c
0i
#81820937410
0t
0s
0r
1y
0c
0i
#81820937815
1t
0s
0r
1y
0c
0i
#81820938451
0t
0s
0r
1y
0c
0i
#81820938854
1t
0s
0r
1y
0c
0i
#81820939493
0t
0s
0r
1y
0c
0i
#81820939894
1t
0s
0r
1y
0c
0i
#81820940530
0t
0s
0r
1y
0c
0i
#81820940933
1t
0s
0r
1y
0c
0i
#81820941570
0t
0s
0r
1y
0c
0i
#81820941972
1t
0s
0r
1y
0c
0i
#81820942612
0t
0s
0r
1y
0c
0i
#81820943012
1t
0s
0r
1y
0c
0i
#81820943648
0t
0s
0r
1y
0c
0i
#81820944049
1t
0s
0r
1y
0c
0i
#81820944687
0t
0s
0r
1y
0c
0i
#81820945088
1t
0s
0r
1y
0c
0i
#81820945729
0t
0s
0r
1y
0c
0i
#81820946128
1t
0s
0r
1y
0c
0i
#81820946765
0t
0s
0r
1y
0c
0i
#81820947167
1t
0s
0r
1y
0c
0i
#81820947804
0t
0s
0r
1y
0c
0i
#81820948207
1t
0s
0r
1y
0c
0i
#81820948846
0t
0s
0r
1y
0c
0i
#81820949247
1t
0s
0r
1y
0c
0i
#81820949882
0t
0s
0r
1y
0c
0i
#81820950285
1t
0s
0r
1y
0c
0i
#81820950922
0t
0s
0r
1y
0c
0i
#81820951324
1t
0s
0r
1y
0c
0i
#81820951964
0t
0s
0r
1y
0c
0i
#81820952365
1t
0s
0r
1y
0c
0i
#81820952999
0t
0s
0r
1y
0c
0i
#81820953404
1t
0s
0r
1y
0c
0i
#81820954039
0t
0s
0r
1y
0c
0i
#81820954442
1t
0s
0r
1y
0c
0i
#81820955081
0t
0s
0r
1y
0c
0i
#81820955483
1t
0s
0r
1y
0c
0i
#81820956117
0t
0s
0r
1y
0c
0i
#81820956521
1t
0s
0r
1y
0c
0i
#81820957156
0t
0s
0r
1y
0c
0i
#81820957560
1t
0s
0r
1y
0c
0i
#81820958198
0t
0s
0r
1y
0c
0i
#81820958601
1t
0s
0r
1y
0c
0i
#81820959235
0t
0s
0r
1y
0c
0i
#81820959641
1t
0s
0r
1y
0c
0i
#81820960277
0t
0s
0r
1y
1c
0i
#81820960682
1t
0s
0r
1y
1c
0i
#81820961323
0t
0s
0r
1y
1c
0i
#81820961727
1t
0s
0r
1y
1c
1i
#81820962364
0t
0s
0r
1y
1c
1i
#81820962770
1t
0s
0r
1y
1c
1i
#81820963411
0t
0s
0r
1y
1c
1i
#81820963816
1t
0s
0r
1y
1c
1i
#81820964460
0t
0s
0r
1y
1c
0i
#81820964864
1t
0s
0r
1y
1c
0i
#81820965503
0t
0s
0r
1y
1c
0i
#81820965910
1t
0s
0r
1y
1c
0i
#81820966550
0t
0s
0r
1y
1c
0i
#81820966955
1t
0s
0r
1y
1c
0i
#81820967599
0t
0s
0r
1y
1c
0i
#81820968003
1t
0s
0r
1y
1c
0i
#81820968641
0t
0s
0r
1y
1c
0i
#81820969049
1t
0s
0r
1y
1c
0i
#81820969687
0t
0s
0r
1y
1c
0i
#81820970094
1t
0s
0r
1y
1c
0i
#81820970736
0t
0s
0r
1y
1c
0i
#81820971141
1t
0s
0r
1y
1c
0i
#81820971778
0t
0s
0r
1y
1c
0i
#81820972185
1t
0s
0r
1y
1c
0i
#81820972822
0t
0s
0r
1y
1c
0i
#81820973229
1t
0s
0r
1y
1c
0i
#81820973867
0t
0s
0r
1y
1c
0i
#81820974274
1t
0s
0r
1y
1c
0i
#81820974908
0t
0s
0r
1y
1c
0i
#81820975315
1t
0s
0r
1y
1c
0i
#81820975951
0t
0s
0r
1y
1c
0i
#81820976357
1t
0s
0r
1y
1c
0i
#81820976995
0t
0s
0r
1y
1c
0i
#81820977400
1t
0s
0r
1y
1c
0i
#81820979056
0t
0s
0r
1y
1c
0i
#81820980221
1t
0s
0r
1y
1c
0i
#81820981172
0t
0s
0r
1y
1c
0i
#81820981565
1t
0s
0r
1y
1c
0i
#81820982204
0t
0s
0r
1y
1c
0i
#81820982607
1t
0s
0r
1y
1c
0i
#81820983245
0t
0s
0r
1y
1c
0i
#81820983648
1t
0s
0r
1y
1c
0i
#81820984285
0t
0s
0r
1y
1c
0i
#81820984690
1t
0s
0r
1y
1c
0i
#81820985326
0t
0s
0r
1y
1c
0i
#81820985730
1t
0s
0r
1y
1c
0i
#81820986369
0t
0s
0r
1y
1c
0i
#81820986771
1t
0s
0r
1y
1c
0i
#81820987405
0t
0s
0r
1y
1c
0i
#81820987809
1t
0s
0r
1y
1c
0i
#81820988446
0t
0s
0r
1y
1c
0i
#81820988849
1t
0s
0r
1y
1c
0i
#81820989487
0t
0s
0r
1y
1c
0i
#81820989891
1t
0s
0r
1y
1c
0i
#81820990526
0t
0s
0r
1y
1c
0i
#81820990931
1t
0s
0r
1y
1c
0i
#81820991568
0t
0s
0r
1y
0c
0i
#81820991973
1t
0s
0r
1y
0c
0i
#81820992614
0t
0s
0r
1y
0c
0i
#81820993017
1t
0s
0r
1y
0c
1i
#81820993656
0t
0s
0r
1y
0c
1i
#81820994061
1t
0s
0r
1y
0c
1i
#81820994702
0t
0s
0r
1y
0c
1i
#81820995108
1t
0s
0r
1y
0c
1i
#81820995751
0t
0s
0r
1y
0c
0i
#81820996156
1t
0s
0r
1y
0c
0i
#81820996795
0t
0s
0r
1y
0c
0i
#81820997201
1t
0s
0r
1y
0c
0i
#81820997841
0t
0s
0r
1y
0c
0i
#81820998246
1t
0s
0r
1y
0c
0i
#81820998890
0t
0s
0r
1y
0c
0i
#81820999293
1t
0s
0r
1y
0c
0i
#81820999931
0t
0s
0r
1y
0c
0i
#81821000338
1t
0s
0r
1y
0c
0i
#81821000977
0t
0s
0r
1y
0c
0i
#81821001382
1t
0s
0r
1y
0c
0i
#81821002025
0t
0s
0r
1y
0c
0i
#81821002428
1t
0s
0r
1y
0c
0i
#81821003068
0t
0s
0r
1y
0c
0i
#81821003472
1t
0s
0r
1y
0c
0i
#81821004114
0t
0s
0r
1y
0c
0i
#81821004517
1t
0s
0r
1y
0c
0i
#81821005161
0t
0s
0r
1y
0c
0i
#81821005563
1t
0s
0r
1y
0c
0i
#81821006203
0t
0s
0r
1y
0c
0i
#81821006607
1t
0s
0r
1y
0c
0i
#81821007248
0t
0s
0r
1y
0c
0i
#81821007652
1t
0s
0r
1y
0c
0i
#81821008296
0t
0s
0r
1y
0c
0i
#81821008698
1t
0s
0r
1y
0c
0i
#81821009338
0t
0s
0r
1y
0c
0i
#81821009743
1t
0s
0r
1y
0c
0i
#81821010383
0t
0s
0r
1y
0c
0i
#81821010788
1t
0s
0r
1y
0c
0i
#81821011431
0t
0s
0r
1y
0c
0i
#81821011835
1t
0s
0r
1y
0c
0i
#81821012473
0t
0s
0r
1y
0c
0i
#81821012878
1t
0s
0r
1y
0c
0i
#81821013518
0t
0s
0r
1y
0c
0i
#81821013922
1t
0s
0r
1y
0c
0i
#81821014565
0t
0s
0r
1y
0c
0i
#81821014968
1t
0s
0r
1y
0c
0i
#81821015606
0t
0s
0r
1y
0c
0i
#81821016011
1t
0s
0r
1y
0c
0i
#81821016650
0t
0s
0r
1y
0c
0i
#81821017055
1t
0s
0r
1y
0c
0i
#81821017696
0t
0s
0r
1y
0c
0i
#81821018100
1t
0s
0r
1y
0c
0i
#81821018737
0t
0s
0r
1y
0c
0i
#81821019142
1t
0s
0r
1y
0c
0i
#81821019780
0t
0s
0r
1y
0c
0i
#81821020186
1t
0s
0r
1y
0c
0i
#81821020827
0t
0s
0r
1y
0c
0i
#81821021232
1t
0s
0r
1y
0c
0i
#81821021869
0t
0s
0r
1y
0c
0i
#81821022276
1t
0s
0r
1y
0c
0i
#81821022916
0t
0s
0r
1y
1c
0i
#81821023322
1t
0s
0r
1y
1c
0i
#81821023966
0t
0s
0r
1y
1c
0i
#81821024371
1t
0s
0r
1y
1c
1i
#81821025012
0t
0s
0r
1y
1c
1i
#81821025420
1t
0s
0r
1y
1c
1i
#81821026063
0t
0s
0r
1y
1c
1i
#81821026471
1t
0s
0r
1y
1c
1i
#81821027117
0t
0s
0r
1y
1c
0i
#81821027524
1t
0s
0r
1y
1c
0i
#81821028166
0t
0s
0r
1y
1c
0i
#81821028574
1t
0s
0r
1y
1c
0i
#81821029218
0t
0s
0r
1y
1c
0i
#81821029625
1t
0s
0r
1y
1c
0i
#81821030270
0t
0s
0r
1y
1c
0i
#81821030676
1t
0s
0r
1y
1c
0i
#81821031316
0t
0s
0r
1y
1c
0i
#81821031726
1t
0s
0r
1y
1c
0i
#81821032366
0t
0s
0r
1y
1c
0i
#81821032775
1t
0s
0r
1y
1c
0i
#81821033417
0t
0s
0r
1y
1c
0i
#81821033824
1t
0s
0r
1y
1c
0i
#81821034463
0t
0s
0r
1y
1c
0i
#81821034870
1t
0s
0r
1y
1c
0i
#81821035509
0t
0s
0r
1y
1c
0i
#81821035916
1t
0s
0r
1y
1c
0i
#81821036556
0t
0s
0r
1y
1c
0i
#81821036963
1t
0s
0r
1y
1c
0i
#81821037599
0t
0s
0r
1y
1c
0i
#81821038007
1t
0s
0r
1y
1c
0i
#81821038644
0t
0s
0r
1y
1c
0i
#81821039050
1t
0s
0r
1y
1c
0i
#81821039690
0t
0s
0r
1y
1c
0i
#81821040095
1t
0s
0r
1y
1c
0i
#81821041753
0t
0s
0r
1y
1c
0i
#81821042920
1t
0s
0r
1y
1c
0i
#81821043873
0t
0s
0r
1y
1c
0i
#81821044266
1t
0s
0r
1y
1c
0i
#81821044907
0t
0s
0r
1y
1c
0i
#81821045311
1t
0s
0r
1y
1c
0i
#81821045949
0t
0s
0r
1y
1c
0i
#81821046353
1t
0s
0r
1y
1c
0i
#81821046991
0t
0s
0r
1y
1c
0i
#81821047397
1t
0s
0r
1y
1c
0i
#81821048035
0t
0s
0r
1y
1c
0i
#81821048439
1t
0s
0r
1y
1c
0i
#81821049080
0t
0s
0r
1y
1c
0i
#81821049482
1t
0s
0r
1y
1c
0i
#81821050119
0t
0s
0r
1y
1c
0i
#81821050523
1t
0s
0r
1y
1c
0i
#81821051161
0t
0s
0r
1y
1c
0i
#81821051565
1t
0s
0r
1y
1c
0i
#81821052205
0t
0s
0r
1y
1c
0i
#81821052610
1t
0s
0r
1y
1c
0i
#81821053246
0t
0s
0r
1y
1c
0i
#81821053652
1t
0s
0r
1y
1c
0i
#81821054290
0t
0s
0r
1y
0c
0i
#81821054696
1t
0s
0r
1y
0c
0i
#81821055339
0t
0s
0r
1y
0c
0i
#81821055743
1t
0s
0r
1y
0c
1i
#81821056384
0t
0s
0r
1y
0c
1i
#81821056790
1t
0s
0r
1y
0c
1i
#81821057432
0t
0s
0r
1y
0c
1i
#81821057839
1t
0s
0r
1y
0c
1i
#81821057883
1t
0s
1r
1y
0c
1i
#81821057886
1t
0s
0r
1y
0c
1i
#81821058484
0t
0s
0r
1y
0c
0i
#81821058890
1t
0s
0r
1y
0c
0i
#81821059531
0t
0s
0r
1y
0c
0i
#81821059938
1t
0s
0r
1y
0c
0i
#81821060581
0t
0s
0r
1y
0c
0i
#81821060986
1t
0s
0r
1y
0c
0i
#81821061632
0t
0s
0r
1y
0c
0i
#81821062036
1t
0s
0r
1y
0c
0i
#81821062678
0t
0s
0r
1y
0c
0i
#81821063085
1t
0s
0r
1y
0c
0i
#81821063727
0t
0s
0r
1y
0c
0i
#81821064133
1t
0s
0r
1y
0c
0i
#81821064779
0t
0s
0r
1y
0c
0i
#81821065183
1t
0s
0r
1y
0c
0i
#81821065825
0t
0s
0r
1y
0c
0i
#81821066231
1t
0s
0r
1y
0c
0i
#81821066875
0t
0s
0r
1y
0c
0i
#81821067279
1t
0s
0r
1y
0c
0i
#81821067926
0t
0s
0r
1y
0c
0i
#81821068329
1t
0s
0r
1y
0c
0i
#81821068971
0t
0s
0r
1y
0c
0i
#81821069376
1t
0s
0r
1y
0c
0i
#81821070019
0t
0s
0r
1y
0c
0i
#81821070423
1t
0s
0r
1y
0c
0i
#81821071069
0t
0s
0r
1y
0c
0i
#81821071472
1t
0s
0r
1y
0c
0i
#81821072114
0t
0s
0r
1y
0c
0i
#81821072519
1t
0s
0r
1y
0c
0i
#81821073161
0t
0s
0r
1y
0c
0i
#81821073567
1t
0s
0r
1y
0c
0i
#81821074212
0t
0s
0r
1y
0c
0i
#81821074616
1t
0s
0r
1y
0c
0i
#81821075256
0t
0s
0r
1y
0c
0i
#81821075662
1t
0s
0r
1y
0c
0i
#81821076304
0t
0s
0r
1y
0c
0i
#81821076710
1t
0s
0r
1y
0c
0i
#81821077354
0t
0s
0r
1y
0c
0i
#81821077759
1t
0s
0r
1y
0c
0i
#81821078399
0t
0s
0r
1y
0c
0i
#81821078806
1t
0s
0r
1y
0c
0i
#81821079448
0t
0s
0r
1y
0c
0i
#81821079854
1t
0s
0r
1y
0c
0i
#81821080498
0t
0s
0r
1y
0c
0i
#81821080903
1t
0s
0r
1y
0c
0i
#81821081543
0t
0s
0r
1y
0c
0i
#81821081949
1t
0s
0r
1y
0c
0i
#81821082591
0t
0s
0r
1y
0c
0i
#81821082997
1t
0s
0r
1y
0c
0i
#81821083641
0t
0s
0r
1y
0c
0i
#81821084049
1t
0s
0r
1y
0c
0i
#81821084688
0t
0s
0r
1y
0c
0i
#81821085097
1t
0s
0r
1y
0c
0i
#81821085740
0t
0s
0r
1y
1c
0i
#81821086148
1t
0s
0r
1y
1c
0i
#81821086795
0t
0s
0r
1y
1c
0i
#81821087202
1t
0s
0r
1y
1c
1i
#81821087846
0t
0s
0r
1y
1c
1i
#81821088255
1t
0s
0r
1y
1c
1i
#81821088901
0t
0s
0r
1y
1c
1i
#81821089310
1t
0s
0r
1y
1c
1i
#81821089960
0t
0s
0r
1y
1c
0i
#81821090368
1t
0s
0r
1y
1c
0i
#81821091013
0t
0s
0r
1y
1c
0i
#81821091422
1t
0s
0r
1y
1c
0i
#81821092068
0t
0s
0r
1y
1c
0i
#81821092476
1t
0s
0r
1y
1c
0i
#81821093125
0t
0s
0r
1y
1c
0i
#81821093532
1t
0s
0r
1y
1c
0i
#81821094175
0t
0s
0r
1y
1c
0i
#81821094586
1t
0s
0r
1y
1c
0i
#81821095230
0t
0s
0r
1y
1c
0i
#81821095640
1t
0s
0r
1y
1c
0i
#81821096286
0t
0s
0r
1y
1c
0i
#81821096695
1t
0s
0r
1y
1c
0i
#81821097337
0t
0s
0r
1y
1c
0i
#81821097747
1t
0s
0r
1y
1c
0i
#81821098389
0t
0s
0r
1y
1c
0i
#81821098799
1t
0s
0r
1y
1c
0i
#81821099444
0t
0s
0r
1y
1c
0i
#81821099853
1t
0s
0r
1y
1c
0i
#81821100493
0t
0s
0r
1y
1c
0i
#81821100904
1t
0s
0r
1y
1c
0i
#81821101545
0t
0s
0r
1y
1c
0i
#81821101954
1t
0s
0r
1y
1c
0i
#81821102599
0t
0s
0r
1y
1c
0i
#81821103006
1t
0s
0r
1y
1c
0i
#81821104676
0t
0s
0r
1y
1c
0i
#81821105850
1t
0s
0r
1y
1c
0i
#81821106810
0t
0s
0r
1y
1c
0i
#81821107205
1t
0s
0r
1y
1c
0i
#81821107851
0t
0s
0r
1y
1c
0i
#81821108257
1t
0s
0r
1y
1c
0i
#81821108900
0t
0s
0r
1y
1c
0i
#81821109307
1t
0s
0r
1y
1c
0i
#81821109949
0t
0s
0r
1y
1c
0i
#81821110358
1t
0s
0r
1y
1c
0i
#81821111000
0t
0s
0r
1y
1c
0i
#81821111407
1t
0s
0r
1y
1c
0i
#81821112052
0t
0s
0r
1y
1c
0i
#81821112457
1t
0s
0r
1y
1c
0i
#81821113098
0t
0s
0r
1y
1c
0i
#81821113505
1t
0s
0r
1y
1c
0i
#81821114148
0t
0s
0r
1y
1c
0i
#81821114554
1t
0s
0r
1y
1c
0i
#81821115199
0t
0s
0r
1y
1c
0i
#81821115606
1t
0s
0r
1y
1c
0i
#81821116248
0t
0s
0r
1y
1c
0i
#81821116656
1t
0s
0r
1y
1c
0i
#81821117300
0t
0s
0r
1y
0c
0i
#81821117707
1t
0s
0r
1y
0c
0i
#81821118355
0t
0s
0r
1y
0c
0i
#81821118762
1t
0s
0r
1y
0c
1i
#81821119408
0t
0s
0r
1y
0c
1i
#81821119816
1t
0s
0r
1y
0c
1i
#81821120463
0t
0s
0r
1y
0c
1i
#81821120873
1t
0s
0r
1y
0c
1i
#81821121523
0t
0s
0r
1y
0c
0i
#81821121931
1t
0s
0r
1y
0c
0i
#81821122576
0t
0s
0r
1y
0c
0i
#81821122986
1t
0s
0r
1y
0c
0i
#81821123633
0t
0s
0r
1y
0c
0i
#81821124041
1t
0s
0r
1y
0c
0i
#81821124691
0t
0s
0r
1y
0c
0i
#81821125097
1t
0s
0r
1y
0c
0i
#81821125742
0t
0s
0r
1y
0c
0i
#81821126152
1t
0s
0r
1y
0c
0i
#81821126797
0t
0s
0r
1y
0c
0i
#81821127205
1t
0s
0r
1y
0c
0i
#81821127854
0t
0s
0r
1y
0c
0i
#81821128259
1t
0s
0r
1y
0c
0i
#81821128904
0t
0s
0r
1y
0c
0i
#81821129311
1t
0s
0r
1y
0c
0i
#81821129957
0t
0s
0r
1y
0c
0i
#81821130362
1t
0s
0r
1y
0c
0i
#81821131011
0t
0s
0r
1y
0c
0i
#81821131415
1t
0s
0r
1y
0c
0i
#81821132058
0t
0s
0r
1y
0c
0i
#81821132463
1t
0s
0r
1y
0c
0i
#81821133107
0t
0s
0r
1y
0c
0i
#81821133513
1t
0s
0r
1y
0c
0i
#81821134160
0t
0s
0r
1y
0c
0i
#81821134563
1t
0s
0r
1y
0c
0i
#81821135207
0t
0s
0r
1y
0c
0i
#81821135613
1t
0s
0r
1y
0c
0i
#81821136256
0t
0s
0r
1y
0c
0i
#81821136663
1t
0s
0r
1y
0c
0i
#81821137309
0t
0s
0r
1y
0c
0i
#81821137714
1t
0s
0r
1y
0c
0i
#81821138357
0t
0s
0r
1y
0c
0i
#81821138763
1t
0s
0r
1y
0c
0i
#81821139407
0t
0s
0r
1y
0c
0i
#81821139814
1t
0s
0r
1y
0c
0i
#81821140460
0t
0s
0r
1y
0c
0i
#81821140865
1t
0s
0r
1y
0c
0i
#81821141506
0t
0s
0r
1y
0c
0i
#81821141914
1t
0s
0r
1y
0c
0i
#81821142556
0t
0s
0r
1y
0c
0i
#81821142964
1t
0s
0r
1y
0c
0i
#81821143609
0t
0s
0r
1y
0c
0i
#81821144015
1t
0s
0r
1y
0c
0i
#81821144655
0t
0s
0r
1y
0c
0i
#81821145063
1t
0s
0r
1y
0c
0i
#81821145705
0t
0s
0r
1y
0c
0i
#81821146112
1t
0s
0r
1y
0c
0i
#81821146756
0t
0s
0r
1y
0c
0i
#81821147164
1t
0s
0r
1y
0c
0i
#81821147803
0t
0s
0r
1y
0c
0i
#81821148213
1t
0s
0r
1y
0c
0i
#81821148855
0t
0s
0r
1y
1c
0i
#81821149264
1t
0s
0r
1y
1c
0i
#81821149911
0t
0s
0r
1y
1c
0i
#81821150318
1t
0s
0r
1y
1c
1i
#81821150962
0t
0s
0r
1y
1c
1i
#81821151371
1t
0s
0r
1y
1c
1i
#81821152017
0t
0s
0r
1y
1c
1i
#81821152427
1t
0s
0r
1y
1c
1i
#81821153076
0t
0s
0r
1y
1c
0i
#81821153484
1t
0s
0r
1y
1c
0i
#81821154130
0t
0s
0r
1y
1c
0i
#81821154539
1t
0s
0r
1y
1c
0i
#81821155186
0t
0s
0r
1y
1c
0i
#81821155595
1t
0s
0r
1y
1c
0i
#81821156243
0t
0s
0r
1y
1c
0i
#81821156651
1t
0s
0r
1y
1c
0i
#81821157295
0t
0s
0r
1y
1c
0i
#81821157706
1t
0s
0r
1y
1c
0i
#81821158350
0t
0s
0r
1y
1c
0i
#81821158760
1t
0s
0r
1y
1c
0i
#81821159407
0t
0s
0r
1y
1c
0i
#81821159815
1t
0s
0r
1y
1c
0i
#81821160457
0t
0s
0r
1y
1c
0i
#81821160866
1t
0s
0r
1y
1c
0i
#81821161508
0t
0s
0r
1y
1c
0i
#81821161917
1t
0s
0r
1y
1c
0i
#81821162561
0t
0s
0r
1y
1c
0i
#81821162970
1t
0s
0r
1y
1c
0i
#81821163610
0t
0s
0r
1y
1c
0i
#81821164020
1t
0s
0r
1y
1c
0i
#81821164661
0t
0s
0r
1y
1c
0i
#81821165070
1t
0s
0r
1y
1c
0i
#81821165713
0t
0s
0r
1y
1c
0i
#81821166121
1t
0s
0r
1y
1c
0i
#81821167790
0t
0s
0r
1y
1c
0i
#81821168963
1t
0s
0r
1y
1c
0i
#81821169923
0t
0s
0r
1y
1c
0i
#81821170318
1t
0s
0r
1y
1c
0i
#81821170963
0t
0s
0r
1y
1c
0i
#81821171369
1t
0s
0r
1y
1c
0i
#81821172012
0t
0s
0r
1y
1c
0i
#81821172418
1t
0s
0r
1y
1c
0i
#81821173060
0t
0s
0r
1y
1c
0i
#81821173468
1t
0s
0r
1y
1c
0i
#81821174109
0t
0s
0r
1y
1c
0i
#81821174516
1t
0s
0r
1y
1c
0i
#81821175161
0t
0s
0r
1y
1c
0i
#81821175566
1t
0s
0r
1y
1c
0i
#81821176206
0t
0s
0r
1y
1c
0i
#81821176613
1t
0s
0r
1y
1c
0i
#81821177255
0t
0s
0r
1y
1c
0i
#81821177661
1t
0s
0r
1y
1c
0i
#81821178304
0t
0s
0r
1y
1c
0i
#81821178711
1t
0s
0r
1y
1c
0i
#81821179351
0t
0s
0r
1y
1c
0i
#81821179759
1t
0s
0r
1y
1c
0i
#81821180402
0t
0s
0r
1y
0c
0i
#81821180809
1t
0s
0r
1y
0c
0i
#81821181456
0t
0s
0r
1y
0c
0i
#81821181862
1t
0s
0r
1y
0c
1i
#81821182506
0t
0s
0r
1y
0c
1i
#81821182914
1t
0s
0r
1y
0c
1i
#81821183560
0t
0s
0r
1y
0c
1i
#81821183969
1t
0s
0r
1y
0c
1i
#81821184027
1t
0s
1r
1y
0c
1i
#81821184030
1t
0s
0r
1y
0c
1i
#81821184618
0t
0s
0r
1y
0c
0i
#81821185025
1t
0s
0r
1y
0c
0i
#81821185670
0t
0s
0r
1y
0c
0i
#81821186079
1t
0s
0r
1y
0c
0i
#81821186725
0t
0s
0r
1y
0c
0i
#81821187133
1t
0s
0r
1y
0c
0i
#81821187782
0t
0s
0r
1y
0c
0i
#81821188188
1t
0s
0r
1y
0c
0i
#81821188833
0t
0s
0r
1y
0c
0i
#81821189243
1t
0s
0r
1y
0c
0i
#81821189889
0t
0s
0r
1y
0c
0i
#81821190297
1t
0s
0r
1y
0c
0i
#81821190947
0t
0s
0r
1y
0c
0i
#81821191353
1t
0s
0r
1y
0c
0i
#81821192001
0t
0s
0r
1y
0c
0i
#81821192408
1t
0s
0r
1y
0c
0i
#81821193057
0t
0s
0r
1y
0c
0i
#81821193464
1t
0s
0r
1y
0c
0i
#81821194116
0t
0s
0r
1y
0c
0i
#81821194521
1t
0s
0r
1y
0c
0i
#81821195169
0t
0s
0r
1y
0c
0i
#81821195576
1t
0s
0r
1y
0c
0i
#81821196225
0t
0s
0r
1y
0c
0i
#81821196632
1t
0s
0r
1y
0c
0i
#81821197285
0t
0s
0r
1y
0c
0i
#81821197690
1t
0s
0r
1y
0c
0i
#81821198338
0t
0s
0r
1y
0c
0i
#81821198746
1t
0s
0r
1y
0c
0i
#81821199394
0t
0s
0r
1y
0c
0i
#81821199803
1t
0s
0r
1y
0c
0i
#81821200453
0t
0s
0r
1y
0c
0i
#81821200860
1t
0s
0r
1y
0c
0i
#81821201506
0t
0s
0r
1y
0c
0i
#81821201915
1t
0s
0r
1y
0c
0i
#81821202563
0t
0s
0r
1y
0c
0i
#81821202971
1t
0s
0r
1y
0c
0i
#81821203621
0t
0s
0r
1y
0c
0i
#81821204028
1t
0s
0r
1y
0c
0i
#81821204674
0t
0s
0r
1y
0c
0i
#81821205083
1t
0s
0r
1y
0c
0i
#81821205729
0t
0s
0r
1y
0c
0i
#81821206139
1t
0s
0r
1y
0c
0i
#81821206788
0t
0s
0r
1y
0c
0i
#81821207196
1t
0s
0r
1y
0c
0i
#81821207840
0t
0s
0r
1y
0c
0i
#81821208250
1t
0s
0r
1y
0c
0i
#81821208897
0t
0s
0r
1y
0c
0i
#81821209306
1t
0s
0r
1y
0c
0i
#81821209955
0t
0s
0r
1y
0c
0i
#81821210365
1t
0s
0r
1y
0c
0i
#81821211010
0t
0s
0r
1y
0c
0i
#81821211422
1t
0s
0r
1y
0c
0i
#81821212070
0t
0s
0r
1y
1c
0i
#81821212481
1t
0s
0r
1y
1c
0i
#81821213133
0t
0s
0r
1y
1c
0i
#81821213543
1t
0s
0r
1y
1c
1i
#81821214193
0t
0s
0r
1y
1c
1i
#81821214604
1t
0s
0r
1y
1c
1i
#81821215257
0t
0s
0r
1y
1c
1i
#81821215668
1t
0s
0r
1y
1c
1i
#81821216323
0t
0s
0r
1y
1c
0i
#81821216734
1t
0s
0r
1y
1c
0i
#81821217385
0t
0s
0r
1y
1c
0i
#81821217797
1t
0s
0r
1y
1c
0i
#81821218449
0t
0s
0r
1y
1c
0i
#81821218860
1t
0s
0r
1y
1c
0i
#81821219515
0t
0s
0r
1y
1c
0i
#81821219925
1t
0s
0r
1y
1c
0i
#81821220573
0t
0s
0r
1y
1c
0i
#81821220987
1t
0s
0r
1y
1c
0i
#81821221636
0t
0s
0r
1y
1c
0i
#81821222049
1t
0s
0r
1y
1c
0i
#81821222700
0t
0s
0r
1y
1c
0i
#81821223111
1t
0s
0r
1y
1c
0i
#81821223757
0t
0s
0r
1y
1c
0i
#81821224169
1t
0s
0r
1y
1c
0i
#81821224816
0t
0s
0r
1y
1c
0i
#81821225227
1t
0s
0r
1y
1c
0i
#81821225876
0t
0s
0r
1y
1c
0i
#81821226287
1t
0s
0r
1y
1c
0i
#81821226931
0t
0s
0r
1y
1c
0i
#81821227343
1t
0s
0r
1y
1c
0i
#81821227987
0t
0s
0r
1y
1c
0i
#81821228398
1t
0s
0r
1y
1c
0i
#81821229045
0t
0s
0r
1y
1c
0i
#81821229455
1t
0s
0r
1y
1c
0i
#81821231134
0t
0s
0r
1y
1c
0i
#81821232314
1t
0s
0r
1y
1c
0i
#81821233279
0t
0s
0r
1y
1c
0i
#81821233676
1t
0s
0r
1y
1c
0i
#81821234325
0t
0s
0r
1y
1c
0i
#81821234733
1t
0s
0r
1y
1c
0i
#81821235380
0t
0s
0r
1y
1c
0i
#81821235788
1t
0s
0r
1y
1c
0i
#81821236435
0t
0s
0r
1y
1c
0i
#81821236845
1t
0s
0r
1y
1c
0i
#81821237490
0t
0s
0r
1y
1c
0i
#81821237899
1t
0s
0r
1y
1c
0i
#81821238547
0t
0s
0r
1y
1c
0i
#81821238955
1t
0s
0r
1y
1c
0i
#81821239599
0t
0s
0r
1y
1c
0i
#81821240008
1t
0s
0r
1y
1c
0i
#81821240654
0t
0s
0r
1y
1c
0i
#81821241062
1t
0s
0r
1y
1c
0i
#81821241709
0t
0s
0r
1y
1c
0i
#81821242119
1t
0s
0r
1y
1c
0i
#81821242763
0t
0s
0r
1y
1c
0i
#81821243173
1t
0s
0r
1y
1c
0i
#81821243819
0t
0s
0r
1y
0c
0i
#81821244229
1t
0s
0r
1y
0c
0i
#81821244880
0t
0s
0r
1y
0c
0i
#81821245288
1t
0s
0r
1y
0c
1i
#81821245937
0t
0s
0r
1y
0c
1i
#81821246347
1t
0s
0r
1y
0c
1i
#81821246998
0t
0s
0r
1y
0c
1i
#81821247409
1t
0s
0r
1y
0c
1i
#81821248063
0t
0s
0r
1y
0c
0i
#81821248472
1t
0s
0r
1y
0c
0i
#81821249121
0t
0s
0r
1y
0c
0i
#81821249532
1t
0s
0r
1y
0c
0i
#81821250183
0t
0s
0r
1y
0c
0i
#81821250593
1t
0s
0r
1y
0c
0i
#81821251247
0t
0s
0r
1y
0c
0i
#81821251654
1t
0s
0r
1y
0c
0i
#81821252302
0t
0s
0r
1y
0c
0i
#81821252713
1t
0s
0r
1y
0c
0i
#81821253361
0t
0s
0r
1y
0c
0i
#81821253770
1t
0s
0r
1y
0c
0i
#81821254420
0t
0s
0r
1y
0c
0i
#81821389561
1t
0s
0r
1y
0c
0i
#81821390207
0t
0s
0r
1y
0c
0i
#81821390612
1t
0s
0r
1y
0c
0i
#81821391254
0t
0s
0r
1y
0c
0i
#81821391660
1t
0s
0r
1y
0c
0i
#81821392304
0t
0s
0r
1y
0c
0i
#81821392710
1t
0s
0r
1y
0c
0i
#81821393356
0t
0s
0r
1y
0c
0i
#81821393760
1t
0s
0r
1y
0c
0i
#81821394401
0t
0s
0r
1y
0c
0i
#81821394809
1t
0s
0r
1y
0c
0i
#81821395450
0t
0s
0r
1y
0c
0i
#81821395857
1t
0s
0r
1y
0c
0i
#81821396502
0t
0s
0r
1y
0c
0i
#81821396907
1t
0s
0r
1y
0c
0i
#81821397547
0t
0s
0r
1y
0c
0i
#81821397955
1t
0s
0r
1y
0c
0i
#81821398596
0t
0s
0r
1y
0c
0i
#81821399003
1t
0s
0r
1y
0c
0i
#81821399647
0t
0s
0r
1y
0c
0i
#81821400054
1t
0s
0r
1y
0c
0i
#86116356857
1t
0s
0r
1y
0c
0i
#86116357503
0t
0s
0r
1y
0c
0i
#86116357908
1t
0s
0r
1y
0c
0i
#86116358550
0t
0s
0r
1y
0c
0i
#86116358956
1t
0s
0r
1y
0c
0i
#86116359600
0t
0s
0r
1y
0c
0i
#86116360006
1t
0s
0r
1y
0c
0i
#86116360652
0t
0s
0r
1y
0c
0i
#86116361056
1t
0s
0r
1y
0c
0i
#86116361697
0t
0s
0r
1y
0c
0i
#86116362105
1t
0s
0r
1y
0c
0i
#86116362746
0t
0s
0r
1y
0c
0i
#86116363153
1t
0s
0r
1y
0c
0i
#86116363798
0t
0s
0r
1y
0c
0i
#86116364203
1t
0s
0r
1y
0c
0i
#86116364843
0t
0s
0r
1y
0c
0i
#86116365251
1t
0s
0r
1y
0c
0i
#86116365892
0t
0s
0r
1y
0c
0i
#86116366299
1t
0s
0r
1y
0c
0i
#86116366943
0t
0s
0r
1y
0c
0i
#86116367350
1t
0s
0r
1y
0c
0i
#86116367990
0t
0s
0r
1y
0c
0i
#86116368399
1t
0s
0r
1y
0c
0i
#86116369042
0t
0s
0r
1y
1c
0i
#86116369449
1t
0s
0r
1y
1c
0i
#86116370096
0t
0s
0r
1y
1c
0i
#86116370503
1t
0s
0r
1y
1c
1i
#86116371147
0t
0s
0r
1y
1c
1i
#86116371556
1t
0s
0r
1y
1c
1i
#86116372203
0t
0s
0r
1y
1c
1i
#86116372612
1t
0s
0r
1y
1c
1i
#86116373261
0t
0s
0r
1y
1c
0i
#86116373669
1t
0s
0r
1y
1c
0i
#86116374314
0t
0s
0r
1y
1c
0i
#86116374724
1t
0s
0r
1y
1c
0i
#86116375370
0t
0s
0r
1y
1c
0i
#86116375779
1t
0s
0r
1y
1c
0i
#86116376428
0t
0s
0r
1y
1c
0i
#86116376835
1t
0s
0r
1y
1c
0i
#86116377477
0t
0s
0r
1y
1c
0i
#86116377888
1t
0s
0r
1y
1c
0i
#86116378530
0t
0s
0r
1y
1c
0i
#86116378939
1t
0s
0r
1y
1c
0i
#86116379583
0t
0s
0r
1y
1c
0i
#86116379989
1t
0s
0r
1y
1c
0i
#86116380628
0t
0s
0r
1y
1c
0i
#86116381035
1t
0s
0r
1y
1c
0i
#86116381674
0t
0s
0r
1y
1c
0i
#86116382080
1t
0s
0r
1y
1c
0i
#86116382720
0t
0s
0r
1y
1c
0i
#86116383126
1t
0s
0r
1y
1c
0i
#86116383761
0t
0s
0r
1y
1c
0i
#86116384169
1t
0s
0r
1y
1c
0i
#86116384805
0t
0s
0r
1y
1c
0i
#86116385212
1t
0s
0r
1y
1c
0i
#86116385851
0t
0s
0r
1y
1c
0i
#86116386257
1t
0s
0r
1y
1c
0i
#86116387917
0t
0s
0r
1y
1c
0i
#86116389085
1t
0s
0r
1y
1c
0i
#86116390039
0t
0s
0r
1y
1c
0i
#86116390432
1t
0s
0r
1y
1c
0i
#86116391074
0t
0s
0r
1y
1c
0i
#86116391478
1t
0s
0r
1y
1c
0i
#86116392118
0t
0s
0r
1y
1c
0i
#86116392523
1t
0s
0r
1y
1c
0i
#86116393161
0t
0s
0r
1y
1c
0i
#86116393567
1t
0s
0r
1y
1c
0i
#86116394206
0t
0s
0r
1y
1c
0i
#86116394611
1t
0s
0r
1y
1c
0i
#86116395252
0t
0s
0r
1y
1c
0i
#86116395655
1t
0s
0r
1y
1c
0i
#86116396291
0t
0s
0r
1y
1c
0i
#86116396696
1t
0s
0r
1y
1c
0i
#86116397335
0t
0s
0r
1y
1c
0i
#86116397739
1t
0s
0r
1y
1c
0i
#86116398379
0t
0s
0r
1y
1c
0i
#86116398784
1t
0s
0r
1y
1c
0i
#86116399420
0t
0s
0r
1y
1c
0i
#86116399827
1t
0s
0r
1y
1c
0i
#86116400465
0t
0s
0r
1y
0c
0i
#86116400871
1t
0s
0r
1y
0c
0i
#86116401514
0t
0s
0r
1y
0c
0i
#86116401918
1t
0s
0r
1y
0c
1i
#86116402559
0t
0s
0r
1y
0c
1i
#86116402965
1t
0s
0r
1y
0c
1i
#86116403607
0t
0s
0r
1y
0c
1i
#86116404015
1t
0s
0r
1y
0c
1i
#86116404170
1t
0s
1r
1y
0c
1i
#86116404172
1t
0s
0r
1y
0c
1i
#86116404660
0t
0s
0r
1y
0c
0i
#86116405066
1t
0s
0r
1y
0c
0i
#86116405708
0t
0s
0r
1y
0c
0i
#86116406115
1t
0s
0r
1y
0c
0i
#86116406758
0t
0s
0r
1y
0c
0i
#86116407164
1t
0s
0r
1y
0c
0i
#86116407810
0t
0s
0r
1y
0c
0i
#86116408214
1t
0s
0r
1y
0c
0i
#86116408856
0t
0s
0r
1y
0c
0i
#86116409263
1t
0s
0r
1y
0c
0i
#86116409905
0t
0s
0r
1y
0c
0i
#86116410311
1t
0s
0r
1y
0c
0i
#86116410957
0t
0s
0r
1y
0c
0i
#86116411360
1t
0s
0r
1y
0c
0i
#86116412002
0t
0s
0r
1y
0c
0i
#86116412406
1t
0s
0r
1y
0c
0i
#86116413049
0t
0s
0r
1y
0c
0i
#86116413452
1t
0s
0r
1y
0c
0i
#86116414097
0t
0s
0r
1y
0c
0i
#86116414499
1t
0s
0r
1y
0c
0i
#86116415139
0t
0s
0r
1y
0c
0i
#86116415542
1t
0s
0r
1y
0c
0i
#86116416184
0t
0s
0r
1y
0c
0i
#86116416587
1t
0s
0r
1y
0c
0i
#86116417232
0t
0s
0r
1y
0c
0i
#86116417633
1t
0s
0r
1y
0c
0i
#86116418274
0t
0s
0r
1y
0c
0i
#86116418678
1t
0s
0r
1y
0c
0i
#86116419318
0t
0s
0r
1y
0c
0i
#86116419723
1t
0s
0r
1y
0c
0i
#86116420366
0t
0s
0r
1y
0c
0i
#86116420770
1t
0s
0r
1y
0c
0i
#86116421409
0t
0s
0r
1y
0c
0i
#86116421814
1t
0s
0r
1y
0c
0i
#86116422455
0t
0s
0r
1y
0c
0i
#86116422859
1t
0s
0r
1y
0c
0i
#86116423503
0t
0s
0r
1y
0c
0i
#86116423906
1t
0s
0r
1y
0c
0i
#86116424545
0t
0s
0r
1y
0c
0i
#86116424951
1t
0s
0r
1y
0c
0i
#86116425590
0t
0s
0r
1y
0c
0i
#86116425996
1t
0s
0r
1y
0c
0i
#86116426638
0t
0s
0r
1y
0c
0i
#86116427042
1t
0s
0r
1y
0c
0i
#86116427681
0t
0s
0r
1y
0c
0i
#86116428087
1t
0s
0r
1y
0c
0i
#86116428727
0t
0s
0r
1y
0c
0i
#86116429133
1t
0s
0r
1y
0c
0i
#86116429775
0t
0s
0r
1y
0c
0i
#86116430182
1t
0s
0r
1y
0c
0i
#86116430819
0t
0s
0r
1y
0c
0i
#86116431228
1t
0s
0r
1y
0c
0i
#86116431869
0t
0s
0r
1y
1c
0i
#86116432277
1t
0s
0r
1y
1c
0i
#86116432922
0t
0s
0r
1y
1c
0i
#86116433329
1t
0s
0r
1y
1c
1i
#86116433972
0t
0s
0r
1y
1c
1i
#86116434380
1t
0s
0r
1y
1c
1i
#86116435025
0t
0s
0r
1y
1c
1i
#86116435434
1t
0s
0r
1y
1c
1i
#86116436082
0t
0s
0r
1y
1c
0i
#86116436489
1t
0s
0r
1y
1c
0i
#86116437133
0t
0s
0r
1y
1c
0i
#86116437541
1t
0s
0r
1y
1c
0i
#86116438187
0t
0s
0r
1y
1c
0i
#86116438594
1t
0s
0r
1y
1c
0i
#86116439242
0t
0s
0r
1y
1c
0i
#86116439648
1t
0s
0r
1y
1c
0i
#86116440290
0t
0s
0r
1y
1c
0i
#86116440701
1t
0s
0r
1y
1c
0i
#86116441343
0t
0s
0r
1y
1c
0i
#86116441752
1t
0s
0r
1y
1c
0i
#86116442397
0t
0s
0r
1y
1c
0i
#86116442804
1t
0s
0r
1y
1c
0i
#86116443445
0t
0s
0r
1y
1c
0i
#86116443854
1t
0s
0r
1y
1c
0i
#86116444495
0t
0s
0r
1y
1c
0i
#86116444903
1t
0s
0r
1y
1c
0i
#86116445545
0t
0s
0r
1y
1c
0i
#86116445954
1t
0s
0r
1y
1c
0i
#86116446592
0t
0s
0r
1y
1c
0i
#86116447002
1t
0s
0r
1y
1c
0i
#86116447640
0t
0s
0r
1y
1c
0i
#86116448049
1t
0s
0r
1y
1c
0i
#86116448691
0t
0s
0r
1y
1c
0i
#86116449098
1t
0s
0r
1y
1c
0i
#86116450763
0t
0s
0r
1y
1c
0i
#86116451935
1t
0s
0r
1y
1c
0i
#86116452892
0t
0s
0r
1y
1c
0i
#86116453287
1t
0s
0r
1y
1c
0i
#86116453930
0t
0s
0r
1y
1c
0i
#86116454335
1t
0s
0r
1y
1c
0i
#86116454977
0t
0s
0r
1y
1c
0i
#86116455382
1t
0s
0r
1y
1c
0i
#86116456023
0t
0s
0r
1y
1c
0i
#86116456430
1t
0s
0r
1y
1c
0i
#86116457070
0t
0s
0r
1y
1c
0i
#86116457476
1t
0s
0r
1y
1c
0i
#86116458119
0t
0s
0r
1y
1c
0i
#86116458524
1t
0s
0r
1y
1c
0i
#86116459163
0t
0s
0r
1y
1c
0i
#86116459569
1t
0s
0r
1y
1c
0i
#86116460209
0t
0s
0r
1y
1c
0i
#86116460614
1t
0s
0r
1y
1c
0i
#86116461257
0t
0s
0r
1y
1c
0i
#86116461663
1t
0s
0r
1y
1c
0i
#86116462302
0t
0s
0r
1y
1c
0i
#86116462710
1t
0s
0r
1y
1c
0i
#86116463351
0t
0s
0r
1y
0c
0i
#86116463758
1t
0s
0r
1y
0c
0i
#86116464404
0t
0s
0r
1y
0c
0i
#86116464809
1t
0s
0r
1y
0c
1i
#86116465453
0t
0s
0r
1y
0c
1i
#86116465860
1t
0s
0r
1y
0c
1i
#86116466505
0t
0s
0r
1y
0c
1i
#86116466913
1t
0s
0r
1y
0c
1i
#86116467562
0t
0s
0r
1y
0c
0i
#86116467968
1t
0s
0r
1y
0c
0i
#86116468613
0t
0s
0r
1y
0c
0i
#86116469020
1t
0s
0r
1y
0c
0i
#86116469666
0t
0s
0r
1y
0c
0i
#86116470073
1t
0s
0r
1y
0c
0i
#86116470721
0t
0s
0r
1y
0c
0i
#86116471126
1t
0s
0r
1y
0c
0i
#86116471769
0t
0s
0r
1y
0c
0i
#86116472178
1t
0s
0r
1y
0c
0i
#86116472821
0t
0s
0r
1y
0c
0i
#86116473228
1t
0s
0r
1y
0c
0i
#86116473875
0t
0s
0r
1y
0c
0i
#86116474280
1t
0s
0r
1y
0c
0i
#86116474923
0t
0s
0r
1y
0c
0i
#86116475329
1t
0s
0r
1y
0c
0i
#86116475972
0t
0s
0r
1y
0c
0i
#86116476377
1t
0s
0r
1y
0c
0i
#86116477023
0t
0s
0r
1y
0c
0i
#86116477426
1t
0s
0r
1y
0c
0i
#86116478067
0t
0s
0r
1y
0c
0i
#86116478471
1t
0s
0r
1y
0c
0i
#86116479114
0t
0s
0r
1y
0c
0i
#86116479517
1t
0s
0r
1y
0c
0i
#86116480162
0t
0s
0r
1y
0c
0i
#86116480565
1t
0s
0r
1y
0c
0i
#86116481206
0t
0s
0r
1y
0c
0i
#86116481611
1t
0s
0r
1y
0c
0i
#86116482252
0t
0s
0r
1y
0c
0i
#86116482658
1t
0s
0r
1y
0c
0i
#86116483301
0t
0s
0r
1y
0c
0i
#86116483706
1t
0s
0r
1y
0c
0i
#86116484345
0t
0s
0r
1y
0c
0i
#86116484751
1t
0s
0r
1y
0c
0i
#86116485392
0t
0s
0r
1y
0c
0i
#86116485798
1t
0s
0r
1y
0c
0i
#86116486441
0t
0s
0r
1y
0c
0i
#86116486845
1t
0s
0r
1y
0c
0i
#86116487484
0t
0s
0r
1y
0c
0i
#86116487891
1t
0s
0r
1y
0c
0i
#86116488531
0t
0s
0r
1y
0c
0i
#86116488937
1t
0s
0r
1y
0c
0i
#86116489580
0t
0s
0r
1y
0c
0i
#86116489985
1t
0s
0r
1y
0c
0i
#86116490624
0t
0s
0r
1y
0c
0i
#86116491030
1t
0s
0r
1y
0c
0i
#86116491670
0t
0s
0r
1y
0c
0i
#86116492076
1t
0s
0r
1y
0c
0i
#86116492718
0t
0s
0r
1y
0c
0i
#86116493125
1t
0s
0r
1y
0c
0i
#86116493763
0t
0s
0r
1y
0c
0i
#86116494171
1t
0s
0r
1y
0c
0i
#86116494812
0t
0s
0r
1y
1c
0i
#86116495220
1t
0s
0r
1y
1c
0i
#86116495865
0t
0s
0r
1y
1c
0i
#86116496271
1t
0s
0r
1y
1c
1i
#86116496914
0t
0s
0r
1y
1c
1i
#86116497322
1t
0s
0r
1y
1c
1i
#86116497967
0t
0s
0r
1y
1c
1i
#86116498375
1t
0s
0r
1y
1c
1i
#86116499023
0t
0s
0r
1y
1c
0i
#86116499430
1t
0s
0r
1y
1c
0i
#86116500074
0t
0s
0r
1y
1c
0i
#86116500483
1t
0s
0r
1y
1c
0i
#86116501128
0t
0s
0r
1y
1c
0i
#86116501536
1t
0s
0r
1y
1c
0i
#86116502183
0t
0s
0r
1y
1c
0i
#86116502590
1t
0s
0r
1y
1c
0i
#86116503232
0t
0s
0r
1y
1c
0i
#86116503642
1t
0s
0r
1y
1c
0i
#86116504283
0t
0s
0r
1y
1c
0i
#86116504692
1t
0s
0r
1y
1c
0i
#86116505336
0t
0s
0r
1y
1c
0i
#86116505743
1t
0s
0r
1y
1c
0i
#86116506382
0t
0s
0r
1y
1c
0i
#86116506791
1t
0s
0r
1y
1c
0i
#86116507430
0t
0s
0r
1y
1c
0i
#86116507837
1t
0s
0r
1y
1c
0i
#86116508477
0t
0s
0r
1y
1c
0i
#86116508884
1t
0s
0r
1y
1c
0i
#86116509519
0t
0s
0r
1y
1c
0i
#86116509927
1t
0s
0r
1y
1c
0i
#86116510564
0t
0s
0r
1y
1c
0i
#86116510971
1t
0s
0r
1y
1c
0i
#86116511610
0t
0s
0r
1y
1c
0i
#86116512015
1t
0s
0r
1y
1c
0i
#86116513675
0t
0s
0r
1y
1c
0i
#86116514841
1t
0s
0r
1y
1c
0i
#86116515796
0t
0s
0r
1y
1c
0i
#86116516189
1t
0s
0r
1y
1c
0i
#86116516831
0t
0s
0r
1y
1c
0i
#86116517235
1t
0s
0r
1y
1c
0i
#86116517874
0t
0s
0r
1y
1c
0i
#86116518279
1t
0s
0r
1y
1c
0i
#86116518918
0t
0s
0r
1y
1c
0i
#86116519324
1t
0s
0r
1y
1c
0i
#86116519963
0t
0s
0r
1y
1c
0i
#86116520367
1t
0s
0r
1y
1c
0i
#86116521008
0t
0s
0r
1y
1c
0i
#86116521412
1t
0s
0r
1y
1c
0i
#86116522049
0t
0s
0r
1y
1c
0i
#86116522454
1t
0s
0r
1y
1c
0i
#86116523092
0t
0s
0r
1y
1c
0i
#86116523496
1t
0s
0r
1y
1c
0i
#86116524137
0t
0s
0r
1y
1c
0i
#86116524542
1t
0s
0r
1y
1c
0i
#86116525178
0t
0s
0r
1y
0c
0i
#86116525585
1t
0s
0r
1y
0c
0i
#86116526223
0t
0s
0r
1y
0c
0i
#86116526629
1t
0s
0r
1y
0c
0i
#86116527273
0t
0s
0r
1y
0c
0i
#86116527677
1t
0s
0r
1y
0c
1i
#86116528318
0t
0s
0r
1y
0c
1i
#86116528724
1t
0s
0r
1y
0c
1i
#86116529367
0t
0s
0r
1y
0c
1i
#86116529774
1t
0s
0r
1y
0c
1i
#86116529871
1t
0s
1r
1y
0c
1i
#86116529874
1t
0s
0r
1y
0c
1i
#86116530420
0t
0s
0r
1y
0c
0i
#86116530826
1t
0s
0r
1y
0c
0i
#86116531468
0t
0s
0r
1y
0c
0i
#86116531875
1t
0s
0r
1y
0c
0i
#86116532518
0t
0s
0r
1y
0c
0i
#86116532923
1t
0s
0r
1y
0c
0i
#86116533569
0t
0s
0r
1y
0c
0i
#86116533972
1t
0s
0r
1y
0c
0i
#86116534612
0t
0s
0r
1y
0c
0i
#86116535018
1t
0s
0r
1y
0c
0i
#86116535657
0t
0s
0r
1y
0c
0i
#86116536061
1t
0s
0r
1y
0c
0i
#86116536701
0t
0s
0r
1y
0c
0i
#86116537101
1t
0s
0r
1y
0c
0i
#86116537737
0t
0s
0r
1y
0c
0i
#86116538138
1t
0s
0r
1y
0c
0i
#86116538774
0t
0s
0r
1y
0c
0i
#86116539174
1t
0s
0r
1y
0c
0i
#86116539812
0t
0s
0r
1y
0c
0i
#86116540211
1t
0s
0r
1y
0c
0i
#86116540844
0t
0s
0r
1y
0c
0i
#86116541245
1t
0s
0r
1y
0c
0i
#86116541880
0t
0s
0r
1y
0c
0i
#86116542281
1t
0s
0r
1y
0c
0i
#86116542920
0t
0s
0r
1y
0c
0i
#86116543319
1t
0s
0r
1y
0c
0i
#86116543954
0t
0s
0r
1y
0c
0i
#86116544356
1t
0s
0r
1y
0c
0i
#86116544992
0t
0s
0r
1y
0c
0i
#86116545394
1t
0s
0r
1y
0c
0i
#86116546033
0t
0s
0r
1y
0c
0i
#86116546434
1t
0s
0r
1y
0c
0i
#86116547069
0t
0s
0r
1y
0c
0i
#86116547472
1t
0s
0r
1y
0c
0i
#86116548109
0t
0s
0r
1y
0c
0i
#86116548511
1t
0s
0r
1y
0c
0i
#86116549150
0t
0s
0r
1y
0c
0i
#86116549552
1t
0s
0r
1y
0c
0i
#86116550186
0t
0s
0r
1y
0c
0i
#86116550590
1t
0s
0r
1y
0c
0i
#86116551225
0t
0s
0r
1y
0c
0i
#86116551629
1t
0s
0r
1y
0c
0i
#86116552267
0t
0s
0r
1y
0c
0i
#86116552670
1t
0s
0r
1y
0c
0i
#86116553304
0t
0s
0r
1y
0c
0i
#86116553708
1t
0s
0r
1y
0c
0i
#86116554344
0t
0s
0r
1y
0c
0i
#86116554747
1t
0s
0r
1y
0c
0i
#86116555385
0t
0s
0r
1y
0c
0i
#86116555790
1t
0s
0r
1y
0c
0i
#86116556424
0t
0s
0r
1y
0c
0i
#86116556829
1t
0s
0r
1y
0c
0i
#86116557466
0t
0s
0r
1y
1c
0i
#86116557871
1t
0s
0r
1y
1c
0i
#86116558512
0t
0s
0r
1y
1c
0i
#86116558916
1t
0s
0r
1y
1c
1i
#86116559554
0t
0s
0r
1y
1c
1i
#86116559960
1t
0s
0r
1y
1c
1i
#86116560600
0t
0s
0r
1y
1c
1i
#86116561006
1t
0s
0r
1y
1c
1i
#86116561650
0t
0s
0r
1y
1c
0i
#86116562054
1t
0s
0r
1y
1c
0i
#86116562694
0t
0s
0r
1y
1c
0i
#86116563100
1t
0s
0r
1y
1c
0i
#86116563741
0t
0s
0r
1y
1c
0i
#86116564146
1t
0s
0r
1y
1c
0i
#86116564789
0t
0s
0r
1y
1c
0i
#86116565194
1t
0s
0r
1y
1c
0i
#86116565832
0t
0s
0r
1y
1c
0i
#86116566240
1t
0s
0r
1y
1c
0i
#86116566878
0t
0s
0r
1y
1c
0i
#86116567285
1t
0s
0r
1y
1c
0i
#86116567927
0t
0s
0r
1y
1c
0i
#86116568333
1t
0s
0r
1y
1c
0i
#86116568971
0t
0s
0r
1y
1c
0i
#86116569378
1t
0s
0r
1y
1c
0i
#86116570017
0t
0s
0r
1y
1c
0i
#86116570424
1t
0s
0r
1y
1c
0i
#86116571064
0t
0s
0r
1y
1c
0i
#86116571471
1t
0s
0r
1y
1c
0i
#86116572108
0t
0s
0r
1y
1c
0i
#86116572516
1t
0s
0r
1y
1c
0i
#86116573153
0t
0s
0r
1y
1c
0i
#86116573560
1t
0s
0r
1y
1c
0i
#86116574201
0t
0s
0r
1y
1c
0i
#86116574607
1t
0s
0r
1y
1c
0i
#86116576267
0t
0s
0r
1y
1c
0i
#86116577435
1t
0s
0r
1y
1c
0i
#86116578389
0t
0s
0r
1y
1c
0i
#86116578783
1t
0s
0r
1y
1c
0i
#86116579424
0t
0s
0r
1y
1c
0i
#86116579829
1t
0s
0r
1y
1c
0i
#86116580468
0t
0s
0r
1y
1c
0i
#86116580873
1t
0s
0r
1y
1c
0i
#86116581512
0t
0s
0r
1y
1c
0i
#86116581918
1t
0s
0r
1y
1c
0i
#86116582557
0t
0s
0r
1y
1c
0i
#86116582962
1t
0s
0r
1y
1c
0i
#86116583603
0t
0s
0r
1y
1c
0i
#86116584006
1t
0s
0r
1y
1c
0i
#86116584643
0t
0s
0r
1y
1c
0i
#86116585048
1t
0s
0r
1y
1c
0i
#86116585687
0t
0s
0r
1y
1c
0i
#86116586091
1t
0s
0r
1y
1c
0i
#86116586731
0t
0s
0r
1y
1c
0i
#86116587137
1t
0s
0r
1y
1c
0i
#86116587774
0t
0s
0r
1y
1c
0i
#86116588180
1t
0s
0r
1y
1c
0i
#86116588819
0t
0s
0r
1y
0c
0i
#86116589225
1t
0s
0r
1y
0c
0i
#86116589868
0t
0s
0r
1y
0c
0i
#86116590272
1t
0s
0r
1y
0c
1i
#86116590913
0t
0s
0r
1y
0c
1i
#86116591319
1t
0s
0r
1y
0c
1i
#86116591962
0t
0s
0r
1y
0c
1i
#86116592369
1t
0s
0r
1y
0c
1i
#86116593014
0t
0s
0r
1y
0c
0i
#86116593419
1t
0s
0r
1y
0c
0i
#86116594060
0t
0s
0r
1y
0c
0i
#86116594467
1t
0s
0r
1y
0c
0i
#86116595110
0t
0s
0r
1y
0c
0i
#86116595515
1t
0s
0r
1y
0c
0i
#86116596160
0t
0s
0r
1y
0c
0i
#86116596565
1t
0s
0r
1y
0c
0i
#86116597205
0t
0s
0r
1y
0c
0i
#86116597612
1t
0s
0r
1y
0c
0i
#86116598253
0t
0s
0r
1y
0c
0i
#86116598659
1t
0s
0r
1y
0c
0i
#86116599304
0t
0s
0r
1y
0c
0i
#86116599707
1t
0s
0r
1y
0c
0i
#86116600348
0t
0s
0r
1y
0c
0i
#86116600753
1t
0s
0r
1y
0c
0i
#86116601395
0t
0s
0r
1y
0c
0i
#86116601799
1t
0s
0r
1y
0c
0i
#86116602444
0t
0s
0r
1y
0c
0i
#86116602846
1t
0s
0r
1y
0c
0i
#86116603486
0t
0s
0r
1y
0c
0i
#86116603889
1t
0s
0r
1y
0c
0i
#86116604531
0t
0s
0r
1y
0c
0i
#86116604934
1t
0s
0r
1y
0c
0i
#86116605577
0t
0s
0r
1y
0c
0i
#86116605979
1t
0s
0r
1y
0c
0i
#86116606619
0t
0s
0r
1y
0c
0i
#86116607024
1t
0s
0r
1y
0c
0i
#86116607663
0t
0s
0r
1y
0c
0i
#86116608069
1t
0s
0r
1y
0c
0i
#86116608711
0t
0s
0r
1y
0c
0i
#86116609115
1t
0s
0r
1y
0c
0i
#86116609752
0t
0s
0r
1y
0c
0i
#86116610158
1t
0s
0r
1y
0c
0i
#86116610797
0t
0s
0r
1y
0c
0i
#86116611202
1t
0s
0r
1y
0c
0i
#86116611844
0t
0s
0r
1y
0c
0i
#86116612247
1t
0s
0r
1y
0c
0i
#86116612885
0t
0s
0r
1y
0c
0i
#86116613290
1t
0s
0r
1y
0c
0i
#86116613928
0t
0s
0r
1y
0c
0i
#86116614334
1t
0s
0r
1y
0c
0i
#86116614975
0t
0s
0r
1y
0c
0i
#86116615378
1t
0s
0r
1y
0c
0i
#86116616015
0t
0s
0r
1y
0c
0i
#86116616420
1t
0s
0r
1y
0c
0i
#86116617059
0t
0s
0r
1y
0c
0i
#86116617463
1t
0s
0r
1y
0c
0i
#86116618104
0t
0s
0r
1y
0c
0i
#86116618509
1t
0s
0r
1y
0c
0i
#86116619146
0t
0s
0r
1y
0c
0i
#86116619553
1t
0s
0r
1y
0c
0i
#86116620192
0t
0s
0r
1y
1c
0i
#86116620598
1t
0s
0r
1y
1c
0i
#86116621241
0t
0s
0r
1y
1c
0i
#86116621647
1t
0s
0r
1y
1c
1i
#86116622287
0t
0s
0r
1y
1c
1i
#86116622695
1t
0s
0r
1y
1c
1i
#86116623338
0t
0s
0r
1y
1c
1i
#86116623745
1t
0s
0r
1y
1c
1i
#86116624392
0t
0s
0r
1y
1c
0i
#86116624798
1t
0s
0r
1y
1c
0i
#86116625440
0t
0s
0r
1y
1c
0i
#86116625848
1t
0s
0r
1y
1c
0i
#86116626492
0t
0s
0r
1y
1c
0i
#86116626898
1t
0s
0r
1y
1c
0i
#86116627545
0t
0s
0r
1y
1c
0i
#86116627951
1t
0s
0r
1y
1c
0i
#86116628591
0t
0s
0r
1y
1c
0i
#86116629001
1t
0s
0r
1y
1c
0i
#86116629642
0t
0s
0r
1y
1c
0i
#86116630051
1t
0s
0r
1y
1c
0i
#86116630695
0t
0s
0r
1y
1c
0i
#86116631102
1t
0s
0r
1y
1c
0i
#86116631742
0t
0s
0r
1y
1c
0i
#86116632150
1t
0s
0r
1y
1c
0i
#86116632791
0t
0s
0r
1y
1c
0i
#86116633199
1t
0s
0r
1y
1c
0i
#86116633841
0t
0s
0r
1y
1c
0i
#86116634249
1t
0s
0r
1y
1c
0i
#86116634887
0t
0s
0r
1y
1c
0i
#86116635296
1t
0s
0r
1y
1c
0i
#86116635935
0t
0s
0r
1y
1c
0i
#86116636343
1t
0s
0r
1y
1c
0i
#86116636985
0t
0s
0r
1y
1c
0i
#86116637392
1t
0s
0r
1y
1c
0i
#86116639055
0t
0s
0r
1y
1c
0i
#86116640226
1t
0s
0r
1y
1c
0i
#86116641182
0t
0s
0r
1y
1c
0i
#86116641577
1t
0s
0r
1y
1c
0i
#86116642220
0t
0s
0r
1y
1c
0i
#86116642625
1t
0s
0r
1y
1c
0i
#86116643266
0t
0s
0r
1y
1c
0i
#86116643671
1t
0s
0r
1y
1c
0i
#86116644311
0t
0s
0r
1y
1c
0i
#86116644718
1t
0s
0r
1y
1c
0i
#86116645358
0t
0s
0r
1y
1c
0i
#86116645763
1t
0s
0r
1y
1c
0i
#86116646405
0t
0s
0r
1y
1c
0i
#86116646809
1t
0s
0r
1y
1c
0i
#86116647447
0t
0s
0r
1y
1c
0i
#86116647853
1t
0s
0r
1y
1c
0i
#86116648493
0t
0s
0r
1y
1c
0i
#86116648897
1t
0s
0r
1y
1c
0i
#86116649539
0t
0s
0r
1y
1c
0i
#86116649945
1t
0s
0r
1y
1c
0i
#86116650583
0t
0s
0r
1y
1c
0i
#86116650990
1t
0s
0r
1y
1c
0i
#86116651631
0t
0s
0r
1y
0c
0i
#86116652037
1t
0s
0r
1y
0c
0i
#86116652682
0t
0s
0r
1y
0c
0i
#86116653087
1t
0s
0r
1y
0c
1i
#86116653730
0t
0s
0r
1y
0c
1i
#86116654137
1t
0s
0r
1y
0c
1i
#86116654781
0t
0s
0r
1y
0c
1i
#86116655188
1t
0s
0r
1y
0c
1i
#86116655232
1t
0s
1r
1y
0c
1i
#86116655235
1t
0s
0r
1y
0c
1i
#86116655835
0t
0s
0r
1y
0c
0i
#86116656242
1t
0s
0r
1y
0c
0i
#86116656885
0t
0s
0r
1y
0c
0i
#86116657292
1t
0s
0r
1y
0c
0i
#86116657937
0t
0s
0r
1y
0c
0i
#86116658343
1t
0s
0r
1y
0c
0i
#86116658991
0t
0s
0r
1y
0c
0i
#86116659396
1t
0s
0r
1y
0c
0i
#86116660039
0t
0s
0r
1y
0c
0i
#86116660447
1t
0s
0r
1y
0c
0i
#86116661091
0t
0s
0r
1y
0c
0i
#86116661498
1t
0s
0r
1y
0c
0i
#86116662146
0t
0s
0r
1y
0c
0i
#86116662551
1t
0s
0r
1y
0c
0i
#86116663196
0t
0s
0r
1y
0c
0i
#86116663603
1t
0s
0r
1y
0c
0i
#86116664250
0t
0s
0r
1y
0c
0i
#86116664656
1t
0s
0r
1y
0c
0i
#86116665306
0t
0s
0r
1y
0c
0i
#86116665711
1t
0s
0r
1y
0c
0i
#86116666357
0t
0s
0r
1y
0c
0i
#86116666764
1t
0s
0r
1y
0c
0i
#86116667413
0t
0s
0r
1y
0c
0i
#86116667818
1t
0s
0r
1y
0c
0i
#86116668470
0t
0s
0r
1y
0c
0i
#86116668874
1t
0s
0r
1y
0c
0i
#86116669521
0t
0s
0r
1y
0c
0i
#86116669929
1t
0s
0r
1y
0c
0i
#86116670575
0t
0s
0r
1y
0c
0i
#86116670984
1t
0s
0r
1y
0c
0i
#86116671633
0t
0s
0r
1y
0c
0i
#86116672040
1t
0s
0r
1y
0c
0i
#86116672685
0t
0s
0r
1y
0c
0i
#86116673093
1t
0s
0r
1y
0c
0i
#86116673740
0t
0s
0r
1y
0c
0i
#86116674148
1t
0s
0r
1y
0c
0i
#86116674797
0t
0s
0r
1y
0c
0i
#86116675203
1t
0s
0r
1y
0c
0i
#86116675848
0t
0s
0r
1y
0c
0i
#86116676257
1t
0s
0r
1y
0c
0i
#86116676903
0t
0s
0r
1y
0c
0i
#86116677311
1t
0s
0r
1y
0c
0i
#86116677959
0t
0s
0r
1y
0c
0i
#86116678367
1t
0s
0r
1y
0c
0i
#86116679011
0t
0s
0r
1y
0c
0i
#86116679420
1t
0s
0r
1y
0c
0i
#86116680067
0t
0s
0r
1y
0c
0i
#86116680475
1t
0s
0r
1y
0c
0i
#86116681124
0t
0s
0r
1y
0c
0i
#86116681534
1t
0s
0r
1y
0c
0i
#86116682179
0t
0s
0r
1y
0c
0i
#86116682590
1t
0s
0r
1y
0c
0i
#86116683238
0t
0s
0r
1y
1c
0i
#86116683648
1t
0s
0r
1y
1c
0i
#86116684301
0t
0s
0r
1y
1c
0i
#86116684710
1t
0s
0r
1y
1c
1i
#86116685360
0t
0s
0r
1y
1c
1i
#86116685772
1t
0s
0r
1y
1c
1i
#86116686424
0t
0s
0r
1y
1c
1i
#86116686835
1t
0s
0r
1y
1c
1i
#86116687490
0t
0s
0r
1y
1c
0i
#86116687900
1t
0s
0r
1y
1c
0i
#86116688551
0t
0s
0r
1y
1c
0i
#86116688963
1t
0s
0r
1y
1c
0i
#86116689614
0t
0s
0r
1y
1c
0i
#86116690025
1t
0s
0r
1y
1c
0i
#86116690680
0t
0s
0r
1y
1c
0i
#86116691089
1t
0s
0r
1y
1c
0i
#86116691738
0t
0s
0r
1y
1c
0i
#86116692151
1t
0s
0r
1y
1c
0i
#86116692800
0t
0s
0r
1y
1c
0i
#86116693212
1t
0s
0r
1y
1c
0i
#86116693863
0t
0s
0r
1y
1c
0i
#86116694274
1t
0s
0r
1y
1c
0i
#86116694920
0t
0s
0r
1y
1c
0i
#86116695332
1t
0s
0r
1y
1c
0i
#86116695979
0t
0s
0r
1y
1c
0i
#86116696390
1t
0s
0r
1y
1c
0i
#86116697039
0t
0s
0r
1y
1c
0i
#86116697450
1t
0s
0r
1y
1c
0i
#86116698094
0t
0s
0r
1y
1c
0i
#86116698507
1t
0s
0r
1y
1c
0i
#86116699152
0t
0s
0r
1y
1c
0i
#86116699563
1t
0s
0r
1y
1c
0i
#86116700212
0t
0s
0r
1y
1c
0i
#86116700621
1t
0s
0r
1y
1c
0i
#86116702301
0t
0s
0r
1y
1c
0i
#86116703482
1t
0s
0r
1y
1c
0i
#86116704448
0t
0s
0r
1y
1c
0i
#86116704845
1t
0s
0r
1y
1c
0i
#86116705495
0t
0s
0r
1y
1c
0i
#86116705904
1t
0s
0r
1y
1c
0i
#86116706551
0t
0s
0r
1y
1c
0i
#86116706960
1t
0s
0r
1y
1c
0i
#86116707606
0t
0s
0r
1y
1c
0i
#86116708017
1t
0s
0r
1y
1c
0i
#86116708664
0t
0s
0r
1y
1c
0i
#86116709073
1t
0s
0r
1y
1c
0i
#86116709722
0t
0s
0r
1y
1c
0i
#86116710129
1t
0s
0r
1y
1c
0i
#86116710774
0t
0s
0r
1y
1c
0i
#86116711183
1t
0s
0r
1y
1c
0i
#86116711830
0t
0s
0r
1y
1c
0i
#86116712238
1t
0s
0r
1y
1c
0i
#86116712887
0t
0s
0r
1y
1c
0i
#86116713296
1t
0s
0r
1y
1c
0i
#86116713940
0t
0s
0r
1y
1c
0i
#86116714352
1t
0s
0r
1y
1c
0i
#86116714998
0t
0s
0r
1y
0c
0i
#86116715409
1t
0s
0r
1y
0c
0i
#86116716060
0t
0s
0r
1y
0c
0i
#86116716469
1t
0s
0r
1y
0c
1i
#86116717118
0t
0s
0r
1y
0c
1i
#86116717529
1t
0s
0r
1y
0c
1i
#86116718179
0t
0s
0r
1y
0c
1i
#86116718591
1t
0s
0r
1y
0c
1i
#86116719244
0t
0s
0r
1y
0c
0i
#86116719655
1t
0s
0r
1y
0c
0i
#86116720304
0t
0s
0r
1y
0c
0i
#86116720715
1t
0s
0r
1y
0c
0i
#86116721367
0t
0s
0r
1y
0c
0i
#86116721777
1t
0s
0r
1y
0c
0i
#86116722431
0t
0s
0r
1y
0c
0i
#86116722839
1t
0s
0r
1y
0c
0i
#86116723488
0t
0s
0r
1y
0c
0i
#86116723900
1t
0s
0r
1y
0c
0i
#86116724550
0t
0s
0r
1y
0c
0i
#86116724960
1t
0s
0r
1y
0c
0i
#86116725613
0t
0s
0r
1y
0c
0i
#86116726021
1t
0s
0r
1y
0c
0i
#86116726671
0t
0s
0r
1y
0c
0i
#86116727080
1t
0s
0r
1y
0c
0i
#86116727731
0t
0s
0r
1y
0c
0i
#86116728139
1t
0s
0r
1y
0c
0i
#86116728792
0t
0s
0r
1y
0c
0i
#86116729198
1t
0s
0r
1y
0c
0i
#86116729846
0t
0s
0r
1y
0c
0i
#86116730254
1t
0s
0r
1y
0c
0i
#86116730903
0t
0s
0r
1y
0c
0i
#86116731311
1t
0s
0r
1y
0c
0i
#86116731963
0t
0s
0r
1y
0c
0i
#86116732369
1t
0s
0r
1y
0c
0i
#86116733016
0t
0s
0r
1y
0c
0i
#86116733425
1t
0s
0r
1y
0c
0i
#86116734073
0t
0s
0r
1y
0c
0i
#86116734482
1t
0s
0r
1y
0c
0i
#86116735131
0t
0s
0r
1y
0c
0i
#86116735539
1t
0s
0r
1y
0c
0i
#86116736185
0t
0s
0r
1y
0c
0i
#86116736595
1t
0s
0r
1y
0c
0i
#86116737243
0t
0s
0r
1y
0c
0i
#86116737651
1t
0s
0r
1y
0c
0i
#86116738302
0t
0s
0r
1y
0c
0i
#86116738709
1t
0s
0r
1y
0c
0i
#86116739355
0t
0s
0r
1y
0c
0i
#86116739765
1t
0s
0r
1y
0c
0i
#86116740412
0t
0s
0r
1y
0c
0i
#86116740821
1t
0s
0r
1y
0c
0i
#86116741470
0t
0s
0r
1y
0c
0i
#86116741879
1t
0s
0r
1y
0c
0i
#86116742524
0t
0s
0r
1y
0c
0i
#86116742934
1t
0s
0r
1y
0c
0i
#86116743581
0t
0s
0r
1y
0c
0i
#86116743990
1t
0s
0r
1y
0c
0i
#86116744639
0t
0s
0r
1y
0c
0i
#86116745049
1t
0s
0r
1y
0c
0i
#86116745693
0t
0s
0r
1y
0c
0i
#86116746105
1t
0s
0r
1y
0c
0i
#86116746753
0t
0s
0r
1y
1c
0i
#86116747164
1t
0s
0r
1y
1c
0i
#86116747816
0t
0s
0r
1y
1c
0i
#86116748225
1t
0s
0r
1y
1c
1i
#86116748874
0t
0s
0r
1y
1c
1i
#86116749287
1t
0s
0r
1y
1c
1i
#86116749938
0t
0s
0r
1y
1c
1i
#86116750350
1t
0s
0r
1y
1c
1i
#86116751004
0t
0s
0r
1y
1c
0i
#86116751415
1t
0s
0r
1y
1c
0i
#86116752065
0t
0s
0r
1y
1c
0i
#86116752477
1t
0s
0r
1y
1c
0i
#86116753129
0t
0s
0r
1y
1c
0i
#86116753540
1t
0s
0r
1y
1c
0i
#86116754194
0t
0s
0r
1y
1c
0i
#86116754604
1t
0s
0r
1y
1c
0i
#86116755252
0t
0s
0r
1y
1c
0i
#86116755666
1t
0s
0r
1y
1c
0i
#86116756314
0t
0s
0r
1y
1c
0i
#86116756726
1t
0s
0r
1y
1c
0i
#86116757377
0t
0s
0r
1y
1c
0i
#86116757788
1t
0s
0r
1y
1c
0i
#86116758434
0t
0s
0r
1y
1c
0i
#86116758845
1t
0s
0r
1y
1c
0i
#86116759492
0t
0s
0r
1y
1c
0i
#86116759903
1t
0s
0r
1y
1c
0i
#86116760551
0t
0s
0r
1y
1c
0i
#86116760962
1t
0s
0r
1y
1c
0i
#86116761605
0t
0s
0r
1y
1c
0i
#86116762018
1t
0s
0r
1y
1c
0i
#86116762663
0t
0s
0r
1y
1c
0i
#86116763074
1t
0s
0r
1y
1c
0i
#86116763722
0t
0s
0r
1y
1c
0i
#86116764131
1t
0s
0r
1y
1c
0i
#86116765811
0t
0s
0r
1y
1c
0i
#86116766990
1t
0s
0r
1y
1c
0i
#86116767958
0t
0s
0r
1y
1c
0i
#86116768355
1t
0s
0r
1y
1c
0i
#86116769006
0t
0s
0r
1y
1c
0i
#86116769414
1t
0s
0r
1y
1c
0i
#86116770062
0t
0s
0r
1y
1c
0i
#86116770470
1t
0s
0r
1y
1c
0i
#86116771117
0t
0s
0r
1y
1c
0i
#86116771527
1t
0s
0r
1y
1c
0i
#86116772175
0t
0s
0r
1y
1c
0i
#86116772583
1t
0s
0r
1y
1c
0i
#86116773232
0t
0s
0r
1y
1c
0i
#86116773640
1t
0s
0r
1y
1c
0i
#86116774285
0t
0s
0r
1y
1c
0i
#86116774694
1t
0s
0r
1y
1c
0i
#86116775341
0t
0s
0r
1y
1c
0i
#86116775750
1t
0s
0r
1y
1c
0i
#86116776399
0t
0s
0r
1y
1c
0i
#86116776808
1t
0s
0r
1y
1c
0i
#86116777453
0t
0s
0r
1y
1c
0i
#86116777863
1t
0s
0r
1y
1c
0i
#86116778511
0t
0s
0r
1y
0c
0i
#86116778921
1t
0s
0r
1y
0c
0i
#86116779573
0t
0s
0r
1y
0c
0i
#86116779982
1t
0s
0r
1y
0c
1i
#86116780631
0t
0s
0r
1y
0c
1i
#86116781042
1t
0s
0r
1y
0c
1i
#86116781692
0t
0s
0r
1y
0c
1i
#86116782104
1t
0s
0r
1y
0c
1i
#86116782158
1t
0s
1r
1y
0c
1i
#86116782160
1t
0s
0r
1y
0c
1i
#86116782758
0t
0s
0r
1y
0c
0i
#86116783168
1t
0s
0r
1y
0c
0i
#86116783818
0t
0s
0r
1y
0c
0i
#86116784229
1t
0s
0r
1y
0c
0i
#86116784881
0t
0s
0r
1y
0c
0i
#86116785291
1t
0s
0r
1y
0c
0i
#86116785946
0t
0s
0r
1y
0c
0i
#86116786354
1t
0s
0r
1y
0c
0i
#86116787004
0t
0s
0r
1y
0c
0i
#86116787416
1t
0s
0r
1y
0c
0i
#86116788066
0t
0s
0r
1y
0c
0i
#86116788477
1t
0s
0r
1y
0c
0i
#86116789130
0t
0s
0r
1y
0c
0i
#86116789539
1t
0s
0r
1y
0c
0i
#86116790190
0t
0s
0r
1y
0c
0i
#86116790599
1t
0s
0r
1y
0c
0i
#86116791251
0t
0s
0r
1y
0c
0i
#86116791659
1t
0s
0r
1y
0c
0i
#86116792314
0t
0s
0r
1y
0c
0i
#86116792721
1t
0s
0r
1y
0c
0i
#86116793370
0t
0s
0r
1y
0c
0i
#86116793779
1t
0s
0r
1y
0c
0i
#86116794430
0t
0s
0r
1y
0c
0i
#86116794838
1t
0s
0r
1y
0c
0i
#86116795492
0t
0s
0r
1y
0c
0i
#86116795898
1t
0s
0r
1y
0c
0i
#86116796548
0t
0s
0r
1y
0c
0i
#86116796956
1t
0s
0r
1y
0c
0i
#86116797606
0t
0s
0r
1y
0c
0i
#86116798016
1t
0s
0r
1y
0c
0i
#86116798668
0t
0s
0r
1y
0c
0i
#86116799077
1t
0s
0r
1y
0c
0i
#86116799725
0t
0s
0r
1y
0c
0i
#86116800135
1t
0s
0r
1y
0c
0i
#86116800786
0t
0s
0r
1y
0c
0i
#86116801195
1t
0s
0r
1y
0c
0i
#86116801848
0t
0s
0r
1y
0c
0i
#86116802256
1t
0s
0r
1y
0c
0i
#86116802904
0t
0s
0r
1y
0c
0i
#86116803315
1t
0s
0r
1y
0c
0i
#86116803964
0t
0s
0r
1y
0c
0i
#86116804374
1t
0s
0r
1y
0c
0i
#86116805025
0t
0s
0r
1y
0c
0i
#86116805434
1t
0s
0r
1y
0c
0i
#86116806082
0t
0s
0r
1y
0c
0i
#86116806493
1t
0s
0r
1y
0c
0i
#86116807142
0t
0s
0r
1y
0c
0i
#86116807552
1t
0s
0r
1y
0c
0i
#86116808204
0t
0s
0r
1y
0c
0i
#86116808615
1t
0s
0r
1y
0c
0i
#86116809262
0t
0s
0r
1y
0c
0i
#86116809675
1t
0s
0r
1y
0c
0i
#86116810325
0t
0s
0r
1y
1c
0i
#86116810737
1t
0s
0r
1y
1c
0i
#86116811391
0t
0s
0r
1y
1c
0i
#86116811802
1t
0s
0r
1y
1c
1i
#86116812454
0t
0s
0r
1y
1c
1i
#86116812867
1t
0s
0r
1y
1c
1i
#86116813521
0t
0s
0r
1y
1c
1i
#86116813934
1t
0s
0r
1y
1c
1i
#86116814591
0t
0s
0r
1y
1c
0i
#86116815003
1t
0s
0r
1y
1c
0i
#86116815655
0t
0s
0r
1y
1c
0i
#86116816069
1t
0s
0r
1y
1c
0i
#86116816723
0t
0s
0r
1y
1c
0i
#86116817136
1t
0s
0r
1y
1c
0i
#86116817791
0t
0s
0r
1y
1c
0i
#86116818203
1t
0s
0r
1y
1c
0i
#86116818854
0t
0s
0r
1y
1c
0i
#86116819269
1t
0s
0r
1y
1c
0i
#86116819920
0t
0s
0r
1y
1c
0i
#86116820334
1t
0s
0r
1y
1c
0i
#86116820988
0t
0s
0r
1y
1c
0i
#86116821400
1t
0s
0r
1y
1c
0i
#86116822049
0t
0s
0r
1y
1c
0i
#86116822463
1t
0s
0r
1y
1c
0i
#86116823113
0t
0s
0r
1y
1c
0i
#86116823525
1t
0s
0r
1y
1c
0i
#86116824177
0t
0s
0r
1y
1c
0i
#86116824590
1t
0s
0r
1y
1c
0i
#86116825236
0t
0s
0r
1y
1c
0i
#86116825651
1t
0s
0r
1y
1c
0i
#86116826299
0t
0s
0r
1y
1c
0i
#86116826712
1t
0s
0r
1y
1c
0i
#86116827363
0t
0s
0r
1y
1c
0i
#86116827775
1t
0s
0r
1y
1c
0i
#86116829463
0t
0s
0r
1y
1c
0i
#86116830648
1t
0s
0r
1y
1c
0i
#86116831620
0t
0s
0r
1y
1c
0i
#86116832019
1t
0s
0r
1y
1c
0i
#86116832673
0t
0s
0r
1y
1c
0i
#86116833082
1t
0s
0r
1y
1c
0i
#86116833734
0t
0s
0r
1y
1c
0i
#86116834144
1t
0s
0r
1y
1c
0i
#86116834793
0t
0s
0r
1y
1c
0i
#86116835206
1t
0s
0r
1y
1c
0i
#86116835855
0t
0s
0r
1y
1c
0i
#86116836266
1t
0s
0r
1y
1c
0i
#86116836918
0t
0s
0r
1y
1c
0i
#86116837327
1t
0s
0r
1y
1c
0i
#86116837976
0t
0s
0r
1y
1c
0i
#86116838386
1t
0s
0r
1y
1c
0i
#86116839036
0t
0s
0r
1y
1c
0i
#86116839446
1t
0s
0r
1y
1c
0i
#86116840097
0t
0s
0r
1y
1c
0i
#86116840508
1t
0s
0r
1y
1c
0i
#86116841156
0t
0s
0r
1y
0c
0i
#86116841568
1t
0s
0r
1y
0c
0i
#86116842219
0t
0s
0r
1y
0c
0i
#86116842630
1t
0s
0r
1y
0c
0i
#86116843285
0t
0s
0r
1y
0c
0i
#86116843696
1t
0s
0r
1y
0c
1i
#86116844348
0t
0s
0r
1y
0c
1i
#86116844760
1t
0s
0r
1y
0c
1i
#86116845414
0t
0s
0r
1y
0c
1i
#86116845827
1t
0s
0r
1y
0c
1i
#86116846484
0t
0s
0r
1y
0c
0i
#86116846896
1t
0s
0r
1y
0c
0i
#86116847549
0t
0s
0r
1y
0c
0i
#86116847962
1t
0s
0r
1y
0c
0i
#86116848617
0t
0s
0r
1y
0c
0i
#86116849028
1t
0s
0r
1y
0c
0i
#86116849685
0t
0s
0r
1y
0c
0i
#86116850095
1t
0s
0r
1y
0c
0i
#86116850746
0t
0s
0r
1y
0c
0i
#86116851159
1t
0s
0r
1y
0c
0i
#86116851810
0t
0s
0r
1y
0c
0i
#86116852221
1t
0s
0r
1y
0c
0i
#86116852874
0t
0s
0r
1y
0c
0i
#86116853282
1t
0s
0r
1y
0c
0i
#86116853931
0t
0s
0r
1y
0c
0i
#86116854340
1t
0s
0r
1y
0c
0i
#86116854990
0t
0s
0r
1y
0c
0i
#86116855398
1t
0s
0r
1y
0c
0i
#86116856049
0t
0s
0r
1y
0c
0i
#86116856455
1t
0s
0r
1y
0c
0i
#86116857103
0t
0s
0r
1y
0c
0i
#86116857510
1t
0s
0r
1y
0c
0i
#86116858159
0t
0s
0r
1y
0c
0i
#86116858566
1t
0s
0r
1y
0c
0i
#86116859218
0t
0s
0r
1y
0c
0i
#86116859624
1t
0s
0r
1y
0c
0i
#86116860272
0t
0s
0r
1y
0c
0i
#86116860680
1t
0s
0r
1y
0c
0i
#86116861329
0t
0s
0r
1y
0c
0i
#86116861738
1t
0s
0r
1y
0c
0i
#86116862388
0t
0s
0r
1y
0c
0i
#86116862797
1t
0s
0r
1y
0c
0i
#86116863443
0t
0s
0r
1y
0c
0i
#86116863853
1t
0s
0r
1y
0c
0i
#86116864501
0t
0s
0r
1y
0c
0i
#86116864910
1t
0s
0r
1y
0c
0i
#86116865561
0t
0s
0r
1y
0c
0i
#86116865968
1t
0s
0r
1y
0c
0i
#86116866615
0t
0s
0r
1y
0c
0i
#86116867025
1t
0s
0r
1y
0c
0i
#86116867672
0t
0s
0r
1y
0c
0i
#86116868081
1t
0s
0r
1y
0c
0i
#86116868731
0t
0s
0r
1y
0c
0i
#86116869139
1t
0s
0r
1y
0c
0i
#86116869784
0t
0s
0r
1y
0c
0i
#86116870194
1t
0s
0r
1y
0c
0i
#86116870840
0t
0s
0r
1y
0c
0i
#86116871250
1t
0s
0r
1y
0c
0i
#86116871899
0t
0s
0r
1y
0c
0i
#86116872309
1t
0s
0r
1y
0c
0i
#86116872954
0t
0s
0r
1y
0c
0i
#86116873366
1t
0s
0r
1y
0c
0i
#86116874014
0t
0s
0r
1y
1c
0i
#86116874425
1t
0s
0r
1y
1c
0i
#86116875078
0t
0s
0r
1y
1c
0i
#86116875488
1t
0s
0r
1y
1c
1i
#86116876138
0t
0s
0r
1y
1c
1i
#86116876550
1t
0s
0r
1y
1c
1i
#86116877203
0t
0s
0r
1y
1c
1i
#86116877615
1t
0s
0r
1y
1c
1i
#86116878271
0t
0s
0r
1y
1c
0i
#86116878682
1t
0s
0r
1y
1c
0i
#86116879334
0t
0s
0r
1y
1c
0i
#86116879746
1t
0s
0r
1y
1c
0i
#86116880399
0t
0s
0r
1y
1c
0i
#86116880811
1t
0s
0r
1y
1c
0i
#86116881467
0t
0s
0r
1y
1c
0i
#86116881877
1t
0s
0r
1y
1c
0i
#86116882526
0t
0s
0r
1y
1c
0i
#86116882940
1t
0s
0r
1y
1c
0i
#86116883589
0t
0s
0r
1y
1c
0i
#86116884002
1t
0s
0r
1y
1c
0i
#86116884653
0t
0s
0r
1y
1c
0i
#86116885064
1t
0s
0r
1y
1c
0i
#86116885709
0t
0s
0r
1y
1c
0i
#86116886121
1t
0s
0r
1y
1c
0i
#86116886767
0t
0s
0r
1y
1c
0i
#86116887178
1t
0s
0r
1y
1c
0i
#86116887825
0t
0s
0r
1y
1c
0i
#86116888235
1t
0s
0r
1y
1c
0i
#86116888878
0t
0s
0r
1y
1c
0i
#86116889289
1t
0s
0r
1y
1c
0i
#86116889933
0t
0s
0r
1y
1c
0i
#86116890343
1t
0s
0r
1y
1c
0i
#86116890989
0t
0s
0r
1y
1c
0i
#86116891399
1t
0s
0r
1y
1c
0i
#86116893075
0t
0s
0r
1y
1c
0i
#86116894254
1t
0s
0r
1y
1c
0i
#86116895218
0t
0s
0r
1y
1c
0i
#86116895615
1t
0s
0r
1y
1c
0i
#86116896263
0t
0s
0r
1y
1c
0i
#86116896671
1t
0s
0r
1y
1c
0i
#86116897317
0t
0s
0r
1y
1c
0i
#86116897726
1t
0s
0r
1y
1c
0i
#86116898372
0t
0s
0r
1y
1c
0i
#86116898781
1t
0s
0r
1y
1c
0i
#86116899427
0t
0s
0r
1y
1c
0i
#86116899835
1t
0s
0r
1y
1c
0i
#86116900483
0t
0s
0r
1y
1c
0i
#86116900890
1t
0s
0r
1y
1c
0i
#86116901534
0t
0s
0r
1y
1c
0i
#86116901942
1t
0s
0r
1y
1c
0i
#86116902588
0t
0s
0r
1y
1c
0i
#86116902996
1t
0s
0r
1y
1c
0i
#86116903643
0t
0s
0r
1y
1c
0i
#86116904052
1t
0s
0r
1y
1c
0i
#86116904696
0t
0s
0r
1y
1c
0i
#86116905106
1t
0s
0r
1y
1c
0i
#86116905752
0t
0s
0r
1y
0c
0i
#86116906161
1t
0s
0r
1y
0c
0i
#86116906812
0t
0s
0r
1y
0c
0i
#86116907220
1t
0s
0r
1y
0c
1i
#86116907868
0t
0s
0r
1y
0c
1i
#86116908279
1t
0s
0r
1y
0c
1i
#86116908928
0t
0s
0r
1y
0c
1i
#86116909339
1t
0s
0r
1y
0c
1i
#86116909461
1t
0s
1r
1y
0c
1i
#86116909464
1t
0s
0r
1y
0c
1i
#86116909992
0t
0s
0r
1y
0c
0i
#86116910402
1t
0s
0r
1y
0c
0i
#86116911051
0t
0s
0r
1y
0c
0i
#86116911462
1t
0s
0r
1y
0c
0i
#86116912113
0t
0s
0r
1y
0c
0i
#86116912522
1t
0s
0r
1y
0c
0i
#86116913176
0t
0s
0r
1y
0c
0i
#86116913584
1t
0s
0r
1y
0c
0i
#86116914233
0t
0s
0r
1y
0c
0i
#86116914644
1t
0s
0r
1y
0c
0i
#86116915293
0t
0s
0r
1y
0c
0i
#86116915703
1t
0s
0r
1y
0c
0i
#86116916355
0t
0s
0r
1y
0c
0i
#86116916763
1t
0s
0r
1y
0c
0i
#86116917412
0t
0s
0r
1y
0c
0i
#86116917820
1t
0s
0r
1y
0c
0i
#86116918469
0t
0s
0r
1y
0c
0i
#86116918877
1t
0s
0r
1y
0c
0i
#86116919529
0t
0s
0r
1y
0c
0i
#86116919934
1t
0s
0r
1y
0c
0i
#86116920581
0t
0s
0r
1y
0c
0i
#86116920988
1t
0s
0r
1y
0c
0i
#86116921636
0t
0s
0r
1y
0c
0i
#86116922042
1t
0s
0r
1y
0c
0i
#86116922693
0t
0s
0r
1y
0c
0i
#86116923098
1t
0s
0r
1y
0c
0i
#86116923746
0t
0s
0r
1y
0c
0i
#86116924153
1t
0s
0r
1y
0c
0i
#86116924800
0t
0s
0r
1y
0c
0i
#86116925209
1t
0s
0r
1y
0c
0i
#86116925858
0t
0s
0r
1y
0c
0i
#86116926265
1t
0s
0r
1y
0c
0i
#86116926911
0t
0s
0r
1y
0c
0i
#86116927320
1t
0s
0r
1y
0c
0i
#86116927967
0t
0s
0r
1y
0c
0i
#86116928375
1t
0s
0r
1y
0c
0i
#86116929025
0t
0s
0r
1y
0c
0i
#86116929432
1t
0s
0r
1y
0c
0i
#86116930078
0t
0s
0r
1y
0c
0i
#86116930488
1t
0s
0r
1y
0c
0i
#86116931134
0t
0s
0r
1y
0c
0i
#86116931544
1t
0s
0r
1y
0c
0i
#86116932193
0t
0s
0r
1y
0c
0i
#86116932601
1t
0s
0r
1y
0c
0i
#86116933247
0t
0s
0r
1y
0c
0i
#86116933656
1t
0s
0r
1y
0c
0i
#86116934303
0t
0s
0r
1y
0c
0i
#86116934712
1t
0s
0r
1y
0c
0i
#86116935362
0t
0s
0r
1y
0c
0i
#86116935772
1t
0s
0r
1y
0c
0i
#86116936417
0t
0s
0r
1y
0c
0i
#86116936829
1t
0s
0r
1y
0c
0i
#86116937477
0t
0s
0r
1y
1c
0i
#86116937888
1t
0s
0r
1y
1c
0i
#86116938541
0t
0s
0r
1y
1c
0i
#86116938951
1t
0s
0r
1y
1c
1i
#86116939601
0t
0s
0r
1y
1c
1i
#86116940013
1t
0s
0r
1y
1c
1i
#86116940666
0t
0s
0r
1y
1c
1i
#86116941078
1t
0s
0r
1y
1c
1i
#86116941734
0t
0s
0r
1y
1c
0i
#86116942144
1t
0s
0r
1y
1c
0i
#86116942795
0t
0s
0r
1y
1c
0i
#86116943207
1t
0s
0r
1y
1c
0i
#86116943860
0t
0s
0r
1y
1c
0i
#86116944271
1t
0s
0r
1y
1c
0i
#86116944926
0t
0s
0r
1y
1c
0i
#86116945336
1t
0s
0r
1y
1c
0i
#86116945985
0t
0s
0r
1y
1c
0i
#86116946398
1t
0s
0r
1y
1c
0i
#86116947047
0t
0s
0r
1y
1c
0i
#86116947460
1t
0s
0r
1y
1c
0i
#86116948111
0t
0s
0r
1y
1c
0i
#86116948522
1t
0s
0r
1y
1c
0i
#86116949168
0t
0s
0r
1y
1c
0i
#86116949580
1t
0s
0r
1y
1c
0i
#86116950227
0t
0s
0r
1y
1c
0i
#86116950638
1t
0s
0r
1y
1c
0i
#86116951285
0t
0s
0r
1y
1c
0i
#86116951696
1t
0s
0r
1y
1c
0i
#86116952339
0t
0s
0r
1y
1c
0i
#86116952752
1t
0s
0r
1y
1c
0i
#86116953396
0t
0s
0r
1y
1c
0i
#86116953807
1t
0s
0r
1y
1c
0i
#86116954454
0t
0s
0r
1y
1c
0i
#86116954863
1t
0s
0r
1y
1c
0i
#86116956540
0t
0s
0r
1y
1c
0i
#86116957721
1t
0s
0r
1y
1c
0i
#86116958686
0t
0s
0r
1y
1c
0i
#86116959083
1t
0s
0r
1y
1c
0i
#86116959732
0t
0s
0r
1y
1c
0i
#86116960140
1t
0s
0r
1y
1c
0i
#86116960787
0t
0s
0r
1y
1c
0i
#86116961195
1t
0s
0r
1y
1c
0i
#86116961842
0t
0s
0r
1y
1c
0i
#86116962252
1t
0s
0r
1y
1c
0i
#86116962898
0t
0s
0r
1y
1c
0i
#86116963307
1t
0s
0r
1y
1c
0i
#86116963955
0t
0s
0r
1y
1c
0i
#86116964362
1t
0s
0r
1y
1c
0i
#86116965007
0t
0s
0r
1y
1c
0i
#86116965416
1t
0s
0r
1y
1c
0i
#86116966062
0t
0s
0r
1y
1c
0i
#86116966470
1t
0s
0r
1y
1c
0i
#86116967118
0t
0s
0r
1y
1c
0i
#86116967528
1t
0s
0r
1y
1c
0i
#86116968172
0t
0s
0r
1y
1c
0i
#86116968582
1t
0s
0r
1y
1c
0i
#86116969229
0t
0s
0r
1y
0c
0i
#86116969639
1t
0s
0r
1y
0c
0i
#86116970290
0t
0s
0r
1y
0c
0i
#86116970698
1t
0s
0r
1y
0c
1i
#86116971347
0t
0s
0r
1y
0c
1i
#86116971757
1t
0s
0r
1y
0c
1i
#86116972407
0t
0s
0r
1y
0c
1i
#86116972818
1t
0s
0r
1y
0c
1i
#86116973472
0t
0s
0r
1y
0c
0i
#86116973881
1t
0s
0r
1y
0c
0i
#86116974530
0t
0s
0r
1y
0c
0i
#86116974942
1t
0s
0r
1y
0c
0i
#86116975592
0t
0s
0r
1y
0c
0i
#86116976002
1t
0s
0r
1y
0c
0i
#86116976655
0t
0s
0r
1y
0c
0i
#86116977063
1t
0s
0r
1y
0c
0i
#86116977711
0t
0s
0r
1y
0c
0i
#86116978122
1t
0s
0r
1y
0c
0i
#86116978771
0t
0s
0r
1y
0c
0i
#86116979180
1t
0s
0r
1y
0c
0i
#86116979830
0t
0s
0r
1y
0c
0i
#86116980237
1t
0s
0r
1y
0c
0i
#86116980885
0t
0s
0r
1y
0c
0i
#86116981293
1t
0s
0r
1y
0c
0i
#86116981940
0t
0s
0r
1y
0c
0i
#86116982347
1t
0s
0r
1y
0c
0i
#86116982997
0t
0s
0r
1y
0c
0i
#86116983402
1t
0s
0r
1y
0c
0i
#86116984047
0t
0s
0r
1y
0c
0i
#86116984454
1t
0s
0r
1y
0c
0i
#86116985101
0t
0s
0r
1y
0c
0i
#86116985507
1t
0s
0r
1y
0c
0i
#86116986156
0t
0s
0r
1y
0c
0i
#86116986561
1t
0s
0r
1y
0c
0i
#86116987207
0t
0s
0r
1y
0c
0i
#86116987614
1t
0s
0r
1y
0c
0i
#86116988259
0t
0s
0r
1y
0c
0i
#86116988668
1t
0s
0r
1y
0c
0i
#86116989317
0t
0s
0r
1y
0c
0i
#86116989723
1t
0s
0r
1y
0c
0i
#86116990367
0t
0s
0r
1y
0c
0i
#86116990776
1t
0s
0r
1y
0c
0i
#86116991422
0t
0s
0r
1y
0c
0i
#86116991829
1t
0s
0r
1y
0c
0i
#86116992478
0t
0s
0r
1y
0c
0i
#86116992884
1t
0s
0r
1y
0c
0i
#86116993528
0t
0s
0r
1y
0c
0i
#86116993937
1t
0s
0r
1y
0c
0i
#86116994582
0t
0s
0r
1y
0c
0i
#86116994990
1t
0s
0r
1y
0c
0i
#86116995638
0t
0s
0r
1y
0c
0i
#86116996045
1t
0s
0r
1y
0c
0i
#86116996688
0t
0s
0r
1y
0c
0i
#86116997097
1t
0s
0r
1y
0c
0i
#86116997741
0t
0s
0r
1y
0c
0i
#86116998150
1t
0s
0r
1y
0c
0i
#86116998797
0t
0s
0r
1y
0c
0i
#86116999206
1t
0s
0r
1y
0c
0i
#86116999849
0t
0s
0r
1y
0c
0i
#86117000259
1t
0s
0r
1y
0c
0i
#86117000905
0t
0s
0r
1y
1c
0i
#86117001315
1t
0s
0r
1y
1c
0i
#86117001964
0t
0s
0r
1y
1c
0i
#86117002373
1t
0s
0r
1y
1c
1i
#86117003021
0t
0s
0r
1y
1c
1i
#86117003432
1t
0s
0r
1y
1c
1i
#86117004081
0t
0s
0r
1y
1c
1i
#86117004492
1t
0s
0r
1y
1c
1i
#86117005145
0t
0s
0r
1y
1c
0i
#86117005555
1t
0s
0r
1y
1c
0i
#86117006203
0t
0s
0r
1y
1c
0i
#86117006614
1t
0s
0r
1y
1c
0i
#86117007264
0t
0s
0r
1y
1c
0i
#86117007674
1t
0s
0r
1y
1c
0i
#86117008326
0t
0s
0r
1y
1c
0i
#86117008735
1t
0s
0r
1y
1c
0i
#86117009381
0t
0s
0r
1y
1c
0i
#86117009793
1t
0s
0r
1y
1c
0i
#86117010439
0t
0s
0r
1y
1c
0i
#86117010849
1t
0s
0r
1y
1c
0i
#86117011496
0t
0s
0r
1y
1c
0i
#86117011904
1t
0s
0r
1y
1c
0i
#86117012546
0t
0s
0r
1y
1c
0i
#86117012955
1t
0s
0r
1y
1c
0i
#86117013596
0t
0s
0r
1y
1c
0i
#86117014004
1t
0s
0r
1y
1c
0i
#86117014646
0t
0s
0r
1y
1c
0i
#86117015054
1t
0s
0r
1y
1c
0i
#86117015692
0t
0s
0r
1y
1c
0i
#86117016101
1t
0s
0r
1y
1c
0i
#86117016740
0t
0s
0r
1y
1c
0i
#86117017148
1t
0s
0r
1y
1c
0i
#86117017790
0t
0s
0r
1y
1c
0i
#86117018197
1t
0s
0r
1y
1c
0i
#86117019863
0t
0s
0r
1y
1c
0i
#86117021035
1t
0s
0r
1y
1c
0i
#86117021994
0t
0s
0r
1y
1c
0i
#86117022389
1t
0s
0r
1y
1c
0i
#86117023034
0t
0s
0r
1y
1c
0i
#86117023440
1t
0s
0r
1y
1c
0i
#86117024082
0t
0s
0r
1y
1c
0i
#86117024488
1t
0s
0r
1y
1c
0i
#86117025130
0t
0s
0r
1y
1c
0i
#86117025538
1t
0s
0r
1y
1c
0i
#86117026180
0t
0s
0r
1y
1c
0i
#86117026587
1t
0s
0r
1y
1c
0i
#86117027230
0t
0s
0r
1y
1c
0i
#86117027635
1t
0s
0r
1y
1c
0i
#86117028275
0t
0s
0r
1y
1c
0i
#86117028682
1t
0s
0r
1y
1c
0i
#86117029324
0t
0s
0r
1y
1c
0i
#86117029729
1t
0s
0r
1y
1c
0i
#86117030373
0t
0s
0r
1y
1c
0i
#86117030780
1t
0s
0r
1y
1c
0i
#86117031419
0t
0s
0r
1y
1c
0i
#86117031827
1t
0s
0r
1y
1c
0i
#86117032469
0t
0s
0r
1y
0c
0i
#86117166639
1t
0s
0r
1y
0c
0i
#86117167284
0t
0s
0r
1y
0c
0i
#86117167692
1t
0s
0r
1y
0c
0i
#86117168338
0t
0s
0r
1y
0c
0i
#86117168746
1t
0s
0r
1y
0c
0i
#86117169395
0t
0s
0r
1y
0c
0i
#86117169800
1t
0s
0r
1y
0c
0i
#86117170446
0t
0s
0r
1y
0c
0i
#86117170853
1t
0s
0r
1y
0c
0i
#86117171501
0t
0s
0r
1y
0c
0i
#86117171907
1t
0s
0r
1y
0c
0i
#86117172557
0t
0s
0r
1y
0c
0i
#86117172961
1t
0s
0r
1y
0c
0i
#86117173607
0t
0s
0r
1y
0c
0i
#86117174014
1t
0s
0r
1y
0c
0i
#86117174661
0t
0s
0r
1y
0c
0i
#86117175067
1t
0s
0r
1y
0c
0i
#86117175717
0t
0s
0r
1y
0c
0i
#86117176121
1t
0s
0r
1y
0c
0i
#86117176768
0t
0s
0r
1y
0c
0i
#86117177175
1t
0s
0r
1y
0c
0i
#86117177821
0t
0s
0r
1y
0c
0i
#86117178229
1t
0s
0r
1y
0c
0i
#86117178877
0t
0s
0r
1y
0c
0i
#86117179284
1t
0s
0r
1y
0c
0i
#86117179928
0t
0s
0r
1y
0c
0i
#86117180336
1t
0s
0r
1y
0c
0i
#86117180982
0t
0s
0r
1y
0c
0i
#86117181389
1t
0s
0r
1y
0c
0i
#86117182038
0t
0s
0r
1y
0c
0i
#86117182444
1t
0s
0r
1y
0c
0i
#86117183087
0t
0s
0r
1y
0c
0i
#86117183496
1t
0s
0r
1y
0c
0i
#86117184141
0t
0s
0r
1y
0c
0i
#86117184550
1t
0s
0r
1y
0c
0i
#86117185197
0t
0s
0r
1y
0c
0i
#86117185604
1t
0s
0r
1y
0c
0i
#86117186248
0t
0s
0r
1y
0c
0i
#86117186657
1t
0s
0r
1y
0c
0i
#86117187302
0t
0s
0r
1y
0c
0i
#86117187711
1t
0s
0r
1y
0c
0i
#86117188358
0t
0s
0r
1y
0c
0i
#86117188768
1t
0s
0r
1y
0c
0i
#86117189411
0t
0s
0r
1y
0c
0i
#86117189822
1t
0s
0r
1y
0c
0i
#86117190469
0t
0s
0r
1y
1c
0i
#86117190879
1t
0s
0r
1y
1c
0i
#86117191530
0t
0s
0r
1y
1c
0i
#86117191939
1t
0s
0r
1y
1c
1i
#86117192587
0t
0s
0r
1y
1c
1i
#86117192999
1t
0s
0r
1y
1c
1i
#86117193649
0t
0s
0r
1y
1c
1i
#86117194060
1t
0s
0r
1y
1c
1i
#86117194714
0t
0s
0r
1y
1c
0i
#86117195124
1t
0s
0r
1y
1c
0i
#86117195772
0t
0s
0r
1y
1c
0i
#86117196184
1t
0s
0r
1y
1c
0i
#86117196835
0t
0s
0r
1y
1c
0i
#86117197245
1t
0s
0r
1y
1c
0i
#86117197898
0t
0s
0r
1y
1c
0i
#86117198307
1t
0s
0r
1y
1c
0i
#86117198954
0t
0s
0r
1y
1c
0i
#86117199367
1t
0s
0r
1y
1c
0i
#86117200014
0t
0s
0r
1y
1c
0i
#86117200426
1t
0s
0r
1y
1c
0i
#86117201076
0t
0s
0r
1y
1c
0i
#86117201486
1t
0s
0r
1y
1c
0i
#86117202131
0t
0s
0r
1y
1c
0i
#86117202542
1t
0s
0r
1y
1c
0i
#86117203188
0t
0s
0r
1y
1c
0i
#86117203598
1t
0s
0r
1y
1c
0i
#86117204245
0t
0s
0r
1y
1c
0i
#86117204655
1t
0s
0r
1y
1c
0i
#86117205297
0t
0s
0r
1y
1c
0i
#86117205709
1t
0s
0r
1y
1c
0i
#86117206353
0t
0s
0r
1y
1c
0i
#86117206763
1t
0s
0r
1y
1c
0i
#86117207410
0t
0s
0r
1y
1c
0i
#86117207819
1t
0s
0r
1y
1c
0i
#86117209495
0t
0s
0r
1y
1c
0i
#86117210675
1t
0s
0r
1y
1c
0i
#86117211639
0t
0s
0r
1y
1c
0i
#86117212036
1t
0s
0r
1y
1c
0i
#86117212685
0t
0s
0r
1y
1c
0i
#86117213093
1t
0s
0r
1y
1c
0i
#86117213740
0t
0s
0r
1y
1c
0i
#86117214148
1t
0s
0r
1y
1c
0i
#86117214794
0t
0s
0r
1y
1c
0i
#86117215204
1t
0s
0r
1y
1c
0i
#86117215850
0t
0s
0r
1y
1c
0i
#86117216258
1t
0s
0r
1y
1c
0i
#86117216907
0t
0s
0r
1y
1c
0i
#86117217314
1t
0s
0r
1y
1c
0i
#86117217958
0t
0s
0r
1y
1c
0i
#86117218367
1t
0s
0r
1y
1c
0i
#86117219012
0t
0s
0r
1y
1c
0i
#86117219420
1t
0s
0r
1y
1c
0i
#86117220068
0t
0s
0r
1y
1c
0i
#86117220477
1t
0s
0r
1y
1c
0i
#86117221121
0t
0s
0r
1y
1c
0i
#86117221531
1t
0s
0r
1y
1c
0i
#86117222178
0t
0s
0r
1y
0c
0i
#86117222587
1t
0s
0r
1y
0c
0i
#86117223238
0t
0s
0r
1y
0c
0i
#86117223646
1t
0s
0r
1y
0c
1i
#86117224294
0t
0s
0r
1y
0c
1i
#86117224704
1t
0s
0r
1y
0c
1i
#86117225354
0t
0s
0r
1y
0c
1i
#86117225765
1t
0s
0r
1y
0c
1i
#86117226418
0t
0s
0r
1y
0c
0i
#86117226827
1t
0s
0r
1y
0c
0i
#86117227476
0t
0s
0r
1y
0c
0i
#86117227887
1t
0s
0r
1y
0c
0i
#86117228537
0t
0s
0r
1y
0c
0i
#86117228946
1t
0s
0r
1y
0c
0i
#86117229599
0t
0s
0r
1y
0c
0i
#86117230007
1t
0s
0r
1y
0c
0i
#86117230655
0t
0s
0r
1y
0c
0i
#86117231065
1t
0s
0r
1y
0c
0i
#86117231713
0t
0s
0r
1y
0c
0i
#86117232122
1t
0s
0r
1y
0c
0i
#86117232772
0t
0s
0r
1y
0c
0i
#86117233178
1t
0s
0r
1y
0c
0i
#86117233824
0t
0s
0r
1y
0c
0i
#86117234231
1t
0s
0r
1y
0c
0i
#86117234877
0t
0s
0r
1y
0c
0i
#86117235283
1t
0s
0r
1y
0c
0i
#86117235931
0t
0s
0r
1y
0c
0i
#86117236335
1t
0s
0r
1y
0c
0i
#86117236979
0t
0s
0r
1y
0c
0i
#86117237385
1t
0s
0r
1y
0c
0i
#86117238030
0t
0s
0r
1y
0c
0i
#86117238435
1t
0s
0r
1y
0c
0i
#86117239083
0t
0s
0r
1y
0c
0i
#86117239487
1t
0s
0r
1y
0c
0i
#86117240131
0t
0s
0r
1y
0c
0i
#86117240537
1t
0s
0r
1y
0c
0i
#86117241181
0t
0s
0r
1y
0c
0i
#86117241589
1t
0s
0r
1y
0c
0i
#86117242236
0t
0s
0r
1y
0c
0i
#86117242642
1t
0s
0r
1y
0c
0i
#86117243285
0t
0s
0r
1y
0c
0i
#86117243693
1t
0s
0r
1y
0c
0i
#86117244337
0t
0s
0r
1y
0c
0i
#86117244744
1t
0s
0r
1y
0c
0i
#86117245392
0t
0s
0r
1y
0c
0i
#86117245797
1t
0s
0r
1y
0c
0i
#86117246439
0t
0s
0r
1y
0c
0i
#86117246848
1t
0s
0r
1y
0c
0i
#86117247492
0t
0s
0r
1y
0c
0i
#86117247899
1t
0s
0r
1y
0c
0i
#86117248545
0t
0s
0r
1y
0c
0i
#86117248952
1t
0s
0r
1y
0c
0i
#86117249594
0t
0s
0r
1y
0c
0i
#86117250002
1t
0s
0r
1y
0c
0i
#86117250645
0t
0s
0r
1y
0c
0i
#86117251052
1t
0s
0r
1y
0c
0i
#86117251698
0t
0s
0r
1y
0c
0i
#86117252106
1t
0s
0r
1y
0c
0i
#86117252747
0t
0s
0r
1y
0c
0i
#86117253157
1t
0s
0r
1y
0c
0i
#86117253801
0t
0s
0r
1y
1c
0i
#86117254210
1t
0s
0r
1y
1c
0i
#86117254859
0t
0s
0r
1y
1c
0i
#86117255266
1t
0s
0r
1y
1c
1i
#86117255912
0t
0s
0r
1y
1c
1i
#86117256322
1t
0s
0r
1y
1c
1i
#86117256970
0t
0s
0r
1y
1c
1i
#86117257379
1t
0s
0r
1y
1c
1i
#86117258030
0t
0s
0r
1y
1c
0i
#86117258439
1t
0s
0r
1y
1c
0i
#90412133935
1t
0s
0r
1y
0c
0i
#90412134580
0t
0s
0r
1y
0c
0i
#90412134988
1t
0s
0r
1y
0c
0i
#90412135634
0t
0s
0r
1y
0c
0i
#90412136042
1t
0s
0r
1y
0c
0i
#90412136691
0t
0s
0r
1y
0c
0i
#90412137096
1t
0s
0r
1y
0c
0i
#90412137742
0t
0s
0r
1y
0c
0i
#90412138149
1t
0s
0r
1y
0c
0i
#90412138797
0t
0s
0r
1y
0c
0i
#90412139203
1t
0s
0r
1y
0c
0i
#90412139853
0t
0s
0r
1y
0c
0i
#90412140257
1t
0s
0r
1y
0c
0i
#90412140903
0t
0s
0r
1y
0c
0i
#90412141310
1t
0s
0r
1y
0c
0i
#90412141957
0t
0s
0r
1y
0c
0i
#90412142363
1t
0s
0r
1y
0c
0i
#90412143013
0t
0s
0r
1y
0c
0i
#90412143417
1t
0s
0r
1y
0c
0i
#90412144064
0t
0s
0r
1y
0c
0i
#90412144471
1t
0s
0r
1y
0c
0i
#90412145117
0t
0s
0r
1y
0c
0i
#90412145525
1t
0s
0r
1y
0c
0i
#90412146173
0t
0s
0r
1y
0c
0i
#90412146580
1t
0s
0r
1y
0c
0i
#90412147224
0t
0s
0r
1y
0c
0i
#90412147632
1t
0s
0r
1y
0c
0i
#90412148278
0t
0s
0r
1y
0c
0i
#90412148685
1t
0s
0r
1y
0c
0i
#90412149334
0t
0s
0r
1y
0c
0i
#90412149740
1t
0s
0r
1y
0c
0i
#90412150383
0t
0s
0r
1y
0c
0i
#90412150792
1t
0s
0r
1y
0c
0i
#90412151437
0t
0s
0r
1y
0c
0i
#90412151846
1t
0s
0r
1y
0c
0i
#90412152493
0t
0s
0r
1y
0c
0i
#90412152900
1t
0s
0r
1y
0c
0i
#90412153544
0t
0s
0r
1y
0c
0i
#90412153953
1t
0s
0r
1y
0c
0i
#90412154598
0t
0s
0r
1y
0c
0i
#90412155007
1t
0s
0r
1y
0c
0i
#90412155654
0t
0s
0r
1y
0c
0i
#90412156064
1t
0s
0r
1y
0c
0i
#90412156707
0t
0s
0r
1y
0c
0i
#90412157118
1t
0s
0r
1y
0c
0i
#90412157765
0t
0s
0r
1y
1c
0i
#90412158175
1t
0s
0r
1y
1c
0i
#90412158826
0t
0s
0r
1y
1c
0i
#90412159235
1t
0s
0r
1y
1c
1i
#90412159883
0t
0s
0r
1y
1c
1i
#90412160295
1t
0s
0r
1y
1c
1i
#90412160945
0t
0s
0r
1y
1c
1i
#90412161356
1t
0s
0r
1y
1c
1i
#90412162010
0t
0s
0r
1y
1c
0i
#90412162420
1t
0s
0r
1y
1c
0i
#90412163068
0t
0s
0r
1y
1c
0i
#90412163480
1t
0s
0r
1y
1c
0i
#90412164131
0t
0s
0r
1y
1c
0i
#90412164541
1t
0s
0r
1y
1c
0i
#90412165194
0t
0s
0r
1y
1c
0i
#90412165603
1t
0s
0r
1y
1c
0i
#90412166250
0t
0s
0r
1y
1c
0i
#90412166663
1t
0s
0r
1y
1c
0i
#90412167310
0t
0s
0r
1y
1c
0i
#90412167722
1t
0s
0r
1y
1c
0i
#90412168372
0t
0s
0r
1y
1c
0i
#90412168782
1t
0s
0r
1y
1c
0i
#90412169427
0t
0s
0r
1y
1c
0i
#90412169838
1t
0s
0r
1y
1c
0i
#90412170484
0t
0s
0r
1y
1c
0i
#90412170894
1t
0s
0r
1y
1c
0i
#90412171541
0t
0s
0r
1y
1c
0i
#90412171951
1t
0s
0r
1y
1c
0i
#90412172593
0t
0s
0r
1y
1c
0i
#90412173005
1t
0s
0r
1y
1c
0i
#90412173649
0t
0s
0r
1y
1c
0i
#90412174059
1t
0s
0r
1y
1c
0i
#90412174706
0t
0s
0r
1y
1c
0i
#90412175115
1t
0s
0r
1y
1c
0i
#90412176791
0t
0s
0r
1y
1c
0i
#90412177971
1t
0s
0r
1y
1c
0i
#90412178935
0t
0s
0r
1y
1c
0i
#90412179332
1t
0s
0r
1y
1c
0i
#90412179981
0t
0s
0r
1y
1c
0i
#90412180389
1t
0s
0r
1y
1c
0i
#90412181036
0t
0s
0r
1y
1c
0i
#90412181444
1t
0s
0r
1y
1c
0i
#90412182090
0t
0s
0r
1y
1c
0i
#90412182500
1t
0s
0r
1y
1c
0i
#90412183146
0t
0s
0r
1y
1c
0i
#90412183554
1t
0s
0r
1y
1c
0i
#90412184203
0t
0s
0r
1y
1c
0i
#90412184610
1t
0s
0r
1y
1c
0i
#90412185254
0t
0s
0r
1y
1c
0i
#90412185663
1t
0s
0r
1y
1c
0i
#90412186308
0t
0s
0r
1y
1c
0i
#90412186716
1t
0s
0r
1y
1c
0i
#90412187364
0t
0s
0r
1y
1c
0i
#90412187773
1t
0s
0r
1y
1c
0i
#90412188417
0t
0s
0r
1y
1c
0i
#90412188827
1t
0s
0r
1y
1c
0i
#90412189474
0t
0s
0r
1y
0c
0i
#90412189883
1t
0s
0r
1y
0c
0i
#90412190534
0t
0s
0r
1y
0c
0i
#90412190942
1t
0s
0r
1y
0c
1i
#90412191590
0t
0s
0r
1y
0c
1i
#90412192000
1t
0s
0r
1y
0c
1i
#90412192650
0t
0s
0r
1y
0c
1i
#90412193061
1t
0s
0r
1y
0c
1i
#90412193714
0t
0s
0r
1y
0c
0i
#90412194123
1t
0s
0r
1y
0c
0i
#90412194772
0t
0s
0r
1y
0c
0i
#90412195183
1t
0s
0r
1y
0c
0i
#90412195833
0t
0s
0r
1y
0c
0i
#90412196242
1t
0s
0r
1y
0c
0i
#90412196895
0t
0s
0r
1y
0c
0i
#90412197303
1t
0s
0r
1y
0c
0i
#90412197951
0t
0s
0r
1y
0c
0i
#90412198361
1t
0s
0r
1y
0c
0i
#90412199009
0t
0s
0r
1y
0c
0i
#90412199418
1t
0s
0r
1y
0c
0i
#90412200068
0t
0s
0r
1y
0c
0i
#90412200474
1t
0s
0r
1y
0c
0i
#90412201120
0t
0s
0r
1y
0c
0i
#90412201527
1t
0s
0r
1y
0c
0i
#90412202173
0t
0s
0r
1y
0c
0i
#90412202579
1t
0s
0r
1y
0c
0i
#90412203227
0t
0s
0r
1y
0c
0i
#90412203631
1t
0s
0r
1y
0c
0i
#90412204275
0t
0s
0r
1y
0c
0i
#90412204681
1t
0s
0r
1y
0c
0i
#90412205326
0t
0s
0r
1y
0c
0i
#90412205731
1t
0s
0r
1y
0c
0i
#90412206379
0t
0s
0r
1y
0c
0i
#90412206783
1t
0s
0r
1y
0c
0i
#90412207427
0t
0s
0r
1y
0c
0i
#90412207833
1t
0s
0r
1y
0c
0i
#90412208477
0t
0s
0r
1y
0c
0i
#90412208885
1t
0s
0r
1y
0c
0i
#90412209532
0t
0s
0r
1y
0c
0i
#90412209938
1t
0s
0r
1y
0c
0i
#90412210581
0t
0s
0r
1y
0c
0i
#90412210989
1t
0s
0r
1y
0c
0i
#90412211633
0t
0s
0r
1y
0c
0i
#90412212040
1t
0s
0r
1y
0c
0i
#90412212688
0t
0s
0r
1y
0c
0i
#90412213093
1t
0s
0r
1y
0c
0i
#90412213735
0t
0s
0r
1y
0c
0i
#90412214144
1t
0s
0r
1y
0c
0i
#90412214788
0t
0s
0r
1y
0c
0i
#90412215195
1t
0s
0r
1y
0c
0i
#90412215841
0t
0s
0r
1y
0c
0i
#90412216248
1t
0s
0r
1y
0c
0i
#90412216890
0t
0s
0r
1y
0c
0i
#90412217298
1t
0s
0r
1y
0c
0i
#90412217941
0t
0s
0r
1y
0c
0i
#90412218348
1t
0s
0r
1y
0c
0i
#90412218994
0t
0s
0r
1y
0c
0i
#90412219402
1t
0s
0r
1y
0c
0i
#90412220043
0t
0s
0r
1y
0c
0i
#90412220453
1t
0s
0r
1y
0c
0i
#90412221097
0t
0s
0r
1y
1c
0i
#90412221506
1t
0s
0r
1y
1c
0i
#90412222155
0t
0s
0r
1y
1c
0i
#90412222562
1t
0s
0r
1y
1c
1i
#90412223208
0t
0s
0r
1y
1c
1i
#90412223618
1t
0s
0r
1y
1c
1i
#90412224266
0t
0s
0r
1y
1c
1i
#90412224675
1t
0s
0r
1y
1c
1i
#90412225326
0t
0s
0r
1y
1c
0i
#90412225735
1t
0s
0r
1y
1c
0i
#90412226381
0t
0s
0r
1y
1c
0i
#90412226792
1t
0s
0r
1y
1c
0i
#90412227440
0t
0s
0r
1y
1c
0i
#90412227850
1t
0s
0r
1y
1c
0i
#90412228500
0t
0s
0r
1y
1c
0i
#90412228909
1t
0s
0r
1y
1c
0i
#90412229554
0t
0s
0r
1y
1c
0i
#90412229965
1t
0s
0r
1y
1c
0i
#90412230610
0t
0s
0r
1y
1c
0i
#90412231020
1t
0s
0r
1y
1c
0i
#90412231666
0t
0s
0r
1y
1c
0i
#90412232075
1t
0s
0r
1y
1c
0i
#90412232716
0t
0s
0r
1y
1c
0i
#90412233125
1t
0s
0r
1y
1c
0i
#90412233765
0t
0s
0r
1y
1c
0i
#90412234173
1t
0s
0r
1y
1c
0i
#90412234815
0t
0s
0r
1y
1c
0i
#90412235223
1t
0s
0r
1y
1c
0i
#90412235861
0t
0s
0r
1y
1c
0i
#90412236270
1t
0s
0r
1y
1c
0i
#90412236908
0t
0s
0r
1y
1c
0i
#90412237316
1t
0s
0r
1y
1c
0i
#90412237958
0t
0s
0r
1y
1c
0i
#90412238365
1t
0s
0r
1y
1c
0i
#90412240029
0t
0s
0r
1y
1c
0i
#90412241200
1t
0s
0r
1y
1c
0i
#90412242159
0t
0s
0r
1y
1c
0i
#90412242553
1t
0s
0r
1y
1c
0i
#90412243197
0t
0s
0r
1y
1c
0i
#90412243603
1t
0s
0r
1y
1c
0i
#90412244245
0t
0s
0r
1y
1c
0i
#90412244651
1t
0s
0r
1y
1c
0i
#90412245292
0t
0s
0r
1y
1c
0i
#90412245699
1t
0s
0r
1y
1c
0i
#90412246340
0t
0s
0r
1y
1c
0i
#90412246747
1t
0s
0r
1y
1c
0i
#90412247390
0t
0s
0r
1y
1c
0i
#90412247795
1t
0s
0r
1y
1c
0i
#90412248434
0t
0s
0r
1y
1c
0i
#90412248841
1t
0s
0r
1y
1c
0i
#90412249482
0t
0s
0r
1y
1c
0i
#90412249887
1t
0s
0r
1y
1c
0i
#90412250530
0t
0s
0r
1y
1c
0i
#90412250936
1t
0s
0r
1y
1c
0i
#90412251576
0t
0s
0r
1y
1c
0i
#90412251983
1t
0s
0r
1y
1c
0i
#90412252625
0t
0s
0r
1y
0c
0i
#90412253032
1t
0s
0r
1y
0c
0i
#90412253678
0t
0s
0r
1y
0c
0i
#90412254083
1t
0s
0r
1y
0c
1i
#90412254726
0t
0s
0r
1y
0c
1i
#90412255134
1t
0s
0r
1y
0c
1i
#90412255779
0t
0s
0r
1y
0c
1i
#90412256187
1t
0s
0r
1y
0c
1i
#90412256318
1t
0s
1r
1y
0c
1i
#90412256321
1t
0s
0r
1y
0c
1i
#90412256835
0t
0s
0r
1y
0c
0i
#90412257242
1t
0s
0r
1y
0c
0i
#90412257887
0t
0s
0r
1y
0c
0i
#90412258295
1t
0s
0r
1y
0c
0i
#90412258940
0t
0s
0r
1y
0c
0i
#90412259348
1t
0s
0r
1y
0c
0i
#90412259997
0t
0s
0r
1y
0c
0i
#90412260402
1t
0s
0r
1y
0c
0i
#90412261046
0t
0s
0r
1y
0c
0i
#90412261455
1t
0s
0r
1y
0c
0i
#90412262100
0t
0s
0r
1y
0c
0i
#90412262508
1t
0s
0r
1y
0c
0i
#90412263157
0t
0s
0r
1y
0c
0i
#90412263562
1t
0s
0r
1y
0c
0i
#90412264209
0t
0s
0r
1y
0c
0i
#90412264615
1t
0s
0r
1y
0c
0i
#90412265262
0t
0s
0r
1y
0c
0i
#90412265668
1t
0s
0r
1y
0c
0i
#90412266318
0t
0s
0r
1y
0c
0i
#90412266722
1t
0s
0r
1y
0c
0i
#90412267368
0t
0s
0r
1y
0c
0i
#90412267773
1t
0s
0r
1y
0c
0i
#90412268420
0t
0s
0r
1y
0c
0i
#90412268826
1t
0s
0r
1y
0c
0i
#90412269475
0t
0s
0r
1y
0c
0i
#90412269879
1t
0s
0r
1y
0c
0i
#90412270525
0t
0s
0r
1y
0c
0i
#90412270931
1t
0s
0r
1y
0c
0i
#90412271576
0t
0s
0r
1y
0c
0i
#90412271984
1t
0s
0r
1y
0c
0i
#90412272632
0t
0s
0r
1y
0c
0i
#90412273038
1t
0s
0r
1y
0c
0i
#90412273681
0t
0s
0r
1y
0c
0i
#90412274088
1t
0s
0r
1y
0c
0i
#90412274733
0t
0s
0r
1y
0c
0i
#90412275140
1t
0s
0r
1y
0c
0i
#90412275788
0t
0s
0r
1y
0c
0i
#90412276193
1t
0s
0r
1y
0c
0i
#90412276836
0t
0s
0r
1y
0c
0i
#90412277244
1t
0s
0r
1y
0c
0i
#90412277888
0t
0s
0r
1y
0c
0i
#90412278296
1t
0s
0r
1y
0c
0i
#90412278942
0t
0s
0r
1y
0c
0i
#90412279349
1t
0s
0r
1y
0c
0i
#90412279991
0t
0s
0r
1y
0c
0i
#90412280399
1t
0s
0r
1y
0c
0i
#90412281043
0t
0s
0r
1y
0c
0i
#90412281451
1t
0s
0r
1y
0c
0i
#90412282097
0t
0s
0r
1y
0c
0i
#90412282506
1t
0s
0r
1y
0c
0i
#90412283148
0t
0s
0r
1y
0c
0i
#90412283558
1t
0s
0r
1y
0c
0i
#90412284204
0t
0s
0r
1y
1c
0i
#90412284613
1t
0s
0r
1y
1c
0i
#90412285263
0t
0s
0r
1y
1c
0i
#90412285672
1t
0s
0r
1y
1c
1i
#90412286319
0t
0s
0r
1y
1c
1i
#90412286729
1t
0s
0r
1y
1c
1i
#90412287379
0t
0s
0r
1y
1c
1i
#90412287789
1t
0s
0r
1y
1c
1i
#90412288442
0t
0s
0r
1y
1c
0i
#90412288851
1t
0s
0r
1y
1c
0i
#90412289500
0t
0s
0r
1y
1c
0i
#90412289910
1t
0s
0r
1y
1c
0i
#90412290560
0t
0s
0r
1y
1c
0i
#90412290970
1t
0s
0r
1y
1c
0i
#90412291622
0t
0s
0r
1y
1c
0i
#90412292031
1t
0s
0r
1y
1c
0i
#90412292677
0t
0s
0r
1y
1c
0i
#90412293090
1t
0s
0r
1y
1c
0i
#90412293736
0t
0s
0r
1y
1c
0i
#90412294148
1t
0s
0r
1y
1c
0i
#90412294797
0t
0s
0r
1y
1c
0i
#90412295207
1t
0s
0r
1y
1c
0i
#90412295851
0t
0s
0r
1y
1c
0i
#90412296261
1t
0s
0r
1y
1c
0i
#90412296906
0t
0s
0r
1y
1c
0i
#90412297316
1t
0s
0r
1y
1c
0i
#90412297962
0t
0s
0r
1y
1c
0i
#90412298371
1t
0s
0r
1y
1c
0i
#90412299012
0t
0s
0r
1y
1c
0i
#90412299423
1t
0s
0r
1y
1c
0i
#90412300065
0t
0s
0r
1y
1c
0i
#90412300475
1t
0s
0r
1y
1c
0i
#90412301121
0t
0s
0r
1y
1c
0i
#90412301529
1t
0s
0r
1y
1c
0i
#90412303201
0t
0s
0r
1y
1c
0i
#90412304379
1t
0s
0r
1y
1c
0i
#90412305339
0t
0s
0r
1y
1c
0i
#90412305736
1t
0s
0r
1y
1c
0i
#90412306382
0t
0s
0r
1y
1c
0i
#90412306790
1t
0s
0r
1y
1c
0i
#90412307434
0t
0s
0r
1y
1c
0i
#90412307841
1t
0s
0r
1y
1c
0i
#90412308485
0t
0s
0r
1y
1c
0i
#90412308894
1t
0s
0r
1y
1c
0i
#90412309538
0t
0s
0r
1y
1c
0i
#90412309945
1t
0s
0r
1y
1c
0i
#90412310592
0t
0s
0r
1y
1c
0i
#90412310997
1t
0s
0r
1y
1c
0i
#90412311640
0t
0s
0r
1y
1c
0i
#90412312047
1t
0s
0r
1y
1c
0i
#90412312691
0t
0s
0r
1y
1c
0i
#90412313098
1t
0s
0r
1y
1c
0i
#90412313744
0t
0s
0r
1y
1c
0i
#90412314152
1t
0s
0r
1y
1c
0i
#90412314793
0t
0s
0r
1y
1c
0i
#90412315203
1t
0s
0r
1y
1c
0i
#90412315847
0t
0s
0r
1y
0c
0i
#90412316256
1t
0s
0r
1y
0c
0i
#90412316904
0t
0s
0r
1y
0c
0i
#90412317312
1t
0s
0r
1y
0c
1i
#90412317958
0t
0s
0r
1y
0c
1i
#90412318367
1t
0s
0r
1y
0c
1i
#90412319015
0t
0s
0r
1y
0c
1i
#90412319425
1t
0s
0r
1y
0c
1i
#90412320076
0t
0s
0r
1y
0c
0i
#90412320484
1t
0s
0r
1y
0c
0i
#90412321131
0t
0s
0r
1y
0c
0i
#90412321541
1t
0s
0r
1y
0c
0i
#90412322190
0t
0s
0r
1y
0c
0i
#90412322598
1t
0s
0r
1y
0c
0i
#90412323250
0t
0s
0r
1y
0c
0i
#90412323656
1t
0s
0r
1y
0c
0i
#90412324302
0t
0s
0r
1y
0c
0i
#90412324713
1t
0s
0r
1y
0c
0i
#90412325359
0t
0s
0r
1y
0c
0i
#90412325768
1t
0s
0r
1y
0c
0i
#90412326417
0t
0s
0r
1y
0c
0i
#90412326824
1t
0s
0r
1y
0c
0i
#90412327470
0t
0s
0r
1y
0c
0i
#90412327877
1t
0s
0r
1y
0c
0i
#90412328524
0t
0s
0r
1y
0c
0i
#90412328930
1t
0s
0r
1y
0c
0i
#90412329579
0t
0s
0r
1y
0c
0i
#90412329984
1t
0s
0r
1y
0c
0i
#90412330628
0t
0s
0r
1y
0c
0i
#90412331034
1t
0s
0r
1y
0c
0i
#90412331679
0t
0s
0r
1y
0c
0i
#90412332084
1t
0s
0r
1y
0c
0i
#90412332732
0t
0s
0r
1y
0c
0i
#90412333136
1t
0s
0r
1y
0c
0i
#90412333780
0t
0s
0r
1y
0c
0i
#90412334186
1t
0s
0r
1y
0c
0i
#90412334830
0t
0s
0r
1y
0c
0i
#90412335238
1t
0s
0r
1y
0c
0i
#90412335884
0t
0s
0r
1y
0c
0i
#90412336290
1t
0s
0r
1y
0c
0i
#90412336932
0t
0s
0r
1y
0c
0i
#90412337339
1t
0s
0r
1y
0c
0i
#90412337983
0t
0s
0r
1y
0c
0i
#90412338390
1t
0s
0r
1y
0c
0i
#90412339037
0t
0s
0r
1y
0c
0i
#90412339442
1t
0s
0r
1y
0c
0i
#90412340084
0t
0s
0r
1y
0c
0i
#90412340493
1t
0s
0r
1y
0c
0i
#90412341136
0t
0s
0r
1y
0c
0i
#90412341543
1t
0s
0r
1y
0c
0i
#90412342189
0t
0s
0r
1y
0c
0i
#90412342595
1t
0s
0r
1y
0c
0i
#90412343237
0t
0s
0r
1y
0c
0i
#90412343645
1t
0s
0r
1y
0c
0i
#90412344288
0t
0s
0r
1y
0c
0i
#90412344695
1t
0s
0r
1y
0c
0i
#90412345341
0t
0s
0r
1y
0c
0i
#90412345749
1t
0s
0r
1y
0c
0i
#90412346391
0t
0s
0r
1y
0c
0i
#90412346800
1t
0s
0r
1y
0c
0i
#90412347444
0t
0s
0r
1y
1c
0i
#90412347853
1t
0s
0r
1y
1c
0i
#90412348502
0t
0s
0r
1y
1c
0i
#90412348910
1t
0s
0r
1y
1c
1i
#90412349555
0t
0s
0r
1y
1c
1i
#90412349966
1t
0s
0r
1y
1c
1i
#90412350613
0t
0s
0r
1y
1c
1i
#90412351023
1t
0s
0r
1y
1c
1i
#90412351675
0t
0s
0r
1y
1c
0i
#90412352084
1t
0s
0r
1y
1c
0i
#90412352731
0t
0s
0r
1y
1c
0i
#90412353141
1t
0s
0r
1y
1c
0i
#90412353789
0t
0s
0r
1y
1c
0i
#90412354198
1t
0s
0r
1y
1c
0i
#90412354849
0t
0s
0r
1y
1c
0i
#90412355257
1t
0s
0r
1y
1c
0i
#90412355901
0t
0s
0r
1y
1c
0i
#90412356311
1t
0s
0r
1y
1c
0i
#90412356954
0t
0s
0r
1y
1c
0i
#90412357364
1t
0s
0r
1y
1c
0i
#90412358008
0t
0s
0r
1y
1c
0i
#90412358415
1t
0s
0r
1y
1c
0i
#90412359053
0t
0s
0r
1y
1c
0i
#90412359461
1t
0s
0r
1y
1c
0i
#90412360098
0t
0s
0r
1y
1c
0i
#90412360505
1t
0s
0r
1y
1c
0i
#90412361145
0t
0s
0r
1y
1c
0i
#90412361550
1t
0s
0r
1y
1c
0i
#90412362185
0t
0s
0r
1y
1c
0i
#90412362593
1t
0s
0r
1y
1c
0i
#90412363230
0t
0s
0r
1y
1c
0i
#90412363636
1t
0s
0r
1y
1c
0i
#90412364276
0t
0s
0r
1y
1c
0i
#90412364681
1t
0s
0r
1y
1c
0i
#90412366341
0t
0s
0r
1y
1c
0i
#90412367509
1t
0s
0r
1y
1c
0i
#90412368465
0t
0s
0r
1y
1c
0i
#90412368858
1t
0s
0r
1y
1c
0i
#90412369501
0t
0s
0r
1y
1c
0i
#90412369905
1t
0s
0r
1y
1c
0i
#90412370545
0t
0s
0r
1y
1c
0i
#90412370950
1t
0s
0r
1y
1c
0i
#90412371589
0t
0s
0r
1y
1c
0i
#90412371996
1t
0s
0r
1y
1c
0i
#90412372634
0t
0s
0r
1y
1c
0i
#90412373040
1t
0s
0r
1y
1c
0i
#90412373681
0t
0s
0r
1y
1c
0i
#90412374085
1t
0s
0r
1y
1c
0i
#90412374722
0t
0s
0r
1y
1c
0i
#90412375127
1t
0s
0r
1y
1c
0i
#90412375767
0t
0s
0r
1y
1c
0i
#90412376171
1t
0s
0r
1y
1c
0i
#90412376812
0t
0s
0r
1y
1c
0i
#90412377217
1t
0s
0r
1y
1c
0i
#90412377855
0t
0s
0r
1y
0c
0i
#90412378261
1t
0s
0r
1y
0c
0i
#90412378901
0t
0s
0r
1y
0c
0i
#90412379307
1t
0s
0r
1y
0c
0i
#90412379951
0t
0s
0r
1y
0c
0i
#90412380356
1t
0s
0r
1y
0c
1i
#90412380998
0t
0s
0r
1y
0c
1i
#90412381404
1t
0s
0r
1y
0c
1i
#90412382047
0t
0s
0r
1y
0c
1i
#90412382455
1t
0s
0r
1y
0c
1i
#90412382605
1t
0s
1r
1y
0c
1i
#90412382608
1t
0s
0r
1y
0c
1i
#90412383101
0t
0s
0r
1y
0c
0i
#90412383508
1t
0s
0r
1y
0c
0i
#90412384150
0t
0s
0r
1y
0c
0i
#90412384557
1t
0s
0r
1y
0c
0i
#90412385201
0t
0s
0r
1y
0c
0i
#90412385607
1t
0s
0r
1y
0c
0i
#90412386255
0t
0s
0r
1y
0c
0i
#90412386659
1t
0s
0r
1y
0c
0i
#90412387300
0t
0s
0r
1y
0c
0i
#90412387708
1t
0s
0r
1y
0c
0i
#90412388349
0t
0s
0r
1y
0c
0i
#90412388755
1t
0s
0r
1y
0c
0i
#90412389399
0t
0s
0r
1y
0c
0i
#90412389803
1t
0s
0r
1y
0c
0i
#90412390443
0t
0s
0r
1y
0c
0i
#90412390847
1t
0s
0r
1y
0c
0i
#90412391489
0t
0s
0r
1y
0c
0i
#90412391891
1t
0s
0r
1y
0c
0i
#90412392534
0t
0s
0r
1y
0c
0i
#90412392935
1t
0s
0r
1y
0c
0i
#90412393574
0t
0s
0r
1y
0c
0i
#90412393977
1t
0s
0r
1y
0c
0i
#90412394617
0t
0s
0r
1y
0c
0i
#90412395019
1t
0s
0r
1y
0c
0i
#90412395662
0t
0s
0r
1y
0c
0i
#90412396064
1t
0s
0r
1y
0c
0i
#90412396703
0t
0s
0r
1y
0c
0i
#90412397107
1t
0s
0r
1y
0c
0i
#90412397747
0t
0s
0r
1y
0c
0i
#90412398151
1t
0s
0r
1y
0c
0i
#90412398793
0t
0s
0r
1y
0c
0i
#90412399196
1t
0s
0r
1y
0c
0i
#90412399835
0t
0s
0r
1y
0c
0i
#90412400240
1t
0s
0r
1y
0c
0i
#90412400880
0t
0s
0r
1y
0c
0i
#90412401284
1t
0s
0r
1y
0c
0i
#90412401927
0t
0s
0r
1y
0c
0i
#90412402330
1t
0s
0r
1y
0c
0i
#90412402969
0t
0s
0r
1y
0c
0i
#90412403374
1t
0s
0r
1y
0c
0i
#90412404013
0t
0s
0r
1y
0c
0i
#90412404419
1t
0s
0r
1y
0c
0i
#90412405060
0t
0s
0r
1y
0c
0i
#90412405465
1t
0s
0r
1y
0c
0i
#90412406103
0t
0s
0r
1y
0c
0i
#90412406508
1t
0s
0r
1y
0c
0i
#90412407148
0t
0s
0r
1y
0c
0i
#90412407553
1t
0s
0r
1y
0c
0i
#90412408194
0t
0s
0r
1y
0c
0i
#90412408600
1t
0s
0r
1y
0c
0i
#90412409238
0t
0s
0r
1y
0c
0i
#90412409645
1t
0s
0r
1y
0c
0i
#90412410285
0t
0s
0r
1y
1c
0i
#90412410692
1t
0s
0r
1y
1c
0i
#90412411336
0t
0s
0r
1y
1c
0i
#90412411742
1t
0s
0r
1y
1c
1i
#90412412384
0t
0s
0r
1y
1c
1i
#90412412791
1t
0s
0r
1y
1c
1i
#90412413435
0t
0s
0r
1y
1c
1i
#90412413843
1t
0s
0r
1y
1c
1i
#90412414490
0t
0s
0r
1y
1c
0i
#90412414897
1t
0s
0r
1y
1c
0i
#90412415540
0t
0s
0r
1y
1c
0i
#90412415948
1t
0s
0r
1y
1c
0i
#90412416591
0t
0s
0r
1y
1c
0i
#90412416999
1t
0s
0r
1y
1c
0i
#90412417645
0t
0s
0r
1y
1c
0i
#90412418052
1t
0s
0r
1y
1c
0i
#90412418692
0t
0s
0r
1y
1c
0i
#90412419102
1t
0s
0r
1y
1c
0i
#90412419744
0t
0s
0r
1y
1c
0i
#90412420152
1t
0s
0r
1y
1c
0i
#90412420797
0t
0s
0r
1y
1c
0i
#90412421204
1t
0s
0r
1y
1c
0i
#90412421843
0t
0s
0r
1y
1c
0i
#90412422252
1t
0s
0r
1y
1c
0i
#90412422892
0t
0s
0r
1y
1c
0i
#90412423300
1t
0s
0r
1y
1c
0i
#90412423942
0t
0s
0r
1y
1c
0i
#90412424350
1t
0s
0r
1y
1c
0i
#90412424987
0t
0s
0r
1y
1c
0i
#90412425397
1t
0s
0r
1y
1c
0i
#90412426035
0t
0s
0r
1y
1c
0i
#90412426444
1t
0s
0r
1y
1c
0i
#90412427085
0t
0s
0r
1y
1c
0i
#90412427492
1t
0s
0r
1y
1c
0i
#90412429156
0t
0s
0r
1y
1c
0i
#90412430327
1t
0s
0r
1y
1c
0i
#90412431283
0t
0s
0r
1y
1c
0i
#90412431677
1t
0s
0r
1y
1c
0i
#90412432320
0t
0s
0r
1y
1c
0i
#90412432725
1t
0s
0r
1y
1c
0i
#90412433366
0t
0s
0r
1y
1c
0i
#90412433772
1t
0s
0r
1y
1c
0i
#90412434412
0t
0s
0r
1y
1c
0i
#90412434819
1t
0s
0r
1y
1c
0i
#90412435459
0t
0s
0r
1y
1c
0i
#90412435865
1t
0s
0r
1y
1c
0i
#90412436507
0t
0s
0r
1y
1c
0i
#90412436911
1t
0s
0r
1y
1c
0i
#90412437550
0t
0s
0r
1y
1c
0i
#90412437956
1t
0s
0r
1y
1c
0i
#90412438596
0t
0s
0r
1y
1c
0i
#90412439001
1t
0s
0r
1y
1c
0i
#90412439643
0t
0s
0r
1y
1c
0i
#90412440050
1t
0s
0r
1y
1c
0i
#90412440689
0t
0s
0r
1y
1c
0i
#90412441096
1t
0s
0r
1y
1c
0i
#90412441737
0t
0s
0r
1y
0c
0i
#90412442143
1t
0s
0r
1y
0c
0i
#90412442789
0t
0s
0r
1y
0c
0i
#90412443194
1t
0s
0r
1y
0c
1i
#90412443837
0t
0s
0r
1y
0c
1i
#90412444244
1t
0s
0r
1y
0c
1i
#90412444889
0t
0s
0r
1y
0c
1i
#90412445296
1t
0s
0r
1y
0c
1i
#90412445943
0t
0s
0r
1y
0c
0i
#90412446350
1t
0s
0r
1y
0c
0i
#90412446993
0t
0s
0r
1y
0c
0i
#90412447401
1t
0s
0r
1y
0c
0i
#90412448045
0t
0s
0r
1y
0c
0i
#90412448452
1t
0s
0r
1y
0c
0i
#90412449099
0t
0s
0r
1y
0c
0i
#90412449504
1t
0s
0r
1y
0c
0i
#90412450146
0t
0s
0r
1y
0c
0i
#90412450555
1t
0s
0r
1y
0c
0i
#90412451197
0t
0s
0r
1y
0c
0i
#90412451604
1t
0s
0r
1y
0c
0i
#90412452251
0t
0s
0r
1y
0c
0i
#90412452655
1t
0s
0r
1y
0c
0i
#90412453298
0t
0s
0r
1y
0c
0i
#90412453704
1t
0s
0r
1y
0c
0i
#90412454348
0t
0s
0r
1y
0c
0i
#90412454752
1t
0s
0r
1y
0c
0i
#90412455399
0t
0s
0r
1y
0c
0i
#90412455802
1t
0s
0r
1y
0c
0i
#90412456444
0t
0s
0r
1y
0c
0i
#90412456849
1t
0s
0r
1y
0c
0i
#90412457491
0t
0s
0r
1y
0c
0i
#90412457896
1t
0s
0r
1y
0c
0i
#90412458542
0t
0s
0r
1y
0c
0i
#90412458945
1t
0s
0r
1y
0c
0i
#90412459587
0t
0s
0r
1y
0c
0i
#90412459992
1t
0s
0r
1y
0c
0i
#90412460634
0t
0s
0r
1y
0c
0i
#90412461041
1t
0s
0r
1y
0c
0i
#90412461685
0t
0s
0r
1y
0c
0i
#90412462090
1t
0s
0r
1y
0c
0i
#90412462730
0t
0s
0r
1y
0c
0i
#90412463136
1t
0s
0r
1y
0c
0i
#90412463779
0t
0s
0r
1y
0c
0i
#90412464184
1t
0s
0r
1y
0c
0i
#90412464828
0t
0s
0r
1y
0c
0i
#90412465232
1t
0s
0r
1y
0c
0i
#90412465872
0t
0s
0r
1y
0c
0i
#90412466279
1t
0s
0r
1y
0c
0i
#90412466920
0t
0s
0r
1y
0c
0i
#90412467326
1t
0s
0r
1y
0c
0i
#90412467969
0t
0s
0r
1y
0c
0i
#90412468373
1t
0s
0r
1y
0c
0i
#90412469012
0t
0s
0r
1y
0c
0i
#90412469419
1t
0s
0r
1y
0c
0i
#90412470059
0t
0s
0r
1y
0c
0i
#90412470465
1t
0s
0r
1y
0c
0i
#90412471107
0t
0s
0r
1y
0c
0i
#90412471514
1t
0s
0r
1y
0c
0i
#90412472152
0t
0s
0r
1y
0c
0i
#90412472560
1t
0s
0r
1y
0c
0i
#90412473201
0t
0s
0r
1y
1c
0i
#90412473609
1t
0s
0r
1y
1c
0i
#90412474254
0t
0s
0r
1y
1c
0i
#90412474660
1t
0s
0r
1y
1c
1i
#90412475303
0t
0s
0r
1y
1c
1i
#90412475711
1t
0s
0r
1y
1c
1i
#90412476356
0t
0s
0r
1y
1c
1i
#90412476764
1t
0s
0r
1y
1c
1i
#90412477413
0t
0s
0r
1y
1c
0i
#90412477820
1t
0s
0r
1y
1c
0i
#90412478463
0t
0s
0r
1y
1c
0i
#90412478873
1t
0s
0r
1y
1c
0i
#90412479518
0t
0s
0r
1y
1c
0i
#90412479926
1t
0s
0r
1y
1c
0i
#90412480574
0t
0s
0r
1y
1c
0i
#90412480981
1t
0s
0r
1y
1c
0i
#90412481623
0t
0s
0r
1y
1c
0i
#90412482034
1t
0s
0r
1y
1c
0i
#90412482676
0t
0s
0r
1y
1c
0i
#90412483086
1t
0s
0r
1y
1c
0i
#90412483730
0t
0s
0r
1y
1c
0i
#90412484138
1t
0s
0r
1y
1c
0i
#90412484779
0t
0s
0r
1y
1c
0i
#90412485188
1t
0s
0r
1y
1c
0i
#90412485829
0t
0s
0r
1y
1c
0i
#90412486237
1t
0s
0r
1y
1c
0i
#90412486880
0t
0s
0r
1y
1c
0i
#90412487288
1t
0s
0r
1y
1c
0i
#90412487926
0t
0s
0r
1y
1c
0i
#90412488335
1t
0s
0r
1y
1c
0i
#90412488974
0t
0s
0r
1y
1c
0i
#90412489382
1t
0s
0r
1y
1c
0i
#90412490024
0t
0s
0r
1y
1c
0i
#90412490430
1t
0s
0r
1y
1c
0i
#90412492094
0t
0s
0r
1y
1c
0i
#90412493265
1t
0s
0r
1y
1c
0i
#90412494222
0t
0s
0r
1y
1c
0i
#90412494616
1t
0s
0r
1y
1c
0i
#90412495259
0t
0s
0r
1y
1c
0i
#90412495664
1t
0s
0r
1y
1c
0i
#90412496305
0t
0s
0r
1y
1c
0i
#90412496711
1t
0s
0r
1y
1c
0i
#90412497352
0t
0s
0r
1y
1c
0i
#90412497758
1t
0s
0r
1y
1c
0i
#90412498398
0t
0s
0r
1y
1c
0i
#90412498804
1t
0s
0r
1y
1c
0i
#90412499446
0t
0s
0r
1y
1c
0i
#90412499850
1t
0s
0r
1y
1c
0i
#90412500488
0t
0s
0r
1y
1c
0i
#90412500894
1t
0s
0r
1y
1c
0i
#90412501534
0t
0s
0r
1y
1c
0i
#90412501939
1t
0s
0r
1y
1c
0i
#90412502581
0t
0s
0r
1y
1c
0i
#90412502987
1t
0s
0r
1y
1c
0i
#90412503625
0t
0s
0r
1y
1c
0i
#90412504033
1t
0s
0r
1y
1c
0i
#90412504673
0t
0s
0r
1y
0c
0i
#90412505080
1t
0s
0r
1y
0c
0i
#90412505725
0t
0s
0r
1y
0c
0i
#90412506130
1t
0s
0r
1y
0c
1i
#90412506772
0t
0s
0r
1y
0c
1i
#90412507180
1t
0s
0r
1y
0c
1i
#90412507824
0t
0s
0r
1y
0c
1i
#90412508232
1t
0s
0r
1y
0c
1i
#90412508296
1t
0s
1r
1y
0c
1i
#90412508298
1t
0s
0r
1y
0c
1i
#90412508879
0t
0s
0r
1y
0c
0i
#90412509285
1t
0s
0r
1y
0c
0i
#90412509929
0t
0s
0r
1y
0c
0i
#90412510336
1t
0s
0r
1y
0c
0i
#90412510982
0t
0s
0r
1y
0c
0i
#90412511388
1t
0s
0r
1y
0c
0i
#90412512036
0t
0s
0r
1y
0c
0i
#90412512441
1t
0s
0r
1y
0c
0i
#90412513085
0t
0s
0r
1y
0c
0i
#90412513494
1t
0s
0r
1y
0c
0i
#90412514139
0t
0s
0r
1y
0c
0i
#90412514546
1t
0s
0r
1y
0c
0i
#90412515195
0t
0s
0r
1y
0c
0i
#90412515600
1t
0s
0r
1y
0c
0i
#90412516246
0t
0s
0r
1y
0c
0i
#90412516654
1t
0s
0r
1y
0c
0i
#90412517302
0t
0s
0r
1y
0c
0i
#90412517708
1t
0s
0r
1y
0c
0i
#90412518360
0t
0s
0r
1y
0c
0i
#90412518766
1t
0s
0r
1y
0c
0i
#90412519414
0t
0s
0r
1y
0c
0i
#90412519821
1t
0s
0r
1y
0c
0i
#90412520471
0t
0s
0r
1y
0c
0i
#90412520878
1t
0s
0r
1y
0c
0i
#90412521532
0t
0s
0r
1y
0c
0i
#90412521937
1t
0s
0r
1y
0c
0i
#90412522587
0t
0s
0r
1y
0c
0i
#90412522995
1t
0s
0r
1y
0c
0i
#90412523644
0t
0s
0r
1y
0c
0i
#90412524054
1t
0s
0r
1y
0c
0i
#90412524706
0t
0s
0r
1y
0c
0i
#90412525114
1t
0s
0r
1y
0c
0i
#90412525761
0t
0s
0r
1y
0c
0i
#90412526171
1t
0s
0r
1y
0c
0i
#90412526820
0t
0s
0r
1y
0c
0i
#90412527228
1t
0s
0r
1y
0c
0i
#90412527880
0t
0s
0r
1y
0c
0i
#90412528288
1t
0s
0r
1y
0c
0i
#90412528934
0t
0s
0r
1y
0c
0i
#90412529345
1t
0s
0r
1y
0c
0i
#90412529992
0t
0s
0r
1y
0c
0i
#90412530402
1t
0s
0r
1y
0c
0i
#90412531053
0t
0s
0r
1y
0c
0i
#90412531461
1t
0s
0r
1y
0c
0i
#90412532107
0t
0s
0r
1y
0c
0i
#90412532517
1t
0s
0r
1y
0c
0i
#90412533166
0t
0s
0r
1y
0c
0i
#90412533575
1t
0s
0r
1y
0c
0i
#90412534226
0t
0s
0r
1y
0c
0i
#90412534637
1t
0s
0r
1y
0c
0i
#90412535283
0t
0s
0r
1y
0c
0i
#90412535695
1t
0s
0r
1y
0c
0i
#90412536345
0t
0s
0r
1y
1c
0i
#90412536757
1t
0s
0r
1y
1c
0i
#90412537411
0t
0s
0r
1y
1c
0i
#90412537822
1t
0s
0r
1y
1c
1i
#90412538473
0t
0s
0r
1y
1c
1i
#90412538886
1t
0s
0r
1y
1c
1i
#90412539540
0t
0s
0r
1y
1c
1i
#90412539952
1t
0s
0r
1y
1c
1i
#90412540609
0t
0s
0r
1y
1c
0i
#90412541021
1t
0s
0r
1y
1c
0i
#90412541673
0t
0s
0r
1y
1c
0i
#90412542086
1t
0s
0r
1y
1c
0i
#90412542740
0t
0s
0r
1y
1c
0i
#90412543152
1t
0s
0r
1y
1c
0i
#90412543808
0t
0s
0r
1y
1c
0i
#90412544219
1t
0s
0r
1y
1c
0i
#90412544869
0t
0s
0r
1y
1c
0i
#90412545284
1t
0s
0r
1y
1c
0i
#90412545934
0t
0s
0r
1y
1c
0i
#90412546348
1t
0s
0r
1y
1c
0i
#90412547001
0t
0s
0r
1y
1c
0i
#90412547413
1t
0s
0r
1y
1c
0i
#90412548061
0t
0s
0r
1y
1c
0i
#90412548475
1t
0s
0r
1y
1c
0i
#90412549124
0t
0s
0r
1y
1c
0i
#90412549537
1t
0s
0r
1y
1c
0i
#90412550188
0t
0s
0r
1y
1c
0i
#90412550601
1t
0s
0r
1y
1c
0i
#90412551247
0t
0s
0r
1y
1c
0i
#90412551661
1t
0s
0r
1y
1c
0i
#90412552309
0t
0s
0r
1y
1c
0i
#90412552722
1t
0s
0r
1y
1c
0i
#90412553372
0t
0s
0r
1y
1c
0i
#90412553784
1t
0s
0r
1y
1c
0i
#90412555470
0t
0s
0r
1y
1c
0i
#90412556655
1t
0s
0r
1y
1c
0i
#90412557625
0t
0s
0r
1y
1c
0i
#90412558024
1t
0s
0r
1y
1c
0i
#90412558676
0t
0s
0r
1y
1c
0i
#90412559086
1t
0s
0r
1y
1c
0i
#90412559736
0t
0s
0r
1y
1c
0i
#90412560146
1t
0s
0r
1y
1c
0i
#90412560795
0t
0s
0r
1y
1c
0i
#90412561207
1t
0s
0r
1y
1c
0i
#90412561856
0t
0s
0r
1y
1c
0i
#90412562266
1t
0s
0r
1y
1c
0i
#90412562918
0t
0s
0r
1y
1c
0i
#90412563327
1t
0s
0r
1y
1c
0i
#90412563975
0t
0s
0r
1y
1c
0i
#90412564385
1t
0s
0r
1y
1c
0i
#90412565035
0t
0s
0r
1y
1c
0i
#90412565445
1t
0s
0r
1y
1c
0i
#90412566096
0t
0s
0r
1y
1c
0i
#90412566507
1t
0s
0r
1y
1c
0i
#90412567154
0t
0s
0r
1y
1c
0i
#90412567567
1t
0s
0r
1y
1c
0i
#90412568217
0t
0s
0r
1y
0c
0i
#90412568629
1t
0s
0r
1y
0c
0i
#90412569283
0t
0s
0r
1y
0c
0i
#90412569694
1t
0s
0r
1y
0c
1i
#90412570346
0t
0s
0r
1y
0c
1i
#90412570758
1t
0s
0r
1y
0c
1i
#90412571412
0t
0s
0r
1y
0c
1i
#90412571825
1t
0s
0r
1y
0c
1i
#90412572482
0t
0s
0r
1y
0c
0i
#90412572893
1t
0s
0r
1y
0c
0i
#90412573546
0t
0s
0r
1y
0c
0i
#90412573959
1t
0s
0r
1y
0c
0i
#90412574613
0t
0s
0r
1y
0c
0i
#90412575024
1t
0s
0r
1y
0c
0i
#90412575682
0t
0s
0r
1y
0c
0i
#90412576091
1t
0s
0r
1y
0c
0i
#90412576743
0t
0s
0r
1y
0c
0i
#90412577157
1t
0s
0r
1y
0c
0i
#90412577809
0t
0s
0r
1y
0c
0i
#90412578220
1t
0s
0r
1y
0c
0i
#90412578875
0t
0s
0r
1y
0c
0i
#90412579285
1t
0s
0r
1y
0c
0i
#90412579936
0t
0s
0r
1y
0c
0i
#90412580347
1t
0s
0r
1y
0c
0i
#90412580999
0t
0s
0r
1y
0c
0i
#90412581408
1t
0s
0r
1y
0c
0i
#90412582063
0t
0s
0r
1y
0c
0i
#90412582470
1t
0s
0r
1y
0c
0i
#90412583120
0t
0s
0r
1y
0c
0i
#90412583529
1t
0s
0r
1y
0c
0i
#90412584180
0t
0s
0r
1y
0c
0i
#90412584588
1t
0s
0r
1y
0c
0i
#90412585242
0t
0s
0r
1y
0c
0i
#90412585649
1t
0s
0r
1y
0c
0i
#90412586299
0t
0s
0r
1y
0c
0i
#90412586709
1t
0s
0r
1y
0c
0i
#90412587359
0t
0s
0r
1y
0c
0i
#90412587769
1t
0s
0r
1y
0c
0i
#90412588422
0t
0s
0r
1y
0c
0i
#90412588831
1t
0s
0r
1y
0c
0i
#90412589480
0t
0s
0r
1y
0c
0i
#90412589890
1t
0s
0r
1y
0c
0i
#90412590540
0t
0s
0r
1y
0c
0i
#90412590950
1t
0s
0r
1y
0c
0i
#90412591604
0t
0s
0r
1y
0c
0i
#90412592013
1t
0s
0r
1y
0c
0i
#90412592661
0t
0s
0r
1y
0c
0i
#90412593073
1t
0s
0r
1y
0c
0i
#90412593722
0t
0s
0r
1y
0c
0i
#90412594133
1t
0s
0r
1y
0c
0i
#90412594785
0t
0s
0r
1y
0c
0i
#90412595195
1t
0s
0r
1y
0c
0i
#90412595843
0t
0s
0r
1y
0c
0i
#90412596254
1t
0s
0r
1y
0c
0i
#90412596904
0t
0s
0r
1y
0c
0i
#90412597314
1t
0s
0r
1y
0c
0i
#90412597966
0t
0s
0r
1y
0c
0i
#90412598377
1t
0s
0r
1y
0c
0i
#90412599025
0t
0s
0r
1y
0c
0i
#90412599438
1t
0s
0r
1y
0c
0i
#90412600088
0t
0s
0r
1y
1c
0i
#90412600500
1t
0s
0r
1y
1c
0i
#90412601155
0t
0s
0r
1y
1c
0i
#90412601566
1t
0s
0r
1y
1c
1i
#90412602218
0t
0s
0r
1y
1c
1i
#90412602632
1t
0s
0r
1y
1c
1i
#90412603285
0t
0s
0r
1y
1c
1i
#90412603699
1t
0s
0r
1y
1c
1i
#90412604357
0t
0s
0r
1y
1c
0i
#90412604768
1t
0s
0r
1y
1c
0i
#90412605421
0t
0s
0r
1y
1c
0i
#90412605835
1t
0s
0r
1y
1c
0i
#90412606489
0t
0s
0r
1y
1c
0i
#90412606902
1t
0s
0r
1y
1c
0i
#90412607559
0t
0s
0r
1y
1c
0i
#90412607970
1t
0s
0r
1y
1c
0i
#90412608622
0t
0s
0r
1y
1c
0i
#90412609036
1t
0s
0r
1y
1c
0i
#90412609688
0t
0s
0r
1y
1c
0i
#90412610102
1t
0s
0r
1y
1c
0i
#90412610756
0t
0s
0r
1y
1c
0i
#90412611168
1t
0s
0r
1y
1c
0i
#90412611818
0t
0s
0r
1y
1c
0i
#90412612232
1t
0s
0r
1y
1c
0i
#90412612882
0t
0s
0r
1y
1c
0i
#90412613296
1t
0s
0r
1y
1c
0i
#90412613948
0t
0s
0r
1y
1c
0i
#90412614361
1t
0s
0r
1y
1c
0i
#90412615008
0t
0s
0r
1y
1c
0i
#90412615422
1t
0s
0r
1y
1c
0i
#90412616070
0t
0s
0r
1y
1c
0i
#90412616483
1t
0s
0r
1y
1c
0i
#90412617134
0t
0s
0r
1y
1c
0i
#90412617546
1t
0s
0r
1y
1c
0i
#90412619233
0t
0s
0r
1y
1c
0i
#90412620418
1t
0s
0r
1y
1c
0i
#90412621389
0t
0s
0r
1y
1c
0i
#90412621788
1t
0s
0r
1y
1c
0i
#90412622440
0t
0s
0r
1y
1c
0i
#90412622850
1t
0s
0r
1y
1c
0i
#90412623501
0t
0s
0r
1y
1c
0i
#90412623911
1t
0s
0r
1y
1c
0i
#90412624561
0t
0s
0r
1y
1c
0i
#90412624973
1t
0s
0r
1y
1c
0i
#90412625622
0t
0s
0r
1y
1c
0i
#90412626033
1t
0s
0r
1y
1c
0i
#90412626685
0t
0s
0r
1y
1c
0i
#90412627094
1t
0s
0r
1y
1c
0i
#90412627742
0t
0s
0r
1y
1c
0i
#90412628153
1t
0s
0r
1y
1c
0i
#90412628802
0t
0s
0r
1y
1c
0i
#90412629212
1t
0s
0r
1y
1c
0i
#90412629865
0t
0s
0r
1y
1c
0i
#90412630275
1t
0s
0r
1y
1c
0i
#90412630924
0t
0s
0r
1y
1c
0i
#90412631336
1t
0s
0r
1y
1c
0i
#90412631986
0t
0s
0r
1y
0c
0i
#90412632398
1t
0s
0r
1y
0c
0i
#90412633053
0t
0s
0r
1y
0c
0i
#90412633463
1t
0s
0r
1y
0c
1i
#90412634115
0t
0s
0r
1y
0c
1i
#90412634528
1t
0s
0r
1y
0c
1i
#90412635181
0t
0s
0r
1y
0c
1i
#90412635595
1t
0s
0r
1y
0c
1i
#90412635648
1t
0s
1r
1y
0c
1i
#90412635651
1t
0s
0r
1y
0c
1i
#90412636252
0t
0s
0r
1y
0c
0i
#90412636664
1t
0s
0r
1y
0c
0i
#90412637317
0t
0s
0r
1y
0c
0i
#90412637730
1t
0s
0r
1y
0c
0i
#90412638385
0t
0s
0r
1y
0c
0i
#90412638796
1t
0s
0r
1y
0c
0i
#90412639454
0t
0s
0r
1y
0c
0i
#90412639863
1t
0s
0r
1y
0c
0i
#90412640516
0t
0s
0r
1y
0c
0i
#90412640929
1t
0s
0r
1y
0c
0i
#90412641581
0t
0s
0r
1y
0c
0i
#90412641992
1t
0s
0r
1y
0c
0i
#90412642647
0t
0s
0r
1y
0c
0i
#90412643056
1t
0s
0r
1y
0c
0i
#90412643707
0t
0s
0r
1y
0c
0i
#90412644117
1t
0s
0r
1y
0c
0i
#90412644768
0t
0s
0r
1y
0c
0i
#90412645176
1t
0s
0r
1y
0c
0i
#90412645830
0t
0s
0r
1y
0c
0i
#90412646236
1t
0s
0r
1y
0c
0i
#90412646885
0t
0s
0r
1y
0c
0i
#90412647294
1t
0s
0r
1y
0c
0i
#90412647945
0t
0s
0r
1y
0c
0i
#90412648352
1t
0s
0r
1y
0c
0i
#90412649005
0t
0s
0r
1y
0c
0i
#90412649412
1t
0s
0r
1y
0c
0i
#90412650062
0t
0s
0r
1y
0c
0i
#90412650471
1t
0s
0r
1y
0c
0i
#90412651121
0t
0s
0r
1y
0c
0i
#90412651531
1t
0s
0r
1y
0c
0i
#90412652184
0t
0s
0r
1y
0c
0i
#90412652592
1t
0s
0r
1y
0c
0i
#90412653242
0t
0s
0r
1y
0c
0i
#90412653652
1t
0s
0r
1y
0c
0i
#90412654303
0t
0s
0r
1y
0c
0i
#90412654712
1t
0s
0r
1y
0c
0i
#90412655366
0t
0s
0r
1y
0c
0i
#90412655774
1t
0s
0r
1y
0c
0i
#90412656422
0t
0s
0r
1y
0c
0i
#90412656834
1t
0s
0r
1y
0c
0i
#90412657484
0t
0s
0r
1y
0c
0i
#90412657894
1t
0s
0r
1y
0c
0i
#90412658546
0t
0s
0r
1y
0c
0i
#90412658956
1t
0s
0r
1y
0c
0i
#90412659604
0t
0s
0r
1y
0c
0i
#90412660015
1t
0s
0r
1y
0c
0i
#90412660664
0t
0s
0r
1y
0c
0i
#90412661075
1t
0s
0r
1y
0c
0i
#90412661727
0t
0s
0r
1y
0c
0i
#90412662138
1t
0s
0r
1y
0c
0i
#90412662786
0t
0s
0r
1y
0c
0i
#90412663199
1t
0s
0r
1y
0c
0i
#90412663851
0t
0s
0r
1y
1c
0i
#90412664262
1t
0s
0r
1y
1c
0i
#90412664918
0t
0s
0r
1y
1c
0i
#90412665329
1t
0s
0r
1y
1c
1i
#90412665981
0t
0s
0r
1y
1c
1i
#90412666395
1t
0s
0r
1y
1c
1i
#90412667049
0t
0s
0r
1y
1c
1i
#90412667463
1t
0s
0r
1y
1c
1i
#90412668120
0t
0s
0r
1y
1c
0i
#90412668533
1t
0s
0r
1y
1c
0i
#90412669186
0t
0s
0r
1y
1c
0i
#90412669600
1t
0s
0r
1y
1c
0i
#90412670254
0t
0s
0r
1y
1c
0i
#90412670667
1t
0s
0r
1y
1c
0i
#90412671324
0t
0s
0r
1y
1c
0i
#90412671736
1t
0s
0r
1y
1c
0i
#90412672388
0t
0s
0r
1y
1c
0i
#90412672803
1t
0s
0r
1y
1c
0i
#90412673454
0t
0s
0r
1y
1c
0i
#90412673868
1t
0s
0r
1y
1c
0i
#90412674523
0t
0s
0r
1y
1c
0i
#90412674935
1t
0s
0r
1y
1c
0i
#90412675584
0t
0s
0r
1y
1c
0i
#90412675997
1t
0s
0r
1y
1c
0i
#90412676646
0t
0s
0r
1y
1c
0i
#90412677058
1t
0s
0r
1y
1c
0i
#90412677709
0t
0s
0r
1y
1c
0i
#90412678121
1t
0s
0r
1y
1c
0i
#90412678767
0t
0s
0r
1y
1c
0i
#90412679181
1t
0s
0r
1y
1c
0i
#90412679828
0t
0s
0r
1y
1c
0i
#90412680240
1t
0s
0r
1y
1c
0i
#90412680890
0t
0s
0r
1y
1c
0i
#90412681301
1t
0s
0r
1y
1c
0i
#90412682986
0t
0s
0r
1y
1c
0i
#90412684169
1t
0s
0r
1y
1c
0i
#90412685139
0t
0s
0r
1y
1c
0i
#90412685537
1t
0s
0r
1y
1c
0i
#90412686189
0t
0s
0r
1y
1c
0i
#90412686598
1t
0s
0r
1y
1c
0i
#90412687248
0t
0s
0r
1y
1c
0i
#90412687657
1t
0s
0r
1y
1c
0i
#90412688306
0t
0s
0r
1y
1c
0i
#90412688717
1t
0s
0r
1y
1c
0i
#90412689366
0t
0s
0r
1y
1c
0i
#90412689776
1t
0s
0r
1y
1c
0i
#90412690427
0t
0s
0r
1y
1c
0i
#90412690835
1t
0s
0r
1y
1c
0i
#90412691483
0t
0s
0r
1y
1c
0i
#90412691893
1t
0s
0r
1y
1c
0i
#90412692541
0t
0s
0r
1y
1c
0i
#90412692951
1t
0s
0r
1y
1c
0i
#90412693601
0t
0s
0r
1y
1c
0i
#90412694012
1t
0s
0r
1y
1c
0i
#90412694659
0t
0s
0r
1y
1c
0i
#90412695071
1t
0s
0r
1y
1c
0i
#90412695720
0t
0s
0r
1y
0c
0i
#90412696131
1t
0s
0r
1y
0c
0i
#90412696785
0t
0s
0r
1y
0c
0i
#90412697195
1t
0s
0r
1y
0c
1i
#90412697846
0t
0s
0r
1y
0c
1i
#90412698258
1t
0s
0r
1y
0c
1i
#90412698911
0t
0s
0r
1y
0c
1i
#90412699323
1t
0s
0r
1y
0c
1i
#90412699980
0t
0s
0r
1y
0c
0i
#90412700390
1t
0s
0r
1y
0c
0i
#90412701042
0t
0s
0r
1y
0c
0i
#90412701455
1t
0s
0r
1y
0c
0i
#90412702108
0t
0s
0r
1y
0c
0i
#90412702519
1t
0s
0r
1y
0c
0i
#90412703175
0t
0s
0r
1y
0c
0i
#90412703585
1t
0s
0r
1y
0c
0i
#90412704237
0t
0s
0r
1y
0c
0i
#90412704649
1t
0s
0r
1y
0c
0i
#90412705300
0t
0s
0r
1y
0c
0i
#90412705711
1t
0s
0r
1y
0c
0i
#90412706364
0t
0s
0r
1y
0c
0i
#90412706773
1t
0s
0r
1y
0c
0i
#90412707423
0t
0s
0r
1y
0c
0i
#90412707832
1t
0s
0r
1y
0c
0i
#90412708482
0t
0s
0r
1y
0c
0i
#90412708890
1t
0s
0r
1y
0c
0i
#90412709542
0t
0s
0r
1y
0c
0i
#90412709948
1t
0s
0r
1y
0c
0i
#90412710596
0t
0s
0r
1y
0c
0i
#90412711004
1t
0s
0r
1y
0c
0i
#90412711653
0t
0s
0r
1y
0c
0i
#90412712060
1t
0s
0r
1y
0c
0i
#90412712711
0t
0s
0r
1y
0c
0i
#90412713118
1t
0s
0r
1y
0c
0i
#90412713766
0t
0s
0r
1y
0c
0i
#90412714174
1t
0s
0r
1y
0c
0i
#90412714822
0t
0s
0r
1y
0c
0i
#90412715232
1t
0s
0r
1y
0c
0i
#90412715883
0t
0s
0r
1y
0c
0i
#90412716291
1t
0s
0r
1y
0c
0i
#90412716937
0t
0s
0r
1y
0c
0i
#90412717347
1t
0s
0r
1y
0c
0i
#90412717996
0t
0s
0r
1y
0c
0i
#90412718404
1t
0s
0r
1y
0c
0i
#90412719055
0t
0s
0r
1y
0c
0i
#90412719463
1t
0s
0r
1y
0c
0i
#90412720109
0t
0s
0r
1y
0c
0i
#90412720519
1t
0s
0r
1y
0c
0i
#90412721166
0t
0s
0r
1y
0c
0i
#90412721575
1t
0s
0r
1y
0c
0i
#90412722225
0t
0s
0r
1y
0c
0i
#90412722633
1t
0s
0r
1y
0c
0i
#90412723279
0t
0s
0r
1y
0c
0i
#90412723688
1t
0s
0r
1y
0c
0i
#90412724335
0t
0s
0r
1y
0c
0i
#90412724744
1t
0s
0r
1y
0c
0i
#90412725393
0t
0s
0r
1y
0c
0i
#90412725804
1t
0s
0r
1y
0c
0i
#90412726448
0t
0s
0r
1y
0c
0i
#90412726860
1t
0s
0r
1y
0c
0i
#90412727508
0t
0s
0r
1y
1c
0i
#90412727918
1t
0s
0r
1y
1c
0i
#90412728571
0t
0s
0r
1y
1c
0i
#90412728980
1t
0s
0r
1y
1c
1i
#90412729629
0t
0s
0r
1y
1c
1i
#90412730041
1t
0s
0r
1y
1c
1i
#90412730693
0t
0s
0r
1y
1c
1i
#90412731105
1t
0s
0r
1y
1c
1i
#90412731760
0t
0s
0r
1y
1c
0i
#90412732171
1t
0s
0r
1y
1c
0i
#90412732822
0t
0s
0r
1y
1c
0i
#90412733234
1t
0s
0r
1y
1c
0i
#90412733886
0t
0s
0r
1y
1c
0i
#90412734298
1t
0s
0r
1y
1c
0i
#90412734952
0t
0s
0r
1y
1c
0i
#90412735362
1t
0s
0r
1y
1c
0i
#90412736011
0t
0s
0r
1y
1c
0i
#90412736424
1t
0s
0r
1y
1c
0i
#90412737072
0t
0s
0r
1y
1c
0i
#90412737485
1t
0s
0r
1y
1c
0i
#90412738135
0t
0s
0r
1y
1c
0i
#90412738545
1t
0s
0r
1y
1c
0i
#90412739190
0t
0s
0r
1y
1c
0i
#90412739601
1t
0s
0r
1y
1c
0i
#90412740246
0t
0s
0r
1y
1c
0i
#90412740655
1t
0s
0r
1y
1c
0i
#90412741302
0t
0s
0r
1y
1c
0i
#90412741711
1t
0s
0r
1y
1c
0i
#90412742353
0t
0s
0r
1y
1c
0i
#90412742764
1t
0s
0r
1y
1c
0i
#90412743406
0t
0s
0r
1y
1c
0i
#90412743816
1t
0s
0r
1y
1c
0i
#90412744462
0t
0s
0r
1y
1c
0i
#90412744870
1t
0s
0r
1y
1c
0i
#90412746544
0t
0s
0r
1y
1c
0i
#90412747722
1t
0s
0r
1y
1c
0i
#90412748684
0t
0s
0r
1y
1c
0i
#90412749081
1t
0s
0r
1y
1c
0i
#90412749728
0t
0s
0r
1y
1c
0i
#90412750135
1t
0s
0r
1y
1c
0i
#90412750781
0t
0s
0r
1y
1c
0i
#90412751188
1t
0s
0r
1y
1c
0i
#90412751833
0t
0s
0r
1y
1c
0i
#90412752242
1t
0s
0r
1y
1c
0i
#90412752886
0t
0s
0r
1y
1c
0i
#90412753294
1t
0s
0r
1y
1c
0i
#90412753941
0t
0s
0r
1y
1c
0i
#90412754347
1t
0s
0r
1y
1c
0i
#90412754989
0t
0s
0r
1y
1c
0i
#90412755398
1t
0s
0r
1y
1c
0i
#90412756042
0t
0s
0r
1y
1c
0i
#90412756449
1t
0s
0r
1y
1c
0i
#90412757095
0t
0s
0r
1y
1c
0i
#90412757504
1t
0s
0r
1y
1c
0i
#90412758146
0t
0s
0r
1y
0c
0i
#90412758556
1t
0s
0r
1y
0c
0i
#90412759201
0t
0s
0r
1y
0c
0i
#90412759610
1t
0s
0r
1y
0c
0i
#90412760259
0t
0s
0r
1y
0c
0i
#90412760667
1t
0s
0r
1y
0c
1i
#90412761314
0t
0s
0r
1y
0c
1i
#90412761724
1t
0s
0r
1y
0c
1i
#90412762373
0t
0s
0r
1y
0c
1i
#90412762783
1t
0s
0r
1y
0c
1i
#90412762934
1t
0s
1r
1y
0c
1i
#90412762937
1t
0s
0r
1y
0c
1i
#90412763435
0t
0s
0r
1y
0c
0i
#90412763844
1t
0s
0r
1y
0c
0i
#90412764493
0t
0s
0r
1y
0c
0i
#90412764903
1t
0s
0r
1y
0c
0i
#90412765553
0t
0s
0r
1y
0c
0i
#90412765962
1t
0s
0r
1y
0c
0i
#90412766614
0t
0s
0r
1y
0c
0i
#90412767021
1t
0s
0r
1y
0c
0i
#90412767669
0t
0s
0r
1y
0c
0i
#90412768079
1t
0s
0r
1y
0c
0i
#90412768726
0t
0s
0r
1y
0c
0i
#90412769135
1t
0s
0r
1y
0c
0i
#90412769786
0t
0s
0r
1y
0c
0i
#90412770192
1t
0s
0r
1y
0c
0i
#90412770839
0t
0s
0r
1y
0c
0i
#90412771246
1t
0s
0r
1y
0c
0i
#90412771893
0t
0s
0r
1y
0c
0i
#90412772299
1t
0s
0r
1y
0c
0i
#90412772949
0t
0s
0r
1y
0c
0i
#90412773353
1t
0s
0r
1y
0c
0i
#90412773998
0t
0s
0r
1y
0c
0i
#90412774404
1t
0s
0r
1y
0c
0i
#90412775051
0t
0s
0r
1y
0c
0i
#90412775456
1t
0s
0r
1y
0c
0i
#90412776106
0t
0s
0r
1y
0c
0i
#90412776510
1t
0s
0r
1y
0c
0i
#90412777156
0t
0s
0r
1y
0c
0i
#90412777563
1t
0s
0r
1y
0c
0i
#90412778208
0t
0s
0r
1y
0c
0i
#90412778617
1t
0s
0r
1y
0c
0i
#90412779265
0t
0s
0r
1y
0c
0i
#90412779671
1t
0s
0r
1y
0c
0i
#90412780315
0t
0s
0r
1y
0c
0i
#90412780724
1t
0s
0r
1y
0c
0i
#90412781370
0t
0s
0r
1y
0c
0i
#90412781777
1t
0s
0r
1y
0c
0i
#90412782427
0t
0s
0r
1y
0c
0i
#90412782833
1t
0s
0r
1y
0c
0i
#90412783477
0t
0s
0r
1y
0c
0i
#90412783886
1t
0s
0r
1y
0c
0i
#90412784532
0t
0s
0r
1y
0c
0i
#90412784940
1t
0s
0r
1y
0c
0i
#90412785588
0t
0s
0r
1y
0c
0i
#90412785995
1t
0s
0r
1y
0c
0i
#90412786640
0t
0s
0r
1y
0c
0i
#90412787049
1t
0s
0r
1y
0c
0i
#90412787694
0t
0s
0r
1y
0c
0i
#90412788103
1t
0s
0r
1y
0c
0i
#90412788751
0t
0s
0r
1y
0c
0i
#90412789161
1t
0s
0r
1y
0c
0i
#90412789804
0t
0s
0r
1y
0c
0i
#90412790216
1t
0s
0r
1y
0c
0i
#90412790863
0t
0s
0r
1y
1c
0i
#90412791273
1t
0s
0r
1y
1c
0i
#90412791925
0t
0s
0r
1y
1c
0i
#90412792334
1t
0s
0r
1y
1c
1i
#90412792983
0t
0s
0r
1y
1c
1i
#90412793394
1t
0s
0r
1y
1c
1i
#90412794046
0t
0s
0r
1y
1c
1i
#90412794457
1t
0s
0r
1y
1c
1i
#90412795111
0t
0s
0r
1y
1c
0i
#90412795521
1t
0s
0r
1y
1c
0i
#90412796171
0t
0s
0r
1y
1c
0i
#90412796582
1t
0s
0r
1y
1c
0i
#90412797233
0t
0s
0r
1y
1c
0i
#90412797644
1t
0s
0r
1y
1c
0i
#90412798297
0t
0s
0r
1y
1c
0i
#90412798707
1t
0s
0r
1y
1c
0i
#90412799354
0t
0s
0r
1y
1c
0i
#90412799767
1t
0s
0r
1y
1c
0i
#90412800414
0t
0s
0r
1y
1c
0i
#90412800826
1t
0s
0r
1y
1c
0i
#90412801474
0t
0s
0r
1y
1c
0i
#90412801884
1t
0s
0r
1y
1c
0i
#90412802528
0t
0s
0r
1y
1c
0i
#90412802939
1t
0s
0r
1y
1c
0i
#90412803582
0t
0s
0r
1y
1c
0i
#90412803992
1t
0s
0r
1y
1c
0i
#90412804637
0t
0s
0r
1y
1c
0i
#90412805047
1t
0s
0r
1y
1c
0i
#90412805687
0t
0s
0r
1y
1c
0i
#90412806098
1t
0s
0r
1y
1c
0i
#90412806740
0t
0s
0r
1y
1c
0i
#90412807149
1t
0s
0r
1y
1c
0i
#90412807794
0t
0s
0r
1y
1c
0i
#90412808202
1t
0s
0r
1y
1c
0i
#90412809874
0t
0s
0r
1y
1c
0i
#90412946794
1t
0s
0r
1y
1c
0i
#90412947447
0t
0s
0r
1y
1c
0i
#90412947858
1t
0s
0r
1y
1c
0i
#90412948507
0t
0s
0r
1y
0c
0i
#90412948920
1t
0s
0r
1y
0c
0i
#90412949572
0t
0s
0r
1y
0c
0i
#90412949984
1t
0s
0r
1y
0c
0i
#90412950640
0t
0s
0r
1y
0c
0i
#90412951051
1t
0s
0r
1y
0c
1i
#90412951705
0t
0s
0r
1y
0c
1i
#90412952118
1t
0s
0r
1y
0c
1i
#90412952773
0t
0s
0r
1y
0c
1i
#90412953187
1t
0s
0r
1y
0c
1i
#90412953846
0t
0s
0r
1y
0c
0i
#90412954258
1t
0s
0r
1y
0c
0i
#90412954913
0t
0s
0r
1y
0c
0i
#90412955326
1t
0s
0r
1y
0c
0i
#90412955982
0t
0s
0r
1y
0c
0i
#90412956394
1t
0s
0r
1y
0c
0i
#90412957052
0t
0s
0r
1y
0c
0i
#90412957463
1t
0s
0r
1y
0c
0i
#90412958115
0t
0s
0r
1y
0c
0i
#90412958529
1t
0s
0r
1y
0c
0i
#90412959181
0t
0s
0r
1y
0c
0i
#90412959592
1t
0s
0r
1y
0c
0i
#90412960246
0t
0s
0r
1y
0c
0i
#90412960654
1t
0s
0r
1y
0c
0i
#90412961303
0t
0s
0r
1y
0c
0i
#90412961712
1t
0s
0r
1y
0c
0i
#90412962362
0t
0s
0r
1y
0c
0i
#90412962769
1t
0s
0r
1y
0c
0i
#90412963420
0t
0s
0r
1y
0c
0i
#90412963826
1t
0s
0r
1y
0c
0i
#90412964472
0t
0s
0r
1y
0c
0i
#90412964879
1t
0s
0r
1y
0c
0i
#90412965527
0t
0s
0r
1y
0c
0i
#90412965934
1t
0s
0r
1y
0c
0i
#90412966584
0t
0s
0r
1y
0c
0i
#90412966990
1t
0s
0r
1y
0c
0i
#90412967638
0t
0s
0r
1y
0c
0i
#90412968045
1t
0s
0r
1y
0c
0i
#90412968692
0t
0s
0r
1y
0c
0i
#90412969102
1t
0s
0r
1y
0c
0i
#90412969753
0t
0s
0r
1y
0c
0i
#90412970160
1t
0s
0r
1y
0c
0i
#90412970806
0t
0s
0r
1y
0c
0i
#90412971216
1t
0s
0r
1y
0c
0i
#90412971864
0t
0s
0r
1y
0c
0i
#90412972272
1t
0s
0r
1y
0c
0i
#90412972923
0t
0s
0r
1y
0c
0i
#90412973330
1t
0s
0r
1y
0c
0i
#90412973976
0t
0s
0r
1y
0c
0i
#90412974386
1t
0s
0r
1y
0c
0i
#90412975033
0t
0s
0r
1y
0c
0i
#90412975442
1t
0s
0r
1y
0c
0i
#90412976091
0t
0s
0r
1y
0c
0i
#90412976499
1t
0s
0r
1y
0c
0i
#90412977144
0t
0s
0r
1y
0c
0i
#90412977554
1t
0s
0r
1y
0c
0i
#90412978200
0t
0s
0r
1y
0c
0i
#90412978609
1t
0s
0r
1y
0c
0i
#90412979258
0t
0s
0r
1y
0c
0i
#90412979668
1t
0s
0r
1y
0c
0i
#90412980312
0t
0s
0r
1y
0c
0i
#90412980724
1t
0s
0r
1y
0c
0i
#90412981371
0t
0s
0r
1y
1c
0i
#90412981782
1t
0s
0r
1y
1c
0i
#90412982434
0t
0s
0r
1y
1c
0i
#90412982844
1t
0s
0r
1y
1c
1i
#90412983493
0t
0s
0r
1y
1c
1i
#90412983905
1t
0s
0r
1y
1c
1i
#90412984556
0t
0s
0r
1y
1c
1i
#90412984968
1t
0s
0r
1y
1c
1i
#90412985623
0t
0s
0r
1y
1c
0i
#90412986033
1t
0s
0r
1y
1c
0i
#90412986684
0t
0s
0r
1y
1c
0i
#90412987096
1t
0s
0r
1y
1c
0i
#90412987748
0t
0s
0r
1y
1c
0i
#90412988159
1t
0s
0r
1y
1c
0i
#90412988813
0t
0s
0r
1y
1c
0i
#90412989224
1t
0s
0r
1y
1c
0i
#90412989871
0t
0s
0r
1y
1c
0i
#90412990284
1t
0s
0r
1y
1c
0i
#90412990931
0t
0s
0r
1y
1c
0i
#90412991342
1t
0s
0r
1y
1c
0i
#90412991990
0t
0s
0r
1y
1c
0i
#90412992399
1t
0s
0r
1y
1c
0i
#90412993042
0t
0s
0r
1y
1c
0i
#90412993451
1t
0s
0r
1y
1c
0i
#90412994093
0t
0s
0r
1y
1c
0i
#90412994501
1t
0s
0r
1y
1c
0i
#90412995145
0t
0s
0r
1y
1c
0i
#90412995553
1t
0s
0r
1y
1c
0i
#90412996191
0t
0s
0r
1y
1c
0i
#90412996601
1t
0s
0r
1y
1c
0i
#90412997242
0t
0s
0r
1y
1c
0i
#90412997650
1t
0s
0r
1y
1c
0i
#90412998293
0t
0s
0r
1y
1c
0i
#90412998700
1t
0s
0r
1y
1c
0i
#94707914090
1t
0s
0r
1y
1c
0i
#94707914743
0t
0s
0r
1y
1c
0i
#94707915154
1t
0s
0r
1y
1c
0i
#94707915803
0t
0s
0r
1y
0c
0i
#94707916216
1t
0s
0r
1y
0c
0i
#94707916868
0t
0s
0r
1y
0c
0i
#94707917280
1t
0s
0r
1y
0c
0i
#94707917936
0t
0s
0r
1y
0c
0i
#94707918347
1t
0s
0r
1y
0c
1i
#94707919001
0t
0s
0r
1y
0c
1i
#94707919414
1t
0s
0r
1y
0c
1i
#94707920069
0t
0s
0r
1y
0c
1i
#94707920483
1t
0s
0r
1y
0c
1i
#94707921142
0t
0s
0r
1y
0c
0i
#94707921554
1t
0s
0r
1y
0c
0i
#94707922209
0t
0s
0r
1y
0c
0i
#94707922622
1t
0s
0r
1y
0c
0i
#94707923278
0t
0s
0r
1y
0c
0i
#94707923690
1t
0s
0r
1y
0c
0i
#94707924348
0t
0s
0r
1y
0c
0i
#94707924759
1t
0s
0r
1y
0c
0i
#94707925411
0t
0s
0r
1y
0c
0i
#94707925825
1t
0s
0r
1y
0c
0i
#94707926477
0t
0s
0r
1y
0c
0i
#94707926888
1t
0s
0r
1y
0c
0i
#94707927542
0t
0s
0r
1y
0c
0i
#94707927950
1t
0s
0r
1y
0c
0i
#94707928599
0t
0s
0r
1y
0c
0i
#94707929008
1t
0s
0r
1y
0c
0i
#94707929658
0t
0s
0r
1y
0c
0i
#94707930065
1t
0s
0r
1y
0c
0i
#94707930716
0t
0s
0r
1y
0c
0i
#94707931122
1t
0s
0r
1y
0c
0i
#94707931768
0t
0s
0r
1y
0c
0i
#94707932175
1t
0s
0r
1y
0c
0i
#94707932823
0t
0s
0r
1y
0c
0i
#94707933230
1t
0s
0r
1y
0c
0i
#94707933880
0t
0s
0r
1y
0c
0i
#94707934286
1t
0s
0r
1y
0c
0i
#94707934934
0t
0s
0r
1y
0c
0i
#94707935341
1t
0s
0r
1y
0c
0i
#94707935988
0t
0s
0r
1y
0c
0i
#94707936398
1t
0s
0r
1y
0c
0i
#94707937049
0t
0s
0r
1y
0c
0i
#94707937456
1t
0s
0r
1y
0c
0i
#94707938102
0t
0s
0r
1y
0c
0i
#94707938512
1t
0s
0r
1y
0c
0i
#94707939160
0t
0s
0r
1y
0c
0i
#94707939568
1t
0s
0r
1y
0c
0i
#94707940219
0t
0s
0r
1y
0c
0i
#94707940626
1t
0s
0r
1y
0c
0i
#94707941272
0t
0s
0r
1y
0c
0i
#94707941682
1t
0s
0r
1y
0c
0i
#94707942329
0t
0s
0r
1y
0c
0i
#94707942738
1t
0s
0r
1y
0c
0i
#94707943387
0t
0s
0r
1y
0c
0i
#94707943795
1t
0s
0r
1y
0c
0i
#94707944440
0t
0s
0r
1y
0c
0i
#94707944850
1t
0s
0r
1y
0c
0i
#94707945496
0t
0s
0r
1y
0c
0i
#94707945905
1t
0s
0r
1y
0c
0i
#94707946554
0t
0s
0r
1y
0c
0i
#94707946964
1t
0s
0r
1y
0c
0i
#94707947608
0t
0s
0r
1y
0c
0i
#94707948020
1t
0s
0r
1y
0c
0i
#94707948667
0t
0s
0r
1y
1c
0i
#94707949078
1t
0s
0r
1y
1c
0i
#94707949730
0t
0s
0r
1y
1c
0i
#94707950140
1t
0s
0r
1y
1c
1i
#94707950789
0t
0s
0r
1y
1c
1i
#94707951201
1t
0s
0r
1y
1c
1i
#94707951852
0t
0s
0r
1y
1c
1i
#94707952264
1t
0s
0r
1y
1c
1i
#94707952919
0t
0s
0r
1y
1c
0i
#94707953329
1t
0s
0r
1y
1c
0i
#94707953980
0t
0s
0r
1y
1c
0i
#94707954392
1t
0s
0r
1y
1c
0i
#94707955044
0t
0s
0r
1y
1c
0i
#94707955455
1t
0s
0r
1y
1c
0i
#94707956109
0t
0s
0r
1y
1c
0i
#94707956520
1t
0s
0r
1y
1c
0i
#94707957167
0t
0s
0r
1y
1c
0i
#94707957580
1t
0s
0r
1y
1c
0i
#94707958227
0t
0s
0r
1y
1c
0i
#94707958638
1t
0s
0r
1y
1c
0i
#94707959286
0t
0s
0r
1y
1c
0i
#94707959695
1t
0s
0r
1y
1c
0i
#94707960338
0t
0s
0r
1y
1c
0i
#94707960747
1t
0s
0r
1y
1c
0i
#94707961389
0t
0s
0r
1y
1c
0i
#94707961797
1t
0s
0r
1y
1c
0i
#94707962441
0t
0s
0r
1y
1c
0i
#94707962849
1t
0s
0r
1y
1c
0i
#94707963487
0t
0s
0r
1y
1c
0i
#94707963897
1t
0s
0r
1y
1c
0i
#94707964538
0t
0s
0r
1y
1c
0i
#94707964946
1t
0s
0r
1y
1c
0i
#94707965589
0t
0s
0r
1y
1c
0i
#94707965996
1t
0s
0r
1y
1c
0i
#94707967665
0t
0s
0r
1y
1c
0i
#94707968839
1t
0s
0r
1y
1c
0i
#94707969799
0t
0s
0r
1y
1c
0i
#94707970194
1t
0s
0r
1y
1c
0i
#94707970839
0t
0s
0r
1y
1c
0i
#94707971245
1t
0s
0r
1y
1c
0i
#94707971889
0t
0s
0r
1y
1c
0i
#94707972295
1t
0s
0r
1y
1c
0i
#94707972938
0t
0s
0r
1y
1c
0i
#94707973346
1t
0s
0r
1y
1c
0i
#94707973988
0t
0s
0r
1y
1c
0i
#94707974395
1t
0s
0r
1y
1c
0i
#94707975040
0t
0s
0r
1y
1c
0i
#94707975445
1t
0s
0r
1y
1c
0i
#94707976086
0t
0s
0r
1y
1c
0i
#94707976493
1t
0s
0r
1y
1c
0i
#94707977135
0t
0s
0r
1y
1c
0i
#94707977541
1t
0s
0r
1y
1c
0i
#94707978186
0t
0s
0r
1y
1c
0i
#94707978593
1t
0s
0r
1y
1c
0i
#94707979234
0t
0s
0r
1y
1c
0i
#94707979642
1t
0s
0r
1y
1c
0i
#94707980285
0t
0s
0r
1y
0c
0i
#94707980694
1t
0s
0r
1y
0c
0i
#94707981342
0t
0s
0r
1y
0c
0i
#94707981748
1t
0s
0r
1y
0c
1i
#94707982394
0t
0s
0r
1y
0c
1i
#94707982803
1t
0s
0r
1y
0c
1i
#94707983450
0t
0s
0r
1y
0c
1i
#94707983859
1t
0s
0r
1y
0c
1i
#94707984030
1t
0s
1r
1y
0c
1i
#94707984033
1t
0s
0r
1y
0c
1i
#94707984509
0t
0s
0r
1y
0c
0i
#94707984917
1t
0s
0r
1y
0c
0i
#94707985564
0t
0s
0r
1y
0c
0i
#94707985973
1t
0s
0r
1y
0c
0i
#94707986621
0t
0s
0r
1y
0c
0i
#94707987029
1t
0s
0r
1y
0c
0i
#94707987679
0t
0s
0r
1y
0c
0i
#94707988086
1t
0s
0r
1y
0c
0i
#94707988732
0t
0s
0r
1y
0c
0i
#94707989142
1t
0s
0r
1y
0c
0i
#94707989788
0t
0s
0r
1y
0c
0i
#94707990196
1t
0s
0r
1y
0c
0i
#94707990846
0t
0s
0r
1y
0c
0i
#94707991252
1t
0s
0r
1y
0c
0i
#94707991899
0t
0s
0r
1y
0c
0i
#94707992306
1t
0s
0r
1y
0c
0i
#94707992954
0t
0s
0r
1y
0c
0i
#94707993360
1t
0s
0r
1y
0c
0i
#94707994010
0t
0s
0r
1y
0c
0i
#94707994415
1t
0s
0r
1y
0c
0i
#94707995060
0t
0s
0r
1y
0c
0i
#94707995466
1t
0s
0r
1y
0c
0i
#94707996113
0t
0s
0r
1y
0c
0i
#94707996519
1t
0s
0r
1y
0c
0i
#94707997168
0t
0s
0r
1y
0c
0i
#94707997572
1t
0s
0r
1y
0c
0i
#94707998218
0t
0s
0r
1y
0c
0i
#94707998625
1t
0s
0r
1y
0c
0i
#94707999270
0t
0s
0r
1y
0c
0i
#94707999678
1t
0s
0r
1y
0c
0i
#94708000326
0t
0s
0r
1y
0c
0i
#94708000732
1t
0s
0r
1y
0c
0i
#94708001376
0t
0s
0r
1y
0c
0i
#94708001784
1t
0s
0r
1y
0c
0i
#94708002429
0t
0s
0r
1y
0c
0i
#94708002837
1t
0s
0r
1y
0c
0i
#94708003486
0t
0s
0r
1y
0c
0i
#94708003892
1t
0s
0r
1y
0c
0i
#94708004536
0t
0s
0r
1y
0c
0i
#94708004945
1t
0s
0r
1y
0c
0i
#94708005590
0t
0s
0r
1y
0c
0i
#94708005999
1t
0s
0r
1y
0c
0i
#94708006647
0t
0s
0r
1y
0c
0i
#94708007054
1t
0s
0r
1y
0c
0i
#94708007698
0t
0s
0r
1y
0c
0i
#94708008107
1t
0s
0r
1y
0c
0i
#94708008752
0t
0s
0r
1y
0c
0i
#94708009161
1t
0s
0r
1y
0c
0i
#94708009809
0t
0s
0r
1y
0c
0i
#94708010218
1t
0s
0r
1y
0c
0i
#94708010862
0t
0s
0r
1y
0c
0i
#94708011273
1t
0s
0r
1y
0c
0i
#94708011920
0t
0s
0r
1y
1c
0i
#94708012330
1t
0s
0r
1y
1c
0i
#94708012981
0t
0s
0r
1y
1c
0i
#94708013390
1t
0s
0r
1y
1c
1i
#94708014038
0t
0s
0r
1y
1c
1i
#94708014449
1t
0s
0r
1y
1c
1i
#94708015100
0t
0s
0r
1y
1c
1i
#94708015511
1t
0s
0r
1y
1c
1i
#94708016164
0t
0s
0r
1y
1c
0i
#94708016574
1t
0s
0r
1y
1c
0i
#94708017223
0t
0s
0r
1y
1c
0i
#94708017634
1t
0s
0r
1y
1c
0i
#94708018284
0t
0s
0r
1y
1c
0i
#94708018695
1t
0s
0r
1y
1c
0i
#94708019347
0t
0s
0r
1y
1c
0i
#94708019756
1t
0s
0r
1y
1c
0i
#94708020402
0t
0s
0r
1y
1c
0i
#94708020815
1t
0s
0r
1y
1c
0i
#94708021461
0t
0s
0r
1y
1c
0i
#94708021872
1t
0s
0r
1y
1c
0i
#94708022520
0t
0s
0r
1y
1c
0i
#94708022929
1t
0s
0r
1y
1c
0i
#94708023572
0t
0s
0r
1y
1c
0i
#94708023982
1t
0s
0r
1y
1c
0i
#94708024625
0t
0s
0r
1y
1c
0i
#94708025035
1t
0s
0r
1y
1c
0i
#94708025680
0t
0s
0r
1y
1c
0i
#94708026089
1t
0s
0r
1y
1c
0i
#94708026730
0t
0s
0r
1y
1c
0i
#94708027140
1t
0s
0r
1y
1c
0i
#94708027781
0t
0s
0r
1y
1c
0i
#94708028191
1t
0s
0r
1y
1c
0i
#94708028836
0t
0s
0r
1y
1c
0i
#94708029244
1t
0s
0r
1y
1c
0i
#94708030915
0t
0s
0r
1y
1c
0i
#94708032092
1t
0s
0r
1y
1c
0i
#94708033053
0t
0s
0r
1y
1c
0i
#94708033449
1t
0s
0r
1y
1c
0i
#94708034096
0t
0s
0r
1y
1c
0i
#94708034503
1t
0s
0r
1y
1c
0i
#94708035147
0t
0s
0r
1y
1c
0i
#94708035555
1t
0s
0r
1y
1c
0i
#94708036198
0t
0s
0r
1y
1c
0i
#94708036607
1t
0s
0r
1y
1c
0i
#94708037251
0t
0s
0r
1y
1c
0i
#94708037658
1t
0s
0r
1y
1c
0i
#94708038304
0t
0s
0r
1y
1c
0i
#94708038710
1t
0s
0r
1y
1c
0i
#94708039352
0t
0s
0r
1y
1c
0i
#94708039760
1t
0s
0r
1y
1c
0i
#94708040403
0t
0s
0r
1y
1c
0i
#94708040810
1t
0s
0r
1y
1c
0i
#94708041455
0t
0s
0r
1y
1c
0i
#94708041863
1t
0s
0r
1y
1c
0i
#94708042505
0t
0s
0r
1y
1c
0i
#94708042914
1t
0s
0r
1y
1c
0i
#94708043558
0t
0s
0r
1y
0c
0i
#94708043967
1t
0s
0r
1y
0c
0i
#94708044615
0t
0s
0r
1y
0c
0i
#94708045023
1t
0s
0r
1y
0c
1i
#94708045669
0t
0s
0r
1y
0c
1i
#94708046078
1t
0s
0r
1y
0c
1i
#94708046726
0t
0s
0r
1y
0c
1i
#94708047136
1t
0s
0r
1y
0c
1i
#94708047787
0t
0s
0r
1y
0c
0i
#94708048195
1t
0s
0r
1y
0c
0i
#94708048842
0t
0s
0r
1y
0c
0i
#94708049252
1t
0s
0r
1y
0c
0i
#94708049900
0t
0s
0r
1y
0c
0i
#94708050308
1t
0s
0r
1y
0c
0i
#94708050960
0t
0s
0r
1y
0c
0i
#94708051366
1t
0s
0r
1y
0c
0i
#94708052012
0t
0s
0r
1y
0c
0i
#94708052422
1t
0s
0r
1y
0c
0i
#94708053068
0t
0s
0r
1y
0c
0i
#94708053476
1t
0s
0r
1y
0c
0i
#94708054125
0t
0s
0r
1y
0c
0i
#94708054531
1t
0s
0r
1y
0c
0i
#94708055176
0t
0s
0r
1y
0c
0i
#94708055582
1t
0s
0r
1y
0c
0i
#94708056227
0t
0s
0r
1y
0c
0i
#94708056633
1t
0s
0r
1y
0c
0i
#94708057281
0t
0s
0r
1y
0c
0i
#94708057684
1t
0s
0r
1y
0c
0i
#94708058327
0t
0s
0r
1y
0c
0i
#94708058732
1t
0s
0r
1y
0c
0i
#94708059377
0t
0s
0r
1y
0c
0i
#94708059782
1t
0s
0r
1y
0c
0i
#94708060429
0t
0s
0r
1y
0c
0i
#94708060832
1t
0s
0r
1y
0c
0i
#94708061476
0t
0s
0r
1y
0c
0i
#94708061882
1t
0s
0r
1y
0c
0i
#94708062525
0t
0s
0r
1y
0c
0i
#94708062932
1t
0s
0r
1y
0c
0i
#94708063578
0t
0s
0r
1y
0c
0i
#94708063984
1t
0s
0r
1y
0c
0i
#94708064625
0t
0s
0r
1y
0c
0i
#94708065033
1t
0s
0r
1y
0c
0i
#94708065676
0t
0s
0r
1y
0c
0i
#94708066083
1t
0s
0r
1y
0c
0i
#94708066730
0t
0s
0r
1y
0c
0i
#94708067135
1t
0s
0r
1y
0c
0i
#94708067777
0t
0s
0r
1y
0c
0i
#94708068185
1t
0s
0r
1y
0c
0i
#94708068827
0t
0s
0r
1y
0c
0i
#94708069235
1t
0s
0r
1y
0c
0i
#94708069880
0t
0s
0r
1y
0c
0i
#94708070286
1t
0s
0r
1y
0c
0i
#94708070928
0t
0s
0r
1y
0c
0i
#94708071335
1t
0s
0r
1y
0c
0i
#94708071978
0t
0s
0r
1y
0c
0i
#94708072385
1t
0s
0r
1y
0c
0i
#94708073030
0t
0s
0r
1y
0c
0i
#94708073437
1t
0s
0r
1y
0c
0i
#94708074078
0t
0s
0r
1y
0c
0i
#94708074487
1t
0s
0r
1y
0c
0i
#94708075131
0t
0s
0r
1y
1c
0i
#94708075539
1t
0s
0r
1y
1c
0i
#94708076186
0t
0s
0r
1y
1c
0i
#94708076594
1t
0s
0r
1y
1c
1i
#94708077238
0t
0s
0r
1y
1c
1i
#94708077648
1t
0s
0r
1y
1c
1i
#94708078295
0t
0s
0r
1y
1c
1i
#94708078704
1t
0s
0r
1y
1c
1i
#94708079355
0t
0s
0r
1y
1c
0i
#94708079763
1t
0s
0r
1y
1c
0i
#94708080408
0t
0s
0r
1y
1c
0i
#94708080818
1t
0s
0r
1y
1c
0i
#94708081466
0t
0s
0r
1y
1c
0i
#94708081875
1t
0s
0r
1y
1c
0i
#94708082524
0t
0s
0r
1y
1c
0i
#94708082932
1t
0s
0r
1y
1c
0i
#94708083575
0t
0s
0r
1y
1c
0i
#94708083986
1t
0s
0r
1y
1c
0i
#94708084630
0t
0s
0r
1y
1c
0i
#94708085040
1t
0s
0r
1y
1c
0i
#94708085686
0t
0s
0r
1y
1c
0i
#94708086094
1t
0s
0r
1y
1c
0i
#94708086735
0t
0s
0r
1y
1c
0i
#94708087144
1t
0s
0r
1y
1c
0i
#94708087785
0t
0s
0r
1y
1c
0i
#94708088193
1t
0s
0r
1y
1c
0i
#94708088836
0t
0s
0r
1y
1c
0i
#94708089244
1t
0s
0r
1y
1c
0i
#94708089882
0t
0s
0r
1y
1c
0i
#94708090292
1t
0s
0r
1y
1c
0i
#94708090931
0t
0s
0r
1y
1c
0i
#94708091340
1t
0s
0r
1y
1c
0i
#94708091983
0t
0s
0r
1y
1c
0i
#94708092389
1t
0s
0r
1y
1c
0i
#94708094056
0t
0s
0r
1y
1c
0i
#94708095227
1t
0s
0r
1y
1c
0i
#94708096186
0t
0s
0r
1y
1c
0i
#94708096581
1t
0s
0r
1y
1c
0i
#94708097226
0t
0s
0r
1y
1c
0i
#94708097631
1t
0s
0r
1y
1c
0i
#94708098273
0t
0s
0r
1y
1c
0i
#94708098679
1t
0s
0r
1y
1c
0i
#94708099321
0t
0s
0r
1y
1c
0i
#94708099728
1t
0s
0r
1y
1c
0i
#94708100369
0t
0s
0r
1y
1c
0i
#94708100775
1t
0s
0r
1y
1c
0i
#94708101419
0t
0s
0r
1y
1c
0i
#94708101823
1t
0s
0r
1y
1c
0i
#94708102463
0t
0s
0r
1y
1c
0i
#94708102869
1t
0s
0r
1y
1c
0i
#94708103510
0t
0s
0r
1y
1c
0i
#94708103916
1t
0s
0r
1y
1c
0i
#94708104559
0t
0s
0r
1y
1c
0i
#94708104965
1t
0s
0r
1y
1c
0i
#94708105605
0t
0s
0r
1y
0c
0i
#94708106012
1t
0s
0r
1y
0c
0i
#94708106655
0t
0s
0r
1y
0c
0i
#94708107061
1t
0s
0r
1y
0c
0i
#94708107708
0t
0s
0r
1y
0c
0i
#94708108114
1t
0s
0r
1y
0c
1i
#94708108758
0t
0s
0r
1y
0c
1i
#94708109165
1t
0s
0r
1y
0c
1i
#94708109811
0t
0s
0r
1y
0c
1i
#94708110220
1t
0s
0r
1y
0c
1i
#94708110333
1t
0s
1r
1y
0c
1i
#94708110335
1t
0s
0r
1y
0c
1i
#94708110868
0t
0s
0r
1y
0c
0i
#94708111276
1t
0s
0r
1y
0c
0i
#94708111921
0t
0s
0r
1y
0c
0i
#94708112329
1t
0s
0r
1y
0c
0i
#94708112975
0t
0s
0r
1y
0c
0i
#94708113383
1t
0s
0r
1y
0c
0i
#94708114032
0t
0s
0r
1y
0c
0i
#94708114438
1t
0s
0r
1y
0c
0i
#94708115082
0t
0s
0r
1y
0c
0i
#94708115490
1t
0s
0r
1y
0c
0i
#94708116134
0t
0s
0r
1y
0c
0i
#94708116540
1t
0s
0r
1y
0c
0i
#94708117187
0t
0s
0r
1y
0c
0i
#94708117591
1t
0s
0r
1y
0c
0i
#94708118233
0t
0s
0r
1y
0c
0i
#94708118637
1t
0s
0r
1y
0c
0i
#94708119280
0t
0s
0r
1y
0c
0i
#94708119683
1t
0s
0r
1y
0c
0i
#94708120327
0t
0s
0r
1y
0c
0i
#94708120729
1t
0s
0r
1y
0c
0i
#94708121369
0t
0s
0r
1y
0c
0i
#94708121772
1t
0s
0r
1y
0c
0i
#94708122413
0t
0s
0r
1y
0c
0i
#94708122816
1t
0s
0r
1y
0c
0i
#94708123460
0t
0s
0r
1y
0c
0i
#94708123862
1t
0s
0r
1y
0c
0i
#94708124503
0t
0s
0r
1y
0c
0i
#94708124907
1t
0s
0r
1y
0c
0i
#94708125548
0t
0s
0r
1y
0c
0i
#94708125953
1t
0s
0r
1y
0c
0i
#94708126597
0t
0s
0r
1y
0c
0i
#94708127001
1t
0s
0r
1y
0c
0i
#94708127640
0t
0s
0r
1y
0c
0i
#94708128046
1t
0s
0r
1y
0c
0i
#94708128687
0t
0s
0r
1y
0c
0i
#94708129092
1t
0s
0r
1y
0c
0i
#94708129737
0t
0s
0r
1y
0c
0i
#94708130140
1t
0s
0r
1y
0c
0i
#94708130780
0t
0s
0r
1y
0c
0i
#94708131187
1t
0s
0r
1y
0c
0i
#94708131827
0t
0s
0r
1y
0c
0i
#94708132233
1t
0s
0r
1y
0c
0i
#94708132875
0t
0s
0r
1y
0c
0i
#94708133280
1t
0s
0r
1y
0c
0i
#94708133919
0t
0s
0r
1y
0c
0i
#94708134325
1t
0s
0r
1y
0c
0i
#94708134966
0t
0s
0r
1y
0c
0i
#94708135372
1t
0s
0r
1y
0c
0i
#94708136014
0t
0s
0r
1y
0c
0i
#94708136421
1t
0s
0r
1y
0c
0i
#94708137059
0t
0s
0r
1y
0c
0i
#94708137468
1t
0s
0r
1y
0c
0i
#94708138109
0t
0s
0r
1y
1c
0i
#94708138517
1t
0s
0r
1y
1c
0i
#94708139163
0t
0s
0r
1y
1c
0i
#94708139569
1t
0s
0r
1y
1c
1i
#94708140212
0t
0s
0r
1y
1c
1i
#94708140620
1t
0s
0r
1y
1c
1i
#94708141266
0t
0s
0r
1y
1c
1i
#94708141674
1t
0s
0r
1y
1c
1i
#94708142322
0t
0s
0r
1y
1c
0i
#94708142730
1t
0s
0r
1y
1c
0i
#94708143374
0t
0s
0r
1y
1c
0i
#94708143783
1t
0s
0r
1y
1c
0i
#94708144428
0t
0s
0r
1y
1c
0i
#94708144836
1t
0s
0r
1y
1c
0i
#94708145485
0t
0s
0r
1y
1c
0i
#94708145892
1t
0s
0r
1y
1c
0i
#94708146534
0t
0s
0r
1y
1c
0i
#94708146945
1t
0s
0r
1y
1c
0i
#94708147588
0t
0s
0r
1y
1c
0i
#94708147998
1t
0s
0r
1y
1c
0i
#94708148644
0t
0s
0r
1y
1c
0i
#94708149051
1t
0s
0r
1y
1c
0i
#94708149692
0t
0s
0r
1y
1c
0i
#94708150102
1t
0s
0r
1y
1c
0i
#94708150743
0t
0s
0r
1y
1c
0i
#94708151152
1t
0s
0r
1y
1c
0i
#94708151796
0t
0s
0r
1y
1c
0i
#94708152204
1t
0s
0r
1y
1c
0i
#94708152844
0t
0s
0r
1y
1c
0i
#94708153253
1t
0s
0r
1y
1c
0i
#94708153894
0t
0s
0r
1y
1c
0i
#94708154303
1t
0s
0r
1y
1c
0i
#94708154946
0t
0s
0r
1y
1c
0i
#94708155354
1t
0s
0r
1y
1c
0i
#94708157022
0t
0s
0r
1y
1c
0i
#94708158196
1t
0s
0r
1y
1c
0i
#94708159155
0t
0s
0r
1y
1c
0i
#94708159550
1t
0s
0r
1y
1c
0i
#94708160195
0t
0s
0r
1y
1c
0i
#94708160601
1t
0s
0r
1y
1c
0i
#94708161244
0t
0s
0r
1y
1c
0i
#94708161650
1t
0s
0r
1y
1c
0i
#94708162292
0t
0s
0r
1y
1c
0i
#94708162700
1t
0s
0r
1y
1c
0i
#94708163341
0t
0s
0r
1y
1c
0i
#94708163748
1t
0s
0r
1y
1c
0i
#94708164392
0t
0s
0r
1y
1c
0i
#94708164797
1t
0s
0r
1y
1c
0i
#94708165437
0t
0s
0r
1y
1c
0i
#94708165844
1t
0s
0r
1y
1c
0i
#94708166485
0t
0s
0r
1y
1c
0i
#94708166892
1t
0s
0r
1y
1c
0i
#94708167536
0t
0s
0r
1y
1c
0i
#94708167943
1t
0s
0r
1y
1c
0i
#94708168583
0t
0s
0r
1y
1c
0i
#94708168991
1t
0s
0r
1y
1c
0i
#94708169634
0t
0s
0r
1y
0c
0i
#94708170042
1t
0s
0r
1y
0c
0i
#94708170689
0t
0s
0r
1y
0c
0i
#94708171096
1t
0s
0r
1y
0c
1i
#94708171741
0t
0s
0r
1y
0c
1i
#94708172149
1t
0s
0r
1y
0c
1i
#94708172795
0t
0s
0r
1y
0c
1i
#94708173204
1t
0s
0r
1y
0c
1i
#94708173854
0t
0s
0r
1y
0c
0i
#94708174261
1t
0s
0r
1y
0c
0i
#94708174906
0t
0s
0r
1y
0c
0i
#94708175315
1t
0s
0r
1y
0c
0i
#94708175962
0t
0s
0r
1y
0c
0i
#94708176370
1t
0s
0r
1y
0c
0i
#94708177019
0t
0s
0r
1y
0c
0i
#94708177425
1t
0s
0r
1y
0c
0i
#94708178069
0t
0s
0r
1y
0c
0i
#94708178479
1t
0s
0r
1y
0c
0i
#94708179123
0t
0s
0r
1y
0c
0i
#94708179532
1t
0s
0r
1y
0c
0i
#94708180179
0t
0s
0r
1y
0c
0i
#94708180585
1t
0s
0r
1y
0c
0i
#94708181229
0t
0s
0r
1y
0c
0i
#94708181636
1t
0s
0r
1y
0c
0i
#94708182280
0t
0s
0r
1y
0c
0i
#94708182686
1t
0s
0r
1y
0c
0i
#94708183333
0t
0s
0r
1y
0c
0i
#94708183736
1t
0s
0r
1y
0c
0i
#94708184379
0t
0s
0r
1y
0c
0i
#94708184784
1t
0s
0r
1y
0c
0i
#94708185428
0t
0s
0r
1y
0c
0i
#94708185832
1t
0s
0r
1y
0c
0i
#94708186478
0t
0s
0r
1y
0c
0i
#94708186881
1t
0s
0r
1y
0c
0i
#94708187524
0t
0s
0r
1y
0c
0i
#94708187929
1t
0s
0r
1y
0c
0i
#94708188571
0t
0s
0r
1y
0c
0i
#94708188978
1t
0s
0r
1y
0c
0i
#94708189622
0t
0s
0r
1y
0c
0i
#94708190028
1t
0s
0r
1y
0c
0i
#94708190668
0t
0s
0r
1y
0c
0i
#94708191075
1t
0s
0r
1y
0c
0i
#94708191717
0t
0s
0r
1y
0c
0i
#94708192124
1t
0s
0r
1y
0c
0i
#94708192769
0t
0s
0r
1y
0c
0i
#94708193173
1t
0s
0r
1y
0c
0i
#94708193814
0t
0s
0r
1y
0c
0i
#94708194221
1t
0s
0r
1y
0c
0i
#94708194863
0t
0s
0r
1y
0c
0i
#94708195269
1t
0s
0r
1y
0c
0i
#94708195913
0t
0s
0r
1y
0c
0i
#94708196319
1t
0s
0r
1y
0c
0i
#94708196959
0t
0s
0r
1y
0c
0i
#94708197366
1t
0s
0r
1y
0c
0i
#94708198007
0t
0s
0r
1y
0c
0i
#94708198414
1t
0s
0r
1y
0c
0i
#94708199057
0t
0s
0r
1y
0c
0i
#94708199465
1t
0s
0r
1y
0c
0i
#94708200104
0t
0s
0r
1y
0c
0i
#94708200513
1t
0s
0r
1y
0c
0i
#94708201155
0t
0s
0r
1y
1c
0i
#94708201564
1t
0s
0r
1y
1c
0i
#94708202211
0t
0s
0r
1y
1c
0i
#94708202618
1t
0s
0r
1y
1c
1i
#94708203261
0t
0s
0r
1y
1c
1i
#94708203671
1t
0s
0r
1y
1c
1i
#94708204317
0t
0s
0r
1y
1c
1i
#94708204726
1t
0s
0r
1y
1c
1i
#94708205376
0t
0s
0r
1y
1c
0i
#94708205784
1t
0s
0r
1y
1c
0i
#94708206429
0t
0s
0r
1y
1c
0i
#94708206838
1t
0s
0r
1y
1c
0i
#94708207485
0t
0s
0r
1y
1c
0i
#94708207893
1t
0s
0r
1y
1c
0i
#94708208543
0t
0s
0r
1y
1c
0i
#94708208950
1t
0s
0r
1y
1c
0i
#94708209594
0t
0s
0r
1y
1c
0i
#94708210004
1t
0s
0r
1y
1c
0i
#94708210647
0t
0s
0r
1y
1c
0i
#94708211057
1t
0s
0r
1y
1c
0i
#94708211703
0t
0s
0r
1y
1c
0i
#94708212111
1t
0s
0r
1y
1c
0i
#94708212752
0t
0s
0r
1y
1c
0i
#94708213161
1t
0s
0r
1y
1c
0i
#94708213802
0t
0s
0r
1y
1c
0i
#94708214210
1t
0s
0r
1y
1c
0i
#94708214852
0t
0s
0r
1y
1c
0i
#94708215260
1t
0s
0r
1y
1c
0i
#94708215897
0t
0s
0r
1y
1c
0i
#94708216306
1t
0s
0r
1y
1c
0i
#94708216944
0t
0s
0r
1y
1c
0i
#94708217352
1t
0s
0r
1y
1c
0i
#94708217994
0t
0s
0r
1y
1c
0i
#94708218400
1t
0s
0r
1y
1c
0i
#94708220064
0t
0s
0r
1y
1c
0i
#94708221234
1t
0s
0r
1y
1c
0i
#94708222191
0t
0s
0r
1y
1c
0i
#94708222585
1t
0s
0r
1y
1c
0i
#94708223228
0t
0s
0r
1y
1c
0i
#94708223633
1t
0s
0r
1y
1c
0i
#94708224274
0t
0s
0r
1y
1c
0i
#94708224680
1t
0s
0r
1y
1c
0i
#94708225320
0t
0s
0r
1y
1c
0i
#94708225728
1t
0s
0r
1y
1c
0i
#94708226368
0t
0s
0r
1y
1c
0i
#94708226774
1t
0s
0r
1y
1c
0i
#94708227417
0t
0s
0r
1y
1c
0i
#94708227821
1t
0s
0r
1y
1c
0i
#94708228459
0t
0s
0r
1y
1c
0i
#94708228866
1t
0s
0r
1y
1c
0i
#94708229506
0t
0s
0r
1y
1c
0i
#94708229911
1t
0s
0r
1y
1c
0i
#94708230554
0t
0s
0r
1y
1c
0i
#94708230960
1t
0s
0r
1y
1c
0i
#94708231598
0t
0s
0r
1y
1c
0i
#94708232006
1t
0s
0r
1y
1c
0i
#94708232647
0t
0s
0r
1y
0c
0i
#94708233053
1t
0s
0r
1y
0c
0i
#94708233699
0t
0s
0r
1y
0c
0i
#94708234104
1t
0s
0r
1y
0c
1i
#94708234747
0t
0s
0r
1y
0c
1i
#94708235154
1t
0s
0r
1y
0c
1i
#94708235798
0t
0s
0r
1y
0c
1i
#94708236206
1t
0s
0r
1y
0c
1i
#94708236294
1t
0s
1r
1y
0c
1i
#94708236296
1t
0s
0r
1y
0c
1i
#94708236854
0t
0s
0r
1y
0c
0i
#94708237260
1t
0s
0r
1y
0c
0i
#94708237904
0t
0s
0r
1y
0c
0i
#94708238312
1t
0s
0r
1y
0c
0i
#94708238957
0t
0s
0r
1y
0c
0i
#94708239363
1t
0s
0r
1y
0c
0i
#94708240012
0t
0s
0r
1y
0c
0i
#94708240416
1t
0s
0r
1y
0c
0i
#94708241060
0t
0s
0r
1y
0c
0i
#94708241469
1t
0s
0r
1y
0c
0i
#94708242114
0t
0s
0r
1y
0c
0i
#94708242521
1t
0s
0r
1y
0c
0i
#94708243169
0t
0s
0r
1y
0c
0i
#94708243575
1t
0s
0r
1y
0c
0i
#94708244221
0t
0s
0r
1y
0c
0i
#94708244628
1t
0s
0r
1y
0c
0i
#94708245276
0t
0s
0r
1y
0c
0i
#94708245683
1t
0s
0r
1y
0c
0i
#94708246334
0t
0s
0r
1y
0c
0i
#94708246739
1t
0s
0r
1y
0c
0i
#94708247387
0t
0s
0r
1y
0c
0i
#94708247794
1t
0s
0r
1y
0c
0i
#94708248443
0t
0s
0r
1y
0c
0i
#94708248851
1t
0s
0r
1y
0c
0i
#94708249503
0t
0s
0r
1y
0c
0i
#94708249909
1t
0s
0r
1y
0c
0i
#94708250558
0t
0s
0r
1y
0c
0i
#94708250966
1t
0s
0r
1y
0c
0i
#94708251615
0t
0s
0r
1y
0c
0i
#94708252024
1t
0s
0r
1y
0c
0i
#94708252675
0t
0s
0r
1y
0c
0i
#94708253083
1t
0s
0r
1y
0c
0i
#94708253730
0t
0s
0r
1y
0c
0i
#94708254139
1t
0s
0r
1y
0c
0i
#94708254787
0t
0s
0r
1y
0c
0i
#94708255196
1t
0s
0r
1y
0c
0i
#94708255847
0t
0s
0r
1y
0c
0i
#94708256255
1t
0s
0r
1y
0c
0i
#94708256901
0t
0s
0r
1y
0c
0i
#94708257312
1t
0s
0r
1y
0c
0i
#94708257959
0t
0s
0r
1y
0c
0i
#94708258369
1t
0s
0r
1y
0c
0i
#94708259019
0t
0s
0r
1y
0c
0i
#94708259427
1t
0s
0r
1y
0c
0i
#94708260074
0t
0s
0r
1y
0c
0i
#94708260484
1t
0s
0r
1y
0c
0i
#94708261132
0t
0s
0r
1y
0c
0i
#94708261542
1t
0s
0r
1y
0c
0i
#94708262192
0t
0s
0r
1y
0c
0i
#94708262603
1t
0s
0r
1y
0c
0i
#94708263249
0t
0s
0r
1y
0c
0i
#94708263661
1t
0s
0r
1y
0c
0i
#94708264311
0t
0s
0r
1y
1c
0i
#94708264722
1t
0s
0r
1y
1c
0i
#94708265376
0t
0s
0r
1y
1c
0i
#94708265786
1t
0s
0r
1y
1c
1i
#94708266437
0t
0s
0r
1y
1c
1i
#94708266850
1t
0s
0r
1y
1c
1i
#94708267503
0t
0s
0r
1y
1c
1i
#94708267915
1t
0s
0r
1y
1c
1i
#94708268571
0t
0s
0r
1y
1c
0i
#94708268982
1t
0s
0r
1y
1c
0i
#94708269634
0t
0s
0r
1y
1c
0i
#94708270046
1t
0s
0r
1y
1c
0i
#94708270699
0t
0s
0r
1y
1c
0i
#94708271111
1t
0s
0r
1y
1c
0i
#94708271766
0t
0s
0r
1y
1c
0i
#94708272176
1t
0s
0r
1y
1c
0i
#94708272826
0t
0s
0r
1y
1c
0i
#94708273240
1t
0s
0r
1y
1c
0i
#94708273889
0t
0s
0r
1y
1c
0i
#94708274302
1t
0s
0r
1y
1c
0i
#94708274955
0t
0s
0r
1y
1c
0i
#94708275366
1t
0s
0r
1y
1c
0i
#94708276014
0t
0s
0r
1y
1c
0i
#94708276428
1t
0s
0r
1y
1c
0i
#94708277077
0t
0s
0r
1y
1c
0i
#94708277489
1t
0s
0r
1y
1c
0i
#94708278140
0t
0s
0r
1y
1c
0i
#94708278553
1t
0s
0r
1y
1c
0i
#94708279199
0t
0s
0r
1y
1c
0i
#94708279613
1t
0s
0r
1y
1c
0i
#94708280260
0t
0s
0r
1y
1c
0i
#94708280673
1t
0s
0r
1y
1c
0i
#94708281324
0t
0s
0r
1y
1c
0i
#94708281735
1t
0s
0r
1y
1c
0i
#94708283421
0t
0s
0r
1y
1c
0i
#94708284605
1t
0s
0r
1y
1c
0i
#94708285576
0t
0s
0r
1y
1c
0i
#94708285974
1t
0s
0r
1y
1c
0i
#94708286626
0t
0s
0r
1y
1c
0i
#94708287036
1t
0s
0r
1y
1c
0i
#94708287686
0t
0s
0r
1y
1c
0i
#94708288096
1t
0s
0r
1y
1c
0i
#94708288745
0t
0s
0r
1y
1c
0i
#94708289157
1t
0s
0r
1y
1c
0i
#94708289806
0t
0s
0r
1y
1c
0i
#94708290216
1t
0s
0r
1y
1c
0i
#94708290867
0t
0s
0r
1y
1c
0i
#94708291276
1t
0s
0r
1y
1c
0i
#94708291923
0t
0s
0r
1y
1c
0i
#94708292334
1t
0s
0r
1y
1c
0i
#94708292984
0t
0s
0r
1y
1c
0i
#94708293393
1t
0s
0r
1y
1c
0i
#94708294044
0t
0s
0r
1y
1c
0i
#94708294455
1t
0s
0r
1y
1c
0i
#94708295102
0t
0s
0r
1y
0c
0i
#94708295514
1t
0s
0r
1y
0c
0i
#94708296164
0t
0s
0r
1y
0c
0i
#94708296575
1t
0s
0r
1y
0c
0i
#94708297230
0t
0s
0r
1y
0c
0i
#94708297640
1t
0s
0r
1y
0c
1i
#94708298291
0t
0s
0r
1y
0c
1i
#94708298703
1t
0s
0r
1y
0c
1i
#94708299357
0t
0s
0r
1y
0c
1i
#94708299769
1t
0s
0r
1y
0c
1i
#94708300426
0t
0s
0r
1y
0c
0i
#94708300837
1t
0s
0r
1y
0c
0i
#94708301489
0t
0s
0r
1y
0c
0i
#94708301902
1t
0s
0r
1y
0c
0i
#94708302556
0t
0s
0r
1y
0c
0i
#94708302966
1t
0s
0r
1y
0c
0i
#94708303621
0t
0s
0r
1y
0c
0i
#94708304030
1t
0s
0r
1y
0c
0i
#94708304678
0t
0s
0r
1y
0c
0i
#94708305089
1t
0s
0r
1y
0c
0i
#94708305736
0t
0s
0r
1y
0c
0i
#94708306144
1t
0s
0r
1y
0c
0i
#94708306792
0t
0s
0r
1y
0c
0i
#94708307197
1t
0s
0r
1y
0c
0i
#94708307840
0t
0s
0r
1y
0c
0i
#94708308246
1t
0s
0r
1y
0c
0i
#94708308889
0t
0s
0r
1y
0c
0i
#94708309293
1t
0s
0r
1y
0c
0i
#94708309939
0t
0s
0r
1y
0c
0i
#94708310342
1t
0s
0r
1y
0c
0i
#94708310983
0t
0s
0r
1y
0c
0i
#94708311388
1t
0s
0r
1y
0c
0i
#94708312030
0t
0s
0r
1y
0c
0i
#94708312435
1t
0s
0r
1y
0c
0i
#94708313081
0t
0s
0r
1y
0c
0i
#94708313485
1t
0s
0r
1y
0c
0i
#94708314128
0t
0s
0r
1y
0c
0i
#94708314534
1t
0s
0r
1y
0c
0i
#94708315178
0t
0s
0r
1y
0c
0i
#94708315585
1t
0s
0r
1y
0c
0i
#94708316232
0t
0s
0r
1y
0c
0i
#94708316638
1t
0s
0r
1y
0c
0i
#94708317280
0t
0s
0r
1y
0c
0i
#94708317688
1t
0s
0r
1y
0c
0i
#94708318332
0t
0s
0r
1y
0c
0i
#94708318739
1t
0s
0r
1y
0c
0i
#94708319386
0t
0s
0r
1y
0c
0i
#94708319792
1t
0s
0r
1y
0c
0i
#94708320434
0t
0s
0r
1y
0c
0i
#94708320842
1t
0s
0r
1y
0c
0i
#94708321485
0t
0s
0r
1y
0c
0i
#94708321893
1t
0s
0r
1y
0c
0i
#94708322538
0t
0s
0r
1y
0c
0i
#94708322945
1t
0s
0r
1y
0c
0i
#94708323586
0t
0s
0r
1y
0c
0i
#94708323994
1t
0s
0r
1y
0c
0i
#94708324637
0t
0s
0r
1y
0c
0i
#94708325044
1t
0s
0r
1y
0c
0i
#94708325689
0t
0s
0r
1y
0c
0i
#94708326098
1t
0s
0r
1y
0c
0i
#94708326739
0t
0s
0r
1y
0c
0i
#94708327148
1t
0s
0r
1y
0c
0i
#94708327792
0t
0s
0r
1y
1c
0i
#94708328200
1t
0s
0r
1y
1c
0i
#94708328848
0t
0s
0r
1y
1c
0i
#94708329256
1t
0s
0r
1y
1c
1i
#94708329901
0t
0s
0r
1y
1c
1i
#94708330311
1t
0s
0r
1y
1c
1i
#94708330958
0t
0s
0r
1y
1c
1i
#94708331368
1t
0s
0r
1y
1c
1i
#94708332018
0t
0s
0r
1y
1c
0i
#94708332427
1t
0s
0r
1y
1c
0i
#94708333073
0t
0s
0r
1y
1c
0i
#94708333484
1t
0s
0r
1y
1c
0i
#94708334132
0t
0s
0r
1y
1c
0i
#94708334541
1t
0s
0r
1y
1c
0i
#94708335192
0t
0s
0r
1y
1c
0i
#94708335600
1t
0s
0r
1y
1c
0i
#94708336245
0t
0s
0r
1y
1c
0i
#94708336657
1t
0s
0r
1y
1c
0i
#94708337303
0t
0s
0r
1y
1c
0i
#94708337714
1t
0s
0r
1y
1c
0i
#94708338363
0t
0s
0r
1y
1c
0i
#94708338772
1t
0s
0r
1y
1c
0i
#94708339416
0t
0s
0r
1y
1c
0i
#94708339827
1t
0s
0r
1y
1c
0i
#94708340472
0t
0s
0r
1y
1c
0i
#94708340882
1t
0s
0r
1y
1c
0i
#94708341529
0t
0s
0r
1y
1c
0i
#94708341939
1t
0s
0r
1y
1c
0i
#94708342580
0t
0s
0r
1y
1c
0i
#94708342992
1t
0s
0r
1y
1c
0i
#94708343635
0t
0s
0r
1y
1c
0i
#94708344046
1t
0s
0r
1y
1c
0i
#94708344692
0t
0s
0r
1y
1c
0i
#94708345100
1t
0s
0r
1y
1c
0i
#94708346774
0t
0s
0r
1y
1c
0i
#94708347951
1t
0s
0r
1y
1c
0i
#94708348915
0t
0s
0r
1y
1c
0i
#94708349311
1t
0s
0r
1y
1c
0i
#94708349958
0t
0s
0r
1y
1c
0i
#94708350365
1t
0s
0r
1y
1c
0i
#94708351011
0t
0s
0r
1y
1c
0i
#94708351418
1t
0s
0r
1y
1c
0i
#94708352063
0t
0s
0r
1y
1c
0i
#94708352471
1t
0s
0r
1y
1c
0i
#94708353116
0t
0s
0r
1y
1c
0i
#94708353523
1t
0s
0r
1y
1c
0i
#94708354170
0t
0s
0r
1y
1c
0i
#94708354576
1t
0s
0r
1y
1c
0i
#94708355219
0t
0s
0r
1y
1c
0i
#94708355627
1t
0s
0r
1y
1c
0i
#94708356271
0t
0s
0r
1y
1c
0i
#94708356678
1t
0s
0r
1y
1c
0i
#94708357324
0t
0s
0r
1y
1c
0i
#94708357733
1t
0s
0r
1y
1c
0i
#94708358375
0t
0s
0r
1y
1c
0i
#94708358785
1t
0s
0r
1y
1c
0i
#94708359430
0t
0s
0r
1y
0c
0i
#94708359838
1t
0s
0r
1y
0c
0i
#94708360488
0t
0s
0r
1y
0c
0i
#94708360895
1t
0s
0r
1y
0c
1i
#94708361542
0t
0s
0r
1y
0c
1i
#94708361951
1t
0s
0r
1y
0c
1i
#94708362600
0t
0s
0r
1y
0c
1i
#94708363010
1t
0s
0r
1y
0c
1i
#94708363096
1t
0s
1r
1y
0c
1i
#94708363099
1t
0s
0r
1y
0c
1i
#94708363661
0t
0s
0r
1y
0c
0i
#94708364070
1t
0s
0r
1y
0c
0i
#94708364718
0t
0s
0r
1y
0c
0i
#94708365128
1t
0s
0r
1y
0c
0i
#94708365777
0t
0s
0r
1y
0c
0i
#94708366186
1t
0s
0r
1y
0c
0i
#94708366838
0t
0s
0r
1y
0c
0i
#94708367245
1t
0s
0r
1y
0c
0i
#94708367892
0t
0s
0r
1y
0c
0i
#94708368303
1t
0s
0r
1y
0c
0i
#94708368950
0t
0s
0r
1y
0c
0i
#94708369359
1t
0s
0r
1y
0c
0i
#94708370010
0t
0s
0r
1y
0c
0i
#94708370416
1t
0s
0r
1y
0c
0i
#94708371063
0t
0s
0r
1y
0c
0i
#94708371470
1t
0s
0r
1y
0c
0i
#94708372118
0t
0s
0r
1y
0c
0i
#94708372524
1t
0s
0r
1y
0c
0i
#94708373174
0t
0s
0r
1y
0c
0i
#94708373579
1t
0s
0r
1y
0c
0i
#94708374224
0t
0s
0r
1y
0c
0i
#94708374630
1t
0s
0r
1y
0c
0i
#94708375277
0t
0s
0r
1y
0c
0i
#94708375683
1t
0s
0r
1y
0c
0i
#94708376332
0t
0s
0r
1y
0c
0i
#94708376737
1t
0s
0r
1y
0c
0i
#94708377383
0t
0s
0r
1y
0c
0i
#94708377790
1t
0s
0r
1y
0c
0i
#94708378435
0t
0s
0r
1y
0c
0i
#94708378844
1t
0s
0r
1y
0c
0i
#94708379492
0t
0s
0r
1y
0c
0i
#94708379899
1t
0s
0r
1y
0c
0i
#94708380543
0t
0s
0r
1y
0c
0i
#94708380951
1t
0s
0r
1y
0c
0i
#94708381597
0t
0s
0r
1y
0c
0i
#94708382004
1t
0s
0r
1y
0c
0i
#94708382654
0t
0s
0r
1y
0c
0i
#94708383059
1t
0s
0r
1y
0c
0i
#94708383703
0t
0s
0r
1y
0c
0i
#94708384112
1t
0s
0r
1y
0c
0i
#94708384757
0t
0s
0r
1y
0c
0i
#94708385165
1t
0s
0r
1y
0c
0i
#94708385812
0t
0s
0r
1y
0c
0i
#94708386220
1t
0s
0r
1y
0c
0i
#94708386863
0t
0s
0r
1y
0c
0i
#94708387272
1t
0s
0r
1y
0c
0i
#94708387917
0t
0s
0r
1y
0c
0i
#94708388325
1t
0s
0r
1y
0c
0i
#94708388973
0t
0s
0r
1y
0c
0i
#94708389382
1t
0s
0r
1y
0c
0i
#94708390025
0t
0s
0r
1y
0c
0i
#94708390436
1t
0s
0r
1y
0c
0i
#94708391083
0t
0s
0r
1y
1c
0i
#94708391492
1t
0s
0r
1y
1c
0i
#94708392143
0t
0s
0r
1y
1c
0i
#94708392552
1t
0s
0r
1y
1c
1i
#94708393201
0t
0s
0r
1y
1c
1i
#94708393612
1t
0s
0r
1y
1c
1i
#94708394263
0t
0s
0r
1y
1c
1i
#94708394674
1t
0s
0r
1y
1c
1i
#94708395328
0t
0s
0r
1y
1c
0i
#94708395738
1t
0s
0r
1y
1c
0i
#94708396387
0t
0s
0r
1y
1c
0i
#94708396799
1t
0s
0r
1y
1c
0i
#94708397449
0t
0s
0r
1y
1c
0i
#94708397860
1t
0s
0r
1y
1c
0i
#94708398513
0t
0s
0r
1y
1c
0i
#94708398923
1t
0s
0r
1y
1c
0i
#94708399571
0t
0s
0r
1y
1c
0i
#94708399984
1t
0s
0r
1y
1c
0i
#94708400632
0t
0s
0r
1y
1c
0i
#94708401045
1t
0s
0r
1y
1c
0i
#94708401696
0t
0s
0r
1y
1c
0i
#94708402107
1t
0s
0r
1y
1c
0i
#94708402754
0t
0s
0r
1y
1c
0i
#94708403166
1t
0s
0r
1y
1c
0i
#94708403814
0t
0s
0r
1y
1c
0i
#94708404226
1t
0s
0r
1y
1c
0i
#94708404877
0t
0s
0r
1y
1c
0i
#94708405289
1t
0s
0r
1y
1c
0i
#94708405935
0t
0s
0r
1y
1c
0i
#94708406349
1t
0s
0r
1y
1c
0i
#94708406996
0t
0s
0r
1y
1c
0i
#94708407409
1t
0s
0r
1y
1c
0i
#94708408060
0t
0s
0r
1y
1c
0i
#94708408471
1t
0s
0r
1y
1c
0i
#94708410157
0t
0s
0r
1y
1c
0i
#94708411343
1t
0s
0r
1y
1c
0i
#94708412312
0t
0s
0r
1y
1c
0i
#94708412711
1t
0s
0r
1y
1c
0i
#94708413363
0t
0s
0r
1y
1c
0i
#94708413772
1t
0s
0r
1y
1c
0i
#94708414422
0t
0s
0r
1y
1c
0i
#94708414832
1t
0s
0r
1y
1c
0i
#94708415481
0t
0s
0r
1y
1c
0i
#94708415892
1t
0s
0r
1y
1c
0i
#94708416541
0t
0s
0r
1y
1c
0i
#94708416951
1t
0s
0r
1y
1c
0i
#94708417603
0t
0s
0r
1y
1c
0i
#94708418011
1t
0s
0r
1y
1c
0i
#94708418659
0t
0s
0r
1y
1c
0i
#94708419069
1t
0s
0r
1y
1c
0i
#94708419719
0t
0s
0r
1y
1c
0i
#94708420128
1t
0s
0r
1y
1c
0i
#94708420779
0t
0s
0r
1y
1c
0i
#94708421190
1t
0s
0r
1y
1c
0i
#94708421837
0t
0s
0r
1y
1c
0i
#94708422249
1t
0s
0r
1y
1c
0i
#94708422899
0t
0s
0r
1y
0c
0i
#94708423311
1t
0s
0r
1y
0c
0i
#94708423965
0t
0s
0r
1y
0c
0i
#94708424375
1t
0s
0r
1y
0c
1i
#94708425027
0t
0s
0r
1y
0c
1i
#94708425439
1t
0s
0r
1y
0c
1i
#94708426093
0t
0s
0r
1y
0c
1i
#94708426505
1t
0s
0r
1y
0c
1i
#94708427162
0t
0s
0r
1y
0c
0i
#94708427573
1t
0s
0r
1y
0c
0i
#94708428226
0t
0s
0r
1y
0c
0i
#94708428639
1t
0s
0r
1y
0c
0i
#94708429293
0t
0s
0r
1y
0c
0i
#94708429704
1t
0s
0r
1y
0c
0i
#94708430360
0t
0s
0r
1y
0c
0i
#94708430770
1t
0s
0r
1y
0c
0i
#94708431421
0t
0s
0r
1y
0c
0i
#94708431833
1t
0s
0r
1y
0c
0i
#94708432483
0t
0s
0r
1y
0c
0i
#94708432894
1t
0s
0r
1y
0c
0i
#94708433547
0t
0s
0r
1y
0c
0i
#94708433956
1t
0s
0r
1y
0c
0i
#94708434604
0t
0s
0r
1y
0c
0i
#94708435013
1t
0s
0r
1y
0c
0i
#94708435662
0t
0s
0r
1y
0c
0i
#94708436069
1t
0s
0r
1y
0c
0i
#94708436720
0t
0s
0r
1y
0c
0i
#94708437125
1t
0s
0r
1y
0c
0i
#94708437772
0t
0s
0r
1y
0c
0i
#94708438179
1t
0s
0r
1y
0c
0i
#94708438826
0t
0s
0r
1y
0c
0i
#94708439233
1t
0s
0r
1y
0c
0i
#94708439883
0t
0s
0r
1y
0c
0i
#94708440289
1t
0s
0r
1y
0c
0i
#94708440935
0t
0s
0r
1y
0c
0i
#94708441343
1t
0s
0r
1y
0c
0i
#94708441990
0t
0s
0r
1y
0c
0i
#94708442399
1t
0s
0r
1y
0c
0i
#94708443049
0t
0s
0r
1y
0c
0i
#94708443457
1t
0s
0r
1y
0c
0i
#94708444102
0t
0s
0r
1y
0c
0i
#94708444512
1t
0s
0r
1y
0c
0i
#94708445159
0t
0s
0r
1y
0c
0i
#94708445568
1t
0s
0r
1y
0c
0i
#94708446218
0t
0s
0r
1y
0c
0i
#94708446625
1t
0s
0r
1y
0c
0i
#94708447271
0t
0s
0r
1y
0c
0i
#94708447681
1t
0s
0r
1y
0c
0i
#94708448328
0t
0s
0r
1y
0c
0i
#94708448737
1t
0s
0r
1y
0c
0i
#94708449386
0t
0s
0r
1y
0c
0i
#94708449794
1t
0s
0r
1y
0c
0i
#94708450439
0t
0s
0r
1y
0c
0i
#94708450848
1t
0s
0r
1y
0c
0i
#94708451495
0t
0s
0r
1y
0c
0i
#94708451904
1t
0s
0r
1y
0c
0i
#94708452552
0t
0s
0r
1y
0c
0i
#94708452963
1t
0s
0r
1y
0c
0i
#94708453607
0t
0s
0r
1y
0c
0i
#94708454019
1t
0s
0r
1y
0c
0i
#94708454666
0t
0s
0r
1y
1c
0i
#94708455077
1t
0s
0r
1y
1c
0i
#94708455729
0t
0s
0r
1y
1c
0i
#94708456139
1t
0s
0r
1y
1c
1i
#94708456788
0t
0s
0r
1y
1c
1i
#94708457200
1t
0s
0r
1y
1c
1i
#94708457851
0t
0s
0r
1y
1c
1i
#94708458263
1t
0s
0r
1y
1c
1i
#94708458918
0t
0s
0r
1y
1c
0i
#94708459329
1t
0s
0r
1y
1c
0i
#94708459980
0t
0s
0r
1y
1c
0i
#94708460392
1t
0s
0r
1y
1c
0i
#94708461045
0t
0s
0r
1y
1c
0i
#94708461456
1t
0s
0r
1y
1c
0i
#94708462110
0t
0s
0r
1y
1c
0i
#94708462520
1t
0s
0r
1y
1c
0i
#94708463169
0t
0s
0r
1y
1c
0i
#94708463583
1t
0s
0r
1y
1c
0i
#94708464232
0t
0s
0r
1y
1c
0i
#94708464645
1t
0s
0r
1y
1c
0i
#94708465297
0t
0s
0r
1y
1c
0i
#94708465708
1t
0s
0r
1y
1c
0i
#94708466355
0t
0s
0r
1y
1c
0i
#94708466767
1t
0s
0r
1y
1c
0i
#94708467415
0t
0s
0r
1y
1c
0i
#94708467827
1t
0s
0r
1y
1c
0i
#94708468476
0t
0s
0r
1y
1c
0i
#94708468887
1t
0s
0r
1y
1c
0i
#94708469531
0t
0s
0r
1y
1c
0i
#94708469944
1t
0s
0r
1y
1c
0i
#94708470590
0t
0s
0r
1y
1c
0i
#94708471001
1t
0s
0r
1y
1c
0i
#94708471650
0t
0s
0r
1y
1c
0i
#94708472060
1t
0s
0r
1y
1c
0i
#94708473740
0t
0s
0r
1y
1c
0i
#94708474922
1t
0s
0r
1y
1c
0i
#94708475889
0t
0s
0r
1y
1c
0i
#94708476286
1t
0s
0r
1y
1c
0i
#94708476937
0t
0s
0r
1y
1c
0i
#94708477345
1t
0s
0r
1y
1c
0i
#94708477994
0t
0s
0r
1y
1c
0i
#94708478403
1t
0s
0r
1y
1c
0i
#94708479050
0t
0s
0r
1y
1c
0i
#94708479461
1t
0s
0r
1y
1c
0i
#94708480108
0t
0s
0r
1y
1c
0i
#94708480518
1t
0s
0r
1y
1c
0i
#94708481168
0t
0s
0r
1y
1c
0i
#94708481576
1t
0s
0r
1y
1c
0i
#94708482222
0t
0s
0r
1y
1c
0i
#94708482631
1t
0s
0r
1y
1c
0i
#94708483279
0t
0s
0r
1y
1c
0i
#94708483688
1t
0s
0r
1y
1c
0i
#94708484337
0t
0s
0r
1y
1c
0i
#94708484747
1t
0s
0r
1y
1c
0i
#94708485393
0t
0s
0r
1y
0c
0i
#94708485804
1t
0s
0r
1y
0c
0i
#94708486451
0t
0s
0r
1y
0c
0i
#94708486862
1t
0s
0r
1y
0c
0i
#94708487515
0t
0s
0r
1y
0c
0i
#94708487923
1t
0s
0r
1y
0c
1i
#94708488573
0t
0s
0r
1y
0c
1i
#94708488984
1t
0s
0r
1y
0c
1i
#94708489636
0t
0s
0r
1y
0c
1i
#94708490047
1t
0s
0r
1y
0c
1i
#94708490105
1t
0s
1r
1y
0c
1i
#94708490108
1t
0s
0r
1y
0c
1i
#94708490701
0t
0s
0r
1y
0c
0i
#94708491112
1t
0s
0r
1y
0c
0i
#94708491762
0t
0s
0r
1y
0c
0i
#94708492174
1t
0s
0r
1y
0c
0i
#94708492826
0t
0s
0r
1y
0c
0i
#94708493235
1t
0s
0r
1y
0c
0i
#94708493890
0t
0s
0r
1y
0c
0i
#94708494298
1t
0s
0r
1y
0c
0i
#94708494947
0t
0s
0r
1y
0c
0i
#94708495358
1t
0s
0r
1y
0c
0i
#94708496008
0t
0s
0r
1y
0c
0i
#94708496417
1t
0s
0r
1y
0c
0i
#94708497068
0t
0s
0r
1y
0c
0i
#94708497475
1t
0s
0r
1y
0c
0i
#94708498122
0t
0s
0r
1y
0c
0i
#94708498529
1t
0s
0r
1y
0c
0i
#94708499177
0t
0s
0r
1y
0c
0i
#94708499583
1t
0s
0r
1y
0c
0i
#94708500233
0t
0s
0r
1y
0c
0i
#94708500638
1t
0s
0r
1y
0c
0i
#94708501283
0t
0s
0r
1y
0c
0i
#94708501690
1t
0s
0r
1y
0c
0i
#94708502338
0t
0s
0r
1y
0c
0i
#94708502743
1t
0s
0r
1y
0c
0i
#94708503394
0t
0s
0r
1y
0c
0i
#94708503799
1t
0s
0r
1y
0c
0i
#94708504446
0t
0s
0r
1y
0c
0i
#94708504853
1t
0s
0r
1y
0c
0i
#94708505500
0t
0s
0r
1y
0c
0i
#94708505908
1t
0s
0r
1y
0c
0i
#94708506558
0t
0s
0r
1y
0c
0i
#94708506965
1t
0s
0r
1y
0c
0i
#94708507610
0t
0s
0r
1y
0c
0i
#94708508019
1t
0s
0r
1y
0c
0i
#94708508667
0t
0s
0r
1y
0c
0i
#94708509075
1t
0s
0r
1y
0c
0i
#94708509725
0t
0s
0r
1y
0c
0i
#94708510132
1t
0s
0r
1y
0c
0i
#94708510777
0t
0s
0r
1y
0c
0i
#94708511187
1t
0s
0r
1y
0c
0i
#94708511834
0t
0s
0r
1y
0c
0i
#94708512242
1t
0s
0r
1y
0c
0i
#94708512892
0t
0s
0r
1y
0c
0i
#94708513299
1t
0s
0r
1y
0c
0i
#94708513944
0t
0s
0r
1y
0c
0i
#94708514353
1t
0s
0r
1y
0c
0i
#94708515000
0t
0s
0r
1y
0c
0i
#94708515409
1t
0s
0r
1y
0c
0i
#94708516058
0t
0s
0r
1y
0c
0i
#94708516467
1t
0s
0r
1y
0c
0i
#94708517112
0t
0s
0r
1y
0c
0i
#94708517524
1t
0s
0r
1y
0c
0i
#94708518171
0t
0s
0r
1y
1c
0i
#94708518582
1t
0s
0r
1y
1c
0i
#94708519234
0t
0s
0r
1y
1c
0i
#94708519644
1t
0s
0r
1y
1c
1i
#94708520293
0t
0s
0r
1y
1c
1i
#94708520705
1t
0s
0r
1y
1c
1i
#94708521357
0t
0s
0r
1y
1c
1i
#94708521769
1t
0s
0r
1y
1c
1i
#94708522424
0t
0s
0r
1y
1c
0i
#94708522835
1t
0s
0r
1y
1c
0i
#94708523485
0t
0s
0r
1y
1c
0i
#94708523897
1t
0s
0r
1y
1c
0i
#94708524549
0t
0s
0r
1y
1c
0i
#94708524961
1t
0s
0r
1y
1c
0i
#94708525616
0t
0s
0r
1y
1c
0i
#94708526026
1t
0s
0r
1y
1c
0i
#94708526675
0t
0s
0r
1y
1c
0i
#94708527089
1t
0s
0r
1y
1c
0i
#94708527738
0t
0s
0r
1y
1c
0i
#94708528151
1t
0s
0r
1y
1c
0i
#94708528803
0t
0s
0r
1y
1c
0i
#94708529214
1t
0s
0r
1y
1c
0i
#94708529860
0t
0s
0r
1y
1c
0i
#94708530273
1t
0s
0r
1y
1c
0i
#94708530920
0t
0s
0r
1y
1c
0i
#94708531331
1t
0s
0r
1y
1c
0i
#94708531980
0t
0s
0r
1y
1c
0i
#94708532391
1t
0s
0r
1y
1c
0i
#94708533035
0t
0s
0r
1y
1c
0i
#94708533448
1t
0s
0r
1y
1c
0i
#94708534092
0t
0s
0r
1y
1c
0i
#94708534504
1t
0s
0r
1y
1c
0i
#94708535152
0t
0s
0r
1y
1c
0i
#94708535562
1t
0s
0r
1y
1c
0i
#94708537242
0t
0s
0r
1y
1c
0i
#94708538422
1t
0s
0r
1y
1c
0i
#94708539389
0t
0s
0r
1y
1c
0i
#94708539786
1t
0s
0r
1y
1c
0i
#94708540437
0t
0s
0r
1y
1c
0i
#94708540845
1t
0s
0r
1y
1c
0i
#94708541493
0t
0s
0r
1y
1c
0i
#94708541902
1t
0s
0r
1y
1c
0i
#94708542549
0t
0s
0r
1y
1c
0i
#94708542959
1t
0s
0r
1y
1c
0i
#94708543606
0t
0s
0r
1y
1c
0i
#94708544015
1t
0s
0r
1y
1c
0i
#94708544665
0t
0s
0r
1y
1c
0i
#94708545072
1t
0s
0r
1y
1c
0i
#94708545718
0t
0s
0r
1y
1c
0i
#94708546127
1t
0s
0r
1y
1c
0i
#94708546774
0t
0s
0r
1y
1c
0i
#94708547182
1t
0s
0r
1y
1c
0i
#94708547832
0t
0s
0r
1y
1c
0i
#94708548241
1t
0s
0r
1y
1c
0i
#94708548886
0t
0s
0r
1y
1c
0i
#94708549296
1t
0s
0r
1y
1c
0i
#94708549944
0t
0s
0r
1y
0c
0i
#94708550354
1t
0s
0r
1y
0c
0i
#94708551006
0t
0s
0r
1y
0c
0i
#94708551414
1t
0s
0r
1y
0c
1i
#94708552064
0t
0s
0r
1y
0c
1i
#94708552474
1t
0s
0r
1y
0c
1i
#94708553125
0t
0s
0r
1y
0c
1i
#94708553536
1t
0s
0r
1y
0c
1i
#94708554190
0t
0s
0r
1y
0c
0i
#94708554600
1t
0s
0r
1y
0c
0i
#94708555250
0t
0s
0r
1y
0c
0i
#94708555661
1t
0s
0r
1y
0c
0i
#94708556313
0t
0s
0r
1y
0c
0i
#94708556722
1t
0s
0r
1y
0c
0i
#94708557377
0t
0s
0r
1y
0c
0i
#94708557785
1t
0s
0r
1y
0c
0i
#94708558435
0t
0s
0r
1y
0c
0i
#94708558847
1t
0s
0r
1y
0c
0i
#94708559497
0t
0s
0r
1y
0c
0i
#94708559907
1t
0s
0r
1y
0c
0i
#94708560561
0t
0s
0r
1y
0c
0i
#94708560969
1t
0s
0r
1y
0c
0i
#94708561619
0t
0s
0r
1y
0c
0i
#94708562029
1t
0s
0r
1y
0c
0i
#94708562680
0t
0s
0r
1y
0c
0i
#94708563089
1t
0s
0r
1y
0c
0i
#94708563743
0t
0s
0r
1y
0c
0i
#94708564149
1t
0s
0r
1y
0c
0i
#94708564799
0t
0s
0r
1y
0c
0i
#94708565207
1t
0s
0r
1y
0c
0i
#94708565858
0t
0s
0r
1y
0c
0i
#94708566266
1t
0s
0r
1y
0c
0i
#94708566919
0t
0s
0r
1y
0c
0i
#94708567326
1t
0s
0r
1y
0c
0i
#94708567976
0t
0s
0r
1y
0c
0i
#94708568384
1t
0s
0r
1y
0c
0i
#94708569034
0t
0s
0r
1y
0c
0i
#94708569443
1t
0s
0r
1y
0c
0i
#94708570095
0t
0s
0r
1y
0c
0i
#94708570503
1t
0s
0r
1y
0c
0i
#94708571150
0t
0s
0r
1y
0c
0i
#94708571560
1t
0s
0r
1y
0c
0i
#94708572209
0t
0s
0r
1y
0c
0i
#94708572618
1t
0s
0r
1y
0c
0i
#94708573270
0t
0s
0r
1y
0c
0i
#94708573677
1t
0s
0r
1y
0c
0i
#94708574324
0t
0s
0r
1y
0c
0i
#94708574734
1t
0s
0r
1y
0c
0i
#94708575381
0t
0s
0r
1y
0c
0i
#94708575791
1t
0s
0r
1y
0c
0i
#94708576442
0t
0s
0r
1y
0c
0i
#94708576850
1t
0s
0r
1y
0c
0i
#94708577496
0t
0s
0r
1y
0c
0i
#94708577906
1t
0s
0r
1y
0c
0i
#94708578554
0t
0s
0r
1y
0c
0i
#94708578964
1t
0s
0r
1y
0c
0i
#94708579613
0t
0s
0r
1y
0c
0i
#94708580024
1t
0s
0r
1y
0c
0i
#94708580670
0t
0s
0r
1y
0c
0i
#94708581082
1t
0s
0r
1y
0c
0i
#94708581731
0t
0s
0r
1y
1c
0i
#94708582142
1t
0s
0r
1y
1c
0i
#94708582795
0t
0s
0r
1y
1c
0i
#94708583205
1t
0s
0r
1y
1c
1i
#94708583856
0t
0s
0r
1y
1c
1i
#94708584268
1t
0s
0r
1y
1c
1i
#94708584921
0t
0s
0r
1y
1c
1i
#94708585333
1t
0s
0r
1y
1c
1i
#94708585989
0t
0s
0r
1y
1c
0i
#94708586401
1t
0s
0r
1y
1c
0i
#94708587052
0t
0s
0r
1y
1c
0i
#94708587465
1t
0s
0r
1y
1c
0i
#94708588118
0t
0s
0r
1y
1c
0i
#94708588530
1t
0s
0r
1y
1c
0i
#94708589185
0t
0s
0r
1y
1c
0i
#94708725141
1t
0s
0r
1y
1c
0i
#94708725787
0t
0s
0r
1y
1c
0i
#94708726196
1t
0s
0r
1y
1c
0i
#94708727871
0t
0s
0r
1y
1c
0i
#94708729049
1t
0s
0r
1y
1c
0i
#94708730013
0t
0s
0r
1y
1c
0i
#94708730409
1t
0s
0r
1y
1c
0i
#94708731058
0t
0s
0r
1y
1c
0i
#94708731465
1t
0s
0r
1y
1c
0i
#94708732111
0t
0s
0r
1y
1c
0i
#94708732519
1t
0s
0r
1y
1c
0i
#94708733165
0t
0s
0r
1y
1c
0i
#94708733575
1t
0s
0r
1y
1c
0i
#94708734220
0t
0s
0r
1y
1c
0i
#94708734628
1t
0s
0r
1y
1c
0i
#94708735276
0t
0s
0r
1y
1c
0i
#94708735683
1t
0s
0r
1y
1c
0i
#94708736327
0t
0s
0r
1y
1c
0i
#94708736735
1t
0s
0r
1y
1c
0i
#94708737380
0t
0s
0r
1y
1c
0i
#94708737787
1t
0s
0r
1y
1c
0i
#94708738435
0t
0s
0r
1y
1c
0i
#94708738843
1t
0s
0r
1y
1c
0i
#94708739486
0t
0s
0r
1y
1c
0i
#94708739896
1t
0s
0r
1y
1c
0i
#94708740542
0t
0s
0r
1y
0c
0i
#94708740951
1t
0s
0r
1y
0c
0i
#94708741601
0t
0s
0r
1y
0c
0i
#94708742009
1t
0s
0r
1y
0c
1i
#94708742656
0t
0s
0r
1y
0c
1i
#99003692437
1t
0s
0r
1y
1c
0i
#99003693083
0t
0s
0r
1y
1c
0i
#99003693492
1t
0s
0r
1y
1c
0i
#99003695167
0t
0s
0r
1y
1c
0i
#99003696345
1t
0s
0r
1y
1c
0i
#99003697309
0t
0s
0r
1y
1c
0i
#99003697705
1t
0s
0r
1y
1c
0i
#99003698354
0t
0s
0r
1y
1c
0i
#99003698761
1t
0s
0r
1y
1c
0i
#99003699407
0t
0s
0r
1y
1c
0i
#99003699815
1t
0s
0r
1y
1c
0i
#99003700461
0t
0s
0r
1y
1c
0i
#99003700871
1t
0s
0r
1y
1c
0i
#99003701516
0t
0s
0r
1y
1c
0i
#99003701924
1t
0s
0r
1y
1c
0i
#99003702572
0t
0s
0r
1y
1c
0i
#99003702979
1t
0s
0r
1y
1c
0i
#99003703623
0t
0s
0r
1y
1c
0i
#99003704031
1t
0s
0r
1y
1c
0i
#99003704676
0t
0s
0r
1y
1c
0i
#99003705083
1t
0s
0r
1y
1c
0i
#99003705731
0t
0s
0r
1y
1c
0i
#99003706139
1t
0s
0r
1y
1c
0i
#99003706782
0t
0s
0r
1y
1c
0i
#99003707192
1t
0s
0r
1y
1c
0i
#99003707838
0t
0s
0r
1y
0c
0i
#99003708247
1t
0s
0r
1y
0c
0i
#99003708897
0t
0s
0r
1y
0c
0i
#99003709305
1t
0s
0r
1y
0c
1i
#99003709952
0t
0s
0r
1y
0c
1i
#99003710362
1t
0s
0r
1y
0c
1i
#99003711011
0t
0s
0r
1y
0c
1i
#99003711421
1t
0s
0r
1y
0c
1i
#99003711532
1t
0s
1r
1y
0c
1i
#99003711535
1t
0s
0r
1y
0c
1i
#99003712073
0t
0s
0r
1y
0c
0i
#99003712482
1t
0s
0r
1y
0c
0i
#99003713130
0t
0s
0r
1y
0c
0i
#99003713540
1t
0s
0r
1y
0c
0i
#99003714190
0t
0s
0r
1y
0c
0i
#99003714599
1t
0s
0r
1y
0c
0i
#99003715251
0t
0s
0r
1y
0c
0i
#99003715659
1t
0s
0r
1y
0c
0i
#99003716307
0t
0s
0r
1y
0c
0i
#99003716718
1t
0s
0r
1y
0c
0i
#99003717367
0t
0s
0r
1y
0c
0i
#99003717776
1t
0s
0r
1y
0c
0i
#99003718429
0t
0s
0r
1y
0c
0i
#99003718837
1t
0s
0r
1y
0c
0i
#99003719486
0t
0s
0r
1y
0c
0i
#99003719896
1t
0s
0r
1y
0c
0i
#99003720547
0t
0s
0r
1y
0c
0i
#99003720955
1t
0s
0r
1y
0c
0i
#99003721609
0t
0s
0r
1y
0c
0i
#99003722016
1t
0s
0r
1y
0c
0i
#99003722666
0t
0s
0r
1y
0c
0i
#99003723074
1t
0s
0r
1y
0c
0i
#99003723726
0t
0s
0r
1y
0c
0i
#99003724134
1t
0s
0r
1y
0c
0i
#99003724789
0t
0s
0r
1y
0c
0i
#99003725195
1t
0s
0r
1y
0c
0i
#99003725846
0t
0s
0r
1y
0c
0i
#99003726254
1t
0s
0r
1y
0c
0i
#99003726905
0t
0s
0r
1y
0c
0i
#99003727315
1t
0s
0r
1y
0c
0i
#99003727967
0t
0s
0r
1y
0c
0i
#99003728376
1t
0s
0r
1y
0c
0i
#99003729024
0t
0s
0r
1y
0c
0i
#99003729434
1t
0s
0r
1y
0c
0i
#99003730084
0t
0s
0r
1y
0c
0i
#99003730493
1t
0s
0r
1y
0c
0i
#99003731146
0t
0s
0r
1y
0c
0i
#99003731554
1t
0s
0r
1y
0c
0i
#99003732202
0t
0s
0r
1y
0c
0i
#99003732613
1t
0s
0r
1y
0c
0i
#99003733261
0t
0s
0r
1y
0c
0i
#99003733672
1t
0s
0r
1y
0c
0i
#99003734324
0t
0s
0r
1y
0c
0i
#99003734733
1t
0s
0r
1y
0c
0i
#99003735380
0t
0s
0r
1y
0c
0i
#99003735791
1t
0s
0r
1y
0c
0i
#99003736441
0t
0s
0r
1y
0c
0i
#99003736851
1t
0s
0r
1y
0c
0i
#99003737502
0t
0s
0r
1y
0c
0i
#99003737913
1t
0s
0r
1y
0c
0i
#99003738561
0t
0s
0r
1y
0c
0i
#99003738973
1t
0s
0r
1y
0c
0i
#99003739624
0t
0s
0r
1y
1c
0i
#99003740036
1t
0s
0r
1y
1c
0i
#99003740691
0t
0s
0r
1y
1c
0i
#99003741102
1t
0s
0r
1y
1c
1i
#99003741754
0t
0s
0r
1y
1c
1i
#99003742167
1t
0s
0r
1y
1c
1i
#99003742822
0t
0s
0r
1y
1c
1i
#99003743235
1t
0s
0r
1y
1c
1i
#99003743892
0t
0s
0r
1y
1c
0i
#99003744304
1t
0s
0r
1y
1c
0i
#99003744957
0t
0s
0r
1y
1c
0i
#99003745371
1t
0s
0r
1y
1c
0i
#99003746025
0t
0s
0r
1y
1c
0i
#99003746437
1t
0s
0r
1y
1c
0i
#99003747094
0t
0s
0r
1y
1c
0i
#99003747506
1t
0s
0r
1y
1c
0i
#99003748156
0t
0s
0r
1y
1c
0i
#99003748571
1t
0s
0r
1y
1c
0i
#99003749222
0t
0s
0r
1y
1c
0i
#99003749636
1t
0s
0r
1y
1c
0i
#99003750290
0t
0s
0r
1y
1c
0i
#99003750702
1t
0s
0r
1y
1c
0i
#99003751351
0t
0s
0r
1y
1c
0i
#99003751765
1t
0s
0r
1y
1c
0i
#99003752415
0t
0s
0r
1y
1c
0i
#99003752828
1t
0s
0r
1y
1c
0i
#99003753479
0t
0s
0r
1y
1c
0i
#99003753892
1t
0s
0r
1y
1c
0i
#99003754539
0t
0s
0r
1y
1c
0i
#99003754953
1t
0s
0r
1y
1c
0i
#99003755602
0t
0s
0r
1y
1c
0i
#99003756015
1t
0s
0r
1y
1c
0i
#99003756666
0t
0s
0r
1y
1c
0i
#99003757077
1t
0s
0r
1y
1c
0i
#99003758766
0t
0s
0r
1y
1c
0i
#99003759951
1t
0s
0r
1y
1c
0i
#99003760922
0t
0s
0r
1y
1c
0i
#99003761321
1t
0s
0r
1y
1c
0i
#99003761974
0t
0s
0r
1y
1c
0i
#99003762384
1t
0s
0r
1y
1c
0i
#99003763035
0t
0s
0r
1y
1c
0i
#99003763446
1t
0s
0r
1y
1c
0i
#99003764095
0t
0s
0r
1y
1c
0i
#99003764508
1t
0s
0r
1y
1c
0i
#99003765158
0t
0s
0r
1y
1c
0i
#99003765568
1t
0s
0r
1y
1c
0i
#99003766220
0t
0s
0r
1y
1c
0i
#99003766629
1t
0s
0r
1y
1c
0i
#99003767277
0t
0s
0r
1y
1c
0i
#99003767688
1t
0s
0r
1y
1c
0i
#99003768338
0t
0s
0r
1y
1c
0i
#99003768748
1t
0s
0r
1y
1c
0i
#99003769400
0t
0s
0r
1y
1c
0i
#99003769810
1t
0s
0r
1y
1c
0i
#99003770459
0t
0s
0r
1y
1c
0i
#99003770870
1t
0s
0r
1y
1c
0i
#99003771521
0t
0s
0r
1y
0c
0i
#99003771933
1t
0s
0r
1y
0c
0i
#99003772588
0t
0s
0r
1y
0c
0i
#99003772998
1t
0s
0r
1y
0c
1i
#99003773650
0t
0s
0r
1y
0c
1i
#99003774063
1t
0s
0r
1y
0c
1i
#99003774716
0t
0s
0r
1y
0c
1i
#99003775130
1t
0s
0r
1y
0c
1i
#99003775787
0t
0s
0r
1y
0c
0i
#99003776199
1t
0s
0r
1y
0c
0i
#99003776852
0t
0s
0r
1y
0c
0i
#99003777265
1t
0s
0r
1y
0c
0i
#99003777920
0t
0s
0r
1y
0c
0i
#99003778331
1t
0s
0r
1y
0c
0i
#99003778989
0t
0s
0r
1y
0c
0i
#99003779399
1t
0s
0r
1y
0c
0i
#99003780052
0t
0s
0r
1y
0c
0i
#99003780465
1t
0s
0r
1y
0c
0i
#99003781118
0t
0s
0r
1y
0c
0i
#99003781529
1t
0s
0r
1y
0c
0i
#99003782185
0t
0s
0r
1y
0c
0i
#99003782595
1t
0s
0r
1y
0c
0i
#99003783247
0t
0s
0r
1y
0c
0i
#99003783657
1t
0s
0r
1y
0c
0i
#99003784310
0t
0s
0r
1y
0c
0i
#99003784719
1t
0s
0r
1y
0c
0i
#99003785374
0t
0s
0r
1y
0c
0i
#99003785782
1t
0s
0r
1y
0c
0i
#99003786432
0t
0s
0r
1y
0c
0i
#99003786841
1t
0s
0r
1y
0c
0i
#99003787493
0t
0s
0r
1y
0c
0i
#99003787902
1t
0s
0r
1y
0c
0i
#99003788556
0t
0s
0r
1y
0c
0i
#99003788964
1t
0s
0r
1y
0c
0i
#99003789614
0t
0s
0r
1y
0c
0i
#99003790024
1t
0s
0r
1y
0c
0i
#99003790675
0t
0s
0r
1y
0c
0i
#99003791086
1t
0s
0r
1y
0c
0i
#99003791739
0t
0s
0r
1y
0c
0i
#99003792148
1t
0s
0r
1y
0c
0i
#99003792797
0t
0s
0r
1y
0c
0i
#99003793208
1t
0s
0r
1y
0c
0i
#99003793859
0t
0s
0r
1y
0c
0i
#99003794269
1t
0s
0r
1y
0c
0i
#99003794922
0t
0s
0r
1y
0c
0i
#99003795331
1t
0s
0r
1y
0c
0i
#99003795980
0t
0s
0r
1y
0c
0i
#99003796392
1t
0s
0r
1y
0c
0i
#99003797041
0t
0s
0r
1y
0c
0i
#99003797452
1t
0s
0r
1y
0c
0i
#99003798103
0t
0s
0r
1y
0c
0i
#99003798513
1t
0s
0r
1y
0c
0i
#99003799161
0t
0s
0r
1y
0c
0i
#99003799572
1t
0s
0r
1y
0c
0i
#99003800221
0t
0s
0r
1y
0c
0i
#99003800632
1t
0s
0r
1y
0c
0i
#99003801284
0t
0s
0r
1y
0c
0i
#99003801696
1t
0s
0r
1y
0c
0i
#99003802343
0t
0s
0r
1y
0c
0i
#99003802756
1t
0s
0r
1y
0c
0i
#99003803407
0t
0s
0r
1y
1c
0i
#99003803819
1t
0s
0r
1y
1c
0i
#99003804475
0t
0s
0r
1y
1c
0i
#99003804885
1t
0s
0r
1y
1c
1i
#99003805538
0t
0s
0r
1y
1c
1i
#99003805951
1t
0s
0r
1y
1c
1i
#99003806606
0t
0s
0r
1y
1c
1i
#99003807020
1t
0s
0r
1y
1c
1i
#99003807678
0t
0s
0r
1y
1c
0i
#99003808090
1t
0s
0r
1y
1c
0i
#99003808743
0t
0s
0r
1y
1c
0i
#99003809158
1t
0s
0r
1y
1c
0i
#99003809813
0t
0s
0r
1y
1c
0i
#99003810226
1t
0s
0r
1y
1c
0i
#99003810883
0t
0s
0r
1y
1c
0i
#99003811295
1t
0s
0r
1y
1c
0i
#99003811946
0t
0s
0r
1y
1c
0i
#99003812361
1t
0s
0r
1y
1c
0i
#99003813011
0t
0s
0r
1y
1c
0i
#99003813425
1t
0s
0r
1y
1c
0i
#99003814077
0t
0s
0r
1y
1c
0i
#99003814489
1t
0s
0r
1y
1c
0i
#99003815137
0t
0s
0r
1y
1c
0i
#99003815548
1t
0s
0r
1y
1c
0i
#99003816196
0t
0s
0r
1y
1c
0i
#99003816607
1t
0s
0r
1y
1c
0i
#99003817257
0t
0s
0r
1y
1c
0i
#99003817667
1t
0s
0r
1y
1c
0i
#99003818312
0t
0s
0r
1y
1c
0i
#99003818724
1t
0s
0r
1y
1c
0i
#99003819370
0t
0s
0r
1y
1c
0i
#99003819781
1t
0s
0r
1y
1c
0i
#99003820430
0t
0s
0r
1y
1c
0i
#99003820840
1t
0s
0r
1y
1c
0i
#99003822522
0t
0s
0r
1y
1c
0i
#99003823704
1t
0s
0r
1y
1c
0i
#99003824673
0t
0s
0r
1y
1c
0i
#99003825071
1t
0s
0r
1y
1c
0i
#99003825722
0t
0s
0r
1y
1c
0i
#99003826131
1t
0s
0r
1y
1c
0i
#99003826780
0t
0s
0r
1y
1c
0i
#99003827189
1t
0s
0r
1y
1c
0i
#99003827837
0t
0s
0r
1y
1c
0i
#99003828249
1t
0s
0r
1y
1c
0i
#99003828897
0t
0s
0r
1y
1c
0i
#99003829306
1t
0s
0r
1y
1c
0i
#99003829957
0t
0s
0r
1y
1c
0i
#99003830365
1t
0s
0r
1y
1c
0i
#99003831011
0t
0s
0r
1y
1c
0i
#99003831421
1t
0s
0r
1y
1c
0i
#99003832068
0t
0s
0r
1y
1c
0i
#99003832478
1t
0s
0r
1y
1c
0i
#99003833128
0t
0s
0r
1y
1c
0i
#99003833538
1t
0s
0r
1y
1c
0i
#99003834184
0t
0s
0r
1y
1c
0i
#99003834596
1t
0s
0r
1y
1c
0i
#99003835244
0t
0s
0r
1y
0c
0i
#99003835655
1t
0s
0r
1y
0c
0i
#99003836308
0t
0s
0r
1y
0c
0i
#99003836718
1t
0s
0r
1y
0c
1i
#99003837368
0t
0s
0r
1y
0c
1i
#99003837780
1t
0s
0r
1y
0c
1i
#99003838432
0t
0s
0r
1y
0c
1i
#99003838844
1t
0s
0r
1y
0c
1i
#99003838926
1t
0s
1r
1y
0c
1i
#99003838929
1t
0s
0r
1y
0c
1i
#99003839500
0t
0s
0r
1y
0c
0i
#99003839911
1t
0s
0r
1y
0c
0i
#99003840563
0t
0s
0r
1y
0c
0i
#99003840975
1t
0s
0r
1y
0c
0i
#99003841628
0t
0s
0r
1y
0c
0i
#99003842039
1t
0s
0r
1y
0c
0i
#99003842695
0t
0s
0r
1y
0c
0i
#99003843104
1t
0s
0r
1y
0c
0i
#99003843756
0t
0s
0r
1y
0c
0i
#99003844168
1t
0s
0r
1y
0c
0i
#99003844821
0t
0s
0r
1y
0c
0i
#99003845232
1t
0s
0r
1y
0c
0i
#99003845888
0t
0s
0r
1y
0c
0i
#99003846297
1t
0s
0r
1y
0c
0i
#99003846950
0t
0s
0r
1y
0c
0i
#99003847361
1t
0s
0r
1y
0c
0i
#99003848014
0t
0s
0r
1y
0c
0i
#99003848424
1t
0s
0r
1y
0c
0i
#99003849081
0t
0s
0r
1y
0c
0i
#99003849489
1t
0s
0r
1y
0c
0i
#99003850141
0t
0s
0r
1y
0c
0i
#99003850551
1t
0s
0r
1y
0c
0i
#99003851205
0t
0s
0r
1y
0c
0i
#99003851614
1t
0s
0r
1y
0c
0i
#99003852271
0t
0s
0r
1y
0c
0i
#99003852678
1t
0s
0r
1y
0c
0i
#99003853331
0t
0s
0r
1y
0c
0i
#99003853741
1t
0s
0r
1y
0c
0i
#99003854393
0t
0s
0r
1y
0c
0i
#99003854805
1t
0s
0r
1y
0c
0i
#99003855459
0t
0s
0r
1y
0c
0i
#99003855869
1t
0s
0r
1y
0c
0i
#99003856519
0t
0s
0r
1y
0c
0i
#99003856930
1t
0s
0r
1y
0c
0i
#99003857583
0t
0s
0r
1y
0c
0i
#99003857993
1t
0s
0r
1y
0c
0i
#99003858648
0t
0s
0r
1y
0c
0i
#99003859058
1t
0s
0r
1y
0c
0i
#99003859708
0t
0s
0r
1y
0c
0i
#99003860120
1t
0s
0r
1y
0c
0i
#99003860771
0t
0s
0r
1y
0c
0i
#99003861183
1t
0s
0r
1y
0c
0i
#99003861838
0t
0s
0r
1y
0c
0i
#99003862248
1t
0s
0r
1y
0c
0i
#99003862898
0t
0s
0r
1y
0c
0i
#99003863310
1t
0s
0r
1y
0c
0i
#99003863962
0t
0s
0r
1y
0c
0i
#99003864374
1t
0s
0r
1y
0c
0i
#99003865028
0t
0s
0r
1y
0c
0i
#99003865441
1t
0s
0r
1y
0c
0i
#99003866091
0t
0s
0r
1y
0c
0i
#99003866506
1t
0s
0r
1y
0c
0i
#99003867159
0t
0s
0r
1y
1c
0i
#99003867573
1t
0s
0r
1y
1c
0i
#99003868231
0t
0s
0r
1y
1c
0i
#99003868643
1t
0s
0r
1y
1c
1i
#99003869299
0t
0s
0r
1y
1c
1i
#99003869713
1t
0s
0r
1y
1c
1i
#99003870371
0t
0s
0r
1y
1c
1i
#99003870785
1t
0s
0r
1y
1c
1i
#99003871446
0t
0s
0r
1y
1c
0i
#99003871860
1t
0s
0r
1y
1c
0i
#99003872516
0t
0s
0r
1y
1c
0i
#99003872931
1t
0s
0r
1y
1c
0i
#99003873588
0t
0s
0r
1y
1c
0i
#99003874002
1t
0s
0r
1y
1c
0i
#99003874662
0t
0s
0r
1y
1c
0i
#99003875075
1t
0s
0r
1y
1c
0i
#99003875729
0t
0s
0r
1y
1c
0i
#99003876145
1t
0s
0r
1y
1c
0i
#99003876799
0t
0s
0r
1y
1c
0i
#99003877215
1t
0s
0r
1y
1c
0i
#99003877871
0t
0s
0r
1y
1c
0i
#99003878285
1t
0s
0r
1y
1c
0i
#99003878937
0t
0s
0r
1y
1c
0i
#99003879352
1t
0s
0r
1y
1c
0i
#99003880004
0t
0s
0r
1y
1c
0i
#99003880419
1t
0s
0r
1y
1c
0i
#99003881073
0t
0s
0r
1y
1c
0i
#99003881488
1t
0s
0r
1y
1c
0i
#99003882138
0t
0s
0r
1y
1c
0i
#99003882554
1t
0s
0r
1y
1c
0i
#99003883205
0t
0s
0r
1y
1c
0i
#99003883620
1t
0s
0r
1y
1c
0i
#99003884275
0t
0s
0r
1y
1c
0i
#99003884688
1t
0s
0r
1y
1c
0i
#99003886386
0t
0s
0r
1y
1c
0i
#99003887578
1t
0s
0r
1y
1c
0i
#99003888554
0t
0s
0r
1y
1c
0i
#99003888956
1t
0s
0r
1y
1c
0i
#99003889612
0t
0s
0r
1y
1c
0i
#99003890024
1t
0s
0r
1y
1c
0i
#99003890679
0t
0s
0r
1y
1c
0i
#99003891091
1t
0s
0r
1y
1c
0i
#99003891745
0t
0s
0r
1y
1c
0i
#99003892159
1t
0s
0r
1y
1c
0i
#99003892813
0t
0s
0r
1y
1c
0i
#99003893226
1t
0s
0r
1y
1c
0i
#99003893882
0t
0s
0r
1y
1c
0i
#99003894293
1t
0s
0r
1y
1c
0i
#99003894945
0t
0s
0r
1y
1c
0i
#99003895358
1t
0s
0r
1y
1c
0i
#99003896012
0t
0s
0r
1y
1c
0i
#99003896423
1t
0s
0r
1y
1c
0i
#99003897079
0t
0s
0r
1y
1c
0i
#99003897492
1t
0s
0r
1y
1c
0i
#99003898144
0t
0s
0r
1y
0c
0i
#99003898558
1t
0s
0r
1y
0c
0i
#99003899213
0t
0s
0r
1y
0c
0i
#99003899627
1t
0s
0r
1y
0c
0i
#99003900285
0t
0s
0r
1y
0c
0i
#99003900698
1t
0s
0r
1y
0c
1i
#99003901354
0t
0s
0r
1y
0c
1i
#99003901769
1t
0s
0r
1y
0c
1i
#99003902427
0t
0s
0r
1y
0c
1i
#99003902842
1t
0s
0r
1y
0c
1i
#99003903503
0t
0s
0r
1y
0c
0i
#99003903916
1t
0s
0r
1y
0c
0i
#99003904573
0t
0s
0r
1y
0c
0i
#99003904988
1t
0s
0r
1y
0c
0i
#99003905646
0t
0s
0r
1y
0c
0i
#99003906059
1t
0s
0r
1y
0c
0i
#99003906719
0t
0s
0r
1y
0c
0i
#99003907130
1t
0s
0r
1y
0c
0i
#99003907784
0t
0s
0r
1y
0c
0i
#99003908198
1t
0s
0r
1y
0c
0i
#99003908851
0t
0s
0r
1y
0c
0i
#99003909262
1t
0s
0r
1y
0c
0i
#99003909916
0t
0s
0r
1y
0c
0i
#99003910324
1t
0s
0r
1y
0c
0i
#99003910972
0t
0s
0r
1y
0c
0i
#99003911381
1t
0s
0r
1y
0c
0i
#99003912030
0t
0s
0r
1y
0c
0i
#99003912437
1t
0s
0r
1y
0c
0i
#99003913088
0t
0s
0r
1y
0c
0i
#99003913494
1t
0s
0r
1y
0c
0i
#99003914141
0t
0s
0r
1y
0c
0i
#99003914548
1t
0s
0r
1y
0c
0i
#99003915197
0t
0s
0r
1y
0c
0i
#99003915604
1t
0s
0r
1y
0c
0i
#99003916256
0t
0s
0r
1y
0c
0i
#99003916662
1t
0s
0r
1y
0c
0i
#99003917310
0t
0s
0r
1y
0c
0i
#99003917719
1t
0s
0r
1y
0c
0i
#99003918368
0t
0s
0r
1y
0c
0i
#99003918778
1t
0s
0r
1y
0c
0i
#99003919430
0t
0s
0r
1y
0c
0i
#99003919838
1t
0s
0r
1y
0c
0i
#99003920486
0t
0s
0r
1y
0c
0i
#99003920896
1t
0s
0r
1y
0c
0i
#99003921546
0t
0s
0r
1y
0c
0i
#99003921956
1t
0s
0r
1y
0c
0i
#99003922608
0t
0s
0r
1y
0c
0i
#99003923016
1t
0s
0r
1y
0c
0i
#99003923663
0t
0s
0r
1y
0c
0i
#99003924075
1t
0s
0r
1y
0c
0i
#99003924723
0t
0s
0r
1y
0c
0i
#99003925133
1t
0s
0r
1y
0c
0i
#99003925784
0t
0s
0r
1y
0c
0i
#99003926193
1t
0s
0r
1y
0c
0i
#99003926840
0t
0s
0r
1y
0c
0i
#99003927250
1t
0s
0r
1y
0c
0i
#99003927899
0t
0s
0r
1y
0c
0i
#99003928309
1t
0s
0r
1y
0c
0i
#99003928959
0t
0s
0r
1y
0c
0i
#99003929370
1t
0s
0r
1y
0c
0i
#99003930016
0t
0s
0r
1y
0c
0i
#99003930429
1t
0s
0r
1y
0c
0i
#99003931078
0t
0s
0r
1y
1c
0i
#99003931490
1t
0s
0r
1y
1c
0i
#99003932144
0t
0s
0r
1y
1c
0i
#99003932554
1t
0s
0r
1y
1c
1i
#99003933205
0t
0s
0r
1y
1c
1i
#99003933618
1t
0s
0r
1y
1c
1i
#99003934271
0t
0s
0r
1y
1c
1i
#99003934684
1t
0s
0r
1y
1c
1i
#99003935341
0t
0s
0r
1y
1c
0i
#99003935752
1t
0s
0r
1y
1c
0i
#99003936405
0t
0s
0r
1y
1c
0i
#99003936817
1t
0s
0r
1y
1c
0i
#99003937471
0t
0s
0r
1y
1c
0i
#99003937883
1t
0s
0r
1y
1c
0i
#99003938539
0t
0s
0r
1y
1c
0i
#99003938950
1t
0s
0r
1y
1c
0i
#99003939600
0t
0s
0r
1y
1c
0i
#99003940014
1t
0s
0r
1y
1c
0i
#99003940664
0t
0s
0r
1y
1c
0i
#99003941078
1t
0s
0r
1y
1c
0i
#99003941731
0t
0s
0r
1y
1c
0i
#99003942142
1t
0s
0r
1y
1c
0i
#99003942790
0t
0s
0r
1y
1c
0i
#99003943203
1t
0s
0r
1y
1c
0i
#99003943851
0t
0s
0r
1y
1c
0i
#99003944263
1t
0s
0r
1y
1c
0i
#99003944914
0t
0s
0r
1y
1c
0i
#99003945326
1t
0s
0r
1y
1c
0i
#99003945972
0t
0s
0r
1y
1c
0i
#99003946385
1t
0s
0r
1y
1c
0i
#99003947032
0t
0s
0r
1y
1c
0i
#99003947444
1t
0s
0r
1y
1c
0i
#99003948094
0t
0s
0r
1y
1c
0i
#99003948504
1t
0s
0r
1y
1c
0i
#99003950189
0t
0s
0r
1y
1c
0i
#99003951372
1t
0s
0r
1y
1c
0i
#99003952342
0t
0s
0r
1y
1c
0i
#99003952740
1t
0s
0r
1y
1c
0i
#99003953391
0t
0s
0r
1y
1c
0i
#99003953800
1t
0s
0r
1y
1c
0i
#99003954450
0t
0s
0r
1y
1c
0i
#99003954860
1t
0s
0r
1y
1c
0i
#99003955508
0t
0s
0r
1y
1c
0i
#99003955919
1t
0s
0r
1y
1c
0i
#99003956568
0t
0s
0r
1y
1c
0i
#99003956978
1t
0s
0r
1y
1c
0i
#99003957629
0t
0s
0r
1y
1c
0i
#99003958037
1t
0s
0r
1y
1c
0i
#99003958684
0t
0s
0r
1y
1c
0i
#99003959094
1t
0s
0r
1y
1c
0i
#99003959743
0t
0s
0r
1y
1c
0i
#99003960152
1t
0s
0r
1y
1c
0i
#99003960803
0t
0s
0r
1y
1c
0i
#99003961213
1t
0s
0r
1y
1c
0i
#99003961860
0t
0s
0r
1y
1c
0i
#99003962271
1t
0s
0r
1y
1c
0i
#99003962920
0t
0s
0r
1y
0c
0i
#99003963331
1t
0s
0r
1y
0c
0i
#99003963985
0t
0s
0r
1y
0c
0i
#99003964394
1t
0s
0r
1y
0c
1i
#99003965046
0t
0s
0r
1y
0c
1i
#99003965457
1t
0s
0r
1y
0c
1i
#99003966109
0t
0s
0r
1y
0c
1i
#99003966522
1t
0s
0r
1y
0c
1i
#99003966631
1t
0s
1r
1y
0c
1i
#99003966633
1t
0s
0r
1y
0c
1i
#99003967178
0t
0s
0r
1y
0c
0i
#99003967588
1t
0s
0r
1y
0c
0i
#99003968240
0t
0s
0r
1y
0c
0i
#99003968652
1t
0s
0r
1y
0c
0i
#99003969305
0t
0s
0r
1y
0c
0i
#99003969716
1t
0s
0r
1y
0c
0i
#99003970373
0t
0s
0r
1y
0c
0i
#99003970782
1t
0s
0r
1y
0c
0i
#99003971433
0t
0s
0r
1y
0c
0i
#99003971846
1t
0s
0r
1y
0c
0i
#99003972498
0t
0s
0r
1y
0c
0i
#99003972910
1t
0s
0r
1y
0c
0i
#99003973566
0t
0s
0r
1y
0c
0i
#99003973975
1t
0s
0r
1y
0c
0i
#99003974628
0t
0s
0r
1y
0c
0i
#99003975039
1t
0s
0r
1y
0c
0i
#99003975693
0t
0s
0r
1y
0c
0i
#99003976102
1t
0s
0r
1y
0c
0i
#99003976759
0t
0s
0r
1y
0c
0i
#99003977166
1t
0s
0r
1y
0c
0i
#99003977818
0t
0s
0r
1y
0c
0i
#99003978228
1t
0s
0r
1y
0c
0i
#99003978882
0t
0s
0r
1y
0c
0i
#99003979290
1t
0s
0r
1y
0c
0i
#99003979947
0t
0s
0r
1y
0c
0i
#99003980354
1t
0s
0r
1y
0c
0i
#99003981007
0t
0s
0r
1y
0c
0i
#99003981416
1t
0s
0r
1y
0c
0i
#99003982069
0t
0s
0r
1y
0c
0i
#99003982480
1t
0s
0r
1y
0c
0i
#99003983134
0t
0s
0r
1y
0c
0i
#99003983544
1t
0s
0r
1y
0c
0i
#99003984194
0t
0s
0r
1y
0c
0i
#99003984605
1t
0s
0r
1y
0c
0i
#99003985257
0t
0s
0r
1y
0c
0i
#99003985668
1t
0s
0r
1y
0c
0i
#99003986322
0t
0s
0r
1y
0c
0i
#99003986731
1t
0s
0r
1y
0c
0i
#99003987381
0t
0s
0r
1y
0c
0i
#99003987793
1t
0s
0r
1y
0c
0i
#99003988444
0t
0s
0r
1y
0c
0i
#99003988855
1t
0s
0r
1y
0c
0i
#99003989509
0t
0s
0r
1y
0c
0i
#99003989919
1t
0s
0r
1y
0c
0i
#99003990569
0t
0s
0r
1y
0c
0i
#99003990980
1t
0s
0r
1y
0c
0i
#99003991631
0t
0s
0r
1y
0c
0i
#99003992042
1t
0s
0r
1y
0c
0i
#99003992696
0t
0s
0r
1y
0c
0i
#99003993108
1t
0s
0r
1y
0c
0i
#99003993757
0t
0s
0r
1y
0c
0i
#99003994171
1t
0s
0r
1y
0c
0i
#99003994823
0t
0s
0r
1y
1c
0i
#99003995236
1t
0s
0r
1y
1c
0i
#99003995893
0t
0s
0r
1y
1c
0i
#99003996305
1t
0s
0r
1y
1c
1i
#99003996959
0t
0s
0r
1y
1c
1i
#99003997374
1t
0s
0r
1y
1c
1i
#99003998030
0t
0s
0r
1y
1c
1i
#99003998445
1t
0s
0r
1y
1c
1i
#99003999105
0t
0s
0r
1y
1c
0i
#99003999518
1t
0s
0r
1y
1c
0i
#99004000174
0t
0s
0r
1y
1c
0i
#99004000588
1t
0s
0r
1y
1c
0i
#99004001245
0t
0s
0r
1y
1c
0i
#99004001659
1t
0s
0r
1y
1c
0i
#99004002319
0t
0s
0r
1y
1c
0i
#99004002731
1t
0s
0r
1y
1c
0i
#99004003384
0t
0s
0r
1y
1c
0i
#99004003801
1t
0s
0r
1y
1c
0i
#99004004454
0t
0s
0r
1y
1c
0i
#99004004869
1t
0s
0r
1y
1c
0i
#99004005526
0t
0s
0r
1y
1c
0i
#99004005938
1t
0s
0r
1y
1c
0i
#99004006590
0t
0s
0r
1y
1c
0i
#99004007004
1t
0s
0r
1y
1c
0i
#99004007656
0t
0s
0r
1y
1c
0i
#99004008070
1t
0s
0r
1y
1c
0i
#99004008723
0t
0s
0r
1y
1c
0i
#99004009137
1t
0s
0r
1y
1c
0i
#99004009786
0t
0s
0r
1y
1c
0i
#99004010201
1t
0s
0r
1y
1c
0i
#99004010850
0t
0s
0r
1y
1c
0i
#99004011264
1t
0s
0r
1y
1c
0i
#99004011916
0t
0s
0r
1y
1c
0i
#99004012329
1t
0s
0r
1y
1c
0i
#99004014020
0t
0s
0r
1y
1c
0i
#99004015208
1t
0s
0r
1y
1c
0i
#99004016181
0t
0s
0r
1y
1c
0i
#99004016581
1t
0s
0r
1y
1c
0i
#99004017236
0t
0s
0r
1y
1c
0i
#99004017646
1t
0s
0r
1y
1c
0i
#99004018298
0t
0s
0r
1y
1c
0i
#99004018709
1t
0s
0r
1y
1c
0i
#99004019361
0t
0s
0r
1y
1c
0i
#99004019774
1t
0s
0r
1y
1c
0i
#99004020425
0t
0s
0r
1y
1c
0i
#99004020837
1t
0s
0r
1y
1c
0i
#99004021490
0t
0s
0r
1y
1c
0i
#99004021900
1t
0s
0r
1y
1c
0i
#99004022550
0t
0s
0r
1y
1c
0i
#99004022962
1t
0s
0r
1y
1c
0i
#99004023614
0t
0s
0r
1y
1c
0i
#99004024024
1t
0s
0r
1y
1c
0i
#99004024678
0t
0s
0r
1y
1c
0i
#99004025090
1t
0s
0r
1y
1c
0i
#99004025740
0t
0s
0r
1y
1c
0i
#99004026153
1t
0s
0r
1y
1c
0i
#99004026805
0t
0s
0r
1y
0c
0i
#99004027218
1t
0s
0r
1y
0c
0i
#99004027875
0t
0s
0r
1y
0c
0i
#99004028286
1t
0s
0r
1y
0c
1i
#99004028940
0t
0s
0r
1y
0c
1i
#99004029354
1t
0s
0r
1y
0c
1i
#99004030010
0t
0s
0r
1y
0c
1i
#99004030424
1t
0s
0r
1y
0c
1i
#99004031083
0t
0s
0r
1y
0c
0i
#99004031495
1t
0s
0r
1y
0c
0i
#99004032150
0t
0s
0r
1y
0c
0i
#99004032564
1t
0s
0r
1y
0c
0i
#99004033220
0t
0s
0r
1y
0c
0i
#99004033633
1t
0s
0r
1y
0c
0i
#99004034293
0t
0s
0r
1y
0c
0i
#99004034703
1t
0s
0r
1y
0c
0i
#99004035358
0t
0s
0r
1y
0c
0i
#99004035772
1t
0s
0r
1y
0c
0i
#99004036427
0t
0s
0r
1y
0c
0i
#99004036839
1t
0s
0r
1y
0c
0i
#99004037496
0t
0s
0r
1y
0c
0i
#99004037907
1t
0s
0r
1y
0c
0i
#99004038561
0t
0s
0r
1y
0c
0i
#99004038972
1t
0s
0r
1y
0c
0i
#99004039627
0t
0s
0r
1y
0c
0i
#99004040038
1t
0s
0r
1y
0c
0i
#99004040695
0t
0s
0r
1y
0c
0i
#99004041104
1t
0s
0r
1y
0c
0i
#99004041757
0t
0s
0r
1y
0c
0i
#99004042167
1t
0s
0r
1y
0c
0i
#99004042822
0t
0s
0r
1y
0c
0i
#99004043232
1t
0s
0r
1y
0c
0i
#99004043889
0t
0s
0r
1y
0c
0i
#99004044298
1t
0s
0r
1y
0c
0i
#99004044951
0t
0s
0r
1y
0c
0i
#99004045362
1t
0s
0r
1y
0c
0i
#99004046016
0t
0s
0r
1y
0c
0i
#99004046428
1t
0s
0r
1y
0c
0i
#99004047084
0t
0s
0r
1y
0c
0i
#99004047494
1t
0s
0r
1y
0c
0i
#99004048146
0t
0s
0r
1y
0c
0i
#99004048558
1t
0s
0r
1y
0c
0i
#99004049211
0t
0s
0r
1y
0c
0i
#99004049623
1t
0s
0r
1y
0c
0i
#99004050279
0t
0s
0r
1y
0c
0i
#99004050689
1t
0s
0r
1y
0c
0i
#99004051340
0t
0s
0r
1y
0c
0i
#99004051753
1t
0s
0r
1y
0c
0i
#99004052404
0t
0s
0r
1y
0c
0i
#99004052817
1t
0s
0r
1y
0c
0i
#99004053471
0t
0s
0r
1y
0c
0i
#99004053882
1t
0s
0r
1y
0c
0i
#99004054533
0t
0s
0r
1y
0c
0i
#99004054945
1t
0s
0r
1y
0c
0i
#99004055598
0t
0s
0r
1y
0c
0i
#99004056010
1t
0s
0r
1y
0c
0i
#99004056664
0t
0s
0r
1y
0c
0i
#99004057077
1t
0s
0r
1y
0c
0i
#99004057728
0t
0s
0r
1y
0c
0i
#99004058142
1t
0s
0r
1y
0c
0i
#99004058796
0t
0s
0r
1y
1c
0i
#99004059210
1t
0s
0r
1y
1c
0i
#99004059868
0t
0s
0r
1y
1c
0i
#99004060280
1t
0s
0r
1y
1c
1i
#99004060936
0t
0s
0r
1y
1c
1i
#99004061351
1t
0s
0r
1y
1c
1i
#99004062009
0t
0s
0r
1y
1c
1i
#99004062424
1t
0s
0r
1y
1c
1i
#99004063085
0t
0s
0r
1y
1c
0i
#99004063499
1t
0s
0r
1y
1c
0i
#99004064155
0t
0s
0r
1y
1c
0i
#99004064571
1t
0s
0r
1y
1c
0i
#99004065229
0t
0s
0r
1y
1c
0i
#99004065644
1t
0s
0r
1y
1c
0i
#99004066304
0t
0s
0r
1y
1c
0i
#99004066718
1t
0s
0r
1y
1c
0i
#99004067372
0t
0s
0r
1y
1c
0i
#99004067789
1t
0s
0r
1y
1c
0i
#99004068444
0t
0s
0r
1y
1c
0i
#99004068859
1t
0s
0r
1y
1c
0i
#99004069517
0t
0s
0r
1y
1c
0i
#99004069930
1t
0s
0r
1y
1c
0i
#99004070582
0t
0s
0r
1y
1c
0i
#99004070996
1t
0s
0r
1y
1c
0i
#99004071648
0t
0s
0r
1y
1c
0i
#99004072062
1t
0s
0r
1y
1c
0i
#99004072715
0t
0s
0r
1y
1c
0i
#99004073129
1t
0s
0r
1y
1c
0i
#99004073777
0t
0s
0r
1y
1c
0i
#99004074192
1t
0s
0r
1y
1c
0i
#99004074841
0t
0s
0r
1y
1c
0i
#99004075255
1t
0s
0r
1y
1c
0i
#99004075908
0t
0s
0r
1y
1c
0i
#99004076320
1t
0s
0r
1y
1c
0i
#99004078011
0t
0s
0r
1y
1c
0i
#99004079199
1t
0s
0r
1y
1c
0i
#99004080173
0t
0s
0r
1y
1c
0i
#99004080573
1t
0s
0r
1y
1c
0i
#99004081228
0t
0s
0r
1y
1c
0i
#99004081638
1t
0s
0r
1y
1c
0i
#99004082291
0t
0s
0r
1y
1c
0i
#99004082702
1t
0s
0r
1y
1c
0i
#99004083355
0t
0s
0r
1y
1c
0i
#99004083768
1t
0s
0r
1y
1c
0i
#99004084420
0t
0s
0r
1y
1c
0i
#99004084831
1t
0s
0r
1y
1c
0i
#99004085486
0t
0s
0r
1y
1c
0i
#99004085896
1t
0s
0r
1y
1c
0i
#99004086546
0t
0s
0r
1y
1c
0i
#99004086958
1t
0s
0r
1y
1c
0i
#99004087610
0t
0s
0r
1y
1c
0i
#99004088021
1t
0s
0r
1y
1c
0i
#99004088675
0t
0s
0r
1y
1c
0i
#99004089087
1t
0s
0r
1y
1c
0i
#99004089737
0t
0s
0r
1y
1c
0i
#99004090151
1t
0s
0r
1y
1c
0i
#99004090803
0t
0s
0r
1y
0c
0i
#99004091216
1t
0s
0r
1y
0c
0i
#99004091874
0t
0s
0r
1y
0c
0i
#99004092285
1t
0s
0r
1y
0c
1i
#99004092939
0t
0s
0r
1y
0c
1i
#99004093353
1t
0s
0r
1y
0c
1i
#99004094009
0t
0s
0r
1y
0c
1i
#99004094423
1t
0s
0r
1y
0c
1i
#99004094477
1t
0s
1r
1y
0c
1i
#99004094479
1t
0s
0r
1y
0c
1i
#99004095083
0t
0s
0r
1y
0c
0i
#99004095496
1t
0s
0r
1y
0c
0i
#99004096151
0t
0s
0r
1y
0c
0i
#99004096565
1t
0s
0r
1y
0c
0i
#99004097222
0t
0s
0r
1y
0c
0i
#99004097635
1t
0s
0r
1y
0c
0i
#99004098296
0t
0s
0r
1y
0c
0i
#99004098707
1t
0s
0r
1y
0c
0i
#99004099362
0t
0s
0r
1y
0c
0i
#99004099777
1t
0s
0r
1y
0c
0i
#99004100433
0t
0s
0r
1y
0c
0i
#99004100846
1t
0s
0r
1y
0c
0i
#99004101506
0t
0s
0r
1y
0c
0i
#99004101917
1t
0s
0r
1y
0c
0i
#99004102574
0t
0s
0r
1y
0c
0i
#99004102985
1t
0s
0r
1y
0c
0i
#99004103643
0t
0s
0r
1y
0c
0i
#99004104054
1t
0s
0r
1y
0c
0i
#99004104715
0t
0s
0r
1y
0c
0i
#99004105124
1t
0s
0r
1y
0c
0i
#99004105779
0t
0s
0r
1y
0c
0i
#99004106191
1t
0s
0r
1y
0c
0i
#99004106848
0t
0s
0r
1y
0c
0i
#99004107258
1t
0s
0r
1y
0c
0i
#99004107918
0t
0s
0r
1y
0c
0i
#99004108328
1t
0s
0r
1y
0c
0i
#99004108983
0t
0s
0r
1y
0c
0i
#99004109395
1t
0s
0r
1y
0c
0i
#99004110051
0t
0s
0r
1y
0c
0i
#99004110464
1t
0s
0r
1y
0c
0i
#99004111122
0t
0s
0r
1y
0c
0i
#99004111533
1t
0s
0r
1y
0c
0i
#99004112187
0t
0s
0r
1y
0c
0i
#99004112600
1t
0s
0r
1y
0c
0i
#99004113256
0t
0s
0r
1y
0c
0i
#99004113668
1t
0s
0r
1y
0c
0i
#99004114327
0t
0s
0r
1y
0c
0i
#99004114737
1t
0s
0r
1y
0c
0i
#99004115392
0t
0s
0r
1y
0c
0i
#99004115805
1t
0s
0r
1y
0c
0i
#99004116460
0t
0s
0r
1y
0c
0i
#99004116873
1t
0s
0r
1y
0c
0i
#99004117530
0t
0s
0r
1y
0c
0i
#99004117943
1t
0s
0r
1y
0c
0i
#99004118596
0t
0s
0r
1y
0c
0i
#99004119010
1t
0s
0r
1y
0c
0i
#99004119665
0t
0s
0r
1y
0c
0i
#99004120079
1t
0s
0r
1y
0c
0i
#99004120736
0t
0s
0r
1y
0c
0i
#99004121150
1t
0s
0r
1y
0c
0i
#99004121804
0t
0s
0r
1y
0c
0i
#99004122220
1t
0s
0r
1y
0c
0i
#99004122876
0t
0s
0r
1y
1c
0i
#99004123292
1t
0s
0r
1y
1c
0i
#99004123953
0t
0s
0r
1y
1c
0i
#99004124367
1t
0s
0r
1y
1c
1i
#99004125025
0t
0s
0r
1y
1c
1i
#99004125442
1t
0s
0r
1y
1c
1i
#99004126103
0t
0s
0r
1y
1c
1i
#99004126519
1t
0s
0r
1y
1c
1i
#99004127183
0t
0s
0r
1y
1c
0i
#99004127598
1t
0s
0r
1y
1c
0i
#99004128258
0t
0s
0r
1y
1c
0i
#99004128674
1t
0s
0r
1y
1c
0i
#99004129335
0t
0s
0r
1y
1c
0i
#99004129751
1t
0s
0r
1y
1c
0i
#99004130414
0t
0s
0r
1y
1c
0i
#99004130829
1t
0s
0r
1y
1c
0i
#99004131486
0t
0s
0r
1y
1c
0i
#99004131904
1t
0s
0r
1y
1c
0i
#99004132562
0t
0s
0r
1y
1c
0i
#99004132979
1t
0s
0r
1y
1c
0i
#99004133640
0t
0s
0r
1y
1c
0i
#99004134056
1t
0s
0r
1y
1c
0i
#99004134712
0t
0s
0r
1y
1c
0i
#99004135129
1t
0s
0r
1y
1c
0i
#99004135786
0t
0s
0r
1y
1c
0i
#99004136203
1t
0s
0r
1y
1c
0i
#99004136862
0t
0s
0r
1y
1c
0i
#99004137278
1t
0s
0r
1y
1c
0i
#99004137933
0t
0s
0r
1y
1c
0i
#99004138351
1t
0s
0r
1y
1c
0i
#99004139008
0t
0s
0r
1y
1c
0i
#99004139424
1t
0s
0r
1y
1c
0i
#99004140084
0t
0s
0r
1y
1c
0i
#99004140500
1t
0s
0r
1y
1c
0i
#99004142207
0t
0s
0r
1y
1c
0i
#99004143407
1t
0s
0r
1y
1c
0i
#99004144390
0t
0s
0r
1y
1c
0i
#99004144793
1t
0s
0r
1y
1c
0i
#99004145455
0t
0s
0r
1y
1c
0i
#99004145869
1t
0s
0r
1y
1c
0i
#99004146528
0t
0s
0r
1y
1c
0i
#99004146943
1t
0s
0r
1y
1c
0i
#99004147601
0t
0s
0r
1y
1c
0i
#99004148018
1t
0s
0r
1y
1c
0i
#99004148676
0t
0s
0r
1y
1c
0i
#99004149091
1t
0s
0r
1y
1c
0i
#99004149752
0t
0s
0r
1y
1c
0i
#99004150165
1t
0s
0r
1y
1c
0i
#99004150822
0t
0s
0r
1y
1c
0i
#99004151237
1t
0s
0r
1y
1c
0i
#99004151896
0t
0s
0r
1y
1c
0i
#99004152310
1t
0s
0r
1y
1c
0i
#99004152970
0t
0s
0r
1y
1c
0i
#99004153386
1t
0s
0r
1y
1c
0i
#99004154042
0t
0s
0r
1y
0c
0i
#99004154459
1t
0s
0r
1y
0c
0i
#99004155118
0t
0s
0r
1y
0c
0i
#99004155535
1t
0s
0r
1y
0c
0i
#99004156199
0t
0s
0r
1y
0c
0i
#99004156613
1t
0s
0r
1y
0c
1i
#99004157275
0t
0s
0r
1y
0c
1i
#99004157691
1t
0s
0r
1y
0c
1i
#99004158354
0t
0s
0r
1y
0c
1i
#99004158771
1t
0s
0r
1y
0c
1i
#99004159437
0t
0s
0r
1y
0c
0i
#99004159853
1t
0s
0r
1y
0c
0i
#99004160515
0t
0s
0r
1y
0c
0i
#99004160932
1t
0s
0r
1y
0c
0i
#99004161595
0t
0s
0r
1y
0c
0i
#99004162010
1t
0s
0r
1y
0c
0i
#99004162675
0t
0s
0r
1y
0c
0i
#99004163088
1t
0s
0r
1y
0c
0i
#99004163747
0t
0s
0r
1y
0c
0i
#99004164163
1t
0s
0r
1y
0c
0i
#99004164820
0t
0s
0r
1y
0c
0i
#99004165235
1t
0s
0r
1y
0c
0i
#99004165894
0t
0s
0r
1y
0c
0i
#99004166305
1t
0s
0r
1y
0c
0i
#99004166960
0t
0s
0r
1y
0c
0i
#99004167371
1t
0s
0r
1y
0c
0i
#99004168026
0t
0s
0r
1y
0c
0i
#99004168436
1t
0s
0r
1y
0c
0i
#99004169094
0t
0s
0r
1y
0c
0i
#99004169502
1t
0s
0r
1y
0c
0i
#99004170154
0t
0s
0r
1y
0c
0i
#99004170565
1t
0s
0r
1y
0c
0i
#99004171219
0t
0s
0r
1y
0c
0i
#99004171629
1t
0s
0r
1y
0c
0i
#99004172287
0t
0s
0r
1y
0c
0i
#99004172696
1t
0s
0r
1y
0c
0i
#99004173350
0t
0s
0r
1y
0c
0i
#99004173761
1t
0s
0r
1y
0c
0i
#99004174416
0t
0s
0r
1y
0c
0i
#99004174829
1t
0s
0r
1y
0c
0i
#99004175485
0t
0s
0r
1y
0c
0i
#99004175897
1t
0s
0r
1y
0c
0i
#99004176550
0t
0s
0r
1y
0c
0i
#99004176963
1t
0s
0r
1y
0c
0i
#99004177618
0t
0s
0r
1y
0c
0i
#99004178030
1t
0s
0r
1y
0c
0i
#99004178688
0t
0s
0r
1y
0c
0i
#99004179099
1t
0s
0r
1y
0c
0i
#99004179752
0t
0s
0r
1y
0c
0i
#99004180165
1t
0s
0r
1y
0c
0i
#99004180819
0t
0s
0r
1y
0c
0i
#99004181232
1t
0s
0r
1y
0c
0i
#99004181888
0t
0s
0r
1y
0c
0i
#99004182299
1t
0s
0r
1y
0c
0i
#99004182951
0t
0s
0r
1y
0c
0i
#99004183364
1t
0s
0r
1y
0c
0i
#99004184018
0t
0s
0r
1y
0c
0i
#99004184431
1t
0s
0r
1y
0c
0i
#99004185087
0t
0s
0r
1y
0c
0i
#99004185500
1t
0s
0r
1y
0c
0i
#99004186152
0t
0s
0r
1y
0c
0i
#99004186567
1t
0s
0r
1y
0c
0i
#99004187221
0t
0s
0r
1y
1c
0i
#99004187636
1t
0s
0r
1y
1c
0i
#99004188294
0t
0s
0r
1y
1c
0i
#99004188707
1t
0s
0r
1y
1c
1i
#99004189364
0t
0s
0r
1y
1c
1i
#99004189779
1t
0s
0r
1y
1c
1i
#99004190438
0t
0s
0r
1y
1c
1i
#99004190852
1t
0s
0r
1y
1c
1i
#99004191514
0t
0s
0r
1y
1c
0i
#99004191928
1t
0s
0r
1y
1c
0i
#99004192586
0t
0s
0r
1y
1c
0i
#99004193001
1t
0s
0r
1y
1c
0i
#99004193660
0t
0s
0r
1y
1c
0i
#99004194075
1t
0s
0r
1y
1c
0i
#99004194736
0t
0s
0r
1y
1c
0i
#99004195150
1t
0s
0r
1y
1c
0i
#99004195804
0t
0s
0r
1y
1c
0i
#99004196221
1t
0s
0r
1y
1c
0i
#99004196876
0t
0s
0r
1y
1c
0i
#99004197291
1t
0s
0r
1y
1c
0i
#99004197947
0t
0s
0r
1y
1c
0i
#99004198360
1t
0s
0r
1y
1c
0i
#99004199011
0t
0s
0r
1y
1c
0i
#99004199425
1t
0s
0r
1y
1c
0i
#99004200077
0t
0s
0r
1y
1c
0i
#99004200489
1t
0s
0r
1y
1c
0i
#99004201141
0t
0s
0r
1y
1c
0i
#99004201554
1t
0s
0r
1y
1c
0i
#99004202202
0t
0s
0r
1y
1c
0i
#99004202615
1t
0s
0r
1y
1c
0i
#99004203264
0t
0s
0r
1y
1c
0i
#99004203677
1t
0s
0r
1y
1c
0i
#99004204329
0t
0s
0r
1y
1c
0i
#99004204740
1t
0s
0r
1y
1c
0i
#99004206430
0t
0s
0r
1y
1c
0i
#99004207617
1t
0s
0r
1y
1c
0i
#99004208589
0t
0s
0r
1y
1c
0i
#99004208989
1t
0s
0r
1y
1c
0i
#99004209643
0t
0s
0r
1y
1c
0i
#99004210053
1t
0s
0r
1y
1c
0i
#99004210705
0t
0s
0r
1y
1c
0i
#99004211116
1t
0s
0r
1y
1c
0i
#99004211767
0t
0s
0r
1y
1c
0i
#99004212179
1t
0s
0r
1y
1c
0i
#99004212830
0t
0s
0r
1y
1c
0i
#99004213241
1t
0s
0r
1y
1c
0i
#99004213894
0t
0s
0r
1y
1c
0i
#99004214304
1t
0s
0r
1y
1c
0i
#99004214954
0t
0s
0r
1y
1c
0i
#99004215365
1t
0s
0r
1y
1c
0i
#99004216016
0t
0s
0r
1y
1c
0i
#99004216426
1t
0s
0r
1y
1c
0i
#99004217079
0t
0s
0r
1y
1c
0i
#99004217491
1t
0s
0r
1y
1c
0i
#99004218140
0t
0s
0r
1y
1c
0i
#99004218553
1t
0s
0r
1y
1c
0i
#99004219204
0t
0s
0r
1y
0c
0i
#99004219617
1t
0s
0r
1y
0c
0i
#99004220273
0t
0s
0r
1y
0c
0i
#99004220684
1t
0s
0r
1y
0c
1i
#99004221337
0t
0s
0r
1y
0c
1i
#99004221751
1t
0s
0r
1y
0c
1i
#99004222406
0t
0s
0r
1y
0c
1i
#99004222820
1t
0s
0r
1y
0c
1i
#99004222965
1t
0s
1r
1y
0c
1i
#99004222968
1t
0s
0r
1y
0c
1i
#99004223478
0t
0s
0r
1y
0c
0i
#99004223891
1t
0s
0r
1y
0c
0i
#99004224546
0t
0s
0r
1y
0c
0i
#99004224959
1t
0s
0r
1y
0c
0i
#99004225616
0t
0s
0r
1y
0c
0i
#99004226028
1t
0s
0r
1y
0c
0i
#99004226687
0t
0s
0r
1y
0c
0i
#99004227098
1t
0s
0r
1y
0c
0i
#99004227753
0t
0s
0r
1y
0c
0i
#99004228167
1t
0s
0r
1y
0c
0i
#99004228822
0t
0s
0r
1y
0c
0i
#99004229235
1t
0s
0r
1y
0c
0i
#99004229894
0t
0s
0r
1y
0c
0i
#99004230305
1t
0s
0r
1y
0c
0i
#99004230960
0t
0s
0r
1y
0c
0i
#99004231372
1t
0s
0r
1y
0c
0i
#99004232029
0t
0s
0r
1y
0c
0i
#99004232440
1t
0s
0r
1y
0c
0i
#99004233099
0t
0s
0r
1y
0c
0i
#99004233508
1t
0s
0r
1y
0c
0i
#99004234163
0t
0s
0r
1y
0c
0i
#99004234574
1t
0s
0r
1y
0c
0i
#99004235231
0t
0s
0r
1y
0c
0i
#99004235641
1t
0s
0r
1y
0c
0i
#99004236300
0t
0s
0r
1y
0c
0i
#99004236710
1t
0s
0r
1y
0c
0i
#99004237365
0t
0s
0r
1y
0c
0i
#99004237777
1t
0s
0r
1y
0c
0i
#99004238432
0t
0s
0r
1y
0c
0i
#99004238845
1t
0s
0r
1y
0c
0i
#99004239503
0t
0s
0r
1y
0c
0i
#99004239913
1t
0s
0r
1y
0c
0i
#99004240567
0t
0s
0r
1y
0c
0i
#99004240979
1t
0s
0r
1y
0c
0i
#99004241634
0t
0s
0r
1y
0c
0i
#99004242046
1t
0s
0r
1y
0c
0i
#99004242704
0t
0s
0r
1y
0c
0i
#99004243115
1t
0s
0r
1y
0c
0i
#99004243768
0t
0s
0r
1y
0c
0i
#99004244181
1t
0s
0r
1y
0c
0i
#99004244835
0t
0s
0r
1y
0c
0i
#99004245248
1t
0s
0r
1y
0c
0i
#99004245905
0t
0s
0r
1y
0c
0i
#99004246316
1t
0s
0r
1y
0c
0i
#99004246969
0t
0s
0r
1y
0c
0i
#99004247382
1t
0s
0r
1y
0c
0i
#99004248036
0t
0s
0r
1y
0c
0i
#99004248449
1t
0s
0r
1y
0c
0i
#99004249106
0t
0s
0r
1y
0c
0i
#99004249520
1t
0s
0r
1y
0c
0i
#99004250173
0t
0s
0r
1y
0c
0i
#99004250588
1t
0s
0r
1y
0c
0i
#99004251244
0t
0s
0r
1y
1c
0i
#99004251659
1t
0s
0r
1y
1c
0i
#99004252318
0t
0s
0r
1y
1c
0i
#99004252733
1t
0s
0r
1y
1c
1i
#99004253390
0t
0s
0r
1y
1c
1i
#99004253806
1t
0s
0r
1y
1c
1i
#99004254466
0t
0s
0r
1y
1c
1i
#99004254882
1t
0s
0r
1y
1c
1i
#99004255546
0t
0s
0r
1y
1c
0i
#99004255960
1t
0s
0r
1y
1c
0i
#99004256619
0t
0s
0r
1y
1c
0i
#99004257035
1t
0s
0r
1y
1c
0i
#99004257695
0t
0s
0r
1y
1c
0i
#99004258110
1t
0s
0r
1y
1c
0i
#99004258773
0t
0s
0r
1y
1c
0i
#99004259187
1t
0s
0r
1y
1c
0i
#99004259842
0t
0s
0r
1y
1c
0i
#99004260260
1t
0s
0r
1y
1c
0i
#99004260915
0t
0s
0r
1y
1c
0i
#99004261332
1t
0s
0r
1y
1c
0i
#99004261989
0t
0s
0r
1y
1c
0i
#99004262403
1t
0s
0r
1y
1c
0i
#99004263055
0t
0s
0r
1y
1c
0i
#99004263470
1t
0s
0r
1y
1c
0i
#99004264122
0t
0s
0r
1y
1c
0i
#99004264536
1t
0s
0r
1y
1c
0i
#99004265190
0t
0s
0r
1y
1c
0i
#99004265604
1t
0s
0r
1y
1c
0i
#99004266252
0t
0s
0r
1y
1c
0i
#99004266667
1t
0s
0r
1y
1c
0i
#99004267317
0t
0s
0r
1y
1c
0i
#99004267731
1t
0s
0r
1y
1c
0i
#99004268384
0t
0s
0r
1y
1c
0i
#99004268796
1t
0s
0r
1y
1c
0i
#99004270489
0t
0s
0r
1y
1c
0i
#99004271678
1t
0s
0r
1y
1c
0i
#99004272653
0t
0s
0r
1y
1c
0i
#99004273053
1t
0s
0r
1y
1c
0i
#99004273708
0t
0s
0r
1y
1c
0i
#99004274119
1t
0s
0r
1y
1c
0i
#99004274772
0t
0s
0r
1y
1c
0i
#99004275184
1t
0s
0r
1y
1c
0i
#99004275837
0t
0s
0r
1y
1c
0i
#99004276250
1t
0s
0r
1y
1c
0i
#99004276902
0t
0s
0r
1y
1c
0i
#99004277314
1t
0s
0r
1y
1c
0i
#99004277969
0t
0s
0r
1y
1c
0i
#99004278379
1t
0s
0r
1y
1c
0i
#99004279030
0t
0s
0r
1y
1c
0i
#99004279442
1t
0s
0r
1y
1c
0i
#99004280095
0t
0s
0r
1y
1c
0i
#99004280506
1t
0s
0r
1y
1c
0i
#99004281161
0t
0s
0r
1y
1c
0i
#99004281573
1t
0s
0r
1y
1c
0i
#99004282224
0t
0s
0r
1y
1c
0i
#99004282638
1t
0s
0r
1y
1c
0i
#99004283292
0t
0s
0r
1y
0c
0i
#99004283704
1t
0s
0r
1y
0c
0i
#99004284363
0t
0s
0r
1y
0c
0i
#99004284774
1t
0s
0r
1y
0c
1i
#99004285429
0t
0s
0r
1y
0c
1i
#99004285844
1t
0s
0r
1y
0c
1i
#99004286501
0t
0s
0r
1y
0c
1i
#99004286916
1t
0s
0r
1y
0c
1i
#99004287576
0t
0s
0r
1y
0c
0i
#99004287989
1t
0s
0r
1y
0c
0i
#99004288646
0t
0s
0r
1y
0c
0i
#99004289060
1t
0s
0r
1y
0c
0i
#99004289718
0t
0s
0r
1y
0c
0i
#99004290131
1t
0s
0r
1y
0c
0i
#99004290792
0t
0s
0r
1y
0c
0i
#99004291204
1t
0s
0r
1y
0c
0i
#99004291860
0t
0s
0r
1y
0c
0i
#99004292275
1t
0s
0r
1y
0c
0i
#99004292932
0t
0s
0r
1y
0c
0i
#99004293346
1t
0s
0r
1y
0c
0i
#99004294006
0t
0s
0r
1y
0c
0i
#99004294419
1t
0s
0r
1y
0c
0i
#99004295077
0t
0s
0r
1y
0c
0i
#99004295491
1t
0s
0r
1y
0c
0i
#99004296150
0t
0s
0r
1y
0c
0i
#99004296564
1t
0s
0r
1y
0c
0i
#99004297227
0t
0s
0r
1y
0c
0i
#99004297639
1t
0s
0r
1y
0c
0i
#99004298299
0t
0s
0r
1y
0c
0i
#99004298712
1t
0s
0r
1y
0c
0i
#99004299374
0t
0s
0r
1y
0c
0i
#99004299787
1t
0s
0r
1y
0c
0i
#99004300452
0t
0s
0r
1y
0c
0i
#99004300864
1t
0s
0r
1y
0c
0i
#99004301525
0t
0s
0r
1y
0c
0i
#99004301940
1t
0s
0r
1y
0c
0i
#99004302601
0t
0s
0r
1y
0c
0i
#99004303016
1t
0s
0r
1y
0c
0i
#99004303679
0t
0s
0r
1y
0c
0i
#99004304093
1t
0s
0r
1y
0c
0i
#99004304751
0t
0s
0r
1y
0c
0i
#99004305167
1t
0s
0r
1y
0c
0i
#99004305827
0t
0s
0r
1y
0c
0i
#99004306242
1t
0s
0r
1y
0c
0i
#99004306905
0t
0s
0r
1y
0c
0i
#99004307318
1t
0s
0r
1y
0c
0i
#99004307976
0t
0s
0r
1y
0c
0i
#99004308393
1t
0s
0r
1y
0c
0i
#99004309051
0t
0s
0r
1y
0c
0i
#99004309467
1t
0s
0r
1y
0c
0i
#99004310129
0t
0s
0r
1y
0c
0i
#99004310543
1t
0s
0r
1y
0c
0i
#99004311201
0t
0s
0r
1y
0c
0i
#99004311617
1t
0s
0r
1y
0c
0i
#99004312276
0t
0s
0r
1y
0c
0i
#99004312692
1t
0s
0r
1y
0c
0i
#99004313354
0t
0s
0r
1y
0c
0i
#99004313770
1t
0s
0r
1y
0c
0i
#99004314428
0t
0s
0r
1y
0c
0i
#99004314846
1t
0s
0r
1y
0c
0i
#99004315507
0t
0s
0r
1y
1c
0i
#99004315924
1t
0s
0r
1y
1c
0i
#99004316590
0t
0s
0r
1y
1c
0i
#99004317006
1t
0s
0r
1y
1c
1i
#99004317668
0t
0s
0r
1y
1c
1i
#99004318087
1t
0s
0r
1y
1c
1i
#99004318752
0t
0s
0r
1y
1c
1i
#99004319170
1t
0s
0r
1y
1c
1i
#99004319838
0t
0s
0r
1y
1c
0i
#99004320255
1t
0s
0r
1y
1c
0i
#99004320918
0t
0s
0r
1y
1c
0i
#99004321337
1t
0s
0r
1y
1c
0i
#99004322002
0t
0s
0r
1y
1c
0i
#99004322420
1t
0s
0r
1y
1c
0i
#99004323086
0t
0s
0r
1y
1c
0i
#99004323503
1t
0s
0r
1y
1c
0i
#99004324164
0t
0s
0r
1y
1c
0i
#99004324583
1t
0s
0r
1y
1c
0i
#99004325244
0t
0s
0r
1y
1c
0i
#99004325662
1t
0s
0r
1y
1c
0i
#99004326325
0t
0s
0r
1y
1c
0i
#99004326741
1t
0s
0r
1y
1c
0i
#99004327398
0t
0s
0r
1y
1c
0i
#99004327816
1t
0s
0r
1y
1c
0i
#99004328474
0t
0s
0r
1y
1c
0i
#99004328891
1t
0s
0r
1y
1c
0i
#99004329550
0t
0s
0r
1y
1c
0i
#99004329967
1t
0s
0r
1y
1c
0i
#99004330621
0t
0s
0r
1y
1c
0i
#99004331039
1t
0s
0r
1y
1c
0i
#99004331695
0t
0s
0r
1y
1c
0i
#99004332112
1t
0s
0r
1y
1c
0i
#99004332772
0t
0s
0r
1y
1c
0i
#99004333187
1t
0s
0r
1y
1c
0i
#99004334895
0t
0s
0r
1y
1c
0i
#99004336093
1t
0s
0r
1y
1c
0i
#99004337078
0t
0s
0r
1y
1c
0i
#99004337481
1t
0s
0r
1y
1c
0i
#99004338143
0t
0s
0r
1y
1c
0i
#99004338557
1t
0s
0r
1y
1c
0i
#99004339217
0t
0s
0r
1y
1c
0i
#99004339632
1t
0s
0r
1y
1c
0i
#99004340291
0t
0s
0r
1y
1c
0i
#99004340707
1t
0s
0r
1y
1c
0i
#99004341366
0t
0s
0r
1y
1c
0i
#99004341781
1t
0s
0r
1y
1c
0i
#99004342443
0t
0s
0r
1y
1c
0i
#99004342856
1t
0s
0r
1y
1c
0i
#99004343514
0t
0s
0r
1y
1c
0i
#99004343928
1t
0s
0r
1y
1c
0i
#99004344587
0t
0s
0r
1y
1c
0i
#99004345002
1t
0s
0r
1y
1c
0i
#99004345663
0t
0s
0r
1y
1c
0i
#99004346078
1t
0s
0r
1y
1c
0i
#99004346735
0t
0s
0r
1y
1c
0i
#99004347152
1t
0s
0r
1y
1c
0i
#99004347812
0t
0s
0r
1y
0c
0i
#99004348228
1t
0s
0r
1y
0c
0i
#99004348893
0t
0s
0r
1y
0c
0i
#99004349307
1t
0s
0r
1y
0c
1i
#99004349969
0t
0s
0r
1y
0c
1i
#99004350386
1t
0s
0r
1y
0c
1i
#99004351050
0t
0s
0r
1y
0c
1i
#99004351448
0t
0s
1r
1y
0c
1i
#99004351451
0t
0s
0r
1y
0c
1i
#99004351468
1t
0s
0r
1y
0c
1i
#99004352134
0t
0s
0r
1y
0c
0i
#99004352551
1t
0s
0r
1y
0c
0i
#99004353214
0t
0s
0r
1y
0c
0i
#99004353632
1t
0s
0r
1y
0c
0i
#99004354296
0t
0s
0r
1y
0c
0i
#99004354712
1t
0s
0r
1y
0c
0i
#99004355380
0t
0s
0r
1y
0c
0i
#99004355794
1t
0s
0r
1y
0c
0i
#99004356457
0t
0s
0r
1y
0c
0i
#99004356875
1t
0s
0r
1y
0c
0i
#99004357538
0t
0s
0r
1y
0c
0i
#99004357954
1t
0s
0r
1y
0c
0i
#99004358620
0t
0s
0r
1y
0c
0i
#99004359034
1t
0s
0r
1y
0c
0i
#99004359696
0t
0s
0r
1y
0c
0i
#99004360111
1t
0s
0r
1y
0c
0i
#99004360774
0t
0s
0r
1y
0c
0i
#99004361189
1t
0s
0r
1y
0c
0i
#99004361854
0t
0s
0r
1y
0c
0i
#99004362266
1t
0s
0r
1y
0c
0i
#99004362928
0t
0s
0r
1y
0c
0i
#99004363342
1t
0s
0r
1y
0c
0i
#99004364004
0t
0s
0r
1y
0c
0i
#99004364417
1t
0s
0r
1y
0c
0i
#99004365083
0t
0s
0r
1y
0c
0i
#99004365495
1t
0s
0r
1y
0c
0i
#99004366157
0t
0s
0r
1y
0c
0i
#99004366571
1t
0s
0r
1y
0c
0i
#99004367232
0t
0s
0r
1y
0c
0i
#99004367648
1t
0s
0r
1y
0c
0i
#99004368312
0t
0s
0r
1y
0c
0i
#99004368726
1t
0s
0r
1y
0c
0i
#99004369386
0t
0s
0r
1y
0c
0i
#99004369802
1t
0s
0r
1y
0c
0i
#99004370464
0t
0s
0r
1y
0c
0i
#99004370879
1t
0s
0r
1y
0c
0i
#99004371544
0t
0s
0r
1y
0c
0i
#99004371958
1t
0s
0r
1y
0c
0i
#99004372618
0t
0s
0r
1y
0c
0i
#99004373035
1t
0s
0r
1y
0c
0i
#99004373695
0t
0s
0r
1y
0c
0i
#99004374112
1t
0s
0r
1y
0c
0i
#99004374775
0t
0s
0r
1y
0c
0i
#99004375190
1t
0s
0r
1y
0c
0i
#99004375850
0t
0s
0r
1y
0c
0i
#99004514668
1t
0s
0r
1y
1c
0i
#99004515335
0t
0s
0r
1y
1c
0i
#99004515756
1t
0s
0r
1y
1c
0i
#99004516425
0t
0s
0r
1y
1c
0i
#99004516845
1t
0s
0r
1y
1c
0i
#99004517516
0t
0s
0r
1y
1c
0i
#99004517935
1t
0s
0r
1y
1c
0i
#99004518599
0t
0s
0r
1y
1c
0i
#99004519021
1t
0s
0r
1y
1c
0i
#99004519685
0t
0s
0r
1y
1c
0i
#99004520105
1t
0s
0r
1y
1c
0i
#99004520771
0t
0s
0r
1y
1c
0i
#99004521189
1t
0s
0r
1y
1c
0i
#99004521849
0t
0s
0r
1y
1c
0i
#99004522268
1t
0s
0r
1y
1c
0i
#99004522929
0t
0s
0r
1y
1c
0i
#99004523347
1t
0s
0r
1y
1c
0i
#99004524009
0t
0s
0r
1y
1c
0i
#99004524427
1t
0s
0r
1y
1c
0i
#99004525083
0t
0s
0r
1y
1c
0i
#99004525503
1t
0s
0r
1y
1c
0i
#99004526161
0t
0s
0r
1y
1c
0i
#99004526579
1t
0s
0r
1y
1c
0i
#99004527241
0t
0s
0r
1y
1c
0i
#99004527657
1t
0s
0r
1y
1c
0i
#99004529371
0t
0s
0r
1y
1c
0i
#99004530574
1t
0s
0r
1y
1c
0i
#99004531562
0t
0s
0r
1y
1c
0i
#99004531966
1t
0s
0r
1y
1c
0i
#99004532630
0t
0s
0r
1y
1c
0i
#99004533046
1t
0s
0r
1y
1c
0i
#99004533707
0t
0s
0r
1y
1c
0i
#99004534123
1t
0s
0r
1y
1c
0i
#99004534785
0t
0s
0r
1y
1c
0i
#99004535202
1t
0s
0r
1y
1c
0i
#99004535863
0t
0s
0r
1y
1c
0i
#99004536279
1t
0s
0r
1y
1c
0i
#99004536942
0t
0s
0r
1y
1c
0i
#99004537357
1t
0s
0r
1y
1c
0i
#99004538016
0t
0s
0r
1y
1c
0i
#99004538433
1t
0s
0r
1y
1c
0i
#99004539094
0t
0s
0r
1y
1c
0i
#99004539510
1t
0s
0r
1y
1c
0i
#99004540173
0t
0s
0r
1y
1c
0i
#99004540590
1t
0s
0r
1y
1c
0i
#99004541249
0t
0s
0r
1y
1c
0i
#99004541667
1t
0s
0r
1y
0c
0i
#99004542330
0t
0s
0r
1y
0c
0i
#99004542747
1t
0s
0r
1y
0c
0i
#99004543414
0t
0s
0r
1y
0c
0i
#99004543830
1t
0s
0r
1y
0c
1i
#99004544495
0t
0s
0r
1y
0c
1i
#99004544913
1t
0s
0r
1y
0c
1i
#99004545580
0t
0s
0r
1y
0c
1i
#99004545998
1t
0s
0r
1y
0c
1i
#99004546668
0t
0s
0r
1y
0c
0i
#99004547085
1t
0s
0r
1y
0c
0i
#99004547751
0t
0s
0r
1y
0c
0i
#99004548170
1t
0s
0r
1y
0c
0i
#99004548837
0t
0s
0r
1y
0c
0i
#99004549254
1t
0s
0r
1y
0c
0i
#99004549923
0t
0s
0r
1y
0c
0i
#99004550339
1t
0s
0r
1y
0c
0i
#99004551003
0t
0s
0r
1y
0c
0i
#99004551423
1t
0s
0r
1y
0c
0i
#99004552087
0t
0s
0r
1y
0c
0i
#99004552504
1t
0s
0r
1y
0c
0i
#99004553171
0t
0s
0r
1y
0c
0i
#99004553586
1t
0s
0r
1y
0c
0i
#99004554249
0t
0s
0r
1y
0c
0i
#99004554665
1t
0s
0r
1y
0c
0i
#99004555328
0t
0s
0r
1y
0c
0i
#99004555743
1t
0s
0r
1y
0c
0i
#99004556408
0t
0s
0r
1y
0c
0i
#99004556820
1t
0s
0r
1y
0c
0i
#99004557481
0t
0s
0r
1y
0c
0i
#99004557895
1t
0s
0r
1y
0c
0i
#99004558557
0t
0s
0r
1y
0c
0i
#99004558970
1t
0s
0r
1y
0c
0i
#99004559635
0t
0s
0r
1y
0c
0i
#99004560047
1t
0s
0r
1y
0c
0i
#99004560707
0t
0s
0r
1y
0c
0i
#99004561122
1t
0s
0r
1y
0c
0i
#99004561783
0t
0s
0r
1y
0c
0i
#99004562199
1t
0s
0r
1y
0c
0i
#99004562862
0t
0s
0r
1y
0c
0i
#99004563277
1t
0s
0r
1y
0c
0i
#99004563936
0t
0s
0r
1y
0c
0i
#99004564352
1t
0s
0r
1y
0c
0i
#99004565014
0t
0s
0r
1y
0c
0i
#99004565429
1t
0s
0r
1y
0c
0i
#99004566093
0t
0s
0r
1y
0c
0i
#99004566507
1t
0s
0r
1y
0c
0i
#99004567167
0t
0s
0r
1y
0c
0i
#99004567584
1t
0s
0r
1y
0c
0i
#99004568244
0t
0s
0r
1y
0c
0i
#99004568661
1t
0s
0r
1y
0c
0i
#99004569324
0t
0s
0r
1y
0c
0i
#99004569739
1t
0s
0r
1y
0c
0i
#99004570398
0t
0s
0r
1y
0c
0i
#99004570814
1t
0s
0r
1y
0c
0i
#99004571475
0t
0s
0r
1y
0c
0i
#99004571891
1t
0s
0r
1y
0c
0i
#99004572553
0t
0s
0r
1y
0c
0i
#99004572971
1t
0s
0r
1y
0c
0i
#99004573629
0t
0s
0r
1y
0c
0i
#99004574048
1t
0s
0r
1y
0c
0i
#99004574709
0t
0s
0r
1y
1c
0i
#99004575127
1t
0s
0r
1y
1c
0i
#99004575793
0t
0s
0r
1y
1c
0i
#99004576210
1t
0s
0r
1y
1c
1i
#99004576873
0t
0s
0r
1y
1c
1i
#99004577292
1t
0s
0r
1y
1c
1i
#99004577957
0t
0s
0r
1y
1c
1i
#99004578376
1t
0s
0r
1y
1c
1i
#99004579045
0t
0s
0r
1y
1c
0i
#99004579463
1t
0s
0r
1y
1c
0i
#99004580127
0t
0s
0r
1y
1c
0i
#99004580546
1t
0s
0r
1y
1c
0i
#99004581212
0t
0s
0r
1y
1c
0i
#99004581631
1t
0s
0r
1y
1c
0i
#99004582299
0t
0s
0r
1y
1c
0i
#99004582716
1t
0s
0r
1y
1c
0i
#99004583379
0t
0s
0r
1y
1c
0i
#99004583800
1t
0s
0r
1y
1c
0i
#99004584463
0t
0s
0r
1y
1c
0i
#99004584883
1t
0s
0r
1y
1c
0i
#99004585549
0t
0s
0r
1y
1c
0i
#99004585968
1t
0s
0r
1y
1c
0i
#99004586629
0t
0s
0r
1y
1c
0i
#99004587049
1t
0s
0r
1y
1c
0i
#99004587711
0t
0s
0r
1y
1c
0i
#99004588130
1t
0s
0r
1y
1c
0i
#99004588794
0t
0s
0r
1y
1c
0i
#99004589213
1t
0s
0r
1y
1c
0i
#99004589873
0t
0s
0r
1y
1c
0i
#99004590293
1t
0s
0r
1y
1c
0i
#99004590954
0t
0s
0r
1y
1c
0i
#99004591373
1t
0s
0r
1y
1c
0i
#103299481964
1t
0s
0r
1y
1c
0i
#103299482631
0t
0s
0r
1y
1c
0i
#103299483052
1t
0s
0r
1y
1c
0i
#103299483721
0t
0s
0r
1y
1c
0i
#103299484141
1t
0s
0r
1y
1c
0i
#103299484812
0t
0s
0r
1y
1c
0i
#103299485231
1t
0s
0r
1y
1c
0i
#103299485895
0t
0s
0r
1y
1c
0i
#103299486317
1t
0s
0r
1y
1c
0i
#103299486981
0t
0s
0r
1y
1c
0i
#103299487401
1t
0s
0r
1y
1c
0i
#103299488067
0t
0s
0r
1y
1c
0i
#103299488485
1t
0s
0r
1y
1c
0i
#103299489145
0t
0s
0r
1y
1c
0i
#103299489564
1t
0s
0r
1y
1c
0i
#103299490225
0t
0s
0r
1y
1c
0i
#103299490643
1t
0s
0r
1y
1c
0i
#103299491305
0t
0s
0r
1y
1c
0i
#103299491723
1t
0s
0r
1y
1c
0i
#103299492379
0t
0s
0r
1y
1c
0i
#103299492799
1t
0s
0r
1y
1c
0i
#103299493457
0t
0s
0r
1y
1c
0i
#103299493875
1t
0s
0r
1y
1c
0i
#103299494537
0t
0s
0r
1y
1c
0i
#103299494953
1t
0s
0r
1y
1c
0i
#103299496667
0t
0s
0r
1y
1c
0i
#103299497870
1t
0s
0r
1y
1c
0i
#103299498858
0t
0s
0r
1y
1c
0i
#103299499262
1t
0s
0r
1y
1c
0i
#103299499926
0t
0s
0r
1y
1c
0i
#103299500342
1t
0s
0r
1y
1c
0i
#103299501003
0t
0s
0r
1y
1c
0i
#103299501419
1t
0s
0r
1y
1c
0i
#103299502081
0t
0s
0r
1y
1c
0i
#103299502498
1t
0s
0r
1y
1c
0i
#103299503159
0t
0s
0r
1y
1c
0i
#103299503575
1t
0s
0r
1y
1c
0i
#103299504238
0t
0s
0r
1y
1c
0i
#103299504653
1t
0s
0r
1y
1c
0i
#103299505312
0t
0s
0r
1y
1c
0i
#103299505729
1t
0s
0r
1y
1c
0i
#103299506390
0t
0s
0r
1y
1c
0i
#103299506806
1t
0s
0r
1y
1c
0i
#103299507469
0t
0s
0r
1y
1c
0i
#103299507886
1t
0s
0r
1y
1c
0i
#103299508545
0t
0s
0r
1y
1c
0i
#103299508963
1t
0s
0r
1y
0c
0i
#103299509626
0t
0s
0r
1y
0c
0i
#103299510043
1t
0s
0r
1y
0c
0i
#103299510710
0t
0s
0r
1y
0c
0i
#103299511126
1t
0s
0r
1y
0c
1i
#103299511791
0t
0s
0r
1y
0c
1i
#103299512209
1t
0s
0r
1y
0c
1i
#103299512876
0t
0s
0r
1y
0c
1i
#103299513294
1t
0s
0r
1y
0c
1i
#103299513964
0t
0s
0r
1y
0c
0i
#103299514381
1t
0s
0r
1y
0c
0i
#103299515047
0t
0s
0r
1y
0c
0i
#103299515466
1t
0s
0r
1y
0c
0i
#103299516133
0t
0s
0r
1y
0c
0i
#103299516550
1t
0s
0r
1y
0c
0i
#103299517219
0t
0s
0r
1y
0c
0i
#103299517635
1t
0s
0r
1y
0c
0i
#103299518299
0t
0s
0r
1y
0c
0i
#103299518719
1t
0s
0r
1y
0c
0i
#103299519383
0t
0s
0r
1y
0c
0i
#103299519800
1t
0s
0r
1y
0c
0i
#103299520467
0t
0s
0r
1y
0c
0i
#103299520882
1t
0s
0r
1y
0c
0i
#103299521545
0t
0s
0r
1y
0c
0i
#103299521961
1t
0s
0r
1y
0c
0i
#103299522624
0t
0s
0r
1y
0c
0i
#103299523039
1t
0s
0r
1y
0c
0i
#103299523704
0t
0s
0r
1y
0c
0i
#103299524116
1t
0s
0r
1y
0c
0i
#103299524777
0t
0s
0r
1y
0c
0i
#103299525191
1t
0s
0r
1y
0c
0i
#103299525853
0t
0s
0r
1y
0c
0i
#103299526266
1t
0s
0r
1y
0c
0i
#103299526931
0t
0s
0r
1y
0c
0i
#103299527343
1t
0s
0r
1y
0c
0i
#103299528003
0t
0s
0r
1y
0c
0i
#103299528418
1t
0s
0r
1y
0c
0i
#103299529079
0t
0s
0r
1y
0c
0i
#103299529495
1t
0s
0r
1y
0c
0i
#103299530158
0t
0s
0r
1y
0c
0i
#103299530573
1t
0s
0r
1y
0c
0i
#103299531232
0t
0s
0r
1y
0c
0i
#103299531648
1t
0s
0r
1y
0c
0i
#103299532310
0t
0s
0r
1y
0c
0i
#103299532725
1t
0s
0r
1y
0c
0i
#103299533389
0t
0s
0r
1y
0c
0i
#103299533803
1t
0s
0r
1y
0c
0i
#103299534463
0t
0s
0r
1y
0c
0i
#103299534880
1t
0s
0r
1y
0c
0i
#103299535540
0t
0s
0r
1y
0c
0i
#103299535957
1t
0s
0r
1y
0c
0i
#103299536620
0t
0s
0r
1y
0c
0i
#103299537035
1t
0s
0r
1y
0c
0i
#103299537694
0t
0s
0r
1y
0c
0i
#103299538110
1t
0s
0r
1y
0c
0i
#103299538771
0t
0s
0r
1y
0c
0i
#103299539187
1t
0s
0r
1y
0c
0i
#103299539849
0t
0s
0r
1y
0c
0i
#103299540267
1t
0s
0r
1y
0c
0i
#103299540925
0t
0s
0r
1y
0c
0i
#103299541344
1t
0s
0r
1y
0c
0i
#103299542005
0t
0s
0r
1y
1c
0i
#103299542423
1t
0s
0r
1y
1c
0i
#103299543089
0t
0s
0r
1y
1c
0i
#103299543506
1t
0s
0r
1y
1c
1i
#103299544169
0t
0s
0r
1y
1c
1i
#103299544588
1t
0s
0r
1y
1c
1i
#103299545253
0t
0s
0r
1y
1c
1i
#103299545672
1t
0s
0r
1y
1c
1i
#103299546341
0t
0s
0r
1y
1c
0i
#103299546759
1t
0s
0r
1y
1c
0i
#103299547423
0t
0s
0r
1y
1c
0i
#103299547842
1t
0s
0r
1y
1c
0i
#103299548508
0t
0s
0r
1y
1c
0i
#103299548927
1t
0s
0r
1y
1c
0i
#103299549595
0t
0s
0r
1y
1c
0i
#103299550012
1t
0s
0r
1y
1c
0i
#103299550675
0t
0s
0r
1y
1c
0i
#103299551096
1t
0s
0r
1y
1c
0i
#103299551759
0t
0s
0r
1y
1c
0i
#103299552179
1t
0s
0r
1y
1c
0i
#103299552845
0t
0s
0r
1y
1c
0i
#103299553264
1t
0s
0r
1y
1c
0i
#103299553925
0t
0s
0r
1y
1c
0i
#103299554345
1t
0s
0r
1y
1c
0i
#103299555007
0t
0s
0r
1y
1c
0i
#103299555426
1t
0s
0r
1y
1c
0i
#103299556090
0t
0s
0r
1y
1c
0i
#103299556509
1t
0s
0r
1y
1c
0i
#103299557169
0t
0s
0r
1y
1c
0i
#103299557589
1t
0s
0r
1y
1c
0i
#103299558250
0t
0s
0r
1y
1c
0i
#103299558669
1t
0s
0r
1y
1c
0i
#103299559333
0t
0s
0r
1y
1c
0i
#103299559751
1t
0s
0r
1y
1c
0i
#103299561469
0t
0s
0r
1y
1c
0i
#103299562674
1t
0s
0r
1y
1c
0i
#103299563664
0t
0s
0r
1y
1c
0i
#103299564069
1t
0s
0r
1y
1c
0i
#103299564734
0t
0s
0r
1y
1c
0i
#103299565150
1t
0s
0r
1y
1c
0i
#103299565813
0t
0s
0r
1y
1c
0i
#103299566230
1t
0s
0r
1y
1c
0i
#103299566893
0t
0s
0r
1y
1c
0i
#103299567311
1t
0s
0r
1y
1c
0i
#103299567973
0t
0s
0r
1y
1c
0i
#103299568389
1t
0s
0r
1y
1c
0i
#103299569054
0t
0s
0r
1y
1c
0i
#103299569470
1t
0s
0r
1y
1c
0i
#103299570131
0t
0s
0r
1y
1c
0i
#103299570548
1t
0s
0r
1y
1c
0i
#103299571211
0t
0s
0r
1y
1c
0i
#103299571627
1t
0s
0r
1y
1c
0i
#103299572292
0t
0s
0r
1y
1c
0i
#103299572710
1t
0s
0r
1y
1c
0i
#103299573371
0t
0s
0r
1y
0c
0i
#103299573790
1t
0s
0r
1y
0c
0i
#103299574454
0t
0s
0r
1y
0c
0i
#103299574872
1t
0s
0r
1y
0c
0i
#103299575540
0t
0s
0r
1y
0c
0i
#103299575957
1t
0s
0r
1y
0c
1i
#103299576623
0t
0s
0r
1y
0c
1i
#103299577042
1t
0s
0r
1y
0c
1i
#103299577710
0t
0s
0r
1y
0c
1i
#103299578130
1t
0s
0r
1y
0c
1i
#103299578184
1t
0s
1r
1y
0c
1i
#103299578186
1t
0s
0r
1y
0c
1i
#103299578801
0t
0s
0r
1y
0c
0i
#103299579218
1t
0s
0r
1y
0c
0i
#103299579885
0t
0s
0r
1y
0c
0i
#103299580304
1t
0s
0r
1y
0c
0i
#103299580972
0t
0s
0r
1y
0c
0i
#103299581390
1t
0s
0r
1y
0c
0i
#103299582060
0t
0s
0r
1y
0c
0i
#103299582477
1t
0s
0r
1y
0c
0i
#103299583141
0t
0s
0r
1y
0c
0i
#103299583561
1t
0s
0r
1y
0c
0i
#103299584226
0t
0s
0r
1y
0c
0i
#103299584643
1t
0s
0r
1y
0c
0i
#103299585310
0t
0s
0r
1y
0c
0i
#103299585726
1t
0s
0r
1y
0c
0i
#103299586389
0t
0s
0r
1y
0c
0i
#103299586805
1t
0s
0r
1y
0c
0i
#103299587469
0t
0s
0r
1y
0c
0i
#103299587884
1t
0s
0r
1y
0c
0i
#103299588551
0t
0s
0r
1y
0c
0i
#103299588963
1t
0s
0r
1y
0c
0i
#103299589626
0t
0s
0r
1y
0c
0i
#103299590041
1t
0s
0r
1y
0c
0i
#103299590705
0t
0s
0r
1y
0c
0i
#103299591119
1t
0s
0r
1y
0c
0i
#103299591786
0t
0s
0r
1y
0c
0i
#103299592199
1t
0s
0r
1y
0c
0i
#103299592863
0t
0s
0r
1y
0c
0i
#103299593278
1t
0s
0r
1y
0c
0i
#103299593941
0t
0s
0r
1y
0c
0i
#103299594358
1t
0s
0r
1y
0c
0i
#103299595024
0t
0s
0r
1y
0c
0i
#103299595440
1t
0s
0r
1y
0c
0i
#103299596102
0t
0s
0r
1y
0c
0i
#103299596519
1t
0s
0r
1y
0c
0i
#103299597183
0t
0s
0r
1y
0c
0i
#103299597600
1t
0s
0r
1y
0c
0i
#103299598266
0t
0s
0r
1y
0c
0i
#103299598682
1t
0s
0r
1y
0c
0i
#103299599344
0t
0s
0r
1y
0c
0i
#103299599762
1t
0s
0r
1y
0c
0i
#103299600424
0t
0s
0r
1y
0c
0i
#103299600842
1t
0s
0r
1y
0c
0i
#103299601508
0t
0s
0r
1y
0c
0i
#103299601924
1t
0s
0r
1y
0c
0i
#103299602586
0t
0s
0r
1y
0c
0i
#103299603003
1t
0s
0r
1y
0c
0i
#103299603666
0t
0s
0r
1y
0c
0i
#103299604084
1t
0s
0r
1y
0c
0i
#103299604749
0t
0s
0r
1y
0c
0i
#103299605168
1t
0s
0r
1y
0c
0i
#103299605829
0t
0s
0r
1y
0c
0i
#103299606249
1t
0s
0r
1y
0c
0i
#103299606913
0t
0s
0r
1y
1c
0i
#103299607333
1t
0s
0r
1y
1c
0i
#103299608002
0t
0s
0r
1y
1c
0i
#103299608420
1t
0s
0r
1y
1c
1i
#103299609086
0t
0s
0r
1y
1c
1i
#103299609507
1t
0s
0r
1y
1c
1i
#103299610176
0t
0s
0r
1y
1c
1i
#103299610596
1t
0s
0r
1y
1c
1i
#103299611269
0t
0s
0r
1y
1c
0i
#103299611688
1t
0s
0r
1y
1c
0i
#103299612356
0t
0s
0r
1y
1c
0i
#103299612776
1t
0s
0r
1y
1c
0i
#103299613446
0t
0s
0r
1y
1c
0i
#103299613865
1t
0s
0r
1y
1c
0i
#103299614537
0t
0s
0r
1y
1c
0i
#103299614955
1t
0s
0r
1y
1c
0i
#103299615621
0t
0s
0r
1y
1c
0i
#103299616043
1t
0s
0r
1y
1c
0i
#103299616707
0t
0s
0r
1y
1c
0i
#103299617128
1t
0s
0r
1y
1c
0i
#103299617796
0t
0s
0r
1y
1c
0i
#103299618214
1t
0s
0r
1y
1c
0i
#103299618876
0t
0s
0r
1y
1c
0i
#103299619296
1t
0s
0r
1y
1c
0i
#103299619959
0t
0s
0r
1y
1c
0i
#103299620378
1t
0s
0r
1y
1c
0i
#103299621041
0t
0s
0r
1y
1c
0i
#103299621461
1t
0s
0r
1y
1c
0i
#103299622119
0t
0s
0r
1y
1c
0i
#103299622540
1t
0s
0r
1y
1c
0i
#103299623200
0t
0s
0r
1y
1c
0i
#103299623619
1t
0s
0r
1y
1c
0i
#103299624283
0t
0s
0r
1y
1c
0i
#103299624700
1t
0s
0r
1y
1c
0i
#103299626418
0t
0s
0r
1y
1c
0i
#103299627624
1t
0s
0r
1y
1c
0i
#103299628613
0t
0s
0r
1y
1c
0i
#103299629018
1t
0s
0r
1y
1c
0i
#103299629684
0t
0s
0r
1y
1c
0i
#103299630100
1t
0s
0r
1y
1c
0i
#103299630763
0t
0s
0r
1y
1c
0i
#103299631180
1t
0s
0r
1y
1c
0i
#103299631842
0t
0s
0r
1y
1c
0i
#103299632261
1t
0s
0r
1y
1c
0i
#103299632923
0t
0s
0r
1y
1c
0i
#103299633340
1t
0s
0r
1y
1c
0i
#103299634004
0t
0s
0r
1y
1c
0i
#103299634420
1t
0s
0r
1y
1c
0i
#103299635081
0t
0s
0r
1y
1c
0i
#103299635498
1t
0s
0r
1y
1c
0i
#103299636160
0t
0s
0r
1y
1c
0i
#103299636576
1t
0s
0r
1y
1c
0i
#103299637241
0t
0s
0r
1y
1c
0i
#103299637659
1t
0s
0r
1y
1c
0i
#103299638319
0t
0s
0r
1y
0c
0i
#103299638738
1t
0s
0r
1y
0c
0i
#103299639402
0t
0s
0r
1y
0c
0i
#103299639820
1t
0s
0r
1y
0c
0i
#103299640488
0t
0s
0r
1y
0c
0i
#103299640905
1t
0s
0r
1y
0c
1i
#103299641571
0t
0s
0r
1y
0c
1i
#103299641989
1t
0s
0r
1y
0c
1i
#103299642657
0t
0s
0r
1y
0c
1i
#103299643077
1t
0s
0r
1y
0c
1i
#103299643748
0t
0s
0r
1y
0c
0i
#103299644165
1t
0s
0r
1y
0c
0i
#103299644833
0t
0s
0r
1y
0c
0i
#103299645252
1t
0s
0r
1y
0c
0i
#103299645920
0t
0s
0r
1y
0c
0i
#103299646337
1t
0s
0r
1y
0c
0i
#103299647007
0t
0s
0r
1y
0c
0i
#103299647422
1t
0s
0r
1y
0c
0i
#103299648085
0t
0s
0r
1y
0c
0i
#103299648503
1t
0s
0r
1y
0c
0i
#103299649164
0t
0s
0r
1y
0c
0i
#103299649580
1t
0s
0r
1y
0c
0i
#103299650242
0t
0s
0r
1y
0c
0i
#103299650655
1t
0s
0r
1y
0c
0i
#103299651312
0t
0s
0r
1y
0c
0i
#103299651725
1t
0s
0r
1y
0c
0i
#103299652382
0t
0s
0r
1y
0c
0i
#103299652794
1t
0s
0r
1y
0c
0i
#103299653453
0t
0s
0r
1y
0c
0i
#103299653863
1t
0s
0r
1y
0c
0i
#103299654518
0t
0s
0r
1y
0c
0i
#103299654930
1t
0s
0r
1y
0c
0i
#103299655587
0t
0s
0r
1y
0c
0i
#103299655998
1t
0s
0r
1y
0c
0i
#103299656658
0t
0s
0r
1y
0c
0i
#103299657068
1t
0s
0r
1y
0c
0i
#103299657725
0t
0s
0r
1y
0c
0i
#103299658137
1t
0s
0r
1y
0c
0i
#103299658795
0t
0s
0r
1y
0c
0i
#103299659209
1t
0s
0r
1y
0c
0i
#103299659869
0t
0s
0r
1y
0c
0i
#103299660281
1t
0s
0r
1y
0c
0i
#103299660937
0t
0s
0r
1y
0c
0i
#103299661351
1t
0s
0r
1y
0c
0i
#103299662008
0t
0s
0r
1y
0c
0i
#103299662422
1t
0s
0r
1y
0c
0i
#103299663082
0t
0s
0r
1y
0c
0i
#103299663494
1t
0s
0r
1y
0c
0i
#103299664150
0t
0s
0r
1y
0c
0i
#103299664565
1t
0s
0r
1y
0c
0i
#103299665221
0t
0s
0r
1y
0c
0i
#103299665635
1t
0s
0r
1y
0c
0i
#103299666294
0t
0s
0r
1y
0c
0i
#103299666707
1t
0s
0r
1y
0c
0i
#103299667362
0t
0s
0r
1y
0c
0i
#103299667776
1t
0s
0r
1y
0c
0i
#103299668432
0t
0s
0r
1y
0c
0i
#103299668847
1t
0s
0r
1y
0c
0i
#103299669505
0t
0s
0r
1y
0c
0i
#103299669920
1t
0s
0r
1y
0c
0i
#103299670575
0t
0s
0r
1y
0c
0i
#103299670991
1t
0s
0r
1y
0c
0i
#103299671649
0t
0s
0r
1y
1c
0i
#103299672065
1t
0s
0r
1y
1c
0i
#103299672728
0t
0s
0r
1y
1c
0i
#103299673142
1t
0s
0r
1y
1c
1i
#103299673802
0t
0s
0r
1y
1c
1i
#103299674219
1t
0s
0r
1y
1c
1i
#103299674882
0t
0s
0r
1y
1c
1i
#103299675299
1t
0s
0r
1y
1c
1i
#103299675964
0t
0s
0r
1y
1c
0i
#103299676380
1t
0s
0r
1y
1c
0i
#103299677041
0t
0s
0r
1y
1c
0i
#103299677459
1t
0s
0r
1y
1c
0i
#103299678121
0t
0s
0r
1y
1c
0i
#103299678538
1t
0s
0r
1y
1c
0i
#103299679202
0t
0s
0r
1y
1c
0i
#103299679617
1t
0s
0r
1y
1c
0i
#103299680275
0t
0s
0r
1y
1c
0i
#103299680694
1t
0s
0r
1y
1c
0i
#103299681352
0t
0s
0r
1y
1c
0i
#103299681769
1t
0s
0r
1y
1c
0i
#103299682429
0t
0s
0r
1y
1c
0i
#103299682843
1t
0s
0r
1y
1c
0i
#103299683497
0t
0s
0r
1y
1c
0i
#103299683913
1t
0s
0r
1y
1c
0i
#103299684567
0t
0s
0r
1y
1c
0i
#103299684982
1t
0s
0r
1y
1c
0i
#103299685638
0t
0s
0r
1y
1c
0i
#103299686052
1t
0s
0r
1y
1c
0i
#103299686702
0t
0s
0r
1y
1c
0i
#103299687118
1t
0s
0r
1y
1c
0i
#103299687770
0t
0s
0r
1y
1c
0i
#103299688185
1t
0s
0r
1y
1c
0i
#103299688840
0t
0s
0r
1y
1c
0i
#103299689253
1t
0s
0r
1y
1c
0i
#103299690951
0t
0s
0r
1y
1c
0i
#103299692143
1t
0s
0r
1y
1c
0i
#103299693119
0t
0s
0r
1y
1c
0i
#103299693521
1t
0s
0r
1y
1c
0i
#103299694177
0t
0s
0r
1y
1c
0i
#103299694589
1t
0s
0r
1y
1c
0i
#103299695244
0t
0s
0r
1y
1c
0i
#103299695657
1t
0s
0r
1y
1c
0i
#103299696311
0t
0s
0r
1y
1c
0i
#103299696725
1t
0s
0r
1y
1c
0i
#103299697379
0t
0s
0r
1y
1c
0i
#103299697791
1t
0s
0r
1y
1c
0i
#103299698448
0t
0s
0r
1y
1c
0i
#103299698859
1t
0s
0r
1y
1c
0i
#103299699512
0t
0s
0r
1y
1c
0i
#103299699924
1t
0s
0r
1y
1c
0i
#103299700579
0t
0s
0r
1y
1c
0i
#103299700990
1t
0s
0r
1y
1c
0i
#103299701647
0t
0s
0r
1y
1c
0i
#103299702060
1t
0s
0r
1y
1c
0i
#103299702713
0t
0s
0r
1y
0c
0i
#103299703127
1t
0s
0r
1y
0c
0i
#103299703783
0t
0s
0r
1y
0c
0i
#103299704197
1t
0s
0r
1y
0c
0i
#103299704857
0t
0s
0r
1y
0c
0i
#103299705270
1t
0s
0r
1y
0c
1i
#103299705927
0t
0s
0r
1y
0c
1i
#103299706342
1t
0s
0r
1y
0c
1i
#103299707002
0t
0s
0r
1y
0c
1i
#103299707417
1t
0s
0r
1y
0c
1i
#103299707617
1t
0s
1r
1y
0c
1i
#103299707619
1t
0s
0r
1y
0c
1i
#103299708080
0t
0s
0r
1y
0c
0i
#103299708494
1t
0s
0r
1y
0c
0i
#103299709153
0t
0s
0r
1y
0c
0i
#103299709568
1t
0s
0r
1y
0c
0i
#103299710228
0t
0s
0r
1y
0c
0i
#103299710642
1t
0s
0r
1y
0c
0i
#103299711305
0t
0s
0r
1y
0c
0i
#103299711716
1t
0s
0r
1y
0c
0i
#103299712372
0t
0s
0r
1y
0c
0i
#103299712786
1t
0s
0r
1y
0c
0i
#103299713440
0t
0s
0r
1y
0c
0i
#103299713852
1t
0s
0r
1y
0c
0i
#103299714508
0t
0s
0r
1y
0c
0i
#103299714917
1t
0s
0r
1y
0c
0i
#103299715569
0t
0s
0r
1y
0c
0i
#103299715978
1t
0s
0r
1y
0c
0i
#103299716629
0t
0s
0r
1y
0c
0i
#103299717037
1t
0s
0r
1y
0c
0i
#103299717691
0t
0s
0r
1y
0c
0i
#103299718097
1t
0s
0r
1y
0c
0i
#103299718746
0t
0s
0r
1y
0c
0i
#103299719155
1t
0s
0r
1y
0c
0i
#103299719806
0t
0s
0r
1y
0c
0i
#103299720213
1t
0s
0r
1y
0c
0i
#103299720867
0t
0s
0r
1y
0c
0i
#103299721274
1t
0s
0r
1y
0c
0i
#103299721925
0t
0s
0r
1y
0c
0i
#103299722334
1t
0s
0r
1y
0c
0i
#103299722985
0t
0s
0r
1y
0c
0i
#103299723396
1t
0s
0r
1y
0c
0i
#103299724050
0t
0s
0r
1y
0c
0i
#103299724459
1t
0s
0r
1y
0c
0i
#103299725109
0t
0s
0r
1y
0c
0i
#103299725520
1t
0s
0r
1y
0c
0i
#103299726172
0t
0s
0r
1y
0c
0i
#103299726582
1t
0s
0r
1y
0c
0i
#103299727237
0t
0s
0r
1y
0c
0i
#103299727646
1t
0s
0r
1y
0c
0i
#103299728296
0t
0s
0r
1y
0c
0i
#103299728708
1t
0s
0r
1y
0c
0i
#103299729359
0t
0s
0r
1y
0c
0i
#103299729770
1t
0s
0r
1y
0c
0i
#103299730424
0t
0s
0r
1y
0c
0i
#103299730834
1t
0s
0r
1y
0c
0i
#103299731484
0t
0s
0r
1y
0c
0i
#103299731895
1t
0s
0r
1y
0c
0i
#103299732547
0t
0s
0r
1y
0c
0i
#103299732958
1t
0s
0r
1y
0c
0i
#103299733611
0t
0s
0r
1y
0c
0i
#103299734024
1t
0s
0r
1y
0c
0i
#103299734673
0t
0s
0r
1y
0c
0i
#103299735087
1t
0s
0r
1y
0c
0i
#103299735740
0t
0s
0r
1y
1c
0i
#103299736153
1t
0s
0r
1y
1c
0i
#103299736810
0t
0s
0r
1y
1c
0i
#103299737223
1t
0s
0r
1y
1c
1i
#103299737877
0t
0s
0r
1y
1c
1i
#103299738292
1t
0s
0r
1y
1c
1i
#103299738948
0t
0s
0r
1y
1c
1i
#103299739363
1t
0s
0r
1y
1c
1i
#103299740023
0t
0s
0r
1y
1c
0i
#103299740437
1t
0s
0r
1y
1c
0i
#103299741093
0t
0s
0r
1y
1c
0i
#103299741508
1t
0s
0r
1y
1c
0i
#103299742166
0t
0s
0r
1y
1c
0i
#103299742579
1t
0s
0r
1y
1c
0i
#103299743239
0t
0s
0r
1y
1c
0i
#103299743652
1t
0s
0r
1y
1c
0i
#103299744305
0t
0s
0r
1y
1c
0i
#103299744721
1t
0s
0r
1y
1c
0i
#103299745374
0t
0s
0r
1y
1c
0i
#103299745789
1t
0s
0r
1y
1c
0i
#103299746444
0t
0s
0r
1y
1c
0i
#103299746857
1t
0s
0r
1y
1c
0i
#103299747507
0t
0s
0r
1y
1c
0i
#103299747920
1t
0s
0r
1y
1c
0i
#103299748570
0t
0s
0r
1y
1c
0i
#103299748983
1t
0s
0r
1y
1c
0i
#103299749634
0t
0s
0r
1y
1c
0i
#103299750047
1t
0s
0r
1y
1c
0i
#103299750693
0t
0s
0r
1y
1c
0i
#103299751108
1t
0s
0r
1y
1c
0i
#103299751756
0t
0s
0r
1y
1c
0i
#103299752169
1t
0s
0r
1y
1c
0i
#103299752820
0t
0s
0r
1y
1c
0i
#103299753231
1t
0s
0r
1y
1c
0i
#103299754919
0t
0s
0r
1y
1c
0i
#103299756105
1t
0s
0r
1y
1c
0i
#103299757077
0t
0s
0r
1y
1c
0i
#103299757476
1t
0s
0r
1y
1c
0i
#103299758130
0t
0s
0r
1y
1c
0i
#103299758540
1t
0s
0r
1y
1c
0i
#103299759191
0t
0s
0r
1y
1c
0i
#103299759602
1t
0s
0r
1y
1c
0i
#103299760252
0t
0s
0r
1y
1c
0i
#103299760665
1t
0s
0r
1y
1c
0i
#103299761315
0t
0s
0r
1y
1c
0i
#103299761726
1t
0s
0r
1y
1c
0i
#103299762378
0t
0s
0r
1y
1c
0i
#103299762788
1t
0s
0r
1y
1c
0i
#103299763437
0t
0s
0r
1y
1c
0i
#103299763848
1t
0s
0r
1y
1c
0i
#103299764499
0t
0s
0r
1y
1c
0i
#103299764909
1t
0s
0r
1y
1c
0i
#103299765562
0t
0s
0r
1y
1c
0i
#103299765973
1t
0s
0r
1y
1c
0i
#103299766622
0t
0s
0r
1y
1c
0i
#103299767035
1t
0s
0r
1y
1c
0i
#103299767686
0t
0s
0r
1y
0c
0i
#103299768098
1t
0s
0r
1y
0c
0i
#103299768755
0t
0s
0r
1y
0c
0i
#103299769165
1t
0s
0r
1y
0c
1i
#103299769819
0t
0s
0r
1y
0c
1i
#103299770231
1t
0s
0r
1y
0c
1i
#103299770886
0t
0s
0r
1y
0c
1i
#103299771300
1t
0s
0r
1y
0c
1i
#103299771957
0t
0s
0r
1y
0c
0i
#103299772370
1t
0s
0r
1y
0c
0i
#103299773023
0t
0s
0r
1y
0c
0i
#103299773437
1t
0s
0r
1y
0c
0i
#103299774092
0t
0s
0r
1y
0c
0i
#103299774504
1t
0s
0r
1y
0c
0i
#103299775163
0t
0s
0r
1y
0c
0i
#103299775573
1t
0s
0r
1y
0c
0i
#103299776226
0t
0s
0r
1y
0c
0i
#103299776640
1t
0s
0r
1y
0c
0i
#103299777293
0t
0s
0r
1y
0c
0i
#103299777706
1t
0s
0r
1y
0c
0i
#103299778363
0t
0s
0r
1y
0c
0i
#103299778773
1t
0s
0r
1y
0c
0i
#103299779428
0t
0s
0r
1y
0c
0i
#103299779839
1t
0s
0r
1y
0c
0i
#103299780494
0t
0s
0r
1y
0c
0i
#103299780904
1t
0s
0r
1y
0c
0i
#103299781563
0t
0s
0r
1y
0c
0i
#103299781971
1t
0s
0r
1y
0c
0i
#103299782625
0t
0s
0r
1y
0c
0i
#103299783035
1t
0s
0r
1y
0c
0i
#103299783690
0t
0s
0r
1y
0c
0i
#103299784100
1t
0s
0r
1y
0c
0i
#103299784757
0t
0s
0r
1y
0c
0i
#103299785166
1t
0s
0r
1y
0c
0i
#103299785820
0t
0s
0r
1y
0c
0i
#103299786231
1t
0s
0r
1y
0c
0i
#103299786884
0t
0s
0r
1y
0c
0i
#103299787297
1t
0s
0r
1y
0c
0i
#103299787953
0t
0s
0r
1y
0c
0i
#103299788363
1t
0s
0r
1y
0c
0i
#103299789015
0t
0s
0r
1y
0c
0i
#103299789427
1t
0s
0r
1y
0c
0i
#103299790081
0t
0s
0r
1y
0c
0i
#103299790493
1t
0s
0r
1y
0c
0i
#103299791149
0t
0s
0r
1y
0c
0i
#103299791559
1t
0s
0r
1y
0c
0i
#103299792211
0t
0s
0r
1y
0c
0i
#103299792624
1t
0s
0r
1y
0c
0i
#103299793277
0t
0s
0r
1y
0c
0i
#103299793689
1t
0s
0r
1y
0c
0i
#103299794344
0t
0s
0r
1y
0c
0i
#103299794755
1t
0s
0r
1y
0c
0i
#103299795406
0t
0s
0r
1y
0c
0i
#103299795819
1t
0s
0r
1y
0c
0i
#103299796472
0t
0s
0r
1y
0c
0i
#103299796884
1t
0s
0r
1y
0c
0i
#103299797539
0t
0s
0r
1y
0c
0i
#103299797952
1t
0s
0r
1y
0c
0i
#103299798603
0t
0s
0r
1y
0c
0i
#103299799018
1t
0s
0r
1y
0c
0i
#103299799672
0t
0s
0r
1y
1c
0i
#103299800086
1t
0s
0r
1y
1c
0i
#103299800744
0t
0s
0r
1y
1c
0i
#103299801157
1t
0s
0r
1y
1c
1i
#103299801813
0t
0s
0r
1y
1c
1i
#103299802228
1t
0s
0r
1y
1c
1i
#103299802885
0t
0s
0r
1y
1c
1i
#103299803300
1t
0s
0r
1y
1c
1i
#103299803961
0t
0s
0r
1y
1c
0i
#103299804375
1t
0s
0r
1y
1c
0i
#103299805031
0t
0s
0r
1y
1c
0i
#103299805447
1t
0s
0r
1y
1c
0i
#103299806105
0t
0s
0r
1y
1c
0i
#103299806519
1t
0s
0r
1y
1c
0i
#103299807178
0t
0s
0r
1y
1c
0i
#103299807591
1t
0s
0r
1y
1c
0i
#103299808245
0t
0s
0r
1y
1c
0i
#103299808661
1t
0s
0r
1y
1c
0i
#103299809314
0t
0s
0r
1y
1c
0i
#103299809729
1t
0s
0r
1y
1c
0i
#103299810384
0t
0s
0r
1y
1c
0i
#103299810796
1t
0s
0r
1y
1c
0i
#103299811446
0t
0s
0r
1y
1c
0i
#103299811859
1t
0s
0r
1y
1c
0i
#103299812509
0t
0s
0r
1y
1c
0i
#103299812922
1t
0s
0r
1y
1c
0i
#103299813573
0t
0s
0r
1y
1c
0i
#103299813986
1t
0s
0r
1y
1c
0i
#103299814632
0t
0s
0r
1y
1c
0i
#103299815046
1t
0s
0r
1y
1c
0i
#103299815694
0t
0s
0r
1y
1c
0i
#103299816107
1t
0s
0r
1y
1c
0i
#103299816758
0t
0s
0r
1y
1c
0i
#103299817169
1t
0s
0r
1y
1c
0i
#103299818857
0t
0s
0r
1y
1c
0i
#103299820044
1t
0s
0r
1y
1c
0i
#103299821016
0t
0s
0r
1y
1c
0i
#103299821414
1t
0s
0r
1y
1c
0i
#103299822068
0t
0s
0r
1y
1c
0i
#103299822478
1t
0s
0r
1y
1c
0i
#103299823129
0t
0s
0r
1y
1c
0i
#103299823540
1t
0s
0r
1y
1c
0i
#103299824191
0t
0s
0r
1y
1c
0i
#103299824603
1t
0s
0r
1y
1c
0i
#103299825253
0t
0s
0r
1y
1c
0i
#103299825664
1t
0s
0r
1y
1c
0i
#103299826316
0t
0s
0r
1y
1c
0i
#103299826726
1t
0s
0r
1y
1c
0i
#103299827374
0t
0s
0r
1y
1c
0i
#103299827785
1t
0s
0r
1y
1c
0i
#103299828435
0t
0s
0r
1y
1c
0i
#103299828845
1t
0s
0r
1y
1c
0i
#103299829498
0t
0s
0r
1y
1c
0i
#103299829909
1t
0s
0r
1y
1c
0i
#103299830557
0t
0s
0r
1y
1c
0i
#103299830970
1t
0s
0r
1y
1c
0i
#103299831621
0t
0s
0r
1y
0c
0i
#103299832033
1t
0s
0r
1y
0c
0i
#103299832688
0t
0s
0r
1y
0c
0i
#103299833099
1t
0s
0r
1y
0c
1i
#103299833752
0t
0s
0r
1y
0c
1i
#103299834164
1t
0s
0r
1y
0c
1i
#103299834819
0t
0s
0r
1y
0c
1i
#103299835232
1t
0s
0r
1y
0c
1i
#103299835330
1t
0s
1r
1y
0c
1i
#103299835332
1t
0s
0r
1y
0c
1i
#103299835890
0t
0s
0r
1y
0c
0i
#103299836302
1t
0s
0r
1y
0c
0i
#103299836956
0t
0s
0r
1y
0c
0i
#103299837369
1t
0s
0r
1y
0c
0i
#103299838025
0t
0s
0r
1y
0c
0i
#103299838437
1t
0s
0r
1y
0c
0i
#103299839095
0t
0s
0r
1y
0c
0i
#103299839506
1t
0s
0r
1y
0c
0i
#103299840160
0t
0s
0r
1y
0c
0i
#103299840573
1t
0s
0r
1y
0c
0i
#103299841228
0t
0s
0r
1y
0c
0i
#103299841640
1t
0s
0r
1y
0c
0i
#103299842299
0t
0s
0r
1y
0c
0i
#103299842709
1t
0s
0r
1y
0c
0i
#103299843365
0t
0s
0r
1y
0c
0i
#103299843777
1t
0s
0r
1y
0c
0i
#103299844434
0t
0s
0r
1y
0c
0i
#103299844845
1t
0s
0r
1y
0c
0i
#103299845506
0t
0s
0r
1y
0c
0i
#103299845916
1t
0s
0r
1y
0c
0i
#103299846572
0t
0s
0r
1y
0c
0i
#103299846984
1t
0s
0r
1y
0c
0i
#103299847643
0t
0s
0r
1y
0c
0i
#103299848054
1t
0s
0r
1y
0c
0i
#103299848716
0t
0s
0r
1y
0c
0i
#103299849126
1t
0s
0r
1y
0c
0i
#103299849784
0t
0s
0r
1y
0c
0i
#103299850197
1t
0s
0r
1y
0c
0i
#103299850854
0t
0s
0r
1y
0c
0i
#103299851268
1t
0s
0r
1y
0c
0i
#103299851928
0t
0s
0r
1y
0c
0i
#103299852341
1t
0s
0r
1y
0c
0i
#103299852997
0t
0s
0r
1y
0c
0i
#103299853411
1t
0s
0r
1y
0c
0i
#103299854069
0t
0s
0r
1y
0c
0i
#103299854482
1t
0s
0r
1y
0c
0i
#103299855142
0t
0s
0r
1y
0c
0i
#103299855554
1t
0s
0r
1y
0c
0i
#103299856210
0t
0s
0r
1y
0c
0i
#103299856625
1t
0s
0r
1y
0c
0i
#103299857281
0t
0s
0r
1y
0c
0i
#103299857695
1t
0s
0r
1y
0c
0i
#103299858355
0t
0s
0r
1y
0c
0i
#103299858768
1t
0s
0r
1y
0c
0i
#103299859423
0t
0s
0r
1y
0c
0i
#103299859837
1t
0s
0r
1y
0c
0i
#103299860495
0t
0s
0r
1y
0c
0i
#103299860909
1t
0s
0r
1y
0c
0i
#103299861567
0t
0s
0r
1y
0c
0i
#103299861983
1t
0s
0r
1y
0c
0i
#103299862638
0t
0s
0r
1y
0c
0i
#103299863055
1t
0s
0r
1y
0c
0i
#103299863713
0t
0s
0r
1y
1c
0i
#103299864129
1t
0s
0r
1y
1c
0i
#103299864792
0t
0s
0r
1y
1c
0i
#103299865207
1t
0s
0r
1y
1c
1i
#103299865867
0t
0s
0r
1y
1c
1i
#103299866284
1t
0s
0r
1y
1c
1i
#103299866946
0t
0s
0r
1y
1c
1i
#103299867363
1t
0s
0r
1y
1c
1i
#103299868029
0t
0s
0r
1y
1c
0i
#103299868445
1t
0s
0r
1y
1c
0i
#103299869106
0t
0s
0r
1y
1c
0i
#103299869523
1t
0s
0r
1y
1c
0i
#103299870185
0t
0s
0r
1y
1c
0i
#103299870602
1t
0s
0r
1y
1c
0i
#103299871266
0t
0s
0r
1y
1c
0i
#103299871681
1t
0s
0r
1y
1c
0i
#103299872340
0t
0s
0r
1y
1c
0i
#103299872759
1t
0s
0r
1y
1c
0i
#103299873418
0t
0s
0r
1y
1c
0i
#103299873836
1t
0s
0r
1y
1c
0i
#103299874498
0t
0s
0r
1y
1c
0i
#103299874914
1t
0s
0r
1y
1c
0i
#103299875571
0t
0s
0r
1y
1c
0i
#103299875988
1t
0s
0r
1y
1c
0i
#103299876646
0t
0s
0r
1y
1c
0i
#103299877063
1t
0s
0r
1y
1c
0i
#103299877722
0t
0s
0r
1y
1c
0i
#103299878139
1t
0s
0r
1y
1c
0i
#103299878794
0t
0s
0r
1y
1c
0i
#103299879212
1t
0s
0r
1y
1c
0i
#103299879868
0t
0s
0r
1y
1c
0i
#103299880285
1t
0s
0r
1y
1c
0i
#103299880944
0t
0s
0r
1y
1c
0i
#103299881360
1t
0s
0r
1y
1c
0i
#103299883068
0t
0s
0r
1y
1c
0i
#103299884267
1t
0s
0r
1y
1c
0i
#103299885249
0t
0s
0r
1y
1c
0i
#103299885652
1t
0s
0r
1y
1c
0i
#103299886313
0t
0s
0r
1y
1c
0i
#103299886727
1t
0s
0r
1y
1c
0i
#103299887385
0t
0s
0r
1y
1c
0i
#103299887800
1t
0s
0r
1y
1c
0i
#103299888457
0t
0s
0r
1y
1c
0i
#103299888873
1t
0s
0r
1y
1c
0i
#103299889531
0t
0s
0r
1y
1c
0i
#103299889945
1t
0s
0r
1y
1c
0i
#103299890605
0t
0s
0r
1y
1c
0i
#103299891018
1t
0s
0r
1y
1c
0i
#103299891675
0t
0s
0r
1y
1c
0i
#103299892089
1t
0s
0r
1y
1c
0i
#103299892747
0t
0s
0r
1y
1c
0i
#103299893161
1t
0s
0r
1y
1c
0i
#103299893821
0t
0s
0r
1y
1c
0i
#103299894236
1t
0s
0r
1y
1c
0i
#103299894892
0t
0s
0r
1y
1c
0i
#103299895309
1t
0s
0r
1y
1c
0i
#103299895968
0t
0s
0r
1y
0c
0i
#103299896383
1t
0s
0r
1y
0c
0i
#103299897047
0t
0s
0r
1y
0c
0i
#103299897462
1t
0s
0r
1y
0c
1i
#103299898123
0t
0s
0r
1y
0c
1i
#103299898540
1t
0s
0r
1y
0c
1i
#103299899203
0t
0s
0r
1y
0c
1i
#103299899620
1t
0s
0r
1y
0c
1i
#103299900286
0t
0s
0r
1y
0c
0i
#103299900702
1t
0s
0r
1y
0c
0i
#103299901365
0t
0s
0r
1y
0c
0i
#103299901782
1t
0s
0r
1y
0c
0i
#103299902446
0t
0s
0r
1y
0c
0i
#103299902862
1t
0s
0r
1y
0c
0i
#103299903528
0t
0s
0r
1y
0c
0i
#103299903943
1t
0s
0r
1y
0c
0i
#103299904605
0t
0s
0r
1y
0c
0i
#103299905023
1t
0s
0r
1y
0c
0i
#103299905684
0t
0s
0r
1y
0c
0i
#103299906100
1t
0s
0r
1y
0c
0i
#103299906765
0t
0s
0r
1y
0c
0i
#103299907179
1t
0s
0r
1y
0c
0i
#103299907840
0t
0s
0r
1y
0c
0i
#103299908255
1t
0s
0r
1y
0c
0i
#103299908918
0t
0s
0r
1y
0c
0i
#103299909331
1t
0s
0r
1y
0c
0i
#103299909996
0t
0s
0r
1y
0c
0i
#103299910408
1t
0s
0r
1y
0c
0i
#103299911068
0t
0s
0r
1y
0c
0i
#103299911482
1t
0s
0r
1y
0c
0i
#103299912143
0t
0s
0r
1y
0c
0i
#103299912557
1t
0s
0r
1y
0c
0i
#103299913221
0t
0s
0r
1y
0c
0i
#103299913633
1t
0s
0r
1y
0c
0i
#103299914293
0t
0s
0r
1y
0c
0i
#103299914707
1t
0s
0r
1y
0c
0i
#103299915367
0t
0s
0r
1y
0c
0i
#103299915783
1t
0s
0r
1y
0c
0i
#103299916445
0t
0s
0r
1y
0c
0i
#103299916859
1t
0s
0r
1y
0c
0i
#103299917516
0t
0s
0r
1y
0c
0i
#103299917932
1t
0s
0r
1y
0c
0i
#103299918592
0t
0s
0r
1y
0c
0i
#103299919006
1t
0s
0r
1y
0c
0i
#103299919669
0t
0s
0r
1y
0c
0i
#103299920082
1t
0s
0r
1y
0c
0i
#103299920740
0t
0s
0r
1y
0c
0i
#103299921156
1t
0s
0r
1y
0c
0i
#103299921814
0t
0s
0r
1y
0c
0i
#103299922229
1t
0s
0r
1y
0c
0i
#103299922891
0t
0s
0r
1y
0c
0i
#103299923305
1t
0s
0r
1y
0c
0i
#103299923962
0t
0s
0r
1y
0c
0i
#103299924377
1t
0s
0r
1y
0c
0i
#103299925036
0t
0s
0r
1y
0c
0i
#103299925451
1t
0s
0r
1y
0c
0i
#103299926113
0t
0s
0r
1y
0c
0i
#103299926529
1t
0s
0r
1y
0c
0i
#103299927185
0t
0s
0r
1y
0c
0i
#103299927603
1t
0s
0r
1y
0c
0i
#103299928263
0t
0s
0r
1y
1c
0i
#103299928680
1t
0s
0r
1y
1c
0i
#103299929345
0t
0s
0r
1y
1c
0i
#103299929760
1t
0s
0r
1y
1c
1i
#103299930422
0t
0s
0r
1y
1c
1i
#103299930840
1t
0s
0r
1y
1c
1i
#103299931505
0t
0s
0r
1y
1c
1i
#103299931922
1t
0s
0r
1y
1c
1i
#103299932590
0t
0s
0r
1y
1c
0i
#103299933007
1t
0s
0r
1y
1c
0i
#103299933670
0t
0s
0r
1y
1c
0i
#103299934088
1t
0s
0r
1y
1c
0i
#103299934752
0t
0s
0r
1y
1c
0i
#103299935169
1t
0s
0r
1y
1c
0i
#103299935836
0t
0s
0r
1y
1c
0i
#103299936252
1t
0s
0r
1y
1c
0i
#103299936912
0t
0s
0r
1y
1c
0i
#103299937331
1t
0s
0r
1y
1c
0i
#103299937992
0t
0s
0r
1y
1c
0i
#103299938410
1t
0s
0r
1y
1c
0i
#103299939072
0t
0s
0r
1y
1c
0i
#103299939488
1t
0s
0r
1y
1c
0i
#103299940145
0t
0s
0r
1y
1c
0i
#103299940563
1t
0s
0r
1y
1c
0i
#103299941220
0t
0s
0r
1y
1c
0i
#103299941637
1t
0s
0r
1y
1c
0i
#103299942296
0t
0s
0r
1y
1c
0i
#103299942712
1t
0s
0r
1y
1c
0i
#103299943367
0t
0s
0r
1y
1c
0i
#103299943785
1t
0s
0r
1y
1c
0i
#103299944441
0t
0s
0r
1y
1c
0i
#103299944857
1t
0s
0r
1y
1c
0i
#103299945516
0t
0s
0r
1y
1c
0i
#103299945932
1t
0s
0r
1y
1c
0i
#103299947638
0t
0s
0r
1y
1c
0i
#103299948836
1t
0s
0r
1y
1c
0i
#103299949820
0t
0s
0r
1y
1c
0i
#103299950222
1t
0s
0r
1y
1c
0i
#103299950884
0t
0s
0r
1y
1c
0i
#103299951297
1t
0s
0r
1y
1c
0i
#103299951956
0t
0s
0r
1y
1c
0i
#103299952371
1t
0s
0r
1y
1c
0i
#103299953029
0t
0s
0r
1y
1c
0i
#103299953445
1t
0s
0r
1y
1c
0i
#103299954103
0t
0s
0r
1y
1c
0i
#103299954517
1t
0s
0r
1y
1c
0i
#103299955178
0t
0s
0r
1y
1c
0i
#103299955591
1t
0s
0r
1y
1c
0i
#103299956248
0t
0s
0r
1y
1c
0i
#103299956663
1t
0s
0r
1y
1c
0i
#103299957321
0t
0s
0r
1y
1c
0i
#103299957735
1t
0s
0r
1y
1c
0i
#103299958395
0t
0s
0r
1y
1c
0i
#103299958811
1t
0s
0r
1y
1c
0i
#103299959467
0t
0s
0r
1y
1c
0i
#103299959884
1t
0s
0r
1y
1c
0i
#103299960543
0t
0s
0r
1y
0c
0i
#103299960960
1t
0s
0r
1y
0c
0i
#103299961623
0t
0s
0r
1y
0c
0i
#103299962038
1t
0s
0r
1y
0c
1i
#103299962700
0t
0s
0r
1y
0c
1i
#103299963117
1t
0s
0r
1y
0c
1i
#103299963780
0t
0s
0r
1y
0c
1i
#103299964198
1t
0s
0r
1y
0c
1i
#103299964251
1t
0s
1r
1y
0c
1i
#103299964254
1t
0s
0r
1y
0c
1i
#103299964864
0t
0s
0r
1y
0c
0i
#103299965280
1t
0s
0r
1y
0c
0i
#103299965944
0t
0s
0r
1y
0c
0i
#103299966361
1t
0s
0r
1y
0c
0i
#103299967025
0t
0s
0r
1y
0c
0i
#103299967441
1t
0s
0r
1y
0c
0i
#103299968107
0t
0s
0r
1y
0c
0i
#103299968522
1t
0s
0r
1y
0c
0i
#103299969184
0t
0s
0r
1y
0c
0i
#103299969601
1t
0s
0r
1y
0c
0i
#103299970263
0t
0s
0r
1y
0c
0i
#103299970679
1t
0s
0r
1y
0c
0i
#103299971343
0t
0s
0r
1y
0c
0i
#103299971757
1t
0s
0r
1y
0c
0i
#103299972418
0t
0s
0r
1y
0c
0i
#103299972832
1t
0s
0r
1y
0c
0i
#103299973493
0t
0s
0r
1y
0c
0i
#103299973906
1t
0s
0r
1y
0c
0i
#103299974570
0t
0s
0r
1y
0c
0i
#103299974981
1t
0s
0r
1y
0c
0i
#103299975641
0t
0s
0r
1y
0c
0i
#103299976053
1t
0s
0r
1y
0c
0i
#103299976714
0t
0s
0r
1y
0c
0i
#103299977126
1t
0s
0r
1y
0c
0i
#103299977790
0t
0s
0r
1y
0c
0i
#103299978201
1t
0s
0r
1y
0c
0i
#103299978860
0t
0s
0r
1y
0c
0i
#103299979274
1t
0s
0r
1y
0c
0i
#103299979933
0t
0s
0r
1y
0c
0i
#103299980348
1t
0s
0r
1y
0c
0i
#103299981010
0t
0s
0r
1y
0c
0i
#103299981424
1t
0s
0r
1y
0c
0i
#103299982081
0t
0s
0r
1y
0c
0i
#103299982497
1t
0s
0r
1y
0c
0i
#103299983157
0t
0s
0r
1y
0c
0i
#103299983571
1t
0s
0r
1y
0c
0i
#103299984234
0t
0s
0r
1y
0c
0i
#103299984647
1t
0s
0r
1y
0c
0i
#103299985305
0t
0s
0r
1y
0c
0i
#103299985721
1t
0s
0r
1y
0c
0i
#103299986380
0t
0s
0r
1y
0c
0i
#103299986796
1t
0s
0r
1y
0c
0i
#103299987458
0t
0s
0r
1y
0c
0i
#103299987872
1t
0s
0r
1y
0c
0i
#103299988530
0t
0s
0r
1y
0c
0i
#103299988946
1t
0s
0r
1y
0c
0i
#103299989605
0t
0s
0r
1y
0c
0i
#103299990021
1t
0s
0r
1y
0c
0i
#103299990683
0t
0s
0r
1y
0c
0i
#103299991099
1t
0s
0r
1y
0c
0i
#103299991757
0t
0s
0r
1y
0c
0i
#103299992175
1t
0s
0r
1y
0c
0i
#103299992836
0t
0s
0r
1y
1c
0i
#103299993253
1t
0s
0r
1y
1c
0i
#103299993918
0t
0s
0r
1y
1c
0i
#103299994335
1t
0s
0r
1y
1c
1i
#103299994997
0t
0s
0r
1y
1c
1i
#103299995416
1t
0s
0r
1y
1c
1i
#103299996081
0t
0s
0r
1y
1c
1i
#103299996499
1t
0s
0r
1y
1c
1i
#103299997167
0t
0s
0r
1y
1c
0i
#103299997584
1t
0s
0r
1y
1c
0i
#103299998248
0t
0s
0r
1y
1c
0i
#103299998667
1t
0s
0r
1y
1c
0i
#103299999332
0t
0s
0r
1y
1c
0i
#103299999749
1t
0s
0r
1y
1c
0i
#103300000416
0t
0s
0r
1y
1c
0i
#103300000833
1t
0s
0r
1y
1c
0i
#103300001493
0t
0s
0r
1y
1c
0i
#103300001913
1t
0s
0r
1y
1c
0i
#103300002574
0t
0s
0r
1y
1c
0i
#103300002992
1t
0s
0r
1y
1c
0i
#103300003655
0t
0s
0r
1y
1c
0i
#103300004071
1t
0s
0r
1y
1c
0i
#103300004728
0t
0s
0r
1y
1c
0i
#103300005146
1t
0s
0r
1y
1c
0i
#103300005803
0t
0s
0r
1y
1c
0i
#103300006220
1t
0s
0r
1y
1c
0i
#103300006879
0t
0s
0r
1y
1c
0i
#103300007295
1t
0s
0r
1y
1c
0i
#103300007949
0t
0s
0r
1y
1c
0i
#103300008367
1t
0s
0r
1y
1c
0i
#103300009022
0t
0s
0r
1y
1c
0i
#103300009439
1t
0s
0r
1y
1c
0i
#103300010098
0t
0s
0r
1y
1c
0i
#103300010513
1t
0s
0r
1y
1c
0i
#103300012220
0t
0s
0r
1y
1c
0i
#103300013418
1t
0s
0r
1y
1c
0i
#103300014401
0t
0s
0r
1y
1c
0i
#103300014804
1t
0s
0r
1y
1c
0i
#103300015465
0t
0s
0r
1y
1c
0i
#103300015879
1t
0s
0r
1y
1c
0i
#103300016538
0t
0s
0r
1y
1c
0i
#103300016952
1t
0s
0r
1y
1c
0i
#103300017611
0t
0s
0r
1y
1c
0i
#103300018027
1t
0s
0r
1y
1c
0i
#103300018684
0t
0s
0r
1y
1c
0i
#103300019099
1t
0s
0r
1y
1c
0i
#103300019759
0t
0s
0r
1y
1c
0i
#103300020172
1t
0s
0r
1y
1c
0i
#103300020829
0t
0s
0r
1y
1c
0i
#103300021243
1t
0s
0r
1y
1c
0i
#103300021901
0t
0s
0r
1y
1c
0i
#103300022316
1t
0s
0r
1y
1c
0i
#103300022975
0t
0s
0r
1y
1c
0i
#103300023391
1t
0s
0r
1y
1c
0i
#103300024047
0t
0s
0r
1y
1c
0i
#103300024464
1t
0s
0r
1y
1c
0i
#103300025123
0t
0s
0r
1y
0c
0i
#103300025539
1t
0s
0r
1y
0c
0i
#103300026202
0t
0s
0r
1y
0c
0i
#103300026617
1t
0s
0r
1y
0c
1i
#103300027278
0t
0s
0r
1y
0c
1i
#103300027695
1t
0s
0r
1y
0c
1i
#103300028358
0t
0s
0r
1y
0c
1i
#103300028776
1t
0s
0r
1y
0c
1i
#103300029442
0t
0s
0r
1y
0c
0i
#103300029858
1t
0s
0r
1y
0c
0i
#103300030520
0t
0s
0r
1y
0c
0i
#103300030937
1t
0s
0r
1y
0c
0i
#103300031601
0t
0s
0r
1y
0c
0i
#103300032016
1t
0s
0r
1y
0c
0i
#103300032682
0t
0s
0r
1y
0c
0i
#103300033097
1t
0s
0r
1y
0c
0i
#103300033758
0t
0s
0r
1y
0c
0i
#103300034175
1t
0s
0r
1y
0c
0i
#103300034837
0t
0s
0r
1y
0c
0i
#103300035252
1t
0s
0r
1y
0c
0i
#103300035917
0t
0s
0r
1y
0c
0i
#103300036330
1t
0s
0r
1y
0c
0i
#103300036990
0t
0s
0r
1y
0c
0i
#103300037405
1t
0s
0r
1y
0c
0i
#103300038066
0t
0s
0r
1y
0c
0i
#103300038480
1t
0s
0r
1y
0c
0i
#103300039144
0t
0s
0r
1y
0c
0i
#103300039556
1t
0s
0r
1y
0c
0i
#103300040216
0t
0s
0r
1y
0c
0i
#103300040629
1t
0s
0r
1y
0c
0i
#103300041290
0t
0s
0r
1y
0c
0i
#103300041703
1t
0s
0r
1y
0c
0i
#103300042367
0t
0s
0r
1y
0c
0i
#103300042778
1t
0s
0r
1y
0c
0i
#103300043438
0t
0s
0r
1y
0c
0i
#103300043852
1t
0s
0r
1y
0c
0i
#103300044511
0t
0s
0r
1y
0c
0i
#103300044927
1t
0s
0r
1y
0c
0i
#103300045590
0t
0s
0r
1y
0c
0i
#103300046003
1t
0s
0r
1y
0c
0i
#103300046661
0t
0s
0r
1y
0c
0i
#103300047076
1t
0s
0r
1y
0c
0i
#103300047736
0t
0s
0r
1y
0c
0i
#103300048151
1t
0s
0r
1y
0c
0i
#103300048813
0t
0s
0r
1y
0c
0i
#103300049226
1t
0s
0r
1y
0c
0i
#103300049884
0t
0s
0r
1y
0c
0i
#103300050300
1t
0s
0r
1y
0c
0i
#103300050959
0t
0s
0r
1y
0c
0i
#103300051374
1t
0s
0r
1y
0c
0i
#103300052036
0t
0s
0r
1y
0c
0i
#103300052449
1t
0s
0r
1y
0c
0i
#103300053107
0t
0s
0r
1y
0c
0i
#103300053522
1t
0s
0r
1y
0c
0i
#103300054182
0t
0s
0r
1y
0c
0i
#103300054597
1t
0s
0r
1y
0c
0i
#103300055257
0t
0s
0r
1y
0c
0i
#103300055674
1t
0s
0r
1y
0c
0i
#103300056330
0t
0s
0r
1y
0c
0i
#103300056748
1t
0s
0r
1y
0c
0i
#103300057408
0t
0s
0r
1y
1c
0i
#103300057825
1t
0s
0r
1y
1c
0i
#103300058489
0t
0s
0r
1y
1c
0i
#103300058905
1t
0s
0r
1y
1c
1i
#103300059566
0t
0s
0r
1y
1c
1i
#103300059985
1t
0s
0r
1y
1c
1i
#103300060648
0t
0s
0r
1y
1c
1i
#103300061066
1t
0s
0r
1y
1c
1i
#103300061733
0t
0s
0r
1y
1c
0i
#103300062150
1t
0s
0r
1y
1c
0i
#103300062812
0t
0s
0r
1y
1c
0i
#103300063230
1t
0s
0r
1y
1c
0i
#103300063895
0t
0s
0r
1y
1c
0i
#103300064311
1t
0s
0r
1y
1c
0i
#103300064977
0t
0s
0r
1y
1c
0i
#103300065394
1t
0s
0r
1y
1c
0i
#103300066054
0t
0s
0r
1y
1c
0i
#103300066473
1t
0s
0r
1y
1c
0i
#103300067133
0t
0s
0r
1y
1c
0i
#103300067551
1t
0s
0r
1y
1c
0i
#103300068214
0t
0s
0r
1y
1c
0i
#103300068630
1t
0s
0r
1y
1c
0i
#103300069288
0t
0s
0r
1y
1c
0i
#103300069706
1t
0s
0r
1y
1c
0i
#103300070364
0t
0s
0r
1y
1c
0i
#103300070781
1t
0s
0r
1y
1c
0i
#103300071441
0t
0s
0r
1y
1c
0i
#103300071858
1t
0s
0r
1y
1c
0i
#103300072513
0t
0s
0r
1y
1c
0i
#103300072931
1t
0s
0r
1y
1c
0i
#103300073587
0t
0s
0r
1y
1c
0i
#103300074005
1t
0s
0r
1y
1c
0i
#103300074664
0t
0s
0r
1y
1c
0i
#103300075080
1t
0s
0r
1y
1c
0i
#103300076788
0t
0s
0r
1y
1c
0i
#103300077985
1t
0s
0r
1y
1c
0i
#103300078969
0t
0s
0r
1y
1c
0i
#103300079372
1t
0s
0r
1y
1c
0i
#103300080033
0t
0s
0r
1y
1c
0i
#103300080447
1t
0s
0r
1y
1c
0i
#103300081106
0t
0s
0r
1y
1c
0i
#103300081520
1t
0s
0r
1y
1c
0i
#103300082178
0t
0s
0r
1y
1c
0i
#103300082594
1t
0s
0r
1y
1c
0i
#103300083252
0t
0s
0r
1y
1c
0i
#103300083667
1t
0s
0r
1y
1c
0i
#103300084327
0t
0s
0r
1y
1c
0i
#103300084740
1t
0s
0r
1y
1c
0i
#103300085396
0t
0s
0r
1y
1c
0i
#103300085811
1t
0s
0r
1y
1c
0i
#103300086469
0t
0s
0r
1y
1c
0i
#103300086883
1t
0s
0r
1y
1c
0i
#103300087543
0t
0s
0r
1y
1c
0i
#103300087958
1t
0s
0r
1y
1c
0i
#103300088614
0t
0s
0r
1y
1c
0i
#103300089030
1t
0s
0r
1y
1c
0i
#103300089689
0t
0s
0r
1y
0c
0i
#103300090105
1t
0s
0r
1y
0c
0i
#103300090768
0t
0s
0r
1y
0c
0i
#103300091183
1t
0s
0r
1y
0c
1i
#103300091844
0t
0s
0r
1y
0c
1i
#103300092261
1t
0s
0r
1y
0c
1i
#103300092924
0t
0s
0r
1y
0c
1i
#103300093341
1t
0s
0r
1y
0c
1i
#103300093418
1t
0s
1r
1y
0c
1i
#103300093420
1t
0s
0r
1y
0c
1i
#103300094007
0t
0s
0r
1y
0c
0i
#103300094423
1t
0s
0r
1y
0c
0i
#103300095086
0t
0s
0r
1y
0c
0i
#103300095503
1t
0s
0r
1y
0c
0i
#103300096167
0t
0s
0r
1y
0c
0i
#103300096583
1t
0s
0r
1y
0c
0i
#103300097250
0t
0s
0r
1y
0c
0i
#103300097664
1t
0s
0r
1y
0c
0i
#103300098327
0t
0s
0r
1y
0c
0i
#103300098744
1t
0s
0r
1y
0c
0i
#103300099408
0t
0s
0r
1y
0c
0i
#103300099824
1t
0s
0r
1y
0c
0i
#103300100491
0t
0s
0r
1y
0c
0i
#103300100905
1t
0s
0r
1y
0c
0i
#103300101569
0t
0s
0r
1y
0c
0i
#103300101985
1t
0s
0r
1y
0c
0i
#103300102650
0t
0s
0r
1y
0c
0i
#103300103066
1t
0s
0r
1y
0c
0i
#103300103734
0t
0s
0r
1y
0c
0i
#103300104148
1t
0s
0r
1y
0c
0i
#103300104812
0t
0s
0r
1y
0c
0i
#103300105228
1t
0s
0r
1y
0c
0i
#103300105893
0t
0s
0r
1y
0c
0i
#103300106308
1t
0s
0r
1y
0c
0i
#103300106977
0t
0s
0r
1y
0c
0i
#103300107391
1t
0s
0r
1y
0c
0i
#103300108056
0t
0s
0r
1y
0c
0i
#103300108472
1t
0s
0r
1y
0c
0i
#103300109136
0t
0s
0r
1y
0c
0i
#103300109553
1t
0s
0r
1y
0c
0i
#103300110220
0t
0s
0r
1y
0c
0i
#103300110636
1t
0s
0r
1y
0c
0i
#103300111298
0t
0s
0r
1y
0c
0i
#103300111715
1t
0s
0r
1y
0c
0i
#103300112380
0t
0s
0r
1y
0c
0i
#103300112796
1t
0s
0r
1y
0c
0i
#103300113463
0t
0s
0r
1y
0c
0i
#103300113878
1t
0s
0r
1y
0c
0i
#103300114540
0t
0s
0r
1y
0c
0i
#103300114959
1t
0s
0r
1y
0c
0i
#103300115621
0t
0s
0r
1y
0c
0i
#103300116039
1t
0s
0r
1y
0c
0i
#103300116705
0t
0s
0r
1y
0c
0i
#103300117121
1t
0s
0r
1y
0c
0i
#103300117783
0t
0s
0r
1y
0c
0i
#103300118201
1t
0s
0r
1y
0c
0i
#103300118865
0t
0s
0r
1y
0c
0i
#103300119282
1t
0s
0r
1y
0c
0i
#103300119949
0t
0s
0r
1y
0c
0i
#103300120367
1t
0s
0r
1y
0c
0i
#103300121029
0t
0s
0r
1y
0c
0i
#103300121449
1t
0s
0r
1y
0c
0i
#103300122114
0t
0s
0r
1y
1c
0i
#103300122534
1t
0s
0r
1y
1c
0i
#103300123203
0t
0s
0r
1y
1c
0i
#103300123622
1t
0s
0r
1y
1c
1i
#103300124289
0t
0s
0r
1y
1c
1i
#103300124709
1t
0s
0r
1y
1c
1i
#103300125379
0t
0s
0r
1y
1c
1i
#103300125799
1t
0s
0r
1y
1c
1i
#103300126472
0t
0s
0r
1y
1c
0i
#103300126892
1t
0s
0r
1y
1c
0i
#103300127559
0t
0s
0r
1y
1c
0i
#103300127981
1t
0s
0r
1y
1c
0i
#103300128650
0t
0s
0r
1y
1c
0i
#103300129070
1t
0s
0r
1y
1c
0i
#103300129742
0t
0s
0r
1y
1c
0i
#103300130160
1t
0s
0r
1y
1c
0i
#103300130826
0t
0s
0r
1y
1c
0i
#103300131247
1t
0s
0r
1y
1c
0i
#103300131912
0t
0s
0r
1y
1c
0i
#103300132333
1t
0s
0r
1y
1c
0i
#103300133000
0t
0s
0r
1y
1c
0i
#103300133418
1t
0s
0r
1y
1c
0i
#103300134080
0t
0s
0r
1y
1c
0i
#103300134499
1t
0s
0r
1y
1c
0i
#103300135161
0t
0s
0r
1y
1c
0i
#103300135579
1t
0s
0r
1y
1c
0i
#103300136243
0t
0s
0r
1y
1c
0i
#103300136661
1t
0s
0r
1y
1c
0i
#103300137319
0t
0s
0r
1y
1c
0i
#103300137739
1t
0s
0r
1y
1c
0i
#103300138399
0t
0s
0r
1y
1c
0i
#103300138818
1t
0s
0r
1y
1c
0i
#103300139481
0t
0s
0r
1y
1c
0i
#103300139898
1t
0s
0r
1y
1c
0i
#103300141616
0t
0s
0r
1y
1c
0i
#103300142820
1t
0s
0r
1y
1c
0i
#103300143810
0t
0s
0r
1y
1c
0i
#103300144215
1t
0s
0r
1y
1c
0i
#103300144880
0t
0s
0r
1y
1c
0i
#103300145297
1t
0s
0r
1y
1c
0i
#103300145959
0t
0s
0r
1y
1c
0i
#103300146376
1t
0s
0r
1y
1c
0i
#103300147038
0t
0s
0r
1y
1c
0i
#103300147457
1t
0s
0r
1y
1c
0i
#103300148118
0t
0s
0r
1y
1c
0i
#103300148535
1t
0s
0r
1y
1c
0i
#103300149199
0t
0s
0r
1y
1c
0i
#103300149615
1t
0s
0r
1y
1c
0i
#103300150275
0t
0s
0r
1y
1c
0i
#103300150692
1t
0s
0r
1y
1c
0i
#103300151355
0t
0s
0r
1y
1c
0i
#103300151771
1t
0s
0r
1y
1c
0i
#103300152435
0t
0s
0r
1y
1c
0i
#103300152853
1t
0s
0r
1y
1c
0i
#103300153513
0t
0s
0r
1y
1c
0i
#103300153932
1t
0s
0r
1y
1c
0i
#103300154595
0t
0s
0r
1y
0c
0i
#103300155013
1t
0s
0r
1y
0c
0i
#103300155682
0t
0s
0r
1y
0c
0i
#103300156098
1t
0s
0r
1y
0c
1i
#103300156764
0t
0s
0r
1y
0c
1i
#103300157183
1t
0s
0r
1y
0c
1i
#103300157851
0t
0s
0r
1y
0c
1i
#103300158271
1t
0s
0r
1y
0c
1i
#103300158942
0t
0s
0r
1y
0c
0i
#103300159361
1t
0s
0r
1y
0c
0i
#103300160028
0t
0s
0r
1y
0c
0i
#103300160448
1t
0s
0r
1y
0c
0i
#103300161116
0t
0s
0r
1y
0c
0i
#103300161535
1t
0s
0r
1y
0c
0i
#103300162206
0t
0s
0r
1y
0c
0i
#103300162623
1t
0s
0r
1y
0c
0i
#103300163290
0t
0s
0r
1y
0c
0i
#103300163709
1t
0s
0r
1y
0c
0i
#103300164376
0t
0s
0r
1y
0c
0i
#103300164794
1t
0s
0r
1y
0c
0i
#103300165463
0t
0s
0r
1y
0c
0i
#103300165880
1t
0s
0r
1y
0c
0i
#103300166546
0t
0s
0r
1y
0c
0i
#103300166962
1t
0s
0r
1y
0c
0i
#103300167628
0t
0s
0r
1y
0c
0i
#103300168044
1t
0s
0r
1y
0c
0i
#103300168713
0t
0s
0r
1y
0c
0i
#103300169126
1t
0s
0r
1y
0c
0i
#103300169790
0t
0s
0r
1y
0c
0i
#103300170205
1t
0s
0r
1y
0c
0i
#103300170870
0t
0s
0r
1y
0c
0i
#103300171285
1t
0s
0r
1y
0c
0i
#103300171952
0t
0s
0r
1y
0c
0i
#103300310700
1t
0s
0r
1y
0c
0i
#103300311361
0t
0s
0r
1y
0c
0i
#103300311775
1t
0s
0r
1y
0c
0i
#103300312432
0t
0s
0r
1y
0c
0i
#103300312847
1t
0s
0r
1y
0c
0i
#103300313505
0t
0s
0r
1y
0c
0i
#103300313920
1t
0s
0r
1y
0c
0i
#103300314580
0t
0s
0r
1y
0c
0i
#103300314996
1t
0s
0r
1y
0c
0i
#103300315653
0t
0s
0r
1y
0c
0i
#103300316070
1t
0s
0r
1y
0c
0i
#103300316730
0t
0s
0r
1y
1c
0i
#103300317146
1t
0s
0r
1y
1c
0i
#103300317810
0t
0s
0r
1y
1c
0i
#103300318226
1t
0s
0r
1y
1c
1i
#103300318887
0t
0s
0r
1y
1c
1i
#103300319305
1t
0s
0r
1y
1c
1i
#103300319969
0t
0s
0r
1y
1c
1i
#103300320386
1t
0s
0r
1y
1c
1i
#103300321054
0t
0s
0r
1y
1c
0i
#103300321470
1t
0s
0r
1y
1c
0i
#103300322134
0t
0s
0r
1y
1c
0i
#103300322552
1t
0s
0r
1y
1c
0i
#107595277996
1t
0s
0r
1y
0c
0i
#107595278657
0t
0s
0r
1y
0c
0i
#107595279071
1t
0s
0r
1y
0c
0i
#107595279728
0t
0s
0r
1y
0c
0i
#107595280143
1t
0s
0r
1y
0c
0i
#107595280801
0t
0s
0r
1y
0c
0i
#107595281216
1t
0s
0r
1y
0c
0i
#107595281876
0t
0s
0r
1y
0c
0i
#107595282292
1t
0s
0r
1y
0c
0i
#107595282949
0t
0s
0r
1y
0c
0i
#107595283366
1t
0s
0r
1y
0c
0i
#107595284026
0t
0s
0r
1y
1c
0i
#107595284442
1t
0s
0r
1y
1c
0i
#107595285106
0t
0s
0r
1y
1c
0i
#107595285522
1t
0s
0r
1y
1c
1i
#107595286183
0t
0s
0r
1y
1c
1i
#107595286601
1t
0s
0r
1y
1c
1i
#107595287265
0t
0s
0r
1y
1c
1i
#107595287682
1t
0s
0r
1y
1c
1i
#107595288350
0t
0s
0r
1y
1c
0i
#107595288766
1t
0s
0r
1y
1c
0i
#107595289430
0t
0s
0r
1y
1c
0i
#107595289848
1t
0s
0r
1y
1c
0i
#107595290512
0t
0s
0r
1y
1c
0i
#107595290929
1t
0s
0r
1y
1c
0i
#107595291595
0t
0s
0r
1y
1c
0i
#107595292012
1t
0s
0r
1y
1c
0i
#107595292671
0t
0s
0r
1y
1c
0i
#107595293091
1t
0s
0r
1y
1c
0i
#107595293750
0t
0s
0r
1y
1c
0i
#107595294169
1t
0s
0r
1y
1c
0i
#107595294830
0t
0s
0r
1y
1c
0i
#107595295246
1t
0s
0r
1y
1c
0i
#107595295902
0t
0s
0r
1y
1c
0i
#107595296319
1t
0s
0r
1y
1c
0i
#107595296975
0t
0s
0r
1y
1c
0i
#107595297391
1t
0s
0r
1y
1c
0i
#107595298049
0t
0s
0r
1y
1c
0i
#107595298464
1t
0s
0r
1y
1c
0i
#107595299117
0t
0s
0r
1y
1c
0i
#107595299534
1t
0s
0r
1y
1c
0i
#107595300188
0t
0s
0r
1y
1c
0i
#107595300603
1t
0s
0r
1y
1c
0i
#107595301261
0t
0s
0r
1y
1c
0i
#107595301675
1t
0s
0r
1y
1c
0i
#107595303378
0t
0s
0r
1y
1c
0i
#107595304575
1t
0s
0r
1y
1c
0i
#107595305555
0t
0s
0r
1y
1c
0i
#107595305957
1t
0s
0r
1y
1c
0i
#107595306617
0t
0s
0r
1y
1c
0i
#107595307029
1t
0s
0r
1y
1c
0i
#107595307687
0t
0s
0r
1y
1c
0i
#107595308100
1t
0s
0r
1y
1c
0i
#107595308757
0t
0s
0r
1y
1c
0i
#107595309172
1t
0s
0r
1y
1c
0i
#107595309828
0t
0s
0r
1y
1c
0i
#107595310242
1t
0s
0r
1y
1c
0i
#107595310901
0t
0s
0r
1y
1c
0i
#107595311313
1t
0s
0r
1y
1c
0i
#107595311968
0t
0s
0r
1y
1c
0i
#107595312382
1t
0s
0r
1y
1c
0i
#107595313038
0t
0s
0r
1y
1c
0i
#107595313451
1t
0s
0r
1y
1c
0i
#107595314109
0t
0s
0r
1y
1c
0i
#107595314524
1t
0s
0r
1y
1c
0i
#107595315178
0t
0s
0r
1y
0c
0i
#107595315594
1t
0s
0r
1y
0c
0i
#107595316251
0t
0s
0r
1y
0c
0i
#107595316666
1t
0s
0r
1y
0c
0i
#107595317328
0t
0s
0r
1y
0c
0i
#107595317742
1t
0s
0r
1y
0c
1i
#107595318401
0t
0s
0r
1y
0c
1i
#107595318817
1t
0s
0r
1y
0c
1i
#107595319478
0t
0s
0r
1y
0c
1i
#107595319895
1t
0s
0r
1y
0c
1i
#107595320054
1t
0s
1r
1y
0c
1i
#107595320057
1t
0s
0r
1y
0c
1i
#107595320559
0t
0s
0r
1y
0c
0i
#107595320974
1t
0s
0r
1y
0c
0i
#107595321635
0t
0s
0r
1y
0c
0i
#107595322051
1t
0s
0r
1y
0c
0i
#107595322713
0t
0s
0r
1y
0c
0i
#107595323128
1t
0s
0r
1y
0c
0i
#107595323793
0t
0s
0r
1y
0c
0i
#107595324205
1t
0s
0r
1y
0c
0i
#107595324864
0t
0s
0r
1y
0c
0i
#107595325281
1t
0s
0r
1y
0c
0i
#107595325940
0t
0s
0r
1y
0c
0i
#107595326354
1t
0s
0r
1y
0c
0i
#107595327015
0t
0s
0r
1y
0c
0i
#107595327427
1t
0s
0r
1y
0c
0i
#107595328084
0t
0s
0r
1y
0c
0i
#107595328497
1t
0s
0r
1y
0c
0i
#107595329155
0t
0s
0r
1y
0c
0i
#107595329566
1t
0s
0r
1y
0c
0i
#107595330227
0t
0s
0r
1y
0c
0i
#107595330636
1t
0s
0r
1y
0c
0i
#107595331292
0t
0s
0r
1y
0c
0i
#107595331703
1t
0s
0r
1y
0c
0i
#107595332361
0t
0s
0r
1y
0c
0i
#107595332771
1t
0s
0r
1y
0c
0i
#107595333432
0t
0s
0r
1y
0c
0i
#107595333841
1t
0s
0r
1y
0c
0i
#107595334498
0t
0s
0r
1y
0c
0i
#107595334910
1t
0s
0r
1y
0c
0i
#107595335566
0t
0s
0r
1y
0c
0i
#107595335980
1t
0s
0r
1y
0c
0i
#107595336639
0t
0s
0r
1y
0c
0i
#107595337051
1t
0s
0r
1y
0c
0i
#107595337706
0t
0s
0r
1y
0c
0i
#107595338119
1t
0s
0r
1y
0c
0i
#107595338776
0t
0s
0r
1y
0c
0i
#107595339189
1t
0s
0r
1y
0c
0i
#107595339849
0t
0s
0r
1y
0c
0i
#107595340261
1t
0s
0r
1y
0c
0i
#107595340915
0t
0s
0r
1y
0c
0i
#107595341330
1t
0s
0r
1y
0c
0i
#107595341986
0t
0s
0r
1y
0c
0i
#107595342400
1t
0s
0r
1y
0c
0i
#107595343059
0t
0s
0r
1y
0c
0i
#107595343471
1t
0s
0r
1y
0c
0i
#107595344125
0t
0s
0r
1y
0c
0i
#107595344540
1t
0s
0r
1y
0c
0i
#107595345196
0t
0s
0r
1y
0c
0i
#107595345610
1t
0s
0r
1y
0c
0i
#107595346269
0t
0s
0r
1y
0c
0i
#107595346684
1t
0s
0r
1y
0c
0i
#107595347339
0t
0s
0r
1y
0c
0i
#107595347755
1t
0s
0r
1y
0c
0i
#107595348413
0t
0s
0r
1y
1c
0i
#107595348829
1t
0s
0r
1y
1c
0i
#107595349492
0t
0s
0r
1y
1c
0i
#107595349907
1t
0s
0r
1y
1c
1i
#107595350567
0t
0s
0r
1y
1c
1i
#107595350984
1t
0s
0r
1y
1c
1i
#107595351647
0t
0s
0r
1y
1c
1i
#107595352064
1t
0s
0r
1y
1c
1i
#107595352730
0t
0s
0r
1y
1c
0i
#107595353145
1t
0s
0r
1y
1c
0i
#107595353807
0t
0s
0r
1y
1c
0i
#107595354224
1t
0s
0r
1y
1c
0i
#107595354887
0t
0s
0r
1y
1c
0i
#107595355303
1t
0s
0r
1y
1c
0i
#107595355968
0t
0s
0r
1y
1c
0i
#107595356384
1t
0s
0r
1y
1c
0i
#107595357042
0t
0s
0r
1y
1c
0i
#107595357461
1t
0s
0r
1y
1c
0i
#107595358120
0t
0s
0r
1y
1c
0i
#107595358537
1t
0s
0r
1y
1c
0i
#107595359199
0t
0s
0r
1y
1c
0i
#107595359614
1t
0s
0r
1y
1c
0i
#107595360270
0t
0s
0r
1y
1c
0i
#107595360687
1t
0s
0r
1y
1c
0i
#107595361344
0t
0s
0r
1y
1c
0i
#107595361760
1t
0s
0r
1y
1c
0i
#107595362418
0t
0s
0r
1y
1c
0i
#107595362835
1t
0s
0r
1y
1c
0i
#107595363488
0t
0s
0r
1y
1c
0i
#107595363906
1t
0s
0r
1y
1c
0i
#107595364561
0t
0s
0r
1y
1c
0i
#107595364977
1t
0s
0r
1y
1c
0i
#107595365635
0t
0s
0r
1y
1c
0i
#107595366051
1t
0s
0r
1y
1c
0i
#107595367756
0t
0s
0r
1y
1c
0i
#107595368953
1t
0s
0r
1y
1c
0i
#107595369935
0t
0s
0r
1y
1c
0i
#107595370338
1t
0s
0r
1y
1c
0i
#107595370998
0t
0s
0r
1y
1c
0i
#107595371412
1t
0s
0r
1y
1c
0i
#107595372070
0t
0s
0r
1y
1c
0i
#107595372484
1t
0s
0r
1y
1c
0i
#107595373141
0t
0s
0r
1y
1c
0i
#107595373558
1t
0s
0r
1y
1c
0i
#107595374215
0t
0s
0r
1y
1c
0i
#107595374629
1t
0s
0r
1y
1c
0i
#107595375289
0t
0s
0r
1y
1c
0i
#107595375702
1t
0s
0r
1y
1c
0i
#107595376359
0t
0s
0r
1y
1c
0i
#107595376773
1t
0s
0r
1y
1c
0i
#107595377431
0t
0s
0r
1y
1c
0i
#107595377845
1t
0s
0r
1y
1c
0i
#107595378505
0t
0s
0r
1y
1c
0i
#107595378920
1t
0s
0r
1y
1c
0i
#107595379576
0t
0s
0r
1y
1c
0i
#107595379993
1t
0s
0r
1y
1c
0i
#107595380652
0t
0s
0r
1y
0c
0i
#107595381068
1t
0s
0r
1y
0c
0i
#107595381731
0t
0s
0r
1y
0c
0i
#107595382146
1t
0s
0r
1y
0c
1i
#107595382806
0t
0s
0r
1y
0c
1i
#107595383223
1t
0s
0r
1y
0c
1i
#107595383886
0t
0s
0r
1y
0c
1i
#107595384303
1t
0s
0r
1y
0c
1i
#107595384969
0t
0s
0r
1y
0c
0i
#107595385385
1t
0s
0r
1y
0c
0i
#107595386047
0t
0s
0r
1y
0c
0i
#107595386464
1t
0s
0r
1y
0c
0i
#107595387127
0t
0s
0r
1y
0c
0i
#107595387542
1t
0s
0r
1y
0c
0i
#107595388209
0t
0s
0r
1y
0c
0i
#107595388623
1t
0s
0r
1y
0c
0i
#107595389283
0t
0s
0r
1y
0c
0i
#107595389701
1t
0s
0r
1y
0c
0i
#107595390362
0t
0s
0r
1y
0c
0i
#107595390778
1t
0s
0r
1y
0c
0i
#107595391443
0t
0s
0r
1y
0c
0i
#107595391857
1t
0s
0r
1y
0c
0i
#107595392518
0t
0s
0r
1y
0c
0i
#107595392933
1t
0s
0r
1y
0c
0i
#107595393595
0t
0s
0r
1y
0c
0i
#107595394009
1t
0s
0r
1y
0c
0i
#107595394674
0t
0s
0r
1y
0c
0i
#107595395086
1t
0s
0r
1y
0c
0i
#107595395747
0t
0s
0r
1y
0c
0i
#107595396160
1t
0s
0r
1y
0c
0i
#107595396822
0t
0s
0r
1y
0c
0i
#107595397235
1t
0s
0r
1y
0c
0i
#107595397900
0t
0s
0r
1y
0c
0i
#107595398312
1t
0s
0r
1y
0c
0i
#107595398973
0t
0s
0r
1y
0c
0i
#107595399387
1t
0s
0r
1y
0c
0i
#107595400047
0t
0s
0r
1y
0c
0i
#107595400463
1t
0s
0r
1y
0c
0i
#107595401126
0t
0s
0r
1y
0c
0i
#107595401540
1t
0s
0r
1y
0c
0i
#107595402198
0t
0s
0r
1y
0c
0i
#107595402614
1t
0s
0r
1y
0c
0i
#107595403274
0t
0s
0r
1y
0c
0i
#107595403689
1t
0s
0r
1y
0c
0i
#107595404353
0t
0s
0r
1y
0c
0i
#107595404766
1t
0s
0r
1y
0c
0i
#107595405425
0t
0s
0r
1y
0c
0i
#107595405841
1t
0s
0r
1y
0c
0i
#107595406500
0t
0s
0r
1y
0c
0i
#107595406916
1t
0s
0r
1y
0c
0i
#107595407578
0t
0s
0r
1y
0c
0i
#107595407992
1t
0s
0r
1y
0c
0i
#107595408651
0t
0s
0r
1y
0c
0i
#107595409066
1t
0s
0r
1y
0c
0i
#107595409726
0t
0s
0r
1y
0c
0i
#107595410141
1t
0s
0r
1y
0c
0i
#107595410803
0t
0s
0r
1y
0c
0i
#107595411220
1t
0s
0r
1y
0c
0i
#107595411878
0t
0s
0r
1y
0c
0i
#107595412296
1t
0s
0r
1y
0c
0i
#107595412957
0t
0s
0r
1y
1c
0i
#107595413374
1t
0s
0r
1y
1c
0i
#107595414039
0t
0s
0r
1y
1c
0i
#107595414455
1t
0s
0r
1y
1c
1i
#107595415118
0t
0s
0r
1y
1c
1i
#107595415536
1t
0s
0r
1y
1c
1i
#107595416201
0t
0s
0r
1y
1c
1i
#107595416620
1t
0s
0r
1y
1c
1i
#107595417288
0t
0s
0r
1y
1c
0i
#107595417705
1t
0s
0r
1y
1c
0i
#107595418369
0t
0s
0r
1y
1c
0i
#107595418788
1t
0s
0r
1y
1c
0i
#107595419453
0t
0s
0r
1y
1c
0i
#107595419871
1t
0s
0r
1y
1c
0i
#107595420538
0t
0s
0r
1y
1c
0i
#107595420954
1t
0s
0r
1y
1c
0i
#107595421615
0t
0s
0r
1y
1c
0i
#107595422034
1t
0s
0r
1y
1c
0i
#107595422694
0t
0s
0r
1y
1c
0i
#107595423113
1t
0s
0r
1y
1c
0i
#107595423775
0t
0s
0r
1y
1c
0i
#107595424191
1t
0s
0r
1y
1c
0i
#107595424848
0t
0s
0r
1y
1c
0i
#107595425265
1t
0s
0r
1y
1c
0i
#107595425922
0t
0s
0r
1y
1c
0i
#107595426339
1t
0s
0r
1y
1c
0i
#107595426997
0t
0s
0r
1y
1c
0i
#107595427414
1t
0s
0r
1y
1c
0i
#107595428068
0t
0s
0r
1y
1c
0i
#107595428486
1t
0s
0r
1y
1c
0i
#107595429142
0t
0s
0r
1y
1c
0i
#107595429558
1t
0s
0r
1y
1c
0i
#107595430217
0t
0s
0r
1y
1c
0i
#107595430632
1t
0s
0r
1y
1c
0i
#107595432341
0t
0s
0r
1y
1c
0i
#107595433539
1t
0s
0r
1y
1c
0i
#107595434523
0t
0s
0r
1y
1c
0i
#107595434926
1t
0s
0r
1y
1c
0i
#107595435588
0t
0s
0r
1y
1c
0i
#107595436002
1t
0s
0r
1y
1c
0i
#107595436662
0t
0s
0r
1y
1c
0i
#107595437076
1t
0s
0r
1y
1c
0i
#107595437735
0t
0s
0r
1y
1c
0i
#107595438152
1t
0s
0r
1y
1c
0i
#107595438810
0t
0s
0r
1y
1c
0i
#107595439225
1t
0s
0r
1y
1c
0i
#107595439886
0t
0s
0r
1y
1c
0i
#107595440299
1t
0s
0r
1y
1c
0i
#107595440956
0t
0s
0r
1y
1c
0i
#107595441371
1t
0s
0r
1y
1c
0i
#107595442029
0t
0s
0r
1y
1c
0i
#107595442443
1t
0s
0r
1y
1c
0i
#107595443104
0t
0s
0r
1y
1c
0i
#107595443519
1t
0s
0r
1y
1c
0i
#107595444176
0t
0s
0r
1y
1c
0i
#107595444592
1t
0s
0r
1y
1c
0i
#107595445252
0t
0s
0r
1y
0c
0i
#107595445668
1t
0s
0r
1y
0c
0i
#107595446332
0t
0s
0r
1y
0c
0i
#107595446746
1t
0s
0r
1y
0c
1i
#107595447408
0t
0s
0r
1y
0c
1i
#107595447825
1t
0s
0r
1y
0c
1i
#107595448488
0t
0s
0r
1y
0c
1i
#107595448906
1t
0s
0r
1y
0c
1i
#107595448960
1t
0s
1r
1y
0c
1i
#107595448962
1t
0s
0r
1y
0c
1i
#107595449572
0t
0s
0r
1y
0c
0i
#107595449989
1t
0s
0r
1y
0c
0i
#107595450651
0t
0s
0r
1y
0c
0i
#107595451069
1t
0s
0r
1y
0c
0i
#107595451733
0t
0s
0r
1y
0c
0i
#107595452149
1t
0s
0r
1y
0c
0i
#107595452816
0t
0s
0r
1y
0c
0i
#107595453231
1t
0s
0r
1y
0c
0i
#107595453893
0t
0s
0r
1y
0c
0i
#107595454311
1t
0s
0r
1y
0c
0i
#107595454974
0t
0s
0r
1y
0c
0i
#107595455391
1t
0s
0r
1y
0c
0i
#107595456058
0t
0s
0r
1y
0c
0i
#107595456472
1t
0s
0r
1y
0c
0i
#107595457135
0t
0s
0r
1y
0c
0i
#107595457551
1t
0s
0r
1y
0c
0i
#107595458215
0t
0s
0r
1y
0c
0i
#107595458630
1t
0s
0r
1y
0c
0i
#107595459297
0t
0s
0r
1y
0c
0i
#107595459710
1t
0s
0r
1y
0c
0i
#107595460372
0t
0s
0r
1y
0c
0i
#107595460788
1t
0s
0r
1y
0c
0i
#107595461452
0t
0s
0r
1y
0c
0i
#107595461866
1t
0s
0r
1y
0c
0i
#107595462534
0t
0s
0r
1y
0c
0i
#107595462946
1t
0s
0r
1y
0c
0i
#107595463610
0t
0s
0r
1y
0c
0i
#107595464025
1t
0s
0r
1y
0c
0i
#107595464688
0t
0s
0r
1y
0c
0i
#107595465105
1t
0s
0r
1y
0c
0i
#107595465770
0t
0s
0r
1y
0c
0i
#107595466186
1t
0s
0r
1y
0c
0i
#107595466847
0t
0s
0r
1y
0c
0i
#107595467264
1t
0s
0r
1y
0c
0i
#107595467927
0t
0s
0r
1y
0c
0i
#107595468343
1t
0s
0r
1y
0c
0i
#107595469010
0t
0s
0r
1y
0c
0i
#107595469424
1t
0s
0r
1y
0c
0i
#107595470085
0t
0s
0r
1y
0c
0i
#107595470504
1t
0s
0r
1y
0c
0i
#107595471166
0t
0s
0r
1y
0c
0i
#107595471583
1t
0s
0r
1y
0c
0i
#107595472248
0t
0s
0r
1y
0c
0i
#107595472664
1t
0s
0r
1y
0c
0i
#107595473326
0t
0s
0r
1y
0c
0i
#107595473743
1t
0s
0r
1y
0c
0i
#107595474407
0t
0s
0r
1y
0c
0i
#107595474824
1t
0s
0r
1y
0c
0i
#107595475489
0t
0s
0r
1y
0c
0i
#107595475907
1t
0s
0r
1y
0c
0i
#107595476569
0t
0s
0r
1y
0c
0i
#107595476988
1t
0s
0r
1y
0c
0i
#107595477653
0t
0s
0r
1y
1c
0i
#107595478072
1t
0s
0r
1y
1c
0i
#107595478741
0t
0s
0r
1y
1c
0i
#107595479159
1t
0s
0r
1y
1c
1i
#107595479826
0t
0s
0r
1y
1c
1i
#107595480246
1t
0s
0r
1y
1c
1i
#107595480914
0t
0s
0r
1y
1c
1i
#107595481335
1t
0s
0r
1y
1c
1i
#107595482007
0t
0s
0r
1y
1c
0i
#107595482426
1t
0s
0r
1y
1c
0i
#107595483092
0t
0s
0r
1y
1c
0i
#107595483513
1t
0s
0r
1y
1c
0i
#107595484182
0t
0s
0r
1y
1c
0i
#107595484601
1t
0s
0r
1y
1c
0i
#107595485272
0t
0s
0r
1y
1c
0i
#107595485690
1t
0s
0r
1y
1c
0i
#107595486354
0t
0s
0r
1y
1c
0i
#107595486776
1t
0s
0r
1y
1c
0i
#107595487441
0t
0s
0r
1y
1c
0i
#107595487861
1t
0s
0r
1y
1c
0i
#107595488529
0t
0s
0r
1y
1c
0i
#107595488947
1t
0s
0r
1y
1c
0i
#107595489609
0t
0s
0r
1y
1c
0i
#107595490029
1t
0s
0r
1y
1c
0i
#107595490692
0t
0s
0r
1y
1c
0i
#107595491111
1t
0s
0r
1y
1c
0i
#107595491775
0t
0s
0r
1y
1c
0i
#107595492195
1t
0s
0r
1y
1c
0i
#107595492855
0t
0s
0r
1y
1c
0i
#107595493275
1t
0s
0r
1y
1c
0i
#107595493936
0t
0s
0r
1y
1c
0i
#107595494356
1t
0s
0r
1y
1c
0i
#107595495020
0t
0s
0r
1y
1c
0i
#107595495438
1t
0s
0r
1y
1c
0i
#107595497159
0t
0s
0r
1y
1c
0i
#107595498365
1t
0s
0r
1y
1c
0i
#107595499356
0t
0s
0r
1y
1c
0i
#107595499761
1t
0s
0r
1y
1c
0i
#107595500427
0t
0s
0r
1y
1c
0i
#107595500844
1t
0s
0r
1y
1c
0i
#107595501508
0t
0s
0r
1y
1c
0i
#107595501925
1t
0s
0r
1y
1c
0i
#107595502588
0t
0s
0r
1y
1c
0i
#107595503007
1t
0s
0r
1y
1c
0i
#107595503669
0t
0s
0r
1y
1c
0i
#107595504087
1t
0s
0r
1y
1c
0i
#107595504752
0t
0s
0r
1y
1c
0i
#107595505168
1t
0s
0r
1y
1c
0i
#107595505830
0t
0s
0r
1y
1c
0i
#107595506247
1t
0s
0r
1y
1c
0i
#107595506909
0t
0s
0r
1y
1c
0i
#107595507326
1t
0s
0r
1y
1c
0i
#107595507991
0t
0s
0r
1y
1c
0i
#107595508409
1t
0s
0r
1y
1c
0i
#107595509070
0t
0s
0r
1y
1c
0i
#107595509489
1t
0s
0r
1y
1c
0i
#107595510153
0t
0s
0r
1y
0c
0i
#107595510571
1t
0s
0r
1y
0c
0i
#107595511240
0t
0s
0r
1y
0c
0i
#107595511657
1t
0s
0r
1y
0c
1i
#107595512323
0t
0s
0r
1y
0c
1i
#107595512743
1t
0s
0r
1y
0c
1i
#107595513411
0t
0s
0r
1y
0c
1i
#107595513831
1t
0s
0r
1y
0c
1i
#107595514502
0t
0s
0r
1y
0c
0i
#107595514921
1t
0s
0r
1y
0c
0i
#107595515588
0t
0s
0r
1y
0c
0i
#107595516008
1t
0s
0r
1y
0c
0i
#107595516677
0t
0s
0r
1y
0c
0i
#107595517095
1t
0s
0r
1y
0c
0i
#107595517767
0t
0s
0r
1y
0c
0i
#107595518184
1t
0s
0r
1y
0c
0i
#107595518851
0t
0s
0r
1y
0c
0i
#107595519272
1t
0s
0r
1y
0c
0i
#107595519939
0t
0s
0r
1y
0c
0i
#107595520358
1t
0s
0r
1y
0c
0i
#107595521028
0t
0s
0r
1y
0c
0i
#107595521445
1t
0s
0r
1y
0c
0i
#107595522113
0t
0s
0r
1y
0c
0i
#107595522531
1t
0s
0r
1y
0c
0i
#107595523199
0t
0s
0r
1y
0c
0i
#107595523616
1t
0s
0r
1y
0c
0i
#107595524287
0t
0s
0r
1y
0c
0i
#107595524702
1t
0s
0r
1y
0c
0i
#107595525368
0t
0s
0r
1y
0c
0i
#107595525786
1t
0s
0r
1y
0c
0i
#107595526453
0t
0s
0r
1y
0c
0i
#107595526870
1t
0s
0r
1y
0c
0i
#107595527541
0t
0s
0r
1y
0c
0i
#107595527956
1t
0s
0r
1y
0c
0i
#107595528623
0t
0s
0r
1y
0c
0i
#107595529040
1t
0s
0r
1y
0c
0i
#107595529707
0t
0s
0r
1y
0c
0i
#107595530126
1t
0s
0r
1y
0c
0i
#107595530795
0t
0s
0r
1y
0c
0i
#107595531211
1t
0s
0r
1y
0c
0i
#107595531876
0t
0s
0r
1y
0c
0i
#107595532295
1t
0s
0r
1y
0c
0i
#107595532961
0t
0s
0r
1y
0c
0i
#107595533379
1t
0s
0r
1y
0c
0i
#107595534048
0t
0s
0r
1y
0c
0i
#107595534465
1t
0s
0r
1y
0c
0i
#107595535129
0t
0s
0r
1y
0c
0i
#107595535549
1t
0s
0r
1y
0c
0i
#107595536214
0t
0s
0r
1y
0c
0i
#107595536632
1t
0s
0r
1y
0c
0i
#107595537300
0t
0s
0r
1y
0c
0i
#107595537718
1t
0s
0r
1y
0c
0i
#107595538382
0t
0s
0r
1y
0c
0i
#107595538800
1t
0s
0r
1y
0c
0i
#107595539466
0t
0s
0r
1y
0c
0i
#107595539884
1t
0s
0r
1y
0c
0i
#107595540552
0t
0s
0r
1y
0c
0i
#107595540972
1t
0s
0r
1y
0c
0i
#107595541635
0t
0s
0r
1y
0c
0i
#107595542056
1t
0s
0r
1y
0c
0i
#107595542723
0t
0s
0r
1y
1c
0i
#107595543143
1t
0s
0r
1y
1c
0i
#107595543815
0t
0s
0r
1y
1c
0i
#107595544234
1t
0s
0r
1y
1c
1i
#107595544903
0t
0s
0r
1y
1c
1i
#107595545324
1t
0s
0r
1y
1c
1i
#107595545995
0t
0s
0r
1y
1c
1i
#107595546417
1t
0s
0r
1y
1c
1i
#107595547092
0t
0s
0r
1y
1c
0i
#107595547512
1t
0s
0r
1y
1c
0i
#107595548181
0t
0s
0r
1y
1c
0i
#107595548604
1t
0s
0r
1y
1c
0i
#107595549274
0t
0s
0r
1y
1c
0i
#107595549696
1t
0s
0r
1y
1c
0i
#107595550369
0t
0s
0r
1y
1c
0i
#107595550788
1t
0s
0r
1y
1c
0i
#107595551455
0t
0s
0r
1y
1c
0i
#107595551878
1t
0s
0r
1y
1c
0i
#107595552544
0t
0s
0r
1y
1c
0i
#107595552964
1t
0s
0r
1y
1c
0i
#107595553633
0t
0s
0r
1y
1c
0i
#107595554051
1t
0s
0r
1y
1c
0i
#107595554713
0t
0s
0r
1y
1c
0i
#107595555132
1t
0s
0r
1y
1c
0i
#107595555794
0t
0s
0r
1y
1c
0i
#107595556212
1t
0s
0r
1y
1c
0i
#107595556875
0t
0s
0r
1y
1c
0i
#107595557293
1t
0s
0r
1y
1c
0i
#107595557951
0t
0s
0r
1y
1c
0i
#107595558371
1t
0s
0r
1y
1c
0i
#107595559031
0t
0s
0r
1y
1c
0i
#107595559449
1t
0s
0r
1y
1c
0i
#107595560112
0t
0s
0r
1y
1c
0i
#107595560529
1t
0s
0r
1y
1c
0i
#107595562246
0t
0s
0r
1y
1c
0i
#107595563450
1t
0s
0r
1y
1c
0i
#107595564440
0t
0s
0r
1y
1c
0i
#107595564845
1t
0s
0r
1y
1c
0i
#107595565510
0t
0s
0r
1y
1c
0i
#107595565926
1t
0s
0r
1y
1c
0i
#107595566588
0t
0s
0r
1y
1c
0i
#107595567005
1t
0s
0r
1y
1c
0i
#107595567667
0t
0s
0r
1y
1c
0i
#107595568085
1t
0s
0r
1y
1c
0i
#107595568747
0t
0s
0r
1y
1c
0i
#107595569164
1t
0s
0r
1y
1c
0i
#107595569828
0t
0s
0r
1y
1c
0i
#107595570243
1t
0s
0r
1y
1c
0i
#107595570904
0t
0s
0r
1y
1c
0i
#107595571321
1t
0s
0r
1y
1c
0i
#107595571983
0t
0s
0r
1y
1c
0i
#107595572399
1t
0s
0r
1y
1c
0i
#107595573063
0t
0s
0r
1y
1c
0i
#107595573480
1t
0s
0r
1y
1c
0i
#107595574141
0t
0s
0r
1y
1c
0i
#107595574559
1t
0s
0r
1y
1c
0i
#107595575223
0t
0s
0r
1y
0c
0i
#107595575641
1t
0s
0r
1y
0c
0i
#107595576309
0t
0s
0r
1y
0c
0i
#107595576726
1t
0s
0r
1y
0c
1i
#107595577391
0t
0s
0r
1y
0c
1i
#107595577810
1t
0s
0r
1y
0c
1i
#107595578478
0t
0s
0r
1y
0c
1i
#107595578898
1t
0s
0r
1y
0c
1i
#107595578976
1t
0s
1r
1y
0c
1i
#107595578979
1t
0s
0r
1y
0c
1i
#107595579569
0t
0s
0r
1y
0c
0i
#107595579987
1t
0s
0r
1y
0c
0i
#107595580655
0t
0s
0r
1y
0c
0i
#107595581074
1t
0s
0r
1y
0c
0i
#107595581743
0t
0s
0r
1y
0c
0i
#107595582161
1t
0s
0r
1y
0c
0i
#107595582833
0t
0s
0r
1y
0c
0i
#107595583250
1t
0s
0r
1y
0c
0i
#107595583917
0t
0s
0r
1y
0c
0i
#107595584336
1t
0s
0r
1y
0c
0i
#107595585003
0t
0s
0r
1y
0c
0i
#107595585421
1t
0s
0r
1y
0c
0i
#107595586089
0t
0s
0r
1y
0c
0i
#107595586505
1t
0s
0r
1y
0c
0i
#107595587170
0t
0s
0r
1y
0c
0i
#107595587586
1t
0s
0r
1y
0c
0i
#107595588251
0t
0s
0r
1y
0c
0i
#107595588666
1t
0s
0r
1y
0c
0i
#107595589333
0t
0s
0r
1y
0c
0i
#107595589746
1t
0s
0r
1y
0c
0i
#107595590408
0t
0s
0r
1y
0c
0i
#107595590823
1t
0s
0r
1y
0c
0i
#107595591486
0t
0s
0r
1y
0c
0i
#107595591900
1t
0s
0r
1y
0c
0i
#107595592567
0t
0s
0r
1y
0c
0i
#107595592980
1t
0s
0r
1y
0c
0i
#107595593643
0t
0s
0r
1y
0c
0i
#107595594058
1t
0s
0r
1y
0c
0i
#107595594720
0t
0s
0r
1y
0c
0i
#107595595137
1t
0s
0r
1y
0c
0i
#107595595802
0t
0s
0r
1y
0c
0i
#107595596217
1t
0s
0r
1y
0c
0i
#107595596879
0t
0s
0r
1y
0c
0i
#107595597295
1t
0s
0r
1y
0c
0i
#107595597958
0t
0s
0r
1y
0c
0i
#107595598374
1t
0s
0r
1y
0c
0i
#107595599041
0t
0s
0r
1y
0c
0i
#107595599455
1t
0s
0r
1y
0c
0i
#107595600117
0t
0s
0r
1y
0c
0i
#107595600534
1t
0s
0r
1y
0c
0i
#107595601196
0t
0s
0r
1y
0c
0i
#107595601614
1t
0s
0r
1y
0c
0i
#107595602279
0t
0s
0r
1y
0c
0i
#107595602695
1t
0s
0r
1y
0c
0i
#107595603357
0t
0s
0r
1y
0c
0i
#107595603774
1t
0s
0r
1y
0c
0i
#107595604437
0t
0s
0r
1y
0c
0i
#107595604854
1t
0s
0r
1y
0c
0i
#107595605520
0t
0s
0r
1y
0c
0i
#107595605938
1t
0s
0r
1y
0c
0i
#107595606600
0t
0s
0r
1y
0c
0i
#107595607019
1t
0s
0r
1y
1c
0i
#107595607684
0t
0s
0r
1y
1c
0i
#107595608103
1t
0s
0r
1y
1c
0i
#107595608772
0t
0s
0r
1y
1c
0i
#107595609191
1t
0s
0r
1y
1c
1i
#107595609857
0t
0s
0r
1y
1c
1i
#107595610277
1t
0s
0r
1y
1c
1i
#107595610946
0t
0s
0r
1y
1c
1i
#107595611367
1t
0s
0r
1y
1c
1i
#107595612039
0t
0s
0r
1y
1c
0i
#107595612458
1t
0s
0r
1y
1c
0i
#107595613125
0t
0s
0r
1y
1c
0i
#107595613546
1t
0s
0r
1y
1c
0i
#107595614215
0t
0s
0r
1y
1c
0i
#107595614635
1t
0s
0r
1y
1c
0i
#107595615305
0t
0s
0r
1y
1c
0i
#107595615724
1t
0s
0r
1y
1c
0i
#107595616389
0t
0s
0r
1y
1c
0i
#107595616811
1t
0s
0r
1y
1c
0i
#107595617477
0t
0s
0r
1y
1c
0i
#107595617898
1t
0s
0r
1y
1c
0i
#107595618565
0t
0s
0r
1y
1c
0i
#107595618984
1t
0s
0r
1y
1c
0i
#107595619647
0t
0s
0r
1y
1c
0i
#107595620068
1t
0s
0r
1y
1c
0i
#107595620732
0t
0s
0r
1y
1c
0i
#107595621151
1t
0s
0r
1y
1c
0i
#107595621816
0t
0s
0r
1y
1c
0i
#107595622236
1t
0s
0r
1y
1c
0i
#107595622897
0t
0s
0r
1y
1c
0i
#107595623318
1t
0s
0r
1y
1c
0i
#107595623979
0t
0s
0r
1y
1c
0i
#107595624400
1t
0s
0r
1y
1c
0i
#107595625065
0t
0s
0r
1y
1c
0i
#107595625484
1t
0s
0r
1y
1c
0i
#107595627205
0t
0s
0r
1y
1c
0i
#107595628413
1t
0s
0r
1y
1c
0i
#107595629405
0t
0s
0r
1y
1c
0i
#107595629811
1t
0s
0r
1y
1c
0i
#107595630478
0t
0s
0r
1y
1c
0i
#107595630895
1t
0s
0r
1y
1c
0i
#107595631560
0t
0s
0r
1y
1c
0i
#107595631977
1t
0s
0r
1y
1c
0i
#107595632641
0t
0s
0r
1y
1c
0i
#107595633061
1t
0s
0r
1y
1c
0i
#107595633725
0t
0s
0r
1y
1c
0i
#107595634143
1t
0s
0r
1y
1c
0i
#107595634810
0t
0s
0r
1y
1c
0i
#107595635227
1t
0s
0r
1y
1c
0i
#107595635890
0t
0s
0r
1y
1c
0i
#107595636308
1t
0s
0r
1y
1c
0i
#107595636972
0t
0s
0r
1y
1c
0i
#107595637390
1t
0s
0r
1y
1c
0i
#107595638057
0t
0s
0r
1y
1c
0i
#107595638475
1t
0s
0r
1y
1c
0i
#107595639138
0t
0s
0r
1y
1c
0i
#107595639558
1t
0s
0r
1y
1c
0i
#107595640224
0t
0s
0r
1y
0c
0i
#107595640643
1t
0s
0r
1y
0c
0i
#107595641313
0t
0s
0r
1y
0c
0i
#107595641731
1t
0s
0r
1y
0c
1i
#107595642399
0t
0s
0r
1y
0c
1i
#107595642819
1t
0s
0r
1y
0c
1i
#107595643488
0t
0s
0r
1y
0c
1i
#107595643909
1t
0s
0r
1y
0c
1i
#107595644582
0t
0s
0r
1y
0c
0i
#107595645001
1t
0s
0r
1y
0c
0i
#107595645669
0t
0s
0r
1y
0c
0i
#107595646090
1t
0s
0r
1y
0c
0i
#107595646760
0t
0s
0r
1y
0c
0i
#107595647179
1t
0s
0r
1y
0c
0i
#107595647852
0t
0s
0r
1y
0c
0i
#107595648269
1t
0s
0r
1y
0c
0i
#107595648937
0t
0s
0r
1y
0c
0i
#107595649357
1t
0s
0r
1y
0c
0i
#107595650024
0t
0s
0r
1y
0c
0i
#107595650443
1t
0s
0r
1y
0c
0i
#107595651114
0t
0s
0r
1y
0c
0i
#107595651530
1t
0s
0r
1y
0c
0i
#107595652197
0t
0s
0r
1y
0c
0i
#107595652614
1t
0s
0r
1y
0c
0i
#107595653281
0t
0s
0r
1y
0c
0i
#107595653697
1t
0s
0r
1y
0c
0i
#107595654366
0t
0s
0r
1y
0c
0i
#107595654781
1t
0s
0r
1y
0c
0i
#107595655446
0t
0s
0r
1y
0c
0i
#107595655862
1t
0s
0r
1y
0c
0i
#107595656528
0t
0s
0r
1y
0c
0i
#107595656944
1t
0s
0r
1y
0c
0i
#107595657614
0t
0s
0r
1y
0c
0i
#107595658029
1t
0s
0r
1y
0c
0i
#107595658694
0t
0s
0r
1y
0c
0i
#107595659111
1t
0s
0r
1y
0c
0i
#107595659776
0t
0s
0r
1y
0c
0i
#107595660195
1t
0s
0r
1y
0c
0i
#107595660863
0t
0s
0r
1y
0c
0i
#107595661280
1t
0s
0r
1y
0c
0i
#107595661945
0t
0s
0r
1y
0c
0i
#107595662363
1t
0s
0r
1y
0c
0i
#107595663029
0t
0s
0r
1y
0c
0i
#107595663447
1t
0s
0r
1y
0c
0i
#107595664115
0t
0s
0r
1y
0c
0i
#107595664532
1t
0s
0r
1y
0c
0i
#107595665196
0t
0s
0r
1y
0c
0i
#107595665615
1t
0s
0r
1y
0c
0i
#107595666279
0t
0s
0r
1y
0c
0i
#107595666698
1t
0s
0r
1y
0c
0i
#107595667365
0t
0s
0r
1y
0c
0i
#107595667782
1t
0s
0r
1y
0c
0i
#107595668445
0t
0s
0r
1y
0c
0i
#107595668864
1t
0s
0r
1y
0c
0i
#107595669528
0t
0s
0r
1y
0c
0i
#107595669947
1t
0s
0r
1y
0c
0i
#107595670614
0t
0s
0r
1y
0c
0i
#107595671034
1t
0s
0r
1y
0c
0i
#107595671696
0t
0s
0r
1y
0c
0i
#107595672117
1t
0s
0r
1y
1c
0i
#107595672783
0t
0s
0r
1y
1c
0i
#107595673203
1t
0s
0r
1y
1c
0i
#107595673874
0t
0s
0r
1y
1c
0i
#107595674293
1t
0s
0r
1y
1c
1i
#107595674961
0t
0s
0r
1y
1c
1i
#107595675382
1t
0s
0r
1y
1c
1i
#107595676053
0t
0s
0r
1y
1c
1i
#107595676474
1t
0s
0r
1y
1c
1i
#107595677148
0t
0s
0r
1y
1c
0i
#107595677568
1t
0s
0r
1y
1c
0i
#107595678237
0t
0s
0r
1y
1c
0i
#107595678659
1t
0s
0r
1y
1c
0i
#107595679329
0t
0s
0r
1y
1c
0i
#107595679750
1t
0s
0r
1y
1c
0i
#107595680423
0t
0s
0r
1y
1c
0i
#107595680842
1t
0s
0r
1y
1c
0i
#107595681509
0t
0s
0r
1y
1c
0i
#107595681931
1t
0s
0r
1y
1c
0i
#107595682597
0t
0s
0r
1y
1c
0i
#107595683018
1t
0s
0r
1y
1c
0i
#107595683685
0t
0s
0r
1y
1c
0i
#107595684104
1t
0s
0r
1y
1c
0i
#107595684767
0t
0s
0r
1y
1c
0i
#107595685186
1t
0s
0r
1y
1c
0i
#107595685849
0t
0s
0r
1y
1c
0i
#107595686267
1t
0s
0r
1y
1c
0i
#107595686931
0t
0s
0r
1y
1c
0i
#107595687349
1t
0s
0r
1y
1c
0i
#107595688008
0t
0s
0r
1y
1c
0i
#107595688428
1t
0s
0r
1y
1c
0i
#107595689088
0t
0s
0r
1y
1c
0i
#107595689507
1t
0s
0r
1y
1c
0i
#107595690170
0t
0s
0r
1y
1c
0i
#107595690587
1t
0s
0r
1y
1c
0i
#107595692306
0t
0s
0r
1y
1c
0i
#107595693511
1t
0s
0r
1y
1c
0i
#107595694502
0t
0s
0r
1y
1c
0i
#107595694907
1t
0s
0r
1y
1c
0i
#107595695573
0t
0s
0r
1y
1c
0i
#107595695989
1t
0s
0r
1y
1c
0i
#107595696653
0t
0s
0r
1y
1c
0i
#107595697070
1t
0s
0r
1y
1c
0i
#107595697733
0t
0s
0r
1y
1c
0i
#107595698151
1t
0s
0r
1y
1c
0i
#107595698814
0t
0s
0r
1y
1c
0i
#107595699231
1t
0s
0r
1y
1c
0i
#107595699897
0t
0s
0r
1y
1c
0i
#107595700312
1t
0s
0r
1y
1c
0i
#107595700973
0t
0s
0r
1y
1c
0i
#107595701391
1t
0s
0r
1y
1c
0i
#107595702053
0t
0s
0r
1y
1c
0i
#107595702470
1t
0s
0r
1y
1c
0i
#107595703134
0t
0s
0r
1y
1c
0i
#107595703552
1t
0s
0r
1y
1c
0i
#107595704213
0t
0s
0r
1y
1c
0i
#107595704632
1t
0s
0r
1y
1c
0i
#107595705296
0t
0s
0r
1y
0c
0i
#107595705715
1t
0s
0r
1y
0c
0i
#107595706383
0t
0s
0r
1y
0c
0i
#107595706800
1t
0s
0r
1y
0c
1i
#107595707466
0t
0s
0r
1y
0c
1i
#107595707885
1t
0s
0r
1y
0c
1i
#107595708554
0t
0s
0r
1y
0c
1i
#107595708973
1t
0s
0r
1y
0c
1i
#107595709053
1t
0s
1r
1y
0c
1i
#107595709055
1t
0s
0r
1y
0c
1i
#107595709644
0t
0s
0r
1y
0c
0i
#107595710063
1t
0s
0r
1y
0c
0i
#107595710730
0t
0s
0r
1y
0c
0i
#107595711150
1t
0s
0r
1y
0c
0i
#107595711818
0t
0s
0r
1y
0c
0i
#107595712237
1t
0s
0r
1y
0c
0i
#107595712908
0t
0s
0r
1y
0c
0i
#107595713325
1t
0s
0r
1y
0c
0i
#107595713991
0t
0s
0r
1y
0c
0i
#107595714411
1t
0s
0r
1y
0c
0i
#107595715077
0t
0s
0r
1y
0c
0i
#107595715494
1t
0s
0r
1y
0c
0i
#107595716163
0t
0s
0r
1y
0c
0i
#107595716578
1t
0s
0r
1y
0c
0i
#107595717243
0t
0s
0r
1y
0c
0i
#107595717659
1t
0s
0r
1y
0c
0i
#107595718324
0t
0s
0r
1y
0c
0i
#107595718738
1t
0s
0r
1y
0c
0i
#107595719406
0t
0s
0r
1y
0c
0i
#107595719818
1t
0s
0r
1y
0c
0i
#107595720481
0t
0s
0r
1y
0c
0i
#107595720896
1t
0s
0r
1y
0c
0i
#107595721560
0t
0s
0r
1y
0c
0i
#107595721974
1t
0s
0r
1y
0c
0i
#107595722641
0t
0s
0r
1y
0c
0i
#107595723055
1t
0s
0r
1y
0c
0i
#107595723718
0t
0s
0r
1y
0c
0i
#107595724134
1t
0s
0r
1y
0c
0i
#107595724797
0t
0s
0r
1y
0c
0i
#107595725214
1t
0s
0r
1y
0c
0i
#107595725880
0t
0s
0r
1y
0c
0i
#107595726296
1t
0s
0r
1y
0c
0i
#107595726958
0t
0s
0r
1y
0c
0i
#107595727375
1t
0s
0r
1y
0c
0i
#107595728039
0t
0s
0r
1y
0c
0i
#107595728455
1t
0s
0r
1y
0c
0i
#107595729123
0t
0s
0r
1y
0c
0i
#107595729537
1t
0s
0r
1y
0c
0i
#107595730199
0t
0s
0r
1y
0c
0i
#107595730617
1t
0s
0r
1y
0c
0i
#107595731280
0t
0s
0r
1y
0c
0i
#107595731697
1t
0s
0r
1y
0c
0i
#107595732363
0t
0s
0r
1y
0c
0i
#107595732779
1t
0s
0r
1y
0c
0i
#107595733441
0t
0s
0r
1y
0c
0i
#107595733859
1t
0s
0r
1y
0c
0i
#107595734522
0t
0s
0r
1y
0c
0i
#107595734940
1t
0s
0r
1y
0c
0i
#107595735605
0t
0s
0r
1y
0c
0i
#107595736024
1t
0s
0r
1y
0c
0i
#107595736685
0t
0s
0r
1y
0c
0i
#107595737106
1t
0s
0r
1y
1c
0i
#107595737770
0t
0s
0r
1y
1c
0i
#107595738190
1t
0s
0r
1y
1c
0i
#107595738860
0t
0s
0r
1y
1c
0i
#107595739278
1t
0s
0r
1y
1c
1i
#107595739945
0t
0s
0r
1y
1c
1i
#107595740366
1t
0s
0r
1y
1c
1i
#107595741036
0t
0s
0r
1y
1c
1i
#107595741456
1t
0s
0r
1y
1c
1i
#107595742129
0t
0s
0r
1y
1c
0i
#107595742548
1t
0s
0r
1y
1c
0i
#107595743216
0t
0s
0r
1y
1c
0i
#107595743637
1t
0s
0r
1y
1c
0i
#107595744307
0t
0s
0r
1y
1c
0i
#107595744727
1t
0s
0r
1y
1c
0i
#107595745399
0t
0s
0r
1y
1c
0i
#107595745818
1t
0s
0r
1y
1c
0i
#107595746484
0t
0s
0r
1y
1c
0i
#107595746907
1t
0s
0r
1y
1c
0i
#107595747574
0t
0s
0r
1y
1c
0i
#107595747996
1t
0s
0r
1y
1c
0i
#107595748665
0t
0s
0r
1y
1c
0i
#107595749085
1t
0s
0r
1y
1c
0i
#107595749751
0t
0s
0r
1y
1c
0i
#107595750172
1t
0s
0r
1y
1c
0i
#107595750838
0t
0s
0r
1y
1c
0i
#107595751259
1t
0s
0r
1y
1c
0i
#107595751927
0t
0s
0r
1y
1c
0i
#107595752348
1t
0s
0r
1y
1c
0i
#107595753012
0t
0s
0r
1y
1c
0i
#107595753434
1t
0s
0r
1y
1c
0i
#107595754099
0t
0s
0r
1y
1c
0i
#107595754521
1t
0s
0r
1y
1c
0i
#107595755189
0t
0s
0r
1y
1c
0i
#107595755609
1t
0s
0r
1y
1c
0i
#107595757338
0t
0s
0r
1y
1c
0i
#107595758551
1t
0s
0r
1y
1c
0i
#107595759547
0t
0s
0r
1y
1c
0i
#107595759954
1t
0s
0r
1y
1c
0i
#107595760625
0t
0s
0r
1y
1c
0i
#107595761043
1t
0s
0r
1y
1c
0i
#107595761710
0t
0s
0r
1y
1c
0i
#107595762129
1t
0s
0r
1y
1c
0i
#107595762796
0t
0s
0r
1y
1c
0i
#107595763217
1t
0s
0r
1y
1c
0i
#107595763883
0t
0s
0r
1y
1c
0i
#107595764302
1t
0s
0r
1y
1c
0i
#107595764971
0t
0s
0r
1y
1c
0i
#107595765390
1t
0s
0r
1y
1c
0i
#107595766055
0t
0s
0r
1y
1c
0i
#107595766474
1t
0s
0r
1y
1c
0i
#107595767141
0t
0s
0r
1y
1c
0i
#107595767560
1t
0s
0r
1y
1c
0i
#107595768229
0t
0s
0r
1y
1c
0i
#107595768649
1t
0s
0r
1y
1c
0i
#107595769314
0t
0s
0r
1y
1c
0i
#107595769735
1t
0s
0r
1y
1c
0i
#107595770403
0t
0s
0r
1y
0c
0i
#107595770824
1t
0s
0r
1y
0c
0i
#107595771496
0t
0s
0r
1y
0c
0i
#107595771916
1t
0s
0r
1y
0c
1i
#107595772586
0t
0s
0r
1y
0c
1i
#107595773007
1t
0s
0r
1y
0c
1i
#107595773680
0t
0s
0r
1y
0c
1i
#107595774101
1t
0s
0r
1y
0c
1i
#107595774777
0t
0s
0r
1y
0c
0i
#107595775197
1t
0s
0r
1y
0c
0i
#107595775868
0t
0s
0r
1y
0c
0i
#107595776290
1t
0s
0r
1y
0c
0i
#107595776962
0t
0s
0r
1y
0c
0i
#107595777382
1t
0s
0r
1y
0c
0i
#107595778057
0t
0s
0r
1y
0c
0i
#107595778476
1t
0s
0r
1y
0c
0i
#107595779145
0t
0s
0r
1y
0c
0i
#107595779566
1t
0s
0r
1y
0c
0i
#107595780235
0t
0s
0r
1y
0c
0i
#107595780655
1t
0s
0r
1y
0c
0i
#107595781326
0t
0s
0r
1y
0c
0i
#107595781743
1t
0s
0r
1y
0c
0i
#107595782410
0t
0s
0r
1y
0c
0i
#107595782828
1t
0s
0r
1y
0c
0i
#107595783495
0t
0s
0r
1y
0c
0i
#107595783911
1t
0s
0r
1y
0c
0i
#107595784581
0t
0s
0r
1y
0c
0i
#107595784995
1t
0s
0r
1y
0c
0i
#107595785659
0t
0s
0r
1y
0c
0i
#107595786075
1t
0s
0r
1y
0c
0i
#107595786742
0t
0s
0r
1y
0c
0i
#107595787157
1t
0s
0r
1y
0c
0i
#107595787825
0t
0s
0r
1y
0c
0i
#107595788240
1t
0s
0r
1y
0c
0i
#107595788905
0t
0s
0r
1y
0c
0i
#107595789322
1t
0s
0r
1y
0c
0i
#107595789988
0t
0s
0r
1y
0c
0i
#107595790406
1t
0s
0r
1y
0c
0i
#107595791074
0t
0s
0r
1y
0c
0i
#107595791490
1t
0s
0r
1y
0c
0i
#107595792153
0t
0s
0r
1y
0c
0i
#107595792572
1t
0s
0r
1y
0c
0i
#107595793238
0t
0s
0r
1y
0c
0i
#107595793655
1t
0s
0r
1y
0c
0i
#107595794323
0t
0s
0r
1y
0c
0i
#107595794739
1t
0s
0r
1y
0c
0i
#107595795402
0t
0s
0r
1y
0c
0i
#107595795821
1t
0s
0r
1y
0c
0i
#107595796485
0t
0s
0r
1y
0c
0i
#107595796903
1t
0s
0r
1y
0c
0i
#107595797570
0t
0s
0r
1y
0c
0i
#107595797987
1t
0s
0r
1y
0c
0i
#107595798650
0t
0s
0r
1y
0c
0i
#107595799068
1t
0s
0r
1y
0c
0i
#107595799732
0t
0s
0r
1y
0c
0i
#107595800151
1t
0s
0r
1y
0c
0i
#107595800817
0t
0s
0r
1y
0c
0i
#107595801236
1t
0s
0r
1y
0c
0i
#107595801899
0t
0s
0r
1y
0c
0i
#107595802319
1t
0s
0r
1y
1c
0i
#107595802985
0t
0s
0r
1y
1c
0i
#107595803405
1t
0s
0r
1y
1c
0i
#107595804075
0t
0s
0r
1y
1c
0i
#107595804494
1t
0s
0r
1y
1c
1i
#107595805162
0t
0s
0r
1y
1c
1i
#107595805583
1t
0s
0r
1y
1c
1i
#107595806254
0t
0s
0r
1y
1c
1i
#107595806674
1t
0s
0r
1y
1c
1i
#107595807348
0t
0s
0r
1y
1c
0i
#107595807768
1t
0s
0r
1y
1c
0i
#107595808437
0t
0s
0r
1y
1c
0i
#107595808859
1t
0s
0r
1y
1c
0i
#107595809530
0t
0s
0r
1y
1c
0i
#107595809950
1t
0s
0r
1y
1c
0i
#107595810624
0t
0s
0r
1y
1c
0i
#107595811043
1t
0s
0r
1y
1c
0i
#107595811709
0t
0s
0r
1y
1c
0i
#107595812132
1t
0s
0r
1y
1c
0i
#107595812799
0t
0s
0r
1y
1c
0i
#107595813220
1t
0s
0r
1y
1c
0i
#107595813888
0t
0s
0r
1y
1c
0i
#107595814308
1t
0s
0r
1y
1c
0i
#107595814971
0t
0s
0r
1y
1c
0i
#107595815391
1t
0s
0r
1y
1c
0i
#107595816055
0t
0s
0r
1y
1c
0i
#107595816474
1t
0s
0r
1y
1c
0i
#107595817139
0t
0s
0r
1y
1c
0i
#107595817558
1t
0s
0r
1y
1c
0i
#107595818218
0t
0s
0r
1y
1c
0i
#107595818638
1t
0s
0r
1y
1c
0i
#107595819299
0t
0s
0r
1y
1c
0i
#107595819718
1t
0s
0r
1y
1c
0i
#107595820382
0t
0s
0r
1y
1c
0i
#107595820800
1t
0s
0r
1y
1c
0i
#107595822519
0t
0s
0r
1y
1c
0i
#107595823725
1t
0s
0r
1y
1c
0i
#107595824716
0t
0s
0r
1y
1c
0i
#107595825121
1t
0s
0r
1y
1c
0i
#107595825787
0t
0s
0r
1y
1c
0i
#107595826204
1t
0s
0r
1y
1c
0i
#107595826868
0t
0s
0r
1y
1c
0i
#107595827285
1t
0s
0r
1y
1c
0i
#107595827949
0t
0s
0r
1y
1c
0i
#107595828367
1t
0s
0r
1y
1c
0i
#107595829030
0t
0s
0r
1y
1c
0i
#107595829447
1t
0s
0r
1y
1c
0i
#107595830113
0t
0s
0r
1y
1c
0i
#107595830529
1t
0s
0r
1y
1c
0i
#107595831191
0t
0s
0r
1y
1c
0i
#107595831609
1t
0s
0r
1y
1c
0i
#107595832272
0t
0s
0r
1y
1c
0i
#107595832689
1t
0s
0r
1y
1c
0i
#107595833355
0t
0s
0r
1y
1c
0i
#107595833773
1t
0s
0r
1y
1c
0i
#107595834435
0t
0s
0r
1y
1c
0i
#107595834854
1t
0s
0r
1y
1c
0i
#107595835519
0t
0s
0r
1y
0c
0i
#107595835938
1t
0s
0r
1y
0c
0i
#107595836608
0t
0s
0r
1y
0c
0i
#107595837025
1t
0s
0r
1y
0c
1i
#107595837692
0t
0s
0r
1y
0c
1i
#107595838112
1t
0s
0r
1y
0c
1i
#107595838781
0t
0s
0r
1y
0c
1i
#107595839201
1t
0s
0r
1y
0c
1i
#107595839288
1t
0s
1r
1y
0c
1i
#107595839290
1t
0s
0r
1y
0c
1i
#107595839873
0t
0s
0r
1y
0c
0i
#107595840292
1t
0s
0r
1y
0c
0i
#107595840960
0t
0s
0r
1y
0c
0i
#107595841380
1t
0s
0r
1y
0c
0i
#107595842049
0t
0s
0r
1y
0c
0i
#107595842468
1t
0s
0r
1y
0c
0i
#107595843140
0t
0s
0r
1y
0c
0i
#107595843557
1t
0s
0r
1y
0c
0i
#107595844224
0t
0s
0r
1y
0c
0i
#107595844645
1t
0s
0r
1y
0c
0i
#107595845313
0t
0s
0r
1y
0c
0i
#107595845732
1t
0s
0r
1y
0c
0i
#107595846403
0t
0s
0r
1y
0c
0i
#107595846820
1t
0s
0r
1y
0c
0i
#107595847489
0t
0s
0r
1y
0c
0i
#107595847907
1t
0s
0r
1y
0c
0i
#107595848576
0t
0s
0r
1y
0c
0i
#107595848994
1t
0s
0r
1y
0c
0i
#107595849666
0t
0s
0r
1y
0c
0i
#107595850082
1t
0s
0r
1y
0c
0i
#107595850750
0t
0s
0r
1y
0c
0i
#107595851168
1t
0s
0r
1y
0c
0i
#107595851838
0t
0s
0r
1y
0c
0i
#107595852255
1t
0s
0r
1y
0c
0i
#107595852929
0t
0s
0r
1y
0c
0i
#107595853344
1t
0s
0r
1y
0c
0i
#107595854014
0t
0s
0r
1y
0c
0i
#107595854432
1t
0s
0r
1y
0c
0i
#107595855101
0t
0s
0r
1y
0c
0i
#107595855521
1t
0s
0r
1y
0c
0i
#107595856194
0t
0s
0r
1y
0c
0i
#107595856611
1t
0s
0r
1y
0c
0i
#107595857279
0t
0s
0r
1y
0c
0i
#107595857699
1t
0s
0r
1y
0c
0i
#107595858369
0t
0s
0r
1y
0c
0i
#107595858788
1t
0s
0r
1y
0c
0i
#107595859460
0t
0s
0r
1y
0c
0i
#107595859878
1t
0s
0r
1y
0c
0i
#107595860546
0t
0s
0r
1y
0c
0i
#107595860967
1t
0s
0r
1y
0c
0i
#107595861635
0t
0s
0r
1y
0c
0i
#107595862056
1t
0s
0r
1y
0c
0i
#107595862728
0t
0s
0r
1y
0c
0i
#107595863147
1t
0s
0r
1y
0c
0i
#107595863814
0t
0s
0r
1y
0c
0i
#107595864235
1t
0s
0r
1y
0c
0i
#107595864904
0t
0s
0r
1y
0c
0i
#107595865325
1t
0s
0r
1y
0c
0i
#107595865996
0t
0s
0r
1y
0c
0i
#107595866418
1t
0s
0r
1y
0c
0i
#107595867086
0t
0s
0r
1y
0c
0i
#107595867508
1t
0s
0r
1y
1c
0i
#107595868180
0t
0s
0r
1y
1c
0i
#107595868602
1t
0s
0r
1y
1c
0i
#107595869277
0t
0s
0r
1y
1c
0i
#107595869699
1t
0s
0r
1y
1c
1i
#107595870372
0t
0s
0r
1y
1c
1i
#107595870795
1t
0s
0r
1y
1c
1i
#107595871471
0t
0s
0r
1y
1c
1i
#107595871894
1t
0s
0r
1y
1c
1i
#107595872573
0t
0s
0r
1y
1c
0i
#107595872995
1t
0s
0r
1y
1c
0i
#107595873670
0t
0s
0r
1y
1c
0i
#107595874093
1t
0s
0r
1y
1c
0i
#107595874768
0t
0s
0r
1y
1c
0i
#107595875191
1t
0s
0r
1y
1c
0i
#107595875868
0t
0s
0r
1y
1c
0i
#107595876290
1t
0s
0r
1y
1c
0i
#107595876961
0t
0s
0r
1y
1c
0i
#107595877386
1t
0s
0r
1y
1c
0i
#107595878058
0t
0s
0r
1y
1c
0i
#107595878481
1t
0s
0r
1y
1c
0i
#107595879154
0t
0s
0r
1y
1c
0i
#107595879576
1t
0s
0r
1y
1c
0i
#107595880244
0t
0s
0r
1y
1c
0i
#107595880667
1t
0s
0r
1y
1c
0i
#107595881336
0t
0s
0r
1y
1c
0i
#107595881758
1t
0s
0r
1y
1c
0i
#107595882428
0t
0s
0r
1y
1c
0i
#107595882850
1t
0s
0r
1y
1c
0i
#107595883516
0t
0s
0r
1y
1c
0i
#107595883939
1t
0s
0r
1y
1c
0i
#107595884607
0t
0s
0r
1y
1c
0i
#107595885029
1t
0s
0r
1y
1c
0i
#107595885699
0t
0s
0r
1y
1c
0i
#107595886120
1t
0s
0r
1y
1c
0i
#107595887856
0t
0s
0r
1y
1c
0i
#107595889073
1t
0s
0r
1y
1c
0i
#107595890073
0t
0s
0r
1y
1c
0i
#107595890482
1t
0s
0r
1y
1c
0i
#107595891155
0t
0s
0r
1y
1c
0i
#107595891575
1t
0s
0r
1y
1c
0i
#107595892246
0t
0s
0r
1y
1c
0i
#107595892666
1t
0s
0r
1y
1c
0i
#107595893337
0t
0s
0r
1y
1c
0i
#107595893759
1t
0s
0r
1y
1c
0i
#107595894428
0t
0s
0r
1y
1c
0i
#107595894849
1t
0s
0r
1y
1c
0i
#107595895522
0t
0s
0r
1y
1c
0i
#107595895941
1t
0s
0r
1y
1c
0i
#107595896610
0t
0s
0r
1y
1c
0i
#107595897031
1t
0s
0r
1y
1c
0i
#107595897701
0t
0s
0r
1y
1c
0i
#107595898121
1t
0s
0r
1y
1c
0i
#107595898793
0t
0s
0r
1y
1c
0i
#107595899215
1t
0s
0r
1y
1c
0i
#107595899883
0t
0s
0r
1y
1c
0i
#107595900306
1t
0s
0r
1y
0c
0i
#107595900978
0t
0s
0r
1y
0c
0i
#107595901400
1t
0s
0r
1y
0c
0i
#107595902076
0t
0s
0r
1y
0c
0i
#107595902497
1t
0s
0r
1y
0c
1i
#107595903171
0t
0s
0r
1y
0c
1i
#107595903594
1t
0s
0r
1y
0c
1i
#107595904269
0t
0s
0r
1y
0c
1i
#107595904693
1t
0s
0r
1y
0c
1i
#107595905371
0t
0s
0r
1y
0c
0i
#107595905793
1t
0s
0r
1y
0c
0i
#107595906468
0t
0s
0r
1y
0c
0i
#107595906891
1t
0s
0r
1y
0c
0i
#107595907567
0t
0s
0r
1y
0c
0i
#107595907988
1t
0s
0r
1y
0c
0i
#107595908667
0t
0s
0r
1y
0c
0i
#107595909087
1t
0s
0r
1y
0c
0i
#107595909759
0t
0s
0r
1y
0c
0i
#107595910183
1t
0s
0r
1y
0c
0i
#107595910855
0t
0s
0r
1y
0c
0i
#107595911277
1t
0s
0r
1y
0c
0i
#107595911953
0t
0s
0r
1y
0c
0i
#107595912372
1t
0s
0r
1y
0c
0i
#107595913044
0t
0s
0r
1y
0c
0i
#107595913465
1t
0s
0r
1y
0c
0i
#107595914137
0t
0s
0r
1y
0c
0i
#107595914557
1t
0s
0r
1y
0c
0i
#107595915232
0t
0s
0r
1y
0c
0i
#107595915650
1t
0s
0r
1y
0c
0i
#107595916320
0t
0s
0r
1y
0c
0i
#107595916740
1t
0s
0r
1y
0c
0i
#107595917411
0t
0s
0r
1y
0c
0i
#107595917830
1t
0s
0r
1y
0c
0i
#107595918506
0t
0s
0r
1y
0c
0i
#107595918923
1t
0s
0r
1y
0c
0i
#107595919594
0t
0s
0r
1y
0c
0i
#107595920014
1t
0s
0r
1y
0c
0i
#107595920685
0t
0s
0r
1y
0c
0i
#107595921106
1t
0s
0r
1y
0c
0i
#107595921779
0t
0s
0r
1y
0c
0i
#107595922199
1t
0s
0r
1y
0c
0i
#107595922868
0t
0s
0r
1y
0c
0i
#107595923289
1t
0s
0r
1y
0c
0i
#107595923959
0t
0s
0r
1y
0c
0i
#107595924380
1t
0s
0r
1y
0c
0i
#107595925054
0t
0s
0r
1y
0c
0i
#107595925472
1t
0s
0r
1y
0c
0i
#107595926141
0t
0s
0r
1y
0c
0i
#107595926563
1t
0s
0r
1y
0c
0i
#107595927232
0t
0s
0r
1y
0c
0i
#107595927653
1t
0s
0r
1y
0c
0i
#107595928326
0t
0s
0r
1y
0c
0i
#107595928745
1t
0s
0r
1y
0c
0i
#107595929413
0t
0s
0r
1y
0c
0i
#107595929834
1t
0s
0r
1y
0c
0i
#107595930503
0t
0s
0r
1y
0c
0i
#107595930925
1t
0s
0r
1y
0c
0i
#107595931597
0t
0s
0r
1y
0c
0i
#107595932019
1t
0s
0r
1y
0c
0i
#107595932686
0t
0s
0r
1y
0c
0i
#107595933110
1t
0s
0r
1y
1c
0i
#107595933781
0t
0s
0r
1y
1c
0i
#107595934204
1t
0s
0r
1y
1c
0i
#107595934879
0t
0s
0r
1y
1c
0i
#107595935301
1t
0s
0r
1y
1c
1i
#107595935974
0t
0s
0r
1y
1c
1i
#107595936398
1t
0s
0r
1y
1c
1i
#107595937074
0t
0s
0r
1y
1c
1i
#107595937498
1t
0s
0r
1y
1c
1i
#107595938177
0t
0s
0r
1y
1c
0i
#107595938600
1t
0s
0r
1y
1c
0i
#107595939274
0t
0s
0r
1y
1c
0i
#107595939699
1t
0s
0r
1y
1c
0i
#107595940375
0t
0s
0r
1y
1c
0i
#107595940799
1t
0s
0r
1y
1c
0i
#107595941477
0t
0s
0r
1y
1c
0i
#107595941899
1t
0s
0r
1y
1c
0i
#107595942571
0t
0s
0r
1y
1c
0i
#107595942997
1t
0s
0r
1y
1c
0i
#107595943668
0t
0s
0r
1y
1c
0i
#107595944093
1t
0s
0r
1y
1c
0i
#107595944767
0t
0s
0r
1y
1c
0i
#107595945189
1t
0s
0r
1y
1c
0i
#107595945858
0t
0s
0r
1y
1c
0i
#107595946282
1t
0s
0r
1y
1c
0i
#107595946951
0t
0s
0r
1y
1c
0i
#107595947374
1t
0s
0r
1y
1c
0i
#107595948044
0t
0s
0r
1y
1c
0i
#107595948467
1t
0s
0r
1y
1c
0i
#107595949133
0t
0s
0r
1y
1c
0i
#107595949557
1t
0s
0r
1y
1c
0i
#107595950224
0t
0s
0r
1y
1c
0i
#107595950647
1t
0s
0r
1y
1c
0i
#107595951318
0t
0s
0r
1y
1c
0i
#107595951739
1t
0s
0r
1y
1c
0i
#107595953475
0t
0s
0r
1y
1c
0i
#107595954692
1t
0s
0r
1y
1c
0i
#107595955692
0t
0s
0r
1y
1c
0i
#107595956100
1t
0s
0r
1y
1c
0i
#107595956774
0t
0s
0r
1y
1c
0i
#107595957193
1t
0s
0r
1y
1c
0i
#107595957864
0t
0s
0r
1y
1c
0i
#107595958284
1t
0s
0r
1y
1c
0i
#107595958954
0t
0s
0r
1y
1c
0i
#107595959376
1t
0s
0r
1y
1c
0i
#107595960046
0t
0s
0r
1y
1c
0i
#107595960466
1t
0s
0r
1y
1c
0i
#107595961139
0t
0s
0r
1y
1c
0i
#107595961557
1t
0s
0r
1y
1c
0i
#107595962226
0t
0s
0r
1y
1c
0i
#107595962646
1t
0s
0r
1y
1c
0i
#107595963316
0t
0s
0r
1y
1c
0i
#107595963736
1t
0s
0r
1y
1c
0i
#107595964408
0t
0s
0r
1y
1c
0i
#107595964829
1t
0s
0r
1y
1c
0i
#107595965497
0t
0s
0r
1y
1c
0i
#107595965920
1t
0s
0r
1y
1c
0i
#107595966591
0t
0s
0r
1y
0c
0i
#107595967013
1t
0s
0r
1y
0c
0i
#107595967688
0t
0s
0r
1y
0c
0i
#107595968109
1t
0s
0r
1y
0c
1i
#107595968782
0t
0s
0r
1y
0c
1i
#107595969205
1t
0s
0r
1y
0c
1i
#107595969880
0t
0s
0r
1y
0c
1i
#107595970304
1t
0s
0r
1y
0c
1i
#107595970357
1t
0s
1r
1y
0c
1i
#107595970359
1t
0s
0r
1y
0c
1i
#107595970982
0t
0s
0r
1y
0c
0i
#107595971404
1t
0s
0r
1y
0c
0i
#107595972078
0t
0s
0r
1y
0c
0i
#107596112054
1t
0s
0r
1y
0c
0i
#107596112712
0t
0s
0r
1y
0c
0i
#107596113125
1t
0s
0r
1y
0c
0i
#107596113785
0t
0s
0r
1y
0c
0i
#107596114198
1t
0s
0r
1y
0c
0i
#107596114861
0t
0s
0r
1y
0c
0i
#107596115272
1t
0s
0r
1y
0c
0i
#107596115932
0t
0s
0r
1y
0c
0i
#107596116346
1t
0s
0r
1y
0c
0i
#107596117006
0t
0s
0r
1y
0c
0i
#107596117421
1t
0s
0r
1y
0c
0i
#107596118084
0t
0s
0r
1y
0c
0i
#107596118497
1t
0s
0r
1y
0c
0i
#107596119157
0t
0s
0r
1y
0c
0i
#107596119572
1t
0s
0r
1y
0c
0i
#107596120233
0t
0s
0r
1y
0c
0i
#107596120648
1t
0s
0r
1y
0c
0i
#107596121311
0t
0s
0r
1y
0c
0i
#107596121725
1t
0s
0r
1y
0c
0i
#107596122384
0t
0s
0r
1y
0c
0i
#107596122801
1t
0s
0r
1y
0c
0i
#107596123460
0t
0s
0r
1y
0c
0i
#107596123876
1t
0s
0r
1y
0c
0i
#107596124539
0t
0s
0r
1y
0c
0i
#107596124953
1t
0s
0r
1y
0c
0i
#107596125612
0t
0s
0r
1y
0c
0i
#107596126028
1t
0s
0r
1y
0c
0i
#107596126688
0t
0s
0r
1y
0c
0i
#107596127104
1t
0s
0r
1y
0c
0i
#107596127767
0t
0s
0r
1y
0c
0i
#107596128183
1t
0s
0r
1y
0c
0i
#107596128842
0t
0s
0r
1y
0c
0i
#107596129260
1t
0s
0r
1y
1c
0i
#107596129922
0t
0s
0r
1y
1c
0i
#107596130339
1t
0s
0r
1y
1c
0i
#107596131006
0t
0s
0r
1y
1c
0i
#107596131422
1t
0s
0r
1y
1c
1i
#107596132086
0t
0s
0r
1y
1c
1i
#107596132505
1t
0s
0r
1y
1c
1i
#107596133171
0t
0s
0r
1y
1c
1i
#107596133590
1t
0s
0r
1y
1c
1i
#107596134259
0t
0s
0r
1y
1c
0i
#107596134678
1t
0s
0r
1y
1c
0i
#107596135342
0t
0s
0r
1y
1c
0i
#107596135762
1t
0s
0r
1y
1c
0i
#107596136428
0t
0s
0r
1y
1c
0i
#107596136847
1t
0s
0r
1y
1c
0i
#107596137515
0t
0s
0r
1y
1c
0i
#107596137933
1t
0s
0r
1y
1c
0i
#107596138595
0t
0s
0r
1y
1c
0i
#107596139016
1t
0s
0r
1y
1c
0i
#107596139680
0t
0s
0r
1y
1c
0i
#107596140099
1t
0s
0r
1y
1c
0i
#107596140764
0t
0s
0r
1y
1c
0i
#107596141182
1t
0s
0r
1y
1c
0i
#107596141843
0t
0s
0r
1y
1c
0i
#107596142261
1t
0s
0r
1y
1c
0i
#107596142923
0t
0s
0r
1y
1c
0i
#107596143341
1t
0s
0r
1y
1c
0i
#107596144003
0t
0s
0r
1y
1c
0i
#107596144421
1t
0s
0r
1y
1c
0i
#107596145079
0t
0s
0r
1y
1c
0i
#107596145499
1t
0s
0r
1y
1c
0i
#107596146157
0t
0s
0r
1y
1c
0i
#107596146576
1t
0s
0r
1y
1c
0i
#107596147238
0t
0s
0r
1y
1c
0i
#107596147655
1t
0s
0r
1y
1c
0i
#107596149370
0t
0s
0r
1y
1c
0i
#107596150572
1t
0s
0r
1y
1c
0i
#107596151559
0t
0s
0r
1y
1c
0i
#107596151964
1t
0s
0r
1y
1c
0i
#107596152628
0t
0s
0r
1y
1c
0i
#107596153044
1t
0s
0r
1y
1c
0i
#107596153705
0t
0s
0r
1y
1c
0i
#107596154121
1t
0s
0r
1y
1c
0i
#107596154782
0t
0s
0r
1y
1c
0i
#107596155200
1t
0s
0r
1y
1c
0i
#107596155861
0t
0s
0r
1y
1c
0i
#107596156277
1t
0s
0r
1y
1c
0i
#107596156941
0t
0s
0r
1y
1c
0i
#107596157356
1t
0s
0r
1y
1c
0i
#107596158015
0t
0s
0r
1y
1c
0i
#107596158432
1t
0s
0r
1y
1c
0i
#107596159093
0t
0s
0r
1y
1c
0i
#107596159509
1t
0s
0r
1y
1c
0i
#107596160172
0t
0s
0r
1y
1c
0i
#107596160589
1t
0s
0r
1y
1c
0i
#107596161248
0t
0s
0r
1y
1c
0i
#107596161667
1t
0s
0r
1y
0c
0i
#107596162329
0t
0s
0r
1y
0c
0i
#107596162746
1t
0s
0r
1y
0c
0i
#107596163413
0t
0s
0r
1y
0c
0i
#107596163829
1t
0s
0r
1y
0c
1i
#107596164493
0t
0s
0r
1y
0c
1i
#107596164911
1t
0s
0r
1y
0c
1i
#107596165577
0t
0s
0r
1y
0c
1i
#107596165996
1t
0s
0r
1y
0c
1i
#107596166665
0t
0s
0r
1y
0c
0i
#107596167082
1t
0s
0r
1y
0c
0i
#107596167747
0t
0s
0r
1y
0c
0i
#107596168166
1t
0s
0r
1y
0c
0i
#107596168832
0t
0s
0r
1y
0c
0i
#107596169249
1t
0s
0r
1y
0c
0i
#107596169918
0t
0s
0r
1y
0c
0i
#107596170334
1t
0s
0r
1y
0c
0i
#107596170997
0t
0s
0r
1y
0c
0i
#107596171416
1t
0s
0r
1y
0c
0i
#107596172079
0t
0s
0r
1y
0c
0i
#107596172496
1t
0s
0r
1y
0c
0i
#107596173162
0t
0s
0r
1y
0c
0i
#107596173577
1t
0s
0r
1y
0c
0i
#107596174239
0t
0s
0r
1y
0c
0i
#107596174655
1t
0s
0r
1y
0c
0i
#107596175318
0t
0s
0r
1y
0c
0i
#107596175732
1t
0s
0r
1y
0c
0i
#107596176398
0t
0s
0r
1y
0c
0i
#107596176810
1t
0s
0r
1y
0c
0i
#107596177471
0t
0s
0r
1y
0c
0i
#107596177886
1t
0s
0r
1y
0c
0i
#107596178548
0t
0s
0r
1y
0c
0i
#107596178961
1t
0s
0r
1y
0c
0i
#107596179627
0t
0s
0r
1y
0c
0i
#107596180039
1t
0s
0r
1y
0c
0i
#107596180700
0t
0s
0r
1y
0c
0i
#107596181115
1t
0s
0r
1y
0c
0i
#107596181776
0t
0s
0r
1y
0c
0i
#107596182192
1t
0s
0r
1y
0c
0i
#107596182856
0t
0s
0r
1y
0c
0i
#107596183270
1t
0s
0r
1y
0c
0i
#107596183929
0t
0s
0r
1y
0c
0i
#107596184346
1t
0s
0r
1y
0c
0i
#107596185007
0t
0s
0r
1y
0c
0i
#107596185422
1t
0s
0r
1y
0c
0i
#107596186086
0t
0s
0r
1y
0c
0i
#107596186500
1t
0s
0r
1y
0c
0i
#107596187159
0t
0s
0r
1y
0c
0i
#111891079350
1t
0s
0r
1y
0c
0i
#111891080008
0t
0s
0r
1y
0c
0i
#111891080421
1t
0s
0r
1y
0c
0i
#111891081081
0t
0s
0r
1y
0c
0i
#111891081494
1t
0s
0r
1y
0c
0i
#111891082157
0t
0s
0r
1y
0c
0i
#111891082568
1t
0s
0r
1y
0c
0i
#111891083228
0t
0s
0r
1y
0c
0i
#111891083642
1t
0s
0r
1y
0c
0i
#111891084302
0t
0s
0r
1y
0c
0i
#111891084717
1t
0s
0r
1y
0c
0i
#111891085380
0t
0s
0r
1y
0c
0i
#111891085793
1t
0s
0r
1y
0c
0i
#111891086453
0t
0s
0r
1y
0c
0i
#111891086868
1t
0s
0r
1y
0c
0i
#111891087529
0t
0s
0r
1y
0c
0i
#111891087944
1t
0s
0r
1y
0c
0i
#111891088607
0t
0s
0r
1y
0c
0i
#111891089021
1t
0s
0r
1y
0c
0i
#111891089680
0t
0s
0r
1y
0c
0i
#111891090097
1t
0s
0r
1y
0c
0i
#111891090756
0t
0s
0r
1y
0c
0i
#111891091172
1t
0s
0r
1y
0c
0i
#111891091835
0t
0s
0r
1y
0c
0i
#111891092249
1t
0s
0r
1y
0c
0i
#111891092908
0t
0s
0r
1y
0c
0i
#111891093324
1t
0s
0r
1y
0c
0i
#111891093984
0t
0s
0r
1y
0c
0i
#111891094400
1t
0s
0r
1y
0c
0i
#111891095063
0t
0s
0r
1y
0c
0i
#111891095479
1t
0s
0r
1y
0c
0i
#111891096138
0t
0s
0r
1y
0c
0i
#111891096556
1t
0s
0r
1y
1c
0i
#111891097218
0t
0s
0r
1y
1c
0i
#111891097635
1t
0s
0r
1y
1c
0i
#111891098302
0t
0s
0r
1y
1c
0i
#111891098718
1t
0s
0r
1y
1c
1i
#111891099382
0t
0s
0r
1y
1c
1i
#111891099801
1t
0s
0r
1y
1c
1i
#111891100467
0t
0s
0r
1y
1c
1i
#111891100886
1t
0s
0r
1y
1c
1i
#111891101555
0t
0s
0r
1y
1c
0i
#111891101974
1t
0s
0r
1y
1c
0i
#111891102638
0t
0s
0r
1y
1c
0i
#111891103058
1t
0s
0r
1y
1c
0i
#111891103724
0t
0s
0r
1y
1c
0i
#111891104143
1t
0s
0r
1y
1c
0i
#111891104811
0t
0s
0r
1y
1c
0i
#111891105229
1t
0s
0r
1y
1c
0i
#111891105891
0t
0s
0r
1y
1c
0i
#111891106312
1t
0s
0r
1y
1c
0i
#111891106976
0t
0s
0r
1y
1c
0i
#111891107395
1t
0s
0r
1y
1c
0i
#111891108060
0t
0s
0r
1y
1c
0i
#111891108478
1t
0s
0r
1y
1c
0i
#111891109139
0t
0s
0r
1y
1c
0i
#111891109557
1t
0s
0r
1y
1c
0i
#111891110219
0t
0s
0r
1y
1c
0i
#111891110637
1t
0s
0r
1y
1c
0i
#111891111299
0t
0s
0r
1y
1c
0i
#111891111717
1t
0s
0r
1y
1c
0i
#111891112375
0t
0s
0r
1y
1c
0i
#111891112795
1t
0s
0r
1y
1c
0i
#111891113453
0t
0s
0r
1y
1c
0i
#111891113872
1t
0s
0r
1y
1c
0i
#111891114534
0t
0s
0r
1y
1c
0i
#111891114951
1t
0s
0r
1y
1c
0i
#111891116666
0t
0s
0r
1y
1c
0i
#111891117868
1t
0s
0r
1y
1c
0i
#111891118855
0t
0s
0r
1y
1c
0i
#111891119260
1t
0s
0r
1y
1c
0i
#111891119924
0t
0s
0r
1y
1c
0i
#111891120340
1t
0s
0r
1y
1c
0i
#111891121001
0t
0s
0r
1y
1c
0i
#111891121417
1t
0s
0r
1y
1c
0i
#111891122078
0t
0s
0r
1y
1c
0i
#111891122496
1t
0s
0r
1y
1c
0i
#111891123157
0t
0s
0r
1y
1c
0i
#111891123573
1t
0s
0r
1y
1c
0i
#111891124237
0t
0s
0r
1y
1c
0i
#111891124652
1t
0s
0r
1y
1c
0i
#111891125311
0t
0s
0r
1y
1c
0i
#111891125728
1t
0s
0r
1y
1c
0i
#111891126389
0t
0s
0r
1y
1c
0i
#111891126805
1t
0s
0r
1y
1c
0i
#111891127468
0t
0s
0r
1y
1c
0i
#111891127885
1t
0s
0r
1y
1c
0i
#111891128544
0t
0s
0r
1y
1c
0i
#111891128963
1t
0s
0r
1y
0c
0i
#111891129625
0t
0s
0r
1y
0c
0i
#111891130042
1t
0s
0r
1y
0c
0i
#111891130709
0t
0s
0r
1y
0c
0i
#111891131125
1t
0s
0r
1y
0c
1i
#111891131789
0t
0s
0r
1y
0c
1i
#111891132207
1t
0s
0r
1y
0c
1i
#111891132873
0t
0s
0r
1y
0c
1i
#111891133292
1t
0s
0r
1y
0c
1i
#111891133961
0t
0s
0r
1y
0c
0i
#111891134378
1t
0s
0r
1y
0c
0i
#111891135043
0t
0s
0r
1y
0c
0i
#111891135462
1t
0s
0r
1y
0c
0i
#111891136128
0t
0s
0r
1y
0c
0i
#111891136545
1t
0s
0r
1y
0c
0i
#111891137214
0t
0s
0r
1y
0c
0i
#111891137630
1t
0s
0r
1y
0c
0i
#111891138293
0t
0s
0r
1y
0c
0i
#111891138712
1t
0s
0r
1y
0c
0i
#111891139375
0t
0s
0r
1y
0c
0i
#111891139792
1t
0s
0r
1y
0c
0i
#111891140458
0t
0s
0r
1y
0c
0i
#111891140873
1t
0s
0r
1y
0c
0i
#111891141535
0t
0s
0r
1y
0c
0i
#111891141951
1t
0s
0r
1y
0c
0i
#111891142614
0t
0s
0r
1y
0c
0i
#111891143028
1t
0s
0r
1y
0c
0i
#111891143694
0t
0s
0r
1y
0c
0i
#111891144106
1t
0s
0r
1y
0c
0i
#111891144767
0t
0s
0r
1y
0c
0i
#111891145182
1t
0s
0r
1y
0c
0i
#111891145844
0t
0s
0r
1y
0c
0i
#111891146257
1t
0s
0r
1y
0c
0i
#111891146923
0t
0s
0r
1y
0c
0i
#111891147335
1t
0s
0r
1y
0c
0i
#111891147996
0t
0s
0r
1y
0c
0i
#111891148411
1t
0s
0r
1y
0c
0i
#111891149072
0t
0s
0r
1y
0c
0i
#111891149488
1t
0s
0r
1y
0c
0i
#111891150152
0t
0s
0r
1y
0c
0i
#111891150566
1t
0s
0r
1y
0c
0i
#111891151225
0t
0s
0r
1y
0c
0i
#111891151642
1t
0s
0r
1y
0c
0i
#111891152303
0t
0s
0r
1y
0c
0i
#111891152718
1t
0s
0r
1y
0c
0i
#111891153382
0t
0s
0r
1y
0c
0i
#111891153796
1t
0s
0r
1y
0c
0i
#111891154455
0t
0s
0r
1y
0c
0i
#111891154872
1t
0s
0r
1y
0c
0i
#111891155531
0t
0s
0r
1y
0c
0i
#111891155947
1t
0s
0r
1y
0c
0i
#111891156609
0t
0s
0r
1y
0c
0i
#111891157025
1t
0s
0r
1y
0c
0i
#111891157683
0t
0s
0r
1y
0c
0i
#111891158099
1t
0s
0r
1y
0c
0i
#111891158759
0t
0s
0r
1y
0c
0i
#111891159175
1t
0s
0r
1y
0c
0i
#111891159836
0t
0s
0r
1y
0c
0i
#111891160253
1t
0s
0r
1y
0c
0i
#111891160911
0t
0s
0r
1y
0c
0i
#111891161329
1t
0s
0r
1y
1c
0i
#111891161990
0t
0s
0r
1y
1c
0i
#111891162408
1t
0s
0r
1y
1c
0i
#111891163073
0t
0s
0r
1y
1c
0i
#111891163490
1t
0s
0r
1y
1c
1i
#111891164153
0t
0s
0r
1y
1c
1i
#111891164571
1t
0s
0r
1y
1c
1i
#111891165237
0t
0s
0r
1y
1c
1i
#111891165656
1t
0s
0r
1y
1c
1i
#111891166325
0t
0s
0r
1y
1c
0i
#111891166743
1t
0s
0r
1y
1c
0i
#111891167407
0t
0s
0r
1y
1c
0i
#111891167827
1t
0s
0r
1y
1c
0i
#111891168492
0t
0s
0r
1y
1c
0i
#111891168911
1t
0s
0r
1y
1c
0i
#111891169580
0t
0s
0r
1y
1c
0i
#111891169997
1t
0s
0r
1y
1c
0i
#111891170660
0t
0s
0r
1y
1c
0i
#111891171080
1t
0s
0r
1y
1c
0i
#111891171743
0t
0s
0r
1y
1c
0i
#111891172162
1t
0s
0r
1y
1c
0i
#111891172827
0t
0s
0r
1y
1c
0i
#111891173244
1t
0s
0r
1y
1c
0i
#111891173904
0t
0s
0r
1y
1c
0i
#111891174322
1t
0s
0r
1y
1c
0i
#111891174983
0t
0s
0r
1y
1c
0i
#111891175401
1t
0s
0r
1y
1c
0i
#111891176062
0t
0s
0r
1y
1c
0i
#111891176480
1t
0s
0r
1y
1c
0i
#111891177137
0t
0s
0r
1y
1c
0i
#111891177557
1t
0s
0r
1y
1c
0i
#111891178215
0t
0s
0r
1y
1c
0i
#111891178634
1t
0s
0r
1y
1c
0i
#111891179295
0t
0s
0r
1y
1c
0i
#111891179712
1t
0s
0r
1y
1c
0i
#111891181426
0t
0s
0r
1y
1c
0i
#111891182627
1t
0s
0r
1y
1c
0i
#111891183614
0t
0s
0r
1y
1c
0i
#111891184018
1t
0s
0r
1y
1c
0i
#111891184682
0t
0s
0r
1y
1c
0i
#111891185097
1t
0s
0r
1y
1c
0i
#111891185759
0t
0s
0r
1y
1c
0i
#111891186174
1t
0s
0r
1y
1c
0i
#111891186834
0t
0s
0r
1y
1c
0i
#111891187252
1t
0s
0r
1y
1c
0i
#111891187912
0t
0s
0r
1y
1c
0i
#111891188328
1t
0s
0r
1y
1c
0i
#111891188990
0t
0s
0r
1y
1c
0i
#111891189406
1t
0s
0r
1y
1c
0i
#111891190064
0t
0s
0r
1y
1c
0i
#111891190481
1t
0s
0r
1y
1c
0i
#111891191141
0t
0s
0r
1y
1c
0i
#111891191556
1t
0s
0r
1y
1c
0i
#111891192219
0t
0s
0r
1y
1c
0i
#111891192636
1t
0s
0r
1y
1c
0i
#111891193294
0t
0s
0r
1y
1c
0i
#111891193712
1t
0s
0r
1y
1c
0i
#111891194374
0t
0s
0r
1y
0c
0i
#111891194791
1t
0s
0r
1y
0c
0i
#111891195458
0t
0s
0r
1y
0c
0i
#111891195873
1t
0s
0r
1y
0c
1i
#111891196537
0t
0s
0r
1y
0c
1i
#111891196954
1t
0s
0r
1y
0c
1i
#111891197620
0t
0s
0r
1y
0c
1i
#111891198039
1t
0s
0r
1y
0c
1i
#111891198111
1t
0s
1r
1y
0c
1i
#111891198113
1t
0s
0r
1y
0c
1i
#111891198707
0t
0s
0r
1y
0c
0i
#111891199124
1t
0s
0r
1y
0c
0i
#111891199789
0t
0s
0r
1y
0c
0i
#111891200208
1t
0s
0r
1y
0c
0i
#111891200874
0t
0s
0r
1y
0c
0i
#111891201291
1t
0s
0r
1y
0c
0i
#111891201961
0t
0s
0r
1y
0c
0i
#111891202376
1t
0s
0r
1y
0c
0i
#111891203040
0t
0s
0r
1y
0c
0i
#111891203459
1t
0s
0r
1y
0c
0i
#111891204124
0t
0s
0r
1y
0c
0i
#111891204542
1t
0s
0r
1y
0c
0i
#111891205211
0t
0s
0r
1y
0c
0i
#111891205626
1t
0s
0r
1y
0c
0i
#111891206293
0t
0s
0r
1y
0c
0i
#111891206709
1t
0s
0r
1y
0c
0i
#111891207377
0t
0s
0r
1y
0c
0i
#111891207793
1t
0s
0r
1y
0c
0i
#111891208464
0t
0s
0r
1y
0c
0i
#111891208878
1t
0s
0r
1y
0c
0i
#111891209544
0t
0s
0r
1y
0c
0i
#111891209961
1t
0s
0r
1y
0c
0i
#111891210630
0t
0s
0r
1y
0c
0i
#111891211046
1t
0s
0r
1y
0c
0i
#111891211717
0t
0s
0r
1y
0c
0i
#111891212132
1t
0s
0r
1y
0c
0i
#111891212800
0t
0s
0r
1y
0c
0i
#111891213217
1t
0s
0r
1y
0c
0i
#111891213885
0t
0s
0r
1y
0c
0i
#111891214304
1t
0s
0r
1y
0c
0i
#111891214973
0t
0s
0r
1y
0c
0i
#111891215391
1t
0s
0r
1y
0c
0i
#111891216056
0t
0s
0r
1y
0c
0i
#111891216475
1t
0s
0r
1y
0c
0i
#111891217143
0t
0s
0r
1y
0c
0i
#111891217561
1t
0s
0r
1y
0c
0i
#111891218231
0t
0s
0r
1y
0c
0i
#111891218648
1t
0s
0r
1y
0c
0i
#111891219313
0t
0s
0r
1y
0c
0i
#111891219733
1t
0s
0r
1y
0c
0i
#111891220399
0t
0s
0r
1y
0c
0i
#111891220818
1t
0s
0r
1y
0c
0i
#111891221487
0t
0s
0r
1y
0c
0i
#111891221905
1t
0s
0r
1y
0c
0i
#111891222569
0t
0s
0r
1y
0c
0i
#111891222989
1t
0s
0r
1y
0c
0i
#111891223655
0t
0s
0r
1y
0c
0i
#111891224075
1t
0s
0r
1y
0c
0i
#111891224744
0t
0s
0r
1y
0c
0i
#111891225164
1t
0s
0r
1y
0c
0i
#111891225829
0t
0s
0r
1y
0c
0i
#111891226251
1t
0s
0r
1y
0c
0i
#111891226920
0t
0s
0r
1y
1c
0i
#111891227341
1t
0s
0r
1y
1c
0i
#111891228015
0t
0s
0r
1y
1c
0i
#111891228434
1t
0s
0r
1y
1c
1i
#111891229105
0t
0s
0r
1y
1c
1i
#111891229528
1t
0s
0r
1y
1c
1i
#111891230201
0t
0s
0r
1y
1c
1i
#111891230623
1t
0s
0r
1y
1c
1i
#111891231300
0t
0s
0r
1y
1c
0i
#111891231721
1t
0s
0r
1y
1c
0i
#111891232393
0t
0s
0r
1y
1c
0i
#111891232816
1t
0s
0r
1y
1c
0i
#111891233489
0t
0s
0r
1y
1c
0i
#111891233911
1t
0s
0r
1y
1c
0i
#111891234586
0t
0s
0r
1y
1c
0i
#111891235007
1t
0s
0r
1y
1c
0i
#111891235676
0t
0s
0r
1y
1c
0i
#111891236100
1t
0s
0r
1y
1c
0i
#111891236769
0t
0s
0r
1y
1c
0i
#111891237193
1t
0s
0r
1y
1c
0i
#111891237865
0t
0s
0r
1y
1c
0i
#111891238287
1t
0s
0r
1y
1c
0i
#111891238954
0t
0s
0r
1y
1c
0i
#111891239378
1t
0s
0r
1y
1c
0i
#111891240046
0t
0s
0r
1y
1c
0i
#111891240469
1t
0s
0r
1y
1c
0i
#111891241140
0t
0s
0r
1y
1c
0i
#111891241563
1t
0s
0r
1y
1c
0i
#111891242229
0t
0s
0r
1y
1c
0i
#111891242654
1t
0s
0r
1y
1c
0i
#111891243321
0t
0s
0r
1y
1c
0i
#111891243745
1t
0s
0r
1y
1c
0i
#111891244416
0t
0s
0r
1y
1c
0i
#111891244838
1t
0s
0r
1y
1c
0i
#111891246575
0t
0s
0r
1y
1c
0i
#111891247793
1t
0s
0r
1y
1c
0i
#111891248794
0t
0s
0r
1y
1c
0i
#111891249203
1t
0s
0r
1y
1c
0i
#111891249876
0t
0s
0r
1y
1c
0i
#111891250296
1t
0s
0r
1y
1c
0i
#111891250967
0t
0s
0r
1y
1c
0i
#111891251387
1t
0s
0r
1y
1c
0i
#111891252057
0t
0s
0r
1y
1c
0i
#111891252480
1t
0s
0r
1y
1c
0i
#111891253150
0t
0s
0r
1y
1c
0i
#111891253571
1t
0s
0r
1y
1c
0i
#111891254243
0t
0s
0r
1y
1c
0i
#111891254663
1t
0s
0r
1y
1c
0i
#111891255331
0t
0s
0r
1y
1c
0i
#111891255753
1t
0s
0r
1y
1c
0i
#111891256423
0t
0s
0r
1y
1c
0i
#111891256844
1t
0s
0r
1y
1c
0i
#111891257517
0t
0s
0r
1y
1c
0i
#111891257939
1t
0s
0r
1y
1c
0i
#111891258608
0t
0s
0r
1y
1c
0i
#111891259031
1t
0s
0r
1y
1c
0i
#111891259703
0t
0s
0r
1y
0c
0i
#111891260126
1t
0s
0r
1y
0c
0i
#111891260803
0t
0s
0r
1y
0c
0i
#111891261224
1t
0s
0r
1y
0c
1i
#111891261899
0t
0s
0r
1y
0c
1i
#111891262322
1t
0s
0r
1y
0c
1i
#111891262999
0t
0s
0r
1y
0c
1i
#111891263423
1t
0s
0r
1y
0c
1i
#111891264102
0t
0s
0r
1y
0c
0i
#111891264525
1t
0s
0r
1y
0c
0i
#111891265201
0t
0s
0r
1y
0c
0i
#111891265624
1t
0s
0r
1y
0c
0i
#111891266301
0t
0s
0r
1y
0c
0i
#111891266723
1t
0s
0r
1y
0c
0i
#111891267402
0t
0s
0r
1y
0c
0i
#111891267823
1t
0s
0r
1y
0c
0i
#111891268497
0t
0s
0r
1y
0c
0i
#111891268921
1t
0s
0r
1y
0c
0i
#111891269594
0t
0s
0r
1y
0c
0i
#111891270016
1t
0s
0r
1y
0c
0i
#111891270692
0t
0s
0r
1y
0c
0i
#111891271111
1t
0s
0r
1y
0c
0i
#111891271783
0t
0s
0r
1y
0c
0i
#111891272203
1t
0s
0r
1y
0c
0i
#111891272875
0t
0s
0r
1y
0c
0i
#111891273294
1t
0s
0r
1y
0c
0i
#111891273969
0t
0s
0r
1y
0c
0i
#111891274386
1t
0s
0r
1y
0c
0i
#111891275056
0t
0s
0r
1y
0c
0i
#111891275474
1t
0s
0r
1y
0c
0i
#111891276145
0t
0s
0r
1y
0c
0i
#111891276564
1t
0s
0r
1y
0c
0i
#111891277238
0t
0s
0r
1y
0c
0i
#111891277655
1t
0s
0r
1y
0c
0i
#111891278325
0t
0s
0r
1y
0c
0i
#111891278745
1t
0s
0r
1y
0c
0i
#111891279415
0t
0s
0r
1y
0c
0i
#111891279836
1t
0s
0r
1y
0c
0i
#111891280509
0t
0s
0r
1y
0c
0i
#111891280928
1t
0s
0r
1y
0c
0i
#111891281597
0t
0s
0r
1y
0c
0i
#111891282018
1t
0s
0r
1y
0c
0i
#111891282688
0t
0s
0r
1y
0c
0i
#111891283109
1t
0s
0r
1y
0c
0i
#111891283783
0t
0s
0r
1y
0c
0i
#111891284201
1t
0s
0r
1y
0c
0i
#111891284869
0t
0s
0r
1y
0c
0i
#111891285291
1t
0s
0r
1y
0c
0i
#111891285961
0t
0s
0r
1y
0c
0i
#111891286382
1t
0s
0r
1y
0c
0i
#111891287054
0t
0s
0r
1y
0c
0i
#111891287473
1t
0s
0r
1y
0c
0i
#111891288141
0t
0s
0r
1y
0c
0i
#111891288562
1t
0s
0r
1y
0c
0i
#111891289232
0t
0s
0r
1y
0c
0i
#111891289653
1t
0s
0r
1y
0c
0i
#111891290325
0t
0s
0r
1y
0c
0i
#111891290747
1t
0s
0r
1y
0c
0i
#111891291415
0t
0s
0r
1y
0c
0i
#111891291838
1t
0s
0r
1y
0c
0i
#111891292509
0t
0s
0r
1y
1c
0i
#111891292932
1t
0s
0r
1y
1c
0i
#111891293608
0t
0s
0r
1y
1c
0i
#111891294029
1t
0s
0r
1y
1c
1i
#111891294703
0t
0s
0r
1y
1c
1i
#111891295127
1t
0s
0r
1y
1c
1i
#111891295802
0t
0s
0r
1y
1c
1i
#111891296226
1t
0s
0r
1y
1c
1i
#111891296905
0t
0s
0r
1y
1c
0i
#111891297328
1t
0s
0r
1y
1c
0i
#111891298003
0t
0s
0r
1y
1c
0i
#111891298427
1t
0s
0r
1y
1c
0i
#111891299103
0t
0s
0r
1y
1c
0i
#111891299527
1t
0s
0r
1y
1c
0i
#111891300205
0t
0s
0r
1y
1c
0i
#111891300627
1t
0s
0r
1y
1c
0i
#111891301299
0t
0s
0r
1y
1c
0i
#111891301725
1t
0s
0r
1y
1c
0i
#111891302397
0t
0s
0r
1y
1c
0i
#111891302822
1t
0s
0r
1y
1c
0i
#111891303497
0t
0s
0r
1y
1c
0i
#111891303919
1t
0s
0r
1y
1c
0i
#111891304589
0t
0s
0r
1y
1c
0i
#111891305011
1t
0s
0r
1y
1c
0i
#111891305681
0t
0s
0r
1y
1c
0i
#111891306103
1t
0s
0r
1y
1c
0i
#111891306774
0t
0s
0r
1y
1c
0i
#111891307196
1t
0s
0r
1y
1c
0i
#111891307861
0t
0s
0r
1y
1c
0i
#111891308285
1t
0s
0r
1y
1c
0i
#111891308951
0t
0s
0r
1y
1c
0i
#111891309373
1t
0s
0r
1y
1c
0i
#111891310043
0t
0s
0r
1y
1c
0i
#111891310464
1t
0s
0r
1y
1c
0i
#111891312198
0t
0s
0r
1y
1c
0i
#111891313412
1t
0s
0r
1y
1c
0i
#111891314411
0t
0s
0r
1y
1c
0i
#111891314820
1t
0s
0r
1y
1c
0i
#111891315493
0t
0s
0r
1y
1c
0i
#111891315912
1t
0s
0r
1y
1c
0i
#111891316582
0t
0s
0r
1y
1c
0i
#111891317002
1t
0s
0r
1y
1c
0i
#111891317671
0t
0s
0r
1y
1c
0i
#111891318093
1t
0s
0r
1y
1c
0i
#111891318762
0t
0s
0r
1y
1c
0i
#111891319182
1t
0s
0r
1y
1c
0i
#111891319854
0t
0s
0r
1y
1c
0i
#111891320274
1t
0s
0r
1y
1c
0i
#111891320941
0t
0s
0r
1y
1c
0i
#111891321362
1t
0s
0r
1y
1c
0i
#111891322032
0t
0s
0r
1y
1c
0i
#111891322452
1t
0s
0r
1y
1c
0i
#111891323124
0t
0s
0r
1y
1c
0i
#111891323545
1t
0s
0r
1y
1c
0i
#111891324213
0t
0s
0r
1y
1c
0i
#111891324636
1t
0s
0r
1y
1c
0i
#111891325307
0t
0s
0r
1y
0c
0i
#111891325728
1t
0s
0r
1y
0c
0i
#111891326404
0t
0s
0r
1y
0c
0i
#111891326824
1t
0s
0r
1y
0c
1i
#111891327497
0t
0s
0r
1y
0c
1i
#111891327920
1t
0s
0r
1y
0c
1i
#111891328595
0t
0s
0r
1y
0c
1i
#111891329018
1t
0s
0r
1y
0c
1i
#111891329071
1t
0s
1r
1y
0c
1i
#111891329074
1t
0s
0r
1y
0c
1i
#111891329696
0t
0s
0r
1y
0c
0i
#111891330118
1t
0s
0r
1y
0c
0i
#111891330792
0t
0s
0r
1y
0c
0i
#111891331215
1t
0s
0r
1y
0c
0i
#111891331890
0t
0s
0r
1y
0c
0i
#111891332312
1t
0s
0r
1y
0c
0i
#111891332989
0t
0s
0r
1y
0c
0i
#111891333409
1t
0s
0r
1y
0c
0i
#111891334082
0t
0s
0r
1y
0c
0i
#111891334505
1t
0s
0r
1y
0c
0i
#111891335178
0t
0s
0r
1y
0c
0i
#111891335599
1t
0s
0r
1y
0c
0i
#111891336275
0t
0s
0r
1y
0c
0i
#111891336694
1t
0s
0r
1y
0c
0i
#111891337366
0t
0s
0r
1y
0c
0i
#111891337786
1t
0s
0r
1y
0c
0i
#111891338460
0t
0s
0r
1y
0c
0i
#111891338878
1t
0s
0r
1y
0c
0i
#111891339554
0t
0s
0r
1y
0c
0i
#111891339971
1t
0s
0r
1y
0c
0i
#111891340643
0t
0s
0r
1y
0c
0i
#111891341062
1t
0s
0r
1y
0c
0i
#111891341735
0t
0s
0r
1y
0c
0i
#111891342153
1t
0s
0r
1y
0c
0i
#111891342829
0t
0s
0r
1y
0c
0i
#111891343246
1t
0s
0r
1y
0c
0i
#111891343919
0t
0s
0r
1y
0c
0i
#111891344338
1t
0s
0r
1y
0c
0i
#111891345010
0t
0s
0r
1y
0c
0i
#111891345432
1t
0s
0r
1y
0c
0i
#111891346106
0t
0s
0r
1y
0c
0i
#111891346526
1t
0s
0r
1y
0c
0i
#111891347196
0t
0s
0r
1y
0c
0i
#111891347617
1t
0s
0r
1y
0c
0i
#111891348290
0t
0s
0r
1y
0c
0i
#111891348710
1t
0s
0r
1y
0c
0i
#111891349385
0t
0s
0r
1y
0c
0i
#111891349804
1t
0s
0r
1y
0c
0i
#111891350475
0t
0s
0r
1y
0c
0i
#111891350897
1t
0s
0r
1y
0c
0i
#111891351567
0t
0s
0r
1y
0c
0i
#111891351989
1t
0s
0r
1y
0c
0i
#111891352663
0t
0s
0r
1y
0c
0i
#111891353083
1t
0s
0r
1y
0c
0i
#111891353753
0t
0s
0r
1y
0c
0i
#111891354175
1t
0s
0r
1y
0c
0i
#111891354847
0t
0s
0r
1y
0c
0i
#111891355268
1t
0s
0r
1y
0c
0i
#111891355942
0t
0s
0r
1y
0c
0i
#111891356365
1t
0s
0r
1y
0c
0i
#111891357035
0t
0s
0r
1y
0c
0i
#111891357459
1t
0s
0r
1y
1c
0i
#111891358132
0t
0s
0r
1y
1c
0i
#111891358556
1t
0s
0r
1y
1c
0i
#111891359233
0t
0s
0r
1y
1c
0i
#111891359656
1t
0s
0r
1y
1c
1i
#111891360331
0t
0s
0r
1y
1c
1i
#111891360756
1t
0s
0r
1y
1c
1i
#111891361434
0t
0s
0r
1y
1c
1i
#111891361859
1t
0s
0r
1y
1c
1i
#111891362540
0t
0s
0r
1y
1c
0i
#111891362963
1t
0s
0r
1y
1c
0i
#111891363639
0t
0s
0r
1y
1c
0i
#111891364065
1t
0s
0r
1y
1c
0i
#111891364742
0t
0s
0r
1y
1c
0i
#111891365166
1t
0s
0r
1y
1c
0i
#111891365846
0t
0s
0r
1y
1c
0i
#111891366269
1t
0s
0r
1y
1c
0i
#111891366942
0t
0s
0r
1y
1c
0i
#111891367368
1t
0s
0r
1y
1c
0i
#111891368040
0t
0s
0r
1y
1c
0i
#111891368465
1t
0s
0r
1y
1c
0i
#111891369139
0t
0s
0r
1y
1c
0i
#111891369562
1t
0s
0r
1y
1c
0i
#111891370230
0t
0s
0r
1y
1c
0i
#111891370653
1t
0s
0r
1y
1c
0i
#111891371322
0t
0s
0r
1y
1c
0i
#111891371744
1t
0s
0r
1y
1c
0i
#111891372414
0t
0s
0r
1y
1c
0i
#111891372836
1t
0s
0r
1y
1c
0i
#111891373501
0t
0s
0r
1y
1c
0i
#111891373924
1t
0s
0r
1y
1c
0i
#111891374591
0t
0s
0r
1y
1c
0i
#111891375013
1t
0s
0r
1y
1c
0i
#111891375683
0t
0s
0r
1y
1c
0i
#111891376104
1t
0s
0r
1y
1c
0i
#111891377838
0t
0s
0r
1y
1c
0i
#111891379055
1t
0s
0r
1y
1c
0i
#111891380054
0t
0s
0r
1y
1c
0i
#111891380462
1t
0s
0r
1y
1c
0i
#111891381135
0t
0s
0r
1y
1c
0i
#111891381555
1t
0s
0r
1y
1c
0i
#111891382225
0t
0s
0r
1y
1c
0i
#111891382645
1t
0s
0r
1y
1c
0i
#111891383315
0t
0s
0r
1y
1c
0i
#111891383737
1t
0s
0r
1y
1c
0i
#111891384406
0t
0s
0r
1y
1c
0i
#111891384827
1t
0s
0r
1y
1c
0i
#111891385499
0t
0s
0r
1y
1c
0i
#111891385918
1t
0s
0r
1y
1c
0i
#111891386586
0t
0s
0r
1y
1c
0i
#111891387006
1t
0s
0r
1y
1c
0i
#111891387676
0t
0s
0r
1y
1c
0i
#111891388096
1t
0s
0r
1y
1c
0i
#111891388769
0t
0s
0r
1y
1c
0i
#111891389190
1t
0s
0r
1y
1c
0i
#111891389857
0t
0s
0r
1y
1c
0i
#111891390280
1t
0s
0r
1y
0c
0i
#111891390951
0t
0s
0r
1y
0c
0i
#111891391373
1t
0s
0r
1y
0c
0i
#111891392049
0t
0s
0r
1y
0c
0i
#111891392469
1t
0s
0r
1y
0c
1i
#111891393142
0t
0s
0r
1y
0c
1i
#111891393565
1t
0s
0r
1y
0c
1i
#111891394240
0t
0s
0r
1y
0c
1i
#111891394663
1t
0s
0r
1y
0c
1i
#111891395341
0t
0s
0r
1y
0c
0i
#111891395763
1t
0s
0r
1y
0c
0i
#111891396437
0t
0s
0r
1y
0c
0i
#111891396859
1t
0s
0r
1y
0c
0i
#111891397535
0t
0s
0r
1y
0c
0i
#111891397956
1t
0s
0r
1y
0c
0i
#111891398634
0t
0s
0r
1y
0c
0i
#111891399054
1t
0s
0r
1y
0c
0i
#111891399727
0t
0s
0r
1y
0c
0i
#111891400150
1t
0s
0r
1y
0c
0i
#111891400823
0t
0s
0r
1y
0c
0i
#111891401246
1t
0s
0r
1y
0c
0i
#111891401922
0t
0s
0r
1y
0c
0i
#111891402342
1t
0s
0r
1y
0c
0i
#111891403015
0t
0s
0r
1y
0c
0i
#111891403436
1t
0s
0r
1y
0c
0i
#111891404111
0t
0s
0r
1y
0c
0i
#111891404531
1t
0s
0r
1y
0c
0i
#111891405208
0t
0s
0r
1y
0c
0i
#111891405627
1t
0s
0r
1y
0c
0i
#111891406300
0t
0s
0r
1y
0c
0i
#111891406720
1t
0s
0r
1y
0c
0i
#111891407394
0t
0s
0r
1y
0c
0i
#111891407814
1t
0s
0r
1y
0c
0i
#111891408491
0t
0s
0r
1y
0c
0i
#111891408910
1t
0s
0r
1y
0c
0i
#111891409583
0t
0s
0r
1y
0c
0i
#111891410004
1t
0s
0r
1y
0c
0i
#111891410677
0t
0s
0r
1y
0c
0i
#111891411099
1t
0s
0r
1y
0c
0i
#111891411774
0t
0s
0r
1y
0c
0i
#111891412195
1t
0s
0r
1y
0c
0i
#111891412866
0t
0s
0r
1y
0c
0i
#111891413288
1t
0s
0r
1y
0c
0i
#111891413962
0t
0s
0r
1y
0c
0i
#111891414382
1t
0s
0r
1y
0c
0i
#111891415058
0t
0s
0r
1y
0c
0i
#111891415478
1t
0s
0r
1y
0c
0i
#111891416148
0t
0s
0r
1y
0c
0i
#111891416571
1t
0s
0r
1y
0c
0i
#111891417243
0t
0s
0r
1y
0c
0i
#111891417664
1t
0s
0r
1y
0c
0i
#111891418339
0t
0s
0r
1y
0c
0i
#111891418759
1t
0s
0r
1y
0c
0i
#111891419430
0t
0s
0r
1y
0c
0i
#111891419852
1t
0s
0r
1y
0c
0i
#111891420523
0t
0s
0r
1y
0c
0i
#111891420945
1t
0s
0r
1y
0c
0i
#111891421619
0t
0s
0r
1y
0c
0i
#111891422042
1t
0s
0r
1y
0c
0i
#111891422713
0t
0s
0r
1y
0c
0i
#111891423137
1t
0s
0r
1y
1c
0i
#111891423811
0t
0s
0r
1y
1c
0i
#111891424234
1t
0s
0r
1y
1c
0i
#111891424913
0t
0s
0r
1y
1c
0i
#111891425335
1t
0s
0r
1y
1c
1i
#111891426011
0t
0s
0r
1y
1c
1i
#111891426436
1t
0s
0r
1y
1c
1i
#111891427114
0t
0s
0r
1y
1c
1i
#111891427539
1t
0s
0r
1y
1c
1i
#111891428221
0t
0s
0r
1y
1c
0i
#111891428645
1t
0s
0r
1y
1c
0i
#111891429322
0t
0s
0r
1y
1c
0i
#111891429747
1t
0s
0r
1y
1c
0i
#111891430425
0t
0s
0r
1y
1c
0i
#111891430850
1t
0s
0r
1y
1c
0i
#111891431530
0t
0s
0r
1y
1c
0i
#111891431954
1t
0s
0r
1y
1c
0i
#111891432627
0t
0s
0r
1y
1c
0i
#111891433054
1t
0s
0r
1y
1c
0i
#111891433729
0t
0s
0r
1y
1c
0i
#111891434154
1t
0s
0r
1y
1c
0i
#111891434831
0t
0s
0r
1y
1c
0i
#111891435254
1t
0s
0r
1y
1c
0i
#111891435925
0t
0s
0r
1y
1c
0i
#111891436350
1t
0s
0r
1y
1c
0i
#111891437022
0t
0s
0r
1y
1c
0i
#111891437446
1t
0s
0r
1y
1c
0i
#111891438120
0t
0s
0r
1y
1c
0i
#111891438544
1t
0s
0r
1y
1c
0i
#111891439213
0t
0s
0r
1y
1c
0i
#111891439638
1t
0s
0r
1y
1c
0i
#111891440309
0t
0s
0r
1y
1c
0i
#111891440733
1t
0s
0r
1y
1c
0i
#111891441406
0t
0s
0r
1y
1c
0i
#111891441829
1t
0s
0r
1y
1c
0i
#111891443572
0t
0s
0r
1y
1c
0i
#111891444793
1t
0s
0r
1y
1c
0i
#111891445797
0t
0s
0r
1y
1c
0i
#111891446207
1t
0s
0r
1y
1c
0i
#111891446882
0t
0s
0r
1y
1c
0i
#111891447304
1t
0s
0r
1y
1c
0i
#111891447977
0t
0s
0r
1y
1c
0i
#111891448398
1t
0s
0r
1y
1c
0i
#111891449071
0t
0s
0r
1y
1c
0i
#111891449494
1t
0s
0r
1y
1c
0i
#111891450166
0t
0s
0r
1y
1c
0i
#111891450587
1t
0s
0r
1y
1c
0i
#111891451262
0t
0s
0r
1y
1c
0i
#111891451683
1t
0s
0r
1y
1c
0i
#111891452354
0t
0s
0r
1y
1c
0i
#111891452775
1t
0s
0r
1y
1c
0i
#111891453448
0t
0s
0r
1y
1c
0i
#111891453869
1t
0s
0r
1y
1c
0i
#111891454544
0t
0s
0r
1y
1c
0i
#111891454966
1t
0s
0r
1y
1c
0i
#111891455637
0t
0s
0r
1y
1c
0i
#111891456061
1t
0s
0r
1y
0c
0i
#111891456735
0t
0s
0r
1y
0c
0i
#111891457158
1t
0s
0r
1y
0c
0i
#111891457837
0t
0s
0r
1y
0c
0i
#111891458259
1t
0s
0r
1y
0c
1i
#111891458936
0t
0s
0r
1y
0c
1i
#111891459360
1t
0s
0r
1y
0c
1i
#111891460038
0t
0s
0r
1y
0c
1i
#111891460463
1t
0s
0r
1y
0c
1i
#111891460522
1t
0s
1r
1y
0c
1i
#111891460525
1t
0s
0r
1y
0c
1i
#111891461145
0t
0s
0r
1y
0c
0i
#111891461568
1t
0s
0r
1y
0c
0i
#111891462245
0t
0s
0r
1y
0c
0i
#111891462671
1t
0s
0r
1y
0c
0i
#111891463349
0t
0s
0r
1y
0c
0i
#111891463773
1t
0s
0r
1y
0c
0i
#111891464455
0t
0s
0r
1y
0c
0i
#111891464877
1t
0s
0r
1y
0c
0i
#111891465554
0t
0s
0r
1y
0c
0i
#111891465979
1t
0s
0r
1y
0c
0i
#111891466657
0t
0s
0r
1y
0c
0i
#111891467081
1t
0s
0r
1y
0c
0i
#111891467762
0t
0s
0r
1y
0c
0i
#111891468184
1t
0s
0r
1y
0c
0i
#111891468863
0t
0s
0r
1y
0c
0i
#111891469286
1t
0s
0r
1y
0c
0i
#111891469966
0t
0s
0r
1y
0c
0i
#111891470389
1t
0s
0r
1y
0c
0i
#111891471072
0t
0s
0r
1y
0c
0i
#111891471493
1t
0s
0r
1y
0c
0i
#111891472173
0t
0s
0r
1y
0c
0i
#111891472596
1t
0s
0r
1y
0c
0i
#111891473278
0t
0s
0r
1y
0c
0i
#111891473700
1t
0s
0r
1y
0c
0i
#111891474385
0t
0s
0r
1y
0c
0i
#111891474806
1t
0s
0r
1y
0c
0i
#111891475487
0t
0s
0r
1y
0c
0i
#111891475911
1t
0s
0r
1y
0c
0i
#111891476591
0t
0s
0r
1y
0c
0i
#111891477016
1t
0s
0r
1y
0c
0i
#111891477700
0t
0s
0r
1y
0c
0i
#111891478123
1t
0s
0r
1y
0c
0i
#111891478801
0t
0s
0r
1y
0c
0i
#111891479226
1t
0s
0r
1y
0c
0i
#111891479907
0t
0s
0r
1y
0c
0i
#111891480331
1t
0s
0r
1y
0c
0i
#111891481015
0t
0s
0r
1y
0c
0i
#111891481438
1t
0s
0r
1y
0c
0i
#111891482116
0t
0s
0r
1y
0c
0i
#111891482542
1t
0s
0r
1y
0c
0i
#111891483221
0t
0s
0r
1y
0c
0i
#111891483646
1t
0s
0r
1y
0c
0i
#111891484329
0t
0s
0r
1y
0c
0i
#111891484753
1t
0s
0r
1y
0c
0i
#111891485431
0t
0s
0r
1y
0c
0i
#111891485857
1t
0s
0r
1y
0c
0i
#111891486537
0t
0s
0r
1y
0c
0i
#111891486963
1t
0s
0r
1y
0c
0i
#111891487645
0t
0s
0r
1y
0c
0i
#111891488072
1t
0s
0r
1y
0c
0i
#111891488750
0t
0s
0r
1y
0c
0i
#111891489179
1t
0s
0r
1y
1c
0i
#111891489861
0t
0s
0r
1y
1c
0i
#111891490289
1t
0s
0r
1y
1c
0i
#111891490975
0t
0s
0r
1y
1c
0i
#111891491402
1t
0s
0r
1y
1c
1i
#111891492086
0t
0s
0r
1y
1c
1i
#111891492516
1t
0s
0r
1y
1c
1i
#111891493202
0t
0s
0r
1y
1c
1i
#111891493631
1t
0s
0r
1y
1c
1i
#111891494321
0t
0s
0r
1y
1c
0i
#111891494749
1t
0s
0r
1y
1c
0i
#111891495434
0t
0s
0r
1y
1c
0i
#111891495863
1t
0s
0r
1y
1c
0i
#111891496549
0t
0s
0r
1y
1c
0i
#111891496977
1t
0s
0r
1y
1c
0i
#111891497665
0t
0s
0r
1y
1c
0i
#111891498093
1t
0s
0r
1y
1c
0i
#111891498774
0t
0s
0r
1y
1c
0i
#111891499205
1t
0s
0r
1y
1c
0i
#111891499886
0t
0s
0r
1y
1c
0i
#111891500316
1t
0s
0r
1y
1c
0i
#111891501000
0t
0s
0r
1y
1c
0i
#111891501426
1t
0s
0r
1y
1c
0i
#111891502105
0t
0s
0r
1y
1c
0i
#111891502533
1t
0s
0r
1y
1c
0i
#111891503212
0t
0s
0r
1y
1c
0i
#111891503639
1t
0s
0r
1y
1c
0i
#111891504319
0t
0s
0r
1y
1c
0i
#111891504747
1t
0s
0r
1y
1c
0i
#111891505422
0t
0s
0r
1y
1c
0i
#111891505851
1t
0s
0r
1y
1c
0i
#111891506528
0t
0s
0r
1y
1c
0i
#111891506956
1t
0s
0r
1y
1c
0i
#111891507636
0t
0s
0r
1y
1c
0i
#111891508062
1t
0s
0r
1y
1c
0i
#111891509821
0t
0s
0r
1y
1c
0i
#111891511053
1t
0s
0r
1y
1c
0i
#111891512066
0t
0s
0r
1y
1c
0i
#111891512480
1t
0s
0r
1y
1c
0i
#111891513161
0t
0s
0r
1y
1c
0i
#111891513586
1t
0s
0r
1y
1c
0i
#111891514266
0t
0s
0r
1y
1c
0i
#111891514691
1t
0s
0r
1y
1c
0i
#111891515371
0t
0s
0r
1y
1c
0i
#111891515797
1t
0s
0r
1y
1c
0i
#111891516476
0t
0s
0r
1y
1c
0i
#111891516901
1t
0s
0r
1y
1c
0i
#111891517583
0t
0s
0r
1y
1c
0i
#111891518007
1t
0s
0r
1y
1c
0i
#111891518685
0t
0s
0r
1y
1c
0i
#111891519111
1t
0s
0r
1y
1c
0i
#111891519790
0t
0s
0r
1y
1c
0i
#111891520215
1t
0s
0r
1y
1c
0i
#111891520897
0t
0s
0r
1y
1c
0i
#111891521323
1t
0s
0r
1y
1c
0i
#111891522002
0t
0s
0r
1y
1c
0i
#111891522429
1t
0s
0r
1y
0c
0i
#111891523110
0t
0s
0r
1y
0c
0i
#111891523538
1t
0s
0r
1y
0c
0i
#111891524224
0t
0s
0r
1y
0c
0i
#111891524650
1t
0s
0r
1y
0c
1i
#111891525334
0t
0s
0r
1y
0c
1i
#111891525762
1t
0s
0r
1y
0c
1i
#111891526448
0t
0s
0r
1y
0c
1i
#111891526877
1t
0s
0r
1y
0c
1i
#111891527566
0t
0s
0r
1y
0c
0i
#111891527994
1t
0s
0r
1y
0c
0i
#111891528679
0t
0s
0r
1y
0c
0i
#111891529107
1t
0s
0r
1y
0c
0i
#111891529794
0t
0s
0r
1y
0c
0i
#111891530221
1t
0s
0r
1y
0c
0i
#111891530909
0t
0s
0r
1y
0c
0i
#111891531334
1t
0s
0r
1y
0c
0i
#111891532017
0t
0s
0r
1y
0c
0i
#111891532444
1t
0s
0r
1y
0c
0i
#111891533125
0t
0s
0r
1y
0c
0i
#111891533550
1t
0s
0r
1y
0c
0i
#111891534233
0t
0s
0r
1y
0c
0i
#111891534655
1t
0s
0r
1y
0c
0i
#111891535333
0t
0s
0r
1y
0c
0i
#111891535756
1t
0s
0r
1y
0c
0i
#111891536434
0t
0s
0r
1y
0c
0i
#111891536856
1t
0s
0r
1y
0c
0i
#111891537535
0t
0s
0r
1y
0c
0i
#111891537955
1t
0s
0r
1y
0c
0i
#111891538630
0t
0s
0r
1y
0c
0i
#111891539052
1t
0s
0r
1y
0c
0i
#111891539728
0t
0s
0r
1y
0c
0i
#111891540150
1t
0s
0r
1y
0c
0i
#111891540829
0t
0s
0r
1y
0c
0i
#111891541249
1t
0s
0r
1y
0c
0i
#111891541926
0t
0s
0r
1y
0c
0i
#111891542348
1t
0s
0r
1y
0c
0i
#111891543025
0t
0s
0r
1y
0c
0i
#111891543448
1t
0s
0r
1y
0c
0i
#111891544127
0t
0s
0r
1y
0c
0i
#111891544550
1t
0s
0r
1y
0c
0i
#111891545225
0t
0s
0r
1y
0c
0i
#111891545649
1t
0s
0r
1y
0c
0i
#111891546326
0t
0s
0r
1y
0c
0i
#111891546749
1t
0s
0r
1y
0c
0i
#111891547429
0t
0s
0r
1y
0c
0i
#111891547851
1t
0s
0r
1y
0c
0i
#111891548526
0t
0s
0r
1y
0c
0i
#111891548951
1t
0s
0r
1y
0c
0i
#111891549627
0t
0s
0r
1y
0c
0i
#111891550051
1t
0s
0r
1y
0c
0i
#111891550729
0t
0s
0r
1y
0c
0i
#111891551152
1t
0s
0r
1y
0c
0i
#111891551826
0t
0s
0r
1y
0c
0i
#111891552250
1t
0s
0r
1y
0c
0i
#111891552926
0t
0s
0r
1y
0c
0i
#111891553350
1t
0s
0r
1y
0c
0i
#111891554029
0t
0s
0r
1y
0c
0i
#111891554454
1t
0s
0r
1y
0c
0i
#111891555128
0t
0s
0r
1y
0c
0i
#111891555554
1t
0s
0r
1y
1c
0i
#111891556232
0t
0s
0r
1y
1c
0i
#111891556658
1t
0s
0r
1y
1c
0i
#111891557340
0t
0s
0r
1y
1c
0i
#111891557765
1t
0s
0r
1y
1c
1i
#111891558444
0t
0s
0r
1y
1c
1i
#111891558871
1t
0s
0r
1y
1c
1i
#111891559553
0t
0s
0r
1y
1c
1i
#111891559980
1t
0s
0r
1y
1c
1i
#111891560666
0t
0s
0r
1y
1c
0i
#111891561092
1t
0s
0r
1y
1c
0i
#111891561773
0t
0s
0r
1y
1c
0i
#111891562200
1t
0s
0r
1y
1c
0i
#111891562882
0t
0s
0r
1y
1c
0i
#111891563309
1t
0s
0r
1y
1c
0i
#111891563993
0t
0s
0r
1y
1c
0i
#111891564418
1t
0s
0r
1y
1c
0i
#111891565095
0t
0s
0r
1y
1c
0i
#111891565524
1t
0s
0r
1y
1c
0i
#111891566201
0t
0s
0r
1y
1c
0i
#111891566628
1t
0s
0r
1y
1c
0i
#111891567307
0t
0s
0r
1y
1c
0i
#111891567732
1t
0s
0r
1y
1c
0i
#111891568405
0t
0s
0r
1y
1c
0i
#111891568831
1t
0s
0r
1y
1c
0i
#111891569505
0t
0s
0r
1y
1c
0i
#111891569929
1t
0s
0r
1y
1c
0i
#111891570604
0t
0s
0r
1y
1c
0i
#111891571028
1t
0s
0r
1y
1c
0i
#111891571699
0t
0s
0r
1y
1c
0i
#111891572125
1t
0s
0r
1y
1c
0i
#111891572797
0t
0s
0r
1y
1c
0i
#111891573221
1t
0s
0r
1y
1c
0i
#111891573897
0t
0s
0r
1y
1c
0i
#111891574320
1t
0s
0r
1y
1c
0i
#111891576068
0t
0s
0r
1y
1c
0i
#111891577293
1t
0s
0r
1y
1c
0i
#111891578300
0t
0s
0r
1y
1c
0i
#111891578711
1t
0s
0r
1y
1c
0i
#111891579389
0t
0s
0r
1y
1c
0i
#111891579811
1t
0s
0r
1y
1c
0i
#111891580487
0t
0s
0r
1y
1c
0i
#111891580909
1t
0s
0r
1y
1c
0i
#111891581584
0t
0s
0r
1y
1c
0i
#111891582009
1t
0s
0r
1y
1c
0i
#111891582684
0t
0s
0r
1y
1c
0i
#111891583107
1t
0s
0r
1y
1c
0i
#111891583784
0t
0s
0r
1y
1c
0i
#111891584206
1t
0s
0r
1y
1c
0i
#111891584879
0t
0s
0r
1y
1c
0i
#111891585303
1t
0s
0r
1y
1c
0i
#111891585978
0t
0s
0r
1y
1c
0i
#111891586400
1t
0s
0r
1y
1c
0i
#111891587078
0t
0s
0r
1y
1c
0i
#111891587502
1t
0s
0r
1y
1c
0i
#111891588175
0t
0s
0r
1y
1c
0i
#111891588600
1t
0s
0r
1y
0c
0i
#111891589277
0t
0s
0r
1y
0c
0i
#111891589701
1t
0s
0r
1y
0c
0i
#111891590382
0t
0s
0r
1y
0c
0i
#111891590806
1t
0s
0r
1y
0c
1i
#111891591485
0t
0s
0r
1y
0c
1i
#111891591910
1t
0s
0r
1y
0c
1i
#111891592591
0t
0s
0r
1y
0c
1i
#111891593017
1t
0s
0r
1y
0c
1i
#111891593126
1t
0s
1r
1y
0c
1i
#111891593128
1t
0s
0r
1y
0c
1i
#111891593701
0t
0s
0r
1y
0c
0i
#111891594125
1t
0s
0r
1y
0c
0i
#111891594805
0t
0s
0r
1y
0c
0i
#111891595231
1t
0s
0r
1y
0c
0i
#111891595913
0t
0s
0r
1y
0c
0i
#111891596337
1t
0s
0r
1y
0c
0i
#111891597021
0t
0s
0r
1y
0c
0i
#111891597444
1t
0s
0r
1y
0c
0i
#111891598123
0t
0s
0r
1y
0c
0i
#111891598549
1t
0s
0r
1y
0c
0i
#111891599228
0t
0s
0r
1y
0c
0i
#111891599653
1t
0s
0r
1y
0c
0i
#111891600337
0t
0s
0r
1y
0c
0i
#111891600759
1t
0s
0r
1y
0c
0i
#111891601439
0t
0s
0r
1y
0c
0i
#111891601863
1t
0s
0r
1y
0c
0i
#111891602544
0t
0s
0r
1y
0c
0i
#111891602967
1t
0s
0r
1y
0c
0i
#111891603651
0t
0s
0r
1y
0c
0i
#111891604073
1t
0s
0r
1y
0c
0i
#111891604752
0t
0s
0r
1y
0c
0i
#111891605175
1t
0s
0r
1y
0c
0i
#111891605856
0t
0s
0r
1y
0c
0i
#111891606279
1t
0s
0r
1y
0c
0i
#111891606963
0t
0s
0r
1y
0c
0i
#111891607384
1t
0s
0r
1y
0c
0i
#111891608065
0t
0s
0r
1y
0c
0i
#111891608488
1t
0s
0r
1y
0c
0i
#111891609168
0t
0s
0r
1y
0c
0i
#111891609593
1t
0s
0r
1y
0c
0i
#111891610275
0t
0s
0r
1y
0c
0i
#111891610698
1t
0s
0r
1y
0c
0i
#111891611376
0t
0s
0r
1y
0c
0i
#111891611801
1t
0s
0r
1y
0c
0i
#111891612481
0t
0s
0r
1y
0c
0i
#111891612905
1t
0s
0r
1y
0c
0i
#111891613588
0t
0s
0r
1y
0c
0i
#111891614011
1t
0s
0r
1y
0c
0i
#111891614689
0t
0s
0r
1y
0c
0i
#111891615115
1t
0s
0r
1y
0c
0i
#111891615794
0t
0s
0r
1y
0c
0i
#111891616219
1t
0s
0r
1y
0c
0i
#111891616901
0t
0s
0r
1y
0c
0i
#111891617325
1t
0s
0r
1y
0c
0i
#111891618003
0t
0s
0r
1y
0c
0i
#111891618429
1t
0s
0r
1y
0c
0i
#111891619108
0t
0s
0r
1y
0c
0i
#111891619534
1t
0s
0r
1y
0c
0i
#111891620216
0t
0s
0r
1y
0c
0i
#111891620642
1t
0s
0r
1y
0c
0i
#111891621320
0t
0s
0r
1y
0c
0i
#111891621748
1t
0s
0r
1y
1c
0i
#111891622430
0t
0s
0r
1y
1c
0i
#111891622857
1t
0s
0r
1y
1c
0i
#111891623543
0t
0s
0r
1y
1c
0i
#111891623969
1t
0s
0r
1y
1c
1i
#111891624653
0t
0s
0r
1y
1c
1i
#111891625082
1t
0s
0r
1y
1c
1i
#111891625767
0t
0s
0r
1y
1c
1i
#111891626196
1t
0s
0r
1y
1c
1i
#111891626885
0t
0s
0r
1y
1c
0i
#111891627313
1t
0s
0r
1y
1c
0i
#111891627997
0t
0s
0r
1y
1c
0i
#111891628426
1t
0s
0r
1y
1c
0i
#111891629112
0t
0s
0r
1y
1c
0i
#111891629540
1t
0s
0r
1y
1c
0i
#111891630228
0t
0s
0r
1y
1c
0i
#111891630654
1t
0s
0r
1y
1c
0i
#111891631335
0t
0s
0r
1y
1c
0i
#111891631765
1t
0s
0r
1y
1c
0i
#111891632446
0t
0s
0r
1y
1c
0i
#111891632875
1t
0s
0r
1y
1c
0i
#111891633557
0t
0s
0r
1y
1c
0i
#111891633984
1t
0s
0r
1y
1c
0i
#111891634662
0t
0s
0r
1y
1c
0i
#111891635089
1t
0s
0r
1y
1c
0i
#111891635767
0t
0s
0r
1y
1c
0i
#111891636194
1t
0s
0r
1y
1c
0i
#111891636873
0t
0s
0r
1y
1c
0i
#111891637300
1t
0s
0r
1y
1c
0i
#111891637975
0t
0s
0r
1y
1c
0i
#111891638402
1t
0s
0r
1y
1c
0i
#111891639078
0t
0s
0r
1y
1c
0i
#111891639506
1t
0s
0r
1y
1c
0i
#111891640185
0t
0s
0r
1y
1c
0i
#111891640611
1t
0s
0r
1y
1c
0i
#111891642368
0t
0s
0r
1y
1c
0i
#111891643599
1t
0s
0r
1y
1c
0i
#111891644612
0t
0s
0r
1y
1c
0i
#111891645025
1t
0s
0r
1y
1c
0i
#111891645707
0t
0s
0r
1y
1c
0i
#111891646131
1t
0s
0r
1y
1c
0i
#111891646810
0t
0s
0r
1y
1c
0i
#111891647235
1t
0s
0r
1y
1c
0i
#111891647913
0t
0s
0r
1y
1c
0i
#111891648340
1t
0s
0r
1y
1c
0i
#111891649018
0t
0s
0r
1y
1c
0i
#111891649443
1t
0s
0r
1y
1c
0i
#111891650124
0t
0s
0r
1y
1c
0i
#111891650548
1t
0s
0r
1y
1c
0i
#111891651225
0t
0s
0r
1y
1c
0i
#111891651650
1t
0s
0r
1y
1c
0i
#111891652328
0t
0s
0r
1y
1c
0i
#111891652753
1t
0s
0r
1y
1c
0i
#111891653434
0t
0s
0r
1y
1c
0i
#111891653860
1t
0s
0r
1y
1c
0i
#111891654537
0t
0s
0r
1y
1c
0i
#111891654964
1t
0s
0r
1y
0c
0i
#111891655645
0t
0s
0r
1y
0c
0i
#111891656072
1t
0s
0r
1y
0c
0i
#111891656757
0t
0s
0r
1y
0c
0i
#111891657182
1t
0s
0r
1y
0c
1i
#111891657865
0t
0s
0r
1y
0c
1i
#111891658293
1t
0s
0r
1y
0c
1i
#111891658978
0t
0s
0r
1y
0c
1i
#111891659406
1t
0s
0r
1y
0c
1i
#111891660094
0t
0s
0r
1y
0c
0i
#111891660521
1t
0s
0r
1y
0c
0i
#111891661206
0t
0s
0r
1y
0c
0i
#111891661633
1t
0s
0r
1y
0c
0i
#111891662319
0t
0s
0r
1y
0c
0i
#111891662745
1t
0s
0r
1y
0c
0i
#111891663433
0t
0s
0r
1y
0c
0i
#111891663858
1t
0s
0r
1y
0c
0i
#111891664541
0t
0s
0r
1y
0c
0i
#111891664969
1t
0s
0r
1y
0c
0i
#111891665651
0t
0s
0r
1y
0c
0i
#111891666078
1t
0s
0r
1y
0c
0i
#111891666764
0t
0s
0r
1y
0c
0i
#111891667188
1t
0s
0r
1y
0c
0i
#111891667869
0t
0s
0r
1y
0c
0i
#111891668295
1t
0s
0r
1y
0c
0i
#111891668977
0t
0s
0r
1y
0c
0i
#111891669401
1t
0s
0r
1y
0c
0i
#111891670085
0t
0s
0r
1y
0c
0i
#111891670507
1t
0s
0r
1y
0c
0i
#111891671187
0t
0s
0r
1y
0c
0i
#111891671611
1t
0s
0r
1y
0c
0i
#111891672292
0t
0s
0r
1y
0c
0i
#111891672715
1t
0s
0r
1y
0c
0i
#111891673399
0t
0s
0r
1y
0c
0i
#111891673822
1t
0s
0r
1y
0c
0i
#111891674502
0t
0s
0r
1y
0c
0i
#111891674926
1t
0s
0r
1y
0c
0i
#111891675606
0t
0s
0r
1y
0c
0i
#111891676032
1t
0s
0r
1y
0c
0i
#111891676715
0t
0s
0r
1y
0c
0i
#111891677139
1t
0s
0r
1y
0c
0i
#111891677817
0t
0s
0r
1y
0c
0i
#111891678243
1t
0s
0r
1y
0c
0i
#111891678923
0t
0s
0r
1y
0c
0i
#111891679348
1t
0s
0r
1y
0c
0i
#111891680031
0t
0s
0r
1y
0c
0i
#111891680455
1t
0s
0r
1y
0c
0i
#111891681133
0t
0s
0r
1y
0c
0i
#111891681560
1t
0s
0r
1y
0c
0i
#111891682239
0t
0s
0r
1y
0c
0i
#111891682665
1t
0s
0r
1y
0c
0i
#111891683347
0t
0s
0r
1y
0c
0i
#111891683772
1t
0s
0r
1y
0c
0i
#111891684450
0t
0s
0r
1y
0c
0i
#111891684876
1t
0s
0r
1y
0c
0i
#111891685555
0t
0s
0r
1y
0c
0i
#111891685981
1t
0s
0r
1y
0c
0i
#111891686663
0t
0s
0r
1y
0c
0i
#111891687090
1t
0s
0r
1y
0c
0i
#111891687768
0t
0s
0r
1y
0c
0i
#111891688197
1t
0s
0r
1y
1c
0i
#111891688877
0t
0s
0r
1y
1c
0i
#111891689306
1t
0s
0r
1y
1c
0i
#111891689991
0t
0s
0r
1y
1c
0i
#111891690418
1t
0s
0r
1y
1c
1i
#111891691102
0t
0s
0r
1y
1c
1i
#111891691531
1t
0s
0r
1y
1c
1i
#111891692217
0t
0s
0r
1y
1c
1i
#111891692646
1t
0s
0r
1y
1c
1i
#111891693337
0t
0s
0r
1y
1c
0i
#111891693764
1t
0s
0r
1y
1c
0i
#111891694449
0t
0s
0r
1y
1c
0i
#111891694879
1t
0s
0r
1y
1c
0i
#111891695565
0t
0s
0r
1y
1c
0i
#111891695993
1t
0s
0r
1y
1c
0i
#111891696681
0t
0s
0r
1y
1c
0i
#111891697108
1t
0s
0r
1y
1c
0i
#111891697789
0t
0s
0r
1y
1c
0i
#111891698219
1t
0s
0r
1y
1c
0i
#111891698899
0t
0s
0r
1y
1c
0i
#111891699328
1t
0s
0r
1y
1c
0i
#111891700009
0t
0s
0r
1y
1c
0i
#111891700435
1t
0s
0r
1y
1c
0i
#111891701111
0t
0s
0r
1y
1c
0i
#111891701538
1t
0s
0r
1y
1c
0i
#111891702214
0t
0s
0r
1y
1c
0i
#111891702639
1t
0s
0r
1y
1c
0i
#111891703317
0t
0s
0r
1y
1c
0i
#111891703742
1t
0s
0r
1y
1c
0i
#111891704415
0t
0s
0r
1y
1c
0i
#111891704842
1t
0s
0r
1y
1c
0i
#111891705516
0t
0s
0r
1y
1c
0i
#111891705942
1t
0s
0r
1y
1c
0i
#111891706619
0t
0s
0r
1y
1c
0i
#111891707044
1t
0s
0r
1y
1c
0i
#111891708797
0t
0s
0r
1y
1c
0i
#111891710024
1t
0s
0r
1y
1c
0i
#111891711035
0t
0s
0r
1y
1c
0i
#111891711447
1t
0s
0r
1y
1c
0i
#111891712127
0t
0s
0r
1y
1c
0i
#111891712550
1t
0s
0r
1y
1c
0i
#111891713228
0t
0s
0r
1y
1c
0i
#111891713652
1t
0s
0r
1y
1c
0i
#111891714329
0t
0s
0r
1y
1c
0i
#111891714754
1t
0s
0r
1y
1c
0i
#111891715431
0t
0s
0r
1y
1c
0i
#111891715855
1t
0s
0r
1y
1c
0i
#111891716535
0t
0s
0r
1y
1c
0i
#111891716957
1t
0s
0r
1y
1c
0i
#111891717633
0t
0s
0r
1y
1c
0i
#111891718057
1t
0s
0r
1y
1c
0i
#111891718734
0t
0s
0r
1y
1c
0i
#111891719158
1t
0s
0r
1y
1c
0i
#111891719838
0t
0s
0r
1y
1c
0i
#111891720263
1t
0s
0r
1y
1c
0i
#111891720939
0t
0s
0r
1y
1c
0i
#111891721366
1t
0s
0r
1y
0c
0i
#111891722045
0t
0s
0r
1y
0c
0i
#111891722471
1t
0s
0r
1y
0c
0i
#111891723155
0t
0s
0r
1y
0c
0i
#111891723580
1t
0s
0r
1y
0c
1i
#111891724262
0t
0s
0r
1y
0c
1i
#111891724689
1t
0s
0r
1y
0c
1i
#111891725372
0t
0s
0r
1y
0c
1i
#111891725800
1t
0s
0r
1y
0c
1i
#111891725887
1t
0s
1r
1y
0c
1i
#111891725890
1t
0s
0r
1y
0c
1i
#111891726487
0t
0s
0r
1y
0c
0i
#111891726914
1t
0s
0r
1y
0c
0i
#111891727597
0t
0s
0r
1y
0c
0i
#111891728025
1t
0s
0r
1y
0c
0i
#111891728710
0t
0s
0r
1y
0c
0i
#111891729135
1t
0s
0r
1y
0c
0i
#111891729823
0t
0s
0r
1y
0c
0i
#111891730248
1t
0s
0r
1y
0c
0i
#111891730930
0t
0s
0r
1y
0c
0i
#111891731358
1t
0s
0r
1y
0c
0i
#111891732041
0t
0s
0r
1y
0c
0i
#111891732468
1t
0s
0r
1y
0c
0i
#111891733154
0t
0s
0r
1y
0c
0i
#111891733579
1t
0s
0r
1y
0c
0i
#111891734263
0t
0s
0r
1y
0c
0i
#111891734688
1t
0s
0r
1y
0c
0i
#111891735373
0t
0s
0r
1y
0c
0i
#111891735798
1t
0s
0r
1y
0c
0i
#111891736487
0t
0s
0r
1y
0c
0i
#111891736910
1t
0s
0r
1y
0c
0i
#111891737594
0t
0s
0r
1y
0c
0i
#111891738019
1t
0s
0r
1y
0c
0i
#111891738705
0t
0s
0r
1y
0c
0i
#111891739130
1t
0s
0r
1y
0c
0i
#111891739819
0t
0s
0r
1y
0c
0i
#111891740243
1t
0s
0r
1y
0c
0i
#111891740928
0t
0s
0r
1y
0c
0i
#111891741354
1t
0s
0r
1y
0c
0i
#111891742039
0t
0s
0r
1y
0c
0i
#111891742466
1t
0s
0r
1y
0c
0i
#111891743153
0t
0s
0r
1y
0c
0i
#111891743579
1t
0s
0r
1y
0c
0i
#111891744262
0t
0s
0r
1y
0c
0i
#111891744690
1t
0s
0r
1y
0c
0i
#111891745375
0t
0s
0r
1y
0c
0i
#111891745802
1t
0s
0r
1y
0c
0i
#111891746490
0t
0s
0r
1y
0c
0i
#111891746915
1t
0s
0r
1y
0c
0i
#111891747598
0t
0s
0r
1y
0c
0i
#111891748027
1t
0s
0r
1y
0c
0i
#111891748712
0t
0s
0r
1y
0c
0i
#111891749139
1t
0s
0r
1y
0c
0i
#111891749826
0t
0s
0r
1y
0c
0i
#111891750253
1t
0s
0r
1y
0c
0i
#111891750936
0t
0s
0r
1y
0c
0i
#111891751365
1t
0s
0r
1y
0c
0i
#111891752050
0t
0s
0r
1y
0c
0i
#111891752478
1t
0s
0r
1y
0c
0i
#111891753165
0t
0s
0r
1y
0c
0i
#111891753595
1t
0s
0r
1y
0c
0i
#111891754278
0t
0s
0r
1y
0c
0i
#111891754709
1t
0s
0r
1y
1c
0i
#111891755396
0t
0s
0r
1y
1c
0i
#111891755826
1t
0s
0r
1y
1c
0i
#111891756518
0t
0s
0r
1y
1c
0i
#111891756947
1t
0s
0r
1y
1c
1i
#111891757637
0t
0s
0r
1y
1c
1i
#111891758068
1t
0s
0r
1y
1c
1i
#111891758760
0t
0s
0r
1y
1c
1i
#111891759191
1t
0s
0r
1y
1c
1i
#111891759886
0t
0s
0r
1y
1c
0i
#111891760317
1t
0s
0r
1y
1c
0i
#111891761006
0t
0s
0r
1y
1c
0i
#111891761438
1t
0s
0r
1y
1c
0i
#111891762130
0t
0s
0r
1y
1c
0i
#111891762560
1t
0s
0r
1y
1c
0i
#111891763254
0t
0s
0r
1y
1c
0i
#111891763683
1t
0s
0r
1y
1c
0i
#111891764371
0t
0s
0r
1y
1c
0i
#111891764803
1t
0s
0r
1y
1c
0i
#111891765490
0t
0s
0r
1y
1c
0i
#111891765922
1t
0s
0r
1y
1c
0i
#111891766611
0t
0s
0r
1y
1c
0i
#111891767041
1t
0s
0r
1y
1c
0i
#111891767725
0t
0s
0r
1y
1c
0i
#111891768155
1t
0s
0r
1y
1c
0i
#111891768840
0t
0s
0r
1y
1c
0i
#111891769270
1t
0s
0r
1y
1c
0i
#111891769956
0t
0s
0r
1y
1c
0i
#111891770386
1t
0s
0r
1y
1c
0i
#111891771067
0t
0s
0r
1y
1c
0i
#111891771498
1t
0s
0r
1y
1c
0i
#111891772181
0t
0s
0r
1y
1c
0i
#111891772611
1t
0s
0r
1y
1c
0i
#111891773297
0t
0s
0r
1y
1c
0i
#111891773726
1t
0s
0r
1y
1c
0i
#111891775500
0t
0s
0r
1y
1c
0i
#111891776741
1t
0s
0r
1y
1c
0i
#111891777763
0t
0s
0r
1y
1c
0i
#111891778180
1t
0s
0r
1y
1c
0i
#111891778868
0t
0s
0r
1y
1c
0i
#111891779296
1t
0s
0r
1y
1c
0i
#111891779981
0t
0s
0r
1y
1c
0i
#111891780409
1t
0s
0r
1y
1c
0i
#111891781095
0t
0s
0r
1y
1c
0i
#111891781524
1t
0s
0r
1y
1c
0i
#111891782209
0t
0s
0r
1y
1c
0i
#111891782637
1t
0s
0r
1y
1c
0i
#111891783325
0t
0s
0r
1y
1c
0i
#111891926336
1t
0s
0r
1y
0c
1i
#111891927028
0t
0s
0r
1y
0c
0i
