$date
	Mon Aug 18 17:37:09 BRT 2025
$end
$version
        1.0
$end
$timescale
        1ps
$end
$scope module test $end
$var wire 1 t PRI_TRG $end
$var wire 1 s SEC_TRG $end
$var wire 1 r TRG $end
$var wire 1 y SYNC $end
$var wire 1 c COIL $end
$var wire 1 i INJ $end
$upscope $end
$enddefinitions $end
$dumpvars
#132096342
1t
0s
0r
1y
0c
0i
#132096995
0t
0s
0r
1y
0c
0i
#132097403
1t
0s
0r
1y
0c
0i
#132098052
0t
0s
0r
1y
0c
0i
#132098462
1t
0s
0r
1y
0c
0i
#132099112
0t
0s
0r
1y
0c
0i
#132099522
1t
0s
0r
1y
0c
0i
#132100174
0t
0s
0r
1y
0c
0i
#132100585
1t
0s
0r
1y
0c
0i
#132101233
0t
0s
0r
1y
0c
0i
#132101645
1t
0s
0r
1y
0c
0i
#132102296
0t
0s
0r
1y
0c
0i
#132102707
1t
0s
0r
1y
0c
0i
#132103362
0t
0s
0r
1y
0c
0i
#132103772
1t
0s
0r
1y
0c
1i
#132104424
0t
0s
0r
1y
0c
1i
#132104836
1t
0s
0r
1y
0c
1i
#132105490
0t
0s
0r
1y
0c
1i
#132105903
1t
0s
0r
1y
0c
1i
#132106560
0t
0s
0r
1y
0c
0i
#132106971
1t
0s
0r
1y
0c
0i
#132107624
0t
0s
0r
1y
0c
0i
#132108037
1t
0s
0r
1y
0c
0i
#132108691
0t
0s
0r
1y
0c
0i
#132109102
1t
0s
0r
1y
0c
0i
#132109760
0t
0s
0r
1y
0c
0i
#132110169
1t
0s
0r
1y
0c
0i
#132110821
0t
0s
0r
1y
0c
0i
#132111234
1t
0s
0r
1y
0c
0i
#132111886
0t
0s
0r
1y
0c
0i
#132112297
1t
0s
0r
1y
0c
0i
#132112952
0t
0s
0r
1y
0c
0i
#132113362
1t
0s
0r
1y
0c
0i
#132114013
0t
0s
0r
1y
0c
0i
#132114423
1t
0s
0r
1y
0c
0i
#132115076
0t
0s
0r
1y
0c
0i
#132115485
1t
0s
0r
1y
0c
0i
#132116140
0t
0s
0r
1y
0c
0i
#132116547
1t
0s
0r
1y
0c
0i
#132117197
0t
0s
0r
1y
0c
0i
#132117606
1t
0s
0r
1y
0c
0i
#132118258
0t
0s
0r
1y
0c
0i
#132118666
1t
0s
0r
1y
0c
0i
#132119321
0t
0s
0r
1y
0c
0i
#132119728
1t
0s
0r
1y
0c
0i
#132120379
0t
0s
0r
1y
0c
0i
#132120788
1t
0s
0r
1y
0c
0i
#132121439
0t
0s
0r
1y
0c
0i
#132121849
1t
0s
0r
1y
0c
0i
#132122502
0t
0s
0r
1y
0c
0i
#132122911
1t
0s
0r
1y
0c
0i
#132123560
0t
0s
0r
1y
0c
0i
#132123971
1t
0s
0r
1y
0c
0i
#132124621
0t
0s
0r
1y
0c
0i
#132125031
1t
0s
0r
1y
0c
0i
#132125684
0t
0s
0r
1y
0c
0i
#132126093
1t
0s
0r
1y
0c
0i
#132126741
0t
0s
0r
1y
0c
0i
#132127152
1t
0s
0r
1y
0c
0i
#132127801
0t
0s
0r
1y
0c
0i
#132128212
1t
0s
0r
1y
0c
0i
#132128863
0t
0s
0r
1y
0c
0i
#132129273
1t
0s
0r
1y
0c
0i
#132129921
0t
0s
0r
1y
0c
0i
#132130331
1t
0s
0r
1y
0c
0i
#132130981
0t
0s
0r
1y
0c
0i
#132131391
1t
0s
0r
1y
0c
0i
#132132042
0t
0s
0r
1y
0c
0i
#132132454
1t
0s
0r
1y
0c
0i
#132133101
0t
0s
0r
1y
0c
0i
#132133514
1t
0s
0r
1y
0c
0i
#132134164
0t
0s
0r
1y
1c
0i
#132134576
1t
0s
0r
1y
1c
0i
#132135230
0t
0s
0r
1y
1c
0i
#132135641
1t
0s
0r
1y
1c
1i
#132136292
0t
0s
0r
1y
1c
1i
#132136706
1t
0s
0r
1y
1c
1i
#132137360
0t
0s
0r
1y
1c
1i
#132137773
1t
0s
0r
1y
1c
1i
#132138430
0t
0s
0r
1y
1c
0i
#132138842
1t
0s
0r
1y
1c
0i
#132139495
0t
0s
0r
1y
1c
0i
#132139908
1t
0s
0r
1y
1c
0i
#132140562
0t
0s
0r
1y
1c
0i
#132140975
1t
0s
0r
1y
1c
0i
#132141631
0t
0s
0r
1y
1c
0i
#132142043
1t
0s
0r
1y
1c
0i
#132142693
0t
0s
0r
1y
1c
0i
#132143108
1t
0s
0r
1y
1c
0i
#132143758
0t
0s
0r
1y
1c
0i
#132144172
1t
0s
0r
1y
1c
0i
#132144824
0t
0s
0r
1y
1c
0i
#132145236
1t
0s
0r
1y
1c
0i
#132145883
0t
0s
0r
1y
1c
0i
#132146295
1t
0s
0r
1y
1c
0i
#132146943
0t
0s
0r
1y
1c
0i
#132147354
1t
0s
0r
1y
1c
0i
#132148002
0t
0s
0r
1y
1c
0i
#132148413
1t
0s
0r
1y
1c
0i
#132149057
0t
0s
0r
1y
1c
0i
#132149469
1t
0s
0r
1y
1c
0i
#132150114
0t
0s
0r
1y
1c
0i
#132150526
1t
0s
0r
1y
1c
0i
#132151174
0t
0s
0r
1y
1c
0i
#132151584
1t
0s
0r
1y
1c
0i
#132153264
0t
0s
0r
1y
1c
0i
#132154444
1t
0s
0r
1y
1c
0i
#132155412
0t
0s
0r
1y
1c
0i
#132155810
1t
0s
0r
1y
1c
0i
#132156460
0t
0s
0r
1y
1c
0i
#132156869
1t
0s
0r
1y
1c
0i
#132157517
0t
0s
0r
1y
1c
0i
#132157926
1t
0s
0r
1y
1c
0i
#132158573
0t
0s
0r
1y
1c
0i
#132158983
1t
0s
0r
1y
1c
0i
#132159631
0t
0s
0r
1y
1c
0i
#132160040
1t
0s
0r
1y
1c
0i
#132160689
0t
0s
0r
1y
1c
0i
#132161097
1t
0s
0r
1y
1c
0i
#132161742
0t
0s
0r
1y
1c
0i
#132162151
1t
0s
0r
1y
1c
0i
#132162798
0t
0s
0r
1y
1c
0i
#132163206
1t
0s
0r
1y
1c
0i
#132163856
0t
0s
0r
1y
1c
0i
#132164264
1t
0s
0r
1y
1c
0i
#132164909
0t
0s
0r
1y
0c
0i
#132165320
1t
0s
0r
1y
0c
0i
#132165968
0t
0s
0r
1y
0c
0i
#132166377
1t
0s
0r
1y
0c
0i
#132167028
0t
0s
0r
1y
0c
0i
#132167437
1t
0s
0r
1y
0c
1i
#132168086
0t
0s
0r
1y
0c
1i
#132168497
1t
0s
0r
1y
0c
1i
#132169147
0t
0s
0r
1y
0c
1i
#132169559
1t
0s
0r
1y
0c
1i
#132169630
1t
0s
1r
1y
0c
1i
#132169632
1t
0s
0r
1y
0c
1i
#132170212
0t
0s
0r
1y
0c
0i
#132170622
1t
0s
0r
1y
0c
0i
#132171271
0t
0s
0r
1y
0c
0i
#132171683
1t
0s
0r
1y
0c
0i
#132172334
0t
0s
0r
1y
0c
0i
#132172743
1t
0s
0r
1y
0c
0i
#132173397
0t
0s
0r
1y
0c
0i
#132173805
1t
0s
0r
1y
0c
0i
#132174454
0t
0s
0r
1y
0c
0i
#132174865
1t
0s
0r
1y
0c
0i
#132175515
0t
0s
0r
1y
0c
0i
#132175924
1t
0s
0r
1y
0c
0i
#132176577
0t
0s
0r
1y
0c
0i
#132176984
1t
0s
0r
1y
0c
0i
#132177633
0t
0s
0r
1y
0c
0i
#132178041
1t
0s
0r
1y
0c
0i
#132178691
0t
0s
0r
1y
0c
0i
#132179098
1t
0s
0r
1y
0c
0i
#132179750
0t
0s
0r
1y
0c
0i
#132180155
1t
0s
0r
1y
0c
0i
#132180803
0t
0s
0r
1y
0c
0i
#132181210
1t
0s
0r
1y
0c
0i
#132181859
0t
0s
0r
1y
0c
0i
#132182266
1t
0s
0r
1y
0c
0i
#132182918
0t
0s
0r
1y
0c
0i
#132183323
1t
0s
0r
1y
0c
0i
#132183971
0t
0s
0r
1y
0c
0i
#132184379
1t
0s
0r
1y
0c
0i
#132185027
0t
0s
0r
1y
0c
0i
#132185436
1t
0s
0r
1y
0c
0i
#132186086
0t
0s
0r
1y
0c
0i
#132186494
1t
0s
0r
1y
0c
0i
#132187140
0t
0s
0r
1y
0c
0i
#132187549
1t
0s
0r
1y
0c
0i
#132188198
0t
0s
0r
1y
0c
0i
#132188606
1t
0s
0r
1y
0c
0i
#132189257
0t
0s
0r
1y
0c
0i
#132189664
1t
0s
0r
1y
0c
0i
#132190310
0t
0s
0r
1y
0c
0i
#132190720
1t
0s
0r
1y
0c
0i
#132191367
0t
0s
0r
1y
0c
0i
#132191776
1t
0s
0r
1y
0c
0i
#132192426
0t
0s
0r
1y
0c
0i
#132192834
1t
0s
0r
1y
0c
0i
#132193480
0t
0s
0r
1y
0c
0i
#132193890
1t
0s
0r
1y
0c
0i
#132194537
0t
0s
0r
1y
0c
0i
#132194946
1t
0s
0r
1y
0c
0i
#132195596
0t
0s
0r
1y
0c
0i
#132196006
1t
0s
0r
1y
0c
0i
#132196651
0t
0s
0r
1y
0c
0i
#132197063
1t
0s
0r
1y
0c
0i
#132197711
0t
0s
0r
1y
1c
0i
#132198122
1t
0s
0r
1y
1c
0i
#132198775
0t
0s
0r
1y
1c
0i
#132199184
1t
0s
0r
1y
1c
1i
#132199834
0t
0s
0r
1y
1c
1i
#132200246
1t
0s
0r
1y
1c
1i
#132200898
0t
0s
0r
1y
1c
1i
#132201309
1t
0s
0r
1y
1c
1i
#132201964
0t
0s
0r
1y
1c
0i
#132202375
1t
0s
0r
1y
1c
0i
#132203025
0t
0s
0r
1y
1c
0i
#132203437
1t
0s
0r
1y
1c
0i
#132204089
0t
0s
0r
1y
1c
0i
#132204500
1t
0s
0r
1y
1c
0i
#132205154
0t
0s
0r
1y
1c
0i
#132205564
1t
0s
0r
1y
1c
0i
#132206212
0t
0s
0r
1y
1c
0i
#132206625
1t
0s
0r
1y
1c
0i
#132207274
0t
0s
0r
1y
1c
0i
#132207686
1t
0s
0r
1y
1c
0i
#132208336
0t
0s
0r
1y
1c
0i
#132208746
1t
0s
0r
1y
1c
0i
#132209391
0t
0s
0r
1y
1c
0i
#132209803
1t
0s
0r
1y
1c
0i
#132210449
0t
0s
0r
1y
1c
0i
#132210859
1t
0s
0r
1y
1c
0i
#132211506
0t
0s
0r
1y
1c
0i
#132211916
1t
0s
0r
1y
1c
0i
#132212559
0t
0s
0r
1y
1c
0i
#132212970
1t
0s
0r
1y
1c
0i
#132213614
0t
0s
0r
1y
1c
0i
#132214025
1t
0s
0r
1y
1c
0i
#132214671
0t
0s
0r
1y
1c
0i
#132215080
1t
0s
0r
1y
1c
0i
#132216757
0t
0s
0r
1y
1c
0i
#132217936
1t
0s
0r
1y
1c
0i
#132218900
0t
0s
0r
1y
1c
0i
#132219297
1t
0s
0r
1y
1c
0i
#132219945
0t
0s
0r
1y
1c
0i
#132220353
1t
0s
0r
1y
1c
0i
#132220999
0t
0s
0r
1y
1c
0i
#132221407
1t
0s
0r
1y
1c
0i
#132222052
0t
0s
0r
1y
1c
0i
#132222462
1t
0s
0r
1y
1c
0i
#132223107
0t
0s
0r
1y
1c
0i
#132223515
1t
0s
0r
1y
1c
0i
#132224163
0t
0s
0r
1y
1c
0i
#132224569
1t
0s
0r
1y
1c
0i
#132225212
0t
0s
0r
1y
1c
0i
#132225621
1t
0s
0r
1y
1c
0i
#132226266
0t
0s
0r
1y
1c
0i
#132226673
1t
0s
0r
1y
1c
0i
#132227319
0t
0s
0r
1y
1c
0i
#132227728
1t
0s
0r
1y
1c
0i
#132228371
0t
0s
0r
1y
1c
0i
#132228781
1t
0s
0r
1y
1c
0i
#132229426
0t
0s
0r
1y
0c
0i
#132229835
1t
0s
0r
1y
0c
0i
#132230485
0t
0s
0r
1y
0c
0i
#132230892
1t
0s
0r
1y
0c
1i
#132231539
0t
0s
0r
1y
0c
1i
#132231949
1t
0s
0r
1y
0c
1i
#132232598
0t
0s
0r
1y
0c
1i
#132233008
1t
0s
0r
1y
0c
1i
#132233660
0t
0s
0r
1y
0c
0i
#132234069
1t
0s
0r
1y
0c
0i
#132234716
0t
0s
0r
1y
0c
0i
#132235127
1t
0s
0r
1y
0c
0i
#132235776
0t
0s
0r
1y
0c
0i
#132236185
1t
0s
0r
1y
0c
0i
#132236837
0t
0s
0r
1y
0c
0i
#132237244
1t
0s
0r
1y
0c
0i
#132237891
0t
0s
0r
1y
0c
0i
#132238301
1t
0s
0r
1y
0c
0i
#132238948
0t
0s
0r
1y
0c
0i
#132239357
1t
0s
0r
1y
0c
0i
#132240006
0t
0s
0r
1y
0c
0i
#132240413
1t
0s
0r
1y
0c
0i
#132241059
0t
0s
0r
1y
0c
0i
#132241465
1t
0s
0r
1y
0c
0i
#132242111
0t
0s
0r
1y
0c
0i
#132242516
1t
0s
0r
1y
0c
0i
#132243164
0t
0s
0r
1y
0c
0i
#132243568
1t
0s
0r
1y
0c
0i
#132244211
0t
0s
0r
1y
0c
0i
#132244616
1t
0s
0r
1y
0c
0i
#132245260
0t
0s
0r
1y
0c
0i
#132245665
1t
0s
0r
1y
0c
0i
#132246312
0t
0s
0r
1y
0c
0i
#132246716
1t
0s
0r
1y
0c
0i
#132247359
0t
0s
0r
1y
0c
0i
#132247765
1t
0s
0r
1y
0c
0i
#132248408
0t
0s
0r
1y
0c
0i
#132248816
1t
0s
0r
1y
0c
0i
#132249462
0t
0s
0r
1y
0c
0i
#132249867
1t
0s
0r
1y
0c
0i
#132250509
0t
0s
0r
1y
0c
0i
#132250916
1t
0s
0r
1y
0c
0i
#132251560
0t
0s
0r
1y
0c
0i
#132251966
1t
0s
0r
1y
0c
0i
#132252612
0t
0s
0r
1y
0c
0i
#132253017
1t
0s
0r
1y
0c
0i
#132253659
0t
0s
0r
1y
0c
0i
#132254067
1t
0s
0r
1y
0c
0i
#132254709
0t
0s
0r
1y
0c
0i
#132255116
1t
0s
0r
1y
0c
0i
#132255760
0t
0s
0r
1y
0c
0i
#132256166
1t
0s
0r
1y
0c
0i
#132256806
0t
0s
0r
1y
0c
0i
#132257214
1t
0s
0r
1y
0c
0i
#132257855
0t
0s
0r
1y
0c
0i
#132258263
1t
0s
0r
1y
0c
0i
#132258907
0t
0s
0r
1y
0c
0i
#132259314
1t
0s
0r
1y
0c
0i
#132259954
0t
0s
0r
1y
0c
0i
#132260363
1t
0s
0r
1y
0c
0i
#132261006
0t
0s
0r
1y
1c
0i
#132261415
1t
0s
0r
1y
1c
0i
#132262062
0t
0s
0r
1y
1c
0i
#132262469
1t
0s
0r
1y
1c
1i
#132263113
0t
0s
0r
1y
1c
1i
#132263522
1t
0s
0r
1y
1c
1i
#132264169
0t
0s
0r
1y
1c
1i
#132264578
1t
0s
0r
1y
1c
1i
#132265228
0t
0s
0r
1y
1c
0i
#132265636
1t
0s
0r
1y
1c
0i
#132266282
0t
0s
0r
1y
1c
0i
#132266691
1t
0s
0r
1y
1c
0i
#132267337
0t
0s
0r
1y
1c
0i
#132267746
1t
0s
0r
1y
1c
0i
#132268395
0t
0s
0r
1y
1c
0i
#132268803
1t
0s
0r
1y
1c
0i
#132269446
0t
0s
0r
1y
1c
0i
#132269857
1t
0s
0r
1y
1c
0i
#132270500
0t
0s
0r
1y
1c
0i
#132270910
1t
0s
0r
1y
1c
0i
#132271556
0t
0s
0r
1y
1c
0i
#132271964
1t
0s
0r
1y
1c
0i
#132272605
0t
0s
0r
1y
1c
0i
#132273014
1t
0s
0r
1y
1c
0i
#132273656
0t
0s
0r
1y
1c
0i
#132274064
1t
0s
0r
1y
1c
0i
#132274708
0t
0s
0r
1y
1c
0i
#132275116
1t
0s
0r
1y
1c
0i
#132275755
0t
0s
0r
1y
1c
0i
#132276164
1t
0s
0r
1y
1c
0i
#132276803
0t
0s
0r
1y
1c
0i
#132277211
1t
0s
0r
1y
1c
0i
#132277854
0t
0s
0r
1y
1c
0i
#132278261
1t
0s
0r
1y
1c
0i
#132279926
0t
0s
0r
1y
1c
0i
#132281098
1t
0s
0r
1y
1c
0i
#132282055
0t
0s
0r
1y
1c
0i
#132282450
1t
0s
0r
1y
1c
0i
#132283093
0t
0s
0r
1y
1c
0i
#132283498
1t
0s
0r
1y
1c
0i
#132284140
0t
0s
0r
1y
1c
0i
#132284545
1t
0s
0r
1y
1c
0i
#132285186
0t
0s
0r
1y
1c
0i
#132285593
1t
0s
0r
1y
1c
0i
#132286233
0t
0s
0r
1y
1c
0i
#132286639
1t
0s
0r
1y
1c
0i
#132287282
0t
0s
0r
1y
1c
0i
#132287686
1t
0s
0r
1y
1c
0i
#132288326
0t
0s
0r
1y
1c
0i
#132288731
1t
0s
0r
1y
1c
0i
#132289372
0t
0s
0r
1y
1c
0i
#132289777
1t
0s
0r
1y
1c
0i
#132290420
0t
0s
0r
1y
1c
0i
#132290826
1t
0s
0r
1y
1c
0i
#132291465
0t
0s
0r
1y
1c
0i
#132291872
1t
0s
0r
1y
1c
0i
#132292513
0t
0s
0r
1y
0c
0i
#132292920
1t
0s
0r
1y
0c
0i
#132293566
0t
0s
0r
1y
0c
0i
#132293971
1t
0s
0r
1y
0c
1i
#132294614
0t
0s
0r
1y
0c
1i
#132295021
1t
0s
0r
1y
0c
1i
#132295665
0t
0s
0r
1y
0c
1i
#132296074
1t
0s
0r
1y
0c
1i
#132296233
1t
0s
1r
1y
0c
1i
#132296235
1t
0s
0r
1y
0c
1i
#132296722
0t
0s
0r
1y
0c
0i
#132297128
1t
0s
0r
1y
0c
0i
#132297772
0t
0s
0r
1y
0c
0i
#132298180
1t
0s
0r
1y
0c
0i
#132298826
0t
0s
0r
1y
0c
0i
#132299232
1t
0s
0r
1y
0c
0i
#132299880
0t
0s
0r
1y
0c
0i
#132300285
1t
0s
0r
1y
0c
0i
#132300928
0t
0s
0r
1y
0c
0i
#132301336
1t
0s
0r
1y
0c
0i
#132301979
0t
0s
0r
1y
0c
0i
#132302386
1t
0s
0r
1y
0c
0i
#132303032
0t
0s
0r
1y
0c
0i
#132303436
1t
0s
0r
1y
0c
0i
#132304079
0t
0s
0r
1y
0c
0i
#132304484
1t
0s
0r
1y
0c
0i
#132305127
0t
0s
0r
1y
0c
0i
#132305532
1t
0s
0r
1y
0c
0i
#132306178
0t
0s
0r
1y
0c
0i
#132306580
1t
0s
0r
1y
0c
0i
#132307221
0t
0s
0r
1y
0c
0i
#132307625
1t
0s
0r
1y
0c
0i
#132308268
0t
0s
0r
1y
0c
0i
#132308672
1t
0s
0r
1y
0c
0i
#132309318
0t
0s
0r
1y
0c
0i
#132309720
1t
0s
0r
1y
0c
0i
#132310362
0t
0s
0r
1y
0c
0i
#132310766
1t
0s
0r
1y
0c
0i
#132311407
0t
0s
0r
1y
0c
0i
#132311814
1t
0s
0r
1y
0c
0i
#132312458
0t
0s
0r
1y
0c
0i
#132312862
1t
0s
0r
1y
0c
0i
#132313502
0t
0s
0r
1y
0c
0i
#132313908
1t
0s
0r
1y
0c
0i
#132314550
0t
0s
0r
1y
0c
0i
#132314955
1t
0s
0r
1y
0c
0i
#132315599
0t
0s
0r
1y
0c
0i
#132316004
1t
0s
0r
1y
0c
0i
#132316643
0t
0s
0r
1y
0c
0i
#132317050
1t
0s
0r
1y
0c
0i
#132317691
0t
0s
0r
1y
0c
0i
#132318097
1t
0s
0r
1y
0c
0i
#132318741
0t
0s
0r
1y
0c
0i
#132319145
1t
0s
0r
1y
0c
0i
#132319785
0t
0s
0r
1y
0c
0i
#132320191
1t
0s
0r
1y
0c
0i
#132320832
0t
0s
0r
1y
0c
0i
#132321238
1t
0s
0r
1y
0c
0i
#132321882
0t
0s
0r
1y
0c
0i
#132322289
1t
0s
0r
1y
0c
0i
#132322927
0t
0s
0r
1y
0c
0i
#132323336
1t
0s
0r
1y
0c
0i
#132323978
0t
0s
0r
1y
1c
0i
#132324386
1t
0s
0r
1y
1c
0i
#132325032
0t
0s
0r
1y
1c
0i
#132325439
1t
0s
0r
1y
1c
1i
#132326082
0t
0s
0r
1y
1c
1i
#132326492
1t
0s
0r
1y
1c
1i
#132327137
0t
0s
0r
1y
1c
1i
#132327546
1t
0s
0r
1y
1c
1i
#132328196
0t
0s
0r
1y
1c
0i
#132328603
1t
0s
0r
1y
1c
0i
#132329247
0t
0s
0r
1y
1c
0i
#132329656
1t
0s
0r
1y
1c
0i
#132330302
0t
0s
0r
1y
1c
0i
#132330710
1t
0s
0r
1y
1c
0i
#132331359
0t
0s
0r
1y
1c
0i
#132331766
1t
0s
0r
1y
1c
0i
#132332408
0t
0s
0r
1y
1c
0i
#132332819
1t
0s
0r
1y
1c
0i
#132333462
0t
0s
0r
1y
1c
0i
#132333871
1t
0s
0r
1y
1c
0i
#132334516
0t
0s
0r
1y
1c
0i
#132334923
1t
0s
0r
1y
1c
0i
#132335564
0t
0s
0r
1y
1c
0i
#132335973
1t
0s
0r
1y
1c
0i
#132336614
0t
0s
0r
1y
1c
0i
#132337022
1t
0s
0r
1y
1c
0i
#132337664
0t
0s
0r
1y
1c
0i
#132338072
1t
0s
0r
1y
1c
0i
#132338710
0t
0s
0r
1y
1c
0i
#132339119
1t
0s
0r
1y
1c
0i
#132339757
0t
0s
0r
1y
1c
0i
#132340166
1t
0s
0r
1y
1c
0i
#132340807
0t
0s
0r
1y
1c
0i
#132341214
1t
0s
0r
1y
1c
0i
#132342878
0t
0s
0r
1y
1c
0i
#132344049
1t
0s
0r
1y
1c
0i
#132345006
0t
0s
0r
1y
1c
0i
#132345400
1t
0s
0r
1y
1c
0i
#132346043
0t
0s
0r
1y
1c
0i
#132346449
1t
0s
0r
1y
1c
0i
#132347090
0t
0s
0r
1y
1c
0i
#132347495
1t
0s
0r
1y
1c
0i
#132348136
0t
0s
0r
1y
1c
0i
#132348543
1t
0s
0r
1y
1c
0i
#132349183
0t
0s
0r
1y
1c
0i
#132349589
1t
0s
0r
1y
1c
0i
#132350232
0t
0s
0r
1y
1c
0i
#132350636
1t
0s
0r
1y
1c
0i
#132351275
0t
0s
0r
1y
1c
0i
#132351681
1t
0s
0r
1y
1c
0i
#132352321
0t
0s
0r
1y
1c
0i
#132352726
1t
0s
0r
1y
1c
0i
#132353369
0t
0s
0r
1y
1c
0i
#132353774
1t
0s
0r
1y
1c
0i
#132354413
0t
0s
0r
1y
0c
0i
#132354820
1t
0s
0r
1y
0c
0i
#132355461
0t
0s
0r
1y
0c
0i
#132355867
1t
0s
0r
1y
0c
0i
#132356512
0t
0s
0r
1y
0c
0i
#132356918
1t
0s
0r
1y
0c
1i
#132357560
0t
0s
0r
1y
0c
1i
#132357967
1t
0s
0r
1y
0c
1i
#132358611
0t
0s
0r
1y
0c
1i
#132359018
1t
0s
0r
1y
0c
1i
#132359666
0t
0s
0r
1y
0c
0i
#132360072
1t
0s
0r
1y
0c
0i
#132360715
0t
0s
0r
1y
0c
0i
#132361122
1t
0s
0r
1y
0c
0i
#132361766
0t
0s
0r
1y
0c
0i
#132362172
1t
0s
0r
1y
0c
0i
#132362818
0t
0s
0r
1y
0c
0i
#132363222
1t
0s
0r
1y
0c
0i
#132363862
0t
0s
0r
1y
0c
0i
#132364269
1t
0s
0r
1y
0c
0i
#132364908
0t
0s
0r
1y
0c
0i
#132365312
1t
0s
0r
1y
0c
0i
#132365952
0t
0s
0r
1y
0c
0i
#132366354
1t
0s
0r
1y
0c
0i
#132366989
0t
0s
0r
1y
0c
0i
#132367391
1t
0s
0r
1y
0c
0i
#132368027
0t
0s
0r
1y
0c
0i
#132368427
1t
0s
0r
1y
0c
0i
#132369065
0t
0s
0r
1y
0c
0i
#132369464
1t
0s
0r
1y
0c
0i
#132370097
0t
0s
0r
1y
0c
0i
#132370498
1t
0s
0r
1y
0c
0i
#132371133
0t
0s
0r
1y
0c
0i
#132371533
1t
0s
0r
1y
0c
0i
#132372172
0t
0s
0r
1y
0c
0i
#132372571
1t
0s
0r
1y
0c
0i
#132373205
0t
0s
0r
1y
0c
0i
#132373607
1t
0s
0r
1y
0c
0i
#132374243
0t
0s
0r
1y
0c
0i
#132374645
1t
0s
0r
1y
0c
0i
#132375283
0t
0s
0r
1y
0c
0i
#132375685
1t
0s
0r
1y
0c
0i
#132376319
0t
0s
0r
1y
0c
0i
#132376722
1t
0s
0r
1y
0c
0i
#132377358
0t
0s
0r
1y
0c
0i
#132377760
1t
0s
0r
1y
0c
0i
#132378399
0t
0s
0r
1y
0c
0i
#132378800
1t
0s
0r
1y
0c
0i
#132379433
0t
0s
0r
1y
0c
0i
#132379837
1t
0s
0r
1y
0c
0i
#132380472
0t
0s
0r
1y
0c
0i
#132380875
1t
0s
0r
1y
0c
0i
#132381512
0t
0s
0r
1y
0c
0i
#132381913
1t
0s
0r
1y
0c
0i
#132382547
0t
0s
0r
1y
0c
0i
#132382950
1t
0s
0r
1y
0c
0i
#132383584
0t
0s
0r
1y
0c
0i
#132383987
1t
0s
0r
1y
0c
0i
#132384624
0t
0s
0r
1y
0c
0i
#132385027
1t
0s
0r
1y
0c
0i
#132385659
0t
0s
0r
1y
0c
0i
#132386064
1t
0s
0r
1y
0c
0i
#132386699
0t
0s
0r
1y
1c
0i
#132387104
1t
0s
0r
1y
1c
0i
#132387743
0t
0s
0r
1y
1c
0i
#132388146
1t
0s
0r
1y
1c
1i
#132388782
0t
0s
0r
1y
1c
1i
#132389188
1t
0s
0r
1y
1c
1i
#132389826
0t
0s
0r
1y
1c
1i
#132390231
1t
0s
0r
1y
1c
1i
#132390873
0t
0s
0r
1y
1c
0i
#132391277
1t
0s
0r
1y
1c
0i
#132391915
0t
0s
0r
1y
1c
0i
#132392320
1t
0s
0r
1y
1c
0i
#132392959
0t
0s
0r
1y
1c
0i
#132393364
1t
0s
0r
1y
1c
0i
#132394005
0t
0s
0r
1y
1c
0i
#132394409
1t
0s
0r
1y
1c
0i
#132395046
0t
0s
0r
1y
1c
0i
#132395453
1t
0s
0r
1y
1c
0i
#132396090
0t
0s
0r
1y
1c
0i
#132396496
1t
0s
0r
1y
1c
0i
#132397136
0t
0s
0r
1y
1c
0i
#132397541
1t
0s
0r
1y
1c
0i
#132398177
0t
0s
0r
1y
1c
0i
#132398584
1t
0s
0r
1y
1c
0i
#132399221
0t
0s
0r
1y
1c
0i
#132399628
1t
0s
0r
1y
1c
0i
#132400267
0t
0s
0r
1y
1c
0i
#132400674
1t
0s
0r
1y
1c
0i
#132401310
0t
0s
0r
1y
1c
0i
#132401718
1t
0s
0r
1y
1c
0i
#132402355
0t
0s
0r
1y
1c
0i
#132402763
1t
0s
0r
1y
1c
0i
#132403403
0t
0s
0r
1y
1c
0i
#132403809
1t
0s
0r
1y
1c
0i
#132405468
0t
0s
0r
1y
1c
0i
#132406636
1t
0s
0r
1y
1c
0i
#132407590
0t
0s
0r
1y
1c
0i
#132407983
1t
0s
0r
1y
1c
0i
#132408625
0t
0s
0r
1y
1c
0i
#132409028
1t
0s
0r
1y
1c
0i
#132409667
0t
0s
0r
1y
1c
0i
#132410071
1t
0s
0r
1y
1c
0i
#132410709
0t
0s
0r
1y
1c
0i
#132411115
1t
0s
0r
1y
1c
0i
#132411753
0t
0s
0r
1y
1c
0i
#132412157
1t
0s
0r
1y
1c
0i
#132412798
0t
0s
0r
1y
1c
0i
#132413200
1t
0s
0r
1y
1c
0i
#132413837
0t
0s
0r
1y
1c
0i
#132414241
1t
0s
0r
1y
1c
0i
#132414879
0t
0s
0r
1y
1c
0i
#132415283
1t
0s
0r
1y
1c
0i
#132415923
0t
0s
0r
1y
1c
0i
#132416327
1t
0s
0r
1y
1c
0i
#132416963
0t
0s
0r
1y
1c
0i
#132417369
1t
0s
0r
1y
1c
0i
#132418008
0t
0s
0r
1y
0c
0i
#132418412
1t
0s
0r
1y
0c
0i
#132419055
0t
0s
0r
1y
0c
0i
#132419459
1t
0s
0r
1y
0c
1i
#132420098
0t
0s
0r
1y
0c
1i
#132420504
1t
0s
0r
1y
0c
1i
#132421145
0t
0s
0r
1y
0c
1i
#132421551
1t
0s
0r
1y
0c
1i
#132421640
1t
0s
1r
1y
0c
1i
#132421643
1t
0s
0r
1y
0c
1i
#132422196
0t
0s
0r
1y
0c
0i
#132422600
1t
0s
0r
1y
0c
0i
#132423241
0t
0s
0r
1y
0c
0i
#132423646
1t
0s
0r
1y
0c
0i
#132424288
0t
0s
0r
1y
0c
0i
#132424693
1t
0s
0r
1y
0c
0i
#132425336
0t
0s
0r
1y
0c
0i
#132425740
1t
0s
0r
1y
0c
0i
#132426379
0t
0s
0r
1y
0c
0i
#132426785
1t
0s
0r
1y
0c
0i
#132427424
0t
0s
0r
1y
0c
0i
#132427829
1t
0s
0r
1y
0c
0i
#132428471
0t
0s
0r
1y
0c
0i
#132428874
1t
0s
0r
1y
0c
0i
#132429513
0t
0s
0r
1y
0c
0i
#132429916
1t
0s
0r
1y
0c
0i
#132430556
0t
0s
0r
1y
0c
0i
#132430958
1t
0s
0r
1y
0c
0i
#132431600
0t
0s
0r
1y
0c
0i
#132432001
1t
0s
0r
1y
0c
0i
#132432639
0t
0s
0r
1y
0c
0i
#132433041
1t
0s
0r
1y
0c
0i
#132433680
0t
0s
0r
1y
0c
0i
#132434082
1t
0s
0r
1y
0c
0i
#132434725
0t
0s
0r
1y
0c
0i
#132435126
1t
0s
0r
1y
0c
0i
#132435764
0t
0s
0r
1y
0c
0i
#132436167
1t
0s
0r
1y
0c
0i
#132436806
0t
0s
0r
1y
0c
0i
#132437210
1t
0s
0r
1y
0c
0i
#132437852
0t
0s
0r
1y
0c
0i
#132438254
1t
0s
0r
1y
0c
0i
#132438891
0t
0s
0r
1y
0c
0i
#132439296
1t
0s
0r
1y
0c
0i
#132439935
0t
0s
0r
1y
0c
0i
#132440338
1t
0s
0r
1y
0c
0i
#132440980
0t
0s
0r
1y
0c
0i
#132441382
1t
0s
0r
1y
0c
0i
#132442019
0t
0s
0r
1y
0c
0i
#132442424
1t
0s
0r
1y
0c
0i
#132443062
0t
0s
0r
1y
0c
0i
#132443466
1t
0s
0r
1y
0c
0i
#132444106
0t
0s
0r
1y
0c
0i
#132444509
1t
0s
0r
1y
0c
0i
#132445145
0t
0s
0r
1y
0c
0i
#132445550
1t
0s
0r
1y
0c
0i
#132446187
0t
0s
0r
1y
0c
0i
#132446591
1t
0s
0r
1y
0c
0i
#132447231
0t
0s
0r
1y
0c
0i
#132447636
1t
0s
0r
1y
0c
0i
#132448271
0t
0s
0r
1y
0c
0i
#132448678
1t
0s
0r
1y
0c
0i
#132449316
0t
0s
0r
1y
1c
0i
#132449721
1t
0s
0r
1y
1c
0i
#132450364
0t
0s
0r
1y
1c
0i
#132450768
1t
0s
0r
1y
1c
1i
#132451408
0t
0s
0r
1y
1c
1i
#132451815
1t
0s
0r
1y
1c
1i
#132452456
0t
0s
0r
1y
1c
1i
#132452863
1t
0s
0r
1y
1c
1i
#132453508
0t
0s
0r
1y
1c
0i
#132453914
1t
0s
0r
1y
1c
0i
#132454554
0t
0s
0r
1y
1c
0i
#132454961
1t
0s
0r
1y
1c
0i
#132455604
0t
0s
0r
1y
1c
0i
#132456010
1t
0s
0r
1y
1c
0i
#132456655
0t
0s
0r
1y
1c
0i
#132457060
1t
0s
0r
1y
1c
0i
#132457699
0t
0s
0r
1y
1c
0i
#132458108
1t
0s
0r
1y
1c
0i
#132458748
0t
0s
0r
1y
1c
0i
#132459156
1t
0s
0r
1y
1c
0i
#132459799
0t
0s
0r
1y
1c
0i
#132460205
1t
0s
0r
1y
1c
0i
#132460844
0t
0s
0r
1y
1c
0i
#132461251
1t
0s
0r
1y
1c
0i
#132461891
0t
0s
0r
1y
1c
0i
#132462298
1t
0s
0r
1y
1c
0i
#132462939
0t
0s
0r
1y
1c
0i
#132463347
1t
0s
0r
1y
1c
0i
#132463983
0t
0s
0r
1y
1c
0i
#132464392
1t
0s
0r
1y
1c
0i
#132465030
0t
0s
0r
1y
1c
0i
#132465437
1t
0s
0r
1y
1c
0i
#132466078
0t
0s
0r
1y
1c
0i
#132466484
1t
0s
0r
1y
1c
0i
#132468144
0t
0s
0r
1y
1c
0i
#132469313
1t
0s
0r
1y
1c
0i
#132470266
0t
0s
0r
1y
1c
0i
#132470659
1t
0s
0r
1y
1c
0i
#132471301
0t
0s
0r
1y
1c
0i
#132471705
1t
0s
0r
1y
1c
0i
#132472344
0t
0s
0r
1y
1c
0i
#132472749
1t
0s
0r
1y
1c
0i
#132473387
0t
0s
0r
1y
1c
0i
#132473793
1t
0s
0r
1y
1c
0i
#132474432
0t
0s
0r
1y
1c
0i
#132474836
1t
0s
0r
1y
1c
0i
#132475477
0t
0s
0r
1y
1c
0i
#132475880
1t
0s
0r
1y
1c
0i
#132476517
0t
0s
0r
1y
1c
0i
#132476921
1t
0s
0r
1y
1c
0i
#132477560
0t
0s
0r
1y
1c
0i
#132477964
1t
0s
0r
1y
1c
0i
#132478604
0t
0s
0r
1y
1c
0i
#132479009
1t
0s
0r
1y
1c
0i
#132479645
0t
0s
0r
1y
1c
0i
#132480051
1t
0s
0r
1y
1c
0i
#132480690
0t
0s
0r
1y
0c
0i
#132481096
1t
0s
0r
1y
0c
0i
#132481739
0t
0s
0r
1y
0c
0i
#132482143
1t
0s
0r
1y
0c
1i
#132482784
0t
0s
0r
1y
0c
1i
#132483189
1t
0s
0r
1y
0c
1i
#132483831
0t
0s
0r
1y
0c
1i
#132484238
1t
0s
0r
1y
0c
1i
#132484883
0t
0s
0r
1y
0c
0i
#132485288
1t
0s
0r
1y
0c
0i
#132485929
0t
0s
0r
1y
0c
0i
#132486335
1t
0s
0r
1y
0c
0i
#132486978
0t
0s
0r
1y
0c
0i
#132487383
1t
0s
0r
1y
0c
0i
#132488028
0t
0s
0r
1y
0c
0i
#132488431
1t
0s
0r
1y
0c
0i
#132489072
0t
0s
0r
1y
0c
0i
#132489479
1t
0s
0r
1y
0c
0i
#132490120
0t
0s
0r
1y
0c
0i
#132490526
1t
0s
0r
1y
0c
0i
#132491171
0t
0s
0r
1y
0c
0i
#132491575
1t
0s
0r
1y
0c
0i
#132492217
0t
0s
0r
1y
0c
0i
#132492623
1t
0s
0r
1y
0c
0i
#132493267
0t
0s
0r
1y
0c
0i
#132493672
1t
0s
0r
1y
0c
0i
#132494320
0t
0s
0r
1y
0c
0i
#132494723
1t
0s
0r
1y
0c
0i
#132495367
0t
0s
0r
1y
0c
0i
#132495772
1t
0s
0r
1y
0c
0i
#132496418
0t
0s
0r
1y
0c
0i
#132496823
1t
0s
0r
1y
0c
0i
#132497472
0t
0s
0r
1y
0c
0i
#132497875
1t
0s
0r
1y
0c
0i
#132498520
0t
0s
0r
1y
0c
0i
#132498926
1t
0s
0r
1y
0c
0i
#132499571
0t
0s
0r
1y
0c
0i
#132499979
1t
0s
0r
1y
0c
0i
#132500626
0t
0s
0r
1y
0c
0i
#132501031
1t
0s
0r
1y
0c
0i
#132501673
0t
0s
0r
1y
0c
0i
#132502081
1t
0s
0r
1y
0c
0i
#132502725
0t
0s
0r
1y
0c
0i
#132503131
1t
0s
0r
1y
0c
0i
#132503778
0t
0s
0r
1y
0c
0i
#132504182
1t
0s
0r
1y
0c
0i
#132504824
0t
0s
0r
1y
0c
0i
#132505232
1t
0s
0r
1y
0c
0i
#132505873
0t
0s
0r
1y
0c
0i
#132506280
1t
0s
0r
1y
0c
0i
#132506926
0t
0s
0r
1y
0c
0i
#132507331
1t
0s
0r
1y
0c
0i
#132507972
0t
0s
0r
1y
0c
0i
#132508379
1t
0s
0r
1y
0c
0i
#132509022
0t
0s
0r
1y
0c
0i
#132509428
1t
0s
0r
1y
0c
0i
#132510072
0t
0s
0r
1y
0c
0i
#132510480
1t
0s
0r
1y
0c
0i
#132511120
0t
0s
0r
1y
0c
0i
#132511530
1t
0s
0r
1y
0c
0i
#132512174
0t
0s
0r
1y
1c
0i
#132512582
1t
0s
0r
1y
1c
0i
#132513230
0t
0s
0r
1y
1c
0i
#132513637
1t
0s
0r
1y
1c
1i
#132514282
0t
0s
0r
1y
1c
1i
#132514691
1t
0s
0r
1y
1c
1i
#132515339
0t
0s
0r
1y
1c
1i
#132515748
1t
0s
0r
1y
1c
1i
#132516398
0t
0s
0r
1y
1c
0i
#132516806
1t
0s
0r
1y
1c
0i
#132517452
0t
0s
0r
1y
1c
0i
#132517862
1t
0s
0r
1y
1c
0i
#132518509
0t
0s
0r
1y
1c
0i
#132518918
1t
0s
0r
1y
1c
0i
#132519567
0t
0s
0r
1y
1c
0i
#132519975
1t
0s
0r
1y
1c
0i
#132520619
0t
0s
0r
1y
1c
0i
#132521031
1t
0s
0r
1y
1c
0i
#132521675
0t
0s
0r
1y
1c
0i
#132522085
1t
0s
0r
1y
1c
0i
#132522733
0t
0s
0r
1y
1c
0i
#132523141
1t
0s
0r
1y
1c
0i
#132523784
0t
0s
0r
1y
1c
0i
#132524194
1t
0s
0r
1y
1c
0i
#132524837
0t
0s
0r
1y
1c
0i
#132525247
1t
0s
0r
1y
1c
0i
#132525892
0t
0s
0r
1y
1c
0i
#132526301
1t
0s
0r
1y
1c
0i
#132526941
0t
0s
0r
1y
1c
0i
#132527352
1t
0s
0r
1y
1c
0i
#132527993
0t
0s
0r
1y
1c
0i
#132528402
1t
0s
0r
1y
1c
0i
#132529047
0t
0s
0r
1y
1c
0i
#132529454
1t
0s
0r
1y
1c
0i
#132531123
0t
0s
0r
1y
1c
0i
#132532297
1t
0s
0r
1y
1c
0i
#132533257
0t
0s
0r
1y
1c
0i
#132533652
1t
0s
0r
1y
1c
0i
#132534298
0t
0s
0r
1y
1c
0i
#132534703
1t
0s
0r
1y
1c
0i
#132535347
0t
0s
0r
1y
1c
0i
#132535753
1t
0s
0r
1y
1c
0i
#132536396
0t
0s
0r
1y
1c
0i
#132536804
1t
0s
0r
1y
1c
0i
#132537446
0t
0s
0r
1y
1c
0i
#132537853
1t
0s
0r
1y
1c
0i
#132538498
0t
0s
0r
1y
1c
0i
#132538903
1t
0s
0r
1y
1c
0i
#132539545
0t
0s
0r
1y
1c
0i
#132539952
1t
0s
0r
1y
1c
0i
#132540595
0t
0s
0r
1y
1c
0i
#132541000
1t
0s
0r
1y
1c
0i
#132541645
0t
0s
0r
1y
1c
0i
#132542052
1t
0s
0r
1y
1c
0i
#132542693
0t
0s
0r
1y
1c
0i
#132543102
1t
0s
0r
1y
1c
0i
#132543745
0t
0s
0r
1y
0c
0i
#132544153
1t
0s
0r
1y
0c
0i
#132544800
0t
0s
0r
1y
0c
0i
#132545207
1t
0s
0r
1y
0c
1i
#132545852
0t
0s
0r
1y
0c
1i
#132546260
1t
0s
0r
1y
0c
1i
#132546906
0t
0s
0r
1y
0c
1i
#132547317
0t
0s
1r
1y
0c
1i
#132547320
0t
0s
0r
1y
0c
1i
#4427514611
1t
0s
0r
1y
0c
1i
#4427515260
0t
0s
0r
1y
0c
0i
#4427515668
1t
0s
0r
1y
0c
0i
#4427516314
0t
0s
0r
1y
0c
0i
#4427516722
1t
0s
0r
1y
0c
0i
#4427517369
0t
0s
0r
1y
0c
0i
#4427517777
1t
0s
0r
1y
0c
0i
#4427518427
0t
0s
0r
1y
0c
0i
#4427518833
1t
0s
0r
1y
0c
0i
#4427519478
0t
0s
0r
1y
0c
0i
#4427519887
1t
0s
0r
1y
0c
0i
#4427520533
0t
0s
0r
1y
0c
0i
#4427520941
1t
0s
0r
1y
0c
0i
#4427521590
0t
0s
0r
1y
0c
0i
#4427521996
1t
0s
0r
1y
0c
0i
#4427522642
0t
0s
0r
1y
0c
0i
#4427523050
1t
0s
0r
1y
0c
0i
#4427523698
0t
0s
0r
1y
0c
0i
#4427524104
1t
0s
0r
1y
0c
0i
#4427524755
0t
0s
0r
1y
0c
0i
#4427525160
1t
0s
0r
1y
0c
0i
#4427525807
0t
0s
0r
1y
0c
0i
#4427526214
1t
0s
0r
1y
0c
0i
#4427526862
0t
0s
0r
1y
0c
0i
#4427527269
1t
0s
0r
1y
0c
0i
#4427527920
0t
0s
0r
1y
0c
0i
#4427528325
1t
0s
0r
1y
0c
0i
#4427528972
0t
0s
0r
1y
0c
0i
#4427529380
1t
0s
0r
1y
0c
0i
#4427530027
0t
0s
0r
1y
0c
0i
#4427530435
1t
0s
0r
1y
0c
0i
#4427531085
0t
0s
0r
1y
0c
0i
#4427531492
1t
0s
0r
1y
0c
0i
#4427532137
0t
0s
0r
1y
0c
0i
#4427532546
1t
0s
0r
1y
0c
0i
#4427533193
0t
0s
0r
1y
0c
0i
#4427533600
1t
0s
0r
1y
0c
0i
#4427534250
0t
0s
0r
1y
0c
0i
#4427534656
1t
0s
0r
1y
0c
0i
#4427535301
0t
0s
0r
1y
0c
0i
#4427535711
1t
0s
0r
1y
0c
0i
#4427536356
0t
0s
0r
1y
0c
0i
#4427536765
1t
0s
0r
1y
0c
0i
#4427537413
0t
0s
0r
1y
0c
0i
#4427537820
1t
0s
0r
1y
0c
0i
#4427538465
0t
0s
0r
1y
0c
0i
#4427538874
1t
0s
0r
1y
0c
0i
#4427539520
0t
0s
0r
1y
0c
0i
#4427539929
1t
0s
0r
1y
0c
0i
#4427540577
0t
0s
0r
1y
0c
0i
#4427540986
1t
0s
0r
1y
0c
0i
#4427541630
0t
0s
0r
1y
0c
0i
#4427542041
1t
0s
0r
1y
0c
0i
#4427542689
0t
0s
0r
1y
1c
0i
#4427543099
1t
0s
0r
1y
1c
0i
#4427543750
0t
0s
0r
1y
1c
0i
#4427544159
1t
0s
0r
1y
1c
1i
#4427544808
0t
0s
0r
1y
1c
1i
#4427545219
1t
0s
0r
1y
1c
1i
#4427545870
0t
0s
0r
1y
1c
1i
#4427546281
1t
0s
0r
1y
1c
1i
#4427546936
0t
0s
0r
1y
1c
0i
#4427547345
1t
0s
0r
1y
1c
0i
#4427547995
0t
0s
0r
1y
1c
0i
#4427548406
1t
0s
0r
1y
1c
0i
#4427549057
0t
0s
0r
1y
1c
0i
#4427549468
1t
0s
0r
1y
1c
0i
#4427550121
0t
0s
0r
1y
1c
0i
#4427550531
1t
0s
0r
1y
1c
0i
#4427551178
0t
0s
0r
1y
1c
0i
#4427551591
1t
0s
0r
1y
1c
0i
#4427552240
0t
0s
0r
1y
1c
0i
#4427552652
1t
0s
0r
1y
1c
0i
#4427553304
0t
0s
0r
1y
1c
0i
#4427553714
1t
0s
0r
1y
1c
0i
#4427554362
0t
0s
0r
1y
1c
0i
#4427554774
1t
0s
0r
1y
1c
0i
#4427555424
0t
0s
0r
1y
1c
0i
#4427555835
1t
0s
0r
1y
1c
0i
#4427556486
0t
0s
0r
1y
1c
0i
#4427556899
1t
0s
0r
1y
1c
0i
#4427557545
0t
0s
0r
1y
1c
0i
#4427557959
1t
0s
0r
1y
1c
0i
#4427558606
0t
0s
0r
1y
1c
0i
#4427559020
1t
0s
0r
1y
1c
0i
#4427559670
0t
0s
0r
1y
1c
0i
#4427560082
1t
0s
0r
1y
1c
0i
#4427561768
0t
0s
0r
1y
1c
0i
#4427562953
1t
0s
0r
1y
1c
0i
#4427563923
0t
0s
0r
1y
1c
0i
#4427564321
1t
0s
0r
1y
1c
0i
#4427564974
0t
0s
0r
1y
1c
0i
#4427565383
1t
0s
0r
1y
1c
0i
#4427566033
0t
0s
0r
1y
1c
0i
#4427566443
1t
0s
0r
1y
1c
0i
#4427567092
0t
0s
0r
1y
1c
0i
#4427567503
1t
0s
0r
1y
1c
0i
#4427568152
0t
0s
0r
1y
1c
0i
#4427568562
1t
0s
0r
1y
1c
0i
#4427569213
0t
0s
0r
1y
1c
0i
#4427569622
1t
0s
0r
1y
1c
0i
#4427570269
0t
0s
0r
1y
1c
0i
#4427570680
1t
0s
0r
1y
1c
0i
#4427571329
0t
0s
0r
1y
1c
0i
#4427571738
1t
0s
0r
1y
1c
0i
#4427572389
0t
0s
0r
1y
1c
0i
#4427572800
1t
0s
0r
1y
1c
0i
#4427573448
0t
0s
0r
1y
1c
0i
#4427573859
1t
0s
0r
1y
1c
0i
#4427574508
0t
0s
0r
1y
0c
0i
#4427574919
1t
0s
0r
1y
0c
0i
#4427575574
0t
0s
0r
1y
0c
0i
#4427575983
1t
0s
0r
1y
0c
1i
#4427576635
0t
0s
0r
1y
0c
1i
#4427577046
1t
0s
0r
1y
0c
1i
#4427577699
0t
0s
0r
1y
0c
1i
#4427578112
1t
0s
0r
1y
0c
1i
#4427578768
0t
0s
0r
1y
0c
0i
#4427579178
1t
0s
0r
1y
0c
0i
#4427579830
0t
0s
0r
1y
0c
0i
#4427580242
1t
0s
0r
1y
0c
0i
#4427580895
0t
0s
0r
1y
0c
0i
#4427581306
1t
0s
0r
1y
0c
0i
#4427581962
0t
0s
0r
1y
0c
0i
#4427582371
1t
0s
0r
1y
0c
0i
#4427583021
0t
0s
0r
1y
0c
0i
#4427583433
1t
0s
0r
1y
0c
0i
#4427584084
0t
0s
0r
1y
0c
0i
#4427584495
1t
0s
0r
1y
0c
0i
#4427585149
0t
0s
0r
1y
0c
0i
#4427585557
1t
0s
0r
1y
0c
0i
#4427586207
0t
0s
0r
1y
0c
0i
#4427586617
1t
0s
0r
1y
0c
0i
#4427587268
0t
0s
0r
1y
0c
0i
#4427587676
1t
0s
0r
1y
0c
0i
#4427588330
0t
0s
0r
1y
0c
0i
#4427588736
1t
0s
0r
1y
0c
0i
#4427589384
0t
0s
0r
1y
0c
0i
#4427589792
1t
0s
0r
1y
0c
0i
#4427590442
0t
0s
0r
1y
0c
0i
#4427590850
1t
0s
0r
1y
0c
0i
#4427591503
0t
0s
0r
1y
0c
0i
#4427591909
1t
0s
0r
1y
0c
0i
#4427592558
0t
0s
0r
1y
0c
0i
#4427592967
1t
0s
0r
1y
0c
0i
#4427593616
0t
0s
0r
1y
0c
0i
#4427594026
1t
0s
0r
1y
0c
0i
#4427594677
0t
0s
0r
1y
0c
0i
#4427595085
1t
0s
0r
1y
0c
0i
#4427595733
0t
0s
0r
1y
0c
0i
#4427596143
1t
0s
0r
1y
0c
0i
#4427596792
0t
0s
0r
1y
0c
0i
#4427597201
1t
0s
0r
1y
0c
0i
#4427597853
0t
0s
0r
1y
0c
0i
#4427598260
1t
0s
0r
1y
0c
0i
#4427598907
0t
0s
0r
1y
0c
0i
#4427599318
1t
0s
0r
1y
0c
0i
#4427599966
0t
0s
0r
1y
0c
0i
#4427600376
1t
0s
0r
1y
0c
0i
#4427601026
0t
0s
0r
1y
0c
0i
#4427601434
1t
0s
0r
1y
0c
0i
#4427602081
0t
0s
0r
1y
0c
0i
#4427602491
1t
0s
0r
1y
0c
0i
#4427603138
0t
0s
0r
1y
0c
0i
#4427603548
1t
0s
0r
1y
0c
0i
#4427604197
0t
0s
0r
1y
0c
0i
#4427604608
1t
0s
0r
1y
0c
0i
#4427605253
0t
0s
0r
1y
0c
0i
#4427605665
1t
0s
0r
1y
0c
0i
#4427606313
0t
0s
0r
1y
1c
0i
#4427606724
1t
0s
0r
1y
1c
0i
#4427607376
0t
0s
0r
1y
1c
0i
#4427607786
1t
0s
0r
1y
1c
1i
#4427608436
0t
0s
0r
1y
1c
1i
#4427608848
1t
0s
0r
1y
1c
1i
#4427609499
0t
0s
0r
1y
1c
1i
#4427609911
1t
0s
0r
1y
1c
1i
#4427610567
0t
0s
0r
1y
1c
0i
#4427610977
1t
0s
0r
1y
1c
0i
#4427611628
0t
0s
0r
1y
1c
0i
#4427612040
1t
0s
0r
1y
1c
0i
#4427612691
0t
0s
0r
1y
1c
0i
#4427613103
1t
0s
0r
1y
1c
0i
#4427613758
0t
0s
0r
1y
1c
0i
#4427614168
1t
0s
0r
1y
1c
0i
#4427614817
0t
0s
0r
1y
1c
0i
#4427615231
1t
0s
0r
1y
1c
0i
#4427615880
0t
0s
0r
1y
1c
0i
#4427616293
1t
0s
0r
1y
1c
0i
#4427616945
0t
0s
0r
1y
1c
0i
#4427617356
1t
0s
0r
1y
1c
0i
#4427618003
0t
0s
0r
1y
1c
0i
#4427618416
1t
0s
0r
1y
1c
0i
#4427619064
0t
0s
0r
1y
1c
0i
#4427619475
1t
0s
0r
1y
1c
0i
#4427620125
0t
0s
0r
1y
1c
0i
#4427620536
1t
0s
0r
1y
1c
0i
#4427621181
0t
0s
0r
1y
1c
0i
#4427621594
1t
0s
0r
1y
1c
0i
#4427622239
0t
0s
0r
1y
1c
0i
#4427622651
1t
0s
0r
1y
1c
0i
#4427623300
0t
0s
0r
1y
1c
0i
#4427623709
1t
0s
0r
1y
1c
0i
#4427625391
0t
0s
0r
1y
1c
0i
#4427626572
1t
0s
0r
1y
1c
0i
#4427627539
0t
0s
0r
1y
1c
0i
#4427627936
1t
0s
0r
1y
1c
0i
#4427628587
0t
0s
0r
1y
1c
0i
#4427628995
1t
0s
0r
1y
1c
0i
#4427629643
0t
0s
0r
1y
1c
0i
#4427630052
1t
0s
0r
1y
1c
0i
#4427630699
0t
0s
0r
1y
1c
0i
#4427631109
1t
0s
0r
1y
1c
0i
#4427631756
0t
0s
0r
1y
1c
0i
#4427632165
1t
0s
0r
1y
1c
0i
#4427632814
0t
0s
0r
1y
1c
0i
#4427633221
1t
0s
0r
1y
1c
0i
#4427633867
0t
0s
0r
1y
1c
0i
#4427634276
1t
0s
0r
1y
1c
0i
#4427634923
0t
0s
0r
1y
1c
0i
#4427635331
1t
0s
0r
1y
1c
0i
#4427635979
0t
0s
0r
1y
1c
0i
#4427636389
1t
0s
0r
1y
1c
0i
#4427637033
0t
0s
0r
1y
0c
0i
#4427637444
1t
0s
0r
1y
0c
0i
#4427638091
0t
0s
0r
1y
0c
0i
#4427638501
1t
0s
0r
1y
0c
0i
#4427639153
0t
0s
0r
1y
0c
0i
#4427639561
1t
0s
0r
1y
0c
1i
#4427640210
0t
0s
0r
1y
0c
1i
#4427640620
1t
0s
0r
1y
0c
1i
#4427641271
0t
0s
0r
1y
0c
1i
#4427641682
1t
0s
0r
1y
0c
1i
#4427641749
1t
0s
1r
1y
0c
1i
#4427641751
1t
0s
0r
1y
0c
1i
#4427642336
0t
0s
0r
1y
0c
0i
#4427642746
1t
0s
0r
1y
0c
0i
#4427643396
0t
0s
0r
1y
0c
0i
#4427643806
1t
0s
0r
1y
0c
0i
#4427644457
0t
0s
0r
1y
0c
0i
#4427644867
1t
0s
0r
1y
0c
0i
#4427645520
0t
0s
0r
1y
0c
0i
#4427645928
1t
0s
0r
1y
0c
0i
#4427646577
0t
0s
0r
1y
0c
0i
#4427646987
1t
0s
0r
1y
0c
0i
#4427647635
0t
0s
0r
1y
0c
0i
#4427648044
1t
0s
0r
1y
0c
0i
#4427648695
0t
0s
0r
1y
0c
0i
#4427649101
1t
0s
0r
1y
0c
0i
#4427649748
0t
0s
0r
1y
0c
0i
#4427650155
1t
0s
0r
1y
0c
0i
#4427650801
0t
0s
0r
1y
0c
0i
#4427651207
1t
0s
0r
1y
0c
0i
#4427651856
0t
0s
0r
1y
0c
0i
#4427652260
1t
0s
0r
1y
0c
0i
#4427652904
0t
0s
0r
1y
0c
0i
#4427653310
1t
0s
0r
1y
0c
0i
#4427653957
0t
0s
0r
1y
0c
0i
#4427654362
1t
0s
0r
1y
0c
0i
#4427655011
0t
0s
0r
1y
0c
0i
#4427655415
1t
0s
0r
1y
0c
0i
#4427656061
0t
0s
0r
1y
0c
0i
#4427656468
1t
0s
0r
1y
0c
0i
#4427657114
0t
0s
0r
1y
0c
0i
#4427657522
1t
0s
0r
1y
0c
0i
#4427658171
0t
0s
0r
1y
0c
0i
#4427658577
1t
0s
0r
1y
0c
0i
#4427659221
0t
0s
0r
1y
0c
0i
#4427659630
1t
0s
0r
1y
0c
0i
#4427660276
0t
0s
0r
1y
0c
0i
#4427660683
1t
0s
0r
1y
0c
0i
#4427661333
0t
0s
0r
1y
0c
0i
#4427661739
1t
0s
0r
1y
0c
0i
#4427662383
0t
0s
0r
1y
0c
0i
#4427662792
1t
0s
0r
1y
0c
0i
#4427663437
0t
0s
0r
1y
0c
0i
#4427663845
1t
0s
0r
1y
0c
0i
#4427664493
0t
0s
0r
1y
0c
0i
#4427664900
1t
0s
0r
1y
0c
0i
#4427665543
0t
0s
0r
1y
0c
0i
#4427665952
1t
0s
0r
1y
0c
0i
#4427666597
0t
0s
0r
1y
0c
0i
#4427667005
1t
0s
0r
1y
0c
0i
#4427667652
0t
0s
0r
1y
0c
0i
#4427668062
1t
0s
0r
1y
0c
0i
#4427668705
0t
0s
0r
1y
0c
0i
#4427669115
1t
0s
0r
1y
0c
0i
#4427669761
0t
0s
0r
1y
1c
0i
#4427670171
1t
0s
0r
1y
1c
0i
#4427670821
0t
0s
0r
1y
1c
0i
#4427671230
1t
0s
0r
1y
1c
1i
#4427671878
0t
0s
0r
1y
1c
1i
#4427672288
1t
0s
0r
1y
1c
1i
#4427672938
0t
0s
0r
1y
1c
1i
#4427673349
1t
0s
0r
1y
1c
1i
#4427674003
0t
0s
0r
1y
1c
0i
#4427674412
1t
0s
0r
1y
1c
0i
#4427675061
0t
0s
0r
1y
1c
0i
#4427675472
1t
0s
0r
1y
1c
0i
#4427676122
0t
0s
0r
1y
1c
0i
#4427676532
1t
0s
0r
1y
1c
0i
#4427677185
0t
0s
0r
1y
1c
0i
#4427677594
1t
0s
0r
1y
1c
0i
#4427678240
0t
0s
0r
1y
1c
0i
#4427678652
1t
0s
0r
1y
1c
0i
#4427679298
0t
0s
0r
1y
1c
0i
#4427679709
1t
0s
0r
1y
1c
0i
#4427680357
0t
0s
0r
1y
1c
0i
#4427680765
1t
0s
0r
1y
1c
0i
#4427681406
0t
0s
0r
1y
1c
0i
#4427681815
1t
0s
0r
1y
1c
0i
#4427682457
0t
0s
0r
1y
1c
0i
#4427682865
1t
0s
0r
1y
1c
0i
#4427683507
0t
0s
0r
1y
1c
0i
#4427683915
1t
0s
0r
1y
1c
0i
#4427684552
0t
0s
0r
1y
1c
0i
#4427684961
1t
0s
0r
1y
1c
0i
#4427685600
0t
0s
0r
1y
1c
0i
#4427686008
1t
0s
0r
1y
1c
0i
#4427686650
0t
0s
0r
1y
1c
0i
#4427687057
1t
0s
0r
1y
1c
0i
#4427688722
0t
0s
0r
1y
1c
0i
#4427689894
1t
0s
0r
1y
1c
0i
#4427690851
0t
0s
0r
1y
1c
0i
#4427691245
1t
0s
0r
1y
1c
0i
#4427691889
0t
0s
0r
1y
1c
0i
#4427692295
1t
0s
0r
1y
1c
0i
#4427692936
0t
0s
0r
1y
1c
0i
#4427693342
1t
0s
0r
1y
1c
0i
#4427693983
0t
0s
0r
1y
1c
0i
#4427694390
1t
0s
0r
1y
1c
0i
#4427695031
0t
0s
0r
1y
1c
0i
#4427695437
1t
0s
0r
1y
1c
0i
#4427696080
0t
0s
0r
1y
1c
0i
#4427696484
1t
0s
0r
1y
1c
0i
#4427697123
0t
0s
0r
1y
1c
0i
#4427697530
1t
0s
0r
1y
1c
0i
#4427698171
0t
0s
0r
1y
1c
0i
#4427698576
1t
0s
0r
1y
1c
0i
#4427699219
0t
0s
0r
1y
1c
0i
#4427699625
1t
0s
0r
1y
1c
0i
#4427700264
0t
0s
0r
1y
1c
0i
#4427700672
1t
0s
0r
1y
1c
0i
#4427701313
0t
0s
0r
1y
0c
0i
#4427701720
1t
0s
0r
1y
0c
0i
#4427702367
0t
0s
0r
1y
0c
0i
#4427702772
1t
0s
0r
1y
0c
1i
#4427703416
0t
0s
0r
1y
0c
1i
#4427703823
1t
0s
0r
1y
0c
1i
#4427704468
0t
0s
0r
1y
0c
1i
#4427704877
1t
0s
0r
1y
0c
1i
#4427705525
0t
0s
0r
1y
0c
0i
#4427705931
1t
0s
0r
1y
0c
0i
#4427706576
0t
0s
0r
1y
0c
0i
#4427706983
1t
0s
0r
1y
0c
0i
#4427707629
0t
0s
0r
1y
0c
0i
#4427708036
1t
0s
0r
1y
0c
0i
#4427708684
0t
0s
0r
1y
0c
0i
#4427709089
1t
0s
0r
1y
0c
0i
#4427709731
0t
0s
0r
1y
0c
0i
#4427710140
1t
0s
0r
1y
0c
0i
#4427710783
0t
0s
0r
1y
0c
0i
#4427711189
1t
0s
0r
1y
0c
0i
#4427711834
0t
0s
0r
1y
0c
0i
#4427712239
1t
0s
0r
1y
0c
0i
#4427712880
0t
0s
0r
1y
0c
0i
#4427713285
1t
0s
0r
1y
0c
0i
#4427713927
0t
0s
0r
1y
0c
0i
#4427714330
1t
0s
0r
1y
0c
0i
#4427714975
0t
0s
0r
1y
0c
0i
#4427715376
1t
0s
0r
1y
0c
0i
#4427716016
0t
0s
0r
1y
0c
0i
#4427716419
1t
0s
0r
1y
0c
0i
#4427717060
0t
0s
0r
1y
0c
0i
#4427717463
1t
0s
0r
1y
0c
0i
#4427718106
0t
0s
0r
1y
0c
0i
#4427718508
1t
0s
0r
1y
0c
0i
#4427719148
0t
0s
0r
1y
0c
0i
#4427719552
1t
0s
0r
1y
0c
0i
#4427720192
0t
0s
0r
1y
0c
0i
#4427720597
1t
0s
0r
1y
0c
0i
#4427721239
0t
0s
0r
1y
0c
0i
#4427721643
1t
0s
0r
1y
0c
0i
#4427722281
0t
0s
0r
1y
0c
0i
#4427722686
1t
0s
0r
1y
0c
0i
#4427723326
0t
0s
0r
1y
0c
0i
#4427723731
1t
0s
0r
1y
0c
0i
#4427724373
0t
0s
0r
1y
0c
0i
#4427724776
1t
0s
0r
1y
0c
0i
#4427725414
0t
0s
0r
1y
0c
0i
#4427725820
1t
0s
0r
1y
0c
0i
#4427726459
0t
0s
0r
1y
0c
0i
#4427726864
1t
0s
0r
1y
0c
0i
#4427727505
0t
0s
0r
1y
0c
0i
#4427727909
1t
0s
0r
1y
0c
0i
#4427728546
0t
0s
0r
1y
0c
0i
#4427728952
1t
0s
0r
1y
0c
0i
#4427729590
0t
0s
0r
1y
0c
0i
#4427729995
1t
0s
0r
1y
0c
0i
#4427730636
0t
0s
0r
1y
0c
0i
#4427731042
1t
0s
0r
1y
0c
0i
#4427731678
0t
0s
0r
1y
0c
0i
#4427732085
1t
0s
0r
1y
0c
0i
#4427732724
0t
0s
0r
1y
1c
0i
#4427733131
1t
0s
0r
1y
1c
0i
#4427733774
0t
0s
0r
1y
1c
0i
#4427734180
1t
0s
0r
1y
1c
1i
#4427734820
0t
0s
0r
1y
1c
1i
#4427735228
1t
0s
0r
1y
1c
1i
#4427735871
0t
0s
0r
1y
1c
1i
#4427736278
1t
0s
0r
1y
1c
1i
#4427736924
0t
0s
0r
1y
1c
0i
#4427737330
1t
0s
0r
1y
1c
0i
#4427737972
0t
0s
0r
1y
1c
0i
#4427738380
1t
0s
0r
1y
1c
0i
#4427739023
0t
0s
0r
1y
1c
0i
#4427739430
1t
0s
0r
1y
1c
0i
#4427740076
0t
0s
0r
1y
1c
0i
#4427740481
1t
0s
0r
1y
1c
0i
#4427741121
0t
0s
0r
1y
1c
0i
#4427741530
1t
0s
0r
1y
1c
0i
#4427742171
0t
0s
0r
1y
1c
0i
#4427742578
1t
0s
0r
1y
1c
0i
#4427743221
0t
0s
0r
1y
1c
0i
#4427743627
1t
0s
0r
1y
1c
0i
#4427744265
0t
0s
0r
1y
1c
0i
#4427744673
1t
0s
0r
1y
1c
0i
#4427745311
0t
0s
0r
1y
1c
0i
#4427745718
1t
0s
0r
1y
1c
0i
#4427746358
0t
0s
0r
1y
1c
0i
#4427746765
1t
0s
0r
1y
1c
0i
#4427747400
0t
0s
0r
1y
1c
0i
#4427747808
1t
0s
0r
1y
1c
0i
#4427748444
0t
0s
0r
1y
1c
0i
#4427748851
1t
0s
0r
1y
1c
0i
#4427749491
0t
0s
0r
1y
1c
0i
#4427749895
1t
0s
0r
1y
1c
0i
#4427751553
0t
0s
0r
1y
1c
0i
#4427752719
1t
0s
0r
1y
1c
0i
#4427753672
0t
0s
0r
1y
1c
0i
#4427754065
1t
0s
0r
1y
1c
0i
#4427754706
0t
0s
0r
1y
1c
0i
#4427755110
1t
0s
0r
1y
1c
0i
#4427755748
0t
0s
0r
1y
1c
0i
#4427756152
1t
0s
0r
1y
1c
0i
#4427756790
0t
0s
0r
1y
1c
0i
#4427757196
1t
0s
0r
1y
1c
0i
#4427757833
0t
0s
0r
1y
1c
0i
#4427758238
1t
0s
0r
1y
1c
0i
#4427758878
0t
0s
0r
1y
1c
0i
#4427759281
1t
0s
0r
1y
1c
0i
#4427759917
0t
0s
0r
1y
1c
0i
#4427760321
1t
0s
0r
1y
1c
0i
#4427760960
0t
0s
0r
1y
1c
0i
#4427761363
1t
0s
0r
1y
1c
0i
#4427762002
0t
0s
0r
1y
1c
0i
#4427762407
1t
0s
0r
1y
1c
0i
#4427763043
0t
0s
0r
1y
1c
0i
#4427763449
1t
0s
0r
1y
1c
0i
#4427764087
0t
0s
0r
1y
0c
0i
#4427764492
1t
0s
0r
1y
0c
0i
#4427765135
0t
0s
0r
1y
0c
0i
#4427765539
1t
0s
0r
1y
0c
1i
#4427766179
0t
0s
0r
1y
0c
1i
#4427766584
1t
0s
0r
1y
0c
1i
#4427767226
0t
0s
0r
1y
0c
1i
#4427767632
1t
0s
0r
1y
0c
1i
#4427767796
1t
0s
1r
1y
0c
1i
#4427767799
1t
0s
0r
1y
0c
1i
#4427768277
0t
0s
0r
1y
0c
0i
#4427768682
1t
0s
0r
1y
0c
0i
#4427769322
0t
0s
0r
1y
0c
0i
#4427769728
1t
0s
0r
1y
0c
0i
#4427770370
0t
0s
0r
1y
0c
0i
#4427770775
1t
0s
0r
1y
0c
0i
#4427771420
0t
0s
0r
1y
0c
0i
#4427771823
1t
0s
0r
1y
0c
0i
#4427772463
0t
0s
0r
1y
0c
0i
#4427772870
1t
0s
0r
1y
0c
0i
#4427773510
0t
0s
0r
1y
0c
0i
#4427773915
1t
0s
0r
1y
0c
0i
#4427774559
0t
0s
0r
1y
0c
0i
#4427774962
1t
0s
0r
1y
0c
0i
#4427775602
0t
0s
0r
1y
0c
0i
#4427776007
1t
0s
0r
1y
0c
0i
#4427776648
0t
0s
0r
1y
0c
0i
#4427777051
1t
0s
0r
1y
0c
0i
#4427777696
0t
0s
0r
1y
0c
0i
#4427778097
1t
0s
0r
1y
0c
0i
#4427778736
0t
0s
0r
1y
0c
0i
#4427779140
1t
0s
0r
1y
0c
0i
#4427779781
0t
0s
0r
1y
0c
0i
#4427780184
1t
0s
0r
1y
0c
0i
#4427780829
0t
0s
0r
1y
0c
0i
#4427781230
1t
0s
0r
1y
0c
0i
#4427781871
0t
0s
0r
1y
0c
0i
#4427782275
1t
0s
0r
1y
0c
0i
#4427782915
0t
0s
0r
1y
0c
0i
#4427783321
1t
0s
0r
1y
0c
0i
#4427783964
0t
0s
0r
1y
0c
0i
#4427784367
1t
0s
0r
1y
0c
0i
#4427785007
0t
0s
0r
1y
0c
0i
#4427785412
1t
0s
0r
1y
0c
0i
#4427786053
0t
0s
0r
1y
0c
0i
#4427786457
1t
0s
0r
1y
0c
0i
#4427787101
0t
0s
0r
1y
0c
0i
#4427787504
1t
0s
0r
1y
0c
0i
#4427788143
0t
0s
0r
1y
0c
0i
#4427788549
1t
0s
0r
1y
0c
0i
#4427789188
0t
0s
0r
1y
0c
0i
#4427789594
1t
0s
0r
1y
0c
0i
#4427790236
0t
0s
0r
1y
0c
0i
#4427790641
1t
0s
0r
1y
0c
0i
#4427791279
0t
0s
0r
1y
0c
0i
#4427791685
1t
0s
0r
1y
0c
0i
#4427792325
0t
0s
0r
1y
0c
0i
#4427792730
1t
0s
0r
1y
0c
0i
#4427793372
0t
0s
0r
1y
0c
0i
#4427793778
1t
0s
0r
1y
0c
0i
#4427794416
0t
0s
0r
1y
0c
0i
#4427794824
1t
0s
0r
1y
0c
0i
#4427795465
0t
0s
0r
1y
1c
0i
#4427795871
1t
0s
0r
1y
1c
0i
#4427796517
0t
0s
0r
1y
1c
0i
#4427796922
1t
0s
0r
1y
1c
1i
#4427797564
0t
0s
0r
1y
1c
1i
#4427797972
1t
0s
0r
1y
1c
1i
#4427798616
0t
0s
0r
1y
1c
1i
#4427799024
1t
0s
0r
1y
1c
1i
#4427799671
0t
0s
0r
1y
1c
0i
#4427800078
1t
0s
0r
1y
1c
0i
#4427800720
0t
0s
0r
1y
1c
0i
#4427801129
1t
0s
0r
1y
1c
0i
#4427801773
0t
0s
0r
1y
1c
0i
#4427802180
1t
0s
0r
1y
1c
0i
#4427802827
0t
0s
0r
1y
1c
0i
#4427803233
1t
0s
0r
1y
1c
0i
#4427803874
0t
0s
0r
1y
1c
0i
#4427804284
1t
0s
0r
1y
1c
0i
#4427804925
0t
0s
0r
1y
1c
0i
#4427805334
1t
0s
0r
1y
1c
0i
#4427805979
0t
0s
0r
1y
1c
0i
#4427806385
1t
0s
0r
1y
1c
0i
#4427807025
0t
0s
0r
1y
1c
0i
#4427807434
1t
0s
0r
1y
1c
0i
#4427808074
0t
0s
0r
1y
1c
0i
#4427808482
1t
0s
0r
1y
1c
0i
#4427809125
0t
0s
0r
1y
1c
0i
#4427809533
1t
0s
0r
1y
1c
0i
#4427810171
0t
0s
0r
1y
1c
0i
#4427810581
1t
0s
0r
1y
1c
0i
#4427811220
0t
0s
0r
1y
1c
0i
#4427811629
1t
0s
0r
1y
1c
0i
#4427812271
0t
0s
0r
1y
1c
0i
#4427812678
1t
0s
0r
1y
1c
0i
#4427814344
0t
0s
0r
1y
1c
0i
#4427815516
1t
0s
0r
1y
1c
0i
#4427816473
0t
0s
0r
1y
1c
0i
#4427816867
1t
0s
0r
1y
1c
0i
#4427817511
0t
0s
0r
1y
1c
0i
#4427817916
1t
0s
0r
1y
1c
0i
#4427818558
0t
0s
0r
1y
1c
0i
#4427818963
1t
0s
0r
1y
1c
0i
#4427819604
0t
0s
0r
1y
1c
0i
#4427820011
1t
0s
0r
1y
1c
0i
#4427820652
0t
0s
0r
1y
1c
0i
#4427821057
1t
0s
0r
1y
1c
0i
#4427821700
0t
0s
0r
1y
1c
0i
#4427822105
1t
0s
0r
1y
1c
0i
#4427822743
0t
0s
0r
1y
1c
0i
#4427823150
1t
0s
0r
1y
1c
0i
#4427823790
0t
0s
0r
1y
1c
0i
#4427824195
1t
0s
0r
1y
1c
0i
#4427824838
0t
0s
0r
1y
1c
0i
#4427825244
1t
0s
0r
1y
1c
0i
#4427825882
0t
0s
0r
1y
0c
0i
#4427826290
1t
0s
0r
1y
0c
0i
#4427826931
0t
0s
0r
1y
0c
0i
#4427827338
1t
0s
0r
1y
0c
0i
#4427827983
0t
0s
0r
1y
0c
0i
#4427828388
1t
0s
0r
1y
0c
1i
#4427829031
0t
0s
0r
1y
0c
1i
#4427829438
1t
0s
0r
1y
0c
1i
#4427830083
0t
0s
0r
1y
0c
1i
#4427830490
1t
0s
0r
1y
0c
1i
#4427831138
0t
0s
0r
1y
0c
0i
#4427831544
1t
0s
0r
1y
0c
0i
#4427832187
0t
0s
0r
1y
0c
0i
#4427832594
1t
0s
0r
1y
0c
0i
#4427833239
0t
0s
0r
1y
0c
0i
#4427833645
1t
0s
0r
1y
0c
0i
#4427834292
0t
0s
0r
1y
0c
0i
#4427834697
1t
0s
0r
1y
0c
0i
#4427835338
0t
0s
0r
1y
0c
0i
#4427835746
1t
0s
0r
1y
0c
0i
#4427836388
0t
0s
0r
1y
0c
0i
#4427836793
1t
0s
0r
1y
0c
0i
#4427837437
0t
0s
0r
1y
0c
0i
#4427837840
1t
0s
0r
1y
0c
0i
#4427838480
0t
0s
0r
1y
0c
0i
#4427838884
1t
0s
0r
1y
0c
0i
#4427839524
0t
0s
0r
1y
0c
0i
#4427839926
1t
0s
0r
1y
0c
0i
#4427840569
0t
0s
0r
1y
0c
0i
#4427840970
1t
0s
0r
1y
0c
0i
#4427841607
0t
0s
0r
1y
0c
0i
#4427842010
1t
0s
0r
1y
0c
0i
#4427842649
0t
0s
0r
1y
0c
0i
#4427843051
1t
0s
0r
1y
0c
0i
#4427843692
0t
0s
0r
1y
0c
0i
#4427844094
1t
0s
0r
1y
0c
0i
#4427844732
0t
0s
0r
1y
0c
0i
#4427845135
1t
0s
0r
1y
0c
0i
#4427845773
0t
0s
0r
1y
0c
0i
#4427846178
1t
0s
0r
1y
0c
0i
#4427846819
0t
0s
0r
1y
0c
0i
#4427847222
1t
0s
0r
1y
0c
0i
#4427847859
0t
0s
0r
1y
0c
0i
#4427848264
1t
0s
0r
1y
0c
0i
#4427848903
0t
0s
0r
1y
0c
0i
#4427849307
1t
0s
0r
1y
0c
0i
#4427849949
0t
0s
0r
1y
0c
0i
#4427850351
1t
0s
0r
1y
0c
0i
#4427850989
0t
0s
0r
1y
0c
0i
#4427851394
1t
0s
0r
1y
0c
0i
#4427852031
0t
0s
0r
1y
0c
0i
#4427852436
1t
0s
0r
1y
0c
0i
#4427853077
0t
0s
0r
1y
0c
0i
#4427853480
1t
0s
0r
1y
0c
0i
#4427854116
0t
0s
0r
1y
0c
0i
#4427854521
1t
0s
0r
1y
0c
0i
#4427855158
0t
0s
0r
1y
0c
0i
#4427855562
1t
0s
0r
1y
0c
0i
#4427856202
0t
0s
0r
1y
0c
0i
#4427856607
1t
0s
0r
1y
0c
0i
#4427857242
0t
0s
0r
1y
0c
0i
#4427857649
1t
0s
0r
1y
0c
0i
#4427858286
0t
0s
0r
1y
1c
0i
#4427858692
1t
0s
0r
1y
1c
0i
#4427859334
0t
0s
0r
1y
1c
0i
#4427859739
1t
0s
0r
1y
1c
1i
#4427860378
0t
0s
0r
1y
1c
1i
#4427860785
1t
0s
0r
1y
1c
1i
#4427861426
0t
0s
0r
1y
1c
1i
#4427861832
1t
0s
0r
1y
1c
1i
#4427862477
0t
0s
0r
1y
1c
0i
#4427862883
1t
0s
0r
1y
1c
0i
#4427863523
0t
0s
0r
1y
1c
0i
#4427863930
1t
0s
0r
1y
1c
0i
#4427864572
0t
0s
0r
1y
1c
0i
#4427864978
1t
0s
0r
1y
1c
0i
#4427865622
0t
0s
0r
1y
1c
0i
#4427866027
1t
0s
0r
1y
1c
0i
#4427866665
0t
0s
0r
1y
1c
0i
#4427867074
1t
0s
0r
1y
1c
0i
#4427867713
0t
0s
0r
1y
1c
0i
#4427868120
1t
0s
0r
1y
1c
0i
#4427868761
0t
0s
0r
1y
1c
0i
#4427869167
1t
0s
0r
1y
1c
0i
#4427869804
0t
0s
0r
1y
1c
0i
#4427870210
1t
0s
0r
1y
1c
0i
#4427870847
0t
0s
0r
1y
1c
0i
#4427871253
1t
0s
0r
1y
1c
0i
#4427871891
0t
0s
0r
1y
1c
0i
#4427872296
1t
0s
0r
1y
1c
0i
#4427872930
0t
0s
0r
1y
1c
0i
#4427873336
1t
0s
0r
1y
1c
0i
#4427873971
0t
0s
0r
1y
1c
0i
#4427874377
1t
0s
0r
1y
1c
0i
#4427875014
0t
0s
0r
1y
1c
0i
#4427875418
1t
0s
0r
1y
1c
0i
#4427877071
0t
0s
0r
1y
1c
0i
#4427878235
1t
0s
0r
1y
1c
0i
#4427879185
0t
0s
0r
1y
1c
0i
#4427879577
1t
0s
0r
1y
1c
0i
#4427880216
0t
0s
0r
1y
1c
0i
#4427880618
1t
0s
0r
1y
1c
0i
#4427881255
0t
0s
0r
1y
1c
0i
#4427881658
1t
0s
0r
1y
1c
0i
#4427882294
0t
0s
0r
1y
1c
0i
#4427882698
1t
0s
0r
1y
1c
0i
#4427883334
0t
0s
0r
1y
1c
0i
#4427883737
1t
0s
0r
1y
1c
0i
#4427884375
0t
0s
0r
1y
1c
0i
#4427884776
1t
0s
0r
1y
1c
0i
#4427885410
0t
0s
0r
1y
1c
0i
#4427885814
1t
0s
0r
1y
1c
0i
#4427886449
0t
0s
0r
1y
1c
0i
#4427886852
1t
0s
0r
1y
1c
0i
#4427887489
0t
0s
0r
1y
1c
0i
#4427887892
1t
0s
0r
1y
1c
0i
#4427888526
0t
0s
0r
1y
1c
0i
#4427888931
1t
0s
0r
1y
1c
0i
#4427889567
0t
0s
0r
1y
0c
0i
#4427889970
1t
0s
0r
1y
0c
0i
#4427890610
0t
0s
0r
1y
0c
0i
#4427891013
1t
0s
0r
1y
0c
1i
#4427891651
0t
0s
0r
1y
0c
1i
#4427892055
1t
0s
0r
1y
0c
1i
#4427892695
0t
0s
0r
1y
0c
1i
#4427893100
1t
0s
0r
1y
0c
1i
#4427893234
1t
0s
1r
1y
0c
1i
#4427893236
1t
0s
0r
1y
0c
1i
#4427893742
0t
0s
0r
1y
0c
0i
#4427894146
1t
0s
0r
1y
0c
0i
#4427894784
0t
0s
0r
1y
0c
0i
#4427895189
1t
0s
0r
1y
0c
0i
#4427895829
0t
0s
0r
1y
0c
0i
#4427896232
1t
0s
0r
1y
0c
0i
#4427896875
0t
0s
0r
1y
0c
0i
#4427897277
1t
0s
0r
1y
0c
0i
#4427897915
0t
0s
0r
1y
0c
0i
#4427898321
1t
0s
0r
1y
0c
0i
#4427898959
0t
0s
0r
1y
0c
0i
#4427899363
1t
0s
0r
1y
0c
0i
#4427900004
0t
0s
0r
1y
0c
0i
#4427900406
1t
0s
0r
1y
0c
0i
#4427901045
0t
0s
0r
1y
0c
0i
#4427901448
1t
0s
0r
1y
0c
0i
#4427902087
0t
0s
0r
1y
0c
0i
#4427902489
1t
0s
0r
1y
0c
0i
#4427903131
0t
0s
0r
1y
0c
0i
#4427903531
1t
0s
0r
1y
0c
0i
#4427904168
0t
0s
0r
1y
0c
0i
#4427904570
1t
0s
0r
1y
0c
0i
#4427905209
0t
0s
0r
1y
0c
0i
#4427905611
1t
0s
0r
1y
0c
0i
#4427906253
0t
0s
0r
1y
0c
0i
#4427906652
1t
0s
0r
1y
0c
0i
#4427907290
0t
0s
0r
1y
0c
0i
#4427907692
1t
0s
0r
1y
0c
0i
#4427908330
0t
0s
0r
1y
0c
0i
#4427908734
1t
0s
0r
1y
0c
0i
#4427909374
0t
0s
0r
1y
0c
0i
#4427909776
1t
0s
0r
1y
0c
0i
#4427910412
0t
0s
0r
1y
0c
0i
#4427910816
1t
0s
0r
1y
0c
0i
#4427911453
0t
0s
0r
1y
0c
0i
#4427911856
1t
0s
0r
1y
0c
0i
#4427912496
0t
0s
0r
1y
0c
0i
#4427912898
1t
0s
0r
1y
0c
0i
#4427913534
0t
0s
0r
1y
0c
0i
#4427913939
1t
0s
0r
1y
0c
0i
#4427914575
0t
0s
0r
1y
0c
0i
#4427914979
1t
0s
0r
1y
0c
0i
#4427915618
0t
0s
0r
1y
0c
0i
#4427916020
1t
0s
0r
1y
0c
0i
#4427916655
0t
0s
0r
1y
0c
0i
#4427917059
1t
0s
0r
1y
0c
0i
#4427917696
0t
0s
0r
1y
0c
0i
#4427918099
1t
0s
0r
1y
0c
0i
#4427918738
0t
0s
0r
1y
0c
0i
#4427919143
1t
0s
0r
1y
0c
0i
#4427919777
0t
0s
0r
1y
0c
0i
#4427920183
1t
0s
0r
1y
0c
0i
#4427920821
0t
0s
0r
1y
1c
0i
#4427921226
1t
0s
0r
1y
1c
0i
#4427921868
0t
0s
0r
1y
1c
0i
#4427922272
1t
0s
0r
1y
1c
1i
#4427922911
0t
0s
0r
1y
1c
1i
#4427923318
1t
0s
0r
1y
1c
1i
#4427923959
0t
0s
0r
1y
1c
1i
#4427924366
1t
0s
0r
1y
1c
1i
#4427925010
0t
0s
0r
1y
1c
0i
#4427925415
1t
0s
0r
1y
1c
0i
#4427926055
0t
0s
0r
1y
1c
0i
#4427926462
1t
0s
0r
1y
1c
0i
#4427927103
0t
0s
0r
1y
1c
0i
#4427927509
1t
0s
0r
1y
1c
0i
#4427928153
0t
0s
0r
1y
1c
0i
#4427928557
1t
0s
0r
1y
1c
0i
#4427929196
0t
0s
0r
1y
1c
0i
#4427929604
1t
0s
0r
1y
1c
0i
#4427930242
0t
0s
0r
1y
1c
0i
#4427930649
1t
0s
0r
1y
1c
0i
#4427931290
0t
0s
0r
1y
1c
0i
#4427931695
1t
0s
0r
1y
1c
0i
#4427932330
0t
0s
0r
1y
1c
0i
#4427932737
1t
0s
0r
1y
1c
0i
#4427933372
0t
0s
0r
1y
1c
0i
#4427933778
1t
0s
0r
1y
1c
0i
#4427934415
0t
0s
0r
1y
1c
0i
#4427934820
1t
0s
0r
1y
1c
0i
#4427935453
0t
0s
0r
1y
1c
0i
#4427935859
1t
0s
0r
1y
1c
0i
#4427936492
0t
0s
0r
1y
1c
0i
#4427936897
1t
0s
0r
1y
1c
0i
#4427937533
0t
0s
0r
1y
1c
0i
#4427937937
1t
0s
0r
1y
1c
0i
#4427939588
0t
0s
0r
1y
1c
0i
#4427940750
1t
0s
0r
1y
1c
0i
#4427941699
0t
0s
0r
1y
1c
0i
#4427942090
1t
0s
0r
1y
1c
0i
#4427942728
0t
0s
0r
1y
1c
0i
#4427943130
1t
0s
0r
1y
1c
0i
#4427943766
0t
0s
0r
1y
1c
0i
#4427944169
1t
0s
0r
1y
1c
0i
#4427944804
0t
0s
0r
1y
1c
0i
#4427945208
1t
0s
0r
1y
1c
0i
#4427945843
0t
0s
0r
1y
1c
0i
#4427946246
1t
0s
0r
1y
1c
0i
#4427946883
0t
0s
0r
1y
1c
0i
#4427947285
1t
0s
0r
1y
1c
0i
#4427947918
0t
0s
0r
1y
1c
0i
#4427948321
1t
0s
0r
1y
1c
0i
#4427948956
0t
0s
0r
1y
1c
0i
#4427949359
1t
0s
0r
1y
1c
0i
#4427949996
0t
0s
0r
1y
1c
0i
#4427950399
1t
0s
0r
1y
1c
0i
#4427951032
0t
0s
0r
1y
0c
0i
#4427951437
1t
0s
0r
1y
0c
0i
#4427952072
0t
0s
0r
1y
0c
0i
#4427952476
1t
0s
0r
1y
0c
0i
#4427953116
0t
0s
0r
1y
0c
0i
#4427953519
1t
0s
0r
1y
0c
1i
#4427954156
0t
0s
0r
1y
0c
1i
#4427954561
1t
0s
0r
1y
0c
1i
#4427955199
0t
0s
0r
1y
0c
1i
#4427955605
1t
0s
0r
1y
0c
1i
#4427956246
0t
0s
0r
1y
0c
0i
#4427956650
1t
0s
0r
1y
0c
0i
#4427957288
0t
0s
0r
1y
0c
0i
#4427957693
1t
0s
0r
1y
0c
0i
#4427958332
0t
0s
0r
1y
0c
0i
#4427958735
1t
0s
0r
1y
0c
0i
#4427959377
0t
0s
0r
1y
0c
0i
#4427959779
1t
0s
0r
1y
0c
0i
#4427960414
0t
0s
0r
1y
0c
0i
#4427960819
1t
0s
0r
1y
0c
0i
#4427961455
0t
0s
0r
1y
0c
0i
#4427961857
1t
0s
0r
1y
0c
0i
#4427962494
0t
0s
0r
1y
0c
0i
#4427962894
1t
0s
0r
1y
0c
0i
#4427963527
0t
0s
0r
1y
0c
0i
#4427963927
1t
0s
0r
1y
0c
0i
#4427964560
0t
0s
0r
1y
0c
0i
#4427964959
1t
0s
0r
1y
0c
0i
#4427965594
0t
0s
0r
1y
0c
0i
#4427965992
1t
0s
0r
1y
0c
0i
#4427966622
0t
0s
0r
1y
0c
0i
#4427967021
1t
0s
0r
1y
0c
0i
#4427967653
0t
0s
0r
1y
0c
0i
#4427968052
1t
0s
0r
1y
0c
0i
#4427968687
0t
0s
0r
1y
0c
0i
#4427969084
1t
0s
0r
1y
0c
0i
#4427969716
0t
0s
0r
1y
0c
0i
#4427970116
1t
0s
0r
1y
0c
0i
#4427970747
0t
0s
0r
1y
0c
0i
#4427971149
1t
0s
0r
1y
0c
0i
#4427971783
0t
0s
0r
1y
0c
0i
#4427972183
1t
0s
0r
1y
0c
0i
#4427972813
0t
0s
0r
1y
0c
0i
#4427973215
1t
0s
0r
1y
0c
0i
#4427973847
0t
0s
0r
1y
0c
0i
#4427974248
1t
0s
0r
1y
0c
0i
#4427974883
0t
0s
0r
1y
0c
0i
#4427975282
1t
0s
0r
1y
0c
0i
#4427975913
0t
0s
0r
1y
0c
0i
#4427976315
1t
0s
0r
1y
0c
0i
#4427976946
0t
0s
0r
1y
0c
0i
#4427977347
1t
0s
0r
1y
0c
0i
#4427977981
0t
0s
0r
1y
0c
0i
#4427978381
1t
0s
0r
1y
0c
0i
#4427979010
0t
0s
0r
1y
0c
0i
#4427979412
1t
0s
0r
1y
0c
0i
#4427980043
0t
0s
0r
1y
0c
0i
#4427980444
1t
0s
0r
1y
0c
0i
#4427981077
0t
0s
0r
1y
0c
0i
#4427981479
1t
0s
0r
1y
0c
0i
#4427982107
0t
0s
0r
1y
0c
0i
#4427982511
1t
0s
0r
1y
0c
0i
#4427983142
0t
0s
0r
1y
1c
0i
#4427983544
1t
0s
0r
1y
1c
0i
#4427984180
0t
0s
0r
1y
1c
0i
#4427984581
1t
0s
0r
1y
1c
1i
#4427985214
0t
0s
0r
1y
1c
1i
#4427985617
1t
0s
0r
1y
1c
1i
#4427986252
0t
0s
0r
1y
1c
1i
#4427986655
1t
0s
0r
1y
1c
1i
#4427987293
0t
0s
0r
1y
1c
0i
#4427987695
1t
0s
0r
1y
1c
0i
#4427988329
0t
0s
0r
1y
1c
0i
#4427988732
1t
0s
0r
1y
1c
0i
#4427989367
0t
0s
0r
1y
1c
0i
#4427989770
1t
0s
0r
1y
1c
0i
#4427990408
0t
0s
0r
1y
1c
0i
#4427990809
1t
0s
0r
1y
1c
0i
#4427991441
0t
0s
0r
1y
1c
0i
#4427991846
1t
0s
0r
1y
1c
0i
#4427992478
0t
0s
0r
1y
1c
0i
#4427992882
1t
0s
0r
1y
1c
0i
#4427993517
0t
0s
0r
1y
1c
0i
#4427993918
1t
0s
0r
1y
1c
0i
#4427994548
0t
0s
0r
1y
1c
0i
#4427994951
1t
0s
0r
1y
1c
0i
#4427995581
0t
0s
0r
1y
1c
0i
#4427995983
1t
0s
0r
1y
1c
0i
#4427996614
0t
0s
0r
1y
1c
0i
#4427997016
1t
0s
0r
1y
1c
0i
#4427997642
0t
0s
0r
1y
1c
0i
#4427998046
1t
0s
0r
1y
1c
0i
#4427998673
0t
0s
0r
1y
1c
0i
#4427999076
1t
0s
0r
1y
1c
0i
#4427999706
0t
0s
0r
1y
1c
0i
#4428000107
1t
0s
0r
1y
1c
0i
#4428001743
0t
0s
0r
1y
1c
0i
#4428002897
1t
0s
0r
1y
1c
0i
#4428003837
0t
0s
0r
1y
1c
0i
#4428004225
1t
0s
0r
1y
1c
0i
#4428004858
0t
0s
0r
1y
1c
0i
#4428005257
1t
0s
0r
1y
1c
0i
#4428005888
0t
0s
0r
1y
1c
0i
#4428006287
1t
0s
0r
1y
1c
0i
#4428006917
0t
0s
0r
1y
1c
0i
#4428007318
1t
0s
0r
1y
1c
0i
#4428007947
0t
0s
0r
1y
1c
0i
#4428008347
1t
0s
0r
1y
1c
0i
#4428008979
0t
0s
0r
1y
1c
0i
#4428009377
1t
0s
0r
1y
1c
0i
#4428010005
0t
0s
0r
1y
1c
0i
#4428010405
1t
0s
0r
1y
1c
0i
#4428011034
0t
0s
0r
1y
1c
0i
#4428011433
1t
0s
0r
1y
1c
0i
#4428012064
0t
0s
0r
1y
1c
0i
#4428012464
1t
0s
0r
1y
1c
0i
#4428013091
0t
0s
0r
1y
1c
0i
#4428013493
1t
0s
0r
1y
1c
0i
#4428014122
0t
0s
0r
1y
0c
0i
#4428014523
1t
0s
0r
1y
0c
0i
#4428015156
0t
0s
0r
1y
0c
0i
#4428015556
1t
0s
0r
1y
0c
1i
#4428016187
0t
0s
0r
1y
0c
1i
#4428016587
1t
0s
0r
1y
0c
1i
#4428017219
0t
0s
0r
1y
0c
1i
#4428017621
1t
0s
0r
1y
0c
1i
#4428017796
1t
0s
1r
1y
0c
1i
#4428017799
1t
0s
0r
1y
0c
1i
#4428018257
0t
0s
0r
1y
0c
0i
#4428018657
1t
0s
0r
1y
0c
0i
#4428019288
0t
0s
0r
1y
0c
0i
#4428019690
1t
0s
0r
1y
0c
0i
#4428020322
0t
0s
0r
1y
0c
0i
#4428020723
1t
0s
0r
1y
0c
0i
#4428021359
0t
0s
0r
1y
0c
0i
#4428021758
1t
0s
0r
1y
0c
0i
#4428022388
0t
0s
0r
1y
0c
0i
#4428022791
1t
0s
0r
1y
0c
0i
#4428023423
0t
0s
0r
1y
0c
0i
#4428023824
1t
0s
0r
1y
0c
0i
#4428024460
0t
0s
0r
1y
0c
0i
#4428024859
1t
0s
0r
1y
0c
0i
#4428025493
0t
0s
0r
1y
0c
0i
#4428025893
1t
0s
0r
1y
0c
0i
#4428026528
0t
0s
0r
1y
0c
0i
#4428026927
1t
0s
0r
1y
0c
0i
#4428027565
0t
0s
0r
1y
0c
0i
#4428027964
1t
0s
0r
1y
0c
0i
#4428028598
0t
0s
0r
1y
0c
0i
#4428028998
1t
0s
0r
1y
0c
0i
#4428029634
0t
0s
0r
1y
0c
0i
#4428030034
1t
0s
0r
1y
0c
0i
#4428030672
0t
0s
0r
1y
0c
0i
#4428031071
1t
0s
0r
1y
0c
0i
#4428031706
0t
0s
0r
1y
0c
0i
#4428032106
1t
0s
0r
1y
0c
0i
#4428032741
0t
0s
0r
1y
0c
0i
#4428033143
1t
0s
0r
1y
0c
0i
#4428033779
0t
0s
0r
1y
0c
0i
#4428034180
1t
0s
0r
1y
0c
0i
#4428034812
0t
0s
0r
1y
0c
0i
#4428035215
1t
0s
0r
1y
0c
0i
#4428035849
0t
0s
0r
1y
0c
0i
#4428036250
1t
0s
0r
1y
0c
0i
#4428036887
0t
0s
0r
1y
0c
0i
#4428037287
1t
0s
0r
1y
0c
0i
#4428037919
0t
0s
0r
1y
0c
0i
#4428038322
1t
0s
0r
1y
0c
0i
#4428038954
0t
0s
0r
1y
0c
0i
#4428039357
1t
0s
0r
1y
0c
0i
#4428039992
0t
0s
0r
1y
0c
0i
#4428040393
1t
0s
0r
1y
0c
0i
#4428041024
0t
0s
0r
1y
0c
0i
#4428041427
1t
0s
0r
1y
0c
0i
#4428042060
0t
0s
0r
1y
0c
0i
#4428042462
1t
0s
0r
1y
0c
0i
#4428043097
0t
0s
0r
1y
0c
0i
#4428043500
1t
0s
0r
1y
0c
0i
#4428044131
0t
0s
0r
1y
0c
0i
#4428044535
1t
0s
0r
1y
0c
0i
#4428045169
0t
0s
0r
1y
1c
0i
#4428045573
1t
0s
0r
1y
1c
0i
#4428046210
0t
0s
0r
1y
1c
0i
#4428046613
1t
0s
0r
1y
1c
1i
#4428047248
0t
0s
0r
1y
1c
1i
#4428047652
1t
0s
0r
1y
1c
1i
#4428048290
0t
0s
0r
1y
1c
1i
#4428048694
1t
0s
0r
1y
1c
1i
#4428049334
0t
0s
0r
1y
1c
0i
#4428049737
1t
0s
0r
1y
1c
0i
#4428050373
0t
0s
0r
1y
1c
0i
#4428050777
1t
0s
0r
1y
1c
0i
#4428051415
0t
0s
0r
1y
1c
0i
#4428051818
1t
0s
0r
1y
1c
0i
#4428052457
0t
0s
0r
1y
1c
0i
#4428052860
1t
0s
0r
1y
1c
0i
#4428053494
0t
0s
0r
1y
1c
0i
#4428053900
1t
0s
0r
1y
1c
0i
#4428054534
0t
0s
0r
1y
1c
0i
#4428054939
1t
0s
0r
1y
1c
0i
#4428055576
0t
0s
0r
1y
1c
0i
#4428055979
1t
0s
0r
1y
1c
0i
#4428056610
0t
0s
0r
1y
1c
0i
#4428057014
1t
0s
0r
1y
1c
0i
#4428057646
0t
0s
0r
1y
1c
0i
#4428058049
1t
0s
0r
1y
1c
0i
#4428058683
0t
0s
0r
1y
1c
0i
#4428059086
1t
0s
0r
1y
1c
0i
#4428059714
0t
0s
0r
1y
1c
0i
#4428060118
1t
0s
0r
1y
1c
0i
#4428060748
0t
0s
0r
1y
1c
0i
#4428061151
1t
0s
0r
1y
1c
0i
#4428061783
0t
0s
0r
1y
1c
0i
#4428062185
1t
0s
0r
1y
1c
0i
#4428063826
0t
0s
0r
1y
1c
0i
#4428064983
1t
0s
0r
1y
1c
0i
#4428065926
0t
0s
0r
1y
1c
0i
#4428066316
1t
0s
0r
1y
1c
0i
#4428066950
0t
0s
0r
1y
1c
0i
#4428067351
1t
0s
0r
1y
1c
0i
#4428067983
0t
0s
0r
1y
1c
0i
#4428068384
1t
0s
0r
1y
1c
0i
#4428069016
0t
0s
0r
1y
1c
0i
#4428069418
1t
0s
0r
1y
1c
0i
#4428070050
0t
0s
0r
1y
1c
0i
#4428070451
1t
0s
0r
1y
1c
0i
#4428071084
0t
0s
0r
1y
1c
0i
#4428071484
1t
0s
0r
1y
1c
0i
#4428072113
0t
0s
0r
1y
1c
0i
#4428072515
1t
0s
0r
1y
1c
0i
#4428073146
0t
0s
0r
1y
1c
0i
#4428073546
1t
0s
0r
1y
1c
0i
#4428074179
0t
0s
0r
1y
1c
0i
#4428074580
1t
0s
0r
1y
1c
0i
#4428075209
0t
0s
0r
1y
0c
0i
#4428075612
1t
0s
0r
1y
0c
0i
#4428076243
0t
0s
0r
1y
0c
0i
#4428076645
1t
0s
0r
1y
0c
0i
#4428077280
0t
0s
0r
1y
0c
0i
#4428077681
1t
0s
0r
1y
0c
1i
#4428078314
0t
0s
0r
1y
0c
1i
#4428078716
1t
0s
0r
1y
0c
1i
#4428079349
0t
0s
0r
1y
0c
1i
#4428079753
1t
0s
0r
1y
0c
1i
#4428080390
0t
0s
0r
1y
0c
0i
#4428080791
1t
0s
0r
1y
0c
0i
#4428081425
0t
0s
0r
1y
0c
0i
#4428081827
1t
0s
0r
1y
0c
0i
#4428082462
0t
0s
0r
1y
0c
0i
#4428082863
1t
0s
0r
1y
0c
0i
#4428083500
0t
0s
0r
1y
0c
0i
#4428083900
1t
0s
0r
1y
0c
0i
#4428084532
0t
0s
0r
1y
0c
0i
#4428084934
1t
0s
0r
1y
0c
0i
#4428085566
0t
0s
0r
1y
0c
0i
#4428085966
1t
0s
0r
1y
0c
0i
#4428086600
0t
0s
0r
1y
0c
0i
#4428086998
1t
0s
0r
1y
0c
0i
#4428087628
0t
0s
0r
1y
0c
0i
#4428088027
1t
0s
0r
1y
0c
0i
#4428088657
0t
0s
0r
1y
0c
0i
#4428089055
1t
0s
0r
1y
0c
0i
#4428089687
0t
0s
0r
1y
0c
0i
#4428090084
1t
0s
0r
1y
0c
0i
#4428090712
0t
0s
0r
1y
0c
0i
#4428091110
1t
0s
0r
1y
0c
0i
#4428091739
0t
0s
0r
1y
0c
0i
#4428092136
1t
0s
0r
1y
0c
0i
#4428092769
0t
0s
0r
1y
0c
0i
#4428093165
1t
0s
0r
1y
0c
0i
#4428093794
0t
0s
0r
1y
0c
0i
#4428094192
1t
0s
0r
1y
0c
0i
#4428094822
0t
0s
0r
1y
0c
0i
#4428095221
1t
0s
0r
1y
0c
0i
#4428095853
0t
0s
0r
1y
0c
0i
#4428096251
1t
0s
0r
1y
0c
0i
#4428096879
0t
0s
0r
1y
0c
0i
#4428097279
1t
0s
0r
1y
0c
0i
#4428097908
0t
0s
0r
1y
0c
0i
#4428098307
1t
0s
0r
1y
0c
0i
#4428098939
0t
0s
0r
1y
0c
0i
#4428099337
1t
0s
0r
1y
0c
0i
#4428099965
0t
0s
0r
1y
0c
0i
#4428100365
1t
0s
0r
1y
0c
0i
#4428100993
0t
0s
0r
1y
0c
0i
#4428101393
1t
0s
0r
1y
0c
0i
#4428102023
0t
0s
0r
1y
0c
0i
#4428102421
1t
0s
0r
1y
0c
0i
#4428103048
0t
0s
0r
1y
0c
0i
#4428103448
1t
0s
0r
1y
0c
0i
#4428104075
0t
0s
0r
1y
0c
0i
#4428104475
1t
0s
0r
1y
0c
0i
#4428105105
0t
0s
0r
1y
0c
0i
#4428105505
1t
0s
0r
1y
0c
0i
#4428106130
0t
0s
0r
1y
0c
0i
#4428106532
1t
0s
0r
1y
0c
0i
#4428107160
0t
0s
0r
1y
1c
0i
#4428107561
1t
0s
0r
1y
1c
0i
#4428108193
0t
0s
0r
1y
1c
0i
#4428108593
1t
0s
0r
1y
1c
1i
#4428109222
0t
0s
0r
1y
1c
1i
#4428109624
1t
0s
0r
1y
1c
1i
#4428110256
0t
0s
0r
1y
1c
1i
#4428110657
1t
0s
0r
1y
1c
1i
#4428111292
0t
0s
0r
1y
1c
0i
#4428111693
1t
0s
0r
1y
1c
0i
#4428112323
0t
0s
0r
1y
1c
0i
#4428112725
1t
0s
0r
1y
1c
0i
#4428113357
0t
0s
0r
1y
1c
0i
#4428113759
1t
0s
0r
1y
1c
0i
#4428114393
0t
0s
0r
1y
1c
0i
#4428114793
1t
0s
0r
1y
1c
0i
#4428115422
0t
0s
0r
1y
1c
0i
#4428115825
1t
0s
0r
1y
1c
0i
#4428116454
0t
0s
0r
1y
1c
0i
#4428116856
1t
0s
0r
1y
1c
0i
#4428117487
0t
0s
0r
1y
1c
0i
#4428117888
1t
0s
0r
1y
1c
0i
#4428118514
0t
0s
0r
1y
1c
0i
#4428118915
1t
0s
0r
1y
1c
0i
#4428119542
0t
0s
0r
1y
1c
0i
#4428119943
1t
0s
0r
1y
1c
0i
#4428120570
0t
0s
0r
1y
1c
0i
#4428120971
1t
0s
0r
1y
1c
0i
#4428121594
0t
0s
0r
1y
1c
0i
#4428121996
1t
0s
0r
1y
1c
0i
#4428122620
0t
0s
0r
1y
1c
0i
#4428123021
1t
0s
0r
1y
1c
0i
#4428123648
0t
0s
0r
1y
1c
0i
#4428124047
1t
0s
0r
1y
1c
0i
#4428125675
0t
0s
0r
1y
1c
0i
#4428126823
1t
0s
0r
1y
1c
0i
#4428127759
0t
0s
0r
1y
1c
0i
#4428128146
1t
0s
0r
1y
1c
0i
#4428128775
0t
0s
0r
1y
1c
0i
#4428129172
1t
0s
0r
1y
1c
0i
#4428129799
0t
0s
0r
1y
1c
0i
#4428130197
1t
0s
0r
1y
1c
0i
#4428130823
0t
0s
0r
1y
1c
0i
#4428131222
1t
0s
0r
1y
1c
0i
#4428131848
0t
0s
0r
1y
1c
0i
#4428132246
1t
0s
0r
1y
1c
0i
#4428132874
0t
0s
0r
1y
1c
0i
#4428133270
1t
0s
0r
1y
1c
0i
#4428133895
0t
0s
0r
1y
1c
0i
#4428134293
1t
0s
0r
1y
1c
0i
#4428134918
0t
0s
0r
1y
1c
0i
#4428135316
1t
0s
0r
1y
1c
0i
#4428135943
0t
0s
0r
1y
1c
0i
#4428136341
1t
0s
0r
1y
1c
0i
#4428136964
0t
0s
0r
1y
1c
0i
#4428137364
1t
0s
0r
1y
1c
0i
#4428137990
0t
0s
0r
1y
1c
0i
#4428138389
1t
0s
0r
1y
0c
0i
#4428139019
0t
0s
0r
1y
0c
0i
#4428139416
1t
0s
0r
1y
0c
1i
#4428140044
0t
0s
0r
1y
0c
1i
#4428140443
1t
0s
0r
1y
0c
1i
#4428141071
0t
0s
0r
1y
0c
1i
#4428141472
1t
0s
0r
1y
0c
1i
#4428141632
1t
0s
1r
1y
0c
1i
#4428141635
1t
0s
0r
1y
0c
1i
#4428142104
0t
0s
0r
1y
0c
0i
#4428142503
1t
0s
0r
1y
0c
0i
#4428143131
0t
0s
0r
1y
0c
0i
#4428143531
1t
0s
0r
1y
0c
0i
#4428144160
0t
0s
0r
1y
0c
0i
#4428144560
1t
0s
0r
1y
0c
0i
#4428145192
0t
0s
0r
1y
0c
0i
#4428145590
1t
0s
0r
1y
0c
0i
#4428146219
0t
0s
0r
1y
0c
0i
#4428146619
1t
0s
0r
1y
0c
0i
#4428147249
0t
0s
0r
1y
0c
0i
#4428147648
1t
0s
0r
1y
0c
0i
#4428148282
0t
0s
0r
1y
0c
0i
#4428148679
1t
0s
0r
1y
0c
0i
#4428149310
0t
0s
0r
1y
0c
0i
#4428149709
1t
0s
0r
1y
0c
0i
#4428150340
0t
0s
0r
1y
0c
0i
#4428150738
1t
0s
0r
1y
0c
0i
#4428151373
0t
0s
0r
1y
0c
0i
#4428151770
1t
0s
0r
1y
0c
0i
#4428152400
0t
0s
0r
1y
0c
0i
#4428152799
1t
0s
0r
1y
0c
0i
#4428153431
0t
0s
0r
1y
0c
0i
#4428153829
1t
0s
0r
1y
0c
0i
#4428154464
0t
0s
0r
1y
0c
0i
#4428154861
1t
0s
0r
1y
0c
0i
#4428155492
0t
0s
0r
1y
0c
0i
#4428155891
1t
0s
0r
1y
0c
0i
#4428156522
0t
0s
0r
1y
0c
0i
#4428156922
1t
0s
0r
1y
0c
0i
#4428157555
0t
0s
0r
1y
0c
0i
#4428157954
1t
0s
0r
1y
0c
0i
#4428158583
0t
0s
0r
1y
0c
0i
#4428158983
1t
0s
0r
1y
0c
0i
#4428159614
0t
0s
0r
1y
0c
0i
#4428160013
1t
0s
0r
1y
0c
0i
#4428160647
0t
0s
0r
1y
0c
0i
#4428161044
1t
0s
0r
1y
0c
0i
#4428161673
0t
0s
0r
1y
0c
0i
#4428162074
1t
0s
0r
1y
0c
0i
#4428162703
0t
0s
0r
1y
0c
0i
#4428163103
1t
0s
0r
1y
0c
0i
#4428163735
0t
0s
0r
1y
0c
0i
#4428164134
1t
0s
0r
1y
0c
0i
#4428164762
0t
0s
0r
1y
0c
0i
#4428165163
1t
0s
0r
1y
0c
0i
#4428165792
0t
0s
0r
1y
0c
0i
#4428166193
1t
0s
0r
1y
0c
0i
#4428166824
0t
0s
0r
1y
0c
0i
#4428167225
1t
0s
0r
1y
0c
0i
#4428167853
0t
0s
0r
1y
0c
0i
#4428168256
1t
0s
0r
1y
0c
0i
#4428168886
0t
0s
0r
1y
1c
0i
#4428169288
1t
0s
0r
1y
1c
0i
#4428169923
0t
0s
0r
1y
1c
0i
#4428170323
1t
0s
0r
1y
1c
1i
#4428170955
0t
0s
0r
1y
1c
1i
#4428171358
1t
0s
0r
1y
1c
1i
#4428171992
0t
0s
0r
1y
1c
1i
#4428172394
1t
0s
0r
1y
1c
1i
#4428173031
0t
0s
0r
1y
1c
0i
#4428173432
1t
0s
0r
1y
1c
0i
#4428174064
0t
0s
0r
1y
1c
0i
#4428174467
1t
0s
0r
1y
1c
0i
#4428175101
0t
0s
0r
1y
1c
0i
#4428175503
1t
0s
0r
1y
1c
0i
#4428176139
0t
0s
0r
1y
1c
0i
#4428176540
1t
0s
0r
1y
1c
0i
#4428177171
0t
0s
0r
1y
1c
0i
#4428177575
1t
0s
0r
1y
1c
0i
#4428178206
0t
0s
0r
1y
1c
0i
#4428178610
1t
0s
0r
1y
1c
0i
#4428179244
0t
0s
0r
1y
1c
0i
#4428179646
1t
0s
0r
1y
1c
0i
#4428180276
0t
0s
0r
1y
1c
0i
#4428180679
1t
0s
0r
1y
1c
0i
#4428181310
0t
0s
0r
1y
1c
0i
#4428181713
1t
0s
0r
1y
1c
0i
#4428182345
0t
0s
0r
1y
1c
0i
#4428182748
1t
0s
0r
1y
1c
0i
#4428183376
0t
0s
0r
1y
1c
0i
#4428183780
1t
0s
0r
1y
1c
0i
#4428184409
0t
0s
0r
1y
1c
0i
#4428184812
1t
0s
0r
1y
1c
0i
#4428185444
0t
0s
0r
1y
1c
0i
#4428185846
1t
0s
0r
1y
1c
0i
#4428187485
0t
0s
0r
1y
1c
0i
#4428188641
1t
0s
0r
1y
1c
0i
#4428189582
0t
0s
0r
1y
1c
0i
#4428189971
1t
0s
0r
1y
1c
0i
#4428190604
0t
0s
0r
1y
1c
0i
#4428191005
1t
0s
0r
1y
1c
0i
#4428191636
0t
0s
0r
1y
1c
0i
#4428192037
1t
0s
0r
1y
1c
0i
#4428192667
0t
0s
0r
1y
1c
0i
#4428193069
1t
0s
0r
1y
1c
0i
#4428193699
0t
0s
0r
1y
1c
0i
#4428194100
1t
0s
0r
1y
1c
0i
#4428194732
0t
0s
0r
1y
1c
0i
#4428195132
1t
0s
0r
1y
1c
0i
#4428195761
0t
0s
0r
1y
1c
0i
#4428196161
1t
0s
0r
1y
1c
0i
#4428196792
0t
0s
0r
1y
1c
0i
#4428197192
1t
0s
0r
1y
1c
0i
#4428197824
0t
0s
0r
1y
1c
0i
#4428198225
1t
0s
0r
1y
1c
0i
#4428198853
0t
0s
0r
1y
1c
0i
#4428199255
1t
0s
0r
1y
0c
0i
#4428199886
0t
0s
0r
1y
0c
0i
#4428200287
1t
0s
0r
1y
0c
0i
#4428200922
0t
0s
0r
1y
0c
0i
#4428201322
1t
0s
0r
1y
0c
1i
#4428201954
0t
0s
0r
1y
0c
1i
#4428202356
1t
0s
0r
1y
0c
1i
#4428202990
0t
0s
0r
1y
0c
1i
#4428203392
1t
0s
0r
1y
0c
1i
#4428204029
0t
0s
0r
1y
0c
0i
#4428204430
1t
0s
0r
1y
0c
0i
#4428205063
0t
0s
0r
1y
0c
0i
#4428205465
1t
0s
0r
1y
0c
0i
#4428206099
0t
0s
0r
1y
0c
0i
#4428206500
1t
0s
0r
1y
0c
0i
#4428207136
0t
0s
0r
1y
0c
0i
#4428207536
1t
0s
0r
1y
0c
0i
#4428208167
0t
0s
0r
1y
0c
0i
#4428208569
1t
0s
0r
1y
0c
0i
#4428209201
0t
0s
0r
1y
0c
0i
#4428209602
1t
0s
0r
1y
0c
0i
#4428210236
0t
0s
0r
1y
0c
0i
#4428210634
1t
0s
0r
1y
0c
0i
#4428211264
0t
0s
0r
1y
0c
0i
#4428211664
1t
0s
0r
1y
0c
0i
#4428212295
0t
0s
0r
1y
0c
0i
#4428212694
1t
0s
0r
1y
0c
0i
#4428213327
0t
0s
0r
1y
0c
0i
#4428213724
1t
0s
0r
1y
0c
0i
#4428214353
0t
0s
0r
1y
0c
0i
#4428214751
1t
0s
0r
1y
0c
0i
#4428215382
0t
0s
0r
1y
0c
0i
#4428215780
1t
0s
0r
1y
0c
0i
#4428216414
0t
0s
0r
1y
0c
0i
#4428216810
1t
0s
0r
1y
0c
0i
#4428217440
0t
0s
0r
1y
0c
0i
#4428217839
1t
0s
0r
1y
0c
0i
#4428218469
0t
0s
0r
1y
0c
0i
#4428218869
1t
0s
0r
1y
0c
0i
#4428219501
0t
0s
0r
1y
0c
0i
#4428219900
1t
0s
0r
1y
0c
0i
#4428220529
0t
0s
0r
1y
0c
0i
#4428220929
1t
0s
0r
1y
0c
0i
#4428221559
0t
0s
0r
1y
0c
0i
#4428221959
1t
0s
0r
1y
0c
0i
#4428222591
0t
0s
0r
1y
0c
0i
#4428222990
1t
0s
0r
1y
0c
0i
#4428223618
0t
0s
0r
1y
0c
0i
#4428224018
1t
0s
0r
1y
0c
0i
#4428224647
0t
0s
0r
1y
0c
0i
#4428225047
1t
0s
0r
1y
0c
0i
#4428225679
0t
0s
0r
1y
0c
0i
#4428226077
1t
0s
0r
1y
0c
0i
#4428226704
0t
0s
0r
1y
0c
0i
#4428227105
1t
0s
0r
1y
0c
0i
#4428227734
0t
0s
0r
1y
0c
0i
#4428228133
1t
0s
0r
1y
0c
0i
#4428228764
0t
0s
0r
1y
0c
0i
#4428229165
1t
0s
0r
1y
0c
0i
#4428229791
0t
0s
0r
1y
0c
0i
#4428230193
1t
0s
0r
1y
0c
0i
#4428230822
0t
0s
0r
1y
0c
0i
#4428231223
1t
0s
0r
1y
1c
0i
#4428231856
0t
0s
0r
1y
1c
0i
#4428232256
1t
0s
0r
1y
1c
1i
#4428232886
0t
0s
0r
1y
1c
1i
#4428233289
1t
0s
0r
1y
1c
1i
#4428233921
0t
0s
0r
1y
1c
1i
#4428234323
1t
0s
0r
1y
1c
1i
#4428234959
0t
0s
0r
1y
1c
0i
#4428235359
1t
0s
0r
1y
1c
0i
#4428235991
0t
0s
0r
1y
1c
0i
#4428236393
1t
0s
0r
1y
1c
0i
#4428237025
0t
0s
0r
1y
1c
0i
#4428237426
1t
0s
0r
1y
1c
0i
#4428238061
0t
0s
0r
1y
1c
0i
#4428238462
1t
0s
0r
1y
1c
0i
#4428239091
0t
0s
0r
1y
1c
0i
#4428239495
1t
0s
0r
1y
1c
0i
#4428240124
0t
0s
0r
1y
1c
0i
#4428240527
1t
0s
0r
1y
1c
0i
#4428241159
0t
0s
0r
1y
1c
0i
#4428241560
1t
0s
0r
1y
1c
0i
#4428242187
0t
0s
0r
1y
1c
0i
#4428242589
1t
0s
0r
1y
1c
0i
#4428243218
0t
0s
0r
1y
1c
0i
#4428243619
1t
0s
0r
1y
1c
0i
#4428244249
0t
0s
0r
1y
1c
0i
#4428244650
1t
0s
0r
1y
1c
0i
#4428245275
0t
0s
0r
1y
1c
0i
#4428245678
1t
0s
0r
1y
1c
0i
#4428246304
0t
0s
0r
1y
1c
0i
#4428246705
1t
0s
0r
1y
1c
0i
#4428247335
0t
0s
0r
1y
1c
0i
#4428247735
1t
0s
0r
1y
1c
0i
#4428249368
0t
0s
0r
1y
1c
0i
#4428250518
1t
0s
0r
1y
1c
0i
#4428251457
0t
0s
0r
1y
1c
0i
#4428251845
1t
0s
0r
1y
1c
0i
#4428252476
0t
0s
0r
1y
1c
0i
#4428252875
1t
0s
0r
1y
1c
0i
#4428253503
0t
0s
0r
1y
1c
0i
#4428253903
1t
0s
0r
1y
1c
0i
#4428254531
0t
0s
0r
1y
1c
0i
#4428254931
1t
0s
0r
1y
1c
0i
#4428255559
0t
0s
0r
1y
1c
0i
#4428255959
1t
0s
0r
1y
1c
0i
#4428256589
0t
0s
0r
1y
1c
0i
#4428256986
1t
0s
0r
1y
1c
0i
#4428257612
0t
0s
0r
1y
1c
0i
#4428258012
1t
0s
0r
1y
1c
0i
#4428258639
0t
0s
0r
1y
1c
0i
#4428259038
1t
0s
0r
1y
1c
0i
#4428259667
0t
0s
0r
1y
1c
0i
#4428260067
1t
0s
0r
1y
1c
0i
#4428260692
0t
0s
0r
1y
1c
0i
#4428261093
1t
0s
0r
1y
1c
0i
#4428261721
0t
0s
0r
1y
1c
0i
#4428262120
1t
0s
0r
1y
0c
0i
#4428262752
0t
0s
0r
1y
0c
0i
#4428263151
1t
0s
0r
1y
0c
1i
#4428263780
0t
0s
0r
1y
0c
1i
#4428264181
1t
0s
0r
1y
0c
1i
#4428264811
0t
0s
0r
1y
0c
1i
#4428265212
1t
0s
0r
1y
0c
1i
#4428265302
1t
0s
1r
1y
0c
1i
#4428265304
1t
0s
0r
1y
0c
1i
#4428265846
0t
0s
0r
1y
0c
0i
#4428266246
1t
0s
0r
1y
0c
0i
#4428266876
0t
0s
0r
1y
0c
0i
#4428267276
1t
0s
0r
1y
0c
0i
#4428267908
0t
0s
0r
1y
0c
0i
#4428268308
1t
0s
0r
1y
0c
0i
#4428268942
0t
0s
0r
1y
0c
0i
#4428269340
1t
0s
0r
1y
0c
0i
#4428269970
0t
0s
0r
1y
0c
0i
#4428270371
1t
0s
0r
1y
0c
0i
#4428271002
0t
0s
0r
1y
0c
0i
#4428271402
1t
0s
0r
1y
0c
0i
#4428272036
0t
0s
0r
1y
0c
0i
#4428272433
1t
0s
0r
1y
0c
0i
#4428273064
0t
0s
0r
1y
0c
0i
#4428273463
1t
0s
0r
1y
0c
0i
#4428274094
0t
0s
0r
1y
0c
0i
#4428274492
1t
0s
0r
1y
0c
0i
#4428275126
0t
0s
0r
1y
0c
0i
#4428275522
1t
0s
0r
1y
0c
0i
#4428276152
0t
0s
0r
1y
0c
0i
#4428276549
1t
0s
0r
1y
0c
0i
#4428277180
0t
0s
0r
1y
0c
0i
#4428277577
1t
0s
0r
1y
0c
0i
#4428278211
0t
0s
0r
1y
0c
0i
#4428278607
1t
0s
0r
1y
0c
0i
#4428279236
0t
0s
0r
1y
0c
0i
#4428279634
1t
0s
0r
1y
0c
0i
#4428280264
0t
0s
0r
1y
0c
0i
#4428280663
1t
0s
0r
1y
0c
0i
#4428281295
0t
0s
0r
1y
0c
0i
#4428281693
1t
0s
0r
1y
0c
0i
#4428282321
0t
0s
0r
1y
0c
0i
#4428282720
1t
0s
0r
1y
0c
0i
#4428283350
0t
0s
0r
1y
0c
0i
#4428283749
1t
0s
0r
1y
0c
0i
#4428284381
0t
0s
0r
1y
0c
0i
#4428284779
1t
0s
0r
1y
0c
0i
#4428285406
0t
0s
0r
1y
0c
0i
#4428285807
1t
0s
0r
1y
0c
0i
#4428286435
0t
0s
0r
1y
0c
0i
#4428286835
1t
0s
0r
1y
0c
0i
#4428287466
0t
0s
0r
1y
0c
0i
#4428287864
1t
0s
0r
1y
0c
0i
#4428288491
0t
0s
0r
1y
0c
0i
#4428288892
1t
0s
0r
1y
0c
0i
#4428289520
0t
0s
0r
1y
0c
0i
#4428289920
1t
0s
0r
1y
0c
0i
#4428290550
0t
0s
0r
1y
0c
0i
#4428290951
1t
0s
0r
1y
0c
0i
#4428291577
0t
0s
0r
1y
0c
0i
#4428291979
1t
0s
0r
1y
0c
0i
#4428292609
0t
0s
0r
1y
0c
0i
#4428293009
1t
0s
0r
1y
1c
0i
#4428293643
0t
0s
0r
1y
1c
0i
#4428294043
1t
0s
0r
1y
1c
1i
#4428294673
0t
0s
0r
1y
1c
1i
#4428295075
1t
0s
0r
1y
1c
1i
#4428295707
0t
0s
0r
1y
1c
1i
#4428296109
1t
0s
0r
1y
1c
1i
#4428296744
0t
0s
0r
1y
1c
0i
#4428297145
1t
0s
0r
1y
1c
0i
#4428297776
0t
0s
0r
1y
1c
0i
#4428298178
1t
0s
0r
1y
1c
0i
#4428298810
0t
0s
0r
1y
1c
0i
#4428299212
1t
0s
0r
1y
1c
0i
#4428299847
0t
0s
0r
1y
1c
0i
#4428300247
1t
0s
0r
1y
1c
0i
#4428300877
0t
0s
0r
1y
1c
0i
#4428301281
1t
0s
0r
1y
1c
0i
#4428301911
0t
0s
0r
1y
1c
0i
#4428302314
1t
0s
0r
1y
1c
0i
#4428302947
0t
0s
0r
1y
1c
0i
#4428303349
1t
0s
0r
1y
1c
0i
#4428303978
0t
0s
0r
1y
1c
0i
#4428304381
1t
0s
0r
1y
1c
0i
#4428305012
0t
0s
0r
1y
1c
0i
#4428305414
1t
0s
0r
1y
1c
0i
#4428306046
0t
0s
0r
1y
1c
0i
#4428306448
1t
0s
0r
1y
1c
0i
#4428307075
0t
0s
0r
1y
1c
0i
#4428307479
1t
0s
0r
1y
1c
0i
#4428308107
0t
0s
0r
1y
1c
0i
#4428308510
1t
0s
0r
1y
1c
0i
#4428309141
0t
0s
0r
1y
1c
0i
#4428309542
1t
0s
0r
1y
1c
0i
#4428311179
0t
0s
0r
1y
1c
0i
#4428312333
1t
0s
0r
1y
1c
0i
#4428313273
0t
0s
0r
1y
1c
0i
#4428313661
1t
0s
0r
1y
1c
0i
#4428314293
0t
0s
0r
1y
1c
0i
#4428314693
1t
0s
0r
1y
1c
0i
#4428315323
0t
0s
0r
1y
1c
0i
#4428315723
1t
0s
0r
1y
1c
0i
#4428316352
0t
0s
0r
1y
1c
0i
#4428316753
1t
0s
0r
1y
1c
0i
#4428317382
0t
0s
0r
1y
1c
0i
#4428317782
1t
0s
0r
1y
1c
0i
#4428318413
0t
0s
0r
1y
1c
0i
#4428318811
1t
0s
0r
1y
1c
0i
#4428319438
0t
0s
0r
1y
1c
0i
#4428319838
1t
0s
0r
1y
1c
0i
#4428320466
0t
0s
0r
1y
1c
0i
#4428320866
1t
0s
0r
1y
1c
0i
#4428321496
0t
0s
0r
1y
1c
0i
#4428321896
1t
0s
0r
1y
1c
0i
#4428322522
0t
0s
0r
1y
1c
0i
#4428322924
1t
0s
0r
1y
1c
0i
#4428323553
0t
0s
0r
1y
1c
0i
#4428323953
1t
0s
0r
1y
0c
0i
#4428324586
0t
0s
0r
1y
0c
0i
#4428324985
1t
0s
0r
1y
0c
1i
#4428325616
0t
0s
0r
1y
0c
1i
#4428326017
1t
0s
0r
1y
0c
1i
#4428326649
0t
0s
0r
1y
0c
1i
#4428327050
1t
0s
0r
1y
0c
1i
#4428327685
0t
0s
0r
1y
0c
0i
#4428328085
1t
0s
0r
1y
0c
0i
#4428328716
0t
0s
0r
1y
0c
0i
#4428329118
1t
0s
0r
1y
0c
0i
#4428329750
0t
0s
0r
1y
0c
0i
#4428330151
1t
0s
0r
1y
0c
0i
#4428330786
0t
0s
0r
1y
0c
0i
#4428331185
1t
0s
0r
1y
0c
0i
#4428331816
0t
0s
0r
1y
0c
0i
#4428332218
1t
0s
0r
1y
0c
0i
#4428332850
0t
0s
0r
1y
0c
0i
#4428333252
1t
0s
0r
1y
0c
0i
#4428333887
0t
0s
0r
1y
0c
0i
#4428334287
1t
0s
0r
1y
0c
0i
#4428334920
0t
0s
0r
1y
0c
0i
#4428335322
1t
0s
0r
1y
0c
0i
#4428335958
0t
0s
0r
1y
0c
0i
#4428336358
1t
0s
0r
1y
0c
0i
#4428336997
0t
0s
0r
1y
0c
0i
#4428337397
1t
0s
0r
1y
0c
0i
#4428338032
0t
0s
0r
1y
0c
0i
#4428338434
1t
0s
0r
1y
0c
0i
#4428339072
0t
0s
0r
1y
0c
0i
#4428339473
1t
0s
0r
1y
0c
0i
#4428340114
0t
0s
0r
1y
0c
0i
#4428340514
1t
0s
0r
1y
0c
0i
#4428341151
0t
0s
0r
1y
0c
0i
#4428341554
1t
0s
0r
1y
0c
0i
#4428342191
0t
0s
0r
1y
0c
0i
#4428342594
1t
0s
0r
1y
0c
0i
#4428343233
0t
0s
0r
1y
0c
0i
#4428343636
1t
0s
0r
1y
0c
0i
#4428344270
0t
0s
0r
1y
0c
0i
#4428344674
1t
0s
0r
1y
0c
0i
#4428345310
0t
0s
0r
1y
0c
0i
#4428345713
1t
0s
0r
1y
0c
0i
#4428346351
0t
0s
0r
1y
0c
0i
#4428346752
1t
0s
0r
1y
0c
0i
#4428347386
0t
0s
0r
1y
0c
0i
#4428347790
1t
0s
0r
1y
0c
0i
#4428348425
0t
0s
0r
1y
0c
0i
#4428348827
1t
0s
0r
1y
0c
0i
#4428349465
0t
0s
0r
1y
0c
0i
#4428349866
1t
0s
0r
1y
0c
0i
#4428350499
0t
0s
0r
1y
0c
0i
#4428350902
1t
0s
0r
1y
0c
0i
#4428351537
0t
0s
0r
1y
0c
0i
#4428351940
1t
0s
0r
1y
0c
0i
#4428352576
0t
0s
0r
1y
0c
0i
#4428352980
1t
0s
0r
1y
0c
0i
#4428353613
0t
0s
0r
1y
0c
0i
#4428354018
1t
0s
0r
1y
0c
0i
#4428354653
0t
0s
0r
1y
1c
0i
#4428355058
1t
0s
0r
1y
1c
0i
#4428355698
0t
0s
0r
1y
1c
0i
#4428356101
1t
0s
0r
1y
1c
1i
#4428356738
0t
0s
0r
1y
1c
1i
#4428357144
1t
0s
0r
1y
1c
1i
#4428357783
0t
0s
0r
1y
1c
1i
#4428358188
1t
0s
0r
1y
1c
1i
#4428358831
0t
0s
0r
1y
1c
0i
#4428359235
1t
0s
0r
1y
1c
0i
#4428359873
0t
0s
0r
1y
1c
0i
#4428360278
1t
0s
0r
1y
1c
0i
#4428360917
0t
0s
0r
1y
1c
0i
#4428361322
1t
0s
0r
1y
1c
0i
#4428361964
0t
0s
0r
1y
1c
0i
#4428362367
1t
0s
0r
1y
1c
0i
#4428363003
0t
0s
0r
1y
1c
0i
#4428363410
1t
0s
0r
1y
1c
0i
#4428364046
0t
0s
0r
1y
1c
0i
#4428364452
1t
0s
0r
1y
1c
0i
#4428365090
0t
0s
0r
1y
1c
0i
#4428365494
1t
0s
0r
1y
1c
0i
#4428366127
0t
0s
0r
1y
1c
0i
#4428366532
1t
0s
0r
1y
1c
0i
#4428367166
0t
0s
0r
1y
1c
0i
#4428367570
1t
0s
0r
1y
1c
0i
#4428368206
0t
0s
0r
1y
1c
0i
#4428368610
1t
0s
0r
1y
1c
0i
#4428369240
0t
0s
0r
1y
1c
0i
#4428369646
1t
0s
0r
1y
1c
0i
#4428370278
0t
0s
0r
1y
1c
0i
#4428370682
1t
0s
0r
1y
1c
0i
#4428371318
0t
0s
0r
1y
1c
0i
#4428371720
1t
0s
0r
1y
1c
0i
#4428373368
0t
0s
0r
1y
1c
0i
#4428374528
1t
0s
0r
1y
1c
0i
#4428375475
0t
0s
0r
1y
1c
0i
#4428375866
1t
0s
0r
1y
1c
0i
#4428376503
0t
0s
0r
1y
1c
0i
#4428376905
1t
0s
0r
1y
1c
0i
#4428377540
0t
0s
0r
1y
1c
0i
#4428377942
1t
0s
0r
1y
1c
0i
#4428378576
0t
0s
0r
1y
1c
0i
#4428378980
1t
0s
0r
1y
1c
0i
#4428379614
0t
0s
0r
1y
1c
0i
#4428380016
1t
0s
0r
1y
1c
0i
#4428380652
0t
0s
0r
1y
1c
0i
#4428381052
1t
0s
0r
1y
1c
0i
#4428381685
0t
0s
0r
1y
1c
0i
#4428382087
1t
0s
0r
1y
1c
0i
#4428382720
0t
0s
0r
1y
1c
0i
#4428383122
1t
0s
0r
1y
1c
0i
#4428383757
0t
0s
0r
1y
1c
0i
#4428384159
1t
0s
0r
1y
1c
0i
#4428384791
0t
0s
0r
1y
1c
0i
#4428385195
1t
0s
0r
1y
0c
0i
#4428385828
0t
0s
0r
1y
0c
0i
#4428386231
1t
0s
0r
1y
0c
0i
#4428386869
0t
0s
0r
1y
0c
0i
#4428387271
1t
0s
0r
1y
0c
1i
#4428387907
0t
0s
0r
1y
0c
1i
#4428388310
1t
0s
0r
1y
0c
1i
#4428388948
0t
0s
0r
1y
0c
1i
#4428389350
0t
0s
1r
1y
0c
1i
#4428389352
0t
0s
0r
1y
0c
1i
#4428389352
1t
0s
0r
1y
0c
1i
#4428389993
0t
0s
0r
1y
0c
0i
#4428390396
1t
0s
0r
1y
0c
0i
#4428391032
0t
0s
0r
1y
0c
0i
#4428391436
1t
0s
0r
1y
0c
0i
#4428392075
0t
0s
0r
1y
0c
0i
#4428392478
1t
0s
0r
1y
0c
0i
#4428393119
0t
0s
0r
1y
0c
0i
#4428393520
1t
0s
0r
1y
0c
0i
#4428394156
0t
0s
0r
1y
0c
0i
#4428394561
1t
0s
0r
1y
0c
0i
#4428395197
0t
0s
0r
1y
0c
0i
#4428395600
1t
0s
0r
1y
0c
0i
#4428396239
0t
0s
0r
1y
0c
0i
#4428396639
1t
0s
0r
1y
0c
0i
#4428397274
0t
0s
0r
1y
0c
0i
#4428397675
1t
0s
0r
1y
0c
0i
#4428398309
0t
0s
0r
1y
0c
0i
#4428398709
1t
0s
0r
1y
0c
0i
#4428399346
0t
0s
0r
1y
0c
0i
#4428399745
1t
0s
0r
1y
0c
0i
#4428400377
0t
0s
0r
1y
0c
0i
#4428400777
1t
0s
0r
1y
0c
0i
#4428401412
0t
0s
0r
1y
0c
0i
#4428401810
1t
0s
0r
1y
0c
0i
#4428402448
0t
0s
0r
1y
0c
0i
#4428402845
1t
0s
0r
1y
0c
0i
#4428403479
0t
0s
0r
1y
0c
0i
#4428403879
1t
0s
0r
1y
0c
0i
#4428404512
0t
0s
0r
1y
0c
0i
#4428404914
1t
0s
0r
1y
0c
0i
#4428405550
0t
0s
0r
1y
0c
0i
#4428405950
1t
0s
0r
1y
0c
0i
#4428406582
0t
0s
0r
1y
0c
0i
#4428406983
1t
0s
0r
1y
0c
0i
#4428407617
0t
0s
0r
1y
0c
0i
#4428408018
1t
0s
0r
1y
0c
0i
#4428408654
0t
0s
0r
1y
0c
0i
#4428409055
1t
0s
0r
1y
0c
0i
#4428409687
0t
0s
0r
1y
0c
0i
#4428410089
1t
0s
0r
1y
0c
0i
#4428410722
0t
0s
0r
1y
0c
0i
#4428411125
1t
0s
0r
1y
0c
0i
#4428411760
0t
0s
0r
1y
0c
0i
#4428412161
1t
0s
0r
1y
0c
0i
#4428412793
0t
0s
0r
1y
0c
0i
#4428413195
1t
0s
0r
1y
0c
0i
#4428413828
0t
0s
0r
1y
0c
0i
#4428414230
1t
0s
0r
1y
0c
0i
#4428414866
0t
0s
0r
1y
0c
0i
#4428415269
1t
0s
0r
1y
0c
0i
#4428415900
0t
0s
0r
1y
0c
0i
#4428416304
1t
0s
0r
1y
0c
0i
#4428416938
0t
0s
0r
1y
0c
0i
#4428417341
1t
0s
0r
1y
1c
0i
#4428417980
0t
0s
0r
1y
1c
0i
#4428418382
1t
0s
0r
1y
1c
1i
#4428419017
0t
0s
0r
1y
1c
1i
#4428419422
1t
0s
0r
1y
1c
1i
#4428420059
0t
0s
0r
1y
1c
1i
#4428420463
1t
0s
0r
1y
1c
1i
#4428421103
0t
0s
0r
1y
1c
0i
#4428421506
1t
0s
0r
1y
1c
0i
#4428422142
0t
0s
0r
1y
1c
0i
#4428422547
1t
0s
0r
1y
1c
0i
#4428423184
0t
0s
0r
1y
1c
0i
#4428423588
1t
0s
0r
1y
1c
0i
#4428424228
0t
0s
0r
1y
1c
0i
#4428424631
1t
0s
0r
1y
1c
0i
#4428425265
0t
0s
0r
1y
1c
0i
#4428425672
1t
0s
0r
1y
1c
0i
#4428426307
0t
0s
0r
1y
1c
0i
#4428426713
1t
0s
0r
1y
1c
0i
#4428427351
0t
0s
0r
1y
1c
0i
#4428427756
1t
0s
0r
1y
1c
0i
#4428428390
0t
0s
0r
1y
1c
0i
#4428428796
1t
0s
0r
1y
1c
0i
#4428429432
0t
0s
0r
1y
1c
0i
#4428429838
1t
0s
0r
1y
1c
0i
#4428430476
0t
0s
0r
1y
1c
0i
#4428430882
1t
0s
0r
1y
1c
0i
#4428431516
0t
0s
0r
1y
1c
0i
#4428431923
1t
0s
0r
1y
1c
0i
#4428432558
0t
0s
0r
1y
1c
0i
#4428432965
1t
0s
0r
1y
1c
0i
#4428433604
0t
0s
0r
1y
1c
0i
#4428434008
1t
0s
0r
1y
1c
0i
#4428435664
0t
0s
0r
1y
1c
0i
#4428436829
1t
0s
0r
1y
1c
0i
#4428437781
0t
0s
0r
1y
1c
0i
#4428438174
1t
0s
0r
1y
1c
0i
#4428438814
0t
0s
0r
1y
1c
0i
#4428439217
1t
0s
0r
1y
1c
0i
#4428439854
0t
0s
0r
1y
1c
0i
#4428440258
1t
0s
0r
1y
1c
0i
#4428440895
0t
0s
0r
1y
1c
0i
#4428441300
1t
0s
0r
1y
1c
0i
#4428441937
0t
0s
0r
1y
1c
0i
#4428442340
1t
0s
0r
1y
1c
0i
#4428442979
0t
0s
0r
1y
1c
0i
#4428443381
1t
0s
0r
1y
1c
0i
#4428444016
0t
0s
0r
1y
1c
0i
#4428444420
1t
0s
0r
1y
1c
0i
#4428445056
0t
0s
0r
1y
1c
0i
#4428445459
1t
0s
0r
1y
1c
0i
#4428446098
0t
0s
0r
1y
1c
0i
#4428446501
1t
0s
0r
1y
1c
0i
#4428447136
0t
0s
0r
1y
1c
0i
#4428447541
1t
0s
0r
1y
1c
0i
#4428448178
0t
0s
0r
1y
1c
0i
#4428448583
1t
0s
0r
1y
0c
0i
#4428449224
0t
0s
0r
1y
0c
0i
#4428449627
1t
0s
0r
1y
0c
1i
#4428450265
0t
0s
0r
1y
0c
1i
#4428450670
1t
0s
0r
1y
0c
1i
#4428451310
0t
0s
0r
1y
0c
1i
#4428451716
1t
0s
0r
1y
0c
1i
#4428452359
0t
0s
0r
1y
0c
0i
#4428452763
1t
0s
0r
1y
0c
0i
#4428453401
0t
0s
0r
1y
0c
0i
#4428453807
1t
0s
0r
1y
0c
0i
#4428454447
0t
0s
0r
1y
0c
0i
#4428454851
1t
0s
0r
1y
0c
0i
#4428455494
0t
0s
0r
1y
0c
0i
#4428455896
1t
0s
0r
1y
0c
0i
#4428456534
0t
0s
0r
1y
0c
0i
#4428456940
1t
0s
0r
1y
0c
0i
#4428457578
0t
0s
0r
1y
0c
0i
#4428457983
1t
0s
0r
1y
0c
0i
#4428458625
0t
0s
0r
1y
0c
0i
#4428459027
1t
0s
0r
1y
0c
0i
#4428459666
0t
0s
0r
1y
0c
0i
#4428460070
1t
0s
0r
1y
0c
0i
#4428460709
0t
0s
0r
1y
0c
0i
#4428461112
1t
0s
0r
1y
0c
0i
#4428461755
0t
0s
0r
1y
0c
0i
#4428462156
1t
0s
0r
1y
0c
0i
#4428462794
0t
0s
0r
1y
0c
0i
#4428463196
1t
0s
0r
1y
0c
0i
#4428463836
0t
0s
0r
1y
0c
0i
#4428464238
1t
0s
0r
1y
0c
0i
#4428464880
0t
0s
0r
1y
0c
0i
#4428465281
1t
0s
0r
1y
0c
0i
#4428465919
0t
0s
0r
1y
0c
0i
#4428466322
1t
0s
0r
1y
0c
0i
#4428466960
0t
0s
0r
1y
0c
0i
#4428467364
1t
0s
0r
1y
0c
0i
#4428468004
0t
0s
0r
1y
0c
0i
#4428468407
1t
0s
0r
1y
0c
0i
#4428469043
0t
0s
0r
1y
0c
0i
#4428469447
1t
0s
0r
1y
0c
0i
#4428470084
0t
0s
0r
1y
0c
0i
#4428470488
1t
0s
0r
1y
0c
0i
#4428471128
0t
0s
0r
1y
0c
0i
#4428471530
1t
0s
0r
1y
0c
0i
#4428472166
0t
0s
0r
1y
0c
0i
#4428472571
1t
0s
0r
1y
0c
0i
#4428473207
0t
0s
0r
1y
0c
0i
#4428473611
1t
0s
0r
1y
0c
0i
#4428474251
0t
0s
0r
1y
0c
0i
#4428474653
1t
0s
0r
1y
0c
0i
#4428475288
0t
0s
0r
1y
0c
0i
#4428475692
1t
0s
0r
1y
0c
0i
#4428476329
0t
0s
0r
1y
0c
0i
#4428476733
1t
0s
0r
1y
0c
0i
#4428477371
0t
0s
0r
1y
0c
0i
#4428477776
1t
0s
0r
1y
0c
0i
#4428478410
0t
0s
0r
1y
0c
0i
#4428478816
1t
0s
0r
1y
0c
0i
#4428479453
0t
0s
0r
1y
1c
0i
#4428479859
1t
0s
0r
1y
1c
0i
#4428480500
0t
0s
0r
1y
1c
0i
#4428480904
1t
0s
0r
1y
1c
1i
#4428481542
0t
0s
0r
1y
1c
1i
#4428481948
1t
0s
0r
1y
1c
1i
#4428482588
0t
0s
0r
1y
1c
1i
#4428482995
1t
0s
0r
1y
1c
1i
#4428483638
0t
0s
0r
1y
1c
0i
#4428484043
1t
0s
0r
1y
1c
0i
#4428484682
0t
0s
0r
1y
1c
0i
#4428485089
1t
0s
0r
1y
1c
0i
#4428485729
0t
0s
0r
1y
1c
0i
#4428486135
1t
0s
0r
1y
1c
0i
#4428486778
0t
0s
0r
1y
1c
0i
#4428487182
1t
0s
0r
1y
1c
0i
#4428487819
0t
0s
0r
1y
1c
0i
#4428488227
1t
0s
0r
1y
1c
0i
#4428488865
0t
0s
0r
1y
1c
0i
#4428489271
1t
0s
0r
1y
1c
0i
#4428489912
0t
0s
0r
1y
1c
0i
#4428490317
1t
0s
0r
1y
1c
0i
#4428490953
0t
0s
0r
1y
1c
0i
#4428491359
1t
0s
0r
1y
1c
0i
#4428491996
0t
0s
0r
1y
1c
0i
#4428492401
1t
0s
0r
1y
1c
0i
#4428493039
0t
0s
0r
1y
1c
0i
#4428493444
1t
0s
0r
1y
1c
0i
#4428494078
0t
0s
0r
1y
1c
0i
#4428494485
1t
0s
0r
1y
1c
0i
#4428495119
0t
0s
0r
1y
1c
0i
#4428495525
1t
0s
0r
1y
1c
0i
#4428496163
0t
0s
0r
1y
1c
0i
#4428496567
1t
0s
0r
1y
1c
0i
#4428498221
0t
0s
0r
1y
1c
0i
#4428499385
1t
0s
0r
1y
1c
0i
#4428500336
0t
0s
0r
1y
1c
0i
#4428500728
1t
0s
0r
1y
1c
0i
#4428501367
0t
0s
0r
1y
1c
0i
#4428501770
1t
0s
0r
1y
1c
0i
#4428502407
0t
0s
0r
1y
1c
0i
#4428502810
1t
0s
0r
1y
1c
0i
#4428503446
0t
0s
0r
1y
1c
0i
#4428503851
1t
0s
0r
1y
1c
0i
#4428504488
0t
0s
0r
1y
1c
0i
#4428504891
1t
0s
0r
1y
1c
0i
#4428505529
0t
0s
0r
1y
1c
0i
#4428505931
1t
0s
0r
1y
1c
0i
#4428506565
0t
0s
0r
1y
1c
0i
#4428506969
1t
0s
0r
1y
1c
0i
#4428507604
0t
0s
0r
1y
1c
0i
#4428508007
1t
0s
0r
1y
1c
0i
#4428508645
0t
0s
0r
1y
1c
0i
#4428509048
1t
0s
0r
1y
1c
0i
#4428509682
0t
0s
0r
1y
1c
0i
#4428510087
1t
0s
0r
1y
1c
0i
#4428510723
0t
0s
0r
1y
0c
0i
#4428511127
1t
0s
0r
1y
0c
0i
#4428511767
0t
0s
0r
1y
0c
0i
#4428512170
1t
0s
0r
1y
0c
1i
#4428512807
0t
0s
0r
1y
0c
1i
#4428513212
1t
0s
0r
1y
0c
1i
#4428513851
0t
0s
0r
1y
0c
1i
#4428514256
1t
0s
0r
1y
0c
1i
#4428514310
1t
0s
1r
1y
0c
1i
#4428514313
1t
0s
0r
1y
0c
1i
#4428514898
0t
0s
0r
1y
0c
0i
#4428515302
1t
0s
0r
1y
0c
0i
#4428515940
0t
0s
0r
1y
0c
0i
#4428516345
1t
0s
0r
1y
0c
0i
#4428516985
0t
0s
0r
1y
0c
0i
#4428517389
1t
0s
0r
1y
0c
0i
#4428518031
0t
0s
0r
1y
0c
0i
#4428518434
1t
0s
0r
1y
0c
0i
#4428519072
0t
0s
0r
1y
0c
0i
#4428519477
1t
0s
0r
1y
0c
0i
#4428520116
0t
0s
0r
1y
0c
0i
#4428520520
1t
0s
0r
1y
0c
0i
#4428521162
0t
0s
0r
1y
0c
0i
#4428521564
1t
0s
0r
1y
0c
0i
#4428522203
0t
0s
0r
1y
0c
0i
#4428522606
1t
0s
0r
1y
0c
0i
#4428523245
0t
0s
0r
1y
0c
0i
#4428523647
1t
0s
0r
1y
0c
0i
#4428524290
0t
0s
0r
1y
0c
0i
#4428524690
1t
0s
0r
1y
0c
0i
#4428525328
0t
0s
0r
1y
0c
0i
#4428525731
1t
0s
0r
1y
0c
0i
#4428526370
0t
0s
0r
1y
0c
0i
#4428526772
1t
0s
0r
1y
0c
0i
#4428527414
0t
0s
0r
1y
0c
0i
#4428527814
1t
0s
0r
1y
0c
0i
#4428528453
0t
0s
0r
1y
0c
0i
#4428528856
1t
0s
0r
1y
0c
0i
#4428529494
0t
0s
0r
1y
0c
0i
#4428529898
1t
0s
0r
1y
0c
0i
#4428530538
0t
0s
0r
1y
0c
0i
#4428530941
1t
0s
0r
1y
0c
0i
#4428531577
0t
0s
0r
1y
0c
0i
#4428531982
1t
0s
0r
1y
0c
0i
#4428532620
0t
0s
0r
1y
0c
0i
#4428533023
1t
0s
0r
1y
0c
0i
#4428533664
0t
0s
0r
1y
0c
0i
#4428534066
1t
0s
0r
1y
0c
0i
#4428534703
0t
0s
0r
1y
0c
0i
#4428535108
1t
0s
0r
1y
0c
0i
#4428535745
0t
0s
0r
1y
0c
0i
#4428536149
1t
0s
0r
1y
0c
0i
#4428536789
0t
0s
0r
1y
0c
0i
#4428537192
1t
0s
0r
1y
0c
0i
#4428537828
0t
0s
0r
1y
0c
0i
#4428538233
1t
0s
0r
1y
0c
0i
#4428538870
0t
0s
0r
1y
0c
0i
#4428539274
1t
0s
0r
1y
0c
0i
#4428539914
0t
0s
0r
1y
0c
0i
#4428540319
1t
0s
0r
1y
0c
0i
#4428540954
0t
0s
0r
1y
0c
0i
#4428541361
1t
0s
0r
1y
0c
0i
#4428541999
0t
0s
0r
1y
1c
0i
#4428542405
1t
0s
0r
1y
1c
0i
#4428543048
0t
0s
0r
1y
1c
0i
#4428543453
1t
0s
0r
1y
1c
1i
#4428544092
0t
0s
0r
1y
1c
1i
#4428544499
1t
0s
0r
1y
1c
1i
#4428545141
0t
0s
0r
1y
1c
1i
#4428545548
1t
0s
0r
1y
1c
1i
#4428546193
0t
0s
0r
1y
1c
0i
#4428546598
1t
0s
0r
1y
1c
0i
#4428547239
0t
0s
0r
1y
1c
0i
#4428547646
1t
0s
0r
1y
1c
0i
#4428548288
0t
0s
0r
1y
1c
0i
#4428548694
1t
0s
0r
1y
1c
0i
#4428549338
0t
0s
0r
1y
1c
0i
#4428549744
1t
0s
0r
1y
1c
0i
#4428550382
0t
0s
0r
1y
1c
0i
#4428550791
1t
0s
0r
1y
1c
0i
#4428551430
0t
0s
0r
1y
1c
0i
#4428551837
1t
0s
0r
1y
1c
0i
#4428552479
0t
0s
0r
1y
1c
0i
#4428552884
1t
0s
0r
1y
1c
0i
#4428553521
0t
0s
0r
1y
1c
0i
#4428553928
1t
0s
0r
1y
1c
0i
#4428554566
0t
0s
0r
1y
1c
0i
#4428554972
1t
0s
0r
1y
1c
0i
#4428555611
0t
0s
0r
1y
1c
0i
#4428556018
1t
0s
0r
1y
1c
0i
#4428556652
0t
0s
0r
1y
1c
0i
#4428557060
1t
0s
0r
1y
1c
0i
#4428557695
0t
0s
0r
1y
1c
0i
#4428558102
1t
0s
0r
1y
1c
0i
#4428558741
0t
0s
0r
1y
1c
0i
#4428559146
1t
0s
0r
1y
1c
0i
#4428560802
0t
0s
0r
1y
1c
0i
#4428561969
1t
0s
0r
1y
1c
0i
#4428562921
0t
0s
0r
1y
1c
0i
#4428563313
1t
0s
0r
1y
1c
0i
#4428563954
0t
0s
0r
1y
1c
0i
#4428564357
1t
0s
0r
1y
1c
0i
#4428564995
0t
0s
0r
1y
1c
0i
#4428565399
1t
0s
0r
1y
1c
0i
#4428566036
0t
0s
0r
1y
1c
0i
#4428566441
1t
0s
0r
1y
1c
0i
#4428567079
0t
0s
0r
1y
1c
0i
#4428567482
1t
0s
0r
1y
1c
0i
#4428568122
0t
0s
0r
1y
1c
0i
#4428568524
1t
0s
0r
1y
1c
0i
#4428569159
0t
0s
0r
1y
1c
0i
#4428569563
1t
0s
0r
1y
1c
0i
#4428570200
0t
0s
0r
1y
1c
0i
#4428570603
1t
0s
0r
1y
1c
0i
#4428571241
0t
0s
0r
1y
1c
0i
#4428571646
1t
0s
0r
1y
1c
0i
#4428572281
0t
0s
0r
1y
1c
0i
#4428572686
1t
0s
0r
1y
1c
0i
#4428573323
0t
0s
0r
1y
0c
0i
#4428573728
1t
0s
0r
1y
0c
0i
#4428574369
0t
0s
0r
1y
0c
0i
#4428574773
1t
0s
0r
1y
0c
1i
#4428575411
0t
0s
0r
1y
0c
1i
#4428575817
1t
0s
0r
1y
0c
1i
#4428576457
0t
0s
0r
1y
0c
1i
#4428576863
1t
0s
0r
1y
0c
1i
#4428577506
0t
0s
0r
1y
0c
0i
#4428577911
1t
0s
0r
1y
0c
0i
#4428578550
0t
0s
0r
1y
0c
0i
#4428578956
1t
0s
0r
1y
0c
0i
#4428579597
0t
0s
0r
1y
0c
0i
#4428580001
1t
0s
0r
1y
0c
0i
#4428580645
0t
0s
0r
1y
0c
0i
#4428581048
1t
0s
0r
1y
0c
0i
#4428581687
0t
0s
0r
1y
0c
0i
#4428582092
1t
0s
0r
1y
0c
0i
#4428582731
0t
0s
0r
1y
0c
0i
#4428583135
1t
0s
0r
1y
0c
0i
#4428583777
0t
0s
0r
1y
0c
0i
#4428584179
1t
0s
0r
1y
0c
0i
#4428584816
0t
0s
0r
1y
0c
0i
#4428585219
1t
0s
0r
1y
0c
0i
#4428585857
0t
0s
0r
1y
0c
0i
#4428586258
1t
0s
0r
1y
0c
0i
#4428586898
0t
0s
0r
1y
0c
0i
#4428587298
1t
0s
0r
1y
0c
0i
#4428587933
0t
0s
0r
1y
0c
0i
#4428588335
1t
0s
0r
1y
0c
0i
#4428588971
0t
0s
0r
1y
0c
0i
#4428589372
1t
0s
0r
1y
0c
0i
#4428590011
0t
0s
0r
1y
0c
0i
#4428590411
1t
0s
0r
1y
0c
0i
#4428591046
0t
0s
0r
1y
0c
0i
#4428591448
1t
0s
0r
1y
0c
0i
#4428592083
0t
0s
0r
1y
0c
0i
#4428592486
1t
0s
0r
1y
0c
0i
#4428593124
0t
0s
0r
1y
0c
0i
#4428593525
1t
0s
0r
1y
0c
0i
#4428594159
0t
0s
0r
1y
0c
0i
#4428594562
1t
0s
0r
1y
0c
0i
#4428595198
0t
0s
0r
1y
0c
0i
#4428595600
1t
0s
0r
1y
0c
0i
#4428596238
0t
0s
0r
1y
0c
0i
#4428596640
1t
0s
0r
1y
0c
0i
#4428597273
0t
0s
0r
1y
0c
0i
#4428597677
1t
0s
0r
1y
0c
0i
#4428598311
0t
0s
0r
1y
0c
0i
#4428598714
1t
0s
0r
1y
0c
0i
#4428599351
0t
0s
0r
1y
0c
0i
#4428599753
1t
0s
0r
1y
0c
0i
#4428600385
0t
0s
0r
1y
0c
0i
#4428600789
1t
0s
0r
1y
0c
0i
#4428601423
0t
0s
0r
1y
0c
0i
#4428601826
1t
0s
0r
1y
0c
0i
#4428602462
0t
0s
0r
1y
0c
0i
#4428602866
1t
0s
0r
1y
0c
0i
#4428603498
0t
0s
0r
1y
0c
0i
#4428603903
1t
0s
0r
1y
0c
0i
#4428604538
0t
0s
0r
1y
1c
0i
#4428604942
1t
0s
0r
1y
1c
0i
#4428605582
0t
0s
0r
1y
1c
0i
#4428605985
1t
0s
0r
1y
1c
1i
#4428606621
0t
0s
0r
1y
1c
1i
#4428607026
1t
0s
0r
1y
1c
1i
#4428607664
0t
0s
0r
1y
1c
1i
#4428608070
1t
0s
0r
1y
1c
1i
#4428608712
0t
0s
0r
1y
1c
0i
#4428609116
1t
0s
0r
1y
1c
0i
#4428609753
0t
0s
0r
1y
1c
0i
#4428610159
1t
0s
0r
1y
1c
0i
#4428610797
0t
0s
0r
1y
1c
0i
#4428611202
1t
0s
0r
1y
1c
0i
#4428611844
0t
0s
0r
1y
1c
0i
#4428612247
1t
0s
0r
1y
1c
0i
#4428612883
0t
0s
0r
1y
1c
0i
#4428613291
1t
0s
0r
1y
1c
0i
#4428613927
0t
0s
0r
1y
1c
0i
#4428614333
1t
0s
0r
1y
1c
0i
#4428614973
0t
0s
0r
1y
1c
0i
#4428615378
1t
0s
0r
1y
1c
0i
#4428616013
0t
0s
0r
1y
1c
0i
#4428616419
1t
0s
0r
1y
1c
0i
#4428617056
0t
0s
0r
1y
1c
0i
#4428617462
1t
0s
0r
1y
1c
0i
#4428618101
0t
0s
0r
1y
1c
0i
#4428618506
1t
0s
0r
1y
1c
0i
#4428619141
0t
0s
0r
1y
1c
0i
#4428619548
1t
0s
0r
1y
1c
0i
#4428620183
0t
0s
0r
1y
1c
0i
#4428620590
1t
0s
0r
1y
1c
0i
#4428621228
0t
0s
0r
1y
1c
0i
#4428621633
1t
0s
0r
1y
1c
0i
#4428623288
0t
0s
0r
1y
1c
0i
#4428624452
1t
0s
0r
1y
1c
0i
#4428625404
0t
0s
0r
1y
1c
0i
#4428625796
1t
0s
0r
1y
1c
0i
#4428626436
0t
0s
0r
1y
1c
0i
#4428626839
1t
0s
0r
1y
1c
0i
#4428627476
0t
0s
0r
1y
1c
0i
#4428627880
1t
0s
0r
1y
1c
0i
#4428628517
0t
0s
0r
1y
1c
0i
#4428628921
1t
0s
0r
1y
1c
0i
#4428629558
0t
0s
0r
1y
1c
0i
#4428629962
1t
0s
0r
1y
1c
0i
#4428630601
0t
0s
0r
1y
1c
0i
#4428631003
1t
0s
0r
1y
1c
0i
#4428631638
0t
0s
0r
1y
1c
0i
#4428632042
1t
0s
0r
1y
1c
0i
#4428632679
0t
0s
0r
1y
1c
0i
#4428633082
1t
0s
0r
1y
1c
0i
#4428633721
0t
0s
0r
1y
1c
0i
#4428634125
1t
0s
0r
1y
1c
0i
#4428634760
0t
0s
0r
1y
1c
0i
#4428635165
1t
0s
0r
1y
1c
0i
#4428635802
0t
0s
0r
1y
0c
0i
#4428636207
1t
0s
0r
1y
0c
0i
#4428636848
0t
0s
0r
1y
0c
0i
#4428637251
1t
0s
0r
1y
0c
1i
#4428637890
0t
0s
0r
1y
0c
1i
#4428638295
1t
0s
0r
1y
0c
1i
#4428638935
0t
0s
0r
1y
0c
1i
#4428639341
1t
0s
0r
1y
0c
1i
#4428639400
1t
0s
1r
1y
0c
1i
#4428639403
1t
0s
0r
1y
0c
1i
#4428639984
0t
0s
0r
1y
0c
0i
#4428640388
1t
0s
0r
1y
0c
0i
#4428641027
0t
0s
0r
1y
0c
0i
#4428641432
1t
0s
0r
1y
0c
0i
#4428642073
0t
0s
0r
1y
0c
0i
#4428642477
1t
0s
0r
1y
0c
0i
#4428643120
0t
0s
0r
1y
0c
0i
#4428643523
1t
0s
0r
1y
0c
0i
#4428644162
0t
0s
0r
1y
0c
0i
#4428644568
1t
0s
0r
1y
0c
0i
#4428645208
0t
0s
0r
1y
0c
0i
#4428645613
1t
0s
0r
1y
0c
0i
#4428646257
0t
0s
0r
1y
0c
0i
#4428646660
1t
0s
0r
1y
0c
0i
#4428647301
0t
0s
0r
1y
0c
0i
#4428647706
1t
0s
0r
1y
0c
0i
#4428648350
0t
0s
0r
1y
0c
0i
#4428648753
1t
0s
0r
1y
0c
0i
#4428649400
0t
0s
0r
1y
0c
0i
#4428649803
1t
0s
0r
1y
0c
0i
#4428650446
0t
0s
0r
1y
0c
0i
#4428650851
1t
0s
0r
1y
0c
0i
#4428651496
0t
0s
0r
1y
0c
0i
#4428651900
1t
0s
0r
1y
0c
0i
#4428652547
0t
0s
0r
1y
0c
0i
#4428652951
1t
0s
0r
1y
0c
0i
#4428653595
0t
0s
0r
1y
0c
0i
#4428654001
1t
0s
0r
1y
0c
0i
#4428654645
0t
0s
0r
1y
0c
0i
#4428655051
1t
0s
0r
1y
0c
0i
#4428655698
0t
0s
0r
1y
0c
0i
#4428656103
1t
0s
0r
1y
0c
0i
#4428656745
0t
0s
0r
1y
0c
0i
#4428657152
1t
0s
0r
1y
0c
0i
#4428657796
0t
0s
0r
1y
0c
0i
#4428658202
1t
0s
0r
1y
0c
0i
#4428658848
0t
0s
0r
1y
0c
0i
#4428659253
1t
0s
0r
1y
0c
0i
#4428659894
0t
0s
0r
1y
0c
0i
#4428660302
1t
0s
0r
1y
0c
0i
#4428660944
0t
0s
0r
1y
0c
0i
#4428661350
1t
0s
0r
1y
0c
0i
#4428661995
0t
0s
0r
1y
0c
0i
#4428662401
1t
0s
0r
1y
0c
0i
#4428663042
0t
0s
0r
1y
0c
0i
#4428663449
1t
0s
0r
1y
0c
0i
#4428664091
0t
0s
0r
1y
0c
0i
#4428664498
1t
0s
0r
1y
0c
0i
#4428665142
0t
0s
0r
1y
0c
0i
#4428665550
1t
0s
0r
1y
0c
0i
#4428666191
0t
0s
0r
1y
0c
0i
#4428666600
1t
0s
0r
1y
0c
0i
#4428667244
0t
0s
0r
1y
1c
0i
#4428667652
1t
0s
0r
1y
1c
0i
#4428668300
0t
0s
0r
1y
1c
0i
#4428668707
1t
0s
0r
1y
1c
1i
#4428669352
0t
0s
0r
1y
1c
1i
#4428669762
1t
0s
0r
1y
1c
1i
#4428670409
0t
0s
0r
1y
1c
1i
#4428670818
1t
0s
0r
1y
1c
1i
#4428671468
0t
0s
0r
1y
1c
0i
#4428671876
1t
0s
0r
1y
1c
0i
#4428672521
0t
0s
0r
1y
1c
0i
#4428672931
1t
0s
0r
1y
1c
0i
#4428673578
0t
0s
0r
1y
1c
0i
#4428673987
1t
0s
0r
1y
1c
0i
#4428674636
0t
0s
0r
1y
1c
0i
#4428675043
1t
0s
0r
1y
1c
0i
#4428675687
0t
0s
0r
1y
1c
0i
#4428676098
1t
0s
0r
1y
1c
0i
#4428676741
0t
0s
0r
1y
1c
0i
#4428677151
1t
0s
0r
1y
1c
0i
#4428677797
0t
0s
0r
1y
1c
0i
#4428678205
1t
0s
0r
1y
1c
0i
#4428678847
0t
0s
0r
1y
1c
0i
#4428679256
1t
0s
0r
1y
1c
0i
#4428679899
0t
0s
0r
1y
1c
0i
#4428680307
1t
0s
0r
1y
1c
0i
#4428680950
0t
0s
0r
1y
1c
0i
#4428681358
1t
0s
0r
1y
1c
0i
#4428681997
0t
0s
0r
1y
1c
0i
#4428682407
1t
0s
0r
1y
1c
0i
#4428683046
0t
0s
0r
1y
1c
0i
#4428683455
1t
0s
0r
1y
1c
0i
#4428684098
0t
0s
0r
1y
1c
0i
#4428684505
1t
0s
0r
1y
1c
0i
#4428686172
0t
0s
0r
1y
1c
0i
#4428687346
1t
0s
0r
1y
1c
0i
#4428688304
0t
0s
0r
1y
1c
0i
#4428688699
1t
0s
0r
1y
1c
0i
#4428689345
0t
0s
0r
1y
1c
0i
#4428689750
1t
0s
0r
1y
1c
0i
#4428690393
0t
0s
0r
1y
1c
0i
#4428690800
1t
0s
0r
1y
1c
0i
#4428691442
0t
0s
0r
1y
1c
0i
#4428691849
1t
0s
0r
1y
1c
0i
#4428692491
0t
0s
0r
1y
1c
0i
#4428692898
1t
0s
0r
1y
1c
0i
#4428693542
0t
0s
0r
1y
1c
0i
#4428693947
1t
0s
0r
1y
1c
0i
#4428694587
0t
0s
0r
1y
1c
0i
#4428694994
1t
0s
0r
1y
1c
0i
#4428695635
0t
0s
0r
1y
1c
0i
#4428696041
1t
0s
0r
1y
1c
0i
#4428696684
0t
0s
0r
1y
1c
0i
#4428697091
1t
0s
0r
1y
1c
0i
#4428697730
0t
0s
0r
1y
1c
0i
#4428698138
1t
0s
0r
1y
1c
0i
#4428698780
0t
0s
0r
1y
0c
0i
#4428699187
1t
0s
0r
1y
0c
0i
#4428699833
0t
0s
0r
1y
0c
0i
#4428700239
1t
0s
0r
1y
0c
1i
#4428700882
0t
0s
0r
1y
0c
1i
#4428701289
1t
0s
0r
1y
0c
1i
#4428701935
0t
0s
0r
1y
0c
1i
#4428702342
1t
0s
0r
1y
0c
1i
#4428702991
0t
0s
0r
1y
0c
0i
#4428703397
1t
0s
0r
1y
0c
0i
#4428704041
0t
0s
0r
1y
0c
0i
#4428704449
1t
0s
0r
1y
0c
0i
#4428705094
0t
0s
0r
1y
0c
0i
#4428705501
1t
0s
0r
1y
0c
0i
#4428706149
0t
0s
0r
1y
0c
0i
#4428706555
1t
0s
0r
1y
0c
0i
#4428707199
0t
0s
0r
1y
0c
0i
#4428707608
1t
0s
0r
1y
0c
0i
#4428708252
0t
0s
0r
1y
0c
0i
#4428708659
1t
0s
0r
1y
0c
0i
#4428709307
0t
0s
0r
1y
0c
0i
#4428709713
1t
0s
0r
1y
0c
0i
#4428710357
0t
0s
0r
1y
0c
0i
#4428710765
1t
0s
0r
1y
0c
0i
#4428711411
0t
0s
0r
1y
0c
0i
#4428711817
1t
0s
0r
1y
0c
0i
#4428712466
0t
0s
0r
1y
0c
0i
#4428712870
1t
0s
0r
1y
0c
0i
#4428713515
0t
0s
0r
1y
0c
0i
#4428713921
1t
0s
0r
1y
0c
0i
#4428714567
0t
0s
0r
1y
0c
0i
#4428714973
1t
0s
0r
1y
0c
0i
#4428715622
0t
0s
0r
1y
0c
0i
#4428716026
1t
0s
0r
1y
0c
0i
#4428716670
0t
0s
0r
1y
0c
0i
#4428717077
1t
0s
0r
1y
0c
0i
#4428717721
0t
0s
0r
1y
0c
0i
#4428718129
1t
0s
0r
1y
0c
0i
#4428718776
0t
0s
0r
1y
0c
0i
#4428719182
1t
0s
0r
1y
0c
0i
#4428719824
0t
0s
0r
1y
0c
0i
#4428720232
1t
0s
0r
1y
0c
0i
#4428720876
0t
0s
0r
1y
0c
0i
#4428721283
1t
0s
0r
1y
0c
0i
#4428721930
0t
0s
0r
1y
0c
0i
#4428722335
1t
0s
0r
1y
0c
0i
#4428722977
0t
0s
0r
1y
0c
0i
#4428723385
1t
0s
0r
1y
0c
0i
#4428724028
0t
0s
0r
1y
0c
0i
#4428724435
1t
0s
0r
1y
0c
0i
#4428725080
0t
0s
0r
1y
0c
0i
#4428725486
1t
0s
0r
1y
0c
0i
#4428726128
0t
0s
0r
1y
0c
0i
#4428726535
1t
0s
0r
1y
0c
0i
#4428727178
0t
0s
0r
1y
0c
0i
#4428727585
1t
0s
0r
1y
0c
0i
#4428728231
0t
0s
0r
1y
0c
0i
#4428728638
1t
0s
0r
1y
0c
0i
#4428729279
0t
0s
0r
1y
0c
0i
#4428729689
1t
0s
0r
1y
0c
0i
#4428730333
0t
0s
0r
1y
1c
0i
#4428730741
1t
0s
0r
1y
1c
0i
#4428731389
0t
0s
0r
1y
1c
0i
#4428731797
1t
0s
0r
1y
1c
1i
#4428732441
0t
0s
0r
1y
1c
1i
#4428732851
1t
0s
0r
1y
1c
1i
#4428733499
0t
0s
0r
1y
1c
1i
#4428733908
1t
0s
0r
1y
1c
1i
#4428734559
0t
0s
0r
1y
1c
0i
#4428734967
1t
0s
0r
1y
1c
0i
#4428735613
0t
0s
0r
1y
1c
0i
#4428736023
1t
0s
0r
1y
1c
0i
#4428736670
0t
0s
0r
1y
1c
0i
#4428737079
1t
0s
0r
1y
1c
0i
#4428737729
0t
0s
0r
1y
1c
0i
#4428738137
1t
0s
0r
1y
1c
0i
#4428738780
0t
0s
0r
1y
1c
0i
#4428739191
1t
0s
0r
1y
1c
0i
#4428739835
0t
0s
0r
1y
1c
0i
#4428740245
1t
0s
0r
1y
1c
0i
#4428740892
0t
0s
0r
1y
1c
0i
#4428741300
1t
0s
0r
1y
1c
0i
#4428741941
0t
0s
0r
1y
1c
0i
#4428742350
1t
0s
0r
1y
1c
0i
#4428742993
0t
0s
0r
1y
1c
0i
#4428743401
1t
0s
0r
1y
1c
0i
#4428744044
0t
0s
0r
1y
1c
0i
#4428744452
1t
0s
0r
1y
1c
0i
#4428745091
0t
0s
0r
1y
1c
0i
#4428745500
1t
0s
0r
1y
1c
0i
#4428746140
0t
0s
0r
1y
1c
0i
#4428746549
1t
0s
0r
1y
1c
0i
#4428747192
0t
0s
0r
1y
1c
0i
#4428747599
1t
0s
0r
1y
1c
0i
#4428749267
0t
0s
0r
1y
1c
0i
#4428750440
1t
0s
0r
1y
1c
0i
#4428751399
0t
0s
0r
1y
1c
0i
#4428751794
1t
0s
0r
1y
1c
0i
#4428752439
0t
0s
0r
1y
1c
0i
#4428752845
1t
0s
0r
1y
1c
0i
#4428753487
0t
0s
0r
1y
1c
0i
#4428753893
1t
0s
0r
1y
1c
0i
#4428754535
0t
0s
0r
1y
1c
0i
#4428754943
1t
0s
0r
1y
1c
0i
#4428755585
0t
0s
0r
1y
1c
0i
#4428755991
1t
0s
0r
1y
1c
0i
#4428756634
0t
0s
0r
1y
1c
0i
#4428757039
1t
0s
0r
1y
1c
0i
#4428757679
0t
0s
0r
1y
1c
0i
#4428758085
1t
0s
0r
1y
1c
0i
#4428758726
0t
0s
0r
1y
1c
0i
#4428759132
1t
0s
0r
1y
1c
0i
#4428759774
0t
0s
0r
1y
1c
0i
#4428760181
1t
0s
0r
1y
1c
0i
#4428760820
0t
0s
0r
1y
1c
0i
#4428761228
1t
0s
0r
1y
1c
0i
#4428761869
0t
0s
0r
1y
0c
0i
#4428762276
1t
0s
0r
1y
0c
0i
#4428762921
0t
0s
0r
1y
0c
0i
#4428763327
1t
0s
0r
1y
0c
1i
#4428763970
0t
0s
0r
1y
0c
1i
#4428764378
1t
0s
0r
1y
0c
1i
#4428765022
0t
0s
0r
1y
0c
1i
#4428765431
1t
0s
0r
1y
0c
1i
#4428765498
1t
0s
1r
1y
0c
1i
#4428765500
1t
0s
0r
1y
0c
1i
#4428766079
0t
0s
0r
1y
0c
0i
#4428766486
1t
0s
0r
1y
0c
0i
#4428767130
0t
0s
0r
1y
0c
0i
#4428767538
1t
0s
0r
1y
0c
0i
#4428768184
0t
0s
0r
1y
0c
0i
#4428768591
1t
0s
0r
1y
0c
0i
#4428769240
0t
0s
0r
1y
0c
0i
#4428769645
1t
0s
0r
1y
0c
0i
#4428770289
0t
0s
0r
1y
0c
0i
#4428770697
1t
0s
0r
1y
0c
0i
#4428771341
0t
0s
0r
1y
0c
0i
#4428771748
1t
0s
0r
1y
0c
0i
#4428772395
0t
0s
0r
1y
0c
0i
#4428772799
1t
0s
0r
1y
0c
0i
#4428773442
0t
0s
0r
1y
0c
0i
#4428773848
1t
0s
0r
1y
0c
0i
#4428774491
0t
0s
0r
1y
0c
0i
#4428774895
1t
0s
0r
1y
0c
0i
#4428775542
0t
0s
0r
1y
0c
0i
#4428775944
1t
0s
0r
1y
0c
0i
#4428776585
0t
0s
0r
1y
0c
0i
#4428776989
1t
0s
0r
1y
0c
0i
#4428777632
0t
0s
0r
1y
0c
0i
#4428778035
1t
0s
0r
1y
0c
0i
#4428778681
0t
0s
0r
1y
0c
0i
#4428779083
1t
0s
0r
1y
0c
0i
#4428779725
0t
0s
0r
1y
0c
0i
#4428780130
1t
0s
0r
1y
0c
0i
#4428780772
0t
0s
0r
1y
0c
0i
#4428781177
1t
0s
0r
1y
0c
0i
#4428781822
0t
0s
0r
1y
0c
0i
#4428782226
1t
0s
0r
1y
0c
0i
#4428782866
0t
0s
0r
1y
0c
0i
#4428783272
1t
0s
0r
1y
0c
0i
#4428783914
0t
0s
0r
1y
0c
0i
#4428784320
1t
0s
0r
1y
0c
0i
#4428784964
0t
0s
0r
1y
0c
0i
#4428785369
1t
0s
0r
1y
0c
0i
#4428786009
0t
0s
0r
1y
0c
0i
#4428786415
1t
0s
0r
1y
0c
0i
#4428787056
0t
0s
0r
1y
0c
0i
#4428787462
1t
0s
0r
1y
0c
0i
#4428788106
0t
0s
0r
1y
0c
0i
#4428788511
1t
0s
0r
1y
0c
0i
#4428789151
0t
0s
0r
1y
0c
0i
#4428789557
1t
0s
0r
1y
0c
0i
#4428790198
0t
0s
0r
1y
0c
0i
#4428790604
1t
0s
0r
1y
0c
0i
#4428791247
0t
0s
0r
1y
0c
0i
#4428791654
1t
0s
0r
1y
0c
0i
#4428792293
0t
0s
0r
1y
0c
0i
#4428792701
1t
0s
0r
1y
0c
0i
#4428793343
0t
0s
0r
1y
1c
0i
#4428793751
1t
0s
0r
1y
1c
0i
#4428794398
0t
0s
0r
1y
1c
0i
#4428794804
1t
0s
0r
1y
1c
1i
#4428795447
0t
0s
0r
1y
1c
1i
#4428795856
1t
0s
0r
1y
1c
1i
#4428796502
0t
0s
0r
1y
1c
1i
#4428796911
1t
0s
0r
1y
1c
1i
#4428797559
0t
0s
0r
1y
1c
0i
#4428797967
1t
0s
0r
1y
1c
0i
#4428798611
0t
0s
0r
1y
1c
0i
#4428799020
1t
0s
0r
1y
1c
0i
#4428799666
0t
0s
0r
1y
1c
0i
#4428800074
1t
0s
0r
1y
1c
0i
#4428800723
0t
0s
0r
1y
1c
0i
#4428801130
1t
0s
0r
1y
1c
0i
#4428801772
0t
0s
0r
1y
1c
0i
#4428802183
1t
0s
0r
1y
1c
0i
#4428802826
0t
0s
0r
1y
1c
0i
#4428803235
1t
0s
0r
1y
1c
0i
#4428803881
0t
0s
0r
1y
1c
0i
#4428804289
1t
0s
0r
1y
1c
0i
#4428804931
0t
0s
0r
1y
1c
0i
#4428805340
1t
0s
0r
1y
1c
0i
#4428805983
0t
0s
0r
1y
1c
0i
#4428806392
1t
0s
0r
1y
1c
0i
#4428807035
0t
0s
0r
1y
1c
0i
#4428807445
1t
0s
0r
1y
1c
0i
#4428808084
0t
0s
0r
1y
1c
0i
#4428808494
1t
0s
0r
1y
1c
0i
#4428809135
0t
0s
0r
1y
1c
0i
#4428809544
1t
0s
0r
1y
1c
0i
#4428810188
0t
0s
0r
1y
1c
0i
#4428810595
1t
0s
0r
1y
1c
0i
#4428812264
0t
0s
0r
1y
1c
0i
#4428813437
1t
0s
0r
1y
1c
0i
#4428814396
0t
0s
0r
1y
1c
0i
#4428814791
1t
0s
0r
1y
1c
0i
#4428815436
0t
0s
0r
1y
1c
0i
#4428815842
1t
0s
0r
1y
1c
0i
#4428816485
0t
0s
0r
1y
1c
0i
#4428816891
1t
0s
0r
1y
1c
0i
#4428817532
0t
0s
0r
1y
1c
0i
#4428817940
1t
0s
0r
1y
1c
0i
#4428818581
0t
0s
0r
1y
1c
0i
#4428818988
1t
0s
0r
1y
1c
0i
#4428819632
0t
0s
0r
1y
1c
0i
#4428820037
1t
0s
0r
1y
1c
0i
#4428820678
0t
0s
0r
1y
1c
0i
#4428821084
1t
0s
0r
1y
1c
0i
#4428821726
0t
0s
0r
1y
1c
0i
#4428822132
1t
0s
0r
1y
1c
0i
#4428822775
0t
0s
0r
1y
1c
0i
#4428823182
1t
0s
0r
1y
1c
0i
#4428823823
0t
0s
0r
1y
1c
0i
#4428824230
1t
0s
0r
1y
1c
0i
#4428824873
0t
0s
0r
1y
0c
0i
#4428825280
1t
0s
0r
1y
0c
0i
#4428825927
0t
0s
0r
1y
0c
0i
#4428826333
1t
0s
0r
1y
0c
1i
#4428826977
0t
0s
0r
1y
0c
1i
#4428827385
1t
0s
0r
1y
0c
1i
#4428828030
0t
0s
0r
1y
0c
1i
#4428828439
1t
0s
0r
1y
0c
1i
#4428829087
0t
0s
0r
1y
0c
0i
#4428829495
1t
0s
0r
1y
0c
0i
#4428830139
0t
0s
0r
1y
0c
0i
#4428830548
1t
0s
0r
1y
0c
0i
#4428831194
0t
0s
0r
1y
0c
0i
#4428831600
1t
0s
0r
1y
0c
0i
#4428832249
0t
0s
0r
1y
0c
0i
#4428832655
1t
0s
0r
1y
0c
0i
#4428833299
0t
0s
0r
1y
0c
0i
#4428833707
1t
0s
0r
1y
0c
0i
#4428834352
0t
0s
0r
1y
0c
0i
#4428834759
1t
0s
0r
1y
0c
0i
#4428835406
0t
0s
0r
1y
0c
0i
#4428835811
1t
0s
0r
1y
0c
0i
#4428836455
0t
0s
0r
1y
0c
0i
#4428836861
1t
0s
0r
1y
0c
0i
#4428837505
0t
0s
0r
1y
0c
0i
#4428837910
1t
0s
0r
1y
0c
0i
#4428838557
0t
0s
0r
1y
0c
0i
#4428838960
1t
0s
0r
1y
0c
0i
#4428839602
0t
0s
0r
1y
0c
0i
#4428840007
1t
0s
0r
1y
0c
0i
#4428840650
0t
0s
0r
1y
0c
0i
#4428841054
1t
0s
0r
1y
0c
0i
#4428841699
0t
0s
0r
1y
0c
0i
#4428842102
1t
0s
0r
1y
0c
0i
#4428842744
0t
0s
0r
1y
0c
0i
#4428843149
1t
0s
0r
1y
0c
0i
#4428843791
0t
0s
0r
1y
0c
0i
#4428844197
1t
0s
0r
1y
0c
0i
#4428844841
0t
0s
0r
1y
0c
0i
#4428845246
1t
0s
0r
1y
0c
0i
#4428845886
0t
0s
0r
1y
0c
0i
#4428846293
1t
0s
0r
1y
0c
0i
#4428846935
0t
0s
0r
1y
0c
0i
#4428847340
1t
0s
0r
1y
0c
0i
#4428847985
0t
0s
0r
1y
0c
0i
#4428848389
1t
0s
0r
1y
0c
0i
#4428849029
0t
0s
0r
1y
0c
0i
#4428849436
1t
0s
0r
1y
0c
0i
#4428850077
0t
0s
0r
1y
0c
0i
#4428850483
1t
0s
0r
1y
0c
0i
#4428851126
0t
0s
0r
1y
0c
0i
#4428851531
1t
0s
0r
1y
0c
0i
#4428852171
0t
0s
0r
1y
0c
0i
#4428852577
1t
0s
0r
1y
0c
0i
#4428853218
0t
0s
0r
1y
0c
0i
#4428853624
1t
0s
0r
1y
0c
0i
#4428854267
0t
0s
0r
1y
0c
0i
#4428854674
1t
0s
0r
1y
0c
0i
#4428855313
0t
0s
0r
1y
0c
0i
#4428855721
1t
0s
0r
1y
0c
0i
#4428856363
0t
0s
0r
1y
1c
0i
#4428856771
1t
0s
0r
1y
1c
0i
#4428857417
0t
0s
0r
1y
1c
0i
#4428857823
1t
0s
0r
1y
1c
1i
#4428858466
0t
0s
0r
1y
1c
1i
#4428858874
1t
0s
0r
1y
1c
1i
#4428859520
0t
0s
0r
1y
1c
1i
#4428859928
1t
0s
0r
1y
1c
1i
#4428860577
0t
0s
0r
1y
1c
0i
#4428860984
1t
0s
0r
1y
1c
0i
#4428861628
0t
0s
0r
1y
1c
0i
#4428862037
1t
0s
0r
1y
1c
0i
#4428862682
0t
0s
0r
1y
1c
0i
#4428863090
1t
0s
0r
1y
1c
0i
#4428863738
0t
0s
0r
1y
1c
0i
#4428864145
1t
0s
0r
1y
1c
0i
#4428864787
0t
0s
0r
1y
1c
0i
#4428865197
1t
0s
0r
1y
1c
0i
#4428865840
0t
0s
0r
1y
1c
0i
#4428866249
1t
0s
0r
1y
1c
0i
#4428866894
0t
0s
0r
1y
1c
0i
#4428867302
1t
0s
0r
1y
1c
0i
#4428867943
0t
0s
0r
1y
1c
0i
#4428868352
1t
0s
0r
1y
1c
0i
#4428868994
0t
0s
0r
1y
1c
0i
#4428869402
1t
0s
0r
1y
1c
0i
#4428870045
0t
0s
0r
1y
1c
0i
#4428870453
1t
0s
0r
1y
1c
0i
#4428871092
0t
0s
0r
1y
1c
0i
#4428871502
1t
0s
0r
1y
1c
0i
#4428872142
0t
0s
0r
1y
1c
0i
#4428872551
1t
0s
0r
1y
1c
0i
#4428873194
0t
0s
0r
1y
1c
0i
#4428873601
1t
0s
0r
1y
1c
0i
#4428875267
0t
0s
0r
1y
1c
0i
#4428876440
1t
0s
0r
1y
1c
0i
#4428877399
0t
0s
0r
1y
1c
0i
#4428877793
1t
0s
0r
1y
1c
0i
#4428878438
0t
0s
0r
1y
1c
0i
#4428878844
1t
0s
0r
1y
1c
0i
#4428879486
0t
0s
0r
1y
1c
0i
#4428879892
1t
0s
0r
1y
1c
0i
#4428880534
0t
0s
0r
1y
1c
0i
#4428880942
1t
0s
0r
1y
1c
0i
#4428881584
0t
0s
0r
1y
1c
0i
#4428881990
1t
0s
0r
1y
1c
0i
#4428882634
0t
0s
0r
1y
1c
0i
#4428883039
1t
0s
0r
1y
1c
0i
#4428883679
0t
0s
0r
1y
1c
0i
#4428884085
1t
0s
0r
1y
1c
0i
#4428884727
0t
0s
0r
1y
1c
0i
#4428885133
1t
0s
0r
1y
1c
0i
#4428885776
0t
0s
0r
1y
1c
0i
#4428886183
1t
0s
0r
1y
1c
0i
#4428886822
0t
0s
0r
1y
0c
0i
#4428887230
1t
0s
0r
1y
0c
0i
#4428887872
0t
0s
0r
1y
0c
0i
#4428888279
1t
0s
0r
1y
0c
0i
#4428888925
0t
0s
0r
1y
0c
0i
#4428889330
1t
0s
0r
1y
0c
1i
#4428889974
0t
0s
0r
1y
0c
1i
#4428890381
1t
0s
0r
1y
0c
1i
#4428891026
0t
0s
0r
1y
0c
1i
#4428891434
1t
0s
0r
1y
0c
1i
#4428891500
1t
0s
1r
1y
0c
1i
#4428891502
1t
0s
0r
1y
0c
1i
#4428892082
0t
0s
0r
1y
0c
0i
#4428892489
1t
0s
0r
1y
0c
0i
#4428893133
0t
0s
0r
1y
0c
0i
#4428893541
1t
0s
0r
1y
0c
0i
#4428894186
0t
0s
0r
1y
0c
0i
#4428894593
1t
0s
0r
1y
0c
0i
#4428895240
0t
0s
0r
1y
0c
0i
#4428895645
1t
0s
0r
1y
0c
0i
#4428896287
0t
0s
0r
1y
0c
0i
#4428896695
1t
0s
0r
1y
0c
0i
#4428897336
0t
0s
0r
1y
0c
0i
#4428897742
1t
0s
0r
1y
0c
0i
#4428898386
0t
0s
0r
1y
0c
0i
#4428898789
1t
0s
0r
1y
0c
0i
#4428899429
0t
0s
0r
1y
0c
0i
#4428899833
1t
0s
0r
1y
0c
0i
#4428900474
0t
0s
0r
1y
0c
0i
#4428900876
1t
0s
0r
1y
0c
0i
#4428901519
0t
0s
0r
1y
0c
0i
#4428901919
1t
0s
0r
1y
0c
0i
#4428902558
0t
0s
0r
1y
0c
0i
#4428902961
1t
0s
0r
1y
0c
0i
#4428903601
0t
0s
0r
1y
0c
0i
#4428904003
1t
0s
0r
1y
0c
0i
#4428904646
0t
0s
0r
1y
0c
0i
#4428905048
1t
0s
0r
1y
0c
0i
#4428905687
0t
0s
0r
1y
0c
0i
#4428906091
1t
0s
0r
1y
0c
0i
#4428906731
0t
0s
0r
1y
0c
0i
#4428907136
1t
0s
0r
1y
0c
0i
#4428907779
0t
0s
0r
1y
0c
0i
#4428908182
1t
0s
0r
1y
0c
0i
#4428908821
0t
0s
0r
1y
0c
0i
#4428909226
1t
0s
0r
1y
0c
0i
#4428909866
0t
0s
0r
1y
0c
0i
#4428910271
1t
0s
0r
1y
0c
0i
#4428910914
0t
0s
0r
1y
0c
0i
#4428911318
1t
0s
0r
1y
0c
0i
#4428911956
0t
0s
0r
1y
0c
0i
#4428912362
1t
0s
0r
1y
0c
0i
#4428913001
0t
0s
0r
1y
0c
0i
#4428913407
1t
0s
0r
1y
0c
0i
#4428914049
0t
0s
0r
1y
0c
0i
#4428914453
1t
0s
0r
1y
0c
0i
#4428915091
0t
0s
0r
1y
0c
0i
#4428915497
1t
0s
0r
1y
0c
0i
#4428916136
0t
0s
0r
1y
0c
0i
#4428916541
1t
0s
0r
1y
0c
0i
#4428917183
0t
0s
0r
1y
0c
0i
#4428917589
1t
0s
0r
1y
0c
0i
#4428918226
0t
0s
0r
1y
0c
0i
#4428918635
1t
0s
0r
1y
0c
0i
#4428919275
0t
0s
0r
1y
1c
0i
#4428919682
1t
0s
0r
1y
1c
0i
#4428920326
0t
0s
0r
1y
1c
0i
#4428920732
1t
0s
0r
1y
1c
1i
#4428921374
0t
0s
0r
1y
1c
1i
#4428921782
1t
0s
0r
1y
1c
1i
#4428922426
0t
0s
0r
1y
1c
1i
#4428922834
1t
0s
0r
1y
1c
1i
#4428923481
0t
0s
0r
1y
1c
0i
#4428923887
1t
0s
0r
1y
1c
0i
#4428924530
0t
0s
0r
1y
1c
0i
#4428924938
1t
0s
0r
1y
1c
0i
#4428925582
0t
0s
0r
1y
1c
0i
#4428925989
1t
0s
0r
1y
1c
0i
#4428926636
0t
0s
0r
1y
1c
0i
#4428927042
1t
0s
0r
1y
1c
0i
#4428927683
0t
0s
0r
1y
1c
0i
#4428928093
1t
0s
0r
1y
1c
0i
#4428928735
0t
0s
0r
1y
1c
0i
#4428929144
1t
0s
0r
1y
1c
0i
#4428929788
0t
0s
0r
1y
1c
0i
#4428930195
1t
0s
0r
1y
1c
0i
#4428930835
0t
0s
0r
1y
1c
0i
#4428931244
1t
0s
0r
1y
1c
0i
#4428931885
0t
0s
0r
1y
1c
0i
#4428932293
1t
0s
0r
1y
1c
0i
#4428932935
0t
0s
0r
1y
1c
0i
#4428933343
1t
0s
0r
1y
1c
0i
#4428933981
0t
0s
0r
1y
1c
0i
#4428934390
1t
0s
0r
1y
1c
0i
#4428935029
0t
0s
0r
1y
1c
0i
#4428935437
1t
0s
0r
1y
1c
0i
#4428936079
0t
0s
0r
1y
1c
0i
#4428936486
1t
0s
0r
1y
1c
0i
#4428938150
0t
0s
0r
1y
1c
0i
#4428939321
1t
0s
0r
1y
1c
0i
#4428940277
0t
0s
0r
1y
1c
0i
#4428940671
1t
0s
0r
1y
1c
0i
#4428941314
0t
0s
0r
1y
1c
0i
#4428941719
1t
0s
0r
1y
1c
0i
#4428942360
0t
0s
0r
1y
1c
0i
#4428942766
1t
0s
0r
1y
1c
0i
#4428943406
0t
0s
0r
1y
1c
0i
#4428943813
1t
0s
0r
1y
1c
0i
#4428944453
0t
0s
0r
1y
1c
0i
#4428944858
1t
0s
0r
1y
1c
0i
#4428945501
0t
0s
0r
1y
1c
0i
#4428945905
1t
0s
0r
1y
1c
0i
#4428946543
0t
0s
0r
1y
1c
0i
#4428946949
1t
0s
0r
1y
1c
0i
#4428947589
0t
0s
0r
1y
1c
0i
#4428947994
1t
0s
0r
1y
1c
0i
#4428948635
0t
0s
0r
1y
1c
0i
#4428949041
1t
0s
0r
1y
1c
0i
#4428949679
0t
0s
0r
1y
1c
0i
#4428950086
1t
0s
0r
1y
1c
0i
#4428950726
0t
0s
0r
1y
0c
0i
#4428951132
1t
0s
0r
1y
0c
0i
#4428951776
0t
0s
0r
1y
0c
0i
#4428952181
1t
0s
0r
1y
0c
1i
#4428952823
0t
0s
0r
1y
0c
1i
#4428953230
1t
0s
0r
1y
0c
1i
#4428953873
0t
0s
0r
1y
0c
1i
#4428954280
1t
0s
0r
1y
0c
1i
#4428954926
0t
0s
0r
1y
0c
0i
#4428955333
1t
0s
0r
1y
0c
0i
#4428955975
0t
0s
0r
1y
0c
0i
#4428956382
1t
0s
0r
1y
0c
0i
#4428957025
0t
0s
0r
1y
0c
0i
#4428957431
1t
0s
0r
1y
0c
0i
#4428958078
0t
0s
0r
1y
0c
0i
#4428958482
1t
0s
0r
1y
0c
0i
#4428959123
0t
0s
0r
1y
0c
0i
#4428959531
1t
0s
0r
1y
0c
0i
#4428960173
0t
0s
0r
1y
0c
0i
#4428960579
1t
0s
0r
1y
0c
0i
#4428961224
0t
0s
0r
1y
0c
0i
#4428961629
1t
0s
0r
1y
0c
0i
#4428962270
0t
0s
0r
1y
0c
0i
#4428962676
1t
0s
0r
1y
0c
0i
#4428963319
0t
0s
0r
1y
0c
0i
#4428963723
1t
0s
0r
1y
0c
0i
#4428964368
0t
0s
0r
1y
0c
0i
#4428964771
1t
0s
0r
1y
0c
0i
#4428965412
0t
0s
0r
1y
0c
0i
#4428965816
1t
0s
0r
1y
0c
0i
#4428966458
0t
0s
0r
1y
0c
0i
#4428966861
1t
0s
0r
1y
0c
0i
#4428967506
0t
0s
0r
1y
0c
0i
#4428967909
1t
0s
0r
1y
0c
0i
#4428968550
0t
0s
0r
1y
0c
0i
#4428968954
1t
0s
0r
1y
0c
0i
#4428969596
0t
0s
0r
1y
0c
0i
#4428970001
1t
0s
0r
1y
0c
0i
#4428970644
0t
0s
0r
1y
0c
0i
#4428971049
1t
0s
0r
1y
0c
0i
#4428971688
0t
0s
0r
1y
0c
0i
#4428972094
1t
0s
0r
1y
0c
0i
#4428972734
0t
0s
0r
1y
0c
0i
#4428973139
1t
0s
0r
1y
0c
0i
#4428973783
0t
0s
0r
1y
0c
0i
#4428974186
1t
0s
0r
1y
0c
0i
#4428974825
0t
0s
0r
1y
0c
0i
#4428975231
1t
0s
0r
1y
0c
0i
#4428975870
0t
0s
0r
1y
0c
0i
#4428976276
1t
0s
0r
1y
0c
0i
#4428976917
0t
0s
0r
1y
0c
0i
#4428977322
1t
0s
0r
1y
0c
0i
#4428977959
0t
0s
0r
1y
0c
0i
#4428978365
1t
0s
0r
1y
0c
0i
#4428979004
0t
0s
0r
1y
0c
0i
#4428979410
1t
0s
0r
1y
0c
0i
#4428980051
0t
0s
0r
1y
0c
0i
#4428980457
1t
0s
0r
1y
0c
0i
#4428981094
0t
0s
0r
1y
0c
0i
#4428981502
1t
0s
0r
1y
0c
0i
#4428982142
0t
0s
0r
1y
1c
0i
#4428982549
1t
0s
0r
1y
1c
0i
#4428983193
0t
0s
0r
1y
1c
0i
#4428983599
1t
0s
0r
1y
1c
1i
#4428984240
0t
0s
0r
1y
1c
1i
#4428984649
1t
0s
0r
1y
1c
1i
#4428985293
0t
0s
0r
1y
1c
1i
#4428985700
1t
0s
0r
1y
1c
1i
#4428986348
0t
0s
0r
1y
1c
0i
#4428986754
1t
0s
0r
1y
1c
0i
#4428987397
0t
0s
0r
1y
1c
0i
#4428987805
1t
0s
0r
1y
1c
0i
#4428988450
0t
0s
0r
1y
1c
0i
#4428988857
1t
0s
0r
1y
1c
0i
#4428989504
0t
0s
0r
1y
1c
0i
#4428989910
1t
0s
0r
1y
1c
0i
#4428990550
0t
0s
0r
1y
1c
0i
#4428990960
1t
0s
0r
1y
1c
0i
#4428991601
0t
0s
0r
1y
1c
0i
#4428992009
1t
0s
0r
1y
1c
0i
#4428992652
0t
0s
0r
1y
1c
0i
#4428993057
1t
0s
0r
1y
1c
0i
#4428993694
0t
0s
0r
1y
1c
0i
#4428994102
1t
0s
0r
1y
1c
0i
#4428994739
0t
0s
0r
1y
1c
0i
#4428995145
1t
0s
0r
1y
1c
0i
#4428995784
0t
0s
0r
1y
1c
0i
#4428996190
1t
0s
0r
1y
1c
0i
#4428996824
0t
0s
0r
1y
1c
0i
#4428997231
1t
0s
0r
1y
1c
0i
#4428997866
0t
0s
0r
1y
1c
0i
#4428998272
1t
0s
0r
1y
1c
0i
#4428998910
0t
0s
0r
1y
1c
0i
#4428999315
1t
0s
0r
1y
1c
0i
#4429000971
0t
0s
0r
1y
1c
0i
#4429002137
1t
0s
0r
1y
1c
0i
#4429003089
0t
0s
0r
1y
1c
0i
#4429003482
1t
0s
0r
1y
1c
0i
#4429004122
0t
0s
0r
1y
1c
0i
#4429004526
1t
0s
0r
1y
1c
0i
#4429005165
0t
0s
0r
1y
1c
0i
#4429005568
1t
0s
0r
1y
1c
0i
#4429006205
0t
0s
0r
1y
1c
0i
#4429006611
1t
0s
0r
1y
1c
0i
#4429007248
0t
0s
0r
1y
1c
0i
#4429007652
1t
0s
0r
1y
1c
0i
#4429008292
0t
0s
0r
1y
1c
0i
#4429008694
1t
0s
0r
1y
1c
0i
#4429009330
0t
0s
0r
1y
1c
0i
#4429009734
1t
0s
0r
1y
1c
0i
#4429010372
0t
0s
0r
1y
1c
0i
#4429010774
1t
0s
0r
1y
1c
0i
#4429011413
0t
0s
0r
1y
1c
0i
#4429011818
1t
0s
0r
1y
1c
0i
#4429012452
0t
0s
0r
1y
1c
0i
#4429012858
1t
0s
0r
1y
1c
0i
#4429013496
0t
0s
0r
1y
0c
0i
#4429013900
1t
0s
0r
1y
0c
0i
#4429014542
0t
0s
0r
1y
0c
0i
#4429014945
1t
0s
0r
1y
0c
1i
#4429015584
0t
0s
0r
1y
0c
1i
#4429015989
1t
0s
0r
1y
0c
1i
#4429016630
0t
0s
0r
1y
0c
1i
#4429017036
1t
0s
0r
1y
0c
1i
#4429017157
1t
0s
1r
1y
0c
1i
#4429017160
1t
0s
0r
1y
0c
1i
#4429017679
0t
0s
0r
1y
0c
0i
#4429018084
1t
0s
0r
1y
0c
0i
#4429018724
0t
0s
0r
1y
0c
0i
#4429019129
1t
0s
0r
1y
0c
0i
#4429019770
0t
0s
0r
1y
0c
0i
#4429020175
1t
0s
0r
1y
0c
0i
#4429020819
0t
0s
0r
1y
0c
0i
#4429021222
1t
0s
0r
1y
0c
0i
#4429021862
0t
0s
0r
1y
0c
0i
#4429022268
1t
0s
0r
1y
0c
0i
#4429022909
0t
0s
0r
1y
0c
0i
#4429023314
1t
0s
0r
1y
0c
0i
#4429023958
0t
0s
0r
1y
0c
0i
#4429024362
1t
0s
0r
1y
0c
0i
#4429025003
0t
0s
0r
1y
0c
0i
#4429025408
1t
0s
0r
1y
0c
0i
#4429026051
0t
0s
0r
1y
0c
0i
#4429026455
1t
0s
0r
1y
0c
0i
#4429027102
0t
0s
0r
1y
0c
0i
#4429027505
1t
0s
0r
1y
0c
0i
#4429028148
0t
0s
0r
1y
0c
0i
#4429028553
1t
0s
0r
1y
0c
0i
#4429029197
0t
0s
0r
1y
0c
0i
#4429029602
1t
0s
0r
1y
0c
0i
#4429030249
0t
0s
0r
1y
0c
0i
#4429030653
1t
0s
0r
1y
0c
0i
#4429031296
0t
0s
0r
1y
0c
0i
#4429031701
1t
0s
0r
1y
0c
0i
#4429032345
0t
0s
0r
1y
0c
0i
#4429032752
1t
0s
0r
1y
0c
0i
#4429033397
0t
0s
0r
1y
0c
0i
#4429033802
1t
0s
0r
1y
0c
0i
#4429034443
0t
0s
0r
1y
0c
0i
#4429034850
1t
0s
0r
1y
0c
0i
#4429035493
0t
0s
0r
1y
0c
0i
#4429035898
1t
0s
0r
1y
0c
0i
#4429036544
0t
0s
0r
1y
0c
0i
#4429036948
1t
0s
0r
1y
0c
0i
#4429037588
0t
0s
0r
1y
0c
0i
#4429037995
1t
0s
0r
1y
0c
0i
#4429038637
0t
0s
0r
1y
0c
0i
#4429039043
1t
0s
0r
1y
0c
0i
#4429039687
0t
0s
0r
1y
0c
0i
#4429040092
1t
0s
0r
1y
0c
0i
#4429040733
0t
0s
0r
1y
0c
0i
#4429041139
1t
0s
0r
1y
0c
0i
#4429041781
0t
0s
0r
1y
0c
0i
#4429042188
1t
0s
0r
1y
0c
0i
#4429042832
0t
0s
0r
1y
0c
0i
#4429043239
1t
0s
0r
1y
0c
0i
#4429043879
0t
0s
0r
1y
0c
0i
#4429044288
1t
0s
0r
1y
0c
0i
#4429044932
0t
0s
0r
1y
1c
0i
#4429045339
1t
0s
0r
1y
1c
0i
#4429045987
0t
0s
0r
1y
1c
0i
#4429046394
1t
0s
0r
1y
1c
1i
#4429047038
0t
0s
0r
1y
1c
1i
#4429047448
1t
0s
0r
1y
1c
1i
#4429048094
0t
0s
0r
1y
1c
1i
#4429048503
1t
0s
0r
1y
1c
1i
#4429049153
0t
0s
0r
1y
1c
0i
#4429049561
1t
0s
0r
1y
1c
0i
#4429050206
0t
0s
0r
1y
1c
0i
#4429050615
1t
0s
0r
1y
1c
0i
#4429051262
0t
0s
0r
1y
1c
0i
#4429051670
1t
0s
0r
1y
1c
0i
#4429052319
0t
0s
0r
1y
1c
0i
#4429052726
1t
0s
0r
1y
1c
0i
#4429053369
0t
0s
0r
1y
1c
0i
#4429053780
1t
0s
0r
1y
1c
0i
#4429054422
0t
0s
0r
1y
1c
0i
#4429054832
1t
0s
0r
1y
1c
0i
#4429055477
0t
0s
0r
1y
1c
0i
#4429055884
1t
0s
0r
1y
1c
0i
#4429056524
0t
0s
0r
1y
1c
0i
#4429056933
1t
0s
0r
1y
1c
0i
#4429057573
0t
0s
0r
1y
1c
0i
#4429057981
1t
0s
0r
1y
1c
0i
#4429058622
0t
0s
0r
1y
1c
0i
#4429059030
1t
0s
0r
1y
1c
0i
#4429059668
0t
0s
0r
1y
1c
0i
#4429060077
1t
0s
0r
1y
1c
0i
#4429060715
0t
0s
0r
1y
1c
0i
#4429061123
1t
0s
0r
1y
1c
0i
#4429061764
0t
0s
0r
1y
1c
0i
#4429062171
1t
0s
0r
1y
1c
0i
#4429063835
0t
0s
0r
1y
1c
0i
#4429065006
1t
0s
0r
1y
1c
0i
#4429065963
0t
0s
0r
1y
1c
0i
#4429066358
1t
0s
0r
1y
1c
0i
#4429067002
0t
0s
0r
1y
1c
0i
#4429067407
1t
0s
0r
1y
1c
0i
#4429068049
0t
0s
0r
1y
1c
0i
#4429068454
1t
0s
0r
1y
1c
0i
#4429069095
0t
0s
0r
1y
1c
0i
#4429069502
1t
0s
0r
1y
1c
0i
#4429070143
0t
0s
0r
1y
1c
0i
#4429070549
1t
0s
0r
1y
1c
0i
#4429071192
0t
0s
0r
1y
1c
0i
#4429071596
1t
0s
0r
1y
1c
0i
#4429072236
0t
0s
0r
1y
1c
0i
#4429072642
1t
0s
0r
1y
1c
0i
#4429073282
0t
0s
0r
1y
1c
0i
#4429073688
1t
0s
0r
1y
1c
0i
#4429074330
0t
0s
0r
1y
1c
0i
#4429074736
1t
0s
0r
1y
1c
0i
#4429075375
0t
0s
0r
1y
1c
0i
#4429075782
1t
0s
0r
1y
1c
0i
#4429076424
0t
0s
0r
1y
0c
0i
#4429076830
1t
0s
0r
1y
0c
0i
#4429077476
0t
0s
0r
1y
0c
0i
#4429077881
1t
0s
0r
1y
0c
1i
#4429078524
0t
0s
0r
1y
0c
1i
#4429078931
1t
0s
0r
1y
0c
1i
#4429079576
0t
0s
0r
1y
0c
1i
#4429079984
1t
0s
0r
1y
0c
1i
#4429080632
0t
0s
0r
1y
0c
0i
#4429081038
1t
0s
0r
1y
0c
0i
#4429081682
0t
0s
0r
1y
0c
0i
#4429082090
1t
0s
0r
1y
0c
0i
#4429082735
0t
0s
0r
1y
0c
0i
#4429083142
1t
0s
0r
1y
0c
0i
#4429083789
0t
0s
0r
1y
0c
0i
#4429084195
1t
0s
0r
1y
0c
0i
#4429084837
0t
0s
0r
1y
0c
0i
#4429085246
1t
0s
0r
1y
0c
0i
#4429085889
0t
0s
0r
1y
0c
0i
#4429086296
1t
0s
0r
1y
0c
0i
#4429086942
0t
0s
0r
1y
0c
0i
#4429087347
1t
0s
0r
1y
0c
0i
#4429087990
0t
0s
0r
1y
0c
0i
#4429088395
1t
0s
0r
1y
0c
0i
#4429089039
0t
0s
0r
1y
0c
0i
#4429089443
1t
0s
0r
1y
0c
0i
#4429090089
0t
0s
0r
1y
0c
0i
#4429090492
1t
0s
0r
1y
0c
0i
#4429091133
0t
0s
0r
1y
0c
0i
#4429091537
1t
0s
0r
1y
0c
0i
#4429092180
0t
0s
0r
1y
0c
0i
#4429092583
1t
0s
0r
1y
0c
0i
#4429093229
0t
0s
0r
1y
0c
0i
#4429093631
1t
0s
0r
1y
0c
0i
#4429094273
0t
0s
0r
1y
0c
0i
#4429094677
1t
0s
0r
1y
0c
0i
#4429095318
0t
0s
0r
1y
0c
0i
#4429095725
1t
0s
0r
1y
0c
0i
#4429096368
0t
0s
0r
1y
0c
0i
#4429096773
1t
0s
0r
1y
0c
0i
#4429097412
0t
0s
0r
1y
0c
0i
#4429097818
1t
0s
0r
1y
0c
0i
#4429098460
0t
0s
0r
1y
0c
0i
#4429098865
1t
0s
0r
1y
0c
0i
#4429099510
0t
0s
0r
1y
0c
0i
#4429099913
1t
0s
0r
1y
0c
0i
#4429100553
0t
0s
0r
1y
0c
0i
#4429100960
1t
0s
0r
1y
0c
0i
#4429101600
0t
0s
0r
1y
0c
0i
#4429102006
1t
0s
0r
1y
0c
0i
#4429102649
0t
0s
0r
1y
0c
0i
#4429103054
1t
0s
0r
1y
0c
0i
#4429103693
0t
0s
0r
1y
0c
0i
#4429104099
1t
0s
0r
1y
0c
0i
#4429104739
0t
0s
0r
1y
0c
0i
#4429105145
1t
0s
0r
1y
0c
0i
#4429105787
0t
0s
0r
1y
0c
0i
#4429106194
1t
0s
0r
1y
0c
0i
#4429106833
0t
0s
0r
1y
0c
0i
#4429107241
1t
0s
0r
1y
0c
0i
#4429107881
0t
0s
0r
1y
1c
0i
#4429108289
1t
0s
0r
1y
1c
0i
#4429108934
0t
0s
0r
1y
1c
0i
#4429109340
1t
0s
0r
1y
1c
1i
#4429109982
0t
0s
0r
1y
1c
1i
#4429110390
1t
0s
0r
1y
1c
1i
#4429111034
0t
0s
0r
1y
1c
1i
#4429111442
1t
0s
0r
1y
1c
1i
#4429112090
0t
0s
0r
1y
1c
0i
#4429112496
1t
0s
0r
1y
1c
0i
#4429113140
0t
0s
0r
1y
1c
0i
#4429113548
1t
0s
0r
1y
1c
0i
#4429114192
0t
0s
0r
1y
1c
0i
#4429114599
1t
0s
0r
1y
1c
0i
#4429115246
0t
0s
0r
1y
1c
0i
#4429115652
1t
0s
0r
1y
1c
0i
#4429116293
0t
0s
0r
1y
1c
0i
#4429116703
1t
0s
0r
1y
1c
0i
#4429117344
0t
0s
0r
1y
1c
0i
#4429117753
1t
0s
0r
1y
1c
0i
#4429118396
0t
0s
0r
1y
1c
0i
#4429118803
1t
0s
0r
1y
1c
0i
#4429119443
0t
0s
0r
1y
1c
0i
#4429119850
1t
0s
0r
1y
1c
0i
#4429120490
0t
0s
0r
1y
1c
0i
#4429120897
1t
0s
0r
1y
1c
0i
#4429121539
0t
0s
0r
1y
1c
0i
#4429121946
1t
0s
0r
1y
1c
0i
#4429122583
0t
0s
0r
1y
1c
0i
#4429122991
1t
0s
0r
1y
1c
0i
#4429123630
0t
0s
0r
1y
1c
0i
#4429124037
1t
0s
0r
1y
1c
0i
#4429124679
0t
0s
0r
1y
1c
0i
#4429125085
1t
0s
0r
1y
1c
0i
#4429126748
0t
0s
0r
1y
1c
0i
#4429127918
1t
0s
0r
1y
1c
0i
#4429128874
0t
0s
0r
1y
1c
0i
#4429129268
1t
0s
0r
1y
1c
0i
#4429129912
0t
0s
0r
1y
1c
0i
#4429130316
1t
0s
0r
1y
1c
0i
#4429130957
0t
0s
0r
1y
1c
0i
#4429131363
1t
0s
0r
1y
1c
0i
#4429132003
0t
0s
0r
1y
1c
0i
#4429132410
1t
0s
0r
1y
1c
0i
#4429133050
0t
0s
0r
1y
1c
0i
#4429133456
1t
0s
0r
1y
1c
0i
#4429134098
0t
0s
0r
1y
1c
0i
#4429134502
1t
0s
0r
1y
1c
0i
#4429135141
0t
0s
0r
1y
1c
0i
#4429135546
1t
0s
0r
1y
1c
0i
#4429136186
0t
0s
0r
1y
1c
0i
#4429136591
1t
0s
0r
1y
1c
0i
#4429137233
0t
0s
0r
1y
1c
0i
#4429137638
1t
0s
0r
1y
1c
0i
#4429138276
0t
0s
0r
1y
1c
0i
#4429138683
1t
0s
0r
1y
1c
0i
#4429139323
0t
0s
0r
1y
0c
0i
#4429139730
1t
0s
0r
1y
0c
0i
#4429140374
0t
0s
0r
1y
0c
0i
#4429140779
1t
0s
0r
1y
0c
1i
#4429141421
0t
0s
0r
1y
0c
1i
#4429141828
1t
0s
0r
1y
0c
1i
#4429142471
0t
0s
0r
1y
0c
1i
#4429142878
1t
0s
0r
1y
0c
1i
#4429142951
1t
0s
1r
1y
0c
1i
#4429142954
1t
0s
0r
1y
0c
1i
#4429143525
0t
0s
0r
1y
0c
0i
#4429143931
1t
0s
0r
1y
0c
0i
#4429144573
0t
0s
0r
1y
0c
0i
#4429144980
1t
0s
0r
1y
0c
0i
#4429145624
0t
0s
0r
1y
0c
0i
#4429146030
1t
0s
0r
1y
0c
0i
#4429146677
0t
0s
0r
1y
0c
0i
#4429147081
1t
0s
0r
1y
0c
0i
#4429147724
0t
0s
0r
1y
0c
0i
#4429148132
1t
0s
0r
1y
0c
0i
#4429148775
0t
0s
0r
1y
0c
0i
#4429149181
1t
0s
0r
1y
0c
0i
#4429149828
0t
0s
0r
1y
0c
0i
#4429150233
1t
0s
0r
1y
0c
0i
#4429150877
0t
0s
0r
1y
0c
0i
#4429151283
1t
0s
0r
1y
0c
0i
#4429151929
0t
0s
0r
1y
0c
0i
#4429152335
1t
0s
0r
1y
0c
0i
#4429152984
0t
0s
0r
1y
0c
0i
#4429153387
1t
0s
0r
1y
0c
0i
#4429154032
0t
0s
0r
1y
0c
0i
#4429154438
1t
0s
0r
1y
0c
0i
#4429155084
0t
0s
0r
1y
0c
0i
#4429155490
1t
0s
0r
1y
0c
0i
#4429156139
0t
0s
0r
1y
0c
0i
#4429156543
1t
0s
0r
1y
0c
0i
#4429157188
0t
0s
0r
1y
0c
0i
#4429157594
1t
0s
0r
1y
0c
0i
#4429158240
0t
0s
0r
1y
0c
0i
#4429158647
1t
0s
0r
1y
0c
0i
#4429159294
0t
0s
0r
1y
0c
0i
#4429159700
1t
0s
0r
1y
0c
0i
#4429160343
0t
0s
0r
1y
0c
0i
#4429160751
1t
0s
0r
1y
0c
0i
#4429161395
0t
0s
0r
1y
0c
0i
#4429161802
1t
0s
0r
1y
0c
0i
#4429162449
0t
0s
0r
1y
0c
0i
#4429162855
1t
0s
0r
1y
0c
0i
#4429163497
0t
0s
0r
1y
0c
0i
#4429163905
1t
0s
0r
1y
0c
0i
#4429164549
0t
0s
0r
1y
0c
0i
#4429164956
1t
0s
0r
1y
0c
0i
#4429165602
0t
0s
0r
1y
0c
0i
#4429166008
1t
0s
0r
1y
0c
0i
#4429166650
0t
0s
0r
1y
0c
0i
#4429167058
1t
0s
0r
1y
0c
0i
#4429167702
0t
0s
0r
1y
0c
0i
#4429168108
1t
0s
0r
1y
0c
0i
#4429168754
0t
0s
0r
1y
0c
0i
#4429169162
1t
0s
0r
1y
0c
0i
#4429169804
0t
0s
0r
1y
0c
0i
#4429170213
1t
0s
0r
1y
0c
0i
#4429170858
0t
0s
0r
1y
1c
0i
#4429171267
1t
0s
0r
1y
1c
0i
#4429171916
0t
0s
0r
1y
1c
0i
#4429172323
1t
0s
0r
1y
1c
1i
#4429172968
0t
0s
0r
1y
1c
1i
#4429173379
1t
0s
0r
1y
1c
1i
#4429174027
0t
0s
0r
1y
1c
1i
#4429174436
1t
0s
0r
1y
1c
1i
#4429175088
0t
0s
0r
1y
1c
0i
#4429175496
1t
0s
0r
1y
1c
0i
#4429176143
0t
0s
0r
1y
1c
0i
#4429176553
1t
0s
0r
1y
1c
0i
#4429177201
0t
0s
0r
1y
1c
0i
#4429177610
1t
0s
0r
1y
1c
0i
#4429178261
0t
0s
0r
1y
1c
0i
#4429178669
1t
0s
0r
1y
1c
0i
#4429179313
0t
0s
0r
1y
1c
0i
#4429179725
1t
0s
0r
1y
1c
0i
#4429180369
0t
0s
0r
1y
1c
0i
#4429180780
1t
0s
0r
1y
1c
0i
#4429181427
0t
0s
0r
1y
1c
0i
#4429181835
1t
0s
0r
1y
1c
0i
#4429182477
0t
0s
0r
1y
1c
0i
#4429182886
1t
0s
0r
1y
1c
0i
#4429183528
0t
0s
0r
1y
1c
0i
#4429183937
1t
0s
0r
1y
1c
0i
#4429184580
0t
0s
0r
1y
1c
0i
#4429184988
1t
0s
0r
1y
1c
0i
#4429185627
0t
0s
0r
1y
1c
0i
#4429186036
1t
0s
0r
1y
1c
0i
#4429186676
0t
0s
0r
1y
1c
0i
#4429187084
1t
0s
0r
1y
1c
0i
#4429187727
0t
0s
0r
1y
1c
0i
#4429188134
1t
0s
0r
1y
1c
0i
#4429189801
0t
0s
0r
1y
1c
0i
#4429190974
1t
0s
0r
1y
1c
0i
#4429191933
0t
0s
0r
1y
1c
0i
#4429192328
1t
0s
0r
1y
1c
0i
#4429192973
0t
0s
0r
1y
1c
0i
#4429193379
1t
0s
0r
1y
1c
0i
#4429194022
0t
0s
0r
1y
1c
0i
#4429194428
1t
0s
0r
1y
1c
0i
#4429195070
0t
0s
0r
1y
1c
0i
#4429195478
1t
0s
0r
1y
1c
0i
#4429196119
0t
0s
0r
1y
1c
0i
#4429196526
1t
0s
0r
1y
1c
0i
#4429197170
0t
0s
0r
1y
1c
0i
#4429197574
1t
0s
0r
1y
1c
0i
#4429198214
0t
0s
0r
1y
1c
0i
#4429198621
1t
0s
0r
1y
1c
0i
#4429199262
0t
0s
0r
1y
1c
0i
#4429199668
1t
0s
0r
1y
1c
0i
#4429200311
0t
0s
0r
1y
1c
0i
#4429200717
1t
0s
0r
1y
1c
0i
#4429201356
0t
0s
0r
1y
0c
0i
#4429201765
1t
0s
0r
1y
0c
0i
#4429202406
0t
0s
0r
1y
0c
0i
#4429202813
1t
0s
0r
1y
0c
0i
#4429203459
0t
0s
0r
1y
0c
0i
#4429203865
1t
0s
0r
1y
0c
1i
#4429204509
0t
0s
0r
1y
0c
1i
#4429204916
1t
0s
0r
1y
0c
1i
#4429205561
0t
0s
0r
1y
0c
1i
#4429205969
1t
0s
0r
1y
0c
1i
#4429206617
0t
0s
0r
1y
0c
0i
#4429207024
1t
0s
0r
1y
0c
0i
#4429207668
0t
0s
0r
1y
0c
0i
#4429208076
1t
0s
0r
1y
0c
0i
#4429208722
0t
0s
0r
1y
0c
0i
#4429209128
1t
0s
0r
1y
0c
0i
#4429209776
0t
0s
0r
1y
0c
0i
#4429210180
1t
0s
0r
1y
0c
0i
#4429210822
0t
0s
0r
1y
0c
0i
#4429211229
1t
0s
0r
1y
0c
0i
#4429211869
0t
0s
0r
1y
0c
0i
#4429212274
1t
0s
0r
1y
0c
0i
#4429212915
0t
0s
0r
1y
0c
0i
#4429213318
1t
0s
0r
1y
0c
0i
#4429213955
0t
0s
0r
1y
0c
0i
#4429214358
1t
0s
0r
1y
0c
0i
#4429214994
0t
0s
0r
1y
0c
0i
#4429215396
1t
0s
0r
1y
0c
0i
#4429216035
0t
0s
0r
1y
0c
0i
#4429216435
1t
0s
0r
1y
0c
0i
#4429217070
0t
0s
0r
1y
0c
0i
#4429217471
1t
0s
0r
1y
0c
0i
#4429218108
0t
0s
0r
1y
0c
0i
#4429218509
1t
0s
0r
1y
0c
0i
#4429219149
0t
0s
0r
1y
0c
0i
#4429219549
1t
0s
0r
1y
0c
0i
#4429220186
0t
0s
0r
1y
0c
0i
#4429220588
1t
0s
0r
1y
0c
0i
#4429221225
0t
0s
0r
1y
0c
0i
#4429221629
1t
0s
0r
1y
0c
0i
#4429222268
0t
0s
0r
1y
0c
0i
#4429222670
1t
0s
0r
1y
0c
0i
#4429223305
0t
0s
0r
1y
0c
0i
#4429223710
1t
0s
0r
1y
0c
0i
#4429224347
0t
0s
0r
1y
0c
0i
#4429224750
1t
0s
0r
1y
0c
0i
#4429225390
0t
0s
0r
1y
0c
0i
#4429225792
1t
0s
0r
1y
0c
0i
#4429226427
0t
0s
0r
1y
0c
0i
#4429226831
1t
0s
0r
1y
0c
0i
#4429227467
0t
0s
0r
1y
0c
0i
#4429227871
1t
0s
0r
1y
0c
0i
#4429228510
0t
0s
0r
1y
0c
0i
#4429228912
1t
0s
0r
1y
0c
0i
#4429229547
0t
0s
0r
1y
0c
0i
#4429229951
1t
0s
0r
1y
0c
0i
#4429230587
0t
0s
0r
1y
0c
0i
#4429230990
1t
0s
0r
1y
0c
0i
#4429231629
0t
0s
0r
1y
0c
0i
#4429232033
1t
0s
0r
1y
0c
0i
#4429232666
0t
0s
0r
1y
0c
0i
#4429233072
1t
0s
0r
1y
0c
0i
#4429233709
0t
0s
0r
1y
1c
0i
#4429234114
1t
0s
0r
1y
1c
0i
#4429234755
0t
0s
0r
1y
1c
0i
#4429235158
1t
0s
0r
1y
1c
1i
#4429235796
0t
0s
0r
1y
1c
1i
#4429236202
1t
0s
0r
1y
1c
1i
#4429236842
0t
0s
0r
1y
1c
1i
#4429237248
1t
0s
0r
1y
1c
1i
#4429237891
0t
0s
0r
1y
1c
0i
#4429238296
1t
0s
0r
1y
1c
0i
#4429238935
0t
0s
0r
1y
1c
0i
#4429239341
1t
0s
0r
1y
1c
0i
#4429239981
0t
0s
0r
1y
1c
0i
#4429240387
1t
0s
0r
1y
1c
0i
#4429241029
0t
0s
0r
1y
1c
0i
#4429241433
1t
0s
0r
1y
1c
0i
#4429242070
0t
0s
0r
1y
1c
0i
#4429242478
1t
0s
0r
1y
1c
0i
#4429243114
0t
0s
0r
1y
1c
0i
#4429243520
1t
0s
0r
1y
1c
0i
#4429244159
0t
0s
0r
1y
1c
0i
#4429244564
1t
0s
0r
1y
1c
0i
#4429245197
0t
0s
0r
1y
1c
0i
#4429245603
1t
0s
0r
1y
1c
0i
#4429246237
0t
0s
0r
1y
1c
0i
#4429246641
1t
0s
0r
1y
1c
0i
#4429247276
0t
0s
0r
1y
1c
0i
#4429247681
1t
0s
0r
1y
1c
0i
#4429248311
0t
0s
0r
1y
1c
0i
#4429248717
1t
0s
0r
1y
1c
0i
#4429249349
0t
0s
0r
1y
1c
0i
#4429249754
1t
0s
0r
1y
1c
0i
#4429250389
0t
0s
0r
1y
1c
0i
#4429250792
1t
0s
0r
1y
1c
0i
#4429252440
0t
0s
0r
1y
1c
0i
#4429253600
1t
0s
0r
1y
1c
0i
#4429254547
0t
0s
0r
1y
1c
0i
#4429254938
1t
0s
0r
1y
1c
0i
#4429255575
0t
0s
0r
1y
1c
0i
#4429255976
1t
0s
0r
1y
1c
0i
#4429256611
0t
0s
0r
1y
1c
0i
#4429257012
1t
0s
0r
1y
1c
0i
#4429257645
0t
0s
0r
1y
1c
0i
#4429258049
1t
0s
0r
1y
1c
0i
#4429258682
0t
0s
0r
1y
1c
0i
#4429259085
1t
0s
0r
1y
1c
0i
#4429259721
0t
0s
0r
1y
1c
0i
#4429260121
1t
0s
0r
1y
1c
0i
#4429260753
0t
0s
0r
1y
1c
0i
#4429261155
1t
0s
0r
1y
1c
0i
#4429261789
0t
0s
0r
1y
1c
0i
#4429262190
1t
0s
0r
1y
1c
0i
#4429262825
0t
0s
0r
1y
1c
0i
#4429263228
1t
0s
0r
1y
1c
0i
#4429263859
0t
0s
0r
1y
1c
0i
#4429264263
1t
0s
0r
1y
1c
0i
#4429264897
0t
0s
0r
1y
0c
0i
#4429265299
1t
0s
0r
1y
0c
0i
#4429265938
0t
0s
0r
1y
0c
0i
#4429266339
1t
0s
0r
1y
0c
1i
#4429266974
0t
0s
0r
1y
0c
1i
#4429267378
1t
0s
0r
1y
0c
1i
#4429268014
0t
0s
0r
1y
0c
1i
#4429268419
1t
0s
0r
1y
0c
1i
#4429268619
1t
0s
1r
1y
0c
1i
#4429268621
1t
0s
0r
1y
0c
1i
#4429269059
0t
0s
0r
1y
0c
0i
#4429269462
1t
0s
0r
1y
0c
0i
#4429270098
0t
0s
0r
1y
0c
0i
#4429270502
1t
0s
0r
1y
0c
0i
#4429271139
0t
0s
0r
1y
0c
0i
#4429271542
1t
0s
0r
1y
0c
0i
#4429272183
0t
0s
0r
1y
0c
0i
#4429272584
1t
0s
0r
1y
0c
0i
#4429273220
0t
0s
0r
1y
0c
0i
#4429273625
1t
0s
0r
1y
0c
0i
#4429274262
0t
0s
0r
1y
0c
0i
#4429274666
1t
0s
0r
1y
0c
0i
#4429275307
0t
0s
0r
1y
0c
0i
#4429275708
1t
0s
0r
1y
0c
0i
#4429276347
0t
0s
0r
1y
0c
0i
#4429276750
1t
0s
0r
1y
0c
0i
#4429277391
0t
0s
0r
1y
0c
0i
#4429277793
1t
0s
0r
1y
0c
0i
#4429278437
0t
0s
0r
1y
0c
0i
#4429278838
1t
0s
0r
1y
0c
0i
#4429279478
0t
0s
0r
1y
0c
0i
#4429279882
1t
0s
0r
1y
0c
0i
#4429280523
0t
0s
0r
1y
0c
0i
#4429280926
1t
0s
0r
1y
0c
0i
#4429281571
0t
0s
0r
1y
0c
0i
#4429281973
1t
0s
0r
1y
0c
0i
#4429282613
0t
0s
0r
1y
0c
0i
#4429283017
1t
0s
0r
1y
0c
0i
#4429283658
0t
0s
0r
1y
0c
0i
#4429284063
1t
0s
0r
1y
0c
0i
#4429284705
0t
0s
0r
1y
0c
0i
#4429285109
1t
0s
0r
1y
0c
0i
#4429285747
0t
0s
0r
1y
0c
0i
#4429286152
1t
0s
0r
1y
0c
0i
#4429286793
0t
0s
0r
1y
0c
0i
#4429287196
1t
0s
0r
1y
0c
0i
#4429287839
0t
0s
0r
1y
0c
0i
#4429288242
1t
0s
0r
1y
0c
0i
#4429288880
0t
0s
0r
1y
0c
0i
#4429289285
1t
0s
0r
1y
0c
0i
#4429289924
0t
0s
0r
1y
0c
0i
#4429290329
1t
0s
0r
1y
0c
0i
#4429290970
0t
0s
0r
1y
0c
0i
#4429291374
1t
0s
0r
1y
0c
0i
#4429292011
0t
0s
0r
1y
0c
0i
#4429292417
1t
0s
0r
1y
0c
0i
#4429293056
0t
0s
0r
1y
0c
0i
#4429293461
1t
0s
0r
1y
0c
0i
#4429294103
0t
0s
0r
1y
0c
0i
#4429294509
1t
0s
0r
1y
0c
0i
#4429295146
0t
0s
0r
1y
0c
0i
#4429295553
1t
0s
0r
1y
0c
0i
#4429296193
0t
0s
0r
1y
1c
0i
#4429296600
1t
0s
0r
1y
1c
0i
#4429297244
0t
0s
0r
1y
1c
0i
#4429297650
1t
0s
0r
1y
1c
1i
#4429298291
0t
0s
0r
1y
1c
1i
#4429298699
1t
0s
0r
1y
1c
1i
#4429299343
0t
0s
0r
1y
1c
1i
#4429299750
1t
0s
0r
1y
1c
1i
#4429300397
0t
0s
0r
1y
1c
0i
#4429300803
1t
0s
0r
1y
1c
0i
#4429301446
0t
0s
0r
1y
1c
0i
#4429301853
1t
0s
0r
1y
1c
0i
#4429302497
0t
0s
0r
1y
1c
0i
#4429302904
1t
0s
0r
1y
1c
0i
#4429303550
0t
0s
0r
1y
1c
0i
#4429303955
1t
0s
0r
1y
1c
0i
#4429304595
0t
0s
0r
1y
1c
0i
#4429305004
1t
0s
0r
1y
1c
0i
#4429305645
0t
0s
0r
1y
1c
0i
#4429306052
1t
0s
0r
1y
1c
0i
#4429306694
0t
0s
0r
1y
1c
0i
#4429307100
1t
0s
0r
1y
1c
0i
#4429307737
0t
0s
0r
1y
1c
0i
#4429308144
1t
0s
0r
1y
1c
0i
#4429308780
0t
0s
0r
1y
1c
0i
#4429309186
1t
0s
0r
1y
1c
0i
#4429309824
0t
0s
0r
1y
1c
0i
#4429310229
1t
0s
0r
1y
1c
0i
#4429310862
0t
0s
0r
1y
1c
0i
#4429311269
1t
0s
0r
1y
1c
0i
#4429311903
0t
0s
0r
1y
1c
0i
#4429312308
1t
0s
0r
1y
1c
0i
#4429312945
0t
0s
0r
1y
1c
0i
#4429313350
1t
0s
0r
1y
1c
0i
#4429315003
0t
0s
0r
1y
1c
0i
#4429316167
1t
0s
0r
1y
1c
0i
#4429317118
0t
0s
0r
1y
1c
0i
#4429317510
1t
0s
0r
1y
1c
0i
#4429318150
0t
0s
0r
1y
1c
0i
#4429318553
1t
0s
0r
1y
1c
0i
#4429319191
0t
0s
0r
1y
1c
0i
#4429319594
1t
0s
0r
1y
1c
0i
#4429320231
0t
0s
0r
1y
1c
0i
#4429320636
1t
0s
0r
1y
1c
0i
#4429321273
0t
0s
0r
1y
1c
0i
#4429321676
1t
0s
0r
1y
1c
0i
#4429322316
0t
0s
0r
1y
1c
0i
#4429322718
1t
0s
0r
1y
1c
0i
#4429323352
0t
0s
0r
1y
1c
0i
#4429323757
1t
0s
0r
1y
1c
0i
#4429324394
0t
0s
0r
1y
1c
0i
#4429324797
1t
0s
0r
1y
1c
0i
#4429325435
0t
0s
0r
1y
1c
0i
#4429325839
1t
0s
0r
1y
1c
0i
#4429326474
0t
0s
0r
1y
1c
0i
#4429326880
1t
0s
0r
1y
1c
0i
#4429327516
0t
0s
0r
1y
0c
0i
#4429327921
1t
0s
0r
1y
0c
0i
#4429328562
0t
0s
0r
1y
0c
0i
#4429328966
1t
0s
0r
1y
0c
1i
#4429329604
0t
0s
0r
1y
0c
1i
#4429330009
1t
0s
0r
1y
0c
1i
#4429330649
0t
0s
0r
1y
0c
1i
#4429331055
1t
0s
0r
1y
0c
1i
#4429331698
0t
0s
0r
1y
0c
0i
#4429332102
1t
0s
0r
1y
0c
0i
#4429332741
0t
0s
0r
1y
0c
0i
#4429333147
1t
0s
0r
1y
0c
0i
#4429333787
0t
0s
0r
1y
0c
0i
#4429334191
1t
0s
0r
1y
0c
0i
#4429334835
0t
0s
0r
1y
0c
0i
#4429335237
1t
0s
0r
1y
0c
0i
#4429335876
0t
0s
0r
1y
0c
0i
#4429336282
1t
0s
0r
1y
0c
0i
#4429336921
0t
0s
0r
1y
0c
0i
#4429337327
1t
0s
0r
1y
0c
0i
#4429337970
0t
0s
0r
1y
0c
0i
#4429338373
1t
0s
0r
1y
0c
0i
#4429339014
0t
0s
0r
1y
0c
0i
#4429339419
1t
0s
0r
1y
0c
0i
#4429340061
0t
0s
0r
1y
0c
0i
#4429340466
1t
0s
0r
1y
0c
0i
#4429341111
0t
0s
0r
1y
0c
0i
#4429341514
1t
0s
0r
1y
0c
0i
#4429342156
0t
0s
0r
1y
0c
0i
#4429342561
1t
0s
0r
1y
0c
0i
#4429343205
0t
0s
0r
1y
0c
0i
#4429343609
1t
0s
0r
1y
0c
0i
#4429344256
0t
0s
0r
1y
0c
0i
#4429344659
1t
0s
0r
1y
0c
0i
#4429345302
0t
0s
0r
1y
0c
0i
#4429345707
1t
0s
0r
1y
0c
0i
#4429346350
0t
0s
0r
1y
0c
0i
#4429346757
1t
0s
0r
1y
0c
0i
#4429347402
0t
0s
0r
1y
0c
0i
#4429347807
1t
0s
0r
1y
0c
0i
#4429348447
0t
0s
0r
1y
0c
0i
#4429348854
1t
0s
0r
1y
0c
0i
#4429349496
0t
0s
0r
1y
0c
0i
#4429349901
1t
0s
0r
1y
0c
0i
#4429350546
0t
0s
0r
1y
0c
0i
#4429350950
1t
0s
0r
1y
0c
0i
#4429351590
0t
0s
0r
1y
0c
0i
#4429351997
1t
0s
0r
1y
0c
0i
#4429352638
0t
0s
0r
1y
0c
0i
#4429353044
1t
0s
0r
1y
0c
0i
#4429353687
0t
0s
0r
1y
0c
0i
#4429354092
1t
0s
0r
1y
0c
0i
#4429354732
0t
0s
0r
1y
0c
0i
#4429355138
1t
0s
0r
1y
0c
0i
#4429355779
0t
0s
0r
1y
0c
0i
#4429356185
1t
0s
0r
1y
0c
0i
#4429356827
0t
0s
0r
1y
0c
0i
#4429357234
1t
0s
0r
1y
0c
0i
#4429357873
0t
0s
0r
1y
0c
0i
#4429358281
1t
0s
0r
1y
0c
0i
#4429358923
0t
0s
0r
1y
1c
0i
#4429359331
1t
0s
0r
1y
1c
0i
#4429359977
0t
0s
0r
1y
1c
0i
#4429360383
1t
0s
0r
1y
1c
1i
#4429361025
0t
0s
0r
1y
1c
1i
#4429361434
1t
0s
0r
1y
1c
1i
#4429362079
0t
0s
0r
1y
1c
1i
#4429362487
1t
0s
0r
1y
1c
1i
#4429363136
0t
0s
0r
1y
1c
0i
#4429363543
1t
0s
0r
1y
1c
0i
#4429364186
0t
0s
0r
1y
1c
0i
#4429364595
1t
0s
0r
1y
1c
0i
#4429365240
0t
0s
0r
1y
1c
0i
#4429365648
1t
0s
0r
1y
1c
0i
#4429366295
0t
0s
0r
1y
1c
0i
#4429366701
1t
0s
0r
1y
1c
0i
#4429367344
0t
0s
0r
1y
1c
0i
#4429367753
1t
0s
0r
1y
1c
0i
#4429368396
0t
0s
0r
1y
1c
0i
#4429368805
1t
0s
0r
1y
1c
0i
#4429369450
0t
0s
0r
1y
1c
0i
#4429369858
1t
0s
0r
1y
1c
0i
#4429370498
0t
0s
0r
1y
1c
0i
#4429370907
1t
0s
0r
1y
1c
0i
#4429371549
0t
0s
0r
1y
1c
0i
#4429371957
1t
0s
0r
1y
1c
0i
#4429372600
0t
0s
0r
1y
1c
0i
#4429373009
1t
0s
0r
1y
1c
0i
#4429373647
0t
0s
0r
1y
1c
0i
#4429374057
1t
0s
0r
1y
1c
0i
#4429374697
0t
0s
0r
1y
1c
0i
#4429375105
1t
0s
0r
1y
1c
0i
#4429375748
0t
0s
0r
1y
1c
0i
#4429376155
1t
0s
0r
1y
1c
0i
#4429377822
0t
0s
0r
1y
1c
0i
#4429378993
1t
0s
0r
1y
1c
0i
#4429379952
0t
0s
0r
1y
1c
0i
#4429380346
1t
0s
0r
1y
1c
0i
#4429380991
0t
0s
0r
1y
1c
0i
#4429381396
1t
0s
0r
1y
1c
0i
#4429382039
0t
0s
0r
1y
1c
0i
#4429382445
1t
0s
0r
1y
1c
0i
#4429383086
0t
0s
0r
1y
1c
0i
#4429383493
1t
0s
0r
1y
1c
0i
#4429384134
0t
0s
0r
1y
1c
0i
#4429384541
1t
0s
0r
1y
1c
0i
#4429385184
0t
0s
0r
1y
1c
0i
#4429385588
1t
0s
0r
1y
1c
0i
#4429386228
0t
0s
0r
1y
1c
0i
#4429386634
1t
0s
0r
1y
1c
0i
#4429387276
0t
0s
0r
1y
1c
0i
#4429387680
1t
0s
0r
1y
1c
0i
#4429388323
0t
0s
0r
1y
1c
0i
#4429388729
1t
0s
0r
1y
1c
0i
#4429389368
0t
0s
0r
1y
1c
0i
#4429389776
1t
0s
0r
1y
1c
0i
#4429390417
0t
0s
0r
1y
1c
0i
#4429390824
1t
0s
0r
1y
0c
0i
#4429391469
0t
0s
0r
1y
0c
0i
#4429391874
1t
0s
0r
1y
0c
1i
#4429392517
0t
0s
0r
1y
0c
1i
#4429392924
1t
0s
0r
1y
0c
1i
#4429393568
0t
0s
0r
1y
0c
1i
#4429393982
0t
0s
1r
1y
0c
1i
#4429393984
0t
0s
0r
1y
0c
1i
#8724361272
1t
0s
0r
1y
0c
1i
#8724361920
0t
0s
0r
1y
0c
0i
#8724362326
1t
0s
0r
1y
0c
0i
#8724362970
0t
0s
0r
1y
0c
0i
#8724363378
1t
0s
0r
1y
0c
0i
#8724364023
0t
0s
0r
1y
0c
0i
#8724364429
1t
0s
0r
1y
0c
0i
#8724365078
0t
0s
0r
1y
0c
0i
#8724365483
1t
0s
0r
1y
0c
0i
#8724366127
0t
0s
0r
1y
0c
0i
#8724366535
1t
0s
0r
1y
0c
0i
#8724367180
0t
0s
0r
1y
0c
0i
#8724367588
1t
0s
0r
1y
0c
0i
#8724368236
0t
0s
0r
1y
0c
0i
#8724368642
1t
0s
0r
1y
0c
0i
#8724369288
0t
0s
0r
1y
0c
0i
#8724369695
1t
0s
0r
1y
0c
0i
#8724370342
0t
0s
0r
1y
0c
0i
#8724370749
1t
0s
0r
1y
0c
0i
#8724371399
0t
0s
0r
1y
0c
0i
#8724371804
1t
0s
0r
1y
0c
0i
#8724372451
0t
0s
0r
1y
0c
0i
#8724372857
1t
0s
0r
1y
0c
0i
#8724373505
0t
0s
0r
1y
0c
0i
#8724373911
1t
0s
0r
1y
0c
0i
#8724374562
0t
0s
0r
1y
0c
0i
#8724374967
1t
0s
0r
1y
0c
0i
#8724375614
0t
0s
0r
1y
0c
0i
#8724376021
1t
0s
0r
1y
0c
0i
#8724376669
0t
0s
0r
1y
0c
0i
#8724377077
1t
0s
0r
1y
0c
0i
#8724377726
0t
0s
0r
1y
0c
0i
#8724378132
1t
0s
0r
1y
0c
0i
#8724378777
0t
0s
0r
1y
0c
0i
#8724379185
1t
0s
0r
1y
0c
0i
#8724379832
0t
0s
0r
1y
0c
0i
#8724380239
1t
0s
0r
1y
0c
0i
#8724380888
0t
0s
0r
1y
0c
0i
#8724381294
1t
0s
0r
1y
0c
0i
#8724381939
0t
0s
0r
1y
0c
0i
#8724382348
1t
0s
0r
1y
0c
0i
#8724382993
0t
0s
0r
1y
0c
0i
#8724383401
1t
0s
0r
1y
0c
0i
#8724384049
0t
0s
0r
1y
0c
0i
#8724384456
1t
0s
0r
1y
0c
0i
#8724385100
0t
0s
0r
1y
0c
0i
#8724385508
1t
0s
0r
1y
0c
0i
#8724386154
0t
0s
0r
1y
0c
0i
#8724386562
1t
0s
0r
1y
0c
0i
#8724387209
0t
0s
0r
1y
0c
0i
#8724387618
1t
0s
0r
1y
0c
0i
#8724388261
0t
0s
0r
1y
0c
0i
#8724388672
1t
0s
0r
1y
0c
0i
#8724389318
0t
0s
0r
1y
1c
0i
#8724389728
1t
0s
0r
1y
1c
0i
#8724390378
0t
0s
0r
1y
1c
0i
#8724390787
1t
0s
0r
1y
1c
1i
#8724391434
0t
0s
0r
1y
1c
1i
#8724391845
1t
0s
0r
1y
1c
1i
#8724392495
0t
0s
0r
1y
1c
1i
#8724392906
1t
0s
0r
1y
1c
1i
#8724393559
0t
0s
0r
1y
1c
0i
#8724393968
1t
0s
0r
1y
1c
0i
#8724394617
0t
0s
0r
1y
1c
0i
#8724395028
1t
0s
0r
1y
1c
0i
#8724395678
0t
0s
0r
1y
1c
0i
#8724396089
1t
0s
0r
1y
1c
0i
#8724396741
0t
0s
0r
1y
1c
0i
#8724397150
1t
0s
0r
1y
1c
0i
#8724397798
0t
0s
0r
1y
1c
0i
#8724398210
1t
0s
0r
1y
1c
0i
#8724398858
0t
0s
0r
1y
1c
0i
#8724399270
1t
0s
0r
1y
1c
0i
#8724399921
0t
0s
0r
1y
1c
0i
#8724400332
1t
0s
0r
1y
1c
0i
#8724400979
0t
0s
0r
1y
1c
0i
#8724401391
1t
0s
0r
1y
1c
0i
#8724402039
0t
0s
0r
1y
1c
0i
#8724402451
1t
0s
0r
1y
1c
0i
#8724403102
0t
0s
0r
1y
1c
0i
#8724403514
1t
0s
0r
1y
1c
0i
#8724404160
0t
0s
0r
1y
1c
0i
#8724404574
1t
0s
0r
1y
1c
0i
#8724405222
0t
0s
0r
1y
1c
0i
#8724405635
1t
0s
0r
1y
1c
0i
#8724406286
0t
0s
0r
1y
1c
0i
#8724406697
1t
0s
0r
1y
1c
0i
#8724408383
0t
0s
0r
1y
1c
0i
#8724409566
1t
0s
0r
1y
1c
0i
#8724410536
0t
0s
0r
1y
1c
0i
#8724410934
1t
0s
0r
1y
1c
0i
#8724411585
0t
0s
0r
1y
1c
0i
#8724411995
1t
0s
0r
1y
1c
0i
#8724412644
0t
0s
0r
1y
1c
0i
#8724413053
1t
0s
0r
1y
1c
0i
#8724413701
0t
0s
0r
1y
1c
0i
#8724414113
1t
0s
0r
1y
1c
0i
#8724414761
0t
0s
0r
1y
1c
0i
#8724415170
1t
0s
0r
1y
1c
0i
#8724415821
0t
0s
0r
1y
1c
0i
#8724416229
1t
0s
0r
1y
1c
0i
#8724416876
0t
0s
0r
1y
1c
0i
#8724417286
1t
0s
0r
1y
1c
0i
#8724417934
0t
0s
0r
1y
1c
0i
#8724418343
1t
0s
0r
1y
1c
0i
#8724418993
0t
0s
0r
1y
1c
0i
#8724419403
1t
0s
0r
1y
1c
0i
#8724420050
0t
0s
0r
1y
1c
0i
#8724420461
1t
0s
0r
1y
1c
0i
#8724421111
0t
0s
0r
1y
0c
0i
#8724421521
1t
0s
0r
1y
0c
0i
#8724422175
0t
0s
0r
1y
0c
0i
#8724422584
1t
0s
0r
1y
0c
1i
#8724423234
0t
0s
0r
1y
0c
1i
#8724423646
1t
0s
0r
1y
0c
1i
#8724424298
0t
0s
0r
1y
0c
1i
#8724424710
1t
0s
0r
1y
0c
1i
#8724425365
0t
0s
0r
1y
0c
0i
#8724425776
1t
0s
0r
1y
0c
0i
#8724426427
0t
0s
0r
1y
0c
0i
#8724426839
1t
0s
0r
1y
0c
0i
#8724427491
0t
0s
0r
1y
0c
0i
#8724427902
1t
0s
0r
1y
0c
0i
#8724428557
0t
0s
0r
1y
0c
0i
#8724428966
1t
0s
0r
1y
0c
0i
#8724429617
0t
0s
0r
1y
0c
0i
#8724430029
1t
0s
0r
1y
0c
0i
#8724430680
0t
0s
0r
1y
0c
0i
#8724431091
1t
0s
0r
1y
0c
0i
#8724431745
0t
0s
0r
1y
0c
0i
#8724432154
1t
0s
0r
1y
0c
0i
#8724432806
0t
0s
0r
1y
0c
0i
#8724433215
1t
0s
0r
1y
0c
0i
#8724433868
0t
0s
0r
1y
0c
0i
#8724434277
1t
0s
0r
1y
0c
0i
#8724434932
0t
0s
0r
1y
0c
0i
#8724435340
1t
0s
0r
1y
0c
0i
#8724435990
0t
0s
0r
1y
0c
0i
#8724436400
1t
0s
0r
1y
0c
0i
#8724437052
0t
0s
0r
1y
0c
0i
#8724437461
1t
0s
0r
1y
0c
0i
#8724438116
0t
0s
0r
1y
0c
0i
#8724438524
1t
0s
0r
1y
0c
0i
#8724439175
0t
0s
0r
1y
0c
0i
#8724439585
1t
0s
0r
1y
0c
0i
#8724440236
0t
0s
0r
1y
0c
0i
#8724440647
1t
0s
0r
1y
0c
0i
#8724441300
0t
0s
0r
1y
0c
0i
#8724441710
1t
0s
0r
1y
0c
0i
#8724442359
0t
0s
0r
1y
0c
0i
#8724442770
1t
0s
0r
1y
0c
0i
#8724443421
0t
0s
0r
1y
0c
0i
#8724443831
1t
0s
0r
1y
0c
0i
#8724444485
0t
0s
0r
1y
0c
0i
#8724444894
1t
0s
0r
1y
0c
0i
#8724445543
0t
0s
0r
1y
0c
0i
#8724445954
1t
0s
0r
1y
0c
0i
#8724446604
0t
0s
0r
1y
0c
0i
#8724447015
1t
0s
0r
1y
0c
0i
#8724447667
0t
0s
0r
1y
0c
0i
#8724448077
1t
0s
0r
1y
0c
0i
#8724448725
0t
0s
0r
1y
0c
0i
#8724449136
1t
0s
0r
1y
0c
0i
#8724449785
0t
0s
0r
1y
0c
0i
#8724450196
1t
0s
0r
1y
0c
0i
#8724450848
0t
0s
0r
1y
0c
0i
#8724451259
1t
0s
0r
1y
0c
0i
#8724451907
0t
0s
0r
1y
0c
0i
#8724452320
1t
0s
0r
1y
0c
0i
#8724452971
0t
0s
0r
1y
1c
0i
#8724453383
1t
0s
0r
1y
1c
0i
#8724454038
0t
0s
0r
1y
1c
0i
#8724454449
1t
0s
0r
1y
1c
1i
#8724455101
0t
0s
0r
1y
1c
1i
#8724455514
1t
0s
0r
1y
1c
1i
#8724456168
0t
0s
0r
1y
1c
1i
#8724456581
1t
0s
0r
1y
1c
1i
#8724457239
0t
0s
0r
1y
1c
0i
#8724457651
1t
0s
0r
1y
1c
0i
#8724458304
0t
0s
0r
1y
1c
0i
#8724458718
1t
0s
0r
1y
1c
0i
#8724459372
0t
0s
0r
1y
1c
0i
#8724459785
1t
0s
0r
1y
1c
0i
#8724460442
0t
0s
0r
1y
1c
0i
#8724460853
1t
0s
0r
1y
1c
0i
#8724461504
0t
0s
0r
1y
1c
0i
#8724461919
1t
0s
0r
1y
1c
0i
#8724462570
0t
0s
0r
1y
1c
0i
#8724462983
1t
0s
0r
1y
1c
0i
#8724463637
0t
0s
0r
1y
1c
0i
#8724464048
1t
0s
0r
1y
1c
0i
#8724464697
0t
0s
0r
1y
1c
0i
#8724465110
1t
0s
0r
1y
1c
0i
#8724465759
0t
0s
0r
1y
1c
0i
#8724466171
1t
0s
0r
1y
1c
0i
#8724466822
0t
0s
0r
1y
1c
0i
#8724467233
1t
0s
0r
1y
1c
0i
#8724467878
0t
0s
0r
1y
1c
0i
#8724468292
1t
0s
0r
1y
1c
0i
#8724468939
0t
0s
0r
1y
1c
0i
#8724469350
1t
0s
0r
1y
1c
0i
#8724470000
0t
0s
0r
1y
1c
0i
#8724470410
1t
0s
0r
1y
1c
0i
#8724472094
0t
0s
0r
1y
1c
0i
#8724473277
1t
0s
0r
1y
1c
0i
#8724474246
0t
0s
0r
1y
1c
0i
#8724474644
1t
0s
0r
1y
1c
0i
#8724475296
0t
0s
0r
1y
1c
0i
#8724475705
1t
0s
0r
1y
1c
0i
#8724476354
0t
0s
0r
1y
1c
0i
#8724476764
1t
0s
0r
1y
1c
0i
#8724477413
0t
0s
0r
1y
1c
0i
#8724477824
1t
0s
0r
1y
1c
0i
#8724478472
0t
0s
0r
1y
1c
0i
#8724478882
1t
0s
0r
1y
1c
0i
#8724479533
0t
0s
0r
1y
1c
0i
#8724479941
1t
0s
0r
1y
1c
0i
#8724480588
0t
0s
0r
1y
1c
0i
#8724480998
1t
0s
0r
1y
1c
0i
#8724481647
0t
0s
0r
1y
1c
0i
#8724482056
1t
0s
0r
1y
1c
0i
#8724482706
0t
0s
0r
1y
1c
0i
#8724483117
1t
0s
0r
1y
1c
0i
#8724483763
0t
0s
0r
1y
1c
0i
#8724484175
1t
0s
0r
1y
1c
0i
#8724484824
0t
0s
0r
1y
0c
0i
#8724485235
1t
0s
0r
1y
0c
0i
#8724485888
0t
0s
0r
1y
0c
0i
#8724486298
1t
0s
0r
1y
0c
1i
#8724486949
0t
0s
0r
1y
0c
1i
#8724487360
1t
0s
0r
1y
0c
1i
#8724488012
0t
0s
0r
1y
0c
1i
#8724488424
1t
0s
0r
1y
0c
1i
#8724488478
1t
0s
1r
1y
0c
1i
#8724488481
1t
0s
0r
1y
0c
1i
#8724489080
0t
0s
0r
1y
0c
0i
#8724489491
1t
0s
0r
1y
0c
0i
#8724490142
0t
0s
0r
1y
0c
0i
#8724490555
1t
0s
0r
1y
0c
0i
#8724491208
0t
0s
0r
1y
0c
0i
#8724491619
1t
0s
0r
1y
0c
0i
#8724492275
0t
0s
0r
1y
0c
0i
#8724492684
1t
0s
0r
1y
0c
0i
#8724493335
0t
0s
0r
1y
0c
0i
#8724493747
1t
0s
0r
1y
0c
0i
#8724494398
0t
0s
0r
1y
0c
0i
#8724494809
1t
0s
0r
1y
0c
0i
#8724495463
0t
0s
0r
1y
0c
0i
#8724495870
1t
0s
0r
1y
0c
0i
#8724496521
0t
0s
0r
1y
0c
0i
#8724496929
1t
0s
0r
1y
0c
0i
#8724497579
0t
0s
0r
1y
0c
0i
#8724497986
1t
0s
0r
1y
0c
0i
#8724498638
0t
0s
0r
1y
0c
0i
#8724499043
1t
0s
0r
1y
0c
0i
#8724499691
0t
0s
0r
1y
0c
0i
#8724500098
1t
0s
0r
1y
0c
0i
#8724500747
0t
0s
0r
1y
0c
0i
#8724501153
1t
0s
0r
1y
0c
0i
#8724501805
0t
0s
0r
1y
0c
0i
#8724502210
1t
0s
0r
1y
0c
0i
#8724502859
0t
0s
0r
1y
0c
0i
#8724503266
1t
0s
0r
1y
0c
0i
#8724503915
0t
0s
0r
1y
0c
0i
#8724504324
1t
0s
0r
1y
0c
0i
#8724504975
0t
0s
0r
1y
0c
0i
#8724505382
1t
0s
0r
1y
0c
0i
#8724506029
0t
0s
0r
1y
0c
0i
#8724506438
1t
0s
0r
1y
0c
0i
#8724507087
0t
0s
0r
1y
0c
0i
#8724507496
1t
0s
0r
1y
0c
0i
#8724508148
0t
0s
0r
1y
0c
0i
#8724508555
1t
0s
0r
1y
0c
0i
#8724509202
0t
0s
0r
1y
0c
0i
#8724509612
1t
0s
0r
1y
0c
0i
#8724510260
0t
0s
0r
1y
0c
0i
#8724510669
1t
0s
0r
1y
0c
0i
#8724511320
0t
0s
0r
1y
0c
0i
#8724511728
1t
0s
0r
1y
0c
0i
#8724512374
0t
0s
0r
1y
0c
0i
#8724512785
1t
0s
0r
1y
0c
0i
#8724513432
0t
0s
0r
1y
0c
0i
#8724513842
1t
0s
0r
1y
0c
0i
#8724514492
0t
0s
0r
1y
0c
0i
#8724514903
1t
0s
0r
1y
0c
0i
#8724515549
0t
0s
0r
1y
0c
0i
#8724515961
1t
0s
0r
1y
0c
0i
#8724516610
0t
0s
0r
1y
1c
0i
#8724517022
1t
0s
0r
1y
1c
0i
#8724517675
0t
0s
0r
1y
1c
0i
#8724518085
1t
0s
0r
1y
1c
1i
#8724518735
0t
0s
0r
1y
1c
1i
#8724519148
1t
0s
0r
1y
1c
1i
#8724519800
0t
0s
0r
1y
1c
1i
#8724520213
1t
0s
0r
1y
1c
1i
#8724520869
0t
0s
0r
1y
1c
0i
#8724521279
1t
0s
0r
1y
1c
0i
#8724521931
0t
0s
0r
1y
1c
0i
#8724522343
1t
0s
0r
1y
1c
0i
#8724522996
0t
0s
0r
1y
1c
0i
#8724523407
1t
0s
0r
1y
1c
0i
#8724524062
0t
0s
0r
1y
1c
0i
#8724524472
1t
0s
0r
1y
1c
0i
#8724525122
0t
0s
0r
1y
1c
0i
#8724525535
1t
0s
0r
1y
1c
0i
#8724526185
0t
0s
0r
1y
1c
0i
#8724526597
1t
0s
0r
1y
1c
0i
#8724527249
0t
0s
0r
1y
1c
0i
#8724527659
1t
0s
0r
1y
1c
0i
#8724528306
0t
0s
0r
1y
1c
0i
#8724528718
1t
0s
0r
1y
1c
0i
#8724529365
0t
0s
0r
1y
1c
0i
#8724529775
1t
0s
0r
1y
1c
0i
#8724530424
0t
0s
0r
1y
1c
0i
#8724530834
1t
0s
0r
1y
1c
0i
#8724531478
0t
0s
0r
1y
1c
0i
#8724531890
1t
0s
0r
1y
1c
0i
#8724532535
0t
0s
0r
1y
1c
0i
#8724532946
1t
0s
0r
1y
1c
0i
#8724533594
0t
0s
0r
1y
1c
0i
#8724534003
1t
0s
0r
1y
1c
0i
#8724535682
0t
0s
0r
1y
1c
0i
#8724536863
1t
0s
0r
1y
1c
0i
#8724537828
0t
0s
0r
1y
1c
0i
#8724538225
1t
0s
0r
1y
1c
0i
#8724538875
0t
0s
0r
1y
1c
0i
#8724539283
1t
0s
0r
1y
1c
0i
#8724539930
0t
0s
0r
1y
1c
0i
#8724540339
1t
0s
0r
1y
1c
0i
#8724540986
0t
0s
0r
1y
1c
0i
#8724541396
1t
0s
0r
1y
1c
0i
#8724542042
0t
0s
0r
1y
1c
0i
#8724542451
1t
0s
0r
1y
1c
0i
#8724543100
0t
0s
0r
1y
1c
0i
#8724543507
1t
0s
0r
1y
1c
0i
#8724544152
0t
0s
0r
1y
1c
0i
#8724544561
1t
0s
0r
1y
1c
0i
#8724545208
0t
0s
0r
1y
1c
0i
#8724545616
1t
0s
0r
1y
1c
0i
#8724546264
0t
0s
0r
1y
1c
0i
#8724546673
1t
0s
0r
1y
1c
0i
#8724547318
0t
0s
0r
1y
1c
0i
#8724547728
1t
0s
0r
1y
1c
0i
#8724548375
0t
0s
0r
1y
0c
0i
#8724548785
1t
0s
0r
1y
0c
0i
#8724549436
0t
0s
0r
1y
0c
0i
#8724549845
1t
0s
0r
1y
0c
1i
#8724550493
0t
0s
0r
1y
0c
1i
#8724550903
1t
0s
0r
1y
0c
1i
#8724551553
0t
0s
0r
1y
0c
1i
#8724551964
1t
0s
0r
1y
0c
1i
#8724552618
0t
0s
0r
1y
0c
0i
#8724553027
1t
0s
0r
1y
0c
0i
#8724553676
0t
0s
0r
1y
0c
0i
#8724554086
1t
0s
0r
1y
0c
0i
#8724554737
0t
0s
0r
1y
0c
0i
#8724555146
1t
0s
0r
1y
0c
0i
#8724555799
0t
0s
0r
1y
0c
0i
#8724556207
1t
0s
0r
1y
0c
0i
#8724556855
0t
0s
0r
1y
0c
0i
#8724557265
1t
0s
0r
1y
0c
0i
#8724557913
0t
0s
0r
1y
0c
0i
#8724558322
1t
0s
0r
1y
0c
0i
#8724558972
0t
0s
0r
1y
0c
0i
#8724559378
1t
0s
0r
1y
0c
0i
#8724560023
0t
0s
0r
1y
0c
0i
#8724560431
1t
0s
0r
1y
0c
0i
#8724561077
0t
0s
0r
1y
0c
0i
#8724561483
1t
0s
0r
1y
0c
0i
#8724562131
0t
0s
0r
1y
0c
0i
#8724562535
1t
0s
0r
1y
0c
0i
#8724563178
0t
0s
0r
1y
0c
0i
#8724563584
1t
0s
0r
1y
0c
0i
#8724564228
0t
0s
0r
1y
0c
0i
#8724564634
1t
0s
0r
1y
0c
0i
#8724565282
0t
0s
0r
1y
0c
0i
#8724565685
1t
0s
0r
1y
0c
0i
#8724566330
0t
0s
0r
1y
0c
0i
#8724566736
1t
0s
0r
1y
0c
0i
#8724567380
0t
0s
0r
1y
0c
0i
#8724567788
1t
0s
0r
1y
0c
0i
#8724568435
0t
0s
0r
1y
0c
0i
#8724568841
1t
0s
0r
1y
0c
0i
#8724569484
0t
0s
0r
1y
0c
0i
#8724569892
1t
0s
0r
1y
0c
0i
#8724570536
0t
0s
0r
1y
0c
0i
#8724570943
1t
0s
0r
1y
0c
0i
#8724571591
0t
0s
0r
1y
0c
0i
#8724571997
1t
0s
0r
1y
0c
0i
#8724572639
0t
0s
0r
1y
0c
0i
#8724573048
1t
0s
0r
1y
0c
0i
#8724573691
0t
0s
0r
1y
0c
0i
#8724574099
1t
0s
0r
1y
0c
0i
#8724574745
0t
0s
0r
1y
0c
0i
#8724575151
1t
0s
0r
1y
0c
0i
#8724575793
0t
0s
0r
1y
0c
0i
#8724576201
1t
0s
0r
1y
0c
0i
#8724576844
0t
0s
0r
1y
0c
0i
#8724577252
1t
0s
0r
1y
0c
0i
#8724577897
0t
0s
0r
1y
0c
0i
#8724578305
1t
0s
0r
1y
0c
0i
#8724578946
0t
0s
0r
1y
0c
0i
#8724579356
1t
0s
0r
1y
0c
0i
#8724580000
0t
0s
0r
1y
1c
0i
#8724580409
1t
0s
0r
1y
1c
0i
#8724581057
0t
0s
0r
1y
1c
0i
#8724581465
1t
0s
0r
1y
1c
1i
#8724582110
0t
0s
0r
1y
1c
1i
#8724582520
1t
0s
0r
1y
1c
1i
#8724583167
0t
0s
0r
1y
1c
1i
#8724583577
1t
0s
0r
1y
1c
1i
#8724584228
0t
0s
0r
1y
1c
0i
#8724584636
1t
0s
0r
1y
1c
0i
#8724585282
0t
0s
0r
1y
1c
0i
#8724585692
1t
0s
0r
1y
1c
0i
#8724586340
0t
0s
0r
1y
1c
0i
#8724586749
1t
0s
0r
1y
1c
0i
#8724587399
0t
0s
0r
1y
1c
0i
#8724587807
1t
0s
0r
1y
1c
0i
#8724588451
0t
0s
0r
1y
1c
0i
#8724588861
1t
0s
0r
1y
1c
0i
#8724589505
0t
0s
0r
1y
1c
0i
#8724589915
1t
0s
0r
1y
1c
0i
#8724590561
0t
0s
0r
1y
1c
0i
#8724590967
1t
0s
0r
1y
1c
0i
#8724591608
0t
0s
0r
1y
1c
0i
#8724592016
1t
0s
0r
1y
1c
0i
#8724592656
0t
0s
0r
1y
1c
0i
#8724593063
1t
0s
0r
1y
1c
0i
#8724593704
0t
0s
0r
1y
1c
0i
#8724594112
1t
0s
0r
1y
1c
0i
#8724594748
0t
0s
0r
1y
1c
0i
#8724595157
1t
0s
0r
1y
1c
0i
#8724595796
0t
0s
0r
1y
1c
0i
#8724596203
1t
0s
0r
1y
1c
0i
#8724596845
0t
0s
0r
1y
1c
0i
#8724597251
1t
0s
0r
1y
1c
0i
#8724598914
0t
0s
0r
1y
1c
0i
#8724600085
1t
0s
0r
1y
1c
0i
#8724601042
0t
0s
0r
1y
1c
0i
#8724601436
1t
0s
0r
1y
1c
0i
#8724602079
0t
0s
0r
1y
1c
0i
#8724602484
1t
0s
0r
1y
1c
0i
#8724603125
0t
0s
0r
1y
1c
0i
#8724603531
1t
0s
0r
1y
1c
0i
#8724604171
0t
0s
0r
1y
1c
0i
#8724604578
1t
0s
0r
1y
1c
0i
#8724605218
0t
0s
0r
1y
1c
0i
#8724605623
1t
0s
0r
1y
1c
0i
#8724606265
0t
0s
0r
1y
1c
0i
#8724606669
1t
0s
0r
1y
1c
0i
#8724607308
0t
0s
0r
1y
1c
0i
#8724607713
1t
0s
0r
1y
1c
0i
#8724608353
0t
0s
0r
1y
1c
0i
#8724608758
1t
0s
0r
1y
1c
0i
#8724609400
0t
0s
0r
1y
1c
0i
#8724609806
1t
0s
0r
1y
1c
0i
#8724610443
0t
0s
0r
1y
1c
0i
#8724610851
1t
0s
0r
1y
1c
0i
#8724611491
0t
0s
0r
1y
0c
0i
#8724611897
1t
0s
0r
1y
0c
0i
#8724612542
0t
0s
0r
1y
0c
0i
#8724612947
1t
0s
0r
1y
0c
1i
#8724613589
0t
0s
0r
1y
0c
1i
#8724613996
1t
0s
0r
1y
0c
1i
#8724614639
0t
0s
0r
1y
0c
1i
#8724615047
1t
0s
0r
1y
0c
1i
#8724615240
1t
0s
1r
1y
0c
1i
#8724615243
1t
0s
0r
1y
0c
1i
#8724615694
0t
0s
0r
1y
0c
0i
#8724616100
1t
0s
0r
1y
0c
0i
#8724616743
0t
0s
0r
1y
0c
0i
#8724617150
1t
0s
0r
1y
0c
0i
#8724617794
0t
0s
0r
1y
0c
0i
#8724618200
1t
0s
0r
1y
0c
0i
#8724618848
0t
0s
0r
1y
0c
0i
#8724619252
1t
0s
0r
1y
0c
0i
#8724619894
0t
0s
0r
1y
0c
0i
#8724620302
1t
0s
0r
1y
0c
0i
#8724620946
0t
0s
0r
1y
0c
0i
#8724621352
1t
0s
0r
1y
0c
0i
#8724621998
0t
0s
0r
1y
0c
0i
#8724622403
1t
0s
0r
1y
0c
0i
#8724623046
0t
0s
0r
1y
0c
0i
#8724623452
1t
0s
0r
1y
0c
0i
#8724624097
0t
0s
0r
1y
0c
0i
#8724624502
1t
0s
0r
1y
0c
0i
#8724625149
0t
0s
0r
1y
0c
0i
#8724625552
1t
0s
0r
1y
0c
0i
#8724626195
0t
0s
0r
1y
0c
0i
#8724626600
1t
0s
0r
1y
0c
0i
#8724627245
0t
0s
0r
1y
0c
0i
#8724627649
1t
0s
0r
1y
0c
0i
#8724628296
0t
0s
0r
1y
0c
0i
#8724628699
1t
0s
0r
1y
0c
0i
#8724629343
0t
0s
0r
1y
0c
0i
#8724629748
1t
0s
0r
1y
0c
0i
#8724630392
0t
0s
0r
1y
0c
0i
#8724630798
1t
0s
0r
1y
0c
0i
#8724631444
0t
0s
0r
1y
0c
0i
#8724631848
1t
0s
0r
1y
0c
0i
#8724632490
0t
0s
0r
1y
0c
0i
#8724632897
1t
0s
0r
1y
0c
0i
#8724633540
0t
0s
0r
1y
0c
0i
#8724633946
1t
0s
0r
1y
0c
0i
#8724634592
0t
0s
0r
1y
0c
0i
#8724634996
1t
0s
0r
1y
0c
0i
#8724635637
0t
0s
0r
1y
0c
0i
#8724636045
1t
0s
0r
1y
0c
0i
#8724636687
0t
0s
0r
1y
0c
0i
#8724637093
1t
0s
0r
1y
0c
0i
#8724637738
0t
0s
0r
1y
0c
0i
#8724638143
1t
0s
0r
1y
0c
0i
#8724638784
0t
0s
0r
1y
0c
0i
#8724639191
1t
0s
0r
1y
0c
0i
#8724639833
0t
0s
0r
1y
0c
0i
#8724640240
1t
0s
0r
1y
0c
0i
#8724640884
0t
0s
0r
1y
0c
0i
#8724641292
1t
0s
0r
1y
0c
0i
#8724641933
0t
0s
0r
1y
0c
0i
#8724642341
1t
0s
0r
1y
0c
0i
#8724642984
0t
0s
0r
1y
1c
0i
#8724643393
1t
0s
0r
1y
1c
0i
#8724644041
0t
0s
0r
1y
1c
0i
#8724644447
1t
0s
0r
1y
1c
1i
#8724645092
0t
0s
0r
1y
1c
1i
#8724645502
1t
0s
0r
1y
1c
1i
#8724646149
0t
0s
0r
1y
1c
1i
#8724646558
1t
0s
0r
1y
1c
1i
#8724647208
0t
0s
0r
1y
1c
0i
#8724647616
1t
0s
0r
1y
1c
0i
#8724648262
0t
0s
0r
1y
1c
0i
#8724648671
1t
0s
0r
1y
1c
0i
#8724649319
0t
0s
0r
1y
1c
0i
#8724649727
1t
0s
0r
1y
1c
0i
#8724650377
0t
0s
0r
1y
1c
0i
#8724650784
1t
0s
0r
1y
1c
0i
#8724651428
0t
0s
0r
1y
1c
0i
#8724651839
1t
0s
0r
1y
1c
0i
#8724652483
0t
0s
0r
1y
1c
0i
#8724652894
1t
0s
0r
1y
1c
0i
#8724653540
0t
0s
0r
1y
1c
0i
#8724653949
1t
0s
0r
1y
1c
0i
#8724654591
0t
0s
0r
1y
1c
0i
#8724655001
1t
0s
0r
1y
1c
0i
#8724655643
0t
0s
0r
1y
1c
0i
#8724656052
1t
0s
0r
1y
1c
0i
#8724656696
0t
0s
0r
1y
1c
0i
#8724657105
1t
0s
0r
1y
1c
0i
#8724657743
0t
0s
0r
1y
1c
0i
#8724658153
1t
0s
0r
1y
1c
0i
#8724658793
0t
0s
0r
1y
1c
0i
#8724659202
1t
0s
0r
1y
1c
0i
#8724659845
0t
0s
0r
1y
1c
0i
#8724660252
1t
0s
0r
1y
1c
0i
#8724661919
0t
0s
0r
1y
1c
0i
#8724663091
1t
0s
0r
1y
1c
0i
#8724664050
0t
0s
0r
1y
1c
0i
#8724664445
1t
0s
0r
1y
1c
0i
#8724665090
0t
0s
0r
1y
1c
0i
#8724665496
1t
0s
0r
1y
1c
0i
#8724666138
0t
0s
0r
1y
1c
0i
#8724666544
1t
0s
0r
1y
1c
0i
#8724667186
0t
0s
0r
1y
1c
0i
#8724667593
1t
0s
0r
1y
1c
0i
#8724668235
0t
0s
0r
1y
1c
0i
#8724668641
1t
0s
0r
1y
1c
0i
#8724669285
0t
0s
0r
1y
1c
0i
#8724669689
1t
0s
0r
1y
1c
0i
#8724670329
0t
0s
0r
1y
1c
0i
#8724670735
1t
0s
0r
1y
1c
0i
#8724671377
0t
0s
0r
1y
1c
0i
#8724671782
1t
0s
0r
1y
1c
0i
#8724672426
0t
0s
0r
1y
1c
0i
#8724672832
1t
0s
0r
1y
1c
0i
#8724673472
0t
0s
0r
1y
0c
0i
#8724673879
1t
0s
0r
1y
0c
0i
#8724674521
0t
0s
0r
1y
0c
0i
#8724674928
1t
0s
0r
1y
0c
0i
#8724675575
0t
0s
0r
1y
0c
0i
#8724675980
1t
0s
0r
1y
0c
1i
#8724676624
0t
0s
0r
1y
0c
1i
#8724677031
1t
0s
0r
1y
0c
1i
#8724677677
0t
0s
0r
1y
0c
1i
#8724678085
1t
0s
0r
1y
0c
1i
#8724678734
0t
0s
0r
1y
0c
0i
#8724679140
1t
0s
0r
1y
0c
0i
#8724679785
0t
0s
0r
1y
0c
0i
#8724680193
1t
0s
0r
1y
0c
0i
#8724680839
0t
0s
0r
1y
0c
0i
#8724681245
1t
0s
0r
1y
0c
0i
#8724681893
0t
0s
0r
1y
0c
0i
#8724682298
1t
0s
0r
1y
0c
0i
#8724682941
0t
0s
0r
1y
0c
0i
#8724683349
1t
0s
0r
1y
0c
0i
#8724683991
0t
0s
0r
1y
0c
0i
#8724684397
1t
0s
0r
1y
0c
0i
#8724685042
0t
0s
0r
1y
0c
0i
#8724685445
1t
0s
0r
1y
0c
0i
#8724686085
0t
0s
0r
1y
0c
0i
#8724686490
1t
0s
0r
1y
0c
0i
#8724687130
0t
0s
0r
1y
0c
0i
#8724687533
1t
0s
0r
1y
0c
0i
#8724688176
0t
0s
0r
1y
0c
0i
#8724688577
1t
0s
0r
1y
0c
0i
#8724689216
0t
0s
0r
1y
0c
0i
#8724689619
1t
0s
0r
1y
0c
0i
#8724690258
0t
0s
0r
1y
0c
0i
#8724690661
1t
0s
0r
1y
0c
0i
#8724691304
0t
0s
0r
1y
0c
0i
#8724691706
1t
0s
0r
1y
0c
0i
#8724692345
0t
0s
0r
1y
0c
0i
#8724692748
1t
0s
0r
1y
0c
0i
#8724693388
0t
0s
0r
1y
0c
0i
#8724693793
1t
0s
0r
1y
0c
0i
#8724694435
0t
0s
0r
1y
0c
0i
#8724694838
1t
0s
0r
1y
0c
0i
#8724695477
0t
0s
0r
1y
0c
0i
#8724695882
1t
0s
0r
1y
0c
0i
#8724696521
0t
0s
0r
1y
0c
0i
#8724696926
1t
0s
0r
1y
0c
0i
#8724697569
0t
0s
0r
1y
0c
0i
#8724697971
1t
0s
0r
1y
0c
0i
#8724698609
0t
0s
0r
1y
0c
0i
#8724699015
1t
0s
0r
1y
0c
0i
#8724699653
0t
0s
0r
1y
0c
0i
#8724700059
1t
0s
0r
1y
0c
0i
#8724700700
0t
0s
0r
1y
0c
0i
#8724701104
1t
0s
0r
1y
0c
0i
#8724701741
0t
0s
0r
1y
0c
0i
#8724702146
1t
0s
0r
1y
0c
0i
#8724702785
0t
0s
0r
1y
0c
0i
#8724703189
1t
0s
0r
1y
0c
0i
#8724703830
0t
0s
0r
1y
0c
0i
#8724704236
1t
0s
0r
1y
0c
0i
#8724704872
0t
0s
0r
1y
0c
0i
#8724705279
1t
0s
0r
1y
0c
0i
#8724705919
0t
0s
0r
1y
1c
0i
#8724706325
1t
0s
0r
1y
1c
0i
#8724706968
0t
0s
0r
1y
1c
0i
#8724707373
1t
0s
0r
1y
1c
1i
#8724708014
0t
0s
0r
1y
1c
1i
#8724708421
1t
0s
0r
1y
1c
1i
#8724709063
0t
0s
0r
1y
1c
1i
#8724709471
1t
0s
0r
1y
1c
1i
#8724710117
0t
0s
0r
1y
1c
0i
#8724710522
1t
0s
0r
1y
1c
0i
#8724711164
0t
0s
0r
1y
1c
0i
#8724711572
1t
0s
0r
1y
1c
0i
#8724712214
0t
0s
0r
1y
1c
0i
#8724712621
1t
0s
0r
1y
1c
0i
#8724713267
0t
0s
0r
1y
1c
0i
#8724713673
1t
0s
0r
1y
1c
0i
#8724714313
0t
0s
0r
1y
1c
0i
#8724714722
1t
0s
0r
1y
1c
0i
#8724715362
0t
0s
0r
1y
1c
0i
#8724715770
1t
0s
0r
1y
1c
0i
#8724716414
0t
0s
0r
1y
1c
0i
#8724716821
1t
0s
0r
1y
1c
0i
#8724717460
0t
0s
0r
1y
1c
0i
#8724717868
1t
0s
0r
1y
1c
0i
#8724718508
0t
0s
0r
1y
1c
0i
#8724718915
1t
0s
0r
1y
1c
0i
#8724719557
0t
0s
0r
1y
1c
0i
#8724719965
1t
0s
0r
1y
1c
0i
#8724720602
0t
0s
0r
1y
1c
0i
#8724721011
1t
0s
0r
1y
1c
0i
#8724721649
0t
0s
0r
1y
1c
0i
#8724722057
1t
0s
0r
1y
1c
0i
#8724722698
0t
0s
0r
1y
1c
0i
#8724723104
1t
0s
0r
1y
1c
0i
#8724724766
0t
0s
0r
1y
1c
0i
#8724725936
1t
0s
0r
1y
1c
0i
#8724726890
0t
0s
0r
1y
1c
0i
#8724727284
1t
0s
0r
1y
1c
0i
#8724727927
0t
0s
0r
1y
1c
0i
#8724728331
1t
0s
0r
1y
1c
0i
#8724728971
0t
0s
0r
1y
1c
0i
#8724729376
1t
0s
0r
1y
1c
0i
#8724730016
0t
0s
0r
1y
1c
0i
#8724730422
1t
0s
0r
1y
1c
0i
#8724731061
0t
0s
0r
1y
1c
0i
#8724731466
1t
0s
0r
1y
1c
0i
#8724732108
0t
0s
0r
1y
1c
0i
#8724732512
1t
0s
0r
1y
1c
0i
#8724733150
0t
0s
0r
1y
1c
0i
#8724733555
1t
0s
0r
1y
1c
0i
#8724734194
0t
0s
0r
1y
1c
0i
#8724734599
1t
0s
0r
1y
1c
0i
#8724735240
0t
0s
0r
1y
1c
0i
#8724735645
1t
0s
0r
1y
1c
0i
#8724736283
0t
0s
0r
1y
1c
0i
#8724736690
1t
0s
0r
1y
1c
0i
#8724737330
0t
0s
0r
1y
0c
0i
#8724737736
1t
0s
0r
1y
0c
0i
#8724738380
0t
0s
0r
1y
0c
0i
#8724738785
1t
0s
0r
1y
0c
1i
#8724739427
0t
0s
0r
1y
0c
1i
#8724739833
1t
0s
0r
1y
0c
1i
#8724740476
0t
0s
0r
1y
0c
1i
#8724740883
1t
0s
0r
1y
0c
1i
#8724740979
1t
0s
1r
1y
0c
1i
#8724740981
1t
0s
0r
1y
0c
1i
#8724741530
0t
0s
0r
1y
0c
0i
#8724741936
1t
0s
0r
1y
0c
0i
#8724742578
0t
0s
0r
1y
0c
0i
#8724742985
1t
0s
0r
1y
0c
0i
#8724743628
0t
0s
0r
1y
0c
0i
#8724744034
1t
0s
0r
1y
0c
0i
#8724744681
0t
0s
0r
1y
0c
0i
#8724745085
1t
0s
0r
1y
0c
0i
#8724745727
0t
0s
0r
1y
0c
0i
#8724746134
1t
0s
0r
1y
0c
0i
#8724746777
0t
0s
0r
1y
0c
0i
#8724747183
1t
0s
0r
1y
0c
0i
#8724747829
0t
0s
0r
1y
0c
0i
#8724748234
1t
0s
0r
1y
0c
0i
#8724748877
0t
0s
0r
1y
0c
0i
#8724749283
1t
0s
0r
1y
0c
0i
#8724749928
0t
0s
0r
1y
0c
0i
#8724750333
1t
0s
0r
1y
0c
0i
#8724750982
0t
0s
0r
1y
0c
0i
#8724751385
1t
0s
0r
1y
0c
0i
#8724752030
0t
0s
0r
1y
0c
0i
#8724752435
1t
0s
0r
1y
0c
0i
#8724753082
0t
0s
0r
1y
0c
0i
#8724753487
1t
0s
0r
1y
0c
0i
#8724754137
0t
0s
0r
1y
0c
0i
#8724754541
1t
0s
0r
1y
0c
0i
#8724755186
0t
0s
0r
1y
0c
0i
#8724755593
1t
0s
0r
1y
0c
0i
#8724756239
0t
0s
0r
1y
0c
0i
#8724756647
1t
0s
0r
1y
0c
0i
#8724757295
0t
0s
0r
1y
0c
0i
#8724757701
1t
0s
0r
1y
0c
0i
#8724758345
0t
0s
0r
1y
0c
0i
#8724758753
1t
0s
0r
1y
0c
0i
#8724759399
0t
0s
0r
1y
0c
0i
#8724759806
1t
0s
0r
1y
0c
0i
#8724760455
0t
0s
0r
1y
0c
0i
#8724760860
1t
0s
0r
1y
0c
0i
#8724761504
0t
0s
0r
1y
0c
0i
#8724761912
1t
0s
0r
1y
0c
0i
#8724762557
0t
0s
0r
1y
0c
0i
#8724762965
1t
0s
0r
1y
0c
0i
#8724763612
0t
0s
0r
1y
0c
0i
#8724764018
1t
0s
0r
1y
0c
0i
#8724764662
0t
0s
0r
1y
0c
0i
#8724765070
1t
0s
0r
1y
0c
0i
#8724765714
0t
0s
0r
1y
0c
0i
#8724766122
1t
0s
0r
1y
0c
0i
#8724766769
0t
0s
0r
1y
0c
0i
#8724767178
1t
0s
0r
1y
0c
0i
#8724767820
0t
0s
0r
1y
0c
0i
#8724768231
1t
0s
0r
1y
0c
0i
#8724768877
0t
0s
0r
1y
1c
0i
#8724769286
1t
0s
0r
1y
1c
0i
#8724769936
0t
0s
0r
1y
1c
0i
#8724770345
1t
0s
0r
1y
1c
1i
#8724770992
0t
0s
0r
1y
1c
1i
#8724771402
1t
0s
0r
1y
1c
1i
#8724772051
0t
0s
0r
1y
1c
1i
#8724772462
1t
0s
0r
1y
1c
1i
#8724773114
0t
0s
0r
1y
1c
0i
#8724773523
1t
0s
0r
1y
1c
0i
#8724774171
0t
0s
0r
1y
1c
0i
#8724774581
1t
0s
0r
1y
1c
0i
#8724775231
0t
0s
0r
1y
1c
0i
#8724775640
1t
0s
0r
1y
1c
0i
#8724776292
0t
0s
0r
1y
1c
0i
#8724776700
1t
0s
0r
1y
1c
0i
#8724777346
0t
0s
0r
1y
1c
0i
#8724777758
1t
0s
0r
1y
1c
0i
#8724778403
0t
0s
0r
1y
1c
0i
#8724778814
1t
0s
0r
1y
1c
0i
#8724779462
0t
0s
0r
1y
1c
0i
#8724779872
1t
0s
0r
1y
1c
0i
#8724780515
0t
0s
0r
1y
1c
0i
#8724780925
1t
0s
0r
1y
1c
0i
#8724781569
0t
0s
0r
1y
1c
0i
#8724781979
1t
0s
0r
1y
1c
0i
#8724782624
0t
0s
0r
1y
1c
0i
#8724783033
1t
0s
0r
1y
1c
0i
#8724783674
0t
0s
0r
1y
1c
0i
#8724784085
1t
0s
0r
1y
1c
0i
#8724784726
0t
0s
0r
1y
1c
0i
#8724785136
1t
0s
0r
1y
1c
0i
#8724785781
0t
0s
0r
1y
1c
0i
#8724786189
1t
0s
0r
1y
1c
0i
#8724787860
0t
0s
0r
1y
1c
0i
#8724789037
1t
0s
0r
1y
1c
0i
#8724789999
0t
0s
0r
1y
1c
0i
#8724790395
1t
0s
0r
1y
1c
0i
#8724791041
0t
0s
0r
1y
1c
0i
#8724791449
1t
0s
0r
1y
1c
0i
#8724792093
0t
0s
0r
1y
1c
0i
#8724792501
1t
0s
0r
1y
1c
0i
#8724793144
0t
0s
0r
1y
1c
0i
#8724793553
1t
0s
0r
1y
1c
0i
#8724794197
0t
0s
0r
1y
1c
0i
#8724794604
1t
0s
0r
1y
1c
0i
#8724795250
0t
0s
0r
1y
1c
0i
#8724795656
1t
0s
0r
1y
1c
0i
#8724796298
0t
0s
0r
1y
1c
0i
#8724796705
1t
0s
0r
1y
1c
0i
#8724797349
0t
0s
0r
1y
1c
0i
#8724797755
1t
0s
0r
1y
1c
0i
#8724798401
0t
0s
0r
1y
1c
0i
#8724798808
1t
0s
0r
1y
1c
0i
#8724799450
0t
0s
0r
1y
1c
0i
#8724799859
1t
0s
0r
1y
1c
0i
#8724800502
0t
0s
0r
1y
0c
0i
#8724800910
1t
0s
0r
1y
0c
0i
#8724801558
0t
0s
0r
1y
0c
0i
#8724801965
1t
0s
0r
1y
0c
1i
#8724802611
0t
0s
0r
1y
0c
1i
#8724803019
1t
0s
0r
1y
0c
1i
#8724803666
0t
0s
0r
1y
0c
1i
#8724804076
1t
0s
0r
1y
0c
1i
#8724804726
0t
0s
0r
1y
0c
0i
#8724805134
1t
0s
0r
1y
0c
0i
#8724805779
0t
0s
0r
1y
0c
0i
#8724806188
1t
0s
0r
1y
0c
0i
#8724806836
0t
0s
0r
1y
0c
0i
#8724807244
1t
0s
0r
1y
0c
0i
#8724807894
0t
0s
0r
1y
0c
0i
#8724808300
1t
0s
0r
1y
0c
0i
#8724808945
0t
0s
0r
1y
0c
0i
#8724809355
1t
0s
0r
1y
0c
0i
#8724810002
0t
0s
0r
1y
0c
0i
#8724810410
1t
0s
0r
1y
0c
0i
#8724811060
0t
0s
0r
1y
0c
0i
#8724811467
1t
0s
0r
1y
0c
0i
#8724812115
0t
0s
0r
1y
0c
0i
#8724812523
1t
0s
0r
1y
0c
0i
#8724813172
0t
0s
0r
1y
0c
0i
#8724813579
1t
0s
0r
1y
0c
0i
#8724814232
0t
0s
0r
1y
0c
0i
#8724814638
1t
0s
0r
1y
0c
0i
#8724815286
0t
0s
0r
1y
0c
0i
#8724815694
1t
0s
0r
1y
0c
0i
#8724816343
0t
0s
0r
1y
0c
0i
#8724816751
1t
0s
0r
1y
0c
0i
#8724817404
0t
0s
0r
1y
0c
0i
#8724817810
1t
0s
0r
1y
0c
0i
#8724818459
0t
0s
0r
1y
0c
0i
#8724818867
1t
0s
0r
1y
0c
0i
#8724819515
0t
0s
0r
1y
0c
0i
#8724819925
1t
0s
0r
1y
0c
0i
#8724820575
0t
0s
0r
1y
0c
0i
#8724820983
1t
0s
0r
1y
0c
0i
#8724821629
0t
0s
0r
1y
0c
0i
#8724822038
1t
0s
0r
1y
0c
0i
#8724822686
0t
0s
0r
1y
0c
0i
#8724823094
1t
0s
0r
1y
0c
0i
#8724823745
0t
0s
0r
1y
0c
0i
#8724824152
1t
0s
0r
1y
0c
0i
#8724824797
0t
0s
0r
1y
0c
0i
#8724825207
1t
0s
0r
1y
0c
0i
#8724825853
0t
0s
0r
1y
0c
0i
#8724826262
1t
0s
0r
1y
0c
0i
#8724826911
0t
0s
0r
1y
0c
0i
#8724827319
1t
0s
0r
1y
0c
0i
#8724827964
0t
0s
0r
1y
0c
0i
#8724828373
1t
0s
0r
1y
0c
0i
#8724829020
0t
0s
0r
1y
0c
0i
#8724829429
1t
0s
0r
1y
0c
0i
#8724830077
0t
0s
0r
1y
0c
0i
#8724830487
1t
0s
0r
1y
0c
0i
#8724831131
0t
0s
0r
1y
0c
0i
#8724831542
1t
0s
0r
1y
0c
0i
#8724832189
0t
0s
0r
1y
1c
0i
#8724832600
1t
0s
0r
1y
1c
0i
#8724833252
0t
0s
0r
1y
1c
0i
#8724833661
1t
0s
0r
1y
1c
1i
#8724834309
0t
0s
0r
1y
1c
1i
#8724834721
1t
0s
0r
1y
1c
1i
#8724835371
0t
0s
0r
1y
1c
1i
#8724835783
1t
0s
0r
1y
1c
1i
#8724836437
0t
0s
0r
1y
1c
0i
#8724836847
1t
0s
0r
1y
1c
0i
#8724837496
0t
0s
0r
1y
1c
0i
#8724837908
1t
0s
0r
1y
1c
0i
#8724838558
0t
0s
0r
1y
1c
0i
#8724838969
1t
0s
0r
1y
1c
0i
#8724839623
0t
0s
0r
1y
1c
0i
#8724840032
1t
0s
0r
1y
1c
0i
#8724840680
0t
0s
0r
1y
1c
0i
#8724841093
1t
0s
0r
1y
1c
0i
#8724841741
0t
0s
0r
1y
1c
0i
#8724842153
1t
0s
0r
1y
1c
0i
#8724842803
0t
0s
0r
1y
1c
0i
#8724843213
1t
0s
0r
1y
1c
0i
#8724843859
0t
0s
0r
1y
1c
0i
#8724844270
1t
0s
0r
1y
1c
0i
#8724844917
0t
0s
0r
1y
1c
0i
#8724845327
1t
0s
0r
1y
1c
0i
#8724845975
0t
0s
0r
1y
1c
0i
#8724846385
1t
0s
0r
1y
1c
0i
#8724847029
0t
0s
0r
1y
1c
0i
#8724847441
1t
0s
0r
1y
1c
0i
#8724848085
0t
0s
0r
1y
1c
0i
#8724848496
1t
0s
0r
1y
1c
0i
#8724849144
0t
0s
0r
1y
1c
0i
#8724849552
1t
0s
0r
1y
1c
0i
#8724851231
0t
0s
0r
1y
1c
0i
#8724852410
1t
0s
0r
1y
1c
0i
#8724853375
0t
0s
0r
1y
1c
0i
#8724853771
1t
0s
0r
1y
1c
0i
#8724854420
0t
0s
0r
1y
1c
0i
#8724854828
1t
0s
0r
1y
1c
0i
#8724855475
0t
0s
0r
1y
1c
0i
#8724855883
1t
0s
0r
1y
1c
0i
#8724856529
0t
0s
0r
1y
1c
0i
#8724856938
1t
0s
0r
1y
1c
0i
#8724857583
0t
0s
0r
1y
1c
0i
#8724857992
1t
0s
0r
1y
1c
0i
#8724858639
0t
0s
0r
1y
1c
0i
#8724859046
1t
0s
0r
1y
1c
0i
#8724859689
0t
0s
0r
1y
1c
0i
#8724860098
1t
0s
0r
1y
1c
0i
#8724860743
0t
0s
0r
1y
1c
0i
#8724861150
1t
0s
0r
1y
1c
0i
#8724861798
0t
0s
0r
1y
1c
0i
#8724862206
1t
0s
0r
1y
1c
0i
#8724862849
0t
0s
0r
1y
1c
0i
#8724863259
1t
0s
0r
1y
1c
0i
#8724863905
0t
0s
0r
1y
0c
0i
#8724864314
1t
0s
0r
1y
0c
0i
#8724864964
0t
0s
0r
1y
0c
0i
#8724865372
1t
0s
0r
1y
0c
1i
#8724866020
0t
0s
0r
1y
0c
1i
#8724866430
1t
0s
0r
1y
0c
1i
#8724867079
0t
0s
0r
1y
0c
1i
#8724867490
1t
0s
0r
1y
0c
1i
#8724867534
1t
0s
1r
1y
0c
1i
#8724867537
1t
0s
0r
1y
0c
1i
#8724868142
0t
0s
0r
1y
0c
0i
#8724868551
1t
0s
0r
1y
0c
0i
#8724869200
0t
0s
0r
1y
0c
0i
#8724869611
1t
0s
0r
1y
0c
0i
#8724870261
0t
0s
0r
1y
0c
0i
#8724870670
1t
0s
0r
1y
0c
0i
#8724871323
0t
0s
0r
1y
0c
0i
#8724871731
1t
0s
0r
1y
0c
0i
#8724872379
0t
0s
0r
1y
0c
0i
#8724872790
1t
0s
0r
1y
0c
0i
#8724873439
0t
0s
0r
1y
0c
0i
#8724873848
1t
0s
0r
1y
0c
0i
#8724874501
0t
0s
0r
1y
0c
0i
#8724874908
1t
0s
0r
1y
0c
0i
#8724875558
0t
0s
0r
1y
0c
0i
#8724875967
1t
0s
0r
1y
0c
0i
#8724876617
0t
0s
0r
1y
0c
0i
#8724877024
1t
0s
0r
1y
0c
0i
#8724877678
0t
0s
0r
1y
0c
0i
#8724878083
1t
0s
0r
1y
0c
0i
#8724878732
0t
0s
0r
1y
0c
0i
#8724879140
1t
0s
0r
1y
0c
0i
#8724879789
0t
0s
0r
1y
0c
0i
#8724880197
1t
0s
0r
1y
0c
0i
#8724880850
0t
0s
0r
1y
0c
0i
#8724881255
1t
0s
0r
1y
0c
0i
#8724881903
0t
0s
0r
1y
0c
0i
#8724882312
1t
0s
0r
1y
0c
0i
#8724882960
0t
0s
0r
1y
0c
0i
#8724883369
1t
0s
0r
1y
0c
0i
#8724884020
0t
0s
0r
1y
0c
0i
#8724884427
1t
0s
0r
1y
0c
0i
#8724885075
0t
0s
0r
1y
0c
0i
#8724885483
1t
0s
0r
1y
0c
0i
#8724886132
0t
0s
0r
1y
0c
0i
#8724886540
1t
0s
0r
1y
0c
0i
#8724887192
0t
0s
0r
1y
0c
0i
#8724887599
1t
0s
0r
1y
0c
0i
#8724888245
0t
0s
0r
1y
0c
0i
#8724888655
1t
0s
0r
1y
0c
0i
#8724889303
0t
0s
0r
1y
0c
0i
#8724889712
1t
0s
0r
1y
0c
0i
#8724890363
0t
0s
0r
1y
0c
0i
#8724890771
1t
0s
0r
1y
0c
0i
#8724891417
0t
0s
0r
1y
0c
0i
#8724891827
1t
0s
0r
1y
0c
0i
#8724892475
0t
0s
0r
1y
0c
0i
#8724892885
1t
0s
0r
1y
0c
0i
#8724893535
0t
0s
0r
1y
0c
0i
#8724893945
1t
0s
0r
1y
0c
0i
#8724894591
0t
0s
0r
1y
0c
0i
#8724895003
1t
0s
0r
1y
0c
0i
#8724895652
0t
0s
0r
1y
1c
0i
#8724896063
1t
0s
0r
1y
1c
0i
#8724896716
0t
0s
0r
1y
1c
0i
#8724897126
1t
0s
0r
1y
1c
1i
#8724897776
0t
0s
0r
1y
1c
1i
#8724898189
1t
0s
0r
1y
1c
1i
#8724898841
0t
0s
0r
1y
1c
1i
#8724899253
1t
0s
0r
1y
1c
1i
#8724899909
0t
0s
0r
1y
1c
0i
#8724900320
1t
0s
0r
1y
1c
0i
#8724900971
0t
0s
0r
1y
1c
0i
#8724901383
1t
0s
0r
1y
1c
0i
#8724902035
0t
0s
0r
1y
1c
0i
#8724902447
1t
0s
0r
1y
1c
0i
#8724903101
0t
0s
0r
1y
1c
0i
#8724903511
1t
0s
0r
1y
1c
0i
#8724904158
0t
0s
0r
1y
1c
0i
#8724904572
1t
0s
0r
1y
1c
0i
#8724905219
0t
0s
0r
1y
1c
0i
#8724905631
1t
0s
0r
1y
1c
0i
#8724906280
0t
0s
0r
1y
1c
0i
#8724906689
1t
0s
0r
1y
1c
0i
#8724907333
0t
0s
0r
1y
1c
0i
#8724907743
1t
0s
0r
1y
1c
0i
#8724908386
0t
0s
0r
1y
1c
0i
#8724908795
1t
0s
0r
1y
1c
0i
#8724909440
0t
0s
0r
1y
1c
0i
#8724909849
1t
0s
0r
1y
1c
0i
#8724910489
0t
0s
0r
1y
1c
0i
#8724910899
1t
0s
0r
1y
1c
0i
#8724911540
0t
0s
0r
1y
1c
0i
#8724911950
1t
0s
0r
1y
1c
0i
#8724912594
0t
0s
0r
1y
1c
0i
#8724913003
1t
0s
0r
1y
1c
0i
#8724914674
0t
0s
0r
1y
1c
0i
#8724915850
1t
0s
0r
1y
1c
0i
#8724916811
0t
0s
0r
1y
1c
0i
#8724917207
1t
0s
0r
1y
1c
0i
#8724917854
0t
0s
0r
1y
1c
0i
#8724918261
1t
0s
0r
1y
1c
0i
#8724918906
0t
0s
0r
1y
1c
0i
#8724919313
1t
0s
0r
1y
1c
0i
#8724919956
0t
0s
0r
1y
1c
0i
#8724920365
1t
0s
0r
1y
1c
0i
#8724921008
0t
0s
0r
1y
1c
0i
#8724921416
1t
0s
0r
1y
1c
0i
#8724922062
0t
0s
0r
1y
1c
0i
#8724922467
1t
0s
0r
1y
1c
0i
#8724923109
0t
0s
0r
1y
1c
0i
#8724923516
1t
0s
0r
1y
1c
0i
#8724924160
0t
0s
0r
1y
1c
0i
#8724924566
1t
0s
0r
1y
1c
0i
#8724925211
0t
0s
0r
1y
1c
0i
#8724925619
1t
0s
0r
1y
1c
0i
#8724926261
0t
0s
0r
1y
1c
0i
#8724926670
1t
0s
0r
1y
1c
0i
#8724927314
0t
0s
0r
1y
0c
0i
#8724927722
1t
0s
0r
1y
0c
0i
#8724928370
0t
0s
0r
1y
0c
0i
#8724928777
1t
0s
0r
1y
0c
1i
#8724929423
0t
0s
0r
1y
0c
1i
#8724929832
1t
0s
0r
1y
0c
1i
#8724930480
0t
0s
0r
1y
0c
1i
#8724930889
1t
0s
0r
1y
0c
1i
#8724931540
0t
0s
0r
1y
0c
0i
#8724931948
1t
0s
0r
1y
0c
0i
#8724932594
0t
0s
0r
1y
0c
0i
#8724933004
1t
0s
0r
1y
0c
0i
#8724933652
0t
0s
0r
1y
0c
0i
#8724934060
1t
0s
0r
1y
0c
0i
#8724934711
0t
0s
0r
1y
0c
0i
#8724935118
1t
0s
0r
1y
0c
0i
#8724935763
0t
0s
0r
1y
0c
0i
#8724936173
1t
0s
0r
1y
0c
0i
#8724936818
0t
0s
0r
1y
0c
0i
#8724937226
1t
0s
0r
1y
0c
0i
#8724937874
0t
0s
0r
1y
0c
0i
#8724938279
1t
0s
0r
1y
0c
0i
#8724938923
0t
0s
0r
1y
0c
0i
#8724939329
1t
0s
0r
1y
0c
0i
#8724939972
0t
0s
0r
1y
0c
0i
#8724940377
1t
0s
0r
1y
0c
0i
#8724941023
0t
0s
0r
1y
0c
0i
#8724941425
1t
0s
0r
1y
0c
0i
#8724942066
0t
0s
0r
1y
0c
0i
#8724942471
1t
0s
0r
1y
0c
0i
#8724943112
0t
0s
0r
1y
0c
0i
#8724943517
1t
0s
0r
1y
0c
0i
#8724944161
0t
0s
0r
1y
0c
0i
#8724944564
1t
0s
0r
1y
0c
0i
#8724945205
0t
0s
0r
1y
0c
0i
#8724945610
1t
0s
0r
1y
0c
0i
#8724946251
0t
0s
0r
1y
0c
0i
#8724946658
1t
0s
0r
1y
0c
0i
#8724947302
0t
0s
0r
1y
0c
0i
#8724947707
1t
0s
0r
1y
0c
0i
#8724948347
0t
0s
0r
1y
0c
0i
#8724948753
1t
0s
0r
1y
0c
0i
#8724949395
0t
0s
0r
1y
0c
0i
#8724949800
1t
0s
0r
1y
0c
0i
#8724950445
0t
0s
0r
1y
0c
0i
#8724950850
1t
0s
0r
1y
0c
0i
#8724951490
0t
0s
0r
1y
0c
0i
#8724951897
1t
0s
0r
1y
0c
0i
#8724952538
0t
0s
0r
1y
0c
0i
#8724952944
1t
0s
0r
1y
0c
0i
#8724953587
0t
0s
0r
1y
0c
0i
#8724953993
1t
0s
0r
1y
0c
0i
#8724954632
0t
0s
0r
1y
0c
0i
#8724955039
1t
0s
0r
1y
0c
0i
#8724955679
0t
0s
0r
1y
0c
0i
#8724956086
1t
0s
0r
1y
0c
0i
#8724956728
0t
0s
0r
1y
0c
0i
#8724957135
1t
0s
0r
1y
0c
0i
#8724957774
0t
0s
0r
1y
0c
0i
#8724958182
1t
0s
0r
1y
0c
0i
#8724958824
0t
0s
0r
1y
1c
0i
#8724959231
1t
0s
0r
1y
1c
0i
#8724959876
0t
0s
0r
1y
1c
0i
#8724960283
1t
0s
0r
1y
1c
1i
#8724960926
0t
0s
0r
1y
1c
1i
#8724961334
1t
0s
0r
1y
1c
1i
#8724961979
0t
0s
0r
1y
1c
1i
#8724962387
1t
0s
0r
1y
1c
1i
#8724963036
0t
0s
0r
1y
1c
0i
#8724963442
1t
0s
0r
1y
1c
0i
#8724964086
0t
0s
0r
1y
1c
0i
#8724964495
1t
0s
0r
1y
1c
0i
#8724965139
0t
0s
0r
1y
1c
0i
#8724965547
1t
0s
0r
1y
1c
0i
#8724966195
0t
0s
0r
1y
1c
0i
#8724966601
1t
0s
0r
1y
1c
0i
#8724967242
0t
0s
0r
1y
1c
0i
#8724967652
1t
0s
0r
1y
1c
0i
#8724968293
0t
0s
0r
1y
1c
0i
#8724968702
1t
0s
0r
1y
1c
0i
#8724969345
0t
0s
0r
1y
1c
0i
#8724969751
1t
0s
0r
1y
1c
0i
#8724970389
0t
0s
0r
1y
1c
0i
#8724970797
1t
0s
0r
1y
1c
0i
#8724971435
0t
0s
0r
1y
1c
0i
#8724971841
1t
0s
0r
1y
1c
0i
#8724972481
0t
0s
0r
1y
1c
0i
#8724972887
1t
0s
0r
1y
1c
0i
#8724973522
0t
0s
0r
1y
1c
0i
#8724973930
1t
0s
0r
1y
1c
0i
#8724974566
0t
0s
0r
1y
1c
0i
#8724974973
1t
0s
0r
1y
1c
0i
#8724975612
0t
0s
0r
1y
1c
0i
#8724976017
1t
0s
0r
1y
1c
0i
#8724977675
0t
0s
0r
1y
1c
0i
#8724978844
1t
0s
0r
1y
1c
0i
#8724979797
0t
0s
0r
1y
1c
0i
#8724980190
1t
0s
0r
1y
1c
0i
#8724980831
0t
0s
0r
1y
1c
0i
#8724981235
1t
0s
0r
1y
1c
0i
#8724981875
0t
0s
0r
1y
1c
0i
#8724982279
1t
0s
0r
1y
1c
0i
#8724982918
0t
0s
0r
1y
1c
0i
#8724983323
1t
0s
0r
1y
1c
0i
#8724983961
0t
0s
0r
1y
1c
0i
#8724984366
1t
0s
0r
1y
1c
0i
#8724985007
0t
0s
0r
1y
1c
0i
#8724985409
1t
0s
0r
1y
1c
0i
#8724986046
0t
0s
0r
1y
1c
0i
#8724986450
1t
0s
0r
1y
1c
0i
#8724987088
0t
0s
0r
1y
1c
0i
#8724987492
1t
0s
0r
1y
1c
0i
#8724988132
0t
0s
0r
1y
1c
0i
#8724988537
1t
0s
0r
1y
1c
0i
#8724989172
0t
0s
0r
1y
0c
0i
#8724989579
1t
0s
0r
1y
0c
0i
#8724990217
0t
0s
0r
1y
0c
0i
#8724990622
1t
0s
0r
1y
0c
0i
#8724991265
0t
0s
0r
1y
0c
0i
#8724991670
1t
0s
0r
1y
0c
1i
#8724992310
0t
0s
0r
1y
0c
1i
#8724992716
1t
0s
0r
1y
0c
1i
#8724993357
0t
0s
0r
1y
0c
1i
#8724993764
1t
0s
0r
1y
0c
1i
#8724993955
1t
0s
1r
1y
0c
1i
#8724993957
1t
0s
0r
1y
0c
1i
#8724994409
0t
0s
0r
1y
0c
0i
#8724994814
1t
0s
0r
1y
0c
0i
#8724995455
0t
0s
0r
1y
0c
0i
#8724995861
1t
0s
0r
1y
0c
0i
#8724996504
0t
0s
0r
1y
0c
0i
#8724996909
1t
0s
0r
1y
0c
0i
#8724997554
0t
0s
0r
1y
0c
0i
#8724997957
1t
0s
0r
1y
0c
0i
#8724998596
0t
0s
0r
1y
0c
0i
#8724999003
1t
0s
0r
1y
0c
0i
#8724999642
0t
0s
0r
1y
0c
0i
#8725000047
1t
0s
0r
1y
0c
0i
#8725000689
0t
0s
0r
1y
0c
0i
#8725001092
1t
0s
0r
1y
0c
0i
#8725001731
0t
0s
0r
1y
0c
0i
#8725002134
1t
0s
0r
1y
0c
0i
#8725002773
0t
0s
0r
1y
0c
0i
#8725003175
1t
0s
0r
1y
0c
0i
#8725003817
0t
0s
0r
1y
0c
0i
#8725004217
1t
0s
0r
1y
0c
0i
#8725004854
0t
0s
0r
1y
0c
0i
#8725005256
1t
0s
0r
1y
0c
0i
#8725005895
0t
0s
0r
1y
0c
0i
#8725006296
1t
0s
0r
1y
0c
0i
#8725006939
0t
0s
0r
1y
0c
0i
#8725007338
1t
0s
0r
1y
0c
0i
#8725007977
0t
0s
0r
1y
0c
0i
#8725008379
1t
0s
0r
1y
0c
0i
#8725009017
0t
0s
0r
1y
0c
0i
#8725009421
1t
0s
0r
1y
0c
0i
#8725010061
0t
0s
0r
1y
0c
0i
#8725010464
1t
0s
0r
1y
0c
0i
#8725011101
0t
0s
0r
1y
0c
0i
#8725011505
1t
0s
0r
1y
0c
0i
#8725012143
0t
0s
0r
1y
0c
0i
#8725012547
1t
0s
0r
1y
0c
0i
#8725013189
0t
0s
0r
1y
0c
0i
#8725013591
1t
0s
0r
1y
0c
0i
#8725014227
0t
0s
0r
1y
0c
0i
#8725014633
1t
0s
0r
1y
0c
0i
#8725015270
0t
0s
0r
1y
0c
0i
#8725015675
1t
0s
0r
1y
0c
0i
#8725016315
0t
0s
0r
1y
0c
0i
#8725016718
1t
0s
0r
1y
0c
0i
#8725017354
0t
0s
0r
1y
0c
0i
#8725017759
1t
0s
0r
1y
0c
0i
#8725018397
0t
0s
0r
1y
0c
0i
#8725018801
1t
0s
0r
1y
0c
0i
#8725019441
0t
0s
0r
1y
0c
0i
#8725019846
1t
0s
0r
1y
0c
0i
#8725020481
0t
0s
0r
1y
0c
0i
#8725020888
1t
0s
0r
1y
0c
0i
#8725021526
0t
0s
0r
1y
1c
0i
#8725021932
1t
0s
0r
1y
1c
0i
#8725022574
0t
0s
0r
1y
1c
0i
#8725022979
1t
0s
0r
1y
1c
1i
#8725023618
0t
0s
0r
1y
1c
1i
#8725024025
1t
0s
0r
1y
1c
1i
#8725024666
0t
0s
0r
1y
1c
1i
#8725025073
1t
0s
0r
1y
1c
1i
#8725025718
0t
0s
0r
1y
1c
0i
#8725026123
1t
0s
0r
1y
1c
0i
#8725026764
0t
0s
0r
1y
1c
0i
#8725027170
1t
0s
0r
1y
1c
0i
#8725027812
0t
0s
0r
1y
1c
0i
#8725028218
1t
0s
0r
1y
1c
0i
#8725028862
0t
0s
0r
1y
1c
0i
#8725029266
1t
0s
0r
1y
1c
0i
#8725029905
0t
0s
0r
1y
1c
0i
#8725030313
1t
0s
0r
1y
1c
0i
#8725030952
0t
0s
0r
1y
1c
0i
#8725031359
1t
0s
0r
1y
1c
0i
#8725032000
0t
0s
0r
1y
1c
0i
#8725032405
1t
0s
0r
1y
1c
0i
#8725033041
0t
0s
0r
1y
1c
0i
#8725033448
1t
0s
0r
1y
1c
0i
#8725034084
0t
0s
0r
1y
1c
0i
#8725034490
1t
0s
0r
1y
1c
0i
#8725035128
0t
0s
0r
1y
1c
0i
#8725035534
1t
0s
0r
1y
1c
0i
#8725036167
0t
0s
0r
1y
1c
0i
#8725036575
1t
0s
0r
1y
1c
0i
#8725037209
0t
0s
0r
1y
1c
0i
#8725037615
1t
0s
0r
1y
1c
0i
#8725038253
0t
0s
0r
1y
1c
0i
#8725038658
1t
0s
0r
1y
1c
0i
#8725040313
0t
0s
0r
1y
1c
0i
#8725041477
1t
0s
0r
1y
1c
0i
#8725042428
0t
0s
0r
1y
1c
0i
#8725042821
1t
0s
0r
1y
1c
0i
#8725043460
0t
0s
0r
1y
1c
0i
#8725043863
1t
0s
0r
1y
1c
0i
#8725044500
0t
0s
0r
1y
1c
0i
#8725044904
1t
0s
0r
1y
1c
0i
#8725045540
0t
0s
0r
1y
1c
0i
#8725045945
1t
0s
0r
1y
1c
0i
#8725046580
0t
0s
0r
1y
1c
0i
#8725046984
1t
0s
0r
1y
1c
0i
#8725047623
0t
0s
0r
1y
1c
0i
#8725048025
1t
0s
0r
1y
1c
0i
#8725048659
0t
0s
0r
1y
1c
0i
#8725049063
1t
0s
0r
1y
1c
0i
#8725049699
0t
0s
0r
1y
1c
0i
#8725050101
1t
0s
0r
1y
1c
0i
#8725050739
0t
0s
0r
1y
1c
0i
#8725051143
1t
0s
0r
1y
1c
0i
#8725051777
0t
0s
0r
1y
1c
0i
#8725052182
1t
0s
0r
1y
1c
0i
#8725052818
0t
0s
0r
1y
0c
0i
#8725053222
1t
0s
0r
1y
0c
0i
#8725053863
0t
0s
0r
1y
0c
0i
#8725054266
1t
0s
0r
1y
0c
1i
#8725054903
0t
0s
0r
1y
0c
1i
#8725055308
1t
0s
0r
1y
0c
1i
#8725055948
0t
0s
0r
1y
0c
1i
#8725056353
1t
0s
0r
1y
0c
1i
#8725056995
0t
0s
0r
1y
0c
0i
#8725057400
1t
0s
0r
1y
0c
0i
#8725058038
0t
0s
0r
1y
0c
0i
#8725058444
1t
0s
0r
1y
0c
0i
#8725059083
0t
0s
0r
1y
0c
0i
#8725059487
1t
0s
0r
1y
0c
0i
#8725060130
0t
0s
0r
1y
0c
0i
#8725060533
1t
0s
0r
1y
0c
0i
#8725061171
0t
0s
0r
1y
0c
0i
#8725061577
1t
0s
0r
1y
0c
0i
#8725062215
0t
0s
0r
1y
0c
0i
#8725062620
1t
0s
0r
1y
0c
0i
#8725063263
0t
0s
0r
1y
0c
0i
#8725063665
1t
0s
0r
1y
0c
0i
#8725064305
0t
0s
0r
1y
0c
0i
#8725064709
1t
0s
0r
1y
0c
0i
#8725065349
0t
0s
0r
1y
0c
0i
#8725065752
1t
0s
0r
1y
0c
0i
#8725066396
0t
0s
0r
1y
0c
0i
#8725066798
1t
0s
0r
1y
0c
0i
#8725067437
0t
0s
0r
1y
0c
0i
#8725067841
1t
0s
0r
1y
0c
0i
#8725068481
0t
0s
0r
1y
0c
0i
#8725068884
1t
0s
0r
1y
0c
0i
#8725069527
0t
0s
0r
1y
0c
0i
#8725069929
1t
0s
0r
1y
0c
0i
#8725070569
0t
0s
0r
1y
0c
0i
#8725070972
1t
0s
0r
1y
0c
0i
#8725071612
0t
0s
0r
1y
0c
0i
#8725072017
1t
0s
0r
1y
0c
0i
#8725072658
0t
0s
0r
1y
0c
0i
#8725073062
1t
0s
0r
1y
0c
0i
#8725073699
0t
0s
0r
1y
0c
0i
#8725074104
1t
0s
0r
1y
0c
0i
#8725074743
0t
0s
0r
1y
0c
0i
#8725075147
1t
0s
0r
1y
0c
0i
#8725075789
0t
0s
0r
1y
0c
0i
#8725076191
1t
0s
0r
1y
0c
0i
#8725076828
0t
0s
0r
1y
0c
0i
#8725077234
1t
0s
0r
1y
0c
0i
#8725077871
0t
0s
0r
1y
0c
0i
#8725078276
1t
0s
0r
1y
0c
0i
#8725078916
0t
0s
0r
1y
0c
0i
#8725079320
1t
0s
0r
1y
0c
0i
#8725079956
0t
0s
0r
1y
0c
0i
#8725080361
1t
0s
0r
1y
0c
0i
#8725080998
0t
0s
0r
1y
0c
0i
#8725081403
1t
0s
0r
1y
0c
0i
#8725082043
0t
0s
0r
1y
0c
0i
#8725082448
1t
0s
0r
1y
0c
0i
#8725083083
0t
0s
0r
1y
0c
0i
#8725083490
1t
0s
0r
1y
0c
0i
#8725084129
0t
0s
0r
1y
1c
0i
#8725084535
1t
0s
0r
1y
1c
0i
#8725085177
0t
0s
0r
1y
1c
0i
#8725085582
1t
0s
0r
1y
1c
1i
#8725086222
0t
0s
0r
1y
1c
1i
#8725086629
1t
0s
0r
1y
1c
1i
#8725087271
0t
0s
0r
1y
1c
1i
#8725087678
1t
0s
0r
1y
1c
1i
#8725088323
0t
0s
0r
1y
1c
0i
#8725088729
1t
0s
0r
1y
1c
0i
#8725089370
0t
0s
0r
1y
1c
0i
#8725089777
1t
0s
0r
1y
1c
0i
#8725090419
0t
0s
0r
1y
1c
0i
#8725090826
1t
0s
0r
1y
1c
0i
#8725091470
0t
0s
0r
1y
1c
0i
#8725091875
1t
0s
0r
1y
1c
0i
#8725092514
0t
0s
0r
1y
1c
0i
#8725092923
1t
0s
0r
1y
1c
0i
#8725093563
0t
0s
0r
1y
1c
0i
#8725093971
1t
0s
0r
1y
1c
0i
#8725094614
0t
0s
0r
1y
1c
0i
#8725095019
1t
0s
0r
1y
1c
0i
#8725095658
0t
0s
0r
1y
1c
0i
#8725096066
1t
0s
0r
1y
1c
0i
#8725096705
0t
0s
0r
1y
1c
0i
#8725097112
1t
0s
0r
1y
1c
0i
#8725097754
0t
0s
0r
1y
1c
0i
#8725098161
1t
0s
0r
1y
1c
0i
#8725098798
0t
0s
0r
1y
1c
0i
#8725099207
1t
0s
0r
1y
1c
0i
#8725099845
0t
0s
0r
1y
1c
0i
#8725100253
1t
0s
0r
1y
1c
0i
#8725100894
0t
0s
0r
1y
1c
0i
#8725101300
1t
0s
0r
1y
1c
0i
#8725102962
0t
0s
0r
1y
1c
0i
#8725104131
1t
0s
0r
1y
1c
0i
#8725105087
0t
0s
0r
1y
1c
0i
#8725105480
1t
0s
0r
1y
1c
0i
#8725106123
0t
0s
0r
1y
1c
0i
#8725106526
1t
0s
0r
1y
1c
0i
#8725107166
0t
0s
0r
1y
1c
0i
#8725107571
1t
0s
0r
1y
1c
0i
#8725108210
0t
0s
0r
1y
1c
0i
#8725108616
1t
0s
0r
1y
1c
0i
#8725109255
0t
0s
0r
1y
1c
0i
#8725109660
1t
0s
0r
1y
1c
0i
#8725110301
0t
0s
0r
1y
1c
0i
#8725110704
1t
0s
0r
1y
1c
0i
#8725111342
0t
0s
0r
1y
1c
0i
#8725111747
1t
0s
0r
1y
1c
0i
#8725112385
0t
0s
0r
1y
1c
0i
#8725112790
1t
0s
0r
1y
1c
0i
#8725113430
0t
0s
0r
1y
1c
0i
#8725113835
1t
0s
0r
1y
1c
0i
#8725114472
0t
0s
0r
1y
1c
0i
#8725114879
1t
0s
0r
1y
1c
0i
#8725115518
0t
0s
0r
1y
0c
0i
#8725115924
1t
0s
0r
1y
0c
0i
#8725116567
0t
0s
0r
1y
0c
0i
#8725116972
1t
0s
0r
1y
0c
1i
#8725117613
0t
0s
0r
1y
0c
1i
#8725118019
1t
0s
0r
1y
0c
1i
#8725118662
0t
0s
0r
1y
0c
1i
#8725119069
1t
0s
0r
1y
0c
1i
#8725119115
1t
0s
1r
1y
0c
1i
#8725119117
1t
0s
0r
1y
0c
1i
#8725119714
0t
0s
0r
1y
0c
0i
#8725120120
1t
0s
0r
1y
0c
0i
#8725120762
0t
0s
0r
1y
0c
0i
#8725121169
1t
0s
0r
1y
0c
0i
#8725121812
0t
0s
0r
1y
0c
0i
#8725122217
1t
0s
0r
1y
0c
0i
#8725122864
0t
0s
0r
1y
0c
0i
#8725123268
1t
0s
0r
1y
0c
0i
#8725123910
0t
0s
0r
1y
0c
0i
#8725124317
1t
0s
0r
1y
0c
0i
#8725124959
0t
0s
0r
1y
0c
0i
#8725125366
1t
0s
0r
1y
0c
0i
#8725126012
0t
0s
0r
1y
0c
0i
#8725126416
1t
0s
0r
1y
0c
0i
#8725127059
0t
0s
0r
1y
0c
0i
#8725127465
1t
0s
0r
1y
0c
0i
#8725128110
0t
0s
0r
1y
0c
0i
#8725128514
1t
0s
0r
1y
0c
0i
#8725129163
0t
0s
0r
1y
0c
0i
#8725129566
1t
0s
0r
1y
0c
0i
#8725130210
0t
0s
0r
1y
0c
0i
#8725130615
1t
0s
0r
1y
0c
0i
#8725131260
0t
0s
0r
1y
0c
0i
#8725131665
1t
0s
0r
1y
0c
0i
#8725132313
0t
0s
0r
1y
0c
0i
#8725132717
1t
0s
0r
1y
0c
0i
#8725133361
0t
0s
0r
1y
0c
0i
#8725133767
1t
0s
0r
1y
0c
0i
#8725134411
0t
0s
0r
1y
0c
0i
#8725134818
1t
0s
0r
1y
0c
0i
#8725135464
0t
0s
0r
1y
0c
0i
#8725135869
1t
0s
0r
1y
0c
0i
#8725136511
0t
0s
0r
1y
0c
0i
#8725136919
1t
0s
0r
1y
0c
0i
#8725137563
0t
0s
0r
1y
0c
0i
#8725137969
1t
0s
0r
1y
0c
0i
#8725138615
0t
0s
0r
1y
0c
0i
#8725139020
1t
0s
0r
1y
0c
0i
#8725139663
0t
0s
0r
1y
0c
0i
#8725140071
1t
0s
0r
1y
0c
0i
#8725140714
0t
0s
0r
1y
0c
0i
#8725141121
1t
0s
0r
1y
0c
0i
#8725141767
0t
0s
0r
1y
0c
0i
#8725142173
1t
0s
0r
1y
0c
0i
#8725142814
0t
0s
0r
1y
0c
0i
#8725143222
1t
0s
0r
1y
0c
0i
#8725143866
0t
0s
0r
1y
0c
0i
#8725144273
1t
0s
0r
1y
0c
0i
#8725144919
0t
0s
0r
1y
0c
0i
#8725145327
1t
0s
0r
1y
0c
0i
#8725145969
0t
0s
0r
1y
0c
0i
#8725146378
1t
0s
0r
1y
0c
0i
#8725147023
0t
0s
0r
1y
1c
0i
#8725147432
1t
0s
0r
1y
1c
0i
#8725148080
0t
0s
0r
1y
1c
0i
#8725148488
1t
0s
0r
1y
1c
1i
#8725149134
0t
0s
0r
1y
1c
1i
#8725149544
1t
0s
0r
1y
1c
1i
#8725150193
0t
0s
0r
1y
1c
1i
#8725150602
1t
0s
0r
1y
1c
1i
#8725151254
0t
0s
0r
1y
1c
0i
#8725151662
1t
0s
0r
1y
1c
0i
#8725152308
0t
0s
0r
1y
1c
0i
#8725152718
1t
0s
0r
1y
1c
0i
#8725153366
0t
0s
0r
1y
1c
0i
#8725153775
1t
0s
0r
1y
1c
0i
#8725154425
0t
0s
0r
1y
1c
0i
#8725154834
1t
0s
0r
1y
1c
0i
#8725155478
0t
0s
0r
1y
1c
0i
#8725155890
1t
0s
0r
1y
1c
0i
#8725156535
0t
0s
0r
1y
1c
0i
#8725156946
1t
0s
0r
1y
1c
0i
#8725157594
0t
0s
0r
1y
1c
0i
#8725158004
1t
0s
0r
1y
1c
0i
#8725158648
0t
0s
0r
1y
1c
0i
#8725159059
1t
0s
0r
1y
1c
0i
#8725159704
0t
0s
0r
1y
1c
0i
#8725160115
1t
0s
0r
1y
1c
0i
#8725160762
0t
0s
0r
1y
1c
0i
#8725161173
1t
0s
0r
1y
1c
0i
#8725161816
0t
0s
0r
1y
1c
0i
#8725162228
1t
0s
0r
1y
1c
0i
#8725162872
0t
0s
0r
1y
1c
0i
#8725163283
1t
0s
0r
1y
1c
0i
#8725163930
0t
0s
0r
1y
1c
0i
#8725164340
1t
0s
0r
1y
1c
0i
#8725166017
0t
0s
0r
1y
1c
0i
#8725167197
1t
0s
0r
1y
1c
0i
#8725168161
0t
0s
0r
1y
1c
0i
#8725168558
1t
0s
0r
1y
1c
0i
#8725169206
0t
0s
0r
1y
1c
0i
#8725169614
1t
0s
0r
1y
1c
0i
#8725170260
0t
0s
0r
1y
1c
0i
#8725170668
1t
0s
0r
1y
1c
0i
#8725171314
0t
0s
0r
1y
1c
0i
#8725171723
1t
0s
0r
1y
1c
0i
#8725172368
0t
0s
0r
1y
1c
0i
#8725172777
1t
0s
0r
1y
1c
0i
#8725173425
0t
0s
0r
1y
1c
0i
#8725173831
1t
0s
0r
1y
1c
0i
#8725174475
0t
0s
0r
1y
1c
0i
#8725174883
1t
0s
0r
1y
1c
0i
#8725175528
0t
0s
0r
1y
1c
0i
#8725175936
1t
0s
0r
1y
1c
0i
#8725176583
0t
0s
0r
1y
1c
0i
#8725176992
1t
0s
0r
1y
1c
0i
#8725177635
0t
0s
0r
1y
1c
0i
#8725178045
1t
0s
0r
1y
1c
0i
#8725178691
0t
0s
0r
1y
0c
0i
#8725179100
1t
0s
0r
1y
0c
0i
#8725179750
0t
0s
0r
1y
0c
0i
#8725180159
1t
0s
0r
1y
0c
1i
#8725180806
0t
0s
0r
1y
0c
1i
#8725181216
1t
0s
0r
1y
0c
1i
#8725181865
0t
0s
0r
1y
0c
1i
#8725182276
1t
0s
0r
1y
0c
1i
#8725182928
0t
0s
0r
1y
0c
0i
#8725183337
1t
0s
0r
1y
0c
0i
#8725183985
0t
0s
0r
1y
0c
0i
#8725184395
1t
0s
0r
1y
0c
0i
#8725185045
0t
0s
0r
1y
0c
0i
#8725185454
1t
0s
0r
1y
0c
0i
#8725186106
0t
0s
0r
1y
0c
0i
#8725186513
1t
0s
0r
1y
0c
0i
#8725187160
0t
0s
0r
1y
0c
0i
#8725187571
1t
0s
0r
1y
0c
0i
#8725188219
0t
0s
0r
1y
0c
0i
#8725188628
1t
0s
0r
1y
0c
0i
#8725189278
0t
0s
0r
1y
0c
0i
#8725189685
1t
0s
0r
1y
0c
0i
#8725190332
0t
0s
0r
1y
0c
0i
#8725190740
1t
0s
0r
1y
0c
0i
#8725191388
0t
0s
0r
1y
0c
0i
#8725191794
1t
0s
0r
1y
0c
0i
#8725192444
0t
0s
0r
1y
0c
0i
#8725192849
1t
0s
0r
1y
0c
0i
#8725193494
0t
0s
0r
1y
0c
0i
#8725193901
1t
0s
0r
1y
0c
0i
#8725194547
0t
0s
0r
1y
0c
0i
#8725194953
1t
0s
0r
1y
0c
0i
#8725195603
0t
0s
0r
1y
0c
0i
#8725196008
1t
0s
0r
1y
0c
0i
#8725196654
0t
0s
0r
1y
0c
0i
#8725197061
1t
0s
0r
1y
0c
0i
#8725197706
0t
0s
0r
1y
0c
0i
#8725198115
1t
0s
0r
1y
0c
0i
#8725198763
0t
0s
0r
1y
0c
0i
#8725199169
1t
0s
0r
1y
0c
0i
#8725199813
0t
0s
0r
1y
0c
0i
#8725200222
1t
0s
0r
1y
0c
0i
#8725200868
0t
0s
0r
1y
0c
0i
#8725201275
1t
0s
0r
1y
0c
0i
#8725201924
0t
0s
0r
1y
0c
0i
#8725202330
1t
0s
0r
1y
0c
0i
#8725202974
0t
0s
0r
1y
0c
0i
#8725203383
1t
0s
0r
1y
0c
0i
#8725204028
0t
0s
0r
1y
0c
0i
#8725204436
1t
0s
0r
1y
0c
0i
#8725205083
0t
0s
0r
1y
0c
0i
#8725205490
1t
0s
0r
1y
0c
0i
#8725206133
0t
0s
0r
1y
0c
0i
#8725206541
1t
0s
0r
1y
0c
0i
#8725207186
0t
0s
0r
1y
0c
0i
#8725207594
1t
0s
0r
1y
0c
0i
#8725208240
0t
0s
0r
1y
0c
0i
#8725208649
1t
0s
0r
1y
0c
0i
#8725209291
0t
0s
0r
1y
0c
0i
#8725209701
1t
0s
0r
1y
0c
0i
#8725210346
0t
0s
0r
1y
1c
0i
#8725210756
1t
0s
0r
1y
1c
0i
#8725211405
0t
0s
0r
1y
1c
0i
#8725211813
1t
0s
0r
1y
1c
1i
#8725212459
0t
0s
0r
1y
1c
1i
#8725212870
1t
0s
0r
1y
1c
1i
#8725213518
0t
0s
0r
1y
1c
1i
#8725213928
1t
0s
0r
1y
1c
1i
#8725214580
0t
0s
0r
1y
1c
0i
#8725214989
1t
0s
0r
1y
1c
0i
#8725215636
0t
0s
0r
1y
1c
0i
#8725216046
1t
0s
0r
1y
1c
0i
#8725216695
0t
0s
0r
1y
1c
0i
#8725217105
1t
0s
0r
1y
1c
0i
#8725217755
0t
0s
0r
1y
1c
0i
#8725218164
1t
0s
0r
1y
1c
0i
#8725218809
0t
0s
0r
1y
1c
0i
#8725219220
1t
0s
0r
1y
1c
0i
#8725219865
0t
0s
0r
1y
1c
0i
#8725220276
1t
0s
0r
1y
1c
0i
#8725220923
0t
0s
0r
1y
1c
0i
#8725221332
1t
0s
0r
1y
1c
0i
#8725221974
0t
0s
0r
1y
1c
0i
#8725222384
1t
0s
0r
1y
1c
0i
#8725223028
0t
0s
0r
1y
1c
0i
#8725223437
1t
0s
0r
1y
1c
0i
#8725224082
0t
0s
0r
1y
1c
0i
#8725224490
1t
0s
0r
1y
1c
0i
#8725225131
0t
0s
0r
1y
1c
0i
#8725225541
1t
0s
0r
1y
1c
0i
#8725226182
0t
0s
0r
1y
1c
0i
#8725226592
1t
0s
0r
1y
1c
0i
#8725227236
0t
0s
0r
1y
1c
0i
#8725227644
1t
0s
0r
1y
1c
0i
#8725229314
0t
0s
0r
1y
1c
0i
#8725230489
1t
0s
0r
1y
1c
0i
#8725231450
0t
0s
0r
1y
1c
0i
#8725231845
1t
0s
0r
1y
1c
0i
#8725232492
0t
0s
0r
1y
1c
0i
#8725232898
1t
0s
0r
1y
1c
0i
#8725233542
0t
0s
0r
1y
1c
0i
#8725233948
1t
0s
0r
1y
1c
0i
#8725234591
0t
0s
0r
1y
1c
0i
#8725235000
1t
0s
0r
1y
1c
0i
#8725235643
0t
0s
0r
1y
1c
0i
#8725236050
1t
0s
0r
1y
1c
0i
#8725236695
0t
0s
0r
1y
1c
0i
#8725237100
1t
0s
0r
1y
1c
0i
#8725237741
0t
0s
0r
1y
1c
0i
#8725238148
1t
0s
0r
1y
1c
0i
#8725238791
0t
0s
0r
1y
1c
0i
#8725239197
1t
0s
0r
1y
1c
0i
#8725239841
0t
0s
0r
1y
1c
0i
#8725240248
1t
0s
0r
1y
1c
0i
#8725240889
0t
0s
0r
1y
1c
0i
#8725241297
1t
0s
0r
1y
1c
0i
#8725241940
0t
0s
0r
1y
0c
0i
#8725242348
1t
0s
0r
1y
0c
0i
#8725242995
0t
0s
0r
1y
0c
0i
#8725243402
1t
0s
0r
1y
0c
1i
#8725244046
0t
0s
0r
1y
0c
1i
#8725244454
1t
0s
0r
1y
0c
1i
#8725245100
0t
0s
0r
1y
0c
1i
#8725245509
1t
0s
0r
1y
0c
1i
#8725245591
1t
0s
1r
1y
0c
1i
#8725245594
1t
0s
0r
1y
0c
1i
#8725246158
0t
0s
0r
1y
0c
0i
#8725246566
1t
0s
0r
1y
0c
0i
#8725247212
0t
0s
0r
1y
0c
0i
#8725247620
1t
0s
0r
1y
0c
0i
#8725248268
0t
0s
0r
1y
0c
0i
#8725248675
1t
0s
0r
1y
0c
0i
#8725249326
0t
0s
0r
1y
0c
0i
#8725249731
1t
0s
0r
1y
0c
0i
#8725250377
0t
0s
0r
1y
0c
0i
#8725250786
1t
0s
0r
1y
0c
0i
#8725251433
0t
0s
0r
1y
0c
0i
#8725251841
1t
0s
0r
1y
0c
0i
#8725252491
0t
0s
0r
1y
0c
0i
#8725252898
1t
0s
0r
1y
0c
0i
#8725253545
0t
0s
0r
1y
0c
0i
#8725253953
1t
0s
0r
1y
0c
0i
#8725254602
0t
0s
0r
1y
0c
0i
#8725255009
1t
0s
0r
1y
0c
0i
#8725255661
0t
0s
0r
1y
0c
0i
#8725256066
1t
0s
0r
1y
0c
0i
#8725256714
0t
0s
0r
1y
0c
0i
#8725257121
1t
0s
0r
1y
0c
0i
#8725257771
0t
0s
0r
1y
0c
0i
#8725258178
1t
0s
0r
1y
0c
0i
#8725258831
0t
0s
0r
1y
0c
0i
#8725259236
1t
0s
0r
1y
0c
0i
#8725259885
0t
0s
0r
1y
0c
0i
#8725260293
1t
0s
0r
1y
0c
0i
#8725260942
0t
0s
0r
1y
0c
0i
#8725261351
1t
0s
0r
1y
0c
0i
#8725262002
0t
0s
0r
1y
0c
0i
#8725262409
1t
0s
0r
1y
0c
0i
#8725263056
0t
0s
0r
1y
0c
0i
#8725263465
1t
0s
0r
1y
0c
0i
#8725264113
0t
0s
0r
1y
0c
0i
#8725264521
1t
0s
0r
1y
0c
0i
#8725265172
0t
0s
0r
1y
0c
0i
#8725265579
1t
0s
0r
1y
0c
0i
#8725266225
0t
0s
0r
1y
0c
0i
#8725266636
1t
0s
0r
1y
0c
0i
#8725267282
0t
0s
0r
1y
0c
0i
#8725267691
1t
0s
0r
1y
0c
0i
#8725268341
0t
0s
0r
1y
0c
0i
#8725268749
1t
0s
0r
1y
0c
0i
#8725269395
0t
0s
0r
1y
0c
0i
#8725269804
1t
0s
0r
1y
0c
0i
#8725270451
0t
0s
0r
1y
0c
0i
#8725270860
1t
0s
0r
1y
0c
0i
#8725271509
0t
0s
0r
1y
0c
0i
#8725271919
1t
0s
0r
1y
0c
0i
#8725272565
0t
0s
0r
1y
0c
0i
#8725272976
1t
0s
0r
1y
0c
0i
#8725273624
0t
0s
0r
1y
1c
0i
#8725274035
1t
0s
0r
1y
1c
0i
#8725274687
0t
0s
0r
1y
1c
0i
#8725275097
1t
0s
0r
1y
1c
1i
#8725275746
0t
0s
0r
1y
1c
1i
#8725276158
1t
0s
0r
1y
1c
1i
#8725276810
0t
0s
0r
1y
1c
1i
#8725277221
1t
0s
0r
1y
1c
1i
#8725277876
0t
0s
0r
1y
1c
0i
#8725278286
1t
0s
0r
1y
1c
0i
#8725278936
0t
0s
0r
1y
1c
0i
#8725279348
1t
0s
0r
1y
1c
0i
#8725280000
0t
0s
0r
1y
1c
0i
#8725280411
1t
0s
0r
1y
1c
0i
#8725281064
0t
0s
0r
1y
1c
0i
#8725281474
1t
0s
0r
1y
1c
0i
#8725282123
0t
0s
0r
1y
1c
0i
#8725282535
1t
0s
0r
1y
1c
0i
#8725283183
0t
0s
0r
1y
1c
0i
#8725283595
1t
0s
0r
1y
1c
0i
#8725284245
0t
0s
0r
1y
1c
0i
#8725284655
1t
0s
0r
1y
1c
0i
#8725285300
0t
0s
0r
1y
1c
0i
#8725285711
1t
0s
0r
1y
1c
0i
#8725286357
0t
0s
0r
1y
1c
0i
#8725286767
1t
0s
0r
1y
1c
0i
#8725287414
0t
0s
0r
1y
1c
0i
#8725287825
1t
0s
0r
1y
1c
0i
#8725288467
0t
0s
0r
1y
1c
0i
#8725288879
1t
0s
0r
1y
1c
0i
#8725289522
0t
0s
0r
1y
1c
0i
#8725289933
1t
0s
0r
1y
1c
0i
#8725290580
0t
0s
0r
1y
1c
0i
#8725290990
1t
0s
0r
1y
1c
0i
#8725292667
0t
0s
0r
1y
1c
0i
#8725293846
1t
0s
0r
1y
1c
0i
#8725294811
0t
0s
0r
1y
1c
0i
#8725295208
1t
0s
0r
1y
1c
0i
#8725295857
0t
0s
0r
1y
1c
0i
#8725296264
1t
0s
0r
1y
1c
0i
#8725296911
0t
0s
0r
1y
1c
0i
#8725297319
1t
0s
0r
1y
1c
0i
#8725297965
0t
0s
0r
1y
1c
0i
#8725298374
1t
0s
0r
1y
1c
0i
#8725299020
0t
0s
0r
1y
1c
0i
#8725299428
1t
0s
0r
1y
1c
0i
#8725300076
0t
0s
0r
1y
1c
0i
#8725300482
1t
0s
0r
1y
1c
0i
#8725301126
0t
0s
0r
1y
1c
0i
#8725301534
1t
0s
0r
1y
1c
0i
#8725302179
0t
0s
0r
1y
1c
0i
#8725302587
1t
0s
0r
1y
1c
0i
#8725303233
0t
0s
0r
1y
1c
0i
#8725303642
1t
0s
0r
1y
1c
0i
#8725304286
0t
0s
0r
1y
0c
0i
#8725304695
1t
0s
0r
1y
0c
0i
#8725305341
0t
0s
0r
1y
0c
0i
#8725305749
1t
0s
0r
1y
0c
0i
#8725306400
0t
0s
0r
1y
0c
0i
#8725306807
1t
0s
0r
1y
0c
1i
#8725307455
0t
0s
0r
1y
0c
1i
#8725307864
1t
0s
0r
1y
0c
1i
#8725308513
0t
0s
0r
1y
0c
1i
#8725308924
1t
0s
0r
1y
0c
1i
#8725309576
0t
0s
0r
1y
0c
0i
#8725309985
1t
0s
0r
1y
0c
0i
#8725310634
0t
0s
0r
1y
0c
0i
#8725311044
1t
0s
0r
1y
0c
0i
#8725311693
0t
0s
0r
1y
0c
0i
#8725312102
1t
0s
0r
1y
0c
0i
#8725312753
0t
0s
0r
1y
0c
0i
#8725313160
1t
0s
0r
1y
0c
0i
#8725313806
0t
0s
0r
1y
0c
0i
#8725314215
1t
0s
0r
1y
0c
0i
#8725314859
0t
0s
0r
1y
0c
0i
#8725315266
1t
0s
0r
1y
0c
0i
#8725315912
0t
0s
0r
1y
0c
0i
#8725316316
1t
0s
0r
1y
0c
0i
#8725316957
0t
0s
0r
1y
0c
0i
#8725317362
1t
0s
0r
1y
0c
0i
#8725318002
0t
0s
0r
1y
0c
0i
#8725318406
1t
0s
0r
1y
0c
0i
#8725319048
0t
0s
0r
1y
0c
0i
#8725319450
1t
0s
0r
1y
0c
0i
#8725320089
0t
0s
0r
1y
0c
0i
#8725320492
1t
0s
0r
1y
0c
0i
#8725321133
0t
0s
0r
1y
0c
0i
#8725321535
1t
0s
0r
1y
0c
0i
#8725322178
0t
0s
0r
1y
0c
0i
#8725322581
1t
0s
0r
1y
0c
0i
#8725323221
0t
0s
0r
1y
0c
0i
#8725323625
1t
0s
0r
1y
0c
0i
#8725324266
0t
0s
0r
1y
0c
0i
#8725324671
1t
0s
0r
1y
0c
0i
#8725325314
0t
0s
0r
1y
0c
0i
#8725325718
1t
0s
0r
1y
0c
0i
#8725326357
0t
0s
0r
1y
0c
0i
#8725326763
1t
0s
0r
1y
0c
0i
#8725327404
0t
0s
0r
1y
0c
0i
#8725327809
1t
0s
0r
1y
0c
0i
#8725328452
0t
0s
0r
1y
0c
0i
#8725328856
1t
0s
0r
1y
0c
0i
#8725329494
0t
0s
0r
1y
0c
0i
#8725329901
1t
0s
0r
1y
0c
0i
#8725330540
0t
0s
0r
1y
0c
0i
#8725330946
1t
0s
0r
1y
0c
0i
#8725331588
0t
0s
0r
1y
0c
0i
#8725331993
1t
0s
0r
1y
0c
0i
#8725332631
0t
0s
0r
1y
0c
0i
#8725333037
1t
0s
0r
1y
0c
0i
#8725333677
0t
0s
0r
1y
0c
0i
#8725334082
1t
0s
0r
1y
0c
0i
#8725334724
0t
0s
0r
1y
0c
0i
#8725335131
1t
0s
0r
1y
0c
0i
#8725335768
0t
0s
0r
1y
0c
0i
#8725336176
1t
0s
0r
1y
0c
0i
#8725336817
0t
0s
0r
1y
1c
0i
#8725337223
1t
0s
0r
1y
1c
0i
#8725337868
0t
0s
0r
1y
1c
0i
#8725338274
1t
0s
0r
1y
1c
1i
#8725338916
0t
0s
0r
1y
1c
1i
#8725339324
1t
0s
0r
1y
1c
1i
#8725339968
0t
0s
0r
1y
1c
1i
#8725340376
1t
0s
0r
1y
1c
1i
#8725341023
0t
0s
0r
1y
1c
0i
#8725341430
1t
0s
0r
1y
1c
0i
#8725342073
0t
0s
0r
1y
1c
0i
#8725342481
1t
0s
0r
1y
1c
0i
#8725343125
0t
0s
0r
1y
1c
0i
#8725343533
1t
0s
0r
1y
1c
0i
#8725344179
0t
0s
0r
1y
1c
0i
#8725344586
1t
0s
0r
1y
1c
0i
#8725345227
0t
0s
0r
1y
1c
0i
#8725345637
1t
0s
0r
1y
1c
0i
#8725346278
0t
0s
0r
1y
1c
0i
#8725346687
1t
0s
0r
1y
1c
0i
#8725347331
0t
0s
0r
1y
1c
0i
#8725347737
1t
0s
0r
1y
1c
0i
#8725348376
0t
0s
0r
1y
1c
0i
#8725348784
1t
0s
0r
1y
1c
0i
#8725349423
0t
0s
0r
1y
1c
0i
#8725349830
1t
0s
0r
1y
1c
0i
#8725350471
0t
0s
0r
1y
1c
0i
#8725350877
1t
0s
0r
1y
1c
0i
#8725351513
0t
0s
0r
1y
1c
0i
#8725351921
1t
0s
0r
1y
1c
0i
#8725352558
0t
0s
0r
1y
1c
0i
#8725352965
1t
0s
0r
1y
1c
0i
#8725353605
0t
0s
0r
1y
1c
0i
#8725354010
1t
0s
0r
1y
1c
0i
#8725355668
0t
0s
0r
1y
1c
0i
#8725356836
1t
0s
0r
1y
1c
0i
#8725357789
0t
0s
0r
1y
1c
0i
#8725358182
1t
0s
0r
1y
1c
0i
#8725358824
0t
0s
0r
1y
1c
0i
#8725359228
1t
0s
0r
1y
1c
0i
#8725359866
0t
0s
0r
1y
1c
0i
#8725360271
1t
0s
0r
1y
1c
0i
#8725360909
0t
0s
0r
1y
1c
0i
#8725361315
1t
0s
0r
1y
1c
0i
#8725361953
0t
0s
0r
1y
1c
0i
#8725362358
1t
0s
0r
1y
1c
0i
#8725362999
0t
0s
0r
1y
1c
0i
#8725363401
1t
0s
0r
1y
1c
0i
#8725364038
0t
0s
0r
1y
1c
0i
#8725364442
1t
0s
0r
1y
1c
0i
#8725365081
0t
0s
0r
1y
1c
0i
#8725365484
1t
0s
0r
1y
1c
0i
#8725366124
0t
0s
0r
1y
1c
0i
#8725366529
1t
0s
0r
1y
1c
0i
#8725367165
0t
0s
0r
1y
1c
0i
#8725367572
1t
0s
0r
1y
1c
0i
#8725368210
0t
0s
0r
1y
0c
0i
#8725368615
1t
0s
0r
1y
0c
0i
#8725369258
0t
0s
0r
1y
0c
0i
#8725369663
1t
0s
0r
1y
0c
1i
#8725370303
0t
0s
0r
1y
0c
1i
#8725370709
1t
0s
0r
1y
0c
1i
#8725371351
0t
0s
0r
1y
0c
1i
#8725371757
1t
0s
0r
1y
0c
1i
#8725371937
1t
0s
1r
1y
0c
1i
#8725371939
1t
0s
0r
1y
0c
1i
#8725372402
0t
0s
0r
1y
0c
0i
#8725372807
1t
0s
0r
1y
0c
0i
#8725373449
0t
0s
0r
1y
0c
0i
#8725373855
1t
0s
0r
1y
0c
0i
#8725374498
0t
0s
0r
1y
0c
0i
#8725374903
1t
0s
0r
1y
0c
0i
#8725375548
0t
0s
0r
1y
0c
0i
#8725375952
1t
0s
0r
1y
0c
0i
#8725376592
0t
0s
0r
1y
0c
0i
#8725377000
1t
0s
0r
1y
0c
0i
#8725377641
0t
0s
0r
1y
0c
0i
#8725378047
1t
0s
0r
1y
0c
0i
#8725378692
0t
0s
0r
1y
0c
0i
#8725379095
1t
0s
0r
1y
0c
0i
#8725379737
0t
0s
0r
1y
0c
0i
#8725380142
1t
0s
0r
1y
0c
0i
#8725380785
0t
0s
0r
1y
0c
0i
#8725381189
1t
0s
0r
1y
0c
0i
#8725381834
0t
0s
0r
1y
0c
0i
#8725382237
1t
0s
0r
1y
0c
0i
#8725382878
0t
0s
0r
1y
0c
0i
#8725383282
1t
0s
0r
1y
0c
0i
#8725383924
0t
0s
0r
1y
0c
0i
#8725384327
1t
0s
0r
1y
0c
0i
#8725384973
0t
0s
0r
1y
0c
0i
#8725385375
1t
0s
0r
1y
0c
0i
#8725386016
0t
0s
0r
1y
0c
0i
#8725386420
1t
0s
0r
1y
0c
0i
#8725387061
0t
0s
0r
1y
0c
0i
#8725387467
1t
0s
0r
1y
0c
0i
#8725388110
0t
0s
0r
1y
0c
0i
#8725388514
1t
0s
0r
1y
0c
0i
#8725389153
0t
0s
0r
1y
0c
0i
#8725389559
1t
0s
0r
1y
0c
0i
#8725390200
0t
0s
0r
1y
0c
0i
#8725390605
1t
0s
0r
1y
0c
0i
#8725391249
0t
0s
0r
1y
0c
0i
#8725391652
1t
0s
0r
1y
0c
0i
#8725392292
0t
0s
0r
1y
0c
0i
#8725392698
1t
0s
0r
1y
0c
0i
#8725393339
0t
0s
0r
1y
0c
0i
#8725393744
1t
0s
0r
1y
0c
0i
#8725394387
0t
0s
0r
1y
0c
0i
#8725394791
1t
0s
0r
1y
0c
0i
#8725395430
0t
0s
0r
1y
0c
0i
#8725395836
1t
0s
0r
1y
0c
0i
#8725396477
0t
0s
0r
1y
0c
0i
#8725396883
1t
0s
0r
1y
0c
0i
#8725397525
0t
0s
0r
1y
0c
0i
#8725397932
1t
0s
0r
1y
0c
0i
#8725398570
0t
0s
0r
1y
0c
0i
#8725398978
1t
0s
0r
1y
0c
0i
#8725399620
0t
0s
0r
1y
1c
0i
#8725400027
1t
0s
0r
1y
1c
0i
#8725400673
0t
0s
0r
1y
1c
0i
#8725401079
1t
0s
0r
1y
1c
1i
#8725401722
0t
0s
0r
1y
1c
1i
#8725402130
1t
0s
0r
1y
1c
1i
#8725402775
0t
0s
0r
1y
1c
1i
#8725403182
1t
0s
0r
1y
1c
1i
#8725403830
0t
0s
0r
1y
1c
0i
#8725404237
1t
0s
0r
1y
1c
0i
#8725404880
0t
0s
0r
1y
1c
0i
#8725405289
1t
0s
0r
1y
1c
0i
#8725405933
0t
0s
0r
1y
1c
0i
#8725406341
1t
0s
0r
1y
1c
0i
#8725406988
0t
0s
0r
1y
1c
0i
#8725407394
1t
0s
0r
1y
1c
0i
#8725408035
0t
0s
0r
1y
1c
0i
#8725408445
1t
0s
0r
1y
1c
0i
#8725409086
0t
0s
0r
1y
1c
0i
#8725409494
1t
0s
0r
1y
1c
0i
#8725410137
0t
0s
0r
1y
1c
0i
#8725410543
1t
0s
0r
1y
1c
0i
#8725411181
0t
0s
0r
1y
1c
0i
#8725411588
1t
0s
0r
1y
1c
0i
#8725412226
0t
0s
0r
1y
1c
0i
#8725412632
1t
0s
0r
1y
1c
0i
#8725413271
0t
0s
0r
1y
1c
0i
#8725413677
1t
0s
0r
1y
1c
0i
#8725414311
0t
0s
0r
1y
1c
0i
#8725414718
1t
0s
0r
1y
1c
0i
#8725415354
0t
0s
0r
1y
1c
0i
#8725415760
1t
0s
0r
1y
1c
0i
#8725416398
0t
0s
0r
1y
1c
0i
#8725416803
1t
0s
0r
1y
1c
0i
#8725418459
0t
0s
0r
1y
1c
0i
#8725419625
1t
0s
0r
1y
1c
0i
#8725420578
0t
0s
0r
1y
1c
0i
#8725420971
1t
0s
0r
1y
1c
0i
#8725421611
0t
0s
0r
1y
1c
0i
#8725422015
1t
0s
0r
1y
1c
0i
#8725422653
0t
0s
0r
1y
1c
0i
#8725423057
1t
0s
0r
1y
1c
0i
#8725423695
0t
0s
0r
1y
1c
0i
#8725424101
1t
0s
0r
1y
1c
0i
#8725424738
0t
0s
0r
1y
1c
0i
#8725425143
1t
0s
0r
1y
1c
0i
#8725425783
0t
0s
0r
1y
1c
0i
#8725426185
1t
0s
0r
1y
1c
0i
#8725426821
0t
0s
0r
1y
1c
0i
#8725427226
1t
0s
0r
1y
1c
0i
#8725427863
0t
0s
0r
1y
1c
0i
#8725428266
1t
0s
0r
1y
1c
0i
#8725428905
0t
0s
0r
1y
1c
0i
#8725429310
1t
0s
0r
1y
1c
0i
#8725429945
0t
0s
0r
1y
1c
0i
#8725430351
1t
0s
0r
1y
1c
0i
#8725430990
0t
0s
0r
1y
0c
0i
#8725431394
1t
0s
0r
1y
0c
0i
#8725432036
0t
0s
0r
1y
0c
0i
#8725432440
1t
0s
0r
1y
0c
1i
#8725433079
0t
0s
0r
1y
0c
1i
#8725433485
1t
0s
0r
1y
0c
1i
#8725434126
0t
0s
0r
1y
0c
1i
#8725434532
1t
0s
0r
1y
0c
1i
#8725435176
0t
0s
0r
1y
0c
0i
#8725435581
1t
0s
0r
1y
0c
0i
#8725436221
0t
0s
0r
1y
0c
0i
#8725436627
1t
0s
0r
1y
0c
0i
#8725437269
0t
0s
0r
1y
0c
0i
#8725437673
1t
0s
0r
1y
0c
0i
#8725438318
0t
0s
0r
1y
0c
0i
#8725438721
1t
0s
0r
1y
0c
0i
#8725439360
0t
0s
0r
1y
0c
0i
#8725439766
1t
0s
0r
1y
0c
0i
#8725440406
0t
0s
0r
1y
0c
0i
#8725440810
1t
0s
0r
1y
0c
0i
#8725441452
0t
0s
0r
1y
0c
0i
#8725441854
1t
0s
0r
1y
0c
0i
#8725442492
0t
0s
0r
1y
0c
0i
#8725442896
1t
0s
0r
1y
0c
0i
#8725443535
0t
0s
0r
1y
0c
0i
#8725443937
1t
0s
0r
1y
0c
0i
#8725444579
0t
0s
0r
1y
0c
0i
#8725444979
1t
0s
0r
1y
0c
0i
#8725445616
0t
0s
0r
1y
0c
0i
#8725446018
1t
0s
0r
1y
0c
0i
#8725446656
0t
0s
0r
1y
0c
0i
#8725447058
1t
0s
0r
1y
0c
0i
#8725447699
0t
0s
0r
1y
0c
0i
#8725448099
1t
0s
0r
1y
0c
0i
#8725448737
0t
0s
0r
1y
0c
0i
#8725449139
1t
0s
0r
1y
0c
0i
#8725449776
0t
0s
0r
1y
0c
0i
#8725450180
1t
0s
0r
1y
0c
0i
#8725450820
0t
0s
0r
1y
0c
0i
#8725451222
1t
0s
0r
1y
0c
0i
#8725451858
0t
0s
0r
1y
0c
0i
#8725452262
1t
0s
0r
1y
0c
0i
#8725452900
0t
0s
0r
1y
0c
0i
#8725453303
1t
0s
0r
1y
0c
0i
#8725453943
0t
0s
0r
1y
0c
0i
#8725454345
1t
0s
0r
1y
0c
0i
#8725454980
0t
0s
0r
1y
0c
0i
#8725455385
1t
0s
0r
1y
0c
0i
#8725456021
0t
0s
0r
1y
0c
0i
#8725456425
1t
0s
0r
1y
0c
0i
#8725457064
0t
0s
0r
1y
0c
0i
#8725457466
1t
0s
0r
1y
0c
0i
#8725458101
0t
0s
0r
1y
0c
0i
#8725458505
1t
0s
0r
1y
0c
0i
#8725459141
0t
0s
0r
1y
0c
0i
#8725459545
1t
0s
0r
1y
0c
0i
#8725460183
0t
0s
0r
1y
0c
0i
#8725460587
1t
0s
0r
1y
0c
0i
#8725461221
0t
0s
0r
1y
0c
0i
#8725461627
1t
0s
0r
1y
0c
0i
#8725462263
0t
0s
0r
1y
1c
0i
#8725462668
1t
0s
0r
1y
1c
0i
#8725463309
0t
0s
0r
1y
1c
0i
#8725463713
1t
0s
0r
1y
1c
1i
#8725464351
0t
0s
0r
1y
1c
1i
#8725464757
1t
0s
0r
1y
1c
1i
#8725465397
0t
0s
0r
1y
1c
1i
#8725465803
1t
0s
0r
1y
1c
1i
#8725466446
0t
0s
0r
1y
1c
0i
#8725466850
1t
0s
0r
1y
1c
0i
#8725467489
0t
0s
0r
1y
1c
0i
#8725467895
1t
0s
0r
1y
1c
0i
#8725468535
0t
0s
0r
1y
1c
0i
#8725468940
1t
0s
0r
1y
1c
0i
#8725469583
0t
0s
0r
1y
1c
0i
#8725469987
1t
0s
0r
1y
1c
0i
#8725470624
0t
0s
0r
1y
1c
0i
#8725471031
1t
0s
0r
1y
1c
0i
#8725471668
0t
0s
0r
1y
1c
0i
#8725472075
1t
0s
0r
1y
1c
0i
#8725472714
0t
0s
0r
1y
1c
0i
#8725473119
1t
0s
0r
1y
1c
0i
#8725473753
0t
0s
0r
1y
1c
0i
#8725474159
1t
0s
0r
1y
1c
0i
#8725474794
0t
0s
0r
1y
1c
0i
#8725475199
1t
0s
0r
1y
1c
0i
#8725475836
0t
0s
0r
1y
1c
0i
#8725476241
1t
0s
0r
1y
1c
0i
#8725476873
0t
0s
0r
1y
1c
0i
#8725477279
1t
0s
0r
1y
1c
0i
#8725477912
0t
0s
0r
1y
1c
0i
#8725478317
1t
0s
0r
1y
1c
0i
#8725478954
0t
0s
0r
1y
1c
0i
#8725479357
1t
0s
0r
1y
1c
0i
#8725481008
0t
0s
0r
1y
1c
0i
#8725482169
1t
0s
0r
1y
1c
0i
#8725483119
0t
0s
0r
1y
1c
0i
#8725483510
1t
0s
0r
1y
1c
0i
#8725484149
0t
0s
0r
1y
1c
0i
#8725484551
1t
0s
0r
1y
1c
0i
#8725485187
0t
0s
0r
1y
1c
0i
#8725485590
1t
0s
0r
1y
1c
0i
#8725486225
0t
0s
0r
1y
1c
0i
#8725486629
1t
0s
0r
1y
1c
0i
#8725487264
0t
0s
0r
1y
1c
0i
#8725487667
1t
0s
0r
1y
1c
0i
#8725488304
0t
0s
0r
1y
1c
0i
#8725488705
1t
0s
0r
1y
1c
0i
#8725489338
0t
0s
0r
1y
1c
0i
#8725489741
1t
0s
0r
1y
1c
0i
#8725490376
0t
0s
0r
1y
1c
0i
#8725490778
1t
0s
0r
1y
1c
0i
#8725491414
0t
0s
0r
1y
1c
0i
#8725491817
1t
0s
0r
1y
1c
0i
#8725492450
0t
0s
0r
1y
1c
0i
#8725492854
1t
0s
0r
1y
1c
0i
#8725493489
0t
0s
0r
1y
0c
0i
#8725493892
1t
0s
0r
1y
0c
0i
#8725494531
0t
0s
0r
1y
0c
0i
#8725494934
1t
0s
0r
1y
0c
1i
#8725495570
0t
0s
0r
1y
0c
1i
#8725495974
1t
0s
0r
1y
0c
1i
#8725496612
0t
0s
0r
1y
0c
1i
#8725497017
1t
0s
0r
1y
0c
1i
#8725497149
1t
0s
1r
1y
0c
1i
#8725497151
1t
0s
0r
1y
0c
1i
#8725497657
0t
0s
0r
1y
0c
0i
#8725498061
1t
0s
0r
1y
0c
0i
#8725498698
0t
0s
0r
1y
0c
0i
#8725499103
1t
0s
0r
1y
0c
0i
#8725499741
0t
0s
0r
1y
0c
0i
#8725500145
1t
0s
0r
1y
0c
0i
#8725500786
0t
0s
0r
1y
0c
0i
#8725501188
1t
0s
0r
1y
0c
0i
#8725501825
0t
0s
0r
1y
0c
0i
#8725502230
1t
0s
0r
1y
0c
0i
#8725502868
0t
0s
0r
1y
0c
0i
#8725503272
1t
0s
0r
1y
0c
0i
#8725503913
0t
0s
0r
1y
0c
0i
#8725504315
1t
0s
0r
1y
0c
0i
#8725504954
0t
0s
0r
1y
0c
0i
#8725505357
1t
0s
0r
1y
0c
0i
#8725505996
0t
0s
0r
1y
0c
0i
#8725506398
1t
0s
0r
1y
0c
0i
#8725507041
0t
0s
0r
1y
0c
0i
#8725507442
1t
0s
0r
1y
0c
0i
#8725508080
0t
0s
0r
1y
0c
0i
#8725508482
1t
0s
0r
1y
0c
0i
#8725509122
0t
0s
0r
1y
0c
0i
#8725509524
1t
0s
0r
1y
0c
0i
#8725510166
0t
0s
0r
1y
0c
0i
#8725510567
1t
0s
0r
1y
0c
0i
#8725511205
0t
0s
0r
1y
0c
0i
#8725511608
1t
0s
0r
1y
0c
0i
#8725512246
0t
0s
0r
1y
0c
0i
#8725512650
1t
0s
0r
1y
0c
0i
#8725513291
0t
0s
0r
1y
0c
0i
#8725513693
1t
0s
0r
1y
0c
0i
#8725514330
0t
0s
0r
1y
0c
0i
#8725514734
1t
0s
0r
1y
0c
0i
#8725515372
0t
0s
0r
1y
0c
0i
#8725515775
1t
0s
0r
1y
0c
0i
#8725516415
0t
0s
0r
1y
0c
0i
#8725516817
1t
0s
0r
1y
0c
0i
#8725517453
0t
0s
0r
1y
0c
0i
#8725517858
1t
0s
0r
1y
0c
0i
#8725518494
0t
0s
0r
1y
0c
0i
#8725518898
1t
0s
0r
1y
0c
0i
#8725519538
0t
0s
0r
1y
0c
0i
#8725519940
1t
0s
0r
1y
0c
0i
#8725520576
0t
0s
0r
1y
0c
0i
#8725520980
1t
0s
0r
1y
0c
0i
#8725521617
0t
0s
0r
1y
0c
0i
#8725522021
1t
0s
0r
1y
0c
0i
#8725522660
0t
0s
0r
1y
0c
0i
#8725523065
1t
0s
0r
1y
0c
0i
#8725523700
0t
0s
0r
1y
0c
0i
#8725524106
1t
0s
0r
1y
0c
0i
#8725524744
0t
0s
0r
1y
1c
0i
#8725525149
1t
0s
0r
1y
1c
0i
#8725525792
0t
0s
0r
1y
1c
0i
#8725526196
1t
0s
0r
1y
1c
1i
#8725526835
0t
0s
0r
1y
1c
1i
#8725527242
1t
0s
0r
1y
1c
1i
#8725527883
0t
0s
0r
1y
1c
1i
#8725528290
1t
0s
0r
1y
1c
1i
#8725528935
0t
0s
0r
1y
1c
0i
#8725529340
1t
0s
0r
1y
1c
0i
#8725529980
0t
0s
0r
1y
1c
0i
#8725530387
1t
0s
0r
1y
1c
0i
#8725531029
0t
0s
0r
1y
1c
0i
#8725531435
1t
0s
0r
1y
1c
0i
#8725532079
0t
0s
0r
1y
1c
0i
#8725532484
1t
0s
0r
1y
1c
0i
#8725533122
0t
0s
0r
1y
1c
0i
#8725533531
1t
0s
0r
1y
1c
0i
#8725534170
0t
0s
0r
1y
1c
0i
#8725534577
1t
0s
0r
1y
1c
0i
#8725535218
0t
0s
0r
1y
1c
0i
#8725535624
1t
0s
0r
1y
1c
0i
#8725536260
0t
0s
0r
1y
1c
0i
#8725536667
1t
0s
0r
1y
1c
0i
#8725537304
0t
0s
0r
1y
1c
0i
#8725537709
1t
0s
0r
1y
1c
0i
#8725538347
0t
0s
0r
1y
1c
0i
#8725538752
1t
0s
0r
1y
1c
0i
#8725539386
0t
0s
0r
1y
1c
0i
#8725539793
1t
0s
0r
1y
1c
0i
#8725540427
0t
0s
0r
1y
1c
0i
#8725540833
1t
0s
0r
1y
1c
0i
#8725541470
0t
0s
0r
1y
1c
0i
#8725541875
1t
0s
0r
1y
1c
0i
#8725543528
0t
0s
0r
1y
1c
0i
#8725544693
1t
0s
0r
1y
1c
0i
#8725545643
0t
0s
0r
1y
1c
0i
#8725546035
1t
0s
0r
1y
1c
0i
#8725546674
0t
0s
0r
1y
1c
0i
#8725547077
1t
0s
0r
1y
1c
0i
#8725547715
0t
0s
0r
1y
1c
0i
#8725548118
1t
0s
0r
1y
1c
0i
#8725548754
0t
0s
0r
1y
1c
0i
#8725549159
1t
0s
0r
1y
1c
0i
#8725549795
0t
0s
0r
1y
1c
0i
#8725550198
1t
0s
0r
1y
1c
0i
#8725550836
0t
0s
0r
1y
1c
0i
#8725551238
1t
0s
0r
1y
1c
0i
#8725551872
0t
0s
0r
1y
1c
0i
#8725552276
1t
0s
0r
1y
1c
0i
#8725552912
0t
0s
0r
1y
1c
0i
#8725553315
1t
0s
0r
1y
1c
0i
#8725553952
0t
0s
0r
1y
1c
0i
#8725554356
1t
0s
0r
1y
1c
0i
#8725554990
0t
0s
0r
1y
1c
0i
#8725555395
1t
0s
0r
1y
1c
0i
#8725556032
0t
0s
0r
1y
0c
0i
#8725556436
1t
0s
0r
1y
0c
0i
#8725557076
0t
0s
0r
1y
0c
0i
#8725557479
1t
0s
0r
1y
0c
1i
#8725558117
0t
0s
0r
1y
0c
1i
#8725558522
1t
0s
0r
1y
0c
1i
#8725559161
0t
0s
0r
1y
0c
1i
#8725559567
1t
0s
0r
1y
0c
1i
#8725560210
0t
0s
0r
1y
0c
0i
#8725560613
1t
0s
0r
1y
0c
0i
#8725561252
0t
0s
0r
1y
0c
0i
#8725561657
1t
0s
0r
1y
0c
0i
#8725562297
0t
0s
0r
1y
0c
0i
#8725562701
1t
0s
0r
1y
0c
0i
#8725563344
0t
0s
0r
1y
0c
0i
#8725563746
1t
0s
0r
1y
0c
0i
#8725564384
0t
0s
0r
1y
0c
0i
#8725564790
1t
0s
0r
1y
0c
0i
#8725565428
0t
0s
0r
1y
0c
0i
#8725565833
1t
0s
0r
1y
0c
0i
#8725566474
0t
0s
0r
1y
0c
0i
#8725566877
1t
0s
0r
1y
0c
0i
#8725567515
0t
0s
0r
1y
0c
0i
#8725567919
1t
0s
0r
1y
0c
0i
#8725568559
0t
0s
0r
1y
0c
0i
#8725568961
1t
0s
0r
1y
0c
0i
#8725569603
0t
0s
0r
1y
0c
0i
#8725570004
1t
0s
0r
1y
0c
0i
#8725570643
0t
0s
0r
1y
0c
0i
#8725571045
1t
0s
0r
1y
0c
0i
#8725571684
0t
0s
0r
1y
0c
0i
#8725572086
1t
0s
0r
1y
0c
0i
#8725572728
0t
0s
0r
1y
0c
0i
#8725573128
1t
0s
0r
1y
0c
0i
#8725573767
0t
0s
0r
1y
0c
0i
#8725574169
1t
0s
0r
1y
0c
0i
#8725574806
0t
0s
0r
1y
0c
0i
#8725575211
1t
0s
0r
1y
0c
0i
#8725575850
0t
0s
0r
1y
0c
0i
#8725576253
1t
0s
0r
1y
0c
0i
#8725576888
0t
0s
0r
1y
0c
0i
#8725577292
1t
0s
0r
1y
0c
0i
#8725577930
0t
0s
0r
1y
0c
0i
#8725578333
1t
0s
0r
1y
0c
0i
#8725578972
0t
0s
0r
1y
0c
0i
#8725579374
1t
0s
0r
1y
0c
0i
#8725580009
0t
0s
0r
1y
0c
0i
#8725580414
1t
0s
0r
1y
0c
0i
#8725581050
0t
0s
0r
1y
0c
0i
#8725581454
1t
0s
0r
1y
0c
0i
#8725582093
0t
0s
0r
1y
0c
0i
#8725582495
1t
0s
0r
1y
0c
0i
#8725583131
0t
0s
0r
1y
0c
0i
#8725583534
1t
0s
0r
1y
0c
0i
#8725584171
0t
0s
0r
1y
0c
0i
#8725584575
1t
0s
0r
1y
0c
0i
#8725585213
0t
0s
0r
1y
0c
0i
#8725585618
1t
0s
0r
1y
0c
0i
#8725586252
0t
0s
0r
1y
0c
0i
#8725586658
1t
0s
0r
1y
0c
0i
#8725587296
0t
0s
0r
1y
1c
0i
#8725587701
1t
0s
0r
1y
1c
0i
#8725588342
0t
0s
0r
1y
1c
0i
#8725588746
1t
0s
0r
1y
1c
1i
#8725589385
0t
0s
0r
1y
1c
1i
#8725589791
1t
0s
0r
1y
1c
1i
#8725590432
0t
0s
0r
1y
1c
1i
#8725590838
1t
0s
0r
1y
1c
1i
#8725591482
0t
0s
0r
1y
1c
0i
#8725591887
1t
0s
0r
1y
1c
0i
#8725592526
0t
0s
0r
1y
1c
0i
#8725592932
1t
0s
0r
1y
1c
0i
#8725593573
0t
0s
0r
1y
1c
0i
#8725593979
1t
0s
0r
1y
1c
0i
#8725594622
0t
0s
0r
1y
1c
0i
#8725595026
1t
0s
0r
1y
1c
0i
#8725595664
0t
0s
0r
1y
1c
0i
#8725596072
1t
0s
0r
1y
1c
0i
#8725596710
0t
0s
0r
1y
1c
0i
#8725597117
1t
0s
0r
1y
1c
0i
#8725597757
0t
0s
0r
1y
1c
0i
#8725598163
1t
0s
0r
1y
1c
0i
#8725598799
0t
0s
0r
1y
1c
0i
#8725599206
1t
0s
0r
1y
1c
0i
#8725599843
0t
0s
0r
1y
1c
0i
#8725600250
1t
0s
0r
1y
1c
0i
#8725600890
0t
0s
0r
1y
1c
0i
#8725601296
1t
0s
0r
1y
1c
0i
#8725601931
0t
0s
0r
1y
1c
0i
#8725602338
1t
0s
0r
1y
1c
0i
#8725602975
0t
0s
0r
1y
1c
0i
#8725603381
1t
0s
0r
1y
1c
0i
#8725604021
0t
0s
0r
1y
1c
0i
#8725604426
1t
0s
0r
1y
1c
0i
#8725606084
0t
0s
0r
1y
1c
0i
#8725607250
1t
0s
0r
1y
1c
0i
#8725608203
0t
0s
0r
1y
1c
0i
#8725608596
1t
0s
0r
1y
1c
0i
#8725609237
0t
0s
0r
1y
1c
0i
#8725609640
1t
0s
0r
1y
1c
0i
#8725610279
0t
0s
0r
1y
1c
0i
#8725610683
1t
0s
0r
1y
1c
0i
#8725611320
0t
0s
0r
1y
1c
0i
#8725611726
1t
0s
0r
1y
1c
0i
#8725612364
0t
0s
0r
1y
1c
0i
#8725612768
1t
0s
0r
1y
1c
0i
#8725613407
0t
0s
0r
1y
1c
0i
#8725613810
1t
0s
0r
1y
1c
0i
#8725614446
0t
0s
0r
1y
1c
0i
#8725614850
1t
0s
0r
1y
1c
0i
#8725615488
0t
0s
0r
1y
1c
0i
#8725615891
1t
0s
0r
1y
1c
0i
#8725616530
0t
0s
0r
1y
1c
0i
#8725616934
1t
0s
0r
1y
1c
0i
#8725617570
0t
0s
0r
1y
1c
0i
#8725617975
1t
0s
0r
1y
0c
0i
#8725618613
0t
0s
0r
1y
0c
0i
#8725619018
1t
0s
0r
1y
0c
0i
#8725619659
0t
0s
0r
1y
0c
0i
#8725620063
1t
0s
0r
1y
0c
1i
#8725620702
0t
0s
0r
1y
0c
1i
#8725621108
1t
0s
0r
1y
0c
1i
#8725621749
0t
0s
0r
1y
0c
1i
#8725622155
1t
0s
0r
1y
0c
1i
#8725622209
1t
0s
1r
1y
0c
1i
#8725622211
1t
0s
0r
1y
0c
1i
#8725622799
0t
0s
0r
1y
0c
0i
#8725623204
1t
0s
0r
1y
0c
0i
#8725623844
0t
0s
0r
1y
0c
0i
#8725624250
1t
0s
0r
1y
0c
0i
#8725624891
0t
0s
0r
1y
0c
0i
#8725625296
1t
0s
0r
1y
0c
0i
#8725625939
0t
0s
0r
1y
0c
0i
#8725626342
1t
0s
0r
1y
0c
0i
#8725626981
0t
0s
0r
1y
0c
0i
#8725627386
1t
0s
0r
1y
0c
0i
#8725628025
0t
0s
0r
1y
0c
0i
#8725628428
1t
0s
0r
1y
0c
0i
#8725629068
0t
0s
0r
1y
0c
0i
#8725629469
1t
0s
0r
1y
0c
0i
#8725630105
0t
0s
0r
1y
0c
0i
#8725630507
1t
0s
0r
1y
0c
0i
#8725631143
0t
0s
0r
1y
0c
0i
#8725631544
1t
0s
0r
1y
0c
0i
#8725632182
0t
0s
0r
1y
0c
0i
#8725632582
1t
0s
0r
1y
0c
0i
#8725633216
0t
0s
0r
1y
0c
0i
#8725633617
1t
0s
0r
1y
0c
0i
#8725634253
0t
0s
0r
1y
0c
0i
#8725634653
1t
0s
0r
1y
0c
0i
#8725635292
0t
0s
0r
1y
0c
0i
#8725635691
1t
0s
0r
1y
0c
0i
#8725636327
0t
0s
0r
1y
0c
0i
#8725636728
1t
0s
0r
1y
0c
0i
#8725637364
0t
0s
0r
1y
0c
0i
#8725637767
1t
0s
0r
1y
0c
0i
#8725638405
0t
0s
0r
1y
0c
0i
#8725638807
1t
0s
0r
1y
0c
0i
#8725639441
0t
0s
0r
1y
0c
0i
#8725639844
1t
0s
0r
1y
0c
0i
#8725640481
0t
0s
0r
1y
0c
0i
#8725640883
1t
0s
0r
1y
0c
0i
#8725641523
0t
0s
0r
1y
0c
0i
#8725641924
1t
0s
0r
1y
0c
0i
#8725642558
0t
0s
0r
1y
0c
0i
#8725642962
1t
0s
0r
1y
0c
0i
#8725643597
0t
0s
0r
1y
0c
0i
#8725644001
1t
0s
0r
1y
0c
0i
#8725644638
0t
0s
0r
1y
0c
0i
#8725645041
1t
0s
0r
1y
0c
0i
#8725645675
0t
0s
0r
1y
0c
0i
#8725646078
1t
0s
0r
1y
0c
0i
#8725646714
0t
0s
0r
1y
0c
0i
#8725647117
1t
0s
0r
1y
0c
0i
#8725647754
0t
0s
0r
1y
0c
0i
#8725648158
1t
0s
0r
1y
0c
0i
#8725648792
0t
0s
0r
1y
0c
0i
#8725649197
1t
0s
0r
1y
0c
0i
#8725649833
0t
0s
0r
1y
1c
0i
#8725650238
1t
0s
0r
1y
1c
0i
#8725650879
0t
0s
0r
1y
1c
0i
#8725651282
1t
0s
0r
1y
1c
1i
#8725651920
0t
0s
0r
1y
1c
1i
#8725652325
1t
0s
0r
1y
1c
1i
#8725652965
0t
0s
0r
1y
1c
1i
#8725653371
1t
0s
0r
1y
1c
1i
#8725654014
0t
0s
0r
1y
1c
0i
#8725654418
1t
0s
0r
1y
1c
0i
#8725655056
0t
0s
0r
1y
1c
0i
#8725655463
1t
0s
0r
1y
1c
0i
#8725656102
0t
0s
0r
1y
1c
0i
#8725656508
1t
0s
0r
1y
1c
0i
#8725657150
0t
0s
0r
1y
1c
0i
#8725657554
1t
0s
0r
1y
1c
0i
#8725658190
0t
0s
0r
1y
1c
0i
#8725658597
1t
0s
0r
1y
1c
0i
#8725659233
0t
0s
0r
1y
1c
0i
#8725659639
1t
0s
0r
1y
1c
0i
#8725660277
0t
0s
0r
1y
1c
0i
#8725660680
1t
0s
0r
1y
1c
0i
#8725661313
0t
0s
0r
1y
1c
0i
#8725661718
1t
0s
0r
1y
1c
0i
#8725662351
0t
0s
0r
1y
1c
0i
#8725662754
1t
0s
0r
1y
1c
0i
#8725663388
0t
0s
0r
1y
1c
0i
#8725663791
1t
0s
0r
1y
1c
0i
#8725664420
0t
0s
0r
1y
1c
0i
#8725664826
1t
0s
0r
1y
1c
0i
#8725665456
0t
0s
0r
1y
1c
0i
#8725665860
1t
0s
0r
1y
1c
0i
#8725666493
0t
0s
0r
1y
1c
0i
#8725666896
1t
0s
0r
1y
1c
0i
#8725668540
0t
0s
0r
1y
1c
0i
#8725669699
1t
0s
0r
1y
1c
0i
#8725670645
0t
0s
0r
1y
1c
0i
#8725671036
1t
0s
0r
1y
1c
0i
#8725671672
0t
0s
0r
1y
1c
0i
#8725672073
1t
0s
0r
1y
1c
0i
#8725672708
0t
0s
0r
1y
1c
0i
#8725673109
1t
0s
0r
1y
1c
0i
#8725673742
0t
0s
0r
1y
1c
0i
#8725674145
1t
0s
0r
1y
1c
0i
#8725674778
0t
0s
0r
1y
1c
0i
#8725675181
1t
0s
0r
1y
1c
0i
#8725675816
0t
0s
0r
1y
1c
0i
#8725676216
1t
0s
0r
1y
1c
0i
#8725676847
0t
0s
0r
1y
1c
0i
#8725677250
1t
0s
0r
1y
1c
0i
#8725677883
0t
0s
0r
1y
1c
0i
#8725678283
1t
0s
0r
1y
1c
0i
#8725678918
0t
0s
0r
1y
1c
0i
#8725679320
1t
0s
0r
1y
1c
0i
#8725679951
0t
0s
0r
1y
1c
0i
#8725680354
1t
0s
0r
1y
1c
0i
#8725680987
0t
0s
0r
1y
0c
0i
#8725681390
1t
0s
0r
1y
0c
0i
#8725682027
0t
0s
0r
1y
0c
0i
#8725682428
1t
0s
0r
1y
0c
1i
#8725683063
0t
0s
0r
1y
0c
1i
#8725683466
1t
0s
0r
1y
0c
1i
#8725684101
0t
0s
0r
1y
0c
1i
#8725684505
1t
0s
0r
1y
0c
1i
#8725685144
0t
0s
0r
1y
0c
0i
#8725685546
1t
0s
0r
1y
0c
0i
#8725686181
0t
0s
0r
1y
0c
0i
#8725686585
1t
0s
0r
1y
0c
0i
#8725687221
0t
0s
0r
1y
0c
0i
#8725687623
1t
0s
0r
1y
0c
0i
#8725688262
0t
0s
0r
1y
0c
0i
#8725688663
1t
0s
0r
1y
0c
0i
#8725689297
0t
0s
0r
1y
0c
0i
#8725689701
1t
0s
0r
1y
0c
0i
#8725690336
0t
0s
0r
1y
0c
0i
#8725690738
1t
0s
0r
1y
0c
0i
#8725691375
0t
0s
0r
1y
0c
0i
#8725691775
1t
0s
0r
1y
0c
0i
#8725692410
0t
0s
0r
1y
0c
0i
#8725692811
1t
0s
0r
1y
0c
0i
#8725693446
0t
0s
0r
1y
0c
0i
#8725693846
1t
0s
0r
1y
0c
0i
#8725694484
0t
0s
0r
1y
0c
0i
#8725694882
1t
0s
0r
1y
0c
0i
#8725695515
0t
0s
0r
1y
0c
0i
#8725695915
1t
0s
0r
1y
0c
0i
#8725696549
0t
0s
0r
1y
0c
0i
#8725696949
1t
0s
0r
1y
0c
0i
#8725697586
0t
0s
0r
1y
0c
0i
#8725697985
1t
0s
0r
1y
0c
0i
#8725698618
0t
0s
0r
1y
0c
0i
#8725699018
1t
0s
0r
1y
0c
0i
#8725699651
0t
0s
0r
1y
0c
0i
#8725700053
1t
0s
0r
1y
0c
0i
#8725700688
0t
0s
0r
1y
0c
0i
#8725701088
1t
0s
0r
1y
0c
0i
#8725701719
0t
0s
0r
1y
0c
0i
#8725702121
1t
0s
0r
1y
0c
0i
#8725702754
0t
0s
0r
1y
0c
0i
#8725703155
1t
0s
0r
1y
0c
0i
#8725703791
0t
0s
0r
1y
0c
0i
#8725704191
1t
0s
0r
1y
0c
0i
#8725704821
0t
0s
0r
1y
0c
0i
#8725705224
1t
0s
0r
1y
0c
0i
#8725705855
0t
0s
0r
1y
0c
0i
#8725706257
1t
0s
0r
1y
0c
0i
#8725706891
0t
0s
0r
1y
0c
0i
#8725707291
1t
0s
0r
1y
0c
0i
#8725707922
0t
0s
0r
1y
0c
0i
#8725708323
1t
0s
0r
1y
0c
0i
#8725708955
0t
0s
0r
1y
0c
0i
#8725709356
1t
0s
0r
1y
0c
0i
#8725709989
0t
0s
0r
1y
0c
0i
#8725710391
1t
0s
0r
1y
0c
0i
#8725711020
0t
0s
0r
1y
0c
0i
#8725711424
1t
0s
0r
1y
0c
0i
#8725712056
0t
0s
0r
1y
1c
0i
#8725712458
1t
0s
0r
1y
1c
0i
#8725713095
0t
0s
0r
1y
1c
0i
#8725713496
1t
0s
0r
1y
1c
1i
#8725714129
0t
0s
0r
1y
1c
1i
#8725714533
1t
0s
0r
1y
1c
1i
#8725715168
0t
0s
0r
1y
1c
1i
#8725715571
1t
0s
0r
1y
1c
1i
#8725716210
0t
0s
0r
1y
1c
0i
#8725716612
1t
0s
0r
1y
1c
0i
#8725717246
0t
0s
0r
1y
1c
0i
#8725717650
1t
0s
0r
1y
1c
0i
#8725718286
0t
0s
0r
1y
1c
0i
#8725718689
1t
0s
0r
1y
1c
0i
#8725719327
0t
0s
0r
1y
1c
0i
#8725719729
1t
0s
0r
1y
1c
0i
#8725720362
0t
0s
0r
1y
1c
0i
#8725720767
1t
0s
0r
1y
1c
0i
#8725721400
0t
0s
0r
1y
1c
0i
#8725721804
1t
0s
0r
1y
1c
0i
#8725722440
0t
0s
0r
1y
1c
0i
#8725722842
1t
0s
0r
1y
1c
0i
#8725723472
0t
0s
0r
1y
1c
0i
#8725723876
1t
0s
0r
1y
1c
0i
#8725724507
0t
0s
0r
1y
1c
0i
#8725724910
1t
0s
0r
1y
1c
0i
#8725725542
0t
0s
0r
1y
1c
0i
#8725725945
1t
0s
0r
1y
1c
0i
#8725726573
0t
0s
0r
1y
1c
0i
#8725726977
1t
0s
0r
1y
1c
0i
#8725727606
0t
0s
0r
1y
1c
0i
#8725728009
1t
0s
0r
1y
1c
0i
#8725728641
0t
0s
0r
1y
1c
0i
#8725729043
1t
0s
0r
1y
1c
0i
#8725730683
0t
0s
0r
1y
1c
0i
#8725731839
1t
0s
0r
1y
1c
0i
#8725732782
0t
0s
0r
1y
1c
0i
#8725733171
1t
0s
0r
1y
1c
0i
#8725733806
0t
0s
0r
1y
1c
0i
#8725734205
1t
0s
0r
1y
1c
0i
#8725734837
0t
0s
0r
1y
1c
0i
#8725735238
1t
0s
0r
1y
1c
0i
#8725735869
0t
0s
0r
1y
1c
0i
#8725736271
1t
0s
0r
1y
1c
0i
#8725736902
0t
0s
0r
1y
1c
0i
#8725737303
1t
0s
0r
1y
1c
0i
#8725737936
0t
0s
0r
1y
1c
0i
#8725738335
1t
0s
0r
1y
1c
0i
#8725738963
0t
0s
0r
1y
1c
0i
#8725739365
1t
0s
0r
1y
1c
0i
#8725739995
0t
0s
0r
1y
1c
0i
#8725740395
1t
0s
0r
1y
1c
0i
#8725741027
0t
0s
0r
1y
1c
0i
#8725741428
1t
0s
0r
1y
1c
0i
#8725742056
0t
0s
0r
1y
0c
0i
#8725742459
1t
0s
0r
1y
0c
0i
#8725743090
0t
0s
0r
1y
0c
0i
#8725743491
1t
0s
0r
1y
0c
0i
#8725744126
0t
0s
0r
1y
0c
0i
#8725744526
1t
0s
0r
1y
0c
1i
#8725745158
0t
0s
0r
1y
0c
1i
#8725745560
1t
0s
0r
1y
0c
1i
#8725746194
0t
0s
0r
1y
0c
1i
#8725746596
1t
0s
0r
1y
0c
1i
#8725746730
1t
0s
1r
1y
0c
1i
#8725746732
1t
0s
0r
1y
0c
1i
#8725747233
0t
0s
0r
1y
0c
0i
#8725747634
1t
0s
0r
1y
0c
0i
#8725748267
0t
0s
0r
1y
0c
0i
#8725748669
1t
0s
0r
1y
0c
0i
#8725749304
0t
0s
0r
1y
0c
0i
#8725749705
1t
0s
0r
1y
0c
0i
#8725750341
0t
0s
0r
1y
0c
0i
#8725750741
1t
0s
0r
1y
0c
0i
#8725751372
0t
0s
0r
1y
0c
0i
#8725751775
1t
0s
0r
1y
0c
0i
#8725752406
0t
0s
0r
1y
0c
0i
#8725752807
1t
0s
0r
1y
0c
0i
#8725753440
0t
0s
0r
1y
0c
0i
#8725753839
1t
0s
0r
1y
0c
0i
#8725754469
0t
0s
0r
1y
0c
0i
#8725754868
1t
0s
0r
1y
0c
0i
#8725755498
0t
0s
0r
1y
0c
0i
#8725755895
1t
0s
0r
1y
0c
0i
#8725756528
0t
0s
0r
1y
0c
0i
#8725756924
1t
0s
0r
1y
0c
0i
#8725757553
0t
0s
0r
1y
0c
0i
#8725757950
1t
0s
0r
1y
0c
0i
#8725758580
0t
0s
0r
1y
0c
0i
#8725758977
1t
0s
0r
1y
0c
0i
#8725759611
0t
0s
0r
1y
0c
0i
#8725760006
1t
0s
0r
1y
0c
0i
#8725760636
0t
0s
0r
1y
0c
0i
#8725761034
1t
0s
0r
1y
0c
0i
#8725761664
0t
0s
0r
1y
0c
0i
#8725762063
1t
0s
0r
1y
0c
0i
#8725762696
0t
0s
0r
1y
0c
0i
#8725763093
1t
0s
0r
1y
0c
0i
#8725763722
0t
0s
0r
1y
0c
0i
#8725764121
1t
0s
0r
1y
0c
0i
#8725764751
0t
0s
0r
1y
0c
0i
#8725765150
1t
0s
0r
1y
0c
0i
#8725765782
0t
0s
0r
1y
0c
0i
#8725766180
1t
0s
0r
1y
0c
0i
#8725766808
0t
0s
0r
1y
0c
0i
#8725767208
1t
0s
0r
1y
0c
0i
#8725767837
0t
0s
0r
1y
0c
0i
#8725768237
1t
0s
0r
1y
0c
0i
#8725768868
0t
0s
0r
1y
0c
0i
#8725769266
1t
0s
0r
1y
0c
0i
#8725769894
0t
0s
0r
1y
0c
0i
#8725770294
1t
0s
0r
1y
0c
0i
#8725770923
0t
0s
0r
1y
0c
0i
#8725771322
1t
0s
0r
1y
0c
0i
#8725771953
0t
0s
0r
1y
0c
0i
#8725772354
1t
0s
0r
1y
0c
0i
#8725772980
0t
0s
0r
1y
0c
0i
#8725773382
1t
0s
0r
1y
0c
0i
#8725774011
0t
0s
0r
1y
1c
0i
#8725774413
1t
0s
0r
1y
1c
0i
#8725775047
0t
0s
0r
1y
1c
0i
#8725775447
1t
0s
0r
1y
1c
1i
#8725776079
0t
0s
0r
1y
1c
1i
#8725776481
1t
0s
0r
1y
1c
1i
#8725777114
0t
0s
0r
1y
1c
1i
#8725777517
1t
0s
0r
1y
1c
1i
#8725778154
0t
0s
0r
1y
1c
0i
#8725778555
1t
0s
0r
1y
1c
0i
#8725779187
0t
0s
0r
1y
1c
0i
#8725779590
1t
0s
0r
1y
1c
0i
#8725780224
0t
0s
0r
1y
1c
0i
#8725780625
1t
0s
0r
1y
1c
0i
#8725781262
0t
0s
0r
1y
1c
0i
#8725781663
1t
0s
0r
1y
1c
0i
#8725782294
0t
0s
0r
1y
1c
0i
#8725782698
1t
0s
0r
1y
1c
0i
#8725783329
0t
0s
0r
1y
1c
0i
#8725783733
1t
0s
0r
1y
1c
0i
#8725784367
0t
0s
0r
1y
1c
0i
#8725784769
1t
0s
0r
1y
1c
0i
#8725785399
0t
0s
0r
1y
1c
0i
#8725785802
1t
0s
0r
1y
1c
0i
#8725786433
0t
0s
0r
1y
1c
0i
#8725786835
1t
0s
0r
1y
1c
0i
#8725787467
0t
0s
0r
1y
1c
0i
#8725787870
1t
0s
0r
1y
1c
0i
#8725788498
0t
0s
0r
1y
1c
0i
#8725788902
1t
0s
0r
1y
1c
0i
#8725789531
0t
0s
0r
1y
1c
0i
#8725789933
1t
0s
0r
1y
1c
0i
#8725790565
0t
0s
0r
1y
1c
0i
#8725790966
1t
0s
0r
1y
1c
0i
#8725792604
0t
0s
0r
1y
1c
0i
#8725793758
1t
0s
0r
1y
1c
0i
#8725794699
0t
0s
0r
1y
1c
0i
#8725795088
1t
0s
0r
1y
1c
0i
#8725795720
0t
0s
0r
1y
1c
0i
#8725796120
1t
0s
0r
1y
1c
0i
#8725796751
0t
0s
0r
1y
1c
0i
#8725797151
1t
0s
0r
1y
1c
0i
#8725797781
0t
0s
0r
1y
1c
0i
#8725798182
1t
0s
0r
1y
1c
0i
#8725798812
0t
0s
0r
1y
1c
0i
#8725799213
1t
0s
0r
1y
1c
0i
#8725799844
0t
0s
0r
1y
1c
0i
#8725800243
1t
0s
0r
1y
1c
0i
#8725800872
0t
0s
0r
1y
1c
0i
#8725801272
1t
0s
0r
1y
1c
0i
#8725801903
0t
0s
0r
1y
1c
0i
#8725802302
1t
0s
0r
1y
1c
0i
#8725802934
0t
0s
0r
1y
1c
0i
#8725803334
1t
0s
0r
1y
1c
0i
#8725803962
0t
0s
0r
1y
1c
0i
#8725804364
1t
0s
0r
1y
1c
0i
#8725804994
0t
0s
0r
1y
0c
0i
#8725805395
1t
0s
0r
1y
0c
0i
#8725806029
0t
0s
0r
1y
0c
0i
#8725806429
1t
0s
0r
1y
0c
1i
#8725807061
0t
0s
0r
1y
0c
1i
#8725807462
1t
0s
0r
1y
0c
1i
#8725808095
0t
0s
0r
1y
0c
1i
#8725808497
1t
0s
0r
1y
0c
1i
#8725809133
0t
0s
0r
1y
0c
0i
#8725809534
1t
0s
0r
1y
0c
0i
#8725810166
0t
0s
0r
1y
0c
0i
#8725810568
1t
0s
0r
1y
0c
0i
#8725811201
0t
0s
0r
1y
0c
0i
#8725811601
1t
0s
0r
1y
0c
0i
#8725812237
0t
0s
0r
1y
0c
0i
#8725812637
1t
0s
0r
1y
0c
0i
#8725813268
0t
0s
0r
1y
0c
0i
#8725813670
1t
0s
0r
1y
0c
0i
#8725814303
0t
0s
0r
1y
0c
0i
#8725814704
1t
0s
0r
1y
0c
0i
#8725815339
0t
0s
0r
1y
0c
0i
#8725815738
1t
0s
0r
1y
0c
0i
#8725816371
0t
0s
0r
1y
0c
0i
#8725816771
1t
0s
0r
1y
0c
0i
#8725817405
0t
0s
0r
1y
0c
0i
#8725817804
1t
0s
0r
1y
0c
0i
#8725818441
0t
0s
0r
1y
0c
0i
#8725818839
1t
0s
0r
1y
0c
0i
#8725819471
0t
0s
0r
1y
0c
0i
#8725819871
1t
0s
0r
1y
0c
0i
#8725820504
0t
0s
0r
1y
0c
0i
#8725820903
1t
0s
0r
1y
0c
0i
#8725821539
0t
0s
0r
1y
0c
0i
#8725821937
1t
0s
0r
1y
0c
0i
#8725822570
0t
0s
0r
1y
0c
0i
#8725822969
1t
0s
0r
1y
0c
0i
#8725823602
0t
0s
0r
1y
0c
0i
#8725824003
1t
0s
0r
1y
0c
0i
#8725824637
0t
0s
0r
1y
0c
0i
#8725825037
1t
0s
0r
1y
0c
0i
#8725825667
0t
0s
0r
1y
0c
0i
#8725826068
1t
0s
0r
1y
0c
0i
#8725826700
0t
0s
0r
1y
0c
0i
#8725827100
1t
0s
0r
1y
0c
0i
#8725827734
0t
0s
0r
1y
0c
0i
#8725828134
1t
0s
0r
1y
0c
0i
#8725828764
0t
0s
0r
1y
0c
0i
#8725829165
1t
0s
0r
1y
0c
0i
#8725829795
0t
0s
0r
1y
0c
0i
#8725830197
1t
0s
0r
1y
0c
0i
#8725830830
0t
0s
0r
1y
0c
0i
#8725831230
1t
0s
0r
1y
0c
0i
#8725831858
0t
0s
0r
1y
0c
0i
#8725832260
1t
0s
0r
1y
0c
0i
#8725832891
0t
0s
0r
1y
0c
0i
#8725833291
1t
0s
0r
1y
0c
0i
#8725833924
0t
0s
0r
1y
0c
0i
#8725834325
1t
0s
0r
1y
0c
0i
#8725834954
0t
0s
0r
1y
0c
0i
#8725835357
1t
0s
0r
1y
0c
0i
#8725835988
0t
0s
0r
1y
0c
0i
#8725836390
1t
0s
0r
1y
1c
0i
#8725837025
0t
0s
0r
1y
1c
0i
#8725837426
1t
0s
0r
1y
1c
1i
#8725838059
0t
0s
0r
1y
1c
1i
#8725838462
1t
0s
0r
1y
1c
1i
#8725839096
0t
0s
0r
1y
1c
1i
#8725839500
1t
0s
0r
1y
1c
1i
#8725840137
0t
0s
0r
1y
1c
0i
#8725840539
1t
0s
0r
1y
1c
0i
#8725841172
0t
0s
0r
1y
1c
0i
#8725841576
1t
0s
0r
1y
1c
0i
#8725842210
0t
0s
0r
1y
1c
0i
#8725842613
1t
0s
0r
1y
1c
0i
#8725843250
0t
0s
0r
1y
1c
0i
#8725843652
1t
0s
0r
1y
1c
0i
#8725844284
0t
0s
0r
1y
1c
0i
#8725844689
1t
0s
0r
1y
1c
0i
#8725845321
0t
0s
0r
1y
1c
0i
#8725845725
1t
0s
0r
1y
1c
0i
#8725846361
0t
0s
0r
1y
1c
0i
#8725846764
1t
0s
0r
1y
1c
0i
#8725847396
0t
0s
0r
1y
1c
0i
#8725847800
1t
0s
0r
1y
1c
0i
#8725848433
0t
0s
0r
1y
1c
0i
#8725848837
1t
0s
0r
1y
1c
0i
#8725849472
0t
0s
0r
1y
1c
0i
#8725849877
1t
0s
0r
1y
1c
0i
#8725850508
0t
0s
0r
1y
1c
0i
#8725850914
1t
0s
0r
1y
1c
0i
#8725851546
0t
0s
0r
1y
1c
0i
#8725851951
1t
0s
0r
1y
1c
0i
#8725852586
0t
0s
0r
1y
1c
0i
#8725852990
1t
0s
0r
1y
1c
0i
#8725854637
0t
0s
0r
1y
1c
0i
#8725855798
1t
0s
0r
1y
1c
0i
#8725856745
0t
0s
0r
1y
1c
0i
#8725857136
1t
0s
0r
1y
1c
0i
#8725857773
0t
0s
0r
1y
1c
0i
#8725858175
1t
0s
0r
1y
1c
0i
#8725858809
0t
0s
0r
1y
1c
0i
#8725859211
1t
0s
0r
1y
1c
0i
#8725859845
0t
0s
0r
1y
1c
0i
#8725860248
1t
0s
0r
1y
1c
0i
#8725860882
0t
0s
0r
1y
1c
0i
#8725861284
1t
0s
0r
1y
1c
0i
#8725861921
0t
0s
0r
1y
1c
0i
#8725862321
1t
0s
0r
1y
1c
0i
#8725862953
0t
0s
0r
1y
1c
0i
#8725863355
1t
0s
0r
1y
1c
0i
#8725863989
0t
0s
0r
1y
1c
0i
#8725864391
1t
0s
0r
1y
1c
0i
#8725865026
0t
0s
0r
1y
1c
0i
#8725865428
1t
0s
0r
1y
1c
0i
#8725866060
0t
0s
0r
1y
1c
0i
#8725866464
1t
0s
0r
1y
1c
0i
#8725867098
0t
0s
0r
1y
1c
0i
#8725867501
1t
0s
0r
1y
0c
0i
#8725868138
0t
0s
0r
1y
0c
0i
#8725868540
1t
0s
0r
1y
0c
1i
#8725869176
0t
0s
0r
1y
0c
1i
#8725869579
1t
0s
0r
1y
0c
1i
#8725870216
0t
0s
0r
1y
0c
1i
#8725870614
0t
0s
1r
1y
0c
1i
#8725870616
0t
0s
0r
1y
0c
1i
#8725870620
1t
0s
0r
1y
0c
1i
#8725871259
0t
0s
0r
1y
0c
0i
#8725871662
1t
0s
0r
1y
0c
0i
#8725872298
0t
0s
0r
1y
0c
0i
#8725872701
1t
0s
0r
1y
0c
0i
#8725873338
0t
0s
0r
1y
0c
0i
#8725873741
1t
0s
0r
1y
0c
0i
#8725874381
0t
0s
0r
1y
0c
0i
#8725874782
1t
0s
0r
1y
0c
0i
#8725875418
0t
0s
0r
1y
0c
0i
#8725875823
1t
0s
0r
1y
0c
0i
#8725876460
0t
0s
0r
1y
0c
0i
#8725876863
1t
0s
0r
1y
0c
0i
#8725877504
0t
0s
0r
1y
0c
0i
#8725877906
1t
0s
0r
1y
0c
0i
#8725878545
0t
0s
0r
1y
0c
0i
#8725878948
1t
0s
0r
1y
0c
0i
#8725879589
0t
0s
0r
1y
0c
0i
#8725879993
1t
0s
0r
1y
0c
0i
#8725880638
0t
0s
0r
1y
0c
0i
#8725881040
1t
0s
0r
1y
0c
0i
#8725881681
0t
0s
0r
1y
0c
0i
#8725882086
1t
0s
0r
1y
0c
0i
#8725882730
0t
0s
0r
1y
0c
0i
#8725883134
1t
0s
0r
1y
0c
0i
#8725883781
0t
0s
0r
1y
0c
0i
#8725884184
1t
0s
0r
1y
0c
0i
#8725884828
0t
0s
0r
1y
0c
0i
#8725885233
1t
0s
0r
1y
0c
0i
#8725885877
0t
0s
0r
1y
0c
0i
#8725886284
1t
0s
0r
1y
0c
0i
#8725886931
0t
0s
0r
1y
0c
0i
#8725887336
1t
0s
0r
1y
0c
0i
#8725887978
0t
0s
0r
1y
0c
0i
#8725888385
1t
0s
0r
1y
0c
0i
#8725889028
0t
0s
0r
1y
0c
0i
#8725889434
1t
0s
0r
1y
0c
0i
#8725890080
0t
0s
0r
1y
0c
0i
#8725890485
1t
0s
0r
1y
0c
0i
#8725891126
0t
0s
0r
1y
0c
0i
#8725891534
1t
0s
0r
1y
0c
0i
#8725892176
0t
0s
0r
1y
0c
0i
#8725892582
1t
0s
0r
1y
0c
0i
#8725893227
0t
0s
0r
1y
0c
0i
#8725893632
1t
0s
0r
1y
0c
0i
#8725894273
0t
0s
0r
1y
0c
0i
#8725894679
1t
0s
0r
1y
0c
0i
#8725895321
0t
0s
0r
1y
0c
0i
#8725895728
1t
0s
0r
1y
0c
0i
#8725896372
0t
0s
0r
1y
0c
0i
#8725896780
1t
0s
0r
1y
0c
0i
#8725897419
0t
0s
0r
1y
0c
0i
#8725897829
1t
0s
0r
1y
0c
0i
#8725898471
0t
0s
0r
1y
1c
0i
#8725898880
1t
0s
0r
1y
1c
0i
#8725899527
0t
0s
0r
1y
1c
0i
#8725899934
1t
0s
0r
1y
1c
1i
#8725900579
0t
0s
0r
1y
1c
1i
#8725900988
1t
0s
0r
1y
1c
1i
#8725901635
0t
0s
0r
1y
1c
1i
#8725902044
1t
0s
0r
1y
1c
1i
#8725902693
0t
0s
0r
1y
1c
0i
#8725903101
1t
0s
0r
1y
1c
0i
#8725903746
0t
0s
0r
1y
1c
0i
#8725904155
1t
0s
0r
1y
1c
0i
#8725904802
0t
0s
0r
1y
1c
0i
#8725905211
1t
0s
0r
1y
1c
0i
#8725905859
0t
0s
0r
1y
1c
0i
#8725906267
1t
0s
0r
1y
1c
0i
#8725906910
0t
0s
0r
1y
1c
0i
#8725907320
1t
0s
0r
1y
1c
0i
#8725907963
0t
0s
0r
1y
1c
0i
#8725908373
1t
0s
0r
1y
1c
0i
#8725909018
0t
0s
0r
1y
1c
0i
#8725909426
1t
0s
0r
1y
1c
0i
#8725910067
0t
0s
0r
1y
1c
0i
#8725910475
1t
0s
0r
1y
1c
0i
#8725911115
0t
0s
0r
1y
1c
0i
#8725911523
1t
0s
0r
1y
1c
0i
#8725912165
0t
0s
0r
1y
1c
0i
#8725912573
1t
0s
0r
1y
1c
0i
#8725913210
0t
0s
0r
1y
1c
0i
#8725913619
1t
0s
0r
1y
1c
0i
#8725914258
0t
0s
0r
1y
1c
0i
#8725914665
1t
0s
0r
1y
1c
0i
#8725915307
0t
0s
0r
1y
1c
0i
#8725915713
1t
0s
0r
1y
1c
0i
#8725917377
0t
0s
0r
1y
1c
0i
#8725918548
1t
0s
0r
1y
1c
0i
#8725919504
0t
0s
0r
1y
1c
0i
#8725919899
1t
0s
0r
1y
1c
0i
#8725920543
0t
0s
0r
1y
1c
0i
#8725920948
1t
0s
0r
1y
1c
0i
#8725921589
0t
0s
0r
1y
1c
0i
#8725921995
1t
0s
0r
1y
1c
0i
#8725922636
0t
0s
0r
1y
1c
0i
#8725923043
1t
0s
0r
1y
1c
0i
#8725923684
0t
0s
0r
1y
1c
0i
#8725924090
1t
0s
0r
1y
1c
0i
#8725924733
0t
0s
0r
1y
1c
0i
#8725925137
1t
0s
0r
1y
1c
0i
#8725925776
0t
0s
0r
1y
1c
0i
#8725926183
1t
0s
0r
1y
1c
0i
#8725926823
0t
0s
0r
1y
1c
0i
#8725927228
1t
0s
0r
1y
1c
0i
#8725927870
0t
0s
0r
1y
1c
0i
#8725928276
1t
0s
0r
1y
1c
0i
#8725928915
0t
0s
0r
1y
1c
0i
#8725929322
1t
0s
0r
1y
1c
0i
#8725929963
0t
0s
0r
1y
1c
0i
#8725930369
1t
0s
0r
1y
0c
0i
#8725931013
0t
0s
0r
1y
0c
0i
#8725931419
1t
0s
0r
1y
0c
1i
#8725932061
0t
0s
0r
1y
0c
1i
#8725932467
1t
0s
0r
1y
0c
1i
#8725933111
0t
0s
0r
1y
0c
1i
#8725933518
1t
0s
0r
1y
0c
1i
#8725934165
0t
0s
0r
1y
0c
0i
#8725934571
1t
0s
0r
1y
0c
0i
#8725935214
0t
0s
0r
1y
0c
0i
#8725935621
1t
0s
0r
1y
0c
0i
#8725936266
0t
0s
0r
1y
0c
0i
#8725936672
1t
0s
0r
1y
0c
0i
#8725937320
0t
0s
0r
1y
0c
0i
#8725937724
1t
0s
0r
1y
0c
0i
#8725938366
0t
0s
0r
1y
0c
0i
#8725938774
1t
0s
0r
1y
0c
0i
#8725939417
0t
0s
0r
1y
0c
0i
#8725939823
1t
0s
0r
1y
0c
0i
#8725940469
0t
0s
0r
1y
0c
0i
#8725940873
1t
0s
0r
1y
0c
0i
#8725941514
0t
0s
0r
1y
0c
0i
#8725941920
1t
0s
0r
1y
0c
0i
#8725942562
0t
0s
0r
1y
0c
0i
#8725942966
1t
0s
0r
1y
0c
0i
#8725943610
0t
0s
0r
1y
0c
0i
#8725944012
1t
0s
0r
1y
0c
0i
#8725944652
0t
0s
0r
1y
0c
0i
#8725945055
1t
0s
0r
1y
0c
0i
#8725945696
0t
0s
0r
1y
0c
0i
#8725946099
1t
0s
0r
1y
0c
0i
#8725946743
0t
0s
0r
1y
0c
0i
#8725947145
1t
0s
0r
1y
0c
0i
#8725947785
0t
0s
0r
1y
0c
0i
#8725948188
1t
0s
0r
1y
0c
0i
#8725948828
0t
0s
0r
1y
0c
0i
#8725949233
1t
0s
0r
1y
0c
0i
#8725949875
0t
0s
0r
1y
0c
0i
#8725950279
1t
0s
0r
1y
0c
0i
#8725950917
0t
0s
0r
1y
0c
0i
#8725951322
1t
0s
0r
1y
0c
0i
#8725951962
0t
0s
0r
1y
0c
0i
#8725952366
1t
0s
0r
1y
0c
0i
#8725953009
0t
0s
0r
1y
0c
0i
#8725953412
1t
0s
0r
1y
0c
0i
#8725954049
0t
0s
0r
1y
0c
0i
#8725954455
1t
0s
0r
1y
0c
0i
#8725955093
0t
0s
0r
1y
0c
0i
#8725955498
1t
0s
0r
1y
0c
0i
#8725956139
0t
0s
0r
1y
0c
0i
#8725956543
1t
0s
0r
1y
0c
0i
#8725957180
0t
0s
0r
1y
0c
0i
#8725957584
1t
0s
0r
1y
0c
0i
#8725958222
0t
0s
0r
1y
0c
0i
#8725958627
1t
0s
0r
1y
0c
0i
#8725959268
0t
0s
0r
1y
0c
0i
#8725959673
1t
0s
0r
1y
0c
0i
#8725960309
0t
0s
0r
1y
0c
0i
#8725960716
1t
0s
0r
1y
0c
0i
#8725961355
0t
0s
0r
1y
0c
0i
#8725961761
1t
0s
0r
1y
1c
0i
#8725962404
0t
0s
0r
1y
1c
0i
#8725962809
1t
0s
0r
1y
1c
1i
#8725963450
0t
0s
0r
1y
1c
1i
#8725963857
1t
0s
0r
1y
1c
1i
#8725964499
0t
0s
0r
1y
1c
1i
#8725964907
1t
0s
0r
1y
1c
1i
#8725965553
0t
0s
0r
1y
1c
0i
#8725965959
1t
0s
0r
1y
1c
0i
#8725966600
0t
0s
0r
1y
1c
0i
#8725967008
1t
0s
0r
1y
1c
0i
#8725967651
0t
0s
0r
1y
1c
0i
#8725968057
1t
0s
0r
1y
1c
0i
#8725968702
0t
0s
0r
1y
1c
0i
#8725969109
1t
0s
0r
1y
1c
0i
#8725969748
0t
0s
0r
1y
1c
0i
#8725970157
1t
0s
0r
1y
1c
0i
#8725970798
0t
0s
0r
1y
1c
0i
#8725971206
1t
0s
0r
1y
1c
0i
#8725971848
0t
0s
0r
1y
1c
0i
#8725972255
1t
0s
0r
1y
1c
0i
#8725972893
0t
0s
0r
1y
1c
0i
#8725973301
1t
0s
0r
1y
1c
0i
#8725973939
0t
0s
0r
1y
1c
0i
#8725974346
1t
0s
0r
1y
1c
0i
#8725974986
0t
0s
0r
1y
1c
0i
#8725975393
1t
0s
0r
1y
1c
0i
#8725976029
0t
0s
0r
1y
1c
0i
#8725976437
1t
0s
0r
1y
1c
0i
#8725977073
0t
0s
0r
1y
1c
0i
#8725977480
1t
0s
0r
1y
1c
0i
#8725978120
0t
0s
0r
1y
1c
0i
#8725978526
1t
0s
0r
1y
1c
0i
#8725980185
0t
0s
0r
1y
1c
0i
#8725981352
1t
0s
0r
1y
1c
0i
#8725982306
0t
0s
0r
1y
1c
0i
#8725982698
1t
0s
0r
1y
1c
0i
#8725983340
0t
0s
0r
1y
1c
0i
#8725983743
1t
0s
0r
1y
1c
0i
#8725984382
0t
0s
0r
1y
1c
0i
#8725984787
1t
0s
0r
1y
1c
0i
#8725985425
0t
0s
0r
1y
1c
0i
#8725985831
1t
0s
0r
1y
1c
0i
#8725986469
0t
0s
0r
1y
1c
0i
#8725986873
1t
0s
0r
1y
1c
0i
#8725987514
0t
0s
0r
1y
1c
0i
#8725987916
1t
0s
0r
1y
1c
0i
#8725988553
0t
0s
0r
1y
1c
0i
#8725988958
1t
0s
0r
1y
1c
0i
#8725989596
0t
0s
0r
1y
1c
0i
#8725989999
1t
0s
0r
1y
1c
0i
#8725990639
0t
0s
0r
1y
1c
0i
#8725991044
1t
0s
0r
1y
1c
0i
#8725991680
0t
0s
0r
1y
1c
0i
#8725992086
1t
0s
0r
1y
1c
0i
#8725992725
0t
0s
0r
1y
0c
0i
#8725993129
1t
0s
0r
1y
0c
0i
#8725993772
0t
0s
0r
1y
0c
0i
#8725994176
1t
0s
0r
1y
0c
1i
#8725994816
0t
0s
0r
1y
0c
1i
#8725995222
1t
0s
0r
1y
0c
1i
#8725995864
0t
0s
0r
1y
0c
1i
#8725996271
1t
0s
0r
1y
0c
1i
#8725996355
1t
0s
1r
1y
0c
1i
#8725996358
1t
0s
0r
1y
0c
1i
#8725996916
0t
0s
0r
1y
0c
0i
#8725997321
1t
0s
0r
1y
0c
0i
#8725997962
0t
0s
0r
1y
0c
0i
#8725998369
1t
0s
0r
1y
0c
0i
#8725999012
0t
0s
0r
1y
0c
0i
#8725999417
1t
0s
0r
1y
0c
0i
#8726000063
0t
0s
0r
1y
0c
0i
#8726000466
1t
0s
0r
1y
0c
0i
#8726001107
0t
0s
0r
1y
0c
0i
#8726001514
1t
0s
0r
1y
0c
0i
#8726002156
0t
0s
0r
1y
0c
0i
#8726002562
1t
0s
0r
1y
0c
0i
#8726003207
0t
0s
0r
1y
0c
0i
#8726003610
1t
0s
0r
1y
0c
0i
#8726004252
0t
0s
0r
1y
0c
0i
#8726004657
1t
0s
0r
1y
0c
0i
#8726005300
0t
0s
0r
1y
0c
0i
#8726005704
1t
0s
0r
1y
0c
0i
#8726006350
0t
0s
0r
1y
0c
0i
#8726006751
1t
0s
0r
1y
0c
0i
#8726007393
0t
0s
0r
1y
0c
0i
#8726007796
1t
0s
0r
1y
0c
0i
#8726008438
0t
0s
0r
1y
0c
0i
#8726008842
1t
0s
0r
1y
0c
0i
#8726009487
0t
0s
0r
1y
0c
0i
#8726009889
1t
0s
0r
1y
0c
0i
#8726010530
0t
0s
0r
1y
0c
0i
#8726010934
1t
0s
0r
1y
0c
0i
#8726011575
0t
0s
0r
1y
0c
0i
#8726011980
1t
0s
0r
1y
0c
0i
#8726012623
0t
0s
0r
1y
0c
0i
#8726013027
1t
0s
0r
1y
0c
0i
#8726013666
0t
0s
0r
1y
0c
0i
#8726014071
1t
0s
0r
1y
0c
0i
#8726014712
0t
0s
0r
1y
0c
0i
#8726015117
1t
0s
0r
1y
0c
0i
#8726015760
0t
0s
0r
1y
0c
0i
#8726016163
1t
0s
0r
1y
0c
0i
#8726016802
0t
0s
0r
1y
0c
0i
#8726017208
1t
0s
0r
1y
0c
0i
#8726017848
0t
0s
0r
1y
0c
0i
#8726018254
1t
0s
0r
1y
0c
0i
#8726018896
0t
0s
0r
1y
0c
0i
#8726019300
1t
0s
0r
1y
0c
0i
#8726019938
0t
0s
0r
1y
0c
0i
#8726020344
1t
0s
0r
1y
0c
0i
#8726020984
0t
0s
0r
1y
0c
0i
#8726021390
1t
0s
0r
1y
0c
0i
#8726022032
0t
0s
0r
1y
0c
0i
#8726022438
1t
0s
0r
1y
0c
0i
#8726023076
0t
0s
0r
1y
0c
0i
#8726023484
1t
0s
0r
1y
0c
0i
#8726024126
0t
0s
0r
1y
1c
0i
#8726024533
1t
0s
0r
1y
1c
0i
#8726025178
0t
0s
0r
1y
1c
0i
#8726025584
1t
0s
0r
1y
1c
1i
#8726026227
0t
0s
0r
1y
1c
1i
#8726026635
1t
0s
0r
1y
1c
1i
#8726027280
0t
0s
0r
1y
1c
1i
#8726027688
1t
0s
0r
1y
1c
1i
#8726028336
0t
0s
0r
1y
1c
0i
#8726028743
1t
0s
0r
1y
1c
0i
#8726029386
0t
0s
0r
1y
1c
0i
#8726029795
1t
0s
0r
1y
1c
0i
#8726030439
0t
0s
0r
1y
1c
0i
#8726030847
1t
0s
0r
1y
1c
0i
#8726031494
0t
0s
0r
1y
1c
0i
#8726031900
1t
0s
0r
1y
1c
0i
#8726032542
0t
0s
0r
1y
1c
0i
#8726032951
1t
0s
0r
1y
1c
0i
#8726033593
0t
0s
0r
1y
1c
0i
#8726034001
1t
0s
0r
1y
1c
0i
#8726034646
0t
0s
0r
1y
1c
0i
#8726035053
1t
0s
0r
1y
1c
0i
#8726035692
0t
0s
0r
1y
1c
0i
#8726036100
1t
0s
0r
1y
1c
0i
#8726036740
0t
0s
0r
1y
1c
0i
#8726037148
1t
0s
0r
1y
1c
0i
#8726037789
0t
0s
0r
1y
1c
0i
#8726038197
1t
0s
0r
1y
1c
0i
#8726038834
0t
0s
0r
1y
1c
0i
#8726039243
1t
0s
0r
1y
1c
0i
#8726039881
0t
0s
0r
1y
1c
0i
#8726040289
1t
0s
0r
1y
1c
0i
#8726040929
0t
0s
0r
1y
1c
0i
#8726041336
1t
0s
0r
1y
1c
0i
#8726042998
0t
0s
0r
1y
1c
0i
#8726044168
1t
0s
0r
1y
1c
0i
#8726045124
0t
0s
0r
1y
1c
0i
#8726045518
1t
0s
0r
1y
1c
0i
#8726046161
0t
0s
0r
1y
1c
0i
#8726046566
1t
0s
0r
1y
1c
0i
#8726047207
0t
0s
0r
1y
1c
0i
#8726047612
1t
0s
0r
1y
1c
0i
#8726048252
0t
0s
0r
1y
1c
0i
#8726048659
1t
0s
0r
1y
1c
0i
#8726049299
0t
0s
0r
1y
1c
0i
#8726049705
1t
0s
0r
1y
1c
0i
#8726050347
0t
0s
0r
1y
1c
0i
#8726050751
1t
0s
0r
1y
1c
0i
#8726051389
0t
0s
0r
1y
1c
0i
#8726051795
1t
0s
0r
1y
1c
0i
#8726052435
0t
0s
0r
1y
1c
0i
#8726052839
1t
0s
0r
1y
1c
0i
#8726053482
0t
0s
0r
1y
1c
0i
#8726053887
1t
0s
0r
1y
1c
0i
#8726054525
0t
0s
0r
1y
1c
0i
#8726054932
1t
0s
0r
1y
1c
0i
#8726055573
0t
0s
0r
1y
0c
0i
#8726055978
1t
0s
0r
1y
0c
0i
#8726056623
0t
0s
0r
1y
0c
0i
#8726057028
1t
0s
0r
1y
0c
1i
#8726057670
0t
0s
0r
1y
0c
1i
#8726058076
1t
0s
0r
1y
0c
1i
#8726058720
0t
0s
0r
1y
0c
1i
#8726059127
1t
0s
0r
1y
0c
1i
#8726059773
0t
0s
0r
1y
0c
0i
#8726060179
1t
0s
0r
1y
0c
0i
#8726060822
0t
0s
0r
1y
0c
0i
#8726061229
1t
0s
0r
1y
0c
0i
#8726061872
0t
0s
0r
1y
0c
0i
#8726062278
1t
0s
0r
1y
0c
0i
#8726062925
0t
0s
0r
1y
0c
0i
#8726063329
1t
0s
0r
1y
0c
0i
#8726063971
0t
0s
0r
1y
0c
0i
#8726064379
1t
0s
0r
1y
0c
0i
#8726065021
0t
0s
0r
1y
0c
0i
#8726065428
1t
0s
0r
1y
0c
0i
#8726066074
0t
0s
0r
1y
0c
0i
#8726066478
1t
0s
0r
1y
0c
0i
#8726067121
0t
0s
0r
1y
0c
0i
#8726067526
1t
0s
0r
1y
0c
0i
#8726068171
0t
0s
0r
1y
0c
0i
#8726068576
1t
0s
0r
1y
0c
0i
#8726069223
0t
0s
0r
1y
0c
0i
#8726069626
1t
0s
0r
1y
0c
0i
#8726070269
0t
0s
0r
1y
0c
0i
#8726070675
1t
0s
0r
1y
0c
0i
#8726071319
0t
0s
0r
1y
0c
0i
#8726071724
1t
0s
0r
1y
0c
0i
#8726072372
0t
0s
0r
1y
0c
0i
#8726072775
1t
0s
0r
1y
0c
0i
#8726073418
0t
0s
0r
1y
0c
0i
#8726073825
1t
0s
0r
1y
0c
0i
#8726074468
0t
0s
0r
1y
0c
0i
#8726074875
1t
0s
0r
1y
0c
0i
#8726075521
0t
0s
0r
1y
0c
0i
#8726075926
1t
0s
0r
1y
0c
0i
#8726076568
0t
0s
0r
1y
0c
0i
#8726076975
1t
0s
0r
1y
0c
0i
#8726077618
0t
0s
0r
1y
0c
0i
#8726078024
1t
0s
0r
1y
0c
0i
#8726078670
0t
0s
0r
1y
0c
0i
#8726079074
1t
0s
0r
1y
0c
0i
#8726079716
0t
0s
0r
1y
0c
0i
#8726080123
1t
0s
0r
1y
0c
0i
#8726080765
0t
0s
0r
1y
0c
0i
#8726081171
1t
0s
0r
1y
0c
0i
#8726081816
0t
0s
0r
1y
0c
0i
#8726082221
1t
0s
0r
1y
0c
0i
#8726082862
0t
0s
0r
1y
0c
0i
#8726083269
1t
0s
0r
1y
0c
0i
#8726083910
0t
0s
0r
1y
0c
0i
#8726084317
1t
0s
0r
1y
0c
0i
#8726084961
0t
0s
0r
1y
0c
0i
#8726085369
1t
0s
0r
1y
0c
0i
#8726086008
0t
0s
0r
1y
0c
0i
#8726086417
1t
0s
0r
1y
0c
0i
#8726087059
0t
0s
0r
1y
1c
0i
#8726087468
1t
0s
0r
1y
1c
0i
#8726088115
0t
0s
0r
1y
1c
0i
#8726088521
1t
0s
0r
1y
1c
1i
#8726089166
0t
0s
0r
1y
1c
1i
#8726089574
1t
0s
0r
1y
1c
1i
#8726090221
0t
0s
0r
1y
1c
1i
#8726090629
1t
0s
0r
1y
1c
1i
#8726091279
0t
0s
0r
1y
1c
0i
#8726091686
1t
0s
0r
1y
1c
0i
#8726092331
0t
0s
0r
1y
1c
0i
#8726092740
1t
0s
0r
1y
1c
0i
#8726093386
0t
0s
0r
1y
1c
0i
#8726093794
1t
0s
0r
1y
1c
0i
#8726094442
0t
0s
0r
1y
1c
0i
#8726094850
1t
0s
0r
1y
1c
0i
#8726095493
0t
0s
0r
1y
1c
0i
#8726095903
1t
0s
0r
1y
1c
0i
#8726096546
0t
0s
0r
1y
1c
0i
#8726096957
1t
0s
0r
1y
1c
0i
#8726097603
0t
0s
0r
1y
1c
0i
#8726098011
1t
0s
0r
1y
1c
0i
#8726098654
0t
0s
0r
1y
1c
0i
#8726099064
1t
0s
0r
1y
1c
0i
#8726099707
0t
0s
0r
1y
1c
0i
#8726100116
1t
0s
0r
1y
1c
0i
#8726100762
0t
0s
0r
1y
1c
0i
#8726101171
1t
0s
0r
1y
1c
0i
#8726101812
0t
0s
0r
1y
1c
0i
#8726102223
1t
0s
0r
1y
1c
0i
#8726102866
0t
0s
0r
1y
1c
0i
#8726103275
1t
0s
0r
1y
1c
0i
#8726103920
0t
0s
0r
1y
1c
0i
#8726104329
1t
0s
0r
1y
1c
0i
#8726106001
0t
0s
0r
1y
1c
0i
#8726107177
1t
0s
0r
1y
1c
0i
#8726108138
0t
0s
0r
1y
1c
0i
#8726108534
1t
0s
0r
1y
1c
0i
#8726109180
0t
0s
0r
1y
1c
0i
#8726109587
1t
0s
0r
1y
1c
0i
#8726110232
0t
0s
0r
1y
1c
0i
#8726110638
1t
0s
0r
1y
1c
0i
#8726111282
0t
0s
0r
1y
1c
0i
#8726111691
1t
0s
0r
1y
1c
0i
#8726112334
0t
0s
0r
1y
1c
0i
#8726112741
1t
0s
0r
1y
1c
0i
#8726113387
0t
0s
0r
1y
1c
0i
#8726113792
1t
0s
0r
1y
1c
0i
#8726114434
0t
0s
0r
1y
1c
0i
#8726114841
1t
0s
0r
1y
1c
0i
#8726115485
0t
0s
0r
1y
1c
0i
#8726115891
1t
0s
0r
1y
1c
0i
#8726116536
0t
0s
0r
1y
1c
0i
#8726116944
1t
0s
0r
1y
1c
0i
#8726117585
0t
0s
0r
1y
1c
0i
#8726117994
1t
0s
0r
1y
1c
0i
#8726118637
0t
0s
0r
1y
0c
0i
#8726119045
1t
0s
0r
1y
0c
0i
#8726119693
0t
0s
0r
1y
0c
0i
#8726120100
1t
0s
0r
1y
0c
1i
#8726120745
0t
0s
0r
1y
0c
1i
#8726121153
1t
0s
0r
1y
0c
1i
#8726121800
0t
0s
0r
1y
0c
1i
#8726122217
0t
0s
1r
1y
0c
1i
#8726122220
0t
0s
0r
1y
0c
1i
#13021089505
1t
0s
0r
1y
0c
1i
#13021090156
0t
0s
0r
1y
0c
0i
#13021090563
1t
0s
0r
1y
0c
0i
#13021091209
0t
0s
0r
1y
0c
0i
#13021091618
1t
0s
0r
1y
0c
0i
#13021092265
0t
0s
0r
1y
0c
0i
#13021092673
1t
0s
0r
1y
0c
0i
#13021093323
0t
0s
0r
1y
0c
0i
#13021093729
1t
0s
0r
1y
0c
0i
#13021094374
0t
0s
0r
1y
0c
0i
#13021094784
1t
0s
0r
1y
0c
0i
#13021095430
0t
0s
0r
1y
0c
0i
#13021095838
1t
0s
0r
1y
0c
0i
#13021096486
0t
0s
0r
1y
0c
0i
#13021096893
1t
0s
0r
1y
0c
0i
#13021097538
0t
0s
0r
1y
0c
0i
#13021097945
1t
0s
0r
1y
0c
0i
#13021098592
0t
0s
0r
1y
0c
0i
#13021098998
1t
0s
0r
1y
0c
0i
#13021099648
0t
0s
0r
1y
0c
0i
#13021100052
1t
0s
0r
1y
0c
0i
#13021100697
0t
0s
0r
1y
0c
0i
#13021101103
1t
0s
0r
1y
0c
0i
#13021101750
0t
0s
0r
1y
0c
0i
#13021102156
1t
0s
0r
1y
0c
0i
#13021102806
0t
0s
0r
1y
0c
0i
#13021103209
1t
0s
0r
1y
0c
0i
#13021103856
0t
0s
0r
1y
0c
0i
#13021104262
1t
0s
0r
1y
0c
0i
#13021104908
0t
0s
0r
1y
0c
0i
#13021105316
1t
0s
0r
1y
0c
0i
#13021105964
0t
0s
0r
1y
0c
0i
#13021106370
1t
0s
0r
1y
0c
0i
#13021107014
0t
0s
0r
1y
0c
0i
#13021107422
1t
0s
0r
1y
0c
0i
#13021108068
0t
0s
0r
1y
0c
0i
#13021108475
1t
0s
0r
1y
0c
0i
#13021109124
0t
0s
0r
1y
0c
0i
#13021109529
1t
0s
0r
1y
0c
0i
#13021110173
0t
0s
0r
1y
0c
0i
#13021110582
1t
0s
0r
1y
0c
0i
#13021111226
0t
0s
0r
1y
0c
0i
#13021111634
1t
0s
0r
1y
0c
0i
#13021112281
0t
0s
0r
1y
0c
0i
#13021112688
1t
0s
0r
1y
0c
0i
#13021113332
0t
0s
0r
1y
0c
0i
#13021113740
1t
0s
0r
1y
0c
0i
#13021114385
0t
0s
0r
1y
0c
0i
#13021114792
1t
0s
0r
1y
0c
0i
#13021115439
0t
0s
0r
1y
0c
0i
#13021115848
1t
0s
0r
1y
0c
0i
#13021116490
0t
0s
0r
1y
0c
0i
#13021116901
1t
0s
0r
1y
0c
0i
#13021117546
0t
0s
0r
1y
1c
0i
#13021117955
1t
0s
0r
1y
1c
0i
#13021118605
0t
0s
0r
1y
1c
0i
#13021119013
1t
0s
0r
1y
1c
1i
#13021119660
0t
0s
0r
1y
1c
1i
#13021120071
1t
0s
0r
1y
1c
1i
#13021120720
0t
0s
0r
1y
1c
1i
#13021121130
1t
0s
0r
1y
1c
1i
#13021121783
0t
0s
0r
1y
1c
0i
#13021122191
1t
0s
0r
1y
1c
0i
#13021122839
0t
0s
0r
1y
1c
0i
#13021123250
1t
0s
0r
1y
1c
0i
#13021123899
0t
0s
0r
1y
1c
0i
#13021124309
1t
0s
0r
1y
1c
0i
#13021124961
0t
0s
0r
1y
1c
0i
#13021125369
1t
0s
0r
1y
1c
0i
#13021126016
0t
0s
0r
1y
1c
0i
#13021126428
1t
0s
0r
1y
1c
0i
#13021127074
0t
0s
0r
1y
1c
0i
#13021127486
1t
0s
0r
1y
1c
0i
#13021128136
0t
0s
0r
1y
1c
0i
#13021128546
1t
0s
0r
1y
1c
0i
#13021129191
0t
0s
0r
1y
1c
0i
#13021129603
1t
0s
0r
1y
1c
0i
#13021130249
0t
0s
0r
1y
1c
0i
#13021130660
1t
0s
0r
1y
1c
0i
#13021131308
0t
0s
0r
1y
1c
0i
#13021131720
1t
0s
0r
1y
1c
0i
#13021132364
0t
0s
0r
1y
1c
0i
#13021132776
1t
0s
0r
1y
1c
0i
#13021133421
0t
0s
0r
1y
1c
0i
#13021133833
1t
0s
0r
1y
1c
0i
#13021134481
0t
0s
0r
1y
1c
0i
#13021134891
1t
0s
0r
1y
1c
0i
#13021136571
0t
0s
0r
1y
1c
0i
#13021137753
1t
0s
0r
1y
1c
0i
#13021138720
0t
0s
0r
1y
1c
0i
#13021139117
1t
0s
0r
1y
1c
0i
#13021139767
0t
0s
0r
1y
1c
0i
#13021140175
1t
0s
0r
1y
1c
0i
#13021140823
0t
0s
0r
1y
1c
0i
#13021141232
1t
0s
0r
1y
1c
0i
#13021141879
0t
0s
0r
1y
1c
0i
#13021142289
1t
0s
0r
1y
1c
0i
#13021142936
0t
0s
0r
1y
1c
0i
#13021143345
1t
0s
0r
1y
1c
0i
#13021143995
0t
0s
0r
1y
1c
0i
#13021144402
1t
0s
0r
1y
1c
0i
#13021145047
0t
0s
0r
1y
1c
0i
#13021145457
1t
0s
0r
1y
1c
0i
#13021146104
0t
0s
0r
1y
1c
0i
#13021146512
1t
0s
0r
1y
1c
0i
#13021147160
0t
0s
0r
1y
1c
0i
#13021147570
1t
0s
0r
1y
1c
0i
#13021148215
0t
0s
0r
1y
1c
0i
#13021148626
1t
0s
0r
1y
1c
0i
#13021149273
0t
0s
0r
1y
0c
0i
#13021149683
1t
0s
0r
1y
0c
0i
#13021150335
0t
0s
0r
1y
0c
0i
#13021150744
1t
0s
0r
1y
0c
1i
#13021151393
0t
0s
0r
1y
0c
1i
#13021151803
1t
0s
0r
1y
0c
1i
#13021152454
0t
0s
0r
1y
0c
1i
#13021152865
1t
0s
0r
1y
0c
1i
#13021153519
0t
0s
0r
1y
0c
0i
#13021153929
1t
0s
0r
1y
0c
0i
#13021154579
0t
0s
0r
1y
0c
0i
#13021154989
1t
0s
0r
1y
0c
0i
#13021155640
0t
0s
0r
1y
0c
0i
#13021156050
1t
0s
0r
1y
0c
0i
#13021156704
0t
0s
0r
1y
0c
0i
#13021157112
1t
0s
0r
1y
0c
0i
#13021157761
0t
0s
0r
1y
0c
0i
#13021158172
1t
0s
0r
1y
0c
0i
#13021158822
0t
0s
0r
1y
0c
0i
#13021159232
1t
0s
0r
1y
0c
0i
#13021159885
0t
0s
0r
1y
0c
0i
#13021160293
1t
0s
0r
1y
0c
0i
#13021160942
0t
0s
0r
1y
0c
0i
#13021161351
1t
0s
0r
1y
0c
0i
#13021162002
0t
0s
0r
1y
0c
0i
#13021162410
1t
0s
0r
1y
0c
0i
#13021163064
0t
0s
0r
1y
0c
0i
#13021163470
1t
0s
0r
1y
0c
0i
#13021164119
0t
0s
0r
1y
0c
0i
#13021164527
1t
0s
0r
1y
0c
0i
#13021165177
0t
0s
0r
1y
0c
0i
#13021165585
1t
0s
0r
1y
0c
0i
#13021166237
0t
0s
0r
1y
0c
0i
#13021166644
1t
0s
0r
1y
0c
0i
#13021167293
0t
0s
0r
1y
0c
0i
#13021167701
1t
0s
0r
1y
0c
0i
#13021168350
0t
0s
0r
1y
0c
0i
#13021168759
1t
0s
0r
1y
0c
0i
#13021169410
0t
0s
0r
1y
0c
0i
#13021169818
1t
0s
0r
1y
0c
0i
#13021170465
0t
0s
0r
1y
0c
0i
#13021170875
1t
0s
0r
1y
0c
0i
#13021171523
0t
0s
0r
1y
0c
0i
#13021171932
1t
0s
0r
1y
0c
0i
#13021172583
0t
0s
0r
1y
0c
0i
#13021172990
1t
0s
0r
1y
0c
0i
#13021173636
0t
0s
0r
1y
0c
0i
#13021174046
1t
0s
0r
1y
0c
0i
#13021174693
0t
0s
0r
1y
0c
0i
#13021175102
1t
0s
0r
1y
0c
0i
#13021175752
0t
0s
0r
1y
0c
0i
#13021176160
1t
0s
0r
1y
0c
0i
#13021176805
0t
0s
0r
1y
0c
0i
#13021177215
1t
0s
0r
1y
0c
0i
#13021177862
0t
0s
0r
1y
0c
0i
#13021178271
1t
0s
0r
1y
0c
0i
#13021178920
0t
0s
0r
1y
0c
0i
#13021179330
1t
0s
0r
1y
0c
0i
#13021179974
0t
0s
0r
1y
0c
0i
#13021180386
1t
0s
0r
1y
0c
0i
#13021181034
0t
0s
0r
1y
1c
0i
#13021181445
1t
0s
0r
1y
1c
0i
#13021182097
0t
0s
0r
1y
1c
0i
#13021182507
1t
0s
0r
1y
1c
1i
#13021183156
0t
0s
0r
1y
1c
1i
#13021183568
1t
0s
0r
1y
1c
1i
#13021184220
0t
0s
0r
1y
1c
1i
#13021184631
1t
0s
0r
1y
1c
1i
#13021185287
0t
0s
0r
1y
1c
0i
#13021185697
1t
0s
0r
1y
1c
0i
#13021186348
0t
0s
0r
1y
1c
0i
#13021186760
1t
0s
0r
1y
1c
0i
#13021187412
0t
0s
0r
1y
1c
0i
#13021187824
1t
0s
0r
1y
1c
0i
#13021188478
0t
0s
0r
1y
1c
0i
#13021188888
1t
0s
0r
1y
1c
0i
#13021189536
0t
0s
0r
1y
1c
0i
#13021189950
1t
0s
0r
1y
1c
0i
#13021190598
0t
0s
0r
1y
1c
0i
#13021191010
1t
0s
0r
1y
1c
0i
#13021191660
0t
0s
0r
1y
1c
0i
#13021192069
1t
0s
0r
1y
1c
0i
#13021192714
0t
0s
0r
1y
1c
0i
#13021193125
1t
0s
0r
1y
1c
0i
#13021193769
0t
0s
0r
1y
1c
0i
#13021194179
1t
0s
0r
1y
1c
0i
#13021194825
0t
0s
0r
1y
1c
0i
#13021195234
1t
0s
0r
1y
1c
0i
#13021195875
0t
0s
0r
1y
1c
0i
#13021196285
1t
0s
0r
1y
1c
0i
#13021196927
0t
0s
0r
1y
1c
0i
#13021197337
1t
0s
0r
1y
1c
0i
#13021197982
0t
0s
0r
1y
1c
0i
#13021198390
1t
0s
0r
1y
1c
0i
#13021200063
0t
0s
0r
1y
1c
0i
#13021201239
1t
0s
0r
1y
1c
0i
#13021202202
0t
0s
0r
1y
1c
0i
#13021202598
1t
0s
0r
1y
1c
0i
#13021203246
0t
0s
0r
1y
1c
0i
#13021203653
1t
0s
0r
1y
1c
0i
#13021204298
0t
0s
0r
1y
1c
0i
#13021204705
1t
0s
0r
1y
1c
0i
#13021205349
0t
0s
0r
1y
1c
0i
#13021205758
1t
0s
0r
1y
1c
0i
#13021206403
0t
0s
0r
1y
1c
0i
#13021206810
1t
0s
0r
1y
1c
0i
#13021207457
0t
0s
0r
1y
1c
0i
#13021207863
1t
0s
0r
1y
1c
0i
#13021208506
0t
0s
0r
1y
1c
0i
#13021208913
1t
0s
0r
1y
1c
0i
#13021209557
0t
0s
0r
1y
1c
0i
#13021209964
1t
0s
0r
1y
1c
0i
#13021210610
0t
0s
0r
1y
1c
0i
#13021211018
1t
0s
0r
1y
1c
0i
#13021211660
0t
0s
0r
1y
0c
0i
#13021212069
1t
0s
0r
1y
0c
0i
#13021212713
0t
0s
0r
1y
0c
0i
#13021213122
1t
0s
0r
1y
0c
0i
#13021213771
0t
0s
0r
1y
0c
0i
#13021214178
1t
0s
0r
1y
0c
1i
#13021214824
0t
0s
0r
1y
0c
1i
#13021215233
1t
0s
0r
1y
0c
1i
#13021215880
0t
0s
0r
1y
0c
1i
#13021216290
1t
0s
0r
1y
0c
1i
#13021216387
1t
0s
1r
1y
0c
1i
#13021216390
1t
0s
0r
1y
0c
1i
#13021216941
0t
0s
0r
1y
0c
0i
#13021217350
1t
0s
0r
1y
0c
0i
#13021217997
0t
0s
0r
1y
0c
0i
#13021218406
1t
0s
0r
1y
0c
0i
#13021219055
0t
0s
0r
1y
0c
0i
#13021219463
1t
0s
0r
1y
0c
0i
#13021220114
0t
0s
0r
1y
0c
0i
#13021220521
1t
0s
0r
1y
0c
0i
#13021221167
0t
0s
0r
1y
0c
0i
#13021221576
1t
0s
0r
1y
0c
0i
#13021222223
0t
0s
0r
1y
0c
0i
#13021222630
1t
0s
0r
1y
0c
0i
#13021223279
0t
0s
0r
1y
0c
0i
#13021223685
1t
0s
0r
1y
0c
0i
#13021224330
0t
0s
0r
1y
0c
0i
#13021224736
1t
0s
0r
1y
0c
0i
#13021225381
0t
0s
0r
1y
0c
0i
#13021225786
1t
0s
0r
1y
0c
0i
#13021226434
0t
0s
0r
1y
0c
0i
#13021226838
1t
0s
0r
1y
0c
0i
#13021227481
0t
0s
0r
1y
0c
0i
#13021227886
1t
0s
0r
1y
0c
0i
#13021228531
0t
0s
0r
1y
0c
0i
#13021228935
1t
0s
0r
1y
0c
0i
#13021229583
0t
0s
0r
1y
0c
0i
#13021229987
1t
0s
0r
1y
0c
0i
#13021230631
0t
0s
0r
1y
0c
0i
#13021231036
1t
0s
0r
1y
0c
0i
#13021231681
0t
0s
0r
1y
0c
0i
#13021232088
1t
0s
0r
1y
0c
0i
#13021232734
0t
0s
0r
1y
0c
0i
#13021233140
1t
0s
0r
1y
0c
0i
#13021233783
0t
0s
0r
1y
0c
0i
#13021234189
1t
0s
0r
1y
0c
0i
#13021234834
0t
0s
0r
1y
0c
0i
#13021235241
1t
0s
0r
1y
0c
0i
#13021235888
0t
0s
0r
1y
0c
0i
#13021236293
1t
0s
0r
1y
0c
0i
#13021236936
0t
0s
0r
1y
0c
0i
#13021237344
1t
0s
0r
1y
0c
0i
#13021237988
0t
0s
0r
1y
0c
0i
#13021238396
1t
0s
0r
1y
0c
0i
#13021239042
0t
0s
0r
1y
0c
0i
#13021239448
1t
0s
0r
1y
0c
0i
#13021240091
0t
0s
0r
1y
0c
0i
#13021240499
1t
0s
0r
1y
0c
0i
#13021241143
0t
0s
0r
1y
0c
0i
#13021241551
1t
0s
0r
1y
0c
0i
#13021242197
0t
0s
0r
1y
0c
0i
#13021242605
1t
0s
0r
1y
0c
0i
#13021243248
0t
0s
0r
1y
0c
0i
#13021243657
1t
0s
0r
1y
0c
0i
#13021244303
0t
0s
0r
1y
1c
0i
#13021244712
1t
0s
0r
1y
1c
0i
#13021245361
0t
0s
0r
1y
1c
0i
#13021245769
1t
0s
0r
1y
1c
1i
#13021246416
0t
0s
0r
1y
1c
1i
#13021246826
1t
0s
0r
1y
1c
1i
#13021247475
0t
0s
0r
1y
1c
1i
#13021247884
1t
0s
0r
1y
1c
1i
#13021248537
0t
0s
0r
1y
1c
0i
#13021248945
1t
0s
0r
1y
1c
0i
#13021249593
0t
0s
0r
1y
1c
0i
#13021250003
1t
0s
0r
1y
1c
0i
#13021250652
0t
0s
0r
1y
1c
0i
#13021251061
1t
0s
0r
1y
1c
0i
#13021251712
0t
0s
0r
1y
1c
0i
#13021252121
1t
0s
0r
1y
1c
0i
#13021252766
0t
0s
0r
1y
1c
0i
#13021253178
1t
0s
0r
1y
1c
0i
#13021253824
0t
0s
0r
1y
1c
0i
#13021254234
1t
0s
0r
1y
1c
0i
#13021254882
0t
0s
0r
1y
1c
0i
#13021255290
1t
0s
0r
1y
1c
0i
#13021255933
0t
0s
0r
1y
1c
0i
#13021256343
1t
0s
0r
1y
1c
0i
#13021256986
0t
0s
0r
1y
1c
0i
#13021257395
1t
0s
0r
1y
1c
0i
#13021258040
0t
0s
0r
1y
1c
0i
#13021258449
1t
0s
0r
1y
1c
0i
#13021259089
0t
0s
0r
1y
1c
0i
#13021259499
1t
0s
0r
1y
1c
0i
#13021260140
0t
0s
0r
1y
1c
0i
#13021260549
1t
0s
0r
1y
1c
0i
#13021261193
0t
0s
0r
1y
1c
0i
#13021261601
1t
0s
0r
1y
1c
0i
#13021263271
0t
0s
0r
1y
1c
0i
#13021264447
1t
0s
0r
1y
1c
0i
#13021265407
0t
0s
0r
1y
1c
0i
#13021265803
1t
0s
0r
1y
1c
0i
#13021266449
0t
0s
0r
1y
1c
0i
#13021266855
1t
0s
0r
1y
1c
0i
#13021267499
0t
0s
0r
1y
1c
0i
#13021267906
1t
0s
0r
1y
1c
0i
#13021268550
0t
0s
0r
1y
1c
0i
#13021268958
1t
0s
0r
1y
1c
0i
#13021269601
0t
0s
0r
1y
1c
0i
#13021270008
1t
0s
0r
1y
1c
0i
#13021270653
0t
0s
0r
1y
1c
0i
#13021271059
1t
0s
0r
1y
1c
0i
#13021271700
0t
0s
0r
1y
1c
0i
#13021272107
1t
0s
0r
1y
1c
0i
#13021272750
0t
0s
0r
1y
1c
0i
#13021273156
1t
0s
0r
1y
1c
0i
#13021273801
0t
0s
0r
1y
1c
0i
#13021274208
1t
0s
0r
1y
1c
0i
#13021274850
0t
0s
0r
1y
1c
0i
#13021275258
1t
0s
0r
1y
1c
0i
#13021275901
0t
0s
0r
1y
0c
0i
#13021276309
1t
0s
0r
1y
0c
0i
#13021276957
0t
0s
0r
1y
0c
0i
#13021277363
1t
0s
0r
1y
0c
1i
#13021278008
0t
0s
0r
1y
0c
1i
#13021278416
1t
0s
0r
1y
0c
1i
#13021279063
0t
0s
0r
1y
0c
1i
#13021279472
1t
0s
0r
1y
0c
1i
#13021280121
0t
0s
0r
1y
0c
0i
#13021280529
1t
0s
0r
1y
0c
0i
#13021281174
0t
0s
0r
1y
0c
0i
#13021281583
1t
0s
0r
1y
0c
0i
#13021282230
0t
0s
0r
1y
0c
0i
#13021282637
1t
0s
0r
1y
0c
0i
#13021283287
0t
0s
0r
1y
0c
0i
#13021283693
1t
0s
0r
1y
0c
0i
#13021284337
0t
0s
0r
1y
0c
0i
#13021284746
1t
0s
0r
1y
0c
0i
#13021285390
0t
0s
0r
1y
0c
0i
#13021285798
1t
0s
0r
1y
0c
0i
#13021286445
0t
0s
0r
1y
0c
0i
#13021286849
1t
0s
0r
1y
0c
0i
#13021287492
0t
0s
0r
1y
0c
0i
#13021287898
1t
0s
0r
1y
0c
0i
#13021288542
0t
0s
0r
1y
0c
0i
#13021288946
1t
0s
0r
1y
0c
0i
#13021289592
0t
0s
0r
1y
0c
0i
#13021289994
1t
0s
0r
1y
0c
0i
#13021290635
0t
0s
0r
1y
0c
0i
#13021291039
1t
0s
0r
1y
0c
0i
#13021291681
0t
0s
0r
1y
0c
0i
#13021292085
1t
0s
0r
1y
0c
0i
#13021292731
0t
0s
0r
1y
0c
0i
#13021293133
1t
0s
0r
1y
0c
0i
#13021293775
0t
0s
0r
1y
0c
0i
#13021294180
1t
0s
0r
1y
0c
0i
#13021294822
0t
0s
0r
1y
0c
0i
#13021295228
1t
0s
0r
1y
0c
0i
#13021295872
0t
0s
0r
1y
0c
0i
#13021296277
1t
0s
0r
1y
0c
0i
#13021296917
0t
0s
0r
1y
0c
0i
#13021297324
1t
0s
0r
1y
0c
0i
#13021297965
0t
0s
0r
1y
0c
0i
#13021298371
1t
0s
0r
1y
0c
0i
#13021299016
0t
0s
0r
1y
0c
0i
#13021299420
1t
0s
0r
1y
0c
0i
#13021300060
0t
0s
0r
1y
0c
0i
#13021300467
1t
0s
0r
1y
0c
0i
#13021301108
0t
0s
0r
1y
0c
0i
#13021301514
1t
0s
0r
1y
0c
0i
#13021302157
0t
0s
0r
1y
0c
0i
#13021302562
1t
0s
0r
1y
0c
0i
#13021303201
0t
0s
0r
1y
0c
0i
#13021303608
1t
0s
0r
1y
0c
0i
#13021304248
0t
0s
0r
1y
0c
0i
#13021304654
1t
0s
0r
1y
0c
0i
#13021305297
0t
0s
0r
1y
0c
0i
#13021305704
1t
0s
0r
1y
0c
0i
#13021306342
0t
0s
0r
1y
0c
0i
#13021306750
1t
0s
0r
1y
0c
0i
#13021307391
0t
0s
0r
1y
1c
0i
#13021307799
1t
0s
0r
1y
1c
0i
#13021308444
0t
0s
0r
1y
1c
0i
#13021308850
1t
0s
0r
1y
1c
1i
#13021309492
0t
0s
0r
1y
1c
1i
#13021309901
1t
0s
0r
1y
1c
1i
#13021310546
0t
0s
0r
1y
1c
1i
#13021310954
1t
0s
0r
1y
1c
1i
#13021311602
0t
0s
0r
1y
1c
0i
#13021312009
1t
0s
0r
1y
1c
0i
#13021312653
0t
0s
0r
1y
1c
0i
#13021313061
1t
0s
0r
1y
1c
0i
#13021313705
0t
0s
0r
1y
1c
0i
#13021314113
1t
0s
0r
1y
1c
0i
#13021314761
0t
0s
0r
1y
1c
0i
#13021315167
1t
0s
0r
1y
1c
0i
#13021315808
0t
0s
0r
1y
1c
0i
#13021316218
1t
0s
0r
1y
1c
0i
#13021316858
0t
0s
0r
1y
1c
0i
#13021317267
1t
0s
0r
1y
1c
0i
#13021317909
0t
0s
0r
1y
1c
0i
#13021318315
1t
0s
0r
1y
1c
0i
#13021318952
0t
0s
0r
1y
1c
0i
#13021319359
1t
0s
0r
1y
1c
0i
#13021319996
0t
0s
0r
1y
1c
0i
#13021320402
1t
0s
0r
1y
1c
0i
#13021321041
0t
0s
0r
1y
1c
0i
#13021321446
1t
0s
0r
1y
1c
0i
#13021322080
0t
0s
0r
1y
1c
0i
#13021322487
1t
0s
0r
1y
1c
0i
#13021323122
0t
0s
0r
1y
1c
0i
#13021323528
1t
0s
0r
1y
1c
0i
#13021324167
0t
0s
0r
1y
1c
0i
#13021324571
1t
0s
0r
1y
1c
0i
#13021326227
0t
0s
0r
1y
1c
0i
#13021327393
1t
0s
0r
1y
1c
0i
#13021328346
0t
0s
0r
1y
1c
0i
#13021328738
1t
0s
0r
1y
1c
0i
#13021329378
0t
0s
0r
1y
1c
0i
#13021329782
1t
0s
0r
1y
1c
0i
#13021330421
0t
0s
0r
1y
1c
0i
#13021330824
1t
0s
0r
1y
1c
0i
#13021331462
0t
0s
0r
1y
1c
0i
#13021331867
1t
0s
0r
1y
1c
0i
#13021332504
0t
0s
0r
1y
1c
0i
#13021332908
1t
0s
0r
1y
1c
0i
#13021333548
0t
0s
0r
1y
1c
0i
#13021333950
1t
0s
0r
1y
1c
0i
#13021334586
0t
0s
0r
1y
1c
0i
#13021334990
1t
0s
0r
1y
1c
0i
#13021335627
0t
0s
0r
1y
1c
0i
#13021336030
1t
0s
0r
1y
1c
0i
#13021336669
0t
0s
0r
1y
1c
0i
#13021337074
1t
0s
0r
1y
1c
0i
#13021337708
0t
0s
0r
1y
1c
0i
#13021338114
1t
0s
0r
1y
1c
0i
#13021338752
0t
0s
0r
1y
0c
0i
#13021339157
1t
0s
0r
1y
0c
0i
#13021339798
0t
0s
0r
1y
0c
0i
#13021340202
1t
0s
0r
1y
0c
1i
#13021340841
0t
0s
0r
1y
0c
1i
#13021341246
1t
0s
0r
1y
0c
1i
#13021341887
0t
0s
0r
1y
0c
1i
#13021342293
1t
0s
0r
1y
0c
1i
#13021342471
1t
0s
1r
1y
0c
1i
#13021342473
1t
0s
0r
1y
0c
1i
#13021342937
0t
0s
0r
1y
0c
0i
#13021343342
1t
0s
0r
1y
0c
0i
#13021343982
0t
0s
0r
1y
0c
0i
#13021344387
1t
0s
0r
1y
0c
0i
#13021345029
0t
0s
0r
1y
0c
0i
#13021345433
1t
0s
0r
1y
0c
0i
#13021346078
0t
0s
0r
1y
0c
0i
#13021346481
1t
0s
0r
1y
0c
0i
#13021347120
0t
0s
0r
1y
0c
0i
#13021347527
1t
0s
0r
1y
0c
0i
#13021348168
0t
0s
0r
1y
0c
0i
#13021348572
1t
0s
0r
1y
0c
0i
#13021349216
0t
0s
0r
1y
0c
0i
#13021349619
1t
0s
0r
1y
0c
0i
#13021350260
0t
0s
0r
1y
0c
0i
#13021350664
1t
0s
0r
1y
0c
0i
#13021351306
0t
0s
0r
1y
0c
0i
#13021351709
1t
0s
0r
1y
0c
0i
#13021352354
0t
0s
0r
1y
0c
0i
#13021352755
1t
0s
0r
1y
0c
0i
#13021353395
0t
0s
0r
1y
0c
0i
#13021353798
1t
0s
0r
1y
0c
0i
#13021354440
0t
0s
0r
1y
0c
0i
#13021354842
1t
0s
0r
1y
0c
0i
#13021355487
0t
0s
0r
1y
0c
0i
#13021355888
1t
0s
0r
1y
0c
0i
#13021356529
0t
0s
0r
1y
0c
0i
#13021356932
1t
0s
0r
1y
0c
0i
#13021357572
0t
0s
0r
1y
0c
0i
#13021357977
1t
0s
0r
1y
0c
0i
#13021358620
0t
0s
0r
1y
0c
0i
#13021359023
1t
0s
0r
1y
0c
0i
#13021359662
0t
0s
0r
1y
0c
0i
#13021360066
1t
0s
0r
1y
0c
0i
#13021360706
0t
0s
0r
1y
0c
0i
#13021361111
1t
0s
0r
1y
0c
0i
#13021361753
0t
0s
0r
1y
0c
0i
#13021362156
1t
0s
0r
1y
0c
0i
#13021362795
0t
0s
0r
1y
0c
0i
#13021363200
1t
0s
0r
1y
0c
0i
#13021363839
0t
0s
0r
1y
0c
0i
#13021364244
1t
0s
0r
1y
0c
0i
#13021364885
0t
0s
0r
1y
0c
0i
#13021365289
1t
0s
0r
1y
0c
0i
#13021365926
0t
0s
0r
1y
0c
0i
#13021366332
1t
0s
0r
1y
0c
0i
#13021366971
0t
0s
0r
1y
0c
0i
#13021367376
1t
0s
0r
1y
0c
0i
#13021368017
0t
0s
0r
1y
0c
0i
#13021368422
1t
0s
0r
1y
0c
0i
#13021369059
0t
0s
0r
1y
0c
0i
#13021369466
1t
0s
0r
1y
0c
0i
#13021370106
0t
0s
0r
1y
1c
0i
#13021370512
1t
0s
0r
1y
1c
0i
#13021371157
0t
0s
0r
1y
1c
0i
#13021371562
1t
0s
0r
1y
1c
1i
#13021372203
0t
0s
0r
1y
1c
1i
#13021372611
1t
0s
0r
1y
1c
1i
#13021373254
0t
0s
0r
1y
1c
1i
#13021373661
1t
0s
0r
1y
1c
1i
#13021374308
0t
0s
0r
1y
1c
0i
#13021374714
1t
0s
0r
1y
1c
0i
#13021375356
0t
0s
0r
1y
1c
0i
#13021375764
1t
0s
0r
1y
1c
0i
#13021376408
0t
0s
0r
1y
1c
0i
#13021376815
1t
0s
0r
1y
1c
0i
#13021377461
0t
0s
0r
1y
1c
0i
#13021377866
1t
0s
0r
1y
1c
0i
#13021378507
0t
0s
0r
1y
1c
0i
#13021378916
1t
0s
0r
1y
1c
0i
#13021379556
0t
0s
0r
1y
1c
0i
#13021379963
1t
0s
0r
1y
1c
0i
#13021380606
0t
0s
0r
1y
1c
0i
#13021381011
1t
0s
0r
1y
1c
0i
#13021381648
0t
0s
0r
1y
1c
0i
#13021382055
1t
0s
0r
1y
1c
0i
#13021382692
0t
0s
0r
1y
1c
0i
#13021383098
1t
0s
0r
1y
1c
0i
#13021383737
0t
0s
0r
1y
1c
0i
#13021384143
1t
0s
0r
1y
1c
0i
#13021384776
0t
0s
0r
1y
1c
0i
#13021385184
1t
0s
0r
1y
1c
0i
#13021385818
0t
0s
0r
1y
1c
0i
#13021386225
1t
0s
0r
1y
1c
0i
#13021386863
0t
0s
0r
1y
1c
0i
#13021387268
1t
0s
0r
1y
1c
0i
#13021388923
0t
0s
0r
1y
1c
0i
#13021390088
1t
0s
0r
1y
1c
0i
#13021391041
0t
0s
0r
1y
1c
0i
#13021391433
1t
0s
0r
1y
1c
0i
#13021392073
0t
0s
0r
1y
1c
0i
#13021392477
1t
0s
0r
1y
1c
0i
#13021393115
0t
0s
0r
1y
1c
0i
#13021393518
1t
0s
0r
1y
1c
0i
#13021394155
0t
0s
0r
1y
1c
0i
#13021394561
1t
0s
0r
1y
1c
0i
#13021395197
0t
0s
0r
1y
1c
0i
#13021395601
1t
0s
0r
1y
1c
0i
#13021396240
0t
0s
0r
1y
1c
0i
#13021396642
1t
0s
0r
1y
1c
0i
#13021397277
0t
0s
0r
1y
1c
0i
#13021397682
1t
0s
0r
1y
1c
0i
#13021398318
0t
0s
0r
1y
1c
0i
#13021398721
1t
0s
0r
1y
1c
0i
#13021399359
0t
0s
0r
1y
1c
0i
#13021399764
1t
0s
0r
1y
1c
0i
#13021400399
0t
0s
0r
1y
0c
0i
#13021400804
1t
0s
0r
1y
0c
0i
#13021401441
0t
0s
0r
1y
0c
0i
#13021401846
1t
0s
0r
1y
0c
0i
#13021402487
0t
0s
0r
1y
0c
0i
#13021402891
1t
0s
0r
1y
0c
1i
#13021403530
0t
0s
0r
1y
0c
1i
#13021403935
1t
0s
0r
1y
0c
1i
#13021404576
0t
0s
0r
1y
0c
1i
#13021404982
1t
0s
0r
1y
0c
1i
#13021405625
0t
0s
0r
1y
0c
0i
#13021406030
1t
0s
0r
1y
0c
0i
#13021406670
0t
0s
0r
1y
0c
0i
#13021407075
1t
0s
0r
1y
0c
0i
#13021407716
0t
0s
0r
1y
0c
0i
#13021408121
1t
0s
0r
1y
0c
0i
#13021408763
0t
0s
0r
1y
0c
0i
#13021409166
1t
0s
0r
1y
0c
0i
#13021409802
0t
0s
0r
1y
0c
0i
#13021410208
1t
0s
0r
1y
0c
0i
#13021410843
0t
0s
0r
1y
0c
0i
#13021411246
1t
0s
0r
1y
0c
0i
#13021411883
0t
0s
0r
1y
0c
0i
#13021412283
1t
0s
0r
1y
0c
0i
#13021412916
0t
0s
0r
1y
0c
0i
#13021413316
1t
0s
0r
1y
0c
0i
#13021413948
0t
0s
0r
1y
0c
0i
#13021414347
1t
0s
0r
1y
0c
0i
#13021414982
0t
0s
0r
1y
0c
0i
#13021415379
1t
0s
0r
1y
0c
0i
#13021416009
0t
0s
0r
1y
0c
0i
#13021416409
1t
0s
0r
1y
0c
0i
#13021417041
0t
0s
0r
1y
0c
0i
#13021417440
1t
0s
0r
1y
0c
0i
#13021418074
0t
0s
0r
1y
0c
0i
#13021418473
1t
0s
0r
1y
0c
0i
#13021419104
0t
0s
0r
1y
0c
0i
#13021419504
1t
0s
0r
1y
0c
0i
#13021420136
0t
0s
0r
1y
0c
0i
#13021420537
1t
0s
0r
1y
0c
0i
#13021421172
0t
0s
0r
1y
0c
0i
#13021421572
1t
0s
0r
1y
0c
0i
#13021422203
0t
0s
0r
1y
0c
0i
#13021422604
1t
0s
0r
1y
0c
0i
#13021423236
0t
0s
0r
1y
0c
0i
#13021423637
1t
0s
0r
1y
0c
0i
#13021424273
0t
0s
0r
1y
0c
0i
#13021424672
1t
0s
0r
1y
0c
0i
#13021425302
0t
0s
0r
1y
0c
0i
#13021425705
1t
0s
0r
1y
0c
0i
#13021426336
0t
0s
0r
1y
0c
0i
#13021426737
1t
0s
0r
1y
0c
0i
#13021427371
0t
0s
0r
1y
0c
0i
#13021427771
1t
0s
0r
1y
0c
0i
#13021428401
0t
0s
0r
1y
0c
0i
#13021428803
1t
0s
0r
1y
0c
0i
#13021429434
0t
0s
0r
1y
0c
0i
#13021429835
1t
0s
0r
1y
0c
0i
#13021430468
0t
0s
0r
1y
0c
0i
#13021430871
1t
0s
0r
1y
0c
0i
#13021431499
0t
0s
0r
1y
0c
0i
#13021431903
1t
0s
0r
1y
0c
0i
#13021432535
0t
0s
0r
1y
1c
0i
#13021432937
1t
0s
0r
1y
1c
0i
#13021433573
0t
0s
0r
1y
1c
0i
#13021433974
1t
0s
0r
1y
1c
1i
#13021434608
0t
0s
0r
1y
1c
1i
#13021435011
1t
0s
0r
1y
1c
1i
#13021435646
0t
0s
0r
1y
1c
1i
#13021436050
1t
0s
0r
1y
1c
1i
#13021436689
0t
0s
0r
1y
1c
0i
#13021437091
1t
0s
0r
1y
1c
0i
#13021437725
0t
0s
0r
1y
1c
0i
#13021438129
1t
0s
0r
1y
1c
0i
#13021438765
0t
0s
0r
1y
1c
0i
#13021439168
1t
0s
0r
1y
1c
0i
#13021439806
0t
0s
0r
1y
1c
0i
#13021440209
1t
0s
0r
1y
1c
0i
#13021440842
0t
0s
0r
1y
1c
0i
#13021441248
1t
0s
0r
1y
1c
0i
#13021441882
0t
0s
0r
1y
1c
0i
#13021442287
1t
0s
0r
1y
1c
0i
#13021442924
0t
0s
0r
1y
1c
0i
#13021443327
1t
0s
0r
1y
1c
0i
#13021443960
0t
0s
0r
1y
1c
0i
#13021444365
1t
0s
0r
1y
1c
0i
#13021444999
0t
0s
0r
1y
1c
0i
#13021445403
1t
0s
0r
1y
1c
0i
#13021446038
0t
0s
0r
1y
1c
0i
#13021446442
1t
0s
0r
1y
1c
0i
#13021447073
0t
0s
0r
1y
1c
0i
#13021447479
1t
0s
0r
1y
1c
0i
#13021448111
0t
0s
0r
1y
1c
0i
#13021448515
1t
0s
0r
1y
1c
0i
#13021449150
0t
0s
0r
1y
1c
0i
#13021449553
1t
0s
0r
1y
1c
0i
#13021451199
0t
0s
0r
1y
1c
0i
#13021452358
1t
0s
0r
1y
1c
0i
#13021453304
0t
0s
0r
1y
1c
0i
#13021453694
1t
0s
0r
1y
1c
0i
#13021454330
0t
0s
0r
1y
1c
0i
#13021454731
1t
0s
0r
1y
1c
0i
#13021455364
0t
0s
0r
1y
1c
0i
#13021455766
1t
0s
0r
1y
1c
0i
#13021456399
0t
0s
0r
1y
1c
0i
#13021456802
1t
0s
0r
1y
1c
0i
#13021457435
0t
0s
0r
1y
1c
0i
#13021457837
1t
0s
0r
1y
1c
0i
#13021458472
0t
0s
0r
1y
1c
0i
#13021458872
1t
0s
0r
1y
1c
0i
#13021459504
0t
0s
0r
1y
1c
0i
#13021459906
1t
0s
0r
1y
1c
0i
#13021460539
0t
0s
0r
1y
1c
0i
#13021460940
1t
0s
0r
1y
1c
0i
#13021461575
0t
0s
0r
1y
1c
0i
#13021461977
1t
0s
0r
1y
1c
0i
#13021462608
0t
0s
0r
1y
1c
0i
#13021463012
1t
0s
0r
1y
1c
0i
#13021463645
0t
0s
0r
1y
0c
0i
#13021464048
1t
0s
0r
1y
0c
0i
#13021464685
0t
0s
0r
1y
0c
0i
#13021465087
1t
0s
0r
1y
0c
1i
#13021465721
0t
0s
0r
1y
0c
1i
#13021466125
1t
0s
0r
1y
0c
1i
#13021466761
0t
0s
0r
1y
0c
1i
#13021467165
1t
0s
0r
1y
0c
1i
#13021467294
1t
0s
1r
1y
0c
1i
#13021467296
1t
0s
0r
1y
0c
1i
#13021467804
0t
0s
0r
1y
0c
0i
#13021468206
1t
0s
0r
1y
0c
0i
#13021468842
0t
0s
0r
1y
0c
0i
#13021469245
1t
0s
0r
1y
0c
0i
#13021469881
0t
0s
0r
1y
0c
0i
#13021470284
1t
0s
0r
1y
0c
0i
#13021470924
0t
0s
0r
1y
0c
0i
#13021471324
1t
0s
0r
1y
0c
0i
#13021471959
0t
0s
0r
1y
0c
0i
#13021472363
1t
0s
0r
1y
0c
0i
#13021472999
0t
0s
0r
1y
0c
0i
#13021473402
1t
0s
0r
1y
0c
0i
#13021474041
0t
0s
0r
1y
0c
0i
#13021474442
1t
0s
0r
1y
0c
0i
#13021475079
0t
0s
0r
1y
0c
0i
#13021475482
1t
0s
0r
1y
0c
0i
#13021476120
0t
0s
0r
1y
0c
0i
#13021476521
1t
0s
0r
1y
0c
0i
#13021477163
0t
0s
0r
1y
0c
0i
#13021477563
1t
0s
0r
1y
0c
0i
#13021478201
0t
0s
0r
1y
0c
0i
#13021478603
1t
0s
0r
1y
0c
0i
#13021479242
0t
0s
0r
1y
0c
0i
#13021479644
1t
0s
0r
1y
0c
0i
#13021480286
0t
0s
0r
1y
0c
0i
#13021480686
1t
0s
0r
1y
0c
0i
#13021481325
0t
0s
0r
1y
0c
0i
#13021481728
1t
0s
0r
1y
0c
0i
#13021482366
0t
0s
0r
1y
0c
0i
#13021482770
1t
0s
0r
1y
0c
0i
#13021483411
0t
0s
0r
1y
0c
0i
#13021483814
1t
0s
0r
1y
0c
0i
#13021484451
0t
0s
0r
1y
0c
0i
#13021484855
1t
0s
0r
1y
0c
0i
#13021485493
0t
0s
0r
1y
0c
0i
#13021485897
1t
0s
0r
1y
0c
0i
#13021486538
0t
0s
0r
1y
0c
0i
#13021486940
1t
0s
0r
1y
0c
0i
#13021487576
0t
0s
0r
1y
0c
0i
#13021487982
1t
0s
0r
1y
0c
0i
#13021488619
0t
0s
0r
1y
0c
0i
#13021489023
1t
0s
0r
1y
0c
0i
#13021489663
0t
0s
0r
1y
0c
0i
#13021490066
1t
0s
0r
1y
0c
0i
#13021490702
0t
0s
0r
1y
0c
0i
#13021491107
1t
0s
0r
1y
0c
0i
#13021491744
0t
0s
0r
1y
0c
0i
#13021492148
1t
0s
0r
1y
0c
0i
#13021492788
0t
0s
0r
1y
0c
0i
#13021493193
1t
0s
0r
1y
0c
0i
#13021493828
0t
0s
0r
1y
0c
0i
#13021494235
1t
0s
0r
1y
0c
0i
#13021494873
0t
0s
0r
1y
1c
0i
#13021495279
1t
0s
0r
1y
1c
0i
#13021495921
0t
0s
0r
1y
1c
0i
#13021496326
1t
0s
0r
1y
1c
1i
#13021496965
0t
0s
0r
1y
1c
1i
#13021497372
1t
0s
0r
1y
1c
1i
#13021498014
0t
0s
0r
1y
1c
1i
#13021498421
1t
0s
0r
1y
1c
1i
#13021499066
0t
0s
0r
1y
1c
0i
#13021499471
1t
0s
0r
1y
1c
0i
#13021500111
0t
0s
0r
1y
1c
0i
#13021500518
1t
0s
0r
1y
1c
0i
#13021501160
0t
0s
0r
1y
1c
0i
#13021501566
1t
0s
0r
1y
1c
0i
#13021502209
0t
0s
0r
1y
1c
0i
#13021502615
1t
0s
0r
1y
1c
0i
#13021503253
0t
0s
0r
1y
1c
0i
#13021503662
1t
0s
0r
1y
1c
0i
#13021504302
0t
0s
0r
1y
1c
0i
#13021504709
1t
0s
0r
1y
1c
0i
#13021505351
0t
0s
0r
1y
1c
0i
#13021505757
1t
0s
0r
1y
1c
0i
#13021506395
0t
0s
0r
1y
1c
0i
#13021506803
1t
0s
0r
1y
1c
0i
#13021507443
0t
0s
0r
1y
1c
0i
#13021507850
1t
0s
0r
1y
1c
0i
#13021508492
0t
0s
0r
1y
1c
0i
#13021508899
1t
0s
0r
1y
1c
0i
#13021509536
0t
0s
0r
1y
1c
0i
#13021509945
1t
0s
0r
1y
1c
0i
#13021510584
0t
0s
0r
1y
1c
0i
#13021510991
1t
0s
0r
1y
1c
0i
#13021511633
0t
0s
0r
1y
1c
0i
#13021512039
1t
0s
0r
1y
1c
0i
#13021513702
0t
0s
0r
1y
1c
0i
#13021514872
1t
0s
0r
1y
1c
0i
#13021515828
0t
0s
0r
1y
1c
0i
#13021516222
1t
0s
0r
1y
1c
0i
#13021516864
0t
0s
0r
1y
1c
0i
#13021517269
1t
0s
0r
1y
1c
0i
#13021517910
0t
0s
0r
1y
1c
0i
#13021518315
1t
0s
0r
1y
1c
0i
#13021518954
0t
0s
0r
1y
1c
0i
#13021519361
1t
0s
0r
1y
1c
0i
#13021520001
0t
0s
0r
1y
1c
0i
#13021520406
1t
0s
0r
1y
1c
0i
#13021521048
0t
0s
0r
1y
1c
0i
#13021521452
1t
0s
0r
1y
1c
0i
#13021522090
0t
0s
0r
1y
1c
0i
#13021522496
1t
0s
0r
1y
1c
0i
#13021523135
0t
0s
0r
1y
1c
0i
#13021523540
1t
0s
0r
1y
1c
0i
#13021524182
0t
0s
0r
1y
1c
0i
#13021524587
1t
0s
0r
1y
1c
0i
#13021525225
0t
0s
0r
1y
0c
0i
#13021525632
1t
0s
0r
1y
0c
0i
#13021526272
0t
0s
0r
1y
0c
0i
#13021526678
1t
0s
0r
1y
0c
0i
#13021527323
0t
0s
0r
1y
0c
0i
#13021527727
1t
0s
0r
1y
0c
1i
#13021528369
0t
0s
0r
1y
0c
1i
#13021528776
1t
0s
0r
1y
0c
1i
#13021529418
0t
0s
0r
1y
0c
1i
#13021529826
1t
0s
0r
1y
0c
1i
#13021530472
0t
0s
0r
1y
0c
0i
#13021530878
1t
0s
0r
1y
0c
0i
#13021531520
0t
0s
0r
1y
0c
0i
#13021531927
1t
0s
0r
1y
0c
0i
#13021532570
0t
0s
0r
1y
0c
0i
#13021532976
1t
0s
0r
1y
0c
0i
#13021533622
0t
0s
0r
1y
0c
0i
#13021534026
1t
0s
0r
1y
0c
0i
#13021534666
0t
0s
0r
1y
0c
0i
#13021535074
1t
0s
0r
1y
0c
0i
#13021535714
0t
0s
0r
1y
0c
0i
#13021536120
1t
0s
0r
1y
0c
0i
#13021536763
0t
0s
0r
1y
0c
0i
#13021537167
1t
0s
0r
1y
0c
0i
#13021537807
0t
0s
0r
1y
0c
0i
#13021538211
1t
0s
0r
1y
0c
0i
#13021538851
0t
0s
0r
1y
0c
0i
#13021539255
1t
0s
0r
1y
0c
0i
#13021539898
0t
0s
0r
1y
0c
0i
#13021540299
1t
0s
0r
1y
0c
0i
#13021540938
0t
0s
0r
1y
0c
0i
#13021541341
1t
0s
0r
1y
0c
0i
#13021541981
0t
0s
0r
1y
0c
0i
#13021542384
1t
0s
0r
1y
0c
0i
#13021543027
0t
0s
0r
1y
0c
0i
#13021543429
1t
0s
0r
1y
0c
0i
#13021544069
0t
0s
0r
1y
0c
0i
#13021544472
1t
0s
0r
1y
0c
0i
#13021545111
0t
0s
0r
1y
0c
0i
#13021545517
1t
0s
0r
1y
0c
0i
#13021546158
0t
0s
0r
1y
0c
0i
#13021546562
1t
0s
0r
1y
0c
0i
#13021547200
0t
0s
0r
1y
0c
0i
#13021547605
1t
0s
0r
1y
0c
0i
#13021548245
0t
0s
0r
1y
0c
0i
#13021548649
1t
0s
0r
1y
0c
0i
#13021549292
0t
0s
0r
1y
0c
0i
#13021549695
1t
0s
0r
1y
0c
0i
#13021550332
0t
0s
0r
1y
0c
0i
#13021550738
1t
0s
0r
1y
0c
0i
#13021551376
0t
0s
0r
1y
0c
0i
#13021551781
1t
0s
0r
1y
0c
0i
#13021552422
0t
0s
0r
1y
0c
0i
#13021552825
1t
0s
0r
1y
0c
0i
#13021553462
0t
0s
0r
1y
0c
0i
#13021553867
1t
0s
0r
1y
0c
0i
#13021554505
0t
0s
0r
1y
0c
0i
#13021554910
1t
0s
0r
1y
0c
0i
#13021555550
0t
0s
0r
1y
0c
0i
#13021555955
1t
0s
0r
1y
0c
0i
#13021556591
0t
0s
0r
1y
0c
0i
#13021556998
1t
0s
0r
1y
0c
0i
#13021557637
0t
0s
0r
1y
1c
0i
#13021558043
1t
0s
0r
1y
1c
0i
#13021558686
0t
0s
0r
1y
1c
0i
#13021559090
1t
0s
0r
1y
1c
1i
#13021559731
0t
0s
0r
1y
1c
1i
#13021560138
1t
0s
0r
1y
1c
1i
#13021560780
0t
0s
0r
1y
1c
1i
#13021561187
1t
0s
0r
1y
1c
1i
#13021561832
0t
0s
0r
1y
1c
0i
#13021562238
1t
0s
0r
1y
1c
0i
#13021562879
0t
0s
0r
1y
1c
0i
#13021563286
1t
0s
0r
1y
1c
0i
#13021563929
0t
0s
0r
1y
1c
0i
#13021564335
1t
0s
0r
1y
1c
0i
#13021564980
0t
0s
0r
1y
1c
0i
#13021565386
1t
0s
0r
1y
1c
0i
#13021566025
0t
0s
0r
1y
1c
0i
#13021566434
1t
0s
0r
1y
1c
0i
#13021567073
0t
0s
0r
1y
1c
0i
#13021567481
1t
0s
0r
1y
1c
0i
#13021568123
0t
0s
0r
1y
1c
0i
#13021568529
1t
0s
0r
1y
1c
0i
#13021569166
0t
0s
0r
1y
1c
0i
#13021569574
1t
0s
0r
1y
1c
0i
#13021570212
0t
0s
0r
1y
1c
0i
#13021570619
1t
0s
0r
1y
1c
0i
#13021571258
0t
0s
0r
1y
1c
0i
#13021571665
1t
0s
0r
1y
1c
0i
#13021572299
0t
0s
0r
1y
1c
0i
#13021572707
1t
0s
0r
1y
1c
0i
#13021573343
0t
0s
0r
1y
1c
0i
#13021573750
1t
0s
0r
1y
1c
0i
#13021574389
0t
0s
0r
1y
1c
0i
#13021574794
1t
0s
0r
1y
1c
0i
#13021576452
0t
0s
0r
1y
1c
0i
#13021577617
1t
0s
0r
1y
1c
0i
#13021578570
0t
0s
0r
1y
1c
0i
#13021578963
1t
0s
0r
1y
1c
0i
#13021579603
0t
0s
0r
1y
1c
0i
#13021580007
1t
0s
0r
1y
1c
0i
#13021580645
0t
0s
0r
1y
1c
0i
#13021581049
1t
0s
0r
1y
1c
0i
#13021581687
0t
0s
0r
1y
1c
0i
#13021582092
1t
0s
0r
1y
1c
0i
#13021582729
0t
0s
0r
1y
1c
0i
#13021583134
1t
0s
0r
1y
1c
0i
#13021583773
0t
0s
0r
1y
1c
0i
#13021584176
1t
0s
0r
1y
1c
0i
#13021584811
0t
0s
0r
1y
1c
0i
#13021585216
1t
0s
0r
1y
1c
0i
#13021585853
0t
0s
0r
1y
1c
0i
#13021586256
1t
0s
0r
1y
1c
0i
#13021586895
0t
0s
0r
1y
1c
0i
#13021587300
1t
0s
0r
1y
1c
0i
#13021587935
0t
0s
0r
1y
1c
0i
#13021588341
1t
0s
0r
1y
1c
0i
#13021588978
0t
0s
0r
1y
1c
0i
#13021589383
1t
0s
0r
1y
0c
0i
#13021590025
0t
0s
0r
1y
0c
0i
#13021590429
1t
0s
0r
1y
0c
1i
#13021591068
0t
0s
0r
1y
0c
1i
#13021591473
1t
0s
0r
1y
0c
1i
#13021592114
0t
0s
0r
1y
0c
1i
#13021592521
1t
0s
0r
1y
0c
1i
#13021592588
1t
0s
1r
1y
0c
1i
#13021592590
1t
0s
0r
1y
0c
1i
#13021593164
0t
0s
0r
1y
0c
0i
#13021593569
1t
0s
0r
1y
0c
0i
#13021594210
0t
0s
0r
1y
0c
0i
#13021594616
1t
0s
0r
1y
0c
0i
#13021595258
0t
0s
0r
1y
0c
0i
#13021595662
1t
0s
0r
1y
0c
0i
#13021596307
0t
0s
0r
1y
0c
0i
#13021596710
1t
0s
0r
1y
0c
0i
#13021597351
0t
0s
0r
1y
0c
0i
#13021597757
1t
0s
0r
1y
0c
0i
#13021598398
0t
0s
0r
1y
0c
0i
#13021598803
1t
0s
0r
1y
0c
0i
#13021599447
0t
0s
0r
1y
0c
0i
#13021599850
1t
0s
0r
1y
0c
0i
#13021600490
0t
0s
0r
1y
0c
0i
#13021600894
1t
0s
0r
1y
0c
0i
#13021601535
0t
0s
0r
1y
0c
0i
#13021601938
1t
0s
0r
1y
0c
0i
#13021602582
0t
0s
0r
1y
0c
0i
#13021602984
1t
0s
0r
1y
0c
0i
#13021603624
0t
0s
0r
1y
0c
0i
#13021604027
1t
0s
0r
1y
0c
0i
#13021604668
0t
0s
0r
1y
0c
0i
#13021605071
1t
0s
0r
1y
0c
0i
#13021605714
0t
0s
0r
1y
0c
0i
#13021606116
1t
0s
0r
1y
0c
0i
#13021606757
0t
0s
0r
1y
0c
0i
#13021607160
1t
0s
0r
1y
0c
0i
#13021607801
0t
0s
0r
1y
0c
0i
#13021608206
1t
0s
0r
1y
0c
0i
#13021608849
0t
0s
0r
1y
0c
0i
#13021609252
1t
0s
0r
1y
0c
0i
#13021609891
0t
0s
0r
1y
0c
0i
#13021610296
1t
0s
0r
1y
0c
0i
#13021610937
0t
0s
0r
1y
0c
0i
#13021611341
1t
0s
0r
1y
0c
0i
#13021611984
0t
0s
0r
1y
0c
0i
#13021612387
1t
0s
0r
1y
0c
0i
#13021613025
0t
0s
0r
1y
0c
0i
#13021613431
1t
0s
0r
1y
0c
0i
#13021614070
0t
0s
0r
1y
0c
0i
#13021614475
1t
0s
0r
1y
0c
0i
#13021615117
0t
0s
0r
1y
0c
0i
#13021615521
1t
0s
0r
1y
0c
0i
#13021616159
0t
0s
0r
1y
0c
0i
#13021616564
1t
0s
0r
1y
0c
0i
#13021617203
0t
0s
0r
1y
0c
0i
#13021617608
1t
0s
0r
1y
0c
0i
#13021618249
0t
0s
0r
1y
0c
0i
#13021618655
1t
0s
0r
1y
0c
0i
#13021619292
0t
0s
0r
1y
0c
0i
#13021619700
1t
0s
0r
1y
0c
0i
#13021620340
0t
0s
0r
1y
1c
0i
#13021620746
1t
0s
0r
1y
1c
0i
#13021621391
0t
0s
0r
1y
1c
0i
#13021621796
1t
0s
0r
1y
1c
1i
#13021622438
0t
0s
0r
1y
1c
1i
#13021622845
1t
0s
0r
1y
1c
1i
#13021623489
0t
0s
0r
1y
1c
1i
#13021623897
1t
0s
0r
1y
1c
1i
#13021624544
0t
0s
0r
1y
1c
0i
#13021624950
1t
0s
0r
1y
1c
0i
#13021625593
0t
0s
0r
1y
1c
0i
#13021626000
1t
0s
0r
1y
1c
0i
#13021626645
0t
0s
0r
1y
1c
0i
#13021627051
1t
0s
0r
1y
1c
0i
#13021627698
0t
0s
0r
1y
1c
0i
#13021628104
1t
0s
0r
1y
1c
0i
#13021628744
0t
0s
0r
1y
1c
0i
#13021629153
1t
0s
0r
1y
1c
0i
#13021629793
0t
0s
0r
1y
1c
0i
#13021630202
1t
0s
0r
1y
1c
0i
#13021630845
0t
0s
0r
1y
1c
0i
#13021631250
1t
0s
0r
1y
1c
0i
#13021631888
0t
0s
0r
1y
1c
0i
#13021632295
1t
0s
0r
1y
1c
0i
#13021632932
0t
0s
0r
1y
1c
0i
#13021633338
1t
0s
0r
1y
1c
0i
#13021633977
0t
0s
0r
1y
1c
0i
#13021634383
1t
0s
0r
1y
1c
0i
#13021635016
0t
0s
0r
1y
1c
0i
#13021635424
1t
0s
0r
1y
1c
0i
#13021636060
0t
0s
0r
1y
1c
0i
#13021636466
1t
0s
0r
1y
1c
0i
#13021637104
0t
0s
0r
1y
1c
0i
#13021637509
1t
0s
0r
1y
1c
0i
#13021639165
0t
0s
0r
1y
1c
0i
#13021640331
1t
0s
0r
1y
1c
0i
#13021641283
0t
0s
0r
1y
1c
0i
#13021641675
1t
0s
0r
1y
1c
0i
#13021642316
0t
0s
0r
1y
1c
0i
#13021642719
1t
0s
0r
1y
1c
0i
#13021643357
0t
0s
0r
1y
1c
0i
#13021643761
1t
0s
0r
1y
1c
0i
#13021644398
0t
0s
0r
1y
1c
0i
#13021644804
1t
0s
0r
1y
1c
0i
#13021645441
0t
0s
0r
1y
1c
0i
#13021645845
1t
0s
0r
1y
1c
0i
#13021646485
0t
0s
0r
1y
1c
0i
#13021646887
1t
0s
0r
1y
1c
0i
#13021647523
0t
0s
0r
1y
1c
0i
#13021647927
1t
0s
0r
1y
1c
0i
#13021648564
0t
0s
0r
1y
1c
0i
#13021648967
1t
0s
0r
1y
1c
0i
#13021649606
0t
0s
0r
1y
1c
0i
#13021650011
1t
0s
0r
1y
1c
0i
#13021650646
0t
0s
0r
1y
0c
0i
#13021651052
1t
0s
0r
1y
0c
0i
#13021651689
0t
0s
0r
1y
0c
0i
#13021652094
1t
0s
0r
1y
0c
0i
#13021652736
0t
0s
0r
1y
0c
0i
#13021653139
1t
0s
0r
1y
0c
1i
#13021653779
0t
0s
0r
1y
0c
1i
#13021654184
1t
0s
0r
1y
0c
1i
#13021654824
0t
0s
0r
1y
0c
1i
#13021655231
1t
0s
0r
1y
0c
1i
#13021655874
0t
0s
0r
1y
0c
0i
#13021656279
1t
0s
0r
1y
0c
0i
#13021656919
0t
0s
0r
1y
0c
0i
#13021657325
1t
0s
0r
1y
0c
0i
#13021657966
0t
0s
0r
1y
0c
0i
#13021658370
1t
0s
0r
1y
0c
0i
#13021659013
0t
0s
0r
1y
0c
0i
#13021659416
1t
0s
0r
1y
0c
0i
#13021660053
0t
0s
0r
1y
0c
0i
#13021660459
1t
0s
0r
1y
0c
0i
#13021661096
0t
0s
0r
1y
0c
0i
#13021661499
1t
0s
0r
1y
0c
0i
#13021662137
0t
0s
0r
1y
0c
0i
#13021662537
1t
0s
0r
1y
0c
0i
#13021663171
0t
0s
0r
1y
0c
0i
#13021663572
1t
0s
0r
1y
0c
0i
#13021664205
0t
0s
0r
1y
0c
0i
#13021664605
1t
0s
0r
1y
0c
0i
#13021665240
0t
0s
0r
1y
0c
0i
#13021665638
1t
0s
0r
1y
0c
0i
#13021666269
0t
0s
0r
1y
0c
0i
#13021666669
1t
0s
0r
1y
0c
0i
#13021667301
0t
0s
0r
1y
0c
0i
#13021667700
1t
0s
0r
1y
0c
0i
#13021668336
0t
0s
0r
1y
0c
0i
#13021668734
1t
0s
0r
1y
0c
0i
#13021669367
0t
0s
0r
1y
0c
0i
#13021669767
1t
0s
0r
1y
0c
0i
#13021670400
0t
0s
0r
1y
0c
0i
#13021670802
1t
0s
0r
1y
0c
0i
#13021671437
0t
0s
0r
1y
0c
0i
#13021671837
1t
0s
0r
1y
0c
0i
#13021672469
0t
0s
0r
1y
0c
0i
#13021672871
1t
0s
0r
1y
0c
0i
#13021673504
0t
0s
0r
1y
0c
0i
#13021673905
1t
0s
0r
1y
0c
0i
#13021674541
0t
0s
0r
1y
0c
0i
#13021674941
1t
0s
0r
1y
0c
0i
#13021675572
0t
0s
0r
1y
0c
0i
#13021675975
1t
0s
0r
1y
0c
0i
#13021676607
0t
0s
0r
1y
0c
0i
#13021677009
1t
0s
0r
1y
0c
0i
#13021677644
0t
0s
0r
1y
0c
0i
#13021678044
1t
0s
0r
1y
0c
0i
#13021678675
0t
0s
0r
1y
0c
0i
#13021679077
1t
0s
0r
1y
0c
0i
#13021679709
0t
0s
0r
1y
0c
0i
#13021680111
1t
0s
0r
1y
0c
0i
#13021680745
0t
0s
0r
1y
0c
0i
#13021681148
1t
0s
0r
1y
0c
0i
#13021681778
0t
0s
0r
1y
0c
0i
#13021682181
1t
0s
0r
1y
0c
0i
#13021682814
0t
0s
0r
1y
1c
0i
#13021683217
1t
0s
0r
1y
1c
0i
#13021683854
0t
0s
0r
1y
1c
0i
#13021684256
1t
0s
0r
1y
1c
1i
#13021684890
0t
0s
0r
1y
1c
1i
#13021685294
1t
0s
0r
1y
1c
1i
#13021685930
0t
0s
0r
1y
1c
1i
#13021686334
1t
0s
0r
1y
1c
1i
#13021686974
0t
0s
0r
1y
1c
0i
#13021687376
1t
0s
0r
1y
1c
0i
#13021688012
0t
0s
0r
1y
1c
0i
#13021688416
1t
0s
0r
1y
1c
0i
#13021689052
0t
0s
0r
1y
1c
0i
#13021689456
1t
0s
0r
1y
1c
0i
#13021690095
0t
0s
0r
1y
1c
0i
#13021690498
1t
0s
0r
1y
1c
0i
#13021691131
0t
0s
0r
1y
1c
0i
#13021691537
1t
0s
0r
1y
1c
0i
#13021692172
0t
0s
0r
1y
1c
0i
#13021692577
1t
0s
0r
1y
1c
0i
#13021693215
0t
0s
0r
1y
1c
0i
#13021693619
1t
0s
0r
1y
1c
0i
#13021694253
0t
0s
0r
1y
1c
0i
#13021694658
1t
0s
0r
1y
1c
0i
#13021695293
0t
0s
0r
1y
1c
0i
#13021695698
1t
0s
0r
1y
1c
0i
#13021696336
0t
0s
0r
1y
1c
0i
#13021696741
1t
0s
0r
1y
1c
0i
#13021697374
0t
0s
0r
1y
1c
0i
#13021697780
1t
0s
0r
1y
1c
0i
#13021698414
0t
0s
0r
1y
1c
0i
#13021698820
1t
0s
0r
1y
1c
0i
#13021699457
0t
0s
0r
1y
1c
0i
#13021699861
1t
0s
0r
1y
1c
0i
#13021701512
0t
0s
0r
1y
1c
0i
#13021702674
1t
0s
0r
1y
1c
0i
#13021703623
0t
0s
0r
1y
1c
0i
#13021704014
1t
0s
0r
1y
1c
0i
#13021704652
0t
0s
0r
1y
1c
0i
#13021705054
1t
0s
0r
1y
1c
0i
#13021705690
0t
0s
0r
1y
1c
0i
#13021706092
1t
0s
0r
1y
1c
0i
#13021706727
0t
0s
0r
1y
1c
0i
#13021707131
1t
0s
0r
1y
1c
0i
#13021707767
0t
0s
0r
1y
1c
0i
#13021708169
1t
0s
0r
1y
1c
0i
#13021708806
0t
0s
0r
1y
1c
0i
#13021709207
1t
0s
0r
1y
1c
0i
#13021709841
0t
0s
0r
1y
1c
0i
#13021710244
1t
0s
0r
1y
1c
0i
#13021710879
0t
0s
0r
1y
1c
0i
#13021711281
1t
0s
0r
1y
1c
0i
#13021711918
0t
0s
0r
1y
1c
0i
#13021712320
1t
0s
0r
1y
1c
0i
#13021712953
0t
0s
0r
1y
1c
0i
#13021713358
1t
0s
0r
1y
1c
0i
#13021713992
0t
0s
0r
1y
0c
0i
#13021714396
1t
0s
0r
1y
0c
0i
#13021715035
0t
0s
0r
1y
0c
0i
#13021715438
1t
0s
0r
1y
0c
1i
#13021716074
0t
0s
0r
1y
0c
1i
#13021716478
1t
0s
0r
1y
0c
1i
#13021717115
0t
0s
0r
1y
0c
1i
#13021717521
1t
0s
0r
1y
0c
1i
#13021717621
1t
0s
1r
1y
0c
1i
#13021717623
1t
0s
0r
1y
0c
1i
#13021718162
0t
0s
0r
1y
0c
0i
#13021718565
1t
0s
0r
1y
0c
0i
#13021719202
0t
0s
0r
1y
0c
0i
#13021719606
1t
0s
0r
1y
0c
0i
#13021720244
0t
0s
0r
1y
0c
0i
#13021720647
1t
0s
0r
1y
0c
0i
#13021721288
0t
0s
0r
1y
0c
0i
#13021721690
1t
0s
0r
1y
0c
0i
#13021722326
0t
0s
0r
1y
0c
0i
#13021722731
1t
0s
0r
1y
0c
0i
#13021723367
0t
0s
0r
1y
0c
0i
#13021723770
1t
0s
0r
1y
0c
0i
#13021724409
0t
0s
0r
1y
0c
0i
#13021724809
1t
0s
0r
1y
0c
0i
#13021725445
0t
0s
0r
1y
0c
0i
#13021725847
1t
0s
0r
1y
0c
0i
#13021726482
0t
0s
0r
1y
0c
0i
#13021726883
1t
0s
0r
1y
0c
0i
#13021727521
0t
0s
0r
1y
0c
0i
#13021727920
1t
0s
0r
1y
0c
0i
#13021728554
0t
0s
0r
1y
0c
0i
#13021728955
1t
0s
0r
1y
0c
0i
#13021729591
0t
0s
0r
1y
0c
0i
#13021729990
1t
0s
0r
1y
0c
0i
#13021730630
0t
0s
0r
1y
0c
0i
#13021731028
1t
0s
0r
1y
0c
0i
#13021731663
0t
0s
0r
1y
0c
0i
#13021732064
1t
0s
0r
1y
0c
0i
#13021732700
0t
0s
0r
1y
0c
0i
#13021733102
1t
0s
0r
1y
0c
0i
#13021733740
0t
0s
0r
1y
0c
0i
#13021734141
1t
0s
0r
1y
0c
0i
#13021734775
0t
0s
0r
1y
0c
0i
#13021735178
1t
0s
0r
1y
0c
0i
#13021735813
0t
0s
0r
1y
0c
0i
#13021736215
1t
0s
0r
1y
0c
0i
#13021736854
0t
0s
0r
1y
0c
0i
#13021737255
1t
0s
0r
1y
0c
0i
#13021737888
0t
0s
0r
1y
0c
0i
#13021738292
1t
0s
0r
1y
0c
0i
#13021738927
0t
0s
0r
1y
0c
0i
#13021739330
1t
0s
0r
1y
0c
0i
#13021739967
0t
0s
0r
1y
0c
0i
#13021740368
1t
0s
0r
1y
0c
0i
#13021741001
0t
0s
0r
1y
0c
0i
#13021741405
1t
0s
0r
1y
0c
0i
#13021742039
0t
0s
0r
1y
0c
0i
#13021742442
1t
0s
0r
1y
0c
0i
#13021743078
0t
0s
0r
1y
0c
0i
#13021743482
1t
0s
0r
1y
0c
0i
#13021744114
0t
0s
0r
1y
0c
0i
#13021744519
1t
0s
0r
1y
0c
0i
#13021745154
0t
0s
0r
1y
1c
0i
#13021745559
1t
0s
0r
1y
1c
0i
#13021746198
0t
0s
0r
1y
1c
0i
#13021746601
1t
0s
0r
1y
1c
1i
#13021747238
0t
0s
0r
1y
1c
1i
#13021747643
1t
0s
0r
1y
1c
1i
#13021748281
0t
0s
0r
1y
1c
1i
#13021748686
1t
0s
0r
1y
1c
1i
#13021749328
0t
0s
0r
1y
1c
0i
#13021749732
1t
0s
0r
1y
1c
0i
#13021750369
0t
0s
0r
1y
1c
0i
#13021750774
1t
0s
0r
1y
1c
0i
#13021751414
0t
0s
0r
1y
1c
0i
#13021751818
1t
0s
0r
1y
1c
0i
#13021752459
0t
0s
0r
1y
1c
0i
#13021752863
1t
0s
0r
1y
1c
0i
#13021753499
0t
0s
0r
1y
1c
0i
#13021753906
1t
0s
0r
1y
1c
0i
#13021754542
0t
0s
0r
1y
1c
0i
#13021754948
1t
0s
0r
1y
1c
0i
#13021755588
0t
0s
0r
1y
1c
0i
#13021755992
1t
0s
0r
1y
1c
0i
#13021756627
0t
0s
0r
1y
1c
0i
#13021757033
1t
0s
0r
1y
1c
0i
#13021757669
0t
0s
0r
1y
1c
0i
#13021758075
1t
0s
0r
1y
1c
0i
#13021758712
0t
0s
0r
1y
1c
0i
#13021759118
1t
0s
0r
1y
1c
0i
#13021759750
0t
0s
0r
1y
1c
0i
#13021760158
1t
0s
0r
1y
1c
0i
#13021760792
0t
0s
0r
1y
1c
0i
#13021761198
1t
0s
0r
1y
1c
0i
#13021761835
0t
0s
0r
1y
1c
0i
#13021762240
1t
0s
0r
1y
1c
0i
#13021763893
0t
0s
0r
1y
1c
0i
#13021765057
1t
0s
0r
1y
1c
0i
#13021766005
0t
0s
0r
1y
1c
0i
#13021766398
1t
0s
0r
1y
1c
0i
#13021767036
0t
0s
0r
1y
1c
0i
#13021767439
1t
0s
0r
1y
1c
0i
#13021768075
0t
0s
0r
1y
1c
0i
#13021768478
1t
0s
0r
1y
1c
0i
#13021769114
0t
0s
0r
1y
1c
0i
#13021769518
1t
0s
0r
1y
1c
0i
#13021770154
0t
0s
0r
1y
1c
0i
#13021770557
1t
0s
0r
1y
1c
0i
#13021771195
0t
0s
0r
1y
1c
0i
#13021771596
1t
0s
0r
1y
1c
0i
#13021772230
0t
0s
0r
1y
1c
0i
#13021772634
1t
0s
0r
1y
1c
0i
#13021773269
0t
0s
0r
1y
1c
0i
#13021773671
1t
0s
0r
1y
1c
0i
#13021774308
0t
0s
0r
1y
1c
0i
#13021774712
1t
0s
0r
1y
1c
0i
#13021775346
0t
0s
0r
1y
0c
0i
#13021775750
1t
0s
0r
1y
0c
0i
#13021776386
0t
0s
0r
1y
0c
0i
#13021776789
1t
0s
0r
1y
0c
0i
#13021777429
0t
0s
0r
1y
0c
0i
#13021777832
1t
0s
0r
1y
0c
1i
#13021778469
0t
0s
0r
1y
0c
1i
#13021778873
1t
0s
0r
1y
0c
1i
#13021779512
0t
0s
0r
1y
0c
1i
#13021779917
1t
0s
0r
1y
0c
1i
#13021780559
0t
0s
0r
1y
0c
0i
#13021780962
1t
0s
0r
1y
0c
0i
#13021781601
0t
0s
0r
1y
0c
0i
#13021782005
1t
0s
0r
1y
0c
0i
#13021782644
0t
0s
0r
1y
0c
0i
#13021783048
1t
0s
0r
1y
0c
0i
#13021783690
0t
0s
0r
1y
0c
0i
#13021784092
1t
0s
0r
1y
0c
0i
#13021784729
0t
0s
0r
1y
0c
0i
#13021785134
1t
0s
0r
1y
0c
0i
#13021785771
0t
0s
0r
1y
0c
0i
#13021786174
1t
0s
0r
1y
0c
0i
#13021786814
0t
0s
0r
1y
0c
0i
#13021787215
1t
0s
0r
1y
0c
0i
#13021787851
0t
0s
0r
1y
0c
0i
#13021788253
1t
0s
0r
1y
0c
0i
#13021788889
0t
0s
0r
1y
0c
0i
#13021789290
1t
0s
0r
1y
0c
0i
#13021789929
0t
0s
0r
1y
0c
0i
#13021790329
1t
0s
0r
1y
0c
0i
#13021790963
0t
0s
0r
1y
0c
0i
#13021791364
1t
0s
0r
1y
0c
0i
#13021791999
0t
0s
0r
1y
0c
0i
#13021792400
1t
0s
0r
1y
0c
0i
#13021793039
0t
0s
0r
1y
0c
0i
#13021793438
1t
0s
0r
1y
0c
0i
#13021794073
0t
0s
0r
1y
0c
0i
#13021794475
1t
0s
0r
1y
0c
0i
#13021795110
0t
0s
0r
1y
0c
0i
#13021795513
1t
0s
0r
1y
0c
0i
#13021796150
0t
0s
0r
1y
0c
0i
#13021796551
1t
0s
0r
1y
0c
0i
#13021797185
0t
0s
0r
1y
0c
0i
#13021797588
1t
0s
0r
1y
0c
0i
#13021798223
0t
0s
0r
1y
0c
0i
#13021798625
1t
0s
0r
1y
0c
0i
#13021799262
0t
0s
0r
1y
0c
0i
#13021799663
1t
0s
0r
1y
0c
0i
#13021800296
0t
0s
0r
1y
0c
0i
#13021800700
1t
0s
0r
1y
0c
0i
#13021801333
0t
0s
0r
1y
0c
0i
#13021801736
1t
0s
0r
1y
0c
0i
#13021802372
0t
0s
0r
1y
0c
0i
#13021802774
1t
0s
0r
1y
0c
0i
#13021803406
0t
0s
0r
1y
0c
0i
#13021803809
1t
0s
0r
1y
0c
0i
#13021804442
0t
0s
0r
1y
0c
0i
#13021804844
1t
0s
0r
1y
0c
0i
#13021805480
0t
0s
0r
1y
0c
0i
#13021805883
1t
0s
0r
1y
0c
0i
#13021806514
0t
0s
0r
1y
0c
0i
#13021806919
1t
0s
0r
1y
0c
0i
#13021807553
0t
0s
0r
1y
1c
0i
#13021807956
1t
0s
0r
1y
1c
0i
#13021808595
0t
0s
0r
1y
1c
0i
#13021808997
1t
0s
0r
1y
1c
1i
#13021809633
0t
0s
0r
1y
1c
1i
#13021810037
1t
0s
0r
1y
1c
1i
#13021810675
0t
0s
0r
1y
1c
1i
#13021811079
1t
0s
0r
1y
1c
1i
#13021811720
0t
0s
0r
1y
1c
0i
#13021812123
1t
0s
0r
1y
1c
0i
#13021812760
0t
0s
0r
1y
1c
0i
#13021813165
1t
0s
0r
1y
1c
0i
#13021813802
0t
0s
0r
1y
1c
0i
#13021814207
1t
0s
0r
1y
1c
0i
#13021814847
0t
0s
0r
1y
1c
0i
#13021815251
1t
0s
0r
1y
1c
0i
#13021815886
0t
0s
0r
1y
1c
0i
#13021816293
1t
0s
0r
1y
1c
0i
#13021816930
0t
0s
0r
1y
1c
0i
#13021817336
1t
0s
0r
1y
1c
0i
#13021817977
0t
0s
0r
1y
1c
0i
#13021818382
1t
0s
0r
1y
1c
0i
#13021819018
0t
0s
0r
1y
1c
0i
#13021819425
1t
0s
0r
1y
1c
0i
#13021820064
0t
0s
0r
1y
1c
0i
#13021820470
1t
0s
0r
1y
1c
0i
#13021821111
0t
0s
0r
1y
1c
0i
#13021821518
1t
0s
0r
1y
1c
0i
#13021822156
0t
0s
0r
1y
1c
0i
#13021822565
1t
0s
0r
1y
1c
0i
#13021823204
0t
0s
0r
1y
1c
0i
#13021823612
1t
0s
0r
1y
1c
0i
#13021824254
0t
0s
0r
1y
1c
0i
#13021824661
1t
0s
0r
1y
1c
0i
#13021826326
0t
0s
0r
1y
1c
0i
#13021827498
1t
0s
0r
1y
1c
0i
#13021828455
0t
0s
0r
1y
1c
0i
#13021828848
1t
0s
0r
1y
1c
0i
#13021829492
0t
0s
0r
1y
1c
0i
#13021829896
1t
0s
0r
1y
1c
0i
#13021830538
0t
0s
0r
1y
1c
0i
#13021830942
1t
0s
0r
1y
1c
0i
#13021831583
0t
0s
0r
1y
1c
0i
#13021831989
1t
0s
0r
1y
1c
0i
#13021832629
0t
0s
0r
1y
1c
0i
#13021833034
1t
0s
0r
1y
1c
0i
#13021833676
0t
0s
0r
1y
1c
0i
#13021834080
1t
0s
0r
1y
1c
0i
#13021834718
0t
0s
0r
1y
1c
0i
#13021835123
1t
0s
0r
1y
1c
0i
#13021835763
0t
0s
0r
1y
1c
0i
#13021836168
1t
0s
0r
1y
1c
0i
#13021836809
0t
0s
0r
1y
1c
0i
#13021837215
1t
0s
0r
1y
1c
0i
#13021837853
0t
0s
0r
1y
1c
0i
#13021838260
1t
0s
0r
1y
1c
0i
#13021838900
0t
0s
0r
1y
0c
0i
#13021839307
1t
0s
0r
1y
0c
0i
#13021839951
0t
0s
0r
1y
0c
0i
#13021840357
1t
0s
0r
1y
0c
1i
#13021840999
0t
0s
0r
1y
0c
1i
#13021841405
1t
0s
0r
1y
0c
1i
#13021842049
0t
0s
0r
1y
0c
1i
#13021842415
0t
0s
1r
1y
0c
1i
#13021842417
0t
0s
0r
1y
0c
1i
#13021842457
1t
0s
0r
1y
0c
1i
#13021843104
0t
0s
0r
1y
0c
0i
#13021843510
1t
0s
0r
1y
0c
0i
#13021844153
0t
0s
0r
1y
0c
0i
#13021844560
1t
0s
0r
1y
0c
0i
#13021845204
0t
0s
0r
1y
0c
0i
#13021845610
1t
0s
0r
1y
0c
0i
#13021846257
0t
0s
0r
1y
0c
0i
#13021846661
1t
0s
0r
1y
0c
0i
#13021847304
0t
0s
0r
1y
0c
0i
#13021847711
1t
0s
0r
1y
0c
0i
#13021848354
0t
0s
0r
1y
0c
0i
#13021848760
1t
0s
0r
1y
0c
0i
#13021849406
0t
0s
0r
1y
0c
0i
#13021849810
1t
0s
0r
1y
0c
0i
#13021850453
0t
0s
0r
1y
0c
0i
#13021850859
1t
0s
0r
1y
0c
0i
#13021851503
0t
0s
0r
1y
0c
0i
#13021851907
1t
0s
0r
1y
0c
0i
#13021852555
0t
0s
0r
1y
0c
0i
#13021852958
1t
0s
0r
1y
0c
0i
#13021853601
0t
0s
0r
1y
0c
0i
#13021854005
1t
0s
0r
1y
0c
0i
#13021854650
0t
0s
0r
1y
0c
0i
#13021855054
1t
0s
0r
1y
0c
0i
#13021855701
0t
0s
0r
1y
0c
0i
#13021856104
1t
0s
0r
1y
0c
0i
#13021856748
0t
0s
0r
1y
0c
0i
#13021857153
1t
0s
0r
1y
0c
0i
#13021857797
0t
0s
0r
1y
0c
0i
#13021858203
1t
0s
0r
1y
0c
0i
#13021858848
0t
0s
0r
1y
0c
0i
#13021859253
1t
0s
0r
1y
0c
0i
#13021859895
0t
0s
0r
1y
0c
0i
#13021860301
1t
0s
0r
1y
0c
0i
#13021860944
0t
0s
0r
1y
0c
0i
#13021861350
1t
0s
0r
1y
0c
0i
#13021861996
0t
0s
0r
1y
0c
0i
#13021862401
1t
0s
0r
1y
0c
0i
#13021863041
0t
0s
0r
1y
0c
0i
#13021863449
1t
0s
0r
1y
0c
0i
#13021864091
0t
0s
0r
1y
0c
0i
#13021864497
1t
0s
0r
1y
0c
0i
#13021865142
0t
0s
0r
1y
0c
0i
#13021865547
1t
0s
0r
1y
0c
0i
#13021866188
0t
0s
0r
1y
0c
0i
#13021866595
1t
0s
0r
1y
0c
0i
#13021867237
0t
0s
0r
1y
0c
0i
#13021867644
1t
0s
0r
1y
0c
0i
#13021868288
0t
0s
0r
1y
0c
0i
#13021868695
1t
0s
0r
1y
0c
0i
#13021869336
0t
0s
0r
1y
0c
0i
#13021869745
1t
0s
0r
1y
0c
0i
#13021870388
0t
0s
0r
1y
1c
0i
#13021870796
1t
0s
0r
1y
1c
0i
#13021871444
0t
0s
0r
1y
1c
0i
#13021871851
1t
0s
0r
1y
1c
1i
#13021872496
0t
0s
0r
1y
1c
1i
#13021872905
1t
0s
0r
1y
1c
1i
#13021873552
0t
0s
0r
1y
1c
1i
#13021873961
1t
0s
0r
1y
1c
1i
#13021874611
0t
0s
0r
1y
1c
0i
#13021875019
1t
0s
0r
1y
1c
0i
#13021875665
0t
0s
0r
1y
1c
0i
#13021876074
1t
0s
0r
1y
1c
0i
#13021876721
0t
0s
0r
1y
1c
0i
#13021877130
1t
0s
0r
1y
1c
0i
#13021877779
0t
0s
0r
1y
1c
0i
#13021878187
1t
0s
0r
1y
1c
0i
#13021878831
0t
0s
0r
1y
1c
0i
#13021879242
1t
0s
0r
1y
1c
0i
#13021879886
0t
0s
0r
1y
1c
0i
#13021880296
1t
0s
0r
1y
1c
0i
#13021880943
0t
0s
0r
1y
1c
0i
#13021881351
1t
0s
0r
1y
1c
0i
#13021881993
0t
0s
0r
1y
1c
0i
#13021882404
1t
0s
0r
1y
1c
0i
#13021883046
0t
0s
0r
1y
1c
0i
#13021883456
1t
0s
0r
1y
1c
0i
#13021884100
0t
0s
0r
1y
1c
0i
#13021884509
1t
0s
0r
1y
1c
0i
#13021885149
0t
0s
0r
1y
1c
0i
#13021885560
1t
0s
0r
1y
1c
0i
#13021886201
0t
0s
0r
1y
1c
0i
#13021886610
1t
0s
0r
1y
1c
0i
#13021887254
0t
0s
0r
1y
1c
0i
#13021887662
1t
0s
0r
1y
1c
0i
#13021889331
0t
0s
0r
1y
1c
0i
#13021890506
1t
0s
0r
1y
1c
0i
#13021891465
0t
0s
0r
1y
1c
0i
#13021891861
1t
0s
0r
1y
1c
0i
#13021892507
0t
0s
0r
1y
1c
0i
#13021892913
1t
0s
0r
1y
1c
0i
#13021893556
0t
0s
0r
1y
1c
0i
#13021893963
1t
0s
0r
1y
1c
0i
#13021894606
0t
0s
0r
1y
1c
0i
#13021895014
1t
0s
0r
1y
1c
0i
#13021895656
0t
0s
0r
1y
1c
0i
#13021896063
1t
0s
0r
1y
1c
0i
#13021896708
0t
0s
0r
1y
1c
0i
#13021897113
1t
0s
0r
1y
1c
0i
#13021897754
0t
0s
0r
1y
1c
0i
#13021898161
1t
0s
0r
1y
1c
0i
#13021898804
0t
0s
0r
1y
1c
0i
#13021899210
1t
0s
0r
1y
1c
0i
#13021899854
0t
0s
0r
1y
1c
0i
#13021900261
1t
0s
0r
1y
1c
0i
#13021900902
0t
0s
0r
1y
0c
0i
#13021901311
1t
0s
0r
1y
0c
0i
#13021901954
0t
0s
0r
1y
0c
0i
#13021902361
1t
0s
0r
1y
0c
0i
#13021903009
0t
0s
0r
1y
0c
0i
#13021903415
1t
0s
0r
1y
0c
1i
#13021904060
0t
0s
0r
1y
0c
1i
#13021904468
1t
0s
0r
1y
0c
1i
#13021905114
0t
0s
0r
1y
0c
1i
#13021905524
1t
0s
0r
1y
0c
1i
#13021906173
0t
0s
0r
1y
0c
0i
#13021906580
1t
0s
0r
1y
0c
0i
#13021907225
0t
0s
0r
1y
0c
0i
#13021907634
1t
0s
0r
1y
0c
0i
#13021908281
0t
0s
0r
1y
0c
0i
#13021908688
1t
0s
0r
1y
0c
0i
#13021909336
0t
0s
0r
1y
0c
0i
#13021909742
1t
0s
0r
1y
0c
0i
#13021910385
0t
0s
0r
1y
0c
0i
#13021910793
1t
0s
0r
1y
0c
0i
#13021911435
0t
0s
0r
1y
0c
0i
#13021911840
1t
0s
0r
1y
0c
0i
#13021912484
0t
0s
0r
1y
0c
0i
#13021912887
1t
0s
0r
1y
0c
0i
#13021913526
0t
0s
0r
1y
0c
0i
#13021913930
1t
0s
0r
1y
0c
0i
#13021914569
0t
0s
0r
1y
0c
0i
#13021914972
1t
0s
0r
1y
0c
0i
#13021915613
0t
0s
0r
1y
0c
0i
#13021916014
1t
0s
0r
1y
0c
0i
#13021916651
0t
0s
0r
1y
0c
0i
#13021917053
1t
0s
0r
1y
0c
0i
#13021917692
0t
0s
0r
1y
0c
0i
#13021918093
1t
0s
0r
1y
0c
0i
#13021918735
0t
0s
0r
1y
0c
0i
#13021919136
1t
0s
0r
1y
0c
0i
#13021919774
0t
0s
0r
1y
0c
0i
#13021920177
1t
0s
0r
1y
0c
0i
#13021920816
0t
0s
0r
1y
0c
0i
#13021921221
1t
0s
0r
1y
0c
0i
#13021921862
0t
0s
0r
1y
0c
0i
#13021922265
1t
0s
0r
1y
0c
0i
#13021922902
0t
0s
0r
1y
0c
0i
#13021923307
1t
0s
0r
1y
0c
0i
#13021923946
0t
0s
0r
1y
0c
0i
#13021924351
1t
0s
0r
1y
0c
0i
#13021924992
0t
0s
0r
1y
0c
0i
#13021925395
1t
0s
0r
1y
0c
0i
#13021926033
0t
0s
0r
1y
0c
0i
#13021926438
1t
0s
0r
1y
0c
0i
#13021927076
0t
0s
0r
1y
0c
0i
#13021927481
1t
0s
0r
1y
0c
0i
#13021928122
0t
0s
0r
1y
0c
0i
#13021928525
1t
0s
0r
1y
0c
0i
#13021929162
0t
0s
0r
1y
0c
0i
#13021929567
1t
0s
0r
1y
0c
0i
#13021930205
0t
0s
0r
1y
0c
0i
#13021930609
1t
0s
0r
1y
0c
0i
#13021931249
0t
0s
0r
1y
0c
0i
#13021931655
1t
0s
0r
1y
0c
0i
#13021932290
0t
0s
0r
1y
0c
0i
#13021932697
1t
0s
0r
1y
0c
0i
#13021933336
0t
0s
0r
1y
1c
0i
#13021933742
1t
0s
0r
1y
1c
0i
#13021934385
0t
0s
0r
1y
1c
0i
#13021934790
1t
0s
0r
1y
1c
1i
#13021935430
0t
0s
0r
1y
1c
1i
#13021935837
1t
0s
0r
1y
1c
1i
#13021936479
0t
0s
0r
1y
1c
1i
#13021936886
1t
0s
0r
1y
1c
1i
#13021937532
0t
0s
0r
1y
1c
0i
#13021937937
1t
0s
0r
1y
1c
0i
#13021938579
0t
0s
0r
1y
1c
0i
#13021938986
1t
0s
0r
1y
1c
0i
#13021939629
0t
0s
0r
1y
1c
0i
#13021940035
1t
0s
0r
1y
1c
0i
#13021940681
0t
0s
0r
1y
1c
0i
#13021941086
1t
0s
0r
1y
1c
0i
#13021941725
0t
0s
0r
1y
1c
0i
#13021942134
1t
0s
0r
1y
1c
0i
#13021942774
0t
0s
0r
1y
1c
0i
#13021943182
1t
0s
0r
1y
1c
0i
#13021943824
0t
0s
0r
1y
1c
0i
#13021944230
1t
0s
0r
1y
1c
0i
#13021944868
0t
0s
0r
1y
1c
0i
#13021945274
1t
0s
0r
1y
1c
0i
#13021945912
0t
0s
0r
1y
1c
0i
#13021946318
1t
0s
0r
1y
1c
0i
#13021946957
0t
0s
0r
1y
1c
0i
#13021947363
1t
0s
0r
1y
1c
0i
#13021947997
0t
0s
0r
1y
1c
0i
#13021948404
1t
0s
0r
1y
1c
0i
#13021949039
0t
0s
0r
1y
1c
0i
#13021949445
1t
0s
0r
1y
1c
0i
#13021950083
0t
0s
0r
1y
1c
0i
#13021950488
1t
0s
0r
1y
1c
0i
#13021952143
0t
0s
0r
1y
1c
0i
#13021953308
1t
0s
0r
1y
1c
0i
#13021954260
0t
0s
0r
1y
1c
0i
#13021954652
1t
0s
0r
1y
1c
0i
#13021955292
0t
0s
0r
1y
1c
0i
#13021955695
1t
0s
0r
1y
1c
0i
#13021956333
0t
0s
0r
1y
1c
0i
#13021956737
1t
0s
0r
1y
1c
0i
#13021957374
0t
0s
0r
1y
1c
0i
#13021957779
1t
0s
0r
1y
1c
0i
#13021958416
0t
0s
0r
1y
1c
0i
#13021958820
1t
0s
0r
1y
1c
0i
#13021959459
0t
0s
0r
1y
1c
0i
#13021959861
1t
0s
0r
1y
1c
0i
#13021960497
0t
0s
0r
1y
1c
0i
#13021960900
1t
0s
0r
1y
1c
0i
#13021961537
0t
0s
0r
1y
1c
0i
#13021961940
1t
0s
0r
1y
1c
0i
#13021962579
0t
0s
0r
1y
1c
0i
#13021962983
1t
0s
0r
1y
1c
0i
#13021963618
0t
0s
0r
1y
1c
0i
#13021964023
1t
0s
0r
1y
1c
0i
#13021964660
0t
0s
0r
1y
0c
0i
#13021965064
1t
0s
0r
1y
0c
0i
#13021965705
0t
0s
0r
1y
0c
0i
#13021966108
1t
0s
0r
1y
0c
1i
#13021966747
0t
0s
0r
1y
0c
1i
#13021967152
1t
0s
0r
1y
0c
1i
#13021967792
0t
0s
0r
1y
0c
1i
#13021968198
1t
0s
0r
1y
0c
1i
#13021968345
1t
0s
1r
1y
0c
1i
#13021968347
1t
0s
0r
1y
0c
1i
#13021968841
0t
0s
0r
1y
0c
0i
#13021969245
1t
0s
0r
1y
0c
0i
#13021969884
0t
0s
0r
1y
0c
0i
#13021970289
1t
0s
0r
1y
0c
0i
#13021970930
0t
0s
0r
1y
0c
0i
#13021971334
1t
0s
0r
1y
0c
0i
#13021971977
0t
0s
0r
1y
0c
0i
#13021972380
1t
0s
0r
1y
0c
0i
#13021973019
0t
0s
0r
1y
0c
0i
#13021973425
1t
0s
0r
1y
0c
0i
#13021974064
0t
0s
0r
1y
0c
0i
#13021974469
1t
0s
0r
1y
0c
0i
#13021975111
0t
0s
0r
1y
0c
0i
#13021975513
1t
0s
0r
1y
0c
0i
#13021976153
0t
0s
0r
1y
0c
0i
#13021976557
1t
0s
0r
1y
0c
0i
#13021977197
0t
0s
0r
1y
0c
0i
#13021977600
1t
0s
0r
1y
0c
0i
#13021978243
0t
0s
0r
1y
0c
0i
#13021978644
1t
0s
0r
1y
0c
0i
#13021979284
0t
0s
0r
1y
0c
0i
#13021979686
1t
0s
0r
1y
0c
0i
#13021980327
0t
0s
0r
1y
0c
0i
#13021980729
1t
0s
0r
1y
0c
0i
#13021981373
0t
0s
0r
1y
0c
0i
#13021981774
1t
0s
0r
1y
0c
0i
#13021982414
0t
0s
0r
1y
0c
0i
#13021982817
1t
0s
0r
1y
0c
0i
#13021983457
0t
0s
0r
1y
0c
0i
#13021983862
1t
0s
0r
1y
0c
0i
#13021984504
0t
0s
0r
1y
0c
0i
#13021984907
1t
0s
0r
1y
0c
0i
#13021985545
0t
0s
0r
1y
0c
0i
#13021985949
1t
0s
0r
1y
0c
0i
#13021986589
0t
0s
0r
1y
0c
0i
#13021986993
1t
0s
0r
1y
0c
0i
#13021987636
0t
0s
0r
1y
0c
0i
#13021988038
1t
0s
0r
1y
0c
0i
#13021988676
0t
0s
0r
1y
0c
0i
#13021989081
1t
0s
0r
1y
0c
0i
#13021989719
0t
0s
0r
1y
0c
0i
#13021990125
1t
0s
0r
1y
0c
0i
#13021990766
0t
0s
0r
1y
0c
0i
#13021991169
1t
0s
0r
1y
0c
0i
#13021991806
0t
0s
0r
1y
0c
0i
#13021992211
1t
0s
0r
1y
0c
0i
#13021992850
0t
0s
0r
1y
0c
0i
#13021993255
1t
0s
0r
1y
0c
0i
#13021993895
0t
0s
0r
1y
0c
0i
#13021994301
1t
0s
0r
1y
0c
0i
#13021994937
0t
0s
0r
1y
0c
0i
#13021995344
1t
0s
0r
1y
0c
0i
#13021995983
0t
0s
0r
1y
1c
0i
#13021996390
1t
0s
0r
1y
1c
0i
#13021997033
0t
0s
0r
1y
1c
0i
#13021997438
1t
0s
0r
1y
1c
1i
#13021998079
0t
0s
0r
1y
1c
1i
#13021998486
1t
0s
0r
1y
1c
1i
#13021999128
0t
0s
0r
1y
1c
1i
#13021999535
1t
0s
0r
1y
1c
1i
#13022000182
0t
0s
0r
1y
1c
0i
#13022000587
1t
0s
0r
1y
1c
0i
#13022001229
0t
0s
0r
1y
1c
0i
#13022001636
1t
0s
0r
1y
1c
0i
#13022002279
0t
0s
0r
1y
1c
0i
#13022002686
1t
0s
0r
1y
1c
0i
#13022003331
0t
0s
0r
1y
1c
0i
#13022003736
1t
0s
0r
1y
1c
0i
#13022004376
0t
0s
0r
1y
1c
0i
#13022004785
1t
0s
0r
1y
1c
0i
#13022005425
0t
0s
0r
1y
1c
0i
#13022005833
1t
0s
0r
1y
1c
0i
#13022006475
0t
0s
0r
1y
1c
0i
#13022006881
1t
0s
0r
1y
1c
0i
#13022007519
0t
0s
0r
1y
1c
0i
#13022007926
1t
0s
0r
1y
1c
0i
#13022008564
0t
0s
0r
1y
1c
0i
#13022008971
1t
0s
0r
1y
1c
0i
#13022009610
0t
0s
0r
1y
1c
0i
#13022010016
1t
0s
0r
1y
1c
0i
#13022010651
0t
0s
0r
1y
1c
0i
#13022011059
1t
0s
0r
1y
1c
0i
#13022011695
0t
0s
0r
1y
1c
0i
#13022012102
1t
0s
0r
1y
1c
0i
#13022012741
0t
0s
0r
1y
1c
0i
#13022013147
1t
0s
0r
1y
1c
0i
#13022014805
0t
0s
0r
1y
1c
0i
#13022015972
1t
0s
0r
1y
1c
0i
#13022016925
0t
0s
0r
1y
1c
0i
#13022017318
1t
0s
0r
1y
1c
0i
#13022017959
0t
0s
0r
1y
1c
0i
#13022018363
1t
0s
0r
1y
1c
0i
#13022019002
0t
0s
0r
1y
1c
0i
#13022019407
1t
0s
0r
1y
1c
0i
#13022020045
0t
0s
0r
1y
1c
0i
#13022020450
1t
0s
0r
1y
1c
0i
#13022021088
0t
0s
0r
1y
1c
0i
#13022021492
1t
0s
0r
1y
1c
0i
#13022022132
0t
0s
0r
1y
1c
0i
#13022022535
1t
0s
0r
1y
1c
0i
#13022023171
0t
0s
0r
1y
1c
0i
#13022023576
1t
0s
0r
1y
1c
0i
#13022024214
0t
0s
0r
1y
1c
0i
#13022024617
1t
0s
0r
1y
1c
0i
#13022025257
0t
0s
0r
1y
1c
0i
#13022025661
1t
0s
0r
1y
1c
0i
#13022026297
0t
0s
0r
1y
1c
0i
#13022026703
1t
0s
0r
1y
1c
0i
#13022027342
0t
0s
0r
1y
0c
0i
#13022027746
1t
0s
0r
1y
0c
0i
#13022028389
0t
0s
0r
1y
0c
0i
#13022028793
1t
0s
0r
1y
0c
1i
#13022029433
0t
0s
0r
1y
0c
1i
#13022029839
1t
0s
0r
1y
0c
1i
#13022030480
0t
0s
0r
1y
0c
1i
#13022030887
1t
0s
0r
1y
0c
1i
#13022031532
0t
0s
0r
1y
0c
0i
#13022031936
1t
0s
0r
1y
0c
0i
#13022032577
0t
0s
0r
1y
0c
0i
#13022032983
1t
0s
0r
1y
0c
0i
#13022033625
0t
0s
0r
1y
0c
0i
#13022034030
1t
0s
0r
1y
0c
0i
#13022034676
0t
0s
0r
1y
0c
0i
#13022035079
1t
0s
0r
1y
0c
0i
#13022035719
0t
0s
0r
1y
0c
0i
#13022036126
1t
0s
0r
1y
0c
0i
#13022036766
0t
0s
0r
1y
0c
0i
#13022037172
1t
0s
0r
1y
0c
0i
#13022037816
0t
0s
0r
1y
0c
0i
#13022038219
1t
0s
0r
1y
0c
0i
#13022038859
0t
0s
0r
1y
0c
0i
#13022039264
1t
0s
0r
1y
0c
0i
#13022039905
0t
0s
0r
1y
0c
0i
#13022040309
1t
0s
0r
1y
0c
0i
#13022040954
0t
0s
0r
1y
0c
0i
#13022041355
1t
0s
0r
1y
0c
0i
#13022041995
0t
0s
0r
1y
0c
0i
#13022042399
1t
0s
0r
1y
0c
0i
#13022043041
0t
0s
0r
1y
0c
0i
#13022043444
1t
0s
0r
1y
0c
0i
#13022044088
0t
0s
0r
1y
0c
0i
#13022044490
1t
0s
0r
1y
0c
0i
#13022045130
0t
0s
0r
1y
0c
0i
#13022045535
1t
0s
0r
1y
0c
0i
#13022046175
0t
0s
0r
1y
0c
0i
#13022046581
1t
0s
0r
1y
0c
0i
#13022047223
0t
0s
0r
1y
0c
0i
#13022047627
1t
0s
0r
1y
0c
0i
#13022048266
0t
0s
0r
1y
0c
0i
#13022048671
1t
0s
0r
1y
0c
0i
#13022049311
0t
0s
0r
1y
0c
0i
#13022049716
1t
0s
0r
1y
0c
0i
#13022050358
0t
0s
0r
1y
0c
0i
#13022050761
1t
0s
0r
1y
0c
0i
#13022051400
0t
0s
0r
1y
0c
0i
#13022051805
1t
0s
0r
1y
0c
0i
#13022052444
0t
0s
0r
1y
0c
0i
#13022052849
1t
0s
0r
1y
0c
0i
#13022053491
0t
0s
0r
1y
0c
0i
#13022053894
1t
0s
0r
1y
0c
0i
#13022054532
0t
0s
0r
1y
0c
0i
#13022054937
1t
0s
0r
1y
0c
0i
#13022055576
0t
0s
0r
1y
0c
0i
#13022055980
1t
0s
0r
1y
0c
0i
#13022056621
0t
0s
0r
1y
0c
0i
#13022057027
1t
0s
0r
1y
0c
0i
#13022057663
0t
0s
0r
1y
0c
0i
#13022058070
1t
0s
0r
1y
0c
0i
#13022058710
0t
0s
0r
1y
1c
0i
#13022059116
1t
0s
0r
1y
1c
0i
#13022059760
0t
0s
0r
1y
1c
0i
#13022060165
1t
0s
0r
1y
1c
1i
#13022060806
0t
0s
0r
1y
1c
1i
#13022061213
1t
0s
0r
1y
1c
1i
#13022061856
0t
0s
0r
1y
1c
1i
#13022062263
1t
0s
0r
1y
1c
1i
#13022062910
0t
0s
0r
1y
1c
0i
#13022063316
1t
0s
0r
1y
1c
0i
#13022063958
0t
0s
0r
1y
1c
0i
#13022064365
1t
0s
0r
1y
1c
0i
#13022065008
0t
0s
0r
1y
1c
0i
#13022065415
1t
0s
0r
1y
1c
0i
#13022066061
0t
0s
0r
1y
1c
0i
#13022066467
1t
0s
0r
1y
1c
0i
#13022067107
0t
0s
0r
1y
1c
0i
#13022067516
1t
0s
0r
1y
1c
0i
#13022068157
0t
0s
0r
1y
1c
0i
#13022068565
1t
0s
0r
1y
1c
0i
#13022069209
0t
0s
0r
1y
1c
0i
#13022069617
1t
0s
0r
1y
1c
0i
#13022070257
0t
0s
0r
1y
1c
0i
#13022070665
1t
0s
0r
1y
1c
0i
#13022071307
0t
0s
0r
1y
1c
0i
#13022071715
1t
0s
0r
1y
1c
0i
#13022072359
0t
0s
0r
1y
1c
0i
#13022072768
1t
0s
0r
1y
1c
0i
#13022073407
0t
0s
0r
1y
1c
0i
#13022073817
1t
0s
0r
1y
1c
0i
#13022074459
0t
0s
0r
1y
1c
0i
#13022074868
1t
0s
0r
1y
1c
0i
#13022075512
0t
0s
0r
1y
1c
0i
#13022075920
1t
0s
0r
1y
1c
0i
#13022077589
0t
0s
0r
1y
1c
0i
#13022078764
1t
0s
0r
1y
1c
0i
#13022079722
0t
0s
0r
1y
1c
0i
#13022080118
1t
0s
0r
1y
1c
0i
#13022080763
0t
0s
0r
1y
1c
0i
#13022081169
1t
0s
0r
1y
1c
0i
#13022081812
0t
0s
0r
1y
1c
0i
#13022082218
1t
0s
0r
1y
1c
0i
#13022082860
0t
0s
0r
1y
1c
0i
#13022083267
1t
0s
0r
1y
1c
0i
#13022083909
0t
0s
0r
1y
1c
0i
#13022084316
1t
0s
0r
1y
1c
0i
#13022084960
0t
0s
0r
1y
1c
0i
#13022085364
1t
0s
0r
1y
1c
0i
#13022086005
0t
0s
0r
1y
1c
0i
#13022086411
1t
0s
0r
1y
1c
0i
#13022087053
0t
0s
0r
1y
1c
0i
#13022087459
1t
0s
0r
1y
1c
0i
#13022088102
0t
0s
0r
1y
1c
0i
#13022088510
1t
0s
0r
1y
1c
0i
#13022089150
0t
0s
0r
1y
1c
0i
#13022089558
1t
0s
0r
1y
1c
0i
#13022090200
0t
0s
0r
1y
0c
0i
#13022090608
1t
0s
0r
1y
0c
0i
#13022091255
0t
0s
0r
1y
0c
0i
#13022091661
1t
0s
0r
1y
0c
1i
#13022092305
0t
0s
0r
1y
0c
1i
#13022092713
1t
0s
0r
1y
0c
1i
#13022093359
0t
0s
0r
1y
0c
1i
#13022093755
0t
0s
1r
1y
0c
1i
#13022093758
0t
0s
0r
1y
0c
1i
#13022093768
1t
0s
0r
1y
0c
1i
#13022094417
0t
0s
0r
1y
0c
0i
#13022094824
1t
0s
0r
1y
0c
0i
#13022095469
0t
0s
0r
1y
0c
0i
#13022095877
1t
0s
0r
1y
0c
0i
#13022096524
0t
0s
0r
1y
0c
0i
#13022096931
1t
0s
0r
1y
0c
0i
#13022097580
0t
0s
0r
1y
0c
0i
#13022097985
1t
0s
0r
1y
0c
0i
#13022098630
0t
0s
0r
1y
0c
0i
#13022099038
1t
0s
0r
1y
0c
0i
#13022099683
0t
0s
0r
1y
0c
0i
#13022100090
1t
0s
0r
1y
0c
0i
#13022100737
0t
0s
0r
1y
0c
0i
#13022101142
1t
0s
0r
1y
0c
0i
#13022101785
0t
0s
0r
1y
0c
0i
#13022102191
1t
0s
0r
1y
0c
0i
#13022102835
0t
0s
0r
1y
0c
0i
#13022103240
1t
0s
0r
1y
0c
0i
#13022103886
0t
0s
0r
1y
0c
0i
#13022104289
1t
0s
0r
1y
0c
0i
#13022104932
0t
0s
0r
1y
0c
0i
#13022105336
1t
0s
0r
1y
0c
0i
#13022105980
0t
0s
0r
1y
0c
0i
#13022106384
1t
0s
0r
1y
0c
0i
#13022107030
0t
0s
0r
1y
0c
0i
#13022107433
1t
0s
0r
1y
0c
0i
#13022108076
0t
0s
0r
1y
0c
0i
#13022108481
1t
0s
0r
1y
0c
0i
#13022109124
0t
0s
0r
1y
0c
0i
#13022109530
1t
0s
0r
1y
0c
0i
#13022110176
0t
0s
0r
1y
0c
0i
#13022110580
1t
0s
0r
1y
0c
0i
#13022111221
0t
0s
0r
1y
0c
0i
#13022111628
1t
0s
0r
1y
0c
0i
#13022112271
0t
0s
0r
1y
0c
0i
#13022112677
1t
0s
0r
1y
0c
0i
#13022113322
0t
0s
0r
1y
0c
0i
#13022113727
1t
0s
0r
1y
0c
0i
#13022114369
0t
0s
0r
1y
0c
0i
#13022114776
1t
0s
0r
1y
0c
0i
#13022115418
0t
0s
0r
1y
0c
0i
#13022115825
1t
0s
0r
1y
0c
0i
#13022116470
0t
0s
0r
1y
0c
0i
#13022116875
1t
0s
0r
1y
0c
0i
#13022117516
0t
0s
0r
1y
0c
0i
#13022117923
1t
0s
0r
1y
0c
0i
#13022118566
0t
0s
0r
1y
0c
0i
#13022118972
1t
0s
0r
1y
0c
0i
#13022119617
0t
0s
0r
1y
0c
0i
#13022120025
1t
0s
0r
1y
0c
0i
#13022120665
0t
0s
0r
1y
0c
0i
#13022121074
1t
0s
0r
1y
0c
0i
#13022121717
0t
0s
0r
1y
1c
0i
#13022122126
1t
0s
0r
1y
1c
0i
#13022122773
0t
0s
0r
1y
1c
0i
#13022123180
1t
0s
0r
1y
1c
1i
#13022123825
0t
0s
0r
1y
1c
1i
#13022124235
1t
0s
0r
1y
1c
1i
#13022124881
0t
0s
0r
1y
1c
1i
#13022125291
1t
0s
0r
1y
1c
1i
#13022125941
0t
0s
0r
1y
1c
0i
#13022126349
1t
0s
0r
1y
1c
0i
#13022126995
0t
0s
0r
1y
1c
0i
#13022127405
1t
0s
0r
1y
1c
0i
#13022128052
0t
0s
0r
1y
1c
0i
#13022128461
1t
0s
0r
1y
1c
0i
#13022129110
0t
0s
0r
1y
1c
0i
#13022129518
1t
0s
0r
1y
1c
0i
#13022130162
0t
0s
0r
1y
1c
0i
#13022130573
1t
0s
0r
1y
1c
0i
#13022131217
0t
0s
0r
1y
1c
0i
#13022131628
1t
0s
0r
1y
1c
0i
#13022132275
0t
0s
0r
1y
1c
0i
#13022132684
1t
0s
0r
1y
1c
0i
#13022133327
0t
0s
0r
1y
1c
0i
#13022133736
1t
0s
0r
1y
1c
0i
#13022134380
0t
0s
0r
1y
1c
0i
#13022134789
1t
0s
0r
1y
1c
0i
#13022135434
0t
0s
0r
1y
1c
0i
#13022135843
1t
0s
0r
1y
1c
0i
#13022136483
0t
0s
0r
1y
1c
0i
#13022136894
1t
0s
0r
1y
1c
0i
#13022137536
0t
0s
0r
1y
1c
0i
#13022137945
1t
0s
0r
1y
1c
0i
#13022138589
0t
0s
0r
1y
1c
0i
#13022138997
1t
0s
0r
1y
1c
0i
#13022140668
0t
0s
0r
1y
1c
0i
#13022141843
1t
0s
0r
1y
1c
0i
#13022142803
0t
0s
0r
1y
1c
0i
#13022143199
1t
0s
0r
1y
1c
0i
#13022143845
0t
0s
0r
1y
1c
0i
#13022144251
1t
0s
0r
1y
1c
0i
#13022144895
0t
0s
0r
1y
1c
0i
#13022145302
1t
0s
0r
1y
1c
0i
#13022145945
0t
0s
0r
1y
1c
0i
#13022146353
1t
0s
0r
1y
1c
0i
#13022146996
0t
0s
0r
1y
1c
0i
#13022147403
1t
0s
0r
1y
1c
0i
#13022148049
0t
0s
0r
1y
1c
0i
#13022148454
1t
0s
0r
1y
1c
0i
#13022149096
0t
0s
0r
1y
1c
0i
#13022149503
1t
0s
0r
1y
1c
0i
#13022150146
0t
0s
0r
1y
1c
0i
#13022150552
1t
0s
0r
1y
1c
0i
#13022151197
0t
0s
0r
1y
1c
0i
#13022151605
1t
0s
0r
1y
1c
0i
#13022152246
0t
0s
0r
1y
1c
0i
#13022152654
1t
0s
0r
1y
1c
0i
#13022153298
0t
0s
0r
1y
0c
0i
#13022153706
1t
0s
0r
1y
0c
0i
#13022154353
0t
0s
0r
1y
0c
0i
#13022154760
1t
0s
0r
1y
0c
1i
#13022155405
0t
0s
0r
1y
0c
1i
#13022155813
1t
0s
0r
1y
0c
1i
#13022156460
0t
0s
0r
1y
0c
1i
#13022156869
1t
0s
0r
1y
0c
1i
#13022157518
0t
0s
0r
1y
0c
0i
#13022157926
1t
0s
0r
1y
0c
0i
#13022158571
0t
0s
0r
1y
0c
0i
#13022158980
1t
0s
0r
1y
0c
0i
#13022159627
0t
0s
0r
1y
0c
0i
#13022160034
1t
0s
0r
1y
0c
0i
#13022160684
0t
0s
0r
1y
0c
0i
#13022161090
1t
0s
0r
1y
0c
0i
#13022161735
0t
0s
0r
1y
0c
0i
#13022162144
1t
0s
0r
1y
0c
0i
#13022162789
0t
0s
0r
1y
0c
0i
#13022163197
1t
0s
0r
1y
0c
0i
#13022163845
0t
0s
0r
1y
0c
0i
#13022164251
1t
0s
0r
1y
0c
0i
#13022164896
0t
0s
0r
1y
0c
0i
#13022165302
1t
0s
0r
1y
0c
0i
#13022165948
0t
0s
0r
1y
0c
0i
#13022166354
1t
0s
0r
1y
0c
0i
#13022167003
0t
0s
0r
1y
0c
0i
#13022167407
1t
0s
0r
1y
0c
0i
#13022168051
0t
0s
0r
1y
0c
0i
#13022168457
1t
0s
0r
1y
0c
0i
#13022169102
0t
0s
0r
1y
0c
0i
#13022169507
1t
0s
0r
1y
0c
0i
#13022170156
0t
0s
0r
1y
0c
0i
#13022170559
1t
0s
0r
1y
0c
0i
#13022171203
0t
0s
0r
1y
0c
0i
#13022171609
1t
0s
0r
1y
0c
0i
#13022172253
0t
0s
0r
1y
0c
0i
#13022172661
1t
0s
0r
1y
0c
0i
#13022173308
0t
0s
0r
1y
0c
0i
#13022173713
1t
0s
0r
1y
0c
0i
#13022174355
0t
0s
0r
1y
0c
0i
#13022174762
1t
0s
0r
1y
0c
0i
#13022175406
0t
0s
0r
1y
0c
0i
#13022175813
1t
0s
0r
1y
0c
0i
#13022176460
0t
0s
0r
1y
0c
0i
#13022176865
1t
0s
0r
1y
0c
0i
#13022177507
0t
0s
0r
1y
0c
0i
#13022177915
1t
0s
0r
1y
0c
0i
#13022178558
0t
0s
0r
1y
0c
0i
#13022178965
1t
0s
0r
1y
0c
0i
#13022179611
0t
0s
0r
1y
0c
0i
#13022180017
1t
0s
0r
1y
0c
0i
#13022180659
0t
0s
0r
1y
0c
0i
#13022181067
1t
0s
0r
1y
0c
0i
#13022181710
0t
0s
0r
1y
0c
0i
#13022182117
1t
0s
0r
1y
0c
0i
#13022182762
0t
0s
0r
1y
0c
0i
#13022183170
1t
0s
0r
1y
0c
0i
#13022183811
0t
0s
0r
1y
0c
0i
#13022184221
1t
0s
0r
1y
0c
0i
#13022184865
0t
0s
0r
1y
1c
0i
#13022185273
1t
0s
0r
1y
1c
0i
#13022185921
0t
0s
0r
1y
1c
0i
#13022186328
1t
0s
0r
1y
1c
1i
#13022186973
0t
0s
0r
1y
1c
1i
#13022187383
1t
0s
0r
1y
1c
1i
#13022188030
0t
0s
0r
1y
1c
1i
#13022188440
1t
0s
0r
1y
1c
1i
#13022189090
0t
0s
0r
1y
1c
0i
#13022189498
1t
0s
0r
1y
1c
0i
#13022190144
0t
0s
0r
1y
1c
0i
#13022190554
1t
0s
0r
1y
1c
0i
#13022191201
0t
0s
0r
1y
1c
0i
#13022191610
1t
0s
0r
1y
1c
0i
#13022192259
0t
0s
0r
1y
1c
0i
#13022192667
1t
0s
0r
1y
1c
0i
#13022193311
0t
0s
0r
1y
1c
0i
#13022193723
1t
0s
0r
1y
1c
0i
#13022194367
0t
0s
0r
1y
1c
0i
#13022194778
1t
0s
0r
1y
1c
0i
#13022195426
0t
0s
0r
1y
1c
0i
#13022195834
1t
0s
0r
1y
1c
0i
#13022196478
0t
0s
0r
1y
1c
0i
#13022196888
1t
0s
0r
1y
1c
0i
#13022197532
0t
0s
0r
1y
1c
0i
#13022197942
1t
0s
0r
1y
1c
0i
#13022198589
0t
0s
0r
1y
1c
0i
#13022198998
1t
0s
0r
1y
1c
0i
#13022199640
0t
0s
0r
1y
1c
0i
#13022200052
1t
0s
0r
1y
1c
0i
#13022200695
0t
0s
0r
1y
1c
0i
#13022201105
1t
0s
0r
1y
1c
0i
#13022201751
0t
0s
0r
1y
1c
0i
#13022202160
1t
0s
0r
1y
1c
0i
#13022203833
0t
0s
0r
1y
1c
0i
#13022205010
1t
0s
0r
1y
1c
0i
#13022205973
0t
0s
0r
1y
1c
0i
#13022206368
1t
0s
0r
1y
1c
0i
#13022207016
0t
0s
0r
1y
1c
0i
#13022207422
1t
0s
0r
1y
1c
0i
#13022208067
0t
0s
0r
1y
1c
0i
#13022208474
1t
0s
0r
1y
1c
0i
#13022209118
0t
0s
0r
1y
1c
0i
#13022209527
1t
0s
0r
1y
1c
0i
#13022210171
0t
0s
0r
1y
1c
0i
#13022210578
1t
0s
0r
1y
1c
0i
#13022211224
0t
0s
0r
1y
1c
0i
#13022211630
1t
0s
0r
1y
1c
0i
#13022212272
0t
0s
0r
1y
1c
0i
#13022212680
1t
0s
0r
1y
1c
0i
#13022213323
0t
0s
0r
1y
1c
0i
#13022213730
1t
0s
0r
1y
1c
0i
#13022214375
0t
0s
0r
1y
1c
0i
#13022214783
1t
0s
0r
1y
1c
0i
#13022215424
0t
0s
0r
1y
1c
0i
#13022215833
1t
0s
0r
1y
1c
0i
#13022216477
0t
0s
0r
1y
0c
0i
#13022216885
1t
0s
0r
1y
0c
0i
#13022217533
0t
0s
0r
1y
0c
0i
#13022217940
1t
0s
0r
1y
0c
1i
#13022218586
0t
0s
0r
1y
0c
1i
#13022218994
1t
0s
0r
1y
0c
1i
#13022219641
0t
0s
0r
1y
0c
1i
#13022220051
1t
0s
0r
1y
0c
1i
#13022220105
1t
0s
1r
1y
0c
1i
#13022220107
1t
0s
0r
1y
0c
1i
#13022220701
0t
0s
0r
1y
0c
0i
#13022221109
1t
0s
0r
1y
0c
0i
#13022221755
0t
0s
0r
1y
0c
0i
#13022222164
1t
0s
0r
1y
0c
0i
#13022222813
0t
0s
0r
1y
0c
0i
#13022223220
1t
0s
0r
1y
0c
0i
#13022223871
0t
0s
0r
1y
0c
0i
#13022224278
1t
0s
0r
1y
0c
0i
#13022224925
0t
0s
0r
1y
0c
0i
#13022225335
1t
0s
0r
1y
0c
0i
#13022225983
0t
0s
0r
1y
0c
0i
#13022226392
1t
0s
0r
1y
0c
0i
#13022227044
0t
0s
0r
1y
0c
0i
#13022227451
1t
0s
0r
1y
0c
0i
#13022228101
0t
0s
0r
1y
0c
0i
#13022228510
1t
0s
0r
1y
0c
0i
#13022229161
0t
0s
0r
1y
0c
0i
#13022229569
1t
0s
0r
1y
0c
0i
#13022230225
0t
0s
0r
1y
0c
0i
#13022230632
1t
0s
0r
1y
0c
0i
#13022231284
0t
0s
0r
1y
0c
0i
#13022231692
1t
0s
0r
1y
0c
0i
#13022232346
0t
0s
0r
1y
0c
0i
#13022232755
1t
0s
0r
1y
0c
0i
#13022233412
0t
0s
0r
1y
0c
0i
#13022233819
1t
0s
0r
1y
0c
0i
#13022234472
0t
0s
0r
1y
0c
0i
#13022234882
1t
0s
0r
1y
0c
0i
#13022235535
0t
0s
0r
1y
0c
0i
#13022235946
1t
0s
0r
1y
0c
0i
#13022236601
0t
0s
0r
1y
0c
0i
#13022237011
1t
0s
0r
1y
0c
0i
#13022237662
0t
0s
0r
1y
0c
0i
#13022238074
1t
0s
0r
1y
0c
0i
#13022238726
0t
0s
0r
1y
0c
0i
#13022239136
1t
0s
0r
1y
0c
0i
#13022239792
0t
0s
0r
1y
0c
0i
#13022240201
1t
0s
0r
1y
0c
0i
#13022240851
0t
0s
0r
1y
0c
0i
#13022241263
1t
0s
0r
1y
0c
0i
#13022241914
0t
0s
0r
1y
0c
0i
#13022242325
1t
0s
0r
1y
0c
0i
#13022242979
0t
0s
0r
1y
0c
0i
#13022243389
1t
0s
0r
1y
0c
0i
#13022244038
0t
0s
0r
1y
0c
0i
#13022244450
1t
0s
0r
1y
0c
0i
#13022245101
0t
0s
0r
1y
0c
0i
#13022245512
1t
0s
0r
1y
0c
0i
#13022246166
0t
0s
0r
1y
0c
0i
#13022246578
1t
0s
0r
1y
0c
0i
#13022247227
0t
0s
0r
1y
0c
0i
#13022247641
1t
0s
0r
1y
0c
0i
#13022248293
0t
0s
0r
1y
1c
0i
#13022248706
1t
0s
0r
1y
1c
0i
#13022249363
0t
0s
0r
1y
1c
0i
#13022249775
1t
0s
0r
1y
1c
1i
#13022250428
0t
0s
0r
1y
1c
1i
#13022250842
1t
0s
0r
1y
1c
1i
#13022251499
0t
0s
0r
1y
1c
1i
#13022251912
1t
0s
0r
1y
1c
1i
#13022252572
0t
0s
0r
1y
1c
0i
#13022252984
1t
0s
0r
1y
1c
0i
#13022253639
0t
0s
0r
1y
1c
0i
#13022254053
1t
0s
0r
1y
1c
0i
#13022254709
0t
0s
0r
1y
1c
0i
#13022255122
1t
0s
0r
1y
1c
0i
#13022255781
0t
0s
0r
1y
1c
0i
#13022256193
1t
0s
0r
1y
1c
0i
#13022256846
0t
0s
0r
1y
1c
0i
#13022257261
1t
0s
0r
1y
1c
0i
#13022257914
0t
0s
0r
1y
1c
0i
#13022258329
1t
0s
0r
1y
1c
0i
#13022258985
0t
0s
0r
1y
1c
0i
#13022259398
1t
0s
0r
1y
1c
0i
#13022260049
0t
0s
0r
1y
1c
0i
#13022260463
1t
0s
0r
1y
1c
0i
#13022261114
0t
0s
0r
1y
1c
0i
#13022261528
1t
0s
0r
1y
1c
0i
#13022262181
0t
0s
0r
1y
1c
0i
#13022262595
1t
0s
0r
1y
1c
0i
#13022263243
0t
0s
0r
1y
1c
0i
#13022263658
1t
0s
0r
1y
1c
0i
#13022264307
0t
0s
0r
1y
1c
0i
#13022264721
1t
0s
0r
1y
1c
0i
#13022265374
0t
0s
0r
1y
1c
0i
#13022265786
1t
0s
0r
1y
1c
0i
#13022267477
0t
0s
0r
1y
1c
0i
#13022268665
1t
0s
0r
1y
1c
0i
#13022269638
0t
0s
0r
1y
1c
0i
#13022270037
1t
0s
0r
1y
1c
0i
#13022270692
0t
0s
0r
1y
1c
0i
#13022271102
1t
0s
0r
1y
1c
0i
#13022271754
0t
0s
0r
1y
1c
0i
#13022272165
1t
0s
0r
1y
1c
0i
#13022272817
0t
0s
0r
1y
1c
0i
#13022273229
1t
0s
0r
1y
1c
0i
#13022273880
0t
0s
0r
1y
1c
0i
#13022274291
1t
0s
0r
1y
1c
0i
#13022274945
0t
0s
0r
1y
1c
0i
#13022275355
1t
0s
0r
1y
1c
0i
#13022276004
0t
0s
0r
1y
1c
0i
#13022276415
1t
0s
0r
1y
1c
0i
#13022277066
0t
0s
0r
1y
1c
0i
#13022277477
1t
0s
0r
1y
1c
0i
#13022278130
0t
0s
0r
1y
1c
0i
#13022278541
1t
0s
0r
1y
1c
0i
#13022279191
0t
0s
0r
1y
1c
0i
#13022279603
1t
0s
0r
1y
1c
0i
#13022280255
0t
0s
0r
1y
0c
0i
#13022280667
1t
0s
0r
1y
0c
0i
#13022281323
0t
0s
0r
1y
0c
0i
#13022281734
1t
0s
0r
1y
0c
1i
#13022282388
0t
0s
0r
1y
0c
1i
#13022282800
1t
0s
0r
1y
0c
1i
#13022283455
0t
0s
0r
1y
0c
1i
#13022283868
1t
0s
0r
1y
0c
1i
#13022284527
0t
0s
0r
1y
0c
0i
#13022284938
1t
0s
0r
1y
0c
0i
#13022285593
0t
0s
0r
1y
0c
0i
#13022286006
1t
0s
0r
1y
0c
0i
#13022286661
0t
0s
0r
1y
0c
0i
#13022287073
1t
0s
0r
1y
0c
0i
#13022287732
0t
0s
0r
1y
0c
0i
#13022288142
1t
0s
0r
1y
0c
0i
#13022288795
0t
0s
0r
1y
0c
0i
#13022289209
1t
0s
0r
1y
0c
0i
#13022289863
0t
0s
0r
1y
0c
0i
#13022290275
1t
0s
0r
1y
0c
0i
#13022290931
0t
0s
0r
1y
0c
0i
#13022291341
1t
0s
0r
1y
0c
0i
#13022291994
0t
0s
0r
1y
0c
0i
#13022292405
1t
0s
0r
1y
0c
0i
#13022293058
0t
0s
0r
1y
0c
0i
#13022293468
1t
0s
0r
1y
0c
0i
#13022294125
0t
0s
0r
1y
0c
0i
#13022294532
1t
0s
0r
1y
0c
0i
#13022295184
0t
0s
0r
1y
0c
0i
#13022295593
1t
0s
0r
1y
0c
0i
#13022296246
0t
0s
0r
1y
0c
0i
#13022296654
1t
0s
0r
1y
0c
0i
#13022297310
0t
0s
0r
1y
0c
0i
#13022297717
1t
0s
0r
1y
0c
0i
#13022298369
0t
0s
0r
1y
0c
0i
#13022298778
1t
0s
0r
1y
0c
0i
#13022299430
0t
0s
0r
1y
0c
0i
#13022299841
1t
0s
0r
1y
0c
0i
#13022300495
0t
0s
0r
1y
0c
0i
#13022300904
1t
0s
0r
1y
0c
0i
#13022301554
0t
0s
0r
1y
0c
0i
#13022301965
1t
0s
0r
1y
0c
0i
#13022302616
0t
0s
0r
1y
0c
0i
#13022303026
1t
0s
0r
1y
0c
0i
#13022303680
0t
0s
0r
1y
0c
0i
#13022304089
1t
0s
0r
1y
0c
0i
#13022304738
0t
0s
0r
1y
0c
0i
#13022305150
1t
0s
0r
1y
0c
0i
#13022305800
0t
0s
0r
1y
0c
0i
#13022306211
1t
0s
0r
1y
0c
0i
#13022306864
0t
0s
0r
1y
0c
0i
#13022307273
1t
0s
0r
1y
0c
0i
#13022307922
0t
0s
0r
1y
0c
0i
#13022308333
1t
0s
0r
1y
0c
0i
#13022308983
0t
0s
0r
1y
0c
0i
#13022309394
1t
0s
0r
1y
0c
0i
#13022310046
0t
0s
0r
1y
0c
0i
#13022310458
1t
0s
0r
1y
0c
0i
#13022311106
0t
0s
0r
1y
0c
0i
#13022311519
1t
0s
0r
1y
0c
0i
#13022312170
0t
0s
0r
1y
1c
0i
#13022312582
1t
0s
0r
1y
1c
0i
#13022313237
0t
0s
0r
1y
1c
0i
#13022313649
1t
0s
0r
1y
1c
1i
#13022314301
0t
0s
0r
1y
1c
1i
#13022314715
1t
0s
0r
1y
1c
1i
#13022315370
0t
0s
0r
1y
1c
1i
#13022315783
1t
0s
0r
1y
1c
1i
#13022316442
0t
0s
0r
1y
1c
0i
#13022316853
1t
0s
0r
1y
1c
0i
#13022317507
0t
0s
0r
1y
1c
0i
#13022317920
1t
0s
0r
1y
1c
0i
#13022318576
0t
0s
0r
1y
1c
0i
#13022318988
1t
0s
0r
1y
1c
0i
#13022319646
0t
0s
0r
1y
1c
0i
#13022320058
1t
0s
0r
1y
1c
0i
#13022320709
0t
0s
0r
1y
1c
0i
#13022321124
1t
0s
0r
1y
1c
0i
#13022321776
0t
0s
0r
1y
1c
0i
#13022322190
1t
0s
0r
1y
1c
0i
#13022322845
0t
0s
0r
1y
1c
0i
#13022323257
1t
0s
0r
1y
1c
0i
#13022323908
0t
0s
0r
1y
1c
0i
#13022324321
1t
0s
0r
1y
1c
0i
#13022324973
0t
0s
0r
1y
1c
0i
#13022325386
1t
0s
0r
1y
1c
0i
#13022326039
0t
0s
0r
1y
1c
0i
#13022326452
1t
0s
0r
1y
1c
0i
#13022327101
0t
0s
0r
1y
1c
0i
#13022327515
1t
0s
0r
1y
1c
0i
#13022328165
0t
0s
0r
1y
1c
0i
#13022328579
1t
0s
0r
1y
1c
0i
#13022329232
0t
0s
0r
1y
1c
0i
#13022329644
1t
0s
0r
1y
1c
0i
#13022331335
0t
0s
0r
1y
1c
0i
#13022332524
1t
0s
0r
1y
1c
0i
#13022333497
0t
0s
0r
1y
1c
0i
#13022333896
1t
0s
0r
1y
1c
0i
#13022334551
0t
0s
0r
1y
1c
0i
#13022334962
1t
0s
0r
1y
1c
0i
#13022335614
0t
0s
0r
1y
1c
0i
#13022336025
1t
0s
0r
1y
1c
0i
#13022336677
0t
0s
0r
1y
1c
0i
#13022337089
1t
0s
0r
1y
1c
0i
#13022337740
0t
0s
0r
1y
1c
0i
#13022338151
1t
0s
0r
1y
1c
0i
#13022338805
0t
0s
0r
1y
1c
0i
#13022339215
1t
0s
0r
1y
1c
0i
#13022339865
0t
0s
0r
1y
1c
0i
#13022340276
1t
0s
0r
1y
1c
0i
#13022340928
0t
0s
0r
1y
1c
0i
#13022341338
1t
0s
0r
1y
1c
0i
#13022341991
0t
0s
0r
1y
1c
0i
#13022342403
1t
0s
0r
1y
1c
0i
#13022343052
0t
0s
0r
1y
0c
0i
#13022343466
1t
0s
0r
1y
0c
0i
#13022344118
0t
0s
0r
1y
0c
0i
#13022344530
1t
0s
0r
1y
0c
0i
#13022345186
0t
0s
0r
1y
0c
0i
#13022345597
1t
0s
0r
1y
0c
1i
#13022346251
0t
0s
0r
1y
0c
1i
#13022346664
1t
0s
0r
1y
0c
1i
#13022347319
0t
0s
0r
1y
0c
1i
#13022347733
1t
0s
0r
1y
0c
1i
#13022347786
1t
0s
1r
1y
0c
1i
#13022347789
1t
0s
0r
1y
0c
1i
#13022348391
0t
0s
0r
1y
0c
0i
#13022348803
1t
0s
0r
1y
0c
0i
#13022349459
0t
0s
0r
1y
0c
0i
#13022349871
1t
0s
0r
1y
0c
0i
#13022350528
0t
0s
0r
1y
0c
0i
#13022350939
1t
0s
0r
1y
0c
0i
#13022351598
0t
0s
0r
1y
0c
0i
#13022352008
1t
0s
0r
1y
0c
0i
#13022352660
0t
0s
0r
1y
0c
0i
#13022353073
1t
0s
0r
1y
0c
0i
#13022353725
0t
0s
0r
1y
0c
0i
#13022354136
1t
0s
0r
1y
0c
0i
#13022354790
0t
0s
0r
1y
0c
0i
#13022355198
1t
0s
0r
1y
0c
0i
#13022355847
0t
0s
0r
1y
0c
0i
#13022356255
1t
0s
0r
1y
0c
0i
#13022356905
0t
0s
0r
1y
0c
0i
#13022357312
1t
0s
0r
1y
0c
0i
#13022357963
0t
0s
0r
1y
0c
0i
#13022358368
1t
0s
0r
1y
0c
0i
#13022359015
0t
0s
0r
1y
0c
0i
#13022359422
1t
0s
0r
1y
0c
0i
#13022360071
0t
0s
0r
1y
0c
0i
#13022360477
1t
0s
0r
1y
0c
0i
#13022361129
0t
0s
0r
1y
0c
0i
#13022361534
1t
0s
0r
1y
0c
0i
#13022362183
0t
0s
0r
1y
0c
0i
#13022362590
1t
0s
0r
1y
0c
0i
#13022363239
0t
0s
0r
1y
0c
0i
#13022363648
1t
0s
0r
1y
0c
0i
#13022364299
0t
0s
0r
1y
0c
0i
#13022364707
1t
0s
0r
1y
0c
0i
#13022365355
0t
0s
0r
1y
0c
0i
#13022365764
1t
0s
0r
1y
0c
0i
#13022366414
0t
0s
0r
1y
0c
0i
#13022366822
1t
0s
0r
1y
0c
0i
#13022367475
0t
0s
0r
1y
0c
0i
#13022367883
1t
0s
0r
1y
0c
0i
#13022368530
0t
0s
0r
1y
0c
0i
#13022368941
1t
0s
0r
1y
0c
0i
#13022369589
0t
0s
0r
1y
0c
0i
#13022369999
1t
0s
0r
1y
0c
0i
#13022370650
0t
0s
0r
1y
0c
0i
#13022371058
1t
0s
0r
1y
0c
0i
#13022371706
0t
0s
0r
1y
0c
0i
#13022372115
1t
0s
0r
1y
0c
0i
#13022372764
0t
0s
0r
1y
0c
0i
#13022373174
1t
0s
0r
1y
0c
0i
#13022373824
0t
0s
0r
1y
0c
0i
#13022374235
1t
0s
0r
1y
0c
0i
#13022374882
0t
0s
0r
1y
0c
0i
#13022375295
1t
0s
0r
1y
0c
0i
#13022375944
0t
0s
0r
1y
1c
0i
#13022376356
1t
0s
0r
1y
1c
0i
#13022377010
0t
0s
0r
1y
1c
0i
#13022377421
1t
0s
0r
1y
1c
1i
#13022378072
0t
0s
0r
1y
1c
1i
#13022378485
1t
0s
0r
1y
1c
1i
#13022379139
0t
0s
0r
1y
1c
1i
#13022379551
1t
0s
0r
1y
1c
1i
#13022380209
0t
0s
0r
1y
1c
0i
#13022380620
1t
0s
0r
1y
1c
0i
#13022381272
0t
0s
0r
1y
1c
0i
#13022381685
1t
0s
0r
1y
1c
0i
#13022382339
0t
0s
0r
1y
1c
0i
#13022382751
1t
0s
0r
1y
1c
0i
#13022383407
0t
0s
0r
1y
1c
0i
#13022383818
1t
0s
0r
1y
1c
0i
#13022384468
0t
0s
0r
1y
1c
0i
#13022384882
1t
0s
0r
1y
1c
0i
#13022385532
0t
0s
0r
1y
1c
0i
#13022385946
1t
0s
0r
1y
1c
0i
#13022386599
0t
0s
0r
1y
1c
0i
#13022387010
1t
0s
0r
1y
1c
0i
#13022387658
0t
0s
0r
1y
1c
0i
#13022388071
1t
0s
0r
1y
1c
0i
#13022388719
0t
0s
0r
1y
1c
0i
#13022389132
1t
0s
0r
1y
1c
0i
#13022389781
0t
0s
0r
1y
1c
0i
#13022390194
1t
0s
0r
1y
1c
0i
#13022390839
0t
0s
0r
1y
1c
0i
#13022391252
1t
0s
0r
1y
1c
0i
#13022391899
0t
0s
0r
1y
1c
0i
#13022392311
1t
0s
0r
1y
1c
0i
#13022392961
0t
0s
0r
1y
1c
0i
#13022393371
1t
0s
0r
1y
1c
0i
#13022395055
0t
0s
0r
1y
1c
0i
#13022396238
1t
0s
0r
1y
1c
0i
#13022397207
0t
0s
0r
1y
1c
0i
#13022397605
1t
0s
0r
1y
1c
0i
#13022398257
0t
0s
0r
1y
1c
0i
#13022398666
1t
0s
0r
1y
1c
0i
#13022399315
0t
0s
0r
1y
1c
0i
#13022399725
1t
0s
0r
1y
1c
0i
#13022400373
0t
0s
0r
1y
1c
0i
#13022400784
1t
0s
0r
1y
1c
0i
#13022401432
0t
0s
0r
1y
1c
0i
#13022401842
1t
0s
0r
1y
1c
0i
#13022402493
0t
0s
0r
1y
1c
0i
#13022402901
1t
0s
0r
1y
1c
0i
#13022403548
0t
0s
0r
1y
1c
0i
#13022403958
1t
0s
0r
1y
1c
0i
#13022404607
0t
0s
0r
1y
1c
0i
#13022405015
1t
0s
0r
1y
1c
0i
#13022405666
0t
0s
0r
1y
1c
0i
#13022406075
1t
0s
0r
1y
1c
0i
#13022406722
0t
0s
0r
1y
1c
0i
#13022407133
1t
0s
0r
1y
1c
0i
#13022407782
0t
0s
0r
1y
0c
0i
#13022408192
1t
0s
0r
1y
0c
0i
#13022408845
0t
0s
0r
1y
0c
0i
#13022409254
1t
0s
0r
1y
0c
1i
#13022409904
0t
0s
0r
1y
0c
1i
#13022410315
1t
0s
0r
1y
0c
1i
#13022410967
0t
0s
0r
1y
0c
1i
#13022411379
1t
0s
0r
1y
0c
1i
#13022412033
0t
0s
0r
1y
0c
0i
#13022412444
1t
0s
0r
1y
0c
0i
#13022413095
0t
0s
0r
1y
0c
0i
#13022413506
1t
0s
0r
1y
0c
0i
#13022414158
0t
0s
0r
1y
0c
0i
#13022414568
1t
0s
0r
1y
0c
0i
#13022415223
0t
0s
0r
1y
0c
0i
#13022415632
1t
0s
0r
1y
0c
0i
#13022416281
0t
0s
0r
1y
0c
0i
#13022416692
1t
0s
0r
1y
0c
0i
#13022417342
0t
0s
0r
1y
0c
0i
#13022417751
1t
0s
0r
1y
0c
0i
#13022418404
0t
0s
0r
1y
0c
0i
#13022418811
1t
0s
0r
1y
0c
0i
#13022419459
0t
0s
0r
1y
0c
0i
#13022419867
1t
0s
0r
1y
0c
0i
#13022420516
0t
0s
0r
1y
0c
0i
#13022420923
1t
0s
0r
1y
0c
0i
#13022421574
0t
0s
0r
1y
0c
0i
#13022421980
1t
0s
0r
1y
0c
0i
#13022422626
0t
0s
0r
1y
0c
0i
#13022423033
1t
0s
0r
1y
0c
0i
#13022423680
0t
0s
0r
1y
0c
0i
#13022424087
1t
0s
0r
1y
0c
0i
#13022424738
0t
0s
0r
1y
0c
0i
#13022425143
1t
0s
0r
1y
0c
0i
#13022425790
0t
0s
0r
1y
0c
0i
#13022426198
1t
0s
0r
1y
0c
0i
#13022426845
0t
0s
0r
1y
0c
0i
#13022427254
1t
0s
0r
1y
0c
0i
#13022427904
0t
0s
0r
1y
0c
0i
#13022428311
1t
0s
0r
1y
0c
0i
#13022428956
0t
0s
0r
1y
0c
0i
#13022429366
1t
0s
0r
1y
0c
0i
#13022430013
0t
0s
0r
1y
0c
0i
#13022430421
1t
0s
0r
1y
0c
0i
#13022431071
0t
0s
0r
1y
0c
0i
#13022431478
1t
0s
0r
1y
0c
0i
#13022432123
0t
0s
0r
1y
0c
0i
#13022432533
1t
0s
0r
1y
0c
0i
#13022433179
0t
0s
0r
1y
0c
0i
#13022433588
1t
0s
0r
1y
0c
0i
#13022434236
0t
0s
0r
1y
0c
0i
#13022434644
1t
0s
0r
1y
0c
0i
#13022435288
0t
0s
0r
1y
0c
0i
#13022435697
1t
0s
0r
1y
0c
0i
#13022436343
0t
0s
0r
1y
0c
0i
#13022436752
1t
0s
0r
1y
0c
0i
#13022437400
0t
0s
0r
1y
0c
0i
#13022437809
1t
0s
0r
1y
0c
0i
#13022438453
0t
0s
0r
1y
0c
0i
#13022438864
1t
0s
0r
1y
0c
0i
#13022439511
0t
0s
0r
1y
1c
0i
#13022439921
1t
0s
0r
1y
1c
0i
#13022440572
0t
0s
0r
1y
1c
0i
#13022440980
1t
0s
0r
1y
1c
1i
#13022441628
0t
0s
0r
1y
1c
1i
#13022442039
1t
0s
0r
1y
1c
1i
#13022442690
0t
0s
0r
1y
1c
1i
#13022443101
1t
0s
0r
1y
1c
1i
#13022443754
0t
0s
0r
1y
1c
0i
#13022444164
1t
0s
0r
1y
1c
0i
#13022444813
0t
0s
0r
1y
1c
0i
#13022445224
1t
0s
0r
1y
1c
0i
#13022445874
0t
0s
0r
1y
1c
0i
#13022446285
1t
0s
0r
1y
1c
0i
#13022446938
0t
0s
0r
1y
1c
0i
#13022447347
1t
0s
0r
1y
1c
0i
#13022447995
0t
0s
0r
1y
1c
0i
#13022448407
1t
0s
0r
1y
1c
0i
#13022449055
0t
0s
0r
1y
1c
0i
#13022449467
1t
0s
0r
1y
1c
0i
#13022450118
0t
0s
0r
1y
1c
0i
#13022450527
1t
0s
0r
1y
1c
0i
#13022451173
0t
0s
0r
1y
1c
0i
#13022451584
1t
0s
0r
1y
1c
0i
#13022452229
0t
0s
0r
1y
1c
0i
#13022452640
1t
0s
0r
1y
1c
0i
#13022453287
0t
0s
0r
1y
1c
0i
#13022453697
1t
0s
0r
1y
1c
0i
#13022454340
0t
0s
0r
1y
1c
0i
#13022454751
1t
0s
0r
1y
1c
0i
#13022455394
0t
0s
0r
1y
1c
0i
#13022455805
1t
0s
0r
1y
1c
0i
#13022456451
0t
0s
0r
1y
1c
0i
#13022456860
1t
0s
0r
1y
1c
0i
#13022458536
0t
0s
0r
1y
1c
0i
#13022459713
1t
0s
0r
1y
1c
0i
#13022460677
0t
0s
0r
1y
1c
0i
#13022461074
1t
0s
0r
1y
1c
0i
#13022461722
0t
0s
0r
1y
1c
0i
#13022462129
1t
0s
0r
1y
1c
0i
#13022462775
0t
0s
0r
1y
1c
0i
#13022463183
1t
0s
0r
1y
1c
0i
#13022463828
0t
0s
0r
1y
1c
0i
#13022464237
1t
0s
0r
1y
1c
0i
#13022464882
0t
0s
0r
1y
1c
0i
#13022465290
1t
0s
0r
1y
1c
0i
#13022465937
0t
0s
0r
1y
1c
0i
#13022466343
1t
0s
0r
1y
1c
0i
#13022466987
0t
0s
0r
1y
1c
0i
#13022467395
1t
0s
0r
1y
1c
0i
#13022468039
0t
0s
0r
1y
1c
0i
#13022468447
1t
0s
0r
1y
1c
0i
#13022469093
0t
0s
0r
1y
1c
0i
#13022469501
1t
0s
0r
1y
1c
0i
#13022470144
0t
0s
0r
1y
1c
0i
#13022470553
1t
0s
0r
1y
1c
0i
#13022471198
0t
0s
0r
1y
0c
0i
#13022471607
1t
0s
0r
1y
0c
0i
#13022472256
0t
0s
0r
1y
0c
0i
#13022472664
1t
0s
0r
1y
0c
1i
#13022473311
0t
0s
0r
1y
0c
1i
#13022473720
1t
0s
0r
1y
0c
1i
#13022474368
0t
0s
0r
1y
0c
1i
#13022474778
1t
0s
0r
1y
0c
1i
#13022474915
1t
0s
1r
1y
0c
1i
#13022474917
1t
0s
0r
1y
0c
1i
#13022475430
0t
0s
0r
1y
0c
0i
#13022475839
1t
0s
0r
1y
0c
0i
#13022476487
0t
0s
0r
1y
0c
0i
#13022476896
1t
0s
0r
1y
0c
0i
#13022477545
0t
0s
0r
1y
0c
0i
#13022477954
1t
0s
0r
1y
0c
0i
#13022478607
0t
0s
0r
1y
0c
0i
#13022479014
1t
0s
0r
1y
0c
0i
#13022479662
0t
0s
0r
1y
0c
0i
#13022480072
1t
0s
0r
1y
0c
0i
#13022480721
0t
0s
0r
1y
0c
0i
#13022481130
1t
0s
0r
1y
0c
0i
#13022481782
0t
0s
0r
1y
0c
0i
#13022482189
1t
0s
0r
1y
0c
0i
#13022482839
0t
0s
0r
1y
0c
0i
#13022483247
1t
0s
0r
1y
0c
0i
#13022483898
0t
0s
0r
1y
0c
0i
#13022484306
1t
0s
0r
1y
0c
0i
#13022484960
0t
0s
0r
1y
0c
0i
#13022485366
1t
0s
0r
1y
0c
0i
#13022486016
0t
0s
0r
1y
0c
0i
#13022486424
1t
0s
0r
1y
0c
0i
#13022487075
0t
0s
0r
1y
0c
0i
#13022487483
1t
0s
0r
1y
0c
0i
#13022488138
0t
0s
0r
1y
0c
0i
#13022488544
1t
0s
0r
1y
0c
0i
#13022489195
0t
0s
0r
1y
0c
0i
#13022489604
1t
0s
0r
1y
0c
0i
#13022490254
0t
0s
0r
1y
0c
0i
#13022490664
1t
0s
0r
1y
0c
0i
#13022491317
0t
0s
0r
1y
0c
0i
#13022491725
1t
0s
0r
1y
0c
0i
#13022492374
0t
0s
0r
1y
0c
0i
#13022492784
1t
0s
0r
1y
0c
0i
#13022493434
0t
0s
0r
1y
0c
0i
#13022493843
1t
0s
0r
1y
0c
0i
#13022494496
0t
0s
0r
1y
0c
0i
#13022494904
1t
0s
0r
1y
0c
0i
#13022495551
0t
0s
0r
1y
0c
0i
#13022495962
1t
0s
0r
1y
0c
0i
#13022496611
0t
0s
0r
1y
0c
0i
#13022497021
1t
0s
0r
1y
0c
0i
#13022497672
0t
0s
0r
1y
0c
0i
#13022498081
1t
0s
0r
1y
0c
0i
#13022498728
0t
0s
0r
1y
0c
0i
#13022499139
1t
0s
0r
1y
0c
0i
#13022499788
0t
0s
0r
1y
0c
0i
#13022500198
1t
0s
0r
1y
0c
0i
#13022500849
0t
0s
0r
1y
0c
0i
#13022501260
1t
0s
0r
1y
0c
0i
#13022501907
0t
0s
0r
1y
0c
0i
#13022502320
1t
0s
0r
1y
0c
0i
#13022502971
0t
0s
0r
1y
1c
0i
#13022503382
1t
0s
0r
1y
1c
0i
#13022504037
0t
0s
0r
1y
1c
0i
#13022504448
1t
0s
0r
1y
1c
1i
#13022505100
0t
0s
0r
1y
1c
1i
#13022505513
1t
0s
0r
1y
1c
1i
#13022506167
0t
0s
0r
1y
1c
1i
#13022506580
1t
0s
0r
1y
1c
1i
#13022507237
0t
0s
0r
1y
1c
0i
#13022507649
1t
0s
0r
1y
1c
0i
#13022508301
0t
0s
0r
1y
1c
0i
#13022508715
1t
0s
0r
1y
1c
0i
#13022509369
0t
0s
0r
1y
1c
0i
#13022509781
1t
0s
0r
1y
1c
0i
#13022510437
0t
0s
0r
1y
1c
0i
#13022510848
1t
0s
0r
1y
1c
0i
#13022511498
0t
0s
0r
1y
1c
0i
#13022511913
1t
0s
0r
1y
1c
0i
#13022512563
0t
0s
0r
1y
1c
0i
#13022512976
1t
0s
0r
1y
1c
0i
#13022513628
0t
0s
0r
1y
1c
0i
#13022514039
1t
0s
0r
1y
1c
0i
#13022514686
0t
0s
0r
1y
1c
0i
#13022515098
1t
0s
0r
1y
1c
0i
#13022515745
0t
0s
0r
1y
1c
0i
#13022516156
1t
0s
0r
1y
1c
0i
#13022516805
0t
0s
0r
1y
1c
0i
#13022517216
1t
0s
0r
1y
1c
0i
#13022517860
0t
0s
0r
1y
1c
0i
#13022518272
1t
0s
0r
1y
1c
0i
#13022518916
0t
0s
0r
1y
1c
0i
#13022519328
1t
0s
0r
1y
1c
0i
#13022519976
0t
0s
0r
1y
1c
0i
#13022520386
1t
0s
0r
1y
1c
0i
#13022522065
0t
0s
0r
1y
1c
0i
#13022523248
1t
0s
0r
1y
1c
0i
#13022524214
0t
0s
0r
1y
1c
0i
#13022524612
1t
0s
0r
1y
1c
0i
#13022525262
0t
0s
0r
1y
1c
0i
#13022525670
1t
0s
0r
1y
1c
0i
#13022526319
0t
0s
0r
1y
1c
0i
#13022526728
1t
0s
0r
1y
1c
0i
#13022527375
0t
0s
0r
1y
1c
0i
#13022527785
1t
0s
0r
1y
1c
0i
#13022528433
0t
0s
0r
1y
1c
0i
#13022528842
1t
0s
0r
1y
1c
0i
#13022529491
0t
0s
0r
1y
1c
0i
#13022529899
1t
0s
0r
1y
1c
0i
#13022530545
0t
0s
0r
1y
1c
0i
#13022530954
1t
0s
0r
1y
1c
0i
#13022531601
0t
0s
0r
1y
1c
0i
#13022532010
1t
0s
0r
1y
1c
0i
#13022532659
0t
0s
0r
1y
1c
0i
#13022533068
1t
0s
0r
1y
1c
0i
#13022533713
0t
0s
0r
1y
1c
0i
#13022534124
1t
0s
0r
1y
1c
0i
#13022534772
0t
0s
0r
1y
0c
0i
#13022535182
1t
0s
0r
1y
0c
0i
#13022535834
0t
0s
0r
1y
0c
0i
#13022536243
1t
0s
0r
1y
0c
1i
#13022536893
0t
0s
0r
1y
0c
1i
#13022537303
1t
0s
0r
1y
0c
1i
#13022537954
0t
0s
0r
1y
0c
1i
#13022538366
1t
0s
0r
1y
0c
1i
#13022539020
0t
0s
0r
1y
0c
0i
#13022539430
1t
0s
0r
1y
0c
0i
#13022540081
0t
0s
0r
1y
0c
0i
#13022540491
1t
0s
0r
1y
0c
0i
#13022541143
0t
0s
0r
1y
0c
0i
#13022541553
1t
0s
0r
1y
0c
0i
#13022542207
0t
0s
0r
1y
0c
0i
#13022542616
1t
0s
0r
1y
0c
0i
#13022543266
0t
0s
0r
1y
0c
0i
#13022543678
1t
0s
0r
1y
0c
0i
#13022544329
0t
0s
0r
1y
0c
0i
#13022544739
1t
0s
0r
1y
0c
0i
#13022545394
0t
0s
0r
1y
0c
0i
#13022545802
1t
0s
0r
1y
0c
0i
#13022546454
0t
0s
0r
1y
0c
0i
#13022546864
1t
0s
0r
1y
0c
0i
#13022547518
0t
0s
0r
1y
0c
0i
#13022547927
1t
0s
0r
1y
0c
0i
#13022548584
0t
0s
0r
1y
0c
0i
#13022548992
1t
0s
0r
1y
0c
0i
#13022549645
0t
0s
0r
1y
0c
0i
#13022550055
1t
0s
0r
1y
0c
0i
#13022550709
0t
0s
0r
1y
0c
0i
#13022551119
1t
0s
0r
1y
0c
0i
#13022551777
0t
0s
0r
1y
0c
0i
#13022552185
1t
0s
0r
1y
0c
0i
#13022552838
0t
0s
0r
1y
0c
0i
#13022553249
1t
0s
0r
1y
0c
0i
#13022553902
0t
0s
0r
1y
0c
0i
#13022554315
1t
0s
0r
1y
0c
0i
#13022554970
0t
0s
0r
1y
0c
0i
#13022555380
1t
0s
0r
1y
0c
0i
#13022556032
0t
0s
0r
1y
0c
0i
#13022556443
1t
0s
0r
1y
0c
0i
#13022557096
0t
0s
0r
1y
0c
0i
#13022557507
1t
0s
0r
1y
0c
0i
#13022558162
0t
0s
0r
1y
0c
0i
#13022558572
1t
0s
0r
1y
0c
0i
#13022559223
0t
0s
0r
1y
0c
0i
#13022559635
1t
0s
0r
1y
0c
0i
#13022560286
0t
0s
0r
1y
0c
0i
#13022560698
1t
0s
0r
1y
0c
0i
#13022561352
0t
0s
0r
1y
0c
0i
#13022561762
1t
0s
0r
1y
0c
0i
#13022562413
0t
0s
0r
1y
0c
0i
#13022562824
1t
0s
0r
1y
0c
0i
#13022563476
0t
0s
0r
1y
0c
0i
#13022563888
1t
0s
0r
1y
0c
0i
#13022564541
0t
0s
0r
1y
0c
0i
#13022564954
1t
0s
0r
1y
0c
0i
#13022565604
0t
0s
0r
1y
0c
0i
#13022566018
1t
0s
0r
1y
0c
0i
#13022566671
0t
0s
0r
1y
1c
0i
#13022567084
1t
0s
0r
1y
1c
0i
#13022567742
0t
0s
0r
1y
1c
0i
#13022568154
1t
0s
0r
1y
1c
1i
#13022568808
0t
0s
0r
1y
1c
1i
#13022569222
1t
0s
0r
1y
1c
1i
#13022569879
0t
0s
0r
1y
1c
1i
#13022570293
1t
0s
0r
1y
1c
1i
#13022570953
0t
0s
0r
1y
1c
0i
#13022571366
1t
0s
0r
1y
1c
0i
#13022572021
0t
0s
0r
1y
1c
0i
#13022572435
1t
0s
0r
1y
1c
0i
#13022573092
0t
0s
0r
1y
1c
0i
#13022573505
1t
0s
0r
1y
1c
0i
#13022574164
0t
0s
0r
1y
1c
0i
#13022574576
1t
0s
0r
1y
1c
0i
#13022575229
0t
0s
0r
1y
1c
0i
#13022575645
1t
0s
0r
1y
1c
0i
#13022576298
0t
0s
0r
1y
1c
0i
#13022576713
1t
0s
0r
1y
1c
0i
#13022577368
0t
0s
0r
1y
1c
0i
#13022577781
1t
0s
0r
1y
1c
0i
#13022578432
0t
0s
0r
1y
1c
0i
#13022578846
1t
0s
0r
1y
1c
0i
#13022579497
0t
0s
0r
1y
1c
0i
#13022579911
1t
0s
0r
1y
1c
0i
#13022580564
0t
0s
0r
1y
1c
0i
#13022580977
1t
0s
0r
1y
1c
0i
#13022581625
0t
0s
0r
1y
1c
0i
#13022582040
1t
0s
0r
1y
1c
0i
#13022582689
0t
0s
0r
1y
1c
0i
#13022583103
1t
0s
0r
1y
1c
0i
#13022583756
0t
0s
0r
1y
1c
0i
#13022584168
1t
0s
0r
1y
1c
0i
#13022585859
0t
0s
0r
1y
1c
0i
#13022587047
1t
0s
0r
1y
1c
0i
#13022588021
0t
0s
0r
1y
1c
0i
#13022588421
1t
0s
0r
1y
1c
0i
#13022589075
0t
0s
0r
1y
1c
0i
#13022589487
1t
0s
0r
1y
1c
0i
#13022590139
0t
0s
0r
1y
1c
0i
#13022590550
1t
0s
0r
1y
1c
0i
#13022591203
0t
0s
0r
1y
1c
0i
#13022591615
1t
0s
0r
1y
1c
0i
#13022592267
0t
0s
0r
1y
1c
0i
#13022592678
1t
0s
0r
1y
1c
0i
#13022593332
0t
0s
0r
1y
1c
0i
#13022593742
1t
0s
0r
1y
1c
0i
#13022594392
0t
0s
0r
1y
1c
0i
#13022594804
1t
0s
0r
1y
1c
0i
#13022595455
0t
0s
0r
1y
1c
0i
#13022595866
1t
0s
0r
1y
1c
0i
#13022596519
0t
0s
0r
1y
1c
0i
#13022596931
1t
0s
0r
1y
1c
0i
#13022597580
0t
0s
0r
1y
0c
0i
#13022597993
1t
0s
0r
1y
0c
0i
#13022598645
0t
0s
0r
1y
0c
0i
#13022599058
1t
0s
0r
1y
0c
0i
#13022599714
0t
0s
0r
1y
0c
0i
#13022600125
1t
0s
0r
1y
0c
1i
#13022600779
0t
0s
0r
1y
0c
1i
#13022601192
1t
0s
0r
1y
0c
1i
#13022601848
0t
0s
0r
1y
0c
1i
#13022602267
0t
0s
1r
1y
0c
1i
#13022602270
0t
0s
0r
1y
0c
1i
#17317569558
1t
0s
0r
1y
0c
1i
#17317570217
0t
0s
0r
1y
0c
0i
#17317570629
1t
0s
0r
1y
0c
0i
#17317571284
0t
0s
0r
1y
0c
0i
#17317571697
1t
0s
0r
1y
0c
0i
#17317572354
0t
0s
0r
1y
0c
0i
#17317572765
1t
0s
0r
1y
0c
0i
#17317573424
0t
0s
0r
1y
0c
0i
#17317573834
1t
0s
0r
1y
0c
0i
#17317574487
0t
0s
0r
1y
0c
0i
#17317574901
1t
0s
0r
1y
0c
0i
#17317575554
0t
0s
0r
1y
0c
0i
#17317575964
1t
0s
0r
1y
0c
0i
#17317576619
0t
0s
0r
1y
0c
0i
#17317577028
1t
0s
0r
1y
0c
0i
#17317577679
0t
0s
0r
1y
0c
0i
#17317578088
1t
0s
0r
1y
0c
0i
#17317578739
0t
0s
0r
1y
0c
0i
#17317579147
1t
0s
0r
1y
0c
0i
#17317579800
0t
0s
0r
1y
0c
0i
#17317580206
1t
0s
0r
1y
0c
0i
#17317580855
0t
0s
0r
1y
0c
0i
#17317581263
1t
0s
0r
1y
0c
0i
#17317581913
0t
0s
0r
1y
0c
0i
#17317582320
1t
0s
0r
1y
0c
0i
#17317582974
0t
0s
0r
1y
0c
0i
#17317583380
1t
0s
0r
1y
0c
0i
#17317584030
0t
0s
0r
1y
0c
0i
#17317584439
1t
0s
0r
1y
0c
0i
#17317585089
0t
0s
0r
1y
0c
0i
#17317585499
1t
0s
0r
1y
0c
0i
#17317586152
0t
0s
0r
1y
0c
0i
#17317586560
1t
0s
0r
1y
0c
0i
#17317587208
0t
0s
0r
1y
0c
0i
#17317587619
1t
0s
0r
1y
0c
0i
#17317588270
0t
0s
0r
1y
0c
0i
#17317588679
1t
0s
0r
1y
0c
0i
#17317589332
0t
0s
0r
1y
0c
0i
#17317589740
1t
0s
0r
1y
0c
0i
#17317590389
0t
0s
0r
1y
0c
0i
#17317590800
1t
0s
0r
1y
0c
0i
#17317591450
0t
0s
0r
1y
0c
0i
#17317591860
1t
0s
0r
1y
0c
0i
#17317592512
0t
0s
0r
1y
0c
0i
#17317592921
1t
0s
0r
1y
0c
0i
#17317593570
0t
0s
0r
1y
0c
0i
#17317593980
1t
0s
0r
1y
0c
0i
#17317594630
0t
0s
0r
1y
0c
0i
#17317595040
1t
0s
0r
1y
0c
0i
#17317595692
0t
0s
0r
1y
0c
0i
#17317596104
1t
0s
0r
1y
0c
0i
#17317596751
0t
0s
0r
1y
0c
0i
#17317597164
1t
0s
0r
1y
0c
0i
#17317597815
0t
0s
0r
1y
1c
0i
#17317598227
1t
0s
0r
1y
1c
0i
#17317598882
0t
0s
0r
1y
1c
0i
#17317599293
1t
0s
0r
1y
1c
1i
#17317599946
0t
0s
0r
1y
1c
1i
#17317600359
1t
0s
0r
1y
1c
1i
#17317601013
0t
0s
0r
1y
1c
1i
#17317601427
1t
0s
0r
1y
1c
1i
#17317602084
0t
0s
0r
1y
1c
0i
#17317602496
1t
0s
0r
1y
1c
0i
#17317603149
0t
0s
0r
1y
1c
0i
#17317603563
1t
0s
0r
1y
1c
0i
#17317604218
0t
0s
0r
1y
1c
0i
#17317604629
1t
0s
0r
1y
1c
0i
#17317605286
0t
0s
0r
1y
1c
0i
#17317605698
1t
0s
0r
1y
1c
0i
#17317606349
0t
0s
0r
1y
1c
0i
#17317606764
1t
0s
0r
1y
1c
0i
#17317607415
0t
0s
0r
1y
1c
0i
#17317607829
1t
0s
0r
1y
1c
0i
#17317608483
0t
0s
0r
1y
1c
0i
#17317608895
1t
0s
0r
1y
1c
0i
#17317609545
0t
0s
0r
1y
1c
0i
#17317609959
1t
0s
0r
1y
1c
0i
#17317610610
0t
0s
0r
1y
1c
0i
#17317611023
1t
0s
0r
1y
1c
0i
#17317611676
0t
0s
0r
1y
1c
0i
#17317612090
1t
0s
0r
1y
1c
0i
#17317612738
0t
0s
0r
1y
1c
0i
#17317613153
1t
0s
0r
1y
1c
0i
#17317613803
0t
0s
0r
1y
1c
0i
#17317614217
1t
0s
0r
1y
1c
0i
#17317614870
0t
0s
0r
1y
1c
0i
#17317615282
1t
0s
0r
1y
1c
0i
#17317616975
0t
0s
0r
1y
1c
0i
#17317618163
1t
0s
0r
1y
1c
0i
#17317619137
0t
0s
0r
1y
1c
0i
#17317619536
1t
0s
0r
1y
1c
0i
#17317620191
0t
0s
0r
1y
1c
0i
#17317620602
1t
0s
0r
1y
1c
0i
#17317621254
0t
0s
0r
1y
1c
0i
#17317621665
1t
0s
0r
1y
1c
0i
#17317622317
0t
0s
0r
1y
1c
0i
#17317622730
1t
0s
0r
1y
1c
0i
#17317623381
0t
0s
0r
1y
1c
0i
#17317623792
1t
0s
0r
1y
1c
0i
#17317624446
0t
0s
0r
1y
1c
0i
#17317624856
1t
0s
0r
1y
1c
0i
#17317625506
0t
0s
0r
1y
1c
0i
#17317625917
1t
0s
0r
1y
1c
0i
#17317626568
0t
0s
0r
1y
1c
0i
#17317626979
1t
0s
0r
1y
1c
0i
#17317627632
0t
0s
0r
1y
1c
0i
#17317628044
1t
0s
0r
1y
1c
0i
#17317628694
0t
0s
0r
1y
1c
0i
#17317629106
1t
0s
0r
1y
1c
0i
#17317629758
0t
0s
0r
1y
0c
0i
#17317630170
1t
0s
0r
1y
0c
0i
#17317630827
0t
0s
0r
1y
0c
0i
#17317631237
1t
0s
0r
1y
0c
1i
#17317631891
0t
0s
0r
1y
0c
1i
#17317632304
1t
0s
0r
1y
0c
1i
#17317632959
0t
0s
0r
1y
0c
1i
#17317633372
1t
0s
0r
1y
0c
1i
#17317634030
0t
0s
0r
1y
0c
0i
#17317634442
1t
0s
0r
1y
0c
0i
#17317635096
0t
0s
0r
1y
0c
0i
#17317635510
1t
0s
0r
1y
0c
0i
#17317636165
0t
0s
0r
1y
0c
0i
#17317636577
1t
0s
0r
1y
0c
0i
#17317637235
0t
0s
0r
1y
0c
0i
#17317637645
1t
0s
0r
1y
0c
0i
#17317638299
0t
0s
0r
1y
0c
0i
#17317638712
1t
0s
0r
1y
0c
0i
#17317639366
0t
0s
0r
1y
0c
0i
#17317639778
1t
0s
0r
1y
0c
0i
#17317640435
0t
0s
0r
1y
0c
0i
#17317640844
1t
0s
0r
1y
0c
0i
#17317641498
0t
0s
0r
1y
0c
0i
#17317641909
1t
0s
0r
1y
0c
0i
#17317642562
0t
0s
0r
1y
0c
0i
#17317642972
1t
0s
0r
1y
0c
0i
#17317643629
0t
0s
0r
1y
0c
0i
#17317644037
1t
0s
0r
1y
0c
0i
#17317644689
0t
0s
0r
1y
0c
0i
#17317645099
1t
0s
0r
1y
0c
0i
#17317645752
0t
0s
0r
1y
0c
0i
#17317646162
1t
0s
0r
1y
0c
0i
#17317646818
0t
0s
0r
1y
0c
0i
#17317647226
1t
0s
0r
1y
0c
0i
#17317647879
0t
0s
0r
1y
0c
0i
#17317648289
1t
0s
0r
1y
0c
0i
#17317648941
0t
0s
0r
1y
0c
0i
#17317649353
1t
0s
0r
1y
0c
0i
#17317650008
0t
0s
0r
1y
0c
0i
#17317650418
1t
0s
0r
1y
0c
0i
#17317651068
0t
0s
0r
1y
0c
0i
#17317651480
1t
0s
0r
1y
0c
0i
#17317652132
0t
0s
0r
1y
0c
0i
#17317652542
1t
0s
0r
1y
0c
0i
#17317653197
0t
0s
0r
1y
0c
0i
#17317653607
1t
0s
0r
1y
0c
0i
#17317654256
0t
0s
0r
1y
0c
0i
#17317654669
1t
0s
0r
1y
0c
0i
#17317655319
0t
0s
0r
1y
0c
0i
#17317655731
1t
0s
0r
1y
0c
0i
#17317656384
0t
0s
0r
1y
0c
0i
#17317656794
1t
0s
0r
1y
0c
0i
#17317657443
0t
0s
0r
1y
0c
0i
#17317657855
1t
0s
0r
1y
0c
0i
#17317658505
0t
0s
0r
1y
0c
0i
#17317658916
1t
0s
0r
1y
0c
0i
#17317659569
0t
0s
0r
1y
0c
0i
#17317659981
1t
0s
0r
1y
0c
0i
#17317660629
0t
0s
0r
1y
0c
0i
#17317661043
1t
0s
0r
1y
0c
0i
#17317661694
0t
0s
0r
1y
1c
0i
#17317662107
1t
0s
0r
1y
1c
0i
#17317662763
0t
0s
0r
1y
1c
0i
#17317663174
1t
0s
0r
1y
1c
1i
#17317663827
0t
0s
0r
1y
1c
1i
#17317664240
1t
0s
0r
1y
1c
1i
#17317664895
0t
0s
0r
1y
1c
1i
#17317665309
1t
0s
0r
1y
1c
1i
#17317665967
0t
0s
0r
1y
1c
0i
#17317666380
1t
0s
0r
1y
1c
0i
#17317667034
0t
0s
0r
1y
1c
0i
#17317667448
1t
0s
0r
1y
1c
0i
#17317668103
0t
0s
0r
1y
1c
0i
#17317668516
1t
0s
0r
1y
1c
0i
#17317669174
0t
0s
0r
1y
1c
0i
#17317669586
1t
0s
0r
1y
1c
0i
#17317670239
0t
0s
0r
1y
1c
0i
#17317670654
1t
0s
0r
1y
1c
0i
#17317671306
0t
0s
0r
1y
1c
0i
#17317671719
1t
0s
0r
1y
1c
0i
#17317672374
0t
0s
0r
1y
1c
0i
#17317672786
1t
0s
0r
1y
1c
0i
#17317673435
0t
0s
0r
1y
1c
0i
#17317673848
1t
0s
0r
1y
1c
0i
#17317674497
0t
0s
0r
1y
1c
0i
#17317674909
1t
0s
0r
1y
1c
0i
#17317675561
0t
0s
0r
1y
1c
0i
#17317675972
1t
0s
0r
1y
1c
0i
#17317676619
0t
0s
0r
1y
1c
0i
#17317677032
1t
0s
0r
1y
1c
0i
#17317677679
0t
0s
0r
1y
1c
0i
#17317678091
1t
0s
0r
1y
1c
0i
#17317678742
0t
0s
0r
1y
1c
0i
#17317679153
1t
0s
0r
1y
1c
0i
#17317680839
0t
0s
0r
1y
1c
0i
#17317682022
1t
0s
0r
1y
1c
0i
#17317682993
0t
0s
0r
1y
1c
0i
#17317683391
1t
0s
0r
1y
1c
0i
#17317684043
0t
0s
0r
1y
1c
0i
#17317684452
1t
0s
0r
1y
1c
0i
#17317685102
0t
0s
0r
1y
1c
0i
#17317685512
1t
0s
0r
1y
1c
0i
#17317686161
0t
0s
0r
1y
1c
0i
#17317686572
1t
0s
0r
1y
1c
0i
#17317687221
0t
0s
0r
1y
1c
0i
#17317687631
1t
0s
0r
1y
1c
0i
#17317688283
0t
0s
0r
1y
1c
0i
#17317688691
1t
0s
0r
1y
1c
0i
#17317689338
0t
0s
0r
1y
1c
0i
#17317689748
1t
0s
0r
1y
1c
0i
#17317690397
0t
0s
0r
1y
1c
0i
#17317690806
1t
0s
0r
1y
1c
0i
#17317691457
0t
0s
0r
1y
1c
0i
#17317691867
1t
0s
0r
1y
1c
0i
#17317692515
0t
0s
0r
1y
1c
0i
#17317692926
1t
0s
0r
1y
1c
0i
#17317693575
0t
0s
0r
1y
0c
0i
#17317693986
1t
0s
0r
1y
0c
0i
#17317694641
0t
0s
0r
1y
0c
0i
#17317695050
1t
0s
0r
1y
0c
1i
#17317695701
0t
0s
0r
1y
0c
1i
#17317696113
1t
0s
0r
1y
0c
1i
#17317696766
0t
0s
0r
1y
0c
1i
#17317697178
1t
0s
0r
1y
0c
1i
#17317697280
1t
0s
1r
1y
0c
1i
#17317697283
1t
0s
0r
1y
0c
1i
#17317697834
0t
0s
0r
1y
0c
0i
#17317698246
1t
0s
0r
1y
0c
0i
#17317698898
0t
0s
0r
1y
0c
0i
#17317699310
1t
0s
0r
1y
0c
0i
#17317699964
0t
0s
0r
1y
0c
0i
#17317700375
1t
0s
0r
1y
0c
0i
#17317701031
0t
0s
0r
1y
0c
0i
#17317701441
1t
0s
0r
1y
0c
0i
#17317702093
0t
0s
0r
1y
0c
0i
#17317702506
1t
0s
0r
1y
0c
0i
#17317703159
0t
0s
0r
1y
0c
0i
#17317703570
1t
0s
0r
1y
0c
0i
#17317704226
0t
0s
0r
1y
0c
0i
#17317704635
1t
0s
0r
1y
0c
0i
#17317705288
0t
0s
0r
1y
0c
0i
#17317705698
1t
0s
0r
1y
0c
0i
#17317706352
0t
0s
0r
1y
0c
0i
#17317706762
1t
0s
0r
1y
0c
0i
#17317707420
0t
0s
0r
1y
0c
0i
#17317707828
1t
0s
0r
1y
0c
0i
#17317708481
0t
0s
0r
1y
0c
0i
#17317708891
1t
0s
0r
1y
0c
0i
#17317709545
0t
0s
0r
1y
0c
0i
#17317709955
1t
0s
0r
1y
0c
0i
#17317710613
0t
0s
0r
1y
0c
0i
#17317711021
1t
0s
0r
1y
0c
0i
#17317711674
0t
0s
0r
1y
0c
0i
#17317712085
1t
0s
0r
1y
0c
0i
#17317712738
0t
0s
0r
1y
0c
0i
#17317713150
1t
0s
0r
1y
0c
0i
#17317713805
0t
0s
0r
1y
0c
0i
#17317714216
1t
0s
0r
1y
0c
0i
#17317714867
0t
0s
0r
1y
0c
0i
#17317715279
1t
0s
0r
1y
0c
0i
#17317715932
0t
0s
0r
1y
0c
0i
#17317716343
1t
0s
0r
1y
0c
0i
#17317716999
0t
0s
0r
1y
0c
0i
#17317717408
1t
0s
0r
1y
0c
0i
#17317718059
0t
0s
0r
1y
0c
0i
#17317718472
1t
0s
0r
1y
0c
0i
#17317719124
0t
0s
0r
1y
0c
0i
#17317719536
1t
0s
0r
1y
0c
0i
#17317720191
0t
0s
0r
1y
0c
0i
#17317720601
1t
0s
0r
1y
0c
0i
#17317721252
0t
0s
0r
1y
0c
0i
#17317721665
1t
0s
0r
1y
0c
0i
#17317722317
0t
0s
0r
1y
0c
0i
#17317722729
1t
0s
0r
1y
0c
0i
#17317723384
0t
0s
0r
1y
0c
0i
#17317723796
1t
0s
0r
1y
0c
0i
#17317724447
0t
0s
0r
1y
0c
0i
#17317724862
1t
0s
0r
1y
0c
0i
#17317725515
0t
0s
0r
1y
1c
0i
#17317725929
1t
0s
0r
1y
1c
0i
#17317726587
0t
0s
0r
1y
1c
0i
#17317727000
1t
0s
0r
1y
1c
1i
#17317727655
0t
0s
0r
1y
1c
1i
#17317728070
1t
0s
0r
1y
1c
1i
#17317728727
0t
0s
0r
1y
1c
1i
#17317729142
1t
0s
0r
1y
1c
1i
#17317729803
0t
0s
0r
1y
1c
0i
#17317730216
1t
0s
0r
1y
1c
0i
#17317730872
0t
0s
0r
1y
1c
0i
#17317731287
1t
0s
0r
1y
1c
0i
#17317731945
0t
0s
0r
1y
1c
0i
#17317732358
1t
0s
0r
1y
1c
0i
#17317733018
0t
0s
0r
1y
1c
0i
#17317733431
1t
0s
0r
1y
1c
0i
#17317734085
0t
0s
0r
1y
1c
0i
#17317734501
1t
0s
0r
1y
1c
0i
#17317735156
0t
0s
0r
1y
1c
0i
#17317735570
1t
0s
0r
1y
1c
0i
#17317736227
0t
0s
0r
1y
1c
0i
#17317736640
1t
0s
0r
1y
1c
0i
#17317737292
0t
0s
0r
1y
1c
0i
#17317737706
1t
0s
0r
1y
1c
0i
#17317738359
0t
0s
0r
1y
1c
0i
#17317738772
1t
0s
0r
1y
1c
0i
#17317739426
0t
0s
0r
1y
1c
0i
#17317739840
1t
0s
0r
1y
1c
0i
#17317740488
0t
0s
0r
1y
1c
0i
#17317740903
1t
0s
0r
1y
1c
0i
#17317741553
0t
0s
0r
1y
1c
0i
#17317741967
1t
0s
0r
1y
1c
0i
#17317742620
0t
0s
0r
1y
1c
0i
#17317743033
1t
0s
0r
1y
1c
0i
#17317744724
0t
0s
0r
1y
1c
0i
#17317745914
1t
0s
0r
1y
1c
0i
#17317746887
0t
0s
0r
1y
1c
0i
#17317747287
1t
0s
0r
1y
1c
0i
#17317747942
0t
0s
0r
1y
1c
0i
#17317748353
1t
0s
0r
1y
1c
0i
#17317749005
0t
0s
0r
1y
1c
0i
#17317749417
1t
0s
0r
1y
1c
0i
#17317750069
0t
0s
0r
1y
1c
0i
#17317750482
1t
0s
0r
1y
1c
0i
#17317751134
0t
0s
0r
1y
1c
0i
#17317751545
1t
0s
0r
1y
1c
0i
#17317752200
0t
0s
0r
1y
1c
0i
#17317752610
1t
0s
0r
1y
1c
0i
#17317753260
0t
0s
0r
1y
1c
0i
#17317753672
1t
0s
0r
1y
1c
0i
#17317754324
0t
0s
0r
1y
1c
0i
#17317754735
1t
0s
0r
1y
1c
0i
#17317755389
0t
0s
0r
1y
1c
0i
#17317755801
1t
0s
0r
1y
1c
0i
#17317756451
0t
0s
0r
1y
1c
0i
#17317756864
1t
0s
0r
1y
1c
0i
#17317757517
0t
0s
0r
1y
0c
0i
#17317757930
1t
0s
0r
1y
0c
0i
#17317758587
0t
0s
0r
1y
0c
0i
#17317758998
1t
0s
0r
1y
0c
1i
#17317759653
0t
0s
0r
1y
0c
1i
#17317760066
1t
0s
0r
1y
0c
1i
#17317760722
0t
0s
0r
1y
0c
1i
#17317761136
1t
0s
0r
1y
0c
1i
#17317761795
0t
0s
0r
1y
0c
0i
#17317762208
1t
0s
0r
1y
0c
0i
#17317762862
0t
0s
0r
1y
0c
0i
#17317763276
1t
0s
0r
1y
0c
0i
#17317763933
0t
0s
0r
1y
0c
0i
#17317764345
1t
0s
0r
1y
0c
0i
#17317765004
0t
0s
0r
1y
0c
0i
#17317765415
1t
0s
0r
1y
0c
0i
#17317766070
0t
0s
0r
1y
0c
0i
#17317766484
1t
0s
0r
1y
0c
0i
#17317767139
0t
0s
0r
1y
0c
0i
#17317767552
1t
0s
0r
1y
0c
0i
#17317768211
0t
0s
0r
1y
0c
0i
#17317768622
1t
0s
0r
1y
0c
0i
#17317769278
0t
0s
0r
1y
0c
0i
#17317769691
1t
0s
0r
1y
0c
0i
#17317770348
0t
0s
0r
1y
0c
0i
#17317770760
1t
0s
0r
1y
0c
0i
#17317771421
0t
0s
0r
1y
0c
0i
#17317771830
1t
0s
0r
1y
0c
0i
#17317772487
0t
0s
0r
1y
0c
0i
#17317772899
1t
0s
0r
1y
0c
0i
#17317773557
0t
0s
0r
1y
0c
0i
#17317773968
1t
0s
0r
1y
0c
0i
#17317774629
0t
0s
0r
1y
0c
0i
#17317775039
1t
0s
0r
1y
0c
0i
#17317775696
0t
0s
0r
1y
0c
0i
#17317776108
1t
0s
0r
1y
0c
0i
#17317776765
0t
0s
0r
1y
0c
0i
#17317777179
1t
0s
0r
1y
0c
0i
#17317777837
0t
0s
0r
1y
0c
0i
#17317778249
1t
0s
0r
1y
0c
0i
#17317778904
0t
0s
0r
1y
0c
0i
#17317779317
1t
0s
0r
1y
0c
0i
#17317779973
0t
0s
0r
1y
0c
0i
#17317780385
1t
0s
0r
1y
0c
0i
#17317781044
0t
0s
0r
1y
0c
0i
#17317781455
1t
0s
0r
1y
0c
0i
#17317782109
0t
0s
0r
1y
0c
0i
#17317782523
1t
0s
0r
1y
0c
0i
#17317783178
0t
0s
0r
1y
0c
0i
#17317783591
1t
0s
0r
1y
0c
0i
#17317784248
0t
0s
0r
1y
0c
0i
#17317784660
1t
0s
0r
1y
0c
0i
#17317785314
0t
0s
0r
1y
0c
0i
#17317785727
1t
0s
0r
1y
0c
0i
#17317786382
0t
0s
0r
1y
0c
0i
#17317786796
1t
0s
0r
1y
0c
0i
#17317787452
0t
0s
0r
1y
0c
0i
#17317787867
1t
0s
0r
1y
0c
0i
#17317788519
0t
0s
0r
1y
0c
0i
#17317788936
1t
0s
0r
1y
0c
0i
#17317789591
0t
0s
0r
1y
1c
0i
#17317790006
1t
0s
0r
1y
1c
0i
#17317790667
0t
0s
0r
1y
1c
0i
#17317791081
1t
0s
0r
1y
1c
1i
#17317791738
0t
0s
0r
1y
1c
1i
#17317792154
1t
0s
0r
1y
1c
1i
#17317792814
0t
0s
0r
1y
1c
1i
#17317793230
1t
0s
0r
1y
1c
1i
#17317793893
0t
0s
0r
1y
1c
0i
#17317794307
1t
0s
0r
1y
1c
0i
#17317794966
0t
0s
0r
1y
1c
0i
#17317795382
1t
0s
0r
1y
1c
0i
#17317796042
0t
0s
0r
1y
1c
0i
#17317796457
1t
0s
0r
1y
1c
0i
#17317797118
0t
0s
0r
1y
1c
0i
#17317797532
1t
0s
0r
1y
1c
0i
#17317798187
0t
0s
0r
1y
1c
0i
#17317798604
1t
0s
0r
1y
1c
0i
#17317799259
0t
0s
0r
1y
1c
0i
#17317799674
1t
0s
0r
1y
1c
0i
#17317800331
0t
0s
0r
1y
1c
0i
#17317800744
1t
0s
0r
1y
1c
0i
#17317801395
0t
0s
0r
1y
1c
0i
#17317801809
1t
0s
0r
1y
1c
0i
#17317802460
0t
0s
0r
1y
1c
0i
#17317802873
1t
0s
0r
1y
1c
0i
#17317803525
0t
0s
0r
1y
1c
0i
#17317803938
1t
0s
0r
1y
1c
0i
#17317804586
0t
0s
0r
1y
1c
0i
#17317805000
1t
0s
0r
1y
1c
0i
#17317805649
0t
0s
0r
1y
1c
0i
#17317806062
1t
0s
0r
1y
1c
0i
#17317806715
0t
0s
0r
1y
1c
0i
#17317807127
1t
0s
0r
1y
1c
0i
#17317808818
0t
0s
0r
1y
1c
0i
#17317810007
1t
0s
0r
1y
1c
0i
#17317810980
0t
0s
0r
1y
1c
0i
#17317811380
1t
0s
0r
1y
1c
0i
#17317812035
0t
0s
0r
1y
1c
0i
#17317812446
1t
0s
0r
1y
1c
0i
#17317813099
0t
0s
0r
1y
1c
0i
#17317813510
1t
0s
0r
1y
1c
0i
#17317814162
0t
0s
0r
1y
1c
0i
#17317814575
1t
0s
0r
1y
1c
0i
#17317815227
0t
0s
0r
1y
1c
0i
#17317815638
1t
0s
0r
1y
1c
0i
#17317816292
0t
0s
0r
1y
1c
0i
#17317816702
1t
0s
0r
1y
1c
0i
#17317817352
0t
0s
0r
1y
1c
0i
#17317817763
1t
0s
0r
1y
1c
0i
#17317818415
0t
0s
0r
1y
1c
0i
#17317818825
1t
0s
0r
1y
1c
0i
#17317819478
0t
0s
0r
1y
1c
0i
#17317819890
1t
0s
0r
1y
1c
0i
#17317820540
0t
0s
0r
1y
0c
0i
#17317820953
1t
0s
0r
1y
0c
0i
#17317821605
0t
0s
0r
1y
0c
0i
#17317822017
1t
0s
0r
1y
0c
0i
#17317822673
0t
0s
0r
1y
0c
0i
#17317823084
1t
0s
0r
1y
0c
1i
#17317823738
0t
0s
0r
1y
0c
1i
#17317824150
1t
0s
0r
1y
0c
1i
#17317824806
0t
0s
0r
1y
0c
1i
#17317825220
1t
0s
0r
1y
0c
1i
#17317825304
1t
0s
1r
1y
0c
1i
#17317825306
1t
0s
0r
1y
0c
1i
#17317825878
0t
0s
0r
1y
0c
0i
#17317826290
1t
0s
0r
1y
0c
0i
#17317826945
0t
0s
0r
1y
0c
0i
#17317827358
1t
0s
0r
1y
0c
0i
#17317828013
0t
0s
0r
1y
0c
0i
#17317828425
1t
0s
0r
1y
0c
0i
#17317829083
0t
0s
0r
1y
0c
0i
#17317829493
1t
0s
0r
1y
0c
0i
#17317830145
0t
0s
0r
1y
0c
0i
#17317830557
1t
0s
0r
1y
0c
0i
#17317831208
0t
0s
0r
1y
0c
0i
#17317831618
1t
0s
0r
1y
0c
0i
#17317832271
0t
0s
0r
1y
0c
0i
#17317832678
1t
0s
0r
1y
0c
0i
#17317833327
0t
0s
0r
1y
0c
0i
#17317833735
1t
0s
0r
1y
0c
0i
#17317834384
0t
0s
0r
1y
0c
0i
#17317834790
1t
0s
0r
1y
0c
0i
#17317835442
0t
0s
0r
1y
0c
0i
#17317835847
1t
0s
0r
1y
0c
0i
#17317836494
0t
0s
0r
1y
0c
0i
#17317836901
1t
0s
0r
1y
0c
0i
#17317837549
0t
0s
0r
1y
0c
0i
#17317837956
1t
0s
0r
1y
0c
0i
#17317838607
0t
0s
0r
1y
0c
0i
#17317839013
1t
0s
0r
1y
0c
0i
#17317839661
0t
0s
0r
1y
0c
0i
#17317840069
1t
0s
0r
1y
0c
0i
#17317840718
0t
0s
0r
1y
0c
0i
#17317841127
1t
0s
0r
1y
0c
0i
#17317841778
0t
0s
0r
1y
0c
0i
#17317842186
1t
0s
0r
1y
0c
0i
#17317842833
0t
0s
0r
1y
0c
0i
#17317843243
1t
0s
0r
1y
0c
0i
#17317843892
0t
0s
0r
1y
0c
0i
#17317844301
1t
0s
0r
1y
0c
0i
#17317844953
0t
0s
0r
1y
0c
0i
#17317845360
1t
0s
0r
1y
0c
0i
#17317846007
0t
0s
0r
1y
0c
0i
#17317846418
1t
0s
0r
1y
0c
0i
#17317847065
0t
0s
0r
1y
0c
0i
#17317847475
1t
0s
0r
1y
0c
0i
#17317848126
0t
0s
0r
1y
0c
0i
#17317848534
1t
0s
0r
1y
0c
0i
#17317849181
0t
0s
0r
1y
0c
0i
#17317849591
1t
0s
0r
1y
0c
0i
#17317850240
0t
0s
0r
1y
0c
0i
#17317850649
1t
0s
0r
1y
0c
0i
#17317851299
0t
0s
0r
1y
0c
0i
#17317851710
1t
0s
0r
1y
0c
0i
#17317852356
0t
0s
0r
1y
0c
0i
#17317852768
1t
0s
0r
1y
0c
0i
#17317853418
0t
0s
0r
1y
1c
0i
#17317853829
1t
0s
0r
1y
1c
0i
#17317854482
0t
0s
0r
1y
1c
0i
#17317854893
1t
0s
0r
1y
1c
1i
#17317855543
0t
0s
0r
1y
1c
1i
#17317855956
1t
0s
0r
1y
1c
1i
#17317856609
0t
0s
0r
1y
1c
1i
#17317857021
1t
0s
0r
1y
1c
1i
#17317857677
0t
0s
0r
1y
1c
0i
#17317858088
1t
0s
0r
1y
1c
0i
#17317858740
0t
0s
0r
1y
1c
0i
#17317859152
1t
0s
0r
1y
1c
0i
#17317859805
0t
0s
0r
1y
1c
0i
#17317860217
1t
0s
0r
1y
1c
0i
#17317860872
0t
0s
0r
1y
1c
0i
#17317861283
1t
0s
0r
1y
1c
0i
#17317861933
0t
0s
0r
1y
1c
0i
#17317862347
1t
0s
0r
1y
1c
0i
#17317862998
0t
0s
0r
1y
1c
0i
#17317863411
1t
0s
0r
1y
1c
0i
#17317864064
0t
0s
0r
1y
1c
0i
#17317864477
1t
0s
0r
1y
1c
0i
#17317865126
0t
0s
0r
1y
1c
0i
#17317865540
1t
0s
0r
1y
1c
0i
#17317866191
0t
0s
0r
1y
1c
0i
#17317866604
1t
0s
0r
1y
1c
0i
#17317867258
0t
0s
0r
1y
1c
0i
#17317867671
1t
0s
0r
1y
1c
0i
#17317868320
0t
0s
0r
1y
1c
0i
#17317868735
1t
0s
0r
1y
1c
0i
#17317869386
0t
0s
0r
1y
1c
0i
#17317869800
1t
0s
0r
1y
1c
0i
#17317870453
0t
0s
0r
1y
1c
0i
#17317870866
1t
0s
0r
1y
1c
0i
#17317872558
0t
0s
0r
1y
1c
0i
#17317873746
1t
0s
0r
1y
1c
0i
#17317874719
0t
0s
0r
1y
1c
0i
#17317875119
1t
0s
0r
1y
1c
0i
#17317875773
0t
0s
0r
1y
1c
0i
#17317876184
1t
0s
0r
1y
1c
0i
#17317876835
0t
0s
0r
1y
1c
0i
#17317877246
1t
0s
0r
1y
1c
0i
#17317877897
0t
0s
0r
1y
1c
0i
#17317878310
1t
0s
0r
1y
1c
0i
#17317878960
0t
0s
0r
1y
1c
0i
#17317879372
1t
0s
0r
1y
1c
0i
#17317880025
0t
0s
0r
1y
1c
0i
#17317880434
1t
0s
0r
1y
1c
0i
#17317881084
0t
0s
0r
1y
1c
0i
#17317881495
1t
0s
0r
1y
1c
0i
#17317882146
0t
0s
0r
1y
1c
0i
#17317882556
1t
0s
0r
1y
1c
0i
#17317883209
0t
0s
0r
1y
1c
0i
#17317883621
1t
0s
0r
1y
1c
0i
#17317884270
0t
0s
0r
1y
1c
0i
#17317884683
1t
0s
0r
1y
1c
0i
#17317885335
0t
0s
0r
1y
0c
0i
#17317885747
1t
0s
0r
1y
0c
0i
#17317886403
0t
0s
0r
1y
0c
0i
#17317886814
1t
0s
0r
1y
0c
1i
#17317887468
0t
0s
0r
1y
0c
1i
#17317887880
1t
0s
0r
1y
0c
1i
#17317888535
0t
0s
0r
1y
0c
1i
#17317888949
1t
0s
0r
1y
0c
1i
#17317889607
0t
0s
0r
1y
0c
0i
#17317890019
1t
0s
0r
1y
0c
0i
#17317890673
0t
0s
0r
1y
0c
0i
#17317891086
1t
0s
0r
1y
0c
0i
#17317891741
0t
0s
0r
1y
0c
0i
#17317892153
1t
0s
0r
1y
0c
0i
#17317892811
0t
0s
0r
1y
0c
0i
#17317893221
1t
0s
0r
1y
0c
0i
#17317893874
0t
0s
0r
1y
0c
0i
#17317894287
1t
0s
0r
1y
0c
0i
#17317894941
0t
0s
0r
1y
0c
0i
#17317895353
1t
0s
0r
1y
0c
0i
#17317896009
0t
0s
0r
1y
0c
0i
#17317896419
1t
0s
0r
1y
0c
0i
#17317897072
0t
0s
0r
1y
0c
0i
#17317897482
1t
0s
0r
1y
0c
0i
#17317898136
0t
0s
0r
1y
0c
0i
#17317898546
1t
0s
0r
1y
0c
0i
#17317899202
0t
0s
0r
1y
0c
0i
#17317899610
1t
0s
0r
1y
0c
0i
#17317900262
0t
0s
0r
1y
0c
0i
#17317900672
1t
0s
0r
1y
0c
0i
#17317901325
0t
0s
0r
1y
0c
0i
#17317901734
1t
0s
0r
1y
0c
0i
#17317902390
0t
0s
0r
1y
0c
0i
#17317902798
1t
0s
0r
1y
0c
0i
#17317903450
0t
0s
0r
1y
0c
0i
#17317903860
1t
0s
0r
1y
0c
0i
#17317904512
0t
0s
0r
1y
0c
0i
#17317904924
1t
0s
0r
1y
0c
0i
#17317905578
0t
0s
0r
1y
0c
0i
#17317905988
1t
0s
0r
1y
0c
0i
#17317906638
0t
0s
0r
1y
0c
0i
#17317907050
1t
0s
0r
1y
0c
0i
#17317907701
0t
0s
0r
1y
0c
0i
#17317908112
1t
0s
0r
1y
0c
0i
#17317908767
0t
0s
0r
1y
0c
0i
#17317909176
1t
0s
0r
1y
0c
0i
#17317909825
0t
0s
0r
1y
0c
0i
#17317910237
1t
0s
0r
1y
0c
0i
#17317910887
0t
0s
0r
1y
0c
0i
#17317911299
1t
0s
0r
1y
0c
0i
#17317911952
0t
0s
0r
1y
0c
0i
#17317912361
1t
0s
0r
1y
0c
0i
#17317913010
0t
0s
0r
1y
0c
0i
#17317913421
1t
0s
0r
1y
0c
0i
#17317914072
0t
0s
0r
1y
0c
0i
#17317914483
1t
0s
0r
1y
0c
0i
#17317915135
0t
0s
0r
1y
0c
0i
#17317915547
1t
0s
0r
1y
0c
0i
#17317916195
0t
0s
0r
1y
0c
0i
#17317916608
1t
0s
0r
1y
0c
0i
#17317917259
0t
0s
0r
1y
1c
0i
#17317917672
1t
0s
0r
1y
1c
0i
#17317918328
0t
0s
0r
1y
1c
0i
#17317918739
1t
0s
0r
1y
1c
1i
#17317919392
0t
0s
0r
1y
1c
1i
#17317919806
1t
0s
0r
1y
1c
1i
#17317920461
0t
0s
0r
1y
1c
1i
#17317920874
1t
0s
0r
1y
1c
1i
#17317921533
0t
0s
0r
1y
1c
0i
#17317921946
1t
0s
0r
1y
1c
0i
#17317922599
0t
0s
0r
1y
1c
0i
#17317923014
1t
0s
0r
1y
1c
0i
#17317923669
0t
0s
0r
1y
1c
0i
#17317924082
1t
0s
0r
1y
1c
0i
#17317924740
0t
0s
0r
1y
1c
0i
#17317925152
1t
0s
0r
1y
1c
0i
#17317925804
0t
0s
0r
1y
1c
0i
#17317926219
1t
0s
0r
1y
1c
0i
#17317926872
0t
0s
0r
1y
1c
0i
#17317927285
1t
0s
0r
1y
1c
0i
#17317927940
0t
0s
0r
1y
1c
0i
#17317928352
1t
0s
0r
1y
1c
0i
#17317929001
0t
0s
0r
1y
1c
0i
#17317929414
1t
0s
0r
1y
1c
0i
#17317930064
0t
0s
0r
1y
1c
0i
#17317930477
1t
0s
0r
1y
1c
0i
#17317931128
0t
0s
0r
1y
1c
0i
#17317931540
1t
0s
0r
1y
1c
0i
#17317932186
0t
0s
0r
1y
1c
0i
#17317932600
1t
0s
0r
1y
1c
0i
#17317933247
0t
0s
0r
1y
1c
0i
#17317933659
1t
0s
0r
1y
1c
0i
#17317934310
0t
0s
0r
1y
1c
0i
#17317934721
1t
0s
0r
1y
1c
0i
#17317936407
0t
0s
0r
1y
1c
0i
#17317937590
1t
0s
0r
1y
1c
0i
#17317938560
0t
0s
0r
1y
1c
0i
#17317938958
1t
0s
0r
1y
1c
0i
#17317939611
0t
0s
0r
1y
1c
0i
#17317940020
1t
0s
0r
1y
1c
0i
#17317940670
0t
0s
0r
1y
1c
0i
#17317941079
1t
0s
0r
1y
1c
0i
#17317941728
0t
0s
0r
1y
1c
0i
#17317942140
1t
0s
0r
1y
1c
0i
#17317942788
0t
0s
0r
1y
1c
0i
#17317943198
1t
0s
0r
1y
1c
0i
#17317943850
0t
0s
0r
1y
1c
0i
#17317944258
1t
0s
0r
1y
1c
0i
#17317944906
0t
0s
0r
1y
1c
0i
#17317945316
1t
0s
0r
1y
1c
0i
#17317945966
0t
0s
0r
1y
1c
0i
#17317946375
1t
0s
0r
1y
1c
0i
#17317947026
0t
0s
0r
1y
1c
0i
#17317947436
1t
0s
0r
1y
1c
0i
#17317948084
0t
0s
0r
1y
1c
0i
#17317948495
1t
0s
0r
1y
1c
0i
#17317949146
0t
0s
0r
1y
0c
0i
#17317949556
1t
0s
0r
1y
0c
0i
#17317950211
0t
0s
0r
1y
0c
0i
#17317950621
1t
0s
0r
1y
0c
1i
#17317951272
0t
0s
0r
1y
0c
1i
#17317951684
1t
0s
0r
1y
0c
1i
#17317952337
0t
0s
0r
1y
0c
1i
#17317952750
1t
0s
0r
1y
0c
1i
#17317952836
1t
0s
1r
1y
0c
1i
#17317952838
1t
0s
0r
1y
0c
1i
#17317953406
0t
0s
0r
1y
0c
0i
#17317953817
1t
0s
0r
1y
0c
0i
#17317954469
0t
0s
0r
1y
0c
0i
#17317954881
1t
0s
0r
1y
0c
0i
#17317955536
0t
0s
0r
1y
0c
0i
#17317955946
1t
0s
0r
1y
0c
0i
#17317956603
0t
0s
0r
1y
0c
0i
#17317957012
1t
0s
0r
1y
0c
0i
#17317957664
0t
0s
0r
1y
0c
0i
#17317958077
1t
0s
0r
1y
0c
0i
#17317958730
0t
0s
0r
1y
0c
0i
#17317959141
1t
0s
0r
1y
0c
0i
#17317959797
0t
0s
0r
1y
0c
0i
#17317960205
1t
0s
0r
1y
0c
0i
#17317960858
0t
0s
0r
1y
0c
0i
#17317961268
1t
0s
0r
1y
0c
0i
#17317961922
0t
0s
0r
1y
0c
0i
#17317962331
1t
0s
0r
1y
0c
0i
#17317962988
0t
0s
0r
1y
0c
0i
#17317963396
1t
0s
0r
1y
0c
0i
#17317964048
0t
0s
0r
1y
0c
0i
#17317964458
1t
0s
0r
1y
0c
0i
#17317965112
0t
0s
0r
1y
0c
0i
#17317965521
1t
0s
0r
1y
0c
0i
#17317966178
0t
0s
0r
1y
0c
0i
#17317966586
1t
0s
0r
1y
0c
0i
#17317967239
0t
0s
0r
1y
0c
0i
#17317967649
1t
0s
0r
1y
0c
0i
#17317968303
0t
0s
0r
1y
0c
0i
#17317968714
1t
0s
0r
1y
0c
0i
#17317969369
0t
0s
0r
1y
0c
0i
#17317969779
1t
0s
0r
1y
0c
0i
#17317970430
0t
0s
0r
1y
0c
0i
#17317970842
1t
0s
0r
1y
0c
0i
#17317971495
0t
0s
0r
1y
0c
0i
#17317971905
1t
0s
0r
1y
0c
0i
#17317972561
0t
0s
0r
1y
0c
0i
#17317972971
1t
0s
0r
1y
0c
0i
#17317973621
0t
0s
0r
1y
0c
0i
#17317974034
1t
0s
0r
1y
0c
0i
#17317974686
0t
0s
0r
1y
0c
0i
#17317975098
1t
0s
0r
1y
0c
0i
#17317975752
0t
0s
0r
1y
0c
0i
#17317976163
1t
0s
0r
1y
0c
0i
#17317976813
0t
0s
0r
1y
0c
0i
#17317977225
1t
0s
0r
1y
0c
0i
#17317977878
0t
0s
0r
1y
0c
0i
#17317978290
1t
0s
0r
1y
0c
0i
#17317978944
0t
0s
0r
1y
0c
0i
#17317979357
1t
0s
0r
1y
0c
0i
#17317980007
0t
0s
0r
1y
0c
0i
#17317980422
1t
0s
0r
1y
0c
0i
#17317981075
0t
0s
0r
1y
1c
0i
#17317981489
1t
0s
0r
1y
1c
0i
#17317982147
0t
0s
0r
1y
1c
0i
#17317982559
1t
0s
0r
1y
1c
1i
#17317983214
0t
0s
0r
1y
1c
1i
#17317983629
1t
0s
0r
1y
1c
1i
#17317984287
0t
0s
0r
1y
1c
1i
#17317984701
1t
0s
0r
1y
1c
1i
#17317985362
0t
0s
0r
1y
1c
0i
#17317985775
1t
0s
0r
1y
1c
0i
#17317986431
0t
0s
0r
1y
1c
0i
#17317986846
1t
0s
0r
1y
1c
0i
#17317987503
0t
0s
0r
1y
1c
0i
#17317987917
1t
0s
0r
1y
1c
0i
#17317988577
0t
0s
0r
1y
1c
0i
#17317988990
1t
0s
0r
1y
1c
0i
#17317989644
0t
0s
0r
1y
1c
0i
#17317990060
1t
0s
0r
1y
1c
0i
#17317990714
0t
0s
0r
1y
1c
0i
#17317991129
1t
0s
0r
1y
1c
0i
#17317991785
0t
0s
0r
1y
1c
0i
#17317992198
1t
0s
0r
1y
1c
0i
#17317992849
0t
0s
0r
1y
1c
0i
#17317993263
1t
0s
0r
1y
1c
0i
#17317993915
0t
0s
0r
1y
1c
0i
#17317994328
1t
0s
0r
1y
1c
0i
#17317994980
0t
0s
0r
1y
1c
0i
#17317995394
1t
0s
0r
1y
1c
0i
#17317996042
0t
0s
0r
1y
1c
0i
#17317996456
1t
0s
0r
1y
1c
0i
#17317997106
0t
0s
0r
1y
1c
0i
#17317997519
1t
0s
0r
1y
1c
0i
#17317998172
0t
0s
0r
1y
1c
0i
#17317998584
1t
0s
0r
1y
1c
0i
#17318000275
0t
0s
0r
1y
1c
0i
#17318001464
1t
0s
0r
1y
1c
0i
#17318002437
0t
0s
0r
1y
1c
0i
#17318002837
1t
0s
0r
1y
1c
0i
#17318003492
0t
0s
0r
1y
1c
0i
#17318003902
1t
0s
0r
1y
1c
0i
#17318004555
0t
0s
0r
1y
1c
0i
#17318004966
1t
0s
0r
1y
1c
0i
#17318005618
0t
0s
0r
1y
1c
0i
#17318006031
1t
0s
0r
1y
1c
0i
#17318006682
0t
0s
0r
1y
1c
0i
#17318007094
1t
0s
0r
1y
1c
0i
#17318007748
0t
0s
0r
1y
1c
0i
#17318008158
1t
0s
0r
1y
1c
0i
#17318008808
0t
0s
0r
1y
1c
0i
#17318009220
1t
0s
0r
1y
1c
0i
#17318009872
0t
0s
0r
1y
1c
0i
#17318010282
1t
0s
0r
1y
1c
0i
#17318010936
0t
0s
0r
1y
1c
0i
#17318011348
1t
0s
0r
1y
1c
0i
#17318011998
0t
0s
0r
1y
1c
0i
#17318012411
1t
0s
0r
1y
1c
0i
#17318013063
0t
0s
0r
1y
0c
0i
#17318013475
1t
0s
0r
1y
0c
0i
#17318014133
0t
0s
0r
1y
0c
0i
#17318014543
1t
0s
0r
1y
0c
1i
#17318015198
0t
0s
0r
1y
0c
1i
#17318015610
1t
0s
0r
1y
0c
1i
#17318016266
0t
0s
0r
1y
0c
1i
#17318016680
1t
0s
0r
1y
0c
1i
#17318017339
0t
0s
0r
1y
0c
0i
#17318017751
1t
0s
0r
1y
0c
0i
#17318018405
0t
0s
0r
1y
0c
0i
#17318018819
1t
0s
0r
1y
0c
0i
#17318019475
0t
0s
0r
1y
0c
0i
#17318019887
1t
0s
0r
1y
0c
0i
#17318020546
0t
0s
0r
1y
0c
0i
#17318020956
1t
0s
0r
1y
0c
0i
#17318021610
0t
0s
0r
1y
0c
0i
#17318022024
1t
0s
0r
1y
0c
0i
#17318022677
0t
0s
0r
1y
0c
0i
#17318023090
1t
0s
0r
1y
0c
0i
#17318023746
0t
0s
0r
1y
0c
0i
#17318024156
1t
0s
0r
1y
0c
0i
#17318024809
0t
0s
0r
1y
0c
0i
#17318025220
1t
0s
0r
1y
0c
0i
#17318025874
0t
0s
0r
1y
0c
0i
#17318026283
1t
0s
0r
1y
0c
0i
#17318026940
0t
0s
0r
1y
0c
0i
#17318027348
1t
0s
0r
1y
0c
0i
#17318027999
0t
0s
0r
1y
0c
0i
#17318028409
1t
0s
0r
1y
0c
0i
#17318029062
0t
0s
0r
1y
0c
0i
#17318029471
1t
0s
0r
1y
0c
0i
#17318030127
0t
0s
0r
1y
0c
0i
#17318030535
1t
0s
0r
1y
0c
0i
#17318031187
0t
0s
0r
1y
0c
0i
#17318031597
1t
0s
0r
1y
0c
0i
#17318032250
0t
0s
0r
1y
0c
0i
#17318032661
1t
0s
0r
1y
0c
0i
#17318033316
0t
0s
0r
1y
0c
0i
#17318033725
1t
0s
0r
1y
0c
0i
#17318034376
0t
0s
0r
1y
0c
0i
#17318034787
1t
0s
0r
1y
0c
0i
#17318035440
0t
0s
0r
1y
0c
0i
#17318035850
1t
0s
0r
1y
0c
0i
#17318036505
0t
0s
0r
1y
0c
0i
#17318036914
1t
0s
0r
1y
0c
0i
#17318037564
0t
0s
0r
1y
0c
0i
#17318037977
1t
0s
0r
1y
0c
0i
#17318038627
0t
0s
0r
1y
0c
0i
#17318039039
1t
0s
0r
1y
0c
0i
#17318039692
0t
0s
0r
1y
0c
0i
#17318040102
1t
0s
0r
1y
0c
0i
#17318040751
0t
0s
0r
1y
0c
0i
#17318041163
1t
0s
0r
1y
0c
0i
#17318041814
0t
0s
0r
1y
0c
0i
#17318042224
1t
0s
0r
1y
0c
0i
#17318042877
0t
0s
0r
1y
0c
0i
#17318043289
1t
0s
0r
1y
0c
0i
#17318043938
0t
0s
0r
1y
0c
0i
#17318044351
1t
0s
0r
1y
0c
0i
#17318045003
0t
0s
0r
1y
1c
0i
#17318045415
1t
0s
0r
1y
1c
0i
#17318046071
0t
0s
0r
1y
1c
0i
#17318046483
1t
0s
0r
1y
1c
1i
#17318047136
0t
0s
0r
1y
1c
1i
#17318047550
1t
0s
0r
1y
1c
1i
#17318048205
0t
0s
0r
1y
1c
1i
#17318048619
1t
0s
0r
1y
1c
1i
#17318049278
0t
0s
0r
1y
1c
0i
#17318049690
1t
0s
0r
1y
1c
0i
#17318050345
0t
0s
0r
1y
1c
0i
#17318050759
1t
0s
0r
1y
1c
0i
#17318051415
0t
0s
0r
1y
1c
0i
#17318051828
1t
0s
0r
1y
1c
0i
#17318052486
0t
0s
0r
1y
1c
0i
#17318052899
1t
0s
0r
1y
1c
0i
#17318053551
0t
0s
0r
1y
1c
0i
#17318053967
1t
0s
0r
1y
1c
0i
#17318054620
0t
0s
0r
1y
1c
0i
#17318055035
1t
0s
0r
1y
1c
0i
#17318055691
0t
0s
0r
1y
1c
0i
#17318056104
1t
0s
0r
1y
1c
0i
#17318056756
0t
0s
0r
1y
1c
0i
#17318057171
1t
0s
0r
1y
1c
0i
#17318057824
0t
0s
0r
1y
1c
0i
#17318058238
1t
0s
0r
1y
1c
0i
#17318058893
0t
0s
0r
1y
1c
0i
#17318059308
1t
0s
0r
1y
1c
0i
#17318059959
0t
0s
0r
1y
1c
0i
#17318060374
1t
0s
0r
1y
1c
0i
#17318061026
0t
0s
0r
1y
1c
0i
#17318061441
1t
0s
0r
1y
1c
0i
#17318062095
0t
0s
0r
1y
1c
0i
#17318062509
1t
0s
0r
1y
1c
0i
#17318064205
0t
0s
0r
1y
1c
0i
#17318065397
1t
0s
0r
1y
1c
0i
#17318066372
0t
0s
0r
1y
1c
0i
#17318066772
1t
0s
0r
1y
1c
0i
#17318067429
0t
0s
0r
1y
1c
0i
#17318067840
1t
0s
0r
1y
1c
0i
#17318068494
0t
0s
0r
1y
1c
0i
#17318068906
1t
0s
0r
1y
1c
0i
#17318069559
0t
0s
0r
1y
1c
0i
#17318069973
1t
0s
0r
1y
1c
0i
#17318070626
0t
0s
0r
1y
1c
0i
#17318071038
1t
0s
0r
1y
1c
0i
#17318071694
0t
0s
0r
1y
1c
0i
#17318072104
1t
0s
0r
1y
1c
0i
#17318072756
0t
0s
0r
1y
1c
0i
#17318073169
1t
0s
0r
1y
1c
0i
#17318073822
0t
0s
0r
1y
1c
0i
#17318074233
1t
0s
0r
1y
1c
0i
#17318074888
0t
0s
0r
1y
1c
0i
#17318075301
1t
0s
0r
1y
1c
0i
#17318075952
0t
0s
0r
1y
1c
0i
#17318076366
1t
0s
0r
1y
1c
0i
#17318077020
0t
0s
0r
1y
0c
0i
#17318077433
1t
0s
0r
1y
0c
0i
#17318078091
0t
0s
0r
1y
0c
0i
#17318078503
1t
0s
0r
1y
0c
1i
#17318079158
0t
0s
0r
1y
0c
1i
#17318079571
1t
0s
0r
1y
0c
1i
#17318080229
0t
0s
0r
1y
0c
1i
#17318080643
1t
0s
0r
1y
0c
1i
#17318080697
1t
0s
1r
1y
0c
1i
#17318080699
1t
0s
0r
1y
0c
1i
#17318081303
0t
0s
0r
1y
0c
0i
#17318081716
1t
0s
0r
1y
0c
0i
#17318082371
0t
0s
0r
1y
0c
0i
#17318082786
1t
0s
0r
1y
0c
0i
#17318083443
0t
0s
0r
1y
0c
0i
#17318083856
1t
0s
0r
1y
0c
0i
#17318084516
0t
0s
0r
1y
0c
0i
#17318084927
1t
0s
0r
1y
0c
0i
#17318085583
0t
0s
0r
1y
0c
0i
#17318085998
1t
0s
0r
1y
0c
0i
#17318086655
0t
0s
0r
1y
0c
0i
#17318087068
1t
0s
0r
1y
0c
0i
#17318087729
0t
0s
0r
1y
0c
0i
#17318088141
1t
0s
0r
1y
0c
0i
#17318088800
0t
0s
0r
1y
0c
0i
#17318089213
1t
0s
0r
1y
0c
0i
#17318089874
0t
0s
0r
1y
0c
0i
#17318090286
1t
0s
0r
1y
0c
0i
#17318090950
0t
0s
0r
1y
0c
0i
#17318091362
1t
0s
0r
1y
0c
0i
#17318092022
0t
0s
0r
1y
0c
0i
#17318092436
1t
0s
0r
1y
0c
0i
#17318093099
0t
0s
0r
1y
0c
0i
#17318093512
1t
0s
0r
1y
0c
0i
#17318094177
0t
0s
0r
1y
0c
0i
#17318094589
1t
0s
0r
1y
0c
0i
#17318095251
0t
0s
0r
1y
0c
0i
#17318095666
1t
0s
0r
1y
0c
0i
#17318096328
0t
0s
0r
1y
0c
0i
#17318096744
1t
0s
0r
1y
0c
0i
#17318097408
0t
0s
0r
1y
0c
0i
#17318097822
1t
0s
0r
1y
0c
0i
#17318098482
0t
0s
0r
1y
0c
0i
#17318098898
1t
0s
0r
1y
0c
0i
#17318099559
0t
0s
0r
1y
0c
0i
#17318099974
1t
0s
0r
1y
0c
0i
#17318100639
0t
0s
0r
1y
0c
0i
#17318101052
1t
0s
0r
1y
0c
0i
#17318101711
0t
0s
0r
1y
0c
0i
#17318102127
1t
0s
0r
1y
0c
0i
#17318102787
0t
0s
0r
1y
0c
0i
#17318103202
1t
0s
0r
1y
0c
0i
#17318103865
0t
0s
0r
1y
0c
0i
#17318104279
1t
0s
0r
1y
0c
0i
#17318104937
0t
0s
0r
1y
0c
0i
#17318105353
1t
0s
0r
1y
0c
0i
#17318106013
0t
0s
0r
1y
0c
0i
#17318106429
1t
0s
0r
1y
0c
0i
#17318107091
0t
0s
0r
1y
0c
0i
#17318107507
1t
0s
0r
1y
0c
0i
#17318108165
0t
0s
0r
1y
0c
0i
#17318108584
1t
0s
0r
1y
0c
0i
#17318109245
0t
0s
0r
1y
1c
0i
#17318109662
1t
0s
0r
1y
1c
0i
#17318110328
0t
0s
0r
1y
1c
0i
#17318110744
1t
0s
0r
1y
1c
1i
#17318111408
0t
0s
0r
1y
1c
1i
#17318111826
1t
0s
0r
1y
1c
1i
#17318112492
0t
0s
0r
1y
1c
1i
#17318112910
1t
0s
0r
1y
1c
1i
#17318113579
0t
0s
0r
1y
1c
0i
#17318113996
1t
0s
0r
1y
1c
0i
#17318114660
0t
0s
0r
1y
1c
0i
#17318115079
1t
0s
0r
1y
1c
0i
#17318115744
0t
0s
0r
1y
1c
0i
#17318116162
1t
0s
0r
1y
1c
0i
#17318116829
0t
0s
0r
1y
1c
0i
#17318117246
1t
0s
0r
1y
1c
0i
#17318117907
0t
0s
0r
1y
1c
0i
#17318118326
1t
0s
0r
1y
1c
0i
#17318118987
0t
0s
0r
1y
1c
0i
#17318119406
1t
0s
0r
1y
1c
0i
#17318120068
0t
0s
0r
1y
1c
0i
#17318120485
1t
0s
0r
1y
1c
0i
#17318121142
0t
0s
0r
1y
1c
0i
#17318121559
1t
0s
0r
1y
1c
0i
#17318122217
0t
0s
0r
1y
1c
0i
#17318122633
1t
0s
0r
1y
1c
0i
#17318123292
0t
0s
0r
1y
1c
0i
#17318123708
1t
0s
0r
1y
1c
0i
#17318124362
0t
0s
0r
1y
1c
0i
#17318124780
1t
0s
0r
1y
1c
0i
#17318125436
0t
0s
0r
1y
1c
0i
#17318125852
1t
0s
0r
1y
1c
0i
#17318126511
0t
0s
0r
1y
1c
0i
#17318126926
1t
0s
0r
1y
1c
0i
#17318128632
0t
0s
0r
1y
1c
0i
#17318129831
1t
0s
0r
1y
1c
0i
#17318130812
0t
0s
0r
1y
1c
0i
#17318131215
1t
0s
0r
1y
1c
0i
#17318131876
0t
0s
0r
1y
1c
0i
#17318132290
1t
0s
0r
1y
1c
0i
#17318132948
0t
0s
0r
1y
1c
0i
#17318133362
1t
0s
0r
1y
1c
0i
#17318134020
0t
0s
0r
1y
1c
0i
#17318134435
1t
0s
0r
1y
1c
0i
#17318135093
0t
0s
0r
1y
1c
0i
#17318135507
1t
0s
0r
1y
1c
0i
#17318136168
0t
0s
0r
1y
1c
0i
#17318136580
1t
0s
0r
1y
1c
0i
#17318137236
0t
0s
0r
1y
1c
0i
#17318137651
1t
0s
0r
1y
1c
0i
#17318138308
0t
0s
0r
1y
1c
0i
#17318138722
1t
0s
0r
1y
1c
0i
#17318139381
0t
0s
0r
1y
1c
0i
#17318139796
1t
0s
0r
1y
1c
0i
#17318140451
0t
0s
0r
1y
0c
0i
#17318140868
1t
0s
0r
1y
0c
0i
#17318141526
0t
0s
0r
1y
0c
0i
#17318141942
1t
0s
0r
1y
0c
0i
#17318142604
0t
0s
0r
1y
0c
0i
#17318143019
1t
0s
0r
1y
0c
1i
#17318143679
0t
0s
0r
1y
0c
1i
#17318144095
1t
0s
0r
1y
0c
1i
#17318144757
0t
0s
0r
1y
0c
1i
#17318145174
1t
0s
0r
1y
0c
1i
#17318145839
0t
0s
0r
1y
0c
0i
#17318146254
1t
0s
0r
1y
0c
0i
#17318146916
0t
0s
0r
1y
0c
0i
#17318147332
1t
0s
0r
1y
0c
0i
#17318147995
0t
0s
0r
1y
0c
0i
#17318148409
1t
0s
0r
1y
0c
0i
#17318149073
0t
0s
0r
1y
0c
0i
#17318149486
1t
0s
0r
1y
0c
0i
#17318150144
0t
0s
0r
1y
0c
0i
#17318150559
1t
0s
0r
1y
0c
0i
#17318151215
0t
0s
0r
1y
0c
0i
#17318151627
1t
0s
0r
1y
0c
0i
#17318152284
0t
0s
0r
1y
0c
0i
#17318152694
1t
0s
0r
1y
0c
0i
#17318153347
0t
0s
0r
1y
0c
0i
#17318153757
1t
0s
0r
1y
0c
0i
#17318154409
0t
0s
0r
1y
0c
0i
#17318154818
1t
0s
0r
1y
0c
0i
#17318155473
0t
0s
0r
1y
0c
0i
#17318155880
1t
0s
0r
1y
0c
0i
#17318156530
0t
0s
0r
1y
0c
0i
#17318156939
1t
0s
0r
1y
0c
0i
#17318157591
0t
0s
0r
1y
0c
0i
#17318158000
1t
0s
0r
1y
0c
0i
#17318158655
0t
0s
0r
1y
0c
0i
#17318159062
1t
0s
0r
1y
0c
0i
#17318159715
0t
0s
0r
1y
0c
0i
#17318160124
1t
0s
0r
1y
0c
0i
#17318160777
0t
0s
0r
1y
0c
0i
#17318161188
1t
0s
0r
1y
0c
0i
#17318161843
0t
0s
0r
1y
0c
0i
#17318162253
1t
0s
0r
1y
0c
0i
#17318162903
0t
0s
0r
1y
0c
0i
#17318163315
1t
0s
0r
1y
0c
0i
#17318163968
0t
0s
0r
1y
0c
0i
#17318164378
1t
0s
0r
1y
0c
0i
#17318165034
0t
0s
0r
1y
0c
0i
#17318165443
1t
0s
0r
1y
0c
0i
#17318166093
0t
0s
0r
1y
0c
0i
#17318166505
1t
0s
0r
1y
0c
0i
#17318167156
0t
0s
0r
1y
0c
0i
#17318167568
1t
0s
0r
1y
0c
0i
#17318168222
0t
0s
0r
1y
0c
0i
#17318168632
1t
0s
0r
1y
0c
0i
#17318169282
0t
0s
0r
1y
0c
0i
#17318169694
1t
0s
0r
1y
0c
0i
#17318170345
0t
0s
0r
1y
0c
0i
#17318170757
1t
0s
0r
1y
0c
0i
#17318171410
0t
0s
0r
1y
0c
0i
#17318171823
1t
0s
0r
1y
0c
0i
#17318172472
0t
0s
0r
1y
0c
0i
#17318172886
1t
0s
0r
1y
0c
0i
#17318173538
0t
0s
0r
1y
1c
0i
#17318173951
1t
0s
0r
1y
1c
0i
#17318174607
0t
0s
0r
1y
1c
0i
#17318175020
1t
0s
0r
1y
1c
1i
#17318175673
0t
0s
0r
1y
1c
1i
#17318176088
1t
0s
0r
1y
1c
1i
#17318176743
0t
0s
0r
1y
1c
1i
#17318177158
1t
0s
0r
1y
1c
1i
#17318177817
0t
0s
0r
1y
1c
0i
#17318178230
1t
0s
0r
1y
1c
0i
#17318178885
0t
0s
0r
1y
1c
0i
#17318179299
1t
0s
0r
1y
1c
0i
#17318179955
0t
0s
0r
1y
1c
0i
#17318180369
1t
0s
0r
1y
1c
0i
#17318181027
0t
0s
0r
1y
1c
0i
#17318181440
1t
0s
0r
1y
1c
0i
#17318182092
0t
0s
0r
1y
1c
0i
#17318182508
1t
0s
0r
1y
1c
0i
#17318183162
0t
0s
0r
1y
1c
0i
#17318183577
1t
0s
0r
1y
1c
0i
#17318184233
0t
0s
0r
1y
1c
0i
#17318184647
1t
0s
0r
1y
1c
0i
#17318185299
0t
0s
0r
1y
1c
0i
#17318185714
1t
0s
0r
1y
1c
0i
#17318186367
0t
0s
0r
1y
1c
0i
#17318186781
1t
0s
0r
1y
1c
0i
#17318187436
0t
0s
0r
1y
1c
0i
#17318187850
1t
0s
0r
1y
1c
0i
#17318188501
0t
0s
0r
1y
1c
0i
#17318188917
1t
0s
0r
1y
1c
0i
#17318189568
0t
0s
0r
1y
1c
0i
#17318189983
1t
0s
0r
1y
1c
0i
#17318190638
0t
0s
0r
1y
1c
0i
#17318191051
1t
0s
0r
1y
1c
0i
#17318192747
0t
0s
0r
1y
1c
0i
#17318193938
1t
0s
0r
1y
1c
0i
#17318194913
0t
0s
0r
1y
1c
0i
#17318195313
1t
0s
0r
1y
1c
0i
#17318195969
0t
0s
0r
1y
1c
0i
#17318196381
1t
0s
0r
1y
1c
0i
#17318197034
0t
0s
0r
1y
1c
0i
#17318197446
1t
0s
0r
1y
1c
0i
#17318198099
0t
0s
0r
1y
1c
0i
#17318198513
1t
0s
0r
1y
1c
0i
#17318199166
0t
0s
0r
1y
1c
0i
#17318199578
1t
0s
0r
1y
1c
0i
#17318200234
0t
0s
0r
1y
1c
0i
#17318200645
1t
0s
0r
1y
1c
0i
#17318201297
0t
0s
0r
1y
1c
0i
#17318201709
1t
0s
0r
1y
1c
0i
#17318202363
0t
0s
0r
1y
1c
0i
#17318202775
1t
0s
0r
1y
1c
0i
#17318203430
0t
0s
0r
1y
1c
0i
#17318203843
1t
0s
0r
1y
1c
0i
#17318204495
0t
0s
0r
1y
1c
0i
#17318204909
1t
0s
0r
1y
1c
0i
#17318205564
0t
0s
0r
1y
0c
0i
#17318205977
1t
0s
0r
1y
0c
0i
#17318206636
0t
0s
0r
1y
0c
0i
#17318207048
1t
0s
0r
1y
0c
1i
#17318207705
0t
0s
0r
1y
0c
1i
#17318208119
1t
0s
0r
1y
0c
1i
#17318208776
0t
0s
0r
1y
0c
1i
#17318209191
1t
0s
0r
1y
0c
1i
#17318209300
1t
0s
1r
1y
0c
1i
#17318209303
1t
0s
0r
1y
0c
1i
#17318209852
0t
0s
0r
1y
0c
0i
#17318210266
1t
0s
0r
1y
0c
0i
#17318210922
0t
0s
0r
1y
0c
0i
#17318211337
1t
0s
0r
1y
0c
0i
#17318211995
0t
0s
0r
1y
0c
0i
#17318212408
1t
0s
0r
1y
0c
0i
#17318213069
0t
0s
0r
1y
0c
0i
#17318213480
1t
0s
0r
1y
0c
0i
#17318214135
0t
0s
0r
1y
0c
0i
#17318214550
1t
0s
0r
1y
0c
0i
#17318215205
0t
0s
0r
1y
0c
0i
#17318215617
1t
0s
0r
1y
0c
0i
#17318216275
0t
0s
0r
1y
0c
0i
#17318216685
1t
0s
0r
1y
0c
0i
#17318217338
0t
0s
0r
1y
0c
0i
#17318217749
1t
0s
0r
1y
0c
0i
#17318218403
0t
0s
0r
1y
0c
0i
#17318218812
1t
0s
0r
1y
0c
0i
#17318219468
0t
0s
0r
1y
0c
0i
#17318219876
1t
0s
0r
1y
0c
0i
#17318220527
0t
0s
0r
1y
0c
0i
#17318220937
1t
0s
0r
1y
0c
0i
#17318221590
0t
0s
0r
1y
0c
0i
#17318221999
1t
0s
0r
1y
0c
0i
#17318222655
0t
0s
0r
1y
0c
0i
#17318223062
1t
0s
0r
1y
0c
0i
#17318223715
0t
0s
0r
1y
0c
0i
#17318224125
1t
0s
0r
1y
0c
0i
#17318224777
0t
0s
0r
1y
0c
0i
#17318225189
1t
0s
0r
1y
0c
0i
#17318225844
0t
0s
0r
1y
0c
0i
#17318226254
1t
0s
0r
1y
0c
0i
#17318226905
0t
0s
0r
1y
0c
0i
#17318227316
1t
0s
0r
1y
0c
0i
#17318227970
0t
0s
0r
1y
0c
0i
#17318228380
1t
0s
0r
1y
0c
0i
#17318229036
0t
0s
0r
1y
0c
0i
#17318229446
1t
0s
0r
1y
0c
0i
#17318230097
0t
0s
0r
1y
0c
0i
#17318230509
1t
0s
0r
1y
0c
0i
#17318231161
0t
0s
0r
1y
0c
0i
#17318231572
1t
0s
0r
1y
0c
0i
#17318232227
0t
0s
0r
1y
0c
0i
#17318232637
1t
0s
0r
1y
0c
0i
#17318233287
0t
0s
0r
1y
0c
0i
#17318233700
1t
0s
0r
1y
0c
0i
#17318234352
0t
0s
0r
1y
0c
0i
#17318234763
1t
0s
0r
1y
0c
0i
#17318235417
0t
0s
0r
1y
0c
0i
#17318235830
1t
0s
0r
1y
0c
0i
#17318236480
0t
0s
0r
1y
0c
0i
#17318236894
1t
0s
0r
1y
0c
0i
#17318237547
0t
0s
0r
1y
1c
0i
#17318237960
1t
0s
0r
1y
1c
0i
#17318238618
0t
0s
0r
1y
1c
0i
#17318239030
1t
0s
0r
1y
1c
1i
#17318239684
0t
0s
0r
1y
1c
1i
#17318240099
1t
0s
0r
1y
1c
1i
#17318240756
0t
0s
0r
1y
1c
1i
#17318241171
1t
0s
0r
1y
1c
1i
#17318241831
0t
0s
0r
1y
1c
0i
#17318242244
1t
0s
0r
1y
1c
0i
#17318242900
0t
0s
0r
1y
1c
0i
#17318243315
1t
0s
0r
1y
1c
0i
#17318243972
0t
0s
0r
1y
1c
0i
#17318244386
1t
0s
0r
1y
1c
0i
#17318245045
0t
0s
0r
1y
1c
0i
#17318245458
1t
0s
0r
1y
1c
0i
#17318246111
0t
0s
0r
1y
1c
0i
#17318246527
1t
0s
0r
1y
1c
0i
#17318247179
0t
0s
0r
1y
1c
0i
#17318247594
1t
0s
0r
1y
1c
0i
#17318248248
0t
0s
0r
1y
1c
0i
#17318248660
1t
0s
0r
1y
1c
0i
#17318249309
0t
0s
0r
1y
1c
0i
#17318249722
1t
0s
0r
1y
1c
0i
#17318250371
0t
0s
0r
1y
1c
0i
#17318250783
1t
0s
0r
1y
1c
0i
#17318251432
0t
0s
0r
1y
1c
0i
#17318251844
1t
0s
0r
1y
1c
0i
#17318252490
0t
0s
0r
1y
1c
0i
#17318252903
1t
0s
0r
1y
1c
0i
#17318253549
0t
0s
0r
1y
1c
0i
#17318253962
1t
0s
0r
1y
1c
0i
#17318254612
0t
0s
0r
1y
1c
0i
#17318255022
1t
0s
0r
1y
1c
0i
#17318256707
0t
0s
0r
1y
1c
0i
#17318257890
1t
0s
0r
1y
1c
0i
#17318258861
0t
0s
0r
1y
1c
0i
#17318259259
1t
0s
0r
1y
1c
0i
#17318259911
0t
0s
0r
1y
1c
0i
#17318260321
1t
0s
0r
1y
1c
0i
#17318260971
0t
0s
0r
1y
1c
0i
#17318261381
1t
0s
0r
1y
1c
0i
#17318262030
0t
0s
0r
1y
1c
0i
#17318262442
1t
0s
0r
1y
1c
0i
#17318263091
0t
0s
0r
1y
1c
0i
#17318263501
1t
0s
0r
1y
1c
0i
#17318264152
0t
0s
0r
1y
1c
0i
#17318264561
1t
0s
0r
1y
1c
0i
#17318265209
0t
0s
0r
1y
1c
0i
#17318265619
1t
0s
0r
1y
1c
0i
#17318266268
0t
0s
0r
1y
1c
0i
#17318266678
1t
0s
0r
1y
1c
0i
#17318267329
0t
0s
0r
1y
1c
0i
#17318267739
1t
0s
0r
1y
1c
0i
#17318268387
0t
0s
0r
1y
1c
0i
#17318268798
1t
0s
0r
1y
1c
0i
#17318269448
0t
0s
0r
1y
0c
0i
#17318269859
1t
0s
0r
1y
0c
0i
#17318270514
0t
0s
0r
1y
0c
0i
#17318270923
1t
0s
0r
1y
0c
1i
#17318271574
0t
0s
0r
1y
0c
1i
#17318271986
1t
0s
0r
1y
0c
1i
#17318272639
0t
0s
0r
1y
0c
1i
#17318273051
1t
0s
0r
1y
0c
1i
#17318273707
0t
0s
0r
1y
0c
0i
#17318274118
1t
0s
0r
1y
0c
0i
#17318274769
0t
0s
0r
1y
0c
0i
#17318275181
1t
0s
0r
1y
0c
0i
#17318275834
0t
0s
0r
1y
0c
0i
#17318276245
1t
0s
0r
1y
0c
0i
#17318276901
0t
0s
0r
1y
0c
0i
#17318277310
1t
0s
0r
1y
0c
0i
#17318277961
0t
0s
0r
1y
0c
0i
#17318278373
1t
0s
0r
1y
0c
0i
#17318279024
0t
0s
0r
1y
0c
0i
#17318279435
1t
0s
0r
1y
0c
0i
#17318280089
0t
0s
0r
1y
0c
0i
#17318280498
1t
0s
0r
1y
0c
0i
#17318281148
0t
0s
0r
1y
0c
0i
#17318281559
1t
0s
0r
1y
0c
0i
#17318282211
0t
0s
0r
1y
0c
0i
#17318282620
1t
0s
0r
1y
0c
0i
#17318283275
0t
0s
0r
1y
0c
0i
#17318283682
1t
0s
0r
1y
0c
0i
#17318284333
0t
0s
0r
1y
0c
0i
#17318284742
1t
0s
0r
1y
0c
0i
#17318285395
0t
0s
0r
1y
0c
0i
#17318285804
1t
0s
0r
1y
0c
0i
#17318286459
0t
0s
0r
1y
0c
0i
#17318286866
1t
0s
0r
1y
0c
0i
#17318287518
0t
0s
0r
1y
0c
0i
#17318287928
1t
0s
0r
1y
0c
0i
#17318288579
0t
0s
0r
1y
0c
0i
#17318288990
1t
0s
0r
1y
0c
0i
#17318289644
0t
0s
0r
1y
0c
0i
#17318290053
1t
0s
0r
1y
0c
0i
#17318290703
0t
0s
0r
1y
0c
0i
#17318291114
1t
0s
0r
1y
0c
0i
#17318291765
0t
0s
0r
1y
0c
0i
#17318292175
1t
0s
0r
1y
0c
0i
#17318292829
0t
0s
0r
1y
0c
0i
#17318293238
1t
0s
0r
1y
0c
0i
#17318293887
0t
0s
0r
1y
0c
0i
#17318294298
1t
0s
0r
1y
0c
0i
#17318294948
0t
0s
0r
1y
0c
0i
#17318295359
1t
0s
0r
1y
0c
0i
#17318296011
0t
0s
0r
1y
0c
0i
#17318296421
1t
0s
0r
1y
0c
0i
#17318297069
0t
0s
0r
1y
0c
0i
#17318297480
1t
0s
0r
1y
0c
0i
#17318298130
0t
0s
0r
1y
0c
0i
#17318298540
1t
0s
0r
1y
0c
0i
#17318299192
0t
0s
0r
1y
0c
0i
#17318299604
1t
0s
0r
1y
0c
0i
#17318300252
0t
0s
0r
1y
0c
0i
#17318300664
1t
0s
0r
1y
0c
0i
#17318301315
0t
0s
0r
1y
1c
0i
#17318301727
1t
0s
0r
1y
1c
0i
#17318302382
0t
0s
0r
1y
1c
0i
#17318302793
1t
0s
0r
1y
1c
1i
#17318303445
0t
0s
0r
1y
1c
1i
#17318303858
1t
0s
0r
1y
1c
1i
#17318304512
0t
0s
0r
1y
1c
1i
#17318304926
1t
0s
0r
1y
1c
1i
#17318305583
0t
0s
0r
1y
1c
0i
#17318305995
1t
0s
0r
1y
1c
0i
#17318306648
0t
0s
0r
1y
1c
0i
#17318307062
1t
0s
0r
1y
1c
0i
#17318307716
0t
0s
0r
1y
1c
0i
#17318308129
1t
0s
0r
1y
1c
0i
#17318308785
0t
0s
0r
1y
1c
0i
#17318309197
1t
0s
0r
1y
1c
0i
#17318309847
0t
0s
0r
1y
1c
0i
#17318310262
1t
0s
0r
1y
1c
0i
#17318310913
0t
0s
0r
1y
1c
0i
#17318311325
1t
0s
0r
1y
1c
0i
#17318311979
0t
0s
0r
1y
1c
0i
#17318312389
1t
0s
0r
1y
1c
0i
#17318313037
0t
0s
0r
1y
1c
0i
#17318313449
1t
0s
0r
1y
1c
0i
#17318314096
0t
0s
0r
1y
1c
0i
#17318314508
1t
0s
0r
1y
1c
0i
#17318315157
0t
0s
0r
1y
1c
0i
#17318315568
1t
0s
0r
1y
1c
0i
#17318316212
0t
0s
0r
1y
1c
0i
#17318316625
1t
0s
0r
1y
1c
0i
#17318317270
0t
0s
0r
1y
1c
0i
#17318317681
1t
0s
0r
1y
1c
0i
#17318318330
0t
0s
0r
1y
1c
0i
#17318318740
1t
0s
0r
1y
1c
0i
#17318320421
0t
0s
0r
1y
1c
0i
#17318321603
1t
0s
0r
1y
1c
0i
#17318322572
0t
0s
0r
1y
1c
0i
#17318322969
1t
0s
0r
1y
1c
0i
#17318323620
0t
0s
0r
1y
1c
0i
#17318324028
1t
0s
0r
1y
1c
0i
#17318324677
0t
0s
0r
1y
1c
0i
#17318325086
1t
0s
0r
1y
1c
0i
#17318325733
0t
0s
0r
1y
1c
0i
#17318326144
1t
0s
0r
1y
1c
0i
#17318326792
0t
0s
0r
1y
1c
0i
#17318327201
1t
0s
0r
1y
1c
0i
#17318327851
0t
0s
0r
1y
1c
0i
#17318328259
1t
0s
0r
1y
1c
0i
#17318328904
0t
0s
0r
1y
1c
0i
#17318329314
1t
0s
0r
1y
1c
0i
#17318329961
0t
0s
0r
1y
1c
0i
#17318330370
1t
0s
0r
1y
1c
0i
#17318331019
0t
0s
0r
1y
1c
0i
#17318331429
1t
0s
0r
1y
1c
0i
#17318332074
0t
0s
0r
1y
1c
0i
#17318332485
1t
0s
0r
1y
1c
0i
#17318333133
0t
0s
0r
1y
0c
0i
#17318333543
1t
0s
0r
1y
0c
0i
#17318334195
0t
0s
0r
1y
0c
0i
#17318334604
1t
0s
0r
1y
0c
1i
#17318335253
0t
0s
0r
1y
0c
1i
#17318335664
1t
0s
0r
1y
0c
1i
#17318336315
0t
0s
0r
1y
0c
1i
#17318336727
1t
0s
0r
1y
0c
1i
#17318336861
1t
0s
1r
1y
0c
1i
#17318336864
1t
0s
0r
1y
0c
1i
#17318337381
0t
0s
0r
1y
0c
0i
#17318337791
1t
0s
0r
1y
0c
0i
#17318338441
0t
0s
0r
1y
0c
0i
#17318338852
1t
0s
0r
1y
0c
0i
#17318339504
0t
0s
0r
1y
0c
0i
#17318339914
1t
0s
0r
1y
0c
0i
#17318340569
0t
0s
0r
1y
0c
0i
#17318340977
1t
0s
0r
1y
0c
0i
#17318341627
0t
0s
0r
1y
0c
0i
#17318342039
1t
0s
0r
1y
0c
0i
#17318342690
0t
0s
0r
1y
0c
0i
#17318343101
1t
0s
0r
1y
0c
0i
#17318343755
0t
0s
0r
1y
0c
0i
#17318344163
1t
0s
0r
1y
0c
0i
#17318344815
0t
0s
0r
1y
0c
0i
#17318345224
1t
0s
0r
1y
0c
0i
#17318345877
0t
0s
0r
1y
0c
0i
#17318346285
1t
0s
0r
1y
0c
0i
#17318346941
0t
0s
0r
1y
0c
0i
#17318347348
1t
0s
0r
1y
0c
0i
#17318347998
0t
0s
0r
1y
0c
0i
#17318348407
1t
0s
0r
1y
0c
0i
#17318349060
0t
0s
0r
1y
0c
0i
#17318349468
1t
0s
0r
1y
0c
0i
#17318350123
0t
0s
0r
1y
0c
0i
#17318350530
1t
0s
0r
1y
0c
0i
#17318351182
0t
0s
0r
1y
0c
0i
#17318351591
1t
0s
0r
1y
0c
0i
#17318352243
0t
0s
0r
1y
0c
0i
#17318352654
1t
0s
0r
1y
0c
0i
#17318353307
0t
0s
0r
1y
0c
0i
#17318353716
1t
0s
0r
1y
0c
0i
#17318354366
0t
0s
0r
1y
0c
0i
#17318354777
1t
0s
0r
1y
0c
0i
#17318355428
0t
0s
0r
1y
0c
0i
#17318355838
1t
0s
0r
1y
0c
0i
#17318356492
0t
0s
0r
1y
0c
0i
#17318356900
1t
0s
0r
1y
0c
0i
#17318357549
0t
0s
0r
1y
0c
0i
#17318357961
1t
0s
0r
1y
0c
0i
#17318358610
0t
0s
0r
1y
0c
0i
#17318359021
1t
0s
0r
1y
0c
0i
#17318359674
0t
0s
0r
1y
0c
0i
#17318360083
1t
0s
0r
1y
0c
0i
#17318360731
0t
0s
0r
1y
0c
0i
#17318361142
1t
0s
0r
1y
0c
0i
#17318361793
0t
0s
0r
1y
0c
0i
#17318362203
1t
0s
0r
1y
0c
0i
#17318362856
0t
0s
0r
1y
0c
0i
#17318363267
1t
0s
0r
1y
0c
0i
#17318363915
0t
0s
0r
1y
0c
0i
#17318364328
1t
0s
0r
1y
0c
0i
#17318364979
0t
0s
0r
1y
1c
0i
#17318365392
1t
0s
0r
1y
1c
0i
#17318366047
0t
0s
0r
1y
1c
0i
#17318366458
1t
0s
0r
1y
1c
1i
#17318367111
0t
0s
0r
1y
1c
1i
#17318367525
1t
0s
0r
1y
1c
1i
#17318368180
0t
0s
0r
1y
1c
1i
#17318368593
1t
0s
0r
1y
1c
1i
#17318369252
0t
0s
0r
1y
1c
0i
#17318369664
1t
0s
0r
1y
1c
0i
#17318370317
0t
0s
0r
1y
1c
0i
#17318370731
1t
0s
0r
1y
1c
0i
#17318371386
0t
0s
0r
1y
1c
0i
#17318371799
1t
0s
0r
1y
1c
0i
#17318372456
0t
0s
0r
1y
1c
0i
#17318372868
1t
0s
0r
1y
1c
0i
#17318373520
0t
0s
0r
1y
1c
0i
#17318373935
1t
0s
0r
1y
1c
0i
#17318374587
0t
0s
0r
1y
1c
0i
#17318375002
1t
0s
0r
1y
1c
0i
#17318375656
0t
0s
0r
1y
1c
0i
#17318376069
1t
0s
0r
1y
1c
0i
#17318376720
0t
0s
0r
1y
1c
0i
#17318377133
1t
0s
0r
1y
1c
0i
#17318377785
0t
0s
0r
1y
1c
0i
#17318378198
1t
0s
0r
1y
1c
0i
#17318378852
0t
0s
0r
1y
1c
0i
#17318379265
1t
0s
0r
1y
1c
0i
#17318379915
0t
0s
0r
1y
1c
0i
#17318380329
1t
0s
0r
1y
1c
0i
#17318380980
0t
0s
0r
1y
1c
0i
#17318381394
1t
0s
0r
1y
1c
0i
#17318382047
0t
0s
0r
1y
1c
0i
#17318382459
1t
0s
0r
1y
1c
0i
#17318384151
0t
0s
0r
1y
1c
0i
#17318385341
1t
0s
0r
1y
1c
0i
#17318386314
0t
0s
0r
1y
1c
0i
#17318386713
1t
0s
0r
1y
1c
0i
#17318387368
0t
0s
0r
1y
1c
0i
#17318387779
1t
0s
0r
1y
1c
0i
#17318388430
0t
0s
0r
1y
1c
0i
#17318388842
1t
0s
0r
1y
1c
0i
#17318389493
0t
0s
0r
1y
1c
0i
#17318389906
1t
0s
0r
1y
1c
0i
#17318390557
0t
0s
0r
1y
1c
0i
#17318390968
1t
0s
0r
1y
1c
0i
#17318391622
0t
0s
0r
1y
1c
0i
#17318392032
1t
0s
0r
1y
1c
0i
#17318392681
0t
0s
0r
1y
1c
0i
#17318393093
1t
0s
0r
1y
1c
0i
#17318393744
0t
0s
0r
1y
1c
0i
#17318394155
1t
0s
0r
1y
1c
0i
#17318394809
0t
0s
0r
1y
1c
0i
#17318395221
1t
0s
0r
1y
1c
0i
#17318395870
0t
0s
0r
1y
1c
0i
#17318396284
1t
0s
0r
1y
1c
0i
#17318396936
0t
0s
0r
1y
0c
0i
#17318397349
1t
0s
0r
1y
0c
0i
#17318398006
0t
0s
0r
1y
0c
0i
#17318398417
1t
0s
0r
1y
0c
1i
#17318399072
0t
0s
0r
1y
0c
1i
#17318399485
1t
0s
0r
1y
0c
1i
#17318400142
0t
0s
0r
1y
0c
1i
#17318400556
1t
0s
0r
1y
0c
1i
#17318401215
0t
0s
0r
1y
0c
0i
#17318401627
1t
0s
0r
1y
0c
0i
#17318402283
0t
0s
0r
1y
0c
0i
#17318402697
1t
0s
0r
1y
0c
0i
#17318403353
0t
0s
0r
1y
0c
0i
#17318403766
1t
0s
0r
1y
0c
0i
#17318404425
0t
0s
0r
1y
0c
0i
#17318404836
1t
0s
0r
1y
0c
0i
#17318405490
0t
0s
0r
1y
0c
0i
#17318405904
1t
0s
0r
1y
0c
0i
#17318406558
0t
0s
0r
1y
0c
0i
#17318406971
1t
0s
0r
1y
0c
0i
#17318407629
0t
0s
0r
1y
0c
0i
#17318408039
1t
0s
0r
1y
0c
0i
#17318408693
0t
0s
0r
1y
0c
0i
#17318409105
1t
0s
0r
1y
0c
0i
#17318409761
0t
0s
0r
1y
0c
0i
#17318410171
1t
0s
0r
1y
0c
0i
#17318410829
0t
0s
0r
1y
0c
0i
#17318411237
1t
0s
0r
1y
0c
0i
#17318411891
0t
0s
0r
1y
0c
0i
#17318412301
1t
0s
0r
1y
0c
0i
#17318412956
0t
0s
0r
1y
0c
0i
#17318413365
1t
0s
0r
1y
0c
0i
#17318414023
0t
0s
0r
1y
0c
0i
#17318414431
1t
0s
0r
1y
0c
0i
#17318415085
0t
0s
0r
1y
0c
0i
#17318415496
1t
0s
0r
1y
0c
0i
#17318416149
0t
0s
0r
1y
0c
0i
#17318416561
1t
0s
0r
1y
0c
0i
#17318417216
0t
0s
0r
1y
0c
0i
#17318417627
1t
0s
0r
1y
0c
0i
#17318418278
0t
0s
0r
1y
0c
0i
#17318418690
1t
0s
0r
1y
0c
0i
#17318419343
0t
0s
0r
1y
0c
0i
#17318419754
1t
0s
0r
1y
0c
0i
#17318420410
0t
0s
0r
1y
0c
0i
#17318420820
1t
0s
0r
1y
0c
0i
#17318421471
0t
0s
0r
1y
0c
0i
#17318421883
1t
0s
0r
1y
0c
0i
#17318422535
0t
0s
0r
1y
0c
0i
#17318422947
1t
0s
0r
1y
0c
0i
#17318423601
0t
0s
0r
1y
0c
0i
#17318424012
1t
0s
0r
1y
0c
0i
#17318424662
0t
0s
0r
1y
0c
0i
#17318425074
1t
0s
0r
1y
0c
0i
#17318425726
0t
0s
0r
1y
0c
0i
#17318426138
1t
0s
0r
1y
0c
0i
#17318426792
0t
0s
0r
1y
0c
0i
#17318427205
1t
0s
0r
1y
0c
0i
#17318427854
0t
0s
0r
1y
0c
0i
#17318428268
1t
0s
0r
1y
0c
0i
#17318428921
0t
0s
0r
1y
1c
0i
#17318429334
1t
0s
0r
1y
1c
0i
#17318429992
0t
0s
0r
1y
1c
0i
#17318430404
1t
0s
0r
1y
1c
1i
#17318431058
0t
0s
0r
1y
1c
1i
#17318431472
1t
0s
0r
1y
1c
1i
#17318432129
0t
0s
0r
1y
1c
1i
#17318432543
1t
0s
0r
1y
1c
1i
#17318433204
0t
0s
0r
1y
1c
0i
#17318433616
1t
0s
0r
1y
1c
0i
#17318434271
0t
0s
0r
1y
1c
0i
#17318434686
1t
0s
0r
1y
1c
0i
#17318435343
0t
0s
0r
1y
1c
0i
#17318435757
1t
0s
0r
1y
1c
0i
#17318436416
0t
0s
0r
1y
1c
0i
#17318436828
1t
0s
0r
1y
1c
0i
#17318437482
0t
0s
0r
1y
1c
0i
#17318437898
1t
0s
0r
1y
1c
0i
#17318438552
0t
0s
0r
1y
1c
0i
#17318438967
1t
0s
0r
1y
1c
0i
#17318439623
0t
0s
0r
1y
1c
0i
#17318440036
1t
0s
0r
1y
1c
0i
#17318440688
0t
0s
0r
1y
1c
0i
#17318441103
1t
0s
0r
1y
1c
0i
#17318441756
0t
0s
0r
1y
1c
0i
#17318442169
1t
0s
0r
1y
1c
0i
#17318442823
0t
0s
0r
1y
1c
0i
#17318443237
1t
0s
0r
1y
1c
0i
#17318443887
0t
0s
0r
1y
1c
0i
#17318444303
1t
0s
0r
1y
1c
0i
#17318444954
0t
0s
0r
1y
1c
0i
#17318445368
1t
0s
0r
1y
1c
0i
#17318446022
0t
0s
0r
1y
1c
0i
#17318446434
1t
0s
0r
1y
1c
0i
#17318448129
0t
0s
0r
1y
1c
0i
#17318449319
1t
0s
0r
1y
1c
0i
#17318450294
0t
0s
0r
1y
1c
0i
#17318450694
1t
0s
0r
1y
1c
0i
#17318451350
0t
0s
0r
1y
1c
0i
#17318451761
1t
0s
0r
1y
1c
0i
#17318452414
0t
0s
0r
1y
1c
0i
#17318452826
1t
0s
0r
1y
1c
0i
#17318453479
0t
0s
0r
1y
1c
0i
#17318453892
1t
0s
0r
1y
1c
0i
#17318454545
0t
0s
0r
1y
1c
0i
#17318454956
1t
0s
0r
1y
1c
0i
#17318455612
0t
0s
0r
1y
1c
0i
#17318456022
1t
0s
0r
1y
1c
0i
#17318456673
0t
0s
0r
1y
1c
0i
#17318457085
1t
0s
0r
1y
1c
0i
#17318457738
0t
0s
0r
1y
1c
0i
#17318458149
1t
0s
0r
1y
1c
0i
#17318458804
0t
0s
0r
1y
1c
0i
#17318459216
1t
0s
0r
1y
1c
0i
#17318459867
0t
0s
0r
1y
0c
0i
#17318460280
1t
0s
0r
1y
0c
0i
#17318460933
0t
0s
0r
1y
0c
0i
#17318461347
1t
0s
0r
1y
0c
0i
#17318462004
0t
0s
0r
1y
0c
0i
#17318462416
1t
0s
0r
1y
0c
1i
#17318463071
0t
0s
0r
1y
0c
1i
#17318463485
1t
0s
0r
1y
0c
1i
#17318464142
0t
0s
0r
1y
0c
1i
#17318464556
1t
0s
0r
1y
0c
1i
#17318464610
1t
0s
1r
1y
0c
1i
#17318464612
1t
0s
0r
1y
0c
1i
#17318465216
0t
0s
0r
1y
0c
0i
#17318465629
1t
0s
0r
1y
0c
0i
#17318466285
0t
0s
0r
1y
0c
0i
#17318466699
1t
0s
0r
1y
0c
0i
#17318467356
0t
0s
0r
1y
0c
0i
#17318467769
1t
0s
0r
1y
0c
0i
#17318468429
0t
0s
0r
1y
0c
0i
#17318468840
1t
0s
0r
1y
0c
0i
#17318469495
0t
0s
0r
1y
0c
0i
#17318469909
1t
0s
0r
1y
0c
0i
#17318470565
0t
0s
0r
1y
0c
0i
#17318470977
1t
0s
0r
1y
0c
0i
#17318471637
0t
0s
0r
1y
0c
0i
#17318472047
1t
0s
0r
1y
0c
0i
#17318472703
0t
0s
0r
1y
0c
0i
#17318473115
1t
0s
0r
1y
0c
0i
#17318473772
0t
0s
0r
1y
0c
0i
#17318474183
1t
0s
0r
1y
0c
0i
#17318474844
0t
0s
0r
1y
0c
0i
#17318475253
1t
0s
0r
1y
0c
0i
#17318475909
0t
0s
0r
1y
0c
0i
#17318476321
1t
0s
0r
1y
0c
0i
#17318476978
0t
0s
0r
1y
0c
0i
#17318477389
1t
0s
0r
1y
0c
0i
#17318478050
0t
0s
0r
1y
0c
0i
#17318478460
1t
0s
0r
1y
0c
0i
#17318479117
0t
0s
0r
1y
0c
0i
#17318479529
1t
0s
0r
1y
0c
0i
#17318480186
0t
0s
0r
1y
0c
0i
#17318480600
1t
0s
0r
1y
0c
0i
#17318481259
0t
0s
0r
1y
0c
0i
#17318481671
1t
0s
0r
1y
0c
0i
#17318482326
0t
0s
0r
1y
0c
0i
#17318482739
1t
0s
0r
1y
0c
0i
#17318483397
0t
0s
0r
1y
0c
0i
#17318483809
1t
0s
0r
1y
0c
0i
#17318484468
0t
0s
0r
1y
0c
0i
#17318484880
1t
0s
0r
1y
0c
0i
#17318485535
0t
0s
0r
1y
0c
0i
#17318485949
1t
0s
0r
1y
0c
0i
#17318486605
0t
0s
0r
1y
0c
0i
#17318487018
1t
0s
0r
1y
0c
0i
#17318487677
0t
0s
0r
1y
0c
0i
#17318488089
1t
0s
0r
1y
0c
0i
#17318488744
0t
0s
0r
1y
0c
0i
#17318489157
1t
0s
0r
1y
0c
0i
#17318489814
0t
0s
0r
1y
0c
0i
#17318490227
1t
0s
0r
1y
0c
0i
#17318490886
0t
0s
0r
1y
0c
0i
#17318491300
1t
0s
0r
1y
0c
0i
#17318491954
0t
0s
0r
1y
0c
0i
#17318492370
1t
0s
0r
1y
0c
0i
#17318493027
0t
0s
0r
1y
1c
0i
#17318493442
1t
0s
0r
1y
1c
0i
#17318494104
0t
0s
0r
1y
1c
0i
#17318494518
1t
0s
0r
1y
1c
1i
#17318495177
0t
0s
0r
1y
1c
1i
#17318495593
1t
0s
0r
1y
1c
1i
#17318496254
0t
0s
0r
1y
1c
1i
#17318496670
1t
0s
0r
1y
1c
1i
#17318497334
0t
0s
0r
1y
1c
0i
#17318497749
1t
0s
0r
1y
1c
0i
#17318498409
0t
0s
0r
1y
1c
0i
#17318498825
1t
0s
0r
1y
1c
0i
#17318499486
0t
0s
0r
1y
1c
0i
#17318499902
1t
0s
0r
1y
1c
0i
#17318500565
0t
0s
0r
1y
1c
0i
#17318500979
1t
0s
0r
1y
1c
0i
#17318501637
0t
0s
0r
1y
1c
0i
#17318502055
1t
0s
0r
1y
1c
0i
#17318502712
0t
0s
0r
1y
1c
0i
#17318503129
1t
0s
0r
1y
1c
0i
#17318503789
0t
0s
0r
1y
1c
0i
#17318504204
1t
0s
0r
1y
1c
0i
#17318504858
0t
0s
0r
1y
1c
0i
#17318505275
1t
0s
0r
1y
1c
0i
#17318505930
0t
0s
0r
1y
1c
0i
#17318506346
1t
0s
0r
1y
1c
0i
#17318507004
0t
0s
0r
1y
1c
0i
#17318507419
1t
0s
0r
1y
1c
0i
#17318508072
0t
0s
0r
1y
1c
0i
#17318508489
1t
0s
0r
1y
1c
0i
#17318509142
0t
0s
0r
1y
1c
0i
#17318509558
1t
0s
0r
1y
1c
0i
#17318510216
0t
0s
0r
1y
1c
0i
#17318510630
1t
0s
0r
1y
1c
0i
#17318512332
0t
0s
0r
1y
1c
0i
#17318513527
1t
0s
0r
1y
1c
0i
#17318514506
0t
0s
0r
1y
1c
0i
#17318514909
1t
0s
0r
1y
1c
0i
#17318515567
0t
0s
0r
1y
1c
0i
#17318515980
1t
0s
0r
1y
1c
0i
#17318516636
0t
0s
0r
1y
1c
0i
#17318517050
1t
0s
0r
1y
1c
0i
#17318517706
0t
0s
0r
1y
1c
0i
#17318518121
1t
0s
0r
1y
1c
0i
#17318518776
0t
0s
0r
1y
1c
0i
#17318519189
1t
0s
0r
1y
1c
0i
#17318519847
0t
0s
0r
1y
1c
0i
#17318520259
1t
0s
0r
1y
1c
0i
#17318520913
0t
0s
0r
1y
1c
0i
#17318521326
1t
0s
0r
1y
1c
0i
#17318521982
0t
0s
0r
1y
1c
0i
#17318522395
1t
0s
0r
1y
1c
0i
#17318523052
0t
0s
0r
1y
1c
0i
#17318523466
1t
0s
0r
1y
1c
0i
#17318524120
0t
0s
0r
1y
1c
0i
#17318524535
1t
0s
0r
1y
1c
0i
#17318525191
0t
0s
0r
1y
0c
0i
#17318525605
1t
0s
0r
1y
0c
0i
#17318526266
0t
0s
0r
1y
0c
0i
#17318526679
1t
0s
0r
1y
0c
1i
#17318527337
0t
0s
0r
1y
0c
1i
#17318527752
1t
0s
0r
1y
0c
1i
#17318528412
0t
0s
0r
1y
0c
1i
#17318528828
1t
0s
0r
1y
0c
1i
#17318529490
0t
0s
0r
1y
0c
0i
#17318529905
1t
0s
0r
1y
0c
0i
#17318530563
0t
0s
0r
1y
0c
0i
#17318530979
1t
0s
0r
1y
0c
0i
#17318531639
0t
0s
0r
1y
0c
0i
#17318532053
1t
0s
0r
1y
0c
0i
#17318532716
0t
0s
0r
1y
0c
0i
#17318533128
1t
0s
0r
1y
0c
0i
#17318533786
0t
0s
0r
1y
0c
0i
#17318534201
1t
0s
0r
1y
0c
0i
#17318534859
0t
0s
0r
1y
0c
0i
#17318535273
1t
0s
0r
1y
0c
0i
#17318535933
0t
0s
0r
1y
0c
0i
#17318536345
1t
0s
0r
1y
0c
0i
#17318537002
0t
0s
0r
1y
0c
0i
#17318537414
1t
0s
0r
1y
0c
0i
#17318538071
0t
0s
0r
1y
0c
0i
#17318538482
1t
0s
0r
1y
0c
0i
#17318539142
0t
0s
0r
1y
0c
0i
#17318539552
1t
0s
0r
1y
0c
0i
#17318540207
0t
0s
0r
1y
0c
0i
#17318540618
1t
0s
0r
1y
0c
0i
#17318541274
0t
0s
0r
1y
0c
0i
#17318541685
1t
0s
0r
1y
0c
0i
#17318542344
0t
0s
0r
1y
0c
0i
#17318542754
1t
0s
0r
1y
0c
0i
#17318543409
0t
0s
0r
1y
0c
0i
#17318543821
1t
0s
0r
1y
0c
0i
#17318544476
0t
0s
0r
1y
0c
0i
#17318544889
1t
0s
0r
1y
0c
0i
#17318545546
0t
0s
0r
1y
0c
0i
#17318545958
1t
0s
0r
1y
0c
0i
#17318546612
0t
0s
0r
1y
0c
0i
#17318547025
1t
0s
0r
1y
0c
0i
#17318547680
0t
0s
0r
1y
0c
0i
#17318548093
1t
0s
0r
1y
0c
0i
#17318548751
0t
0s
0r
1y
0c
0i
#17318549162
1t
0s
0r
1y
0c
0i
#17318549815
0t
0s
0r
1y
0c
0i
#17318550229
1t
0s
0r
1y
0c
0i
#17318550884
0t
0s
0r
1y
0c
0i
#17318551297
1t
0s
0r
1y
0c
0i
#17318551954
0t
0s
0r
1y
0c
0i
#17318552365
1t
0s
0r
1y
0c
0i
#17318553018
0t
0s
0r
1y
0c
0i
#17318553431
1t
0s
0r
1y
0c
0i
#17318554085
0t
0s
0r
1y
0c
0i
#17318554498
1t
0s
0r
1y
0c
0i
#17318555154
0t
0s
0r
1y
0c
0i
#17318555567
1t
0s
0r
1y
0c
0i
#17318556219
0t
0s
0r
1y
0c
0i
#17318556634
1t
0s
0r
1y
0c
0i
#17318557289
0t
0s
0r
1y
1c
0i
#17318557703
1t
0s
0r
1y
1c
0i
#17318558363
0t
0s
0r
1y
1c
0i
#17318558775
1t
0s
0r
1y
1c
1i
#17318559431
0t
0s
0r
1y
1c
1i
#17318559847
1t
0s
0r
1y
1c
1i
#17318560506
0t
0s
0r
1y
1c
1i
#17318560921
1t
0s
0r
1y
1c
1i
#17318561583
0t
0s
0r
1y
1c
0i
#17318561997
1t
0s
0r
1y
1c
0i
#17318562655
0t
0s
0r
1y
1c
0i
#17318563070
1t
0s
0r
1y
1c
0i
#17318563729
0t
0s
0r
1y
1c
0i
#17318564144
1t
0s
0r
1y
1c
0i
#17318564805
0t
0s
0r
1y
1c
0i
#17318565219
1t
0s
0r
1y
1c
0i
#17318565874
0t
0s
0r
1y
1c
0i
#17318566291
1t
0s
0r
1y
1c
0i
#17318566948
0t
0s
0r
1y
1c
0i
#17318567363
1t
0s
0r
1y
1c
0i
#17318568022
0t
0s
0r
1y
1c
0i
#17318568436
1t
0s
0r
1y
1c
0i
#17318569090
0t
0s
0r
1y
1c
0i
#17318569506
1t
0s
0r
1y
1c
0i
#17318570161
0t
0s
0r
1y
1c
0i
#17318570575
1t
0s
0r
1y
1c
0i
#17318571232
0t
0s
0r
1y
1c
0i
#17318571647
1t
0s
0r
1y
1c
0i
#17318572299
0t
0s
0r
1y
1c
0i
#17318572715
1t
0s
0r
1y
1c
0i
#17318573369
0t
0s
0r
1y
1c
0i
#17318573784
1t
0s
0r
1y
1c
0i
#17318574440
0t
0s
0r
1y
1c
0i
#17318574854
1t
0s
0r
1y
1c
0i
#17318576554
0t
0s
0r
1y
1c
0i
#17318577745
1t
0s
0r
1y
1c
0i
#17318578724
0t
0s
0r
1y
1c
0i
#17318579125
1t
0s
0r
1y
1c
0i
#17318579783
0t
0s
0r
1y
1c
0i
#17318580194
1t
0s
0r
1y
1c
0i
#17318580849
0t
0s
0r
1y
1c
0i
#17318581262
1t
0s
0r
1y
1c
0i
#17318581917
0t
0s
0r
1y
1c
0i
#17318582330
1t
0s
0r
1y
1c
0i
#17318582984
0t
0s
0r
1y
1c
0i
#17318583397
1t
0s
0r
1y
1c
0i
#17318584053
0t
0s
0r
1y
1c
0i
#17318584464
1t
0s
0r
1y
1c
0i
#17318585117
0t
0s
0r
1y
1c
0i
#17318585530
1t
0s
0r
1y
1c
0i
#17318586184
0t
0s
0r
1y
1c
0i
#17318586596
1t
0s
0r
1y
1c
0i
#17318587252
0t
0s
0r
1y
1c
0i
#17318587665
1t
0s
0r
1y
1c
0i
#17318588317
0t
0s
0r
1y
1c
0i
#17318588731
1t
0s
0r
1y
1c
0i
#17318589386
0t
0s
0r
1y
0c
0i
#17318589800
1t
0s
0r
1y
0c
0i
#17318590460
0t
0s
0r
1y
0c
0i
#17318590872
1t
0s
0r
1y
0c
1i
#17318591528
0t
0s
0r
1y
0c
1i
#17318591943
1t
0s
0r
1y
0c
1i
#17318592601
0t
0s
0r
1y
0c
1i
#17318593017
1t
0s
0r
1y
0c
1i
#17318593092
1t
0s
1r
1y
0c
1i
#17318593095
1t
0s
0r
1y
0c
1i
#17318593679
0t
0s
0r
1y
0c
0i
#17318594092
1t
0s
0r
1y
0c
0i
#17318594750
0t
0s
0r
1y
0c
0i
#17318595165
1t
0s
0r
1y
0c
0i
#17318595824
0t
0s
0r
1y
0c
0i
#17318596238
1t
0s
0r
1y
0c
0i
#17318596900
0t
0s
0r
1y
0c
0i
#17318597312
1t
0s
0r
1y
0c
0i
#17318597970
0t
0s
0r
1y
0c
0i
#17318598385
1t
0s
0r
1y
0c
0i
#17318599043
0t
0s
0r
1y
0c
0i
#17318599457
1t
0s
0r
1y
0c
0i
#17318600118
0t
0s
0r
1y
0c
0i
#17318600530
1t
0s
0r
1y
0c
0i
#17318601188
0t
0s
0r
1y
0c
0i
#17318601601
1t
0s
0r
1y
0c
0i
#17318602260
0t
0s
0r
1y
0c
0i
#17318602672
1t
0s
0r
1y
0c
0i
#17318603333
0t
0s
0r
1y
0c
0i
#17318603744
1t
0s
0r
1y
0c
0i
#17318604401
0t
0s
0r
1y
0c
0i
#17318604813
1t
0s
0r
1y
0c
0i
#17318605472
0t
0s
0r
1y
0c
0i
#17318605883
1t
0s
0r
1y
0c
0i
#17318606544
0t
0s
0r
1y
0c
0i
#17318606954
1t
0s
0r
1y
0c
0i
#17318607611
0t
0s
0r
1y
0c
0i
#17318608023
1t
0s
0r
1y
0c
0i
#17318608680
0t
0s
0r
1y
0c
0i
#17318609094
1t
0s
0r
1y
0c
0i
#17318609754
0t
0s
0r
1y
0c
0i
#17318610165
1t
0s
0r
1y
0c
0i
#17318610820
0t
0s
0r
1y
0c
0i
#17318611233
1t
0s
0r
1y
0c
0i
#17318611891
0t
0s
0r
1y
0c
0i
#17318612303
1t
0s
0r
1y
0c
0i
#17318612963
0t
0s
0r
1y
0c
0i
#17318613374
1t
0s
0r
1y
0c
0i
#17318614029
0t
0s
0r
1y
0c
0i
#17318614444
1t
0s
0r
1y
0c
0i
#17318615099
0t
0s
0r
1y
0c
0i
#17318615513
1t
0s
0r
1y
0c
0i
#17318616171
0t
0s
0r
1y
0c
0i
#17318616584
1t
0s
0r
1y
0c
0i
#17318617238
0t
0s
0r
1y
0c
0i
#17318617652
1t
0s
0r
1y
0c
0i
#17318618308
0t
0s
0r
1y
0c
0i
#17318618722
1t
0s
0r
1y
0c
0i
#17318619380
0t
0s
0r
1y
0c
0i
#17318619795
1t
0s
0r
1y
0c
0i
#17318620449
0t
0s
0r
1y
0c
0i
#17318620865
1t
0s
0r
1y
0c
0i
#17318621523
0t
0s
0r
1y
1c
0i
#17318621938
1t
0s
0r
1y
1c
0i
#17318622600
0t
0s
0r
1y
1c
0i
#17318623014
1t
0s
0r
1y
1c
1i
#17318623673
0t
0s
0r
1y
1c
1i
#17318624090
1t
0s
0r
1y
1c
1i
#17318624752
0t
0s
0r
1y
1c
1i
#17318625168
1t
0s
0r
1y
1c
1i
#17318625833
0t
0s
0r
1y
1c
0i
#17318626248
1t
0s
0r
1y
1c
0i
#17318626908
0t
0s
0r
1y
1c
0i
#17318627325
1t
0s
0r
1y
1c
0i
#17318627986
0t
0s
0r
1y
1c
0i
#17318628402
1t
0s
0r
1y
1c
0i
#17318629066
0t
0s
0r
1y
1c
0i
#17318629481
1t
0s
0r
1y
1c
0i
#17318630138
0t
0s
0r
1y
1c
0i
#17318630556
1t
0s
0r
1y
1c
0i
#17318631214
0t
0s
0r
1y
1c
0i
#17318631631
1t
0s
0r
1y
1c
0i
#17318632291
0t
0s
0r
1y
1c
0i
#17318632706
1t
0s
0r
1y
1c
0i
#17318633361
0t
0s
0r
1y
1c
0i
#17318633777
1t
0s
0r
1y
1c
0i
#17318634432
0t
0s
0r
1y
1c
0i
#17318634847
1t
0s
0r
1y
1c
0i
#17318635504
0t
0s
0r
1y
1c
0i
#17318635919
1t
0s
0r
1y
1c
0i
#17318636570
0t
0s
0r
1y
1c
0i
#17318636987
1t
0s
0r
1y
1c
0i
#17318637639
0t
0s
0r
1y
1c
0i
#17318638055
1t
0s
0r
1y
1c
0i
#17318638710
0t
0s
0r
1y
1c
0i
#17318639124
1t
0s
0r
1y
1c
0i
#17318640824
0t
0s
0r
1y
1c
0i
#17318642017
1t
0s
0r
1y
1c
0i
#17318642995
0t
0s
0r
1y
1c
0i
#17318643396
1t
0s
0r
1y
1c
0i
#17318644054
0t
0s
0r
1y
1c
0i
#17318644466
1t
0s
0r
1y
1c
0i
#17318645121
0t
0s
0r
1y
1c
0i
#17318645534
1t
0s
0r
1y
1c
0i
#17318646189
0t
0s
0r
1y
1c
0i
#17318646603
1t
0s
0r
1y
1c
0i
#17318647257
0t
0s
0r
1y
1c
0i
#17318647670
1t
0s
0r
1y
1c
0i
#17318648327
0t
0s
0r
1y
1c
0i
#17318648738
1t
0s
0r
1y
1c
0i
#17318649391
0t
0s
0r
1y
1c
0i
#17318649805
1t
0s
0r
1y
1c
0i
#17318650459
0t
0s
0r
1y
1c
0i
#17318650872
1t
0s
0r
1y
1c
0i
#17318651528
0t
0s
0r
1y
1c
0i
#17318651942
1t
0s
0r
1y
1c
0i
#17318652595
0t
0s
0r
1y
1c
0i
#17318653010
1t
0s
0r
1y
1c
0i
#17318653666
0t
0s
0r
1y
0c
0i
#17318654080
1t
0s
0r
1y
0c
0i
#17318654740
0t
0s
0r
1y
0c
0i
#17318655153
1t
0s
0r
1y
0c
1i
#17318655811
0t
0s
0r
1y
0c
1i
#17318656225
1t
0s
0r
1y
0c
1i
#17318656885
0t
0s
0r
1y
0c
1i
#17318657300
1t
0s
0r
1y
0c
1i
#17318657963
0t
0s
0r
1y
0c
0i
#17318658377
1t
0s
0r
1y
0c
0i
#17318659035
0t
0s
0r
1y
0c
0i
#17318659451
1t
0s
0r
1y
0c
0i
#17318660111
0t
0s
0r
1y
0c
0i
#17318660524
1t
0s
0r
1y
0c
0i
#17318661186
0t
0s
0r
1y
0c
0i
#17318661599
1t
0s
0r
1y
0c
0i
#17318662256
0t
0s
0r
1y
0c
0i
#17318662671
1t
0s
0r
1y
0c
0i
#17318663328
0t
0s
0r
1y
0c
0i
#17318663742
1t
0s
0r
1y
0c
0i
#17318664402
0t
0s
0r
1y
0c
0i
#17318664813
1t
0s
0r
1y
0c
0i
#17318665470
0t
0s
0r
1y
0c
0i
#17318665881
1t
0s
0r
1y
0c
0i
#17318666538
0t
0s
0r
1y
0c
0i
#17318666949
1t
0s
0r
1y
0c
0i
#17318667608
0t
0s
0r
1y
0c
0i
#17318668016
1t
0s
0r
1y
0c
0i
#17318668671
0t
0s
0r
1y
0c
0i
#17318669081
1t
0s
0r
1y
0c
0i
#17318669737
0t
0s
0r
1y
0c
0i
#17318670147
1t
0s
0r
1y
0c
0i
#17318670805
0t
0s
0r
1y
0c
0i
#17318671214
1t
0s
0r
1y
0c
0i
#17318671868
0t
0s
0r
1y
0c
0i
#17318672279
1t
0s
0r
1y
0c
0i
#17318672933
0t
0s
0r
1y
0c
0i
#17318673346
1t
0s
0r
1y
0c
0i
#17318674002
0t
0s
0r
1y
0c
0i
#17318674414
1t
0s
0r
1y
0c
0i
#17318675066
0t
0s
0r
1y
0c
0i
#17318675479
1t
0s
0r
1y
0c
0i
#17318676134
0t
0s
0r
1y
0c
0i
#17318676546
1t
0s
0r
1y
0c
0i
#17318677203
0t
0s
0r
1y
0c
0i
#17318677613
1t
0s
0r
1y
0c
0i
#17318678266
0t
0s
0r
1y
0c
0i
#17318678679
1t
0s
0r
1y
0c
0i
#17318679332
0t
0s
0r
1y
0c
0i
#17318679745
1t
0s
0r
1y
0c
0i
#17318680401
0t
0s
0r
1y
0c
0i
#17318680812
1t
0s
0r
1y
0c
0i
#17318681464
0t
0s
0r
1y
0c
0i
#17318681877
1t
0s
0r
1y
0c
0i
#17318682530
0t
0s
0r
1y
0c
0i
#17318682943
1t
0s
0r
1y
0c
0i
#17318683598
0t
0s
0r
1y
0c
0i
#17318684012
1t
0s
0r
1y
0c
0i
#17318684662
0t
0s
0r
1y
0c
0i
#17318685077
1t
0s
0r
1y
0c
0i
#17318685732
0t
0s
0r
1y
1c
0i
#17318686146
1t
0s
0r
1y
1c
0i
#17318686804
0t
0s
0r
1y
1c
0i
#17318687217
1t
0s
0r
1y
1c
1i
#17318687872
0t
0s
0r
1y
1c
1i
#17318688287
1t
0s
0r
1y
1c
1i
#17318688946
0t
0s
0r
1y
1c
1i
#17318689360
1t
0s
0r
1y
1c
1i
#17318690021
0t
0s
0r
1y
1c
0i
#17318690435
1t
0s
0r
1y
1c
0i
#17318691092
0t
0s
0r
1y
1c
0i
#17318691507
1t
0s
0r
1y
1c
0i
#17318692165
0t
0s
0r
1y
1c
0i
#17318692580
1t
0s
0r
1y
1c
0i
#17318693240
0t
0s
0r
1y
1c
0i
#17318693653
1t
0s
0r
1y
1c
0i
#17318694307
0t
0s
0r
1y
1c
0i
#17318694724
1t
0s
0r
1y
1c
0i
#17318695378
0t
0s
0r
1y
1c
0i
#17318695793
1t
0s
0r
1y
1c
0i
#17318696450
0t
0s
0r
1y
1c
0i
#17318696863
1t
0s
0r
1y
1c
0i
#17318697514
0t
0s
0r
1y
1c
0i
#17318697929
1t
0s
0r
1y
1c
0i
#17318698581
0t
0s
0r
1y
1c
0i
#17318698994
1t
0s
0r
1y
1c
0i
#17318699647
0t
0s
0r
1y
1c
0i
#17318700060
1t
0s
0r
1y
1c
0i
#17318700709
0t
0s
0r
1y
1c
0i
#17318701123
1t
0s
0r
1y
1c
0i
#17318701773
0t
0s
0r
1y
1c
0i
#17318702186
1t
0s
0r
1y
1c
0i
#17318702839
0t
0s
0r
1y
1c
0i
#17318703251
1t
0s
0r
1y
1c
0i
#17318704944
0t
0s
0r
1y
1c
0i
#17318706132
1t
0s
0r
1y
1c
0i
#17318707106
0t
0s
0r
1y
1c
0i
#17318707505
1t
0s
0r
1y
1c
0i
#17318708160
0t
0s
0r
1y
1c
0i
#17318708570
1t
0s
0r
1y
1c
0i
#17318709223
0t
0s
0r
1y
1c
0i
#17318709634
1t
0s
0r
1y
1c
0i
#17318710286
0t
0s
0r
1y
1c
0i
#17318710699
1t
0s
0r
1y
1c
0i
#17318711350
0t
0s
0r
1y
1c
0i
#17318711761
1t
0s
0r
1y
1c
0i
#17318712416
0t
0s
0r
1y
1c
0i
#17318712825
1t
0s
0r
1y
1c
0i
#17318713476
0t
0s
0r
1y
1c
0i
#17318713887
1t
0s
0r
1y
1c
0i
#17318714538
0t
0s
0r
1y
1c
0i
#17318714949
1t
0s
0r
1y
1c
0i
#17318715602
0t
0s
0r
1y
1c
0i
#17318716014
1t
0s
0r
1y
1c
0i
#17318716664
0t
0s
0r
1y
1c
0i
#17318717077
1t
0s
0r
1y
1c
0i
#17318717729
0t
0s
0r
1y
0c
0i
#17318718141
1t
0s
0r
1y
0c
0i
#17318718798
0t
0s
0r
1y
0c
0i
#17318719209
1t
0s
0r
1y
0c
1i
#17318719863
0t
0s
0r
1y
0c
1i
#17318720276
1t
0s
0r
1y
0c
1i
#17318720931
0t
0s
0r
1y
0c
1i
#17318721345
1t
0s
0r
1y
0c
1i
#17318721476
1t
0s
1r
1y
0c
1i
#17318721479
1t
0s
0r
1y
0c
1i
#17318722004
0t
0s
0r
1y
0c
0i
#17318722416
1t
0s
0r
1y
0c
0i
#17318723071
0t
0s
0r
1y
0c
0i
#17318723484
1t
0s
0r
1y
0c
0i
#17318724140
0t
0s
0r
1y
0c
0i
#17318724552
1t
0s
0r
1y
0c
0i
#17318725212
0t
0s
0r
1y
0c
0i
#17318725622
1t
0s
0r
1y
0c
0i
#17318726277
0t
0s
0r
1y
0c
0i
#17318726691
1t
0s
0r
1y
0c
0i
#17318727347
0t
0s
0r
1y
0c
0i
#17318727759
1t
0s
0r
1y
0c
0i
#17318728419
0t
0s
0r
1y
0c
0i
#17318728830
1t
0s
0r
1y
0c
0i
#17318729487
0t
0s
0r
1y
0c
0i
#17318729900
1t
0s
0r
1y
0c
0i
#17318730560
0t
0s
0r
1y
0c
0i
#17318730972
1t
0s
0r
1y
0c
0i
#17318731635
0t
0s
0r
1y
0c
0i
#17318732046
1t
0s
0r
1y
0c
0i
#17318732706
0t
0s
0r
1y
0c
0i
#17318733119
1t
0s
0r
1y
0c
0i
#17318733781
0t
0s
0r
1y
0c
0i
#17318734194
1t
0s
0r
1y
0c
0i
#17318734859
0t
0s
0r
1y
0c
0i
#17318735271
1t
0s
0r
1y
0c
0i
#17318735933
0t
0s
0r
1y
0c
0i
#17318736347
1t
0s
0r
1y
0c
0i
#17318737008
0t
0s
0r
1y
0c
0i
#17318737424
1t
0s
0r
1y
0c
0i
#17318738087
0t
0s
0r
1y
0c
0i
#17318738501
1t
0s
0r
1y
0c
0i
#17318739161
0t
0s
0r
1y
0c
0i
#17318739576
1t
0s
0r
1y
0c
0i
#17318740238
0t
0s
0r
1y
0c
0i
#17318740652
1t
0s
0r
1y
0c
0i
#17318741316
0t
0s
0r
1y
0c
0i
#17318741729
1t
0s
0r
1y
0c
0i
#17318742387
0t
0s
0r
1y
0c
0i
#17318742804
1t
0s
0r
1y
0c
0i
#17318743464
0t
0s
0r
1y
0c
0i
#17318743879
1t
0s
0r
1y
0c
0i
#17318744541
0t
0s
0r
1y
0c
0i
#17318744955
1t
0s
0r
1y
0c
0i
#17318745613
0t
0s
0r
1y
0c
0i
#17318746029
1t
0s
0r
1y
0c
0i
#17318746689
0t
0s
0r
1y
0c
0i
#17318747105
1t
0s
0r
1y
0c
0i
#17318747767
0t
0s
0r
1y
0c
0i
#17318748183
1t
0s
0r
1y
0c
0i
#17318748841
0t
0s
0r
1y
0c
0i
#17318749259
1t
0s
0r
1y
0c
0i
#17318749921
0t
0s
0r
1y
1c
0i
#17318750338
1t
0s
0r
1y
1c
0i
#17318751004
0t
0s
0r
1y
1c
0i
#17318751420
1t
0s
0r
1y
1c
1i
#17318752083
0t
0s
0r
1y
1c
1i
#17318752501
1t
0s
0r
1y
1c
1i
#17318753167
0t
0s
0r
1y
1c
1i
#17318753584
1t
0s
0r
1y
1c
1i
#17318754253
0t
0s
0r
1y
1c
0i
#17318754670
1t
0s
0r
1y
1c
0i
#17318755333
0t
0s
0r
1y
1c
0i
#17318755751
1t
0s
0r
1y
1c
0i
#17318756416
0t
0s
0r
1y
1c
0i
#17318756833
1t
0s
0r
1y
1c
0i
#17318757501
0t
0s
0r
1y
1c
0i
#17318757917
1t
0s
0r
1y
1c
0i
#17318758578
0t
0s
0r
1y
1c
0i
#17318758998
1t
0s
0r
1y
1c
0i
#17318759659
0t
0s
0r
1y
1c
0i
#17318760078
1t
0s
0r
1y
1c
0i
#17318760742
0t
0s
0r
1y
1c
0i
#17318761159
1t
0s
0r
1y
1c
0i
#17318761819
0t
0s
0r
1y
1c
0i
#17318762237
1t
0s
0r
1y
1c
0i
#17318762897
0t
0s
0r
1y
1c
0i
#17318763315
1t
0s
0r
1y
1c
0i
#17318763978
0t
0s
0r
1y
1c
0i
#17318764396
1t
0s
0r
1y
1c
0i
#17318765053
0t
0s
0r
1y
1c
0i
#17318765473
1t
0s
0r
1y
1c
0i
#17318766132
0t
0s
0r
1y
1c
0i
#17318766550
1t
0s
0r
1y
1c
0i
#17318767212
0t
0s
0r
1y
1c
0i
#17318767629
1t
0s
0r
1y
1c
0i
#17318769344
0t
0s
0r
1y
1c
0i
#17318770547
1t
0s
0r
1y
1c
0i
#17318771533
0t
0s
0r
1y
1c
0i
#17318771937
1t
0s
0r
1y
1c
0i
#17318772601
0t
0s
0r
1y
1c
0i
#17318773016
1t
0s
0r
1y
1c
0i
#17318773677
0t
0s
0r
1y
1c
0i
#17318774093
1t
0s
0r
1y
1c
0i
#17318774753
0t
0s
0r
1y
1c
0i
#17318775171
1t
0s
0r
1y
1c
0i
#17318775831
0t
0s
0r
1y
1c
0i
#17318776247
1t
0s
0r
1y
1c
0i
#17318776910
0t
0s
0r
1y
1c
0i
#17318777324
1t
0s
0r
1y
1c
0i
#17318777983
0t
0s
0r
1y
1c
0i
#17318778399
1t
0s
0r
1y
1c
0i
#17318779059
0t
0s
0r
1y
1c
0i
#17318779474
1t
0s
0r
1y
1c
0i
#17318780136
0t
0s
0r
1y
1c
0i
#17318780552
1t
0s
0r
1y
1c
0i
#17318781210
0t
0s
0r
1y
0c
0i
#17318781628
1t
0s
0r
1y
0c
0i
#17318782289
0t
0s
0r
1y
0c
0i
#17318782706
1t
0s
0r
1y
0c
0i
#17318783371
0t
0s
0r
1y
0c
0i
#17318783787
1t
0s
0r
1y
0c
1i
#17318784450
0t
0s
0r
1y
0c
1i
#17318784867
1t
0s
0r
1y
0c
1i
#17318785532
0t
0s
0r
1y
0c
1i
#17318785950
1t
0s
0r
1y
0c
1i
#17318786618
0t
0s
0r
1y
0c
0i
#17318787035
1t
0s
0r
1y
0c
0i
#17318787699
0t
0s
0r
1y
0c
0i
#17318788117
1t
0s
0r
1y
0c
0i
#17318788782
0t
0s
0r
1y
0c
0i
#17318789199
1t
0s
0r
1y
0c
0i
#17318789866
0t
0s
0r
1y
0c
0i
#17318790281
1t
0s
0r
1y
0c
0i
#17318790942
0t
0s
0r
1y
0c
0i
#17318791359
1t
0s
0r
1y
0c
0i
#17318792019
0t
0s
0r
1y
0c
0i
#17318792435
1t
0s
0r
1y
0c
0i
#17318793096
0t
0s
0r
1y
0c
0i
#17318793509
1t
0s
0r
1y
0c
0i
#17318794166
0t
0s
0r
1y
0c
0i
#17318794579
1t
0s
0r
1y
0c
0i
#17318795236
0t
0s
0r
1y
0c
0i
#17318795648
1t
0s
0r
1y
0c
0i
#17318796307
0t
0s
0r
1y
0c
0i
#17318796717
1t
0s
0r
1y
0c
0i
#17318797372
0t
0s
0r
1y
0c
0i
#17318797783
1t
0s
0r
1y
0c
0i
#17318798440
0t
0s
0r
1y
0c
0i
#17318798851
1t
0s
0r
1y
0c
0i
#17318799511
0t
0s
0r
1y
0c
0i
#17318799921
1t
0s
0r
1y
0c
0i
#17318800576
0t
0s
0r
1y
0c
0i
#17318800989
1t
0s
0r
1y
0c
0i
#17318801645
0t
0s
0r
1y
0c
0i
#17318802059
1t
0s
0r
1y
0c
0i
#17318802718
0t
0s
0r
1y
0c
0i
#17318803130
1t
0s
0r
1y
0c
0i
#17318803786
0t
0s
0r
1y
0c
0i
#17318804199
1t
0s
0r
1y
0c
0i
#17318804856
0t
0s
0r
1y
0c
0i
#17318805269
1t
0s
0r
1y
0c
0i
#17318805929
0t
0s
0r
1y
0c
0i
#17318806341
1t
0s
0r
1y
0c
0i
#17318806995
0t
0s
0r
1y
0c
0i
#17318807410
1t
0s
0r
1y
0c
0i
#17318808065
0t
0s
0r
1y
0c
0i
#17318808479
1t
0s
0r
1y
0c
0i
#17318809137
0t
0s
0r
1y
0c
0i
#17318809550
1t
0s
0r
1y
0c
0i
#17318810204
0t
0s
0r
1y
0c
0i
#17318810618
1t
0s
0r
1y
0c
0i
#17318811274
0t
0s
0r
1y
0c
0i
#17318811687
1t
0s
0r
1y
0c
0i
#17318812345
0t
0s
0r
1y
0c
0i
#17318812760
1t
0s
0r
1y
0c
0i
#17318813413
0t
0s
0r
1y
0c
0i
#17318813829
1t
0s
0r
1y
0c
0i
#17318814485
0t
0s
0r
1y
1c
0i
#17318814901
1t
0s
0r
1y
1c
0i
#17318815562
0t
0s
0r
1y
1c
0i
#17318815976
1t
0s
0r
1y
1c
1i
#17318816634
0t
0s
0r
1y
1c
1i
#17318817050
1t
0s
0r
1y
1c
1i
#17318817711
0t
0s
0r
1y
1c
1i
#17318818127
1t
0s
0r
1y
1c
1i
#17318818791
0t
0s
0r
1y
1c
0i
#17318819206
1t
0s
0r
1y
1c
0i
#17318819865
0t
0s
0r
1y
1c
0i
#17318820281
1t
0s
0r
1y
1c
0i
#17318820943
0t
0s
0r
1y
1c
0i
#17318821358
1t
0s
0r
1y
1c
0i
#17318822021
0t
0s
0r
1y
1c
0i
#17318822436
1t
0s
0r
1y
1c
0i
#17318823093
0t
0s
0r
1y
1c
0i
#17318823511
1t
0s
0r
1y
1c
0i
#17318824169
0t
0s
0r
1y
1c
0i
#17318824586
1t
0s
0r
1y
1c
0i
#17318825247
0t
0s
0r
1y
1c
0i
#17318825663
1t
0s
0r
1y
1c
0i
#17318826319
0t
0s
0r
1y
1c
0i
#17318826737
1t
0s
0r
1y
1c
0i
#17318827394
0t
0s
0r
1y
1c
0i
#17318827811
1t
0s
0r
1y
1c
0i
#17318828470
0t
0s
0r
1y
1c
0i
#17318828887
1t
0s
0r
1y
1c
0i
#17318829542
0t
0s
0r
1y
1c
0i
#17318829960
1t
0s
0r
1y
1c
0i
#17318830616
0t
0s
0r
1y
1c
0i
#17318831033
1t
0s
0r
1y
1c
0i
#17318831692
0t
0s
0r
1y
1c
0i
#17318832108
1t
0s
0r
1y
1c
0i
#17318833815
0t
0s
0r
1y
1c
0i
#17318835012
1t
0s
0r
1y
1c
0i
#17318835994
0t
0s
0r
1y
1c
0i
#17318836396
1t
0s
0r
1y
1c
0i
#17318837056
0t
0s
0r
1y
1c
0i
#17318837470
1t
0s
0r
1y
1c
0i
#17318838127
0t
0s
0r
1y
1c
0i
#17318838541
1t
0s
0r
1y
1c
0i
#17318839198
0t
0s
0r
1y
1c
0i
#17318839614
1t
0s
0r
1y
1c
0i
#17318840271
0t
0s
0r
1y
1c
0i
#17318840685
1t
0s
0r
1y
1c
0i
#17318841345
0t
0s
0r
1y
1c
0i
#17318841757
1t
0s
0r
1y
1c
0i
#17318842412
0t
0s
0r
1y
1c
0i
#17318842826
1t
0s
0r
1y
1c
0i
#17318843484
0t
0s
0r
1y
1c
0i
#17318843897
1t
0s
0r
1y
1c
0i
#17318844556
0t
0s
0r
1y
1c
0i
#17318844971
1t
0s
0r
1y
1c
0i
#17318845626
0t
0s
0r
1y
1c
0i
#17318846042
1t
0s
0r
1y
1c
0i
#17318846700
0t
0s
0r
1y
0c
0i
#17318847116
1t
0s
0r
1y
0c
0i
#17318847778
0t
0s
0r
1y
0c
0i
#17318848192
1t
0s
0r
1y
0c
1i
#17318848852
0t
0s
0r
1y
0c
1i
#17318849268
1t
0s
0r
1y
0c
1i
#17318849931
0t
0s
0r
1y
0c
1i
#17318850347
1t
0s
0r
1y
0c
1i
#17318850413
1t
0s
1r
1y
0c
1i
#17318850415
1t
0s
0r
1y
0c
1i
#17318851013
0t
0s
0r
1y
0c
0i
#17318851428
1t
0s
0r
1y
0c
0i
#17318852089
0t
0s
0r
1y
0c
0i
#17318852505
1t
0s
0r
1y
0c
0i
#17318853168
0t
0s
0r
1y
0c
0i
#17318853583
1t
0s
0r
1y
0c
0i
#17318854249
0t
0s
0r
1y
0c
0i
#17318854662
1t
0s
0r
1y
0c
0i
#17318855323
0t
0s
0r
1y
0c
0i
#17318855740
1t
0s
0r
1y
0c
0i
#17318856402
0t
0s
0r
1y
0c
0i
#17318856818
1t
0s
0r
1y
0c
0i
#17318857483
0t
0s
0r
1y
0c
0i
#17318857897
1t
0s
0r
1y
0c
0i
#17318858559
0t
0s
0r
1y
0c
0i
#17318858974
1t
0s
0r
1y
0c
0i
#17318859638
0t
0s
0r
1y
0c
0i
#17318860052
1t
0s
0r
1y
0c
0i
#17318860719
0t
0s
0r
1y
0c
0i
#17318861133
1t
0s
0r
1y
0c
0i
#17318861796
0t
0s
0r
1y
0c
0i
#17318862211
1t
0s
0r
1y
0c
0i
#17318862875
0t
0s
0r
1y
0c
0i
#17318863290
1t
0s
0r
1y
0c
0i
#17318863958
0t
0s
0r
1y
0c
0i
#17318864371
1t
0s
0r
1y
0c
0i
#17318865035
0t
0s
0r
1y
0c
0i
#17318865451
1t
0s
0r
1y
0c
0i
#17318866115
0t
0s
0r
1y
0c
0i
#17318866532
1t
0s
0r
1y
0c
0i
#17318867198
0t
0s
0r
1y
0c
0i
#17318867613
1t
0s
0r
1y
0c
0i
#17318868275
0t
0s
0r
1y
0c
0i
#17318868692
1t
0s
0r
1y
0c
0i
#17318869355
0t
0s
0r
1y
0c
0i
#17318869771
1t
0s
0r
1y
0c
0i
#17318870437
0t
0s
0r
1y
0c
0i
#17318870852
1t
0s
0r
1y
0c
0i
#17318871513
0t
0s
0r
1y
0c
0i
#17318871931
1t
0s
0r
1y
0c
0i
#17318872593
0t
0s
0r
1y
0c
0i
#17318873011
1t
0s
0r
1y
0c
0i
#17318873676
0t
0s
0r
1y
0c
0i
#17318874092
1t
0s
0r
1y
0c
0i
#17318874753
0t
0s
0r
1y
0c
0i
#17318875170
1t
0s
0r
1y
0c
0i
#17318875834
0t
0s
0r
1y
0c
0i
#17318876250
1t
0s
0r
1y
0c
0i
#17318876916
0t
0s
0r
1y
0c
0i
#17318877334
1t
0s
0r
1y
0c
0i
#17318877995
0t
0s
0r
1y
0c
0i
#17318878414
1t
0s
0r
1y
0c
0i
#17318879079
0t
0s
0r
1y
1c
0i
#17318879498
1t
0s
0r
1y
1c
0i
#17318880167
0t
0s
0r
1y
1c
0i
#17318880584
1t
0s
0r
1y
1c
1i
#17318881250
0t
0s
0r
1y
1c
1i
#17318881671
1t
0s
0r
1y
1c
1i
#17318882339
0t
0s
0r
1y
1c
1i
#17318882759
1t
0s
0r
1y
1c
1i
#17318883430
0t
0s
0r
1y
1c
0i
#17318883849
1t
0s
0r
1y
1c
0i
#17318884516
0t
0s
0r
1y
1c
0i
#17318884936
1t
0s
0r
1y
1c
0i
#17318885604
0t
0s
0r
1y
1c
0i
#17318886024
1t
0s
0r
1y
1c
0i
#17318886694
0t
0s
0r
1y
1c
0i
#17318887112
1t
0s
0r
1y
1c
0i
#17318887777
0t
0s
0r
1y
1c
0i
#17318888198
1t
0s
0r
1y
1c
0i
#17318888863
0t
0s
0r
1y
1c
0i
#17318889284
1t
0s
0r
1y
1c
0i
#17318889951
0t
0s
0r
1y
1c
0i
#17318890370
1t
0s
0r
1y
1c
0i
#17318891033
0t
0s
0r
1y
1c
0i
#17318891452
1t
0s
0r
1y
1c
0i
#17318892115
0t
0s
0r
1y
1c
0i
#17318892535
1t
0s
0r
1y
1c
0i
#17318893199
0t
0s
0r
1y
1c
0i
#17318893618
1t
0s
0r
1y
1c
0i
#17318894278
0t
0s
0r
1y
1c
0i
#17318894698
1t
0s
0r
1y
1c
0i
#17318895359
0t
0s
0r
1y
1c
0i
#17318895779
1t
0s
0r
1y
1c
0i
#17318896442
0t
0s
0r
1y
1c
0i
#17318896860
1t
0s
0r
1y
1c
0i
#17318898580
0t
0s
0r
1y
1c
0i
#17318899785
1t
0s
0r
1y
1c
0i
#17318900775
0t
0s
0r
1y
1c
0i
#17318901180
1t
0s
0r
1y
1c
0i
#17318901846
0t
0s
0r
1y
1c
0i
#17318902263
1t
0s
0r
1y
1c
0i
#17318902926
0t
0s
0r
1y
1c
0i
#17318903343
1t
0s
0r
1y
1c
0i
#17318904006
0t
0s
0r
1y
1c
0i
#17318904425
1t
0s
0r
1y
1c
0i
#17318905088
0t
0s
0r
1y
1c
0i
#17318905505
1t
0s
0r
1y
1c
0i
#17318906170
0t
0s
0r
1y
1c
0i
#17318906586
1t
0s
0r
1y
1c
0i
#17318907248
0t
0s
0r
1y
1c
0i
#17318907665
1t
0s
0r
1y
1c
0i
#17318908328
0t
0s
0r
1y
1c
0i
#17318908745
1t
0s
0r
1y
1c
0i
#17318909410
0t
0s
0r
1y
1c
0i
#17318909828
1t
0s
0r
1y
1c
0i
#17318910489
0t
0s
0r
1y
1c
0i
#17318910908
1t
0s
0r
1y
1c
0i
#17318911572
0t
0s
0r
1y
0c
0i
#17318911990
1t
0s
0r
1y
0c
0i
#17318912659
0t
0s
0r
1y
0c
0i
#17318913076
1t
0s
0r
1y
0c
1i
#17318913742
0t
0s
0r
1y
0c
1i
#17318914160
1t
0s
0r
1y
0c
1i
#17318914828
0t
0s
0r
1y
0c
1i
#17318915248
1t
0s
0r
1y
0c
1i
#17318915919
0t
0s
0r
1y
0c
0i
#17318916337
1t
0s
0r
1y
0c
0i
#17318917003
0t
0s
0r
1y
0c
0i
#17318917423
1t
0s
0r
1y
0c
0i
#17318918091
0t
0s
0r
1y
0c
0i
#17318918509
1t
0s
0r
1y
0c
0i
#17318919179
0t
0s
0r
1y
0c
0i
#17318919596
1t
0s
0r
1y
0c
0i
#17318920262
0t
0s
0r
1y
0c
0i
#17318920682
1t
0s
0r
1y
0c
0i
#17318921348
0t
0s
0r
1y
0c
0i
#17318921766
1t
0s
0r
1y
0c
0i
#17318922436
0t
0s
0r
1y
0c
0i
#17318922851
1t
0s
0r
1y
0c
0i
#17318923517
0t
0s
0r
1y
0c
0i
#17318923935
1t
0s
0r
1y
0c
0i
#17318924601
0t
0s
0r
1y
0c
0i
#17318925018
1t
0s
0r
1y
0c
0i
#17318925688
0t
0s
0r
1y
0c
0i
#17318926103
1t
0s
0r
1y
0c
0i
#17318926768
0t
0s
0r
1y
0c
0i
#17318927185
1t
0s
0r
1y
0c
0i
#17318927853
0t
0s
0r
1y
0c
0i
#17318928269
1t
0s
0r
1y
0c
0i
#17318928939
0t
0s
0r
1y
0c
0i
#17318929354
1t
0s
0r
1y
0c
0i
#17318930020
0t
0s
0r
1y
0c
0i
#17318930437
1t
0s
0r
1y
0c
0i
#17318931103
0t
0s
0r
1y
0c
0i
#17318931522
1t
0s
0r
1y
0c
0i
#17318932190
0t
0s
0r
1y
0c
0i
#17318932607
1t
0s
0r
1y
0c
0i
#17318933271
0t
0s
0r
1y
0c
0i
#17318933689
1t
0s
0r
1y
0c
0i
#17318934355
0t
0s
0r
1y
0c
0i
#17318934773
1t
0s
0r
1y
0c
0i
#17318935442
0t
0s
0r
1y
0c
0i
#17318935858
1t
0s
0r
1y
0c
0i
#17318936521
0t
0s
0r
1y
0c
0i
#17318936940
1t
0s
0r
1y
0c
0i
#17318937605
0t
0s
0r
1y
0c
0i
#17318938023
1t
0s
0r
1y
0c
0i
#17318938691
0t
0s
0r
1y
0c
0i
#17318939107
1t
0s
0r
1y
0c
0i
#17318939771
0t
0s
0r
1y
0c
0i
#17318940189
1t
0s
0r
1y
0c
0i
#17318940854
0t
0s
0r
1y
0c
0i
#17318941272
1t
0s
0r
1y
0c
0i
#17318941939
0t
0s
0r
1y
0c
0i
#17318942358
1t
0s
0r
1y
0c
0i
#17318943020
0t
0s
0r
1y
0c
0i
#17318943441
1t
0s
0r
1y
0c
0i
#17318944107
0t
0s
0r
1y
1c
0i
#17318944527
1t
0s
0r
1y
1c
0i
#17318945197
0t
0s
0r
1y
1c
0i
#17318945616
1t
0s
0r
1y
1c
1i
#17318946284
0t
0s
0r
1y
1c
1i
#17318946705
1t
0s
0r
1y
1c
1i
#17318947375
0t
0s
0r
1y
1c
1i
#17318947795
1t
0s
0r
1y
1c
1i
#17318948468
0t
0s
0r
1y
1c
0i
#17318948888
1t
0s
0r
1y
1c
0i
#17318949556
0t
0s
0r
1y
1c
0i
#17318949977
1t
0s
0r
1y
1c
0i
#17318950646
0t
0s
0r
1y
1c
0i
#17318951067
1t
0s
0r
1y
1c
0i
#17318951739
0t
0s
0r
1y
1c
0i
#17318952158
1t
0s
0r
1y
1c
0i
#17318952824
0t
0s
0r
1y
1c
0i
#17318953246
1t
0s
0r
1y
1c
0i
#17318953912
0t
0s
0r
1y
1c
0i
#17318954333
1t
0s
0r
1y
1c
0i
#17318955002
0t
0s
0r
1y
1c
0i
#17318955420
1t
0s
0r
1y
1c
0i
#17318956084
0t
0s
0r
1y
1c
0i
#17318956504
1t
0s
0r
1y
1c
0i
#17318957168
0t
0s
0r
1y
1c
0i
#17318957588
1t
0s
0r
1y
1c
0i
#17318958253
0t
0s
0r
1y
1c
0i
#17318958673
1t
0s
0r
1y
1c
0i
#17318959333
0t
0s
0r
1y
1c
0i
#17318959755
1t
0s
0r
1y
1c
0i
#17318960416
0t
0s
0r
1y
1c
0i
#17318960837
1t
0s
0r
1y
1c
0i
#17318961502
0t
0s
0r
1y
1c
0i
#17318961920
1t
0s
0r
1y
1c
0i
#17318963644
0t
0s
0r
1y
1c
0i
#17318964852
1t
0s
0r
1y
1c
0i
#17318965843
0t
0s
0r
1y
1c
0i
#17318966249
1t
0s
0r
1y
1c
0i
#17318966917
0t
0s
0r
1y
1c
0i
#17318967333
1t
0s
0r
1y
1c
0i
#17318967998
0t
0s
0r
1y
1c
0i
#17318968415
1t
0s
0r
1y
1c
0i
#17318969080
0t
0s
0r
1y
1c
0i
#17318969499
1t
0s
0r
1y
1c
0i
#17318970163
0t
0s
0r
1y
1c
0i
#17318970580
1t
0s
0r
1y
1c
0i
#17318971246
0t
0s
0r
1y
1c
0i
#17318971663
1t
0s
0r
1y
1c
0i
#17318972325
0t
0s
0r
1y
1c
0i
#17318972743
1t
0s
0r
1y
1c
0i
#17318973407
0t
0s
0r
1y
1c
0i
#17318973823
1t
0s
0r
1y
1c
0i
#17318974489
0t
0s
0r
1y
1c
0i
#17318974907
1t
0s
0r
1y
1c
0i
#17318975570
0t
0s
0r
1y
1c
0i
#17318975989
1t
0s
0r
1y
1c
0i
#17318976654
0t
0s
0r
1y
0c
0i
#17318977072
1t
0s
0r
1y
0c
0i
#17318977742
0t
0s
0r
1y
0c
0i
#17318978159
1t
0s
0r
1y
0c
1i
#17318978825
0t
0s
0r
1y
0c
1i
#17318979245
1t
0s
0r
1y
0c
1i
#17318979914
0t
0s
0r
1y
0c
1i
#17318980334
1t
0s
0r
1y
0c
1i
#17318980388
1t
0s
1r
1y
0c
1i
#17318980391
1t
0s
0r
1y
0c
1i
#17318981006
0t
0s
0r
1y
0c
0i
#17318981425
1t
0s
0r
1y
0c
0i
#17318982092
0t
0s
0r
1y
0c
0i
#17318982512
1t
0s
0r
1y
0c
0i
#17318983182
0t
0s
0r
1y
0c
0i
#17318983600
1t
0s
0r
1y
0c
0i
#17318984272
0t
0s
0r
1y
0c
0i
#17318984689
1t
0s
0r
1y
0c
0i
#17318985357
0t
0s
0r
1y
0c
0i
#17318985777
1t
0s
0r
1y
0c
0i
#17318986444
0t
0s
0r
1y
0c
0i
#17318986863
1t
0s
0r
1y
0c
0i
#17318987534
0t
0s
0r
1y
0c
0i
#17318987950
1t
0s
0r
1y
0c
0i
#17318988617
0t
0s
0r
1y
0c
0i
#17318989035
1t
0s
0r
1y
0c
0i
#17318989703
0t
0s
0r
1y
0c
0i
#17318990119
1t
0s
0r
1y
0c
0i
#17318990789
0t
0s
0r
1y
0c
0i
#17318991204
1t
0s
0r
1y
0c
0i
#17318991870
0t
0s
0r
1y
0c
0i
#17318992286
1t
0s
0r
1y
0c
0i
#17318992953
0t
0s
0r
1y
0c
0i
#17318993368
1t
0s
0r
1y
0c
0i
#17318994038
0t
0s
0r
1y
0c
0i
#17318994452
1t
0s
0r
1y
0c
0i
#17318995118
0t
0s
0r
1y
0c
0i
#17318995534
1t
0s
0r
1y
0c
0i
#17318996201
0t
0s
0r
1y
0c
0i
#17318996618
1t
0s
0r
1y
0c
0i
#17318997287
0t
0s
0r
1y
0c
0i
#17318997703
1t
0s
0r
1y
0c
0i
#17318998367
0t
0s
0r
1y
0c
0i
#17318998785
1t
0s
0r
1y
0c
0i
#17318999451
0t
0s
0r
1y
0c
0i
#17318999868
1t
0s
0r
1y
0c
0i
#17319000537
0t
0s
0r
1y
0c
0i
#17319000953
1t
0s
0r
1y
0c
0i
#17319001616
0t
0s
0r
1y
0c
0i
#17319002035
1t
0s
0r
1y
0c
0i
#17319002700
0t
0s
0r
1y
0c
0i
#17319003118
1t
0s
0r
1y
0c
0i
#17319003786
0t
0s
0r
1y
0c
0i
#17319004203
1t
0s
0r
1y
0c
0i
#17319004867
0t
0s
0r
1y
0c
0i
#17319005285
1t
0s
0r
1y
0c
0i
#17319005950
0t
0s
0r
1y
0c
0i
#17319006368
1t
0s
0r
1y
0c
0i
#17319007036
0t
0s
0r
1y
0c
0i
#17319007455
1t
0s
0r
1y
0c
0i
#17319008118
0t
0s
0r
1y
0c
0i
#17319008539
1t
0s
0r
1y
1c
0i
#17319009206
0t
0s
0r
1y
1c
0i
#17319009626
1t
0s
0r
1y
1c
0i
#17319010297
0t
0s
0r
1y
1c
0i
#17319010716
1t
0s
0r
1y
1c
1i
#17319011383
0t
0s
0r
1y
1c
1i
#17319011805
1t
0s
0r
1y
1c
1i
#17319012475
0t
0s
0r
1y
1c
1i
#17319012896
1t
0s
0r
1y
1c
1i
#17319013570
0t
0s
0r
1y
1c
0i
#17319013989
1t
0s
0r
1y
1c
0i
#17319014659
0t
0s
0r
1y
1c
0i
#17319015080
1t
0s
0r
1y
1c
0i
#17319015750
0t
0s
0r
1y
1c
0i
#17319016170
1t
0s
0r
1y
1c
0i
#17319016843
0t
0s
0r
1y
1c
0i
#17319017262
1t
0s
0r
1y
1c
0i
#17319017929
0t
0s
0r
1y
1c
0i
#17319018351
1t
0s
0r
1y
1c
0i
#17319019018
0t
0s
0r
1y
1c
0i
#17319019439
1t
0s
0r
1y
1c
0i
#17319020108
0t
0s
0r
1y
1c
0i
#17319020527
1t
0s
0r
1y
1c
0i
#17319021191
0t
0s
0r
1y
1c
0i
#17319021611
1t
0s
0r
1y
1c
0i
#17319022274
0t
0s
0r
1y
1c
0i
#17319022694
1t
0s
0r
1y
1c
0i
#17319023359
0t
0s
0r
1y
1c
0i
#17319023778
1t
0s
0r
1y
1c
0i
#17319024439
0t
0s
0r
1y
1c
0i
#17319024860
1t
0s
0r
1y
1c
0i
#17319025521
0t
0s
0r
1y
1c
0i
#17319025941
1t
0s
0r
1y
1c
0i
#17319026606
0t
0s
0r
1y
1c
0i
#17319027024
1t
0s
0r
1y
1c
0i
#17319028746
0t
0s
0r
1y
1c
0i
#17319029953
1t
0s
0r
1y
1c
0i
#17319030944
0t
0s
0r
1y
1c
0i
#17319031350
1t
0s
0r
1y
1c
0i
#17319032017
0t
0s
0r
1y
1c
0i
#17319032434
1t
0s
0r
1y
1c
0i
#17319033098
0t
0s
0r
1y
1c
0i
#17319033515
1t
0s
0r
1y
1c
0i
#17319034179
0t
0s
0r
1y
1c
0i
#17319034598
1t
0s
0r
1y
1c
0i
#17319035261
0t
0s
0r
1y
1c
0i
#17319035678
1t
0s
0r
1y
1c
0i
#17319036344
0t
0s
0r
1y
1c
0i
#17319036760
1t
0s
0r
1y
1c
0i
#17319037421
0t
0s
0r
1y
1c
0i
#17319037839
1t
0s
0r
1y
1c
0i
#17319038503
0t
0s
0r
1y
1c
0i
#17319038919
1t
0s
0r
1y
1c
0i
#17319039584
0t
0s
0r
1y
1c
0i
#17319040002
1t
0s
0r
1y
1c
0i
#17319040664
0t
0s
0r
1y
1c
0i
#17319041082
1t
0s
0r
1y
1c
0i
#17319041747
0t
0s
0r
1y
0c
0i
#17319042165
1t
0s
0r
1y
0c
0i
#17319042835
0t
0s
0r
1y
0c
0i
#17319043251
1t
0s
0r
1y
0c
1i
#17319043918
0t
0s
0r
1y
0c
1i
#17319044337
1t
0s
0r
1y
0c
1i
#17319045005
0t
0s
0r
1y
0c
1i
#17319045425
1t
0s
0r
1y
0c
1i
#17319046097
0t
0s
0r
1y
0c
0i
#17319046515
1t
0s
0r
1y
0c
0i
#17319047182
0t
0s
0r
1y
0c
0i
#17319047602
1t
0s
0r
1y
0c
0i
#17319048271
0t
0s
0r
1y
0c
0i
#17319048689
1t
0s
0r
1y
0c
0i
#17319049361
0t
0s
0r
1y
0c
0i
#17319049778
1t
0s
0r
1y
0c
0i
#17319050445
0t
0s
0r
1y
0c
0i
#17319050865
1t
0s
0r
1y
0c
0i
#17319051531
0t
0s
0r
1y
0c
0i
#17319051950
1t
0s
0r
1y
0c
0i
#17319052620
0t
0s
0r
1y
0c
0i
#17319053036
1t
0s
0r
1y
0c
0i
#17319053703
0t
0s
0r
1y
0c
0i
#17319054121
1t
0s
0r
1y
0c
0i
#17319054788
0t
0s
0r
1y
0c
0i
#17319055205
1t
0s
0r
1y
0c
0i
#17319055876
0t
0s
0r
1y
0c
0i
#17319056290
1t
0s
0r
1y
0c
0i
#17319056956
0t
0s
0r
1y
0c
0i
#17319057373
1t
0s
0r
1y
0c
0i
#17319058040
0t
0s
0r
1y
0c
0i
#17319058456
1t
0s
0r
1y
0c
0i
#17319059126
0t
0s
0r
1y
0c
0i
#17319059541
1t
0s
0r
1y
0c
0i
#17319060208
0t
0s
0r
1y
0c
0i
#17319060625
1t
0s
0r
1y
0c
0i
#17319061291
0t
0s
0r
1y
0c
0i
#17319061709
1t
0s
0r
1y
0c
0i
#17319062377
0t
0s
0r
1y
0c
0i
#17319062794
1t
0s
0r
1y
0c
0i
#17319063458
0t
0s
0r
1y
0c
0i
#17319063876
1t
0s
0r
1y
0c
0i
#17319064541
0t
0s
0r
1y
0c
0i
#17319064959
1t
0s
0r
1y
0c
0i
#17319065627
0t
0s
0r
1y
0c
0i
#17319066043
1t
0s
0r
1y
0c
0i
#17319066706
0t
0s
0r
1y
0c
0i
#17319067125
1t
0s
0r
1y
0c
0i
#17319067789
0t
0s
0r
1y
0c
0i
#17319068207
1t
0s
0r
1y
0c
0i
#17319068874
0t
0s
0r
1y
0c
0i
#17319069291
1t
0s
0r
1y
0c
0i
#17319069954
0t
0s
0r
1y
0c
0i
#17319070372
1t
0s
0r
1y
0c
0i
#17319071037
0t
0s
0r
1y
0c
0i
#17319071454
1t
0s
0r
1y
0c
0i
#17319072121
0t
0s
0r
1y
0c
0i
#17319072540
1t
0s
0r
1y
0c
0i
#17319073203
0t
0s
0r
1y
0c
0i
#17319073623
1t
0s
0r
1y
1c
0i
#17319074289
0t
0s
0r
1y
1c
0i
#17319074709
1t
0s
0r
1y
1c
0i
#17319075379
0t
0s
0r
1y
1c
0i
#17319075798
1t
0s
0r
1y
1c
1i
#17319076465
0t
0s
0r
1y
1c
1i
#17319076886
1t
0s
0r
1y
1c
1i
#17319077556
0t
0s
0r
1y
1c
1i
#17319077977
1t
0s
0r
1y
1c
1i
#17319078650
0t
0s
0r
1y
1c
0i
#17319079069
1t
0s
0r
1y
1c
0i
#17319079738
0t
0s
0r
1y
1c
0i
#17319080159
1t
0s
0r
1y
1c
0i
#17319080829
0t
0s
0r
1y
1c
0i
#17319081249
1t
0s
0r
1y
1c
0i
#17319081921
0t
0s
0r
1y
1c
0i
#17319082340
1t
0s
0r
1y
1c
0i
#17319083006
0t
0s
0r
1y
1c
0i
#17319083428
1t
0s
0r
1y
1c
0i
#17319084093
0t
0s
0r
1y
1c
0i
#17319084514
1t
0s
0r
1y
1c
0i
#17319085182
0t
0s
0r
1y
1c
0i
#17319085601
1t
0s
0r
1y
1c
0i
#17319086263
0t
0s
0r
1y
1c
0i
#17319086683
1t
0s
0r
1y
1c
0i
#17319087346
0t
0s
0r
1y
1c
0i
#17319087765
1t
0s
0r
1y
1c
0i
#17319088429
0t
0s
0r
1y
1c
0i
#17319088848
1t
0s
0r
1y
1c
0i
#17319089507
0t
0s
0r
1y
1c
0i
#17319089927
1t
0s
0r
1y
1c
0i
#17319090588
0t
0s
0r
1y
1c
0i
#17319091007
1t
0s
0r
1y
1c
0i
#17319091670
0t
0s
0r
1y
1c
0i
#17319092088
1t
0s
0r
1y
1c
0i
#17319093807
0t
0s
0r
1y
1c
0i
#17319095013
1t
0s
0r
1y
1c
0i
#17319096002
0t
0s
0r
1y
1c
0i
#17319096407
1t
0s
0r
1y
1c
0i
#17319097074
0t
0s
0r
1y
1c
0i
#17319097490
1t
0s
0r
1y
1c
0i
#17319098153
0t
0s
0r
1y
1c
0i
#17319098570
1t
0s
0r
1y
1c
0i
#17319099233
0t
0s
0r
1y
1c
0i
#17319099651
1t
0s
0r
1y
1c
0i
#17319100313
0t
0s
0r
1y
1c
0i
#17319100730
1t
0s
0r
1y
1c
0i
#17319101395
0t
0s
0r
1y
1c
0i
#17319101811
1t
0s
0r
1y
1c
0i
#17319102471
0t
0s
0r
1y
1c
0i
#17319102889
1t
0s
0r
1y
1c
0i
#17319103552
0t
0s
0r
1y
1c
0i
#17319103968
1t
0s
0r
1y
1c
0i
#17319104632
0t
0s
0r
1y
1c
0i
#17319105050
1t
0s
0r
1y
1c
0i
#17319105710
0t
0s
0r
1y
1c
0i
#17319106129
1t
0s
0r
1y
1c
0i
#17319106793
0t
0s
0r
1y
0c
0i
#17319107211
1t
0s
0r
1y
0c
0i
#17319107879
0t
0s
0r
1y
0c
0i
#17319108296
1t
0s
0r
1y
0c
1i
#17319108962
0t
0s
0r
1y
0c
1i
#17319109380
1t
0s
0r
1y
0c
1i
#17319110049
0t
0s
0r
1y
0c
1i
#17319110468
1t
0s
0r
1y
0c
1i
#17319110571
1t
0s
1r
1y
0c
1i
#17319110573
1t
0s
0r
1y
0c
1i
#17319111139
0t
0s
0r
1y
0c
0i
#17319111557
1t
0s
0r
1y
0c
0i
#17319112225
0t
0s
0r
1y
0c
0i
#17319112644
1t
0s
0r
1y
0c
0i
#17319113313
0t
0s
0r
1y
0c
0i
#17319113731
1t
0s
0r
1y
0c
0i
#17319114403
0t
0s
0r
1y
0c
0i
#17319114820
1t
0s
0r
1y
0c
0i
#17319115487
0t
0s
0r
1y
0c
0i
#17319115907
1t
0s
0r
1y
0c
0i
#17319116575
0t
0s
0r
1y
0c
0i
#17319116994
1t
0s
0r
1y
0c
0i
#17319117665
0t
0s
0r
1y
0c
0i
#17319118082
1t
0s
0r
1y
0c
0i
#17319118751
0t
0s
0r
1y
0c
0i
#17319119169
1t
0s
0r
1y
0c
0i
#17319119840
0t
0s
0r
1y
0c
0i
#17319120257
1t
0s
0r
1y
0c
0i
#17319120931
0t
0s
0r
1y
0c
0i
#17319121347
1t
0s
0r
1y
0c
0i
#17319122017
0t
0s
0r
1y
0c
0i
#17319122435
1t
0s
0r
1y
0c
0i
#17319123106
0t
0s
0r
1y
0c
0i
#17319123524
1t
0s
0r
1y
0c
0i
#17319124199
0t
0s
0r
1y
0c
0i
#17319124616
1t
0s
0r
1y
0c
0i
#17319125287
0t
0s
0r
1y
0c
0i
#17319125706
1t
0s
0r
1y
0c
0i
#17319126378
0t
0s
0r
1y
0c
0i
#17319126798
1t
0s
0r
1y
0c
0i
#17319127472
0t
0s
0r
1y
0c
0i
#17319127890
1t
0s
0r
1y
0c
0i
#17319128560
0t
0s
0r
1y
0c
0i
#17319128980
1t
0s
0r
1y
0c
0i
#17319129651
0t
0s
0r
1y
0c
0i
#17319130071
1t
0s
0r
1y
0c
0i
#17319130745
0t
0s
0r
1y
0c
0i
#17319131164
1t
0s
0r
1y
0c
0i
#17319131833
0t
0s
0r
1y
0c
0i
#17319132254
1t
0s
0r
1y
0c
0i
#17319132925
0t
0s
0r
1y
0c
0i
#17319133345
1t
0s
0r
1y
0c
0i
#17319134019
0t
0s
0r
1y
0c
0i
#17319134438
1t
0s
0r
1y
0c
0i
#17319135107
0t
0s
0r
1y
0c
0i
#17319135528
1t
0s
0r
1y
0c
0i
#17319136199
0t
0s
0r
1y
0c
0i
#17319136620
1t
0s
0r
1y
0c
0i
#17319137293
0t
0s
0r
1y
0c
0i
#17319137715
1t
0s
0r
1y
0c
0i
#17319138385
0t
0s
0r
1y
0c
0i
#17319138808
1t
0s
0r
1y
1c
0i
#17319139480
0t
0s
0r
1y
1c
0i
#17319139903
1t
0s
0r
1y
1c
0i
#17319140580
0t
0s
0r
1y
1c
0i
#17319141001
1t
0s
0r
1y
1c
1i
#17319141676
0t
0s
0r
1y
1c
1i
#17319142099
1t
0s
0r
1y
1c
1i
#17319142776
0t
0s
0r
1y
1c
1i
#17319143199
1t
0s
0r
1y
1c
1i
#17319143879
0t
0s
0r
1y
1c
0i
#17319144301
1t
0s
0r
1y
1c
0i
#17319144975
0t
0s
0r
1y
1c
0i
#17319145399
1t
0s
0r
1y
1c
0i
#17319146074
0t
0s
0r
1y
1c
0i
#17319146497
1t
0s
0r
1y
1c
0i
#17319147175
0t
0s
0r
1y
1c
0i
#17319147596
1t
0s
0r
1y
1c
0i
#17319148266
0t
0s
0r
1y
1c
0i
#17319148691
1t
0s
0r
1y
1c
0i
#17319149361
0t
0s
0r
1y
1c
0i
#17319149785
1t
0s
0r
1y
1c
0i
#17319150457
0t
0s
0r
1y
1c
0i
#17319150878
1t
0s
0r
1y
1c
0i
#17319151546
0t
0s
0r
1y
1c
0i
#17319151968
1t
0s
0r
1y
1c
0i
#17319152635
0t
0s
0r
1y
1c
0i
#17319153056
1t
0s
0r
1y
1c
0i
#17319153725
0t
0s
0r
1y
1c
0i
#17319154146
1t
0s
0r
1y
1c
0i
#17319154810
0t
0s
0r
1y
1c
0i
#17319155232
1t
0s
0r
1y
1c
0i
#17319155898
0t
0s
0r
1y
1c
0i
#17319156319
1t
0s
0r
1y
1c
0i
#17319156987
0t
0s
0r
1y
1c
0i
#17319157408
1t
0s
0r
1y
1c
0i
#17319159139
0t
0s
0r
1y
1c
0i
#17319160354
1t
0s
0r
1y
1c
0i
#17319161352
0t
0s
0r
1y
1c
0i
#17319161760
1t
0s
0r
1y
1c
0i
#17319162431
0t
0s
0r
1y
1c
0i
#17319162850
1t
0s
0r
1y
1c
0i
#17319163519
0t
0s
0r
1y
1c
0i
#17319163939
1t
0s
0r
1y
1c
0i
#17319164607
0t
0s
0r
1y
1c
0i
#17319165028
1t
0s
0r
1y
1c
0i
#17319165696
0t
0s
0r
1y
1c
0i
#17319166115
1t
0s
0r
1y
1c
0i
#17319166785
0t
0s
0r
1y
1c
0i
#17319167204
1t
0s
0r
1y
1c
0i
#17319167870
0t
0s
0r
1y
1c
0i
#17319168290
1t
0s
0r
1y
1c
0i
#17319168958
0t
0s
0r
1y
1c
0i
#17319169377
1t
0s
0r
1y
1c
0i
#17319170047
0t
0s
0r
1y
1c
0i
#17319170467
1t
0s
0r
1y
1c
0i
#17319171133
0t
0s
0r
1y
1c
0i
#17319171554
1t
0s
0r
1y
1c
0i
#17319172223
0t
0s
0r
1y
0c
0i
#17319172644
1t
0s
0r
1y
0c
0i
#17319173318
0t
0s
0r
1y
0c
0i
#17319173737
1t
0s
0r
1y
0c
1i
#17319174409
0t
0s
0r
1y
0c
1i
#17319174830
1t
0s
0r
1y
0c
1i
#17319175503
0t
0s
0r
1y
0c
1i
#17319175926
1t
0s
0r
1y
0c
1i
#17319176602
0t
0s
0r
1y
0c
0i
#17319177022
1t
0s
0r
1y
0c
0i
#17319177694
0t
0s
0r
1y
0c
0i
#17319178117
1t
0s
0r
1y
0c
0i
#17319178789
0t
0s
0r
1y
0c
0i
#17319179210
1t
0s
0r
1y
0c
0i
#17319179886
0t
0s
0r
1y
0c
0i
#17319180305
1t
0s
0r
1y
0c
0i
#17319180976
0t
0s
0r
1y
0c
0i
#17319181398
1t
0s
0r
1y
0c
0i
#17319182069
0t
0s
0r
1y
0c
0i
#17319182490
1t
0s
0r
1y
0c
0i
#17319183163
0t
0s
0r
1y
0c
0i
#17319183581
1t
0s
0r
1y
0c
0i
#17319184251
0t
0s
0r
1y
0c
0i
#17319184670
1t
0s
0r
1y
0c
0i
#17319185340
0t
0s
0r
1y
0c
0i
#17319185757
1t
0s
0r
1y
0c
0i
#17319186429
0t
0s
0r
1y
0c
0i
#17319186845
1t
0s
0r
1y
0c
0i
#17319187513
0t
0s
0r
1y
0c
0i
#17319187930
1t
0s
0r
1y
0c
0i
#17319188598
0t
0s
0r
1y
0c
0i
#17319189015
1t
0s
0r
1y
0c
0i
#17319189686
0t
0s
0r
1y
0c
0i
#17319190102
1t
0s
0r
1y
0c
0i
#17319190769
0t
0s
0r
1y
0c
0i
#17319191187
1t
0s
0r
1y
0c
0i
#17319191855
0t
0s
0r
1y
0c
0i
#17319192274
1t
0s
0r
1y
0c
0i
#17319192944
0t
0s
0r
1y
0c
0i
#17319193361
1t
0s
0r
1y
0c
0i
#17319194027
0t
0s
0r
1y
0c
0i
#17319194446
1t
0s
0r
1y
0c
0i
#17319195113
0t
0s
0r
1y
0c
0i
#17319195532
1t
0s
0r
1y
0c
0i
#17319196203
0t
0s
0r
1y
0c
0i
#17319196619
1t
0s
0r
1y
0c
0i
#17319197285
0t
0s
0r
1y
0c
0i
#17319197705
1t
0s
0r
1y
0c
0i
#17319198371
0t
0s
0r
1y
0c
0i
#17319198790
1t
0s
0r
1y
0c
0i
#17319199460
0t
0s
0r
1y
0c
0i
#17319199877
1t
0s
0r
1y
0c
0i
#17319200542
0t
0s
0r
1y
0c
0i
#17319200962
1t
0s
0r
1y
0c
0i
#17319201628
0t
0s
0r
1y
0c
0i
#17319202047
1t
0s
0r
1y
0c
0i
#17319202715
0t
0s
0r
1y
0c
0i
#17319203136
1t
0s
0r
1y
0c
0i
#17319203800
0t
0s
0r
1y
0c
0i
#17319204221
1t
0s
0r
1y
1c
0i
#17319204888
0t
0s
0r
1y
1c
0i
#17319205309
1t
0s
0r
1y
1c
0i
#17319205981
0t
0s
0r
1y
1c
0i
#17319206400
1t
0s
0r
1y
1c
1i
#17319207070
0t
0s
0r
1y
1c
1i
#17319207491
1t
0s
0r
1y
1c
1i
#17319208163
0t
0s
0r
1y
1c
1i
#17319208584
1t
0s
0r
1y
1c
1i
#17319209259
0t
0s
0r
1y
1c
0i
#17319209679
1t
0s
0r
1y
1c
0i
#17319210350
0t
0s
0r
1y
1c
0i
#17319210771
1t
0s
0r
1y
1c
0i
#17319211443
0t
0s
0r
1y
1c
0i
#17319211864
1t
0s
0r
1y
1c
0i
#17319212537
0t
0s
0r
1y
1c
0i
#17319212957
1t
0s
0r
1y
1c
0i
#17319213624
0t
0s
0r
1y
1c
0i
#17319214047
1t
0s
0r
1y
1c
0i
#17319214714
0t
0s
0r
1y
1c
0i
#17319215136
1t
0s
0r
1y
1c
0i
#17319215806
0t
0s
0r
1y
1c
0i
#17319216226
1t
0s
0r
1y
1c
0i
#17319216890
0t
0s
0r
1y
1c
0i
#17319217311
1t
0s
0r
1y
1c
0i
#17319217977
0t
0s
0r
1y
1c
0i
#17319218396
1t
0s
0r
1y
1c
0i
#17319219063
0t
0s
0r
1y
1c
0i
#17319219483
1t
0s
0r
1y
1c
0i
#17319220145
0t
0s
0r
1y
1c
0i
#17319220566
1t
0s
0r
1y
1c
0i
#17319221229
0t
0s
0r
1y
1c
0i
#17319221649
1t
0s
0r
1y
1c
0i
#17319222316
0t
0s
0r
1y
1c
0i
#17319222735
1t
0s
0r
1y
1c
0i
#17319224460
0t
0s
0r
1y
1c
0i
#17319225669
1t
0s
0r
1y
1c
0i
#17319226663
0t
0s
0r
1y
1c
0i
#17319227069
1t
0s
0r
1y
1c
0i
#17319227737
0t
0s
0r
1y
1c
0i
#17319228155
1t
0s
0r
1y
1c
0i
#17319228820
0t
0s
0r
1y
1c
0i
#17319229238
1t
0s
0r
1y
1c
0i
#17319229904
0t
0s
0r
1y
1c
0i
#17319230323
1t
0s
0r
1y
1c
0i
#17319230989
0t
0s
0r
1y
1c
0i
#17319231406
1t
0s
0r
1y
1c
0i
#17319232074
0t
0s
0r
1y
1c
0i
#17319232490
1t
0s
0r
1y
1c
0i
#17319233153
0t
0s
0r
1y
1c
0i
#17319233572
1t
0s
0r
1y
1c
0i
#17319234237
0t
0s
0r
1y
1c
0i
#17319234654
1t
0s
0r
1y
1c
0i
#17319235321
0t
0s
0r
1y
1c
0i
#17319235740
1t
0s
0r
1y
1c
0i
#17319236404
0t
0s
0r
1y
1c
0i
#17319236823
1t
0s
0r
1y
1c
0i
#17319237490
0t
0s
0r
1y
0c
0i
#17319237909
1t
0s
0r
1y
0c
0i
#17319238580
0t
0s
0r
1y
0c
0i
#17319238997
1t
0s
0r
1y
0c
1i
#17319239666
0t
0s
0r
1y
0c
1i
#17319240086
1t
0s
0r
1y
0c
1i
#17319240756
0t
0s
0r
1y
0c
1i
#17319241176
1t
0s
0r
1y
0c
1i
#17319241285
1t
0s
1r
1y
0c
1i
#17319241287
1t
0s
0r
1y
0c
1i
#17319241850
0t
0s
0r
1y
0c
0i
#17319242269
1t
0s
0r
1y
0c
0i
#17319242938
0t
0s
0r
1y
0c
0i
#17319243358
1t
0s
0r
1y
0c
0i
#17319244029
0t
0s
0r
1y
0c
0i
#17319244448
1t
0s
0r
1y
0c
0i
#17319245121
0t
0s
0r
1y
0c
0i
#17319245539
1t
0s
0r
1y
0c
0i
#17319246207
0t
0s
0r
1y
0c
0i
#17319246628
1t
0s
0r
1y
0c
0i
#17319247295
0t
0s
0r
1y
0c
0i
#17319247714
1t
0s
0r
1y
0c
0i
#17319248385
0t
0s
0r
1y
0c
0i
#17319248802
1t
0s
0r
1y
0c
0i
#17319249468
0t
0s
0r
1y
0c
0i
#17319249886
1t
0s
0r
1y
0c
0i
#17319250553
0t
0s
0r
1y
0c
0i
#17319250969
1t
0s
0r
1y
0c
0i
#17319251639
0t
0s
0r
1y
0c
0i
#17319252053
1t
0s
0r
1y
0c
0i
#17319252718
0t
0s
0r
1y
0c
0i
#17319253135
1t
0s
0r
1y
0c
0i
#17319253801
0t
0s
0r
1y
0c
0i
#17319254216
1t
0s
0r
1y
0c
0i
#17319254886
0t
0s
0r
1y
0c
0i
#17319255300
1t
0s
0r
1y
0c
0i
#17319255966
0t
0s
0r
1y
0c
0i
#17319256382
1t
0s
0r
1y
0c
0i
#17319257048
0t
0s
0r
1y
0c
0i
#17319257465
1t
0s
0r
1y
0c
0i
#17319258133
0t
0s
0r
1y
0c
0i
#17319258549
1t
0s
0r
1y
0c
0i
#17319259213
0t
0s
0r
1y
0c
0i
#17319259631
1t
0s
0r
1y
0c
0i
#17319260297
0t
0s
0r
1y
0c
0i
#17319260714
1t
0s
0r
1y
0c
0i
#17319261383
0t
0s
0r
1y
0c
0i
#17319261798
1t
0s
0r
1y
0c
0i
#17319262462
0t
0s
0r
1y
0c
0i
#17319262881
1t
0s
0r
1y
0c
0i
#17319263545
0t
0s
0r
1y
0c
0i
#17319263963
1t
0s
0r
1y
0c
0i
#17319264631
0t
0s
0r
1y
0c
0i
#17319265047
1t
0s
0r
1y
0c
0i
#17319265711
0t
0s
0r
1y
0c
0i
#17319266129
1t
0s
0r
1y
0c
0i
#17319266794
0t
0s
0r
1y
0c
0i
#17319267213
1t
0s
0r
1y
0c
0i
#17319267880
0t
0s
0r
1y
0c
0i
#17319268299
1t
0s
0r
1y
0c
0i
#17319268963
0t
0s
0r
1y
0c
0i
#17319269383
1t
0s
0r
1y
1c
0i
#17319270050
0t
0s
0r
1y
1c
0i
#17319270470
1t
0s
0r
1y
1c
0i
#17319271141
0t
0s
0r
1y
1c
0i
#17319271560
1t
0s
0r
1y
1c
1i
#17319272228
0t
0s
0r
1y
1c
1i
#17319272650
1t
0s
0r
1y
1c
1i
#17319273321
0t
0s
0r
1y
1c
1i
#17319273742
1t
0s
0r
1y
1c
1i
#17319274416
0t
0s
0r
1y
1c
0i
#17319274836
1t
0s
0r
1y
1c
0i
#17319275506
0t
0s
0r
1y
1c
0i
#17319275927
1t
0s
0r
1y
1c
0i
#17319276598
0t
0s
0r
1y
1c
0i
#17319277019
1t
0s
0r
1y
1c
0i
#17319277692
0t
0s
0r
1y
1c
0i
#17319278111
1t
0s
0r
1y
1c
0i
#17319278778
0t
0s
0r
1y
1c
0i
#17319279201
1t
0s
0r
1y
1c
0i
#17319279868
0t
0s
0r
1y
1c
0i
#17319280290
1t
0s
0r
1y
1c
0i
#17319280960
0t
0s
0r
1y
1c
0i
#17319281380
1t
0s
0r
1y
1c
0i
#17319282045
0t
0s
0r
1y
1c
0i
#17319282466
1t
0s
0r
1y
1c
0i
#17319283132
0t
0s
0r
1y
1c
0i
#17319283553
1t
0s
0r
1y
1c
0i
#17319284221
0t
0s
0r
1y
1c
0i
#17319284642
1t
0s
0r
1y
1c
0i
#17319285306
0t
0s
0r
1y
1c
0i
#17319285728
1t
0s
0r
1y
1c
0i
#17319286393
0t
0s
0r
1y
1c
0i
#17319286815
1t
0s
0r
1y
1c
0i
#17319287483
0t
0s
0r
1y
1c
0i
#17319287903
1t
0s
0r
1y
1c
0i
#17319289633
0t
0s
0r
1y
1c
0i
#17319290846
1t
0s
0r
1y
1c
0i
#17319291841
0t
0s
0r
1y
1c
0i
#17319292248
1t
0s
0r
1y
1c
0i
#17319292917
0t
0s
0r
1y
1c
0i
#17319293336
1t
0s
0r
1y
1c
0i
#17319294003
0t
0s
0r
1y
1c
0i
#17319294421
1t
0s
0r
1y
1c
0i
#17319295088
0t
0s
0r
1y
1c
0i
#17319295508
1t
0s
0r
1y
1c
0i
#17319296174
0t
0s
0r
1y
1c
0i
#17319296593
1t
0s
0r
1y
1c
0i
#17319297261
0t
0s
0r
1y
1c
0i
#17319297679
1t
0s
0r
1y
1c
0i
#17319298343
0t
0s
0r
1y
1c
0i
#17319298762
1t
0s
0r
1y
1c
0i
#17319299428
0t
0s
0r
1y
1c
0i
#17319299847
1t
0s
0r
1y
1c
0i
#17319300515
0t
0s
0r
1y
1c
0i
#17319300934
1t
0s
0r
1y
1c
0i
#17319301599
0t
0s
0r
1y
1c
0i
#17319302020
1t
0s
0r
1y
0c
0i
#17319302687
0t
0s
0r
1y
0c
0i
#17319303107
1t
0s
0r
1y
0c
0i
#17319303780
0t
0s
0r
1y
0c
0i
#17319304198
1t
0s
0r
1y
0c
1i
#17319304868
0t
0s
0r
1y
0c
1i
#17319305289
1t
0s
0r
1y
0c
1i
#17319305960
0t
0s
0r
1y
0c
1i
#17319306382
1t
0s
0r
1y
0c
1i
#17319307057
0t
0s
0r
1y
0c
0i
#17319307476
1t
0s
0r
1y
0c
0i
#17319308147
0t
0s
0r
1y
0c
0i
#17319308568
1t
0s
0r
1y
0c
0i
#17319309240
0t
0s
0r
1y
0c
0i
#17319309660
1t
0s
0r
1y
0c
0i
#17319310334
0t
0s
0r
1y
0c
0i
#17319310753
1t
0s
0r
1y
0c
0i
#17319311422
0t
0s
0r
1y
0c
0i
#17319311843
1t
0s
0r
1y
0c
0i
#17319312512
0t
0s
0r
1y
0c
0i
#17319312933
1t
0s
0r
1y
0c
0i
#17319313605
0t
0s
0r
1y
0c
0i
#17319314023
1t
0s
0r
1y
0c
0i
#17319314692
0t
0s
0r
1y
0c
0i
#17319315110
1t
0s
0r
1y
0c
0i
#17319315780
0t
0s
0r
1y
0c
0i
#17319316197
1t
0s
0r
1y
0c
0i
#17319316870
0t
0s
0r
1y
0c
0i
#17319317285
1t
0s
0r
1y
0c
0i
#17319317952
0t
0s
0r
1y
0c
0i
#17319318370
1t
0s
0r
1y
0c
0i
#17319319038
0t
0s
0r
1y
0c
0i
#17319319455
1t
0s
0r
1y
0c
0i
#17319320127
0t
0s
0r
1y
0c
0i
#17319320542
1t
0s
0r
1y
0c
0i
#17319321209
0t
0s
0r
1y
0c
0i
#17319321627
1t
0s
0r
1y
0c
0i
#17319322294
0t
0s
0r
1y
0c
0i
#17319322713
1t
0s
0r
1y
0c
0i
#17319323382
0t
0s
0r
1y
0c
0i
#17319323800
1t
0s
0r
1y
0c
0i
#17319324464
0t
0s
0r
1y
0c
0i
#17319324884
1t
0s
0r
1y
0c
0i
#17319325551
0t
0s
0r
1y
0c
0i
#17319325969
1t
0s
0r
1y
0c
0i
#17319326640
0t
0s
0r
1y
0c
0i
#17319327056
1t
0s
0r
1y
0c
0i
#17319327721
0t
0s
0r
1y
0c
0i
#17319328141
1t
0s
0r
1y
0c
0i
#17319328807
0t
0s
0r
1y
0c
0i
#17319329226
1t
0s
0r
1y
0c
0i
#17319329894
0t
0s
0r
1y
0c
0i
#17319330312
1t
0s
0r
1y
0c
0i
#17319330977
0t
0s
0r
1y
0c
0i
#17319331395
1t
0s
0r
1y
0c
0i
#17319332062
0t
0s
0r
1y
0c
0i
#17319332481
1t
0s
0r
1y
0c
0i
#17319333149
0t
0s
0r
1y
0c
0i
#17319333569
1t
0s
0r
1y
0c
0i
#17319334233
0t
0s
0r
1y
0c
0i
#17319334654
1t
0s
0r
1y
1c
0i
#17319335322
0t
0s
0r
1y
1c
0i
#17319335742
1t
0s
0r
1y
1c
0i
#17319336414
0t
0s
0r
1y
1c
0i
#17319336834
1t
0s
0r
1y
1c
1i
#17319337503
0t
0s
0r
1y
1c
1i
#17319337925
1t
0s
0r
1y
1c
1i
#17319338597
0t
0s
0r
1y
1c
1i
#17319339018
1t
0s
0r
1y
1c
1i
#17319339693
0t
0s
0r
1y
1c
0i
#17319340114
1t
0s
0r
1y
1c
0i
#17319340784
0t
0s
0r
1y
1c
0i
#17319341206
1t
0s
0r
1y
1c
0i
#17319341878
0t
0s
0r
1y
1c
0i
#17319342299
1t
0s
0r
1y
1c
0i
#17319342972
0t
0s
0r
1y
1c
0i
#17319343393
1t
0s
0r
1y
1c
0i
#17319344061
0t
0s
0r
1y
1c
0i
#17319344484
1t
0s
0r
1y
1c
0i
#17319345152
0t
0s
0r
1y
1c
0i
#17319345575
1t
0s
0r
1y
1c
0i
#17319346246
0t
0s
0r
1y
1c
0i
#17319346666
1t
0s
0r
1y
1c
0i
#17319347333
0t
0s
0r
1y
1c
0i
#17319347754
1t
0s
0r
1y
1c
0i
#17319348421
0t
0s
0r
1y
1c
0i
#17319348843
1t
0s
0r
1y
1c
0i
#17319349512
0t
0s
0r
1y
1c
0i
#17319349933
1t
0s
0r
1y
1c
0i
#17319350598
0t
0s
0r
1y
1c
0i
#17319351020
1t
0s
0r
1y
1c
0i
#17319351686
0t
0s
0r
1y
1c
0i
#17319352107
1t
0s
0r
1y
1c
0i
#17319352776
0t
0s
0r
1y
1c
0i
#17319353196
1t
0s
0r
1y
1c
0i
#17319354927
0t
0s
0r
1y
1c
0i
#17319356139
1t
0s
0r
1y
1c
0i
#17319357136
0t
0s
0r
1y
1c
0i
#17319357543
1t
0s
0r
1y
1c
0i
#17319358214
0t
0s
0r
1y
1c
0i
#17319358632
1t
0s
0r
1y
1c
0i
#17319359300
0t
0s
0r
1y
1c
0i
#17319359719
1t
0s
0r
1y
1c
0i
#17319360387
0t
0s
0r
1y
1c
0i
#17319360807
1t
0s
0r
1y
1c
0i
#17319361475
0t
0s
0r
1y
1c
0i
#17319361893
1t
0s
0r
1y
1c
0i
#17319362564
0t
0s
0r
1y
1c
0i
#17319362981
1t
0s
0r
1y
1c
0i
#17319363647
0t
0s
0r
1y
1c
0i
#17319364067
1t
0s
0r
1y
1c
0i
#17319364735
0t
0s
0r
1y
1c
0i
#17319365153
1t
0s
0r
1y
1c
0i
#17319365823
0t
0s
0r
1y
1c
0i
#17319366243
1t
0s
0r
1y
1c
0i
#17319366909
0t
0s
0r
1y
1c
0i
#17319367330
1t
0s
0r
1y
1c
0i
#17319367998
0t
0s
0r
1y
0c
0i
#17319368419
1t
0s
0r
1y
0c
0i
#17319369092
0t
0s
0r
1y
0c
0i
#17319369511
1t
0s
0r
1y
0c
1i
#17319370182
0t
0s
0r
1y
0c
1i
#17319370603
1t
0s
0r
1y
0c
1i
#17319371276
0t
0s
0r
1y
0c
1i
#17319371698
1t
0s
0r
1y
0c
1i
#17319371752
1t
0s
1r
1y
0c
1i
#17319371754
1t
0s
0r
1y
0c
1i
#17319372374
0t
0s
0r
1y
0c
0i
#17319372794
1t
0s
0r
1y
0c
0i
#17319373466
0t
0s
0r
1y
0c
0i
#17319373887
1t
0s
0r
1y
0c
0i
#17319374560
0t
0s
0r
1y
0c
0i
#17319374980
1t
0s
0r
1y
0c
0i
#17319375655
0t
0s
0r
1y
0c
0i
#17319376074
1t
0s
0r
1y
0c
0i
#17319376743
0t
0s
0r
1y
0c
0i
#17319377164
1t
0s
0r
1y
0c
0i
#17319377834
0t
0s
0r
1y
0c
0i
#17319378253
1t
0s
0r
1y
0c
0i
#17319378924
0t
0s
0r
1y
0c
0i
#17319379341
1t
0s
0r
1y
0c
0i
#17319380008
0t
0s
0r
1y
0c
0i
#17319380425
1t
0s
0r
1y
0c
0i
#17319381092
0t
0s
0r
1y
0c
0i
#17319381508
1t
0s
0r
1y
0c
0i
#17319382178
0t
0s
0r
1y
0c
0i
#17319382591
1t
0s
0r
1y
0c
0i
#17319383257
0t
0s
0r
1y
0c
0i
#17319383672
1t
0s
0r
1y
0c
0i
#17319384339
0t
0s
0r
1y
0c
0i
#17319384754
1t
0s
0r
1y
0c
0i
#17319385424
0t
0s
0r
1y
0c
0i
#17319385838
1t
0s
0r
1y
0c
0i
#17319386504
0t
0s
0r
1y
0c
0i
#17319386920
1t
0s
0r
1y
0c
0i
#17319387586
0t
0s
0r
1y
0c
0i
#17319388005
1t
0s
0r
1y
0c
0i
#17319388673
0t
0s
0r
1y
0c
0i
#17319389090
1t
0s
0r
1y
0c
0i
#17319389755
0t
0s
0r
1y
0c
0i
#17319390173
1t
0s
0r
1y
0c
0i
#17319390841
0t
0s
0r
1y
0c
0i
#17319391258
1t
0s
0r
1y
0c
0i
#17319391928
0t
0s
0r
1y
0c
0i
#17319392344
1t
0s
0r
1y
0c
0i
#17319393009
0t
0s
0r
1y
0c
0i
#17319393428
1t
0s
0r
1y
0c
0i
#17319394094
0t
0s
0r
1y
0c
0i
#17319394512
1t
0s
0r
1y
0c
0i
#17319395181
0t
0s
0r
1y
0c
0i
#17319395598
1t
0s
0r
1y
0c
0i
#17319396263
0t
0s
0r
1y
0c
0i
#17319396682
1t
0s
0r
1y
0c
0i
#17319397348
0t
0s
0r
1y
0c
0i
#17319397767
1t
0s
0r
1y
0c
0i
#17319398435
0t
0s
0r
1y
0c
0i
#17319398855
1t
0s
0r
1y
0c
0i
#17319399518
0t
0s
0r
1y
0c
0i
#17319399940
1t
0s
0r
1y
1c
0i
#17319400607
0t
0s
0r
1y
1c
0i
#17319401028
1t
0s
0r
1y
1c
0i
#17319401700
0t
0s
0r
1y
1c
0i
#17319402120
1t
0s
0r
1y
1c
1i
#17319402788
0t
0s
0r
1y
1c
1i
#17319403211
1t
0s
0r
1y
1c
1i
#17319403882
0t
0s
0r
1y
1c
1i
#17319404304
1t
0s
0r
1y
1c
1i
#17319404979
0t
0s
0r
1y
1c
0i
#17319405399
1t
0s
0r
1y
1c
0i
#17319406069
0t
0s
0r
1y
1c
0i
#17319406491
1t
0s
0r
1y
1c
0i
#17319407162
0t
0s
0r
1y
1c
0i
#17319407583
1t
0s
0r
1y
1c
0i
#17319408256
0t
0s
0r
1y
1c
0i
#17319408676
1t
0s
0r
1y
1c
0i
#17319409343
0t
0s
0r
1y
1c
0i
#17319409765
1t
0s
0r
1y
1c
0i
#17319410432
0t
0s
0r
1y
1c
0i
#17319410853
1t
0s
0r
1y
1c
0i
#17319411521
0t
0s
0r
1y
1c
0i
#17319411940
1t
0s
0r
1y
1c
0i
#17319412602
0t
0s
0r
1y
1c
0i
#17319413023
1t
0s
0r
1y
1c
0i
#17319413685
0t
0s
0r
1y
1c
0i
#17319414105
1t
0s
0r
1y
1c
0i
#17319414769
0t
0s
0r
1y
1c
0i
#17319415188
1t
0s
0r
1y
1c
0i
#17319415848
0t
0s
0r
1y
1c
0i
#17319416269
1t
0s
0r
1y
1c
0i
#17319416930
0t
0s
0r
1y
1c
0i
#17319417349
1t
0s
0r
1y
1c
0i
#17319418014
0t
0s
0r
1y
1c
0i
#17319418431
1t
0s
0r
1y
1c
0i
#17319420153
0t
0s
0r
1y
1c
0i
#17319421360
1t
0s
0r
1y
1c
0i
#17319422351
0t
0s
0r
1y
1c
0i
#17319422757
1t
0s
0r
1y
1c
0i
#17319423424
0t
0s
0r
1y
1c
0i
#17319423841
1t
0s
0r
1y
1c
0i
#17319424505
0t
0s
0r
1y
1c
0i
#17319424922
1t
0s
0r
1y
1c
0i
#17319425586
0t
0s
0r
1y
1c
0i
#17319426005
1t
0s
0r
1y
1c
0i
#17319426669
0t
0s
0r
1y
1c
0i
#17319427086
1t
0s
0r
1y
1c
0i
#17319427752
0t
0s
0r
1y
1c
0i
#17319428168
1t
0s
0r
1y
1c
0i
#17319428830
0t
0s
0r
1y
1c
0i
#17319429248
1t
0s
0r
1y
1c
0i
#17319429912
0t
0s
0r
1y
1c
0i
#17319430328
1t
0s
0r
1y
1c
0i
#17319430994
0t
0s
0r
1y
1c
0i
#17319431412
1t
0s
0r
1y
1c
0i
#17319432074
0t
0s
0r
1y
1c
0i
#17319432493
1t
0s
0r
1y
1c
0i
#17319433158
0t
0s
0r
1y
0c
0i
#17319433576
1t
0s
0r
1y
0c
0i
#17319434245
0t
0s
0r
1y
0c
0i
#17319434663
1t
0s
0r
1y
0c
1i
#17319435329
0t
0s
0r
1y
0c
1i
#17319435748
1t
0s
0r
1y
0c
1i
#17319436416
0t
0s
0r
1y
0c
1i
#17319436836
1t
0s
0r
1y
0c
1i
#17319437508
0t
0s
0r
1y
0c
0i
#17319437926
1t
0s
0r
1y
0c
0i
#17319438593
0t
0s
0r
1y
0c
0i
#17319439013
1t
0s
0r
1y
0c
0i
#17319439682
0t
0s
0r
1y
0c
0i
#17319440099
1t
0s
0r
1y
0c
0i
#17319440771
0t
0s
0r
1y
0c
0i
#17319441187
1t
0s
0r
1y
0c
0i
#17319441853
0t
0s
0r
1y
0c
0i
#17319442273
1t
0s
0r
1y
0c
0i
#17319442939
0t
0s
0r
1y
0c
0i
#17319443357
1t
0s
0r
1y
0c
0i
#17319444026
0t
0s
0r
1y
0c
0i
#17319444442
1t
0s
0r
1y
0c
0i
#17319445107
0t
0s
0r
1y
0c
0i
#17319445524
1t
0s
0r
1y
0c
0i
#17319446189
0t
0s
0r
1y
0c
0i
#17319446605
1t
0s
0r
1y
0c
0i
#17319447273
0t
0s
0r
1y
0c
0i
#17319447687
1t
0s
0r
1y
0c
0i
#17319448350
0t
0s
0r
1y
0c
0i
#17319448766
1t
0s
0r
1y
0c
0i
#17319449430
0t
0s
0r
1y
0c
0i
#17319449845
1t
0s
0r
1y
0c
0i
#17319450512
0t
0s
0r
1y
0c
0i
#17319450925
1t
0s
0r
1y
0c
0i
#17319451589
0t
0s
0r
1y
0c
0i
#17319452005
1t
0s
0r
1y
0c
0i
#17319452668
0t
0s
0r
1y
0c
0i
#17319453085
1t
0s
0r
1y
0c
0i
#17319453751
0t
0s
0r
1y
0c
0i
#17319454166
1t
0s
0r
1y
0c
0i
#17319454828
0t
0s
0r
1y
0c
0i
#17319455245
1t
0s
0r
1y
0c
0i
#17319455908
0t
0s
0r
1y
0c
0i
#17319456324
1t
0s
0r
1y
0c
0i
#17319456990
0t
0s
0r
1y
0c
0i
#17319457405
1t
0s
0r
1y
0c
0i
#17319458067
0t
0s
0r
1y
0c
0i
#17319458484
1t
0s
0r
1y
0c
0i
#17319459146
0t
0s
0r
1y
0c
0i
#17319459563
1t
0s
0r
1y
0c
0i
#17319460228
0t
0s
0r
1y
0c
0i
#17319460644
1t
0s
0r
1y
0c
0i
#17319461304
0t
0s
0r
1y
0c
0i
#17319461721
1t
0s
0r
1y
0c
0i
#17319462383
0t
0s
0r
1y
0c
0i
#17319462800
1t
0s
0r
1y
0c
0i
#17319463464
0t
0s
0r
1y
0c
0i
#17319463882
1t
0s
0r
1y
0c
0i
#17319464542
0t
0s
0r
1y
0c
0i
#17319464961
1t
0s
0r
1y
1c
0i
#17319465624
0t
0s
0r
1y
1c
0i
#17319466043
1t
0s
0r
1y
1c
0i
#17319466710
0t
0s
0r
1y
1c
0i
#17319467128
1t
0s
0r
1y
1c
1i
#17319467793
0t
0s
0r
1y
1c
1i
#17319468213
1t
0s
0r
1y
1c
1i
#17319468880
0t
0s
0r
1y
1c
1i
#17319469300
1t
0s
0r
1y
1c
1i
#17319469971
0t
0s
0r
1y
1c
0i
#17319470389
1t
0s
0r
1y
1c
0i
#17319471056
0t
0s
0r
1y
1c
0i
#17319471476
1t
0s
0r
1y
1c
0i
#17319472143
0t
0s
0r
1y
1c
0i
#17319472562
1t
0s
0r
1y
1c
0i
#17319473233
0t
0s
0r
1y
1c
0i
#17319473650
1t
0s
0r
1y
1c
0i
#17319474314
0t
0s
0r
1y
1c
0i
#17319474735
1t
0s
0r
1y
1c
0i
#17319475399
0t
0s
0r
1y
1c
0i
#17319475819
1t
0s
0r
1y
1c
0i
#17319476486
0t
0s
0r
1y
1c
0i
#17319476904
1t
0s
0r
1y
1c
0i
#17319477566
0t
0s
0r
1y
1c
0i
#17319477986
1t
0s
0r
1y
1c
0i
#17319478648
0t
0s
0r
1y
1c
0i
#17319479067
1t
0s
0r
1y
1c
0i
#17319479732
0t
0s
0r
1y
1c
0i
#17319480151
1t
0s
0r
1y
1c
0i
#17319480811
0t
0s
0r
1y
1c
0i
#17319481231
1t
0s
0r
1y
1c
0i
#17319481893
0t
0s
0r
1y
1c
0i
#17319482312
1t
0s
0r
1y
1c
0i
#17319482976
0t
0s
0r
1y
1c
0i
#17319483394
1t
0s
0r
1y
1c
0i
#17319485114
0t
0s
0r
1y
1c
0i
#17319486319
1t
0s
0r
1y
1c
0i
#17319487310
0t
0s
0r
1y
1c
0i
#17319487715
1t
0s
0r
1y
1c
0i
#17319488381
0t
0s
0r
1y
1c
0i
#17319488797
1t
0s
0r
1y
1c
0i
#17319489460
0t
0s
0r
1y
1c
0i
#17319489877
1t
0s
0r
1y
1c
0i
#17319490540
0t
0s
0r
1y
1c
0i
#17319490958
1t
0s
0r
1y
1c
0i
#17319491621
0t
0s
0r
1y
1c
0i
#17319492037
1t
0s
0r
1y
1c
0i
#17319492702
0t
0s
0r
1y
1c
0i
#17319493118
1t
0s
0r
1y
1c
0i
#17319493779
0t
0s
0r
1y
1c
0i
#17319494196
1t
0s
0r
1y
1c
0i
#17319494858
0t
0s
0r
1y
1c
0i
#17319495274
1t
0s
0r
1y
1c
0i
#17319495939
0t
0s
0r
1y
1c
0i
#17319496356
1t
0s
0r
1y
1c
0i
#17319497017
0t
0s
0r
1y
0c
0i
#17319497435
1t
0s
0r
1y
0c
0i
#17319498099
0t
0s
0r
1y
0c
0i
#17319498517
1t
0s
0r
1y
0c
0i
#17319499185
0t
0s
0r
1y
0c
0i
#17319499601
1t
0s
0r
1y
0c
1i
#17319500267
0t
0s
0r
1y
0c
1i
#17319500686
1t
0s
0r
1y
0c
1i
#17319501353
0t
0s
0r
1y
0c
1i
#17319501772
1t
0s
0r
1y
0c
1i
#17319501875
1t
0s
1r
1y
0c
1i
#17319501878
1t
0s
0r
1y
0c
1i
#17319502443
0t
0s
0r
1y
0c
0i
#17319502861
1t
0s
0r
1y
0c
0i
#17319503527
0t
0s
0r
1y
0c
0i
#17319503947
1t
0s
0r
1y
0c
0i
#17319504614
0t
0s
0r
1y
0c
0i
#17319505032
1t
0s
0r
1y
0c
0i
#17319505702
0t
0s
0r
1y
0c
0i
#17319506118
1t
0s
0r
1y
0c
0i
#17319506783
0t
0s
0r
1y
0c
0i
#17319507202
1t
0s
0r
1y
0c
0i
#17319507867
0t
0s
0r
1y
0c
0i
#17319508283
1t
0s
0r
1y
0c
0i
#17319508950
0t
0s
0r
1y
0c
0i
#17319509364
1t
0s
0r
1y
0c
0i
#17319510027
0t
0s
0r
1y
0c
0i
#17319510442
1t
0s
0r
1y
0c
0i
#17319511106
0t
0s
0r
1y
0c
0i
#17319511520
1t
0s
0r
1y
0c
0i
#17319512186
0t
0s
0r
1y
0c
0i
#17319512598
1t
0s
0r
1y
0c
0i
#17319513259
0t
0s
0r
1y
0c
0i
#17319513673
1t
0s
0r
1y
0c
0i
#17319514336
0t
0s
0r
1y
0c
0i
#17319514750
1t
0s
0r
1y
0c
0i
#17319515417
0t
0s
0r
1y
0c
0i
#17319515829
1t
0s
0r
1y
0c
0i
#17319516491
0t
0s
0r
1y
0c
0i
#17319516906
1t
0s
0r
1y
0c
0i
#17319517568
0t
0s
0r
1y
0c
0i
#17319517985
1t
0s
0r
1y
0c
0i
#17319518649
0t
0s
0r
1y
0c
0i
#17319519064
1t
0s
0r
1y
0c
0i
#17319519725
0t
0s
0r
1y
0c
0i
#17319520141
1t
0s
0r
1y
0c
0i
#17319520804
0t
0s
0r
1y
0c
0i
#17319521220
1t
0s
0r
1y
0c
0i
#17319521885
0t
0s
0r
1y
0c
0i
#17319522299
1t
0s
0r
1y
0c
0i
#17319522960
0t
0s
0r
1y
0c
0i
#17319523377
1t
0s
0r
1y
0c
0i
#17319524038
0t
0s
0r
1y
0c
0i
#17319524455
1t
0s
0r
1y
0c
0i
#17319525119
0t
0s
0r
1y
0c
0i
#17319525534
1t
0s
0r
1y
0c
0i
#17319526195
0t
0s
0r
1y
0c
0i
#17319526611
1t
0s
0r
1y
0c
0i
#17319527273
0t
0s
0r
1y
0c
0i
#17319527690
1t
0s
0r
1y
0c
0i
#17319528354
0t
0s
0r
1y
0c
0i
#17319528771
1t
0s
0r
1y
0c
0i
#17319529431
0t
0s
0r
1y
0c
0i
#17319529851
1t
0s
0r
1y
1c
0i
#17319530514
0t
0s
0r
1y
1c
0i
#17319530932
1t
0s
0r
1y
1c
0i
#17319531601
0t
0s
0r
1y
1c
0i
#17319532018
1t
0s
0r
1y
1c
1i
#17319532683
0t
0s
0r
1y
1c
1i
#17319533103
1t
0s
0r
1y
1c
1i
#17319533771
0t
0s
0r
1y
1c
1i
#17319534190
1t
0s
0r
1y
1c
1i
#17319534862
0t
0s
0r
1y
1c
0i
#17319535280
1t
0s
0r
1y
1c
0i
#17319535947
0t
0s
0r
1y
1c
0i
#17319536366
1t
0s
0r
1y
1c
0i
#17319537034
0t
0s
0r
1y
1c
0i
#17319537453
1t
0s
0r
1y
1c
0i
#17319538123
0t
0s
0r
1y
1c
0i
#17319538541
1t
0s
0r
1y
1c
0i
#17319539205
0t
0s
0r
1y
1c
0i
#17319539626
1t
0s
0r
1y
1c
0i
#17319540290
0t
0s
0r
1y
1c
0i
#17319540710
1t
0s
0r
1y
1c
0i
#17319541376
0t
0s
0r
1y
1c
0i
#17319541794
1t
0s
0r
1y
1c
0i
#17319542455
0t
0s
0r
1y
1c
0i
#17319542874
1t
0s
0r
1y
1c
0i
#17319543536
0t
0s
0r
1y
1c
0i
#17319543954
1t
0s
0r
1y
1c
0i
#17319544618
0t
0s
0r
1y
1c
0i
#17319545036
1t
0s
0r
1y
1c
0i
#17319545694
0t
0s
0r
1y
1c
0i
#17319546114
1t
0s
0r
1y
1c
0i
#17319546773
0t
0s
0r
1y
1c
0i
#17319547192
1t
0s
0r
1y
1c
0i
#17319547854
0t
0s
0r
1y
1c
0i
#17319548271
1t
0s
0r
1y
1c
0i
#17319549987
0t
0s
0r
1y
1c
0i
#17319551191
1t
0s
0r
1y
1c
0i
#17319552178
0t
0s
0r
1y
1c
0i
#17319552583
1t
0s
0r
1y
1c
0i
#17319553248
0t
0s
0r
1y
1c
0i
#17319553663
1t
0s
0r
1y
1c
0i
#17319554325
0t
0s
0r
1y
1c
0i
#17319554741
1t
0s
0r
1y
1c
0i
#17319555402
0t
0s
0r
1y
1c
0i
#17319555820
1t
0s
0r
1y
1c
0i
#17319556482
0t
0s
0r
1y
1c
0i
#17319556898
1t
0s
0r
1y
1c
0i
#17319557562
0t
0s
0r
1y
1c
0i
#17319557977
1t
0s
0r
1y
1c
0i
#17319558637
0t
0s
0r
1y
1c
0i
#17319559053
1t
0s
0r
1y
1c
0i
#17319559715
0t
0s
0r
1y
1c
0i
#17319560130
1t
0s
0r
1y
1c
0i
#17319560794
0t
0s
0r
1y
1c
0i
#17319561211
1t
0s
0r
1y
1c
0i
#17319561871
0t
0s
0r
1y
0c
0i
#17319562289
1t
0s
0r
1y
0c
0i
#17319562952
0t
0s
0r
1y
0c
0i
#17319563369
1t
0s
0r
1y
0c
0i
#17319564036
0t
0s
0r
1y
0c
0i
#17319564452
1t
0s
0r
1y
0c
1i
#17319565117
0t
0s
0r
1y
0c
1i
#17319565535
1t
0s
0r
1y
0c
1i
#17319566201
0t
0s
0r
1y
0c
1i
#17319566620
1t
0s
0r
1y
0c
1i
#17319567289
0t
0s
0r
1y
0c
0i
#17319567707
1t
0s
0r
1y
0c
0i
#17319568372
0t
0s
0r
1y
0c
0i
#17319568791
1t
0s
0r
1y
0c
0i
#17319569457
0t
0s
0r
1y
0c
0i
#17319569874
1t
0s
0r
1y
0c
0i
#17319570542
0t
0s
0r
1y
0c
0i
#17319570958
1t
0s
0r
1y
0c
0i
#17319571620
0t
0s
0r
1y
0c
0i
#17319572038
1t
0s
0r
1y
0c
0i
#17319572700
0t
0s
0r
1y
0c
0i
#17319573116
1t
0s
0r
1y
0c
0i
#17319573780
0t
0s
0r
1y
0c
0i
#17319574193
1t
0s
0r
1y
0c
0i
#17319574852
0t
0s
0r
1y
0c
0i
#17319575266
1t
0s
0r
1y
0c
0i
#17319575925
0t
0s
0r
1y
0c
0i
#17319576337
1t
0s
0r
1y
0c
0i
#17319576998
0t
0s
0r
1y
0c
0i
#17319577409
1t
0s
0r
1y
0c
0i
#17319578065
0t
0s
0r
1y
0c
0i
#17319578478
1t
0s
0r
1y
0c
0i
#17319579136
0t
0s
0r
1y
0c
0i
#17319579548
1t
0s
0r
1y
0c
0i
#17319580209
0t
0s
0r
1y
0c
0i
#17319580619
1t
0s
0r
1y
0c
0i
#17319581277
0t
0s
0r
1y
0c
0i
#17319581690
1t
0s
0r
1y
0c
0i
#17319582348
0t
0s
0r
1y
0c
0i
#17319582762
1t
0s
0r
1y
0c
0i
#17319583423
0t
0s
0r
1y
0c
0i
#17319583835
1t
0s
0r
1y
0c
0i
#17319584491
0t
0s
0r
1y
0c
0i
#17319584906
1t
0s
0r
1y
0c
0i
#17319585564
0t
0s
0r
1y
0c
0i
#17319585978
1t
0s
0r
1y
0c
0i
#17319586639
0t
0s
0r
1y
0c
0i
#17319587051
1t
0s
0r
1y
0c
0i
#17319587707
0t
0s
0r
1y
0c
0i
#17319588123
1t
0s
0r
1y
0c
0i
#17319588779
0t
0s
0r
1y
0c
0i
#17319589194
1t
0s
0r
1y
0c
0i
#17319589854
0t
0s
0r
1y
0c
0i
#17319590267
1t
0s
0r
1y
0c
0i
#17319590923
0t
0s
0r
1y
0c
0i
#17319591337
1t
0s
0r
1y
0c
0i
#17319591995
0t
0s
0r
1y
0c
0i
#17319592409
1t
0s
0r
1y
0c
0i
#17319593069
0t
0s
0r
1y
0c
0i
#17319593484
1t
0s
0r
1y
0c
0i
#17319594140
0t
0s
0r
1y
0c
0i
#17319594556
1t
0s
0r
1y
0c
0i
#17319595215
0t
0s
0r
1y
1c
0i
#17319595631
1t
0s
0r
1y
1c
0i
#17319596294
0t
0s
0r
1y
1c
0i
#17319596708
1t
0s
0r
1y
1c
1i
#17319597369
0t
0s
0r
1y
1c
1i
#17319597786
1t
0s
0r
1y
1c
1i
#17319598448
0t
0s
0r
1y
1c
1i
#17319598866
1t
0s
0r
1y
1c
1i
#17319599531
0t
0s
0r
1y
1c
0i
#17319599947
1t
0s
0r
1y
1c
0i
#17319600609
0t
0s
0r
1y
1c
0i
#17319601026
1t
0s
0r
1y
1c
0i
#17319601689
0t
0s
0r
1y
1c
0i
#17319602105
1t
0s
0r
1y
1c
0i
#17319602770
0t
0s
0r
1y
1c
0i
#17319603185
1t
0s
0r
1y
1c
0i
#17319603844
0t
0s
0r
1y
1c
0i
#17319604262
1t
0s
0r
1y
1c
0i
#17319604921
0t
0s
0r
1y
1c
0i
#17319605338
1t
0s
0r
1y
1c
0i
#17319605999
0t
0s
0r
1y
1c
0i
#17319606414
1t
0s
0r
1y
1c
0i
#17319607070
0t
0s
0r
1y
1c
0i
#17319607487
1t
0s
0r
1y
1c
0i
#17319608143
0t
0s
0r
1y
1c
0i
#17319608558
1t
0s
0r
1y
1c
0i
#17319609216
0t
0s
0r
1y
1c
0i
#17319609632
1t
0s
0r
1y
1c
0i
#17319610285
0t
0s
0r
1y
1c
0i
#17319610702
1t
0s
0r
1y
1c
0i
#17319611356
0t
0s
0r
1y
1c
0i
#17319611772
1t
0s
0r
1y
1c
0i
#17319612429
0t
0s
0r
1y
1c
0i
#17319612843
1t
0s
0r
1y
1c
0i
#17319614546
0t
0s
0r
1y
1c
0i
#17319615740
1t
0s
0r
1y
1c
0i
#17319616722
0t
0s
0r
1y
1c
0i
#17319617123
1t
0s
0r
1y
1c
0i
#17319617783
0t
0s
0r
1y
1c
0i
#17319618196
1t
0s
0r
1y
1c
0i
#17319618853
0t
0s
0r
1y
1c
0i
#17319619267
1t
0s
0r
1y
1c
0i
#17319619923
0t
0s
0r
1y
1c
0i
#17319620338
1t
0s
0r
1y
1c
0i
#17319620995
0t
0s
0r
1y
1c
0i
#17319621408
1t
0s
0r
1y
1c
0i
#17319622067
0t
0s
0r
1y
1c
0i
#17319622479
1t
0s
0r
1y
1c
0i
#17319623134
0t
0s
0r
1y
1c
0i
#17319623548
1t
0s
0r
1y
1c
0i
#17319624205
0t
0s
0r
1y
1c
0i
#17319624618
1t
0s
0r
1y
1c
0i
#17319625276
0t
0s
0r
1y
1c
0i
#17319625690
1t
0s
0r
1y
1c
0i
#17319626345
0t
0s
0r
1y
1c
0i
#17319626761
1t
0s
0r
1y
1c
0i
#17319627418
0t
0s
0r
1y
0c
0i
#17319627832
1t
0s
0r
1y
0c
0i
#17319628494
0t
0s
0r
1y
0c
0i
#17319628907
1t
0s
0r
1y
0c
1i
#17319629566
0t
0s
0r
1y
0c
1i
#17319629982
1t
0s
0r
1y
0c
1i
#17319630642
0t
0s
0r
1y
0c
1i
#17319631059
1t
0s
0r
1y
0c
1i
#17319631208
1t
0s
1r
1y
0c
1i
#17319631211
1t
0s
0r
1y
0c
1i
#17319631723
0t
0s
0r
1y
0c
0i
#17319632137
1t
0s
0r
1y
0c
0i
#17319632797
0t
0s
0r
1y
0c
0i
#17319633213
1t
0s
0r
1y
0c
0i
#17319633874
0t
0s
0r
1y
0c
0i
#17319634289
1t
0s
0r
1y
0c
0i
#17319634952
0t
0s
0r
1y
0c
0i
#17319635366
1t
0s
0r
1y
0c
0i
#17319636025
0t
0s
0r
1y
0c
0i
#17319636441
1t
0s
0r
1y
0c
0i
#17319637101
0t
0s
0r
1y
0c
0i
#17319637515
1t
0s
0r
1y
0c
0i
#17319638178
0t
0s
0r
1y
0c
0i
#17319638591
1t
0s
0r
1y
0c
0i
#17319639251
0t
0s
0r
1y
0c
0i
#17319639665
1t
0s
0r
1y
0c
0i
#17319640326
0t
0s
0r
1y
0c
0i
#17319640739
1t
0s
0r
1y
0c
0i
#17319641404
0t
0s
0r
1y
0c
0i
#17319641816
1t
0s
0r
1y
0c
0i
#17319642476
0t
0s
0r
1y
0c
0i
#17319642890
1t
0s
0r
1y
0c
0i
#17319643552
0t
0s
0r
1y
0c
0i
#17319643965
1t
0s
0r
1y
0c
0i
#17319644631
0t
0s
0r
1y
0c
0i
#17319645043
1t
0s
0r
1y
0c
0i
#17319645704
0t
0s
0r
1y
0c
0i
#17319646119
1t
0s
0r
1y
0c
0i
#17319646780
0t
0s
0r
1y
0c
0i
#17319647196
1t
0s
0r
1y
0c
0i
#17319647861
0t
0s
0r
1y
0c
0i
#17319648275
1t
0s
0r
1y
0c
0i
#17319648935
0t
0s
0r
1y
0c
0i
#17319649350
1t
0s
0r
1y
0c
0i
#17319650013
0t
0s
0r
1y
0c
0i
#17319650427
1t
0s
0r
1y
0c
0i
#17319651092
0t
0s
0r
1y
0c
0i
#17319651506
1t
0s
0r
1y
0c
0i
#17319652165
0t
0s
0r
1y
0c
0i
#17319652582
1t
0s
0r
1y
0c
0i
#17319653242
0t
0s
0r
1y
0c
0i
#17319653658
1t
0s
0r
1y
0c
0i
#17319654322
0t
0s
0r
1y
0c
0i
#17319654736
1t
0s
0r
1y
0c
0i
#17319655395
0t
0s
0r
1y
0c
0i
#17319655812
1t
0s
0r
1y
0c
0i
#17319656473
0t
0s
0r
1y
0c
0i
#17319656889
1t
0s
0r
1y
0c
0i
#17319657552
0t
0s
0r
1y
0c
0i
#17319657969
1t
0s
0r
1y
0c
0i
#17319658628
0t
0s
0r
1y
0c
0i
#17319659047
1t
0s
0r
1y
0c
0i
#17319659710
0t
0s
0r
1y
1c
0i
#17319660127
1t
0s
0r
1y
1c
0i
#17319660795
0t
0s
0r
1y
1c
0i
#17319661211
1t
0s
0r
1y
1c
1i
#17319661876
0t
0s
0r
1y
1c
1i
#17319662294
1t
0s
0r
1y
1c
1i
#17319662961
0t
0s
0r
1y
1c
1i
#17319663380
1t
0s
0r
1y
1c
1i
#17319664049
0t
0s
0r
1y
1c
0i
#17319664467
1t
0s
0r
1y
1c
0i
#17319665132
0t
0s
0r
1y
1c
0i
#17319665551
1t
0s
0r
1y
1c
0i
#17319666217
0t
0s
0r
1y
1c
0i
#17319666636
1t
0s
0r
1y
1c
0i
#17319667304
0t
0s
0r
1y
1c
0i
#17319667721
1t
0s
0r
1y
1c
0i
#17319668384
0t
0s
0r
1y
1c
0i
#17319668805
1t
0s
0r
1y
1c
0i
#17319669467
0t
0s
0r
1y
1c
0i
#17319669887
1t
0s
0r
1y
1c
0i
#17319670554
0t
0s
0r
1y
1c
0i
#17319670972
1t
0s
0r
1y
1c
0i
#17319671633
0t
0s
0r
1y
1c
0i
#17319672053
1t
0s
0r
1y
1c
0i
#17319672716
0t
0s
0r
1y
1c
0i
#17319673135
1t
0s
0r
1y
1c
0i
#17319673801
0t
0s
0r
1y
1c
0i
#17319674221
1t
0s
0r
1y
1c
0i
#17319674881
0t
0s
0r
1y
1c
0i
#17319675303
1t
0s
0r
1y
1c
0i
#17319675966
0t
0s
0r
1y
1c
0i
#17319676386
1t
0s
0r
1y
1c
0i
#17319677052
0t
0s
0r
1y
1c
0i
#17319677471
1t
0s
0r
1y
1c
0i
#17319679195
0t
0s
0r
1y
1c
0i
#17319680403
1t
0s
0r
1y
1c
0i
#17319681396
0t
0s
0r
1y
1c
0i
#17319681802
1t
0s
0r
1y
1c
0i
#17319682469
0t
0s
0r
1y
1c
0i
#17319682886
1t
0s
0r
1y
1c
0i
#17319683551
0t
0s
0r
1y
1c
0i
#17319683968
1t
0s
0r
1y
1c
0i
#17319684633
0t
0s
0r
1y
1c
0i
#17319685052
1t
0s
0r
1y
1c
0i
#17319685716
0t
0s
0r
1y
1c
0i
#17319686133
1t
0s
0r
1y
1c
0i
#17319686799
0t
0s
0r
1y
1c
0i
#17319687216
1t
0s
0r
1y
1c
0i
#17319687878
0t
0s
0r
1y
1c
0i
#17319688296
1t
0s
0r
1y
1c
0i
#17319688960
0t
0s
0r
1y
1c
0i
#17319689377
1t
0s
0r
1y
1c
0i
#17319690043
0t
0s
0r
1y
1c
0i
#17319690461
1t
0s
0r
1y
1c
0i
#17319691124
0t
0s
0r
1y
1c
0i
#17319691543
1t
0s
0r
1y
1c
0i
#17319692208
0t
0s
0r
1y
0c
0i
#17319692627
1t
0s
0r
1y
0c
0i
#17319693297
0t
0s
0r
1y
0c
0i
#17319693714
1t
0s
0r
1y
0c
1i
#17319694381
0t
0s
0r
1y
0c
1i
#17319694801
1t
0s
0r
1y
0c
1i
#17319695470
0t
0s
0r
1y
0c
1i
#17319695890
1t
0s
0r
1y
0c
1i
#17319696562
0t
0s
0r
1y
0c
0i
#17319696981
1t
0s
0r
1y
0c
0i
#17319697648
0t
0s
0r
1y
0c
0i
#17319698068
1t
0s
0r
1y
0c
0i
#17319698737
0t
0s
0r
1y
0c
0i
#17319699156
1t
0s
0r
1y
0c
0i
#17319699828
0t
0s
0r
1y
0c
0i
#17319700245
1t
0s
0r
1y
0c
0i
#17319700912
0t
0s
0r
1y
0c
0i
#17319701332
1t
0s
0r
1y
0c
0i
#17319701999
0t
0s
0r
1y
0c
0i
#17319702418
1t
0s
0r
1y
0c
0i
#17319703088
0t
0s
0r
1y
0c
0i
#17319703505
1t
0s
0r
1y
0c
0i
#17319704171
0t
0s
0r
1y
0c
0i
#17319704590
1t
0s
0r
1y
0c
0i
#17319705258
0t
0s
0r
1y
0c
0i
#17319705675
1t
0s
0r
1y
0c
0i
#17319706346
0t
0s
0r
1y
0c
0i
#17319706761
1t
0s
0r
1y
0c
0i
#17319707428
0t
0s
0r
1y
0c
0i
#17319707845
1t
0s
0r
1y
0c
0i
#17319708514
0t
0s
0r
1y
0c
0i
#17319708930
1t
0s
0r
1y
0c
0i
#17319709602
0t
0s
0r
1y
0c
0i
#17319710017
1t
0s
0r
1y
0c
0i
#17319710683
0t
0s
0r
1y
0c
0i
#17319711102
1t
0s
0r
1y
0c
0i
#17319711769
0t
0s
0r
1y
0c
0i
#17319712188
1t
0s
0r
1y
0c
0i
#17319712857
0t
0s
0r
1y
0c
0i
#17319713274
1t
0s
0r
1y
0c
0i
#17319713939
0t
0s
0r
1y
0c
0i
#17319714358
1t
0s
0r
1y
0c
0i
#17319715024
0t
0s
0r
1y
0c
0i
#17319715442
1t
0s
0r
1y
0c
0i
#17319716111
0t
0s
0r
1y
0c
0i
#17319716528
1t
0s
0r
1y
0c
0i
#17319717192
0t
0s
0r
1y
0c
0i
#17319717611
1t
0s
0r
1y
0c
0i
#17319718276
0t
0s
0r
1y
0c
0i
#17319718694
1t
0s
0r
1y
0c
0i
#17319719362
0t
0s
0r
1y
0c
0i
#17319719779
1t
0s
0r
1y
0c
0i
#17319720443
0t
0s
0r
1y
0c
0i
#17319720861
1t
0s
0r
1y
0c
0i
#17319721527
0t
0s
0r
1y
0c
0i
#17319721945
1t
0s
0r
1y
0c
0i
#17319722612
0t
0s
0r
1y
0c
0i
#17319723032
1t
0s
0r
1y
0c
0i
#17319723695
0t
0s
0r
1y
0c
0i
#17319724116
1t
0s
0r
1y
0c
0i
#17319724782
0t
0s
0r
1y
1c
0i
#17319725203
1t
0s
0r
1y
1c
0i
#17319725874
0t
0s
0r
1y
1c
0i
#17319726293
1t
0s
0r
1y
1c
1i
#17319726962
0t
0s
0r
1y
1c
1i
#17319727383
1t
0s
0r
1y
1c
1i
#17319728054
0t
0s
0r
1y
1c
1i
#17319728475
1t
0s
0r
1y
1c
1i
#17319729150
0t
0s
0r
1y
1c
0i
#17319729570
1t
0s
0r
1y
1c
0i
#17319730240
0t
0s
0r
1y
1c
0i
#17319730662
1t
0s
0r
1y
1c
0i
#17319731333
0t
0s
0r
1y
1c
0i
#17319731754
1t
0s
0r
1y
1c
0i
#17319732427
0t
0s
0r
1y
1c
0i
#17319732847
1t
0s
0r
1y
1c
0i
#17319733514
0t
0s
0r
1y
1c
0i
#17319733936
1t
0s
0r
1y
1c
0i
#17319734604
0t
0s
0r
1y
1c
0i
#17319735025
1t
0s
0r
1y
1c
0i
#17319735695
0t
0s
0r
1y
1c
0i
#17319736115
1t
0s
0r
1y
1c
0i
#17319736780
0t
0s
0r
1y
1c
0i
#17319737201
1t
0s
0r
1y
1c
0i
#17319737867
0t
0s
0r
1y
1c
0i
#17319738287
1t
0s
0r
1y
1c
0i
#17319738954
0t
0s
0r
1y
1c
0i
#17319739374
1t
0s
0r
1y
1c
0i
#17319740037
0t
0s
0r
1y
1c
0i
#17319740459
1t
0s
0r
1y
1c
0i
#17319741123
0t
0s
0r
1y
1c
0i
#17319741544
1t
0s
0r
1y
1c
0i
#17319742211
0t
0s
0r
1y
1c
0i
#17319742631
1t
0s
0r
1y
1c
0i
#17319744358
0t
0s
0r
1y
1c
0i
#17319745569
1t
0s
0r
1y
1c
0i
#17319746563
0t
0s
0r
1y
1c
0i
#17319746970
1t
0s
0r
1y
1c
0i
#17319747639
0t
0s
0r
1y
1c
0i
#17319748057
1t
0s
0r
1y
1c
0i
#17319748723
0t
0s
0r
1y
1c
0i
#17319749141
1t
0s
0r
1y
1c
0i
#17319749808
0t
0s
0r
1y
1c
0i
#17319750227
1t
0s
0r
1y
1c
0i
#17319750893
0t
0s
0r
1y
1c
0i
#17319751311
1t
0s
0r
1y
1c
0i
#17319751979
0t
0s
0r
1y
1c
0i
#17319752396
1t
0s
0r
1y
1c
0i
#17319753060
0t
0s
0r
1y
1c
0i
#17319753479
1t
0s
0r
1y
1c
0i
#17319754145
0t
0s
0r
1y
1c
0i
#17319754562
1t
0s
0r
1y
1c
0i
#17319755231
0t
0s
0r
1y
1c
0i
#17319755650
1t
0s
0r
1y
1c
0i
#17319756313
0t
0s
0r
1y
1c
0i
#17319756734
1t
0s
0r
1y
1c
0i
#17319757401
0t
0s
0r
1y
0c
0i
#17319757820
1t
0s
0r
1y
0c
0i
#17319758492
0t
0s
0r
1y
0c
0i
#17319758910
1t
0s
0r
1y
0c
1i
#17319759579
0t
0s
0r
1y
0c
1i
#17319759999
1t
0s
0r
1y
0c
1i
#17319760670
0t
0s
0r
1y
0c
1i
#17319761085
0t
0s
1r
1y
0c
1i
#17319761088
0t
0s
0r
1y
0c
1i
#17319761091
1t
0s
0r
1y
0c
1i
#17319761765
0t
0s
0r
1y
0c
0i
#17319762185
1t
0s
0r
1y
0c
0i
#17319762855
0t
0s
0r
1y
0c
0i
#17319763275
1t
0s
0r
1y
0c
0i
#17319763947
0t
0s
0r
1y
0c
0i
#17319764366
1t
0s
0r
1y
0c
0i
#17319765040
0t
0s
0r
1y
0c
0i
#17319765458
1t
0s
0r
1y
0c
0i
#17319766127
0t
0s
0r
1y
0c
0i
#17319766548
1t
0s
0r
1y
0c
0i
#17319767217
0t
0s
0r
1y
0c
0i
#17319767637
1t
0s
0r
1y
0c
0i
#17319768309
0t
0s
0r
1y
0c
0i
#17319768727
1t
0s
0r
1y
0c
0i
#17319769396
0t
0s
0r
1y
0c
0i
#17319769815
1t
0s
0r
1y
0c
0i
#17319770485
0t
0s
0r
1y
0c
0i
#17319770902
1t
0s
0r
1y
0c
0i
#17319771576
0t
0s
0r
1y
0c
0i
#17319771991
1t
0s
0r
1y
0c
0i
#17319772660
0t
0s
0r
1y
0c
0i
#17319773077
1t
0s
0r
1y
0c
0i
#17319773747
0t
0s
0r
1y
0c
0i
#17319774164
1t
0s
0r
1y
0c
0i
#17319774837
0t
0s
0r
1y
0c
0i
#17319775252
1t
0s
0r
1y
0c
0i
#17319775921
0t
0s
0r
1y
0c
0i
#17319776339
1t
0s
0r
1y
0c
0i
#17319777008
0t
0s
0r
1y
0c
0i
#17319777427
1t
0s
0r
1y
0c
0i
#17319778097
0t
0s
0r
1y
0c
0i
#17319778515
1t
0s
0r
1y
0c
0i
#17319779182
0t
0s
0r
1y
0c
0i
#17319779601
1t
0s
0r
1y
0c
0i
#17319780269
0t
0s
0r
1y
0c
0i
#17319780687
1t
0s
0r
1y
0c
0i
#17319781359
0t
0s
0r
1y
0c
0i
#17319781776
1t
0s
0r
1y
0c
0i
#17319782442
0t
0s
0r
1y
0c
0i
#17319782862
1t
0s
0r
1y
0c
0i
#17319783529
0t
0s
0r
1y
0c
0i
#17319783948
1t
0s
0r
1y
0c
0i
#17319784618
0t
0s
0r
1y
0c
0i
#17319785036
1t
0s
0r
1y
0c
0i
#17319785702
0t
0s
0r
1y
0c
0i
#17319786122
1t
0s
0r
1y
0c
0i
#17319786789
0t
0s
0r
1y
0c
0i
#17319787209
1t
0s
0r
1y
0c
0i
#17319787879
0t
0s
0r
1y
0c
0i
#17319788299
1t
0s
0r
1y
0c
0i
#17319788965
0t
0s
0r
1y
0c
0i
#17319789387
1t
0s
0r
1y
0c
0i
#17319790057
0t
0s
0r
1y
1c
0i
#17319790478
1t
0s
0r
1y
1c
0i
#17319791152
0t
0s
0r
1y
1c
0i
#17319791572
1t
0s
0r
1y
1c
1i
#17319792243
0t
0s
0r
1y
1c
1i
#17319792666
1t
0s
0r
1y
1c
1i
#17319793339
0t
0s
0r
1y
1c
1i
#17319793761
1t
0s
0r
1y
1c
1i
#17319794438
0t
0s
0r
1y
1c
0i
#17319794859
1t
0s
0r
1y
1c
0i
#17319795531
0t
0s
0r
1y
1c
0i
#17319795954
1t
0s
0r
1y
1c
0i
#17319796627
0t
0s
0r
1y
1c
0i
#17319797049
1t
0s
0r
1y
1c
0i
#17319797725
0t
0s
0r
1y
1c
0i
#17319798145
1t
0s
0r
1y
1c
0i
#17319798814
0t
0s
0r
1y
1c
0i
#17319799238
1t
0s
0r
1y
1c
0i
#17319799907
0t
0s
0r
1y
1c
0i
#17319800330
1t
0s
0r
1y
1c
0i
#17319801001
0t
0s
0r
1y
1c
0i
#17319801422
1t
0s
0r
1y
1c
0i
#17319802087
0t
0s
0r
1y
1c
0i
#17319802509
1t
0s
0r
1y
1c
0i
#17319803175
0t
0s
0r
1y
1c
0i
#17319803596
1t
0s
0r
1y
1c
0i
#17319804264
0t
0s
0r
1y
1c
0i
#17319804684
1t
0s
0r
1y
1c
0i
#17319805347
0t
0s
0r
1y
1c
0i
#17319805769
1t
0s
0r
1y
1c
0i
#17319806432
0t
0s
0r
1y
1c
0i
#17319806853
1t
0s
0r
1y
1c
0i
#17319807520
0t
0s
0r
1y
1c
0i
#17319807940
1t
0s
0r
1y
1c
0i
#17319809666
0t
0s
0r
1y
1c
0i
#17319810877
1t
0s
0r
1y
1c
0i
#17319811871
0t
0s
0r
1y
1c
0i
#17319812278
1t
0s
0r
1y
1c
0i
#17319812947
0t
0s
0r
1y
1c
0i
#17319813365
1t
0s
0r
1y
1c
0i
#17319814032
0t
0s
0r
1y
1c
0i
#17319814450
1t
0s
0r
1y
1c
0i
#17319815117
0t
0s
0r
1y
1c
0i
#17319815537
1t
0s
0r
1y
1c
0i
#17319816203
0t
0s
0r
1y
1c
0i
#17319816621
1t
0s
0r
1y
1c
0i
#17319817289
0t
0s
0r
1y
1c
0i
#17319817707
1t
0s
0r
1y
1c
0i
#17319818371
0t
0s
0r
1y
1c
0i
#17319818790
1t
0s
0r
1y
1c
0i
#17319819456
0t
0s
0r
1y
1c
0i
#17319819874
1t
0s
0r
1y
1c
0i
#17319820543
0t
0s
0r
1y
1c
0i
#17319820962
1t
0s
0r
1y
1c
0i
#17319821627
0t
0s
0r
1y
1c
0i
#17319822047
1t
0s
0r
1y
1c
0i
#17319822714
0t
0s
0r
1y
0c
0i
#17319823134
1t
0s
0r
1y
0c
0i
#17319823806
0t
0s
0r
1y
0c
0i
#17319824225
1t
0s
0r
1y
0c
1i
#17319824894
0t
0s
0r
1y
0c
1i
#17319825315
1t
0s
0r
1y
0c
1i
#17319825986
0t
0s
0r
1y
0c
1i
#17319826408
1t
0s
0r
1y
0c
1i
#17319827082
0t
0s
0r
1y
0c
0i
#17319827502
1t
0s
0r
1y
0c
0i
#17319828172
0t
0s
0r
1y
0c
0i
#17319828593
1t
0s
0r
1y
0c
0i
#17319829264
0t
0s
0r
1y
0c
0i
#17319829684
1t
0s
0r
1y
0c
0i
#17319830358
0t
0s
0r
1y
0c
0i
#17319830776
1t
0s
0r
1y
0c
0i
#17319831445
0t
0s
0r
1y
0c
0i
#17319831866
1t
0s
0r
1y
0c
0i
#17319832535
0t
0s
0r
1y
0c
0i
#17319832954
1t
0s
0r
1y
0c
0i
#17319833625
0t
0s
0r
1y
0c
0i
#17319834042
1t
0s
0r
1y
0c
0i
#17319834710
0t
0s
0r
1y
0c
0i
#17319835128
1t
0s
0r
1y
0c
0i
#17319835796
0t
0s
0r
1y
0c
0i
#17319836213
1t
0s
0r
1y
0c
0i
#17319836883
0t
0s
0r
1y
0c
0i
#17319837298
1t
0s
0r
1y
0c
0i
#17319837964
0t
0s
0r
1y
0c
0i
#17319838381
1t
0s
0r
1y
0c
0i
#17319839048
0t
0s
0r
1y
0c
0i
#17319839465
1t
0s
0r
1y
0c
0i
#17319840135
0t
0s
0r
1y
0c
0i
#17319840550
1t
0s
0r
1y
0c
0i
#17319841216
0t
0s
0r
1y
0c
0i
#17319841633
1t
0s
0r
1y
0c
0i
#17319842300
0t
0s
0r
1y
0c
0i
#17319842719
1t
0s
0r
1y
0c
0i
#17319843387
0t
0s
0r
1y
0c
0i
#17319843805
1t
0s
0r
1y
0c
0i
#17319844469
0t
0s
0r
1y
0c
0i
#17319844888
1t
0s
0r
1y
0c
0i
#17319845555
0t
0s
0r
1y
0c
0i
#17319845972
1t
0s
0r
1y
0c
0i
#17319846642
0t
0s
0r
1y
0c
0i
#17319847058
1t
0s
0r
1y
0c
0i
#17319847723
0t
0s
0r
1y
0c
0i
#17319848142
1t
0s
0r
1y
0c
0i
#17319848808
0t
0s
0r
1y
0c
0i
#17319849226
1t
0s
0r
1y
0c
0i
#17319849895
0t
0s
0r
1y
0c
0i
#17319850312
1t
0s
0r
1y
0c
0i
#17319850976
0t
0s
0r
1y
0c
0i
#17319851395
1t
0s
0r
1y
0c
0i
#17319852060
0t
0s
0r
1y
0c
0i
#17319852479
1t
0s
0r
1y
0c
0i
#17319853146
0t
0s
0r
1y
0c
0i
#17319853566
1t
0s
0r
1y
0c
0i
#17319854229
0t
0s
0r
1y
0c
0i
#17319854650
1t
0s
0r
1y
1c
0i
#17319855317
0t
0s
0r
1y
1c
0i
#17319855737
1t
0s
0r
1y
1c
0i
#17319856408
0t
0s
0r
1y
1c
0i
#17319856827
1t
0s
0r
1y
1c
1i
#17319857495
0t
0s
0r
1y
1c
1i
#17319857916
1t
0s
0r
1y
1c
1i
#17319858587
0t
0s
0r
1y
1c
1i
#17319859008
1t
0s
0r
1y
1c
1i
#17319859682
0t
0s
0r
1y
1c
0i
#17319860102
1t
0s
0r
1y
1c
0i
#17319860771
0t
0s
0r
1y
1c
0i
#17319861192
1t
0s
0r
1y
1c
0i
#17319861863
0t
0s
0r
1y
1c
0i
#17319862283
1t
0s
0r
1y
1c
0i
#17319862956
0t
0s
0r
1y
1c
0i
#17319863375
1t
0s
0r
1y
1c
0i
#17319864042
0t
0s
0r
1y
1c
0i
#17319864465
1t
0s
0r
1y
1c
0i
#17319865132
0t
0s
0r
1y
1c
0i
#17319865554
1t
0s
0r
1y
1c
0i
#17319866223
0t
0s
0r
1y
1c
0i
#17319866643
1t
0s
0r
1y
1c
0i
#17319867309
0t
0s
0r
1y
1c
0i
#17319867730
1t
0s
0r
1y
1c
0i
#17319868396
0t
0s
0r
1y
1c
0i
#17319868817
1t
0s
0r
1y
1c
0i
#17319869485
0t
0s
0r
1y
1c
0i
#17319869906
1t
0s
0r
1y
1c
0i
#17319870570
0t
0s
0r
1y
1c
0i
#17319870992
1t
0s
0r
1y
1c
0i
#17319871657
0t
0s
0r
1y
1c
0i
#17319872078
1t
0s
0r
1y
1c
0i
#17319872746
0t
0s
0r
1y
1c
0i
#17319873166
1t
0s
0r
1y
1c
0i
#17319874896
0t
0s
0r
1y
1c
0i
#17319876108
1t
0s
0r
1y
1c
0i
#17319877104
0t
0s
0r
1y
1c
0i
#17319877511
1t
0s
0r
1y
1c
0i
#17319878181
0t
0s
0r
1y
1c
0i
#17319878599
1t
0s
0r
1y
1c
0i
#17319879267
0t
0s
0r
1y
1c
0i
#17319879686
1t
0s
0r
1y
1c
0i
#17319880353
0t
0s
0r
1y
1c
0i
#17319880773
1t
0s
0r
1y
1c
0i
#17319881441
0t
0s
0r
1y
1c
0i
#17319881859
1t
0s
0r
1y
1c
0i
#17319882528
0t
0s
0r
1y
1c
0i
#17319882946
1t
0s
0r
1y
1c
0i
#17319883612
0t
0s
0r
1y
1c
0i
#17319884031
1t
0s
0r
1y
1c
0i
#17319884698
0t
0s
0r
1y
1c
0i
#17319885117
1t
0s
0r
1y
1c
0i
#17319885786
0t
0s
0r
1y
1c
0i
#17319886206
1t
0s
0r
1y
1c
0i
#17319886871
0t
0s
0r
1y
1c
0i
#17319887292
1t
0s
0r
1y
0c
0i
#17319887960
0t
0s
0r
1y
0c
0i
#17319888381
1t
0s
0r
1y
0c
0i
#17319889053
0t
0s
0r
1y
0c
0i
#17319889472
1t
0s
0r
1y
0c
1i
#17319890142
0t
0s
0r
1y
0c
1i
#17319890563
1t
0s
0r
1y
0c
1i
#17319891236
0t
0s
0r
1y
0c
1i
#17319891657
1t
0s
0r
1y
0c
1i
#17319891711
1t
0s
1r
1y
0c
1i
#17319891714
1t
0s
0r
1y
0c
1i
#17319892332
0t
0s
0r
1y
0c
0i
#17319892752
1t
0s
0r
1y
0c
0i
#17319893423
0t
0s
0r
1y
0c
0i
#17319893844
1t
0s
0r
1y
0c
0i
#17319894516
0t
0s
0r
1y
0c
0i
#17319894936
1t
0s
0r
1y
0c
0i
#17319895611
0t
0s
0r
1y
0c
0i
#17319896030
1t
0s
0r
1y
0c
0i
#17319896699
0t
0s
0r
1y
0c
0i
#17319897121
1t
0s
0r
1y
0c
0i
#17319897790
0t
0s
0r
1y
0c
0i
#17319898210
1t
0s
0r
1y
0c
0i
#17319898882
0t
0s
0r
1y
0c
0i
#17319899300
1t
0s
0r
1y
0c
0i
#17319899969
0t
0s
0r
1y
0c
0i
#17319900387
1t
0s
0r
1y
0c
0i
#17319901056
0t
0s
0r
1y
0c
0i
#17319901473
1t
0s
0r
1y
0c
0i
#17319902145
0t
0s
0r
1y
0c
0i
#17319902560
1t
0s
0r
1y
0c
0i
#17319903227
0t
0s
0r
1y
0c
0i
#17319903644
1t
0s
0r
1y
0c
0i
#17319904312
0t
0s
0r
1y
0c
0i
#17319904728
1t
0s
0r
1y
0c
0i
#17319905400
0t
0s
0r
1y
0c
0i
#17319905815
1t
0s
0r
1y
0c
0i
#17319906482
0t
0s
0r
1y
0c
0i
#17319906900
1t
0s
0r
1y
0c
0i
#17319907567
0t
0s
0r
1y
0c
0i
#17319907986
1t
0s
0r
1y
0c
0i
#17319908656
0t
0s
0r
1y
0c
0i
#17319909073
1t
0s
0r
1y
0c
0i
#17319909739
0t
0s
0r
1y
0c
0i
#17319910158
1t
0s
0r
1y
0c
0i
#17319910825
0t
0s
0r
1y
0c
0i
#17319911244
1t
0s
0r
1y
0c
0i
#17319911914
0t
0s
0r
1y
0c
0i
#17319912331
1t
0s
0r
1y
0c
0i
#17319912997
0t
0s
0r
1y
0c
0i
#17319913416
1t
0s
0r
1y
0c
0i
#17319914083
0t
0s
0r
1y
0c
0i
#17319914501
1t
0s
0r
1y
0c
0i
#17319915171
0t
0s
0r
1y
0c
0i
#17319915588
1t
0s
0r
1y
0c
0i
#17319916253
0t
0s
0r
1y
0c
0i
#17319916673
1t
0s
0r
1y
0c
0i
#17319917339
0t
0s
0r
1y
0c
0i
#17319917758
1t
0s
0r
1y
0c
0i
#17319918427
0t
0s
0r
1y
0c
0i
#17319918847
1t
0s
0r
1y
0c
0i
#17319919511
0t
0s
0r
1y
0c
0i
#17319919933
1t
0s
0r
1y
1c
0i
#17319920601
0t
0s
0r
1y
1c
0i
#17319921022
1t
0s
0r
1y
1c
0i
#17319921694
0t
0s
0r
1y
1c
0i
#17319922114
1t
0s
0r
1y
1c
1i
#17319922784
0t
0s
0r
1y
1c
1i
#17319923206
1t
0s
0r
1y
1c
1i
#17319923878
0t
0s
0r
1y
1c
1i
#17319924300
1t
0s
0r
1y
1c
1i
#17319924976
0t
0s
0r
1y
1c
0i
#17319925396
1t
0s
0r
1y
1c
0i
#17319926067
0t
0s
0r
1y
1c
0i
#17319926489
1t
0s
0r
1y
1c
0i
#17319927162
0t
0s
0r
1y
1c
0i
#17319927583
1t
0s
0r
1y
1c
0i
#17319928258
0t
0s
0r
1y
1c
0i
#17319928678
1t
0s
0r
1y
1c
0i
#17319929346
0t
0s
0r
1y
1c
0i
#17319929770
1t
0s
0r
1y
1c
0i
#17319930439
0t
0s
0r
1y
1c
0i
#17319930862
1t
0s
0r
1y
1c
0i
#17319931533
0t
0s
0r
1y
1c
0i
#17319931953
1t
0s
0r
1y
1c
0i
#17319932619
0t
0s
0r
1y
1c
0i
#17319933042
1t
0s
0r
1y
1c
0i
#17319933709
0t
0s
0r
1y
1c
0i
#17319934130
1t
0s
0r
1y
1c
0i
#17319934798
0t
0s
0r
1y
1c
0i
#17319935219
1t
0s
0r
1y
1c
0i
#17319935883
0t
0s
0r
1y
1c
0i
#17319936305
1t
0s
0r
1y
1c
0i
#17319936971
0t
0s
0r
1y
1c
0i
#17319937392
1t
0s
0r
1y
1c
0i
#17319938060
0t
0s
0r
1y
1c
0i
#17319938480
1t
0s
0r
1y
1c
0i
#17319940209
0t
0s
0r
1y
1c
0i
#17319941422
1t
0s
0r
1y
1c
0i
#17319942417
0t
0s
0r
1y
1c
0i
#17319942824
1t
0s
0r
1y
1c
0i
#17319943494
0t
0s
0r
1y
1c
0i
#17319943912
1t
0s
0r
1y
1c
0i
#17319944579
0t
0s
0r
1y
1c
0i
#17319944998
1t
0s
0r
1y
1c
0i
#17319945664
0t
0s
0r
1y
1c
0i
#17319946085
1t
0s
0r
1y
1c
0i
#17319946751
0t
0s
0r
1y
1c
0i
#17319947170
1t
0s
0r
1y
1c
0i
#17319947839
0t
0s
0r
1y
1c
0i
#17319948256
1t
0s
0r
1y
1c
0i
#17319948921
0t
0s
0r
1y
1c
0i
#17319949340
1t
0s
0r
1y
1c
0i
#17319950007
0t
0s
0r
1y
1c
0i
#17319950425
1t
0s
0r
1y
1c
0i
#17319951094
0t
0s
0r
1y
1c
0i
