$date
	Sun Sep 14 22:04:09 BRT 2025
$end
$version
        1.0
$end
$timescale
        1ps
$end
$scope module test $end
$var wire 1 t PRI_TRG $end
$var wire 1 s SEC_TRG $end
$var wire 1 r TRG $end
$var wire 1 y SYNC $end
$var wire 1 c COIL $end
$var wire 1 i INJ $end
$upscope $end
$enddefinitions $end
$dumpvars
#11499113606
0t
0s
0r
1y
0c
0i
#11499114745
1t
0s
0r
1y
0c
0i
#11499115822
0t
0s
0r
1y
1c
0i
#11499116968
1t
0s
0r
1y
1c
0i
#11499118052
0t
0s
0r
1y
1c
1i
#11499119201
1t
0s
0r
1y
1c
1i
#11499120290
0t
0s
0r
1y
1c
1i
#11499121447
1t
0s
0r
1y
1c
0i
#11499122543
0t
0s
0r
1y
1c
0i
#11499123708
1t
0s
0r
1y
1c
0i
#11499124803
0t
0s
0r
1y
1c
0i
#11499125962
1t
0s
0r
1y
1c
0i
#11499127055
0t
0s
0r
1y
1c
0i
#11499128209
1t
0s
0r
1y
1c
0i
#11499129298
0t
0s
0r
1y
1c
0i
#11499130448
1t
0s
0r
1y
1c
0i
#11499131529
0t
0s
0r
1y
1c
0i
#11499132665
1t
0s
0r
1y
1c
0i
#11499133736
0t
0s
0r
1y
1c
0i
#11499134866
1t
0s
0r
1y
1c
0i
#11499135938
0t
0s
0r
1y
1c
0i
#11499137066
1t
0s
0r
1y
1c
0i
#11499138135
0t
0s
0r
1y
1c
0i
#11499139258
1t
0s
0r
1y
1c
0i
#11499140321
0t
0s
0r
1y
1c
0i
#11499143045
1t
0s
0r
1y
1c
0i
#11499144735
0t
0s
0r
1y
1c
0i
#11499145853
1t
0s
0r
1y
1c
0i
#11499146931
0t
0s
0r
1y
1c
0i
#11499148062
1t
0s
0r
1y
1c
0i
#11499149143
0t
0s
0r
1y
1c
0i
#11499150277
1t
0s
0r
1y
1c
0i
#11499151355
0t
0s
0r
1y
1c
0i
#11499152493
1t
0s
0r
1y
1c
0i
#11499153576
0t
0s
0r
1y
1c
0i
#11499154721
1t
0s
0r
1y
1c
0i
#11499155809
0t
0s
0r
1y
0c
0i
#11499156955
1t
0s
0r
1y
0c
0i
#11499158047
0t
0s
0r
1y
0c
1i
#11499159200
1t
0s
0r
1y
0c
1i
#11499160301
0t
0s
0r
1y
0c
1i
#11499161461
1t
0s
0r
1y
0c
0i
#11499162565
0t
0s
0r
1y
0c
0i
#11499163724
1t
0s
0r
1y
0c
0i
#11499164827
0t
0s
0r
1y
0c
0i
#11499165985
1t
0s
0r
1y
0c
0i
#11499167087
0t
0s
0r
1y
0c
0i
#11499168240
1t
0s
0r
1y
0c
0i
#11499169332
0t
0s
0r
1y
0c
0i
#11499170471
1t
0s
0r
1y
0c
0i
#11499171552
0t
0s
0r
1y
0c
0i
#11499172683
1t
0s
0r
1y
0c
0i
#11499173758
0t
0s
0r
1y
0c
0i
#11499174886
1t
0s
0r
1y
0c
0i
#11499175959
0t
0s
0r
1y
0c
0i
#11499177078
1t
0s
0r
1y
0c
0i
#11499178146
0t
0s
0r
1y
0c
0i
#11499179268
1t
0s
0r
1y
0c
0i
#11499180341
0t
0s
0r
1y
0c
0i
#11499181466
1t
0s
0r
1y
0c
0i
#11499182537
0t
0s
0r
1y
0c
0i
#11499183660
1t
0s
0r
1y
0c
0i
#11499184733
0t
0s
0r
1y
0c
0i
#11499185863
1t
0s
0r
1y
0c
0i
#11499186937
0t
0s
0r
1y
0c
0i
#11499188067
1t
0s
0r
1y
0c
0i
#11499189139
0t
0s
0r
1y
0c
0i
#11499190273
1t
0s
0r
1y
0c
0i
#11499191348
0t
0s
0r
1y
0c
0i
#11499192489
1t
0s
0r
1y
0c
0i
#11499193566
0t
0s
0r
1y
0c
0i
#11499194708
1t
0s
0r
1y
1c
0i
#11499195787
0t
0s
0r
1y
1c
0i
#11499196937
1t
0s
0r
1y
1c
0i
#11499198025
0t
0s
0r
1y
1c
1i
#11499199185
1t
0s
0r
1y
1c
1i
#11499200279
0t
0s
0r
1y
1c
1i
#11499201442
1t
0s
0r
1y
1c
0i
#11499202537
0t
0s
0r
1y
1c
0i
#11499203705
1t
0s
0r
1y
1c
0i
#11499204805
0t
0s
0r
1y
1c
0i
#11499205969
1t
0s
0r
1y
1c
0i
#11499207062
0t
0s
0r
1y
1c
0i
#11499208211
1t
0s
0r
1y
1c
0i
#11499209289
0t
0s
0r
1y
1c
0i
#11499210425
1t
0s
0r
1y
1c
0i
#11499211496
0t
0s
0r
1y
1c
0i
#11499212624
1t
0s
0r
1y
1c
0i
#11499213685
0t
0s
0r
1y
1c
0i
#11499214800
1t
0s
0r
1y
1c
0i
#11499215858
0t
0s
0r
1y
1c
0i
#11499216971
1t
0s
0r
1y
1c
0i
#11499218031
0t
0s
0r
1y
1c
0i
#11499219149
1t
0s
0r
1y
1c
0i
#11499220207
0t
0s
0r
1y
1c
0i
#11499222914
1t
0s
0r
1y
1c
0i
#11499224571
0t
0s
0r
1y
1c
0i
#11499225680
1t
0s
0r
1y
1c
0i
#11499226748
0t
0s
0r
1y
1c
0i
#11499227863
1t
0s
0r
1y
1c
0i
#11499228930
0t
0s
0r
1y
1c
0i
#11499230054
1t
0s
0r
1y
1c
0i
#11499231124
0t
0s
0r
1y
1c
0i
#11499232250
1t
0s
0r
1y
1c
0i
#11499233321
0t
0s
0r
1y
1c
0i
#11499234449
1t
0s
0r
1y
0c
0i
#11499235527
0t
0s
0r
1y
0c
0i
#11499236667
1t
0s
0r
1y
0c
0i
#11499237754
0t
0s
0r
1y
0c
1i
#11499238899
1t
0s
0r
1y
0c
1i
#11499239536
1t
0s
1r
1y
0c
1i
#11499239539
1t
0s
0r
1y
0c
1i
#11499239993
0t
0s
0r
1y
0c
1i
#11499241143
1t
0s
0r
1y
0c
0i
#11499242243
0t
0s
0r
1y
0c
0i
#11499243402
1t
0s
0r
1y
0c
0i
#11499244506
0t
0s
0r
1y
0c
0i
#11499245660
1t
0s
0r
1y
0c
0i
#11499246754
0t
0s
0r
1y
0c
0i
#11499247901
1t
0s
0r
1y
0c
0i
#11499248989
0t
0s
0r
1y
0c
0i
#11499250124
1t
0s
0r
1y
0c
0i
#11499251199
0t
0s
0r
1y
0c
0i
#11499252320
1t
0s
0r
1y
0c
0i
#11499253384
0t
0s
0r
1y
0c
0i
#11499254499
1t
0s
0r
1y
0c
0i
#11499255564
0t
0s
0r
1y
0c
0i
#11499256679
1t
0s
0r
1y
0c
0i
#11499257741
0t
0s
0r
1y
0c
0i
#11499258852
1t
0s
0r
1y
0c
0i
#11499259913
0t
0s
0r
1y
0c
0i
#11499261030
1t
0s
0r
1y
0c
0i
#11499262095
0t
0s
0r
1y
0c
0i
#11499263215
1t
0s
0r
1y
0c
0i
#11499264282
0t
0s
0r
1y
0c
0i
#11499265401
1t
0s
0r
1y
0c
0i
#11499266468
0t
0s
0r
1y
0c
0i
#11499267598
1t
0s
0r
1y
0c
0i
#11499268664
0t
0s
0r
1y
0c
0i
#11499269792
1t
0s
0r
1y
0c
0i
#11499270857
0t
0s
0r
1y
0c
0i
#11499271988
1t
0s
0r
1y
0c
0i
#11499273060
0t
0s
0r
1y
0c
0i
#11499274197
1t
0s
0r
1y
0c
0i
#11499275270
0t
0s
0r
1y
1c
0i
#11499276412
1t
0s
0r
1y
1c
0i
#11499277489
0t
0s
0r
1y
1c
1i
#11499278637
1t
0s
0r
1y
1c
1i
#11499279726
0t
0s
0r
1y
1c
1i
#11499280884
1t
0s
0r
1y
1c
0i
#11499281976
0t
0s
0r
1y
1c
0i
#11499283133
1t
0s
0r
1y
1c
0i
#11499284224
0t
0s
0r
1y
1c
0i
#11499285381
1t
0s
0r
1y
1c
0i
#11499286472
0t
0s
0r
1y
1c
0i
#11499287627
1t
0s
0r
1y
1c
0i
#11499288711
0t
0s
0r
1y
1c
0i
#11499289851
1t
0s
0r
1y
1c
0i
#11499290923
0t
0s
0r
1y
1c
0i
#11499292053
1t
0s
0r
1y
1c
0i
#11499293122
0t
0s
0r
1y
1c
0i
#11499294245
1t
0s
0r
1y
1c
0i
#11499295309
0t
0s
0r
1y
1c
0i
#11499296424
1t
0s
0r
1y
1c
0i
#11499297483
0t
0s
0r
1y
1c
0i
#11499298598
1t
0s
0r
1y
1c
0i
#11499299659
0t
0s
0r
1y
1c
0i
#11499302377
1t
0s
0r
1y
1c
0i
#11499304032
0t
0s
0r
1y
1c
0i
#11499305142
1t
0s
0r
1y
1c
0i
#11499306213
0t
0s
0r
1y
1c
0i
#11499307335
1t
0s
0r
1y
1c
0i
#11499308404
0t
0s
0r
1y
1c
0i
#11499309527
1t
0s
0r
1y
1c
0i
#11499310598
0t
0s
0r
1y
1c
0i
#11499311730
1t
0s
0r
1y
1c
0i
#11499312803
0t
0s
0r
1y
1c
0i
#11499313933
1t
0s
0r
1y
1c
0i
#11499315009
0t
0s
0r
1y
0c
0i
#11499316146
1t
0s
0r
1y
0c
0i
#11499317233
0t
0s
0r
1y
0c
1i
#11499318375
1t
0s
0r
1y
0c
1i
#11499319467
0t
0s
0r
1y
0c
1i
#11499320613
1t
0s
0r
1y
0c
0i
#11499321706
0t
0s
0r
1y
0c
0i
#11499322854
1t
0s
0r
1y
0c
0i
#11499323950
0t
0s
0r
1y
0c
0i
#11499325100
1t
0s
0r
1y
0c
0i
#11499326190
0t
0s
0r
1y
0c
0i
#11499327329
1t
0s
0r
1y
0c
0i
#11499328409
0t
0s
0r
1y
0c
0i
#11499329539
1t
0s
0r
1y
0c
0i
#11499330611
0t
0s
0r
1y
0c
0i
#11499331732
1t
0s
0r
1y
0c
0i
#11499332796
0t
0s
0r
1y
0c
0i
#11499333907
1t
0s
0r
1y
0c
0i
#11499334964
0t
0s
0r
1y
0c
0i
#11499336071
1t
0s
0r
1y
0c
0i
#11499337130
0t
0s
0r
1y
0c
0i
#11499338238
1t
0s
0r
1y
0c
0i
#11499339294
0t
0s
0r
1y
0c
0i
#11499340401
1t
0s
0r
1y
0c
0i
#11499341459
0t
0s
0r
1y
0c
0i
#11499342572
1t
0s
0r
1y
0c
0i
#11499343630
0t
0s
0r
1y
0c
0i
#11499344742
1t
0s
0r
1y
0c
0i
#11499345798
0t
0s
0r
1y
0c
0i
#11499346913
1t
0s
0r
1y
0c
0i
#11499347975
0t
0s
0r
1y
0c
0i
#11499349097
1t
0s
0r
1y
0c
0i
#11499350157
0t
0s
0r
1y
0c
0i
#11499351277
1t
0s
0r
1y
0c
0i
#11499352340
0t
0s
0r
1y
0c
0i
#11499353470
1t
0s
0r
1y
0c
0i
#11499354539
0t
0s
0r
1y
1c
0i
#11499355675
1t
0s
0r
1y
1c
0i
#11499356750
0t
0s
0r
1y
1c
1i
#11499357889
1t
0s
0r
1y
1c
1i
#11499358973
0t
0s
0r
1y
1c
1i
#11499360125
1t
0s
0r
1y
1c
0i
#11499361215
0t
0s
0r
1y
1c
0i
#11499362365
1t
0s
0r
1y
1c
0i
#11499363450
0t
0s
0r
1y
1c
0i
#11499364599
1t
0s
0r
1y
1c
0i
#11499365683
0t
0s
0r
1y
1c
0i
#11499366825
1t
0s
0r
1y
1c
0i
#11499367897
0t
0s
0r
1y
1c
0i
#11499369022
1t
0s
0r
1y
1c
0i
#11499370081
0t
0s
0r
1y
1c
0i
#11499371193
1t
0s
0r
1y
1c
0i
#11499372246
0t
0s
0r
1y
1c
0i
#11499373352
1t
0s
0r
1y
1c
0i
#11499374401
0t
0s
0r
1y
1c
0i
#11499375499
1t
0s
0r
1y
1c
0i
#11499376545
0t
0s
0r
1y
1c
0i
#11499377642
1t
0s
0r
1y
1c
0i
#11499378687
0t
0s
0r
1y
1c
0i
#11499381375
1t
0s
0r
1y
1c
0i
#11499382997
0t
0s
0r
1y
1c
0i
#11499384091
1t
0s
0r
1y
1c
0i
#11499385148
0t
0s
0r
1y
1c
0i
#11499386252
1t
0s
0r
1y
1c
0i
#11499387307
0t
0s
0r
1y
1c
0i
#11499388411
1t
0s
0r
1y
1c
0i
#11499389468
0t
0s
0r
1y
1c
0i
#11499390580
1t
0s
0r
1y
1c
0i
#11499391640
0t
0s
0r
1y
1c
0i
#11499392754
1t
0s
0r
1y
1c
0i
#11499393815
0t
0s
0r
1y
0c
0i
#11499394936
1t
0s
0r
1y
0c
0i
#15793557517
0t
0s
0r
1y
0c
0i
#15793558439
1t
0s
0r
1y
0c
0i
#15793559330
0t
0s
0r
1y
0c
0i
#15793560258
1t
0s
0r
1y
0c
0i
#15793561150
0t
0s
0r
1y
0c
0i
#15793562081
1t
0s
0r
1y
0c
1i
#15793562974
0t
0s
0r
1y
1c
1i
#15793563906
1t
0s
0r
1y
1c
1i
#15793564807
0t
0s
0r
1y
1c
0i
#15793565746
1t
0s
0r
1y
1c
0i
#15793566649
0t
0s
0r
1y
1c
0i
#15793567588
1t
0s
0r
1y
1c
0i
#15793568489
0t
0s
0r
1y
1c
0i
#15793569429
1t
0s
0r
1y
1c
0i
#15793570335
0t
0s
0r
1y
1c
0i
#15793571280
1t
0s
0r
1y
1c
0i
#15793572185
0t
0s
0r
1y
1c
0i
#15793573128
1t
0s
0r
1y
1c
0i
#15793574032
0t
0s
0r
1y
1c
0i
#15793574977
1t
0s
0r
1y
1c
0i
#15793575890
0t
0s
0r
1y
1c
0i
#15793576838
1t
0s
0r
1y
1c
0i
#15793577752
0t
0s
0r
1y
1c
0i
#15793578698
1t
0s
0r
1y
1c
0i
#15793579612
0t
0s
0r
1y
1c
0i
#15793580560
1t
0s
0r
1y
1c
0i
#15793581474
0t
0s
0r
1y
1c
0i
#15793583763
1t
0s
0r
1y
1c
0i
#15793585218
0t
0s
0r
1y
1c
0i
#15793586162
1t
0s
0r
1y
1c
0i
#15793587081
0t
0s
0r
1y
1c
0i
#15793588030
1t
0s
0r
1y
1c
0i
#15793588946
0t
0s
0r
1y
1c
0i
#15793589897
1t
0s
0r
1y
1c
0i
#15793590816
0t
0s
0r
1y
1c
0i
#15793591772
1t
0s
0r
1y
1c
0i
#15793592692
0t
0s
0r
1y
1c
0i
#15793593646
1t
0s
0r
1y
1c
0i
#15793594565
0t
0s
0r
1y
1c
0i
#15793595522
1t
0s
0r
1y
1c
1i
#15793596450
0t
0s
0r
1y
0c
1i
#15793596724
0t
0s
1r
1y
0c
1i
#15793596727
0t
0s
0r
1y
0c
1i
#15793597412
1t
0s
0r
1y
0c
1i
#15793598341
0t
0s
0r
1y
0c
1i
#15793599305
1t
0s
0r
1y
0c
0i
#15793600235
0t
0s
0r
1y
0c
0i
#15793601199
1t
0s
0r
1y
0c
0i
#15793602134
0t
0s
0r
1y
0c
0i
#15793603099
1t
0s
0r
1y
0c
0i
#15793604032
0t
0s
0r
1y
0c
0i
#15793604994
1t
0s
0r
1y
0c
0i
#15793605928
0t
0s
0r
1y
0c
0i
#15793606895
1t
0s
0r
1y
0c
0i
#15793607829
0t
0s
0r
1y
0c
0i
#15793608795
1t
0s
0r
1y
0c
0i
#15793609730
0t
0s
0r
1y
0c
0i
#15793610695
1t
0s
0r
1y
0c
0i
#15793611631
0t
0s
0r
1y
0c
0i
#15793612599
1t
0s
0r
1y
0c
0i
#15793613535
0t
0s
0r
1y
0c
0i
#15793614501
1t
0s
0r
1y
0c
0i
#15793615434
0t
0s
0r
1y
0c
0i
#15793616401
1t
0s
0r
1y
0c
0i
#15793617335
0t
0s
0r
1y
0c
0i
#15793618304
1t
0s
0r
1y
0c
0i
#15793619239
0t
0s
0r
1y
0c
0i
#15793620209
1t
0s
0r
1y
0c
0i
#15793621141
0t
0s
0r
1y
0c
0i
#15793622111
1t
0s
0r
1y
0c
0i
#15793623047
0t
0s
0r
1y
0c
0i
#15793624025
1t
0s
0r
1y
0c
0i
#15793624959
0t
0s
0r
1y
0c
0i
#15793625933
1t
0s
0r
1y
0c
0i
#15793626867
0t
0s
0r
1y
0c
0i
#15793627846
1t
0s
0r
1y
0c
0i
#15793628786
0t
0s
0r
1y
0c
0i
#15793629771
1t
0s
0r
1y
0c
1i
#15793630714
0t
0s
0r
1y
1c
1i
#15793631698
1t
0s
0r
1y
1c
1i
#15793632641
0t
0s
0r
1y
1c
0i
#15793633631
1t
0s
0r
1y
1c
0i
#15793634580
0t
0s
0r
1y
1c
0i
#15793635573
1t
0s
0r
1y
1c
0i
#15793636522
0t
0s
0r
1y
1c
0i
#15793637513
1t
0s
0r
1y
1c
0i
#15793638459
0t
0s
0r
1y
1c
0i
#15793639449
1t
0s
0r
1y
1c
0i
#15793640399
0t
0s
0r
1y
1c
0i
#15793641393
1t
0s
0r
1y
1c
0i
#15793642343
0t
0s
0r
1y
1c
0i
#15793643333
1t
0s
0r
1y
1c
0i
#15793644282
0t
0s
0r
1y
1c
0i
#15793645271
1t
0s
0r
1y
1c
0i
#15793646222
0t
0s
0r
1y
1c
0i
#15793647213
1t
0s
0r
1y
1c
0i
#15793648164
0t
0s
0r
1y
1c
0i
#15793649151
1t
0s
0r
1y
1c
0i
#15793650096
0t
0s
0r
1y
1c
0i
#15793652464
1t
0s
0r
1y
1c
0i
#15793653979
0t
0s
0r
1y
1c
0i
#15793654954
1t
0s
0r
1y
1c
0i
#15793655907
0t
0s
0r
1y
1c
0i
#15793656894
1t
0s
0r
1y
1c
0i
#15793657844
0t
0s
0r
1y
1c
0i
#15793658830
1t
0s
0r
1y
1c
0i
#15793659777
0t
0s
0r
1y
1c
0i
#15793660765
1t
0s
0r
1y
1c
0i
#15793661718
0t
0s
0r
1y
1c
0i
#15793662710
1t
0s
0r
1y
1c
0i
#15793663663
0t
0s
0r
1y
1c
0i
#15793664655
1t
0s
0r
1y
0c
0i
#15793665611
0t
0s
0r
1y
0c
1i
#15793666606
1t
0s
0r
1y
0c
1i
#15793667567
0t
0s
0r
1y
0c
1i
#15793668567
1t
0s
0r
1y
0c
0i
#15793669530
0t
0s
0r
1y
0c
0i
#15793670528
1t
0s
0r
1y
0c
0i
#15793671489
0t
0s
0r
1y
0c
0i
#15793672489
1t
0s
0r
1y
0c
0i
#15793673453
0t
0s
0r
1y
0c
0i
#15793674454
1t
0s
0r
1y
0c
0i
#15793675417
0t
0s
0r
1y
0c
0i
#15793676416
1t
0s
0r
1y
0c
0i
#15793677375
0t
0s
0r
1y
0c
0i
#15793678374
1t
0s
0r
1y
0c
0i
#15793679336
0t
0s
0r
1y
0c
0i
#15793680338
1t
0s
0r
1y
0c
0i
#15793681298
0t
0s
0r
1y
0c
0i
#15793682292
1t
0s
0r
1y
0c
0i
#15793683250
0t
0s
0r
1y
0c
0i
#15793684247
1t
0s
0r
1y
0c
0i
#15793685206
0t
0s
0r
1y
0c
0i
#15793686208
1t
0s
0r
1y
0c
0i
#15793687167
0t
0s
0r
1y
0c
0i
#15793688162
1t
0s
0r
1y
0c
0i
#15793689118
0t
0s
0r
1y
0c
0i
#15793690117
1t
0s
0r
1y
0c
0i
#15793691078
0t
0s
0r
1y
0c
0i
#15793692079
1t
0s
0r
1y
0c
0i
#15793693039
0t
0s
0r
1y
0c
0i
#15793694040
1t
0s
0r
1y
0c
0i
#15793694997
0t
0s
0r
1y
0c
0i
#15793696000
1t
0s
0r
1y
0c
0i
#15793696962
0t
0s
0r
1y
0c
0i
#15793697971
1t
0s
0r
1y
0c
0i
#15793698933
0t
0s
0r
1y
0c
0i
#15793699941
1t
0s
0r
1y
0c
0i
#15793700908
0t
0s
0r
1y
1c
1i
#15793701923
1t
0s
0r
1y
1c
1i
#15793702896
0t
0s
0r
1y
1c
1i
#15793703913
1t
0s
0r
1y
1c
0i
#15793704887
0t
0s
0r
1y
1c
0i
#15793705906
1t
0s
0r
1y
1c
0i
#15793706881
0t
0s
0r
1y
1c
0i
#15793707905
1t
0s
0r
1y
1c
0i
#15793708880
0t
0s
0r
1y
1c
0i
#15793709900
1t
0s
0r
1y
1c
0i
#15793710873
0t
0s
0r
1y
1c
0i
#15793711895
1t
0s
0r
1y
1c
0i
#15793712872
0t
0s
0r
1y
1c
0i
#15793713897
1t
0s
0r
1y
1c
0i
#15793714872
0t
0s
0r
1y
1c
0i
#15793715890
1t
0s
0r
1y
1c
0i
#15793716863
0t
0s
0r
1y
1c
0i
#15793717881
1t
0s
0r
1y
1c
0i
#15793718858
0t
0s
0r
1y
1c
0i
#15793719877
1t
0s
0r
1y
1c
0i
#15793720847
0t
0s
0r
1y
1c
0i
#15793723302
1t
0s
0r
1y
1c
0i
#15793724833
0t
0s
0r
1y
1c
0i
#15793725841
1t
0s
0r
1y
1c
0i
#15793726820
0t
0s
0r
1y
1c
0i
#15793727833
1t
0s
0r
1y
1c
0i
#15793728806
0t
0s
0r
1y
1c
0i
#15793729825
1t
0s
0r
1y
1c
0i
#15793730803
0t
0s
0r
1y
1c
0i
#15793731824
1t
0s
0r
1y
1c
0i
#15793732803
0t
0s
0r
1y
1c
0i
#15793733824
1t
0s
0r
1y
1c
0i
#15793734806
0t
0s
0r
1y
1c
0i
#15793735834
1t
0s
0r
1y
1c
0i
#15793736822
0t
0s
0r
1y
1c
1i
#15793737844
0t
0s
1r
1y
0c
1i
#15793737847
0t
0s
0r
1y
0c
1i
#15793737852
1t
0s
0r
1y
0c
1i
#15793738839
0t
0s
0r
1y
0c
1i
#15793739873
1t
0s
0r
1y
0c
0i
#15793740868
0t
0s
0r
1y
0c
0i
#15793741907
1t
0s
0r
1y
0c
0i
#15793742901
0t
0s
0r
1y
0c
0i
#15793743934
1t
0s
0r
1y
0c
0i
#15793744927
0t
0s
0r
1y
0c
0i
#15793745962
1t
0s
0r
1y
0c
0i
#15793746958
0t
0s
0r
1y
0c
0i
#15793747997
1t
0s
0r
1y
0c
0i
#15793748993
0t
0s
0r
1y
0c
0i
#15793750031
1t
0s
0r
1y
0c
0i
#15793751027
0t
0s
0r
1y
0c
0i
#15793752067
1t
0s
0r
1y
0c
0i
#15793753068
0t
0s
0r
1y
0c
0i
#15793754110
1t
0s
0r
1y
0c
0i
#15793755112
0t
0s
0r
1y
0c
0i
#15793756154
1t
0s
0r
1y
0c
0i
#15793757152
0t
0s
0r
1y
0c
0i
#15793758196
1t
0s
0r
1y
0c
0i
#15793759198
0t
0s
0r
1y
0c
0i
#15793760246
1t
0s
0r
1y
0c
0i
#15793761246
0t
0s
0r
1y
0c
0i
#15793762291
1t
0s
0r
1y
0c
0i
#15793763289
0t
0s
0r
1y
0c
0i
#15793764338
1t
0s
0r
1y
0c
0i
#15793765340
0t
0s
0r
1y
0c
0i
#15793766394
1t
0s
0r
1y
0c
0i
#15793767397
0t
0s
0r
1y
0c
0i
#15793768448
1t
0s
0r
1y
0c
0i
#15793769449
0t
0s
0r
1y
0c
0i
#15793770508
1t
0s
0r
1y
0c
0i
#15793771515
0t
0s
0r
1y
0c
0i
#15793772578
1t
0s
0r
1y
0c
0i
#15793773589
0t
0s
0r
1y
1c
1i
#15793774653
1t
0s
0r
1y
1c
1i
#15793775670
0t
0s
0r
1y
1c
1i
#15793776743
1t
0s
0r
1y
1c
0i
#15793777761
0t
0s
0r
1y
1c
0i
#15793778834
1t
0s
0r
1y
1c
0i
#15793779849
0t
0s
0r
1y
1c
0i
#15793780921
1t
0s
0r
1y
1c
0i
#15793781940
0t
0s
0r
1y
1c
0i
#15793783014
1t
0s
0r
1y
1c
0i
#15793784031
0t
0s
0r
1y
1c
0i
#15793785101
1t
0s
0r
1y
1c
0i
#15793786118
0t
0s
0r
1y
1c
0i
#15793787189
1t
0s
0r
1y
1c
0i
#15793788208
0t
0s
0r
1y
1c
0i
#15793789280
1t
0s
0r
1y
1c
0i
#15793790302
0t
0s
0r
1y
1c
0i
#15793791370
1t
0s
0r
1y
1c
0i
#15793792391
0t
0s
0r
1y
1c
0i
#15793793460
1t
0s
0r
1y
1c
0i
#15793794479
0t
0s
0r
1y
1c
0i
#15793797076
1t
0s
0r
1y
1c
0i
#15793798678
0t
0s
0r
1y
1c
0i
#15793799738
1t
0s
0r
1y
1c
0i
#15793800768
0t
0s
0r
1y
1c
0i
#15793801845
1t
0s
0r
1y
1c
0i
#15793802870
0t
0s
0r
1y
1c
0i
#15793803944
1t
0s
0r
1y
1c
0i
#15793804970
0t
0s
0r
1y
1c
0i
#15793806048
1t
0s
0r
1y
1c
0i
#15793807079
0t
0s
0r
1y
1c
0i
#15793808162
1t
0s
0r
1y
0c
0i
#15793809196
0t
0s
0r
1y
0c
0i
#15793810279
1t
0s
0r
1y
0c
0i
#15793811319
0t
0s
0r
1y
0c
1i
#15793812412
1t
0s
0r
1y
0c
1i
#15793813456
0t
0s
0r
1y
0c
0i
#15793814548
1t
0s
0r
1y
0c
0i
#15793815591
0t
0s
0r
1y
0c
0i
#15793816687
1t
0s
0r
1y
0c
0i
#15793817736
0t
0s
0r
1y
0c
0i
#15793818829
1t
0s
0r
1y
0c
0i
#15793819873
0t
0s
0r
1y
0c
0i
#15793820958
1t
0s
0r
1y
0c
0i
#15793821992
0t
0s
0r
1y
0c
0i
#15793823069
1t
0s
0r
1y
0c
0i
#15793824098
0t
0s
0r
1y
0c
0i
#15793825169
1t
0s
0r
1y
0c
0i
#15793826189
0t
0s
0r
1y
0c
0i
#15793827252
1t
0s
0r
1y
0c
0i
#15793828269
0t
0s
0r
1y
0c
0i
#15793829329
1t
0s
0r
1y
0c
0i
#15793830348
0t
0s
0r
1y
0c
0i
#15793831414
1t
0s
0r
1y
0c
0i
#15793832432
0t
0s
0r
1y
0c
0i
#15793833496
1t
0s
0r
1y
0c
0i
#15793834512
0t
0s
0r
1y
0c
0i
#15793835580
1t
0s
0r
1y
0c
0i
#15793836604
0t
0s
0r
1y
0c
0i
#15793837677
1t
0s
0r
1y
0c
0i
#15793838700
0t
0s
0r
1y
0c
0i
#15793839772
1t
0s
0r
1y
0c
0i
#15793840795
0t
0s
0r
1y
0c
0i
#15793841872
1t
0s
0r
1y
0c
0i
#15793842898
0t
0s
0r
1y
0c
0i
#15793843980
1t
0s
0r
1y
0c
0i
#15793845007
0t
0s
0r
1y
0c
0i
#15793846088
1t
0s
0r
1y
0c
0i
#15793847119
0t
0s
0r
1y
0c
0i
#15793848210
1t
0s
0r
1y
1c
0i
#15793849246
0t
0s
0r
1y
1c
1i
#15793850340
1t
0s
0r
1y
1c
1i
#15793851382
0t
0s
0r
1y
1c
0i
#15793852479
1t
0s
0r
1y
1c
0i
#15793853525
0t
0s
0r
1y
1c
0i
#15793854629
1t
0s
0r
1y
1c
0i
#15793855677
0t
0s
0r
1y
1c
0i
#15793856779
1t
0s
0r
1y
1c
0i
#15793857823
0t
0s
0r
1y
1c
0i
#15793858925
1t
0s
0r
1y
1c
0i
#15793859972
0t
0s
0r
1y
1c
0i
#15793861076
1t
0s
0r
1y
1c
0i
#15793862121
0t
0s
0r
1y
1c
0i
#15793863219
1t
0s
0r
1y
1c
0i
#15793864257
0t
0s
0r
1y
1c
0i
#15793865350
1t
0s
0r
1y
1c
0i
#15793866390
0t
0s
0r
1y
1c
0i
#15793867482
1t
0s
0r
1y
1c
0i
#15793868517
0t
0s
0r
1y
1c
0i
#15793869601
1t
0s
0r
1y
1c
0i
#15793870629
0t
0s
0r
1y
1c
0i
#15793873248
1t
0s
0r
1y
1c
0i
#15793874886
0t
0s
0r
1y
1c
0i
#15793875960
1t
0s
0r
1y
1c
0i
#15793876998
0t
0s
0r
1y
1c
0i
#15793878084
1t
0s
0r
1y
1c
0i
#15793879125
0t
0s
0r
1y
1c
0i
#15793880217
1t
0s
0r
1y
1c
0i
#15793881256
0t
0s
0r
1y
1c
0i
#15793882349
1t
0s
0r
1y
1c
0i
#15793883394
0t
0s
0r
1y
1c
0i
#15793884495
1t
0s
0r
1y
1c
0i
#15793885542
0t
0s
0r
1y
1c
0i
#15793886644
1t
0s
0r
1y
1c
0i
#15793887697
0t
0s
0r
1y
0c
1i
#15793888804
1t
0s
0r
1y
0c
1i
#15793888875
1t
0s
1r
1y
0c
1i
#15793888878
1t
0s
0r
1y
0c
1i
#15793889866
0t
0s
0r
1y
0c
1i
#15793890982
1t
0s
0r
1y
0c
0i
#15793892045
0t
0s
0r
1y
0c
0i
#15793893158
1t
0s
0r
1y
0c
0i
#15793894223
0t
0s
0r
1y
0c
0i
#15793895338
1t
0s
0r
1y
0c
0i
#15793896404
0t
0s
0r
1y
0c
0i
#15793897516
1t
0s
0r
1y
0c
0i
#15793898578
0t
0s
0r
1y
0c
0i
#15793899684
1t
0s
0r
1y
0c
0i
#15793900745
0t
0s
0r
1y
0c
0i
#15793901853
1t
0s
0r
1y
0c
0i
#15793902911
0t
0s
0r
1y
0c
0i
#15793904014
1t
0s
0r
1y
0c
0i
#15793905068
0t
0s
0r
1y
0c
0i
#15793906167
1t
0s
0r
1y
0c
0i
#15793907219
0t
0s
0r
1y
0c
0i
#15793908322
1t
0s
0r
1y
0c
0i
#15793909375
0t
0s
0r
1y
0c
0i
#15793910478
1t
0s
0r
1y
0c
0i
#15793911529
0t
0s
0r
1y
0c
0i
#15793912632
1t
0s
0r
1y
0c
0i
#15793913687
0t
0s
0r
1y
0c
0i
#15793914799
1t
0s
0r
1y
0c
0i
#15793915852
0t
0s
0r
1y
0c
0i
#15793916961
1t
0s
0r
1y
0c
0i
#15793918015
0t
0s
0r
1y
0c
0i
#15793919129
1t
0s
0r
1y
0c
0i
#15793920188
0t
0s
0r
1y
0c
0i
#15793921307
1t
0s
0r
1y
0c
0i
#15793922368
0t
0s
0r
1y
0c
0i
#15793923490
1t
0s
0r
1y
0c
0i
#15793924550
0t
0s
0r
1y
0c
0i
#15793925680
1t
0s
0r
1y
1c
0i
#15793926751
0t
0s
0r
1y
1c
1i
#15793927887
1t
0s
0r
1y
1c
1i
#15793928962
0t
0s
0r
1y
1c
1i
#15793930100
1t
0s
0r
1y
1c
0i
#15793931182
0t
0s
0r
1y
1c
0i
#15793932326
1t
0s
0r
1y
1c
0i
#15793933409
0t
0s
0r
1y
1c
0i
#15793934551
1t
0s
0r
1y
1c
0i
#15793935628
0t
0s
0r
1y
1c
0i
#15793936763
1t
0s
0r
1y
1c
0i
#15793937837
0t
0s
0r
1y
1c
0i
#15793938968
1t
0s
0r
1y
1c
0i
#15793940035
0t
0s
0r
1y
1c
0i
#15793941153
1t
0s
0r
1y
1c
0i
#15793942211
0t
0s
0r
1y
1c
0i
#15793943320
1t
0s
0r
1y
1c
0i
#15793944375
0t
0s
0r
1y
1c
0i
#15793945484
1t
0s
0r
1y
1c
0i
#15793946541
0t
0s
0r
1y
1c
0i
#15793947646
1t
0s
0r
1y
1c
0i
#15793948696
0t
0s
0r
1y
1c
0i
#15793951371
1t
0s
0r
1y
1c
0i
#15793953043
0t
0s
0r
1y
1c
0i
#15793954144
1t
0s
0r
1y
1c
0i
#15793955205
0t
0s
0r
1y
1c
0i
#15793956317
1t
0s
0r
1y
1c
0i
#15793957381
0t
0s
0r
1y
1c
0i
#15793958499
1t
0s
0r
1y
1c
0i
#15793959562
0t
0s
0r
1y
1c
0i
#15793960678
1t
0s
0r
1y
1c
0i
#15793961745
0t
0s
0r
1y
1c
0i
#15793962870
1t
0s
0r
1y
1c
0i
#15793963939
0t
0s
0r
1y
0c
0i
#15793965066
1t
0s
0r
1y
0c
0i
#15793966140
0t
0s
0r
1y
0c
1i
#15793967271
1t
0s
0r
1y
0c
1i
#15793968353
0t
0s
0r
1y
0c
1i
#15793969492
1t
0s
0r
1y
0c
0i
#15793970576
0t
0s
0r
1y
0c
0i
#15793971713
1t
0s
0r
1y
0c
0i
#15793972795
0t
0s
0r
1y
0c
0i
#15793973936
1t
0s
0r
1y
0c
0i
#15793975021
0t
0s
0r
1y
0c
0i
#15793976161
1t
0s
0r
1y
0c
0i
#15793977243
0t
0s
0r
1y
0c
0i
#15793978375
1t
0s
0r
1y
0c
0i
#15793979450
0t
0s
0r
1y
0c
0i
#15793980579
1t
0s
0r
1y
0c
0i
#15793981653
0t
0s
0r
1y
0c
0i
#15793982779
1t
0s
0r
1y
0c
0i
#15793983849
0t
0s
0r
1y
0c
0i
#15793984965
1t
0s
0r
1y
0c
0i
#15793986032
0t
0s
0r
1y
0c
0i
#15793987149
1t
0s
0r
1y
0c
0i
#15793988216
0t
0s
0r
1y
0c
0i
#15793989338
1t
0s
0r
1y
0c
0i
#15793990405
0t
0s
0r
1y
0c
0i
#15793991524
1t
0s
0r
1y
0c
0i
#15793992588
0t
0s
0r
1y
0c
0i
#15793993713
1t
0s
0r
1y
0c
0i
#15793994783
0t
0s
0r
1y
0c
0i
#15793995908
1t
0s
0r
1y
0c
0i
#15793996976
0t
0s
0r
1y
0c
0i
#15793998103
1t
0s
0r
1y
0c
0i
#15793999174
0t
0s
0r
1y
0c
0i
#15794000309
1t
0s
0r
1y
0c
0i
#15794001382
0t
0s
0r
1y
0c
0i
#15794002520
1t
0s
0r
1y
0c
0i
#15794003593
0t
0s
0r
1y
1c
0i
#15794004736
1t
0s
0r
1y
1c
0i
#15794005821
0t
0s
0r
1y
1c
1i
#15794006976
1t
0s
0r
1y
1c
1i
#15794008064
0t
0s
0r
1y
1c
1i
#15794009220
1t
0s
0r
1y
1c
0i
#15794010312
0t
0s
0r
1y
1c
0i
#15794011473
1t
0s
0r
1y
1c
0i
#15794012568
0t
0s
0r
1y
1c
0i
#15794013729
1t
0s
0r
1y
1c
0i
#15794014820
0t
0s
0r
1y
1c
0i
#15794015968
1t
0s
0r
1y
1c
0i
#15794017047
0t
0s
0r
1y
1c
0i
#15794018187
1t
0s
0r
1y
1c
0i
#15794019260
0t
0s
0r
1y
1c
0i
#15794020389
1t
0s
0r
1y
1c
0i
#15794021453
0t
0s
0r
1y
1c
0i
#15794022571
1t
0s
0r
1y
1c
0i
#15794023630
0t
0s
0r
1y
1c
0i
#15794024743
1t
0s
0r
1y
1c
0i
#15794025806
0t
0s
0r
1y
1c
0i
#15794026925
1t
0s
0r
1y
1c
0i
#15794027984
0t
0s
0r
1y
1c
0i
#15794030700
1t
0s
0r
1y
1c
0i
#15794032360
0t
0s
0r
1y
1c
0i
#15794033475
1t
0s
0r
1y
1c
0i
#15794034547
0t
0s
0r
1y
1c
0i
#15794035668
1t
0s
0r
1y
1c
0i
#15794036736
0t
0s
0r
1y
1c
0i
#15794037864
1t
0s
0r
1y
1c
0i
#15794038939
0t
0s
0r
1y
1c
0i
#15794040068
1t
0s
0r
1y
1c
0i
#15794041143
0t
0s
0r
1y
1c
0i
#15794042275
1t
0s
0r
1y
1c
0i
#15794043355
0t
0s
0r
1y
0c
0i
#15794044496
1t
0s
0r
1y
0c
0i
#15794045584
0t
0s
0r
1y
0c
1i
#15794046730
1t
0s
0r
1y
0c
1i
#15794047108
1t
0s
1r
1y
0c
1i
#15794047110
1t
0s
0r
1y
0c
1i
#15794047822
0t
0s
0r
1y
0c
1i
#15794048972
1t
0s
0r
1y
0c
0i
#15794050072
0t
0s
0r
1y
0c
0i
#15794051230
1t
0s
0r
1y
0c
0i
#15794052328
0t
0s
0r
1y
0c
0i
#15794053481
1t
0s
0r
1y
0c
0i
#15794054575
0t
0s
0r
1y
0c
0i
#15794055722
1t
0s
0r
1y
0c
0i
#15794056810
0t
0s
0r
1y
0c
0i
#15794057948
1t
0s
0r
1y
0c
0i
#15794059026
0t
0s
0r
1y
0c
0i
#15794060148
1t
0s
0r
1y
0c
0i
#15794061215
0t
0s
0r
1y
0c
0i
#15794062331
1t
0s
0r
1y
0c
0i
#15794063397
0t
0s
0r
1y
0c
0i
#15794064510
1t
0s
0r
1y
0c
0i
#15794065575
0t
0s
0r
1y
0c
0i
#15794066689
1t
0s
0r
1y
0c
0i
#15794067750
0t
0s
0r
1y
0c
0i
#15794068865
1t
0s
0r
1y
0c
0i
#15794069930
0t
0s
0r
1y
0c
0i
#15794071053
1t
0s
0r
1y
0c
0i
#15794072118
0t
0s
0r
1y
0c
0i
#15794073239
1t
0s
0r
1y
0c
0i
#15794074303
0t
0s
0r
1y
0c
0i
#15794075431
1t
0s
0r
1y
0c
0i
#15794076499
0t
0s
0r
1y
0c
0i
#15794077631
1t
0s
0r
1y
0c
0i
#15794078701
0t
0s
0r
1y
0c
0i
#15794079832
1t
0s
0r
1y
0c
0i
#15795324266
1t
0s
0r
1y
0c
0i
#15795325231
0t
0s
0r
1y
0c
0i
#15795326236
1t
0s
0r
1y
0c
0i
#15795327200
0t
0s
0r
1y
0c
0i
#15795328201
1t
0s
0r
1y
0c
0i
#15795329163
0t
0s
0r
1y
0c
0i
#15795330167
1t
0s
0r
1y
0c
0i
#15795331132
0t
0s
0r
1y
0c
0i
#15795332139
1t
0s
0r
1y
0c
0i
#15795333102
0t
0s
0r
1y
0c
0i
#15795334108
1t
0s
0r
1y
0c
0i
#15795335069
0t
0s
0r
1y
0c
0i
#15795336078
1t
0s
0r
1y
0c
0i
#15795337045
0t
0s
0r
1y
0c
0i
#15795338058
1t
0s
0r
1y
0c
0i
#15795339025
0t
0s
0r
1y
0c
0i
#15795340038
1t
0s
0r
1y
0c
0i
#15795341006
0t
0s
0r
1y
0c
0i
#15795342024
1t
0s
0r
1y
0c
0i
#15795342998
0t
0s
0r
1y
0c
1i
#15795344022
1t
0s
0r
1y
1c
1i
#15795344999
0t
0s
0r
1y
1c
1i
#15795346024
1t
0s
0r
1y
1c
0i
#15795347005
0t
0s
0r
1y
1c
0i
#15795348037
1t
0s
0r
1y
1c
0i
#15795349017
0t
0s
0r
1y
1c
0i
#15795350045
1t
0s
0r
1y
1c
0i
#15795351023
0t
0s
0r
1y
1c
0i
#15795352052
1t
0s
0r
1y
1c
0i
#15795353035
0t
0s
0r
1y
1c
0i
#15795354066
1t
0s
0r
1y
1c
0i
#15795355049
0t
0s
0r
1y
1c
0i
#15795356079
1t
0s
0r
1y
1c
0i
#15795357061
0t
0s
0r
1y
1c
0i
#15795358091
1t
0s
0r
1y
1c
0i
#15795359078
0t
0s
0r
1y
1c
0i
#15795360110
1t
0s
0r
1y
1c
0i
#15795361098
0t
0s
0r
1y
1c
0i
#15795362127
1t
0s
0r
1y
1c
0i
#15795363109
0t
0s
0r
1y
1c
0i
#15795365587
1t
0s
0r
1y
1c
0i
#15795367155
0t
0s
0r
1y
1c
0i
#15795368173
1t
0s
0r
1y
1c
0i
#15795369164
0t
0s
0r
1y
1c
0i
#15795370195
1t
0s
0r
1y
1c
0i
#15795371183
0t
0s
0r
1y
1c
0i
#15795372213
1t
0s
0r
1y
1c
0i
#15795373199
0t
0s
0r
1y
1c
0i
#15795374232
1t
0s
0r
1y
1c
0i
#15795375222
0t
0s
0r
1y
1c
0i
#15795376257
1t
0s
0r
1y
1c
0i
#15795377249
0t
0s
0r
1y
1c
0i
#15795378285
1t
0s
0r
1y
1c
0i
#15795379280
0t
0s
0r
1y
1c
1i
#15795380319
1t
0s
0r
1y
0c
1i
#15795381319
0t
0s
0r
1y
0c
1i
#15795382363
1t
0s
0r
1y
0c
0i
#15795383365
0t
0s
0r
1y
0c
0i
#15795384405
1t
0s
0r
1y
0c
0i
#15795385409
0t
0s
0r
1y
0c
0i
#15795386455
1t
0s
0r
1y
0c
0i
#15795387459
0t
0s
0r
1y
0c
0i
#15795388503
1t
0s
0r
1y
0c
0i
#15795389507
0t
0s
0r
1y
0c
0i
#15795390552
1t
0s
0r
1y
0c
0i
#15795391558
0t
0s
0r
1y
0c
0i
#15795392609
1t
0s
0r
1y
0c
0i
#15795393617
0t
0s
0r
1y
0c
0i
#15795394666
1t
0s
0r
1y
0c
0i
#15795395673
0t
0s
0r
1y
0c
0i
#15795396726
1t
0s
0r
1y
0c
0i
#15795397737
0t
0s
0r
1y
0c
0i
#15795398794
1t
0s
0r
1y
0c
0i
#15795399803
0t
0s
0r
1y
0c
0i
#15795400859
1t
0s
0r
1y
0c
0i
#15795401868
0t
0s
0r
1y
0c
0i
#15795402923
1t
0s
0r
1y
0c
0i
#15795403934
0t
0s
0r
1y
0c
0i
#15795404994
1t
0s
0r
1y
0c
0i
#15795406004
0t
0s
0r
1y
0c
0i
#15795407061
1t
0s
0r
1y
0c
0i
#15795408070
0t
0s
0r
1y
0c
0i
#15795409131
1t
0s
0r
1y
0c
0i
#15795410141
0t
0s
0r
1y
0c
0i
#15795411205
1t
0s
0r
1y
0c
0i
#15795412218
0t
0s
0r
1y
0c
0i
#15795413284
1t
0s
0r
1y
0c
0i
#15795414295
0t
0s
0r
1y
0c
0i
#15795415367
1t
0s
0r
1y
0c
0i
#15795416388
0t
0s
0r
1y
1c
1i
#15795417463
1t
0s
0r
1y
1c
1i
#15795418487
0t
0s
0r
1y
1c
0i
#15795419566
1t
0s
0r
1y
1c
0i
#15795420595
0t
0s
0r
1y
1c
0i
#15795421680
1t
0s
0r
1y
1c
0i
#15795422709
0t
0s
0r
1y
1c
0i
#15795423792
1t
0s
0r
1y
1c
0i
#15795424817
0t
0s
0r
1y
1c
0i
#15795425900
1t
0s
0r
1y
1c
0i
#15795426930
0t
0s
0r
1y
1c
0i
#15795428015
1t
0s
0r
1y
1c
0i
#15795429043
0t
0s
0r
1y
1c
0i
#15795430123
1t
0s
0r
1y
1c
0i
#15795431148
0t
0s
0r
1y
1c
0i
#15795432225
1t
0s
0r
1y
1c
0i
#15795433251
0t
0s
0r
1y
1c
0i
#15795434326
1t
0s
0r
1y
1c
0i
#15795435350
0t
0s
0r
1y
1c
0i
#15795436421
1t
0s
0r
1y
1c
0i
#15795437437
0t
0s
0r
1y
1c
0i
#15795440016
1t
0s
0r
1y
1c
0i
#15795441637
0t
0s
0r
1y
1c
0i
#15795442699
1t
0s
0r
1y
1c
0i
#15795443724
0t
0s
0r
1y
1c
0i
#15795444796
1t
0s
0r
1y
1c
0i
#15795445825
0t
0s
0r
1y
1c
0i
#15795446900
1t
0s
0r
1y
1c
0i
#15795447925
0t
0s
0r
1y
1c
0i
#15795449002
1t
0s
0r
1y
1c
0i
#15795450032
0t
0s
0r
1y
1c
0i
#15795451117
1t
0s
0r
1y
1c
0i
#15795452149
0t
0s
0r
1y
1c
0i
#15795453233
1t
0s
0r
1y
1c
0i
#15795454270
0t
0s
0r
1y
0c
1i
#15795455185
0t
0s
1r
1y
0c
1i
#15795455187
0t
0s
0r
1y
0c
1i
#15795455359
1t
0s
0r
1y
0c
1i
#15795456403
0t
0s
0r
1y
0c
1i
#15795457499
1t
0s
0r
1y
0c
0i
#15795458546
0t
0s
0r
1y
0c
0i
#15795459641
1t
0s
0r
1y
0c
0i
#15795460687
0t
0s
0r
1y
0c
0i
#15795461783
1t
0s
0r
1y
0c
0i
#15795462831
0t
0s
0r
1y
0c
0i
#15795463927
1t
0s
0r
1y
0c
0i
#15795464974
0t
0s
0r
1y
0c
0i
#15795466066
1t
0s
0r
1y
0c
0i
#15795467111
0t
0s
0r
1y
0c
0i
#15795468203
1t
0s
0r
1y
0c
0i
#15795469247
0t
0s
0r
1y
0c
0i
#15795470338
1t
0s
0r
1y
0c
0i
#15795471379
0t
0s
0r
1y
0c
0i
#15795472460
1t
0s
0r
1y
0c
0i
#15795473498
0t
0s
0r
1y
0c
0i
#15795474581
1t
0s
0r
1y
0c
0i
#15795475618
0t
0s
0r
1y
0c
0i
#15795476702
1t
0s
0r
1y
0c
0i
#15795477736
0t
0s
0r
1y
0c
0i
#15795478817
1t
0s
0r
1y
0c
0i
#15795479852
0t
0s
0r
1y
0c
0i
#15795480940
1t
0s
0r
1y
0c
0i
#15795481977
0t
0s
0r
1y
0c
0i
#15795483063
1t
0s
0r
1y
0c
0i
#15795484097
0t
0s
0r
1y
0c
0i
#15795485188
1t
0s
0r
1y
0c
0i
#15795486226
0t
0s
0r
1y
0c
0i
#15795487322
1t
0s
0r
1y
0c
0i
#15795488360
0t
0s
0r
1y
0c
0i
#15795489458
1t
0s
0r
1y
0c
0i
#15795490496
0t
0s
0r
1y
0c
0i
#15795491600
1t
0s
0r
1y
1c
0i
#15795492648
0t
0s
0r
1y
1c
1i
#15795493759
1t
0s
0r
1y
1c
1i
#15795494811
0t
0s
0r
1y
1c
1i
#15795495924
1t
0s
0r
1y
1c
0i
#15795496979
0t
0s
0r
1y
1c
0i
#15795498095
1t
0s
0r
1y
1c
0i
#15795499152
0t
0s
0r
1y
1c
0i
#15795500270
1t
0s
0r
1y
1c
0i
#15795501328
0t
0s
0r
1y
1c
0i
#15795502441
1t
0s
0r
1y
1c
0i
#15795503494
0t
0s
0r
1y
1c
0i
#15795504606
1t
0s
0r
1y
1c
0i
#15795505660
0t
0s
0r
1y
1c
0i
#15795506768
1t
0s
0r
1y
1c
0i
#15795507817
0t
0s
0r
1y
1c
0i
#15795508918
1t
0s
0r
1y
1c
0i
#15795509961
0t
0s
0r
1y
1c
0i
#15795511057
1t
0s
0r
1y
1c
0i
#15795512102
0t
0s
0r
1y
1c
0i
#15795513199
1t
0s
0r
1y
1c
0i
#15795514238
0t
0s
0r
1y
1c
0i
#15795516894
1t
0s
0r
1y
1c
0i
#15795518520
0t
0s
0r
1y
1c
0i
#15795519608
1t
0s
0r
1y
1c
0i
#15795520656
0t
0s
0r
1y
1c
0i
#15795521748
1t
0s
0r
1y
1c
0i
#15795522795
0t
0s
0r
1y
1c
0i
#15795523897
1t
0s
0r
1y
1c
0i
#15795524946
0t
0s
0r
1y
1c
0i
#15795526047
1t
0s
0r
1y
1c
0i
#15795527095
0t
0s
0r
1y
0c
0i
#15795528200
1t
0s
0r
1y
0c
0i
#15795529255
0t
0s
0r
1y
0c
0i
#15795530368
1t
0s
0r
1y
0c
0i
#15795531428
0t
0s
0r
1y
0c
1i
#15795532541
1t
0s
0r
1y
0c
1i
#15795533604
0t
0s
0r
1y
0c
1i
#15795534722
1t
0s
0r
1y
0c
0i
#15795535793
0t
0s
0r
1y
0c
0i
#15795536915
1t
0s
0r
1y
0c
0i
#15795537983
0t
0s
0r
1y
0c
0i
#15795539098
1t
0s
0r
1y
0c
0i
#15795540159
0t
0s
0r
1y
0c
0i
#15795541267
1t
0s
0r
1y
0c
0i
#15795542322
0t
0s
0r
1y
0c
0i
#15795543422
1t
0s
0r
1y
0c
0i
#15795544467
0t
0s
0r
1y
0c
0i
#15795545555
1t
0s
0r
1y
0c
0i
#15795546591
0t
0s
0r
1y
0c
0i
#15795547676
1t
0s
0r
1y
0c
0i
#15795548713
0t
0s
0r
1y
0c
0i
#15795549797
1t
0s
0r
1y
0c
0i
#15795550834
0t
0s
0r
1y
0c
0i
#15795551916
1t
0s
0r
1y
0c
0i
#15795552950
0t
0s
0r
1y
0c
0i
#15795554036
1t
0s
0r
1y
0c
0i
#15795555075
0t
0s
0r
1y
0c
0i
#15795556166
1t
0s
0r
1y
0c
0i
#15795557206
0t
0s
0r
1y
0c
0i
#15795558296
1t
0s
0r
1y
0c
0i
#15795559334
0t
0s
0r
1y
0c
0i
#15795560427
1t
0s
0r
1y
0c
0i
#15795561469
0t
0s
0r
1y
0c
0i
#15795562568
1t
0s
0r
1y
0c
0i
#15795563610
0t
0s
0r
1y
0c
0i
#15795564708
1t
0s
0r
1y
0c
0i
#15795565749
0t
0s
0r
1y
0c
0i
#15795566853
1t
0s
0r
1y
0c
0i
#15795567901
0t
0s
0r
1y
1c
0i
#15795569012
1t
0s
0r
1y
1c
0i
#15795570064
0t
0s
0r
1y
1c
1i
#15795571178
1t
0s
0r
1y
1c
1i
#15795572235
0t
0s
0r
1y
1c
1i
#15795573356
1t
0s
0r
1y
1c
0i
#15795574420
0t
0s
0r
1y
1c
0i
#15795575547
1t
0s
0r
1y
1c
0i
#15795576610
0t
0s
0r
1y
1c
0i
#15795577730
1t
0s
0r
1y
1c
0i
#15795578793
0t
0s
0r
1y
1c
0i
#15795579911
1t
0s
0r
1y
1c
0i
#15795580968
0t
0s
0r
1y
1c
0i
#15795582078
1t
0s
0r
1y
1c
0i
#15795583125
0t
0s
0r
1y
1c
0i
#15795584221
1t
0s
0r
1y
1c
0i
#15795585261
0t
0s
0r
1y
1c
0i
#15795586353
1t
0s
0r
1y
1c
0i
#15795587392
0t
0s
0r
1y
1c
0i
#15795588476
1t
0s
0r
1y
1c
0i
#15795589511
0t
0s
0r
1y
1c
0i
#20089330600
0t
0s
0r
1y
0c
1i
#20089331730
1t
0s
0r
1y
0c
1i
#20089332480
1t
0s
1r
1y
0c
1i
#20089332483
1t
0s
0r
1y
0c
1i
#20089332807
0t
0s
0r
1y
0c
1i
#20089333940
1t
0s
0r
1y
0c
0i
#20089335020
0t
0s
0r
1y
0c
0i
#20089336157
1t
0s
0r
1y
0c
0i
#20089337240
0t
0s
0r
1y
0c
0i
#20089338376
1t
0s
0r
1y
0c
0i
#20089339454
0t
0s
0r
1y
0c
0i
#20089340576
1t
0s
0r
1y
0c
0i
#20089341640
0t
0s
0r
1y
0c
0i
#20089342749
1t
0s
0r
1y
0c
0i
#20089343804
0t
0s
0r
1y
0c
0i
#20089344903
1t
0s
0r
1y
0c
0i
#20089345947
0t
0s
0r
1y
0c
0i
#20089347035
1t
0s
0r
1y
0c
0i
#20089348072
0t
0s
0r
1y
0c
0i
#20089349156
1t
0s
0r
1y
0c
0i
#20089350195
0t
0s
0r
1y
0c
0i
#20089351283
1t
0s
0r
1y
0c
0i
#20089352318
0t
0s
0r
1y
0c
0i
#20089353403
1t
0s
0r
1y
0c
0i
#20089354438
0t
0s
0r
1y
0c
0i
#20089355526
1t
0s
0r
1y
0c
0i
#20089356566
0t
0s
0r
1y
0c
0i
#20089357660
1t
0s
0r
1y
0c
0i
#20089358700
0t
0s
0r
1y
0c
0i
#20089359790
1t
0s
0r
1y
0c
0i
#20089360833
0t
0s
0r
1y
0c
0i
#20089361934
1t
0s
0r
1y
0c
0i
#20089362977
0t
0s
0r
1y
0c
0i
#20089364075
1t
0s
0r
1y
0c
0i
#20089365118
0t
0s
0r
1y
0c
0i
#20089366224
1t
0s
0r
1y
0c
0i
#20089367273
0t
0s
0r
1y
1c
0i
#20089368387
1t
0s
0r
1y
1c
0i
#20089369442
0t
0s
0r
1y
1c
1i
#20089370560
1t
0s
0r
1y
1c
1i
#20089371619
0t
0s
0r
1y
1c
1i
#20089372743
1t
0s
0r
1y
1c
0i
#20089373810
0t
0s
0r
1y
1c
0i
#20089374938
1t
0s
0r
1y
1c
0i
#20089376002
0t
0s
0r
1y
1c
0i
#20089377122
1t
0s
0r
1y
1c
0i
#20089378182
0t
0s
0r
1y
1c
0i
#20089379297
1t
0s
0r
1y
1c
0i
#20089380347
0t
0s
0r
1y
1c
0i
#20089381451
1t
0s
0r
1y
1c
0i
#20089382491
0t
0s
0r
1y
1c
0i
#20089383578
1t
0s
0r
1y
1c
0i
#20089384605
0t
0s
0r
1y
1c
0i
#20089385682
1t
0s
0r
1y
1c
0i
#20089386707
0t
0s
0r
1y
1c
0i
#20089387778
1t
0s
0r
1y
1c
0i
#20089388800
0t
0s
0r
1y
1c
0i
#20089389867
1t
0s
0r
1y
1c
0i
#20089390881
0t
0s
0r
1y
1c
0i
#20089393456
1t
0s
0r
1y
1c
0i
#20089395074
0t
0s
0r
1y
1c
0i
#20089396132
1t
0s
0r
1y
1c
0i
#20089397156
0t
0s
0r
1y
1c
0i
#20089398227
1t
0s
0r
1y
1c
0i
#20089399253
0t
0s
0r
1y
1c
0i
#20089400327
1t
0s
0r
1y
1c
0i
#20089401353
0t
0s
0r
1y
1c
0i
#20089402427
1t
0s
0r
1y
1c
0i
#20089403457
0t
0s
0r
1y
1c
0i
#20089404541
1t
0s
0r
1y
1c
0i
#20089405575
0t
0s
0r
1y
0c
0i
#20089406660
1t
0s
0r
1y
0c
0i
#20089407699
0t
0s
0r
1y
0c
1i
#20089408791
1t
0s
0r
1y
0c
1i
#20089409839
0t
0s
0r
1y
0c
1i
#20089410938
1t
0s
0r
1y
0c
0i
#20089411990
0t
0s
0r
1y
0c
0i
#20089413087
1t
0s
0r
1y
0c
0i
#20089414137
0t
0s
0r
1y
0c
0i
#20089415234
1t
0s
0r
1y
0c
0i
#20089416283
0t
0s
0r
1y
0c
0i
#20089417376
1t
0s
0r
1y
0c
0i
#20089418414
0t
0s
0r
1y
0c
0i
#20089419491
1t
0s
0r
1y
0c
0i
#20089420519
0t
0s
0r
1y
0c
0i
#20089421586
1t
0s
0r
1y
0c
0i
#20089422605
0t
0s
0r
1y
0c
0i
#20089423669
1t
0s
0r
1y
0c
0i
#20089424683
0t
0s
0r
1y
0c
0i
#20089425735
1t
0s
0r
1y
0c
0i
#20089426744
0t
0s
0r
1y
0c
0i
#20089427796
1t
0s
0r
1y
0c
0i
#20089428806
0t
0s
0r
1y
0c
0i
#20089429863
1t
0s
0r
1y
0c
0i
#20089430870
0t
0s
0r
1y
0c
0i
#20089431922
1t
0s
0r
1y
0c
0i
#20089432929
0t
0s
0r
1y
0c
0i
#20089433983
1t
0s
0r
1y
0c
0i
#20089434992
0t
0s
0r
1y
0c
0i
#20089436051
1t
0s
0r
1y
0c
0i
#20089437059
0t
0s
0r
1y
0c
0i
#20089438116
1t
0s
0r
1y
0c
0i
#20089439125
0t
0s
0r
1y
0c
0i
#20089440189
1t
0s
0r
1y
0c
0i
#20089441200
0t
0s
0r
1y
0c
0i
#20089442264
1t
0s
0r
1y
0c
0i
#20089443276
0t
0s
0r
1y
1c
0i
#20089444346
1t
0s
0r
1y
1c
0i
#20089445366
0t
0s
0r
1y
1c
1i
#20089446445
1t
0s
0r
1y
1c
1i
#20089447470
0t
0s
0r
1y
1c
1i
#20089448551
1t
0s
0r
1y
1c
0i
#20089449578
0t
0s
0r
1y
1c
0i
#20089450662
1t
0s
0r
1y
1c
0i
#20089451691
0t
0s
0r
1y
1c
0i
#20089452773
1t
0s
0r
1y
1c
0i
#20089453799
0t
0s
0r
1y
1c
0i
#20089454872
1t
0s
0r
1y
1c
0i
#20089455888
0t
0s
0r
1y
1c
0i
#20089456948
1t
0s
0r
1y
1c
0i
#20089457955
0t
0s
0r
1y
1c
0i
#20089459007
1t
0s
0r
1y
1c
0i
#20089460004
0t
0s
0r
1y
1c
0i
#20089461047
1t
0s
0r
1y
1c
0i
#20089462041
0t
0s
0r
1y
1c
0i
#20089463074
1t
0s
0r
1y
1c
0i
#20089464061
0t
0s
0r
1y
1c
0i
#20089465095
1t
0s
0r
1y
1c
0i
#20089466081
0t
0s
0r
1y
1c
0i
#20089468584
1t
0s
0r
1y
1c
0i
#20089470134
0t
0s
0r
1y
1c
0i
#20089471158
1t
0s
0r
1y
1c
0i
#20089472153
0t
0s
0r
1y
1c
0i
#20089473184
1t
0s
0r
1y
1c
0i
#20089474174
0t
0s
0r
1y
1c
0i
#20089475209
1t
0s
0r
1y
1c
0i
#20089476204
0t
0s
0r
1y
1c
0i
#20089477245
1t
0s
0r
1y
1c
0i
#20089478241
0t
0s
0r
1y
1c
0i
#20089479282
1t
0s
0r
1y
1c
0i
#20089480281
0t
0s
0r
1y
0c
0i
#20089481328
1t
0s
0r
1y
0c
0i
#20089482335
0t
0s
0r
1y
0c
1i
#20089483391
1t
0s
0r
1y
0c
1i
#20089484404
0t
0s
0r
1y
0c
1i
#20089484489
0t
0s
1r
1y
0c
1i
#20089484491
0t
0s
0r
1y
0c
1i
#20089485460
1t
0s
0r
1y
0c
0i
#20089486476
0t
0s
0r
1y
0c
0i
#20089487537
1t
0s
0r
1y
0c
0i
#20089488556
0t
0s
0r
1y
0c
0i
#20089489612
1t
0s
0r
1y
0c
0i
#20089490622
0t
0s
0r
1y
0c
0i
#20089491669
1t
0s
0r
1y
0c
0i
#20089492670
0t
0s
0r
1y
0c
0i
#20089493706
1t
0s
0r
1y
0c
0i
#20089494695
0t
0s
0r
1y
0c
0i
#20089495721
1t
0s
0r
1y
0c
0i
#20089496700
0t
0s
0r
1y
0c
0i
#20089497713
1t
0s
0r
1y
0c
0i
#20089498686
0t
0s
0r
1y
0c
0i
#20089499693
1t
0s
0r
1y
0c
0i
#20089500665
0t
0s
0r
1y
0c
0i
#20089501674
1t
0s
0r
1y
0c
0i
#20089502644
0t
0s
0r
1y
0c
0i
#20089503651
1t
0s
0r
1y
0c
0i
#20089504618
0t
0s
0r
1y
0c
0i
#20089505629
1t
0s
0r
1y
0c
0i
#20089506601
0t
0s
0r
1y
0c
0i
#20089507612
1t
0s
0r
1y
0c
0i
#20089508580
0t
0s
0r
1y
0c
0i
#20089509593
1t
0s
0r
1y
0c
0i
#20089510566
0t
0s
0r
1y
0c
0i
#20089511584
1t
0s
0r
1y
0c
0i
#20089512557
0t
0s
0r
1y
0c
0i
#20089513574
1t
0s
0r
1y
0c
0i
#20089514545
0t
0s
0r
1y
0c
0i
#20089515568
1t
0s
0r
1y
0c
0i
#20089516544
0t
0s
0r
1y
1c
0i
#20089517573
1t
0s
0r
1y
1c
0i
#20089518554
0t
0s
0r
1y
1c
1i
#20089519582
1t
0s
0r
1y
1c
1i
#20089520569
0t
0s
0r
1y
1c
1i
#20089521606
1t
0s
0r
1y
1c
0i
#20089522595
0t
0s
0r
1y
1c
0i
#20089523635
1t
0s
0r
1y
1c
0i
#20089524623
0t
0s
0r
1y
1c
0i
#20089525658
1t
0s
0r
1y
1c
0i
#20089526640
0t
0s
0r
1y
1c
0i
#20089527667
1t
0s
0r
1y
1c
0i
#20089528646
0t
0s
0r
1y
1c
0i
#20089529665
1t
0s
0r
1y
1c
0i
#20089530633
0t
0s
0r
1y
1c
0i
#20089531640
1t
0s
0r
1y
1c
0i
#20089532596
0t
0s
0r
1y
1c
0i
#20089533594
1t
0s
0r
1y
1c
0i
#20089534551
0t
0s
0r
1y
1c
0i
#20089535546
1t
0s
0r
1y
1c
0i
#20089536498
0t
0s
0r
1y
1c
0i
#20089537486
1t
0s
0r
1y
1c
0i
#20089538432
0t
0s
0r
1y
1c
0i
#20089540803
1t
0s
0r
1y
1c
0i
#20089542328
0t
0s
0r
1y
1c
0i
#20089543307
1t
0s
0r
1y
1c
0i
#20089544260
0t
0s
0r
1y
1c
0i
#20089545250
1t
0s
0r
1y
1c
0i
#20089546205
0t
0s
0r
1y
1c
0i
#20089547195
1t
0s
0r
1y
1c
0i
#20089548146
0t
0s
0r
1y
1c
0i
#20089549139
1t
0s
0r
1y
1c
0i
#20089550095
0t
0s
0r
1y
1c
0i
#20089551091
1t
0s
0r
1y
1c
0i
#20089552050
0t
0s
0r
1y
1c
0i
#20089553046
1t
0s
0r
1y
0c
0i
#20089554009
0t
0s
0r
1y
0c
1i
#20089555009
1t
0s
0r
1y
0c
1i
#20089555976
0t
0s
0r
1y
0c
1i
#20089556980
1t
0s
0r
1y
0c
0i
#20089557948
0t
0s
0r
1y
0c
0i
#20089558949
1t
0s
0r
1y
0c
0i
#20089559917
0t
0s
0r
1y
0c
0i
#20089560920
1t
0s
0r
1y
0c
0i
#20089561884
0t
0s
0r
1y
0c
0i
#20089562885
1t
0s
0r
1y
0c
0i
#20089563846
0t
0s
0r
1y
0c
0i
#20089564838
1t
0s
0r
1y
0c
0i
#20089565792
0t
0s
0r
1y
0c
0i
#20089566779
1t
0s
0r
1y
0c
0i
#20089567729
0t
0s
0r
1y
0c
0i
#20089568713
1t
0s
0r
1y
0c
0i
#20089569658
0t
0s
0r
1y
0c
0i
#20089570633
1t
0s
0r
1y
0c
0i
#20089571572
0t
0s
0r
1y
0c
0i
#20089572546
1t
0s
0r
1y
0c
0i
#20089573487
0t
0s
0r
1y
0c
0i
#20089574465
1t
0s
0r
1y
0c
0i
#20089575403
0t
0s
0r
1y
0c
0i
#20089576375
1t
0s
0r
1y
0c
0i
#20089577312
0t
0s
0r
1y
0c
0i
#20089578288
1t
0s
0r
1y
0c
0i
#20089579227
0t
0s
0r
1y
0c
0i
#20089580205
1t
0s
0r
1y
0c
0i
#20089581144
0t
0s
0r
1y
0c
0i
#20089582121
1t
0s
0r
1y
0c
0i
#20089583061
0t
0s
0r
1y
0c
0i
#20089584044
1t
0s
0r
1y
0c
0i
#20089584986
0t
0s
0r
1y
0c
0i
#20089585969
1t
0s
0r
1y
0c
0i
#20089586908
0t
0s
0r
1y
0c
0i
#20089587897
1t
0s
0r
1y
1c
0i
#20089588846
0t
0s
0r
1y
1c
1i
#20089589838
1t
0s
0r
1y
1c
1i
#20089590789
0t
0s
0r
1y
1c
1i
#20089591784
1t
0s
0r
1y
1c
1i
#20089592738
0t
0s
0r
1y
1c
0i
#20089593737
1t
0s
0r
1y
1c
0i
#20089594691
0t
0s
0r
1y
1c
0i
#20089595685
1t
0s
0r
1y
1c
0i
#20089596634
0t
0s
0r
1y
1c
0i
#20089597621
1t
0s
0r
1y
1c
0i
#20089598568
0t
0s
0r
1y
1c
0i
#20089599552
1t
0s
0r
1y
1c
0i
#20089600490
0t
0s
0r
1y
1c
0i
#20089601468
1t
0s
0r
1y
1c
0i
#20089602401
0t
0s
0r
1y
1c
0i
#20089603368
1t
0s
0r
1y
1c
0i
#20089604294
0t
0s
0r
1y
1c
0i
#20089605255
1t
0s
0r
1y
1c
0i
#20089606182
0t
0s
0r
1y
1c
0i
#20089607143
1t
0s
0r
1y
1c
0i
#20089608064
0t
0s
0r
1y
1c
0i
#20089610367
1t
0s
0r
1y
1c
0i
#20089611832
0t
0s
0r
1y
1c
0i
#20089612782
1t
0s
0r
1y
1c
0i
#20089613708
0t
0s
0r
1y
1c
0i
#20089614661
1t
0s
0r
1y
1c
0i
#20089615587
0t
0s
0r
1y
1c
0i
#20089616548
1t
0s
0r
1y
1c
0i
#20089617472
0t
0s
0r
1y
1c
0i
#20089618431
1t
0s
0r
1y
1c
0i
#20089619355
0t
0s
0r
1y
1c
0i
#20089620318
1t
0s
0r
1y
1c
0i
#20089621248
0t
0s
0r
1y
1c
0i
#20089622216
1t
0s
0r
1y
1c
0i
#20089623152
0t
0s
0r
1y
0c
1i
#20089624122
1t
0s
0r
1y
0c
1i
#20089625058
0t
0s
0r
1y
0c
1i
#20089625143
0t
0s
1r
1y
0c
1i
#20089625146
0t
0s
0r
1y
0c
1i
#20089626033
1t
0s
0r
1y
0c
1i
#20089626976
0t
0s
0r
1y
0c
0i
#20089627952
1t
0s
0r
1y
0c
0i
#20089628895
0t
0s
0r
1y
0c
0i
#20089629868
1t
0s
0r
1y
0c
0i
#20089630808
0t
0s
0r
1y
0c
0i
#20089631779
1t
0s
0r
1y
0c
0i
#20089632717
0t
0s
0r
1y
0c
0i
#20089633684
1t
0s
0r
1y
0c
0i
#20089634615
0t
0s
0r
1y
0c
0i
#20089635573
1t
0s
0r
1y
0c
0i
#20089636499
0t
0s
0r
1y
0c
0i
#20089637452
1t
0s
0r
1y
0c
0i
#20089638372
0t
0s
0r
1y
0c
0i
#20089639320
1t
0s
0r
1y
0c
0i
#20089640235
0t
0s
0r
1y
0c
0i
#20089641178
1t
0s
0r
1y
0c
0i
#20089642089
0t
0s
0r
1y
0c
0i
#20089643034
1t
0s
0r
1y
0c
0i
#20089643946
0t
0s
0r
1y
0c
0i
#20089644888
1t
0s
0r
1y
0c
0i
#20089645796
0t
0s
0r
1y
0c
0i
#20089646740
1t
0s
0r
1y
0c
0i
#20089647652
0t
0s
0r
1y
0c
0i
#20089648599
1t
0s
0r
1y
0c
0i
#20089649509
0t
0s
0r
1y
0c
0i
#20089650455
1t
0s
0r
1y
0c
0i
#20089651364
0t
0s
0r
1y
0c
0i
#20089652312
1t
0s
0r
1y
0c
0i
#20089653227
0t
0s
0r
1y
0c
0i
#20089654178
1t
0s
0r
1y
0c
0i
#20089655090
0t
0s
0r
1y
0c
0i
#20089656045
1t
0s
0r
1y
0c
1i
#20089656964
0t
0s
0r
1y
1c
1i
#20089657924
1t
0s
0r
1y
1c
1i
#20089658847
0t
0s
0r
1y
1c
1i
#20089659808
1t
0s
0r
1y
1c
1i
#20089660730
0t
0s
0r
1y
1c
0i
#20089661692
1t
0s
0r
1y
1c
0i
#20089662616
0t
0s
0r
1y
1c
0i
#20089663579
1t
0s
0r
1y
1c
0i
#20089664501
0t
0s
0r
1y
1c
0i
#20089665458
1t
0s
0r
1y
1c
0i
#20089666374
0t
0s
0r
1y
1c
0i
#20089667327
1t
0s
0r
1y
1c
0i
#20089668242
0t
0s
0r
1y
1c
0i
#20089669191
1t
0s
0r
1y
1c
0i
#20089670101
0t
0s
0r
1y
1c
0i
#20089671041
1t
0s
0r
1y
1c
0i
#20089671943
0t
0s
0r
1y
1c
0i
#20089672877
1t
0s
0r
1y
1c
0i
#20089673779
0t
0s
0r
1y
1c
0i
#20089674713
1t
0s
0r
1y
1c
0i
#20089675609
0t
0s
0r
1y
1c
0i
#20089677838
1t
0s
0r
1y
1c
0i
#20089679265
0t
0s
0r
1y
1c
0i
#20089680185
1t
0s
0r
1y
1c
0i
#20089681085
0t
0s
0r
1y
1c
0i
#20089682008
1t
0s
0r
1y
1c
0i
#20089682906
0t
0s
0r
1y
1c
0i
#20089683835
1t
0s
0r
1y
1c
0i
#20089684733
0t
0s
0r
1y
1c
0i
#20089685661
1t
0s
0r
1y
1c
0i
#20089686556
0t
0s
0r
1y
1c
0i
#20089687487
1t
0s
0r
1y
1c
0i
#20089688389
0t
0s
0r
1y
1c
0i
#20089689322
1t
0s
0r
1y
1c
0i
#20089690227
0t
0s
0r
1y
1c
1i
#20089691161
1t
0s
0r
1y
0c
1i
#20089692066
0t
0s
0r
1y
0c
1i
#20089693001
1t
0s
0r
1y
0c
1i
#20089693911
0t
0s
0r
1y
0c
0i
#20089694849
1t
0s
0r
1y
0c
0i
#20089695757
0t
0s
0r
1y
0c
0i
#20089696693
1t
0s
0r
1y
0c
0i
#20089697599
0t
0s
0r
1y
0c
0i
#20089698535
1t
0s
0r
1y
0c
0i
#20089699440
0t
0s
0r
1y
0c
0i
#20089700374
1t
0s
0r
1y
0c
0i
#20089701279
0t
0s
0r
1y
0c
0i
#20089702208
1t
0s
0r
1y
0c
0i
#20089703106
0t
0s
0r
1y
0c
0i
#20089704033
1t
0s
0r
1y
0c
0i
#20089704930
0t
0s
0r
1y
0c
0i
#20089705854
1t
0s
0r
1y
0c
0i
#20089706747
0t
0s
0r
1y
0c
0i
#20089707667
1t
0s
0r
1y
0c
0i
#20089708556
0t
0s
0r
1y
0c
0i
#20089709474
1t
0s
0r
1y
0c
0i
#20089710364
0t
0s
0r
1y
0c
0i
#20089711280
1t
0s
0r
1y
0c
0i
#20089712164
0t
0s
0r
1y
0c
0i
#20089713080
1t
0s
0r
1y
0c
0i
#20089713966
0t
0s
0r
1y
0c
0i
#20089714885
1t
0s
0r
1y
0c
0i
#20089715768
0t
0s
0r
1y
0c
0i
#20089716685
1t
0s
0r
1y
0c
0i
#20089717566
0t
0s
0r
1y
0c
0i
#20089718484
1t
0s
0r
1y
0c
0i
#20089719370
0t
0s
0r
1y
0c
0i
#20089720293
1t
0s
0r
1y
0c
0i
#20089721181
0t
0s
0r
1y
0c
0i
#20089722104
1t
0s
0r
1y
0c
0i
#20089722992
0t
0s
0r
1y
0c
1i
#20089723920
1t
0s
0r
1y
1c
1i
#20089724817
0t
0s
0r
1y
1c
1i
#20089725748
1t
0s
0r
1y
1c
1i
#20089726645
0t
0s
0r
1y
1c
0i
#20089727576
1t
0s
0r
1y
1c
0i
#20089728474
0t
0s
0r
1y
1c
0i
#20089729407
1t
0s
0r
1y
1c
0i
#20089730304
0t
0s
0r
1y
1c
0i
#20089731234
1t
0s
0r
1y
1c
0i
#20089732127
0t
0s
0r
1y
1c
0i
#20089733056
1t
0s
0r
1y
1c
0i
#20089733951
0t
0s
0r
1y
1c
0i
#20089734882
1t
0s
0r
1y
1c
0i
#20089735776
0t
0s
0r
1y
1c
0i
#20089736701
1t
0s
0r
1y
1c
0i
#20089737593
0t
0s
0r
1y
1c
0i
#20089738515
1t
0s
0r
1y
1c
0i
#20089739407
0t
0s
0r
1y
1c
0i
#20089740330
1t
0s
0r
1y
1c
0i
#20089741216
0t
0s
0r
1y
1c
0i
#20089743417
1t
0s
0r
1y
1c
0i
#20089744825
0t
0s
0r
1y
1c
0i
#20089745732
1t
0s
0r
1y
1c
0i
#20089746618
0t
0s
0r
1y
1c
0i
#20089747527
1t
0s
0r
1y
1c
0i
#20089748409
0t
0s
0r
1y
1c
0i
#20089749320
1t
0s
0r
1y
1c
0i
#20089750204
0t
0s
0r
1y
1c
0i
#20089751120
1t
0s
0r
1y
1c
0i
#20089752004
0t
0s
0r
1y
1c
0i
#20089752918
1t
0s
0r
1y
1c
0i
#20089753804
0t
0s
0r
1y
0c
0i
#20089754722
1t
0s
0r
1y
0c
1i
#20089755614
0t
0s
0r
1y
0c
1i
#20089756535
1t
0s
0r
1y
0c
1i
#20089757283
1t
0s
1r
1y
0c
1i
#20089757285
1t
0s
0r
1y
0c
1i
#20089757429
0t
0s
0r
1y
0c
1i
#20089758353
1t
0s
0r
1y
0c
0i
#20089759250
0t
0s
0r
1y
0c
0i
#20089760177
1t
0s
0r
1y
0c
0i
#20089761074
0t
0s
0r
1y
0c
0i
#20089761996
1t
0s
0r
1y
0c
0i
#20089762887
0t
0s
0r
1y
0c
0i
#20089763803
1t
0s
0r
1y
0c
0i
#20089764688
0t
0s
0r
1y
0c
0i
#20089765595
1t
0s
0r
1y
0c
0i
#20089766471
0t
0s
0r
1y
0c
0i
#20089767365
1t
0s
0r
1y
0c
0i
#20089768232
0t
0s
0r
1y
0c
0i
#20089769120
1t
0s
0r
1y
0c
0i
#20089769981
0t
0s
0r
1y
0c
0i
#20089770864
1t
0s
0r
1y
0c
0i
#20089771725
0t
0s
0r
1y
0c
0i
#20089772609
1t
0s
0r
1y
0c
0i
#20089773469
0t
0s
0r
1y
0c
0i
#20089774352
1t
0s
0r
1y
0c
0i
#20089775208
0t
0s
0r
1y
0c
0i
#20089776093
1t
0s
0r
1y
0c
0i
#20089776952
0t
0s
0r
1y
0c
0i
#20089777839
1t
0s
0r
1y
0c
0i
#20089778698
0t
0s
0r
1y
0c
0i
#20089779584
1t
0s
0r
1y
0c
0i
#20089780445
0t
0s
0r
1y
0c
0i
#20089781337
1t
0s
0r
1y
0c
0i
#20089782197
0t
0s
0r
1y
0c
0i
#20089783085
1t
0s
0r
1y
0c
0i
#20089783944
0t
0s
0r
1y
0c
0i
#20089784836
1t
0s
0r
1y
0c
0i
#20089785698
0t
0s
0r
1y
0c
0i
#20089786593
1t
0s
0r
1y
0c
1i
#20089787454
0t
0s
0r
1y
0c
1i
#20089788350
1t
0s
0r
1y
1c
1i
#20089789216
0t
0s
0r
1y
1c
1i
#20089790116
1t
0s
0r
1y
1c
0i
#20089790983
0t
0s
0r
1y
1c
0i
#20089791881
1t
0s
0r
1y
1c
0i
#20089792746
0t
0s
0r
1y
1c
0i
#20089793644
1t
0s
0r
1y
1c
0i
#20089794510
0t
0s
0r
1y
1c
0i
#20089795407
1t
0s
0r
1y
1c
0i
#20089796273
0t
0s
0r
1y
1c
0i
#20089797169
1t
0s
0r
1y
1c
0i
#20089798034
0t
0s
0r
1y
1c
0i
#20089798928
1t
0s
0r
1y
1c
0i
#20089799793
0t
0s
0r
1y
1c
0i
#20089800686
1t
0s
0r
1y
1c
0i
#20089801551
0t
0s
0r
1y
1c
0i
#20089802441
1t
0s
0r
1y
1c
0i
#20089803303
0t
0s
0r
1y
1c
0i
#20089804188
1t
0s
0r
1y
1c
0i
#20089805045
0t
0s
0r
1y
1c
0i
#20089807153
1t
0s
0r
1y
1c
0i
#20089808533
0t
0s
0r
1y
1c
0i
#20089809404
1t
0s
0r
1y
1c
0i
#20089810261
0t
0s
0r
1y
1c
0i
#20089811140
1t
0s
0r
1y
1c
0i
#20089811994
0t
0s
0r
1y
1c
0i
#20089812871
1t
0s
0r
1y
1c
0i
#20089813722
0t
0s
0r
1y
1c
0i
#20089814601
1t
0s
0r
1y
1c
0i
#20089815455
0t
0s
0r
1y
1c
0i
#20089816336
1t
0s
0r
1y
1c
0i
#20089817191
0t
0s
0r
1y
1c
0i
#20089818071
1t
0s
0r
1y
1c
1i
#20089818927
0t
0s
0r
1y
1c
1i
#20089819810
1t
0s
0r
1y
0c
1i
#20090291562
1t
0s
0r
1y
0c
0i
#20090292527
0t
0s
0r
1y
0c
0i
#20090293532
1t
0s
0r
1y
0c
0i
#20090294496
0t
0s
0r
1y
0c
0i
#20090295497
1t
0s
0r
1y
0c
0i
#20090296459
0t
0s
0r
1y
0c
0i
#20090297463
1t
0s
0r
1y
0c
0i
#20090298428
0t
0s
0r
1y
0c
0i
#20090299435
1t
0s
0r
1y
0c
0i
#20090300398
0t
0s
0r
1y
0c
0i
#20090301404
1t
0s
0r
1y
0c
0i
#20090302365
0t
0s
0r
1y
0c
0i
#20090303374
1t
0s
0r
1y
0c
0i
#20090304341
0t
0s
0r
1y
0c
0i
#20090305354
1t
0s
0r
1y
0c
0i
#20090306321
0t
0s
0r
1y
0c
0i
#20090307334
1t
0s
0r
1y
0c
0i
#20090308302
0t
0s
0r
1y
0c
0i
#20090309320
1t
0s
0r
1y
0c
0i
#20090310294
0t
0s
0r
1y
0c
1i
#20090311318
1t
0s
0r
1y
1c
1i
#20090312295
0t
0s
0r
1y
1c
1i
#20090313320
1t
0s
0r
1y
1c
0i
#20090314301
0t
0s
0r
1y
1c
0i
#20090315333
1t
0s
0r
1y
1c
0i
#20090316313
0t
0s
0r
1y
1c
0i
#20090317341
1t
0s
0r
1y
1c
0i
#20090318319
0t
0s
0r
1y
1c
0i
#20090319348
1t
0s
0r
1y
1c
0i
#20090320331
0t
0s
0r
1y
1c
0i
#20090321362
1t
0s
0r
1y
1c
0i
#20090322345
0t
0s
0r
1y
1c
0i
#20090323375
1t
0s
0r
1y
1c
0i
#20090324357
0t
0s
0r
1y
1c
0i
#20090325387
1t
0s
0r
1y
1c
0i
#20090326374
0t
0s
0r
1y
1c
0i
#20090327406
1t
0s
0r
1y
1c
0i
#20090328394
0t
0s
0r
1y
1c
0i
#20090329423
1t
0s
0r
1y
1c
0i
#20090330405
0t
0s
0r
1y
1c
0i
#20090332883
1t
0s
0r
1y
1c
0i
#20090334451
0t
0s
0r
1y
1c
0i
#20090335469
1t
0s
0r
1y
1c
0i
#20090336460
0t
0s
0r
1y
1c
0i
#20090337491
1t
0s
0r
1y
1c
0i
#20090338479
0t
0s
0r
1y
1c
0i
#20090339509
1t
0s
0r
1y
1c
0i
#20090340495
0t
0s
0r
1y
1c
0i
#20090341528
1t
0s
0r
1y
1c
0i
#20090342518
0t
0s
0r
1y
1c
0i
#20090343553
1t
0s
0r
1y
1c
0i
#20090344545
0t
0s
0r
1y
1c
0i
#20090345581
1t
0s
0r
1y
1c
0i
#20090346576
0t
0s
0r
1y
1c
1i
#20090347615
1t
0s
0r
1y
0c
1i
#20090348615
0t
0s
0r
1y
0c
1i
#20090349659
1t
0s
0r
1y
0c
0i
#20090350661
0t
0s
0r
1y
0c
0i
#20090351701
1t
0s
0r
1y
0c
0i
#20090352705
0t
0s
0r
1y
0c
0i
#20090353751
1t
0s
0r
1y
0c
0i
#20090354755
0t
0s
0r
1y
0c
0i
#20090355799
1t
0s
0r
1y
0c
0i
#20090356803
0t
0s
0r
1y
0c
0i
#20090357848
1t
0s
0r
1y
0c
0i
#20090358854
0t
0s
0r
1y
0c
0i
#20090359905
1t
0s
0r
1y
0c
0i
#20090360913
0t
0s
0r
1y
0c
0i
#20090361962
1t
0s
0r
1y
0c
0i
#20090362969
0t
0s
0r
1y
0c
0i
#20090364022
1t
0s
0r
1y
0c
0i
#20090365033
0t
0s
0r
1y
0c
0i
#20090366090
1t
0s
0r
1y
0c
0i
#20090367099
0t
0s
0r
1y
0c
0i
#20090368155
1t
0s
0r
1y
0c
0i
#20090369164
0t
0s
0r
1y
0c
0i
#20090370219
1t
0s
0r
1y
0c
0i
#20090371230
0t
0s
0r
1y
0c
0i
#20090372290
1t
0s
0r
1y
0c
0i
#20090373300
0t
0s
0r
1y
0c
0i
#20090374357
1t
0s
0r
1y
0c
0i
#20090375366
0t
0s
0r
1y
0c
0i
#20090376427
1t
0s
0r
1y
0c
0i
#20090377437
0t
0s
0r
1y
0c
0i
#20090378501
1t
0s
0r
1y
0c
0i
#20090379514
0t
0s
0r
1y
0c
0i
#20090380580
1t
0s
0r
1y
0c
0i
#20090381591
0t
0s
0r
1y
0c
0i
#20090382663
1t
0s
0r
1y
0c
0i
#20090383684
0t
0s
0r
1y
1c
1i
#20090384759
1t
0s
0r
1y
1c
1i
#20090385783
0t
0s
0r
1y
1c
0i
#20090386862
1t
0s
0r
1y
1c
0i
#20090387891
0t
0s
0r
1y
1c
0i
#20090388976
1t
0s
0r
1y
1c
0i
#20090390005
0t
0s
0r
1y
1c
0i
#20090391088
1t
0s
0r
1y
1c
0i
#20090392113
0t
0s
0r
1y
1c
0i
#20090393196
1t
0s
0r
1y
1c
0i
#20090394226
0t
0s
0r
1y
1c
0i
#20090395311
1t
0s
0r
1y
1c
0i
#20090396339
0t
0s
0r
1y
1c
0i
#20090397419
1t
0s
0r
1y
1c
0i
#20090398444
0t
0s
0r
1y
1c
0i
#20090399521
1t
0s
0r
1y
1c
0i
#20090400547
0t
0s
0r
1y
1c
0i
#20090401622
1t
0s
0r
1y
1c
0i
#20090402646
0t
0s
0r
1y
1c
0i
#20090403717
1t
0s
0r
1y
1c
0i
#20090404733
0t
0s
0r
1y
1c
0i
#20090407312
1t
0s
0r
1y
1c
0i
#20090408933
0t
0s
0r
1y
1c
0i
#20090409995
1t
0s
0r
1y
1c
0i
#20090411020
0t
0s
0r
1y
1c
0i
#20090412092
1t
0s
0r
1y
1c
0i
#20090413121
0t
0s
0r
1y
1c
0i
#20090414196
1t
0s
0r
1y
1c
0i
#20090415221
0t
0s
0r
1y
1c
0i
#20090416298
1t
0s
0r
1y
1c
0i
#20090417328
0t
0s
0r
1y
1c
0i
#20090418413
1t
0s
0r
1y
1c
0i
#20090419445
0t
0s
0r
1y
1c
0i
#20090420529
1t
0s
0r
1y
1c
0i
#20090421566
0t
0s
0r
1y
0c
1i
#20090422481
0t
0s
1r
1y
0c
1i
#20090422483
0t
0s
0r
1y
0c
1i
#20090422655
1t
0s
0r
1y
0c
1i
#20090423699
0t
0s
0r
1y
0c
1i
#20090424795
1t
0s
0r
1y
0c
0i
#20090425842
0t
0s
0r
1y
0c
0i
#20090426937
1t
0s
0r
1y
0c
0i
#20090427983
0t
0s
0r
1y
0c
0i
#20090429079
1t
0s
0r
1y
0c
0i
#20090430127
0t
0s
0r
1y
0c
0i
#20090431223
1t
0s
0r
1y
0c
0i
#20090432270
0t
0s
0r
1y
0c
0i
#20090433362
1t
0s
0r
1y
0c
0i
#20090434407
0t
0s
0r
1y
0c
0i
#20090435499
1t
0s
0r
1y
0c
0i
#20090436543
0t
0s
0r
1y
0c
0i
#20090437634
1t
0s
0r
1y
0c
0i
#20090438675
0t
0s
0r
1y
0c
0i
#20090439756
1t
0s
0r
1y
0c
0i
#20090440794
0t
0s
0r
1y
0c
0i
#20090441877
1t
0s
0r
1y
0c
0i
#20090442914
0t
0s
0r
1y
0c
0i
#20090443998
1t
0s
0r
1y
0c
0i
#20090445032
0t
0s
0r
1y
0c
0i
#20090446113
1t
0s
0r
1y
0c
0i
#20090447148
0t
0s
0r
1y
0c
0i
#20090448236
1t
0s
0r
1y
0c
0i
#20090449273
0t
0s
0r
1y
0c
0i
#20090450359
1t
0s
0r
1y
0c
0i
#20090451393
0t
0s
0r
1y
0c
0i
#20090452484
1t
0s
0r
1y
0c
0i
#20090453522
0t
0s
0r
1y
0c
0i
#20090454618
1t
0s
0r
1y
0c
0i
#20090455656
0t
0s
0r
1y
0c
0i
#20090456754
1t
0s
0r
1y
0c
0i
#20090457792
0t
0s
0r
1y
0c
0i
#20090458896
1t
0s
0r
1y
1c
0i
#20090459944
0t
0s
0r
1y
1c
1i
#20090461055
1t
0s
0r
1y
1c
1i
#20090462107
0t
0s
0r
1y
1c
1i
#20090463220
1t
0s
0r
1y
1c
0i
#20090464275
0t
0s
0r
1y
1c
0i
#20090465391
1t
0s
0r
1y
1c
0i
#20090466448
0t
0s
0r
1y
1c
0i
#20090467566
1t
0s
0r
1y
1c
0i
#20090468624
0t
0s
0r
1y
1c
0i
#20090469737
1t
0s
0r
1y
1c
0i
#20090470790
0t
0s
0r
1y
1c
0i
#20090471902
1t
0s
0r
1y
1c
0i
#20090472956
0t
0s
0r
1y
1c
0i
#20090474064
1t
0s
0r
1y
1c
0i
#20090475113
0t
0s
0r
1y
1c
0i
#20090476214
1t
0s
0r
1y
1c
0i
#20090477257
0t
0s
0r
1y
1c
0i
#20090478353
1t
0s
0r
1y
1c
0i
#20090479398
0t
0s
0r
1y
1c
0i
#20090480495
1t
0s
0r
1y
1c
0i
#20090481534
0t
0s
0r
1y
1c
0i
#20090484190
1t
0s
0r
1y
1c
0i
#20090485816
0t
0s
0r
1y
1c
0i
#20090486904
1t
0s
0r
1y
1c
0i
#20090487952
0t
0s
0r
1y
1c
0i
#20090489044
1t
0s
0r
1y
1c
0i
#20090490091
0t
0s
0r
1y
1c
0i
#20090491193
1t
0s
0r
1y
1c
0i
#20090492242
0t
0s
0r
1y
1c
0i
#20090493343
1t
0s
0r
1y
1c
0i
#20090494391
0t
0s
0r
1y
0c
0i
#20090495496
1t
0s
0r
1y
0c
0i
#20090496551
0t
0s
0r
1y
0c
0i
#20090497664
1t
0s
0r
1y
0c
0i
#20090498724
0t
0s
0r
1y
0c
1i
#20090499837
1t
0s
0r
1y
0c
1i
#20090500900
0t
0s
0r
1y
0c
1i
#20090502018
1t
0s
0r
1y
0c
0i
#20090503089
0t
0s
0r
1y
0c
0i
#20090504211
1t
0s
0r
1y
0c
0i
#20090505279
0t
0s
0r
1y
0c
0i
#20090506394
1t
0s
0r
1y
0c
0i
#20090507455
0t
0s
0r
1y
0c
0i
#20090508563
1t
0s
0r
1y
0c
0i
#20090509618
0t
0s
0r
1y
0c
0i
#20090510718
1t
0s
0r
1y
0c
0i
#20090511763
0t
0s
0r
1y
0c
0i
#20090512851
1t
0s
0r
1y
0c
0i
#20090513887
0t
0s
0r
1y
0c
0i
#20090514972
1t
0s
0r
1y
0c
0i
#20090516009
0t
0s
0r
1y
0c
0i
#20090517093
1t
0s
0r
1y
0c
0i
#20090518130
0t
0s
0r
1y
0c
0i
#20090519212
1t
0s
0r
1y
0c
0i
#20090520246
0t
0s
0r
1y
0c
0i
#20090521332
1t
0s
0r
1y
0c
0i
#20090522371
0t
0s
0r
1y
0c
0i
#20090523462
1t
0s
0r
1y
0c
0i
#20090524502
0t
0s
0r
1y
0c
0i
#20090525592
1t
0s
0r
1y
0c
0i
#20090526630
0t
0s
0r
1y
0c
0i
#20090527723
1t
0s
0r
1y
0c
0i
#20090528765
0t
0s
0r
1y
0c
0i
#20090529864
1t
0s
0r
1y
0c
0i
#20090530906
0t
0s
0r
1y
0c
0i
#20090532004
1t
0s
0r
1y
0c
0i
#20090533045
0t
0s
0r
1y
0c
0i
#20090534149
1t
0s
0r
1y
0c
0i
#20090535197
0t
0s
0r
1y
1c
0i
#20090536308
1t
0s
0r
1y
1c
0i
#20090537360
0t
0s
0r
1y
1c
1i
#20090538474
1t
0s
0r
1y
1c
1i
#20090539531
0t
0s
0r
1y
1c
1i
#20090540652
1t
0s
0r
1y
1c
0i
#20090541716
0t
0s
0r
1y
1c
0i
#20090542843
1t
0s
0r
1y
1c
0i
#20090543906
0t
0s
0r
1y
1c
0i
#20090545026
1t
0s
0r
1y
1c
0i
#20090546089
0t
0s
0r
1y
1c
0i
#20090547207
1t
0s
0r
1y
1c
0i
#20090548264
0t
0s
0r
1y
1c
0i
#20090549374
1t
0s
0r
1y
1c
0i
#20090550421
0t
0s
0r
1y
1c
0i
#20090551517
1t
0s
0r
1y
1c
0i
#20090552557
0t
0s
0r
1y
1c
0i
#20090553649
1t
0s
0r
1y
1c
0i
#20090554688
0t
0s
0r
1y
1c
0i
#20090555772
1t
0s
0r
1y
1c
0i
#20090556807
0t
0s
0r
1y
1c
0i
#20090557890
1t
0s
0r
1y
1c
0i
#20090558923
0t
0s
0r
1y
1c
0i
#20090561570
1t
0s
0r
1y
1c
0i
#20090563179
0t
0s
0r
1y
1c
0i
#20090564258
1t
0s
0r
1y
1c
0i
#20090565302
0t
0s
0r
1y
1c
0i
#20090566392
1t
0s
0r
1y
1c
0i
#20090567433
0t
0s
0r
1y
1c
0i
#20090568524
1t
0s
0r
1y
1c
0i
#20090569564
0t
0s
0r
1y
1c
0i
#20090570660
1t
0s
0r
1y
1c
0i
#20090571705
0t
0s
0r
1y
0c
0i
#20090572804
1t
0s
0r
1y
0c
0i
#20090573851
0t
0s
0r
1y
0c
0i
#20090574951
1t
0s
0r
1y
0c
0i
#20090576005
0t
0s
0r
1y
0c
1i
#20090577115
1t
0s
0r
1y
0c
1i
#20090577645
1t
0s
1r
1y
0c
1i
#20090577648
1t
0s
0r
1y
0c
1i
#20090578177
0t
0s
0r
1y
0c
1i
#20090579289
1t
0s
0r
1y
0c
0i
#20090580351
0t
0s
0r
1y
0c
0i
#20090581465
1t
0s
0r
1y
0c
0i
#20090582530
0t
0s
0r
1y
0c
0i
#20090583643
1t
0s
0r
1y
0c
0i
#20090584701
0t
0s
0r
1y
0c
0i
#20090585800
1t
0s
0r
1y
0c
0i
#20090586844
0t
0s
0r
1y
0c
0i
#20090587928
1t
0s
0r
1y
0c
0i
#20090588965
0t
0s
0r
1y
0c
0i
#20090590043
1t
0s
0r
1y
0c
0i
#20090591072
0t
0s
0r
1y
0c
0i
#20090592145
1t
0s
0r
1y
0c
0i
#20090593174
0t
0s
0r
1y
0c
0i
#20090594242
1t
0s
0r
1y
0c
0i
#20090595267
0t
0s
0r
1y
0c
0i
#20090596341
1t
0s
0r
1y
0c
0i
#20090597371
0t
0s
0r
1y
0c
0i
#20090598446
1t
0s
0r
1y
0c
0i
#20090599473
0t
0s
0r
1y
0c
0i
#20090600551
1t
0s
0r
1y
0c
0i
#20090601583
0t
0s
0r
1y
0c
0i
#20090602668
1t
0s
0r
1y
0c
0i
#20090603699
0t
0s
0r
1y
0c
0i
#20090604782
1t
0s
0r
1y
0c
0i
#20090605813
0t
0s
0r
1y
0c
0i
#20090606899
1t
0s
0r
1y
0c
0i
#20090607935
0t
0s
0r
1y
0c
0i
#20090609026
1t
0s
0r
1y
0c
0i
#20090610062
0t
0s
0r
1y
0c
0i
#20090611157
1t
0s
0r
1y
0c
0i
#20090612193
0t
0s
0r
1y
1c
0i
#20090613294
1t
0s
0r
1y
1c
0i
#20090614338
0t
0s
0r
1y
1c
1i
#20090615445
1t
0s
0r
1y
1c
1i
#20090616496
0t
0s
0r
1y
1c
1i
#20090617605
1t
0s
0r
1y
1c
0i
#20090618657
0t
0s
0r
1y
1c
0i
#20090619772
1t
0s
0r
1y
1c
0i
#20090620828
0t
0s
0r
1y
1c
0i
#20090621939
1t
0s
0r
1y
1c
0i
#20090622990
0t
0s
0r
1y
1c
0i
#20090624095
1t
0s
0r
1y
1c
0i
#20090625143
0t
0s
0r
1y
1c
0i
#20090626243
1t
0s
0r
1y
1c
0i
#20090627285
0t
0s
0r
1y
1c
0i
#20090628376
1t
0s
0r
1y
1c
0i
#20090629409
0t
0s
0r
1y
1c
0i
#20090630489
1t
0s
0r
1y
1c
0i
#20090631518
0t
0s
0r
1y
1c
0i
#20090632596
1t
0s
0r
1y
1c
0i
#20090633624
0t
0s
0r
1y
1c
0i
#20090634702
1t
0s
0r
1y
1c
0i
#20090635727
0t
0s
0r
1y
1c
0i
#20090638338
1t
0s
0r
1y
1c
0i
#20090639951
0t
0s
0r
1y
1c
0i
#20090641019
1t
0s
0r
1y
1c
0i
#20090642052
0t
0s
0r
1y
1c
0i
#20090643131
1t
0s
0r
1y
1c
0i
#20090644166
0t
0s
0r
1y
1c
0i
#20090645253
1t
0s
0r
1y
1c
0i
#20090646287
0t
0s
0r
1y
1c
0i
#20090647373
1t
0s
0r
1y
1c
0i
#20090648408
0t
0s
0r
1y
1c
0i
#20090649497
1t
0s
0r
1y
1c
0i
#20090650539
0t
0s
0r
1y
0c
0i
#20090651636
1t
0s
0r
1y
0c
0i
#20090652684
0t
0s
0r
1y
0c
1i
#20090653779
1t
0s
0r
1y
0c
1i
#20090654832
0t
0s
0r
1y
0c
1i
#20090655935
1t
0s
0r
1y
0c
0i
#20090656992
0t
0s
0r
1y
0c
0i
#20090658095
1t
0s
0r
1y
0c
0i
#20090659150
0t
0s
0r
1y
0c
0i
#20090660252
1t
0s
0r
1y
0c
0i
#20090661304
0t
0s
0r
1y
0c
0i
#20090662405
1t
0s
0r
1y
0c
0i
#20090663452
0t
0s
0r
1y
0c
0i
#20090664540
1t
0s
0r
1y
0c
0i
#20090665578
0t
0s
0r
1y
0c
0i
#20090666660
1t
0s
0r
1y
0c
0i
#20090667693
0t
0s
0r
1y
0c
0i
#20090668771
1t
0s
0r
1y
0c
0i
#20090669802
0t
0s
0r
1y
0c
0i
#20090670874
1t
0s
0r
1y
0c
0i
#20090671900
0t
0s
0r
1y
0c
0i
#20090672972
1t
0s
0r
1y
0c
0i
#20090674000
0t
0s
0r
1y
0c
0i
#20090675079
1t
0s
0r
1y
0c
0i
#20090676106
0t
0s
0r
1y
0c
0i
#20090677181
1t
0s
0r
1y
0c
0i
#20090678207
0t
0s
0r
1y
0c
0i
#20090679288
1t
0s
0r
1y
0c
0i
#20090680318
0t
0s
0r
1y
0c
0i
#20090681401
1t
0s
0r
1y
0c
0i
#20090682432
0t
0s
0r
1y
0c
0i
#20090683516
1t
0s
0r
1y
0c
0i
#20090684544
0t
0s
0r
1y
0c
0i
#20090685631
1t
0s
0r
1y
0c
0i
#20090686664
0t
0s
0r
1y
0c
0i
#20090687756
1t
0s
0r
1y
0c
0i
#20090688792
0t
0s
0r
1y
1c
0i
#20090689887
1t
0s
0r
1y
1c
0i
#20090690925
0t
0s
0r
1y
1c
1i
#20090692025
1t
0s
0r
1y
1c
1i
#20090693072
0t
0s
0r
1y
1c
1i
#20090694183
1t
0s
0r
1y
1c
0i
#20090695233
0t
0s
0r
1y
1c
0i
#20090696340
1t
0s
0r
1y
1c
0i
#20090697391
0t
0s
0r
1y
1c
0i
#20090698499
1t
0s
0r
1y
1c
0i
#20090699548
0t
0s
0r
1y
1c
0i
#20090700651
1t
0s
0r
1y
1c
0i
#20090701693
0t
0s
0r
1y
1c
0i
#20090702782
1t
0s
0r
1y
1c
0i
#20090703813
0t
0s
0r
1y
1c
0i
#20090704897
1t
0s
0r
1y
1c
0i
#20090705923
0t
0s
0r
1y
1c
0i
#20090706997
1t
0s
0r
1y
1c
0i
#20090708020
0t
0s
0r
1y
1c
0i
#20090709087
1t
0s
0r
1y
1c
0i
#20090710109
0t
0s
0r
1y
1c
0i
#20090711180
1t
0s
0r
1y
1c
0i
#20090712200
0t
0s
0r
1y
1c
0i
#20090714794
1t
0s
0r
1y
1c
0i
#20090716399
0t
0s
0r
1y
1c
0i
#20090717464
1t
0s
0r
1y
1c
0i
#20090718493
0t
0s
0r
1y
1c
0i
#20090719563
1t
0s
0r
1y
1c
0i
#20090720590
0t
0s
0r
1y
1c
0i
#20090721668
1t
0s
0r
1y
1c
0i
#20090722697
0t
0s
0r
1y
1c
0i
#20090723774
1t
0s
0r
1y
1c
0i
#20090724801
0t
0s
0r
1y
1c
0i
#20090725883
1t
0s
0r
1y
1c
0i
#20090726916
0t
0s
0r
1y
0c
0i
#20090728002
1t
0s
0r
1y
0c
0i
#20090729042
0t
0s
0r
1y
0c
1i
#20090730131
1t
0s
0r
1y
0c
1i
#20090730764
1t
0s
1r
1y
0c
1i
#20090730767
1t
0s
0r
1y
0c
1i
#20090731174
0t
0s
0r
1y
0c
1i
#20090732269
1t
0s
0r
1y
0c
0i
#20090733317
0t
0s
0r
1y
0c
0i
#20090734415
1t
0s
0r
1y
0c
0i
#20090735465
0t
0s
0r
1y
0c
0i
#20090736560
1t
0s
0r
1y
0c
0i
#20090737605
0t
0s
0r
1y
0c
0i
#20090738697
1t
0s
0r
1y
0c
0i
#20090739741
0t
0s
0r
1y
0c
0i
#20090740829
1t
0s
0r
1y
0c
0i
#20090741867
0t
0s
0r
1y
0c
0i
#20090742946
1t
0s
0r
1y
0c
0i
#20090743976
0t
0s
0r
1y
0c
0i
#20090745051
1t
0s
0r
1y
0c
0i
#20090746080
0t
0s
0r
1y
0c
0i
#20090747152
1t
0s
0r
1y
0c
0i
#20090748179
0t
0s
0r
1y
0c
0i
#20090749249
1t
0s
0r
1y
0c
0i
#20090750272
0t
0s
0r
1y
0c
0i
#20090751346
1t
0s
0r
1y
0c
0i
#20090752375
0t
0s
0r
1y
0c
0i
#20090753448
1t
0s
0r
1y
0c
0i
#20090754473
0t
0s
0r
1y
0c
0i
#20090755550
1t
0s
0r
1y
0c
0i
#20090756578
0t
0s
0r
1y
0c
0i
#20090757659
1t
0s
0r
1y
0c
0i
#20090758688
0t
0s
0r
1y
0c
0i
#20090759769
1t
0s
0r
1y
0c
0i
#20090760796
0t
0s
0r
1y
0c
0i
#20090761879
1t
0s
0r
1y
0c
0i
#20090762911
0t
0s
0r
1y
0c
0i
#20090764003
1t
0s
0r
1y
0c
0i
#20090765036
0t
0s
0r
1y
1c
0i
#20090766126
1t
0s
0r
1y
1c
0i
#20090767166
0t
0s
0r
1y
1c
1i
#20090768266
1t
0s
0r
1y
1c
1i
#20090769311
0t
0s
0r
1y
1c
1i
#20090770415
1t
0s
0r
1y
1c
0i
#20090771463
0t
0s
0r
1y
1c
0i
#20090772566
1t
0s
0r
1y
1c
0i
#20090773614
0t
0s
0r
1y
1c
0i
#20090774721
1t
0s
0r
1y
1c
0i
#20090775768
0t
0s
0r
1y
1c
0i
#20090776868
1t
0s
0r
1y
1c
0i
#20090777910
0t
0s
0r
1y
1c
0i
#20090779007
1t
0s
0r
1y
1c
0i
#20090780048
0t
0s
0r
1y
1c
0i
#20090781143
1t
0s
0r
1y
1c
0i
#20090782182
0t
0s
0r
1y
1c
0i
#20090783272
1t
0s
0r
1y
1c
0i
#20090784307
0t
0s
0r
1y
1c
0i
#20090785391
1t
0s
0r
1y
1c
0i
#20090786427
0t
0s
0r
1y
1c
0i
#20090787514
1t
0s
0r
1y
1c
0i
#20090788546
0t
0s
0r
1y
1c
0i
#20090791178
1t
0s
0r
1y
1c
0i
#20090792794
0t
0s
0r
1y
1c
0i
#20090793872
1t
0s
0r
1y
1c
0i
#20090794913
0t
0s
0r
1y
1c
0i
#20090795997
1t
0s
0r
1y
1c
0i
#20090797032
0t
0s
0r
1y
1c
0i
#20090798122
1t
0s
0r
1y
1c
0i
#20090799162
0t
0s
0r
1y
1c
0i
#20090800255
1t
0s
0r
1y
1c
0i
#20090801297
0t
0s
0r
1y
1c
0i
#20090802389
1t
0s
0r
1y
0c
0i
#20090803434
0t
0s
0r
1y
0c
0i
#20090804534
1t
0s
0r
1y
0c
0i
#20090805589
0t
0s
0r
1y
0c
1i
#20090806693
1t
0s
0r
1y
0c
1i
#20090807749
0t
0s
0r
1y
0c
1i
#20090808855
1t
0s
0r
1y
0c
0i
#20090809918
0t
0s
0r
1y
0c
0i
#20090811031
1t
0s
0r
1y
0c
0i
#20090812092
0t
0s
0r
1y
0c
0i
#20090813200
1t
0s
0r
1y
0c
0i
#20090814256
0t
0s
0r
1y
0c
0i
#20090815359
1t
0s
0r
1y
0c
0i
#20090816410
0t
0s
0r
1y
0c
0i
#20090817508
1t
0s
0r
1y
0c
0i
#20090818552
0t
0s
0r
1y
0c
0i
#20090819639
1t
0s
0r
1y
0c
0i
#20090820673
0t
0s
0r
1y
0c
0i
#20090821756
1t
0s
0r
1y
0c
0i
#20090822792
0t
0s
0r
1y
0c
0i
#20090823874
1t
0s
0r
1y
0c
0i
#20090824907
0t
0s
0r
1y
0c
0i
#20090825986
1t
0s
0r
1y
0c
0i
#20090827016
0t
0s
0r
1y
0c
0i
#20090828098
1t
0s
0r
1y
0c
0i
#20090829133
0t
0s
0r
1y
0c
0i
#20090830219
1t
0s
0r
1y
0c
0i
#20090831254
0t
0s
0r
1y
0c
0i
#20090832336
1t
0s
0r
1y
0c
0i
#20090833372
0t
0s
0r
1y
0c
0i
#20090834463
1t
0s
0r
1y
0c
0i
#20090835498
0t
0s
0r
1y
0c
0i
#20090836587
1t
0s
0r
1y
0c
0i
#20090837622
0t
0s
0r
1y
0c
0i
#20090838713
1t
0s
0r
1y
0c
0i
#20090839751
0t
0s
0r
1y
0c
0i
#20090840849
1t
0s
0r
1y
0c
0i
#20090841889
0t
0s
0r
1y
1c
0i
#20090842988
1t
0s
0r
1y
1c
0i
#20090844031
0t
0s
0r
1y
1c
1i
#20090845136
1t
0s
0r
1y
1c
1i
#20090846186
0t
0s
0r
1y
1c
1i
#20090847299
1t
0s
0r
1y
1c
0i
#20090848352
0t
0s
0r
1y
1c
0i
#20090849465
1t
0s
0r
1y
1c
0i
#20090850516
0t
0s
0r
1y
1c
0i
#20090851626
1t
0s
0r
1y
1c
0i
#20090852679
0t
0s
0r
1y
1c
0i
#20090853787
1t
0s
0r
1y
1c
0i
#20090854834
0t
0s
0r
1y
1c
0i
#20090855934
1t
0s
0r
1y
1c
0i
#20090856974
0t
0s
0r
1y
1c
0i
#20090858069
1t
0s
0r
1y
1c
0i
#20090859105
0t
0s
0r
1y
1c
0i
#20090860196
1t
0s
0r
1y
1c
0i
#20090861229
0t
0s
0r
1y
1c
0i
#20090862311
1t
0s
0r
1y
1c
0i
#20090863339
0t
0s
0r
1y
1c
0i
#20090864421
1t
0s
0r
1y
1c
0i
#20090865449
0t
0s
0r
1y
1c
0i
#20090868078
1t
0s
0r
1y
1c
0i
#20090869684
0t
0s
0r
1y
1c
0i
#20090870756
1t
0s
0r
1y
1c
0i
#20090871793
0t
0s
0r
1y
1c
0i
#20090872877
1t
0s
0r
1y
1c
0i
#20090873912
0t
0s
0r
1y
1c
0i
#20090874995
1t
0s
0r
1y
1c
0i
#20090876031
0t
0s
0r
1y
1c
0i
#20090877121
1t
0s
0r
1y
1c
0i
#20090878161
0t
0s
0r
1y
1c
0i
#20090879251
1t
0s
0r
1y
1c
0i
#20090880293
0t
0s
0r
1y
1c
0i
#20090881388
1t
0s
0r
1y
0c
0i
#20090882438
0t
0s
0r
1y
0c
1i
#20090883544
1t
0s
0r
1y
0c
1i
#20090884055
1t
0s
1r
1y
0c
1i
#20090884057
1t
0s
0r
1y
0c
1i
#20090884598
0t
0s
0r
1y
0c
1i
#20090885705
1t
0s
0r
1y
0c
0i
#20090886761
0t
0s
0r
1y
0c
0i
#20090887871
1t
0s
0r
1y
0c
0i
#20090888931
0t
0s
0r
1y
0c
0i
#20090890042
1t
0s
0r
1y
0c
0i
#20090891098
0t
0s
0r
1y
0c
0i
#20090892200
1t
0s
0r
1y
0c
0i
#20090893248
0t
0s
0r
1y
0c
0i
#20090894343
1t
0s
0r
1y
0c
0i
#20090895387
0t
0s
0r
1y
0c
0i
#20090896476
1t
0s
0r
1y
0c
0i
#20090897511
0t
0s
0r
1y
0c
0i
#20090898590
1t
0s
0r
1y
0c
0i
#20090899622
0t
0s
0r
1y
0c
0i
#20090900695
1t
0s
0r
1y
0c
0i
#20090901724
0t
0s
0r
1y
0c
0i
#20090902801
1t
0s
0r
1y
0c
0i
#20090903831
0t
0s
0r
1y
0c
0i
#20090904906
1t
0s
0r
1y
0c
0i
#20090905931
0t
0s
0r
1y
0c
0i
#20090907009
1t
0s
0r
1y
0c
0i
#20090908040
0t
0s
0r
1y
0c
0i
#20090909122
1t
0s
0r
1y
0c
0i
#20090910152
0t
0s
0r
1y
0c
0i
#20090911234
1t
0s
0r
1y
0c
0i
#20090912263
0t
0s
0r
1y
0c
0i
#20090913348
1t
0s
0r
1y
0c
0i
#20090914381
0t
0s
0r
1y
0c
0i
#20090915472
1t
0s
0r
1y
0c
0i
#20090916505
0t
0s
0r
1y
0c
0i
#20090917597
1t
0s
0r
1y
0c
0i
#20090918632
0t
0s
0r
1y
0c
0i
#20090919731
1t
0s
0r
1y
1c
0i
#20090920774
0t
0s
0r
1y
1c
1i
#20090921878
1t
0s
0r
1y
1c
1i
#20090922928
0t
0s
0r
1y
1c
1i
#20090924033
1t
0s
0r
1y
1c
0i
#20090925086
0t
0s
0r
1y
1c
0i
#20090926197
1t
0s
0r
1y
1c
0i
#20090927251
0t
0s
0r
1y
1c
0i
#20090928360
1t
0s
0r
1y
1c
0i
#20090929409
0t
0s
0r
1y
1c
0i
#20090930512
1t
0s
0r
1y
1c
0i
#20090931553
0t
0s
0r
1y
1c
0i
#20090932647
1t
0s
0r
1y
1c
0i
#20090933683
0t
0s
0r
1y
1c
0i
#20090934768
1t
0s
0r
1y
1c
0i
#20090935794
0t
0s
0r
1y
1c
0i
#20090936866
1t
0s
0r
1y
1c
0i
#20090937885
0t
0s
0r
1y
1c
0i
#20090938952
1t
0s
0r
1y
1c
0i
#20090939970
0t
0s
0r
1y
1c
0i
#20090941037
1t
0s
0r
1y
1c
0i
#20090942052
0t
0s
0r
1y
1c
0i
#20090944635
1t
0s
0r
1y
1c
0i
#20090946228
0t
0s
0r
1y
1c
0i
#20090947286
1t
0s
0r
1y
1c
0i
#20090948308
0t
0s
0r
1y
1c
0i
#20090949373
1t
0s
0r
1y
1c
0i
#20090950397
0t
0s
0r
1y
1c
0i
#20090951470
1t
0s
0r
1y
1c
0i
#20090952492
0t
0s
0r
1y
1c
0i
#20090953564
1t
0s
0r
1y
1c
0i
#20090954587
0t
0s
0r
1y
1c
0i
#20090955661
1t
0s
0r
1y
1c
0i
#20090956690
0t
0s
0r
1y
0c
0i
#20090957772
1t
0s
0r
1y
0c
0i
#20090958807
0t
0s
0r
1y
0c
1i
#20090959887
1t
0s
0r
1y
0c
1i
#20090960926
0t
0s
0r
1y
0c
1i
#20090962013
1t
0s
0r
1y
0c
0i
#20090963055
0t
0s
0r
1y
0c
0i
#20090964144
1t
0s
0r
1y
0c
0i
#20090965186
0t
0s
0r
1y
0c
0i
#20090966271
1t
0s
0r
1y
0c
0i
#20090967310
0t
0s
0r
1y
0c
0i
#20090968394
1t
0s
0r
1y
0c
0i
#20090969431
0t
0s
0r
1y
0c
0i
#20090970511
1t
0s
0r
1y
0c
0i
#20090971542
0t
0s
0r
1y
0c
0i
#20090972614
1t
0s
0r
1y
0c
0i
#20090973637
0t
0s
0r
1y
0c
0i
#20090974706
1t
0s
0r
1y
0c
0i
#20090975730
0t
0s
0r
1y
0c
0i
#20090976797
1t
0s
0r
1y
0c
0i
#20090977818
0t
0s
0r
1y
0c
0i
#20090978880
1t
0s
0r
1y
0c
0i
#20090979899
0t
0s
0r
1y
0c
0i
#20090980966
1t
0s
0r
1y
0c
0i
#20090981986
0t
0s
0r
1y
0c
0i
#20090983051
1t
0s
0r
1y
0c
0i
#20090984070
0t
0s
0r
1y
0c
0i
#20090985137
1t
0s
0r
1y
0c
0i
#20090986157
0t
0s
0r
1y
0c
0i
#20090987229
1t
0s
0r
1y
0c
0i
#20090988248
0t
0s
0r
1y
0c
0i
#20090989319
1t
0s
0r
1y
0c
0i
#20090990337
0t
0s
0r
1y
0c
0i
#20090991410
1t
0s
0r
1y
0c
0i
#20090992432
0t
0s
0r
1y
0c
0i
#20090993512
1t
0s
0r
1y
0c
0i
#20090994536
0t
0s
0r
1y
1c
0i
#20090995619
1t
0s
0r
1y
1c
0i
#20090996647
0t
0s
0r
1y
1c
1i
#20090997735
1t
0s
0r
1y
1c
1i
#20090998771
0t
0s
0r
1y
1c
1i
#20090999868
1t
0s
0r
1y
1c
0i
#20091000907
0t
0s
0r
1y
1c
0i
#20091002001
1t
0s
0r
1y
1c
0i
#20091003038
0t
0s
0r
1y
1c
0i
#20091004132
1t
0s
0r
1y
1c
0i
#20091005167
0t
0s
0r
1y
1c
0i
#20091006255
1t
0s
0r
1y
1c
0i
#20091007284
0t
0s
0r
1y
1c
0i
#20091008359
1t
0s
0r
1y
1c
0i
#20091009377
0t
0s
0r
1y
1c
0i
#20091010445
1t
0s
0r
1y
1c
0i
#20091011458
0t
0s
0r
1y
1c
0i
#20091012518
1t
0s
0r
1y
1c
0i
#20091013527
0t
0s
0r
1y
1c
0i
#20091014580
1t
0s
0r
1y
1c
0i
#20091015585
0t
0s
0r
1y
1c
0i
#20091016637
1t
0s
0r
1y
1c
0i
#20091017641
0t
0s
0r
1y
1c
0i
#20091020197
1t
0s
0r
1y
1c
0i
#20091021772
0t
0s
0r
1y
1c
0i
#20091022818
1t
0s
0r
1y
1c
0i
#20091023830
0t
0s
0r
1y
1c
0i
#20091024883
1t
0s
0r
1y
1c
0i
#20091025891
0t
0s
0r
1y
1c
0i
#20091026947
1t
0s
0r
1y
1c
0i
#20091027959
0t
0s
0r
1y
1c
0i
#20091029021
1t
0s
0r
1y
1c
0i
#20091030034
0t
0s
0r
1y
1c
0i
#20091031096
1t
0s
0r
1y
0c
0i
#20091032109
0t
0s
0r
1y
0c
0i
#20091033177
1t
0s
0r
1y
0c
0i
#20091034202
0t
0s
0r
1y
0c
1i
#20091035276
1t
0s
0r
1y
0c
1i
#20091036052
1t
0s
1r
1y
0c
1i
#20091036054
1t
0s
0r
1y
0c
1i
#20091036307
0t
0s
0r
1y
0c
1i
#20091037386
1t
0s
0r
1y
0c
0i
#20091038418
0t
0s
0r
1y
0c
0i
#20091039499
1t
0s
0r
1y
0c
0i
#20091040536
0t
0s
0r
1y
0c
0i
#20091041617
1t
0s
0r
1y
0c
0i
#20091042648
0t
0s
0r
1y
0c
0i
#20091043715
1t
0s
0r
1y
0c
0i
#20091044733
0t
0s
0r
1y
0c
0i
#20091045789
1t
0s
0r
1y
0c
0i
#20091046798
0t
0s
0r
1y
0c
0i
#20091047847
1t
0s
0r
1y
0c
0i
#20091048848
0t
0s
0r
1y
0c
0i
#20091049886
1t
0s
0r
1y
0c
0i
#20091050881
0t
0s
0r
1y
0c
0i
#20091051917
1t
0s
0r
1y
0c
0i
#20091052913
0t
0s
0r
1y
0c
0i
#20091053952
1t
0s
0r
1y
0c
0i
#20091054948
0t
0s
0r
1y
0c
0i
#20091055986
1t
0s
0r
1y
0c
0i
#20091056981
0t
0s
0r
1y
0c
0i
#20091058022
1t
0s
0r
1y
0c
0i
#20091059021
0t
0s
0r
1y
0c
0i
#20091060063
1t
0s
0r
1y
0c
0i
#20091061058
0t
0s
0r
1y
0c
0i
#20091062100
1t
0s
0r
1y
0c
0i
#20091063099
0t
0s
0r
1y
0c
0i
#20091064148
1t
0s
0r
1y
0c
0i
#20091065145
0t
0s
0r
1y
0c
0i
#20091066189
1t
0s
0r
1y
0c
0i
#20091067188
0t
0s
0r
1y
0c
0i
#20091068241
1t
0s
0r
1y
0c
0i
#20091069242
0t
0s
0r
1y
1c
0i
#20091070297
1t
0s
0r
1y
1c
0i
#20091071302
0t
0s
0r
1y
1c
1i
#20091072359
1t
0s
0r
1y
1c
1i
#20091073369
0t
0s
0r
1y
1c
1i
#20091074436
1t
0s
0r
1y
1c
0i
#20091075450
0t
0s
0r
1y
1c
0i
#20091076516
1t
0s
0r
1y
1c
0i
#20091077529
0t
0s
0r
1y
1c
0i
#20091078591
1t
0s
0r
1y
1c
0i
#20091079602
0t
0s
0r
1y
1c
0i
#20091080661
1t
0s
0r
1y
1c
0i
#20091081669
0t
0s
0r
1y
1c
0i
#20091082723
1t
0s
0r
1y
1c
0i
#20091083721
0t
0s
0r
1y
1c
0i
#20091084765
1t
0s
0r
1y
1c
0i
#20091085757
0t
0s
0r
1y
1c
0i
#20091086793
1t
0s
0r
1y
1c
0i
#20091087783
0t
0s
0r
1y
1c
0i
#20091088817
1t
0s
0r
1y
1c
0i
#20091089805
0t
0s
0r
1y
1c
0i
#20091090833
1t
0s
0r
1y
1c
0i
#20091091813
0t
0s
0r
1y
1c
0i
#20091094284
1t
0s
0r
1y
1c
0i
#20091095855
0t
0s
0r
1y
1c
0i
#20091096872
1t
0s
0r
1y
1c
0i
#20091097864
0t
0s
0r
1y
1c
0i
#20091098894
1t
0s
0r
1y
1c
0i
#20091099883
0t
0s
0r
1y
1c
0i
#20091100915
1t
0s
0r
1y
1c
0i
#20091101901
0t
0s
0r
1y
1c
0i
#20091102937
1t
0s
0r
1y
1c
0i
#20091103930
0t
0s
0r
1y
1c
0i
#20091104969
1t
0s
0r
1y
1c
0i
#20091105966
0t
0s
0r
1y
1c
0i
#20091107006
1t
0s
0r
1y
0c
0i
#20091108007
0t
0s
0r
1y
0c
1i
#20091109053
1t
0s
0r
1y
0c
1i
#20091110060
0t
0s
0r
1y
0c
1i
#20091111109
1t
0s
0r
1y
0c
0i
#20091112118
0t
0s
0r
1y
0c
0i
#20091113167
1t
0s
0r
1y
0c
0i
#20091114176
0t
0s
0r
1y
0c
0i
#20091115229
1t
0s
0r
1y
0c
0i
#20091116236
0t
0s
0r
1y
0c
0i
#20091117283
1t
0s
0r
1y
0c
0i
#20091118284
0t
0s
0r
1y
0c
0i
#20091119329
1t
0s
0r
1y
0c
0i
#20091120330
0t
0s
0r
1y
0c
0i
#20091121373
1t
0s
0r
1y
0c
0i
#20091122368
0t
0s
0r
1y
0c
0i
#20091123404
1t
0s
0r
1y
0c
0i
#20091124395
0t
0s
0r
1y
0c
0i
#20091125427
1t
0s
0r
1y
0c
0i
#20091126419
0t
0s
0r
1y
0c
0i
#20091127452
1t
0s
0r
1y
0c
0i
#20091128441
0t
0s
0r
1y
0c
0i
#20091129472
1t
0s
0r
1y
0c
0i
#20091130459
0t
0s
0r
1y
0c
0i
#20091131489
1t
0s
0r
1y
0c
0i
#20091132479
0t
0s
0r
1y
0c
0i
#20091133513
1t
0s
0r
1y
0c
0i
#20091134502
0t
0s
0r
1y
0c
0i
#20091135532
1t
0s
0r
1y
0c
0i
#20091136520
0t
0s
0r
1y
0c
0i
#20091137558
1t
0s
0r
1y
0c
0i
#20091138547
0t
0s
0r
1y
0c
0i
#20091139583
1t
0s
0r
1y
0c
0i
#20091140570
0t
0s
0r
1y
0c
0i
#20091141612
1t
0s
0r
1y
0c
0i
#20091142605
0t
0s
0r
1y
0c
0i
#20091143652
1t
0s
0r
1y
1c
0i
#20091144650
0t
0s
0r
1y
1c
1i
#20091145699
1t
0s
0r
1y
1c
1i
#20091146699
0t
0s
0r
1y
1c
1i
#20091147753
1t
0s
0r
1y
1c
0i
#20091148760
0t
0s
0r
1y
1c
0i
#20091149819
1t
0s
0r
1y
1c
0i
#20091150824
0t
0s
0r
1y
1c
0i
#20091151876
1t
0s
0r
1y
1c
0i
#20091152877
0t
0s
0r
1y
1c
0i
#20091153925
1t
0s
0r
1y
1c
0i
#20091154921
0t
0s
0r
1y
1c
0i
#20091155962
1t
0s
0r
1y
1c
0i
#20091156950
0t
0s
0r
1y
1c
0i
#20091157978
1t
0s
0r
1y
1c
0i
#20091158954
0t
0s
0r
1y
1c
0i
#20091159975
1t
0s
0r
1y
1c
0i
#20091160951
0t
0s
0r
1y
1c
0i
#20091161966
1t
0s
0r
1y
1c
0i
#20091162940
0t
0s
0r
1y
1c
0i
#20091163952
1t
0s
0r
1y
1c
0i
#20091164918
0t
0s
0r
1y
1c
0i
#20091167353
1t
0s
0r
1y
1c
0i
#20091168900
0t
0s
0r
1y
1c
0i
#20091169901
1t
0s
0r
1y
1c
0i
#20091170878
0t
0s
0r
1y
1c
0i
#20091171894
1t
0s
0r
1y
1c
0i
#20091172867
0t
0s
0r
1y
1c
0i
#20091173882
1t
0s
0r
1y
1c
0i
#20091174855
0t
0s
0r
1y
1c
0i
#20091175871
1t
0s
0r
1y
1c
0i
#20091176848
0t
0s
0r
1y
1c
0i
#20091177870
1t
0s
0r
1y
1c
0i
#20091178850
0t
0s
0r
1y
1c
0i
#20091179872
1t
0s
0r
1y
0c
0i
#20091180856
0t
0s
0r
1y
0c
1i
#20091181885
1t
0s
0r
1y
0c
1i
#20091182691
1t
0s
1r
1y
0c
1i
#20091182694
1t
0s
0r
1y
0c
1i
#20091182876
0t
0s
0r
1y
0c
1i
#20091183908
1t
0s
0r
1y
0c
0i
#20091184900
0t
0s
0r
1y
0c
0i
#20091185933
1t
0s
0r
1y
0c
0i
#20091186926
0t
0s
0r
1y
0c
0i
#20091187960
1t
0s
0r
1y
0c
0i
#20091188953
0t
0s
0r
1y
0c
0i
#20091189981
1t
0s
0r
1y
0c
0i
#20091190968
0t
0s
0r
1y
0c
0i
#20091191990
1t
0s
0r
1y
0c
0i
#20091192973
0t
0s
0r
1y
0c
0i
#20091193992
1t
0s
0r
1y
0c
0i
#20091194968
0t
0s
0r
1y
0c
0i
#20091195977
1t
0s
0r
1y
0c
0i
#20091196948
0t
0s
0r
1y
0c
0i
#20091197951
1t
0s
0r
1y
0c
0i
#20091198918
0t
0s
0r
1y
0c
0i
#20091199922
1t
0s
0r
1y
0c
0i
#20091200888
0t
0s
0r
1y
0c
0i
#20091201890
1t
0s
0r
1y
0c
0i
#20091202851
0t
0s
0r
1y
0c
0i
#20091203855
1t
0s
0r
1y
0c
0i
#20091204820
0t
0s
0r
1y
0c
0i
#20091205827
1t
0s
0r
1y
0c
0i
#20091206791
0t
0s
0r
1y
0c
0i
#20091207796
1t
0s
0r
1y
0c
0i
#20091208759
0t
0s
0r
1y
0c
0i
#20091209767
1t
0s
0r
1y
0c
0i
#20091210733
0t
0s
0r
1y
0c
0i
#20091211746
1t
0s
0r
1y
0c
0i
#20091212712
0t
0s
0r
1y
0c
0i
#20091213725
1t
0s
0r
1y
0c
0i
#20091214694
0t
0s
0r
1y
0c
0i
#20091215715
1t
0s
0r
1y
1c
0i
#20091216689
0t
0s
0r
1y
1c
1i
#20091217711
1t
0s
0r
1y
1c
1i
#20091218689
0t
0s
0r
1y
1c
1i
#20091219716
1t
0s
0r
1y
1c
0i
#20091220698
0t
0s
0r
1y
1c
0i
#20091221731
1t
0s
0r
1y
1c
0i
#20091222712
0t
0s
0r
1y
1c
0i
#20091223739
1t
0s
0r
1y
1c
0i
#20091224717
0t
0s
0r
1y
1c
0i
#20091225744
1t
0s
0r
1y
1c
0i
#20091226724
0t
0s
0r
1y
1c
0i
#20091227751
1t
0s
0r
1y
1c
0i
#20091228727
0t
0s
0r
1y
1c
0i
#20091229747
1t
0s
0r
1y
1c
0i
#20091230718
0t
0s
0r
1y
1c
0i
#20091231734
1t
0s
0r
1y
1c
0i
#20091232708
0t
0s
0r
1y
1c
0i
#20091233722
1t
0s
0r
1y
1c
0i
#20091234692
0t
0s
0r
1y
1c
0i
#20091235700
1t
0s
0r
1y
1c
0i
#20091236663
0t
0s
0r
1y
1c
0i
#20091239084
1t
0s
0r
1y
1c
0i
#20091240622
0t
0s
0r
1y
1c
0i
#20091241617
1t
0s
0r
1y
1c
0i
#20091242583
0t
0s
0r
1y
1c
0i
#20091243587
1t
0s
0r
1y
1c
0i
#20091244555
0t
0s
0r
1y
1c
0i
#20091245563
1t
0s
0r
1y
1c
0i
#20091246530
0t
0s
0r
1y
1c
0i
#20091247537
1t
0s
0r
1y
1c
0i
#20091248505
0t
0s
0r
1y
1c
0i
#20091249516
1t
0s
0r
1y
0c
0i
#20091250489
0t
0s
0r
1y
0c
0i
#20091251503
1t
0s
0r
1y
0c
0i
#20091252480
0t
0s
0r
1y
0c
1i
#20091253497
1t
0s
0r
1y
0c
1i
#20091254478
0t
0s
0r
1y
0c
1i
#20091255502
1t
0s
0r
1y
0c
0i
#20091256485
0t
0s
0r
1y
0c
0i
#20091257506
1t
0s
0r
1y
0c
0i
#20091258487
0t
0s
0r
1y
0c
0i
#20091259504
1t
0s
0r
1y
0c
0i
#20091260480
0t
0s
0r
1y
0c
0i
#20091261490
1t
0s
0r
1y
0c
0i
#20091262456
0t
0s
0r
1y
0c
0i
#20091263453
1t
0s
0r
1y
0c
0i
#20091264408
0t
0s
0r
1y
0c
0i
#20091265396
1t
0s
0r
1y
0c
0i
#20091266345
0t
0s
0r
1y
0c
0i
#20091267328
1t
0s
0r
1y
0c
0i
#20091268276
0t
0s
0r
1y
0c
0i
#20091269255
1t
0s
0r
1y
0c
0i
#20091270198
0t
0s
0r
1y
0c
0i
#20091271176
1t
0s
0r
1y
0c
0i
#20091272121
0t
0s
0r
1y
0c
0i
#20091273104
1t
0s
0r
1y
0c
0i
#20091274050
0t
0s
0r
1y
0c
0i
#20091275031
1t
0s
0r
1y
0c
0i
#20091275974
0t
0s
0r
1y
0c
0i
#20091276959
1t
0s
0r
1y
0c
0i
#20091277906
0t
0s
0r
1y
0c
0i
#20091278893
1t
0s
0r
1y
0c
0i
#20091279840
0t
0s
0r
1y
0c
0i
#20091280827
1t
0s
0r
1y
0c
0i
#20091281772
0t
0s
0r
1y
0c
0i
#20091282761
1t
0s
0r
1y
0c
0i
#20091283711
0t
0s
0r
1y
0c
0i
#20091284703
1t
0s
0r
1y
0c
0i
#20091285651
0t
0s
0r
1y
0c
0i
#20091286646
1t
0s
0r
1y
1c
0i
#20091287599
0t
0s
0r
1y
1c
1i
#20091288598
1t
0s
0r
1y
1c
1i
#20091289557
0t
0s
0r
1y
1c
1i
#20091290562
1t
0s
0r
1y
1c
0i
#20091291522
0t
0s
0r
1y
1c
0i
#20091292525
1t
0s
0r
1y
1c
0i
#20091293486
0t
0s
0r
1y
1c
0i
#20091294491
1t
0s
0r
1y
1c
0i
#20091295450
0t
0s
0r
1y
1c
0i
#20091296453
1t
0s
0r
1y
1c
0i
#20091297411
0t
0s
0r
1y
1c
0i
#20091298409
1t
0s
0r
1y
1c
0i
#20091299358
0t
0s
0r
1y
1c
0i
#20091300351
1t
0s
0r
1y
1c
0i
#20091301299
0t
0s
0r
1y
1c
0i
#20091302285
1t
0s
0r
1y
1c
0i
#20091303230
0t
0s
0r
1y
1c
0i
#20091304208
1t
0s
0r
1y
1c
0i
#20091305147
0t
0s
0r
1y
1c
0i
#20091306123
1t
0s
0r
1y
1c
0i
#20091307059
0t
0s
0r
1y
1c
0i
#20091309408
1t
0s
0r
1y
1c
0i
#20091310892
0t
0s
0r
1y
1c
0i
#20091311857
1t
0s
0r
1y
1c
0i
#20091312797
0t
0s
0r
1y
1c
0i
#20091313767
1t
0s
0r
1y
1c
0i
#20091314703
0t
0s
0r
1y
1c
0i
#20091315675
1t
0s
0r
1y
1c
0i
#20091316613
0t
0s
0r
1y
1c
0i
#20091317591
1t
0s
0r
1y
1c
0i
#20091318529
0t
0s
0r
1y
1c
0i
#20091319505
1t
0s
0r
1y
1c
0i
#20091320444
0t
0s
0r
1y
1c
0i
#20091321424
1t
0s
0r
1y
1c
0i
#20091322372
0t
0s
0r
1y
0c
1i
#20091323358
1t
0s
0r
1y
0c
1i
#20091324215
1t
0s
1r
1y
0c
1i
#20091324218
1t
0s
0r
1y
0c
1i
#20091324309
0t
0s
0r
1y
0c
1i
#20091325298
1t
0s
0r
1y
0c
0i
#20091326250
0t
0s
0r
1y
0c
0i
#20091327239
1t
0s
0r
1y
0c
0i
#20091328195
0t
0s
0r
1y
0c
0i
#20091329187
1t
0s
0r
1y
0c
0i
#20091330141
0t
0s
0r
1y
0c
0i
#20091331127
1t
0s
0r
1y
0c
0i
#20091332078
0t
0s
0r
1y
0c
0i
#20091333063
1t
0s
0r
1y
0c
0i
#20091334013
0t
0s
0r
1y
0c
0i
#20091334998
1t
0s
0r
1y
0c
0i
#20091335945
0t
0s
0r
1y
0c
0i
#20091336923
1t
0s
0r
1y
0c
0i
#20091337865
0t
0s
0r
1y
0c
0i
#20091338839
1t
0s
0r
1y
0c
0i
#20091339780
0t
0s
0r
1y
0c
0i
#20091340752
1t
0s
0r
1y
0c
0i
#20091341689
0t
0s
0r
1y
0c
0i
#20091342659
1t
0s
0r
1y
0c
0i
#20091343594
0t
0s
0r
1y
0c
0i
#20091344565
1t
0s
0r
1y
0c
0i
#20091345502
0t
0s
0r
1y
0c
0i
#20091346474
1t
0s
0r
1y
0c
0i
#20091347407
0t
0s
0r
1y
0c
0i
#20091348378
1t
0s
0r
1y
0c
0i
#20091349314
0t
0s
0r
1y
0c
0i
#20091350291
1t
0s
0r
1y
0c
0i
#20091351226
0t
0s
0r
1y
0c
0i
#20091352201
1t
0s
0r
1y
0c
0i
#20091353135
0t
0s
0r
1y
0c
0i
#20091354115
1t
0s
0r
1y
0c
0i
#20091355052
0t
0s
0r
1y
0c
0i
#20091356037
1t
0s
0r
1y
0c
0i
#20091356979
0t
0s
0r
1y
1c
1i
#20091357965
1t
0s
0r
1y
1c
1i
#20091358907
0t
0s
0r
1y
1c
1i
#20091359898
1t
0s
0r
1y
1c
0i
#20091360846
0t
0s
0r
1y
1c
0i
#20091361838
1t
0s
0r
1y
1c
0i
#20091362786
0t
0s
0r
1y
1c
0i
#20091363775
1t
0s
0r
1y
1c
0i
#20091364720
0t
0s
0r
1y
1c
0i
#20091365707
1t
0s
0r
1y
1c
0i
#20091366652
0t
0s
0r
1y
1c
0i
#20091367639
1t
0s
0r
1y
1c
0i
#20091368580
0t
0s
0r
1y
1c
0i
#20091369559
1t
0s
0r
1y
1c
0i
#20091370495
0t
0s
0r
1y
1c
0i
#20091371467
1t
0s
0r
1y
1c
0i
#20091372401
0t
0s
0r
1y
1c
0i
#20091373371
1t
0s
0r
1y
1c
0i
#20091374302
0t
0s
0r
1y
1c
0i
#20091375266
1t
0s
0r
1y
1c
0i
#20091376190
0t
0s
0r
1y
1c
0i
#20091378492
1t
0s
0r
1y
1c
0i
#20091379985
0t
0s
0r
1y
1c
0i
#20091380938
1t
0s
0r
1y
1c
0i
#20091381868
0t
0s
0r
1y
1c
0i
#20091382831
1t
0s
0r
1y
1c
0i
#20091383762
0t
0s
0r
1y
1c
0i
#20091384725
1t
0s
0r
1y
1c
0i
#20091385651
0t
0s
0r
1y
1c
0i
#20091386617
1t
0s
0r
1y
1c
0i
#20091387548
0t
0s
0r
1y
1c
0i
#20091388517
1t
0s
0r
1y
1c
0i
#20091389449
0t
0s
0r
1y
1c
0i
#20091390417
1t
0s
0r
1y
1c
0i
#20091391353
0t
0s
0r
1y
0c
1i
#20091392323
1t
0s
0r
1y
0c
1i
#20091393262
0t
0s
0r
1y
0c
1i
#20091394236
1t
0s
0r
1y
0c
0i
#20091395177
0t
0s
0r
1y
0c
0i
#20091396147
1t
0s
0r
1y
0c
0i
#20091397087
0t
0s
0r
1y
0c
0i
#20091398061
1t
0s
0r
1y
0c
0i
#20091399000
0t
0s
0r
1y
0c
0i
#20091399973
1t
0s
0r
1y
0c
0i
#20091400911
0t
0s
0r
1y
0c
0i
#20091401883
1t
0s
0r
1y
0c
0i
#20091402819
0t
0s
0r
1y
0c
0i
#20091403789
1t
0s
0r
1y
0c
0i
#20091404726
0t
0s
0r
1y
0c
0i
#20091405698
1t
0s
0r
1y
0c
0i
#20091406635
0t
0s
0r
1y
0c
0i
#20091407601
1t
0s
0r
1y
0c
0i
#20091408534
0t
0s
0r
1y
0c
0i
#20091409500
1t
0s
0r
1y
0c
0i
#20091410433
0t
0s
0r
1y
0c
0i
#20091411401
1t
0s
0r
1y
0c
0i
#20091412333
0t
0s
0r
1y
0c
0i
#20091413298
1t
0s
0r
1y
0c
0i
#20091414226
0t
0s
0r
1y
0c
0i
#20091415194
1t
0s
0r
1y
0c
0i
#20091416124
0t
0s
0r
1y
0c
0i
#20091417089
1t
0s
0r
1y
0c
0i
#20091418016
0t
0s
0r
1y
0c
0i
#20091418984
1t
0s
0r
1y
0c
0i
#20091419914
0t
0s
0r
1y
0c
0i
#20091420884
1t
0s
0r
1y
0c
0i
#20091421815
0t
0s
0r
1y
0c
0i
#20091422785
1t
0s
0r
1y
0c
0i
#20091423714
0t
0s
0r
1y
0c
0i
#20091424689
1t
0s
0r
1y
0c
0i
#20091425624
0t
0s
0r
1y
1c
1i
#20091426604
1t
0s
0r
1y
1c
1i
#20091427542
0t
0s
0r
1y
1c
1i
#20091428521
1t
0s
0r
1y
1c
0i
#20091429463
0t
0s
0r
1y
1c
0i
#20091430447
1t
0s
0r
1y
1c
0i
#20091431388
0t
0s
0r
1y
1c
0i
#20091432369
1t
0s
0r
1y
1c
0i
#20091433307
0t
0s
0r
1y
1c
0i
#20091434285
1t
0s
0r
1y
1c
0i
#20091435224
0t
0s
0r
1y
1c
0i
#20091436204
1t
0s
0r
1y
1c
0i
#20091437142
0t
0s
0r
1y
1c
0i
#20091438117
1t
0s
0r
1y
1c
0i
#20091439052
0t
0s
0r
1y
1c
0i
#20091440024
1t
0s
0r
1y
1c
0i
#20091440959
0t
0s
0r
1y
1c
0i
#20091441929
1t
0s
0r
1y
1c
0i
#20091442864
0t
0s
0r
1y
1c
0i
#20091443833
1t
0s
0r
1y
1c
0i
#20091444760
0t
0s
0r
1y
1c
0i
#20091447083
1t
0s
0r
1y
1c
0i
#20091448564
0t
0s
0r
1y
1c
0i
#20091449519
1t
0s
0r
1y
1c
0i
#20091450450
0t
0s
0r
1y
1c
0i
#20091451413
1t
0s
0r
1y
1c
0i
#20091452344
0t
0s
0r
1y
1c
0i
#20091453312
1t
0s
0r
1y
1c
0i
#20091454243
0t
0s
0r
1y
1c
0i
#20091455209
1t
0s
0r
1y
1c
0i
#20091456139
0t
0s
0r
1y
1c
0i
#20091457108
1t
0s
0r
1y
1c
0i
#20091458042
0t
0s
0r
1y
0c
0i
#20091459016
1t
0s
0r
1y
0c
0i
#20091459955
0t
0s
0r
1y
0c
1i
#20091460930
1t
0s
0r
1y
0c
1i
#20091461434
1t
0s
1r
1y
0c
1i
#20091461437
1t
0s
0r
1y
0c
1i
#20091461871
0t
0s
0r
1y
0c
1i
#20091462850
1t
0s
0r
1y
0c
0i
#20091463798
0t
0s
0r
1y
0c
0i
#20091464778
1t
0s
0r
1y
0c
0i
#20091465723
0t
0s
0r
1y
0c
0i
#20091466700
1t
0s
0r
1y
0c
0i
#20091467643
0t
0s
0r
1y
0c
0i
#20091468616
1t
0s
0r
1y
0c
0i
#20091469552
0t
0s
0r
1y
0c
0i
#20091470514
1t
0s
0r
1y
0c
0i
#20091471440
0t
0s
0r
1y
0c
0i
#20091472392
1t
0s
0r
1y
0c
0i
#20091473311
0t
0s
0r
1y
0c
0i
#20091474258
1t
0s
0r
1y
0c
0i
#20091475175
0t
0s
0r
1y
0c
0i
#20091476117
1t
0s
0r
1y
0c
0i
#20091477029
0t
0s
0r
1y
0c
0i
#20091477969
1t
0s
0r
1y
0c
0i
#20091478881
0t
0s
0r
1y
0c
0i
#20091479825
1t
0s
0r
1y
0c
0i
#20091480738
0t
0s
0r
1y
0c
0i
#20091481682
1t
0s
0r
1y
0c
0i
#20091482591
0t
0s
0r
1y
0c
0i
#20091483538
1t
0s
0r
1y
0c
0i
#20091484451
0t
0s
0r
1y
0c
0i
#20091485401
1t
0s
0r
1y
0c
0i
#20091486314
0t
0s
0r
1y
0c
0i
#20091487261
1t
0s
0r
1y
0c
0i
#20091488174
0t
0s
0r
1y
0c
0i
#20091489128
1t
0s
0r
1y
0c
0i
#20091490041
0t
0s
0r
1y
0c
0i
#20091490994
1t
0s
0r
1y
0c
0i
#20091491907
0t
0s
0r
1y
0c
0i
#20091492862
1t
0s
0r
1y
0c
0i
#20091493780
0t
0s
0r
1y
0c
1i
#20091494741
1t
0s
0r
1y
1c
1i
#20091495662
0t
0s
0r
1y
1c
1i
#20091496622
1t
0s
0r
1y
1c
0i
#20091497543
0t
0s
0r
1y
1c
0i
#20091498505
1t
0s
0r
1y
1c
0i
#20091499428
0t
0s
0r
1y
1c
0i
#20091500390
1t
0s
0r
1y
1c
0i
#20091501313
0t
0s
0r
1y
1c
0i
#20091502273
1t
0s
0r
1y
1c
0i
#20091503193
0t
0s
0r
1y
1c
0i
#20091504153
1t
0s
0r
1y
1c
0i
#20091505077
0t
0s
0r
1y
1c
0i
#20091506039
1t
0s
0r
1y
1c
0i
#20091506962
0t
0s
0r
1y
1c
0i
#20091507920
1t
0s
0r
1y
1c
0i
#20091508842
0t
0s
0r
1y
1c
0i
#20091509799
1t
0s
0r
1y
1c
0i
#20091510721
0t
0s
0r
1y
1c
0i
#20091511679
1t
0s
0r
1y
1c
0i
#20091512597
0t
0s
0r
1y
1c
0i
#20091514883
1t
0s
0r
1y
1c
0i
#20091516349
0t
0s
0r
1y
1c
0i
#20091517289
1t
0s
0r
1y
1c
0i
#20091518205
0t
0s
0r
1y
1c
0i
#20091519154
1t
0s
0r
1y
1c
0i
#20091520073
0t
0s
0r
1y
1c
0i
#20091521023
1t
0s
0r
1y
1c
0i
#20091521940
0t
0s
0r
1y
1c
0i
#20091522890
1t
0s
0r
1y
1c
0i
#20091523805
0t
0s
0r
1y
1c
0i
#20091524756
1t
0s
0r
1y
1c
0i
#20091525674
0t
0s
0r
1y
1c
0i
#20091526630
1t
0s
0r
1y
1c
0i
#20091527554
0t
0s
0r
1y
1c
1i
#20091528507
1t
0s
0r
1y
0c
1i
#20091529432
0t
0s
0r
1y
0c
1i
#20091530391
1t
0s
0r
1y
0c
0i
#20091531319
0t
0s
0r
1y
0c
0i
#20091532278
1t
0s
0r
1y
0c
0i
#20091533206
0t
0s
0r
1y
0c
0i
#20091534164
1t
0s
0r
1y
0c
0i
#20091535090
0t
0s
0r
1y
0c
0i
#20091536051
1t
0s
0r
1y
0c
0i
#20091536980
0t
0s
0r
1y
0c
0i
#20091537939
1t
0s
0r
1y
0c
0i
#20091538868
0t
0s
0r
1y
0c
0i
#20091539827
1t
0s
0r
1y
0c
0i
#20091540756
0t
0s
0r
1y
0c
0i
#20091541719
1t
0s
0r
1y
0c
0i
#20091542651
0t
0s
0r
1y
0c
0i
#20091543612
1t
0s
0r
1y
0c
0i
#20091544541
0t
0s
0r
1y
0c
0i
#20091545501
1t
0s
0r
1y
0c
0i
#20091546431
0t
0s
0r
1y
0c
0i
#20091547396
1t
0s
0r
1y
0c
0i
#20091548322
0t
0s
0r
1y
0c
0i
#20091549282
1t
0s
0r
1y
0c
0i
#20091550207
0t
0s
0r
1y
0c
0i
#20091551167
1t
0s
0r
1y
0c
0i
#20091552093
0t
0s
0r
1y
0c
0i
#20091553055
1t
0s
0r
1y
0c
0i
#20091553980
0t
0s
0r
1y
0c
0i
#20091554940
1t
0s
0r
1y
0c
0i
#20091555861
0t
0s
0r
1y
0c
0i
#20091556824
1t
0s
0r
1y
0c
0i
#20091557749
0t
0s
0r
1y
0c
0i
#20091558713
1t
0s
0r
1y
0c
0i
#20091559637
0t
0s
0r
1y
0c
0i
#20091560603
1t
0s
0r
1y
0c
0i
#20091561533
0t
0s
0r
1y
0c
1i
#20091562505
1t
0s
0r
1y
1c
1i
#20091563437
0t
0s
0r
1y
1c
1i
#20091564412
1t
0s
0r
1y
1c
0i
#20091565346
0t
0s
0r
1y
1c
0i
#20091566320
1t
0s
0r
1y
1c
0i
#20091567256
0t
0s
0r
1y
1c
0i
#20091568234
1t
0s
0r
1y
1c
0i
#20091569168
0t
0s
0r
1y
1c
0i
#20091570142
1t
0s
0r
1y
1c
0i
#20091571075
0t
0s
0r
1y
1c
0i
#20091572049
1t
0s
0r
1y
1c
0i
#20091572984
0t
0s
0r
1y
1c
0i
#20091573961
1t
0s
0r
1y
1c
0i
#20091574897
0t
0s
0r
1y
1c
0i
#20091575870
1t
0s
0r
1y
1c
0i
#20091576804
0t
0s
0r
1y
1c
0i
#20091577777
1t
0s
0r
1y
1c
0i
#20091578715
0t
0s
0r
1y
1c
0i
#20091579689
1t
0s
0r
1y
1c
0i
#20091580622
0t
0s
0r
1y
1c
0i
#20091582960
1t
0s
0r
1y
1c
0i
#20091584444
0t
0s
0r
1y
1c
0i
#20091585403
1t
0s
0r
1y
1c
0i
#20091586338
0t
0s
0r
1y
1c
0i
#20091587304
1t
0s
0r
1y
1c
0i
#20091588239
0t
0s
0r
1y
1c
0i
#20091589210
1t
0s
0r
1y
1c
0i
#20091590142
0t
0s
0r
1y
1c
0i
#20091591110
1t
0s
0r
1y
1c
0i
#20091592042
0t
0s
0r
1y
1c
0i
#20091593013
1t
0s
0r
1y
1c
0i
#20091593950
0t
0s
0r
1y
1c
0i
#20091594925
1t
0s
0r
1y
1c
1i
#20091595867
0t
0s
0r
1y
1c
1i
#20091596843
1t
0s
0r
1y
0c
1i
#20091597121
1t
0s
1r
1y
0c
1i
#20091597123
1t
0s
0r
1y
0c
1i
#20091597786
0t
0s
0r
1y
0c
1i
#20091598766
1t
0s
0r
1y
0c
0i
#20091599714
0t
0s
0r
1y
0c
0i
#20091600697
1t
0s
0r
1y
0c
0i
#20091601646
0t
0s
0r
1y
0c
0i
#20091602627
1t
0s
0r
1y
0c
0i
#20091603572
0t
0s
0r
1y
0c
0i
#20091604551
1t
0s
0r
1y
0c
0i
#20091605499
0t
0s
0r
1y
0c
0i
#20091606481
1t
0s
0r
1y
0c
0i
#20091607427
0t
0s
0r
1y
0c
0i
#20091608405
1t
0s
0r
1y
0c
0i
#20091609348
0t
0s
0r
1y
0c
0i
#20091610327
1t
0s
0r
1y
0c
0i
#20091611272
0t
0s
0r
1y
0c
0i
#20091612251
1t
0s
0r
1y
0c
0i
#20091613193
0t
0s
0r
1y
0c
0i
#20091614167
1t
0s
0r
1y
0c
0i
#20091615103
0t
0s
0r
1y
0c
0i
#20091616079
1t
0s
0r
1y
0c
0i
#20091617020
0t
0s
0r
1y
0c
0i
#20091617995
1t
0s
0r
1y
0c
0i
#20091618934
0t
0s
0r
1y
0c
0i
#20091619908
1t
0s
0r
1y
0c
0i
#20091620843
0t
0s
0r
1y
0c
0i
#20091621818
1t
0s
0r
1y
0c
0i
#20091622756
0t
0s
0r
1y
0c
0i
#20091623735
1t
0s
0r
1y
0c
0i
#20091624671
0t
0s
0r
1y
0c
0i
#20091625648
1t
0s
0r
1y
0c
0i
#20091626586
0t
0s
0r
1y
0c
0i
#20091627571
1t
0s
0r
1y
0c
0i
#20091628509
0t
0s
0r
1y
0c
0i
#20091629492
1t
0s
0r
1y
0c
1i
#20091630433
0t
0s
0r
1y
0c
1i
#20091631420
1t
0s
0r
1y
1c
1i
#20091632366
0t
0s
0r
1y
1c
1i
#20091633359
1t
0s
0r
1y
1c
0i
#20091634308
0t
0s
0r
1y
1c
0i
#20091635297
1t
0s
0r
1y
1c
0i
#20091636244
0t
0s
0r
1y
1c
0i
#20091637234
1t
0s
0r
1y
1c
0i
#20091638181
0t
0s
0r
1y
1c
0i
#20091639170
1t
0s
0r
1y
1c
0i
#20091640117
0t
0s
0r
1y
1c
0i
#20091641105
1t
0s
0r
1y
1c
0i
#20091642049
0t
0s
0r
1y
1c
0i
#20091643036
1t
0s
0r
1y
1c
0i
#20091643983
0t
0s
0r
1y
1c
0i
#20091644970
1t
0s
0r
1y
1c
0i
#20091645916
0t
0s
0r
1y
1c
0i
#20091646899
1t
0s
0r
1y
1c
0i
#20091647842
0t
0s
0r
1y
1c
0i
#20091648823
1t
0s
0r
1y
1c
0i
#20091649763
0t
0s
0r
1y
1c
0i
#20091652129
1t
0s
0r
1y
1c
0i
#20091653609
0t
0s
0r
1y
1c
0i
#20091654575
1t
0s
0r
1y
1c
0i
#20091655518
0t
0s
0r
1y
1c
0i
#20091656493
1t
0s
0r
1y
1c
0i
#20091657434
0t
0s
0r
1y
1c
0i
#20091658408
1t
0s
0r
1y
1c
0i
#20091659346
0t
0s
0r
1y
1c
0i
#20091660322
1t
0s
0r
1y
1c
0i
#20091661263
0t
0s
0r
1y
1c
0i
#20091662244
1t
0s
0r
1y
1c
0i
#20091663187
0t
0s
0r
1y
0c
0i
#20091664166
1t
0s
0r
1y
0c
1i
#20091665115
0t
0s
0r
1y
0c
1i
#20091666099
1t
0s
0r
1y
0c
1i
#20091667050
0t
0s
0r
1y
0c
1i
#20091668036
1t
0s
0r
1y
0c
0i
#20091668990
0t
0s
0r
1y
0c
0i
#20091669975
1t
0s
0r
1y
0c
0i
#20091670928
0t
0s
0r
1y
0c
0i
#20091671915
1t
0s
0r
1y
0c
0i
#20091672867
0t
0s
0r
1y
0c
0i
#20091673849
1t
0s
0r
1y
0c
0i
#20091674796
0t
0s
0r
1y
0c
0i
#20091675772
1t
0s
0r
1y
0c
0i
#20091676712
0t
0s
0r
1y
0c
0i
#20091677681
1t
0s
0r
1y
0c
0i
#20091678617
0t
0s
0r
1y
0c
0i
#20091679585
1t
0s
0r
1y
0c
0i
#20091680517
0t
0s
0r
1y
0c
0i
#20091681476
1t
0s
0r
1y
0c
0i
#20091682404
0t
0s
0r
1y
0c
0i
#20091683363
1t
0s
0r
1y
0c
0i
#20091684292
0t
0s
0r
1y
0c
0i
#20091685255
1t
0s
0r
1y
0c
0i
#20091686183
0t
0s
0r
1y
0c
0i
#20091687143
1t
0s
0r
1y
0c
0i
#20091688070
0t
0s
0r
1y
0c
0i
#20091689037
1t
0s
0r
1y
0c
0i
#20091689965
0t
0s
0r
1y
0c
0i
#20091690929
1t
0s
0r
1y
0c
0i
#20091691855
0t
0s
0r
1y
0c
0i
#20091692822
1t
0s
0r
1y
0c
0i
#20091693751
0t
0s
0r
1y
0c
0i
#20091694721
1t
0s
0r
1y
0c
0i
#20091695649
0t
0s
0r
1y
0c
0i
#20091696618
1t
0s
0r
1y
0c
0i
#20091697548
0t
0s
0r
1y
0c
0i
#20091698523
1t
0s
0r
1y
0c
1i
#20091699455
0t
0s
0r
1y
0c
1i
#20091700430
1t
0s
0r
1y
1c
1i
#20091701364
0t
0s
0r
1y
1c
1i
#20091702343
1t
0s
0r
1y
1c
0i
#20091703281
0t
0s
0r
1y
1c
0i
#20091704262
1t
0s
0r
1y
1c
0i
#20091705200
0t
0s
0r
1y
1c
0i
#20091706178
1t
0s
0r
1y
1c
0i
#20091707114
0t
0s
0r
1y
1c
0i
#20091708091
1t
0s
0r
1y
1c
0i
#20091709028
0t
0s
0r
1y
1c
0i
#20091710007
1t
0s
0r
1y
1c
0i
#20091710944
0t
0s
0r
1y
1c
0i
#20091711921
1t
0s
0r
1y
1c
0i
#20091712857
0t
0s
0r
1y
1c
0i
#20091713832
1t
0s
0r
1y
1c
0i
#20091714770
0t
0s
0r
1y
1c
0i
#20091715746
1t
0s
0r
1y
1c
0i
#20091716681
0t
0s
0r
1y
1c
0i
#20091717653
1t
0s
0r
1y
1c
0i
#20091718580
0t
0s
0r
1y
1c
0i
#20091720901
1t
0s
0r
1y
1c
0i
#20091722389
0t
0s
0r
1y
1c
0i
#20091723344
1t
0s
0r
1y
1c
0i
#20091724274
0t
0s
0r
1y
1c
0i
#20091725236
1t
0s
0r
1y
1c
0i
#20091726166
0t
0s
0r
1y
1c
0i
#20091727132
1t
0s
0r
1y
1c
0i
#20091728062
0t
0s
0r
1y
1c
0i
#20091729027
1t
0s
0r
1y
1c
0i
#20091729956
0t
0s
0r
1y
1c
0i
#20091730923
1t
0s
0r
1y
1c
0i
#20091731858
0t
0s
0r
1y
1c
0i
#20091732830
1t
0s
0r
1y
1c
1i
#20091733770
0t
0s
0r
1y
0c
1i
#20091734744
1t
0s
0r
1y
0c
1i
#20091735280
1t
0s
1r
1y
0c
1i
#20091735282
1t
0s
0r
1y
0c
1i
#20091735685
0t
0s
0r
1y
0c
1i
#20091736663
1t
0s
0r
1y
0c
0i
#20091737610
0t
0s
0r
1y
0c
0i
#20091738591
1t
0s
0r
1y
0c
0i
#20091739538
0t
0s
0r
1y
0c
0i
#20091740515
1t
0s
0r
1y
0c
0i
#20091741462
0t
0s
0r
1y
0c
0i
#20091742442
1t
0s
0r
1y
0c
0i
#20091743386
0t
0s
0r
1y
0c
0i
#20091744362
1t
0s
0r
1y
0c
0i
#20091745304
0t
0s
0r
1y
0c
0i
#20091746276
1t
0s
0r
1y
0c
0i
#20091747216
0t
0s
0r
1y
0c
0i
#20091748188
1t
0s
0r
1y
0c
0i
#20091749125
0t
0s
0r
1y
0c
0i
#20091750088
1t
0s
0r
1y
0c
0i
#20091751018
0t
0s
0r
1y
0c
0i
#20091751980
1t
0s
0r
1y
0c
0i
#20091752909
0t
0s
0r
1y
0c
0i
#20091753872
1t
0s
0r
1y
0c
0i
#20091754800
0t
0s
0r
1y
0c
0i
#20091755761
1t
0s
0r
1y
0c
0i
#20091756687
0t
0s
0r
1y
0c
0i
#20091757648
1t
0s
0r
1y
0c
0i
#20091758576
0t
0s
0r
1y
0c
0i
#20091759541
1t
0s
0r
1y
0c
0i
#20091760469
0t
0s
0r
1y
0c
0i
#20091761434
1t
0s
0r
1y
0c
0i
#20091762360
0t
0s
0r
1y
0c
0i
#20091763329
1t
0s
0r
1y
0c
0i
#20091764259
0t
0s
0r
1y
0c
0i
#20091765233
1t
0s
0r
1y
0c
0i
#20091766166
0t
0s
0r
1y
0c
0i
#20091767141
1t
0s
0r
1y
0c
1i
#20091768074
0t
0s
0r
1y
1c
1i
#20091769054
1t
0s
0r
1y
1c
1i
#20091769994
0t
0s
0r
1y
1c
1i
#20091770979
1t
0s
0r
1y
1c
0i
#20091771921
0t
0s
0r
1y
1c
0i
#20091772903
1t
0s
0r
1y
1c
0i
#20091773846
0t
0s
0r
1y
1c
0i
#20091774831
1t
0s
0r
1y
1c
0i
#20091775773
0t
0s
0r
1y
1c
0i
#20091776755
1t
0s
0r
1y
1c
0i
#20091777693
0t
0s
0r
1y
1c
0i
#20091778674
1t
0s
0r
1y
1c
0i
#20091779615
0t
0s
0r
1y
1c
0i
#20091780595
1t
0s
0r
1y
1c
0i
#20091781534
0t
0s
0r
1y
1c
0i
#20091782510
1t
0s
0r
1y
1c
0i
#20091783446
0t
0s
0r
1y
1c
0i
#20091784419
1t
0s
0r
1y
1c
0i
#20091785355
0t
0s
0r
1y
1c
0i
#20091786328
1t
0s
0r
1y
1c
0i
#20091787260
0t
0s
0r
1y
1c
0i
#20091789595
1t
0s
0r
1y
1c
0i
#20091791067
0t
0s
0r
1y
1c
0i
#20091792026
1t
0s
0r
1y
1c
0i
#20091792960
0t
0s
0r
1y
1c
0i
#20091793923
1t
0s
0r
1y
1c
0i
#20091794853
0t
0s
0r
1y
1c
0i
#20091795819
1t
0s
0r
1y
1c
0i
#20091796751
0t
0s
0r
1y
1c
0i
#20091797719
1t
0s
0r
1y
1c
0i
#20091798650
0t
0s
0r
1y
1c
0i
#20091799617
1t
0s
0r
1y
1c
0i
#20091800552
0t
0s
0r
1y
1c
0i
#20091801525
1t
0s
0r
1y
1c
1i
#20091802465
0t
0s
0r
1y
1c
1i
#20091803438
1t
0s
0r
1y
0c
1i
#20091804379
0t
0s
0r
1y
0c
1i
#20091805355
1t
0s
0r
1y
0c
0i
#20091806300
0t
0s
0r
1y
0c
0i
#20091807280
1t
0s
0r
1y
0c
0i
#20091808225
0t
0s
0r
1y
0c
0i
#20091809203
1t
0s
0r
1y
0c
0i
#20091810145
0t
0s
0r
1y
0c
0i
#20091811123
1t
0s
0r
1y
0c
0i
#20091812068
0t
0s
0r
1y
0c
0i
#20091813047
1t
0s
0r
1y
0c
0i
#20091813991
0t
0s
0r
1y
0c
0i
#20091814967
1t
0s
0r
1y
0c
0i
#20091815908
0t
0s
0r
1y
0c
0i
#20091816883
1t
0s
0r
1y
0c
0i
#20091817826
0t
0s
0r
1y
0c
0i
#20091818801
1t
0s
0r
1y
0c
0i
#20091819739
0t
0s
0r
1y
0c
0i
#20091820711
1t
0s
0r
1y
0c
0i
#20091821646
0t
0s
0r
1y
0c
0i
#20091822618
1t
0s
0r
1y
0c
0i
#20091823554
0t
0s
0r
1y
0c
0i
#20091824527
1t
0s
0r
1y
0c
0i
#20091825462
0t
0s
0r
1y
0c
0i
#20091826432
1t
0s
0r
1y
0c
0i
#20091827365
0t
0s
0r
1y
0c
0i
#20091828336
1t
0s
0r
1y
0c
0i
#20091829272
0t
0s
0r
1y
0c
0i
#20091830248
1t
0s
0r
1y
0c
0i
#20091831182
0t
0s
0r
1y
0c
0i
#20091832155
1t
0s
0r
1y
0c
0i
#20091833091
0t
0s
0r
1y
0c
0i
#20091834071
1t
0s
0r
1y
0c
0i
#20091835009
0t
0s
0r
1y
0c
0i
#20091835990
1t
0s
0r
1y
0c
1i
#20091836928
0t
0s
0r
1y
0c
1i
#20091837913
1t
0s
0r
1y
1c
1i
#20091838859
0t
0s
0r
1y
1c
1i
#20091839850
1t
0s
0r
1y
1c
0i
#20091840797
0t
0s
0r
1y
1c
0i
#20091841785
1t
0s
0r
1y
1c
0i
#20091842730
0t
0s
0r
1y
1c
0i
#20091843720
1t
0s
0r
1y
1c
0i
#20091844665
0t
0s
0r
1y
1c
0i
#20091845654
1t
0s
0r
1y
1c
0i
#20091846600
0t
0s
0r
1y
1c
0i
#20091847586
1t
0s
0r
1y
1c
0i
#20091848528
0t
0s
0r
1y
1c
0i
#20091849515
1t
0s
0r
1y
1c
0i
#20091850460
0t
0s
0r
1y
1c
0i
#20091851442
1t
0s
0r
1y
1c
0i
#20091852386
0t
0s
0r
1y
1c
0i
#20091853363
1t
0s
0r
1y
1c
0i
#20091854305
0t
0s
0r
1y
1c
0i
#20091855282
1t
0s
0r
1y
1c
0i
#20091856220
0t
0s
0r
1y
1c
0i
#20091858567
1t
0s
0r
1y
1c
0i
#20091860051
0t
0s
0r
1y
1c
0i
#20091861017
1t
0s
0r
1y
1c
0i
#20091861955
0t
0s
0r
1y
1c
0i
#20091862925
1t
0s
0r
1y
1c
0i
#20091863862
0t
0s
0r
1y
1c
0i
#20091864834
1t
0s
0r
1y
1c
0i
#20091865772
0t
0s
0r
1y
1c
0i
#20091866748
1t
0s
0r
1y
1c
0i
#20091867688
0t
0s
0r
1y
1c
0i
#20091868662
1t
0s
0r
1y
1c
0i
#20091869602
0t
0s
0r
1y
1c
0i
#20091870583
1t
0s
0r
1y
1c
1i
#20091871530
0t
0s
0r
1y
1c
1i
#20091872512
1t
0s
0r
1y
0c
1i
#20091872914
1t
0s
1r
1y
0c
1i
#20091872916
1t
0s
0r
1y
0c
1i
#20091873457
0t
0s
0r
1y
0c
1i
#20091874444
1t
0s
0r
1y
0c
0i
#20091875396
0t
0s
0r
1y
0c
0i
#20091876382
1t
0s
0r
1y
0c
0i
#20091877334
0t
0s
0r
1y
0c
0i
#20091878319
1t
0s
0r
1y
0c
0i
#20091879268
0t
0s
0r
1y
0c
0i
#20091880251
1t
0s
0r
1y
0c
0i
#20091881201
0t
0s
0r
1y
0c
0i
#20091882186
1t
0s
0r
1y
0c
0i
#20091883135
0t
0s
0r
1y
0c
0i
#20091884117
1t
0s
0r
1y
0c
0i
#20091885064
0t
0s
0r
1y
0c
0i
#20091886044
1t
0s
0r
1y
0c
0i
#20091886992
0t
0s
0r
1y
0c
0i
#20091887971
1t
0s
0r
1y
0c
0i
#20091888915
0t
0s
0r
1y
0c
0i
#20091889891
1t
0s
0r
1y
0c
0i
#20091890830
0t
0s
0r
1y
0c
0i
#20091891806
1t
0s
0r
1y
0c
0i
#20091892747
0t
0s
0r
1y
0c
0i
#20091893723
1t
0s
0r
1y
0c
0i
#20091894663
0t
0s
0r
1y
0c
0i
#20091895639
1t
0s
0r
1y
0c
0i
#20091896575
0t
0s
0r
1y
0c
0i
#20091897552
1t
0s
0r
1y
0c
0i
#20091898491
0t
0s
0r
1y
0c
0i
#20091899473
1t
0s
0r
1y
0c
0i
#20091900412
0t
0s
0r
1y
0c
0i
#20091901391
1t
0s
0r
1y
0c
0i
#20091902330
0t
0s
0r
1y
0c
0i
#20091903316
1t
0s
0r
1y
0c
0i
#20091904259
0t
0s
0r
1y
0c
0i
#20091905247
1t
0s
0r
1y
0c
0i
#20091906191
0t
0s
0r
1y
1c
1i
#20091907182
1t
0s
0r
1y
1c
1i
#20091908133
0t
0s
0r
1y
1c
1i
#20091909131
1t
0s
0r
1y
1c
0i
#20091910085
0t
0s
0r
1y
1c
0i
#20091911081
1t
0s
0r
1y
1c
0i
#20091912031
0t
0s
0r
1y
1c
0i
#20091913027
1t
0s
0r
1y
1c
0i
#20091913980
0t
0s
0r
1y
1c
0i
#20091914976
1t
0s
0r
1y
1c
0i
#20091915928
0t
0s
0r
1y
1c
0i
#20091916921
1t
0s
0r
1y
1c
0i
#20091917870
0t
0s
0r
1y
1c
0i
#20091918861
1t
0s
0r
1y
1c
0i
#20091919812
0t
0s
0r
1y
1c
0i
#20091920803
1t
0s
0r
1y
1c
0i
#20091921752
0t
0s
0r
1y
1c
0i
#20091922736
1t
0s
0r
1y
1c
0i
#20091923682
0t
0s
0r
1y
1c
0i
#20091924666
1t
0s
0r
1y
1c
0i
#20091925608
0t
0s
0r
1y
1c
0i
#20091927979
1t
0s
0r
1y
1c
0i
#20091929468
0t
0s
0r
1y
1c
0i
#20091930440
1t
0s
0r
1y
1c
0i
#20091931389
0t
0s
0r
1y
1c
0i
#20091932367
1t
0s
0r
1y
1c
0i
#20091933311
0t
0s
0r
1y
1c
0i
#20091934293
1t
0s
0r
1y
1c
0i
#20091935238
0t
0s
0r
1y
1c
0i
#20091936223
1t
0s
0r
1y
1c
0i
#20091937171
0t
0s
0r
1y
1c
0i
#20091938155
1t
0s
0r
1y
1c
0i
#20091939101
0t
0s
0r
1y
0c
0i
#20091940089
1t
0s
0r
1y
0c
0i
#20091941043
0t
0s
0r
1y
0c
1i
#20091942035
1t
0s
0r
1y
0c
1i
#20091942990
0t
0s
0r
1y
0c
1i
#20091943980
1t
0s
0r
1y
0c
0i
#20091944938
0t
0s
0r
1y
0c
0i
#20091945931
1t
0s
0r
1y
0c
0i
#20091946889
0t
0s
0r
1y
0c
0i
#20091947878
1t
0s
0r
1y
0c
0i
#20091948832
0t
0s
0r
1y
0c
0i
#20091949814
1t
0s
0r
1y
0c
0i
#20091950761
0t
0s
0r
1y
0c
0i
#20091951737
1t
0s
0r
1y
0c
0i
#20091952678
0t
0s
0r
1y
0c
0i
#20091953647
1t
0s
0r
1y
0c
0i
#20091954579
0t
0s
0r
1y
0c
0i
#20091955542
1t
0s
0r
1y
0c
0i
#20091956469
0t
0s
0r
1y
0c
0i
#20091957427
1t
0s
0r
1y
0c
0i
#20091958355
0t
0s
0r
1y
0c
0i
#20091959316
1t
0s
0r
1y
0c
0i
#20091960242
0t
0s
0r
1y
0c
0i
#20091961202
1t
0s
0r
1y
0c
0i
#20091962128
0t
0s
0r
1y
0c
0i
#20091963089
1t
0s
0r
1y
0c
0i
#20091964017
0t
0s
0r
1y
0c
0i
#20091964981
1t
0s
0r
1y
0c
0i
#20091965908
0t
0s
0r
1y
0c
0i
#20091966871
1t
0s
0r
1y
0c
0i
#20091967800
0t
0s
0r
1y
0c
0i
#20091968770
1t
0s
0r
1y
0c
0i
#20091969697
0t
0s
0r
1y
0c
0i
#20091970664
1t
0s
0r
1y
0c
0i
#20091971591
0t
0s
0r
1y
0c
0i
#20091972561
1t
0s
0r
1y
0c
0i
#20091973491
0t
0s
0r
1y
0c
0i
#20091974466
1t
0s
0r
1y
0c
0i
#20091975399
0t
0s
0r
1y
1c
1i
#20091976375
1t
0s
0r
1y
1c
1i
#20091977310
0t
0s
0r
1y
1c
1i
#20091978289
1t
0s
0r
1y
1c
0i
#20091979229
0t
0s
0r
1y
1c
0i
#20091980211
1t
0s
0r
1y
1c
0i
#20091981150
0t
0s
0r
1y
1c
0i
#20091982128
1t
0s
0r
1y
1c
0i
#20091983067
0t
0s
0r
1y
1c
0i
#20091984047
1t
0s
0r
1y
1c
0i
#20091984986
0t
0s
0r
1y
1c
0i
#20091985967
1t
0s
0r
1y
1c
0i
#20091986906
0t
0s
0r
1y
1c
0i
#20091987882
1t
0s
0r
1y
1c
0i
#20091988819
0t
0s
0r
1y
1c
0i
#20091989794
1t
0s
0r
1y
1c
0i
#20091990732
0t
0s
0r
1y
1c
0i
#20091991702
1t
0s
0r
1y
1c
0i
#20091992636
0t
0s
0r
1y
1c
0i
#20091993603
1t
0s
0r
1y
1c
0i
#20091994531
0t
0s
0r
1y
1c
0i
#20091996849
1t
0s
0r
1y
1c
0i
#20091998329
0t
0s
0r
1y
1c
0i
#20091999282
1t
0s
0r
1y
1c
0i
#20092000213
0t
0s
0r
1y
1c
0i
#20092001176
1t
0s
0r
1y
1c
0i
#20092002105
0t
0s
0r
1y
1c
0i
#20092003067
1t
0s
0r
1y
1c
0i
#20092003996
0t
0s
0r
1y
1c
0i
#20092004959
1t
0s
0r
1y
1c
0i
#20092005889
0t
0s
0r
1y
1c
0i
#20092006858
1t
0s
0r
1y
1c
0i
#20092007791
0t
0s
0r
1y
0c
0i
#20092008760
1t
0s
0r
1y
0c
0i
#20092009696
0t
0s
0r
1y
0c
1i
#20092010669
1t
0s
0r
1y
0c
1i
#20092011263
1t
0s
1r
1y
0c
1i
#20092011265
1t
0s
0r
1y
0c
1i
#20092011612
0t
0s
0r
1y
0c
1i
#20092012592
1t
0s
0r
1y
0c
0i
#20092013536
0t
0s
0r
1y
0c
0i
#20092014514
1t
0s
0r
1y
0c
0i
#20092015456
0t
0s
0r
1y
0c
0i
#20092016433
1t
0s
0r
1y
0c
0i
#20092017376
0t
0s
0r
1y
0c
0i
#20092018348
1t
0s
0r
1y
0c
0i
#20092019281
0t
0s
0r
1y
0c
0i
#20092020239
1t
0s
0r
1y
0c
0i
#20092021161
0t
0s
0r
1y
0c
0i
#20092022112
1t
0s
0r
1y
0c
0i
#20092023031
0t
0s
0r
1y
0c
0i
#20092023978
1t
0s
0r
1y
0c
0i
#20092024893
0t
0s
0r
1y
0c
0i
#20092025835
1t
0s
0r
1y
0c
0i
#20092026747
0t
0s
0r
1y
0c
0i
#20092027688
1t
0s
0r
1y
0c
0i
#20092028601
0t
0s
0r
1y
0c
0i
#20092029548
1t
0s
0r
1y
0c
0i
#20092030461
0t
0s
0r
1y
0c
0i
#20092031406
1t
0s
0r
1y
0c
0i
#20092032316
0t
0s
0r
1y
0c
0i
#20092033265
1t
0s
0r
1y
0c
0i
#20092034180
0t
0s
0r
1y
0c
0i
#20092035132
1t
0s
0r
1y
0c
0i
#20092036047
0t
0s
0r
1y
0c
0i
#20092036998
1t
0s
0r
1y
0c
0i
#20092037911
0t
0s
0r
1y
0c
0i
#20092038865
1t
0s
0r
1y
0c
0i
#20092039782
0t
0s
0r
1y
0c
0i
#20092040738
1t
0s
0r
1y
0c
0i
#20092041655
0t
0s
0r
1y
0c
0i
#20092042612
1t
0s
0r
1y
0c
0i
#20092043533
0t
0s
0r
1y
1c
1i
#20092044497
1t
0s
0r
1y
1c
1i
#20092045421
0t
0s
0r
1y
1c
1i
#20092046385
1t
0s
0r
1y
1c
0i
#20092047309
0t
0s
0r
1y
1c
0i
#20092048276
1t
0s
0r
1y
1c
0i
#20092049202
0t
0s
0r
1y
1c
0i
#20092050168
1t
0s
0r
1y
1c
0i
#20092051095
0t
0s
0r
1y
1c
0i
#20092052060
1t
0s
0r
1y
1c
0i
#20092052985
0t
0s
0r
1y
1c
0i
#20092053950
1t
0s
0r
1y
1c
0i
#20092054876
0t
0s
0r
1y
1c
0i
#20092055842
1t
0s
0r
1y
1c
0i
#20092056768
0t
0s
0r
1y
1c
0i
#20092057731
1t
0s
0r
1y
1c
0i
#20092058656
0t
0s
0r
1y
1c
0i
#20092059616
1t
0s
0r
1y
1c
0i
#20092060543
0t
0s
0r
1y
1c
0i
#20092061505
1t
0s
0r
1y
1c
0i
#20092062428
0t
0s
0r
1y
1c
0i
#20092064739
1t
0s
0r
1y
1c
0i
#20092066202
0t
0s
0r
1y
1c
0i
#20092067150
1t
0s
0r
1y
1c
0i
#20092068075
0t
0s
0r
1y
1c
0i
#20092069029
1t
0s
0r
1y
1c
0i
#20092069952
0t
0s
0r
1y
1c
0i
#20092070909
1t
0s
0r
1y
1c
0i
#20092071833
0t
0s
0r
1y
1c
0i
#20092072789
1t
0s
0r
1y
1c
0i
#20092073711
0t
0s
0r
1y
1c
0i
#20092074669
1t
0s
0r
1y
1c
0i
#20092075594
0t
0s
0r
1y
1c
0i
#20092076557
1t
0s
0r
1y
1c
0i
#20092077487
0t
0s
0r
1y
0c
1i
#20092078449
1t
0s
0r
1y
0c
1i
#20092079380
0t
0s
0r
1y
0c
1i
#20092080345
1t
0s
0r
1y
0c
0i
#20092081280
0t
0s
0r
1y
0c
0i
#20092082249
1t
0s
0r
1y
0c
0i
#20092083184
0t
0s
0r
1y
0c
0i
#20092084151
1t
0s
0r
1y
0c
0i
#20092085083
0t
0s
0r
1y
0c
0i
#20092086051
1t
0s
0r
1y
0c
0i
#20092086987
0t
0s
0r
1y
0c
0i
#20092087956
1t
0s
0r
1y
0c
0i
#20092088891
0t
0s
0r
1y
0c
0i
#20092089858
1t
0s
0r
1y
0c
0i
#20092090790
0t
0s
0r
1y
0c
0i
#20092091756
1t
0s
0r
1y
0c
0i
#20092092692
0t
0s
0r
1y
0c
0i
#20092093658
1t
0s
0r
1y
0c
0i
#20092094590
0t
0s
0r
1y
0c
0i
#20092095552
1t
0s
0r
1y
0c
0i
#20092096479
0t
0s
0r
1y
0c
0i
#20092097443
1t
0s
0r
1y
0c
0i
#20092098372
0t
0s
0r
1y
0c
0i
#20092099336
1t
0s
0r
1y
0c
0i
#20092100265
0t
0s
0r
1y
0c
0i
#20092101227
1t
0s
0r
1y
0c
0i
#20092102152
0t
0s
0r
1y
0c
0i
#20092103116
1t
0s
0r
1y
0c
0i
#20092104044
0t
0s
0r
1y
0c
0i
#20092105011
1t
0s
0r
1y
0c
0i
#20092105937
0t
0s
0r
1y
0c
0i
#20092106901
1t
0s
0r
1y
0c
0i
#20092107829
0t
0s
0r
1y
0c
0i
#20092108799
1t
0s
0r
1y
0c
0i
#20092109728
0t
0s
0r
1y
0c
0i
#20092110699
1t
0s
0r
1y
0c
0i
#20092111629
0t
0s
0r
1y
0c
1i
#20092112602
1t
0s
0r
1y
1c
1i
#20092113538
0t
0s
0r
1y
1c
1i
#20092114518
1t
0s
0r
1y
1c
0i
#20092115455
0t
0s
0r
1y
1c
0i
#20092116432
1t
0s
0r
1y
1c
0i
#20092117368
0t
0s
0r
1y
1c
0i
#20092118345
1t
0s
0r
1y
1c
0i
#20092119283
0t
0s
0r
1y
1c
0i
#20092120262
1t
0s
0r
1y
1c
0i
#20092121200
0t
0s
0r
1y
1c
0i
#20092122177
1t
0s
0r
1y
1c
0i
#20092123114
0t
0s
0r
1y
1c
0i
#20092124093
1t
0s
0r
1y
1c
0i
#20092125033
0t
0s
0r
1y
1c
0i
#20092126012
1t
0s
0r
1y
1c
0i
#20092126955
0t
0s
0r
1y
1c
0i
#20092127932
1t
0s
0r
1y
1c
0i
#20092128872
0t
0s
0r
1y
1c
0i
#20092129850
1t
0s
0r
1y
1c
0i
#20092130789
0t
0s
0r
1y
1c
0i
#20092133147
1t
0s
0r
1y
1c
0i
#20092134634
0t
0s
0r
1y
1c
0i
#20092135601
1t
0s
0r
1y
1c
0i
#20092136544
0t
0s
0r
1y
1c
0i
#20092137518
1t
0s
0r
1y
1c
0i
#20092138457
0t
0s
0r
1y
1c
0i
#20092139431
1t
0s
0r
1y
1c
0i
#20092140371
0t
0s
0r
1y
1c
0i
#20092141348
1t
0s
0r
1y
1c
0i
#20092142289
0t
0s
0r
1y
1c
0i
#20092143265
1t
0s
0r
1y
1c
0i
#20092144204
0t
0s
0r
1y
1c
0i
#20092145183
1t
0s
0r
1y
1c
0i
#20092146129
0t
0s
0r
1y
1c
1i
#20092147113
1t
0s
0r
1y
0c
1i
#20092147354
1t
0s
1r
1y
0c
1i
#20092147356
1t
0s
0r
1y
0c
1i
#20092148060
0t
0s
0r
1y
0c
1i
#20092149045
1t
0s
0r
1y
0c
0i
#20092149994
0t
0s
0r
1y
0c
0i
#20092150980
1t
0s
0r
1y
0c
0i
#20092151932
0t
0s
0r
1y
0c
0i
#20092152917
1t
0s
0r
1y
0c
0i
#20092153867
0t
0s
0r
1y
0c
0i
#20092154849
1t
0s
0r
1y
0c
0i
#20092155798
0t
0s
0r
1y
0c
0i
#20092156782
1t
0s
0r
1y
0c
0i
#20092157731
0t
0s
0r
1y
0c
0i
#20092158717
1t
0s
0r
1y
0c
0i
#20092159666
0t
0s
0r
1y
0c
0i
#20092160648
1t
0s
0r
1y
0c
0i
#20092161595
0t
0s
0r
1y
0c
0i
#20092162575
1t
0s
0r
1y
0c
0i
#20092163522
0t
0s
0r
1y
0c
0i
#20092164504
1t
0s
0r
1y
0c
0i
#20092165449
0t
0s
0r
1y
0c
0i
#20092166429
1t
0s
0r
1y
0c
0i
#20092167370
0t
0s
0r
1y
0c
0i
#20092168349
1t
0s
0r
1y
0c
0i
#20092169292
0t
0s
0r
1y
0c
0i
#20092170275
1t
0s
0r
1y
0c
0i
#20092171216
0t
0s
0r
1y
0c
0i
#20092172194
1t
0s
0r
1y
0c
0i
#20092173136
0t
0s
0r
1y
0c
0i
#20092174120
1t
0s
0r
1y
0c
0i
#20092175062
0t
0s
0r
1y
0c
0i
#20092176046
1t
0s
0r
1y
0c
0i
#20092176987
0t
0s
0r
1y
0c
0i
#20092177973
1t
0s
0r
1y
0c
0i
#20092178919
0t
0s
0r
1y
0c
0i
#20092179912
1t
0s
0r
1y
0c
0i
#20092180860
0t
0s
0r
1y
0c
1i
#20092181854
1t
0s
0r
1y
1c
1i
#20092182803
0t
0s
0r
1y
1c
1i
#20092183802
1t
0s
0r
1y
1c
0i
#20092184759
0t
0s
0r
1y
1c
0i
#20092185760
1t
0s
0r
1y
1c
0i
#20092186717
0t
0s
0r
1y
1c
0i
#20092187716
1t
0s
0r
1y
1c
0i
#20092188670
0t
0s
0r
1y
1c
0i
#20092189669
1t
0s
0r
1y
1c
0i
#20092190627
0t
0s
0r
1y
1c
0i
#20092191629
1t
0s
0r
1y
1c
0i
#20092192586
0t
0s
0r
1y
1c
0i
#20092193584
1t
0s
0r
1y
1c
0i
#20092194540
0t
0s
0r
1y
1c
0i
#20092195538
1t
0s
0r
1y
1c
0i
#20092196495
0t
0s
0r
1y
1c
0i
#20092197491
1t
0s
0r
1y
1c
0i
#20092198447
0t
0s
0r
1y
1c
0i
#20092199438
1t
0s
0r
1y
1c
0i
#20092200389
0t
0s
0r
1y
1c
0i
#20092202779
1t
0s
0r
1y
1c
0i
#20092204284
0t
0s
0r
1y
1c
0i
#20092205266
1t
0s
0r
1y
1c
0i
#20092206222
0t
0s
0r
1y
1c
0i
#20092207211
1t
0s
0r
1y
1c
0i
#20092208166
0t
0s
0r
1y
1c
0i
#20092209156
1t
0s
0r
1y
1c
0i
#20092210106
0t
0s
0r
1y
1c
0i
#20092211098
1t
0s
0r
1y
1c
0i
#20092212053
0t
0s
0r
1y
1c
0i
#20092213047
1t
0s
0r
1y
1c
0i
#20092214003
0t
0s
0r
1y
0c
0i
#20092214997
1t
0s
0r
1y
0c
0i
#20092215959
0t
0s
0r
1y
0c
1i
#20092216959
1t
0s
0r
1y
0c
1i
#20092217921
0t
0s
0r
1y
0c
1i
#20092218921
1t
0s
0r
1y
0c
0i
#20092219885
0t
0s
0r
1y
0c
0i
#20092220886
1t
0s
0r
1y
0c
0i
#20092221851
0t
0s
0r
1y
0c
0i
#20092222853
1t
0s
0r
1y
0c
0i
#20092223817
0t
0s
0r
1y
0c
0i
#20092224813
1t
0s
0r
1y
0c
0i
#20092225770
0t
0s
0r
1y
0c
0i
#20092226760
1t
0s
0r
1y
0c
0i
#20092227714
0t
0s
0r
1y
0c
0i
#20092228700
1t
0s
0r
1y
0c
0i
#20092229647
0t
0s
0r
1y
0c
0i
#20092230625
1t
0s
0r
1y
0c
0i
#20092231567
0t
0s
0r
1y
0c
0i
#20092232540
1t
0s
0r
1y
0c
0i
#20092233482
0t
0s
0r
1y
0c
0i
#20092234459
1t
0s
0r
1y
0c
0i
#20092235399
0t
0s
0r
1y
0c
0i
#20092236373
1t
0s
0r
1y
0c
0i
#20092237312
0t
0s
0r
1y
0c
0i
#20092238288
1t
0s
0r
1y
0c
0i
#20092239229
0t
0s
0r
1y
0c
0i
#20092240210
1t
0s
0r
1y
0c
0i
#20092241150
0t
0s
0r
1y
0c
0i
#20092242127
1t
0s
0r
1y
0c
0i
#20092243069
0t
0s
0r
1y
0c
0i
#20092244054
1t
0s
0r
1y
0c
0i
#20092244994
0t
0s
0r
1y
0c
0i
#20092245975
1t
0s
0r
1y
0c
0i
#20092246915
0t
0s
0r
1y
0c
0i
#20092247899
1t
0s
0r
1y
0c
0i
#20092248842
0t
0s
0r
1y
0c
0i
#20092249831
1t
0s
0r
1y
0c
0i
#20092250777
0t
0s
0r
1y
0c
1i
#20092251766
1t
0s
0r
1y
1c
1i
#20092252714
0t
0s
0r
1y
1c
1i
#20092253707
1t
0s
0r
1y
1c
0i
#20092254659
0t
0s
0r
1y
1c
0i
#20092255657
1t
0s
0r
1y
1c
0i
#20092256608
0t
0s
0r
1y
1c
0i
#20092257602
1t
0s
0r
1y
1c
0i
#20092258553
0t
0s
0r
1y
1c
0i
#20092259548
1t
0s
0r
1y
1c
0i
#20092260501
0t
0s
0r
1y
1c
0i
#20092261499
1t
0s
0r
1y
1c
0i
#20092262454
0t
0s
0r
1y
1c
0i
#20092263450
1t
0s
0r
1y
1c
0i
#20092264402
0t
0s
0r
1y
1c
0i
#20092265398
1t
0s
0r
1y
1c
0i
#20092266355
0t
0s
0r
1y
1c
0i
#20092267351
1t
0s
0r
1y
1c
0i
#20092268307
0t
0s
0r
1y
1c
0i
#20092269301
1t
0s
0r
1y
1c
0i
#20092270252
0t
0s
0r
1y
1c
0i
#20092272648
1t
0s
0r
1y
1c
0i
#20092274153
0t
0s
0r
1y
1c
0i
#20092275134
1t
0s
0r
1y
1c
0i
#20092276090
0t
0s
0r
1y
1c
0i
#20092277080
1t
0s
0r
1y
1c
0i
#20092278033
0t
0s
0r
1y
1c
0i
#20092279022
1t
0s
0r
1y
1c
0i
#20092279973
0t
0s
0r
1y
1c
0i
#20092280963
1t
0s
0r
1y
1c
0i
#20092281917
0t
0s
0r
1y
1c
0i
#20092282912
1t
0s
0r
1y
1c
0i
#20092283868
0t
0s
0r
1y
1c
0i
#20092284864
1t
0s
0r
1y
1c
0i
#20092285821
0t
0s
0r
1y
0c
1i
#20092286822
1t
0s
0r
1y
0c
1i
#20092287186
1t
0s
1r
1y
0c
1i
#20092287188
1t
0s
0r
1y
0c
1i
#20092287788
0t
0s
0r
1y
0c
1i
#20092288792
1t
0s
0r
1y
0c
0i
#20092289759
0t
0s
0r
1y
0c
0i
#20092290762
1t
0s
0r
1y
0c
0i
#20092291731
0t
0s
0r
1y
0c
0i
#20092292738
1t
0s
0r
1y
0c
0i
#20092293707
0t
0s
0r
1y
0c
0i
#20092294710
1t
0s
0r
1y
0c
0i
#20092295676
0t
0s
0r
1y
0c
0i
#20092296679
1t
0s
0r
1y
0c
0i
#20092297646
0t
0s
0r
1y
0c
0i
#20092298651
1t
0s
0r
1y
0c
0i
#20092299615
0t
0s
0r
1y
0c
0i
#20092300613
1t
0s
0r
1y
0c
0i
#20092301573
0t
0s
0r
1y
0c
0i
#20092302569
1t
0s
0r
1y
0c
0i
#20092303529
0t
0s
0r
1y
0c
0i
#20092304525
1t
0s
0r
1y
0c
0i
#20092305482
0t
0s
0r
1y
0c
0i
#20092306474
1t
0s
0r
1y
0c
0i
#20092307428
0t
0s
0r
1y
0c
0i
#20092308421
1t
0s
0r
1y
0c
0i
#20092309376
0t
0s
0r
1y
0c
0i
#20092310373
1t
0s
0r
1y
0c
0i
#20092311328
0t
0s
0r
1y
0c
0i
#20092312322
1t
0s
0r
1y
0c
0i
#20092313275
0t
0s
0r
1y
0c
0i
#20092314272
1t
0s
0r
1y
0c
0i
#20092315228
0t
0s
0r
1y
0c
0i
#20092316229
1t
0s
0r
1y
0c
0i
#20092317185
0t
0s
0r
1y
0c
0i
#20092318185
1t
0s
0r
1y
0c
0i
#20092319144
0t
0s
0r
1y
0c
0i
#20092320151
1t
0s
0r
1y
0c
0i
#20092321113
0t
0s
0r
1y
1c
1i
#20092322122
1t
0s
0r
1y
1c
1i
#20092323087
0t
0s
0r
1y
1c
1i
#20092324099
1t
0s
0r
1y
1c
0i
#20092325067
0t
0s
0r
1y
1c
0i
#20092326083
1t
0s
0r
1y
1c
0i
#20092327052
0t
0s
0r
1y
1c
0i
#20092328065
1t
0s
0r
1y
1c
0i
#20092329031
0t
0s
0r
1y
1c
0i
#20092330044
1t
0s
0r
1y
1c
0i
#20092331012
0t
0s
0r
1y
1c
0i
#20092332026
1t
0s
0r
1y
1c
0i
#20092332997
0t
0s
0r
1y
1c
0i
#20092334012
1t
0s
0r
1y
1c
0i
#20092334981
0t
0s
0r
1y
1c
0i
#20092335993
1t
0s
0r
1y
1c
0i
#20092336966
0t
0s
0r
1y
1c
0i
#20092337982
1t
0s
0r
1y
1c
0i
#20092338956
0t
0s
0r
1y
1c
0i
#20092339970
1t
0s
0r
1y
1c
0i
#20092340939
0t
0s
0r
1y
1c
0i
#20092343373
1t
0s
0r
1y
1c
0i
#20092344923
0t
0s
0r
1y
1c
0i
#20092345925
1t
0s
0r
1y
1c
0i
#20092346897
0t
0s
0r
1y
1c
0i
#20092347907
1t
0s
0r
1y
1c
0i
#20092348881
0t
0s
0r
1y
1c
0i
#20092349894
1t
0s
0r
1y
1c
0i
#20092350866
0t
0s
0r
1y
1c
0i
#20092351878
1t
0s
0r
1y
1c
0i
#20092352850
0t
0s
0r
1y
1c
0i
#20092353865
1t
0s
0r
1y
1c
0i
#20092354841
0t
0s
0r
1y
1c
0i
#20092355859
1t
0s
0r
1y
1c
0i
#20092356838
0t
0s
0r
1y
0c
1i
#20092357856
1t
0s
0r
1y
0c
1i
#20092358839
0t
0s
0r
1y
0c
1i
#20092359863
1t
0s
0r
1y
0c
0i
#20092360848
0t
0s
0r
1y
0c
0i
#20092361871
1t
0s
0r
1y
0c
0i
#20092362856
0t
0s
0r
1y
0c
0i
#20092363878
1t
0s
0r
1y
0c
0i
#20092364863
0t
0s
0r
1y
0c
0i
#20092365888
1t
0s
0r
1y
0c
0i
#20092366874
0t
0s
0r
1y
0c
0i
#20092367896
1t
0s
0r
1y
0c
0i
#20092368880
0t
0s
0r
1y
0c
0i
#20092369901
1t
0s
0r
1y
0c
0i
#20092370883
0t
0s
0r
1y
0c
0i
#20092371902
1t
0s
0r
1y
0c
0i
#20092372887
0t
0s
0r
1y
0c
0i
#20092373907
1t
0s
0r
1y
0c
0i
#20092374887
0t
0s
0r
1y
0c
0i
#20092375903
1t
0s
0r
1y
0c
0i
#20092376882
0t
0s
0r
1y
0c
0i
#20092377902
1t
0s
0r
1y
0c
0i
#20092378881
0t
0s
0r
1y
0c
0i
#20092379898
1t
0s
0r
1y
0c
0i
#20092380875
0t
0s
0r
1y
0c
0i
#20092381892
1t
0s
0r
1y
0c
0i
#20092382869
0t
0s
0r
1y
0c
0i
#20092383892
1t
0s
0r
1y
0c
0i
#20092384868
0t
0s
0r
1y
0c
0i
#20092385889
1t
0s
0r
1y
0c
0i
#20092386862
0t
0s
0r
1y
0c
0i
#20092387886
1t
0s
0r
1y
0c
0i
#20092388864
0t
0s
0r
1y
0c
0i
#20092389891
1t
0s
0r
1y
0c
0i
#20092390871
0t
0s
0r
1y
0c
0i
#20092391900
1t
0s
0r
1y
0c
0i
#20092392882
0t
0s
0r
1y
1c
1i
#20092393915
1t
0s
0r
1y
1c
1i
#20092394903
0t
0s
0r
1y
1c
1i
#20092395944
1t
0s
0r
1y
1c
0i
#20092396934
0t
0s
0r
1y
1c
0i
#20092397973
1t
0s
0r
1y
1c
0i
#20092398962
0t
0s
0r
1y
1c
0i
#20092400001
1t
0s
0r
1y
1c
0i
#20092400991
0t
0s
0r
1y
1c
0i
#20092402031
1t
0s
0r
1y
1c
0i
#20092403021
0t
0s
0r
1y
1c
0i
#20092404057
1t
0s
0r
1y
1c
0i
#20092405042
0t
0s
0r
1y
1c
0i
#20092406076
1t
0s
0r
1y
1c
0i
#20092407061
0t
0s
0r
1y
1c
0i
#20092408092
1t
0s
0r
1y
1c
0i
#20092409076
0t
0s
0r
1y
1c
0i
#20092410100
1t
0s
0r
1y
1c
0i
#20092411079
0t
0s
0r
1y
1c
0i
#20092412101
1t
0s
0r
1y
1c
0i
#20092413077
0t
0s
0r
1y
1c
0i
#20092415550
1t
0s
0r
1y
1c
0i
#20092417085
0t
0s
0r
1y
1c
0i
#20092418097
1t
0s
0r
1y
1c
0i
#20092419080
0t
0s
0r
1y
1c
0i
#20092420098
1t
0s
0r
1y
1c
0i
#20092421077
0t
0s
0r
1y
1c
0i
#20092422098
1t
0s
0r
1y
1c
0i
#20092423079
0t
0s
0r
1y
1c
0i
#20092424104
1t
0s
0r
1y
1c
0i
#20092425088
0t
0s
0r
1y
1c
0i
#20092426112
1t
0s
0r
1y
1c
0i
#20092427094
0t
0s
0r
1y
1c
0i
#20092428123
1t
0s
0r
1y
1c
0i
#20092429113
0t
0s
0r
1y
0c
1i
#20092430148
1t
0s
0r
1y
0c
1i
#20092430445
1t
0s
1r
1y
0c
1i
#20092430447
1t
0s
0r
1y
0c
1i
#20092431140
0t
0s
0r
1y
0c
1i
#20092432175
1t
0s
0r
1y
0c
0i
#20092433171
0t
0s
0r
1y
0c
0i
#20092434209
1t
0s
0r
1y
0c
0i
#20092435207
0t
0s
0r
1y
0c
0i
#20092436244
1t
0s
0r
1y
0c
0i
#20092437239
0t
0s
0r
1y
0c
0i
#20092438272
1t
0s
0r
1y
0c
0i
#20092439267
0t
0s
0r
1y
0c
0i
#20092440301
1t
0s
0r
1y
0c
0i
#20092441294
0t
0s
0r
1y
0c
0i
#20092442327
1t
0s
0r
1y
0c
0i
#20092443317
0t
0s
0r
1y
0c
0i
#20092444344
1t
0s
0r
1y
0c
0i
#20092445331
0t
0s
0r
1y
0c
0i
#20092446355
1t
0s
0r
1y
0c
0i
#20092447340
0t
0s
0r
1y
0c
0i
#20092448365
1t
0s
0r
1y
0c
0i
#20092449346
0t
0s
0r
1y
0c
0i
#20092450369
1t
0s
0r
1y
0c
0i
#20092451348
0t
0s
0r
1y
0c
0i
#20092452370
1t
0s
0r
1y
0c
0i
#20092453351
0t
0s
0r
1y
0c
0i
#20092454378
1t
0s
0r
1y
0c
0i
#20092455358
0t
0s
0r
1y
0c
0i
#20092456381
1t
0s
0r
1y
0c
0i
#20092457363
0t
0s
0r
1y
0c
0i
#20092458393
1t
0s
0r
1y
0c
0i
#20092459376
0t
0s
0r
1y
0c
0i
#20092460405
1t
0s
0r
1y
0c
0i
#20092461387
0t
0s
0r
1y
0c
0i
#20092462421
1t
0s
0r
1y
0c
0i
#20092463407
0t
0s
0r
1y
0c
0i
#20092464447
1t
0s
0r
1y
0c
0i
#20092465438
0t
0s
0r
1y
1c
1i
#20092466479
1t
0s
0r
1y
1c
1i
#20092467472
0t
0s
0r
1y
1c
1i
#20092468518
1t
0s
0r
1y
1c
0i
#20092469517
0t
0s
0r
1y
1c
0i
#20092470568
1t
0s
0r
1y
1c
0i
#20092471566
0t
0s
0r
1y
1c
0i
#20092472612
1t
0s
0r
1y
1c
0i
#20092473608
0t
0s
0r
1y
1c
0i
#20092474653
1t
0s
0r
1y
1c
0i
#20092475650
0t
0s
0r
1y
1c
0i
#20092476696
1t
0s
0r
1y
1c
0i
#20092477691
0t
0s
0r
1y
1c
0i
#20092478731
1t
0s
0r
1y
1c
0i
#20092479722
0t
0s
0r
1y
1c
0i
#20092480758
1t
0s
0r
1y
1c
0i
#20092481749
0t
0s
0r
1y
1c
0i
#20092482783
1t
0s
0r
1y
1c
0i
#20092483772
0t
0s
0r
1y
1c
0i
#20092484801
1t
0s
0r
1y
1c
0i
#20092485782
0t
0s
0r
1y
1c
0i
#20092488255
1t
0s
0r
1y
1c
0i
#20092489826
0t
0s
0r
1y
1c
0i
#20092490845
1t
0s
0r
1y
1c
0i
#20092491833
0t
0s
0r
1y
1c
0i
#20092492861
1t
0s
0r
1y
1c
0i
#20092493852
0t
0s
0r
1y
1c
0i
#20092494885
1t
0s
0r
1y
1c
0i
#20092495872
0t
0s
0r
1y
1c
0i
#20092496905
1t
0s
0r
1y
1c
0i
#20092497897
0t
0s
0r
1y
1c
0i
#20092498937
1t
0s
0r
1y
0c
0i
#20092499930
0t
0s
0r
1y
0c
0i
#20092500969
1t
0s
0r
1y
0c
0i
#20092501968
0t
0s
0r
1y
0c
1i
#20092503010
1t
0s
0r
1y
0c
1i
#20092504013
0t
0s
0r
1y
0c
1i
#20092505061
1t
0s
0r
1y
0c
0i
#20092506068
0t
0s
0r
1y
0c
0i
#20092507111
1t
0s
0r
1y
0c
0i
#20092508116
0t
0s
0r
1y
0c
0i
#20092509160
1t
0s
0r
1y
0c
0i
#20092510162
0t
0s
0r
1y
0c
0i
#20092511195
1t
0s
0r
1y
0c
0i
#20092512186
0t
0s
0r
1y
0c
0i
#20092513210
1t
0s
0r
1y
0c
0i
#20092514192
0t
0s
0r
1y
0c
0i
#20092515210
1t
0s
0r
1y
0c
0i
#20092516186
0t
0s
0r
1y
0c
0i
#20092517197
1t
0s
0r
1y
0c
0i
#20092518169
0t
0s
0r
1y
0c
0i
#20092519174
1t
0s
0r
1y
0c
0i
#20092520145
0t
0s
0r
1y
0c
0i
#20092521155
1t
0s
0r
1y
0c
0i
#20092522125
0t
0s
0r
1y
0c
0i
#20092523136
1t
0s
0r
1y
0c
0i
#20092524107
0t
0s
0r
1y
0c
0i
#20092525117
1t
0s
0r
1y
0c
0i
#20092526089
0t
0s
0r
1y
0c
0i
#20092527106
1t
0s
0r
1y
0c
0i
#20092528079
0t
0s
0r
1y
0c
0i
#20092529094
1t
0s
0r
1y
0c
0i
#20092530065
0t
0s
0r
1y
0c
0i
#20092531083
1t
0s
0r
1y
0c
0i
#20092532057
0t
0s
0r
1y
0c
0i
#20092533077
1t
0s
0r
1y
0c
0i
#20092534052
0t
0s
0r
1y
0c
0i
#20092535074
1t
0s
0r
1y
0c
0i
#20092536047
0t
0s
0r
1y
0c
0i
#20092537073
1t
0s
0r
1y
1c
0i
#20092538052
0t
0s
0r
1y
1c
1i
#20092539084
1t
0s
0r
1y
1c
1i
#20092540068
0t
0s
0r
1y
1c
1i
#20092541100
1t
0s
0r
1y
1c
0i
#20092542085
0t
0s
0r
1y
1c
0i
#20092543121
1t
0s
0r
1y
1c
0i
#20092544108
0t
0s
0r
1y
1c
0i
#20092545144
1t
0s
0r
1y
1c
0i
#20092546131
0t
0s
0r
1y
1c
0i
#20092547162
1t
0s
0r
1y
1c
0i
#20092548143
0t
0s
0r
1y
1c
0i
#20092549170
1t
0s
0r
1y
1c
0i
#20092550149
0t
0s
0r
1y
1c
0i
#20092551172
1t
0s
0r
1y
1c
0i
#20092552145
0t
0s
0r
1y
1c
0i
#20092553158
1t
0s
0r
1y
1c
0i
#20092554125
0t
0s
0r
1y
1c
0i
#20092555133
1t
0s
0r
1y
1c
0i
#20092556101
0t
0s
0r
1y
1c
0i
#20092557111
1t
0s
0r
1y
1c
0i
#20092558074
0t
0s
0r
1y
1c
0i
#20092560501
1t
0s
0r
1y
1c
0i
#20092562033
0t
0s
0r
1y
1c
0i
#20092563030
1t
0s
0r
1y
1c
0i
#20092563999
0t
0s
0r
1y
1c
0i
#20092565007
1t
0s
0r
1y
1c
0i
#20092565977
0t
0s
0r
1y
1c
0i
#20092566989
1t
0s
0r
1y
1c
0i
#20092567960
0t
0s
0r
1y
1c
0i
#20092568971
1t
0s
0r
1y
1c
0i
#20092569940
0t
0s
0r
1y
1c
0i
#20092570955
1t
0s
0r
1y
1c
0i
#20092571931
0t
0s
0r
1y
1c
0i
#20092572947
1t
0s
0r
1y
0c
0i
#20092573925
0t
0s
0r
1y
0c
1i
#20092574945
1t
0s
0r
1y
0c
1i
#20092575607
1t
0s
1r
1y
0c
1i
#20092575610
1t
0s
0r
1y
0c
1i
#20092575928
0t
0s
0r
1y
0c
1i
#20092576954
1t
0s
0r
1y
0c
0i
#20092577940
0t
0s
0r
1y
0c
0i
#20092578965
1t
0s
0r
1y
0c
0i
#20092579950
0t
0s
0r
1y
0c
0i
#20092580974
1t
0s
0r
1y
0c
0i
#20092581960
0t
0s
0r
1y
0c
0i
#20092582984
1t
0s
0r
1y
0c
0i
#20092583966
0t
0s
0r
1y
0c
0i
#20092584984
1t
0s
0r
1y
0c
0i
#20092585961
0t
0s
0r
1y
0c
0i
#20092586974
1t
0s
0r
1y
0c
0i
#20092587947
0t
0s
0r
1y
0c
0i
#20092588956
1t
0s
0r
1y
0c
0i
#20092589925
0t
0s
0r
1y
0c
0i
#20092590925
1t
0s
0r
1y
0c
0i
#20092591888
0t
0s
0r
1y
0c
0i
#20092592888
1t
0s
0r
1y
0c
0i
#20092593852
0t
0s
0r
1y
0c
0i
#20092594855
1t
0s
0r
1y
0c
0i
#20092595818
0t
0s
0r
1y
0c
0i
#20092596819
1t
0s
0r
1y
0c
0i
#20092597781
0t
0s
0r
1y
0c
0i
#20092598785
1t
0s
0r
1y
0c
0i
#20092599751
0t
0s
0r
1y
0c
0i
#20092600756
1t
0s
0r
1y
0c
0i
#20092601719
0t
0s
0r
1y
0c
0i
#20092602726
1t
0s
0r
1y
0c
0i
#20092603692
0t
0s
0r
1y
0c
0i
#20092604704
1t
0s
0r
1y
0c
0i
#20092605670
0t
0s
0r
1y
0c
0i
#20092606684
1t
0s
0r
1y
0c
0i
#20092607649
0t
0s
0r
1y
0c
0i
#20092608665
1t
0s
0r
1y
1c
0i
#20092609637
0t
0s
0r
1y
1c
1i
#20092610659
1t
0s
0r
1y
1c
1i
#20092611635
0t
0s
0r
1y
1c
1i
#20092612656
1t
0s
0r
1y
1c
0i
#20092613633
0t
0s
0r
1y
1c
0i
#20092614660
1t
0s
0r
1y
1c
0i
#20092615639
0t
0s
0r
1y
1c
0i
#20092616662
1t
0s
0r
1y
1c
0i
#20092617638
0t
0s
0r
1y
1c
0i
#20092618659
1t
0s
0r
1y
1c
0i
#20092619635
0t
0s
0r
1y
1c
0i
#20092620657
1t
0s
0r
1y
1c
0i
#20092621633
0t
0s
0r
1y
1c
0i
#20092622655
1t
0s
0r
1y
1c
0i
#20092623629
0t
0s
0r
1y
1c
0i
#20092624646
1t
0s
0r
1y
1c
0i
#20092625619
0t
0s
0r
1y
1c
0i
#20092626634
1t
0s
0r
1y
1c
0i
#20092627610
0t
0s
0r
1y
1c
0i
#20092628624
1t
0s
0r
1y
1c
0i
#20092629594
0t
0s
0r
1y
1c
0i
#20092632038
1t
0s
0r
1y
1c
0i
#20092633576
0t
0s
0r
1y
1c
0i
#20092634578
1t
0s
0r
1y
1c
0i
#20092635551
0t
0s
0r
1y
1c
0i
#20092636564
1t
0s
0r
1y
1c
0i
#20092637538
0t
0s
0r
1y
1c
0i
#20092638554
1t
0s
0r
1y
1c
0i
#20092639529
0t
0s
0r
1y
1c
0i
#20092640544
1t
0s
0r
1y
1c
0i
#20092641517
0t
0s
0r
1y
1c
0i
#20092642535
1t
0s
0r
1y
1c
0i
#20092643514
0t
0s
0r
1y
1c
0i
#20092644535
1t
0s
0r
1y
0c
0i
#20092645517
0t
0s
0r
1y
0c
1i
#20092646538
1t
0s
0r
1y
0c
1i
#20092647524
0t
0s
0r
1y
0c
1i
#20092648551
1t
0s
0r
1y
0c
0i
#20092649538
0t
0s
0r
1y
0c
0i
#20092650563
1t
0s
0r
1y
0c
0i
#20092651550
0t
0s
0r
1y
0c
0i
#20092652575
1t
0s
0r
1y
0c
0i
#20092653562
0t
0s
0r
1y
0c
0i
#20092654588
1t
0s
0r
1y
0c
0i
#20092655574
0t
0s
0r
1y
0c
0i
#20092656597
1t
0s
0r
1y
0c
0i
#20092657580
0t
0s
0r
1y
0c
0i
#20092658602
1t
0s
0r
1y
0c
0i
#20092659585
0t
0s
0r
1y
0c
0i
#20092660608
1t
0s
0r
1y
0c
0i
#20092661591
0t
0s
0r
1y
0c
0i
#20092662610
1t
0s
0r
1y
0c
0i
#20092663590
0t
0s
0r
1y
0c
0i
#20092664608
1t
0s
0r
1y
0c
0i
#20092665589
0t
0s
0r
1y
0c
0i
#20092666611
1t
0s
0r
1y
0c
0i
#20092667591
0t
0s
0r
1y
0c
0i
#20092668610
1t
0s
0r
1y
0c
0i
#20092669587
0t
0s
0r
1y
0c
0i
#20092670609
1t
0s
0r
1y
0c
0i
#20092671587
0t
0s
0r
1y
0c
0i
#20092672612
1t
0s
0r
1y
0c
0i
#20092673591
0t
0s
0r
1y
0c
0i
#20092674613
1t
0s
0r
1y
0c
0i
#20092675591
0t
0s
0r
1y
0c
0i
#20092676619
1t
0s
0r
1y
0c
0i
#20092677600
0t
0s
0r
1y
0c
0i
#20092678629
1t
0s
0r
1y
0c
0i
#20092679609
0t
0s
0r
1y
0c
0i
#20092680642
1t
0s
0r
1y
1c
0i
#20092681629
0t
0s
0r
1y
1c
1i
#20092682669
1t
0s
0r
1y
1c
1i
#20092683659
0t
0s
0r
1y
1c
1i
#20092684700
1t
0s
0r
1y
1c
0i
#20092685690
0t
0s
0r
1y
1c
0i
#20092686733
1t
0s
0r
1y
1c
0i
#20092687728
0t
0s
0r
1y
1c
0i
#20092688772
1t
0s
0r
1y
1c
0i
#20092689765
0t
0s
0r
1y
1c
0i
#20092690803
1t
0s
0r
1y
1c
0i
#20092691792
0t
0s
0r
1y
1c
0i
#20092692829
1t
0s
0r
1y
1c
0i
#20092693816
0t
0s
0r
1y
1c
0i
#20092694850
1t
0s
0r
1y
1c
0i
#20092695834
0t
0s
0r
1y
1c
0i
#20092696858
1t
0s
0r
1y
1c
0i
#20092697836
0t
0s
0r
1y
1c
0i
#20092698857
1t
0s
0r
1y
1c
0i
#20092699835
0t
0s
0r
1y
1c
0i
#20092700857
1t
0s
0r
1y
1c
0i
#20092701829
0t
0s
0r
1y
1c
0i
#20092704288
1t
0s
0r
1y
1c
0i
#20092705828
0t
0s
0r
1y
1c
0i
#20092706839
1t
0s
0r
1y
1c
0i
#20092707820
0t
0s
0r
1y
1c
0i
#20092708837
1t
0s
0r
1y
1c
0i
#20092709815
0t
0s
0r
1y
1c
0i
#20092710836
1t
0s
0r
1y
1c
0i
#20092711817
0t
0s
0r
1y
1c
0i
#20092712840
1t
0s
0r
1y
1c
0i
#20092713821
0t
0s
0r
1y
1c
0i
#20092714844
1t
0s
0r
1y
1c
0i
#20092715827
0t
0s
0r
1y
1c
0i
#20092716858
1t
0s
0r
1y
1c
0i
#20092717846
0t
0s
0r
1y
0c
1i
#20092718877
1t
0s
0r
1y
0c
1i
#20092719276
1t
0s
1r
1y
0c
1i
#20092719278
1t
0s
0r
1y
0c
1i
#20092719868
0t
0s
0r
1y
0c
1i
#20092720903
1t
0s
0r
1y
0c
0i
#20092721898
0t
0s
0r
1y
0c
0i
#20092722935
1t
0s
0r
1y
0c
0i
#20092723931
0t
0s
0r
1y
0c
0i
#20092724966
1t
0s
0r
1y
0c
0i
#20092725959
0t
0s
0r
1y
0c
0i
#20092726992
1t
0s
0r
1y
0c
0i
#20092727985
0t
0s
0r
1y
0c
0i
#20092729018
1t
0s
0r
1y
0c
0i
#20092730008
0t
0s
0r
1y
0c
0i
#20092731035
1t
0s
0r
1y
0c
0i
#20092732019
0t
0s
0r
1y
0c
0i
#20092733041
1t
0s
0r
1y
0c
0i
#20092734024
0t
0s
0r
1y
0c
0i
#20092735042
1t
0s
0r
1y
0c
0i
#20092736021
0t
0s
0r
1y
0c
0i
#20092737036
1t
0s
0r
1y
0c
0i
#20092738010
0t
0s
0r
1y
0c
0i
#20092739027
1t
0s
0r
1y
0c
0i
#20092740003
0t
0s
0r
1y
0c
0i
#20092741021
1t
0s
0r
1y
0c
0i
#20092741997
0t
0s
0r
1y
0c
0i
#20092743015
1t
0s
0r
1y
0c
0i
#20092743988
0t
0s
0r
1y
0c
0i
#20092745006
1t
0s
0r
1y
0c
0i
#20092745984
0t
0s
0r
1y
0c
0i
#20092747008
1t
0s
0r
1y
0c
0i
#20092747984
0t
0s
0r
1y
0c
0i
#20092749006
1t
0s
0r
1y
0c
0i
#20092749982
0t
0s
0r
1y
0c
0i
#20092751009
1t
0s
0r
1y
0c
0i
#20092751988
0t
0s
0r
1y
0c
0i
#20092753021
1t
0s
0r
1y
0c
0i
#20092754005
0t
0s
0r
1y
1c
1i
#20092755040
1t
0s
0r
1y
1c
1i
#20092756025
0t
0s
0r
1y
1c
1i
#20092757064
1t
0s
0r
1y
1c
0i
#20092758057
0t
0s
0r
1y
1c
0i
#20092759100
1t
0s
0r
1y
1c
0i
#20092760092
0t
0s
0r
1y
1c
0i
#20092761131
1t
0s
0r
1y
1c
0i
#20092762122
0t
0s
0r
1y
1c
0i
#20092763161
1t
0s
0r
1y
1c
0i
#20092764154
0t
0s
0r
1y
1c
0i
#20092765196
1t
0s
0r
1y
1c
0i
#20092766187
0t
0s
0r
1y
1c
0i
#20092767224
1t
0s
0r
1y
1c
0i
#20092768214
0t
0s
0r
1y
1c
0i
#20092769251
1t
0s
0r
1y
1c
0i
#20092770242
0t
0s
0r
1y
1c
0i
#20092771277
1t
0s
0r
1y
1c
0i
#20092772267
0t
0s
0r
1y
1c
0i
#20092773296
1t
0s
0r
1y
1c
0i
#20092774281
0t
0s
0r
1y
1c
0i
#20092776764
1t
0s
0r
1y
1c
0i
#20092778328
0t
0s
0r
1y
1c
0i
#20092779348
1t
0s
0r
1y
1c
0i
#20092780339
0t
0s
0r
1y
1c
0i
#20092781371
1t
0s
0r
1y
1c
0i
#20092782359
0t
0s
0r
1y
1c
0i
#20092783390
1t
0s
0r
1y
1c
0i
#20092784376
0t
0s
0r
1y
1c
0i
#20092785409
1t
0s
0r
1y
1c
0i
#20092786400
0t
0s
0r
1y
1c
0i
#20092787438
1t
0s
0r
1y
1c
0i
#20092788431
0t
0s
0r
1y
1c
0i
#20092789469
1t
0s
0r
1y
1c
0i
#20092790466
0t
0s
0r
1y
0c
1i
#20092791507
1t
0s
0r
1y
0c
1i
#20092792510
0t
0s
0r
1y
0c
1i
#20092793555
1t
0s
0r
1y
0c
0i
#20092794559
0t
0s
0r
1y
0c
0i
#20092795602
1t
0s
0r
1y
0c
0i
#20092796606
0t
0s
0r
1y
0c
0i
#20092797653
1t
0s
0r
1y
0c
0i
#20092798658
0t
0s
0r
1y
0c
0i
#20092799702
1t
0s
0r
1y
0c
0i
#20092800703
0t
0s
0r
1y
0c
0i
#20092801747
1t
0s
0r
1y
0c
0i
#20092802750
0t
0s
0r
1y
0c
0i
#20092803795
1t
0s
0r
1y
0c
0i
#20092804797
0t
0s
0r
1y
0c
0i
#20092805840
1t
0s
0r
1y
0c
0i
#20092806841
0t
0s
0r
1y
0c
0i
#20092807882
1t
0s
0r
1y
0c
0i
#20092808884
0t
0s
0r
1y
0c
0i
#20092809929
1t
0s
0r
1y
0c
0i
#20092810927
0t
0s
0r
1y
0c
0i
#20092811970
1t
0s
0r
1y
0c
0i
#20092812965
0t
0s
0r
1y
0c
0i
#20092814009
1t
0s
0r
1y
0c
0i
#20092815007
0t
0s
0r
1y
0c
0i
#20092816052
1t
0s
0r
1y
0c
0i
#20092817051
0t
0s
0r
1y
0c
0i
#20092818093
1t
0s
0r
1y
0c
0i
#20092819088
0t
0s
0r
1y
0c
0i
#20092820134
1t
0s
0r
1y
0c
0i
#20092821132
0t
0s
0r
1y
0c
0i
#20092822181
1t
0s
0r
1y
0c
0i
#20092823179
0t
0s
0r
1y
0c
0i
#20092824230
1t
0s
0r
1y
0c
0i
#20092825228
0t
0s
0r
1y
0c
0i
#20092826283
1t
0s
0r
1y
1c
0i
#20092827289
0t
0s
0r
1y
1c
1i
#20092828351
1t
0s
0r
1y
1c
1i
#20092829361
0t
0s
0r
1y
1c
1i
#20092830425
1t
0s
0r
1y
1c
0i
#20092831437
0t
0s
0r
1y
1c
0i
#20092832504
1t
0s
0r
1y
1c
0i
#20092833518
0t
0s
0r
1y
1c
0i
#20092834586
1t
0s
0r
1y
1c
0i
#20092835601
0t
0s
0r
1y
1c
0i
#20092836664
1t
0s
0r
1y
1c
0i
#20092837675
0t
0s
0r
1y
1c
0i
#20092838739
1t
0s
0r
1y
1c
0i
#20092839751
0t
0s
0r
1y
1c
0i
#20092840814
1t
0s
0r
1y
1c
0i
#20092841823
0t
0s
0r
1y
1c
0i
#20092842879
1t
0s
0r
1y
1c
0i
#20092843885
0t
0s
0r
1y
1c
0i
#20092844937
1t
0s
0r
1y
1c
0i
#20092845945
0t
0s
0r
1y
1c
0i
#20092846995
1t
0s
0r
1y
1c
0i
#20092847994
0t
0s
0r
1y
1c
0i
#20092850518
1t
0s
0r
1y
1c
0i
#20092852106
0t
0s
0r
1y
1c
0i
#20092853142
1t
0s
0r
1y
1c
0i
#20092854145
0t
0s
0r
1y
1c
0i
#20092855190
1t
0s
0r
1y
1c
0i
#20092856193
0t
0s
0r
1y
1c
0i
#20092857242
1t
0s
0r
1y
1c
0i
#20092858246
0t
0s
0r
1y
1c
0i
#20092859294
1t
0s
0r
1y
1c
0i
#20092860296
0t
0s
0r
1y
1c
0i
#20092861347
1t
0s
0r
1y
0c
0i
#20092862354
0t
0s
0r
1y
0c
0i
#20092863411
1t
0s
0r
1y
0c
0i
#20092864423
0t
0s
0r
1y
0c
1i
#20092865483
1t
0s
0r
1y
0c
1i
#20092865756
1t
0s
1r
1y
0c
1i
#20092865759
1t
0s
0r
1y
0c
1i
#20092866498
0t
0s
0r
1y
0c
1i
#20092867562
1t
0s
0r
1y
0c
0i
#20092868583
0t
0s
0r
1y
0c
0i
#20092869651
1t
0s
0r
1y
0c
0i
#20092870672
0t
0s
0r
1y
0c
0i
#20092871732
1t
0s
0r
1y
0c
0i
#20092872747
0t
0s
0r
1y
0c
0i
#20092873799
1t
0s
0r
1y
0c
0i
#20092874804
0t
0s
0r
1y
0c
0i
#20092875846
1t
0s
0r
1y
0c
0i
#20092876842
0t
0s
0r
1y
0c
0i
#20092877872
1t
0s
0r
1y
0c
0i
#20092878858
0t
0s
0r
1y
0c
0i
#20092879884
1t
0s
0r
1y
0c
0i
#20092880871
0t
0s
0r
1y
0c
0i
#20092881895
1t
0s
0r
1y
0c
0i
#20092882881
0t
0s
0r
1y
0c
0i
#20092883904
1t
0s
0r
1y
0c
0i
#20092884888
0t
0s
0r
1y
0c
0i
#20092885916
1t
0s
0r
1y
0c
0i
#20092886904
0t
0s
0r
1y
0c
0i
#20092887932
1t
0s
0r
1y
0c
0i
#20092888916
0t
0s
0r
1y
0c
0i
#20092889947
1t
0s
0r
1y
0c
0i
#20092890936
0t
0s
0r
1y
0c
0i
#20092891971
1t
0s
0r
1y
0c
0i
#20092892958
0t
0s
0r
1y
0c
0i
#20092893990
1t
0s
0r
1y
0c
0i
#20092894979
0t
0s
0r
1y
0c
0i
#20092896017
1t
0s
0r
1y
0c
0i
#20092897004
0t
0s
0r
1y
0c
0i
#20092898044
1t
0s
0r
1y
0c
0i
#20092899032
0t
0s
0r
1y
0c
0i
#20092900073
1t
0s
0r
1y
1c
0i
#20092901067
0t
0s
0r
1y
1c
1i
#20092902116
1t
0s
0r
1y
1c
1i
#20092903114
0t
0s
0r
1y
1c
1i
#20092904165
1t
0s
0r
1y
1c
0i
#20092905165
0t
0s
0r
1y
1c
0i
#20092906217
1t
0s
0r
1y
1c
0i
#20092907220
0t
0s
0r
1y
1c
0i
#20092908274
1t
0s
0r
1y
1c
0i
#20092909278
0t
0s
0r
1y
1c
0i
#20092910330
1t
0s
0r
1y
1c
0i
#20092911331
0t
0s
0r
1y
1c
0i
#20092912379
1t
0s
0r
1y
1c
0i
#20092913379
0t
0s
0r
1y
1c
0i
#20092914428
1t
0s
0r
1y
1c
0i
#20092915425
0t
0s
0r
1y
1c
0i
#20092916465
1t
0s
0r
1y
1c
0i
#20092917458
0t
0s
0r
1y
1c
0i
#20092918492
1t
0s
0r
1y
1c
0i
#20092919484
0t
0s
0r
1y
1c
0i
#20092920519
1t
0s
0r
1y
1c
0i
#20092921505
0t
0s
0r
1y
1c
0i
#20092923999
1t
0s
0r
1y
1c
0i
#20092925550
0t
0s
0r
1y
1c
0i
#20092926573
1t
0s
0r
1y
1c
0i
#20092927563
0t
0s
0r
1y
1c
0i
#20092928592
1t
0s
0r
1y
1c
0i
#20092929580
0t
0s
0r
1y
1c
0i
#20092930611
1t
0s
0r
1y
1c
0i
#20092931602
0t
0s
0r
1y
1c
0i
#20092932639
1t
0s
0r
1y
1c
0i
#20092933631
0t
0s
0r
1y
1c
0i
#20092934667
1t
0s
0r
1y
1c
0i
#20092935661
0t
0s
0r
1y
1c
0i
#20092936703
1t
0s
0r
1y
0c
0i
#20092937706
0t
0s
0r
1y
0c
1i
#20092938750
1t
0s
0r
1y
0c
1i
#20092939753
0t
0s
0r
1y
0c
1i
#20092940799
1t
0s
0r
1y
0c
0i
#20092941806
0t
0s
0r
1y
0c
0i
#20092942858
1t
0s
0r
1y
0c
0i
#20092943864
0t
0s
0r
1y
0c
0i
#20092944913
1t
0s
0r
1y
0c
0i
#20092945916
0t
0s
0r
1y
0c
0i
#20092946964
1t
0s
0r
1y
0c
0i
#20092947970
0t
0s
0r
1y
0c
0i
#20092949017
1t
0s
0r
1y
0c
0i
#20092950021
0t
0s
0r
1y
0c
0i
#20092951065
1t
0s
0r
1y
0c
0i
#20092952064
0t
0s
0r
1y
0c
0i
#20092953105
1t
0s
0r
1y
0c
0i
#20092954106
0t
0s
0r
1y
0c
0i
#20092955146
1t
0s
0r
1y
0c
0i
#20092956144
0t
0s
0r
1y
0c
0i
#20092957181
1t
0s
0r
1y
0c
0i
#20092958175
0t
0s
0r
1y
0c
0i
#20092959214
1t
0s
0r
1y
0c
0i
#20092960210
0t
0s
0r
1y
0c
0i
#20092961248
1t
0s
0r
1y
0c
0i
#20092962243
0t
0s
0r
1y
0c
0i
#20092963280
1t
0s
0r
1y
0c
0i
#20092964274
0t
0s
0r
1y
0c
0i
#20092965316
1t
0s
0r
1y
0c
0i
#20092966310
0t
0s
0r
1y
0c
0i
#20092967350
1t
0s
0r
1y
0c
0i
#20092968341
0t
0s
0r
1y
0c
0i
#20092969383
1t
0s
0r
1y
0c
0i
#20092970377
0t
0s
0r
1y
0c
0i
#20092971424
1t
0s
0r
1y
0c
0i
#20092972419
0t
0s
0r
1y
0c
0i
#20092973468
1t
0s
0r
1y
1c
0i
#20092974465
0t
0s
0r
1y
1c
1i
#20092975518
1t
0s
0r
1y
1c
1i
#20092976524
0t
0s
0r
1y
1c
1i
#20092977583
1t
0s
0r
1y
1c
0i
#20092978590
0t
0s
0r
1y
1c
0i
#20092979648
1t
0s
0r
1y
1c
0i
#20092980656
0t
0s
0r
1y
1c
0i
#20092981716
1t
0s
0r
1y
1c
0i
#20092982723
0t
0s
0r
1y
1c
0i
#20092983777
1t
0s
0r
1y
1c
0i
#20092984779
0t
0s
0r
1y
1c
0i
#20092985825
1t
0s
0r
1y
1c
0i
#20092986820
0t
0s
0r
1y
1c
0i
#20092987862
1t
0s
0r
1y
1c
0i
#20092988852
0t
0s
0r
1y
1c
0i
#20092989883
1t
0s
0r
1y
1c
0i
#20092990866
0t
0s
0r
1y
1c
0i
#20092991892
1t
0s
0r
1y
1c
0i
#20092992875
0t
0s
0r
1y
1c
0i
#20092993903
1t
0s
0r
1y
1c
0i
#20092994881
0t
0s
0r
1y
1c
0i
#20092997356
1t
0s
0r
1y
1c
0i
#20092998904
0t
0s
0r
1y
1c
0i
#20092999922
1t
0s
0r
1y
1c
0i
#20093000908
0t
0s
0r
1y
1c
0i
#20093001930
1t
0s
0r
1y
1c
0i
#20093002913
0t
0s
0r
1y
1c
0i
#20093003940
1t
0s
0r
1y
1c
0i
#20093004926
0t
0s
0r
1y
1c
0i
#20093005954
1t
0s
0r
1y
1c
0i
#20093006939
0t
0s
0r
1y
1c
0i
#20093007967
1t
0s
0r
1y
1c
0i
#20093008956
0t
0s
0r
1y
1c
0i
#20093009991
1t
0s
0r
1y
0c
0i
#20093010986
0t
0s
0r
1y
0c
1i
#20093012023
1t
0s
0r
1y
0c
1i
#20093012661
1t
0s
1r
1y
0c
1i
#20093012664
1t
0s
0r
1y
0c
1i
#20093013020
0t
0s
0r
1y
0c
1i
#20093014062
1t
0s
0r
1y
0c
0i
#20093015064
0t
0s
0r
1y
0c
0i
#20093016109
1t
0s
0r
1y
0c
0i
#20093017114
0t
0s
0r
1y
0c
0i
#20093018157
1t
0s
0r
1y
0c
0i
#20093019157
0t
0s
0r
1y
0c
0i
#20093020198
1t
0s
0r
1y
0c
0i
#20093021198
0t
0s
0r
1y
0c
0i
#20093022237
1t
0s
0r
1y
0c
0i
#20093023230
0t
0s
0r
1y
0c
0i
#20093024260
1t
0s
0r
1y
0c
0i
#20093025244
0t
0s
0r
1y
0c
0i
#20093026268
1t
0s
0r
1y
0c
0i
#20093027252
0t
0s
0r
1y
0c
0i
#20093028273
1t
0s
0r
1y
0c
0i
#20093029253
0t
0s
0r
1y
0c
0i
#20093030270
1t
0s
0r
1y
0c
0i
#20093031246
0t
0s
0r
1y
0c
0i
#20093032266
1t
0s
0r
1y
0c
0i
#20093033245
0t
0s
0r
1y
0c
0i
#20093034267
1t
0s
0r
1y
0c
0i
#20093035247
0t
0s
0r
1y
0c
0i
#20093036268
1t
0s
0r
1y
0c
0i
#20093037245
0t
0s
0r
1y
0c
0i
#20093038269
1t
0s
0r
1y
0c
0i
#20093039251
0t
0s
0r
1y
0c
0i
#20093040276
1t
0s
0r
1y
0c
0i
#20093041253
0t
0s
0r
1y
0c
0i
#20093042280
1t
0s
0r
1y
0c
0i
#20093043261
0t
0s
0r
1y
0c
0i
#20093044294
1t
0s
0r
1y
0c
0i
#20093045276
0t
0s
0r
1y
0c
0i
#20093046309
1t
0s
0r
1y
1c
0i
#20093047294
0t
0s
0r
1y
1c
1i
#20093048330
1t
0s
0r
1y
1c
1i
#20093049320
0t
0s
0r
1y
1c
1i
#20093050364
1t
0s
0r
1y
1c
0i
#20093051356
0t
0s
0r
1y
1c
0i
#20093052397
1t
0s
0r
1y
1c
0i
#20093053389
0t
0s
0r
1y
1c
0i
#20093054431
1t
0s
0r
1y
1c
0i
#20093055424
0t
0s
0r
1y
1c
0i
#20093056464
1t
0s
0r
1y
1c
0i
#20093057454
0t
0s
0r
1y
1c
0i
#20093058491
1t
0s
0r
1y
1c
0i
#20093059477
0t
0s
0r
1y
1c
0i
#20093060511
1t
0s
0r
1y
1c
0i
#20093061497
0t
0s
0r
1y
1c
0i
#20093062527
1t
0s
0r
1y
1c
0i
#20093063510
0t
0s
0r
1y
1c
0i
#20093064531
1t
0s
0r
1y
1c
0i
#20093065513
0t
0s
0r
1y
1c
0i
#20093066535
1t
0s
0r
1y
1c
0i
#20093067512
0t
0s
0r
1y
1c
0i
#20093069981
1t
0s
0r
1y
1c
0i
#20093071517
0t
0s
0r
1y
1c
0i
#20093072528
1t
0s
0r
1y
1c
0i
#20093073511
0t
0s
0r
1y
1c
0i
#20093074527
1t
0s
0r
1y
1c
0i
#20093075504
0t
0s
0r
1y
1c
0i
#20093076525
1t
0s
0r
1y
1c
0i
#20093077505
0t
0s
0r
1y
1c
0i
#20093078530
1t
0s
0r
1y
1c
0i
#20093079510
0t
0s
0r
1y
0c
0i
#20093080533
1t
0s
0r
1y
0c
0i
#20093081514
0t
0s
0r
1y
0c
0i
#20093082542
1t
0s
0r
1y
0c
0i
#20093083532
0t
0s
0r
1y
0c
1i
#20093084565
1t
0s
0r
1y
0c
1i
#20093085557
0t
0s
0r
1y
0c
1i
#20093086591
1t
0s
0r
1y
0c
0i
#20093087584
0t
0s
0r
1y
0c
0i
#20093088619
1t
0s
0r
1y
0c
0i
#20093089616
0t
0s
0r
1y
0c
0i
#20093090650
1t
0s
0r
1y
0c
0i
#20093091642
0t
0s
0r
1y
0c
0i
#20093092666
1t
0s
0r
1y
0c
0i
#20093093647
0t
0s
0r
1y
0c
0i
#20093094666
1t
0s
0r
1y
0c
0i
#20093095642
0t
0s
0r
1y
0c
0i
#20093096654
1t
0s
0r
1y
0c
0i
#20093097623
0t
0s
0r
1y
0c
0i
#20093098628
1t
0s
0r
1y
0c
0i
#20093099593
0t
0s
0r
1y
0c
0i
#20093100595
1t
0s
0r
1y
0c
0i
#20093101563
0t
0s
0r
1y
0c
0i
#20093102569
1t
0s
0r
1y
0c
0i
#20093103535
0t
0s
0r
1y
0c
0i
#20093104540
1t
0s
0r
1y
0c
0i
#20093105506
0t
0s
0r
1y
0c
0i
#20093106513
1t
0s
0r
1y
0c
0i
#20093107482
0t
0s
0r
1y
0c
0i
#20093108492
1t
0s
0r
1y
0c
0i
#20093109459
0t
0s
0r
1y
0c
0i
#20093110468
1t
0s
0r
1y
0c
0i
#20093111436
0t
0s
0r
1y
0c
0i
#20093112450
1t
0s
0r
1y
0c
0i
#20093113419
0t
0s
0r
1y
0c
0i
#20093114431
1t
0s
0r
1y
0c
0i
#20093115396
0t
0s
0r
1y
0c
0i
#20093116412
1t
0s
0r
1y
0c
0i
#20093117381
0t
0s
0r
1y
0c
0i
#20093118400
1t
0s
0r
1y
1c
0i
#20093119373
0t
0s
0r
1y
1c
1i
#20093120394
1t
0s
0r
1y
1c
1i
#20093121369
0t
0s
0r
1y
1c
1i
#20093122394
1t
0s
0r
1y
1c
0i
#20093123373
0t
0s
0r
1y
1c
0i
#20093124402
1t
0s
0r
1y
1c
0i
#20093125381
0t
0s
0r
1y
1c
0i
#20093126406
1t
0s
0r
1y
1c
0i
#20093127383
0t
0s
0r
1y
1c
0i
#20093128406
1t
0s
0r
1y
1c
0i
#20093129383
0t
0s
0r
1y
1c
0i
#20093130405
1t
0s
0r
1y
1c
0i
#20093131378
0t
0s
0r
1y
1c
0i
#20093132393
1t
0s
0r
1y
1c
0i
#20093133361
0t
0s
0r
1y
1c
0i
#20093134371
1t
0s
0r
1y
1c
0i
#20093135338
0t
0s
0r
1y
1c
0i
#20093136344
1t
0s
0r
1y
1c
0i
#20093137308
0t
0s
0r
1y
1c
0i
#20093138312
1t
0s
0r
1y
1c
0i
#20093139268
0t
0s
0r
1y
1c
0i
#20093141677
1t
0s
0r
1y
1c
0i
#20093143210
0t
0s
0r
1y
1c
0i
#20093144201
1t
0s
0r
1y
1c
0i
#20093145164
0t
0s
0r
1y
1c
0i
#20093146164
1t
0s
0r
1y
1c
0i
#20093147129
0t
0s
0r
1y
1c
0i
#20093148133
1t
0s
0r
1y
1c
0i
#20093149099
0t
0s
0r
1y
1c
0i
#20093150102
1t
0s
0r
1y
1c
0i
#20093151065
0t
0s
0r
1y
1c
0i
#20093152072
1t
0s
0r
1y
1c
0i
#20093153041
0t
0s
0r
1y
1c
0i
#20093154053
1t
0s
0r
1y
1c
0i
#20093155026
0t
0s
0r
1y
0c
1i
#20093156039
1t
0s
0r
1y
0c
1i
#20093156720
1t
0s
1r
1y
0c
1i
#20093156723
1t
0s
0r
1y
0c
1i
#20093157017
0t
0s
0r
1y
0c
1i
#20093158036
1t
0s
0r
1y
0c
0i
#20093159019
0t
0s
0r
1y
0c
0i
#20093160038
1t
0s
0r
1y
0c
0i
#20093161019
0t
0s
0r
1y
0c
0i
#20093162038
1t
0s
0r
1y
0c
0i
#20093163020
0t
0s
0r
1y
0c
0i
#20093164041
1t
0s
0r
1y
0c
0i
#20093165021
0t
0s
0r
1y
0c
0i
#20093166038
1t
0s
0r
1y
0c
0i
#20093167015
0t
0s
0r
1y
0c
0i
#20093168032
1t
0s
0r
1y
0c
0i
#20093169009
0t
0s
0r
1y
0c
0i
#20093170027
1t
0s
0r
1y
0c
0i
#20093171003
0t
0s
0r
1y
0c
0i
#20093172014
1t
0s
0r
1y
0c
0i
#20093172985
0t
0s
0r
1y
0c
0i
#20093173997
1t
0s
0r
1y
0c
0i
#20093174970
0t
0s
0r
1y
0c
0i
#20093175982
1t
0s
0r
1y
0c
0i
#20093176954
0t
0s
0r
1y
0c
0i
#20093177963
1t
0s
0r
1y
0c
0i
#20093178932
0t
0s
0r
1y
0c
0i
#20093179943
1t
0s
0r
1y
0c
0i
#20093180914
0t
0s
0r
1y
0c
0i
#20093181929
1t
0s
0r
1y
0c
0i
#20093182899
0t
0s
0r
1y
0c
0i
#20093183911
1t
0s
0r
1y
0c
0i
#20093184882
0t
0s
0r
1y
0c
0i
#20093185900
1t
0s
0r
1y
0c
0i
#20093186871
0t
0s
0r
1y
0c
0i
#20093187892
1t
0s
0r
1y
0c
0i
#20093188863
0t
0s
0r
1y
0c
0i
#20093189886
1t
0s
0r
1y
1c
0i
#20093190863
0t
0s
0r
1y
1c
1i
#20093191891
1t
0s
0r
1y
1c
1i
#20093192873
0t
0s
0r
1y
1c
1i
#20093193903
1t
0s
0r
1y
1c
0i
#20093194884
0t
0s
0r
1y
1c
0i
#20093195915
1t
0s
0r
1y
1c
0i
#20093196898
0t
0s
0r
1y
1c
0i
#20093197928
1t
0s
0r
1y
1c
0i
#20093198909
0t
0s
0r
1y
1c
0i
#20093199935
1t
0s
0r
1y
1c
0i
#20093200911
0t
0s
0r
1y
1c
0i
#20093201931
1t
0s
0r
1y
1c
0i
#20093202905
0t
0s
0r
1y
1c
0i
#20093203923
1t
0s
0r
1y
1c
0i
#20093204891
0t
0s
0r
1y
1c
0i
#20093205899
1t
0s
0r
1y
1c
0i
#20093206864
0t
0s
0r
1y
1c
0i
#20093207867
1t
0s
0r
1y
1c
0i
#20093208831
0t
0s
0r
1y
1c
0i
#20093209835
1t
0s
0r
1y
1c
0i
#20093210797
0t
0s
0r
1y
1c
0i
#20093213221
1t
0s
0r
1y
1c
0i
#20093214738
0t
0s
0r
1y
1c
0i
#20093215736
1t
0s
0r
1y
1c
0i
#20093216703
0t
0s
0r
1y
1c
0i
#20093217706
1t
0s
0r
1y
1c
0i
#20093218671
0t
0s
0r
1y
1c
0i
#20093219677
1t
0s
0r
1y
1c
0i
#20093220644
0t
0s
0r
1y
1c
0i
#20093221654
1t
0s
0r
1y
1c
0i
#20093222621
0t
0s
0r
1y
1c
0i
#20093223628
1t
0s
0r
1y
1c
0i
#20093224599
0t
0s
0r
1y
1c
0i
#20093225614
1t
0s
0r
1y
1c
0i
#20093226589
0t
0s
0r
1y
0c
1i
#20093227602
1t
0s
0r
1y
0c
1i
#20093228578
0t
0s
0r
1y
0c
1i
#20093229594
1t
0s
0r
1y
0c
0i
#20093230574
0t
0s
0r
1y
0c
0i
#20093231591
1t
0s
0r
1y
0c
0i
#20093232571
0t
0s
0r
1y
0c
0i
#20093233588
1t
0s
0r
1y
0c
0i
#20093234564
0t
0s
0r
1y
0c
0i
#20093235581
1t
0s
0r
1y
0c
0i
#20093236558
0t
0s
0r
1y
0c
0i
#20093237575
1t
0s
0r
1y
0c
0i
#20093238553
0t
0s
0r
1y
0c
0i
#20093239569
1t
0s
0r
1y
0c
0i
#20093240545
0t
0s
0r
1y
0c
0i
#20093241562
1t
0s
0r
1y
0c
0i
#20093242542
0t
0s
0r
1y
0c
0i
#20093243561
1t
0s
0r
1y
0c
0i
#20093244539
0t
0s
0r
1y
0c
0i
#20093245557
1t
0s
0r
1y
0c
0i
#20093246533
0t
0s
0r
1y
0c
0i
#20093247554
1t
0s
0r
1y
0c
0i
#20093248533
0t
0s
0r
1y
0c
0i
#20093249555
1t
0s
0r
1y
0c
0i
#20093250536
0t
0s
0r
1y
0c
0i
#20093251557
1t
0s
0r
1y
0c
0i
#20093252533
0t
0s
0r
1y
0c
0i
#20093253556
1t
0s
0r
1y
0c
0i
#20093254536
0t
0s
0r
1y
0c
0i
#20093255563
1t
0s
0r
1y
0c
0i
#20093256542
0t
0s
0r
1y
0c
0i
#20093257567
1t
0s
0r
1y
0c
0i
#20093258547
0t
0s
0r
1y
0c
0i
#20093259577
1t
0s
0r
1y
0c
0i
#20093260561
0t
0s
0r
1y
0c
0i
#20093261595
1t
0s
0r
1y
0c
0i
#20093262578
0t
0s
0r
1y
1c
1i
#20093263616
1t
0s
0r
1y
1c
1i
#20093264608
0t
0s
0r
1y
1c
1i
#20093265653
1t
0s
0r
1y
1c
0i
#20093266647
0t
0s
0r
1y
1c
0i
#20093267689
1t
0s
0r
1y
1c
0i
#20093268682
0t
0s
0r
1y
1c
0i
#20093269724
1t
0s
0r
1y
1c
0i
#20093270717
0t
0s
0r
1y
1c
0i
#20093271759
1t
0s
0r
1y
1c
0i
#20093272750
0t
0s
0r
1y
1c
0i
#20093273786
1t
0s
0r
1y
1c
0i
#20093274770
0t
0s
0r
1y
1c
0i
#20093275802
1t
0s
0r
1y
1c
0i
#20093276786
0t
0s
0r
1y
1c
0i
#20093277813
1t
0s
0r
1y
1c
0i
#20093278794
0t
0s
0r
1y
1c
0i
#20093279814
1t
0s
0r
1y
1c
0i
#20093280789
0t
0s
0r
1y
1c
0i
#20093281808
1t
0s
0r
1y
1c
0i
#20093282782
0t
0s
0r
1y
1c
0i
#20093285246
1t
0s
0r
1y
1c
0i
#20093286782
0t
0s
0r
1y
1c
0i
#20093287792
1t
0s
0r
1y
1c
0i
#20093288773
0t
0s
0r
1y
1c
0i
#20093289792
1t
0s
0r
1y
1c
0i
#20093290772
0t
0s
0r
1y
1c
0i
#20093291791
1t
0s
0r
1y
1c
0i
#20093292771
0t
0s
0r
1y
1c
0i
#20093293796
1t
0s
0r
1y
1c
0i
#20093294777
0t
0s
0r
1y
1c
0i
#20093295800
1t
0s
0r
1y
1c
0i
#20093296782
0t
0s
0r
1y
1c
0i
#20093297810
1t
0s
0r
1y
1c
0i
#20093298799
0t
0s
0r
1y
0c
1i
#20093299831
1t
0s
0r
1y
0c
1i
#20093300210
1t
0s
1r
1y
0c
1i
#20093300213
1t
0s
0r
1y
0c
1i
#20093300823
0t
0s
0r
1y
0c
1i
#20093301858
1t
0s
0r
1y
0c
0i
#20093302851
0t
0s
0r
1y
0c
0i
#20093303886
1t
0s
0r
1y
0c
0i
#20093304882
0t
0s
0r
1y
0c
0i
#20093305919
1t
0s
0r
1y
0c
0i
#20093306914
0t
0s
0r
1y
0c
0i
#20093307947
1t
0s
0r
1y
0c
0i
#20093308940
0t
0s
0r
1y
0c
0i
#20093309974
1t
0s
0r
1y
0c
0i
#20093310967
0t
0s
0r
1y
0c
0i
#20093312002
1t
0s
0r
1y
0c
0i
#20093312995
0t
0s
0r
1y
0c
0i
#20093314027
1t
0s
0r
1y
0c
0i
#20093315016
0t
0s
0r
1y
0c
0i
#20093316046
1t
0s
0r
1y
0c
0i
#20093317036
0t
0s
0r
1y
0c
0i
#20093318066
1t
0s
0r
1y
0c
0i
#20093319053
0t
0s
0r
1y
0c
0i
#20093320080
1t
0s
0r
1y
0c
0i
#20093321066
0t
0s
0r
1y
0c
0i
#20093322095
1t
0s
0r
1y
0c
0i
#20093323082
0t
0s
0r
1y
0c
0i
#20093324112
1t
0s
0r
1y
0c
0i
#20093325094
0t
0s
0r
1y
0c
0i
#20093326123
1t
0s
0r
1y
0c
0i
#20093327110
0t
0s
0r
1y
0c
0i
#20093328146
1t
0s
0r
1y
0c
0i
#20093329131
0t
0s
0r
1y
0c
0i
#20093330164
1t
0s
0r
1y
0c
0i
#20093331150
0t
0s
0r
1y
0c
0i
#20093332188
1t
0s
0r
1y
0c
0i
#20093333178
0t
0s
0r
1y
0c
0i
#20093334222
1t
0s
0r
1y
0c
0i
#20093335217
0t
0s
0r
1y
1c
1i
#20093336260
1t
0s
0r
1y
1c
1i
#20093337259
0t
0s
0r
1y
1c
1i
#20093338312
1t
0s
0r
1y
1c
0i
#20093339315
0t
0s
0r
1y
1c
0i
#20093340366
1t
0s
0r
1y
1c
0i
#20093341364
0t
0s
0r
1y
1c
0i
#20093342416
1t
0s
0r
1y
1c
0i
#20093343417
0t
0s
0r
1y
1c
0i
#20093344467
1t
0s
0r
1y
1c
0i
#20093345465
0t
0s
0r
1y
1c
0i
#20093346509
1t
0s
0r
1y
1c
0i
#20093347500
0t
0s
0r
1y
1c
0i
#20093348540
1t
0s
0r
1y
1c
0i
#20093349530
0t
0s
0r
1y
1c
0i
#20093350566
1t
0s
0r
1y
1c
0i
#20093351553
0t
0s
0r
1y
1c
0i
#20093352581
1t
0s
0r
1y
1c
0i
#20093353564
0t
0s
0r
1y
1c
0i
#20093354591
1t
0s
0r
1y
1c
0i
#20093355573
0t
0s
0r
1y
1c
0i
#20093358057
1t
0s
0r
1y
1c
0i
#20093359605
0t
0s
0r
1y
1c
0i
#20093360624
1t
0s
0r
1y
1c
0i
#20093361614
0t
0s
0r
1y
1c
0i
#20093362640
1t
0s
0r
1y
1c
0i
#20093363626
0t
0s
0r
1y
1c
0i
#20093364655
1t
0s
0r
1y
1c
0i
#20093365642
0t
0s
0r
1y
1c
0i
#20093366674
1t
0s
0r
1y
1c
0i
#20093367663
0t
0s
0r
1y
1c
0i
#20093368694
1t
0s
0r
1y
0c
0i
#20093369682
0t
0s
0r
1y
0c
0i
#20093370717
1t
0s
0r
1y
0c
0i
#20093371712
0t
0s
0r
1y
0c
1i
#20093372751
1t
0s
0r
1y
0c
1i
#20093373748
0t
0s
0r
1y
0c
1i
#20093374786
1t
0s
0r
1y
0c
0i
#20093375786
0t
0s
0r
1y
0c
0i
#20093376826
1t
0s
0r
1y
0c
0i
#20093377826
0t
0s
0r
1y
0c
0i
#20093378863
1t
0s
0r
1y
0c
0i
#20093379857
0t
0s
0r
1y
0c
0i
#20093380885
1t
0s
0r
1y
0c
0i
#20093381870
0t
0s
0r
1y
0c
0i
#20093382890
1t
0s
0r
1y
0c
0i
#20093383868
0t
0s
0r
1y
0c
0i
#20093384881
1t
0s
0r
1y
0c
0i
#20093385852
0t
0s
0r
1y
0c
0i
#20093386859
1t
0s
0r
1y
0c
0i
#20093387826
0t
0s
0r
1y
0c
0i
#20093388829
1t
0s
0r
1y
0c
0i
#20093389797
0t
0s
0r
1y
0c
0i
#20093390804
1t
0s
0r
1y
0c
0i
#20093391771
0t
0s
0r
1y
0c
0i
#20093392778
1t
0s
0r
1y
0c
0i
#20093393745
0t
0s
0r
1y
0c
0i
#20093394753
1t
0s
0r
1y
0c
0i
#20093395723
0t
0s
0r
1y
0c
0i
#20093396735
1t
0s
0r
1y
0c
0i
#20093397704
0t
0s
0r
1y
0c
0i
#20093398715
1t
0s
0r
1y
0c
0i
#20093399686
0t
0s
0r
1y
0c
0i
#20093400703
1t
0s
0r
1y
0c
0i
#20093401674
0t
0s
0r
1y
0c
0i
#20093402688
1t
0s
0r
1y
0c
0i
#20093403657
0t
0s
0r
1y
0c
0i
#20093404677
1t
0s
0r
1y
0c
0i
#20093405650
0t
0s
0r
1y
0c
0i
#20093406673
1t
0s
0r
1y
1c
0i
#20093407649
0t
0s
0r
1y
1c
1i
#20093408674
1t
0s
0r
1y
1c
1i
#20093409654
0t
0s
0r
1y
1c
1i
#20093410685
1t
0s
0r
1y
1c
0i
#20093411670
0t
0s
0r
1y
1c
0i
#20093412702
1t
0s
0r
1y
1c
0i
#20093413685
0t
0s
0r
1y
1c
0i
#20093414714
1t
0s
0r
1y
1c
0i
#20093415698
0t
0s
0r
1y
1c
0i
#20093416728
1t
0s
0r
1y
1c
0i
#20093417711
0t
0s
0r
1y
1c
0i
#20093418737
1t
0s
0r
1y
1c
0i
#20093419715
0t
0s
0r
1y
1c
0i
#20093420736
1t
0s
0r
1y
1c
0i
#20093421711
0t
0s
0r
1y
1c
0i
#20093422729
1t
0s
0r
1y
1c
0i
#20093423702
0t
0s
0r
1y
1c
0i
#20093424712
1t
0s
0r
1y
1c
0i
#20093425679
0t
0s
0r
1y
1c
0i
#20093426688
1t
0s
0r
1y
1c
0i
#20093427653
0t
0s
0r
1y
1c
0i
#20093430098
1t
0s
0r
1y
1c
0i
#20093431612
0t
0s
0r
1y
1c
0i
#20093432608
1t
0s
0r
1y
1c
0i
#20093433579
0t
0s
0r
1y
1c
0i
#20093434587
1t
0s
0r
1y
1c
0i
#20093435556
0t
0s
0r
1y
1c
0i
#20093436563
1t
0s
0r
1y
1c
0i
#20093437530
0t
0s
0r
1y
1c
0i
#20093438540
1t
0s
0r
1y
1c
0i
#20093439510
0t
0s
0r
1y
1c
0i
#20093440523
1t
0s
0r
1y
1c
0i
#20093441496
0t
0s
0r
1y
1c
0i
#20093442508
1t
0s
0r
1y
0c
0i
#20093443486
0t
0s
0r
1y
0c
1i
#20093444506
1t
0s
0r
1y
0c
1i
#20093445197
1t
0s
1r
1y
0c
1i
#20093445199
1t
0s
0r
1y
0c
1i
#20093445487
0t
0s
0r
1y
0c
1i
#20093446509
1t
0s
0r
1y
0c
0i
#20093447491
0t
0s
0r
1y
0c
0i
#20093448514
1t
0s
0r
1y
0c
0i
#20093449499
0t
0s
0r
1y
0c
0i
#20093450524
1t
0s
0r
1y
0c
0i
#20093451507
0t
0s
0r
1y
0c
0i
#20093452527
1t
0s
0r
1y
0c
0i
#20093453506
0t
0s
0r
1y
0c
0i
#20093454523
1t
0s
0r
1y
0c
0i
#20093455501
0t
0s
0r
1y
0c
0i
#20093456518
1t
0s
0r
1y
0c
0i
#20093457491
0t
0s
0r
1y
0c
0i
#20093458499
1t
0s
0r
1y
0c
0i
#20093459469
0t
0s
0r
1y
0c
0i
#20093460473
1t
0s
0r
1y
0c
0i
#20093461440
0t
0s
0r
1y
0c
0i
#20093462445
1t
0s
0r
1y
0c
0i
#20093463411
0t
0s
0r
1y
0c
0i
#20093464414
1t
0s
0r
1y
0c
0i
#20093465377
0t
0s
0r
1y
0c
0i
#20093466381
1t
0s
0r
1y
0c
0i
#20093467347
0t
0s
0r
1y
0c
0i
#20093468355
1t
0s
0r
1y
0c
0i
#20093469320
0t
0s
0r
1y
0c
0i
#20093470326
1t
0s
0r
1y
0c
0i
#20093471290
0t
0s
0r
1y
0c
0i
#20093472299
1t
0s
0r
1y
0c
0i
#20093473266
0t
0s
0r
1y
0c
0i
#20093474280
1t
0s
0r
1y
0c
0i
#20093475246
0t
0s
0r
1y
0c
0i
#20093476260
1t
0s
0r
1y
0c
0i
#20093477228
0t
0s
0r
1y
0c
0i
#20093478247
1t
0s
0r
1y
1c
0i
#20093479221
0t
0s
0r
1y
1c
1i
#20093480242
1t
0s
0r
1y
1c
1i
#20093481219
0t
0s
0r
1y
1c
1i
#20093482243
1t
0s
0r
1y
1c
0i
#20093483221
0t
0s
0r
1y
1c
0i
#20093484251
1t
0s
0r
1y
1c
0i
#20093485230
0t
0s
0r
1y
1c
0i
#20093486254
1t
0s
0r
1y
1c
0i
#20093487231
0t
0s
0r
1y
1c
0i
#20093488254
1t
0s
0r
1y
1c
0i
#20093489231
0t
0s
0r
1y
1c
0i
#20093490253
1t
0s
0r
1y
1c
0i
#20093491227
0t
0s
0r
1y
1c
0i
#20093492244
1t
0s
0r
1y
1c
0i
#20093493214
0t
0s
0r
1y
1c
0i
#20093494223
1t
0s
0r
1y
1c
0i
#20093495191
0t
0s
0r
1y
1c
0i
#20093496199
1t
0s
0r
1y
1c
0i
#20093497166
0t
0s
0r
1y
1c
0i
#20093498172
1t
0s
0r
1y
1c
0i
#20093499134
0t
0s
0r
1y
1c
0i
#20093501551
1t
0s
0r
1y
1c
0i
#20093503081
0t
0s
0r
1y
1c
0i
#20093504075
1t
0s
0r
1y
1c
0i
#20093505040
0t
0s
0r
1y
1c
0i
#20093506043
1t
0s
0r
1y
1c
0i
#20093507010
0t
0s
0r
1y
1c
0i
#20093508017
1t
0s
0r
1y
1c
0i
#20093508982
0t
0s
0r
1y
1c
0i
#20093509988
1t
0s
0r
1y
1c
0i
#20093510953
0t
0s
0r
1y
1c
0i
#20093511961
1t
0s
0r
1y
1c
0i
#20093512930
0t
0s
0r
1y
1c
0i
#20093513943
1t
0s
0r
1y
0c
0i
#20093514917
0t
0s
0r
1y
0c
1i
#20093515929
1t
0s
0r
1y
0c
1i
#20093516905
0t
0s
0r
1y
0c
1i
#20093517920
1t
0s
0r
1y
0c
0i
#20093518899
0t
0s
0r
1y
0c
0i
#20093519917
1t
0s
0r
1y
0c
0i
#20093520896
0t
0s
0r
1y
0c
0i
#20093521911
1t
0s
0r
1y
0c
0i
#20093522888
0t
0s
0r
1y
0c
0i
#20093523904
1t
0s
0r
1y
0c
0i
#20093524882
0t
0s
0r
1y
0c
0i
#20093525898
1t
0s
0r
1y
0c
0i
#20093526874
0t
0s
0r
1y
0c
0i
#20093527887
1t
0s
0r
1y
0c
0i
#20093528860
0t
0s
0r
1y
0c
0i
#20093529872
1t
0s
0r
1y
0c
0i
#20093530847
0t
0s
0r
1y
0c
0i
#20093531858
1t
0s
0r
1y
0c
0i
#20093532830
0t
0s
0r
1y
0c
0i
#20093533837
1t
0s
0r
1y
0c
0i
#20093534807
0t
0s
0r
1y
0c
0i
#20093535817
1t
0s
0r
1y
0c
0i
#20093536787
0t
0s
0r
1y
0c
0i
#20093537797
1t
0s
0r
1y
0c
0i
#20093538766
0t
0s
0r
1y
0c
0i
#20093539774
1t
0s
0r
1y
0c
0i
#20093540742
0t
0s
0r
1y
0c
0i
#20093541755
1t
0s
0r
1y
0c
0i
#20093542725
0t
0s
0r
1y
0c
0i
#20093543737
1t
0s
0r
1y
0c
0i
#20093544703
0t
0s
0r
1y
0c
0i
#20093545718
1t
0s
0r
1y
0c
0i
#20093546689
0t
0s
0r
1y
0c
0i
#20093547708
1t
0s
0r
1y
0c
0i
#20093548680
0t
0s
0r
1y
0c
0i
#20093549702
1t
0s
0r
1y
1c
0i
#20093550676
0t
0s
0r
1y
1c
1i
#20093551700
1t
0s
0r
1y
1c
1i
#20093552682
0t
0s
0r
1y
1c
1i
#20093553714
1t
0s
0r
1y
1c
0i
#20093554698
0t
0s
0r
1y
1c
0i
#20093555728
1t
0s
0r
1y
1c
0i
#20093556710
0t
0s
0r
1y
1c
0i
#20093557741
1t
0s
0r
1y
1c
0i
#20093558724
0t
0s
0r
1y
1c
0i
#20093559755
1t
0s
0r
1y
1c
0i
#20093560737
0t
0s
0r
1y
1c
0i
#20093561762
1t
0s
0r
1y
1c
0i
#20093562738
0t
0s
0r
1y
1c
0i
#20093563762
1t
0s
0r
1y
1c
0i
#20093564738
0t
0s
0r
1y
1c
0i
#20093565756
1t
0s
0r
1y
1c
0i
#20093566728
0t
0s
0r
1y
1c
0i
#20093567739
1t
0s
0r
1y
1c
0i
#20093568707
0t
0s
0r
1y
1c
0i
#20093569718
1t
0s
0r
1y
1c
0i
#20093570684
0t
0s
0r
1y
1c
0i
#20093573120
1t
0s
0r
1y
1c
0i
#20093574645
0t
0s
0r
1y
1c
0i
#20093575645
1t
0s
0r
1y
1c
0i
#20093576615
0t
0s
0r
1y
1c
0i
#20093577621
1t
0s
0r
1y
1c
0i
#20093578587
0t
0s
0r
1y
1c
0i
#20093579596
1t
0s
0r
1y
1c
0i
#20093580565
0t
0s
0r
1y
1c
0i
#20093581577
1t
0s
0r
1y
1c
0i
#20093582548
0t
0s
0r
1y
1c
0i
#20093583559
1t
0s
0r
1y
1c
0i
#20093584530
0t
0s
0r
1y
1c
0i
#20093585545
1t
0s
0r
1y
1c
0i
#20093586523
0t
0s
0r
1y
0c
1i
#20093587544
1t
0s
0r
1y
0c
1i
#20093588027
1t
0s
1r
1y
0c
1i
#20093588030
1t
0s
0r
1y
0c
1i
#20093588525
0t
0s
0r
1y
0c
1i
#20093589548
1t
0s
0r
1y
0c
0i
#20093590531
0t
0s
0r
1y
0c
0i
#20093591555
1t
0s
0r
1y
0c
0i
#20093592541
0t
0s
0r
1y
0c
0i
#20093593566
1t
0s
0r
1y
0c
0i
#20093594550
0t
0s
0r
1y
0c
0i
#20093595570
1t
0s
0r
1y
0c
0i
#20093596553
0t
0s
0r
1y
0c
0i
#20093597574
1t
0s
0r
1y
0c
0i
#20093598555
0t
0s
0r
1y
0c
0i
#20093599575
1t
0s
0r
1y
0c
0i
#20093600553
0t
0s
0r
1y
0c
0i
#20093601565
1t
0s
0r
1y
0c
0i
#20093602541
0t
0s
0r
1y
0c
0i
#20093603552
1t
0s
0r
1y
0c
0i
#20093604526
0t
0s
0r
1y
0c
0i
#20093605535
1t
0s
0r
1y
0c
0i
#20093606504
0t
0s
0r
1y
0c
0i
#20093607512
1t
0s
0r
1y
0c
0i
#20093608481
0t
0s
0r
1y
0c
0i
#20093609490
1t
0s
0r
1y
0c
0i
#20093610459
0t
0s
0r
1y
0c
0i
#20093611468
1t
0s
0r
1y
0c
0i
#20093612434
0t
0s
0r
1y
0c
0i
#20093613442
1t
0s
0r
1y
0c
0i
#20093614410
0t
0s
0r
1y
0c
0i
#20093615425
1t
0s
0r
1y
0c
0i
#20093616392
0t
0s
0r
1y
0c
0i
#20093617405
1t
0s
0r
1y
0c
0i
#20093618373
0t
0s
0r
1y
0c
0i
#20093619391
1t
0s
0r
1y
0c
0i
#20093620362
0t
0s
0r
1y
0c
0i
#20093621388
1t
0s
0r
1y
0c
0i
#20093622364
0t
0s
0r
1y
1c
1i
#20093623390
1t
0s
0r
1y
1c
1i
#20093624368
0t
0s
0r
1y
1c
1i
#20093625401
1t
0s
0r
1y
1c
0i
#20093626387
0t
0s
0r
1y
1c
0i
#20093627423
1t
0s
0r
1y
1c
0i
#20093628409
0t
0s
0r
1y
1c
0i
#20093629443
1t
0s
0r
1y
1c
0i
#20093630427
0t
0s
0r
1y
1c
0i
#20093631458
1t
0s
0r
1y
1c
0i
#20093632445
0t
0s
0r
1y
1c
0i
#20093633479
1t
0s
0r
1y
1c
0i
#20093634463
0t
0s
0r
1y
1c
0i
#20093635489
1t
0s
0r
1y
1c
0i
#20093636471
0t
0s
0r
1y
1c
0i
#20093637496
1t
0s
0r
1y
1c
0i
#20093638477
0t
0s
0r
1y
1c
0i
#20093639496
1t
0s
0r
1y
1c
0i
#20093640473
0t
0s
0r
1y
1c
0i
#20093641489
1t
0s
0r
1y
1c
0i
#20093642462
0t
0s
0r
1y
1c
0i
#20093644922
1t
0s
0r
1y
1c
0i
#20093646450
0t
0s
0r
1y
1c
0i
#20093647455
1t
0s
0r
1y
1c
0i
#20093648432
0t
0s
0r
1y
1c
0i
#20093649446
1t
0s
0r
1y
1c
0i
#20093650420
0t
0s
0r
1y
1c
0i
#20093651434
1t
0s
0r
1y
1c
0i
#20093652406
0t
0s
0r
1y
1c
0i
#20093653422
1t
0s
0r
1y
1c
0i
#20093654397
0t
0s
0r
1y
1c
0i
#20093655416
1t
0s
0r
1y
1c
0i
#20093656392
0t
0s
0r
1y
1c
0i
#20093657410
1t
0s
0r
1y
1c
0i
#20093658392
0t
0s
0r
1y
0c
1i
#20093659416
1t
0s
0r
1y
0c
1i
#20093660402
0t
0s
0r
1y
0c
1i
#20093661428
1t
0s
0r
1y
0c
0i
#20093662416
0t
0s
0r
1y
0c
0i
#20093663441
1t
0s
0r
1y
0c
0i
#20093664429
0t
0s
0r
1y
0c
0i
#20093665458
1t
0s
0r
1y
0c
0i
#20093666447
0t
0s
0r
1y
0c
0i
#20093667475
1t
0s
0r
1y
0c
0i
#20093668462
0t
0s
0r
1y
0c
0i
#20093669487
1t
0s
0r
1y
0c
0i
#20093670473
0t
0s
0r
1y
0c
0i
#20093671498
1t
0s
0r
1y
0c
0i
#20093672485
0t
0s
0r
1y
0c
0i
#20093673510
1t
0s
0r
1y
0c
0i
#20093674495
0t
0s
0r
1y
0c
0i
#20093675514
1t
0s
0r
1y
0c
0i
#20093676497
0t
0s
0r
1y
0c
0i
#20093677520
1t
0s
0r
1y
0c
0i
#20093678502
0t
0s
0r
1y
0c
0i
#20093679523
1t
0s
0r
1y
0c
0i
#20093680502
0t
0s
0r
1y
0c
0i
#20093681522
1t
0s
0r
1y
0c
0i
#20093682502
0t
0s
0r
1y
0c
0i
#20093683528
1t
0s
0r
1y
0c
0i
#20093684506
0t
0s
0r
1y
0c
0i
#20093685528
1t
0s
0r
1y
0c
0i
#20093686505
0t
0s
0r
1y
0c
0i
#20093687530
1t
0s
0r
1y
0c
0i
#20093688510
0t
0s
0r
1y
0c
0i
#20093689538
1t
0s
0r
1y
0c
0i
#20093690519
0t
0s
0r
1y
0c
0i
#20093691547
1t
0s
0r
1y
0c
0i
#20093692529
0t
0s
0r
1y
0c
0i
#20093693563
1t
0s
0r
1y
0c
0i
#20093694551
0t
0s
0r
1y
1c
1i
#20093695589
1t
0s
0r
1y
1c
1i
#20093696578
0t
0s
0r
1y
1c
1i
#20093697619
1t
0s
0r
1y
1c
0i
#20093698614
0t
0s
0r
1y
1c
0i
#20093699660
1t
0s
0r
1y
1c
0i
#20093700653
0t
0s
0r
1y
1c
0i
#20093701694
1t
0s
0r
1y
1c
0i
#20093702686
0t
0s
0r
1y
1c
0i
#20093703727
1t
0s
0r
1y
1c
0i
#20093704720
0t
0s
0r
1y
1c
0i
#20093705763
1t
0s
0r
1y
1c
0i
#20093706756
0t
0s
0r
1y
1c
0i
#20093707795
1t
0s
0r
1y
1c
0i
#20093708784
0t
0s
0r
1y
1c
0i
#20093709821
1t
0s
0r
1y
1c
0i
#20093710813
0t
0s
0r
1y
1c
0i
#20093711848
1t
0s
0r
1y
1c
0i
#20093712838
0t
0s
0r
1y
1c
0i
#20093713868
1t
0s
0r
1y
1c
0i
#20093714850
0t
0s
0r
1y
1c
0i
#20093717331
1t
0s
0r
1y
1c
0i
#20093718890
0t
0s
0r
1y
1c
0i
#20093719906
1t
0s
0r
1y
1c
0i
#20093720895
0t
0s
0r
1y
1c
0i
#20093721922
1t
0s
0r
1y
1c
0i
#20093722907
0t
0s
0r
1y
1c
0i
#20093723934
1t
0s
0r
1y
1c
0i
#20093724917
0t
0s
0r
1y
1c
0i
#20093725946
1t
0s
0r
1y
1c
0i
#20093726932
0t
0s
0r
1y
1c
0i
#20093727965
1t
0s
0r
1y
0c
0i
#20093728955
0t
0s
0r
1y
0c
0i
#20093729989
1t
0s
0r
1y
0c
0i
#20093730982
0t
0s
0r
1y
0c
1i
#20093732021
1t
0s
0r
1y
0c
1i
#20093732362
1t
0s
1r
1y
0c
1i
#20093732365
1t
0s
0r
1y
0c
1i
#20093733022
0t
0s
0r
1y
0c
1i
#20093734065
1t
0s
0r
1y
0c
0i
#20093735067
0t
0s
0r
1y
0c
0i
#20093736110
1t
0s
0r
1y
0c
0i
#20093737113
0t
0s
0r
1y
0c
0i
#20093738154
1t
0s
0r
1y
0c
0i
#20093739151
0t
0s
0r
1y
0c
0i
#20093740179
1t
0s
0r
1y
0c
0i
#20093741161
0t
0s
0r
1y
0c
0i
#20093742175
1t
0s
0r
1y
0c
0i
#20093743149
0t
0s
0r
1y
0c
0i
#20093744157
1t
0s
0r
1y
0c
0i
#20093745124
0t
0s
0r
1y
0c
0i
#20093746126
1t
0s
0r
1y
0c
0i
#20093747090
0t
0s
0r
1y
0c
0i
#20093748087
1t
0s
0r
1y
0c
0i
#20093749050
0t
0s
0r
1y
0c
0i
#20093750051
1t
0s
0r
1y
0c
0i
#20093751017
0t
0s
0r
1y
0c
0i
#20093752018
1t
0s
0r
1y
0c
0i
#20093752981
0t
0s
0r
1y
0c
0i
#20093753985
1t
0s
0r
1y
0c
0i
#20093754951
0t
0s
0r
1y
0c
0i
#20093755959
1t
0s
0r
1y
0c
0i
#20093756926
0t
0s
0r
1y
0c
0i
#20093757933
1t
0s
0r
1y
0c
0i
#20093758898
0t
0s
0r
1y
0c
0i
#20093759908
1t
0s
0r
1y
0c
0i
#20093760877
0t
0s
0r
1y
0c
0i
#20093761889
1t
0s
0r
1y
0c
0i
#20093762855
0t
0s
0r
1y
0c
0i
#20093763869
1t
0s
0r
1y
0c
0i
#20093764839
0t
0s
0r
1y
0c
0i
#20093765860
1t
0s
0r
1y
1c
0i
#20093766833
0t
0s
0r
1y
1c
1i
#20093767854
1t
0s
0r
1y
1c
1i
#20093768831
0t
0s
0r
1y
1c
1i
#20093769856
1t
0s
0r
1y
1c
0i
#20093770836
0t
0s
0r
1y
1c
0i
#20093771866
1t
0s
0r
1y
1c
0i
#20093772848
0t
0s
0r
1y
1c
0i
#20093773874
1t
0s
0r
1y
1c
0i
#20093774854
0t
0s
0r
1y
1c
0i
#20093775880
1t
0s
0r
1y
1c
0i
#20093776861
0t
0s
0r
1y
1c
0i
#20093777888
1t
0s
0r
1y
1c
0i
#20093778867
0t
0s
0r
1y
1c
0i
#20093779891
1t
0s
0r
1y
1c
0i
#20093780865
0t
0s
0r
1y
1c
0i
#20093781885
1t
0s
0r
1y
1c
0i
#20093782861
0t
0s
0r
1y
1c
0i
#20093783879
1t
0s
0r
1y
1c
0i
#20093784852
0t
0s
0r
1y
1c
0i
#20093785865
1t
0s
0r
1y
1c
0i
#20093786833
0t
0s
0r
1y
1c
0i
#20093789263
1t
0s
0r
1y
1c
0i
#20093790810
0t
0s
0r
1y
1c
0i
#20093791808
1t
0s
0r
1y
1c
0i
#20093792781
0t
0s
0r
1y
1c
0i
#20093793791
1t
0s
0r
1y
1c
0i
#20093794764
0t
0s
0r
1y
1c
0i
#20093795774
1t
0s
0r
1y
1c
0i
#20093796742
0t
0s
0r
1y
1c
0i
#20093797755
1t
0s
0r
1y
1c
0i
#20093798728
0t
0s
0r
1y
1c
0i
#20093799743
1t
0s
0r
1y
1c
0i
#20093800718
0t
0s
0r
1y
1c
0i
#20093801735
1t
0s
0r
1y
1c
0i
#20093802714
0t
0s
0r
1y
0c
1i
#20093803733
1t
0s
0r
1y
0c
1i
#20093804715
0t
0s
0r
1y
0c
1i
#20093805740
1t
0s
0r
1y
0c
0i
#20093806724
0t
0s
0r
1y
0c
0i
#20093807746
1t
0s
0r
1y
0c
0i
#20093808730
0t
0s
0r
1y
0c
0i
#20093809753
1t
0s
0r
1y
0c
0i
#20093810736
0t
0s
0r
1y
0c
0i
#20093811760
1t
0s
0r
1y
0c
0i
#20093812742
0t
0s
0r
1y
0c
0i
#20093813761
1t
0s
0r
1y
0c
0i
#20093814739
0t
0s
0r
1y
0c
0i
#20093815756
1t
0s
0r
1y
0c
0i
#20093816734
0t
0s
0r
1y
0c
0i
#20093817750
1t
0s
0r
1y
0c
0i
#20093818726
0t
0s
0r
1y
0c
0i
#20093819737
1t
0s
0r
1y
0c
0i
#20093820709
0t
0s
0r
1y
0c
0i
#20093821719
1t
0s
0r
1y
0c
0i
#20093822691
0t
0s
0r
1y
0c
0i
#20093823705
1t
0s
0r
1y
0c
0i
#20093824676
0t
0s
0r
1y
0c
0i
#20093825685
1t
0s
0r
1y
0c
0i
#20093826655
0t
0s
0r
1y
0c
0i
#20093827667
1t
0s
0r
1y
0c
0i
#20093828638
0t
0s
0r
1y
0c
0i
#20093829652
1t
0s
0r
1y
0c
0i
#20093830622
0t
0s
0r
1y
0c
0i
#20093831636
1t
0s
0r
1y
0c
0i
#20093832606
0t
0s
0r
1y
0c
0i
#20093833625
1t
0s
0r
1y
0c
0i
#20093834597
0t
0s
0r
1y
0c
0i
#20093835617
1t
0s
0r
1y
0c
0i
#20093836587
0t
0s
0r
1y
0c
0i
#20093837612
1t
0s
0r
1y
1c
0i
#20093838591
0t
0s
0r
1y
1c
1i
#20093839621
1t
0s
0r
1y
1c
1i
#20093840602
0t
0s
0r
1y
1c
1i
#20093841634
1t
0s
0r
1y
1c
0i
#20093842616
0t
0s
0r
1y
1c
0i
#20093843650
1t
0s
0r
1y
1c
0i
#20093844637
0t
0s
0r
1y
1c
0i
#20093845672
1t
0s
0r
1y
1c
0i
#20093846657
0t
0s
0r
1y
1c
0i
#20093847686
1t
0s
0r
1y
1c
0i
#20093848667
0t
0s
0r
1y
1c
0i
#20093849695
1t
0s
0r
1y
1c
0i
#20093850675
0t
0s
0r
1y
1c
0i
#20093851702
1t
0s
0r
1y
1c
0i
#20093852679
0t
0s
0r
1y
1c
0i
#20093853696
1t
0s
0r
1y
1c
0i
#20093854667
0t
0s
0r
1y
1c
0i
#20093855682
1t
0s
0r
1y
1c
0i
#20093856655
0t
0s
0r
1y
1c
0i
#20093857668
1t
0s
0r
1y
1c
0i
#20093858636
0t
0s
0r
1y
1c
0i
#20093861076
1t
0s
0r
1y
1c
0i
#20093862606
0t
0s
0r
1y
1c
0i
#20093863609
1t
0s
0r
1y
1c
0i
#20093864581
0t
0s
0r
1y
1c
0i
#20093865587
1t
0s
0r
1y
1c
0i
#20093866559
0t
0s
0r
1y
1c
0i
#20093867573
1t
0s
0r
1y
1c
0i
#20093868543
0t
0s
0r
1y
1c
0i
#20093869554
1t
0s
0r
1y
1c
0i
#20093870525
0t
0s
0r
1y
1c
0i
#20093871539
1t
0s
0r
1y
1c
0i
#20093872513
0t
0s
0r
1y
1c
0i
#20093873531
1t
0s
0r
1y
0c
0i
#20093874510
0t
0s
0r
1y
0c
1i
#20093875530
1t
0s
0r
1y
0c
1i
#20093876056
1t
0s
1r
1y
0c
1i
#20093876059
1t
0s
0r
1y
0c
1i
#20093876510
0t
0s
0r
1y
0c
1i
#20093877534
1t
0s
0r
1y
0c
0i
#20093878519
0t
0s
0r
1y
0c
0i
#20093879544
1t
0s
0r
1y
0c
0i
#20093880529
0t
0s
0r
1y
0c
0i
#20093881553
1t
0s
0r
1y
0c
0i
#20093882535
0t
0s
0r
1y
0c
0i
#20093883556
1t
0s
0r
1y
0c
0i
#20093884538
0t
0s
0r
1y
0c
0i
#20093885559
1t
0s
0r
1y
0c
0i
#20093886538
0t
0s
0r
1y
0c
0i
#20093887555
1t
0s
0r
1y
0c
0i
#20093888530
0t
0s
0r
1y
0c
0i
#20093889543
1t
0s
0r
1y
0c
0i
#20093890518
0t
0s
0r
1y
0c
0i
#20093891528
1t
0s
0r
1y
0c
0i
#20093892499
0t
0s
0r
1y
0c
0i
#20093893507
1t
0s
0r
1y
0c
0i
#20093894473
0t
0s
0r
1y
0c
0i
#20093895481
1t
0s
0r
1y
0c
0i
#20093896449
0t
0s
0r
1y
0c
0i
#20093897458
1t
0s
0r
1y
0c
0i
#20093898425
0t
0s
0r
1y
0c
0i
#20093899434
1t
0s
0r
1y
0c
0i
#20093900397
0t
0s
0r
1y
0c
0i
#20093901406
1t
0s
0r
1y
0c
0i
#20093902375
0t
0s
0r
1y
0c
0i
#20093903388
1t
0s
0r
1y
0c
0i
#20093904356
0t
0s
0r
1y
0c
0i
#20093905369
1t
0s
0r
1y
0c
0i
#20093906336
0t
0s
0r
1y
0c
0i
#20093907354
1t
0s
0r
1y
0c
0i
#20093908325
0t
0s
0r
1y
0c
0i
#20093909348
1t
0s
0r
1y
0c
0i
#20093910325
0t
0s
0r
1y
1c
1i
#20093911349
1t
0s
0r
1y
1c
1i
#20093912327
0t
0s
0r
1y
1c
1i
#20093913358
1t
0s
0r
1y
1c
0i
#20093914344
0t
0s
0r
1y
1c
0i
#20093915375
1t
0s
0r
1y
1c
0i
#20093916358
0t
0s
0r
1y
1c
0i
#20093917387
1t
0s
0r
1y
1c
0i
#20093918371
0t
0s
0r
1y
1c
0i
#20093919401
1t
0s
0r
1y
1c
0i
#20093920385
0t
0s
0r
1y
1c
0i
#20093921413
1t
0s
0r
1y
1c
0i
#20093922392
0t
0s
0r
1y
1c
0i
#20093923417
1t
0s
0r
1y
1c
0i
#20093924398
0t
0s
0r
1y
1c
0i
#20093925421
1t
0s
0r
1y
1c
0i
#20093926401
0t
0s
0r
1y
1c
0i
#20093927419
1t
0s
0r
1y
1c
0i
#20093928394
0t
0s
0r
1y
1c
0i
#20093929411
1t
0s
0r
1y
1c
0i
#20093930383
0t
0s
0r
1y
1c
0i
#20093932845
1t
0s
0r
1y
1c
0i
#20093934369
0t
0s
0r
1y
1c
0i
#20093935374
1t
0s
0r
1y
1c
0i
#20093936351
0t
0s
0r
1y
1c
0i
#20093937366
1t
0s
0r
1y
1c
0i
#20093938340
0t
0s
0r
1y
1c
0i
#20093939354
1t
0s
0r
1y
1c
0i
#20093940328
0t
0s
0r
1y
1c
0i
#20093941346
1t
0s
0r
1y
1c
0i
#20093942323
0t
0s
0r
1y
1c
0i
#20093943341
1t
0s
0r
1y
0c
0i
#20093944317
0t
0s
0r
1y
0c
0i
#20093945338
1t
0s
0r
1y
0c
0i
#20093946322
0t
0s
0r
1y
0c
1i
#20093947347
1t
0s
0r
1y
0c
1i
#20093948333
0t
0s
0r
1y
0c
1i
#20093949359
1t
0s
0r
1y
0c
0i
#20093950345
0t
0s
0r
1y
0c
0i
#20093951371
1t
0s
0r
1y
0c
0i
#20093952358
0t
0s
0r
1y
0c
0i
#20093953380
1t
0s
0r
1y
0c
0i
#20093954361
0t
0s
0r
1y
0c
0i
#20093955373
1t
0s
0r
1y
0c
0i
#20093956343
0t
0s
0r
1y
0c
0i
#20093957346
1t
0s
0r
1y
0c
0i
#20093958308
0t
0s
0r
1y
0c
0i
#20093959303
1t
0s
0r
1y
0c
0i
#20093960260
0t
0s
0r
1y
0c
0i
#20093961252
1t
0s
0r
1y
0c
0i
#20093962207
0t
0s
0r
1y
0c
0i
#20093963194
1t
0s
0r
1y
0c
0i
#20093964146
0t
0s
0r
1y
0c
0i
#20093965135
1t
0s
0r
1y
0c
0i
#20093966089
0t
0s
0r
1y
0c
0i
#20093967083
1t
0s
0r
1y
0c
0i
#20093968038
0t
0s
0r
1y
0c
0i
#20093969029
1t
0s
0r
1y
0c
0i
#20093969985
0t
0s
0r
1y
0c
0i
#20093970985
1t
0s
0r
1y
0c
0i
#20093971941
0t
0s
0r
1y
0c
0i
#20093972937
1t
0s
0r
1y
0c
0i
#20093973892
0t
0s
0r
1y
0c
0i
#20093974891
1t
0s
0r
1y
0c
0i
#20093975850
0t
0s
0r
1y
0c
0i
#20093976850
1t
0s
0r
1y
0c
0i
#20093977807
0t
0s
0r
1y
0c
0i
#20093978809
1t
0s
0r
1y
0c
0i
#20093979767
0t
0s
0r
1y
0c
0i
#20093980775
1t
0s
0r
1y
0c
0i
#20093981736
0t
0s
0r
1y
1c
1i
#20093982744
1t
0s
0r
1y
1c
1i
#20093983708
0t
0s
0r
1y
1c
1i
#20093984719
1t
0s
0r
1y
1c
0i
#20093985688
0t
0s
0r
1y
1c
0i
#20093986702
1t
0s
0r
1y
1c
0i
#20093987670
0t
0s
0r
1y
1c
0i
#20093988681
1t
0s
0r
1y
1c
0i
#20093989647
0t
0s
0r
1y
1c
0i
#20093990657
1t
0s
0r
1y
1c
0i
#20093991623
0t
0s
0r
1y
1c
0i
#20093992634
1t
0s
0r
1y
1c
0i
#20093993600
0t
0s
0r
1y
1c
0i
#20093994607
1t
0s
0r
1y
1c
0i
#20093995569
0t
0s
0r
1y
1c
0i
#20093996571
1t
0s
0r
1y
1c
0i
#20093997532
0t
0s
0r
1y
1c
0i
#20093998533
1t
0s
0r
1y
1c
0i
#20093999493
0t
0s
0r
1y
1c
0i
#20094000491
1t
0s
0r
1y
1c
0i
#20094001443
0t
0s
0r
1y
1c
0i
#20094003836
1t
0s
0r
1y
1c
0i
#20094005361
0t
0s
0r
1y
1c
0i
#20094006345
1t
0s
0r
1y
1c
0i
#20094007303
0t
0s
0r
1y
1c
0i
#20094008296
1t
0s
0r
1y
1c
0i
#20094009254
0t
0s
0r
1y
1c
0i
#20094010252
1t
0s
0r
1y
1c
0i
#20094011210
0t
0s
0r
1y
1c
0i
#20094012206
1t
0s
0r
1y
1c
0i
#20094013165
0t
0s
0r
1y
1c
0i
#20094014166
1t
0s
0r
1y
1c
0i
#20094015129
0t
0s
0r
1y
1c
0i
#20094016131
1t
0s
0r
1y
1c
0i
#20094017095
0t
0s
0r
1y
0c
1i
#20094018103
1t
0s
0r
1y
0c
1i
#20094018717
1t
0s
1r
1y
0c
1i
#20094018719
1t
0s
0r
1y
0c
1i
#20094019073
0t
0s
0r
1y
0c
1i
#20094020084
1t
0s
0r
1y
0c
0i
#20094021058
0t
0s
0r
1y
0c
0i
#20094022068
1t
0s
0r
1y
0c
0i
#20094023040
0t
0s
0r
1y
0c
0i
#20094024050
1t
0s
0r
1y
0c
0i
#20094025022
0t
0s
0r
1y
0c
0i
#20094026031
1t
0s
0r
1y
0c
0i
#20094027001
0t
0s
0r
1y
0c
0i
#20094028006
1t
0s
0r
1y
0c
0i
#20094028972
0t
0s
0r
1y
0c
0i
#20094029974
1t
0s
0r
1y
0c
0i
#20094030939
0t
0s
0r
1y
0c
0i
#20094031940
1t
0s
0r
1y
0c
0i
#20094032903
0t
0s
0r
1y
0c
0i
#20094033897
1t
0s
0r
1y
0c
0i
#20094034854
0t
0s
0r
1y
0c
0i
#20094035849
1t
0s
0r
1y
0c
0i
#20094036806
0t
0s
0r
1y
0c
0i
#20094037804
1t
0s
0r
1y
0c
0i
#20094038759
0t
0s
0r
1y
0c
0i
#20094039753
1t
0s
0r
1y
0c
0i
#20094040707
0t
0s
0r
1y
0c
0i
#20094041702
1t
0s
0r
1y
0c
0i
#20094042660
0t
0s
0r
1y
0c
0i
#20094043659
1t
0s
0r
1y
0c
0i
#20094044616
0t
0s
0r
1y
0c
0i
#20094045614
1t
0s
0r
1y
0c
0i
#20094046570
0t
0s
0r
1y
0c
0i
#20094047571
1t
0s
0r
1y
0c
0i
#20094048530
0t
0s
0r
1y
0c
0i
#20094049535
1t
0s
0r
1y
0c
0i
#20094050495
0t
0s
0r
1y
0c
0i
#20094051500
1t
0s
0r
1y
0c
0i
#20094052465
0t
0s
0r
1y
1c
1i
#20094053478
1t
0s
0r
1y
1c
1i
#20094054446
0t
0s
0r
1y
1c
1i
#20094055461
1t
0s
0r
1y
1c
0i
#20094056429
0t
0s
0r
1y
1c
0i
#20094057445
1t
0s
0r
1y
1c
0i
#20094058416
0t
0s
0r
1y
1c
0i
#20094059432
1t
0s
0r
1y
1c
0i
#20094060402
0t
0s
0r
1y
1c
0i
#20094061416
1t
0s
0r
1y
1c
0i
#20094062383
0t
0s
0r
1y
1c
0i
#20094063395
1t
0s
0r
1y
1c
0i
#20094064363
0t
0s
0r
1y
1c
0i
#20094065377
1t
0s
0r
1y
1c
0i
#20094066345
0t
0s
0r
1y
1c
0i
#20094067353
1t
0s
0r
1y
1c
0i
#20094068319
0t
0s
0r
1y
1c
0i
#20094069326
1t
0s
0r
1y
1c
0i
#20094070292
0t
0s
0r
1y
1c
0i
#20094071300
1t
0s
0r
1y
1c
0i
#20094072262
0t
0s
0r
1y
1c
0i
#20094074688
1t
0s
0r
1y
1c
0i
#20094076208
0t
0s
0r
1y
1c
0i
#20094077201
1t
0s
0r
1y
1c
0i
#20094078166
0t
0s
0r
1y
1c
0i
#20094079166
1t
0s
0r
1y
1c
0i
#20094080132
0t
0s
0r
1y
1c
0i
#20094081139
1t
0s
0r
1y
1c
0i
#20094082102
0t
0s
0r
1y
1c
0i
#20094083108
1t
0s
0r
1y
1c
0i
#20094084072
0t
0s
0r
1y
1c
0i
#20094085078
1t
0s
0r
1y
1c
0i
#20094086048
0t
0s
0r
1y
1c
0i
#20094087061
1t
0s
0r
1y
1c
0i
#20094088035
0t
0s
0r
1y
0c
1i
#20094089046
1t
0s
0r
1y
0c
1i
#20094090024
0t
0s
0r
1y
0c
1i
#20094091041
1t
0s
0r
1y
0c
0i
#20094092021
0t
0s
0r
1y
0c
0i
#20094093036
1t
0s
0r
1y
0c
0i
#20094094014
0t
0s
0r
1y
0c
0i
#20094095030
1t
0s
0r
1y
0c
0i
#20094096007
0t
0s
0r
1y
0c
0i
#20094097024
1t
0s
0r
1y
0c
0i
#20094098001
0t
0s
0r
1y
0c
0i
#20094099013
1t
0s
0r
1y
0c
0i
#20094099985
0t
0s
0r
1y
0c
0i
#20094100997
1t
0s
0r
1y
0c
0i
#20094101970
0t
0s
0r
1y
0c
0i
#20094102980
1t
0s
0r
1y
0c
0i
#20094103952
0t
0s
0r
1y
0c
0i
#20094104957
1t
0s
0r
1y
0c
0i
#20094105924
0t
0s
0r
1y
0c
0i
#20094106929
1t
0s
0r
1y
0c
0i
#20094107898
0t
0s
0r
1y
0c
0i
#20094108906
1t
0s
0r
1y
0c
0i
#20094109872
0t
0s
0r
1y
0c
0i
#20094110876
1t
0s
0r
1y
0c
0i
#20094111841
0t
0s
0r
1y
0c
0i
#20094112848
1t
0s
0r
1y
0c
0i
#20094113813
0t
0s
0r
1y
0c
0i
#20094114822
1t
0s
0r
1y
0c
0i
#20094115788
0t
0s
0r
1y
0c
0i
#20094116795
1t
0s
0r
1y
0c
0i
#20094117760
0t
0s
0r
1y
0c
0i
#20094118774
1t
0s
0r
1y
0c
0i
#20094119740
0t
0s
0r
1y
0c
0i
#20094120753
1t
0s
0r
1y
0c
0i
#20094121718
0t
0s
0r
1y
0c
0i
#20094122735
1t
0s
0r
1y
0c
0i
#20094123707
0t
0s
0r
1y
1c
1i
#20094124729
1t
0s
0r
1y
1c
1i
#20094125705
0t
0s
0r
1y
1c
1i
#20094126729
1t
0s
0r
1y
1c
0i
#20094127705
0t
0s
0r
1y
1c
0i
#20094128730
1t
0s
0r
1y
1c
0i
#20094129709
0t
0s
0r
1y
1c
0i
#20094130735
1t
0s
0r
1y
1c
0i
#20094131713
0t
0s
0r
1y
1c
0i
#20094132734
1t
0s
0r
1y
1c
0i
#20094133711
0t
0s
0r
1y
1c
0i
#20094134734
1t
0s
0r
1y
1c
0i
#20094135709
0t
0s
0r
1y
1c
0i
#20094136733
1t
0s
0r
1y
1c
0i
#20094137710
0t
0s
0r
1y
1c
0i
#20094138728
1t
0s
0r
1y
1c
0i
#20094139702
0t
0s
0r
1y
1c
0i
#20094140718
1t
0s
0r
1y
1c
0i
#20094141693
0t
0s
0r
1y
1c
0i
#20094142710
1t
0s
0r
1y
1c
0i
#20094143679
0t
0s
0r
1y
1c
0i
#20094146120
1t
0s
0r
1y
1c
0i
#20094147654
0t
0s
0r
1y
1c
0i
#20094148655
1t
0s
0r
1y
1c
0i
#20094149626
0t
0s
0r
1y
1c
0i
#20094150634
1t
0s
0r
1y
1c
0i
#20094151605
0t
0s
0r
1y
1c
0i
#20094152620
1t
0s
0r
1y
1c
0i
#20094153590
0t
0s
0r
1y
1c
0i
#20094154602
1t
0s
0r
1y
1c
0i
#20094155573
0t
0s
0r
1y
1c
0i
#20094156589
1t
0s
0r
1y
0c
0i
#20094157566
0t
0s
0r
1y
0c
0i
#20094158587
1t
0s
0r
1y
0c
0i
#20094159570
0t
0s
0r
1y
0c
1i
#20094160593
1t
0s
0r
1y
0c
1i
#20094160951
1t
0s
1r
1y
0c
1i
#20094160953
1t
0s
0r
1y
0c
1i
#20094161577
0t
0s
0r
1y
0c
1i
#20094162607
1t
0s
0r
1y
0c
0i
#20094163598
0t
0s
0r
1y
0c
0i
#20094164627
1t
0s
0r
1y
0c
0i
#20094165615
0t
0s
0r
1y
0c
0i
#20094166641
1t
0s
0r
1y
0c
0i
#20094167627
0t
0s
0r
1y
0c
0i
#20094168646
1t
0s
0r
1y
0c
0i
#20094169622
0t
0s
0r
1y
0c
0i
#20094170629
1t
0s
0r
1y
0c
0i
#20094171593
0t
0s
0r
1y
0c
0i
#20094172587
1t
0s
0r
1y
0c
0i
#20094173545
0t
0s
0r
1y
0c
0i
#20094174535
1t
0s
0r
1y
0c
0i
#20094175489
0t
0s
0r
1y
0c
0i
#20094176476
1t
0s
0r
1y
0c
0i
#20094177428
0t
0s
0r
1y
0c
0i
#20094178413
1t
0s
0r
1y
0c
0i
#20094179362
0t
0s
0r
1y
0c
0i
#20094180351
1t
0s
0r
1y
0c
0i
#20094181305
0t
0s
0r
1y
0c
0i
#20094182293
1t
0s
0r
1y
0c
0i
#20094183244
0t
0s
0r
1y
0c
0i
#20094184236
1t
0s
0r
1y
0c
0i
#20094185190
0t
0s
0r
1y
0c
0i
#20094186184
1t
0s
0r
1y
0c
0i
#20094187139
0t
0s
0r
1y
0c
0i
#20094188133
1t
0s
0r
1y
0c
0i
#20094189085
0t
0s
0r
1y
0c
0i
#20094190081
1t
0s
0r
1y
0c
0i
#20094191036
0t
0s
0r
1y
0c
0i
#20094192037
1t
0s
0r
1y
0c
0i
#20094192992
0t
0s
0r
1y
0c
0i
#20094193992
1t
0s
0r
1y
0c
0i
#20094194951
0t
0s
0r
1y
1c
1i
#20094195957
1t
0s
0r
1y
1c
1i
#20094196921
0t
0s
0r
1y
1c
1i
#20094197931
1t
0s
0r
1y
1c
0i
#20094198897
0t
0s
0r
1y
1c
0i
#20094199906
1t
0s
0r
1y
1c
0i
#20094200871
0t
0s
0r
1y
1c
0i
#20094201883
1t
0s
0r
1y
1c
0i
#20094202850
0t
0s
0r
1y
1c
0i
#20094203859
1t
0s
0r
1y
1c
0i
#20094204823
0t
0s
0r
1y
1c
0i
#20094205828
1t
0s
0r
1y
1c
0i
#20094206788
0t
0s
0r
1y
1c
0i
#20094207789
1t
0s
0r
1y
1c
0i
#20094208747
0t
0s
0r
1y
1c
0i
#20094209743
1t
0s
0r
1y
1c
0i
#20094210695
0t
0s
0r
1y
1c
0i
#20094211682
1t
0s
0r
1y
1c
0i
#20094212632
0t
0s
0r
1y
1c
0i
#20094213619
1t
0s
0r
1y
1c
0i
#20094214565
0t
0s
0r
1y
1c
0i
#20094216937
1t
0s
0r
1y
1c
0i
#20094218433
0t
0s
0r
1y
1c
0i
#20094219410
1t
0s
0r
1y
1c
0i
#20094220358
0t
0s
0r
1y
1c
0i
#20094221338
1t
0s
0r
1y
1c
0i
#20094222283
0t
0s
0r
1y
1c
0i
#20094223266
1t
0s
0r
1y
1c
0i
#20094224214
0t
0s
0r
1y
1c
0i
#20094225200
1t
0s
0r
1y
1c
0i
#20094226149
0t
0s
0r
1y
1c
0i
#20094227135
1t
0s
0r
1y
0c
0i
#20094228083
0t
0s
0r
1y
0c
0i
#20094229073
1t
0s
0r
1y
0c
0i
#20094230029
0t
0s
0r
1y
0c
1i
#20094231023
1t
0s
0r
1y
0c
1i
#20094231982
0t
0s
0r
1y
0c
1i
#20094232975
1t
0s
0r
1y
0c
0i
#20094233936
0t
0s
0r
1y
0c
0i
#20094234932
1t
0s
0r
1y
0c
0i
#20094235893
0t
0s
0r
1y
0c
0i
#20094236886
1t
0s
0r
1y
0c
0i
#20094237844
0t
0s
0r
1y
0c
0i
#20094238829
1t
0s
0r
1y
0c
0i
#20094239777
0t
0s
0r
1y
0c
0i
#20094240756
1t
0s
0r
1y
0c
0i
#20094241698
0t
0s
0r
1y
0c
0i
#20094242669
1t
0s
0r
1y
0c
0i
#20094243604
0t
0s
0r
1y
0c
0i
#20094244568
1t
0s
0r
1y
0c
0i
#20094245497
0t
0s
0r
1y
0c
0i
#20094246457
1t
0s
0r
1y
0c
0i
#20094247386
0t
0s
0r
1y
0c
0i
#20094248349
1t
0s
0r
1y
0c
0i
#20094249277
0t
0s
0r
1y
0c
0i
#20094250238
1t
0s
0r
1y
0c
0i
#20094251165
0t
0s
0r
1y
0c
0i
#20094252128
1t
0s
0r
1y
0c
0i
#20094253057
0t
0s
0r
1y
0c
0i
#20094254024
1t
0s
0r
1y
0c
0i
#20094254954
0t
0s
0r
1y
0c
0i
#20094255918
1t
0s
0r
1y
0c
0i
#20094256848
0t
0s
0r
1y
0c
0i
#20094257818
1t
0s
0r
1y
0c
0i
#20094258749
0t
0s
0r
1y
0c
0i
#20094259717
1t
0s
0r
1y
0c
0i
#20094260645
0t
0s
0r
1y
0c
0i
#20094261618
1t
0s
0r
1y
0c
0i
#20094262550
0t
0s
0r
1y
0c
0i
#20094263526
1t
0s
0r
1y
0c
0i
#20094264461
0t
0s
0r
1y
1c
1i
#20094265439
1t
0s
0r
1y
1c
1i
#20094266375
0t
0s
0r
1y
1c
1i
#20094267356
1t
0s
0r
1y
1c
0i
#20094268298
0t
0s
0r
1y
1c
0i
#20094269282
1t
0s
0r
1y
1c
0i
#20094270223
0t
0s
0r
1y
1c
0i
#20094271204
1t
0s
0r
1y
1c
0i
#20094272143
0t
0s
0r
1y
1c
0i
#20094273124
1t
0s
0r
1y
1c
0i
#20094274065
0t
0s
0r
1y
1c
0i
#20094275050
1t
0s
0r
1y
1c
0i
#20094275991
0t
0s
0r
1y
1c
0i
#20094276972
1t
0s
0r
1y
1c
0i
#20094277911
0t
0s
0r
1y
1c
0i
#20094278893
1t
0s
0r
1y
1c
0i
#20094279837
0t
0s
0r
1y
1c
0i
#20094280819
1t
0s
0r
1y
1c
0i
#20094281763
0t
0s
0r
1y
1c
0i
#20094282742
1t
0s
0r
1y
1c
0i
#20094283680
0t
0s
0r
1y
1c
0i
#20094286028
1t
0s
0r
1y
1c
0i
#20094287530
0t
0s
0r
1y
1c
0i
#20094288495
1t
0s
0r
1y
1c
0i
#20094289438
0t
0s
0r
1y
1c
0i
#20094290413
1t
0s
0r
1y
1c
0i
#20094291352
0t
0s
0r
1y
1c
0i
#20094292326
1t
0s
0r
1y
1c
0i
#20094293264
0t
0s
0r
1y
1c
0i
#20094294239
1t
0s
0r
1y
1c
0i
#20094295179
0t
0s
0r
1y
1c
0i
#20094296159
1t
0s
0r
1y
1c
0i
#20094297100
0t
0s
0r
1y
1c
0i
#20094298080
1t
0s
0r
1y
1c
0i
#20094299025
0t
0s
0r
1y
0c
1i
#20094300009
1t
0s
0r
1y
0c
1i
#20094300611
1t
0s
1r
1y
0c
1i
#20094300614
1t
0s
0r
1y
0c
1i
#20094300960
0t
0s
0r
1y
0c
1i
#20094301949
1t
0s
0r
1y
0c
0i
#20094302904
0t
0s
0r
1y
0c
0i
#20094303893
1t
0s
0r
1y
0c
0i
#20094304846
0t
0s
0r
1y
0c
0i
#20094305834
1t
0s
0r
1y
0c
0i
#20094306789
0t
0s
0r
1y
0c
0i
#20094307777
1t
0s
0r
1y
0c
0i
#20094308728
0t
0s
0r
1y
0c
0i
#20094309712
1t
0s
0r
1y
0c
0i
#20094310658
0t
0s
0r
1y
0c
0i
#20094311638
1t
0s
0r
1y
0c
0i
#20094312582
0t
0s
0r
1y
0c
0i
#20094313559
1t
0s
0r
1y
0c
0i
#20094314501
0t
0s
0r
1y
0c
0i
#20094315470
1t
0s
0r
1y
0c
0i
#20094316405
0t
0s
0r
1y
0c
0i
#20094317374
1t
0s
0r
1y
0c
0i
#20094318309
0t
0s
0r
1y
0c
0i
#20094319279
1t
0s
0r
1y
0c
0i
#20094320213
0t
0s
0r
1y
0c
0i
#20094321181
1t
0s
0r
1y
0c
0i
#20094322112
0t
0s
0r
1y
0c
0i
#20094323082
1t
0s
0r
1y
0c
0i
#20094324015
0t
0s
0r
1y
0c
0i
#20094324988
1t
0s
0r
1y
0c
0i
#20094325922
0t
0s
0r
1y
0c
0i
#20094326892
1t
0s
0r
1y
0c
0i
#20094327826
0t
0s
0r
1y
0c
0i
#20094328802
1t
0s
0r
1y
0c
0i
#20094329738
0t
0s
0r
1y
0c
0i
#20094330716
1t
0s
0r
1y
0c
0i
#20094331652
0t
0s
0r
1y
0c
0i
#20094332633
1t
0s
0r
1y
0c
0i
#20094333574
0t
0s
0r
1y
1c
1i
#20094334562
1t
0s
0r
1y
1c
1i
#20094335507
0t
0s
0r
1y
1c
1i
#20094336495
1t
0s
0r
1y
1c
0i
#20094337441
0t
0s
0r
1y
1c
0i
#20094338431
1t
0s
0r
1y
1c
0i
#20094339380
0t
0s
0r
1y
1c
0i
#20094340370
1t
0s
0r
1y
1c
0i
#20094341318
0t
0s
0r
1y
1c
0i
#20094342305
1t
0s
0r
1y
1c
0i
#20094343249
0t
0s
0r
1y
1c
0i
#20094344235
1t
0s
0r
1y
1c
0i
#20094345180
0t
0s
0r
1y
1c
0i
#20094346166
1t
0s
0r
1y
1c
0i
#20094347108
0t
0s
0r
1y
1c
0i
#20094348087
1t
0s
0r
1y
1c
0i
#20094349026
0t
0s
0r
1y
1c
0i
#20094350000
1t
0s
0r
1y
1c
0i
#20094350939
0t
0s
0r
1y
1c
0i
#20094351913
1t
0s
0r
1y
1c
0i
#20094352847
0t
0s
0r
1y
1c
0i
#20094355187
1t
0s
0r
1y
1c
0i
#20094356664
0t
0s
0r
1y
1c
0i
#20094357626
1t
0s
0r
1y
1c
0i
#20094358564
0t
0s
0r
1y
1c
0i
#20094359532
1t
0s
0r
1y
1c
0i
#20094360466
0t
0s
0r
1y
1c
0i
#20094361437
1t
0s
0r
1y
1c
0i
#20094362374
0t
0s
0r
1y
1c
0i
#20094363349
1t
0s
0r
1y
1c
0i
#20094364286
0t
0s
0r
1y
1c
0i
#20094365260
1t
0s
0r
1y
1c
0i
#20094366200
0t
0s
0r
1y
1c
0i
#20094367181
1t
0s
0r
1y
1c
0i
#20094368126
0t
0s
0r
1y
0c
1i
#20094369106
1t
0s
0r
1y
0c
1i
#20094370053
0t
0s
0r
1y
0c
1i
#20094371036
1t
0s
0r
1y
0c
0i
#20094371987
0t
0s
0r
1y
0c
0i
#20094372972
1t
0s
0r
1y
0c
0i
#20094373924
0t
0s
0r
1y
0c
0i
#20094374908
1t
0s
0r
1y
0c
0i
#20094375856
0t
0s
0r
1y
0c
0i
#20094376841
1t
0s
0r
1y
0c
0i
#20094377792
0t
0s
0r
1y
0c
0i
#20094378776
1t
0s
0r
1y
0c
0i
#20094379725
0t
0s
0r
1y
0c
0i
#20094380708
1t
0s
0r
1y
0c
0i
#20094381658
0t
0s
0r
1y
0c
0i
#20094382643
1t
0s
0r
1y
0c
0i
#20094383595
0t
0s
0r
1y
0c
0i
#20094384578
1t
0s
0r
1y
0c
0i
#20094385525
0t
0s
0r
1y
0c
0i
#20094386508
1t
0s
0r
1y
0c
0i
#20094387456
0t
0s
0r
1y
0c
0i
#20094388441
1t
0s
0r
1y
0c
0i
#20094389387
0t
0s
0r
1y
0c
0i
#20094390368
1t
0s
0r
1y
0c
0i
#20094391311
0t
0s
0r
1y
0c
0i
#20094392294
1t
0s
0r
1y
0c
0i
#20094393237
0t
0s
0r
1y
0c
0i
#20094394221
1t
0s
0r
1y
0c
0i
#20094395164
0t
0s
0r
1y
0c
0i
#20094396148
1t
0s
0r
1y
0c
0i
#20094397087
0t
0s
0r
1y
0c
0i
#20094398072
1t
0s
0r
1y
0c
0i
#20094399016
0t
0s
0r
1y
0c
0i
#20094400004
1t
0s
0r
1y
0c
0i
#20094400950
0t
0s
0r
1y
0c
0i
#20094401940
1t
0s
0r
1y
0c
0i
#20094402887
0t
0s
0r
1y
0c
1i
#20094403881
1t
0s
0r
1y
1c
1i
#20094404836
0t
0s
0r
1y
1c
1i
#20094405836
1t
0s
0r
1y
1c
0i
#20094406794
0t
0s
0r
1y
1c
0i
#20094407792
1t
0s
0r
1y
1c
0i
#20094408747
0t
0s
0r
1y
1c
0i
#20094409746
1t
0s
0r
1y
1c
0i
#20094410703
0t
0s
0r
1y
1c
0i
#20094411703
1t
0s
0r
1y
1c
0i
#20094412660
0t
0s
0r
1y
1c
0i
#20094413658
1t
0s
0r
1y
1c
0i
#20094414611
0t
0s
0r
1y
1c
0i
#20094415609
1t
0s
0r
1y
1c
0i
#20094416566
0t
0s
0r
1y
1c
0i
#20094417563
1t
0s
0r
1y
1c
0i
#20094418520
0t
0s
0r
1y
1c
0i
#20094419513
1t
0s
0r
1y
1c
0i
#20094420466
0t
0s
0r
1y
1c
0i
#20094421460
1t
0s
0r
1y
1c
0i
#20094422411
0t
0s
0r
1y
1c
0i
#20094424804
1t
0s
0r
1y
1c
0i
#20094426307
0t
0s
0r
1y
1c
0i
#20094427290
1t
0s
0r
1y
1c
0i
#20094428244
0t
0s
0r
1y
1c
0i
#20094429230
1t
0s
0r
1y
1c
0i
#20094430181
0t
0s
0r
1y
1c
0i
#20094431171
1t
0s
0r
1y
1c
0i
#20094432123
0t
0s
0r
1y
1c
0i
#20094433117
1t
0s
0r
1y
1c
0i
#20094434071
0t
0s
0r
1y
1c
0i
#20094435064
1t
0s
0r
1y
1c
0i
#20094436017
0t
0s
0r
1y
1c
0i
#20094437014
1t
0s
0r
1y
1c
0i
#20094437977
0t
0s
0r
1y
1c
1i
#20094438977
1t
0s
0r
1y
0c
1i
#20094439270
1t
0s
1r
1y
0c
1i
#20094439272
1t
0s
0r
1y
0c
1i
#20094439940
0t
0s
0r
1y
0c
1i
#20094440944
1t
0s
0r
1y
0c
0i
#20094441913
0t
0s
0r
1y
0c
0i
#20094442919
1t
0s
0r
1y
0c
0i
#20094443888
0t
0s
0r
1y
0c
0i
#20094444891
1t
0s
0r
1y
0c
0i
#20094445858
0t
0s
0r
1y
0c
0i
#20094446860
1t
0s
0r
1y
0c
0i
#20094447827
0t
0s
0r
1y
0c
0i
#20094448831
1t
0s
0r
1y
0c
0i
#20094449797
0t
0s
0r
1y
0c
0i
#20094450798
1t
0s
0r
1y
0c
0i
#20094451762
0t
0s
0r
1y
0c
0i
#20094452761
1t
0s
0r
1y
0c
0i
#20094453726
0t
0s
0r
1y
0c
0i
#20094454725
1t
0s
0r
1y
0c
0i
#20094455687
0t
0s
0r
1y
0c
0i
#20094456682
1t
0s
0r
1y
0c
0i
#20094457638
0t
0s
0r
1y
0c
0i
#20094458634
1t
0s
0r
1y
0c
0i
#20094459592
0t
0s
0r
1y
0c
0i
#20094460586
1t
0s
0r
1y
0c
0i
#20094461541
0t
0s
0r
1y
0c
0i
#20094462534
1t
0s
0r
1y
0c
0i
#20094463488
0t
0s
0r
1y
0c
0i
#20094464484
1t
0s
0r
1y
0c
0i
#20094465440
0t
0s
0r
1y
0c
0i
#20094466436
1t
0s
0r
1y
0c
0i
#20094467388
0t
0s
0r
1y
0c
0i
#20094468386
1t
0s
0r
1y
0c
0i
#20094469342
0t
0s
0r
1y
0c
0i
#20094470347
1t
0s
0r
1y
0c
0i
#20094471304
0t
0s
0r
1y
0c
0i
#20094472309
1t
0s
0r
1y
0c
0i
#20094473269
0t
0s
0r
1y
0c
1i
#20094474277
1t
0s
0r
1y
1c
1i
#20094475243
0t
0s
0r
1y
1c
1i
#20094476259
1t
0s
0r
1y
1c
0i
#20094477228
0t
0s
0r
1y
1c
0i
#20094478241
1t
0s
0r
1y
1c
0i
#20094479207
0t
0s
0r
1y
1c
0i
#20094480222
1t
0s
0r
1y
1c
0i
#20094481192
0t
0s
0r
1y
1c
0i
#20094482204
1t
0s
0r
1y
1c
0i
#20094483171
0t
0s
0r
1y
1c
0i
#20094484182
1t
0s
0r
1y
1c
0i
#20094485148
0t
0s
0r
1y
1c
0i
#20094486160
1t
0s
0r
1y
1c
0i
#20094487129
0t
0s
0r
1y
1c
0i
#20094488138
1t
0s
0r
1y
1c
0i
#20094489104
0t
0s
0r
1y
1c
0i
#20094490108
1t
0s
0r
1y
1c
0i
#20094491075
0t
0s
0r
1y
1c
0i
#20094492080
1t
0s
0r
1y
1c
0i
#20094493042
0t
0s
0r
1y
1c
0i
#20094495463
1t
0s
0r
1y
1c
0i
#20094496979
0t
0s
0r
1y
1c
0i
#20094497974
1t
0s
0r
1y
1c
0i
#20094498938
0t
0s
0r
1y
1c
0i
#20094499937
1t
0s
0r
1y
1c
0i
#20094500897
0t
0s
0r
1y
1c
0i
#20094501899
1t
0s
0r
1y
1c
0i
#20094502862
0t
0s
0r
1y
1c
0i
#20094503867
1t
0s
0r
1y
1c
0i
#20094504831
0t
0s
0r
1y
1c
0i
#20094505836
1t
0s
0r
1y
1c
0i
#20094506800
0t
0s
0r
1y
0c
0i
#20094507808
1t
0s
0r
1y
0c
0i
#20094508782
0t
0s
0r
1y
0c
1i
#20094509791
1t
0s
0r
1y
0c
1i
#20094510764
0t
0s
0r
1y
0c
1i
#20094511775
1t
0s
0r
1y
0c
0i
#20094512752
0t
0s
0r
1y
0c
0i
#20094513767
1t
0s
0r
1y
0c
0i
#20094514743
0t
0s
0r
1y
0c
0i
#20094515751
1t
0s
0r
1y
0c
0i
#20094516721
0t
0s
0r
1y
0c
0i
#20094517720
1t
0s
0r
1y
0c
0i
#20094518683
0t
0s
0r
1y
0c
0i
#20094519676
1t
0s
0r
1y
0c
0i
#20094520631
0t
0s
0r
1y
0c
0i
#20094521615
1t
0s
0r
1y
0c
0i
#20094522560
0t
0s
0r
1y
0c
0i
#20094523539
1t
0s
0r
1y
0c
0i
#20094524484
0t
0s
0r
1y
0c
0i
#20094525460
1t
0s
0r
1y
0c
0i
#20094526405
0t
0s
0r
1y
0c
0i
#20094527381
1t
0s
0r
1y
0c
0i
#20094528323
0t
0s
0r
1y
0c
0i
#20094529301
1t
0s
0r
1y
0c
0i
#20094530245
0t
0s
0r
1y
0c
0i
#20094531227
1t
0s
0r
1y
0c
0i
#20094532172
0t
0s
0r
1y
0c
0i
#20094533153
1t
0s
0r
1y
0c
0i
#20094534096
0t
0s
0r
1y
0c
0i
#20094535080
1t
0s
0r
1y
0c
0i
#20094536026
0t
0s
0r
1y
0c
0i
#20094537011
1t
0s
0r
1y
0c
0i
#20094537953
0t
0s
0r
1y
0c
0i
#20094538939
1t
0s
0r
1y
0c
0i
#20094539884
0t
0s
0r
1y
0c
0i
#20094540874
1t
0s
0r
1y
0c
0i
#20094541820
0t
0s
0r
1y
0c
0i
#20094542810
1t
0s
0r
1y
0c
0i
#20094543756
0t
0s
0r
1y
1c
1i
#20094544750
1t
0s
0r
1y
1c
1i
#20094545702
0t
0s
0r
1y
1c
1i
#20094546699
1t
0s
0r
1y
1c
0i
#20094547653
0t
0s
0r
1y
1c
0i
#20094548651
1t
0s
0r
1y
1c
0i
#20094549603
0t
0s
0r
1y
1c
0i
#20094550599
1t
0s
0r
1y
1c
0i
#20094551552
0t
0s
0r
1y
1c
0i
#20094552549
1t
0s
0r
1y
1c
0i
#20094553501
0t
0s
0r
1y
1c
0i
#20094554494
1t
0s
0r
1y
1c
0i
#20094555445
0t
0s
0r
1y
1c
0i
#20094556438
1t
0s
0r
1y
1c
0i
#20094557388
0t
0s
0r
1y
1c
0i
#20094558379
1t
0s
0r
1y
1c
0i
#20094559329
0t
0s
0r
1y
1c
0i
#20094560314
1t
0s
0r
1y
1c
0i
#20094561259
0t
0s
0r
1y
1c
0i
#20094562243
1t
0s
0r
1y
1c
0i
#20094563185
0t
0s
0r
1y
1c
0i
#20094565554
1t
0s
0r
1y
1c
0i
#20094567042
0t
0s
0r
1y
1c
0i
#20094568011
1t
0s
0r
1y
1c
0i
#20094568956
0t
0s
0r
1y
1c
0i
#20094569935
1t
0s
0r
1y
1c
0i
#20094570878
0t
0s
0r
1y
1c
0i
#20094571854
1t
0s
0r
1y
1c
0i
#20094572797
0t
0s
0r
1y
1c
0i
#20094573778
1t
0s
0r
1y
1c
0i
#20094574722
0t
0s
0r
1y
1c
0i
#20094575704
1t
0s
0r
1y
0c
0i
#20094576649
0t
0s
0r
1y
0c
0i
#20094577633
1t
0s
0r
1y
0c
0i
#20094578583
0t
0s
0r
1y
0c
1i
#20094579574
1t
0s
0r
1y
0c
1i
#20094580223
1t
0s
1r
1y
0c
1i
#20094580225
1t
0s
0r
1y
0c
1i
#20094580529
0t
0s
0r
1y
0c
1i
#20094581520
1t
0s
0r
1y
0c
0i
#20094582476
0t
0s
0r
1y
0c
0i
#20094583469
1t
0s
0r
1y
0c
0i
#20094584428
0t
0s
0r
1y
0c
0i
#20094585421
1t
0s
0r
1y
0c
0i
#20094586375
0t
0s
0r
1y
0c
0i
#20094587358
1t
0s
0r
1y
0c
0i
#20094588301
0t
0s
0r
1y
0c
0i
#20094589275
1t
0s
0r
1y
0c
0i
#20094590211
0t
0s
0r
1y
0c
0i
#20094591177
1t
0s
0r
1y
0c
0i
#20094592106
0t
0s
0r
1y
0c
0i
#20094593064
1t
0s
0r
1y
0c
0i
#20094593990
0t
0s
0r
1y
0c
0i
#20094594943
1t
0s
0r
1y
0c
0i
#20094595867
0t
0s
0r
1y
0c
0i
#20094596824
1t
0s
0r
1y
0c
0i
#20094597749
0t
0s
0r
1y
0c
0i
#20094598705
1t
0s
0r
1y
0c
0i
#20094599627
0t
0s
0r
1y
0c
0i
#20094600585
1t
0s
0r
1y
0c
0i
#20094601511
0t
0s
0r
1y
0c
0i
#20094602473
1t
0s
0r
1y
0c
0i
#20094603398
0t
0s
0r
1y
0c
0i
#20094604359
1t
0s
0r
1y
0c
0i
#20094605283
0t
0s
0r
1y
0c
0i
#20094606247
1t
0s
0r
1y
0c
0i
#20094607173
0t
0s
0r
1y
0c
0i
#20094608140
1t
0s
0r
1y
0c
0i
#20094609066
0t
0s
0r
1y
0c
0i
#20094610031
1t
0s
0r
1y
0c
0i
#20094610960
0t
0s
0r
1y
0c
0i
#20094611932
1t
0s
0r
1y
0c
0i
#20094612862
0t
0s
0r
1y
1c
1i
#20094613835
1t
0s
0r
1y
1c
1i
#20094614768
0t
0s
0r
1y
1c
1i
#20094615743
1t
0s
0r
1y
1c
0i
#20094616679
0t
0s
0r
1y
1c
0i
#20094617658
1t
0s
0r
1y
1c
0i
#20094618595
0t
0s
0r
1y
1c
0i
#20094619571
1t
0s
0r
1y
1c
0i
#20094620507
0t
0s
0r
1y
1c
0i
#20094621482
1t
0s
0r
1y
1c
0i
#20094622418
0t
0s
0r
1y
1c
0i
#20094623395
1t
0s
0r
1y
1c
0i
#20094624332
0t
0s
0r
1y
1c
0i
#20094625309
1t
0s
0r
1y
1c
0i
#20094626246
0t
0s
0r
1y
1c
0i
#20094627218
1t
0s
0r
1y
1c
0i
#20094628155
0t
0s
0r
1y
1c
0i
#20094629129
1t
0s
0r
1y
1c
0i
#20094630067
0t
0s
0r
1y
1c
0i
#20094631039
1t
0s
0r
1y
1c
0i
#20094631972
0t
0s
0r
1y
1c
0i
#20094634303
1t
0s
0r
1y
1c
0i
#20094635794
0t
0s
0r
1y
1c
0i
#20094636753
1t
0s
0r
1y
1c
0i
#20094637688
0t
0s
0r
1y
1c
0i
#20094638656
1t
0s
0r
1y
1c
0i
#20094639591
0t
0s
0r
1y
1c
0i
#20094640563
1t
0s
0r
1y
1c
0i
#20094641498
0t
0s
0r
1y
1c
0i
#20094642468
1t
0s
0r
1y
1c
0i
#20094643402
0t
0s
0r
1y
1c
0i
#20094644375
1t
0s
0r
1y
1c
0i
#20094645314
0t
0s
0r
1y
1c
0i
#20094646293
1t
0s
0r
1y
1c
0i
#20094647237
0t
0s
0r
1y
0c
1i
#20094648214
1t
0s
0r
1y
0c
1i
#20094649159
0t
0s
0r
1y
0c
1i
#20094650140
1t
0s
0r
1y
0c
0i
#20094651089
0t
0s
0r
1y
0c
0i
#20094652072
1t
0s
0r
1y
0c
0i
#20094653020
0t
0s
0r
1y
0c
0i
#20094654001
1t
0s
0r
1y
0c
0i
#20094654948
0t
0s
0r
1y
0c
0i
#20094655931
1t
0s
0r
1y
0c
0i
#20094656879
0t
0s
0r
1y
0c
0i
#20094657858
1t
0s
0r
1y
0c
0i
#20094658804
0t
0s
0r
1y
0c
0i
#20094659782
1t
0s
0r
1y
0c
0i
#20094660728
0t
0s
0r
1y
0c
0i
#20094661708
1t
0s
0r
1y
0c
0i
#20094662653
0t
0s
0r
1y
0c
0i
#20094663629
1t
0s
0r
1y
0c
0i
#20094664570
0t
0s
0r
1y
0c
0i
#20094665545
1t
0s
0r
1y
0c
0i
#20094666487
0t
0s
0r
1y
0c
0i
#20094667466
1t
0s
0r
1y
0c
0i
#20094668405
0t
0s
0r
1y
0c
0i
#20094669379
1t
0s
0r
1y
0c
0i
#20094670317
0t
0s
0r
1y
0c
0i
#20094671292
1t
0s
0r
1y
0c
0i
#20094672231
0t
0s
0r
1y
0c
0i
#20094673208
1t
0s
0r
1y
0c
0i
#20094674147
0t
0s
0r
1y
0c
0i
#20094675125
1t
0s
0r
1y
0c
0i
#20094676059
0t
0s
0r
1y
0c
0i
#20094677038
1t
0s
0r
1y
0c
0i
#20094677977
0t
0s
0r
1y
0c
0i
#20094678959
1t
0s
0r
1y
0c
0i
#20094679898
0t
0s
0r
1y
0c
0i
#20094680880
1t
0s
0r
1y
0c
0i
#20094681823
0t
0s
0r
1y
1c
1i
#20094682810
1t
0s
0r
1y
1c
1i
#20094683758
0t
0s
0r
1y
1c
1i
#20094684748
1t
0s
0r
1y
1c
0i
#20094685696
0t
0s
0r
1y
1c
0i
#20094686685
1t
0s
0r
1y
1c
0i
#20094687634
0t
0s
0r
1y
1c
0i
#20094688626
1t
0s
0r
1y
1c
0i
#20094689574
0t
0s
0r
1y
1c
0i
#20094690564
1t
0s
0r
1y
1c
0i
#20094691512
0t
0s
0r
1y
1c
0i
#20094692500
1t
0s
0r
1y
1c
0i
#20094693448
0t
0s
0r
1y
1c
0i
#20094694440
1t
0s
0r
1y
1c
0i
#20094695391
0t
0s
0r
1y
1c
0i
#20094696381
1t
0s
0r
1y
1c
0i
#20094697331
0t
0s
0r
1y
1c
0i
#20094698320
1t
0s
0r
1y
1c
0i
#20094699272
0t
0s
0r
1y
1c
0i
#20094700263
1t
0s
0r
1y
1c
0i
#20094701213
0t
0s
0r
1y
1c
0i
#20094703599
1t
0s
0r
1y
1c
0i
#20094705102
0t
0s
0r
1y
1c
0i
#20094706083
1t
0s
0r
1y
1c
0i
#20094707036
0t
0s
0r
1y
1c
0i
#20094708021
1t
0s
0r
1y
1c
0i
#20094708969
0t
0s
0r
1y
1c
0i
#20094709956
1t
0s
0r
1y
1c
0i
#20094710906
0t
0s
0r
1y
1c
0i
#20094711896
1t
0s
0r
1y
1c
0i
#20094712847
0t
0s
0r
1y
1c
0i
#20094713835
1t
0s
0r
1y
1c
0i
#20094714785
0t
0s
0r
1y
1c
0i
#20094715777
1t
0s
0r
1y
1c
0i
#20094716736
0t
0s
0r
1y
0c
1i
#20094717732
1t
0s
0r
1y
0c
1i
#20094717989
1t
0s
1r
1y
0c
1i
#20094717991
1t
0s
0r
1y
0c
1i
#20094718693
0t
0s
0r
1y
0c
1i
#20094719692
1t
0s
0r
1y
0c
0i
#20094720655
0t
0s
0r
1y
0c
0i
#20094721655
1t
0s
0r
1y
0c
0i
#20094722621
0t
0s
0r
1y
0c
0i
#20094723624
1t
0s
0r
1y
0c
0i
#20094724588
0t
0s
0r
1y
0c
0i
#20094725586
1t
0s
0r
1y
0c
0i
#20094726550
0t
0s
0r
1y
0c
0i
#20094727551
1t
0s
0r
1y
0c
0i
#20094728515
0t
0s
0r
1y
0c
0i
#20094729517
1t
0s
0r
1y
0c
0i
#20094730482
0t
0s
0r
1y
0c
0i
#20094731480
1t
0s
0r
1y
0c
0i
#20094732445
0t
0s
0r
1y
0c
0i
#20094733445
1t
0s
0r
1y
0c
0i
#20094734409
0t
0s
0r
1y
0c
0i
#20094735407
1t
0s
0r
1y
0c
0i
#20094736366
0t
0s
0r
1y
0c
0i
#20094737364
1t
0s
0r
1y
0c
0i
#20094738325
0t
0s
0r
1y
0c
0i
#20094739324
1t
0s
0r
1y
0c
0i
#20094740282
0t
0s
0r
1y
0c
0i
#20094741280
1t
0s
0r
1y
0c
0i
#20094742236
0t
0s
0r
1y
0c
0i
#20094743233
1t
0s
0r
1y
0c
0i
#20094744191
0t
0s
0r
1y
0c
0i
#20094745193
1t
0s
0r
1y
0c
0i
#20094746149
0t
0s
0r
1y
0c
0i
#20094747148
1t
0s
0r
1y
0c
0i
#20094748105
0t
0s
0r
1y
0c
0i
#20094749112
1t
0s
0r
1y
0c
0i
#20094750070
0t
0s
0r
1y
0c
0i
#20094751076
1t
0s
0r
1y
0c
0i
#20094752036
0t
0s
0r
1y
0c
1i
#20094753047
1t
0s
0r
1y
1c
1i
#20094754014
0t
0s
0r
1y
1c
1i
#20094755029
1t
0s
0r
1y
1c
0i
#20094755998
0t
0s
0r
1y
1c
0i
#20094757012
1t
0s
0r
1y
1c
0i
#20094757978
0t
0s
0r
1y
1c
0i
#20094758992
1t
0s
0r
1y
1c
0i
#20094759960
0t
0s
0r
1y
1c
0i
#20094760973
1t
0s
0r
1y
1c
0i
#20094761941
0t
0s
0r
1y
1c
0i
#20094762952
1t
0s
0r
1y
1c
0i
#20094763918
0t
0s
0r
1y
1c
0i
#20094764928
1t
0s
0r
1y
1c
0i
#20094765895
0t
0s
0r
1y
1c
0i
#20094766907
1t
0s
0r
1y
1c
0i
#20094767874
0t
0s
0r
1y
1c
0i
#20094768882
1t
0s
0r
1y
1c
0i
#20094769847
0t
0s
0r
1y
1c
0i
#20094770854
1t
0s
0r
1y
1c
0i
#20094771817
0t
0s
0r
1y
1c
0i
#20094774242
1t
0s
0r
1y
1c
0i
#20094775764
0t
0s
0r
1y
1c
0i
#20094776757
1t
0s
0r
1y
1c
0i
#20094777724
0t
0s
0r
1y
1c
0i
#20094778726
1t
0s
0r
1y
1c
0i
#20094779691
0t
0s
0r
1y
1c
0i
#20094780693
1t
0s
0r
1y
1c
0i
#20094781655
0t
0s
0r
1y
1c
0i
#20094782660
1t
0s
0r
1y
1c
0i
#20094783627
0t
0s
0r
1y
1c
0i
#20094784635
1t
0s
0r
1y
1c
0i
#20094785601
0t
0s
0r
1y
0c
0i
#20094786609
1t
0s
0r
1y
0c
0i
#20094787585
0t
0s
0r
1y
0c
1i
#20094788600
1t
0s
0r
1y
0c
1i
#20094789577
0t
0s
0r
1y
0c
1i
#20094790591
1t
0s
0r
1y
0c
0i
#20094791569
0t
0s
0r
1y
0c
0i
#20094792586
1t
0s
0r
1y
0c
0i
#20094793566
0t
0s
0r
1y
0c
0i
#20094794582
1t
0s
0r
1y
0c
0i
#20094795560
0t
0s
0r
1y
0c
0i
#20094796568
1t
0s
0r
1y
0c
0i
#20094797536
0t
0s
0r
1y
0c
0i
#20094798537
1t
0s
0r
1y
0c
0i
#20094799501
0t
0s
0r
1y
0c
0i
#20094800496
1t
0s
0r
1y
0c
0i
#20094801451
0t
0s
0r
1y
0c
0i
#20094802439
1t
0s
0r
1y
0c
0i
#20094803390
0t
0s
0r
1y
0c
0i
#20094804373
1t
0s
0r
1y
0c
0i
#20094805323
0t
0s
0r
1y
0c
0i
#20094806310
1t
0s
0r
1y
0c
0i
#20094807259
0t
0s
0r
1y
0c
0i
#20094808244
1t
0s
0r
1y
0c
0i
#20094809192
0t
0s
0r
1y
0c
0i
#20094810179
1t
0s
0r
1y
0c
0i
#20094811129
0t
0s
0r
1y
0c
0i
#20094812120
1t
0s
0r
1y
0c
0i
#20094813070
0t
0s
0r
1y
0c
0i
#20094814060
1t
0s
0r
1y
0c
0i
#20094815011
0t
0s
0r
1y
0c
0i
#20094816006
1t
0s
0r
1y
0c
0i
#20094816958
0t
0s
0r
1y
0c
0i
#20094817950
1t
0s
0r
1y
0c
0i
#20094818899
0t
0s
0r
1y
0c
0i
#20094819896
1t
0s
0r
1y
0c
0i
#20094820850
0t
0s
0r
1y
0c
0i
#20094821848
1t
0s
0r
1y
0c
0i
#20094822802
0t
0s
0r
1y
1c
1i
#20094823803
1t
0s
0r
1y
1c
1i
#20094824762
0t
0s
0r
1y
1c
1i
#20094825768
1t
0s
0r
1y
1c
0i
#20094826731
0t
0s
0r
1y
1c
0i
#20094827736
1t
0s
0r
1y
1c
0i
#20094828697
0t
0s
0r
1y
1c
0i
#20094829701
1t
0s
0r
1y
1c
0i
#20094830663
0t
0s
0r
1y
1c
0i
#20094831668
1t
0s
0r
1y
1c
0i
#20094832629
0t
0s
0r
1y
1c
0i
#20094833634
1t
0s
0r
1y
1c
0i
#20094834594
0t
0s
0r
1y
1c
0i
#20094835599
1t
0s
0r
1y
1c
0i
#20094836560
0t
0s
0r
1y
1c
0i
#20094837566
1t
0s
0r
1y
1c
0i
#20094838529
0t
0s
0r
1y
1c
0i
#20094839531
1t
0s
0r
1y
1c
0i
#20094840491
0t
0s
0r
1y
1c
0i
#20094841492
1t
0s
0r
1y
1c
0i
#20094842449
0t
0s
0r
1y
1c
0i
#20094844864
1t
0s
0r
1y
1c
0i
#20094846371
0t
0s
0r
1y
1c
0i
#20094847356
1t
0s
0r
1y
1c
0i
#20094848317
0t
0s
0r
1y
1c
0i
#20094849310
1t
0s
0r
1y
1c
0i
#20094850265
0t
0s
0r
1y
1c
0i
#20094851258
1t
0s
0r
1y
1c
0i
#20094852214
0t
0s
0r
1y
1c
0i
#20094853211
1t
0s
0r
1y
1c
0i
#20094854169
0t
0s
0r
1y
1c
0i
#20094855166
1t
0s
0r
1y
0c
0i
#20094856126
0t
0s
0r
1y
0c
0i
#20094857125
1t
0s
0r
1y
0c
0i
#20094858091
0t
0s
0r
1y
0c
1i
#20094859099
1t
0s
0r
1y
0c
1i
#20094859586
1t
0s
1r
1y
0c
1i
#20094859589
1t
0s
0r
1y
0c
1i
#20094860068
0t
0s
0r
1y
0c
1i
#20094861078
1t
0s
0r
1y
0c
0i
#20094862048
0t
0s
0r
1y
0c
0i
#20094863060
1t
0s
0r
1y
0c
0i
#20094864035
0t
0s
0r
1y
0c
0i
#20094865044
1t
0s
0r
1y
0c
0i
#20094866014
0t
0s
0r
1y
0c
0i
#20094867013
1t
0s
0r
1y
0c
0i
#20094867971
0t
0s
0r
1y
0c
0i
#20094868959
1t
0s
0r
1y
0c
0i
#20094869908
0t
0s
0r
1y
0c
0i
#20094870890
1t
0s
0r
1y
0c
0i
#20094871832
0t
0s
0r
1y
0c
0i
#20094872803
1t
0s
0r
1y
0c
0i
#20094873741
0t
0s
0r
1y
0c
0i
#20094874710
1t
0s
0r
1y
0c
0i
#20094875648
0t
0s
0r
1y
0c
0i
#20094876620
1t
0s
0r
1y
0c
0i
#20094877557
0t
0s
0r
1y
0c
0i
#20094878529
1t
0s
0r
1y
0c
0i
#20094879464
0t
0s
0r
1y
0c
0i
#20094880437
1t
0s
0r
1y
0c
0i
#20094881377
0t
0s
0r
1y
0c
0i
#20094882355
1t
0s
0r
1y
0c
0i
#20094883294
0t
0s
0r
1y
0c
0i
#20094884270
1t
0s
0r
1y
0c
0i
#20094885211
0t
0s
0r
1y
0c
0i
#20094886194
1t
0s
0r
1y
0c
0i
#20094887134
0t
0s
0r
1y
0c
0i
#20094888116
1t
0s
0r
1y
0c
0i
#20094889055
0t
0s
0r
1y
0c
0i
#20094890040
1t
0s
0r
1y
0c
0i
#20094890984
0t
0s
0r
1y
0c
0i
#20094891974
1t
0s
0r
1y
0c
0i
#20094892921
0t
0s
0r
1y
1c
1i
#20094893910
1t
0s
0r
1y
1c
1i
#20094894860
0t
0s
0r
1y
1c
1i
#20094895856
1t
0s
0r
1y
1c
0i
#20094896810
0t
0s
0r
1y
1c
0i
#20094897806
1t
0s
0r
1y
1c
0i
#20094898758
0t
0s
0r
1y
1c
0i
#20094899753
1t
0s
0r
1y
1c
0i
#20094900705
0t
0s
0r
1y
1c
0i
#20094901701
1t
0s
0r
1y
1c
0i
#20094902653
0t
0s
0r
1y
1c
0i
#20094903646
1t
0s
0r
1y
1c
0i
#20094904596
0t
0s
0r
1y
1c
0i
#20094905587
1t
0s
0r
1y
1c
0i
#20094906537
0t
0s
0r
1y
1c
0i
#20094907527
1t
0s
0r
1y
1c
0i
#20094908476
0t
0s
0r
1y
1c
0i
#20094909461
1t
0s
0r
1y
1c
0i
#20094910406
0t
0s
0r
1y
1c
0i
#20094911389
1t
0s
0r
1y
1c
0i
#20094912333
0t
0s
0r
1y
1c
0i
#20094914707
1t
0s
0r
1y
1c
0i
#20094916191
0t
0s
0r
1y
1c
0i
#20094917161
1t
0s
0r
1y
1c
0i
#20094918107
0t
0s
0r
1y
1c
0i
#20094919086
1t
0s
0r
1y
1c
0i
#20094920031
0t
0s
0r
1y
1c
0i
#20094921010
1t
0s
0r
1y
1c
0i
#20094921951
0t
0s
0r
1y
1c
0i
#20094922933
1t
0s
0r
1y
1c
0i
#20094923878
0t
0s
0r
1y
1c
0i
#20094924864
1t
0s
0r
1y
1c
0i
#20094925811
0t
0s
0r
1y
1c
0i
#20094926798
1t
0s
0r
1y
1c
0i
#20094927750
0t
0s
0r
1y
0c
1i
#20094928739
1t
0s
0r
1y
0c
1i
#20094929696
0t
0s
0r
1y
0c
1i
#20094930691
1t
0s
0r
1y
0c
0i
#20094931651
0t
0s
0r
1y
0c
0i
#20094932644
1t
0s
0r
1y
0c
0i
#20094933603
0t
0s
0r
1y
0c
0i
#20094934598
1t
0s
0r
1y
0c
0i
#20094935557
0t
0s
0r
1y
0c
0i
#20094936553
1t
0s
0r
1y
0c
0i
#20094937512
0t
0s
0r
1y
0c
0i
#20094938504
1t
0s
0r
1y
0c
0i
#20094939461
0t
0s
0r
1y
0c
0i
#20094940454
1t
0s
0r
1y
0c
0i
#20094941412
0t
0s
0r
1y
0c
0i
#20094942401
1t
0s
0r
1y
0c
0i
#20094943356
0t
0s
0r
1y
0c
0i
#20094944341
1t
0s
0r
1y
0c
0i
#20094945293
0t
0s
0r
1y
0c
0i
#20094946280
1t
0s
0r
1y
0c
0i
#20094947231
0t
0s
0r
1y
0c
0i
#20094948216
1t
0s
0r
1y
0c
0i
#20094949164
0t
0s
0r
1y
0c
0i
#20094950148
1t
0s
0r
1y
0c
0i
#20094951096
0t
0s
0r
1y
0c
0i
#20094952085
1t
0s
0r
1y
0c
0i
#20094953032
0t
0s
0r
1y
0c
0i
#20094954018
1t
0s
0r
1y
0c
0i
#20094954964
0t
0s
0r
1y
0c
0i
#20094955953
1t
0s
0r
1y
0c
0i
#20094956900
0t
0s
0r
1y
0c
0i
#20094957891
1t
0s
0r
1y
0c
0i
#20094958840
0t
0s
0r
1y
0c
0i
#20094959833
1t
0s
0r
1y
0c
0i
#20094960779
0t
0s
0r
1y
0c
0i
#20094961776
1t
0s
0r
1y
0c
0i
#20094962729
0t
0s
0r
1y
1c
1i
#20094963729
1t
0s
0r
1y
1c
1i
#20094964686
0t
0s
0r
1y
1c
1i
#20094965687
1t
0s
0r
1y
1c
0i
#20094966645
0t
0s
0r
1y
1c
0i
#20094967648
1t
0s
0r
1y
1c
0i
#20094968607
0t
0s
0r
1y
1c
0i
#20094969611
1t
0s
0r
1y
1c
0i
#20094970568
0t
0s
0r
1y
1c
0i
#20094971567
1t
0s
0r
1y
1c
0i
#20094972523
0t
0s
0r
1y
1c
0i
#20094973523
1t
0s
0r
1y
1c
0i
#20094974478
0t
0s
0r
1y
1c
0i
#20094975477
1t
0s
0r
1y
1c
0i
#20094976432
0t
0s
0r
1y
1c
0i
#20094977425
1t
0s
0r
1y
1c
0i
#20094978375
0t
0s
0r
1y
1c
0i
#20094979366
1t
0s
0r
1y
1c
0i
#20094980318
0t
0s
0r
1y
1c
0i
#20094981309
1t
0s
0r
1y
1c
0i
#20094982256
0t
0s
0r
1y
1c
0i
#20094984637
1t
0s
0r
1y
1c
0i
#20094986138
0t
0s
0r
1y
1c
0i
#20094987117
1t
0s
0r
1y
1c
0i
#20094988069
0t
0s
0r
1y
1c
0i
#20094989052
1t
0s
0r
1y
1c
0i
#20094990002
0t
0s
0r
1y
1c
0i
#20094990991
1t
0s
0r
1y
1c
0i
#20094991941
0t
0s
0r
1y
1c
0i
#20094992928
1t
0s
0r
1y
1c
0i
#20094993878
0t
0s
0r
1y
1c
0i
#20094994868
1t
0s
0r
1y
1c
0i
#20094995820
0t
0s
0r
1y
1c
0i
#20094996815
1t
0s
0r
1y
1c
0i
#20094997773
0t
0s
0r
1y
0c
1i
#20094998769
1t
0s
0r
1y
0c
1i
#20094999206
1t
0s
1r
1y
0c
1i
#20094999209
1t
0s
0r
1y
0c
1i
#20094999729
0t
0s
0r
1y
0c
1i
#20095000729
1t
0s
0r
1y
0c
0i
#20095001694
0t
0s
0r
1y
0c
0i
#20095002695
1t
0s
0r
1y
0c
0i
#20095003661
0t
0s
0r
1y
0c
0i
#20095004662
1t
0s
0r
1y
0c
0i
#20095005624
0t
0s
0r
1y
0c
0i
#20095006623
1t
0s
0r
1y
0c
0i
#20095007587
0t
0s
0r
1y
0c
0i
#20095008587
1t
0s
0r
1y
0c
0i
#20095009549
0t
0s
0r
1y
0c
0i
#20095010546
1t
0s
0r
1y
0c
0i
#20095011506
0t
0s
0r
1y
0c
0i
#20095012501
1t
0s
0r
1y
0c
0i
#20095013461
0t
0s
0r
1y
0c
0i
#20095014455
1t
0s
0r
1y
0c
0i
#20095015412
0t
0s
0r
1y
0c
0i
#20095016402
1t
0s
0r
1y
0c
0i
#20095017353
0t
0s
0r
1y
0c
0i
#20095018345
1t
0s
0r
1y
0c
0i
#20095019297
0t
0s
0r
1y
0c
0i
#20095020287
1t
0s
0r
1y
0c
0i
#20095021238
0t
0s
0r
1y
0c
0i
#20095022227
1t
0s
0r
1y
0c
0i
#20095023177
0t
0s
0r
1y
0c
0i
#20095024168
1t
0s
0r
1y
0c
0i
#20095025120
0t
0s
0r
1y
0c
0i
#20095026112
1t
0s
0r
1y
0c
0i
#20095027061
0t
0s
0r
1y
0c
0i
#20095028054
1t
0s
0r
1y
0c
0i
#20095029007
0t
0s
0r
1y
0c
0i
#20095030008
1t
0s
0r
1y
0c
0i
#20095030961
0t
0s
0r
1y
0c
0i
#20095031961
1t
0s
0r
1y
0c
0i
#20095032919
0t
0s
0r
1y
1c
1i
#20095033923
1t
0s
0r
1y
1c
1i
#20095034886
0t
0s
0r
1y
1c
1i
#20095035898
1t
0s
0r
1y
1c
0i
#20095036863
0t
0s
0r
1y
1c
0i
#20095037873
1t
0s
0r
1y
1c
0i
#20095038836
0t
0s
0r
1y
1c
0i
#20095039846
1t
0s
0r
1y
1c
0i
#20095040811
0t
0s
0r
1y
1c
0i
#20095041819
1t
0s
0r
1y
1c
0i
#20095042782
0t
0s
0r
1y
1c
0i
#20095043787
1t
0s
0r
1y
1c
0i
#20095044746
0t
0s
0r
1y
1c
0i
#20095045747
1t
0s
0r
1y
1c
0i
#20095046706
0t
0s
0r
1y
1c
0i
#20095047706
1t
0s
0r
1y
1c
0i
#20095048662
0t
0s
0r
1y
1c
0i
#20095049655
1t
0s
0r
1y
1c
0i
#20095050608
0t
0s
0r
1y
1c
0i
#20095051599
1t
0s
0r
1y
1c
0i
#20095052549
0t
0s
0r
1y
1c
0i
#20095054937
1t
0s
0r
1y
1c
0i
#20095056440
0t
0s
0r
1y
1c
0i
#20095057420
1t
0s
0r
1y
1c
0i
#20095058376
0t
0s
0r
1y
1c
0i
#20095059365
1t
0s
0r
1y
1c
0i
#20095060318
0t
0s
0r
1y
1c
0i
#20095061307
1t
0s
0r
1y
1c
0i
#20095062260
0t
0s
0r
1y
1c
0i
#20095063254
1t
0s
0r
1y
1c
0i
#20095064209
0t
0s
0r
1y
1c
0i
#20095065202
1t
0s
0r
1y
0c
0i
#20095066157
0t
0s
0r
1y
0c
0i
#20095067153
1t
0s
0r
1y
0c
0i
#20095068116
0t
0s
0r
1y
0c
1i
#20095069116
1t
0s
0r
1y
0c
1i
#20095070081
0t
0s
0r
1y
0c
1i
#20095071081
1t
0s
0r
1y
0c
0i
#20095072046
0t
0s
0r
1y
0c
0i
#20095073047
1t
0s
0r
1y
0c
0i
#20095074014
0t
0s
0r
1y
0c
0i
#20095075015
1t
0s
0r
1y
0c
0i
#20095075977
0t
0s
0r
1y
0c
0i
#20095076970
1t
0s
0r
1y
0c
0i
#20095077928
0t
0s
0r
1y
0c
0i
#20095078917
1t
0s
0r
1y
0c
0i
#20095079868
0t
0s
0r
1y
0c
0i
#20095080852
1t
0s
0r
1y
0c
0i
#20095081796
0t
0s
0r
1y
0c
0i
#20095082773
1t
0s
0r
1y
0c
0i
#20095083713
0t
0s
0r
1y
0c
0i
#20095084684
1t
0s
0r
1y
0c
0i
#20095085624
0t
0s
0r
1y
0c
0i
#20095086597
1t
0s
0r
1y
0c
0i
#20095087534
0t
0s
0r
1y
0c
0i
#20095088506
1t
0s
0r
1y
0c
0i
#20095089442
0t
0s
0r
1y
0c
0i
#20095090415
1t
0s
0r
1y
0c
0i
#20095091354
0t
0s
0r
1y
0c
0i
#20095092332
1t
0s
0r
1y
0c
0i
#20095093271
0t
0s
0r
1y
0c
0i
#20095094248
1t
0s
0r
1y
0c
0i
#20095095185
0t
0s
0r
1y
0c
0i
#20095096166
1t
0s
0r
1y
0c
0i
#20095097108
0t
0s
0r
1y
0c
0i
#20095098089
1t
0s
0r
1y
0c
0i
#20095099029
0t
0s
0r
1y
0c
0i
#20095100014
1t
0s
0r
1y
0c
0i
#20095100957
0t
0s
0r
1y
0c
0i
#20095101946
1t
0s
0r
1y
0c
0i
#20095102894
0t
0s
0r
1y
1c
1i
#20095103885
1t
0s
0r
1y
1c
1i
#20095104833
0t
0s
0r
1y
1c
1i
#20095105828
1t
0s
0r
1y
1c
0i
#20095106781
0t
0s
0r
1y
1c
0i
#20095107779
1t
0s
0r
1y
1c
0i
#20095108732
0t
0s
0r
1y
1c
0i
#20095109724
1t
0s
0r
1y
1c
0i
#20095110676
0t
0s
0r
1y
1c
0i
#20095111670
1t
0s
0r
1y
1c
0i
#20095112622
0t
0s
0r
1y
1c
0i
#20095113613
1t
0s
0r
1y
1c
0i
#20095114560
0t
0s
0r
1y
1c
0i
#20095115546
1t
0s
0r
1y
1c
0i
#20095116491
0t
0s
0r
1y
1c
0i
#20095117474
1t
0s
0r
1y
1c
0i
#20095118417
0t
0s
0r
1y
1c
0i
#20095119393
1t
0s
0r
1y
1c
0i
#20095120331
0t
0s
0r
1y
1c
0i
#20095121304
1t
0s
0r
1y
1c
0i
#20095122238
0t
0s
0r
1y
1c
0i
#20095124575
1t
0s
0r
1y
1c
0i
#20095126062
0t
0s
0r
1y
1c
0i
#20095127023
1t
0s
0r
1y
1c
0i
#20095127962
0t
0s
0r
1y
1c
0i
#20095128934
1t
0s
0r
1y
1c
0i
#20095129869
0t
0s
0r
1y
1c
0i
#20095130840
1t
0s
0r
1y
1c
0i
#20095131775
0t
0s
0r
1y
1c
0i
#20095132747
1t
0s
0r
1y
1c
0i
#20095133684
0t
0s
0r
1y
1c
0i
#20095134660
1t
0s
0r
1y
0c
0i
#20095135600
0t
0s
0r
1y
0c
0i
#20095136576
1t
0s
0r
1y
0c
0i
#20095137518
0t
0s
0r
1y
0c
1i
#20095138499
1t
0s
0r
1y
0c
1i
#20095139162
1t
0s
1r
1y
0c
1i
#20095139164
1t
0s
0r
1y
0c
1i
#20095139448
0t
0s
0r
1y
0c
1i
#20095140432
1t
0s
0r
1y
0c
0i
#20095141383
0t
0s
0r
1y
0c
0i
#20095142368
1t
0s
0r
1y
0c
0i
#20095143317
0t
0s
0r
1y
0c
0i
#20095144301
1t
0s
0r
1y
0c
0i
#20095145250
0t
0s
0r
1y
0c
0i
#20095146229
1t
0s
0r
1y
0c
0i
#20095147170
0t
0s
0r
1y
0c
0i
#20095148139
1t
0s
0r
1y
0c
0i
#20095149070
0t
0s
0r
1y
0c
0i
#20095150031
1t
0s
0r
1y
0c
0i
#20095150958
0t
0s
0r
1y
0c
0i
#20095151915
1t
0s
0r
1y
0c
0i
#20095152841
0t
0s
0r
1y
0c
0i
#20095153793
1t
0s
0r
1y
0c
0i
#20095154713
0t
0s
0r
1y
0c
0i
#20095155666
1t
0s
0r
1y
0c
0i
#20095156588
0t
0s
0r
1y
0c
0i
#20095157544
1t
0s
0r
1y
0c
0i
#20095158465
0t
0s
0r
1y
0c
0i
#20095159420
1t
0s
0r
1y
0c
0i
#20095160343
0t
0s
0r
1y
0c
0i
#20095161303
1t
0s
0r
1y
0c
0i
#20095162225
0t
0s
0r
1y
0c
0i
#20095163183
1t
0s
0r
1y
0c
0i
#20095164104
0t
0s
0r
1y
0c
0i
#20095165064
1t
0s
0r
1y
0c
0i
#20095165987
0t
0s
0r
1y
0c
0i
#20095166949
1t
0s
0r
1y
0c
0i
#20095167869
0t
0s
0r
1y
0c
0i
#20095168832
1t
0s
0r
1y
0c
0i
#20095169756
0t
0s
0r
1y
0c
0i
#20095170722
1t
0s
0r
1y
0c
0i
#20095171649
0t
0s
0r
1y
1c
1i
#20095172617
1t
0s
0r
1y
1c
1i
#20095173545
0t
0s
0r
1y
1c
1i
#20095174517
1t
0s
0r
1y
1c
0i
#20095175448
0t
0s
0r
1y
1c
0i
#20095176421
1t
0s
0r
1y
1c
0i
#20095177354
0t
0s
0r
1y
1c
0i
#20095178325
1t
0s
0r
1y
1c
0i
#20095179255
0t
0s
0r
1y
1c
0i
#20095180226
1t
0s
0r
1y
1c
0i
#20095181157
0t
0s
0r
1y
1c
0i
#20095182129
1t
0s
0r
1y
1c
0i
#20095183060
0t
0s
0r
1y
1c
0i
#20095184030
1t
0s
0r
1y
1c
0i
#20095184959
0t
0s
0r
1y
1c
0i
#20095185926
1t
0s
0r
1y
1c
0i
#20095186857
0t
0s
0r
1y
1c
0i
#20095187825
1t
0s
0r
1y
1c
0i
#20095188756
0t
0s
0r
1y
1c
0i
#20095189719
1t
0s
0r
1y
1c
0i
#20095190645
0t
0s
0r
1y
1c
0i
#20095192958
1t
0s
0r
1y
1c
0i
#20095194436
0t
0s
0r
1y
1c
0i
#20095195388
1t
0s
0r
1y
1c
0i
#20095196317
0t
0s
0r
1y
1c
0i
#20095197279
1t
0s
0r
1y
1c
0i
#20095198205
0t
0s
0r
1y
1c
0i
#20095199165
1t
0s
0r
1y
1c
0i
#20095200090
0t
0s
0r
1y
1c
0i
#20095201052
1t
0s
0r
1y
1c
0i
#20095201980
0t
0s
0r
1y
1c
0i
#20095202944
1t
0s
0r
1y
0c
0i
#20095203875
0t
0s
0r
1y
0c
0i
#20095204840
1t
0s
0r
1y
0c
0i
#20095205773
0t
0s
0r
1y
0c
1i
#20095206740
1t
0s
0r
1y
0c
1i
#20095207678
0t
0s
0r
1y
0c
1i
#20095208652
1t
0s
0r
1y
0c
0i
#20095209591
0t
0s
0r
1y
0c
0i
#20095210562
1t
0s
0r
1y
0c
0i
#20095211500
0t
0s
0r
1y
0c
0i
#20095212468
1t
0s
0r
1y
0c
0i
#20095213404
0t
0s
0r
1y
0c
0i
#20095214367
1t
0s
0r
1y
0c
0i
#20095215297
0t
0s
0r
1y
0c
0i
#20095216251
1t
0s
0r
1y
0c
0i
#20095217170
0t
0s
0r
1y
0c
0i
#20095218117
1t
0s
0r
1y
0c
0i
#20095219032
0t
0s
0r
1y
0c
0i
#20095219977
1t
0s
0r
1y
0c
0i
#20095220889
0t
0s
0r
1y
0c
0i
#20095221828
1t
0s
0r
1y
0c
0i
#20095222736
0t
0s
0r
1y
0c
0i
#20095223676
1t
0s
0r
1y
0c
0i
#20095224587
0t
0s
0r
1y
0c
0i
#20095225530
1t
0s
0r
1y
0c
0i
#20095226441
0t
0s
0r
1y
0c
0i
#20095227381
1t
0s
0r
1y
0c
0i
#20095228293
0t
0s
0r
1y
0c
0i
#20095229242
1t
0s
0r
1y
0c
0i
#20095230152
0t
0s
0r
1y
0c
0i
#20095231097
1t
0s
0r
1y
0c
0i
#20095232008
0t
0s
0r
1y
0c
0i
#20095232956
1t
0s
0r
1y
0c
0i
#20095233868
0t
0s
0r
1y
0c
0i
#20095234819
1t
0s
0r
1y
0c
0i
#20095235731
0t
0s
0r
1y
0c
0i
#20095236680
1t
0s
0r
1y
0c
0i
#20095237593
0t
0s
0r
1y
0c
0i
#20095238549
1t
0s
0r
1y
0c
0i
#20095239465
0t
0s
0r
1y
1c
1i
#20095240419
1t
0s
0r
1y
1c
1i
#20095241337
0t
0s
0r
1y
1c
1i
#20095242295
1t
0s
0r
1y
1c
0i
#20095243216
0t
0s
0r
1y
1c
0i
#20095244176
1t
0s
0r
1y
1c
0i
#20095245097
0t
0s
0r
1y
1c
0i
#20095246056
1t
0s
0r
1y
1c
0i
#20095246975
0t
0s
0r
1y
1c
0i
#20095247932
1t
0s
0r
1y
1c
0i
#20095248853
0t
0s
0r
1y
1c
0i
#20095249814
1t
0s
0r
1y
1c
0i
#20095250735
0t
0s
0r
1y
1c
0i
#20095251696
1t
0s
0r
1y
1c
0i
#20095252617
0t
0s
0r
1y
1c
0i
#20095253578
1t
0s
0r
1y
1c
0i
#20095254504
0t
0s
0r
1y
1c
0i
#20095255468
1t
0s
0r
1y
1c
0i
#20095256396
0t
0s
0r
1y
1c
0i
#20095257359
1t
0s
0r
1y
1c
0i
#20095258283
0t
0s
0r
1y
1c
0i
#20095260590
1t
0s
0r
1y
1c
0i
#20095262077
0t
0s
0r
1y
1c
0i
#20095263028
1t
0s
0r
1y
1c
0i
#20095263958
0t
0s
0r
1y
1c
0i
#20095264919
1t
0s
0r
1y
1c
0i
#20095265846
0t
0s
0r
1y
1c
0i
#20095266806
1t
0s
0r
1y
1c
0i
#20095267729
0t
0s
0r
1y
1c
0i
#20095268690
1t
0s
0r
1y
1c
0i
#20095269616
0t
0s
0r
1y
1c
0i
#20095270581
1t
0s
0r
1y
1c
0i
#20095271508
0t
0s
0r
1y
1c
0i
#20095272472
1t
0s
0r
1y
1c
0i
#20095273402
0t
0s
0r
1y
1c
1i
#20095274370
1t
0s
0r
1y
0c
1i
#20095274768
1t
0s
1r
1y
0c
1i
#20095274770
1t
0s
0r
1y
0c
1i
#20095275305
0t
0s
0r
1y
0c
1i
#20095276278
1t
0s
0r
1y
0c
0i
#20095277217
0t
0s
0r
1y
0c
0i
#20095278188
1t
0s
0r
1y
0c
0i
#20095279126
0t
0s
0r
1y
0c
0i
#20095280097
1t
0s
0r
1y
0c
0i
#20095281037
0t
0s
0r
1y
0c
0i
#20095282008
1t
0s
0r
1y
0c
0i
#20095282948
0t
0s
0r
1y
0c
0i
#20095283919
1t
0s
0r
1y
0c
0i
#20095284856
0t
0s
0r
1y
0c
0i
#20095285828
1t
0s
0r
1y
0c
0i
#20095286768
0t
0s
0r
1y
0c
0i
#20095287744
1t
0s
0r
1y
0c
0i
#20095288686
0t
0s
0r
1y
0c
0i
#20095289658
1t
0s
0r
1y
0c
0i
#20095290597
0t
0s
0r
1y
0c
0i
#20095291570
1t
0s
0r
1y
0c
0i
#20095292510
0t
0s
0r
1y
0c
0i
#20095293487
1t
0s
0r
1y
0c
0i
#20095294426
0t
0s
0r
1y
0c
0i
#20095295399
1t
0s
0r
1y
0c
0i
#20095296334
0t
0s
0r
1y
0c
0i
#20095297309
1t
0s
0r
1y
0c
0i
#20095298246
0t
0s
0r
1y
0c
0i
#20095299222
1t
0s
0r
1y
0c
0i
#20095300158
0t
0s
0r
1y
0c
0i
#20095301133
1t
0s
0r
1y
0c
0i
#20095302069
0t
0s
0r
1y
0c
0i
#20095303047
1t
0s
0r
1y
0c
0i
#20095303985
0t
0s
0r
1y
0c
0i
#20095304965
1t
0s
0r
1y
0c
0i
#20095305902
0t
0s
0r
1y
0c
0i
#20095306885
1t
0s
0r
1y
0c
0i
#20095307828
0t
0s
0r
1y
0c
1i
#20095308818
1t
0s
0r
1y
1c
1i
#20095309763
0t
0s
0r
1y
1c
1i
#20095310753
1t
0s
0r
1y
1c
0i
#20095311701
0t
0s
0r
1y
1c
0i
#20095312691
1t
0s
0r
1y
1c
0i
#20095313640
0t
0s
0r
1y
1c
0i
#20095314633
1t
0s
0r
1y
1c
0i
#20095315582
0t
0s
0r
1y
1c
0i
#20095316572
1t
0s
0r
1y
1c
0i
#20095317518
0t
0s
0r
1y
1c
0i
#20095318509
1t
0s
0r
1y
1c
0i
#20095319459
0t
0s
0r
1y
1c
0i
#20095320452
1t
0s
0r
1y
1c
0i
#20095321404
0t
0s
0r
1y
1c
0i
#20095322396
1t
0s
0r
1y
1c
0i
#20095323349
0t
0s
0r
1y
1c
0i
#20095324342
1t
0s
0r
1y
1c
0i
#20095325300
0t
0s
0r
1y
1c
0i
#20095326298
1t
0s
0r
1y
1c
0i
#20095327254
0t
0s
0r
1y
1c
0i
#20095329665
1t
0s
0r
1y
1c
0i
#20095331177
0t
0s
0r
1y
1c
0i
#20095332168
1t
0s
0r
1y
1c
0i
#20095333131
0t
0s
0r
1y
1c
0i
#20095334126
1t
0s
0r
1y
1c
0i
#20095335086
0t
0s
0r
1y
1c
0i
#20095336085
1t
0s
0r
1y
1c
0i
#20095337047
0t
0s
0r
1y
1c
0i
#20095338048
1t
0s
0r
1y
1c
0i
#20095339009
0t
0s
0r
1y
1c
0i
#20095340009
1t
0s
0r
1y
1c
0i
#20095340973
0t
0s
0r
1y
1c
0i
#20095341978
1t
0s
0r
1y
1c
0i
#20095342949
0t
0s
0r
1y
1c
1i
#20095343956
1t
0s
0r
1y
0c
1i
#20095344927
0t
0s
0r
1y
0c
1i
#20095345935
1t
0s
0r
1y
0c
0i
#20095346910
0t
0s
0r
1y
0c
0i
#20095347923
1t
0s
0r
1y
0c
0i
#20095348898
0t
0s
0r
1y
0c
0i
#20095349910
1t
0s
0r
1y
0c
0i
#20095350884
0t
0s
0r
1y
0c
0i
#20095351894
1t
0s
0r
1y
0c
0i
#20095352869
0t
0s
0r
1y
0c
0i
#20095353882
1t
0s
0r
1y
0c
0i
#20095354860
0t
0s
0r
1y
0c
0i
#20095355873
1t
0s
0r
1y
0c
0i
#20095356848
0t
0s
0r
1y
0c
0i
#20095357863
1t
0s
0r
1y
0c
0i
#20095358843
0t
0s
0r
1y
0c
0i
#20095359860
1t
0s
0r
1y
0c
0i
#20095360841
0t
0s
0r
1y
0c
0i
#20095361860
1t
0s
0r
1y
0c
0i
#20095362838
0t
0s
0r
1y
0c
0i
#20095363857
1t
0s
0r
1y
0c
0i
#20095364838
0t
0s
0r
1y
0c
0i
#20095365862
1t
0s
0r
1y
0c
0i
#20095366841
0t
0s
0r
1y
0c
0i
#20095367862
1t
0s
0r
1y
0c
0i
#20095368840
0t
0s
0r
1y
0c
0i
#20095369862
1t
0s
0r
1y
0c
0i
#20095370841
0t
0s
0r
1y
0c
0i
#20095371868
1t
0s
0r
1y
0c
0i
#20095372846
0t
0s
0r
1y
0c
0i
#20095373871
1t
0s
0r
1y
0c
0i
#20095374848
0t
0s
0r
1y
0c
0i
#20095375877
1t
0s
0r
1y
0c
0i
#20095376859
0t
0s
0r
1y
0c
0i
#20095377891
1t
0s
0r
1y
0c
0i
#20095378875
0t
0s
0r
1y
0c
1i
#20095379910
1t
0s
0r
1y
1c
1i
#20095380899
0t
0s
0r
1y
1c
1i
#20095381940
1t
0s
0r
1y
1c
0i
#20095382933
0t
0s
0r
1y
1c
0i
#20095383973
1t
0s
0r
1y
1c
0i
#20095384963
0t
0s
0r
1y
1c
0i
#20095386002
1t
0s
0r
1y
1c
0i
#20095386994
0t
0s
0r
1y
1c
0i
#20095388034
1t
0s
0r
1y
1c
0i
#20095389025
0t
0s
0r
1y
1c
0i
#20095390064
1t
0s
0r
1y
1c
0i
#20095391053
0t
0s
0r
1y
1c
0i
#20095392090
1t
0s
0r
1y
1c
0i
#20095393080
0t
0s
0r
1y
1c
0i
#20095394117
1t
0s
0r
1y
1c
0i
#20095395108
0t
0s
0r
1y
1c
0i
#20095396139
1t
0s
0r
1y
1c
0i
#20095397125
0t
0s
0r
1y
1c
0i
#20095398156
1t
0s
0r
1y
1c
0i
#20095399139
0t
0s
0r
1y
1c
0i
#20095401626
1t
0s
0r
1y
1c
0i
#20095403170
0t
0s
0r
1y
1c
0i
#20095404185
1t
0s
0r
1y
1c
0i
#20095405172
0t
0s
0r
1y
1c
0i
#20095406197
1t
0s
0r
1y
1c
0i
#20095407180
0t
0s
0r
1y
1c
0i
#20095408205
1t
0s
0r
1y
1c
0i
#20095409187
0t
0s
0r
1y
1c
0i
#20095410215
1t
0s
0r
1y
1c
0i
#20095411200
0t
0s
0r
1y
1c
0i
#20095412231
1t
0s
0r
1y
1c
0i
#20095413219
0t
0s
0r
1y
1c
0i
#20095414250
1t
0s
0r
1y
1c
0i
#20095415243
0t
0s
0r
1y
1c
1i
#20095416282
1t
0s
0r
1y
0c
1i
#20095416339
1t
0s
1r
1y
0c
1i
#20095416341
1t
0s
0r
1y
0c
1i
#20095417282
0t
0s
0r
1y
0c
1i
#20095418324
1t
0s
0r
1y
0c
0i
#20095419324
0t
0s
0r
1y
0c
0i
#20095420366
1t
0s
0r
1y
0c
0i
#20095421369
0t
0s
0r
1y
0c
0i
#20095422413
1t
0s
0r
1y
0c
0i
#20095423417
0t
0s
0r
1y
0c
0i
#20095424459
1t
0s
0r
1y
0c
0i
#20095425460
0t
0s
0r
1y
0c
0i
#20095426501
1t
0s
0r
1y
0c
0i
#20095427503
0t
0s
0r
1y
0c
0i
#20095428547
1t
0s
0r
1y
0c
0i
#20095429549
0t
0s
0r
1y
0c
0i
#20095430590
1t
0s
0r
1y
0c
0i
#20095431591
0t
0s
0r
1y
0c
0i
#20095432629
1t
0s
0r
1y
0c
0i
#20095433627
0t
0s
0r
1y
0c
0i
#20095434669
1t
0s
0r
1y
0c
0i
#20095435665
0t
0s
0r
1y
0c
0i
#20095436702
1t
0s
0r
1y
0c
0i
#20095437693
0t
0s
0r
1y
0c
0i
#20095438730
1t
0s
0r
1y
0c
0i
#20095439724
0t
0s
0r
1y
0c
0i
#20095440763
1t
0s
0r
1y
0c
0i
#20095441755
0t
0s
0r
1y
0c
0i
#20095442792
1t
0s
0r
1y
0c
0i
#20095443782
0t
0s
0r
1y
0c
0i
#20095444821
1t
0s
0r
1y
0c
0i
#20095445812
0t
0s
0r
1y
0c
0i
#20095446856
1t
0s
0r
1y
0c
0i
#20095447847
0t
0s
0r
1y
0c
0i
#20095448889
1t
0s
0r
1y
0c
0i
#20095449884
0t
0s
0r
1y
0c
0i
#20095450932
1t
0s
0r
1y
0c
0i
#20095451933
0t
0s
0r
1y
1c
1i
#20095452985
1t
0s
0r
1y
1c
1i
#20095453988
0t
0s
0r
1y
1c
1i
#20095455043
1t
0s
0r
1y
1c
0i
#20095456050
0t
0s
0r
1y
1c
0i
#20095457111
1t
0s
0r
1y
1c
0i
#20095458119
0t
0s
0r
1y
1c
0i
#20095459177
1t
0s
0r
1y
1c
0i
#20095460182
0t
0s
0r
1y
1c
0i
#20095461238
1t
0s
0r
1y
1c
0i
#20095462245
0t
0s
0r
1y
1c
0i
#20095463304
1t
0s
0r
1y
1c
0i
#20095464310
0t
0s
0r
1y
1c
0i
#20095465365
1t
0s
0r
1y
1c
0i
#20095466368
0t
0s
0r
1y
1c
0i
#20095467421
1t
0s
0r
1y
1c
0i
#20095468426
0t
0s
0r
1y
1c
0i
#20095469477
1t
0s
0r
1y
1c
0i
#20095470480
0t
0s
0r
1y
1c
0i
#20095471525
1t
0s
0r
1y
1c
0i
#20095472520
0t
0s
0r
1y
1c
0i
#20095475032
1t
0s
0r
1y
1c
0i
#20095476612
0t
0s
0r
1y
1c
0i
#20095477641
1t
0s
0r
1y
1c
0i
#20095478639
0t
0s
0r
1y
1c
0i
#20095479679
1t
0s
0r
1y
1c
0i
#20095480679
0t
0s
0r
1y
1c
0i
#20095481719
1t
0s
0r
1y
1c
0i
#20095482715
0t
0s
0r
1y
1c
0i
#20095483758
1t
0s
0r
1y
1c
0i
#20095484757
0t
0s
0r
1y
1c
0i
#20095485805
1t
0s
0r
1y
0c
0i
#20095486806
0t
0s
0r
1y
0c
0i
#20095487855
1t
0s
0r
1y
0c
0i
#20095488862
0t
0s
0r
1y
0c
1i
#20095489913
1t
0s
0r
1y
0c
1i
#20095490925
0t
0s
0r
1y
0c
1i
#20095491983
1t
0s
0r
1y
0c
0i
#20095492997
0t
0s
0r
1y
0c
0i
#20095494051
1t
0s
0r
1y
0c
0i
#20095495063
0t
0s
0r
1y
0c
0i
#20095496114
1t
0s
0r
1y
0c
0i
#20095497121
0t
0s
0r
1y
0c
0i
#20095498164
1t
0s
0r
1y
0c
0i
#20095499163
0t
0s
0r
1y
0c
0i
#20095500194
1t
0s
0r
1y
0c
0i
#20095501179
0t
0s
0r
1y
0c
0i
#20095502201
1t
0s
0r
1y
0c
0i
#20095503181
0t
0s
0r
1y
0c
0i
#20095504199
1t
0s
0r
1y
0c
0i
#20095505178
0t
0s
0r
1y
0c
0i
#20095506190
1t
0s
0r
1y
0c
0i
#20095507165
0t
0s
0r
1y
0c
0i
#20095508177
1t
0s
0r
1y
0c
0i
#20095509153
0t
0s
0r
1y
0c
0i
#20095510173
1t
0s
0r
1y
0c
0i
#20095511149
0t
0s
0r
1y
0c
0i
#20095512166
1t
0s
0r
1y
0c
0i
#20095513142
0t
0s
0r
1y
0c
0i
#20095514162
1t
0s
0r
1y
0c
0i
#20095515141
0t
0s
0r
1y
0c
0i
#20095516165
1t
0s
0r
1y
0c
0i
#20095517144
0t
0s
0r
1y
0c
0i
#20095518167
1t
0s
0r
1y
0c
0i
#20095519146
0t
0s
0r
1y
0c
0i
#20095520176
1t
0s
0r
1y
0c
0i
#20095521155
0t
0s
0r
1y
0c
0i
#20095522184
1t
0s
0r
1y
0c
0i
#20095523164
0t
0s
0r
1y
0c
0i
#20095524197
1t
0s
0r
1y
1c
0i
#20095525184
0t
0s
0r
1y
1c
1i
#20095526221
1t
0s
0r
1y
1c
1i
#20095527212
0t
0s
0r
1y
1c
1i
#20095528252
1t
0s
0r
1y
1c
0i
#20095529244
0t
0s
0r
1y
1c
0i
#20095530286
1t
0s
0r
1y
1c
0i
#20095531280
0t
0s
0r
1y
1c
0i
#20095532321
1t
0s
0r
1y
1c
0i
#20095533312
0t
0s
0r
1y
1c
0i
#20095534348
1t
0s
0r
1y
1c
0i
#20095535336
0t
0s
0r
1y
1c
0i
#20095536370
1t
0s
0r
1y
1c
0i
#20095537353
0t
0s
0r
1y
1c
0i
#20095538383
1t
0s
0r
1y
1c
0i
#20095539361
0t
0s
0r
1y
1c
0i
#20095540380
1t
0s
0r
1y
1c
0i
#20095541353
0t
0s
0r
1y
1c
0i
#20095542367
1t
0s
0r
1y
1c
0i
#20095543341
0t
0s
0r
1y
1c
0i
#20095544353
1t
0s
0r
1y
1c
0i
#20095545319
0t
0s
0r
1y
1c
0i
#20095547743
1t
0s
0r
1y
1c
0i
#20095549289
0t
0s
0r
1y
1c
0i
#20095550289
1t
0s
0r
1y
1c
0i
#20095551258
0t
0s
0r
1y
1c
0i
#20095552267
1t
0s
0r
1y
1c
0i
#20095553238
0t
0s
0r
1y
1c
0i
#20095554251
1t
0s
0r
1y
1c
0i
#20095555222
0t
0s
0r
1y
1c
0i
#20095556232
1t
0s
0r
1y
1c
0i
#20095557203
0t
0s
0r
1y
1c
0i
#20095558218
1t
0s
0r
1y
1c
0i
#20095559194
0t
0s
0r
1y
1c
0i
#20095560212
1t
0s
0r
1y
0c
0i
#20095561191
0t
0s
0r
1y
0c
1i
#20095562212
1t
0s
0r
1y
0c
1i
#20095562971
1t
0s
1r
1y
0c
1i
#20095562974
1t
0s
0r
1y
0c
1i
#20095563196
0t
0s
0r
1y
0c
1i
#20095564226
1t
0s
0r
1y
0c
0i
#20095565212
0t
0s
0r
1y
0c
0i
#20095566238
1t
0s
0r
1y
0c
0i
#20095567224
0t
0s
0r
1y
0c
0i
#20095568250
1t
0s
0r
1y
0c
0i
#20095569238
0t
0s
0r
1y
0c
0i
#20095570261
1t
0s
0r
1y
0c
0i
#20095571244
0t
0s
0r
1y
0c
0i
#20095572262
1t
0s
0r
1y
0c
0i
#20095573236
0t
0s
0r
1y
0c
0i
#20095574245
1t
0s
0r
1y
0c
0i
#20095575214
0t
0s
0r
1y
0c
0i
#20095576218
1t
0s
0r
1y
0c
0i
#20095577183
0t
0s
0r
1y
0c
0i
#20095578178
1t
0s
0r
1y
0c
0i
#20095579136
0t
0s
0r
1y
0c
0i
#20095580133
1t
0s
0r
1y
0c
0i
#20095581092
0t
0s
0r
1y
0c
0i
#20095582090
1t
0s
0r
1y
0c
0i
#20095583050
0t
0s
0r
1y
0c
0i
#20095584046
1t
0s
0r
1y
0c
0i
#20095585002
0t
0s
0r
1y
0c
0i
#20095586001
1t
0s
0r
1y
0c
0i
#20095586961
0t
0s
0r
1y
0c
0i
#20095587962
1t
0s
0r
1y
0c
0i
#20095588921
0t
0s
0r
1y
0c
0i
#20095589922
1t
0s
0r
1y
0c
0i
#20095590881
0t
0s
0r
1y
0c
0i
#20095591887
1t
0s
0r
1y
0c
0i
#20095592847
0t
0s
0r
1y
0c
0i
#20095593854
1t
0s
0r
1y
0c
0i
#20095594815
0t
0s
0r
1y
0c
0i
#20095595824
1t
0s
0r
1y
1c
0i
#20095596791
0t
0s
0r
1y
1c
1i
#20095597807
1t
0s
0r
1y
1c
1i
#20095598777
0t
0s
0r
1y
1c
1i
#20095599795
1t
0s
0r
1y
1c
0i
#20095600767
0t
0s
0r
1y
1c
0i
#20095601787
1t
0s
0r
1y
1c
0i
#20095602759
0t
0s
0r
1y
1c
0i
#20095603779
1t
0s
0r
1y
1c
0i
#20095604751
0t
0s
0r
1y
1c
0i
#20095605765
1t
0s
0r
1y
1c
0i
#20095606734
0t
0s
0r
1y
1c
0i
#20095607747
1t
0s
0r
1y
1c
0i
#20095608715
0t
0s
0r
1y
1c
0i
#20095609726
1t
0s
0r
1y
1c
0i
#20095610690
0t
0s
0r
1y
1c
0i
#20095611693
1t
0s
0r
1y
1c
0i
#20095612654
0t
0s
0r
1y
1c
0i
#20095613654
1t
0s
0r
1y
1c
0i
#20095614615
0t
0s
0r
1y
1c
0i
#20095615614
1t
0s
0r
1y
1c
0i
#20095616568
0t
0s
0r
1y
1c
0i
#20095618960
1t
0s
0r
1y
1c
0i
#20095620482
0t
0s
0r
1y
1c
0i
#20095621467
1t
0s
0r
1y
1c
0i
#20095622424
0t
0s
0r
1y
1c
0i
#20095623418
1t
0s
0r
1y
1c
0i
#20095624376
0t
0s
0r
1y
1c
0i
#20095625374
1t
0s
0r
1y
1c
0i
#20095626333
0t
0s
0r
1y
1c
0i
#20095627329
1t
0s
0r
1y
1c
0i
#20095628287
0t
0s
0r
1y
1c
0i
#20095629286
1t
0s
0r
1y
1c
0i
#20095630248
0t
0s
0r
1y
1c
0i
#20095631253
1t
0s
0r
1y
0c
0i
#20095632220
0t
0s
0r
1y
0c
1i
#20095633224
1t
0s
0r
1y
0c
1i
#20095634193
0t
0s
0r
1y
0c
1i
#20095635202
1t
0s
0r
1y
0c
0i
#20095636177
0t
0s
0r
1y
0c
0i
#20095637185
1t
0s
0r
1y
0c
0i
#20095638156
0t
0s
0r
1y
0c
0i
#20095639164
1t
0s
0r
1y
0c
0i
#20095640136
0t
0s
0r
1y
0c
0i
#20095641145
1t
0s
0r
1y
0c
0i
#20095642114
0t
0s
0r
1y
0c
0i
#20095643118
1t
0s
0r
1y
0c
0i
#20095644082
0t
0s
0r
1y
0c
0i
#20095645081
1t
0s
0r
1y
0c
0i
#20095646042
0t
0s
0r
1y
0c
0i
#20095647039
1t
0s
0r
1y
0c
0i
#20095648000
0t
0s
0r
1y
0c
0i
#20095648991
1t
0s
0r
1y
0c
0i
#20095649946
0t
0s
0r
1y
0c
0i
#20095650935
1t
0s
0r
1y
0c
0i
#20095651889
0t
0s
0r
1y
0c
0i
#20095652881
1t
0s
0r
1y
0c
0i
#20095653836
0t
0s
0r
1y
0c
0i
#20095654826
1t
0s
0r
1y
0c
0i
#20095655777
0t
0s
0r
1y
0c
0i
#20095656769
1t
0s
0r
1y
0c
0i
#20095657723
0t
0s
0r
1y
0c
0i
#20095658719
1t
0s
0r
1y
0c
0i
#20095659671
0t
0s
0r
1y
0c
0i
#20095660666
1t
0s
0r
1y
0c
0i
#20095661618
0t
0s
0r
1y
0c
0i
#20095662615
1t
0s
0r
1y
0c
0i
#20095663569
0t
0s
0r
1y
0c
0i
#20095664572
1t
0s
0r
1y
0c
0i
#20095665528
0t
0s
0r
1y
0c
0i
#20095666531
1t
0s
0r
1y
1c
0i
#20095667489
0t
0s
0r
1y
1c
1i
#20095668497
1t
0s
0r
1y
1c
1i
#20095669463
0t
0s
0r
1y
1c
1i
#20095670474
1t
0s
0r
1y
1c
0i
#20095671440
0t
0s
0r
1y
1c
0i
#20095672451
1t
0s
0r
1y
1c
0i
#20095673417
0t
0s
0r
1y
1c
0i
#20095674429
1t
0s
0r
1y
1c
0i
#20095675395
0t
0s
0r
1y
1c
0i
#20095676403
1t
0s
0r
1y
1c
0i
#20095677364
0t
0s
0r
1y
1c
0i
#20095678368
1t
0s
0r
1y
1c
0i
#20095679326
0t
0s
0r
1y
1c
0i
#20095680328
1t
0s
0r
1y
1c
0i
#20095681283
0t
0s
0r
1y
1c
0i
#20095682275
1t
0s
0r
1y
1c
0i
#20095683228
0t
0s
0r
1y
1c
0i
#20095684213
1t
0s
0r
1y
1c
0i
#20095685162
0t
0s
0r
1y
1c
0i
#20095686150
1t
0s
0r
1y
1c
0i
#20095687095
0t
0s
0r
1y
1c
0i
#20095689470
1t
0s
0r
1y
1c
0i
#20095690963
0t
0s
0r
1y
1c
0i
#20095691940
1t
0s
0r
1y
1c
0i
#20095692888
0t
0s
0r
1y
1c
0i
#20095693870
1t
0s
0r
1y
1c
0i
#20095694815
0t
0s
0r
1y
1c
0i
#20095695799
1t
0s
0r
1y
1c
0i
#20095696747
0t
0s
0r
1y
1c
0i
#20095697735
1t
0s
0r
1y
1c
0i
#20095698684
0t
0s
0r
1y
1c
0i
#20095699672
1t
0s
0r
1y
1c
0i
#20095700621
0t
0s
0r
1y
1c
0i
#20095701612
1t
0s
0r
1y
1c
0i
#20095702569
0t
0s
0r
1y
0c
1i
#20095703566
1t
0s
0r
1y
0c
1i
#20095704243
1t
0s
1r
1y
0c
1i
#20095704245
1t
0s
0r
1y
0c
1i
#20095704526
0t
0s
0r
1y
0c
1i
#20095705525
1t
0s
0r
1y
0c
0i
#20095706486
0t
0s
0r
1y
0c
0i
#20095707485
1t
0s
0r
1y
0c
0i
#20095708450
0t
0s
0r
1y
0c
0i
#20095709450
1t
0s
0r
1y
0c
0i
#20095710413
0t
0s
0r
1y
0c
0i
#20095711409
1t
0s
0r
1y
0c
0i
#20095712368
0t
0s
0r
1y
0c
0i
#20095713363
1t
0s
0r
1y
0c
0i
#20095714322
0t
0s
0r
1y
0c
0i
#20095715316
1t
0s
0r
1y
0c
0i
#20095716271
0t
0s
0r
1y
0c
0i
#20095717258
1t
0s
0r
1y
0c
0i
#20095718209
0t
0s
0r
1y
0c
0i
#20095719193
1t
0s
0r
1y
0c
0i
#20095720142
0t
0s
0r
1y
0c
0i
#20095721126
1t
0s
0r
1y
0c
0i
#20095722074
0t
0s
0r
1y
0c
0i
#20095723055
1t
0s
0r
1y
0c
0i
#20095723999
0t
0s
0r
1y
0c
0i
#20095724980
1t
0s
0r
1y
0c
0i
#20095725925
0t
0s
0r
1y
0c
0i
#20095726909
1t
0s
0r
1y
0c
0i
#20095727853
0t
0s
0r
1y
0c
0i
#20095728835
1t
0s
0r
1y
0c
0i
#20095729778
0t
0s
0r
1y
0c
0i
#20095730763
1t
0s
0r
1y
0c
0i
#20095731709
0t
0s
0r
1y
0c
0i
#20095732696
1t
0s
0r
1y
0c
0i
#20095733640
0t
0s
0r
1y
0c
0i
#20095734630
1t
0s
0r
1y
0c
0i
#20095735578
0t
0s
0r
1y
0c
0i
#20095736575
1t
0s
0r
1y
0c
0i
#20095737527
0t
0s
0r
1y
1c
1i
#20095738525
1t
0s
0r
1y
1c
1i
#20095739480
0t
0s
0r
1y
1c
1i
#20095740483
1t
0s
0r
1y
1c
0i
#20095741443
0t
0s
0r
1y
1c
0i
#20095742448
1t
0s
0r
1y
1c
0i
#20095743409
0t
0s
0r
1y
1c
0i
#20095744411
1t
0s
0r
1y
1c
0i
#20095745367
0t
0s
0r
1y
1c
0i
#20095746368
1t
0s
0r
1y
1c
0i
#20095747326
0t
0s
0r
1y
1c
0i
#20095748327
1t
0s
0r
1y
1c
0i
#20095749282
0t
0s
0r
1y
1c
0i
#20095750280
1t
0s
0r
1y
1c
0i
#20095751233
0t
0s
0r
1y
1c
0i
#20095752228
1t
0s
0r
1y
1c
0i
#20095753183
0t
0s
0r
1y
1c
0i
#20095754178
1t
0s
0r
1y
1c
0i
#20095755132
0t
0s
0r
1y
1c
0i
#20095756122
1t
0s
0r
1y
1c
0i
#20095757071
0t
0s
0r
1y
1c
0i
#20095759451
1t
0s
0r
1y
1c
0i
#20095760968
0t
0s
0r
1y
1c
0i
#20095761945
1t
0s
0r
1y
1c
0i
#20095762899
0t
0s
0r
1y
1c
0i
#20095763889
1t
0s
0r
1y
1c
0i
#20095764842
0t
0s
0r
1y
1c
0i
#20095765831
1t
0s
0r
1y
1c
0i
#20095766781
0t
0s
0r
1y
1c
0i
#20095767774
1t
0s
0r
1y
1c
0i
#20095768729
0t
0s
0r
1y
1c
0i
#20095769725
1t
0s
0r
1y
1c
0i
#20095770682
0t
0s
0r
1y
1c
0i
#20095771680
1t
0s
0r
1y
0c
0i
#20095772642
0t
0s
0r
1y
0c
1i
#20095773642
1t
0s
0r
1y
0c
1i
#20095774610
0t
0s
0r
1y
0c
1i
#20095775616
1t
0s
0r
1y
0c
0i
#20095776585
0t
0s
0r
1y
0c
0i
#20095777590
1t
0s
0r
1y
0c
0i
#20095778557
0t
0s
0r
1y
0c
0i
#20095779561
1t
0s
0r
1y
0c
0i
#20095780527
0t
0s
0r
1y
0c
0i
#20095781530
1t
0s
0r
1y
0c
0i
#20095782493
0t
0s
0r
1y
0c
0i
#20095783487
1t
0s
0r
1y
0c
0i
#20095784443
0t
0s
0r
1y
0c
0i
#20095785433
1t
0s
0r
1y
0c
0i
#20095786385
0t
0s
0r
1y
0c
0i
#20095787370
1t
0s
0r
1y
0c
0i
#20095788319
0t
0s
0r
1y
0c
0i
#20095789297
1t
0s
0r
1y
0c
0i
#20095790238
0t
0s
0r
1y
0c
0i
#20095791215
1t
0s
0r
1y
0c
0i
#20095792158
0t
0s
0r
1y
0c
0i
#20095793137
1t
0s
0r
1y
0c
0i
#20095794078
0t
0s
0r
1y
0c
0i
#20095795054
1t
0s
0r
1y
0c
0i
#20095795993
0t
0s
0r
1y
0c
0i
#20095796970
1t
0s
0r
1y
0c
0i
#20095797911
0t
0s
0r
1y
0c
0i
#20095798892
1t
0s
0r
1y
0c
0i
#20095799833
0t
0s
0r
1y
0c
0i
#20095800812
1t
0s
0r
1y
0c
0i
#20095801753
0t
0s
0r
1y
0c
0i
#20095802738
1t
0s
0r
1y
0c
0i
#20095803681
0t
0s
0r
1y
0c
0i
#20095804667
1t
0s
0r
1y
0c
0i
#20095805609
0t
0s
0r
1y
0c
0i
#20095806599
1t
0s
0r
1y
1c
0i
#20095807548
0t
0s
0r
1y
1c
1i
#20095808543
1t
0s
0r
1y
1c
1i
#20095809497
0t
0s
0r
1y
1c
1i
#20095810493
1t
0s
0r
1y
1c
0i
#20095811447
0t
0s
0r
1y
1c
0i
#20095812445
1t
0s
0r
1y
1c
0i
#20095813401
0t
0s
0r
1y
1c
0i
#20095814396
1t
0s
0r
1y
1c
0i
#20095815346
0t
0s
0r
1y
1c
0i
#20095816335
1t
0s
0r
1y
1c
0i
#20095817282
0t
0s
0r
1y
1c
0i
#20095818269
1t
0s
0r
1y
1c
0i
#20095819210
0t
0s
0r
1y
1c
0i
#20095820193
1t
0s
0r
1y
1c
0i
#20095821131
0t
0s
0r
1y
1c
0i
#20095822104
1t
0s
0r
1y
1c
0i
#20095823038
0t
0s
0r
1y
1c
0i
#20095824006
1t
0s
0r
1y
1c
0i
#20095824938
0t
0s
0r
1y
1c
0i
#20095825907
1t
0s
0r
1y
1c
0i
#20095826833
0t
0s
0r
1y
1c
0i
#20095829154
1t
0s
0r
1y
1c
0i
#20095830626
0t
0s
0r
1y
1c
0i
#20095831583
1t
0s
0r
1y
1c
0i
#20095832514
0t
0s
0r
1y
1c
0i
#20095833475
1t
0s
0r
1y
1c
0i
#20095834404
0t
0s
0r
1y
1c
0i
#20095835369
1t
0s
0r
1y
1c
0i
#20095836300
0t
0s
0r
1y
1c
0i
#20095837266
1t
0s
0r
1y
1c
0i
#20095838195
0t
0s
0r
1y
1c
0i
#20095839165
1t
0s
0r
1y
1c
0i
#20095840100
0t
0s
0r
1y
1c
0i
#20095841075
1t
0s
0r
1y
0c
1i
#20095842016
0t
0s
0r
1y
0c
1i
#20095842992
1t
0s
0r
1y
0c
1i
#20095843714
1t
0s
1r
1y
0c
1i
#20095843717
1t
0s
0r
1y
0c
1i
#20095843934
0t
0s
0r
1y
0c
1i
#20095844916
1t
0s
0r
1y
0c
0i
#20095845865
0t
0s
0r
1y
0c
0i
#20095846846
1t
0s
0r
1y
0c
0i
#20095847792
0t
0s
0r
1y
0c
0i
#20095848770
1t
0s
0r
1y
0c
0i
#20095849714
0t
0s
0r
1y
0c
0i
#20095850688
1t
0s
0r
1y
0c
0i
#20095851626
0t
0s
0r
1y
0c
0i
#20095852592
1t
0s
0r
1y
0c
0i
#20095853520
0t
0s
0r
1y
0c
0i
#20095854475
1t
0s
0r
1y
0c
0i
#20095855396
0t
0s
0r
1y
0c
0i
#20095856344
1t
0s
0r
1y
0c
0i
#20095857260
0t
0s
0r
1y
0c
0i
#20095858204
1t
0s
0r
1y
0c
0i
#20095859115
0t
0s
0r
1y
0c
0i
#20095860054
1t
0s
0r
1y
0c
0i
#20095860961
0t
0s
0r
1y
0c
0i
#20095861900
1t
0s
0r
1y
0c
0i
#20095862809
0t
0s
0r
1y
0c
0i
#20095863750
1t
0s
0r
1y
0c
0i
#20095864657
0t
0s
0r
1y
0c
0i
#20095865597
1t
0s
0r
1y
0c
0i
#20095866503
0t
0s
0r
1y
0c
0i
#20095867445
1t
0s
0r
1y
0c
0i
#20095868353
0t
0s
0r
1y
0c
0i
#20095869296
1t
0s
0r
1y
0c
0i
#20095870200
0t
0s
0r
1y
0c
0i
#20095871145
1t
0s
0r
1y
0c
0i
#20095872055
0t
0s
0r
1y
0c
0i
#20095873004
1t
0s
0r
1y
0c
0i
#20095873915
0t
0s
0r
1y
0c
0i
#20095874866
1t
0s
0r
1y
1c
1i
#20095875779
0t
0s
0r
1y
1c
1i
#20095876734
1t
0s
0r
1y
1c
1i
#20095877654
0t
0s
0r
1y
1c
1i
#20095878615
1t
0s
0r
1y
1c
1i
#20095879537
0t
0s
0r
1y
1c
0i
#20095880498
1t
0s
0r
1y
1c
0i
#20095881416
0t
0s
0r
1y
1c
0i
#20095882376
1t
0s
0r
1y
1c
0i
#20095883297
0t
0s
0r
1y
1c
0i
#20095884254
1t
0s
0r
1y
1c
0i
#20095885173
0t
0s
0r
1y
1c
0i
#20095886127
1t
0s
0r
1y
1c
0i
#20095887040
0t
0s
0r
1y
1c
0i
#20095887989
1t
0s
0r
1y
1c
0i
#20095888902
0t
0s
0r
1y
1c
0i
#20095889849
1t
0s
0r
1y
1c
0i
#20095890759
0t
0s
0r
1y
1c
0i
#20095891698
1t
0s
0r
1y
1c
0i
#20095892603
0t
0s
0r
1y
1c
0i
#20095893542
1t
0s
0r
1y
1c
0i
#20095894444
0t
0s
0r
1y
1c
0i
#20095896689
1t
0s
0r
1y
1c
0i
#20095898123
0t
0s
0r
1y
1c
0i
#20095899047
1t
0s
0r
1y
1c
0i
#20095899950
0t
0s
0r
1y
1c
0i
#20095900879
1t
0s
0r
1y
1c
0i
#20095901777
0t
0s
0r
1y
1c
0i
#20095902708
1t
0s
0r
1y
1c
0i
#20095903609
0t
0s
0r
1y
1c
0i
#20095904540
1t
0s
0r
1y
1c
0i
#20095905439
0t
0s
0r
1y
1c
0i
#20095906373
1t
0s
0r
1y
1c
0i
#20095907277
0t
0s
0r
1y
1c
0i
#20095908213
1t
0s
0r
1y
0c
1i
#20095909122
0t
0s
0r
1y
0c
1i
#20095910059
1t
0s
0r
1y
0c
1i
#20095910970
0t
0s
0r
1y
0c
1i
#20095911910
1t
0s
0r
1y
0c
1i
#20095912824
0t
0s
0r
1y
0c
0i
#20095913766
1t
0s
0r
1y
0c
0i
#20095914679
0t
0s
0r
1y
0c
0i
#20095915618
1t
0s
0r
1y
0c
0i
#20095916526
0t
0s
0r
1y
0c
0i
#20095917462
1t
0s
0r
1y
0c
0i
#20095918367
0t
0s
0r
1y
0c
0i
#20095919298
1t
0s
0r
1y
0c
0i
#20095920197
0t
0s
0r
1y
0c
0i
#20095921120
1t
0s
0r
1y
0c
0i
#20095922011
0t
0s
0r
1y
0c
0i
#20095922928
1t
0s
0r
1y
0c
0i
#20095923816
0t
0s
0r
1y
0c
0i
#20095924729
1t
0s
0r
1y
0c
0i
#20095925612
0t
0s
0r
1y
0c
0i
#20095926520
1t
0s
0r
1y
0c
0i
#20095927399
0t
0s
0r
1y
0c
0i
#20095928305
1t
0s
0r
1y
0c
0i
#20095929184
0t
0s
0r
1y
0c
0i
#20095930091
1t
0s
0r
1y
0c
0i
#20095930968
0t
0s
0r
1y
0c
0i
#20095931873
1t
0s
0r
1y
0c
0i
#20095932750
0t
0s
0r
1y
0c
0i
#20095933658
1t
0s
0r
1y
0c
0i
#20095934534
0t
0s
0r
1y
0c
0i
#20095935443
1t
0s
0r
1y
0c
0i
#20095936316
0t
0s
0r
1y
0c
0i
#20095937225
1t
0s
0r
1y
0c
0i
#20095938104
0t
0s
0r
1y
0c
0i
#20095939018
1t
0s
0r
1y
0c
0i
#20095939898
0t
0s
0r
1y
0c
0i
#20095940813
1t
0s
0r
1y
1c
1i
#20095941694
0t
0s
0r
1y
1c
1i
#20095942613
1t
0s
0r
1y
1c
1i
#20095943501
0t
0s
0r
1y
1c
1i
#20095944423
1t
0s
0r
1y
1c
1i
#20095945312
0t
0s
0r
1y
1c
0i
#20095946233
1t
0s
0r
1y
1c
0i
#20095947121
0t
0s
0r
1y
1c
0i
#20095948041
1t
0s
0r
1y
1c
0i
#20095948926
0t
0s
0r
1y
1c
0i
#20095949843
1t
0s
0r
1y
1c
0i
#20095950724
0t
0s
0r
1y
1c
0i
#20095951634
1t
0s
0r
1y
1c
0i
#20095952508
0t
0s
0r
1y
1c
0i
#20095953412
1t
0s
0r
1y
1c
0i
#20095954284
0t
0s
0r
1y
1c
0i
#20095955182
1t
0s
0r
1y
1c
0i
#20095956050
0t
0s
0r
1y
1c
0i
#20095956941
1t
0s
0r
1y
1c
0i
#20095957803
0t
0s
0r
1y
1c
0i
#20095958691
1t
0s
0r
1y
1c
0i
#20095959551
0t
0s
0r
1y
1c
0i
#20095961679
1t
0s
0r
1y
1c
0i
#20095963052
0t
0s
0r
1y
1c
0i
#20095963929
1t
0s
0r
1y
1c
0i
#20095964791
0t
0s
0r
1y
1c
0i
#20095965673
1t
0s
0r
1y
1c
0i
#20095966530
0t
0s
0r
1y
1c
0i
#20095967414
1t
0s
0r
1y
1c
0i
#20095968274
0t
0s
0r
1y
1c
0i
#20095969161
1t
0s
0r
1y
1c
0i
#20095970020
0t
0s
0r
1y
1c
0i
#20095970904
1t
0s
0r
1y
1c
0i
#20095971766
0t
0s
0r
1y
1c
0i
#20095972657
1t
0s
0r
1y
0c
1i
#20095973522
0t
0s
0r
1y
0c
1i
#20095974413
1t
0s
0r
1y
0c
1i
#20095975279
0t
0s
0r
1y
0c
1i
#20095975493
0t
0s
1r
1y
0c
1i
#20095975496
0t
0s
0r
1y
0c
1i
#20095976174
1t
0s
0r
1y
0c
1i
#20095977045
0t
0s
0r
1y
0c
0i
#20095977941
1t
0s
0r
1y
0c
0i
#20095978811
0t
0s
0r
1y
0c
0i
#20095979703
1t
0s
0r
1y
0c
0i
#20095980568
0t
0s
0r
1y
0c
0i
#20095981455
1t
0s
0r
1y
0c
0i
#20095982316
0t
0s
0r
1y
0c
0i
#20095983196
1t
0s
0r
1y
0c
0i
#20095984048
0t
0s
0r
1y
0c
0i
#20095984918
1t
0s
0r
1y
0c
0i
#20095985762
0t
0s
0r
1y
0c
0i
#20095986623
1t
0s
0r
1y
0c
0i
#20095987461
0t
0s
0r
1y
0c
0i
#20095988318
1t
0s
0r
1y
0c
0i
#20095989152
0t
0s
0r
1y
0c
0i
#20095990008
1t
0s
0r
1y
0c
0i
#20095990840
0t
0s
0r
1y
0c
0i
#20095991694
1t
0s
0r
1y
0c
0i
#20095992524
0t
0s
0r
1y
0c
0i
#20095993380
1t
0s
0r
1y
0c
0i
#20095994211
0t
0s
0r
1y
0c
0i
#20095995065
1t
0s
0r
1y
0c
0i
#20095995894
0t
0s
0r
1y
0c
0i
#20095996748
1t
0s
0r
1y
0c
0i
#20095997578
0t
0s
0r
1y
0c
0i
#20095998436
1t
0s
0r
1y
0c
0i
#20095999265
0t
0s
0r
1y
0c
0i
#20096000120
1t
0s
0r
1y
0c
0i
#20096000950
0t
0s
0r
1y
0c
0i
#20096001811
1t
0s
0r
1y
0c
0i
#20096002640
0t
0s
0r
1y
0c
0i
#20096003500
1t
0s
0r
1y
1c
1i
#20096004331
0t
0s
0r
1y
1c
1i
#20096005192
1t
0s
0r
1y
1c
1i
#20096006028
0t
0s
0r
1y
1c
1i
#20096006894
1t
0s
0r
1y
1c
1i
#20096007731
0t
0s
0r
1y
1c
0i
#20096008595
1t
0s
0r
1y
1c
0i
#20096009430
0t
0s
0r
1y
1c
0i
#20096010291
1t
0s
0r
1y
1c
0i
#20096011124
0t
0s
0r
1y
1c
0i
#20096011982
1t
0s
0r
1y
1c
0i
#20096012812
0t
0s
0r
1y
1c
0i
#20096013664
1t
0s
0r
1y
1c
0i
#20096014485
0t
0s
0r
1y
1c
0i
#20096015330
1t
0s
0r
1y
1c
0i
#20096016147
0t
0s
0r
1y
1c
0i
#20096016984
1t
0s
0r
1y
1c
0i
#20096017797
0t
0s
0r
1y
1c
0i
#20096018629
1t
0s
0r
1y
1c
0i
#20096019438
0t
0s
0r
1y
1c
0i
#20096020266
1t
0s
0r
1y
1c
0i
#20096021069
0t
0s
0r
1y
1c
0i
#20096023029
1t
0s
0r
1y
1c
0i
#20096024342
0t
0s
0r
1y
1c
0i
#20096025157
1t
0s
0r
1y
1c
0i
#20096025965
0t
0s
0r
1y
1c
0i
#20096026790
1t
0s
0r
1y
1c
0i
#20096027595
0t
0s
0r
1y
1c
0i
#20096028419
1t
0s
0r
1y
1c
0i
#20096029222
0t
0s
0r
1y
1c
0i
#20096030047
1t
0s
0r
1y
1c
0i
#20096030853
0t
0s
0r
1y
1c
0i
#20096031679
1t
0s
0r
1y
1c
0i
#20096032486
0t
0s
0r
1y
1c
0i
#20096033312
1t
0s
0r
1y
0c
1i
#20096034123
0t
0s
0r
1y
0c
1i
#20096034952
1t
0s
0r
1y
0c
1i
#20096035764
0t
0s
0r
1y
0c
1i
#20096036592
1t
0s
0r
1y
0c
1i
#20096037403
0t
0s
0r
1y
0c
0i
#20096038232
1t
0s
0r
1y
0c
0i
#20096039044
0t
0s
0r
1y
0c
0i
#20096039874
1t
0s
0r
1y
0c
0i
#20096040682
0t
0s
0r
1y
0c
0i
#20096041507
1t
0s
0r
1y
0c
0i
#20096042312
0t
0s
0r
1y
0c
0i
#20096043133
1t
0s
0r
1y
0c
0i
#20096043934
0t
0s
0r
1y
0c
0i
#20096044750
1t
0s
0r
1y
0c
0i
#20096045547
0t
0s
0r
1y
0c
0i
#20096046359
1t
0s
0r
1y
0c
0i
#20096047152
0t
0s
0r
1y
0c
0i
#20096047958
1t
0s
0r
1y
0c
0i
#20096048745
0t
0s
0r
1y
0c
0i
#20096049549
1t
0s
0r
1y
0c
0i
#20096050335
0t
0s
0r
1y
0c
0i
#20096051140
1t
0s
0r
1y
0c
0i
#20096051925
0t
0s
0r
1y
0c
0i
#20096052726
1t
0s
0r
1y
0c
0i
#20096053508
0t
0s
0r
1y
0c
0i
#20096054309
1t
0s
0r
1y
0c
0i
#20096055092
0t
0s
0r
1y
0c
0i
#20096055895
1t
0s
0r
1y
0c
0i
#20096056677
0t
0s
0r
1y
0c
0i
#20096057479
1t
0s
0r
1y
0c
0i
#20096058261
0t
0s
0r
1y
0c
0i
#20096059066
1t
0s
0r
1y
0c
0i
#20096059848
0t
0s
0r
1y
0c
0i
#20096060652
1t
0s
0r
1y
0c
0i
#20096061433
0t
0s
0r
1y
0c
0i
#20096062239
1t
0s
0r
1y
1c
1i
#20096063025
0t
0s
0r
1y
1c
1i
#20096063834
1t
0s
0r
1y
1c
1i
#20096064622
0t
0s
0r
1y
1c
1i
#20096065433
1t
0s
0r
1y
1c
1i
#20096066220
0t
0s
0r
1y
1c
0i
#20096067030
1t
0s
0r
1y
1c
0i
#20096067819
0t
0s
0r
1y
1c
0i
#20096068627
1t
0s
0r
1y
1c
0i
#20096069412
0t
0s
0r
1y
1c
0i
#20096070215
1t
0s
0r
1y
1c
0i
#20096070996
0t
0s
0r
1y
1c
0i
#20096071795
1t
0s
0r
1y
1c
0i
#20096072571
0t
0s
0r
1y
1c
0i
#20096073365
1t
0s
0r
1y
1c
0i
#20096074137
0t
0s
0r
1y
1c
0i
#20096074922
1t
0s
0r
1y
1c
0i
#20096075688
0t
0s
0r
1y
1c
0i
#20096076470
1t
0s
0r
1y
1c
0i
#20096077233
0t
0s
0r
1y
1c
0i
#20096078013
1t
0s
0r
1y
1c
0i
#20096078773
0t
0s
0r
1y
1c
0i
#20096080617
1t
0s
0r
1y
1c
0i
#20096081855
0t
0s
0r
1y
1c
0i
#20096082626
1t
0s
0r
1y
1c
0i
#20096083388
0t
0s
0r
1y
1c
0i
#20096084162
1t
0s
0r
1y
1c
0i
#20096084923
0t
0s
0r
1y
1c
0i
#20096085698
1t
0s
0r
1y
1c
0i
#20096086459
0t
0s
0r
1y
1c
0i
#20096087238
1t
0s
0r
1y
1c
0i
#20096087998
0t
0s
0r
1y
1c
0i
#20096088776
1t
0s
0r
1y
1c
0i
#20096089540
0t
0s
0r
1y
1c
1i
#20096090321
1t
0s
0r
1y
0c
1i
#20096091088
0t
0s
0r
1y
0c
1i
#20096091869
1t
0s
0r
1y
0c
1i
#20096092636
0t
0s
0r
1y
0c
1i
#20096093016
0t
0s
1r
1y
0c
1i
#20096093018
0t
0s
0r
1y
0c
1i
#20096093419
1t
0s
0r
1y
0c
0i
#20096094190
0t
0s
0r
1y
0c
0i
#20096094972
1t
0s
0r
1y
0c
0i
#20096095739
0t
0s
0r
1y
0c
0i
#20096096519
1t
0s
0r
1y
0c
0i
#20096097286
0t
0s
0r
1y
0c
0i
#20096098063
1t
0s
0r
1y
0c
0i
#20096098824
0t
0s
0r
1y
0c
0i
#20096099597
1t
0s
0r
1y
0c
0i
#20096100355
0t
0s
0r
1y
0c
0i
#20096101122
1t
0s
0r
1y
0c
0i
#20096101874
0t
0s
0r
1y
0c
0i
#20096102637
1t
0s
0r
1y
0c
0i
#20096103385
0t
0s
0r
1y
0c
0i
#20096104143
1t
0s
0r
1y
0c
0i
#20096104888
0t
0s
0r
1y
0c
0i
#20096105644
1t
0s
0r
1y
0c
0i
#20096106383
0t
0s
0r
1y
0c
0i
#20096107137
1t
0s
0r
1y
0c
0i
#20096107879
0t
0s
0r
1y
0c
0i
#20096108635
1t
0s
0r
1y
0c
0i
#20096109374
0t
0s
0r
1y
0c
0i
#20096110128
1t
0s
0r
1y
0c
0i
#20096110866
0t
0s
0r
1y
0c
0i
#20096111621
1t
0s
0r
1y
0c
0i
#20096112360
0t
0s
0r
1y
0c
0i
#20096113118
1t
0s
0r
1y
0c
0i
#20096113858
0t
0s
0r
1y
0c
0i
#20096114614
1t
0s
0r
1y
0c
0i
#20096115353
0t
0s
0r
1y
0c
0i
#20096116114
1t
0s
0r
1y
0c
0i
#20096116855
0t
0s
0r
1y
0c
1i
#20096117615
1t
0s
0r
1y
1c
1i
#20096118356
0t
0s
0r
1y
1c
1i
#20096119119
1t
0s
0r
1y
1c
1i
#20096119865
0t
0s
0r
1y
1c
1i
#20096120630
1t
0s
0r
1y
1c
1i
#20096121377
0t
0s
0r
1y
1c
0i
#20096122141
1t
0s
0r
1y
1c
0i
#20096122885
0t
0s
0r
1y
1c
0i
#20096123646
1t
0s
0r
1y
1c
0i
#20096124391
0t
0s
0r
1y
1c
0i
#20096125149
1t
0s
0r
1y
1c
0i
#20096125890
0t
0s
0r
1y
1c
0i
#20096126644
1t
0s
0r
1y
1c
0i
#20096127380
0t
0s
0r
1y
1c
0i
#20096128130
1t
0s
0r
1y
1c
0i
#20096128863
0t
0s
0r
1y
1c
0i
#20096129609
1t
0s
0r
1y
1c
0i
#20096130339
0t
0s
0r
1y
1c
0i
#20096131079
1t
0s
0r
1y
1c
0i
#20096131805
0t
0s
0r
1y
1c
0i
#20096132542
1t
0s
0r
1y
1c
0i
#20096133264
0t
0s
0r
1y
1c
0i
#20096135003
1t
0s
0r
1y
1c
0i
#20096136186
0t
0s
0r
1y
1c
0i
#20096136913
1t
0s
0r
1y
1c
0i
#20096137637
0t
0s
0r
1y
1c
0i
#20096138371
1t
0s
0r
1y
1c
0i
#20096139093
0t
0s
0r
1y
1c
0i
#20096139826
1t
0s
0r
1y
1c
0i
#20096140547
0t
0s
0r
1y
1c
0i
#20096141281
1t
0s
0r
1y
1c
0i
#20096142005
0t
0s
0r
1y
1c
0i
#20096142742
1t
0s
0r
1y
1c
0i
#20096143467
0t
0s
0r
1y
1c
1i
#20096144203
1t
0s
0r
1y
0c
1i
#20096144932
0t
0s
0r
1y
0c
1i
#20096145673
1t
0s
0r
1y
0c
1i
#20096146402
0t
0s
0r
1y
0c
1i
#20096147140
1t
0s
0r
1y
0c
1i
#20096147869
0t
0s
0r
1y
0c
0i
#20096148608
1t
0s
0r
1y
0c
0i
#20096149338
0t
0s
0r
1y
0c
0i
#20096150078
1t
0s
0r
1y
0c
0i
#20096150805
0t
0s
0r
1y
0c
0i
#20096151540
1t
0s
0r
1y
0c
0i
#20096152265
0t
0s
0r
1y
0c
0i
#20096152998
1t
0s
0r
1y
0c
0i
#20096153721
0t
0s
0r
1y
0c
0i
#20096154449
1t
0s
0r
1y
0c
0i
#20096155167
0t
0s
0r
1y
0c
0i
#20096155892
1t
0s
0r
1y
0c
0i
#20096156608
0t
0s
0r
1y
0c
0i
#20096157330
1t
0s
0r
1y
0c
0i
#20096158042
0t
0s
0r
1y
0c
0i
#20096158763
1t
0s
0r
1y
0c
0i
#20096159473
0t
0s
0r
1y
0c
0i
#20096160191
1t
0s
0r
1y
0c
0i
#20096160899
0t
0s
0r
1y
0c
0i
#20096161617
1t
0s
0r
1y
0c
0i
#20096162324
0t
0s
0r
1y
0c
0i
#20096163042
1t
0s
0r
1y
0c
0i
#20096163749
0t
0s
0r
1y
0c
0i
#20096164467
1t
0s
0r
1y
0c
0i
#20096165172
0t
0s
0r
1y
0c
0i
#20096165890
1t
0s
0r
1y
0c
0i
#20096166596
0t
0s
0r
1y
0c
0i
#20096167315
1t
0s
0r
1y
0c
0i
#20096168019
0t
0s
0r
1y
0c
0i
#20096168740
1t
0s
0r
1y
0c
0i
#20096169447
0t
0s
0r
1y
0c
1i
#20096170172
1t
0s
0r
1y
1c
1i
#20096170881
0t
0s
0r
1y
1c
1i
#20096171604
1t
0s
0r
1y
1c
1i
#20096172315
0t
0s
0r
1y
1c
1i
#20096173041
1t
0s
0r
1y
1c
1i
#20096173753
0t
0s
0r
1y
1c
0i
#20096174480
1t
0s
0r
1y
1c
0i
#20096175192
0t
0s
0r
1y
1c
0i
#20096175916
1t
0s
0r
1y
1c
0i
#20096176627
0t
0s
0r
1y
1c
0i
#20096177350
1t
0s
0r
1y
1c
0i
#20096178059
0t
0s
0r
1y
1c
0i
#20096178781
1t
0s
0r
1y
1c
0i
#20096179488
0t
0s
0r
1y
1c
0i
#20096180209
1t
0s
0r
1y
1c
0i
#20096180917
0t
0s
0r
1y
1c
0i
#20096181638
1t
0s
0r
1y
1c
0i
#20096182347
0t
0s
0r
1y
1c
0i
#20096183067
1t
0s
0r
1y
1c
0i
#20096183778
0t
0s
0r
1y
1c
0i
#20096184499
1t
0s
0r
1y
1c
0i
#20096185208
0t
0s
0r
1y
1c
0i
#20096186909
1t
0s
0r
1y
1c
0i
#20096188088
0t
0s
0r
1y
1c
0i
#20096188805
1t
0s
0r
1y
1c
0i
#20096189521
0t
0s
0r
1y
1c
0i
#20096190246
1t
0s
0r
1y
1c
0i
#20096190962
0t
0s
0r
1y
1c
0i
#20096191688
1t
0s
0r
1y
1c
0i
#20096192402
0t
0s
0r
1y
1c
0i
#20096193130
1t
0s
0r
1y
1c
0i
#20096193847
0t
0s
0r
1y
1c
0i
#20096194578
1t
0s
0r
1y
1c
0i
#20096195298
0t
0s
0r
1y
0c
1i
#20096196028
1t
0s
0r
1y
0c
1i
#20096196749
0t
0s
0r
1y
0c
1i
#20096197484
1t
0s
0r
1y
0c
1i
#20096197991
1t
0s
1r
1y
0c
1i
#20096197993
1t
0s
0r
1y
0c
1i
#20096198208
0t
0s
0r
1y
0c
1i
#20096198943
1t
0s
0r
1y
0c
1i
#20096199667
0t
0s
0r
1y
0c
0i
#20096200402
1t
0s
0r
1y
0c
0i
#20096201128
0t
0s
0r
1y
0c
0i
#20096201862
1t
0s
0r
1y
0c
0i
#20096202586
0t
0s
0r
1y
0c
0i
#20096203317
1t
0s
0r
1y
0c
0i
#20096204035
0t
0s
0r
1y
0c
0i
#20096204764
1t
0s
0r
1y
0c
0i
#20096205483
0t
0s
0r
1y
0c
0i
#20096206211
1t
0s
0r
1y
0c
0i
#20096206929
0t
0s
0r
1y
0c
0i
#20096207655
1t
0s
0r
1y
0c
0i
#20096208371
0t
0s
0r
1y
0c
0i
#20096209094
1t
0s
0r
1y
0c
0i
#20096209810
0t
0s
0r
1y
0c
0i
#20096210536
1t
0s
0r
1y
0c
0i
#20096211251
0t
0s
0r
1y
0c
0i
#20096211975
1t
0s
0r
1y
0c
0i
#20096212689
0t
0s
0r
1y
0c
0i
#20096213413
1t
0s
0r
1y
0c
0i
#20096214128
0t
0s
0r
1y
0c
0i
#20096214854
1t
0s
0r
1y
0c
0i
#20096215568
0t
0s
0r
1y
0c
0i
#20096216294
1t
0s
0r
1y
0c
0i
#20096217006
0t
0s
0r
1y
0c
0i
#20096217733
1t
0s
0r
1y
0c
0i
#20096218446
0t
0s
0r
1y
0c
0i
#20096219175
1t
0s
0r
1y
0c
0i
#20096219888
0t
0s
0r
1y
0c
0i
#20096220617
1t
0s
0r
1y
0c
1i
#20096221333
0t
0s
0r
1y
1c
1i
#20096222067
1t
0s
0r
1y
1c
1i
#20096222785
0t
0s
0r
1y
1c
1i
#20096223518
1t
0s
0r
1y
1c
1i
#20096224237
0t
0s
0r
1y
1c
1i
#20096224972
1t
0s
0r
1y
1c
1i
#20096225694
0t
0s
0r
1y
1c
0i
#20096226430
1t
0s
0r
1y
1c
0i
#20096227149
0t
0s
0r
1y
1c
0i
#20096227883
1t
0s
0r
1y
1c
0i
#20096228602
0t
0s
0r
1y
1c
0i
#20096229335
1t
0s
0r
1y
1c
0i
#20096230052
0t
0s
0r
1y
1c
0i
#20096230781
1t
0s
0r
1y
1c
0i
#20096231494
0t
0s
0r
1y
1c
0i
#20096232221
1t
0s
0r
1y
1c
0i
#20096232935
0t
0s
0r
1y
1c
0i
#20096233660
1t
0s
0r
1y
1c
0i
#20096234373
0t
0s
0r
1y
1c
0i
#20096235096
1t
0s
0r
1y
1c
0i
#20096235806
0t
0s
0r
1y
1c
0i
#20096236528
1t
0s
0r
1y
1c
0i
#20096237238
0t
0s
0r
1y
1c
0i
#20096238940
1t
0s
0r
1y
1c
0i
#20096240111
0t
0s
0r
1y
1c
0i
#20096240825
1t
0s
0r
1y
1c
0i
#20096241539
0t
0s
0r
1y
1c
0i
#20096242259
1t
0s
0r
1y
1c
0i
#20096242972
0t
0s
0r
1y
1c
0i
#20096243694
1t
0s
0r
1y
1c
0i
#20096244405
0t
0s
0r
1y
1c
0i
#20096245128
1t
0s
0r
1y
1c
0i
#20096245842
0t
0s
0r
1y
1c
0i
#20096246569
1t
0s
0r
1y
1c
1i
#20096247285
0t
0s
0r
1y
0c
1i
#20096248010
1t
0s
0r
1y
0c
1i
#20096248729
0t
0s
0r
1y
0c
1i
#20096249457
1t
0s
0r
1y
0c
1i
#20096250178
0t
0s
0r
1y
0c
1i
#20096250908
1t
0s
0r
1y
0c
1i
#20096251630
0t
0s
0r
1y
0c
0i
#20096252359
1t
0s
0r
1y
0c
0i
#20096253081
0t
0s
0r
1y
0c
0i
#20096253812
1t
0s
0r
1y
0c
0i
#20096254532
0t
0s
0r
1y
0c
0i
#20096255260
1t
0s
0r
1y
0c
0i
#20096255976
0t
0s
0r
1y
0c
0i
#20096256702
1t
0s
0r
1y
0c
0i
#20096257418
0t
0s
0r
1y
0c
0i
#20096258143
1t
0s
0r
1y
0c
0i
#20096258857
0t
0s
0r
1y
0c
0i
#20096259581
1t
0s
0r
1y
0c
0i
#20096260293
0t
0s
0r
1y
0c
0i
#20096261014
1t
0s
0r
1y
0c
0i
#20096261726
0t
0s
0r
1y
0c
0i
#20096262448
1t
0s
0r
1y
0c
0i
#20096263160
0t
0s
0r
1y
0c
0i
#20096263881
1t
0s
0r
1y
0c
0i
#20096264591
0t
0s
0r
1y
0c
0i
#20096265312
1t
0s
0r
1y
0c
0i
#20096266023
0t
0s
0r
1y
0c
0i
#20096266746
1t
0s
0r
1y
0c
0i
#20096267457
0t
0s
0r
1y
0c
0i
#20096268179
1t
0s
0r
1y
0c
0i
#20096268889
0t
0s
0r
1y
0c
0i
#20096269612
1t
0s
0r
1y
0c
0i
#20096270321
0t
0s
0r
1y
0c
0i
#20096271047
1t
0s
0r
1y
0c
0i
#20096271759
0t
0s
0r
1y
0c
0i
#20096272484
1t
0s
0r
1y
0c
1i
#20096273196
0t
0s
0r
1y
1c
1i
#20096273927
1t
0s
0r
1y
1c
1i
#20096274642
0t
0s
0r
1y
1c
1i
#20096275372
1t
0s
0r
1y
1c
1i
#20096276088
0t
0s
0r
1y
1c
1i
#20096276822
1t
0s
0r
1y
1c
1i
#20096277541
0t
0s
0r
1y
1c
1i
#20096278275
1t
0s
0r
1y
1c
0i
#20096278994
0t
0s
0r
1y
1c
0i
#20096279724
1t
0s
0r
1y
1c
0i
#20096280441
0t
0s
0r
1y
1c
0i
#20096281169
1t
0s
0r
1y
1c
0i
#20096281882
0t
0s
0r
1y
1c
0i
#20096282606
1t
0s
0r
1y
1c
0i
#20096283313
0t
0s
0r
1y
1c
0i
#20096284032
1t
0s
0r
1y
1c
0i
#20096284738
0t
0s
0r
1y
1c
0i
#20096285452
1t
0s
0r
1y
1c
0i
#20096286152
0t
0s
0r
1y
1c
0i
#20096286860
1t
0s
0r
1y
1c
0i
#20096287558
0t
0s
0r
1y
1c
0i
#20096288263
1t
0s
0r
1y
1c
0i
#20096288955
0t
0s
0r
1y
1c
0i
#20096290607
1t
0s
0r
1y
1c
0i
#20096291753
0t
0s
0r
1y
1c
0i
#20096292447
1t
0s
0r
1y
1c
0i
#20096293139
0t
0s
0r
1y
1c
0i
#20096293838
1t
0s
0r
1y
1c
0i
#20096294531
0t
0s
0r
1y
1c
0i
#20096295235
1t
0s
0r
1y
1c
0i
#20096295927
0t
0s
0r
1y
1c
0i
#20096296628
1t
0s
0r
1y
1c
0i
#20096297320
0t
0s
0r
1y
1c
0i
#20096298024
1t
0s
0r
1y
1c
1i
#20096298720
0t
0s
0r
1y
0c
1i
#20096299427
1t
0s
0r
1y
0c
1i
#20096300127
0t
0s
0r
1y
0c
1i
#20096300835
1t
0s
0r
1y
0c
1i
#20096301418
1t
0s
1r
1y
0c
1i
#20096301421
1t
0s
0r
1y
0c
1i
#20096301537
0t
0s
0r
1y
0c
1i
#20096302249
1t
0s
0r
1y
0c
1i
#20096302953
0t
0s
0r
1y
0c
0i
#20096303663
1t
0s
0r
1y
0c
0i
#20096304365
0t
0s
0r
1y
0c
0i
#20096305074
1t
0s
0r
1y
0c
0i
#20096305776
0t
0s
0r
1y
0c
0i
#20096306483
1t
0s
0r
1y
0c
0i
#20096307180
0t
0s
0r
1y
0c
0i
#20096307880
1t
0s
0r
1y
0c
0i
#20096308573
0t
0s
0r
1y
0c
0i
#20096309269
1t
0s
0r
1y
0c
0i
#20096309956
0t
0s
0r
1y
0c
0i
#20096310646
1t
0s
0r
1y
0c
0i
#20096311328
0t
0s
0r
1y
0c
0i
#20096312012
1t
0s
0r
1y
0c
0i
#20096312690
0t
0s
0r
1y
0c
0i
#20096313373
1t
0s
0r
1y
0c
0i
#20096314048
0t
0s
0r
1y
0c
0i
#20096314730
1t
0s
0r
1y
0c
0i
#20096315404
0t
0s
0r
1y
0c
0i
#20096316084
1t
0s
0r
1y
0c
0i
#20096316756
0t
0s
0r
1y
0c
0i
#20096317437
1t
0s
0r
1y
0c
0i
#20096318109
0t
0s
0r
1y
0c
0i
#20096318792
1t
0s
0r
1y
0c
0i
#20096319464
0t
0s
0r
1y
0c
0i
#20096320145
1t
0s
0r
1y
0c
0i
#20096320815
0t
0s
0r
1y
0c
0i
#20096321499
1t
0s
0r
1y
0c
0i
#20096322173
0t
0s
0r
1y
0c
0i
#20096322859
1t
0s
0r
1y
0c
1i
#20096323533
0t
0s
0r
1y
1c
1i
#20096324221
1t
0s
0r
1y
1c
1i
#20096324897
0t
0s
0r
1y
1c
1i
#20096325585
1t
0s
0r
1y
1c
1i
#20096326264
0t
0s
0r
1y
1c
1i
#20096326955
1t
0s
0r
1y
1c
1i
#20096327635
0t
0s
0r
1y
1c
0i
#20096328325
1t
0s
0r
1y
1c
0i
#20096329006
0t
0s
0r
1y
1c
0i
#20096329697
1t
0s
0r
1y
1c
0i
#20096330376
0t
0s
0r
1y
1c
0i
#20096331062
1t
0s
0r
1y
1c
0i
#20096331737
0t
0s
0r
1y
1c
0i
#20096332421
1t
0s
0r
1y
1c
0i
#20096333094
0t
0s
0r
1y
1c
0i
#20096333776
1t
0s
0r
1y
1c
0i
#20096334448
0t
0s
0r
1y
1c
0i
#20096335124
1t
0s
0r
1y
1c
0i
#20096335790
0t
0s
0r
1y
1c
0i
#20096336462
1t
0s
0r
1y
1c
0i
#20096337128
0t
0s
0r
1y
1c
0i
#20096337800
1t
0s
0r
1y
1c
0i
#20096338461
0t
0s
0r
1y
1c
0i
#20096340032
1t
0s
0r
1y
1c
0i
#20096341124
0t
0s
0r
1y
1c
0i
#20096341783
1t
0s
0r
1y
1c
0i
#20096342445
0t
0s
0r
1y
1c
0i
#20096343109
1t
0s
0r
1y
1c
0i
#20096343769
0t
0s
0r
1y
1c
0i
#20096344435
1t
0s
0r
1y
1c
0i
#20096345094
0t
0s
0r
1y
1c
0i
#20096345761
1t
0s
0r
1y
1c
0i
#20096346423
0t
0s
0r
1y
1c
1i
#20096347090
1t
0s
0r
1y
1c
1i
#20096347753
0t
0s
0r
1y
0c
1i
#20096348421
1t
0s
0r
1y
0c
1i
#20096349088
0t
0s
0r
1y
0c
1i
#20096349760
1t
0s
0r
1y
0c
1i
#20096350428
0t
0s
0r
1y
0c
1i
#20096351098
1t
0s
0r
1y
0c
1i
#20096351766
0t
0s
0r
1y
0c
1i
#20096352437
1t
0s
0r
1y
0c
0i
#20096353106
0t
0s
0r
1y
0c
0i
#20096353777
1t
0s
0r
1y
0c
0i
#20096354442
0t
0s
0r
1y
0c
0i
#20096355113
1t
0s
0r
1y
0c
0i
#20096355777
0t
0s
0r
1y
0c
0i
#20096356446
1t
0s
0r
1y
0c
0i
#20096357109
0t
0s
0r
1y
0c
0i
#20096357774
1t
0s
0r
1y
0c
0i
#20096358432
0t
0s
0r
1y
0c
0i
#20096359094
1t
0s
0r
1y
0c
0i
#20096359752
0t
0s
0r
1y
0c
0i
#20096360413
1t
0s
0r
1y
0c
0i
#20096361068
0t
0s
0r
1y
0c
0i
#20096361725
1t
0s
0r
1y
0c
0i
#20096362377
0t
0s
0r
1y
0c
0i
#20096363034
1t
0s
0r
1y
0c
0i
#20096363685
0t
0s
0r
1y
0c
0i
#20096364341
1t
0s
0r
1y
0c
0i
#20096364992
0t
0s
0r
1y
0c
0i
#20096365646
1t
0s
0r
1y
0c
0i
#20096366294
0t
0s
0r
1y
0c
0i
#20096366948
1t
0s
0r
1y
0c
0i
#20096367597
0t
0s
0r
1y
0c
0i
#20096368255
1t
0s
0r
1y
0c
0i
#20096368902
0t
0s
0r
1y
0c
0i
#20096369557
1t
0s
0r
1y
0c
0i
#20096370203
0t
0s
0r
1y
0c
1i
#20096370861
1t
0s
0r
1y
0c
1i
#20096371510
0t
0s
0r
1y
1c
1i
#20096372171
1t
0s
0r
1y
1c
1i
#20096372822
0t
0s
0r
1y
1c
1i
#20096373482
1t
0s
0r
1y
1c
1i
#20096374134
0t
0s
0r
1y
1c
1i
#20096374797
1t
0s
0r
1y
1c
1i
#20096375452
0t
0s
0r
1y
1c
1i
#20096376116
1t
0s
0r
1y
1c
0i
#20096376771
0t
0s
0r
1y
1c
0i
#20096377433
1t
0s
0r
1y
1c
0i
#20096378086
0t
0s
0r
1y
1c
0i
#20096378746
1t
0s
0r
1y
1c
0i
#20096379397
0t
0s
0r
1y
1c
0i
#20096380054
1t
0s
0r
1y
1c
0i
#20096380699
0t
0s
0r
1y
1c
0i
#20096381351
1t
0s
0r
1y
1c
0i
#20096381995
0t
0s
0r
1y
1c
0i
#20096382643
1t
0s
0r
1y
1c
0i
#20096383283
0t
0s
0r
1y
1c
0i
#20096383924
1t
0s
0r
1y
1c
0i
#20096384559
0t
0s
0r
1y
1c
0i
#20096385199
1t
0s
0r
1y
1c
0i
#20096385832
0t
0s
0r
1y
1c
0i
#20096387321
1t
0s
0r
1y
1c
0i
#20096388377
0t
0s
0r
1y
1c
0i
#20096389005
1t
0s
0r
1y
1c
0i
#20096389638
0t
0s
0r
1y
1c
0i
#20096390272
1t
0s
0r
1y
1c
0i
#20096390903
0t
0s
0r
1y
1c
0i
#20096391537
1t
0s
0r
1y
1c
0i
#20096392167
0t
0s
0r
1y
1c
0i
#20096392802
1t
0s
0r
1y
1c
0i
#20096393433
0t
0s
0r
1y
1c
1i
#20096394070
1t
0s
0r
1y
1c
1i
#20096394702
0t
0s
0r
1y
0c
1i
#20096395339
1t
0s
0r
1y
0c
1i
#20096395972
0t
0s
0r
1y
0c
1i
#20096396611
1t
0s
0r
1y
0c
1i
#20096397247
0t
0s
0r
1y
0c
1i
#20096397405
0t
0s
1r
1y
0c
1i
#20096397407
0t
0s
0r
1y
0c
1i
#20096397888
1t
0s
0r
1y
0c
1i
#20096398526
0t
0s
0r
1y
0c
1i
#20096399166
1t
0s
0r
1y
0c
0i
#20096399804
0t
0s
0r
1y
0c
0i
#20096400444
1t
0s
0r
1y
0c
0i
#20096401081
0t
0s
0r
1y
0c
0i
#20096401718
1t
0s
0r
1y
0c
0i
#20096402351
0t
0s
0r
1y
0c
0i
#20096402987
1t
0s
0r
1y
0c
0i
#20096403621
0t
0s
0r
1y
0c
0i
#20096404256
1t
0s
0r
1y
0c
0i
#20096404887
0t
0s
0r
1y
0c
0i
#20096405518
1t
0s
0r
1y
0c
0i
#20096406146
0t
0s
0r
1y
0c
0i
#20096406776
1t
0s
0r
1y
0c
0i
#20096407403
0t
0s
0r
1y
0c
0i
#20096408031
1t
0s
0r
1y
0c
0i
#20096408656
0t
0s
0r
1y
0c
0i
#20096409282
1t
0s
0r
1y
0c
0i
#20096409904
0t
0s
0r
1y
0c
0i
#20096410529
1t
0s
0r
1y
0c
0i
#20096411152
0t
0s
0r
1y
0c
0i
#20096411777
1t
0s
0r
1y
0c
0i
#20096412398
0t
0s
0r
1y
0c
0i
#20096413023
1t
0s
0r
1y
0c
0i
#20096413642
0t
0s
0r
1y
0c
0i
#20096414268
1t
0s
0r
1y
0c
0i
#20096414889
0t
0s
0r
1y
0c
0i
#20096415516
1t
0s
0r
1y
0c
0i
#20096416136
0t
0s
0r
1y
0c
1i
#20096416763
1t
0s
0r
1y
0c
1i
#20096417383
0t
0s
0r
1y
1c
1i
#20096418012
1t
0s
0r
1y
1c
1i
#20096418635
0t
0s
0r
1y
1c
1i
#20096419266
1t
0s
0r
1y
1c
1i
#20096419890
0t
0s
0r
1y
1c
1i
#20096420521
1t
0s
0r
1y
1c
1i
#20096421146
0t
0s
0r
1y
1c
1i
#20096421780
1t
0s
0r
1y
1c
1i
#20096422405
0t
0s
0r
1y
1c
0i
#20096423036
1t
0s
0r
1y
1c
0i
#20096423659
0t
0s
0r
1y
1c
0i
#20096424287
1t
0s
0r
1y
1c
0i
#20096424910
0t
0s
0r
1y
1c
0i
#20096425537
1t
0s
0r
1y
1c
0i
#20096426156
0t
0s
0r
1y
1c
0i
#20096426779
1t
0s
0r
1y
1c
0i
#20096427396
0t
0s
0r
1y
1c
0i
#20096428016
1t
0s
0r
1y
1c
0i
#20096428631
0t
0s
0r
1y
1c
0i
#20096429245
1t
0s
0r
1y
1c
0i
#20096429857
0t
0s
0r
1y
1c
0i
#20096430470
1t
0s
0r
1y
1c
0i
#20096431078
0t
0s
0r
1y
1c
0i
#20096432499
1t
0s
0r
1y
1c
0i
#20096433520
0t
0s
0r
1y
1c
0i
#20096434120
1t
0s
0r
1y
1c
0i
#20096434726
0t
0s
0r
1y
1c
0i
#20096435332
1t
0s
0r
1y
1c
0i
#20096435939
0t
0s
0r
1y
1c
0i
#20096436547
1t
0s
0r
1y
1c
0i
#20096437152
0t
0s
0r
1y
1c
0i
#20096437759
1t
0s
0r
1y
1c
0i
#20096438364
0t
0s
0r
1y
1c
1i
#20096438972
1t
0s
0r
1y
1c
1i
#20096439581
0t
0s
0r
1y
0c
1i
#20096440191
1t
0s
0r
1y
0c
1i
#20096440801
0t
0s
0r
1y
0c
1i
#20096441410
1t
0s
0r
1y
0c
1i
#20096442021
0t
0s
0r
1y
0c
1i
#20096442631
1t
0s
0r
1y
0c
1i
#20096443243
0t
0s
0r
1y
0c
1i
#20096443855
1t
0s
0r
1y
0c
1i
#20096444469
0t
0s
0r
1y
0c
0i
#20096445080
1t
0s
0r
1y
0c
0i
#20096445691
0t
0s
0r
1y
0c
0i
#20096446303
1t
0s
0r
1y
0c
0i
#20096446914
0t
0s
0r
1y
0c
0i
#20096447523
1t
0s
0r
1y
0c
0i
#20096448131
0t
0s
0r
1y
0c
0i
#20096448739
1t
0s
0r
1y
0c
0i
#20096449346
0t
0s
0r
1y
0c
0i
#20096449953
1t
0s
0r
1y
0c
0i
#20096450559
0t
0s
0r
1y
0c
0i
#20096451163
1t
0s
0r
1y
0c
0i
#20096451765
0t
0s
0r
1y
0c
0i
#20096452367
1t
0s
0r
1y
0c
0i
#20096452968
0t
0s
0r
1y
0c
0i
#20096453569
1t
0s
0r
1y
0c
0i
#20096454167
0t
0s
0r
1y
0c
0i
#20096454766
1t
0s
0r
1y
0c
0i
#20096455364
0t
0s
0r
1y
0c
0i
#20096455964
1t
0s
0r
1y
0c
0i
#20096456560
0t
0s
0r
1y
0c
0i
#20096457156
1t
0s
0r
1y
0c
0i
#20096457751
0t
0s
0r
1y
0c
0i
#20096458349
1t
0s
0r
1y
0c
0i
#20096458944
0t
0s
0r
1y
0c
0i
#20096459543
1t
0s
0r
1y
0c
0i
#20096460137
0t
0s
0r
1y
0c
1i
#20096460735
1t
0s
0r
1y
0c
1i
#20096461328
0t
0s
0r
1y
1c
1i
#20096461927
1t
0s
0r
1y
1c
1i
#20096462524
0t
0s
0r
1y
1c
1i
#20096463125
1t
0s
0r
1y
1c
1i
#20096463723
0t
0s
0r
1y
1c
1i
#20096464325
1t
0s
0r
1y
1c
1i
#20096464922
0t
0s
0r
1y
1c
1i
#20096465523
1t
0s
0r
1y
1c
1i
#20096466122
0t
0s
0r
1y
1c
0i
#20096466724
1t
0s
0r
1y
1c
0i
#20096467320
0t
0s
0r
1y
1c
0i
#20096467918
1t
0s
0r
1y
1c
0i
#20096468513
0t
0s
0r
1y
1c
0i
#20096469111
1t
0s
0r
1y
1c
0i
#20096469702
0t
0s
0r
1y
1c
0i
#20096470293
1t
0s
0r
1y
1c
0i
#20096470880
0t
0s
0r
1y
1c
0i
#20096471467
1t
0s
0r
1y
1c
0i
#20096472054
0t
0s
0r
1y
1c
0i
#20096472639
1t
0s
0r
1y
1c
0i
#20096473221
0t
0s
0r
1y
1c
0i
#20096473803
1t
0s
0r
1y
1c
0i
#20096474381
0t
0s
0r
1y
1c
0i
#20096475731
1t
0s
0r
1y
1c
0i
#20096476708
0t
0s
0r
1y
1c
0i
#20096477280
1t
0s
0r
1y
1c
0i
#20096477859
0t
0s
0r
1y
1c
0i
#20096478435
1t
0s
0r
1y
1c
0i
#20096479014
0t
0s
0r
1y
1c
0i
#20096479592
1t
0s
0r
1y
1c
0i
#20096480171
0t
0s
0r
1y
1c
0i
#20096480747
1t
0s
0r
1y
1c
1i
#20096481324
0t
0s
0r
1y
1c
1i
#20096481902
1t
0s
0r
1y
0c
1i
#20096482480
0t
0s
0r
1y
0c
1i
#20096483059
1t
0s
0r
1y
0c
1i
#20096483640
0t
0s
0r
1y
0c
1i
#20096484219
1t
0s
0r
1y
0c
1i
#20096484800
0t
0s
0r
1y
0c
1i
#20096484951
0t
0s
1r
1y
0c
1i
#20096484953
0t
0s
0r
1y
0c
1i
#20096485382
1t
0s
0r
1y
0c
1i
#20096485964
0t
0s
0r
1y
0c
1i
#20096486544
1t
0s
0r
1y
0c
1i
#20096487126
0t
0s
0r
1y
0c
0i
#20096487707
1t
0s
0r
1y
0c
0i
#20096488289
0t
0s
0r
1y
0c
0i
#20096488869
1t
0s
0r
1y
0c
0i
#20096489448
0t
0s
0r
1y
0c
0i
#20096490025
1t
0s
0r
1y
0c
0i
#20096490602
0t
0s
0r
1y
0c
0i
#20096491176
1t
0s
0r
1y
0c
0i
#20096491751
0t
0s
0r
1y
0c
0i
#20096492322
1t
0s
0r
1y
0c
0i
#20096492895
0t
0s
0r
1y
0c
0i
#20096493462
1t
0s
0r
1y
0c
0i
#20096494030
0t
0s
0r
1y
0c
0i
#20096494595
1t
0s
0r
1y
0c
0i
#20096495162
0t
0s
0r
1y
0c
0i
#20096495729
1t
0s
0r
1y
0c
0i
#20096496295
0t
0s
0r
1y
0c
0i
#20096496858
1t
0s
0r
1y
0c
0i
#20096497422
0t
0s
0r
1y
0c
0i
#20096497986
1t
0s
0r
1y
0c
0i
#20096498550
0t
0s
0r
1y
0c
0i
#20096499114
1t
0s
0r
1y
0c
0i
#20096499678
0t
0s
0r
1y
0c
0i
#20096500242
1t
0s
0r
1y
0c
0i
#20096500805
0t
0s
0r
1y
0c
0i
#20096501369
1t
0s
0r
1y
0c
1i
#20096501931
0t
0s
0r
1y
0c
1i
#20096502497
1t
0s
0r
1y
1c
1i
#20096503060
0t
0s
0r
1y
1c
1i
#20096503625
1t
0s
0r
1y
1c
1i
#20096504191
0t
0s
0r
1y
1c
1i
#20096504758
1t
0s
0r
1y
1c
1i
#20096505324
0t
0s
0r
1y
1c
1i
#20096505891
1t
0s
0r
1y
1c
1i
#20096506456
0t
0s
0r
1y
1c
1i
#20096507023
1t
0s
0r
1y
1c
1i
#20096507590
0t
0s
0r
1y
1c
0i
#20096508158
1t
0s
0r
1y
1c
0i
#20096508724
0t
0s
0r
1y
1c
0i
#20096509288
1t
0s
0r
1y
1c
0i
#20096509850
0t
0s
0r
1y
1c
0i
#20096510414
1t
0s
0r
1y
1c
0i
#20096510975
0t
0s
0r
1y
1c
0i
#20096511535
1t
0s
0r
1y
1c
0i
#20096512092
0t
0s
0r
1y
1c
0i
#20096512647
1t
0s
0r
1y
1c
0i
#20096513204
0t
0s
0r
1y
1c
0i
#20096513757
1t
0s
0r
1y
1c
0i
#20096514311
0t
0s
0r
1y
1c
0i
#20096514861
1t
0s
0r
1y
1c
0i
#20096515411
0t
0s
0r
1y
1c
0i
#20096516692
1t
0s
0r
1y
1c
0i
#20096517617
0t
0s
0r
1y
1c
0i
#20096518158
1t
0s
0r
1y
1c
0i
#20096518708
0t
0s
0r
1y
1c
0i
#20096519254
1t
0s
0r
1y
1c
0i
#20096519804
0t
0s
0r
1y
1c
0i
#20096520350
1t
0s
0r
1y
1c
0i
#20096520899
0t
0s
0r
1y
1c
0i
#20096521445
1t
0s
0r
1y
1c
1i
#20096521993
0t
0s
0r
1y
1c
1i
#20096522539
1t
0s
0r
1y
0c
1i
#20096523089
0t
0s
0r
1y
0c
1i
#20096523636
1t
0s
0r
1y
0c
1i
#20096524188
0t
0s
0r
1y
0c
1i
#20096524734
1t
0s
0r
1y
0c
1i
#20096525284
0t
0s
0r
1y
0c
1i
#20096525831
1t
0s
0r
1y
0c
1i
#20096526383
0t
0s
0r
1y
0c
1i
#20096526931
1t
0s
0r
1y
0c
1i
#20096527483
0t
0s
0r
1y
0c
0i
#20096528030
1t
0s
0r
1y
0c
0i
#20096528580
0t
0s
0r
1y
0c
0i
#20096529124
1t
0s
0r
1y
0c
0i
#20096529672
0t
0s
0r
1y
0c
0i
#20096530217
1t
0s
0r
1y
0c
0i
#20096530764
0t
0s
0r
1y
0c
0i
#20096531305
1t
0s
0r
1y
0c
0i
#20096531848
0t
0s
0r
1y
0c
0i
#20096532387
1t
0s
0r
1y
0c
0i
#20096532929
0t
0s
0r
1y
0c
0i
#20096533466
1t
0s
0r
1y
0c
0i
#20096534006
0t
0s
0r
1y
0c
0i
#20096534540
1t
0s
0r
1y
0c
0i
#20096535078
0t
0s
0r
1y
0c
0i
#20096535612
1t
0s
0r
1y
0c
0i
#20096536149
0t
0s
0r
1y
0c
0i
#20096536682
1t
0s
0r
1y
0c
0i
#20096537218
0t
0s
0r
1y
0c
0i
#20096537751
1t
0s
0r
1y
0c
0i
#20096538286
0t
0s
0r
1y
0c
0i
#20096538819
1t
0s
0r
1y
0c
0i
#20096539354
0t
0s
0r
1y
0c
0i
#20096539887
1t
0s
0r
1y
0c
0i
#20096540421
0t
0s
0r
1y
0c
0i
#20096540953
1t
0s
0r
1y
0c
1i
#20096541487
0t
0s
0r
1y
1c
1i
#20096542021
1t
0s
0r
1y
1c
1i
#20096542555
0t
0s
0r
1y
1c
1i
#20096543088
1t
0s
0r
1y
1c
1i
#20096543622
0t
0s
0r
1y
1c
1i
#20096544157
1t
0s
0r
1y
1c
1i
#20096544693
0t
0s
0r
1y
1c
1i
#20096545230
1t
0s
0r
1y
1c
1i
#20096545767
0t
0s
0r
1y
1c
1i
#20096546301
1t
0s
0r
1y
1c
1i
#20096546836
0t
0s
0r
1y
1c
1i
#20096547371
1t
0s
0r
1y
1c
0i
#20096547906
0t
0s
0r
1y
1c
0i
#20096548438
1t
0s
0r
1y
1c
0i
#20096548971
0t
0s
0r
1y
1c
0i
#20096549499
1t
0s
0r
1y
1c
0i
#20096550028
0t
0s
0r
1y
1c
0i
#20096550554
1t
0s
0r
1y
1c
0i
#20096551081
0t
0s
0r
1y
1c
0i
#20096551603
1t
0s
0r
1y
1c
0i
#20096552128
0t
0s
0r
1y
1c
0i
#20096552647
1t
0s
0r
1y
1c
0i
#20096553170
0t
0s
0r
1y
1c
0i
#20096553688
1t
0s
0r
1y
1c
0i
#20096554208
0t
0s
0r
1y
1c
0i
#20096555414
1t
0s
0r
1y
1c
0i
#20096556288
0t
0s
0r
1y
1c
0i
#20096556797
1t
0s
0r
1y
1c
0i
#20096557319
0t
0s
0r
1y
1c
0i
#20096557834
1t
0s
0r
1y
1c
0i
#20096558353
0t
0s
0r
1y
1c
0i
#20096558868
1t
0s
0r
1y
1c
0i
#20096559386
0t
0s
0r
1y
1c
1i
#20096559900
1t
0s
0r
1y
1c
1i
#20096560419
0t
0s
0r
1y
0c
1i
#20096560935
1t
0s
0r
1y
0c
1i
#20096561454
0t
0s
0r
1y
0c
1i
#20096561969
1t
0s
0r
1y
0c
1i
#20096562489
0t
0s
0r
1y
0c
1i
#20096563004
1t
0s
0r
1y
0c
1i
#20096563526
0t
0s
0r
1y
0c
1i
#20096563721
0t
0s
1r
1y
0c
1i
#20096563724
0t
0s
0r
1y
0c
1i
#20096564043
1t
0s
0r
1y
0c
1i
#20096564565
0t
0s
0r
1y
0c
1i
#20096565082
1t
0s
0r
1y
0c
1i
#20096565605
0t
0s
0r
1y
0c
0i
#20096566122
1t
0s
0r
1y
0c
0i
#20096566643
0t
0s
0r
1y
0c
0i
#20096567158
1t
0s
0r
1y
0c
0i
#20096567676
0t
0s
0r
1y
0c
0i
#20096568187
1t
0s
0r
1y
0c
0i
#20096568703
0t
0s
0r
1y
0c
0i
#20096569214
1t
0s
0r
1y
0c
0i
#20096569727
0t
0s
0r
1y
0c
0i
#20096570233
1t
0s
0r
1y
0c
0i
#20096570743
0t
0s
0r
1y
0c
0i
#20096571247
1t
0s
0r
1y
0c
0i
#20096571756
0t
0s
0r
1y
0c
0i
#20096572261
1t
0s
0r
1y
0c
0i
#20096572768
0t
0s
0r
1y
0c
0i
#20096573271
1t
0s
0r
1y
0c
0i
#20096573776
0t
0s
0r
1y
0c
0i
#20096574279
1t
0s
0r
1y
0c
0i
#20096574786
0t
0s
0r
1y
0c
0i
#20096575290
1t
0s
0r
1y
0c
0i
#20096575795
0t
0s
0r
1y
0c
0i
#20096576297
1t
0s
0r
1y
0c
0i
#20096576801
0t
0s
0r
1y
0c
0i
#20096577304
1t
0s
0r
1y
0c
0i
#20096577809
0t
0s
0r
1y
0c
1i
#20096578312
1t
0s
0r
1y
1c
1i
#20096578816
0t
0s
0r
1y
1c
1i
#20096579319
1t
0s
0r
1y
1c
1i
#20096579823
0t
0s
0r
1y
1c
1i
#20096580327
1t
0s
0r
1y
1c
1i
#20096580832
0t
0s
0r
1y
1c
1i
#20096581336
1t
0s
0r
1y
1c
1i
#20096581842
0t
0s
0r
1y
1c
1i
#20096582346
1t
0s
0r
1y
1c
1i
#20096582853
0t
0s
0r
1y
1c
1i
#20096583358
1t
0s
0r
1y
1c
1i
#20096583865
0t
0s
0r
1y
1c
0i
#20096584368
1t
0s
0r
1y
1c
0i
#20096584873
0t
0s
0r
1y
1c
0i
#20096585374
1t
0s
0r
1y
1c
0i
#20096585878
0t
0s
0r
1y
1c
0i
#20096586378
1t
0s
0r
1y
1c
0i
#20096586879
0t
0s
0r
1y
1c
0i
#20096587377
1t
0s
0r
1y
1c
0i
#20096587877
0t
0s
0r
1y
1c
0i
#20096588372
1t
0s
0r
1y
1c
0i
#20096588870
0t
0s
0r
1y
1c
0i
#20096589361
1t
0s
0r
1y
1c
0i
#20096589858
0t
0s
0r
1y
1c
0i
#20096590348
1t
0s
0r
1y
1c
0i
#20096590842
0t
0s
0r
1y
1c
0i
#20096591962
1t
0s
0r
1y
1c
0i
#20096592814
0t
0s
0r
1y
1c
0i
#20096593296
1t
0s
0r
1y
1c
0i
#20096593790
0t
0s
0r
1y
1c
0i
#20096594276
1t
0s
0r
1y
1c
0i
#20096594768
0t
0s
0r
1y
1c
0i
#20096595255
1t
0s
0r
1y
1c
0i
#20096595747
0t
0s
0r
1y
1c
1i
#20096596234
1t
0s
0r
1y
1c
1i
#20096596726
0t
0s
0r
1y
0c
1i
#20096597212
1t
0s
0r
1y
0c
1i
#20096597704
0t
0s
0r
1y
0c
1i
#20096598191
1t
0s
0r
1y
0c
1i
#20096598686
0t
0s
0r
1y
0c
1i
#20096599172
1t
0s
0r
1y
0c
1i
#20096599666
0t
0s
0r
1y
0c
1i
#20096600152
1t
0s
0r
1y
0c
1i
#20096600646
0t
0s
0r
1y
0c
1i
#20096601133
1t
0s
0r
1y
0c
1i
#20096601628
0t
0s
0r
1y
0c
1i
#20096602115
1t
0s
0r
1y
0c
0i
#20096602609
0t
0s
0r
1y
0c
0i
#20096603096
1t
0s
0r
1y
0c
0i
#20096603588
0t
0s
0r
1y
0c
0i
#20096604074
1t
0s
0r
1y
0c
0i
#20096604565
0t
0s
0r
1y
0c
0i
#20096605050
1t
0s
0r
1y
0c
0i
#20096605541
0t
0s
0r
1y
0c
0i
#20096606026
1t
0s
0r
1y
0c
0i
#20096606515
0t
0s
0r
1y
0c
0i
#20096606997
1t
0s
0r
1y
0c
0i
#20096607484
0t
0s
0r
1y
0c
0i
#20096607965
1t
0s
0r
1y
0c
0i
#20096608452
0t
0s
0r
1y
0c
0i
#20096608933
1t
0s
0r
1y
0c
0i
#20096609418
0t
0s
0r
1y
0c
0i
#20096609897
1t
0s
0r
1y
0c
0i
#20096610381
0t
0s
0r
1y
0c
0i
#20096610860
1t
0s
0r
1y
0c
0i
#20096611343
0t
0s
0r
1y
0c
0i
#20096611822
1t
0s
0r
1y
0c
0i
#20096612306
0t
0s
0r
1y
0c
0i
#20096612784
1t
0s
0r
1y
0c
0i
#20096613266
0t
0s
0r
1y
0c
1i
#20096613743
1t
0s
0r
1y
0c
1i
#20096614225
0t
0s
0r
1y
1c
1i
#20096614704
1t
0s
0r
1y
1c
1i
#20096615185
0t
0s
0r
1y
1c
1i
#20096615664
1t
0s
0r
1y
1c
1i
#20096616145
0t
0s
0r
1y
1c
1i
#20096616624
1t
0s
0r
1y
1c
1i
#20096617106
0t
0s
0r
1y
1c
1i
#20096617587
1t
0s
0r
1y
1c
1i
#20096618070
0t
0s
0r
1y
1c
1i
#20096618549
1t
0s
0r
1y
1c
1i
#20096619032
0t
0s
0r
1y
1c
1i
#20096619512
1t
0s
0r
1y
1c
0i
#20096619995
0t
0s
0r
1y
1c
0i
#20096620472
1t
0s
0r
1y
1c
0i
#20096620953
0t
0s
0r
1y
1c
0i
#20096621429
1t
0s
0r
1y
1c
0i
#20096621910
0t
0s
0r
1y
1c
0i
#20096622385
1t
0s
0r
1y
1c
0i
#20096622864
0t
0s
0r
1y
1c
0i
#20096623337
1t
0s
0r
1y
1c
0i
#20096623813
0t
0s
0r
1y
1c
0i
#20096624283
1t
0s
0r
1y
1c
0i
#20096624758
0t
0s
0r
1y
1c
0i
#20096625228
1t
0s
0r
1y
1c
0i
#20096625702
0t
0s
0r
1y
1c
0i
#20096626781
1t
0s
0r
1y
1c
0i
#20096627591
0t
0s
0r
1y
1c
0i
#20096628053
1t
0s
0r
1y
1c
0i
#20096628527
0t
0s
0r
1y
1c
0i
#20096628993
1t
0s
0r
1y
1c
0i
#20096629465
0t
0s
0r
1y
1c
0i
#20096629931
1t
0s
0r
1y
1c
1i
#20096630402
0t
0s
0r
1y
1c
1i
#20096630867
1t
0s
0r
1y
0c
1i
#20096631338
0t
0s
0r
1y
0c
1i
#20096631803
1t
0s
0r
1y
0c
1i
#20096632274
0t
0s
0r
1y
0c
1i
#20096632739
1t
0s
0r
1y
0c
1i
#20096633211
0t
0s
0r
1y
0c
1i
#20096633676
1t
0s
0r
1y
0c
1i
#20096634148
0t
0s
0r
1y
0c
1i
#20096634225
0t
0s
1r
1y
0c
1i
#20096634228
0t
0s
0r
1y
0c
1i
#20096634614
1t
0s
0r
1y
0c
0i
#20096635087
0t
0s
0r
1y
0c
0i
#20096635553
1t
0s
0r
1y
0c
0i
#20096636026
0t
0s
0r
1y
0c
0i
#20096636492
1t
0s
0r
1y
0c
0i
#20096636965
0t
0s
0r
1y
0c
0i
#20096637430
1t
0s
0r
1y
0c
0i
#20096637901
0t
0s
0r
1y
0c
0i
#20096638366
1t
0s
0r
1y
0c
0i
#20096638837
0t
0s
0r
1y
0c
0i
#20096639300
1t
0s
0r
1y
0c
0i
#20096639768
0t
0s
0r
1y
0c
0i
#20096640230
1t
0s
0r
1y
0c
0i
#20096640698
0t
0s
0r
1y
0c
0i
#20096641158
1t
0s
0r
1y
0c
0i
#20096641624
0t
0s
0r
1y
0c
0i
#20096642083
1t
0s
0r
1y
0c
0i
#20096642548
0t
0s
0r
1y
0c
0i
#20096643007
1t
0s
0r
1y
0c
0i
#20096643472
0t
0s
0r
1y
0c
0i
#20096643931
1t
0s
0r
1y
0c
0i
#20096644395
0t
0s
0r
1y
0c
0i
#20096644854
1t
0s
0r
1y
0c
0i
#20096645317
0t
0s
0r
1y
0c
0i
#20096645775
1t
0s
0r
1y
0c
0i
#20096646238
0t
0s
0r
1y
0c
0i
#20096646698
1t
0s
0r
1y
0c
0i
#20096647160
0t
0s
0r
1y
0c
1i
#20096647618
1t
0s
0r
1y
1c
1i
#20096648080
0t
0s
0r
1y
1c
1i
#20096648539
1t
0s
0r
1y
1c
1i
#20096649000
0t
0s
0r
1y
1c
1i
#20096649459
1t
0s
0r
1y
1c
1i
#20096649921
0t
0s
0r
1y
1c
1i
#20096650379
1t
0s
0r
1y
1c
1i
#20096650843
0t
0s
0r
1y
1c
1i
#20096651302
1t
0s
0r
1y
1c
1i
#20096651765
0t
0s
0r
1y
1c
1i
#20096652224
1t
0s
0r
1y
1c
0i
#20096652687
0t
0s
0r
1y
1c
0i
#20096653146
1t
0s
0r
1y
1c
0i
#20096653610
0t
0s
0r
1y
1c
0i
#20096654067
1t
0s
0r
1y
1c
0i
#20096654529
0t
0s
0r
1y
1c
0i
#20096654985
1t
0s
0r
1y
1c
0i
#20096655446
0t
0s
0r
1y
1c
0i
#20096655902
1t
0s
0r
1y
1c
0i
#20096656363
0t
0s
0r
1y
1c
0i
#20096656816
1t
0s
0r
1y
1c
0i
#20096657275
0t
0s
0r
1y
1c
0i
#20096657725
1t
0s
0r
1y
1c
0i
#20096658183
0t
0s
0r
1y
1c
0i
#20096658634
1t
0s
0r
1y
1c
0i
#20096659091
0t
0s
0r
1y
1c
0i
#20096660123
1t
0s
0r
1y
1c
0i
#20096660906
0t
0s
0r
1y
1c
0i
#20096661350
1t
0s
0r
1y
1c
0i
#20096661806
0t
0s
0r
1y
1c
0i
#20096662254
1t
0s
0r
1y
1c
0i
#20096662708
0t
0s
0r
1y
1c
0i
#20096663155
1t
0s
0r
1y
1c
0i
#20096663608
0t
0s
0r
1y
1c
1i
#20096664056
1t
0s
0r
1y
1c
1i
#20096664509
0t
0s
0r
1y
0c
1i
#20096664957
1t
0s
0r
1y
0c
1i
#20096665410
0t
0s
0r
1y
0c
1i
#20096665856
1t
0s
0r
1y
0c
1i
#20096666311
0t
0s
0r
1y
0c
1i
#20096666757
1t
0s
0r
1y
0c
1i
#20096667211
0t
0s
0r
1y
0c
1i
#20096667657
1t
0s
0r
1y
0c
1i
#20096668111
0t
0s
0r
1y
0c
1i
#20096668558
1t
0s
0r
1y
0c
0i
#20096669012
0t
0s
0r
1y
0c
0i
#20096669458
1t
0s
0r
1y
0c
0i
#20096669912
0t
0s
0r
1y
0c
0i
#20096670359
1t
0s
0r
1y
0c
0i
#20096670813
0t
0s
0r
1y
0c
0i
#20096671260
1t
0s
0r
1y
0c
0i
#20096671713
0t
0s
0r
1y
0c
0i
#20096672158
1t
0s
0r
1y
0c
0i
#20096672611
0t
0s
0r
1y
0c
0i
#20096673056
1t
0s
0r
1y
0c
0i
#20096673509
0t
0s
0r
1y
0c
0i
#20096673954
1t
0s
0r
1y
0c
0i
#20096674405
0t
0s
0r
1y
0c
0i
#20096674849
1t
0s
0r
1y
0c
0i
#20096675299
0t
0s
0r
1y
0c
0i
#20096675743
1t
0s
0r
1y
0c
0i
#20096676193
0t
0s
0r
1y
0c
0i
#20096676635
1t
0s
0r
1y
0c
0i
#20096677084
0t
0s
0r
1y
0c
0i
#20096677527
1t
0s
0r
1y
0c
0i
#20096677975
0t
0s
0r
1y
0c
0i
#20096678417
1t
0s
0r
1y
0c
0i
#20096678865
0t
0s
0r
1y
0c
0i
#20096679307
1t
0s
0r
1y
0c
0i
#20096679753
0t
0s
0r
1y
0c
0i
#20096680195
1t
0s
0r
1y
0c
0i
#20096680641
0t
0s
0r
1y
1c
1i
#20096681083
1t
0s
0r
1y
1c
1i
#20096681528
0t
0s
0r
1y
1c
1i
#20096681969
1t
0s
0r
1y
1c
1i
#20096682415
0t
0s
0r
1y
1c
1i
#20096682856
1t
0s
0r
1y
1c
1i
#20096683303
0t
0s
0r
1y
1c
1i
#20096683746
1t
0s
0r
1y
1c
1i
#20096684192
0t
0s
0r
1y
1c
1i
#20096684633
1t
0s
0r
1y
1c
1i
#20096685079
0t
0s
0r
1y
1c
1i
#20096685521
1t
0s
0r
1y
1c
0i
#20096685969
0t
0s
0r
1y
1c
0i
#20096686412
1t
0s
0r
1y
1c
0i
#20096686859
0t
0s
0r
1y
1c
0i
#20096687300
1t
0s
0r
1y
1c
0i
#20096687747
0t
0s
0r
1y
1c
0i
#20096688188
1t
0s
0r
1y
1c
0i
#20096688635
0t
0s
0r
1y
1c
0i
#20096689076
1t
0s
0r
1y
1c
0i
#20096689523
0t
0s
0r
1y
1c
0i
#20096689962
1t
0s
0r
1y
1c
0i
#20096690408
0t
0s
0r
1y
1c
0i
#20096690848
1t
0s
0r
1y
1c
0i
#20096691293
0t
0s
0r
1y
1c
0i
#20096692295
1t
0s
0r
1y
1c
0i
#20096693064
0t
0s
0r
1y
1c
0i
#20096693496
1t
0s
0r
1y
1c
0i
#20096693941
0t
0s
0r
1y
1c
0i
#20096694377
1t
0s
0r
1y
1c
0i
#20096694820
0t
0s
0r
1y
1c
0i
#20096695256
1t
0s
0r
1y
1c
0i
#20096695698
0t
0s
0r
1y
1c
0i
#20096696134
1t
0s
0r
1y
1c
0i
#20096696575
0t
0s
0r
1y
1c
1i
#20096697010
1t
0s
0r
1y
1c
1i
#20096697452
0t
0s
0r
1y
1c
1i
#20096697887
1t
0s
0r
1y
1c
1i
#20096698328
0t
0s
0r
1y
1c
1i
#20096698763
1t
0s
0r
1y
1c
1i
#20096699135
1t
0s
1r
1y
0c
1i
#20096699137
1t
0s
0r
1y
0c
1i
#20096699205
0t
0s
0r
1y
0c
1i
#20096699639
1t
0s
0r
1y
0c
1i
#20096700082
0t
0s
0r
1y
0c
1i
#20096700517
1t
0s
0r
1y
0c
1i
#20096700960
0t
0s
0r
1y
0c
0i
#20096701394
1t
0s
0r
1y
0c
0i
#20096701836
0t
0s
0r
1y
0c
0i
#20096702272
1t
0s
0r
1y
0c
0i
#20096702715
0t
0s
0r
1y
0c
0i
#20096703151
1t
0s
0r
1y
0c
0i
#20096703594
0t
0s
0r
1y
0c
0i
#20096704029
1t
0s
0r
1y
0c
0i
#20096704472
0t
0s
0r
1y
0c
0i
#20096704910
1t
0s
0r
1y
0c
0i
#20096705355
0t
0s
0r
1y
0c
0i
#20096705792
1t
0s
0r
1y
0c
0i
#20096706237
0t
0s
0r
1y
0c
0i
#20096706674
1t
0s
0r
1y
0c
0i
#20096707119
0t
0s
0r
1y
0c
0i
#20096707558
1t
0s
0r
1y
0c
0i
#20096708004
0t
0s
0r
1y
0c
0i
#20096708444
1t
0s
0r
1y
0c
0i
#20096708889
0t
0s
0r
1y
0c
0i
#20096709328
1t
0s
0r
1y
0c
0i
#20096709773
0t
0s
0r
1y
0c
0i
#20096710213
1t
0s
0r
1y
0c
0i
#20096710659
0t
0s
0r
1y
0c
0i
#20096711100
1t
0s
0r
1y
0c
1i
#20096711544
0t
0s
0r
1y
0c
1i
#20096711984
1t
0s
0r
1y
0c
1i
#20096712428
0t
0s
0r
1y
0c
1i
#20096712867
1t
0s
0r
1y
0c
1i
#20096713311
0t
0s
0r
1y
0c
1i
#20096713751
1t
0s
0r
1y
0c
1i
#20096714195
0t
0s
0r
1y
0c
1i
#20096714635
1t
0s
0r
1y
0c
1i
#20096715079
0t
0s
0r
1y
1c
1i
#20096715519
1t
0s
0r
1y
1c
0i
#20096715963
0t
0s
0r
1y
1c
0i
#20096716403
1t
0s
0r
1y
1c
0i
#20096716848
0t
0s
0r
1y
1c
0i
#20096717288
1t
0s
0r
1y
1c
0i
#20096717734
0t
0s
0r
1y
1c
0i
#20096718176
1t
0s
0r
1y
1c
0i
#20096718622
0t
0s
0r
1y
1c
0i
#20096719063
1t
0s
0r
1y
1c
0i
#20096719509
0t
0s
0r
1y
1c
0i
#20096719951
1t
0s
0r
1y
1c
0i
#20096720400
0t
0s
0r
1y
1c
0i
#20096720843
1t
0s
0r
1y
1c
0i
#20096721293
0t
0s
0r
1y
1c
0i
#20096721735
1t
0s
0r
1y
1c
0i
#20096722183
0t
0s
0r
1y
1c
0i
#20096722626
1t
0s
0r
1y
1c
0i
#20096723076
0t
0s
0r
1y
1c
0i
#20096724102
1t
0s
0r
1y
1c
0i
#20096724872
0t
0s
0r
1y
1c
0i
#20096725311
1t
0s
0r
1y
1c
0i
#20096725763
0t
0s
0r
1y
1c
0i
#20096726206
1t
0s
0r
1y
1c
0i
#20096726657
0t
0s
0r
1y
1c
0i
#20096727101
1t
0s
0r
1y
1c
0i
#20096727551
0t
0s
0r
1y
1c
1i
#20096727995
1t
0s
0r
1y
1c
1i
#20096728444
0t
0s
0r
1y
1c
1i
#20096728887
1t
0s
0r
1y
1c
1i
#20096729335
0t
0s
0r
1y
1c
1i
#20096729778
1t
0s
0r
1y
1c
1i
#20096730228
0t
0s
0r
1y
1c
1i
#20096730670
1t
0s
0r
1y
1c
1i
#20096731120
0t
0s
0r
1y
0c
1i
#20096731561
1t
0s
0r
1y
0c
1i
#20096732010
0t
0s
0r
1y
0c
0i
#20096732451
1t
0s
0r
1y
0c
0i
#20096732900
0t
0s
0r
1y
0c
0i
#20096733343
1t
0s
0r
1y
0c
0i
#20096733792
0t
0s
0r
1y
0c
0i
#20096734235
1t
0s
0r
1y
0c
0i
#20096734685
0t
0s
0r
1y
0c
0i
#20096735128
1t
0s
0r
1y
0c
0i
#20096735578
0t
0s
0r
1y
0c
0i
#20096736023
1t
0s
0r
1y
0c
0i
#20096736475
0t
0s
0r
1y
0c
0i
#20096736920
1t
0s
0r
1y
0c
0i
#20096737372
0t
0s
0r
1y
0c
0i
#20096737818
1t
0s
0r
1y
0c
0i
#20096738271
0t
0s
0r
1y
0c
0i
#20096738718
1t
0s
0r
1y
0c
0i
#20096739171
0t
0s
0r
1y
0c
0i
#20096739619
1t
0s
0r
1y
0c
0i
#20096740072
0t
0s
0r
1y
0c
0i
#20096740521
1t
0s
0r
1y
0c
0i
#20096740976
0t
0s
0r
1y
0c
0i
#20096741425
1t
0s
0r
1y
0c
0i
#20096741879
0t
0s
0r
1y
0c
0i
#20096742328
1t
0s
0r
1y
0c
0i
#20096742782
0t
0s
0r
1y
0c
0i
#20096743232
1t
0s
0r
1y
0c
0i
#20096743686
0t
0s
0r
1y
0c
1i
#20096744135
1t
0s
0r
1y
0c
1i
#20096744589
0t
0s
0r
1y
0c
1i
#20096745038
1t
0s
0r
1y
0c
1i
#20096745490
0t
0s
0r
1y
0c
1i
#20096745939
1t
0s
0r
1y
0c
1i
#20096746393
0t
0s
0r
1y
0c
1i
#20096746842
1t
0s
0r
1y
0c
1i
#20096747296
0t
0s
0r
1y
0c
1i
#20096747745
1t
0s
0r
1y
1c
0i
#20096748199
0t
0s
0r
1y
1c
0i
#20096748648
1t
0s
0r
1y
1c
0i
#20096749102
0t
0s
0r
1y
1c
0i
#20096749552
1t
0s
0r
1y
1c
0i
#20096750006
0t
0s
0r
1y
1c
0i
#20096750456
1t
0s
0r
1y
1c
0i
#20096750911
0t
0s
0r
1y
1c
0i
#20096751363
1t
0s
0r
1y
1c
0i
#20096751818
0t
0s
0r
1y
1c
0i
#20096752269
1t
0s
0r
1y
1c
0i
#20096752726
0t
0s
0r
1y
1c
0i
#20096753177
1t
0s
0r
1y
1c
0i
#20096753635
0t
0s
0r
1y
1c
0i
#20096754087
1t
0s
0r
1y
1c
0i
#20096754546
0t
0s
0r
1y
1c
0i
#20096754998
1t
0s
0r
1y
1c
0i
#20096755456
0t
0s
0r
1y
1c
0i
#20096756490
1t
0s
0r
1y
1c
0i
#20096757287
0t
0s
0r
1y
1c
0i
#20096757734
1t
0s
0r
1y
1c
0i
#20096758195
0t
0s
0r
1y
1c
0i
#20096758648
1t
0s
0r
1y
1c
0i
#20096759107
0t
0s
0r
1y
1c
0i
#20096759559
1t
0s
0r
1y
1c
0i
#20096760017
0t
0s
0r
1y
1c
1i
#20096760469
1t
0s
0r
1y
1c
1i
#20096760927
0t
0s
0r
1y
1c
1i
#20096761380
1t
0s
0r
1y
1c
1i
#20096761837
0t
0s
0r
1y
1c
1i
#20096762288
1t
0s
0r
1y
1c
1i
#20096762745
0t
0s
0r
1y
1c
1i
#20096763184
0t
0s
1r
1y
1c
1i
#20096763186
0t
0s
0r
1y
1c
1i
#20096763196
1t
0s
0r
1y
1c
1i
#20096763655
0t
0s
0r
1y
1c
0i
#20096764107
1t
0s
0r
1y
1c
0i
#20096764565
0t
0s
0r
1y
0c
0i
#20096765015
1t
0s
0r
1y
0c
0i
#20096765474
0t
0s
0r
1y
0c
0i
#20096765926
1t
0s
0r
1y
0c
0i
#20096766386
0t
0s
0r
1y
0c
0i
#20096766838
1t
0s
0r
1y
0c
0i
#20096767297
0t
0s
0r
1y
0c
0i
#20096767750
1t
0s
0r
1y
0c
0i
#20096768209
0t
0s
0r
1y
0c
0i
#20096768663
1t
0s
0r
1y
0c
0i
#20096769125
0t
0s
0r
1y
0c
0i
#20096769581
1t
0s
0r
1y
0c
0i
#20096770044
0t
0s
0r
1y
0c
0i
#20096770498
1t
0s
0r
1y
0c
0i
#20096770961
0t
0s
0r
1y
0c
0i
#20096771418
1t
0s
0r
1y
0c
0i
#20096771882
0t
0s
0r
1y
0c
0i
#20096772342
1t
0s
0r
1y
0c
0i
#20096772807
0t
0s
0r
1y
0c
0i
#20096773265
1t
0s
0r
1y
0c
0i
#20096773729
0t
0s
0r
1y
0c
0i
#20096774189
1t
0s
0r
1y
0c
0i
#20096774654
0t
0s
0r
1y
0c
0i
#20096775114
1t
0s
0r
1y
0c
0i
#20096775579
0t
0s
0r
1y
0c
0i
#20096776039
1t
0s
0r
1y
0c
0i
#20096776504
0t
0s
0r
1y
0c
0i
#20096776964
1t
0s
0r
1y
0c
1i
#20096777427
0t
0s
0r
1y
0c
1i
#20096777886
1t
0s
0r
1y
0c
1i
#20096778348
0t
0s
0r
1y
0c
1i
#20096778807
1t
0s
0r
1y
0c
1i
#20096779271
0t
0s
0r
1y
0c
1i
#20096779731
1t
0s
0r
1y
0c
1i
#20096780194
0t
0s
0r
1y
0c
0i
#20096780653
1t
0s
0r
1y
0c
0i
#20096781115
0t
0s
0r
1y
1c
0i
#20096781574
1t
0s
0r
1y
1c
0i
#20096782037
0t
0s
0r
1y
1c
0i
#20096782497
1t
0s
0r
1y
1c
0i
#20096782961
0t
0s
0r
1y
1c
0i
#20096783420
1t
0s
0r
1y
1c
0i
#20096783884
0t
0s
0r
1y
1c
0i
#20096784344
1t
0s
0r
1y
1c
0i
#20096784809
0t
0s
0r
1y
1c
0i
#20096785270
1t
0s
0r
1y
1c
0i
#20096785737
0t
0s
0r
1y
1c
0i
#20096786199
1t
0s
0r
1y
1c
0i
#20096786666
0t
0s
0r
1y
1c
0i
#20096787127
1t
0s
0r
1y
1c
0i
#20096787595
0t
0s
0r
1y
1c
0i
#20096788059
1t
0s
0r
1y
1c
0i
#20096788527
0t
0s
0r
1y
1c
0i
#20096789596
1t
0s
0r
1y
1c
0i
#20096790401
0t
0s
0r
1y
1c
0i
#20096790860
1t
0s
0r
1y
1c
0i
#20096791332
0t
0s
0r
1y
1c
0i
#20096791796
1t
0s
0r
1y
1c
0i
#20096792267
0t
0s
0r
1y
1c
0i
#20096792732
1t
0s
0r
1y
1c
0i
#20096793202
0t
0s
0r
1y
1c
0i
#20096793667
1t
0s
0r
1y
1c
1i
#20096794136
0t
0s
0r
1y
1c
1i
#20096794600
1t
0s
0r
1y
1c
1i
#20096795069
0t
0s
0r
1y
1c
1i
#20096795533
1t
0s
0r
1y
1c
1i
#20096796004
0t
0s
0r
1y
1c
1i
#20096796467
1t
0s
0r
1y
1c
1i
#20096796937
0t
0s
0r
1y
1c
0i
#20096797400
1t
0s
0r
1y
1c
0i
#20096797870
0t
0s
0r
1y
0c
0i
#20096798332
1t
0s
0r
1y
0c
0i
#20096798802
0t
0s
0r
1y
0c
0i
#20096799266
1t
0s
0r
1y
0c
0i
#20096799737
0t
0s
0r
1y
0c
0i
#20096800201
1t
0s
0r
1y
0c
0i
#20096800672
0t
0s
0r
1y
0c
0i
#20096801136
1t
0s
0r
1y
0c
0i
#20096801607
0t
0s
0r
1y
0c
0i
#20096802072
1t
0s
0r
1y
0c
0i
#20096802546
0t
0s
0r
1y
0c
0i
#20096803013
1t
0s
0r
1y
0c
0i
#20096803487
0t
0s
0r
1y
0c
0i
#20096803952
1t
0s
0r
1y
0c
0i
#20096804425
0t
0s
0r
1y
0c
0i
#20096804893
1t
0s
0r
1y
0c
0i
#20096805368
0t
0s
0r
1y
0c
0i
#20096805838
1t
0s
0r
1y
0c
0i
#20096806313
0t
0s
0r
1y
0c
0i
#20096806782
1t
0s
0r
1y
0c
0i
#20096807256
0t
0s
0r
1y
0c
0i
#20096807726
1t
0s
0r
1y
0c
0i
#20096808201
0t
0s
0r
1y
0c
0i
#20096808671
1t
0s
0r
1y
0c
0i
#20096809146
0t
0s
0r
1y
0c
0i
#20096809617
1t
0s
0r
1y
0c
0i
#20096810091
0t
0s
0r
1y
0c
0i
#20096810560
1t
0s
0r
1y
0c
0i
#20096811034
0t
0s
0r
1y
0c
1i
#20096811504
1t
0s
0r
1y
0c
1i
#20096811978
0t
0s
0r
1y
0c
1i
#20096812448
1t
0s
0r
1y
0c
1i
#20096812921
0t
0s
0r
1y
0c
1i
#20096813390
1t
0s
0r
1y
0c
1i
#20096813864
0t
0s
0r
1y
0c
1i
#20096814335
1t
0s
0r
1y
0c
0i
#20096814809
0t
0s
0r
1y
1c
0i
#20096815279
1t
0s
0r
1y
1c
0i
#20096815753
0t
0s
0r
1y
1c
0i
#20096816224
1t
0s
0r
1y
1c
0i
#20096816700
0t
0s
0r
1y
1c
0i
#20096817172
1t
0s
0r
1y
1c
0i
#20096817648
0t
0s
0r
1y
1c
0i
#20096818120
1t
0s
0r
1y
1c
0i
#20096818597
0t
0s
0r
1y
1c
0i
#20096819071
1t
0s
0r
1y
1c
0i
#20096819550
0t
0s
0r
1y
1c
0i
#20096820024
1t
0s
0r
1y
1c
0i
#20096820503
0t
0s
0r
1y
1c
0i
#20096820978
1t
0s
0r
1y
1c
0i
#20096821459
0t
0s
0r
1y
1c
0i
#20096821935
1t
0s
0r
1y
1c
0i
#20096822417
0t
0s
0r
1y
1c
0i
#20096823519
1t
0s
0r
1y
1c
0i
#20096824343
0t
0s
0r
1y
1c
0i
#20096824814
1t
0s
0r
1y
1c
0i
#20096825298
0t
0s
0r
1y
1c
0i
#20096825774
1t
0s
0r
1y
1c
0i
#20096826257
0t
0s
0r
1y
1c
0i
#20096826734
1t
0s
0r
1y
1c
0i
#20096827216
0t
0s
0r
1y
1c
0i
#20096827692
1t
0s
0r
1y
1c
0i
#20096828173
0t
0s
0r
1y
1c
1i
#20096828649
1t
0s
0r
1y
1c
1i
#20096829130
0t
0s
0r
1y
1c
1i
#20096829605
1t
0s
0r
1y
1c
1i
#20096830085
0t
0s
0r
1y
1c
1i
#20096830510
0t
0s
1r
1y
1c
1i
#20096830513
0t
0s
0r
1y
1c
1i
#20096830560
1t
0s
0r
1y
1c
1i
#20096831041
0t
0s
0r
1y
1c
1i
#20096831517
1t
0s
0r
1y
0c
0i
#20096831998
0t
0s
0r
1y
0c
0i
#20096832472
1t
0s
0r
1y
0c
0i
#20096832953
0t
0s
0r
1y
0c
0i
#20096833428
1t
0s
0r
1y
0c
0i
#20096833910
0t
0s
0r
1y
0c
0i
#20096834385
1t
0s
0r
1y
0c
0i
#20096834867
0t
0s
0r
1y
0c
0i
#20096835342
1t
0s
0r
1y
0c
0i
#20096835824
0t
0s
0r
1y
0c
0i
#20096836301
1t
0s
0r
1y
0c
0i
#20096836785
0t
0s
0r
1y
0c
0i
#20096837263
1t
0s
0r
1y
0c
0i
#20096837749
0t
0s
0r
1y
0c
0i
#20096838226
1t
0s
0r
1y
0c
0i
#20096838712
0t
0s
0r
1y
0c
0i
#20096839191
1t
0s
0r
1y
0c
0i
#20096839678
0t
0s
0r
1y
0c
0i
#20096840159
1t
0s
0r
1y
0c
0i
#20096840646
0t
0s
0r
1y
0c
0i
#20096841128
1t
0s
0r
1y
0c
0i
#20096841615
0t
0s
0r
1y
0c
0i
#20096842098
1t
0s
0r
1y
0c
0i
#20096842585
0t
0s
0r
1y
0c
0i
#20096843068
1t
0s
0r
1y
0c
0i
#20096843555
0t
0s
0r
1y
0c
0i
#20096844038
1t
0s
0r
1y
0c
0i
#20096844525
0t
0s
0r
1y
0c
0i
#20096845008
1t
0s
0r
1y
0c
0i
#20096845494
0t
0s
0r
1y
0c
1i
#20096845977
1t
0s
0r
1y
0c
1i
#20096846461
0t
0s
0r
1y
0c
1i
#20096846944
1t
0s
0r
1y
0c
1i
#20096847430
0t
0s
0r
1y
0c
1i
#20096847913
1t
0s
0r
1y
0c
1i
#20096848399
0t
0s
0r
1y
0c
1i
#20096848881
1t
0s
0r
1y
1c
0i
#20096849366
0t
0s
0r
1y
1c
0i
#20096849849
1t
0s
0r
1y
1c
0i
#20096850335
0t
0s
0r
1y
1c
0i
#20096850820
1t
0s
0r
1y
1c
0i
#20096851307
0t
0s
0r
1y
1c
0i
#20096851790
1t
0s
0r
1y
1c
0i
#20096852278
0t
0s
0r
1y
1c
0i
#20096852762
1t
0s
0r
1y
1c
0i
#20096853250
0t
0s
0r
1y
1c
0i
#20096853736
1t
0s
0r
1y
1c
0i
#20096854227
0t
0s
0r
1y
1c
0i
#20096854713
1t
0s
0r
1y
1c
0i
#20096855205
0t
0s
0r
1y
1c
0i
#20096855692
1t
0s
0r
1y
1c
0i
#20096856184
0t
0s
0r
1y
1c
0i
#20096856672
1t
0s
0r
1y
1c
0i
#20096857164
0t
0s
0r
1y
1c
0i
#20096858289
1t
0s
0r
1y
1c
0i
#20096859137
0t
0s
0r
1y
1c
0i
#20096859621
1t
0s
0r
1y
1c
0i
#20096860117
0t
0s
0r
1y
1c
0i
#20096860605
1t
0s
0r
1y
1c
0i
#20096861099
0t
0s
0r
1y
1c
0i
#20096861588
1t
0s
0r
1y
1c
0i
#20096862082
0t
0s
0r
1y
1c
0i
#20096862571
1t
0s
0r
1y
1c
0i
#20096863064
0t
0s
0r
1y
1c
0i
#20096863552
1t
0s
0r
1y
1c
1i
#20096864045
0t
0s
0r
1y
1c
1i
#20096864532
1t
0s
0r
1y
1c
1i
#20096865025
0t
0s
0r
1y
1c
1i
#20096865512
1t
0s
0r
1y
1c
1i
#20096866005
0t
0s
0r
1y
1c
1i
#20096866492
1t
0s
0r
1y
0c
0i
#20096866984
0t
0s
0r
1y
0c
0i
#20096867470
1t
0s
0r
1y
0c
0i
#20096867963
0t
0s
0r
1y
0c
0i
#20096868451
1t
0s
0r
1y
0c
0i
#20096868945
0t
0s
0r
1y
0c
0i
#20096869434
1t
0s
0r
1y
0c
0i
#20096869928
0t
0s
0r
1y
0c
0i
#20096870416
1t
0s
0r
1y
0c
0i
#20096870910
0t
0s
0r
1y
0c
0i
#20096871400
1t
0s
0r
1y
0c
0i
#20096871897
0t
0s
0r
1y
0c
0i
#20096872390
1t
0s
0r
1y
0c
0i
#20096872888
0t
0s
0r
1y
0c
0i
#20096873379
1t
0s
0r
1y
0c
0i
#20096873877
0t
0s
0r
1y
0c
0i
#20096874370
1t
0s
0r
1y
0c
0i
#20096874870
0t
0s
0r
1y
0c
0i
#20096875365
1t
0s
0r
1y
0c
0i
#20096875865
0t
0s
0r
1y
0c
0i
#20096876360
1t
0s
0r
1y
0c
0i
#20096876860
0t
0s
0r
1y
0c
0i
#20096877356
1t
0s
0r
1y
0c
0i
#20096877857
0t
0s
0r
1y
0c
0i
#20096878353
1t
0s
0r
1y
0c
0i
#20096878853
0t
0s
0r
1y
0c
0i
#20096879349
1t
0s
0r
1y
0c
0i
#20096879849
0t
0s
0r
1y
0c
0i
#20096880345
1t
0s
0r
1y
0c
0i
#20096880844
0t
0s
0r
1y
0c
0i
#20096881340
1t
0s
0r
1y
0c
1i
#20096881837
0t
0s
0r
1y
0c
1i
#20096882332
1t
0s
0r
1y
0c
1i
#20096882831
0t
0s
0r
1y
0c
1i
#20096883327
1t
0s
0r
1y
0c
1i
#20096883825
0t
0s
0r
1y
0c
1i
#20096884320
1t
0s
0r
1y
1c
0i
#20096884817
0t
0s
0r
1y
1c
0i
#20096885313
1t
0s
0r
1y
1c
0i
#20096885812
0t
0s
0r
1y
1c
0i
#20096886309
1t
0s
0r
1y
1c
0i
#20096886808
0t
0s
0r
1y
1c
0i
#20096887304
1t
0s
0r
1y
1c
0i
#20096887803
0t
0s
0r
1y
1c
0i
#20096888300
1t
0s
0r
1y
1c
0i
#20096888801
0t
0s
0r
1y
1c
0i
#20096889301
1t
0s
0r
1y
1c
0i
#20096889804
0t
0s
0r
1y
1c
0i
#20096890303
1t
0s
0r
1y
1c
0i
#20096890805
0t
0s
0r
1y
1c
0i
#20096891305
1t
0s
0r
1y
1c
0i
#20096891810
0t
0s
0r
1y
1c
0i
#20096892313
1t
0s
0r
1y
1c
0i
#20096892818
0t
0s
0r
1y
1c
0i
#20096893981
1t
0s
0r
1y
1c
0i
#20096894842
0t
0s
0r
1y
1c
0i
#20096895340
1t
0s
0r
1y
1c
0i
#20096895849
0t
0s
0r
1y
1c
0i
#20096896351
1t
0s
0r
1y
1c
0i
#20096896858
0t
0s
0r
1y
1c
0i
#20096897361
1t
0s
0r
1y
1c
0i
#20096897868
0t
0s
0r
1y
1c
0i
#20096898370
1t
0s
0r
1y
1c
0i
#20096898875
0t
0s
0r
1y
1c
0i
#20096899377
1t
0s
0r
1y
1c
1i
#20096899883
0t
0s
0r
1y
1c
1i
#20096900385
1t
0s
0r
1y
1c
1i
#20096900892
0t
0s
0r
1y
1c
1i
#20096901330
0t
0s
1r
1y
1c
1i
#20096901333
0t
0s
0r
1y
1c
1i
#20096901392
1t
0s
0r
1y
1c
1i
#20096901897
0t
0s
0r
1y
1c
1i
#20096902398
1t
0s
0r
1y
1c
0i
#20096902905
0t
0s
0r
1y
0c
0i
#20096903407
1t
0s
0r
1y
0c
0i
#20096903913
0t
0s
0r
1y
0c
0i
#20096904414
1t
0s
0r
1y
0c
0i
#20096904920
0t
0s
0r
1y
0c
0i
#20096905422
1t
0s
0r
1y
0c
0i
#20096905930
0t
0s
0r
1y
0c
0i
#20096906433
1t
0s
0r
1y
0c
0i
#20096906942
0t
0s
0r
1y
0c
0i
#20096907445
1t
0s
0r
1y
0c
0i
#20096907954
0t
0s
0r
1y
0c
0i
#20096908459
1t
0s
0r
1y
0c
0i
#20096908970
0t
0s
0r
1y
0c
0i
#20096909477
1t
0s
0r
1y
0c
0i
#20096909989
0t
0s
0r
1y
0c
0i
#20096910496
1t
0s
0r
1y
0c
0i
#20096911008
0t
0s
0r
1y
0c
0i
#20096911516
1t
0s
0r
1y
0c
0i
#20096912030
0t
0s
0r
1y
0c
0i
#20096912540
1t
0s
0r
1y
0c
0i
#20096913055
0t
0s
0r
1y
0c
0i
#20096913565
1t
0s
0r
1y
0c
0i
#20096914078
0t
0s
0r
1y
0c
0i
#20096914588
1t
0s
0r
1y
0c
0i
#20096915102
0t
0s
0r
1y
0c
0i
#20096915614
1t
0s
0r
1y
0c
0i
#20096916128
0t
0s
0r
1y
0c
0i
#20096916638
1t
0s
0r
1y
0c
0i
#20096917150
0t
0s
0r
1y
0c
0i
#20096917661
1t
0s
0r
1y
0c
1i
#20096918172
0t
0s
0r
1y
0c
1i
#20096918683
1t
0s
0r
1y
0c
1i
#20096919195
0t
0s
0r
1y
0c
1i
#20096919706
1t
0s
0r
1y
0c
1i
#20096920217
0t
0s
0r
1y
0c
1i
#20096920728
1t
0s
0r
1y
0c
0i
#20096921240
0t
0s
0r
1y
1c
0i
#20096921751
1t
0s
0r
1y
1c
0i
#20096922263
0t
0s
0r
1y
1c
0i
#20096922774
1t
0s
0r
1y
1c
0i
#20096923289
0t
0s
0r
1y
1c
0i
#20096923800
1t
0s
0r
1y
1c
0i
#20096924314
0t
0s
0r
1y
1c
0i
#20096924826
1t
0s
0r
1y
1c
0i
#20096925342
0t
0s
0r
1y
1c
0i
#20096925856
1t
0s
0r
1y
1c
0i
#20096926373
0t
0s
0r
1y
1c
0i
#20096926889
1t
0s
0r
1y
1c
0i
#20096927407
0t
0s
0r
1y
1c
0i
#20096927922
1t
0s
0r
1y
1c
0i
#20096928441
0t
0s
0r
1y
1c
0i
#20096928958
1t
0s
0r
1y
1c
0i
#20096929478
0t
0s
0r
1y
1c
0i
#20096930687
1t
0s
0r
1y
1c
0i
#20096931566
0t
0s
0r
1y
1c
0i
#20096932078
1t
0s
0r
1y
1c
0i
#20096932602
0t
0s
0r
1y
1c
0i
#20096933120
1t
0s
0r
1y
1c
0i
#20096933643
0t
0s
0r
1y
1c
0i
#20096934162
1t
0s
0r
1y
1c
0i
#20096934684
0t
0s
0r
1y
1c
0i
#20096935203
1t
0s
0r
1y
1c
0i
#20096935725
0t
0s
0r
1y
1c
0i
#20096936242
1t
0s
0r
1y
1c
0i
#20096936762
0t
0s
0r
1y
1c
1i
#20096937280
1t
0s
0r
1y
1c
1i
#20096937802
0t
0s
0r
1y
1c
1i
#20096938319
1t
0s
0r
1y
1c
1i
#20096938840
0t
0s
0r
1y
1c
1i
#20096939356
1t
0s
0r
1y
1c
0i
#20096939877
0t
0s
0r
1y
0c
0i
#20096940393
1t
0s
0r
1y
0c
0i
#20096940914
0t
0s
0r
1y
0c
0i
#20096941432
1t
0s
0r
1y
0c
0i
#20096941955
0t
0s
0r
1y
0c
0i
#20096942472
1t
0s
0r
1y
0c
0i
#20096942993
0t
0s
0r
1y
0c
0i
#20096943511
1t
0s
0r
1y
0c
0i
#20096944035
0t
0s
0r
1y
0c
0i
#20096944556
1t
0s
0r
1y
0c
0i
#20096945081
0t
0s
0r
1y
0c
0i
#20096945601
1t
0s
0r
1y
0c
0i
#20096946127
0t
0s
0r
1y
0c
0i
#20096946648
1t
0s
0r
1y
0c
0i
#20096947176
0t
0s
0r
1y
0c
0i
#20096947700
1t
0s
0r
1y
0c
0i
#20096948228
0t
0s
0r
1y
0c
0i
#20096948752
1t
0s
0r
1y
0c
0i
#20096949280
0t
0s
0r
1y
0c
0i
#20096949806
1t
0s
0r
1y
0c
0i
#20096950335
0t
0s
0r
1y
0c
0i
#20096950862
1t
0s
0r
1y
0c
0i
#20096951391
0t
0s
0r
1y
0c
0i
#20096951917
1t
0s
0r
1y
0c
0i
#20096952446
0t
0s
0r
1y
0c
0i
#20096952974
1t
0s
0r
1y
0c
0i
#20096953503
0t
0s
0r
1y
0c
0i
#20096954029
1t
0s
0r
1y
0c
0i
#20096954557
0t
0s
0r
1y
0c
0i
#20096955084
1t
0s
0r
1y
0c
0i
#20096955612
0t
0s
0r
1y
0c
1i
#20096956140
1t
0s
0r
1y
0c
1i
#20096956668
0t
0s
0r
1y
0c
1i
#20096957194
1t
0s
0r
1y
0c
1i
#20096957721
0t
0s
0r
1y
0c
1i
#20096958248
1t
0s
0r
1y
0c
0i
#20096958777
0t
0s
0r
1y
1c
0i
#20096959306
1t
0s
0r
1y
1c
0i
#20096959835
0t
0s
0r
1y
1c
0i
#20096960362
1t
0s
0r
1y
1c
0i
#20096960890
0t
0s
0r
1y
1c
0i
#20096961419
1t
0s
0r
1y
1c
0i
#20096961950
0t
0s
0r
1y
1c
0i
#20096962479
1t
0s
0r
1y
1c
0i
#20096963011
0t
0s
0r
1y
1c
0i
#20096963542
1t
0s
0r
1y
1c
0i
#20096964074
0t
0s
0r
1y
1c
0i
#20096964605
1t
0s
0r
1y
1c
0i
#20096965139
0t
0s
0r
1y
1c
0i
#20096965672
1t
0s
0r
1y
1c
0i
#20096966207
0t
0s
0r
1y
1c
0i
#20096966741
1t
0s
0r
1y
1c
0i
#20096967276
0t
0s
0r
1y
1c
0i
#20096968513
1t
0s
0r
1y
1c
0i
#20096969426
0t
0s
0r
1y
1c
0i
#20096969955
1t
0s
0r
1y
1c
0i
#20096970495
0t
0s
0r
1y
1c
0i
#20096971030
1t
0s
0r
1y
1c
0i
#20096971568
0t
0s
0r
1y
1c
0i
#20096972102
1t
0s
0r
1y
1c
0i
#20096972638
0t
0s
0r
1y
1c
0i
#20096973173
1t
0s
0r
1y
1c
0i
#20096973711
0t
0s
0r
1y
1c
0i
#20096974246
1t
0s
0r
1y
1c
0i
#20096974783
0t
0s
0r
1y
1c
1i
#20096975316
1t
0s
0r
1y
1c
1i
#20096975852
0t
0s
0r
1y
1c
1i
#20096976284
0t
0s
1r
1y
1c
1i
#20096976286
0t
0s
0r
1y
1c
1i
#20096976386
1t
0s
0r
1y
1c
1i
#20096976925
0t
0s
0r
1y
1c
1i
#20096977459
1t
0s
0r
1y
1c
0i
#20096977998
0t
0s
0r
1y
0c
0i
#20096978532
1t
0s
0r
1y
0c
0i
#20096979071
0t
0s
0r
1y
0c
0i
#20096979606
1t
0s
0r
1y
0c
0i
#20096980145
0t
0s
0r
1y
0c
0i
#20096980681
1t
0s
0r
1y
0c
0i
#20096981220
0t
0s
0r
1y
0c
0i
#20096981757
1t
0s
0r
1y
0c
0i
#20096982298
0t
0s
0r
1y
0c
0i
#20096982837
1t
0s
0r
1y
0c
0i
#20096983380
0t
0s
0r
1y
0c
0i
#20096983918
1t
0s
0r
1y
0c
0i
#20096984462
0t
0s
0r
1y
0c
0i
#20096985001
1t
0s
0r
1y
0c
0i
#20096985546
0t
0s
0r
1y
0c
0i
#20096986088
1t
0s
0r
1y
0c
0i
#20096986634
0t
0s
0r
1y
0c
0i
#20096987177
1t
0s
0r
1y
0c
0i
#20096987722
0t
0s
0r
1y
0c
0i
#20096988265
1t
0s
0r
1y
0c
0i
#20096988811
0t
0s
0r
1y
0c
0i
#20096989357
1t
0s
0r
1y
0c
0i
#20096989903
0t
0s
0r
1y
0c
0i
#20096990447
1t
0s
0r
1y
0c
0i
#20096990992
0t
0s
0r
1y
0c
0i
#20096991537
1t
0s
0r
1y
0c
0i
#20096992081
0t
0s
0r
1y
0c
0i
#20096992626
1t
0s
0r
1y
0c
0i
#20096993171
0t
0s
0r
1y
0c
0i
#20096993715
1t
0s
0r
1y
0c
0i
#20096994257
0t
0s
0r
1y
0c
1i
#20096994802
1t
0s
0r
1y
0c
1i
#20096995346
0t
0s
0r
1y
0c
1i
#20096995890
1t
0s
0r
1y
0c
1i
#20096996434
0t
0s
0r
1y
0c
1i
#20096996978
1t
0s
0r
1y
0c
0i
#20096997522
0t
0s
0r
1y
1c
0i
#20096998067
1t
0s
0r
1y
1c
0i
#20096998612
0t
0s
0r
1y
1c
0i
#20096999158
1t
0s
0r
1y
1c
0i
#20096999705
0t
0s
0r
1y
1c
0i
#20097000250
1t
0s
0r
1y
1c
0i
#20097000797
0t
0s
0r
1y
1c
0i
#20097001345
1t
0s
0r
1y
1c
0i
#20097001893
0t
0s
0r
1y
1c
0i
#20097002443
1t
0s
0r
1y
1c
0i
#20097002994
0t
0s
0r
1y
1c
0i
#20097003544
1t
0s
0r
1y
1c
0i
#20097004097
0t
0s
0r
1y
1c
0i
#20097004649
1t
0s
0r
1y
1c
0i
#20097005204
0t
0s
0r
1y
1c
0i
#20097005757
1t
0s
0r
1y
1c
0i
#20097006310
0t
0s
0r
1y
1c
0i
#20097007591
1t
0s
0r
1y
1c
0i
#20097008540
0t
0s
0r
1y
1c
0i
#20097009090
1t
0s
0r
1y
1c
0i
#20097009649
0t
0s
0r
1y
1c
0i
#20097010204
1t
0s
0r
1y
1c
0i
#20097010762
0t
0s
0r
1y
1c
0i
#20097011316
1t
0s
0r
1y
1c
0i
#20097011872
0t
0s
0r
1y
1c
0i
#20097012427
1t
0s
0r
1y
1c
0i
#20097012983
0t
0s
0r
1y
1c
0i
#20097013538
1t
0s
0r
1y
1c
0i
#20097014094
0t
0s
0r
1y
1c
1i
#20097014647
1t
0s
0r
1y
1c
1i
#20097015202
0t
0s
0r
1y
1c
1i
#20097015755
1t
0s
0r
1y
1c
1i
#20097016310
0t
0s
0r
1y
1c
1i
#20097016863
1t
0s
0r
1y
1c
0i
#20097017419
0t
0s
0r
1y
0c
0i
#20097017971
1t
0s
0r
1y
0c
0i
#20097018527
0t
0s
0r
1y
0c
0i
#20097019080
1t
0s
0r
1y
0c
0i
#20097019637
0t
0s
0r
1y
0c
0i
#20097020190
1t
0s
0r
1y
0c
0i
#20097020746
0t
0s
0r
1y
0c
0i
#20097021301
1t
0s
0r
1y
0c
0i
#20097021860
0t
0s
0r
1y
0c
0i
#20097022417
1t
0s
0r
1y
0c
0i
#20097022977
0t
0s
0r
1y
0c
0i
#20097023534
1t
0s
0r
1y
0c
0i
#20097024095
0t
0s
0r
1y
0c
0i
#20097024654
1t
0s
0r
1y
0c
0i
#20097025218
0t
0s
0r
1y
0c
0i
#20097025779
1t
0s
0r
1y
0c
0i
#20097026343
0t
0s
0r
1y
0c
0i
#20097026906
1t
0s
0r
1y
0c
0i
#20097027470
0t
0s
0r
1y
0c
0i
#20097028033
1t
0s
0r
1y
0c
0i
#20097028599
0t
0s
0r
1y
0c
0i
#20097029165
1t
0s
0r
1y
0c
0i
#20097029731
0t
0s
0r
1y
0c
0i
#20097030296
1t
0s
0r
1y
0c
0i
#20097030861
0t
0s
0r
1y
0c
0i
#20097031428
1t
0s
0r
1y
0c
0i
#20097031993
0t
0s
0r
1y
0c
0i
#20097032558
1t
0s
0r
1y
0c
0i
#20097033122
0t
0s
0r
1y
0c
0i
#20097033688
1t
0s
0r
1y
0c
0i
#20097034252
0t
0s
0r
1y
0c
1i
#20097034819
1t
0s
0r
1y
0c
1i
#20097035382
0t
0s
0r
1y
0c
1i
#20097035947
1t
0s
0r
1y
0c
1i
#20097036510
0t
0s
0r
1y
0c
1i
#20097037075
1t
0s
0r
1y
0c
0i
#20097037639
0t
0s
0r
1y
1c
0i
#20097038206
1t
0s
0r
1y
1c
0i
#20097038770
0t
0s
0r
1y
1c
0i
#20097039336
1t
0s
0r
1y
1c
0i
#20097039900
0t
0s
0r
1y
1c
0i
#20097040466
1t
0s
0r
1y
1c
0i
#20097041031
0t
0s
0r
1y
1c
0i
#20097041599
1t
0s
0r
1y
1c
0i
#20097042167
0t
0s
0r
1y
1c
0i
#20097042735
1t
0s
0r
1y
1c
0i
#20097043303
0t
0s
0r
1y
1c
0i
#20097043872
1t
0s
0r
1y
1c
0i
#20097044442
0t
0s
0r
1y
1c
0i
#20097045013
1t
0s
0r
1y
1c
0i
#20097045585
0t
0s
0r
1y
1c
0i
#20097046157
1t
0s
0r
1y
1c
0i
#20097046728
0t
0s
0r
1y
1c
0i
#20097048059
1t
0s
0r
1y
1c
0i
#20097049031
0t
0s
0r
1y
1c
0i
#20097049599
1t
0s
0r
1y
1c
0i
#20097050176
0t
0s
0r
1y
1c
0i
#20097050750
1t
0s
0r
1y
1c
0i
#20097051326
0t
0s
0r
1y
1c
0i
#20097051900
1t
0s
0r
1y
1c
0i
#20097052474
0t
0s
0r
1y
1c
0i
#20097053049
1t
0s
0r
1y
1c
0i
#20097053624
0t
0s
0r
1y
1c
0i
#20097054199
1t
0s
0r
1y
1c
0i
#20097054774
0t
0s
0r
1y
1c
1i
#20097055348
1t
0s
0r
1y
1c
1i
#20097055922
0t
0s
0r
1y
1c
1i
#20097056354
0t
0s
1r
1y
1c
1i
#20097056357
0t
0s
0r
1y
1c
1i
#20097056496
1t
0s
0r
1y
1c
1i
#20097057072
0t
0s
0r
1y
1c
1i
#20097057647
1t
0s
0r
1y
1c
0i
#20097058223
0t
0s
0r
1y
0c
0i
#20097058798
1t
0s
0r
1y
0c
0i
#20097059375
0t
0s
0r
1y
0c
0i
#20097059950
1t
0s
0r
1y
0c
0i
#20097060527
0t
0s
0r
1y
0c
0i
#20097061103
1t
0s
0r
1y
0c
0i
#20097061680
0t
0s
0r
1y
0c
0i
#20097062257
1t
0s
0r
1y
0c
0i
#20097062837
0t
0s
0r
1y
0c
0i
#20097063416
1t
0s
0r
1y
0c
0i
#20097063996
0t
0s
0r
1y
0c
0i
#20097064576
1t
0s
0r
1y
0c
0i
#20097065158
0t
0s
0r
1y
0c
0i
#20097065738
1t
0s
0r
1y
0c
0i
#20097066322
0t
0s
0r
1y
0c
0i
#20097066905
1t
0s
0r
1y
0c
0i
#20097067490
0t
0s
0r
1y
0c
0i
#20097068075
1t
0s
0r
1y
0c
0i
#20097068659
0t
0s
0r
1y
0c
0i
#20097069245
1t
0s
0r
1y
0c
0i
#20097069830
0t
0s
0r
1y
0c
0i
#20097070417
1t
0s
0r
1y
0c
0i
#20097071003
0t
0s
0r
1y
0c
0i
#20097071589
1t
0s
0r
1y
0c
0i
#20097072175
0t
0s
0r
1y
0c
0i
#20097072763
1t
0s
0r
1y
0c
0i
#20097073348
0t
0s
0r
1y
0c
0i
#20097073934
1t
0s
0r
1y
0c
0i
#20097074517
0t
0s
0r
1y
0c
0i
#20097075104
1t
0s
0r
1y
0c
0i
#20097075688
0t
0s
0r
1y
0c
0i
#20097076276
1t
0s
0r
1y
0c
1i
#20097076860
0t
0s
0r
1y
0c
1i
#20097077446
1t
0s
0r
1y
0c
1i
#20097078028
0t
0s
0r
1y
0c
1i
#20097078615
1t
0s
0r
1y
0c
0i
#20097079200
0t
0s
0r
1y
1c
0i
#20097079789
1t
0s
0r
1y
1c
0i
#20097080373
0t
0s
0r
1y
1c
0i
#20097080960
1t
0s
0r
1y
1c
0i
#20097081544
0t
0s
0r
1y
1c
0i
#20097082132
1t
0s
0r
1y
1c
0i
#20097082720
0t
0s
0r
1y
1c
0i
#20097083310
1t
0s
0r
1y
1c
0i
#20097083898
0t
0s
0r
1y
1c
0i
#20097084489
1t
0s
0r
1y
1c
0i
#20097085077
0t
0s
0r
1y
1c
0i
#20097085669
1t
0s
0r
1y
1c
0i
#20097086262
0t
0s
0r
1y
1c
0i
#20097086856
1t
0s
0r
1y
1c
0i
#20097087449
0t
0s
0r
1y
1c
0i
#20097088044
1t
0s
0r
1y
1c
0i
#20097088636
0t
0s
0r
1y
1c
0i
#20097090024
1t
0s
0r
1y
1c
0i
#20097091032
0t
0s
0r
1y
1c
0i
#20097091624
1t
0s
0r
1y
1c
0i
#20097092222
0t
0s
0r
1y
1c
0i
#20097092819
1t
0s
0r
1y
1c
0i
#20097093417
0t
0s
0r
1y
1c
0i
#20097094016
1t
0s
0r
1y
1c
0i
#20097094614
0t
0s
0r
1y
1c
0i
#20097095212
1t
0s
0r
1y
1c
0i
#20097095809
0t
0s
0r
1y
1c
0i
#20097096407
1t
0s
0r
1y
1c
0i
#20097097004
0t
0s
0r
1y
1c
1i
#20097097602
1t
0s
0r
1y
1c
1i
#20097098199
0t
0s
0r
1y
1c
1i
#20097098796
1t
0s
0r
1y
1c
1i
#20097099394
0t
0s
0r
1y
1c
1i
#20097099993
1t
0s
0r
1y
1c
0i
#20097100591
0t
0s
0r
1y
0c
0i
#20097101187
1t
0s
0r
1y
0c
0i
#20097101785
0t
0s
0r
1y
0c
0i
#20097102383
1t
0s
0r
1y
0c
0i
#20097102983
0t
0s
0r
1y
0c
0i
#20097103584
1t
0s
0r
1y
0c
0i
#20097104183
0t
0s
0r
1y
0c
0i
#20097104783
1t
0s
0r
1y
0c
0i
#20097105383
0t
0s
0r
1y
0c
0i
#20097105985
1t
0s
0r
1y
0c
0i
#20097106588
0t
0s
0r
1y
0c
0i
#20097107192
1t
0s
0r
1y
0c
0i
#20097107798
0t
0s
0r
1y
0c
0i
#20097108402
1t
0s
0r
1y
0c
0i
#20097109006
0t
0s
0r
1y
0c
0i
#20097109612
1t
0s
0r
1y
0c
0i
#20097110219
0t
0s
0r
1y
0c
0i
#20097110828
1t
0s
0r
1y
0c
0i
#20097111435
0t
0s
0r
1y
0c
0i
#20097112045
1t
0s
0r
1y
0c
0i
#20097112652
0t
0s
0r
1y
0c
0i
#20097113263
1t
0s
0r
1y
0c
0i
#20097113870
0t
0s
0r
1y
0c
0i
#20097114481
1t
0s
0r
1y
0c
0i
#20097115090
0t
0s
0r
1y
0c
0i
#20097115702
1t
0s
0r
1y
0c
0i
#20097116308
0t
0s
0r
1y
0c
0i
#20097116919
1t
0s
0r
1y
0c
0i
#20097117525
0t
0s
0r
1y
0c
0i
#20097118138
1t
0s
0r
1y
0c
0i
#20097118744
0t
0s
0r
1y
0c
1i
#20097119356
1t
0s
0r
1y
0c
1i
#20097119962
0t
0s
0r
1y
0c
1i
#20097120573
1t
0s
0r
1y
0c
1i
#20097121180
0t
0s
0r
1y
0c
1i
#20097121794
1t
0s
0r
1y
0c
0i
#20097122402
0t
0s
0r
1y
1c
0i
#20097123015
1t
0s
0r
1y
1c
0i
#20097123623
0t
0s
0r
1y
1c
0i
#20097124237
1t
0s
0r
1y
1c
0i
#20097124846
0t
0s
0r
1y
1c
0i
#20097125460
1t
0s
0r
1y
1c
0i
#20097126072
0t
0s
0r
1y
1c
0i
#20097126687
1t
0s
0r
1y
1c
0i
#20097127300
0t
0s
0r
1y
1c
0i
#20097127919
1t
0s
0r
1y
1c
0i
#20097128533
0t
0s
0r
1y
1c
0i
#20097129151
1t
0s
0r
1y
1c
0i
#20097129767
0t
0s
0r
1y
1c
0i
#20097130387
1t
0s
0r
1y
1c
0i
#20097131006
0t
0s
0r
1y
1c
0i
#20097131630
1t
0s
0r
1y
1c
0i
#20097132248
0t
0s
0r
1y
1c
0i
#20097133711
1t
0s
0r
1y
1c
0i
#20097134744
0t
0s
0r
1y
1c
0i
#20097135363
1t
0s
0r
1y
1c
0i
#20097135987
0t
0s
0r
1y
1c
0i
#20097136610
1t
0s
0r
1y
1c
0i
#20097137232
0t
0s
0r
1y
1c
0i
#20097137857
1t
0s
0r
1y
1c
0i
#20097138479
0t
0s
0r
1y
1c
0i
#20097139104
1t
0s
0r
1y
1c
0i
#20097139724
0t
0s
0r
1y
1c
0i
#20097140348
1t
0s
0r
1y
1c
0i
#20097140969
0t
0s
0r
1y
1c
0i
#20097141594
1t
0s
0r
1y
1c
1i
#20097142216
0t
0s
0r
1y
1c
1i
#20097142643
0t
0s
1r
1y
1c
1i
#20097142645
0t
0s
0r
1y
1c
1i
#20097142840
1t
0s
0r
1y
1c
1i
#20097143461
0t
0s
0r
1y
1c
1i
#20097144086
1t
0s
0r
1y
1c
0i
#20097144709
0t
0s
0r
1y
0c
0i
#20097145335
1t
0s
0r
1y
0c
0i
#20097145959
0t
0s
0r
1y
0c
0i
#20097146584
1t
0s
0r
1y
0c
0i
#20097147207
0t
0s
0r
1y
0c
0i
#20097147832
1t
0s
0r
1y
0c
0i
#20097148459
0t
0s
0r
1y
0c
0i
#20097149088
1t
0s
0r
1y
0c
0i
#20097149714
0t
0s
0r
1y
0c
0i
#20097150343
1t
0s
0r
1y
0c
0i
#20097150971
0t
0s
0r
1y
0c
0i
#20097151602
1t
0s
0r
1y
0c
0i
#20097152233
0t
0s
0r
1y
0c
0i
#20097152866
1t
0s
0r
1y
0c
0i
#20097153499
0t
0s
0r
1y
0c
0i
#20097154133
1t
0s
0r
1y
0c
0i
#20097154766
0t
0s
0r
1y
0c
0i
#20097155403
1t
0s
0r
1y
0c
0i
#20097156038
0t
0s
0r
1y
0c
0i
#20097156675
1t
0s
0r
1y
0c
0i
#20097157310
0t
0s
0r
1y
0c
0i
#20097157949
1t
0s
0r
1y
0c
0i
#20097158583
0t
0s
0r
1y
0c
0i
#20097159224
1t
0s
0r
1y
0c
0i
#20097159858
0t
0s
0r
1y
0c
0i
#20097160498
1t
0s
0r
1y
0c
0i
#20097161130
0t
0s
0r
1y
0c
0i
#20097161770
1t
0s
0r
1y
0c
0i
#20097162404
0t
0s
0r
1y
0c
0i
#20097163045
1t
0s
0r
1y
0c
0i
#20097163677
0t
0s
0r
1y
0c
0i
#20097164317
1t
0s
0r
1y
0c
1i
#20097164950
0t
0s
0r
1y
0c
1i
#20097165590
1t
0s
0r
1y
0c
1i
#20097166224
0t
0s
0r
1y
0c
1i
#20097166865
1t
0s
0r
1y
0c
0i
#20097167501
0t
0s
0r
1y
1c
0i
#20097168142
1t
0s
0r
1y
1c
0i
#20097168777
0t
0s
0r
1y
1c
0i
#20097169420
1t
0s
0r
1y
1c
0i
#20097170057
0t
0s
0r
1y
1c
0i
#20097170701
1t
0s
0r
1y
1c
0i
#20097171340
0t
0s
0r
1y
1c
0i
#20097171985
1t
0s
0r
1y
1c
0i
#20097172624
0t
0s
0r
1y
1c
0i
#20097173271
1t
0s
0r
1y
1c
0i
#20097173914
0t
0s
0r
1y
1c
0i
#20097174565
1t
0s
0r
1y
1c
0i
#20097175210
0t
0s
0r
1y
1c
0i
#20097175860
1t
0s
0r
1y
1c
0i
#20097176506
0t
0s
0r
1y
1c
0i
#20097177159
1t
0s
0r
1y
1c
0i
#20097177806
0t
0s
0r
1y
1c
0i
#20097179344
1t
0s
0r
1y
1c
0i
#20097180421
0t
0s
0r
1y
1c
0i
#20097181070
1t
0s
0r
1y
1c
0i
#20097181723
0t
0s
0r
1y
1c
0i
#20097182376
1t
0s
0r
1y
1c
0i
#20097183025
0t
0s
0r
1y
1c
0i
#20097183679
1t
0s
0r
1y
1c
0i
#20097184328
0t
0s
0r
1y
1c
0i
#20097184983
1t
0s
0r
1y
1c
0i
#20097185631
0t
0s
0r
1y
1c
0i
#20097186284
1t
0s
0r
1y
1c
0i
#20097186931
0t
0s
0r
1y
1c
0i
#20097187584
1t
0s
0r
1y
1c
1i
#20097188233
0t
0s
0r
1y
1c
1i
#20097188888
1t
0s
0r
1y
1c
1i
#20097189536
0t
0s
0r
1y
1c
1i
#20097190189
1t
0s
0r
1y
1c
0i
#20097190838
0t
0s
0r
1y
0c
0i
#20097191491
1t
0s
0r
1y
0c
0i
#20097192142
0t
0s
0r
1y
0c
0i
#20097192799
1t
0s
0r
1y
0c
0i
#20097193451
0t
0s
0r
1y
0c
0i
#20097194107
1t
0s
0r
1y
0c
0i
#20097194760
0t
0s
0r
1y
0c
0i
#20097195419
1t
0s
0r
1y
0c
0i
#20097196076
0t
0s
0r
1y
0c
0i
#20097196739
1t
0s
0r
1y
0c
0i
#20097197397
0t
0s
0r
1y
0c
0i
#20097198061
1t
0s
0r
1y
0c
0i
#20097198723
0t
0s
0r
1y
0c
0i
#20097199388
1t
0s
0r
1y
0c
0i
#20097200052
0t
0s
0r
1y
0c
0i
#20097200722
1t
0s
0r
1y
0c
0i
#20097201386
0t
0s
0r
1y
0c
0i
#20097202058
1t
0s
0r
1y
0c
0i
#20097202725
0t
0s
0r
1y
0c
0i
#20097203399
1t
0s
0r
1y
0c
0i
#20097204066
0t
0s
0r
1y
0c
0i
#20097204740
1t
0s
0r
1y
0c
0i
#20097205406
0t
0s
0r
1y
0c
0i
#20097206081
1t
0s
0r
1y
0c
0i
#20097206747
0t
0s
0r
1y
0c
0i
#20097207421
1t
0s
0r
1y
0c
0i
#20097208085
0t
0s
0r
1y
0c
0i
#20097208758
1t
0s
0r
1y
0c
0i
#20097209422
0t
0s
0r
1y
0c
0i
#20097210097
1t
0s
0r
1y
0c
0i
#20097210760
0t
0s
0r
1y
0c
0i
#20097211432
1t
0s
0r
1y
0c
1i
#20097212094
0t
0s
0r
1y
0c
1i
#20097212766
1t
0s
0r
1y
0c
1i
#20097213430
0t
0s
0r
1y
0c
0i
#20097214103
1t
0s
0r
1y
0c
0i
#20097214767
0t
0s
0r
1y
1c
0i
#20097215441
1t
0s
0r
1y
1c
0i
#20097216105
0t
0s
0r
1y
1c
0i
#20097216779
1t
0s
0r
1y
1c
0i
#20097217443
0t
0s
0r
1y
1c
0i
#20097218118
1t
0s
0r
1y
1c
0i
#20097218785
0t
0s
0r
1y
1c
0i
#20097219463
1t
0s
0r
1y
1c
0i
#20097220133
0t
0s
0r
1y
1c
0i
#20097220812
1t
0s
0r
1y
1c
0i
#20097221483
0t
0s
0r
1y
1c
0i
#20097222164
1t
0s
0r
1y
1c
0i
#20097222839
0t
0s
0r
1y
1c
0i
#20097223523
1t
0s
0r
1y
1c
0i
#20097224201
0t
0s
0r
1y
1c
0i
#20097224887
1t
0s
0r
1y
1c
0i
#20097225565
0t
0s
0r
1y
1c
0i
#20097227195
1t
0s
0r
1y
1c
0i
#20097228316
0t
0s
0r
1y
1c
0i
#20097228999
1t
0s
0r
1y
1c
0i
#20097229685
0t
0s
0r
1y
1c
0i
#20097230376
1t
0s
0r
1y
1c
0i
#20097231060
0t
0s
0r
1y
1c
0i
#20097231751
1t
0s
0r
1y
1c
0i
#20097232433
0t
0s
0r
1y
1c
0i
#20097233125
1t
0s
0r
1y
1c
0i
#20097233808
0t
0s
0r
1y
1c
0i
#20097234498
1t
0s
0r
1y
1c
0i
#20097235179
0t
0s
0r
1y
1c
0i
#20097235870
1t
0s
0r
1y
1c
1i
#20097236553
0t
0s
0r
1y
1c
1i
#20097236940
0t
0s
1r
1y
1c
1i
#20097236942
0t
0s
0r
1y
1c
1i
#20097237246
1t
0s
0r
1y
1c
1i
#20097237930
0t
0s
0r
1y
1c
1i
#20097238620
1t
0s
0r
1y
1c
0i
#20097239303
0t
0s
0r
1y
1c
0i
#20097239995
1t
0s
0r
1y
0c
0i
#20097240681
0t
0s
0r
1y
0c
0i
#20097241374
1t
0s
0r
1y
0c
0i
#20097242060
0t
0s
0r
1y
0c
0i
#20097242753
1t
0s
0r
1y
0c
0i
#20097243439
0t
0s
0r
1y
0c
0i
#20097244133
1t
0s
0r
1y
0c
0i
#20097244824
0t
0s
0r
1y
0c
0i
#20097245522
1t
0s
0r
1y
0c
0i
#20097246215
0t
0s
0r
1y
0c
0i
#20097246914
1t
0s
0r
1y
0c
0i
#20097247608
0t
0s
0r
1y
0c
0i
#20097248310
1t
0s
0r
1y
0c
0i
#20097249006
0t
0s
0r
1y
0c
0i
#20097249711
1t
0s
0r
1y
0c
0i
#20097250409
0t
0s
0r
1y
0c
0i
#20097251117
1t
0s
0r
1y
0c
0i
#20097251817
0t
0s
0r
1y
0c
0i
#20097252527
1t
0s
0r
1y
0c
0i
#20097253229
0t
0s
0r
1y
0c
0i
#20097253939
1t
0s
0r
1y
0c
0i
#20097254638
0t
0s
0r
1y
0c
0i
#20097255350
1t
0s
0r
1y
0c
0i
#20097256051
0t
0s
0r
1y
0c
0i
#20097256763
1t
0s
0r
1y
0c
0i
#20097257462
0t
0s
0r
1y
0c
0i
#20097258174
1t
0s
0r
1y
0c
0i
#20097258873
0t
0s
0r
1y
0c
0i
#20097259586
1t
0s
0r
1y
0c
0i
#20097260285
0t
0s
0r
1y
0c
0i
#20097260998
1t
0s
0r
1y
0c
1i
#20097261696
0t
0s
0r
1y
0c
1i
#20097262408
1t
0s
0r
1y
0c
1i
#20097263109
0t
0s
0r
1y
0c
1i
#20097263824
1t
0s
0r
1y
0c
0i
#20097264525
0t
0s
0r
1y
1c
0i
#20097265239
1t
0s
0r
1y
1c
0i
#20097265941
0t
0s
0r
1y
1c
0i
#20097266656
1t
0s
0r
1y
1c
0i
#20097267359
0t
0s
0r
1y
1c
0i
#20097268076
1t
0s
0r
1y
1c
0i
#20097268781
0t
0s
0r
1y
1c
0i
#20097269498
1t
0s
0r
1y
1c
0i
#20097270203
0t
0s
0r
1y
1c
0i
#20097270924
1t
0s
0r
1y
1c
0i
#20097271634
0t
0s
0r
1y
1c
0i
#20097272357
1t
0s
0r
1y
1c
0i
#20097273069
0t
0s
0r
1y
1c
0i
#20097273793
1t
0s
0r
1y
1c
0i
#20097274507
0t
0s
0r
1y
1c
0i
#20097275233
1t
0s
0r
1y
1c
0i
#20097275948
0t
0s
0r
1y
1c
0i
#20097277676
1t
0s
0r
1y
1c
0i
#20097278854
0t
0s
0r
1y
1c
0i
#20097279579
1t
0s
0r
1y
1c
0i
#20097280301
0t
0s
0r
1y
1c
0i
#20097281030
1t
0s
0r
1y
1c
0i
#20097281749
0t
0s
0r
1y
1c
0i
#20097282481
1t
0s
0r
1y
1c
0i
#20097283201
0t
0s
0r
1y
1c
0i
#20097283934
1t
0s
0r
1y
1c
0i
#20097284654
0t
0s
0r
1y
1c
0i
#20097285385
1t
0s
0r
1y
1c
0i
#20097286103
0t
0s
0r
1y
1c
0i
#20097286836
1t
0s
0r
1y
1c
1i
#20097287558
0t
0s
0r
1y
1c
1i
#20097288293
1t
0s
0r
1y
1c
1i
#20097289015
0t
0s
0r
1y
1c
1i
#20097289747
1t
0s
0r
1y
1c
0i
#20097290469
0t
0s
0r
1y
0c
0i
#20097291203
1t
0s
0r
1y
0c
0i
#20097291928
0t
0s
0r
1y
0c
0i
#20097292665
1t
0s
0r
1y
0c
0i
#20097293391
0t
0s
0r
1y
0c
0i
#20097294127
1t
0s
0r
1y
0c
0i
#20097294853
0t
0s
0r
1y
0c
0i
#20097295591
1t
0s
0r
1y
0c
0i
#20097296322
0t
0s
0r
1y
0c
0i
#20097297064
1t
0s
0r
1y
0c
0i
#20097297796
0t
0s
0r
1y
0c
0i
#20097298540
1t
0s
0r
1y
0c
0i
#20097299275
0t
0s
0r
1y
0c
0i
#20097300022
1t
0s
0r
1y
0c
0i
#20097300759
0t
0s
0r
1y
0c
0i
#20097301507
1t
0s
0r
1y
0c
0i
#20097302244
0t
0s
0r
1y
0c
0i
#20097302995
1t
0s
0r
1y
0c
0i
#20097303736
0t
0s
0r
1y
0c
0i
#20097304491
1t
0s
0r
1y
0c
0i
#20097305232
0t
0s
0r
1y
0c
0i
#20097305986
1t
0s
0r
1y
0c
0i
#20097306725
0t
0s
0r
1y
0c
0i
#20097307481
1t
0s
0r
1y
0c
0i
#20097308221
0t
0s
0r
1y
0c
0i
#20097308979
1t
0s
0r
1y
0c
0i
#20097309719
0t
0s
0r
1y
0c
0i
#20097310475
1t
0s
0r
1y
0c
0i
#20097311214
0t
0s
0r
1y
0c
0i
#20097311972
1t
0s
0r
1y
0c
0i
#20097312712
0t
0s
0r
1y
0c
0i
#20097313472
1t
0s
0r
1y
0c
1i
#20097314213
0t
0s
0r
1y
0c
1i
#20097314972
1t
0s
0r
1y
0c
1i
#20097315714
0t
0s
0r
1y
0c
0i
#20097316475
1t
0s
0r
1y
0c
0i
#20097317220
0t
0s
0r
1y
1c
0i
#20097317983
1t
0s
0r
1y
1c
0i
#20097318728
0t
0s
0r
1y
1c
0i
#20097319492
1t
0s
0r
1y
1c
0i
#20097320237
0t
0s
0r
1y
1c
0i
#20097321002
1t
0s
0r
1y
1c
0i
#20097321751
0t
0s
0r
1y
1c
0i
#20097322517
1t
0s
0r
1y
1c
0i
#20097323266
0t
0s
0r
1y
1c
0i
#20097324035
1t
0s
0r
1y
1c
0i
#20097324789
0t
0s
0r
1y
1c
0i
#20097325561
1t
0s
0r
1y
1c
0i
#20097326317
0t
0s
0r
1y
1c
0i
#20097327090
1t
0s
0r
1y
1c
0i
#20097327848
0t
0s
0r
1y
1c
0i
#20097328623
1t
0s
0r
1y
1c
0i
#20097329382
0t
0s
0r
1y
1c
0i
#20097331233
1t
0s
0r
1y
1c
0i
#20097332472
0t
0s
0r
1y
1c
0i
#20097333245
1t
0s
0r
1y
1c
0i
#20097334012
0t
0s
0r
1y
1c
0i
#20097334790
1t
0s
0r
1y
1c
0i
#20097335555
0t
0s
0r
1y
1c
0i
#20097336334
1t
0s
0r
1y
1c
0i
#20097337099
0t
0s
0r
1y
1c
0i
#20097337879
1t
0s
0r
1y
1c
0i
#20097338645
0t
0s
0r
1y
1c
0i
#20097339427
1t
0s
0r
1y
0c
0i
#20097340192
0t
0s
0r
1y
0c
0i
#20097340973
1t
0s
0r
1y
0c
1i
#20097341741
0t
0s
0r
1y
0c
1i
#20097342080
0t
0s
1r
1y
0c
1i
#20097342083
0t
0s
0r
1y
0c
1i
#20097342525
1t
0s
0r
1y
0c
1i
#20097343294
0t
0s
0r
1y
0c
0i
#20097344080
1t
0s
0r
1y
0c
0i
#20097344852
0t
0s
0r
1y
0c
0i
#20097345639
1t
0s
0r
1y
0c
0i
#20097346410
0t
0s
0r
1y
0c
0i
#20097347197
1t
0s
0r
1y
0c
0i
#20097347971
0t
0s
0r
1y
0c
0i
#20097348758
1t
0s
0r
1y
0c
0i
#20097349530
0t
0s
0r
1y
0c
0i
#20097350316
1t
0s
0r
1y
0c
0i
#20097351089
0t
0s
0r
1y
0c
0i
#20097351875
1t
0s
0r
1y
0c
0i
#20097352645
0t
0s
0r
1y
0c
0i
#20097353428
1t
0s
0r
1y
0c
0i
#20097354196
0t
0s
0r
1y
0c
0i
#20097354976
1t
0s
0r
1y
0c
0i
#20097355744
0t
0s
0r
1y
0c
0i
#20097356527
1t
0s
0r
1y
0c
0i
#20097357294
0t
0s
0r
1y
0c
0i
#20097358075
1t
0s
0r
1y
0c
0i
#20097358841
0t
0s
0r
1y
0c
0i
#20097359623
1t
0s
0r
1y
0c
0i
#20097360389
0t
0s
0r
1y
0c
0i
#20097361173
1t
0s
0r
1y
0c
0i
#20097361940
0t
0s
0r
1y
0c
0i
#20097362722
1t
0s
0r
1y
0c
0i
#20097363486
0t
0s
0r
1y
0c
0i
#20097364269
1t
0s
0r
1y
0c
0i
#20097365033
0t
0s
0r
1y
0c
0i
#20097365818
1t
0s
0r
1y
0c
0i
#20097366582
0t
0s
0r
1y
0c
0i
#20097367367
1t
0s
0r
1y
1c
0i
#20097368128
0t
0s
0r
1y
1c
0i
#20097368913
1t
0s
0r
1y
1c
1i
#20097369679
0t
0s
0r
1y
1c
1i
#20097370466
1t
0s
0r
1y
1c
1i
#20097371233
0t
0s
0r
1y
1c
0i
#20097372020
1t
0s
0r
1y
1c
0i
#20097372787
0t
0s
0r
1y
1c
0i
#20097373575
1t
0s
0r
1y
1c
0i
#20097374343
0t
0s
0r
1y
1c
0i
#20097375134
1t
0s
0r
1y
1c
0i
#20097375903
0t
0s
0r
1y
1c
0i
#20097376691
1t
0s
0r
1y
1c
0i
#20097377458
0t
0s
0r
1y
1c
0i
#20097378246
1t
0s
0r
1y
1c
0i
#20097379013
0t
0s
0r
1y
1c
0i
#20097379799
1t
0s
0r
1y
1c
0i
#20097380565
0t
0s
0r
1y
1c
0i
#20097381347
1t
0s
0r
1y
1c
0i
#20097382112
0t
0s
0r
1y
1c
0i
#20097382893
1t
0s
0r
1y
1c
0i
#20097383658
0t
0s
0r
1y
1c
0i
#20097384438
1t
0s
0r
1y
1c
0i
#20097385199
0t
0s
0r
1y
1c
0i
#20097387053
1t
0s
0r
1y
1c
0i
#20097388296
0t
0s
0r
1y
1c
0i
#20097389069
1t
0s
0r
1y
1c
0i
#20097389834
0t
0s
0r
1y
1c
0i
#20097390612
1t
0s
0r
1y
1c
0i
#20097391378
0t
0s
0r
1y
1c
0i
#20097392160
1t
0s
0r
1y
1c
0i
#20097392923
0t
0s
0r
1y
1c
0i
#20097393703
1t
0s
0r
1y
1c
0i
#20097394466
0t
0s
0r
1y
1c
0i
#20097395246
1t
0s
0r
1y
0c
0i
#20097396011
0t
0s
0r
1y
0c
0i
#20097396793
1t
0s
0r
1y
0c
1i
#20097397560
0t
0s
0r
1y
0c
1i
#20097398341
1t
0s
0r
1y
0c
1i
#20097399107
0t
0s
0r
1y
0c
0i
#20097399888
1t
0s
0r
1y
0c
0i
#20097400657
0t
0s
0r
1y
0c
0i
#20097401440
1t
0s
0r
1y
0c
0i
#20097402209
0t
0s
0r
1y
0c
0i
#20097402991
1t
0s
0r
1y
0c
0i
#20097403759
0t
0s
0r
1y
0c
0i
#20097404542
1t
0s
0r
1y
0c
0i
#20097405310
0t
0s
0r
1y
0c
0i
#20097406094
1t
0s
0r
1y
0c
0i
#20097406864
0t
0s
0r
1y
0c
0i
#20097407646
1t
0s
0r
1y
0c
0i
#20097408414
0t
0s
0r
1y
0c
0i
#20097409199
1t
0s
0r
1y
0c
0i
#20097409969
0t
0s
0r
1y
0c
0i
#20097410749
1t
0s
0r
1y
0c
0i
#20097411517
0t
0s
0r
1y
0c
0i
#20097412300
1t
0s
0r
1y
0c
0i
#20097413068
0t
0s
0r
1y
0c
0i
#20097413852
1t
0s
0r
1y
0c
0i
#20097414620
0t
0s
0r
1y
0c
0i
#20097415403
1t
0s
0r
1y
0c
0i
#20097416168
0t
0s
0r
1y
0c
0i
#20097416952
1t
0s
0r
1y
0c
0i
#20097417720
0t
0s
0r
1y
0c
0i
#20097418505
1t
0s
0r
1y
0c
0i
#20097419272
0t
0s
0r
1y
0c
0i
#20097420056
1t
0s
0r
1y
0c
0i
#20097420821
0t
0s
0r
1y
0c
0i
#20097421605
1t
0s
0r
1y
0c
0i
#20097422369
0t
0s
0r
1y
0c
0i
#20097423156
1t
0s
0r
1y
1c
0i
#20097423921
0t
0s
0r
1y
1c
0i
#20097424705
1t
0s
0r
1y
1c
1i
#20097425471
0t
0s
0r
1y
1c
1i
#20097426258
1t
0s
0r
1y
1c
1i
#20097427025
0t
0s
0r
1y
1c
0i
#20097427811
1t
0s
0r
1y
1c
0i
#20097428578
0t
0s
0r
1y
1c
0i
#20097429365
1t
0s
0r
1y
1c
0i
#20097430132
0t
0s
0r
1y
1c
0i
#20097430920
1t
0s
0r
1y
1c
0i
#20097431686
0t
0s
0r
1y
1c
0i
#20097432471
1t
0s
0r
1y
1c
0i
#20097433235
0t
0s
0r
1y
1c
0i
#20097434017
1t
0s
0r
1y
1c
0i
#20097434780
0t
0s
0r
1y
1c
0i
#20097435562
1t
0s
0r
1y
1c
0i
#20097436324
0t
0s
0r
1y
1c
0i
#20097437101
1t
0s
0r
1y
1c
0i
#20097437863
0t
0s
0r
1y
1c
0i
#20097438639
1t
0s
0r
1y
1c
0i
#20097439400
0t
0s
0r
1y
1c
0i
#20097440179
1t
0s
0r
1y
1c
0i
#20097440940
0t
0s
0r
1y
1c
0i
#20097442794
1t
0s
0r
1y
1c
0i
#20097444034
0t
0s
0r
1y
1c
0i
#20097444808
1t
0s
0r
1y
1c
0i
#20097445576
0t
0s
0r
1y
1c
0i
#20097446355
1t
0s
0r
1y
1c
0i
#20097447119
0t
0s
0r
1y
1c
0i
#20097447901
1t
0s
0r
1y
1c
0i
#20097448667
0t
0s
0r
1y
1c
0i
#20097449451
1t
0s
0r
1y
1c
0i
#20097450216
0t
0s
0r
1y
1c
0i
#20097450997
1t
0s
0r
1y
1c
0i
#20097451762
0t
0s
0r
1y
0c
0i
#20097452545
1t
0s
0r
1y
0c
0i
#20097453313
0t
0s
0r
1y
0c
1i
#20097454095
1t
0s
0r
1y
0c
1i
#20097454425
1t
0s
1r
1y
0c
1i
#20097454427
1t
0s
0r
1y
0c
1i
#20097454861
0t
0s
0r
1y
0c
1i
#20097455644
1t
0s
0r
1y
0c
0i
#20097456413
0t
0s
0r
1y
0c
0i
#20097457197
1t
0s
0r
1y
0c
0i
#20097457965
0t
0s
0r
1y
0c
0i
#20097458747
1t
0s
0r
1y
0c
0i
#20097459514
0t
0s
0r
1y
0c
0i
#20097460295
1t
0s
0r
1y
0c
0i
#20097461062
0t
0s
0r
1y
0c
0i
#20097461842
1t
0s
0r
1y
0c
0i
#20097462609
0t
0s
0r
1y
0c
0i
#20097463387
1t
0s
0r
1y
0c
0i
#20097464151
0t
0s
0r
1y
0c
0i
#20097464929
1t
0s
0r
1y
0c
0i
#20097465693
0t
0s
0r
1y
0c
0i
#20097466469
1t
0s
0r
1y
0c
0i
#20097467233
0t
0s
0r
1y
0c
0i
#20097468012
1t
0s
0r
1y
0c
0i
#20097468777
0t
0s
0r
1y
0c
0i
#20097469557
1t
0s
0r
1y
0c
0i
#20097470322
0t
0s
0r
1y
0c
0i
#20097471104
1t
0s
0r
1y
0c
0i
#20097471871
0t
0s
0r
1y
0c
0i
#20097472655
1t
0s
0r
1y
0c
0i
#20097473421
0t
0s
0r
1y
0c
0i
#20097474205
1t
0s
0r
1y
0c
0i
#20097474973
0t
0s
0r
1y
0c
0i
#20097475762
1t
0s
0r
1y
0c
0i
#20097476529
0t
0s
0r
1y
0c
0i
#20097477315
1t
0s
0r
1y
0c
0i
#20097478081
0t
0s
0r
1y
0c
0i
#20097478871
1t
0s
0r
1y
1c
0i
#20097479638
0t
0s
0r
1y
1c
0i
#20097480425
1t
0s
0r
1y
1c
0i
#20097481191
0t
0s
0r
1y
1c
1i
#20097481979
1t
0s
0r
1y
1c
1i
#20097482748
0t
0s
0r
1y
1c
1i
#20097483538
1t
0s
0r
1y
1c
0i
#20097484306
0t
0s
0r
1y
1c
0i
#20097485094
1t
0s
0r
1y
1c
0i
#20097485861
0t
0s
0r
1y
1c
0i
#20097486648
1t
0s
0r
1y
1c
0i
#20097487415
0t
0s
0r
1y
1c
0i
#20097488202
1t
0s
0r
1y
1c
0i
#20097488968
0t
0s
0r
1y
1c
0i
#20097489752
1t
0s
0r
1y
1c
0i
#20097490514
0t
0s
0r
1y
1c
0i
#20097491297
1t
0s
0r
1y
1c
0i
#20097492060
0t
0s
0r
1y
1c
0i
#20097492841
1t
0s
0r
1y
1c
0i
#20097493604
0t
0s
0r
1y
1c
0i
#20097494382
1t
0s
0r
1y
1c
0i
#20097495144
0t
0s
0r
1y
1c
0i
#20097495923
1t
0s
0r
1y
1c
0i
#20097496684
0t
0s
0r
1y
1c
0i
#20097498538
1t
0s
0r
1y
1c
0i
#20097499782
0t
0s
0r
1y
1c
0i
#20097500557
1t
0s
0r
1y
1c
0i
#20097501325
0t
0s
0r
1y
1c
0i
#20097502108
1t
0s
0r
1y
1c
0i
#20097502876
0t
0s
0r
1y
1c
0i
#20097503658
1t
0s
0r
1y
1c
0i
#20097504423
0t
0s
0r
1y
1c
0i
#20097505207
1t
0s
0r
1y
1c
0i
#20097505974
0t
0s
0r
1y
1c
0i
#20097506759
1t
0s
0r
1y
1c
0i
#20097507525
0t
0s
0r
1y
1c
0i
#20097508309
1t
0s
0r
1y
1c
0i
#20097509079
0t
0s
0r
1y
0c
1i
#20097509865
1t
0s
0r
1y
0c
1i
#20097510635
0t
0s
0r
1y
0c
1i
#20097511418
1t
0s
0r
1y
0c
0i
#20097512188
0t
0s
0r
1y
0c
0i
#20097512971
1t
0s
0r
1y
0c
0i
#20097513742
0t
0s
0r
1y
0c
0i
#20097514528
1t
0s
0r
1y
0c
0i
#20097515299
0t
0s
0r
1y
0c
0i
#20097516083
1t
0s
0r
1y
0c
0i
#20097516852
0t
0s
0r
1y
0c
0i
#20097517638
1t
0s
0r
1y
0c
0i
#20097518410
0t
0s
0r
1y
0c
0i
#20097519198
1t
0s
0r
1y
0c
0i
#20097519971
0t
0s
0r
1y
0c
0i
#20097520759
1t
0s
0r
1y
0c
0i
#20097521532
0t
0s
0r
1y
0c
0i
#20097522319
1t
0s
0r
1y
0c
0i
#20097523094
0t
0s
0r
1y
0c
0i
#20097523884
1t
0s
0r
1y
0c
0i
#20097524657
0t
0s
0r
1y
0c
0i
#20097525447
1t
0s
0r
1y
0c
0i
#20097526221
0t
0s
0r
1y
0c
0i
#20097527013
1t
0s
0r
1y
0c
0i
#20097527788
0t
0s
0r
1y
0c
0i
#20097528579
1t
0s
0r
1y
0c
0i
#20097529352
0t
0s
0r
1y
0c
0i
#20097530144
1t
0s
0r
1y
0c
0i
#20097530918
0t
0s
0r
1y
0c
0i
#20097531713
1t
0s
0r
1y
0c
0i
#20097532486
0t
0s
0r
1y
0c
0i
#20097533279
1t
0s
0r
1y
0c
0i
#20097534050
0t
0s
0r
1y
0c
0i
#20097534844
1t
0s
0r
1y
0c
0i
#20097535617
0t
0s
0r
1y
0c
0i
#20097536412
1t
0s
0r
1y
0c
0i
#20097537185
0t
0s
0r
1y
1c
1i
#20097537980
1t
0s
0r
1y
1c
1i
#20097538754
0t
0s
0r
1y
1c
1i
#20097539552
1t
0s
0r
1y
1c
0i
#20097540328
0t
0s
0r
1y
1c
0i
#20097541124
1t
0s
0r
1y
1c
0i
#20097541898
0t
0s
0r
1y
1c
0i
#20097542694
1t
0s
0r
1y
1c
0i
#20097543471
0t
0s
0r
1y
1c
0i
#20097544268
1t
0s
0r
1y
1c
0i
#20097545045
0t
0s
0r
1y
1c
0i
#20097545843
1t
0s
0r
1y
1c
0i
#20097546620
0t
0s
0r
1y
1c
0i
#20097547419
1t
0s
0r
1y
1c
0i
#20097548199
0t
0s
0r
1y
1c
0i
#20097549002
1t
0s
0r
1y
1c
0i
#20097549785
0t
0s
0r
1y
1c
0i
#20097550587
1t
0s
0r
1y
1c
0i
#20097551371
0t
0s
0r
1y
1c
0i
#20097552175
1t
0s
0r
1y
1c
0i
#20097552959
0t
0s
0r
1y
1c
0i
#20097554881
1t
0s
0r
1y
1c
0i
#20097556156
0t
0s
0r
1y
1c
0i
#20097556956
1t
0s
0r
1y
1c
0i
#20097557747
0t
0s
0r
1y
1c
0i
#20097558552
1t
0s
0r
1y
1c
0i
#20097559339
0t
0s
0r
1y
1c
0i
#20097560146
1t
0s
0r
1y
1c
0i
#20097560933
0t
0s
0r
1y
1c
0i
#20097561742
1t
0s
0r
1y
1c
0i
#20097562529
0t
0s
0r
1y
1c
0i
#20097563334
1t
0s
0r
1y
1c
0i
#20097564120
0t
0s
0r
1y
1c
0i
#20097564926
1t
0s
0r
1y
1c
0i
#20097565716
0t
0s
0r
1y
0c
1i
#20097566525
1t
0s
0r
1y
0c
1i
#20097566583
1t
0s
1r
1y
0c
1i
#20097566585
1t
0s
0r
1y
0c
1i
#20097567316
0t
0s
0r
1y
0c
1i
#20097568123
1t
0s
0r
1y
0c
0i
#20097568915
0t
0s
0r
1y
0c
0i
#20097569723
1t
0s
0r
1y
0c
0i
#20097570516
0t
0s
0r
1y
0c
0i
#20097571325
1t
0s
0r
1y
0c
0i
#20097572119
0t
0s
0r
1y
0c
0i
#20097572928
1t
0s
0r
1y
0c
0i
#20097573719
0t
0s
0r
1y
0c
0i
#20097574530
1t
0s
0r
1y
0c
0i
#20097575326
0t
0s
0r
1y
0c
0i
#20097576139
1t
0s
0r
1y
0c
0i
#20097576935
0t
0s
0r
1y
0c
0i
#20097577750
1t
0s
0r
1y
0c
0i
#20097578548
0t
0s
0r
1y
0c
0i
#20097579363
1t
0s
0r
1y
0c
0i
#20097580164
0t
0s
0r
1y
0c
0i
#20097580982
1t
0s
0r
1y
0c
0i
#20097581781
0t
0s
0r
1y
0c
0i
#20097582601
1t
0s
0r
1y
0c
0i
#20097583403
0t
0s
0r
1y
0c
0i
#20097584225
1t
0s
0r
1y
0c
0i
#20097585025
0t
0s
0r
1y
0c
0i
#20097585847
1t
0s
0r
1y
0c
0i
#20097586646
0t
0s
0r
1y
0c
0i
#20097587467
1t
0s
0r
1y
0c
0i
#20097588268
0t
0s
0r
1y
0c
0i
#20097589093
1t
0s
0r
1y
0c
0i
#20097589893
0t
0s
0r
1y
0c
0i
#20097590714
1t
0s
0r
1y
0c
0i
#20097591512
0t
0s
0r
1y
0c
0i
#20097592336
1t
0s
0r
1y
0c
0i
#20097593135
0t
0s
0r
1y
0c
0i
#20097593961
1t
0s
0r
1y
0c
0i
#20097594762
0t
0s
0r
1y
1c
1i
#20097595586
1t
0s
0r
1y
1c
1i
#20097596389
0t
0s
0r
1y
1c
1i
#20097597218
1t
0s
0r
1y
1c
0i
#20097598022
0t
0s
0r
1y
1c
0i
#20097598850
1t
0s
0r
1y
1c
0i
#20097599653
0t
0s
0r
1y
1c
0i
#20097600482
1t
0s
0r
1y
1c
0i
#20097601287
0t
0s
0r
1y
1c
0i
#20097602119
1t
0s
0r
1y
1c
0i
#20097602923
0t
0s
0r
1y
1c
0i
#20097603753
1t
0s
0r
1y
1c
0i
#20097604559
0t
0s
0r
1y
1c
0i
#20097605391
1t
0s
0r
1y
1c
0i
#20097606201
0t
0s
0r
1y
1c
0i
#20097607035
1t
0s
0r
1y
1c
0i
#20097607848
0t
0s
0r
1y
1c
0i
#20097608681
1t
0s
0r
1y
1c
0i
#20097609493
0t
0s
0r
1y
1c
0i
#20097610329
1t
0s
0r
1y
1c
0i
#20097611141
0t
0s
0r
1y
1c
0i
#20097613142
1t
0s
0r
1y
1c
0i
#20097614452
0t
0s
0r
1y
1c
0i
#20097615280
1t
0s
0r
1y
1c
0i
#20097616096
0t
0s
0r
1y
1c
0i
#20097616930
1t
0s
0r
1y
1c
0i
#20097617745
0t
0s
0r
1y
1c
0i
#20097618578
1t
0s
0r
1y
1c
0i
#20097619392
0t
0s
0r
1y
1c
0i
#20097620228
1t
0s
0r
1y
1c
0i
#20097621041
0t
0s
0r
1y
1c
0i
#20097621876
1t
0s
0r
1y
1c
0i
#20097622689
0t
0s
0r
1y
1c
0i
#20097623525
1t
0s
0r
1y
1c
0i
#20097624341
0t
0s
0r
1y
0c
1i
#20097625180
1t
0s
0r
1y
0c
1i
#20097625998
0t
0s
0r
1y
0c
1i
#20097626835
1t
0s
0r
1y
0c
0i
#20097627653
0t
0s
0r
1y
0c
0i
#20097628492
1t
0s
0r
1y
0c
0i
#20097629312
0t
0s
0r
1y
0c
0i
#20097630154
1t
0s
0r
1y
0c
0i
#20097630973
0t
0s
0r
1y
0c
0i
#20097631813
1t
0s
0r
1y
0c
0i
#20097632632
0t
0s
0r
1y
0c
0i
#20097633474
1t
0s
0r
1y
0c
0i
#20097634298
0t
0s
0r
1y
0c
0i
#20097635143
1t
0s
0r
1y
0c
0i
#20097635967
0t
0s
0r
1y
0c
0i
#20097636812
1t
0s
0r
1y
0c
0i
#20097637639
0t
0s
0r
1y
0c
0i
#20097638485
1t
0s
0r
1y
0c
0i
#20097639313
0t
0s
0r
1y
0c
0i
#20097640164
1t
0s
0r
1y
0c
0i
#20097640993
0t
0s
0r
1y
0c
0i
#20097641844
1t
0s
0r
1y
0c
0i
#20097642673
0t
0s
0r
1y
0c
0i
#20097643525
1t
0s
0r
1y
0c
0i
#20097644355
0t
0s
0r
1y
0c
0i
#20097645211
1t
0s
0r
1y
0c
0i
#20097646041
0t
0s
0r
1y
0c
0i
#20097646895
1t
0s
0r
1y
0c
0i
#20097647723
0t
0s
0r
1y
0c
0i
#20097648578
1t
0s
0r
1y
0c
0i
#20097649408
0t
0s
0r
1y
0c
0i
#20097650264
1t
0s
0r
1y
0c
0i
#20097651093
0t
0s
0r
1y
0c
0i
#20097651949
1t
0s
0r
1y
0c
0i
#20097652779
0t
0s
0r
1y
0c
0i
#20097653639
1t
0s
0r
1y
0c
0i
#20097654470
0t
0s
0r
1y
1c
1i
#20097655329
1t
0s
0r
1y
1c
1i
#20097656161
0t
0s
0r
1y
1c
1i
#20097657023
1t
0s
0r
1y
1c
0i
#20097657857
0t
0s
0r
1y
1c
0i
#20097658722
1t
0s
0r
1y
1c
0i
#20097659557
0t
0s
0r
1y
1c
0i
#20097660418
1t
0s
0r
1y
1c
0i
#20097661251
0t
0s
0r
1y
1c
0i
#20097662112
1t
0s
0r
1y
1c
0i
#20097662948
0t
0s
0r
1y
1c
0i
#20097663812
1t
0s
0r
1y
1c
0i
#20097664649
0t
0s
0r
1y
1c
0i
#20097665513
1t
0s
0r
1y
1c
0i
#20097666349
0t
0s
0r
1y
1c
0i
#20097667212
1t
0s
0r
1y
1c
0i
#20097668052
0t
0s
0r
1y
1c
0i
#20097668918
1t
0s
0r
1y
1c
0i
#20097669758
0t
0s
0r
1y
1c
0i
#20097670623
1t
0s
0r
1y
1c
0i
#20097671461
0t
0s
0r
1y
1c
0i
#20097673524
1t
0s
0r
1y
1c
0i
#20097674885
0t
0s
0r
1y
1c
0i
#20097675741
1t
0s
0r
1y
1c
0i
#20097676583
0t
0s
0r
1y
1c
0i
#20097677446
1t
0s
0r
1y
1c
0i
#20097678289
0t
0s
0r
1y
1c
0i
#20097679155
1t
0s
0r
1y
1c
0i
#20097679997
0t
0s
0r
1y
1c
0i
#20097680863
1t
0s
0r
1y
1c
0i
#20097681703
0t
0s
0r
1y
1c
0i
#20097682569
1t
0s
0r
1y
1c
0i
#20097683412
0t
0s
0r
1y
1c
0i
#20097684283
1t
0s
0r
1y
1c
0i
#20097685129
0t
0s
0r
1y
0c
1i
#20097685892
0t
0s
1r
1y
0c
1i
#20097685894
0t
0s
0r
1y
0c
1i
#20097685999
1t
0s
0r
1y
0c
1i
#20097686845
0t
0s
0r
1y
0c
1i
#20097687717
1t
0s
0r
1y
0c
0i
#20097688566
0t
0s
0r
1y
0c
0i
#20097689440
1t
0s
0r
1y
0c
0i
#20097690291
0t
0s
0r
1y
0c
0i
#20097691162
1t
0s
0r
1y
0c
0i
#20097692013
0t
0s
0r
1y
0c
0i
#20097692886
1t
0s
0r
1y
0c
0i
#20097693738
0t
0s
0r
1y
0c
0i
#20097694612
1t
0s
0r
1y
0c
0i
#20097695464
0t
0s
0r
1y
0c
0i
#20097696339
1t
0s
0r
1y
0c
0i
#20097697195
0t
0s
0r
1y
0c
0i
#20097698075
1t
0s
0r
1y
0c
0i
#20097698932
0t
0s
0r
1y
0c
0i
#20097699811
1t
0s
0r
1y
0c
0i
#20097700668
0t
0s
0r
1y
0c
0i
#20097701551
1t
0s
0r
1y
0c
0i
#20097702411
0t
0s
0r
1y
0c
0i
#20097703299
1t
0s
0r
1y
0c
0i
#20097704158
0t
0s
0r
1y
0c
0i
#20097705044
1t
0s
0r
1y
0c
0i
#20097705903
0t
0s
0r
1y
0c
0i
#20097706790
1t
0s
0r
1y
0c
0i
#20097707650
0t
0s
0r
1y
0c
0i
#20097708540
1t
0s
0r
1y
0c
0i
#20097709400
0t
0s
0r
1y
0c
0i
#20097710289
1t
0s
0r
1y
0c
0i
#20097711146
0t
0s
0r
1y
0c
0i
#20097712036
1t
0s
0r
1y
0c
0i
#20097712896
0t
0s
0r
1y
0c
0i
#20097713787
1t
0s
0r
1y
0c
0i
#20097714646
0t
0s
0r
1y
0c
0i
#20097715539
1t
0s
0r
1y
0c
0i
#20097716400
0t
0s
0r
1y
1c
1i
#20097717296
1t
0s
0r
1y
1c
1i
#20097718161
0t
0s
0r
1y
1c
1i
#20097719058
1t
0s
0r
1y
1c
0i
#20097719922
0t
0s
0r
1y
1c
0i
#20097720820
1t
0s
0r
1y
1c
0i
#20097721687
0t
0s
0r
1y
1c
0i
#20097722587
1t
0s
0r
1y
1c
0i
#20097723454
0t
0s
0r
1y
1c
0i
#20097724352
1t
0s
0r
1y
1c
0i
#20097725218
0t
0s
0r
1y
1c
0i
#20097726117
1t
0s
0r
1y
1c
0i
#20097726985
0t
0s
0r
1y
1c
0i
#20097727887
1t
0s
0r
1y
1c
0i
#20097728758
0t
0s
0r
1y
1c
0i
#20097729657
1t
0s
0r
1y
1c
0i
#20097730526
0t
0s
0r
1y
1c
0i
#20097731426
1t
0s
0r
1y
1c
0i
#20097732300
0t
0s
0r
1y
1c
0i
#20097733200
1t
0s
0r
1y
1c
0i
#20097734070
0t
0s
0r
1y
1c
0i
#20097736226
1t
0s
0r
1y
1c
0i
#20097737620
0t
0s
0r
1y
1c
0i
#20097738512
1t
0s
0r
1y
1c
0i
#20097739386
0t
0s
0r
1y
1c
0i
#20097740283
1t
0s
0r
1y
1c
0i
#20097741155
0t
0s
0r
1y
1c
0i
#20097742054
1t
0s
0r
1y
1c
0i
#20097742926
0t
0s
0r
1y
1c
0i
#20097743829
1t
0s
0r
1y
1c
0i
#20097744703
0t
0s
0r
1y
1c
0i
#20097745605
1t
0s
0r
1y
1c
0i
#20097746477
0t
0s
0r
1y
1c
0i
#20097747381
1t
0s
0r
1y
1c
0i
#20097748260
0t
0s
0r
1y
0c
1i
#20097749167
1t
0s
0r
1y
0c
1i
#20097750048
0t
0s
0r
1y
0c
1i
#20097750954
1t
0s
0r
1y
0c
0i
#20097751837
0t
0s
0r
1y
0c
0i
#20097752746
1t
0s
0r
1y
0c
0i
#20097753629
0t
0s
0r
1y
0c
0i
#20097754538
1t
0s
0r
1y
0c
0i
#20097755419
0t
0s
0r
1y
0c
0i
#20097756328
1t
0s
0r
1y
0c
0i
#20097757212
0t
0s
0r
1y
0c
0i
#20097758124
1t
0s
0r
1y
0c
0i
#20097759009
0t
0s
0r
1y
0c
0i
#20097759920
1t
0s
0r
1y
0c
0i
#20097760804
0t
0s
0r
1y
0c
0i
#20097761717
1t
0s
0r
1y
0c
0i
#20097762605
0t
0s
0r
1y
0c
0i
#20097763521
1t
0s
0r
1y
0c
0i
#20097764410
0t
0s
0r
1y
0c
0i
#20097765326
1t
0s
0r
1y
0c
0i
#20097766214
0t
0s
0r
1y
0c
0i
#20097767133
1t
0s
0r
1y
0c
0i
#20097768023
0t
0s
0r
1y
0c
0i
#20097768944
1t
0s
0r
1y
0c
0i
#20097769834
0t
0s
0r
1y
0c
0i
#20097770756
1t
0s
0r
1y
0c
0i
#20097771645
0t
0s
0r
1y
0c
0i
#20097772567
1t
0s
0r
1y
0c
0i
#20097773457
0t
0s
0r
1y
0c
0i
#20097774385
1t
0s
0r
1y
0c
0i
#20097775275
0t
0s
0r
1y
0c
0i
#20097776199
1t
0s
0r
1y
0c
0i
#20097777089
0t
0s
0r
1y
0c
0i
#20097778017
1t
0s
0r
1y
0c
0i
#20097778909
0t
0s
0r
1y
0c
0i
#20097779842
1t
0s
0r
1y
0c
0i
#20097780738
0t
0s
0r
1y
1c
1i
#20097781669
1t
0s
0r
1y
1c
1i
#20097782568
0t
0s
0r
1y
1c
1i
#20097783506
1t
0s
0r
1y
1c
0i
#20097784409
0t
0s
0r
1y
1c
0i
#20097785346
1t
0s
0r
1y
1c
0i
#20097786245
0t
0s
0r
1y
1c
0i
#20097787184
1t
0s
0r
1y
1c
0i
#20097788086
0t
0s
0r
1y
1c
0i
#20097789025
1t
0s
0r
1y
1c
0i
#20097789929
0t
0s
0r
1y
1c
0i
#20097790868
1t
0s
0r
1y
1c
0i
#20097791770
0t
0s
0r
1y
1c
0i
#20097792709
1t
0s
0r
1y
1c
0i
#20097793616
0t
0s
0r
1y
1c
0i
#20097794556
1t
0s
0r
1y
1c
0i
#20097795463
0t
0s
0r
1y
1c
0i
#20097796402
1t
0s
0r
1y
1c
0i
#20097797310
0t
0s
0r
1y
1c
0i
#20097798253
1t
0s
0r
1y
1c
0i
#20097799159
0t
0s
0r
1y
1c
0i
#20097801423
1t
0s
0r
1y
1c
0i
#20097802864
0t
0s
0r
1y
1c
0i
#20097803798
1t
0s
0r
1y
1c
0i
#20097804708
0t
0s
0r
1y
1c
0i
#20097805646
1t
0s
0r
1y
1c
0i
#20097806552
0t
0s
0r
1y
1c
0i
#20097807492
1t
0s
0r
1y
1c
0i
#20097808400
0t
0s
0r
1y
1c
0i
#20097809343
1t
0s
0r
1y
1c
0i
#20097810251
0t
0s
0r
1y
1c
0i
#20097811194
1t
0s
0r
1y
1c
0i
#20097812102
0t
0s
0r
1y
1c
0i
#20097813047
1t
0s
0r
1y
1c
0i
#20097813963
0t
0s
0r
1y
0c
1i
#20097814755
0t
0s
1r
1y
0c
1i
#20097814758
0t
0s
0r
1y
0c
1i
#20097814913
1t
0s
0r
1y
0c
1i
#20097815830
0t
0s
0r
1y
0c
1i
#20097816780
1t
0s
0r
1y
0c
0i
#20097817699
0t
0s
0r
1y
0c
0i
#20097818649
1t
0s
0r
1y
0c
0i
#20097819571
0t
0s
0r
1y
0c
0i
#20097820524
1t
0s
0r
1y
0c
0i
#20097821447
0t
0s
0r
1y
0c
0i
#20097822396
1t
0s
0r
1y
0c
0i
#20097823316
0t
0s
0r
1y
0c
0i
#20097824268
1t
0s
0r
1y
0c
0i
#20097825191
0t
0s
0r
1y
0c
0i
#20097826145
1t
0s
0r
1y
0c
0i
#20097827069
0t
0s
0r
1y
0c
0i
#20097828023
1t
0s
0r
1y
0c
0i
#20097828945
0t
0s
0r
1y
0c
0i
#20097829899
1t
0s
0r
1y
0c
0i
#20097830823
0t
0s
0r
1y
0c
0i
#20097831780
1t
0s
0r
1y
0c
0i
#20097832703
0t
0s
0r
1y
0c
0i
#20097833658
1t
0s
0r
1y
0c
0i
#20097834581
0t
0s
0r
1y
0c
0i
#20097835538
1t
0s
0r
1y
0c
0i
#20097836462
0t
0s
0r
1y
0c
0i
#20097837420
1t
0s
0r
1y
0c
0i
#20097838341
0t
0s
0r
1y
0c
0i
#20097839300
1t
0s
0r
1y
0c
0i
#20097840223
0t
0s
0r
1y
0c
0i
#20097841186
1t
0s
0r
1y
0c
0i
#20097842109
0t
0s
0r
1y
0c
0i
#20097843070
1t
0s
0r
1y
0c
0i
#20097843992
0t
0s
0r
1y
0c
0i
#20097844956
1t
0s
0r
1y
0c
0i
#20097845882
0t
0s
0r
1y
0c
0i
#20097846852
1t
0s
0r
1y
0c
0i
#20097847780
0t
0s
0r
1y
1c
1i
#20097848750
1t
0s
0r
1y
1c
1i
#20097849680
0t
0s
0r
1y
1c
1i
#20097850654
1t
0s
0r
1y
1c
0i
#20097851589
0t
0s
0r
1y
1c
0i
#20097852564
1t
0s
0r
1y
1c
0i
#20097853496
0t
0s
0r
1y
1c
0i
#20097854470
1t
0s
0r
1y
1c
0i
#20097855405
0t
0s
0r
1y
1c
0i
#20097856381
1t
0s
0r
1y
1c
0i
#20097857316
0t
0s
0r
1y
1c
0i
#20097858291
1t
0s
0r
1y
1c
0i
#20097859225
0t
0s
0r
1y
1c
0i
#20097860201
1t
0s
0r
1y
1c
0i
#20097861139
0t
0s
0r
1y
1c
0i
#20097862117
1t
0s
0r
1y
1c
0i
#20097863057
0t
0s
0r
1y
1c
0i
#20097864033
1t
0s
0r
1y
1c
0i
#20097864971
0t
0s
0r
1y
1c
0i
#20097865949
1t
0s
0r
1y
1c
0i
#20097866888
0t
0s
0r
1y
1c
0i
#20097869246
1t
0s
0r
1y
1c
0i
#20097870729
0t
0s
0r
1y
1c
0i
#20097871696
1t
0s
0r
1y
1c
0i
#20097872639
0t
0s
0r
1y
1c
0i
#20097873613
1t
0s
0r
1y
1c
0i
#20097874551
0t
0s
0r
1y
1c
0i
#20097875526
1t
0s
0r
1y
1c
0i
#20097876466
0t
0s
0r
1y
1c
0i
#20097877445
1t
0s
0r
1y
1c
0i
#20097878385
0t
0s
0r
1y
1c
0i
#20097879363
1t
0s
0r
1y
1c
0i
#20097880303
0t
0s
0r
1y
1c
0i
#20097881284
1t
0s
0r
1y
0c
0i
#20097882230
0t
0s
0r
1y
0c
1i
#20097883215
1t
0s
0r
1y
0c
1i
#20097884165
0t
0s
0r
1y
0c
1i
#20097885149
1t
0s
0r
1y
0c
0i
#20097886098
0t
0s
0r
1y
0c
0i
#20097887084
1t
0s
0r
1y
0c
0i
#20097888036
0t
0s
0r
1y
0c
0i
#20097889024
1t
0s
0r
1y
0c
0i
#20097889974
0t
0s
0r
1y
0c
0i
#20097890957
1t
0s
0r
1y
0c
0i
#20097891906
0t
0s
0r
1y
0c
0i
#20097892889
1t
0s
0r
1y
0c
0i
#20097893838
0t
0s
0r
1y
0c
0i
#20097894818
1t
0s
0r
1y
0c
0i
#20097895762
0t
0s
0r
1y
0c
0i
#20097896737
1t
0s
0r
1y
0c
0i
#20097897681
0t
0s
0r
1y
0c
0i
#20097898655
1t
0s
0r
1y
0c
0i
#20097899596
0t
0s
0r
1y
0c
0i
#20097900571
1t
0s
0r
1y
0c
0i
#20097901510
0t
0s
0r
1y
0c
0i
#20097902483
1t
0s
0r
1y
0c
0i
#20097903423
0t
0s
0r
1y
0c
0i
#20097904399
1t
0s
0r
1y
0c
0i
#20097905340
0t
0s
0r
1y
0c
0i
#20097906317
1t
0s
0r
1y
0c
0i
#20097907255
0t
0s
0r
1y
0c
0i
#20097908234
1t
0s
0r
1y
0c
0i
#20097909175
0t
0s
0r
1y
0c
0i
#20097910158
1t
0s
0r
1y
0c
0i
#20097911099
0t
0s
0r
1y
0c
0i
#20097912082
1t
0s
0r
1y
0c
0i
#20097913022
0t
0s
0r
1y
0c
0i
#20097914007
1t
0s
0r
1y
0c
0i
#20097914950
0t
0s
0r
1y
0c
0i
#20097915941
1t
0s
0r
1y
0c
0i
#20097916888
0t
0s
0r
1y
1c
1i
#20097917876
1t
0s
0r
1y
1c
1i
#20097918827
0t
0s
0r
1y
1c
1i
#20097919822
1t
0s
0r
1y
1c
0i
#20097920776
0t
0s
0r
1y
1c
0i
#20097921770
1t
0s
0r
1y
1c
0i
#20097922721
0t
0s
0r
1y
1c
0i
#20097923716
1t
0s
0r
1y
1c
0i
#20097924668
0t
0s
0r
1y
1c
0i
#20097925666
1t
0s
0r
1y
1c
0i
#20097926619
0t
0s
0r
1y
1c
0i
#20097927614
1t
0s
0r
1y
1c
0i
#20097928565
0t
0s
0r
1y
1c
0i
#20097929563
1t
0s
0r
1y
1c
0i
#20097930519
0t
0s
0r
1y
1c
0i
#20097931518
1t
0s
0r
1y
1c
0i
#20097932475
0t
0s
0r
1y
1c
0i
#20097933470
1t
0s
0r
1y
1c
0i
#20097934426
0t
0s
0r
1y
1c
0i
#20097935422
1t
0s
0r
1y
1c
0i
#20097936376
0t
0s
0r
1y
1c
0i
#20097938780
1t
0s
0r
1y
1c
0i
#20097940288
0t
0s
0r
1y
1c
0i
#20097941272
1t
0s
0r
1y
1c
0i
#20097942230
0t
0s
0r
1y
1c
0i
#20097943223
1t
0s
0r
1y
1c
0i
#20097944178
0t
0s
0r
1y
1c
0i
#20097945170
1t
0s
0r
1y
1c
0i
#20097946125
0t
0s
0r
1y
1c
0i
#20097947122
1t
0s
0r
1y
1c
0i
#20097948079
0t
0s
0r
1y
1c
0i
#20097949075
1t
0s
0r
1y
1c
0i
#20097950031
0t
0s
0r
1y
1c
0i
#20097951031
1t
0s
0r
1y
1c
0i
#20097951995
0t
0s
0r
1y
1c
1i
#20097953000
1t
0s
0r
1y
0c
1i
#20097953096
1t
0s
1r
1y
0c
1i
#20097953098
1t
0s
0r
1y
0c
1i
#20097953966
0t
0s
0r
1y
0c
1i
#20097954972
1t
0s
0r
1y
0c
0i
#20097955940
0t
0s
0r
1y
0c
0i
#20097956946
1t
0s
0r
1y
0c
0i
#20097957918
0t
0s
0r
1y
0c
0i
#20097958927
1t
0s
0r
1y
0c
0i
#20097959897
0t
0s
0r
1y
0c
0i
#20097960903
1t
0s
0r
1y
0c
0i
#20097961872
0t
0s
0r
1y
0c
0i
#20097962879
1t
0s
0r
1y
0c
0i
#20097963850
0t
0s
0r
1y
0c
0i
#20097964860
1t
0s
0r
1y
0c
0i
#20097965832
0t
0s
0r
1y
0c
0i
#20097966841
1t
0s
0r
1y
0c
0i
#20097967813
0t
0s
0r
1y
0c
0i
#20097968822
1t
0s
0r
1y
0c
0i
#20097969796
0t
0s
0r
1y
0c
0i
#20097970809
1t
0s
0r
1y
0c
0i
#20097971781
0t
0s
0r
1y
0c
0i
#20097972793
1t
0s
0r
1y
0c
0i
#20097973763
0t
0s
0r
1y
0c
0i
#20097974775
1t
0s
0r
1y
0c
0i
#20097975746
0t
0s
0r
1y
0c
0i
#20097976762
1t
0s
0r
1y
0c
0i
#20097977733
0t
0s
0r
1y
0c
0i
#20097978744
1t
0s
0r
1y
0c
0i
#20097979715
0t
0s
0r
1y
0c
0i
#20097980731
1t
0s
0r
1y
0c
0i
#20097981703
0t
0s
0r
1y
0c
0i
#20097982720
1t
0s
0r
1y
0c
0i
#20097983691
0t
0s
0r
1y
0c
0i
#20097984710
1t
0s
0r
1y
0c
0i
#20097985684
0t
0s
0r
1y
0c
0i
#20097986710
1t
0s
0r
1y
0c
0i
#20097987688
0t
0s
0r
1y
1c
1i
#20097988715
1t
0s
0r
1y
1c
1i
#20097989696
0t
0s
0r
1y
1c
1i
#20097990727
1t
0s
0r
1y
1c
0i
#20097991714
0t
0s
0r
1y
1c
0i
#20097992749
1t
0s
0r
1y
1c
0i
#20097993734
0t
0s
0r
1y
1c
0i
#20097994767
1t
0s
0r
1y
1c
0i
#20097995751
0t
0s
0r
1y
1c
0i
#20097996782
1t
0s
0r
1y
1c
0i
#20097997768
0t
0s
0r
1y
1c
0i
#20097998803
1t
0s
0r
1y
1c
0i
#20097999788
0t
0s
0r
1y
1c
0i
#20098000820
1t
0s
0r
1y
1c
0i
#20098001804
0t
0s
0r
1y
1c
0i
#20098002835
1t
0s
0r
1y
1c
0i
#20098003822
0t
0s
0r
1y
1c
0i
#20098004853
1t
0s
0r
1y
1c
0i
#20098005840
0t
0s
0r
1y
1c
0i
#20098006868
1t
0s
0r
1y
1c
0i
#20098007848
0t
0s
0r
1y
1c
0i
#20098010319
1t
0s
0r
1y
1c
0i
#20098011881
0t
0s
0r
1y
1c
0i
#20098012897
1t
0s
0r
1y
1c
0i
#20098013882
0t
0s
0r
1y
1c
0i
#20098014905
1t
0s
0r
1y
1c
0i
#20098015890
0t
0s
0r
1y
1c
0i
#20098016920
1t
0s
0r
1y
1c
0i
#20098017905
0t
0s
0r
1y
1c
0i
#20098018930
1t
0s
0r
1y
1c
0i
#20098019916
0t
0s
0r
1y
1c
0i
#20098020946
1t
0s
0r
1y
0c
0i
#20098021936
0t
0s
0r
1y
0c
0i
#20098022970
1t
0s
0r
1y
0c
0i
#20098023963
0t
0s
0r
1y
0c
1i
#20098024997
1t
0s
0r
1y
0c
1i
#20098025994
0t
0s
0r
1y
0c
1i
#20098027035
1t
0s
0r
1y
0c
0i
#20098028036
0t
0s
0r
1y
0c
0i
#20098029075
1t
0s
0r
1y
0c
0i
#20098030074
0t
0s
0r
1y
0c
0i
#20098031111
1t
0s
0r
1y
0c
0i
#20098032108
0t
0s
0r
1y
0c
0i
#20098033142
1t
0s
0r
1y
0c
0i
#20098034136
0t
0s
0r
1y
0c
0i
#20098035164
1t
0s
0r
1y
0c
0i
#20098036149
0t
0s
0r
1y
0c
0i
#20098037169
1t
0s
0r
1y
0c
0i
#20098038149
0t
0s
0r
1y
0c
0i
#20098039168
1t
0s
0r
1y
0c
0i
#20098040146
0t
0s
0r
1y
0c
0i
#20098041160
1t
0s
0r
1y
0c
0i
#20098042137
0t
0s
0r
1y
0c
0i
#20098043149
1t
0s
0r
1y
0c
0i
#20098044123
0t
0s
0r
1y
0c
0i
#20098045141
1t
0s
0r
1y
0c
0i
#20098046119
0t
0s
0r
1y
0c
0i
#20098047134
1t
0s
0r
1y
0c
0i
#20098048110
0t
0s
0r
1y
0c
0i
#20098049129
1t
0s
0r
1y
0c
0i
#20098050107
0t
0s
0r
1y
0c
0i
#20098051130
1t
0s
0r
1y
0c
0i
#20098052108
0t
0s
0r
1y
0c
0i
#20098053132
1t
0s
0r
1y
0c
0i
#20098054108
0t
0s
0r
1y
0c
0i
#20098055132
1t
0s
0r
1y
0c
0i
#20098056112
0t
0s
0r
1y
0c
0i
#20098057143
1t
0s
0r
1y
0c
0i
#20098058123
0t
0s
0r
1y
0c
0i
#20098059153
1t
0s
0r
1y
0c
0i
#20098060138
0t
0s
0r
1y
1c
1i
#20098061174
1t
0s
0r
1y
1c
1i
#20098062164
0t
0s
0r
1y
1c
1i
#20098063203
1t
0s
0r
1y
1c
0i
#20098064194
0t
0s
0r
1y
1c
0i
#20098065233
1t
0s
0r
1y
1c
0i
#20098066224
0t
0s
0r
1y
1c
0i
#20098067266
1t
0s
0r
1y
1c
0i
#20098068258
0t
0s
0r
1y
1c
0i
#20098069296
1t
0s
0r
1y
1c
0i
#20098070285
0t
0s
0r
1y
1c
0i
#20098071322
1t
0s
0r
1y
1c
0i
#20098072311
0t
0s
0r
1y
1c
0i
#20098073347
1t
0s
0r
1y
1c
0i
#20098074333
0t
0s
0r
1y
1c
0i
#20098075362
1t
0s
0r
1y
1c
0i
#20098076344
0t
0s
0r
1y
1c
0i
#20098077368
1t
0s
0r
1y
1c
0i
#20098078349
0t
0s
0r
1y
1c
0i
#20098079374
1t
0s
0r
1y
1c
0i
#20098080349
0t
0s
0r
1y
1c
0i
#20098082815
1t
0s
0r
1y
1c
0i
#20098084353
0t
0s
0r
1y
1c
0i
#20098085366
1t
0s
0r
1y
1c
0i
#20098086347
0t
0s
0r
1y
1c
0i
#20098087364
1t
0s
0r
1y
1c
0i
#20098088340
0t
0s
0r
1y
1c
0i
#20098089361
1t
0s
0r
1y
1c
0i
#20098090340
0t
0s
0r
1y
1c
0i
#20098091363
1t
0s
0r
1y
1c
0i
#20098092342
0t
0s
0r
1y
1c
0i
#20098093364
1t
0s
0r
1y
0c
0i
#20098094346
0t
0s
0r
1y
0c
0i
#20098095373
1t
0s
0r
1y
0c
0i
#20098096362
0t
0s
0r
1y
0c
1i
#20098097392
1t
0s
0r
1y
0c
1i
#20098097828
1t
0s
1r
1y
0c
1i
#20098097830
1t
0s
0r
1y
0c
1i
#20098098382
0t
0s
0r
1y
0c
1i
#20098099415
1t
0s
0r
1y
0c
0i
#20098100409
0t
0s
0r
1y
0c
0i
#20098101446
1t
0s
0r
1y
0c
0i
#20098102442
0t
0s
0r
1y
0c
0i
#20098103475
1t
0s
0r
1y
0c
0i
#20098104466
0t
0s
0r
1y
0c
0i
#20098105487
1t
0s
0r
1y
0c
0i
#20098106468
0t
0s
0r
1y
0c
0i
#20098107483
1t
0s
0r
1y
0c
0i
#20098108456
0t
0s
0r
1y
0c
0i
#20098109463
1t
0s
0r
1y
0c
0i
#20098110428
0t
0s
0r
1y
0c
0i
#20098111429
1t
0s
0r
1y
0c
0i
#20098112391
0t
0s
0r
1y
0c
0i
#20098113388
1t
0s
0r
1y
0c
0i
#20098114352
0t
0s
0r
1y
0c
0i
#20098115354
1t
0s
0r
1y
0c
0i
#20098116317
0t
0s
0r
1y
0c
0i
#20098117316
1t
0s
0r
1y
0c
0i
#20098118281
0t
0s
0r
1y
0c
0i
#20098119287
1t
0s
0r
1y
0c
0i
#20098120253
0t
0s
0r
1y
0c
0i
#20098121259
1t
0s
0r
1y
0c
0i
#20098122223
0t
0s
0r
1y
0c
0i
#20098123231
1t
0s
0r
1y
0c
0i
#20098124198
0t
0s
0r
1y
0c
0i
#20098125210
1t
0s
0r
1y
0c
0i
#20098126177
0t
0s
0r
1y
0c
0i
#20098127186
1t
0s
0r
1y
0c
0i
#20098128152
0t
0s
0r
1y
0c
0i
#20098129167
1t
0s
0r
1y
0c
0i
#20098130137
0t
0s
0r
1y
0c
0i
#20098131153
1t
0s
0r
1y
1c
0i
#20098132124
0t
0s
0r
1y
1c
1i
#20098133143
1t
0s
0r
1y
1c
1i
#20098134119
0t
0s
0r
1y
1c
1i
#20098135144
1t
0s
0r
1y
1c
0i
#20098136123
0t
0s
0r
1y
1c
0i
#20098137150
1t
0s
0r
1y
1c
0i
#20098138128
0t
0s
0r
1y
1c
0i
#20098139153
1t
0s
0r
1y
1c
0i
#20098140132
0t
0s
0r
1y
1c
0i
#20098141159
1t
0s
0r
1y
1c
0i
#20098142138
0t
0s
0r
1y
1c
0i
#20098143165
1t
0s
0r
1y
1c
0i
#20098144143
0t
0s
0r
1y
1c
0i
#20098145164
1t
0s
0r
1y
1c
0i
#20098146140
0t
0s
0r
1y
1c
0i
#20098147162
1t
0s
0r
1y
1c
0i
#20098148139
0t
0s
0r
1y
1c
0i
#20098149154
1t
0s
0r
1y
1c
0i
#20098150125
0t
0s
0r
1y
1c
0i
#20098151139
1t
0s
0r
1y
1c
0i
#20098152109
0t
0s
0r
1y
1c
0i
#20098154556
1t
0s
0r
1y
1c
0i
#20098156084
0t
0s
0r
1y
1c
0i
#20098157084
1t
0s
0r
1y
1c
0i
#20098158058
0t
0s
0r
1y
1c
0i
#20098159070
1t
0s
0r
1y
1c
0i
#20098160040
0t
0s
0r
1y
1c
0i
#20098161049
1t
0s
0r
1y
1c
0i
#20098162020
0t
0s
0r
1y
1c
0i
#20098163034
1t
0s
0r
1y
1c
0i
#20098164007
0t
0s
0r
1y
1c
0i
#20098165020
1t
0s
0r
1y
1c
0i
#20098165993
0t
0s
0r
1y
1c
0i
#20098167010
1t
0s
0r
1y
0c
0i
#20098167989
0t
0s
0r
1y
0c
1i
#20098169011
1t
0s
0r
1y
0c
1i
#20098169993
0t
0s
0r
1y
0c
1i
#20098171015
1t
0s
0r
1y
0c
0i
#20098171997
0t
0s
0r
1y
0c
0i
#20098173021
1t
0s
0r
1y
0c
0i
#20098174006
0t
0s
0r
1y
0c
0i
#20098175031
1t
0s
0r
1y
0c
0i
#20098176015
0t
0s
0r
1y
0c
0i
#20098177036
1t
0s
0r
1y
0c
0i
#20098178016
0t
0s
0r
1y
0c
0i
#20098179036
1t
0s
0r
1y
0c
0i
#20098180017
0t
0s
0r
1y
0c
0i
#20098181037
1t
0s
0r
1y
0c
0i
#20098182014
0t
0s
0r
1y
0c
0i
#20098183028
1t
0s
0r
1y
0c
0i
#20098184003
0t
0s
0r
1y
0c
0i
#20098185014
1t
0s
0r
1y
0c
0i
#20098185989
0t
0s
0r
1y
0c
0i
#20098187003
1t
0s
0r
1y
0c
0i
#20098187975
0t
0s
0r
1y
0c
0i
#20098188987
1t
0s
0r
1y
0c
0i
#20098189956
0t
0s
0r
1y
0c
0i
#20098190969
1t
0s
0r
1y
0c
0i
#20098191943
0t
0s
0r
1y
0c
0i
#20098192958
1t
0s
0r
1y
0c
0i
#20098193931
0t
0s
0r
1y
0c
0i
#20098194946
1t
0s
0r
1y
0c
0i
#20098195916
0t
0s
0r
1y
0c
0i
#20098196933
1t
0s
0r
1y
0c
0i
#20098197907
0t
0s
0r
1y
0c
0i
#20098198929
1t
0s
0r
1y
0c
0i
#20098199902
0t
0s
0r
1y
0c
0i
#20098200923
1t
0s
0r
1y
0c
0i
#20098201900
0t
0s
0r
1y
0c
0i
#20098202929
1t
0s
0r
1y
1c
0i
#20098203910
0t
0s
0r
1y
1c
1i
#20098204940
1t
0s
0r
1y
1c
1i
#20098205923
0t
0s
0r
1y
1c
1i
#20098206958
1t
0s
0r
1y
1c
0i
#20098207946
0t
0s
0r
1y
1c
0i
#20098208983
1t
0s
0r
1y
1c
0i
#20098209972
0t
0s
0r
1y
1c
0i
#20098211005
1t
0s
0r
1y
1c
0i
#20098211987
0t
0s
0r
1y
1c
0i
#20098213015
1t
0s
0r
1y
1c
0i
#20098213993
0t
0s
0r
1y
1c
0i
#20098215014
1t
0s
0r
1y
1c
0i
#20098215983
0t
0s
0r
1y
1c
0i
#20098216992
1t
0s
0r
1y
1c
0i
#20098217952
0t
0s
0r
1y
1c
0i
#20098218953
1t
0s
0r
1y
1c
0i
#20098219913
0t
0s
0r
1y
1c
0i
#20098220912
1t
0s
0r
1y
1c
0i
#20098221870
0t
0s
0r
1y
1c
0i
#20098222866
1t
0s
0r
1y
1c
0i
#20098223819
0t
0s
0r
1y
1c
0i
#20098226215
1t
0s
0r
1y
1c
0i
#20098227744
0t
0s
0r
1y
1c
0i
#20098228731
1t
0s
0r
1y
1c
0i
#20098229695
0t
0s
0r
1y
1c
0i
#20098230695
1t
0s
0r
1y
1c
0i
#20098231657
0t
0s
0r
1y
1c
0i
#20098232657
1t
0s
0r
1y
1c
0i
#20098233616
0t
0s
0r
1y
1c
0i
#20098234618
1t
0s
0r
1y
1c
0i
#20098235582
0t
0s
0r
1y
1c
0i
#20098236585
1t
0s
0r
1y
1c
0i
#20098237548
0t
0s
0r
1y
1c
0i
#20098238553
1t
0s
0r
1y
1c
0i
#20098239522
0t
0s
0r
1y
0c
1i
#20098240531
1t
0s
0r
1y
0c
1i
#20098241162
1t
0s
1r
1y
0c
1i
#20098241165
1t
0s
0r
1y
0c
1i
#20098241504
0t
0s
0r
1y
0c
1i
#20098242516
1t
0s
0r
1y
0c
0i
#20098243489
0t
0s
0r
1y
0c
0i
#20098244501
1t
0s
0r
1y
0c
0i
#20098245477
0t
0s
0r
1y
0c
0i
#20098246492
1t
0s
0r
1y
0c
0i
#20098247468
0t
0s
0r
1y
0c
0i
#20098248478
1t
0s
0r
1y
0c
0i
#20098249450
0t
0s
0r
1y
0c
0i
#20098250459
1t
0s
0r
1y
0c
0i
#20098251430
0t
0s
0r
1y
0c
0i
#20098252440
1t
0s
0r
1y
0c
0i
#20098253408
0t
0s
0r
1y
0c
0i
#20098254409
1t
0s
0r
1y
0c
0i
#20098255372
0t
0s
0r
1y
0c
0i
#20098256370
1t
0s
0r
1y
0c
0i
#20098257331
0t
0s
0r
1y
0c
0i
#20098258330
1t
0s
0r
1y
0c
0i
#20098259289
0t
0s
0r
1y
0c
0i
#20098260284
1t
0s
0r
1y
0c
0i
#20098261241
0t
0s
0r
1y
0c
0i
#20098262235
1t
0s
0r
1y
0c
0i
#20098263194
0t
0s
0r
1y
0c
0i
#20098264193
1t
0s
0r
1y
0c
0i
#20098265150
0t
0s
0r
1y
0c
0i
#20098266145
1t
0s
0r
1y
0c
0i
#20098267102
0t
0s
0r
1y
0c
0i
#20098268104
1t
0s
0r
1y
0c
0i
#20098269060
0t
0s
0r
1y
0c
0i
#20098270060
1t
0s
0r
1y
0c
0i
#20098271016
0t
0s
0r
1y
0c
0i
#20098272019
1t
0s
0r
1y
0c
0i
#20098272978
0t
0s
0r
1y
0c
0i
#20098273988
1t
0s
0r
1y
0c
0i
#20098274951
0t
0s
0r
1y
1c
1i
#20098275960
1t
0s
0r
1y
1c
1i
#20098276925
0t
0s
0r
1y
1c
1i
#20098277940
1t
0s
0r
1y
1c
0i
#20098278910
0t
0s
0r
1y
1c
0i
#20098279927
1t
0s
0r
1y
1c
0i
#20098280898
0t
0s
0r
1y
1c
0i
#20098281913
1t
0s
0r
1y
1c
0i
#20098282882
0t
0s
0r
1y
1c
0i
#20098283895
1t
0s
0r
1y
1c
0i
#20098284863
0t
0s
0r
1y
1c
0i
#20098285877
1t
0s
0r
1y
1c
0i
#20098286843
0t
0s
0r
1y
1c
0i
#20098287850
1t
0s
0r
1y
1c
0i
#20098288811
0t
0s
0r
1y
1c
0i
#20098289812
1t
0s
0r
1y
1c
0i
#20098290772
0t
0s
0r
1y
1c
0i
#20098291770
1t
0s
0r
1y
1c
0i
#20098292727
0t
0s
0r
1y
1c
0i
#20098293720
1t
0s
0r
1y
1c
0i
#20098294669
0t
0s
0r
1y
1c
0i
#20098297047
1t
0s
0r
1y
1c
0i
#20098298571
0t
0s
0r
1y
1c
0i
#20098299551
1t
0s
0r
1y
1c
0i
#20098300507
0t
0s
0r
1y
1c
0i
#20098301499
1t
0s
0r
1y
1c
0i
#20098302455
0t
0s
0r
1y
1c
0i
#20098303448
1t
0s
0r
1y
1c
0i
#20098304401
0t
0s
0r
1y
1c
0i
#20098305397
1t
0s
0r
1y
1c
0i
#20098306354
0t
0s
0r
1y
1c
0i
#20098307353
1t
0s
0r
1y
0c
0i
#20098308313
0t
0s
0r
1y
0c
0i
#20098309313
1t
0s
0r
1y
0c
0i
#20098310276
0t
0s
0r
1y
0c
1i
#20098311279
1t
0s
0r
1y
0c
1i
#20098312247
0t
0s
0r
1y
0c
1i
#20098313252
1t
0s
0r
1y
0c
0i
#20098314221
0t
0s
0r
1y
0c
0i
#20098315224
1t
0s
0r
1y
0c
0i
#20098316192
0t
0s
0r
1y
0c
0i
#20098317194
1t
0s
0r
1y
0c
0i
#20098318157
0t
0s
0r
1y
0c
0i
#20098319148
1t
0s
0r
1y
0c
0i
#20098320101
0t
0s
0r
1y
0c
0i
#20098321083
1t
0s
0r
1y
0c
0i
#20098322028
0t
0s
0r
1y
0c
0i
#20098323003
1t
0s
0r
1y
0c
0i
#20098323943
0t
0s
0r
1y
0c
0i
#20098324914
1t
0s
0r
1y
0c
0i
#20098325851
0t
0s
0r
1y
0c
0i
#20098326817
1t
0s
0r
1y
0c
0i
#20098327751
0t
0s
0r
1y
0c
0i
#20098328720
1t
0s
0r
1y
0c
0i
#20098329655
0t
0s
0r
1y
0c
0i
#20098330627
1t
0s
0r
1y
0c
0i
#20098331563
0t
0s
0r
1y
0c
0i
#20098332532
1t
0s
0r
1y
0c
0i
#20098333469
0t
0s
0r
1y
0c
0i
#20098334447
1t
0s
0r
1y
0c
0i
#20098335382
0t
0s
0r
1y
0c
0i
#20098336356
1t
0s
0r
1y
0c
0i
#20098337291
0t
0s
0r
1y
0c
0i
#20098338268
1t
0s
0r
1y
0c
0i
#20098339205
0t
0s
0r
1y
0c
0i
#20098340184
1t
0s
0r
1y
0c
0i
#20098341120
0t
0s
0r
1y
0c
0i
#20098342100
1t
0s
0r
1y
0c
0i
#20098343036
0t
0s
0r
1y
0c
0i
#20098344018
1t
0s
0r
1y
0c
0i
#20098344961
0t
0s
0r
1y
1c
1i
#20098345947
1t
0s
0r
1y
1c
1i
#20098346892
0t
0s
0r
1y
1c
1i
#20098347879
1t
0s
0r
1y
1c
0i
#20098348827
0t
0s
0r
1y
1c
0i
#20098349817
1t
0s
0r
1y
1c
0i
#20098350766
0t
0s
0r
1y
1c
0i
#20098351757
1t
0s
0r
1y
1c
0i
#20098352704
0t
0s
0r
1y
1c
0i
#20098353690
1t
0s
0r
1y
1c
0i
#20098354637
0t
0s
0r
1y
1c
0i
#20098355625
1t
0s
0r
1y
1c
0i
#20098356570
0t
0s
0r
1y
1c
0i
#20098357556
1t
0s
0r
1y
1c
0i
#20098358498
0t
0s
0r
1y
1c
0i
#20098359477
1t
0s
0r
1y
1c
0i
#20098360417
0t
0s
0r
1y
1c
0i
#20098361393
1t
0s
0r
1y
1c
0i
#20098362332
0t
0s
0r
1y
1c
0i
#20098363306
1t
0s
0r
1y
1c
0i
#20098364238
0t
0s
0r
1y
1c
0i
#20098366565
1t
0s
0r
1y
1c
0i
#20098368057
0t
0s
0r
1y
1c
0i
#20098369017
1t
0s
0r
1y
1c
0i
#20098369951
0t
0s
0r
1y
1c
0i
#20098370918
1t
0s
0r
1y
1c
0i
#20098371853
0t
0s
0r
1y
1c
0i
#20098372824
1t
0s
0r
1y
1c
0i
#20098373758
0t
0s
0r
1y
1c
0i
#20098374727
1t
0s
0r
1y
1c
0i
#20098375660
0t
0s
0r
1y
1c
0i
#20098376632
1t
0s
0r
1y
1c
0i
#20098377570
0t
0s
0r
1y
1c
0i
#20098378546
1t
0s
0r
1y
1c
0i
#20098379488
0t
0s
0r
1y
0c
1i
#20098380467
1t
0s
0r
1y
0c
1i
#20098381194
1t
0s
1r
1y
0c
1i
#20098381196
1t
0s
0r
1y
0c
1i
#20098381410
0t
0s
0r
1y
0c
1i
#20098382391
1t
0s
0r
1y
0c
0i
#20098383340
0t
0s
0r
1y
0c
0i
#20098384324
1t
0s
0r
1y
0c
0i
#20098385273
0t
0s
0r
1y
0c
0i
#20098386254
1t
0s
0r
1y
0c
0i
#20098387201
0t
0s
0r
1y
0c
0i
#20098388181
1t
0s
0r
1y
0c
0i
#20098389128
0t
0s
0r
1y
0c
0i
#20098390109
1t
0s
0r
1y
0c
0i
#20098391054
0t
0s
0r
1y
0c
0i
#20098392030
1t
0s
0r
1y
0c
0i
#20098392970
0t
0s
0r
1y
0c
0i
#20098393944
1t
0s
0r
1y
0c
0i
#20098394885
0t
0s
0r
1y
0c
0i
#20098395856
1t
0s
0r
1y
0c
0i
#20098396793
0t
0s
0r
1y
0c
0i
#20098397762
1t
0s
0r
1y
0c
0i
#20098398696
0t
0s
0r
1y
0c
0i
#20098399665
1t
0s
0r
1y
0c
0i
#20098400600
0t
0s
0r
1y
0c
0i
#20098401572
1t
0s
0r
1y
0c
0i
#20098402506
0t
0s
0r
1y
0c
0i
#20098403476
1t
0s
0r
1y
0c
0i
#20098404409
0t
0s
0r
1y
0c
0i
#20098405380
1t
0s
0r
1y
0c
0i
#20098406315
0t
0s
0r
1y
0c
0i
#20098407291
1t
0s
0r
1y
0c
0i
#20098408226
0t
0s
0r
1y
0c
0i
#20098409199
1t
0s
0r
1y
0c
0i
#20098410134
0t
0s
0r
1y
0c
0i
#20098411114
1t
0s
0r
1y
0c
0i
#20098412053
0t
0s
0r
1y
0c
0i
#20098413034
1t
0s
0r
1y
0c
0i
#20098413973
0t
0s
0r
1y
1c
1i
#20098414958
1t
0s
0r
1y
1c
1i
#20098415904
0t
0s
0r
1y
1c
1i
#20098416895
1t
0s
0r
1y
1c
0i
#20098417842
0t
0s
0r
1y
1c
0i
#20098418831
1t
0s
0r
1y
1c
0i
#20098419778
0t
0s
0r
1y
1c
0i
#20098420766
1t
0s
0r
1y
1c
0i
#20098421714
0t
0s
0r
1y
1c
0i
#20098422704
1t
0s
0r
1y
1c
0i
#20098423650
0t
0s
0r
1y
1c
0i
#20098424636
1t
0s
0r
1y
1c
0i
#20098425579
0t
0s
0r
1y
1c
0i
#20098426563
1t
0s
0r
1y
1c
0i
#20098427505
0t
0s
0r
1y
1c
0i
#20098428486
1t
0s
0r
1y
1c
0i
#20098429426
0t
0s
0r
1y
1c
0i
#20098430401
1t
0s
0r
1y
1c
0i
#20098431336
0t
0s
0r
1y
1c
0i
#20098432308
1t
0s
0r
1y
1c
0i
#20098433240
0t
0s
0r
1y
1c
0i
#20098435582
1t
0s
0r
1y
1c
0i
#20098437056
0t
0s
0r
1y
1c
0i
#20098438015
1t
0s
0r
1y
1c
0i
#20098438952
0t
0s
0r
1y
1c
0i
#20098439919
1t
0s
0r
1y
1c
0i
#20098440852
0t
0s
0r
1y
1c
0i
#20098441820
1t
0s
0r
1y
1c
0i
#20098442754
0t
0s
0r
1y
1c
0i
#20098443727
1t
0s
0r
1y
1c
0i
#20098444662
0t
0s
0r
1y
1c
0i
#20098445633
1t
0s
0r
1y
1c
0i
#20098446569
0t
0s
0r
1y
1c
0i
#20098447543
1t
0s
0r
1y
1c
0i
#20098448486
0t
0s
0r
1y
0c
1i
#20098449464
1t
0s
0r
1y
0c
1i
#20098450409
0t
0s
0r
1y
0c
1i
#20098451388
1t
0s
0r
1y
0c
0i
#20098452332
0t
0s
0r
1y
0c
0i
#20098453312
1t
0s
0r
1y
0c
0i
#20098454258
0t
0s
0r
1y
0c
0i
#20098455240
1t
0s
0r
1y
0c
0i
#20098456185
0t
0s
0r
1y
0c
0i
#20098457164
1t
0s
0r
1y
0c
0i
#20098458106
0t
0s
0r
1y
0c
0i
#20098459085
1t
0s
0r
1y
0c
0i
#20098460029
0t
0s
0r
1y
0c
0i
#20098461009
1t
0s
0r
1y
0c
0i
#20098461953
0t
0s
0r
1y
0c
0i
#20098462930
1t
0s
0r
1y
0c
0i
#20098463872
0t
0s
0r
1y
0c
0i
#20098464848
1t
0s
0r
1y
0c
0i
#20098465790
0t
0s
0r
1y
0c
0i
#20098466767
1t
0s
0r
1y
0c
0i
#20098467709
0t
0s
0r
1y
0c
0i
#20098468684
1t
0s
0r
1y
0c
0i
#20098469622
0t
0s
0r
1y
0c
0i
#20098470596
1t
0s
0r
1y
0c
0i
#20098471536
0t
0s
0r
1y
0c
0i
#20098472514
1t
0s
0r
1y
0c
0i
#20098473452
0t
0s
0r
1y
0c
0i
#20098474428
1t
0s
0r
1y
0c
0i
#20098475365
0t
0s
0r
1y
0c
0i
#20098476343
1t
0s
0r
1y
0c
0i
#20098477283
0t
0s
0r
1y
0c
0i
#20098478263
1t
0s
0r
1y
0c
0i
#20098479202
0t
0s
0r
1y
0c
0i
#20098480183
1t
0s
0r
1y
0c
0i
#20098481125
0t
0s
0r
1y
0c
0i
#20098482113
1t
0s
0r
1y
0c
0i
#20098483057
0t
0s
0r
1y
1c
1i
#20098484046
1t
0s
0r
1y
1c
1i
#20098484992
0t
0s
0r
1y
1c
1i
#20098485985
1t
0s
0r
1y
1c
0i
#20098486937
0t
0s
0r
1y
1c
0i
#20098487933
1t
0s
0r
1y
1c
0i
#20098488884
0t
0s
0r
1y
1c
0i
#20098489876
1t
0s
0r
1y
1c
0i
#20098490823
0t
0s
0r
1y
1c
0i
#20098491813
1t
0s
0r
1y
1c
0i
#20098492762
0t
0s
0r
1y
1c
0i
#20098493752
1t
0s
0r
1y
1c
0i
#20098494697
0t
0s
0r
1y
1c
0i
#20098495682
1t
0s
0r
1y
1c
0i
#20098496623
0t
0s
0r
1y
1c
0i
#20098497601
1t
0s
0r
1y
1c
0i
#20098498541
0t
0s
0r
1y
1c
0i
#20098499518
1t
0s
0r
1y
1c
0i
#20098500454
0t
0s
0r
1y
1c
0i
#20098501426
1t
0s
0r
1y
1c
0i
#20098502356
0t
0s
0r
1y
1c
0i
#20098504686
1t
0s
0r
1y
1c
0i
#20098506179
0t
0s
0r
1y
1c
0i
#20098507139
1t
0s
0r
1y
1c
0i
#20098508075
0t
0s
0r
1y
1c
0i
#20098509045
1t
0s
0r
1y
1c
0i
#20098509983
0t
0s
0r
1y
1c
0i
#20098510956
1t
0s
0r
1y
1c
0i
#20098511894
0t
0s
0r
1y
1c
0i
#20098512867
1t
0s
0r
1y
1c
0i
#20098513806
0t
0s
0r
1y
1c
0i
#20098514785
1t
0s
0r
1y
1c
0i
#20098515726
0t
0s
0r
1y
1c
0i
#20098516705
1t
0s
0r
1y
1c
0i
#20098517649
0t
0s
0r
1y
1c
1i
#20098518631
1t
0s
0r
1y
0c
1i
#20098519083
1t
0s
1r
1y
0c
1i
#20098519085
1t
0s
0r
1y
0c
1i
#20098519580
0t
0s
0r
1y
0c
1i
#20098520568
1t
0s
0r
1y
0c
0i
#20098521519
0t
0s
0r
1y
0c
0i
#20098522502
1t
0s
0r
1y
0c
0i
#20098523454
0t
0s
0r
1y
0c
0i
#20098524440
1t
0s
0r
1y
0c
0i
#20098525390
0t
0s
0r
1y
0c
0i
#20098526372
1t
0s
0r
1y
0c
0i
#20098527320
0t
0s
0r
1y
0c
0i
#20098528301
1t
0s
0r
1y
0c
0i
#20098529248
0t
0s
0r
1y
0c
0i
#20098530230
1t
0s
0r
1y
0c
0i
#20098531176
0t
0s
0r
1y
0c
0i
#20098532153
1t
0s
0r
1y
0c
0i
#20098533095
0t
0s
0r
1y
0c
0i
#20098534068
1t
0s
0r
1y
0c
0i
#20098535008
0t
0s
0r
1y
0c
0i
#20098535981
1t
0s
0r
1y
0c
0i
#20098536919
0t
0s
0r
1y
0c
0i
#20098537891
1t
0s
0r
1y
0c
0i
#20098538827
0t
0s
0r
1y
0c
0i
#20098539797
1t
0s
0r
1y
0c
0i
#20098540733
0t
0s
0r
1y
0c
0i
#20098541708
1t
0s
0r
1y
0c
0i
#20098542642
0t
0s
0r
1y
0c
0i
#20098543615
1t
0s
0r
1y
0c
0i
#20098544549
0t
0s
0r
1y
0c
0i
#20098545524
1t
0s
0r
1y
0c
0i
#20098546459
0t
0s
0r
1y
0c
0i
#20098547437
1t
0s
0r
1y
0c
0i
#20098548374
0t
0s
0r
1y
0c
0i
#20098549353
1t
0s
0r
1y
0c
0i
#20098550288
0t
0s
0r
1y
0c
0i
#20098551270
1t
0s
0r
1y
0c
0i
#20098552212
0t
0s
0r
1y
1c
1i
#20098553199
1t
0s
0r
1y
1c
1i
#20098554145
0t
0s
0r
1y
1c
1i
#20098555134
1t
0s
0r
1y
1c
0i
#20098556079
0t
0s
0r
1y
1c
0i
#20098557069
1t
0s
0r
1y
1c
0i
#20098558018
0t
0s
0r
1y
1c
0i
#20098559010
1t
0s
0r
1y
1c
0i
#20098559958
0t
0s
0r
1y
1c
0i
#20098560946
1t
0s
0r
1y
1c
0i
#20098561892
0t
0s
0r
1y
1c
0i
#20098562880
1t
0s
0r
1y
1c
0i
#20098563826
0t
0s
0r
1y
1c
0i
#20098564815
1t
0s
0r
1y
1c
0i
#20098565761
0t
0s
0r
1y
1c
0i
#20098566742
1t
0s
0r
1y
1c
0i
#20098567685
0t
0s
0r
1y
1c
0i
#20098568666
1t
0s
0r
1y
1c
0i
#20098569609
0t
0s
0r
1y
1c
0i
#20098570587
1t
0s
0r
1y
1c
0i
#20098571523
0t
0s
0r
1y
1c
0i
#20098573859
1t
0s
0r
1y
1c
0i
#20098575361
0t
0s
0r
1y
1c
0i
#20098576325
1t
0s
0r
1y
1c
0i
#20098577264
0t
0s
0r
1y
1c
0i
#20098578236
1t
0s
0r
1y
1c
0i
#20098579176
0t
0s
0r
1y
1c
0i
#20098580152
1t
0s
0r
1y
1c
0i
#20098581091
0t
0s
0r
1y
1c
0i
#20098582066
1t
0s
0r
1y
1c
0i
#20098583005
0t
0s
0r
1y
1c
0i
#20098583983
1t
0s
0r
1y
1c
0i
#20098584926
0t
0s
0r
1y
1c
0i
#20098585906
1t
0s
0r
1y
1c
0i
#20098586853
0t
0s
0r
1y
1c
1i
#20098587834
1t
0s
0r
1y
0c
1i
#20098588784
0t
0s
0r
1y
0c
1i
#20098589771
1t
0s
0r
1y
0c
0i
#20098590724
0t
0s
0r
1y
0c
0i
#20098591708
1t
0s
0r
1y
0c
0i
#20098592658
0t
0s
0r
1y
0c
0i
#20098593644
1t
0s
0r
1y
0c
0i
#20098594595
0t
0s
0r
1y
0c
0i
#20098595582
1t
0s
0r
1y
0c
0i
#20098596532
0t
0s
0r
1y
0c
0i
#20098597517
1t
0s
0r
1y
0c
0i
#20098598465
0t
0s
0r
1y
0c
0i
#20098599449
1t
0s
0r
1y
0c
0i
#20098600400
0t
0s
0r
1y
0c
0i
#20098601385
1t
0s
0r
1y
0c
0i
#20098602334
0t
0s
0r
1y
0c
0i
#20098603313
1t
0s
0r
1y
0c
0i
#20098604261
0t
0s
0r
1y
0c
0i
#20098605243
1t
0s
0r
1y
0c
0i
#20098606190
0t
0s
0r
1y
0c
0i
#20098607171
1t
0s
0r
1y
0c
0i
#20098608115
0t
0s
0r
1y
0c
0i
#20098609094
1t
0s
0r
1y
0c
0i
#20098610037
0t
0s
0r
1y
0c
0i
#20098611020
1t
0s
0r
1y
0c
0i
#20098611963
0t
0s
0r
1y
0c
0i
#20098612943
1t
0s
0r
1y
0c
0i
#20098613882
0t
0s
0r
1y
0c
0i
#20098614866
1t
0s
0r
1y
0c
0i
#20098615808
0t
0s
0r
1y
0c
0i
#20098616793
1t
0s
0r
1y
0c
0i
#20098617737
0t
0s
0r
1y
0c
0i
#20098618723
1t
0s
0r
1y
0c
0i
#20098619665
0t
0s
0r
1y
0c
0i
#20098620654
1t
0s
0r
1y
0c
0i
#20098621603
0t
0s
0r
1y
1c
1i
#20098622599
1t
0s
0r
1y
1c
1i
#20098623551
0t
0s
0r
1y
1c
1i
#20098624545
1t
0s
0r
1y
1c
0i
#20098625500
0t
0s
0r
1y
1c
0i
#20098626499
1t
0s
0r
1y
1c
0i
#20098627453
0t
0s
0r
1y
1c
0i
#20098628450
1t
0s
0r
1y
1c
0i
#20098629403
0t
0s
0r
1y
1c
0i
#20098630396
1t
0s
0r
1y
1c
0i
#20098631348
0t
0s
0r
1y
1c
0i
#20098632344
1t
0s
0r
1y
1c
0i
#20098633296
0t
0s
0r
1y
1c
0i
#20098634288
1t
0s
0r
1y
1c
0i
#20098635238
0t
0s
0r
1y
1c
0i
#20098636225
1t
0s
0r
1y
1c
0i
#20098637175
0t
0s
0r
1y
1c
0i
#20098638161
1t
0s
0r
1y
1c
0i
#20098639109
0t
0s
0r
1y
1c
0i
#20098640093
1t
0s
0r
1y
1c
0i
#20098641034
0t
0s
0r
1y
1c
0i
#20098643386
1t
0s
0r
1y
1c
0i
#20098644894
0t
0s
0r
1y
1c
0i
#20098645864
1t
0s
0r
1y
1c
0i
#20098646808
0t
0s
0r
1y
1c
0i
#20098647787
1t
0s
0r
1y
1c
0i
#20098648732
0t
0s
0r
1y
1c
0i
#20098649715
1t
0s
0r
1y
1c
0i
#20098650660
0t
0s
0r
1y
1c
0i
#20098651641
1t
0s
0r
1y
1c
0i
#20098652584
0t
0s
0r
1y
1c
0i
#20098653569
1t
0s
0r
1y
0c
0i
#20098654518
0t
0s
0r
1y
0c
0i
#20098655504
1t
0s
0r
1y
0c
0i
#20098656454
0t
0s
0r
1y
0c
1i
#20098657443
1t
0s
0r
1y
0c
1i
#20098657841
1t
0s
1r
1y
0c
1i
#20098657843
1t
0s
0r
1y
0c
1i
#20098658399
0t
0s
0r
1y
0c
1i
#20098659393
1t
0s
0r
1y
0c
0i
#20098660351
0t
0s
0r
1y
0c
0i
#20098661344
1t
0s
0r
1y
0c
0i
#20098662299
0t
0s
0r
1y
0c
0i
#20098663290
1t
0s
0r
1y
0c
0i
#20098664244
0t
0s
0r
1y
0c
0i
#20098665228
1t
0s
0r
1y
0c
0i
#20098666174
0t
0s
0r
1y
0c
0i
#20098667146
1t
0s
0r
1y
0c
0i
#20098668081
0t
0s
0r
1y
0c
0i
#20098669047
1t
0s
0r
1y
0c
0i
#20098669978
0t
0s
0r
1y
0c
0i
#20098670941
1t
0s
0r
1y
0c
0i
#20098671870
0t
0s
0r
1y
0c
0i
#20098672828
1t
0s
0r
1y
0c
0i
#20098673752
0t
0s
0r
1y
0c
0i
#20098674713
1t
0s
0r
1y
0c
0i
#20098675640
0t
0s
0r
1y
0c
0i
#20098676603
1t
0s
0r
1y
0c
0i
#20098677531
0t
0s
0r
1y
0c
0i
#20098678493
1t
0s
0r
1y
0c
0i
#20098679419
0t
0s
0r
1y
0c
0i
#20098680384
1t
0s
0r
1y
0c
0i
#20098681314
0t
0s
0r
1y
0c
0i
#20098682278
1t
0s
0r
1y
0c
0i
#20098683205
0t
0s
0r
1y
0c
0i
#20098684171
1t
0s
0r
1y
0c
0i
#20098685099
0t
0s
0r
1y
0c
0i
#20098686068
1t
0s
0r
1y
0c
0i
#20098686995
0t
0s
0r
1y
0c
0i
#20098687965
1t
0s
0r
1y
0c
0i
#20098688892
0t
0s
0r
1y
0c
0i
#20098689864
1t
0s
0r
1y
0c
0i
#20098690796
0t
0s
0r
1y
1c
1i
#20098691771
1t
0s
0r
1y
1c
1i
#20098692706
0t
0s
0r
1y
1c
1i
#20098693684
1t
0s
0r
1y
1c
0i
#20098694619
0t
0s
0r
1y
1c
0i
#20098695599
1t
0s
0r
1y
1c
0i
#20098696536
0t
0s
0r
1y
1c
0i
#20098697515
1t
0s
0r
1y
1c
0i
#20098698453
0t
0s
0r
1y
1c
0i
#20098699431
1t
0s
0r
1y
1c
0i
#20098700366
0t
0s
0r
1y
1c
0i
#20098701343
1t
0s
0r
1y
1c
0i
#20098702280
0t
0s
0r
1y
1c
0i
#20098703257
1t
0s
0r
1y
1c
0i
#20098704193
0t
0s
0r
1y
1c
0i
#20098705166
1t
0s
0r
1y
1c
0i
#20098706099
0t
0s
0r
1y
1c
0i
#20098707068
1t
0s
0r
1y
1c
0i
#20098708001
0t
0s
0r
1y
1c
0i
#20098708970
1t
0s
0r
1y
1c
0i
#20098709897
0t
0s
0r
1y
1c
0i
#20098712221
1t
0s
0r
1y
1c
0i
#20098713689
0t
0s
0r
1y
1c
0i
#20098714643
1t
0s
0r
1y
1c
0i
#20098715572
0t
0s
0r
1y
1c
0i
#20098716531
1t
0s
0r
1y
1c
0i
#20098717458
0t
0s
0r
1y
1c
0i
#20098718419
1t
0s
0r
1y
1c
0i
#20098719348
0t
0s
0r
1y
1c
0i
#20098720310
1t
0s
0r
1y
1c
0i
#20098721237
0t
0s
0r
1y
1c
0i
#20098722200
1t
0s
0r
1y
0c
0i
#20098723130
0t
0s
0r
1y
0c
0i
#20098724099
1t
0s
0r
1y
0c
0i
#20098725034
0t
0s
0r
1y
0c
1i
#20098726001
1t
0s
0r
1y
0c
1i
#20098726936
0t
0s
0r
1y
0c
1i
#20098727908
1t
0s
0r
1y
0c
0i
#20098728848
0t
0s
0r
1y
0c
0i
#20098729821
1t
0s
0r
1y
0c
0i
#20098730761
0t
0s
0r
1y
0c
0i
#20098731728
1t
0s
0r
1y
0c
0i
#20098732661
0t
0s
0r
1y
0c
0i
#20098733623
1t
0s
0r
1y
0c
0i
#20098734552
0t
0s
0r
1y
0c
0i
#20098735509
1t
0s
0r
1y
0c
0i
#20098736429
0t
0s
0r
1y
0c
0i
#20098737375
1t
0s
0r
1y
0c
0i
#20098738287
0t
0s
0r
1y
0c
0i
#20098739230
1t
0s
0r
1y
0c
0i
#20098740142
0t
0s
0r
1y
0c
0i
#20098741083
1t
0s
0r
1y
0c
0i
#20098741993
0t
0s
0r
1y
0c
0i
#20098742931
1t
0s
0r
1y
0c
0i
#20098743840
0t
0s
0r
1y
0c
0i
#20098744781
1t
0s
0r
1y
0c
0i
#20098745691
0t
0s
0r
1y
0c
0i
#20098746637
1t
0s
0r
1y
0c
0i
#20098747547
0t
0s
0r
1y
0c
0i
#20098748490
1t
0s
0r
1y
0c
0i
#20098749400
0t
0s
0r
1y
0c
0i
#20098750345
1t
0s
0r
1y
0c
0i
#20098751257
0t
0s
0r
1y
0c
0i
#20098752207
1t
0s
0r
1y
0c
0i
#20098753118
0t
0s
0r
1y
0c
0i
#20098754066
1t
0s
0r
1y
0c
0i
#20098754976
0t
0s
0r
1y
0c
0i
#20098755928
1t
0s
0r
1y
0c
0i
#20098756842
0t
0s
0r
1y
0c
0i
#20098757795
1t
0s
0r
1y
0c
0i
#20098758711
0t
0s
0r
1y
1c
1i
#20098759665
1t
0s
0r
1y
1c
1i
#20098760585
0t
0s
0r
1y
1c
1i
#20098761545
1t
0s
0r
1y
1c
0i
#20098762467
0t
0s
0r
1y
1c
0i
#20098763427
1t
0s
0r
1y
1c
0i
#20098764348
0t
0s
0r
1y
1c
0i
#20098765307
1t
0s
0r
1y
1c
0i
#20098766228
0t
0s
0r
1y
1c
0i
#20098767187
1t
0s
0r
1y
1c
0i
#20098768109
0t
0s
0r
1y
1c
0i
#20098769068
1t
0s
0r
1y
1c
0i
#20098769988
0t
0s
0r
1y
1c
0i
#20098770945
1t
0s
0r
1y
1c
0i
#20098771865
0t
0s
0r
1y
1c
0i
#20098772821
1t
0s
0r
1y
1c
0i
#20098773743
0t
0s
0r
1y
1c
0i
#20098774697
1t
0s
0r
1y
1c
0i
#20098775615
0t
0s
0r
1y
1c
0i
#20098776566
1t
0s
0r
1y
1c
0i
#20098777481
0t
0s
0r
1y
1c
0i
#20098779769
1t
0s
0r
1y
1c
0i
#20098781223
0t
0s
0r
1y
1c
0i
#20098782164
1t
0s
0r
1y
1c
0i
#20098783082
0t
0s
0r
1y
1c
0i
#20098784031
1t
0s
0r
1y
1c
0i
#20098784948
0t
0s
0r
1y
1c
0i
#20098785895
1t
0s
0r
1y
1c
0i
#20098786809
0t
0s
0r
1y
1c
0i
#20098787759
1t
0s
0r
1y
1c
0i
#20098788676
0t
0s
0r
1y
1c
0i
#20098789628
1t
0s
0r
1y
1c
0i
#20098790547
0t
0s
0r
1y
1c
0i
#20098791500
1t
0s
0r
1y
1c
0i
#20098792422
0t
0s
0r
1y
0c
1i
#20098793379
1t
0s
0r
1y
0c
1i
#20098793986
1t
0s
1r
1y
0c
1i
#20098793988
1t
0s
0r
1y
0c
1i
#20098794306
0t
0s
0r
1y
0c
1i
#20098795266
1t
0s
0r
1y
0c
0i
#20098796194
0t
0s
0r
1y
0c
0i
#20098797152
1t
0s
0r
1y
0c
0i
#20098798082
0t
0s
0r
1y
0c
0i
#20098799044
1t
0s
0r
1y
0c
0i
#20098799973
0t
0s
0r
1y
0c
0i
#20098800931
1t
0s
0r
1y
0c
0i
#20098801858
0t
0s
0r
1y
0c
0i
#20098802817
1t
0s
0r
1y
0c
0i
#20098803744
0t
0s
0r
1y
0c
0i
#20098804704
1t
0s
0r
1y
0c
0i
#20098805631
0t
0s
0r
1y
0c
0i
#20098806587
1t
0s
0r
1y
0c
0i
#20098807510
0t
0s
0r
1y
0c
0i
#20098808464
1t
0s
0r
1y
0c
0i
#20098809387
0t
0s
0r
1y
0c
0i
#20098810343
1t
0s
0r
1y
0c
0i
#20098811264
0t
0s
0r
1y
0c
0i
#20098812217
1t
0s
0r
1y
0c
0i
#20098813135
0t
0s
0r
1y
0c
0i
#20098814088
1t
0s
0r
1y
0c
0i
#20098815009
0t
0s
0r
1y
0c
0i
#20098815965
1t
0s
0r
1y
0c
0i
#20098816885
0t
0s
0r
1y
0c
0i
#20098817839
1t
0s
0r
1y
0c
0i
#20098818757
0t
0s
0r
1y
0c
0i
#20098819713
1t
0s
0r
1y
0c
0i
#20098820632
0t
0s
0r
1y
0c
0i
#20098821592
1t
0s
0r
1y
0c
0i
#20098822512
0t
0s
0r
1y
0c
0i
#20098823470
1t
0s
0r
1y
0c
0i
#20098824390
0t
0s
0r
1y
0c
0i
#20098825354
1t
0s
0r
1y
0c
0i
#20098826279
0t
0s
0r
1y
1c
1i
#20098827245
1t
0s
0r
1y
1c
1i
#20098828172
0t
0s
0r
1y
1c
1i
#20098829140
1t
0s
0r
1y
1c
0i
#20098830069
0t
0s
0r
1y
1c
0i
#20098831040
1t
0s
0r
1y
1c
0i
#20098831971
0t
0s
0r
1y
1c
0i
#20098832941
1t
0s
0r
1y
1c
0i
#20098833870
0t
0s
0r
1y
1c
0i
#20098834838
1t
0s
0r
1y
1c
0i
#20098835769
0t
0s
0r
1y
1c
0i
#20098836740
1t
0s
0r
1y
1c
0i
#20098837672
0t
0s
0r
1y
1c
0i
#20098838642
1t
0s
0r
1y
1c
0i
#20098839574
0t
0s
0r
1y
1c
0i
#20098840542
1t
0s
0r
1y
1c
0i
#20098841475
0t
0s
0r
1y
1c
0i
#20098842445
1t
0s
0r
1y
1c
0i
#20098843380
0t
0s
0r
1y
1c
0i
#20098844347
1t
0s
0r
1y
1c
0i
#20098845274
0t
0s
0r
1y
1c
0i
#20098847591
1t
0s
0r
1y
1c
0i
#20098849081
0t
0s
0r
1y
1c
0i
#20098850036
1t
0s
0r
1y
1c
0i
#20098850966
0t
0s
0r
1y
1c
0i
#20098851927
1t
0s
0r
1y
1c
0i
#20098852857
0t
0s
0r
1y
1c
0i
#20098853823
1t
0s
0r
1y
1c
0i
#20098854750
0t
0s
0r
1y
1c
0i
#20098855714
1t
0s
0r
1y
1c
0i
#20098856641
0t
0s
0r
1y
1c
0i
#20098857606
1t
0s
0r
1y
1c
0i
#20098858537
0t
0s
0r
1y
1c
0i
#20098859507
1t
0s
0r
1y
1c
0i
#20098860444
0t
0s
0r
1y
1c
1i
#20098861413
1t
0s
0r
1y
0c
1i
#20098862350
0t
0s
0r
1y
0c
1i
#20098863323
1t
0s
0r
1y
0c
0i
#20098864266
0t
0s
0r
1y
0c
0i
#20098865241
1t
0s
0r
1y
0c
0i
#20098866183
0t
0s
0r
1y
0c
0i
#20098867158
1t
0s
0r
1y
0c
0i
#20098868100
0t
0s
0r
1y
0c
0i
#20098869078
1t
0s
0r
1y
0c
0i
#20098870022
0t
0s
0r
1y
0c
0i
#20098870999
1t
0s
0r
1y
0c
0i
#20098871942
0t
0s
0r
1y
0c
0i
#20098872919
1t
0s
0r
1y
0c
0i
#20098873865
0t
0s
0r
1y
0c
0i
#20098874846
1t
0s
0r
1y
0c
0i
#20098875792
0t
0s
0r
1y
0c
0i
#20098876769
1t
0s
0r
1y
0c
0i
#20098877713
0t
0s
0r
1y
0c
0i
#20098878692
1t
0s
0r
1y
0c
0i
#20098879635
0t
0s
0r
1y
0c
0i
#20098880616
1t
0s
0r
1y
0c
0i
#20098881558
0t
0s
0r
1y
0c
0i
#20098882533
1t
0s
0r
1y
0c
0i
#20098883474
0t
0s
0r
1y
0c
0i
#20098884453
1t
0s
0r
1y
0c
0i
#20098885393
0t
0s
0r
1y
0c
0i
#20098886370
1t
0s
0r
1y
0c
0i
#20098887308
0t
0s
0r
1y
0c
0i
#20098888286
1t
0s
0r
1y
0c
0i
#20098889224
0t
0s
0r
1y
0c
0i
#20098890204
1t
0s
0r
1y
0c
0i
#20098891143
0t
0s
0r
1y
0c
0i
#20098892124
1t
0s
0r
1y
0c
0i
#20098893062
0t
0s
0r
1y
0c
0i
#20098894047
1t
0s
0r
1y
0c
0i
#20098894991
0t
0s
0r
1y
0c
1i
#20098895980
1t
0s
0r
1y
1c
1i
#20098896928
0t
0s
0r
1y
1c
1i
#20098897919
1t
0s
0r
1y
1c
0i
#20098898868
0t
0s
0r
1y
1c
0i
#20098899860
1t
0s
0r
1y
1c
0i
#20098900809
0t
0s
0r
1y
1c
0i
#20098901803
1t
0s
0r
1y
1c
0i
#20098902753
0t
0s
0r
1y
1c
0i
#20098903743
1t
0s
0r
1y
1c
0i
#20098904691
0t
0s
0r
1y
1c
0i
#20098905682
1t
0s
0r
1y
1c
0i
#20098906633
0t
0s
0r
1y
1c
0i
#20098907626
1t
0s
0r
1y
1c
0i
#20098908578
0t
0s
0r
1y
1c
0i
#20098909571
1t
0s
0r
1y
1c
0i
#20098910523
0t
0s
0r
1y
1c
0i
#20098911515
1t
0s
0r
1y
1c
0i
#20098912471
0t
0s
0r
1y
1c
0i
#20098913467
1t
0s
0r
1y
1c
0i
#20098914420
0t
0s
0r
1y
1c
0i
#20098916819
1t
0s
0r
1y
1c
0i
#20098918326
0t
0s
0r
1y
1c
0i
#20098919311
1t
0s
0r
1y
1c
0i
#20098920269
0t
0s
0r
1y
1c
0i
#20098921258
1t
0s
0r
1y
1c
0i
#20098922212
0t
0s
0r
1y
1c
0i
#20098923206
1t
0s
0r
1y
1c
0i
#20098924162
0t
0s
0r
1y
1c
0i
#20098925155
1t
0s
0r
1y
1c
0i
#20098926109
0t
0s
0r
1y
1c
0i
#20098927105
1t
0s
0r
1y
1c
0i
#20098928063
0t
0s
0r
1y
0c
0i
#20098929064
1t
0s
0r
1y
0c
0i
#20098930027
0t
0s
0r
1y
0c
1i
#20098931029
1t
0s
0r
1y
0c
1i
#20098931105
1t
0s
1r
1y
0c
1i
#20098931107
1t
0s
0r
1y
0c
1i
#20098931994
0t
0s
0r
1y
0c
1i
#20098932999
1t
0s
0r
1y
0c
0i
#20098933969
0t
0s
0r
1y
0c
0i
#20098934978
1t
0s
0r
1y
0c
0i
#20098935947
0t
0s
0r
1y
0c
0i
#20098936950
1t
0s
0r
1y
0c
0i
#20098937916
0t
0s
0r
1y
0c
0i
#20098938915
1t
0s
0r
1y
0c
0i
#20098939873
0t
0s
0r
1y
0c
0i
#20098940861
1t
0s
0r
1y
0c
0i
#20098941810
0t
0s
0r
1y
0c
0i
#20098942788
1t
0s
0r
1y
0c
0i
#20098943729
0t
0s
0r
1y
0c
0i
#20098944703
1t
0s
0r
1y
0c
0i
#20098945643
0t
0s
0r
1y
0c
0i
#20098946614
1t
0s
0r
1y
0c
0i
#20098947552
0t
0s
0r
1y
0c
0i
#20098948522
1t
0s
0r
1y
0c
0i
#20098949459
0t
0s
0r
1y
0c
0i
#20098950433
1t
0s
0r
1y
0c
0i
#20098951373
0t
0s
0r
1y
0c
0i
#20098952346
1t
0s
0r
1y
0c
0i
#20098953282
0t
0s
0r
1y
0c
0i
#20098954260
1t
0s
0r
1y
0c
0i
#20098955200
0t
0s
0r
1y
0c
0i
#20098956180
1t
0s
0r
1y
0c
0i
#20098957120
0t
0s
0r
1y
0c
0i
#20098958098
1t
0s
0r
1y
0c
0i
#20098959038
0t
0s
0r
1y
0c
0i
#20098960021
1t
0s
0r
1y
0c
0i
#20098960961
0t
0s
0r
1y
0c
0i
#20098961944
1t
0s
0r
1y
0c
0i
#20098962884
0t
0s
0r
1y
0c
0i
#20098963871
1t
0s
0r
1y
0c
0i
#20098964815
0t
0s
0r
1y
0c
1i
#20098965805
1t
0s
0r
1y
1c
1i
#20098966754
0t
0s
0r
1y
1c
1i
#20098967746
1t
0s
0r
1y
1c
0i
#20098968695
0t
0s
0r
1y
1c
0i
#20098969688
1t
0s
0r
1y
1c
0i
#20098970639
0t
0s
0r
1y
1c
0i
#20098971633
1t
0s
0r
1y
1c
0i
#20098972584
0t
0s
0r
1y
1c
0i
#20098973576
1t
0s
0r
1y
1c
0i
#20098974525
0t
0s
0r
1y
1c
0i
#20098975518
1t
0s
0r
1y
1c
0i
#20098976470
0t
0s
0r
1y
1c
0i
#20098977466
1t
0s
0r
1y
1c
0i
#20098978419
0t
0s
0r
1y
1c
0i
#20098979411
1t
0s
0r
1y
1c
0i
#20098980364
0t
0s
0r
1y
1c
0i
#20098981355
1t
0s
0r
1y
1c
0i
#20098982309
0t
0s
0r
1y
1c
0i
#20098983303
1t
0s
0r
1y
1c
0i
#20098984253
0t
0s
0r
1y
1c
0i
#20098986640
1t
0s
0r
1y
1c
0i
#20098988141
0t
0s
0r
1y
1c
0i
#20098989117
1t
0s
0r
1y
1c
0i
#20098990068
0t
0s
0r
1y
1c
0i
#20098991050
1t
0s
0r
1y
1c
0i
#20098992000
0t
0s
0r
1y
1c
0i
#20098992986
1t
0s
0r
1y
1c
0i
#20098993935
0t
0s
0r
1y
1c
0i
#20098994922
1t
0s
0r
1y
1c
0i
#20098995869
0t
0s
0r
1y
1c
0i
#20098996858
1t
0s
0r
1y
1c
0i
#20098997810
0t
0s
0r
1y
1c
0i
#20098998805
1t
0s
0r
1y
1c
0i
#20098999762
0t
0s
0r
1y
0c
1i
#20099000756
1t
0s
0r
1y
0c
1i
#20099001715
0t
0s
0r
1y
0c
1i
#20099002712
1t
0s
0r
1y
0c
0i
#20099003676
0t
0s
0r
1y
0c
0i
#20099004676
1t
0s
0r
1y
0c
0i
#20099005641
0t
0s
0r
1y
0c
0i
#20099006639
1t
0s
0r
1y
0c
0i
#20099007599
0t
0s
0r
1y
0c
0i
#20099008598
1t
0s
0r
1y
0c
0i
#20099009561
0t
0s
0r
1y
0c
0i
#20099010558
1t
0s
0r
1y
0c
0i
#20099011518
0t
0s
0r
1y
0c
0i
#20099012511
1t
0s
0r
1y
0c
0i
#20099013468
0t
0s
0r
1y
0c
0i
#20099014460
1t
0s
0r
1y
0c
0i
#20099015416
0t
0s
0r
1y
0c
0i
#20099016405
1t
0s
0r
1y
0c
0i
#20099017357
0t
0s
0r
1y
0c
0i
#20099018342
1t
0s
0r
1y
0c
0i
#20099019292
0t
0s
0r
1y
0c
0i
#20099020280
1t
0s
0r
1y
0c
0i
#20099021230
0t
0s
0r
1y
0c
0i
#20099022216
1t
0s
0r
1y
0c
0i
#20099023165
0t
0s
0r
1y
0c
0i
#20099024152
1t
0s
0r
1y
0c
0i
#20099025102
0t
0s
0r
1y
0c
0i
#20099026094
1t
0s
0r
1y
0c
0i
#20099027044
0t
0s
0r
1y
0c
0i
#20099028035
1t
0s
0r
1y
0c
0i
#20099028983
0t
0s
0r
1y
0c
0i
#20099029977
1t
0s
0r
1y
0c
0i
#20099030929
0t
0s
0r
1y
0c
0i
#20099031928
1t
0s
0r
1y
0c
0i
#20099032880
0t
0s
0r
1y
0c
0i
#20099033879
1t
0s
0r
1y
0c
0i
#20099034836
0t
0s
0r
1y
1c
1i
#20099035840
1t
0s
0r
1y
1c
1i
#20099036801
0t
0s
0r
1y
1c
1i
#20099037807
1t
0s
0r
1y
1c
0i
#20099038767
0t
0s
0r
1y
1c
0i
#20099039773
1t
0s
0r
1y
1c
0i
#20099040734
0t
0s
0r
1y
1c
0i
#20099041741
1t
0s
0r
1y
1c
0i
#20099042701
0t
0s
0r
1y
1c
0i
#20099043703
1t
0s
0r
1y
1c
0i
#20099044661
0t
0s
0r
1y
1c
0i
#20099045662
1t
0s
0r
1y
1c
0i
#20099046619
0t
0s
0r
1y
1c
0i
#20099047621
1t
0s
0r
1y
1c
0i
#20099048578
0t
0s
0r
1y
1c
0i
#20099049574
1t
0s
0r
1y
1c
0i
#20099050528
0t
0s
0r
1y
1c
0i
#20099051521
1t
0s
0r
1y
1c
0i
#20099052476
0t
0s
0r
1y
1c
0i
#20099053470
1t
0s
0r
1y
1c
0i
#20099054420
0t
0s
0r
1y
1c
0i
#20099056809
1t
0s
0r
1y
1c
0i
#20099058312
0t
0s
0r
1y
1c
0i
#20099059295
1t
0s
0r
1y
1c
0i
#20099060249
0t
0s
0r
1y
1c
0i
#20099061236
1t
0s
0r
1y
1c
0i
#20099062188
0t
0s
0r
1y
1c
0i
#20099063178
1t
0s
0r
1y
1c
0i
#20099064131
0t
0s
0r
1y
1c
0i
#20099065125
1t
0s
0r
1y
1c
0i
#20099066079
0t
0s
0r
1y
1c
0i
#20099067072
1t
0s
0r
1y
1c
0i
#20099068026
0t
0s
0r
1y
1c
0i
#20099069023
1t
0s
0r
1y
1c
0i
#20099069985
0t
0s
0r
1y
0c
1i
#20099070985
1t
0s
0r
1y
0c
1i
#20099071400
1t
0s
1r
1y
0c
1i
#20099071403
1t
0s
0r
1y
0c
1i
#20099071949
0t
0s
0r
1y
0c
1i
#20099072951
1t
0s
0r
1y
0c
0i
#20099073918
0t
0s
0r
1y
0c
0i
#20099074922
1t
0s
0r
1y
0c
0i
#20099075892
0t
0s
0r
1y
0c
0i
#20099076895
1t
0s
0r
1y
0c
0i
#20099077862
0t
0s
0r
1y
0c
0i
#20099078863
1t
0s
0r
1y
0c
0i
#20099079829
0t
0s
0r
1y
0c
0i
#20099080832
1t
0s
0r
1y
0c
0i
#20099081797
0t
0s
0r
1y
0c
0i
#20099082796
1t
0s
0r
1y
0c
0i
#20099083758
0t
0s
0r
1y
0c
0i
#20099084753
1t
0s
0r
1y
0c
0i
#20099085713
0t
0s
0r
1y
0c
0i
#20099086707
1t
0s
0r
1y
0c
0i
#20099087665
0t
0s
0r
1y
0c
0i
#20099088656
1t
0s
0r
1y
0c
0i
#20099089611
0t
0s
0r
1y
0c
0i
#20099090603
1t
0s
0r
1y
0c
0i
#20099091558
0t
0s
0r
1y
0c
0i
#20099092553
1t
0s
0r
1y
0c
0i
#20099093506
0t
0s
0r
1y
0c
0i
#20099094500
1t
0s
0r
1y
0c
0i
#20099095452
0t
0s
0r
1y
0c
0i
#20099096445
1t
0s
0r
1y
0c
0i
#20099097400
0t
0s
0r
1y
0c
0i
#20099098398
1t
0s
0r
1y
0c
0i
#20099099352
0t
0s
0r
1y
0c
0i
#20099100348
1t
0s
0r
1y
0c
0i
#20099101301
0t
0s
0r
1y
0c
0i
#20099102302
1t
0s
0r
1y
0c
0i
#20099103258
0t
0s
0r
1y
0c
0i
#20099104262
1t
0s
0r
1y
0c
0i
#20099105221
0t
0s
0r
1y
1c
1i
#20099106226
1t
0s
0r
1y
1c
1i
#20099107189
0t
0s
0r
1y
1c
1i
#20099108201
1t
0s
0r
1y
1c
0i
#20099109167
0t
0s
0r
1y
1c
0i
#20099110177
1t
0s
0r
1y
1c
0i
#20099111141
0t
0s
0r
1y
1c
0i
#20099112151
1t
0s
0r
1y
1c
0i
#20099113115
0t
0s
0r
1y
1c
0i
#20099114125
1t
0s
0r
1y
1c
0i
#20099115089
0t
0s
0r
1y
1c
0i
#20099116098
1t
0s
0r
1y
1c
0i
#20099117059
0t
0s
0r
1y
1c
0i
#20099118063
1t
0s
0r
1y
1c
0i
#20099119025
0t
0s
0r
1y
1c
0i
#20099120028
1t
0s
0r
1y
1c
0i
#20099120989
0t
0s
0r
1y
1c
0i
#20099121988
1t
0s
0r
1y
1c
0i
#20099122947
0t
0s
0r
1y
1c
0i
#20099123941
1t
0s
0r
1y
1c
0i
#20099124894
0t
0s
0r
1y
1c
0i
#20099127279
1t
0s
0r
1y
1c
0i
#20099128802
0t
0s
0r
1y
1c
0i
#20099129783
1t
0s
0r
1y
1c
0i
#20099130741
0t
0s
0r
1y
1c
0i
#20099131731
1t
0s
0r
1y
1c
0i
#20099132688
0t
0s
0r
1y
1c
0i
#20099133681
1t
0s
0r
1y
1c
0i
#20099134635
0t
0s
0r
1y
1c
0i
#20099135629
1t
0s
0r
1y
1c
0i
#20099136587
0t
0s
0r
1y
1c
0i
#20099137586
1t
0s
0r
1y
1c
0i
#20099138545
0t
0s
0r
1y
1c
0i
#20099139545
1t
0s
0r
1y
1c
0i
#20099140508
0t
0s
0r
1y
0c
1i
#20099141512
1t
0s
0r
1y
0c
1i
#20099142480
0t
0s
0r
1y
0c
1i
#20099143488
1t
0s
0r
1y
0c
0i
#20099144459
0t
0s
0r
1y
0c
0i
#20099145466
1t
0s
0r
1y
0c
0i
#20099146435
0t
0s
0r
1y
0c
0i
#20099147443
1t
0s
0r
1y
0c
0i
#20099148414
0t
0s
0r
1y
0c
0i
#20099149422
1t
0s
0r
1y
0c
0i
#20099150392
0t
0s
0r
1y
0c
0i
#20099151398
1t
0s
0r
1y
0c
0i
#20099152366
0t
0s
0r
1y
0c
0i
#20099153370
1t
0s
0r
1y
0c
0i
#20099154337
0t
0s
0r
1y
0c
0i
#20099155342
1t
0s
0r
1y
0c
0i
#20099156307
0t
0s
0r
1y
0c
0i
#20099157305
1t
0s
0r
1y
0c
0i
#20099158267
0t
0s
0r
1y
0c
0i
#20099159266
1t
0s
0r
1y
0c
0i
#20099160228
0t
0s
0r
1y
0c
0i
#20099161227
1t
0s
0r
1y
0c
0i
#20099162187
0t
0s
0r
1y
0c
0i
#20099163184
1t
0s
0r
1y
0c
0i
#20099164144
0t
0s
0r
1y
0c
0i
#20099165146
1t
0s
0r
1y
0c
0i
#20099166106
0t
0s
0r
1y
0c
0i
#20099167105
1t
0s
0r
1y
0c
0i
#20099168062
0t
0s
0r
1y
0c
0i
#20099169066
1t
0s
0r
1y
0c
0i
#20099170026
0t
0s
0r
1y
0c
0i
#20099171031
1t
0s
0r
1y
0c
0i
#20099171992
0t
0s
0r
1y
0c
0i
#20099172998
1t
0s
0r
1y
0c
0i
#20099173958
0t
0s
0r
1y
0c
0i
#20099174968
1t
0s
0r
1y
0c
0i
#20099175934
0t
0s
0r
1y
1c
1i
#20099176948
1t
0s
0r
1y
1c
1i
#20099177916
0t
0s
0r
1y
1c
1i
#20099178931
1t
0s
0r
1y
1c
0i
#20099179902
0t
0s
0r
1y
1c
0i
#20099180920
1t
0s
0r
1y
1c
0i
#20099181891
0t
0s
0r
1y
1c
0i
#20099182907
1t
0s
0r
1y
1c
0i
#20099183876
0t
0s
0r
1y
1c
0i
#20099184888
1t
0s
0r
1y
1c
0i
#20099185856
0t
0s
0r
1y
1c
0i
#20099186870
1t
0s
0r
1y
1c
0i
#20099187838
0t
0s
0r
1y
1c
0i
#20099188849
1t
0s
0r
1y
1c
0i
#20099189814
0t
0s
0r
1y
1c
0i
#20099190821
1t
0s
0r
1y
1c
0i
#20099191785
0t
0s
0r
1y
1c
0i
#20099192788
1t
0s
0r
1y
1c
0i
#20099193752
0t
0s
0r
1y
1c
0i
#20099194757
1t
0s
0r
1y
1c
0i
#20099195715
0t
0s
0r
1y
1c
0i
#20099198134
1t
0s
0r
1y
1c
0i
#20099199648
0t
0s
0r
1y
1c
0i
#20099200640
1t
0s
0r
1y
1c
0i
#20099201604
0t
0s
0r
1y
1c
0i
#20099202602
1t
0s
0r
1y
1c
0i
#20099203565
0t
0s
0r
1y
1c
0i
#20099204570
1t
0s
0r
1y
1c
0i
#20099205532
0t
0s
0r
1y
1c
0i
#20099206534
1t
0s
0r
1y
1c
0i
#20099207497
0t
0s
0r
1y
1c
0i
#20099208502
1t
0s
0r
1y
1c
0i
#20099209469
0t
0s
0r
1y
1c
0i
#20099210478
1t
0s
0r
1y
1c
0i
#20099211449
0t
0s
0r
1y
0c
1i
#20099212460
1t
0s
0r
1y
0c
1i
#20099212865
1t
0s
1r
1y
0c
1i
#20099212867
1t
0s
0r
1y
0c
1i
#20099213432
0t
0s
0r
1y
0c
1i
#20099214447
1t
0s
0r
1y
0c
0i
#20099215423
0t
0s
0r
1y
0c
0i
#20099216440
1t
0s
0r
1y
0c
0i
#20099217417
0t
0s
0r
1y
0c
0i
#20099218430
1t
0s
0r
1y
0c
0i
#20099219406
0t
0s
0r
1y
0c
0i
#20099220418
1t
0s
0r
1y
0c
0i
#20099221392
0t
0s
0r
1y
0c
0i
#20099222406
1t
0s
0r
1y
0c
0i
#20099223380
0t
0s
0r
1y
0c
0i
#20099224389
1t
0s
0r
1y
0c
0i
#20099225357
0t
0s
0r
1y
0c
0i
#20099226363
1t
0s
0r
1y
0c
0i
#20099227333
0t
0s
0r
1y
0c
0i
#20099228335
1t
0s
0r
1y
0c
0i
#20099229301
0t
0s
0r
1y
0c
0i
#20099230301
1t
0s
0r
1y
0c
0i
#20099231262
0t
0s
0r
1y
0c
0i
#20099232263
1t
0s
0r
1y
0c
0i
#20099233227
0t
0s
0r
1y
0c
0i
#20099234231
1t
0s
0r
1y
0c
0i
#20099235194
0t
0s
0r
1y
0c
0i
#20099236196
1t
0s
0r
1y
0c
0i
#20099237160
0t
0s
0r
1y
0c
0i
#20099238168
1t
0s
0r
1y
0c
0i
#20099239131
0t
0s
0r
1y
0c
0i
#20099240139
1t
0s
0r
1y
0c
0i
#20099241101
0t
0s
0r
1y
0c
0i
#20099242110
1t
0s
0r
1y
0c
0i
#20099243075
0t
0s
0r
1y
0c
0i
#20099244090
1t
0s
0r
1y
0c
0i
#20099245056
0t
0s
0r
1y
0c
0i
#20099246069
1t
0s
0r
1y
0c
0i
#20099247039
0t
0s
0r
1y
1c
1i
#20099248059
1t
0s
0r
1y
1c
1i
#20099249033
0t
0s
0r
1y
1c
1i
#20099250054
1t
0s
0r
1y
1c
0i
#20099251028
0t
0s
0r
1y
1c
0i
#20099252050
1t
0s
0r
1y
1c
0i
#20099253024
0t
0s
0r
1y
1c
0i
#20099254046
1t
0s
0r
1y
1c
0i
#20099255020
0t
0s
0r
1y
1c
0i
#20099256038
1t
0s
0r
1y
1c
0i
#20099257009
0t
0s
0r
1y
1c
0i
#20099258024
1t
0s
0r
1y
1c
0i
#20099258995
0t
0s
0r
1y
1c
0i
#20099260009
1t
0s
0r
1y
1c
0i
#20099260976
0t
0s
0r
1y
1c
0i
#20099261983
1t
0s
0r
1y
1c
0i
#20099262946
0t
0s
0r
1y
1c
0i
#20099263949
1t
0s
0r
1y
1c
0i
#20099264911
0t
0s
0r
1y
1c
0i
#20099265914
1t
0s
0r
1y
1c
0i
#20099266870
0t
0s
0r
1y
1c
0i
#20099269282
1t
0s
0r
1y
1c
0i
#20099270792
0t
0s
0r
1y
1c
0i
#20099271784
1t
0s
0r
1y
1c
0i
#20099272744
0t
0s
0r
1y
1c
0i
#20099273738
1t
0s
0r
1y
1c
0i
#20099274698
0t
0s
0r
1y
1c
0i
#20099275696
1t
0s
0r
1y
1c
0i
#20099276657
0t
0s
0r
1y
1c
0i
#20099277660
1t
0s
0r
1y
1c
0i
#20099278621
0t
0s
0r
1y
1c
0i
#20099279623
1t
0s
0r
1y
1c
0i
#20099280585
0t
0s
0r
1y
1c
0i
#20099281590
1t
0s
0r
1y
1c
0i
#20099282560
0t
0s
0r
1y
0c
1i
#20099283570
1t
0s
0r
1y
0c
1i
#20099284542
0t
0s
0r
1y
0c
1i
#20099285550
1t
0s
0r
1y
0c
0i
#20099286525
0t
0s
0r
1y
0c
0i
#20099287539
1t
0s
0r
1y
0c
0i
#20099288516
0t
0s
0r
1y
0c
0i
